unit_id,model,taxon,discard_tonnes,sppr,ppr_discards_tC
LME_013,13_2_Northern_Humboldt_Current_(1995-1998),Engraulis ringens,143978.158379361,79.859919,1277564.8962161047
LME_013,13_2_Northern_Humboldt_Current_(1995-1998),Dosidicus gigas,57534.8859455652,702.789811,4492770.17995448
LME_013,13_2_Northern_Humboldt_Current_(1995-1998),Trachurus murphyi,61.103537967,256.972815,1744.6609064265967
LME_013,13_2_Northern_Humboldt_Current_(1995-1998),Marine fishes not identified,5936.1607532551,138.326515,91236.49216417254
LME_013,13_2_Northern_Humboldt_Current_(1995-1998),Scomber japonicus,236.31480714320003,367.102367,9639.080562157471
LME_013,13_2_Northern_Humboldt_Current_(1995-1998),Sarda chiliensis,18.520556210400002,721.561173,1484.8571404209624
LME_013,13_2_Northern_Humboldt_Current_(1995-1998),Merluccius peruanus,133.8085365581,524.223832,7793.958198755475
LME_013,13_2_Northern_Humboldt_Current_(1995-1998),Katsuwonus pelamis,133.1908167232,721.561173,10678.369105291134
LME_013,13_2_Northern_Humboldt_Current_(1995-1998),Coryphaena hippurus,1935.6755710663,721.561173,155189.81506733826
LME_013,13_2_Northern_Humboldt_Current_(1995-1998),Scombridae,422.80878601769996,476.852449,22401.933896806353
LME_013,13_2_Northern_Humboldt_Current_(1995-1998),Ethmidium maculatum,11.767272508200001,55.911353,73.10268078368507
LME_013,13_2_Northern_Humboldt_Current_(1995-1998),Sciaenidae,14.2089153737,126.350743,199.47855718790194
LME_013,13_2_Northern_Humboldt_Current_(1995-1998),Prionace glauca,2805.2263261604003,2800.516289,872898.0023048698
LME_013,13_2_Northern_Humboldt_Current_(1995-1998),Thunnus albacares,415.4716359902,721.561173,33309.80011259086
LME_013,13_2_Northern_Humboldt_Current_(1995-1998),Cynoscion analis,14.6228879999,206.3558,335.2797501699738
LME_013,13_2_Northern_Humboldt_Current_(1995-1998),Elasmobranchii,350.1972595017,1136.362086,44216.765368759465
LME_013,13_2_Northern_Humboldt_Current_(1995-1998),Paralabrax humeralis,10.5612382373,150.446864,176.5450191954081
LME_013,13_2_Northern_Humboldt_Current_(1995-1998),Cilus gilberti,1.9575663677,206.3558,44.88390820664751
LME_013,13_2_Northern_Humboldt_Current_(1995-1998),Grimothea monodon,1555.7808760464,10.0,1728.6454178293332
LME_013,13_2_Northern_Humboldt_Current_(1995-1998),Isurus oxyrinchus,742.642879783,2800.516289,231087.0535269067
LME_013,13_2_Northern_Humboldt_Current_(1995-1998),Isacia conceptionis,1.8864757504,150.446864,31.534928962191866
LME_013,13_2_Northern_Humboldt_Current_(1995-1998),Cervimunida johni,1283.7377339701002,10.0,1426.3752599667778
LME_013,13_2_Northern_Humboldt_Current_(1995-1998),Batoidea,236.7415271822,227.672107,5988.826923107695
LME_013,13_2_Northern_Humboldt_Current_(1995-1998),Marine pelagic fishes not identified,84.63790988299999,373.97742,3516.9630191374263
LME_013,13_2_Northern_Humboldt_Current_(1995-1998),Paralonchurus peruanus,2.1594280062,206.3558,49.512277084645106
LME_013,13_2_Northern_Humboldt_Current_(1995-1998),Sphyrna zygaena,375.2672989283,2800.516289,116771.35370863738
LME_013,13_2_Northern_Humboldt_Current_(1995-1998),Alopias vulpinus,274.88888073939995,2800.516289,85536.75424174088
LME_013,13_2_Northern_Humboldt_Current_(1995-1998),Pleuronectiformes,1.5844049806,734.481858,129.30185710839356
LME_013,13_2_Northern_Humboldt_Current_(1995-1998),Prionotus stephanophrys,37.0436714237,190.408156,783.7130185840679
LME_013,13_2_Northern_Humboldt_Current_(1995-1998),Hippoglossina macrops,498.1226351957,734.481858,40651.337623377105
LME_013,13_2_Northern_Humboldt_Current_(1995-1998),Paralichthyidae,379.3362120135,734.481858,30957.28508959527
LME_013,13_2_Northern_Humboldt_Current_(1995-1998),Thunnus obesus,13.407623165,721.561173,1074.935588675486
LME_013,13_2_Northern_Humboldt_Current_(1995-1998),Pseudobatos planiceps,33.2708139028,227.672107,841.648478095041
LME_013,13_2_Northern_Humboldt_Current_(1995-1998),Carangidae,134.4946483914,207.992101,3108.2027213537285
LME_013,13_2_Northern_Humboldt_Current_(1995-1998),Thunnus alalunga,0.30910553609999997,721.561173,24.782061467678872
LME_013,13_2_Northern_Humboldt_Current_(1995-1998),Isurus,1.7921760393,2800.516289,557.6686878683505
LME_013,13_2_Northern_Humboldt_Current_(1995-1998),Carcharhinus falciformis,0.16209981229999998,2800.516289,50.4403516433325
LME_013,13_2_Northern_Humboldt_Current_(1995-1998),Carcharhinus longimanus,0.0906152784,2800.516289,28.19661813238554
LME_013,13_2_Northern_Humboldt_Current_(1995-1998),Alopias,5.5938e-06,2800.516289,0.0017406142241564667
LME_013,13_2_Northern_Humboldt_Current_(1995-1998),Thunnus orientalis,1.0738e-06,721.561173,8.609026528526668e-05
LME_013,13_2_Northern_Humboldt_Current_(1995-1998),Thunnus maccoyii,9.366e-07,721.561173,7.50904660702e-05
LME_028,28_646_Guinea_(1998),Marine fishes not identified,161920.9824231208,357.274322,6427801.0236438215
LME_028,28_646_Guinea_(1998),Ethmalosa fimbriata,371.4276645649,32.757151,1351.879121525531
LME_028,28_646_Guinea_(1998),Sardinella,1527.3215427423,63.371783,10754.343264210029
LME_028,28_646_Guinea_(1998),Pseudotolithus,32827.7419617789,765.126208,2790818.413824263
LME_028,28_646_Guinea_(1998),Cephalopoda,121969.3777412521,822.926928,11152431.703853352
LME_028,28_646_Guinea_(1998),Brachydeuterus auritus,47639.7076936089,79.510256,420871.7060537792
LME_028,28_646_Guinea_(1998),Engraulis encrasicolus,46653.9856073559,63.371783,328505.1391104979
LME_028,28_646_Guinea_(1998),Trachurus,5925.5774186473,157.970864,104007.62050251153
LME_028,28_646_Guinea_(1998),Galeoides decadactylus,39883.9445225865,579.424754,2567749.4159499253
LME_028,28_646_Guinea_(1998),Sardinella aurita,571.9926993327,63.371783,4027.577468855123
LME_028,28_646_Guinea_(1998),Pseudotolithus elongatus,7189.5015103531,765.126208,611208.4475585266
LME_028,28_646_Guinea_(1998),Chloroscombrus chrysurus,30959.0785577868,1052.557933,3620691.526040966
LME_028,28_646_Guinea_(1998),Sphyraena,33.6385027991,1052.557933,3934.052552826157
LME_028,28_646_Guinea_(1998),Trichiurus lepturus,34621.5484293506,834.792702,3211312.884529049
LME_028,28_646_Guinea_(1998),Sardinella maderensis,207.8842758177,63.371783,1463.777468470159
LME_028,28_646_Guinea_(1998),Polydactylus quadrifilis,89.702509162,1068.453682,10649.219577641961
LME_028,28_646_Guinea_(1998),Carangidae,1143.4634907183001,685.117958,87045.26353427487
LME_028,28_646_Guinea_(1998),Sepia,32919.5149662189,822.926928,3010039.480266727
LME_028,28_646_Guinea_(1998),Sciaenidae,592.3829974436,763.75621,50270.688110662624
LME_028,28_646_Guinea_(1998),Mugilidae,36.4882303808,161.365334,654.2150536074154
LME_028,28_646_Guinea_(1998),Penaeidae,1124.1753557745,79.64922,9948.854470073491
LME_028,28_646_Guinea_(1998),Cynoglossus monodi,24974.1939516456,170.837609,474059.06460015505
LME_028,28_646_Guinea_(1998),Caranx crysos,22806.3146626928,1052.557933,2667218.6023012805
LME_028,28_646_Guinea_(1998),Cynoglossus,7966.948695353601,170.837609,151228.27401554203
LME_028,28_646_Guinea_(1998),Balistidae,20982.9490787478,172.485056,402138.34965477354
LME_028,28_646_Guinea_(1998),Pteroscion peli,20226.622246137398,545.757696,1226537.1949904768
LME_028,28_646_Guinea_(1998),Scombridae,2510.9011328597,1573.799506,439072.77361215954
LME_028,28_646_Guinea_(1998),Ilisha africana,689.2606281264001,63.371783,4853.297217341103
LME_028,28_646_Guinea_(1998),Scyris alexandrina,840.7396903918,1052.557933,98325.24785665033
LME_028,28_646_Guinea_(1998),Sarda sarda,13032.843893059598,1395.634937,2021010.251735674
LME_028,28_646_Guinea_(1998),Trachurus trecae,0.023429484,157.970864,0.411241758950464
LME_028,28_646_Guinea_(1998),Lutjanidae,1117.8671373315,834.792702,103687.48089444089
LME_028,28_646_Guinea_(1998),Sparidae,1111.9075180701,343.374372,42422.28285993324
LME_028,28_646_Guinea_(1998),Dasyatidae,1302.8870344862,1153.061509,166923.21000457698
LME_028,28_646_Guinea_(1998),Dentex,23.3538010375,836.222704,2169.8865169173614
LME_028,28_646_Guinea_(1998),Polynemidae,308.5518821908,716.992994,24581.059757368548
LME_028,28_646_Guinea_(1998),Balistes,13186.4691460613,172.485056,252718.76323340615
LME_028,28_646_Guinea_(1998),Sphyraenidae,131.3195723401,1052.557933,15357.93973608218
LME_028,28_646_Guinea_(1998),Caranx hippos,0.0510963977,1052.557933,5.975768749650884
LME_028,28_646_Guinea_(1998),Engraulidae,1684.5666465071,63.371783,11861.554663498404
LME_028,28_646_Guinea_(1998),Clupeidae,1658.3014453626,51.162121,9426.91324467958
LME_028,28_646_Guinea_(1998),Acanthurus,9253.4075599516,20.76151,21346.079287778975
LME_028,28_646_Guinea_(1998),Lutjanus,395.2289324669,834.792702,36659.35871584655
LME_028,28_646_Guinea_(1998),Perciformes,1838.0693058019,354.067847,72311.24908245148
LME_028,28_646_Guinea_(1998),Pomadasys,1438.7866485593,170.837609,27310.98565566601
LME_028,28_646_Guinea_(1998),Carlarius heudelotii,131.743297457,446.273553,6532.616604452362
LME_028,28_646_Guinea_(1998),Pseudotolithus senegalensis,5015.897561004,765.126208,426421.63117415993
LME_028,28_646_Guinea_(1998),Pleuronectiformes,17.7085516349,384.827341,757.1927598466411
LME_028,28_646_Guinea_(1998),Pagellus bellottii,0.0997845552,172.485056,1.9123716212896769
LME_028,28_646_Guinea_(1998),Pagrus,3.7647722326,702.92427,294.0388637018472
LME_028,28_646_Guinea_(1998),Mullidae,66.9700439711,172.485056,1283.481309408627
LME_028,28_646_Guinea_(1998),Selene dorsalis,236.0856286397,1052.557933,27610.422365778693
LME_028,28_646_Guinea_(1998),Acanthocybium solandri,5075.069599092,1395.634937,786993.8266888199
LME_028,28_646_Guinea_(1998),Gastropoda,871.7577518641,14.225293,1377.8899383653466
LME_028,28_646_Guinea_(1998),Drepane africana,227.9413802652,207.066169,5244.32759645413
LME_028,28_646_Guinea_(1998),Scombroidei,302.7469222068,1433.367235,48216.39097648011
LME_028,28_646_Guinea_(1998),Sepiidae,95.7338243935,822.926928,8753.549112648268
LME_028,28_646_Guinea_(1998),Miscellaneous marine crustaceans,673.1298689988,79.64922,5957.141002717401
LME_028,28_646_Guinea_(1998),Pseudupeneus prayensis,371.8456334462,172.485056,7126.423878702586
LME_028,28_646_Guinea_(1998),Epinephelus aeneus,0.0288362881,702.92427,2.2521918624669097
LME_028,28_646_Guinea_(1998),Auxis thazard,312.1696346731,1395.634937,48408.31649114499
LME_028,28_646_Guinea_(1998),Pomadasys jubelini,0.0205973486,170.837609,0.390977976284833
LME_028,28_646_Guinea_(1998),Octopus,961.5707830583,822.926928,87922.4989507468
LME_028,28_646_Guinea_(1998),Pseudotolithus typus,135.06776379849998,765.126208,11482.653993131775
LME_028,28_646_Guinea_(1998),Chondrichthyes,117.0689954802,2769.459489,36024.20448892644
LME_028,28_646_Guinea_(1998),Rajiformes,123.2585070482,2943.265798,40309.17201194544
LME_028,28_646_Guinea_(1998),Carcharhinidae,144.22605048,2781.823109,44579.040016118284
LME_028,28_646_Guinea_(1998),Nematocarcinus africanus,1830.7704921096,79.64922,16202.160188393978
LME_028,28_646_Guinea_(1998),Soleidae,210.6430319637,122.16173,2859.168577458988
LME_028,28_646_Guinea_(1998),Lethrinus atlanticus,0.1082879741,170.837609,2.055517619855325
LME_028,28_646_Guinea_(1998),Sepia officinalis,599.2037921304,822.926928,54788.99287820229
LME_028,28_646_Guinea_(1998),Lutjanus agennes,42.4715508679,834.792702,3939.4378563494092
LME_028,28_646_Guinea_(1998),Lobotes surinamensis,1251.9005496996,834.792702,116119.71583544606
LME_028,28_646_Guinea_(1998),Umbrina canariensis,62.1946914261,128.142544,885.5317758483824
LME_028,28_646_Guinea_(1998),Teuthida,0.1501616675,822.926928,13.730231082125828
LME_028,28_646_Guinea_(1998),Raja,14.3075078088,2943.265798,4678.97759869544
LME_028,28_646_Guinea_(1998),Trichiuridae,46.9442552514,834.792702,4354.302409410433
LME_028,28_646_Guinea_(1998),Abudefduf saxatilis,671.1228630748,79.510256,5929.01673894781
LME_028,28_646_Guinea_(1998),Triglidae,406.1523320776,223.303228,10077.236312517336
LME_028,28_646_Guinea_(1998),Pagellus,3.7801458517,172.485056,72.44651876873802
LME_028,28_646_Guinea_(1998),Serranidae,72.3101326918,865.196085,6951.382634530653
LME_028,28_646_Guinea_(1998),Tetraodontidae,367.2931744609,833.910739,34032.191393816116
LME_028,28_646_Guinea_(1998),Palinuridae,0.1716169041,79.64922,1.5187947278199778
LME_028,28_646_Guinea_(1998),Calappa rubroguttata,199.99274594500002,79.64922,1769.9184689086017
LME_028,28_646_Guinea_(1998),Callinectes pallidus,192.9277980149,79.64922,1707.3942920227037
LME_028,28_646_Guinea_(1998),Decapoda,35.1835298891,79.64922,311.3711902792779
LME_028,28_646_Guinea_(1998),Dasyatis pastinaca,102.6750098071,1208.786277,13790.238093962544
LME_028,28_646_Guinea_(1998),Sphyraena afra,1.7782536427999998,1052.557933,207.96833095725424
LME_028,28_646_Guinea_(1998),Pagrus africanus,14.1621605807,702.92427,1106.102931979036
LME_028,28_646_Guinea_(1998),Priacanthus,9.4797787219,865.196085,911.3186040949095
LME_028,28_646_Guinea_(1998),Bathysaurus ferox,53.3391286201,1106.358887,6556.913219298188
LME_028,28_646_Guinea_(1998),Pontinus kuhlii,44.3045901476,1106.358887,5446.308560521101
LME_028,28_646_Guinea_(1998),Panulirus,7.0794452915,79.64922,62.652477277849734
LME_028,28_646_Guinea_(1998),Bothidae,37.2660422135,170.878471,707.5515904071484
LME_028,28_646_Guinea_(1998),Stomias affinis,31.0793950893,534.286597,1845.0338043422898
LME_028,28_646_Guinea_(1998),Torpedinidae,26.6781271931,2769.679101,8209.983482283207
LME_028,28_646_Guinea_(1998),Maja squinado,8.852936660800001,79.64922,78.3477221935694
LME_028,28_646_Guinea_(1998),Solenocera africana,3.0165122215,79.64922,26.695871729215803
LME_032,32_1_Arabian_Sea_off_Karnataka_(2000),Sardinella longiceps,4542.2205547802,88.561632,44696.273915031095
LME_032,32_1_Arabian_Sea_off_Karnataka_(2000),Marine fishes not identified,65329.3472413015,394.801881,2865794.352818666
LME_032,32_1_Arabian_Sea_off_Karnataka_(2000),Rastrelliger kanagurta,16859.824932099298,10.0,18733.138813443664
LME_032,32_1_Arabian_Sea_off_Karnataka_(2000),Katsuwonus pelamis,0.0108257595,1377.951482,1.6574857052000642
LME_032,32_1_Arabian_Sea_off_Karnataka_(2000),Decapoda,1450.7579786956,99.467015,16033.618403142771
LME_032,32_1_Arabian_Sea_off_Karnataka_(2000),Nemipteridae,11276.064841215699,47.875255,59982.719963304015
LME_032,32_1_Arabian_Sea_off_Karnataka_(2000),Clupeiformes,2877.5202900234003,135.02272,43170.06849046093
LME_032,32_1_Arabian_Sea_off_Karnataka_(2000),Penaeidae,62.4386400632,102.724644,712.6652302595953
LME_032,32_1_Arabian_Sea_off_Karnataka_(2000),Carangidae,6916.9584681874,926.810474,712301.0618376754
LME_032,32_1_Arabian_Sea_off_Karnataka_(2000),Sciaenidae,6673.7809141354,153.506319,113829.72688237559
LME_032,32_1_Arabian_Sea_off_Karnataka_(2000),Perciformes,9917.9887486289,394.801881,435071.17929950287
LME_032,32_1_Arabian_Sea_off_Karnataka_(2000),Clupeidae,2743.5911364961,88.561632,26997.434287647706
LME_032,32_1_Arabian_Sea_off_Karnataka_(2000),Harpadon nehereus,6784.662247854701,1113.102078,839113.5162905797
LME_032,32_1_Arabian_Sea_off_Karnataka_(2000),Decapterus,6625.235380738301,735.919846,541738.0223451868
LME_032,32_1_Arabian_Sea_off_Karnataka_(2000),Bivalvia,15.6089976033,19.947374,34.59539032868097
LME_032,32_1_Arabian_Sea_off_Karnataka_(2000),Sepiidae,49.7337647023,1254.312676,6931.299054588473
LME_032,32_1_Arabian_Sea_off_Karnataka_(2000),Synodontidae,4369.1664279277,1113.102078,540369.8033393511
LME_032,32_1_Arabian_Sea_off_Karnataka_(2000),Carcharhinidae,2801.6950208619,2569.28922,799818.3127586839
LME_032,32_1_Arabian_Sea_off_Karnataka_(2000),Serranidae,3875.9301379724,1113.102078,479367.32119554497
LME_032,32_1_Arabian_Sea_off_Karnataka_(2000),Siluriformes,2569.5120037371,1254.175837,358068.8742187249
LME_032,32_1_Arabian_Sea_off_Karnataka_(2000),Stolephorus,3494.653349843,306.237713,118910.51662041213
LME_032,32_1_Arabian_Sea_off_Karnataka_(2000),Elasmobranchii,4394.4251851306,1946.568502,950449.9610856383
LME_032,32_1_Arabian_Sea_off_Karnataka_(2000),Soleidae,2478.0709857484,34.853983,9596.738223340886
LME_032,32_1_Arabian_Sea_off_Karnataka_(2000),Sphyraena,1339.637901626,1182.417917,176001.317463874
LME_032,32_1_Arabian_Sea_off_Karnataka_(2000),Netuma thalassina,14515.0464902074,1254.298198,2022910.7396170406
LME_032,32_1_Arabian_Sea_off_Karnataka_(2000),Ariidae,164.1178187313,1254.298198,22872.520477151134
LME_032,32_1_Arabian_Sea_off_Karnataka_(2000),Thryssa,2070.1832718276,88.561632,20370.978788016873
LME_032,32_1_Arabian_Sea_off_Karnataka_(2000),Coryphaena hippurus,333.8441096999,1182.417917,43860.36186600836
LME_032,32_1_Arabian_Sea_off_Karnataka_(2000),Engraulidae,1793.7860293121,189.812746,37831.49466224069
LME_032,32_1_Arabian_Sea_off_Karnataka_(2000),Sphyraena barracuda,291.5081553353,1182.417917,38298.27398000865
LME_032,32_1_Arabian_Sea_off_Karnataka_(2000),Scombridae,877.5454015827,707.190621,68954.65305566267
LME_032,32_1_Arabian_Sea_off_Karnataka_(2000),Parastromateus niger,42.5591321264,153.506319,725.8995236175896
LME_032,32_1_Arabian_Sea_off_Karnataka_(2000),Mugilidae,137.5935170351,34.853983,532.8535670723984
LME_032,32_1_Arabian_Sea_off_Karnataka_(2000),Chirocentrus,611.003678432,1254.298198,85153.42364762544
LME_032,32_1_Arabian_Sea_off_Karnataka_(2000),Lethrinidae,820.2690393671,153.506319,13990.720091434401
LME_032,32_1_Arabian_Sea_off_Karnataka_(2000),Otolithes ruber,434.9321633719,153.506319,7418.315045991888
LME_032,32_1_Arabian_Sea_off_Karnataka_(2000),Nemipterus japonicus,84.1009834545,47.875255,447.37289207055204
LME_032,32_1_Arabian_Sea_off_Karnataka_(2000),Sardinella sindensis,65.4168102761,88.561632,643.7132753650874
LME_032,32_1_Arabian_Sea_off_Karnataka_(2000),Sparidae,256.4512095421,153.506319,4374.097908878382
LME_032,32_1_Arabian_Sea_off_Karnataka_(2000),Leiognathidae,1966.7437797163002,47.875255,10462.039997064634
LME_032,32_1_Arabian_Sea_off_Karnataka_(2000),Mullidae,386.2665429384,47.875255,2054.73436012715
LME_032,32_1_Arabian_Sea_off_Karnataka_(2000),Batoidea,556.9487925214,378.025577,23393.43207248395
LME_032,32_1_Arabian_Sea_off_Karnataka_(2000),Nematalosa nasus,655.2391943655,88.561632,6447.672489263765
LME_032,32_1_Arabian_Sea_off_Karnataka_(2000),Scomberoides lysan,159.46442494020002,1254.298198,22223.993427511014
LME_032,32_1_Arabian_Sea_off_Karnataka_(2000),Sardinella gibbosa,29.9299740954,88.561632,294.5163724007053
LME_032,32_1_Arabian_Sea_off_Karnataka_(2000),Saurida tumbil,55.8053080184,1113.102078,6901.889368745677
LME_032,32_1_Arabian_Sea_off_Karnataka_(2000),Platycaranx chrysophrys,403.1033513016,1254.298198,56179.08968281754
LME_032,32_1_Arabian_Sea_off_Karnataka_(2000),Lactarius lactarius,574.4767874637,47.875255,3055.9136323783828
LME_032,32_1_Arabian_Sea_off_Karnataka_(2000),Tenualosa ilisha,163.4130421716,88.561632,1608.0139672001912
LME_032,32_1_Arabian_Sea_off_Karnataka_(2000),Myliobatidae,3.7058519741,378.025577,155.65631453174905
LME_032,32_1_Arabian_Sea_off_Karnataka_(2000),Lutjanidae,515.820523538,1113.102078,63795.65518057729
LME_032,32_1_Arabian_Sea_off_Karnataka_(2000),Haemulidae,421.8874558987,153.506319,7195.821154142697
LME_032,32_1_Arabian_Sea_off_Karnataka_(2000),Polynemidae,370.8514052734,153.506319,6325.337124388536
LME_032,32_1_Arabian_Sea_off_Karnataka_(2000),Trichiuridae,110.3276643806,1254.298198,15375.976735792818
LME_032,32_1_Arabian_Sea_off_Karnataka_(2000),Sphyraenidae,110.542842408,1182.417917,14523.09305103629
LME_032,32_1_Arabian_Sea_off_Karnataka_(2000),Chondrichthyes,2567.561305405,1946.568502,555325.9960061528
LME_032,32_1_Arabian_Sea_off_Karnataka_(2000),Hemiramphus,365.169141107,735.919846,29859.468676379518
LME_032,32_1_Arabian_Sea_off_Karnataka_(2000),Mugil cephalus,240.0435193002,34.853983,929.6080823277048
LME_032,32_1_Arabian_Sea_off_Karnataka_(2000),Sillago sihama,138.0823527749,47.875255,734.5253166775883
LME_032,32_1_Arabian_Sea_off_Karnataka_(2000),Scolopsis taeniata,1637.0065764018,47.875255,8708.011920212573
LME_032,32_1_Arabian_Sea_off_Karnataka_(2000),Palinuridae,6.5390353429,75.373862,54.76359417209637
LME_032,32_1_Arabian_Sea_off_Karnataka_(2000),Upeneus vittatus,183.80767975319998,47.875255,977.7599487936428
LME_032,32_1_Arabian_Sea_off_Karnataka_(2000),Gastropoda,101.85916586760001,19.947374,225.75809743211687
LME_032,32_1_Arabian_Sea_off_Karnataka_(2000),Gerres oyena,1611.6891689012,47.875255,8573.336660209225
LME_032,32_1_Arabian_Sea_off_Karnataka_(2000),Rhinobatidae,906.0650784725,378.025577,38057.308232124116
LME_032,32_1_Arabian_Sea_off_Karnataka_(2000),Terapon jarbua,167.52872128450002,47.875255,891.1644723688185
LME_032,32_1_Arabian_Sea_off_Karnataka_(2000),Upeneus sulphureus,1620.1136595667,47.875255,8618.150508970995
LME_032,32_1_Arabian_Sea_off_Karnataka_(2000),Carcharhinus melanopterus,653.6051292958,2569.28922,186588.9569818228
LME_032,32_1_Arabian_Sea_off_Karnataka_(2000),Glaucostegus granulatus,144.29026889669998,378.025577,6060.601350573352
LME_032,32_1_Arabian_Sea_off_Karnataka_(2000),Pelates quadrilineatus,1612.035315997,47.875255,8575.17798026244
LME_032,32_1_Arabian_Sea_off_Karnataka_(2000),Lamnidae,504.61563372060004,2569.28922,144055.94532908956
LME_032,32_1_Arabian_Sea_off_Karnataka_(2000),Sphyrnidae,500.0102616465,2569.28922,142741.219459748
LME_032,32_1_Arabian_Sea_off_Karnataka_(2000),Alopias vulpinus,384.80370846339997,2569.28922,109852.44666344849
LME_032,32_1_Arabian_Sea_off_Karnataka_(2000),Gerreidae,103.80398532019998,47.875255,552.1824741356479
LME_032,32_1_Arabian_Sea_off_Karnataka_(2000),Himantura uarnak,183.230459922,378.025577,7696.200037332158
LME_032,32_1_Arabian_Sea_off_Karnataka_(2000),Carcharhinus amblyrhynchos,256.654072431,2569.28922,73268.72684067416
LME_032,32_1_Arabian_Sea_off_Karnataka_(2000),Lethrinus borbonicus,24.546431639799998,153.506319,418.6702628456479
LME_032,32_1_Arabian_Sea_off_Karnataka_(2000),Sarda orientalis,0.0387995603,1182.417917,5.097477252271322
LME_032,32_1_Arabian_Sea_off_Karnataka_(2000),Platycaranx malabaricus,13.9874498266,735.919846,1143.7379913693555
LME_032,32_1_Arabian_Sea_off_Karnataka_(2000),Tetraodontidae,42.5911856718,47.875255,226.56265275441902
LME_032,32_1_Arabian_Sea_off_Karnataka_(2000),Pleuronectiformes,18.872764828399998,55.43442,116.24453022875039
LME_032,32_1_Arabian_Sea_off_Karnataka_(2000),Terapon,149.0859498473,47.875255,793.0586517618553
LME_032,32_1_Arabian_Sea_off_Karnataka_(2000),Gerres,18.9944886314,47.875255,101.04066520254179
LME_032,32_1_Arabian_Sea_off_Karnataka_(2000),Bregmaceros mcclellandi,3.8362600156,306.237713,130.53416596118757
LME_032,32_1_Arabian_Sea_off_Karnataka_(2000),Nemipterus,14.3773874267,47.875255,76.48012103189515
LME_032,32_1_Arabian_Sea_off_Karnataka_(2000),Lethrinus microdon,24.5422425669,153.506319,418.5988129388811
LME_032,32_1_Arabian_Sea_off_Karnataka_(2000),Penaeus,9.9642832794,102.724644,113.73082806572417
LME_032,32_1_Arabian_Sea_off_Karnataka_(2000),Platycephalidae,65.1147507268,153.506319,1110.6139662970713
LME_032,32_1_Arabian_Sea_off_Karnataka_(2000),Rachycentridae,6.8658804953,1182.417917,902.0377904026171
LME_032,32_1_Arabian_Sea_off_Karnataka_(2000),Hilsa kelee,79.90453335929999,88.561632,786.2750976108944
LME_032,32_1_Arabian_Sea_off_Karnataka_(2000),Terapontidae,43.8222651731,47.875255,233.11134664886464
LME_032,32_1_Arabian_Sea_off_Karnataka_(2000),Haliotidae,0.3659842733,19.947374,0.8111583530703682
LME_032,32_1_Arabian_Sea_off_Karnataka_(2000),Stromateidae,1.1370114854,153.506319,19.393160864941805
LME_032,32_1_Arabian_Sea_off_Karnataka_(2000),Lepturacanthus savala,0.1588787035,1254.298198,22.142363500069585
LME_032,32_1_Arabian_Sea_off_Karnataka_(2000),Trichiurus,0.0355918135,1254.298198,4.960305281844675
LME_034,34_1_Bay_of_Bengal_(1978),Marine fishes not identified,71047.0993264272,624.960598,4933515.297912149
LME_034,34_1_Bay_of_Bengal_(1978),Tenualosa ilisha,6076.0806754711,19.832171,13389.096773970929
LME_034,34_1_Bay_of_Bengal_(1978),Rastrelliger,142.6574708906,120.78179,1914.4916323377292
LME_034,34_1_Bay_of_Bengal_(1978),Clupeiformes,11231.9520070883,140.109476,174855.87890781002
LME_034,34_1_Bay_of_Bengal_(1978),Carangidae,7907.532637571299,1047.559324,920401.0604802364
LME_034,34_1_Bay_of_Bengal_(1978),Leiognathidae,22205.406594152497,195.237034,481701.96913404175
LME_034,34_1_Bay_of_Bengal_(1978),Clupeidae,7537.9246611927,140.109476,117348.29715635408
LME_034,34_1_Bay_of_Bengal_(1978),Sciaenidae,10318.2558386797,942.008432,1079987.1115077233
LME_034,34_1_Bay_of_Bengal_(1978),Rastrelliger kanagurta,7122.4959693957,120.78179,95585.31249459977
LME_034,34_1_Bay_of_Bengal_(1978),Harpadon nehereus,3031.7143875374004,942.008432,317322.2796084385
LME_034,34_1_Bay_of_Bengal_(1978),Decapterus,2794.8588144053,1047.559324,325308.9344770953
LME_034,34_1_Bay_of_Bengal_(1978),Penaeidae,3456.5742941516,87.346446,33546.608881011205
LME_034,34_1_Bay_of_Bengal_(1978),Nemipteridae,4167.0287603644,735.917019,340731.93149051495
LME_034,34_1_Bay_of_Bengal_(1978),Engraulidae,4114.1343119066005,140.109476,64047.68918165049
LME_034,34_1_Bay_of_Bengal_(1978),Stolephorus,2554.6084539421,140.109476,39769.42798522198
LME_034,34_1_Bay_of_Bengal_(1978),Sardinella longiceps,1702.4237286481,140.109476,26502.85517231683
LME_034,34_1_Bay_of_Bengal_(1978),Pampus argenteus,1340.3281146338002,195.237034,29075.742854212793
LME_034,34_1_Bay_of_Bengal_(1978),Ariidae,4043.8681787386,434.537025,195245.60532013772
LME_034,34_1_Bay_of_Bengal_(1978),Decapoda,3026.2488675903,87.346446,29370.23147728192
LME_034,34_1_Bay_of_Bengal_(1978),Anguilliformes,577.5655805066999,1671.644897,107276.0617040964
LME_034,34_1_Bay_of_Bengal_(1978),Megalaspis cordyla,19.6401356343,1047.559324,2286.0230231484024
LME_034,34_1_Bay_of_Bengal_(1978),Elasmobranchii,2971.5620646925995,1380.156554,455691.2065781403
LME_034,34_1_Bay_of_Bengal_(1978),Scombridae,1831.4023834924,817.831285,166419.79607151693
LME_034,34_1_Bay_of_Bengal_(1978),Synodontidae,4593.8660958401,942.008432,480828.95530669927
LME_034,34_1_Bay_of_Bengal_(1978),Cephalopoda,2305.6924141049,990.119511,253656.7828411059
LME_034,34_1_Bay_of_Bengal_(1978),Saurida,0.09285927699999999,942.008432,9.719357991491517
LME_034,34_1_Bay_of_Bengal_(1978),Sphyraena,2235.077316833,1671.644897,415139.5101204819
LME_034,34_1_Bay_of_Bengal_(1978),Miscellaneous marine crustaceans,1093.3592826924,87.346446,10611.227504921162
LME_034,34_1_Bay_of_Bengal_(1978),Perciformes,3427.6689909842,624.960598,238017.56248350468
LME_034,34_1_Bay_of_Bengal_(1978),Katsuwonus pelamis,18.4031530373,3650.332839,7464.1815414665325
LME_034,34_1_Bay_of_Bengal_(1978),Siluriformes,2065.3181860818,434.537025,99717.46891759797
LME_034,34_1_Bay_of_Bengal_(1978),Nemipterus,172.1418418666,735.917019,14075.790123515297
LME_034,34_1_Bay_of_Bengal_(1978),Chirocentrus,1275.9534782962,1671.644897,236993.457867027
LME_034,34_1_Bay_of_Bengal_(1978),Thryssa,1277.9915094834,140.109476,19895.41341401869
LME_034,34_1_Bay_of_Bengal_(1978),Parastromateus niger,688.3755468411999,1047.559324,80123.80250078865
LME_034,34_1_Bay_of_Bengal_(1978),Sepia,545.4697395114,990.119511,60008.914638924965
LME_034,34_1_Bay_of_Bengal_(1978),Selaroides leptolepis,2949.4451728458,195.237034,63982.32527689236
LME_034,34_1_Bay_of_Bengal_(1978),Mullidae,1250.8405611947,195.237034,27134.489019394303
LME_034,34_1_Bay_of_Bengal_(1978),Trichiuridae,1180.1636441580001,1671.644897,219201.61482018273
LME_034,34_1_Bay_of_Bengal_(1978),Rastrelliger brachysoma,14.0351631172,120.78179,188.35468047082176
LME_034,34_1_Bay_of_Bengal_(1978),Polynemidae,4644.536922991,497.781419,256884.908902706
LME_034,34_1_Bay_of_Bengal_(1978),Bivalvia,41.0229591494,43.212782,196.9684656353253
LME_034,34_1_Bay_of_Bengal_(1978),Portunidae,1639.6170086457998,87.346446,15912.746500706875
LME_034,34_1_Bay_of_Bengal_(1978),Dendrobranchiata,1474.2475866509,87.346446,14307.809690892573
LME_034,34_1_Bay_of_Bengal_(1978),Euthynnus affinis,41.0674106489,2151.411916,9816.990736589862
LME_034,34_1_Bay_of_Bengal_(1978),Mugilidae,1478.0969718838,195.237034,32064.36319499717
LME_034,34_1_Bay_of_Bengal_(1978),Apogonidae,830.7716765153,195.237034,18021.93311711718
LME_034,34_1_Bay_of_Bengal_(1978),Lutjanidae,1039.961745616,942.008432,108850.30370307899
LME_034,34_1_Bay_of_Bengal_(1978),Scomberomorus,1205.3563672594,2151.411916,288135.3390609273
LME_034,34_1_Bay_of_Bengal_(1978),Serranidae,784.7115949857,942.008432,82133.88212941092
LME_034,34_1_Bay_of_Bengal_(1978),Saurida tumbil,684.3813745794,942.008432,71632.5583952828
LME_034,34_1_Bay_of_Bengal_(1978),Priacanthus,131.91776376849998,735.917019,10786.7252739623
LME_034,34_1_Bay_of_Bengal_(1978),Trichiurus,1557.7223873747998,1671.644897,289328.742199749
LME_034,34_1_Bay_of_Bengal_(1978),Batoidea,968.9596468719,1214.104792,130713.17228020019
LME_034,34_1_Bay_of_Bengal_(1978),Lethrinidae,827.1996252281,942.008432,86581.0024346789
LME_034,34_1_Bay_of_Bengal_(1978),Leiognathus,1911.2733872711,195.237034,41461.26081043811
LME_034,34_1_Bay_of_Bengal_(1978),Alepes,9.2855909478,1047.559324,1080.8008195797654
LME_034,34_1_Bay_of_Bengal_(1978),Pomadasys,236.6569951444,735.917019,19351.101154684926
LME_034,34_1_Bay_of_Bengal_(1978),Tegillarca granosa,1788.8008093526998,43.212782,8588.78437955353
LME_034,34_1_Bay_of_Bengal_(1978),Platycephalidae,671.730412626,1671.644897,124766.07960288413
LME_034,34_1_Bay_of_Bengal_(1978),Trichiurus lepturus,415.33244883379996,1671.644897,77143.15207239281
LME_034,34_1_Bay_of_Bengal_(1978),Sphyraenidae,519.9930496096999,1671.644897,96582.6364283914
LME_034,34_1_Bay_of_Bengal_(1978),Upeneus,282.5535306273,195.237034,6129.434807322468
LME_034,34_1_Bay_of_Bengal_(1978),Netuma thalassina,914.4873251056999,485.961749,49378.42888296639
LME_034,34_1_Bay_of_Bengal_(1978),Lactarius lactarius,166.90540357769999,140.109476,2598.336515204452
LME_034,34_1_Bay_of_Bengal_(1978),Auxis,71.6287240789,2151.411916,17122.543390135732
LME_034,34_1_Bay_of_Bengal_(1978),Soleidae,810.9415154701001,427.369702,38507.98153398723
LME_034,34_1_Bay_of_Bengal_(1978),Monacanthidae,401.66460601420005,195.237034,8713.311815665664
LME_034,34_1_Bay_of_Bengal_(1978),Cynoglossus cynoglossus,2020.9891990388,195.237034,43841.32632959678
LME_034,34_1_Bay_of_Bengal_(1978),Upeneus vittatus,360.2549248524,195.237034,7815.011445786162
LME_034,34_1_Bay_of_Bengal_(1978),Mollusca,114.401279149,43.212782,549.288615154098
LME_034,34_1_Bay_of_Bengal_(1978),Thunnus tonggol,8.0108607601,2151.411916,1914.962366299551
LME_034,34_1_Bay_of_Bengal_(1978),Cephalopholis boenak,717.0659427731,942.008432,75053.57382136551
LME_034,34_1_Bay_of_Bengal_(1978),Octopus,4.6777221316,990.119511,514.6115499481855
LME_034,34_1_Bay_of_Bengal_(1978),Cynoglossus,78.5801003513,195.237034,1704.6384137789078
LME_034,34_1_Bay_of_Bengal_(1978),Terapon,181.5081607686,735.917019,14841.66051077787
LME_034,34_1_Bay_of_Bengal_(1978),Carcharhinus,2600.3153480872,1380.156554,398760.25223659334
LME_034,34_1_Bay_of_Bengal_(1978),Psettodidae,582.8576050032,735.917019,47659.425686159375
LME_034,34_1_Bay_of_Bengal_(1978),Istiophoridae,1.8002161065,3650.332839,730.1542189837413
LME_034,34_1_Bay_of_Bengal_(1978),Chirocentrus dorab,614.4051314220001,1671.644897,114118.57807024452
LME_034,34_1_Bay_of_Bengal_(1978),Plotosidae,195.588638406,1671.644897,36328.30547806312
LME_034,34_1_Bay_of_Bengal_(1978),Xiphias gladius,0.2735522875,3650.332839,110.95076647164657
LME_034,34_1_Bay_of_Bengal_(1978),Tetraodontidae,152.47434273070002,252.303891,4274.429994291464
LME_034,34_1_Bay_of_Bengal_(1978),Thunnus,17.3030247606,3650.332839,7017.977721960921
LME_034,34_1_Bay_of_Bengal_(1978),Hemiramphus,349.7506052444,140.109476,5444.819336830637
LME_034,34_1_Bay_of_Bengal_(1978),Nemipterus hexodon,722.316150872,735.917019,59062.749836141826
LME_034,34_1_Bay_of_Bengal_(1978),Epinephelus,8.4172483594,942.008432,881.0132143103297
LME_034,34_1_Bay_of_Bengal_(1978),Psettodes erumei,197.9735684833,735.917019,16188.013151002498
LME_034,34_1_Bay_of_Bengal_(1978),Haemulidae,2228.8725307085,735.917019,182251.69205888725
LME_034,34_1_Bay_of_Bengal_(1978),Chondrichthyes,1220.4585143438,1380.156554,187158.20193963317
LME_034,34_1_Bay_of_Bengal_(1978),Caranx,247.8850878307,1047.559324,28852.70389306764
LME_034,34_1_Bay_of_Bengal_(1978),Nemipterus japonicus,105.4562637658,735.917019,8623.006585045026
LME_034,34_1_Bay_of_Bengal_(1978),Gobiidae,99.1107183579,427.369702,4706.324241069073
LME_034,34_1_Bay_of_Bengal_(1978),Ilisha elongata,72.2724204244,19.832171,159.25766671562147
LME_034,34_1_Bay_of_Bengal_(1978),Bothidae,89.81339129530001,195.237034,1948.3222366639768
LME_034,34_1_Bay_of_Bengal_(1978),Palinuridae,106.4559469011,87.346446,1033.1720685973112
LME_034,34_1_Bay_of_Bengal_(1978),Anchoviella,12.359224340799999,140.109476,192.40493846177037
LME_034,34_1_Bay_of_Bengal_(1978),Caesio cuning,407.83058101890003,195.237034,8847.070334736305
LME_034,34_1_Bay_of_Bengal_(1978),Sparidae,1840.2659137953,195.237034,39920.89542007712
LME_034,34_1_Bay_of_Bengal_(1978),Gastropoda,99.615683314,43.212782,478.29675631432434
LME_034,34_1_Bay_of_Bengal_(1978),Scorpaenidae,45.8388401517,735.917019,3748.1758443173967
LME_034,34_1_Bay_of_Bengal_(1978),Gerreidae,35.5445738994,195.237034,771.0685758791856
LME_034,34_1_Bay_of_Bengal_(1978),Muraenesox cinereus,9.3541858164,1671.644897,1737.4307761749817
LME_034,34_1_Bay_of_Bengal_(1978),Siganus canaliculatus,86.3787713567,195.237034,1873.8150133606957
LME_034,34_1_Bay_of_Bengal_(1978),Dussumieria elopsoides,14.972379218,140.109476,233.08580074525221
LME_034,34_1_Bay_of_Bengal_(1978),Gazza minuta,12.1609515027,195.237034,263.8075668894434
LME_034,34_1_Bay_of_Bengal_(1978),Sardinella fimbriata,12.160755278900002,140.109476,189.315227765657
LME_034,34_1_Bay_of_Bengal_(1978),Stichopus,17.148548945799998,43.212782,82.33738969013167
LME_034,34_1_Bay_of_Bengal_(1978),Pleuronectiformes,1.5840214844999998,427.369702,75.21808775470694
LME_034,34_1_Bay_of_Bengal_(1978),Platycaranx malabaricus,3.7419408689,1047.559324,435.54500523031743
LME_034,34_1_Bay_of_Bengal_(1978),Muraenesocidae,0.0071285490000000005,1671.644897,1.324044728762717
LME_034,34_1_Bay_of_Bengal_(1978),Aluterus,3.7408630692,195.237034,81.15055669230497
LME_034,34_1_Bay_of_Bengal_(1978),Bregmaceros mcclellandi,0.1301656704,140.109476,2.0263826525480786
LME_035,35_412_Gulf_of_Thailande_(1963),Synodontidae,55174.5795266544,213.954708,1311651.2279609023
LME_035,35_412_Gulf_of_Thailande_(1963),Leiognathidae,18076.2851775992,55.624121,111719.71932769826
LME_035,35_412_Gulf_of_Thailande_(1963),Carangidae,975.3789275644001,350.309573,37964.95284758699
LME_035,35_412_Gulf_of_Thailande_(1963),Nemipteridae,2612.0032034937,217.529093,63131.85419656432
LME_035,35_412_Gulf_of_Thailande_(1963),Sardinella,0.0107149616,79.432823,0.09456884980273297
LME_035,35_412_Gulf_of_Thailande_(1963),Marine fishes not identified,2254.0645798148003,206.950774,51831.1566042953
LME_035,35_412_Gulf_of_Thailande_(1963),Sciaenidae,10321.6092674439,213.954708,245372.98854511708
LME_035,35_412_Gulf_of_Thailande_(1963),Rastrelliger kanagurta,4686.8896563161,79.432823,41365.87516563196
LME_035,35_412_Gulf_of_Thailande_(1963),Nemipterus,89.55382201620002,135.946622,1352.7266211435135
LME_035,35_412_Gulf_of_Thailande_(1963),Platycephalidae,1518.6716838963998,213.954708,36102.995186213615
LME_035,35_412_Gulf_of_Thailande_(1963),Priacanthus,42.650989442,197.409669,935.5241898075237
LME_035,35_412_Gulf_of_Thailande_(1963),Sparidae,8993.9641805997,274.243815,274059.89431789005
LME_035,35_412_Gulf_of_Thailande_(1963),Megalaspis cordyla,10.5892290224,301.410165,354.63347409604137
LME_035,35_412_Gulf_of_Thailande_(1963),Priacanthidae,9342.5825052882,197.409669,204924.01333045936
LME_035,35_412_Gulf_of_Thailande_(1963),Decapterus,0.0133934728,301.410165,0.44854764961900134
LME_035,35_412_Gulf_of_Thailande_(1963),Mollusca,0.0011997111,128.198835,0.0170890628173965
LME_035,35_412_Gulf_of_Thailande_(1963),Stolephorus,452.3430517399,79.432823,3992.3206182372573
LME_035,35_412_Gulf_of_Thailande_(1963),Sphyraena,2.0468106398,629.814142,143.23447632690088
LME_035,35_412_Gulf_of_Thailande_(1963),Ariidae,3851.816293027,274.243815,117370.75498654248
LME_035,35_412_Gulf_of_Thailande_(1963),Tegillarca granosa,0.0017901083,15.848932,0.0031523671910372885
LME_035,35_412_Gulf_of_Thailande_(1963),Clupeidae,2979.5810273749,79.432823,26297.392484625398
LME_035,35_412_Gulf_of_Thailande_(1963),Mullidae,3690.1694690745,274.243815,112445.12813283503
LME_035,35_412_Gulf_of_Thailande_(1963),Penaeus,0.0006713013999999999,24.936879,0.0018600179760367335
LME_035,35_412_Gulf_of_Thailande_(1963),Alepes,3.5339974114999997,301.410165,118.35363810108753
LME_035,35_412_Gulf_of_Thailande_(1963),Apogonidae,480.7817373178,135.946622,7262.294789738471
LME_035,35_412_Gulf_of_Thailande_(1963),Metapenaeus,0.0008120571,24.936879,0.0022500188493101
LME_035,35_412_Gulf_of_Thailande_(1963),Sepia,30.8535692484,207.108363,710.0035799714738
LME_035,35_412_Gulf_of_Thailande_(1963),Thunnus tonggol,3.89934e-05,1217.891849,0.005276638224977401
LME_035,35_412_Gulf_of_Thailande_(1963),Selaroides leptolepis,4.2499561761999995,301.410165,142.33111025680122
LME_035,35_412_Gulf_of_Thailande_(1963),Trichiurus lepturus,219.2320657274,629.814142,15341.717263887782
LME_035,35_412_Gulf_of_Thailande_(1963),Parastromateus niger,0.0006190294,274.243815,0.018862776028129
LME_035,35_412_Gulf_of_Thailande_(1963),Saurida tumbil,386.7872719175,213.954708,9194.995313469479
LME_035,35_412_Gulf_of_Thailande_(1963),Dendrobranchiata,98.59073602950001,24.936879,273.17169498762024
LME_035,35_412_Gulf_of_Thailande_(1963),Epinephelus,4.232446389,729.665396,343.1410744976061
LME_035,35_412_Gulf_of_Thailande_(1963),Euthynnus affinis,0.0012139819,1217.891849,0.16427762898261478
LME_035,35_412_Gulf_of_Thailande_(1963),Chirocentrus dorab,0.0025968865000000002,629.814142,0.18172842698543146
LME_035,35_412_Gulf_of_Thailande_(1963),Pomadasys,79.0244593253,274.243815,2407.9965781869555
LME_035,35_412_Gulf_of_Thailande_(1963),Mugilidae,0.0018971599000000001,41.788101,0.008808745501594432
LME_035,35_412_Gulf_of_Thailande_(1963),Gobiidae,56.5900252944,135.946622,854.802530852026
LME_035,35_412_Gulf_of_Thailande_(1963),Muraenesox cinereus,5.2937656781,629.814142,370.4542765001777
LME_035,35_412_Gulf_of_Thailande_(1963),Upeneus,15.1763302609,274.243815,462.4460787165734
LME_035,35_412_Gulf_of_Thailande_(1963),Scomberomorus commerson,0.0034724833000000003,729.447588,0.2814438408394756
LME_035,35_412_Gulf_of_Thailande_(1963),Lutjanus,0.0007308227,729.665396,0.05925067053347658
LME_035,35_412_Gulf_of_Thailande_(1963),Leiognathus,0.0294857401,55.624121,0.18223537501077247
LME_035,35_412_Gulf_of_Thailande_(1963),Polynemidae,0.0044243526000000005,135.946622,0.06683064338965747
LME_035,35_412_Gulf_of_Thailande_(1963),Scomberomorus guttatus,0.0001575179,729.447588,0.012766783580202801
LME_035,35_412_Gulf_of_Thailande_(1963),Terapon,58.96728408760001,274.243815,1796.8236609302467
LME_035,35_412_Gulf_of_Thailande_(1963),Siganus,0.0019458106,41.788101,0.009034636653296733
LME_035,35_412_Gulf_of_Thailande_(1963),Tetraodontidae,79.7439578555,274.243815,2429.9208028323933
LME_035,35_412_Gulf_of_Thailande_(1963),Ilisha elongata,49.2719805862,79.432823,434.86805697367345
LME_035,35_412_Gulf_of_Thailande_(1963),Nemipterus japonicus,60.936149442,135.946622,920.451519369676
LME_035,35_412_Gulf_of_Thailande_(1963),Cynoglossus,26.7577969523,198.898533,591.3429511249268
LME_035,35_412_Gulf_of_Thailande_(1963),Bothidae,47.1841016544,198.898533,1042.7609555536703
LME_035,35_412_Gulf_of_Thailande_(1963),Auxis thazard,0.0021283087,1217.891849,0.28800553532064294
LME_035,35_412_Gulf_of_Thailande_(1963),Lates calcarifer,0.0019627934,629.814142,0.13735500457158475
LME_035,35_412_Gulf_of_Thailande_(1963),Pampus argenteus,0.000454795,274.243815,0.013858301760324999
LME_035,35_412_Gulf_of_Thailande_(1963),Scorpaenidae,24.3755046274,629.814142,1705.7819480803291
LME_035,35_412_Gulf_of_Thailande_(1963),Gerreidae,19.110868432900002,135.946622,288.67311188213205
LME_035,35_412_Gulf_of_Thailande_(1963),Siganus canaliculatus,47.5411733552,41.788101,220.73948375840072
LME_035,35_412_Gulf_of_Thailande_(1963),Monacanthidae,10.9444846645,274.243815,333.49524751127495
LME_035,35_412_Gulf_of_Thailande_(1963),Charybdis,145.955750441,55.221127,895.5378923869741
LME_035,35_412_Gulf_of_Thailande_(1963),Dussumieria elopsoides,8.4873948925,79.432823,74.90863735856183
LME_035,35_412_Gulf_of_Thailande_(1963),Rastrelliger brachysoma,6.6785811079999995,79.432823,58.94428344921198
LME_035,35_412_Gulf_of_Thailande_(1963),Sardinella fimbriata,6.2852047443,79.432823,55.47239510808246
LME_035,35_412_Gulf_of_Thailande_(1963),Gazza minuta,6.2836313698,55.624121,38.83571907035011
LME_035,35_412_Gulf_of_Thailande_(1963),Psettodidae,5.3183155767,213.954708,126.43096180718891
LME_035,35_412_Gulf_of_Thailande_(1963),Thunnus obesus,1.67937e-05,1217.891849,0.0022725455938390334
LME_035,35_412_Gulf_of_Thailande_(1963),Lethrinidae,8.38763e-05,213.954708,0.0019939699194022665
LME_035,35_412_Gulf_of_Thailande_(1963),Thryssa,2.1481583569000002,79.432823,18.95936472662317
LME_035,35_412_Gulf_of_Thailande_(1963),Perciformes,2.4204414922,141.288559,37.997854508527524
LME_035,35_412_Gulf_of_Thailande_(1963),Octopus,2.1899955872,207.108363,50.396266782468416
LME_035,35_412_Gulf_of_Thailande_(1963),Photopectoralis bindus,42.5081179266,55.624121,262.7196327812742
LME_035,35_412_Gulf_of_Thailande_(1963),Platycaranx malabaricus,2.0313345789,629.814142,142.151471658315
LME_035,35_412_Gulf_of_Thailande_(1963),Terapon theraps,34.4387151375,135.946622,520.2029987737101
LME_035,35_412_Gulf_of_Thailande_(1963),Aluterus,0.6502595924,274.243815,19.81440792890233
LME_035,35_412_Gulf_of_Thailande_(1963),Priacanthus tayenus,25.1275163458,197.409669,551.1571871796075
LME_035,35_412_Gulf_of_Thailande_(1963),Eubleekeria splendens,22.851540675,55.624121,141.23298483806906
LME_035,35_412_Gulf_of_Thailande_(1963),Platycephalus indicus,6.8116761183,213.954708,161.93224165349446
LME_035,35_412_Gulf_of_Thailande_(1963),Clupeiformes,1.1344070213,165.080137,20.807562943329547
LME_035,35_412_Gulf_of_Thailande_(1963),Caesionidae,0.0013534857,79.432823,0.0119456877823479
LME_035,35_412_Gulf_of_Thailande_(1963),Aluterus monoceros,0.604769703,274.243815,18.428261171904104
LME_035,35_412_Gulf_of_Thailande_(1963),Miscellaneous marine crustaceans,0.0015381244,24.936879,0.004261780227749734
LME_035,35_412_Gulf_of_Thailande_(1963),Decapoda,0.0026447013000000003,31.823213,0.0093514325323641
LME_035,35_412_Gulf_of_Thailande_(1963),Netuma thalassina,0.0060440764999999995,274.243815,0.18417228861242746
LME_035,35_412_Gulf_of_Thailande_(1963),Sardinella lemuru,0.0085169723,79.432823,0.07516968368908922
LME_035,35_412_Gulf_of_Thailande_(1963),Penaeus indicus,0.0022632045,24.936879,0.006270806307639501
LME_035,35_412_Gulf_of_Thailande_(1963),Nemipterus hexodon,0.0017813676,135.946622,0.026907878640027465
LME_035,35_412_Gulf_of_Thailande_(1963),Acetes japonicus,0.0029459711,24.936879,0.008162591650910767
LME_035,35_412_Gulf_of_Thailande_(1963),Cephalopholis boenak,0.0015522203,729.665396,0.12584460443097098
LME_035,35_412_Gulf_of_Thailande_(1963),Trichiuridae,0.00205572,629.814142,0.14385794755469333
LME_035,35_412_Gulf_of_Thailande_(1963),Dussumieria acuta,0.0014224503,79.432823,0.012554360322910765
LME_035,35_412_Gulf_of_Thailande_(1963),Hemiramphus,0.0004051581,79.432823,0.0035758724049240334
LME_035,35_412_Gulf_of_Thailande_(1963),Cypselurus poecilopterus,1.41997e-05,79.432823,0.0001253246951947889
LME_036,36_1_South_China_Sea_SCS-2007_Northern_South_China_Sea_(2000s),Marine fishes not identified,49169.9881691801,113.072509,617752.658865501
LME_036,36_1_South_China_Sea_SCS-2007_Northern_South_China_Sea_(2000s),Synodontidae,169104.6947981176,663.719518,12470898.502549302
LME_036,36_1_South_China_Sea_SCS-2007_Northern_South_China_Sea_(2000s),Scyphozoa,979.7331326668001,103.790936,11298.602096633263
LME_036,36_1_South_China_Sea_SCS-2007_Northern_South_China_Sea_(2000s),Perciformes,142690.37545383748,113.072509,1792706.5291908241
LME_036,36_1_South_China_Sea_SCS-2007_Northern_South_China_Sea_(2000s),Engraulis japonicus,951.4101858111,60.479203,6393.392195993026
LME_036,36_1_South_China_Sea_SCS-2007_Northern_South_China_Sea_(2000s),Trichiurus lepturus,1326.7272593411,710.421967,104726.24325040261
LME_036,36_1_South_China_Sea_SCS-2007_Northern_South_China_Sea_(2000s),Leiognathidae,119058.44312299161,57.638856,762488.0509722559
LME_036,36_1_South_China_Sea_SCS-2007_Northern_South_China_Sea_(2000s),Alepes,362.7291088547,92.005775,3708.130308359559
LME_036,36_1_South_China_Sea_SCS-2007_Northern_South_China_Sea_(2000s),Sparidae,94213.5815345233,57.638856,603373.6732569608
LME_036,36_1_South_China_Sea_SCS-2007_Northern_South_China_Sea_(2000s),Nemipterus,1296.698017969,158.44078,22827.760599051373
LME_036,36_1_South_China_Sea_SCS-2007_Northern_South_China_Sea_(2000s),Carangidae,3.8453569177,68.650915,29.33191898907608
LME_036,36_1_South_China_Sea_SCS-2007_Northern_South_China_Sea_(2000s),Sciaenidae,31952.3104511835,186.740822,662977.8576059109
LME_036,36_1_South_China_Sea_SCS-2007_Northern_South_China_Sea_(2000s),Scombridae,141.3558751363,92.005775,1445.0618714131679
LME_036,36_1_South_China_Sea_SCS-2007_Northern_South_China_Sea_(2000s),Scomberomorus,792.7997387982,92.005775,8104.683820880662
LME_036,36_1_South_China_Sea_SCS-2007_Northern_South_China_Sea_(2000s),Acetes japonicus,1660.8931768015,10.0,1845.4368631127775
LME_036,36_1_South_China_Sea_SCS-2007_Northern_South_China_Sea_(2000s),Portunus trituberculatus,723.8882099196,33.254785,2674.749642767907
LME_036,36_1_South_China_Sea_SCS-2007_Northern_South_China_Sea_(2000s),Miscellaneous marine crustaceans,629.5789514678,20.231565,1415.2630532502935
LME_036,36_1_South_China_Sea_SCS-2007_Northern_South_China_Sea_(2000s),Loliginidae,187.1187296157,165.179677,3434.2457020635175
LME_036,36_1_South_China_Sea_SCS-2007_Northern_South_China_Sea_(2000s),Marine finfishes not identified,36.797031655400005,113.072509,462.3036325587224
LME_036,36_1_South_China_Sea_SCS-2007_Northern_South_China_Sea_(2000s),Scomber japonicus,106.3927969231,92.005775,1087.6390817030479
LME_036,36_1_South_China_Sea_SCS-2007_Northern_South_China_Sea_(2000s),Sardinella,3968.8028262516,60.479203,26670.003532871582
LME_036,36_1_South_China_Sea_SCS-2007_Northern_South_China_Sea_(2000s),Sepiidae,15.0526794961,165.179677,276.26630412781344
LME_036,36_1_South_China_Sea_SCS-2007_Northern_South_China_Sea_(2000s),Muraenesox cinereus,473.1070633292,122.316169,6429.849279252015
LME_036,36_1_South_China_Sea_SCS-2007_Northern_South_China_Sea_(2000s),Pampus,523.0513233605,336.393851,19550.13877065387
LME_036,36_1_South_China_Sea_SCS-2007_Northern_South_China_Sea_(2000s),Trachysalambria curvirostris,232.0290120752,20.606299,531.2510221662424
LME_036,36_1_South_China_Sea_SCS-2007_Northern_South_China_Sea_(2000s),Priacanthidae,30214.9199709049,283.326243,951186.6397669059
LME_036,36_1_South_China_Sea_SCS-2007_Northern_South_China_Sea_(2000s),Portunus pelagicus,381.0722710229,33.254785,1408.0529380364742
LME_036,36_1_South_China_Sea_SCS-2007_Northern_South_China_Sea_(2000s),Clupeidae,36777.5336215165,68.650915,280534.5927289302
LME_036,36_1_South_China_Sea_SCS-2007_Northern_South_China_Sea_(2000s),Decapoda,800.2530170496,20.231565,1798.9301034316768
LME_036,36_1_South_China_Sea_SCS-2007_Northern_South_China_Sea_(2000s),Teuthida,595.2919093179,165.179677,10925.569477982668
LME_036,36_1_South_China_Sea_SCS-2007_Northern_South_China_Sea_(2000s),Squillidae,331.5599365048,15.812995,582.5506242389689
LME_036,36_1_South_China_Sea_SCS-2007_Northern_South_China_Sea_(2000s),Priacanthus,22.3272728179,283.326243,702.8780359924033
LME_036,36_1_South_China_Sea_SCS-2007_Northern_South_China_Sea_(2000s),Penaeus chinensis,467.09496229749993,20.606299,1069.45538383289
LME_036,36_1_South_China_Sea_SCS-2007_Northern_South_China_Sea_(2000s),Decapterus,4211.0815318748,92.005775,43049.313325369796
LME_036,36_1_South_China_Sea_SCS-2007_Northern_South_China_Sea_(2000s),Ariidae,11978.581133067599,122.316169,162797.12825027865
LME_036,36_1_South_China_Sea_SCS-2007_Northern_South_China_Sea_(2000s),Monacanthidae,284.1517506192,122.316169,3861.8170611537694
LME_036,36_1_South_China_Sea_SCS-2007_Northern_South_China_Sea_(2000s),Epinephelus,555.9167296955,536.399665,33132.61639739575
LME_036,36_1_South_China_Sea_SCS-2007_Northern_South_China_Sea_(2000s),Rastrelliger brachysoma,3593.5008673571,92.005775,36735.8702515958
LME_036,36_1_South_China_Sea_SCS-2007_Northern_South_China_Sea_(2000s),Dendrobranchiata,246.2636884369,20.606299,563.8425774192893
LME_036,36_1_South_China_Sea_SCS-2007_Northern_South_China_Sea_(2000s),Mullidae,12132.669563978,122.316169,164891.2956454099
LME_036,36_1_South_China_Sea_SCS-2007_Northern_South_China_Sea_(2000s),Auxis thazard,1081.9443976639,92.005775,11060.570312663922
LME_036,36_1_South_China_Sea_SCS-2007_Northern_South_China_Sea_(2000s),Scomberomorus commerson,1343.4174471109,92.005775,13733.573707773317
LME_036,36_1_South_China_Sea_SCS-2007_Northern_South_China_Sea_(2000s),Rastrelliger kanagurta,35025.0987479198,92.005775,358056.8171948768
LME_036,36_1_South_China_Sea_SCS-2007_Northern_South_China_Sea_(2000s),Octopodidae,4.6897433608,165.179677,86.07225483887093
LME_036,36_1_South_China_Sea_SCS-2007_Northern_South_China_Sea_(2000s),Cololabis saira,232.7464810802,92.005775,2379.3355967007374
LME_036,36_1_South_China_Sea_SCS-2007_Northern_South_China_Sea_(2000s),Miichthys miiuy,122.33120532699999,180.267223,2450.2562967267886
LME_036,36_1_South_China_Sea_SCS-2007_Northern_South_China_Sea_(2000s),Sepiida,386.8869718671,165.179677,7100.651672057295
LME_036,36_1_South_China_Sea_SCS-2007_Northern_South_China_Sea_(2000s),Mollusca,705.4046459605,14.712171,1153.1148639517041
LME_036,36_1_South_China_Sea_SCS-2007_Northern_South_China_Sea_(2000s),Todarodes pacificus,346.6443897468,165.179677,6362.0675924709485
LME_036,36_1_South_China_Sea_SCS-2007_Northern_South_China_Sea_(2000s),Octopoda,153.0606475586,165.179677,2809.1675916822655
LME_036,36_1_South_China_Sea_SCS-2007_Northern_South_China_Sea_(2000s),Ilisha elongata,160.7742102412,92.005775,1643.5728681393937
LME_036,36_1_South_China_Sea_SCS-2007_Northern_South_China_Sea_(2000s),Larimichthys crocea,707.0052476479001,180.267223,14161.096959990471
LME_036,36_1_South_China_Sea_SCS-2007_Northern_South_China_Sea_(2000s),Selaroides leptolepis,1355.0430792882999,60.479203,9105.769496224686
LME_036,36_1_South_China_Sea_SCS-2007_Northern_South_China_Sea_(2000s),Nemipteridae,5.9538718887,158.44078,104.81512289618902
LME_036,36_1_South_China_Sea_SCS-2007_Northern_South_China_Sea_(2000s),Mugilidae,610.2370191385,122.316169,8293.53937366678
LME_036,36_1_South_China_Sea_SCS-2007_Northern_South_China_Sea_(2000s),Sardinops sagax,145.7585208212,92.005775,1490.0695190009046
LME_036,36_1_South_China_Sea_SCS-2007_Northern_South_China_Sea_(2000s),Mugil cephalus,161.05953842579999,57.638856,1031.4763936390168
LME_036,36_1_South_China_Sea_SCS-2007_Northern_South_China_Sea_(2000s),Sardinella lemuru,3618.6050607311,60.479203,24316.705560531504
LME_036,36_1_South_China_Sea_SCS-2007_Northern_South_China_Sea_(2000s),Netuma thalassina,1912.3695378424,122.316169,25990.412842353653
LME_036,36_1_South_China_Sea_SCS-2007_Northern_South_China_Sea_(2000s),Cephalopoda,269.8200905189,165.179677,4952.088377780296
LME_036,36_1_South_China_Sea_SCS-2007_Northern_South_China_Sea_(2000s),Katsuwonus pelamis,288.4554399249,92.005775,2948.8407003618186
LME_036,36_1_South_China_Sea_SCS-2007_Northern_South_China_Sea_(2000s),Dasyatis,1421.9498523772,308.191832,48692.59222402875
LME_036,36_1_South_China_Sea_SCS-2007_Northern_South_China_Sea_(2000s),Stolephorus,981.5082624849,60.479203,6595.648605889061
LME_036,36_1_South_China_Sea_SCS-2007_Northern_South_China_Sea_(2000s),Elasmobranchii,117.14838644429999,418.405771,5446.173439070365
LME_036,36_1_South_China_Sea_SCS-2007_Northern_South_China_Sea_(2000s),Leiognathus,1495.2299497863,57.638856,9575.92708473553
LME_036,36_1_South_China_Sea_SCS-2007_Northern_South_China_Sea_(2000s),Caesionidae,393.1907757501,122.316169,5343.732152876703
LME_036,36_1_South_China_Sea_SCS-2007_Northern_South_China_Sea_(2000s),Lutjanus,108.8772916391,536.638231,6491.968575697524
LME_036,36_1_South_China_Sea_SCS-2007_Northern_South_China_Sea_(2000s),Parastromateus niger,295.7927844064,57.638856,1894.350856248837
LME_036,36_1_South_China_Sea_SCS-2007_Northern_South_China_Sea_(2000s),Coryphaena hippurus,54.2210006619,92.005775,554.293909685958
LME_036,36_1_South_China_Sea_SCS-2007_Northern_South_China_Sea_(2000s),Clupanodon thrissa,87.2048871884,60.479203,586.0091194288158
LME_036,36_1_South_China_Sea_SCS-2007_Northern_South_China_Sea_(2000s),Lates calcarifer,727.6513779749,122.316169,9889.280991273416
LME_036,36_1_South_China_Sea_SCS-2007_Northern_South_China_Sea_(2000s),Penaeus indicus,346.048028379,20.606299,792.3076823486844
LME_036,36_1_South_China_Sea_SCS-2007_Northern_South_China_Sea_(2000s),Miscellaneous aquatic invertebrates,0.1096857766,14.897287,0.18155783264756495
LME_036,36_1_South_China_Sea_SCS-2007_Northern_South_China_Sea_(2000s),Trichiuridae,707.3892182677,710.421967,55838.31554181464
LME_036,36_1_South_China_Sea_SCS-2007_Northern_South_China_Sea_(2000s),Megalaspis cordyla,25.1271733221,92.005775,256.87167278434833
LME_036,36_1_South_China_Sea_SCS-2007_Northern_South_China_Sea_(2000s),Charybdis,118.4771372466,33.254785,437.7701918390194
LME_036,36_1_South_China_Sea_SCS-2007_Northern_South_China_Sea_(2000s),Nemipterus hexodon,418.571254231,158.44078,7368.750667326437
LME_036,36_1_South_China_Sea_SCS-2007_Northern_South_China_Sea_(2000s),Thunnus albacares,11.1725902066,92.005775,114.21586896840479
LME_036,36_1_South_China_Sea_SCS-2007_Northern_South_China_Sea_(2000s),Pampus argenteus,106.95195908240001,336.393851,3997.5534875247736
LME_036,36_1_South_China_Sea_SCS-2007_Northern_South_China_Sea_(2000s),Sardinella fimbriata,2.0561693679,60.479203,13.817276067067308
LME_036,36_1_South_China_Sea_SCS-2007_Northern_South_China_Sea_(2000s),Scomberomorus guttatus,30.2961215648,92.005775,309.71312711818183
LME_036,36_1_South_China_Sea_SCS-2007_Northern_South_China_Sea_(2000s),Scomberomorus niphonius,168.4284042553,92.005775,1721.820651724686
LME_036,36_1_South_China_Sea_SCS-2007_Northern_South_China_Sea_(2000s),Serranidae,7.3278554301,536.399665,436.73991087489674
LME_036,36_1_South_China_Sea_SCS-2007_Northern_South_China_Sea_(2000s),Sphyraena,0.7295226261000001,92.005775,7.457810510485081
LME_036,36_1_South_China_Sea_SCS-2007_Northern_South_China_Sea_(2000s),Metapenaeus,149.0664093891,20.606299,341.3007780809113
LME_036,36_1_South_China_Sea_SCS-2007_Northern_South_China_Sea_(2000s),Seriola,103.3906126495,92.005775,1056.9481605046722
LME_036,36_1_South_China_Sea_SCS-2007_Northern_South_China_Sea_(2000s),Decapterus maruadsi,495.7985013207,60.479203,3331.7220231633755
LME_036,36_1_South_China_Sea_SCS-2007_Northern_South_China_Sea_(2000s),Dussumieria acuta,594.0798016744,60.479203,3992.1636581850858
LME_036,36_1_South_China_Sea_SCS-2007_Northern_South_China_Sea_(2000s),Cephalopholis boenak,349.0585394124,536.399665,20803.87595624452
LME_036,36_1_South_China_Sea_SCS-2007_Northern_South_China_Sea_(2000s),Larimichthys polyactis,42.3664613889,186.740822,879.0608694438275
LME_036,36_1_South_China_Sea_SCS-2007_Northern_South_China_Sea_(2000s),Saurida,36.5820419964,663.719518,2697.8016979229296
LME_036,36_1_South_China_Sea_SCS-2007_Northern_South_China_Sea_(2000s),Siganus,314.6463393136,122.316169,4276.259423857071
LME_036,36_1_South_China_Sea_SCS-2007_Northern_South_China_Sea_(2000s),Caranx,238.1006124249,92.005775,2434.070152680839
LME_036,36_1_South_China_Sea_SCS-2007_Northern_South_China_Sea_(2000s),Polynemidae,893.1864027762,94.890207,9417.182516557667
LME_036,36_1_South_China_Sea_SCS-2007_Northern_South_China_Sea_(2000s),Thunnus tonggol,13.0961660236,92.005775,133.88032272555404
LME_036,36_1_South_China_Sea_SCS-2007_Northern_South_China_Sea_(2000s),Lethrinidae,12.3345595335,122.316169,167.6351187155719
LME_036,36_1_South_China_Sea_SCS-2007_Northern_South_China_Sea_(2000s),Tegillarca granosa,293.1541299031,14.712171,479.21485427673565
LME_036,36_1_South_China_Sea_SCS-2007_Northern_South_China_Sea_(2000s),Nemipterus virgatus,96.5879663941,158.44078,1700.3858593438877
LME_036,36_1_South_China_Sea_SCS-2007_Northern_South_China_Sea_(2000s),Saurida tumbil,401.6725121611,663.719518,29621.987351712713
LME_036,36_1_South_China_Sea_SCS-2007_Northern_South_China_Sea_(2000s),Menidae,9.1290467036,57.638856,58.465312040675
LME_036,36_1_South_China_Sea_SCS-2007_Northern_South_China_Sea_(2000s),Auxis,31.0273119974,92.005775,317.1879873875094
LME_036,36_1_South_China_Sea_SCS-2007_Northern_South_China_Sea_(2000s),Sepia,9.9184134464,165.179677,182.03559215875654
LME_036,36_1_South_China_Sea_SCS-2007_Northern_South_China_Sea_(2000s),Chirocentrus dorab,902.2984144003,57.638856,5778.605375183023
LME_036,36_1_South_China_Sea_SCS-2007_Northern_South_China_Sea_(2000s),Upeneus,4.5557339564,94.890207,48.03272646219167
LME_036,36_1_South_China_Sea_SCS-2007_Northern_South_China_Sea_(2000s),Carcharhinidae,626.6362704714,418.405771,29132.025764794522
LME_036,36_1_South_China_Sea_SCS-2007_Northern_South_China_Sea_(2000s),Apogonidae,462.0345878006,94.890207,4871.395297506512
LME_036,36_1_South_China_Sea_SCS-2007_Northern_South_China_Sea_(2000s),Pomadasys,38.6441334157,122.316169,525.2002615259231
LME_036,36_1_South_China_Sea_SCS-2007_Northern_South_China_Sea_(2000s),Pennahia argentata,29.3936529253,201.311033,657.4740704484017
LME_036,36_1_South_China_Sea_SCS-2007_Northern_South_China_Sea_(2000s),Gastropoda,4.569587039,14.712171,7.469838435239073
LME_036,36_1_South_China_Sea_SCS-2007_Northern_South_China_Sea_(2000s),Euthynnus affinis,377.9752169136,92.005775,3863.9891958809862
LME_036,36_1_South_China_Sea_SCS-2007_Northern_South_China_Sea_(2000s),Penaeus,115.3120734401,20.606299,264.01722929073986
LME_036,36_1_South_China_Sea_SCS-2007_Northern_South_China_Sea_(2000s),Conger myriaster,136.49341473319998,122.316169,1855.0390648770199
LME_036,36_1_South_China_Sea_SCS-2007_Northern_South_China_Sea_(2000s),Bivalvia,4.2867728586,14.712171,7.007526148209113
LME_036,36_1_South_China_Sea_SCS-2007_Northern_South_China_Sea_(2000s),Planiliza haematocheilus,6.8000238791,122.316169,92.41698555555902
LME_036,36_1_South_China_Sea_SCS-2007_Northern_South_China_Sea_(2000s),Scomber australasicus,3667.3400316859997,92.005775,37490.71797819944
LME_036,36_1_South_China_Sea_SCS-2007_Northern_South_China_Sea_(2000s),Trachurus japonicus,251.6951693509,92.005775,2573.045457765089
LME_036,36_1_South_China_Sea_SCS-2007_Northern_South_China_Sea_(2000s),Tetraodontidae,29.7390323694,122.316169,404.1738343546668
LME_036,36_1_South_China_Sea_SCS-2007_Northern_South_China_Sea_(2000s),Psettodes erumei,24.260385933200002,113.072509,304.79807853058117
LME_036,36_1_South_China_Sea_SCS-2007_Northern_South_China_Sea_(2000s),Sphyraenidae,3.3384798184,92.005775,34.128824779305695
LME_036,36_1_South_China_Sea_SCS-2007_Northern_South_China_Sea_(2000s),Cypselurus poecilopterus,2.4481127133,60.479203,16.45110063939461
LME_036,36_1_South_China_Sea_SCS-2007_Northern_South_China_Sea_(2000s),Thunnus obesus,4.3051377977000005,92.005775,44.01083772879797
LME_036,36_1_South_China_Sea_SCS-2007_Northern_South_China_Sea_(2000s),Acetes,3.8952339003,10.0,4.328037667
LME_036,36_1_South_China_Sea_SCS-2007_Northern_South_China_Sea_(2000s),Priacanthus macracanthus,174.07184988880002,283.326243,5479.902582339298
LME_036,36_1_South_China_Sea_SCS-2007_Northern_South_China_Sea_(2000s),Mytilidae,3.7605856653000003,14.712171,6.147375485338041
LME_036,36_1_South_China_Sea_SCS-2007_Northern_South_China_Sea_(2000s),Penaeus japonicus,194.23938146129998,20.606299,444.72830799628935
LME_036,36_1_South_China_Sea_SCS-2007_Northern_South_China_Sea_(2000s),Hemiramphus,142.0001700169,92.005775,1451.6484102818497
LME_036,36_1_South_China_Sea_SCS-2007_Northern_South_China_Sea_(2000s),Terapon,30.397556365099998,122.316169,413.1236268378441
LME_036,36_1_South_China_Sea_SCS-2007_Northern_South_China_Sea_(2000s),Gobiidae,12.9949978036,94.890207,137.01089239423882
LME_036,36_1_South_China_Sea_SCS-2007_Northern_South_China_Sea_(2000s),Scyllaridae,42.7674138283,15.812995,75.14232233664876
LME_036,36_1_South_China_Sea_SCS-2007_Northern_South_China_Sea_(2000s),Paralichthys olivaceus,9.518826344899999,113.072509,119.59084195034913
LME_036,36_1_South_China_Sea_SCS-2007_Northern_South_China_Sea_(2000s),Echinoidea,1.4150770995,18.617087,2.9271792747887955
LME_036,36_1_South_China_Sea_SCS-2007_Northern_South_China_Sea_(2000s),Platycephalidae,464.1042739551,122.316169,6307.495200746034
LME_036,36_1_South_China_Sea_SCS-2007_Northern_South_China_Sea_(2000s),Pleuronectiformes,5.5938489168,113.072509,70.27894799883424
LME_036,36_1_South_China_Sea_SCS-2007_Northern_South_China_Sea_(2000s),Pagrus major,29.1187511678,122.316169,395.74378765661913
LME_036,36_1_South_China_Sea_SCS-2007_Northern_South_China_Sea_(2000s),Mene maculata,82.2204840699,57.638856,526.5660712839177
LME_036,36_1_South_China_Sea_SCS-2007_Northern_South_China_Sea_(2000s),Platycephalus indicus,28.986029171299997,122.316169,393.94000475062893
LME_036,36_1_South_China_Sea_SCS-2007_Northern_South_China_Sea_(2000s),Chelidonichthys kumu,7.3067939492,122.316169,99.30433817094719
LME_036,36_1_South_China_Sea_SCS-2007_Northern_South_China_Sea_(2000s),Lutjanidae,32.1616194157,536.638231,1917.6838388151673
LME_036,36_1_South_China_Sea_SCS-2007_Northern_South_China_Sea_(2000s),Gerreidae,5.9221450812,57.638856,37.9272963940439
LME_036,36_1_South_China_Sea_SCS-2007_Northern_South_China_Sea_(2000s),Cynoglossus,12.789186977,113.072509,160.6783843955017
LME_036,36_1_South_China_Sea_SCS-2007_Northern_South_China_Sea_(2000s),Atrobucca nibe,99.4372105286,180.267223,1991.6966449841207
LME_036,36_1_South_China_Sea_SCS-2007_Northern_South_China_Sea_(2000s),Scylla serrata,0.2599986327,33.254785,0.9606887367480521
LME_036,36_1_South_China_Sea_SCS-2007_Northern_South_China_Sea_(2000s),Thryssa,0.8759467499,60.479203,5.886284589376925
LME_036,36_1_South_China_Sea_SCS-2007_Northern_South_China_Sea_(2000s),Sergestidae,8.9959570814,16.936545,16.928936880799974
LME_036,36_1_South_China_Sea_SCS-2007_Northern_South_China_Sea_(2000s),Isurus,32.3975482305,899.050009,3236.33511424544
LME_036,36_1_South_China_Sea_SCS-2007_Northern_South_China_Sea_(2000s),Panulirus longipes,3.0268803001,15.812995,5.318227005675534
LME_036,36_1_South_China_Sea_SCS-2007_Northern_South_China_Sea_(2000s),Sillago,24.6754463749,122.316169,335.35622988252294
LME_036,36_1_South_China_Sea_SCS-2007_Northern_South_China_Sea_(2000s),Metapenaeus joyneri,1.4443863774,20.606299,3.307050840470138
LME_036,36_1_South_China_Sea_SCS-2007_Northern_South_China_Sea_(2000s),Bothidae,14.4856966952,113.072509,181.9926744376969
LME_036,36_1_South_China_Sea_SCS-2007_Northern_South_China_Sea_(2000s),Penaeus monodon,1.9889254414000002,20.606299,4.553821370466154
LME_036,36_1_South_China_Sea_SCS-2007_Northern_South_China_Sea_(2000s),Nemipterus japonicus,12.0688893106,158.44078,212.467137345014
LME_036,36_1_South_China_Sea_SCS-2007_Northern_South_China_Sea_(2000s),Psenopsis anomala,18.4463473092,99.186124,203.29129906193086
LME_036,36_1_South_China_Sea_SCS-2007_Northern_South_China_Sea_(2000s),Pagrus auratus,24.2187817288,122.316169,329.14984432377923
LME_036,36_1_South_China_Sea_SCS-2007_Northern_South_China_Sea_(2000s),Spratelloides gracilis,432.016430961,60.479203,2903.112158602867
LME_036,36_1_South_China_Sea_SCS-2007_Northern_South_China_Sea_(2000s),Apostichopus japonicus,0.7032671135,18.617087,1.4547538929187085
LME_036,36_1_South_China_Sea_SCS-2007_Northern_South_China_Sea_(2000s),Rachycentron canadum,8.7950978911,92.005775,89.911088630169
LME_036,36_1_South_China_Sea_SCS-2007_Northern_South_China_Sea_(2000s),Auxis rochei,383.465195775,92.005775,3920.112502533955
LME_036,36_1_South_China_Sea_SCS-2007_Northern_South_China_Sea_(2000s),Rachycentridae,2.0045908722,92.005775,20.492659639409663
LME_036,36_1_South_China_Sea_SCS-2007_Northern_South_China_Sea_(2000s),Scorpaenidae,7.6096099164,122.316169,103.41981472871758
LME_036,36_1_South_China_Sea_SCS-2007_Northern_South_China_Sea_(2000s),Mola mola,4.5700386619,92.005775,46.71888320756361
LME_036,36_1_South_China_Sea_SCS-2007_Northern_South_China_Sea_(2000s),Alopias,0.0036809316000000003,899.050009,0.36770462090093164
LME_036,36_1_South_China_Sea_SCS-2007_Northern_South_China_Sea_(2000s),Scaridae,2.864598077,122.316169,38.93185138926745
LME_036,36_1_South_China_Sea_SCS-2007_Northern_South_China_Sea_(2000s),Exocoetidae,0.45527172650000003,60.479203,3.0593856852393313
LME_036,36_1_South_China_Sea_SCS-2007_Northern_South_China_Sea_(2000s),Penaeus penicillatus,122.078302474,20.606299,279.50911135463156
LME_036,36_1_South_China_Sea_SCS-2007_Northern_South_China_Sea_(2000s),Ibacus ciliatus,202.9698659487,15.812995,356.6179417108293
LME_036,36_1_South_China_Sea_SCS-2007_Northern_South_China_Sea_(2000s),Siganus canaliculatus,12.4834855413,94.890207,131.61783634394044
LME_036,36_1_South_China_Sea_SCS-2007_Northern_South_China_Sea_(2000s),Stephanolepis cirrhifer,1.9336885170999998,94.890207,20.387567073460225
LME_036,36_1_South_China_Sea_SCS-2007_Northern_South_China_Sea_(2000s),Acanthopagrus schlegelii,5.7760355463,122.316169,78.50028222569313
LME_036,36_1_South_China_Sea_SCS-2007_Northern_South_China_Sea_(2000s),Ruditapes philippinarum,0.2656614099,14.712171,0.43427289894998805
LME_036,36_1_South_China_Sea_SCS-2007_Northern_South_China_Sea_(2000s),Dussumieria elopsoides,2.6428059685,60.479203,17.759422073169233
LME_036,36_1_South_China_Sea_SCS-2007_Northern_South_China_Sea_(2000s),Ommastrephidae,108.14712947369999,165.179677,1984.8564349936605
LME_036,36_1_South_China_Sea_SCS-2007_Northern_South_China_Sea_(2000s),Chanos chanos,0.0914292016,57.638856,0.5855416205797077
LME_036,36_1_South_China_Sea_SCS-2007_Northern_South_China_Sea_(2000s),Mierspenaeopsis hardwickii,91.230524461,20.606299,208.88038499668664
LME_036,36_1_South_China_Sea_SCS-2007_Northern_South_China_Sea_(2000s),Gazza minuta,2.0607842764,94.890207,21.72758295221569
LME_036,36_1_South_China_Sea_SCS-2007_Northern_South_China_Sea_(2000s),Haliotidae,0.1578115951,14.712171,0.2579723525437736
LME_036,36_1_South_China_Sea_SCS-2007_Northern_South_China_Sea_(2000s),Psettodidae,1.6352059064,113.072509,20.54409272980746
LME_036,36_1_South_China_Sea_SCS-2007_Northern_South_China_Sea_(2000s),Sardinella zunasi,0.3450237813,60.479203,2.3185292565633673
LME_036,36_1_South_China_Sea_SCS-2007_Northern_South_China_Sea_(2000s),Berycidae,0.273016512,57.638856,1.7484843800878078
LME_036,36_1_South_China_Sea_SCS-2007_Northern_South_China_Sea_(2000s),Muraenidae,55.3433264112,122.316169,752.1537407038336
LME_036,36_1_South_China_Sea_SCS-2007_Northern_South_China_Sea_(2000s),Platycaranx malabaricus,24.0610273516,92.005775,245.9726076422395
LME_036,36_1_South_China_Sea_SCS-2007_Northern_South_China_Sea_(2000s),Polydactylus sexfilis,47.0714118192,122.316169,639.7327514606517
LME_036,36_1_South_China_Sea_SCS-2007_Northern_South_China_Sea_(2000s),Octopus,0.7627301416,165.179677,13.998613158628029
LME_036,36_1_South_China_Sea_SCS-2007_Northern_South_China_Sea_(2000s),Aluterus,11.9347029158,122.316169,162.20079320153175
LME_036,36_1_South_China_Sea_SCS-2007_Northern_South_China_Sea_(2000s),Lethrinus miniatus,2.2380870249,122.316169,30.4171367527084
LME_036,36_1_South_China_Sea_SCS-2007_Northern_South_China_Sea_(2000s),Epinephelus malabaricus,27.4409428175,536.399665,1635.4791705101286
LME_036,36_1_South_China_Sea_SCS-2007_Northern_South_China_Sea_(2000s),Sphyraena barracuda,21.2733711442,92.005775,217.47477766497306
LME_036,36_1_South_China_Sea_SCS-2007_Northern_South_China_Sea_(2000s),Meretrix lusoria,0.1953750201,14.712171,0.3193767449821819
LME_036,36_1_South_China_Sea_SCS-2007_Northern_South_China_Sea_(2000s),Evynnis tumifrons,15.9482952818,122.316169,216.74826455006126
LME_036,36_1_South_China_Sea_SCS-2007_Northern_South_China_Sea_(2000s),Prionace glauca,0.7237128776999999,899.050009,72.29489657884454
LME_036,36_1_South_China_Sea_SCS-2007_Northern_South_China_Sea_(2000s),Hemitrygon akajei,10.1425065203,308.191832,347.3152961736891
LME_036,36_1_South_China_Sea_SCS-2007_Northern_South_China_Sea_(2000s),Encrasicholina punctifer,7.6674712837,60.479203,51.524728029284766
LME_036,36_1_South_China_Sea_SCS-2007_Northern_South_China_Sea_(2000s),Scylla,7.2840730241,33.254785,26.91447581563837
LME_036,36_1_South_China_Sea_SCS-2007_Northern_South_China_Sea_(2000s),Mizuhopecten yessoensis,0.040256841599999996,14.712171,0.06580728194879039
LME_036,36_1_South_China_Sea_SCS-2007_Northern_South_China_Sea_(2000s),Parupeneus barberinus,5.1350411205999995,122.316169,69.78872861436211
LME_036,36_1_South_China_Sea_SCS-2007_Northern_South_China_Sea_(2000s),Nibea mitsukurii,4.8153212723,180.267223,96.44939929003866
LME_036,36_1_South_China_Sea_SCS-2007_Northern_South_China_Sea_(2000s),Saurida undosquamis,3.4704392705,663.719518,255.93314220717016
LME_036,36_1_South_China_Sea_SCS-2007_Northern_South_China_Sea_(2000s),Cheilopogon unicolor,3.1102282117,92.005775,31.795439671591396
LME_036,36_1_South_China_Sea_SCS-2007_Northern_South_China_Sea_(2000s),Sillago sihama,1.7710203696,122.316169,24.06938075893734
LME_036,36_1_South_China_Sea_SCS-2007_Northern_South_China_Sea_(2000s),Bramidae,1.7670124221999999,92.005775,18.063927482126466
LME_036,36_1_South_China_Sea_SCS-2007_Northern_South_China_Sea_(2000s),Carcharhinus longimanus,0.037258559000000004,899.050009,3.721923089364115
LME_036,36_1_South_China_Sea_SCS-2007_Northern_South_China_Sea_(2000s),Lutjanus bohar,1.6326978833,536.638231,97.35201153906183
LME_036,36_1_South_China_Sea_SCS-2007_Northern_South_China_Sea_(2000s),Marine pelagic fishes not identified,0.0009124182,68.650915,0.006959816032517
LME_036,36_1_South_China_Sea_SCS-2007_Northern_South_China_Sea_(2000s),Metapenaeus ensis,1.1772400435,20.606299,2.6953955923482233
LME_036,36_1_South_China_Sea_SCS-2007_Northern_South_China_Sea_(2000s),Carcharhinus falciformis,0.5268441401,899.050009,52.6288032109447
LME_036,36_1_South_China_Sea_SCS-2007_Northern_South_China_Sea_(2000s),Acanthocybium solandri,0.0568957078,92.005775,0.5816370767013939
LME_036,36_1_South_China_Sea_SCS-2007_Northern_South_China_Sea_(2000s),Thunnus alalunga,1.84165e-05,92.005775,0.00018826937280972222
LME_036,36_1_South_China_Sea_SCS-2007_Northern_South_China_Sea_(2000s),Thunnus orientalis,0.0012404569,92.005775,0.012681022048733054
LME_036,36_1_South_China_Sea_SCS-2007_Northern_South_China_Sea_(2000s),Tripneustes gratilla,0.0799632478,18.617087,0.16540919345501762
LME_036,36_2_South_China_Sea_SCS-2007_Northern_South_China_Sea_(1970s),Marine fishes not identified,49169.9881691801,177.371403,969038.8652289861
LME_036,36_2_South_China_Sea_SCS-2007_Northern_South_China_Sea_(1970s),Synodontidae,169104.6947981176,667.104795,12534505.861870645
LME_036,36_2_South_China_Sea_SCS-2007_Northern_South_China_Sea_(1970s),Scyphozoa,979.7331326668001,103.790936,11298.602096633263
LME_036,36_2_South_China_Sea_SCS-2007_Northern_South_China_Sea_(1970s),Perciformes,142690.37545383748,177.371403,2812132.45431599
LME_036,36_2_South_China_Sea_SCS-2007_Northern_South_China_Sea_(1970s),Engraulis japonicus,951.4101858111,60.479203,6393.392195993026
LME_036,36_2_South_China_Sea_SCS-2007_Northern_South_China_Sea_(1970s),Trichiurus lepturus,1326.7272593411,759.29485,111930.7972635902
LME_036,36_2_South_China_Sea_SCS-2007_Northern_South_China_Sea_(1970s),Leiognathidae,119058.44312299161,57.638856,762488.0509722559
LME_036,36_2_South_China_Sea_SCS-2007_Northern_South_China_Sea_(1970s),Alepes,362.7291088547,200.641254,8086.491473656612
LME_036,36_2_South_China_Sea_SCS-2007_Northern_South_China_Sea_(1970s),Sparidae,94213.5815345233,57.638856,603373.6732569608
LME_036,36_2_South_China_Sea_SCS-2007_Northern_South_China_Sea_(1970s),Nemipterus,1296.698017969,158.552335,22843.8331709841
LME_036,36_2_South_China_Sea_SCS-2007_Northern_South_China_Sea_(1970s),Carangidae,3.8453569177,94.940534,40.56447102078134
LME_036,36_2_South_China_Sea_SCS-2007_Northern_South_China_Sea_(1970s),Sciaenidae,31952.3104511835,251.096546,891457.1990013198
LME_036,36_2_South_China_Sea_SCS-2007_Northern_South_China_Sea_(1970s),Scombridae,141.3558751363,200.641254,3151.31333862385
LME_036,36_2_South_China_Sea_SCS-2007_Northern_South_China_Sea_(1970s),Scomberomorus,792.7997387982,200.641254,17674.259307038144
LME_036,36_2_South_China_Sea_SCS-2007_Northern_South_China_Sea_(1970s),Acetes japonicus,1660.8931768015,10.0,1845.4368631127775
LME_036,36_2_South_China_Sea_SCS-2007_Northern_South_China_Sea_(1970s),Portunus trituberculatus,723.8882099196,33.254785,2674.749642767907
LME_036,36_2_South_China_Sea_SCS-2007_Northern_South_China_Sea_(1970s),Miscellaneous marine crustaceans,629.5789514678,20.231565,1415.2630532502935
LME_036,36_2_South_China_Sea_SCS-2007_Northern_South_China_Sea_(1970s),Loliginidae,187.1187296157,170.518341,3545.2417048996367
LME_036,36_2_South_China_Sea_SCS-2007_Northern_South_China_Sea_(1970s),Marine finfishes not identified,36.797031655400005,177.371403,725.1934589948568
LME_036,36_2_South_China_Sea_SCS-2007_Northern_South_China_Sea_(1970s),Scomber japonicus,106.3927969231,200.641254,2371.864910135347
LME_036,36_2_South_China_Sea_SCS-2007_Northern_South_China_Sea_(1970s),Sardinella,3968.8028262516,60.479203,26670.003532871582
LME_036,36_2_South_China_Sea_SCS-2007_Northern_South_China_Sea_(1970s),Sepiidae,15.0526794961,170.518341,285.1953261421875
LME_036,36_2_South_China_Sea_SCS-2007_Northern_South_China_Sea_(1970s),Muraenesox cinereus,473.1070633292,228.824285,12028.7094994171
LME_036,36_2_South_China_Sea_SCS-2007_Northern_South_China_Sea_(1970s),Pampus,523.0513233605,342.280115,19892.229678970456
LME_036,36_2_South_China_Sea_SCS-2007_Northern_South_China_Sea_(1970s),Trachysalambria curvirostris,232.0290120752,20.606299,531.2510221662424
LME_036,36_2_South_China_Sea_SCS-2007_Northern_South_China_Sea_(1970s),Priacanthidae,30214.9199709049,283.896083,953099.7142109304
LME_036,36_2_South_China_Sea_SCS-2007_Northern_South_China_Sea_(1970s),Portunus pelagicus,381.0722710229,33.254785,1408.0529380364742
LME_036,36_2_South_China_Sea_SCS-2007_Northern_South_China_Sea_(1970s),Clupeidae,36777.5336215165,94.940534,387964.2979144145
LME_036,36_2_South_China_Sea_SCS-2007_Northern_South_China_Sea_(1970s),Decapoda,800.2530170496,20.231565,1798.9301034316768
LME_036,36_2_South_China_Sea_SCS-2007_Northern_South_China_Sea_(1970s),Teuthida,595.2919093179,170.518341,11278.68764306786
LME_036,36_2_South_China_Sea_SCS-2007_Northern_South_China_Sea_(1970s),Squillidae,331.5599365048,15.812995,582.5506242389689
LME_036,36_2_South_China_Sea_SCS-2007_Northern_South_China_Sea_(1970s),Priacanthus,22.3272728179,283.896083,704.2916996749091
LME_036,36_2_South_China_Sea_SCS-2007_Northern_South_China_Sea_(1970s),Penaeus chinensis,467.09496229749993,20.606299,1069.45538383289
LME_036,36_2_South_China_Sea_SCS-2007_Northern_South_China_Sea_(1970s),Decapterus,4211.0815318748,200.641254,93879.63102795565
LME_036,36_2_South_China_Sea_SCS-2007_Northern_South_China_Sea_(1970s),Ariidae,11978.581133067599,228.824285,304554.47367652034
LME_036,36_2_South_China_Sea_SCS-2007_Northern_South_China_Sea_(1970s),Monacanthidae,284.1517506192,228.824285,7224.5356852151945
LME_036,36_2_South_China_Sea_SCS-2007_Northern_South_China_Sea_(1970s),Epinephelus,555.9167296955,539.046528,33296.10922216375
LME_036,36_2_South_China_Sea_SCS-2007_Northern_South_China_Sea_(1970s),Rastrelliger brachysoma,3593.5008673571,200.641254,80111.61336406847
LME_036,36_2_South_China_Sea_SCS-2007_Northern_South_China_Sea_(1970s),Dendrobranchiata,246.2636884369,20.606299,563.8425774192893
LME_036,36_2_South_China_Sea_SCS-2007_Northern_South_China_Sea_(1970s),Mullidae,12132.669563978,228.824285,308472.1597909475
LME_036,36_2_South_China_Sea_SCS-2007_Northern_South_China_Sea_(1970s),Auxis thazard,1081.9443976639,200.641254,24120.297856173285
LME_036,36_2_South_China_Sea_SCS-2007_Northern_South_China_Sea_(1970s),Scomberomorus commerson,1343.4174471109,200.641254,29949.44013708996
LME_036,36_2_South_China_Sea_SCS-2007_Northern_South_China_Sea_(1970s),Rastrelliger kanagurta,35025.0987479198,200.641254,780831.0815840509
LME_036,36_2_South_China_Sea_SCS-2007_Northern_South_China_Sea_(1970s),Octopodidae,4.6897433608,170.518341,88.85413973326449
LME_036,36_2_South_China_Sea_SCS-2007_Northern_South_China_Sea_(1970s),Cololabis saira,232.7464810802,200.641254,5188.727314224289
LME_036,36_2_South_China_Sea_SCS-2007_Northern_South_China_Sea_(1970s),Miichthys miiuy,122.33120532699999,265.549442,3609.4425904191417
LME_036,36_2_South_China_Sea_SCS-2007_Northern_South_China_Sea_(1970s),Sepiida,386.8869718671,170.518341,7330.14717747684
LME_036,36_2_South_China_Sea_SCS-2007_Northern_South_China_Sea_(1970s),Mollusca,705.4046459605,14.712171,1153.1148639517041
LME_036,36_2_South_China_Sea_SCS-2007_Northern_South_China_Sea_(1970s),Todarodes pacificus,346.6443897468,170.518341,6567.691806286861
LME_036,36_2_South_China_Sea_SCS-2007_Northern_South_China_Sea_(1970s),Octopoda,153.0606475586,170.518341,2899.960854897575
LME_036,36_2_South_China_Sea_SCS-2007_Northern_South_China_Sea_(1970s),Ilisha elongata,160.7742102412,200.641254,3584.215461517112
LME_036,36_2_South_China_Sea_SCS-2007_Northern_South_China_Sea_(1970s),Larimichthys crocea,707.0052476479001,265.549442,20860.538778219074
LME_036,36_2_South_China_Sea_SCS-2007_Northern_South_China_Sea_(1970s),Selaroides leptolepis,1355.0430792882999,60.479203,9105.769496224686
LME_036,36_2_South_China_Sea_SCS-2007_Northern_South_China_Sea_(1970s),Nemipteridae,5.9538718887,158.552335,104.88892113824946
LME_036,36_2_South_China_Sea_SCS-2007_Northern_South_China_Sea_(1970s),Mugilidae,610.2370191385,228.824285,15515.227731655401
LME_036,36_2_South_China_Sea_SCS-2007_Northern_South_China_Sea_(1970s),Sardinops sagax,145.7585208212,200.641254,3249.4635998611866
LME_036,36_2_South_China_Sea_SCS-2007_Northern_South_China_Sea_(1970s),Mugil cephalus,161.05953842579999,57.638856,1031.4763936390168
LME_036,36_2_South_China_Sea_SCS-2007_Northern_South_China_Sea_(1970s),Sardinella lemuru,3618.6050607311,60.479203,24316.705560531504
LME_036,36_2_South_China_Sea_SCS-2007_Northern_South_China_Sea_(1970s),Netuma thalassina,1912.3695378424,228.824285,48621.84357250752
LME_036,36_2_South_China_Sea_SCS-2007_Northern_South_China_Sea_(1970s),Cephalopoda,269.8200905189,170.518341,5112.141578194739
LME_036,36_2_South_China_Sea_SCS-2007_Northern_South_China_Sea_(1970s),Katsuwonus pelamis,288.4554399249,200.641254,6430.673465517068
LME_036,36_2_South_China_Sea_SCS-2007_Northern_South_China_Sea_(1970s),Dasyatis,1421.9498523772,308.68601,48770.66959448965
LME_036,36_2_South_China_Sea_SCS-2007_Northern_South_China_Sea_(1970s),Stolephorus,981.5082624849,60.479203,6595.648605889061
LME_036,36_2_South_China_Sea_SCS-2007_Northern_South_China_Sea_(1970s),Elasmobranchii,117.14838644429999,420.661524,5475.535419533353
LME_036,36_2_South_China_Sea_SCS-2007_Northern_South_China_Sea_(1970s),Leiognathus,1495.2299497863,57.638856,9575.92708473553
LME_036,36_2_South_China_Sea_SCS-2007_Northern_South_China_Sea_(1970s),Caesionidae,393.1907757501,228.824285,9996.844236623552
LME_036,36_2_South_China_Sea_SCS-2007_Northern_South_China_Sea_(1970s),Lutjanus,108.8772916391,554.842266,6712.191467664566
LME_036,36_2_South_China_Sea_SCS-2007_Northern_South_China_Sea_(1970s),Parastromateus niger,295.7927844064,57.638856,1894.350856248837
LME_036,36_2_South_China_Sea_SCS-2007_Northern_South_China_Sea_(1970s),Coryphaena hippurus,54.2210006619,200.641254,1208.774396215383
LME_036,36_2_South_China_Sea_SCS-2007_Northern_South_China_Sea_(1970s),Clupanodon thrissa,87.2048871884,60.479203,586.0091194288158
LME_036,36_2_South_China_Sea_SCS-2007_Northern_South_China_Sea_(1970s),Lates calcarifer,727.6513779749,228.824285,18500.478477152363
LME_036,36_2_South_China_Sea_SCS-2007_Northern_South_China_Sea_(1970s),Penaeus indicus,346.048028379,20.606299,792.3076823486844
LME_036,36_2_South_China_Sea_SCS-2007_Northern_South_China_Sea_(1970s),Miscellaneous aquatic invertebrates,0.1096857766,14.897287,0.18155783264756495
LME_036,36_2_South_China_Sea_SCS-2007_Northern_South_China_Sea_(1970s),Trichiuridae,707.3892182677,759.29485,59679.6655973545
LME_036,36_2_South_China_Sea_SCS-2007_Northern_South_China_Sea_(1970s),Megalaspis cordyla,25.1271733221,200.641254,560.1719516468322
LME_036,36_2_South_China_Sea_SCS-2007_Northern_South_China_Sea_(1970s),Charybdis,118.4771372466,33.254785,437.7701918390194
LME_036,36_2_South_China_Sea_SCS-2007_Northern_South_China_Sea_(1970s),Nemipterus hexodon,418.571254231,158.552335,7373.938858022632
LME_036,36_2_South_China_Sea_SCS-2007_Northern_South_China_Sea_(1970s),Thunnus albacares,11.1725902066,200.641254,249.07583438670483
LME_036,36_2_South_China_Sea_SCS-2007_Northern_South_China_Sea_(1970s),Pampus argenteus,106.95195908240001,342.280115,4067.5032060221297
LME_036,36_2_South_China_Sea_SCS-2007_Northern_South_China_Sea_(1970s),Sardinella fimbriata,2.0561693679,60.479203,13.817276067067308
LME_036,36_2_South_China_Sea_SCS-2007_Northern_South_China_Sea_(1970s),Scomberomorus guttatus,30.2961215648,200.641254,675.4057580108794
LME_036,36_2_South_China_Sea_SCS-2007_Northern_South_China_Sea_(1970s),Scomberomorus niphonius,168.4284042553,200.641254,3754.8540265558145
LME_036,36_2_South_China_Sea_SCS-2007_Northern_South_China_Sea_(1970s),Serranidae,7.3278554301,539.046528,438.89500303126124
LME_036,36_2_South_China_Sea_SCS-2007_Northern_South_China_Sea_(1970s),Sphyraena,0.7295226261000001,200.641254,16.263592724675238
LME_036,36_2_South_China_Sea_SCS-2007_Northern_South_China_Sea_(1970s),Metapenaeus,149.0664093891,20.606299,341.3007780809113
LME_036,36_2_South_China_Sea_SCS-2007_Northern_South_China_Sea_(1970s),Seriola,103.3906126495,200.641254,2304.9357970915494
LME_036,36_2_South_China_Sea_SCS-2007_Northern_South_China_Sea_(1970s),Decapterus maruadsi,495.7985013207,60.479203,3331.7220231633755
LME_036,36_2_South_China_Sea_SCS-2007_Northern_South_China_Sea_(1970s),Dussumieria acuta,594.0798016744,60.479203,3992.1636581850858
LME_036,36_2_South_China_Sea_SCS-2007_Northern_South_China_Sea_(1970s),Cephalopholis boenak,349.0585394124,539.046528,20906.532637667264
LME_036,36_2_South_China_Sea_SCS-2007_Northern_South_China_Sea_(1970s),Larimichthys polyactis,42.3664613889,251.096546,1182.0080134439058
LME_036,36_2_South_China_Sea_SCS-2007_Northern_South_China_Sea_(1970s),Saurida,36.5820419964,667.104795,2711.5617362988683
LME_036,36_2_South_China_Sea_SCS-2007_Northern_South_China_Sea_(1970s),Siganus,314.6463393136,228.824285,7999.858180144656
LME_036,36_2_South_China_Sea_SCS-2007_Northern_South_China_Sea_(1970s),Caranx,238.1006124249,200.641254,5308.0894950111015
LME_036,36_2_South_China_Sea_SCS-2007_Northern_South_China_Sea_(1970s),Polynemidae,893.1864027762,95.343415,9462.160208027599
LME_036,36_2_South_China_Sea_SCS-2007_Northern_South_China_Sea_(1970s),Thunnus tonggol,13.0961660236,200.641254,291.9590192852553
LME_036,36_2_South_China_Sea_SCS-2007_Northern_South_China_Sea_(1970s),Lethrinidae,12.3345595335,228.824285,313.60519622700787
LME_036,36_2_South_China_Sea_SCS-2007_Northern_South_China_Sea_(1970s),Tegillarca granosa,293.1541299031,14.712171,479.21485427673565
LME_036,36_2_South_China_Sea_SCS-2007_Northern_South_China_Sea_(1970s),Nemipterus virgatus,96.5879663941,158.552335,1701.5830671873427
LME_036,36_2_South_China_Sea_SCS-2007_Northern_South_China_Sea_(1970s),Saurida tumbil,401.6725121611,667.104795,29773.073209151735
LME_036,36_2_South_China_Sea_SCS-2007_Northern_South_China_Sea_(1970s),Menidae,9.1290467036,57.638856,58.465312040675
LME_036,36_2_South_China_Sea_SCS-2007_Northern_South_China_Sea_(1970s),Auxis,31.0273119974,200.641254,691.7065319341756
LME_036,36_2_South_China_Sea_SCS-2007_Northern_South_China_Sea_(1970s),Sepia,9.9184134464,170.518341,187.91904513691338
LME_036,36_2_South_China_Sea_SCS-2007_Northern_South_China_Sea_(1970s),Chirocentrus dorab,902.2984144003,57.638856,5778.605375183023
LME_036,36_2_South_China_Sea_SCS-2007_Northern_South_China_Sea_(1970s),Upeneus,4.5557339564,95.343415,48.26213702607079
LME_036,36_2_South_China_Sea_SCS-2007_Northern_South_China_Sea_(1970s),Carcharhinidae,626.6362704714,420.661524,29289.0853922417
LME_036,36_2_South_China_Sea_SCS-2007_Northern_South_China_Sea_(1970s),Apogonidae,462.0345878006,95.343415,4894.661716558504
LME_036,36_2_South_China_Sea_SCS-2007_Northern_South_China_Sea_(1970s),Pomadasys,38.6441334157,228.824285,982.5240220324621
LME_036,36_2_South_China_Sea_SCS-2007_Northern_South_China_Sea_(1970s),Pennahia argentata,29.3936529253,201.414719,657.8127049258696
LME_036,36_2_South_China_Sea_SCS-2007_Northern_South_China_Sea_(1970s),Gastropoda,4.569587039,14.712171,7.469838435239073
LME_036,36_2_South_China_Sea_SCS-2007_Northern_South_China_Sea_(1970s),Euthynnus affinis,377.9752169136,200.641254,8426.380166940746
LME_036,36_2_South_China_Sea_SCS-2007_Northern_South_China_Sea_(1970s),Penaeus,115.3120734401,20.606299,264.01722929073986
LME_036,36_2_South_China_Sea_SCS-2007_Northern_South_China_Sea_(1970s),Conger myriaster,136.49341473319998,228.824285,3470.3342259481055
LME_036,36_2_South_China_Sea_SCS-2007_Northern_South_China_Sea_(1970s),Bivalvia,4.2867728586,14.712171,7.007526148209113
LME_036,36_2_South_China_Sea_SCS-2007_Northern_South_China_Sea_(1970s),Planiliza haematocheilus,6.8000238791,228.824285,172.89006690199824
LME_036,36_2_South_China_Sea_SCS-2007_Northern_South_China_Sea_(1970s),Scomber australasicus,3667.3400316859997,200.641254,81757.7447557643
LME_036,36_2_South_China_Sea_SCS-2007_Northern_South_China_Sea_(1970s),Trachurus japonicus,251.6951693509,200.641254,5611.159378256327
LME_036,36_2_South_China_Sea_SCS-2007_Northern_South_China_Sea_(1970s),Tetraodontidae,29.7390323694,228.824285,756.1125353910901
LME_036,36_2_South_China_Sea_SCS-2007_Northern_South_China_Sea_(1970s),Psettodes erumei,24.260385933200002,177.371403,478.1220766992387
LME_036,36_2_South_China_Sea_SCS-2007_Northern_South_China_Sea_(1970s),Sphyraenidae,3.3384798184,200.641254,74.42630857971871
LME_036,36_2_South_China_Sea_SCS-2007_Northern_South_China_Sea_(1970s),Cypselurus poecilopterus,2.4481127133,60.479203,16.45110063939461
LME_036,36_2_South_China_Sea_SCS-2007_Northern_South_China_Sea_(1970s),Thunnus obesus,4.3051377977000005,200.641254,95.97647181925849
LME_036,36_2_South_China_Sea_SCS-2007_Northern_South_China_Sea_(1970s),Acetes,3.8952339003,10.0,4.328037667
LME_036,36_2_South_China_Sea_SCS-2007_Northern_South_China_Sea_(1970s),Priacanthus macracanthus,174.07184988880002,283.896083,5490.92403822159
LME_036,36_2_South_China_Sea_SCS-2007_Northern_South_China_Sea_(1970s),Mytilidae,3.7605856653000003,14.712171,6.147375485338041
LME_036,36_2_South_China_Sea_SCS-2007_Northern_South_China_Sea_(1970s),Penaeus japonicus,194.23938146129998,20.606299,444.72830799628935
LME_036,36_2_South_China_Sea_SCS-2007_Northern_South_China_Sea_(1970s),Hemiramphus,142.0001700169,200.641254,3165.67690893378
LME_036,36_2_South_China_Sea_SCS-2007_Northern_South_China_Sea_(1970s),Terapon,30.397556365099998,228.824285,772.8554556656895
LME_036,36_2_South_China_Sea_SCS-2007_Northern_South_China_Sea_(1970s),Gobiidae,12.9949978036,95.343415,137.6652742791915
LME_036,36_2_South_China_Sea_SCS-2007_Northern_South_China_Sea_(1970s),Scyllaridae,42.7674138283,15.812995,75.14232233664876
LME_036,36_2_South_China_Sea_SCS-2007_Northern_South_China_Sea_(1970s),Paralichthys olivaceus,9.518826344899999,177.371403,187.5963981898083
LME_036,36_2_South_China_Sea_SCS-2007_Northern_South_China_Sea_(1970s),Echinoidea,1.4150770995,18.617087,2.9271792747887955
LME_036,36_2_South_China_Sea_SCS-2007_Northern_South_China_Sea_(1970s),Platycephalidae,464.1042739551,228.824285,11799.814294802209
LME_036,36_2_South_China_Sea_SCS-2007_Northern_South_China_Sea_(1970s),Pleuronectiformes,5.5938489168,177.371403,110.24320339364958
LME_036,36_2_South_China_Sea_SCS-2007_Northern_South_China_Sea_(1970s),Pagrus major,29.1187511678,228.824285,740.3419351183055
LME_036,36_2_South_China_Sea_SCS-2007_Northern_South_China_Sea_(1970s),Mene maculata,82.2204840699,57.638856,526.5660712839177
LME_036,36_2_South_China_Sea_SCS-2007_Northern_South_China_Sea_(1970s),Platycephalus indicus,28.986029171299997,228.824285,736.9674889013182
LME_036,36_2_South_China_Sea_SCS-2007_Northern_South_China_Sea_(1970s),Chelidonichthys kumu,7.3067939492,228.824285,185.77465567422405
LME_036,36_2_South_China_Sea_SCS-2007_Northern_South_China_Sea_(1970s),Lutjanidae,32.1616194157,554.842266,1982.7361994262874
LME_036,36_2_South_China_Sea_SCS-2007_Northern_South_China_Sea_(1970s),Gerreidae,5.9221450812,57.638856,37.9272963940439
LME_036,36_2_South_China_Sea_SCS-2007_Northern_South_China_Sea_(1970s),Cynoglossus,12.789186977,177.371403,252.04844859331317
LME_036,36_2_South_China_Sea_SCS-2007_Northern_South_China_Sea_(1970s),Atrobucca nibe,99.4372105286,265.549442,2933.943974434029
LME_036,36_2_South_China_Sea_SCS-2007_Northern_South_China_Sea_(1970s),Scylla serrata,0.2599986327,33.254785,0.9606887367480521
LME_036,36_2_South_China_Sea_SCS-2007_Northern_South_China_Sea_(1970s),Thryssa,0.8759467499,60.479203,5.886284589376925
LME_036,36_2_South_China_Sea_SCS-2007_Northern_South_China_Sea_(1970s),Sergestidae,8.9959570814,16.936545,16.928936880799974
LME_036,36_2_South_China_Sea_SCS-2007_Northern_South_China_Sea_(1970s),Isurus,32.3975482305,908.988005,3272.109192548164
LME_036,36_2_South_China_Sea_SCS-2007_Northern_South_China_Sea_(1970s),Panulirus longipes,3.0268803001,15.812995,5.318227005675534
LME_036,36_2_South_China_Sea_SCS-2007_Northern_South_China_Sea_(1970s),Sillago,24.6754463749,228.824285,627.3712637547038
LME_036,36_2_South_China_Sea_SCS-2007_Northern_South_China_Sea_(1970s),Metapenaeus joyneri,1.4443863774,20.606299,3.307050840470138
LME_036,36_2_South_China_Sea_SCS-2007_Northern_South_China_Sea_(1970s),Bothidae,14.4856966952,177.371403,285.4831495844541
LME_036,36_2_South_China_Sea_SCS-2007_Northern_South_China_Sea_(1970s),Penaeus monodon,1.9889254414000002,20.606299,4.553821370466154
LME_036,36_2_South_China_Sea_SCS-2007_Northern_South_China_Sea_(1970s),Nemipterus japonicus,12.0688893106,158.552335,212.61673122801892
LME_036,36_2_South_China_Sea_SCS-2007_Northern_South_China_Sea_(1970s),Psenopsis anomala,18.4463473092,105.954074,217.162849758742
LME_036,36_2_South_China_Sea_SCS-2007_Northern_South_China_Sea_(1970s),Pagrus auratus,24.2187817288,228.824285,615.7606014070805
LME_036,36_2_South_China_Sea_SCS-2007_Northern_South_China_Sea_(1970s),Spratelloides gracilis,432.016430961,60.479203,2903.112158602867
LME_036,36_2_South_China_Sea_SCS-2007_Northern_South_China_Sea_(1970s),Apostichopus japonicus,0.7032671135,18.617087,1.4547538929187085
LME_036,36_2_South_China_Sea_SCS-2007_Northern_South_China_Sea_(1970s),Rachycentron canadum,8.7950978911,200.641254,196.07327443589548
LME_036,36_2_South_China_Sea_SCS-2007_Northern_South_China_Sea_(1970s),Auxis rochei,383.465195775,200.641254,8548.770860627945
LME_036,36_2_South_China_Sea_SCS-2007_Northern_South_China_Sea_(1970s),Rachycentridae,2.0045908722,200.641254,44.689291817240196
LME_036,36_2_South_China_Sea_SCS-2007_Northern_South_China_Sea_(1970s),Scorpaenidae,7.6096099164,228.824285,193.47372758323775
LME_036,36_2_South_China_Sea_SCS-2007_Northern_South_China_Sea_(1970s),Mola mola,4.5700386619,200.641254,101.88203199467756
LME_036,36_2_South_China_Sea_SCS-2007_Northern_South_China_Sea_(1970s),Alopias,0.0036809316000000003,908.988005,0.3717691857361621
LME_036,36_2_South_China_Sea_SCS-2007_Northern_South_China_Sea_(1970s),Scaridae,2.864598077,228.824285,72.83217853132221
LME_036,36_2_South_China_Sea_SCS-2007_Northern_South_China_Sea_(1970s),Exocoetidae,0.45527172650000003,60.479203,3.0593856852393313
LME_036,36_2_South_China_Sea_SCS-2007_Northern_South_China_Sea_(1970s),Penaeus penicillatus,122.078302474,20.606299,279.50911135463156
LME_036,36_2_South_China_Sea_SCS-2007_Northern_South_China_Sea_(1970s),Ibacus ciliatus,202.9698659487,15.812995,356.6179417108293
LME_036,36_2_South_China_Sea_SCS-2007_Northern_South_China_Sea_(1970s),Siganus canaliculatus,12.4834855413,95.343415,132.24646029007394
LME_036,36_2_South_China_Sea_SCS-2007_Northern_South_China_Sea_(1970s),Stephanolepis cirrhifer,1.9336885170999998,95.343415,20.48494075184443
LME_036,36_2_South_China_Sea_SCS-2007_Northern_South_China_Sea_(1970s),Acanthopagrus schlegelii,5.7760355463,228.824285,146.85524489074245
LME_036,36_2_South_China_Sea_SCS-2007_Northern_South_China_Sea_(1970s),Ruditapes philippinarum,0.2656614099,14.712171,0.43427289894998805
LME_036,36_2_South_China_Sea_SCS-2007_Northern_South_China_Sea_(1970s),Dussumieria elopsoides,2.6428059685,60.479203,17.759422073169233
LME_036,36_2_South_China_Sea_SCS-2007_Northern_South_China_Sea_(1970s),Ommastrephidae,108.14712947369999,170.518341,2049.0076779741694
LME_036,36_2_South_China_Sea_SCS-2007_Northern_South_China_Sea_(1970s),Chanos chanos,0.0914292016,57.638856,0.5855416205797077
LME_036,36_2_South_China_Sea_SCS-2007_Northern_South_China_Sea_(1970s),Mierspenaeopsis hardwickii,91.230524461,20.606299,208.88038499668664
LME_036,36_2_South_China_Sea_SCS-2007_Northern_South_China_Sea_(1970s),Gazza minuta,2.0607842764,95.343415,21.83135672114221
LME_036,36_2_South_China_Sea_SCS-2007_Northern_South_China_Sea_(1970s),Haliotidae,0.1578115951,14.712171,0.2579723525437736
LME_036,36_2_South_China_Sea_SCS-2007_Northern_South_China_Sea_(1970s),Psettodidae,1.6352059064,177.371403,32.226529534672736
LME_036,36_2_South_China_Sea_SCS-2007_Northern_South_China_Sea_(1970s),Sardinella zunasi,0.3450237813,60.479203,2.3185292565633673
LME_036,36_2_South_China_Sea_SCS-2007_Northern_South_China_Sea_(1970s),Berycidae,0.273016512,57.638856,1.7484843800878078
LME_036,36_2_South_China_Sea_SCS-2007_Northern_South_China_Sea_(1970s),Muraenidae,55.3433264112,228.824285,1407.0996772849396
LME_036,36_2_South_China_Sea_SCS-2007_Northern_South_China_Sea_(1970s),Platycaranx malabaricus,24.0610273516,200.641254,536.4038555948136
LME_036,36_2_South_China_Sea_SCS-2007_Northern_South_China_Sea_(1970s),Polydactylus sexfilis,47.0714118192,228.824285,1196.7869059409988
LME_036,36_2_South_China_Sea_SCS-2007_Northern_South_China_Sea_(1970s),Octopus,0.7627301416,170.518341,14.45105315292523
LME_036,36_2_South_China_Sea_SCS-2007_Northern_South_China_Sea_(1970s),Aluterus,11.9347029158,228.824285,303.4388734883723
LME_036,36_2_South_China_Sea_SCS-2007_Northern_South_China_Sea_(1970s),Lethrinus miniatus,2.2380870249,228.824285,56.90318480450219
LME_036,36_2_South_China_Sea_SCS-2007_Northern_South_China_Sea_(1970s),Epinephelus malabaricus,27.4409428175,539.046528,1643.5494389799903
LME_036,36_2_South_China_Sea_SCS-2007_Northern_South_China_Sea_(1970s),Sphyraena barracuda,21.2733711442,200.641254,474.257318131078
LME_036,36_2_South_China_Sea_SCS-2007_Northern_South_China_Sea_(1970s),Meretrix lusoria,0.1953750201,14.712171,0.3193767449821819
LME_036,36_2_South_China_Sea_SCS-2007_Northern_South_China_Sea_(1970s),Evynnis tumifrons,15.9482952818,228.824285,405.48414053630654
LME_036,36_2_South_China_Sea_SCS-2007_Northern_South_China_Sea_(1970s),Prionace glauca,0.7237128776999999,908.988005,73.0940360992591
LME_036,36_2_South_China_Sea_SCS-2007_Northern_South_China_Sea_(1970s),Hemitrygon akajei,10.1425065203,308.68601,347.87220768337676
LME_036,36_2_South_China_Sea_SCS-2007_Northern_South_China_Sea_(1970s),Encrasicholina punctifer,7.6674712837,60.479203,51.524728029284766
LME_036,36_2_South_China_Sea_SCS-2007_Northern_South_China_Sea_(1970s),Scylla,7.2840730241,33.254785,26.91447581563837
LME_036,36_2_South_China_Sea_SCS-2007_Northern_South_China_Sea_(1970s),Mizuhopecten yessoensis,0.040256841599999996,14.712171,0.06580728194879039
LME_036,36_2_South_China_Sea_SCS-2007_Northern_South_China_Sea_(1970s),Parupeneus barberinus,5.1350411205999995,228.824285,130.55801254076596
LME_036,36_2_South_China_Sea_SCS-2007_Northern_South_China_Sea_(1970s),Nibea mitsukurii,4.8153212723,265.549442,142.07843076777723
LME_036,36_2_South_China_Sea_SCS-2007_Northern_South_China_Sea_(1970s),Saurida undosquamis,3.4704392705,667.104795,257.23851978965024
LME_036,36_2_South_China_Sea_SCS-2007_Northern_South_China_Sea_(1970s),Cheilopogon unicolor,3.1102282117,200.641254,69.3377876246295
LME_036,36_2_South_China_Sea_SCS-2007_Northern_South_China_Sea_(1970s),Sillago sihama,1.7710203696,228.824285,45.02805219935064
LME_036,36_2_South_China_Sea_SCS-2007_Northern_South_China_Sea_(1970s),Bramidae,1.7670124221999999,200.641254,39.39284313597616
LME_036,36_2_South_China_Sea_SCS-2007_Northern_South_China_Sea_(1970s),Carcharhinus longimanus,0.037258559000000004,908.988005,3.763064801620533
LME_036,36_2_South_China_Sea_SCS-2007_Northern_South_China_Sea_(1970s),Lutjanus bohar,1.6326978833,554.842266,100.65442147373062
LME_036,36_2_South_China_Sea_SCS-2007_Northern_South_China_Sea_(1970s),Marine pelagic fishes not identified,0.0009124182,94.940534,0.0096250523488132
LME_036,36_2_South_China_Sea_SCS-2007_Northern_South_China_Sea_(1970s),Metapenaeus ensis,1.1772400435,20.606299,2.6953955923482233
LME_036,36_2_South_China_Sea_SCS-2007_Northern_South_China_Sea_(1970s),Carcharhinus falciformis,0.5268441401,908.988005,53.210555983937724
LME_036,36_2_South_China_Sea_SCS-2007_Northern_South_China_Sea_(1970s),Acanthocybium solandri,0.0568957078,200.641254,1.2684029066899536
LME_036,36_2_South_China_Sea_SCS-2007_Northern_South_China_Sea_(1970s),Thunnus alalunga,1.84165e-05,200.641254,0.00041056773936566665
LME_036,36_2_South_China_Sea_SCS-2007_Northern_South_China_Sea_(1970s),Thunnus orientalis,0.0012404569,200.641254,0.027654091994328067
LME_036,36_2_South_China_Sea_SCS-2007_Northern_South_China_Sea_(1970s),Tripneustes gratilla,0.0799632478,18.617087,0.16540919345501762
LME_047,47_1_East_China_Sea_(1997),Marine fishes not identified,96445.3159174003,166.961545,1789184.328175805
LME_047,47_1_East_China_Sea_(1997),Engraulis japonicus,5113.3542427261,100.997642,57381.85791400352
LME_047,47_1_East_China_Sea_(1997),Sardinops sagax,268.7087304553,100.997642,3015.4386845332097
LME_047,47_1_East_China_Sea_(1997),Scomber japonicus,274.3660367916,90.847833,2769.50665459057
LME_047,47_1_East_China_Sea_(1997),Trichiurus lepturus,1263.0170595552,137.300843,19268.14522225668
LME_047,47_1_East_China_Sea_(1997),Cololabis saira,2807.2783872135,100.997642,31503.166394014053
LME_047,47_1_East_China_Sea_(1997),Larimichthys polyactis,1028.3531237953,133.416232,15244.33321579983
LME_047,47_1_East_China_Sea_(1997),Pectinidae,36118.1642486681,14.497407,58179.9696895323
LME_047,47_1_East_China_Sea_(1997),Nemipterus,318.51415749830005,136.120059,4817.351767889322
LME_047,47_1_East_China_Sea_(1997),Muraenesox cinereus,385.2446269104,304.388999,13029.358483931679
LME_047,47_1_East_China_Sea_(1997),Acetes japonicus,698.375342503,20.606299,1598.9923468715806
LME_047,47_1_East_China_Sea_(1997),Scomber,1139.5439125481,90.847833,11502.78834037071
LME_047,47_1_East_China_Sea_(1997),Penaeus chinensis,321.0324740052,20.606299,735.0323497845421
LME_047,47_1_East_China_Sea_(1997),Sciaenidae,542.2469985972,173.538806,10455.655188182418
LME_047,47_1_East_China_Sea_(1997),Miscellaneous marine crustaceans,979.1430601709,20.706252,2252.7092164388687
LME_047,47_1_East_China_Sea_(1997),Pampus,364.6808054192,123.077794,4987.123227237597
LME_047,47_1_East_China_Sea_(1997),Portunus trituberculatus,969.9244250017,21.002175,2263.3913900733423
LME_047,47_1_East_China_Sea_(1997),Planiliza haematocheilus,216.1911450591,67.814783,1628.995065411599
LME_047,47_1_East_China_Sea_(1997),Pennahia argentata,477.97704818719996,136.120059,7229.140444431945
LME_047,47_1_East_China_Sea_(1997),Trachysalambria curvirostris,832.8642884377,20.606299,1906.9167282188323
LME_047,47_1_East_China_Sea_(1997),Scomberomorus,245.1665226911,304.388999,8291.776936694969
LME_047,47_1_East_China_Sea_(1997),Squillidae,143.5662181417,20.606299,328.7076019252327
LME_047,47_1_East_China_Sea_(1997),Teuthida,369.0826392154,65.929169,2703.701299533126
LME_047,47_1_East_China_Sea_(1997),Scyphozoa,54.8571333814,10.0,60.95237042377778
LME_047,47_1_East_China_Sea_(1997),Seriola,1089.0645495600002,304.388999,36833.2520096616
LME_047,47_1_East_China_Sea_(1997),Scomberomorus niphonius,330.7545709102,304.388999,11186.450306003368
LME_047,47_1_East_China_Sea_(1997),Sepiida,280.8226313695,65.929169,2057.155858064941
LME_047,47_1_East_China_Sea_(1997),Decapoda,1263.6291867314,20.706252,2907.2249305572695
LME_047,47_1_East_China_Sea_(1997),Octopoda,2188.5528137076,65.929169,16032.163146705985
LME_047,47_1_East_China_Sea_(1997),Todarodes pacificus,626.3925684502,65.929169,4588.615722855256
LME_047,47_1_East_China_Sea_(1997),Dussumieria,467.95062873560005,100.997642,5251.323341634783
LME_047,47_1_East_China_Sea_(1997),Monacanthidae,212.2757613354,92.061187,2171.3731733184036
LME_047,47_1_East_China_Sea_(1997),Sparidae,267.0691229386,131.221463,3893.9112260144393
LME_047,47_1_East_China_Sea_(1997),Gadus macrocephalus,4500.7486747843,136.120059,68071.35279509009
LME_047,47_1_East_China_Sea_(1997),Alepes,36.8127700378,123.077794,503.42605858685783
LME_047,47_1_East_China_Sea_(1997),Epinephelus,285.0944213729,304.388999,9642.178393575692
LME_047,47_1_East_China_Sea_(1997),Thunnus albacares,25.819429006300002,304.388999,873.238905553247
LME_047,47_1_East_China_Sea_(1997),Mugil cephalus,119.89165517080001,67.814783,903.380730990959
LME_047,47_1_East_China_Sea_(1997),Oncorhynchus,4702.322030736,123.077794,64305.713580065225
LME_047,47_1_East_China_Sea_(1997),Katsuwonus pelamis,107.7520595141,304.388999,3644.282392853925
LME_047,47_1_East_China_Sea_(1997),Miscellaneous aquatic invertebrates,303.2381295897,13.498083,454.7926046629474
LME_047,47_1_East_China_Sea_(1997),Ilisha elongata,74.841652477,131.221463,1091.2034590410572
LME_047,47_1_East_China_Sea_(1997),Larimichthys crocea,352.4265615349,245.321683,9606.430801071636
LME_047,47_1_East_China_Sea_(1997),Decapterus maruadsi,696.7727553791,123.077794,9528.58373904014
LME_047,47_1_East_China_Sea_(1997),Brachyura,122.00726198219999,21.002175,284.71309638011235
LME_047,47_1_East_China_Sea_(1997),Pagrus major,1613.4790089625,131.221463,23524.78623064993
LME_047,47_1_East_China_Sea_(1997),Cephalopoda,725.9140287224,65.929169,5317.656519901107
LME_047,47_1_East_China_Sea_(1997),Clupeidae,2629.7614890743,100.997642,29511.078824323675
LME_047,47_1_East_China_Sea_(1997),Conger myriaster,185.9686303117,136.120059,2812.673436686421
LME_047,47_1_East_China_Sea_(1997),Portunus pelagicus,171.0099280537,21.002175,399.064492857913
LME_047,47_1_East_China_Sea_(1997),Bivalvia,1617.7687551267,14.497407,2605.9391194394566
LME_047,47_1_East_China_Sea_(1997),Pleuronectidae,3478.9724396025,67.814783,26213.973450513797
LME_047,47_1_East_China_Sea_(1997),Ruditapes philippinarum,3.8715414268,14.497407,6.236367975742257
LME_047,47_1_East_China_Sea_(1997),Trachurus japonicus,406.6490578837,123.077794,5561.052108500456
LME_047,47_1_East_China_Sea_(1997),Miichthys miiuy,31.6932942449,136.120059,479.34367583557207
LME_047,47_1_East_China_Sea_(1997),Ruvettus pretiosus,24.207359928,136.120059,366.1230290703995
LME_047,47_1_East_China_Sea_(1997),Ammodytes personatus,529.2079487819999,100.997642,5938.750550515418
LME_047,47_1_East_China_Sea_(1997),Psenopsis anomala,301.4161333192,106.962813,3582.2575003782954
LME_047,47_1_East_China_Sea_(1997),Charybdis,513.2191715265,21.002175,1197.6354281949523
LME_047,47_1_East_China_Sea_(1997),Scombridae,265.51169876449995,182.29247,5377.864820186294
LME_047,47_1_East_China_Sea_(1997),Turbo cornutus,205.3120510472,14.497407,330.72137400400385
LME_047,47_1_East_China_Sea_(1997),Coryphaena hippurus,18.6547097357,304.388999,630.9209358983642
LME_047,47_1_East_China_Sea_(1997),Gastropoda,2.5492008252,14.497407,4.106311320851139
LME_047,47_1_East_China_Sea_(1997),Thunnus alalunga,7.5302674218000005,304.388999,254.68117363600146
LME_047,47_1_East_China_Sea_(1997),Paralichthys olivaceus,139.3215789437,304.388999,4711.995105974702
LME_047,47_1_East_China_Sea_(1997),Dendrobranchiata,99.91556810899999,20.606299,228.7655634676576
LME_047,47_1_East_China_Sea_(1997),Mollusca,3723.7753938464,14.497407,5998.34305124184
LME_047,47_1_East_China_Sea_(1997),Lateolabrax japonicus,754.4909169786999,136.120059,11411.260903789414
LME_047,47_1_East_China_Sea_(1997),Mytilidae,1.9148300699,14.497407,3.084452317686528
LME_047,47_1_East_China_Sea_(1997),Tetraodontidae,304.539004516,136.120059,4605.98525139102
LME_047,47_1_East_China_Sea_(1997),Sepiidae,936.4793175548,65.929169,6860.144799119454
LME_047,47_1_East_China_Sea_(1997),Acanthopagrus schlegelii,18.1449835135,131.221463,264.5568091947056
LME_047,47_1_East_China_Sea_(1997),Loliginidae,191.5186974305,65.929169,1402.9631743950333
LME_047,47_1_East_China_Sea_(1997),Scomber australasicus,4005.9273097160003,90.847833,40436.64613813538
LME_047,47_1_East_China_Sea_(1997),Apostichopus japonicus,0.887421841,14.362944,1.4162211340733226
LME_047,47_1_East_China_Sea_(1997),Stephanolepis cirrhifer,12.4946179222,67.814783,94.14664478465599
LME_047,47_1_East_China_Sea_(1997),Echinoidea,203.09969546739998,14.362944,324.1232836017022
LME_047,47_1_East_China_Sea_(1997),Congridae,1094.3957258675,105.627174,12844.214195673636
LME_047,47_1_East_China_Sea_(1997),Clupea pallasii,9.9441200898,100.997642,111.59252009273648
LME_047,47_1_East_China_Sea_(1997),Elasmobranchii,49.850630560300004,86.734781,480.42039159550313
LME_047,47_1_East_China_Sea_(1997),Menidae,3.8931301217999996,123.077794,53.23976301623281
LME_047,47_1_East_China_Sea_(1997),Platycephalus indicus,781.5066496337,304.388999,26431.336310427298
LME_047,47_1_East_China_Sea_(1997),Carangidae,0.7618020409999999,125.430939,10.61706059274961
LME_047,47_1_East_China_Sea_(1997),Paralichthyidae,430.0169697964,304.388999,14543.603887704383
LME_047,47_1_East_China_Sea_(1997),Serranidae,4.255589608699999,304.388999,143.92829568299942
LME_047,47_1_East_China_Sea_(1997),Auxis,303.89589582919996,304.388999,10278.063059073162
LME_047,47_1_East_China_Sea_(1997),Sardinella zunasi,5.8766769748000005,100.997642,65.94783525005484
LME_047,47_1_East_China_Sea_(1997),Thunnus obesus,0.3024765014,304.388999,10.2300577202409
LME_047,47_1_East_China_Sea_(1997),Chelidonichthys kumu,2.4894829322,67.814783,18.758193869927414
LME_047,47_1_East_China_Sea_(1997),Thunnus orientalis,27.181669761099997,304.388999,919.3112499699774
LME_047,47_1_East_China_Sea_(1997),Konosirus punctatus,34.9949263962,100.997642,392.7116719977509
LME_047,47_1_East_China_Sea_(1997),Exocoetidae,242.6978617824,100.997642,2723.5457509404796
LME_047,47_1_East_China_Sea_(1997),Mytilus coruscus,4.4772435096,14.497407,7.212046821864401
LME_047,47_1_East_China_Sea_(1997),Coryphaena,180.7958117914,304.388999,6114.695130508517
LME_047,47_1_East_China_Sea_(1997),Pleurogrammus azonus,332.1298854837,90.847833,3352.586707859144
LME_047,47_1_East_China_Sea_(1997),Mene maculata,123.7917596818,123.077794,1692.8907441126762
LME_047,47_1_East_China_Sea_(1997),Scomberomorus guttatus,0.6237921037999999,304.388999,21.097272673309565
LME_047,47_1_East_China_Sea_(1997),Pampus argenteus,896.2772517552,123.077794,12256.86966204585
LME_047,47_1_East_China_Sea_(1997),Xiphias gladius,0.5534988443,304.388999,18.71988435157043
LME_047,47_1_East_China_Sea_(1997),Metapenaeus joyneri,0.6145167703,20.606299,1.4069907010351244
LME_047,47_1_East_China_Sea_(1997),Bathylagidae,28.5451606914,100.997642,320.3326578158322
LME_047,47_1_East_China_Sea_(1997),Scyllaridae,30.2480861974,21.002175,70.58617774809771
LME_047,47_1_East_China_Sea_(1997),Chanos chanos,0.0364799067,131.221463,0.5318829696975003
LME_047,47_1_East_China_Sea_(1997),Penaeus japonicus,72.3348824898,20.606299,165.61713519052034
LME_047,47_1_East_China_Sea_(1997),Priacanthus macracanthus,69.9188986314,136.120059,1057.4849563245762
LME_047,47_1_East_China_Sea_(1997),Panulirus longipes,171.9796887259,21.002175,401.32750211854204
LME_047,47_1_East_China_Sea_(1997),Arctoscopus japonicus,59.777306107600005,136.120059,904.098937136397
LME_047,47_1_East_China_Sea_(1997),Scomberomorus commerson,35.4458653868,304.388999,1198.8146093085334
LME_047,47_1_East_China_Sea_(1997),Penaeidae,600.086385269,20.606299,1373.9510534091341
LME_047,47_1_East_China_Sea_(1997),Atrobucca nibe,49.934087338299996,136.120059,755.2256571778387
LME_047,47_1_East_China_Sea_(1997),Nemipterus virgatus,76.6595604637,136.120059,1159.433765914768
LME_047,47_1_East_China_Sea_(1997),Pleuronectiformes,3.1675201962,105.627174,37.17513410139239
LME_047,47_1_East_China_Sea_(1997),Portunidae,544.4663449264,21.002175,1270.553050861624
LME_047,47_1_East_China_Sea_(1997),Liparis tanakae,545.881532743,136.120059,8256.158493776398
LME_047,47_1_East_China_Sea_(1997),Holothuroidea,486.5104889135,14.362944,776.4136564085802
LME_047,47_1_East_China_Sea_(1997),Gobiidae,0.5557810329,67.814783,4.187796682403263
LME_047,47_1_East_China_Sea_(1997),Mullidae,0.19475483100000002,67.814783,1.4674729558296304
LME_047,47_1_East_China_Sea_(1997),Engraulidae,444.8900588809,100.997642,4992.538544023562
LME_047,47_1_East_China_Sea_(1997),Perciformes,14.5895922426,166.961545,270.65565130494565
LME_047,47_1_East_China_Sea_(1997),Kajikia audax,1.3665073116,304.388999,46.21664363378946
LME_047,47_1_East_China_Sea_(1997),Salmonidae,361.0335612929,123.077794,4937.246031543768
LME_047,47_1_East_China_Sea_(1997),Gadus chalcogrammus,79.1061119446,123.077794,1081.8006388953797
LME_047,47_1_East_China_Sea_(1997),Mactridae,358.94716130949996,14.497407,578.2003432220527
LME_047,47_1_East_China_Sea_(1997),Parastromateus niger,84.12360336219999,123.077794,1150.4163916833952
LME_047,47_1_East_China_Sea_(1997),Octopodidae,4.6574607733999995,65.929169,34.11805760448436
LME_047,47_1_East_China_Sea_(1997),Megalaspis cordyla,2.0317101425999997,123.077794,27.784266933181485
LME_047,47_1_East_China_Sea_(1997),Bramidae,2.5129082597,304.388999,84.98906997210167
LME_047,47_1_East_China_Sea_(1997),Anadara,298.4799568307,14.497407,480.79837950189875
LME_047,47_1_East_China_Sea_(1997),Chondrichthyes,100.6509584681,86.734781,969.9932044634165
LME_047,47_1_East_China_Sea_(1997),Makaira mazara,0.2987021509,304.388999,10.102405412399772
LME_047,47_1_East_China_Sea_(1997),Ibacus ciliatus,279.4133805914,21.002175,652.0320796135763
LME_047,47_1_East_China_Sea_(1997),Decapterus,40.6377673801,123.077794,555.7340846919853
LME_047,47_1_East_China_Sea_(1997),Pagrus auratus,9.515390974399999,131.221463,138.73594718641817
LME_047,47_1_East_China_Sea_(1997),Haliotidae,0.0892946136,14.497407,0.1438378173629928
LME_047,47_1_East_China_Sea_(1997),Saurida tumbil,0.7426690954999999,304.388999,25.11781139638671
LME_047,47_1_East_China_Sea_(1997),Lutjanidae,12.328036736,304.388999,416.94652907847416
LME_047,47_1_East_China_Sea_(1997),Oratosquilla oratoria,201.3697558189,20.606299,461.0539331068047
LME_047,47_1_East_China_Sea_(1997),Spratelloides gracilis,146.7196583421,100.997642,1646.4821697330808
LME_047,47_1_East_China_Sea_(1997),Auxis rochei,181.7407700143,304.388999,6146.654562460222
LME_047,47_1_East_China_Sea_(1997),Ariidae,7.937717362700001,136.120059,120.05361730400539
LME_047,47_1_East_China_Sea_(1997),Sillago,8.3064329634,67.814783,62.588772101890896
LME_047,47_1_East_China_Sea_(1997),Rapana,127.2875117617,14.497407,205.0376515585169
LME_047,47_1_East_China_Sea_(1997),Batoidea,121.1045357946,67.814783,912.5197572473925
LME_047,47_1_East_China_Sea_(1997),Metapenaeus,4.5640729748,20.606299,10.449850264060919
LME_047,47_1_East_China_Sea_(1997),Rachycentridae,0.5792113405,304.388999,19.589506682693685
LME_047,47_1_East_China_Sea_(1997),Ommastrephidae,41.1263301946,65.929169,301.26941930550964
LME_047,47_1_East_China_Sea_(1997),Evynnis tumifrons,97.0330736089,131.221463,1414.7579864829497
LME_047,47_1_East_China_Sea_(1997),Meretrix lusoria,0.5807617849,14.497407,0.9355044406379727
LME_047,47_1_East_China_Sea_(1997),Sphyraenidae,0.0756191467,304.388999,2.5575151521385724
LME_047,47_1_East_China_Sea_(1997),Muraenidae,68.0741419688,304.388999,2302.3355479629918
LME_047,47_1_East_China_Sea_(1997),Penaeus penicillatus,20.2803759606,20.606299,46.43372120850398
LME_047,47_1_East_China_Sea_(1997),Berycidae,0.0857696463,304.388999,2.9008151979823396
LME_047,47_1_East_China_Sea_(1997),Isurus,4.8768692991,1154.744061,625.7262066009954
LME_047,47_1_East_China_Sea_(1997),Clupanodon thrissa,0.2072989624,100.997642,2.3263007101607402
LME_047,47_1_East_China_Sea_(1997),Saurida,47.7570724079,304.388999,1615.1919406012446
LME_047,47_1_East_China_Sea_(1997),Lates calcarifer,0.2216564459,304.388999,7.496642632155406
LME_047,47_1_East_China_Sea_(1997),Mizuhopecten yessoensis,0.16951840359999998,14.497407,0.2730641434421628
LME_047,47_1_East_China_Sea_(1997),Nibea mitsukurii,35.8918203781,131.221463,523.3085755274994
LME_047,47_1_East_China_Sea_(1997),Mierspenaeopsis hardwickii,29.9372671447,20.606299,68.54403089184049
LME_047,47_1_East_China_Sea_(1997),Istiophoridae,0.0450451177,304.388999,1.5234709207266868
LME_047,47_1_East_China_Sea_(1997),Scylla,14.816450745800001,21.002175,34.57529904913024
LME_047,47_1_East_China_Sea_(1997),Platycaranx malabaricus,14.3817194644,123.077794,196.67447840057926
LME_047,47_1_East_China_Sea_(1997),Polydactylus sexfilis,13.814894994400001,67.814783,104.09490069033582
LME_047,47_1_East_China_Sea_(1997),Scylla serrata,0.0996971852,21.002175,0.23265085895309
LME_047,47_1_East_China_Sea_(1997),Penaeus monodon,1.0443890992,20.606299,2.391221561161762
LME_047,47_1_East_China_Sea_(1997),Rachycentron canadum,3.8494797964000003,304.388999,130.19325576632443
LME_047,47_1_East_China_Sea_(1997),Sergestidae,7.0782484014,20.606299,16.206278106168938
LME_047,47_1_East_China_Sea_(1997),Psettodes erumei,6.871113315700001,304.388999,232.3879226868327
LME_047,47_1_East_China_Sea_(1997),Istiompax indica,1.4673706052,304.388999,49.627941075428026
LME_047,47_1_East_China_Sea_(1997),Sphyraena barracuda,6.223331072800001,304.388999,210.4792795216876
LME_047,47_1_East_China_Sea_(1997),Aluterus,5.2431525049,123.077794,71.70173821207402
LME_047,47_1_East_China_Sea_(1997),Epinephelus malabaricus,4.7103308359,304.388999,159.30809867760382
LME_047,47_1_East_China_Sea_(1997),Istiophorus platypterus,4.6362855199,304.388999,156.80381205339506
LME_047,47_1_East_China_Sea_(1997),Encrasicholina punctifer,4.3974868132,100.997642,49.34842209547716
LME_047,47_1_East_China_Sea_(1997),Auxis thazard,4.3940620954,304.388999,148.6115736402943
LME_047,47_1_East_China_Sea_(1997),Lethrinus miniatus,0.3757613694,136.120059,5.683184419183199
LME_047,47_1_East_China_Sea_(1997),Acetes,3.0226031556,20.606299,6.920518264737458
LME_047,47_1_East_China_Sea_(1997),Ammodytes,2.8460769219,100.997642,31.93856200694646
LME_047,47_1_East_China_Sea_(1997),Hemitrygon akajei,2.4882256703,67.814783,18.748720431824893
LME_047,47_1_East_China_Sea_(1997),Cheilopogon unicolor,2.2531685931,100.997642,25.284968325728606
LME_047,47_1_East_China_Sea_(1997),Metapenaeus ensis,1.2550072316,20.606299,2.8734504735013164
LME_047,47_1_East_China_Sea_(1997),Parupeneus barberinus,1.2409956336,67.814783,9.350872177392391
LME_047,47_1_East_China_Sea_(1997),Marine pelagic fishes not identified,0.0007974297999999999,170.39943,0.015097953709446
LME_047,47_1_East_China_Sea_(1997),Saurida undosquamis,0.9608905728,304.388999,32.498279955903186
LME_047,47_1_East_China_Sea_(1997),Prionace glauca,0.15985636209999998,1154.744061,20.510353860893385
LME_047,47_1_East_China_Sea_(1997),Sillago sihama,0.6952075637999999,67.814783,5.238372231006184
LME_047,47_1_East_China_Sea_(1997),Lutjanus bohar,0.5816938661,304.388999,19.673468180735448
LME_047,47_1_East_China_Sea_(1997),Lutjanus,0.5425306384,304.388999,18.34892866104522
LME_047,47_1_East_China_Sea_(1997),Carcharhinus falciformis,0.34443366000000003,1154.744061,44.19252481038815
LME_047,47_1_East_China_Sea_(1997),Tripneustes gratilla,0.0392230694,14.362944,0.06259541658892373
LME_047,47_1_East_China_Sea_(1997),Acanthocybium solandri,0.0251180804,304.388999,0.8495185944175021
LME_047,47_1_East_China_Sea_(1997),Chionoecetes opilio,0.0001452071,21.002175,0.00033885165838250003
LME_047,47_1_East_China_Sea_(1997),Carcharhinus longimanus,0.0065454276,1154.744061,0.8398104053117205
LME_047,47_1_East_China_Sea_(1997),Alopias,0.0008982737,1154.744061,0.11525291335861065
LME_047,47_2_East_China_Sea_(2018),Marine fishes not identified,96445.3159174003,392.019122,4200934.22966132
LME_047,47_2_East_China_Sea_(2018),Engraulis japonicus,5113.3542427261,78.43367,44562.12658523098
LME_047,47_2_East_China_Sea_(2018),Sardinops sagax,268.7087304553,78.43367,2341.7568767388834
LME_047,47_2_East_China_Sea_(2018),Scomber japonicus,274.3660367916,92.056968,2806.367274356793
LME_047,47_2_East_China_Sea_(2018),Trichiurus lepturus,1263.0170595552,185.475133,26028.695233585513
LME_047,47_2_East_China_Sea_(2018),Cololabis saira,2807.2783872135,78.43367,24465.01629120399
LME_047,47_2_East_China_Sea_(2018),Larimichthys polyactis,1028.3531237953,153.92434,17587.619540792206
LME_047,47_2_East_China_Sea_(2018),Pectinidae,36118.1642486681,14.610283,58632.95567928037
LME_047,47_2_East_China_Sea_(2018),Nemipterus,318.51415749830005,282.558121,9999.862428290859
LME_047,47_2_East_China_Sea_(2018),Muraenesox cinereus,385.2446269104,813.363464,34815.98935902562
LME_047,47_2_East_China_Sea_(2018),Acetes japonicus,698.375342503,20.606299,1598.9923468715806
LME_047,47_2_East_China_Sea_(2018),Scomber,1139.5439125481,92.056968,11655.884165781694
LME_047,47_2_East_China_Sea_(2018),Penaeus chinensis,321.0324740052,20.606299,735.0323497845421
LME_047,47_2_East_China_Sea_(2018),Sciaenidae,542.2469985972,376.17561,22664.45505199676
LME_047,47_2_East_China_Sea_(2018),Miscellaneous marine crustaceans,979.1430601709,20.850345,2268.385623213225
LME_047,47_2_East_China_Sea_(2018),Pampus,364.6808054192,313.230461,12692.126311034146
LME_047,47_2_East_China_Sea_(2018),Portunus trituberculatus,969.9244250017,21.572874,2324.895267787125
LME_047,47_2_East_China_Sea_(2018),Planiliza haematocheilus,216.1911450591,71.366198,1714.3044515704946
LME_047,47_2_East_China_Sea_(2018),Pennahia argentata,477.97704818719996,282.558121,15006.255179655745
LME_047,47_2_East_China_Sea_(2018),Trachysalambria curvirostris,832.8642884377,20.606299,1906.9167282188323
LME_047,47_2_East_China_Sea_(2018),Scomberomorus,245.1665226911,813.363464,22156.610239207523
LME_047,47_2_East_China_Sea_(2018),Squillidae,143.5662181417,20.606299,328.7076019252327
LME_047,47_2_East_China_Sea_(2018),Teuthida,369.0826392154,89.629351,3675.626379804828
LME_047,47_2_East_China_Sea_(2018),Scyphozoa,54.8571333814,10.0,60.95237042377778
LME_047,47_2_East_China_Sea_(2018),Seriola,1089.0645495600002,813.363464,98422.81272774683
LME_047,47_2_East_China_Sea_(2018),Scomberomorus niphonius,330.7545709102,813.363464,29891.520392150436
LME_047,47_2_East_China_Sea_(2018),Sepiida,280.8226313695,89.629351,2796.6611328622807
LME_047,47_2_East_China_Sea_(2018),Decapoda,1263.6291867314,20.850345,2927.4560550465685
LME_047,47_2_East_China_Sea_(2018),Octopoda,2188.5528137076,89.629351,21795.396480204006
LME_047,47_2_East_China_Sea_(2018),Todarodes pacificus,626.3925684502,89.629351,6238.128820157167
LME_047,47_2_East_China_Sea_(2018),Dussumieria,467.95062873560005,78.43367,4078.12057672673
LME_047,47_2_East_China_Sea_(2018),Monacanthidae,212.2757613354,177.483081,4186.150682603052
LME_047,47_2_East_China_Sea_(2018),Sparidae,267.0691229386,255.902608,7593.74278625115
LME_047,47_2_East_China_Sea_(2018),Gadus macrocephalus,4500.7486747843,282.558121,141302.56540447692
LME_047,47_2_East_China_Sea_(2018),Alepes,36.8127700378,313.230461,1281.2089921807867
LME_047,47_2_East_China_Sea_(2018),Epinephelus,285.0944213729,813.363464,25765.042903881953
LME_047,47_2_East_China_Sea_(2018),Thunnus albacares,25.819429006300002,813.363464,2333.3978016740275
LME_047,47_2_East_China_Sea_(2018),Mugil cephalus,119.89165517080001,71.366198,950.690177940782
LME_047,47_2_East_China_Sea_(2018),Oncorhynchus,4702.322030736,313.230461,163656.72193976594
LME_047,47_2_East_China_Sea_(2018),Katsuwonus pelamis,107.7520595141,813.363464,9737.954264391394
LME_047,47_2_East_China_Sea_(2018),Miscellaneous aquatic invertebrates,303.2381295897,13.576785,457.44432102683277
LME_047,47_2_East_China_Sea_(2018),Ilisha elongata,74.841652477,255.902608,2128.0193395437727
LME_047,47_2_East_China_Sea_(2018),Larimichthys crocea,352.4265615349,309.990455,12138.763351587682
LME_047,47_2_East_China_Sea_(2018),Decapterus maruadsi,696.7727553791,313.230461,24250.050153292857
LME_047,47_2_East_China_Sea_(2018),Brachyura,122.00726198219999,21.572874,292.4496988696656
LME_047,47_2_East_China_Sea_(2018),Pagrus major,1613.4790089625,255.902608,45877.05403852879
LME_047,47_2_East_China_Sea_(2018),Cephalopoda,725.9140287224,89.629351,7229.244808464897
LME_047,47_2_East_China_Sea_(2018),Clupeidae,2629.7614890743,78.43367,22917.982756973583
LME_047,47_2_East_China_Sea_(2018),Conger myriaster,185.9686303117,282.558121,5838.549638424178
LME_047,47_2_East_China_Sea_(2018),Portunus pelagicus,171.0099280537,21.572874,409.9084034057262
LME_047,47_2_East_China_Sea_(2018),Bivalvia,1617.7687551267,14.610283,2626.2288156620875
LME_047,47_2_East_China_Sea_(2018),Pleuronectidae,3478.9724396025,71.366198,27586.781773468338
LME_047,47_2_East_China_Sea_(2018),Ruditapes philippinarum,3.8715414268,14.610283,6.284923987974643
LME_047,47_2_East_China_Sea_(2018),Trachurus japonicus,406.6490578837,313.230461,14152.76354068078
LME_047,47_2_East_China_Sea_(2018),Miichthys miiuy,31.6932942449,282.558121,995.0219633487842
LME_047,47_2_East_China_Sea_(2018),Ruvettus pretiosus,24.207359928,282.558121,759.9984595140418
LME_047,47_2_East_China_Sea_(2018),Ammodytes personatus,529.2079487819999,78.43367,4611.969068460476
LME_047,47_2_East_China_Sea_(2018),Psenopsis anomala,301.4161333192,202.643715,6786.676112970886
LME_047,47_2_East_China_Sea_(2018),Charybdis,513.2191715265,21.572874,1230.179169080619
LME_047,47_2_East_China_Sea_(2018),Scombridae,265.51169876449995,400.941723,11828.30199769951
LME_047,47_2_East_China_Sea_(2018),Turbo cornutus,205.3120510472,14.610283,333.29635212333756
LME_047,47_2_East_China_Sea_(2018),Coryphaena hippurus,18.6547097357,813.363464,1685.8954811714973
LME_047,47_2_East_China_Sea_(2018),Gastropoda,2.5492008252,14.610283,4.1382828311117255
LME_047,47_2_East_China_Sea_(2018),Thunnus alalunga,7.5302674218000005,813.363464,680.5382661157331
LME_047,47_2_East_China_Sea_(2018),Paralichthys olivaceus,139.3215789437,813.363464,12591.009117733032
LME_047,47_2_East_China_Sea_(2018),Dendrobranchiata,99.91556810899999,20.606299,228.7655634676576
LME_047,47_2_East_China_Sea_(2018),Mollusca,3723.7753938464,14.610283,6045.045814725819
LME_047,47_2_East_China_Sea_(2018),Lateolabrax japonicus,754.4909169786999,282.558121,23687.50397922983
LME_047,47_2_East_China_Sea_(2018),Mytilidae,1.9148300699,14.610283,3.1084676909054205
LME_047,47_2_East_China_Sea_(2018),Tetraodontidae,304.539004516,282.558121,9561.107654139054
LME_047,47_2_East_China_Sea_(2018),Sepiidae,936.4793175548,89.629351,9326.225939706626
LME_047,47_2_East_China_Sea_(2018),Acanthopagrus schlegelii,18.1449835135,255.902608,515.9276225801837
LME_047,47_2_East_China_Sea_(2018),Loliginidae,191.5186974305,89.629351,1907.2996172290093
LME_047,47_2_East_China_Sea_(2018),Scomber australasicus,4005.9273097160003,92.056968,40974.835795650215
LME_047,47_2_East_China_Sea_(2018),Apostichopus japonicus,0.887421841,14.100435,1.390337109622315
LME_047,47_2_East_China_Sea_(2018),Stephanolepis cirrhifer,12.4946179222,71.366198,99.0770418411193
LME_047,47_2_East_China_Sea_(2018),Echinoidea,203.09969546739998,14.100435,318.1993393842075
LME_047,47_2_East_China_Sea_(2018),Congridae,1094.3957258675,188.277687,22894.47732544655
LME_047,47_2_East_China_Sea_(2018),Clupea pallasii,9.9441200898,78.43367,86.66153706263817
LME_047,47_2_East_China_Sea_(2018),Elasmobranchii,49.850630560300004,97.927326,542.4154389093401
LME_047,47_2_East_China_Sea_(2018),Menidae,3.8931301217999996,313.230461,135.49410475382223
LME_047,47_2_East_China_Sea_(2018),Platycephalus indicus,781.5066496337,813.363464,70627.66174278896
LME_047,47_2_East_China_Sea_(2018),Carangidae,0.7618020409999999,296.665354,25.111141352354164
LME_047,47_2_East_China_Sea_(2018),Paralichthyidae,430.0169697964,813.363464,38862.2324591537
LME_047,47_2_East_China_Sea_(2018),Serranidae,4.255589608699999,813.363464,384.59345616607067
LME_047,47_2_East_China_Sea_(2018),Auxis,303.89589582919996,813.363464,27464.202058557916
LME_047,47_2_East_China_Sea_(2018),Sardinella zunasi,5.8766769748000005,78.43367,51.21437139311795
LME_047,47_2_East_China_Sea_(2018),Thunnus obesus,0.3024765014,813.363464,27.335926106367207
LME_047,47_2_East_China_Sea_(2018),Chelidonichthys kumu,2.4894829322,71.366198,19.740547984111753
LME_047,47_2_East_China_Sea_(2018),Thunnus orientalis,27.181669761099997,813.363464,2456.5085637991497
LME_047,47_2_East_China_Sea_(2018),Konosirus punctatus,34.9949263962,78.43367,304.9756120704267
LME_047,47_2_East_China_Sea_(2018),Exocoetidae,242.6978617824,78.43367,2115.0760000829305
LME_047,47_2_East_China_Sea_(2018),Mytilus coruscus,4.4772435096,14.610283,7.2681994150188025
LME_047,47_2_East_China_Sea_(2018),Coryphaena,180.7958117914,813.363464,16339.189750593905
LME_047,47_2_East_China_Sea_(2018),Pleurogrammus azonus,332.1298854837,92.056968,3397.20780442407
LME_047,47_2_East_China_Sea_(2018),Mene maculata,123.7917596818,313.230461,4308.372217014603
LME_047,47_2_East_China_Sea_(2018),Scomberomorus guttatus,0.6237921037999999,813.363464,56.374411818068396
LME_047,47_2_East_China_Sea_(2018),Pampus argenteus,896.2772517552,313.230461,31193.481861232707
LME_047,47_2_East_China_Sea_(2018),Xiphias gladius,0.5534988443,813.363464,50.021748591093846
LME_047,47_2_East_China_Sea_(2018),Metapenaeus joyneri,0.6145167703,20.606299,1.4069907010351244
LME_047,47_2_East_China_Sea_(2018),Bathylagidae,28.5451606914,78.43367,248.76685708513773
LME_047,47_2_East_China_Sea_(2018),Scyllaridae,30.2480861974,21.572874,72.50423914196102
LME_047,47_2_East_China_Sea_(2018),Chanos chanos,0.0364799067,255.902608,1.037255918236297
LME_047,47_2_East_China_Sea_(2018),Penaeus japonicus,72.3348824898,20.606299,165.61713519052034
LME_047,47_2_East_China_Sea_(2018),Priacanthus macracanthus,69.9188986314,282.558121,2195.128068853095
LME_047,47_2_East_China_Sea_(2018),Panulirus longipes,171.9796887259,21.572874,412.2329061603401
LME_047,47_2_East_China_Sea_(2018),Arctoscopus japonicus,59.777306107600005,282.558121,1876.729254689476
LME_047,47_2_East_China_Sea_(2018),Scomberomorus commerson,35.4458653868,813.363464,3203.3746506094835
LME_047,47_2_East_China_Sea_(2018),Penaeidae,600.086385269,20.606299,1373.9510534091341
LME_047,47_2_East_China_Sea_(2018),Atrobucca nibe,49.934087338299996,282.558121,1567.697988017771
LME_047,47_2_East_China_Sea_(2018),Nemipterus virgatus,76.6595604637,282.558121,2406.753484589885
LME_047,47_2_East_China_Sea_(2018),Pleuronectiformes,3.1675201962,188.277687,66.26370845181357
LME_047,47_2_East_China_Sea_(2018),Portunidae,544.4663449264,21.572874,1305.0782062597516
LME_047,47_2_East_China_Sea_(2018),Liparis tanakae,545.881532743,282.558121,17138.14002005134
LME_047,47_2_East_China_Sea_(2018),Holothuroidea,486.5104889135,14.100435,762.2232806381141
LME_047,47_2_East_China_Sea_(2018),Gobiidae,0.5557810329,71.366198,4.407108804287324
LME_047,47_2_East_China_Sea_(2018),Mullidae,0.19475483100000002,71.366198,1.5443235367336152
LME_047,47_2_East_China_Sea_(2018),Engraulidae,444.8900588809,78.43367,3877.151118282787
LME_047,47_2_East_China_Sea_(2018),Perciformes,14.5895922426,392.019122,635.4887934757847
LME_047,47_2_East_China_Sea_(2018),Kajikia audax,1.3665073116,813.363464,123.49634672714481
LME_047,47_2_East_China_Sea_(2018),Salmonidae,361.0335612929,313.230461,12565.189871138537
LME_047,47_2_East_China_Sea_(2018),Gadus chalcogrammus,79.1061119446,313.230461,2753.1604347027405
LME_047,47_2_East_China_Sea_(2018),Mactridae,358.94716130949996,14.610283,582.7021787531606
LME_047,47_2_East_China_Sea_(2018),Parastromateus niger,84.12360336219999,313.230461,2927.7861180136724
LME_047,47_2_East_China_Sea_(2018),Octopodidae,4.6574607733999995,89.629351,46.38279849197778
LME_047,47_2_East_China_Sea_(2018),Megalaspis cordyla,2.0317101425999997,313.230461,70.71038939833039
LME_047,47_2_East_China_Sea_(2018),Bramidae,2.5129082597,813.363464,227.10086298042265
LME_047,47_2_East_China_Sea_(2018),Anadara,298.4799568307,14.610283,484.5418487915901
LME_047,47_2_East_China_Sea_(2018),Chondrichthyes,100.6509584681,97.927326,1095.164358013121
LME_047,47_2_East_China_Sea_(2018),Makaira mazara,0.2987021509,813.363464,26.994824017808305
LME_047,47_2_East_China_Sea_(2018),Ibacus ciliatus,279.4133805914,21.572874,669.7499614902576
LME_047,47_2_East_China_Sea_(2018),Decapterus,40.6377673801,313.230461,1414.3318456088318
LME_047,47_2_East_China_Sea_(2018),Pagrus auratus,9.515390974399999,255.902608,270.55704072095784
LME_047,47_2_East_China_Sea_(2018),Haliotidae,0.0892946136,14.610283,0.14495773056351655
LME_047,47_2_East_China_Sea_(2018),Saurida tumbil,0.7426690954999999,813.363464,67.11776756906964
LME_047,47_2_East_China_Sea_(2018),Lutjanidae,12.328036736,813.363464,1114.1305182124681
LME_047,47_2_East_China_Sea_(2018),Oratosquilla oratoria,201.3697558189,20.606299,461.0539331068047
LME_047,47_2_East_China_Sea_(2018),Spratelloides gracilis,146.7196583421,78.43367,1278.6401405463355
LME_047,47_2_East_China_Sea_(2018),Auxis rochei,181.7407700143,813.363464,16424.589138762043
LME_047,47_2_East_China_Sea_(2018),Ariidae,7.937717362700001,282.558121,249.20738922595422
LME_047,47_2_East_China_Sea_(2018),Sillago,8.3064329634,71.366198,65.86650439330347
LME_047,47_2_East_China_Sea_(2018),Rapana,127.2875117617,14.610283,206.6340632449184
LME_047,47_2_East_China_Sea_(2018),Batoidea,121.1045357946,71.366198,960.3078089128345
LME_047,47_2_East_China_Sea_(2018),Metapenaeus,4.5640729748,20.606299,10.449850264060919
LME_047,47_2_East_China_Sea_(2018),Rachycentridae,0.5792113405,813.363464,52.34548247746261
LME_047,47_2_East_China_Sea_(2018),Ommastrephidae,41.1263301946,89.629351,409.56958715041134
LME_047,47_2_East_China_Sea_(2018),Evynnis tumifrons,97.0330736089,255.902608,2759.0018443081644
LME_047,47_2_East_China_Sea_(2018),Meretrix lusoria,0.5807617849,14.610283,0.9427882258860141
LME_047,47_2_East_China_Sea_(2018),Sphyraenidae,0.0756191467,813.363464,6.833983456070686
LME_047,47_2_East_China_Sea_(2018),Muraenidae,68.0741419688,813.363464,6152.1133245078845
LME_047,47_2_East_China_Sea_(2018),Penaeus penicillatus,20.2803759606,20.606299,46.43372120850398
LME_047,47_2_East_China_Sea_(2018),Berycidae,0.0857696463,813.363464,7.751321846735866
LME_047,47_2_East_China_Sea_(2018),Isurus,4.8768692991,1597.268427,865.518817117561
LME_047,47_2_East_China_Sea_(2018),Clupanodon thrissa,0.2072989624,78.43367,1.8065798231360013
LME_047,47_2_East_China_Sea_(2018),Saurida,47.7570724079,813.363464,4315.984204909819
LME_047,47_2_East_China_Sea_(2018),Lates calcarifer,0.2216564459,813.363464,20.031917183905843
LME_047,47_2_East_China_Sea_(2018),Mizuhopecten yessoensis,0.16951840359999998,14.610283,0.2751902055893576
LME_047,47_2_East_China_Sea_(2018),Nibea mitsukurii,35.8918203781,255.902608,1020.534493402593
LME_047,47_2_East_China_Sea_(2018),Mierspenaeopsis hardwickii,29.9372671447,20.606299,68.54403089184049
LME_047,47_2_East_China_Sea_(2018),Istiophoridae,0.0450451177,813.363464,4.070894774306634
LME_047,47_2_East_China_Sea_(2018),Scylla,14.816450745800001,21.572874,35.51482500737216
LME_047,47_2_East_China_Sea_(2018),Platycaranx malabaricus,14.3817194644,313.230461,500.5325130896316
LME_047,47_2_East_China_Sea_(2018),Polydactylus sexfilis,13.814894994400001,71.366198,109.54628127995105
LME_047,47_2_East_China_Sea_(2018),Scylla serrata,0.0996971852,21.572874,0.23897275716380717
LME_047,47_2_East_China_Sea_(2018),Penaeus monodon,1.0443890992,20.606299,2.391221561161762
LME_047,47_2_East_China_Sea_(2018),Rachycentron canadum,3.8494797964000003,813.363464,347.891802421991
LME_047,47_2_East_China_Sea_(2018),Sergestidae,7.0782484014,20.606299,16.206278106168938
LME_047,47_2_East_China_Sea_(2018),Psettodes erumei,6.871113315700001,813.363464,620.968058666031
LME_047,47_2_East_China_Sea_(2018),Istiompax indica,1.4673706052,813.363464,132.6117376019165
LME_047,47_2_East_China_Sea_(2018),Sphyraena barracuda,6.223331072800001,813.363464,562.4255687768272
LME_047,47_2_East_China_Sea_(2018),Aluterus,5.2431525049,313.230461,182.4794529114591
LME_047,47_2_East_China_Sea_(2018),Epinephelus malabaricus,4.7103308359,813.363464,425.690111697071
LME_047,47_2_East_China_Sea_(2018),Istiophorus platypterus,4.6362855199,813.363464,418.99836117321166
LME_047,47_2_East_China_Sea_(2018),Encrasicholina punctifer,4.3974868132,78.43367,38.32344772620894
LME_047,47_2_East_China_Sea_(2018),Auxis thazard,4.3940620954,813.363464,397.10772966062694
LME_047,47_2_East_China_Sea_(2018),Lethrinus miniatus,0.3757613694,282.558121,11.797158498005656
LME_047,47_2_East_China_Sea_(2018),Acetes,3.0226031556,20.606299,6.920518264737458
LME_047,47_2_East_China_Sea_(2018),Ammodytes,2.8460769219,78.43367,24.803139787435597
LME_047,47_2_East_China_Sea_(2018),Hemitrygon akajei,2.4882256703,71.366198,19.730578428368055
LME_047,47_2_East_China_Sea_(2018),Cheilopogon unicolor,2.2531685931,78.43367,19.63603132061885
LME_047,47_2_East_China_Sea_(2018),Metapenaeus ensis,1.2550072316,20.606299,2.8734504735013164
LME_047,47_2_East_China_Sea_(2018),Parupeneus barberinus,1.2409956336,71.366198,9.840571122737007
LME_047,47_2_East_China_Sea_(2018),Marine pelagic fishes not identified,0.0007974297999999999,383.325254,0.03396388673690768
LME_047,47_2_East_China_Sea_(2018),Saurida undosquamis,0.9608905728,813.363464,86.83925386861692
LME_047,47_2_East_China_Sea_(2018),Prionace glauca,0.15985636209999998,1597.268427,28.370391115267708
LME_047,47_2_East_China_Sea_(2018),Sillago sihama,0.6952075637999999,71.366198,5.5127022943609365
LME_047,47_2_East_China_Sea_(2018),Lutjanus bohar,0.5816938661,813.363464,52.56983754651646
LME_047,47_2_East_China_Sea_(2018),Lutjanus,0.5425306384,813.363464,49.03051104168394
LME_047,47_2_East_China_Sea_(2018),Carcharhinus falciformis,0.34443366000000003,1597.268427,61.12811225711698
LME_047,47_2_East_China_Sea_(2018),Tripneustes gratilla,0.0392230694,14.100435,0.06145137117502099
LME_047,47_2_East_China_Sea_(2018),Acanthocybium solandri,0.0251180804,813.363464,2.2700143203527228
LME_047,47_2_East_China_Sea_(2018),Chionoecetes opilio,0.0001452071,21.572874,0.00034805938580059997
LME_047,47_2_East_China_Sea_(2018),Carcharhinus longimanus,0.0065454276,1597.268427,1.1616449829660427
LME_047,47_2_East_China_Sea_(2018),Alopias,0.0008982737,1597.268427,0.15942046886827443
LME_052,52_1_Sea_of_Okhotsk_NE_(1980),Gadus chalcogrammus,923208.4884604431,456.532042,46830472.936508834
LME_052,52_1_Sea_of_Okhotsk_NE_(1980),Clupea pallasii,161943.02309012003,614.061386,11049217.467972122
LME_052,52_1_Sea_of_Okhotsk_NE_(1980),Marine fishes not identified,92370.9474503823,543.741533,5580657.841259257
LME_052,52_1_Sea_of_Okhotsk_NE_(1980),Oncorhynchus gorbuscha,38090.207594901105,537.793674,2276074.742876063
LME_052,52_1_Sea_of_Okhotsk_NE_(1980),Gadus macrocephalus,24054.5427940988,707.656366,1891372.259940383
LME_052,52_1_Sea_of_Okhotsk_NE_(1980),Sardinops sagax,21.9969678496,14.256076,34.84338282593936
LME_052,52_1_Sea_of_Okhotsk_NE_(1980),Oncorhynchus nerka,4238.1481004927,537.793674,253249.91532445452
LME_052,52_1_Sea_of_Okhotsk_NE_(1980),Pleuronectiformes,4231.576548999899,395.928999,186155.98524860048
LME_052,52_1_Sea_of_Okhotsk_NE_(1980),Eleginus gracilis,3212.7990931659,707.656366,252617.52566198626
LME_052,52_1_Sea_of_Okhotsk_NE_(1980),Oncorhynchus,5894.5735631253,537.793674,352229.3747973807
LME_052,52_1_Sea_of_Okhotsk_NE_(1980),Mallotus villosus,13136.9065293748,260.615355,380408.839861648
LME_052,52_1_Sea_of_Okhotsk_NE_(1980),Ammodytes personatus,1004.489325578,100.461579,11212.509304023442
LME_052,52_1_Sea_of_Okhotsk_NE_(1980),Pectinidae,4031.3510486623,10.0,4479.278942958111
LME_052,52_1_Sea_of_Okhotsk_NE_(1980),Pleurogrammus monopterygius,3605.6575846294,458.549467,183708.0404018132
LME_052,52_1_Sea_of_Okhotsk_NE_(1980),Decapoda,183.6261636607,95.896642,1956.570275378173
LME_052,52_1_Sea_of_Okhotsk_NE_(1980),Reinhardtius hippoglossoides,1157.8072329413,233.24334,30005.64734304298
LME_052,52_1_Sea_of_Okhotsk_NE_(1980),Pleurogrammus azonus,2378.6242492891997,458.549467,121190.76463387084
LME_052,52_1_Sea_of_Okhotsk_NE_(1980),Todarodes pacificus,722.0140089483,957.310082,76799.0322346051
LME_052,52_1_Sea_of_Okhotsk_NE_(1980),Pleuronectidae,2847.4303743336,233.24334,73793.79676966878
LME_052,52_1_Sea_of_Okhotsk_NE_(1980),Brachyura,28.165166887199998,95.896642,300.1049917613414
LME_052,52_1_Sea_of_Okhotsk_NE_(1980),Cephalopoda,130.2634287837,860.399224,12453.172560119416
LME_052,52_1_Sea_of_Okhotsk_NE_(1980),Hippoglossus stenolepis,465.2317961262,233.24334,12056.913111408216
LME_052,52_1_Sea_of_Okhotsk_NE_(1980),Octopoda,208.4912859668,100.0,2316.569844075556
LME_052,52_1_Sea_of_Okhotsk_NE_(1980),Holothuroidea,32.0613255318,10.0,35.623695035333334
LME_052,52_1_Sea_of_Okhotsk_NE_(1980),Salmonidae,121.4436363878,537.793674,7256.846599657228
LME_052,52_1_Sea_of_Okhotsk_NE_(1980),Bivalvia,254.1788803015,10.0,282.42097811277773
LME_052,52_1_Sea_of_Okhotsk_NE_(1980),Arctoscopus japonicus,288.4743273631,458.549467,14697.749895059222
LME_052,52_1_Sea_of_Okhotsk_NE_(1980),Atheresthes evermanni,62.0506270717,233.24334,1608.0995008108584
LME_052,52_1_Sea_of_Okhotsk_NE_(1980),Chionoecetes opilio,11.6055491131,95.896642,123.6592431680409
LME_052,52_1_Sea_of_Okhotsk_NE_(1980),Paralichthys olivaceus,18.0668965621,458.549467,920.5073098772318
LME_052,52_1_Sea_of_Okhotsk_NE_(1980),Bathylagidae,4.3620853697,433.072664,209.89999240571152
LME_052,52_1_Sea_of_Okhotsk_NE_(1980),Mactridae,67.0308301922,10.0,74.47870021355556
LME_052,52_1_Sea_of_Okhotsk_NE_(1980),Ommastrephidae,50.870228090299996,957.310082,5410.953580498199
LME_052,52_1_Sea_of_Okhotsk_NE_(1980),Dendrobranchiata,0.8393735317,95.896642,8.943678119301172
LME_052,52_1_Sea_of_Okhotsk_NE_(1980),Loliginidae,1.0924504261,957.310082,116.20153411008066
LME_052,52_1_Sea_of_Okhotsk_NE_(1980),Octopodidae,0.0011967775000000002,100.0,0.01329752777777778
