unit_id,region_name,region_type,year,taxon,common_name,functional_group,commercial_group,catch_tonnes,landings_tonnes,discards_tonnes,reported_tonnes,unreported_tonnes,taxon_key,tl,match_method,tl_source,match_confidence,reference_taxon,sppr,ppr
LME_040,Northeast Australian Shelf-Great Barrier Reef,LME,2019,Lates calcarifer,Barramundi,Large demersals (>=90 cm),Perch-likes,1763.8804287722,1763.8804287722,0.0,807.4006366973,956.4797920749,lates calcarifer,4.35,exact_2020_supplement,2020 supplement MeanTL,high,Lates calcarifer,2238.7211385683377,3948836.401799307
LME_040,Northeast Australian Shelf-Great Barrier Reef,LME,2019,Thunnus albacares,Yellowfin tuna,Large pelagics (>=90 cm),Tuna & billfishes,1652.3461098502,1641.4913387969,10.854771053299999,1546.7117467645,105.6343630857,thunnus albacares,4.41,exact_2020_supplement,2020 supplement MeanTL,high,Thunnus albacares,2570.3957827688646,4247183.4724334935
LME_040,Northeast Australian Shelf-Great Barrier Reef,LME,2019,Melicertus plebejus,Eastern king prawn,Shrimps,Crustaceans,1394.8070437403999,1394.8070437403999,0.0,1394.8070437403999,0.0,melicertus plebejus,3.655,exact_sea_around_us,Sea Around Us exploited organisms,high,Melicertus plebejus,451.85594437492216,630251.8539701117
LME_040,Northeast Australian Shelf-Great Barrier Reef,LME,2019,Marine fishes not identified,Marine fishes nei,Medium demersals (30 - 89 cm),Other fishes & inverts,1278.3268551934,940.8078969643001,337.5189582291,501.9044467108,776.4224084826,marine fishes not identified,3.28,exact_sea_around_us,Sea Around Us exploited organisms,high,Marine fishes not identified,190.54607179632464,243580.16072885148
LME_040,Northeast Australian Shelf-Great Barrier Reef,LME,2019,Penaeidae,Commercial shrimps and prawns,Shrimps,Crustaceans,1198.4657861295,1182.2920998811,16.1736862484,1171.7594343612,26.7063517683,penaeidae,3.31,exact_sea_around_us,Sea Around Us exploited organisms,high,Penaeidae,204.17379446695296,244695.30709287972
LME_040,Northeast Australian Shelf-Great Barrier Reef,LME,2019,Prionace glauca,Blue shark,Large sharks (>=90 cm),Sharks & rays,808.9167612065,281.6578232869,527.2589379196,281.6578232869,527.2589379196,prionace glauca,4.35,exact_2020_supplement,2020 supplement MeanTL,high,Prionace glauca,2238.7211385683377,1810939.052655228
LME_040,Northeast Australian Shelf-Great Barrier Reef,LME,2019,Mugilidae,"Mullets, grey mullets",Medium reef assoc. fish (30 - 89 cm),Perch-likes,802.5621723026001,802.5621723026001,0.0,646.7112931087,155.8508791939,mugilidae,2.53,exact_sea_around_us,Sea Around Us exploited organisms,high,Mugilidae,33.88441561392024,27194.35020231197
LME_040,Northeast Australian Shelf-Great Barrier Reef,LME,2019,Thunnus alalunga,Albacore,Large pelagics (>=90 cm),Tuna & billfishes,735.8288910205999,735.8254650017,0.0034260188999999997,735.8254650017,0.0034260188999999997,thunnus alalunga,4.3,exact_2020_supplement,2020 supplement MeanTL,high,Thunnus alalunga,1995.2623149688789,1468171.656518745
LME_040,Northeast Australian Shelf-Great Barrier Reef,LME,2019,Scomberomorus commerson,Narrow-barred Spanish mackerel,Large pelagics (>=90 cm),Perch-likes,595.6278847162,595.6278847162,0.0,375.0542082921,220.5736764241,scomberomorus commerson,4.5,exact_2020_supplement,2020 supplement MeanTL,high,Scomberomorus commerson,3162.2776601683795,1883540.7536113863
LME_040,Northeast Australian Shelf-Great Barrier Reef,LME,2019,Scomberomorus semifasciatus,Broad-barred king mackerel,Large pelagics (>=90 cm),Perch-likes,587.1993855716,587.1993855716,0.0,587.1993855716,0.0,scomberomorus semifasciatus,4.5,exact_2020_supplement,2020 supplement MeanTL,high,Scomberomorus semifasciatus,3162.2776601683795,1856887.4990576694
LME_040,Northeast Australian Shelf-Great Barrier Reef,LME,2019,Scylla,Mud crabs,"Lobsters, crabs",Crustaceans,573.2004885287,573.2004885287,0.0,341.24970299570003,231.95078553300002,scylla,3.17,exact_sea_around_us,Sea Around Us exploited organisms,high,Scylla,147.91083881682073,84782.56506849144
LME_040,Northeast Australian Shelf-Great Barrier Reef,LME,2019,Penaeus,Tiger prawns,Shrimps,Crustaceans,524.2833896814,524.2833896814,0.0,524.2833896814,0.0,penaeus,2.7,exact_sea_around_us,Sea Around Us exploited organisms,high,Penaeus,50.11872336272725,26276.414171115015
LME_040,Northeast Australian Shelf-Great Barrier Reef,LME,2019,Chondrichthyes,"Sharks, rays, chimaeras",Large sharks (>=90 cm),Sharks & rays,467.8379257422,467.8379257422,0.0,1.9525651505,465.8853605917,chondrichthyes,4.0,exact_sea_around_us,Sea Around Us exploited organisms,high,Chondrichthyes,1000.0,467837.9257422
LME_040,Northeast Australian Shelf-Great Barrier Reef,LME,2019,Serranidae,"Basses, groupers, hinds",Medium reef assoc. fish (30 - 89 cm),Perch-likes,451.2822242244,451.0176241851,0.2646000393,11.9279916884,439.354232536,serranidae,3.98,exact_sea_around_us,Sea Around Us exploited organisms,high,Serranidae,954.992586021436,430971.1783375653
LME_040,Northeast Australian Shelf-Great Barrier Reef,LME,2019,Decapoda,"Crabs, lobsters, shrimps","Lobsters, crabs",Crustaceans,367.8166875829,359.87865145710003,7.9380361258,7.706611500799999,360.1100760821,decapoda,3.43,exact_sea_around_us,Sea Around Us exploited organisms,high,Decapoda,269.1534803926917,98999.14160944887
LME_040,Northeast Australian Shelf-Great Barrier Reef,LME,2019,Triglidae,"Searobins, gurnards",Medium demersals (30 - 89 cm),Scorpionfishes,366.34443715009996,0.0798641761,366.264572974,0.0798641761,366.264572974,triglidae,3.74,exact_sea_around_us,Sea Around Us exploited organisms,high,Triglidae,549.5408738576248,201321.24212434562
LME_040,Northeast Australian Shelf-Great Barrier Reef,LME,2019,Carangidae,"Jacks, pompanos",Medium pelagics (30 - 89 cm),Perch-likes,352.7779384831,268.0539638141,84.723974669,82.6882279427,270.0897105404,carangidae,4.05,exact_sea_around_us,Sea Around Us exploited organisms,high,Carangidae,1122.018454301963,395823.35724864085
LME_040,Northeast Australian Shelf-Great Barrier Reef,LME,2019,Ranina ranina,Kona crab ,"Lobsters, crabs",Crustaceans,349.2498979696,349.2498979696,0.0,349.2498979696,0.0,ranina ranina,3.92,exact_2020_supplement,2020 supplement MeanTL,high,Ranina ranina,831.7637711026708,290493.41219241754
LME_040,Northeast Australian Shelf-Great Barrier Reef,LME,2019,Lutjanus malabaricus,Malabar blood snapper,Medium reef assoc. fish (30 - 89 cm),Perch-likes,346.9142080154,346.9142080154,0.0,346.9142080154,0.0,lutjanus malabaricus,4.48,exact_2020_supplement,2020 supplement MeanTL,high,Lutjanus malabaricus,3019.951720402019,1047664.1593280111
LME_040,Northeast Australian Shelf-Great Barrier Reef,LME,2019,Elasmobranchii,"Sharks, rays, skates",Large sharks (>=90 cm),Sharks & rays,293.85401295049996,287.2702807462,6.5837322043,16.2583722219,277.59564072859996,elasmobranchii,4.05,exact_sea_around_us,Sea Around Us exploited organisms,high,Elasmobranchii,1122.018454301963,329709.625401149
LME_040,Northeast Australian Shelf-Great Barrier Reef,LME,2019,Lutjanus,Snappers,Medium reef assoc. fish (30 - 89 cm),Perch-likes,280.36906218900003,280.36906218900003,0.0,57.3035525564,223.0655096326,lutjanus,4.02,exact_sea_around_us,Sea Around Us exploited organisms,high,Lutjanus,1047.1285480508984,293582.44900835963
LME_040,Northeast Australian Shelf-Great Barrier Reef,LME,2019,Trochus niloticus,Commercial top,Other demersal invertebrates,Molluscs,227.7863735318,227.7863735318,0.0,227.7863735318,0.0,trochus niloticus,2.0,exact_sea_around_us,Sea Around Us exploited organisms,high,Trochus niloticus,10.0,2277.863735318
LME_040,Northeast Australian Shelf-Great Barrier Reef,LME,2019,Portunus,Swimmer crabs,"Lobsters, crabs",Crustaceans,222.17775301,199.9700074251,22.2077455849,0.0,222.17775301,portunus,3.26,exact_sea_around_us,Sea Around Us exploited organisms,high,Portunus,181.97008586099827,40429.70479163337
LME_040,Northeast Australian Shelf-Great Barrier Reef,LME,2019,Polynemidae,Threadfins,Small demersals (<30 cm),Perch-likes,222.1164909842,184.3834958718,37.7329951124,117.1753356633,104.94115532090001,polynemidae,3.62,exact_sea_around_us,Sea Around Us exploited organisms,high,Polynemidae,416.8693834703355,92593.56465517779
LME_040,Northeast Australian Shelf-Great Barrier Reef,LME,2019,Portunus armatus,Blue swimmer crab,"Lobsters, crabs",Crustaceans,221.314276509,221.314276509,0.0,221.314276509,0.0,portunus armatus,3.26,exact_sea_around_us,Sea Around Us exploited organisms,high,Portunus armatus,181.97008586099827,40272.577898607444
LME_040,Northeast Australian Shelf-Great Barrier Reef,LME,2019,Xiphias gladius,Swordfish,Large pelagics (>=90 cm),Tuna & billfishes,214.4221283796,146.5038209735,67.9183074061,146.5038209735,67.9183074061,xiphias gladius,4.53,exact_2020_supplement,2020 supplement MeanTL,high,Xiphias gladius,3388.4415613920273,726556.8514835736
LME_040,Northeast Australian Shelf-Great Barrier Reef,LME,2019,Perciformes,Perch-likes,Medium demersals (30 - 89 cm),Perch-likes,189.8592450331,76.5379072792,113.3213377539,4.7736371033000005,185.0856079298,perciformes,3.53,exact_sea_around_us,Sea Around Us exploited organisms,high,Perciformes,338.84415613920237,64332.69566846682
LME_040,Northeast Australian Shelf-Great Barrier Reef,LME,2019,Lethrinidae,"Emperors, scavengers",Medium reef assoc. fish (30 - 89 cm),Perch-likes,182.5694458885,182.5694458885,0.0,19.026177678499998,163.54326821,lethrinidae,3.59,exact_sea_around_us,Sea Around Us exploited organisms,high,Lethrinidae,389.04514499428046,71027.75654721692
LME_040,Northeast Australian Shelf-Great Barrier Reef,LME,2019,Sciaenidae,"Drums, croakers",Medium demersals (30 - 89 cm),Perch-likes,179.2809294479,120.092063983,59.1888654649,12.8531625803,166.42776686759998,sciaenidae,3.76,exact_sea_around_us,Sea Around Us exploited organisms,high,Sciaenidae,575.4399373371566,103165.40680724678
LME_040,Northeast Australian Shelf-Great Barrier Reef,LME,2019,Lutjanus argentimaculatus,Mangrove red snapper,Large reef assoc. fish (>=90 cm),Perch-likes,171.49397781509998,171.49397781509998,0.0,31.2985870053,140.1953908098,lutjanus argentimaculatus,3.58,exact_2020_supplement,2020 supplement MeanTL,high,Lutjanus argentimaculatus,380.1893963205613,65200.191898134595
LME_040,Northeast Australian Shelf-Great Barrier Reef,LME,2019,Scomberomorus,Spanish mackerels,Large pelagics (>=90 cm),Perch-likes,169.5271998754,169.5271998754,0.0,68.13175175309999,101.3954481223,scomberomorus,4.35,exact_sea_around_us,Sea Around Us exploited organisms,high,Scomberomorus,2238.7211385683377,379524.1259233576
LME_040,Northeast Australian Shelf-Great Barrier Reef,LME,2019,Sparidae,"Porgies, seabreams",Medium benthopelagics (30 - 89 cm),Perch-likes,161.6295880704,161.6295880704,0.0,55.265528752799995,106.3640593176,sparidae,3.31,exact_sea_around_us,Sea Around Us exploited organisms,high,Sparidae,204.17379446695296,33000.52629446412
LME_040,Northeast Australian Shelf-Great Barrier Reef,LME,2019,Scombridae,"Mackerels, tunas, bonitos",Medium pelagics (30 - 89 cm),Perch-likes,158.1432313654,104.2424565883,53.9007747771,40.4753688232,117.6678625422,scombridae,4.26,exact_sea_around_us,Sea Around Us exploited organisms,high,Scombridae,1819.7008586099826,287773.3738989755
LME_040,Northeast Australian Shelf-Great Barrier Reef,LME,2019,Plectropomus leopardus,Leopard coralgrouper,Large reef assoc. fish (>=90 cm),Perch-likes,154.7860739013,154.7860739013,0.0,154.7860739013,0.0,plectropomus leopardus,4.42,exact_2020_supplement,2020 supplement MeanTL,high,Plectropomus leopardus,2630.2679918953813,407128.8557737424
LME_040,Northeast Australian Shelf-Great Barrier Reef,LME,2019,Cephalopoda,"Squids, cuttlefishes, octopuses",Cephalopods,Other fishes & inverts,145.0541330505,145.0541330505,0.0,142.4572457779,2.5968872726,cephalopoda,3.81,exact_sea_around_us,Sea Around Us exploited organisms,high,Cephalopoda,645.6542290346556,93654.81444301094
LME_040,Northeast Australian Shelf-Great Barrier Reef,LME,2019,Penaeus merguiensis,Banana prawn,Shrimps,Crustaceans,143.88473676339999,143.88473676339999,0.0,143.88473676339999,0.0,penaeus merguiensis,3.77,exact_sea_around_us,Sea Around Us exploited organisms,high,Penaeus merguiensis,588.843655355589,84725.61434563715
LME_040,Northeast Australian Shelf-Great Barrier Reef,LME,2019,Metapenaeus,Indo-Pacific prawns,Shrimps,Crustaceans,140.90933664,137.4021582618,3.5071783782,137.4021582618,3.5071783782,metapenaeus,2.7,exact_sea_around_us,Sea Around Us exploited organisms,high,Metapenaeus,50.11872336272725,7062.196062285567
LME_040,Northeast Australian Shelf-Great Barrier Reef,LME,2019,Thunnus obesus,Bigeye tuna,Large pelagics (>=90 cm),Tuna & billfishes,140.0661556368,133.6387241836,6.4274314532,133.6387241836,6.4274314532,thunnus obesus,4.49,exact_2020_supplement,2020 supplement MeanTL,high,Thunnus obesus,3090.295432513592,432845.80101414095
LME_040,Northeast Australian Shelf-Great Barrier Reef,LME,2019,Scyllaridae,Slipper lobsters,"Lobsters, crabs",Crustaceans,134.8475544907,134.4047211442,0.4428333465,134.4047211442,0.4428333465,scyllaridae,2.87,exact_sea_around_us,Sea Around Us exploited organisms,high,Scyllaridae,74.13102413009177,9996.387315833947
LME_040,Northeast Australian Shelf-Great Barrier Reef,LME,2019,Lutjanidae,Snappers,Medium reef assoc. fish (30 - 89 cm),Perch-likes,131.7451847913,131.068178678,0.6770061133,9.964178839999999,121.78100595129999,lutjanidae,4.02,exact_sea_around_us,Sea Around Us exploited organisms,high,Lutjanidae,1047.1285480508984,137954.14406321128
LME_040,Northeast Australian Shelf-Great Barrier Reef,LME,2019,Pomatomus saltatrix,Bluefish,Large pelagics (>=90 cm),Perch-likes,131.3745882408,131.3745882408,0.0,20.9077370859,110.4668511549,pomatomus saltatrix,4.53,exact_2020_supplement,2020 supplement MeanTL,high,Pomatomus saltatrix,3388.4415613920273,445155.114905891
LME_040,Northeast Australian Shelf-Great Barrier Reef,LME,2019,Caranx ignobilis,Giant trevally,Large reef assoc. fish (>=90 cm),Perch-likes,113.7491189365,113.7491189365,0.0,3.7145834570000003,110.0345354795,caranx ignobilis,4.22,exact_2020_supplement,2020 supplement MeanTL,high,Caranx ignobilis,1659.5869074375596,188776.54851957317
LME_040,Northeast Australian Shelf-Great Barrier Reef,LME,2019,Platycephalidae,Flatheads,Medium demersals (30 - 89 cm),Scorpionfishes,110.6555139687,63.4994007783,47.1561131904,6.6873712379,103.9681427308,platycephalidae,3.9,exact_sea_around_us,Sea Around Us exploited organisms,high,Platycephalidae,794.3282347242813,87896.79907326553
LME_040,Northeast Australian Shelf-Great Barrier Reef,LME,2019,Portunidae,Swimming crabs,"Lobsters, crabs",Crustaceans,109.84327719129999,19.1267892902,90.7164879011,0.0,109.84327719129999,portunidae,3.56,exact_sea_around_us,Sea Around Us exploited organisms,high,Portunidae,363.0780547701014,39881.68341219025
LME_040,Northeast Australian Shelf-Great Barrier Reef,LME,2019,Trichiuridae,Cutlassfishes,Large benthopelagics (>=90 cm),Perch-likes,108.9461324733,0.0,108.9461324733,0.0,108.9461324733,trichiuridae,4.15,exact_sea_around_us,Sea Around Us exploited organisms,high,Trichiuridae,1412.5375446227554,153890.5024599806
LME_040,Northeast Australian Shelf-Great Barrier Reef,LME,2019,Gastropoda,Sea snails,Other demersal invertebrates,Molluscs,102.9640219659,102.9640219659,0.0,12.358254405,90.6057675609,gastropoda,3.06,exact_sea_around_us,Sea Around Us exploited organisms,high,Gastropoda,114.81536214968828,11821.851470403268
LME_040,Northeast Australian Shelf-Great Barrier Reef,LME,2019,Synodontidae,"Lizardfishes, sauries",Medium demersals (30 - 89 cm),Other fishes & inverts,101.7056812341,0.1396086196,101.5660726145,0.1396086196,101.5660726145,synodontidae,4.3,exact_sea_around_us,Sea Around Us exploited organisms,high,Synodontidae,1995.2623149688789,202929.51298463723
LME_040,Northeast Australian Shelf-Great Barrier Reef,LME,2019,Engraulidae,"Anchovies, round herrings",Small pelagics (<30 cm),Anchovies,100.2874264449,1.2594879906,99.02793845430001,1.2594879906,99.02793845430001,engraulidae,3.2,exact_sea_around_us,Sea Around Us exploited organisms,high,Engraulidae,158.48931924611142,15894.485946196673
LME_040,Northeast Australian Shelf-Great Barrier Reef,LME,2019,Pomadasys kaakan,Javelin grunter,Medium reef assoc. fish (30 - 89 cm),Perch-likes,97.8990830404,97.8990830404,0.0,2.8639369669,95.0351460735,pomadasys kaakan,3.46,exact_2020_supplement,2020 supplement MeanTL,high,Pomadasys kaakan,288.40315031266056,28234.40396157212
LME_040,Northeast Australian Shelf-Great Barrier Reef,LME,2019,Sillago,Smelt-whitings,Medium demersals (30 - 89 cm),Perch-likes,91.53076160360001,49.417745659000005,42.1130159446,10.3479452846,81.18281631900001,sillago,3.33,exact_sea_around_us,Sea Around Us exploited organisms,high,Sillago,213.79620895022325,19568.92983317634
LME_040,Northeast Australian Shelf-Great Barrier Reef,LME,2019,Clupeidae,"Herrings, sardines, menhadens",Small pelagics (<30 cm),Herring-likes,89.7045470351,36.022782852,53.6817641831,17.296192165,72.4083548701,clupeidae,3.16,exact_sea_around_us,Sea Around Us exploited organisms,high,Clupeidae,144.5439770745928,12966.251990128227
LME_040,Northeast Australian Shelf-Great Barrier Reef,LME,2019,Scomberoides,Queenfishes,Medium pelagics (30 - 89 cm),Perch-likes,85.9530496564,85.9530496564,0.0,29.5187318356,56.4343178208,scomberoides,4.47,exact_sea_around_us,Sea Around Us exploited organisms,high,Scomberoides,2951.209226666384,253665.43320608154
LME_040,Northeast Australian Shelf-Great Barrier Reef,LME,2019,Mullidae,Goatfishes,Medium reef assoc. fish (30 - 89 cm),Perch-likes,82.8346474846,50.5499177633,32.284729721299996,6.2401384683,76.59450901630001,mullidae,3.46,exact_sea_around_us,Sea Around Us exploited organisms,high,Mullidae,288.40315031266056,23889.773289597342
LME_040,Northeast Australian Shelf-Great Barrier Reef,LME,2019,Isurus,Mako sharks,Large sharks (>=90 cm),Sharks & rays,76.920854365,20.798513859899998,56.1223405051,20.798513859899998,56.1223405051,isurus,4.5,exact_sea_around_us,Sea Around Us exploited organisms,high,Isurus,3162.2776601683795,243245.09935950488
LME_040,Northeast Australian Shelf-Great Barrier Reef,LME,2019,Scolopsis,Monocle breams,Small reef assoc. fish (<30 cm),Perch-likes,75.14516047800001,0.257156441,74.888004037,0.257156441,74.888004037,scolopsis,3.3,exact_sea_around_us,Sea Around Us exploited organisms,high,Scolopsis,199.52623149688787,14993.430685404219
LME_040,Northeast Australian Shelf-Great Barrier Reef,LME,2019,Pristipomoides multidens,Goldbanded jobfish,Medium demersals (30 - 89 cm),Perch-likes,74.61705057,74.61705057,0.0,74.61705057,0.0,pristipomoides multidens,3.84,exact_2020_supplement,2020 supplement MeanTL,high,Pristipomoides multidens,691.8309709189363,51622.386542950466
LME_040,Northeast Australian Shelf-Great Barrier Reef,LME,2019,Pagrus auratus,Silver seabream,Large demersals (>=90 cm),Perch-likes,74.29433279540001,74.29433279540001,0.0,33.937015108100006,40.3573176873,pagrus auratus,3.59,exact_2020_supplement,2020 supplement MeanTL,high,Pagrus auratus,389.04514499428046,28903.849474639723
LME_040,Northeast Australian Shelf-Great Barrier Reef,LME,2019,Lethrinus miniatus,Trumpet emperor,Medium reef assoc. fish (30 - 89 cm),Perch-likes,73.1108930916,73.1108930916,0.0,58.7268474769,14.3840456147,lethrinus miniatus,4.19,exact_2020_supplement,2020 supplement MeanTL,high,Lethrinus miniatus,1548.8166189124827,113235.3662438039
LME_040,Northeast Australian Shelf-Great Barrier Reef,LME,2019,Scaridae,Parrotfishes,Medium reef assoc. fish (30 - 89 cm),Perch-likes,71.8731256446,71.8731256446,0.0,8.3565231629,63.5166024817,scaridae,2.0,exact_sea_around_us,Sea Around Us exploited organisms,high,Scaridae,10.0,718.731256446
LME_040,Northeast Australian Shelf-Great Barrier Reef,LME,2019,Eleutheronema tetradactylum,Fourfinger threadfin,Large demersals (>=90 cm),Perch-likes,71.67723915,71.67723915,0.0,57.9116925699,13.7655465801,eleutheronema tetradactylum,4.06,exact_2020_supplement,2020 supplement MeanTL,high,Eleutheronema tetradactylum,1148.1536214968817,82296.48170897058
LME_040,Northeast Australian Shelf-Great Barrier Reef,LME,2019,Lethrinus nebulosus,Spangled emperor,Medium demersals (30 - 89 cm),Perch-likes,70.821259299,70.821259299,0.0,28.6524734342,42.1687858648,lethrinus nebulosus,3.76,exact_2020_supplement,2020 supplement MeanTL,high,Lethrinus nebulosus,575.4399373371566,40753.381013155085
LME_040,Northeast Australian Shelf-Great Barrier Reef,LME,2019,Atractoscion aequidens,Geelbek croaker,Large benthopelagics (>=90 cm),Perch-likes,70.6116916379,70.6116916379,0.0,11.8738048936,58.7378867443,atractoscion aequidens,3.77,exact_2020_supplement,2020 supplement MeanTL,high,Atractoscion aequidens,588.843655355589,41579.24661490271
LME_040,Northeast Australian Shelf-Great Barrier Reef,LME,2019,Scylla serrata,Indo-Pacific swamp crab,"Lobsters, crabs",Crustaceans,70.4430776404,70.4430776404,0.0,70.4430776404,0.0,scylla serrata,3.17,exact_2020_supplement,2020 supplement MeanTL,high,Scylla serrata,147.91083881682073,10419.294702629993
LME_040,Northeast Australian Shelf-Great Barrier Reef,LME,2019,Kajikia audax,Striped marlin,Large pelagics (>=90 cm),Tuna & billfishes,67.4004699516,67.4004699516,0.0,67.4004699516,0.0,kajikia audax,4.58,exact_2020_supplement,2020 supplement MeanTL,high,Kajikia audax,3801.8939632056126,256249.43982620933
LME_040,Northeast Australian Shelf-Great Barrier Reef,LME,2019,Carcharhinus falciformis,Silky shark,Large sharks (>=90 cm),Sharks & rays,67.22043499990001,1.7646968515,65.4557381484,1.7646968515,65.4557381484,carcharhinus falciformis,4.51,exact_2020_supplement,2020 supplement MeanTL,high,Carcharhinus falciformis,3235.936569296281,217521.06382018008
LME_040,Northeast Australian Shelf-Great Barrier Reef,LME,2019,Lutjanus erythropterus,Crimson snapper,Medium reef assoc. fish (30 - 89 cm),Perch-likes,64.1653173164,64.1653173164,0.0,64.1653173164,0.0,lutjanus erythropterus,4.5,exact_2020_supplement,2020 supplement MeanTL,high,Lutjanus erythropterus,3162.2776601683795,202908.54950726702
LME_040,Northeast Australian Shelf-Great Barrier Reef,LME,2019,Panulirus,Spiny lobsters,"Lobsters, crabs",Crustaceans,56.3871938324,56.3871938324,0.0,53.380860634399994,3.006333198,panulirus,2.6,exact_sea_around_us,Sea Around Us exploited organisms,high,Panulirus,39.810717055349734,2244.814619206838
LME_040,Northeast Australian Shelf-Great Barrier Reef,LME,2019,Sillaginidae,Smelt-whitings,Medium demersals (30 - 89 cm),Perch-likes,56.3273998003,56.3273998003,0.0,32.861037695700006,23.4663621046,sillaginidae,3.25,exact_sea_around_us,Sea Around Us exploited organisms,high,Sillaginidae,177.82794100389228,10016.585528590402
LME_040,Northeast Australian Shelf-Great Barrier Reef,LME,2019,Siganidae,Rabbitfishes,Medium reef assoc. fish (30 - 89 cm),Perch-likes,54.155104077,54.155104077,0.0,0.0,54.155104077,siganidae,2.11,exact_sea_around_us,Sea Around Us exploited organisms,high,Siganidae,12.882495516931336,697.6528854909023
LME_040,Northeast Australian Shelf-Great Barrier Reef,LME,2019,Ephippidae,"Spade-, batfishes, scats",Medium reef assoc. fish (30 - 89 cm),Perch-likes,53.7840604021,0.1058612952,53.6781991069,0.1058612952,53.6781991069,ephippidae,3.57,exact_sea_around_us,Sea Around Us exploited organisms,high,Ephippidae,371.5352290971724,19982.673203270384
LME_040,Northeast Australian Shelf-Great Barrier Reef,LME,2019,Diagramma pictum,Painted sweetlips,Large reef assoc. fish (>=90 cm),Perch-likes,52.6580292698,52.6580292698,0.0,52.6580292698,0.0,diagramma pictum,3.7,exact_2020_supplement,2020 supplement MeanTL,high,Diagramma pictum,501.18723362727246,26391.532017995003
LME_040,Northeast Australian Shelf-Great Barrier Reef,LME,2019,Labridae,"Wrasses, gropers, tuskfishes",Medium reef assoc. fish (30 - 89 cm),Perch-likes,52.657968783,50.1505534351,2.5074153479,13.8483781678,38.8095906152,labridae,3.46,exact_sea_around_us,Sea Around Us exploited organisms,high,Labridae,288.40315031266056,15186.724086082937
LME_040,Northeast Australian Shelf-Great Barrier Reef,LME,2019,Hemiramphidae,"Halfbeaks, garfishes",Medium pelagics (30 - 89 cm),Other fishes & inverts,52.1354570853,52.1354570853,0.0,49.6552297175,2.4802273678,hemiramphidae,2.82,exact_sea_around_us,Sea Around Us exploited organisms,high,Hemiramphidae,66.06934480075958,3444.5554905138897
LME_040,Northeast Australian Shelf-Great Barrier Reef,LME,2019,Saurida,Lizardfishes,Medium demersals (30 - 89 cm),Other fishes & inverts,51.7157972251,0.0,51.7157972251,0.0,51.7157972251,saurida,4.35,exact_sea_around_us,Sea Around Us exploited organisms,high,Saurida,2238.7211385683377,115777.24844574515
LME_040,Northeast Australian Shelf-Great Barrier Reef,LME,2019,Bivalvia,Clams,Other demersal invertebrates,Molluscs,51.3463673459,51.3463673459,0.0,5.800209813,45.5461575329,bivalvia,2.23,exact_sea_around_us,Sea Around Us exploited organisms,high,Bivalvia,16.982436524617444,871.9864242214367
LME_040,Northeast Australian Shelf-Great Barrier Reef,LME,2019,Carcharhinus,Sharp-nosed sharks,Large sharks (>=90 cm),Sharks & rays,47.087701864,47.087701864,0.0,47.087701864,0.0,carcharhinus,4.26,exact_sea_around_us,Sea Around Us exploited organisms,high,Carcharhinus,1819.7008586099826,85685.53151189168
LME_040,Northeast Australian Shelf-Great Barrier Reef,LME,2019,Charybdis,Whirlpool swimming crabs,"Lobsters, crabs",Crustaceans,44.7549999545,0.1996703937,44.5553295608,0.1996703937,44.5553295608,charybdis,2.7,exact_sea_around_us,Sea Around Us exploited organisms,high,Charybdis,50.11872336272725,2243.0634618184563
LME_040,Northeast Australian Shelf-Great Barrier Reef,LME,2019,Carcharhinus tilstoni,Australian blacktip shark,Large sharks (>=90 cm),Sharks & rays,44.288761033,44.288761033,0.0,44.288761033,0.0,carcharhinus tilstoni,4.23,exact_2020_supplement,2020 supplement MeanTL,high,Carcharhinus tilstoni,1698.243652461746,75213.10729968737
LME_040,Northeast Australian Shelf-Great Barrier Reef,LME,2019,Acanthuridae,"Surgeons, tangs, unicornfishes",Small reef assoc. fish (<30 cm),Perch-likes,43.6602910756,43.6602910756,0.0,5.213298535,38.4469925406,acanthuridae,2.28,exact_sea_around_us,Sea Around Us exploited organisms,high,Acanthuridae,19.054607179632463,831.9296957939708
LME_040,Northeast Australian Shelf-Great Barrier Reef,LME,2019,Apogonidae,Cardinalfishes,Small reef assoc. fish (<30 cm),Perch-likes,42.8598803841,1.92292e-05,42.8598611549,1.92292e-05,42.8598611549,apogonidae,3.54,exact_sea_around_us,Sea Around Us exploited organisms,high,Apogonidae,346.73685045253166,14861.099935155078
LME_040,Northeast Australian Shelf-Great Barrier Reef,LME,2019,Sphyraena,"Barracudas, sennets",Large pelagics (>=90 cm),Perch-likes,41.997619790200005,41.997619790200005,0.0,1.1634349849999999,40.8341848052,sphyraena,4.4,exact_sea_around_us,Sea Around Us exploited organisms,high,Sphyraena,2511.886431509582,105493.2513067017
LME_040,Northeast Australian Shelf-Great Barrier Reef,LME,2019,Palinuridae,Spiny lobsters,"Lobsters, crabs",Crustaceans,40.835146854399994,40.835146854399994,0.0,5.0013797565,35.833767097899994,palinuridae,3.14,exact_sea_around_us,Sea Around Us exploited organisms,high,Palinuridae,138.03842646028852,5636.819416056176
LME_040,Northeast Australian Shelf-Great Barrier Reef,LME,2019,Rachycentron canadum,Cobia,Large pelagics (>=90 cm),Perch-likes,38.790260476200004,38.790260476200004,0.0,13.8470299814,24.9432304948,rachycentron canadum,3.96,exact_2020_supplement,2020 supplement MeanTL,high,Rachycentron canadum,912.0108393559096,35377.13801573353
LME_040,Northeast Australian Shelf-Great Barrier Reef,LME,2019,Protonibea diacanthus,Blackspotted croaker,Small pelagics (<30 cm),Perch-likes,38.0270745559,38.0270745559,0.0,38.0270745559,0.0,protonibea diacanthus,3.5,exact_2020_supplement,2020 supplement MeanTL,high,Protonibea diacanthus,316.22776601683796,12025.216834967998
LME_040,Northeast Australian Shelf-Great Barrier Reef,LME,2019,Gnathanodon speciosus,Golden trevally,Large reef assoc. fish (>=90 cm),Perch-likes,36.6927170067,36.6927170067,0.0,3.8231519490999997,32.8695650576,gnathanodon speciosus,3.84,exact_2020_supplement,2020 supplement MeanTL,high,Gnathanodon speciosus,691.8309709189363,25385.158032399027
LME_040,Northeast Australian Shelf-Great Barrier Reef,LME,2019,Marine finfishes not identified,Finfishes,Medium demersals (30 - 89 cm),Other fishes & inverts,35.9953584355,35.9953584355,0.0,35.9953584355,0.0,marine finfishes not identified,3.23,exact_sea_around_us,Sea Around Us exploited organisms,high,Marine finfishes not identified,169.82436524617444,6112.888898117319
LME_040,Northeast Australian Shelf-Great Barrier Reef,LME,2019,Katsuwonus pelamis,Skipjack tuna,Large pelagics (>=90 cm),Tuna & billfishes,35.5277315735,34.5626097963,0.9651217772,34.5626097963,0.9651217772,katsuwonus pelamis,4.43,exact_2020_supplement,2020 supplement MeanTL,high,Katsuwonus pelamis,2691.534803926914,95624.12603464835
LME_040,Northeast Australian Shelf-Great Barrier Reef,LME,2019,Haemulidae,"Grunts, sweetlips, bonnetmouths",Medium demersals (30 - 89 cm),Perch-likes,32.7602447331,4.7244695433,28.0357751898,3.3281956348,29.4320490983,haemulidae,3.36,exact_sea_around_us,Sea Around Us exploited organisms,high,Haemulidae,229.08676527677724,7504.9384955814585
LME_040,Northeast Australian Shelf-Great Barrier Reef,LME,2019,Terapontidae,"Grunters, tigerperches",Medium demersals (30 - 89 cm),Perch-likes,32.7457148542,8.3082248415,24.4374900127,8.3082248415,24.4374900127,terapontidae,3.64,exact_sea_around_us,Sea Around Us exploited organisms,high,Terapontidae,436.5158322401661,14294.022971880284
LME_040,Northeast Australian Shelf-Great Barrier Reef,LME,2019,Lethrinus lentjan,Pink ear emperor,Medium demersals (30 - 89 cm),Perch-likes,32.4726874762,32.4726874762,0.0,32.4726874762,0.0,lethrinus lentjan,3.94,exact_2020_supplement,2020 supplement MeanTL,high,Lethrinus lentjan,870.9635899560806,28282.52845979301
LME_040,Northeast Australian Shelf-Great Barrier Reef,LME,2019,Coryphaena hippurus,Common dolphinfish,Large pelagics (>=90 cm),Perch-likes,31.512507907099998,8.0968920245,23.4156158826,2.9247278474,28.5877800597,coryphaena hippurus,4.37,exact_2020_supplement,2020 supplement MeanTL,high,Coryphaena hippurus,2344.228815319923,73872.52907882073
LME_040,Northeast Australian Shelf-Great Barrier Reef,LME,2019,Istiompax indica,Black marlin,Large pelagics (>=90 cm),Tuna & billfishes,30.6137416945,30.6137416945,0.0,30.6137416945,0.0,istiompax indica,4.5,exact_2020_supplement,2020 supplement MeanTL,high,Istiompax indica,3162.2776601683795,96809.15145468262
LME_040,Northeast Australian Shelf-Great Barrier Reef,LME,2019,Bothidae,Lefteye flounders,Small to medium flatfishes (<90 cm),Flatfishes,30.1718469455,0.0,30.1718469455,0.0,30.1718469455,bothidae,3.77,exact_sea_around_us,Sea Around Us exploited organisms,high,Bothidae,588.843655355589,17766.500644217584
LME_040,Northeast Australian Shelf-Great Barrier Reef,LME,2019,Miscellaneous marine crustaceans,"Marine crabs, shrimps, lobsters nei",Shrimps,Crustaceans,30.0522591305,30.0522591305,0.0,1.8928154737999998,28.159443656700002,miscellaneous marine crustaceans,2.7,exact_sea_around_us,Sea Around Us exploited organisms,high,Miscellaneous marine crustaceans,50.11872336272725,1506.1808617865238
LME_040,Northeast Australian Shelf-Great Barrier Reef,LME,2019,Tetraodontidae,"Puffers, tobies",Large reef assoc. fish (>=90 cm),Other fishes & inverts,28.7106887262,0.0173106602,28.693378066,0.0173106602,28.693378066,tetraodontidae,3.5,exact_sea_around_us,Sea Around Us exploited organisms,high,Tetraodontidae,316.22776601683796,9079.116956691041
LME_040,Northeast Australian Shelf-Great Barrier Reef,LME,2019,Carcharhinus longimanus,Oceanic whitetip shark,Large sharks (>=90 cm),Sharks & rays,27.7025479315,4.5631459245,23.139402006999997,4.5631459245,23.139402006999997,carcharhinus longimanus,4.16,exact_2020_supplement,2020 supplement MeanTL,high,Carcharhinus longimanus,1445.439770745928,40042.36453118544
LME_040,Northeast Australian Shelf-Great Barrier Reef,LME,2019,Epinephelus,"Seabasses, hinds",Medium reef assoc. fish (30 - 89 cm),Perch-likes,27.1939179598,26.2481448769,0.9457730829,26.2481448769,0.9457730829,epinephelus,3.84,exact_sea_around_us,Sea Around Us exploited organisms,high,Epinephelus,691.8309709189363,18813.594665218334
LME_040,Northeast Australian Shelf-Great Barrier Reef,LME,2019,Marine pelagic fishes not identified,Pelagic fishes,Medium pelagics (30 - 89 cm),Other fishes & inverts,27.1889511346,22.5405941284,4.6483570062,22.5405941284,4.6483570062,marine pelagic fishes not identified,3.35,exact_sea_around_us,Sea Around Us exploited organisms,high,Marine pelagic fishes not identified,223.872113856834,6086.847964053068
LME_040,Northeast Australian Shelf-Great Barrier Reef,LME,2019,Acanthocybium solandri,Wahoo,Large pelagics (>=90 cm),Perch-likes,25.939572346,5.1492062266000005,20.790366119399998,5.1492062266000005,20.790366119399998,acanthocybium solandri,4.26,exact_2020_supplement,2020 supplement MeanTL,high,Acanthocybium solandri,1819.7008586099826,47202.26206999196
LME_040,Northeast Australian Shelf-Great Barrier Reef,LME,2019,Carcharhinidae,Requiem sharks,Large sharks (>=90 cm),Sharks & rays,24.8220739163,24.8220739163,0.0,24.821666016,0.0004079003,carcharhinidae,4.24,exact_sea_around_us,Sea Around Us exploited organisms,high,Carcharhinidae,1737.8008287493763,43135.82062302441
LME_040,Northeast Australian Shelf-Great Barrier Reef,LME,2019,Sphyrnidae,"Hammer, bonnet, scoophead sharks",Large sharks (>=90 cm),Sharks & rays,24.601200445099998,24.601200445099998,0.0,24.601200445099998,0.0,sphyrnidae,4.19,exact_sea_around_us,Sea Around Us exploited organisms,high,Sphyrnidae,1548.8166189124827,38102.74809456804
LME_040,Northeast Australian Shelf-Great Barrier Reef,LME,2019,Scorpaeniformes,"Scorpionfishes, flatheads",Medium demersals (30 - 89 cm),Scorpionfishes,23.870929083199997,0.0,23.870929083199997,0.0,23.870929083199997,scorpaeniformes,3.78,exact_sea_around_us,Sea Around Us exploited organisms,high,Scorpaeniformes,602.5595860743575,14383.657147583333
LME_040,Northeast Australian Shelf-Great Barrier Reef,LME,2019,Lutjanus johnii,John's snapper,Medium reef assoc. fish (30 - 89 cm),Perch-likes,23.6122005885,23.6122005885,0.0,17.988974674399998,5.6232259141,lutjanus johnii,4.2,exact_2020_supplement,2020 supplement MeanTL,high,Lutjanus johnii,1584.893192461114,37422.81597173996
LME_040,Northeast Australian Shelf-Great Barrier Reef,LME,2019,Priacanthus,Bigeyes,Medium reef assoc. fish (30 - 89 cm),Perch-likes,22.946893563,1.3515605720000001,21.595332991,1.3515605720000001,21.595332991,priacanthus,3.81,exact_sea_around_us,Sea Around Us exploited organisms,high,Priacanthus,645.6542290346556,14815.758872159066
LME_040,Northeast Australian Shelf-Great Barrier Reef,LME,2019,Carcharhinus amblyrhynchos,Blacktail reef shark,Large sharks (>=90 cm),Sharks & rays,22.7628882118,22.7628882118,0.0,22.7628882118,0.0,carcharhinus amblyrhynchos,4.11,exact_2020_supplement,2020 supplement MeanTL,high,Carcharhinus amblyrhynchos,1288.249551693135,29324.280534092293
LME_040,Northeast Australian Shelf-Great Barrier Reef,LME,2019,Lethrinus,Emperors,Medium reef assoc. fish (30 - 89 cm),Perch-likes,22.4362582858,9.5493970266,12.8868612592,0.16404961399999998,22.2722086718,lethrinus,3.75,exact_sea_around_us,Sea Around Us exploited organisms,high,Lethrinus,562.341325190349,12616.835216749721
LME_040,Northeast Australian Shelf-Great Barrier Reef,LME,2019,Holothuriidae,Fleshy sea cucumbers,Other demersal invertebrates,Other fishes & inverts,21.5775099908,21.5775099908,0.0,21.5775099908,0.0,holothuriidae,2.0,exact_sea_around_us,Sea Around Us exploited organisms,high,Holothuriidae,10.0,215.775099908
LME_040,Northeast Australian Shelf-Great Barrier Reef,LME,2019,Upeneus,Upeneid goatfishes,Small reef assoc. fish (<30 cm),Perch-likes,21.1641107963,0.0,21.1641107963,0.0,21.1641107963,upeneus,3.54,exact_sea_around_us,Sea Around Us exploited organisms,high,Upeneus,346.73685045253166,7338.377120137484
LME_040,Northeast Australian Shelf-Great Barrier Reef,LME,2019,Scomber australasicus,Blue mackerel,Medium pelagics (30 - 89 cm),Perch-likes,19.4210444219,19.4210444219,0.0,19.4210444219,0.0,scomber australasicus,4.23,exact_2020_supplement,2020 supplement MeanTL,high,Scomber australasicus,1698.243652461746,32981.665413669274
LME_040,Northeast Australian Shelf-Great Barrier Reef,LME,2019,Thunnus orientalis,Pacific bluefin tuna,Large pelagics (>=90 cm),Tuna & billfishes,19.227946695500002,19.0782139099,0.1497327856,19.0782139099,0.1497327856,thunnus orientalis,4.05,exact_2020_supplement,2020 supplement MeanTL,high,Thunnus orientalis,1122.018454301963,21574.11103068545
LME_040,Northeast Australian Shelf-Great Barrier Reef,LME,2019,Carcharhinus brevipinna,Spinner shark,Large sharks (>=90 cm),Sharks & rays,18.4132764259,18.4132764259,0.0,18.4132764259,0.0,carcharhinus brevipinna,4.2,exact_2020_supplement,2020 supplement MeanTL,high,Carcharhinus brevipinna,1584.893192461114,29183.076458313626
LME_040,Northeast Australian Shelf-Great Barrier Reef,LME,2019,Istiophoridae,Billfishes,Large pelagics (>=90 cm),Tuna & billfishes,17.9010924541,0.0244332277,17.8766592264,0.0244332277,17.8766592264,istiophoridae,4.48,exact_sea_around_us,Sea Around Us exploited organisms,high,Istiophoridae,3019.951720402019,54060.43495383489
LME_040,Northeast Australian Shelf-Great Barrier Reef,LME,2019,Trochus,Trochus,Other demersal invertebrates,Molluscs,16.527855092499998,16.527855092499998,0.0,7.8054681597,8.7223869328,trochus,2.1,exact_sea_around_us,Sea Around Us exploited organisms,high,Trochus,12.589254117941675,208.07336778399886
LME_040,Northeast Australian Shelf-Great Barrier Reef,LME,2019,Octopus,"Octopuses, pikas",Cephalopods,Other fishes & inverts,16.4714297605,16.4109551268,0.0604746337,16.4109551268,0.0604746337,octopus,3.8,exact_sea_around_us,Sea Around Us exploited organisms,high,Octopus,630.957344480193,10392.769581477101
LME_040,Northeast Australian Shelf-Great Barrier Reef,LME,2019,Malacostraca,"Lobsters, crabs, shrimps, krill",Shrimps,Crustaceans,16.0768098434,16.0768098434,0.0,1.9837989691,14.0930108743,malacostraca,3.0,exact_sea_around_us,Sea Around Us exploited organisms,high,Malacostraca,100.0,1607.68098434
LME_040,Northeast Australian Shelf-Great Barrier Reef,LME,2019,Carcharhinus sorrah,Spottail shark,Large sharks (>=90 cm),Sharks & rays,15.848008961199998,15.848008961199998,0.0,15.848008961199998,0.0,carcharhinus sorrah,4.15,exact_2020_supplement,2020 supplement MeanTL,high,Carcharhinus sorrah,1412.5375446227554,22385.907665212868
LME_040,Northeast Australian Shelf-Great Barrier Reef,LME,2019,Pteriomorphia,"Clams, cockles, arkshells",Other demersal invertebrates,Molluscs,14.897064309100001,14.897064309100001,0.0,0.0,14.897064309100001,pteriomorphia,2.27,exact_sea_around_us,Sea Around Us exploited organisms,high,Pteriomorphia,18.620871366628677,277.39631824014623
LME_040,Northeast Australian Shelf-Great Barrier Reef,LME,2019,Mytilidae,Sea mussels,Other demersal invertebrates,Molluscs,14.5782092679,14.5782092679,0.0,0.0,14.5782092679,mytilidae,2.0,exact_sea_around_us,Sea Around Us exploited organisms,high,Mytilidae,10.0,145.78209267900002
LME_040,Northeast Australian Shelf-Great Barrier Reef,LME,2019,Plotosidae,Eeltail catfishes,Medium reef assoc. fish (30 - 89 cm),Other fishes & inverts,14.0327103621,6.4587485881,7.573961774,0.0003720925,14.0323382696,plotosidae,3.49,exact_sea_around_us,Sea Around Us exploited organisms,high,Plotosidae,309.0295432513592,4336.522073778378
LME_040,Northeast Australian Shelf-Great Barrier Reef,LME,2019,Lutjanus russellii,Russell's snapper,Medium reef assoc. fish (30 - 89 cm),Perch-likes,12.928902989600001,12.928902989600001,0.0,12.928902989600001,0.0,lutjanus russellii,4.1,exact_2020_supplement,2020 supplement MeanTL,high,Lutjanus russellii,1258.9254117941662,16276.524520229008
LME_040,Northeast Australian Shelf-Great Barrier Reef,LME,2019,Etelis coruscans,Deepwater longtail red snapper,Large bathydemersals (>=90 cm),Perch-likes,12.5336660523,12.5336660523,0.0,12.5336660523,0.0,etelis coruscans,4.42,exact_2020_supplement,2020 supplement MeanTL,high,Etelis coruscans,2630.2679918953813,32966.90063847043
LME_040,Northeast Australian Shelf-Great Barrier Reef,LME,2019,Ostreidae,True oysters,Other demersal invertebrates,Molluscs,12.4191184131,12.4191184131,0.0,0.1582590774,12.2608593357,ostreidae,2.0,exact_sea_around_us,Sea Around Us exploited organisms,high,Ostreidae,10.0,124.191184131
LME_040,Northeast Australian Shelf-Great Barrier Reef,LME,2019,Sphyrna lewini,Scalloped hammerhead,Large sharks (>=90 cm),Sharks & rays,12.2251354853,12.2251354853,0.0,12.2251354853,0.0,sphyrna lewini,4.08,exact_2020_supplement,2020 supplement MeanTL,high,Sphyrna lewini,1202.2644346174131,14697.845602355479
LME_040,Northeast Australian Shelf-Great Barrier Reef,LME,2019,Cyprinus carpio,Common carp,Large benthopelagics (>=90 cm),Other fishes & inverts,11.9129859449,11.9129859449,0.0,0.0,11.9129859449,cyprinus carpio,3.06,exact_2020_supplement,2020 supplement MeanTL,high,Cyprinus carpio,114.81536214968828,1367.79379554784
LME_040,Northeast Australian Shelf-Great Barrier Reef,LME,2019,Trachichthyidae,Slimeheads,Medium bathypelagics (30 - 89 cm),Other fishes & inverts,11.0654210545,0.0,11.0654210545,0.0,11.0654210545,trachichthyidae,3.72,exact_sea_around_us,Sea Around Us exploited organisms,high,Trachichthyidae,524.8074602497728,5807.215520206508
LME_040,Northeast Australian Shelf-Great Barrier Reef,LME,2019,Plotosus lineatus,Striped eel catfish,Medium reef assoc. fish (30 - 89 cm),Other fishes & inverts,11.0421642435,0.0,11.0421642435,0.0,11.0421642435,plotosus lineatus,3.57,exact_2020_supplement,2020 supplement MeanTL,high,Plotosus lineatus,371.5352290971724,4102.553021937379
LME_040,Northeast Australian Shelf-Great Barrier Reef,LME,2019,Tridacnidae,Giant clams,Other demersal invertebrates,Molluscs,10.6835267114,10.6835267114,0.0,0.0,10.6835267114,tridacnidae,2.15,exact_sea_around_us,Sea Around Us exploited organisms,high,Tridacnidae,14.12537544622754,150.90882588832562
LME_040,Northeast Australian Shelf-Great Barrier Reef,LME,2019,Arcidae,Ark clams,Other demersal invertebrates,Molluscs,10.4841797925,10.4841797925,0.0,0.0,10.4841797925,arcidae,2.0,exact_sea_around_us,Sea Around Us exploited organisms,high,Arcidae,10.0,104.84179792500001
LME_040,Northeast Australian Shelf-Great Barrier Reef,LME,2019,Siganus,Spinefoots,Medium reef assoc. fish (30 - 89 cm),Perch-likes,9.7680017899,6.789399294,2.9786024959,6.789399294,2.9786024959,siganus,2.11,exact_sea_around_us,Sea Around Us exploited organisms,high,Siganus,12.882495516931336,125.836239267764
LME_040,Northeast Australian Shelf-Great Barrier Reef,LME,2019,Scomber,Chub mackerels,Medium pelagics (30 - 89 cm),Perch-likes,8.6722969986,8.6722969986,0.0,0.0,8.6722969986,scomber,3.65,exact_sea_around_us,Sea Around Us exploited organisms,high,Scomber,446.683592150963,3873.772775534663
LME_040,Northeast Australian Shelf-Great Barrier Reef,LME,2019,Alopias,Thresher sharks,Large sharks (>=90 cm),Sharks & rays,8.5864493697,3.7899802679,4.7964691018,3.7899802679,4.7964691018,alopias,4.5,exact_sea_around_us,Sea Around Us exploited organisms,high,Alopias,3162.2776601683795,27152.737021969173
LME_040,Northeast Australian Shelf-Great Barrier Reef,LME,2019,Pristipomoides filamentosus,Crimson jobfish,Medium demersals (30 - 89 cm),Perch-likes,8.2351561257,8.2351561257,0.0,8.2351561257,0.0,pristipomoides filamentosus,4.19,exact_2020_supplement,2020 supplement MeanTL,high,Pristipomoides filamentosus,1548.8166189124827,12754.746666823094
LME_040,Northeast Australian Shelf-Great Barrier Reef,LME,2019,Monacanthidae,Filefishes,Medium reef assoc. fish (30 - 89 cm),Other fishes & inverts,7.9790681265,0.1647618383,7.8143062882,0.1373559472,7.8417121793,monacanthidae,3.0,exact_sea_around_us,Sea Around Us exploited organisms,high,Monacanthidae,100.0,797.90681265
LME_040,Northeast Australian Shelf-Great Barrier Reef,LME,2019,Dendrobranchiata,Shrimps and prawns,Shrimps,Crustaceans,7.9711255579,5.5913178965,2.3798076614,5.5913178965,2.3798076614,dendrobranchiata,3.24,exact_sea_around_us,Sea Around Us exploited organisms,high,Dendrobranchiata,173.78008287493762,1385.2228600583953
LME_040,Northeast Australian Shelf-Great Barrier Reef,LME,2019,Sphyrna,Hammerhead sharks,Large sharks (>=90 cm),Sharks & rays,7.392704748600001,7.392704748600001,0.0,7.3926709073,3.38413e-05,sphyrna,4.2,exact_sea_around_us,Sea Around Us exploited organisms,high,Sphyrna,1584.893192461114,11716.647429931092
LME_040,Northeast Australian Shelf-Great Barrier Reef,LME,2019,Parupeneus,Parupeneid goatfishes,Medium reef assoc. fish (30 - 89 cm),Perch-likes,6.8295726546,6.8295726546,0.0,6.8295726546,0.0,parupeneus,3.51,exact_sea_around_us,Sea Around Us exploited organisms,high,Parupeneus,323.5936569296281,2210.0063905686015
LME_040,Northeast Australian Shelf-Great Barrier Reef,LME,2019,Megalops cyprinoides,Indo-Pacific tarpon,Large pelagics (>=90 cm),Other fishes & inverts,6.4058054587,6.4058054587,0.0,0.7464301823999999,5.6593752763,megalops cyprinoides,3.48,exact_2020_supplement,2020 supplement MeanTL,high,Megalops cyprinoides,301.9951720402016,1934.5223215561691
LME_040,Northeast Australian Shelf-Great Barrier Reef,LME,2019,Gerres,Silver biddies,Small benthopelagics (<30 cm),Perch-likes,6.3822240243,6.3822240243,0.0,6.3822240243,0.0,gerres,3.27,exact_sea_around_us,Sea Around Us exploited organisms,high,Gerres,186.20871366628674,1188.425725894975
LME_040,Northeast Australian Shelf-Great Barrier Reef,LME,2019,Argyrops spinifer,King soldier bream,Medium demersals (30 - 89 cm),Perch-likes,6.1037803872000005,6.1037803872000005,0.0,6.1037803872000005,0.0,argyrops spinifer,4.49,exact_2020_supplement,2020 supplement MeanTL,high,Argyrops spinifer,3090.295432513592,18862.484651630206
LME_040,Northeast Australian Shelf-Great Barrier Reef,LME,2019,Galeocerdo cuvier,Tiger shark,Large sharks (>=90 cm),Sharks & rays,5.9970628,5.9970628,0.0,5.1023644274,0.8946983726,galeocerdo cuvier,4.54,exact_2020_supplement,2020 supplement MeanTL,high,Galeocerdo cuvier,3467.368504525317,20794.02667238041
LME_040,Northeast Australian Shelf-Great Barrier Reef,LME,2019,Gymnocranius grandoculis,Blue-lined large-eye bream,Medium reef assoc. fish (30 - 89 cm),Perch-likes,5.7242781986999995,5.7242781986999995,0.0,5.7242781986999995,0.0,gymnocranius grandoculis,3.76,exact_2020_supplement,2020 supplement MeanTL,high,Gymnocranius grandoculis,575.4399373371566,3293.9782879603795
LME_040,Northeast Australian Shelf-Great Barrier Reef,LME,2019,Mugil cephalus,Flathead grey mullet,Large benthopelagics (>=90 cm),Perch-likes,5.5723345447,5.5723345447,0.0,5.5723345447,0.0,mugil cephalus,2.14,exact_2020_supplement,2020 supplement MeanTL,high,Mugil cephalus,13.803842646028853,76.91962922606963
LME_040,Northeast Australian Shelf-Great Barrier Reef,LME,2019,Lethrinus laticaudis,Grass emperor,Small pelagics (<30 cm),Perch-likes,5.5161868525,5.5161868525,0.0,5.5161868525,0.0,lethrinus laticaudis,4.46,exact_2020_supplement,2020 supplement MeanTL,high,Lethrinus laticaudis,2884.031503126606,15908.856659742796
LME_040,Northeast Australian Shelf-Great Barrier Reef,LME,2019,Lutjanus bohar,Two-spot red snapper,Medium reef assoc. fish (30 - 89 cm),Perch-likes,5.4247146578,5.4247146578,0.0,5.4247146578,0.0,lutjanus bohar,4.27,exact_2020_supplement,2020 supplement MeanTL,high,Lutjanus bohar,1862.0871366628655,10101.291384355878
LME_040,Northeast Australian Shelf-Great Barrier Reef,LME,2019,Glaucosoma scapulare,Pearl perch,Medium demersals (30 - 89 cm),Perch-likes,4.997205456800001,4.997205456800001,0.0,4.997205456800001,0.0,glaucosoma scapulare,4.3,exact_sea_around_us,Sea Around Us exploited organisms,high,Glaucosoma scapulare,1995.2623149688789,9970.735728109883
LME_040,Northeast Australian Shelf-Great Barrier Reef,LME,2019,Rhabdosargus sarba,Goldlined seabream,Medium demersals (30 - 89 cm),Perch-likes,4.8129960968,4.8129960968,0.0,0.6819892281,4.1310068687,rhabdosargus sarba,3.37,exact_2020_supplement,2020 supplement MeanTL,high,Rhabdosargus sarba,234.42288153199226,1128.2764138140876
LME_040,Northeast Australian Shelf-Great Barrier Reef,LME,2019,Sphyrna mokarran,Great hammerhead,Large sharks (>=90 cm),Sharks & rays,4.6883132972,4.6883132972,0.0,4.6883132972,0.0,sphyrna mokarran,4.32,exact_2020_supplement,2020 supplement MeanTL,high,Sphyrna mokarran,2089.2961308540407,9795.274832071509
LME_040,Northeast Australian Shelf-Great Barrier Reef,LME,2019,Rachycentridae,Cobias,Large pelagics (>=90 cm),Perch-likes,4.5432545214,4.5432545214,0.0,0.5677007086,3.9755538128,rachycentridae,3.96,exact_sea_around_us,Sea Around Us exploited organisms,high,Rachycentridae,912.0108393559096,4143.497369469545
LME_040,Northeast Australian Shelf-Great Barrier Reef,LME,2019,Sphyraenidae,Barracudas,Medium reef assoc. fish (30 - 89 cm),Perch-likes,4.1466458024,2.6469310491,1.4997147533,0.0,4.1466458024,sphyraenidae,4.4,exact_sea_around_us,Sea Around Us exploited organisms,high,Sphyraenidae,2511.886431509582,10415.903327324724
LME_040,Northeast Australian Shelf-Great Barrier Reef,LME,2019,Parastromateus niger,Black pomfret,Medium benthopelagics (30 - 89 cm),Perch-likes,4.146063321300001,4.146063321300001,0.0,4.146063321300001,0.0,parastromateus niger,2.93,exact_2020_supplement,2020 supplement MeanTL,high,Parastromateus niger,85.11380382023768,352.8872201554113
LME_040,Northeast Australian Shelf-Great Barrier Reef,LME,2019,Trachurus novaezelandiae,Yellowtail horse mackerel,Medium pelagics (30 - 89 cm),Perch-likes,3.9395248671,3.9395248671,0.0,3.9395248671,0.0,trachurus novaezelandiae,3.22,exact_2020_supplement,2020 supplement MeanTL,high,Trachurus novaezelandiae,165.95869074375614,653.7983890963859
LME_040,Northeast Australian Shelf-Great Barrier Reef,LME,2019,Seriola lalandi,Yellowtail amberjack,Large benthopelagics (>=90 cm),Perch-likes,3.8927914404,3.8927914404,0.0,3.8927914404,0.0,seriola lalandi,4.16,exact_2020_supplement,2020 supplement MeanTL,high,Seriola lalandi,1445.439770745928,5626.795567173486
LME_040,Northeast Australian Shelf-Great Barrier Reef,LME,2019,Loliginidae,Common pencil squids,Cephalopods,Other fishes & inverts,3.8177315520999997,2.9430650959999998,0.8746664561,0.5351499375000001,3.2825816145999998,loliginidae,3.9,exact_sea_around_us,Sea Around Us exploited organisms,high,Loliginidae,794.3282347242813,3032.5319644307833
LME_040,Northeast Australian Shelf-Great Barrier Reef,LME,2019,Pristipomoides,Jobfishes,Medium demersals (30 - 89 cm),Perch-likes,3.5750222752,3.5750222752,0.0,3.5750222752,0.0,pristipomoides,3.91,exact_sea_around_us,Sea Around Us exploited organisms,high,Pristipomoides,812.8305161640995,2905.887201248969
LME_040,Northeast Australian Shelf-Great Barrier Reef,LME,2019,Amblygaster sirm,Spotted sardinella,Small pelagics (<30 cm),Herring-likes,3.4913540937,3.4913540937,0.0,3.4913540937,0.0,amblygaster sirm,3.2,exact_2020_supplement,2020 supplement MeanTL,high,Amblygaster sirm,158.48931924611142,553.3423335576373
LME_040,Northeast Australian Shelf-Great Barrier Reef,LME,2019,Epinephelus polyphekadion,Camouflage grouper,Large reef assoc. fish (>=90 cm),Perch-likes,3.2938224186,3.2938224186,0.0,3.2938224186,0.0,epinephelus polyphekadion,3.99,exact_2020_supplement,2020 supplement MeanTL,high,Epinephelus polyphekadion,977.2372209558112,3218.8458666746124
LME_040,Northeast Australian Shelf-Great Barrier Reef,LME,2019,Portunus sanguinolentus,Three-spot swimming crab,"Lobsters, crabs",Crustaceans,3.1283332316,3.1283332316,0.0,3.1283332316,0.0,portunus sanguinolentus,4.23,exact_2020_supplement,2020 supplement MeanTL,high,Portunus sanguinolentus,1698.243652461746,5312.672053349841
LME_040,Northeast Australian Shelf-Great Barrier Reef,LME,2019,Terapon,Terapons,Medium demersals (30 - 89 cm),Perch-likes,3.083892557,3.083892557,0.0,0.0,3.083892557,terapon,3.5,exact_sea_around_us,Sea Around Us exploited organisms,high,Terapon,316.22776601683796,975.2124539360641
LME_040,Northeast Australian Shelf-Great Barrier Reef,LME,2019,Leiognathidae,"Slipmouths, ponyfishes",Small benthopelagics (<30 cm),Perch-likes,2.9420157176,0.0061470214,2.9358686962,0.0061470214,2.9358686962,leiognathidae,3.24,exact_sea_around_us,Sea Around Us exploited organisms,high,Leiognathidae,173.78008287493762,511.2637352238971
LME_040,Northeast Australian Shelf-Great Barrier Reef,LME,2019,Thunnus tonggol,Longtail tuna,Large pelagics (>=90 cm),Tuna & billfishes,2.8309075945999997,2.8309075945999997,0.0,2.8309075945999997,0.0,thunnus tonggol,4.5,exact_2020_supplement,2020 supplement MeanTL,high,Thunnus tonggol,3162.2776601683795,8952.115844404583
LME_040,Northeast Australian Shelf-Great Barrier Reef,LME,2019,Epinephelus coioides,Orange-spotted grouper,Large reef assoc. fish (>=90 cm),Perch-likes,2.7860315148,2.7860315148,0.0,2.7860315148,0.0,epinephelus coioides,4.0,exact_2020_supplement,2020 supplement MeanTL,high,Epinephelus coioides,1000.0,2786.0315148
LME_040,Northeast Australian Shelf-Great Barrier Reef,LME,2019,Siluriformes,Catfishes,Medium demersals (30 - 89 cm),Other fishes & inverts,2.5774526378,2.5774526378,0.0,2.5774526378,0.0,siluriformes,3.48,exact_sea_around_us,Sea Around Us exploited organisms,high,Siluriformes,301.9951720402016,778.3782527778825
LME_040,Northeast Australian Shelf-Great Barrier Reef,LME,2019,Gymnosarda unicolor,Dogtooth tuna,Large reef assoc. fish (>=90 cm),Tuna & billfishes,2.5556970149,2.5556970149,0.0,2.5556970149,0.0,gymnosarda unicolor,4.5,exact_2020_supplement,2020 supplement MeanTL,high,Gymnosarda unicolor,3162.2776601683795,8081.823576377284
LME_040,Northeast Australian Shelf-Great Barrier Reef,LME,2019,Leiognathus,Ponyfishes,Small benthopelagics (<30 cm),Perch-likes,2.2537597938,0.0,2.2537597938,0.0,2.2537597938,leiognathus,3.22,exact_sea_around_us,Sea Around Us exploited organisms,high,Leiognathus,165.95869074375614,374.0310246299658
LME_040,Northeast Australian Shelf-Great Barrier Reef,LME,2019,Epinephelus areolatus,Areolate grouper,Medium reef assoc. fish (30 - 89 cm),Perch-likes,2.2333940146,2.2333940146,0.0,2.2333940146,0.0,epinephelus areolatus,3.74,exact_2020_supplement,2020 supplement MeanTL,high,Epinephelus areolatus,549.5408738576248,1227.3412984516729
LME_040,Northeast Australian Shelf-Great Barrier Reef,LME,2019,Pseudocaranx dentex,White trevally,Large reef assoc. fish (>=90 cm),Perch-likes,2.2182764749,2.2182764749,0.0,0.0,2.2182764749,pseudocaranx dentex,3.92,exact_2020_supplement,2020 supplement MeanTL,high,Pseudocaranx dentex,831.7637711026708,1845.0820061111633
LME_040,Northeast Australian Shelf-Great Barrier Reef,LME,2019,Bramidae,Pomfrets,Medium pelagics (30 - 89 cm),Perch-likes,2.2163748107,2.2163748107,0.0,2.2163748107,0.0,bramidae,4.14,exact_sea_around_us,Sea Around Us exploited organisms,high,Bramidae,1380.3842646028838,3059.4489131524756
LME_040,Northeast Australian Shelf-Great Barrier Reef,LME,2019,Carcharhinus leucas,Bull shark,Large sharks (>=90 cm),Sharks & rays,2.1173155171999998,2.1173155171999998,0.0,2.1173155171999998,0.0,carcharhinus leucas,4.31,exact_2020_supplement,2020 supplement MeanTL,high,Carcharhinus leucas,2041.7379446695275,4323.003432304825
LME_040,Northeast Australian Shelf-Great Barrier Reef,LME,2019,Dasyatidae,Whiptail stingrays,Large rays (>=90 cm),Sharks & rays,2.1011235512,0.060559903600000006,2.0405636476,0.060559903600000006,2.0405636476,dasyatidae,3.38,exact_sea_around_us,Sea Around Us exploited organisms,high,Dasyatidae,239.88329190194898,504.0244341545693
LME_040,Northeast Australian Shelf-Great Barrier Reef,LME,2019,Etelis carbunculus,Deep-water red snapper,Large demersals (>=90 cm),Perch-likes,2.0483214776,2.0483214776,0.0,2.0483214776,0.0,etelis carbunculus,4.49,exact_2020_supplement,2020 supplement MeanTL,high,Etelis carbunculus,3090.295432513592,6329.918506546772
LME_040,Northeast Australian Shelf-Great Barrier Reef,LME,2019,Penaeus monodon,Giant tiger prawn,Shrimps,Crustaceans,2.0457415853,2.0457415853,0.0,2.0457415853,0.0,penaeus monodon,2.6,exact_sea_around_us,Sea Around Us exploited organisms,high,Penaeus monodon,39.810717055349734,81.44243942074091
LME_040,Northeast Australian Shelf-Great Barrier Reef,LME,2019,Pomadasys argenteus,Silver grunt,Medium demersals (30 - 89 cm),Perch-likes,1.9935512497,1.9935512497,0.0,0.0,1.9935512497,pomadasys argenteus,3.47,exact_2020_supplement,2020 supplement MeanTL,high,Pomadasys argenteus,295.1209226666387,588.3386841946947
LME_040,Northeast Australian Shelf-Great Barrier Reef,LME,2019,Euthynnus affinis,Kawakawa,Large pelagics (>=90 cm),Tuna & billfishes,1.9076704837,1.9076704837,0.0,1.9076704837,0.0,euthynnus affinis,4.5,exact_2020_supplement,2020 supplement MeanTL,high,Euthynnus affinis,3162.2776601683795,6032.583753567117
LME_040,Northeast Australian Shelf-Great Barrier Reef,LME,2019,Monodactylus argenteus,Silver moony,Small pelagics (<30 cm),Perch-likes,1.8713950856000001,1.8713950856000001,0.0,1.6758300924,0.1955649932,monodactylus argenteus,2.95,exact_2020_supplement,2020 supplement MeanTL,high,Monodactylus argenteus,89.12509381337459,166.7882625659882
LME_040,Northeast Australian Shelf-Great Barrier Reef,LME,2019,Priacanthidae,"Bigeyes, catalufas",Medium reef assoc. fish (30 - 89 cm),Perch-likes,1.7561293922,0.0,1.7561293922,0.0,1.7561293922,priacanthidae,3.79,exact_sea_around_us,Sea Around Us exploited organisms,high,Priacanthidae,616.5950018614822,1082.8206058525625
LME_040,Northeast Australian Shelf-Great Barrier Reef,LME,2019,Sarda,Bonitos,Large pelagics (>=90 cm),Tuna & billfishes,1.741250727,1.741250727,0.0,1.741250727,0.0,sarda,4.37,exact_sea_around_us,Sea Around Us exploited organisms,high,Sarda,2344.228815319923,4081.8901289301643
LME_040,Northeast Australian Shelf-Great Barrier Reef,LME,2019,Acanthopagrus australis,Yellowfin bream,Small pelagics (<30 cm),Perch-likes,1.6500633641,1.6500633641,0.0,1.6500633641,0.0,acanthopagrus australis,3.1,exact_2020_supplement,2020 supplement MeanTL,high,Acanthopagrus australis,125.89254117941675,207.7306700136062
LME_040,Northeast Australian Shelf-Great Barrier Reef,LME,2019,Aprion virescens,Green jobfish,Large reef assoc. fish (>=90 cm),Perch-likes,1.6412617888,1.6412617888,0.0,1.6412617888,0.0,aprion virescens,4.28,exact_2020_supplement,2020 supplement MeanTL,high,Aprion virescens,1905.4607179632483,3127.3598664524934
LME_040,Northeast Australian Shelf-Great Barrier Reef,LME,2019,Pleuronectiformes,Flatfishes,Small to medium flatfishes (<90 cm),Flatfishes,1.6270373295999998,1.6270373295999998,0.0,0.4976025449,1.1294347847,pleuronectiformes,3.57,exact_sea_around_us,Sea Around Us exploited organisms,high,Pleuronectiformes,371.5352290971724,604.5016870025876
LME_040,Northeast Australian Shelf-Great Barrier Reef,LME,2019,Carcharhinus melanopterus,Blacktip reef shark,Large sharks (>=90 cm),Sharks & rays,1.5399653172999999,1.5399653172999999,0.0,1.5399653172999999,0.0,carcharhinus melanopterus,3.94,exact_2020_supplement,2020 supplement MeanTL,high,Carcharhinus melanopterus,870.9635899560806,1341.2537211634626
LME_040,Northeast Australian Shelf-Great Barrier Reef,LME,2019,Gobiidae,Gobies,Small reef assoc. fish (<30 cm),Perch-likes,1.4606598319,0.0,1.4606598319,0.0,1.4606598319,gobiidae,3.11,exact_sea_around_us,Sea Around Us exploited organisms,high,Gobiidae,128.82495516931337,188.1694373621343
LME_040,Northeast Australian Shelf-Great Barrier Reef,LME,2019,Chirocentrus,Wolf herrings,Large pelagics (>=90 cm),Herring-likes,1.4412780491,1.4412780491,0.0,1.4412780491,0.0,chirocentrus,4.3,exact_sea_around_us,Sea Around Us exploited organisms,high,Chirocentrus,1995.2623149688789,2875.7277767610954
LME_040,Northeast Australian Shelf-Great Barrier Reef,LME,2019,Chanos chanos,Milkfish,Large benthopelagics (>=90 cm),Other fishes & inverts,1.4267335714,1.4267335714,0.0,1.4267335714,0.0,chanos chanos,2.03,exact_2020_supplement,2020 supplement MeanTL,high,Chanos chanos,10.71519305237606,15.287725651856963
LME_040,Northeast Australian Shelf-Great Barrier Reef,LME,2019,Pellona ditchela,Indian pellona,Small pelagics (<30 cm),Herring-likes,1.3881701690000001,1.3881701690000001,0.0,1.3881701690000001,0.0,pellona ditchela,3.37,exact_sea_around_us,Sea Around Us exploited organisms,high,Pellona ditchela,234.42288153199226,325.4188510737327
LME_040,Northeast Australian Shelf-Great Barrier Reef,LME,2019,Sepiidae,Cuttlefishes,Cephalopods,Other fishes & inverts,1.3316157241,0.2516980445,1.0799176796,0.2516980445,1.0799176796,sepiidae,3.6,exact_sea_around_us,Sea Around Us exploited organisms,high,Sepiidae,398.1071705534973,530.1257681859976
LME_040,Northeast Australian Shelf-Great Barrier Reef,LME,2019,Lobotes surinamensis,Tripletail,Large benthopelagics (>=90 cm),Perch-likes,1.26343403,1.26343403,0.0,1.26343403,0.0,lobotes surinamensis,4.04,exact_2020_supplement,2020 supplement MeanTL,high,Lobotes surinamensis,1096.4781961431852,1385.327866160315
LME_040,Northeast Australian Shelf-Great Barrier Reef,LME,2019,Scorpaenidae,"Scorpionfishes, rockfishes",Large reef assoc. fish (>=90 cm),Scorpionfishes,1.1888092071,0.0973208598,1.0914883472999999,0.024426382899999998,1.1643828242,scorpaenidae,3.92,exact_sea_around_us,Sea Around Us exploited organisms,high,Scorpaenidae,831.7637711026708,988.8084292190721
LME_040,Northeast Australian Shelf-Great Barrier Reef,LME,2019,Diodontidae,"Porcupine-, burrfishes",Medium reef assoc. fish (30 - 89 cm),Other fishes & inverts,1.1456854004,0.0,1.1456854004,0.0,1.1456854004,diodontidae,3.36,exact_sea_around_us,Sea Around Us exploited organisms,high,Diodontidae,229.08676527677724,262.4613624024654
LME_040,Northeast Australian Shelf-Great Barrier Reef,LME,2019,Pomadasys,Grunters,Medium demersals (30 - 89 cm),Perch-likes,1.0398983676,1.0398983676,0.0,1.0398983676,0.0,pomadasys,3.59,exact_sea_around_us,Sea Around Us exploited organisms,high,Pomadasys,389.04514499428046,404.5674112022576
LME_040,Northeast Australian Shelf-Great Barrier Reef,LME,2019,Rhizoprionodon acutus,Milk shark,Large sharks (>=90 cm),Sharks & rays,1.0225839278,1.0225839278,0.0,1.0225839278,0.0,rhizoprionodon acutus,4.25,exact_2020_supplement,2020 supplement MeanTL,high,Rhizoprionodon acutus,1778.2794100389228,1818.4399438434684
LME_040,Northeast Australian Shelf-Great Barrier Reef,LME,2019,Nototodarus gouldi,Gould's flying squid,Cephalopods,Other fishes & inverts,0.9489044137999999,0.9489044137999999,0.0,0.9489044137999999,0.0,nototodarus gouldi,4.07,exact_2020_supplement,2020 supplement MeanTL,high,Nototodarus gouldi,1174.8975549395302,1114.865475644948
LME_040,Northeast Australian Shelf-Great Barrier Reef,LME,2019,Sphyraena barracuda,Great barracuda,Large pelagics (>=90 cm),Perch-likes,0.8496461815,0.8496461815,0.0,0.8496461815,0.0,sphyraena barracuda,4.49,exact_2020_supplement,2020 supplement MeanTL,high,Sphyraena barracuda,3090.295432513592,2625.6577139420647
LME_040,Northeast Australian Shelf-Great Barrier Reef,LME,2019,Aristeidae,Aristeid shrimps,Shrimps,Crustaceans,0.8041029581,0.8041029581,0.0,0.8041029581,0.0,aristeidae,3.47,exact_sea_around_us,Sea Around Us exploited organisms,high,Aristeidae,295.1209226666387,237.3076069134455
LME_040,Northeast Australian Shelf-Great Barrier Reef,LME,2019,Sepia,Sepia cuttlefishes,Cephalopods,Other fishes & inverts,0.8003307811,0.8003307811,0.0,0.8003307811,0.0,sepia,3.69,exact_sea_around_us,Sea Around Us exploited organisms,high,Sepia,489.77881936844614,391.9850650713843
LME_040,Northeast Australian Shelf-Great Barrier Reef,LME,2019,Etelis,Snappers,Medium bathydemersals (30 - 89 cm),Perch-likes,0.7218082411,0.7218082411,0.0,0.7218082411,0.0,etelis,4.36,exact_sea_around_us,Sea Around Us exploited organisms,high,Etelis,2290.867652767775,1653.567151037193
LME_040,Northeast Australian Shelf-Great Barrier Reef,LME,2019,Aphareus rutilans,Rusty jobfish,Medium reef assoc. fish (30 - 89 cm),Perch-likes,0.7120077747,0.7120077747,0.0,0.7120077747,0.0,aphareus rutilans,4.11,exact_2020_supplement,2020 supplement MeanTL,high,Aphareus rutilans,1288.249551693135,917.2436965593016
LME_040,Northeast Australian Shelf-Great Barrier Reef,LME,2019,Argyrosomus japonicus,Japanese meagre,Large benthopelagics (>=90 cm),Perch-likes,0.6954635727,0.6954635727,0.0,0.6954635727,0.0,argyrosomus japonicus,4.48,exact_2020_supplement,2020 supplement MeanTL,high,Argyrosomus japonicus,3019.951720402019,2100.2664128522997
LME_040,Northeast Australian Shelf-Great Barrier Reef,LME,2019,Carcharhiniformes,Ground sharks,Large sharks (>=90 cm),Sharks & rays,0.6585730246,0.6585730246,0.0,0.6585730246,0.0,carcharhiniformes,4.08,exact_sea_around_us,Sea Around Us exploited organisms,high,Carcharhiniformes,1202.2644346174131,791.7789250749987
LME_040,Northeast Australian Shelf-Great Barrier Reef,LME,2019,Epinephelus lanceolatus,Giant grouper,Large reef assoc. fish (>=90 cm),Perch-likes,0.6441057238000001,0.6441057238000001,0.0,0.6441057238000001,0.0,epinephelus lanceolatus,4.0,exact_2020_supplement,2020 supplement MeanTL,high,Epinephelus lanceolatus,1000.0,644.1057238000001
LME_040,Northeast Australian Shelf-Great Barrier Reef,LME,2019,Mola mola,Ocean sunfish,Large pelagics (>=90 cm),Other fishes & inverts,0.6163729602,0.6163729602,0.0,0.6163729602,0.0,mola mola,3.68,exact_2020_supplement,2020 supplement MeanTL,high,Mola mola,478.6300923226385,295.01464684570396
LME_040,Northeast Australian Shelf-Great Barrier Reef,LME,2019,Rastrelliger kanagurta,Indian mackerel,Medium pelagics (30 - 89 cm),Perch-likes,0.6114716993,0.6114716993,0.0,0.6114716993,0.0,rastrelliger kanagurta,3.19,exact_2020_supplement,2020 supplement MeanTL,high,Rastrelliger kanagurta,154.88166189124811,94.70575298704954
LME_040,Northeast Australian Shelf-Great Barrier Reef,LME,2019,Sphyrna zygaena,Smooth hammerhead,Large sharks (>=90 cm),Sharks & rays,0.5938735893,0.5938735893,0.0,0.5938735893,0.0,sphyrna zygaena,4.94,exact_2020_supplement,2020 supplement MeanTL,high,Sphyrna zygaena,8709.635899560813,5172.422733168314
LME_040,Northeast Australian Shelf-Great Barrier Reef,LME,2019,Decapterus,Scads,Medium pelagics (30 - 89 cm),Perch-likes,0.5926588759,0.5926588759,0.0,0.5926588759,0.0,decapterus,3.63,exact_sea_around_us,Sea Around Us exploited organisms,high,Decapterus,426.57951880159254,252.81613809491475
LME_040,Northeast Australian Shelf-Great Barrier Reef,LME,2019,Acanthurus triostegus,Convict surgeonfish,Small reef assoc. fish (<30 cm),Perch-likes,0.5892669998,0.5892669998,0.0,0.5892669998,0.0,acanthurus triostegus,2.78,exact_2020_supplement,2020 supplement MeanTL,high,Acanthurus triostegus,60.255958607435744,35.50684794867664
LME_040,Northeast Australian Shelf-Great Barrier Reef,LME,2019,Epinephelus morrhua,Comet grouper,Medium demersals (30 - 89 cm),Perch-likes,0.5848613615,0.5848613615,0.0,0.5848613615,0.0,epinephelus morrhua,3.97,exact_2020_supplement,2020 supplement MeanTL,high,Epinephelus morrhua,933.2543007969915,545.824380989859
LME_040,Northeast Australian Shelf-Great Barrier Reef,LME,2019,Hippocampus,Seahorses,Small reef assoc. fish (<30 cm),Other fishes & inverts,0.5708816996,0.5708816996,0.0,0.5708816996,0.0,hippocampus,3.33,exact_sea_around_us,Sea Around Us exploited organisms,high,Hippocampus,213.79620895022325,122.05234313354018
LME_040,Northeast Australian Shelf-Great Barrier Reef,LME,2019,Sardinops sagax,South American pilchard,Medium pelagics (30 - 89 cm),Herring-likes,0.5634515603,0.5634515603,0.0,0.5634515603,0.0,sardinops sagax,2.84,exact_2020_supplement,2020 supplement MeanTL,high,Sardinops sagax,69.18309709189363,38.98132400281386
LME_040,Northeast Australian Shelf-Great Barrier Reef,LME,2019,Ellochelon vaigiensis,Squaretail mullet,Medium reef assoc. fish (30 - 89 cm),Perch-likes,0.5577213339,0.5577213339,0.0,0.5577213339,0.0,ellochelon vaigiensis,2.18,exact_2020_supplement,2020 supplement MeanTL,high,Ellochelon vaigiensis,15.135612484362087,8.441453984171917
LME_040,Northeast Australian Shelf-Great Barrier Reef,LME,2019,Lethrinus olivaceus,Longface emperor,Medium demersals (30 - 89 cm),Perch-likes,0.5503058863,0.5503058863,0.0,0.5503058863,0.0,lethrinus olivaceus,3.95,exact_2020_supplement,2020 supplement MeanTL,high,Lethrinus olivaceus,891.2509381337459,490.46063742539746
LME_040,Northeast Australian Shelf-Great Barrier Reef,LME,2019,Elagatis bipinnulata,Rainbow runner,Large pelagics (>=90 cm),Perch-likes,0.504216487,0.504216487,0.0,0.504216487,0.0,elagatis bipinnulata,4.27,exact_2020_supplement,2020 supplement MeanTL,high,Elagatis bipinnulata,1862.0871366628655,938.8950345360389
LME_040,Northeast Australian Shelf-Great Barrier Reef,LME,2019,Beryx decadactylus,Alfonsino,Medium bathydemersals (30 - 89 cm),Other fishes & inverts,0.4917888814,0.4917888814,0.0,0.4917888814,0.0,beryx decadactylus,4.13,exact_2020_supplement,2020 supplement MeanTL,high,Beryx decadactylus,1348.9628825916532,663.4049470798686
LME_040,Northeast Australian Shelf-Great Barrier Reef,LME,2019,Kyphosus,Sea chubs,Medium reef assoc. fish (30 - 89 cm),Perch-likes,0.4619988482,0.4619988482,0.0,0.4619988482,0.0,kyphosus,2.05,exact_sea_around_us,Sea Around Us exploited organisms,high,Kyphosus,11.220184543019629,5.183712335466511
LME_040,Northeast Australian Shelf-Great Barrier Reef,LME,2019,Donax,Bean clams,Other demersal invertebrates,Molluscs,0.4468522784,0.4468522784,0.0,0.0,0.4468522784,donax,2.0,exact_sea_around_us,Sea Around Us exploited organisms,high,Donax,10.0,4.468522784
LME_040,Northeast Australian Shelf-Great Barrier Reef,LME,2019,Thunnus maccoyii,Southern bluefin tuna,Large pelagics (>=90 cm),Tuna & billfishes,0.43119500040000003,0.0,0.43119500040000003,0.0,0.43119500040000003,thunnus maccoyii,3.93,exact_2020_supplement,2020 supplement MeanTL,high,Thunnus maccoyii,851.1380382023768,367.0064667231291
LME_040,Northeast Australian Shelf-Great Barrier Reef,LME,2019,Megalaspis cordyla,Torpedo scad,Medium pelagics (30 - 89 cm),Perch-likes,0.4154694863,0.4154694863,0.0,0.4154694863,0.0,megalaspis cordyla,4.24,exact_2020_supplement,2020 supplement MeanTL,high,Megalaspis cordyla,1737.8008287493763,722.0032176122177
LME_040,Northeast Australian Shelf-Great Barrier Reef,LME,2019,Dussumieria elopsoides,Slender rainbow sardine,Small pelagics (<30 cm),Herring-likes,0.4150662038,0.4150662038,0.0,0.4150662038,0.0,dussumieria elopsoides,3.4,exact_2020_supplement,2020 supplement MeanTL,high,Dussumieria elopsoides,251.18864315095797,104.25991655034099
LME_040,Northeast Australian Shelf-Great Barrier Reef,LME,2019,Carcharhinus limbatus,Blacktip shark,Large sharks (>=90 cm),Sharks & rays,0.408220229,0.408220229,0.0,0.408220229,0.0,carcharhinus limbatus,4.37,exact_2020_supplement,2020 supplement MeanTL,high,Carcharhinus limbatus,2344.228815319923,956.9616238182977
LME_040,Northeast Australian Shelf-Great Barrier Reef,LME,2019,Haliporoides sibogae,Jackknife shrimp,Shrimps,Crustaceans,0.392895689,0.392895689,0.0,0.392895689,0.0,haliporoides sibogae,3.65,exact_2020_supplement,2020 supplement MeanTL,high,Haliporoides sibogae,446.683592150963,175.5000577031476
LME_040,Northeast Australian Shelf-Great Barrier Reef,LME,2019,Drepane punctata,Spotted sicklefish,Medium reef assoc. fish (30 - 89 cm),Perch-likes,0.39139604899999997,0.39139604899999997,0.0,0.39139604899999997,0.0,drepane punctata,3.32,exact_2020_supplement,2020 supplement MeanTL,high,Drepane punctata,208.92961308540387,81.77422508072577
LME_040,Northeast Australian Shelf-Great Barrier Reef,LME,2019,Otolithes ruber,Tigertooth croaker,Medium benthopelagics (30 - 89 cm),Perch-likes,0.38043259900000004,0.38043259900000004,0.0,0.38043259900000004,0.0,otolithes ruber,3.6,exact_2020_supplement,2020 supplement MeanTL,high,Otolithes ruber,398.1071705534973,151.45294557420328
LME_040,Northeast Australian Shelf-Great Barrier Reef,LME,2019,Scyris indica,Indian threadfish,Large reef assoc. fish (>=90 cm),Perch-likes,0.3591462338,0.3591462338,0.0,0.3591462338,0.0,scyris indica,4.09,exact_sea_around_us,Sea Around Us exploited organisms,high,Scyris indica,1230.268770812381,441.846395599022
LME_040,Northeast Australian Shelf-Great Barrier Reef,LME,2019,Batoidea,"Batoids, skates, rays, sawfishes",Large rays (>=90 cm),Sharks & rays,0.35400083629999995,0.35400083629999995,0.0,0.35400083629999995,0.0,batoidea,3.72,exact_sea_around_us,Sea Around Us exploited organisms,high,Batoidea,524.8074602497728,185.78227982489855
LME_040,Northeast Australian Shelf-Great Barrier Reef,LME,2019,Brama brama,Atlantic pomfret,Medium bathypelagics (30 - 89 cm),Perch-likes,0.34748701769999996,0.34748701769999996,0.0,0.34748701769999996,0.0,brama brama,4.08,exact_2020_supplement,2020 supplement MeanTL,high,Brama brama,1202.2644346174131,417.7712828719815
LME_040,Northeast Australian Shelf-Great Barrier Reef,LME,2019,Portunus pelagicus,Blue swimming crab,"Lobsters, crabs",Crustaceans,0.3444989468,0.3444989468,0.0,0.0,0.3444989468,portunus pelagicus,2.48,exact_2020_supplement,2020 supplement MeanTL,high,Portunus pelagicus,30.19951720402016,10.403701870653425
LME_040,Northeast Australian Shelf-Great Barrier Reef,LME,2019,Trichiurus lepturus,Largehead hairtail,Large benthopelagics (>=90 cm),Perch-likes,0.3388251815,0.3388251815,0.0,0.3388251815,0.0,trichiurus lepturus,4.42,exact_2020_supplement,2020 supplement MeanTL,high,Trichiurus lepturus,2630.2679918953813,891.2010297475931
LME_040,Northeast Australian Shelf-Great Barrier Reef,LME,2019,Myliobatidae,Eagle/manta rays,Large rays (>=90 cm),Sharks & rays,0.32042252190000003,0.32042252190000003,0.0,0.32042252190000003,0.0,myliobatidae,3.36,exact_sea_around_us,Sea Around Us exploited organisms,high,Myliobatidae,229.08676527677724,73.40455906389832
LME_040,Northeast Australian Shelf-Great Barrier Reef,LME,2019,Mobula birostris,Giant manta,Large rays (>=90 cm),Sharks & rays,0.3183286217,0.3183286217,0.0,0.3183286217,0.0,mobula birostris,3.46,exact_sea_around_us,Sea Around Us exploited organisms,high,Mobula birostris,288.40315031266056,91.80697733296715
LME_040,Northeast Australian Shelf-Great Barrier Reef,LME,2019,Valamugil,Indo-Pacific mullets,Medium reef assoc. fish (30 - 89 cm),Perch-likes,0.31747743429999997,0.31747743429999997,0.0,0.31747743429999997,0.0,valamugil,2.34,exact_sea_around_us,Sea Around Us exploited organisms,high,Valamugil,21.87761623949552,6.9456494723150515
LME_040,Northeast Australian Shelf-Great Barrier Reef,LME,2019,Caranx lugubris,Black jack,Large benthopelagics (>=90 cm),Perch-likes,0.31469155439999996,0.31469155439999996,0.0,0.31469155439999996,0.0,caranx lugubris,4.5,exact_2020_supplement,2020 supplement MeanTL,high,Caranx lugubris,3162.2776601683795,995.1420723227822
LME_040,Northeast Australian Shelf-Great Barrier Reef,LME,2019,Lethrinus atkinsoni,Pacific yellowtail emperor,Medium reef assoc. fish (30 - 89 cm),Perch-likes,0.3066920144,0.3066920144,0.0,0.3066920144,0.0,lethrinus atkinsoni,3.79,exact_2020_supplement,2020 supplement MeanTL,high,Lethrinus atkinsoni,616.5950018614822,189.10476318986971
LME_040,Northeast Australian Shelf-Great Barrier Reef,LME,2019,Metapenaeus endeavouri,Endeavour shrimp,Shrimps,Crustaceans,0.30575784809999995,0.30575784809999995,0.0,0.30575784809999995,0.0,metapenaeus endeavouri,2.7,exact_sea_around_us,Sea Around Us exploited organisms,high,Metapenaeus endeavouri,50.11872336272725,15.324193004906677
LME_040,Northeast Australian Shelf-Great Barrier Reef,LME,2019,Seriolina nigrofasciata,Blackbanded trevally,Medium reef assoc. fish (30 - 89 cm),Perch-likes,0.3053432525,0.3053432525,0.0,0.3053432525,0.0,seriolina nigrofasciata,4.17,exact_2020_supplement,2020 supplement MeanTL,high,Seriolina nigrofasciata,1479.1083881682073,451.6357660433129
LME_040,Northeast Australian Shelf-Great Barrier Reef,LME,2019,Muraenidae,Moray eels,Large reef assoc. fish (>=90 cm),Other fishes & inverts,0.3045185928,0.3045185928,0.0,0.3045185928,0.0,muraenidae,4.07,exact_sea_around_us,Sea Around Us exploited organisms,high,Muraenidae,1174.8975549395302,357.77815011434643
LME_040,Northeast Australian Shelf-Great Barrier Reef,LME,2019,Seriola dumerili,Greater amberjack,Large reef assoc. fish (>=90 cm),Perch-likes,0.3012479116,0.3012479116,0.0,0.3012479116,0.0,seriola dumerili,4.5,exact_2020_supplement,2020 supplement MeanTL,high,Seriola dumerili,3162.2776601683795,952.6295410250588
LME_040,Northeast Australian Shelf-Great Barrier Reef,LME,2019,Gadiformes,Cods,Medium benthopelagics (30 - 89 cm),Cod-likes,0.2924454561,0.2924454561,0.0,0.2924454561,0.0,gadiformes,3.91,exact_sea_around_us,Sea Around Us exploited organisms,high,Gadiformes,812.8305161640995,237.7085910316085
LME_040,Northeast Australian Shelf-Great Barrier Reef,LME,2019,Epinephelus tauvina,Greasy grouper,Medium reef assoc. fish (30 - 89 cm),Perch-likes,0.2788370837,0.2788370837,0.0,0.2788370837,0.0,epinephelus tauvina,4.13,exact_2020_supplement,2020 supplement MeanTL,high,Epinephelus tauvina,1348.9628825916532,376.1408762014021
LME_040,Northeast Australian Shelf-Great Barrier Reef,LME,2019,Cephalopholis,Hinds,Medium reef assoc. fish (30 - 89 cm),Perch-likes,0.2775469513,0.2775469513,0.0,0.2775469513,0.0,cephalopholis,4.13,exact_sea_around_us,Sea Around Us exploited organisms,high,Cephalopholis,1348.9628825916532,374.4005354801732
LME_040,Northeast Australian Shelf-Great Barrier Reef,LME,2019,Sillago ciliata,Sand sillago,Small pelagics (<30 cm),Perch-likes,0.26619594570000005,0.26619594570000005,0.0,0.26619594570000005,0.0,sillago ciliata,3.24,exact_2020_supplement,2020 supplement MeanTL,high,Sillago ciliata,173.78008287493762,46.259553504718404
LME_040,Northeast Australian Shelf-Great Barrier Reef,LME,2019,Carcharhinus obscurus,Dusky shark,Large sharks (>=90 cm),Sharks & rays,0.2655685859,0.2655685859,0.0,0.2655685859,0.0,carcharhinus obscurus,4.28,exact_2020_supplement,2020 supplement MeanTL,high,Carcharhinus obscurus,1905.4607179632483,506.03050835749855
LME_040,Northeast Australian Shelf-Great Barrier Reef,LME,2019,Scatophagus,Scats,Medium demersals (30 - 89 cm),Perch-likes,0.2652531385,0.2652531385,0.0,0.2652531385,0.0,scatophagus,2.75,exact_sea_around_us,Sea Around Us exploited organisms,high,Scatophagus,56.23413251903491,14.91628014149892
LME_040,Northeast Australian Shelf-Great Barrier Reef,LME,2019,Plectropomus laevis,Blacksaddled coralgrouper,Large reef assoc. fish (>=90 cm),Perch-likes,0.237334104,0.237334104,0.0,0.237334104,0.0,plectropomus laevis,4.14,exact_2020_supplement,2020 supplement MeanTL,high,Plectropomus laevis,1380.3842646028838,327.6122626152243
LME_040,Northeast Australian Shelf-Great Barrier Reef,LME,2019,Pristipomoides argyrogrammicus,Ornate jobfish,Medium demersals (30 - 89 cm),Perch-likes,0.2366965794,0.2366965794,0.0,0.2366965794,0.0,pristipomoides argyrogrammicus,4.18,exact_2020_supplement,2020 supplement MeanTL,high,Pristipomoides argyrogrammicus,1513.5612484362073,358.25477021724384
LME_040,Northeast Australian Shelf-Great Barrier Reef,LME,2019,Paracaesio kusakarii,Saddle-back snapper,Medium demersals (30 - 89 cm),Perch-likes,0.2341931938,0.2341931938,0.0,0.2341931938,0.0,paracaesio kusakarii,4.01,exact_2020_supplement,2020 supplement MeanTL,high,Paracaesio kusakarii,1023.2929922807537,239.64825405538843
LME_040,Northeast Australian Shelf-Great Barrier Reef,LME,2019,Elops machnata,Tenpounder,Large pelagics (>=90 cm),Other fishes & inverts,0.23126484699999997,0.23126484699999997,0.0,0.23126484699999997,0.0,elops machnata,3.97,exact_2020_supplement,2020 supplement MeanTL,high,Elops machnata,933.2543007969915,215.8289130859082
LME_040,Northeast Australian Shelf-Great Barrier Reef,LME,2019,Albulidae,Bonefishes,Medium reef assoc. fish (30 - 89 cm),Other fishes & inverts,0.22880119159999998,0.22880119159999998,0.0,0.22880119159999998,0.0,albulidae,3.47,exact_sea_around_us,Sea Around Us exploited organisms,high,Albulidae,295.1209226666387,67.52401877221838
LME_040,Northeast Australian Shelf-Great Barrier Reef,LME,2019,Caranx sexfasciatus,Bigeye trevally,Large reef assoc. fish (>=90 cm),Perch-likes,0.2224027396,0.2224027396,0.0,0.2224027396,0.0,caranx sexfasciatus,4.5,exact_2020_supplement,2020 supplement MeanTL,high,Caranx sexfasciatus,3162.2776601683795,703.2992149973254
LME_040,Northeast Australian Shelf-Great Barrier Reef,LME,2019,Triaenodon obesus,Whitetip reef shark,Large sharks (>=90 cm),Sharks & rays,0.216287786,0.216287786,0.0,0.216287786,0.0,triaenodon obesus,4.19,exact_2020_supplement,2020 supplement MeanTL,high,Triaenodon obesus,1548.8166189124827,334.99011742458663
LME_040,Northeast Australian Shelf-Great Barrier Reef,LME,2019,Plectorhinchus gibbosus,Harry hotlips,Medium reef assoc. fish (30 - 89 cm),Perch-likes,0.20474082189999998,0.20474082189999998,0.0,0.20474082189999998,0.0,plectorhinchus gibbosus,3.57,exact_2020_supplement,2020 supplement MeanTL,high,Plectorhinchus gibbosus,371.5352290971724,76.06842817015986
LME_040,Northeast Australian Shelf-Great Barrier Reef,LME,2019,Istiophorus platypterus,Indo-Pacific sailfish,Large pelagics (>=90 cm),Tuna & billfishes,0.1993950468,0.1993950468,0.0,0.1993950468,0.0,istiophorus platypterus,4.5,exact_2020_supplement,2020 supplement MeanTL,high,Istiophorus platypterus,3162.2776601683795,630.5425020438686
LME_040,Northeast Australian Shelf-Great Barrier Reef,LME,2019,Ferdauia orthogrammus,Island trevally,Medium pelagics (30 - 89 cm),Perch-likes,0.1992246707,0.1992246707,0.0,0.1992246707,0.0,ferdauia orthogrammus,4.48,exact_sea_around_us,Sea Around Us exploited organisms,high,Ferdauia orthogrammus,3019.951720402019,601.6488870269907
LME_040,Northeast Australian Shelf-Great Barrier Reef,LME,2019,Carcharhinus plumbeus,Sandbar shark,Large sharks (>=90 cm),Sharks & rays,0.196579636,0.196579636,0.0,0.196579636,0.0,carcharhinus plumbeus,4.49,exact_2020_supplement,2020 supplement MeanTL,high,Carcharhinus plumbeus,3090.295432513592,607.4891512559844
LME_040,Northeast Australian Shelf-Great Barrier Reef,LME,2019,Turrum fulvoguttatum,Yellowspotted trevally,Large reef assoc. fish (>=90 cm),Perch-likes,0.18326692020000002,0.18326692020000002,0.0,0.18326692020000002,0.0,turrum fulvoguttatum,4.43,exact_sea_around_us,Sea Around Us exploited organisms,high,Turrum fulvoguttatum,2691.534803926914,493.2692941267964
LME_040,Northeast Australian Shelf-Great Barrier Reef,LME,2019,Drepane,Sicklefishes,Medium benthopelagics (30 - 89 cm),Perch-likes,0.1805211965,0.1805211965,0.0,0.1805211965,0.0,drepane,3.32,exact_sea_around_us,Sea Around Us exploited organisms,high,Drepane,208.92961308540387,37.71622373845916
LME_040,Northeast Australian Shelf-Great Barrier Reef,LME,2019,Nebrius ferrugineus,Tawny nurse shark,Large sharks (>=90 cm),Sharks & rays,0.1782199454,0.1782199454,0.0,0.1782199454,0.0,nebrius ferrugineus,4.1,exact_2020_supplement,2020 supplement MeanTL,high,Nebrius ferrugineus,1258.9254117941662,224.3656181526288
LME_040,Northeast Australian Shelf-Great Barrier Reef,LME,2019,Carcharhinus macloti,Hardnose shark,Small to medium sharks (<90 cm),Sharks & rays,0.1763259553,0.1763259553,0.0,0.1763259553,0.0,carcharhinus macloti,4.22,exact_2020_supplement,2020 supplement MeanTL,high,Carcharhinus macloti,1659.5869074375596,292.6282468573004
LME_040,Northeast Australian Shelf-Great Barrier Reef,LME,2019,Isurus oxyrinchus,Shortfin mako,Large sharks (>=90 cm),Sharks & rays,0.1755363854,0.1755363854,0.0,0.1755363854,0.0,isurus oxyrinchus,4.5,exact_2020_supplement,2020 supplement MeanTL,high,Isurus oxyrinchus,3162.2776601683795,555.0947900971269
LME_040,Northeast Australian Shelf-Great Barrier Reef,LME,2019,Wattsia mossambica,Mozambique large-eye bream,Medium demersals (30 - 89 cm),Perch-likes,0.1749238123,0.1749238123,0.0,0.1749238123,0.0,wattsia mossambica,3.65,exact_2020_supplement,2020 supplement MeanTL,high,Wattsia mossambica,446.683592150963,78.13559683090482
LME_040,Northeast Australian Shelf-Great Barrier Reef,LME,2019,Beryx splendens,Splendid alfonsino,Medium benthopelagics (30 - 89 cm),Other fishes & inverts,0.17052958,0.17052958,0.0,0.17052958,0.0,beryx splendens,4.27,exact_2020_supplement,2020 supplement MeanTL,high,Beryx splendens,1862.0871366628655,317.540937338521
LME_040,Northeast Australian Shelf-Great Barrier Reef,LME,2019,Gymnocranius,Largeeye breams,Medium reef assoc. fish (30 - 89 cm),Perch-likes,0.16872049749999998,0.16872049749999998,0.0,0.16872049749999998,0.0,gymnocranius,3.4,exact_sea_around_us,Sea Around Us exploited organisms,high,Gymnocranius,251.18864315095797,42.380672838779596
LME_040,Northeast Australian Shelf-Great Barrier Reef,LME,2019,Psettodes erumei,Indian halibut,Small to medium flatfishes (<90 cm),Flatfishes,0.1606769657,0.1606769657,0.0,0.1606769657,0.0,psettodes erumei,4.39,exact_2020_supplement,2020 supplement MeanTL,high,Psettodes erumei,2454.7089156850284,394.4151802490075
LME_040,Northeast Australian Shelf-Great Barrier Reef,LME,2019,Auxis thazard,Frigate tuna,Medium pelagics (30 - 89 cm),Tuna & billfishes,0.1563090778,0.1563090778,0.0,0.1563090778,0.0,auxis thazard,4.37,exact_2020_supplement,2020 supplement MeanTL,high,Auxis thazard,2344.228815319923,366.42424427484366
LME_040,Northeast Australian Shelf-Great Barrier Reef,LME,2019,Muraenesocidae,Pike congers,Large demersals (>=90 cm),Other fishes & inverts,0.15062867430000002,0.15062867430000002,0.0,0.15062867430000002,0.0,muraenesocidae,3.9,exact_sea_around_us,Sea Around Us exploited organisms,high,Muraenesocidae,794.3282347242813,119.64860895557773
LME_040,Northeast Australian Shelf-Great Barrier Reef,LME,2019,Lampris,Opahs,Large pelagics (>=90 cm),Other fishes & inverts,0.1482460306,0.1482460306,0.0,0.1482460306,0.0,lampris,4.22,exact_sea_around_us,Sea Around Us exploited organisms,high,Lampris,1659.5869074375596,246.02717146334783
LME_040,Northeast Australian Shelf-Great Barrier Reef,LME,2019,Latidae,Lates perches,Large demersals (>=90 cm),Perch-likes,0.1268006033,0.1268006033,0.0,0.1268006033,0.0,latidae,4.35,exact_sea_around_us,Sea Around Us exploited organisms,high,Latidae,2238.7211385683377,283.87119099092814
LME_040,Northeast Australian Shelf-Great Barrier Reef,LME,2019,Charybdis feriatus,Crucifix crab,"Lobsters, crabs",Crustaceans,0.1262208552,0.1262208552,0.0,0.1262208552,0.0,charybdis feriatus,3.51,exact_sea_around_us,Sea Around Us exploited organisms,high,Charybdis feriatus,323.5936569296281,40.84426811495307
LME_040,Northeast Australian Shelf-Great Barrier Reef,LME,2019,Teuthida,Squids,Cephalopods,Other fishes & inverts,0.114432805,0.0,0.114432805,0.0,0.114432805,teuthida,4.13,exact_sea_around_us,Sea Around Us exploited organisms,high,Teuthida,1348.9628825916532,154.36560649584854
LME_040,Northeast Australian Shelf-Great Barrier Reef,LME,2019,Plectropomus areolatus,Squaretail coralgrouper,Medium reef assoc. fish (30 - 89 cm),Perch-likes,0.0997829068,0.0997829068,0.0,0.0997829068,0.0,plectropomus areolatus,4.5,exact_2020_supplement,2020 supplement MeanTL,high,Plectropomus areolatus,3162.2776601683795,315.5412570403035
LME_040,Northeast Australian Shelf-Great Barrier Reef,LME,2019,Epinephelus malabaricus,Malabar grouper,Large reef assoc. fish (>=90 cm),Perch-likes,0.0937243643,0.0937243643,0.0,0.0937243643,0.0,epinephelus malabaricus,4.16,exact_2020_supplement,2020 supplement MeanTL,high,Epinephelus malabaricus,1445.439770745928,135.47292364709983
LME_040,Northeast Australian Shelf-Great Barrier Reef,LME,2019,Caesio cuning,Redbelly yellowtail fusilier,Medium reef assoc. fish (30 - 89 cm),Perch-likes,0.0932197212,0.0932197212,0.0,0.0932197212,0.0,caesio cuning,3.4,exact_2020_supplement,2020 supplement MeanTL,high,Caesio cuning,251.18864315095797,23.41573528313859
LME_040,Northeast Australian Shelf-Great Barrier Reef,LME,2019,Gymnocranius euanus,Japanese large-eye bream,Medium reef assoc. fish (30 - 89 cm),Perch-likes,0.0771200391,0.0771200391,0.0,0.0771200391,0.0,gymnocranius euanus,3.8,exact_2020_supplement,2020 supplement MeanTL,high,Gymnocranius euanus,630.957344480193,48.65945507674465
LME_040,Northeast Australian Shelf-Great Barrier Reef,LME,2019,Stolephorus indicus,Indian anchovy,Small pelagics (<30 cm),Anchovies,0.07699970930000001,0.07699970930000001,0.0,0.07699970930000001,0.0,stolephorus indicus,3.59,exact_2020_supplement,2020 supplement MeanTL,high,Stolephorus indicus,389.04514499428046,29.95636306913595
LME_040,Northeast Australian Shelf-Great Barrier Reef,LME,2019,Carcharhinus brachyurus,Copper shark,Large sharks (>=90 cm),Sharks & rays,0.0756394255,0.0756394255,0.0,0.0756394255,0.0,carcharhinus brachyurus,4.5,exact_2020_supplement,2020 supplement MeanTL,high,Carcharhinus brachyurus,3162.2776601683795,239.19286548662043
LME_040,Northeast Australian Shelf-Great Barrier Reef,LME,2019,Caranx,Jacks,Medium reef assoc. fish (30 - 89 cm),Perch-likes,0.069049995,0.069049995,0.0,0.069049995,0.0,caranx,4.12,exact_sea_around_us,Sea Around Us exploited organisms,high,Caranx,1318.2567385564075,91.02562120603625
LME_040,Northeast Australian Shelf-Great Barrier Reef,LME,2019,Squalus mitsukurii,Shortspine spurdog,Small to medium sharks (<90 cm),Sharks & rays,0.0656476287,0.0656476287,0.0,0.0656476287,0.0,squalus mitsukurii,4.37,exact_2020_supplement,2020 supplement MeanTL,high,Squalus mitsukurii,2344.228815319923,153.89306285596317
LME_040,Northeast Australian Shelf-Great Barrier Reef,LME,2019,Lethrinus variegatus,Slender emperor,Small reef assoc. fish (<30 cm),Perch-likes,0.0638983016,0.0638983016,0.0,0.0638983016,0.0,lethrinus variegatus,3.84,exact_2020_supplement,2020 supplement MeanTL,high,Lethrinus variegatus,691.8309709189363,44.20682403599902
LME_040,Northeast Australian Shelf-Great Barrier Reef,LME,2019,Epinephelus fuscoguttatus,Brown-marbled grouper,Large reef assoc. fish (>=90 cm),Perch-likes,0.058708633999999996,0.058708633999999996,0.0,0.058708633999999996,0.0,epinephelus fuscoguttatus,4.14,exact_2020_supplement,2020 supplement MeanTL,high,Epinephelus fuscoguttatus,1380.3842646028838,81.04047456992986
LME_040,Northeast Australian Shelf-Great Barrier Reef,LME,2019,Aphareus furca,Small toothed jobfish,Medium reef assoc. fish (30 - 89 cm),Perch-likes,0.0560397474,0.0560397474,0.0,0.0560397474,0.0,aphareus furca,4.14,exact_2020_supplement,2020 supplement MeanTL,high,Aphareus furca,1380.3842646028838,77.35638550328036
LME_040,Northeast Australian Shelf-Great Barrier Reef,LME,2019,Moridae,"Codlings, moras",Medium benthopelagics (30 - 89 cm),Cod-likes,0.053951023900000006,0.053951023900000006,0.0,0.053951023900000006,0.0,moridae,3.87,exact_sea_around_us,Sea Around Us exploited organisms,high,Moridae,741.3102413009177,39.99444654574058
LME_040,Northeast Australian Shelf-Great Barrier Reef,LME,2019,Carangoides,Trevallies,Medium reef assoc. fish (30 - 89 cm),Perch-likes,0.049085528999999996,0.049085528999999996,0.0,0.049085528999999996,0.0,carangoides,4.34,exact_sea_around_us,Sea Around Us exploited organisms,high,Carangoides,2187.761623949552,107.38743663746281
LME_040,Northeast Australian Shelf-Great Barrier Reef,LME,2019,Pristipomoides zonatus,Oblique-banded snapper,Medium demersals (30 - 89 cm),Perch-likes,0.047916234200000005,0.047916234200000005,0.0,0.047916234200000005,0.0,pristipomoides zonatus,4.04,exact_2020_supplement,2020 supplement MeanTL,high,Pristipomoides zonatus,1096.4781961431852,52.5391060415904
LME_040,Northeast Australian Shelf-Great Barrier Reef,LME,2019,Synanceiidae,Stonefishes,Medium demersals (30 - 89 cm),Scorpionfishes,0.0471748091,0.0471748091,0.0,0.0471748091,0.0,synanceiidae,4.2,exact_sea_around_us,Sea Around Us exploited organisms,high,Synanceiidae,1584.893192461114,74.76703379824261
LME_040,Northeast Australian Shelf-Great Barrier Reef,LME,2019,Pristipomoides flavipinnis,Golden eye jobfish,Medium demersals (30 - 89 cm),Perch-likes,0.0459635466,0.0459635466,0.0,0.0459635466,0.0,pristipomoides flavipinnis,3.6,exact_2020_supplement,2020 supplement MeanTL,high,Pristipomoides flavipinnis,398.1071705534973,18.29841748552982
LME_040,Northeast Australian Shelf-Great Barrier Reef,LME,2019,Paracaesio xanthurus,Yellowtail blue snapper,Medium reef assoc. fish (30 - 89 cm),Perch-likes,0.045191736999999996,0.045191736999999996,0.0,0.045191736999999996,0.0,paracaesio xanthurus,3.4,exact_sea_around_us,Sea Around Us exploited organisms,high,Paracaesio xanthurus,251.18864315095797,11.351651098664943
LME_040,Northeast Australian Shelf-Great Barrier Reef,LME,2019,Monotaxis grandoculis,Humpnose big-eye bream,Medium reef assoc. fish (30 - 89 cm),Perch-likes,0.0436309342,0.0436309342,0.0,0.0436309342,0.0,monotaxis grandoculis,3.37,exact_2020_supplement,2020 supplement MeanTL,high,Monotaxis grandoculis,234.42288153199226,10.22808931909675
LME_040,Northeast Australian Shelf-Great Barrier Reef,LME,2019,Plectorhinchus,Sweetlips,Medium reef assoc. fish (30 - 89 cm),Perch-likes,0.0424474786,0.0424474786,0.0,0.0424474786,0.0,plectorhinchus,3.43,exact_sea_around_us,Sea Around Us exploited organisms,high,Plectorhinchus,269.1534803926917,11.4248865990843
LME_040,Northeast Australian Shelf-Great Barrier Reef,LME,2019,Echeneidae,Remoras,Large pelagics (>=90 cm),Perch-likes,0.0396953502,0.0396953502,0.0,0.0396953502,0.0,echeneidae,3.22,exact_sea_around_us,Sea Around Us exploited organisms,high,Echeneidae,165.95869074375614,6.587788347806899
LME_040,Northeast Australian Shelf-Great Barrier Reef,LME,2019,Zeus faber,John dory,Medium benthopelagics (30 - 89 cm),Other fishes & inverts,0.0372356377,0.0372356377,0.0,0.0372356377,0.0,zeus faber,4.5,exact_2020_supplement,2020 supplement MeanTL,high,Zeus faber,3162.2776601683795,117.74942526083349
LME_040,Northeast Australian Shelf-Great Barrier Reef,LME,2019,Kyphosidae,"Sea chubs, knifefishes, niblers",Medium reef assoc. fish (30 - 89 cm),Perch-likes,0.036791061800000004,0.036791061800000004,0.0,0.036791061800000004,0.0,kyphosidae,2.19,exact_sea_around_us,Sea Around Us exploited organisms,high,Kyphosidae,15.488166189124811,0.5698260794327615
LME_040,Northeast Australian Shelf-Great Barrier Reef,LME,2019,Variola louti,Yellow-edged lyretail,Medium reef assoc. fish (30 - 89 cm),Perch-likes,0.034893525300000006,0.034893525300000006,0.0,0.034893525300000006,0.0,variola louti,4.33,exact_2020_supplement,2020 supplement MeanTL,high,Variola louti,2137.9620895022326,74.60103426048703
LME_040,Northeast Australian Shelf-Great Barrier Reef,LME,2019,Chromileptes altivelis,Humpback grouper,Medium reef assoc. fish (30 - 89 cm),Perch-likes,0.034307493700000004,0.034307493700000004,0.0,0.034307493700000004,0.0,chromileptes altivelis,4.5,exact_sea_around_us,Sea Around Us exploited organisms,high,Chromileptes altivelis,3162.2776601683795,108.48982090387743
LME_040,Northeast Australian Shelf-Great Barrier Reef,LME,2019,Abudefduf sordidus,Blackspot sergeant,Small reef assoc. fish (<30 cm),Perch-likes,0.0326310653,0.0326310653,0.0,0.0326310653,0.0,abudefduf sordidus,2.88,exact_2020_supplement,2020 supplement MeanTL,high,Abudefduf sordidus,75.85775750291836,2.4753194385892936
LME_040,Northeast Australian Shelf-Great Barrier Reef,LME,2019,Lepidocybium flavobrunneum,Escolar,Large bathypelagics (>=90 cm),Perch-likes,0.031657716,0.031657716,0.0,0.031657716,0.0,lepidocybium flavobrunneum,4.34,exact_2020_supplement,2020 supplement MeanTL,high,Lepidocybium flavobrunneum,2187.761623949552,69.25953616669372
LME_040,Northeast Australian Shelf-Great Barrier Reef,LME,2019,Holocentridae,"Squirrel-, soldierfishes",Small reef assoc. fish (<30 cm),Other fishes & inverts,0.0314827071,0.0314827071,0.0,0.0314827071,0.0,holocentridae,3.49,exact_sea_around_us,Sea Around Us exploited organisms,high,Holocentridae,309.0295432513592,9.729086595429324
LME_040,Northeast Australian Shelf-Great Barrier Reef,LME,2019,Naucrates ductor,Pilotfish,Medium pelagics (30 - 89 cm),Perch-likes,0.0312794098,0.0312794098,0.0,0.0312794098,0.0,naucrates ductor,3.98,exact_2020_supplement,2020 supplement MeanTL,high,Naucrates ductor,954.992586021436,29.871604454126246
LME_040,Northeast Australian Shelf-Great Barrier Reef,LME,2019,Epinephelus merra,Honeycomb grouper,Small reef assoc. fish (<30 cm),Perch-likes,0.031244430200000003,0.031244430200000003,0.0,0.031244430200000003,0.0,epinephelus merra,3.82,exact_2020_supplement,2020 supplement MeanTL,high,Epinephelus merra,660.6934480075957,20.642990319870655
LME_040,Northeast Australian Shelf-Great Barrier Reef,LME,2019,Pristipomoides sieboldii,Lavender jobfish,Medium bathydemersals (30 - 89 cm),Perch-likes,0.0311692833,0.0311692833,0.0,0.0311692833,0.0,pristipomoides sieboldii,3.67,exact_2020_supplement,2020 supplement MeanTL,high,Pristipomoides sieboldii,467.73514128719813,14.578969128146205
LME_040,Northeast Australian Shelf-Great Barrier Reef,LME,2019,Octopodidae,Octopuses,Cephalopods,Other fishes & inverts,0.0311603142,0.0311603142,0.0,0.0311603142,0.0,octopodidae,3.59,exact_sea_around_us,Sea Around Us exploited organisms,high,Octopodidae,389.04514499428046,12.122768956006336
LME_040,Northeast Australian Shelf-Great Barrier Reef,LME,2019,Lutjanus fulviflamma,Dory snapper,Medium reef assoc. fish (30 - 89 cm),Perch-likes,0.02950443,0.02950443,0.0,0.02950443,0.0,lutjanus fulviflamma,3.79,exact_2020_supplement,2020 supplement MeanTL,high,Lutjanus fulviflamma,616.5950018614822,18.192284070771972
LME_040,Northeast Australian Shelf-Great Barrier Reef,LME,2019,Kuhlia rupestris,Rock flagtail,Medium benthopelagics (30 - 89 cm),Perch-likes,0.0293322587,0.0293322587,0.0,0.0293322587,0.0,kuhlia rupestris,3.22,exact_2020_supplement,2020 supplement MeanTL,high,Kuhlia rupestris,165.95869074375614,4.867943250409151
LME_040,Northeast Australian Shelf-Great Barrier Reef,LME,2019,Ruvettus pretiosus,Oilfish,Large benthopelagics (>=90 cm),Perch-likes,0.028899937599999998,0.028899937599999998,0.0,0.028899937599999998,0.0,ruvettus pretiosus,4.18,exact_2020_supplement,2020 supplement MeanTL,high,Ruvettus pretiosus,1513.5612484362073,43.74182563358448
LME_040,Northeast Australian Shelf-Great Barrier Reef,LME,2019,Cephalopholis miniata,Coral hind,Medium reef assoc. fish (30 - 89 cm),Perch-likes,0.028285783,0.028285783,0.0,0.028285783,0.0,cephalopholis miniata,4.29,exact_2020_supplement,2020 supplement MeanTL,high,Cephalopholis miniata,1949.8445997580454,55.152881232477924
LME_040,Northeast Australian Shelf-Great Barrier Reef,LME,2019,Caranx papuensis,Brassy trevally,Medium reef assoc. fish (30 - 89 cm),Perch-likes,0.0278202964,0.0278202964,0.0,0.0278202964,0.0,caranx papuensis,3.98,exact_2020_supplement,2020 supplement MeanTL,high,Caranx papuensis,954.992586021436,26.568176802918845
LME_040,Northeast Australian Shelf-Great Barrier Reef,LME,2019,Scyliorhinidae,Cat/swellsharks,Large sharks (>=90 cm),Sharks & rays,0.027245373,0.027245373,0.0,0.027245373,0.0,scyliorhinidae,3.97,exact_sea_around_us,Sea Around Us exploited organisms,high,Scyliorhinidae,933.2543007969915,25.42686152906823
LME_040,Northeast Australian Shelf-Great Barrier Reef,LME,2019,Lutjanus gibbus,Humpback red snapper,Medium reef assoc. fish (30 - 89 cm),Perch-likes,0.025261155,0.025261155,0.0,0.025261155,0.0,lutjanus gibbus,4.12,exact_2020_supplement,2020 supplement MeanTL,high,Lutjanus gibbus,1318.2567385564075,33.300687802467884
LME_040,Northeast Australian Shelf-Great Barrier Reef,LME,2019,Carcharhinus albimarginatus,Silvertip shark,Large sharks (>=90 cm),Sharks & rays,0.0241229572,0.0241229572,0.0,0.0241229572,0.0,carcharhinus albimarginatus,4.21,exact_2020_supplement,2020 supplement MeanTL,high,Carcharhinus albimarginatus,1621.8100973589299,39.1228555651173
LME_040,Northeast Australian Shelf-Great Barrier Reef,LME,2019,Alectis ciliaris,African pompano,Large pelagics (>=90 cm),Perch-likes,0.0239091797,0.0239091797,0.0,0.0239091797,0.0,alectis ciliaris,3.95,exact_2020_supplement,2020 supplement MeanTL,high,Alectis ciliaris,891.2509381337459,21.309078837633315
LME_040,Northeast Australian Shelf-Great Barrier Reef,LME,2019,Pinctada,Mother of pearl oysters,Other demersal invertebrates,Molluscs,0.0234512243,0.0234512243,0.0,0.0135183614,0.0099328629,pinctada,2.1,exact_sea_around_us,Sea Around Us exploited organisms,high,Pinctada,12.589254117941675,0.2952334220895489
LME_040,Northeast Australian Shelf-Great Barrier Reef,LME,2019,Platycaranx chrysophrys,Longnose trevally,Small pelagics (<30 cm),Perch-likes,0.0217877802,0.0217877802,0.0,0.0217877802,0.0,platycaranx chrysophrys,4.3,exact_sea_around_us,Sea Around Us exploited organisms,high,Platycaranx chrysophrys,1995.2623149688789,43.4723367598851
LME_040,Northeast Australian Shelf-Great Barrier Reef,LME,2019,Lutjanus quinquelineatus,Five-lined snapper,Medium reef assoc. fish (30 - 89 cm),Perch-likes,0.0211268016,0.0211268016,0.0,0.0211268016,0.0,lutjanus quinquelineatus,3.68,exact_2020_supplement,2020 supplement MeanTL,high,Lutjanus quinquelineatus,478.6300923226385,10.111923000290068
LME_040,Northeast Australian Shelf-Great Barrier Reef,LME,2019,Epinephelus fasciatus,Blacktip grouper,Medium reef assoc. fish (30 - 89 cm),Perch-likes,0.019288021199999998,0.019288021199999998,0.0,0.019288021199999998,0.0,epinephelus fasciatus,3.72,exact_2020_supplement,2020 supplement MeanTL,high,Epinephelus fasciatus,524.8074602497728,10.122497419215774
LME_040,Northeast Australian Shelf-Great Barrier Reef,LME,2019,Cephalopholis boenak,Chocolate hind,Small reef assoc. fish (<30 cm),Perch-likes,0.0180013108,0.0180013108,0.0,0.0180013108,0.0,cephalopholis boenak,4.07,exact_2020_supplement,2020 supplement MeanTL,high,Cephalopholis boenak,1174.8975549395302,21.14969604462656
LME_040,Northeast Australian Shelf-Great Barrier Reef,LME,2019,Caesionidae,Fusiliers,Medium reef assoc. fish (30 - 89 cm),Perch-likes,0.0179957585,0.0179957585,0.0,0.0179957585,0.0,caesionidae,3.39,exact_sea_around_us,Sea Around Us exploited organisms,high,Caesionidae,245.4708915685031,4.417434883446468
LME_040,Northeast Australian Shelf-Great Barrier Reef,LME,2019,Lethrinus obsoletus,Orange-striped emperor,Medium demersals (30 - 89 cm),Perch-likes,0.017804408100000002,0.017804408100000002,0.0,0.017804408100000002,0.0,lethrinus obsoletus,3.89,exact_2020_supplement,2020 supplement MeanTL,high,Lethrinus obsoletus,776.247116628692,13.82062045090553
LME_040,Northeast Australian Shelf-Great Barrier Reef,LME,2019,Caranx melampygus,Bluefin trevally,Large reef assoc. fish (>=90 cm),Perch-likes,0.0171995225,0.0171995225,0.0,0.0171995225,0.0,caranx melampygus,4.49,exact_2020_supplement,2020 supplement MeanTL,high,Caranx melampygus,3090.295432513592,53.151605823164765
LME_040,Northeast Australian Shelf-Great Barrier Reef,LME,2019,Cephalopholis sonnerati,Tomato hind,Medium reef assoc. fish (30 - 89 cm),Perch-likes,0.0167456327,0.0167456327,0.0,0.0167456327,0.0,cephalopholis sonnerati,3.81,exact_2020_supplement,2020 supplement MeanTL,high,Cephalopholis sonnerati,645.6542290346556,10.811888570616018
LME_040,Northeast Australian Shelf-Great Barrier Reef,LME,2019,Seriola rivoliana,Longfin yellowtail,Large benthopelagics (>=90 cm),Perch-likes,0.015544715899999999,0.015544715899999999,0.0,0.015544715899999999,0.0,seriola rivoliana,4.45,exact_2020_supplement,2020 supplement MeanTL,high,Seriola rivoliana,2818.382931264455,43.810961963915176
LME_040,Northeast Australian Shelf-Great Barrier Reef,LME,2019,Lutjanus monostigma,One-spot snapper,Medium reef assoc. fish (30 - 89 cm),Perch-likes,0.0152802704,0.0152802704,0.0,0.0152802704,0.0,lutjanus monostigma,4.27,exact_2020_supplement,2020 supplement MeanTL,high,Lutjanus monostigma,1862.0871366628655,28.45319495657034
LME_040,Northeast Australian Shelf-Great Barrier Reef,LME,2019,Anguilliformes,"Eels, morays",Large demersals (>=90 cm),Other fishes & inverts,0.014820310100000001,0.014820310100000001,0.0,0.014820310100000001,0.0,anguilliformes,3.89,exact_sea_around_us,Sea Around Us exploited organisms,high,Anguilliformes,776.247116628692,11.504222982668082
LME_040,Northeast Australian Shelf-Great Barrier Reef,LME,2019,Balistidae,Triggerfishes,Medium reef assoc. fish (30 - 89 cm),Other fishes & inverts,0.014745104799999999,0.014745104799999999,0.0,0.014745104799999999,0.0,balistidae,3.25,exact_sea_around_us,Sea Around Us exploited organisms,high,Balistidae,177.82794100389228,2.6220916264706084
LME_040,Northeast Australian Shelf-Great Barrier Reef,LME,2019,Cephalopholis argus,Peacock hind,Medium reef assoc. fish (30 - 89 cm),Perch-likes,0.0146667203,0.0146667203,0.0,0.0146667203,0.0,cephalopholis argus,4.48,exact_2020_supplement,2020 supplement MeanTL,high,Cephalopholis argus,3019.951720402019,44.29278720264021
LME_040,Northeast Australian Shelf-Great Barrier Reef,LME,2019,Lethrinus xanthochilus,Yellowlip emperor,Medium reef assoc. fish (30 - 89 cm),Perch-likes,0.0143193659,0.0143193659,0.0,0.0143193659,0.0,lethrinus xanthochilus,3.78,exact_2020_supplement,2020 supplement MeanTL,high,Lethrinus xanthochilus,602.5595860743575,8.62827118955127
LME_040,Northeast Australian Shelf-Great Barrier Reef,LME,2019,Lethrinus rubrioperculatus,Spotcheek emperor,Medium reef assoc. fish (30 - 89 cm),Perch-likes,0.0125528542,0.0125528542,0.0,0.0125528542,0.0,lethrinus rubrioperculatus,3.75,exact_2020_supplement,2020 supplement MeanTL,high,Lethrinus rubrioperculatus,562.341325190349,7.058988665749238
LME_040,Northeast Australian Shelf-Great Barrier Reef,LME,2019,Platycephalus indicus,Bartail flathead,Medium demersals (30 - 89 cm),Scorpionfishes,0.0112184172,0.0112184172,0.0,0.0112184172,0.0,platycephalus indicus,3.6,exact_2020_supplement,2020 supplement MeanTL,high,Platycephalus indicus,398.1071705534973,4.466132329580688
LME_040,Northeast Australian Shelf-Great Barrier Reef,LME,2019,Pomadasys maculatus,Saddle grunt,Medium reef assoc. fish (30 - 89 cm),Perch-likes,0.009515674699999999,0.009515674699999999,0.0,0.009515674699999999,0.0,pomadasys maculatus,4.04,exact_2020_supplement,2020 supplement MeanTL,high,Pomadasys maculatus,1096.4781961431852,10.433729830141344
LME_040,Northeast Australian Shelf-Great Barrier Reef,LME,2019,Macolor macularis,Midnight snapper,Medium reef assoc. fish (30 - 89 cm),Perch-likes,0.0060338582000000005,0.0060338582000000005,0.0,0.0060338582000000005,0.0,macolor macularis,3.97,exact_2020_supplement,2020 supplement MeanTL,high,Macolor macularis,933.2543007969915,5.631124115549194
LME_040,Northeast Australian Shelf-Great Barrier Reef,LME,2019,Panulirus versicolor,Painted spiny lobster,"Lobsters, crabs",Crustaceans,0.0055945692,0.0055945692,0.0,0.0055945692,0.0,panulirus versicolor,3.57,exact_sea_around_us,Sea Around Us exploited organisms,high,Panulirus versicolor,371.5352290971724,2.0785795494219848
LME_040,Northeast Australian Shelf-Great Barrier Reef,LME,2019,Heteropriacanthus cruentatus,Glasseye,Medium reef assoc. fish (30 - 89 cm),Perch-likes,0.0038954942,0.0038954942,0.0,0.0038954942,0.0,heteropriacanthus cruentatus,3.61,exact_2020_supplement,2020 supplement MeanTL,high,Heteropriacanthus cruentatus,407.3802778041126,1.5869475093803094
LME_040,Northeast Australian Shelf-Great Barrier Reef,LME,2019,Coryphaena,Dolphinfishes,Large pelagics (>=90 cm),Perch-likes,0.0036411084,0.0036411084,0.0,0.0036411084,0.0,coryphaena,4.49,exact_sea_around_us,Sea Around Us exploited organisms,high,Coryphaena,3090.295432513592,11.252100657806873
LME_040,Northeast Australian Shelf-Great Barrier Reef,LME,2019,Squaliformes,"Bramble, sleeper, dogfish sharks",Large sharks (>=90 cm),Sharks & rays,0.0028743012,0.0028743012,0.0,0.0028743012,0.0,squaliformes,4.19,exact_sea_around_us,Sea Around Us exploited organisms,high,Squaliformes,1548.8166189124827,4.451765466320092
LME_040,Northeast Australian Shelf-Great Barrier Reef,LME,2019,Parapenaeopsis,Leafy-legged shrimps,Shrimps,Crustaceans,0.0020358195,0.0020358195,0.0,0.0020358195,0.0,parapenaeopsis,2.72,exact_sea_around_us,Sea Around Us exploited organisms,high,Parapenaeopsis,52.480746024977286,0.10684132613219625
LME_040,Northeast Australian Shelf-Great Barrier Reef,LME,2019,Selaroides leptolepis,Yellowstripe scad,Small pelagics (<30 cm),Perch-likes,0.0006398544000000001,0.0006398544000000001,0.0,0.0006398544000000001,0.0,selaroides leptolepis,3.84,exact_2020_supplement,2020 supplement MeanTL,high,Selaroides leptolepis,691.8309709189363,0.44267109079875344
LME_040,Northeast Australian Shelf-Great Barrier Reef,LME,2019,Soleidae,Soles,Small to medium flatfishes (<90 cm),Flatfishes,0.0001969803,0.0001969803,0.0,0.0001969803,0.0,soleidae,3.15,exact_sea_around_us,Sea Around Us exploited organisms,high,Soleidae,141.2537544622754,0.027824206930105344
