model_id,method,scope,fraction,n_total,n_valid,n_invalid_or_unavailable,valid_routes,excluded_routes,uncertainty_type,min_fixed_H_tC,max_fixed_H_tC,range_fixed_H_tC,min_retained_L_tC,max_retained_L_tC,range_retained_L_tC,relative_spread_pct,baseline_ppr_fixed_H_tC,meaningful_sensitivity,status,assumption_class
13_2_Northern_Humboldt_Current_(1995-1998),standard_fixed_baseline_TL,all,0.0,4,4,0,"['SC', 'SM', 'SE', 'SR']",[],discard-routing sensitivity envelope; not a confidence interval,491.13855307725066,491.13855307725066,0.0,491.13855307725066,491.13855307725066,0.0,0.0,491.13855307725066,True,assessed,hypothetical_designated_amounts
13_2_Northern_Humboldt_Current_(1995-1998),standard_fixed_baseline_TL,inner,0.0,4,0,4,[],"['SC', 'SM', 'SE', 'SR']",discard-routing sensitivity envelope; not a confidence interval,,,,,,,,,True,not_assessed,hypothetical_designated_amounts
13_2_Northern_Humboldt_Current_(1995-1998),standard_fixed_baseline_TL,PP,0.0,4,0,4,[],"['SC', 'SM', 'SE', 'SR']",discard-routing sensitivity envelope; not a confidence interval,,,,,,,,,True,not_assessed,hypothetical_designated_amounts
13_2_Northern_Humboldt_Current_(1995-1998),SPPR_1995_TE0.1,all,0.0,4,4,0,"['SC', 'SM', 'SE', 'SR']",[],discard-routing sensitivity envelope; not a confidence interval,491.13855307725066,491.13855307725066,0.0,491.13855307725066,491.13855307725066,0.0,0.0,491.13855307725066,True,assessed,hypothetical_designated_amounts
13_2_Northern_Humboldt_Current_(1995-1998),SPPR_1995_TE0.1,inner,0.0,4,0,4,[],"['SC', 'SM', 'SE', 'SR']",discard-routing sensitivity envelope; not a confidence interval,,,,,,,,,True,not_assessed,hypothetical_designated_amounts
13_2_Northern_Humboldt_Current_(1995-1998),SPPR_1995_TE0.1,PP,0.0,4,0,4,[],"['SC', 'SM', 'SE', 'SR']",discard-routing sensitivity envelope; not a confidence interval,,,,,,,,,True,not_assessed,hypothetical_designated_amounts
13_2_Northern_Humboldt_Current_(1995-1998),SPPR_1995_TEmean,all,0.0,4,4,0,"['SC', 'SM', 'SE', 'SR']",[],discard-routing sensitivity envelope; not a confidence interval,460.6608517378714,460.6608517378714,0.0,460.6608517378714,460.6608517378714,0.0,0.0,460.6608517378714,True,assessed,hypothetical_designated_amounts
13_2_Northern_Humboldt_Current_(1995-1998),SPPR_1995_TEmean,inner,0.0,4,0,4,[],"['SC', 'SM', 'SE', 'SR']",discard-routing sensitivity envelope; not a confidence interval,,,,,,,,,True,not_assessed,hypothetical_designated_amounts
13_2_Northern_Humboldt_Current_(1995-1998),SPPR_1995_TEmean,PP,0.0,4,0,4,[],"['SC', 'SM', 'SE', 'SR']",discard-routing sensitivity envelope; not a confidence interval,,,,,,,,,True,not_assessed,hypothetical_designated_amounts
13_2_Northern_Humboldt_Current_(1995-1998),SPPR_1986,all,0.0,4,4,0,"['SC', 'SM', 'SE', 'SR']",[],discard-routing sensitivity envelope; not a confidence interval,396.2325384249224,396.2325384249224,0.0,396.2325384249224,396.2325384249224,0.0,0.0,396.2325384249224,True,assessed,hypothetical_designated_amounts
13_2_Northern_Humboldt_Current_(1995-1998),SPPR_1986,inner,0.0,4,0,4,[],"['SC', 'SM', 'SE', 'SR']",discard-routing sensitivity envelope; not a confidence interval,,,,,,,,,True,not_assessed,hypothetical_designated_amounts
13_2_Northern_Humboldt_Current_(1995-1998),SPPR_1986,PP,0.0,4,0,4,[],"['SC', 'SM', 'SE', 'SR']",discard-routing sensitivity envelope; not a confidence interval,,,,,,,,,True,not_assessed,hypothetical_designated_amounts
13_2_Northern_Humboldt_Current_(1995-1998),new_GE,all,0.0,4,0,4,[],"['SC', 'SM', 'SE', 'SR']",discard-routing sensitivity envelope; not a confidence interval,,,,,,,,,True,not_assessed,hypothetical_designated_amounts
13_2_Northern_Humboldt_Current_(1995-1998),new_GE,inner,0.0,4,0,4,[],"['SC', 'SM', 'SE', 'SR']",discard-routing sensitivity envelope; not a confidence interval,,,,,,,,,True,not_assessed,hypothetical_designated_amounts
13_2_Northern_Humboldt_Current_(1995-1998),new_GE,PP,0.0,4,0,4,[],"['SC', 'SM', 'SE', 'SR']",discard-routing sensitivity envelope; not a confidence interval,,,,,,,,204.0296573802264,True,not_assessed,hypothetical_designated_amounts
13_2_Northern_Humboldt_Current_(1995-1998),new_TE_EEfix,all,0.0,4,0,4,[],"['SC', 'SM', 'SE', 'SR']",discard-routing sensitivity envelope; not a confidence interval,,,,,,,,966.4451326076019,True,not_assessed,hypothetical_designated_amounts
13_2_Northern_Humboldt_Current_(1995-1998),new_TE_EEfix,inner,0.0,4,0,4,[],"['SC', 'SM', 'SE', 'SR']",discard-routing sensitivity envelope; not a confidence interval,,,,,,,,962.6364801425882,True,not_assessed,hypothetical_designated_amounts
13_2_Northern_Humboldt_Current_(1995-1998),new_TE_EEfix,PP,0.0,4,0,4,[],"['SC', 'SM', 'SE', 'SR']",discard-routing sensitivity envelope; not a confidence interval,,,,,,,,962.6364801425882,True,not_assessed,hypothetical_designated_amounts
13_2_Northern_Humboldt_Current_(1995-1998),new_WithEgestion,all,0.0,4,0,4,[],"['SC', 'SM', 'SE', 'SR']",discard-routing sensitivity envelope; not a confidence interval,,,,,,,,,True,not_assessed,hypothetical_designated_amounts
13_2_Northern_Humboldt_Current_(1995-1998),new_WithEgestion,inner,0.0,4,0,4,[],"['SC', 'SM', 'SE', 'SR']",discard-routing sensitivity envelope; not a confidence interval,,,,,,,,,True,not_assessed,hypothetical_designated_amounts
13_2_Northern_Humboldt_Current_(1995-1998),new_WithEgestion,PP,0.0,4,0,4,[],"['SC', 'SM', 'SE', 'SR']",discard-routing sensitivity envelope; not a confidence interval,,,,,,,,64.32672593663342,True,not_assessed,hypothetical_designated_amounts
13_2_Northern_Humboldt_Current_(1995-1998),Ulanowicz_TE,all,0.0,4,4,0,"['SC', 'SM', 'SE', 'SR']",[],discard-routing sensitivity envelope; not a confidence interval,676.7127932266408,676.7127932266408,0.0,676.7127932266408,676.7127932266408,0.0,0.0,676.7127932266408,True,assessed,hypothetical_designated_amounts
13_2_Northern_Humboldt_Current_(1995-1998),Ulanowicz_TE,inner,0.0,4,4,0,"['SC', 'SM', 'SE', 'SR']",[],discard-routing sensitivity envelope; not a confidence interval,674.8104783422024,674.8104783422024,0.0,674.8104783422024,674.8104783422024,0.0,0.0,674.8104783422024,True,assessed,hypothetical_designated_amounts
13_2_Northern_Humboldt_Current_(1995-1998),Ulanowicz_TE,PP,0.0,4,4,0,"['SC', 'SM', 'SE', 'SR']",[],discard-routing sensitivity envelope; not a confidence interval,516.7523377875302,516.7523377875302,0.0,516.7523377875302,516.7523377875302,0.0,0.0,516.7523377875302,True,assessed,hypothetical_designated_amounts
13_2_Northern_Humboldt_Current_(1995-1998),standard_fixed_baseline_TL,all,0.01,4,4,0,"['SC', 'SM', 'SE', 'SR']",[],discard-routing sensitivity envelope; not a confidence interval,491.13855307725066,491.13855307725066,0.0,486.2271675464782,486.2271675464782,0.0,0.0,491.13855307725066,True,assessed,hypothetical_designated_amounts
13_2_Northern_Humboldt_Current_(1995-1998),standard_fixed_baseline_TL,inner,0.01,4,0,4,[],"['SC', 'SM', 'SE', 'SR']",discard-routing sensitivity envelope; not a confidence interval,,,,,,,,,True,not_assessed,hypothetical_designated_amounts
13_2_Northern_Humboldt_Current_(1995-1998),standard_fixed_baseline_TL,PP,0.01,4,0,4,[],"['SC', 'SM', 'SE', 'SR']",discard-routing sensitivity envelope; not a confidence interval,,,,,,,,,True,not_assessed,hypothetical_designated_amounts
13_2_Northern_Humboldt_Current_(1995-1998),SPPR_1995_TE0.1,all,0.01,4,4,0,"['SC', 'SM', 'SE', 'SR']",[],discard-routing sensitivity envelope; not a confidence interval,491.13855307725066,491.13855307725066,0.0,486.2271675464782,486.2271675464782,0.0,0.0,491.13855307725066,True,assessed,hypothetical_designated_amounts
13_2_Northern_Humboldt_Current_(1995-1998),SPPR_1995_TE0.1,inner,0.01,4,0,4,[],"['SC', 'SM', 'SE', 'SR']",discard-routing sensitivity envelope; not a confidence interval,,,,,,,,,True,not_assessed,hypothetical_designated_amounts
13_2_Northern_Humboldt_Current_(1995-1998),SPPR_1995_TE0.1,PP,0.01,4,0,4,[],"['SC', 'SM', 'SE', 'SR']",discard-routing sensitivity envelope; not a confidence interval,,,,,,,,,True,not_assessed,hypothetical_designated_amounts
13_2_Northern_Humboldt_Current_(1995-1998),SPPR_1995_TEmean,all,0.01,4,4,0,"['SC', 'SM', 'SE', 'SR']",[],discard-routing sensitivity envelope; not a confidence interval,460.6608517378714,463.7949605801411,3.134108842269711,456.05424322049265,459.15701097433964,3.10276775384699,0.6803505942486909,460.6608517378714,True,assessed,hypothetical_designated_amounts
13_2_Northern_Humboldt_Current_(1995-1998),SPPR_1995_TEmean,inner,0.01,4,0,4,[],"['SC', 'SM', 'SE', 'SR']",discard-routing sensitivity envelope; not a confidence interval,,,,,,,,,True,not_assessed,hypothetical_designated_amounts
13_2_Northern_Humboldt_Current_(1995-1998),SPPR_1995_TEmean,PP,0.01,4,0,4,[],"['SC', 'SM', 'SE', 'SR']",discard-routing sensitivity envelope; not a confidence interval,,,,,,,,,True,not_assessed,hypothetical_designated_amounts
13_2_Northern_Humboldt_Current_(1995-1998),SPPR_1986,all,0.01,4,4,0,"['SC', 'SM', 'SE', 'SR']",[],discard-routing sensitivity envelope; not a confidence interval,396.2325384249224,396.2325384249224,0.0,392.2702130406732,392.2702130406732,0.0,0.0,396.2325384249224,True,assessed,hypothetical_designated_amounts
13_2_Northern_Humboldt_Current_(1995-1998),SPPR_1986,inner,0.01,4,0,4,[],"['SC', 'SM', 'SE', 'SR']",discard-routing sensitivity envelope; not a confidence interval,,,,,,,,,True,not_assessed,hypothetical_designated_amounts
13_2_Northern_Humboldt_Current_(1995-1998),SPPR_1986,PP,0.01,4,0,4,[],"['SC', 'SM', 'SE', 'SR']",discard-routing sensitivity envelope; not a confidence interval,,,,,,,,,True,not_assessed,hypothetical_designated_amounts
13_2_Northern_Humboldt_Current_(1995-1998),new_GE,all,0.01,4,0,4,[],"['SC', 'SM', 'SE', 'SR']",discard-routing sensitivity envelope; not a confidence interval,,,,,,,,,True,not_assessed,hypothetical_designated_amounts
13_2_Northern_Humboldt_Current_(1995-1998),new_GE,inner,0.01,4,0,4,[],"['SC', 'SM', 'SE', 'SR']",discard-routing sensitivity envelope; not a confidence interval,,,,,,,,,True,not_assessed,hypothetical_designated_amounts
13_2_Northern_Humboldt_Current_(1995-1998),new_GE,PP,0.01,4,0,4,[],"['SC', 'SM', 'SE', 'SR']",discard-routing sensitivity envelope; not a confidence interval,,,,,,,,204.0296573802264,True,not_assessed,hypothetical_designated_amounts
13_2_Northern_Humboldt_Current_(1995-1998),new_TE_EEfix,all,0.01,4,0,4,[],"['SC', 'SM', 'SE', 'SR']",discard-routing sensitivity envelope; not a confidence interval,,,,,,,,966.4451326076019,True,not_assessed,hypothetical_designated_amounts
13_2_Northern_Humboldt_Current_(1995-1998),new_TE_EEfix,inner,0.01,4,0,4,[],"['SC', 'SM', 'SE', 'SR']",discard-routing sensitivity envelope; not a confidence interval,,,,,,,,962.6364801425882,True,not_assessed,hypothetical_designated_amounts
13_2_Northern_Humboldt_Current_(1995-1998),new_TE_EEfix,PP,0.01,4,0,4,[],"['SC', 'SM', 'SE', 'SR']",discard-routing sensitivity envelope; not a confidence interval,,,,,,,,962.6364801425882,True,not_assessed,hypothetical_designated_amounts
13_2_Northern_Humboldt_Current_(1995-1998),new_WithEgestion,all,0.01,4,0,4,[],"['SC', 'SM', 'SE', 'SR']",discard-routing sensitivity envelope; not a confidence interval,,,,,,,,,True,not_assessed,hypothetical_designated_amounts
13_2_Northern_Humboldt_Current_(1995-1998),new_WithEgestion,inner,0.01,4,0,4,[],"['SC', 'SM', 'SE', 'SR']",discard-routing sensitivity envelope; not a confidence interval,,,,,,,,,True,not_assessed,hypothetical_designated_amounts
13_2_Northern_Humboldt_Current_(1995-1998),new_WithEgestion,PP,0.01,4,0,4,[],"['SC', 'SM', 'SE', 'SR']",discard-routing sensitivity envelope; not a confidence interval,,,,,,,,64.32672593663342,True,not_assessed,hypothetical_designated_amounts
13_2_Northern_Humboldt_Current_(1995-1998),Ulanowicz_TE,all,0.01,4,4,0,"['SC', 'SM', 'SE', 'SR']",[],discard-routing sensitivity envelope; not a confidence interval,676.7127932266408,682.6555610789638,5.9427678523230725,669.9456652943744,675.8290054681743,5.883340173799866,0.8781816912293516,676.7127932266408,True,assessed,hypothetical_designated_amounts
13_2_Northern_Humboldt_Current_(1995-1998),Ulanowicz_TE,inner,0.01,4,4,0,"['SC', 'SM', 'SE', 'SR']",[],discard-routing sensitivity envelope; not a confidence interval,674.8104783422024,680.7373006063867,5.926822264184352,668.0623735587803,673.9299276003229,5.867554041542576,0.878294344027486,674.8104783422024,True,assessed,hypothetical_designated_amounts
13_2_Northern_Humboldt_Current_(1995-1998),Ulanowicz_TE,PP,0.01,4,4,0,"['SC', 'SM', 'SE', 'SR']",[],discard-routing sensitivity envelope; not a confidence interval,516.7523377875302,521.2900687114006,4.537730923870413,511.58481440965505,516.0771680242865,4.4923536146314405,0.8781248950510134,516.7523377875302,True,assessed,hypothetical_designated_amounts
13_2_Northern_Humboldt_Current_(1995-1998),standard_fixed_baseline_TL,all,0.05,4,4,0,"['SC', 'SM', 'SE', 'SR']",[],discard-routing sensitivity envelope; not a confidence interval,491.13855307725066,491.13855307725066,0.0,466.5816254233882,466.5816254233882,0.0,0.0,491.13855307725066,True,assessed,hypothetical_designated_amounts
13_2_Northern_Humboldt_Current_(1995-1998),standard_fixed_baseline_TL,inner,0.05,4,0,4,[],"['SC', 'SM', 'SE', 'SR']",discard-routing sensitivity envelope; not a confidence interval,,,,,,,,,True,not_assessed,hypothetical_designated_amounts
13_2_Northern_Humboldt_Current_(1995-1998),standard_fixed_baseline_TL,PP,0.05,4,0,4,[],"['SC', 'SM', 'SE', 'SR']",discard-routing sensitivity envelope; not a confidence interval,,,,,,,,,True,not_assessed,hypothetical_designated_amounts
13_2_Northern_Humboldt_Current_(1995-1998),SPPR_1995_TE0.1,all,0.05,4,4,0,"['SC', 'SM', 'SE', 'SR']",[],discard-routing sensitivity envelope; not a confidence interval,491.13855307725066,491.13855307725066,0.0,466.5816254233882,466.5816254233882,0.0,0.0,491.13855307725066,True,assessed,hypothetical_designated_amounts
13_2_Northern_Humboldt_Current_(1995-1998),SPPR_1995_TE0.1,inner,0.05,4,0,4,[],"['SC', 'SM', 'SE', 'SR']",discard-routing sensitivity envelope; not a confidence interval,,,,,,,,,True,not_assessed,hypothetical_designated_amounts
13_2_Northern_Humboldt_Current_(1995-1998),SPPR_1995_TE0.1,PP,0.05,4,0,4,[],"['SC', 'SM', 'SE', 'SR']",discard-routing sensitivity envelope; not a confidence interval,,,,,,,,,True,not_assessed,hypothetical_designated_amounts
13_2_Northern_Humboldt_Current_(1995-1998),SPPR_1995_TEmean,all,0.05,4,4,0,"['SC', 'SM', 'SE', 'SR']",[],discard-routing sensitivity envelope; not a confidence interval,460.6608517378714,476.6525035785452,15.991651840673796,437.6278091509778,452.81987839961795,15.192069248640166,3.471458835788699,460.6608517378714,True,assessed,hypothetical_designated_amounts
13_2_Northern_Humboldt_Current_(1995-1998),SPPR_1995_TEmean,inner,0.05,4,0,4,[],"['SC', 'SM', 'SE', 'SR']",discard-routing sensitivity envelope; not a confidence interval,,,,,,,,,True,not_assessed,hypothetical_designated_amounts
13_2_Northern_Humboldt_Current_(1995-1998),SPPR_1995_TEmean,PP,0.05,4,0,4,[],"['SC', 'SM', 'SE', 'SR']",discard-routing sensitivity envelope; not a confidence interval,,,,,,,,,True,not_assessed,hypothetical_designated_amounts
13_2_Northern_Humboldt_Current_(1995-1998),SPPR_1986,all,0.05,4,4,0,"['SC', 'SM', 'SE', 'SR']",[],discard-routing sensitivity envelope; not a confidence interval,396.2325384249224,396.2325384249224,0.0,376.4209115036763,376.4209115036763,0.0,0.0,396.2325384249224,True,assessed,hypothetical_designated_amounts
13_2_Northern_Humboldt_Current_(1995-1998),SPPR_1986,inner,0.05,4,0,4,[],"['SC', 'SM', 'SE', 'SR']",discard-routing sensitivity envelope; not a confidence interval,,,,,,,,,True,not_assessed,hypothetical_designated_amounts
13_2_Northern_Humboldt_Current_(1995-1998),SPPR_1986,PP,0.05,4,0,4,[],"['SC', 'SM', 'SE', 'SR']",discard-routing sensitivity envelope; not a confidence interval,,,,,,,,,True,not_assessed,hypothetical_designated_amounts
13_2_Northern_Humboldt_Current_(1995-1998),new_GE,all,0.05,4,0,4,[],"['SC', 'SM', 'SE', 'SR']",discard-routing sensitivity envelope; not a confidence interval,,,,,,,,,True,not_assessed,hypothetical_designated_amounts
13_2_Northern_Humboldt_Current_(1995-1998),new_GE,inner,0.05,4,0,4,[],"['SC', 'SM', 'SE', 'SR']",discard-routing sensitivity envelope; not a confidence interval,,,,,,,,,True,not_assessed,hypothetical_designated_amounts
13_2_Northern_Humboldt_Current_(1995-1998),new_GE,PP,0.05,4,0,4,[],"['SC', 'SM', 'SE', 'SR']",discard-routing sensitivity envelope; not a confidence interval,,,,,,,,204.0296573802264,True,not_assessed,hypothetical_designated_amounts
13_2_Northern_Humboldt_Current_(1995-1998),new_TE_EEfix,all,0.05,4,0,4,[],"['SC', 'SM', 'SE', 'SR']",discard-routing sensitivity envelope; not a confidence interval,,,,,,,,966.4451326076019,True,not_assessed,hypothetical_designated_amounts
13_2_Northern_Humboldt_Current_(1995-1998),new_TE_EEfix,inner,0.05,4,0,4,[],"['SC', 'SM', 'SE', 'SR']",discard-routing sensitivity envelope; not a confidence interval,,,,,,,,962.6364801425882,True,not_assessed,hypothetical_designated_amounts
13_2_Northern_Humboldt_Current_(1995-1998),new_TE_EEfix,PP,0.05,4,0,4,[],"['SC', 'SM', 'SE', 'SR']",discard-routing sensitivity envelope; not a confidence interval,,,,,,,,962.6364801425882,True,not_assessed,hypothetical_designated_amounts
13_2_Northern_Humboldt_Current_(1995-1998),new_WithEgestion,all,0.05,4,0,4,[],"['SC', 'SM', 'SE', 'SR']",discard-routing sensitivity envelope; not a confidence interval,,,,,,,,,True,not_assessed,hypothetical_designated_amounts
13_2_Northern_Humboldt_Current_(1995-1998),new_WithEgestion,inner,0.05,4,0,4,[],"['SC', 'SM', 'SE', 'SR']",discard-routing sensitivity envelope; not a confidence interval,,,,,,,,,True,not_assessed,hypothetical_designated_amounts
13_2_Northern_Humboldt_Current_(1995-1998),new_WithEgestion,PP,0.05,4,0,4,[],"['SC', 'SM', 'SE', 'SR']",discard-routing sensitivity envelope; not a confidence interval,,,,,,,,64.32672593663342,True,not_assessed,hypothetical_designated_amounts
13_2_Northern_Humboldt_Current_(1995-1998),Ulanowicz_TE,all,0.05,4,4,0,"['SC', 'SM', 'SE', 'SR']",[],discard-routing sensitivity envelope; not a confidence interval,676.7127932266408,707.5330935657163,30.820300339075516,642.8771535653087,672.1564388874306,29.279285322121837,4.5544137258172634,676.7127932266408,True,assessed,hypothetical_designated_amounts
13_2_Northern_Humboldt_Current_(1995-1998),Ulanowicz_TE,inner,0.05,4,4,0,"['SC', 'SM', 'SE', 'SR']",[],discard-routing sensitivity envelope; not a confidence interval,674.8104783422024,705.5481881303436,30.737709788141274,641.0699544250923,670.2707787238264,29.20082429873412,4.555013707501132,674.8104783422024,True,assessed,hypothetical_designated_amounts
13_2_Northern_Humboldt_Current_(1995-1998),Ulanowicz_TE,PP,0.05,4,4,0,"['SC', 'SM', 'SE', 'SR']",[],discard-routing sensitivity envelope; not a confidence interval,516.7523377875302,540.2854216102102,23.53308382267994,490.91472089815375,513.2711505296996,22.356429631545893,4.554035289600544,516.7523377875302,True,assessed,hypothetical_designated_amounts
13_2_Northern_Humboldt_Current_(1995-1998),standard_fixed_baseline_TL,all,0.1,4,4,0,"['SC', 'SM', 'SE', 'SR']",[],discard-routing sensitivity envelope; not a confidence interval,491.13855307725066,491.13855307725066,0.0,442.02469776952563,442.02469776952563,0.0,0.0,491.13855307725066,True,assessed,hypothetical_designated_amounts
13_2_Northern_Humboldt_Current_(1995-1998),standard_fixed_baseline_TL,inner,0.1,4,0,4,[],"['SC', 'SM', 'SE', 'SR']",discard-routing sensitivity envelope; not a confidence interval,,,,,,,,,True,not_assessed,hypothetical_designated_amounts
13_2_Northern_Humboldt_Current_(1995-1998),standard_fixed_baseline_TL,PP,0.1,4,0,4,[],"['SC', 'SM', 'SE', 'SR']",discard-routing sensitivity envelope; not a confidence interval,,,,,,,,,True,not_assessed,hypothetical_designated_amounts
13_2_Northern_Humboldt_Current_(1995-1998),SPPR_1995_TE0.1,all,0.1,4,4,0,"['SC', 'SM', 'SE', 'SR']",[],discard-routing sensitivity envelope; not a confidence interval,491.13855307725066,491.13855307725066,0.0,442.02469776952563,442.02469776952563,0.0,0.0,491.13855307725066,True,assessed,hypothetical_designated_amounts
13_2_Northern_Humboldt_Current_(1995-1998),SPPR_1995_TE0.1,inner,0.1,4,0,4,[],"['SC', 'SM', 'SE', 'SR']",discard-routing sensitivity envelope; not a confidence interval,,,,,,,,,True,not_assessed,hypothetical_designated_amounts
13_2_Northern_Humboldt_Current_(1995-1998),SPPR_1995_TE0.1,PP,0.1,4,0,4,[],"['SC', 'SM', 'SE', 'SR']",discard-routing sensitivity envelope; not a confidence interval,,,,,,,,,True,not_assessed,hypothetical_designated_amounts
13_2_Northern_Humboldt_Current_(1995-1998),SPPR_1995_TEmean,all,0.1,4,4,0,"['SC', 'SM', 'SE', 'SR']",[],discard-routing sensitivity envelope; not a confidence interval,460.6608517378714,493.4800907174356,32.819238979564204,414.5947665640843,444.132081645692,29.537315081607687,7.124382038489174,460.6608517378714,True,assessed,hypothetical_designated_amounts
13_2_Northern_Humboldt_Current_(1995-1998),SPPR_1995_TEmean,inner,0.1,4,0,4,[],"['SC', 'SM', 'SE', 'SR']",discard-routing sensitivity envelope; not a confidence interval,,,,,,,,,True,not_assessed,hypothetical_designated_amounts
13_2_Northern_Humboldt_Current_(1995-1998),SPPR_1995_TEmean,PP,0.1,4,0,4,[],"['SC', 'SM', 'SE', 'SR']",discard-routing sensitivity envelope; not a confidence interval,,,,,,,,,True,not_assessed,hypothetical_designated_amounts
13_2_Northern_Humboldt_Current_(1995-1998),SPPR_1986,all,0.1,4,4,0,"['SC', 'SM', 'SE', 'SR']",[],discard-routing sensitivity envelope; not a confidence interval,396.2325384249224,396.2325384249224,0.0,356.60928458243023,356.60928458243023,0.0,0.0,396.2325384249224,True,assessed,hypothetical_designated_amounts
13_2_Northern_Humboldt_Current_(1995-1998),SPPR_1986,inner,0.1,4,0,4,[],"['SC', 'SM', 'SE', 'SR']",discard-routing sensitivity envelope; not a confidence interval,,,,,,,,,True,not_assessed,hypothetical_designated_amounts
13_2_Northern_Humboldt_Current_(1995-1998),SPPR_1986,PP,0.1,4,0,4,[],"['SC', 'SM', 'SE', 'SR']",discard-routing sensitivity envelope; not a confidence interval,,,,,,,,,True,not_assessed,hypothetical_designated_amounts
13_2_Northern_Humboldt_Current_(1995-1998),new_GE,all,0.1,4,0,4,[],"['SC', 'SM', 'SE', 'SR']",discard-routing sensitivity envelope; not a confidence interval,,,,,,,,,True,not_assessed,hypothetical_designated_amounts
13_2_Northern_Humboldt_Current_(1995-1998),new_GE,inner,0.1,4,0,4,[],"['SC', 'SM', 'SE', 'SR']",discard-routing sensitivity envelope; not a confidence interval,,,,,,,,,True,not_assessed,hypothetical_designated_amounts
13_2_Northern_Humboldt_Current_(1995-1998),new_GE,PP,0.1,4,0,4,[],"['SC', 'SM', 'SE', 'SR']",discard-routing sensitivity envelope; not a confidence interval,,,,,,,,204.0296573802264,True,not_assessed,hypothetical_designated_amounts
13_2_Northern_Humboldt_Current_(1995-1998),new_TE_EEfix,all,0.1,4,0,4,[],"['SC', 'SM', 'SE', 'SR']",discard-routing sensitivity envelope; not a confidence interval,,,,,,,,966.4451326076019,True,not_assessed,hypothetical_designated_amounts
13_2_Northern_Humboldt_Current_(1995-1998),new_TE_EEfix,inner,0.1,4,0,4,[],"['SC', 'SM', 'SE', 'SR']",discard-routing sensitivity envelope; not a confidence interval,,,,,,,,962.6364801425882,True,not_assessed,hypothetical_designated_amounts
13_2_Northern_Humboldt_Current_(1995-1998),new_TE_EEfix,PP,0.1,4,0,4,[],"['SC', 'SM', 'SE', 'SR']",discard-routing sensitivity envelope; not a confidence interval,,,,,,,,962.6364801425882,True,not_assessed,hypothetical_designated_amounts
13_2_Northern_Humboldt_Current_(1995-1998),new_WithEgestion,all,0.1,4,0,4,[],"['SC', 'SM', 'SE', 'SR']",discard-routing sensitivity envelope; not a confidence interval,,,,,,,,,True,not_assessed,hypothetical_designated_amounts
13_2_Northern_Humboldt_Current_(1995-1998),new_WithEgestion,inner,0.1,4,0,4,[],"['SC', 'SM', 'SE', 'SR']",discard-routing sensitivity envelope; not a confidence interval,,,,,,,,,True,not_assessed,hypothetical_designated_amounts
13_2_Northern_Humboldt_Current_(1995-1998),new_WithEgestion,PP,0.1,4,0,4,[],"['SC', 'SM', 'SE', 'SR']",discard-routing sensitivity envelope; not a confidence interval,,,,,,,,64.32672593663342,True,not_assessed,hypothetical_designated_amounts
13_2_Northern_Humboldt_Current_(1995-1998),Ulanowicz_TE,all,0.1,4,4,0,"['SC', 'SM', 'SE', 'SR']",[],discard-routing sensitivity envelope; not a confidence interval,676.7127932266408,741.3676296306763,64.65483640403556,609.0415139039766,667.2308666676088,58.1893527636322,9.55425064387423,676.7127932266408,True,assessed,hypothetical_designated_amounts
13_2_Northern_Humboldt_Current_(1995-1998),Ulanowicz_TE,inner,0.1,4,4,0,"['SC', 'SM', 'SE', 'SR']",[],discard-routing sensitivity envelope; not a confidence interval,674.8104783422024,739.2923531134785,64.48187477127613,607.3294305079821,665.3631178021307,58.033687294148535,9.555553276186203,674.8104783422024,True,assessed,hypothetical_designated_amounts
13_2_Northern_Humboldt_Current_(1995-1998),Ulanowicz_TE,PP,0.1,4,4,0,"['SC', 'SM', 'SE', 'SR']",[],discard-routing sensitivity envelope; not a confidence interval,516.7523377875302,566.1187767259735,49.36643893844325,465.07710400877727,509.5068990533761,44.42979504459885,9.553210566942983,516.7523377875302,True,assessed,hypothetical_designated_amounts
13_2_Northern_Humboldt_Current_(1995-1998),standard_fixed_baseline_TL,all,0.2,4,4,0,"['SC', 'SM', 'SE', 'SR']",[],discard-routing sensitivity envelope; not a confidence interval,491.13855307725066,491.13855307725066,0.0,392.9108424618005,392.9108424618005,0.0,0.0,491.13855307725066,True,assessed,hypothetical_designated_amounts
13_2_Northern_Humboldt_Current_(1995-1998),standard_fixed_baseline_TL,inner,0.2,4,0,4,[],"['SC', 'SM', 'SE', 'SR']",discard-routing sensitivity envelope; not a confidence interval,,,,,,,,,True,not_assessed,hypothetical_designated_amounts
13_2_Northern_Humboldt_Current_(1995-1998),standard_fixed_baseline_TL,PP,0.2,4,0,4,[],"['SC', 'SM', 'SE', 'SR']",discard-routing sensitivity envelope; not a confidence interval,,,,,,,,,True,not_assessed,hypothetical_designated_amounts
13_2_Northern_Humboldt_Current_(1995-1998),SPPR_1995_TE0.1,all,0.2,4,4,0,"['SC', 'SM', 'SE', 'SR']",[],discard-routing sensitivity envelope; not a confidence interval,491.13855307725066,491.13855307725066,0.0,392.9108424618005,392.9108424618005,0.0,0.0,491.13855307725066,True,assessed,hypothetical_designated_amounts
13_2_Northern_Humboldt_Current_(1995-1998),SPPR_1995_TE0.1,inner,0.2,4,0,4,[],"['SC', 'SM', 'SE', 'SR']",discard-routing sensitivity envelope; not a confidence interval,,,,,,,,,True,not_assessed,hypothetical_designated_amounts
13_2_Northern_Humboldt_Current_(1995-1998),SPPR_1995_TE0.1,PP,0.2,4,0,4,[],"['SC', 'SM', 'SE', 'SR']",discard-routing sensitivity envelope; not a confidence interval,,,,,,,,,True,not_assessed,hypothetical_designated_amounts
13_2_Northern_Humboldt_Current_(1995-1998),SPPR_1995_TEmean,all,0.2,4,4,0,"['SC', 'SM', 'SE', 'SR']",[],discard-routing sensitivity envelope; not a confidence interval,460.6608517378714,529.8828119386525,69.2219602007811,368.5286813902972,423.90624955092204,55.37756816062483,15.026664397384115,460.6608517378714,True,assessed,hypothetical_designated_amounts
13_2_Northern_Humboldt_Current_(1995-1998),SPPR_1995_TEmean,inner,0.2,4,0,4,[],"['SC', 'SM', 'SE', 'SR']",discard-routing sensitivity envelope; not a confidence interval,,,,,,,,,True,not_assessed,hypothetical_designated_amounts
13_2_Northern_Humboldt_Current_(1995-1998),SPPR_1995_TEmean,PP,0.2,4,0,4,[],"['SC', 'SM', 'SE', 'SR']",discard-routing sensitivity envelope; not a confidence interval,,,,,,,,,True,not_assessed,hypothetical_designated_amounts
13_2_Northern_Humboldt_Current_(1995-1998),SPPR_1986,all,0.2,4,4,0,"['SC', 'SM', 'SE', 'SR']",[],discard-routing sensitivity envelope; not a confidence interval,396.2325384249224,396.2325384249224,0.0,316.9860307399379,316.9860307399379,0.0,0.0,396.2325384249224,True,assessed,hypothetical_designated_amounts
13_2_Northern_Humboldt_Current_(1995-1998),SPPR_1986,inner,0.2,4,0,4,[],"['SC', 'SM', 'SE', 'SR']",discard-routing sensitivity envelope; not a confidence interval,,,,,,,,,True,not_assessed,hypothetical_designated_amounts
13_2_Northern_Humboldt_Current_(1995-1998),SPPR_1986,PP,0.2,4,0,4,[],"['SC', 'SM', 'SE', 'SR']",discard-routing sensitivity envelope; not a confidence interval,,,,,,,,,True,not_assessed,hypothetical_designated_amounts
13_2_Northern_Humboldt_Current_(1995-1998),new_GE,all,0.2,4,0,4,[],"['SC', 'SM', 'SE', 'SR']",discard-routing sensitivity envelope; not a confidence interval,,,,,,,,,True,not_assessed,hypothetical_designated_amounts
13_2_Northern_Humboldt_Current_(1995-1998),new_GE,inner,0.2,4,0,4,[],"['SC', 'SM', 'SE', 'SR']",discard-routing sensitivity envelope; not a confidence interval,,,,,,,,,True,not_assessed,hypothetical_designated_amounts
13_2_Northern_Humboldt_Current_(1995-1998),new_GE,PP,0.2,4,0,4,[],"['SC', 'SM', 'SE', 'SR']",discard-routing sensitivity envelope; not a confidence interval,,,,,,,,204.0296573802264,True,not_assessed,hypothetical_designated_amounts
13_2_Northern_Humboldt_Current_(1995-1998),new_TE_EEfix,all,0.2,4,0,4,[],"['SC', 'SM', 'SE', 'SR']",discard-routing sensitivity envelope; not a confidence interval,,,,,,,,966.4451326076019,True,not_assessed,hypothetical_designated_amounts
13_2_Northern_Humboldt_Current_(1995-1998),new_TE_EEfix,inner,0.2,4,0,4,[],"['SC', 'SM', 'SE', 'SR']",discard-routing sensitivity envelope; not a confidence interval,,,,,,,,962.6364801425882,True,not_assessed,hypothetical_designated_amounts
13_2_Northern_Humboldt_Current_(1995-1998),new_TE_EEfix,PP,0.2,4,0,4,[],"['SC', 'SM', 'SE', 'SR']",discard-routing sensitivity envelope; not a confidence interval,,,,,,,,962.6364801425882,True,not_assessed,hypothetical_designated_amounts
13_2_Northern_Humboldt_Current_(1995-1998),new_WithEgestion,all,0.2,4,0,4,[],"['SC', 'SM', 'SE', 'SR']",discard-routing sensitivity envelope; not a confidence interval,,,,,,,,,True,not_assessed,hypothetical_designated_amounts
13_2_Northern_Humboldt_Current_(1995-1998),new_WithEgestion,inner,0.2,4,0,4,[],"['SC', 'SM', 'SE', 'SR']",discard-routing sensitivity envelope; not a confidence interval,,,,,,,,,True,not_assessed,hypothetical_designated_amounts
13_2_Northern_Humboldt_Current_(1995-1998),new_WithEgestion,PP,0.2,4,0,4,[],"['SC', 'SM', 'SE', 'SR']",discard-routing sensitivity envelope; not a confidence interval,,,,,,,,64.32672593663342,True,not_assessed,hypothetical_designated_amounts
13_2_Northern_Humboldt_Current_(1995-1998),Ulanowicz_TE,all,0.2,4,4,0,"['SC', 'SM', 'SE', 'SR']",[],discard-routing sensitivity envelope; not a confidence interval,676.7127932266408,820.0888389989517,143.37604577231093,541.3702345813125,656.0710711991615,114.70083661784895,21.187133922602275,676.7127932266408,True,assessed,hypothetical_designated_amounts
13_2_Northern_Humboldt_Current_(1995-1998),Ulanowicz_TE,inner,0.2,4,4,0,"['SC', 'SM', 'SE', 'SR']",[],discard-routing sensitivity envelope; not a confidence interval,674.8104783422024,817.8044440751373,142.99396573293495,539.8483826737619,654.2435552601099,114.39517258634805,21.19024086351271,674.8104783422024,True,assessed,hypothetical_designated_amounts
13_2_Northern_Humboldt_Current_(1995-1998),Ulanowicz_TE,PP,0.2,4,4,0,"['SC', 'SM', 'SE', 'SR']",[],discard-routing sensitivity envelope; not a confidence interval,516.7523377875302,626.2185475634465,109.46620977591624,413.4018702300243,500.97483805075706,87.57296782073274,21.183495800830766,516.7523377875302,True,assessed,hypothetical_designated_amounts
13_2_Northern_Humboldt_Current_(1995-1998),standard_fixed_baseline_TL,all,0.3,4,4,0,"['SC', 'SM', 'SE', 'SR']",[],discard-routing sensitivity envelope; not a confidence interval,491.13855307725066,491.13855307725066,0.0,343.7969871540755,343.7969871540755,0.0,0.0,491.13855307725066,True,assessed,hypothetical_designated_amounts
13_2_Northern_Humboldt_Current_(1995-1998),standard_fixed_baseline_TL,inner,0.3,4,0,4,[],"['SC', 'SM', 'SE', 'SR']",discard-routing sensitivity envelope; not a confidence interval,,,,,,,,,True,not_assessed,hypothetical_designated_amounts
13_2_Northern_Humboldt_Current_(1995-1998),standard_fixed_baseline_TL,PP,0.3,4,0,4,[],"['SC', 'SM', 'SE', 'SR']",discard-routing sensitivity envelope; not a confidence interval,,,,,,,,,True,not_assessed,hypothetical_designated_amounts
13_2_Northern_Humboldt_Current_(1995-1998),SPPR_1995_TE0.1,all,0.3,4,4,0,"['SC', 'SM', 'SE', 'SR']",[],discard-routing sensitivity envelope; not a confidence interval,491.13855307725066,491.13855307725066,0.0,343.7969871540755,343.7969871540755,0.0,0.0,491.13855307725066,True,assessed,hypothetical_designated_amounts
13_2_Northern_Humboldt_Current_(1995-1998),SPPR_1995_TE0.1,inner,0.3,4,0,4,[],"['SC', 'SM', 'SE', 'SR']",discard-routing sensitivity envelope; not a confidence interval,,,,,,,,,True,not_assessed,hypothetical_designated_amounts
13_2_Northern_Humboldt_Current_(1995-1998),SPPR_1995_TE0.1,PP,0.3,4,0,4,[],"['SC', 'SM', 'SE', 'SR']",discard-routing sensitivity envelope; not a confidence interval,,,,,,,,,True,not_assessed,hypothetical_designated_amounts
13_2_Northern_Humboldt_Current_(1995-1998),SPPR_1995_TEmean,all,0.3,4,4,0,"['SC', 'SM', 'SE', 'SR']",[],discard-routing sensitivity envelope; not a confidence interval,460.6608517378714,570.40377342341,109.74292168553865,322.46259621651,399.28264139638696,76.82004517987696,23.822932048930735,460.6608517378714,True,assessed,hypothetical_designated_amounts
13_2_Northern_Humboldt_Current_(1995-1998),SPPR_1995_TEmean,inner,0.3,4,0,4,[],"['SC', 'SM', 'SE', 'SR']",discard-routing sensitivity envelope; not a confidence interval,,,,,,,,,True,not_assessed,hypothetical_designated_amounts
13_2_Northern_Humboldt_Current_(1995-1998),SPPR_1995_TEmean,PP,0.3,4,0,4,[],"['SC', 'SM', 'SE', 'SR']",discard-routing sensitivity envelope; not a confidence interval,,,,,,,,,True,not_assessed,hypothetical_designated_amounts
13_2_Northern_Humboldt_Current_(1995-1998),SPPR_1986,all,0.3,4,4,0,"['SC', 'SM', 'SE', 'SR']",[],discard-routing sensitivity envelope; not a confidence interval,396.2325384249224,396.2325384249224,0.0,277.36277689744566,277.36277689744566,0.0,0.0,396.2325384249224,True,assessed,hypothetical_designated_amounts
13_2_Northern_Humboldt_Current_(1995-1998),SPPR_1986,inner,0.3,4,0,4,[],"['SC', 'SM', 'SE', 'SR']",discard-routing sensitivity envelope; not a confidence interval,,,,,,,,,True,not_assessed,hypothetical_designated_amounts
13_2_Northern_Humboldt_Current_(1995-1998),SPPR_1986,PP,0.3,4,0,4,[],"['SC', 'SM', 'SE', 'SR']",discard-routing sensitivity envelope; not a confidence interval,,,,,,,,,True,not_assessed,hypothetical_designated_amounts
13_2_Northern_Humboldt_Current_(1995-1998),new_GE,all,0.3,4,0,4,[],"['SC', 'SM', 'SE', 'SR']",discard-routing sensitivity envelope; not a confidence interval,,,,,,,,,True,not_assessed,hypothetical_designated_amounts
13_2_Northern_Humboldt_Current_(1995-1998),new_GE,inner,0.3,4,0,4,[],"['SC', 'SM', 'SE', 'SR']",discard-routing sensitivity envelope; not a confidence interval,,,,,,,,,True,not_assessed,hypothetical_designated_amounts
13_2_Northern_Humboldt_Current_(1995-1998),new_GE,PP,0.3,4,0,4,[],"['SC', 'SM', 'SE', 'SR']",discard-routing sensitivity envelope; not a confidence interval,,,,,,,,204.0296573802264,True,not_assessed,hypothetical_designated_amounts
13_2_Northern_Humboldt_Current_(1995-1998),new_TE_EEfix,all,0.3,4,0,4,[],"['SC', 'SM', 'SE', 'SR']",discard-routing sensitivity envelope; not a confidence interval,,,,,,,,966.4451326076019,True,not_assessed,hypothetical_designated_amounts
13_2_Northern_Humboldt_Current_(1995-1998),new_TE_EEfix,inner,0.3,4,0,4,[],"['SC', 'SM', 'SE', 'SR']",discard-routing sensitivity envelope; not a confidence interval,,,,,,,,962.6364801425882,True,not_assessed,hypothetical_designated_amounts
13_2_Northern_Humboldt_Current_(1995-1998),new_TE_EEfix,PP,0.3,4,0,4,[],"['SC', 'SM', 'SE', 'SR']",discard-routing sensitivity envelope; not a confidence interval,,,,,,,,962.6364801425882,True,not_assessed,hypothetical_designated_amounts
13_2_Northern_Humboldt_Current_(1995-1998),new_WithEgestion,all,0.3,4,0,4,[],"['SC', 'SM', 'SE', 'SR']",discard-routing sensitivity envelope; not a confidence interval,,,,,,,,,True,not_assessed,hypothetical_designated_amounts
13_2_Northern_Humboldt_Current_(1995-1998),new_WithEgestion,inner,0.3,4,0,4,[],"['SC', 'SM', 'SE', 'SR']",discard-routing sensitivity envelope; not a confidence interval,,,,,,,,,True,not_assessed,hypothetical_designated_amounts
13_2_Northern_Humboldt_Current_(1995-1998),new_WithEgestion,PP,0.3,4,0,4,[],"['SC', 'SM', 'SE', 'SR']",discard-routing sensitivity envelope; not a confidence interval,,,,,,,,64.32672593663342,True,not_assessed,hypothetical_designated_amounts
13_2_Northern_Humboldt_Current_(1995-1998),Ulanowicz_TE,all,0.3,4,4,0,"['SC', 'SM', 'SE', 'SR']",[],discard-routing sensitivity envelope; not a confidence interval,676.7127932266408,918.1853962709426,241.47260304430188,473.6989552586484,642.72977738966,169.03082213101152,35.68317393453344,676.7127932266408,True,assessed,hypothetical_designated_amounts
13_2_Northern_Humboldt_Current_(1995-1998),Ulanowicz_TE,inner,0.3,4,4,0,"['SC', 'SM', 'SE', 'SR']",[],discard-routing sensitivity envelope; not a confidence interval,674.8104783422024,915.6424976210778,240.83201927887546,472.3673348395416,640.9497483347544,168.5824134952128,35.68883812689516,674.8104783422024,True,assessed,hypothetical_designated_amounts
13_2_Northern_Humboldt_Current_(1995-1998),Ulanowicz_TE,PP,0.3,4,4,0,"['SC', 'SM', 'SE', 'SR']",[],discard-routing sensitivity envelope; not a confidence interval,516.7523377875302,701.09896965874,184.34663187120975,361.7266364512712,490.76927876111796,129.04264230984677,35.674077965566234,516.7523377875302,True,assessed,hypothetical_designated_amounts
13_2_Northern_Humboldt_Current_(1995-1998),standard_fixed_baseline_TL,all,0.4,4,4,0,"['SC', 'SM', 'SE', 'SR']",[],discard-routing sensitivity envelope; not a confidence interval,491.13855307725066,491.13855307725066,0.0,294.6831318463504,294.6831318463504,0.0,0.0,491.13855307725066,True,assessed,hypothetical_designated_amounts
13_2_Northern_Humboldt_Current_(1995-1998),standard_fixed_baseline_TL,inner,0.4,4,0,4,[],"['SC', 'SM', 'SE', 'SR']",discard-routing sensitivity envelope; not a confidence interval,,,,,,,,,True,not_assessed,hypothetical_designated_amounts
13_2_Northern_Humboldt_Current_(1995-1998),standard_fixed_baseline_TL,PP,0.4,4,0,4,[],"['SC', 'SM', 'SE', 'SR']",discard-routing sensitivity envelope; not a confidence interval,,,,,,,,,True,not_assessed,hypothetical_designated_amounts
13_2_Northern_Humboldt_Current_(1995-1998),SPPR_1995_TE0.1,all,0.4,4,4,0,"['SC', 'SM', 'SE', 'SR']",[],discard-routing sensitivity envelope; not a confidence interval,491.13855307725066,491.13855307725066,0.0,294.6831318463504,294.6831318463504,0.0,0.0,491.13855307725066,True,assessed,hypothetical_designated_amounts
13_2_Northern_Humboldt_Current_(1995-1998),SPPR_1995_TE0.1,inner,0.4,4,0,4,[],"['SC', 'SM', 'SE', 'SR']",discard-routing sensitivity envelope; not a confidence interval,,,,,,,,,True,not_assessed,hypothetical_designated_amounts
13_2_Northern_Humboldt_Current_(1995-1998),SPPR_1995_TE0.1,PP,0.4,4,0,4,[],"['SC', 'SM', 'SE', 'SR']",discard-routing sensitivity envelope; not a confidence interval,,,,,,,,,True,not_assessed,hypothetical_designated_amounts
13_2_Northern_Humboldt_Current_(1995-1998),SPPR_1995_TEmean,all,0.4,4,4,0,"['SC', 'SM', 'SE', 'SR']",[],discard-routing sensitivity envelope; not a confidence interval,460.6608517378714,615.6802991085584,155.01944737068703,276.3965110427228,369.4081794651351,93.0116684224123,33.651534916819315,460.6608517378714,True,assessed,hypothetical_designated_amounts
13_2_Northern_Humboldt_Current_(1995-1998),SPPR_1995_TEmean,inner,0.4,4,0,4,[],"['SC', 'SM', 'SE', 'SR']",discard-routing sensitivity envelope; not a confidence interval,,,,,,,,,True,not_assessed,hypothetical_designated_amounts
13_2_Northern_Humboldt_Current_(1995-1998),SPPR_1995_TEmean,PP,0.4,4,0,4,[],"['SC', 'SM', 'SE', 'SR']",discard-routing sensitivity envelope; not a confidence interval,,,,,,,,,True,not_assessed,hypothetical_designated_amounts
13_2_Northern_Humboldt_Current_(1995-1998),SPPR_1986,all,0.4,4,4,0,"['SC', 'SM', 'SE', 'SR']",[],discard-routing sensitivity envelope; not a confidence interval,396.2325384249224,396.2325384249224,0.0,237.73952305495342,237.73952305495342,0.0,0.0,396.2325384249224,True,assessed,hypothetical_designated_amounts
13_2_Northern_Humboldt_Current_(1995-1998),SPPR_1986,inner,0.4,4,0,4,[],"['SC', 'SM', 'SE', 'SR']",discard-routing sensitivity envelope; not a confidence interval,,,,,,,,,True,not_assessed,hypothetical_designated_amounts
13_2_Northern_Humboldt_Current_(1995-1998),SPPR_1986,PP,0.4,4,0,4,[],"['SC', 'SM', 'SE', 'SR']",discard-routing sensitivity envelope; not a confidence interval,,,,,,,,,True,not_assessed,hypothetical_designated_amounts
13_2_Northern_Humboldt_Current_(1995-1998),new_GE,all,0.4,4,0,4,[],"['SC', 'SM', 'SE', 'SR']",discard-routing sensitivity envelope; not a confidence interval,,,,,,,,,True,not_assessed,hypothetical_designated_amounts
13_2_Northern_Humboldt_Current_(1995-1998),new_GE,inner,0.4,4,0,4,[],"['SC', 'SM', 'SE', 'SR']",discard-routing sensitivity envelope; not a confidence interval,,,,,,,,,True,not_assessed,hypothetical_designated_amounts
13_2_Northern_Humboldt_Current_(1995-1998),new_GE,PP,0.4,4,0,4,[],"['SC', 'SM', 'SE', 'SR']",discard-routing sensitivity envelope; not a confidence interval,,,,,,,,204.0296573802264,True,not_assessed,hypothetical_designated_amounts
13_2_Northern_Humboldt_Current_(1995-1998),new_TE_EEfix,all,0.4,4,0,4,[],"['SC', 'SM', 'SE', 'SR']",discard-routing sensitivity envelope; not a confidence interval,,,,,,,,966.4451326076019,True,not_assessed,hypothetical_designated_amounts
13_2_Northern_Humboldt_Current_(1995-1998),new_TE_EEfix,inner,0.4,4,0,4,[],"['SC', 'SM', 'SE', 'SR']",discard-routing sensitivity envelope; not a confidence interval,,,,,,,,962.6364801425882,True,not_assessed,hypothetical_designated_amounts
13_2_Northern_Humboldt_Current_(1995-1998),new_TE_EEfix,PP,0.4,4,0,4,[],"['SC', 'SM', 'SE', 'SR']",discard-routing sensitivity envelope; not a confidence interval,,,,,,,,962.6364801425882,True,not_assessed,hypothetical_designated_amounts
13_2_Northern_Humboldt_Current_(1995-1998),new_WithEgestion,all,0.4,4,0,4,[],"['SC', 'SM', 'SE', 'SR']",discard-routing sensitivity envelope; not a confidence interval,,,,,,,,,True,not_assessed,hypothetical_designated_amounts
13_2_Northern_Humboldt_Current_(1995-1998),new_WithEgestion,inner,0.4,4,0,4,[],"['SC', 'SM', 'SE', 'SR']",discard-routing sensitivity envelope; not a confidence interval,,,,,,,,,True,not_assessed,hypothetical_designated_amounts
13_2_Northern_Humboldt_Current_(1995-1998),new_WithEgestion,PP,0.4,4,0,4,[],"['SC', 'SM', 'SE', 'SR']",discard-routing sensitivity envelope; not a confidence interval,,,,,,,,64.32672593663342,True,not_assessed,hypothetical_designated_amounts
13_2_Northern_Humboldt_Current_(1995-1998),Ulanowicz_TE,all,0.4,4,4,0,"['SC', 'SM', 'SE', 'SR']",[],discard-routing sensitivity envelope; not a confidence interval,676.7127932266408,1044.1263806738616,367.41358744722083,406.02767593598446,626.4758284043169,220.4481524683324,54.29387343120153,676.7127932266408,True,assessed,hypothetical_designated_amounts
13_2_Northern_Humboldt_Current_(1995-1998),Ulanowicz_TE,inner,0.4,4,4,0,"['SC', 'SM', 'SE', 'SR']",[],discard-routing sensitivity envelope; not a confidence interval,674.8104783422024,1041.2546691348953,366.4441907926929,404.8862870053214,624.752801480937,219.86651447561565,54.303275149628874,674.8104783422024,True,assessed,hypothetical_designated_amounts
13_2_Northern_Humboldt_Current_(1995-1998),Ulanowicz_TE,PP,0.4,4,4,0,"['SC', 'SM', 'SE', 'SR']",[],discard-routing sensitivity envelope; not a confidence interval,516.7523377875302,797.21393103175,280.4615932442198,310.0514026725182,478.32835861905005,168.27695594653187,54.27388958606616,516.7523377875302,True,assessed,hypothetical_designated_amounts
13_2_Northern_Humboldt_Current_(1995-1998),standard_fixed_baseline_TL,all,0.5,4,4,0,"['SC', 'SM', 'SE', 'SR']",[],discard-routing sensitivity envelope; not a confidence interval,491.13855307725066,491.13855307725066,0.0,245.56927653862533,245.56927653862533,0.0,0.0,491.13855307725066,True,assessed,hypothetical_designated_amounts
13_2_Northern_Humboldt_Current_(1995-1998),standard_fixed_baseline_TL,inner,0.5,4,0,4,[],"['SC', 'SM', 'SE', 'SR']",discard-routing sensitivity envelope; not a confidence interval,,,,,,,,,True,not_assessed,hypothetical_designated_amounts
13_2_Northern_Humboldt_Current_(1995-1998),standard_fixed_baseline_TL,PP,0.5,4,0,4,[],"['SC', 'SM', 'SE', 'SR']",discard-routing sensitivity envelope; not a confidence interval,,,,,,,,,True,not_assessed,hypothetical_designated_amounts
13_2_Northern_Humboldt_Current_(1995-1998),SPPR_1995_TE0.1,all,0.5,4,4,0,"['SC', 'SM', 'SE', 'SR']",[],discard-routing sensitivity envelope; not a confidence interval,491.13855307725066,491.13855307725066,0.0,245.56927653862533,245.56927653862533,0.0,0.0,491.13855307725066,True,assessed,hypothetical_designated_amounts
13_2_Northern_Humboldt_Current_(1995-1998),SPPR_1995_TE0.1,inner,0.5,4,0,4,[],"['SC', 'SM', 'SE', 'SR']",discard-routing sensitivity envelope; not a confidence interval,,,,,,,,,True,not_assessed,hypothetical_designated_amounts
13_2_Northern_Humboldt_Current_(1995-1998),SPPR_1995_TE0.1,PP,0.5,4,0,4,[],"['SC', 'SM', 'SE', 'SR']",discard-routing sensitivity envelope; not a confidence interval,,,,,,,,,True,not_assessed,hypothetical_designated_amounts
13_2_Northern_Humboldt_Current_(1995-1998),SPPR_1995_TEmean,all,0.5,4,4,0,"['SC', 'SM', 'SE', 'SR']",[],discard-routing sensitivity envelope; not a confidence interval,460.6608517378714,666.4766163560338,205.8157646181624,230.3304258689357,333.2383081780169,102.9078823090812,44.678371049267554,460.6608517378714,True,assessed,hypothetical_designated_amounts
13_2_Northern_Humboldt_Current_(1995-1998),SPPR_1995_TEmean,inner,0.5,4,0,4,[],"['SC', 'SM', 'SE', 'SR']",discard-routing sensitivity envelope; not a confidence interval,,,,,,,,,True,not_assessed,hypothetical_designated_amounts
13_2_Northern_Humboldt_Current_(1995-1998),SPPR_1995_TEmean,PP,0.5,4,0,4,[],"['SC', 'SM', 'SE', 'SR']",discard-routing sensitivity envelope; not a confidence interval,,,,,,,,,True,not_assessed,hypothetical_designated_amounts
13_2_Northern_Humboldt_Current_(1995-1998),SPPR_1986,all,0.5,4,4,0,"['SC', 'SM', 'SE', 'SR']",[],discard-routing sensitivity envelope; not a confidence interval,396.2325384249224,396.2325384249224,0.0,198.1162692124612,198.1162692124612,0.0,0.0,396.2325384249224,True,assessed,hypothetical_designated_amounts
13_2_Northern_Humboldt_Current_(1995-1998),SPPR_1986,inner,0.5,4,0,4,[],"['SC', 'SM', 'SE', 'SR']",discard-routing sensitivity envelope; not a confidence interval,,,,,,,,,True,not_assessed,hypothetical_designated_amounts
13_2_Northern_Humboldt_Current_(1995-1998),SPPR_1986,PP,0.5,4,0,4,[],"['SC', 'SM', 'SE', 'SR']",discard-routing sensitivity envelope; not a confidence interval,,,,,,,,,True,not_assessed,hypothetical_designated_amounts
13_2_Northern_Humboldt_Current_(1995-1998),new_GE,all,0.5,4,0,4,[],"['SC', 'SM', 'SE', 'SR']",discard-routing sensitivity envelope; not a confidence interval,,,,,,,,,True,not_assessed,hypothetical_designated_amounts
13_2_Northern_Humboldt_Current_(1995-1998),new_GE,inner,0.5,4,0,4,[],"['SC', 'SM', 'SE', 'SR']",discard-routing sensitivity envelope; not a confidence interval,,,,,,,,,True,not_assessed,hypothetical_designated_amounts
13_2_Northern_Humboldt_Current_(1995-1998),new_GE,PP,0.5,4,0,4,[],"['SC', 'SM', 'SE', 'SR']",discard-routing sensitivity envelope; not a confidence interval,,,,,,,,204.0296573802264,True,not_assessed,hypothetical_designated_amounts
13_2_Northern_Humboldt_Current_(1995-1998),new_TE_EEfix,all,0.5,4,0,4,[],"['SC', 'SM', 'SE', 'SR']",discard-routing sensitivity envelope; not a confidence interval,,,,,,,,966.4451326076019,True,not_assessed,hypothetical_designated_amounts
13_2_Northern_Humboldt_Current_(1995-1998),new_TE_EEfix,inner,0.5,4,0,4,[],"['SC', 'SM', 'SE', 'SR']",discard-routing sensitivity envelope; not a confidence interval,,,,,,,,962.6364801425882,True,not_assessed,hypothetical_designated_amounts
13_2_Northern_Humboldt_Current_(1995-1998),new_TE_EEfix,PP,0.5,4,0,4,[],"['SC', 'SM', 'SE', 'SR']",discard-routing sensitivity envelope; not a confidence interval,,,,,,,,962.6364801425882,True,not_assessed,hypothetical_designated_amounts
13_2_Northern_Humboldt_Current_(1995-1998),new_WithEgestion,all,0.5,4,0,4,[],"['SC', 'SM', 'SE', 'SR']",discard-routing sensitivity envelope; not a confidence interval,,,,,,,,,True,not_assessed,hypothetical_designated_amounts
13_2_Northern_Humboldt_Current_(1995-1998),new_WithEgestion,inner,0.5,4,0,4,[],"['SC', 'SM', 'SE', 'SR']",discard-routing sensitivity envelope; not a confidence interval,,,,,,,,,True,not_assessed,hypothetical_designated_amounts
13_2_Northern_Humboldt_Current_(1995-1998),new_WithEgestion,PP,0.5,4,0,4,[],"['SC', 'SM', 'SE', 'SR']",discard-routing sensitivity envelope; not a confidence interval,,,,,,,,64.32672593663342,True,not_assessed,hypothetical_designated_amounts
13_2_Northern_Humboldt_Current_(1995-1998),Ulanowicz_TE,all,0.5,4,4,0,"['SC', 'SM', 'SE', 'SR']",[],discard-routing sensitivity envelope; not a confidence interval,676.7127932266408,1212.4064486455482,535.6936554189074,338.3563966133204,606.2032243227741,267.8468277094537,79.16115385740845,676.7127932266408,True,assessed,hypothetical_designated_amounts
13_2_Northern_Humboldt_Current_(1995-1998),Ulanowicz_TE,inner,0.5,4,4,0,"['SC', 'SM', 'SE', 'SR']",[],discard-routing sensitivity envelope; not a confidence interval,674.8104783422024,1209.1001223781386,534.2896440359362,337.4052391711012,604.5500611890693,267.1448220179681,79.17625187867834,674.8104783422024,True,assessed,hypothetical_designated_amounts
13_2_Northern_Humboldt_Current_(1995-1998),Ulanowicz_TE,PP,0.5,4,4,0,"['SC', 'SM', 'SE', 'SR']",[],discard-routing sensitivity envelope; not a confidence interval,516.7523377875302,925.6036519235882,408.851314136058,258.3761688937651,462.8018259617941,204.425657068029,79.11939322549573,516.7523377875302,True,assessed,hypothetical_designated_amounts
13_2_Northern_Humboldt_Current_(1995-1998),standard_fixed_baseline_TL,all,0.75,4,4,0,"['SC', 'SM', 'SE', 'SR']",[],discard-routing sensitivity envelope; not a confidence interval,491.13855307725066,491.13855307725066,0.0,122.78463826931267,122.78463826931267,0.0,0.0,491.13855307725066,True,assessed,hypothetical_designated_amounts
13_2_Northern_Humboldt_Current_(1995-1998),standard_fixed_baseline_TL,inner,0.75,4,0,4,[],"['SC', 'SM', 'SE', 'SR']",discard-routing sensitivity envelope; not a confidence interval,,,,,,,,,True,not_assessed,hypothetical_designated_amounts
13_2_Northern_Humboldt_Current_(1995-1998),standard_fixed_baseline_TL,PP,0.75,4,0,4,[],"['SC', 'SM', 'SE', 'SR']",discard-routing sensitivity envelope; not a confidence interval,,,,,,,,,True,not_assessed,hypothetical_designated_amounts
13_2_Northern_Humboldt_Current_(1995-1998),SPPR_1995_TE0.1,all,0.75,4,4,0,"['SC', 'SM', 'SE', 'SR']",[],discard-routing sensitivity envelope; not a confidence interval,491.13855307725066,491.13855307725066,0.0,122.78463826931267,122.78463826931267,0.0,0.0,491.13855307725066,True,assessed,hypothetical_designated_amounts
13_2_Northern_Humboldt_Current_(1995-1998),SPPR_1995_TE0.1,inner,0.75,4,0,4,[],"['SC', 'SM', 'SE', 'SR']",discard-routing sensitivity envelope; not a confidence interval,,,,,,,,,True,not_assessed,hypothetical_designated_amounts
13_2_Northern_Humboldt_Current_(1995-1998),SPPR_1995_TE0.1,PP,0.75,4,0,4,[],"['SC', 'SM', 'SE', 'SR']",discard-routing sensitivity envelope; not a confidence interval,,,,,,,,,True,not_assessed,hypothetical_designated_amounts
13_2_Northern_Humboldt_Current_(1995-1998),SPPR_1995_TEmean,all,0.75,4,4,0,"['SC', 'SM', 'SE', 'SR']",[],discard-routing sensitivity envelope; not a confidence interval,460.6608517378714,824.1720182552045,363.51116651733315,115.16521293446785,206.04300456380113,90.87779162933329,78.91080067819199,460.6608517378714,True,assessed,hypothetical_designated_amounts
13_2_Northern_Humboldt_Current_(1995-1998),SPPR_1995_TEmean,inner,0.75,4,0,4,[],"['SC', 'SM', 'SE', 'SR']",discard-routing sensitivity envelope; not a confidence interval,,,,,,,,,True,not_assessed,hypothetical_designated_amounts
13_2_Northern_Humboldt_Current_(1995-1998),SPPR_1995_TEmean,PP,0.75,4,0,4,[],"['SC', 'SM', 'SE', 'SR']",discard-routing sensitivity envelope; not a confidence interval,,,,,,,,,True,not_assessed,hypothetical_designated_amounts
13_2_Northern_Humboldt_Current_(1995-1998),SPPR_1986,all,0.75,4,4,0,"['SC', 'SM', 'SE', 'SR']",[],discard-routing sensitivity envelope; not a confidence interval,396.2325384249224,396.2325384249224,0.0,99.0581346062306,99.0581346062306,0.0,0.0,396.2325384249224,True,assessed,hypothetical_designated_amounts
13_2_Northern_Humboldt_Current_(1995-1998),SPPR_1986,inner,0.75,4,0,4,[],"['SC', 'SM', 'SE', 'SR']",discard-routing sensitivity envelope; not a confidence interval,,,,,,,,,True,not_assessed,hypothetical_designated_amounts
13_2_Northern_Humboldt_Current_(1995-1998),SPPR_1986,PP,0.75,4,0,4,[],"['SC', 'SM', 'SE', 'SR']",discard-routing sensitivity envelope; not a confidence interval,,,,,,,,,True,not_assessed,hypothetical_designated_amounts
13_2_Northern_Humboldt_Current_(1995-1998),new_GE,all,0.75,4,0,4,[],"['SC', 'SM', 'SE', 'SR']",discard-routing sensitivity envelope; not a confidence interval,,,,,,,,,True,not_assessed,hypothetical_designated_amounts
13_2_Northern_Humboldt_Current_(1995-1998),new_GE,inner,0.75,4,0,4,[],"['SC', 'SM', 'SE', 'SR']",discard-routing sensitivity envelope; not a confidence interval,,,,,,,,,True,not_assessed,hypothetical_designated_amounts
13_2_Northern_Humboldt_Current_(1995-1998),new_GE,PP,0.75,4,0,4,[],"['SC', 'SM', 'SE', 'SR']",discard-routing sensitivity envelope; not a confidence interval,,,,,,,,204.0296573802264,True,not_assessed,hypothetical_designated_amounts
13_2_Northern_Humboldt_Current_(1995-1998),new_TE_EEfix,all,0.75,4,0,4,[],"['SC', 'SM', 'SE', 'SR']",discard-routing sensitivity envelope; not a confidence interval,,,,,,,,966.4451326076019,True,not_assessed,hypothetical_designated_amounts
13_2_Northern_Humboldt_Current_(1995-1998),new_TE_EEfix,inner,0.75,4,0,4,[],"['SC', 'SM', 'SE', 'SR']",discard-routing sensitivity envelope; not a confidence interval,,,,,,,,962.6364801425882,True,not_assessed,hypothetical_designated_amounts
13_2_Northern_Humboldt_Current_(1995-1998),new_TE_EEfix,PP,0.75,4,0,4,[],"['SC', 'SM', 'SE', 'SR']",discard-routing sensitivity envelope; not a confidence interval,,,,,,,,962.6364801425882,True,not_assessed,hypothetical_designated_amounts
13_2_Northern_Humboldt_Current_(1995-1998),new_WithEgestion,all,0.75,4,0,4,[],"['SC', 'SM', 'SE', 'SR']",discard-routing sensitivity envelope; not a confidence interval,,,,,,,,,True,not_assessed,hypothetical_designated_amounts
13_2_Northern_Humboldt_Current_(1995-1998),new_WithEgestion,inner,0.75,4,0,4,[],"['SC', 'SM', 'SE', 'SR']",discard-routing sensitivity envelope; not a confidence interval,,,,,,,,,True,not_assessed,hypothetical_designated_amounts
13_2_Northern_Humboldt_Current_(1995-1998),new_WithEgestion,PP,0.75,4,0,4,[],"['SC', 'SM', 'SE', 'SR']",discard-routing sensitivity envelope; not a confidence interval,,,,,,,,64.32672593663342,True,not_assessed,hypothetical_designated_amounts
13_2_Northern_Humboldt_Current_(1995-1998),Ulanowicz_TE,all,0.75,4,4,0,"['SC', 'SM', 'SE', 'SR']",[],discard-routing sensitivity envelope; not a confidence interval,676.7127932266408,2092.0130735519706,1415.3002803253298,169.1781983066602,523.0032683879926,353.82507008133246,209.14342014682816,676.7127932266408,True,assessed,hypothetical_designated_amounts
13_2_Northern_Humboldt_Current_(1995-1998),Ulanowicz_TE,inner,0.75,4,4,0,"['SC', 'SM', 'SE', 'SR']",[],discard-routing sensitivity envelope; not a confidence interval,674.8104783422024,2086.496783313656,1411.6863049714539,168.7026195855506,521.624195828414,352.92157624286347,209.19744880659294,674.8104783422024,True,assessed,hypothetical_designated_amounts
13_2_Northern_Humboldt_Current_(1995-1998),Ulanowicz_TE,PP,0.75,4,4,0,"['SC', 'SM', 'SE', 'SR']",[],discard-routing sensitivity envelope; not a confidence interval,516.7523377875302,1595.9780195054364,1079.2256817179061,129.18808444688256,398.9945048763591,269.80642042947653,208.8477599034384,516.7523377875302,True,assessed,hypothetical_designated_amounts
13_2_Northern_Humboldt_Current_(1995-1998),standard_fixed_baseline_TL,all,1.0,4,3,1,"['SC', 'SE', 'SR']",['SM'],discard-routing sensitivity envelope; not a confidence interval,491.13855307725066,491.13855307725066,0.0,0.0,0.0,0.0,0.0,491.13855307725066,True,assessed,hypothetical_designated_amounts
13_2_Northern_Humboldt_Current_(1995-1998),standard_fixed_baseline_TL,inner,1.0,4,0,4,[],"['SC', 'SM', 'SE', 'SR']",discard-routing sensitivity envelope; not a confidence interval,,,,,,,,,True,not_assessed,hypothetical_designated_amounts
13_2_Northern_Humboldt_Current_(1995-1998),standard_fixed_baseline_TL,PP,1.0,4,0,4,[],"['SC', 'SM', 'SE', 'SR']",discard-routing sensitivity envelope; not a confidence interval,,,,,,,,,True,not_assessed,hypothetical_designated_amounts
13_2_Northern_Humboldt_Current_(1995-1998),SPPR_1995_TE0.1,all,1.0,4,3,1,"['SC', 'SE', 'SR']",['SM'],discard-routing sensitivity envelope; not a confidence interval,491.13855307725066,491.13855307725066,0.0,0.0,0.0,0.0,0.0,491.13855307725066,True,assessed,hypothetical_designated_amounts
13_2_Northern_Humboldt_Current_(1995-1998),SPPR_1995_TE0.1,inner,1.0,4,0,4,[],"['SC', 'SM', 'SE', 'SR']",discard-routing sensitivity envelope; not a confidence interval,,,,,,,,,True,not_assessed,hypothetical_designated_amounts
13_2_Northern_Humboldt_Current_(1995-1998),SPPR_1995_TE0.1,PP,1.0,4,0,4,[],"['SC', 'SM', 'SE', 'SR']",discard-routing sensitivity envelope; not a confidence interval,,,,,,,,,True,not_assessed,hypothetical_designated_amounts
13_2_Northern_Humboldt_Current_(1995-1998),SPPR_1995_TEmean,all,1.0,4,3,1,"['SC', 'SE', 'SR']",['SM'],discard-routing sensitivity envelope; not a confidence interval,20.028890342780016,460.6608517378714,440.63196139509137,0.0,0.0,0.0,2199.981895422028,460.6608517378714,True,assessed,hypothetical_designated_amounts
13_2_Northern_Humboldt_Current_(1995-1998),SPPR_1995_TEmean,inner,1.0,4,0,4,[],"['SC', 'SM', 'SE', 'SR']",discard-routing sensitivity envelope; not a confidence interval,,,,,,,,,True,not_assessed,hypothetical_designated_amounts
13_2_Northern_Humboldt_Current_(1995-1998),SPPR_1995_TEmean,PP,1.0,4,0,4,[],"['SC', 'SM', 'SE', 'SR']",discard-routing sensitivity envelope; not a confidence interval,,,,,,,,,True,not_assessed,hypothetical_designated_amounts
13_2_Northern_Humboldt_Current_(1995-1998),SPPR_1986,all,1.0,4,2,2,"['SC', 'SR']","['SM', 'SE']",discard-routing sensitivity envelope; not a confidence interval,396.2325384249224,396.2325384249224,0.0,0.0,0.0,0.0,0.0,396.2325384249224,True,assessed,hypothetical_designated_amounts
13_2_Northern_Humboldt_Current_(1995-1998),SPPR_1986,inner,1.0,4,0,4,[],"['SC', 'SM', 'SE', 'SR']",discard-routing sensitivity envelope; not a confidence interval,,,,,,,,,True,not_assessed,hypothetical_designated_amounts
13_2_Northern_Humboldt_Current_(1995-1998),SPPR_1986,PP,1.0,4,0,4,[],"['SC', 'SM', 'SE', 'SR']",discard-routing sensitivity envelope; not a confidence interval,,,,,,,,,True,not_assessed,hypothetical_designated_amounts
13_2_Northern_Humboldt_Current_(1995-1998),new_GE,all,1.0,4,0,4,[],"['SC', 'SM', 'SE', 'SR']",discard-routing sensitivity envelope; not a confidence interval,,,,,,,,,True,not_assessed,hypothetical_designated_amounts
13_2_Northern_Humboldt_Current_(1995-1998),new_GE,inner,1.0,4,0,4,[],"['SC', 'SM', 'SE', 'SR']",discard-routing sensitivity envelope; not a confidence interval,,,,,,,,,True,not_assessed,hypothetical_designated_amounts
13_2_Northern_Humboldt_Current_(1995-1998),new_GE,PP,1.0,4,0,4,[],"['SC', 'SM', 'SE', 'SR']",discard-routing sensitivity envelope; not a confidence interval,,,,,,,,204.0296573802264,True,not_assessed,hypothetical_designated_amounts
13_2_Northern_Humboldt_Current_(1995-1998),new_TE_EEfix,all,1.0,4,0,4,[],"['SC', 'SM', 'SE', 'SR']",discard-routing sensitivity envelope; not a confidence interval,,,,,,,,966.4451326076019,True,not_assessed,hypothetical_designated_amounts
13_2_Northern_Humboldt_Current_(1995-1998),new_TE_EEfix,inner,1.0,4,0,4,[],"['SC', 'SM', 'SE', 'SR']",discard-routing sensitivity envelope; not a confidence interval,,,,,,,,962.6364801425882,True,not_assessed,hypothetical_designated_amounts
13_2_Northern_Humboldt_Current_(1995-1998),new_TE_EEfix,PP,1.0,4,0,4,[],"['SC', 'SM', 'SE', 'SR']",discard-routing sensitivity envelope; not a confidence interval,,,,,,,,962.6364801425882,True,not_assessed,hypothetical_designated_amounts
13_2_Northern_Humboldt_Current_(1995-1998),new_WithEgestion,all,1.0,4,0,4,[],"['SC', 'SM', 'SE', 'SR']",discard-routing sensitivity envelope; not a confidence interval,,,,,,,,,True,not_assessed,hypothetical_designated_amounts
13_2_Northern_Humboldt_Current_(1995-1998),new_WithEgestion,inner,1.0,4,0,4,[],"['SC', 'SM', 'SE', 'SR']",discard-routing sensitivity envelope; not a confidence interval,,,,,,,,,True,not_assessed,hypothetical_designated_amounts
13_2_Northern_Humboldt_Current_(1995-1998),new_WithEgestion,PP,1.0,4,0,4,[],"['SC', 'SM', 'SE', 'SR']",discard-routing sensitivity envelope; not a confidence interval,,,,,,,,64.32672593663342,True,not_assessed,hypothetical_designated_amounts
13_2_Northern_Humboldt_Current_(1995-1998),Ulanowicz_TE,all,1.0,4,3,1,"['SC', 'SE', 'SR']",['SM'],discard-routing sensitivity envelope; not a confidence interval,676.7127932266408,676.7127932266408,0.0,0.0,0.0,0.0,0.0,676.7127932266408,True,assessed,hypothetical_designated_amounts
13_2_Northern_Humboldt_Current_(1995-1998),Ulanowicz_TE,inner,1.0,4,3,1,"['SC', 'SE', 'SR']",['SM'],discard-routing sensitivity envelope; not a confidence interval,674.8104783422024,674.8104783422024,0.0,0.0,0.0,0.0,0.0,674.8104783422024,True,assessed,hypothetical_designated_amounts
13_2_Northern_Humboldt_Current_(1995-1998),Ulanowicz_TE,PP,1.0,4,3,1,"['SC', 'SE', 'SR']",['SM'],discard-routing sensitivity envelope; not a confidence interval,516.7523377875302,516.7523377875302,0.0,0.0,0.0,0.0,0.0,516.7523377875302,True,assessed,hypothetical_designated_amounts
28_646_Guinea_(1998),standard_fixed_baseline_TL,all,0.0,4,3,1,"['SC', 'SM', 'SE']",['SR'],discard-routing sensitivity envelope; not a confidence interval,34.71738020915083,34.71738020915083,0.0,34.71738020915083,34.71738020915083,0.0,0.0,34.71738020915083,True,assessed,hypothetical_designated_amounts
28_646_Guinea_(1998),standard_fixed_baseline_TL,inner,0.0,4,0,4,[],"['SC', 'SM', 'SE', 'SR']",discard-routing sensitivity envelope; not a confidence interval,,,,,,,,,True,not_assessed,hypothetical_designated_amounts
28_646_Guinea_(1998),standard_fixed_baseline_TL,PP,0.0,4,0,4,[],"['SC', 'SM', 'SE', 'SR']",discard-routing sensitivity envelope; not a confidence interval,,,,,,,,,True,not_assessed,hypothetical_designated_amounts
28_646_Guinea_(1998),SPPR_1995_TE0.1,all,0.0,4,3,1,"['SC', 'SM', 'SE']",['SR'],discard-routing sensitivity envelope; not a confidence interval,34.71738020915083,34.71738020915083,0.0,34.71738020915083,34.71738020915083,0.0,0.0,34.71738020915083,True,assessed,hypothetical_designated_amounts
28_646_Guinea_(1998),SPPR_1995_TE0.1,inner,0.0,4,0,4,[],"['SC', 'SM', 'SE', 'SR']",discard-routing sensitivity envelope; not a confidence interval,,,,,,,,,True,not_assessed,hypothetical_designated_amounts
28_646_Guinea_(1998),SPPR_1995_TE0.1,PP,0.0,4,0,4,[],"['SC', 'SM', 'SE', 'SR']",discard-routing sensitivity envelope; not a confidence interval,,,,,,,,,True,not_assessed,hypothetical_designated_amounts
28_646_Guinea_(1998),SPPR_1995_TEmean,all,0.0,4,3,1,"['SC', 'SM', 'SE']",['SR'],discard-routing sensitivity envelope; not a confidence interval,20.010161919197103,20.010161919197103,0.0,20.010161919197103,20.010161919197103,0.0,0.0,20.010161919197103,True,assessed,hypothetical_designated_amounts
28_646_Guinea_(1998),SPPR_1995_TEmean,inner,0.0,4,0,4,[],"['SC', 'SM', 'SE', 'SR']",discard-routing sensitivity envelope; not a confidence interval,,,,,,,,,True,not_assessed,hypothetical_designated_amounts
28_646_Guinea_(1998),SPPR_1995_TEmean,PP,0.0,4,0,4,[],"['SC', 'SM', 'SE', 'SR']",discard-routing sensitivity envelope; not a confidence interval,,,,,,,,,True,not_assessed,hypothetical_designated_amounts
28_646_Guinea_(1998),SPPR_1986,all,0.0,4,3,1,"['SC', 'SM', 'SE']",['SR'],discard-routing sensitivity envelope; not a confidence interval,15.793428413720319,15.793428413720319,0.0,15.793428413720319,15.793428413720319,0.0,0.0,15.793428413720319,True,assessed,hypothetical_designated_amounts
28_646_Guinea_(1998),SPPR_1986,inner,0.0,4,0,4,[],"['SC', 'SM', 'SE', 'SR']",discard-routing sensitivity envelope; not a confidence interval,,,,,,,,,True,not_assessed,hypothetical_designated_amounts
28_646_Guinea_(1998),SPPR_1986,PP,0.0,4,0,4,[],"['SC', 'SM', 'SE', 'SR']",discard-routing sensitivity envelope; not a confidence interval,,,,,,,,,True,not_assessed,hypothetical_designated_amounts
28_646_Guinea_(1998),new_GE,all,0.0,4,3,1,"['SC', 'SM', 'SE']",['SR'],discard-routing sensitivity envelope; not a confidence interval,127.11631987635315,127.11631987635315,0.0,127.11631987635315,127.11631987635315,0.0,0.0,127.11631987635315,True,assessed,hypothetical_designated_amounts
28_646_Guinea_(1998),new_GE,inner,0.0,4,3,1,"['SC', 'SM', 'SE']",['SR'],discard-routing sensitivity envelope; not a confidence interval,127.11513086990311,127.11513086990311,0.0,127.11513086990311,127.11513086990311,0.0,0.0,127.11513086990311,True,assessed,hypothetical_designated_amounts
28_646_Guinea_(1998),new_GE,PP,0.0,4,3,1,"['SC', 'SM', 'SE']",['SR'],discard-routing sensitivity envelope; not a confidence interval,50.87646327925089,50.87646327925089,0.0,50.87646327925089,50.87646327925089,0.0,0.0,50.87646327925089,True,assessed,hypothetical_designated_amounts
28_646_Guinea_(1998),new_TE_EEfix,all,0.0,4,3,1,"['SC', 'SM', 'SE']",['SR'],discard-routing sensitivity envelope; not a confidence interval,378.28044785244373,378.28044785244373,0.0,378.28044785244373,378.28044785244373,0.0,0.0,378.28044785244373,True,assessed,hypothetical_designated_amounts
28_646_Guinea_(1998),new_TE_EEfix,inner,0.0,4,3,1,"['SC', 'SM', 'SE']",['SR'],discard-routing sensitivity envelope; not a confidence interval,378.2780272032099,378.2780272032099,0.0,378.2780272032099,378.2780272032099,0.0,0.0,378.2780272032099,True,assessed,hypothetical_designated_amounts
28_646_Guinea_(1998),new_TE_EEfix,PP,0.0,4,3,1,"['SC', 'SM', 'SE']",['SR'],discard-routing sensitivity envelope; not a confidence interval,306.51334843105826,306.51334843105826,0.0,306.51334843105826,306.51334843105826,0.0,0.0,306.51334843105826,True,assessed,hypothetical_designated_amounts
28_646_Guinea_(1998),new_WithEgestion,all,0.0,4,3,1,"['SC', 'SM', 'SE']",['SR'],discard-routing sensitivity envelope; not a confidence interval,44.76222514004085,44.76222514004085,0.0,44.76222514004085,44.76222514004085,0.0,0.0,44.76222514004085,True,assessed,hypothetical_designated_amounts
28_646_Guinea_(1998),new_WithEgestion,inner,0.0,4,3,1,"['SC', 'SM', 'SE']",['SR'],discard-routing sensitivity envelope; not a confidence interval,44.76162726217438,44.76162726217438,0.0,44.76162726217438,44.76162726217438,0.0,0.0,44.76162726217438,True,assessed,hypothetical_designated_amounts
28_646_Guinea_(1998),new_WithEgestion,PP,0.0,4,3,1,"['SC', 'SM', 'SE']",['SR'],discard-routing sensitivity envelope; not a confidence interval,11.943662110024459,11.943662110024459,0.0,11.943662110024459,11.943662110024459,0.0,0.0,11.943662110024459,True,assessed,hypothetical_designated_amounts
28_646_Guinea_(1998),Ulanowicz_TE,all,0.0,4,3,1,"['SC', 'SM', 'SE']",['SR'],discard-routing sensitivity envelope; not a confidence interval,184.6290821182383,184.6290821182383,0.0,184.6290821182383,184.6290821182383,0.0,0.0,184.6290821182383,True,assessed,hypothetical_designated_amounts
28_646_Guinea_(1998),Ulanowicz_TE,inner,0.0,4,3,1,"['SC', 'SM', 'SE']",['SR'],discard-routing sensitivity envelope; not a confidence interval,184.62748567446565,184.62748567446565,0.0,184.62748567446565,184.62748567446565,0.0,0.0,184.62748567446565,True,assessed,hypothetical_designated_amounts
28_646_Guinea_(1998),Ulanowicz_TE,PP,0.0,4,3,1,"['SC', 'SM', 'SE']",['SR'],discard-routing sensitivity envelope; not a confidence interval,123.61543586592236,123.61543586592236,0.0,123.61543586592236,123.61543586592236,0.0,0.0,123.61543586592236,True,assessed,hypothetical_designated_amounts
28_646_Guinea_(1998),standard_fixed_baseline_TL,all,0.01,4,3,1,"['SC', 'SM', 'SE']",['SR'],discard-routing sensitivity envelope; not a confidence interval,34.71738020915083,34.71738020915083,0.0,34.37020640705932,34.37020640705932,0.0,0.0,34.71738020915083,True,assessed,hypothetical_designated_amounts
28_646_Guinea_(1998),standard_fixed_baseline_TL,inner,0.01,4,0,4,[],"['SC', 'SM', 'SE', 'SR']",discard-routing sensitivity envelope; not a confidence interval,,,,,,,,,True,not_assessed,hypothetical_designated_amounts
28_646_Guinea_(1998),standard_fixed_baseline_TL,PP,0.01,4,0,4,[],"['SC', 'SM', 'SE', 'SR']",discard-routing sensitivity envelope; not a confidence interval,,,,,,,,,True,not_assessed,hypothetical_designated_amounts
28_646_Guinea_(1998),SPPR_1995_TE0.1,all,0.01,4,3,1,"['SC', 'SM', 'SE']",['SR'],discard-routing sensitivity envelope; not a confidence interval,34.71738020915083,34.71738020915083,0.0,34.37020640705932,34.37020640705932,0.0,0.0,34.71738020915083,True,assessed,hypothetical_designated_amounts
28_646_Guinea_(1998),SPPR_1995_TE0.1,inner,0.01,4,0,4,[],"['SC', 'SM', 'SE', 'SR']",discard-routing sensitivity envelope; not a confidence interval,,,,,,,,,True,not_assessed,hypothetical_designated_amounts
28_646_Guinea_(1998),SPPR_1995_TE0.1,PP,0.01,4,0,4,[],"['SC', 'SM', 'SE', 'SR']",discard-routing sensitivity envelope; not a confidence interval,,,,,,,,,True,not_assessed,hypothetical_designated_amounts
28_646_Guinea_(1998),SPPR_1995_TEmean,all,0.01,4,3,1,"['SC', 'SM', 'SE']",['SR'],discard-routing sensitivity envelope; not a confidence interval,20.010161919197103,20.153602493065463,0.14344057386836084,19.810060300005137,19.952066468134802,0.14200616812966516,0.7168386465216336,20.010161919197103,True,assessed,hypothetical_designated_amounts
28_646_Guinea_(1998),SPPR_1995_TEmean,inner,0.01,4,0,4,[],"['SC', 'SM', 'SE', 'SR']",discard-routing sensitivity envelope; not a confidence interval,,,,,,,,,True,not_assessed,hypothetical_designated_amounts
28_646_Guinea_(1998),SPPR_1995_TEmean,PP,0.01,4,0,4,[],"['SC', 'SM', 'SE', 'SR']",discard-routing sensitivity envelope; not a confidence interval,,,,,,,,,True,not_assessed,hypothetical_designated_amounts
28_646_Guinea_(1998),SPPR_1986,all,0.01,4,3,1,"['SC', 'SM', 'SE']",['SR'],discard-routing sensitivity envelope; not a confidence interval,15.793428413720319,15.793428413720319,0.0,15.635494129583114,15.635494129583114,0.0,0.0,15.793428413720319,True,assessed,hypothetical_designated_amounts
28_646_Guinea_(1998),SPPR_1986,inner,0.01,4,0,4,[],"['SC', 'SM', 'SE', 'SR']",discard-routing sensitivity envelope; not a confidence interval,,,,,,,,,True,not_assessed,hypothetical_designated_amounts
28_646_Guinea_(1998),SPPR_1986,PP,0.01,4,0,4,[],"['SC', 'SM', 'SE', 'SR']",discard-routing sensitivity envelope; not a confidence interval,,,,,,,,,True,not_assessed,hypothetical_designated_amounts
28_646_Guinea_(1998),new_GE,all,0.01,4,3,1,"['SC', 'SM', 'SE']",['SR'],discard-routing sensitivity envelope; not a confidence interval,127.11631987635315,127.35487444284814,0.2385545664949973,125.84515667758959,126.08132569841966,0.23616902083007574,0.1876663568667114,127.11631987635315,True,assessed,hypothetical_designated_amounts
28_646_Guinea_(1998),new_GE,inner,0.01,4,3,1,"['SC', 'SM', 'SE']",['SR'],discard-routing sensitivity envelope; not a confidence interval,127.11513086990311,127.35368543639808,0.23855456649496887,125.84397956120405,126.08014858203407,0.2361690208300189,0.18766811225574553,127.11513086990311,True,assessed,hypothetical_designated_amounts
28_646_Guinea_(1998),new_GE,PP,0.01,4,3,1,"['SC', 'SM', 'SE']",['SR'],discard-routing sensitivity envelope; not a confidence interval,50.87646327925089,50.87646327925089,0.0,50.36769864645838,50.36769864645838,0.0,0.0,50.87646327925089,True,assessed,hypothetical_designated_amounts
28_646_Guinea_(1998),new_TE_EEfix,all,0.01,4,3,1,"['SC', 'SM', 'SE']",['SR'],discard-routing sensitivity envelope; not a confidence interval,378.28044785244373,382.10126494288465,3.8208170904409258,374.49764337391923,378.2802522934558,3.7826089195365853,1.0100487910840394,378.28044785244373,True,assessed,hypothetical_designated_amounts
28_646_Guinea_(1998),new_TE_EEfix,inner,0.01,4,3,1,"['SC', 'SM', 'SE']",['SR'],discard-routing sensitivity envelope; not a confidence interval,378.2780272032099,382.09881984264916,3.8207926394392757,374.49524693117775,378.2778316442227,3.782584713044969,1.0100487907500844,378.2780272032099,True,assessed,hypothetical_designated_amounts
28_646_Guinea_(1998),new_TE_EEfix,PP,0.01,4,3,1,"['SC', 'SM', 'SE']",['SR'],discard-routing sensitivity envelope; not a confidence interval,306.51334843105826,309.60944277946055,3.096094348402289,303.4482149467476,306.51334835166585,3.0651334049182424,1.010100983937634,306.51334843105826,True,assessed,hypothetical_designated_amounts
28_646_Guinea_(1998),new_WithEgestion,all,0.01,4,3,1,"['SC', 'SM', 'SE']",['SR'],discard-routing sensitivity envelope; not a confidence interval,44.76222514004085,44.795073560270026,0.032848420229179,44.314602888640444,44.34712282466732,0.03251993602687975,0.07338424335789906,44.76222514004085,True,assessed,hypothetical_designated_amounts
28_646_Guinea_(1998),new_WithEgestion,inner,0.01,4,3,1,"['SC', 'SM', 'SE']",['SR'],discard-routing sensitivity envelope; not a confidence interval,44.76162726217438,44.794475682403544,0.03284842022916479,44.31401098955264,44.346530925579515,0.03251993602687264,0.07338522354598531,44.76162726217438,True,assessed,hypothetical_designated_amounts
28_646_Guinea_(1998),new_WithEgestion,PP,0.01,4,3,1,"['SC', 'SM', 'SE']",['SR'],discard-routing sensitivity envelope; not a confidence interval,11.943662110024459,11.943662110024459,0.0,11.824225488924217,11.824225488924217,0.0,0.0,11.943662110024459,True,assessed,hypothetical_designated_amounts
28_646_Guinea_(1998),Ulanowicz_TE,all,0.01,4,3,1,"['SC', 'SM', 'SE']",['SR'],discard-routing sensitivity envelope; not a confidence interval,184.6290821182383,185.9613133278664,1.3322312096281053,182.78279129705595,184.10170019458775,1.3189088975317986,0.7215717016753276,184.6290821182383,True,assessed,hypothetical_designated_amounts
28_646_Guinea_(1998),Ulanowicz_TE,inner,0.01,4,3,1,"['SC', 'SM', 'SE']",['SR'],discard-routing sensitivity envelope; not a confidence interval,184.62748567446565,185.95970550056188,1.3322198260962352,182.78121081772102,184.10010844555632,1.3188976278352982,0.7215717753125794,184.62748567446565,True,assessed,hypothetical_designated_amounts
28_646_Guinea_(1998),Ulanowicz_TE,PP,0.01,4,3,1,"['SC', 'SM', 'SE']",['SR'],discard-routing sensitivity envelope; not a confidence interval,123.61543586592236,124.50595502455991,0.8905191586375452,122.37928150726313,123.26089547431428,0.8816139670511518,0.720394789210177,123.61543586592236,True,assessed,hypothetical_designated_amounts
28_646_Guinea_(1998),standard_fixed_baseline_TL,all,0.05,4,3,1,"['SC', 'SM', 'SE']",['SR'],discard-routing sensitivity envelope; not a confidence interval,34.71738020915083,34.71738020915083,0.0,32.98151119869328,32.98151119869328,0.0,0.0,34.71738020915083,True,assessed,hypothetical_designated_amounts
28_646_Guinea_(1998),standard_fixed_baseline_TL,inner,0.05,4,0,4,[],"['SC', 'SM', 'SE', 'SR']",discard-routing sensitivity envelope; not a confidence interval,,,,,,,,,True,not_assessed,hypothetical_designated_amounts
28_646_Guinea_(1998),standard_fixed_baseline_TL,PP,0.05,4,0,4,[],"['SC', 'SM', 'SE', 'SR']",discard-routing sensitivity envelope; not a confidence interval,,,,,,,,,True,not_assessed,hypothetical_designated_amounts
28_646_Guinea_(1998),SPPR_1995_TE0.1,all,0.05,4,3,1,"['SC', 'SM', 'SE']",['SR'],discard-routing sensitivity envelope; not a confidence interval,34.71738020915083,34.71738020915083,0.0,32.98151119869328,32.98151119869328,0.0,0.0,34.71738020915083,True,assessed,hypothetical_designated_amounts
28_646_Guinea_(1998),SPPR_1995_TE0.1,inner,0.05,4,0,4,[],"['SC', 'SM', 'SE', 'SR']",discard-routing sensitivity envelope; not a confidence interval,,,,,,,,,True,not_assessed,hypothetical_designated_amounts
28_646_Guinea_(1998),SPPR_1995_TE0.1,PP,0.05,4,0,4,[],"['SC', 'SM', 'SE', 'SR']",discard-routing sensitivity envelope; not a confidence interval,,,,,,,,,True,not_assessed,hypothetical_designated_amounts
28_646_Guinea_(1998),SPPR_1995_TEmean,all,0.05,4,3,1,"['SC', 'SM', 'SE']",['SR'],discard-routing sensitivity envelope; not a confidence interval,20.010161919197103,20.74177296034776,0.7316110411506571,19.00965382323725,19.70468431233037,0.6950304890931207,3.6561975065717567,20.010161919197103,True,assessed,hypothetical_designated_amounts
28_646_Guinea_(1998),SPPR_1995_TEmean,inner,0.05,4,0,4,[],"['SC', 'SM', 'SE', 'SR']",discard-routing sensitivity envelope; not a confidence interval,,,,,,,,,True,not_assessed,hypothetical_designated_amounts
28_646_Guinea_(1998),SPPR_1995_TEmean,PP,0.05,4,0,4,[],"['SC', 'SM', 'SE', 'SR']",discard-routing sensitivity envelope; not a confidence interval,,,,,,,,,True,not_assessed,hypothetical_designated_amounts
28_646_Guinea_(1998),SPPR_1986,all,0.05,4,3,1,"['SC', 'SM', 'SE']",['SR'],discard-routing sensitivity envelope; not a confidence interval,15.793428413720319,15.793428413720319,0.0,15.003756993034298,15.003756993034298,0.0,0.0,15.793428413720319,True,assessed,hypothetical_designated_amounts
28_646_Guinea_(1998),SPPR_1986,inner,0.05,4,0,4,[],"['SC', 'SM', 'SE', 'SR']",discard-routing sensitivity envelope; not a confidence interval,,,,,,,,,True,not_assessed,hypothetical_designated_amounts
28_646_Guinea_(1998),SPPR_1986,PP,0.05,4,0,4,[],"['SC', 'SM', 'SE', 'SR']",discard-routing sensitivity envelope; not a confidence interval,,,,,,,,,True,not_assessed,hypothetical_designated_amounts
28_646_Guinea_(1998),new_GE,all,0.05,4,3,1,"['SC', 'SM', 'SE']",['SR'],discard-routing sensitivity envelope; not a confidence interval,127.11631987635315,128.31810596398407,1.2017860876309214,120.76050388253549,121.90220066578483,1.141696783249344,0.9454223413641216,127.11631987635315,True,assessed,hypothetical_designated_amounts
28_646_Guinea_(1998),new_GE,inner,0.05,4,3,1,"['SC', 'SM', 'SE']",['SR'],discard-routing sensitivity envelope; not a confidence interval,127.11513086990311,128.31691695753398,1.2017860876308646,120.75937432640792,121.90107110965727,1.141696783249344,0.9454311846327945,127.11513086990311,True,assessed,hypothetical_designated_amounts
28_646_Guinea_(1998),new_GE,PP,0.05,4,3,1,"['SC', 'SM', 'SE']",['SR'],discard-routing sensitivity envelope; not a confidence interval,50.87646327925089,50.87646327925089,0.0,48.33264011528835,48.33264011528835,0.0,0.0,50.87646327925089,True,assessed,hypothetical_designated_amounts
28_646_Guinea_(1998),new_TE_EEfix,all,0.05,4,3,1,"['SC', 'SM', 'SE']",['SR'],discard-routing sensitivity envelope; not a confidence interval,378.28044785244373,398.1889158363672,19.908467983923458,359.36642545982147,378.2794700445489,18.913044584727402,5.262885802569728,378.28044785244373,True,assessed,hypothetical_designated_amounts
28_646_Guinea_(1998),new_TE_EEfix,inner,0.05,4,3,1,"['SC', 'SM', 'SE']",['SR'],discard-routing sensitivity envelope; not a confidence interval,378.2780272032099,398.18636778454595,19.908340581336063,359.3641258430494,378.2770493953186,18.912923552269206,5.262885800829609,378.2780272032099,True,assessed,hypothetical_designated_amounts
28_646_Guinea_(1998),new_TE_EEfix,PP,0.05,4,3,1,"['SC', 'SM', 'SE']",['SR'],discard-routing sensitivity envelope; not a confidence interval,306.51334843105826,322.6456294894035,16.132281058345256,291.1876810095053,306.5133480149333,15.325667005427988,5.263157751830749,306.51334843105826,True,assessed,hypothetical_designated_amounts
28_646_Guinea_(1998),new_WithEgestion,all,0.05,4,3,1,"['SC', 'SM', 'SE']",['SR'],discard-routing sensitivity envelope; not a confidence interval,44.76222514004085,44.92694992244599,0.16472478240514477,42.52411388303881,42.680602426323695,0.15648854328488682,0.36799953954431697,44.76222514004085,True,assessed,hypothetical_designated_amounts
28_646_Guinea_(1998),new_WithEgestion,inner,0.05,4,3,1,"['SC', 'SM', 'SE']",['SR'],discard-routing sensitivity envelope; not a confidence interval,44.76162726217438,44.92635204457952,0.16472478240513766,42.52354589906566,42.680034442350546,0.15648854328488682,0.368004454887938,44.76162726217438,True,assessed,hypothetical_designated_amounts
28_646_Guinea_(1998),new_WithEgestion,PP,0.05,4,3,1,"['SC', 'SM', 'SE']",['SR'],discard-routing sensitivity envelope; not a confidence interval,11.943662110024459,11.943662110024459,0.0,11.346479004523237,11.346479004523237,0.0,0.0,11.943662110024459,True,assessed,hypothetical_designated_amounts
28_646_Guinea_(1998),Ulanowicz_TE,all,0.05,4,3,1,"['SC', 'SM', 'SE']",['SR'],discard-routing sensitivity envelope; not a confidence interval,184.6290821182383,191.48782742384714,6.858745305608835,175.3976280123264,181.91343605265476,6.515808040328352,3.7148780825419614,184.6290821182383,True,assessed,hypothetical_designated_amounts
28_646_Guinea_(1998),Ulanowicz_TE,inner,0.05,4,3,1,"['SC', 'SM', 'SE']",['SR'],discard-routing sensitivity envelope; not a confidence interval,184.62748567446565,191.48617239886764,6.858686724401991,175.3961113907424,181.91186377892427,6.51575238818188,3.714878475079919,184.62748567446565,True,assessed,hypothetical_designated_amounts
28_646_Guinea_(1998),Ulanowicz_TE,PP,0.05,4,3,1,"['SC', 'SM', 'SE']",['SR'],discard-routing sensitivity envelope; not a confidence interval,123.61543586592236,128.19998219320388,4.584546327281515,117.43466407262622,121.78998308354367,4.355319010917455,3.708716710956783,123.61543586592236,True,assessed,hypothetical_designated_amounts
28_646_Guinea_(1998),standard_fixed_baseline_TL,all,0.1,4,3,1,"['SC', 'SM', 'SE']",['SR'],discard-routing sensitivity envelope; not a confidence interval,34.71738020915083,34.71738020915083,0.0,31.245642188235745,31.245642188235745,0.0,0.0,34.71738020915083,True,assessed,hypothetical_designated_amounts
28_646_Guinea_(1998),standard_fixed_baseline_TL,inner,0.1,4,0,4,[],"['SC', 'SM', 'SE', 'SR']",discard-routing sensitivity envelope; not a confidence interval,,,,,,,,,True,not_assessed,hypothetical_designated_amounts
28_646_Guinea_(1998),standard_fixed_baseline_TL,PP,0.1,4,0,4,[],"['SC', 'SM', 'SE', 'SR']",discard-routing sensitivity envelope; not a confidence interval,,,,,,,,,True,not_assessed,hypothetical_designated_amounts
28_646_Guinea_(1998),SPPR_1995_TE0.1,all,0.1,4,3,1,"['SC', 'SM', 'SE']",['SR'],discard-routing sensitivity envelope; not a confidence interval,34.71738020915083,34.71738020915083,0.0,31.245642188235745,31.245642188235745,0.0,0.0,34.71738020915083,True,assessed,hypothetical_designated_amounts
28_646_Guinea_(1998),SPPR_1995_TE0.1,inner,0.1,4,0,4,[],"['SC', 'SM', 'SE', 'SR']",discard-routing sensitivity envelope; not a confidence interval,,,,,,,,,True,not_assessed,hypothetical_designated_amounts
28_646_Guinea_(1998),SPPR_1995_TE0.1,PP,0.1,4,0,4,[],"['SC', 'SM', 'SE', 'SR']",discard-routing sensitivity envelope; not a confidence interval,,,,,,,,,True,not_assessed,hypothetical_designated_amounts
28_646_Guinea_(1998),SPPR_1995_TEmean,all,0.1,4,3,1,"['SC', 'SM', 'SE']",['SR'],discard-routing sensitivity envelope; not a confidence interval,20.010161919197103,21.51080367739108,1.5006417581939786,18.009145727277392,19.359723309651972,1.35057758237458,7.499398376953215,20.010161919197103,True,assessed,hypothetical_designated_amounts
28_646_Guinea_(1998),SPPR_1995_TEmean,inner,0.1,4,0,4,[],"['SC', 'SM', 'SE', 'SR']",discard-routing sensitivity envelope; not a confidence interval,,,,,,,,,True,not_assessed,hypothetical_designated_amounts
28_646_Guinea_(1998),SPPR_1995_TEmean,PP,0.1,4,0,4,[],"['SC', 'SM', 'SE', 'SR']",discard-routing sensitivity envelope; not a confidence interval,,,,,,,,,True,not_assessed,hypothetical_designated_amounts
28_646_Guinea_(1998),SPPR_1986,all,0.1,4,3,1,"['SC', 'SM', 'SE']",['SR'],discard-routing sensitivity envelope; not a confidence interval,15.793428413720319,15.793428413720319,0.0,14.214085572348287,14.214085572348287,0.0,0.0,15.793428413720319,True,assessed,hypothetical_designated_amounts
28_646_Guinea_(1998),SPPR_1986,inner,0.1,4,0,4,[],"['SC', 'SM', 'SE', 'SR']",discard-routing sensitivity envelope; not a confidence interval,,,,,,,,,True,not_assessed,hypothetical_designated_amounts
28_646_Guinea_(1998),SPPR_1986,PP,0.1,4,0,4,[],"['SC', 'SM', 'SE', 'SR']",discard-routing sensitivity envelope; not a confidence interval,,,,,,,,,True,not_assessed,hypothetical_designated_amounts
28_646_Guinea_(1998),new_GE,all,0.1,4,3,1,"['SC', 'SM', 'SE']",['SR'],discard-routing sensitivity envelope; not a confidence interval,127.11631987635315,129.5428119568768,2.4264920805236443,114.40468788871785,116.5885307611891,2.18384287247126,1.9088753378668555,127.11631987635315,True,assessed,hypothetical_designated_amounts
28_646_Guinea_(1998),new_GE,inner,0.1,4,3,1,"['SC', 'SM', 'SE']",['SR'],discard-routing sensitivity envelope; not a confidence interval,127.11513086990311,129.54162295042676,2.4264920805236443,114.40361778291276,116.58746065538405,2.1838428724712884,1.9088931930590247,127.11513086990311,True,assessed,hypothetical_designated_amounts
28_646_Guinea_(1998),new_GE,PP,0.1,4,3,1,"['SC', 'SM', 'SE']",['SR'],discard-routing sensitivity envelope; not a confidence interval,50.87646327925089,50.87646327925089,0.0,45.788816951325806,45.788816951325806,0.0,0.0,50.87646327925089,True,assessed,hypothetical_designated_amounts
28_646_Guinea_(1998),new_TE_EEfix,all,0.1,4,3,1,"['SC', 'SM', 'SE']",['SR'],discard-routing sensitivity envelope; not a confidence interval,378.28044785244373,420.3094357758895,42.028987923445754,340.4524030671993,378.27849219830057,37.82608913110124,11.110536683048466,378.28044785244373,True,assessed,hypothetical_designated_amounts
28_646_Guinea_(1998),new_TE_EEfix,inner,0.1,4,3,1,"['SC', 'SM', 'SE']",['SR'],discard-routing sensitivity envelope; not a confidence interval,378.2780272032099,420.30674616563806,42.02871896242817,340.45022448288887,378.27607154907423,37.82584706618536,11.11053667937485,378.2780272032099,True,assessed,hypothetical_designated_amounts
28_646_Guinea_(1998),new_TE_EEfix,PP,0.1,4,3,1,"['SC', 'SM', 'SE']",['SR'],discard-routing sensitivity envelope; not a confidence interval,306.51334843105826,340.57038616229005,34.05703773123179,275.8620135879524,306.5133475460611,30.651333958108694,11.111110790299561,306.51334843105826,True,assessed,hypothetical_designated_amounts
28_646_Guinea_(1998),new_WithEgestion,all,0.1,4,3,1,"['SC', 'SM', 'SE']",['SR'],discard-routing sensitivity envelope; not a confidence interval,44.76222514004085,45.092889416611655,0.33066427657080766,40.28600262603677,40.58360047495049,0.29759784891371766,0.7387127774285407,44.76222514004085,True,assessed,hypothetical_designated_amounts
28_646_Guinea_(1998),new_WithEgestion,inner,0.1,4,3,1,"['SC', 'SM', 'SE']",['SR'],discard-routing sensitivity envelope; not a confidence interval,44.76162726217438,45.09229153874518,0.33066427657080055,40.28546453595695,40.583062384870665,0.29759784891371766,0.738722644362455,44.76162726217438,True,assessed,hypothetical_designated_amounts
28_646_Guinea_(1998),new_WithEgestion,PP,0.1,4,3,1,"['SC', 'SM', 'SE']",['SR'],discard-routing sensitivity envelope; not a confidence interval,11.943662110024459,11.943662110024459,0.0,10.749295899022014,10.749295899022014,0.0,0.0,11.943662110024459,True,assessed,hypothetical_designated_amounts
28_646_Guinea_(1998),Ulanowicz_TE,all,0.1,4,3,1,"['SC', 'SM', 'SE']",['SR'],discard-routing sensitivity envelope; not a confidence interval,184.6290821182383,198.87444285855338,14.245360740315078,166.16617390641446,178.986998572698,12.820824666283556,7.7156646054234335,184.6290821182383,True,assessed,hypothetical_designated_amounts
28_646_Guinea_(1998),Ulanowicz_TE,inner,0.1,4,3,1,"['SC', 'SM', 'SE']",['SR'],discard-routing sensitivity envelope; not a confidence interval,184.62748567446565,198.87272481143705,14.245239136971406,166.16473710701908,178.98545233029336,12.820715223274277,7.715665457356957,184.62748567446565,True,assessed,hypothetical_designated_amounts
28_646_Guinea_(1998),Ulanowicz_TE,PP,0.1,4,3,1,"['SC', 'SM', 'SE']",['SR'],discard-routing sensitivity envelope; not a confidence interval,123.61543586592236,133.1370233288109,9.521587462888533,111.2538922793301,119.8233209959298,8.569428716599703,7.702587784599957,123.61543586592236,True,assessed,hypothetical_designated_amounts
28_646_Guinea_(1998),standard_fixed_baseline_TL,all,0.2,4,3,1,"['SC', 'SM', 'SE']",['SR'],discard-routing sensitivity envelope; not a confidence interval,34.71738020915083,34.71738020915083,0.0,27.773904167320666,27.773904167320666,0.0,0.0,34.71738020915083,True,assessed,hypothetical_designated_amounts
28_646_Guinea_(1998),standard_fixed_baseline_TL,inner,0.2,4,0,4,[],"['SC', 'SM', 'SE', 'SR']",discard-routing sensitivity envelope; not a confidence interval,,,,,,,,,True,not_assessed,hypothetical_designated_amounts
28_646_Guinea_(1998),standard_fixed_baseline_TL,PP,0.2,4,0,4,[],"['SC', 'SM', 'SE', 'SR']",discard-routing sensitivity envelope; not a confidence interval,,,,,,,,,True,not_assessed,hypothetical_designated_amounts
28_646_Guinea_(1998),SPPR_1995_TE0.1,all,0.2,4,3,1,"['SC', 'SM', 'SE']",['SR'],discard-routing sensitivity envelope; not a confidence interval,34.71738020915083,34.71738020915083,0.0,27.773904167320666,27.773904167320666,0.0,0.0,34.71738020915083,True,assessed,hypothetical_designated_amounts
28_646_Guinea_(1998),SPPR_1995_TE0.1,inner,0.2,4,0,4,[],"['SC', 'SM', 'SE', 'SR']",discard-routing sensitivity envelope; not a confidence interval,,,,,,,,,True,not_assessed,hypothetical_designated_amounts
28_646_Guinea_(1998),SPPR_1995_TE0.1,PP,0.2,4,0,4,[],"['SC', 'SM', 'SE', 'SR']",discard-routing sensitivity envelope; not a confidence interval,,,,,,,,,True,not_assessed,hypothetical_designated_amounts
28_646_Guinea_(1998),SPPR_1995_TEmean,all,0.2,4,3,1,"['SC', 'SM', 'SE']",['SR'],discard-routing sensitivity envelope; not a confidence interval,20.010161919197103,23.171170037412264,3.161008118215161,16.008129535357686,18.536936029929812,2.5288064945721267,15.797014191987092,20.010161919197103,True,assessed,hypothetical_designated_amounts
28_646_Guinea_(1998),SPPR_1995_TEmean,inner,0.2,4,0,4,[],"['SC', 'SM', 'SE', 'SR']",discard-routing sensitivity envelope; not a confidence interval,,,,,,,,,True,not_assessed,hypothetical_designated_amounts
28_646_Guinea_(1998),SPPR_1995_TEmean,PP,0.2,4,0,4,[],"['SC', 'SM', 'SE', 'SR']",discard-routing sensitivity envelope; not a confidence interval,,,,,,,,,True,not_assessed,hypothetical_designated_amounts
28_646_Guinea_(1998),SPPR_1986,all,0.2,4,3,1,"['SC', 'SM', 'SE']",['SR'],discard-routing sensitivity envelope; not a confidence interval,15.793428413720319,15.793428413720319,0.0,12.634742730976251,12.634742730976251,0.0,0.0,15.793428413720319,True,assessed,hypothetical_designated_amounts
28_646_Guinea_(1998),SPPR_1986,inner,0.2,4,0,4,[],"['SC', 'SM', 'SE', 'SR']",discard-routing sensitivity envelope; not a confidence interval,,,,,,,,,True,not_assessed,hypothetical_designated_amounts
28_646_Guinea_(1998),SPPR_1986,PP,0.2,4,0,4,[],"['SC', 'SM', 'SE', 'SR']",discard-routing sensitivity envelope; not a confidence interval,,,,,,,,,True,not_assessed,hypothetical_designated_amounts
28_646_Guinea_(1998),new_GE,all,0.2,4,3,1,"['SC', 'SM', 'SE']",['SR'],discard-routing sensitivity envelope; not a confidence interval,127.11631987635315,132.06365735660842,4.947337480255271,101.69305590108252,105.65092588528675,3.957869984204237,3.891976643964812,127.11631987635315,True,assessed,hypothetical_designated_amounts
28_646_Guinea_(1998),new_GE,inner,0.2,4,3,1,"['SC', 'SM', 'SE']",['SR'],discard-routing sensitivity envelope; not a confidence interval,127.11513086990311,132.06246835015838,4.947337480255271,101.69210469592247,105.64997468012672,3.957869984204251,3.8920130486422178,127.11513086990311,True,assessed,hypothetical_designated_amounts
28_646_Guinea_(1998),new_GE,PP,0.2,4,3,1,"['SC', 'SM', 'SE']",['SR'],discard-routing sensitivity envelope; not a confidence interval,50.87646327925089,50.87646327925089,0.0,40.70117062340072,40.70117062340072,0.0,0.0,50.87646327925089,True,assessed,hypothetical_designated_amounts
28_646_Guinea_(1998),new_TE_EEfix,all,0.2,4,3,1,"['SC', 'SM', 'SE']",['SR'],discard-routing sensitivity envelope; not a confidence interval,378.28044785244373,472.84567042696756,94.56522257452383,302.624358281955,378.27653634157406,75.65217805961908,24.99870746991686,378.28044785244373,True,assessed,hypothetical_designated_amounts
28_646_Guinea_(1998),new_TE_EEfix,inner,0.2,4,3,1,"['SC', 'SM', 'SE']",['SR'],discard-routing sensitivity envelope; not a confidence interval,378.2780272032099,472.8426446154468,94.56461741223688,302.6224217625679,378.27411569235744,75.65169392978953,24.99870746165149,378.2780272032099,True,assessed,hypothetical_designated_amounts
28_646_Guinea_(1998),new_TE_EEfix,PP,0.2,4,3,1,"['SC', 'SM', 'SE']",['SR'],discard-routing sensitivity envelope; not a confidence interval,306.51334843105826,383.141683012736,76.62833458167773,245.21067874484663,306.51334641018883,61.3026676653422,24.999999175863998,306.51334843105826,True,assessed,hypothetical_designated_amounts
28_646_Guinea_(1998),new_WithEgestion,all,0.2,4,3,1,"['SC', 'SM', 'SE']",['SR'],discard-routing sensitivity envelope; not a confidence interval,44.76222514004085,45.42846668458345,0.6662415445426006,35.80978011203268,36.342773347666764,0.5329932356340805,1.4884013081526426,44.76222514004085,True,assessed,hypothetical_designated_amounts
28_646_Guinea_(1998),new_WithEgestion,inner,0.2,4,3,1,"['SC', 'SM', 'SE']",['SR'],discard-routing sensitivity envelope; not a confidence interval,44.76162726217438,45.42786880671697,0.6662415445425935,35.80930180973951,36.34229504537359,0.5329932356340805,1.4884211886228682,44.76162726217438,True,assessed,hypothetical_designated_amounts
28_646_Guinea_(1998),new_WithEgestion,PP,0.2,4,3,1,"['SC', 'SM', 'SE']",['SR'],discard-routing sensitivity envelope; not a confidence interval,11.943662110024459,11.943662110024459,0.0,9.554929688019568,9.554929688019568,0.0,0.0,11.943662110024459,True,assessed,hypothetical_designated_amounts
28_646_Guinea_(1998),Ulanowicz_TE,all,0.2,4,3,1,"['SC', 'SM', 'SE']",['SR'],discard-routing sensitivity envelope; not a confidence interval,184.6290821182383,215.49235786957686,30.863275751338563,147.70326569459064,172.3938862956615,24.69062060107086,16.71636743098437,184.6290821182383,True,assessed,hypothetical_designated_amounts
28_646_Guinea_(1998),Ulanowicz_TE,inner,0.2,4,3,1,"['SC', 'SM', 'SE']",['SR'],discard-routing sensitivity envelope; not a confidence interval,184.62748567446565,215.4904982857139,30.86301261124825,147.70198853957254,172.39239862857116,24.690410088998618,16.71636944981516,184.62748567446565,True,assessed,hypothetical_designated_amounts
28_646_Guinea_(1998),Ulanowicz_TE,PP,0.2,4,3,1,"['SC', 'SM', 'SE']",['SR'],discard-routing sensitivity envelope; not a confidence interval,123.61543586592236,144.2427792734457,20.62734340752334,98.8923486927379,115.39422341875655,16.501874726018656,16.68670523468969,123.61543586592236,True,assessed,hypothetical_designated_amounts
28_646_Guinea_(1998),standard_fixed_baseline_TL,all,0.3,4,3,1,"['SC', 'SM', 'SE']",['SR'],discard-routing sensitivity envelope; not a confidence interval,34.71738020915083,34.71738020915083,0.0,24.30216614640558,24.30216614640558,0.0,0.0,34.71738020915083,True,assessed,hypothetical_designated_amounts
28_646_Guinea_(1998),standard_fixed_baseline_TL,inner,0.3,4,0,4,[],"['SC', 'SM', 'SE', 'SR']",discard-routing sensitivity envelope; not a confidence interval,,,,,,,,,True,not_assessed,hypothetical_designated_amounts
28_646_Guinea_(1998),standard_fixed_baseline_TL,PP,0.3,4,0,4,[],"['SC', 'SM', 'SE', 'SR']",discard-routing sensitivity envelope; not a confidence interval,,,,,,,,,True,not_assessed,hypothetical_designated_amounts
28_646_Guinea_(1998),SPPR_1995_TE0.1,all,0.3,4,3,1,"['SC', 'SM', 'SE']",['SR'],discard-routing sensitivity envelope; not a confidence interval,34.71738020915083,34.71738020915083,0.0,24.30216614640558,24.30216614640558,0.0,0.0,34.71738020915083,True,assessed,hypothetical_designated_amounts
28_646_Guinea_(1998),SPPR_1995_TE0.1,inner,0.3,4,0,4,[],"['SC', 'SM', 'SE', 'SR']",discard-routing sensitivity envelope; not a confidence interval,,,,,,,,,True,not_assessed,hypothetical_designated_amounts
28_646_Guinea_(1998),SPPR_1995_TE0.1,PP,0.3,4,0,4,[],"['SC', 'SM', 'SE', 'SR']",discard-routing sensitivity envelope; not a confidence interval,,,,,,,,,True,not_assessed,hypothetical_designated_amounts
28_646_Guinea_(1998),SPPR_1995_TEmean,all,0.3,4,3,1,"['SC', 'SM', 'SE']",['SR'],discard-routing sensitivity envelope; not a confidence interval,20.010161919197103,25.013455750774305,5.003293831577203,14.007113343437972,17.509419025542012,3.5023056821040406,25.00376484598661,20.010161919197103,True,assessed,hypothetical_designated_amounts
28_646_Guinea_(1998),SPPR_1995_TEmean,inner,0.3,4,0,4,[],"['SC', 'SM', 'SE', 'SR']",discard-routing sensitivity envelope; not a confidence interval,,,,,,,,,True,not_assessed,hypothetical_designated_amounts
28_646_Guinea_(1998),SPPR_1995_TEmean,PP,0.3,4,0,4,[],"['SC', 'SM', 'SE', 'SR']",discard-routing sensitivity envelope; not a confidence interval,,,,,,,,,True,not_assessed,hypothetical_designated_amounts
28_646_Guinea_(1998),SPPR_1986,all,0.3,4,3,1,"['SC', 'SM', 'SE']",['SR'],discard-routing sensitivity envelope; not a confidence interval,15.793428413720319,15.793428413720319,0.0,11.055399889604223,11.055399889604223,0.0,0.0,15.793428413720319,True,assessed,hypothetical_designated_amounts
28_646_Guinea_(1998),SPPR_1986,inner,0.3,4,0,4,[],"['SC', 'SM', 'SE', 'SR']",discard-routing sensitivity envelope; not a confidence interval,,,,,,,,,True,not_assessed,hypothetical_designated_amounts
28_646_Guinea_(1998),SPPR_1986,PP,0.3,4,0,4,[],"['SC', 'SM', 'SE', 'SR']",discard-routing sensitivity envelope; not a confidence interval,,,,,,,,,True,not_assessed,hypothetical_designated_amounts
28_646_Guinea_(1998),new_GE,all,0.3,4,3,1,"['SC', 'SM', 'SE']",['SR'],discard-routing sensitivity envelope; not a confidence interval,127.11631987635315,134.68446854002022,7.568148663667074,88.98142391344719,94.27912797801416,5.297704064566972,5.9537191377383,127.11631987635315,True,assessed,hypothetical_designated_amounts
28_646_Guinea_(1998),new_GE,inner,0.3,4,3,1,"['SC', 'SM', 'SE']",['SR'],discard-routing sensitivity envelope; not a confidence interval,127.11513086990311,134.68327953357016,7.568148663667046,88.98059160893216,94.27829567349912,5.2977040645669575,5.953774827492975,127.11513086990311,True,assessed,hypothetical_designated_amounts
28_646_Guinea_(1998),new_GE,PP,0.3,4,3,1,"['SC', 'SM', 'SE']",['SR'],discard-routing sensitivity envelope; not a confidence interval,50.87646327925089,50.87646327925089,0.0,35.61352429547563,35.61352429547563,0.0,0.0,50.87646327925089,True,assessed,hypothetical_designated_amounts
28_646_Guinea_(1998),new_TE_EEfix,all,0.3,4,3,1,"['SC', 'SM', 'SE']",['SR'],discard-routing sensitivity envelope; not a confidence interval,378.28044785244373,540.3922573556575,162.1118095032138,264.7963134967106,378.27458014896024,113.47826665224966,42.854926926185975,378.28044785244373,True,assessed,hypothetical_designated_amounts
28_646_Guinea_(1998),new_TE_EEfix,inner,0.3,4,3,1,"['SC', 'SM', 'SE']",['SR'],discard-routing sensitivity envelope; not a confidence interval,378.2780272032099,540.3887992853657,162.11077208215585,264.79461904224695,378.272159499756,113.47754045750906,42.854926912017135,378.2780272032099,True,assessed,hypothetical_designated_amounts
28_646_Guinea_(1998),new_TE_EEfix,PP,0.3,4,3,1,"['SC', 'SM', 'SE']",['SR'],discard-routing sensitivity envelope; not a confidence interval,306.51334843105826,437.8762070218835,131.36285859082523,214.55934390174076,306.5133449153184,91.95400101357762,42.857141218556634,306.51334843105826,True,assessed,hypothetical_designated_amounts
28_646_Guinea_(1998),new_WithEgestion,all,0.3,4,3,1,"['SC', 'SM', 'SE']",['SR'],discard-routing sensitivity envelope; not a confidence interval,44.76222514004085,45.76906725891183,1.0068421188709848,31.333557598028595,32.038347081238285,0.7047894832096908,2.2493120387135024,44.76222514004085,True,assessed,hypothetical_designated_amounts
28_646_Guinea_(1998),new_WithEgestion,inner,0.3,4,3,1,"['SC', 'SM', 'SE']",['SR'],discard-routing sensitivity envelope; not a confidence interval,44.76162726217438,45.76846938104537,1.006842118870992,31.33313908352206,32.03792856673175,0.7047894832096908,2.249342082614181,44.76162726217438,True,assessed,hypothetical_designated_amounts
28_646_Guinea_(1998),new_WithEgestion,PP,0.3,4,3,1,"['SC', 'SM', 'SE']",['SR'],discard-routing sensitivity envelope; not a confidence interval,11.943662110024459,11.943662110024459,0.0,8.36056347701712,8.36056347701712,0.0,0.0,11.943662110024459,True,assessed,hypothetical_designated_amounts
28_646_Guinea_(1998),Ulanowicz_TE,all,0.3,4,3,1,"['SC', 'SM', 'SE']",['SR'],discard-routing sensitivity envelope; not a confidence interval,184.6290821182383,235.12095112129433,50.491869003056024,129.24035748276683,164.584665784906,35.34430830213918,27.347733316856626,184.6290821182383,True,assessed,hypothetical_designated_amounts
28_646_Guinea_(1998),Ulanowicz_TE,inner,0.3,4,3,1,"['SC', 'SM', 'SE']",['SR'],discard-routing sensitivity envelope; not a confidence interval,184.62748567446565,235.11892477343386,50.491439098968215,129.23923997212594,164.58324734140373,35.34400736927779,27.34773693879713,184.62748567446565,True,assessed,hypothetical_designated_amounts
28_646_Guinea_(1998),Ulanowicz_TE,PP,0.3,4,3,1,"['SC', 'SM', 'SE']",['SR'],discard-routing sensitivity envelope; not a confidence interval,123.61543586592236,157.35839995127924,33.742964085356874,86.53080510614564,110.15087996589548,23.62007485974985,27.29672378614243,123.61543586592236,True,assessed,hypothetical_designated_amounts
28_646_Guinea_(1998),standard_fixed_baseline_TL,all,0.4,4,3,1,"['SC', 'SM', 'SE']",['SR'],discard-routing sensitivity envelope; not a confidence interval,34.71738020915083,34.71738020915083,0.0,20.830428125490492,20.830428125490492,0.0,0.0,34.71738020915083,True,assessed,hypothetical_designated_amounts
28_646_Guinea_(1998),standard_fixed_baseline_TL,inner,0.4,4,0,4,[],"['SC', 'SM', 'SE', 'SR']",discard-routing sensitivity envelope; not a confidence interval,,,,,,,,,True,not_assessed,hypothetical_designated_amounts
28_646_Guinea_(1998),standard_fixed_baseline_TL,PP,0.4,4,0,4,[],"['SC', 'SM', 'SE', 'SR']",discard-routing sensitivity envelope; not a confidence interval,,,,,,,,,True,not_assessed,hypothetical_designated_amounts
28_646_Guinea_(1998),SPPR_1995_TE0.1,all,0.4,4,3,1,"['SC', 'SM', 'SE']",['SR'],discard-routing sensitivity envelope; not a confidence interval,34.71738020915083,34.71738020915083,0.0,20.830428125490492,20.830428125490492,0.0,0.0,34.71738020915083,True,assessed,hypothetical_designated_amounts
28_646_Guinea_(1998),SPPR_1995_TE0.1,inner,0.4,4,0,4,[],"['SC', 'SM', 'SE', 'SR']",discard-routing sensitivity envelope; not a confidence interval,,,,,,,,,True,not_assessed,hypothetical_designated_amounts
28_646_Guinea_(1998),SPPR_1995_TE0.1,PP,0.4,4,0,4,[],"['SC', 'SM', 'SE', 'SR']",discard-routing sensitivity envelope; not a confidence interval,,,,,,,,,True,not_assessed,hypothetical_designated_amounts
28_646_Guinea_(1998),SPPR_1995_TEmean,all,0.4,4,3,1,"['SC', 'SM', 'SE']",['SR'],discard-routing sensitivity envelope; not a confidence interval,20.010161919197103,27.06369700772466,7.053535088527557,12.006097151518263,16.238218204634798,4.2321210531165345,35.24976517936431,20.010161919197103,True,assessed,hypothetical_designated_amounts
28_646_Guinea_(1998),SPPR_1995_TEmean,inner,0.4,4,0,4,[],"['SC', 'SM', 'SE', 'SR']",discard-routing sensitivity envelope; not a confidence interval,,,,,,,,,True,not_assessed,hypothetical_designated_amounts
28_646_Guinea_(1998),SPPR_1995_TEmean,PP,0.4,4,0,4,[],"['SC', 'SM', 'SE', 'SR']",discard-routing sensitivity envelope; not a confidence interval,,,,,,,,,True,not_assessed,hypothetical_designated_amounts
28_646_Guinea_(1998),SPPR_1986,all,0.4,4,3,1,"['SC', 'SM', 'SE']",['SR'],discard-routing sensitivity envelope; not a confidence interval,15.793428413720319,15.793428413720319,0.0,9.47605704823219,9.47605704823219,0.0,0.0,15.793428413720319,True,assessed,hypothetical_designated_amounts
28_646_Guinea_(1998),SPPR_1986,inner,0.4,4,0,4,[],"['SC', 'SM', 'SE', 'SR']",discard-routing sensitivity envelope; not a confidence interval,,,,,,,,,True,not_assessed,hypothetical_designated_amounts
28_646_Guinea_(1998),SPPR_1986,PP,0.4,4,0,4,[],"['SC', 'SM', 'SE', 'SR']",discard-routing sensitivity envelope; not a confidence interval,,,,,,,,,True,not_assessed,hypothetical_designated_amounts
28_646_Guinea_(1998),new_GE,all,0.4,4,3,1,"['SC', 'SM', 'SE']",['SR'],discard-routing sensitivity envelope; not a confidence interval,127.11631987635315,137.41131210807146,10.294992231718311,76.26979192581189,82.44678726484288,6.176995339030995,8.098875299200214,127.11631987635315,True,assessed,hypothetical_designated_amounts
28_646_Guinea_(1998),new_GE,inner,0.4,4,3,1,"['SC', 'SM', 'SE']",['SR'],discard-routing sensitivity envelope; not a confidence interval,127.11513086990311,137.41012310162142,10.294992231718311,76.26907852194184,82.44607386097285,6.176995339031009,8.098951054264969,127.11513086990311,True,assessed,hypothetical_designated_amounts
28_646_Guinea_(1998),new_GE,PP,0.4,4,3,1,"['SC', 'SM', 'SE']",['SR'],discard-routing sensitivity envelope; not a confidence interval,50.87646327925089,50.87646327925089,0.0,30.52587796755053,30.52587796755053,0.0,0.0,50.87646327925089,True,assessed,hypothetical_designated_amounts
28_646_Guinea_(1998),new_TE_EEfix,all,0.4,4,3,1,"['SC', 'SM', 'SE']",['SR'],discard-routing sensitivity envelope; not a confidence interval,378.28044785244373,630.4543723312535,252.17392447880974,226.96826871146624,378.27262339875205,151.3043546872858,66.66321928887413,378.28044785244373,True,assessed,hypothetical_designated_amounts
28_646_Guinea_(1998),new_TE_EEfix,inner,0.4,4,3,1,"['SC', 'SM', 'SE']",['SR'],discard-routing sensitivity envelope; not a confidence interval,378.2780272032099,630.450337915941,252.17231071273108,226.9668163219259,378.27020274956453,151.30338642763863,66.66321926683435,378.2780272032099,True,assessed,hypothetical_designated_amounts
28_646_Guinea_(1998),new_TE_EEfix,PP,0.4,4,3,1,"['SC', 'SM', 'SE']",['SR'],discard-routing sensitivity envelope; not a confidence interval,306.51334843105826,510.85557146942443,204.34222303836617,183.90800905863495,306.5133428816546,122.60533382301963,66.66666364917786,306.51334843105826,True,assessed,hypothetical_designated_amounts
28_646_Guinea_(1998),new_WithEgestion,all,0.4,4,3,1,"['SC', 'SM', 'SE']",['SR'],discard-routing sensitivity envelope; not a confidence interval,44.76222514004085,46.114804782099796,1.3525796420589487,26.85733508402451,27.66888286925988,0.8115477852353692,3.0216988494815356,44.76222514004085,True,assessed,hypothetical_designated_amounts
28_646_Guinea_(1998),new_WithEgestion,inner,0.4,4,3,1,"['SC', 'SM', 'SE']",['SR'],discard-routing sensitivity envelope; not a confidence interval,44.76162726217438,46.11420690423332,1.3525796420589415,26.856976357304625,27.668524142539994,0.8115477852353692,3.0217392100977847,44.76162726217438,True,assessed,hypothetical_designated_amounts
28_646_Guinea_(1998),new_WithEgestion,PP,0.4,4,3,1,"['SC', 'SM', 'SE']",['SR'],discard-routing sensitivity envelope; not a confidence interval,11.943662110024459,11.943662110024459,0.0,7.166197266014677,7.166197266014677,0.0,0.0,11.943662110024459,True,assessed,hypothetical_designated_amounts
28_646_Guinea_(1998),Ulanowicz_TE,all,0.4,4,3,1,"['SC', 'SM', 'SE']",['SR'],discard-routing sensitivity envelope; not a confidence interval,184.6290821182383,258.64659543019104,74.01751331195274,110.77744927094298,155.18795725811458,44.4105079871716,40.08984525230495,184.6290821182383,True,assessed,hypothetical_designated_amounts
28_646_Guinea_(1998),Ulanowicz_TE,inner,0.4,4,3,1,"['SC', 'SM', 'SE']",['SR'],discard-routing sensitivity envelope; not a confidence interval,184.62748567446565,258.64436975825106,74.01688408378541,110.77649140467939,155.18662185495066,44.41013045027127,40.08985109307703,184.62748567446565,True,assessed,hypothetical_designated_amounts
28_646_Guinea_(1998),Ulanowicz_TE,PP,0.4,4,3,1,"['SC', 'SM', 'SE']",['SR'],discard-routing sensitivity envelope; not a confidence interval,123.61543586592236,173.07504856981208,49.45961270388972,74.1692615195534,103.84502914188724,29.675767622333836,40.01087109989674,123.61543586592236,True,assessed,hypothetical_designated_amounts
28_646_Guinea_(1998),standard_fixed_baseline_TL,all,0.5,4,3,1,"['SC', 'SM', 'SE']",['SR'],discard-routing sensitivity envelope; not a confidence interval,34.71738020915083,34.71738020915083,0.0,17.358690104575416,17.358690104575416,0.0,0.0,34.71738020915083,True,assessed,hypothetical_designated_amounts
28_646_Guinea_(1998),standard_fixed_baseline_TL,inner,0.5,4,0,4,[],"['SC', 'SM', 'SE', 'SR']",discard-routing sensitivity envelope; not a confidence interval,,,,,,,,,True,not_assessed,hypothetical_designated_amounts
28_646_Guinea_(1998),standard_fixed_baseline_TL,PP,0.5,4,0,4,[],"['SC', 'SM', 'SE', 'SR']",discard-routing sensitivity envelope; not a confidence interval,,,,,,,,,True,not_assessed,hypothetical_designated_amounts
28_646_Guinea_(1998),SPPR_1995_TE0.1,all,0.5,4,3,1,"['SC', 'SM', 'SE']",['SR'],discard-routing sensitivity envelope; not a confidence interval,34.71738020915083,34.71738020915083,0.0,17.358690104575416,17.358690104575416,0.0,0.0,34.71738020915083,True,assessed,hypothetical_designated_amounts
28_646_Guinea_(1998),SPPR_1995_TE0.1,inner,0.5,4,0,4,[],"['SC', 'SM', 'SE', 'SR']",discard-routing sensitivity envelope; not a confidence interval,,,,,,,,,True,not_assessed,hypothetical_designated_amounts
28_646_Guinea_(1998),SPPR_1995_TE0.1,PP,0.5,4,0,4,[],"['SC', 'SM', 'SE', 'SR']",discard-routing sensitivity envelope; not a confidence interval,,,,,,,,,True,not_assessed,hypothetical_designated_amounts
28_646_Guinea_(1998),SPPR_1995_TEmean,all,0.5,4,3,1,"['SC', 'SM', 'SE']",['SR'],discard-routing sensitivity envelope; not a confidence interval,20.010161919197103,29.352574673580605,9.342412754383503,10.005080959598551,14.676287336790303,4.671206377191751,46.688341614171016,20.010161919197103,True,assessed,hypothetical_designated_amounts
28_646_Guinea_(1998),SPPR_1995_TEmean,inner,0.5,4,0,4,[],"['SC', 'SM', 'SE', 'SR']",discard-routing sensitivity envelope; not a confidence interval,,,,,,,,,True,not_assessed,hypothetical_designated_amounts
28_646_Guinea_(1998),SPPR_1995_TEmean,PP,0.5,4,0,4,[],"['SC', 'SM', 'SE', 'SR']",discard-routing sensitivity envelope; not a confidence interval,,,,,,,,,True,not_assessed,hypothetical_designated_amounts
28_646_Guinea_(1998),SPPR_1986,all,0.5,4,3,1,"['SC', 'SM', 'SE']",['SR'],discard-routing sensitivity envelope; not a confidence interval,15.793428413720319,15.793428413720319,0.0,7.8967142068601595,7.8967142068601595,0.0,0.0,15.793428413720319,True,assessed,hypothetical_designated_amounts
28_646_Guinea_(1998),SPPR_1986,inner,0.5,4,0,4,[],"['SC', 'SM', 'SE', 'SR']",discard-routing sensitivity envelope; not a confidence interval,,,,,,,,,True,not_assessed,hypothetical_designated_amounts
28_646_Guinea_(1998),SPPR_1986,PP,0.5,4,0,4,[],"['SC', 'SM', 'SE', 'SR']",discard-routing sensitivity envelope; not a confidence interval,,,,,,,,,True,not_assessed,hypothetical_designated_amounts
28_646_Guinea_(1998),new_GE,all,0.5,4,3,1,"['SC', 'SM', 'SE']",['SR'],discard-routing sensitivity envelope; not a confidence interval,127.11631987635315,140.2507556800412,13.134435803688064,63.55815993817657,70.1253778400206,6.567217901844032,10.332611749981435,127.11631987635315,True,assessed,hypothetical_designated_amounts
28_646_Guinea_(1998),new_GE,inner,0.5,4,3,1,"['SC', 'SM', 'SE']",['SR'],discard-routing sensitivity envelope; not a confidence interval,127.11513086990311,140.24956667359112,13.134435803688007,63.557565434951556,70.12478333679556,6.567217901844003,10.332708398916356,127.11513086990311,True,assessed,hypothetical_designated_amounts
28_646_Guinea_(1998),new_GE,PP,0.5,4,3,1,"['SC', 'SM', 'SE']",['SR'],discard-routing sensitivity envelope; not a confidence interval,50.87646327925089,50.87646327925089,0.0,25.438231639625446,25.438231639625446,0.0,0.0,50.87646327925089,True,assessed,hypothetical_designated_amounts
28_646_Guinea_(1998),new_TE_EEfix,all,0.5,4,3,1,"['SC', 'SM', 'SE']",['SR'],discard-routing sensitivity envelope; not a confidence interval,378.28044785244373,756.5413313858207,378.260883533377,189.14022392622186,378.27066569291037,189.1304417666885,99.99482809138622,378.28044785244373,True,assessed,hypothetical_designated_amounts
28_646_Guinea_(1998),new_TE_EEfix,inner,0.5,4,3,1,"['SC', 'SM', 'SE']",['SR'],discard-routing sensitivity envelope; not a confidence interval,378.2780272032099,756.5364900874927,378.2584628842828,189.13901360160494,378.26824504374633,189.1292314421414,99.99482805832743,378.2780272032099,True,assessed,hypothetical_designated_amounts
28_646_Guinea_(1998),new_TE_EEfix,PP,0.5,4,3,1,"['SC', 'SM', 'SE']",['SR'],discard-routing sensitivity envelope; not a confidence interval,306.51334843105826,613.0266799729231,306.5133315418649,153.25667421552913,306.5133399864616,153.25666577093244,99.99999448989956,306.51334843105826,True,assessed,hypothetical_designated_amounts
28_646_Guinea_(1998),new_WithEgestion,all,0.5,4,3,1,"['SC', 'SM', 'SE']",['SR'],discard-routing sensitivity envelope; not a confidence interval,44.76222514004085,46.465796350616564,1.703571210575717,22.381112570020424,23.232898175308282,0.8517856052878585,3.805823337079439,44.76222514004085,True,assessed,hypothetical_designated_amounts
28_646_Guinea_(1998),new_WithEgestion,inner,0.5,4,3,1,"['SC', 'SM', 'SE']",['SR'],discard-routing sensitivity envelope; not a confidence interval,44.76162726217438,46.46519847275009,1.70357121057571,22.38081363108719,23.232599236375044,0.851785605287855,3.805874171190604,44.76162726217438,True,assessed,hypothetical_designated_amounts
28_646_Guinea_(1998),new_WithEgestion,PP,0.5,4,3,1,"['SC', 'SM', 'SE']",['SR'],discard-routing sensitivity envelope; not a confidence interval,11.943662110024459,11.943662110024459,0.0,5.971831055012229,5.971831055012229,0.0,0.0,11.943662110024459,True,assessed,hypothetical_designated_amounts
28_646_Guinea_(1998),Ulanowicz_TE,all,0.5,4,3,1,"['SC', 'SM', 'SE']",['SR'],discard-routing sensitivity envelope; not a confidence interval,184.6290821182383,287.33610755306927,102.70702543483097,92.31454105911915,143.66805377653463,51.353512717415484,55.62884473912748,184.6290821182383,True,assessed,hypothetical_designated_amounts
28_646_Guinea_(1998),Ulanowicz_TE,inner,0.5,4,3,1,"['SC', 'SM', 'SE']",['SR'],discard-routing sensitivity envelope; not a confidence interval,184.62748567446565,287.33363954815894,102.7061538736933,92.31374283723282,143.66681977407947,51.35307693684665,55.628853688006295,184.62748567446565,True,assessed,hypothetical_designated_amounts
28_646_Guinea_(1998),Ulanowicz_TE,PP,0.5,4,3,1,"['SC', 'SM', 'SE']",['SR'],discard-routing sensitivity envelope; not a confidence interval,123.61543586592236,192.23739536591583,68.62195949999347,61.80771793296118,96.11869768295792,34.31097974999673,55.51245200026899,123.61543586592236,True,assessed,hypothetical_designated_amounts
28_646_Guinea_(1998),standard_fixed_baseline_TL,all,0.75,4,3,1,"['SC', 'SM', 'SE']",['SR'],discard-routing sensitivity envelope; not a confidence interval,34.71738020915083,34.71738020915083,0.0,8.679345052287708,8.679345052287708,0.0,0.0,34.71738020915083,True,assessed,hypothetical_designated_amounts
28_646_Guinea_(1998),standard_fixed_baseline_TL,inner,0.75,4,0,4,[],"['SC', 'SM', 'SE', 'SR']",discard-routing sensitivity envelope; not a confidence interval,,,,,,,,,True,not_assessed,hypothetical_designated_amounts
28_646_Guinea_(1998),standard_fixed_baseline_TL,PP,0.75,4,0,4,[],"['SC', 'SM', 'SE', 'SR']",discard-routing sensitivity envelope; not a confidence interval,,,,,,,,,True,not_assessed,hypothetical_designated_amounts
28_646_Guinea_(1998),SPPR_1995_TE0.1,all,0.75,4,3,1,"['SC', 'SM', 'SE']",['SR'],discard-routing sensitivity envelope; not a confidence interval,34.71738020915083,34.71738020915083,0.0,8.679345052287708,8.679345052287708,0.0,0.0,34.71738020915083,True,assessed,hypothetical_designated_amounts
28_646_Guinea_(1998),SPPR_1995_TE0.1,inner,0.75,4,0,4,[],"['SC', 'SM', 'SE', 'SR']",discard-routing sensitivity envelope; not a confidence interval,,,,,,,,,True,not_assessed,hypothetical_designated_amounts
28_646_Guinea_(1998),SPPR_1995_TE0.1,PP,0.75,4,0,4,[],"['SC', 'SM', 'SE', 'SR']",discard-routing sensitivity envelope; not a confidence interval,,,,,,,,,True,not_assessed,hypothetical_designated_amounts
28_646_Guinea_(1998),SPPR_1995_TEmean,all,0.75,4,3,1,"['SC', 'SM', 'SE']",['SR'],discard-routing sensitivity envelope; not a confidence interval,20.010161919197103,36.3745750010259,16.3644130818288,5.002540479799276,9.093643750256476,4.0911032704572,81.78051306086289,20.010161919197103,True,assessed,hypothetical_designated_amounts
28_646_Guinea_(1998),SPPR_1995_TEmean,inner,0.75,4,0,4,[],"['SC', 'SM', 'SE', 'SR']",discard-routing sensitivity envelope; not a confidence interval,,,,,,,,,True,not_assessed,hypothetical_designated_amounts
28_646_Guinea_(1998),SPPR_1995_TEmean,PP,0.75,4,0,4,[],"['SC', 'SM', 'SE', 'SR']",discard-routing sensitivity envelope; not a confidence interval,,,,,,,,,True,not_assessed,hypothetical_designated_amounts
28_646_Guinea_(1998),SPPR_1986,all,0.75,4,3,1,"['SC', 'SM', 'SE']",['SR'],discard-routing sensitivity envelope; not a confidence interval,15.793428413720319,15.793428413720319,0.0,3.9483571034300797,3.9483571034300797,0.0,0.0,15.793428413720319,True,assessed,hypothetical_designated_amounts
28_646_Guinea_(1998),SPPR_1986,inner,0.75,4,0,4,[],"['SC', 'SM', 'SE', 'SR']",discard-routing sensitivity envelope; not a confidence interval,,,,,,,,,True,not_assessed,hypothetical_designated_amounts
28_646_Guinea_(1998),SPPR_1986,PP,0.75,4,0,4,[],"['SC', 'SM', 'SE', 'SR']",discard-routing sensitivity envelope; not a confidence interval,,,,,,,,,True,not_assessed,hypothetical_designated_amounts
28_646_Guinea_(1998),new_GE,all,0.75,4,3,1,"['SC', 'SM', 'SE']",['SR'],discard-routing sensitivity envelope; not a confidence interval,127.11631987635315,147.89025027560805,20.77393039925491,31.779079969088286,36.97256256890201,5.193482599813727,16.342457380344122,127.11631987635315,True,assessed,hypothetical_designated_amounts
28_646_Guinea_(1998),new_GE,inner,0.75,4,3,1,"['SC', 'SM', 'SE']",['SR'],discard-routing sensitivity envelope; not a confidence interval,127.11513086990311,147.889061269158,20.77393039925488,31.778782717475778,36.9722653172895,5.19348259981372,16.34261024402839,127.11513086990311,True,assessed,hypothetical_designated_amounts
28_646_Guinea_(1998),new_GE,PP,0.75,4,3,1,"['SC', 'SM', 'SE']",['SR'],discard-routing sensitivity envelope; not a confidence interval,50.87646327925089,50.87646327925089,0.0,12.719115819812723,12.719115819812723,0.0,0.0,50.87646327925089,True,assessed,hypothetical_designated_amounts
28_646_Guinea_(1998),new_TE_EEfix,all,0.75,4,3,1,"['SC', 'SM', 'SE']",['SR'],discard-routing sensitivity envelope; not a confidence interval,378.28044785244373,1513.0630357290056,1134.7825878765618,94.57011196311093,378.2657589322514,283.69564696914045,299.9844676929239,378.28044785244373,True,assessed,hypothetical_designated_amounts
28_646_Guinea_(1998),new_TE_EEfix,inner,0.75,4,3,1,"['SC', 'SM', 'SE']",['SR'],discard-routing sensitivity envelope; not a confidence interval,378.2780272032099,1513.0533531329186,1134.7753259297087,94.56950680080247,378.26333828322964,283.6938314824272,299.98446759375497,378.2780272032099,True,assessed,hypothetical_designated_amounts
28_646_Guinea_(1998),new_TE_EEfix,PP,0.75,4,3,1,"['SC', 'SM', 'SE']",['SR'],discard-routing sensitivity envelope; not a confidence interval,306.51334843105826,1226.0532889566082,919.5399405255499,76.62833710776457,306.51332223915205,229.88498513138748,299.99996581955554,306.51334843105826,True,assessed,hypothetical_designated_amounts
28_646_Guinea_(1998),new_WithEgestion,all,0.75,4,3,1,"['SC', 'SM', 'SE']",['SR'],discard-routing sensitivity envelope; not a confidence interval,44.76222514004085,47.367062901546745,2.604837761505898,11.190556285010212,11.841765725386686,0.6512094403764745,5.819276752566549,44.76222514004085,True,assessed,hypothetical_designated_amounts
28_646_Guinea_(1998),new_WithEgestion,inner,0.75,4,3,1,"['SC', 'SM', 'SE']",['SR'],discard-routing sensitivity envelope; not a confidence interval,44.76162726217438,47.36646502368027,2.604837761505891,11.190406815543595,11.841616255920068,0.6512094403764728,5.819354480231542,44.76162726217438,True,assessed,hypothetical_designated_amounts
28_646_Guinea_(1998),new_WithEgestion,PP,0.75,4,3,1,"['SC', 'SM', 'SE']",['SR'],discard-routing sensitivity envelope; not a confidence interval,11.943662110024459,11.943662110024459,0.0,2.9859155275061147,2.9859155275061147,0.0,0.0,11.943662110024459,True,assessed,hypothetical_designated_amounts
28_646_Guinea_(1998),Ulanowicz_TE,all,0.75,4,3,1,"['SC', 'SM', 'SE']",['SR'],discard-routing sensitivity envelope; not a confidence interval,184.6290821182383,396.61150738083626,211.98242526259796,46.157270529559575,99.15287684520906,52.99560631564949,114.81529498524088,184.6290821182383,True,assessed,hypothetical_designated_amounts
28_646_Guinea_(1998),Ulanowicz_TE,inner,0.75,4,3,1,"['SC', 'SM', 'SE']",['SR'],discard-routing sensitivity envelope; not a confidence interval,184.62748567446565,396.60812262116855,211.9806369467029,46.15687141861641,99.15203065529214,52.995159236675725,114.8153191667606,184.62748567446565,True,assessed,hypothetical_designated_amounts
28_646_Guinea_(1998),Ulanowicz_TE,PP,0.75,4,3,1,"['SC', 'SM', 'SE']",['SR'],discard-routing sensitivity envelope; not a confidence interval,123.61543586592236,265.1878057705296,141.57236990460726,30.90385896648059,66.2969514426324,35.393092476151814,114.52644964028731,123.61543586592236,True,assessed,hypothetical_designated_amounts
28_646_Guinea_(1998),standard_fixed_baseline_TL,all,1.0,4,3,1,"['SC', 'SM', 'SE']",['SR'],discard-routing sensitivity envelope; not a confidence interval,34.71738020915083,34.71738020915083,0.0,0.0,0.0,0.0,0.0,34.71738020915083,True,assessed,hypothetical_designated_amounts
28_646_Guinea_(1998),standard_fixed_baseline_TL,inner,1.0,4,0,4,[],"['SC', 'SM', 'SE', 'SR']",discard-routing sensitivity envelope; not a confidence interval,,,,,,,,,True,not_assessed,hypothetical_designated_amounts
28_646_Guinea_(1998),standard_fixed_baseline_TL,PP,1.0,4,0,4,[],"['SC', 'SM', 'SE', 'SR']",discard-routing sensitivity envelope; not a confidence interval,,,,,,,,,True,not_assessed,hypothetical_designated_amounts
28_646_Guinea_(1998),SPPR_1995_TE0.1,all,1.0,4,3,1,"['SC', 'SM', 'SE']",['SR'],discard-routing sensitivity envelope; not a confidence interval,34.71738020915083,34.71738020915083,0.0,0.0,0.0,0.0,0.0,34.71738020915083,True,assessed,hypothetical_designated_amounts
28_646_Guinea_(1998),SPPR_1995_TE0.1,inner,1.0,4,0,4,[],"['SC', 'SM', 'SE', 'SR']",discard-routing sensitivity envelope; not a confidence interval,,,,,,,,,True,not_assessed,hypothetical_designated_amounts
28_646_Guinea_(1998),SPPR_1995_TE0.1,PP,1.0,4,0,4,[],"['SC', 'SM', 'SE', 'SR']",discard-routing sensitivity envelope; not a confidence interval,,,,,,,,,True,not_assessed,hypothetical_designated_amounts
28_646_Guinea_(1998),SPPR_1995_TEmean,all,1.0,4,3,1,"['SC', 'SM', 'SE']",['SR'],discard-routing sensitivity envelope; not a confidence interval,0.17446212717431983,20.010161919197103,19.835699792022783,0.0,0.0,0.0,11369.630826639675,20.010161919197103,True,assessed,hypothetical_designated_amounts
28_646_Guinea_(1998),SPPR_1995_TEmean,inner,1.0,4,0,4,[],"['SC', 'SM', 'SE', 'SR']",discard-routing sensitivity envelope; not a confidence interval,,,,,,,,,True,not_assessed,hypothetical_designated_amounts
28_646_Guinea_(1998),SPPR_1995_TEmean,PP,1.0,4,0,4,[],"['SC', 'SM', 'SE', 'SR']",discard-routing sensitivity envelope; not a confidence interval,,,,,,,,,True,not_assessed,hypothetical_designated_amounts
28_646_Guinea_(1998),SPPR_1986,all,1.0,4,1,3,['SC'],"['SM', 'SE', 'SR']",discard-routing sensitivity envelope; not a confidence interval,15.793428413720319,15.793428413720319,0.0,0.0,0.0,0.0,0.0,15.793428413720319,True,not_assessed,hypothetical_designated_amounts
28_646_Guinea_(1998),SPPR_1986,inner,1.0,4,0,4,[],"['SC', 'SM', 'SE', 'SR']",discard-routing sensitivity envelope; not a confidence interval,,,,,,,,,True,not_assessed,hypothetical_designated_amounts
28_646_Guinea_(1998),SPPR_1986,PP,1.0,4,0,4,[],"['SC', 'SM', 'SE', 'SR']",discard-routing sensitivity envelope; not a confidence interval,,,,,,,,,True,not_assessed,hypothetical_designated_amounts
28_646_Guinea_(1998),new_GE,all,1.0,4,3,1,"['SC', 'SM', 'SE']",['SR'],discard-routing sensitivity envelope; not a confidence interval,127.11631987635315,156.40917868170467,29.29285880535153,0.0,0.0,0.0,23.04413692423197,127.11631987635315,True,assessed,hypothetical_designated_amounts
28_646_Guinea_(1998),new_GE,inner,1.0,4,3,1,"['SC', 'SM', 'SE']",['SR'],discard-routing sensitivity envelope; not a confidence interval,127.11513086990311,156.4079896752546,29.2928588053515,0.0,0.0,0.0,23.044352473924977,127.11513086990311,True,assessed,hypothetical_designated_amounts
28_646_Guinea_(1998),new_GE,PP,1.0,4,3,1,"['SC', 'SM', 'SE']",['SR'],discard-routing sensitivity envelope; not a confidence interval,50.87646327925089,50.87646327925089,0.0,0.0,0.0,0.0,0.0,50.87646327925089,True,assessed,hypothetical_designated_amounts
28_646_Guinea_(1998),new_TE_EEfix,all,1.0,4,2,2,"['SC', 'SE']","['SM', 'SR']",discard-routing sensitivity envelope; not a confidence interval,378.28044785244373,378.28044785244373,0.0,0.0,0.0,0.0,0.0,378.28044785244373,True,assessed,hypothetical_designated_amounts
28_646_Guinea_(1998),new_TE_EEfix,inner,1.0,4,2,2,"['SC', 'SE']","['SM', 'SR']",discard-routing sensitivity envelope; not a confidence interval,378.2780272032099,378.2780272032099,0.0,0.0,0.0,0.0,0.0,378.2780272032099,True,assessed,hypothetical_designated_amounts
28_646_Guinea_(1998),new_TE_EEfix,PP,1.0,4,2,2,"['SC', 'SE']","['SM', 'SR']",discard-routing sensitivity envelope; not a confidence interval,306.51334843105826,306.51334843105826,0.0,0.0,0.0,0.0,0.0,306.51334843105826,True,assessed,hypothetical_designated_amounts
28_646_Guinea_(1998),new_WithEgestion,all,1.0,4,3,1,"['SC', 'SM', 'SE']",['SR'],discard-routing sensitivity envelope; not a confidence interval,44.76222514004085,48.30392221407041,3.541697074029564,0.0,0.0,0.0,7.912245342918478,44.76222514004085,True,assessed,hypothetical_designated_amounts
28_646_Guinea_(1998),new_WithEgestion,inner,1.0,4,3,1,"['SC', 'SM', 'SE']",['SR'],discard-routing sensitivity envelope; not a confidence interval,44.76162726217438,48.30332433620393,3.5416970740295497,0.0,0.0,0.0,7.912351026215814,44.76162726217438,True,assessed,hypothetical_designated_amounts
28_646_Guinea_(1998),new_WithEgestion,PP,1.0,4,3,1,"['SC', 'SM', 'SE']",['SR'],discard-routing sensitivity envelope; not a confidence interval,11.943662110024459,11.943662110024459,0.0,0.0,0.0,0.0,0.0,11.943662110024459,True,assessed,hypothetical_designated_amounts
28_646_Guinea_(1998),Ulanowicz_TE,all,1.0,4,3,1,"['SC', 'SM', 'SE']",['SR'],discard-routing sensitivity envelope; not a confidence interval,184.6290821182383,632.6017472806109,447.97266516237255,0.0,0.0,0.0,242.63385812397985,184.6290821182383,True,assessed,hypothetical_designated_amounts
28_646_Guinea_(1998),Ulanowicz_TE,inner,1.0,4,3,1,"['SC', 'SM', 'SE']",['SR'],discard-routing sensitivity envelope; not a confidence interval,184.62748567446565,632.5964069430811,447.9689212686154,0.0,0.0,0.0,242.6339283298654,184.62748567446565,True,assessed,hypothetical_designated_amounts
28_646_Guinea_(1998),Ulanowicz_TE,PP,1.0,4,3,1,"['SC', 'SM', 'SE']",['SR'],discard-routing sensitivity envelope; not a confidence interval,123.61543586592236,422.56753478504436,298.952098919122,0.0,0.0,0.0,241.84042779526007,123.61543586592236,True,assessed,hypothetical_designated_amounts
34_1_Bay_of_Bengal_(1978),standard_fixed_baseline_TL,all,0.0,4,3,1,"['SC', 'SM', 'SE']",['SR'],discard-routing sensitivity envelope; not a confidence interval,73.72967190616106,73.72967190616106,0.0,73.72967190616106,73.72967190616106,0.0,0.0,73.72967190616106,True,assessed,hypothetical_designated_amounts
34_1_Bay_of_Bengal_(1978),standard_fixed_baseline_TL,inner,0.0,4,0,4,[],"['SC', 'SM', 'SE', 'SR']",discard-routing sensitivity envelope; not a confidence interval,,,,,,,,,True,not_assessed,hypothetical_designated_amounts
34_1_Bay_of_Bengal_(1978),standard_fixed_baseline_TL,PP,0.0,4,0,4,[],"['SC', 'SM', 'SE', 'SR']",discard-routing sensitivity envelope; not a confidence interval,,,,,,,,,True,not_assessed,hypothetical_designated_amounts
34_1_Bay_of_Bengal_(1978),SPPR_1995_TE0.1,all,0.0,4,3,1,"['SC', 'SM', 'SE']",['SR'],discard-routing sensitivity envelope; not a confidence interval,73.72967190616106,73.72967190616106,0.0,73.72967190616106,73.72967190616106,0.0,0.0,73.72967190616106,True,assessed,hypothetical_designated_amounts
34_1_Bay_of_Bengal_(1978),SPPR_1995_TE0.1,inner,0.0,4,0,4,[],"['SC', 'SM', 'SE', 'SR']",discard-routing sensitivity envelope; not a confidence interval,,,,,,,,,True,not_assessed,hypothetical_designated_amounts
34_1_Bay_of_Bengal_(1978),SPPR_1995_TE0.1,PP,0.0,4,0,4,[],"['SC', 'SM', 'SE', 'SR']",discard-routing sensitivity envelope; not a confidence interval,,,,,,,,,True,not_assessed,hypothetical_designated_amounts
34_1_Bay_of_Bengal_(1978),SPPR_1995_TEmean,all,0.0,4,3,1,"['SC', 'SM', 'SE']",['SR'],discard-routing sensitivity envelope; not a confidence interval,10.021486438912596,10.021486438912596,0.0,10.021486438912596,10.021486438912596,0.0,0.0,10.021486438912596,True,assessed,hypothetical_designated_amounts
34_1_Bay_of_Bengal_(1978),SPPR_1995_TEmean,inner,0.0,4,0,4,[],"['SC', 'SM', 'SE', 'SR']",discard-routing sensitivity envelope; not a confidence interval,,,,,,,,,True,not_assessed,hypothetical_designated_amounts
34_1_Bay_of_Bengal_(1978),SPPR_1995_TEmean,PP,0.0,4,0,4,[],"['SC', 'SM', 'SE', 'SR']",discard-routing sensitivity envelope; not a confidence interval,,,,,,,,,True,not_assessed,hypothetical_designated_amounts
34_1_Bay_of_Bengal_(1978),SPPR_1986,all,0.0,4,3,1,"['SC', 'SM', 'SE']",['SR'],discard-routing sensitivity envelope; not a confidence interval,31.525487093651936,31.525487093651936,0.0,31.525487093651936,31.525487093651936,0.0,0.0,31.525487093651936,True,assessed,hypothetical_designated_amounts
34_1_Bay_of_Bengal_(1978),SPPR_1986,inner,0.0,4,0,4,[],"['SC', 'SM', 'SE', 'SR']",discard-routing sensitivity envelope; not a confidence interval,,,,,,,,,True,not_assessed,hypothetical_designated_amounts
34_1_Bay_of_Bengal_(1978),SPPR_1986,PP,0.0,4,0,4,[],"['SC', 'SM', 'SE', 'SR']",discard-routing sensitivity envelope; not a confidence interval,,,,,,,,,True,not_assessed,hypothetical_designated_amounts
34_1_Bay_of_Bengal_(1978),new_GE,all,0.0,4,3,1,"['SC', 'SM', 'SE']",['SR'],discard-routing sensitivity envelope; not a confidence interval,132.93657663509214,132.93657663509214,0.0,132.93657663509214,132.93657663509214,0.0,0.0,132.93657663509214,True,assessed,hypothetical_designated_amounts
34_1_Bay_of_Bengal_(1978),new_GE,inner,0.0,4,3,1,"['SC', 'SM', 'SE']",['SR'],discard-routing sensitivity envelope; not a confidence interval,132.90172175177406,132.90172175177406,0.0,132.90172175177406,132.90172175177406,0.0,0.0,132.90172175177406,True,assessed,hypothetical_designated_amounts
34_1_Bay_of_Bengal_(1978),new_GE,PP,0.0,4,3,1,"['SC', 'SM', 'SE']",['SR'],discard-routing sensitivity envelope; not a confidence interval,25.538246485514787,25.538246485514787,0.0,25.538246485514787,25.538246485514787,0.0,0.0,25.538246485514787,True,assessed,hypothetical_designated_amounts
34_1_Bay_of_Bengal_(1978),new_TE_EEfix,all,0.0,4,3,1,"['SC', 'SM', 'SE']",['SR'],discard-routing sensitivity envelope; not a confidence interval,223.4857321894861,223.4857321894861,0.0,223.4857321894861,223.4857321894861,0.0,0.0,223.4857321894861,True,assessed,hypothetical_designated_amounts
34_1_Bay_of_Bengal_(1978),new_TE_EEfix,inner,0.0,4,3,1,"['SC', 'SM', 'SE']",['SR'],discard-routing sensitivity envelope; not a confidence interval,223.43125899590828,223.43125899590828,0.0,223.43125899590828,223.43125899590828,0.0,0.0,223.43125899590828,True,assessed,hypothetical_designated_amounts
34_1_Bay_of_Bengal_(1978),new_TE_EEfix,PP,0.0,4,3,1,"['SC', 'SM', 'SE']",['SR'],discard-routing sensitivity envelope; not a confidence interval,112.77131485807598,112.77131485807598,0.0,112.77131485807598,112.77131485807598,0.0,0.0,112.77131485807598,True,assessed,hypothetical_designated_amounts
34_1_Bay_of_Bengal_(1978),new_WithEgestion,all,0.0,4,3,1,"['SC', 'SM', 'SE']",['SR'],discard-routing sensitivity envelope; not a confidence interval,36.5676198786057,36.5676198786057,0.0,36.5676198786057,36.5676198786057,0.0,0.0,36.5676198786057,True,assessed,hypothetical_designated_amounts
34_1_Bay_of_Bengal_(1978),new_WithEgestion,inner,0.0,4,3,1,"['SC', 'SM', 'SE']",['SR'],discard-routing sensitivity envelope; not a confidence interval,36.55105449516563,36.55105449516563,0.0,36.55105449516563,36.55105449516563,0.0,0.0,36.55105449516563,True,assessed,hypothetical_designated_amounts
34_1_Bay_of_Bengal_(1978),new_WithEgestion,PP,0.0,4,3,1,"['SC', 'SM', 'SE']",['SR'],discard-routing sensitivity envelope; not a confidence interval,6.353220341169743,6.353220341169743,0.0,6.353220341169743,6.353220341169743,0.0,0.0,6.353220341169743,True,assessed,hypothetical_designated_amounts
34_1_Bay_of_Bengal_(1978),Ulanowicz_TE,all,0.0,4,3,1,"['SC', 'SM', 'SE']",['SR'],discard-routing sensitivity envelope; not a confidence interval,59.31300134089574,59.31300134089574,0.0,59.31300134089574,59.31300134089574,0.0,0.0,59.31300134089574,True,assessed,hypothetical_designated_amounts
34_1_Bay_of_Bengal_(1978),Ulanowicz_TE,inner,0.0,4,3,1,"['SC', 'SM', 'SE']",['SR'],discard-routing sensitivity envelope; not a confidence interval,59.28447140236551,59.28447140236551,0.0,59.28447140236551,59.28447140236551,0.0,0.0,59.28447140236551,True,assessed,hypothetical_designated_amounts
34_1_Bay_of_Bengal_(1978),Ulanowicz_TE,PP,0.0,4,3,1,"['SC', 'SM', 'SE']",['SR'],discard-routing sensitivity envelope; not a confidence interval,33.09638980847202,33.09638980847202,0.0,33.09638980847202,33.09638980847202,0.0,0.0,33.09638980847202,True,assessed,hypothetical_designated_amounts
34_1_Bay_of_Bengal_(1978),standard_fixed_baseline_TL,all,0.01,4,3,1,"['SC', 'SM', 'SE']",['SR'],discard-routing sensitivity envelope; not a confidence interval,73.72967190616106,73.72967190616106,0.0,72.99237518709943,72.99237518709943,0.0,0.0,73.72967190616106,True,assessed,hypothetical_designated_amounts
34_1_Bay_of_Bengal_(1978),standard_fixed_baseline_TL,inner,0.01,4,0,4,[],"['SC', 'SM', 'SE', 'SR']",discard-routing sensitivity envelope; not a confidence interval,,,,,,,,,True,not_assessed,hypothetical_designated_amounts
34_1_Bay_of_Bengal_(1978),standard_fixed_baseline_TL,PP,0.01,4,0,4,[],"['SC', 'SM', 'SE', 'SR']",discard-routing sensitivity envelope; not a confidence interval,,,,,,,,,True,not_assessed,hypothetical_designated_amounts
34_1_Bay_of_Bengal_(1978),SPPR_1995_TE0.1,all,0.01,4,3,1,"['SC', 'SM', 'SE']",['SR'],discard-routing sensitivity envelope; not a confidence interval,73.72967190616106,73.72967190616106,0.0,72.99237518709943,72.99237518709943,0.0,0.0,73.72967190616106,True,assessed,hypothetical_designated_amounts
34_1_Bay_of_Bengal_(1978),SPPR_1995_TE0.1,inner,0.01,4,0,4,[],"['SC', 'SM', 'SE', 'SR']",discard-routing sensitivity envelope; not a confidence interval,,,,,,,,,True,not_assessed,hypothetical_designated_amounts
34_1_Bay_of_Bengal_(1978),SPPR_1995_TE0.1,PP,0.01,4,0,4,[],"['SC', 'SM', 'SE', 'SR']",discard-routing sensitivity envelope; not a confidence interval,,,,,,,,,True,not_assessed,hypothetical_designated_amounts
34_1_Bay_of_Bengal_(1978),SPPR_1995_TEmean,all,0.01,4,3,1,"['SC', 'SM', 'SE']",['SR'],discard-routing sensitivity envelope; not a confidence interval,10.021486438912596,10.080041017359882,0.05855457844728562,9.921271574523471,9.979240607186279,0.05796903266280751,0.5842903525760779,10.021486438912596,True,assessed,hypothetical_designated_amounts
34_1_Bay_of_Bengal_(1978),SPPR_1995_TEmean,inner,0.01,4,0,4,[],"['SC', 'SM', 'SE', 'SR']",discard-routing sensitivity envelope; not a confidence interval,,,,,,,,,True,not_assessed,hypothetical_designated_amounts
34_1_Bay_of_Bengal_(1978),SPPR_1995_TEmean,PP,0.01,4,0,4,[],"['SC', 'SM', 'SE', 'SR']",discard-routing sensitivity envelope; not a confidence interval,,,,,,,,,True,not_assessed,hypothetical_designated_amounts
34_1_Bay_of_Bengal_(1978),SPPR_1986,all,0.01,4,3,1,"['SC', 'SM', 'SE']",['SR'],discard-routing sensitivity envelope; not a confidence interval,31.525487093651936,31.525487093651936,0.0,31.21023222271542,31.21023222271542,0.0,0.0,31.525487093651936,True,assessed,hypothetical_designated_amounts
34_1_Bay_of_Bengal_(1978),SPPR_1986,inner,0.01,4,0,4,[],"['SC', 'SM', 'SE', 'SR']",discard-routing sensitivity envelope; not a confidence interval,,,,,,,,,True,not_assessed,hypothetical_designated_amounts
34_1_Bay_of_Bengal_(1978),SPPR_1986,PP,0.01,4,0,4,[],"['SC', 'SM', 'SE', 'SR']",discard-routing sensitivity envelope; not a confidence interval,,,,,,,,,True,not_assessed,hypothetical_designated_amounts
34_1_Bay_of_Bengal_(1978),new_GE,all,0.01,4,3,1,"['SC', 'SM', 'SE']",['SR'],discard-routing sensitivity envelope; not a confidence interval,132.93657663509214,133.6125963836588,0.6760197485666595,131.6072108687412,132.2764704198222,0.6692595510810122,0.5085280256782232,132.93657663509214,True,assessed,hypothetical_designated_amounts
34_1_Bay_of_Bengal_(1978),new_GE,inner,0.01,4,3,1,"['SC', 'SM', 'SE']",['SR'],discard-routing sensitivity envelope; not a confidence interval,132.90172175177406,133.5777415003407,0.676019748566631,131.5727045342563,132.24196408533726,0.6692595510809554,0.508661392535803,132.90172175177406,True,assessed,hypothetical_designated_amounts
34_1_Bay_of_Bengal_(1978),new_GE,PP,0.01,4,3,1,"['SC', 'SM', 'SE']",['SR'],discard-routing sensitivity envelope; not a confidence interval,25.538246485514787,25.538246485514787,0.0,25.282864020659638,25.282864020659638,0.0,0.0,25.538246485514787,True,assessed,hypothetical_designated_amounts
34_1_Bay_of_Bengal_(1978),new_TE_EEfix,all,0.01,4,3,1,"['SC', 'SM', 'SE']",['SR'],discard-routing sensitivity envelope; not a confidence interval,223.4857321894861,225.75096070027018,2.265228510784084,221.2508748675912,223.49345109326748,2.242576225676288,1.0135897663764437,223.4857321894861,True,assessed,hypothetical_designated_amounts
34_1_Bay_of_Bengal_(1978),new_TE_EEfix,inner,0.01,4,3,1,"['SC', 'SM', 'SE']",['SR'],discard-routing sensitivity envelope; not a confidence interval,223.43125899590828,225.69593680459752,2.2646778086892425,221.1969464059492,223.43897743655157,2.2420310306023623,1.013590407567233,223.43125899590828,True,assessed,hypothetical_designated_amounts
34_1_Bay_of_Bengal_(1978),new_TE_EEfix,PP,0.01,4,3,1,"['SC', 'SM', 'SE']",['SR'],discard-routing sensitivity envelope; not a confidence interval,112.77131485807598,113.91356120671746,1.1422463486414784,111.64360170949521,112.77442559465027,1.1308238851550527,1.0128873198641086,112.77131485807598,True,assessed,hypothetical_designated_amounts
34_1_Bay_of_Bengal_(1978),new_WithEgestion,all,0.01,4,3,1,"['SC', 'SM', 'SE']",['SR'],discard-routing sensitivity envelope; not a confidence interval,36.5676198786057,36.61758553555141,0.049965656945715864,36.201943679819635,36.251409680195906,0.04946600037627036,0.1366390733430034,36.5676198786057,True,assessed,hypothetical_designated_amounts
34_1_Bay_of_Bengal_(1978),new_WithEgestion,inner,0.01,4,3,1,"['SC', 'SM', 'SE']",['SR'],discard-routing sensitivity envelope; not a confidence interval,36.55105449516563,36.601020152111346,0.049965656945715864,36.185543950213976,36.23500995059024,0.04946600037626325,0.1367009998366031,36.55105449516563,True,assessed,hypothetical_designated_amounts
34_1_Bay_of_Bengal_(1978),new_WithEgestion,PP,0.01,4,3,1,"['SC', 'SM', 'SE']",['SR'],discard-routing sensitivity envelope; not a confidence interval,6.353220341169743,6.353220341169743,0.0,6.289688137758047,6.289688137758047,0.0,0.0,6.353220341169743,True,assessed,hypothetical_designated_amounts
34_1_Bay_of_Bengal_(1978),Ulanowicz_TE,all,0.01,4,3,1,"['SC', 'SM', 'SE']",['SR'],discard-routing sensitivity envelope; not a confidence interval,59.31300134089574,59.69480626276181,0.3818049218660704,58.719871327486786,59.09785820013417,0.3779868726473836,0.6437120247408945,59.31300134089574,True,assessed,hypothetical_designated_amounts
34_1_Bay_of_Bengal_(1978),Ulanowicz_TE,inner,0.01,4,3,1,"['SC', 'SM', 'SE']",['SR'],discard-routing sensitivity envelope; not a confidence interval,59.28447140236551,59.66609729648662,0.3816258941211075,58.69162668834186,59.06943632352175,0.3778096351798865,0.6437198225670349,59.28447140236551,True,assessed,hypothetical_designated_amounts
34_1_Bay_of_Bengal_(1978),Ulanowicz_TE,PP,0.01,4,3,1,"['SC', 'SM', 'SE']",['SR'],discard-routing sensitivity envelope; not a confidence interval,33.09638980847202,33.31142841425754,0.21503860578552292,32.76542591038729,32.97831413011497,0.2128882197276738,0.6497343276107959,33.09638980847202,True,assessed,hypothetical_designated_amounts
34_1_Bay_of_Bengal_(1978),standard_fixed_baseline_TL,all,0.05,4,3,1,"['SC', 'SM', 'SE']",['SR'],discard-routing sensitivity envelope; not a confidence interval,73.72967190616106,73.72967190616106,0.0,70.043188310853,70.043188310853,0.0,0.0,73.72967190616106,True,assessed,hypothetical_designated_amounts
34_1_Bay_of_Bengal_(1978),standard_fixed_baseline_TL,inner,0.05,4,0,4,[],"['SC', 'SM', 'SE', 'SR']",discard-routing sensitivity envelope; not a confidence interval,,,,,,,,,True,not_assessed,hypothetical_designated_amounts
34_1_Bay_of_Bengal_(1978),standard_fixed_baseline_TL,PP,0.05,4,0,4,[],"['SC', 'SM', 'SE', 'SR']",discard-routing sensitivity envelope; not a confidence interval,,,,,,,,,True,not_assessed,hypothetical_designated_amounts
34_1_Bay_of_Bengal_(1978),SPPR_1995_TE0.1,all,0.05,4,3,1,"['SC', 'SM', 'SE']",['SR'],discard-routing sensitivity envelope; not a confidence interval,73.72967190616106,73.72967190616106,0.0,70.043188310853,70.043188310853,0.0,0.0,73.72967190616106,True,assessed,hypothetical_designated_amounts
34_1_Bay_of_Bengal_(1978),SPPR_1995_TE0.1,inner,0.05,4,0,4,[],"['SC', 'SM', 'SE', 'SR']",discard-routing sensitivity envelope; not a confidence interval,,,,,,,,,True,not_assessed,hypothetical_designated_amounts
34_1_Bay_of_Bengal_(1978),SPPR_1995_TE0.1,PP,0.05,4,0,4,[],"['SC', 'SM', 'SE', 'SR']",discard-routing sensitivity envelope; not a confidence interval,,,,,,,,,True,not_assessed,hypothetical_designated_amounts
34_1_Bay_of_Bengal_(1978),SPPR_1995_TEmean,all,0.05,4,3,1,"['SC', 'SM', 'SE']",['SR'],discard-routing sensitivity envelope; not a confidence interval,10.021486438912596,10.318987438323129,0.29750099941053243,9.52041211696697,9.803038066406975,0.2826259494400052,2.968631462248572,10.021486438912596,True,assessed,hypothetical_designated_amounts
34_1_Bay_of_Bengal_(1978),SPPR_1995_TEmean,inner,0.05,4,0,4,[],"['SC', 'SM', 'SE', 'SR']",discard-routing sensitivity envelope; not a confidence interval,,,,,,,,,True,not_assessed,hypothetical_designated_amounts
34_1_Bay_of_Bengal_(1978),SPPR_1995_TEmean,PP,0.05,4,0,4,[],"['SC', 'SM', 'SE', 'SR']",discard-routing sensitivity envelope; not a confidence interval,,,,,,,,,True,not_assessed,hypothetical_designated_amounts
34_1_Bay_of_Bengal_(1978),SPPR_1986,all,0.05,4,3,1,"['SC', 'SM', 'SE']",['SR'],discard-routing sensitivity envelope; not a confidence interval,31.525487093651936,31.525487093651936,0.0,29.94921273896934,29.94921273896934,0.0,0.0,31.525487093651936,True,assessed,hypothetical_designated_amounts
34_1_Bay_of_Bengal_(1978),SPPR_1986,inner,0.05,4,0,4,[],"['SC', 'SM', 'SE', 'SR']",discard-routing sensitivity envelope; not a confidence interval,,,,,,,,,True,not_assessed,hypothetical_designated_amounts
34_1_Bay_of_Bengal_(1978),SPPR_1986,PP,0.05,4,0,4,[],"['SC', 'SM', 'SE', 'SR']",discard-routing sensitivity envelope; not a confidence interval,,,,,,,,,True,not_assessed,hypothetical_designated_amounts
34_1_Bay_of_Bengal_(1978),new_GE,all,0.05,4,3,1,"['SC', 'SM', 'SE']",['SR'],discard-routing sensitivity envelope; not a confidence interval,132.93657663509214,136.38683337885283,3.45025674376069,126.28974780333753,129.56749170991017,3.2777439065726384,2.595415671964818,132.93657663509214,True,assessed,hypothetical_designated_amounts
34_1_Bay_of_Bengal_(1978),new_GE,inner,0.05,4,3,1,"['SC', 'SM', 'SE']",['SR'],discard-routing sensitivity envelope; not a confidence interval,132.90172175177406,136.35197849553472,3.4502567437606615,126.25663566418535,129.534379570758,3.2777439065726526,2.596096347197707,132.90172175177406,True,assessed,hypothetical_designated_amounts
34_1_Bay_of_Bengal_(1978),new_GE,PP,0.05,4,3,1,"['SC', 'SM', 'SE']",['SR'],discard-routing sensitivity envelope; not a confidence interval,25.538246485514787,25.538246485514787,0.0,24.261334161239038,24.261334161239038,0.0,0.0,25.538246485514787,True,assessed,hypothetical_designated_amounts
34_1_Bay_of_Bengal_(1978),new_TE_EEfix,all,0.05,4,3,1,"['SC', 'SM', 'SE']",['SR'],discard-routing sensitivity envelope; not a confidence interval,223.4857321894861,235.28836261779992,11.802630428313819,212.31144558001176,223.52394448690995,11.21249890689819,5.281156122443997,223.4857321894861,True,assessed,hypothetical_designated_amounts
34_1_Bay_of_Bengal_(1978),new_TE_EEfix,inner,0.05,4,3,1,"['SC', 'SM', 'SE']",['SR'],discard-routing sensitivity envelope; not a confidence interval,223.43125899590828,235.23102004466253,11.799761048754249,212.25969604611282,223.46946904242935,11.20977299631653,5.281159450016948,223.43125899590828,True,assessed,hypothetical_designated_amounts
34_1_Bay_of_Bengal_(1978),new_TE_EEfix,PP,0.05,4,3,1,"['SC', 'SM', 'SE']",['SR'],discard-routing sensitivity envelope; not a confidence interval,112.77131485807598,118.72280045455561,5.951485596479628,107.13274911517217,112.78666043182784,5.653911316655666,5.277481781576854,112.77131485807598,True,assessed,hypothetical_designated_amounts
34_1_Bay_of_Bengal_(1978),new_WithEgestion,all,0.05,4,3,1,"['SC', 'SM', 'SE']",['SR'],discard-routing sensitivity envelope; not a confidence interval,36.5676198786057,36.818819263067006,0.25119938446130874,34.73923888467541,34.97787829991366,0.2386394152382536,0.6869448580334669,36.5676198786057,True,assessed,hypothetical_designated_amounts
34_1_Bay_of_Bengal_(1978),new_WithEgestion,inner,0.05,4,3,1,"['SC', 'SM', 'SE']",['SR'],discard-routing sensitivity envelope; not a confidence interval,36.55105449516563,36.80225387962694,0.25119938446130874,34.72350177040735,34.96214118564559,0.2386394152382394,0.6872561898167318,36.55105449516563,True,assessed,hypothetical_designated_amounts
34_1_Bay_of_Bengal_(1978),new_WithEgestion,PP,0.05,4,3,1,"['SC', 'SM', 'SE']",['SR'],discard-routing sensitivity envelope; not a confidence interval,6.353220341169743,6.353220341169743,0.0,6.035559324111258,6.035559324111258,0.0,0.0,6.353220341169743,True,assessed,hypothetical_designated_amounts
34_1_Bay_of_Bengal_(1978),Ulanowicz_TE,all,0.05,4,3,1,"['SC', 'SM', 'SE']",['SR'],discard-routing sensitivity envelope; not a confidence interval,59.31300134089574,61.27632268290826,1.9633213420125202,56.34735127385093,58.21250654876283,1.8651552749118991,3.3101028402331645,59.31300134089574,True,assessed,hypothetical_designated_amounts
34_1_Bay_of_Bengal_(1978),Ulanowicz_TE,inner,0.05,4,3,1,"['SC', 'SM', 'SE']",['SR'],discard-routing sensitivity envelope; not a confidence interval,59.28447140236551,61.24687279761694,1.962401395251426,56.320247832247226,58.1845291577361,1.864281325488875,3.3101440374369684,59.28447140236551,True,assessed,hypothetical_designated_amounts
34_1_Bay_of_Bengal_(1978),Ulanowicz_TE,PP,0.05,4,3,1,"['SC', 'SM', 'SE']",['SR'],discard-routing sensitivity envelope; not a confidence interval,33.09638980847202,34.20229162340755,1.1059018149355282,31.44157031804841,32.49217704223716,1.05060672418875,3.341457546685156,33.09638980847202,True,assessed,hypothetical_designated_amounts
34_1_Bay_of_Bengal_(1978),standard_fixed_baseline_TL,all,0.1,4,3,1,"['SC', 'SM', 'SE']",['SR'],discard-routing sensitivity envelope; not a confidence interval,73.72967190616106,73.72967190616106,0.0,66.35670471554494,66.35670471554494,0.0,0.0,73.72967190616106,True,assessed,hypothetical_designated_amounts
34_1_Bay_of_Bengal_(1978),standard_fixed_baseline_TL,inner,0.1,4,0,4,[],"['SC', 'SM', 'SE', 'SR']",discard-routing sensitivity envelope; not a confidence interval,,,,,,,,,True,not_assessed,hypothetical_designated_amounts
34_1_Bay_of_Bengal_(1978),standard_fixed_baseline_TL,PP,0.1,4,0,4,[],"['SC', 'SM', 'SE', 'SR']",discard-routing sensitivity envelope; not a confidence interval,,,,,,,,,True,not_assessed,hypothetical_designated_amounts
34_1_Bay_of_Bengal_(1978),SPPR_1995_TE0.1,all,0.1,4,3,1,"['SC', 'SM', 'SE']",['SR'],discard-routing sensitivity envelope; not a confidence interval,73.72967190616106,73.72967190616106,0.0,66.35670471554494,66.35670471554494,0.0,0.0,73.72967190616106,True,assessed,hypothetical_designated_amounts
34_1_Bay_of_Bengal_(1978),SPPR_1995_TE0.1,inner,0.1,4,0,4,[],"['SC', 'SM', 'SE', 'SR']",discard-routing sensitivity envelope; not a confidence interval,,,,,,,,,True,not_assessed,hypothetical_designated_amounts
34_1_Bay_of_Bengal_(1978),SPPR_1995_TE0.1,PP,0.1,4,0,4,[],"['SC', 'SM', 'SE', 'SR']",discard-routing sensitivity envelope; not a confidence interval,,,,,,,,,True,not_assessed,hypothetical_designated_amounts
34_1_Bay_of_Bengal_(1978),SPPR_1995_TEmean,all,0.1,4,3,1,"['SC', 'SM', 'SE']",['SR'],discard-routing sensitivity envelope; not a confidence interval,10.021486438912596,10.628673875065315,0.607187436152719,9.019337795021338,9.565806487558783,0.5464686925374451,6.058856037514171,10.021486438912596,True,assessed,hypothetical_designated_amounts
34_1_Bay_of_Bengal_(1978),SPPR_1995_TEmean,inner,0.1,4,0,4,[],"['SC', 'SM', 'SE', 'SR']",discard-routing sensitivity envelope; not a confidence interval,,,,,,,,,True,not_assessed,hypothetical_designated_amounts
34_1_Bay_of_Bengal_(1978),SPPR_1995_TEmean,PP,0.1,4,0,4,[],"['SC', 'SM', 'SE', 'SR']",discard-routing sensitivity envelope; not a confidence interval,,,,,,,,,True,not_assessed,hypothetical_designated_amounts
34_1_Bay_of_Bengal_(1978),SPPR_1986,all,0.1,4,3,1,"['SC', 'SM', 'SE']",['SR'],discard-routing sensitivity envelope; not a confidence interval,31.525487093651936,31.525487093651936,0.0,28.372938384286744,28.372938384286744,0.0,0.0,31.525487093651936,True,assessed,hypothetical_designated_amounts
34_1_Bay_of_Bengal_(1978),SPPR_1986,inner,0.1,4,0,4,[],"['SC', 'SM', 'SE', 'SR']",discard-routing sensitivity envelope; not a confidence interval,,,,,,,,,True,not_assessed,hypothetical_designated_amounts
34_1_Bay_of_Bengal_(1978),SPPR_1986,PP,0.1,4,0,4,[],"['SC', 'SM', 'SE', 'SR']",discard-routing sensitivity envelope; not a confidence interval,,,,,,,,,True,not_assessed,hypothetical_designated_amounts
34_1_Bay_of_Bengal_(1978),new_GE,all,0.1,4,3,1,"['SC', 'SM', 'SE']",['SR'],discard-routing sensitivity envelope; not a confidence interval,132.93657663509214,140.02089450888073,7.084317873788592,119.64291897158293,126.01880505799262,6.375886086409693,5.329096064535266,132.93657663509214,True,assessed,hypothetical_designated_amounts
34_1_Bay_of_Bengal_(1978),new_GE,inner,0.1,4,3,1,"['SC', 'SM', 'SE']",['SR'],discard-routing sensitivity envelope; not a confidence interval,132.90172175177406,139.98603962556263,7.084317873788564,119.61154957659664,125.98743566300635,6.375886086409707,5.330493676387604,132.90172175177406,True,assessed,hypothetical_designated_amounts
34_1_Bay_of_Bengal_(1978),new_GE,PP,0.1,4,3,1,"['SC', 'SM', 'SE']",['SR'],discard-routing sensitivity envelope; not a confidence interval,25.538246485514787,25.538246485514787,0.0,22.984421836963307,22.984421836963307,0.0,0.0,25.538246485514787,True,assessed,hypothetical_designated_amounts
34_1_Bay_of_Bengal_(1978),new_TE_EEfix,all,0.1,4,3,1,"['SC', 'SM', 'SE']",['SR'],discard-routing sensitivity envelope; not a confidence interval,223.4857321894861,248.40119856292975,24.91546637344365,201.13715897053748,223.56107870663678,22.423919736099293,11.148571378292127,223.4857321894861,True,assessed,hypothetical_designated_amounts
34_1_Bay_of_Bengal_(1978),new_TE_EEfix,inner,0.1,4,3,1,"['SC', 'SM', 'SE']",['SR'],discard-routing sensitivity envelope; not a confidence interval,223.43125899590828,248.34066799485169,24.909408998943405,201.08813309631745,223.50660119536647,22.418468099049022,11.148578364050476,223.43125899590828,True,assessed,hypothetical_designated_amounts
34_1_Bay_of_Bengal_(1978),new_TE_EEfix,PP,0.1,4,3,1,"['SC', 'SM', 'SE']",['SR'],discard-routing sensitivity envelope; not a confidence interval,112.77131485807598,125.33491314553748,12.563598287461502,101.49418337226838,112.80142183098373,11.307238458715346,11.14077485331526,112.77131485807598,True,assessed,hypothetical_designated_amounts
34_1_Bay_of_Bengal_(1978),new_WithEgestion,all,0.1,4,3,1,"['SC', 'SM', 'SE']",['SR'],discard-routing sensitivity envelope; not a confidence interval,36.5676198786057,37.07348901638765,0.50586913778195,32.91085789074513,33.36614011474889,0.45528222400375995,1.383379994271694,36.5676198786057,True,assessed,hypothetical_designated_amounts
34_1_Bay_of_Bengal_(1978),new_WithEgestion,inner,0.1,4,3,1,"['SC', 'SM', 'SE']",['SR'],discard-routing sensitivity envelope; not a confidence interval,36.55105449516563,37.05692363294759,0.5058691377819571,32.895949045649076,33.35123126965283,0.45528222400375284,1.3840069589479809,36.55105449516563,True,assessed,hypothetical_designated_amounts
34_1_Bay_of_Bengal_(1978),new_WithEgestion,PP,0.1,4,3,1,"['SC', 'SM', 'SE']",['SR'],discard-routing sensitivity envelope; not a confidence interval,6.353220341169743,6.353220341169743,0.0,5.71789830705277,5.71789830705277,0.0,0.0,6.353220341169743,True,assessed,hypothetical_designated_amounts
34_1_Bay_of_Bengal_(1978),Ulanowicz_TE,all,0.1,4,3,1,"['SC', 'SM', 'SE']",['SR'],discard-routing sensitivity envelope; not a confidence interval,59.31300134089574,63.38463071365532,4.071629372759581,53.38170120680617,57.04616764228979,3.664466435483618,6.864649032609704,59.31300134089574,True,assessed,hypothetical_designated_amounts
34_1_Bay_of_Bengal_(1978),Ulanowicz_TE,inner,0.1,4,3,1,"['SC', 'SM', 'SE']",['SR'],discard-routing sensitivity envelope; not a confidence interval,59.28447140236551,63.35419473830811,4.069723335942598,53.35602426212896,57.0187752644773,3.6627510023483367,6.864737493097084,59.28447140236551,True,assessed,hypothetical_designated_amounts
34_1_Bay_of_Bengal_(1978),Ulanowicz_TE,PP,0.1,4,3,1,"['SC', 'SM', 'SE']",['SR'],discard-routing sensitivity envelope; not a confidence interval,33.09638980847202,35.39020970561207,2.293819897140054,29.786750827624815,31.85118873505086,2.064437907426047,6.930725406651095,33.09638980847202,True,assessed,hypothetical_designated_amounts
34_1_Bay_of_Bengal_(1978),standard_fixed_baseline_TL,all,0.2,4,3,1,"['SC', 'SM', 'SE']",['SR'],discard-routing sensitivity envelope; not a confidence interval,73.72967190616106,73.72967190616106,0.0,58.983737524928834,58.983737524928834,0.0,0.0,73.72967190616106,True,assessed,hypothetical_designated_amounts
34_1_Bay_of_Bengal_(1978),standard_fixed_baseline_TL,inner,0.2,4,0,4,[],"['SC', 'SM', 'SE', 'SR']",discard-routing sensitivity envelope; not a confidence interval,,,,,,,,,True,not_assessed,hypothetical_designated_amounts
34_1_Bay_of_Bengal_(1978),standard_fixed_baseline_TL,PP,0.2,4,0,4,[],"['SC', 'SM', 'SE', 'SR']",discard-routing sensitivity envelope; not a confidence interval,,,,,,,,,True,not_assessed,hypothetical_designated_amounts
34_1_Bay_of_Bengal_(1978),SPPR_1995_TE0.1,all,0.2,4,3,1,"['SC', 'SM', 'SE']",['SR'],discard-routing sensitivity envelope; not a confidence interval,73.72967190616106,73.72967190616106,0.0,58.983737524928834,58.983737524928834,0.0,0.0,73.72967190616106,True,assessed,hypothetical_designated_amounts
34_1_Bay_of_Bengal_(1978),SPPR_1995_TE0.1,inner,0.2,4,0,4,[],"['SC', 'SM', 'SE', 'SR']",discard-routing sensitivity envelope; not a confidence interval,,,,,,,,,True,not_assessed,hypothetical_designated_amounts
34_1_Bay_of_Bengal_(1978),SPPR_1995_TE0.1,PP,0.2,4,0,4,[],"['SC', 'SM', 'SE', 'SR']",discard-routing sensitivity envelope; not a confidence interval,,,,,,,,,True,not_assessed,hypothetical_designated_amounts
34_1_Bay_of_Bengal_(1978),SPPR_1995_TEmean,all,0.2,4,3,1,"['SC', 'SM', 'SE']",['SR'],discard-routing sensitivity envelope; not a confidence interval,10.021486438912596,11.287184562649655,1.2656981237370584,8.017189151130077,9.029747650119724,1.0125584989896463,12.629844199783168,10.021486438912596,True,assessed,hypothetical_designated_amounts
34_1_Bay_of_Bengal_(1978),SPPR_1995_TEmean,inner,0.2,4,0,4,[],"['SC', 'SM', 'SE', 'SR']",discard-routing sensitivity envelope; not a confidence interval,,,,,,,,,True,not_assessed,hypothetical_designated_amounts
34_1_Bay_of_Bengal_(1978),SPPR_1995_TEmean,PP,0.2,4,0,4,[],"['SC', 'SM', 'SE', 'SR']",discard-routing sensitivity envelope; not a confidence interval,,,,,,,,,True,not_assessed,hypothetical_designated_amounts
34_1_Bay_of_Bengal_(1978),SPPR_1986,all,0.2,4,3,1,"['SC', 'SM', 'SE']",['SR'],discard-routing sensitivity envelope; not a confidence interval,31.525487093651936,31.525487093651936,0.0,25.220389674921552,25.220389674921552,0.0,0.0,31.525487093651936,True,assessed,hypothetical_designated_amounts
34_1_Bay_of_Bengal_(1978),SPPR_1986,inner,0.2,4,0,4,[],"['SC', 'SM', 'SE', 'SR']",discard-routing sensitivity envelope; not a confidence interval,,,,,,,,,True,not_assessed,hypothetical_designated_amounts
34_1_Bay_of_Bengal_(1978),SPPR_1986,PP,0.2,4,0,4,[],"['SC', 'SM', 'SE', 'SR']",discard-routing sensitivity envelope; not a confidence interval,,,,,,,,,True,not_assessed,hypothetical_designated_amounts
34_1_Bay_of_Bengal_(1978),new_GE,all,0.2,4,3,1,"['SC', 'SM', 'SE']",['SR'],discard-routing sensitivity envelope; not a confidence interval,132.93657663509214,147.90248634010314,14.965909705011,106.34926130807372,118.32198907208252,11.972727764008795,11.257932228909496,132.93657663509214,True,assessed,hypothetical_designated_amounts
34_1_Bay_of_Bengal_(1978),new_GE,inner,0.2,4,3,1,"['SC', 'SM', 'SE']",['SR'],discard-routing sensitivity envelope; not a confidence interval,132.90172175177406,147.86763145678503,14.965909705010972,106.32137740141927,118.29410516542804,11.972727764008766,11.260884740803734,132.90172175177406,True,assessed,hypothetical_designated_amounts
34_1_Bay_of_Bengal_(1978),new_GE,PP,0.2,4,3,1,"['SC', 'SM', 'SE']",['SR'],discard-routing sensitivity envelope; not a confidence interval,25.538246485514787,25.538246485514787,0.0,20.430597188411827,20.430597188411827,0.0,0.0,25.538246485514787,True,assessed,hypothetical_designated_amounts
34_1_Bay_of_Bengal_(1978),new_TE_EEfix,all,0.2,4,3,1,"['SC', 'SM', 'SE']",['SR'],discard-routing sensitivity envelope; not a confidence interval,223.4857321894861,279.5388800717578,56.05314788227167,178.78858575158887,223.63110405740625,44.84251830581738,25.081309367322866,223.4857321894861,True,assessed,hypothetical_designated_amounts
34_1_Bay_of_Bengal_(1978),new_TE_EEfix,inner,0.2,4,3,1,"['SC', 'SM', 'SE']",['SR'],discard-routing sensitivity envelope; not a confidence interval,223.43125899590828,279.47077893429537,56.03951993838709,178.74500719672665,223.57662314743632,44.831615950709676,25.081324873800813,223.43125899590828,True,assessed,hypothetical_designated_amounts
34_1_Bay_of_Bengal_(1978),new_TE_EEfix,PP,0.2,4,3,1,"['SC', 'SM', 'SE']",['SR'],discard-routing sensitivity envelope; not a confidence interval,112.77131485807598,141.03583305870956,28.264518200633574,90.2170518864608,112.82866644696767,22.61161456050688,25.06357067504692,112.77131485807598,True,assessed,hypothetical_designated_amounts
34_1_Bay_of_Bengal_(1978),new_WithEgestion,all,0.2,4,3,1,"['SC', 'SM', 'SE']",['SR'],discard-routing sensitivity envelope; not a confidence interval,36.5676198786057,37.59353132236632,1.02591144376062,29.254095902884565,30.074825057893058,0.8207291550084932,2.8055187818249117,36.5676198786057,True,assessed,hypothetical_designated_amounts
34_1_Bay_of_Bengal_(1978),new_WithEgestion,inner,0.2,4,3,1,"['SC', 'SM', 'SE']",['SR'],discard-routing sensitivity envelope; not a confidence interval,36.55105449516563,37.57696593892625,1.02591144376062,29.24084359613251,30.061572751141007,0.8207291550084967,2.806790277134996,36.55105449516563,True,assessed,hypothetical_designated_amounts
34_1_Bay_of_Bengal_(1978),new_WithEgestion,PP,0.2,4,3,1,"['SC', 'SM', 'SE']",['SR'],discard-routing sensitivity envelope; not a confidence interval,6.353220341169743,6.353220341169743,0.0,5.082576272935797,5.082576272935797,0.0,0.0,6.353220341169743,True,assessed,hypothetical_designated_amounts
34_1_Bay_of_Bengal_(1978),Ulanowicz_TE,all,0.2,4,3,1,"['SC', 'SM', 'SE']",['SR'],discard-routing sensitivity envelope; not a confidence interval,59.31300134089574,68.10770583306943,8.794704492173693,47.45040107271658,54.48616466645555,7.03576359373897,14.827616700134572,59.31300134089574,True,assessed,hypothetical_designated_amounts
34_1_Bay_of_Bengal_(1978),Ulanowicz_TE,inner,0.2,4,3,1,"['SC', 'SM', 'SE']",['SR'],discard-routing sensitivity envelope; not a confidence interval,59.28447140236551,68.07506747845724,8.790596076091731,47.42757712189242,54.4600539827658,7.0324768608733805,14.827822308526105,59.28447140236551,True,assessed,hypothetical_designated_amounts
34_1_Bay_of_Bengal_(1978),Ulanowicz_TE,PP,0.2,4,3,1,"['SC', 'SM', 'SE']",['SR'],discard-routing sensitivity envelope; not a confidence interval,33.09638980847202,38.052670107259914,4.956280298787895,26.477111846777607,30.44213608580793,3.965024239030324,14.975289835144444,33.09638980847202,True,assessed,hypothetical_designated_amounts
34_1_Bay_of_Bengal_(1978),standard_fixed_baseline_TL,all,0.3,4,3,1,"['SC', 'SM', 'SE']",['SR'],discard-routing sensitivity envelope; not a confidence interval,73.72967190616106,73.72967190616106,0.0,51.610770334312726,51.610770334312726,0.0,0.0,73.72967190616106,True,assessed,hypothetical_designated_amounts
34_1_Bay_of_Bengal_(1978),standard_fixed_baseline_TL,inner,0.3,4,0,4,[],"['SC', 'SM', 'SE', 'SR']",discard-routing sensitivity envelope; not a confidence interval,,,,,,,,,True,not_assessed,hypothetical_designated_amounts
34_1_Bay_of_Bengal_(1978),standard_fixed_baseline_TL,PP,0.3,4,0,4,[],"['SC', 'SM', 'SE', 'SR']",discard-routing sensitivity envelope; not a confidence interval,,,,,,,,,True,not_assessed,hypothetical_designated_amounts
34_1_Bay_of_Bengal_(1978),SPPR_1995_TE0.1,all,0.3,4,3,1,"['SC', 'SM', 'SE']",['SR'],discard-routing sensitivity envelope; not a confidence interval,73.72967190616106,73.72967190616106,0.0,51.610770334312726,51.610770334312726,0.0,0.0,73.72967190616106,True,assessed,hypothetical_designated_amounts
34_1_Bay_of_Bengal_(1978),SPPR_1995_TE0.1,inner,0.3,4,0,4,[],"['SC', 'SM', 'SE', 'SR']",discard-routing sensitivity envelope; not a confidence interval,,,,,,,,,True,not_assessed,hypothetical_designated_amounts
34_1_Bay_of_Bengal_(1978),SPPR_1995_TE0.1,PP,0.3,4,0,4,[],"['SC', 'SM', 'SE', 'SR']",discard-routing sensitivity envelope; not a confidence interval,,,,,,,,,True,not_assessed,hypothetical_designated_amounts
34_1_Bay_of_Bengal_(1978),SPPR_1995_TEmean,all,0.3,4,3,1,"['SC', 'SM', 'SE']",['SR'],discard-routing sensitivity envelope; not a confidence interval,10.021486438912596,12.002602575776887,1.9811161368642907,7.015040507238819,8.40182180304382,1.386781295805001,19.768685503298023,10.021486438912596,True,assessed,hypothetical_designated_amounts
34_1_Bay_of_Bengal_(1978),SPPR_1995_TEmean,inner,0.3,4,0,4,[],"['SC', 'SM', 'SE', 'SR']",discard-routing sensitivity envelope; not a confidence interval,,,,,,,,,True,not_assessed,hypothetical_designated_amounts
34_1_Bay_of_Bengal_(1978),SPPR_1995_TEmean,PP,0.3,4,0,4,[],"['SC', 'SM', 'SE', 'SR']",discard-routing sensitivity envelope; not a confidence interval,,,,,,,,,True,not_assessed,hypothetical_designated_amounts
34_1_Bay_of_Bengal_(1978),SPPR_1986,all,0.3,4,3,1,"['SC', 'SM', 'SE']",['SR'],discard-routing sensitivity envelope; not a confidence interval,31.525487093651936,31.525487093651936,0.0,22.067840965556353,22.067840965556353,0.0,0.0,31.525487093651936,True,assessed,hypothetical_designated_amounts
34_1_Bay_of_Bengal_(1978),SPPR_1986,inner,0.3,4,0,4,[],"['SC', 'SM', 'SE', 'SR']",discard-routing sensitivity envelope; not a confidence interval,,,,,,,,,True,not_assessed,hypothetical_designated_amounts
34_1_Bay_of_Bengal_(1978),SPPR_1986,PP,0.3,4,0,4,[],"['SC', 'SM', 'SE', 'SR']",discard-routing sensitivity envelope; not a confidence interval,,,,,,,,,True,not_assessed,hypothetical_designated_amounts
34_1_Bay_of_Bengal_(1978),new_GE,all,0.3,4,3,1,"['SC', 'SM', 'SE']",['SR'],discard-routing sensitivity envelope; not a confidence interval,132.93657663509214,156.72396567250604,23.787389037413902,93.05560364456448,109.70677597075421,16.651172326189723,17.893787879546295,132.93657663509214,True,assessed,hypothetical_designated_amounts
34_1_Bay_of_Bengal_(1978),new_GE,inner,0.3,4,3,1,"['SC', 'SM', 'SE']",['SR'],discard-routing sensitivity envelope; not a confidence interval,132.90172175177406,156.68911078918794,23.787389037413874,93.03120522624184,109.68237755243155,16.65117232618971,17.89848071482667,132.90172175177406,True,assessed,hypothetical_designated_amounts
34_1_Bay_of_Bengal_(1978),new_GE,PP,0.3,4,3,1,"['SC', 'SM', 'SE']",['SR'],discard-routing sensitivity envelope; not a confidence interval,25.538246485514787,25.538246485514787,0.0,17.876772539860344,17.876772539860344,0.0,0.0,25.538246485514787,True,assessed,hypothetical_designated_amounts
34_1_Bay_of_Bengal_(1978),new_TE_EEfix,all,0.3,4,3,1,"['SC', 'SM', 'SE']",['SR'],discard-routing sensitivity envelope; not a confidence interval,223.4857321894861,319.5615630757079,96.07583088622181,156.44001253264025,223.69309415299554,67.25308162035529,42.98969332179217,223.4857321894861,True,assessed,hypothetical_designated_amounts
34_1_Bay_of_Bengal_(1978),new_TE_EEfix,inner,0.3,4,3,1,"['SC', 'SM', 'SE']",['SR'],discard-routing sensitivity envelope; not a confidence interval,223.43125899590828,319.48373036387306,96.05247136796478,156.4018812971358,223.63861125471118,67.23672995757539,42.989719433001895,223.43125899590828,True,assessed,hypothetical_designated_amounts
34_1_Bay_of_Bengal_(1978),new_TE_EEfix,PP,0.3,4,3,1,"['SC', 'SM', 'SE']",['SR'],discard-routing sensitivity envelope; not a confidence interval,112.77131485807598,161.21662281645365,48.44530795837767,78.9399204006532,112.85163597151754,33.911715570864345,42.958892533395264,112.77131485807598,True,assessed,hypothetical_designated_amounts
34_1_Bay_of_Bengal_(1978),new_WithEgestion,all,0.3,4,3,1,"['SC', 'SM', 'SE']",['SR'],discard-routing sensitivity envelope; not a confidence interval,36.5676198786057,38.128350903567636,1.5607310249619388,25.597333915023988,26.68984563249734,1.0925117174733536,4.2680683898572935,36.5676198786057,True,assessed,hypothetical_designated_amounts
34_1_Bay_of_Bengal_(1978),new_WithEgestion,inner,0.3,4,3,1,"['SC', 'SM', 'SE']",['SR'],discard-routing sensitivity envelope; not a confidence interval,36.55105449516563,38.11178552012756,1.5607310249619317,25.585738146615945,26.678249864089295,1.09251171747335,4.270002730477618,36.55105449516563,True,assessed,hypothetical_designated_amounts
34_1_Bay_of_Bengal_(1978),new_WithEgestion,PP,0.3,4,3,1,"['SC', 'SM', 'SE']",['SR'],discard-routing sensitivity envelope; not a confidence interval,6.353220341169743,6.353220341169743,0.0,4.44725423881882,4.44725423881882,0.0,0.0,6.353220341169743,True,assessed,hypothetical_designated_amounts
34_1_Bay_of_Bengal_(1978),Ulanowicz_TE,all,0.3,4,3,1,"['SC', 'SM', 'SE']",['SR'],discard-routing sensitivity envelope; not a confidence interval,59.31300134089574,73.65847504680603,14.345473705910294,41.51910093862701,51.56093253276421,10.0418315941372,24.186052604994757,59.31300134089574,True,assessed,hypothetical_designated_amounts
34_1_Bay_of_Bengal_(1978),Ulanowicz_TE,inner,0.3,4,3,1,"['SC', 'SM', 'SE']",['SR'],discard-routing sensitivity envelope; not a confidence interval,59.28447140236551,73.62326010655569,14.33878870419018,41.49912998165585,51.536282074588975,10.037152092933127,24.186415708883334,59.28447140236551,True,assessed,hypothetical_designated_amounts
34_1_Bay_of_Bengal_(1978),Ulanowicz_TE,PP,0.3,4,3,1,"['SC', 'SM', 'SE']",['SR'],discard-routing sensitivity envelope; not a confidence interval,33.09638980847202,41.18385283795835,8.08746302948633,23.167472865930407,28.82869698657084,5.6612241206404335,24.436088275151093,33.09638980847202,True,assessed,hypothetical_designated_amounts
34_1_Bay_of_Bengal_(1978),standard_fixed_baseline_TL,all,0.4,4,3,1,"['SC', 'SM', 'SE']",['SR'],discard-routing sensitivity envelope; not a confidence interval,73.72967190616106,73.72967190616106,0.0,44.237803143696624,44.237803143696624,0.0,0.0,73.72967190616106,True,assessed,hypothetical_designated_amounts
34_1_Bay_of_Bengal_(1978),standard_fixed_baseline_TL,inner,0.4,4,0,4,[],"['SC', 'SM', 'SE', 'SR']",discard-routing sensitivity envelope; not a confidence interval,,,,,,,,,True,not_assessed,hypothetical_designated_amounts
34_1_Bay_of_Bengal_(1978),standard_fixed_baseline_TL,PP,0.4,4,0,4,[],"['SC', 'SM', 'SE', 'SR']",discard-routing sensitivity envelope; not a confidence interval,,,,,,,,,True,not_assessed,hypothetical_designated_amounts
34_1_Bay_of_Bengal_(1978),SPPR_1995_TE0.1,all,0.4,4,3,1,"['SC', 'SM', 'SE']",['SR'],discard-routing sensitivity envelope; not a confidence interval,73.72967190616106,73.72967190616106,0.0,44.237803143696624,44.237803143696624,0.0,0.0,73.72967190616106,True,assessed,hypothetical_designated_amounts
34_1_Bay_of_Bengal_(1978),SPPR_1995_TE0.1,inner,0.4,4,0,4,[],"['SC', 'SM', 'SE', 'SR']",discard-routing sensitivity envelope; not a confidence interval,,,,,,,,,True,not_assessed,hypothetical_designated_amounts
34_1_Bay_of_Bengal_(1978),SPPR_1995_TE0.1,PP,0.4,4,0,4,[],"['SC', 'SM', 'SE', 'SR']",discard-routing sensitivity envelope; not a confidence interval,,,,,,,,,True,not_assessed,hypothetical_designated_amounts
34_1_Bay_of_Bengal_(1978),SPPR_1995_TEmean,all,0.4,4,3,1,"['SC', 'SM', 'SE']",['SR'],discard-routing sensitivity envelope; not a confidence interval,10.021486438912596,12.781259212009562,2.759772773096966,6.012891863347558,7.668755527205736,1.6558636638581783,27.53855717831437,10.021486438912596,True,assessed,hypothetical_designated_amounts
34_1_Bay_of_Bengal_(1978),SPPR_1995_TEmean,inner,0.4,4,0,4,[],"['SC', 'SM', 'SE', 'SR']",discard-routing sensitivity envelope; not a confidence interval,,,,,,,,,True,not_assessed,hypothetical_designated_amounts
34_1_Bay_of_Bengal_(1978),SPPR_1995_TEmean,PP,0.4,4,0,4,[],"['SC', 'SM', 'SE', 'SR']",discard-routing sensitivity envelope; not a confidence interval,,,,,,,,,True,not_assessed,hypothetical_designated_amounts
34_1_Bay_of_Bengal_(1978),SPPR_1986,all,0.4,4,3,1,"['SC', 'SM', 'SE']",['SR'],discard-routing sensitivity envelope; not a confidence interval,31.525487093651936,31.525487093651936,0.0,18.915292256191165,18.915292256191165,0.0,0.0,31.525487093651936,True,assessed,hypothetical_designated_amounts
34_1_Bay_of_Bengal_(1978),SPPR_1986,inner,0.4,4,0,4,[],"['SC', 'SM', 'SE', 'SR']",discard-routing sensitivity envelope; not a confidence interval,,,,,,,,,True,not_assessed,hypothetical_designated_amounts
34_1_Bay_of_Bengal_(1978),SPPR_1986,PP,0.4,4,0,4,[],"['SC', 'SM', 'SE', 'SR']",discard-routing sensitivity envelope; not a confidence interval,,,,,,,,,True,not_assessed,hypothetical_designated_amounts
34_1_Bay_of_Bengal_(1978),new_GE,all,0.4,4,3,1,"['SC', 'SM', 'SE']",['SR'],discard-routing sensitivity envelope; not a confidence interval,132.93657663509214,166.6641163282427,33.72753969315056,79.76194598105528,99.99846979694561,20.236523815890337,25.371151075848665,132.93657663509214,True,assessed,hypothetical_designated_amounts
34_1_Bay_of_Bengal_(1978),new_GE,inner,0.4,4,3,1,"['SC', 'SM', 'SE']",['SR'],discard-routing sensitivity envelope; not a confidence interval,132.90172175177406,166.62926144492462,33.72753969315056,79.74103305106443,99.97755686695476,20.236523815890322,25.377804928776506,132.90172175177406,True,assessed,hypothetical_designated_amounts
34_1_Bay_of_Bengal_(1978),new_GE,PP,0.4,4,3,1,"['SC', 'SM', 'SE']",['SR'],discard-routing sensitivity envelope; not a confidence interval,25.538246485514787,25.538246485514787,0.0,15.322947891308868,15.322947891308868,0.0,0.0,25.538246485514787,True,assessed,hypothetical_designated_amounts
34_1_Bay_of_Bengal_(1978),new_TE_EEfix,all,0.4,4,3,1,"['SC', 'SM', 'SE']",['SR'],discard-routing sensitivity envelope; not a confidence interval,223.4857321894861,372.9044110429365,149.4186788534504,134.09143931369164,223.7426466257619,89.65120731207026,66.85826311576942,223.4857321894861,True,assessed,hypothetical_designated_amounts
34_1_Bay_of_Bengal_(1978),new_TE_EEfix,inner,0.4,4,3,1,"['SC', 'SM', 'SE']",['SR'],discard-routing sensitivity envelope; not a confidence interval,223.43125899590828,372.8136065760215,149.38234758011325,134.05875539754496,223.68816394561293,89.62940854806797,66.85830275111546,223.43125899590828,True,assessed,hypothetical_designated_amounts
34_1_Bay_of_Bengal_(1978),new_TE_EEfix,PP,0.4,4,3,1,"['SC', 'SM', 'SE']",['SR'],discard-routing sensitivity envelope; not a confidence interval,112.77131485807598,188.11340158137193,75.34208672329595,67.66278891484559,112.86804094882314,45.205252033977544,66.80961982053223,112.77131485807598,True,assessed,hypothetical_designated_amounts
34_1_Bay_of_Bengal_(1978),new_WithEgestion,all,0.4,4,3,1,"['SC', 'SM', 'SE']",['SR'],discard-routing sensitivity envelope; not a confidence interval,36.5676198786057,38.678586693865945,2.110966815260248,21.94057192716342,23.207152016319565,1.2665800891561467,5.772776085148745,36.5676198786057,True,assessed,hypothetical_designated_amounts
34_1_Bay_of_Bengal_(1978),new_WithEgestion,inner,0.4,4,3,1,"['SC', 'SM', 'SE']",['SR'],discard-routing sensitivity envelope; not a confidence interval,36.55105449516563,38.66202131042587,2.110966815260241,21.93063269709938,23.19721278625552,1.2665800891561396,5.775392377638355,36.55105449516563,True,assessed,hypothetical_designated_amounts
34_1_Bay_of_Bengal_(1978),new_WithEgestion,PP,0.4,4,3,1,"['SC', 'SM', 'SE']",['SR'],discard-routing sensitivity envelope; not a confidence interval,6.353220341169743,6.353220341169743,0.0,3.811932204701847,3.811932204701847,0.0,0.0,6.353220341169743,True,assessed,hypothetical_designated_amounts
34_1_Bay_of_Bengal_(1978),Ulanowicz_TE,all,0.4,4,3,1,"['SC', 'SM', 'SE']",['SR'],discard-routing sensitivity envelope; not a confidence interval,59.31300134089574,80.28685630505225,20.973854964156516,35.58780080453744,48.17211378303135,12.584312978493912,35.361311162811184,59.31300134089574,True,assessed,hypothetical_designated_amounts
34_1_Bay_of_Bengal_(1978),Ulanowicz_TE,inner,0.4,4,3,1,"['SC', 'SM', 'SE']",['SR'],discard-routing sensitivity envelope; not a confidence interval,59.28447140236551,80.24858129182176,20.964109889456253,35.57068284141931,48.149148775093046,12.578465933673733,35.36189054832286,59.28447140236551,True,assessed,hypothetical_designated_amounts
34_1_Bay_of_Bengal_(1978),Ulanowicz_TE,PP,0.4,4,3,1,"['SC', 'SM', 'SE']",['SR'],discard-routing sensitivity envelope; not a confidence interval,33.09638980847202,44.92582683451038,11.829437026038363,19.857833885083206,26.95549610070622,7.097662215623014,35.74237883495759,33.09638980847202,True,assessed,hypothetical_designated_amounts
34_1_Bay_of_Bengal_(1978),standard_fixed_baseline_TL,all,0.5,4,3,1,"['SC', 'SM', 'SE']",['SR'],discard-routing sensitivity envelope; not a confidence interval,73.72967190616106,73.72967190616106,0.0,36.86483595308053,36.86483595308053,0.0,0.0,73.72967190616106,True,assessed,hypothetical_designated_amounts
34_1_Bay_of_Bengal_(1978),standard_fixed_baseline_TL,inner,0.5,4,0,4,[],"['SC', 'SM', 'SE', 'SR']",discard-routing sensitivity envelope; not a confidence interval,,,,,,,,,True,not_assessed,hypothetical_designated_amounts
34_1_Bay_of_Bengal_(1978),standard_fixed_baseline_TL,PP,0.5,4,0,4,[],"['SC', 'SM', 'SE', 'SR']",discard-routing sensitivity envelope; not a confidence interval,,,,,,,,,True,not_assessed,hypothetical_designated_amounts
34_1_Bay_of_Bengal_(1978),SPPR_1995_TE0.1,all,0.5,4,3,1,"['SC', 'SM', 'SE']",['SR'],discard-routing sensitivity envelope; not a confidence interval,73.72967190616106,73.72967190616106,0.0,36.86483595308053,36.86483595308053,0.0,0.0,73.72967190616106,True,assessed,hypothetical_designated_amounts
34_1_Bay_of_Bengal_(1978),SPPR_1995_TE0.1,inner,0.5,4,0,4,[],"['SC', 'SM', 'SE', 'SR']",discard-routing sensitivity envelope; not a confidence interval,,,,,,,,,True,not_assessed,hypothetical_designated_amounts
34_1_Bay_of_Bengal_(1978),SPPR_1995_TE0.1,PP,0.5,4,0,4,[],"['SC', 'SM', 'SE', 'SR']",discard-routing sensitivity envelope; not a confidence interval,,,,,,,,,True,not_assessed,hypothetical_designated_amounts
34_1_Bay_of_Bengal_(1978),SPPR_1995_TEmean,all,0.5,4,3,1,"['SC', 'SM', 'SE']",['SR'],discard-routing sensitivity envelope; not a confidence interval,10.021486438912596,13.630352363295785,3.6088659243831884,5.010743219456298,6.815176181647892,1.8044329621915942,36.011283818838116,10.021486438912596,True,assessed,hypothetical_designated_amounts
34_1_Bay_of_Bengal_(1978),SPPR_1995_TEmean,inner,0.5,4,0,4,[],"['SC', 'SM', 'SE', 'SR']",discard-routing sensitivity envelope; not a confidence interval,,,,,,,,,True,not_assessed,hypothetical_designated_amounts
34_1_Bay_of_Bengal_(1978),SPPR_1995_TEmean,PP,0.5,4,0,4,[],"['SC', 'SM', 'SE', 'SR']",discard-routing sensitivity envelope; not a confidence interval,,,,,,,,,True,not_assessed,hypothetical_designated_amounts
34_1_Bay_of_Bengal_(1978),SPPR_1986,all,0.5,4,3,1,"['SC', 'SM', 'SE']",['SR'],discard-routing sensitivity envelope; not a confidence interval,31.525487093651936,31.525487093651936,0.0,15.762743546825968,15.762743546825968,0.0,0.0,31.525487093651936,True,assessed,hypothetical_designated_amounts
34_1_Bay_of_Bengal_(1978),SPPR_1986,inner,0.5,4,0,4,[],"['SC', 'SM', 'SE', 'SR']",discard-routing sensitivity envelope; not a confidence interval,,,,,,,,,True,not_assessed,hypothetical_designated_amounts
34_1_Bay_of_Bengal_(1978),SPPR_1986,PP,0.5,4,0,4,[],"['SC', 'SM', 'SE', 'SR']",discard-routing sensitivity envelope; not a confidence interval,,,,,,,,,True,not_assessed,hypothetical_designated_amounts
34_1_Bay_of_Bengal_(1978),new_GE,all,0.5,4,3,1,"['SC', 'SM', 'SE']",['SR'],discard-routing sensitivity envelope; not a confidence interval,132.93657663509214,177.95013579615923,45.01355916106709,66.46828831754607,88.97506789807962,22.506779580533546,33.86092849722486,132.93657663509214,True,assessed,hypothetical_designated_amounts
34_1_Bay_of_Bengal_(1978),new_GE,inner,0.5,4,3,1,"['SC', 'SM', 'SE']",['SR'],discard-routing sensitivity envelope; not a confidence interval,132.90172175177406,177.91528091284107,45.01355916106701,66.45086087588703,88.95764045642053,22.506779580533504,33.86980888414723,132.90172175177406,True,assessed,hypothetical_designated_amounts
34_1_Bay_of_Bengal_(1978),new_GE,PP,0.5,4,3,1,"['SC', 'SM', 'SE']",['SR'],discard-routing sensitivity envelope; not a confidence interval,25.538246485514787,25.538246485514787,0.0,12.769123242757393,12.769123242757393,0.0,0.0,25.538246485514787,True,assessed,hypothetical_designated_amounts
34_1_Bay_of_Bengal_(1978),new_TE_EEfix,all,0.5,4,3,1,"['SC', 'SM', 'SE']",['SR'],discard-routing sensitivity envelope; not a confidence interval,223.4857321894861,447.5445060869088,224.05877389742272,111.74286609474305,223.7722530434544,112.02938694871136,100.25641086897252,223.4857321894861,True,assessed,hypothetical_designated_amounts
34_1_Bay_of_Bengal_(1978),new_TE_EEfix,inner,0.5,4,3,1,"['SC', 'SM', 'SE']",['SR'],discard-routing sensitivity envelope; not a confidence interval,223.43125899590828,447.4355482762061,224.0042892802978,111.71562949795414,223.71777413810304,112.0021446401489,100.25646826991203,223.43125899590828,True,assessed,hypothetical_designated_amounts
34_1_Bay_of_Bengal_(1978),new_TE_EEfix,PP,0.5,4,3,1,"['SC', 'SM', 'SE']",['SR'],discard-routing sensitivity envelope; not a confidence interval,112.77131485807598,225.7479527510219,112.97663789294592,56.38565742903799,112.87397637551095,56.48831894647296,100.18207026771688,112.77131485807598,True,assessed,hypothetical_designated_amounts
34_1_Bay_of_Bengal_(1978),new_WithEgestion,all,0.5,4,3,1,"['SC', 'SM', 'SE']",['SR'],discard-routing sensitivity envelope; not a confidence interval,36.5676198786057,39.244915000399565,2.6772951217938683,18.28380993930285,19.622457500199783,1.3386475608969342,7.321491337641728,36.5676198786057,True,assessed,hypothetical_designated_amounts
34_1_Bay_of_Bengal_(1978),new_WithEgestion,inner,0.5,4,3,1,"['SC', 'SM', 'SE']",['SR'],discard-routing sensitivity envelope; not a confidence interval,36.55105449516563,39.2283496169595,2.6772951217938683,18.275527247582815,19.61417480847975,1.3386475608969342,7.324809526762022,36.55105449516563,True,assessed,hypothetical_designated_amounts
34_1_Bay_of_Bengal_(1978),new_WithEgestion,PP,0.5,4,3,1,"['SC', 'SM', 'SE']",['SR'],discard-routing sensitivity envelope; not a confidence interval,6.353220341169743,6.353220341169743,0.0,3.1766101705848717,3.1766101705848717,0.0,0.0,6.353220341169743,True,assessed,hypothetical_designated_amounts
34_1_Bay_of_Bengal_(1978),Ulanowicz_TE,all,0.5,4,3,1,"['SC', 'SM', 'SE']",['SR'],discard-routing sensitivity envelope; not a confidence interval,59.31300134089574,88.36395747615342,29.050956135257678,29.65650067044787,44.18197873807671,14.525478067628839,48.979069476336434,59.31300134089574,True,assessed,hypothetical_designated_amounts
34_1_Bay_of_Bengal_(1978),Ulanowicz_TE,inner,0.5,4,3,1,"['SC', 'SM', 'SE']",['SR'],discard-routing sensitivity envelope; not a confidence interval,59.28447140236551,88.32197877722292,29.037507374857412,29.642235701182756,44.16098938861146,14.518753687428706,48.979954932513394,59.28447140236551,True,assessed,hypothetical_designated_amounts
34_1_Bay_of_Bengal_(1978),Ulanowicz_TE,PP,0.5,4,3,1,"['SC', 'SM', 'SE']",['SR'],discard-routing sensitivity envelope; not a confidence interval,33.09638980847202,49.48984551989218,16.39345571142016,16.54819490423601,24.74492275994609,8.19672785571008,49.53245899715553,33.09638980847202,True,assessed,hypothetical_designated_amounts
34_1_Bay_of_Bengal_(1978),standard_fixed_baseline_TL,all,0.75,4,3,1,"['SC', 'SM', 'SE']",['SR'],discard-routing sensitivity envelope; not a confidence interval,73.72967190616106,73.72967190616106,0.0,18.432417976540265,18.432417976540265,0.0,0.0,73.72967190616106,True,assessed,hypothetical_designated_amounts
34_1_Bay_of_Bengal_(1978),standard_fixed_baseline_TL,inner,0.75,4,0,4,[],"['SC', 'SM', 'SE', 'SR']",discard-routing sensitivity envelope; not a confidence interval,,,,,,,,,True,not_assessed,hypothetical_designated_amounts
34_1_Bay_of_Bengal_(1978),standard_fixed_baseline_TL,PP,0.75,4,0,4,[],"['SC', 'SM', 'SE', 'SR']",discard-routing sensitivity envelope; not a confidence interval,,,,,,,,,True,not_assessed,hypothetical_designated_amounts
34_1_Bay_of_Bengal_(1978),SPPR_1995_TE0.1,all,0.75,4,3,1,"['SC', 'SM', 'SE']",['SR'],discard-routing sensitivity envelope; not a confidence interval,73.72967190616106,73.72967190616106,0.0,18.432417976540265,18.432417976540265,0.0,0.0,73.72967190616106,True,assessed,hypothetical_designated_amounts
34_1_Bay_of_Bengal_(1978),SPPR_1995_TE0.1,inner,0.75,4,0,4,[],"['SC', 'SM', 'SE', 'SR']",discard-routing sensitivity envelope; not a confidence interval,,,,,,,,,True,not_assessed,hypothetical_designated_amounts
34_1_Bay_of_Bengal_(1978),SPPR_1995_TE0.1,PP,0.75,4,0,4,[],"['SC', 'SM', 'SE', 'SR']",discard-routing sensitivity envelope; not a confidence interval,,,,,,,,,True,not_assessed,hypothetical_designated_amounts
34_1_Bay_of_Bengal_(1978),SPPR_1995_TEmean,all,0.75,4,3,1,"['SC', 'SM', 'SE']",['SR'],discard-routing sensitivity envelope; not a confidence interval,10.021486438912596,16.118043261976798,6.096556823064201,2.505371609728149,4.029510815494199,1.5241392057660503,60.83485578937451,10.021486438912596,True,assessed,hypothetical_designated_amounts
34_1_Bay_of_Bengal_(1978),SPPR_1995_TEmean,inner,0.75,4,0,4,[],"['SC', 'SM', 'SE', 'SR']",discard-routing sensitivity envelope; not a confidence interval,,,,,,,,,True,not_assessed,hypothetical_designated_amounts
34_1_Bay_of_Bengal_(1978),SPPR_1995_TEmean,PP,0.75,4,0,4,[],"['SC', 'SM', 'SE', 'SR']",discard-routing sensitivity envelope; not a confidence interval,,,,,,,,,True,not_assessed,hypothetical_designated_amounts
34_1_Bay_of_Bengal_(1978),SPPR_1986,all,0.75,4,3,1,"['SC', 'SM', 'SE']",['SR'],discard-routing sensitivity envelope; not a confidence interval,31.525487093651936,31.525487093651936,0.0,7.881371773412984,7.881371773412984,0.0,0.0,31.525487093651936,True,assessed,hypothetical_designated_amounts
34_1_Bay_of_Bengal_(1978),SPPR_1986,inner,0.75,4,0,4,[],"['SC', 'SM', 'SE', 'SR']",discard-routing sensitivity envelope; not a confidence interval,,,,,,,,,True,not_assessed,hypothetical_designated_amounts
34_1_Bay_of_Bengal_(1978),SPPR_1986,PP,0.75,4,0,4,[],"['SC', 'SM', 'SE', 'SR']",discard-routing sensitivity envelope; not a confidence interval,,,,,,,,,True,not_assessed,hypothetical_designated_amounts
34_1_Bay_of_Bengal_(1978),new_GE,all,0.75,4,3,1,"['SC', 'SM', 'SE']",['SR'],discard-routing sensitivity envelope; not a confidence interval,132.93657663509214,214.21260045442352,81.27602381933139,33.234144158773034,53.55315011360588,20.319005954832846,61.13894751662834,132.93657663509214,True,assessed,hypothetical_designated_amounts
34_1_Bay_of_Bengal_(1978),new_GE,inner,0.75,4,3,1,"['SC', 'SM', 'SE']",['SR'],discard-routing sensitivity envelope; not a confidence interval,132.90172175177406,214.17774557110542,81.27602381933136,33.225430437943515,53.544436392776355,20.31900595483284,61.15498185278132,132.90172175177406,True,assessed,hypothetical_designated_amounts
34_1_Bay_of_Bengal_(1978),new_GE,PP,0.75,4,3,1,"['SC', 'SM', 'SE']",['SR'],discard-routing sensitivity envelope; not a confidence interval,25.538246485514787,25.538246485514787,0.0,6.384561621378697,6.384561621378697,0.0,0.0,25.538246485514787,True,assessed,hypothetical_designated_amounts
34_1_Bay_of_Bengal_(1978),new_TE_EEfix,all,0.75,4,3,1,"['SC', 'SM', 'SE']",['SR'],discard-routing sensitivity envelope; not a confidence interval,223.4857321894861,894.5477675998495,671.0620354103635,55.871433047371525,223.63694189996238,167.76550885259087,300.2706386828275,223.4857321894861,True,assessed,hypothetical_designated_amounts
34_1_Bay_of_Bengal_(1978),new_TE_EEfix,inner,0.75,4,3,1,"['SC', 'SM', 'SE']",['SR'],discard-routing sensitivity envelope; not a confidence interval,223.43125899590828,894.3300359869166,670.8987769910084,55.85781474897707,223.58250899672916,167.7246942477521,300.2707767955131,223.43125899590828,True,assessed,hypothetical_designated_amounts
34_1_Bay_of_Bengal_(1978),new_TE_EEfix,PP,0.75,4,3,1,"['SC', 'SM', 'SE']",['SR'],discard-routing sensitivity envelope; not a confidence interval,112.77131485807598,451.1167048811865,338.3453900231105,28.192828714518996,112.77917622029662,84.58634750577762,300.0278842619882,112.77131485807598,True,assessed,hypothetical_designated_amounts
34_1_Bay_of_Bengal_(1978),new_WithEgestion,all,0.75,4,3,1,"['SC', 'SM', 'SE']",['SR'],discard-routing sensitivity envelope; not a confidence interval,36.5676198786057,40.73594929718664,4.168329418580946,9.141904969651424,10.18398732429666,1.0420823546452365,11.398962886889109,36.5676198786057,True,assessed,hypothetical_designated_amounts
34_1_Bay_of_Bengal_(1978),new_WithEgestion,inner,0.75,4,3,1,"['SC', 'SM', 'SE']",['SR'],discard-routing sensitivity envelope; not a confidence interval,36.55105449516563,40.719383913746576,4.168329418580946,9.137763623791407,10.179845978436644,1.0420823546452365,11.40412903581829,36.55105449516563,True,assessed,hypothetical_designated_amounts
34_1_Bay_of_Bengal_(1978),new_WithEgestion,PP,0.75,4,3,1,"['SC', 'SM', 'SE']",['SR'],discard-routing sensitivity envelope; not a confidence interval,6.353220341169743,6.353220341169743,0.0,1.5883050852924359,1.5883050852924359,0.0,0.0,6.353220341169743,True,assessed,hypothetical_designated_amounts
34_1_Bay_of_Bengal_(1978),Ulanowicz_TE,all,0.75,4,3,1,"['SC', 'SM', 'SE']",['SR'],discard-routing sensitivity envelope; not a confidence interval,59.31300134089574,120.05343660915219,60.74043526825645,14.828250335223935,30.013359152288047,15.185108817064112,102.40661220152502,59.31300134089574,True,assessed,hypothetical_designated_amounts
34_1_Bay_of_Bengal_(1978),Ulanowicz_TE,inner,0.75,4,3,1,"['SC', 'SM', 'SE']",['SR'],discard-routing sensitivity envelope; not a confidence interval,59.28447140236551,119.99722744590271,60.7127560435372,14.821117850591378,29.999306861475677,15.1781890108843,102.40920532373119,59.28447140236551,True,assessed,hypothetical_designated_amounts
34_1_Bay_of_Bengal_(1978),Ulanowicz_TE,PP,0.75,4,3,1,"['SC', 'SM', 'SE']",['SR'],discard-routing sensitivity envelope; not a confidence interval,33.09638980847202,67.4422300673418,34.34584025886978,8.274097452118005,16.86055751683545,8.586460064717444,103.77518653130538,33.09638980847202,True,assessed,hypothetical_designated_amounts
34_1_Bay_of_Bengal_(1978),standard_fixed_baseline_TL,all,1.0,4,2,2,"['SC', 'SE']","['SM', 'SR']",discard-routing sensitivity envelope; not a confidence interval,73.72967190616106,73.72967190616106,0.0,0.0,0.0,0.0,0.0,73.72967190616106,True,assessed,hypothetical_designated_amounts
34_1_Bay_of_Bengal_(1978),standard_fixed_baseline_TL,inner,1.0,4,0,4,[],"['SC', 'SM', 'SE', 'SR']",discard-routing sensitivity envelope; not a confidence interval,,,,,,,,,True,not_assessed,hypothetical_designated_amounts
34_1_Bay_of_Bengal_(1978),standard_fixed_baseline_TL,PP,1.0,4,0,4,[],"['SC', 'SM', 'SE', 'SR']",discard-routing sensitivity envelope; not a confidence interval,,,,,,,,,True,not_assessed,hypothetical_designated_amounts
34_1_Bay_of_Bengal_(1978),SPPR_1995_TE0.1,all,1.0,4,2,2,"['SC', 'SE']","['SM', 'SR']",discard-routing sensitivity envelope; not a confidence interval,73.72967190616106,73.72967190616106,0.0,0.0,0.0,0.0,0.0,73.72967190616106,True,assessed,hypothetical_designated_amounts
34_1_Bay_of_Bengal_(1978),SPPR_1995_TE0.1,inner,1.0,4,0,4,[],"['SC', 'SM', 'SE', 'SR']",discard-routing sensitivity envelope; not a confidence interval,,,,,,,,,True,not_assessed,hypothetical_designated_amounts
34_1_Bay_of_Bengal_(1978),SPPR_1995_TE0.1,PP,1.0,4,0,4,[],"['SC', 'SM', 'SE', 'SR']",discard-routing sensitivity envelope; not a confidence interval,,,,,,,,,True,not_assessed,hypothetical_designated_amounts
34_1_Bay_of_Bengal_(1978),SPPR_1995_TEmean,all,1.0,4,2,2,"['SC', 'SE']","['SM', 'SR']",discard-routing sensitivity envelope; not a confidence interval,0.21340080841811546,10.021486438912596,9.808085630494482,0.0,0.0,0.0,4596.086445594683,10.021486438912596,True,assessed,hypothetical_designated_amounts
34_1_Bay_of_Bengal_(1978),SPPR_1995_TEmean,inner,1.0,4,0,4,[],"['SC', 'SM', 'SE', 'SR']",discard-routing sensitivity envelope; not a confidence interval,,,,,,,,,True,not_assessed,hypothetical_designated_amounts
34_1_Bay_of_Bengal_(1978),SPPR_1995_TEmean,PP,1.0,4,0,4,[],"['SC', 'SM', 'SE', 'SR']",discard-routing sensitivity envelope; not a confidence interval,,,,,,,,,True,not_assessed,hypothetical_designated_amounts
34_1_Bay_of_Bengal_(1978),SPPR_1986,all,1.0,4,1,3,['SC'],"['SM', 'SE', 'SR']",discard-routing sensitivity envelope; not a confidence interval,31.525487093651936,31.525487093651936,0.0,0.0,0.0,0.0,0.0,31.525487093651936,True,not_assessed,hypothetical_designated_amounts
34_1_Bay_of_Bengal_(1978),SPPR_1986,inner,1.0,4,0,4,[],"['SC', 'SM', 'SE', 'SR']",discard-routing sensitivity envelope; not a confidence interval,,,,,,,,,True,not_assessed,hypothetical_designated_amounts
34_1_Bay_of_Bengal_(1978),SPPR_1986,PP,1.0,4,0,4,[],"['SC', 'SM', 'SE', 'SR']",discard-routing sensitivity envelope; not a confidence interval,,,,,,,,,True,not_assessed,hypothetical_designated_amounts
34_1_Bay_of_Bengal_(1978),new_GE,all,1.0,4,2,2,"['SC', 'SE']","['SM', 'SR']",discard-routing sensitivity envelope; not a confidence interval,132.93657663509214,132.93657663509214,0.0,0.0,0.0,0.0,0.0,132.93657663509214,True,assessed,hypothetical_designated_amounts
34_1_Bay_of_Bengal_(1978),new_GE,inner,1.0,4,2,2,"['SC', 'SE']","['SM', 'SR']",discard-routing sensitivity envelope; not a confidence interval,132.90172175177406,132.90172175177406,0.0,0.0,0.0,0.0,0.0,132.90172175177406,True,assessed,hypothetical_designated_amounts
34_1_Bay_of_Bengal_(1978),new_GE,PP,1.0,4,2,2,"['SC', 'SE']","['SM', 'SR']",discard-routing sensitivity envelope; not a confidence interval,25.538246485514787,25.538246485514787,0.0,0.0,0.0,0.0,0.0,25.538246485514787,True,assessed,hypothetical_designated_amounts
34_1_Bay_of_Bengal_(1978),new_TE_EEfix,all,1.0,4,2,2,"['SC', 'SE']","['SM', 'SR']",discard-routing sensitivity envelope; not a confidence interval,223.4857321894861,223.4857321894861,0.0,0.0,0.0,0.0,0.0,223.4857321894861,True,assessed,hypothetical_designated_amounts
34_1_Bay_of_Bengal_(1978),new_TE_EEfix,inner,1.0,4,2,2,"['SC', 'SE']","['SM', 'SR']",discard-routing sensitivity envelope; not a confidence interval,223.43125899590828,223.43125899590828,0.0,0.0,0.0,0.0,0.0,223.43125899590828,True,assessed,hypothetical_designated_amounts
34_1_Bay_of_Bengal_(1978),new_TE_EEfix,PP,1.0,4,2,2,"['SC', 'SE']","['SM', 'SR']",discard-routing sensitivity envelope; not a confidence interval,112.77131485807598,112.77131485807598,0.0,0.0,0.0,0.0,0.0,112.77131485807598,True,assessed,hypothetical_designated_amounts
34_1_Bay_of_Bengal_(1978),new_WithEgestion,all,1.0,4,2,2,"['SC', 'SE']","['SM', 'SR']",discard-routing sensitivity envelope; not a confidence interval,36.5676198786057,36.5676198786057,0.0,0.0,0.0,0.0,0.0,36.5676198786057,True,assessed,hypothetical_designated_amounts
34_1_Bay_of_Bengal_(1978),new_WithEgestion,inner,1.0,4,2,2,"['SC', 'SE']","['SM', 'SR']",discard-routing sensitivity envelope; not a confidence interval,36.55105449516563,36.55105449516563,0.0,0.0,0.0,0.0,0.0,36.55105449516563,True,assessed,hypothetical_designated_amounts
34_1_Bay_of_Bengal_(1978),new_WithEgestion,PP,1.0,4,2,2,"['SC', 'SE']","['SM', 'SR']",discard-routing sensitivity envelope; not a confidence interval,6.353220341169743,6.353220341169743,0.0,0.0,0.0,0.0,0.0,6.353220341169743,True,assessed,hypothetical_designated_amounts
34_1_Bay_of_Bengal_(1978),Ulanowicz_TE,all,1.0,4,2,2,"['SC', 'SE']","['SM', 'SR']",discard-routing sensitivity envelope; not a confidence interval,59.31300134089574,59.31300134089574,0.0,0.0,0.0,0.0,0.0,59.31300134089574,True,assessed,hypothetical_designated_amounts
34_1_Bay_of_Bengal_(1978),Ulanowicz_TE,inner,1.0,4,2,2,"['SC', 'SE']","['SM', 'SR']",discard-routing sensitivity envelope; not a confidence interval,59.28447140236551,59.28447140236551,0.0,0.0,0.0,0.0,0.0,59.28447140236551,True,assessed,hypothetical_designated_amounts
34_1_Bay_of_Bengal_(1978),Ulanowicz_TE,PP,1.0,4,2,2,"['SC', 'SE']","['SM', 'SR']",discard-routing sensitivity envelope; not a confidence interval,33.09638980847202,33.09638980847202,0.0,0.0,0.0,0.0,0.0,33.09638980847202,True,assessed,hypothetical_designated_amounts
52_1_Sea_of_Okhotsk_NE_(1980),standard_fixed_baseline_TL,all,0.0,4,3,1,"['SC', 'SM', 'SE']",['SR'],discard-routing sensitivity envelope; not a confidence interval,0.0,0.0,0.0,0.0,0.0,0.0,,0.0,False,not_assessed,hypothetical_designated_amounts
52_1_Sea_of_Okhotsk_NE_(1980),standard_fixed_baseline_TL,inner,0.0,4,0,4,[],"['SC', 'SM', 'SE', 'SR']",discard-routing sensitivity envelope; not a confidence interval,,,,,,,,,False,not_assessed,hypothetical_designated_amounts
52_1_Sea_of_Okhotsk_NE_(1980),standard_fixed_baseline_TL,PP,0.0,4,0,4,[],"['SC', 'SM', 'SE', 'SR']",discard-routing sensitivity envelope; not a confidence interval,,,,,,,,,False,not_assessed,hypothetical_designated_amounts
52_1_Sea_of_Okhotsk_NE_(1980),SPPR_1995_TE0.1,all,0.0,4,3,1,"['SC', 'SM', 'SE']",['SR'],discard-routing sensitivity envelope; not a confidence interval,0.0,0.0,0.0,0.0,0.0,0.0,,0.0,False,not_assessed,hypothetical_designated_amounts
52_1_Sea_of_Okhotsk_NE_(1980),SPPR_1995_TE0.1,inner,0.0,4,0,4,[],"['SC', 'SM', 'SE', 'SR']",discard-routing sensitivity envelope; not a confidence interval,,,,,,,,,False,not_assessed,hypothetical_designated_amounts
52_1_Sea_of_Okhotsk_NE_(1980),SPPR_1995_TE0.1,PP,0.0,4,0,4,[],"['SC', 'SM', 'SE', 'SR']",discard-routing sensitivity envelope; not a confidence interval,,,,,,,,,False,not_assessed,hypothetical_designated_amounts
52_1_Sea_of_Okhotsk_NE_(1980),SPPR_1995_TEmean,all,0.0,4,3,1,"['SC', 'SM', 'SE']",['SR'],discard-routing sensitivity envelope; not a confidence interval,0.0,0.0,0.0,0.0,0.0,0.0,,0.0,False,not_assessed,hypothetical_designated_amounts
52_1_Sea_of_Okhotsk_NE_(1980),SPPR_1995_TEmean,inner,0.0,4,0,4,[],"['SC', 'SM', 'SE', 'SR']",discard-routing sensitivity envelope; not a confidence interval,,,,,,,,,False,not_assessed,hypothetical_designated_amounts
52_1_Sea_of_Okhotsk_NE_(1980),SPPR_1995_TEmean,PP,0.0,4,0,4,[],"['SC', 'SM', 'SE', 'SR']",discard-routing sensitivity envelope; not a confidence interval,,,,,,,,,False,not_assessed,hypothetical_designated_amounts
52_1_Sea_of_Okhotsk_NE_(1980),SPPR_1986,all,0.0,4,0,4,[],"['SC', 'SM', 'SE', 'SR']",discard-routing sensitivity envelope; not a confidence interval,,,,,,,,,False,not_assessed,hypothetical_designated_amounts
52_1_Sea_of_Okhotsk_NE_(1980),SPPR_1986,inner,0.0,4,0,4,[],"['SC', 'SM', 'SE', 'SR']",discard-routing sensitivity envelope; not a confidence interval,,,,,,,,,False,not_assessed,hypothetical_designated_amounts
52_1_Sea_of_Okhotsk_NE_(1980),SPPR_1986,PP,0.0,4,0,4,[],"['SC', 'SM', 'SE', 'SR']",discard-routing sensitivity envelope; not a confidence interval,,,,,,,,,False,not_assessed,hypothetical_designated_amounts
52_1_Sea_of_Okhotsk_NE_(1980),new_GE,all,0.0,4,3,1,"['SC', 'SM', 'SE']",['SR'],discard-routing sensitivity envelope; not a confidence interval,0.0,0.0,0.0,0.0,0.0,0.0,,0.0,False,not_assessed,hypothetical_designated_amounts
52_1_Sea_of_Okhotsk_NE_(1980),new_GE,inner,0.0,4,3,1,"['SC', 'SM', 'SE']",['SR'],discard-routing sensitivity envelope; not a confidence interval,0.0,0.0,0.0,0.0,0.0,0.0,,0.0,False,not_assessed,hypothetical_designated_amounts
52_1_Sea_of_Okhotsk_NE_(1980),new_GE,PP,0.0,4,3,1,"['SC', 'SM', 'SE']",['SR'],discard-routing sensitivity envelope; not a confidence interval,0.0,0.0,0.0,0.0,0.0,0.0,,0.0,False,not_assessed,hypothetical_designated_amounts
52_1_Sea_of_Okhotsk_NE_(1980),new_TE_EEfix,all,0.0,4,0,4,[],"['SC', 'SM', 'SE', 'SR']",discard-routing sensitivity envelope; not a confidence interval,,,,,,,,0.0,False,not_assessed,hypothetical_designated_amounts
52_1_Sea_of_Okhotsk_NE_(1980),new_TE_EEfix,inner,0.0,4,0,4,[],"['SC', 'SM', 'SE', 'SR']",discard-routing sensitivity envelope; not a confidence interval,,,,,,,,0.0,False,not_assessed,hypothetical_designated_amounts
52_1_Sea_of_Okhotsk_NE_(1980),new_TE_EEfix,PP,0.0,4,0,4,[],"['SC', 'SM', 'SE', 'SR']",discard-routing sensitivity envelope; not a confidence interval,,,,,,,,0.0,False,not_assessed,hypothetical_designated_amounts
52_1_Sea_of_Okhotsk_NE_(1980),new_WithEgestion,all,0.0,4,3,1,"['SC', 'SM', 'SE']",['SR'],discard-routing sensitivity envelope; not a confidence interval,0.0,0.0,0.0,0.0,0.0,0.0,,0.0,False,not_assessed,hypothetical_designated_amounts
52_1_Sea_of_Okhotsk_NE_(1980),new_WithEgestion,inner,0.0,4,3,1,"['SC', 'SM', 'SE']",['SR'],discard-routing sensitivity envelope; not a confidence interval,0.0,0.0,0.0,0.0,0.0,0.0,,0.0,False,not_assessed,hypothetical_designated_amounts
52_1_Sea_of_Okhotsk_NE_(1980),new_WithEgestion,PP,0.0,4,3,1,"['SC', 'SM', 'SE']",['SR'],discard-routing sensitivity envelope; not a confidence interval,0.0,0.0,0.0,0.0,0.0,0.0,,0.0,False,not_assessed,hypothetical_designated_amounts
52_1_Sea_of_Okhotsk_NE_(1980),Ulanowicz_TE,all,0.0,4,3,1,"['SC', 'SM', 'SE']",['SR'],discard-routing sensitivity envelope; not a confidence interval,0.0,0.0,0.0,0.0,0.0,0.0,,0.0,False,not_assessed,hypothetical_designated_amounts
52_1_Sea_of_Okhotsk_NE_(1980),Ulanowicz_TE,inner,0.0,4,3,1,"['SC', 'SM', 'SE']",['SR'],discard-routing sensitivity envelope; not a confidence interval,0.0,0.0,0.0,0.0,0.0,0.0,,0.0,False,not_assessed,hypothetical_designated_amounts
52_1_Sea_of_Okhotsk_NE_(1980),Ulanowicz_TE,PP,0.0,4,3,1,"['SC', 'SM', 'SE']",['SR'],discard-routing sensitivity envelope; not a confidence interval,0.0,0.0,0.0,0.0,0.0,0.0,,0.0,False,not_assessed,hypothetical_designated_amounts
52_1_Sea_of_Okhotsk_NE_(1980),standard_fixed_baseline_TL,all,0.01,4,3,1,"['SC', 'SM', 'SE']",['SR'],discard-routing sensitivity envelope; not a confidence interval,0.0,0.0,0.0,0.0,0.0,0.0,,0.0,False,not_assessed,hypothetical_designated_amounts
52_1_Sea_of_Okhotsk_NE_(1980),standard_fixed_baseline_TL,inner,0.01,4,0,4,[],"['SC', 'SM', 'SE', 'SR']",discard-routing sensitivity envelope; not a confidence interval,,,,,,,,,False,not_assessed,hypothetical_designated_amounts
52_1_Sea_of_Okhotsk_NE_(1980),standard_fixed_baseline_TL,PP,0.01,4,0,4,[],"['SC', 'SM', 'SE', 'SR']",discard-routing sensitivity envelope; not a confidence interval,,,,,,,,,False,not_assessed,hypothetical_designated_amounts
52_1_Sea_of_Okhotsk_NE_(1980),SPPR_1995_TE0.1,all,0.01,4,3,1,"['SC', 'SM', 'SE']",['SR'],discard-routing sensitivity envelope; not a confidence interval,0.0,0.0,0.0,0.0,0.0,0.0,,0.0,False,not_assessed,hypothetical_designated_amounts
52_1_Sea_of_Okhotsk_NE_(1980),SPPR_1995_TE0.1,inner,0.01,4,0,4,[],"['SC', 'SM', 'SE', 'SR']",discard-routing sensitivity envelope; not a confidence interval,,,,,,,,,False,not_assessed,hypothetical_designated_amounts
52_1_Sea_of_Okhotsk_NE_(1980),SPPR_1995_TE0.1,PP,0.01,4,0,4,[],"['SC', 'SM', 'SE', 'SR']",discard-routing sensitivity envelope; not a confidence interval,,,,,,,,,False,not_assessed,hypothetical_designated_amounts
52_1_Sea_of_Okhotsk_NE_(1980),SPPR_1995_TEmean,all,0.01,4,3,1,"['SC', 'SM', 'SE']",['SR'],discard-routing sensitivity envelope; not a confidence interval,0.0,0.0,0.0,0.0,0.0,0.0,,0.0,False,not_assessed,hypothetical_designated_amounts
52_1_Sea_of_Okhotsk_NE_(1980),SPPR_1995_TEmean,inner,0.01,4,0,4,[],"['SC', 'SM', 'SE', 'SR']",discard-routing sensitivity envelope; not a confidence interval,,,,,,,,,False,not_assessed,hypothetical_designated_amounts
52_1_Sea_of_Okhotsk_NE_(1980),SPPR_1995_TEmean,PP,0.01,4,0,4,[],"['SC', 'SM', 'SE', 'SR']",discard-routing sensitivity envelope; not a confidence interval,,,,,,,,,False,not_assessed,hypothetical_designated_amounts
52_1_Sea_of_Okhotsk_NE_(1980),SPPR_1986,all,0.01,4,0,4,[],"['SC', 'SM', 'SE', 'SR']",discard-routing sensitivity envelope; not a confidence interval,,,,,,,,,False,not_assessed,hypothetical_designated_amounts
52_1_Sea_of_Okhotsk_NE_(1980),SPPR_1986,inner,0.01,4,0,4,[],"['SC', 'SM', 'SE', 'SR']",discard-routing sensitivity envelope; not a confidence interval,,,,,,,,,False,not_assessed,hypothetical_designated_amounts
52_1_Sea_of_Okhotsk_NE_(1980),SPPR_1986,PP,0.01,4,0,4,[],"['SC', 'SM', 'SE', 'SR']",discard-routing sensitivity envelope; not a confidence interval,,,,,,,,,False,not_assessed,hypothetical_designated_amounts
52_1_Sea_of_Okhotsk_NE_(1980),new_GE,all,0.01,4,3,1,"['SC', 'SM', 'SE']",['SR'],discard-routing sensitivity envelope; not a confidence interval,0.0,0.0,0.0,0.0,0.0,0.0,,0.0,False,not_assessed,hypothetical_designated_amounts
52_1_Sea_of_Okhotsk_NE_(1980),new_GE,inner,0.01,4,3,1,"['SC', 'SM', 'SE']",['SR'],discard-routing sensitivity envelope; not a confidence interval,0.0,0.0,0.0,0.0,0.0,0.0,,0.0,False,not_assessed,hypothetical_designated_amounts
52_1_Sea_of_Okhotsk_NE_(1980),new_GE,PP,0.01,4,3,1,"['SC', 'SM', 'SE']",['SR'],discard-routing sensitivity envelope; not a confidence interval,0.0,0.0,0.0,0.0,0.0,0.0,,0.0,False,not_assessed,hypothetical_designated_amounts
52_1_Sea_of_Okhotsk_NE_(1980),new_TE_EEfix,all,0.01,4,0,4,[],"['SC', 'SM', 'SE', 'SR']",discard-routing sensitivity envelope; not a confidence interval,,,,,,,,0.0,False,not_assessed,hypothetical_designated_amounts
52_1_Sea_of_Okhotsk_NE_(1980),new_TE_EEfix,inner,0.01,4,0,4,[],"['SC', 'SM', 'SE', 'SR']",discard-routing sensitivity envelope; not a confidence interval,,,,,,,,0.0,False,not_assessed,hypothetical_designated_amounts
52_1_Sea_of_Okhotsk_NE_(1980),new_TE_EEfix,PP,0.01,4,0,4,[],"['SC', 'SM', 'SE', 'SR']",discard-routing sensitivity envelope; not a confidence interval,,,,,,,,0.0,False,not_assessed,hypothetical_designated_amounts
52_1_Sea_of_Okhotsk_NE_(1980),new_WithEgestion,all,0.01,4,3,1,"['SC', 'SM', 'SE']",['SR'],discard-routing sensitivity envelope; not a confidence interval,0.0,0.0,0.0,0.0,0.0,0.0,,0.0,False,not_assessed,hypothetical_designated_amounts
52_1_Sea_of_Okhotsk_NE_(1980),new_WithEgestion,inner,0.01,4,3,1,"['SC', 'SM', 'SE']",['SR'],discard-routing sensitivity envelope; not a confidence interval,0.0,0.0,0.0,0.0,0.0,0.0,,0.0,False,not_assessed,hypothetical_designated_amounts
52_1_Sea_of_Okhotsk_NE_(1980),new_WithEgestion,PP,0.01,4,3,1,"['SC', 'SM', 'SE']",['SR'],discard-routing sensitivity envelope; not a confidence interval,0.0,0.0,0.0,0.0,0.0,0.0,,0.0,False,not_assessed,hypothetical_designated_amounts
52_1_Sea_of_Okhotsk_NE_(1980),Ulanowicz_TE,all,0.01,4,3,1,"['SC', 'SM', 'SE']",['SR'],discard-routing sensitivity envelope; not a confidence interval,0.0,0.0,0.0,0.0,0.0,0.0,,0.0,False,not_assessed,hypothetical_designated_amounts
52_1_Sea_of_Okhotsk_NE_(1980),Ulanowicz_TE,inner,0.01,4,3,1,"['SC', 'SM', 'SE']",['SR'],discard-routing sensitivity envelope; not a confidence interval,0.0,0.0,0.0,0.0,0.0,0.0,,0.0,False,not_assessed,hypothetical_designated_amounts
52_1_Sea_of_Okhotsk_NE_(1980),Ulanowicz_TE,PP,0.01,4,3,1,"['SC', 'SM', 'SE']",['SR'],discard-routing sensitivity envelope; not a confidence interval,0.0,0.0,0.0,0.0,0.0,0.0,,0.0,False,not_assessed,hypothetical_designated_amounts
52_1_Sea_of_Okhotsk_NE_(1980),standard_fixed_baseline_TL,all,0.05,4,3,1,"['SC', 'SM', 'SE']",['SR'],discard-routing sensitivity envelope; not a confidence interval,0.0,0.0,0.0,0.0,0.0,0.0,,0.0,False,not_assessed,hypothetical_designated_amounts
52_1_Sea_of_Okhotsk_NE_(1980),standard_fixed_baseline_TL,inner,0.05,4,0,4,[],"['SC', 'SM', 'SE', 'SR']",discard-routing sensitivity envelope; not a confidence interval,,,,,,,,,False,not_assessed,hypothetical_designated_amounts
52_1_Sea_of_Okhotsk_NE_(1980),standard_fixed_baseline_TL,PP,0.05,4,0,4,[],"['SC', 'SM', 'SE', 'SR']",discard-routing sensitivity envelope; not a confidence interval,,,,,,,,,False,not_assessed,hypothetical_designated_amounts
52_1_Sea_of_Okhotsk_NE_(1980),SPPR_1995_TE0.1,all,0.05,4,3,1,"['SC', 'SM', 'SE']",['SR'],discard-routing sensitivity envelope; not a confidence interval,0.0,0.0,0.0,0.0,0.0,0.0,,0.0,False,not_assessed,hypothetical_designated_amounts
52_1_Sea_of_Okhotsk_NE_(1980),SPPR_1995_TE0.1,inner,0.05,4,0,4,[],"['SC', 'SM', 'SE', 'SR']",discard-routing sensitivity envelope; not a confidence interval,,,,,,,,,False,not_assessed,hypothetical_designated_amounts
52_1_Sea_of_Okhotsk_NE_(1980),SPPR_1995_TE0.1,PP,0.05,4,0,4,[],"['SC', 'SM', 'SE', 'SR']",discard-routing sensitivity envelope; not a confidence interval,,,,,,,,,False,not_assessed,hypothetical_designated_amounts
52_1_Sea_of_Okhotsk_NE_(1980),SPPR_1995_TEmean,all,0.05,4,3,1,"['SC', 'SM', 'SE']",['SR'],discard-routing sensitivity envelope; not a confidence interval,0.0,0.0,0.0,0.0,0.0,0.0,,0.0,False,not_assessed,hypothetical_designated_amounts
52_1_Sea_of_Okhotsk_NE_(1980),SPPR_1995_TEmean,inner,0.05,4,0,4,[],"['SC', 'SM', 'SE', 'SR']",discard-routing sensitivity envelope; not a confidence interval,,,,,,,,,False,not_assessed,hypothetical_designated_amounts
52_1_Sea_of_Okhotsk_NE_(1980),SPPR_1995_TEmean,PP,0.05,4,0,4,[],"['SC', 'SM', 'SE', 'SR']",discard-routing sensitivity envelope; not a confidence interval,,,,,,,,,False,not_assessed,hypothetical_designated_amounts
52_1_Sea_of_Okhotsk_NE_(1980),SPPR_1986,all,0.05,4,0,4,[],"['SC', 'SM', 'SE', 'SR']",discard-routing sensitivity envelope; not a confidence interval,,,,,,,,,False,not_assessed,hypothetical_designated_amounts
52_1_Sea_of_Okhotsk_NE_(1980),SPPR_1986,inner,0.05,4,0,4,[],"['SC', 'SM', 'SE', 'SR']",discard-routing sensitivity envelope; not a confidence interval,,,,,,,,,False,not_assessed,hypothetical_designated_amounts
52_1_Sea_of_Okhotsk_NE_(1980),SPPR_1986,PP,0.05,4,0,4,[],"['SC', 'SM', 'SE', 'SR']",discard-routing sensitivity envelope; not a confidence interval,,,,,,,,,False,not_assessed,hypothetical_designated_amounts
52_1_Sea_of_Okhotsk_NE_(1980),new_GE,all,0.05,4,3,1,"['SC', 'SM', 'SE']",['SR'],discard-routing sensitivity envelope; not a confidence interval,0.0,0.0,0.0,0.0,0.0,0.0,,0.0,False,not_assessed,hypothetical_designated_amounts
52_1_Sea_of_Okhotsk_NE_(1980),new_GE,inner,0.05,4,3,1,"['SC', 'SM', 'SE']",['SR'],discard-routing sensitivity envelope; not a confidence interval,0.0,0.0,0.0,0.0,0.0,0.0,,0.0,False,not_assessed,hypothetical_designated_amounts
52_1_Sea_of_Okhotsk_NE_(1980),new_GE,PP,0.05,4,3,1,"['SC', 'SM', 'SE']",['SR'],discard-routing sensitivity envelope; not a confidence interval,0.0,0.0,0.0,0.0,0.0,0.0,,0.0,False,not_assessed,hypothetical_designated_amounts
52_1_Sea_of_Okhotsk_NE_(1980),new_TE_EEfix,all,0.05,4,0,4,[],"['SC', 'SM', 'SE', 'SR']",discard-routing sensitivity envelope; not a confidence interval,,,,,,,,0.0,False,not_assessed,hypothetical_designated_amounts
52_1_Sea_of_Okhotsk_NE_(1980),new_TE_EEfix,inner,0.05,4,0,4,[],"['SC', 'SM', 'SE', 'SR']",discard-routing sensitivity envelope; not a confidence interval,,,,,,,,0.0,False,not_assessed,hypothetical_designated_amounts
52_1_Sea_of_Okhotsk_NE_(1980),new_TE_EEfix,PP,0.05,4,0,4,[],"['SC', 'SM', 'SE', 'SR']",discard-routing sensitivity envelope; not a confidence interval,,,,,,,,0.0,False,not_assessed,hypothetical_designated_amounts
52_1_Sea_of_Okhotsk_NE_(1980),new_WithEgestion,all,0.05,4,3,1,"['SC', 'SM', 'SE']",['SR'],discard-routing sensitivity envelope; not a confidence interval,0.0,0.0,0.0,0.0,0.0,0.0,,0.0,False,not_assessed,hypothetical_designated_amounts
52_1_Sea_of_Okhotsk_NE_(1980),new_WithEgestion,inner,0.05,4,3,1,"['SC', 'SM', 'SE']",['SR'],discard-routing sensitivity envelope; not a confidence interval,0.0,0.0,0.0,0.0,0.0,0.0,,0.0,False,not_assessed,hypothetical_designated_amounts
52_1_Sea_of_Okhotsk_NE_(1980),new_WithEgestion,PP,0.05,4,3,1,"['SC', 'SM', 'SE']",['SR'],discard-routing sensitivity envelope; not a confidence interval,0.0,0.0,0.0,0.0,0.0,0.0,,0.0,False,not_assessed,hypothetical_designated_amounts
52_1_Sea_of_Okhotsk_NE_(1980),Ulanowicz_TE,all,0.05,4,3,1,"['SC', 'SM', 'SE']",['SR'],discard-routing sensitivity envelope; not a confidence interval,0.0,0.0,0.0,0.0,0.0,0.0,,0.0,False,not_assessed,hypothetical_designated_amounts
52_1_Sea_of_Okhotsk_NE_(1980),Ulanowicz_TE,inner,0.05,4,3,1,"['SC', 'SM', 'SE']",['SR'],discard-routing sensitivity envelope; not a confidence interval,0.0,0.0,0.0,0.0,0.0,0.0,,0.0,False,not_assessed,hypothetical_designated_amounts
52_1_Sea_of_Okhotsk_NE_(1980),Ulanowicz_TE,PP,0.05,4,3,1,"['SC', 'SM', 'SE']",['SR'],discard-routing sensitivity envelope; not a confidence interval,0.0,0.0,0.0,0.0,0.0,0.0,,0.0,False,not_assessed,hypothetical_designated_amounts
52_1_Sea_of_Okhotsk_NE_(1980),standard_fixed_baseline_TL,all,0.1,4,3,1,"['SC', 'SM', 'SE']",['SR'],discard-routing sensitivity envelope; not a confidence interval,0.0,0.0,0.0,0.0,0.0,0.0,,0.0,False,not_assessed,hypothetical_designated_amounts
52_1_Sea_of_Okhotsk_NE_(1980),standard_fixed_baseline_TL,inner,0.1,4,0,4,[],"['SC', 'SM', 'SE', 'SR']",discard-routing sensitivity envelope; not a confidence interval,,,,,,,,,False,not_assessed,hypothetical_designated_amounts
52_1_Sea_of_Okhotsk_NE_(1980),standard_fixed_baseline_TL,PP,0.1,4,0,4,[],"['SC', 'SM', 'SE', 'SR']",discard-routing sensitivity envelope; not a confidence interval,,,,,,,,,False,not_assessed,hypothetical_designated_amounts
52_1_Sea_of_Okhotsk_NE_(1980),SPPR_1995_TE0.1,all,0.1,4,3,1,"['SC', 'SM', 'SE']",['SR'],discard-routing sensitivity envelope; not a confidence interval,0.0,0.0,0.0,0.0,0.0,0.0,,0.0,False,not_assessed,hypothetical_designated_amounts
52_1_Sea_of_Okhotsk_NE_(1980),SPPR_1995_TE0.1,inner,0.1,4,0,4,[],"['SC', 'SM', 'SE', 'SR']",discard-routing sensitivity envelope; not a confidence interval,,,,,,,,,False,not_assessed,hypothetical_designated_amounts
52_1_Sea_of_Okhotsk_NE_(1980),SPPR_1995_TE0.1,PP,0.1,4,0,4,[],"['SC', 'SM', 'SE', 'SR']",discard-routing sensitivity envelope; not a confidence interval,,,,,,,,,False,not_assessed,hypothetical_designated_amounts
52_1_Sea_of_Okhotsk_NE_(1980),SPPR_1995_TEmean,all,0.1,4,3,1,"['SC', 'SM', 'SE']",['SR'],discard-routing sensitivity envelope; not a confidence interval,0.0,0.0,0.0,0.0,0.0,0.0,,0.0,False,not_assessed,hypothetical_designated_amounts
52_1_Sea_of_Okhotsk_NE_(1980),SPPR_1995_TEmean,inner,0.1,4,0,4,[],"['SC', 'SM', 'SE', 'SR']",discard-routing sensitivity envelope; not a confidence interval,,,,,,,,,False,not_assessed,hypothetical_designated_amounts
52_1_Sea_of_Okhotsk_NE_(1980),SPPR_1995_TEmean,PP,0.1,4,0,4,[],"['SC', 'SM', 'SE', 'SR']",discard-routing sensitivity envelope; not a confidence interval,,,,,,,,,False,not_assessed,hypothetical_designated_amounts
52_1_Sea_of_Okhotsk_NE_(1980),SPPR_1986,all,0.1,4,0,4,[],"['SC', 'SM', 'SE', 'SR']",discard-routing sensitivity envelope; not a confidence interval,,,,,,,,,False,not_assessed,hypothetical_designated_amounts
52_1_Sea_of_Okhotsk_NE_(1980),SPPR_1986,inner,0.1,4,0,4,[],"['SC', 'SM', 'SE', 'SR']",discard-routing sensitivity envelope; not a confidence interval,,,,,,,,,False,not_assessed,hypothetical_designated_amounts
52_1_Sea_of_Okhotsk_NE_(1980),SPPR_1986,PP,0.1,4,0,4,[],"['SC', 'SM', 'SE', 'SR']",discard-routing sensitivity envelope; not a confidence interval,,,,,,,,,False,not_assessed,hypothetical_designated_amounts
52_1_Sea_of_Okhotsk_NE_(1980),new_GE,all,0.1,4,3,1,"['SC', 'SM', 'SE']",['SR'],discard-routing sensitivity envelope; not a confidence interval,0.0,0.0,0.0,0.0,0.0,0.0,,0.0,False,not_assessed,hypothetical_designated_amounts
52_1_Sea_of_Okhotsk_NE_(1980),new_GE,inner,0.1,4,3,1,"['SC', 'SM', 'SE']",['SR'],discard-routing sensitivity envelope; not a confidence interval,0.0,0.0,0.0,0.0,0.0,0.0,,0.0,False,not_assessed,hypothetical_designated_amounts
52_1_Sea_of_Okhotsk_NE_(1980),new_GE,PP,0.1,4,3,1,"['SC', 'SM', 'SE']",['SR'],discard-routing sensitivity envelope; not a confidence interval,0.0,0.0,0.0,0.0,0.0,0.0,,0.0,False,not_assessed,hypothetical_designated_amounts
52_1_Sea_of_Okhotsk_NE_(1980),new_TE_EEfix,all,0.1,4,0,4,[],"['SC', 'SM', 'SE', 'SR']",discard-routing sensitivity envelope; not a confidence interval,,,,,,,,0.0,False,not_assessed,hypothetical_designated_amounts
52_1_Sea_of_Okhotsk_NE_(1980),new_TE_EEfix,inner,0.1,4,0,4,[],"['SC', 'SM', 'SE', 'SR']",discard-routing sensitivity envelope; not a confidence interval,,,,,,,,0.0,False,not_assessed,hypothetical_designated_amounts
52_1_Sea_of_Okhotsk_NE_(1980),new_TE_EEfix,PP,0.1,4,0,4,[],"['SC', 'SM', 'SE', 'SR']",discard-routing sensitivity envelope; not a confidence interval,,,,,,,,0.0,False,not_assessed,hypothetical_designated_amounts
52_1_Sea_of_Okhotsk_NE_(1980),new_WithEgestion,all,0.1,4,3,1,"['SC', 'SM', 'SE']",['SR'],discard-routing sensitivity envelope; not a confidence interval,0.0,0.0,0.0,0.0,0.0,0.0,,0.0,False,not_assessed,hypothetical_designated_amounts
52_1_Sea_of_Okhotsk_NE_(1980),new_WithEgestion,inner,0.1,4,3,1,"['SC', 'SM', 'SE']",['SR'],discard-routing sensitivity envelope; not a confidence interval,0.0,0.0,0.0,0.0,0.0,0.0,,0.0,False,not_assessed,hypothetical_designated_amounts
52_1_Sea_of_Okhotsk_NE_(1980),new_WithEgestion,PP,0.1,4,3,1,"['SC', 'SM', 'SE']",['SR'],discard-routing sensitivity envelope; not a confidence interval,0.0,0.0,0.0,0.0,0.0,0.0,,0.0,False,not_assessed,hypothetical_designated_amounts
52_1_Sea_of_Okhotsk_NE_(1980),Ulanowicz_TE,all,0.1,4,3,1,"['SC', 'SM', 'SE']",['SR'],discard-routing sensitivity envelope; not a confidence interval,0.0,0.0,0.0,0.0,0.0,0.0,,0.0,False,not_assessed,hypothetical_designated_amounts
52_1_Sea_of_Okhotsk_NE_(1980),Ulanowicz_TE,inner,0.1,4,3,1,"['SC', 'SM', 'SE']",['SR'],discard-routing sensitivity envelope; not a confidence interval,0.0,0.0,0.0,0.0,0.0,0.0,,0.0,False,not_assessed,hypothetical_designated_amounts
52_1_Sea_of_Okhotsk_NE_(1980),Ulanowicz_TE,PP,0.1,4,3,1,"['SC', 'SM', 'SE']",['SR'],discard-routing sensitivity envelope; not a confidence interval,0.0,0.0,0.0,0.0,0.0,0.0,,0.0,False,not_assessed,hypothetical_designated_amounts
52_1_Sea_of_Okhotsk_NE_(1980),standard_fixed_baseline_TL,all,0.2,4,3,1,"['SC', 'SM', 'SE']",['SR'],discard-routing sensitivity envelope; not a confidence interval,0.0,0.0,0.0,0.0,0.0,0.0,,0.0,False,not_assessed,hypothetical_designated_amounts
52_1_Sea_of_Okhotsk_NE_(1980),standard_fixed_baseline_TL,inner,0.2,4,0,4,[],"['SC', 'SM', 'SE', 'SR']",discard-routing sensitivity envelope; not a confidence interval,,,,,,,,,False,not_assessed,hypothetical_designated_amounts
52_1_Sea_of_Okhotsk_NE_(1980),standard_fixed_baseline_TL,PP,0.2,4,0,4,[],"['SC', 'SM', 'SE', 'SR']",discard-routing sensitivity envelope; not a confidence interval,,,,,,,,,False,not_assessed,hypothetical_designated_amounts
52_1_Sea_of_Okhotsk_NE_(1980),SPPR_1995_TE0.1,all,0.2,4,3,1,"['SC', 'SM', 'SE']",['SR'],discard-routing sensitivity envelope; not a confidence interval,0.0,0.0,0.0,0.0,0.0,0.0,,0.0,False,not_assessed,hypothetical_designated_amounts
52_1_Sea_of_Okhotsk_NE_(1980),SPPR_1995_TE0.1,inner,0.2,4,0,4,[],"['SC', 'SM', 'SE', 'SR']",discard-routing sensitivity envelope; not a confidence interval,,,,,,,,,False,not_assessed,hypothetical_designated_amounts
52_1_Sea_of_Okhotsk_NE_(1980),SPPR_1995_TE0.1,PP,0.2,4,0,4,[],"['SC', 'SM', 'SE', 'SR']",discard-routing sensitivity envelope; not a confidence interval,,,,,,,,,False,not_assessed,hypothetical_designated_amounts
52_1_Sea_of_Okhotsk_NE_(1980),SPPR_1995_TEmean,all,0.2,4,3,1,"['SC', 'SM', 'SE']",['SR'],discard-routing sensitivity envelope; not a confidence interval,0.0,0.0,0.0,0.0,0.0,0.0,,0.0,False,not_assessed,hypothetical_designated_amounts
52_1_Sea_of_Okhotsk_NE_(1980),SPPR_1995_TEmean,inner,0.2,4,0,4,[],"['SC', 'SM', 'SE', 'SR']",discard-routing sensitivity envelope; not a confidence interval,,,,,,,,,False,not_assessed,hypothetical_designated_amounts
52_1_Sea_of_Okhotsk_NE_(1980),SPPR_1995_TEmean,PP,0.2,4,0,4,[],"['SC', 'SM', 'SE', 'SR']",discard-routing sensitivity envelope; not a confidence interval,,,,,,,,,False,not_assessed,hypothetical_designated_amounts
52_1_Sea_of_Okhotsk_NE_(1980),SPPR_1986,all,0.2,4,0,4,[],"['SC', 'SM', 'SE', 'SR']",discard-routing sensitivity envelope; not a confidence interval,,,,,,,,,False,not_assessed,hypothetical_designated_amounts
52_1_Sea_of_Okhotsk_NE_(1980),SPPR_1986,inner,0.2,4,0,4,[],"['SC', 'SM', 'SE', 'SR']",discard-routing sensitivity envelope; not a confidence interval,,,,,,,,,False,not_assessed,hypothetical_designated_amounts
52_1_Sea_of_Okhotsk_NE_(1980),SPPR_1986,PP,0.2,4,0,4,[],"['SC', 'SM', 'SE', 'SR']",discard-routing sensitivity envelope; not a confidence interval,,,,,,,,,False,not_assessed,hypothetical_designated_amounts
52_1_Sea_of_Okhotsk_NE_(1980),new_GE,all,0.2,4,3,1,"['SC', 'SM', 'SE']",['SR'],discard-routing sensitivity envelope; not a confidence interval,0.0,0.0,0.0,0.0,0.0,0.0,,0.0,False,not_assessed,hypothetical_designated_amounts
52_1_Sea_of_Okhotsk_NE_(1980),new_GE,inner,0.2,4,3,1,"['SC', 'SM', 'SE']",['SR'],discard-routing sensitivity envelope; not a confidence interval,0.0,0.0,0.0,0.0,0.0,0.0,,0.0,False,not_assessed,hypothetical_designated_amounts
52_1_Sea_of_Okhotsk_NE_(1980),new_GE,PP,0.2,4,3,1,"['SC', 'SM', 'SE']",['SR'],discard-routing sensitivity envelope; not a confidence interval,0.0,0.0,0.0,0.0,0.0,0.0,,0.0,False,not_assessed,hypothetical_designated_amounts
52_1_Sea_of_Okhotsk_NE_(1980),new_TE_EEfix,all,0.2,4,0,4,[],"['SC', 'SM', 'SE', 'SR']",discard-routing sensitivity envelope; not a confidence interval,,,,,,,,0.0,False,not_assessed,hypothetical_designated_amounts
52_1_Sea_of_Okhotsk_NE_(1980),new_TE_EEfix,inner,0.2,4,0,4,[],"['SC', 'SM', 'SE', 'SR']",discard-routing sensitivity envelope; not a confidence interval,,,,,,,,0.0,False,not_assessed,hypothetical_designated_amounts
52_1_Sea_of_Okhotsk_NE_(1980),new_TE_EEfix,PP,0.2,4,0,4,[],"['SC', 'SM', 'SE', 'SR']",discard-routing sensitivity envelope; not a confidence interval,,,,,,,,0.0,False,not_assessed,hypothetical_designated_amounts
52_1_Sea_of_Okhotsk_NE_(1980),new_WithEgestion,all,0.2,4,3,1,"['SC', 'SM', 'SE']",['SR'],discard-routing sensitivity envelope; not a confidence interval,0.0,0.0,0.0,0.0,0.0,0.0,,0.0,False,not_assessed,hypothetical_designated_amounts
52_1_Sea_of_Okhotsk_NE_(1980),new_WithEgestion,inner,0.2,4,3,1,"['SC', 'SM', 'SE']",['SR'],discard-routing sensitivity envelope; not a confidence interval,0.0,0.0,0.0,0.0,0.0,0.0,,0.0,False,not_assessed,hypothetical_designated_amounts
52_1_Sea_of_Okhotsk_NE_(1980),new_WithEgestion,PP,0.2,4,3,1,"['SC', 'SM', 'SE']",['SR'],discard-routing sensitivity envelope; not a confidence interval,0.0,0.0,0.0,0.0,0.0,0.0,,0.0,False,not_assessed,hypothetical_designated_amounts
52_1_Sea_of_Okhotsk_NE_(1980),Ulanowicz_TE,all,0.2,4,3,1,"['SC', 'SM', 'SE']",['SR'],discard-routing sensitivity envelope; not a confidence interval,0.0,0.0,0.0,0.0,0.0,0.0,,0.0,False,not_assessed,hypothetical_designated_amounts
52_1_Sea_of_Okhotsk_NE_(1980),Ulanowicz_TE,inner,0.2,4,3,1,"['SC', 'SM', 'SE']",['SR'],discard-routing sensitivity envelope; not a confidence interval,0.0,0.0,0.0,0.0,0.0,0.0,,0.0,False,not_assessed,hypothetical_designated_amounts
52_1_Sea_of_Okhotsk_NE_(1980),Ulanowicz_TE,PP,0.2,4,3,1,"['SC', 'SM', 'SE']",['SR'],discard-routing sensitivity envelope; not a confidence interval,0.0,0.0,0.0,0.0,0.0,0.0,,0.0,False,not_assessed,hypothetical_designated_amounts
52_1_Sea_of_Okhotsk_NE_(1980),standard_fixed_baseline_TL,all,0.3,4,3,1,"['SC', 'SM', 'SE']",['SR'],discard-routing sensitivity envelope; not a confidence interval,0.0,0.0,0.0,0.0,0.0,0.0,,0.0,False,not_assessed,hypothetical_designated_amounts
52_1_Sea_of_Okhotsk_NE_(1980),standard_fixed_baseline_TL,inner,0.3,4,0,4,[],"['SC', 'SM', 'SE', 'SR']",discard-routing sensitivity envelope; not a confidence interval,,,,,,,,,False,not_assessed,hypothetical_designated_amounts
52_1_Sea_of_Okhotsk_NE_(1980),standard_fixed_baseline_TL,PP,0.3,4,0,4,[],"['SC', 'SM', 'SE', 'SR']",discard-routing sensitivity envelope; not a confidence interval,,,,,,,,,False,not_assessed,hypothetical_designated_amounts
52_1_Sea_of_Okhotsk_NE_(1980),SPPR_1995_TE0.1,all,0.3,4,3,1,"['SC', 'SM', 'SE']",['SR'],discard-routing sensitivity envelope; not a confidence interval,0.0,0.0,0.0,0.0,0.0,0.0,,0.0,False,not_assessed,hypothetical_designated_amounts
52_1_Sea_of_Okhotsk_NE_(1980),SPPR_1995_TE0.1,inner,0.3,4,0,4,[],"['SC', 'SM', 'SE', 'SR']",discard-routing sensitivity envelope; not a confidence interval,,,,,,,,,False,not_assessed,hypothetical_designated_amounts
52_1_Sea_of_Okhotsk_NE_(1980),SPPR_1995_TE0.1,PP,0.3,4,0,4,[],"['SC', 'SM', 'SE', 'SR']",discard-routing sensitivity envelope; not a confidence interval,,,,,,,,,False,not_assessed,hypothetical_designated_amounts
52_1_Sea_of_Okhotsk_NE_(1980),SPPR_1995_TEmean,all,0.3,4,3,1,"['SC', 'SM', 'SE']",['SR'],discard-routing sensitivity envelope; not a confidence interval,0.0,0.0,0.0,0.0,0.0,0.0,,0.0,False,not_assessed,hypothetical_designated_amounts
52_1_Sea_of_Okhotsk_NE_(1980),SPPR_1995_TEmean,inner,0.3,4,0,4,[],"['SC', 'SM', 'SE', 'SR']",discard-routing sensitivity envelope; not a confidence interval,,,,,,,,,False,not_assessed,hypothetical_designated_amounts
52_1_Sea_of_Okhotsk_NE_(1980),SPPR_1995_TEmean,PP,0.3,4,0,4,[],"['SC', 'SM', 'SE', 'SR']",discard-routing sensitivity envelope; not a confidence interval,,,,,,,,,False,not_assessed,hypothetical_designated_amounts
52_1_Sea_of_Okhotsk_NE_(1980),SPPR_1986,all,0.3,4,0,4,[],"['SC', 'SM', 'SE', 'SR']",discard-routing sensitivity envelope; not a confidence interval,,,,,,,,,False,not_assessed,hypothetical_designated_amounts
52_1_Sea_of_Okhotsk_NE_(1980),SPPR_1986,inner,0.3,4,0,4,[],"['SC', 'SM', 'SE', 'SR']",discard-routing sensitivity envelope; not a confidence interval,,,,,,,,,False,not_assessed,hypothetical_designated_amounts
52_1_Sea_of_Okhotsk_NE_(1980),SPPR_1986,PP,0.3,4,0,4,[],"['SC', 'SM', 'SE', 'SR']",discard-routing sensitivity envelope; not a confidence interval,,,,,,,,,False,not_assessed,hypothetical_designated_amounts
52_1_Sea_of_Okhotsk_NE_(1980),new_GE,all,0.3,4,3,1,"['SC', 'SM', 'SE']",['SR'],discard-routing sensitivity envelope; not a confidence interval,0.0,0.0,0.0,0.0,0.0,0.0,,0.0,False,not_assessed,hypothetical_designated_amounts
52_1_Sea_of_Okhotsk_NE_(1980),new_GE,inner,0.3,4,3,1,"['SC', 'SM', 'SE']",['SR'],discard-routing sensitivity envelope; not a confidence interval,0.0,0.0,0.0,0.0,0.0,0.0,,0.0,False,not_assessed,hypothetical_designated_amounts
52_1_Sea_of_Okhotsk_NE_(1980),new_GE,PP,0.3,4,3,1,"['SC', 'SM', 'SE']",['SR'],discard-routing sensitivity envelope; not a confidence interval,0.0,0.0,0.0,0.0,0.0,0.0,,0.0,False,not_assessed,hypothetical_designated_amounts
52_1_Sea_of_Okhotsk_NE_(1980),new_TE_EEfix,all,0.3,4,0,4,[],"['SC', 'SM', 'SE', 'SR']",discard-routing sensitivity envelope; not a confidence interval,,,,,,,,0.0,False,not_assessed,hypothetical_designated_amounts
52_1_Sea_of_Okhotsk_NE_(1980),new_TE_EEfix,inner,0.3,4,0,4,[],"['SC', 'SM', 'SE', 'SR']",discard-routing sensitivity envelope; not a confidence interval,,,,,,,,0.0,False,not_assessed,hypothetical_designated_amounts
52_1_Sea_of_Okhotsk_NE_(1980),new_TE_EEfix,PP,0.3,4,0,4,[],"['SC', 'SM', 'SE', 'SR']",discard-routing sensitivity envelope; not a confidence interval,,,,,,,,0.0,False,not_assessed,hypothetical_designated_amounts
52_1_Sea_of_Okhotsk_NE_(1980),new_WithEgestion,all,0.3,4,3,1,"['SC', 'SM', 'SE']",['SR'],discard-routing sensitivity envelope; not a confidence interval,0.0,0.0,0.0,0.0,0.0,0.0,,0.0,False,not_assessed,hypothetical_designated_amounts
52_1_Sea_of_Okhotsk_NE_(1980),new_WithEgestion,inner,0.3,4,3,1,"['SC', 'SM', 'SE']",['SR'],discard-routing sensitivity envelope; not a confidence interval,0.0,0.0,0.0,0.0,0.0,0.0,,0.0,False,not_assessed,hypothetical_designated_amounts
52_1_Sea_of_Okhotsk_NE_(1980),new_WithEgestion,PP,0.3,4,3,1,"['SC', 'SM', 'SE']",['SR'],discard-routing sensitivity envelope; not a confidence interval,0.0,0.0,0.0,0.0,0.0,0.0,,0.0,False,not_assessed,hypothetical_designated_amounts
52_1_Sea_of_Okhotsk_NE_(1980),Ulanowicz_TE,all,0.3,4,3,1,"['SC', 'SM', 'SE']",['SR'],discard-routing sensitivity envelope; not a confidence interval,0.0,0.0,0.0,0.0,0.0,0.0,,0.0,False,not_assessed,hypothetical_designated_amounts
52_1_Sea_of_Okhotsk_NE_(1980),Ulanowicz_TE,inner,0.3,4,3,1,"['SC', 'SM', 'SE']",['SR'],discard-routing sensitivity envelope; not a confidence interval,0.0,0.0,0.0,0.0,0.0,0.0,,0.0,False,not_assessed,hypothetical_designated_amounts
52_1_Sea_of_Okhotsk_NE_(1980),Ulanowicz_TE,PP,0.3,4,3,1,"['SC', 'SM', 'SE']",['SR'],discard-routing sensitivity envelope; not a confidence interval,0.0,0.0,0.0,0.0,0.0,0.0,,0.0,False,not_assessed,hypothetical_designated_amounts
52_1_Sea_of_Okhotsk_NE_(1980),standard_fixed_baseline_TL,all,0.4,4,3,1,"['SC', 'SM', 'SE']",['SR'],discard-routing sensitivity envelope; not a confidence interval,0.0,0.0,0.0,0.0,0.0,0.0,,0.0,False,not_assessed,hypothetical_designated_amounts
52_1_Sea_of_Okhotsk_NE_(1980),standard_fixed_baseline_TL,inner,0.4,4,0,4,[],"['SC', 'SM', 'SE', 'SR']",discard-routing sensitivity envelope; not a confidence interval,,,,,,,,,False,not_assessed,hypothetical_designated_amounts
52_1_Sea_of_Okhotsk_NE_(1980),standard_fixed_baseline_TL,PP,0.4,4,0,4,[],"['SC', 'SM', 'SE', 'SR']",discard-routing sensitivity envelope; not a confidence interval,,,,,,,,,False,not_assessed,hypothetical_designated_amounts
52_1_Sea_of_Okhotsk_NE_(1980),SPPR_1995_TE0.1,all,0.4,4,3,1,"['SC', 'SM', 'SE']",['SR'],discard-routing sensitivity envelope; not a confidence interval,0.0,0.0,0.0,0.0,0.0,0.0,,0.0,False,not_assessed,hypothetical_designated_amounts
52_1_Sea_of_Okhotsk_NE_(1980),SPPR_1995_TE0.1,inner,0.4,4,0,4,[],"['SC', 'SM', 'SE', 'SR']",discard-routing sensitivity envelope; not a confidence interval,,,,,,,,,False,not_assessed,hypothetical_designated_amounts
52_1_Sea_of_Okhotsk_NE_(1980),SPPR_1995_TE0.1,PP,0.4,4,0,4,[],"['SC', 'SM', 'SE', 'SR']",discard-routing sensitivity envelope; not a confidence interval,,,,,,,,,False,not_assessed,hypothetical_designated_amounts
52_1_Sea_of_Okhotsk_NE_(1980),SPPR_1995_TEmean,all,0.4,4,3,1,"['SC', 'SM', 'SE']",['SR'],discard-routing sensitivity envelope; not a confidence interval,0.0,0.0,0.0,0.0,0.0,0.0,,0.0,False,not_assessed,hypothetical_designated_amounts
52_1_Sea_of_Okhotsk_NE_(1980),SPPR_1995_TEmean,inner,0.4,4,0,4,[],"['SC', 'SM', 'SE', 'SR']",discard-routing sensitivity envelope; not a confidence interval,,,,,,,,,False,not_assessed,hypothetical_designated_amounts
52_1_Sea_of_Okhotsk_NE_(1980),SPPR_1995_TEmean,PP,0.4,4,0,4,[],"['SC', 'SM', 'SE', 'SR']",discard-routing sensitivity envelope; not a confidence interval,,,,,,,,,False,not_assessed,hypothetical_designated_amounts
52_1_Sea_of_Okhotsk_NE_(1980),SPPR_1986,all,0.4,4,0,4,[],"['SC', 'SM', 'SE', 'SR']",discard-routing sensitivity envelope; not a confidence interval,,,,,,,,,False,not_assessed,hypothetical_designated_amounts
52_1_Sea_of_Okhotsk_NE_(1980),SPPR_1986,inner,0.4,4,0,4,[],"['SC', 'SM', 'SE', 'SR']",discard-routing sensitivity envelope; not a confidence interval,,,,,,,,,False,not_assessed,hypothetical_designated_amounts
52_1_Sea_of_Okhotsk_NE_(1980),SPPR_1986,PP,0.4,4,0,4,[],"['SC', 'SM', 'SE', 'SR']",discard-routing sensitivity envelope; not a confidence interval,,,,,,,,,False,not_assessed,hypothetical_designated_amounts
52_1_Sea_of_Okhotsk_NE_(1980),new_GE,all,0.4,4,3,1,"['SC', 'SM', 'SE']",['SR'],discard-routing sensitivity envelope; not a confidence interval,0.0,0.0,0.0,0.0,0.0,0.0,,0.0,False,not_assessed,hypothetical_designated_amounts
52_1_Sea_of_Okhotsk_NE_(1980),new_GE,inner,0.4,4,3,1,"['SC', 'SM', 'SE']",['SR'],discard-routing sensitivity envelope; not a confidence interval,0.0,0.0,0.0,0.0,0.0,0.0,,0.0,False,not_assessed,hypothetical_designated_amounts
52_1_Sea_of_Okhotsk_NE_(1980),new_GE,PP,0.4,4,3,1,"['SC', 'SM', 'SE']",['SR'],discard-routing sensitivity envelope; not a confidence interval,0.0,0.0,0.0,0.0,0.0,0.0,,0.0,False,not_assessed,hypothetical_designated_amounts
52_1_Sea_of_Okhotsk_NE_(1980),new_TE_EEfix,all,0.4,4,0,4,[],"['SC', 'SM', 'SE', 'SR']",discard-routing sensitivity envelope; not a confidence interval,,,,,,,,0.0,False,not_assessed,hypothetical_designated_amounts
52_1_Sea_of_Okhotsk_NE_(1980),new_TE_EEfix,inner,0.4,4,0,4,[],"['SC', 'SM', 'SE', 'SR']",discard-routing sensitivity envelope; not a confidence interval,,,,,,,,0.0,False,not_assessed,hypothetical_designated_amounts
52_1_Sea_of_Okhotsk_NE_(1980),new_TE_EEfix,PP,0.4,4,0,4,[],"['SC', 'SM', 'SE', 'SR']",discard-routing sensitivity envelope; not a confidence interval,,,,,,,,0.0,False,not_assessed,hypothetical_designated_amounts
52_1_Sea_of_Okhotsk_NE_(1980),new_WithEgestion,all,0.4,4,3,1,"['SC', 'SM', 'SE']",['SR'],discard-routing sensitivity envelope; not a confidence interval,0.0,0.0,0.0,0.0,0.0,0.0,,0.0,False,not_assessed,hypothetical_designated_amounts
52_1_Sea_of_Okhotsk_NE_(1980),new_WithEgestion,inner,0.4,4,3,1,"['SC', 'SM', 'SE']",['SR'],discard-routing sensitivity envelope; not a confidence interval,0.0,0.0,0.0,0.0,0.0,0.0,,0.0,False,not_assessed,hypothetical_designated_amounts
52_1_Sea_of_Okhotsk_NE_(1980),new_WithEgestion,PP,0.4,4,3,1,"['SC', 'SM', 'SE']",['SR'],discard-routing sensitivity envelope; not a confidence interval,0.0,0.0,0.0,0.0,0.0,0.0,,0.0,False,not_assessed,hypothetical_designated_amounts
52_1_Sea_of_Okhotsk_NE_(1980),Ulanowicz_TE,all,0.4,4,3,1,"['SC', 'SM', 'SE']",['SR'],discard-routing sensitivity envelope; not a confidence interval,0.0,0.0,0.0,0.0,0.0,0.0,,0.0,False,not_assessed,hypothetical_designated_amounts
52_1_Sea_of_Okhotsk_NE_(1980),Ulanowicz_TE,inner,0.4,4,3,1,"['SC', 'SM', 'SE']",['SR'],discard-routing sensitivity envelope; not a confidence interval,0.0,0.0,0.0,0.0,0.0,0.0,,0.0,False,not_assessed,hypothetical_designated_amounts
52_1_Sea_of_Okhotsk_NE_(1980),Ulanowicz_TE,PP,0.4,4,3,1,"['SC', 'SM', 'SE']",['SR'],discard-routing sensitivity envelope; not a confidence interval,0.0,0.0,0.0,0.0,0.0,0.0,,0.0,False,not_assessed,hypothetical_designated_amounts
52_1_Sea_of_Okhotsk_NE_(1980),standard_fixed_baseline_TL,all,0.5,4,3,1,"['SC', 'SM', 'SE']",['SR'],discard-routing sensitivity envelope; not a confidence interval,0.0,0.0,0.0,0.0,0.0,0.0,,0.0,False,not_assessed,hypothetical_designated_amounts
52_1_Sea_of_Okhotsk_NE_(1980),standard_fixed_baseline_TL,inner,0.5,4,0,4,[],"['SC', 'SM', 'SE', 'SR']",discard-routing sensitivity envelope; not a confidence interval,,,,,,,,,False,not_assessed,hypothetical_designated_amounts
52_1_Sea_of_Okhotsk_NE_(1980),standard_fixed_baseline_TL,PP,0.5,4,0,4,[],"['SC', 'SM', 'SE', 'SR']",discard-routing sensitivity envelope; not a confidence interval,,,,,,,,,False,not_assessed,hypothetical_designated_amounts
52_1_Sea_of_Okhotsk_NE_(1980),SPPR_1995_TE0.1,all,0.5,4,3,1,"['SC', 'SM', 'SE']",['SR'],discard-routing sensitivity envelope; not a confidence interval,0.0,0.0,0.0,0.0,0.0,0.0,,0.0,False,not_assessed,hypothetical_designated_amounts
52_1_Sea_of_Okhotsk_NE_(1980),SPPR_1995_TE0.1,inner,0.5,4,0,4,[],"['SC', 'SM', 'SE', 'SR']",discard-routing sensitivity envelope; not a confidence interval,,,,,,,,,False,not_assessed,hypothetical_designated_amounts
52_1_Sea_of_Okhotsk_NE_(1980),SPPR_1995_TE0.1,PP,0.5,4,0,4,[],"['SC', 'SM', 'SE', 'SR']",discard-routing sensitivity envelope; not a confidence interval,,,,,,,,,False,not_assessed,hypothetical_designated_amounts
52_1_Sea_of_Okhotsk_NE_(1980),SPPR_1995_TEmean,all,0.5,4,3,1,"['SC', 'SM', 'SE']",['SR'],discard-routing sensitivity envelope; not a confidence interval,0.0,0.0,0.0,0.0,0.0,0.0,,0.0,False,not_assessed,hypothetical_designated_amounts
52_1_Sea_of_Okhotsk_NE_(1980),SPPR_1995_TEmean,inner,0.5,4,0,4,[],"['SC', 'SM', 'SE', 'SR']",discard-routing sensitivity envelope; not a confidence interval,,,,,,,,,False,not_assessed,hypothetical_designated_amounts
52_1_Sea_of_Okhotsk_NE_(1980),SPPR_1995_TEmean,PP,0.5,4,0,4,[],"['SC', 'SM', 'SE', 'SR']",discard-routing sensitivity envelope; not a confidence interval,,,,,,,,,False,not_assessed,hypothetical_designated_amounts
52_1_Sea_of_Okhotsk_NE_(1980),SPPR_1986,all,0.5,4,0,4,[],"['SC', 'SM', 'SE', 'SR']",discard-routing sensitivity envelope; not a confidence interval,,,,,,,,,False,not_assessed,hypothetical_designated_amounts
52_1_Sea_of_Okhotsk_NE_(1980),SPPR_1986,inner,0.5,4,0,4,[],"['SC', 'SM', 'SE', 'SR']",discard-routing sensitivity envelope; not a confidence interval,,,,,,,,,False,not_assessed,hypothetical_designated_amounts
52_1_Sea_of_Okhotsk_NE_(1980),SPPR_1986,PP,0.5,4,0,4,[],"['SC', 'SM', 'SE', 'SR']",discard-routing sensitivity envelope; not a confidence interval,,,,,,,,,False,not_assessed,hypothetical_designated_amounts
52_1_Sea_of_Okhotsk_NE_(1980),new_GE,all,0.5,4,3,1,"['SC', 'SM', 'SE']",['SR'],discard-routing sensitivity envelope; not a confidence interval,0.0,0.0,0.0,0.0,0.0,0.0,,0.0,False,not_assessed,hypothetical_designated_amounts
52_1_Sea_of_Okhotsk_NE_(1980),new_GE,inner,0.5,4,3,1,"['SC', 'SM', 'SE']",['SR'],discard-routing sensitivity envelope; not a confidence interval,0.0,0.0,0.0,0.0,0.0,0.0,,0.0,False,not_assessed,hypothetical_designated_amounts
52_1_Sea_of_Okhotsk_NE_(1980),new_GE,PP,0.5,4,3,1,"['SC', 'SM', 'SE']",['SR'],discard-routing sensitivity envelope; not a confidence interval,0.0,0.0,0.0,0.0,0.0,0.0,,0.0,False,not_assessed,hypothetical_designated_amounts
52_1_Sea_of_Okhotsk_NE_(1980),new_TE_EEfix,all,0.5,4,0,4,[],"['SC', 'SM', 'SE', 'SR']",discard-routing sensitivity envelope; not a confidence interval,,,,,,,,0.0,False,not_assessed,hypothetical_designated_amounts
52_1_Sea_of_Okhotsk_NE_(1980),new_TE_EEfix,inner,0.5,4,0,4,[],"['SC', 'SM', 'SE', 'SR']",discard-routing sensitivity envelope; not a confidence interval,,,,,,,,0.0,False,not_assessed,hypothetical_designated_amounts
52_1_Sea_of_Okhotsk_NE_(1980),new_TE_EEfix,PP,0.5,4,0,4,[],"['SC', 'SM', 'SE', 'SR']",discard-routing sensitivity envelope; not a confidence interval,,,,,,,,0.0,False,not_assessed,hypothetical_designated_amounts
52_1_Sea_of_Okhotsk_NE_(1980),new_WithEgestion,all,0.5,4,3,1,"['SC', 'SM', 'SE']",['SR'],discard-routing sensitivity envelope; not a confidence interval,0.0,0.0,0.0,0.0,0.0,0.0,,0.0,False,not_assessed,hypothetical_designated_amounts
52_1_Sea_of_Okhotsk_NE_(1980),new_WithEgestion,inner,0.5,4,3,1,"['SC', 'SM', 'SE']",['SR'],discard-routing sensitivity envelope; not a confidence interval,0.0,0.0,0.0,0.0,0.0,0.0,,0.0,False,not_assessed,hypothetical_designated_amounts
52_1_Sea_of_Okhotsk_NE_(1980),new_WithEgestion,PP,0.5,4,3,1,"['SC', 'SM', 'SE']",['SR'],discard-routing sensitivity envelope; not a confidence interval,0.0,0.0,0.0,0.0,0.0,0.0,,0.0,False,not_assessed,hypothetical_designated_amounts
52_1_Sea_of_Okhotsk_NE_(1980),Ulanowicz_TE,all,0.5,4,3,1,"['SC', 'SM', 'SE']",['SR'],discard-routing sensitivity envelope; not a confidence interval,0.0,0.0,0.0,0.0,0.0,0.0,,0.0,False,not_assessed,hypothetical_designated_amounts
52_1_Sea_of_Okhotsk_NE_(1980),Ulanowicz_TE,inner,0.5,4,3,1,"['SC', 'SM', 'SE']",['SR'],discard-routing sensitivity envelope; not a confidence interval,0.0,0.0,0.0,0.0,0.0,0.0,,0.0,False,not_assessed,hypothetical_designated_amounts
52_1_Sea_of_Okhotsk_NE_(1980),Ulanowicz_TE,PP,0.5,4,3,1,"['SC', 'SM', 'SE']",['SR'],discard-routing sensitivity envelope; not a confidence interval,0.0,0.0,0.0,0.0,0.0,0.0,,0.0,False,not_assessed,hypothetical_designated_amounts
52_1_Sea_of_Okhotsk_NE_(1980),standard_fixed_baseline_TL,all,0.75,4,3,1,"['SC', 'SM', 'SE']",['SR'],discard-routing sensitivity envelope; not a confidence interval,0.0,0.0,0.0,0.0,0.0,0.0,,0.0,False,not_assessed,hypothetical_designated_amounts
52_1_Sea_of_Okhotsk_NE_(1980),standard_fixed_baseline_TL,inner,0.75,4,0,4,[],"['SC', 'SM', 'SE', 'SR']",discard-routing sensitivity envelope; not a confidence interval,,,,,,,,,False,not_assessed,hypothetical_designated_amounts
52_1_Sea_of_Okhotsk_NE_(1980),standard_fixed_baseline_TL,PP,0.75,4,0,4,[],"['SC', 'SM', 'SE', 'SR']",discard-routing sensitivity envelope; not a confidence interval,,,,,,,,,False,not_assessed,hypothetical_designated_amounts
52_1_Sea_of_Okhotsk_NE_(1980),SPPR_1995_TE0.1,all,0.75,4,3,1,"['SC', 'SM', 'SE']",['SR'],discard-routing sensitivity envelope; not a confidence interval,0.0,0.0,0.0,0.0,0.0,0.0,,0.0,False,not_assessed,hypothetical_designated_amounts
52_1_Sea_of_Okhotsk_NE_(1980),SPPR_1995_TE0.1,inner,0.75,4,0,4,[],"['SC', 'SM', 'SE', 'SR']",discard-routing sensitivity envelope; not a confidence interval,,,,,,,,,False,not_assessed,hypothetical_designated_amounts
52_1_Sea_of_Okhotsk_NE_(1980),SPPR_1995_TE0.1,PP,0.75,4,0,4,[],"['SC', 'SM', 'SE', 'SR']",discard-routing sensitivity envelope; not a confidence interval,,,,,,,,,False,not_assessed,hypothetical_designated_amounts
52_1_Sea_of_Okhotsk_NE_(1980),SPPR_1995_TEmean,all,0.75,4,3,1,"['SC', 'SM', 'SE']",['SR'],discard-routing sensitivity envelope; not a confidence interval,0.0,0.0,0.0,0.0,0.0,0.0,,0.0,False,not_assessed,hypothetical_designated_amounts
52_1_Sea_of_Okhotsk_NE_(1980),SPPR_1995_TEmean,inner,0.75,4,0,4,[],"['SC', 'SM', 'SE', 'SR']",discard-routing sensitivity envelope; not a confidence interval,,,,,,,,,False,not_assessed,hypothetical_designated_amounts
52_1_Sea_of_Okhotsk_NE_(1980),SPPR_1995_TEmean,PP,0.75,4,0,4,[],"['SC', 'SM', 'SE', 'SR']",discard-routing sensitivity envelope; not a confidence interval,,,,,,,,,False,not_assessed,hypothetical_designated_amounts
52_1_Sea_of_Okhotsk_NE_(1980),SPPR_1986,all,0.75,4,0,4,[],"['SC', 'SM', 'SE', 'SR']",discard-routing sensitivity envelope; not a confidence interval,,,,,,,,,False,not_assessed,hypothetical_designated_amounts
52_1_Sea_of_Okhotsk_NE_(1980),SPPR_1986,inner,0.75,4,0,4,[],"['SC', 'SM', 'SE', 'SR']",discard-routing sensitivity envelope; not a confidence interval,,,,,,,,,False,not_assessed,hypothetical_designated_amounts
52_1_Sea_of_Okhotsk_NE_(1980),SPPR_1986,PP,0.75,4,0,4,[],"['SC', 'SM', 'SE', 'SR']",discard-routing sensitivity envelope; not a confidence interval,,,,,,,,,False,not_assessed,hypothetical_designated_amounts
52_1_Sea_of_Okhotsk_NE_(1980),new_GE,all,0.75,4,3,1,"['SC', 'SM', 'SE']",['SR'],discard-routing sensitivity envelope; not a confidence interval,0.0,0.0,0.0,0.0,0.0,0.0,,0.0,False,not_assessed,hypothetical_designated_amounts
52_1_Sea_of_Okhotsk_NE_(1980),new_GE,inner,0.75,4,3,1,"['SC', 'SM', 'SE']",['SR'],discard-routing sensitivity envelope; not a confidence interval,0.0,0.0,0.0,0.0,0.0,0.0,,0.0,False,not_assessed,hypothetical_designated_amounts
52_1_Sea_of_Okhotsk_NE_(1980),new_GE,PP,0.75,4,3,1,"['SC', 'SM', 'SE']",['SR'],discard-routing sensitivity envelope; not a confidence interval,0.0,0.0,0.0,0.0,0.0,0.0,,0.0,False,not_assessed,hypothetical_designated_amounts
52_1_Sea_of_Okhotsk_NE_(1980),new_TE_EEfix,all,0.75,4,0,4,[],"['SC', 'SM', 'SE', 'SR']",discard-routing sensitivity envelope; not a confidence interval,,,,,,,,0.0,False,not_assessed,hypothetical_designated_amounts
52_1_Sea_of_Okhotsk_NE_(1980),new_TE_EEfix,inner,0.75,4,0,4,[],"['SC', 'SM', 'SE', 'SR']",discard-routing sensitivity envelope; not a confidence interval,,,,,,,,0.0,False,not_assessed,hypothetical_designated_amounts
52_1_Sea_of_Okhotsk_NE_(1980),new_TE_EEfix,PP,0.75,4,0,4,[],"['SC', 'SM', 'SE', 'SR']",discard-routing sensitivity envelope; not a confidence interval,,,,,,,,0.0,False,not_assessed,hypothetical_designated_amounts
52_1_Sea_of_Okhotsk_NE_(1980),new_WithEgestion,all,0.75,4,3,1,"['SC', 'SM', 'SE']",['SR'],discard-routing sensitivity envelope; not a confidence interval,0.0,0.0,0.0,0.0,0.0,0.0,,0.0,False,not_assessed,hypothetical_designated_amounts
52_1_Sea_of_Okhotsk_NE_(1980),new_WithEgestion,inner,0.75,4,3,1,"['SC', 'SM', 'SE']",['SR'],discard-routing sensitivity envelope; not a confidence interval,0.0,0.0,0.0,0.0,0.0,0.0,,0.0,False,not_assessed,hypothetical_designated_amounts
52_1_Sea_of_Okhotsk_NE_(1980),new_WithEgestion,PP,0.75,4,3,1,"['SC', 'SM', 'SE']",['SR'],discard-routing sensitivity envelope; not a confidence interval,0.0,0.0,0.0,0.0,0.0,0.0,,0.0,False,not_assessed,hypothetical_designated_amounts
52_1_Sea_of_Okhotsk_NE_(1980),Ulanowicz_TE,all,0.75,4,3,1,"['SC', 'SM', 'SE']",['SR'],discard-routing sensitivity envelope; not a confidence interval,0.0,0.0,0.0,0.0,0.0,0.0,,0.0,False,not_assessed,hypothetical_designated_amounts
52_1_Sea_of_Okhotsk_NE_(1980),Ulanowicz_TE,inner,0.75,4,3,1,"['SC', 'SM', 'SE']",['SR'],discard-routing sensitivity envelope; not a confidence interval,0.0,0.0,0.0,0.0,0.0,0.0,,0.0,False,not_assessed,hypothetical_designated_amounts
52_1_Sea_of_Okhotsk_NE_(1980),Ulanowicz_TE,PP,0.75,4,3,1,"['SC', 'SM', 'SE']",['SR'],discard-routing sensitivity envelope; not a confidence interval,0.0,0.0,0.0,0.0,0.0,0.0,,0.0,False,not_assessed,hypothetical_designated_amounts
52_1_Sea_of_Okhotsk_NE_(1980),standard_fixed_baseline_TL,all,1.0,4,3,1,"['SC', 'SM', 'SE']",['SR'],discard-routing sensitivity envelope; not a confidence interval,0.0,0.0,0.0,0.0,0.0,0.0,,0.0,False,not_assessed,hypothetical_designated_amounts
52_1_Sea_of_Okhotsk_NE_(1980),standard_fixed_baseline_TL,inner,1.0,4,0,4,[],"['SC', 'SM', 'SE', 'SR']",discard-routing sensitivity envelope; not a confidence interval,,,,,,,,,False,not_assessed,hypothetical_designated_amounts
52_1_Sea_of_Okhotsk_NE_(1980),standard_fixed_baseline_TL,PP,1.0,4,0,4,[],"['SC', 'SM', 'SE', 'SR']",discard-routing sensitivity envelope; not a confidence interval,,,,,,,,,False,not_assessed,hypothetical_designated_amounts
52_1_Sea_of_Okhotsk_NE_(1980),SPPR_1995_TE0.1,all,1.0,4,3,1,"['SC', 'SM', 'SE']",['SR'],discard-routing sensitivity envelope; not a confidence interval,0.0,0.0,0.0,0.0,0.0,0.0,,0.0,False,not_assessed,hypothetical_designated_amounts
52_1_Sea_of_Okhotsk_NE_(1980),SPPR_1995_TE0.1,inner,1.0,4,0,4,[],"['SC', 'SM', 'SE', 'SR']",discard-routing sensitivity envelope; not a confidence interval,,,,,,,,,False,not_assessed,hypothetical_designated_amounts
52_1_Sea_of_Okhotsk_NE_(1980),SPPR_1995_TE0.1,PP,1.0,4,0,4,[],"['SC', 'SM', 'SE', 'SR']",discard-routing sensitivity envelope; not a confidence interval,,,,,,,,,False,not_assessed,hypothetical_designated_amounts
52_1_Sea_of_Okhotsk_NE_(1980),SPPR_1995_TEmean,all,1.0,4,3,1,"['SC', 'SM', 'SE']",['SR'],discard-routing sensitivity envelope; not a confidence interval,0.0,0.0,0.0,0.0,0.0,0.0,,0.0,False,not_assessed,hypothetical_designated_amounts
52_1_Sea_of_Okhotsk_NE_(1980),SPPR_1995_TEmean,inner,1.0,4,0,4,[],"['SC', 'SM', 'SE', 'SR']",discard-routing sensitivity envelope; not a confidence interval,,,,,,,,,False,not_assessed,hypothetical_designated_amounts
52_1_Sea_of_Okhotsk_NE_(1980),SPPR_1995_TEmean,PP,1.0,4,0,4,[],"['SC', 'SM', 'SE', 'SR']",discard-routing sensitivity envelope; not a confidence interval,,,,,,,,,False,not_assessed,hypothetical_designated_amounts
52_1_Sea_of_Okhotsk_NE_(1980),SPPR_1986,all,1.0,4,0,4,[],"['SC', 'SM', 'SE', 'SR']",discard-routing sensitivity envelope; not a confidence interval,,,,,,,,,False,not_assessed,hypothetical_designated_amounts
52_1_Sea_of_Okhotsk_NE_(1980),SPPR_1986,inner,1.0,4,0,4,[],"['SC', 'SM', 'SE', 'SR']",discard-routing sensitivity envelope; not a confidence interval,,,,,,,,,False,not_assessed,hypothetical_designated_amounts
52_1_Sea_of_Okhotsk_NE_(1980),SPPR_1986,PP,1.0,4,0,4,[],"['SC', 'SM', 'SE', 'SR']",discard-routing sensitivity envelope; not a confidence interval,,,,,,,,,False,not_assessed,hypothetical_designated_amounts
52_1_Sea_of_Okhotsk_NE_(1980),new_GE,all,1.0,4,3,1,"['SC', 'SM', 'SE']",['SR'],discard-routing sensitivity envelope; not a confidence interval,0.0,0.0,0.0,0.0,0.0,0.0,,0.0,False,not_assessed,hypothetical_designated_amounts
52_1_Sea_of_Okhotsk_NE_(1980),new_GE,inner,1.0,4,3,1,"['SC', 'SM', 'SE']",['SR'],discard-routing sensitivity envelope; not a confidence interval,0.0,0.0,0.0,0.0,0.0,0.0,,0.0,False,not_assessed,hypothetical_designated_amounts
52_1_Sea_of_Okhotsk_NE_(1980),new_GE,PP,1.0,4,3,1,"['SC', 'SM', 'SE']",['SR'],discard-routing sensitivity envelope; not a confidence interval,0.0,0.0,0.0,0.0,0.0,0.0,,0.0,False,not_assessed,hypothetical_designated_amounts
52_1_Sea_of_Okhotsk_NE_(1980),new_TE_EEfix,all,1.0,4,0,4,[],"['SC', 'SM', 'SE', 'SR']",discard-routing sensitivity envelope; not a confidence interval,,,,,,,,0.0,False,not_assessed,hypothetical_designated_amounts
52_1_Sea_of_Okhotsk_NE_(1980),new_TE_EEfix,inner,1.0,4,0,4,[],"['SC', 'SM', 'SE', 'SR']",discard-routing sensitivity envelope; not a confidence interval,,,,,,,,0.0,False,not_assessed,hypothetical_designated_amounts
52_1_Sea_of_Okhotsk_NE_(1980),new_TE_EEfix,PP,1.0,4,0,4,[],"['SC', 'SM', 'SE', 'SR']",discard-routing sensitivity envelope; not a confidence interval,,,,,,,,0.0,False,not_assessed,hypothetical_designated_amounts
52_1_Sea_of_Okhotsk_NE_(1980),new_WithEgestion,all,1.0,4,3,1,"['SC', 'SM', 'SE']",['SR'],discard-routing sensitivity envelope; not a confidence interval,0.0,0.0,0.0,0.0,0.0,0.0,,0.0,False,not_assessed,hypothetical_designated_amounts
52_1_Sea_of_Okhotsk_NE_(1980),new_WithEgestion,inner,1.0,4,3,1,"['SC', 'SM', 'SE']",['SR'],discard-routing sensitivity envelope; not a confidence interval,0.0,0.0,0.0,0.0,0.0,0.0,,0.0,False,not_assessed,hypothetical_designated_amounts
52_1_Sea_of_Okhotsk_NE_(1980),new_WithEgestion,PP,1.0,4,3,1,"['SC', 'SM', 'SE']",['SR'],discard-routing sensitivity envelope; not a confidence interval,0.0,0.0,0.0,0.0,0.0,0.0,,0.0,False,not_assessed,hypothetical_designated_amounts
52_1_Sea_of_Okhotsk_NE_(1980),Ulanowicz_TE,all,1.0,4,3,1,"['SC', 'SM', 'SE']",['SR'],discard-routing sensitivity envelope; not a confidence interval,0.0,0.0,0.0,0.0,0.0,0.0,,0.0,False,not_assessed,hypothetical_designated_amounts
52_1_Sea_of_Okhotsk_NE_(1980),Ulanowicz_TE,inner,1.0,4,3,1,"['SC', 'SM', 'SE']",['SR'],discard-routing sensitivity envelope; not a confidence interval,0.0,0.0,0.0,0.0,0.0,0.0,,0.0,False,not_assessed,hypothetical_designated_amounts
52_1_Sea_of_Okhotsk_NE_(1980),Ulanowicz_TE,PP,1.0,4,3,1,"['SC', 'SM', 'SE']",['SR'],discard-routing sensitivity envelope; not a confidence interval,0.0,0.0,0.0,0.0,0.0,0.0,,0.0,False,not_assessed,hypothetical_designated_amounts
