{
  "type": "Feature",
  "properties": {
    "article_id": "WGR-2001",
    "unit_id": "LME_018",
    "geometry_method": "target polygon used as intended model envelope"
  },
  "geometry": {
    "type": "MultiPolygon",
    "coordinates": [
      [
        [
          [
            -64.639,
            67.661
          ],
          [
            -64.578,
            67.697
          ],
          [
            -64.43394134802331,
            67.70595279758047
          ],
          [
            -64.639,
            67.661
          ]
        ]
      ],
      [
        [
          [
            -71.621,
            77.856
          ],
          [
            -71.212,
            77.867
          ],
          [
            -71.441,
            77.793
          ],
          [
            -71.32,
            77.764
          ],
          [
            -70.67,
            77.78
          ],
          [
            -70.372,
            77.858
          ],
          [
            -69.969,
            77.834
          ],
          [
            -70.244,
            77.813
          ],
          [
            -70.709,
            77.695
          ],
          [
            -70.684,
            77.677
          ],
          [
            -70.107,
            77.665
          ],
          [
            -69.705,
            77.701
          ],
          [
            -69.484,
            77.754
          ],
          [
            -69.517,
            77.729
          ],
          [
            -69.501,
            77.685
          ],
          [
            -70.29,
            77.564
          ],
          [
            -69.207,
            77.449
          ],
          [
            -68.596,
            77.527
          ],
          [
            -68.666,
            77.594
          ],
          [
            -68.816,
            77.651
          ],
          [
            -68.785,
            77.66
          ],
          [
            -68.627,
            77.656
          ],
          [
            -68.395,
            77.573
          ],
          [
            -68.371,
            77.499
          ],
          [
            -67.789,
            77.508
          ],
          [
            -67.28,
            77.564
          ],
          [
            -67.146,
            77.636
          ],
          [
            -67.156,
            77.668
          ],
          [
            -66.853,
            77.676
          ],
          [
            -66.672,
            77.717
          ],
          [
            -66.726,
            77.681
          ],
          [
            -66.507,
            77.627
          ],
          [
            -66.284,
            77.613
          ],
          [
            -66.238,
            77.592
          ],
          [
            -66.301,
            77.569
          ],
          [
            -66.163,
            77.568
          ],
          [
            -66.231,
            77.553
          ],
          [
            -66.056,
            77.491
          ],
          [
            -66.092,
            77.478
          ],
          [
            -66.08,
            77.449
          ],
          [
            -66.17,
            77.425
          ],
          [
            -66.659,
            77.414
          ],
          [
            -66.461,
            77.297
          ],
          [
            -66.195,
            77.26
          ],
          [
            -66.238,
            77.249
          ],
          [
            -66.526,
            77.277
          ],
          [
            -66.769,
            77.352
          ],
          [
            -67.689,
            77.386
          ],
          [
            -68.393,
            77.372
          ],
          [
            -69.102,
            77.272
          ],
          [
            -68.667,
            77.22
          ],
          [
            -67.7,
            77.211
          ],
          [
            -66.907,
            77.146
          ],
          [
            -66.171,
            77.193
          ],
          [
            -66.451,
            77.141
          ],
          [
            -66.376,
            77.109
          ],
          [
            -66.526,
            77.134
          ],
          [
            -66.936,
            77.123
          ],
          [
            -67.798,
            77.2
          ],
          [
            -68.541,
            77.166
          ],
          [
            -70.149,
            77.241
          ],
          [
            -70.91,
            77.188
          ],
          [
            -70.696,
            77.148
          ],
          [
            -71.194,
            77.133
          ],
          [
            -71.232,
            77.069
          ],
          [
            -71.375,
            77.056
          ],
          [
            -71.352,
            76.994
          ],
          [
            -71.099,
            76.926
          ],
          [
            -71.138,
            76.942
          ],
          [
            -71.069,
            76.963
          ],
          [
            -70.683,
            76.937
          ],
          [
            -70.985,
            76.894
          ],
          [
            -70.817,
            76.867
          ],
          [
            -70.841,
            76.839
          ],
          [
            -70.665,
            76.793
          ],
          [
            -70.359,
            76.798
          ],
          [
            -69.757,
            77.01
          ],
          [
            -69.673,
            77.012
          ],
          [
            -69.539,
            77.001
          ],
          [
            -69.75,
            76.961
          ],
          [
            -70.102,
            76.799
          ],
          [
            -69.932,
            76.752
          ],
          [
            -69.234,
            76.673
          ],
          [
            -68.562,
            76.658
          ],
          [
            -68.092,
            76.705
          ],
          [
            -67.982,
            76.679
          ],
          [
            -68.095,
            76.651
          ],
          [
            -67.98,
            76.614
          ],
          [
            -68.03,
            76.579
          ],
          [
            -68.734,
            76.584
          ],
          [
            -68.894,
            76.558
          ],
          [
            -68.817,
            76.547
          ],
          [
            -69.066,
            76.482
          ],
          [
            -69.569,
            76.436
          ],
          [
            -69.633,
            76.381
          ],
          [
            -69.326,
            76.299
          ],
          [
            -68.913,
            76.244
          ],
          [
            -68.927,
            76.219
          ],
          [
            -68.747,
            76.182
          ],
          [
            -68.809,
            76.161
          ],
          [
            -68.439,
            76.149
          ],
          [
            -68.576,
            76.113
          ],
          [
            -68.501,
            76.087
          ],
          [
            -67.35,
            76.009
          ],
          [
            -66.459,
            75.91
          ],
          [
            -66.49,
            75.946
          ],
          [
            -66.711,
            76.008
          ],
          [
            -67.048,
            76.066
          ],
          [
            -67.011,
            76.099
          ],
          [
            -67.041,
            76.133
          ],
          [
            -67.306,
            76.167
          ],
          [
            -67.268,
            76.195
          ],
          [
            -67.105,
            76.201
          ],
          [
            -67.156,
            76.223
          ],
          [
            -67.135,
            76.243
          ],
          [
            -66.96,
            76.264
          ],
          [
            -66.819,
            76.241
          ],
          [
            -66.797,
            76.213
          ],
          [
            -66.67,
            76.211
          ],
          [
            -66.755,
            76.171
          ],
          [
            -66.433,
            76.083
          ],
          [
            -66.365,
            76.103
          ],
          [
            -66.401,
            76.154
          ],
          [
            -66.321,
            76.156
          ],
          [
            -66.35,
            76.194
          ],
          [
            -66.222,
            76.218
          ],
          [
            -66.194,
            76.28
          ],
          [
            -65.993,
            76.257
          ],
          [
            -65.769,
            76.276
          ],
          [
            -65.553,
            76.234
          ],
          [
            -65.771,
            76.205
          ],
          [
            -65.69,
            76.194
          ],
          [
            -65.757,
            76.176
          ],
          [
            -65.761,
            76.135
          ],
          [
            -65.888,
            76.098
          ],
          [
            -65.64,
            76.054
          ],
          [
            -65.661,
            76.038
          ],
          [
            -65.631,
            76.03
          ],
          [
            -65.367,
            76.023
          ],
          [
            -65.296,
            76.071
          ],
          [
            -65.364,
            76.129
          ],
          [
            -65.319,
            76.148
          ],
          [
            -65.351,
            76.172
          ],
          [
            -65.213,
            76.182
          ],
          [
            -65.239,
            76.135
          ],
          [
            -65.033,
            76.136
          ],
          [
            -65.001,
            76.106
          ],
          [
            -64.974,
            76.117
          ],
          [
            -65.021,
            76.174
          ],
          [
            -64.604,
            76.127
          ],
          [
            -64.698,
            76.169
          ],
          [
            -64.569,
            76.173
          ],
          [
            -64.672,
            76.213
          ],
          [
            -64.683,
            76.259
          ],
          [
            -64.441,
            76.229
          ],
          [
            -64.366,
            76.279
          ],
          [
            -64.415,
            76.348
          ],
          [
            -64.166,
            76.315
          ],
          [
            -64.221,
            76.293
          ],
          [
            -64.193,
            76.283
          ],
          [
            -64.22,
            76.253
          ],
          [
            -64.19,
            76.191
          ],
          [
            -64.012,
            76.135
          ],
          [
            -63.725,
            76.176
          ],
          [
            -63.745,
            76.2
          ],
          [
            -63.488,
            76.322
          ],
          [
            -63.498,
            76.365
          ],
          [
            -63.386,
            76.373
          ],
          [
            -62.883,
            76.307
          ],
          [
            -62.824,
            76.281
          ],
          [
            -62.853,
            76.237
          ],
          [
            -62.779,
            76.194
          ],
          [
            -62.733,
            76.207
          ],
          [
            -62.775,
            76.235
          ],
          [
            -62.73,
            76.258
          ],
          [
            -62.367,
            76.243
          ],
          [
            -62.24,
            76.287
          ],
          [
            -62.152,
            76.261
          ],
          [
            -62.181,
            76.222
          ],
          [
            -61.947,
            76.235
          ],
          [
            -61.492,
            76.163
          ],
          [
            -60.845,
            76.148
          ],
          [
            -60.861,
            76.121
          ],
          [
            -60.834,
            76.106
          ],
          [
            -60.907,
            76.081
          ],
          [
            -60.825,
            76.076
          ],
          [
            -60.829,
            76.03
          ],
          [
            -60.738,
            75.993
          ],
          [
            -60.507,
            76.066
          ],
          [
            -60.457,
            76.027
          ],
          [
            -60.108,
            76.022
          ],
          [
            -60.089,
            76.011
          ],
          [
            -60.135,
            75.985
          ],
          [
            -59.999,
            75.968
          ],
          [
            -59.991,
            75.926
          ],
          [
            -59.761,
            75.966
          ],
          [
            -59.592,
            75.91
          ],
          [
            -59.758,
            75.862
          ],
          [
            -59.814,
            75.823
          ],
          [
            -59.785,
            75.796
          ],
          [
            -59.614,
            75.81
          ],
          [
            -59.511,
            75.86
          ],
          [
            -59.216,
            75.872
          ],
          [
            -59.141,
            75.84
          ],
          [
            -59.294,
            75.816
          ],
          [
            -59.211,
            75.784
          ],
          [
            -59.284,
            75.764
          ],
          [
            -59.096,
            75.772
          ],
          [
            -59.052,
            75.75
          ],
          [
            -59.084,
            75.719
          ],
          [
            -59.062,
            75.704
          ],
          [
            -58.676,
            75.736
          ],
          [
            -58.408,
            75.715
          ],
          [
            -58.6,
            75.668
          ],
          [
            -58.316,
            75.649
          ],
          [
            -58.434,
            75.564
          ],
          [
            -58.172,
            75.522
          ],
          [
            -58.209,
            75.442
          ],
          [
            -58.624,
            75.386
          ],
          [
            -58.698,
            75.346
          ],
          [
            -58.523,
            75.339
          ],
          [
            -58.434,
            75.394
          ],
          [
            -58.257,
            75.402
          ],
          [
            -58.363,
            75.361
          ],
          [
            -58.303,
            75.329
          ],
          [
            -58.437,
            75.301
          ],
          [
            -58.223,
            75.203
          ],
          [
            -57.918,
            75.166
          ],
          [
            -58.131,
            75.102
          ],
          [
            -58.073,
            75.087
          ],
          [
            -58.147,
            75.081
          ],
          [
            -58.137,
            75.046
          ],
          [
            -58.052,
            75.066
          ],
          [
            -57.84,
            75.014
          ],
          [
            -57.657,
            75.011
          ],
          [
            -57.294,
            74.904
          ],
          [
            -57.026,
            74.914
          ],
          [
            -56.995,
            74.897
          ],
          [
            -56.999,
            74.851
          ],
          [
            -56.796,
            74.812
          ],
          [
            -56.979,
            74.759
          ],
          [
            -57.122,
            74.796
          ],
          [
            -57.19,
            74.771
          ],
          [
            -57.131,
            74.759
          ],
          [
            -57.157,
            74.735
          ],
          [
            -57.048,
            74.739
          ],
          [
            -57.077,
            74.704
          ],
          [
            -57.001,
            74.668
          ],
          [
            -56.868,
            74.707
          ],
          [
            -56.763,
            74.679
          ],
          [
            -56.752,
            74.649
          ],
          [
            -56.473,
            74.644
          ],
          [
            -56.601,
            74.596
          ],
          [
            -56.388,
            74.541
          ],
          [
            -56.207,
            74.555
          ],
          [
            -56.262,
            74.511
          ],
          [
            -56.147,
            74.487
          ],
          [
            -56.796,
            74.447
          ],
          [
            -56.588,
            74.402
          ],
          [
            -56.193,
            74.412
          ],
          [
            -56.128,
            74.377
          ],
          [
            -56.709,
            74.346
          ],
          [
            -56.528,
            74.324
          ],
          [
            -56.569,
            74.286
          ],
          [
            -56.299,
            74.293
          ],
          [
            -56.559,
            74.254
          ],
          [
            -56.694,
            74.201
          ],
          [
            -57.147,
            74.173
          ],
          [
            -57.087,
            74.14
          ],
          [
            -57.264,
            74.143
          ],
          [
            -57.322,
            74.102
          ],
          [
            -56.608,
            74.156
          ],
          [
            -56.129,
            74.278
          ],
          [
            -56.165,
            74.194
          ],
          [
            -56.258,
            74.174
          ],
          [
            -56.238,
            74.161
          ],
          [
            -56.312,
            74.116
          ],
          [
            -56.206,
            74.109
          ],
          [
            -56.41,
            74.066
          ],
          [
            -55.978,
            74.033
          ],
          [
            -55.958,
            74.019
          ],
          [
            -55.985,
            74.006
          ],
          [
            -56.122,
            74.007
          ],
          [
            -56.082,
            74.003
          ],
          [
            -56.11,
            73.992
          ],
          [
            -56.099,
            73.961
          ],
          [
            -55.645,
            73.872
          ],
          [
            -55.633,
            73.853
          ],
          [
            -55.671,
            73.836
          ],
          [
            -55.947,
            73.853
          ],
          [
            -55.809,
            73.759
          ],
          [
            -55.838,
            73.755
          ],
          [
            -55.608,
            73.72
          ],
          [
            -55.64,
            73.694
          ],
          [
            -55.751,
            73.706
          ],
          [
            -55.959,
            73.762
          ],
          [
            -55.911,
            73.718
          ],
          [
            -56.037,
            73.683
          ],
          [
            -55.844,
            73.681
          ],
          [
            -56.076,
            73.649
          ],
          [
            -55.951,
            73.615
          ],
          [
            -55.76,
            73.622
          ],
          [
            -55.788,
            73.587
          ],
          [
            -55.641,
            73.571
          ],
          [
            -55.524,
            73.502
          ],
          [
            -55.527,
            73.474
          ],
          [
            -55.17,
            73.412
          ],
          [
            -55.086,
            73.363
          ],
          [
            -55.274,
            73.386
          ],
          [
            -55.366,
            73.331
          ],
          [
            -55.313,
            73.325
          ],
          [
            -55.341,
            73.302
          ],
          [
            -55.46,
            73.256
          ],
          [
            -55.212,
            73.241
          ],
          [
            -55.141,
            73.21
          ],
          [
            -55.145,
            73.182
          ],
          [
            -55.439,
            73.192
          ],
          [
            -55.459,
            73.185
          ],
          [
            -55.336,
            73.176
          ],
          [
            -55.479,
            73.106
          ],
          [
            -55.662,
            73.119
          ],
          [
            -55.709,
            73.093
          ],
          [
            -55.698,
            73.067
          ],
          [
            -55.455,
            73.071
          ],
          [
            -55.171,
            73.011
          ],
          [
            -55.027,
            73.063
          ],
          [
            -55.044,
            72.998
          ],
          [
            -54.878,
            73.017
          ],
          [
            -54.777,
            72.994
          ],
          [
            -54.845,
            72.966
          ],
          [
            -54.779,
            72.954
          ],
          [
            -54.811,
            72.929
          ],
          [
            -54.697,
            72.902
          ],
          [
            -54.606,
            72.825
          ],
          [
            -54.927,
            72.778
          ],
          [
            -54.745,
            72.757
          ],
          [
            -54.578,
            72.797
          ],
          [
            -54.529,
            72.777
          ],
          [
            -54.753,
            72.743
          ],
          [
            -54.587,
            72.689
          ],
          [
            -54.735,
            72.701
          ],
          [
            -54.781,
            72.659
          ],
          [
            -54.883,
            72.668
          ],
          [
            -54.833,
            72.631
          ],
          [
            -54.632,
            72.616
          ],
          [
            -54.906,
            72.605
          ],
          [
            -54.996,
            72.571
          ],
          [
            -55.016,
            72.52
          ],
          [
            -54.886,
            72.513
          ],
          [
            -54.804,
            72.55
          ],
          [
            -54.762,
            72.501
          ],
          [
            -54.297,
            72.483
          ],
          [
            -54.892,
            72.469
          ],
          [
            -55.47,
            72.522
          ],
          [
            -55.626,
            72.457
          ],
          [
            -55.649,
            72.439
          ],
          [
            -55.626,
            72.421
          ],
          [
            -55.489,
            72.39
          ],
          [
            -55.346,
            72.402
          ],
          [
            -55.359,
            72.426
          ],
          [
            -55.321,
            72.468
          ],
          [
            -55.289,
            72.399
          ],
          [
            -55.248,
            72.39
          ],
          [
            -55.286,
            72.372
          ],
          [
            -55.232,
            72.359
          ],
          [
            -55.02,
            72.423
          ],
          [
            -54.896,
            72.426
          ],
          [
            -54.971,
            72.404
          ],
          [
            -54.914,
            72.376
          ],
          [
            -54.683,
            72.366
          ],
          [
            -54.944,
            72.362
          ],
          [
            -54.904,
            72.319
          ],
          [
            -54.951,
            72.275
          ],
          [
            -54.887,
            72.243
          ],
          [
            -55.413,
            72.085
          ],
          [
            -55.288,
            72.059
          ],
          [
            -55.53,
            72.038
          ],
          [
            -55.605,
            71.984
          ],
          [
            -55.267,
            71.924
          ],
          [
            -54.92,
            71.931
          ],
          [
            -54.627,
            72.018
          ],
          [
            -54.646,
            72.063
          ],
          [
            -54.53,
            72.128
          ],
          [
            -54.529,
            72.18
          ],
          [
            -54.384,
            72.222
          ],
          [
            -54.525,
            72.102
          ],
          [
            -54.537,
            72.041
          ],
          [
            -54.831,
            71.916
          ],
          [
            -55.32,
            71.882
          ],
          [
            -55.384,
            71.834
          ],
          [
            -55.257,
            71.765
          ],
          [
            -55.444,
            71.803
          ],
          [
            -55.571,
            71.766
          ],
          [
            -55.563,
            71.738
          ],
          [
            -55.775,
            71.741
          ],
          [
            -55.906,
            71.679
          ],
          [
            -55.574,
            71.643
          ],
          [
            -55.681,
            71.624
          ],
          [
            -55.544,
            71.468
          ],
          [
            -55.324,
            71.387
          ],
          [
            -55.117,
            71.387
          ],
          [
            -55.258,
            71.491
          ],
          [
            -55.121,
            71.428
          ],
          [
            -54.956,
            71.423
          ],
          [
            -54.934,
            71.38
          ],
          [
            -54.826,
            71.353
          ],
          [
            -54.396,
            71.364
          ],
          [
            -53.916,
            71.442
          ],
          [
            -53.852,
            71.553
          ],
          [
            -54.099,
            71.634
          ],
          [
            -54.041,
            71.677
          ],
          [
            -54.1,
            71.707
          ],
          [
            -54.011,
            71.706
          ],
          [
            -53.903,
            71.636
          ],
          [
            -53.775,
            71.633
          ],
          [
            -53.722,
            71.659
          ],
          [
            -53.739,
            71.7
          ],
          [
            -53.918,
            71.736
          ],
          [
            -53.636,
            71.737
          ],
          [
            -53.398,
            71.844
          ],
          [
            -53.581,
            72.044
          ],
          [
            -53.826,
            72.148
          ],
          [
            -53.842,
            72.251
          ],
          [
            -53.955,
            72.322
          ],
          [
            -53.611,
            72.362
          ],
          [
            -53.554,
            72.351
          ],
          [
            -53.857,
            72.322
          ],
          [
            -53.753,
            72.243
          ],
          [
            -53.702,
            72.123
          ],
          [
            -53.393,
            72.034
          ],
          [
            -53.411,
            71.964
          ],
          [
            -53.314,
            71.839
          ],
          [
            -53.369,
            71.773
          ],
          [
            -52.984,
            71.842
          ],
          [
            -53.019,
            71.924
          ],
          [
            -52.781,
            72.011
          ],
          [
            -52.684,
            72.002
          ],
          [
            -52.908,
            71.909
          ],
          [
            -52.904,
            71.874
          ],
          [
            -52.857,
            71.861
          ],
          [
            -52.921,
            71.817
          ],
          [
            -53.168,
            71.756
          ],
          [
            -53.251,
            71.703
          ],
          [
            -52.578,
            71.689
          ],
          [
            -52.568,
            71.629
          ],
          [
            -52.174,
            71.61
          ],
          [
            -51.864,
            71.655
          ],
          [
            -51.806,
            71.716
          ],
          [
            -51.664,
            71.728
          ],
          [
            -51.641,
            71.711
          ],
          [
            -51.658,
            71.688
          ],
          [
            -51.803,
            71.594
          ],
          [
            -52.486,
            71.557
          ],
          [
            -52.698,
            71.522
          ],
          [
            -52.989,
            71.419
          ],
          [
            -52.444,
            71.376
          ],
          [
            -51.712,
            71.505
          ],
          [
            -51.348,
            71.486
          ],
          [
            -51.388,
            71.44
          ],
          [
            -51.646,
            71.455
          ],
          [
            -52.186,
            71.379
          ],
          [
            -52.289,
            71.348
          ],
          [
            -52.245,
            71.289
          ],
          [
            -52.283,
            71.255
          ],
          [
            -52.489,
            71.223
          ],
          [
            -52.556,
            71.171
          ],
          [
            -52.51,
            71.143
          ],
          [
            -52.413,
            71.147
          ],
          [
            -51.646,
            71.361
          ],
          [
            -51.692,
            71.333
          ],
          [
            -51.563,
            71.318
          ],
          [
            -51.527,
            71.275
          ],
          [
            -51.88,
            71.249
          ],
          [
            -52.249,
            71.123
          ],
          [
            -52.061,
            71.094
          ],
          [
            -51.845,
            71.134
          ],
          [
            -51.609,
            71.107
          ],
          [
            -51.24,
            71.144
          ],
          [
            -51.396,
            71.107
          ],
          [
            -51.289,
            71.076
          ],
          [
            -51.485,
            71.063
          ],
          [
            -51.21,
            71.012
          ],
          [
            -50.918,
            71.022
          ],
          [
            -50.95,
            70.971
          ],
          [
            -51.173,
            70.954
          ],
          [
            -51.83,
            71.066
          ],
          [
            -51.956,
            71.022
          ],
          [
            -51.595,
            70.926
          ],
          [
            -51.187,
            70.88
          ],
          [
            -51.204,
            70.864
          ],
          [
            -51.146,
            70.847
          ],
          [
            -50.844,
            70.872
          ],
          [
            -50.919,
            70.819
          ],
          [
            -50.748,
            70.782
          ],
          [
            -50.736,
            70.744
          ],
          [
            -50.633,
            70.74
          ],
          [
            -50.637,
            70.72
          ],
          [
            -50.783,
            70.712
          ],
          [
            -51.239,
            70.812
          ],
          [
            -51.29,
            70.758
          ],
          [
            -51.434,
            70.752
          ],
          [
            -51.442,
            70.726
          ],
          [
            -51.402,
            70.694
          ],
          [
            -51.187,
            70.689
          ],
          [
            -51.057,
            70.762
          ],
          [
            -51.101,
            70.659
          ],
          [
            -50.851,
            70.681
          ],
          [
            -50.641,
            70.641
          ],
          [
            -50.623,
            70.618
          ],
          [
            -50.89,
            70.658
          ],
          [
            -50.989,
            70.619
          ],
          [
            -50.834,
            70.61
          ],
          [
            -50.867,
            70.585
          ],
          [
            -50.739,
            70.542
          ],
          [
            -50.909,
            70.569
          ],
          [
            -50.86,
            70.523
          ],
          [
            -50.889,
            70.506
          ],
          [
            -51.163,
            70.578
          ],
          [
            -51.196,
            70.623
          ],
          [
            -51.346,
            70.562
          ],
          [
            -51.212,
            70.501
          ],
          [
            -51.088,
            70.511
          ],
          [
            -50.94,
            70.468
          ],
          [
            -51.096,
            70.463
          ],
          [
            -51.037,
            70.431
          ],
          [
            -50.842,
            70.416
          ],
          [
            -50.748,
            70.421
          ],
          [
            -50.583,
            70.52
          ],
          [
            -50.51,
            70.526
          ],
          [
            -50.501,
            70.499
          ],
          [
            -50.679,
            70.397
          ],
          [
            -50.561,
            70.383
          ],
          [
            -50.543,
            70.342
          ],
          [
            -50.676,
            70.323
          ],
          [
            -51.057,
            70.358
          ],
          [
            -51.387,
            70.429
          ],
          [
            -51.516,
            70.423
          ],
          [
            -52.459,
            70.7
          ],
          [
            -53.043,
            70.776
          ],
          [
            -53.47,
            70.755
          ],
          [
            -54.129,
            70.829
          ],
          [
            -54.544,
            70.731
          ],
          [
            -54.628,
            70.654
          ],
          [
            -54.541,
            70.654
          ],
          [
            -54.353,
            70.585
          ],
          [
            -54.154,
            70.462
          ],
          [
            -53.922,
            70.386
          ],
          [
            -53.195,
            70.342
          ],
          [
            -52.652,
            70.222
          ],
          [
            -52.313,
            70.047
          ],
          [
            -52.066,
            70.05
          ],
          [
            -51.931,
            70.004
          ],
          [
            -51.545,
            70.028
          ],
          [
            -51.569,
            69.975
          ],
          [
            -51.455,
            69.96
          ],
          [
            -51.229,
            70.069
          ],
          [
            -51.066,
            70.073
          ],
          [
            -50.991,
            70.049
          ],
          [
            -51.012,
            70.036
          ],
          [
            -50.861,
            70.023
          ],
          [
            -50.985,
            69.994
          ],
          [
            -51.08,
            70.036
          ],
          [
            -51.286,
            69.962
          ],
          [
            -50.941,
            69.96
          ],
          [
            -50.467,
            70.056
          ],
          [
            -50.221,
            70.027
          ],
          [
            -50.306,
            69.976
          ],
          [
            -50.577,
            69.971
          ],
          [
            -50.589,
            69.922
          ],
          [
            -50.314,
            69.873
          ],
          [
            -50.296,
            69.848
          ],
          [
            -50.323,
            69.826
          ],
          [
            -50.192,
            69.757
          ],
          [
            -50.597,
            69.783
          ],
          [
            -50.652,
            69.741
          ],
          [
            -50.811,
            69.709
          ],
          [
            -50.814,
            69.676
          ],
          [
            -50.774,
            69.667
          ],
          [
            -50.441,
            69.652
          ],
          [
            -50.466,
            69.631
          ],
          [
            -50.407,
            69.592
          ],
          [
            -50.801,
            69.642
          ],
          [
            -50.846,
            69.621
          ],
          [
            -50.791,
            69.555
          ],
          [
            -50.883,
            69.491
          ],
          [
            -50.697,
            69.522
          ],
          [
            -50.662,
            69.515
          ],
          [
            -50.722,
            69.503
          ],
          [
            -50.573,
            69.492
          ],
          [
            -50.434,
            69.543
          ],
          [
            -50.205,
            69.522
          ],
          [
            -50.287,
            69.489
          ],
          [
            -50.424,
            69.509
          ],
          [
            -50.516,
            69.488
          ],
          [
            -50.491,
            69.445
          ],
          [
            -50.671,
            69.484
          ],
          [
            -50.856,
            69.461
          ],
          [
            -50.845,
            69.419
          ],
          [
            -50.9,
            69.388
          ],
          [
            -50.834,
            69.342
          ],
          [
            -50.993,
            69.32
          ],
          [
            -50.868,
            69.283
          ],
          [
            -51.096,
            69.242
          ],
          [
            -51.123,
            69.201
          ],
          [
            -50.886,
            69.173
          ],
          [
            -50.651,
            69.234
          ],
          [
            -50.653,
            69.212
          ],
          [
            -50.608,
            69.213
          ],
          [
            -50.537,
            69.25
          ],
          [
            -50.592,
            69.274
          ],
          [
            -50.381,
            69.339
          ],
          [
            -50.468,
            69.3
          ],
          [
            -50.445,
            69.225
          ],
          [
            -50.465,
            69.195
          ],
          [
            -50.273,
            69.192
          ],
          [
            -50.145,
            69.225
          ],
          [
            -50.139,
            69.177
          ],
          [
            -50.306,
            69.118
          ],
          [
            -50.688,
            69.118
          ],
          [
            -50.434,
            69.051
          ],
          [
            -50.244,
            69.075
          ],
          [
            -50.176,
            69.024
          ],
          [
            -50.219,
            69.017
          ],
          [
            -50.217,
            68.957
          ],
          [
            -50.296,
            68.985
          ],
          [
            -50.259,
            69.055
          ],
          [
            -50.353,
            69.044
          ],
          [
            -50.349,
            68.992
          ],
          [
            -50.406,
            69.025
          ],
          [
            -50.492,
            69.013
          ],
          [
            -50.457,
            68.967
          ],
          [
            -50.365,
            68.967
          ],
          [
            -50.311,
            68.925
          ],
          [
            -50.38,
            68.901
          ],
          [
            -50.524,
            68.948
          ],
          [
            -50.546,
            68.996
          ],
          [
            -50.526,
            69.023
          ],
          [
            -50.639,
            69.042
          ],
          [
            -50.659,
            69.077
          ],
          [
            -50.905,
            69.024
          ],
          [
            -50.989,
            69.034
          ],
          [
            -50.734,
            69.101
          ],
          [
            -50.762,
            69.124
          ],
          [
            -51.07,
            69.131
          ],
          [
            -51.065,
            69.1
          ],
          [
            -51.122,
            69.098
          ],
          [
            -51.082,
            69.049
          ],
          [
            -51.133,
            69.041
          ],
          [
            -51.083,
            68.955
          ],
          [
            -51.188,
            68.883
          ],
          [
            -51.10100864553313,
            68.88216354466859
          ],
          [
            -51.215,
            68.841
          ],
          [
            -51.177,
            68.81
          ],
          [
            -51.292,
            68.748
          ],
          [
            -51.124,
            68.734
          ],
          [
            -50.782,
            68.838
          ],
          [
            -50.656,
            68.826
          ],
          [
            -50.987,
            68.732
          ],
          [
            -50.918,
            68.696
          ],
          [
            -50.916,
            68.667
          ],
          [
            -50.808,
            68.674
          ],
          [
            -50.882,
            68.659
          ],
          [
            -50.866,
            68.615
          ],
          [
            -51.068,
            68.699
          ],
          [
            -51.005,
            68.651
          ],
          [
            -51.044,
            68.608
          ],
          [
            -51.032,
            68.58
          ],
          [
            -51.092,
            68.573
          ],
          [
            -51.07,
            68.591
          ],
          [
            -51.096,
            68.599
          ],
          [
            -51.163,
            68.557
          ],
          [
            -51.309,
            68.581
          ],
          [
            -51.397,
            68.569
          ],
          [
            -51.337,
            68.558
          ],
          [
            -51.364,
            68.542
          ],
          [
            -51.503,
            68.536
          ],
          [
            -51.47,
            68.556
          ],
          [
            -51.493,
            68.564
          ],
          [
            -51.545,
            68.526
          ],
          [
            -51.848,
            68.513
          ],
          [
            -51.962,
            68.556
          ],
          [
            -51.817,
            68.576
          ],
          [
            -51.984,
            68.581
          ],
          [
            -52.12,
            68.537
          ],
          [
            -52.18838945790658,
            68.56287709218087
          ],
          [
            -52.106,
            68.56
          ],
          [
            -51.803,
            68.627
          ],
          [
            -51.875,
            68.644
          ],
          [
            -52.076,
            68.579
          ],
          [
            -52.114,
            68.602
          ],
          [
            -52.033,
            68.623
          ],
          [
            -52.217,
            68.642
          ],
          [
            -52.4,
            68.611
          ],
          [
            -52.421,
            68.571
          ],
          [
            -52.21159039792385,
            68.56368728373702
          ],
          [
            -52.462,
            68.545
          ],
          [
            -52.642,
            68.515
          ],
          [
            -52.393,
            68.513
          ],
          [
            -52.48,
            68.491
          ],
          [
            -52.434,
            68.458
          ],
          [
            -52.777,
            68.42
          ],
          [
            -52.822,
            68.398
          ],
          [
            -52.784,
            68.378
          ],
          [
            -53.098,
            68.305
          ],
          [
            -53.227,
            68.351
          ],
          [
            -53.389,
            68.328
          ],
          [
            -53.333,
            68.297
          ],
          [
            -53.373,
            68.291
          ],
          [
            -53.35,
            68.268
          ],
          [
            -53.206,
            68.307
          ],
          [
            -53.089,
            68.282
          ],
          [
            -52.604,
            68.349
          ],
          [
            -52.645,
            68.31
          ],
          [
            -52.83,
            68.301
          ],
          [
            -52.938,
            68.256
          ],
          [
            -52.854,
            68.252
          ],
          [
            -52.897,
            68.225
          ],
          [
            -52.72,
            68.211
          ],
          [
            -52.631,
            68.241
          ],
          [
            -52.811,
            68.272
          ],
          [
            -52.523,
            68.291
          ],
          [
            -52.565,
            68.259
          ],
          [
            -52.447,
            68.227
          ],
          [
            -52.498,
            68.191
          ],
          [
            -52.419,
            68.181
          ],
          [
            -51.668,
            68.276
          ],
          [
            -51.241,
            68.29
          ],
          [
            -51.226,
            68.327
          ],
          [
            -51.296,
            68.358
          ],
          [
            -51.483,
            68.353
          ],
          [
            -51.645,
            68.408
          ],
          [
            -51.236,
            68.412
          ],
          [
            -50.82,
            68.504
          ],
          [
            -50.769,
            68.484
          ],
          [
            -51.18,
            68.403
          ],
          [
            -51.127,
            68.371
          ],
          [
            -51.149,
            68.364
          ],
          [
            -51.124,
            68.345
          ],
          [
            -51.143,
            68.291
          ],
          [
            -51.382,
            68.254
          ],
          [
            -51.043,
            68.222
          ],
          [
            -50.957,
            68.183
          ],
          [
            -51.434,
            68.198
          ],
          [
            -51.087,
            68.099
          ],
          [
            -50.94,
            68.124
          ],
          [
            -51.048,
            68.087
          ],
          [
            -50.673,
            68.019
          ],
          [
            -50.714,
            67.995
          ],
          [
            -50.564,
            68.002
          ],
          [
            -50.564,
            67.966
          ],
          [
            -50.312,
            67.932
          ],
          [
            -50.144,
            67.939
          ],
          [
            -50.221,
            67.906
          ],
          [
            -50.441,
            67.93
          ],
          [
            -50.608,
            67.903
          ],
          [
            -50.701,
            67.955
          ],
          [
            -50.993,
            67.999
          ],
          [
            -51.189,
            68.064
          ],
          [
            -51.844,
            68.041
          ],
          [
            -52.179,
            68.083
          ],
          [
            -52.58,
            68.189
          ],
          [
            -52.747,
            68.196
          ],
          [
            -52.802,
            68.169
          ],
          [
            -52.696,
            68.173
          ],
          [
            -52.63,
            68.122
          ],
          [
            -52.523,
            68.126
          ],
          [
            -52.533,
            68.104
          ],
          [
            -52.391,
            68.072
          ],
          [
            -52.414,
            68.063
          ],
          [
            -53.148,
            68.199
          ],
          [
            -53.321,
            68.184
          ],
          [
            -53.454,
            68.152
          ],
          [
            -53.263,
            68.164
          ],
          [
            -53.3,
            68.136
          ],
          [
            -53.28,
            68.13
          ],
          [
            -53.099,
            68.172
          ],
          [
            -53.085,
            68.154
          ],
          [
            -53.156,
            68.118
          ],
          [
            -52.691,
            67.975
          ],
          [
            -52.201,
            67.95
          ],
          [
            -52.06,
            67.975
          ],
          [
            -52.188,
            67.923
          ],
          [
            -52.576,
            67.935
          ],
          [
            -53.02,
            68.054
          ],
          [
            -53.187,
            68.043
          ],
          [
            -53.256,
            68.016
          ],
          [
            -53.26,
            67.983
          ],
          [
            -52.889,
            67.98
          ],
          [
            -53.257,
            67.961
          ],
          [
            -53.191,
            67.931
          ],
          [
            -53.308,
            67.908
          ],
          [
            -53.258,
            67.883
          ],
          [
            -53.141,
            67.911
          ],
          [
            -53.056,
            67.88
          ],
          [
            -53.164,
            67.885
          ],
          [
            -53.289,
            67.844
          ],
          [
            -53.195,
            67.835
          ],
          [
            -53.307,
            67.836
          ],
          [
            -53.295,
            67.877
          ],
          [
            -53.382,
            67.898
          ],
          [
            -53.483,
            67.874
          ],
          [
            -53.376,
            67.864
          ],
          [
            -53.425,
            67.831
          ],
          [
            -53.249,
            67.809
          ],
          [
            -53.489,
            67.801
          ],
          [
            -53.457,
            67.818
          ],
          [
            -53.484,
            67.855
          ],
          [
            -53.695,
            67.806
          ],
          [
            -53.556,
            67.759
          ],
          [
            -53.539,
            67.711
          ],
          [
            -53.556,
            67.681
          ],
          [
            -53.694,
            67.644
          ],
          [
            -53.563,
            67.652
          ],
          [
            -53.753,
            67.606
          ],
          [
            -53.713,
            67.558
          ],
          [
            -53.729,
            67.526
          ],
          [
            -53.589,
            67.509
          ],
          [
            -53.332,
            67.586
          ],
          [
            -52.97,
            67.764
          ],
          [
            -52.626,
            67.787
          ],
          [
            -52.225,
            67.899
          ],
          [
            -51.912,
            67.907
          ],
          [
            -51.613,
            67.974
          ],
          [
            -51.572,
            67.964
          ],
          [
            -51.92,
            67.881
          ],
          [
            -52.167,
            67.887
          ],
          [
            -52.342,
            67.824
          ],
          [
            -52.256,
            67.769
          ],
          [
            -51.935,
            67.746
          ],
          [
            -51.686,
            67.794
          ],
          [
            -51.626,
            67.77
          ],
          [
            -51.844,
            67.732
          ],
          [
            -51.713,
            67.695
          ],
          [
            -51.588,
            67.751
          ],
          [
            -51.462,
            67.751
          ],
          [
            -51.517,
            67.724
          ],
          [
            -51.383,
            67.745
          ],
          [
            -51.396,
            67.776
          ],
          [
            -51.321,
            67.811
          ],
          [
            -51.568,
            67.933
          ],
          [
            -51.349,
            67.919
          ],
          [
            -51.209,
            67.969
          ],
          [
            -51.038,
            67.981
          ],
          [
            -51.046,
            67.937
          ],
          [
            -50.975,
            67.919
          ],
          [
            -50.971,
            67.883
          ],
          [
            -51.202,
            67.907
          ],
          [
            -51.368,
            67.876
          ],
          [
            -51.183,
            67.807
          ],
          [
            -51.238,
            67.784
          ],
          [
            -51.174,
            67.759
          ],
          [
            -50.838,
            67.793
          ],
          [
            -50.87,
            67.806
          ],
          [
            -50.65,
            67.849
          ],
          [
            -50.758,
            67.876
          ],
          [
            -50.888,
            67.853
          ],
          [
            -50.779,
            67.907
          ],
          [
            -50.526,
            67.866
          ],
          [
            -50.487,
            67.873
          ],
          [
            -50.519,
            67.892
          ],
          [
            -50.496,
            67.894
          ],
          [
            -50.432,
            67.847
          ],
          [
            -50.265,
            67.842
          ],
          [
            -50.291,
            67.807
          ],
          [
            -50.626,
            67.823
          ],
          [
            -50.999,
            67.72
          ],
          [
            -51.291,
            67.734
          ],
          [
            -51.318,
            67.71
          ],
          [
            -51.065,
            67.647
          ],
          [
            -50.904,
            67.659
          ],
          [
            -51.014,
            67.625
          ],
          [
            -50.97,
            67.622
          ],
          [
            -50.65,
            67.652
          ],
          [
            -50.289,
            67.745
          ],
          [
            -49.937,
            67.694
          ],
          [
            -50.085,
            67.688
          ],
          [
            -50.08,
            67.714
          ],
          [
            -50.274,
            67.731
          ],
          [
            -50.876,
            67.596
          ],
          [
            -50.571,
            67.507
          ],
          [
            -50.248,
            67.49
          ],
          [
            -50.07,
            67.513
          ],
          [
            -50.198,
            67.467
          ],
          [
            -50.701,
            67.492
          ],
          [
            -51.33,
            67.676
          ],
          [
            -51.809,
            67.626
          ],
          [
            -52.056,
            67.714
          ],
          [
            -52.114,
            67.696
          ],
          [
            -52.496,
            67.77
          ],
          [
            -52.827,
            67.738
          ],
          [
            -52.535,
            67.738
          ],
          [
            -52.624,
            67.711
          ],
          [
            -52.847,
            67.725
          ],
          [
            -53.033,
            67.694
          ],
          [
            -53.104,
            67.654
          ],
          [
            -52.911,
            67.682
          ],
          [
            -53.238,
            67.585
          ],
          [
            -53.102,
            67.594
          ],
          [
            -53.718,
            67.451
          ],
          [
            -53.821,
            67.406
          ],
          [
            -53.795,
            67.391
          ],
          [
            -53.861,
            67.354
          ],
          [
            -53.837,
            67.327
          ],
          [
            -53.873,
            67.317
          ],
          [
            -53.853,
            67.291
          ],
          [
            -53.88,
            67.257
          ],
          [
            -53.841,
            67.245
          ],
          [
            -53.875,
            67.23
          ],
          [
            -53.775,
            67.224
          ],
          [
            -53.798,
            67.203
          ],
          [
            -53.587,
            67.256
          ],
          [
            -53.375,
            67.265
          ],
          [
            -53.184,
            67.342
          ],
          [
            -53.229,
            67.295
          ],
          [
            -53.128,
            67.278
          ],
          [
            -52.154,
            67.4
          ],
          [
            -51.95,
            67.351
          ],
          [
            -51.612,
            67.358
          ],
          [
            -51.152,
            67.423
          ],
          [
            -51.116,
            67.42
          ],
          [
            -51.526,
            67.351
          ],
          [
            -51.403,
            67.301
          ],
          [
            -51.384,
            67.253
          ],
          [
            -51.173,
            67.139
          ],
          [
            -50.533,
            67.222
          ],
          [
            -50.348,
            67.184
          ],
          [
            -50.786,
            67.185
          ],
          [
            -51.189,
            67.124
          ],
          [
            -51.306,
            67.16
          ],
          [
            -51.525,
            67.323
          ],
          [
            -52.031,
            67.333
          ],
          [
            -52.151,
            67.37
          ],
          [
            -52.477,
            67.307
          ],
          [
            -52.603,
            67.318
          ],
          [
            -53.092,
            67.247
          ],
          [
            -53.59,
            67.221
          ],
          [
            -53.38,
            67.202
          ],
          [
            -53.456,
            67.192
          ],
          [
            -53.817,
            67.179
          ],
          [
            -53.923,
            67.141
          ],
          [
            -53.89,
            67.138
          ],
          [
            -53.966,
            67.104
          ],
          [
            -53.939,
            67.092
          ],
          [
            -53.966,
            67.075
          ],
          [
            -53.392,
            67.112
          ],
          [
            -53.543,
            67.069
          ],
          [
            -53.836,
            67.063
          ],
          [
            -53.796,
            67.014
          ],
          [
            -53.629,
            66.993
          ],
          [
            -53.461,
            67.016
          ],
          [
            -53.22,
            66.992
          ],
          [
            -53.825,
            66.983
          ],
          [
            -53.777,
            66.95
          ],
          [
            -53.654,
            66.941
          ],
          [
            -53.675,
            66.914
          ],
          [
            -53.079,
            66.926
          ],
          [
            -52.758,
            66.888
          ],
          [
            -52.593,
            66.912
          ],
          [
            -52.464,
            66.978
          ],
          [
            -52.502,
            66.946
          ],
          [
            -52.49,
            66.909
          ],
          [
            -52.29,
            66.921
          ],
          [
            -52.304,
            66.889
          ],
          [
            -52.463,
            66.873
          ],
          [
            -52.229,
            66.84
          ],
          [
            -52.336,
            66.811
          ],
          [
            -52.559,
            66.863
          ],
          [
            -53.063,
            66.832
          ],
          [
            -53.086,
            66.815
          ],
          [
            -53.051,
            66.802
          ],
          [
            -53.104,
            66.763
          ],
          [
            -52.895,
            66.82
          ],
          [
            -52.683,
            66.828
          ],
          [
            -52.65,
            66.801
          ],
          [
            -52.854,
            66.749
          ],
          [
            -53.206,
            66.746
          ],
          [
            -52.999,
            66.704
          ],
          [
            -52.598,
            66.738
          ],
          [
            -52.583,
            66.704
          ],
          [
            -53.004,
            66.667
          ],
          [
            -53.264,
            66.696
          ],
          [
            -53.482,
            66.605
          ],
          [
            -53.333,
            66.616
          ],
          [
            -53.334,
            66.594
          ],
          [
            -53.432,
            66.574
          ],
          [
            -53.224,
            66.547
          ],
          [
            -52.95,
            66.576
          ],
          [
            -52.416,
            66.546
          ],
          [
            -52.483,
            66.519
          ],
          [
            -52.922,
            66.55
          ],
          [
            -53.17,
            66.492
          ],
          [
            -53.337,
            66.509
          ],
          [
            -53.21,
            66.516
          ],
          [
            -53.359,
            66.536
          ],
          [
            -53.625,
            66.508
          ],
          [
            -53.587,
            66.474
          ],
          [
            -53.653,
            66.426
          ],
          [
            -53.498,
            66.474
          ],
          [
            -53.662,
            66.404
          ],
          [
            -53.69,
            66.364
          ],
          [
            -53.697,
            66.327
          ],
          [
            -53.639,
            66.312
          ],
          [
            -53.658,
            66.277
          ],
          [
            -53.62,
            66.243
          ],
          [
            -53.118,
            66.286
          ],
          [
            -53.511,
            66.235
          ],
          [
            -53.661,
            66.134
          ],
          [
            -53.481,
            66.153
          ],
          [
            -53.652,
            66.119
          ],
          [
            -53.432,
            66.102
          ],
          [
            -52.997,
            66.197
          ],
          [
            -52.711,
            66.352
          ],
          [
            -52.13,
            66.513
          ],
          [
            -51.977,
            66.658
          ],
          [
            -51.727,
            66.714
          ],
          [
            -51.521,
            66.818
          ],
          [
            -50.949,
            66.979
          ],
          [
            -50.335,
            67.072
          ],
          [
            -50.285,
            67.066
          ],
          [
            -50.632,
            67.016
          ],
          [
            -49.998,
            66.981
          ],
          [
            -50.201,
            66.968
          ],
          [
            -50.683,
            67.005
          ],
          [
            -51.008,
            66.905
          ],
          [
            -50.771,
            66.845
          ],
          [
            -50.662,
            66.867
          ],
          [
            -50.329,
            66.833
          ],
          [
            -50.354,
            66.827
          ],
          [
            -50.675,
            66.847
          ],
          [
            -50.801,
            66.824
          ],
          [
            -51.124,
            66.879
          ],
          [
            -51.145,
            66.862
          ],
          [
            -51.1,
            66.835
          ],
          [
            -51.271,
            66.844
          ],
          [
            -51.522,
            66.739
          ],
          [
            -51.431,
            66.714
          ],
          [
            -51.451,
            66.701
          ],
          [
            -51.581,
            66.705
          ],
          [
            -51.901,
            66.63
          ],
          [
            -52.031,
            66.519
          ],
          [
            -51.965,
            66.488
          ],
          [
            -52.374,
            66.432
          ],
          [
            -52.7,
            66.323
          ],
          [
            -52.727,
            66.272
          ],
          [
            -52.799,
            66.234
          ],
          [
            -53.464,
            66.03
          ],
          [
            -53.107,
            66.018
          ],
          [
            -53.379,
            66.005
          ],
          [
            -53.467,
            65.967
          ],
          [
            -53.385,
            65.933
          ],
          [
            -53.259,
            65.935
          ],
          [
            -52.88,
            66.025
          ],
          [
            -53.263,
            65.914
          ],
          [
            -53.144,
            65.889
          ],
          [
            -53.229,
            65.875
          ],
          [
            -53.152,
            65.856
          ],
          [
            -52.778,
            65.947
          ],
          [
            -52.801,
            65.986
          ],
          [
            -52.703,
            65.958
          ],
          [
            -52.574,
            66.012
          ],
          [
            -52.518,
            65.992
          ],
          [
            -52.601,
            65.956
          ],
          [
            -52.542,
            65.913
          ],
          [
            -52.318,
            65.899
          ],
          [
            -52.175,
            65.999
          ],
          [
            -51.732,
            66.07
          ],
          [
            -51.86,
            66.016
          ],
          [
            -51.749,
            65.968
          ],
          [
            -51.711,
            65.937
          ],
          [
            -51.733,
            65.921
          ],
          [
            -51.975,
            66.004
          ],
          [
            -52.23,
            65.934
          ],
          [
            -52.269,
            65.896
          ],
          [
            -52.214,
            65.882
          ],
          [
            -52.301,
            65.833
          ],
          [
            -52.331,
            65.872
          ],
          [
            -52.687,
            65.937
          ],
          [
            -52.829,
            65.907
          ],
          [
            -52.812,
            65.88
          ],
          [
            -53.03,
            65.857
          ],
          [
            -53.088,
            65.815
          ],
          [
            -53.025,
            65.809
          ],
          [
            -53.268,
            65.747
          ],
          [
            -53.116,
            65.742
          ],
          [
            -52.875,
            65.803
          ],
          [
            -53.237,
            65.683
          ],
          [
            -53.059,
            65.657
          ],
          [
            -52.811,
            65.672
          ],
          [
            -52.689,
            65.806
          ],
          [
            -52.686,
            65.719
          ],
          [
            -52.644,
            65.707
          ],
          [
            -52.715,
            65.694
          ],
          [
            -52.77,
            65.636
          ],
          [
            -52.548,
            65.674
          ],
          [
            -52.802,
            65.595
          ],
          [
            -52.666,
            65.614
          ],
          [
            -52.793,
            65.567
          ],
          [
            -52.802,
            65.539
          ],
          [
            -52.688,
            65.501
          ],
          [
            -52.47,
            65.67
          ],
          [
            -52.514,
            65.589
          ],
          [
            -52.604,
            65.527
          ],
          [
            -52.569,
            65.503
          ],
          [
            -52.613,
            65.491
          ],
          [
            -52.576,
            65.464
          ],
          [
            -52.444,
            65.519
          ],
          [
            -52.543,
            65.43
          ],
          [
            -52.498,
            65.387
          ],
          [
            -52.387,
            65.442
          ],
          [
            -52.261,
            65.444
          ],
          [
            -52.178,
            65.497
          ],
          [
            -51.934,
            65.546
          ],
          [
            -51.917,
            65.566
          ],
          [
            -51.979,
            65.673
          ],
          [
            -51.919,
            65.656
          ],
          [
            -51.457,
            65.771
          ],
          [
            -51.232,
            65.797
          ],
          [
            -50.957,
            65.779
          ],
          [
            -50.838,
            65.739
          ],
          [
            -50.697,
            65.754
          ],
          [
            -50.66,
            65.725
          ],
          [
            -50.792,
            65.71
          ],
          [
            -50.746,
            65.691
          ],
          [
            -50.55,
            65.711
          ],
          [
            -50.532,
            65.687
          ],
          [
            -50.717,
            65.677
          ],
          [
            -50.947,
            65.756
          ],
          [
            -51.244,
            65.76
          ],
          [
            -51.694,
            65.699
          ],
          [
            -51.901,
            65.624
          ],
          [
            -51.721,
            65.582
          ],
          [
            -51.828,
            65.577
          ],
          [
            -51.977,
            65.489
          ],
          [
            -52.154,
            65.464
          ],
          [
            -52.564,
            65.322
          ],
          [
            -52.5,
            65.277
          ],
          [
            -52.452,
            65.295
          ],
          [
            -52.519,
            65.185
          ],
          [
            -52.442,
            65.209
          ],
          [
            -52.33,
            65.338
          ],
          [
            -52.324,
            65.288
          ],
          [
            -52.208,
            65.331
          ],
          [
            -52.186,
            65.311
          ],
          [
            -52.218,
            65.295
          ],
          [
            -52.191,
            65.275
          ],
          [
            -52.307,
            65.199
          ],
          [
            -52.196,
            65.21
          ],
          [
            -52.006,
            65.314
          ],
          [
            -52.213,
            65.165
          ],
          [
            -52.171,
            65.122
          ],
          [
            -52.103,
            65.122
          ],
          [
            -52.285,
            65.084
          ],
          [
            -52.162,
            65.047
          ],
          [
            -52.186,
            65.025
          ],
          [
            -52.163,
            64.999
          ],
          [
            -52.086,
            65.018
          ],
          [
            -52.095,
            64.981
          ],
          [
            -52.011,
            64.979
          ],
          [
            -52.22,
            64.909
          ],
          [
            -52.219,
            64.879
          ],
          [
            -52.158,
            64.862
          ],
          [
            -52.225,
            64.83
          ],
          [
            -52.211,
            64.807
          ],
          [
            -52.049,
            64.857
          ],
          [
            -52.057,
            64.919
          ],
          [
            -51.942,
            64.876
          ],
          [
            -52.091,
            64.79
          ],
          [
            -51.877,
            64.835
          ],
          [
            -51.858,
            64.884
          ],
          [
            -51.757,
            64.862
          ],
          [
            -51.84,
            64.908
          ],
          [
            -51.732,
            64.958
          ],
          [
            -51.703,
            65.018
          ],
          [
            -51.553,
            64.992
          ],
          [
            -51.65,
            64.964
          ],
          [
            -51.704,
            64.886
          ],
          [
            -51.681,
            64.886
          ],
          [
            -51.389,
            64.981
          ],
          [
            -51.431,
            65.003
          ],
          [
            -51.247,
            65.017
          ],
          [
            -51.414,
            64.951
          ],
          [
            -51.539,
            64.856
          ],
          [
            -51.625,
            64.884
          ],
          [
            -51.86,
            64.826
          ],
          [
            -51.971,
            64.736
          ],
          [
            -52.12,
            64.72
          ],
          [
            -52.153,
            64.677
          ],
          [
            -52.048,
            64.629
          ],
          [
            -52.058,
            64.597
          ],
          [
            -52.016,
            64.597
          ],
          [
            -52.103,
            64.552
          ],
          [
            -52.102,
            64.511
          ],
          [
            -52.039,
            64.493
          ],
          [
            -52.117,
            64.453
          ],
          [
            -52.085,
            64.427
          ],
          [
            -52.104,
            64.383
          ],
          [
            -52.039,
            64.399
          ],
          [
            -52.026,
            64.357
          ],
          [
            -52.074,
            64.322
          ],
          [
            -52.013,
            64.296
          ],
          [
            -51.995,
            64.259
          ],
          [
            -52.033,
            64.235
          ],
          [
            -52.002,
            64.2
          ],
          [
            -51.824,
            64.221
          ],
          [
            -51.665,
            64.306
          ],
          [
            -51.674,
            64.352
          ],
          [
            -51.72,
            64.365
          ],
          [
            -51.603,
            64.396
          ],
          [
            -51.447,
            64.513
          ],
          [
            -51.419,
            64.611
          ],
          [
            -51.335,
            64.65
          ],
          [
            -51.277,
            64.74
          ],
          [
            -51.167,
            64.78
          ],
          [
            -51.038,
            64.78
          ],
          [
            -51.024,
            64.755
          ],
          [
            -51.097,
            64.755
          ],
          [
            -51.219,
            64.628
          ],
          [
            -51.143,
            64.614
          ],
          [
            -51.033,
            64.622
          ],
          [
            -51.002,
            64.642
          ],
          [
            -51.074,
            64.654
          ],
          [
            -50.902,
            64.683
          ],
          [
            -50.724,
            64.767
          ],
          [
            -50.699,
            64.74
          ],
          [
            -50.637,
            64.753
          ],
          [
            -50.711,
            64.789
          ],
          [
            -50.647,
            64.834
          ],
          [
            -50.771,
            64.865
          ],
          [
            -50.705,
            64.904
          ],
          [
            -50.735,
            64.929
          ],
          [
            -50.727,
            64.995
          ],
          [
            -50.883,
            64.977
          ],
          [
            -50.876,
            65.058
          ],
          [
            -50.943,
            65.085
          ],
          [
            -50.886,
            65.1
          ],
          [
            -50.95,
            65.135
          ],
          [
            -50.979,
            65.22
          ],
          [
            -50.888,
            65.15
          ],
          [
            -50.692,
            65.204
          ],
          [
            -50.84,
            65.119
          ],
          [
            -50.785,
            65.026
          ],
          [
            -50.689,
            65.009
          ],
          [
            -50.713,
            64.967
          ],
          [
            -50.687,
            64.905
          ],
          [
            -50.608,
            64.859
          ],
          [
            -50.561,
            64.768
          ],
          [
            -50.349,
            64.77
          ],
          [
            -50.297,
            64.744
          ],
          [
            -50.176,
            64.829
          ],
          [
            -49.999,
            64.869
          ],
          [
            -50.136,
            64.808
          ],
          [
            -50.128,
            64.776
          ],
          [
            -50.214,
            64.726
          ],
          [
            -50.157,
            64.694
          ],
          [
            -49.989,
            64.697
          ],
          [
            -50.123,
            64.636
          ],
          [
            -50.066,
            64.529
          ],
          [
            -49.81,
            64.434
          ],
          [
            -49.678,
            64.426
          ],
          [
            -49.677,
            64.381
          ],
          [
            -49.588,
            64.354
          ],
          [
            -49.613,
            64.33
          ],
          [
            -49.698,
            64.34
          ],
          [
            -50.131,
            64.475
          ],
          [
            -50.215,
            64.542
          ],
          [
            -50.277,
            64.658
          ],
          [
            -50.485,
            64.712
          ],
          [
            -50.664,
            64.687
          ],
          [
            -50.465,
            64.653
          ],
          [
            -50.619,
            64.629
          ],
          [
            -50.796,
            64.652
          ],
          [
            -50.877,
            64.626
          ],
          [
            -50.911,
            64.592
          ],
          [
            -50.625,
            64.586
          ],
          [
            -50.687,
            64.542
          ],
          [
            -50.651,
            64.517
          ],
          [
            -50.441,
            64.549
          ],
          [
            -50.652,
            64.481
          ],
          [
            -50.574,
            64.448
          ],
          [
            -50.397,
            64.419
          ],
          [
            -50.207,
            64.479
          ],
          [
            -50.173,
            64.448
          ],
          [
            -50.352,
            64.383
          ],
          [
            -50.695,
            64.448
          ],
          [
            -50.686,
            64.405
          ],
          [
            -50.582,
            64.377
          ],
          [
            -50.773,
            64.425
          ],
          [
            -50.882,
            64.408
          ],
          [
            -51.042,
            64.276
          ],
          [
            -50.843,
            64.254
          ],
          [
            -50.951,
            64.218
          ],
          [
            -51.033,
            64.242
          ],
          [
            -51.272,
            64.172
          ],
          [
            -51.444,
            64.219
          ],
          [
            -51.761,
            64.182
          ],
          [
            -51.695,
            64.181
          ],
          [
            -51.685,
            64.141
          ],
          [
            -51.523,
            64.196
          ],
          [
            -51.357,
            64.142
          ],
          [
            -51.537,
            64.171
          ],
          [
            -51.647,
            64.124
          ],
          [
            -51.446,
            64.078
          ],
          [
            -51.06,
            64.118
          ],
          [
            -50.601,
            64.23
          ],
          [
            -50.433,
            64.341
          ],
          [
            -50.367,
            64.353
          ],
          [
            -50.335,
            64.347
          ],
          [
            -50.555,
            64.181
          ],
          [
            -50.147,
            64.238
          ],
          [
            -50.048,
            64.197
          ],
          [
            -50.082,
            64.154
          ],
          [
            -50.049,
            64.107
          ],
          [
            -50.072,
            64.092
          ],
          [
            -50.102,
            64.185
          ],
          [
            -50.205,
            64.201
          ],
          [
            -50.447,
            64.131
          ],
          [
            -50.672,
            64.172
          ],
          [
            -50.873,
            64.094
          ],
          [
            -51.388,
            64.054
          ],
          [
            -51.307,
            64.015
          ],
          [
            -51.332,
            64.007
          ],
          [
            -51.447,
            64.041
          ],
          [
            -51.638,
            64.022
          ],
          [
            -51.658,
            64.011
          ],
          [
            -51.51,
            63.971
          ],
          [
            -51.362,
            63.967
          ],
          [
            -51.444,
            63.946
          ],
          [
            -51.375,
            63.893
          ],
          [
            -51.408,
            63.881
          ],
          [
            -51.402,
            63.842
          ],
          [
            -51.476,
            63.843
          ],
          [
            -51.443,
            63.805
          ],
          [
            -50.924,
            63.932
          ],
          [
            -51.221,
            63.836
          ],
          [
            -51.219,
            63.805
          ],
          [
            -51.539,
            63.754
          ],
          [
            -51.551,
            63.703
          ],
          [
            -51.345,
            63.721
          ],
          [
            -51.537,
            63.687
          ],
          [
            -51.377,
            63.62
          ],
          [
            -51.302,
            63.625
          ],
          [
            -51.419,
            63.538
          ],
          [
            -51.284,
            63.549
          ],
          [
            -51.126,
            63.509
          ],
          [
            -51.189,
            63.617
          ],
          [
            -51.077,
            63.667
          ],
          [
            -50.886,
            63.628
          ],
          [
            -50.505,
            63.667
          ],
          [
            -50.554,
            63.608
          ],
          [
            -50.577,
            63.644
          ],
          [
            -50.899,
            63.606
          ],
          [
            -51.057,
            63.646
          ],
          [
            -51.15,
            63.593
          ],
          [
            -51.095,
            63.525
          ],
          [
            -50.744,
            63.546
          ],
          [
            -51.141,
            63.486
          ],
          [
            -51.221,
            63.439
          ],
          [
            -51.14,
            63.432
          ],
          [
            -51.174,
            63.391
          ],
          [
            -51.127,
            63.374
          ],
          [
            -51.047,
            63.474
          ],
          [
            -51.005,
            63.467
          ],
          [
            -51.086,
            63.38
          ],
          [
            -51.054,
            63.369
          ],
          [
            -50.38,
            63.422
          ],
          [
            -50.276,
            63.401
          ],
          [
            -51.108,
            63.339
          ],
          [
            -51.096,
            63.296
          ],
          [
            -51.008,
            63.284
          ],
          [
            -51.068,
            63.242
          ],
          [
            -50.956,
            63.251
          ],
          [
            -51.048,
            63.218
          ],
          [
            -51.059,
            63.184
          ],
          [
            -51.008,
            63.161
          ],
          [
            -50.78,
            63.25
          ],
          [
            -50.926,
            63.172
          ],
          [
            -50.905,
            63.138
          ],
          [
            -50.787,
            63.204
          ],
          [
            -50.68,
            63.217
          ],
          [
            -50.558,
            63.226
          ],
          [
            -50.467,
            63.181
          ],
          [
            -50.36,
            63.236
          ],
          [
            -50.06,
            63.229
          ],
          [
            -50.386,
            63.191
          ],
          [
            -50.452,
            63.162
          ],
          [
            -50.42,
            63.152
          ],
          [
            -50.436,
            63.136
          ],
          [
            -50.606,
            63.094
          ],
          [
            -50.587,
            63.065
          ],
          [
            -50.611,
            63.036
          ],
          [
            -50.549,
            63.024
          ],
          [
            -50.514,
            63.054
          ],
          [
            -50.493,
            63.013
          ],
          [
            -50.61,
            62.974
          ],
          [
            -50.526,
            62.957
          ],
          [
            -50.501,
            62.977
          ],
          [
            -50.412,
            62.94
          ],
          [
            -50.302,
            62.968
          ],
          [
            -50.243,
            63.045
          ],
          [
            -50.15,
            63.015
          ],
          [
            -50.323,
            62.932
          ],
          [
            -50.4,
            62.851
          ],
          [
            -50.357,
            62.832
          ],
          [
            -50.38,
            62.784
          ],
          [
            -50.276,
            62.842
          ],
          [
            -50.174,
            62.958
          ],
          [
            -49.974,
            62.99
          ],
          [
            -49.797,
            63.059
          ],
          [
            -49.701,
            63.057
          ],
          [
            -49.834,
            62.996
          ],
          [
            -50.138,
            62.937
          ],
          [
            -50.243,
            62.851
          ],
          [
            -50.317,
            62.743
          ],
          [
            -50.275,
            62.702
          ],
          [
            -50.17,
            62.764
          ],
          [
            -50.191,
            62.804
          ],
          [
            -50.149,
            62.803
          ],
          [
            -50.146,
            62.775
          ],
          [
            -49.877,
            62.892
          ],
          [
            -49.923,
            62.859
          ],
          [
            -49.893,
            62.842
          ],
          [
            -50.046,
            62.795
          ],
          [
            -50.114,
            62.699
          ],
          [
            -50.224,
            62.67
          ],
          [
            -50.221,
            62.628
          ],
          [
            -50.318,
            62.495
          ],
          [
            -50.206,
            62.407
          ],
          [
            -50.041,
            62.358
          ],
          [
            -50.0,
            62.308
          ],
          [
            -49.911,
            62.365
          ],
          [
            -49.889,
            62.287
          ],
          [
            -49.788,
            62.3
          ],
          [
            -49.885,
            62.246
          ],
          [
            -49.614,
            62.252
          ],
          [
            -49.545,
            62.304
          ],
          [
            -49.569,
            62.251
          ],
          [
            -49.291,
            62.266
          ],
          [
            -49.343,
            62.227
          ],
          [
            -49.46,
            62.249
          ],
          [
            -49.568,
            62.228
          ],
          [
            -49.6,
            62.177
          ],
          [
            -49.682,
            62.151
          ],
          [
            -49.461,
            62.147
          ],
          [
            -49.375,
            62.209
          ],
          [
            -49.345,
            62.202
          ],
          [
            -49.363,
            62.159
          ],
          [
            -49.294,
            62.172
          ],
          [
            -49.294,
            62.134
          ],
          [
            -49.426,
            62.114
          ],
          [
            -49.336,
            62.077
          ],
          [
            -49.693,
            62.116
          ],
          [
            -49.691,
            62.09
          ],
          [
            -49.6,
            62.072
          ],
          [
            -49.459,
            62.078
          ],
          [
            -49.623,
            62.055
          ],
          [
            -49.539,
            62.02
          ],
          [
            -49.696,
            62.019
          ],
          [
            -49.669,
            61.996
          ],
          [
            -49.555,
            61.99
          ],
          [
            -49.405,
            62.067
          ],
          [
            -49.386,
            62.058
          ],
          [
            -49.415,
            62.024
          ],
          [
            -49.353,
            62.009
          ],
          [
            -49.423,
            61.985
          ],
          [
            -49.162,
            62.019
          ],
          [
            -49.149,
            62.107
          ],
          [
            -49.029,
            62.214
          ],
          [
            -49.006,
            62.204
          ],
          [
            -49.096,
            62.079
          ],
          [
            -48.974,
            62.133
          ],
          [
            -49.017,
            62.084
          ],
          [
            -48.841,
            62.077
          ],
          [
            -48.901,
            62.047
          ],
          [
            -48.992,
            62.052
          ],
          [
            -49.154,
            61.967
          ],
          [
            -49.397,
            61.942
          ],
          [
            -49.327,
            61.929
          ],
          [
            -49.386,
            61.915
          ],
          [
            -49.407,
            61.881
          ],
          [
            -49.382,
            61.869
          ],
          [
            -49.436,
            61.853
          ],
          [
            -49.431,
            61.815
          ],
          [
            -49.335,
            61.812
          ],
          [
            -49.292,
            61.876
          ],
          [
            -49.176,
            61.897
          ],
          [
            -49.354,
            61.766
          ],
          [
            -49.231,
            61.713
          ],
          [
            -49.183,
            61.746
          ],
          [
            -49.189,
            61.839
          ],
          [
            -49.001,
            61.954
          ],
          [
            -48.763,
            61.985
          ],
          [
            -48.747,
            61.956
          ],
          [
            -48.886,
            61.948
          ],
          [
            -48.944,
            61.883
          ],
          [
            -49.01,
            61.868
          ],
          [
            -48.999,
            61.843
          ],
          [
            -49.104,
            61.828
          ],
          [
            -49.123,
            61.798
          ],
          [
            -49.099,
            61.764
          ],
          [
            -49.149,
            61.719
          ],
          [
            -49.009,
            61.73
          ],
          [
            -48.881,
            61.789
          ],
          [
            -48.911,
            61.757
          ],
          [
            -48.879,
            61.725
          ],
          [
            -49.067,
            61.691
          ],
          [
            -49.055,
            61.62
          ],
          [
            -48.939,
            61.642
          ],
          [
            -48.985,
            61.604
          ],
          [
            -48.946,
            61.602
          ],
          [
            -48.599,
            61.636
          ],
          [
            -48.925,
            61.579
          ],
          [
            -49.254,
            61.601
          ],
          [
            -49.224,
            61.58
          ],
          [
            -49.298,
            61.557
          ],
          [
            -49.045,
            61.534
          ],
          [
            -49.116,
            61.499
          ],
          [
            -48.981,
            61.477
          ],
          [
            -49.016,
            61.452
          ],
          [
            -48.344,
            61.605
          ],
          [
            -48.338,
            61.561
          ],
          [
            -48.476,
            61.528
          ],
          [
            -48.231,
            61.537
          ],
          [
            -48.832,
            61.462
          ],
          [
            -49.066,
            61.398
          ],
          [
            -48.936,
            61.401
          ],
          [
            -48.982,
            61.356
          ],
          [
            -48.898,
            61.404
          ],
          [
            -48.853,
            61.397
          ],
          [
            -48.866,
            61.374
          ],
          [
            -48.801,
            61.38
          ],
          [
            -48.646,
            61.439
          ],
          [
            -48.671,
            61.392
          ],
          [
            -48.334,
            61.372
          ],
          [
            -48.348,
            61.344
          ],
          [
            -48.475,
            61.352
          ],
          [
            -48.512,
            61.302
          ],
          [
            -48.384,
            61.3
          ],
          [
            -48.578,
            61.285
          ],
          [
            -48.637,
            61.238
          ],
          [
            -48.63,
            61.206
          ],
          [
            -48.497,
            61.267
          ],
          [
            -48.574,
            61.214
          ],
          [
            -48.512,
            61.232
          ],
          [
            -48.541,
            61.191
          ],
          [
            -48.471,
            61.172
          ],
          [
            -48.291,
            61.217
          ],
          [
            -48.319,
            61.175
          ],
          [
            -48.441,
            61.156
          ],
          [
            -48.41,
            61.132
          ],
          [
            -48.216,
            61.136
          ],
          [
            -48.287,
            61.176
          ],
          [
            -48.257,
            61.232
          ],
          [
            -48.182,
            61.248
          ],
          [
            -48.151,
            61.316
          ],
          [
            -47.993,
            61.332
          ],
          [
            -47.917,
            61.32
          ],
          [
            -48.081,
            61.295
          ],
          [
            -48.125,
            61.273
          ],
          [
            -48.109,
            61.232
          ],
          [
            -48.216,
            61.18
          ],
          [
            -48.144,
            61.129
          ],
          [
            -48.047,
            61.177
          ],
          [
            -48.12,
            61.118
          ],
          [
            -48.076,
            61.086
          ],
          [
            -47.972,
            61.096
          ],
          [
            -47.769,
            61.187
          ],
          [
            -47.931,
            61.083
          ],
          [
            -47.92,
            61.055
          ],
          [
            -47.856,
            61.076
          ],
          [
            -47.848,
            61.036
          ],
          [
            -48.407,
            60.996
          ],
          [
            -48.164,
            60.983
          ],
          [
            -48.151,
            60.96
          ],
          [
            -47.91,
            61.014
          ],
          [
            -47.69,
            61.009
          ],
          [
            -47.73,
            60.973
          ],
          [
            -48.144,
            60.874
          ],
          [
            -48.239,
            60.82
          ],
          [
            -48.056,
            60.823
          ],
          [
            -47.94,
            60.877
          ],
          [
            -47.916,
            60.871
          ],
          [
            -47.931,
            60.836
          ],
          [
            -47.448,
            60.82
          ],
          [
            -47.319,
            60.868
          ],
          [
            -47.476,
            60.889
          ],
          [
            -47.752,
            60.844
          ],
          [
            -47.727,
            60.878
          ],
          [
            -47.857,
            60.867
          ],
          [
            -47.748,
            60.914
          ],
          [
            -47.525,
            60.888
          ],
          [
            -47.495,
            60.899
          ],
          [
            -47.548,
            60.908
          ],
          [
            -47.463,
            60.942
          ],
          [
            -47.363,
            60.928
          ],
          [
            -47.318,
            60.952
          ],
          [
            -47.248,
            60.894
          ],
          [
            -47.023,
            60.976
          ],
          [
            -47.005,
            60.964
          ],
          [
            -47.076,
            60.938
          ],
          [
            -46.955,
            60.954
          ],
          [
            -46.915,
            60.929
          ],
          [
            -47.055,
            60.871
          ],
          [
            -47.038,
            60.831
          ],
          [
            -46.85,
            60.88
          ],
          [
            -46.98,
            60.817
          ],
          [
            -46.894,
            60.832
          ],
          [
            -46.942,
            60.801
          ],
          [
            -46.857,
            60.797
          ],
          [
            -46.705,
            60.881
          ],
          [
            -46.888,
            60.933
          ],
          [
            -46.697,
            60.908
          ],
          [
            -46.75,
            60.944
          ],
          [
            -46.646,
            60.906
          ],
          [
            -46.628,
            60.938
          ],
          [
            -46.576,
            60.906
          ],
          [
            -46.645,
            60.988
          ],
          [
            -46.549,
            60.946
          ],
          [
            -46.577,
            61.005
          ],
          [
            -46.549,
            61.027
          ],
          [
            -46.416,
            61.007
          ],
          [
            -46.461,
            61.05
          ],
          [
            -46.38,
            61.041
          ],
          [
            -46.406,
            61.084
          ],
          [
            -46.263,
            61.046
          ],
          [
            -46.229,
            60.975
          ],
          [
            -46.119,
            61.011
          ],
          [
            -46.299,
            61.073
          ],
          [
            -46.189,
            61.087
          ],
          [
            -46.159,
            61.055
          ],
          [
            -46.066,
            61.044
          ],
          [
            -45.915,
            61.09
          ],
          [
            -45.954,
            61.128
          ],
          [
            -45.843,
            61.129
          ],
          [
            -45.84,
            61.165
          ],
          [
            -46.114,
            61.247
          ],
          [
            -46.055,
            61.265
          ],
          [
            -45.933,
            61.233
          ],
          [
            -45.806,
            61.334
          ],
          [
            -45.713,
            61.322
          ],
          [
            -45.869,
            61.217
          ],
          [
            -45.784,
            61.19
          ],
          [
            -45.77,
            61.139
          ],
          [
            -45.72,
            61.171
          ],
          [
            -45.62,
            61.142
          ],
          [
            -45.73,
            61.141
          ],
          [
            -45.688,
            61.116
          ],
          [
            -45.777,
            61.094
          ],
          [
            -45.68,
            61.082
          ],
          [
            -45.696,
            61.068
          ],
          [
            -45.908,
            61.038
          ],
          [
            -46.106,
            60.968
          ],
          [
            -46.04,
            60.942
          ],
          [
            -46.066,
            60.921
          ],
          [
            -46.007,
            60.912
          ],
          [
            -45.828,
            60.971
          ],
          [
            -45.796,
            60.954
          ],
          [
            -45.603,
            61.024
          ],
          [
            -45.481,
            61.106
          ],
          [
            -45.519,
            61.166
          ],
          [
            -45.516,
            61.246
          ],
          [
            -45.436,
            61.197
          ],
          [
            -45.448,
            61.166
          ],
          [
            -45.374,
            61.09
          ],
          [
            -45.213,
            61.203
          ],
          [
            -45.261,
            61.14
          ],
          [
            -45.252,
            61.107
          ],
          [
            -45.442,
            61.042
          ],
          [
            -45.49,
            60.989
          ],
          [
            -46.004,
            60.891
          ],
          [
            -46.195,
            60.811
          ],
          [
            -46.047,
            60.836
          ],
          [
            -45.996,
            60.882
          ],
          [
            -45.958,
            60.863
          ],
          [
            -45.852,
            60.894
          ],
          [
            -46.221,
            60.754
          ],
          [
            -46.044,
            60.72
          ],
          [
            -45.964,
            60.833
          ],
          [
            -45.877,
            60.849
          ],
          [
            -45.754,
            60.83
          ],
          [
            -45.886,
            60.777
          ],
          [
            -45.881,
            60.752
          ],
          [
            -45.686,
            60.775
          ],
          [
            -45.392,
            60.953
          ],
          [
            -45.416,
            60.996
          ],
          [
            -45.384,
            61.007
          ],
          [
            -45.33,
            60.98
          ],
          [
            -45.36,
            60.923
          ],
          [
            -45.289,
            60.931
          ],
          [
            -45.253,
            60.902
          ],
          [
            -45.393,
            60.889
          ],
          [
            -45.629,
            60.778
          ],
          [
            -45.577,
            60.764
          ],
          [
            -45.85,
            60.697
          ],
          [
            -45.742,
            60.666
          ],
          [
            -45.577,
            60.703
          ],
          [
            -45.978,
            60.574
          ],
          [
            -45.899,
            60.562
          ],
          [
            -45.874,
            60.514
          ],
          [
            -45.847,
            60.561
          ],
          [
            -45.797,
            60.553
          ],
          [
            -45.783,
            60.622
          ],
          [
            -45.624,
            60.646
          ],
          [
            -45.733,
            60.587
          ],
          [
            -45.679,
            60.56
          ],
          [
            -45.612,
            60.595
          ],
          [
            -45.591,
            60.566
          ],
          [
            -45.676,
            60.534
          ],
          [
            -45.593,
            60.534
          ],
          [
            -45.62,
            60.514
          ],
          [
            -45.575,
            60.469
          ],
          [
            -45.509,
            60.579
          ],
          [
            -45.467,
            60.561
          ],
          [
            -45.464,
            60.617
          ],
          [
            -45.36,
            60.652
          ],
          [
            -45.37,
            60.709
          ],
          [
            -45.315,
            60.719
          ],
          [
            -45.297,
            60.666
          ],
          [
            -45.119,
            60.718
          ],
          [
            -45.161,
            60.673
          ],
          [
            -45.374,
            60.605
          ],
          [
            -45.398,
            60.545
          ],
          [
            -45.493,
            60.496
          ],
          [
            -45.276,
            60.551
          ],
          [
            -45.259,
            60.593
          ],
          [
            -45.222,
            60.575
          ],
          [
            -45.234,
            60.63
          ],
          [
            -45.062,
            60.658
          ],
          [
            -45.266,
            60.495
          ],
          [
            -45.249,
            60.477
          ],
          [
            -45.279,
            60.458
          ],
          [
            -45.223,
            60.434
          ],
          [
            -45.013,
            60.476
          ],
          [
            -44.84,
            60.605
          ],
          [
            -44.814,
            60.671
          ],
          [
            -44.626,
            60.733
          ],
          [
            -44.769,
            60.659
          ],
          [
            -44.775,
            60.582
          ],
          [
            -44.955,
            60.471
          ],
          [
            -44.846,
            60.468
          ],
          [
            -44.94,
            60.361
          ],
          [
            -44.923,
            60.328
          ],
          [
            -45.103,
            60.269
          ],
          [
            -45.202,
            60.187
          ],
          [
            -45.16,
            60.179
          ],
          [
            -45.205,
            60.137
          ],
          [
            -45.159,
            60.135
          ],
          [
            -45.085,
            60.195
          ],
          [
            -44.885,
            60.217
          ],
          [
            -44.863,
            60.265
          ],
          [
            -44.663,
            60.386
          ],
          [
            -44.467,
            60.561
          ],
          [
            -44.499,
            60.477
          ],
          [
            -44.599,
            60.425
          ],
          [
            -44.62,
            60.378
          ],
          [
            -44.734,
            60.313
          ],
          [
            -44.727,
            60.278
          ],
          [
            -44.836,
            60.213
          ],
          [
            -44.772,
            60.22
          ],
          [
            -44.767,
            60.193
          ],
          [
            -45.077,
            60.159
          ],
          [
            -45.078,
            60.125
          ],
          [
            -45.171,
            60.09
          ],
          [
            -45.113,
            60.063
          ],
          [
            -45.112,
            60.102
          ],
          [
            -45.025,
            60.105
          ],
          [
            -44.944,
            60.076
          ],
          [
            -44.974,
            60.072
          ],
          [
            -44.951,
            60.056
          ],
          [
            -44.969,
            60.032
          ],
          [
            -44.841,
            60.018
          ],
          [
            -44.927,
            60.108
          ],
          [
            -44.866,
            60.153
          ],
          [
            -44.847,
            60.143
          ],
          [
            -44.885,
            60.114
          ],
          [
            -44.802,
            60.014
          ],
          [
            -44.715,
            59.994
          ],
          [
            -44.706,
            60.08
          ],
          [
            -44.666,
            60.101
          ],
          [
            -44.664,
            60.004
          ],
          [
            -44.604,
            59.982
          ],
          [
            -44.524,
            60.029
          ],
          [
            -44.457,
            60.148
          ],
          [
            -44.317,
            60.148
          ],
          [
            -44.262,
            60.192
          ],
          [
            -44.319,
            60.228
          ],
          [
            -44.243,
            60.219
          ],
          [
            -44.252,
            60.104
          ],
          [
            -44.434,
            60.141
          ],
          [
            -44.498,
            60.009
          ],
          [
            -44.448,
            60.005
          ],
          [
            -44.384,
            60.079
          ],
          [
            -44.432,
            59.986
          ],
          [
            -44.419,
            59.947
          ],
          [
            -44.351,
            59.972
          ],
          [
            -44.379,
            60.004
          ],
          [
            -44.324,
            60.038
          ],
          [
            -44.327,
            59.978
          ],
          [
            -44.258,
            60.022
          ],
          [
            -44.272,
            59.976
          ],
          [
            -44.398,
            59.904
          ],
          [
            -44.344,
            59.871
          ],
          [
            -44.269,
            59.88
          ],
          [
            -44.335,
            59.0
          ],
          [
            -46.927,
            59.035
          ],
          [
            -55.452,
            63.014
          ],
          [
            -59.209,
            62.976
          ],
          [
            -60.094,
            59.997
          ],
          [
            -64.589,
            60.457
          ],
          [
            -64.879,
            61.323
          ],
          [
            -64.802,
            61.373
          ],
          [
            -64.801,
            61.412
          ],
          [
            -64.687,
            61.466
          ],
          [
            -64.675,
            61.509
          ],
          [
            -64.717,
            61.512
          ],
          [
            -64.683,
            61.531
          ],
          [
            -64.726,
            61.542
          ],
          [
            -64.646,
            61.604
          ],
          [
            -64.791,
            61.618
          ],
          [
            -64.719,
            61.658
          ],
          [
            -65.017,
            61.693
          ],
          [
            -65.442,
            61.656
          ],
          [
            -65.674,
            61.755
          ],
          [
            -65.719,
            61.841
          ],
          [
            -65.79,
            61.833
          ],
          [
            -65.767,
            61.863
          ],
          [
            -65.86,
            61.833
          ],
          [
            -65.978,
            61.883
          ],
          [
            -65.947,
            61.907
          ],
          [
            -65.992,
            61.963
          ],
          [
            -66.036,
            61.953
          ],
          [
            -66.068,
            61.996
          ],
          [
            -66.138,
            62.007
          ],
          [
            -66.099,
            62.036
          ],
          [
            -66.201,
            62.113
          ],
          [
            -66.154,
            62.126
          ],
          [
            -66.139,
            62.093
          ],
          [
            -66.031,
            62.068
          ],
          [
            -66.056,
            62.142
          ],
          [
            -65.929,
            62.198
          ],
          [
            -65.993,
            62.244
          ],
          [
            -66.059,
            62.224
          ],
          [
            -66.257,
            62.26
          ],
          [
            -66.147,
            62.253
          ],
          [
            -66.158,
            62.305
          ],
          [
            -66.217,
            62.352
          ],
          [
            -66.244,
            62.319
          ],
          [
            -66.356,
            62.332
          ],
          [
            -66.319,
            62.265
          ],
          [
            -66.477,
            62.336
          ],
          [
            -66.331,
            62.379
          ],
          [
            -66.394,
            62.419
          ],
          [
            -66.352,
            62.445
          ],
          [
            -66.509,
            62.422
          ],
          [
            -66.479,
            62.502
          ],
          [
            -66.611,
            62.583
          ],
          [
            -66.615,
            62.612
          ],
          [
            -66.713,
            62.622
          ],
          [
            -66.67,
            62.642
          ],
          [
            -66.773,
            62.632
          ],
          [
            -66.741,
            62.674
          ],
          [
            -67.001,
            62.654
          ],
          [
            -66.913,
            62.695
          ],
          [
            -67.058,
            62.692
          ],
          [
            -67.012,
            62.734
          ],
          [
            -67.048,
            62.771
          ],
          [
            -67.119,
            62.756
          ],
          [
            -67.087,
            62.794
          ],
          [
            -67.115,
            62.821
          ],
          [
            -67.242,
            62.812
          ],
          [
            -67.179,
            62.837
          ],
          [
            -67.201,
            62.873
          ],
          [
            -67.37,
            62.854
          ],
          [
            -67.246,
            62.884
          ],
          [
            -67.363,
            62.944
          ],
          [
            -67.42,
            62.931
          ],
          [
            -67.398,
            62.967
          ],
          [
            -67.47,
            62.985
          ],
          [
            -67.673,
            62.923
          ],
          [
            -67.651,
            62.967
          ],
          [
            -67.5,
            63.008
          ],
          [
            -67.553,
            63.049
          ],
          [
            -67.687,
            63.027
          ],
          [
            -67.737,
            62.996
          ],
          [
            -67.714,
            62.961
          ],
          [
            -67.77,
            62.958
          ],
          [
            -67.735,
            62.981
          ],
          [
            -67.791,
            63.021
          ],
          [
            -67.6,
            63.084
          ],
          [
            -67.894,
            63.12
          ],
          [
            -67.92,
            63.073
          ],
          [
            -67.976,
            63.064
          ],
          [
            -67.918,
            63.137
          ],
          [
            -68.139,
            63.149
          ],
          [
            -68.235,
            63.198
          ],
          [
            -68.206,
            63.227
          ],
          [
            -68.285,
            63.262
          ],
          [
            -68.271,
            63.285
          ],
          [
            -68.496,
            63.421
          ],
          [
            -68.447,
            63.44
          ],
          [
            -68.544,
            63.446
          ],
          [
            -68.851,
            63.6
          ],
          [
            -68.813,
            63.636
          ],
          [
            -68.998,
            63.745
          ],
          [
            -68.711,
            63.735
          ],
          [
            -68.747,
            63.775
          ],
          [
            -68.556,
            63.727
          ],
          [
            -68.529,
            63.746
          ],
          [
            -68.303,
            63.633
          ],
          [
            -68.271,
            63.638
          ],
          [
            -68.313,
            63.69
          ],
          [
            -68.273,
            63.691
          ],
          [
            -68.217,
            63.627
          ],
          [
            -68.247,
            63.597
          ],
          [
            -68.137,
            63.576
          ],
          [
            -68.127,
            63.603
          ],
          [
            -68.084,
            63.547
          ],
          [
            -67.858,
            63.458
          ],
          [
            -67.821,
            63.4
          ],
          [
            -67.685,
            63.369
          ],
          [
            -67.683,
            63.432
          ],
          [
            -67.819,
            63.586
          ],
          [
            -67.8,
            63.632
          ],
          [
            -67.915,
            63.759
          ],
          [
            -67.833,
            63.726
          ],
          [
            -67.835,
            63.689
          ],
          [
            -67.795,
            63.689
          ],
          [
            -67.778,
            63.637
          ],
          [
            -67.67,
            63.653
          ],
          [
            -67.683,
            63.619
          ],
          [
            -67.622,
            63.549
          ],
          [
            -67.553,
            63.536
          ],
          [
            -67.494,
            63.436
          ],
          [
            -67.414,
            63.41
          ],
          [
            -67.403,
            63.463
          ],
          [
            -67.347,
            63.374
          ],
          [
            -67.18,
            63.276
          ],
          [
            -67.146,
            63.279
          ],
          [
            -67.172,
            63.316
          ],
          [
            -67.092,
            63.277
          ],
          [
            -67.017,
            63.281
          ],
          [
            -67.041,
            63.336
          ],
          [
            -67.017,
            63.397
          ],
          [
            -66.978,
            63.4
          ],
          [
            -67.009,
            63.327
          ],
          [
            -66.948,
            63.284
          ],
          [
            -67.024,
            63.243
          ],
          [
            -66.844,
            63.147
          ],
          [
            -66.799,
            63.172
          ],
          [
            -66.849,
            63.246
          ],
          [
            -66.807,
            63.273
          ],
          [
            -66.759,
            63.178
          ],
          [
            -66.768,
            63.088
          ],
          [
            -66.682,
            63.026
          ],
          [
            -66.547,
            62.991
          ],
          [
            -66.683,
            63.097
          ],
          [
            -66.563,
            63.074
          ],
          [
            -66.619,
            63.162
          ],
          [
            -66.602,
            63.205
          ],
          [
            -66.74,
            63.284
          ],
          [
            -66.651,
            63.375
          ],
          [
            -66.638,
            63.34
          ],
          [
            -66.69,
            63.281
          ],
          [
            -66.545,
            63.196
          ],
          [
            -66.57,
            63.158
          ],
          [
            -66.494,
            63.088
          ],
          [
            -66.518,
            63.065
          ],
          [
            -66.393,
            62.995
          ],
          [
            -66.294,
            62.993
          ],
          [
            -66.159,
            62.937
          ],
          [
            -66.098,
            62.952
          ],
          [
            -66.091,
            62.984
          ],
          [
            -66.197,
            63.032
          ],
          [
            -66.212,
            63.081
          ],
          [
            -66.291,
            63.116
          ],
          [
            -66.276,
            63.134
          ],
          [
            -66.163,
            63.09
          ],
          [
            -66.137,
            63.037
          ],
          [
            -66.055,
            63.048
          ],
          [
            -66.075,
            63.021
          ],
          [
            -66.014,
            62.979
          ],
          [
            -65.951,
            62.976
          ],
          [
            -65.833,
            63.031
          ],
          [
            -65.964,
            62.931
          ],
          [
            -65.879,
            62.925
          ],
          [
            -65.794,
            62.87
          ],
          [
            -65.826,
            62.928
          ],
          [
            -65.749,
            62.96
          ],
          [
            -65.751,
            63.029
          ],
          [
            -65.718,
            63.05
          ],
          [
            -65.688,
            62.98
          ],
          [
            -65.751,
            62.922
          ],
          [
            -65.705,
            62.89
          ],
          [
            -65.664,
            62.905
          ],
          [
            -65.647,
            62.855
          ],
          [
            -65.579,
            62.812
          ],
          [
            -65.454,
            62.842
          ],
          [
            -65.403,
            62.822
          ],
          [
            -65.326,
            62.923
          ],
          [
            -65.34,
            62.837
          ],
          [
            -65.255,
            62.828
          ],
          [
            -65.36,
            62.822
          ],
          [
            -65.369,
            62.779
          ],
          [
            -65.244,
            62.779
          ],
          [
            -65.318,
            62.743
          ],
          [
            -65.354,
            62.684
          ],
          [
            -65.328,
            62.666
          ],
          [
            -65.327,
            62.692
          ],
          [
            -65.267,
            62.694
          ],
          [
            -65.295,
            62.669
          ],
          [
            -65.187,
            62.562
          ],
          [
            -64.982,
            62.619
          ],
          [
            -64.984,
            62.643
          ],
          [
            -64.928,
            62.632
          ],
          [
            -64.985,
            62.714
          ],
          [
            -65.202,
            62.888
          ],
          [
            -65.187,
            62.925
          ],
          [
            -65.279,
            62.969
          ],
          [
            -65.274,
            63.001
          ],
          [
            -65.236,
            62.958
          ],
          [
            -65.125,
            62.921
          ],
          [
            -65.154,
            62.973
          ],
          [
            -65.12,
            62.992
          ],
          [
            -65.081,
            62.939
          ],
          [
            -64.882,
            62.867
          ],
          [
            -64.761,
            62.863
          ],
          [
            -64.721,
            62.898
          ],
          [
            -64.627,
            62.904
          ],
          [
            -64.696,
            62.952
          ],
          [
            -64.731,
            62.921
          ],
          [
            -64.847,
            62.967
          ],
          [
            -64.771,
            62.983
          ],
          [
            -64.815,
            63.039
          ],
          [
            -64.767,
            63.062
          ],
          [
            -64.864,
            63.089
          ],
          [
            -64.754,
            63.094
          ],
          [
            -64.784,
            63.122
          ],
          [
            -64.898,
            63.141
          ],
          [
            -64.857,
            63.164
          ],
          [
            -64.92,
            63.184
          ],
          [
            -65.055,
            63.172
          ],
          [
            -65.079,
            63.212
          ],
          [
            -64.969,
            63.217
          ],
          [
            -65.088,
            63.231
          ],
          [
            -65.147,
            63.281
          ],
          [
            -65.009,
            63.255
          ],
          [
            -65.056,
            63.314
          ],
          [
            -64.901,
            63.237
          ],
          [
            -64.952,
            63.362
          ],
          [
            -65.044,
            63.404
          ],
          [
            -65.123,
            63.4
          ],
          [
            -65.054,
            63.435
          ],
          [
            -65.144,
            63.431
          ],
          [
            -65.044,
            63.455
          ],
          [
            -65.102,
            63.542
          ],
          [
            -64.987,
            63.602
          ],
          [
            -65.304,
            63.807
          ],
          [
            -65.205,
            63.803
          ],
          [
            -65.151,
            63.772
          ],
          [
            -65.201,
            63.767
          ],
          [
            -65.106,
            63.727
          ],
          [
            -65.071,
            63.672
          ],
          [
            -64.942,
            63.632
          ],
          [
            -64.936,
            63.573
          ],
          [
            -64.834,
            63.499
          ],
          [
            -64.798,
            63.396
          ],
          [
            -64.758,
            63.38
          ],
          [
            -64.768,
            63.324
          ],
          [
            -64.715,
            63.281
          ],
          [
            -64.636,
            63.235
          ],
          [
            -64.531,
            63.25
          ],
          [
            -64.483,
            63.286
          ],
          [
            -64.625,
            63.318
          ],
          [
            -64.508,
            63.309
          ],
          [
            -64.51,
            63.375
          ],
          [
            -64.635,
            63.41
          ],
          [
            -64.553,
            63.394
          ],
          [
            -64.501,
            63.424
          ],
          [
            -64.548,
            63.468
          ],
          [
            -64.52,
            63.495
          ],
          [
            -64.558,
            63.559
          ],
          [
            -64.537,
            63.581
          ],
          [
            -64.589,
            63.604
          ],
          [
            -64.522,
            63.612
          ],
          [
            -64.522,
            63.673
          ],
          [
            -64.689,
            63.754
          ],
          [
            -64.949,
            63.774
          ],
          [
            -64.988,
            63.823
          ],
          [
            -64.969,
            63.855
          ],
          [
            -64.89,
            63.865
          ],
          [
            -64.875,
            63.901
          ],
          [
            -64.638,
            63.969
          ],
          [
            -64.661,
            64.029
          ],
          [
            -64.708,
            64.036
          ],
          [
            -64.756,
            64.002
          ],
          [
            -64.823,
            64.024
          ],
          [
            -64.954,
            63.971
          ],
          [
            -64.922,
            64.008
          ],
          [
            -65.222,
            64.029
          ],
          [
            -65.049,
            64.072
          ],
          [
            -65.194,
            64.073
          ],
          [
            -65.116,
            64.106
          ],
          [
            -65.265,
            64.179
          ],
          [
            -65.392,
            64.149
          ],
          [
            -65.243,
            64.2
          ],
          [
            -65.362,
            64.225
          ],
          [
            -65.339,
            64.247
          ],
          [
            -65.563,
            64.248
          ],
          [
            -65.44,
            64.269
          ],
          [
            -65.465,
            64.292
          ],
          [
            -65.423,
            64.296
          ],
          [
            -65.658,
            64.303
          ],
          [
            -65.525,
            64.323
          ],
          [
            -65.211,
            64.304
          ],
          [
            -65.18,
            64.347
          ],
          [
            -65.263,
            64.379
          ],
          [
            -65.244,
            64.406
          ],
          [
            -65.176,
            64.391
          ],
          [
            -65.072,
            64.441
          ],
          [
            -65.085,
            64.48
          ],
          [
            -65.177,
            64.476
          ],
          [
            -65.12,
            64.513
          ],
          [
            -65.238,
            64.483
          ],
          [
            -65.211,
            64.536
          ],
          [
            -65.268,
            64.512
          ],
          [
            -65.276,
            64.461
          ],
          [
            -65.334,
            64.48
          ],
          [
            -65.405,
            64.441
          ],
          [
            -65.348,
            64.526
          ],
          [
            -65.499,
            64.469
          ],
          [
            -65.518,
            64.5
          ],
          [
            -65.722,
            64.494
          ],
          [
            -65.714,
            64.571
          ],
          [
            -65.747,
            64.591
          ],
          [
            -65.586,
            64.64
          ],
          [
            -65.556,
            64.723
          ],
          [
            -65.665,
            64.771
          ],
          [
            -65.709,
            64.736
          ],
          [
            -65.705,
            64.687
          ],
          [
            -65.742,
            64.741
          ],
          [
            -65.66,
            64.799
          ],
          [
            -65.718,
            64.84
          ],
          [
            -65.779,
            64.799
          ],
          [
            -65.78,
            64.86
          ],
          [
            -65.957,
            64.886
          ],
          [
            -65.885,
            64.827
          ],
          [
            -65.938,
            64.8
          ],
          [
            -65.856,
            64.756
          ],
          [
            -65.899,
            64.733
          ],
          [
            -65.803,
            64.634
          ],
          [
            -65.913,
            64.682
          ],
          [
            -65.957,
            64.762
          ],
          [
            -66.012,
            64.749
          ],
          [
            -66.006,
            64.701
          ],
          [
            -66.037,
            64.708
          ],
          [
            -66.021,
            64.85
          ],
          [
            -66.117,
            64.781
          ],
          [
            -66.152,
            64.689
          ],
          [
            -66.212,
            64.686
          ],
          [
            -66.207,
            64.752
          ],
          [
            -66.338,
            64.768
          ],
          [
            -66.192,
            64.779
          ],
          [
            -66.148,
            64.869
          ],
          [
            -66.267,
            64.901
          ],
          [
            -66.309,
            64.865
          ],
          [
            -66.342,
            64.939
          ],
          [
            -66.379,
            64.912
          ],
          [
            -66.479,
            64.929
          ],
          [
            -66.48,
            64.984
          ],
          [
            -66.54,
            64.953
          ],
          [
            -66.535,
            65.011
          ],
          [
            -66.689,
            65.039
          ],
          [
            -66.644,
            64.947
          ],
          [
            -66.69,
            64.822
          ],
          [
            -66.632,
            64.781
          ],
          [
            -66.703,
            64.764
          ],
          [
            -66.767,
            64.869
          ],
          [
            -66.727,
            64.914
          ],
          [
            -66.83,
            64.941
          ],
          [
            -66.743,
            64.963
          ],
          [
            -66.736,
            65.0
          ],
          [
            -66.781,
            65.004
          ],
          [
            -66.761,
            65.065
          ],
          [
            -66.84,
            65.034
          ],
          [
            -66.915,
            65.051
          ],
          [
            -66.807,
            65.056
          ],
          [
            -66.794,
            65.084
          ],
          [
            -66.827,
            65.095
          ],
          [
            -66.753,
            65.113
          ],
          [
            -66.726,
            65.18
          ],
          [
            -66.826,
            65.149
          ],
          [
            -66.9,
            65.064
          ],
          [
            -66.961,
            65.057
          ],
          [
            -66.952,
            65.081
          ],
          [
            -67.001,
            65.087
          ],
          [
            -67.096,
            65.056
          ],
          [
            -67.056,
            65.105
          ],
          [
            -66.959,
            65.107
          ],
          [
            -66.929,
            65.23
          ],
          [
            -67.111,
            65.197
          ],
          [
            -67.129,
            65.228
          ],
          [
            -67.168,
            65.224
          ],
          [
            -67.078,
            65.25
          ],
          [
            -67.168,
            65.265
          ],
          [
            -67.12,
            65.31
          ],
          [
            -67.269,
            65.352
          ],
          [
            -67.327,
            65.317
          ],
          [
            -67.418,
            65.342
          ],
          [
            -67.309,
            65.37
          ],
          [
            -67.118,
            65.362
          ],
          [
            -67.058,
            65.427
          ],
          [
            -67.112,
            65.435
          ],
          [
            -67.066,
            65.459
          ],
          [
            -67.142,
            65.469
          ],
          [
            -67.291,
            65.47
          ],
          [
            -67.334,
            65.444
          ],
          [
            -67.459,
            65.498
          ],
          [
            -67.336,
            65.494
          ],
          [
            -67.332,
            65.516
          ],
          [
            -67.414,
            65.526
          ],
          [
            -67.362,
            65.547
          ],
          [
            -67.261,
            65.53
          ],
          [
            -67.339,
            65.576
          ],
          [
            -67.253,
            65.602
          ],
          [
            -67.281,
            65.642
          ],
          [
            -67.402,
            65.677
          ],
          [
            -67.473,
            65.672
          ],
          [
            -67.485,
            65.643
          ],
          [
            -67.73,
            65.636
          ],
          [
            -68.026,
            65.481
          ],
          [
            -67.952,
            65.568
          ],
          [
            -68.059,
            65.568
          ],
          [
            -67.918,
            65.6
          ],
          [
            -67.984,
            65.634
          ],
          [
            -67.909,
            65.611
          ],
          [
            -67.867,
            65.635
          ],
          [
            -67.876,
            65.694
          ],
          [
            -67.977,
            65.706
          ],
          [
            -67.943,
            65.747
          ],
          [
            -67.821,
            65.768
          ],
          [
            -67.811,
            65.816
          ],
          [
            -68.024,
            65.775
          ],
          [
            -68.204,
            65.793
          ],
          [
            -68.077,
            65.829
          ],
          [
            -68.186,
            65.854
          ],
          [
            -68.148,
            65.874
          ],
          [
            -68.143,
            65.929
          ],
          [
            -68.169,
            65.905
          ],
          [
            -68.322,
            65.912
          ],
          [
            -68.316,
            65.96
          ],
          [
            -68.192,
            65.95
          ],
          [
            -68.347,
            66.038
          ],
          [
            -68.124,
            65.963
          ],
          [
            -68.21,
            66.007
          ],
          [
            -68.159,
            66.028
          ],
          [
            -68.064,
            65.984
          ],
          [
            -68.06,
            66.054
          ],
          [
            -68.027,
            66.075
          ],
          [
            -68.22,
            66.129
          ],
          [
            -68.259,
            66.11
          ],
          [
            -68.219,
            66.081
          ],
          [
            -68.244,
            66.071
          ],
          [
            -68.493,
            66.189
          ],
          [
            -68.588,
            66.169
          ],
          [
            -68.851,
            66.19
          ],
          [
            -68.481,
            66.216
          ],
          [
            -68.516,
            66.299
          ],
          [
            -68.456,
            66.271
          ],
          [
            -68.39,
            66.184
          ],
          [
            -68.336,
            66.175
          ],
          [
            -68.347,
            66.212
          ],
          [
            -68.277,
            66.224
          ],
          [
            -68.23,
            66.146
          ],
          [
            -67.971,
            66.087
          ],
          [
            -68.026,
            66.066
          ],
          [
            -68.031,
            65.998
          ],
          [
            -67.914,
            65.899
          ],
          [
            -67.704,
            65.892
          ],
          [
            -67.743,
            65.961
          ],
          [
            -67.606,
            65.902
          ],
          [
            -67.454,
            65.897
          ],
          [
            -67.411,
            65.944
          ],
          [
            -67.349,
            65.913
          ],
          [
            -67.194,
            65.91
          ],
          [
            -67.172,
            65.926
          ],
          [
            -67.312,
            65.997
          ],
          [
            -67.163,
            66.035
          ],
          [
            -67.253,
            66.049
          ],
          [
            -67.294,
            66.11
          ],
          [
            -67.741,
            66.243
          ],
          [
            -67.701,
            66.285
          ],
          [
            -67.761,
            66.358
          ],
          [
            -67.858,
            66.412
          ],
          [
            -67.87,
            66.455
          ],
          [
            -67.993,
            66.507
          ],
          [
            -67.884,
            66.49
          ],
          [
            -67.857,
            66.519
          ],
          [
            -67.825,
            66.468
          ],
          [
            -67.639,
            66.446
          ],
          [
            -67.493,
            66.382
          ],
          [
            -67.494,
            66.353
          ],
          [
            -67.444,
            66.343
          ],
          [
            -67.414,
            66.297
          ],
          [
            -67.372,
            66.314
          ],
          [
            -67.275,
            66.276
          ],
          [
            -67.254,
            66.303
          ],
          [
            -67.125,
            66.307
          ],
          [
            -67.411,
            66.425
          ],
          [
            -67.236,
            66.401
          ],
          [
            -67.185,
            66.364
          ],
          [
            -67.14,
            66.377
          ],
          [
            -67.149,
            66.444
          ],
          [
            -67.366,
            66.544
          ],
          [
            -67.743,
            66.568
          ],
          [
            -67.639,
            66.576
          ],
          [
            -67.64,
            66.597
          ],
          [
            -67.522,
            66.566
          ],
          [
            -67.555,
            66.611
          ],
          [
            -67.536,
            66.623
          ],
          [
            -67.45,
            66.573
          ],
          [
            -67.338,
            66.598
          ],
          [
            -67.329,
            66.565
          ],
          [
            -67.134,
            66.486
          ],
          [
            -67.078,
            66.509
          ],
          [
            -67.149,
            66.532
          ],
          [
            -67.045,
            66.522
          ],
          [
            -66.884,
            66.566
          ],
          [
            -67.049,
            66.645
          ],
          [
            -66.852,
            66.583
          ],
          [
            -66.725,
            66.585
          ],
          [
            -66.858,
            66.537
          ],
          [
            -66.787,
            66.505
          ],
          [
            -66.814,
            66.452
          ],
          [
            -66.732,
            66.429
          ],
          [
            -66.679,
            66.455
          ],
          [
            -66.715,
            66.385
          ],
          [
            -66.768,
            66.381
          ],
          [
            -66.617,
            66.369
          ],
          [
            -66.437,
            66.413
          ],
          [
            -66.576,
            66.359
          ],
          [
            -66.471,
            66.348
          ],
          [
            -66.515,
            66.319
          ],
          [
            -66.474,
            66.275
          ],
          [
            -66.546,
            66.279
          ],
          [
            -66.505,
            66.209
          ],
          [
            -66.37,
            66.212
          ],
          [
            -66.433,
            66.274
          ],
          [
            -66.31,
            66.269
          ],
          [
            -66.263,
            66.239
          ],
          [
            -66.156,
            66.286
          ],
          [
            -66.183,
            66.242
          ],
          [
            -66.259,
            66.217
          ],
          [
            -66.147,
            66.135
          ],
          [
            -66.074,
            66.121
          ],
          [
            -65.952,
            66.109
          ],
          [
            -65.702,
            66.177
          ],
          [
            -65.572,
            66.268
          ],
          [
            -65.554,
            66.328
          ],
          [
            -65.474,
            66.386
          ],
          [
            -65.471,
            66.342
          ],
          [
            -65.536,
            66.318
          ],
          [
            -65.471,
            66.312
          ],
          [
            -65.634,
            66.172
          ],
          [
            -65.912,
            66.092
          ],
          [
            -65.964,
            66.044
          ],
          [
            -65.916,
            65.951
          ],
          [
            -65.382,
            65.976
          ],
          [
            -65.286,
            66.038
          ],
          [
            -65.227,
            66.019
          ],
          [
            -64.934,
            66.08
          ],
          [
            -64.854,
            66.11
          ],
          [
            -64.84,
            66.193
          ],
          [
            -64.719,
            66.273
          ],
          [
            -64.356,
            66.35
          ],
          [
            -64.722,
            66.217
          ],
          [
            -64.779,
            66.092
          ],
          [
            -64.851,
            66.032
          ],
          [
            -64.735,
            65.969
          ],
          [
            -64.935,
            66.002
          ],
          [
            -65.344,
            65.917
          ],
          [
            -65.449,
            65.841
          ],
          [
            -65.506,
            65.743
          ],
          [
            -65.39,
            65.782
          ],
          [
            -65.45,
            65.675
          ],
          [
            -65.168,
            65.656
          ],
          [
            -65.025,
            65.717
          ],
          [
            -64.795,
            65.728
          ],
          [
            -65.1,
            65.672
          ],
          [
            -65.126,
            65.633
          ],
          [
            -65.3,
            65.631
          ],
          [
            -65.301,
            65.59
          ],
          [
            -65.339,
            65.576
          ],
          [
            -65.311,
            65.549
          ],
          [
            -65.197,
            65.599
          ],
          [
            -65.221,
            65.555
          ],
          [
            -64.994,
            65.548
          ],
          [
            -64.853,
            65.655
          ],
          [
            -64.71,
            65.652
          ],
          [
            -64.821,
            65.642
          ],
          [
            -64.837,
            65.606
          ],
          [
            -64.789,
            65.584
          ],
          [
            -64.864,
            65.58
          ],
          [
            -64.93,
            65.525
          ],
          [
            -65.168,
            65.484
          ],
          [
            -65.136,
            65.462
          ],
          [
            -65.15,
            65.434
          ],
          [
            -65.001,
            65.367
          ],
          [
            -64.974,
            65.405
          ],
          [
            -64.695,
            65.428
          ],
          [
            -64.648,
            65.465
          ],
          [
            -64.469,
            65.442
          ],
          [
            -64.418,
            65.483
          ],
          [
            -64.442,
            65.42
          ],
          [
            -64.591,
            65.43
          ],
          [
            -64.912,
            65.338
          ],
          [
            -64.684,
            65.341
          ],
          [
            -64.911,
            65.299
          ],
          [
            -64.852,
            65.288
          ],
          [
            -64.898,
            65.276
          ],
          [
            -64.801,
            65.231
          ],
          [
            -64.731,
            65.271
          ],
          [
            -64.652,
            65.251
          ],
          [
            -64.715,
            65.228
          ],
          [
            -64.683,
            65.203
          ],
          [
            -64.73,
            65.158
          ],
          [
            -64.621,
            65.192
          ],
          [
            -64.644,
            65.154
          ],
          [
            -64.611,
            65.142
          ],
          [
            -64.637,
            65.12
          ],
          [
            -64.58,
            65.129
          ],
          [
            -64.556,
            65.092
          ],
          [
            -64.462,
            65.191
          ],
          [
            -64.462,
            65.295
          ],
          [
            -64.352,
            65.346
          ],
          [
            -64.291,
            65.422
          ],
          [
            -64.237,
            65.43
          ],
          [
            -64.256,
            65.386
          ],
          [
            -64.403,
            65.291
          ],
          [
            -64.399,
            65.271
          ],
          [
            -64.338,
            65.289
          ],
          [
            -64.391,
            65.249
          ],
          [
            -64.381,
            65.181
          ],
          [
            -64.323,
            65.148
          ],
          [
            -64.231,
            65.197
          ],
          [
            -64.081,
            65.199
          ],
          [
            -64.276,
            65.099
          ],
          [
            -64.205,
            65.107
          ],
          [
            -64.121,
            65.044
          ],
          [
            -64.078,
            65.068
          ],
          [
            -64.075,
            65.121
          ],
          [
            -63.965,
            65.096
          ],
          [
            -63.859,
            65.179
          ],
          [
            -63.799,
            65.182
          ],
          [
            -63.882,
            65.097
          ],
          [
            -63.871,
            65.041
          ],
          [
            -63.655,
            65.038
          ],
          [
            -63.826,
            65.013
          ],
          [
            -63.824,
            64.985
          ],
          [
            -63.732,
            64.962
          ],
          [
            -63.615,
            64.999
          ],
          [
            -63.601,
            64.961
          ],
          [
            -63.657,
            64.944
          ],
          [
            -63.628,
            64.93
          ],
          [
            -63.654,
            64.912
          ],
          [
            -63.547,
            64.887
          ],
          [
            -63.504,
            64.953
          ],
          [
            -63.527,
            64.972
          ],
          [
            -63.457,
            65.004
          ],
          [
            -63.469,
            65.032
          ],
          [
            -63.388,
            65.043
          ],
          [
            -63.465,
            65.057
          ],
          [
            -63.368,
            65.063
          ],
          [
            -63.433,
            65.102
          ],
          [
            -63.341,
            65.133
          ],
          [
            -63.478,
            65.157
          ],
          [
            -63.437,
            65.169
          ],
          [
            -63.514,
            65.191
          ],
          [
            -63.33,
            65.186
          ],
          [
            -63.312,
            65.209
          ],
          [
            -63.458,
            65.239
          ],
          [
            -63.343,
            65.253
          ],
          [
            -63.449,
            65.292
          ],
          [
            -63.336,
            65.301
          ],
          [
            -63.523,
            65.382
          ],
          [
            -63.389,
            65.393
          ],
          [
            -63.656,
            65.471
          ],
          [
            -63.291,
            65.432
          ],
          [
            -63.447,
            65.488
          ],
          [
            -63.527,
            65.479
          ],
          [
            -63.537,
            65.517
          ],
          [
            -63.617,
            65.537
          ],
          [
            -63.569,
            65.549
          ],
          [
            -63.609,
            65.59
          ],
          [
            -63.584,
            65.596
          ],
          [
            -63.482,
            65.525
          ],
          [
            -63.355,
            65.538
          ],
          [
            -63.32,
            65.593
          ],
          [
            -63.375,
            65.632
          ],
          [
            -63.729,
            65.673
          ],
          [
            -63.348,
            65.667
          ],
          [
            -63.384,
            65.712
          ],
          [
            -63.369,
            65.731
          ],
          [
            -63.529,
            65.877
          ],
          [
            -63.507,
            65.934
          ],
          [
            -63.473,
            65.929
          ],
          [
            -63.436,
            65.845
          ],
          [
            -63.2,
            65.633
          ],
          [
            -63.027,
            65.636
          ],
          [
            -63.002,
            65.589
          ],
          [
            -62.962,
            65.583
          ],
          [
            -62.892,
            65.638
          ],
          [
            -62.917,
            65.722
          ],
          [
            -62.962,
            65.748
          ],
          [
            -62.936,
            65.755
          ],
          [
            -62.886,
            65.734
          ],
          [
            -62.86,
            65.635
          ],
          [
            -62.803,
            65.599
          ],
          [
            -62.731,
            65.589
          ],
          [
            -62.728,
            65.621
          ],
          [
            -62.66,
            65.638
          ],
          [
            -62.672,
            65.597
          ],
          [
            -62.645,
            65.587
          ],
          [
            -62.592,
            65.672
          ],
          [
            -62.799,
            65.712
          ],
          [
            -62.848,
            65.764
          ],
          [
            -62.599,
            65.719
          ],
          [
            -62.569,
            65.757
          ],
          [
            -62.824,
            65.84
          ],
          [
            -62.813,
            65.857
          ],
          [
            -62.875,
            65.883
          ],
          [
            -62.864,
            65.911
          ],
          [
            -62.727,
            65.829
          ],
          [
            -62.62,
            65.803
          ],
          [
            -62.288,
            65.813
          ],
          [
            -62.376,
            65.868
          ],
          [
            -62.362,
            65.905
          ],
          [
            -62.454,
            65.922
          ],
          [
            -62.386,
            65.931
          ],
          [
            -62.418,
            65.971
          ],
          [
            -62.586,
            66.009
          ],
          [
            -62.794,
            66.011
          ],
          [
            -62.875,
            66.048
          ],
          [
            -62.936,
            66.123
          ],
          [
            -63.062,
            66.121
          ],
          [
            -62.931,
            66.147
          ],
          [
            -62.779,
            66.033
          ],
          [
            -62.525,
            66.034
          ],
          [
            -62.308,
            65.974
          ],
          [
            -62.197,
            66.011
          ],
          [
            -61.955,
            66.024
          ],
          [
            -62.107,
            66.048
          ],
          [
            -62.012,
            66.074
          ],
          [
            -62.08,
            66.083
          ],
          [
            -62.035,
            66.097
          ],
          [
            -62.059,
            66.107
          ],
          [
            -62.168,
            66.109
          ],
          [
            -62.108,
            66.143
          ],
          [
            -62.343,
            66.162
          ],
          [
            -62.513,
            66.219
          ],
          [
            -62.715,
            66.202
          ],
          [
            -62.809,
            66.241
          ],
          [
            -62.824,
            66.289
          ],
          [
            -62.895,
            66.33
          ],
          [
            -62.779,
            66.307
          ],
          [
            -62.757,
            66.245
          ],
          [
            -62.667,
            66.214
          ],
          [
            -62.316,
            66.305
          ],
          [
            -62.454,
            66.354
          ],
          [
            -62.495,
            66.406
          ],
          [
            -62.60622513881878,
            66.40650328117113
          ],
          [
            -62.628,
            66.431
          ],
          [
            -62.607,
            66.443
          ],
          [
            -62.23,
            66.404
          ],
          [
            -62.208,
            66.317
          ],
          [
            -62.08,
            66.329
          ],
          [
            -61.915,
            66.281
          ],
          [
            -61.783,
            66.334
          ],
          [
            -61.555,
            66.336
          ],
          [
            -61.463,
            66.369
          ],
          [
            -61.557,
            66.414
          ],
          [
            -61.987,
            66.41
          ],
          [
            -61.576,
            66.477
          ],
          [
            -61.789,
            66.609
          ],
          [
            -61.98,
            66.648
          ],
          [
            -62.09,
            66.607
          ],
          [
            -62.189,
            66.623
          ],
          [
            -62.017,
            66.658
          ],
          [
            -62.005,
            66.697
          ],
          [
            -61.726,
            66.643
          ],
          [
            -61.599,
            66.55
          ],
          [
            -61.448,
            66.538
          ],
          [
            -61.4,
            66.577
          ],
          [
            -61.272,
            66.6
          ],
          [
            -61.281,
            66.661
          ],
          [
            -61.481,
            66.787
          ],
          [
            -61.727,
            66.824
          ],
          [
            -61.653,
            66.83
          ],
          [
            -61.613,
            66.871
          ],
          [
            -62.008,
            66.868
          ],
          [
            -61.966,
            66.897
          ],
          [
            -61.771,
            66.897
          ],
          [
            -61.729,
            66.932
          ],
          [
            -61.851,
            66.933
          ],
          [
            -61.838,
            66.969
          ],
          [
            -61.913,
            66.971
          ],
          [
            -62.019,
            66.902
          ],
          [
            -62.102,
            66.913
          ],
          [
            -62.006,
            67.035
          ],
          [
            -62.101,
            67.055
          ],
          [
            -62.279,
            67.039
          ],
          [
            -62.261,
            66.948
          ],
          [
            -62.427,
            66.921
          ],
          [
            -62.425,
            66.847
          ],
          [
            -62.293,
            66.762
          ],
          [
            -62.313,
            66.727
          ],
          [
            -62.413,
            66.819
          ],
          [
            -62.501,
            66.842
          ],
          [
            -62.51,
            66.902
          ],
          [
            -62.569,
            66.944
          ],
          [
            -62.743,
            66.942
          ],
          [
            -62.774,
            66.841
          ],
          [
            -62.734,
            66.791
          ],
          [
            -62.832,
            66.714
          ],
          [
            -62.835,
            66.666
          ],
          [
            -62.9,
            66.637
          ],
          [
            -62.821,
            66.814
          ],
          [
            -62.847,
            66.962
          ],
          [
            -63.348,
            66.891
          ],
          [
            -63.32,
            66.814
          ],
          [
            -63.42,
            66.699
          ],
          [
            -63.453,
            66.712
          ],
          [
            -63.407,
            66.814
          ],
          [
            -63.442,
            66.908
          ],
          [
            -63.497,
            66.881
          ],
          [
            -63.479,
            66.836
          ],
          [
            -63.539,
            66.815
          ],
          [
            -63.822,
            66.816
          ],
          [
            -63.572,
            66.837
          ],
          [
            -63.546,
            66.904
          ],
          [
            -63.241,
            66.962
          ],
          [
            -63.22,
            67.017
          ],
          [
            -63.284,
            67.105
          ],
          [
            -63.045,
            67.167
          ],
          [
            -62.971,
            67.221
          ],
          [
            -62.998,
            67.281
          ],
          [
            -63.11,
            67.33
          ],
          [
            -63.205,
            67.319
          ],
          [
            -63.172,
            67.278
          ],
          [
            -63.255,
            67.247
          ],
          [
            -63.294,
            67.246
          ],
          [
            -63.203,
            67.293
          ],
          [
            -63.272,
            67.309
          ],
          [
            -63.332,
            67.282
          ],
          [
            -63.421,
            67.2
          ],
          [
            -63.403,
            67.144
          ],
          [
            -63.535,
            67.071
          ],
          [
            -63.751,
            67.017
          ],
          [
            -63.772,
            66.959
          ],
          [
            -63.796,
            67.007
          ],
          [
            -63.529,
            67.104
          ],
          [
            -63.454,
            67.169
          ],
          [
            -63.451,
            67.222
          ],
          [
            -63.89,
            67.235
          ],
          [
            -63.971,
            67.182
          ],
          [
            -64.506,
            67.129
          ],
          [
            -64.604,
            67.088
          ],
          [
            -64.628,
            67.012
          ],
          [
            -64.692,
            67.001
          ],
          [
            -64.69,
            67.084
          ],
          [
            -64.612,
            67.132
          ],
          [
            -64.162,
            67.214
          ],
          [
            -64.021,
            67.209
          ],
          [
            -63.963,
            67.272
          ],
          [
            -64.582,
            67.234
          ],
          [
            -64.783,
            67.19
          ],
          [
            -64.816,
            67.207
          ],
          [
            -64.55,
            67.256
          ],
          [
            -64.356,
            67.25
          ],
          [
            -64.232,
            67.293
          ],
          [
            -64.797,
            67.357
          ],
          [
            -63.904,
            67.306
          ],
          [
            -64.0,
            67.327
          ],
          [
            -63.94,
            67.364
          ],
          [
            -64.011,
            67.46
          ],
          [
            -64.297,
            67.448
          ],
          [
            -64.441,
            67.475
          ],
          [
            -64.239,
            67.467
          ],
          [
            -64.04,
            67.534
          ],
          [
            -64.106,
            67.549
          ],
          [
            -64.068,
            67.6
          ],
          [
            -64.09,
            67.621
          ],
          [
            -64.286,
            67.619
          ],
          [
            -64.219,
            67.632
          ],
          [
            -64.204,
            67.665
          ],
          [
            -64.306,
            67.734
          ],
          [
            -64.39594721407624,
            67.71428184195926
          ],
          [
            -64.364,
            67.754
          ],
          [
            -64.459,
            67.76
          ],
          [
            -64.451,
            67.785
          ],
          [
            -64.507,
            67.807
          ],
          [
            -64.75,
            67.823
          ],
          [
            -64.769,
            67.709
          ],
          [
            -64.821,
            67.688
          ],
          [
            -64.863,
            67.692
          ],
          [
            -64.816,
            67.711
          ],
          [
            -64.811,
            67.777
          ],
          [
            -64.92,
            67.791
          ],
          [
            -65.13,
            67.716
          ],
          [
            -65.172,
            67.634
          ],
          [
            -65.204,
            67.648
          ],
          [
            -65.158,
            67.73
          ],
          [
            -65.008,
            67.785
          ],
          [
            -65.048,
            67.826
          ],
          [
            -65.139,
            67.791
          ],
          [
            -65.113,
            67.858
          ],
          [
            -65.049,
            67.844
          ],
          [
            -64.942,
            67.912
          ],
          [
            -65.067,
            67.931
          ],
          [
            -64.847,
            67.935
          ],
          [
            -64.724,
            67.991
          ],
          [
            -65.001,
            68.056
          ],
          [
            -65.11,
            68.016
          ],
          [
            -65.169,
            68.027
          ],
          [
            -65.141,
            67.99
          ],
          [
            -65.201,
            67.954
          ],
          [
            -65.413,
            67.919
          ],
          [
            -65.554,
            67.783
          ],
          [
            -65.369,
            67.703
          ],
          [
            -65.318,
            67.601
          ],
          [
            -65.346,
            67.593
          ],
          [
            -65.426,
            67.696
          ],
          [
            -65.616,
            67.786
          ],
          [
            -65.52,
            67.843
          ],
          [
            -65.444,
            67.992
          ],
          [
            -65.808,
            67.971
          ],
          [
            -65.764,
            67.91
          ],
          [
            -65.804,
            67.864
          ],
          [
            -65.953,
            67.821
          ],
          [
            -65.937,
            67.766
          ],
          [
            -66.009,
            67.626
          ],
          [
            -66.01,
            67.803
          ],
          [
            -65.942,
            67.88
          ],
          [
            -66.032,
            67.952
          ],
          [
            -65.854,
            68.073
          ],
          [
            -65.903,
            68.081
          ],
          [
            -65.858,
            68.11
          ],
          [
            -65.921,
            68.162
          ],
          [
            -65.961,
            68.144
          ],
          [
            -65.948,
            68.041
          ],
          [
            -66.277,
            67.954
          ],
          [
            -66.339,
            67.9
          ],
          [
            -66.386,
            67.772
          ],
          [
            -66.407,
            67.829
          ],
          [
            -66.747,
            67.875
          ],
          [
            -66.399,
            67.869
          ],
          [
            -66.406,
            67.898
          ],
          [
            -66.321,
            67.979
          ],
          [
            -66.184,
            68.013
          ],
          [
            -66.259,
            68.086
          ],
          [
            -66.479,
            68.077
          ],
          [
            -66.366,
            68.083
          ],
          [
            -66.315,
            68.13
          ],
          [
            -66.595,
            68.143
          ],
          [
            -66.647,
            68.016
          ],
          [
            -66.735,
            67.982
          ],
          [
            -66.678,
            68.043
          ],
          [
            -66.683,
            68.141
          ],
          [
            -66.836,
            68.096
          ],
          [
            -66.935,
            68.014
          ],
          [
            -66.973,
            68.039
          ],
          [
            -66.824,
            68.126
          ],
          [
            -66.842,
            68.163
          ],
          [
            -66.766,
            68.239
          ],
          [
            -66.998,
            68.292
          ],
          [
            -67.275,
            68.244
          ],
          [
            -67.274,
            68.191
          ],
          [
            -67.374,
            68.127
          ],
          [
            -67.598,
            68.163
          ],
          [
            -67.388,
            68.146
          ],
          [
            -67.328,
            68.181
          ],
          [
            -67.328,
            68.244
          ],
          [
            -67.236,
            68.294
          ],
          [
            -67.016,
            68.319
          ],
          [
            -67.244,
            68.358
          ],
          [
            -67.323,
            68.319
          ],
          [
            -67.326,
            68.345
          ],
          [
            -67.395,
            68.354
          ],
          [
            -67.54,
            68.3
          ],
          [
            -67.533,
            68.271
          ],
          [
            -67.571,
            68.253
          ],
          [
            -67.695,
            68.242
          ],
          [
            -67.577,
            68.269
          ],
          [
            -67.583,
            68.308
          ],
          [
            -67.528,
            68.339
          ],
          [
            -67.745,
            68.321
          ],
          [
            -67.833,
            68.261
          ],
          [
            -67.878,
            68.265
          ],
          [
            -67.866,
            68.3
          ],
          [
            -67.781,
            68.337
          ],
          [
            -67.408,
            68.393
          ],
          [
            -67.011,
            68.354
          ],
          [
            -66.936,
            68.374
          ],
          [
            -66.905,
            68.416
          ],
          [
            -66.809,
            68.4
          ],
          [
            -66.801,
            68.424
          ],
          [
            -66.664,
            68.432
          ],
          [
            -66.684,
            68.443
          ],
          [
            -66.803,
            68.467
          ],
          [
            -66.975,
            68.436
          ],
          [
            -67.113,
            68.479
          ],
          [
            -67.105,
            68.414
          ],
          [
            -67.324,
            68.408
          ],
          [
            -67.192,
            68.426
          ],
          [
            -67.232,
            68.481
          ],
          [
            -67.272,
            68.452
          ],
          [
            -67.316,
            68.496
          ],
          [
            -67.379,
            68.47
          ],
          [
            -67.553,
            68.489
          ],
          [
            -67.551,
            68.414
          ],
          [
            -67.613,
            68.379
          ],
          [
            -67.628,
            68.496
          ],
          [
            -67.492,
            68.527
          ],
          [
            -67.664,
            68.563
          ],
          [
            -67.781,
            68.53
          ],
          [
            -67.864,
            68.549
          ],
          [
            -67.899,
            68.422
          ],
          [
            -67.959,
            68.396
          ],
          [
            -67.904,
            68.456
          ],
          [
            -67.939,
            68.523
          ],
          [
            -67.923,
            68.551
          ],
          [
            -68.127,
            68.531
          ],
          [
            -68.137,
            68.572
          ],
          [
            -68.338,
            68.593
          ],
          [
            -68.46,
            68.562
          ],
          [
            -68.756,
            68.567
          ],
          [
            -68.469,
            68.606
          ],
          [
            -68.629,
            68.636
          ],
          [
            -68.768,
            68.594
          ],
          [
            -68.902,
            68.604
          ],
          [
            -68.658,
            68.656
          ],
          [
            -68.359,
            68.627
          ],
          [
            -68.21,
            68.656
          ],
          [
            -68.094,
            68.628
          ],
          [
            -68.087,
            68.655
          ],
          [
            -68.168,
            68.669
          ],
          [
            -68.049,
            68.682
          ],
          [
            -68.529,
            68.747
          ],
          [
            -68.868,
            68.766
          ],
          [
            -68.971,
            68.738
          ],
          [
            -68.998,
            68.752
          ],
          [
            -68.945,
            68.787
          ],
          [
            -69.371,
            68.813
          ],
          [
            -69.152,
            68.828
          ],
          [
            -69.398,
            68.862
          ],
          [
            -69.281,
            68.876
          ],
          [
            -68.606,
            68.781
          ],
          [
            -68.49,
            68.792
          ],
          [
            -68.612,
            68.836
          ],
          [
            -68.566,
            68.847
          ],
          [
            -67.771,
            68.781
          ],
          [
            -68.492,
            68.897
          ],
          [
            -67.973,
            68.859
          ],
          [
            -68.09,
            68.901
          ],
          [
            -68.052,
            68.91
          ],
          [
            -68.048,
            68.944
          ],
          [
            -68.303,
            68.986
          ],
          [
            -68.556,
            68.964
          ],
          [
            -68.314,
            69.011
          ],
          [
            -68.029,
            68.971
          ],
          [
            -67.706,
            69.016
          ],
          [
            -68.178,
            69.147
          ],
          [
            -68.413,
            69.177
          ],
          [
            -68.872,
            69.085
          ],
          [
            -68.931,
            68.993
          ],
          [
            -69.026,
            68.969
          ],
          [
            -68.959,
            69.003
          ],
          [
            -68.927,
            69.098
          ],
          [
            -69.092,
            69.091
          ],
          [
            -69.076,
            69.106
          ],
          [
            -68.707,
            69.138
          ],
          [
            -68.503,
            69.199
          ],
          [
            -68.968,
            69.221
          ],
          [
            -68.077,
            69.217
          ],
          [
            -68.199,
            69.275
          ],
          [
            -68.445,
            69.27
          ],
          [
            -68.921,
            69.332
          ],
          [
            -69.258,
            69.27
          ],
          [
            -69.015,
            69.355
          ],
          [
            -68.376,
            69.295
          ],
          [
            -68.184,
            69.308
          ],
          [
            -67.676,
            69.169
          ],
          [
            -67.343,
            69.183
          ],
          [
            -67.208,
            69.143
          ],
          [
            -67.165,
            69.179
          ],
          [
            -66.997,
            69.178
          ],
          [
            -66.759,
            69.128
          ],
          [
            -66.668,
            69.178
          ],
          [
            -66.646,
            69.225
          ],
          [
            -66.796,
            69.341
          ],
          [
            -67.21,
            69.461
          ],
          [
            -67.792,
            69.484
          ],
          [
            -67.982,
            69.457
          ],
          [
            -68.612,
            69.588
          ],
          [
            -69.3,
            69.506
          ],
          [
            -69.663,
            69.548
          ],
          [
            -69.886,
            69.507
          ],
          [
            -70.035,
            69.537
          ],
          [
            -69.689,
            69.569
          ],
          [
            -69.22,
            69.536
          ],
          [
            -68.7,
            69.646
          ],
          [
            -68.329,
            69.628
          ],
          [
            -68.208,
            69.716
          ],
          [
            -67.996,
            69.774
          ],
          [
            -67.761,
            69.779
          ],
          [
            -67.407,
            69.715
          ],
          [
            -67.116,
            69.727
          ],
          [
            -67.168,
            69.784
          ],
          [
            -67.152,
            69.818
          ],
          [
            -67.212,
            69.863
          ],
          [
            -67.223,
            69.944
          ],
          [
            -67.795,
            70.259
          ],
          [
            -68.021,
            70.294
          ],
          [
            -68.056,
            70.323
          ],
          [
            -68.151,
            70.314
          ],
          [
            -68.16,
            70.283
          ],
          [
            -68.319,
            70.219
          ],
          [
            -68.299,
            70.182
          ],
          [
            -68.345,
            70.188
          ],
          [
            -68.346,
            70.163
          ],
          [
            -68.291,
            70.163
          ],
          [
            -68.334,
            70.139
          ],
          [
            -68.229,
            70.135
          ],
          [
            -68.207,
            70.109
          ],
          [
            -68.338,
            70.064
          ],
          [
            -68.565,
            70.049
          ],
          [
            -68.534,
            70.027
          ],
          [
            -68.669,
            69.982
          ],
          [
            -68.64,
            69.94
          ],
          [
            -68.934,
            69.951
          ],
          [
            -69.077,
            69.924
          ],
          [
            -69.396,
            69.778
          ],
          [
            -69.742,
            69.804
          ],
          [
            -69.983,
            69.616
          ],
          [
            -69.998,
            69.67
          ],
          [
            -69.806,
            69.82
          ],
          [
            -69.684,
            69.84
          ],
          [
            -69.427,
            69.82
          ],
          [
            -69.106,
            69.974
          ],
          [
            -68.783,
            70.044
          ],
          [
            -68.734,
            70.073
          ],
          [
            -68.753,
            70.105
          ],
          [
            -68.643,
            70.149
          ],
          [
            -68.683,
            70.204
          ],
          [
            -69.109,
            70.216
          ],
          [
            -69.132,
            70.211
          ],
          [
            -69.011,
            70.178
          ],
          [
            -69.219,
            70.188
          ],
          [
            -69.653,
            70.145
          ],
          [
            -69.801,
            70.066
          ],
          [
            -69.746,
            69.975
          ],
          [
            -70.077,
            69.958
          ],
          [
            -70.356,
            69.841
          ],
          [
            -70.469,
            69.843
          ],
          [
            -70.22,
            69.916
          ],
          [
            -70.164,
            69.962
          ],
          [
            -69.816,
            69.985
          ],
          [
            -69.901,
            70.048
          ],
          [
            -70.186,
            70.028
          ],
          [
            -69.918,
            70.086
          ],
          [
            -69.829,
            70.154
          ],
          [
            -69.668,
            70.199
          ],
          [
            -69.414,
            70.254
          ],
          [
            -68.682,
            70.329
          ],
          [
            -68.651,
            70.346
          ],
          [
            -68.662,
            70.431
          ],
          [
            -68.582,
            70.464
          ],
          [
            -68.548,
            70.448
          ],
          [
            -68.576,
            70.396
          ],
          [
            -68.459,
            70.369
          ],
          [
            -68.451,
            70.409
          ],
          [
            -68.29,
            70.5
          ],
          [
            -68.279,
            70.531
          ],
          [
            -68.314,
            70.563
          ],
          [
            -69.112,
            70.722
          ],
          [
            -69.227,
            70.78
          ],
          [
            -69.451,
            70.792
          ],
          [
            -69.62,
            70.758
          ],
          [
            -69.666,
            70.682
          ],
          [
            -69.771,
            70.713
          ],
          [
            -69.809,
            70.702
          ],
          [
            -69.776,
            70.682
          ],
          [
            -69.979,
            70.653
          ],
          [
            -70.027,
            70.59
          ],
          [
            -70.049,
            70.633
          ],
          [
            -70.383,
            70.615
          ],
          [
            -70.409,
            70.6
          ],
          [
            -70.308,
            70.499
          ],
          [
            -70.496,
            70.479
          ],
          [
            -70.398,
            70.524
          ],
          [
            -70.479,
            70.607
          ],
          [
            -70.455,
            70.628
          ],
          [
            -70.245,
            70.638
          ],
          [
            -70.085,
            70.684
          ],
          [
            -69.879,
            70.768
          ],
          [
            -69.773,
            70.851
          ],
          [
            -69.905,
            70.881
          ],
          [
            -70.997,
            70.626
          ],
          [
            -71.053,
            70.553
          ],
          [
            -70.99,
            70.524
          ],
          [
            -71.061,
            70.52
          ],
          [
            -71.232,
            70.295
          ],
          [
            -71.211,
            70.262
          ],
          [
            -71.298,
            70.197
          ],
          [
            -71.332,
            70.129
          ],
          [
            -71.536,
            70.02
          ],
          [
            -71.285,
            70.251
          ],
          [
            -71.323,
            70.313
          ],
          [
            -71.274,
            70.336
          ],
          [
            -71.168,
            70.532
          ],
          [
            -71.507,
            70.576
          ],
          [
            -71.525,
            70.525
          ],
          [
            -71.655,
            70.473
          ],
          [
            -71.675,
            70.37
          ],
          [
            -71.734,
            70.314
          ],
          [
            -71.837,
            70.29
          ],
          [
            -71.756,
            70.329
          ],
          [
            -71.727,
            70.417
          ],
          [
            -71.961,
            70.421
          ],
          [
            -71.749,
            70.444
          ],
          [
            -71.737,
            70.483
          ],
          [
            -71.584,
            70.546
          ],
          [
            -71.593,
            70.607
          ],
          [
            -71.175,
            70.584
          ],
          [
            -71.101,
            70.655
          ],
          [
            -70.747,
            70.746
          ],
          [
            -70.727,
            70.83
          ],
          [
            -70.514,
            70.921
          ],
          [
            -70.602,
            71.054
          ],
          [
            -70.756,
            71.116
          ],
          [
            -70.836,
            71.114
          ],
          [
            -71.208,
            71.005
          ],
          [
            -71.289,
            70.909
          ],
          [
            -71.171,
            70.856
          ],
          [
            -71.326,
            70.886
          ],
          [
            -71.569,
            70.871
          ],
          [
            -72.156,
            70.774
          ],
          [
            -72.326,
            70.667
          ],
          [
            -72.569,
            70.61
          ],
          [
            -72.558,
            70.627
          ],
          [
            -72.623,
            70.628
          ],
          [
            -72.382,
            70.677
          ],
          [
            -72.316,
            70.723
          ],
          [
            -72.333,
            70.751
          ],
          [
            -72.164,
            70.836
          ],
          [
            -72.303,
            70.867
          ],
          [
            -72.777,
            70.813
          ],
          [
            -72.334,
            70.879
          ],
          [
            -72.297,
            70.947
          ],
          [
            -72.18,
            70.962
          ],
          [
            -72.102,
            71.016
          ],
          [
            -72.1,
            71.064
          ],
          [
            -71.911,
            71.108
          ],
          [
            -71.464,
            71.062
          ],
          [
            -71.341,
            71.171
          ],
          [
            -71.12,
            71.264
          ],
          [
            -71.302,
            71.389
          ],
          [
            -71.428,
            71.429
          ],
          [
            -71.435,
            71.464
          ],
          [
            -71.554,
            71.504
          ],
          [
            -72.558,
            71.66
          ],
          [
            -72.65,
            71.537
          ],
          [
            -72.838,
            71.506
          ],
          [
            -72.759,
            71.427
          ],
          [
            -72.993,
            71.402
          ],
          [
            -72.951,
            71.316
          ],
          [
            -72.995,
            71.25
          ],
          [
            -73.18,
            71.212
          ],
          [
            -73.169,
            71.171
          ],
          [
            -73.197,
            71.135
          ],
          [
            -73.399,
            71.042
          ],
          [
            -73.377,
            70.981
          ],
          [
            -73.451,
            71.035
          ],
          [
            -73.294,
            71.092
          ],
          [
            -73.235,
            71.162
          ],
          [
            -73.272,
            71.221
          ],
          [
            -73.049,
            71.268
          ],
          [
            -73.35,
            71.345
          ],
          [
            -73.436,
            71.341
          ],
          [
            -73.434,
            71.309
          ],
          [
            -73.624,
            71.226
          ],
          [
            -73.674,
            71.163
          ],
          [
            -73.674,
            71.088
          ],
          [
            -73.898,
            71.057
          ],
          [
            -73.736,
            71.093
          ],
          [
            -73.682,
            71.246
          ],
          [
            -73.488,
            71.369
          ],
          [
            -73.38,
            71.385
          ],
          [
            -73.447,
            71.44
          ],
          [
            -73.503,
            71.425
          ],
          [
            -73.519,
            71.379
          ],
          [
            -73.635,
            71.359
          ],
          [
            -73.583,
            71.388
          ],
          [
            -73.649,
            71.441
          ],
          [
            -73.619,
            71.516
          ],
          [
            -73.567,
            71.544
          ],
          [
            -73.589,
            71.572
          ],
          [
            -73.747,
            71.585
          ],
          [
            -73.854,
            71.536
          ],
          [
            -73.907,
            71.474
          ],
          [
            -73.898,
            71.446
          ],
          [
            -73.969,
            71.419
          ],
          [
            -74.007,
            71.367
          ],
          [
            -73.997,
            71.324
          ],
          [
            -74.235,
            71.198
          ],
          [
            -74.092,
            71.286
          ],
          [
            -74.179,
            71.306
          ],
          [
            -74.064,
            71.337
          ],
          [
            -74.067,
            71.396
          ],
          [
            -74.029,
            71.438
          ],
          [
            -74.319,
            71.409
          ],
          [
            -73.989,
            71.461
          ],
          [
            -74.012,
            71.484
          ],
          [
            -73.99,
            71.527
          ],
          [
            -73.889,
            71.582
          ],
          [
            -73.891,
            71.609
          ],
          [
            -73.62,
            71.716
          ],
          [
            -73.594,
            71.77
          ],
          [
            -73.644,
            71.767
          ],
          [
            -73.686,
            71.719
          ],
          [
            -73.704,
            71.775
          ],
          [
            -73.978,
            71.76
          ],
          [
            -74.096,
            71.653
          ],
          [
            -74.216,
            71.613
          ],
          [
            -74.156,
            71.532
          ],
          [
            -74.243,
            71.57
          ],
          [
            -74.254,
            71.607
          ],
          [
            -74.129,
            71.672
          ],
          [
            -74.109,
            71.736
          ],
          [
            -74.289,
            71.727
          ],
          [
            -74.382,
            71.677
          ],
          [
            -74.523,
            71.662
          ],
          [
            -74.62,
            71.558
          ],
          [
            -74.736,
            71.531
          ],
          [
            -74.736,
            71.472
          ],
          [
            -74.638,
            71.427
          ],
          [
            -74.638,
            71.381
          ],
          [
            -74.874,
            71.248
          ],
          [
            -75.065,
            71.181
          ],
          [
            -75.094,
            71.195
          ],
          [
            -74.699,
            71.391
          ],
          [
            -74.737,
            71.43
          ],
          [
            -74.926,
            71.454
          ],
          [
            -74.816,
            71.493
          ],
          [
            -74.838,
            71.522
          ],
          [
            -75.033,
            71.513
          ],
          [
            -75.152,
            71.472
          ],
          [
            -75.037,
            71.531
          ],
          [
            -74.734,
            71.576
          ],
          [
            -74.632,
            71.662
          ],
          [
            -74.687,
            71.696
          ],
          [
            -74.784,
            71.683
          ],
          [
            -74.893,
            71.622
          ],
          [
            -75.406,
            71.512
          ],
          [
            -74.934,
            71.664
          ],
          [
            -75.044,
            71.7
          ],
          [
            -75.379,
            71.687
          ],
          [
            -74.714,
            71.735
          ],
          [
            -74.551,
            71.794
          ],
          [
            -74.575,
            71.819
          ],
          [
            -74.539,
            71.829
          ],
          [
            -74.44,
            71.802
          ],
          [
            -74.23,
            71.823
          ],
          [
            -74.166,
            71.875
          ],
          [
            -74.212,
            71.913
          ],
          [
            -74.118,
            71.97
          ],
          [
            -74.244,
            72.073
          ],
          [
            -75.036,
            72.126
          ],
          [
            -75.198,
            72.023
          ],
          [
            -75.558,
            71.977
          ],
          [
            -75.57,
            71.917
          ],
          [
            -75.655,
            71.826
          ],
          [
            -75.795,
            71.726
          ],
          [
            -75.88,
            71.702
          ],
          [
            -76.096,
            71.697
          ],
          [
            -75.802,
            71.751
          ],
          [
            -75.692,
            71.833
          ],
          [
            -75.687,
            71.883
          ],
          [
            -75.574,
            72.004
          ],
          [
            -75.282,
            72.039
          ],
          [
            -75.219,
            72.074
          ],
          [
            -75.488,
            72.119
          ],
          [
            -75.797,
            72.104
          ],
          [
            -76.02,
            72.046
          ],
          [
            -76.09,
            71.979
          ],
          [
            -76.239,
            71.931
          ],
          [
            -76.374,
            71.842
          ],
          [
            -76.409,
            71.854
          ],
          [
            -76.015,
            72.087
          ],
          [
            -75.607,
            72.143
          ],
          [
            -75.238,
            72.118
          ],
          [
            -74.947,
            72.25
          ],
          [
            -75.142,
            72.4
          ],
          [
            -75.2,
            72.462
          ],
          [
            -75.192,
            72.492
          ],
          [
            -75.932,
            72.584
          ],
          [
            -76.065,
            72.55
          ],
          [
            -76.037,
            72.489
          ],
          [
            -76.108,
            72.473
          ],
          [
            -76.163,
            72.526
          ],
          [
            -76.167,
            72.586
          ],
          [
            -76.682,
            72.642
          ],
          [
            -76.654,
            72.671
          ],
          [
            -76.753,
            72.721
          ],
          [
            -77.063,
            72.753
          ],
          [
            -77.614,
            72.752
          ],
          [
            -78.431,
            72.587
          ],
          [
            -78.557,
            72.504
          ],
          [
            -78.559,
            72.438
          ],
          [
            -78.389,
            72.373
          ],
          [
            -77.55,
            72.198
          ],
          [
            -77.278,
            72.197
          ],
          [
            -76.997,
            72.128
          ],
          [
            -77.289,
            72.183
          ],
          [
            -77.589,
            72.181
          ],
          [
            -77.622,
            72.164
          ],
          [
            -77.59,
            72.127
          ],
          [
            -77.657,
            72.094
          ],
          [
            -77.621,
            72.136
          ],
          [
            -77.665,
            72.163
          ],
          [
            -77.655,
            72.201
          ],
          [
            -77.794,
            72.242
          ],
          [
            -77.947,
            72.264
          ],
          [
            -78.011,
            72.245
          ],
          [
            -78.026,
            72.282
          ],
          [
            -78.451,
            72.324
          ],
          [
            -78.473,
            72.242
          ],
          [
            -78.411,
            72.217
          ],
          [
            -78.384,
            72.176
          ],
          [
            -78.408,
            72.166
          ],
          [
            -78.529,
            72.236
          ],
          [
            -78.516,
            72.331
          ],
          [
            -78.604,
            72.359
          ],
          [
            -78.814,
            72.328
          ],
          [
            -78.749,
            72.28
          ],
          [
            -78.871,
            72.227
          ],
          [
            -78.402,
            72.105
          ],
          [
            -78.323,
            71.986
          ],
          [
            -78.116,
            71.977
          ],
          [
            -78.104,
            71.945
          ],
          [
            -77.907,
            71.848
          ],
          [
            -77.698,
            71.812
          ],
          [
            -77.752,
            71.749
          ],
          [
            -77.797,
            71.793
          ],
          [
            -77.966,
            71.837
          ],
          [
            -78.142,
            71.964
          ],
          [
            -78.321,
            71.937
          ],
          [
            -78.14,
            71.831
          ],
          [
            -77.904,
            71.768
          ],
          [
            -78.211,
            71.826
          ],
          [
            -78.382,
            71.928
          ],
          [
            -78.476,
            72.087
          ],
          [
            -78.854,
            72.173
          ],
          [
            -78.876,
            72.062
          ],
          [
            -78.924,
            72.015
          ],
          [
            -78.607,
            71.939
          ],
          [
            -78.592,
            71.903
          ],
          [
            -78.504,
            71.869
          ],
          [
            -79.061,
            71.975
          ],
          [
            -79.203,
            71.962
          ],
          [
            -79.233,
            71.976
          ],
          [
            -79.036,
            72.069
          ],
          [
            -79.006,
            72.144
          ],
          [
            -78.944,
            72.193
          ],
          [
            -78.986,
            72.234
          ],
          [
            -78.954,
            72.281
          ],
          [
            -79.028,
            72.277
          ],
          [
            -79.147,
            72.346
          ],
          [
            -79.342,
            72.4
          ],
          [
            -79.37,
            72.361
          ],
          [
            -79.544,
            72.286
          ],
          [
            -79.467,
            72.249
          ],
          [
            -79.451,
            72.195
          ],
          [
            -79.566,
            72.275
          ],
          [
            -79.75,
            72.216
          ],
          [
            -79.769,
            72.245
          ],
          [
            -79.639,
            72.289
          ],
          [
            -79.596,
            72.335
          ],
          [
            -79.769,
            72.412
          ],
          [
            -79.692,
            72.467
          ],
          [
            -79.799,
            72.501
          ],
          [
            -79.871,
            72.483
          ],
          [
            -79.852,
            72.463
          ],
          [
            -79.874,
            72.427
          ],
          [
            -80.065,
            72.384
          ],
          [
            -80.166,
            72.322
          ],
          [
            -79.941,
            72.196
          ],
          [
            -79.674,
            72.127
          ],
          [
            -79.992,
            72.177
          ],
          [
            -80.156,
            72.274
          ],
          [
            -80.261,
            72.295
          ],
          [
            -80.306,
            72.255
          ],
          [
            -80.241,
            72.198
          ],
          [
            -80.487,
            72.189
          ],
          [
            -80.347,
            72.088
          ],
          [
            -80.385,
            72.048
          ],
          [
            -80.747,
            71.982
          ],
          [
            -80.756,
            71.934
          ],
          [
            -80.972,
            71.882
          ],
          [
            -80.833,
            71.946
          ],
          [
            -80.825,
            72.008
          ],
          [
            -80.793,
            72.028
          ],
          [
            -80.847,
            72.057
          ],
          [
            -81.087,
            72.047
          ],
          [
            -80.993,
            72.071
          ],
          [
            -81.026,
            72.092
          ],
          [
            -80.771,
            72.104
          ],
          [
            -80.646,
            72.063
          ],
          [
            -80.567,
            72.073
          ],
          [
            -80.969,
            72.2
          ],
          [
            -80.839,
            72.2
          ],
          [
            -80.864,
            72.225
          ],
          [
            -80.794,
            72.285
          ],
          [
            -80.514,
            72.38
          ],
          [
            -80.493,
            72.453
          ],
          [
            -80.516,
            72.504
          ],
          [
            -80.881,
            72.438
          ],
          [
            -81.23,
            72.259
          ],
          [
            -81.379,
            72.242
          ],
          [
            -81.2,
            72.289
          ],
          [
            -81.176,
            72.339
          ],
          [
            -81.1,
            72.354
          ],
          [
            -80.942,
            72.455
          ],
          [
            -80.532,
            72.574
          ],
          [
            -80.541,
            72.629
          ],
          [
            -80.247,
            72.731
          ],
          [
            -80.319,
            72.799
          ],
          [
            -80.488,
            72.829
          ],
          [
            -80.638,
            72.923
          ],
          [
            -80.648,
            72.991
          ],
          [
            -80.585,
            73.014
          ],
          [
            -80.558,
            73.111
          ],
          [
            -80.641,
            73.166
          ],
          [
            -81.205,
            73.267
          ],
          [
            -81.18,
            73.415
          ],
          [
            -81.219,
            73.521
          ],
          [
            -81.317,
            73.6
          ],
          [
            -81.45,
            73.653
          ],
          [
            -81.476,
            73.698
          ],
          [
            -81.991,
            73.731
          ],
          [
            -82.841,
            73.733
          ],
          [
            -83.046,
            73.646
          ],
          [
            -83.201,
            73.661
          ],
          [
            -84.007,
            73.51
          ],
          [
            -83.652,
            73.445
          ],
          [
            -83.625,
            73.415
          ],
          [
            -83.651,
            73.367
          ],
          [
            -83.594,
            73.325
          ],
          [
            -83.601,
            73.297
          ],
          [
            -83.689,
            73.324
          ],
          [
            -83.752,
            73.427
          ],
          [
            -84.194,
            73.475
          ],
          [
            -84.656,
            73.391
          ],
          [
            -84.598,
            73.362
          ],
          [
            -84.587,
            73.323
          ],
          [
            -84.339,
            73.226
          ],
          [
            -84.655,
            73.306
          ],
          [
            -84.742,
            73.376
          ],
          [
            -84.808,
            73.388
          ],
          [
            -85.116,
            73.314
          ],
          [
            -85.189,
            73.229
          ],
          [
            -84.584,
            73.116
          ],
          [
            -83.784,
            73.041
          ],
          [
            -83.634,
            72.982
          ],
          [
            -83.868,
            73.03
          ],
          [
            -84.83,
            73.086
          ],
          [
            -85.148,
            73.142
          ],
          [
            -85.229,
            73.123
          ],
          [
            -85.126,
            73.051
          ],
          [
            -85.277,
            73.069
          ],
          [
            -85.407,
            73.136
          ],
          [
            -85.537,
            73.028
          ],
          [
            -85.178,
            73.007
          ],
          [
            -85.129,
            73.031
          ],
          [
            -85.059,
            72.994
          ],
          [
            -85.092,
            72.983
          ],
          [
            -83.955,
            72.748
          ],
          [
            -85.283,
            72.964
          ],
          [
            -85.571,
            72.967
          ],
          [
            -85.688,
            72.894
          ],
          [
            -85.65,
            72.864
          ],
          [
            -85.708,
            72.743
          ],
          [
            -85.682,
            72.681
          ],
          [
            -85.705,
            72.638
          ],
          [
            -85.624,
            72.587
          ],
          [
            -85.476,
            72.575
          ],
          [
            -85.617,
            72.546
          ],
          [
            -85.535,
            72.47
          ],
          [
            -85.339,
            72.406
          ],
          [
            -85.116,
            72.383
          ],
          [
            -85.127,
            72.352
          ],
          [
            -84.777,
            72.458
          ],
          [
            -84.787,
            72.409
          ],
          [
            -84.871,
            72.401
          ],
          [
            -84.876,
            72.372
          ],
          [
            -84.553,
            72.36
          ],
          [
            -84.442,
            72.383
          ],
          [
            -84.521,
            72.351
          ],
          [
            -84.816,
            72.353
          ],
          [
            -84.935,
            72.289
          ],
          [
            -84.67,
            72.236
          ],
          [
            -84.743,
            72.224
          ],
          [
            -84.613,
            72.164
          ],
          [
            -84.378,
            72.128
          ],
          [
            -84.414,
            72.12
          ],
          [
            -84.347,
            72.07
          ],
          [
            -84.165,
            72.021
          ],
          [
            -84.189,
            72.009
          ],
          [
            -84.169,
            71.944
          ],
          [
            -84.194,
            71.931
          ],
          [
            -84.286,
            72.029
          ],
          [
            -84.596,
            72.138
          ],
          [
            -84.702,
            72.144
          ],
          [
            -84.868,
            72.221
          ],
          [
            -85.471,
            72.262
          ],
          [
            -85.503,
            72.252
          ],
          [
            -85.418,
            72.22
          ],
          [
            -85.538,
            72.235
          ],
          [
            -85.496,
            72.21
          ],
          [
            -85.509,
            72.179
          ],
          [
            -85.397,
            72.137
          ],
          [
            -85.541,
            72.124
          ],
          [
            -85.495,
            72.089
          ],
          [
            -85.509,
            72.068
          ],
          [
            -85.78,
            72.034
          ],
          [
            -85.721,
            72.005
          ],
          [
            -85.981,
            72.029
          ],
          [
            -85.966,
            71.98
          ],
          [
            -86.051,
            72.011
          ],
          [
            -86.023,
            71.981
          ],
          [
            -85.56,
            71.901
          ],
          [
            -85.433,
            71.806
          ],
          [
            -85.58,
            71.785
          ],
          [
            -85.28,
            71.669
          ],
          [
            -84.876,
            71.628
          ],
          [
            -84.841,
            71.642
          ],
          [
            -84.867,
            71.668
          ],
          [
            -84.827,
            71.675
          ],
          [
            -84.628,
            71.668
          ],
          [
            -84.604,
            71.646
          ],
          [
            -84.658,
            71.584
          ],
          [
            -84.561,
            71.55
          ],
          [
            -84.526,
            71.469
          ],
          [
            -84.763,
            71.407
          ],
          [
            -84.741,
            71.377
          ],
          [
            -84.793,
            71.278
          ],
          [
            -84.666,
            71.217
          ],
          [
            -84.801,
            71.183
          ],
          [
            -84.83,
            71.073
          ],
          [
            -84.748,
            70.988
          ],
          [
            -84.799,
            70.922
          ],
          [
            -84.959,
            70.919
          ],
          [
            -84.975,
            70.945
          ],
          [
            -84.93,
            71.004
          ],
          [
            -85.006,
            71.031
          ],
          [
            -84.96,
            71.072
          ],
          [
            -85.147,
            71.083
          ],
          [
            -84.966,
            71.1
          ],
          [
            -84.876,
            71.07
          ],
          [
            -84.85,
            71.155
          ],
          [
            -84.962,
            71.189
          ],
          [
            -85.042,
            71.182
          ],
          [
            -85.001,
            71.16
          ],
          [
            -85.117,
            71.179
          ],
          [
            -85.089,
            71.152
          ],
          [
            -85.163,
            71.137
          ],
          [
            -85.392,
            71.175
          ],
          [
            -85.779,
            71.139
          ],
          [
            -86.27,
            71.003
          ],
          [
            -86.758,
            70.977
          ],
          [
            -86.82,
            70.989
          ],
          [
            -86.249,
            71.059
          ],
          [
            -85.933,
            71.179
          ],
          [
            -85.729,
            71.206
          ],
          [
            -85.515,
            71.176
          ],
          [
            -85.464,
            71.211
          ],
          [
            -85.4,
            71.194
          ],
          [
            -85.393,
            71.222
          ],
          [
            -85.472,
            71.231
          ],
          [
            -85.173,
            71.272
          ],
          [
            -85.247,
            71.262
          ],
          [
            -85.273,
            71.277
          ],
          [
            -85.254,
            71.287
          ],
          [
            -84.836,
            71.272
          ],
          [
            -84.872,
            71.333
          ],
          [
            -84.951,
            71.341
          ],
          [
            -84.915,
            71.388
          ],
          [
            -84.935,
            71.418
          ],
          [
            -85.501,
            71.511
          ],
          [
            -85.747,
            71.644
          ],
          [
            -86.111,
            71.783
          ],
          [
            -86.332,
            71.947
          ],
          [
            -86.331,
            71.98
          ],
          [
            -86.408,
            72.002
          ],
          [
            -86.434,
            72.05
          ],
          [
            -86.429,
            72.169
          ],
          [
            -86.459,
            72.201
          ],
          [
            -86.436,
            72.27
          ],
          [
            -86.241,
            72.42
          ],
          [
            -86.397,
            72.535
          ],
          [
            -86.687,
            72.645
          ],
          [
            -86.705,
            72.666
          ],
          [
            -86.682,
            72.684
          ],
          [
            -86.741,
            72.728
          ],
          [
            -86.654,
            72.869
          ],
          [
            -86.328,
            73.037
          ],
          [
            -86.292,
            73.103
          ],
          [
            -86.12,
            73.246
          ],
          [
            -85.915,
            73.366
          ],
          [
            -85.573,
            73.508
          ],
          [
            -84.956,
            73.665
          ],
          [
            -84.838,
            73.742
          ],
          [
            -85.239,
            73.822
          ],
          [
            -86.156,
            73.861
          ],
          [
            -87.227,
            73.791
          ],
          [
            -88.075,
            73.628
          ],
          [
            -88.857,
            73.336
          ],
          [
            -88.619,
            73.28
          ],
          [
            -88.887,
            73.304
          ],
          [
            -88.991,
            73.284
          ],
          [
            -89.047,
            73.247
          ],
          [
            -88.888,
            73.213
          ],
          [
            -89.151,
            73.182
          ],
          [
            -89.177,
            73.15
          ],
          [
            -89.126,
            73.146
          ],
          [
            -89.228,
            73.126
          ],
          [
            -89.309,
            73.048
          ],
          [
            -89.205,
            73.014
          ],
          [
            -89.361,
            72.992
          ],
          [
            -89.296,
            72.919
          ],
          [
            -89.414,
            72.825
          ],
          [
            -89.246,
            72.785
          ],
          [
            -89.303,
            72.75
          ],
          [
            -89.575,
            72.785
          ],
          [
            -89.548,
            72.769
          ],
          [
            -89.575,
            72.699
          ],
          [
            -89.471,
            72.666
          ],
          [
            -89.557,
            72.664
          ],
          [
            -89.545,
            72.632
          ],
          [
            -89.573,
            72.617
          ],
          [
            -89.737,
            72.617
          ],
          [
            -89.787,
            72.56
          ],
          [
            -89.794,
            72.463
          ],
          [
            -89.898,
            72.435
          ],
          [
            -89.781,
            72.427
          ],
          [
            -89.913,
            72.422
          ],
          [
            -89.827,
            72.397
          ],
          [
            -89.957,
            72.322
          ],
          [
            -89.929,
            72.266
          ],
          [
            -89.96,
            72.252
          ],
          [
            -89.897,
            72.189
          ],
          [
            -89.781,
            72.157
          ],
          [
            -89.575,
            72.164
          ],
          [
            -89.665,
            72.113
          ],
          [
            -89.739,
            72.125
          ],
          [
            -89.993,
            72.071
          ],
          [
            -89.965,
            72.037
          ],
          [
            -89.998,
            71.99
          ],
          [
            -90.119,
            71.926
          ],
          [
            -90.014,
            71.889
          ],
          [
            -89.954,
            71.821
          ],
          [
            -89.88,
            71.809
          ],
          [
            -89.914,
            71.792
          ],
          [
            -89.796,
            71.76
          ],
          [
            -90.042,
            71.596
          ],
          [
            -89.952,
            71.521
          ],
          [
            -90.01,
            71.515
          ],
          [
            -89.965,
            71.411
          ],
          [
            -89.817,
            71.325
          ],
          [
            -89.402,
            71.289
          ],
          [
            -88.084,
            71.207
          ],
          [
            -87.912,
            71.267
          ],
          [
            -87.829,
            71.262
          ],
          [
            -87.849,
            71.185
          ],
          [
            -87.713,
            71.126
          ],
          [
            -87.386,
            71.042
          ],
          [
            -87.003,
            70.994
          ],
          [
            -87.247,
            71.009
          ],
          [
            -87.354,
            70.945
          ],
          [
            -88.025,
            70.931
          ],
          [
            -88.319,
            70.954
          ],
          [
            -88.38,
            71.012
          ],
          [
            -88.634,
            71.052
          ],
          [
            -89.134,
            71.027
          ],
          [
            -89.203,
            71.038
          ],
          [
            -89.228,
            71.073
          ],
          [
            -89.559,
            71.09
          ],
          [
            -89.195,
            70.968
          ],
          [
            -89.223,
            70.936
          ],
          [
            -89.448,
            70.902
          ],
          [
            -89.338,
            70.795
          ],
          [
            -89.005,
            70.657
          ],
          [
            -88.898,
            70.533
          ],
          [
            -88.693,
            70.455
          ],
          [
            -88.402,
            70.448
          ],
          [
            -87.915,
            70.332
          ],
          [
            -87.88,
            70.311
          ],
          [
            -87.999,
            70.304
          ],
          [
            -88.207,
            70.352
          ],
          [
            -88.265,
            70.328
          ],
          [
            -87.834,
            70.238
          ],
          [
            -87.61,
            70.285
          ],
          [
            -87.798,
            70.315
          ],
          [
            -87.757,
            70.332
          ],
          [
            -86.986,
            70.282
          ],
          [
            -86.973,
            70.352
          ],
          [
            -87.011,
            70.372
          ],
          [
            -87.247,
            70.383
          ],
          [
            -86.996,
            70.467
          ],
          [
            -86.922,
            70.456
          ],
          [
            -86.989,
            70.436
          ],
          [
            -86.972,
            70.418
          ],
          [
            -86.871,
            70.414
          ],
          [
            -86.922,
            70.389
          ],
          [
            -86.739,
            70.382
          ],
          [
            -86.889,
            70.358
          ],
          [
            -86.876,
            70.326
          ],
          [
            -86.647,
            70.319
          ],
          [
            -86.678,
            70.373
          ],
          [
            -86.341,
            70.484
          ],
          [
            -86.375,
            70.525
          ],
          [
            -86.288,
            70.484
          ],
          [
            -86.513,
            70.416
          ],
          [
            -86.592,
            70.358
          ],
          [
            -86.552,
            70.347
          ],
          [
            -86.575,
            70.311
          ],
          [
            -86.549,
            70.297
          ],
          [
            -86.552,
            70.235
          ],
          [
            -86.255,
            70.106
          ],
          [
            -85.823,
            70.0
          ],
          [
            -85.236,
            69.989
          ],
          [
            -85.618,
            70.071
          ],
          [
            -85.852,
            70.038
          ],
          [
            -85.875,
            70.083
          ],
          [
            -85.354,
            70.103
          ],
          [
            -84.983,
            70.064
          ],
          [
            -84.797,
            70.108
          ],
          [
            -84.871,
            70.072
          ],
          [
            -84.823,
            70.028
          ],
          [
            -84.332,
            69.98
          ],
          [
            -83.654,
            69.946
          ],
          [
            -83.345,
            69.977
          ],
          [
            -83.266,
            70.014
          ],
          [
            -83.067,
            70.011
          ],
          [
            -82.49,
            69.849
          ],
          [
            -82.673,
            69.876
          ],
          [
            -82.689,
            69.851
          ],
          [
            -82.554,
            69.798
          ],
          [
            -82.812,
            69.806
          ],
          [
            -82.879,
            69.779
          ],
          [
            -82.644,
            69.727
          ],
          [
            -82.702,
            69.681
          ],
          [
            -83.253,
            69.705
          ],
          [
            -83.346,
            69.676
          ],
          [
            -83.942,
            69.743
          ],
          [
            -84.376,
            69.857
          ],
          [
            -84.75,
            69.833
          ],
          [
            -84.882,
            69.856
          ],
          [
            -84.854,
            69.831
          ],
          [
            -84.872,
            69.816
          ],
          [
            -85.049,
            69.8
          ],
          [
            -85.064,
            69.77
          ],
          [
            -85.377,
            69.851
          ],
          [
            -85.572,
            69.856
          ],
          [
            -85.586,
            69.827
          ],
          [
            -85.362,
            69.822
          ],
          [
            -85.332,
            69.779
          ],
          [
            -85.392,
            69.75
          ],
          [
            -85.409,
            69.789
          ],
          [
            -85.515,
            69.768
          ],
          [
            -85.441,
            69.739
          ],
          [
            -85.439,
            69.701
          ],
          [
            -85.527,
            69.673
          ],
          [
            -85.544,
            69.638
          ],
          [
            -85.38,
            69.567
          ],
          [
            -85.479,
            69.562
          ],
          [
            -85.531,
            69.521
          ],
          [
            -85.539,
            69.467
          ],
          [
            -85.491,
            69.437
          ],
          [
            -85.423,
            69.462
          ],
          [
            -85.339,
            69.439
          ],
          [
            -85.503,
            69.405
          ],
          [
            -85.439,
            69.365
          ],
          [
            -85.449,
            69.341
          ],
          [
            -85.339,
            69.312
          ],
          [
            -85.502,
            69.319
          ],
          [
            -85.473,
            69.272
          ],
          [
            -85.383,
            69.206
          ],
          [
            -85.203,
            69.181
          ],
          [
            -85.308,
            69.144
          ],
          [
            -85.224,
            69.129
          ],
          [
            -85.173,
            69.17
          ],
          [
            -84.995,
            69.173
          ],
          [
            -85.14,
            69.125
          ],
          [
            -84.999,
            69.144
          ],
          [
            -84.969,
            69.137
          ],
          [
            -85.024,
            69.115
          ],
          [
            -84.964,
            69.115
          ],
          [
            -84.947,
            69.081
          ],
          [
            -84.769,
            69.083
          ],
          [
            -84.736,
            69.035
          ],
          [
            -84.528,
            69.017
          ],
          [
            -84.578,
            68.994
          ],
          [
            -84.818,
            69.032
          ],
          [
            -84.848,
            69.006
          ],
          [
            -84.958,
            69.017
          ],
          [
            -84.987,
            69.0
          ],
          [
            -84.791,
            68.943
          ],
          [
            -85.115,
            68.959
          ],
          [
            -85.141,
            68.947
          ],
          [
            -84.997,
            68.926
          ],
          [
            -85.069,
            68.906
          ],
          [
            -85.002,
            68.882
          ],
          [
            -85.194,
            68.867
          ],
          [
            -85.032,
            68.811
          ],
          [
            -84.835,
            68.821
          ],
          [
            -84.754,
            68.772
          ],
          [
            -84.787,
            68.734
          ],
          [
            -85.263,
            68.752
          ],
          [
            -85.211,
            68.72
          ],
          [
            -85.229,
            68.71
          ],
          [
            -85.514,
            68.784
          ],
          [
            -85.563,
            68.777
          ],
          [
            -85.458,
            68.755
          ],
          [
            -85.664,
            68.727
          ],
          [
            -85.747,
            68.622
          ],
          [
            -85.716,
            68.502
          ],
          [
            -85.742,
            68.471
          ],
          [
            -85.668,
            68.448
          ],
          [
            -85.745,
            68.435
          ],
          [
            -85.713,
            68.397
          ],
          [
            -85.843,
            68.317
          ],
          [
            -85.806,
            68.295
          ],
          [
            -85.842,
            68.23
          ],
          [
            -85.785,
            68.216
          ],
          [
            -85.888,
            68.19
          ],
          [
            -85.858,
            68.137
          ],
          [
            -85.914,
            68.104
          ],
          [
            -85.893,
            68.051
          ],
          [
            -86.085,
            67.977
          ],
          [
            -86.127,
            68.014
          ],
          [
            -86.129,
            67.95
          ],
          [
            -86.351,
            67.833
          ],
          [
            -86.525,
            67.681
          ],
          [
            -86.451,
            67.597
          ],
          [
            -86.497,
            67.502
          ],
          [
            -86.474,
            67.469
          ],
          [
            -86.532,
            67.44
          ],
          [
            -86.518,
            67.357
          ],
          [
            -86.592,
            67.345
          ],
          [
            -86.611,
            67.402
          ],
          [
            -86.647,
            67.358
          ],
          [
            -86.779,
            67.422
          ],
          [
            -86.961,
            67.361
          ],
          [
            -86.974,
            67.317
          ],
          [
            -87.081,
            67.354
          ],
          [
            -86.963,
            67.251
          ],
          [
            -87.076,
            67.254
          ],
          [
            -87.107,
            67.179
          ],
          [
            -87.154,
            67.24
          ],
          [
            -87.229,
            67.226
          ],
          [
            -87.284,
            67.094
          ],
          [
            -87.341,
            67.176
          ],
          [
            -87.427,
            67.171
          ],
          [
            -87.517,
            67.116
          ],
          [
            -87.506,
            67.185
          ],
          [
            -87.358,
            67.262
          ],
          [
            -87.449,
            67.261
          ],
          [
            -87.484,
            67.362
          ],
          [
            -87.956,
            67.607
          ],
          [
            -88.139,
            67.664
          ],
          [
            -88.162,
            67.737
          ],
          [
            -88.269,
            67.794
          ],
          [
            -88.371,
            67.959
          ],
          [
            -88.356,
            67.999
          ],
          [
            -88.381,
            68.025
          ],
          [
            -88.277,
            68.112
          ],
          [
            -88.392,
            68.287
          ],
          [
            -88.194,
            68.374
          ],
          [
            -88.174,
            68.238
          ],
          [
            -88.005,
            68.231
          ],
          [
            -87.936,
            68.196
          ],
          [
            -87.849,
            68.244
          ],
          [
            -87.788,
            68.327
          ],
          [
            -87.792,
            68.398
          ],
          [
            -87.948,
            68.605
          ],
          [
            -87.917,
            68.656
          ],
          [
            -87.964,
            68.761
          ],
          [
            -88.209,
            68.912
          ],
          [
            -88.773,
            69.099
          ],
          [
            -88.969,
            69.241
          ],
          [
            -89.114,
            69.275
          ],
          [
            -89.322,
            69.247
          ],
          [
            -89.39,
            69.219
          ],
          [
            -89.49,
            69.111
          ],
          [
            -89.717,
            69.006
          ],
          [
            -89.757,
            68.94
          ],
          [
            -89.713,
            68.849
          ],
          [
            -89.737,
            68.831
          ],
          [
            -89.685,
            68.81
          ],
          [
            -89.729,
            68.699
          ],
          [
            -89.714,
            68.649
          ],
          [
            -89.766,
            68.622
          ],
          [
            -89.747,
            68.67
          ],
          [
            -89.802,
            68.712
          ],
          [
            -89.894,
            68.661
          ],
          [
            -89.95,
            68.608
          ],
          [
            -89.928,
            68.564
          ],
          [
            -89.801,
            68.54
          ],
          [
            -89.912,
            68.473
          ],
          [
            -89.904,
            68.451
          ],
          [
            -89.998,
            68.435
          ],
          [
            -89.985,
            68.396
          ],
          [
            -90.039,
            68.352
          ],
          [
            -90.168,
            68.312
          ],
          [
            -90.123,
            68.254
          ],
          [
            -90.255,
            68.233
          ],
          [
            -90.324,
            68.301
          ],
          [
            -90.326,
            68.35
          ],
          [
            -90.477,
            68.332
          ],
          [
            -90.317,
            68.373
          ],
          [
            -90.607,
            68.446
          ],
          [
            -90.474,
            68.531
          ],
          [
            -90.539,
            68.565
          ],
          [
            -90.495,
            68.597
          ],
          [
            -90.564,
            68.625
          ],
          [
            -90.497,
            68.664
          ],
          [
            -90.479,
            68.706
          ],
          [
            -90.527,
            68.744
          ],
          [
            -90.507,
            68.78
          ],
          [
            -90.449,
            68.776
          ],
          [
            -90.473,
            68.8
          ],
          [
            -90.439,
            68.823
          ],
          [
            -90.594,
            68.806
          ],
          [
            -90.436,
            68.833
          ],
          [
            -90.482,
            68.856
          ],
          [
            -90.436,
            68.874
          ],
          [
            -90.629,
            68.916
          ],
          [
            -90.584,
            68.929
          ],
          [
            -90.605,
            68.978
          ],
          [
            -90.709,
            69.004
          ],
          [
            -90.665,
            69.083
          ],
          [
            -91.447,
            69.353
          ],
          [
            -91.194,
            69.288
          ],
          [
            -90.956,
            69.356
          ],
          [
            -91.008,
            69.306
          ],
          [
            -91.1,
            69.279
          ],
          [
            -90.921,
            69.3
          ],
          [
            -90.968,
            69.264
          ],
          [
            -90.822,
            69.252
          ],
          [
            -90.797,
            69.361
          ],
          [
            -90.582,
            69.417
          ],
          [
            -90.704,
            69.454
          ],
          [
            -90.556,
            69.422
          ],
          [
            -90.37549090909091,
            69.44238005865103
          ],
          [
            -90.437,
            69.49
          ],
          [
            -90.699,
            69.539
          ],
          [
            -90.759,
            69.483
          ],
          [
            -90.885,
            69.483
          ],
          [
            -90.889,
            69.534
          ],
          [
            -91.103,
            69.509
          ],
          [
            -91.192,
            69.563
          ],
          [
            -91.341,
            69.517
          ],
          [
            -91.57,
            69.52
          ],
          [
            -91.361,
            69.546
          ],
          [
            -91.22,
            69.618
          ],
          [
            -91.092,
            69.632
          ],
          [
            -91.168,
            69.627
          ],
          [
            -91.202,
            69.655
          ],
          [
            -91.251,
            69.635
          ],
          [
            -91.485,
            69.663
          ],
          [
            -91.595,
            69.611
          ],
          [
            -91.591,
            69.579
          ],
          [
            -91.798,
            69.514
          ],
          [
            -91.803,
            69.483
          ],
          [
            -92.125,
            69.555
          ],
          [
            -92.301,
            69.642
          ],
          [
            -92.088,
            69.623
          ],
          [
            -92.371,
            69.663
          ],
          [
            -92.35,
            69.701
          ],
          [
            -92.662,
            69.653
          ],
          [
            -92.92,
            69.67
          ],
          [
            -92.535,
            69.705
          ],
          [
            -92.87,
            69.699
          ],
          [
            -92.689,
            69.745
          ],
          [
            -92.657,
            69.789
          ],
          [
            -92.565,
            69.762
          ],
          [
            -92.555,
            69.808
          ],
          [
            -92.255,
            69.878
          ],
          [
            -92.267,
            69.902
          ],
          [
            -92.081,
            69.986
          ],
          [
            -91.94,
            70.02
          ],
          [
            -92.13,
            70.085
          ],
          [
            -92.432,
            70.076
          ],
          [
            -92.467,
            70.043
          ],
          [
            -92.587,
            70.077
          ],
          [
            -92.479,
            70.091
          ],
          [
            -92.389,
            70.145
          ],
          [
            -92.481,
            70.177
          ],
          [
            -92.265,
            70.194
          ],
          [
            -92.363,
            70.24
          ],
          [
            -92.283,
            70.251
          ],
          [
            -92.227,
            70.185
          ],
          [
            -91.972,
            70.119
          ],
          [
            -91.596,
            70.134
          ],
          [
            -91.514,
            70.167
          ],
          [
            -91.636,
            70.232
          ],
          [
            -91.694,
            70.197
          ],
          [
            -91.726,
            70.298
          ],
          [
            -91.688,
            70.316
          ],
          [
            -91.73,
            70.357
          ],
          [
            -91.89,
            70.354
          ],
          [
            -91.9,
            70.331
          ],
          [
            -91.855,
            70.303
          ],
          [
            -91.92,
            70.296
          ],
          [
            -91.952,
            70.255
          ],
          [
            -91.997,
            70.298
          ],
          [
            -92.086,
            70.298
          ],
          [
            -91.995,
            70.317
          ],
          [
            -91.997,
            70.391
          ],
          [
            -92.132,
            70.434
          ],
          [
            -92.117,
            70.471
          ],
          [
            -92.286,
            70.488
          ],
          [
            -92.187,
            70.505
          ],
          [
            -92.265,
            70.548
          ],
          [
            -92.157,
            70.573
          ],
          [
            -92.199,
            70.607
          ],
          [
            -92.257,
            70.62
          ],
          [
            -92.291,
            70.566
          ],
          [
            -92.34,
            70.587
          ],
          [
            -92.296,
            70.621
          ],
          [
            -92.341,
            70.643
          ],
          [
            -92.676,
            70.675
          ],
          [
            -92.641,
            70.715
          ],
          [
            -92.719,
            70.724
          ],
          [
            -92.658,
            70.736
          ],
          [
            -92.692,
            70.746
          ],
          [
            -92.677,
            70.772
          ],
          [
            -93.027,
            70.853
          ],
          [
            -93.048,
            70.874
          ],
          [
            -92.945,
            70.836
          ],
          [
            -92.852,
            70.857
          ],
          [
            -92.908,
            70.904
          ],
          [
            -92.853,
            71.039
          ],
          [
            -92.89,
            71.066
          ],
          [
            -92.856,
            71.157
          ],
          [
            -92.931,
            71.214
          ],
          [
            -92.942,
            71.289
          ],
          [
            -92.995,
            71.316
          ],
          [
            -92.974,
            71.341
          ],
          [
            -93.143,
            71.375
          ],
          [
            -93.231,
            71.474
          ],
          [
            -93.618,
            71.569
          ],
          [
            -93.819,
            71.652
          ],
          [
            -93.697,
            71.711
          ],
          [
            -93.712,
            71.761
          ],
          [
            -93.973,
            71.746
          ],
          [
            -94.054,
            71.787
          ],
          [
            -94.143,
            71.756
          ],
          [
            -94.194,
            71.792
          ],
          [
            -94.418,
            71.66
          ],
          [
            -94.4,
            71.754
          ],
          [
            -94.357,
            71.796
          ],
          [
            -94.402,
            71.814
          ],
          [
            -94.451,
            71.788
          ],
          [
            -94.488,
            71.824
          ],
          [
            -94.539,
            71.758
          ],
          [
            -94.594,
            71.743
          ],
          [
            -94.649,
            71.816
          ],
          [
            -94.461,
            71.849
          ],
          [
            -94.45,
            71.884
          ],
          [
            -94.5,
            71.898
          ],
          [
            -94.387,
            71.934
          ],
          [
            -94.53,
            71.994
          ],
          [
            -94.741,
            71.992
          ],
          [
            -95.217,
            71.945
          ],
          [
            -95.257,
            71.867
          ],
          [
            -95.192,
            71.841
          ],
          [
            -94.99824536936153,
            71.83921834822401
          ],
          [
            -95.227,
            71.827
          ],
          [
            -95.288,
            71.762
          ],
          [
            -95.263,
            71.724
          ],
          [
            -95.508,
            71.72
          ],
          [
            -95.725,
            71.626
          ],
          [
            -95.895,
            71.611
          ],
          [
            -95.876,
            71.583
          ],
          [
            -95.943,
            71.554
          ],
          [
            -95.8,
            71.505
          ],
          [
            -95.491,
            71.482
          ],
          [
            -95.377,
            71.509
          ],
          [
            -95.549,
            71.428
          ],
          [
            -95.433,
            71.371
          ],
          [
            -95.589,
            71.354
          ],
          [
            -95.52,
            71.324
          ],
          [
            -95.535,
            71.291
          ],
          [
            -95.673,
            71.287
          ],
          [
            -95.894,
            71.391
          ],
          [
            -96.046,
            71.418
          ],
          [
            -96.193,
            71.39
          ],
          [
            -96.307,
            71.296
          ],
          [
            -96.489,
            71.286
          ],
          [
            -96.475,
            71.256
          ],
          [
            -96.428,
            71.255
          ],
          [
            -96.459,
            71.197
          ],
          [
            -96.377,
            71.149
          ],
          [
            -96.451,
            71.168
          ],
          [
            -96.561,
            71.126
          ],
          [
            -96.461,
            71.081
          ],
          [
            -96.414,
            71.084
          ],
          [
            -96.409,
            71.119
          ],
          [
            -96.37,
            71.09
          ],
          [
            -96.496,
            71.04
          ],
          [
            -96.513,
            70.95
          ],
          [
            -96.615,
            70.804
          ],
          [
            -96.435,
            70.737
          ],
          [
            -96.384,
            70.676
          ],
          [
            -96.164,
            70.616
          ],
          [
            -96.116,
            70.656
          ],
          [
            -95.818,
            70.71
          ],
          [
            -96.048,
            70.647
          ],
          [
            -96.061,
            70.617
          ],
          [
            -95.789,
            70.537
          ],
          [
            -96.07,
            70.588
          ],
          [
            -96.188,
            70.529
          ],
          [
            -96.243,
            70.57
          ],
          [
            -96.325,
            70.491
          ],
          [
            -96.34,
            70.415
          ],
          [
            -96.49,
            70.375
          ],
          [
            -98.495,
            71.303
          ],
          [
            -98.198,
            71.415
          ],
          [
            -98.038,
            71.527
          ],
          [
            -98.149,
            71.539
          ],
          [
            -98.183,
            71.584
          ],
          [
            -98.381,
            71.654
          ],
          [
            -98.41,
            71.689
          ],
          [
            -98.391,
            71.707
          ],
          [
            -98.494,
            71.714
          ],
          [
            -98.451,
            71.794
          ],
          [
            -98.263,
            71.867
          ],
          [
            -98.291,
            71.895
          ],
          [
            -98.267,
            71.904
          ],
          [
            -98.209,
            71.884
          ],
          [
            -98.321,
            71.803
          ],
          [
            -98.36,
            71.728
          ],
          [
            -98.207,
            71.646
          ],
          [
            -97.988,
            71.662
          ],
          [
            -97.505,
            71.612
          ],
          [
            -97.084,
            71.7
          ],
          [
            -96.978,
            71.795
          ],
          [
            -96.775,
            71.844
          ],
          [
            -96.678,
            71.837
          ],
          [
            -96.738,
            71.825
          ],
          [
            -96.745,
            71.792
          ],
          [
            -96.592,
            71.811
          ],
          [
            -96.493,
            71.914
          ],
          [
            -96.523,
            71.934
          ],
          [
            -96.701,
            71.9
          ],
          [
            -96.764,
            71.915
          ],
          [
            -96.523,
            71.959
          ],
          [
            -96.489,
            72.035
          ],
          [
            -96.673,
            72.013
          ],
          [
            -96.867,
            72.041
          ],
          [
            -96.537,
            72.075
          ],
          [
            -96.483,
            72.113
          ],
          [
            -96.533,
            72.237
          ],
          [
            -96.615,
            72.246
          ],
          [
            -96.561,
            72.276
          ],
          [
            -96.872,
            72.321
          ],
          [
            -96.668,
            72.31
          ],
          [
            -96.298,
            72.416
          ],
          [
            -96.375,
            72.534
          ],
          [
            -96.439,
            72.535
          ],
          [
            -96.405,
            72.559
          ],
          [
            -96.46,
            72.608
          ],
          [
            -96.455,
            72.641
          ],
          [
            -96.585,
            72.694
          ],
          [
            -96.518,
            72.715
          ],
          [
            -96.537,
            72.75
          ],
          [
            -97.185,
            72.602
          ],
          [
            -97.179,
            72.667
          ],
          [
            -97.023,
            72.732
          ],
          [
            -97.082,
            72.78
          ],
          [
            -97.161,
            72.781
          ],
          [
            -97.236,
            72.842
          ],
          [
            -97.415,
            72.86
          ],
          [
            -97.258,
            72.884
          ],
          [
            -97.254,
            72.932
          ],
          [
            -97.225,
            72.94
          ],
          [
            -97.3,
            72.97
          ],
          [
            -97.684,
            73.033
          ],
          [
            -97.981,
            73.04
          ],
          [
            -98.266,
            72.973
          ],
          [
            -98.398,
            72.903
          ],
          [
            -98.428,
            72.856
          ],
          [
            -98.454,
            72.899
          ],
          [
            -98.427,
            72.944
          ],
          [
            -98.474,
            72.957
          ],
          [
            -98.442,
            72.982
          ],
          [
            -98.513,
            73.005
          ],
          [
            -98.241,
            73.075
          ],
          [
            -97.863,
            73.234
          ],
          [
            -97.841,
            73.273
          ],
          [
            -97.267,
            73.365
          ],
          [
            -97.172,
            73.353
          ],
          [
            -97.168,
            73.411
          ],
          [
            -97.249,
            73.429
          ],
          [
            -97.166,
            73.448
          ],
          [
            -97.197,
            73.47
          ],
          [
            -97.417,
            73.493
          ],
          [
            -97.607,
            73.455
          ],
          [
            -97.668,
            73.483
          ],
          [
            -97.638,
            73.539
          ],
          [
            -97.443,
            73.52
          ],
          [
            -97.445,
            73.58
          ],
          [
            -97.225,
            73.554
          ],
          [
            -97.002,
            73.62
          ],
          [
            -96.933,
            73.692
          ],
          [
            -96.973,
            73.744
          ],
          [
            -97.224,
            73.856
          ],
          [
            -97.471,
            73.858
          ],
          [
            -97.602,
            73.895
          ],
          [
            -97.837,
            73.862
          ],
          [
            -97.734,
            73.906
          ],
          [
            -97.788,
            73.913
          ],
          [
            -98.134,
            73.81
          ],
          [
            -98.688,
            73.772
          ],
          [
            -98.79,
            73.735
          ],
          [
            -99.115,
            73.749
          ],
          [
            -99.189,
            73.685
          ],
          [
            -99.248,
            73.696
          ],
          [
            -99.207,
            73.726
          ],
          [
            -99.398,
            73.799
          ],
          [
            -99.785,
            73.867
          ],
          [
            -99.836,
            73.901
          ],
          [
            -99.816,
            73.936
          ],
          [
            -100.143,
            73.931
          ],
          [
            -100.266,
            73.9
          ],
          [
            -100.3,
            73.86
          ],
          [
            -100.137,
            73.827
          ],
          [
            -99.929,
            73.882
          ],
          [
            -99.874,
            73.867
          ],
          [
            -99.881,
            73.901
          ],
          [
            -99.843,
            73.878
          ],
          [
            -99.866,
            73.838
          ],
          [
            -100.021,
            73.769
          ],
          [
            -100.027,
            73.73
          ],
          [
            -100.149,
            73.799
          ],
          [
            -100.627,
            73.864
          ],
          [
            -100.515,
            74.131
          ],
          [
            -99.926,
            74.982
          ],
          [
            -99.426,
            74.991
          ],
          [
            -99.5,
            75.021
          ],
          [
            -99.308,
            75.122
          ],
          [
            -99.272,
            75.116
          ],
          [
            -99.388,
            75.038
          ],
          [
            -99.375,
            75.008
          ],
          [
            -99.406,
            74.993
          ],
          [
            -98.956,
            75.004
          ],
          [
            -98.928,
            75.012
          ],
          [
            -98.96,
            75.052
          ],
          [
            -98.859,
            75.062
          ],
          [
            -98.846,
            75.01
          ],
          [
            -98.748,
            74.99
          ],
          [
            -97.95,
            75.021
          ],
          [
            -97.939,
            75.07
          ],
          [
            -97.967,
            75.104
          ],
          [
            -98.146,
            75.16
          ],
          [
            -98.073,
            75.199
          ],
          [
            -98.099,
            75.223
          ],
          [
            -98.026,
            75.211
          ],
          [
            -98.025,
            75.162
          ],
          [
            -97.863,
            75.111
          ],
          [
            -97.619,
            75.119
          ],
          [
            -97.567,
            75.147
          ],
          [
            -97.677,
            75.164
          ],
          [
            -97.654,
            75.18
          ],
          [
            -97.692,
            75.194
          ],
          [
            -97.8,
            75.194
          ],
          [
            -97.735,
            75.207
          ],
          [
            -97.888,
            75.301
          ],
          [
            -97.923,
            75.295
          ],
          [
            -97.913,
            75.264
          ],
          [
            -97.996,
            75.279
          ],
          [
            -97.894,
            75.329
          ],
          [
            -98.006,
            75.32
          ],
          [
            -98.048,
            75.285
          ],
          [
            -98.129,
            75.302
          ],
          [
            -98.081,
            75.33
          ],
          [
            -98.165,
            75.329
          ],
          [
            -98.108,
            75.372
          ],
          [
            -98.069,
            75.35
          ],
          [
            -97.873,
            75.371
          ],
          [
            -98.058,
            75.402
          ],
          [
            -98.037,
            75.412
          ],
          [
            -97.775,
            75.423
          ],
          [
            -98.056,
            75.452
          ],
          [
            -97.95,
            75.461
          ],
          [
            -98.043,
            75.481
          ],
          [
            -97.908,
            75.513
          ],
          [
            -97.848,
            75.502
          ],
          [
            -97.836,
            75.461
          ],
          [
            -97.756,
            75.462
          ],
          [
            -97.759,
            75.497
          ],
          [
            -97.858,
            75.546
          ],
          [
            -97.753,
            75.538
          ],
          [
            -97.744,
            75.571
          ],
          [
            -97.488,
            75.496
          ],
          [
            -97.496,
            75.442
          ],
          [
            -97.469,
            75.423
          ],
          [
            -97.281,
            75.397
          ],
          [
            -97.378,
            75.434
          ],
          [
            -97.423,
            75.506
          ],
          [
            -97.412,
            75.616
          ],
          [
            -97.369,
            75.653
          ],
          [
            -97.387,
            75.683
          ],
          [
            -97.939,
            75.741
          ],
          [
            -97.664,
            75.793
          ],
          [
            -97.558,
            75.864
          ],
          [
            -97.656,
            75.973
          ],
          [
            -97.581,
            76.042
          ],
          [
            -97.588,
            76.081
          ],
          [
            -97.494,
            76.139
          ],
          [
            -97.523,
            76.206
          ],
          [
            -97.784,
            76.32
          ],
          [
            -97.727,
            76.396
          ],
          [
            -97.663,
            76.419
          ],
          [
            -97.696,
            76.461
          ],
          [
            -97.663,
            76.481
          ],
          [
            -97.804,
            76.514
          ],
          [
            -96.934,
            76.72
          ],
          [
            -96.47,
            76.686
          ],
          [
            -96.403,
            76.64
          ],
          [
            -96.238,
            76.635
          ],
          [
            -96.159,
            76.583
          ],
          [
            -95.99,
            76.579
          ],
          [
            -96.017,
            76.549
          ],
          [
            -95.781,
            76.549
          ],
          [
            -95.588,
            76.604
          ],
          [
            -95.779,
            76.519
          ],
          [
            -96.052,
            76.524
          ],
          [
            -96.107,
            76.494
          ],
          [
            -95.831,
            76.395
          ],
          [
            -95.525,
            76.377
          ],
          [
            -95.4,
            76.398
          ],
          [
            -95.371,
            76.39
          ],
          [
            -95.452,
            76.37
          ],
          [
            -94.801,
            76.322
          ],
          [
            -95.011,
            76.331
          ],
          [
            -95.279,
            76.281
          ],
          [
            -95.367,
            76.301
          ],
          [
            -95.387,
            76.236
          ],
          [
            -95.033,
            76.221
          ],
          [
            -94.721,
            76.316
          ],
          [
            -94.626,
            76.275
          ],
          [
            -93.663,
            76.25
          ],
          [
            -93.638,
            76.259
          ],
          [
            -93.764,
            76.286
          ],
          [
            -93.654,
            76.326
          ],
          [
            -93.624,
            76.311
          ],
          [
            -93.658,
            76.294
          ],
          [
            -93.588,
            76.293
          ],
          [
            -93.315,
            76.36
          ],
          [
            -93.084,
            76.358
          ],
          [
            -93.056,
            76.339
          ],
          [
            -93.067,
            76.299
          ],
          [
            -92.794,
            76.207
          ],
          [
            -92.767,
            76.166
          ],
          [
            -92.637,
            76.116
          ],
          [
            -92.629,
            76.009
          ],
          [
            -92.109,
            75.859
          ],
          [
            -92.105,
            75.805
          ],
          [
            -92.174,
            75.744
          ],
          [
            -92.008,
            75.661
          ],
          [
            -92.081,
            75.617
          ],
          [
            -92.005,
            75.595
          ],
          [
            -92.21,
            75.551
          ],
          [
            -92.403,
            75.436
          ],
          [
            -92.459,
            75.369
          ],
          [
            -92.329,
            75.369
          ],
          [
            -92.448,
            75.318
          ],
          [
            -92.459,
            75.251
          ],
          [
            -92.504,
            75.218
          ],
          [
            -92.271,
            75.133
          ],
          [
            -92.056,
            75.15
          ],
          [
            -92.113,
            75.129
          ],
          [
            -92.013,
            75.095
          ],
          [
            -92.229,
            75.071
          ],
          [
            -92.198,
            75.053
          ],
          [
            -92.223,
            75.029
          ],
          [
            -92.048,
            74.958
          ],
          [
            -92.076,
            74.933
          ],
          [
            -92.015,
            74.914
          ],
          [
            -92.008,
            74.864
          ],
          [
            -92.058,
            74.797
          ],
          [
            -91.808,
            74.732
          ],
          [
            -91.875,
            74.712
          ],
          [
            -91.851,
            74.699
          ],
          [
            -91.652,
            74.72
          ],
          [
            -91.622,
            74.7
          ],
          [
            -91.685,
            74.678
          ],
          [
            -91.54,
            74.646
          ],
          [
            -91.36,
            74.643
          ],
          [
            -91.331,
            74.672
          ],
          [
            -91.37,
            74.7
          ],
          [
            -91.315,
            74.716
          ],
          [
            -91.277,
            74.688
          ],
          [
            -91.301,
            74.656
          ],
          [
            -91.281,
            74.634
          ],
          [
            -91.107,
            74.626
          ],
          [
            -91.226,
            74.734
          ],
          [
            -91.102,
            74.751
          ],
          [
            -90.854,
            74.875
          ],
          [
            -90.772,
            74.885
          ],
          [
            -90.741,
            74.847
          ],
          [
            -90.758,
            74.831
          ],
          [
            -91.025,
            74.703
          ],
          [
            -90.896,
            74.681
          ],
          [
            -90.845,
            74.722
          ],
          [
            -90.721,
            74.732
          ],
          [
            -90.761,
            74.714
          ],
          [
            -90.732,
            74.664
          ],
          [
            -90.62,
            74.62
          ],
          [
            -90.457,
            74.601
          ],
          [
            -90.317,
            74.626
          ],
          [
            -90.37,
            74.598
          ],
          [
            -90.107,
            74.549
          ],
          [
            -90.006,
            74.587
          ],
          [
            -89.946,
            74.532
          ],
          [
            -89.455,
            74.549
          ],
          [
            -89.382,
            74.584
          ],
          [
            -89.228,
            74.578
          ],
          [
            -89.125,
            74.617
          ],
          [
            -89.096,
            74.688
          ],
          [
            -89.271,
            74.755
          ],
          [
            -89.048,
            74.722
          ],
          [
            -89.011,
            74.781
          ],
          [
            -89.098,
            74.836
          ],
          [
            -88.91,
            74.778
          ],
          [
            -88.917,
            74.72
          ],
          [
            -88.848,
            74.659
          ],
          [
            -88.753,
            74.714
          ],
          [
            -88.75,
            74.778
          ],
          [
            -88.665,
            74.845
          ],
          [
            -88.618,
            74.846
          ],
          [
            -88.616,
            74.816
          ],
          [
            -88.548,
            74.843
          ],
          [
            -88.579,
            74.89
          ],
          [
            -88.548,
            74.908
          ],
          [
            -88.444,
            74.839
          ],
          [
            -88.487,
            74.791
          ],
          [
            -88.293,
            74.772
          ],
          [
            -88.432,
            74.762
          ],
          [
            -88.406,
            74.748
          ],
          [
            -88.434,
            74.696
          ],
          [
            -88.561,
            74.593
          ],
          [
            -88.571,
            74.55
          ],
          [
            -88.497,
            74.498
          ],
          [
            -88.217,
            74.483
          ],
          [
            -88.133,
            74.508
          ],
          [
            -88.093,
            74.48
          ],
          [
            -87.904,
            74.472
          ],
          [
            -87.769,
            74.515
          ],
          [
            -87.732,
            74.466
          ],
          [
            -87.575,
            74.462
          ],
          [
            -87.309,
            74.546
          ],
          [
            -87.374,
            74.519
          ],
          [
            -87.304,
            74.472
          ],
          [
            -87.038,
            74.474
          ],
          [
            -87.009,
            74.508
          ],
          [
            -86.944,
            74.461
          ],
          [
            -86.602,
            74.47
          ],
          [
            -86.794,
            74.54
          ],
          [
            -86.785,
            74.617
          ],
          [
            -86.691,
            74.544
          ],
          [
            -86.423,
            74.479
          ],
          [
            -86.245,
            74.524
          ],
          [
            -86.241,
            74.597
          ],
          [
            -86.197,
            74.615
          ],
          [
            -86.083,
            74.555
          ],
          [
            -86.121,
            74.482
          ],
          [
            -85.604,
            74.496
          ],
          [
            -85.48,
            74.537
          ],
          [
            -85.552,
            74.66
          ],
          [
            -85.527,
            74.689
          ],
          [
            -85.37,
            74.552
          ],
          [
            -85.364,
            74.502
          ],
          [
            -85.214,
            74.492
          ],
          [
            -85.044,
            74.523
          ],
          [
            -85.042,
            74.618
          ],
          [
            -85.073,
            74.641
          ],
          [
            -84.991,
            74.698
          ],
          [
            -84.951,
            74.673
          ],
          [
            -84.995,
            74.643
          ],
          [
            -84.983,
            74.571
          ],
          [
            -84.899,
            74.503
          ],
          [
            -84.7,
            74.525
          ],
          [
            -84.286,
            74.504
          ],
          [
            -83.855,
            74.551
          ],
          [
            -83.612,
            74.541
          ],
          [
            -83.484,
            74.575
          ],
          [
            -83.441,
            74.661
          ],
          [
            -83.387,
            74.683
          ],
          [
            -83.319,
            74.775
          ],
          [
            -83.519,
            74.839
          ],
          [
            -83.561,
            74.887
          ],
          [
            -83.511,
            74.902
          ],
          [
            -83.249,
            74.824
          ],
          [
            -83.082,
            74.818
          ],
          [
            -83.081,
            74.788
          ],
          [
            -83.023,
            74.781
          ],
          [
            -83.128,
            74.717
          ],
          [
            -83.089,
            74.637
          ],
          [
            -82.784,
            74.52
          ],
          [
            -82.557,
            74.515
          ],
          [
            -82.436,
            74.57
          ],
          [
            -82.382,
            74.541
          ],
          [
            -82.457,
            74.517
          ],
          [
            -81.811,
            74.457
          ],
          [
            -81.219,
            74.571
          ],
          [
            -80.232,
            74.578
          ],
          [
            -80.147,
            74.627
          ],
          [
            -80.197,
            74.641
          ],
          [
            -80.173,
            74.656
          ],
          [
            -80.212,
            74.691
          ],
          [
            -80.13,
            74.716
          ],
          [
            -80.247,
            74.757
          ],
          [
            -80.108,
            74.784
          ],
          [
            -80.098,
            74.82
          ],
          [
            -80.416,
            74.889
          ],
          [
            -80.362,
            74.924
          ],
          [
            -80.306,
            74.939
          ],
          [
            -80.243,
            74.869
          ],
          [
            -80.191,
            74.895
          ],
          [
            -80.211,
            74.931
          ],
          [
            -80.182,
            74.937
          ],
          [
            -80.143,
            74.898
          ],
          [
            -80.171,
            74.86
          ],
          [
            -79.931,
            74.813
          ],
          [
            -79.335,
            74.9
          ],
          [
            -79.556,
            74.987
          ],
          [
            -79.505,
            74.998
          ],
          [
            -79.614,
            75.02
          ],
          [
            -79.795,
            75.027
          ],
          [
            -79.975,
            74.999
          ],
          [
            -80.036,
            74.958
          ],
          [
            -80.266,
            74.947
          ],
          [
            -80.174,
            74.982
          ],
          [
            -80.441,
            75.038
          ],
          [
            -79.974,
            75.09
          ],
          [
            -79.944,
            75.136
          ],
          [
            -79.832,
            75.171
          ],
          [
            -79.629,
            75.175
          ],
          [
            -79.442,
            75.277
          ],
          [
            -79.612,
            75.298
          ],
          [
            -79.527,
            75.322
          ],
          [
            -79.51,
            75.338
          ],
          [
            -79.534,
            75.351
          ],
          [
            -79.488,
            75.383
          ],
          [
            -79.683,
            75.431
          ],
          [
            -79.586,
            75.455
          ],
          [
            -79.733,
            75.472
          ],
          [
            -80.373,
            75.463
          ],
          [
            -79.949,
            75.534
          ],
          [
            -80.083,
            75.542
          ],
          [
            -80.058,
            75.573
          ],
          [
            -80.256,
            75.622
          ],
          [
            -80.502,
            75.652
          ],
          [
            -80.984,
            75.633
          ],
          [
            -81.285,
            75.657
          ],
          [
            -81.101,
            75.752
          ],
          [
            -81.118,
            75.776
          ],
          [
            -82.327,
            75.837
          ],
          [
            -82.665,
            75.811
          ],
          [
            -83.099,
            75.732
          ],
          [
            -83.434,
            75.75
          ],
          [
            -83.515,
            75.79
          ],
          [
            -83.737,
            75.795
          ],
          [
            -83.698,
            75.814
          ],
          [
            -83.741,
            75.824
          ],
          [
            -84.003,
            75.821
          ],
          [
            -83.918,
            75.807
          ],
          [
            -84.022,
            75.767
          ],
          [
            -84.194,
            75.762
          ],
          [
            -84.299,
            75.703
          ],
          [
            -84.664,
            75.686
          ],
          [
            -84.635,
            75.663
          ],
          [
            -84.651,
            75.644
          ],
          [
            -84.497,
            75.632
          ],
          [
            -85.039,
            75.658
          ],
          [
            -85.074,
            75.652
          ],
          [
            -85.013,
            75.64
          ],
          [
            -85.322,
            75.574
          ],
          [
            -85.232,
            75.559
          ],
          [
            -85.566,
            75.571
          ],
          [
            -85.54,
            75.599
          ],
          [
            -86.154,
            75.501
          ],
          [
            -85.527,
            75.401
          ],
          [
            -86.17,
            75.419
          ],
          [
            -86.545,
            75.359
          ],
          [
            -86.615,
            75.366
          ],
          [
            -86.366,
            75.423
          ],
          [
            -86.584,
            75.475
          ],
          [
            -86.808,
            75.479
          ],
          [
            -87.251,
            75.621
          ],
          [
            -87.513,
            75.559
          ],
          [
            -87.416,
            75.485
          ],
          [
            -87.534,
            75.446
          ],
          [
            -87.606,
            75.45
          ],
          [
            -87.496,
            75.486
          ],
          [
            -87.749,
            75.578
          ],
          [
            -88.229,
            75.471
          ],
          [
            -88.306,
            75.492
          ],
          [
            -88.204,
            75.531
          ],
          [
            -88.739,
            75.679
          ],
          [
            -88.772,
            75.629
          ],
          [
            -88.902,
            75.605
          ],
          [
            -88.75,
            75.475
          ],
          [
            -88.769,
            75.435
          ],
          [
            -88.921,
            75.427
          ],
          [
            -88.982,
            75.44
          ],
          [
            -88.98,
            75.471
          ],
          [
            -89.1,
            75.484
          ],
          [
            -89.217,
            75.585
          ],
          [
            -89.442,
            75.583
          ],
          [
            -89.551,
            75.549
          ],
          [
            -89.707,
            75.557
          ],
          [
            -89.543,
            75.571
          ],
          [
            -89.588,
            75.589
          ],
          [
            -89.765,
            75.576
          ],
          [
            -89.658,
            75.62
          ],
          [
            -89.263,
            75.628
          ],
          [
            -89.161,
            75.756
          ],
          [
            -89.173,
            75.781
          ],
          [
            -89.588,
            75.859
          ],
          [
            -89.62,
            75.854
          ],
          [
            -89.547,
            75.843
          ],
          [
            -89.775,
            75.787
          ],
          [
            -89.779,
            75.832
          ],
          [
            -89.688,
            75.9
          ],
          [
            -89.955,
            75.978
          ],
          [
            -89.93,
            76.005
          ],
          [
            -90.015,
            76.01
          ],
          [
            -90.073,
            75.996
          ],
          [
            -90.119,
            75.932
          ],
          [
            -90.339,
            75.968
          ],
          [
            -90.505,
            75.895
          ],
          [
            -90.53,
            75.898
          ],
          [
            -90.526,
            75.931
          ],
          [
            -90.429,
            75.968
          ],
          [
            -90.718,
            75.956
          ],
          [
            -90.736,
            75.964
          ],
          [
            -90.677,
            75.978
          ],
          [
            -90.794,
            75.995
          ],
          [
            -90.896,
            75.927
          ],
          [
            -91.059,
            75.897
          ],
          [
            -91.079,
            75.848
          ],
          [
            -91.13,
            75.839
          ],
          [
            -91.129,
            75.909
          ],
          [
            -90.939,
            75.951
          ],
          [
            -91.074,
            75.987
          ],
          [
            -90.938,
            76.0
          ],
          [
            -91.161,
            76.018
          ],
          [
            -90.302,
            76.032
          ],
          [
            -90.191,
            76.061
          ],
          [
            -90.548,
            76.091
          ],
          [
            -90.849,
            76.061
          ],
          [
            -90.665,
            76.112
          ],
          [
            -91.22,
            76.162
          ],
          [
            -91.386,
            76.142
          ],
          [
            -91.409,
            76.151
          ],
          [
            -91.253,
            76.198
          ],
          [
            -91.614,
            76.262
          ],
          [
            -91.15,
            76.192
          ],
          [
            -90.111,
            76.124
          ],
          [
            -90.049,
            76.133
          ],
          [
            -90.456,
            76.166
          ],
          [
            -89.35,
            76.184
          ],
          [
            -89.192,
            76.242
          ],
          [
            -89.306,
            76.299
          ],
          [
            -90.368,
            76.4
          ],
          [
            -90.567,
            76.389
          ],
          [
            -90.991,
            76.448
          ],
          [
            -91.402,
            76.457
          ],
          [
            -91.567,
            76.499
          ],
          [
            -91.35,
            76.509
          ],
          [
            -91.091,
            76.478
          ],
          [
            -90.987,
            76.511
          ],
          [
            -90.826,
            76.463
          ],
          [
            -90.468,
            76.473
          ],
          [
            -90.528,
            76.5
          ],
          [
            -90.503,
            76.531
          ],
          [
            -90.582,
            76.565
          ],
          [
            -90.818,
            76.594
          ],
          [
            -90.986,
            76.649
          ],
          [
            -91.339,
            76.682
          ],
          [
            -90.584,
            76.723
          ],
          [
            -90.151,
            76.504
          ],
          [
            -90.0,
            76.47
          ],
          [
            -89.934,
            76.477
          ],
          [
            -89.924,
            76.508
          ],
          [
            -89.758,
            76.486
          ],
          [
            -89.671,
            76.504
          ],
          [
            -89.794,
            76.533
          ],
          [
            -89.863,
            76.604
          ],
          [
            -89.837,
            76.663
          ],
          [
            -89.672,
            76.699
          ],
          [
            -89.674,
            76.738
          ],
          [
            -89.746,
            76.768
          ],
          [
            -89.472,
            76.783
          ],
          [
            -89.468,
            76.754
          ],
          [
            -89.389,
            76.73
          ],
          [
            -89.457,
            76.713
          ],
          [
            -89.416,
            76.674
          ],
          [
            -89.604,
            76.622
          ],
          [
            -89.677,
            76.567
          ],
          [
            -89.541,
            76.542
          ],
          [
            -89.442,
            76.566
          ],
          [
            -89.403,
            76.525
          ],
          [
            -89.431,
            76.498
          ],
          [
            -89.232,
            76.434
          ],
          [
            -89.046,
            76.447
          ],
          [
            -89.033,
            76.418
          ],
          [
            -88.921,
            76.405
          ],
          [
            -88.783,
            76.461
          ],
          [
            -88.833,
            76.499
          ],
          [
            -88.71,
            76.595
          ],
          [
            -88.644,
            76.565
          ],
          [
            -88.683,
            76.526
          ],
          [
            -88.61,
            76.483
          ],
          [
            -88.654,
            76.48
          ],
          [
            -88.693,
            76.421
          ],
          [
            -88.632,
            76.397
          ],
          [
            -88.598,
            76.406
          ],
          [
            -88.612,
            76.452
          ],
          [
            -88.489,
            76.503
          ],
          [
            -88.516,
            76.524
          ],
          [
            -88.496,
            76.552
          ],
          [
            -88.661,
            76.6
          ],
          [
            -88.584,
            76.636
          ],
          [
            -88.704,
            76.71
          ],
          [
            -88.495,
            76.817
          ],
          [
            -88.489,
            76.765
          ],
          [
            -88.559,
            76.734
          ],
          [
            -88.478,
            76.656
          ],
          [
            -88.524,
            76.624
          ],
          [
            -88.349,
            76.514
          ],
          [
            -88.356,
            76.481
          ],
          [
            -88.438,
            76.464
          ],
          [
            -88.361,
            76.431
          ],
          [
            -88.434,
            76.402
          ],
          [
            -87.998,
            76.358
          ],
          [
            -87.901,
            76.363
          ],
          [
            -87.864,
            76.39
          ],
          [
            -87.881,
            76.403
          ],
          [
            -87.816,
            76.411
          ],
          [
            -87.789,
            76.366
          ],
          [
            -87.72,
            76.343
          ],
          [
            -87.591,
            76.341
          ],
          [
            -87.547,
            76.371
          ],
          [
            -87.402,
            76.353
          ],
          [
            -87.499,
            76.382
          ],
          [
            -87.43,
            76.418
          ],
          [
            -87.554,
            76.451
          ],
          [
            -87.493,
            76.504
          ],
          [
            -87.599,
            76.541
          ],
          [
            -87.564,
            76.616
          ],
          [
            -87.463,
            76.587
          ],
          [
            -87.5,
            76.535
          ],
          [
            -87.394,
            76.503
          ],
          [
            -87.423,
            76.457
          ],
          [
            -87.141,
            76.437
          ],
          [
            -87.118,
            76.421
          ],
          [
            -87.155,
            76.395
          ],
          [
            -87.131,
            76.384
          ],
          [
            -86.717,
            76.346
          ],
          [
            -86.633,
            76.442
          ],
          [
            -86.656,
            76.467
          ],
          [
            -86.301,
            76.525
          ],
          [
            -86.63,
            76.635
          ],
          [
            -86.212,
            76.535
          ],
          [
            -86.419,
            76.469
          ],
          [
            -86.412,
            76.408
          ],
          [
            -86.372,
            76.386
          ],
          [
            -85.736,
            76.356
          ],
          [
            -85.434,
            76.305
          ],
          [
            -85.263,
            76.311
          ],
          [
            -85.195,
            76.281
          ],
          [
            -84.382,
            76.312
          ],
          [
            -84.96,
            76.421
          ],
          [
            -85.051,
            76.514
          ],
          [
            -85.028,
            76.575
          ],
          [
            -84.971,
            76.582
          ],
          [
            -84.86,
            76.543
          ],
          [
            -84.784,
            76.47
          ],
          [
            -84.637,
            76.434
          ],
          [
            -84.196,
            76.456
          ],
          [
            -84.18,
            76.492
          ],
          [
            -84.25,
            76.537
          ],
          [
            -84.193,
            76.61
          ],
          [
            -84.331,
            76.647
          ],
          [
            -84.311,
            76.658
          ],
          [
            -84.087,
            76.624
          ],
          [
            -84.034,
            76.535
          ],
          [
            -83.691,
            76.429
          ],
          [
            -83.188,
            76.419
          ],
          [
            -83.242,
            76.457
          ],
          [
            -83.184,
            76.497
          ],
          [
            -83.239,
            76.517
          ],
          [
            -83.254,
            76.579
          ],
          [
            -83.521,
            76.695
          ],
          [
            -83.401,
            76.76
          ],
          [
            -83.356,
            76.752
          ],
          [
            -83.405,
            76.72
          ],
          [
            -83.388,
            76.671
          ],
          [
            -83.117,
            76.586
          ],
          [
            -83.062,
            76.497
          ],
          [
            -83.1,
            76.464
          ],
          [
            -83.004,
            76.429
          ],
          [
            -82.76,
            76.383
          ],
          [
            -82.26,
            76.399
          ],
          [
            -82.127,
            76.442
          ],
          [
            -82.225,
            76.527
          ],
          [
            -82.081,
            76.561
          ],
          [
            -82.461,
            76.636
          ],
          [
            -82.562,
            76.689
          ],
          [
            -82.556,
            76.723
          ],
          [
            -82.77,
            76.811
          ],
          [
            -82.725,
            76.819
          ],
          [
            -82.293,
            76.636
          ],
          [
            -82.081,
            76.631
          ],
          [
            -81.779,
            76.681
          ],
          [
            -82.057,
            76.609
          ],
          [
            -81.982,
            76.585
          ],
          [
            -82.084,
            76.524
          ],
          [
            -82.04,
            76.509
          ],
          [
            -81.492,
            76.469
          ],
          [
            -81.208,
            76.554
          ],
          [
            -81.178,
            76.531
          ],
          [
            -81.219,
            76.499
          ],
          [
            -80.992,
            76.483
          ],
          [
            -80.772,
            76.419
          ],
          [
            -80.784,
            76.375
          ],
          [
            -81.096,
            76.212
          ],
          [
            -80.954,
            76.191
          ],
          [
            -81.09,
            76.137
          ],
          [
            -80.866,
            76.169
          ],
          [
            -80.673,
            76.158
          ],
          [
            -80.606,
            76.192
          ],
          [
            -80.23,
            76.24
          ],
          [
            -80.087,
            76.224
          ],
          [
            -79.574,
            76.312
          ],
          [
            -79.273,
            76.304
          ],
          [
            -79.261,
            76.352
          ],
          [
            -79.178,
            76.38
          ],
          [
            -79.19,
            76.406
          ],
          [
            -78.969,
            76.434
          ],
          [
            -78.791,
            76.572
          ],
          [
            -78.566,
            76.564
          ],
          [
            -78.613,
            76.548
          ],
          [
            -78.588,
            76.513
          ],
          [
            -78.615,
            76.49
          ],
          [
            -78.377,
            76.458
          ],
          [
            -78.347,
            76.501
          ],
          [
            -78.139,
            76.526
          ],
          [
            -78.186,
            76.56
          ],
          [
            -78.09,
            76.609
          ],
          [
            -77.769,
            76.658
          ],
          [
            -77.813,
            76.682
          ],
          [
            -77.764,
            76.729
          ],
          [
            -77.789,
            76.782
          ],
          [
            -77.715,
            76.821
          ],
          [
            -77.881,
            76.858
          ],
          [
            -77.835,
            76.887
          ],
          [
            -77.908,
            76.914
          ],
          [
            -77.88,
            76.935
          ],
          [
            -77.897,
            76.956
          ],
          [
            -78.087,
            77.018
          ],
          [
            -78.384,
            77.0
          ],
          [
            -78.414,
            76.985
          ],
          [
            -78.398,
            76.963
          ],
          [
            -78.554,
            76.939
          ],
          [
            -78.567,
            76.887
          ],
          [
            -78.72,
            76.879
          ],
          [
            -78.698,
            76.839
          ],
          [
            -78.722,
            76.821
          ],
          [
            -78.965,
            76.842
          ],
          [
            -78.866,
            76.919
          ],
          [
            -78.886,
            76.927
          ],
          [
            -79.387,
            76.927
          ],
          [
            -79.366,
            76.963
          ],
          [
            -79.004,
            77.104
          ],
          [
            -79.063,
            77.131
          ],
          [
            -79.042,
            77.161
          ],
          [
            -79.424,
            77.233
          ],
          [
            -79.66,
            77.244
          ],
          [
            -79.936,
            77.207
          ],
          [
            -80.373,
            77.071
          ],
          [
            -80.41,
            77.081
          ],
          [
            -80.116,
            77.201
          ],
          [
            -81.106,
            77.283
          ],
          [
            -81.834,
            77.162
          ],
          [
            -81.911,
            77.194
          ],
          [
            -81.882,
            77.214
          ],
          [
            -81.904,
            77.249
          ],
          [
            -82.196,
            77.299
          ],
          [
            -82.092,
            77.316
          ],
          [
            -81.828,
            77.286
          ],
          [
            -81.166,
            77.337
          ],
          [
            -81.204,
            77.371
          ],
          [
            -81.485,
            77.372
          ],
          [
            -81.729,
            77.43
          ],
          [
            -81.748,
            77.448
          ],
          [
            -81.671,
            77.496
          ],
          [
            -81.671,
            77.532
          ],
          [
            -81.911,
            77.609
          ],
          [
            -81.949,
            77.645
          ],
          [
            -81.928,
            77.686
          ],
          [
            -81.848,
            77.666
          ],
          [
            -81.84,
            77.626
          ],
          [
            -81.62,
            77.586
          ],
          [
            -81.673,
            77.571
          ],
          [
            -81.575,
            77.545
          ],
          [
            -81.574,
            77.513
          ],
          [
            -81.371,
            77.476
          ],
          [
            -81.277,
            77.424
          ],
          [
            -80.753,
            77.331
          ],
          [
            -80.042,
            77.273
          ],
          [
            -79.712,
            77.318
          ],
          [
            -79.207,
            77.288
          ],
          [
            -78.784,
            77.381
          ],
          [
            -78.725,
            77.371
          ],
          [
            -78.84,
            77.31
          ],
          [
            -78.257,
            77.382
          ],
          [
            -78.231,
            77.398
          ],
          [
            -78.278,
            77.429
          ],
          [
            -77.949,
            77.502
          ],
          [
            -77.981,
            77.555
          ],
          [
            -77.723,
            77.599
          ],
          [
            -77.92,
            77.67
          ],
          [
            -78.081,
            77.673
          ],
          [
            -77.981,
            77.701
          ],
          [
            -78.052,
            77.73
          ],
          [
            -77.941,
            77.76
          ],
          [
            -77.959,
            77.802
          ],
          [
            -78.426,
            77.906
          ],
          [
            -78.183,
            77.963
          ],
          [
            -78.271,
            77.976
          ],
          [
            -78.261,
            77.995
          ],
          [
            -77.901,
            77.941
          ],
          [
            -77.211,
            77.949
          ],
          [
            -76.931,
            77.901
          ],
          [
            -76.548,
            77.945
          ],
          [
            -76.467,
            77.985
          ],
          [
            -76.246,
            78.016
          ],
          [
            -75.923,
            77.957
          ],
          [
            -75.638,
            78.068
          ],
          [
            -72.589,
            78.059
          ],
          [
            -72.293,
            78.051
          ],
          [
            -72.356,
            78.009
          ],
          [
            -72.245,
            77.97
          ],
          [
            -72.238,
            77.938
          ],
          [
            -71.939,
            77.886
          ],
          [
            -71.604,
            77.919
          ],
          [
            -71.621,
            77.856
          ]
        ],
        [
          [
            -90.375,
            69.442
          ],
          [
            -90.308,
            69.45
          ],
          [
            -90.37549090909091,
            69.44238005865103
          ],
          [
            -90.375,
            69.442
          ]
        ],
        [
          [
            -77.681,
            77.793
          ],
          [
            -77.579,
            77.819
          ],
          [
            -77.569,
            77.85
          ],
          [
            -77.718,
            77.863
          ],
          [
            -77.955,
            77.83
          ],
          [
            -77.888,
            77.781
          ],
          [
            -77.681,
            77.793
          ]
        ],
        [
          [
            -70.056,
            77.399
          ],
          [
            -70.917,
            77.467
          ],
          [
            -71.299,
            77.448
          ],
          [
            -71.076,
            77.371
          ],
          [
            -70.056,
            77.399
          ]
        ],
        [
          [
            -71.562,
            77.325
          ],
          [
            -71.349,
            77.363
          ],
          [
            -71.375,
            77.39
          ],
          [
            -72.259,
            77.456
          ],
          [
            -72.574,
            77.414
          ],
          [
            -72.117,
            77.346
          ],
          [
            -72.095,
            77.337
          ],
          [
            -72.13,
            77.318
          ],
          [
            -72.008,
            77.304
          ],
          [
            -71.562,
            77.325
          ]
        ],
        [
          [
            -69.465,
            76.579
          ],
          [
            -69.592,
            76.61
          ],
          [
            -70.035,
            76.572
          ],
          [
            -69.836,
            76.536
          ],
          [
            -69.622,
            76.535
          ],
          [
            -69.465,
            76.579
          ]
        ],
        [
          [
            -69.894,
            76.437
          ],
          [
            -70.067,
            76.454
          ],
          [
            -70.188,
            76.439
          ],
          [
            -70.008,
            76.394
          ],
          [
            -69.894,
            76.437
          ]
        ],
        [
          [
            -84.139,
            76.507
          ],
          [
            -84.104,
            76.484
          ],
          [
            -84.109,
            76.444
          ],
          [
            -83.986,
            76.423
          ],
          [
            -83.908,
            76.465
          ],
          [
            -84.098,
            76.507
          ],
          [
            -84.139,
            76.507
          ]
        ],
        [
          [
            -79.593,
            75.817
          ],
          [
            -79.444,
            75.792
          ],
          [
            -79.341,
            75.825
          ],
          [
            -79.42,
            75.848
          ],
          [
            -79.319,
            75.874
          ],
          [
            -78.879,
            75.844
          ],
          [
            -79.176,
            75.953
          ],
          [
            -78.846,
            76.047
          ],
          [
            -78.798,
            76.086
          ],
          [
            -78.924,
            76.121
          ],
          [
            -79.113,
            76.101
          ],
          [
            -79.308,
            76.013
          ],
          [
            -79.58,
            75.945
          ],
          [
            -79.597,
            75.902
          ],
          [
            -79.752,
            75.879
          ],
          [
            -79.598,
            75.861
          ],
          [
            -79.567,
            75.846
          ],
          [
            -79.593,
            75.817
          ]
        ],
        [
          [
            -56.613,
            74.48
          ],
          [
            -56.463,
            74.504
          ],
          [
            -56.705,
            74.559
          ],
          [
            -56.93,
            74.532
          ],
          [
            -57.557,
            74.488
          ],
          [
            -56.613,
            74.48
          ]
        ],
        [
          [
            -97.257,
            74.591
          ],
          [
            -97.47,
            74.621
          ],
          [
            -97.793,
            74.486
          ],
          [
            -97.653,
            74.456
          ],
          [
            -97.388,
            74.506
          ],
          [
            -97.257,
            74.591
          ]
        ],
        [
          [
            -95.654,
            74.642
          ],
          [
            -95.753,
            74.598
          ],
          [
            -95.731,
            74.584
          ],
          [
            -95.866,
            74.574
          ],
          [
            -95.481,
            74.5
          ],
          [
            -95.311,
            74.498
          ],
          [
            -95.245,
            74.528
          ],
          [
            -95.497,
            74.627
          ],
          [
            -95.654,
            74.642
          ]
        ],
        [
          [
            -93.428,
            74.955
          ],
          [
            -93.515,
            75.038
          ],
          [
            -93.643,
            75.039
          ],
          [
            -93.489,
            75.072
          ],
          [
            -93.509,
            75.091
          ],
          [
            -93.457,
            75.116
          ],
          [
            -93.578,
            75.198
          ],
          [
            -93.488,
            75.257
          ],
          [
            -93.648,
            75.301
          ],
          [
            -93.801,
            75.304
          ],
          [
            -93.65,
            75.321
          ],
          [
            -93.677,
            75.357
          ],
          [
            -93.99,
            75.435
          ],
          [
            -94.364,
            75.591
          ],
          [
            -94.918,
            75.637
          ],
          [
            -95.179,
            75.584
          ],
          [
            -95.275,
            75.606
          ],
          [
            -95.371,
            75.552
          ],
          [
            -95.457,
            75.568
          ],
          [
            -95.75,
            75.513
          ],
          [
            -95.838,
            75.459
          ],
          [
            -95.676,
            75.416
          ],
          [
            -95.761,
            75.391
          ],
          [
            -95.958,
            75.436
          ],
          [
            -96.15,
            75.401
          ],
          [
            -96.179,
            75.384
          ],
          [
            -95.928,
            75.398
          ],
          [
            -95.777,
            75.372
          ],
          [
            -95.92,
            75.347
          ],
          [
            -95.891,
            75.372
          ],
          [
            -95.944,
            75.378
          ],
          [
            -96.173,
            75.286
          ],
          [
            -95.903,
            75.29
          ],
          [
            -96.092,
            75.256
          ],
          [
            -95.988,
            75.25
          ],
          [
            -96.379,
            75.217
          ],
          [
            -96.4,
            75.205
          ],
          [
            -96.366,
            75.193
          ],
          [
            -96.381,
            75.175
          ],
          [
            -96.456,
            75.197
          ],
          [
            -96.605,
            75.063
          ],
          [
            -96.588,
            75.032
          ],
          [
            -96.614,
            74.985
          ],
          [
            -96.322,
            75.001
          ],
          [
            -96.328,
            74.975
          ],
          [
            -96.394,
            74.978
          ],
          [
            -96.379,
            74.944
          ],
          [
            -96.403,
            74.926
          ],
          [
            -96.357,
            74.907
          ],
          [
            -96.221,
            74.91
          ],
          [
            -96.142,
            75.018
          ],
          [
            -96.074,
            75.024
          ],
          [
            -96.056,
            75.01
          ],
          [
            -96.142,
            74.957
          ],
          [
            -96.051,
            74.973
          ],
          [
            -96.033,
            74.949
          ],
          [
            -96.128,
            74.916
          ],
          [
            -95.866,
            74.843
          ],
          [
            -95.923,
            74.823
          ],
          [
            -95.735,
            74.817
          ],
          [
            -95.725,
            74.843
          ],
          [
            -95.626,
            74.807
          ],
          [
            -95.518,
            74.812
          ],
          [
            -95.493,
            74.799
          ],
          [
            -95.546,
            74.753
          ],
          [
            -95.49,
            74.739
          ],
          [
            -95.447,
            74.746
          ],
          [
            -95.483,
            74.779
          ],
          [
            -95.457,
            74.798
          ],
          [
            -95.38,
            74.8
          ],
          [
            -95.467,
            74.774
          ],
          [
            -95.444,
            74.77
          ],
          [
            -95.283,
            74.798
          ],
          [
            -95.068,
            74.736
          ],
          [
            -95.08,
            74.681
          ],
          [
            -94.914,
            74.662
          ],
          [
            -94.869,
            74.685
          ],
          [
            -94.724,
            74.634
          ],
          [
            -93.741,
            74.636
          ],
          [
            -93.485,
            74.688
          ],
          [
            -93.463,
            74.729
          ],
          [
            -93.564,
            74.743
          ],
          [
            -93.439,
            74.758
          ],
          [
            -93.406,
            74.884
          ],
          [
            -93.428,
            74.955
          ]
        ],
        [
          [
            -96.417,
            75.523
          ],
          [
            -96.22,
            75.456
          ],
          [
            -95.91,
            75.56
          ],
          [
            -96.027,
            75.605
          ],
          [
            -96.396,
            75.65
          ],
          [
            -96.424,
            75.636
          ],
          [
            -96.419,
            75.589
          ],
          [
            -97.053,
            75.497
          ],
          [
            -96.941,
            75.408
          ],
          [
            -96.979,
            75.386
          ],
          [
            -96.881,
            75.38
          ],
          [
            -96.851,
            75.35
          ],
          [
            -96.777,
            75.372
          ],
          [
            -96.623,
            75.399
          ],
          [
            -96.692,
            75.43
          ],
          [
            -96.512,
            75.456
          ],
          [
            -96.549,
            75.52
          ],
          [
            -96.41,
            75.58
          ],
          [
            -96.36,
            75.569
          ],
          [
            -96.417,
            75.523
          ]
        ],
        [
          [
            -96.456,
            75.818
          ],
          [
            -96.661,
            75.789
          ],
          [
            -96.717,
            75.74
          ],
          [
            -96.697,
            75.731
          ],
          [
            -96.54,
            75.743
          ],
          [
            -96.456,
            75.818
          ]
        ],
        [
          [
            -94.829,
            75.883
          ],
          [
            -94.809,
            75.782
          ],
          [
            -94.629,
            75.746
          ],
          [
            -94.354,
            75.754
          ],
          [
            -94.288,
            75.784
          ],
          [
            -94.42,
            75.869
          ],
          [
            -94.453,
            75.962
          ],
          [
            -94.515,
            75.993
          ],
          [
            -94.904,
            75.937
          ],
          [
            -94.829,
            75.883
          ]
        ],
        [
          [
            -95.013,
            76.106
          ],
          [
            -95.147,
            76.117
          ],
          [
            -95.049,
            76.051
          ],
          [
            -94.929,
            76.051
          ],
          [
            -94.816,
            76.101
          ],
          [
            -94.862,
            76.144
          ],
          [
            -95.013,
            76.106
          ]
        ],
        [
          [
            -95.325,
            73.952
          ],
          [
            -95.311,
            73.885
          ],
          [
            -95.154,
            73.824
          ],
          [
            -95.046,
            73.856
          ],
          [
            -94.963,
            73.838
          ],
          [
            -95.116,
            73.807
          ],
          [
            -95.003,
            73.741
          ],
          [
            -94.866,
            73.687
          ],
          [
            -94.618,
            73.651
          ],
          [
            -94.957,
            73.659
          ],
          [
            -95.3,
            73.771
          ],
          [
            -95.646,
            73.736
          ],
          [
            -95.682,
            73.712
          ],
          [
            -95.656,
            73.699
          ],
          [
            -95.717,
            73.689
          ],
          [
            -95.676,
            73.665
          ],
          [
            -95.723,
            73.64
          ],
          [
            -95.543,
            73.582
          ],
          [
            -95.668,
            73.582
          ],
          [
            -95.641,
            73.562
          ],
          [
            -95.7,
            73.554
          ],
          [
            -95.633,
            73.528
          ],
          [
            -95.652,
            73.511
          ],
          [
            -95.626,
            73.501
          ],
          [
            -95.684,
            73.45
          ],
          [
            -95.601,
            73.382
          ],
          [
            -95.651,
            73.325
          ],
          [
            -95.585,
            73.298
          ],
          [
            -95.593,
            73.247
          ],
          [
            -95.558,
            73.231
          ],
          [
            -95.597,
            73.219
          ],
          [
            -95.579,
            73.159
          ],
          [
            -95.5,
            73.129
          ],
          [
            -95.648,
            73.117
          ],
          [
            -95.686,
            73.086
          ],
          [
            -95.643,
            73.047
          ],
          [
            -95.719,
            72.999
          ],
          [
            -95.623,
            72.927
          ],
          [
            -95.656,
            72.901
          ],
          [
            -95.666,
            72.801
          ],
          [
            -95.557,
            72.786
          ],
          [
            -95.57,
            72.766
          ],
          [
            -95.513,
            72.737
          ],
          [
            -95.6,
            72.735
          ],
          [
            -95.602,
            72.702
          ],
          [
            -95.364,
            72.643
          ],
          [
            -95.313,
            72.601
          ],
          [
            -95.347,
            72.587
          ],
          [
            -95.316,
            72.54
          ],
          [
            -95.2,
            72.524
          ],
          [
            -95.133,
            72.46
          ],
          [
            -95.197,
            72.451
          ],
          [
            -95.145,
            72.431
          ],
          [
            -95.236,
            72.429
          ],
          [
            -95.16,
            72.351
          ],
          [
            -95.215,
            72.205
          ],
          [
            -95.162,
            72.163
          ],
          [
            -95.171,
            72.139
          ],
          [
            -94.752,
            72.153
          ],
          [
            -95.197,
            72.107
          ],
          [
            -95.084,
            72.098
          ],
          [
            -95.196,
            72.052
          ],
          [
            -95.208,
            71.989
          ],
          [
            -95.105,
            71.995
          ],
          [
            -95.176,
            71.967
          ],
          [
            -94.45,
            72.023
          ],
          [
            -94.063,
            71.978
          ],
          [
            -94.03,
            71.999
          ],
          [
            -94.07,
            72.024
          ],
          [
            -94.022,
            72.059
          ],
          [
            -94.153,
            72.019
          ],
          [
            -94.236,
            72.031
          ],
          [
            -94.081,
            72.067
          ],
          [
            -94.014,
            72.164
          ],
          [
            -93.801,
            72.318
          ],
          [
            -93.628,
            72.342
          ],
          [
            -93.56,
            72.415
          ],
          [
            -93.469,
            72.44
          ],
          [
            -93.499,
            72.522
          ],
          [
            -93.569,
            72.571
          ],
          [
            -93.817,
            72.642
          ],
          [
            -93.776,
            72.735
          ],
          [
            -93.887,
            72.705
          ],
          [
            -94.142,
            72.735
          ],
          [
            -94.327,
            72.722
          ],
          [
            -94.298,
            72.77
          ],
          [
            -93.603,
            72.775
          ],
          [
            -93.311,
            72.815
          ],
          [
            -93.223,
            72.781
          ],
          [
            -92.393,
            72.707
          ],
          [
            -92.127,
            72.734
          ],
          [
            -91.819,
            72.862
          ],
          [
            -91.646,
            72.98
          ],
          [
            -91.643,
            73.021
          ],
          [
            -91.489,
            73.099
          ],
          [
            -91.366,
            73.206
          ],
          [
            -91.634,
            73.229
          ],
          [
            -91.262,
            73.264
          ],
          [
            -91.181,
            73.346
          ],
          [
            -90.93,
            73.484
          ],
          [
            -90.99,
            73.553
          ],
          [
            -90.765,
            73.562
          ],
          [
            -90.372,
            73.79
          ],
          [
            -90.377,
            73.856
          ],
          [
            -90.317,
            73.871
          ],
          [
            -90.275,
            73.839
          ],
          [
            -90.194,
            73.9
          ],
          [
            -91.065,
            74.006
          ],
          [
            -91.571,
            74.026
          ],
          [
            -91.926,
            74.013
          ],
          [
            -92.094,
            73.989
          ],
          [
            -92.132,
            73.946
          ],
          [
            -92.309,
            73.941
          ],
          [
            -92.328,
            73.951
          ],
          [
            -92.274,
            73.991
          ],
          [
            -92.334,
            74.031
          ],
          [
            -92.65,
            74.104
          ],
          [
            -92.749,
            74.076
          ],
          [
            -92.749,
            74.113
          ],
          [
            -92.796,
            74.125
          ],
          [
            -93.515,
            74.173
          ],
          [
            -93.759,
            74.139
          ],
          [
            -93.758,
            74.097
          ],
          [
            -93.722,
            74.083
          ],
          [
            -93.817,
            74.079
          ],
          [
            -93.952,
            74.139
          ],
          [
            -94.732,
            74.095
          ],
          [
            -95.245,
            74.01
          ],
          [
            -95.325,
            73.952
          ]
        ],
        [
          [
            -90.285,
            74.025
          ],
          [
            -90.008,
            73.985
          ],
          [
            -89.902,
            74.038
          ],
          [
            -89.992,
            74.067
          ],
          [
            -90.241,
            74.054
          ],
          [
            -90.285,
            74.025
          ]
        ],
        [
          [
            -56.154,
            73.824
          ],
          [
            -55.954,
            73.823
          ],
          [
            -56.142,
            73.876
          ],
          [
            -56.618,
            73.916
          ],
          [
            -56.774,
            73.87
          ],
          [
            -56.629,
            73.867
          ],
          [
            -56.689,
            73.835
          ],
          [
            -56.627,
            73.811
          ],
          [
            -56.319,
            73.832
          ],
          [
            -56.358,
            73.789
          ],
          [
            -56.323,
            73.783
          ],
          [
            -56.154,
            73.824
          ]
        ],
        [
          [
            -96.77,
            72.72
          ],
          [
            -96.694,
            72.756
          ],
          [
            -96.64,
            72.792
          ],
          [
            -96.722,
            72.829
          ],
          [
            -96.685,
            72.878
          ],
          [
            -96.737,
            72.895
          ],
          [
            -97.011,
            72.776
          ],
          [
            -96.955,
            72.734
          ],
          [
            -96.77,
            72.72
          ]
        ],
        [
          [
            -97.09,
            72.982
          ],
          [
            -96.991,
            72.931
          ],
          [
            -96.765,
            72.931
          ],
          [
            -96.637,
            72.966
          ],
          [
            -96.566,
            73.045
          ],
          [
            -96.639,
            73.119
          ],
          [
            -96.65,
            73.14
          ],
          [
            -96.771,
            73.114
          ],
          [
            -96.726,
            73.159
          ],
          [
            -96.848,
            73.187
          ],
          [
            -97.046,
            73.147
          ],
          [
            -97.143,
            73.063
          ],
          [
            -97.09,
            72.982
          ]
        ],
        [
          [
            -99.02,
            73.98
          ],
          [
            -98.973,
            73.951
          ],
          [
            -99.282,
            73.938
          ],
          [
            -99.438,
            73.897
          ],
          [
            -99.364,
            73.864
          ],
          [
            -98.815,
            73.833
          ],
          [
            -99.168,
            73.829
          ],
          [
            -98.962,
            73.805
          ],
          [
            -98.74,
            73.813
          ],
          [
            -98.721,
            73.822
          ],
          [
            -98.754,
            73.837
          ],
          [
            -98.715,
            73.861
          ],
          [
            -98.588,
            73.833
          ],
          [
            -98.145,
            73.874
          ],
          [
            -98.011,
            73.937
          ],
          [
            -97.764,
            73.988
          ],
          [
            -97.638,
            74.076
          ],
          [
            -97.758,
            74.119
          ],
          [
            -98.171,
            74.092
          ],
          [
            -98.492,
            74.034
          ],
          [
            -98.765,
            74.031
          ],
          [
            -99.02,
            73.98
          ]
        ],
        [
          [
            -95.441,
            71.795
          ],
          [
            -95.361,
            71.79
          ],
          [
            -95.488,
            71.741
          ],
          [
            -95.325,
            71.733
          ],
          [
            -95.26,
            71.827
          ],
          [
            -95.384,
            71.836
          ],
          [
            -95.45,
            71.819
          ],
          [
            -95.441,
            71.795
          ]
        ],
        [
          [
            -87.002,
            70.015
          ],
          [
            -86.662,
            69.967
          ],
          [
            -86.457,
            70.007
          ],
          [
            -86.612,
            70.112
          ],
          [
            -86.799,
            70.087
          ],
          [
            -87.091,
            70.15
          ],
          [
            -87.145,
            70.143
          ],
          [
            -87.103,
            70.121
          ],
          [
            -87.378,
            70.096
          ],
          [
            -87.288,
            70.073
          ],
          [
            -87.255,
            70.025
          ],
          [
            -87.104,
            69.988
          ],
          [
            -87.002,
            70.015
          ]
        ],
        [
          [
            -91.736,
            69.789
          ],
          [
            -91.535,
            69.727
          ],
          [
            -91.457,
            69.775
          ],
          [
            -91.502,
            69.814
          ],
          [
            -91.409,
            69.875
          ],
          [
            -91.494,
            69.85
          ],
          [
            -91.736,
            69.789
          ]
        ],
        [
          [
            -90.361,
            69.238
          ],
          [
            -90.272,
            69.256
          ],
          [
            -90.227,
            69.323
          ],
          [
            -90.155,
            69.351
          ],
          [
            -90.15,
            69.376
          ],
          [
            -90.196,
            69.385
          ],
          [
            -90.174,
            69.402
          ],
          [
            -90.205,
            69.446
          ],
          [
            -90.249,
            69.424
          ],
          [
            -90.23,
            69.39
          ],
          [
            -90.302,
            69.434
          ],
          [
            -90.501,
            69.372
          ],
          [
            -90.51,
            69.335
          ],
          [
            -90.403,
            69.297
          ],
          [
            -90.361,
            69.238
          ]
        ],
        [
          [
            -90.652,
            69.351
          ],
          [
            -90.681,
            69.311
          ],
          [
            -90.655,
            69.305
          ],
          [
            -90.696,
            69.278
          ],
          [
            -90.646,
            69.259
          ],
          [
            -90.691,
            69.228
          ],
          [
            -90.62,
            69.252
          ],
          [
            -90.613,
            69.208
          ],
          [
            -90.576,
            69.199
          ],
          [
            -90.456,
            69.235
          ],
          [
            -90.495,
            69.242
          ],
          [
            -90.472,
            69.281
          ],
          [
            -90.608,
            69.37
          ],
          [
            -90.692,
            69.372
          ],
          [
            -90.776,
            69.33
          ],
          [
            -90.777,
            69.272
          ],
          [
            -90.652,
            69.351
          ]
        ],
        [
          [
            -89.908,
            68.918
          ],
          [
            -89.934,
            68.951
          ],
          [
            -89.91,
            69.003
          ],
          [
            -89.963,
            68.992
          ],
          [
            -90.146,
            68.967
          ],
          [
            -89.908,
            68.918
          ]
        ],
        [
          [
            -89.782,
            68.767
          ],
          [
            -89.862,
            68.798
          ],
          [
            -89.856,
            68.823
          ],
          [
            -89.926,
            68.804
          ],
          [
            -89.896,
            68.83
          ],
          [
            -89.932,
            68.852
          ],
          [
            -90.026,
            68.772
          ],
          [
            -90.017,
            68.741
          ],
          [
            -89.957,
            68.725
          ],
          [
            -89.967,
            68.695
          ],
          [
            -89.916,
            68.705
          ],
          [
            -89.956,
            68.662
          ],
          [
            -89.782,
            68.767
          ]
        ],
        [
          [
            -86.879,
            67.81
          ],
          [
            -86.691,
            67.734
          ],
          [
            -86.584,
            67.725
          ],
          [
            -86.404,
            67.849
          ],
          [
            -86.369,
            67.955
          ],
          [
            -86.433,
            68.089
          ],
          [
            -86.411,
            68.209
          ],
          [
            -86.675,
            68.306
          ],
          [
            -86.844,
            68.213
          ],
          [
            -86.906,
            68.18
          ],
          [
            -86.898,
            68.136
          ],
          [
            -86.993,
            68.067
          ],
          [
            -86.841,
            68.011
          ],
          [
            -86.843,
            67.959
          ],
          [
            -86.952,
            67.924
          ],
          [
            -86.879,
            67.81
          ]
        ],
        [
          [
            -83.777,
            69.733
          ],
          [
            -83.661,
            69.722
          ],
          [
            -83.713,
            69.754
          ],
          [
            -83.529,
            69.787
          ],
          [
            -83.832,
            69.825
          ],
          [
            -83.913,
            69.793
          ],
          [
            -83.899,
            69.764
          ],
          [
            -83.777,
            69.733
          ]
        ],
        [
          [
            -80.856,
            73.476
          ],
          [
            -80.884,
            73.44
          ],
          [
            -80.862,
            73.396
          ],
          [
            -80.892,
            73.375
          ],
          [
            -80.844,
            73.352
          ],
          [
            -80.876,
            73.328
          ],
          [
            -80.797,
            73.277
          ],
          [
            -80.152,
            73.222
          ],
          [
            -80.11,
            73.18
          ],
          [
            -80.178,
            73.158
          ],
          [
            -80.123,
            73.114
          ],
          [
            -80.181,
            73.044
          ],
          [
            -79.999,
            72.863
          ],
          [
            -79.594,
            72.753
          ],
          [
            -79.209,
            72.745
          ],
          [
            -78.236,
            72.893
          ],
          [
            -77.704,
            72.897
          ],
          [
            -76.563,
            72.812
          ],
          [
            -76.15,
            72.842
          ],
          [
            -76.059,
            72.901
          ],
          [
            -76.119,
            72.94
          ],
          [
            -76.333,
            72.964
          ],
          [
            -76.26,
            72.997
          ],
          [
            -76.324,
            73.021
          ],
          [
            -76.279,
            73.046
          ],
          [
            -76.318,
            73.063
          ],
          [
            -76.241,
            73.092
          ],
          [
            -76.496,
            73.117
          ],
          [
            -76.632,
            73.167
          ],
          [
            -76.58,
            73.22
          ],
          [
            -76.746,
            73.286
          ],
          [
            -76.708,
            73.318
          ],
          [
            -76.893,
            73.321
          ],
          [
            -77.049,
            73.362
          ],
          [
            -77.029,
            73.398
          ],
          [
            -77.192,
            73.501
          ],
          [
            -77.424,
            73.555
          ],
          [
            -78.166,
            73.668
          ],
          [
            -79.452,
            73.631
          ],
          [
            -80.023,
            73.727
          ],
          [
            -80.109,
            73.694
          ],
          [
            -80.353,
            73.76
          ],
          [
            -80.683,
            73.756
          ],
          [
            -80.862,
            73.745
          ],
          [
            -80.796,
            73.702
          ],
          [
            -80.827,
            73.628
          ],
          [
            -80.902,
            73.603
          ],
          [
            -80.867,
            73.545
          ],
          [
            -80.695,
            73.478
          ],
          [
            -80.856,
            73.476
          ]
        ],
        [
          [
            -56.431,
            73.704
          ],
          [
            -56.49,
            73.683
          ],
          [
            -56.966,
            73.658
          ],
          [
            -56.876,
            73.655
          ],
          [
            -56.896,
            73.632
          ],
          [
            -56.833,
            73.611
          ],
          [
            -56.457,
            73.642
          ],
          [
            -56.342,
            73.68
          ],
          [
            -56.431,
            73.704
          ]
        ],
        [
          [
            -56.28,
            73.596
          ],
          [
            -56.312,
            73.61
          ],
          [
            -56.189,
            73.627
          ],
          [
            -56.346,
            73.645
          ],
          [
            -56.307,
            73.618
          ],
          [
            -56.503,
            73.607
          ],
          [
            -56.559,
            73.556
          ],
          [
            -56.354,
            73.549
          ],
          [
            -56.319,
            73.566
          ],
          [
            -56.352,
            73.584
          ],
          [
            -56.28,
            73.596
          ]
        ],
        [
          [
            -55.847,
            73.382
          ],
          [
            -56.018,
            73.41
          ],
          [
            -55.955,
            73.376
          ],
          [
            -56.087,
            73.377
          ],
          [
            -56.023,
            73.362
          ],
          [
            -56.153,
            73.304
          ],
          [
            -55.936,
            73.303
          ],
          [
            -55.847,
            73.382
          ]
        ],
        [
          [
            -55.803,
            73.279
          ],
          [
            -55.628,
            73.299
          ],
          [
            -55.668,
            73.359
          ],
          [
            -55.872,
            73.328
          ],
          [
            -55.786,
            73.331
          ],
          [
            -55.803,
            73.279
          ]
        ],
        [
          [
            -55.971,
            73.122
          ],
          [
            -55.988,
            73.144
          ],
          [
            -55.945,
            73.176
          ],
          [
            -55.814,
            73.221
          ],
          [
            -55.896,
            73.261
          ],
          [
            -56.017,
            73.229
          ],
          [
            -55.977,
            73.213
          ],
          [
            -55.962,
            73.189
          ],
          [
            -56.061,
            73.199
          ],
          [
            -56.025,
            73.166
          ],
          [
            -56.113,
            73.172
          ],
          [
            -56.039,
            73.127
          ],
          [
            -56.132,
            73.082
          ],
          [
            -55.971,
            73.122
          ]
        ],
        [
          [
            -55.689,
            72.994
          ],
          [
            -55.631,
            72.972
          ],
          [
            -55.482,
            72.95
          ],
          [
            -55.388,
            72.962
          ],
          [
            -55.364,
            72.993
          ],
          [
            -55.306,
            72.918
          ],
          [
            -55.071,
            72.955
          ],
          [
            -55.519,
            73.046
          ],
          [
            -55.689,
            72.994
          ]
        ],
        [
          [
            -55.697,
            72.613
          ],
          [
            -55.644,
            72.65
          ],
          [
            -55.578,
            72.61
          ],
          [
            -55.481,
            72.609
          ],
          [
            -55.584,
            72.587
          ],
          [
            -55.55,
            72.554
          ],
          [
            -55.438,
            72.609
          ],
          [
            -55.373,
            72.584
          ],
          [
            -55.371,
            72.626
          ],
          [
            -55.299,
            72.646
          ],
          [
            -55.27,
            72.692
          ],
          [
            -55.094,
            72.732
          ],
          [
            -55.051,
            72.787
          ],
          [
            -54.964,
            72.808
          ],
          [
            -55.152,
            72.846
          ],
          [
            -55.221,
            72.829
          ],
          [
            -55.109,
            72.8
          ],
          [
            -55.23,
            72.819
          ],
          [
            -55.618,
            72.755
          ],
          [
            -55.606,
            72.704
          ],
          [
            -55.816,
            72.655
          ],
          [
            -55.849,
            72.611
          ],
          [
            -55.697,
            72.613
          ]
        ],
        [
          [
            -54.801,
            72.722
          ],
          [
            -54.981,
            72.764
          ],
          [
            -55.063,
            72.718
          ],
          [
            -55.032,
            72.695
          ],
          [
            -54.857,
            72.692
          ],
          [
            -54.801,
            72.722
          ]
        ],
        [
          [
            -55.034,
            72.69
          ],
          [
            -55.21,
            72.674
          ],
          [
            -55.194,
            72.643
          ],
          [
            -55.115,
            72.627
          ],
          [
            -55.262,
            72.598
          ],
          [
            -55.108,
            72.603
          ],
          [
            -54.947,
            72.672
          ],
          [
            -55.034,
            72.69
          ]
        ],
        [
          [
            -55.028,
            72.585
          ],
          [
            -55.185,
            72.583
          ],
          [
            -55.383,
            72.545
          ],
          [
            -55.08,
            72.523
          ],
          [
            -55.028,
            72.585
          ]
        ],
        [
          [
            -55.638,
            72.776
          ],
          [
            -55.989,
            72.768
          ],
          [
            -55.974,
            72.744
          ],
          [
            -56.226,
            72.706
          ],
          [
            -56.17,
            72.658
          ],
          [
            -56.037,
            72.65
          ],
          [
            -55.897,
            72.659
          ],
          [
            -55.941,
            72.7
          ],
          [
            -55.884,
            72.723
          ],
          [
            -55.772,
            72.681
          ],
          [
            -55.704,
            72.715
          ],
          [
            -55.701,
            72.757
          ],
          [
            -55.638,
            72.776
          ]
        ],
        [
          [
            -85.837,
            72.263
          ],
          [
            -85.864,
            72.297
          ],
          [
            -86.11,
            72.29
          ],
          [
            -85.889,
            72.218
          ],
          [
            -85.837,
            72.263
          ]
        ],
        [
          [
            -79.683,
            72.431
          ],
          [
            -79.582,
            72.352
          ],
          [
            -79.441,
            72.371
          ],
          [
            -79.436,
            72.418
          ],
          [
            -79.577,
            72.456
          ],
          [
            -79.624,
            72.442
          ],
          [
            -79.683,
            72.431
          ]
        ],
        [
          [
            -78.95,
            72.335
          ],
          [
            -78.732,
            72.369
          ],
          [
            -78.956,
            72.444
          ],
          [
            -79.076,
            72.403
          ],
          [
            -79.053,
            72.361
          ],
          [
            -78.95,
            72.335
          ]
        ],
        [
          [
            -55.11,
            72.298
          ],
          [
            -55.03,
            72.294
          ],
          [
            -55.009,
            72.363
          ],
          [
            -55.099,
            72.38
          ],
          [
            -55.199,
            72.331
          ],
          [
            -55.334,
            72.317
          ],
          [
            -55.633,
            72.292
          ],
          [
            -55.431,
            72.269
          ],
          [
            -55.65,
            72.226
          ],
          [
            -55.689,
            72.193
          ],
          [
            -55.506,
            72.143
          ],
          [
            -55.345,
            72.167
          ],
          [
            -55.11,
            72.298
          ]
        ],
        [
          [
            -74.797,
            72.168
          ],
          [
            -74.674,
            72.23
          ],
          [
            -74.851,
            72.218
          ],
          [
            -74.947,
            72.173
          ],
          [
            -74.797,
            72.168
          ]
        ],
        [
          [
            -55.41,
            71.89
          ],
          [
            -55.548,
            71.931
          ],
          [
            -55.803,
            71.886
          ],
          [
            -55.668,
            71.823
          ],
          [
            -55.526,
            71.824
          ],
          [
            -55.41,
            71.89
          ]
        ],
        [
          [
            -73.407,
            71.556
          ],
          [
            -73.352,
            71.557
          ],
          [
            -73.283,
            71.638
          ],
          [
            -73.149,
            71.68
          ],
          [
            -73.276,
            71.692
          ],
          [
            -73.448,
            71.594
          ],
          [
            -73.407,
            71.556
          ]
        ],
        [
          [
            -73.04,
            71.58
          ],
          [
            -72.786,
            71.53
          ],
          [
            -72.727,
            71.539
          ],
          [
            -72.661,
            71.598
          ],
          [
            -72.696,
            71.651
          ],
          [
            -72.781,
            71.661
          ],
          [
            -72.949,
            71.645
          ],
          [
            -73.04,
            71.58
          ]
        ],
        [
          [
            -73.061,
            71.295
          ],
          [
            -72.972,
            71.317
          ],
          [
            -73.017,
            71.343
          ],
          [
            -73.031,
            71.407
          ],
          [
            -72.817,
            71.445
          ],
          [
            -72.985,
            71.521
          ],
          [
            -73.169,
            71.422
          ],
          [
            -73.18,
            71.451
          ],
          [
            -73.074,
            71.537
          ],
          [
            -73.148,
            71.564
          ],
          [
            -73.367,
            71.527
          ],
          [
            -73.374,
            71.486
          ],
          [
            -73.255,
            71.415
          ],
          [
            -73.272,
            71.362
          ],
          [
            -73.066,
            71.325
          ],
          [
            -73.093,
            71.309
          ],
          [
            -73.061,
            71.295
          ]
        ],
        [
          [
            -52.927,
            71.385
          ],
          [
            -53.184,
            71.321
          ],
          [
            -53.116,
            71.206
          ],
          [
            -52.936,
            71.147
          ],
          [
            -52.642,
            71.169
          ],
          [
            -52.603,
            71.231
          ],
          [
            -52.328,
            71.288
          ],
          [
            -52.402,
            71.351
          ],
          [
            -52.927,
            71.385
          ]
        ],
        [
          [
            -53.685,
            71.024
          ],
          [
            -53.426,
            71.067
          ],
          [
            -53.382,
            71.135
          ],
          [
            -53.61,
            71.316
          ],
          [
            -53.991,
            71.124
          ],
          [
            -53.685,
            71.024
          ]
        ],
        [
          [
            -71.113,
            71.089
          ],
          [
            -71.04,
            71.156
          ],
          [
            -71.201,
            71.126
          ],
          [
            -71.255,
            71.074
          ],
          [
            -71.113,
            71.089
          ]
        ],
        [
          [
            -71.956,
            70.818
          ],
          [
            -71.914,
            70.849
          ],
          [
            -71.609,
            70.902
          ],
          [
            -71.416,
            70.908
          ],
          [
            -71.34,
            70.991
          ],
          [
            -71.832,
            71.071
          ],
          [
            -72.009,
            71.05
          ],
          [
            -72.039,
            70.95
          ],
          [
            -72.078,
            70.924
          ],
          [
            -72.223,
            70.917
          ],
          [
            -72.118,
            70.851
          ],
          [
            -72.112,
            70.811
          ],
          [
            -71.956,
            70.818
          ]
        ],
        [
          [
            -51.557,
            70.871
          ],
          [
            -52.023,
            70.979
          ],
          [
            -52.133,
            70.952
          ],
          [
            -52.158,
            70.884
          ],
          [
            -51.651,
            70.835
          ],
          [
            -51.557,
            70.871
          ]
        ],
        [
          [
            -54.737,
            70.434
          ],
          [
            -55.028,
            70.483
          ],
          [
            -54.993,
            70.402
          ],
          [
            -54.902,
            70.37
          ],
          [
            -54.647,
            70.379
          ],
          [
            -54.737,
            70.434
          ]
        ],
        [
          [
            -54.867,
            69.933
          ],
          [
            -54.796,
            69.875
          ],
          [
            -54.936,
            69.846
          ],
          [
            -54.885,
            69.804
          ],
          [
            -54.634,
            69.775
          ],
          [
            -54.389,
            69.675
          ],
          [
            -54.677,
            69.751
          ],
          [
            -54.896,
            69.749
          ],
          [
            -54.994,
            69.695
          ],
          [
            -54.659,
            69.571
          ],
          [
            -54.071,
            69.546
          ],
          [
            -53.985,
            69.561
          ],
          [
            -53.99,
            69.597
          ],
          [
            -53.951,
            69.606
          ],
          [
            -53.866,
            69.567
          ],
          [
            -53.992,
            69.492
          ],
          [
            -53.731,
            69.516
          ],
          [
            -53.859,
            69.466
          ],
          [
            -53.792,
            69.451
          ],
          [
            -53.629,
            69.491
          ],
          [
            -53.596,
            69.516
          ],
          [
            -53.608,
            69.548
          ],
          [
            -53.559,
            69.566
          ],
          [
            -53.347,
            69.58
          ],
          [
            -53.486,
            69.561
          ],
          [
            -53.577,
            69.474
          ],
          [
            -53.386,
            69.44
          ],
          [
            -53.654,
            69.448
          ],
          [
            -53.796,
            69.417
          ],
          [
            -54.244,
            69.444
          ],
          [
            -54.218,
            69.434
          ],
          [
            -54.259,
            69.422
          ],
          [
            -54.264,
            69.389
          ],
          [
            -54.154,
            69.336
          ],
          [
            -53.902,
            69.312
          ],
          [
            -53.853,
            69.263
          ],
          [
            -53.561,
            69.231
          ],
          [
            -53.183,
            69.314
          ],
          [
            -52.254,
            69.448
          ],
          [
            -52.01,
            69.524
          ],
          [
            -51.833,
            69.626
          ],
          [
            -52.027,
            69.674
          ],
          [
            -51.904,
            69.732
          ],
          [
            -51.961,
            69.786
          ],
          [
            -52.693,
            69.917
          ],
          [
            -53.037,
            70.116
          ],
          [
            -53.266,
            70.195
          ],
          [
            -54.381,
            70.323
          ],
          [
            -54.751,
            70.246
          ],
          [
            -54.843,
            70.176
          ],
          [
            -54.83,
            70.078
          ],
          [
            -54.728,
            70.02
          ],
          [
            -54.229,
            69.913
          ],
          [
            -54.769,
            69.963
          ],
          [
            -54.867,
            69.933
          ]
        ],
        [
          [
            -51.388,
            69.705
          ],
          [
            -51.334,
            69.685
          ],
          [
            -51.245,
            69.569
          ],
          [
            -51.249,
            69.533
          ],
          [
            -51.122,
            69.504
          ],
          [
            -50.958,
            69.551
          ],
          [
            -50.987,
            69.63
          ],
          [
            -50.965,
            69.724
          ],
          [
            -50.876,
            69.771
          ],
          [
            -50.797,
            69.761
          ],
          [
            -50.654,
            69.837
          ],
          [
            -50.721,
            69.871
          ],
          [
            -50.789,
            69.861
          ],
          [
            -50.796,
            69.893
          ],
          [
            -51.059,
            69.924
          ],
          [
            -51.207,
            69.916
          ],
          [
            -51.227,
            69.907
          ],
          [
            -51.185,
            69.894
          ],
          [
            -51.363,
            69.852
          ],
          [
            -51.197,
            69.833
          ],
          [
            -51.007,
            69.88
          ],
          [
            -51.388,
            69.705
          ]
        ],
        [
          [
            -67.531,
            69.529
          ],
          [
            -67.309,
            69.553
          ],
          [
            -67.507,
            69.602
          ],
          [
            -67.55,
            69.566
          ],
          [
            -67.75,
            69.521
          ],
          [
            -67.482,
            69.5
          ],
          [
            -67.552,
            69.523
          ],
          [
            -67.531,
            69.529
          ]
        ],
        [
          [
            -67.91,
            69.527
          ],
          [
            -67.848,
            69.592
          ],
          [
            -67.723,
            69.649
          ],
          [
            -67.96,
            69.705
          ],
          [
            -67.827,
            69.656
          ],
          [
            -68.064,
            69.67
          ],
          [
            -68.31,
            69.591
          ],
          [
            -67.91,
            69.527
          ]
        ],
        [
          [
            -68.459,
            68.791
          ],
          [
            -67.87,
            68.699
          ],
          [
            -67.661,
            68.702
          ],
          [
            -68.225,
            68.797
          ],
          [
            -68.417,
            68.814
          ],
          [
            -68.459,
            68.791
          ]
        ],
        [
          [
            -53.121,
            68.564
          ],
          [
            -52.408,
            68.661
          ],
          [
            -52.327,
            68.633
          ],
          [
            -52.13,
            68.704
          ],
          [
            -52.236,
            68.714
          ],
          [
            -52.634,
            68.71
          ],
          [
            -52.617,
            68.697
          ],
          [
            -52.847,
            68.667
          ],
          [
            -52.768,
            68.666
          ],
          [
            -52.801,
            68.654
          ],
          [
            -53.049,
            68.636
          ],
          [
            -53.121,
            68.564
          ]
        ],
        [
          [
            -52.989,
            68.358
          ],
          [
            -52.852,
            68.426
          ],
          [
            -52.981,
            68.492
          ],
          [
            -53.048,
            68.489
          ],
          [
            -52.971,
            68.436
          ],
          [
            -53.12,
            68.452
          ],
          [
            -53.221,
            68.43
          ],
          [
            -53.195,
            68.416
          ],
          [
            -53.212,
            68.401
          ],
          [
            -53.112,
            68.358
          ],
          [
            -52.989,
            68.358
          ]
        ],
        [
          [
            -66.298,
            68.249
          ],
          [
            -66.662,
            68.209
          ],
          [
            -66.629,
            68.182
          ],
          [
            -66.301,
            68.149
          ],
          [
            -66.257,
            68.164
          ],
          [
            -66.254,
            68.225
          ],
          [
            -66.183,
            68.263
          ],
          [
            -66.298,
            68.249
          ]
        ],
        [
          [
            -65.676,
            68.18
          ],
          [
            -65.722,
            68.164
          ],
          [
            -65.687,
            68.096
          ],
          [
            -65.496,
            68.128
          ],
          [
            -65.676,
            68.18
          ]
        ],
        [
          [
            -53.488,
            68.058
          ],
          [
            -53.4,
            68.06
          ],
          [
            -53.357,
            68.007
          ],
          [
            -53.225,
            68.059
          ],
          [
            -53.284,
            68.099
          ],
          [
            -53.389,
            68.11
          ],
          [
            -53.488,
            68.058
          ]
        ],
        [
          [
            -64.025,
            67.511
          ],
          [
            -63.758,
            67.521
          ],
          [
            -63.952,
            67.654
          ],
          [
            -63.979,
            67.626
          ],
          [
            -64.034,
            67.559
          ],
          [
            -64.025,
            67.511
          ]
        ],
        [
          [
            -63.797,
            67.3
          ],
          [
            -63.83,
            67.284
          ],
          [
            -63.456,
            67.264
          ],
          [
            -63.358,
            67.294
          ],
          [
            -63.485,
            67.341
          ],
          [
            -63.589,
            67.305
          ],
          [
            -63.586,
            67.353
          ],
          [
            -63.797,
            67.3
          ]
        ],
        [
          [
            -62.734,
            67.043
          ],
          [
            -62.652,
            67.047
          ],
          [
            -62.58,
            67.102
          ],
          [
            -62.375,
            67.166
          ],
          [
            -62.425,
            67.191
          ],
          [
            -62.642,
            67.174
          ],
          [
            -62.62,
            67.135
          ],
          [
            -62.796,
            67.1
          ],
          [
            -62.81,
            67.057
          ],
          [
            -62.899,
            67.058
          ],
          [
            -62.752,
            67.011
          ],
          [
            -62.734,
            67.043
          ]
        ],
        [
          [
            -63.139,
            67.059
          ],
          [
            -63.01,
            67.01
          ],
          [
            -62.912,
            67.015
          ],
          [
            -62.961,
            67.055
          ],
          [
            -63.111,
            67.08
          ],
          [
            -63.139,
            67.059
          ]
        ],
        [
          [
            -53.019,
            66.882
          ],
          [
            -52.868,
            66.897
          ],
          [
            -52.944,
            66.902
          ],
          [
            -53.346,
            66.874
          ],
          [
            -53.443,
            66.837
          ],
          [
            -53.41,
            66.828
          ],
          [
            -53.464,
            66.799
          ],
          [
            -53.241,
            66.839
          ],
          [
            -53.185,
            66.819
          ],
          [
            -53.019,
            66.882
          ]
        ],
        [
          [
            -62.147,
            66.212
          ],
          [
            -62.262,
            66.28
          ],
          [
            -62.422,
            66.222
          ],
          [
            -62.147,
            66.212
          ]
        ],
        [
          [
            -62.332,
            65.612
          ],
          [
            -62.272,
            65.663
          ],
          [
            -62.215,
            65.61
          ],
          [
            -62.196,
            65.646
          ],
          [
            -62.132,
            65.657
          ],
          [
            -62.137,
            65.682
          ],
          [
            -62.199,
            65.686
          ],
          [
            -62.168,
            65.703
          ],
          [
            -62.186,
            65.712
          ],
          [
            -62.298,
            65.709
          ],
          [
            -62.253,
            65.742
          ],
          [
            -62.32,
            65.749
          ],
          [
            -62.374,
            65.72
          ],
          [
            -62.474,
            65.742
          ],
          [
            -62.482,
            65.716
          ],
          [
            -62.442,
            65.689
          ],
          [
            -62.466,
            65.664
          ],
          [
            -62.313,
            65.661
          ],
          [
            -62.332,
            65.612
          ]
        ],
        [
          [
            -53.232,
            65.598
          ],
          [
            -53.168,
            65.556
          ],
          [
            -53.025,
            65.54
          ],
          [
            -52.895,
            65.577
          ],
          [
            -52.847,
            65.639
          ],
          [
            -53.033,
            65.648
          ],
          [
            -53.232,
            65.598
          ]
        ],
        [
          [
            -52.872,
            65.514
          ],
          [
            -52.97,
            65.526
          ],
          [
            -53.02,
            65.51
          ],
          [
            -52.986,
            65.486
          ],
          [
            -53.088,
            65.492
          ],
          [
            -52.954,
            65.428
          ],
          [
            -52.9,
            65.437
          ],
          [
            -52.918,
            65.455
          ],
          [
            -52.872,
            65.514
          ]
        ],
        [
          [
            -66.575,
            66.314
          ],
          [
            -66.958,
            66.412
          ],
          [
            -66.781,
            66.334
          ],
          [
            -66.848,
            66.342
          ],
          [
            -66.83,
            66.324
          ],
          [
            -66.623,
            66.281
          ],
          [
            -66.575,
            66.314
          ]
        ],
        [
          [
            -65.208,
            64.64
          ],
          [
            -65.309,
            64.66
          ],
          [
            -65.253,
            64.706
          ],
          [
            -65.293,
            64.736
          ],
          [
            -65.402,
            64.646
          ],
          [
            -65.397,
            64.739
          ],
          [
            -65.449,
            64.679
          ],
          [
            -65.616,
            64.599
          ],
          [
            -65.686,
            64.515
          ],
          [
            -65.461,
            64.521
          ],
          [
            -65.543,
            64.544
          ],
          [
            -65.397,
            64.556
          ],
          [
            -65.36,
            64.575
          ],
          [
            -65.433,
            64.588
          ],
          [
            -65.208,
            64.64
          ]
        ],
        [
          [
            -65.11,
            64.344
          ],
          [
            -65.102,
            64.296
          ],
          [
            -65.066,
            64.227
          ],
          [
            -64.989,
            64.209
          ],
          [
            -64.885,
            64.288
          ],
          [
            -65.037,
            64.29
          ],
          [
            -64.983,
            64.33
          ],
          [
            -65.021,
            64.363
          ],
          [
            -65.11,
            64.344
          ]
        ],
        [
          [
            -64.695,
            63.784
          ],
          [
            -64.459,
            63.673
          ],
          [
            -64.386,
            63.702
          ],
          [
            -64.426,
            63.778
          ],
          [
            -64.498,
            63.741
          ],
          [
            -64.609,
            63.783
          ],
          [
            -64.506,
            63.838
          ],
          [
            -64.604,
            63.839
          ],
          [
            -64.557,
            63.91
          ],
          [
            -64.629,
            63.881
          ],
          [
            -64.631,
            63.912
          ],
          [
            -64.683,
            63.914
          ],
          [
            -64.734,
            63.882
          ],
          [
            -64.777,
            63.868
          ],
          [
            -64.748,
            63.828
          ],
          [
            -64.812,
            63.877
          ],
          [
            -64.91,
            63.837
          ],
          [
            -64.916,
            63.806
          ],
          [
            -64.802,
            63.764
          ],
          [
            -64.695,
            63.784
          ]
        ],
        [
          [
            -64.399,
            63.849
          ],
          [
            -64.234,
            63.771
          ],
          [
            -64.181,
            63.785
          ],
          [
            -64.237,
            63.796
          ],
          [
            -64.179,
            63.811
          ],
          [
            -64.187,
            63.867
          ],
          [
            -64.399,
            63.849
          ]
        ],
        [
          [
            -64.061,
            63.271
          ],
          [
            -64.088,
            63.33
          ],
          [
            -64.287,
            63.43
          ],
          [
            -64.252,
            63.441
          ],
          [
            -64.307,
            63.483
          ],
          [
            -64.275,
            63.496
          ],
          [
            -64.326,
            63.638
          ],
          [
            -64.387,
            63.675
          ],
          [
            -64.496,
            63.61
          ],
          [
            -64.389,
            63.484
          ],
          [
            -64.422,
            63.472
          ],
          [
            -64.267,
            63.326
          ],
          [
            -64.182,
            63.297
          ],
          [
            -64.167,
            63.323
          ],
          [
            -64.061,
            63.271
          ]
        ],
        [
          [
            -64.152,
            63.627
          ],
          [
            -64.2,
            63.633
          ],
          [
            -64.209,
            63.575
          ],
          [
            -64.109,
            63.483
          ],
          [
            -64.078,
            63.551
          ],
          [
            -64.152,
            63.627
          ]
        ],
        [
          [
            -64.881,
            63.486
          ],
          [
            -64.962,
            63.562
          ],
          [
            -65.007,
            63.556
          ],
          [
            -64.987,
            63.515
          ],
          [
            -65.053,
            63.548
          ],
          [
            -64.972,
            63.495
          ],
          [
            -64.942,
            63.431
          ],
          [
            -64.848,
            63.388
          ],
          [
            -64.881,
            63.486
          ]
        ],
        [
          [
            -50.683,
            63.117
          ],
          [
            -50.778,
            63.188
          ],
          [
            -50.878,
            63.139
          ],
          [
            -50.866,
            63.105
          ],
          [
            -50.8,
            63.082
          ],
          [
            -50.683,
            63.117
          ]
        ],
        [
          [
            -50.558,
            63.206
          ],
          [
            -50.612,
            63.202
          ],
          [
            -50.681,
            63.145
          ],
          [
            -50.666,
            63.122
          ],
          [
            -50.469,
            63.153
          ],
          [
            -50.558,
            63.206
          ]
        ],
        [
          [
            -64.839,
            62.578
          ],
          [
            -64.909,
            62.604
          ],
          [
            -65.142,
            62.547
          ],
          [
            -64.973,
            62.53
          ],
          [
            -64.839,
            62.578
          ]
        ],
        [
          [
            -64.394,
            62.461
          ],
          [
            -64.482,
            62.482
          ],
          [
            -64.36,
            62.501
          ],
          [
            -64.39,
            62.534
          ],
          [
            -64.463,
            62.514
          ],
          [
            -64.467,
            62.544
          ],
          [
            -64.55,
            62.562
          ],
          [
            -64.56,
            62.535
          ],
          [
            -64.767,
            62.563
          ],
          [
            -64.862,
            62.532
          ],
          [
            -64.791,
            62.495
          ],
          [
            -64.96,
            62.47
          ],
          [
            -64.952,
            62.428
          ],
          [
            -64.599,
            62.366
          ],
          [
            -64.477,
            62.408
          ],
          [
            -64.505,
            62.443
          ],
          [
            -64.394,
            62.461
          ]
        ],
        [
          [
            -65.016,
            61.852
          ],
          [
            -65.08,
            61.931
          ],
          [
            -65.19,
            61.946
          ],
          [
            -65.245,
            61.915
          ],
          [
            -65.252,
            61.87
          ],
          [
            -65.157,
            61.784
          ],
          [
            -64.952,
            61.722
          ],
          [
            -64.825,
            61.758
          ],
          [
            -64.899,
            61.833
          ],
          [
            -64.954,
            61.821
          ],
          [
            -64.965,
            61.89
          ],
          [
            -65.016,
            61.852
          ]
        ],
        [
          [
            -48.714,
            61.368
          ],
          [
            -48.824,
            61.326
          ],
          [
            -48.583,
            61.313
          ],
          [
            -48.514,
            61.342
          ],
          [
            -48.714,
            61.368
          ]
        ],
        [
          [
            -47.873,
            60.716
          ],
          [
            -47.903,
            60.676
          ],
          [
            -47.651,
            60.755
          ],
          [
            -47.807,
            60.741
          ],
          [
            -47.831,
            60.754
          ],
          [
            -47.768,
            60.765
          ],
          [
            -47.795,
            60.776
          ],
          [
            -47.759,
            60.809
          ],
          [
            -47.88,
            60.796
          ],
          [
            -47.954,
            60.838
          ],
          [
            -48.101,
            60.806
          ],
          [
            -48.239,
            60.796
          ],
          [
            -48.186,
            60.785
          ],
          [
            -48.163,
            60.737
          ],
          [
            -48.094,
            60.741
          ],
          [
            -48.124,
            60.724
          ],
          [
            -48.056,
            60.692
          ],
          [
            -47.873,
            60.716
          ]
        ],
        [
          [
            -46.221,
            60.932
          ],
          [
            -46.207,
            60.95
          ],
          [
            -46.346,
            60.919
          ],
          [
            -46.845,
            60.761
          ],
          [
            -46.754,
            60.75
          ],
          [
            -46.658,
            60.792
          ],
          [
            -46.449,
            60.808
          ],
          [
            -46.39,
            60.86
          ],
          [
            -46.322,
            60.849
          ],
          [
            -46.164,
            60.922
          ],
          [
            -46.221,
            60.932
          ]
        ],
        [
          [
            -46.499,
            60.699
          ],
          [
            -46.346,
            60.668
          ],
          [
            -46.419,
            60.717
          ],
          [
            -46.357,
            60.709
          ],
          [
            -46.249,
            60.75
          ],
          [
            -46.297,
            60.783
          ],
          [
            -46.499,
            60.699
          ]
        ],
        [
          [
            -45.354,
            60.382
          ],
          [
            -45.411,
            60.182
          ],
          [
            -45.19,
            60.26
          ],
          [
            -45.141,
            60.363
          ],
          [
            -45.354,
            60.382
          ]
        ],
        [
          [
            -51.084,
            64.443
          ],
          [
            -51.183,
            64.397
          ],
          [
            -51.135,
            64.382
          ],
          [
            -51.206,
            64.331
          ],
          [
            -51.167,
            64.295
          ],
          [
            -51.265,
            64.285
          ],
          [
            -51.23,
            64.253
          ],
          [
            -51.339,
            64.259
          ],
          [
            -51.264,
            64.215
          ],
          [
            -51.141,
            64.258
          ],
          [
            -51.127,
            64.299
          ],
          [
            -50.971,
            64.418
          ],
          [
            -50.824,
            64.475
          ],
          [
            -50.819,
            64.542
          ],
          [
            -51.025,
            64.549
          ],
          [
            -51.084,
            64.443
          ]
        ],
        [
          [
            -51.556,
            64.258
          ],
          [
            -51.444,
            64.298
          ],
          [
            -51.461,
            64.266
          ],
          [
            -51.433,
            64.262
          ],
          [
            -51.321,
            64.326
          ],
          [
            -51.44,
            64.363
          ],
          [
            -51.601,
            64.282
          ],
          [
            -51.556,
            64.258
          ]
        ],
        [
          [
            -51.103,
            64.558
          ],
          [
            -51.264,
            64.561
          ],
          [
            -51.261,
            64.536
          ],
          [
            -51.342,
            64.487
          ],
          [
            -51.344,
            64.447
          ],
          [
            -51.517,
            64.385
          ],
          [
            -51.283,
            64.382
          ],
          [
            -51.103,
            64.558
          ]
        ],
        [
          [
            -52.229,
            68.149
          ],
          [
            -51.956,
            68.194
          ],
          [
            -52.191,
            68.131
          ],
          [
            -51.92,
            68.13
          ],
          [
            -51.547,
            68.201
          ],
          [
            -51.454,
            68.258
          ],
          [
            -52.316,
            68.169
          ],
          [
            -52.229,
            68.149
          ]
        ],
        [
          [
            -51.44,
            68.082
          ],
          [
            -51.205,
            68.122
          ],
          [
            -51.433,
            68.151
          ],
          [
            -51.55,
            68.129
          ],
          [
            -52.008,
            68.077
          ],
          [
            -51.44,
            68.082
          ]
        ],
        [
          [
            -51.862,
            70.722
          ],
          [
            -51.54,
            70.648
          ],
          [
            -51.507,
            70.668
          ],
          [
            -51.693,
            70.728
          ],
          [
            -51.862,
            70.722
          ]
        ],
        [
          [
            -51.664,
            70.563
          ],
          [
            -51.32,
            70.497
          ],
          [
            -51.246,
            70.496
          ],
          [
            -51.533,
            70.574
          ],
          [
            -51.664,
            70.563
          ]
        ],
        [
          [
            -53.098,
            71.571
          ],
          [
            -52.756,
            71.66
          ],
          [
            -53.474,
            71.652
          ],
          [
            -53.452,
            71.568
          ],
          [
            -53.406,
            71.546
          ],
          [
            -53.176,
            71.528
          ],
          [
            -53.103,
            71.544
          ],
          [
            -53.098,
            71.571
          ]
        ],
        [
          [
            -64.957,
            76.049
          ],
          [
            -65.032,
            76.078
          ],
          [
            -65.221,
            76.046
          ],
          [
            -65.08,
            76.013
          ],
          [
            -64.957,
            76.049
          ]
        ],
        [
          [
            -55.767,
            73.455
          ],
          [
            -55.664,
            73.477
          ],
          [
            -55.701,
            73.445
          ],
          [
            -55.654,
            73.447
          ],
          [
            -55.646,
            73.417
          ],
          [
            -55.753,
            73.4
          ],
          [
            -55.728,
            73.384
          ],
          [
            -55.603,
            73.378
          ],
          [
            -55.588,
            73.41
          ],
          [
            -55.471,
            73.432
          ],
          [
            -55.9,
            73.535
          ],
          [
            -55.97,
            73.577
          ],
          [
            -56.116,
            73.557
          ],
          [
            -55.884,
            73.524
          ],
          [
            -55.895,
            73.501
          ],
          [
            -55.8191387044415,
            73.47373734690866
          ],
          [
            -56.055,
            73.454
          ],
          [
            -55.827,
            73.417
          ],
          [
            -55.79,
            73.444
          ],
          [
            -55.81424962178517,
            73.47198033282905
          ],
          [
            -55.767,
            73.455
          ]
        ]
      ],
      [
        [
          [
            -52.194,
            68.565
          ],
          [
            -52.18838945790658,
            68.56287709218087
          ],
          [
            -52.21159039792385,
            68.56368728373702
          ],
          [
            -52.194,
            68.565
          ]
        ]
      ],
      [
        [
          [
            -83.255,
            69.557
          ],
          [
            -83.126,
            69.54
          ],
          [
            -82.904,
            69.52
          ],
          [
            -83.294,
            69.534
          ],
          [
            -83.255,
            69.557
          ]
        ]
      ],
      [
        [
          [
            -94.99824536936153,
            71.83921834822401
          ],
          [
            -94.89,
            71.845
          ],
          [
            -94.83859289067743,
            71.83775027945451
          ],
          [
            -94.99824536936153,
            71.83921834822401
          ]
        ]
      ],
      [
        [
          [
            -94.734,
            71.823
          ],
          [
            -94.83859289067743,
            71.83775027945451
          ],
          [
            -94.757,
            71.837
          ],
          [
            -94.607,
            71.863
          ],
          [
            -94.734,
            71.823
          ]
        ]
      ],
      [
        [
          [
            -93.357,
            76.471
          ],
          [
            -93.581,
            76.423
          ],
          [
            -93.538,
            76.407
          ],
          [
            -93.457,
            76.404
          ],
          [
            -93.548,
            76.386
          ],
          [
            -93.652,
            76.442
          ],
          [
            -93.307,
            76.547
          ],
          [
            -93.302,
            76.576
          ],
          [
            -93.101,
            76.587
          ],
          [
            -93.357,
            76.471
          ]
        ]
      ],
      [
        [
          [
            -92.767,
            76.605
          ],
          [
            -92.547,
            76.617
          ],
          [
            -92.655,
            76.595
          ],
          [
            -92.767,
            76.605
          ]
        ]
      ],
      [
        [
          [
            -92.055,
            76.644
          ],
          [
            -92.135,
            76.619
          ],
          [
            -92.387,
            76.594
          ],
          [
            -92.535,
            76.618
          ],
          [
            -92.055,
            76.644
          ]
        ]
      ],
      [
        [
          [
            -96.503,
            76.789
          ],
          [
            -96.581,
            76.77
          ],
          [
            -96.306,
            76.754
          ],
          [
            -96.691,
            76.757
          ],
          [
            -96.503,
            76.789
          ]
        ]
      ],
      [
        [
          [
            -62.604,
            66.404
          ],
          [
            -62.716,
            66.407
          ],
          [
            -62.60622513881878,
            66.40650328117113
          ],
          [
            -62.604,
            66.404
          ]
        ]
      ],
      [
        [
          [
            -64.39594721407624,
            67.71428184195926
          ],
          [
            -64.401,
            67.708
          ],
          [
            -64.43394134802331,
            67.70595279758047
          ],
          [
            -64.39594721407624,
            67.71428184195926
          ]
        ]
      ],
      [
        [
          [
            -50.963,
            68.932
          ],
          [
            -51.084,
            68.882
          ],
          [
            -51.10100864553313,
            68.88216354466859
          ],
          [
            -50.963,
            68.932
          ]
        ]
      ],
      [
        [
          [
            -55.8191387044415,
            73.47373734690866
          ],
          [
            -55.816,
            73.474
          ],
          [
            -55.81424962178517,
            73.47198033282905
          ],
          [
            -55.8191387044415,
            73.47373734690866
          ]
        ]
      ]
    ]
  }
}