{
  "type": "Feature",
  "properties": {
    "article_id": "HUD-2010",
    "unit_id": "LME_063",
    "geometry_method": "target polygon used as intended model envelope"
  },
  "geometry": {
    "type": "MultiPolygon",
    "coordinates": [
      [
        [
          [
            -64.648,
            60.035
          ],
          [
            -64.797,
            59.98
          ],
          [
            -64.827,
            59.995
          ],
          [
            -64.644,
            60.063
          ],
          [
            -64.648,
            60.035
          ]
        ]
      ],
      [
        [
          [
            -78.88,
            70.595
          ],
          [
            -78.996,
            70.556
          ],
          [
            -78.88,
            70.546
          ],
          [
            -79.082,
            70.53
          ],
          [
            -79.038,
            70.517
          ],
          [
            -79.1,
            70.498
          ],
          [
            -79.046,
            70.483
          ],
          [
            -79.071,
            70.47
          ],
          [
            -78.873,
            70.407
          ],
          [
            -78.908,
            70.447
          ],
          [
            -78.889,
            70.479
          ],
          [
            -78.82,
            70.439
          ],
          [
            -78.744,
            70.449
          ],
          [
            -78.705,
            70.375
          ],
          [
            -78.636,
            70.373
          ],
          [
            -78.663,
            70.351
          ],
          [
            -78.579,
            70.31
          ],
          [
            -78.558,
            70.351
          ],
          [
            -78.426,
            70.348
          ],
          [
            -78.389,
            70.332
          ],
          [
            -78.54,
            70.306
          ],
          [
            -78.431,
            70.262
          ],
          [
            -78.402,
            70.212
          ],
          [
            -78.333,
            70.198
          ],
          [
            -78.255,
            70.228
          ],
          [
            -78.166,
            70.192
          ],
          [
            -78.132,
            70.218
          ],
          [
            -78.196,
            70.255
          ],
          [
            -78.054,
            70.218
          ],
          [
            -77.884,
            70.259
          ],
          [
            -77.795,
            70.255
          ],
          [
            -77.678,
            70.188
          ],
          [
            -77.681,
            69.819
          ],
          [
            -77.626,
            69.745
          ],
          [
            -77.551,
            69.748
          ],
          [
            -77.51,
            69.797
          ],
          [
            -77.444,
            69.789
          ],
          [
            -77.508,
            69.827
          ],
          [
            -77.631,
            69.823
          ],
          [
            -76.993,
            69.941
          ],
          [
            -77.243,
            69.881
          ],
          [
            -77.309,
            69.831
          ],
          [
            -77.15,
            69.816
          ],
          [
            -77.005,
            69.856
          ],
          [
            -77.072,
            69.816
          ],
          [
            -76.933,
            69.81
          ],
          [
            -76.776,
            69.835
          ],
          [
            -76.758,
            69.816
          ],
          [
            -76.91,
            69.787
          ],
          [
            -76.887,
            69.751
          ],
          [
            -76.781,
            69.749
          ],
          [
            -76.794,
            69.719
          ],
          [
            -76.897,
            69.679
          ],
          [
            -76.939,
            69.68
          ],
          [
            -76.908,
            69.713
          ],
          [
            -77.156,
            69.681
          ],
          [
            -77.192,
            69.64
          ],
          [
            -76.967,
            69.592
          ],
          [
            -76.821,
            69.626
          ],
          [
            -76.885,
            69.589
          ],
          [
            -76.707,
            69.559
          ],
          [
            -76.643,
            69.62
          ],
          [
            -76.562,
            69.62
          ],
          [
            -76.518,
            69.663
          ],
          [
            -76.634,
            69.684
          ],
          [
            -76.407,
            69.701
          ],
          [
            -76.376,
            69.671
          ],
          [
            -76.188,
            69.665
          ],
          [
            -76.228,
            69.641
          ],
          [
            -76.211,
            69.615
          ],
          [
            -76.478,
            69.652
          ],
          [
            -76.642,
            69.557
          ],
          [
            -76.425,
            69.454
          ],
          [
            -76.389,
            69.396
          ],
          [
            -76.202,
            69.414
          ],
          [
            -75.956,
            69.366
          ],
          [
            -75.592,
            69.222
          ],
          [
            -75.569,
            69.158
          ],
          [
            -75.606,
            69.085
          ],
          [
            -75.775,
            69.089
          ],
          [
            -75.997,
            69.003
          ],
          [
            -76.349,
            69.055
          ],
          [
            -76.626,
            69.018
          ],
          [
            -76.656,
            68.925
          ],
          [
            -76.607,
            68.883
          ],
          [
            -76.522,
            68.87
          ],
          [
            -76.688,
            68.747
          ],
          [
            -76.661,
            68.699
          ],
          [
            -76.436,
            68.677
          ],
          [
            -75.604,
            68.88
          ],
          [
            -75.495,
            68.93
          ],
          [
            -75.579,
            68.984
          ],
          [
            -75.479,
            69.02
          ],
          [
            -75.14,
            68.885
          ],
          [
            -75.071,
            68.921
          ],
          [
            -75.052,
            69.009
          ],
          [
            -74.959,
            69.047
          ],
          [
            -74.821,
            69.082
          ],
          [
            -74.661,
            69.044
          ],
          [
            -74.643,
            69.012
          ],
          [
            -74.93,
            68.997
          ],
          [
            -75.043,
            68.928
          ],
          [
            -74.881,
            68.968
          ],
          [
            -75.0,
            68.931
          ],
          [
            -74.841,
            68.935
          ],
          [
            -75.041,
            68.903
          ],
          [
            -74.679,
            68.928
          ],
          [
            -74.692,
            68.865
          ],
          [
            -74.984,
            68.809
          ],
          [
            -74.778,
            68.766
          ],
          [
            -74.635,
            68.793
          ],
          [
            -74.749,
            68.816
          ],
          [
            -74.678,
            68.843
          ],
          [
            -74.551,
            68.831
          ],
          [
            -74.577,
            68.793
          ],
          [
            -74.719,
            68.771
          ],
          [
            -74.726,
            68.73
          ],
          [
            -74.542,
            68.666
          ],
          [
            -74.505,
            68.594
          ],
          [
            -74.209,
            68.511
          ],
          [
            -74.007,
            68.532
          ],
          [
            -74.031,
            68.509
          ],
          [
            -73.99,
            68.493
          ],
          [
            -73.882,
            68.55
          ],
          [
            -74.051,
            68.671
          ],
          [
            -74.186,
            68.722
          ],
          [
            -73.754,
            68.684
          ],
          [
            -73.795,
            68.664
          ],
          [
            -73.705,
            68.657
          ],
          [
            -73.824,
            68.617
          ],
          [
            -73.72,
            68.614
          ],
          [
            -73.815,
            68.571
          ],
          [
            -73.726,
            68.526
          ],
          [
            -73.867,
            68.493
          ],
          [
            -73.949,
            68.412
          ],
          [
            -73.852,
            68.342
          ],
          [
            -73.582,
            68.297
          ],
          [
            -73.685,
            68.271
          ],
          [
            -73.632,
            68.247
          ],
          [
            -73.467,
            68.313
          ],
          [
            -73.482,
            68.329
          ],
          [
            -73.349,
            68.331
          ],
          [
            -73.357,
            68.371
          ],
          [
            -73.297,
            68.382
          ],
          [
            -73.318,
            68.393
          ],
          [
            -73.212,
            68.377
          ],
          [
            -73.302,
            68.369
          ],
          [
            -73.308,
            68.32
          ],
          [
            -73.496,
            68.276
          ],
          [
            -73.361,
            68.243
          ],
          [
            -73.32,
            68.25
          ],
          [
            -73.339,
            68.279
          ],
          [
            -73.216,
            68.273
          ],
          [
            -73.189,
            68.255
          ],
          [
            -73.222,
            68.23
          ],
          [
            -73.052,
            68.199
          ],
          [
            -73.036,
            68.236
          ],
          [
            -72.992,
            68.234
          ],
          [
            -72.981,
            68.139
          ],
          [
            -72.896,
            68.014
          ],
          [
            -72.942,
            67.925
          ],
          [
            -72.881,
            67.934
          ],
          [
            -72.908,
            67.903
          ],
          [
            -72.844,
            67.851
          ],
          [
            -72.763,
            67.876
          ],
          [
            -72.613,
            67.79
          ],
          [
            -72.583,
            67.75
          ],
          [
            -72.676,
            67.694
          ],
          [
            -72.595,
            67.634
          ],
          [
            -72.486,
            67.623
          ],
          [
            -72.474,
            67.566
          ],
          [
            -72.422,
            67.53
          ],
          [
            -72.506,
            67.497
          ],
          [
            -72.44,
            67.477
          ],
          [
            -72.356,
            67.358
          ],
          [
            -72.374,
            67.326
          ],
          [
            -72.193,
            67.273
          ],
          [
            -72.258,
            67.248
          ],
          [
            -72.276,
            67.167
          ],
          [
            -72.369,
            67.112
          ],
          [
            -72.685,
            67.076
          ],
          [
            -72.824,
            67.029
          ],
          [
            -72.878,
            66.926
          ],
          [
            -73.109,
            66.723
          ],
          [
            -73.352,
            66.65
          ],
          [
            -73.444,
            66.551
          ],
          [
            -73.907,
            66.353
          ],
          [
            -74.342,
            66.225
          ],
          [
            -74.466,
            66.152
          ],
          [
            -74.445,
            66.097
          ],
          [
            -74.058,
            65.876
          ],
          [
            -73.71,
            65.762
          ],
          [
            -73.652,
            65.719
          ],
          [
            -73.702,
            65.686
          ],
          [
            -73.612,
            65.646
          ],
          [
            -73.631,
            65.607
          ],
          [
            -73.569,
            65.577
          ],
          [
            -73.48,
            65.451
          ],
          [
            -73.664,
            65.457
          ],
          [
            -73.741,
            65.491
          ],
          [
            -73.737,
            65.515
          ],
          [
            -73.845,
            65.532
          ],
          [
            -73.994,
            65.503
          ],
          [
            -74.106,
            65.535
          ],
          [
            -74.183,
            65.525
          ],
          [
            -74.159,
            65.486
          ],
          [
            -74.3,
            65.472
          ],
          [
            -74.358,
            65.399
          ],
          [
            -74.524,
            65.333
          ],
          [
            -74.676,
            65.354
          ],
          [
            -74.691,
            65.375
          ],
          [
            -74.659,
            65.388
          ],
          [
            -74.704,
            65.403
          ],
          [
            -74.681,
            65.428
          ],
          [
            -74.741,
            65.43
          ],
          [
            -74.756,
            65.391
          ],
          [
            -74.824,
            65.377
          ],
          [
            -75.108,
            65.393
          ],
          [
            -75.071,
            65.33
          ],
          [
            -75.084,
            65.286
          ],
          [
            -75.187,
            65.252
          ],
          [
            -75.566,
            65.275
          ],
          [
            -75.626,
            65.346
          ],
          [
            -75.696,
            65.304
          ],
          [
            -75.95,
            65.318
          ],
          [
            -75.903,
            65.259
          ],
          [
            -75.762,
            65.238
          ],
          [
            -75.715,
            65.186
          ],
          [
            -75.598,
            65.184
          ],
          [
            -75.36,
            65.004
          ],
          [
            -75.28,
            65.035
          ],
          [
            -75.259,
            65.102
          ],
          [
            -75.187,
            65.102
          ],
          [
            -75.243,
            65.008
          ],
          [
            -75.293,
            64.989
          ],
          [
            -75.269,
            64.951
          ],
          [
            -75.385,
            64.982
          ],
          [
            -75.474,
            64.936
          ],
          [
            -75.483,
            64.896
          ],
          [
            -75.567,
            64.884
          ],
          [
            -75.47,
            64.869
          ],
          [
            -75.344,
            64.92
          ],
          [
            -75.374,
            64.833
          ],
          [
            -75.289,
            64.74
          ],
          [
            -75.373,
            64.715
          ],
          [
            -75.443,
            64.765
          ],
          [
            -75.533,
            64.779
          ],
          [
            -75.455,
            64.839
          ],
          [
            -75.588,
            64.857
          ],
          [
            -75.606,
            64.913
          ],
          [
            -75.668,
            64.941
          ],
          [
            -75.507,
            64.938
          ],
          [
            -75.428,
            64.968
          ],
          [
            -75.428,
            65.048
          ],
          [
            -75.534,
            65.113
          ],
          [
            -75.733,
            65.152
          ],
          [
            -75.769,
            65.219
          ],
          [
            -76.664,
            65.41
          ],
          [
            -76.921,
            65.429
          ],
          [
            -77.087,
            65.407
          ],
          [
            -77.27,
            65.461
          ],
          [
            -77.238,
            65.469
          ],
          [
            -77.422,
            65.461
          ],
          [
            -77.288,
            65.368
          ],
          [
            -77.461,
            65.379
          ],
          [
            -77.513,
            65.319
          ],
          [
            -77.316,
            65.199
          ],
          [
            -77.329,
            65.179
          ],
          [
            -77.488,
            65.139
          ],
          [
            -77.628,
            65.143
          ],
          [
            -77.964,
            65.047
          ],
          [
            -78.15,
            64.952
          ],
          [
            -78.117,
            64.876
          ],
          [
            -78.066,
            64.856
          ],
          [
            -78.074,
            64.814
          ],
          [
            -78.182,
            64.759
          ],
          [
            -78.184,
            64.724
          ],
          [
            -78.299,
            64.705
          ],
          [
            -78.159,
            64.697
          ],
          [
            -78.195,
            64.649
          ],
          [
            -78.129,
            64.589
          ],
          [
            -78.183,
            64.573
          ],
          [
            -78.069,
            64.541
          ],
          [
            -78.068,
            64.498
          ],
          [
            -77.973,
            64.464
          ],
          [
            -78.018,
            64.431
          ],
          [
            -77.947,
            64.406
          ],
          [
            -77.843,
            64.426
          ],
          [
            -77.906,
            64.401
          ],
          [
            -77.673,
            64.318
          ],
          [
            -77.643,
            64.335
          ],
          [
            -77.652,
            64.388
          ],
          [
            -77.489,
            64.348
          ],
          [
            -77.543,
            64.311
          ],
          [
            -77.4,
            64.322
          ],
          [
            -77.383,
            64.309
          ],
          [
            -77.451,
            64.294
          ],
          [
            -77.37,
            64.281
          ],
          [
            -77.38,
            64.245
          ],
          [
            -77.123,
            64.296
          ],
          [
            -76.812,
            64.219
          ],
          [
            -76.842,
            64.202
          ],
          [
            -76.671,
            64.184
          ],
          [
            -76.655,
            64.209
          ],
          [
            -76.722,
            64.238
          ],
          [
            -76.734,
            64.291
          ],
          [
            -76.658,
            64.277
          ],
          [
            -76.592,
            64.311
          ],
          [
            -76.507,
            64.297
          ],
          [
            -76.485,
            64.267
          ],
          [
            -76.378,
            64.279
          ],
          [
            -76.488,
            64.31
          ],
          [
            -76.466,
            64.319
          ],
          [
            -76.301,
            64.279
          ],
          [
            -76.188,
            64.307
          ],
          [
            -76.324,
            64.316
          ],
          [
            -76.379,
            64.352
          ],
          [
            -76.167,
            64.35
          ],
          [
            -76.141,
            64.364
          ],
          [
            -76.17,
            64.374
          ],
          [
            -76.121,
            64.387
          ],
          [
            -76.072,
            64.36
          ],
          [
            -75.983,
            64.404
          ],
          [
            -75.944,
            64.376
          ],
          [
            -75.727,
            64.367
          ],
          [
            -75.822,
            64.426
          ],
          [
            -75.801,
            64.436
          ],
          [
            -75.923,
            64.481
          ],
          [
            -75.708,
            64.438
          ],
          [
            -75.742,
            64.466
          ],
          [
            -75.632,
            64.454
          ],
          [
            -75.819,
            64.531
          ],
          [
            -75.837,
            64.561
          ],
          [
            -75.781,
            64.571
          ],
          [
            -75.847,
            64.601
          ],
          [
            -75.824,
            64.612
          ],
          [
            -75.409,
            64.523
          ],
          [
            -75.216,
            64.429
          ],
          [
            -75.144,
            64.453
          ],
          [
            -75.187,
            64.474
          ],
          [
            -75.175,
            64.493
          ],
          [
            -74.975,
            64.416
          ],
          [
            -74.681,
            64.372
          ],
          [
            -74.667,
            64.404
          ],
          [
            -74.501,
            64.456
          ],
          [
            -74.621,
            64.51
          ],
          [
            -74.537,
            64.511
          ],
          [
            -74.639,
            64.538
          ],
          [
            -74.47,
            64.557
          ],
          [
            -74.985,
            64.796
          ],
          [
            -74.837,
            64.779
          ],
          [
            -74.811,
            64.804
          ],
          [
            -74.726,
            64.771
          ],
          [
            -74.707,
            64.801
          ],
          [
            -74.741,
            64.847
          ],
          [
            -74.639,
            64.861
          ],
          [
            -74.661,
            64.894
          ],
          [
            -74.64,
            64.904
          ],
          [
            -74.546,
            64.892
          ],
          [
            -74.578,
            64.87
          ],
          [
            -74.476,
            64.839
          ],
          [
            -74.565,
            64.846
          ],
          [
            -74.704,
            64.736
          ],
          [
            -74.553,
            64.659
          ],
          [
            -74.535,
            64.622
          ],
          [
            -74.416,
            64.623
          ],
          [
            -74.433,
            64.6
          ],
          [
            -74.39,
            64.57
          ],
          [
            -74.347,
            64.592
          ],
          [
            -74.418,
            64.66
          ],
          [
            -74.338,
            64.627
          ],
          [
            -74.331,
            64.678
          ],
          [
            -74.298,
            64.676
          ],
          [
            -74.263,
            64.648
          ],
          [
            -74.299,
            64.626
          ],
          [
            -74.24,
            64.58
          ],
          [
            -74.209,
            64.614
          ],
          [
            -74.221,
            64.671
          ],
          [
            -74.119,
            64.677
          ],
          [
            -74.114,
            64.746
          ],
          [
            -74.051,
            64.725
          ],
          [
            -74.084,
            64.631
          ],
          [
            -73.999,
            64.582
          ],
          [
            -74.164,
            64.571
          ],
          [
            -73.954,
            64.516
          ],
          [
            -74.127,
            64.534
          ],
          [
            -74.044,
            64.443
          ],
          [
            -74.17,
            64.462
          ],
          [
            -74.077,
            64.411
          ],
          [
            -74.107,
            64.403
          ],
          [
            -74.102,
            64.367
          ],
          [
            -74.175,
            64.36
          ],
          [
            -74.09,
            64.329
          ],
          [
            -73.993,
            64.331
          ],
          [
            -73.985,
            64.387
          ],
          [
            -73.941,
            64.404
          ],
          [
            -73.973,
            64.43
          ],
          [
            -73.961,
            64.477
          ],
          [
            -73.906,
            64.456
          ],
          [
            -73.87,
            64.468
          ],
          [
            -73.883,
            64.494
          ],
          [
            -73.815,
            64.459
          ],
          [
            -73.786,
            64.477
          ],
          [
            -73.929,
            64.602
          ],
          [
            -73.754,
            64.535
          ],
          [
            -73.647,
            64.563
          ],
          [
            -73.689,
            64.584
          ],
          [
            -73.656,
            64.624
          ],
          [
            -73.675,
            64.658
          ],
          [
            -73.637,
            64.66
          ],
          [
            -73.571,
            64.585
          ],
          [
            -73.431,
            64.603
          ],
          [
            -73.455,
            64.582
          ],
          [
            -73.392,
            64.563
          ],
          [
            -73.488,
            64.571
          ],
          [
            -73.463,
            64.502
          ],
          [
            -73.303,
            64.538
          ],
          [
            -73.347,
            64.635
          ],
          [
            -73.303,
            64.659
          ],
          [
            -73.275,
            64.595
          ],
          [
            -73.174,
            64.611
          ],
          [
            -73.165,
            64.58
          ],
          [
            -73.425,
            64.468
          ],
          [
            -73.305,
            64.467
          ],
          [
            -73.343,
            64.442
          ],
          [
            -73.437,
            64.444
          ],
          [
            -73.472,
            64.415
          ],
          [
            -73.418,
            64.371
          ],
          [
            -73.352,
            64.402
          ],
          [
            -73.261,
            64.363
          ],
          [
            -73.333,
            64.378
          ],
          [
            -73.391,
            64.339
          ],
          [
            -73.381,
            64.269
          ],
          [
            -73.279,
            64.259
          ],
          [
            -73.311,
            64.311
          ],
          [
            -73.236,
            64.331
          ],
          [
            -73.211,
            64.292
          ],
          [
            -73.107,
            64.291
          ],
          [
            -73.131,
            64.267
          ],
          [
            -73.052,
            64.225
          ],
          [
            -73.081,
            64.184
          ],
          [
            -72.897,
            64.157
          ],
          [
            -72.871,
            64.094
          ],
          [
            -72.94,
            64.059
          ],
          [
            -72.758,
            64.004
          ],
          [
            -72.733,
            63.963
          ],
          [
            -72.659,
            63.988
          ],
          [
            -72.706,
            64.009
          ],
          [
            -72.665,
            64.081
          ],
          [
            -72.676,
            64.02
          ],
          [
            -72.593,
            64.022
          ],
          [
            -72.604,
            63.949
          ],
          [
            -72.666,
            63.922
          ],
          [
            -72.632,
            63.895
          ],
          [
            -72.661,
            63.85
          ],
          [
            -72.597,
            63.868
          ],
          [
            -72.456,
            63.814
          ],
          [
            -72.526,
            63.788
          ],
          [
            -72.373,
            63.779
          ],
          [
            -72.406,
            63.826
          ],
          [
            -72.312,
            63.896
          ],
          [
            -72.251,
            63.88
          ],
          [
            -72.276,
            63.916
          ],
          [
            -72.239,
            63.952
          ],
          [
            -72.218,
            63.895
          ],
          [
            -72.092,
            63.905
          ],
          [
            -72.223,
            63.861
          ],
          [
            -72.272,
            63.798
          ],
          [
            -72.253,
            63.76
          ],
          [
            -72.358,
            63.761
          ],
          [
            -72.316,
            63.733
          ],
          [
            -72.324,
            63.677
          ],
          [
            -72.214,
            63.678
          ],
          [
            -72.194,
            63.774
          ],
          [
            -72.107,
            63.716
          ],
          [
            -72.071,
            63.74
          ],
          [
            -72.039,
            63.664
          ],
          [
            -71.947,
            63.722
          ],
          [
            -71.929,
            63.68
          ],
          [
            -71.972,
            63.656
          ],
          [
            -71.923,
            63.645
          ],
          [
            -71.844,
            63.756
          ],
          [
            -72.004,
            63.753
          ],
          [
            -71.971,
            63.796
          ],
          [
            -71.904,
            63.81
          ],
          [
            -71.773,
            63.744
          ],
          [
            -71.76,
            63.692
          ],
          [
            -71.684,
            63.747
          ],
          [
            -71.721,
            63.692
          ],
          [
            -71.64,
            63.646
          ],
          [
            -71.608,
            63.654
          ],
          [
            -71.667,
            63.697
          ],
          [
            -71.638,
            63.721
          ],
          [
            -71.534,
            63.71
          ],
          [
            -71.581,
            63.645
          ],
          [
            -71.486,
            63.629
          ],
          [
            -71.563,
            63.622
          ],
          [
            -71.577,
            63.582
          ],
          [
            -71.447,
            63.581
          ],
          [
            -71.461,
            63.6
          ],
          [
            -71.408,
            63.61
          ],
          [
            -71.408,
            63.636
          ],
          [
            -71.363,
            63.613
          ],
          [
            -71.408,
            63.568
          ],
          [
            -71.332,
            63.566
          ],
          [
            -71.307,
            63.611
          ],
          [
            -71.23,
            63.605
          ],
          [
            -71.286,
            63.591
          ],
          [
            -71.304,
            63.535
          ],
          [
            -71.4,
            63.517
          ],
          [
            -71.412,
            63.486
          ],
          [
            -71.571,
            63.467
          ],
          [
            -71.56,
            63.441
          ],
          [
            -71.599,
            63.426
          ],
          [
            -72.146,
            63.446
          ],
          [
            -72.009,
            63.391
          ],
          [
            -71.993,
            63.427
          ],
          [
            -71.924,
            63.389
          ],
          [
            -71.806,
            63.383
          ],
          [
            -71.775,
            63.412
          ],
          [
            -71.73,
            63.345
          ],
          [
            -71.821,
            63.343
          ],
          [
            -71.753,
            63.313
          ],
          [
            -71.775,
            63.289
          ],
          [
            -71.739,
            63.268
          ],
          [
            -71.77,
            63.256
          ],
          [
            -71.646,
            63.259
          ],
          [
            -71.756,
            63.237
          ],
          [
            -71.659,
            63.192
          ],
          [
            -71.714,
            63.179
          ],
          [
            -71.465,
            63.103
          ],
          [
            -71.398,
            63.123
          ],
          [
            -71.421,
            63.072
          ],
          [
            -71.401,
            63.052
          ],
          [
            -71.269,
            63.04
          ],
          [
            -71.249,
            63.029
          ],
          [
            -71.276,
            63.012
          ],
          [
            -71.233,
            63.002
          ],
          [
            -71.156,
            63.099
          ],
          [
            -71.139,
            63.073
          ],
          [
            -71.03,
            63.072
          ],
          [
            -70.99,
            63.102
          ],
          [
            -70.99,
            63.148
          ],
          [
            -70.909,
            63.171
          ],
          [
            -70.949,
            63.139
          ],
          [
            -70.927,
            63.115
          ],
          [
            -70.82,
            63.134
          ],
          [
            -70.939,
            63.095
          ],
          [
            -71.027,
            63.025
          ],
          [
            -71.137,
            63.029
          ],
          [
            -71.157,
            62.989
          ],
          [
            -71.06,
            62.981
          ],
          [
            -70.94,
            63.027
          ],
          [
            -70.966,
            62.999
          ],
          [
            -70.941,
            62.97
          ],
          [
            -71.042,
            62.956
          ],
          [
            -70.848,
            62.947
          ],
          [
            -70.768,
            62.926
          ],
          [
            -70.896,
            62.914
          ],
          [
            -70.499,
            62.864
          ],
          [
            -70.217,
            62.748
          ],
          [
            -70.042,
            62.75
          ],
          [
            -69.94,
            62.794
          ],
          [
            -69.897,
            62.756
          ],
          [
            -69.763,
            62.726
          ],
          [
            -69.832,
            62.822
          ],
          [
            -69.679,
            62.775
          ],
          [
            -69.683,
            62.74
          ],
          [
            -69.621,
            62.788
          ],
          [
            -69.571,
            62.761
          ],
          [
            -69.395,
            62.763
          ],
          [
            -69.567,
            62.715
          ],
          [
            -69.428,
            62.706
          ],
          [
            -69.478,
            62.697
          ],
          [
            -69.476,
            62.674
          ],
          [
            -69.597,
            62.662
          ],
          [
            -69.442,
            62.547
          ],
          [
            -69.457,
            62.623
          ],
          [
            -69.411,
            62.607
          ],
          [
            -69.376,
            62.533
          ],
          [
            -69.282,
            62.622
          ],
          [
            -69.299,
            62.498
          ],
          [
            -69.022,
            62.375
          ],
          [
            -68.854,
            62.381
          ],
          [
            -68.819,
            62.338
          ],
          [
            -68.712,
            62.326
          ],
          [
            -68.722,
            62.302
          ],
          [
            -68.52,
            62.245
          ],
          [
            -67.866,
            62.189
          ],
          [
            -67.839,
            62.209
          ],
          [
            -67.798,
            62.166
          ],
          [
            -67.566,
            62.173
          ],
          [
            -67.5,
            62.139
          ],
          [
            -67.39,
            62.151
          ],
          [
            -67.328,
            62.131
          ],
          [
            -67.327,
            62.073
          ],
          [
            -67.233,
            62.096
          ],
          [
            -67.105,
            62.032
          ],
          [
            -67.02,
            62.052
          ],
          [
            -66.961,
            62.014
          ],
          [
            -66.92,
            62.019
          ],
          [
            -66.938,
            62.044
          ],
          [
            -66.756,
            62.011
          ],
          [
            -66.708,
            61.967
          ],
          [
            -66.618,
            61.966
          ],
          [
            -66.665,
            61.941
          ],
          [
            -66.633,
            61.919
          ],
          [
            -66.395,
            61.871
          ],
          [
            -65.978,
            61.883
          ],
          [
            -65.86,
            61.833
          ],
          [
            -65.939,
            61.782
          ],
          [
            -65.803,
            61.756
          ],
          [
            -65.771,
            61.78
          ],
          [
            -65.442,
            61.656
          ],
          [
            -65.488,
            61.599
          ],
          [
            -65.381,
            61.541
          ],
          [
            -65.195,
            61.499
          ],
          [
            -65.168,
            61.46
          ],
          [
            -65.087,
            61.452
          ],
          [
            -65.119,
            61.433
          ],
          [
            -65.06,
            61.407
          ],
          [
            -64.928,
            61.401
          ],
          [
            -64.985,
            61.367
          ],
          [
            -64.879,
            61.323
          ],
          [
            -64.589,
            60.457
          ],
          [
            -64.64,
            60.485
          ],
          [
            -64.856,
            60.474
          ],
          [
            -64.867,
            60.45
          ],
          [
            -64.79,
            60.391
          ],
          [
            -64.606,
            60.335
          ],
          [
            -64.857,
            60.359
          ],
          [
            -64.834,
            60.323
          ],
          [
            -64.956,
            60.252
          ],
          [
            -64.876,
            60.202
          ],
          [
            -64.944,
            60.191
          ],
          [
            -64.993,
            60.149
          ],
          [
            -64.989,
            60.117
          ],
          [
            -65.062,
            60.097
          ],
          [
            -65.027,
            60.068
          ],
          [
            -65.072,
            60.035
          ],
          [
            -65.125,
            60.042
          ],
          [
            -65.126,
            60.011
          ],
          [
            -65.063,
            59.977
          ],
          [
            -65.125,
            59.972
          ],
          [
            -65.067,
            59.934
          ],
          [
            -65.139,
            59.953
          ],
          [
            -65.149,
            59.923
          ],
          [
            -65.211,
            59.916
          ],
          [
            -65.143,
            59.899
          ],
          [
            -65.134,
            59.869
          ],
          [
            -65.232,
            59.886
          ],
          [
            -65.211,
            59.834
          ],
          [
            -64.984,
            59.763
          ],
          [
            -65.153,
            59.78
          ],
          [
            -65.334,
            59.847
          ],
          [
            -65.382,
            59.824
          ],
          [
            -65.372,
            59.796
          ],
          [
            -65.495,
            59.79
          ],
          [
            -65.468,
            59.76
          ],
          [
            -65.544,
            59.736
          ],
          [
            -65.412,
            59.509
          ],
          [
            -65.221,
            59.488
          ],
          [
            -64.983,
            59.376
          ],
          [
            -65.127,
            59.408
          ],
          [
            -65.189,
            59.459
          ],
          [
            -65.561,
            59.486
          ],
          [
            -65.383,
            59.402
          ],
          [
            -65.431,
            59.404
          ],
          [
            -65.445,
            59.351
          ],
          [
            -65.357,
            59.277
          ],
          [
            -65.582,
            59.377
          ],
          [
            -65.566,
            59.301
          ],
          [
            -65.492,
            59.255
          ],
          [
            -65.611,
            59.253
          ],
          [
            -65.591,
            59.188
          ],
          [
            -65.676,
            59.261
          ],
          [
            -65.743,
            59.266
          ],
          [
            -65.738,
            59.21
          ],
          [
            -65.684,
            59.193
          ],
          [
            -65.715,
            59.148
          ],
          [
            -65.638,
            59.069
          ],
          [
            -65.544,
            59.101
          ],
          [
            -65.317,
            59.041
          ],
          [
            -65.51,
            59.067
          ],
          [
            -65.59,
            59.045
          ],
          [
            -65.5,
            58.983
          ],
          [
            -65.66,
            59.044
          ],
          [
            -65.777,
            59.03
          ],
          [
            -65.74,
            59.018
          ],
          [
            -65.793,
            59.006
          ],
          [
            -65.678,
            58.964
          ],
          [
            -65.678,
            58.927
          ],
          [
            -65.881,
            59.011
          ],
          [
            -65.851,
            58.946
          ],
          [
            -65.991,
            58.9
          ],
          [
            -65.798,
            58.847
          ],
          [
            -65.97,
            58.826
          ],
          [
            -66.023,
            58.862
          ],
          [
            -66.104,
            58.774
          ],
          [
            -66.045,
            58.756
          ],
          [
            -66.031,
            58.689
          ],
          [
            -65.949,
            58.682
          ],
          [
            -65.936,
            58.643
          ],
          [
            -65.829,
            58.573
          ],
          [
            -65.884,
            58.581
          ],
          [
            -65.905,
            58.53
          ],
          [
            -65.981,
            58.483
          ],
          [
            -65.92,
            58.446
          ],
          [
            -65.965,
            58.392
          ],
          [
            -66.042,
            58.368
          ],
          [
            -66.059,
            58.32
          ],
          [
            -66.089,
            58.365
          ],
          [
            -65.991,
            58.407
          ],
          [
            -66.021,
            58.496
          ],
          [
            -65.936,
            58.61
          ],
          [
            -66.018,
            58.66
          ],
          [
            -66.072,
            58.651
          ],
          [
            -66.111,
            58.721
          ],
          [
            -66.389,
            58.851
          ],
          [
            -66.47,
            58.816
          ],
          [
            -66.49,
            58.754
          ],
          [
            -66.452,
            58.739
          ],
          [
            -66.469,
            58.712
          ],
          [
            -66.547,
            58.713
          ],
          [
            -66.564,
            58.673
          ],
          [
            -66.599,
            58.673
          ],
          [
            -66.584,
            58.632
          ],
          [
            -66.621,
            58.605
          ],
          [
            -66.621,
            58.547
          ],
          [
            -66.669,
            58.532
          ],
          [
            -66.619,
            58.488
          ],
          [
            -66.804,
            58.494
          ],
          [
            -66.847,
            58.427
          ],
          [
            -66.898,
            58.445
          ],
          [
            -66.877,
            58.479
          ],
          [
            -66.944,
            58.502
          ],
          [
            -67.011,
            58.425
          ],
          [
            -67.077,
            58.417
          ],
          [
            -67.056,
            58.389
          ],
          [
            -67.091,
            58.351
          ],
          [
            -67.169,
            58.378
          ],
          [
            -67.379,
            58.277
          ],
          [
            -67.481,
            58.274
          ],
          [
            -67.654,
            58.123
          ],
          [
            -67.636,
            58.043
          ],
          [
            -67.708,
            57.982
          ],
          [
            -67.71,
            57.923
          ],
          [
            -67.736,
            57.966
          ],
          [
            -67.672,
            58.071
          ],
          [
            -67.703,
            58.162
          ],
          [
            -67.643,
            58.249
          ],
          [
            -67.731,
            58.284
          ],
          [
            -67.737,
            58.327
          ],
          [
            -67.693,
            58.354
          ],
          [
            -67.707,
            58.383
          ],
          [
            -67.668,
            58.427
          ],
          [
            -67.732,
            58.462
          ],
          [
            -67.787,
            58.464
          ],
          [
            -67.831,
            58.331
          ],
          [
            -67.801,
            58.297
          ],
          [
            -67.862,
            58.232
          ],
          [
            -67.954,
            58.212
          ],
          [
            -68.007,
            58.132
          ],
          [
            -68.128,
            58.074
          ],
          [
            -68.096,
            58.139
          ],
          [
            -67.897,
            58.253
          ],
          [
            -67.856,
            58.315
          ],
          [
            -67.923,
            58.403
          ],
          [
            -67.896,
            58.501
          ],
          [
            -67.958,
            58.512
          ],
          [
            -67.959,
            58.558
          ],
          [
            -68.003,
            58.576
          ],
          [
            -68.027,
            58.513
          ],
          [
            -68.125,
            58.526
          ],
          [
            -68.171,
            58.49
          ],
          [
            -68.168,
            58.415
          ],
          [
            -68.231,
            58.256
          ],
          [
            -68.303,
            58.196
          ],
          [
            -68.314,
            58.103
          ],
          [
            -68.404,
            58.04
          ],
          [
            -68.951,
            57.939
          ],
          [
            -69.369,
            57.765
          ],
          [
            -69.202,
            57.869
          ],
          [
            -68.965,
            57.959
          ],
          [
            -68.504,
            58.031
          ],
          [
            -68.344,
            58.127
          ],
          [
            -68.317,
            58.242
          ],
          [
            -68.206,
            58.433
          ],
          [
            -68.194,
            58.541
          ],
          [
            -68.289,
            58.525
          ],
          [
            -68.274,
            58.591
          ],
          [
            -68.348,
            58.601
          ],
          [
            -68.327,
            58.665
          ],
          [
            -68.385,
            58.717
          ],
          [
            -68.361,
            58.782
          ],
          [
            -68.396,
            58.816
          ],
          [
            -68.763,
            58.921
          ],
          [
            -68.909,
            58.876
          ],
          [
            -68.989,
            58.879
          ],
          [
            -68.99,
            58.901
          ],
          [
            -69.265,
            58.898
          ],
          [
            -69.395,
            58.857
          ],
          [
            -69.508,
            58.775
          ],
          [
            -69.608,
            58.755
          ],
          [
            -69.643,
            58.696
          ],
          [
            -69.7,
            58.697
          ],
          [
            -69.819,
            58.589
          ],
          [
            -69.877,
            58.644
          ],
          [
            -69.798,
            58.705
          ],
          [
            -69.925,
            58.692
          ],
          [
            -69.92,
            58.774
          ],
          [
            -70.036,
            58.734
          ],
          [
            -70.25,
            58.77
          ],
          [
            -69.9,
            58.828
          ],
          [
            -69.898,
            58.873
          ],
          [
            -69.797,
            58.829
          ],
          [
            -69.807,
            58.932
          ],
          [
            -69.896,
            58.958
          ],
          [
            -69.861,
            58.985
          ],
          [
            -69.869,
            59.053
          ],
          [
            -69.788,
            58.967
          ],
          [
            -69.757,
            58.99
          ],
          [
            -69.709,
            58.973
          ],
          [
            -69.712,
            58.919
          ],
          [
            -69.672,
            58.931
          ],
          [
            -69.672,
            58.891
          ],
          [
            -69.716,
            58.865
          ],
          [
            -69.671,
            58.792
          ],
          [
            -69.547,
            58.808
          ],
          [
            -69.518,
            58.886
          ],
          [
            -69.454,
            58.892
          ],
          [
            -69.507,
            59.07
          ],
          [
            -69.44,
            59.023
          ],
          [
            -69.344,
            59.091
          ],
          [
            -69.463,
            59.129
          ],
          [
            -69.528,
            59.107
          ],
          [
            -69.531,
            59.182
          ],
          [
            -69.43,
            59.225
          ],
          [
            -69.419,
            59.192
          ],
          [
            -69.366,
            59.191
          ],
          [
            -69.366,
            59.243
          ],
          [
            -69.293,
            59.208
          ],
          [
            -69.235,
            59.234
          ],
          [
            -69.266,
            59.283
          ],
          [
            -69.25,
            59.324
          ],
          [
            -69.367,
            59.307
          ],
          [
            -69.362,
            59.34
          ],
          [
            -69.412,
            59.355
          ],
          [
            -69.631,
            59.299
          ],
          [
            -69.758,
            59.32
          ],
          [
            -69.631,
            59.375
          ],
          [
            -69.668,
            59.387
          ],
          [
            -69.645,
            59.419
          ],
          [
            -69.697,
            59.481
          ],
          [
            -69.759,
            59.481
          ],
          [
            -69.748,
            59.51
          ],
          [
            -69.679,
            59.564
          ],
          [
            -69.572,
            59.59
          ],
          [
            -69.519,
            59.653
          ],
          [
            -69.654,
            59.698
          ],
          [
            -69.546,
            59.764
          ],
          [
            -69.612,
            59.784
          ],
          [
            -69.561,
            59.866
          ],
          [
            -69.759,
            59.902
          ],
          [
            -69.717,
            59.924
          ],
          [
            -69.727,
            59.964
          ],
          [
            -70.061,
            59.945
          ],
          [
            -70.227,
            59.987
          ],
          [
            -70.567,
            59.969
          ],
          [
            -71.031,
            60.062
          ],
          [
            -70.557,
            59.993
          ],
          [
            -70.315,
            60.005
          ],
          [
            -70.332,
            60.028
          ],
          [
            -69.789,
            59.989
          ],
          [
            -69.774,
            60.007
          ],
          [
            -69.844,
            60.027
          ],
          [
            -69.838,
            60.067
          ],
          [
            -69.716,
            60.042
          ],
          [
            -69.625,
            60.068
          ],
          [
            -69.594,
            60.181
          ],
          [
            -69.651,
            60.187
          ],
          [
            -69.606,
            60.233
          ],
          [
            -69.765,
            60.307
          ],
          [
            -69.723,
            60.364
          ],
          [
            -69.73,
            60.405
          ],
          [
            -69.776,
            60.416
          ],
          [
            -69.749,
            60.462
          ],
          [
            -69.826,
            60.526
          ],
          [
            -69.657,
            60.575
          ],
          [
            -69.697,
            60.598
          ],
          [
            -69.686,
            60.644
          ],
          [
            -69.716,
            60.683
          ],
          [
            -69.372,
            60.804
          ],
          [
            -69.391,
            60.872
          ],
          [
            -69.366,
            60.907
          ],
          [
            -69.426,
            60.924
          ],
          [
            -69.52,
            61.073
          ],
          [
            -69.613,
            61.079
          ],
          [
            -69.677,
            61.026
          ],
          [
            -69.689,
            60.952
          ],
          [
            -69.644,
            60.903
          ],
          [
            -69.659,
            60.877
          ],
          [
            -69.741,
            60.881
          ],
          [
            -69.757,
            60.919
          ],
          [
            -69.933,
            60.851
          ],
          [
            -69.85,
            60.847
          ],
          [
            -69.927,
            60.808
          ],
          [
            -70.061,
            60.844
          ],
          [
            -70.067,
            60.875
          ],
          [
            -70.148,
            60.88
          ],
          [
            -70.088,
            60.898
          ],
          [
            -70.086,
            60.955
          ],
          [
            -70.114,
            60.985
          ],
          [
            -70.096,
            61.01
          ],
          [
            -70.16,
            61.014
          ],
          [
            -70.108,
            61.06
          ],
          [
            -70.146,
            61.085
          ],
          [
            -70.247,
            61.068
          ],
          [
            -70.326,
            61.094
          ],
          [
            -70.352,
            61.061
          ],
          [
            -70.414,
            61.087
          ],
          [
            -70.41,
            61.055
          ],
          [
            -70.445,
            61.054
          ],
          [
            -70.426,
            61.023
          ],
          [
            -70.527,
            61.061
          ],
          [
            -70.566,
            61.041
          ],
          [
            -70.547,
            61.007
          ],
          [
            -70.677,
            61.022
          ],
          [
            -70.656,
            61.051
          ],
          [
            -70.751,
            61.082
          ],
          [
            -70.781,
            61.078
          ],
          [
            -70.767,
            61.048
          ],
          [
            -70.936,
            61.073
          ],
          [
            -70.928,
            61.102
          ],
          [
            -71.011,
            61.122
          ],
          [
            -71.175,
            61.14
          ],
          [
            -71.193,
            61.116
          ],
          [
            -71.216,
            61.168
          ],
          [
            -71.361,
            61.148
          ],
          [
            -71.37,
            61.119
          ],
          [
            -71.473,
            61.223
          ],
          [
            -71.531,
            61.214
          ],
          [
            -71.512,
            61.162
          ],
          [
            -71.578,
            61.155
          ],
          [
            -71.569,
            61.214
          ],
          [
            -71.63,
            61.205
          ],
          [
            -71.599,
            61.254
          ],
          [
            -71.726,
            61.286
          ],
          [
            -71.664,
            61.328
          ],
          [
            -71.819,
            61.347
          ],
          [
            -71.792,
            61.357
          ],
          [
            -71.823,
            61.373
          ],
          [
            -71.689,
            61.368
          ],
          [
            -71.585,
            61.407
          ],
          [
            -71.888,
            61.431
          ],
          [
            -71.747,
            61.466
          ],
          [
            -71.795,
            61.493
          ],
          [
            -71.789,
            61.522
          ],
          [
            -71.855,
            61.531
          ],
          [
            -71.549,
            61.559
          ],
          [
            -71.575,
            61.609
          ],
          [
            -71.675,
            61.659
          ],
          [
            -71.958,
            61.707
          ],
          [
            -71.934,
            61.664
          ],
          [
            -71.98,
            61.6
          ],
          [
            -72.08791643454038,
            61.599065658575405
          ],
          [
            -71.99,
            61.676
          ],
          [
            -72.076,
            61.742
          ],
          [
            -72.216,
            61.74
          ],
          [
            -72.204,
            61.787
          ],
          [
            -72.13,
            61.799
          ],
          [
            -72.257,
            61.877
          ],
          [
            -72.596,
            61.943
          ],
          [
            -72.636,
            61.902
          ],
          [
            -72.596,
            61.806
          ],
          [
            -72.669,
            61.848
          ],
          [
            -72.668,
            61.879
          ],
          [
            -72.794,
            61.835
          ],
          [
            -72.681,
            61.9
          ],
          [
            -72.679,
            61.949
          ],
          [
            -72.604,
            61.971
          ],
          [
            -72.618,
            62.034
          ],
          [
            -72.596,
            62.049
          ],
          [
            -72.662,
            62.057
          ],
          [
            -72.617,
            62.092
          ],
          [
            -72.627,
            62.116
          ],
          [
            -72.737,
            62.143
          ],
          [
            -72.819,
            62.133
          ],
          [
            -72.784,
            62.107
          ],
          [
            -72.942,
            62.118
          ],
          [
            -72.899,
            62.138
          ],
          [
            -73.178,
            62.246
          ],
          [
            -73.211,
            62.313
          ],
          [
            -73.388,
            62.369
          ],
          [
            -73.562,
            62.378
          ],
          [
            -73.679,
            62.48
          ],
          [
            -73.868,
            62.458
          ],
          [
            -74.0,
            62.358
          ],
          [
            -74.281,
            62.322
          ],
          [
            -74.41,
            62.251
          ],
          [
            -74.678,
            62.254
          ],
          [
            -74.76,
            62.206
          ],
          [
            -74.572,
            62.103
          ],
          [
            -74.766,
            62.145
          ],
          [
            -74.928,
            62.249
          ],
          [
            -75.067,
            62.268
          ],
          [
            -75.153,
            62.227
          ],
          [
            -75.152,
            62.285
          ],
          [
            -75.322,
            62.311
          ],
          [
            -75.487,
            62.296
          ],
          [
            -75.574,
            62.244
          ],
          [
            -75.891,
            62.157
          ],
          [
            -75.591,
            62.269
          ],
          [
            -75.95,
            62.35
          ],
          [
            -76.098,
            62.341
          ],
          [
            -76.143,
            62.379
          ],
          [
            -76.616,
            62.456
          ],
          [
            -76.757,
            62.507
          ],
          [
            -77.374,
            62.552
          ],
          [
            -77.473,
            62.594
          ],
          [
            -77.702,
            62.47
          ],
          [
            -78.024,
            62.393
          ],
          [
            -78.085,
            62.353
          ],
          [
            -78.156,
            62.278
          ],
          [
            -78.144,
            62.031
          ],
          [
            -78.081,
            61.951
          ],
          [
            -78.081,
            61.866
          ],
          [
            -78.003,
            61.78
          ],
          [
            -77.992,
            61.715
          ],
          [
            -77.899,
            61.686
          ],
          [
            -77.786,
            61.7
          ],
          [
            -77.711,
            61.606
          ],
          [
            -77.589,
            61.604
          ],
          [
            -77.636,
            61.582
          ],
          [
            -77.475,
            61.542
          ],
          [
            -77.621,
            61.561
          ],
          [
            -77.67,
            61.519
          ],
          [
            -77.543,
            61.479
          ],
          [
            -77.679,
            61.461
          ],
          [
            -77.7,
            61.426
          ],
          [
            -77.793,
            61.454
          ],
          [
            -77.719,
            61.265
          ],
          [
            -77.752,
            61.229
          ],
          [
            -77.699,
            61.193
          ],
          [
            -77.79,
            61.151
          ],
          [
            -77.811,
            61.052
          ],
          [
            -77.889,
            61.038
          ],
          [
            -78.093,
            60.914
          ],
          [
            -78.172,
            60.855
          ],
          [
            -78.193,
            60.791
          ],
          [
            -77.896,
            60.828
          ],
          [
            -77.966,
            60.791
          ],
          [
            -77.858,
            60.792
          ],
          [
            -77.89,
            60.75
          ],
          [
            -77.512,
            60.836
          ],
          [
            -77.745,
            60.764
          ],
          [
            -77.608,
            60.758
          ],
          [
            -77.834,
            60.639
          ],
          [
            -77.67,
            60.55
          ],
          [
            -77.549,
            60.571
          ],
          [
            -77.413,
            60.544
          ],
          [
            -77.554,
            60.542
          ],
          [
            -77.574,
            60.502
          ],
          [
            -77.692,
            60.467
          ],
          [
            -77.748,
            60.408
          ],
          [
            -77.603,
            60.33
          ],
          [
            -77.623,
            60.268
          ],
          [
            -77.543,
            60.286
          ],
          [
            -77.574,
            60.26
          ],
          [
            -77.47,
            60.213
          ],
          [
            -77.551,
            60.195
          ],
          [
            -77.406,
            60.13
          ],
          [
            -77.558,
            60.127
          ],
          [
            -77.626,
            60.063
          ],
          [
            -77.433,
            60.036
          ],
          [
            -77.358,
            60.061
          ],
          [
            -77.316,
            60.031
          ],
          [
            -77.232,
            60.054
          ],
          [
            -77.259,
            60.118
          ],
          [
            -77.102,
            60.115
          ],
          [
            -77.2,
            60.151
          ],
          [
            -76.924,
            60.112
          ],
          [
            -76.759,
            60.159
          ],
          [
            -76.834,
            60.115
          ],
          [
            -76.789,
            60.068
          ],
          [
            -76.859,
            60.101
          ],
          [
            -76.958,
            60.103
          ],
          [
            -77.059,
            60.063
          ],
          [
            -77.19,
            60.086
          ],
          [
            -77.207,
            60.043
          ],
          [
            -77.314,
            60.013
          ],
          [
            -77.236,
            59.995
          ],
          [
            -77.323,
            59.989
          ],
          [
            -77.3,
            59.965
          ],
          [
            -77.427,
            59.915
          ],
          [
            -77.364,
            59.891
          ],
          [
            -77.294,
            59.794
          ],
          [
            -77.433,
            59.784
          ],
          [
            -77.473,
            59.743
          ],
          [
            -77.533,
            59.755
          ],
          [
            -77.492,
            59.712
          ],
          [
            -77.542,
            59.689
          ],
          [
            -77.452,
            59.663
          ],
          [
            -77.441,
            59.6
          ],
          [
            -77.314,
            59.565
          ],
          [
            -77.454,
            59.579
          ],
          [
            -77.473,
            59.635
          ],
          [
            -77.57,
            59.696
          ],
          [
            -77.67,
            59.674
          ],
          [
            -77.774,
            59.71
          ],
          [
            -77.742,
            59.691
          ],
          [
            -77.801,
            59.675
          ],
          [
            -77.713,
            59.621
          ],
          [
            -77.721,
            59.54
          ],
          [
            -77.867,
            59.5
          ],
          [
            -77.849,
            59.446
          ],
          [
            -77.91,
            59.406
          ],
          [
            -77.779,
            59.426
          ],
          [
            -77.677,
            59.4
          ],
          [
            -77.801,
            59.369
          ],
          [
            -77.765,
            59.352
          ],
          [
            -77.778,
            59.323
          ],
          [
            -77.891,
            59.311
          ],
          [
            -77.829,
            59.281
          ],
          [
            -78.093,
            59.215
          ],
          [
            -78.087,
            59.157
          ],
          [
            -78.153,
            59.152
          ],
          [
            -78.127,
            59.108
          ],
          [
            -78.178,
            59.085
          ],
          [
            -78.216,
            59.107
          ],
          [
            -78.206,
            59.051
          ],
          [
            -78.283,
            59.05
          ],
          [
            -78.269,
            59.017
          ],
          [
            -78.317,
            58.986
          ],
          [
            -78.245,
            58.992
          ],
          [
            -78.338,
            58.913
          ],
          [
            -78.364,
            58.912
          ],
          [
            -78.362,
            58.959
          ],
          [
            -78.437,
            58.952
          ],
          [
            -78.451,
            58.91
          ],
          [
            -78.571,
            58.961
          ],
          [
            -78.53,
            58.939
          ],
          [
            -78.549,
            58.911
          ],
          [
            -78.488,
            58.821
          ],
          [
            -78.495,
            58.777
          ],
          [
            -78.549,
            58.768
          ],
          [
            -78.467,
            58.702
          ],
          [
            -78.564,
            58.677
          ],
          [
            -78.575,
            58.635
          ],
          [
            -78.549,
            58.604
          ],
          [
            -78.464,
            58.609
          ],
          [
            -78.384,
            58.542
          ],
          [
            -78.322,
            58.54
          ],
          [
            -78.426,
            58.606
          ],
          [
            -78.397,
            58.621
          ],
          [
            -78.269,
            58.519
          ],
          [
            -78.12,
            58.447
          ],
          [
            -78.069,
            58.454
          ],
          [
            -78.013,
            58.413
          ],
          [
            -78.013,
            58.379
          ],
          [
            -77.609,
            58.27
          ],
          [
            -77.454,
            58.196
          ],
          [
            -77.447,
            58.174
          ],
          [
            -77.489,
            58.167
          ],
          [
            -77.147,
            58.023
          ],
          [
            -76.83,
            57.697
          ],
          [
            -76.732,
            57.49
          ],
          [
            -76.653,
            57.401
          ],
          [
            -76.53,
            57.106
          ],
          [
            -76.556,
            57.035
          ],
          [
            -76.506,
            56.803
          ],
          [
            -76.519,
            56.406
          ],
          [
            -76.538,
            56.298
          ],
          [
            -76.689,
            56.027
          ],
          [
            -76.797,
            55.99
          ],
          [
            -76.84,
            55.929
          ],
          [
            -77.183,
            55.69
          ],
          [
            -77.086,
            55.708
          ],
          [
            -77.215,
            55.595
          ],
          [
            -77.658,
            55.37
          ],
          [
            -77.794,
            55.264
          ],
          [
            -78.126,
            55.149
          ],
          [
            -78.336,
            55.039
          ],
          [
            -78.863,
            54.909
          ],
          [
            -78.977,
            54.843
          ],
          [
            -79.241,
            54.812
          ],
          [
            -79.619,
            54.711
          ],
          [
            -79.63,
            54.741
          ],
          [
            -79.636,
            54.699
          ],
          [
            -79.764,
            54.652
          ],
          [
            -79.676,
            54.648
          ],
          [
            -79.67,
            54.669
          ],
          [
            -79.65,
            54.643
          ],
          [
            -79.686,
            54.627
          ],
          [
            -79.597,
            54.639
          ],
          [
            -79.631,
            54.571
          ],
          [
            -79.576,
            54.609
          ],
          [
            -79.521,
            54.587
          ],
          [
            -79.603,
            54.555
          ],
          [
            -79.525,
            54.523
          ],
          [
            -79.549,
            54.505
          ],
          [
            -79.488,
            54.459
          ],
          [
            -79.501,
            54.421
          ],
          [
            -79.447,
            54.417
          ],
          [
            -79.507,
            54.371
          ],
          [
            -79.473,
            54.364
          ],
          [
            -79.461,
            54.304
          ],
          [
            -79.419,
            54.301
          ],
          [
            -79.439,
            54.276
          ],
          [
            -79.402,
            54.264
          ],
          [
            -79.283,
            54.249
          ],
          [
            -79.38,
            54.194
          ],
          [
            -79.206,
            54.155
          ],
          [
            -79.049,
            54.183
          ],
          [
            -79.138,
            54.145
          ],
          [
            -79.098,
            54.129
          ],
          [
            -79.131,
            54.125
          ],
          [
            -79.116,
            54.103
          ],
          [
            -79.291,
            54.087
          ],
          [
            -79.127,
            54.081
          ],
          [
            -79.077,
            54.037
          ],
          [
            -78.977,
            54.018
          ],
          [
            -78.965,
            53.997
          ],
          [
            -79.051,
            54.007
          ],
          [
            -79.098,
            53.979
          ],
          [
            -79.045,
            53.975
          ],
          [
            -79.094,
            53.963
          ],
          [
            -79.033,
            53.946
          ],
          [
            -79.136,
            53.957
          ],
          [
            -78.993,
            53.912
          ],
          [
            -79.102,
            53.91
          ],
          [
            -79.06,
            53.89
          ],
          [
            -79.062,
            53.857
          ],
          [
            -78.902,
            53.821
          ],
          [
            -79.047,
            53.836
          ],
          [
            -79.021,
            53.822
          ],
          [
            -79.068,
            53.802
          ],
          [
            -79.043,
            53.785
          ],
          [
            -79.068,
            53.764
          ],
          [
            -79.036,
            53.73
          ],
          [
            -79.152,
            53.711
          ],
          [
            -79.011,
            53.684
          ],
          [
            -79.044,
            53.667
          ],
          [
            -79.003,
            53.642
          ],
          [
            -79.063,
            53.597
          ],
          [
            -78.985,
            53.615
          ],
          [
            -78.916,
            53.561
          ],
          [
            -79.031,
            53.561
          ],
          [
            -78.959,
            53.514
          ],
          [
            -79.001,
            53.491
          ],
          [
            -79.041,
            53.506
          ],
          [
            -79.013,
            53.531
          ],
          [
            -79.11,
            53.502
          ],
          [
            -79.051,
            53.457
          ],
          [
            -79.063,
            53.439
          ],
          [
            -78.988,
            53.444
          ],
          [
            -78.941,
            53.379
          ],
          [
            -78.957,
            53.284
          ],
          [
            -78.896,
            53.265
          ],
          [
            -78.92,
            53.248
          ],
          [
            -78.888,
            53.225
          ],
          [
            -78.927,
            53.219
          ],
          [
            -78.906,
            53.192
          ],
          [
            -78.944,
            53.182
          ],
          [
            -78.916,
            53.165
          ],
          [
            -78.975,
            53.069
          ],
          [
            -78.918,
            53.053
          ],
          [
            -78.983,
            53.024
          ],
          [
            -78.79,
            52.98
          ],
          [
            -78.865,
            52.964
          ],
          [
            -78.9,
            52.923
          ],
          [
            -78.856,
            52.878
          ],
          [
            -78.687,
            52.88
          ],
          [
            -78.781,
            52.818
          ],
          [
            -78.729,
            52.824
          ],
          [
            -78.725,
            52.786
          ],
          [
            -78.85,
            52.759
          ],
          [
            -78.783,
            52.735
          ],
          [
            -78.771,
            52.71
          ],
          [
            -78.821,
            52.704
          ],
          [
            -78.755,
            52.695
          ],
          [
            -78.779,
            52.654
          ],
          [
            -78.725,
            52.648
          ],
          [
            -78.73,
            52.615
          ],
          [
            -78.692,
            52.596
          ],
          [
            -78.763,
            52.564
          ],
          [
            -78.662,
            52.55
          ],
          [
            -78.646,
            52.523
          ],
          [
            -78.577,
            52.537
          ],
          [
            -78.541,
            52.505
          ],
          [
            -78.566,
            52.485
          ],
          [
            -78.507,
            52.461
          ],
          [
            -78.544,
            52.436
          ],
          [
            -78.51,
            52.415
          ],
          [
            -78.531,
            52.386
          ],
          [
            -78.501,
            52.34
          ],
          [
            -78.553,
            52.268
          ],
          [
            -78.46,
            52.273
          ],
          [
            -78.406,
            52.238
          ],
          [
            -78.556,
            52.236
          ],
          [
            -78.538,
            52.181
          ],
          [
            -78.579,
            52.111
          ],
          [
            -78.648,
            52.086
          ],
          [
            -78.638,
            52.057
          ],
          [
            -78.704,
            52.054
          ],
          [
            -78.696,
            52.008
          ],
          [
            -78.748,
            51.973
          ],
          [
            -78.894,
            51.938
          ],
          [
            -78.837,
            51.841
          ],
          [
            -79.033,
            51.776
          ],
          [
            -78.938,
            51.694
          ],
          [
            -78.943,
            51.659
          ],
          [
            -78.792,
            51.604
          ],
          [
            -78.82,
            51.513
          ],
          [
            -78.688,
            51.491
          ],
          [
            -78.764,
            51.486
          ],
          [
            -78.888,
            51.397
          ],
          [
            -78.824,
            51.349
          ],
          [
            -78.904,
            51.305
          ],
          [
            -78.921,
            51.231
          ],
          [
            -78.845,
            51.164
          ],
          [
            -78.951,
            51.216
          ],
          [
            -78.938,
            51.286
          ],
          [
            -79.012,
            51.465
          ],
          [
            -79.127,
            51.538
          ],
          [
            -79.267,
            51.522
          ],
          [
            -79.285,
            51.562
          ],
          [
            -79.236,
            51.631
          ],
          [
            -79.322,
            51.663
          ],
          [
            -79.556,
            51.549
          ],
          [
            -79.514,
            51.464
          ],
          [
            -79.698,
            51.401
          ],
          [
            -79.681,
            51.298
          ],
          [
            -79.752,
            51.184
          ],
          [
            -79.719,
            51.109
          ],
          [
            -79.421,
            50.88
          ],
          [
            -79.332,
            50.776
          ],
          [
            -79.332,
            50.724
          ],
          [
            -79.439,
            50.872
          ],
          [
            -79.685,
            51.046
          ],
          [
            -79.741,
            51.124
          ],
          [
            -80.12,
            51.296
          ],
          [
            -80.4,
            51.337
          ],
          [
            -80.531,
            51.284
          ],
          [
            -80.694,
            51.156
          ],
          [
            -80.862,
            51.116
          ],
          [
            -80.944,
            51.007
          ],
          [
            -80.933,
            51.05
          ],
          [
            -81.015,
            51.028
          ],
          [
            -80.845,
            51.15
          ],
          [
            -80.75,
            51.177
          ],
          [
            -80.652,
            51.278
          ],
          [
            -80.424,
            51.364
          ],
          [
            -80.436,
            51.464
          ],
          [
            -80.515,
            51.524
          ],
          [
            -80.599,
            51.713
          ],
          [
            -80.815,
            51.88
          ],
          [
            -80.9,
            51.895
          ],
          [
            -80.988,
            52.008
          ],
          [
            -81.353,
            52.101
          ],
          [
            -81.479,
            52.226
          ],
          [
            -81.758,
            52.239
          ],
          [
            -81.884,
            52.187
          ],
          [
            -81.823,
            52.254
          ],
          [
            -81.747,
            52.251
          ],
          [
            -81.561,
            52.316
          ],
          [
            -81.478,
            52.302
          ],
          [
            -81.553,
            52.352
          ],
          [
            -81.558,
            52.456
          ],
          [
            -81.921,
            52.682
          ],
          [
            -81.989,
            52.762
          ],
          [
            -81.974,
            52.781
          ],
          [
            -82.102,
            52.88
          ],
          [
            -82.302,
            52.961
          ],
          [
            -82.251,
            53.212
          ],
          [
            -82.114,
            53.287
          ],
          [
            -82.217,
            53.604
          ],
          [
            -82.137,
            53.749
          ],
          [
            -82.132,
            53.818
          ],
          [
            -82.244,
            54.068
          ],
          [
            -82.322,
            54.124
          ],
          [
            -82.381,
            54.119
          ],
          [
            -82.363,
            54.144
          ],
          [
            -82.434,
            54.209
          ],
          [
            -82.441,
            54.362
          ],
          [
            -82.195,
            54.845
          ],
          [
            -82.271,
            54.931
          ],
          [
            -82.255,
            54.975
          ],
          [
            -82.287,
            55.037
          ],
          [
            -82.246,
            55.103
          ],
          [
            -82.308,
            55.149
          ],
          [
            -82.356,
            55.162
          ],
          [
            -82.308,
            55.122
          ],
          [
            -82.339,
            55.099
          ],
          [
            -82.319,
            55.064
          ],
          [
            -82.537,
            55.164
          ],
          [
            -82.556,
            55.14
          ],
          [
            -82.65,
            55.17
          ],
          [
            -82.884,
            55.153
          ],
          [
            -82.947,
            55.106
          ],
          [
            -82.895,
            55.172
          ],
          [
            -82.965,
            55.234
          ],
          [
            -83.18,
            55.197
          ],
          [
            -83.706,
            55.28
          ],
          [
            -83.584,
            55.229
          ],
          [
            -83.562,
            55.131
          ],
          [
            -83.601,
            55.224
          ],
          [
            -83.687,
            55.244
          ],
          [
            -83.737,
            55.215
          ],
          [
            -83.73,
            55.259
          ],
          [
            -83.898,
            55.317
          ],
          [
            -84.092,
            55.272
          ],
          [
            -84.323,
            55.29
          ],
          [
            -84.599,
            55.242
          ],
          [
            -85.002,
            55.297
          ],
          [
            -85.194,
            55.244
          ],
          [
            -85.424,
            54.991
          ],
          [
            -85.383,
            55.063
          ],
          [
            -85.398,
            55.101
          ],
          [
            -85.214,
            55.273
          ],
          [
            -85.122,
            55.303
          ],
          [
            -85.124,
            55.342
          ],
          [
            -85.393,
            55.409
          ],
          [
            -85.499,
            55.472
          ],
          [
            -85.557,
            55.55
          ],
          [
            -85.714,
            55.632
          ],
          [
            -85.81,
            55.638
          ],
          [
            -85.954,
            55.7
          ],
          [
            -86.277,
            55.729
          ],
          [
            -86.478,
            55.809
          ],
          [
            -86.959,
            55.906
          ],
          [
            -86.979,
            55.932
          ],
          [
            -87.363,
            55.947
          ],
          [
            -87.352,
            55.993
          ],
          [
            -87.549,
            56.05
          ],
          [
            -87.616,
            56.003
          ],
          [
            -87.584,
            56.076
          ],
          [
            -87.708,
            56.156
          ],
          [
            -87.724,
            56.204
          ],
          [
            -87.943,
            56.377
          ],
          [
            -87.976,
            56.438
          ],
          [
            -88.354,
            56.553
          ],
          [
            -88.826,
            56.797
          ],
          [
            -88.819,
            56.834
          ],
          [
            -88.888,
            56.859
          ],
          [
            -89.038,
            56.836
          ],
          [
            -89.362,
            56.918
          ],
          [
            -89.97,
            57.004
          ],
          [
            -90.409,
            57.162
          ],
          [
            -90.392,
            57.176
          ],
          [
            -90.598,
            57.227
          ],
          [
            -91.055,
            57.256
          ],
          [
            -92.18,
            57.031
          ],
          [
            -92.466,
            56.932
          ],
          [
            -92.212,
            57.058
          ],
          [
            -92.443,
            57.045
          ],
          [
            -92.691,
            56.934
          ],
          [
            -92.876,
            56.908
          ],
          [
            -92.716,
            56.947
          ],
          [
            -92.576,
            57.057
          ],
          [
            -92.441,
            57.231
          ],
          [
            -92.419,
            57.338
          ],
          [
            -92.451,
            57.442
          ],
          [
            -92.554,
            57.54
          ],
          [
            -92.6,
            57.649
          ],
          [
            -92.728,
            57.821
          ],
          [
            -92.781,
            57.835
          ],
          [
            -92.749,
            57.86
          ],
          [
            -92.803,
            58.057
          ],
          [
            -92.869,
            58.143
          ],
          [
            -92.852,
            58.164
          ],
          [
            -92.931,
            58.212
          ],
          [
            -93.118,
            58.509
          ],
          [
            -93.152,
            58.738
          ],
          [
            -93.319,
            58.759
          ],
          [
            -93.4,
            58.7
          ],
          [
            -93.467,
            58.72
          ],
          [
            -93.502,
            58.771
          ],
          [
            -94.177,
            58.771
          ],
          [
            -94.141,
            58.733
          ],
          [
            -94.246,
            58.587
          ],
          [
            -94.229,
            58.396
          ],
          [
            -94.363,
            58.219
          ],
          [
            -94.329,
            58.393
          ],
          [
            -94.287,
            58.438
          ],
          [
            -94.304,
            58.579
          ],
          [
            -94.202,
            58.679
          ],
          [
            -94.24,
            58.739
          ],
          [
            -94.203,
            58.804
          ],
          [
            -94.277,
            58.781
          ],
          [
            -94.327,
            58.722
          ],
          [
            -94.422,
            58.716
          ],
          [
            -94.482,
            58.811
          ],
          [
            -94.586,
            58.875
          ],
          [
            -94.676,
            58.878
          ],
          [
            -94.745,
            58.833
          ],
          [
            -94.68,
            58.971
          ],
          [
            -94.805,
            59.015
          ],
          [
            -94.804,
            59.061
          ],
          [
            -94.996,
            59.054
          ],
          [
            -94.934,
            59.085
          ],
          [
            -94.795,
            59.087
          ],
          [
            -94.775,
            59.293
          ],
          [
            -94.659,
            59.351
          ],
          [
            -94.734,
            59.338
          ],
          [
            -94.711,
            59.371
          ],
          [
            -94.728,
            59.447
          ],
          [
            -94.789,
            59.515
          ],
          [
            -94.762,
            59.57
          ],
          [
            -94.819,
            59.636
          ],
          [
            -94.768,
            59.783
          ],
          [
            -94.823,
            59.954
          ],
          [
            -94.785,
            59.986
          ],
          [
            -94.801,
            60.014
          ],
          [
            -94.759,
            60.018
          ],
          [
            -94.766,
            60.061
          ],
          [
            -94.707,
            60.084
          ],
          [
            -94.721,
            60.138
          ],
          [
            -94.674,
            60.191
          ],
          [
            -94.707,
            60.261
          ],
          [
            -94.615,
            60.39
          ],
          [
            -94.683,
            60.474
          ],
          [
            -94.797,
            60.497
          ],
          [
            -94.646,
            60.497
          ],
          [
            -94.733,
            60.539
          ],
          [
            -94.576,
            60.52
          ],
          [
            -94.509,
            60.544
          ],
          [
            -94.492,
            60.641
          ],
          [
            -94.405,
            60.71
          ],
          [
            -94.415,
            60.762
          ],
          [
            -94.349,
            60.859
          ],
          [
            -94.234,
            60.905
          ],
          [
            -94.129,
            61.066
          ],
          [
            -93.985,
            61.09
          ],
          [
            -94.064,
            61.11
          ],
          [
            -94.039,
            61.157
          ],
          [
            -94.099,
            61.162
          ],
          [
            -93.999,
            61.228
          ],
          [
            -94.111,
            61.323
          ],
          [
            -93.941,
            61.295
          ],
          [
            -93.844,
            61.316
          ],
          [
            -93.817,
            61.351
          ],
          [
            -93.868,
            61.389
          ],
          [
            -93.969,
            61.397
          ],
          [
            -93.939,
            61.409
          ],
          [
            -93.985,
            61.456
          ],
          [
            -93.874,
            61.514
          ],
          [
            -93.831,
            61.572
          ],
          [
            -93.781,
            61.552
          ],
          [
            -93.648,
            61.634
          ],
          [
            -93.311,
            61.727
          ],
          [
            -93.413,
            61.723
          ],
          [
            -93.469,
            61.765
          ],
          [
            -93.268,
            61.737
          ],
          [
            -93.238,
            61.777
          ],
          [
            -93.396,
            61.787
          ],
          [
            -93.436,
            61.809
          ],
          [
            -93.348,
            61.814
          ],
          [
            -93.511,
            61.855
          ],
          [
            -93.614,
            61.852
          ],
          [
            -93.6,
            61.879
          ],
          [
            -93.492,
            61.884
          ],
          [
            -93.619,
            61.949
          ],
          [
            -93.282,
            61.891
          ],
          [
            -93.388,
            61.946
          ],
          [
            -93.222,
            61.958
          ],
          [
            -93.411,
            62.031
          ],
          [
            -93.295,
            62.019
          ],
          [
            -93.329,
            62.048
          ],
          [
            -93.303,
            62.049
          ],
          [
            -93.162,
            61.979
          ],
          [
            -93.156,
            62.05
          ],
          [
            -93.079,
            62.036
          ],
          [
            -93.067,
            62.077
          ],
          [
            -92.991,
            62.068
          ],
          [
            -92.931,
            62.104
          ],
          [
            -93.019,
            62.126
          ],
          [
            -93.081,
            62.104
          ],
          [
            -93.124,
            62.128
          ],
          [
            -93.114,
            62.154
          ],
          [
            -92.975,
            62.174
          ],
          [
            -93.001,
            62.2
          ],
          [
            -92.796,
            62.173
          ],
          [
            -92.765,
            62.219
          ],
          [
            -93.249,
            62.368
          ],
          [
            -92.747,
            62.29
          ],
          [
            -92.624,
            62.211
          ],
          [
            -92.604,
            62.156
          ],
          [
            -92.478,
            62.144
          ],
          [
            -92.634,
            62.254
          ],
          [
            -92.602,
            62.266
          ],
          [
            -92.598,
            62.311
          ],
          [
            -92.823,
            62.349
          ],
          [
            -92.682,
            62.374
          ],
          [
            -92.731,
            62.429
          ],
          [
            -92.71,
            62.466
          ],
          [
            -92.53,
            62.443
          ],
          [
            -92.541,
            62.476
          ],
          [
            -92.498,
            62.508
          ],
          [
            -92.564,
            62.499
          ],
          [
            -92.539,
            62.532
          ],
          [
            -92.616,
            62.614
          ],
          [
            -92.519,
            62.572
          ],
          [
            -92.476,
            62.595
          ],
          [
            -92.483,
            62.553
          ],
          [
            -92.385,
            62.53
          ],
          [
            -92.326,
            62.541
          ],
          [
            -92.322,
            62.569
          ],
          [
            -92.246,
            62.565
          ],
          [
            -92.266,
            62.595
          ],
          [
            -92.163,
            62.601
          ],
          [
            -92.143,
            62.579
          ],
          [
            -92.175,
            62.545
          ],
          [
            -92.053,
            62.527
          ],
          [
            -91.948,
            62.531
          ],
          [
            -91.881,
            62.619
          ],
          [
            -91.949,
            62.652
          ],
          [
            -92.287,
            62.677
          ],
          [
            -92.219,
            62.684
          ],
          [
            -92.334,
            62.71
          ],
          [
            -92.455,
            62.815
          ],
          [
            -92.34,
            62.844
          ],
          [
            -92.096,
            62.799
          ],
          [
            -92.122,
            62.874
          ],
          [
            -91.356,
            62.789
          ],
          [
            -91.418,
            62.815
          ],
          [
            -91.213,
            62.854
          ],
          [
            -91.183,
            62.906
          ],
          [
            -91.048,
            62.942
          ],
          [
            -90.785,
            62.938
          ],
          [
            -90.783,
            62.961
          ],
          [
            -90.721,
            62.967
          ],
          [
            -90.757,
            62.993
          ],
          [
            -90.69,
            63.007
          ],
          [
            -90.72,
            63.012
          ],
          [
            -90.703,
            63.035
          ],
          [
            -90.627,
            63.059
          ],
          [
            -90.69,
            63.076
          ],
          [
            -90.652,
            63.088
          ],
          [
            -90.691,
            63.118
          ],
          [
            -90.67,
            63.153
          ],
          [
            -90.73,
            63.178
          ],
          [
            -90.684,
            63.219
          ],
          [
            -90.746,
            63.319
          ],
          [
            -90.687,
            63.326
          ],
          [
            -90.689,
            63.355
          ],
          [
            -90.975,
            63.419
          ],
          [
            -90.786,
            63.396
          ],
          [
            -91.016,
            63.467
          ],
          [
            -91.065,
            63.449
          ],
          [
            -91.274,
            63.502
          ],
          [
            -91.389,
            63.485
          ],
          [
            -91.387,
            63.521
          ],
          [
            -91.601,
            63.581
          ],
          [
            -91.617,
            63.649
          ],
          [
            -91.776,
            63.716
          ],
          [
            -92.194,
            63.615
          ],
          [
            -92.23,
            63.535
          ],
          [
            -92.321,
            63.573
          ],
          [
            -92.472,
            63.523
          ],
          [
            -92.545,
            63.55
          ],
          [
            -92.385,
            63.592
          ],
          [
            -92.338,
            63.645
          ],
          [
            -92.285,
            63.621
          ],
          [
            -92.172,
            63.641
          ],
          [
            -92.207,
            63.652
          ],
          [
            -92.199,
            63.677
          ],
          [
            -92.104,
            63.702
          ],
          [
            -92.251,
            63.741
          ],
          [
            -92.396,
            63.737
          ],
          [
            -92.495,
            63.815
          ],
          [
            -92.622,
            63.772
          ],
          [
            -92.757,
            63.826
          ],
          [
            -93.202,
            63.901
          ],
          [
            -93.39,
            63.972
          ],
          [
            -93.451,
            63.96
          ],
          [
            -93.424,
            63.938
          ],
          [
            -93.449,
            63.926
          ],
          [
            -93.334,
            63.859
          ],
          [
            -93.217,
            63.839
          ],
          [
            -93.383,
            63.838
          ],
          [
            -93.34,
            63.808
          ],
          [
            -93.533,
            63.843
          ],
          [
            -93.65,
            63.877
          ],
          [
            -93.707,
            63.956
          ],
          [
            -93.771,
            63.958
          ],
          [
            -93.764,
            63.988
          ],
          [
            -93.545,
            63.999
          ],
          [
            -93.602,
            64.007
          ],
          [
            -93.549,
            64.025
          ],
          [
            -93.78,
            64.19
          ],
          [
            -93.615,
            64.158
          ],
          [
            -93.636,
            64.12
          ],
          [
            -93.612,
            64.093
          ],
          [
            -93.437,
            64.015
          ],
          [
            -93.078,
            63.933
          ],
          [
            -92.965,
            63.937
          ],
          [
            -92.936,
            63.905
          ],
          [
            -92.761,
            63.891
          ],
          [
            -92.707,
            63.847
          ],
          [
            -92.506,
            63.832
          ],
          [
            -92.376,
            63.777
          ],
          [
            -92.056,
            63.742
          ],
          [
            -91.993,
            63.789
          ],
          [
            -91.995,
            63.818
          ],
          [
            -91.961,
            63.817
          ],
          [
            -91.889,
            63.801
          ],
          [
            -91.986,
            63.776
          ],
          [
            -91.936,
            63.747
          ],
          [
            -91.751,
            63.734
          ],
          [
            -91.682,
            63.773
          ],
          [
            -91.652,
            63.746
          ],
          [
            -91.68,
            63.723
          ],
          [
            -91.412,
            63.707
          ],
          [
            -91.329,
            63.678
          ],
          [
            -91.407,
            63.676
          ],
          [
            -91.376,
            63.659
          ],
          [
            -91.063,
            63.62
          ],
          [
            -90.931,
            63.564
          ],
          [
            -90.551,
            63.601
          ],
          [
            -90.556,
            63.655
          ],
          [
            -90.59,
            63.677
          ],
          [
            -90.699,
            63.657
          ],
          [
            -90.624,
            63.704
          ],
          [
            -90.488,
            63.673
          ],
          [
            -90.542,
            63.661
          ],
          [
            -90.456,
            63.644
          ],
          [
            -90.486,
            63.632
          ],
          [
            -90.452,
            63.617
          ],
          [
            -90.289,
            63.648
          ],
          [
            -90.219,
            63.636
          ],
          [
            -90.283,
            63.618
          ],
          [
            -90.236,
            63.607
          ],
          [
            -90.149,
            63.629
          ],
          [
            -90.169,
            63.657
          ],
          [
            -90.058,
            63.744
          ],
          [
            -90.116,
            63.777
          ],
          [
            -89.982,
            63.773
          ],
          [
            -89.964,
            63.812
          ],
          [
            -90.101,
            63.884
          ],
          [
            -90.122,
            63.915
          ],
          [
            -90.091,
            63.924
          ],
          [
            -90.279,
            64.004
          ],
          [
            -90.183,
            64.009
          ],
          [
            -90.094,
            63.951
          ],
          [
            -90.025,
            63.96
          ],
          [
            -90.039,
            63.984
          ],
          [
            -89.969,
            63.978
          ],
          [
            -89.949,
            63.945
          ],
          [
            -89.998,
            63.926
          ],
          [
            -89.939,
            63.91
          ],
          [
            -89.814,
            63.937
          ],
          [
            -89.831,
            63.98
          ],
          [
            -89.914,
            63.993
          ],
          [
            -89.915,
            64.016
          ],
          [
            -89.848,
            64.022
          ],
          [
            -89.946,
            64.057
          ],
          [
            -89.915,
            64.107
          ],
          [
            -89.984,
            64.123
          ],
          [
            -90.035,
            64.093
          ],
          [
            -90.124,
            64.129
          ],
          [
            -89.967,
            64.161
          ],
          [
            -89.824,
            64.144
          ],
          [
            -89.816,
            64.173
          ],
          [
            -89.884,
            64.201
          ],
          [
            -89.813,
            64.194
          ],
          [
            -89.784,
            64.245
          ],
          [
            -89.736,
            64.145
          ],
          [
            -89.81,
            64.129
          ],
          [
            -89.818,
            64.099
          ],
          [
            -89.721,
            64.033
          ],
          [
            -89.697,
            64.042
          ],
          [
            -89.712,
            64.079
          ],
          [
            -89.644,
            64.054
          ],
          [
            -89.486,
            63.942
          ],
          [
            -89.563,
            64.009
          ],
          [
            -89.559,
            64.074
          ],
          [
            -89.445,
            64.022
          ],
          [
            -89.364,
            64.037
          ],
          [
            -89.247,
            63.96
          ],
          [
            -89.284,
            64.015
          ],
          [
            -89.127,
            63.965
          ],
          [
            -89.144,
            63.951
          ],
          [
            -89.024,
            63.95
          ],
          [
            -89.097,
            63.964
          ],
          [
            -89.183,
            64.037
          ],
          [
            -89.286,
            64.137
          ],
          [
            -89.261,
            64.161
          ],
          [
            -89.151,
            64.059
          ],
          [
            -88.996,
            64.008
          ],
          [
            -89.001,
            63.988
          ],
          [
            -88.899,
            64.012
          ],
          [
            -88.857,
            63.977
          ],
          [
            -88.737,
            63.968
          ],
          [
            -88.227,
            64.14
          ],
          [
            -88.113,
            64.136
          ],
          [
            -87.984,
            64.191
          ],
          [
            -88.052,
            64.227
          ],
          [
            -88.045,
            64.247
          ],
          [
            -87.888,
            64.339
          ],
          [
            -87.807,
            64.514
          ],
          [
            -87.579,
            64.568
          ],
          [
            -87.511,
            64.637
          ],
          [
            -87.525,
            64.714
          ],
          [
            -87.489,
            64.741
          ],
          [
            -87.451,
            64.707
          ],
          [
            -87.294,
            64.763
          ],
          [
            -87.304,
            64.807
          ],
          [
            -87.236,
            64.885
          ],
          [
            -87.097,
            64.951
          ],
          [
            -87.078,
            64.977
          ],
          [
            -87.11,
            64.999
          ],
          [
            -86.97,
            65.054
          ],
          [
            -86.997,
            65.097
          ],
          [
            -86.933,
            65.138
          ],
          [
            -87.052,
            65.2
          ],
          [
            -87.03,
            65.223
          ],
          [
            -87.051,
            65.236
          ],
          [
            -87.358,
            65.271
          ],
          [
            -87.673,
            65.291
          ],
          [
            -88.062,
            65.259
          ],
          [
            -89.054,
            65.329
          ],
          [
            -89.171,
            65.428
          ],
          [
            -89.404,
            65.507
          ],
          [
            -89.463,
            65.601
          ],
          [
            -89.96,
            65.789
          ],
          [
            -90.545,
            65.883
          ],
          [
            -91.121,
            65.915
          ],
          [
            -91.021,
            65.806
          ],
          [
            -91.497,
            65.946
          ],
          [
            -91.316,
            65.97
          ],
          [
            -90.596,
            65.897
          ],
          [
            -90.235,
            65.922
          ],
          [
            -90.216,
            65.904
          ],
          [
            -90.433,
            65.883
          ],
          [
            -90.266,
            65.861
          ],
          [
            -90.049,
            65.888
          ],
          [
            -89.793,
            65.823
          ],
          [
            -89.736,
            65.829
          ],
          [
            -89.732,
            65.869
          ],
          [
            -90.001,
            65.944
          ],
          [
            -89.672,
            65.939
          ],
          [
            -89.525,
            65.887
          ],
          [
            -89.516,
            65.858
          ],
          [
            -89.428,
            65.867
          ],
          [
            -88.963,
            65.689
          ],
          [
            -88.851,
            65.701
          ],
          [
            -88.412,
            65.63
          ],
          [
            -88.83,
            65.641
          ],
          [
            -88.56,
            65.587
          ],
          [
            -88.334,
            65.492
          ],
          [
            -88.213,
            65.403
          ],
          [
            -88.004,
            65.339
          ],
          [
            -87.373,
            65.323
          ],
          [
            -87.069,
            65.404
          ],
          [
            -87.11,
            65.459
          ],
          [
            -87.024,
            65.482
          ],
          [
            -86.976,
            65.515
          ],
          [
            -86.987,
            65.534
          ],
          [
            -86.83,
            65.556
          ],
          [
            -86.679,
            65.647
          ],
          [
            -86.555,
            65.665
          ],
          [
            -86.451,
            65.747
          ],
          [
            -86.455,
            65.786
          ],
          [
            -86.497,
            65.808
          ],
          [
            -86.421,
            65.902
          ],
          [
            -86.326,
            65.905
          ],
          [
            -86.239,
            65.937
          ],
          [
            -86.205,
            65.983
          ],
          [
            -85.98,
            66.029
          ],
          [
            -85.977,
            66.078
          ],
          [
            -86.014,
            66.1
          ],
          [
            -85.898,
            66.163
          ],
          [
            -86.333,
            66.283
          ],
          [
            -86.638,
            66.315
          ],
          [
            -86.809,
            66.437
          ],
          [
            -86.634,
            66.436
          ],
          [
            -86.775,
            66.526
          ],
          [
            -86.623,
            66.507
          ],
          [
            -86.58,
            66.521
          ],
          [
            -86.581,
            66.556
          ],
          [
            -86.382,
            66.513
          ],
          [
            -86.334,
            66.55
          ],
          [
            -86.128,
            66.498
          ],
          [
            -85.845,
            66.499
          ],
          [
            -85.48,
            66.581
          ],
          [
            -85.343,
            66.487
          ],
          [
            -85.338,
            66.394
          ],
          [
            -85.293,
            66.349
          ],
          [
            -85.307,
            66.314
          ],
          [
            -85.228,
            66.264
          ],
          [
            -85.178,
            66.262
          ],
          [
            -85.118,
            66.325
          ],
          [
            -85.079,
            66.278
          ],
          [
            -84.98,
            66.247
          ],
          [
            -84.869,
            66.267
          ],
          [
            -84.735,
            66.207
          ],
          [
            -84.629,
            66.215
          ],
          [
            -84.375,
            66.159
          ],
          [
            -84.401,
            66.211
          ],
          [
            -84.636,
            66.329
          ],
          [
            -84.517,
            66.405
          ],
          [
            -84.427,
            66.363
          ],
          [
            -84.392,
            66.291
          ],
          [
            -84.347,
            66.277
          ],
          [
            -84.216,
            66.322
          ],
          [
            -83.965,
            66.195
          ],
          [
            -83.793,
            66.212
          ],
          [
            -83.848,
            66.153
          ],
          [
            -83.679,
            66.201
          ],
          [
            -83.783,
            66.299
          ],
          [
            -83.864,
            66.312
          ],
          [
            -83.871,
            66.395
          ],
          [
            -83.916,
            66.447
          ],
          [
            -84.215,
            66.589
          ],
          [
            -84.146,
            66.642
          ],
          [
            -84.144,
            66.681
          ],
          [
            -84.324,
            66.677
          ],
          [
            -84.442,
            66.711
          ],
          [
            -84.32,
            66.775
          ],
          [
            -84.664,
            66.827
          ],
          [
            -84.691,
            66.84
          ],
          [
            -84.505,
            66.823
          ],
          [
            -84.746,
            66.897
          ],
          [
            -84.562,
            66.901
          ],
          [
            -84.621,
            66.915
          ],
          [
            -84.602,
            66.936
          ],
          [
            -84.768,
            66.952
          ],
          [
            -84.993,
            66.923
          ],
          [
            -84.901,
            66.898
          ],
          [
            -84.949,
            66.859
          ],
          [
            -85.12,
            66.836
          ],
          [
            -85.229,
            66.873
          ],
          [
            -85.147,
            66.905
          ],
          [
            -85.212,
            66.913
          ],
          [
            -85.048,
            66.963
          ],
          [
            -84.64,
            66.978
          ],
          [
            -84.766,
            67.006
          ],
          [
            -84.872,
            66.985
          ],
          [
            -84.84,
            67.004
          ],
          [
            -84.935,
            67.03
          ],
          [
            -84.905,
            67.038
          ],
          [
            -84.927,
            67.059
          ],
          [
            -84.371,
            66.971
          ],
          [
            -84.584,
            66.978
          ],
          [
            -84.389,
            66.924
          ],
          [
            -84.42,
            66.902
          ],
          [
            -84.382,
            66.865
          ],
          [
            -84.24,
            66.834
          ],
          [
            -84.435,
            66.823
          ],
          [
            -84.269,
            66.786
          ],
          [
            -84.314,
            66.751
          ],
          [
            -84.273,
            66.719
          ],
          [
            -84.105,
            66.708
          ],
          [
            -84.098,
            66.747
          ],
          [
            -83.946,
            66.814
          ],
          [
            -83.908,
            66.877
          ],
          [
            -83.886,
            66.814
          ],
          [
            -83.955,
            66.748
          ],
          [
            -83.856,
            66.681
          ],
          [
            -83.901,
            66.645
          ],
          [
            -83.92,
            66.698
          ],
          [
            -84.006,
            66.698
          ],
          [
            -84.012,
            66.629
          ],
          [
            -83.972,
            66.616
          ],
          [
            -83.969,
            66.577
          ],
          [
            -83.9,
            66.596
          ],
          [
            -83.857,
            66.544
          ],
          [
            -83.673,
            66.521
          ],
          [
            -83.529,
            66.395
          ],
          [
            -83.639,
            66.437
          ],
          [
            -83.653,
            66.408
          ],
          [
            -83.567,
            66.367
          ],
          [
            -83.574,
            66.344
          ],
          [
            -83.368,
            66.349
          ],
          [
            -83.059,
            66.47
          ],
          [
            -83.015,
            66.506
          ],
          [
            -83.017,
            66.547
          ],
          [
            -82.597,
            66.56
          ],
          [
            -82.556,
            66.624
          ],
          [
            -82.376,
            66.696
          ],
          [
            -82.37,
            66.726
          ],
          [
            -82.157,
            66.71
          ],
          [
            -82.184,
            66.764
          ],
          [
            -82.077,
            66.828
          ],
          [
            -82.091,
            66.857
          ],
          [
            -82.018,
            66.894
          ],
          [
            -82.043,
            66.918
          ],
          [
            -81.988,
            66.959
          ],
          [
            -81.834,
            66.998
          ],
          [
            -81.712,
            66.97
          ],
          [
            -81.626,
            67.005
          ],
          [
            -81.503,
            67.0
          ],
          [
            -81.495,
            67.053
          ],
          [
            -81.414,
            67.091
          ],
          [
            -81.348,
            67.293
          ],
          [
            -81.24,
            67.47
          ],
          [
            -81.433,
            67.611
          ],
          [
            -81.838,
            67.784
          ],
          [
            -81.804,
            67.798
          ],
          [
            -81.937,
            67.823
          ],
          [
            -82.103,
            67.907
          ],
          [
            -82.174,
            68.002
          ],
          [
            -82.079,
            68.082
          ],
          [
            -82.121,
            68.106
          ],
          [
            -82.027,
            68.123
          ],
          [
            -81.989,
            68.207
          ],
          [
            -82.048,
            68.21
          ],
          [
            -82.179,
            68.112
          ],
          [
            -82.346,
            68.161
          ],
          [
            -82.27,
            68.236
          ],
          [
            -82.265,
            68.284
          ],
          [
            -82.374,
            68.266
          ],
          [
            -82.484,
            68.299
          ],
          [
            -82.508,
            68.313
          ],
          [
            -82.353,
            68.341
          ],
          [
            -82.502,
            68.406
          ],
          [
            -82.634,
            68.408
          ],
          [
            -82.648,
            68.445
          ],
          [
            -82.49,
            68.459
          ],
          [
            -82.639,
            68.497
          ],
          [
            -82.558,
            68.527
          ],
          [
            -82.449,
            68.479
          ],
          [
            -82.228,
            68.455
          ],
          [
            -82.173,
            68.486
          ],
          [
            -82.271,
            68.527
          ],
          [
            -82.229,
            68.532
          ],
          [
            -82.077,
            68.504
          ],
          [
            -82.024,
            68.437
          ],
          [
            -81.971,
            68.421
          ],
          [
            -81.83,
            68.46
          ],
          [
            -81.794,
            68.504
          ],
          [
            -81.811,
            68.523
          ],
          [
            -81.634,
            68.508
          ],
          [
            -81.277,
            68.628
          ],
          [
            -81.252,
            68.653
          ],
          [
            -81.268,
            68.745
          ],
          [
            -81.234,
            68.77
          ],
          [
            -81.383,
            68.867
          ],
          [
            -81.491,
            68.866
          ],
          [
            -81.569,
            68.827
          ],
          [
            -81.588,
            68.87
          ],
          [
            -81.673,
            68.904
          ],
          [
            -82.057,
            68.874
          ],
          [
            -81.717,
            68.949
          ],
          [
            -81.692,
            68.989
          ],
          [
            -81.57,
            68.992
          ],
          [
            -81.463,
            69.073
          ],
          [
            -81.273,
            69.092
          ],
          [
            -81.348,
            69.192
          ],
          [
            -81.498,
            69.198
          ],
          [
            -81.694,
            69.263
          ],
          [
            -82.012,
            69.274
          ],
          [
            -82.041,
            69.243
          ],
          [
            -82.259,
            69.234
          ],
          [
            -82.291,
            69.247
          ],
          [
            -82.223,
            69.269
          ],
          [
            -82.251,
            69.288
          ],
          [
            -82.144,
            69.3
          ],
          [
            -82.392,
            69.399
          ],
          [
            -82.225,
            69.396
          ],
          [
            -82.925,
            69.503
          ],
          [
            -82.487,
            69.494
          ],
          [
            -82.613,
            69.567
          ],
          [
            -82.751,
            69.572
          ],
          [
            -82.551,
            69.588
          ],
          [
            -82.653,
            69.618
          ],
          [
            -82.598,
            69.622
          ],
          [
            -82.6,
            69.644
          ],
          [
            -82.408,
            69.609
          ],
          [
            -82.255,
            69.636
          ],
          [
            -82.676,
            69.701
          ],
          [
            -82.629,
            69.728
          ],
          [
            -82.455,
            69.714
          ],
          [
            -82.495,
            69.752
          ],
          [
            -82.46,
            69.762
          ],
          [
            -82.576,
            69.781
          ],
          [
            -82.429,
            69.782
          ],
          [
            -82.429,
            69.812
          ],
          [
            -82.509,
            69.834
          ],
          [
            -82.49,
            69.849
          ],
          [
            -82.303,
            69.857
          ],
          [
            -82.207,
            69.829
          ],
          [
            -82.328,
            69.826
          ],
          [
            -82.259,
            69.818
          ],
          [
            -82.298,
            69.801
          ],
          [
            -82.13,
            69.782
          ],
          [
            -82.119,
            69.815
          ],
          [
            -82.145,
            69.824
          ],
          [
            -82.062,
            69.859
          ],
          [
            -81.854,
            69.856
          ],
          [
            -81.85,
            69.885
          ],
          [
            -81.806,
            69.89
          ],
          [
            -81.744,
            69.872
          ],
          [
            -81.768,
            69.901
          ],
          [
            -81.711,
            69.934
          ],
          [
            -81.906,
            69.971
          ],
          [
            -82.079,
            70.062
          ],
          [
            -82.255,
            70.111
          ],
          [
            -82.813,
            70.207
          ],
          [
            -83.048,
            70.307
          ],
          [
            -82.558,
            70.185
          ],
          [
            -82.233,
            70.146
          ],
          [
            -81.77,
            69.976
          ],
          [
            -81.577,
            69.969
          ],
          [
            -81.6,
            69.943
          ],
          [
            -81.167,
            69.821
          ],
          [
            -81.103,
            69.768
          ],
          [
            -80.952,
            69.733
          ],
          [
            -80.968,
            69.714
          ],
          [
            -80.764,
            69.771
          ],
          [
            -81.126,
            69.928
          ],
          [
            -81.189,
            69.991
          ],
          [
            -81.338,
            70.034
          ],
          [
            -81.441,
            69.999
          ],
          [
            -81.54,
            70.053
          ],
          [
            -81.71,
            70.074
          ],
          [
            -81.763,
            70.123
          ],
          [
            -80.577,
            70.049
          ],
          [
            -80.326,
            69.98
          ],
          [
            -80.232,
            70.008
          ],
          [
            -80.053,
            69.997
          ],
          [
            -80.034,
            69.945
          ],
          [
            -79.891,
            69.974
          ],
          [
            -79.683,
            69.849
          ],
          [
            -79.378,
            69.886
          ],
          [
            -78.796,
            69.877
          ],
          [
            -78.676,
            69.945
          ],
          [
            -78.664,
            70.004
          ],
          [
            -78.689,
            70.055
          ],
          [
            -78.743,
            70.073
          ],
          [
            -78.763,
            70.184
          ],
          [
            -78.922,
            70.301
          ],
          [
            -79.039,
            70.341
          ],
          [
            -79.126,
            70.305
          ],
          [
            -79.358,
            70.37
          ],
          [
            -79.443,
            70.349
          ],
          [
            -79.591,
            70.409
          ],
          [
            -79.501,
            70.452
          ],
          [
            -79.402,
            70.434
          ],
          [
            -79.386,
            70.459
          ],
          [
            -79.425,
            70.484
          ],
          [
            -79.404,
            70.493
          ],
          [
            -79.298,
            70.49
          ],
          [
            -79.291,
            70.447
          ],
          [
            -79.335,
            70.439
          ],
          [
            -79.185,
            70.424
          ],
          [
            -79.144,
            70.454
          ],
          [
            -79.142,
            70.502
          ],
          [
            -79.172,
            70.514
          ],
          [
            -79.002,
            70.613
          ],
          [
            -79.158,
            70.622
          ],
          [
            -79.025,
            70.68
          ],
          [
            -78.977,
            70.636
          ],
          [
            -78.841,
            70.635
          ],
          [
            -78.719,
            70.548
          ],
          [
            -78.88,
            70.595
          ]
        ],
        [
          [
            -80.085,
            69.749
          ],
          [
            -80.153,
            69.722
          ],
          [
            -80.121,
            69.759
          ],
          [
            -80.207,
            69.798
          ],
          [
            -80.33,
            69.774
          ],
          [
            -80.467,
            69.792
          ],
          [
            -80.499,
            69.76
          ],
          [
            -80.375,
            69.71
          ],
          [
            -80.419,
            69.699
          ],
          [
            -80.39,
            69.669
          ],
          [
            -80.448,
            69.679
          ],
          [
            -80.463,
            69.713
          ],
          [
            -80.65,
            69.749
          ],
          [
            -80.725,
            69.749
          ],
          [
            -80.809,
            69.683
          ],
          [
            -80.493,
            69.665
          ],
          [
            -80.354,
            69.615
          ],
          [
            -80.325,
            69.555
          ],
          [
            -80.219,
            69.625
          ],
          [
            -80.229,
            69.531
          ],
          [
            -80.012,
            69.492
          ],
          [
            -79.936,
            69.527
          ],
          [
            -80.079,
            69.622
          ],
          [
            -80.059,
            69.644
          ],
          [
            -79.918,
            69.604
          ],
          [
            -79.632,
            69.609
          ],
          [
            -79.329,
            69.701
          ],
          [
            -79.416,
            69.742
          ],
          [
            -79.402,
            69.766
          ],
          [
            -79.454,
            69.799
          ],
          [
            -79.698,
            69.802
          ],
          [
            -79.757,
            69.756
          ],
          [
            -79.964,
            69.721
          ],
          [
            -80.085,
            69.749
          ]
        ],
        [
          [
            -78.245,
            69.664
          ],
          [
            -78.316,
            69.66
          ],
          [
            -78.307,
            69.687
          ],
          [
            -78.38,
            69.699
          ],
          [
            -78.392,
            69.646
          ],
          [
            -78.576,
            69.636
          ],
          [
            -78.88,
            69.477
          ],
          [
            -78.817,
            69.453
          ],
          [
            -78.646,
            69.51
          ],
          [
            -78.519,
            69.481
          ],
          [
            -77.946,
            69.633
          ],
          [
            -77.993,
            69.699
          ],
          [
            -78.164,
            69.752
          ],
          [
            -78.201,
            69.737
          ],
          [
            -78.269,
            69.732
          ],
          [
            -78.228,
            69.677
          ],
          [
            -78.245,
            69.664
          ]
        ],
        [
          [
            -77.286,
            69.154
          ],
          [
            -77.172,
            69.117
          ],
          [
            -76.959,
            69.142
          ],
          [
            -76.911,
            69.104
          ],
          [
            -76.859,
            69.149
          ],
          [
            -76.946,
            69.204
          ],
          [
            -76.676,
            69.306
          ],
          [
            -76.644,
            69.374
          ],
          [
            -76.723,
            69.424
          ],
          [
            -76.924,
            69.394
          ],
          [
            -77.13,
            69.445
          ],
          [
            -77.36,
            69.393
          ],
          [
            -77.335,
            69.334
          ],
          [
            -77.382,
            69.247
          ],
          [
            -77.286,
            69.154
          ]
        ],
        [
          [
            -78.467,
            69.22
          ],
          [
            -78.356,
            69.196
          ],
          [
            -78.211,
            69.3
          ],
          [
            -78.291,
            69.375
          ],
          [
            -78.471,
            69.392
          ],
          [
            -78.716,
            69.34
          ],
          [
            -78.722,
            69.311
          ],
          [
            -78.619,
            69.262
          ],
          [
            -78.749,
            69.261
          ],
          [
            -78.859,
            69.19
          ],
          [
            -78.856,
            69.146
          ],
          [
            -78.96,
            69.102
          ],
          [
            -79.217,
            69.081
          ],
          [
            -79.309,
            68.974
          ],
          [
            -79.42,
            68.914
          ],
          [
            -79.388,
            68.907
          ],
          [
            -79.387,
            68.856
          ],
          [
            -79.239,
            68.827
          ],
          [
            -78.944,
            68.884
          ],
          [
            -78.725,
            68.969
          ],
          [
            -78.715,
            69.01
          ],
          [
            -78.545,
            69.101
          ],
          [
            -78.562,
            69.132
          ],
          [
            -78.476,
            69.161
          ],
          [
            -78.467,
            69.22
          ]
        ],
        [
          [
            -75.038,
            68.395
          ],
          [
            -75.002,
            68.334
          ],
          [
            -74.811,
            68.321
          ],
          [
            -74.856,
            68.341
          ],
          [
            -74.812,
            68.338
          ],
          [
            -74.816,
            68.37
          ],
          [
            -74.864,
            68.38
          ],
          [
            -74.776,
            68.411
          ],
          [
            -74.907,
            68.423
          ],
          [
            -74.768,
            68.473
          ],
          [
            -74.938,
            68.572
          ],
          [
            -74.989,
            68.667
          ],
          [
            -75.184,
            68.684
          ],
          [
            -75.239,
            68.718
          ],
          [
            -75.318,
            68.672
          ],
          [
            -75.398,
            68.611
          ],
          [
            -75.396,
            68.504
          ],
          [
            -75.038,
            68.395
          ]
        ],
        [
          [
            -74.638,
            68.644
          ],
          [
            -74.671,
            68.657
          ],
          [
            -74.787,
            68.673
          ],
          [
            -74.89,
            68.625
          ],
          [
            -74.834,
            68.57
          ],
          [
            -74.727,
            68.556
          ],
          [
            -74.518,
            68.559
          ],
          [
            -74.654,
            68.608
          ],
          [
            -74.638,
            68.644
          ]
        ],
        [
          [
            -74.278,
            68.295
          ],
          [
            -74.208,
            68.243
          ],
          [
            -74.15,
            68.25
          ],
          [
            -74.075,
            68.331
          ],
          [
            -74.279,
            68.458
          ],
          [
            -74.377,
            68.46
          ],
          [
            -74.4,
            68.42
          ],
          [
            -74.33,
            68.352
          ],
          [
            -74.213,
            68.319
          ],
          [
            -74.278,
            68.295
          ]
        ],
        [
          [
            -76.236,
            68.303
          ],
          [
            -76.282,
            68.333
          ],
          [
            -76.726,
            68.239
          ],
          [
            -76.866,
            68.158
          ],
          [
            -77.258,
            67.816
          ],
          [
            -77.323,
            67.698
          ],
          [
            -77.226,
            67.544
          ],
          [
            -77.256,
            67.516
          ],
          [
            -77.247,
            67.452
          ],
          [
            -77.175,
            67.421
          ],
          [
            -77.045,
            67.261
          ],
          [
            -76.664,
            67.22
          ],
          [
            -76.242,
            67.262
          ],
          [
            -75.908,
            67.249
          ],
          [
            -75.591,
            67.307
          ],
          [
            -75.517,
            67.352
          ],
          [
            -75.388,
            67.355
          ],
          [
            -75.311,
            67.42
          ],
          [
            -75.199,
            67.443
          ],
          [
            -75.072,
            67.539
          ],
          [
            -75.025,
            67.619
          ],
          [
            -75.066,
            67.696
          ],
          [
            -75.044,
            67.812
          ],
          [
            -75.104,
            67.847
          ],
          [
            -75.164,
            67.954
          ],
          [
            -75.052,
            68.037
          ],
          [
            -75.003,
            68.132
          ],
          [
            -75.135,
            68.235
          ],
          [
            -75.622,
            68.313
          ],
          [
            -75.888,
            68.34
          ],
          [
            -76.083,
            68.295
          ],
          [
            -76.236,
            68.303
          ]
        ],
        [
          [
            -74.641,
            67.852
          ],
          [
            -74.401,
            67.777
          ],
          [
            -73.429,
            67.763
          ],
          [
            -73.349,
            67.828
          ],
          [
            -73.406,
            67.857
          ],
          [
            -73.432,
            67.919
          ],
          [
            -73.41,
            67.971
          ],
          [
            -73.44,
            67.986
          ],
          [
            -73.62,
            68.015
          ],
          [
            -73.794,
            67.989
          ],
          [
            -73.975,
            68.041
          ],
          [
            -74.266,
            68.059
          ],
          [
            -74.213,
            68.131
          ],
          [
            -74.339,
            68.177
          ],
          [
            -74.436,
            68.08
          ],
          [
            -74.732,
            68.071
          ],
          [
            -74.777,
            67.974
          ],
          [
            -74.641,
            67.852
          ]
        ],
        [
          [
            -79.18,
            68.216
          ],
          [
            -79.033,
            68.165
          ],
          [
            -78.802,
            68.272
          ],
          [
            -78.927,
            68.333
          ],
          [
            -79.152,
            68.347
          ],
          [
            -79.191,
            68.319
          ],
          [
            -79.18,
            68.216
          ]
        ],
        [
          [
            -82.235,
            68.354
          ],
          [
            -82.346,
            68.368
          ],
          [
            -82.06,
            68.306
          ],
          [
            -81.997,
            68.341
          ],
          [
            -82.231,
            68.386
          ],
          [
            -82.235,
            68.354
          ]
        ],
        [
          [
            -78.503,
            68.546
          ],
          [
            -78.469,
            68.564
          ],
          [
            -78.461,
            68.617
          ],
          [
            -78.89,
            68.653
          ],
          [
            -78.669,
            68.583
          ],
          [
            -78.724,
            68.547
          ],
          [
            -78.937,
            68.516
          ],
          [
            -78.971,
            68.471
          ],
          [
            -78.743,
            68.443
          ],
          [
            -78.621,
            68.511
          ],
          [
            -78.725,
            68.522
          ],
          [
            -78.655,
            68.559
          ],
          [
            -78.503,
            68.546
          ]
        ],
        [
          [
            -83.293,
            66.261
          ],
          [
            -83.093,
            66.199
          ],
          [
            -82.996,
            66.199
          ],
          [
            -82.902,
            66.272
          ],
          [
            -83.067,
            66.256
          ],
          [
            -83.264,
            66.344
          ],
          [
            -83.298,
            66.314
          ],
          [
            -83.272,
            66.305
          ],
          [
            -83.293,
            66.261
          ]
        ],
        [
          [
            -84.131,
            65.91
          ],
          [
            -84.101,
            65.82
          ],
          [
            -84.144,
            65.764
          ],
          [
            -83.96,
            65.738
          ],
          [
            -83.785,
            65.789
          ],
          [
            -83.827,
            65.748
          ],
          [
            -83.683,
            65.749
          ],
          [
            -83.794,
            65.719
          ],
          [
            -83.798,
            65.685
          ],
          [
            -83.85,
            65.668
          ],
          [
            -83.83,
            65.645
          ],
          [
            -83.761,
            65.67
          ],
          [
            -83.625,
            65.647
          ],
          [
            -83.663,
            65.676
          ],
          [
            -83.587,
            65.704
          ],
          [
            -83.624,
            65.661
          ],
          [
            -83.469,
            65.655
          ],
          [
            -83.379,
            65.616
          ],
          [
            -83.289,
            65.633
          ],
          [
            -83.247,
            65.66
          ],
          [
            -83.264,
            65.688
          ],
          [
            -83.211,
            65.706
          ],
          [
            -83.36,
            65.727
          ],
          [
            -83.53,
            65.708
          ],
          [
            -83.525,
            65.738
          ],
          [
            -83.797,
            65.811
          ],
          [
            -83.7,
            65.851
          ],
          [
            -83.694,
            65.925
          ],
          [
            -84.001,
            66.029
          ],
          [
            -84.008,
            66.077
          ],
          [
            -84.097,
            66.057
          ],
          [
            -84.456,
            66.142
          ],
          [
            -84.468,
            66.065
          ],
          [
            -84.424,
            66.028
          ],
          [
            -84.189,
            65.968
          ],
          [
            -84.193,
            65.929
          ],
          [
            -84.131,
            65.91
          ]
        ],
        [
          [
            -83.586,
            65.854
          ],
          [
            -83.485,
            65.801
          ],
          [
            -83.284,
            65.834
          ],
          [
            -83.37,
            65.867
          ],
          [
            -83.586,
            65.854
          ]
        ],
        [
          [
            -84.638,
            65.707
          ],
          [
            -84.753,
            65.878
          ],
          [
            -84.883,
            65.941
          ],
          [
            -84.86,
            65.968
          ],
          [
            -84.91,
            66.0
          ],
          [
            -85.082,
            66.027
          ],
          [
            -85.173,
            65.995
          ],
          [
            -85.182,
            65.946
          ],
          [
            -85.143,
            65.913
          ],
          [
            -85.107,
            65.751
          ],
          [
            -84.879,
            65.669
          ],
          [
            -84.829,
            65.579
          ],
          [
            -84.723,
            65.546
          ],
          [
            -84.574,
            65.639
          ],
          [
            -84.604,
            65.672
          ],
          [
            -84.587,
            65.692
          ],
          [
            -84.638,
            65.707
          ]
        ],
        [
          [
            -85.187,
            65.721
          ],
          [
            -85.148,
            65.733
          ],
          [
            -85.156,
            65.777
          ],
          [
            -85.214,
            65.808
          ],
          [
            -85.382,
            65.835
          ],
          [
            -85.445,
            65.794
          ],
          [
            -85.511,
            65.804
          ],
          [
            -85.521,
            65.843
          ],
          [
            -85.469,
            65.914
          ],
          [
            -85.494,
            65.932
          ],
          [
            -85.791,
            65.853
          ],
          [
            -86.01,
            65.715
          ],
          [
            -86.02,
            65.622
          ],
          [
            -86.098,
            65.529
          ],
          [
            -86.153,
            65.385
          ],
          [
            -86.094,
            65.362
          ],
          [
            -86.172,
            65.279
          ],
          [
            -86.138,
            65.094
          ],
          [
            -86.225,
            65.004
          ],
          [
            -86.153,
            64.928
          ],
          [
            -86.211,
            64.884
          ],
          [
            -86.172,
            64.823
          ],
          [
            -86.239,
            64.804
          ],
          [
            -86.416,
            64.592
          ],
          [
            -86.376,
            64.551
          ],
          [
            -86.4,
            64.432
          ],
          [
            -86.344,
            64.401
          ],
          [
            -86.384,
            64.364
          ],
          [
            -86.355,
            64.29
          ],
          [
            -86.292,
            64.257
          ],
          [
            -86.309,
            64.226
          ],
          [
            -86.212,
            64.179
          ],
          [
            -86.189,
            64.102
          ],
          [
            -86.934,
            63.906
          ],
          [
            -87.201,
            63.707
          ],
          [
            -87.226,
            63.641
          ],
          [
            -87.188,
            63.59
          ],
          [
            -87.084,
            63.55
          ],
          [
            -86.879,
            63.556
          ],
          [
            -86.596,
            63.669
          ],
          [
            -86.245,
            63.639
          ],
          [
            -85.813,
            63.704
          ],
          [
            -85.711,
            63.767
          ],
          [
            -85.715,
            63.707
          ],
          [
            -85.613,
            63.67
          ],
          [
            -85.591,
            63.618
          ],
          [
            -85.628,
            63.557
          ],
          [
            -85.607,
            63.494
          ],
          [
            -85.654,
            63.409
          ],
          [
            -85.638,
            63.245
          ],
          [
            -85.505,
            63.123
          ],
          [
            -85.266,
            63.117
          ],
          [
            -84.586,
            63.308
          ],
          [
            -84.477,
            63.384
          ],
          [
            -84.401,
            63.549
          ],
          [
            -84.283,
            63.629
          ],
          [
            -84.1,
            63.605
          ],
          [
            -83.751,
            63.777
          ],
          [
            -83.637,
            63.766
          ],
          [
            -83.596,
            63.826
          ],
          [
            -83.647,
            63.867
          ],
          [
            -83.604,
            63.928
          ],
          [
            -83.682,
            64.007
          ],
          [
            -83.548,
            64.102
          ],
          [
            -83.466,
            64.124
          ],
          [
            -83.395,
            64.104
          ],
          [
            -83.329,
            64.137
          ],
          [
            -83.191,
            64.118
          ],
          [
            -83.157,
            64.163
          ],
          [
            -83.073,
            64.187
          ],
          [
            -83.008,
            64.187
          ],
          [
            -82.961,
            64.141
          ],
          [
            -83.145,
            64.001
          ],
          [
            -83.099,
            63.959
          ],
          [
            -82.549,
            63.969
          ],
          [
            -82.361,
            63.905
          ],
          [
            -82.376,
            63.818
          ],
          [
            -82.547,
            63.765
          ],
          [
            -82.472,
            63.68
          ],
          [
            -82.329,
            63.65
          ],
          [
            -82.286,
            63.678
          ],
          [
            -82.257,
            63.659
          ],
          [
            -82.225,
            63.686
          ],
          [
            -82.052,
            63.689
          ],
          [
            -81.91,
            63.632
          ],
          [
            -81.769,
            63.638
          ],
          [
            -81.654,
            63.572
          ],
          [
            -81.535,
            63.58
          ],
          [
            -81.076,
            63.451
          ],
          [
            -80.958,
            63.458
          ],
          [
            -80.923,
            63.521
          ],
          [
            -80.588,
            63.636
          ],
          [
            -80.454,
            63.728
          ],
          [
            -80.172,
            63.771
          ],
          [
            -80.206,
            63.808
          ],
          [
            -80.664,
            63.883
          ],
          [
            -80.7,
            63.912
          ],
          [
            -80.567,
            63.889
          ],
          [
            -80.488,
            63.911
          ],
          [
            -80.552,
            63.926
          ],
          [
            -80.532,
            63.983
          ],
          [
            -80.699,
            64.011
          ],
          [
            -80.777,
            64.079
          ],
          [
            -80.935,
            64.13
          ],
          [
            -80.976,
            64.058
          ],
          [
            -80.909,
            64.023
          ],
          [
            -80.932,
            63.992
          ],
          [
            -81.288,
            64.08
          ],
          [
            -81.408,
            64.076
          ],
          [
            -81.389,
            64.097
          ],
          [
            -81.443,
            64.087
          ],
          [
            -81.432,
            64.044
          ],
          [
            -81.462,
            64.035
          ],
          [
            -81.987,
            63.994
          ],
          [
            -81.956,
            64.062
          ],
          [
            -81.611,
            64.126
          ],
          [
            -81.59,
            64.179
          ],
          [
            -81.777,
            64.312
          ],
          [
            -81.753,
            64.356
          ],
          [
            -81.763,
            64.501
          ],
          [
            -82.027,
            64.626
          ],
          [
            -82.082,
            64.681
          ],
          [
            -82.215,
            64.685
          ],
          [
            -82.202,
            64.714
          ],
          [
            -82.382,
            64.768
          ],
          [
            -82.543,
            64.739
          ],
          [
            -82.709,
            64.776
          ],
          [
            -82.8,
            64.809
          ],
          [
            -82.866,
            64.874
          ],
          [
            -83.191,
            64.939
          ],
          [
            -83.331,
            65.021
          ],
          [
            -83.335,
            65.07
          ],
          [
            -83.409,
            65.136
          ],
          [
            -83.54,
            65.164
          ],
          [
            -83.876,
            65.163
          ],
          [
            -83.914,
            65.175
          ],
          [
            -83.89,
            65.19
          ],
          [
            -84.141,
            65.22
          ],
          [
            -84.231,
            65.269
          ],
          [
            -84.151,
            65.339
          ],
          [
            -84.384,
            65.388
          ],
          [
            -84.445,
            65.414
          ],
          [
            -84.432,
            65.453
          ],
          [
            -84.549,
            65.479
          ],
          [
            -84.596,
            65.476
          ],
          [
            -84.746,
            65.351
          ],
          [
            -84.793,
            65.227
          ],
          [
            -84.925,
            65.21
          ],
          [
            -84.931,
            65.259
          ],
          [
            -85.013,
            65.323
          ],
          [
            -85.015,
            65.418
          ],
          [
            -85.271,
            65.512
          ],
          [
            -85.302,
            65.553
          ],
          [
            -85.12,
            65.575
          ],
          [
            -85.048,
            65.617
          ],
          [
            -85.187,
            65.721
          ]
        ],
        [
          [
            -77.753,
            63.926
          ],
          [
            -77.544,
            64.022
          ],
          [
            -77.773,
            64.026
          ],
          [
            -77.944,
            64.011
          ],
          [
            -77.982,
            63.976
          ],
          [
            -77.753,
            63.926
          ]
        ],
        [
          [
            -76.974,
            63.404
          ],
          [
            -76.692,
            63.368
          ],
          [
            -76.632,
            63.412
          ],
          [
            -76.65,
            63.431
          ],
          [
            -76.542,
            63.462
          ],
          [
            -76.679,
            63.477
          ],
          [
            -76.61,
            63.517
          ],
          [
            -77.061,
            63.673
          ],
          [
            -77.122,
            63.68
          ],
          [
            -77.117,
            63.654
          ],
          [
            -77.343,
            63.696
          ],
          [
            -77.457,
            63.643
          ],
          [
            -77.332,
            63.622
          ],
          [
            -77.442,
            63.608
          ],
          [
            -77.243,
            63.544
          ],
          [
            -76.974,
            63.404
          ]
        ],
        [
          [
            -77.818,
            63.454
          ],
          [
            -77.845,
            63.472
          ],
          [
            -78.201,
            63.497
          ],
          [
            -78.573,
            63.44
          ],
          [
            -78.524,
            63.372
          ],
          [
            -77.931,
            63.091
          ],
          [
            -77.56,
            63.183
          ],
          [
            -77.57,
            63.207
          ],
          [
            -77.494,
            63.27
          ],
          [
            -77.636,
            63.359
          ],
          [
            -77.637,
            63.403
          ],
          [
            -77.681,
            63.434
          ],
          [
            -77.838,
            63.432
          ],
          [
            -77.818,
            63.454
          ]
        ],
        [
          [
            -83.041,
            62.837
          ],
          [
            -83.143,
            62.854
          ],
          [
            -83.212,
            62.914
          ],
          [
            -83.374,
            62.907
          ],
          [
            -83.527,
            62.821
          ],
          [
            -83.559,
            62.684
          ],
          [
            -83.704,
            62.569
          ],
          [
            -83.908,
            62.483
          ],
          [
            -83.945,
            62.427
          ],
          [
            -83.732,
            62.304
          ],
          [
            -83.704,
            62.142
          ],
          [
            -83.338,
            62.252
          ],
          [
            -83.199,
            62.222
          ],
          [
            -83.136,
            62.173
          ],
          [
            -83.002,
            62.204
          ],
          [
            -82.442,
            62.459
          ],
          [
            -82.369,
            62.547
          ],
          [
            -82.139,
            62.606
          ],
          [
            -81.939,
            62.71
          ],
          [
            -81.95,
            62.835
          ],
          [
            -81.864,
            62.92
          ],
          [
            -81.912,
            62.952
          ],
          [
            -82.239,
            62.99
          ],
          [
            -82.351,
            62.963
          ],
          [
            -82.421,
            62.925
          ],
          [
            -82.694,
            62.939
          ],
          [
            -83.041,
            62.837
          ]
        ],
        [
          [
            -70.805,
            62.742
          ],
          [
            -70.921,
            62.746
          ],
          [
            -70.854,
            62.714
          ],
          [
            -70.82,
            62.605
          ],
          [
            -70.734,
            62.589
          ],
          [
            -70.775,
            62.57
          ],
          [
            -70.746,
            62.555
          ],
          [
            -70.393,
            62.53
          ],
          [
            -70.212,
            62.578
          ],
          [
            -70.312,
            62.654
          ],
          [
            -70.413,
            62.65
          ],
          [
            -70.372,
            62.688
          ],
          [
            -70.416,
            62.729
          ],
          [
            -70.788,
            62.836
          ],
          [
            -71.241,
            62.881
          ],
          [
            -71.033,
            62.823
          ],
          [
            -71.176,
            62.809
          ],
          [
            -70.771,
            62.768
          ],
          [
            -70.805,
            62.742
          ]
        ],
        [
          [
            -74.537,
            62.749
          ],
          [
            -74.651,
            62.717
          ],
          [
            -74.541,
            62.668
          ],
          [
            -74.169,
            62.602
          ],
          [
            -73.958,
            62.612
          ],
          [
            -74.009,
            62.662
          ],
          [
            -74.146,
            62.688
          ],
          [
            -74.374,
            62.681
          ],
          [
            -74.402,
            62.717
          ],
          [
            -74.537,
            62.749
          ]
        ],
        [
          [
            -77.838,
            62.557
          ],
          [
            -77.867,
            62.589
          ],
          [
            -78.008,
            62.594
          ],
          [
            -78.113,
            62.562
          ],
          [
            -77.885,
            62.537
          ],
          [
            -77.838,
            62.557
          ]
        ],
        [
          [
            -79.947,
            62.386
          ],
          [
            -80.18,
            62.217
          ],
          [
            -80.269,
            62.107
          ],
          [
            -80.295,
            61.984
          ],
          [
            -80.258,
            61.884
          ],
          [
            -80.292,
            61.873
          ],
          [
            -80.275,
            61.807
          ],
          [
            -79.959,
            61.687
          ],
          [
            -79.846,
            61.57
          ],
          [
            -79.761,
            61.577
          ],
          [
            -79.657,
            61.642
          ],
          [
            -79.605,
            61.765
          ],
          [
            -79.527,
            61.807
          ],
          [
            -79.381,
            62.003
          ],
          [
            -79.316,
            61.989
          ],
          [
            -79.334,
            62.055
          ],
          [
            -79.269,
            62.145
          ],
          [
            -79.256,
            62.24
          ],
          [
            -79.443,
            62.38
          ],
          [
            -79.562,
            62.417
          ],
          [
            -79.632,
            62.405
          ],
          [
            -79.701,
            62.37
          ],
          [
            -79.714,
            62.398
          ],
          [
            -79.947,
            62.386
          ]
        ],
        [
          [
            -93.211,
            61.875
          ],
          [
            -93.136,
            61.872
          ],
          [
            -93.07,
            61.825
          ],
          [
            -92.964,
            61.879
          ],
          [
            -93.062,
            61.931
          ],
          [
            -93.226,
            61.908
          ],
          [
            -93.211,
            61.875
          ]
        ],
        [
          [
            -78.623,
            60.706
          ],
          [
            -78.285,
            60.766
          ],
          [
            -78.341,
            60.769
          ],
          [
            -78.224,
            60.831
          ],
          [
            -78.574,
            60.784
          ],
          [
            -78.698,
            60.722
          ],
          [
            -78.623,
            60.706
          ]
        ],
        [
          [
            -80.108,
            59.756
          ],
          [
            -80.025,
            59.764
          ],
          [
            -79.879,
            59.855
          ],
          [
            -80.015,
            59.885
          ],
          [
            -80.115,
            59.838
          ],
          [
            -80.178,
            59.744
          ],
          [
            -80.091,
            59.808
          ],
          [
            -80.073,
            59.796
          ],
          [
            -80.108,
            59.756
          ]
        ],
        [
          [
            -79.856,
            57.48
          ],
          [
            -79.802,
            57.416
          ],
          [
            -79.771,
            57.514
          ],
          [
            -79.727,
            57.496
          ],
          [
            -79.699,
            57.52
          ],
          [
            -79.723,
            57.613
          ],
          [
            -79.826,
            57.526
          ],
          [
            -79.777,
            57.531
          ],
          [
            -79.811,
            57.482
          ],
          [
            -79.856,
            57.48
          ]
        ],
        [
          [
            -79.811,
            56.892
          ],
          [
            -79.793,
            56.79
          ],
          [
            -79.75,
            56.784
          ],
          [
            -79.717,
            56.814
          ],
          [
            -79.751,
            56.906
          ],
          [
            -79.815,
            56.944
          ],
          [
            -79.859,
            56.939
          ],
          [
            -79.898,
            56.885
          ],
          [
            -79.811,
            56.892
          ]
        ],
        [
          [
            -79.584,
            56.653
          ],
          [
            -79.567,
            56.615
          ],
          [
            -79.524,
            56.667
          ],
          [
            -79.486,
            56.658
          ],
          [
            -79.477,
            56.722
          ],
          [
            -79.567,
            56.818
          ],
          [
            -79.588,
            56.789
          ],
          [
            -79.553,
            56.743
          ],
          [
            -79.549,
            56.681
          ],
          [
            -79.584,
            56.653
          ]
        ],
        [
          [
            -79.535,
            56.178
          ],
          [
            -79.606,
            56.122
          ],
          [
            -79.602,
            56.159
          ],
          [
            -79.491,
            56.264
          ],
          [
            -79.48,
            56.346
          ],
          [
            -79.419,
            56.444
          ],
          [
            -79.449,
            56.554
          ],
          [
            -79.471,
            56.544
          ],
          [
            -79.476,
            56.381
          ],
          [
            -79.529,
            56.276
          ],
          [
            -79.745,
            56.156
          ],
          [
            -80.025,
            55.901
          ],
          [
            -79.947,
            55.89
          ],
          [
            -79.906,
            55.825
          ],
          [
            -79.877,
            55.832
          ],
          [
            -79.597,
            56.091
          ],
          [
            -79.513,
            56.135
          ],
          [
            -79.475,
            56.098
          ],
          [
            -79.786,
            55.789
          ],
          [
            -79.636,
            55.899
          ],
          [
            -79.493,
            55.859
          ],
          [
            -79.36,
            55.97
          ],
          [
            -79.244,
            56.151
          ],
          [
            -79.144,
            56.232
          ],
          [
            -79.134,
            56.127
          ],
          [
            -79.283,
            55.864
          ],
          [
            -79.061,
            56.188
          ],
          [
            -79.048,
            56.223
          ],
          [
            -79.1,
            56.221
          ],
          [
            -79.055,
            56.344
          ],
          [
            -78.977,
            56.389
          ],
          [
            -78.987,
            56.267
          ],
          [
            -79.189,
            55.942
          ],
          [
            -79.205,
            55.859
          ],
          [
            -78.955,
            56.279
          ],
          [
            -78.88,
            56.316
          ],
          [
            -78.951,
            56.316
          ],
          [
            -78.908,
            56.343
          ],
          [
            -78.929,
            56.426
          ],
          [
            -79.076,
            56.444
          ],
          [
            -79.133,
            56.543
          ],
          [
            -79.253,
            56.551
          ],
          [
            -79.269,
            56.625
          ],
          [
            -79.301,
            56.447
          ],
          [
            -79.427,
            56.203
          ],
          [
            -79.535,
            56.178
          ]
        ],
        [
          [
            -78.846,
            56.277
          ],
          [
            -78.825,
            56.263
          ],
          [
            -78.917,
            56.172
          ],
          [
            -78.933,
            56.116
          ],
          [
            -78.676,
            56.181
          ],
          [
            -78.653,
            56.242
          ],
          [
            -78.662,
            56.436
          ],
          [
            -78.751,
            56.432
          ],
          [
            -78.832,
            56.351
          ],
          [
            -78.809,
            56.339
          ],
          [
            -78.846,
            56.277
          ]
        ],
        [
          [
            -79.136,
            55.789
          ],
          [
            -79.054,
            55.866
          ],
          [
            -79.003,
            55.98
          ],
          [
            -78.934,
            56.02
          ],
          [
            -79.003,
            56.013
          ],
          [
            -78.949,
            56.037
          ],
          [
            -78.965,
            56.081
          ],
          [
            -79.014,
            56.059
          ],
          [
            -79.031,
            55.969
          ],
          [
            -79.136,
            55.789
          ]
        ],
        [
          [
            -79.869,
            56.332
          ],
          [
            -80.044,
            56.311
          ],
          [
            -80.11,
            56.198
          ],
          [
            -79.986,
            56.2
          ],
          [
            -79.701,
            56.306
          ],
          [
            -79.543,
            56.522
          ],
          [
            -79.699,
            56.369
          ],
          [
            -79.877,
            56.379
          ],
          [
            -79.869,
            56.332
          ]
        ],
        [
          [
            -79.955,
            56.824
          ],
          [
            -79.931,
            56.755
          ],
          [
            -79.889,
            56.741
          ],
          [
            -79.867,
            56.778
          ],
          [
            -79.814,
            56.817
          ],
          [
            -79.858,
            56.866
          ],
          [
            -79.955,
            56.824
          ]
        ],
        [
          [
            -79.682,
            54.81
          ],
          [
            -79.777,
            54.778
          ],
          [
            -79.015,
            54.938
          ],
          [
            -79.362,
            54.893
          ],
          [
            -79.687,
            54.838
          ],
          [
            -79.728,
            54.813
          ],
          [
            -79.682,
            54.81
          ]
        ],
        [
          [
            -80.018,
            53.266
          ],
          [
            -79.921,
            53.273
          ],
          [
            -79.917,
            53.301
          ],
          [
            -79.96,
            53.317
          ],
          [
            -79.952,
            53.366
          ],
          [
            -80.069,
            53.353
          ],
          [
            -80.082,
            53.316
          ],
          [
            -80.018,
            53.266
          ]
        ],
        [
          [
            -81.917,
            52.962
          ],
          [
            -80.7,
            52.696
          ],
          [
            -80.668,
            52.772
          ],
          [
            -80.763,
            52.931
          ],
          [
            -80.974,
            53.109
          ],
          [
            -81.106,
            53.2
          ],
          [
            -81.437,
            53.217
          ],
          [
            -81.864,
            53.179
          ],
          [
            -82.062,
            53.021
          ],
          [
            -81.917,
            52.962
          ]
        ],
        [
          [
            -79.653,
            51.981
          ],
          [
            -79.612,
            51.914
          ],
          [
            -79.377,
            51.936
          ],
          [
            -79.32,
            51.97
          ],
          [
            -79.322,
            52.032
          ],
          [
            -79.253,
            52.071
          ],
          [
            -79.338,
            52.11
          ],
          [
            -79.409,
            52.072
          ],
          [
            -79.568,
            52.015
          ],
          [
            -79.623,
            52.025
          ],
          [
            -79.653,
            51.981
          ]
        ],
        [
          [
            -67.795,
            60.448
          ],
          [
            -67.948,
            60.563
          ],
          [
            -68.119,
            60.577
          ],
          [
            -68.314,
            60.39
          ],
          [
            -68.384,
            60.3
          ],
          [
            -68.387,
            60.241
          ],
          [
            -68.251,
            60.231
          ],
          [
            -67.965,
            60.308
          ],
          [
            -67.795,
            60.448
          ]
        ],
        [
          [
            -69.35,
            58.946
          ],
          [
            -69.29,
            58.977
          ],
          [
            -69.227,
            58.95
          ],
          [
            -69.221,
            58.992
          ],
          [
            -69.133,
            59.055
          ],
          [
            -69.199,
            59.067
          ],
          [
            -69.186,
            59.138
          ],
          [
            -69.282,
            59.154
          ],
          [
            -69.357,
            59.14
          ],
          [
            -69.278,
            59.067
          ],
          [
            -69.35,
            58.946
          ]
        ],
        [
          [
            -73.834,
            64.332
          ],
          [
            -73.769,
            64.279
          ],
          [
            -73.692,
            64.274
          ],
          [
            -73.711,
            64.296
          ],
          [
            -73.727,
            64.383
          ],
          [
            -73.781,
            64.406
          ],
          [
            -73.834,
            64.332
          ]
        ],
        [
          [
            -73.515,
            64.368
          ],
          [
            -73.547,
            64.367
          ],
          [
            -73.549,
            64.406
          ],
          [
            -73.488,
            64.444
          ],
          [
            -73.528,
            64.493
          ],
          [
            -73.503,
            64.534
          ],
          [
            -73.528,
            64.567
          ],
          [
            -73.68,
            64.526
          ],
          [
            -73.577,
            64.489
          ],
          [
            -73.612,
            64.475
          ],
          [
            -73.577,
            64.442
          ],
          [
            -73.669,
            64.427
          ],
          [
            -73.656,
            64.32
          ],
          [
            -73.602,
            64.31
          ],
          [
            -73.555,
            64.315
          ],
          [
            -73.58,
            64.336
          ],
          [
            -73.515,
            64.368
          ]
        ]
      ],
      [
        [
          [
            -72.237,
            61.619
          ],
          [
            -72.08845445302971,
            61.59906100040667
          ],
          [
            -72.211,
            61.598
          ],
          [
            -72.303,
            61.567
          ],
          [
            -72.237,
            61.619
          ]
        ]
      ],
      [
        [
          [
            -72.08845445302971,
            61.59906100040667
          ],
          [
            -72.08791643454038,
            61.599065658575405
          ],
          [
            -72.088,
            61.599
          ],
          [
            -72.08845445302971,
            61.59906100040667
          ]
        ]
      ]
    ]
  }
}