model_id,stage,group_id,group_name,parameter,source_value,solved_value,rule,route,fraction
446_446_Hudson_Bay_(1970),source_initializer,41,diet_import,p,,-0.0,Frozen exporter settings: normalize diet; deterministic defaults; LIM only where still missing.,,
446_446_Hudson_Bay_(1970),source_initializer,40,Pelagic Detritus,p,,128.24910803428477,Frozen exporter settings: normalize diet; deterministic defaults; LIM only where still missing.,,
446_446_Hudson_Bay_(1970),source_initializer,39,Ice Detritus,p,,77.82998056194,Frozen exporter settings: normalize diet; deterministic defaults; LIM only where still missing.,,
446_446_Hudson_Bay_(1970),source_initializer,41,diet_import,q,,-0.0,Frozen exporter settings: normalize diet; deterministic defaults; LIM only where still missing.,,
446_446_Hudson_Bay_(1970),source_initializer,40,Pelagic Detritus,q,,128.24910803428477,Frozen exporter settings: normalize diet; deterministic defaults; LIM only where still missing.,,
446_446_Hudson_Bay_(1970),source_initializer,39,Ice Detritus,q,,77.82998056194,Frozen exporter settings: normalize diet; deterministic defaults; LIM only where still missing.,,
446_446_Hudson_Bay_(1970),source_initializer,38,Ice Algae,q,0.0,158.65024,Frozen exporter settings: normalize diet; deterministic defaults; LIM only where still missing.,,
446_446_Hudson_Bay_(1970),source_initializer,37,Primary Production,q,0.0,371.66912,Frozen exporter settings: normalize diet; deterministic defaults; LIM only where still missing.,,
446_446_Hudson_Bay_(1970),source_initializer,41,diet_import,M0,,0.0,Frozen exporter settings: normalize diet; deterministic defaults; LIM only where still missing.,,
446_446_Hudson_Bay_(1970),source_initializer,40,Pelagic Detritus,M0,,0.0,Frozen exporter settings: normalize diet; deterministic defaults; LIM only where still missing.,,
446_446_Hudson_Bay_(1970),source_initializer,39,Ice Detritus,M0,,0.0,Frozen exporter settings: normalize diet; deterministic defaults; LIM only where still missing.,,
446_446_Hudson_Bay_(1970),source_initializer,41,diet_import,ee,,0.0,Frozen exporter settings: normalize diet; deterministic defaults; LIM only where still missing.,,
446_446_Hudson_Bay_(1970),source_initializer,40,Pelagic Detritus,ee,0.219558358,1.0,Frozen exporter settings: normalize diet; deterministic defaults; LIM only where still missing.,,
446_446_Hudson_Bay_(1970),source_initializer,39,Ice Detritus,ee,0.8556898,1.0,Frozen exporter settings: normalize diet; deterministic defaults; LIM only where still missing.,,
446_446_Hudson_Bay_(1970),source_initializer,41,diet_import,egestion,,0.0,Frozen exporter settings: normalize diet; deterministic defaults; LIM only where still missing.,,
446_446_Hudson_Bay_(1970),source_initializer,40,Pelagic Detritus,egestion,,0.0,Frozen exporter settings: normalize diet; deterministic defaults; LIM only where still missing.,,
446_446_Hudson_Bay_(1970),source_initializer,39,Ice Detritus,egestion,,0.0,Frozen exporter settings: normalize diet; deterministic defaults; LIM only where still missing.,,
446_446_Hudson_Bay_(1970),source_initializer,41,diet_import,catch,,0.0,Frozen exporter settings: normalize diet; deterministic defaults; LIM only where still missing.,,
446_446_Hudson_Bay_(1970),source_initializer,41,diet_import,biomass_accum,,0.0,Frozen exporter settings: normalize diet; deterministic defaults; LIM only where still missing.,,
446_446_Hudson_Bay_(1970),source_initializer,40,Pelagic Detritus,biomass_accum,0.0,100.09094139097152,Frozen exporter settings: normalize diet; deterministic defaults; LIM only where still missing.,,
446_446_Hudson_Bay_(1970),source_initializer,39,Ice Detritus,biomass_accum,0.0,11.231669962205956,Frozen exporter settings: normalize diet; deterministic defaults; LIM only where still missing.,,
446_446_Hudson_Bay_(1970),source_initializer,41,diet_import,net_migration,,0.0,Frozen exporter settings: normalize diet; deterministic defaults; LIM only where still missing.,,
446_446_Hudson_Bay_(1970),routing_scenario,40,Pelagic Detritus,p,128.24910803428477,128.2491198519604,"Freeze completed living P,Q,diet,predation,accumulation,migration. Solve EE for SM; detritus accumulation absorbs routed inflow at fixed predation. No new consumption is assumed.",SM,0.01
446_446_Hudson_Bay_(1970),routing_scenario,40,Pelagic Detritus,q,128.24910803428477,128.2491198519604,"Freeze completed living P,Q,diet,predation,accumulation,migration. Solve EE for SM; detritus accumulation absorbs routed inflow at fixed predation. No new consumption is assumed.",SM,0.01
446_446_Hudson_Bay_(1970),routing_scenario,25,Brackish Fish,M0,0.0025425355725000025,0.0025425358365760028,"Freeze completed living P,Q,diet,predation,accumulation,migration. Solve EE for SM; detritus accumulation absorbs routed inflow at fixed predation. No new consumption is assumed.",SM,0.01
446_446_Hudson_Bay_(1970),routing_scenario,24,Other Marine Fish,M0,0.011930946740000012,0.011930947400189013,"Freeze completed living P,Q,diet,predation,accumulation,migration. Solve EE for SM; detritus accumulation absorbs routed inflow at fixed predation. No new consumption is assumed.",SM,0.01
446_446_Hudson_Bay_(1970),routing_scenario,22,Sandlance,M0,0.021766202280000018,0.021766202676113018,"Freeze completed living P,Q,diet,predation,accumulation,migration. Solve EE for SM; detritus accumulation absorbs routed inflow at fixed predation. No new consumption is assumed.",SM,0.01
446_446_Hudson_Bay_(1970),routing_scenario,21,Capelin,M0,0.025841266500000022,0.025841267820380022,"Freeze completed living P,Q,diet,predation,accumulation,migration. Solve EE for SM; detritus accumulation absorbs routed inflow at fixed predation. No new consumption is assumed.",SM,0.01
446_446_Hudson_Bay_(1970),routing_scenario,20,Sculpins/ Zoarcids,M0,0.008667478715000008,0.008667481355760008,"Freeze completed living P,Q,diet,predation,accumulation,migration. Solve EE for SM; detritus accumulation absorbs routed inflow at fixed predation. No new consumption is assumed.",SM,0.01
446_446_Hudson_Bay_(1970),routing_scenario,19,Gadiformes,M0,0.016022631350000014,0.016022633990760014,"Freeze completed living P,Q,diet,predation,accumulation,migration. Solve EE for SM; detritus accumulation absorbs routed inflow at fixed predation. No new consumption is assumed.",SM,0.01
446_446_Hudson_Bay_(1970),routing_scenario,18,Atlantic Salmon,M0,0.0013343262400000013,0.0013343263720380014,"Freeze completed living P,Q,diet,predation,accumulation,migration. Solve EE for SM; detritus accumulation absorbs routed inflow at fixed predation. No new consumption is assumed.",SM,0.01
446_446_Hudson_Bay_(1970),routing_scenario,17,Arctic Char,M0,0.0017951153200000017,0.0017951199413200017,"Freeze completed living P,Q,diet,predation,accumulation,migration. Solve EE for SM; detritus accumulation absorbs routed inflow at fixed predation. No new consumption is assumed.",SM,0.01
446_446_Hudson_Bay_(1970),routing_scenario,16,Seabirds,M0,0.021714263038000003,0.021717513038000003,"Freeze completed living P,Q,diet,predation,accumulation,migration. Solve EE for SM; detritus accumulation absorbs routed inflow at fixed predation. No new consumption is assumed.",SM,0.01
446_446_Hudson_Bay_(1970),routing_scenario,15,Beluga James,M0,5.5673137044634417e-05,5.581313704463442e-05,"Freeze completed living P,Q,diet,predation,accumulation,migration. Solve EE for SM; detritus accumulation absorbs routed inflow at fixed predation. No new consumption is assumed.",SM,0.01
446_446_Hudson_Bay_(1970),routing_scenario,14,Beluga W,M0,0.0013602991127677291,0.0013609041127677292,"Freeze completed living P,Q,diet,predation,accumulation,migration. Solve EE for SM; detritus accumulation absorbs routed inflow at fixed predation. No new consumption is assumed.",SM,0.01
446_446_Hudson_Bay_(1970),routing_scenario,13,Beluga E,M0,9.807396405385151e-05,9.840396405385152e-05,"Freeze completed living P,Q,diet,predation,accumulation,migration. Solve EE for SM; detritus accumulation absorbs routed inflow at fixed predation. No new consumption is assumed.",SM,0.01
446_446_Hudson_Bay_(1970),routing_scenario,12,Harp seal,M0,3.9123524670240005e-05,3.926352467024001e-05,"Freeze completed living P,Q,diet,predation,accumulation,migration. Solve EE for SM; detritus accumulation absorbs routed inflow at fixed predation. No new consumption is assumed.",SM,0.01
446_446_Hudson_Bay_(1970),routing_scenario,11,Ringed Seal,M0,0.004359851707524983,0.004363781707524983,"Freeze completed living P,Q,diet,predation,accumulation,migration. Solve EE for SM; detritus accumulation absorbs routed inflow at fixed predation. No new consumption is assumed.",SM,0.01
446_446_Hudson_Bay_(1970),routing_scenario,10,Harbour Seal,M0,0.00012099825122750879,0.00012101825122750879,"Freeze completed living P,Q,diet,predation,accumulation,migration. Solve EE for SM; detritus accumulation absorbs routed inflow at fixed predation. No new consumption is assumed.",SM,0.01
446_446_Hudson_Bay_(1970),routing_scenario,9,Bearded Seal,M0,0.00013606373638765757,0.00013773373638765758,"Freeze completed living P,Q,diet,predation,accumulation,migration. Solve EE for SM; detritus accumulation absorbs routed inflow at fixed predation. No new consumption is assumed.",SM,0.01
446_446_Hudson_Bay_(1970),routing_scenario,8,Walrus S,M0,8.217029462185597e-05,8.223029462185597e-05,"Freeze completed living P,Q,diet,predation,accumulation,migration. Solve EE for SM; detritus accumulation absorbs routed inflow at fixed predation. No new consumption is assumed.",SM,0.01
446_446_Hudson_Bay_(1970),routing_scenario,7,Walrus N,M0,0.0003819925835737691,0.00038279258357376913,"Freeze completed living P,Q,diet,predation,accumulation,migration. Solve EE for SM; detritus accumulation absorbs routed inflow at fixed predation. No new consumption is assumed.",SM,0.01
446_446_Hudson_Bay_(1970),routing_scenario,6,Bowhead,M0,0.00021741439634646387,0.00021750439634646388,"Freeze completed living P,Q,diet,predation,accumulation,migration. Solve EE for SM; detritus accumulation absorbs routed inflow at fixed predation. No new consumption is assumed.",SM,0.01
446_446_Hudson_Bay_(1970),routing_scenario,5,Narwhal,M0,0.00011868823016079942,0.00011902823016079942,"Freeze completed living P,Q,diet,predation,accumulation,migration. Solve EE for SM; detritus accumulation absorbs routed inflow at fixed predation. No new consumption is assumed.",SM,0.01
446_446_Hudson_Bay_(1970),routing_scenario,4,Killer Whale,M0,2.76981004599574e-06,2.7798100459957397e-06,"Freeze completed living P,Q,diet,predation,accumulation,migration. Solve EE for SM; detritus accumulation absorbs routed inflow at fixed predation. No new consumption is assumed.",SM,0.01
446_446_Hudson_Bay_(1970),routing_scenario,3,Polar Bear Foxe,M0,1.611317803944726e-05,1.616317803944726e-05,"Freeze completed living P,Q,diet,predation,accumulation,migration. Solve EE for SM; detritus accumulation absorbs routed inflow at fixed predation. No new consumption is assumed.",SM,0.01
446_446_Hudson_Bay_(1970),routing_scenario,2,SH Polar Bear,M0,2.9258219105026142e-05,2.9478219105026143e-05,"Freeze completed living P,Q,diet,predation,accumulation,migration. Solve EE for SM; detritus accumulation absorbs routed inflow at fixed predation. No new consumption is assumed.",SM,0.01
446_446_Hudson_Bay_(1970),routing_scenario,1,Polar Bear WHB,M0,3.4803496340686466e-05,3.495349634068646e-05,"Freeze completed living P,Q,diet,predation,accumulation,migration. Solve EE for SM; detritus accumulation absorbs routed inflow at fixed predation. No new consumption is assumed.",SM,0.01
446_446_Hudson_Bay_(1970),routing_scenario,25,Brackish Fish,EE,0.95,0.9499999948068376,"Freeze completed living P,Q,diet,predation,accumulation,migration. Solve EE for SM; detritus accumulation absorbs routed inflow at fixed predation. No new consumption is assumed.",SM,0.01
446_446_Hudson_Bay_(1970),routing_scenario,24,Other Marine Fish,EE,0.95,0.9499999972332915,"Freeze completed living P,Q,diet,predation,accumulation,migration. Solve EE for SM; detritus accumulation absorbs routed inflow at fixed predation. No new consumption is assumed.",SM,0.01
446_446_Hudson_Bay_(1970),routing_scenario,22,Sandlance,EE,0.95,0.9499999990900732,"Freeze completed living P,Q,diet,predation,accumulation,migration. Solve EE for SM; detritus accumulation absorbs routed inflow at fixed predation. No new consumption is assumed.",SM,0.01
446_446_Hudson_Bay_(1970),routing_scenario,21,Capelin,EE,0.95,0.9499999974452104,"Freeze completed living P,Q,diet,predation,accumulation,migration. Solve EE for SM; detritus accumulation absorbs routed inflow at fixed predation. No new consumption is assumed.",SM,0.01
446_446_Hudson_Bay_(1970),routing_scenario,20,Sculpins/ Zoarcids,EE,0.95,0.9499999847662735,"Freeze completed living P,Q,diet,predation,accumulation,migration. Solve EE for SM; detritus accumulation absorbs routed inflow at fixed predation. No new consumption is assumed.",SM,0.01
446_446_Hudson_Bay_(1970),routing_scenario,19,Gadiformes,EE,0.95,0.9499999917592811,"Freeze completed living P,Q,diet,predation,accumulation,migration. Solve EE for SM; detritus accumulation absorbs routed inflow at fixed predation. No new consumption is assumed.",SM,0.01
446_446_Hudson_Bay_(1970),routing_scenario,18,Atlantic Salmon,EE,0.95,0.9499999950522594,"Freeze completed living P,Q,diet,predation,accumulation,migration. Solve EE for SM; detritus accumulation absorbs routed inflow at fixed predation. No new consumption is assumed.",SM,0.01
446_446_Hudson_Bay_(1970),routing_scenario,17,Arctic Char,EE,0.95,0.949999871280693,"Freeze completed living P,Q,diet,predation,accumulation,migration. Solve EE for SM; detritus accumulation absorbs routed inflow at fixed predation. No new consumption is assumed.",SM,0.01
446_446_Hudson_Bay_(1970),routing_scenario,16,Seabirds,EE,0.09712003999999996,0.09698490486486477,"Freeze completed living P,Q,diet,predation,accumulation,migration. Solve EE for SM; detritus accumulation absorbs routed inflow at fixed predation. No new consumption is assumed.",SM,0.01
446_446_Hudson_Bay_(1970),routing_scenario,15,Beluga James,EE,0.5643347,0.5632391421558084,"Freeze completed living P,Q,diet,predation,accumulation,migration. Solve EE for SM; detritus accumulation absorbs routed inflow at fixed predation. No new consumption is assumed.",SM,0.01
446_446_Hudson_Bay_(1970),routing_scenario,14,Beluga W,EE,0.13272054499999997,0.13233481801881597,"Freeze completed living P,Q,diet,predation,accumulation,migration. Solve EE for SM; detritus accumulation absorbs routed inflow at fixed predation. No new consumption is assumed.",SM,0.01
446_446_Hudson_Bay_(1970),routing_scenario,13,Beluga E,EE,0.28052579999999994,0.2781049078876995,"Freeze completed living P,Q,diet,predation,accumulation,migration. Solve EE for SM; detritus accumulation absorbs routed inflow at fixed predation. No new consumption is assumed.",SM,0.01
446_446_Hudson_Bay_(1970),routing_scenario,12,Harp seal,EE,0.6883504,0.6872351900497782,"Freeze completed living P,Q,diet,predation,accumulation,migration. Solve EE for SM; detritus accumulation absorbs routed inflow at fixed predation. No new consumption is assumed.",SM,0.01
446_446_Hudson_Bay_(1970),routing_scenario,11,Ringed Seal,EE,0.412556618,0.41202709253763725,"Freeze completed living P,Q,diet,predation,accumulation,migration. Solve EE for SM; detritus accumulation absorbs routed inflow at fixed predation. No new consumption is assumed.",SM,0.01
446_446_Hudson_Bay_(1970),routing_scenario,10,Harbour Seal,EE,0.07364795999999996,0.07349484174736376,"Freeze completed living P,Q,diet,predation,accumulation,migration. Solve EE for SM; detritus accumulation absorbs routed inflow at fixed predation. No new consumption is assumed.",SM,0.01
446_446_Hudson_Bay_(1970),routing_scenario,9,Bearded Seal,EE,0.791283369,0.7887216520942042,"Freeze completed living P,Q,diet,predation,accumulation,migration. Solve EE for SM; detritus accumulation absorbs routed inflow at fixed predation. No new consumption is assumed.",SM,0.01
446_446_Hudson_Bay_(1970),routing_scenario,8,Walrus S,EE,0.143246785,0.14262119161328324,"Freeze completed living P,Q,diet,predation,accumulation,migration. Solve EE for SM; detritus accumulation absorbs routed inflow at fixed predation. No new consumption is assumed.",SM,0.01
446_446_Hudson_Bay_(1970),routing_scenario,7,Walrus N,EE,0.18816389099999997,0.18646367765783545,"Freeze completed living P,Q,diet,predation,accumulation,migration. Solve EE for SM; detritus accumulation absorbs routed inflow at fixed predation. No new consumption is assumed.",SM,0.01
446_446_Hudson_Bay_(1970),routing_scenario,6,Bowhead,EE,0.052819170000000026,0.052427078785561076,"Freeze completed living P,Q,diet,predation,accumulation,migration. Solve EE for SM; detritus accumulation absorbs routed inflow at fixed predation. No new consumption is assumed.",SM,0.01
446_446_Hudson_Bay_(1970),routing_scenario,5,Narwhal,EE,0.2706202,0.2685307836217793,"Freeze completed living P,Q,diet,predation,accumulation,migration. Solve EE for SM; detritus accumulation absorbs routed inflow at fixed predation. No new consumption is assumed.",SM,0.01
446_446_Hudson_Bay_(1970),routing_scenario,4,Killer Whale,EE,0.26526534600000007,0.26261269241798935,"Freeze completed living P,Q,diet,predation,accumulation,migration. Solve EE for SM; detritus accumulation absorbs routed inflow at fixed predation. No new consumption is assumed.",SM,0.01
446_446_Hudson_Bay_(1970),routing_scenario,3,Polar Bear Foxe,EE,0.3027038569999999,0.30054011207862896,"Freeze completed living P,Q,diet,predation,accumulation,migration. Solve EE for SM; detritus accumulation absorbs routed inflow at fixed predation. No new consumption is assumed.",SM,0.01
446_446_Hudson_Bay_(1970),routing_scenario,2,SH Polar Bear,EE,0.5060891,0.5023752581694377,"Freeze completed living P,Q,diet,predation,accumulation,migration. Solve EE for SM; detritus accumulation absorbs routed inflow at fixed predation. No new consumption is assumed.",SM,0.01
446_446_Hudson_Bay_(1970),routing_scenario,1,Polar Bear WHB,EE,0.4138758,0.41134965638674414,"Freeze completed living P,Q,diet,predation,accumulation,migration. Solve EE for SM; detritus accumulation absorbs routed inflow at fixed predation. No new consumption is assumed.",SM,0.01
446_446_Hudson_Bay_(1970),routing_scenario,25,Brackish Fish,catch,2.64076e-08,2.6143524e-08,"Freeze completed living P,Q,diet,predation,accumulation,migration. Solve EE for SM; detritus accumulation absorbs routed inflow at fixed predation. No new consumption is assumed.",SM,0.01
446_446_Hudson_Bay_(1970),routing_scenario,24,Other Marine Fish,catch,6.60189e-08,6.5358711e-08,"Freeze completed living P,Q,diet,predation,accumulation,migration. Solve EE for SM; detritus accumulation absorbs routed inflow at fixed predation. No new consumption is assumed.",SM,0.01
446_446_Hudson_Bay_(1970),routing_scenario,22,Sandlance,catch,3.96113e-08,3.9215187e-08,"Freeze completed living P,Q,diet,predation,accumulation,migration. Solve EE for SM; detritus accumulation absorbs routed inflow at fixed predation. No new consumption is assumed.",SM,0.01
446_446_Hudson_Bay_(1970),routing_scenario,21,Capelin,catch,1.32038e-07,1.3071762000000002e-07,"Freeze completed living P,Q,diet,predation,accumulation,migration. Solve EE for SM; detritus accumulation absorbs routed inflow at fixed predation. No new consumption is assumed.",SM,0.01
446_446_Hudson_Bay_(1970),routing_scenario,20,Sculpins/ Zoarcids,catch,2.64076e-07,2.6143524000000003e-07,"Freeze completed living P,Q,diet,predation,accumulation,migration. Solve EE for SM; detritus accumulation absorbs routed inflow at fixed predation. No new consumption is assumed.",SM,0.01
446_446_Hudson_Bay_(1970),routing_scenario,19,Gadiformes,catch,2.64076e-07,2.6143524000000003e-07,"Freeze completed living P,Q,diet,predation,accumulation,migration. Solve EE for SM; detritus accumulation absorbs routed inflow at fixed predation. No new consumption is assumed.",SM,0.01
446_446_Hudson_Bay_(1970),routing_scenario,18,Atlantic Salmon,catch,1.32038e-08,1.3071762e-08,"Freeze completed living P,Q,diet,predation,accumulation,migration. Solve EE for SM; detritus accumulation absorbs routed inflow at fixed predation. No new consumption is assumed.",SM,0.01
446_446_Hudson_Bay_(1970),routing_scenario,17,Arctic Char,catch,4.62132e-07,4.5751068e-07,"Freeze completed living P,Q,diet,predation,accumulation,migration. Solve EE for SM; detritus accumulation absorbs routed inflow at fixed predation. No new consumption is assumed.",SM,0.01
446_446_Hudson_Bay_(1970),routing_scenario,16,Seabirds,catch,0.000325,0.00032175,"Freeze completed living P,Q,diet,predation,accumulation,migration. Solve EE for SM; detritus accumulation absorbs routed inflow at fixed predation. No new consumption is assumed.",SM,0.01
446_446_Hudson_Bay_(1970),routing_scenario,15,Beluga James,catch,1.4e-05,1.386e-05,"Freeze completed living P,Q,diet,predation,accumulation,migration. Solve EE for SM; detritus accumulation absorbs routed inflow at fixed predation. No new consumption is assumed.",SM,0.01
446_446_Hudson_Bay_(1970),routing_scenario,14,Beluga W,catch,6.05e-05,5.9895e-05,"Freeze completed living P,Q,diet,predation,accumulation,migration. Solve EE for SM; detritus accumulation absorbs routed inflow at fixed predation. No new consumption is assumed.",SM,0.01
446_446_Hudson_Bay_(1970),routing_scenario,13,Beluga E,catch,3.3e-05,3.2670000000000004e-05,"Freeze completed living P,Q,diet,predation,accumulation,migration. Solve EE for SM; detritus accumulation absorbs routed inflow at fixed predation. No new consumption is assumed.",SM,0.01
446_446_Hudson_Bay_(1970),routing_scenario,12,Harp seal,catch,1.4e-05,1.386e-05,"Freeze completed living P,Q,diet,predation,accumulation,migration. Solve EE for SM; detritus accumulation absorbs routed inflow at fixed predation. No new consumption is assumed.",SM,0.01
446_446_Hudson_Bay_(1970),routing_scenario,11,Ringed Seal,catch,0.000393,0.00038907,"Freeze completed living P,Q,diet,predation,accumulation,migration. Solve EE for SM; detritus accumulation absorbs routed inflow at fixed predation. No new consumption is assumed.",SM,0.01
446_446_Hudson_Bay_(1970),routing_scenario,10,Harbour Seal,catch,2e-06,1.98e-06,"Freeze completed living P,Q,diet,predation,accumulation,migration. Solve EE for SM; detritus accumulation absorbs routed inflow at fixed predation. No new consumption is assumed.",SM,0.01
446_446_Hudson_Bay_(1970),routing_scenario,9,Bearded Seal,catch,0.000167,0.00016533,"Freeze completed living P,Q,diet,predation,accumulation,migration. Solve EE for SM; detritus accumulation absorbs routed inflow at fixed predation. No new consumption is assumed.",SM,0.01
446_446_Hudson_Bay_(1970),routing_scenario,8,Walrus S,catch,6e-06,5.94e-06,"Freeze completed living P,Q,diet,predation,accumulation,migration. Solve EE for SM; detritus accumulation absorbs routed inflow at fixed predation. No new consumption is assumed.",SM,0.01
446_446_Hudson_Bay_(1970),routing_scenario,7,Walrus N,catch,8e-05,7.92e-05,"Freeze completed living P,Q,diet,predation,accumulation,migration. Solve EE for SM; detritus accumulation absorbs routed inflow at fixed predation. No new consumption is assumed.",SM,0.01
446_446_Hudson_Bay_(1970),routing_scenario,6,Bowhead,catch,9e-06,8.91e-06,"Freeze completed living P,Q,diet,predation,accumulation,migration. Solve EE for SM; detritus accumulation absorbs routed inflow at fixed predation. No new consumption is assumed.",SM,0.01
446_446_Hudson_Bay_(1970),routing_scenario,5,Narwhal,catch,3.4e-05,3.366e-05,"Freeze completed living P,Q,diet,predation,accumulation,migration. Solve EE for SM; detritus accumulation absorbs routed inflow at fixed predation. No new consumption is assumed.",SM,0.01
446_446_Hudson_Bay_(1970),routing_scenario,4,Killer Whale,catch,1e-06,9.9e-07,"Freeze completed living P,Q,diet,predation,accumulation,migration. Solve EE for SM; detritus accumulation absorbs routed inflow at fixed predation. No new consumption is assumed.",SM,0.01
446_446_Hudson_Bay_(1970),routing_scenario,3,Polar Bear Foxe,catch,5e-06,4.95e-06,"Freeze completed living P,Q,diet,predation,accumulation,migration. Solve EE for SM; detritus accumulation absorbs routed inflow at fixed predation. No new consumption is assumed.",SM,0.01
446_446_Hudson_Bay_(1970),routing_scenario,2,SH Polar Bear,catch,2.2e-05,2.1779999999999998e-05,"Freeze completed living P,Q,diet,predation,accumulation,migration. Solve EE for SM; detritus accumulation absorbs routed inflow at fixed predation. No new consumption is assumed.",SM,0.01
446_446_Hudson_Bay_(1970),routing_scenario,1,Polar Bear WHB,catch,1.5e-05,1.485e-05,"Freeze completed living P,Q,diet,predation,accumulation,migration. Solve EE for SM; detritus accumulation absorbs routed inflow at fixed predation. No new consumption is assumed.",SM,0.01
446_446_Hudson_Bay_(1970),routing_scenario,40,Pelagic Detritus,growth,100.09094139097152,100.09095320864714,"Freeze completed living P,Q,diet,predation,accumulation,migration. Solve EE for SM; detritus accumulation absorbs routed inflow at fixed predation. No new consumption is assumed.",SM,0.01
446_446_Hudson_Bay_(1970),routing_scenario,25,Brackish Fish,catch,2.64076e-08,2.6143524e-08,"Freeze completed living P,Q,diet,predation,accumulation,migration. Solve EE for SM; detritus accumulation absorbs routed inflow at fixed predation. No new consumption is assumed.",SE,0.01
446_446_Hudson_Bay_(1970),routing_scenario,24,Other Marine Fish,catch,6.60189e-08,6.5358711e-08,"Freeze completed living P,Q,diet,predation,accumulation,migration. Solve EE for SM; detritus accumulation absorbs routed inflow at fixed predation. No new consumption is assumed.",SE,0.01
446_446_Hudson_Bay_(1970),routing_scenario,22,Sandlance,catch,3.96113e-08,3.9215187e-08,"Freeze completed living P,Q,diet,predation,accumulation,migration. Solve EE for SM; detritus accumulation absorbs routed inflow at fixed predation. No new consumption is assumed.",SE,0.01
446_446_Hudson_Bay_(1970),routing_scenario,21,Capelin,catch,1.32038e-07,1.3071762000000002e-07,"Freeze completed living P,Q,diet,predation,accumulation,migration. Solve EE for SM; detritus accumulation absorbs routed inflow at fixed predation. No new consumption is assumed.",SE,0.01
446_446_Hudson_Bay_(1970),routing_scenario,20,Sculpins/ Zoarcids,catch,2.64076e-07,2.6143524000000003e-07,"Freeze completed living P,Q,diet,predation,accumulation,migration. Solve EE for SM; detritus accumulation absorbs routed inflow at fixed predation. No new consumption is assumed.",SE,0.01
446_446_Hudson_Bay_(1970),routing_scenario,19,Gadiformes,catch,2.64076e-07,2.6143524000000003e-07,"Freeze completed living P,Q,diet,predation,accumulation,migration. Solve EE for SM; detritus accumulation absorbs routed inflow at fixed predation. No new consumption is assumed.",SE,0.01
446_446_Hudson_Bay_(1970),routing_scenario,18,Atlantic Salmon,catch,1.32038e-08,1.3071762e-08,"Freeze completed living P,Q,diet,predation,accumulation,migration. Solve EE for SM; detritus accumulation absorbs routed inflow at fixed predation. No new consumption is assumed.",SE,0.01
446_446_Hudson_Bay_(1970),routing_scenario,17,Arctic Char,catch,4.62132e-07,4.5751068e-07,"Freeze completed living P,Q,diet,predation,accumulation,migration. Solve EE for SM; detritus accumulation absorbs routed inflow at fixed predation. No new consumption is assumed.",SE,0.01
446_446_Hudson_Bay_(1970),routing_scenario,16,Seabirds,catch,0.000325,0.00032175,"Freeze completed living P,Q,diet,predation,accumulation,migration. Solve EE for SM; detritus accumulation absorbs routed inflow at fixed predation. No new consumption is assumed.",SE,0.01
446_446_Hudson_Bay_(1970),routing_scenario,15,Beluga James,catch,1.4e-05,1.386e-05,"Freeze completed living P,Q,diet,predation,accumulation,migration. Solve EE for SM; detritus accumulation absorbs routed inflow at fixed predation. No new consumption is assumed.",SE,0.01
446_446_Hudson_Bay_(1970),routing_scenario,14,Beluga W,catch,6.05e-05,5.9895e-05,"Freeze completed living P,Q,diet,predation,accumulation,migration. Solve EE for SM; detritus accumulation absorbs routed inflow at fixed predation. No new consumption is assumed.",SE,0.01
446_446_Hudson_Bay_(1970),routing_scenario,13,Beluga E,catch,3.3e-05,3.2670000000000004e-05,"Freeze completed living P,Q,diet,predation,accumulation,migration. Solve EE for SM; detritus accumulation absorbs routed inflow at fixed predation. No new consumption is assumed.",SE,0.01
446_446_Hudson_Bay_(1970),routing_scenario,12,Harp seal,catch,1.4e-05,1.386e-05,"Freeze completed living P,Q,diet,predation,accumulation,migration. Solve EE for SM; detritus accumulation absorbs routed inflow at fixed predation. No new consumption is assumed.",SE,0.01
446_446_Hudson_Bay_(1970),routing_scenario,11,Ringed Seal,catch,0.000393,0.00038907,"Freeze completed living P,Q,diet,predation,accumulation,migration. Solve EE for SM; detritus accumulation absorbs routed inflow at fixed predation. No new consumption is assumed.",SE,0.01
446_446_Hudson_Bay_(1970),routing_scenario,10,Harbour Seal,catch,2e-06,1.98e-06,"Freeze completed living P,Q,diet,predation,accumulation,migration. Solve EE for SM; detritus accumulation absorbs routed inflow at fixed predation. No new consumption is assumed.",SE,0.01
446_446_Hudson_Bay_(1970),routing_scenario,9,Bearded Seal,catch,0.000167,0.00016533,"Freeze completed living P,Q,diet,predation,accumulation,migration. Solve EE for SM; detritus accumulation absorbs routed inflow at fixed predation. No new consumption is assumed.",SE,0.01
446_446_Hudson_Bay_(1970),routing_scenario,8,Walrus S,catch,6e-06,5.94e-06,"Freeze completed living P,Q,diet,predation,accumulation,migration. Solve EE for SM; detritus accumulation absorbs routed inflow at fixed predation. No new consumption is assumed.",SE,0.01
446_446_Hudson_Bay_(1970),routing_scenario,7,Walrus N,catch,8e-05,7.92e-05,"Freeze completed living P,Q,diet,predation,accumulation,migration. Solve EE for SM; detritus accumulation absorbs routed inflow at fixed predation. No new consumption is assumed.",SE,0.01
446_446_Hudson_Bay_(1970),routing_scenario,6,Bowhead,catch,9e-06,8.91e-06,"Freeze completed living P,Q,diet,predation,accumulation,migration. Solve EE for SM; detritus accumulation absorbs routed inflow at fixed predation. No new consumption is assumed.",SE,0.01
446_446_Hudson_Bay_(1970),routing_scenario,5,Narwhal,catch,3.4e-05,3.366e-05,"Freeze completed living P,Q,diet,predation,accumulation,migration. Solve EE for SM; detritus accumulation absorbs routed inflow at fixed predation. No new consumption is assumed.",SE,0.01
446_446_Hudson_Bay_(1970),routing_scenario,4,Killer Whale,catch,1e-06,9.9e-07,"Freeze completed living P,Q,diet,predation,accumulation,migration. Solve EE for SM; detritus accumulation absorbs routed inflow at fixed predation. No new consumption is assumed.",SE,0.01
446_446_Hudson_Bay_(1970),routing_scenario,3,Polar Bear Foxe,catch,5e-06,4.95e-06,"Freeze completed living P,Q,diet,predation,accumulation,migration. Solve EE for SM; detritus accumulation absorbs routed inflow at fixed predation. No new consumption is assumed.",SE,0.01
446_446_Hudson_Bay_(1970),routing_scenario,2,SH Polar Bear,catch,2.2e-05,2.1779999999999998e-05,"Freeze completed living P,Q,diet,predation,accumulation,migration. Solve EE for SM; detritus accumulation absorbs routed inflow at fixed predation. No new consumption is assumed.",SE,0.01
446_446_Hudson_Bay_(1970),routing_scenario,1,Polar Bear WHB,catch,1.5e-05,1.485e-05,"Freeze completed living P,Q,diet,predation,accumulation,migration. Solve EE for SM; detritus accumulation absorbs routed inflow at fixed predation. No new consumption is assumed.",SE,0.01
446_446_Hudson_Bay_(1970),routing_scenario,25,Brackish Fish,external_loss,0.0,2.64076e-10,"Freeze completed living P,Q,diet,predation,accumulation,migration. Solve EE for SM; detritus accumulation absorbs routed inflow at fixed predation. No new consumption is assumed.",SE,0.01
446_446_Hudson_Bay_(1970),routing_scenario,24,Other Marine Fish,external_loss,0.0,6.60189e-10,"Freeze completed living P,Q,diet,predation,accumulation,migration. Solve EE for SM; detritus accumulation absorbs routed inflow at fixed predation. No new consumption is assumed.",SE,0.01
446_446_Hudson_Bay_(1970),routing_scenario,22,Sandlance,external_loss,0.0,3.96113e-10,"Freeze completed living P,Q,diet,predation,accumulation,migration. Solve EE for SM; detritus accumulation absorbs routed inflow at fixed predation. No new consumption is assumed.",SE,0.01
446_446_Hudson_Bay_(1970),routing_scenario,21,Capelin,external_loss,0.0,1.3203800000000001e-09,"Freeze completed living P,Q,diet,predation,accumulation,migration. Solve EE for SM; detritus accumulation absorbs routed inflow at fixed predation. No new consumption is assumed.",SE,0.01
446_446_Hudson_Bay_(1970),routing_scenario,20,Sculpins/ Zoarcids,external_loss,0.0,2.6407600000000003e-09,"Freeze completed living P,Q,diet,predation,accumulation,migration. Solve EE for SM; detritus accumulation absorbs routed inflow at fixed predation. No new consumption is assumed.",SE,0.01
446_446_Hudson_Bay_(1970),routing_scenario,19,Gadiformes,external_loss,0.0,2.6407600000000003e-09,"Freeze completed living P,Q,diet,predation,accumulation,migration. Solve EE for SM; detritus accumulation absorbs routed inflow at fixed predation. No new consumption is assumed.",SE,0.01
446_446_Hudson_Bay_(1970),routing_scenario,18,Atlantic Salmon,external_loss,0.0,1.32038e-10,"Freeze completed living P,Q,diet,predation,accumulation,migration. Solve EE for SM; detritus accumulation absorbs routed inflow at fixed predation. No new consumption is assumed.",SE,0.01
446_446_Hudson_Bay_(1970),routing_scenario,17,Arctic Char,external_loss,0.0,4.621320000000001e-09,"Freeze completed living P,Q,diet,predation,accumulation,migration. Solve EE for SM; detritus accumulation absorbs routed inflow at fixed predation. No new consumption is assumed.",SE,0.01
446_446_Hudson_Bay_(1970),routing_scenario,16,Seabirds,external_loss,0.0,3.25e-06,"Freeze completed living P,Q,diet,predation,accumulation,migration. Solve EE for SM; detritus accumulation absorbs routed inflow at fixed predation. No new consumption is assumed.",SE,0.01
446_446_Hudson_Bay_(1970),routing_scenario,15,Beluga James,external_loss,0.0,1.4e-07,"Freeze completed living P,Q,diet,predation,accumulation,migration. Solve EE for SM; detritus accumulation absorbs routed inflow at fixed predation. No new consumption is assumed.",SE,0.01
446_446_Hudson_Bay_(1970),routing_scenario,14,Beluga W,external_loss,0.0,6.05e-07,"Freeze completed living P,Q,diet,predation,accumulation,migration. Solve EE for SM; detritus accumulation absorbs routed inflow at fixed predation. No new consumption is assumed.",SE,0.01
446_446_Hudson_Bay_(1970),routing_scenario,13,Beluga E,external_loss,0.0,3.3e-07,"Freeze completed living P,Q,diet,predation,accumulation,migration. Solve EE for SM; detritus accumulation absorbs routed inflow at fixed predation. No new consumption is assumed.",SE,0.01
446_446_Hudson_Bay_(1970),routing_scenario,12,Harp seal,external_loss,0.0,1.4e-07,"Freeze completed living P,Q,diet,predation,accumulation,migration. Solve EE for SM; detritus accumulation absorbs routed inflow at fixed predation. No new consumption is assumed.",SE,0.01
446_446_Hudson_Bay_(1970),routing_scenario,11,Ringed Seal,external_loss,0.0,3.9300000000000005e-06,"Freeze completed living P,Q,diet,predation,accumulation,migration. Solve EE for SM; detritus accumulation absorbs routed inflow at fixed predation. No new consumption is assumed.",SE,0.01
446_446_Hudson_Bay_(1970),routing_scenario,10,Harbour Seal,external_loss,0.0,2e-08,"Freeze completed living P,Q,diet,predation,accumulation,migration. Solve EE for SM; detritus accumulation absorbs routed inflow at fixed predation. No new consumption is assumed.",SE,0.01
446_446_Hudson_Bay_(1970),routing_scenario,9,Bearded Seal,external_loss,0.0,1.6699999999999999e-06,"Freeze completed living P,Q,diet,predation,accumulation,migration. Solve EE for SM; detritus accumulation absorbs routed inflow at fixed predation. No new consumption is assumed.",SE,0.01
446_446_Hudson_Bay_(1970),routing_scenario,8,Walrus S,external_loss,0.0,6.000000000000001e-08,"Freeze completed living P,Q,diet,predation,accumulation,migration. Solve EE for SM; detritus accumulation absorbs routed inflow at fixed predation. No new consumption is assumed.",SE,0.01
446_446_Hudson_Bay_(1970),routing_scenario,7,Walrus N,external_loss,0.0,8.000000000000001e-07,"Freeze completed living P,Q,diet,predation,accumulation,migration. Solve EE for SM; detritus accumulation absorbs routed inflow at fixed predation. No new consumption is assumed.",SE,0.01
446_446_Hudson_Bay_(1970),routing_scenario,6,Bowhead,external_loss,0.0,9e-08,"Freeze completed living P,Q,diet,predation,accumulation,migration. Solve EE for SM; detritus accumulation absorbs routed inflow at fixed predation. No new consumption is assumed.",SE,0.01
446_446_Hudson_Bay_(1970),routing_scenario,5,Narwhal,external_loss,0.0,3.4000000000000003e-07,"Freeze completed living P,Q,diet,predation,accumulation,migration. Solve EE for SM; detritus accumulation absorbs routed inflow at fixed predation. No new consumption is assumed.",SE,0.01
446_446_Hudson_Bay_(1970),routing_scenario,4,Killer Whale,external_loss,0.0,1e-08,"Freeze completed living P,Q,diet,predation,accumulation,migration. Solve EE for SM; detritus accumulation absorbs routed inflow at fixed predation. No new consumption is assumed.",SE,0.01
446_446_Hudson_Bay_(1970),routing_scenario,3,Polar Bear Foxe,external_loss,0.0,5.0000000000000004e-08,"Freeze completed living P,Q,diet,predation,accumulation,migration. Solve EE for SM; detritus accumulation absorbs routed inflow at fixed predation. No new consumption is assumed.",SE,0.01
446_446_Hudson_Bay_(1970),routing_scenario,2,SH Polar Bear,external_loss,0.0,2.2e-07,"Freeze completed living P,Q,diet,predation,accumulation,migration. Solve EE for SM; detritus accumulation absorbs routed inflow at fixed predation. No new consumption is assumed.",SE,0.01
446_446_Hudson_Bay_(1970),routing_scenario,1,Polar Bear WHB,external_loss,0.0,1.5000000000000002e-07,"Freeze completed living P,Q,diet,predation,accumulation,migration. Solve EE for SM; detritus accumulation absorbs routed inflow at fixed predation. No new consumption is assumed.",SE,0.01
446_446_Hudson_Bay_(1970),routing_scenario,40,Pelagic Detritus,p,128.24910803428477,128.249131669636,"Freeze completed living P,Q,diet,predation,accumulation,migration. Solve EE for SM; detritus accumulation absorbs routed inflow at fixed predation. No new consumption is assumed.",SM,0.02
446_446_Hudson_Bay_(1970),routing_scenario,40,Pelagic Detritus,q,128.24910803428477,128.249131669636,"Freeze completed living P,Q,diet,predation,accumulation,migration. Solve EE for SM; detritus accumulation absorbs routed inflow at fixed predation. No new consumption is assumed.",SM,0.02
446_446_Hudson_Bay_(1970),routing_scenario,25,Brackish Fish,M0,0.0025425355725000025,0.0025425361006520025,"Freeze completed living P,Q,diet,predation,accumulation,migration. Solve EE for SM; detritus accumulation absorbs routed inflow at fixed predation. No new consumption is assumed.",SM,0.02
446_446_Hudson_Bay_(1970),routing_scenario,24,Other Marine Fish,M0,0.011930946740000012,0.011930948060378012,"Freeze completed living P,Q,diet,predation,accumulation,migration. Solve EE for SM; detritus accumulation absorbs routed inflow at fixed predation. No new consumption is assumed.",SM,0.02
446_446_Hudson_Bay_(1970),routing_scenario,22,Sandlance,M0,0.021766202280000018,0.021766203072226018,"Freeze completed living P,Q,diet,predation,accumulation,migration. Solve EE for SM; detritus accumulation absorbs routed inflow at fixed predation. No new consumption is assumed.",SM,0.02
446_446_Hudson_Bay_(1970),routing_scenario,21,Capelin,M0,0.025841266500000022,0.025841269140760022,"Freeze completed living P,Q,diet,predation,accumulation,migration. Solve EE for SM; detritus accumulation absorbs routed inflow at fixed predation. No new consumption is assumed.",SM,0.02
446_446_Hudson_Bay_(1970),routing_scenario,20,Sculpins/ Zoarcids,M0,0.008667478715000008,0.008667483996520009,"Freeze completed living P,Q,diet,predation,accumulation,migration. Solve EE for SM; detritus accumulation absorbs routed inflow at fixed predation. No new consumption is assumed.",SM,0.02
446_446_Hudson_Bay_(1970),routing_scenario,19,Gadiformes,M0,0.016022631350000014,0.016022636631520013,"Freeze completed living P,Q,diet,predation,accumulation,migration. Solve EE for SM; detritus accumulation absorbs routed inflow at fixed predation. No new consumption is assumed.",SM,0.02
446_446_Hudson_Bay_(1970),routing_scenario,18,Atlantic Salmon,M0,0.0013343262400000013,0.0013343265040760013,"Freeze completed living P,Q,diet,predation,accumulation,migration. Solve EE for SM; detritus accumulation absorbs routed inflow at fixed predation. No new consumption is assumed.",SM,0.02
446_446_Hudson_Bay_(1970),routing_scenario,17,Arctic Char,M0,0.0017951153200000017,0.0017951245626400016,"Freeze completed living P,Q,diet,predation,accumulation,migration. Solve EE for SM; detritus accumulation absorbs routed inflow at fixed predation. No new consumption is assumed.",SM,0.02
446_446_Hudson_Bay_(1970),routing_scenario,16,Seabirds,M0,0.021714263038000003,0.021720763038000003,"Freeze completed living P,Q,diet,predation,accumulation,migration. Solve EE for SM; detritus accumulation absorbs routed inflow at fixed predation. No new consumption is assumed.",SM,0.02
446_446_Hudson_Bay_(1970),routing_scenario,15,Beluga James,M0,5.5673137044634417e-05,5.5953137044634414e-05,"Freeze completed living P,Q,diet,predation,accumulation,migration. Solve EE for SM; detritus accumulation absorbs routed inflow at fixed predation. No new consumption is assumed.",SM,0.02
446_446_Hudson_Bay_(1970),routing_scenario,14,Beluga W,M0,0.0013602991127677291,0.001361509112767729,"Freeze completed living P,Q,diet,predation,accumulation,migration. Solve EE for SM; detritus accumulation absorbs routed inflow at fixed predation. No new consumption is assumed.",SM,0.02
446_446_Hudson_Bay_(1970),routing_scenario,13,Beluga E,M0,9.807396405385151e-05,9.873396405385151e-05,"Freeze completed living P,Q,diet,predation,accumulation,migration. Solve EE for SM; detritus accumulation absorbs routed inflow at fixed predation. No new consumption is assumed.",SM,0.02
446_446_Hudson_Bay_(1970),routing_scenario,12,Harp seal,M0,3.9123524670240005e-05,3.940352467024e-05,"Freeze completed living P,Q,diet,predation,accumulation,migration. Solve EE for SM; detritus accumulation absorbs routed inflow at fixed predation. No new consumption is assumed.",SM,0.02
446_446_Hudson_Bay_(1970),routing_scenario,11,Ringed Seal,M0,0.004359851707524983,0.004367711707524983,"Freeze completed living P,Q,diet,predation,accumulation,migration. Solve EE for SM; detritus accumulation absorbs routed inflow at fixed predation. No new consumption is assumed.",SM,0.02
446_446_Hudson_Bay_(1970),routing_scenario,10,Harbour Seal,M0,0.00012099825122750879,0.0001210382512275088,"Freeze completed living P,Q,diet,predation,accumulation,migration. Solve EE for SM; detritus accumulation absorbs routed inflow at fixed predation. No new consumption is assumed.",SM,0.02
446_446_Hudson_Bay_(1970),routing_scenario,9,Bearded Seal,M0,0.00013606373638765757,0.00013940373638765758,"Freeze completed living P,Q,diet,predation,accumulation,migration. Solve EE for SM; detritus accumulation absorbs routed inflow at fixed predation. No new consumption is assumed.",SM,0.02
446_446_Hudson_Bay_(1970),routing_scenario,8,Walrus S,M0,8.217029462185597e-05,8.229029462185598e-05,"Freeze completed living P,Q,diet,predation,accumulation,migration. Solve EE for SM; detritus accumulation absorbs routed inflow at fixed predation. No new consumption is assumed.",SM,0.02
446_446_Hudson_Bay_(1970),routing_scenario,7,Walrus N,M0,0.0003819925835737691,0.0003835925835737691,"Freeze completed living P,Q,diet,predation,accumulation,migration. Solve EE for SM; detritus accumulation absorbs routed inflow at fixed predation. No new consumption is assumed.",SM,0.02
446_446_Hudson_Bay_(1970),routing_scenario,6,Bowhead,M0,0.00021741439634646387,0.00021759439634646386,"Freeze completed living P,Q,diet,predation,accumulation,migration. Solve EE for SM; detritus accumulation absorbs routed inflow at fixed predation. No new consumption is assumed.",SM,0.02
446_446_Hudson_Bay_(1970),routing_scenario,5,Narwhal,M0,0.00011868823016079942,0.00011936823016079942,"Freeze completed living P,Q,diet,predation,accumulation,migration. Solve EE for SM; detritus accumulation absorbs routed inflow at fixed predation. No new consumption is assumed.",SM,0.02
446_446_Hudson_Bay_(1970),routing_scenario,4,Killer Whale,M0,2.76981004599574e-06,2.7898100459957396e-06,"Freeze completed living P,Q,diet,predation,accumulation,migration. Solve EE for SM; detritus accumulation absorbs routed inflow at fixed predation. No new consumption is assumed.",SM,0.02
446_446_Hudson_Bay_(1970),routing_scenario,3,Polar Bear Foxe,M0,1.611317803944726e-05,1.621317803944726e-05,"Freeze completed living P,Q,diet,predation,accumulation,migration. Solve EE for SM; detritus accumulation absorbs routed inflow at fixed predation. No new consumption is assumed.",SM,0.02
446_446_Hudson_Bay_(1970),routing_scenario,2,SH Polar Bear,M0,2.9258219105026142e-05,2.969821910502614e-05,"Freeze completed living P,Q,diet,predation,accumulation,migration. Solve EE for SM; detritus accumulation absorbs routed inflow at fixed predation. No new consumption is assumed.",SM,0.02
446_446_Hudson_Bay_(1970),routing_scenario,1,Polar Bear WHB,M0,3.4803496340686466e-05,3.5103496340686466e-05,"Freeze completed living P,Q,diet,predation,accumulation,migration. Solve EE for SM; detritus accumulation absorbs routed inflow at fixed predation. No new consumption is assumed.",SM,0.02
446_446_Hudson_Bay_(1970),routing_scenario,25,Brackish Fish,EE,0.95,0.9499999896136753,"Freeze completed living P,Q,diet,predation,accumulation,migration. Solve EE for SM; detritus accumulation absorbs routed inflow at fixed predation. No new consumption is assumed.",SM,0.02
446_446_Hudson_Bay_(1970),routing_scenario,24,Other Marine Fish,EE,0.95,0.9499999944665832,"Freeze completed living P,Q,diet,predation,accumulation,migration. Solve EE for SM; detritus accumulation absorbs routed inflow at fixed predation. No new consumption is assumed.",SM,0.02
446_446_Hudson_Bay_(1970),routing_scenario,22,Sandlance,EE,0.95,0.9499999981801465,"Freeze completed living P,Q,diet,predation,accumulation,migration. Solve EE for SM; detritus accumulation absorbs routed inflow at fixed predation. No new consumption is assumed.",SM,0.02
446_446_Hudson_Bay_(1970),routing_scenario,21,Capelin,EE,0.95,0.9499999948904206,"Freeze completed living P,Q,diet,predation,accumulation,migration. Solve EE for SM; detritus accumulation absorbs routed inflow at fixed predation. No new consumption is assumed.",SM,0.02
446_446_Hudson_Bay_(1970),routing_scenario,20,Sculpins/ Zoarcids,EE,0.95,0.949999969532547,"Freeze completed living P,Q,diet,predation,accumulation,migration. Solve EE for SM; detritus accumulation absorbs routed inflow at fixed predation. No new consumption is assumed.",SM,0.02
446_446_Hudson_Bay_(1970),routing_scenario,19,Gadiformes,EE,0.95,0.9499999835185623,"Freeze completed living P,Q,diet,predation,accumulation,migration. Solve EE for SM; detritus accumulation absorbs routed inflow at fixed predation. No new consumption is assumed.",SM,0.02
446_446_Hudson_Bay_(1970),routing_scenario,18,Atlantic Salmon,EE,0.95,0.949999990104519,"Freeze completed living P,Q,diet,predation,accumulation,migration. Solve EE for SM; detritus accumulation absorbs routed inflow at fixed predation. No new consumption is assumed.",SM,0.02
446_446_Hudson_Bay_(1970),routing_scenario,17,Arctic Char,EE,0.95,0.949999742561386,"Freeze completed living P,Q,diet,predation,accumulation,migration. Solve EE for SM; detritus accumulation absorbs routed inflow at fixed predation. No new consumption is assumed.",SM,0.02
446_446_Hudson_Bay_(1970),routing_scenario,16,Seabirds,EE,0.09712003999999996,0.0968497697297297,"Freeze completed living P,Q,diet,predation,accumulation,migration. Solve EE for SM; detritus accumulation absorbs routed inflow at fixed predation. No new consumption is assumed.",SM,0.02
446_446_Hudson_Bay_(1970),routing_scenario,15,Beluga James,EE,0.5643347,0.5621435843116169,"Freeze completed living P,Q,diet,predation,accumulation,migration. Solve EE for SM; detritus accumulation absorbs routed inflow at fixed predation. No new consumption is assumed.",SM,0.02
446_446_Hudson_Bay_(1970),routing_scenario,14,Beluga W,EE,0.13272054499999997,0.1319490910376322,"Freeze completed living P,Q,diet,predation,accumulation,migration. Solve EE for SM; detritus accumulation absorbs routed inflow at fixed predation. No new consumption is assumed.",SM,0.02
446_446_Hudson_Bay_(1970),routing_scenario,13,Beluga E,EE,0.28052579999999994,0.27568401577539914,"Freeze completed living P,Q,diet,predation,accumulation,migration. Solve EE for SM; detritus accumulation absorbs routed inflow at fixed predation. No new consumption is assumed.",SM,0.02
446_446_Hudson_Bay_(1970),routing_scenario,12,Harp seal,EE,0.6883504,0.6861199800995564,"Freeze completed living P,Q,diet,predation,accumulation,migration. Solve EE for SM; detritus accumulation absorbs routed inflow at fixed predation. No new consumption is assumed.",SM,0.02
446_446_Hudson_Bay_(1970),routing_scenario,11,Ringed Seal,EE,0.412556618,0.4114975670752745,"Freeze completed living P,Q,diet,predation,accumulation,migration. Solve EE for SM; detritus accumulation absorbs routed inflow at fixed predation. No new consumption is assumed.",SM,0.02
446_446_Hudson_Bay_(1970),routing_scenario,10,Harbour Seal,EE,0.07364795999999996,0.07334172349472745,"Freeze completed living P,Q,diet,predation,accumulation,migration. Solve EE for SM; detritus accumulation absorbs routed inflow at fixed predation. No new consumption is assumed.",SM,0.02
446_446_Hudson_Bay_(1970),routing_scenario,9,Bearded Seal,EE,0.791283369,0.7861599351884084,"Freeze completed living P,Q,diet,predation,accumulation,migration. Solve EE for SM; detritus accumulation absorbs routed inflow at fixed predation. No new consumption is assumed.",SM,0.02
446_446_Hudson_Bay_(1970),routing_scenario,8,Walrus S,EE,0.143246785,0.14199559822656638,"Freeze completed living P,Q,diet,predation,accumulation,migration. Solve EE for SM; detritus accumulation absorbs routed inflow at fixed predation. No new consumption is assumed.",SM,0.02
446_446_Hudson_Bay_(1970),routing_scenario,7,Walrus N,EE,0.18816389099999997,0.18476346431567103,"Freeze completed living P,Q,diet,predation,accumulation,migration. Solve EE for SM; detritus accumulation absorbs routed inflow at fixed predation. No new consumption is assumed.",SM,0.02
446_446_Hudson_Bay_(1970),routing_scenario,6,Bowhead,EE,0.052819170000000026,0.05203498757112213,"Freeze completed living P,Q,diet,predation,accumulation,migration. Solve EE for SM; detritus accumulation absorbs routed inflow at fixed predation. No new consumption is assumed.",SM,0.02
446_446_Hudson_Bay_(1970),routing_scenario,5,Narwhal,EE,0.2706202,0.2664413672435586,"Freeze completed living P,Q,diet,predation,accumulation,migration. Solve EE for SM; detritus accumulation absorbs routed inflow at fixed predation. No new consumption is assumed.",SM,0.02
446_446_Hudson_Bay_(1970),routing_scenario,4,Killer Whale,EE,0.26526534600000007,0.2599600388359786,"Freeze completed living P,Q,diet,predation,accumulation,migration. Solve EE for SM; detritus accumulation absorbs routed inflow at fixed predation. No new consumption is assumed.",SM,0.02
446_446_Hudson_Bay_(1970),routing_scenario,3,Polar Bear Foxe,EE,0.3027038569999999,0.2983763671572581,"Freeze completed living P,Q,diet,predation,accumulation,migration. Solve EE for SM; detritus accumulation absorbs routed inflow at fixed predation. No new consumption is assumed.",SM,0.02
446_446_Hudson_Bay_(1970),routing_scenario,2,SH Polar Bear,EE,0.5060891,0.4986614163388756,"Freeze completed living P,Q,diet,predation,accumulation,migration. Solve EE for SM; detritus accumulation absorbs routed inflow at fixed predation. No new consumption is assumed.",SM,0.02
446_446_Hudson_Bay_(1970),routing_scenario,1,Polar Bear WHB,EE,0.4138758,0.40882351277348816,"Freeze completed living P,Q,diet,predation,accumulation,migration. Solve EE for SM; detritus accumulation absorbs routed inflow at fixed predation. No new consumption is assumed.",SM,0.02
446_446_Hudson_Bay_(1970),routing_scenario,25,Brackish Fish,catch,2.64076e-08,2.5879447999999997e-08,"Freeze completed living P,Q,diet,predation,accumulation,migration. Solve EE for SM; detritus accumulation absorbs routed inflow at fixed predation. No new consumption is assumed.",SM,0.02
446_446_Hudson_Bay_(1970),routing_scenario,24,Other Marine Fish,catch,6.60189e-08,6.4698522e-08,"Freeze completed living P,Q,diet,predation,accumulation,migration. Solve EE for SM; detritus accumulation absorbs routed inflow at fixed predation. No new consumption is assumed.",SM,0.02
446_446_Hudson_Bay_(1970),routing_scenario,22,Sandlance,catch,3.96113e-08,3.8819073999999996e-08,"Freeze completed living P,Q,diet,predation,accumulation,migration. Solve EE for SM; detritus accumulation absorbs routed inflow at fixed predation. No new consumption is assumed.",SM,0.02
446_446_Hudson_Bay_(1970),routing_scenario,21,Capelin,catch,1.32038e-07,1.2939724e-07,"Freeze completed living P,Q,diet,predation,accumulation,migration. Solve EE for SM; detritus accumulation absorbs routed inflow at fixed predation. No new consumption is assumed.",SM,0.02
446_446_Hudson_Bay_(1970),routing_scenario,20,Sculpins/ Zoarcids,catch,2.64076e-07,2.5879448e-07,"Freeze completed living P,Q,diet,predation,accumulation,migration. Solve EE for SM; detritus accumulation absorbs routed inflow at fixed predation. No new consumption is assumed.",SM,0.02
446_446_Hudson_Bay_(1970),routing_scenario,19,Gadiformes,catch,2.64076e-07,2.5879448e-07,"Freeze completed living P,Q,diet,predation,accumulation,migration. Solve EE for SM; detritus accumulation absorbs routed inflow at fixed predation. No new consumption is assumed.",SM,0.02
446_446_Hudson_Bay_(1970),routing_scenario,18,Atlantic Salmon,catch,1.32038e-08,1.2939723999999998e-08,"Freeze completed living P,Q,diet,predation,accumulation,migration. Solve EE for SM; detritus accumulation absorbs routed inflow at fixed predation. No new consumption is assumed.",SM,0.02
446_446_Hudson_Bay_(1970),routing_scenario,17,Arctic Char,catch,4.62132e-07,4.5288936000000004e-07,"Freeze completed living P,Q,diet,predation,accumulation,migration. Solve EE for SM; detritus accumulation absorbs routed inflow at fixed predation. No new consumption is assumed.",SM,0.02
446_446_Hudson_Bay_(1970),routing_scenario,16,Seabirds,catch,0.000325,0.0003185,"Freeze completed living P,Q,diet,predation,accumulation,migration. Solve EE for SM; detritus accumulation absorbs routed inflow at fixed predation. No new consumption is assumed.",SM,0.02
446_446_Hudson_Bay_(1970),routing_scenario,15,Beluga James,catch,1.4e-05,1.3719999999999999e-05,"Freeze completed living P,Q,diet,predation,accumulation,migration. Solve EE for SM; detritus accumulation absorbs routed inflow at fixed predation. No new consumption is assumed.",SM,0.02
446_446_Hudson_Bay_(1970),routing_scenario,14,Beluga W,catch,6.05e-05,5.9289999999999996e-05,"Freeze completed living P,Q,diet,predation,accumulation,migration. Solve EE for SM; detritus accumulation absorbs routed inflow at fixed predation. No new consumption is assumed.",SM,0.02
446_446_Hudson_Bay_(1970),routing_scenario,13,Beluga E,catch,3.3e-05,3.234e-05,"Freeze completed living P,Q,diet,predation,accumulation,migration. Solve EE for SM; detritus accumulation absorbs routed inflow at fixed predation. No new consumption is assumed.",SM,0.02
446_446_Hudson_Bay_(1970),routing_scenario,12,Harp seal,catch,1.4e-05,1.3719999999999999e-05,"Freeze completed living P,Q,diet,predation,accumulation,migration. Solve EE for SM; detritus accumulation absorbs routed inflow at fixed predation. No new consumption is assumed.",SM,0.02
446_446_Hudson_Bay_(1970),routing_scenario,11,Ringed Seal,catch,0.000393,0.00038514,"Freeze completed living P,Q,diet,predation,accumulation,migration. Solve EE for SM; detritus accumulation absorbs routed inflow at fixed predation. No new consumption is assumed.",SM,0.02
446_446_Hudson_Bay_(1970),routing_scenario,10,Harbour Seal,catch,2e-06,1.96e-06,"Freeze completed living P,Q,diet,predation,accumulation,migration. Solve EE for SM; detritus accumulation absorbs routed inflow at fixed predation. No new consumption is assumed.",SM,0.02
446_446_Hudson_Bay_(1970),routing_scenario,9,Bearded Seal,catch,0.000167,0.00016366,"Freeze completed living P,Q,diet,predation,accumulation,migration. Solve EE for SM; detritus accumulation absorbs routed inflow at fixed predation. No new consumption is assumed.",SM,0.02
446_446_Hudson_Bay_(1970),routing_scenario,8,Walrus S,catch,6e-06,5.8800000000000005e-06,"Freeze completed living P,Q,diet,predation,accumulation,migration. Solve EE for SM; detritus accumulation absorbs routed inflow at fixed predation. No new consumption is assumed.",SM,0.02
446_446_Hudson_Bay_(1970),routing_scenario,7,Walrus N,catch,8e-05,7.840000000000001e-05,"Freeze completed living P,Q,diet,predation,accumulation,migration. Solve EE for SM; detritus accumulation absorbs routed inflow at fixed predation. No new consumption is assumed.",SM,0.02
446_446_Hudson_Bay_(1970),routing_scenario,6,Bowhead,catch,9e-06,8.82e-06,"Freeze completed living P,Q,diet,predation,accumulation,migration. Solve EE for SM; detritus accumulation absorbs routed inflow at fixed predation. No new consumption is assumed.",SM,0.02
446_446_Hudson_Bay_(1970),routing_scenario,5,Narwhal,catch,3.4e-05,3.332e-05,"Freeze completed living P,Q,diet,predation,accumulation,migration. Solve EE for SM; detritus accumulation absorbs routed inflow at fixed predation. No new consumption is assumed.",SM,0.02
446_446_Hudson_Bay_(1970),routing_scenario,4,Killer Whale,catch,1e-06,9.8e-07,"Freeze completed living P,Q,diet,predation,accumulation,migration. Solve EE for SM; detritus accumulation absorbs routed inflow at fixed predation. No new consumption is assumed.",SM,0.02
446_446_Hudson_Bay_(1970),routing_scenario,3,Polar Bear Foxe,catch,5e-06,4.9000000000000005e-06,"Freeze completed living P,Q,diet,predation,accumulation,migration. Solve EE for SM; detritus accumulation absorbs routed inflow at fixed predation. No new consumption is assumed.",SM,0.02
446_446_Hudson_Bay_(1970),routing_scenario,2,SH Polar Bear,catch,2.2e-05,2.156e-05,"Freeze completed living P,Q,diet,predation,accumulation,migration. Solve EE for SM; detritus accumulation absorbs routed inflow at fixed predation. No new consumption is assumed.",SM,0.02
446_446_Hudson_Bay_(1970),routing_scenario,1,Polar Bear WHB,catch,1.5e-05,1.47e-05,"Freeze completed living P,Q,diet,predation,accumulation,migration. Solve EE for SM; detritus accumulation absorbs routed inflow at fixed predation. No new consumption is assumed.",SM,0.02
446_446_Hudson_Bay_(1970),routing_scenario,40,Pelagic Detritus,growth,100.09094139097152,100.09096502632275,"Freeze completed living P,Q,diet,predation,accumulation,migration. Solve EE for SM; detritus accumulation absorbs routed inflow at fixed predation. No new consumption is assumed.",SM,0.02
446_446_Hudson_Bay_(1970),routing_scenario,25,Brackish Fish,catch,2.64076e-08,2.5879447999999997e-08,"Freeze completed living P,Q,diet,predation,accumulation,migration. Solve EE for SM; detritus accumulation absorbs routed inflow at fixed predation. No new consumption is assumed.",SE,0.02
446_446_Hudson_Bay_(1970),routing_scenario,24,Other Marine Fish,catch,6.60189e-08,6.4698522e-08,"Freeze completed living P,Q,diet,predation,accumulation,migration. Solve EE for SM; detritus accumulation absorbs routed inflow at fixed predation. No new consumption is assumed.",SE,0.02
446_446_Hudson_Bay_(1970),routing_scenario,22,Sandlance,catch,3.96113e-08,3.8819073999999996e-08,"Freeze completed living P,Q,diet,predation,accumulation,migration. Solve EE for SM; detritus accumulation absorbs routed inflow at fixed predation. No new consumption is assumed.",SE,0.02
446_446_Hudson_Bay_(1970),routing_scenario,21,Capelin,catch,1.32038e-07,1.2939724e-07,"Freeze completed living P,Q,diet,predation,accumulation,migration. Solve EE for SM; detritus accumulation absorbs routed inflow at fixed predation. No new consumption is assumed.",SE,0.02
446_446_Hudson_Bay_(1970),routing_scenario,20,Sculpins/ Zoarcids,catch,2.64076e-07,2.5879448e-07,"Freeze completed living P,Q,diet,predation,accumulation,migration. Solve EE for SM; detritus accumulation absorbs routed inflow at fixed predation. No new consumption is assumed.",SE,0.02
446_446_Hudson_Bay_(1970),routing_scenario,19,Gadiformes,catch,2.64076e-07,2.5879448e-07,"Freeze completed living P,Q,diet,predation,accumulation,migration. Solve EE for SM; detritus accumulation absorbs routed inflow at fixed predation. No new consumption is assumed.",SE,0.02
446_446_Hudson_Bay_(1970),routing_scenario,18,Atlantic Salmon,catch,1.32038e-08,1.2939723999999998e-08,"Freeze completed living P,Q,diet,predation,accumulation,migration. Solve EE for SM; detritus accumulation absorbs routed inflow at fixed predation. No new consumption is assumed.",SE,0.02
446_446_Hudson_Bay_(1970),routing_scenario,17,Arctic Char,catch,4.62132e-07,4.5288936000000004e-07,"Freeze completed living P,Q,diet,predation,accumulation,migration. Solve EE for SM; detritus accumulation absorbs routed inflow at fixed predation. No new consumption is assumed.",SE,0.02
446_446_Hudson_Bay_(1970),routing_scenario,16,Seabirds,catch,0.000325,0.0003185,"Freeze completed living P,Q,diet,predation,accumulation,migration. Solve EE for SM; detritus accumulation absorbs routed inflow at fixed predation. No new consumption is assumed.",SE,0.02
446_446_Hudson_Bay_(1970),routing_scenario,15,Beluga James,catch,1.4e-05,1.3719999999999999e-05,"Freeze completed living P,Q,diet,predation,accumulation,migration. Solve EE for SM; detritus accumulation absorbs routed inflow at fixed predation. No new consumption is assumed.",SE,0.02
446_446_Hudson_Bay_(1970),routing_scenario,14,Beluga W,catch,6.05e-05,5.9289999999999996e-05,"Freeze completed living P,Q,diet,predation,accumulation,migration. Solve EE for SM; detritus accumulation absorbs routed inflow at fixed predation. No new consumption is assumed.",SE,0.02
446_446_Hudson_Bay_(1970),routing_scenario,13,Beluga E,catch,3.3e-05,3.234e-05,"Freeze completed living P,Q,diet,predation,accumulation,migration. Solve EE for SM; detritus accumulation absorbs routed inflow at fixed predation. No new consumption is assumed.",SE,0.02
446_446_Hudson_Bay_(1970),routing_scenario,12,Harp seal,catch,1.4e-05,1.3719999999999999e-05,"Freeze completed living P,Q,diet,predation,accumulation,migration. Solve EE for SM; detritus accumulation absorbs routed inflow at fixed predation. No new consumption is assumed.",SE,0.02
446_446_Hudson_Bay_(1970),routing_scenario,11,Ringed Seal,catch,0.000393,0.00038514,"Freeze completed living P,Q,diet,predation,accumulation,migration. Solve EE for SM; detritus accumulation absorbs routed inflow at fixed predation. No new consumption is assumed.",SE,0.02
446_446_Hudson_Bay_(1970),routing_scenario,10,Harbour Seal,catch,2e-06,1.96e-06,"Freeze completed living P,Q,diet,predation,accumulation,migration. Solve EE for SM; detritus accumulation absorbs routed inflow at fixed predation. No new consumption is assumed.",SE,0.02
446_446_Hudson_Bay_(1970),routing_scenario,9,Bearded Seal,catch,0.000167,0.00016366,"Freeze completed living P,Q,diet,predation,accumulation,migration. Solve EE for SM; detritus accumulation absorbs routed inflow at fixed predation. No new consumption is assumed.",SE,0.02
446_446_Hudson_Bay_(1970),routing_scenario,8,Walrus S,catch,6e-06,5.8800000000000005e-06,"Freeze completed living P,Q,diet,predation,accumulation,migration. Solve EE for SM; detritus accumulation absorbs routed inflow at fixed predation. No new consumption is assumed.",SE,0.02
446_446_Hudson_Bay_(1970),routing_scenario,7,Walrus N,catch,8e-05,7.840000000000001e-05,"Freeze completed living P,Q,diet,predation,accumulation,migration. Solve EE for SM; detritus accumulation absorbs routed inflow at fixed predation. No new consumption is assumed.",SE,0.02
446_446_Hudson_Bay_(1970),routing_scenario,6,Bowhead,catch,9e-06,8.82e-06,"Freeze completed living P,Q,diet,predation,accumulation,migration. Solve EE for SM; detritus accumulation absorbs routed inflow at fixed predation. No new consumption is assumed.",SE,0.02
446_446_Hudson_Bay_(1970),routing_scenario,5,Narwhal,catch,3.4e-05,3.332e-05,"Freeze completed living P,Q,diet,predation,accumulation,migration. Solve EE for SM; detritus accumulation absorbs routed inflow at fixed predation. No new consumption is assumed.",SE,0.02
446_446_Hudson_Bay_(1970),routing_scenario,4,Killer Whale,catch,1e-06,9.8e-07,"Freeze completed living P,Q,diet,predation,accumulation,migration. Solve EE for SM; detritus accumulation absorbs routed inflow at fixed predation. No new consumption is assumed.",SE,0.02
446_446_Hudson_Bay_(1970),routing_scenario,3,Polar Bear Foxe,catch,5e-06,4.9000000000000005e-06,"Freeze completed living P,Q,diet,predation,accumulation,migration. Solve EE for SM; detritus accumulation absorbs routed inflow at fixed predation. No new consumption is assumed.",SE,0.02
446_446_Hudson_Bay_(1970),routing_scenario,2,SH Polar Bear,catch,2.2e-05,2.156e-05,"Freeze completed living P,Q,diet,predation,accumulation,migration. Solve EE for SM; detritus accumulation absorbs routed inflow at fixed predation. No new consumption is assumed.",SE,0.02
446_446_Hudson_Bay_(1970),routing_scenario,1,Polar Bear WHB,catch,1.5e-05,1.47e-05,"Freeze completed living P,Q,diet,predation,accumulation,migration. Solve EE for SM; detritus accumulation absorbs routed inflow at fixed predation. No new consumption is assumed.",SE,0.02
446_446_Hudson_Bay_(1970),routing_scenario,25,Brackish Fish,external_loss,0.0,5.28152e-10,"Freeze completed living P,Q,diet,predation,accumulation,migration. Solve EE for SM; detritus accumulation absorbs routed inflow at fixed predation. No new consumption is assumed.",SE,0.02
446_446_Hudson_Bay_(1970),routing_scenario,24,Other Marine Fish,external_loss,0.0,1.320378e-09,"Freeze completed living P,Q,diet,predation,accumulation,migration. Solve EE for SM; detritus accumulation absorbs routed inflow at fixed predation. No new consumption is assumed.",SE,0.02
446_446_Hudson_Bay_(1970),routing_scenario,22,Sandlance,external_loss,0.0,7.92226e-10,"Freeze completed living P,Q,diet,predation,accumulation,migration. Solve EE for SM; detritus accumulation absorbs routed inflow at fixed predation. No new consumption is assumed.",SE,0.02
446_446_Hudson_Bay_(1970),routing_scenario,21,Capelin,external_loss,0.0,2.6407600000000003e-09,"Freeze completed living P,Q,diet,predation,accumulation,migration. Solve EE for SM; detritus accumulation absorbs routed inflow at fixed predation. No new consumption is assumed.",SE,0.02
446_446_Hudson_Bay_(1970),routing_scenario,20,Sculpins/ Zoarcids,external_loss,0.0,5.281520000000001e-09,"Freeze completed living P,Q,diet,predation,accumulation,migration. Solve EE for SM; detritus accumulation absorbs routed inflow at fixed predation. No new consumption is assumed.",SE,0.02
446_446_Hudson_Bay_(1970),routing_scenario,19,Gadiformes,external_loss,0.0,5.281520000000001e-09,"Freeze completed living P,Q,diet,predation,accumulation,migration. Solve EE for SM; detritus accumulation absorbs routed inflow at fixed predation. No new consumption is assumed.",SE,0.02
446_446_Hudson_Bay_(1970),routing_scenario,18,Atlantic Salmon,external_loss,0.0,2.64076e-10,"Freeze completed living P,Q,diet,predation,accumulation,migration. Solve EE for SM; detritus accumulation absorbs routed inflow at fixed predation. No new consumption is assumed.",SE,0.02
446_446_Hudson_Bay_(1970),routing_scenario,17,Arctic Char,external_loss,0.0,9.242640000000001e-09,"Freeze completed living P,Q,diet,predation,accumulation,migration. Solve EE for SM; detritus accumulation absorbs routed inflow at fixed predation. No new consumption is assumed.",SE,0.02
446_446_Hudson_Bay_(1970),routing_scenario,16,Seabirds,external_loss,0.0,6.5e-06,"Freeze completed living P,Q,diet,predation,accumulation,migration. Solve EE for SM; detritus accumulation absorbs routed inflow at fixed predation. No new consumption is assumed.",SE,0.02
446_446_Hudson_Bay_(1970),routing_scenario,15,Beluga James,external_loss,0.0,2.8e-07,"Freeze completed living P,Q,diet,predation,accumulation,migration. Solve EE for SM; detritus accumulation absorbs routed inflow at fixed predation. No new consumption is assumed.",SE,0.02
446_446_Hudson_Bay_(1970),routing_scenario,14,Beluga W,external_loss,0.0,1.21e-06,"Freeze completed living P,Q,diet,predation,accumulation,migration. Solve EE for SM; detritus accumulation absorbs routed inflow at fixed predation. No new consumption is assumed.",SE,0.02
446_446_Hudson_Bay_(1970),routing_scenario,13,Beluga E,external_loss,0.0,6.6e-07,"Freeze completed living P,Q,diet,predation,accumulation,migration. Solve EE for SM; detritus accumulation absorbs routed inflow at fixed predation. No new consumption is assumed.",SE,0.02
446_446_Hudson_Bay_(1970),routing_scenario,12,Harp seal,external_loss,0.0,2.8e-07,"Freeze completed living P,Q,diet,predation,accumulation,migration. Solve EE for SM; detritus accumulation absorbs routed inflow at fixed predation. No new consumption is assumed.",SE,0.02
446_446_Hudson_Bay_(1970),routing_scenario,11,Ringed Seal,external_loss,0.0,7.860000000000001e-06,"Freeze completed living P,Q,diet,predation,accumulation,migration. Solve EE for SM; detritus accumulation absorbs routed inflow at fixed predation. No new consumption is assumed.",SE,0.02
446_446_Hudson_Bay_(1970),routing_scenario,10,Harbour Seal,external_loss,0.0,4e-08,"Freeze completed living P,Q,diet,predation,accumulation,migration. Solve EE for SM; detritus accumulation absorbs routed inflow at fixed predation. No new consumption is assumed.",SE,0.02
446_446_Hudson_Bay_(1970),routing_scenario,9,Bearded Seal,external_loss,0.0,3.3399999999999998e-06,"Freeze completed living P,Q,diet,predation,accumulation,migration. Solve EE for SM; detritus accumulation absorbs routed inflow at fixed predation. No new consumption is assumed.",SE,0.02
446_446_Hudson_Bay_(1970),routing_scenario,8,Walrus S,external_loss,0.0,1.2000000000000002e-07,"Freeze completed living P,Q,diet,predation,accumulation,migration. Solve EE for SM; detritus accumulation absorbs routed inflow at fixed predation. No new consumption is assumed.",SE,0.02
446_446_Hudson_Bay_(1970),routing_scenario,7,Walrus N,external_loss,0.0,1.6000000000000001e-06,"Freeze completed living P,Q,diet,predation,accumulation,migration. Solve EE for SM; detritus accumulation absorbs routed inflow at fixed predation. No new consumption is assumed.",SE,0.02
446_446_Hudson_Bay_(1970),routing_scenario,6,Bowhead,external_loss,0.0,1.8e-07,"Freeze completed living P,Q,diet,predation,accumulation,migration. Solve EE for SM; detritus accumulation absorbs routed inflow at fixed predation. No new consumption is assumed.",SE,0.02
446_446_Hudson_Bay_(1970),routing_scenario,5,Narwhal,external_loss,0.0,6.800000000000001e-07,"Freeze completed living P,Q,diet,predation,accumulation,migration. Solve EE for SM; detritus accumulation absorbs routed inflow at fixed predation. No new consumption is assumed.",SE,0.02
446_446_Hudson_Bay_(1970),routing_scenario,4,Killer Whale,external_loss,0.0,2e-08,"Freeze completed living P,Q,diet,predation,accumulation,migration. Solve EE for SM; detritus accumulation absorbs routed inflow at fixed predation. No new consumption is assumed.",SE,0.02
446_446_Hudson_Bay_(1970),routing_scenario,3,Polar Bear Foxe,external_loss,0.0,1.0000000000000001e-07,"Freeze completed living P,Q,diet,predation,accumulation,migration. Solve EE for SM; detritus accumulation absorbs routed inflow at fixed predation. No new consumption is assumed.",SE,0.02
446_446_Hudson_Bay_(1970),routing_scenario,2,SH Polar Bear,external_loss,0.0,4.4e-07,"Freeze completed living P,Q,diet,predation,accumulation,migration. Solve EE for SM; detritus accumulation absorbs routed inflow at fixed predation. No new consumption is assumed.",SE,0.02
446_446_Hudson_Bay_(1970),routing_scenario,1,Polar Bear WHB,external_loss,0.0,3.0000000000000004e-07,"Freeze completed living P,Q,diet,predation,accumulation,migration. Solve EE for SM; detritus accumulation absorbs routed inflow at fixed predation. No new consumption is assumed.",SE,0.02
446_446_Hudson_Bay_(1970),routing_scenario,40,Pelagic Detritus,p,128.24910803428477,128.24914348731164,"Freeze completed living P,Q,diet,predation,accumulation,migration. Solve EE for SM; detritus accumulation absorbs routed inflow at fixed predation. No new consumption is assumed.",SM,0.03
446_446_Hudson_Bay_(1970),routing_scenario,40,Pelagic Detritus,q,128.24910803428477,128.24914348731164,"Freeze completed living P,Q,diet,predation,accumulation,migration. Solve EE for SM; detritus accumulation absorbs routed inflow at fixed predation. No new consumption is assumed.",SM,0.03
446_446_Hudson_Bay_(1970),routing_scenario,25,Brackish Fish,M0,0.0025425355725000025,0.0025425363647280028,"Freeze completed living P,Q,diet,predation,accumulation,migration. Solve EE for SM; detritus accumulation absorbs routed inflow at fixed predation. No new consumption is assumed.",SM,0.03
446_446_Hudson_Bay_(1970),routing_scenario,24,Other Marine Fish,M0,0.011930946740000012,0.011930948720567013,"Freeze completed living P,Q,diet,predation,accumulation,migration. Solve EE for SM; detritus accumulation absorbs routed inflow at fixed predation. No new consumption is assumed.",SM,0.03
446_446_Hudson_Bay_(1970),routing_scenario,22,Sandlance,M0,0.021766202280000018,0.021766203468339018,"Freeze completed living P,Q,diet,predation,accumulation,migration. Solve EE for SM; detritus accumulation absorbs routed inflow at fixed predation. No new consumption is assumed.",SM,0.03
446_446_Hudson_Bay_(1970),routing_scenario,21,Capelin,M0,0.025841266500000022,0.02584127046114002,"Freeze completed living P,Q,diet,predation,accumulation,migration. Solve EE for SM; detritus accumulation absorbs routed inflow at fixed predation. No new consumption is assumed.",SM,0.03
446_446_Hudson_Bay_(1970),routing_scenario,20,Sculpins/ Zoarcids,M0,0.008667478715000008,0.008667486637280009,"Freeze completed living P,Q,diet,predation,accumulation,migration. Solve EE for SM; detritus accumulation absorbs routed inflow at fixed predation. No new consumption is assumed.",SM,0.03
446_446_Hudson_Bay_(1970),routing_scenario,19,Gadiformes,M0,0.016022631350000014,0.016022639272280013,"Freeze completed living P,Q,diet,predation,accumulation,migration. Solve EE for SM; detritus accumulation absorbs routed inflow at fixed predation. No new consumption is assumed.",SM,0.03
446_446_Hudson_Bay_(1970),routing_scenario,18,Atlantic Salmon,M0,0.0013343262400000013,0.0013343266361140014,"Freeze completed living P,Q,diet,predation,accumulation,migration. Solve EE for SM; detritus accumulation absorbs routed inflow at fixed predation. No new consumption is assumed.",SM,0.03
446_446_Hudson_Bay_(1970),routing_scenario,17,Arctic Char,M0,0.0017951153200000017,0.0017951291839600017,"Freeze completed living P,Q,diet,predation,accumulation,migration. Solve EE for SM; detritus accumulation absorbs routed inflow at fixed predation. No new consumption is assumed.",SM,0.03
446_446_Hudson_Bay_(1970),routing_scenario,16,Seabirds,M0,0.021714263038000003,0.021724013038000003,"Freeze completed living P,Q,diet,predation,accumulation,migration. Solve EE for SM; detritus accumulation absorbs routed inflow at fixed predation. No new consumption is assumed.",SM,0.03
446_446_Hudson_Bay_(1970),routing_scenario,15,Beluga James,M0,5.5673137044634417e-05,5.6093137044634416e-05,"Freeze completed living P,Q,diet,predation,accumulation,migration. Solve EE for SM; detritus accumulation absorbs routed inflow at fixed predation. No new consumption is assumed.",SM,0.03
446_446_Hudson_Bay_(1970),routing_scenario,14,Beluga W,M0,0.0013602991127677291,0.0013621141127677292,"Freeze completed living P,Q,diet,predation,accumulation,migration. Solve EE for SM; detritus accumulation absorbs routed inflow at fixed predation. No new consumption is assumed.",SM,0.03
446_446_Hudson_Bay_(1970),routing_scenario,13,Beluga E,M0,9.807396405385151e-05,9.906396405385152e-05,"Freeze completed living P,Q,diet,predation,accumulation,migration. Solve EE for SM; detritus accumulation absorbs routed inflow at fixed predation. No new consumption is assumed.",SM,0.03
446_446_Hudson_Bay_(1970),routing_scenario,12,Harp seal,M0,3.9123524670240005e-05,3.9543524670240004e-05,"Freeze completed living P,Q,diet,predation,accumulation,migration. Solve EE for SM; detritus accumulation absorbs routed inflow at fixed predation. No new consumption is assumed.",SM,0.03
446_446_Hudson_Bay_(1970),routing_scenario,11,Ringed Seal,M0,0.004359851707524983,0.004371641707524983,"Freeze completed living P,Q,diet,predation,accumulation,migration. Solve EE for SM; detritus accumulation absorbs routed inflow at fixed predation. No new consumption is assumed.",SM,0.03
446_446_Hudson_Bay_(1970),routing_scenario,10,Harbour Seal,M0,0.00012099825122750879,0.00012105825122750879,"Freeze completed living P,Q,diet,predation,accumulation,migration. Solve EE for SM; detritus accumulation absorbs routed inflow at fixed predation. No new consumption is assumed.",SM,0.03
446_446_Hudson_Bay_(1970),routing_scenario,9,Bearded Seal,M0,0.00013606373638765757,0.00014107373638765758,"Freeze completed living P,Q,diet,predation,accumulation,migration. Solve EE for SM; detritus accumulation absorbs routed inflow at fixed predation. No new consumption is assumed.",SM,0.03
446_446_Hudson_Bay_(1970),routing_scenario,8,Walrus S,M0,8.217029462185597e-05,8.235029462185597e-05,"Freeze completed living P,Q,diet,predation,accumulation,migration. Solve EE for SM; detritus accumulation absorbs routed inflow at fixed predation. No new consumption is assumed.",SM,0.03
446_446_Hudson_Bay_(1970),routing_scenario,7,Walrus N,M0,0.0003819925835737691,0.0003843925835737691,"Freeze completed living P,Q,diet,predation,accumulation,migration. Solve EE for SM; detritus accumulation absorbs routed inflow at fixed predation. No new consumption is assumed.",SM,0.03
446_446_Hudson_Bay_(1970),routing_scenario,6,Bowhead,M0,0.00021741439634646387,0.00021768439634646387,"Freeze completed living P,Q,diet,predation,accumulation,migration. Solve EE for SM; detritus accumulation absorbs routed inflow at fixed predation. No new consumption is assumed.",SM,0.03
446_446_Hudson_Bay_(1970),routing_scenario,5,Narwhal,M0,0.00011868823016079942,0.00011970823016079942,"Freeze completed living P,Q,diet,predation,accumulation,migration. Solve EE for SM; detritus accumulation absorbs routed inflow at fixed predation. No new consumption is assumed.",SM,0.03
446_446_Hudson_Bay_(1970),routing_scenario,4,Killer Whale,M0,2.76981004599574e-06,2.79981004599574e-06,"Freeze completed living P,Q,diet,predation,accumulation,migration. Solve EE for SM; detritus accumulation absorbs routed inflow at fixed predation. No new consumption is assumed.",SM,0.03
446_446_Hudson_Bay_(1970),routing_scenario,3,Polar Bear Foxe,M0,1.611317803944726e-05,1.626317803944726e-05,"Freeze completed living P,Q,diet,predation,accumulation,migration. Solve EE for SM; detritus accumulation absorbs routed inflow at fixed predation. No new consumption is assumed.",SM,0.03
446_446_Hudson_Bay_(1970),routing_scenario,2,SH Polar Bear,M0,2.9258219105026142e-05,2.9918219105026142e-05,"Freeze completed living P,Q,diet,predation,accumulation,migration. Solve EE for SM; detritus accumulation absorbs routed inflow at fixed predation. No new consumption is assumed.",SM,0.03
446_446_Hudson_Bay_(1970),routing_scenario,1,Polar Bear WHB,M0,3.4803496340686466e-05,3.525349634068646e-05,"Freeze completed living P,Q,diet,predation,accumulation,migration. Solve EE for SM; detritus accumulation absorbs routed inflow at fixed predation. No new consumption is assumed.",SM,0.03
446_446_Hudson_Bay_(1970),routing_scenario,25,Brackish Fish,EE,0.95,0.9499999844205129,"Freeze completed living P,Q,diet,predation,accumulation,migration. Solve EE for SM; detritus accumulation absorbs routed inflow at fixed predation. No new consumption is assumed.",SM,0.03
446_446_Hudson_Bay_(1970),routing_scenario,24,Other Marine Fish,EE,0.95,0.9499999916998749,"Freeze completed living P,Q,diet,predation,accumulation,migration. Solve EE for SM; detritus accumulation absorbs routed inflow at fixed predation. No new consumption is assumed.",SM,0.03
446_446_Hudson_Bay_(1970),routing_scenario,22,Sandlance,EE,0.95,0.9499999972702197,"Freeze completed living P,Q,diet,predation,accumulation,migration. Solve EE for SM; detritus accumulation absorbs routed inflow at fixed predation. No new consumption is assumed.",SM,0.03
446_446_Hudson_Bay_(1970),routing_scenario,21,Capelin,EE,0.95,0.949999992335631,"Freeze completed living P,Q,diet,predation,accumulation,migration. Solve EE for SM; detritus accumulation absorbs routed inflow at fixed predation. No new consumption is assumed.",SM,0.03
446_446_Hudson_Bay_(1970),routing_scenario,20,Sculpins/ Zoarcids,EE,0.95,0.9499999542988206,"Freeze completed living P,Q,diet,predation,accumulation,migration. Solve EE for SM; detritus accumulation absorbs routed inflow at fixed predation. No new consumption is assumed.",SM,0.03
446_446_Hudson_Bay_(1970),routing_scenario,19,Gadiformes,EE,0.95,0.9499999752778434,"Freeze completed living P,Q,diet,predation,accumulation,migration. Solve EE for SM; detritus accumulation absorbs routed inflow at fixed predation. No new consumption is assumed.",SM,0.03
446_446_Hudson_Bay_(1970),routing_scenario,18,Atlantic Salmon,EE,0.95,0.9499999851567784,"Freeze completed living P,Q,diet,predation,accumulation,migration. Solve EE for SM; detritus accumulation absorbs routed inflow at fixed predation. No new consumption is assumed.",SM,0.03
446_446_Hudson_Bay_(1970),routing_scenario,17,Arctic Char,EE,0.95,0.9499996138420789,"Freeze completed living P,Q,diet,predation,accumulation,migration. Solve EE for SM; detritus accumulation absorbs routed inflow at fixed predation. No new consumption is assumed.",SM,0.03
446_446_Hudson_Bay_(1970),routing_scenario,16,Seabirds,EE,0.09712003999999996,0.0967146345945945,"Freeze completed living P,Q,diet,predation,accumulation,migration. Solve EE for SM; detritus accumulation absorbs routed inflow at fixed predation. No new consumption is assumed.",SM,0.03
446_446_Hudson_Bay_(1970),routing_scenario,15,Beluga James,EE,0.5643347,0.5610480264674254,"Freeze completed living P,Q,diet,predation,accumulation,migration. Solve EE for SM; detritus accumulation absorbs routed inflow at fixed predation. No new consumption is assumed.",SM,0.03
446_446_Hudson_Bay_(1970),routing_scenario,14,Beluga W,EE,0.13272054499999997,0.1315633640564482,"Freeze completed living P,Q,diet,predation,accumulation,migration. Solve EE for SM; detritus accumulation absorbs routed inflow at fixed predation. No new consumption is assumed.",SM,0.03
446_446_Hudson_Bay_(1970),routing_scenario,13,Beluga E,EE,0.28052579999999994,0.2732631236630988,"Freeze completed living P,Q,diet,predation,accumulation,migration. Solve EE for SM; detritus accumulation absorbs routed inflow at fixed predation. No new consumption is assumed.",SM,0.03
446_446_Hudson_Bay_(1970),routing_scenario,12,Harp seal,EE,0.6883504,0.6850047701493346,"Freeze completed living P,Q,diet,predation,accumulation,migration. Solve EE for SM; detritus accumulation absorbs routed inflow at fixed predation. No new consumption is assumed.",SM,0.03
446_446_Hudson_Bay_(1970),routing_scenario,11,Ringed Seal,EE,0.412556618,0.4109680416129118,"Freeze completed living P,Q,diet,predation,accumulation,migration. Solve EE for SM; detritus accumulation absorbs routed inflow at fixed predation. No new consumption is assumed.",SM,0.03
446_446_Hudson_Bay_(1970),routing_scenario,10,Harbour Seal,EE,0.07364795999999996,0.07318860524209125,"Freeze completed living P,Q,diet,predation,accumulation,migration. Solve EE for SM; detritus accumulation absorbs routed inflow at fixed predation. No new consumption is assumed.",SM,0.03
446_446_Hudson_Bay_(1970),routing_scenario,9,Bearded Seal,EE,0.791283369,0.7835982182826127,"Freeze completed living P,Q,diet,predation,accumulation,migration. Solve EE for SM; detritus accumulation absorbs routed inflow at fixed predation. No new consumption is assumed.",SM,0.03
446_446_Hudson_Bay_(1970),routing_scenario,8,Walrus S,EE,0.143246785,0.14137000483984974,"Freeze completed living P,Q,diet,predation,accumulation,migration. Solve EE for SM; detritus accumulation absorbs routed inflow at fixed predation. No new consumption is assumed.",SM,0.03
446_446_Hudson_Bay_(1970),routing_scenario,7,Walrus N,EE,0.18816389099999997,0.1830632509735065,"Freeze completed living P,Q,diet,predation,accumulation,migration. Solve EE for SM; detritus accumulation absorbs routed inflow at fixed predation. No new consumption is assumed.",SM,0.03
446_446_Hudson_Bay_(1970),routing_scenario,6,Bowhead,EE,0.052819170000000026,0.05164289635668318,"Freeze completed living P,Q,diet,predation,accumulation,migration. Solve EE for SM; detritus accumulation absorbs routed inflow at fixed predation. No new consumption is assumed.",SM,0.03
446_446_Hudson_Bay_(1970),routing_scenario,5,Narwhal,EE,0.2706202,0.2643519508653379,"Freeze completed living P,Q,diet,predation,accumulation,migration. Solve EE for SM; detritus accumulation absorbs routed inflow at fixed predation. No new consumption is assumed.",SM,0.03
446_446_Hudson_Bay_(1970),routing_scenario,4,Killer Whale,EE,0.26526534600000007,0.2573073852539678,"Freeze completed living P,Q,diet,predation,accumulation,migration. Solve EE for SM; detritus accumulation absorbs routed inflow at fixed predation. No new consumption is assumed.",SM,0.03
446_446_Hudson_Bay_(1970),routing_scenario,3,Polar Bear Foxe,EE,0.3027038569999999,0.29621262223588707,"Freeze completed living P,Q,diet,predation,accumulation,migration. Solve EE for SM; detritus accumulation absorbs routed inflow at fixed predation. No new consumption is assumed.",SM,0.03
446_446_Hudson_Bay_(1970),routing_scenario,2,SH Polar Bear,EE,0.5060891,0.4949475745083134,"Freeze completed living P,Q,diet,predation,accumulation,migration. Solve EE for SM; detritus accumulation absorbs routed inflow at fixed predation. No new consumption is assumed.",SM,0.03
446_446_Hudson_Bay_(1970),routing_scenario,1,Polar Bear WHB,EE,0.4138758,0.4062973691602324,"Freeze completed living P,Q,diet,predation,accumulation,migration. Solve EE for SM; detritus accumulation absorbs routed inflow at fixed predation. No new consumption is assumed.",SM,0.03
446_446_Hudson_Bay_(1970),routing_scenario,25,Brackish Fish,catch,2.64076e-08,2.5615371999999998e-08,"Freeze completed living P,Q,diet,predation,accumulation,migration. Solve EE for SM; detritus accumulation absorbs routed inflow at fixed predation. No new consumption is assumed.",SM,0.03
446_446_Hudson_Bay_(1970),routing_scenario,24,Other Marine Fish,catch,6.60189e-08,6.4038333e-08,"Freeze completed living P,Q,diet,predation,accumulation,migration. Solve EE for SM; detritus accumulation absorbs routed inflow at fixed predation. No new consumption is assumed.",SM,0.03
446_446_Hudson_Bay_(1970),routing_scenario,22,Sandlance,catch,3.96113e-08,3.8422961e-08,"Freeze completed living P,Q,diet,predation,accumulation,migration. Solve EE for SM; detritus accumulation absorbs routed inflow at fixed predation. No new consumption is assumed.",SM,0.03
446_446_Hudson_Bay_(1970),routing_scenario,21,Capelin,catch,1.32038e-07,1.2807686e-07,"Freeze completed living P,Q,diet,predation,accumulation,migration. Solve EE for SM; detritus accumulation absorbs routed inflow at fixed predation. No new consumption is assumed.",SM,0.03
446_446_Hudson_Bay_(1970),routing_scenario,20,Sculpins/ Zoarcids,catch,2.64076e-07,2.5615372e-07,"Freeze completed living P,Q,diet,predation,accumulation,migration. Solve EE for SM; detritus accumulation absorbs routed inflow at fixed predation. No new consumption is assumed.",SM,0.03
446_446_Hudson_Bay_(1970),routing_scenario,19,Gadiformes,catch,2.64076e-07,2.5615372e-07,"Freeze completed living P,Q,diet,predation,accumulation,migration. Solve EE for SM; detritus accumulation absorbs routed inflow at fixed predation. No new consumption is assumed.",SM,0.03
446_446_Hudson_Bay_(1970),routing_scenario,18,Atlantic Salmon,catch,1.32038e-08,1.2807685999999999e-08,"Freeze completed living P,Q,diet,predation,accumulation,migration. Solve EE for SM; detritus accumulation absorbs routed inflow at fixed predation. No new consumption is assumed.",SM,0.03
446_446_Hudson_Bay_(1970),routing_scenario,17,Arctic Char,catch,4.62132e-07,4.4826804e-07,"Freeze completed living P,Q,diet,predation,accumulation,migration. Solve EE for SM; detritus accumulation absorbs routed inflow at fixed predation. No new consumption is assumed.",SM,0.03
446_446_Hudson_Bay_(1970),routing_scenario,16,Seabirds,catch,0.000325,0.00031525,"Freeze completed living P,Q,diet,predation,accumulation,migration. Solve EE for SM; detritus accumulation absorbs routed inflow at fixed predation. No new consumption is assumed.",SM,0.03
446_446_Hudson_Bay_(1970),routing_scenario,15,Beluga James,catch,1.4e-05,1.3579999999999999e-05,"Freeze completed living P,Q,diet,predation,accumulation,migration. Solve EE for SM; detritus accumulation absorbs routed inflow at fixed predation. No new consumption is assumed.",SM,0.03
446_446_Hudson_Bay_(1970),routing_scenario,14,Beluga W,catch,6.05e-05,5.8685e-05,"Freeze completed living P,Q,diet,predation,accumulation,migration. Solve EE for SM; detritus accumulation absorbs routed inflow at fixed predation. No new consumption is assumed.",SM,0.03
446_446_Hudson_Bay_(1970),routing_scenario,13,Beluga E,catch,3.3e-05,3.201e-05,"Freeze completed living P,Q,diet,predation,accumulation,migration. Solve EE for SM; detritus accumulation absorbs routed inflow at fixed predation. No new consumption is assumed.",SM,0.03
446_446_Hudson_Bay_(1970),routing_scenario,12,Harp seal,catch,1.4e-05,1.3579999999999999e-05,"Freeze completed living P,Q,diet,predation,accumulation,migration. Solve EE for SM; detritus accumulation absorbs routed inflow at fixed predation. No new consumption is assumed.",SM,0.03
446_446_Hudson_Bay_(1970),routing_scenario,11,Ringed Seal,catch,0.000393,0.00038121,"Freeze completed living P,Q,diet,predation,accumulation,migration. Solve EE for SM; detritus accumulation absorbs routed inflow at fixed predation. No new consumption is assumed.",SM,0.03
446_446_Hudson_Bay_(1970),routing_scenario,10,Harbour Seal,catch,2e-06,1.94e-06,"Freeze completed living P,Q,diet,predation,accumulation,migration. Solve EE for SM; detritus accumulation absorbs routed inflow at fixed predation. No new consumption is assumed.",SM,0.03
446_446_Hudson_Bay_(1970),routing_scenario,9,Bearded Seal,catch,0.000167,0.00016198999999999999,"Freeze completed living P,Q,diet,predation,accumulation,migration. Solve EE for SM; detritus accumulation absorbs routed inflow at fixed predation. No new consumption is assumed.",SM,0.03
446_446_Hudson_Bay_(1970),routing_scenario,8,Walrus S,catch,6e-06,5.82e-06,"Freeze completed living P,Q,diet,predation,accumulation,migration. Solve EE for SM; detritus accumulation absorbs routed inflow at fixed predation. No new consumption is assumed.",SM,0.03
446_446_Hudson_Bay_(1970),routing_scenario,7,Walrus N,catch,8e-05,7.76e-05,"Freeze completed living P,Q,diet,predation,accumulation,migration. Solve EE for SM; detritus accumulation absorbs routed inflow at fixed predation. No new consumption is assumed.",SM,0.03
446_446_Hudson_Bay_(1970),routing_scenario,6,Bowhead,catch,9e-06,8.73e-06,"Freeze completed living P,Q,diet,predation,accumulation,migration. Solve EE for SM; detritus accumulation absorbs routed inflow at fixed predation. No new consumption is assumed.",SM,0.03
446_446_Hudson_Bay_(1970),routing_scenario,5,Narwhal,catch,3.4e-05,3.298e-05,"Freeze completed living P,Q,diet,predation,accumulation,migration. Solve EE for SM; detritus accumulation absorbs routed inflow at fixed predation. No new consumption is assumed.",SM,0.03
446_446_Hudson_Bay_(1970),routing_scenario,4,Killer Whale,catch,1e-06,9.7e-07,"Freeze completed living P,Q,diet,predation,accumulation,migration. Solve EE for SM; detritus accumulation absorbs routed inflow at fixed predation. No new consumption is assumed.",SM,0.03
446_446_Hudson_Bay_(1970),routing_scenario,3,Polar Bear Foxe,catch,5e-06,4.85e-06,"Freeze completed living P,Q,diet,predation,accumulation,migration. Solve EE for SM; detritus accumulation absorbs routed inflow at fixed predation. No new consumption is assumed.",SM,0.03
446_446_Hudson_Bay_(1970),routing_scenario,2,SH Polar Bear,catch,2.2e-05,2.134e-05,"Freeze completed living P,Q,diet,predation,accumulation,migration. Solve EE for SM; detritus accumulation absorbs routed inflow at fixed predation. No new consumption is assumed.",SM,0.03
446_446_Hudson_Bay_(1970),routing_scenario,1,Polar Bear WHB,catch,1.5e-05,1.455e-05,"Freeze completed living P,Q,diet,predation,accumulation,migration. Solve EE for SM; detritus accumulation absorbs routed inflow at fixed predation. No new consumption is assumed.",SM,0.03
446_446_Hudson_Bay_(1970),routing_scenario,40,Pelagic Detritus,growth,100.09094139097152,100.09097684399839,"Freeze completed living P,Q,diet,predation,accumulation,migration. Solve EE for SM; detritus accumulation absorbs routed inflow at fixed predation. No new consumption is assumed.",SM,0.03
446_446_Hudson_Bay_(1970),routing_scenario,25,Brackish Fish,catch,2.64076e-08,2.5615371999999998e-08,"Freeze completed living P,Q,diet,predation,accumulation,migration. Solve EE for SM; detritus accumulation absorbs routed inflow at fixed predation. No new consumption is assumed.",SE,0.03
446_446_Hudson_Bay_(1970),routing_scenario,24,Other Marine Fish,catch,6.60189e-08,6.4038333e-08,"Freeze completed living P,Q,diet,predation,accumulation,migration. Solve EE for SM; detritus accumulation absorbs routed inflow at fixed predation. No new consumption is assumed.",SE,0.03
446_446_Hudson_Bay_(1970),routing_scenario,22,Sandlance,catch,3.96113e-08,3.8422961e-08,"Freeze completed living P,Q,diet,predation,accumulation,migration. Solve EE for SM; detritus accumulation absorbs routed inflow at fixed predation. No new consumption is assumed.",SE,0.03
446_446_Hudson_Bay_(1970),routing_scenario,21,Capelin,catch,1.32038e-07,1.2807686e-07,"Freeze completed living P,Q,diet,predation,accumulation,migration. Solve EE for SM; detritus accumulation absorbs routed inflow at fixed predation. No new consumption is assumed.",SE,0.03
446_446_Hudson_Bay_(1970),routing_scenario,20,Sculpins/ Zoarcids,catch,2.64076e-07,2.5615372e-07,"Freeze completed living P,Q,diet,predation,accumulation,migration. Solve EE for SM; detritus accumulation absorbs routed inflow at fixed predation. No new consumption is assumed.",SE,0.03
446_446_Hudson_Bay_(1970),routing_scenario,19,Gadiformes,catch,2.64076e-07,2.5615372e-07,"Freeze completed living P,Q,diet,predation,accumulation,migration. Solve EE for SM; detritus accumulation absorbs routed inflow at fixed predation. No new consumption is assumed.",SE,0.03
446_446_Hudson_Bay_(1970),routing_scenario,18,Atlantic Salmon,catch,1.32038e-08,1.2807685999999999e-08,"Freeze completed living P,Q,diet,predation,accumulation,migration. Solve EE for SM; detritus accumulation absorbs routed inflow at fixed predation. No new consumption is assumed.",SE,0.03
446_446_Hudson_Bay_(1970),routing_scenario,17,Arctic Char,catch,4.62132e-07,4.4826804e-07,"Freeze completed living P,Q,diet,predation,accumulation,migration. Solve EE for SM; detritus accumulation absorbs routed inflow at fixed predation. No new consumption is assumed.",SE,0.03
446_446_Hudson_Bay_(1970),routing_scenario,16,Seabirds,catch,0.000325,0.00031525,"Freeze completed living P,Q,diet,predation,accumulation,migration. Solve EE for SM; detritus accumulation absorbs routed inflow at fixed predation. No new consumption is assumed.",SE,0.03
446_446_Hudson_Bay_(1970),routing_scenario,15,Beluga James,catch,1.4e-05,1.3579999999999999e-05,"Freeze completed living P,Q,diet,predation,accumulation,migration. Solve EE for SM; detritus accumulation absorbs routed inflow at fixed predation. No new consumption is assumed.",SE,0.03
446_446_Hudson_Bay_(1970),routing_scenario,14,Beluga W,catch,6.05e-05,5.8685e-05,"Freeze completed living P,Q,diet,predation,accumulation,migration. Solve EE for SM; detritus accumulation absorbs routed inflow at fixed predation. No new consumption is assumed.",SE,0.03
446_446_Hudson_Bay_(1970),routing_scenario,13,Beluga E,catch,3.3e-05,3.201e-05,"Freeze completed living P,Q,diet,predation,accumulation,migration. Solve EE for SM; detritus accumulation absorbs routed inflow at fixed predation. No new consumption is assumed.",SE,0.03
446_446_Hudson_Bay_(1970),routing_scenario,12,Harp seal,catch,1.4e-05,1.3579999999999999e-05,"Freeze completed living P,Q,diet,predation,accumulation,migration. Solve EE for SM; detritus accumulation absorbs routed inflow at fixed predation. No new consumption is assumed.",SE,0.03
446_446_Hudson_Bay_(1970),routing_scenario,11,Ringed Seal,catch,0.000393,0.00038121,"Freeze completed living P,Q,diet,predation,accumulation,migration. Solve EE for SM; detritus accumulation absorbs routed inflow at fixed predation. No new consumption is assumed.",SE,0.03
446_446_Hudson_Bay_(1970),routing_scenario,10,Harbour Seal,catch,2e-06,1.94e-06,"Freeze completed living P,Q,diet,predation,accumulation,migration. Solve EE for SM; detritus accumulation absorbs routed inflow at fixed predation. No new consumption is assumed.",SE,0.03
446_446_Hudson_Bay_(1970),routing_scenario,9,Bearded Seal,catch,0.000167,0.00016198999999999999,"Freeze completed living P,Q,diet,predation,accumulation,migration. Solve EE for SM; detritus accumulation absorbs routed inflow at fixed predation. No new consumption is assumed.",SE,0.03
446_446_Hudson_Bay_(1970),routing_scenario,8,Walrus S,catch,6e-06,5.82e-06,"Freeze completed living P,Q,diet,predation,accumulation,migration. Solve EE for SM; detritus accumulation absorbs routed inflow at fixed predation. No new consumption is assumed.",SE,0.03
446_446_Hudson_Bay_(1970),routing_scenario,7,Walrus N,catch,8e-05,7.76e-05,"Freeze completed living P,Q,diet,predation,accumulation,migration. Solve EE for SM; detritus accumulation absorbs routed inflow at fixed predation. No new consumption is assumed.",SE,0.03
446_446_Hudson_Bay_(1970),routing_scenario,6,Bowhead,catch,9e-06,8.73e-06,"Freeze completed living P,Q,diet,predation,accumulation,migration. Solve EE for SM; detritus accumulation absorbs routed inflow at fixed predation. No new consumption is assumed.",SE,0.03
446_446_Hudson_Bay_(1970),routing_scenario,5,Narwhal,catch,3.4e-05,3.298e-05,"Freeze completed living P,Q,diet,predation,accumulation,migration. Solve EE for SM; detritus accumulation absorbs routed inflow at fixed predation. No new consumption is assumed.",SE,0.03
446_446_Hudson_Bay_(1970),routing_scenario,4,Killer Whale,catch,1e-06,9.7e-07,"Freeze completed living P,Q,diet,predation,accumulation,migration. Solve EE for SM; detritus accumulation absorbs routed inflow at fixed predation. No new consumption is assumed.",SE,0.03
446_446_Hudson_Bay_(1970),routing_scenario,3,Polar Bear Foxe,catch,5e-06,4.85e-06,"Freeze completed living P,Q,diet,predation,accumulation,migration. Solve EE for SM; detritus accumulation absorbs routed inflow at fixed predation. No new consumption is assumed.",SE,0.03
446_446_Hudson_Bay_(1970),routing_scenario,2,SH Polar Bear,catch,2.2e-05,2.134e-05,"Freeze completed living P,Q,diet,predation,accumulation,migration. Solve EE for SM; detritus accumulation absorbs routed inflow at fixed predation. No new consumption is assumed.",SE,0.03
446_446_Hudson_Bay_(1970),routing_scenario,1,Polar Bear WHB,catch,1.5e-05,1.455e-05,"Freeze completed living P,Q,diet,predation,accumulation,migration. Solve EE for SM; detritus accumulation absorbs routed inflow at fixed predation. No new consumption is assumed.",SE,0.03
446_446_Hudson_Bay_(1970),routing_scenario,25,Brackish Fish,external_loss,0.0,7.922279999999999e-10,"Freeze completed living P,Q,diet,predation,accumulation,migration. Solve EE for SM; detritus accumulation absorbs routed inflow at fixed predation. No new consumption is assumed.",SE,0.03
446_446_Hudson_Bay_(1970),routing_scenario,24,Other Marine Fish,external_loss,0.0,1.9805669999999998e-09,"Freeze completed living P,Q,diet,predation,accumulation,migration. Solve EE for SM; detritus accumulation absorbs routed inflow at fixed predation. No new consumption is assumed.",SE,0.03
446_446_Hudson_Bay_(1970),routing_scenario,22,Sandlance,external_loss,0.0,1.188339e-09,"Freeze completed living P,Q,diet,predation,accumulation,migration. Solve EE for SM; detritus accumulation absorbs routed inflow at fixed predation. No new consumption is assumed.",SE,0.03
446_446_Hudson_Bay_(1970),routing_scenario,21,Capelin,external_loss,0.0,3.96114e-09,"Freeze completed living P,Q,diet,predation,accumulation,migration. Solve EE for SM; detritus accumulation absorbs routed inflow at fixed predation. No new consumption is assumed.",SE,0.03
446_446_Hudson_Bay_(1970),routing_scenario,20,Sculpins/ Zoarcids,external_loss,0.0,7.92228e-09,"Freeze completed living P,Q,diet,predation,accumulation,migration. Solve EE for SM; detritus accumulation absorbs routed inflow at fixed predation. No new consumption is assumed.",SE,0.03
446_446_Hudson_Bay_(1970),routing_scenario,19,Gadiformes,external_loss,0.0,7.92228e-09,"Freeze completed living P,Q,diet,predation,accumulation,migration. Solve EE for SM; detritus accumulation absorbs routed inflow at fixed predation. No new consumption is assumed.",SE,0.03
446_446_Hudson_Bay_(1970),routing_scenario,18,Atlantic Salmon,external_loss,0.0,3.9611399999999997e-10,"Freeze completed living P,Q,diet,predation,accumulation,migration. Solve EE for SM; detritus accumulation absorbs routed inflow at fixed predation. No new consumption is assumed.",SE,0.03
446_446_Hudson_Bay_(1970),routing_scenario,17,Arctic Char,external_loss,0.0,1.386396e-08,"Freeze completed living P,Q,diet,predation,accumulation,migration. Solve EE for SM; detritus accumulation absorbs routed inflow at fixed predation. No new consumption is assumed.",SE,0.03
446_446_Hudson_Bay_(1970),routing_scenario,16,Seabirds,external_loss,0.0,9.75e-06,"Freeze completed living P,Q,diet,predation,accumulation,migration. Solve EE for SM; detritus accumulation absorbs routed inflow at fixed predation. No new consumption is assumed.",SE,0.03
446_446_Hudson_Bay_(1970),routing_scenario,15,Beluga James,external_loss,0.0,4.2e-07,"Freeze completed living P,Q,diet,predation,accumulation,migration. Solve EE for SM; detritus accumulation absorbs routed inflow at fixed predation. No new consumption is assumed.",SE,0.03
446_446_Hudson_Bay_(1970),routing_scenario,14,Beluga W,external_loss,0.0,1.815e-06,"Freeze completed living P,Q,diet,predation,accumulation,migration. Solve EE for SM; detritus accumulation absorbs routed inflow at fixed predation. No new consumption is assumed.",SE,0.03
446_446_Hudson_Bay_(1970),routing_scenario,13,Beluga E,external_loss,0.0,9.9e-07,"Freeze completed living P,Q,diet,predation,accumulation,migration. Solve EE for SM; detritus accumulation absorbs routed inflow at fixed predation. No new consumption is assumed.",SE,0.03
446_446_Hudson_Bay_(1970),routing_scenario,12,Harp seal,external_loss,0.0,4.2e-07,"Freeze completed living P,Q,diet,predation,accumulation,migration. Solve EE for SM; detritus accumulation absorbs routed inflow at fixed predation. No new consumption is assumed.",SE,0.03
446_446_Hudson_Bay_(1970),routing_scenario,11,Ringed Seal,external_loss,0.0,1.179e-05,"Freeze completed living P,Q,diet,predation,accumulation,migration. Solve EE for SM; detritus accumulation absorbs routed inflow at fixed predation. No new consumption is assumed.",SE,0.03
446_446_Hudson_Bay_(1970),routing_scenario,10,Harbour Seal,external_loss,0.0,6e-08,"Freeze completed living P,Q,diet,predation,accumulation,migration. Solve EE for SM; detritus accumulation absorbs routed inflow at fixed predation. No new consumption is assumed.",SE,0.03
446_446_Hudson_Bay_(1970),routing_scenario,9,Bearded Seal,external_loss,0.0,5.0099999999999995e-06,"Freeze completed living P,Q,diet,predation,accumulation,migration. Solve EE for SM; detritus accumulation absorbs routed inflow at fixed predation. No new consumption is assumed.",SE,0.03
446_446_Hudson_Bay_(1970),routing_scenario,8,Walrus S,external_loss,0.0,1.8e-07,"Freeze completed living P,Q,diet,predation,accumulation,migration. Solve EE for SM; detritus accumulation absorbs routed inflow at fixed predation. No new consumption is assumed.",SE,0.03
446_446_Hudson_Bay_(1970),routing_scenario,7,Walrus N,external_loss,0.0,2.4000000000000003e-06,"Freeze completed living P,Q,diet,predation,accumulation,migration. Solve EE for SM; detritus accumulation absorbs routed inflow at fixed predation. No new consumption is assumed.",SE,0.03
446_446_Hudson_Bay_(1970),routing_scenario,6,Bowhead,external_loss,0.0,2.7e-07,"Freeze completed living P,Q,diet,predation,accumulation,migration. Solve EE for SM; detritus accumulation absorbs routed inflow at fixed predation. No new consumption is assumed.",SE,0.03
446_446_Hudson_Bay_(1970),routing_scenario,5,Narwhal,external_loss,0.0,1.02e-06,"Freeze completed living P,Q,diet,predation,accumulation,migration. Solve EE for SM; detritus accumulation absorbs routed inflow at fixed predation. No new consumption is assumed.",SE,0.03
446_446_Hudson_Bay_(1970),routing_scenario,4,Killer Whale,external_loss,0.0,3e-08,"Freeze completed living P,Q,diet,predation,accumulation,migration. Solve EE for SM; detritus accumulation absorbs routed inflow at fixed predation. No new consumption is assumed.",SE,0.03
446_446_Hudson_Bay_(1970),routing_scenario,3,Polar Bear Foxe,external_loss,0.0,1.5000000000000002e-07,"Freeze completed living P,Q,diet,predation,accumulation,migration. Solve EE for SM; detritus accumulation absorbs routed inflow at fixed predation. No new consumption is assumed.",SE,0.03
446_446_Hudson_Bay_(1970),routing_scenario,2,SH Polar Bear,external_loss,0.0,6.599999999999999e-07,"Freeze completed living P,Q,diet,predation,accumulation,migration. Solve EE for SM; detritus accumulation absorbs routed inflow at fixed predation. No new consumption is assumed.",SE,0.03
446_446_Hudson_Bay_(1970),routing_scenario,1,Polar Bear WHB,external_loss,0.0,4.5e-07,"Freeze completed living P,Q,diet,predation,accumulation,migration. Solve EE for SM; detritus accumulation absorbs routed inflow at fixed predation. No new consumption is assumed.",SE,0.03
446_446_Hudson_Bay_(1970),routing_scenario,40,Pelagic Detritus,p,128.24910803428477,128.24915530498728,"Freeze completed living P,Q,diet,predation,accumulation,migration. Solve EE for SM; detritus accumulation absorbs routed inflow at fixed predation. No new consumption is assumed.",SM,0.04
446_446_Hudson_Bay_(1970),routing_scenario,40,Pelagic Detritus,q,128.24910803428477,128.24915530498728,"Freeze completed living P,Q,diet,predation,accumulation,migration. Solve EE for SM; detritus accumulation absorbs routed inflow at fixed predation. No new consumption is assumed.",SM,0.04
446_446_Hudson_Bay_(1970),routing_scenario,25,Brackish Fish,M0,0.0025425355725000025,0.0025425366288040025,"Freeze completed living P,Q,diet,predation,accumulation,migration. Solve EE for SM; detritus accumulation absorbs routed inflow at fixed predation. No new consumption is assumed.",SM,0.04
446_446_Hudson_Bay_(1970),routing_scenario,24,Other Marine Fish,M0,0.011930946740000012,0.011930949380756012,"Freeze completed living P,Q,diet,predation,accumulation,migration. Solve EE for SM; detritus accumulation absorbs routed inflow at fixed predation. No new consumption is assumed.",SM,0.04
446_446_Hudson_Bay_(1970),routing_scenario,22,Sandlance,M0,0.021766202280000018,0.021766203864452018,"Freeze completed living P,Q,diet,predation,accumulation,migration. Solve EE for SM; detritus accumulation absorbs routed inflow at fixed predation. No new consumption is assumed.",SM,0.04
446_446_Hudson_Bay_(1970),routing_scenario,21,Capelin,M0,0.025841266500000022,0.02584127178152002,"Freeze completed living P,Q,diet,predation,accumulation,migration. Solve EE for SM; detritus accumulation absorbs routed inflow at fixed predation. No new consumption is assumed.",SM,0.04
446_446_Hudson_Bay_(1970),routing_scenario,20,Sculpins/ Zoarcids,M0,0.008667478715000008,0.008667489278040008,"Freeze completed living P,Q,diet,predation,accumulation,migration. Solve EE for SM; detritus accumulation absorbs routed inflow at fixed predation. No new consumption is assumed.",SM,0.04
446_446_Hudson_Bay_(1970),routing_scenario,19,Gadiformes,M0,0.016022631350000014,0.016022641913040016,"Freeze completed living P,Q,diet,predation,accumulation,migration. Solve EE for SM; detritus accumulation absorbs routed inflow at fixed predation. No new consumption is assumed.",SM,0.04
446_446_Hudson_Bay_(1970),routing_scenario,18,Atlantic Salmon,M0,0.0013343262400000013,0.0013343267681520013,"Freeze completed living P,Q,diet,predation,accumulation,migration. Solve EE for SM; detritus accumulation absorbs routed inflow at fixed predation. No new consumption is assumed.",SM,0.04
446_446_Hudson_Bay_(1970),routing_scenario,17,Arctic Char,M0,0.0017951153200000017,0.0017951338052800017,"Freeze completed living P,Q,diet,predation,accumulation,migration. Solve EE for SM; detritus accumulation absorbs routed inflow at fixed predation. No new consumption is assumed.",SM,0.04
446_446_Hudson_Bay_(1970),routing_scenario,16,Seabirds,M0,0.021714263038000003,0.021727263038000003,"Freeze completed living P,Q,diet,predation,accumulation,migration. Solve EE for SM; detritus accumulation absorbs routed inflow at fixed predation. No new consumption is assumed.",SM,0.04
446_446_Hudson_Bay_(1970),routing_scenario,15,Beluga James,M0,5.5673137044634417e-05,5.623313704463442e-05,"Freeze completed living P,Q,diet,predation,accumulation,migration. Solve EE for SM; detritus accumulation absorbs routed inflow at fixed predation. No new consumption is assumed.",SM,0.04
446_446_Hudson_Bay_(1970),routing_scenario,14,Beluga W,M0,0.0013602991127677291,0.001362719112767729,"Freeze completed living P,Q,diet,predation,accumulation,migration. Solve EE for SM; detritus accumulation absorbs routed inflow at fixed predation. No new consumption is assumed.",SM,0.04
446_446_Hudson_Bay_(1970),routing_scenario,13,Beluga E,M0,9.807396405385151e-05,9.939396405385151e-05,"Freeze completed living P,Q,diet,predation,accumulation,migration. Solve EE for SM; detritus accumulation absorbs routed inflow at fixed predation. No new consumption is assumed.",SM,0.04
446_446_Hudson_Bay_(1970),routing_scenario,12,Harp seal,M0,3.9123524670240005e-05,3.9683524670240006e-05,"Freeze completed living P,Q,diet,predation,accumulation,migration. Solve EE for SM; detritus accumulation absorbs routed inflow at fixed predation. No new consumption is assumed.",SM,0.04
446_446_Hudson_Bay_(1970),routing_scenario,11,Ringed Seal,M0,0.004359851707524983,0.004375571707524983,"Freeze completed living P,Q,diet,predation,accumulation,migration. Solve EE for SM; detritus accumulation absorbs routed inflow at fixed predation. No new consumption is assumed.",SM,0.04
446_446_Hudson_Bay_(1970),routing_scenario,10,Harbour Seal,M0,0.00012099825122750879,0.00012107825122750879,"Freeze completed living P,Q,diet,predation,accumulation,migration. Solve EE for SM; detritus accumulation absorbs routed inflow at fixed predation. No new consumption is assumed.",SM,0.04
446_446_Hudson_Bay_(1970),routing_scenario,9,Bearded Seal,M0,0.00013606373638765757,0.00014274373638765758,"Freeze completed living P,Q,diet,predation,accumulation,migration. Solve EE for SM; detritus accumulation absorbs routed inflow at fixed predation. No new consumption is assumed.",SM,0.04
446_446_Hudson_Bay_(1970),routing_scenario,8,Walrus S,M0,8.217029462185597e-05,8.241029462185597e-05,"Freeze completed living P,Q,diet,predation,accumulation,migration. Solve EE for SM; detritus accumulation absorbs routed inflow at fixed predation. No new consumption is assumed.",SM,0.04
446_446_Hudson_Bay_(1970),routing_scenario,7,Walrus N,M0,0.0003819925835737691,0.00038519258357376914,"Freeze completed living P,Q,diet,predation,accumulation,migration. Solve EE for SM; detritus accumulation absorbs routed inflow at fixed predation. No new consumption is assumed.",SM,0.04
446_446_Hudson_Bay_(1970),routing_scenario,6,Bowhead,M0,0.00021741439634646387,0.00021777439634646387,"Freeze completed living P,Q,diet,predation,accumulation,migration. Solve EE for SM; detritus accumulation absorbs routed inflow at fixed predation. No new consumption is assumed.",SM,0.04
446_446_Hudson_Bay_(1970),routing_scenario,5,Narwhal,M0,0.00011868823016079942,0.00012004823016079942,"Freeze completed living P,Q,diet,predation,accumulation,migration. Solve EE for SM; detritus accumulation absorbs routed inflow at fixed predation. No new consumption is assumed.",SM,0.04
446_446_Hudson_Bay_(1970),routing_scenario,4,Killer Whale,M0,2.76981004599574e-06,2.80981004599574e-06,"Freeze completed living P,Q,diet,predation,accumulation,migration. Solve EE for SM; detritus accumulation absorbs routed inflow at fixed predation. No new consumption is assumed.",SM,0.04
446_446_Hudson_Bay_(1970),routing_scenario,3,Polar Bear Foxe,M0,1.611317803944726e-05,1.631317803944726e-05,"Freeze completed living P,Q,diet,predation,accumulation,migration. Solve EE for SM; detritus accumulation absorbs routed inflow at fixed predation. No new consumption is assumed.",SM,0.04
446_446_Hudson_Bay_(1970),routing_scenario,2,SH Polar Bear,M0,2.9258219105026142e-05,3.0138219105026144e-05,"Freeze completed living P,Q,diet,predation,accumulation,migration. Solve EE for SM; detritus accumulation absorbs routed inflow at fixed predation. No new consumption is assumed.",SM,0.04
446_446_Hudson_Bay_(1970),routing_scenario,1,Polar Bear WHB,M0,3.4803496340686466e-05,3.540349634068647e-05,"Freeze completed living P,Q,diet,predation,accumulation,migration. Solve EE for SM; detritus accumulation absorbs routed inflow at fixed predation. No new consumption is assumed.",SM,0.04
446_446_Hudson_Bay_(1970),routing_scenario,25,Brackish Fish,EE,0.95,0.9499999792273506,"Freeze completed living P,Q,diet,predation,accumulation,migration. Solve EE for SM; detritus accumulation absorbs routed inflow at fixed predation. No new consumption is assumed.",SM,0.04
446_446_Hudson_Bay_(1970),routing_scenario,24,Other Marine Fish,EE,0.95,0.9499999889331665,"Freeze completed living P,Q,diet,predation,accumulation,migration. Solve EE for SM; detritus accumulation absorbs routed inflow at fixed predation. No new consumption is assumed.",SM,0.04
446_446_Hudson_Bay_(1970),routing_scenario,22,Sandlance,EE,0.95,0.9499999963602929,"Freeze completed living P,Q,diet,predation,accumulation,migration. Solve EE for SM; detritus accumulation absorbs routed inflow at fixed predation. No new consumption is assumed.",SM,0.04
446_446_Hudson_Bay_(1970),routing_scenario,21,Capelin,EE,0.95,0.9499999897808414,"Freeze completed living P,Q,diet,predation,accumulation,migration. Solve EE for SM; detritus accumulation absorbs routed inflow at fixed predation. No new consumption is assumed.",SM,0.04
446_446_Hudson_Bay_(1970),routing_scenario,20,Sculpins/ Zoarcids,EE,0.95,0.9499999390650941,"Freeze completed living P,Q,diet,predation,accumulation,migration. Solve EE for SM; detritus accumulation absorbs routed inflow at fixed predation. No new consumption is assumed.",SM,0.04
446_446_Hudson_Bay_(1970),routing_scenario,19,Gadiformes,EE,0.95,0.9499999670371246,"Freeze completed living P,Q,diet,predation,accumulation,migration. Solve EE for SM; detritus accumulation absorbs routed inflow at fixed predation. No new consumption is assumed.",SM,0.04
446_446_Hudson_Bay_(1970),routing_scenario,18,Atlantic Salmon,EE,0.95,0.9499999802090379,"Freeze completed living P,Q,diet,predation,accumulation,migration. Solve EE for SM; detritus accumulation absorbs routed inflow at fixed predation. No new consumption is assumed.",SM,0.04
446_446_Hudson_Bay_(1970),routing_scenario,17,Arctic Char,EE,0.95,0.9499994851227719,"Freeze completed living P,Q,diet,predation,accumulation,migration. Solve EE for SM; detritus accumulation absorbs routed inflow at fixed predation. No new consumption is assumed.",SM,0.04
446_446_Hudson_Bay_(1970),routing_scenario,16,Seabirds,EE,0.09712003999999996,0.09657949945945943,"Freeze completed living P,Q,diet,predation,accumulation,migration. Solve EE for SM; detritus accumulation absorbs routed inflow at fixed predation. No new consumption is assumed.",SM,0.04
446_446_Hudson_Bay_(1970),routing_scenario,15,Beluga James,EE,0.5643347,0.5599524686232338,"Freeze completed living P,Q,diet,predation,accumulation,migration. Solve EE for SM; detritus accumulation absorbs routed inflow at fixed predation. No new consumption is assumed.",SM,0.04
446_446_Hudson_Bay_(1970),routing_scenario,14,Beluga W,EE,0.13272054499999997,0.13117763707526442,"Freeze completed living P,Q,diet,predation,accumulation,migration. Solve EE for SM; detritus accumulation absorbs routed inflow at fixed predation. No new consumption is assumed.",SM,0.04
446_446_Hudson_Bay_(1970),routing_scenario,13,Beluga E,EE,0.28052579999999994,0.27084223155079845,"Freeze completed living P,Q,diet,predation,accumulation,migration. Solve EE for SM; detritus accumulation absorbs routed inflow at fixed predation. No new consumption is assumed.",SM,0.04
446_446_Hudson_Bay_(1970),routing_scenario,12,Harp seal,EE,0.6883504,0.6838895601991128,"Freeze completed living P,Q,diet,predation,accumulation,migration. Solve EE for SM; detritus accumulation absorbs routed inflow at fixed predation. No new consumption is assumed.",SM,0.04
446_446_Hudson_Bay_(1970),routing_scenario,11,Ringed Seal,EE,0.412556618,0.41043851615054916,"Freeze completed living P,Q,diet,predation,accumulation,migration. Solve EE for SM; detritus accumulation absorbs routed inflow at fixed predation. No new consumption is assumed.",SM,0.04
446_446_Hudson_Bay_(1970),routing_scenario,10,Harbour Seal,EE,0.07364795999999996,0.07303548698945495,"Freeze completed living P,Q,diet,predation,accumulation,migration. Solve EE for SM; detritus accumulation absorbs routed inflow at fixed predation. No new consumption is assumed.",SM,0.04
446_446_Hudson_Bay_(1970),routing_scenario,9,Bearded Seal,EE,0.791283369,0.7810365013768169,"Freeze completed living P,Q,diet,predation,accumulation,migration. Solve EE for SM; detritus accumulation absorbs routed inflow at fixed predation. No new consumption is assumed.",SM,0.04
446_446_Hudson_Bay_(1970),routing_scenario,8,Walrus S,EE,0.143246785,0.140744411453133,"Freeze completed living P,Q,diet,predation,accumulation,migration. Solve EE for SM; detritus accumulation absorbs routed inflow at fixed predation. No new consumption is assumed.",SM,0.04
446_446_Hudson_Bay_(1970),routing_scenario,7,Walrus N,EE,0.18816389099999997,0.18136303763134198,"Freeze completed living P,Q,diet,predation,accumulation,migration. Solve EE for SM; detritus accumulation absorbs routed inflow at fixed predation. No new consumption is assumed.",SM,0.04
446_446_Hudson_Bay_(1970),routing_scenario,6,Bowhead,EE,0.052819170000000026,0.051250805142244116,"Freeze completed living P,Q,diet,predation,accumulation,migration. Solve EE for SM; detritus accumulation absorbs routed inflow at fixed predation. No new consumption is assumed.",SM,0.04
446_446_Hudson_Bay_(1970),routing_scenario,5,Narwhal,EE,0.2706202,0.2622625344871172,"Freeze completed living P,Q,diet,predation,accumulation,migration. Solve EE for SM; detritus accumulation absorbs routed inflow at fixed predation. No new consumption is assumed.",SM,0.04
446_446_Hudson_Bay_(1970),routing_scenario,4,Killer Whale,EE,0.26526534600000007,0.25465473167195707,"Freeze completed living P,Q,diet,predation,accumulation,migration. Solve EE for SM; detritus accumulation absorbs routed inflow at fixed predation. No new consumption is assumed.",SM,0.04
446_446_Hudson_Bay_(1970),routing_scenario,3,Polar Bear Foxe,EE,0.3027038569999999,0.2940488773145161,"Freeze completed living P,Q,diet,predation,accumulation,migration. Solve EE for SM; detritus accumulation absorbs routed inflow at fixed predation. No new consumption is assumed.",SM,0.04
446_446_Hudson_Bay_(1970),routing_scenario,2,SH Polar Bear,EE,0.5060891,0.49123373267775117,"Freeze completed living P,Q,diet,predation,accumulation,migration. Solve EE for SM; detritus accumulation absorbs routed inflow at fixed predation. No new consumption is assumed.",SM,0.04
446_446_Hudson_Bay_(1970),routing_scenario,1,Polar Bear WHB,EE,0.4138758,0.4037712255469764,"Freeze completed living P,Q,diet,predation,accumulation,migration. Solve EE for SM; detritus accumulation absorbs routed inflow at fixed predation. No new consumption is assumed.",SM,0.04
446_446_Hudson_Bay_(1970),routing_scenario,25,Brackish Fish,catch,2.64076e-08,2.5351295999999998e-08,"Freeze completed living P,Q,diet,predation,accumulation,migration. Solve EE for SM; detritus accumulation absorbs routed inflow at fixed predation. No new consumption is assumed.",SM,0.04
446_446_Hudson_Bay_(1970),routing_scenario,24,Other Marine Fish,catch,6.60189e-08,6.337814399999999e-08,"Freeze completed living P,Q,diet,predation,accumulation,migration. Solve EE for SM; detritus accumulation absorbs routed inflow at fixed predation. No new consumption is assumed.",SM,0.04
446_446_Hudson_Bay_(1970),routing_scenario,22,Sandlance,catch,3.96113e-08,3.8026848e-08,"Freeze completed living P,Q,diet,predation,accumulation,migration. Solve EE for SM; detritus accumulation absorbs routed inflow at fixed predation. No new consumption is assumed.",SM,0.04
446_446_Hudson_Bay_(1970),routing_scenario,21,Capelin,catch,1.32038e-07,1.2675648e-07,"Freeze completed living P,Q,diet,predation,accumulation,migration. Solve EE for SM; detritus accumulation absorbs routed inflow at fixed predation. No new consumption is assumed.",SM,0.04
446_446_Hudson_Bay_(1970),routing_scenario,20,Sculpins/ Zoarcids,catch,2.64076e-07,2.5351296e-07,"Freeze completed living P,Q,diet,predation,accumulation,migration. Solve EE for SM; detritus accumulation absorbs routed inflow at fixed predation. No new consumption is assumed.",SM,0.04
446_446_Hudson_Bay_(1970),routing_scenario,19,Gadiformes,catch,2.64076e-07,2.5351296e-07,"Freeze completed living P,Q,diet,predation,accumulation,migration. Solve EE for SM; detritus accumulation absorbs routed inflow at fixed predation. No new consumption is assumed.",SM,0.04
446_446_Hudson_Bay_(1970),routing_scenario,18,Atlantic Salmon,catch,1.32038e-08,1.2675647999999999e-08,"Freeze completed living P,Q,diet,predation,accumulation,migration. Solve EE for SM; detritus accumulation absorbs routed inflow at fixed predation. No new consumption is assumed.",SM,0.04
446_446_Hudson_Bay_(1970),routing_scenario,17,Arctic Char,catch,4.62132e-07,4.4364672e-07,"Freeze completed living P,Q,diet,predation,accumulation,migration. Solve EE for SM; detritus accumulation absorbs routed inflow at fixed predation. No new consumption is assumed.",SM,0.04
446_446_Hudson_Bay_(1970),routing_scenario,16,Seabirds,catch,0.000325,0.000312,"Freeze completed living P,Q,diet,predation,accumulation,migration. Solve EE for SM; detritus accumulation absorbs routed inflow at fixed predation. No new consumption is assumed.",SM,0.04
446_446_Hudson_Bay_(1970),routing_scenario,15,Beluga James,catch,1.4e-05,1.344e-05,"Freeze completed living P,Q,diet,predation,accumulation,migration. Solve EE for SM; detritus accumulation absorbs routed inflow at fixed predation. No new consumption is assumed.",SM,0.04
446_446_Hudson_Bay_(1970),routing_scenario,14,Beluga W,catch,6.05e-05,5.808e-05,"Freeze completed living P,Q,diet,predation,accumulation,migration. Solve EE for SM; detritus accumulation absorbs routed inflow at fixed predation. No new consumption is assumed.",SM,0.04
446_446_Hudson_Bay_(1970),routing_scenario,13,Beluga E,catch,3.3e-05,3.168e-05,"Freeze completed living P,Q,diet,predation,accumulation,migration. Solve EE for SM; detritus accumulation absorbs routed inflow at fixed predation. No new consumption is assumed.",SM,0.04
446_446_Hudson_Bay_(1970),routing_scenario,12,Harp seal,catch,1.4e-05,1.344e-05,"Freeze completed living P,Q,diet,predation,accumulation,migration. Solve EE for SM; detritus accumulation absorbs routed inflow at fixed predation. No new consumption is assumed.",SM,0.04
446_446_Hudson_Bay_(1970),routing_scenario,11,Ringed Seal,catch,0.000393,0.00037728,"Freeze completed living P,Q,diet,predation,accumulation,migration. Solve EE for SM; detritus accumulation absorbs routed inflow at fixed predation. No new consumption is assumed.",SM,0.04
446_446_Hudson_Bay_(1970),routing_scenario,10,Harbour Seal,catch,2e-06,1.92e-06,"Freeze completed living P,Q,diet,predation,accumulation,migration. Solve EE for SM; detritus accumulation absorbs routed inflow at fixed predation. No new consumption is assumed.",SM,0.04
446_446_Hudson_Bay_(1970),routing_scenario,9,Bearded Seal,catch,0.000167,0.00016031999999999998,"Freeze completed living P,Q,diet,predation,accumulation,migration. Solve EE for SM; detritus accumulation absorbs routed inflow at fixed predation. No new consumption is assumed.",SM,0.04
446_446_Hudson_Bay_(1970),routing_scenario,8,Walrus S,catch,6e-06,5.76e-06,"Freeze completed living P,Q,diet,predation,accumulation,migration. Solve EE for SM; detritus accumulation absorbs routed inflow at fixed predation. No new consumption is assumed.",SM,0.04
446_446_Hudson_Bay_(1970),routing_scenario,7,Walrus N,catch,8e-05,7.680000000000001e-05,"Freeze completed living P,Q,diet,predation,accumulation,migration. Solve EE for SM; detritus accumulation absorbs routed inflow at fixed predation. No new consumption is assumed.",SM,0.04
446_446_Hudson_Bay_(1970),routing_scenario,6,Bowhead,catch,9e-06,8.64e-06,"Freeze completed living P,Q,diet,predation,accumulation,migration. Solve EE for SM; detritus accumulation absorbs routed inflow at fixed predation. No new consumption is assumed.",SM,0.04
446_446_Hudson_Bay_(1970),routing_scenario,5,Narwhal,catch,3.4e-05,3.264e-05,"Freeze completed living P,Q,diet,predation,accumulation,migration. Solve EE for SM; detritus accumulation absorbs routed inflow at fixed predation. No new consumption is assumed.",SM,0.04
446_446_Hudson_Bay_(1970),routing_scenario,4,Killer Whale,catch,1e-06,9.6e-07,"Freeze completed living P,Q,diet,predation,accumulation,migration. Solve EE for SM; detritus accumulation absorbs routed inflow at fixed predation. No new consumption is assumed.",SM,0.04
446_446_Hudson_Bay_(1970),routing_scenario,3,Polar Bear Foxe,catch,5e-06,4.800000000000001e-06,"Freeze completed living P,Q,diet,predation,accumulation,migration. Solve EE for SM; detritus accumulation absorbs routed inflow at fixed predation. No new consumption is assumed.",SM,0.04
446_446_Hudson_Bay_(1970),routing_scenario,2,SH Polar Bear,catch,2.2e-05,2.1119999999999998e-05,"Freeze completed living P,Q,diet,predation,accumulation,migration. Solve EE for SM; detritus accumulation absorbs routed inflow at fixed predation. No new consumption is assumed.",SM,0.04
446_446_Hudson_Bay_(1970),routing_scenario,1,Polar Bear WHB,catch,1.5e-05,1.44e-05,"Freeze completed living P,Q,diet,predation,accumulation,migration. Solve EE for SM; detritus accumulation absorbs routed inflow at fixed predation. No new consumption is assumed.",SM,0.04
446_446_Hudson_Bay_(1970),routing_scenario,40,Pelagic Detritus,growth,100.09094139097152,100.09098866167403,"Freeze completed living P,Q,diet,predation,accumulation,migration. Solve EE for SM; detritus accumulation absorbs routed inflow at fixed predation. No new consumption is assumed.",SM,0.04
446_446_Hudson_Bay_(1970),routing_scenario,25,Brackish Fish,catch,2.64076e-08,2.5351295999999998e-08,"Freeze completed living P,Q,diet,predation,accumulation,migration. Solve EE for SM; detritus accumulation absorbs routed inflow at fixed predation. No new consumption is assumed.",SE,0.04
446_446_Hudson_Bay_(1970),routing_scenario,24,Other Marine Fish,catch,6.60189e-08,6.337814399999999e-08,"Freeze completed living P,Q,diet,predation,accumulation,migration. Solve EE for SM; detritus accumulation absorbs routed inflow at fixed predation. No new consumption is assumed.",SE,0.04
446_446_Hudson_Bay_(1970),routing_scenario,22,Sandlance,catch,3.96113e-08,3.8026848e-08,"Freeze completed living P,Q,diet,predation,accumulation,migration. Solve EE for SM; detritus accumulation absorbs routed inflow at fixed predation. No new consumption is assumed.",SE,0.04
446_446_Hudson_Bay_(1970),routing_scenario,21,Capelin,catch,1.32038e-07,1.2675648e-07,"Freeze completed living P,Q,diet,predation,accumulation,migration. Solve EE for SM; detritus accumulation absorbs routed inflow at fixed predation. No new consumption is assumed.",SE,0.04
446_446_Hudson_Bay_(1970),routing_scenario,20,Sculpins/ Zoarcids,catch,2.64076e-07,2.5351296e-07,"Freeze completed living P,Q,diet,predation,accumulation,migration. Solve EE for SM; detritus accumulation absorbs routed inflow at fixed predation. No new consumption is assumed.",SE,0.04
446_446_Hudson_Bay_(1970),routing_scenario,19,Gadiformes,catch,2.64076e-07,2.5351296e-07,"Freeze completed living P,Q,diet,predation,accumulation,migration. Solve EE for SM; detritus accumulation absorbs routed inflow at fixed predation. No new consumption is assumed.",SE,0.04
446_446_Hudson_Bay_(1970),routing_scenario,18,Atlantic Salmon,catch,1.32038e-08,1.2675647999999999e-08,"Freeze completed living P,Q,diet,predation,accumulation,migration. Solve EE for SM; detritus accumulation absorbs routed inflow at fixed predation. No new consumption is assumed.",SE,0.04
446_446_Hudson_Bay_(1970),routing_scenario,17,Arctic Char,catch,4.62132e-07,4.4364672e-07,"Freeze completed living P,Q,diet,predation,accumulation,migration. Solve EE for SM; detritus accumulation absorbs routed inflow at fixed predation. No new consumption is assumed.",SE,0.04
446_446_Hudson_Bay_(1970),routing_scenario,16,Seabirds,catch,0.000325,0.000312,"Freeze completed living P,Q,diet,predation,accumulation,migration. Solve EE for SM; detritus accumulation absorbs routed inflow at fixed predation. No new consumption is assumed.",SE,0.04
446_446_Hudson_Bay_(1970),routing_scenario,15,Beluga James,catch,1.4e-05,1.344e-05,"Freeze completed living P,Q,diet,predation,accumulation,migration. Solve EE for SM; detritus accumulation absorbs routed inflow at fixed predation. No new consumption is assumed.",SE,0.04
446_446_Hudson_Bay_(1970),routing_scenario,14,Beluga W,catch,6.05e-05,5.808e-05,"Freeze completed living P,Q,diet,predation,accumulation,migration. Solve EE for SM; detritus accumulation absorbs routed inflow at fixed predation. No new consumption is assumed.",SE,0.04
446_446_Hudson_Bay_(1970),routing_scenario,13,Beluga E,catch,3.3e-05,3.168e-05,"Freeze completed living P,Q,diet,predation,accumulation,migration. Solve EE for SM; detritus accumulation absorbs routed inflow at fixed predation. No new consumption is assumed.",SE,0.04
446_446_Hudson_Bay_(1970),routing_scenario,12,Harp seal,catch,1.4e-05,1.344e-05,"Freeze completed living P,Q,diet,predation,accumulation,migration. Solve EE for SM; detritus accumulation absorbs routed inflow at fixed predation. No new consumption is assumed.",SE,0.04
446_446_Hudson_Bay_(1970),routing_scenario,11,Ringed Seal,catch,0.000393,0.00037728,"Freeze completed living P,Q,diet,predation,accumulation,migration. Solve EE for SM; detritus accumulation absorbs routed inflow at fixed predation. No new consumption is assumed.",SE,0.04
446_446_Hudson_Bay_(1970),routing_scenario,10,Harbour Seal,catch,2e-06,1.92e-06,"Freeze completed living P,Q,diet,predation,accumulation,migration. Solve EE for SM; detritus accumulation absorbs routed inflow at fixed predation. No new consumption is assumed.",SE,0.04
446_446_Hudson_Bay_(1970),routing_scenario,9,Bearded Seal,catch,0.000167,0.00016031999999999998,"Freeze completed living P,Q,diet,predation,accumulation,migration. Solve EE for SM; detritus accumulation absorbs routed inflow at fixed predation. No new consumption is assumed.",SE,0.04
446_446_Hudson_Bay_(1970),routing_scenario,8,Walrus S,catch,6e-06,5.76e-06,"Freeze completed living P,Q,diet,predation,accumulation,migration. Solve EE for SM; detritus accumulation absorbs routed inflow at fixed predation. No new consumption is assumed.",SE,0.04
446_446_Hudson_Bay_(1970),routing_scenario,7,Walrus N,catch,8e-05,7.680000000000001e-05,"Freeze completed living P,Q,diet,predation,accumulation,migration. Solve EE for SM; detritus accumulation absorbs routed inflow at fixed predation. No new consumption is assumed.",SE,0.04
446_446_Hudson_Bay_(1970),routing_scenario,6,Bowhead,catch,9e-06,8.64e-06,"Freeze completed living P,Q,diet,predation,accumulation,migration. Solve EE for SM; detritus accumulation absorbs routed inflow at fixed predation. No new consumption is assumed.",SE,0.04
446_446_Hudson_Bay_(1970),routing_scenario,5,Narwhal,catch,3.4e-05,3.264e-05,"Freeze completed living P,Q,diet,predation,accumulation,migration. Solve EE for SM; detritus accumulation absorbs routed inflow at fixed predation. No new consumption is assumed.",SE,0.04
446_446_Hudson_Bay_(1970),routing_scenario,4,Killer Whale,catch,1e-06,9.6e-07,"Freeze completed living P,Q,diet,predation,accumulation,migration. Solve EE for SM; detritus accumulation absorbs routed inflow at fixed predation. No new consumption is assumed.",SE,0.04
446_446_Hudson_Bay_(1970),routing_scenario,3,Polar Bear Foxe,catch,5e-06,4.800000000000001e-06,"Freeze completed living P,Q,diet,predation,accumulation,migration. Solve EE for SM; detritus accumulation absorbs routed inflow at fixed predation. No new consumption is assumed.",SE,0.04
446_446_Hudson_Bay_(1970),routing_scenario,2,SH Polar Bear,catch,2.2e-05,2.1119999999999998e-05,"Freeze completed living P,Q,diet,predation,accumulation,migration. Solve EE for SM; detritus accumulation absorbs routed inflow at fixed predation. No new consumption is assumed.",SE,0.04
446_446_Hudson_Bay_(1970),routing_scenario,1,Polar Bear WHB,catch,1.5e-05,1.44e-05,"Freeze completed living P,Q,diet,predation,accumulation,migration. Solve EE for SM; detritus accumulation absorbs routed inflow at fixed predation. No new consumption is assumed.",SE,0.04
446_446_Hudson_Bay_(1970),routing_scenario,25,Brackish Fish,external_loss,0.0,1.056304e-09,"Freeze completed living P,Q,diet,predation,accumulation,migration. Solve EE for SM; detritus accumulation absorbs routed inflow at fixed predation. No new consumption is assumed.",SE,0.04
446_446_Hudson_Bay_(1970),routing_scenario,24,Other Marine Fish,external_loss,0.0,2.640756e-09,"Freeze completed living P,Q,diet,predation,accumulation,migration. Solve EE for SM; detritus accumulation absorbs routed inflow at fixed predation. No new consumption is assumed.",SE,0.04
446_446_Hudson_Bay_(1970),routing_scenario,22,Sandlance,external_loss,0.0,1.584452e-09,"Freeze completed living P,Q,diet,predation,accumulation,migration. Solve EE for SM; detritus accumulation absorbs routed inflow at fixed predation. No new consumption is assumed.",SE,0.04
446_446_Hudson_Bay_(1970),routing_scenario,21,Capelin,external_loss,0.0,5.281520000000001e-09,"Freeze completed living P,Q,diet,predation,accumulation,migration. Solve EE for SM; detritus accumulation absorbs routed inflow at fixed predation. No new consumption is assumed.",SE,0.04
446_446_Hudson_Bay_(1970),routing_scenario,20,Sculpins/ Zoarcids,external_loss,0.0,1.0563040000000001e-08,"Freeze completed living P,Q,diet,predation,accumulation,migration. Solve EE for SM; detritus accumulation absorbs routed inflow at fixed predation. No new consumption is assumed.",SE,0.04
446_446_Hudson_Bay_(1970),routing_scenario,19,Gadiformes,external_loss,0.0,1.0563040000000001e-08,"Freeze completed living P,Q,diet,predation,accumulation,migration. Solve EE for SM; detritus accumulation absorbs routed inflow at fixed predation. No new consumption is assumed.",SE,0.04
446_446_Hudson_Bay_(1970),routing_scenario,18,Atlantic Salmon,external_loss,0.0,5.28152e-10,"Freeze completed living P,Q,diet,predation,accumulation,migration. Solve EE for SM; detritus accumulation absorbs routed inflow at fixed predation. No new consumption is assumed.",SE,0.04
446_446_Hudson_Bay_(1970),routing_scenario,17,Arctic Char,external_loss,0.0,1.8485280000000003e-08,"Freeze completed living P,Q,diet,predation,accumulation,migration. Solve EE for SM; detritus accumulation absorbs routed inflow at fixed predation. No new consumption is assumed.",SE,0.04
446_446_Hudson_Bay_(1970),routing_scenario,16,Seabirds,external_loss,0.0,1.3e-05,"Freeze completed living P,Q,diet,predation,accumulation,migration. Solve EE for SM; detritus accumulation absorbs routed inflow at fixed predation. No new consumption is assumed.",SE,0.04
446_446_Hudson_Bay_(1970),routing_scenario,15,Beluga James,external_loss,0.0,5.6e-07,"Freeze completed living P,Q,diet,predation,accumulation,migration. Solve EE for SM; detritus accumulation absorbs routed inflow at fixed predation. No new consumption is assumed.",SE,0.04
446_446_Hudson_Bay_(1970),routing_scenario,14,Beluga W,external_loss,0.0,2.42e-06,"Freeze completed living P,Q,diet,predation,accumulation,migration. Solve EE for SM; detritus accumulation absorbs routed inflow at fixed predation. No new consumption is assumed.",SE,0.04
446_446_Hudson_Bay_(1970),routing_scenario,13,Beluga E,external_loss,0.0,1.32e-06,"Freeze completed living P,Q,diet,predation,accumulation,migration. Solve EE for SM; detritus accumulation absorbs routed inflow at fixed predation. No new consumption is assumed.",SE,0.04
446_446_Hudson_Bay_(1970),routing_scenario,12,Harp seal,external_loss,0.0,5.6e-07,"Freeze completed living P,Q,diet,predation,accumulation,migration. Solve EE for SM; detritus accumulation absorbs routed inflow at fixed predation. No new consumption is assumed.",SE,0.04
446_446_Hudson_Bay_(1970),routing_scenario,11,Ringed Seal,external_loss,0.0,1.5720000000000002e-05,"Freeze completed living P,Q,diet,predation,accumulation,migration. Solve EE for SM; detritus accumulation absorbs routed inflow at fixed predation. No new consumption is assumed.",SE,0.04
446_446_Hudson_Bay_(1970),routing_scenario,10,Harbour Seal,external_loss,0.0,8e-08,"Freeze completed living P,Q,diet,predation,accumulation,migration. Solve EE for SM; detritus accumulation absorbs routed inflow at fixed predation. No new consumption is assumed.",SE,0.04
446_446_Hudson_Bay_(1970),routing_scenario,9,Bearded Seal,external_loss,0.0,6.6799999999999996e-06,"Freeze completed living P,Q,diet,predation,accumulation,migration. Solve EE for SM; detritus accumulation absorbs routed inflow at fixed predation. No new consumption is assumed.",SE,0.04
446_446_Hudson_Bay_(1970),routing_scenario,8,Walrus S,external_loss,0.0,2.4000000000000003e-07,"Freeze completed living P,Q,diet,predation,accumulation,migration. Solve EE for SM; detritus accumulation absorbs routed inflow at fixed predation. No new consumption is assumed.",SE,0.04
446_446_Hudson_Bay_(1970),routing_scenario,7,Walrus N,external_loss,0.0,3.2000000000000003e-06,"Freeze completed living P,Q,diet,predation,accumulation,migration. Solve EE for SM; detritus accumulation absorbs routed inflow at fixed predation. No new consumption is assumed.",SE,0.04
446_446_Hudson_Bay_(1970),routing_scenario,6,Bowhead,external_loss,0.0,3.6e-07,"Freeze completed living P,Q,diet,predation,accumulation,migration. Solve EE for SM; detritus accumulation absorbs routed inflow at fixed predation. No new consumption is assumed.",SE,0.04
446_446_Hudson_Bay_(1970),routing_scenario,5,Narwhal,external_loss,0.0,1.3600000000000001e-06,"Freeze completed living P,Q,diet,predation,accumulation,migration. Solve EE for SM; detritus accumulation absorbs routed inflow at fixed predation. No new consumption is assumed.",SE,0.04
446_446_Hudson_Bay_(1970),routing_scenario,4,Killer Whale,external_loss,0.0,4e-08,"Freeze completed living P,Q,diet,predation,accumulation,migration. Solve EE for SM; detritus accumulation absorbs routed inflow at fixed predation. No new consumption is assumed.",SE,0.04
446_446_Hudson_Bay_(1970),routing_scenario,3,Polar Bear Foxe,external_loss,0.0,2.0000000000000002e-07,"Freeze completed living P,Q,diet,predation,accumulation,migration. Solve EE for SM; detritus accumulation absorbs routed inflow at fixed predation. No new consumption is assumed.",SE,0.04
446_446_Hudson_Bay_(1970),routing_scenario,2,SH Polar Bear,external_loss,0.0,8.8e-07,"Freeze completed living P,Q,diet,predation,accumulation,migration. Solve EE for SM; detritus accumulation absorbs routed inflow at fixed predation. No new consumption is assumed.",SE,0.04
446_446_Hudson_Bay_(1970),routing_scenario,1,Polar Bear WHB,external_loss,0.0,6.000000000000001e-07,"Freeze completed living P,Q,diet,predation,accumulation,migration. Solve EE for SM; detritus accumulation absorbs routed inflow at fixed predation. No new consumption is assumed.",SE,0.04
446_446_Hudson_Bay_(1970),routing_scenario,40,Pelagic Detritus,p,128.24910803428477,128.24916712266293,"Freeze completed living P,Q,diet,predation,accumulation,migration. Solve EE for SM; detritus accumulation absorbs routed inflow at fixed predation. No new consumption is assumed.",SM,0.05
446_446_Hudson_Bay_(1970),routing_scenario,40,Pelagic Detritus,q,128.24910803428477,128.24916712266293,"Freeze completed living P,Q,diet,predation,accumulation,migration. Solve EE for SM; detritus accumulation absorbs routed inflow at fixed predation. No new consumption is assumed.",SM,0.05
446_446_Hudson_Bay_(1970),routing_scenario,25,Brackish Fish,M0,0.0025425355725000025,0.0025425368928800028,"Freeze completed living P,Q,diet,predation,accumulation,migration. Solve EE for SM; detritus accumulation absorbs routed inflow at fixed predation. No new consumption is assumed.",SM,0.05
446_446_Hudson_Bay_(1970),routing_scenario,24,Other Marine Fish,M0,0.011930946740000012,0.011930950040945012,"Freeze completed living P,Q,diet,predation,accumulation,migration. Solve EE for SM; detritus accumulation absorbs routed inflow at fixed predation. No new consumption is assumed.",SM,0.05
446_446_Hudson_Bay_(1970),routing_scenario,22,Sandlance,M0,0.021766202280000018,0.02176620426056502,"Freeze completed living P,Q,diet,predation,accumulation,migration. Solve EE for SM; detritus accumulation absorbs routed inflow at fixed predation. No new consumption is assumed.",SM,0.05
446_446_Hudson_Bay_(1970),routing_scenario,21,Capelin,M0,0.025841266500000022,0.02584127310190002,"Freeze completed living P,Q,diet,predation,accumulation,migration. Solve EE for SM; detritus accumulation absorbs routed inflow at fixed predation. No new consumption is assumed.",SM,0.05
446_446_Hudson_Bay_(1970),routing_scenario,20,Sculpins/ Zoarcids,M0,0.008667478715000008,0.008667491918800008,"Freeze completed living P,Q,diet,predation,accumulation,migration. Solve EE for SM; detritus accumulation absorbs routed inflow at fixed predation. No new consumption is assumed.",SM,0.05
446_446_Hudson_Bay_(1970),routing_scenario,19,Gadiformes,M0,0.016022631350000014,0.016022644553800015,"Freeze completed living P,Q,diet,predation,accumulation,migration. Solve EE for SM; detritus accumulation absorbs routed inflow at fixed predation. No new consumption is assumed.",SM,0.05
446_446_Hudson_Bay_(1970),routing_scenario,18,Atlantic Salmon,M0,0.0013343262400000013,0.0013343269001900014,"Freeze completed living P,Q,diet,predation,accumulation,migration. Solve EE for SM; detritus accumulation absorbs routed inflow at fixed predation. No new consumption is assumed.",SM,0.05
446_446_Hudson_Bay_(1970),routing_scenario,17,Arctic Char,M0,0.0017951153200000017,0.0017951384266000016,"Freeze completed living P,Q,diet,predation,accumulation,migration. Solve EE for SM; detritus accumulation absorbs routed inflow at fixed predation. No new consumption is assumed.",SM,0.05
446_446_Hudson_Bay_(1970),routing_scenario,16,Seabirds,M0,0.021714263038000003,0.021730513038000002,"Freeze completed living P,Q,diet,predation,accumulation,migration. Solve EE for SM; detritus accumulation absorbs routed inflow at fixed predation. No new consumption is assumed.",SM,0.05
446_446_Hudson_Bay_(1970),routing_scenario,15,Beluga James,M0,5.5673137044634417e-05,5.637313704463441e-05,"Freeze completed living P,Q,diet,predation,accumulation,migration. Solve EE for SM; detritus accumulation absorbs routed inflow at fixed predation. No new consumption is assumed.",SM,0.05
446_446_Hudson_Bay_(1970),routing_scenario,14,Beluga W,M0,0.0013602991127677291,0.0013633241127677291,"Freeze completed living P,Q,diet,predation,accumulation,migration. Solve EE for SM; detritus accumulation absorbs routed inflow at fixed predation. No new consumption is assumed.",SM,0.05
446_446_Hudson_Bay_(1970),routing_scenario,13,Beluga E,M0,9.807396405385151e-05,9.972396405385151e-05,"Freeze completed living P,Q,diet,predation,accumulation,migration. Solve EE for SM; detritus accumulation absorbs routed inflow at fixed predation. No new consumption is assumed.",SM,0.05
446_446_Hudson_Bay_(1970),routing_scenario,12,Harp seal,M0,3.9123524670240005e-05,3.982352467024001e-05,"Freeze completed living P,Q,diet,predation,accumulation,migration. Solve EE for SM; detritus accumulation absorbs routed inflow at fixed predation. No new consumption is assumed.",SM,0.05
446_446_Hudson_Bay_(1970),routing_scenario,11,Ringed Seal,M0,0.004359851707524983,0.004379501707524983,"Freeze completed living P,Q,diet,predation,accumulation,migration. Solve EE for SM; detritus accumulation absorbs routed inflow at fixed predation. No new consumption is assumed.",SM,0.05
446_446_Hudson_Bay_(1970),routing_scenario,10,Harbour Seal,M0,0.00012099825122750879,0.00012109825122750879,"Freeze completed living P,Q,diet,predation,accumulation,migration. Solve EE for SM; detritus accumulation absorbs routed inflow at fixed predation. No new consumption is assumed.",SM,0.05
446_446_Hudson_Bay_(1970),routing_scenario,9,Bearded Seal,M0,0.00013606373638765757,0.00014441373638765759,"Freeze completed living P,Q,diet,predation,accumulation,migration. Solve EE for SM; detritus accumulation absorbs routed inflow at fixed predation. No new consumption is assumed.",SM,0.05
446_446_Hudson_Bay_(1970),routing_scenario,8,Walrus S,M0,8.217029462185597e-05,8.247029462185597e-05,"Freeze completed living P,Q,diet,predation,accumulation,migration. Solve EE for SM; detritus accumulation absorbs routed inflow at fixed predation. No new consumption is assumed.",SM,0.05
446_446_Hudson_Bay_(1970),routing_scenario,7,Walrus N,M0,0.0003819925835737691,0.0003859925835737691,"Freeze completed living P,Q,diet,predation,accumulation,migration. Solve EE for SM; detritus accumulation absorbs routed inflow at fixed predation. No new consumption is assumed.",SM,0.05
446_446_Hudson_Bay_(1970),routing_scenario,6,Bowhead,M0,0.00021741439634646387,0.00021786439634646388,"Freeze completed living P,Q,diet,predation,accumulation,migration. Solve EE for SM; detritus accumulation absorbs routed inflow at fixed predation. No new consumption is assumed.",SM,0.05
446_446_Hudson_Bay_(1970),routing_scenario,5,Narwhal,M0,0.00011868823016079942,0.00012038823016079942,"Freeze completed living P,Q,diet,predation,accumulation,migration. Solve EE for SM; detritus accumulation absorbs routed inflow at fixed predation. No new consumption is assumed.",SM,0.05
446_446_Hudson_Bay_(1970),routing_scenario,4,Killer Whale,M0,2.76981004599574e-06,2.8198100459957397e-06,"Freeze completed living P,Q,diet,predation,accumulation,migration. Solve EE for SM; detritus accumulation absorbs routed inflow at fixed predation. No new consumption is assumed.",SM,0.05
446_446_Hudson_Bay_(1970),routing_scenario,3,Polar Bear Foxe,M0,1.611317803944726e-05,1.636317803944726e-05,"Freeze completed living P,Q,diet,predation,accumulation,migration. Solve EE for SM; detritus accumulation absorbs routed inflow at fixed predation. No new consumption is assumed.",SM,0.05
446_446_Hudson_Bay_(1970),routing_scenario,2,SH Polar Bear,M0,2.9258219105026142e-05,3.035821910502614e-05,"Freeze completed living P,Q,diet,predation,accumulation,migration. Solve EE for SM; detritus accumulation absorbs routed inflow at fixed predation. No new consumption is assumed.",SM,0.05
446_446_Hudson_Bay_(1970),routing_scenario,1,Polar Bear WHB,M0,3.4803496340686466e-05,3.5553496340686463e-05,"Freeze completed living P,Q,diet,predation,accumulation,migration. Solve EE for SM; detritus accumulation absorbs routed inflow at fixed predation. No new consumption is assumed.",SM,0.05
446_446_Hudson_Bay_(1970),routing_scenario,25,Brackish Fish,EE,0.95,0.9499999740341882,"Freeze completed living P,Q,diet,predation,accumulation,migration. Solve EE for SM; detritus accumulation absorbs routed inflow at fixed predation. No new consumption is assumed.",SM,0.05
446_446_Hudson_Bay_(1970),routing_scenario,24,Other Marine Fish,EE,0.95,0.9499999861664582,"Freeze completed living P,Q,diet,predation,accumulation,migration. Solve EE for SM; detritus accumulation absorbs routed inflow at fixed predation. No new consumption is assumed.",SM,0.05
446_446_Hudson_Bay_(1970),routing_scenario,22,Sandlance,EE,0.95,0.9499999954503662,"Freeze completed living P,Q,diet,predation,accumulation,migration. Solve EE for SM; detritus accumulation absorbs routed inflow at fixed predation. No new consumption is assumed.",SM,0.05
446_446_Hudson_Bay_(1970),routing_scenario,21,Capelin,EE,0.95,0.9499999872260517,"Freeze completed living P,Q,diet,predation,accumulation,migration. Solve EE for SM; detritus accumulation absorbs routed inflow at fixed predation. No new consumption is assumed.",SM,0.05
446_446_Hudson_Bay_(1970),routing_scenario,20,Sculpins/ Zoarcids,EE,0.95,0.9499999238313676,"Freeze completed living P,Q,diet,predation,accumulation,migration. Solve EE for SM; detritus accumulation absorbs routed inflow at fixed predation. No new consumption is assumed.",SM,0.05
446_446_Hudson_Bay_(1970),routing_scenario,19,Gadiformes,EE,0.95,0.9499999587964058,"Freeze completed living P,Q,diet,predation,accumulation,migration. Solve EE for SM; detritus accumulation absorbs routed inflow at fixed predation. No new consumption is assumed.",SM,0.05
446_446_Hudson_Bay_(1970),routing_scenario,18,Atlantic Salmon,EE,0.95,0.9499999752612973,"Freeze completed living P,Q,diet,predation,accumulation,migration. Solve EE for SM; detritus accumulation absorbs routed inflow at fixed predation. No new consumption is assumed.",SM,0.05
446_446_Hudson_Bay_(1970),routing_scenario,17,Arctic Char,EE,0.95,0.9499993564034649,"Freeze completed living P,Q,diet,predation,accumulation,migration. Solve EE for SM; detritus accumulation absorbs routed inflow at fixed predation. No new consumption is assumed.",SM,0.05
446_446_Hudson_Bay_(1970),routing_scenario,16,Seabirds,EE,0.09712003999999996,0.09644436432432435,"Freeze completed living P,Q,diet,predation,accumulation,migration. Solve EE for SM; detritus accumulation absorbs routed inflow at fixed predation. No new consumption is assumed.",SM,0.05
446_446_Hudson_Bay_(1970),routing_scenario,15,Beluga James,EE,0.5643347,0.5588569107790422,"Freeze completed living P,Q,diet,predation,accumulation,migration. Solve EE for SM; detritus accumulation absorbs routed inflow at fixed predation. No new consumption is assumed.",SM,0.05
446_446_Hudson_Bay_(1970),routing_scenario,14,Beluga W,EE,0.13272054499999997,0.13079191009408053,"Freeze completed living P,Q,diet,predation,accumulation,migration. Solve EE for SM; detritus accumulation absorbs routed inflow at fixed predation. No new consumption is assumed.",SM,0.05
446_446_Hudson_Bay_(1970),routing_scenario,13,Beluga E,EE,0.28052579999999994,0.268421339438498,"Freeze completed living P,Q,diet,predation,accumulation,migration. Solve EE for SM; detritus accumulation absorbs routed inflow at fixed predation. No new consumption is assumed.",SM,0.05
446_446_Hudson_Bay_(1970),routing_scenario,12,Harp seal,EE,0.6883504,0.682774350248891,"Freeze completed living P,Q,diet,predation,accumulation,migration. Solve EE for SM; detritus accumulation absorbs routed inflow at fixed predation. No new consumption is assumed.",SM,0.05
446_446_Hudson_Bay_(1970),routing_scenario,11,Ringed Seal,EE,0.412556618,0.4099089906881864,"Freeze completed living P,Q,diet,predation,accumulation,migration. Solve EE for SM; detritus accumulation absorbs routed inflow at fixed predation. No new consumption is assumed.",SM,0.05
446_446_Hudson_Bay_(1970),routing_scenario,10,Harbour Seal,EE,0.07364795999999996,0.07288236873681864,"Freeze completed living P,Q,diet,predation,accumulation,migration. Solve EE for SM; detritus accumulation absorbs routed inflow at fixed predation. No new consumption is assumed.",SM,0.05
446_446_Hudson_Bay_(1970),routing_scenario,9,Bearded Seal,EE,0.791283369,0.7784747844710211,"Freeze completed living P,Q,diet,predation,accumulation,migration. Solve EE for SM; detritus accumulation absorbs routed inflow at fixed predation. No new consumption is assumed.",SM,0.05
446_446_Hudson_Bay_(1970),routing_scenario,8,Walrus S,EE,0.143246785,0.14011881806641624,"Freeze completed living P,Q,diet,predation,accumulation,migration. Solve EE for SM; detritus accumulation absorbs routed inflow at fixed predation. No new consumption is assumed.",SM,0.05
446_446_Hudson_Bay_(1970),routing_scenario,7,Walrus N,EE,0.18816389099999997,0.17966282428917768,"Freeze completed living P,Q,diet,predation,accumulation,migration. Solve EE for SM; detritus accumulation absorbs routed inflow at fixed predation. No new consumption is assumed.",SM,0.05
446_446_Hudson_Bay_(1970),routing_scenario,6,Bowhead,EE,0.052819170000000026,0.050858713927805166,"Freeze completed living P,Q,diet,predation,accumulation,migration. Solve EE for SM; detritus accumulation absorbs routed inflow at fixed predation. No new consumption is assumed.",SM,0.05
446_446_Hudson_Bay_(1970),routing_scenario,5,Narwhal,EE,0.2706202,0.26017311810889654,"Freeze completed living P,Q,diet,predation,accumulation,migration. Solve EE for SM; detritus accumulation absorbs routed inflow at fixed predation. No new consumption is assumed.",SM,0.05
446_446_Hudson_Bay_(1970),routing_scenario,4,Killer Whale,EE,0.26526534600000007,0.25200207808994624,"Freeze completed living P,Q,diet,predation,accumulation,migration. Solve EE for SM; detritus accumulation absorbs routed inflow at fixed predation. No new consumption is assumed.",SM,0.05
446_446_Hudson_Bay_(1970),routing_scenario,3,Polar Bear Foxe,EE,0.3027038569999999,0.2918851323931452,"Freeze completed living P,Q,diet,predation,accumulation,migration. Solve EE for SM; detritus accumulation absorbs routed inflow at fixed predation. No new consumption is assumed.",SM,0.05
446_446_Hudson_Bay_(1970),routing_scenario,2,SH Polar Bear,EE,0.5060891,0.48751989084718905,"Freeze completed living P,Q,diet,predation,accumulation,migration. Solve EE for SM; detritus accumulation absorbs routed inflow at fixed predation. No new consumption is assumed.",SM,0.05
446_446_Hudson_Bay_(1970),routing_scenario,1,Polar Bear WHB,EE,0.4138758,0.40124508193372055,"Freeze completed living P,Q,diet,predation,accumulation,migration. Solve EE for SM; detritus accumulation absorbs routed inflow at fixed predation. No new consumption is assumed.",SM,0.05
446_446_Hudson_Bay_(1970),routing_scenario,25,Brackish Fish,catch,2.64076e-08,2.508722e-08,"Freeze completed living P,Q,diet,predation,accumulation,migration. Solve EE for SM; detritus accumulation absorbs routed inflow at fixed predation. No new consumption is assumed.",SM,0.05
446_446_Hudson_Bay_(1970),routing_scenario,24,Other Marine Fish,catch,6.60189e-08,6.2717955e-08,"Freeze completed living P,Q,diet,predation,accumulation,migration. Solve EE for SM; detritus accumulation absorbs routed inflow at fixed predation. No new consumption is assumed.",SM,0.05
446_446_Hudson_Bay_(1970),routing_scenario,22,Sandlance,catch,3.96113e-08,3.7630735e-08,"Freeze completed living P,Q,diet,predation,accumulation,migration. Solve EE for SM; detritus accumulation absorbs routed inflow at fixed predation. No new consumption is assumed.",SM,0.05
446_446_Hudson_Bay_(1970),routing_scenario,21,Capelin,catch,1.32038e-07,1.254361e-07,"Freeze completed living P,Q,diet,predation,accumulation,migration. Solve EE for SM; detritus accumulation absorbs routed inflow at fixed predation. No new consumption is assumed.",SM,0.05
446_446_Hudson_Bay_(1970),routing_scenario,20,Sculpins/ Zoarcids,catch,2.64076e-07,2.508722e-07,"Freeze completed living P,Q,diet,predation,accumulation,migration. Solve EE for SM; detritus accumulation absorbs routed inflow at fixed predation. No new consumption is assumed.",SM,0.05
446_446_Hudson_Bay_(1970),routing_scenario,19,Gadiformes,catch,2.64076e-07,2.508722e-07,"Freeze completed living P,Q,diet,predation,accumulation,migration. Solve EE for SM; detritus accumulation absorbs routed inflow at fixed predation. No new consumption is assumed.",SM,0.05
446_446_Hudson_Bay_(1970),routing_scenario,18,Atlantic Salmon,catch,1.32038e-08,1.254361e-08,"Freeze completed living P,Q,diet,predation,accumulation,migration. Solve EE for SM; detritus accumulation absorbs routed inflow at fixed predation. No new consumption is assumed.",SM,0.05
446_446_Hudson_Bay_(1970),routing_scenario,17,Arctic Char,catch,4.62132e-07,4.390254e-07,"Freeze completed living P,Q,diet,predation,accumulation,migration. Solve EE for SM; detritus accumulation absorbs routed inflow at fixed predation. No new consumption is assumed.",SM,0.05
446_446_Hudson_Bay_(1970),routing_scenario,16,Seabirds,catch,0.000325,0.00030875,"Freeze completed living P,Q,diet,predation,accumulation,migration. Solve EE for SM; detritus accumulation absorbs routed inflow at fixed predation. No new consumption is assumed.",SM,0.05
446_446_Hudson_Bay_(1970),routing_scenario,15,Beluga James,catch,1.4e-05,1.33e-05,"Freeze completed living P,Q,diet,predation,accumulation,migration. Solve EE for SM; detritus accumulation absorbs routed inflow at fixed predation. No new consumption is assumed.",SM,0.05
446_446_Hudson_Bay_(1970),routing_scenario,14,Beluga W,catch,6.05e-05,5.7474999999999994e-05,"Freeze completed living P,Q,diet,predation,accumulation,migration. Solve EE for SM; detritus accumulation absorbs routed inflow at fixed predation. No new consumption is assumed.",SM,0.05
446_446_Hudson_Bay_(1970),routing_scenario,13,Beluga E,catch,3.3e-05,3.135e-05,"Freeze completed living P,Q,diet,predation,accumulation,migration. Solve EE for SM; detritus accumulation absorbs routed inflow at fixed predation. No new consumption is assumed.",SM,0.05
446_446_Hudson_Bay_(1970),routing_scenario,12,Harp seal,catch,1.4e-05,1.33e-05,"Freeze completed living P,Q,diet,predation,accumulation,migration. Solve EE for SM; detritus accumulation absorbs routed inflow at fixed predation. No new consumption is assumed.",SM,0.05
446_446_Hudson_Bay_(1970),routing_scenario,11,Ringed Seal,catch,0.000393,0.00037335,"Freeze completed living P,Q,diet,predation,accumulation,migration. Solve EE for SM; detritus accumulation absorbs routed inflow at fixed predation. No new consumption is assumed.",SM,0.05
446_446_Hudson_Bay_(1970),routing_scenario,10,Harbour Seal,catch,2e-06,1.8999999999999998e-06,"Freeze completed living P,Q,diet,predation,accumulation,migration. Solve EE for SM; detritus accumulation absorbs routed inflow at fixed predation. No new consumption is assumed.",SM,0.05
446_446_Hudson_Bay_(1970),routing_scenario,9,Bearded Seal,catch,0.000167,0.00015864999999999998,"Freeze completed living P,Q,diet,predation,accumulation,migration. Solve EE for SM; detritus accumulation absorbs routed inflow at fixed predation. No new consumption is assumed.",SM,0.05
446_446_Hudson_Bay_(1970),routing_scenario,8,Walrus S,catch,6e-06,5.7e-06,"Freeze completed living P,Q,diet,predation,accumulation,migration. Solve EE for SM; detritus accumulation absorbs routed inflow at fixed predation. No new consumption is assumed.",SM,0.05
446_446_Hudson_Bay_(1970),routing_scenario,7,Walrus N,catch,8e-05,7.6e-05,"Freeze completed living P,Q,diet,predation,accumulation,migration. Solve EE for SM; detritus accumulation absorbs routed inflow at fixed predation. No new consumption is assumed.",SM,0.05
446_446_Hudson_Bay_(1970),routing_scenario,6,Bowhead,catch,9e-06,8.55e-06,"Freeze completed living P,Q,diet,predation,accumulation,migration. Solve EE for SM; detritus accumulation absorbs routed inflow at fixed predation. No new consumption is assumed.",SM,0.05
446_446_Hudson_Bay_(1970),routing_scenario,5,Narwhal,catch,3.4e-05,3.23e-05,"Freeze completed living P,Q,diet,predation,accumulation,migration. Solve EE for SM; detritus accumulation absorbs routed inflow at fixed predation. No new consumption is assumed.",SM,0.05
446_446_Hudson_Bay_(1970),routing_scenario,4,Killer Whale,catch,1e-06,9.499999999999999e-07,"Freeze completed living P,Q,diet,predation,accumulation,migration. Solve EE for SM; detritus accumulation absorbs routed inflow at fixed predation. No new consumption is assumed.",SM,0.05
446_446_Hudson_Bay_(1970),routing_scenario,3,Polar Bear Foxe,catch,5e-06,4.75e-06,"Freeze completed living P,Q,diet,predation,accumulation,migration. Solve EE for SM; detritus accumulation absorbs routed inflow at fixed predation. No new consumption is assumed.",SM,0.05
446_446_Hudson_Bay_(1970),routing_scenario,2,SH Polar Bear,catch,2.2e-05,2.09e-05,"Freeze completed living P,Q,diet,predation,accumulation,migration. Solve EE for SM; detritus accumulation absorbs routed inflow at fixed predation. No new consumption is assumed.",SM,0.05
446_446_Hudson_Bay_(1970),routing_scenario,1,Polar Bear WHB,catch,1.5e-05,1.4249999999999999e-05,"Freeze completed living P,Q,diet,predation,accumulation,migration. Solve EE for SM; detritus accumulation absorbs routed inflow at fixed predation. No new consumption is assumed.",SM,0.05
446_446_Hudson_Bay_(1970),routing_scenario,40,Pelagic Detritus,growth,100.09094139097152,100.09100047934967,"Freeze completed living P,Q,diet,predation,accumulation,migration. Solve EE for SM; detritus accumulation absorbs routed inflow at fixed predation. No new consumption is assumed.",SM,0.05
446_446_Hudson_Bay_(1970),routing_scenario,25,Brackish Fish,catch,2.64076e-08,2.508722e-08,"Freeze completed living P,Q,diet,predation,accumulation,migration. Solve EE for SM; detritus accumulation absorbs routed inflow at fixed predation. No new consumption is assumed.",SE,0.05
446_446_Hudson_Bay_(1970),routing_scenario,24,Other Marine Fish,catch,6.60189e-08,6.2717955e-08,"Freeze completed living P,Q,diet,predation,accumulation,migration. Solve EE for SM; detritus accumulation absorbs routed inflow at fixed predation. No new consumption is assumed.",SE,0.05
446_446_Hudson_Bay_(1970),routing_scenario,22,Sandlance,catch,3.96113e-08,3.7630735e-08,"Freeze completed living P,Q,diet,predation,accumulation,migration. Solve EE for SM; detritus accumulation absorbs routed inflow at fixed predation. No new consumption is assumed.",SE,0.05
446_446_Hudson_Bay_(1970),routing_scenario,21,Capelin,catch,1.32038e-07,1.254361e-07,"Freeze completed living P,Q,diet,predation,accumulation,migration. Solve EE for SM; detritus accumulation absorbs routed inflow at fixed predation. No new consumption is assumed.",SE,0.05
446_446_Hudson_Bay_(1970),routing_scenario,20,Sculpins/ Zoarcids,catch,2.64076e-07,2.508722e-07,"Freeze completed living P,Q,diet,predation,accumulation,migration. Solve EE for SM; detritus accumulation absorbs routed inflow at fixed predation. No new consumption is assumed.",SE,0.05
446_446_Hudson_Bay_(1970),routing_scenario,19,Gadiformes,catch,2.64076e-07,2.508722e-07,"Freeze completed living P,Q,diet,predation,accumulation,migration. Solve EE for SM; detritus accumulation absorbs routed inflow at fixed predation. No new consumption is assumed.",SE,0.05
446_446_Hudson_Bay_(1970),routing_scenario,18,Atlantic Salmon,catch,1.32038e-08,1.254361e-08,"Freeze completed living P,Q,diet,predation,accumulation,migration. Solve EE for SM; detritus accumulation absorbs routed inflow at fixed predation. No new consumption is assumed.",SE,0.05
446_446_Hudson_Bay_(1970),routing_scenario,17,Arctic Char,catch,4.62132e-07,4.390254e-07,"Freeze completed living P,Q,diet,predation,accumulation,migration. Solve EE for SM; detritus accumulation absorbs routed inflow at fixed predation. No new consumption is assumed.",SE,0.05
446_446_Hudson_Bay_(1970),routing_scenario,16,Seabirds,catch,0.000325,0.00030875,"Freeze completed living P,Q,diet,predation,accumulation,migration. Solve EE for SM; detritus accumulation absorbs routed inflow at fixed predation. No new consumption is assumed.",SE,0.05
446_446_Hudson_Bay_(1970),routing_scenario,15,Beluga James,catch,1.4e-05,1.33e-05,"Freeze completed living P,Q,diet,predation,accumulation,migration. Solve EE for SM; detritus accumulation absorbs routed inflow at fixed predation. No new consumption is assumed.",SE,0.05
446_446_Hudson_Bay_(1970),routing_scenario,14,Beluga W,catch,6.05e-05,5.7474999999999994e-05,"Freeze completed living P,Q,diet,predation,accumulation,migration. Solve EE for SM; detritus accumulation absorbs routed inflow at fixed predation. No new consumption is assumed.",SE,0.05
446_446_Hudson_Bay_(1970),routing_scenario,13,Beluga E,catch,3.3e-05,3.135e-05,"Freeze completed living P,Q,diet,predation,accumulation,migration. Solve EE for SM; detritus accumulation absorbs routed inflow at fixed predation. No new consumption is assumed.",SE,0.05
446_446_Hudson_Bay_(1970),routing_scenario,12,Harp seal,catch,1.4e-05,1.33e-05,"Freeze completed living P,Q,diet,predation,accumulation,migration. Solve EE for SM; detritus accumulation absorbs routed inflow at fixed predation. No new consumption is assumed.",SE,0.05
446_446_Hudson_Bay_(1970),routing_scenario,11,Ringed Seal,catch,0.000393,0.00037335,"Freeze completed living P,Q,diet,predation,accumulation,migration. Solve EE for SM; detritus accumulation absorbs routed inflow at fixed predation. No new consumption is assumed.",SE,0.05
446_446_Hudson_Bay_(1970),routing_scenario,10,Harbour Seal,catch,2e-06,1.8999999999999998e-06,"Freeze completed living P,Q,diet,predation,accumulation,migration. Solve EE for SM; detritus accumulation absorbs routed inflow at fixed predation. No new consumption is assumed.",SE,0.05
446_446_Hudson_Bay_(1970),routing_scenario,9,Bearded Seal,catch,0.000167,0.00015864999999999998,"Freeze completed living P,Q,diet,predation,accumulation,migration. Solve EE for SM; detritus accumulation absorbs routed inflow at fixed predation. No new consumption is assumed.",SE,0.05
446_446_Hudson_Bay_(1970),routing_scenario,8,Walrus S,catch,6e-06,5.7e-06,"Freeze completed living P,Q,diet,predation,accumulation,migration. Solve EE for SM; detritus accumulation absorbs routed inflow at fixed predation. No new consumption is assumed.",SE,0.05
446_446_Hudson_Bay_(1970),routing_scenario,7,Walrus N,catch,8e-05,7.6e-05,"Freeze completed living P,Q,diet,predation,accumulation,migration. Solve EE for SM; detritus accumulation absorbs routed inflow at fixed predation. No new consumption is assumed.",SE,0.05
446_446_Hudson_Bay_(1970),routing_scenario,6,Bowhead,catch,9e-06,8.55e-06,"Freeze completed living P,Q,diet,predation,accumulation,migration. Solve EE for SM; detritus accumulation absorbs routed inflow at fixed predation. No new consumption is assumed.",SE,0.05
446_446_Hudson_Bay_(1970),routing_scenario,5,Narwhal,catch,3.4e-05,3.23e-05,"Freeze completed living P,Q,diet,predation,accumulation,migration. Solve EE for SM; detritus accumulation absorbs routed inflow at fixed predation. No new consumption is assumed.",SE,0.05
446_446_Hudson_Bay_(1970),routing_scenario,4,Killer Whale,catch,1e-06,9.499999999999999e-07,"Freeze completed living P,Q,diet,predation,accumulation,migration. Solve EE for SM; detritus accumulation absorbs routed inflow at fixed predation. No new consumption is assumed.",SE,0.05
446_446_Hudson_Bay_(1970),routing_scenario,3,Polar Bear Foxe,catch,5e-06,4.75e-06,"Freeze completed living P,Q,diet,predation,accumulation,migration. Solve EE for SM; detritus accumulation absorbs routed inflow at fixed predation. No new consumption is assumed.",SE,0.05
446_446_Hudson_Bay_(1970),routing_scenario,2,SH Polar Bear,catch,2.2e-05,2.09e-05,"Freeze completed living P,Q,diet,predation,accumulation,migration. Solve EE for SM; detritus accumulation absorbs routed inflow at fixed predation. No new consumption is assumed.",SE,0.05
446_446_Hudson_Bay_(1970),routing_scenario,1,Polar Bear WHB,catch,1.5e-05,1.4249999999999999e-05,"Freeze completed living P,Q,diet,predation,accumulation,migration. Solve EE for SM; detritus accumulation absorbs routed inflow at fixed predation. No new consumption is assumed.",SE,0.05
446_446_Hudson_Bay_(1970),routing_scenario,25,Brackish Fish,external_loss,0.0,1.32038e-09,"Freeze completed living P,Q,diet,predation,accumulation,migration. Solve EE for SM; detritus accumulation absorbs routed inflow at fixed predation. No new consumption is assumed.",SE,0.05
446_446_Hudson_Bay_(1970),routing_scenario,24,Other Marine Fish,external_loss,0.0,3.300945e-09,"Freeze completed living P,Q,diet,predation,accumulation,migration. Solve EE for SM; detritus accumulation absorbs routed inflow at fixed predation. No new consumption is assumed.",SE,0.05
446_446_Hudson_Bay_(1970),routing_scenario,22,Sandlance,external_loss,0.0,1.980565e-09,"Freeze completed living P,Q,diet,predation,accumulation,migration. Solve EE for SM; detritus accumulation absorbs routed inflow at fixed predation. No new consumption is assumed.",SE,0.05
446_446_Hudson_Bay_(1970),routing_scenario,21,Capelin,external_loss,0.0,6.6019000000000005e-09,"Freeze completed living P,Q,diet,predation,accumulation,migration. Solve EE for SM; detritus accumulation absorbs routed inflow at fixed predation. No new consumption is assumed.",SE,0.05
446_446_Hudson_Bay_(1970),routing_scenario,20,Sculpins/ Zoarcids,external_loss,0.0,1.3203800000000001e-08,"Freeze completed living P,Q,diet,predation,accumulation,migration. Solve EE for SM; detritus accumulation absorbs routed inflow at fixed predation. No new consumption is assumed.",SE,0.05
446_446_Hudson_Bay_(1970),routing_scenario,19,Gadiformes,external_loss,0.0,1.3203800000000001e-08,"Freeze completed living P,Q,diet,predation,accumulation,migration. Solve EE for SM; detritus accumulation absorbs routed inflow at fixed predation. No new consumption is assumed.",SE,0.05
446_446_Hudson_Bay_(1970),routing_scenario,18,Atlantic Salmon,external_loss,0.0,6.6019e-10,"Freeze completed living P,Q,diet,predation,accumulation,migration. Solve EE for SM; detritus accumulation absorbs routed inflow at fixed predation. No new consumption is assumed.",SE,0.05
446_446_Hudson_Bay_(1970),routing_scenario,17,Arctic Char,external_loss,0.0,2.31066e-08,"Freeze completed living P,Q,diet,predation,accumulation,migration. Solve EE for SM; detritus accumulation absorbs routed inflow at fixed predation. No new consumption is assumed.",SE,0.05
446_446_Hudson_Bay_(1970),routing_scenario,16,Seabirds,external_loss,0.0,1.625e-05,"Freeze completed living P,Q,diet,predation,accumulation,migration. Solve EE for SM; detritus accumulation absorbs routed inflow at fixed predation. No new consumption is assumed.",SE,0.05
446_446_Hudson_Bay_(1970),routing_scenario,15,Beluga James,external_loss,0.0,7.000000000000001e-07,"Freeze completed living P,Q,diet,predation,accumulation,migration. Solve EE for SM; detritus accumulation absorbs routed inflow at fixed predation. No new consumption is assumed.",SE,0.05
446_446_Hudson_Bay_(1970),routing_scenario,14,Beluga W,external_loss,0.0,3.0250000000000003e-06,"Freeze completed living P,Q,diet,predation,accumulation,migration. Solve EE for SM; detritus accumulation absorbs routed inflow at fixed predation. No new consumption is assumed.",SE,0.05
446_446_Hudson_Bay_(1970),routing_scenario,13,Beluga E,external_loss,0.0,1.6500000000000003e-06,"Freeze completed living P,Q,diet,predation,accumulation,migration. Solve EE for SM; detritus accumulation absorbs routed inflow at fixed predation. No new consumption is assumed.",SE,0.05
446_446_Hudson_Bay_(1970),routing_scenario,12,Harp seal,external_loss,0.0,7.000000000000001e-07,"Freeze completed living P,Q,diet,predation,accumulation,migration. Solve EE for SM; detritus accumulation absorbs routed inflow at fixed predation. No new consumption is assumed.",SE,0.05
446_446_Hudson_Bay_(1970),routing_scenario,11,Ringed Seal,external_loss,0.0,1.9650000000000003e-05,"Freeze completed living P,Q,diet,predation,accumulation,migration. Solve EE for SM; detritus accumulation absorbs routed inflow at fixed predation. No new consumption is assumed.",SE,0.05
446_446_Hudson_Bay_(1970),routing_scenario,10,Harbour Seal,external_loss,0.0,1e-07,"Freeze completed living P,Q,diet,predation,accumulation,migration. Solve EE for SM; detritus accumulation absorbs routed inflow at fixed predation. No new consumption is assumed.",SE,0.05
446_446_Hudson_Bay_(1970),routing_scenario,9,Bearded Seal,external_loss,0.0,8.35e-06,"Freeze completed living P,Q,diet,predation,accumulation,migration. Solve EE for SM; detritus accumulation absorbs routed inflow at fixed predation. No new consumption is assumed.",SE,0.05
446_446_Hudson_Bay_(1970),routing_scenario,8,Walrus S,external_loss,0.0,3.0000000000000004e-07,"Freeze completed living P,Q,diet,predation,accumulation,migration. Solve EE for SM; detritus accumulation absorbs routed inflow at fixed predation. No new consumption is assumed.",SE,0.05
446_446_Hudson_Bay_(1970),routing_scenario,7,Walrus N,external_loss,0.0,4.000000000000001e-06,"Freeze completed living P,Q,diet,predation,accumulation,migration. Solve EE for SM; detritus accumulation absorbs routed inflow at fixed predation. No new consumption is assumed.",SE,0.05
446_446_Hudson_Bay_(1970),routing_scenario,6,Bowhead,external_loss,0.0,4.5000000000000003e-07,"Freeze completed living P,Q,diet,predation,accumulation,migration. Solve EE for SM; detritus accumulation absorbs routed inflow at fixed predation. No new consumption is assumed.",SE,0.05
446_446_Hudson_Bay_(1970),routing_scenario,5,Narwhal,external_loss,0.0,1.7e-06,"Freeze completed living P,Q,diet,predation,accumulation,migration. Solve EE for SM; detritus accumulation absorbs routed inflow at fixed predation. No new consumption is assumed.",SE,0.05
446_446_Hudson_Bay_(1970),routing_scenario,4,Killer Whale,external_loss,0.0,5e-08,"Freeze completed living P,Q,diet,predation,accumulation,migration. Solve EE for SM; detritus accumulation absorbs routed inflow at fixed predation. No new consumption is assumed.",SE,0.05
446_446_Hudson_Bay_(1970),routing_scenario,3,Polar Bear Foxe,external_loss,0.0,2.5000000000000004e-07,"Freeze completed living P,Q,diet,predation,accumulation,migration. Solve EE for SM; detritus accumulation absorbs routed inflow at fixed predation. No new consumption is assumed.",SE,0.05
446_446_Hudson_Bay_(1970),routing_scenario,2,SH Polar Bear,external_loss,0.0,1.1e-06,"Freeze completed living P,Q,diet,predation,accumulation,migration. Solve EE for SM; detritus accumulation absorbs routed inflow at fixed predation. No new consumption is assumed.",SE,0.05
446_446_Hudson_Bay_(1970),routing_scenario,1,Polar Bear WHB,external_loss,0.0,7.5e-07,"Freeze completed living P,Q,diet,predation,accumulation,migration. Solve EE for SM; detritus accumulation absorbs routed inflow at fixed predation. No new consumption is assumed.",SE,0.05
446_446_Hudson_Bay_(1970),routing_scenario,40,Pelagic Detritus,p,128.24910803428477,128.24917894033857,"Freeze completed living P,Q,diet,predation,accumulation,migration. Solve EE for SM; detritus accumulation absorbs routed inflow at fixed predation. No new consumption is assumed.",SM,0.06
446_446_Hudson_Bay_(1970),routing_scenario,40,Pelagic Detritus,q,128.24910803428477,128.24917894033857,"Freeze completed living P,Q,diet,predation,accumulation,migration. Solve EE for SM; detritus accumulation absorbs routed inflow at fixed predation. No new consumption is assumed.",SM,0.06
446_446_Hudson_Bay_(1970),routing_scenario,25,Brackish Fish,M0,0.0025425355725000025,0.0025425371569560025,"Freeze completed living P,Q,diet,predation,accumulation,migration. Solve EE for SM; detritus accumulation absorbs routed inflow at fixed predation. No new consumption is assumed.",SM,0.06
446_446_Hudson_Bay_(1970),routing_scenario,24,Other Marine Fish,M0,0.011930946740000012,0.011930950701134013,"Freeze completed living P,Q,diet,predation,accumulation,migration. Solve EE for SM; detritus accumulation absorbs routed inflow at fixed predation. No new consumption is assumed.",SM,0.06
446_446_Hudson_Bay_(1970),routing_scenario,22,Sandlance,M0,0.021766202280000018,0.02176620465667802,"Freeze completed living P,Q,diet,predation,accumulation,migration. Solve EE for SM; detritus accumulation absorbs routed inflow at fixed predation. No new consumption is assumed.",SM,0.06
446_446_Hudson_Bay_(1970),routing_scenario,21,Capelin,M0,0.025841266500000022,0.02584127442228002,"Freeze completed living P,Q,diet,predation,accumulation,migration. Solve EE for SM; detritus accumulation absorbs routed inflow at fixed predation. No new consumption is assumed.",SM,0.06
446_446_Hudson_Bay_(1970),routing_scenario,20,Sculpins/ Zoarcids,M0,0.008667478715000008,0.008667494559560009,"Freeze completed living P,Q,diet,predation,accumulation,migration. Solve EE for SM; detritus accumulation absorbs routed inflow at fixed predation. No new consumption is assumed.",SM,0.06
446_446_Hudson_Bay_(1970),routing_scenario,19,Gadiformes,M0,0.016022631350000014,0.016022647194560015,"Freeze completed living P,Q,diet,predation,accumulation,migration. Solve EE for SM; detritus accumulation absorbs routed inflow at fixed predation. No new consumption is assumed.",SM,0.06
446_446_Hudson_Bay_(1970),routing_scenario,18,Atlantic Salmon,M0,0.0013343262400000013,0.0013343270322280013,"Freeze completed living P,Q,diet,predation,accumulation,migration. Solve EE for SM; detritus accumulation absorbs routed inflow at fixed predation. No new consumption is assumed.",SM,0.06
446_446_Hudson_Bay_(1970),routing_scenario,17,Arctic Char,M0,0.0017951153200000017,0.0017951430479200016,"Freeze completed living P,Q,diet,predation,accumulation,migration. Solve EE for SM; detritus accumulation absorbs routed inflow at fixed predation. No new consumption is assumed.",SM,0.06
446_446_Hudson_Bay_(1970),routing_scenario,16,Seabirds,M0,0.021714263038000003,0.021733763038000002,"Freeze completed living P,Q,diet,predation,accumulation,migration. Solve EE for SM; detritus accumulation absorbs routed inflow at fixed predation. No new consumption is assumed.",SM,0.06
446_446_Hudson_Bay_(1970),routing_scenario,15,Beluga James,M0,5.5673137044634417e-05,5.6513137044634415e-05,"Freeze completed living P,Q,diet,predation,accumulation,migration. Solve EE for SM; detritus accumulation absorbs routed inflow at fixed predation. No new consumption is assumed.",SM,0.06
446_446_Hudson_Bay_(1970),routing_scenario,14,Beluga W,M0,0.0013602991127677291,0.001363929112767729,"Freeze completed living P,Q,diet,predation,accumulation,migration. Solve EE for SM; detritus accumulation absorbs routed inflow at fixed predation. No new consumption is assumed.",SM,0.06
446_446_Hudson_Bay_(1970),routing_scenario,13,Beluga E,M0,9.807396405385151e-05,0.00010005396405385152,"Freeze completed living P,Q,diet,predation,accumulation,migration. Solve EE for SM; detritus accumulation absorbs routed inflow at fixed predation. No new consumption is assumed.",SM,0.06
446_446_Hudson_Bay_(1970),routing_scenario,12,Harp seal,M0,3.9123524670240005e-05,3.9963524670240004e-05,"Freeze completed living P,Q,diet,predation,accumulation,migration. Solve EE for SM; detritus accumulation absorbs routed inflow at fixed predation. No new consumption is assumed.",SM,0.06
446_446_Hudson_Bay_(1970),routing_scenario,11,Ringed Seal,M0,0.004359851707524983,0.004383431707524982,"Freeze completed living P,Q,diet,predation,accumulation,migration. Solve EE for SM; detritus accumulation absorbs routed inflow at fixed predation. No new consumption is assumed.",SM,0.06
446_446_Hudson_Bay_(1970),routing_scenario,10,Harbour Seal,M0,0.00012099825122750879,0.0001211182512275088,"Freeze completed living P,Q,diet,predation,accumulation,migration. Solve EE for SM; detritus accumulation absorbs routed inflow at fixed predation. No new consumption is assumed.",SM,0.06
446_446_Hudson_Bay_(1970),routing_scenario,9,Bearded Seal,M0,0.00013606373638765757,0.00014608373638765756,"Freeze completed living P,Q,diet,predation,accumulation,migration. Solve EE for SM; detritus accumulation absorbs routed inflow at fixed predation. No new consumption is assumed.",SM,0.06
446_446_Hudson_Bay_(1970),routing_scenario,8,Walrus S,M0,8.217029462185597e-05,8.253029462185598e-05,"Freeze completed living P,Q,diet,predation,accumulation,migration. Solve EE for SM; detritus accumulation absorbs routed inflow at fixed predation. No new consumption is assumed.",SM,0.06
446_446_Hudson_Bay_(1970),routing_scenario,7,Walrus N,M0,0.0003819925835737691,0.0003867925835737691,"Freeze completed living P,Q,diet,predation,accumulation,migration. Solve EE for SM; detritus accumulation absorbs routed inflow at fixed predation. No new consumption is assumed.",SM,0.06
446_446_Hudson_Bay_(1970),routing_scenario,6,Bowhead,M0,0.00021741439634646387,0.00021795439634646386,"Freeze completed living P,Q,diet,predation,accumulation,migration. Solve EE for SM; detritus accumulation absorbs routed inflow at fixed predation. No new consumption is assumed.",SM,0.06
446_446_Hudson_Bay_(1970),routing_scenario,5,Narwhal,M0,0.00011868823016079942,0.00012072823016079942,"Freeze completed living P,Q,diet,predation,accumulation,migration. Solve EE for SM; detritus accumulation absorbs routed inflow at fixed predation. No new consumption is assumed.",SM,0.06
446_446_Hudson_Bay_(1970),routing_scenario,4,Killer Whale,M0,2.76981004599574e-06,2.8298100459957396e-06,"Freeze completed living P,Q,diet,predation,accumulation,migration. Solve EE for SM; detritus accumulation absorbs routed inflow at fixed predation. No new consumption is assumed.",SM,0.06
446_446_Hudson_Bay_(1970),routing_scenario,3,Polar Bear Foxe,M0,1.611317803944726e-05,1.641317803944726e-05,"Freeze completed living P,Q,diet,predation,accumulation,migration. Solve EE for SM; detritus accumulation absorbs routed inflow at fixed predation. No new consumption is assumed.",SM,0.06
446_446_Hudson_Bay_(1970),routing_scenario,2,SH Polar Bear,M0,2.9258219105026142e-05,3.057821910502614e-05,"Freeze completed living P,Q,diet,predation,accumulation,migration. Solve EE for SM; detritus accumulation absorbs routed inflow at fixed predation. No new consumption is assumed.",SM,0.06
446_446_Hudson_Bay_(1970),routing_scenario,1,Polar Bear WHB,M0,3.4803496340686466e-05,3.570349634068647e-05,"Freeze completed living P,Q,diet,predation,accumulation,migration. Solve EE for SM; detritus accumulation absorbs routed inflow at fixed predation. No new consumption is assumed.",SM,0.06
446_446_Hudson_Bay_(1970),routing_scenario,25,Brackish Fish,EE,0.95,0.9499999688410259,"Freeze completed living P,Q,diet,predation,accumulation,migration. Solve EE for SM; detritus accumulation absorbs routed inflow at fixed predation. No new consumption is assumed.",SM,0.06
446_446_Hudson_Bay_(1970),routing_scenario,24,Other Marine Fish,EE,0.95,0.9499999833997499,"Freeze completed living P,Q,diet,predation,accumulation,migration. Solve EE for SM; detritus accumulation absorbs routed inflow at fixed predation. No new consumption is assumed.",SM,0.06
446_446_Hudson_Bay_(1970),routing_scenario,22,Sandlance,EE,0.95,0.9499999945404394,"Freeze completed living P,Q,diet,predation,accumulation,migration. Solve EE for SM; detritus accumulation absorbs routed inflow at fixed predation. No new consumption is assumed.",SM,0.06
446_446_Hudson_Bay_(1970),routing_scenario,21,Capelin,EE,0.95,0.9499999846712621,"Freeze completed living P,Q,diet,predation,accumulation,migration. Solve EE for SM; detritus accumulation absorbs routed inflow at fixed predation. No new consumption is assumed.",SM,0.06
446_446_Hudson_Bay_(1970),routing_scenario,20,Sculpins/ Zoarcids,EE,0.95,0.949999908597641,"Freeze completed living P,Q,diet,predation,accumulation,migration. Solve EE for SM; detritus accumulation absorbs routed inflow at fixed predation. No new consumption is assumed.",SM,0.06
446_446_Hudson_Bay_(1970),routing_scenario,19,Gadiformes,EE,0.95,0.9499999505556869,"Freeze completed living P,Q,diet,predation,accumulation,migration. Solve EE for SM; detritus accumulation absorbs routed inflow at fixed predation. No new consumption is assumed.",SM,0.06
446_446_Hudson_Bay_(1970),routing_scenario,18,Atlantic Salmon,EE,0.95,0.9499999703135569,"Freeze completed living P,Q,diet,predation,accumulation,migration. Solve EE for SM; detritus accumulation absorbs routed inflow at fixed predation. No new consumption is assumed.",SM,0.06
446_446_Hudson_Bay_(1970),routing_scenario,17,Arctic Char,EE,0.95,0.9499992276841579,"Freeze completed living P,Q,diet,predation,accumulation,migration. Solve EE for SM; detritus accumulation absorbs routed inflow at fixed predation. No new consumption is assumed.",SM,0.06
446_446_Hudson_Bay_(1970),routing_scenario,16,Seabirds,EE,0.09712003999999996,0.09630922918918916,"Freeze completed living P,Q,diet,predation,accumulation,migration. Solve EE for SM; detritus accumulation absorbs routed inflow at fixed predation. No new consumption is assumed.",SM,0.06
446_446_Hudson_Bay_(1970),routing_scenario,15,Beluga James,EE,0.5643347,0.5577613529348506,"Freeze completed living P,Q,diet,predation,accumulation,migration. Solve EE for SM; detritus accumulation absorbs routed inflow at fixed predation. No new consumption is assumed.",SM,0.06
446_446_Hudson_Bay_(1970),routing_scenario,14,Beluga W,EE,0.13272054499999997,0.13040618311289676,"Freeze completed living P,Q,diet,predation,accumulation,migration. Solve EE for SM; detritus accumulation absorbs routed inflow at fixed predation. No new consumption is assumed.",SM,0.06
446_446_Hudson_Bay_(1970),routing_scenario,13,Beluga E,EE,0.28052579999999994,0.26600044732619765,"Freeze completed living P,Q,diet,predation,accumulation,migration. Solve EE for SM; detritus accumulation absorbs routed inflow at fixed predation. No new consumption is assumed.",SM,0.06
446_446_Hudson_Bay_(1970),routing_scenario,12,Harp seal,EE,0.6883504,0.6816591402986691,"Freeze completed living P,Q,diet,predation,accumulation,migration. Solve EE for SM; detritus accumulation absorbs routed inflow at fixed predation. No new consumption is assumed.",SM,0.06
446_446_Hudson_Bay_(1970),routing_scenario,11,Ringed Seal,EE,0.412556618,0.4093794652258238,"Freeze completed living P,Q,diet,predation,accumulation,migration. Solve EE for SM; detritus accumulation absorbs routed inflow at fixed predation. No new consumption is assumed.",SM,0.06
446_446_Hudson_Bay_(1970),routing_scenario,10,Harbour Seal,EE,0.07364795999999996,0.07272925048418233,"Freeze completed living P,Q,diet,predation,accumulation,migration. Solve EE for SM; detritus accumulation absorbs routed inflow at fixed predation. No new consumption is assumed.",SM,0.06
446_446_Hudson_Bay_(1970),routing_scenario,9,Bearded Seal,EE,0.791283369,0.7759130675652255,"Freeze completed living P,Q,diet,predation,accumulation,migration. Solve EE for SM; detritus accumulation absorbs routed inflow at fixed predation. No new consumption is assumed.",SM,0.06
446_446_Hudson_Bay_(1970),routing_scenario,8,Walrus S,EE,0.143246785,0.13949322467969938,"Freeze completed living P,Q,diet,predation,accumulation,migration. Solve EE for SM; detritus accumulation absorbs routed inflow at fixed predation. No new consumption is assumed.",SM,0.06
446_446_Hudson_Bay_(1970),routing_scenario,7,Walrus N,EE,0.18816389099999997,0.17796261094701316,"Freeze completed living P,Q,diet,predation,accumulation,migration. Solve EE for SM; detritus accumulation absorbs routed inflow at fixed predation. No new consumption is assumed.",SM,0.06
446_446_Hudson_Bay_(1970),routing_scenario,6,Bowhead,EE,0.052819170000000026,0.05046662271336633,"Freeze completed living P,Q,diet,predation,accumulation,migration. Solve EE for SM; detritus accumulation absorbs routed inflow at fixed predation. No new consumption is assumed.",SM,0.06
446_446_Hudson_Bay_(1970),routing_scenario,5,Narwhal,EE,0.2706202,0.25808370173067585,"Freeze completed living P,Q,diet,predation,accumulation,migration. Solve EE for SM; detritus accumulation absorbs routed inflow at fixed predation. No new consumption is assumed.",SM,0.06
446_446_Hudson_Bay_(1970),routing_scenario,4,Killer Whale,EE,0.26526534600000007,0.2493494245079355,"Freeze completed living P,Q,diet,predation,accumulation,migration. Solve EE for SM; detritus accumulation absorbs routed inflow at fixed predation. No new consumption is assumed.",SM,0.06
446_446_Hudson_Bay_(1970),routing_scenario,3,Polar Bear Foxe,EE,0.3027038569999999,0.2897213874717742,"Freeze completed living P,Q,diet,predation,accumulation,migration. Solve EE for SM; detritus accumulation absorbs routed inflow at fixed predation. No new consumption is assumed.",SM,0.06
446_446_Hudson_Bay_(1970),routing_scenario,2,SH Polar Bear,EE,0.5060891,0.4838060490166268,"Freeze completed living P,Q,diet,predation,accumulation,migration. Solve EE for SM; detritus accumulation absorbs routed inflow at fixed predation. No new consumption is assumed.",SM,0.06
446_446_Hudson_Bay_(1970),routing_scenario,1,Polar Bear WHB,EE,0.4138758,0.39871893832046457,"Freeze completed living P,Q,diet,predation,accumulation,migration. Solve EE for SM; detritus accumulation absorbs routed inflow at fixed predation. No new consumption is assumed.",SM,0.06
446_446_Hudson_Bay_(1970),routing_scenario,25,Brackish Fish,catch,2.64076e-08,2.4823143999999996e-08,"Freeze completed living P,Q,diet,predation,accumulation,migration. Solve EE for SM; detritus accumulation absorbs routed inflow at fixed predation. No new consumption is assumed.",SM,0.06
446_446_Hudson_Bay_(1970),routing_scenario,24,Other Marine Fish,catch,6.60189e-08,6.2057766e-08,"Freeze completed living P,Q,diet,predation,accumulation,migration. Solve EE for SM; detritus accumulation absorbs routed inflow at fixed predation. No new consumption is assumed.",SM,0.06
446_446_Hudson_Bay_(1970),routing_scenario,22,Sandlance,catch,3.96113e-08,3.7234621999999994e-08,"Freeze completed living P,Q,diet,predation,accumulation,migration. Solve EE for SM; detritus accumulation absorbs routed inflow at fixed predation. No new consumption is assumed.",SM,0.06
446_446_Hudson_Bay_(1970),routing_scenario,21,Capelin,catch,1.32038e-07,1.2411572e-07,"Freeze completed living P,Q,diet,predation,accumulation,migration. Solve EE for SM; detritus accumulation absorbs routed inflow at fixed predation. No new consumption is assumed.",SM,0.06
446_446_Hudson_Bay_(1970),routing_scenario,20,Sculpins/ Zoarcids,catch,2.64076e-07,2.4823144e-07,"Freeze completed living P,Q,diet,predation,accumulation,migration. Solve EE for SM; detritus accumulation absorbs routed inflow at fixed predation. No new consumption is assumed.",SM,0.06
446_446_Hudson_Bay_(1970),routing_scenario,19,Gadiformes,catch,2.64076e-07,2.4823144e-07,"Freeze completed living P,Q,diet,predation,accumulation,migration. Solve EE for SM; detritus accumulation absorbs routed inflow at fixed predation. No new consumption is assumed.",SM,0.06
446_446_Hudson_Bay_(1970),routing_scenario,18,Atlantic Salmon,catch,1.32038e-08,1.2411571999999998e-08,"Freeze completed living P,Q,diet,predation,accumulation,migration. Solve EE for SM; detritus accumulation absorbs routed inflow at fixed predation. No new consumption is assumed.",SM,0.06
446_446_Hudson_Bay_(1970),routing_scenario,17,Arctic Char,catch,4.62132e-07,4.3440408e-07,"Freeze completed living P,Q,diet,predation,accumulation,migration. Solve EE for SM; detritus accumulation absorbs routed inflow at fixed predation. No new consumption is assumed.",SM,0.06
446_446_Hudson_Bay_(1970),routing_scenario,16,Seabirds,catch,0.000325,0.00030549999999999994,"Freeze completed living P,Q,diet,predation,accumulation,migration. Solve EE for SM; detritus accumulation absorbs routed inflow at fixed predation. No new consumption is assumed.",SM,0.06
446_446_Hudson_Bay_(1970),routing_scenario,15,Beluga James,catch,1.4e-05,1.316e-05,"Freeze completed living P,Q,diet,predation,accumulation,migration. Solve EE for SM; detritus accumulation absorbs routed inflow at fixed predation. No new consumption is assumed.",SM,0.06
446_446_Hudson_Bay_(1970),routing_scenario,14,Beluga W,catch,6.05e-05,5.6869999999999996e-05,"Freeze completed living P,Q,diet,predation,accumulation,migration. Solve EE for SM; detritus accumulation absorbs routed inflow at fixed predation. No new consumption is assumed.",SM,0.06
446_446_Hudson_Bay_(1970),routing_scenario,13,Beluga E,catch,3.3e-05,3.102e-05,"Freeze completed living P,Q,diet,predation,accumulation,migration. Solve EE for SM; detritus accumulation absorbs routed inflow at fixed predation. No new consumption is assumed.",SM,0.06
446_446_Hudson_Bay_(1970),routing_scenario,12,Harp seal,catch,1.4e-05,1.316e-05,"Freeze completed living P,Q,diet,predation,accumulation,migration. Solve EE for SM; detritus accumulation absorbs routed inflow at fixed predation. No new consumption is assumed.",SM,0.06
446_446_Hudson_Bay_(1970),routing_scenario,11,Ringed Seal,catch,0.000393,0.00036941999999999997,"Freeze completed living P,Q,diet,predation,accumulation,migration. Solve EE for SM; detritus accumulation absorbs routed inflow at fixed predation. No new consumption is assumed.",SM,0.06
446_446_Hudson_Bay_(1970),routing_scenario,10,Harbour Seal,catch,2e-06,1.8799999999999998e-06,"Freeze completed living P,Q,diet,predation,accumulation,migration. Solve EE for SM; detritus accumulation absorbs routed inflow at fixed predation. No new consumption is assumed.",SM,0.06
446_446_Hudson_Bay_(1970),routing_scenario,9,Bearded Seal,catch,0.000167,0.00015697999999999998,"Freeze completed living P,Q,diet,predation,accumulation,migration. Solve EE for SM; detritus accumulation absorbs routed inflow at fixed predation. No new consumption is assumed.",SM,0.06
446_446_Hudson_Bay_(1970),routing_scenario,8,Walrus S,catch,6e-06,5.64e-06,"Freeze completed living P,Q,diet,predation,accumulation,migration. Solve EE for SM; detritus accumulation absorbs routed inflow at fixed predation. No new consumption is assumed.",SM,0.06
446_446_Hudson_Bay_(1970),routing_scenario,7,Walrus N,catch,8e-05,7.52e-05,"Freeze completed living P,Q,diet,predation,accumulation,migration. Solve EE for SM; detritus accumulation absorbs routed inflow at fixed predation. No new consumption is assumed.",SM,0.06
446_446_Hudson_Bay_(1970),routing_scenario,6,Bowhead,catch,9e-06,8.46e-06,"Freeze completed living P,Q,diet,predation,accumulation,migration. Solve EE for SM; detritus accumulation absorbs routed inflow at fixed predation. No new consumption is assumed.",SM,0.06
446_446_Hudson_Bay_(1970),routing_scenario,5,Narwhal,catch,3.4e-05,3.196e-05,"Freeze completed living P,Q,diet,predation,accumulation,migration. Solve EE for SM; detritus accumulation absorbs routed inflow at fixed predation. No new consumption is assumed.",SM,0.06
446_446_Hudson_Bay_(1970),routing_scenario,4,Killer Whale,catch,1e-06,9.399999999999999e-07,"Freeze completed living P,Q,diet,predation,accumulation,migration. Solve EE for SM; detritus accumulation absorbs routed inflow at fixed predation. No new consumption is assumed.",SM,0.06
446_446_Hudson_Bay_(1970),routing_scenario,3,Polar Bear Foxe,catch,5e-06,4.7e-06,"Freeze completed living P,Q,diet,predation,accumulation,migration. Solve EE for SM; detritus accumulation absorbs routed inflow at fixed predation. No new consumption is assumed.",SM,0.06
446_446_Hudson_Bay_(1970),routing_scenario,2,SH Polar Bear,catch,2.2e-05,2.068e-05,"Freeze completed living P,Q,diet,predation,accumulation,migration. Solve EE for SM; detritus accumulation absorbs routed inflow at fixed predation. No new consumption is assumed.",SM,0.06
446_446_Hudson_Bay_(1970),routing_scenario,1,Polar Bear WHB,catch,1.5e-05,1.4099999999999999e-05,"Freeze completed living P,Q,diet,predation,accumulation,migration. Solve EE for SM; detritus accumulation absorbs routed inflow at fixed predation. No new consumption is assumed.",SM,0.06
446_446_Hudson_Bay_(1970),routing_scenario,40,Pelagic Detritus,growth,100.09094139097152,100.09101229702532,"Freeze completed living P,Q,diet,predation,accumulation,migration. Solve EE for SM; detritus accumulation absorbs routed inflow at fixed predation. No new consumption is assumed.",SM,0.06
446_446_Hudson_Bay_(1970),routing_scenario,25,Brackish Fish,catch,2.64076e-08,2.4823143999999996e-08,"Freeze completed living P,Q,diet,predation,accumulation,migration. Solve EE for SM; detritus accumulation absorbs routed inflow at fixed predation. No new consumption is assumed.",SE,0.06
446_446_Hudson_Bay_(1970),routing_scenario,24,Other Marine Fish,catch,6.60189e-08,6.2057766e-08,"Freeze completed living P,Q,diet,predation,accumulation,migration. Solve EE for SM; detritus accumulation absorbs routed inflow at fixed predation. No new consumption is assumed.",SE,0.06
446_446_Hudson_Bay_(1970),routing_scenario,22,Sandlance,catch,3.96113e-08,3.7234621999999994e-08,"Freeze completed living P,Q,diet,predation,accumulation,migration. Solve EE for SM; detritus accumulation absorbs routed inflow at fixed predation. No new consumption is assumed.",SE,0.06
446_446_Hudson_Bay_(1970),routing_scenario,21,Capelin,catch,1.32038e-07,1.2411572e-07,"Freeze completed living P,Q,diet,predation,accumulation,migration. Solve EE for SM; detritus accumulation absorbs routed inflow at fixed predation. No new consumption is assumed.",SE,0.06
446_446_Hudson_Bay_(1970),routing_scenario,20,Sculpins/ Zoarcids,catch,2.64076e-07,2.4823144e-07,"Freeze completed living P,Q,diet,predation,accumulation,migration. Solve EE for SM; detritus accumulation absorbs routed inflow at fixed predation. No new consumption is assumed.",SE,0.06
446_446_Hudson_Bay_(1970),routing_scenario,19,Gadiformes,catch,2.64076e-07,2.4823144e-07,"Freeze completed living P,Q,diet,predation,accumulation,migration. Solve EE for SM; detritus accumulation absorbs routed inflow at fixed predation. No new consumption is assumed.",SE,0.06
446_446_Hudson_Bay_(1970),routing_scenario,18,Atlantic Salmon,catch,1.32038e-08,1.2411571999999998e-08,"Freeze completed living P,Q,diet,predation,accumulation,migration. Solve EE for SM; detritus accumulation absorbs routed inflow at fixed predation. No new consumption is assumed.",SE,0.06
446_446_Hudson_Bay_(1970),routing_scenario,17,Arctic Char,catch,4.62132e-07,4.3440408e-07,"Freeze completed living P,Q,diet,predation,accumulation,migration. Solve EE for SM; detritus accumulation absorbs routed inflow at fixed predation. No new consumption is assumed.",SE,0.06
446_446_Hudson_Bay_(1970),routing_scenario,16,Seabirds,catch,0.000325,0.00030549999999999994,"Freeze completed living P,Q,diet,predation,accumulation,migration. Solve EE for SM; detritus accumulation absorbs routed inflow at fixed predation. No new consumption is assumed.",SE,0.06
446_446_Hudson_Bay_(1970),routing_scenario,15,Beluga James,catch,1.4e-05,1.316e-05,"Freeze completed living P,Q,diet,predation,accumulation,migration. Solve EE for SM; detritus accumulation absorbs routed inflow at fixed predation. No new consumption is assumed.",SE,0.06
446_446_Hudson_Bay_(1970),routing_scenario,14,Beluga W,catch,6.05e-05,5.6869999999999996e-05,"Freeze completed living P,Q,diet,predation,accumulation,migration. Solve EE for SM; detritus accumulation absorbs routed inflow at fixed predation. No new consumption is assumed.",SE,0.06
446_446_Hudson_Bay_(1970),routing_scenario,13,Beluga E,catch,3.3e-05,3.102e-05,"Freeze completed living P,Q,diet,predation,accumulation,migration. Solve EE for SM; detritus accumulation absorbs routed inflow at fixed predation. No new consumption is assumed.",SE,0.06
446_446_Hudson_Bay_(1970),routing_scenario,12,Harp seal,catch,1.4e-05,1.316e-05,"Freeze completed living P,Q,diet,predation,accumulation,migration. Solve EE for SM; detritus accumulation absorbs routed inflow at fixed predation. No new consumption is assumed.",SE,0.06
446_446_Hudson_Bay_(1970),routing_scenario,11,Ringed Seal,catch,0.000393,0.00036941999999999997,"Freeze completed living P,Q,diet,predation,accumulation,migration. Solve EE for SM; detritus accumulation absorbs routed inflow at fixed predation. No new consumption is assumed.",SE,0.06
446_446_Hudson_Bay_(1970),routing_scenario,10,Harbour Seal,catch,2e-06,1.8799999999999998e-06,"Freeze completed living P,Q,diet,predation,accumulation,migration. Solve EE for SM; detritus accumulation absorbs routed inflow at fixed predation. No new consumption is assumed.",SE,0.06
446_446_Hudson_Bay_(1970),routing_scenario,9,Bearded Seal,catch,0.000167,0.00015697999999999998,"Freeze completed living P,Q,diet,predation,accumulation,migration. Solve EE for SM; detritus accumulation absorbs routed inflow at fixed predation. No new consumption is assumed.",SE,0.06
446_446_Hudson_Bay_(1970),routing_scenario,8,Walrus S,catch,6e-06,5.64e-06,"Freeze completed living P,Q,diet,predation,accumulation,migration. Solve EE for SM; detritus accumulation absorbs routed inflow at fixed predation. No new consumption is assumed.",SE,0.06
446_446_Hudson_Bay_(1970),routing_scenario,7,Walrus N,catch,8e-05,7.52e-05,"Freeze completed living P,Q,diet,predation,accumulation,migration. Solve EE for SM; detritus accumulation absorbs routed inflow at fixed predation. No new consumption is assumed.",SE,0.06
446_446_Hudson_Bay_(1970),routing_scenario,6,Bowhead,catch,9e-06,8.46e-06,"Freeze completed living P,Q,diet,predation,accumulation,migration. Solve EE for SM; detritus accumulation absorbs routed inflow at fixed predation. No new consumption is assumed.",SE,0.06
446_446_Hudson_Bay_(1970),routing_scenario,5,Narwhal,catch,3.4e-05,3.196e-05,"Freeze completed living P,Q,diet,predation,accumulation,migration. Solve EE for SM; detritus accumulation absorbs routed inflow at fixed predation. No new consumption is assumed.",SE,0.06
446_446_Hudson_Bay_(1970),routing_scenario,4,Killer Whale,catch,1e-06,9.399999999999999e-07,"Freeze completed living P,Q,diet,predation,accumulation,migration. Solve EE for SM; detritus accumulation absorbs routed inflow at fixed predation. No new consumption is assumed.",SE,0.06
446_446_Hudson_Bay_(1970),routing_scenario,3,Polar Bear Foxe,catch,5e-06,4.7e-06,"Freeze completed living P,Q,diet,predation,accumulation,migration. Solve EE for SM; detritus accumulation absorbs routed inflow at fixed predation. No new consumption is assumed.",SE,0.06
446_446_Hudson_Bay_(1970),routing_scenario,2,SH Polar Bear,catch,2.2e-05,2.068e-05,"Freeze completed living P,Q,diet,predation,accumulation,migration. Solve EE for SM; detritus accumulation absorbs routed inflow at fixed predation. No new consumption is assumed.",SE,0.06
446_446_Hudson_Bay_(1970),routing_scenario,1,Polar Bear WHB,catch,1.5e-05,1.4099999999999999e-05,"Freeze completed living P,Q,diet,predation,accumulation,migration. Solve EE for SM; detritus accumulation absorbs routed inflow at fixed predation. No new consumption is assumed.",SE,0.06
446_446_Hudson_Bay_(1970),routing_scenario,25,Brackish Fish,external_loss,0.0,1.5844559999999999e-09,"Freeze completed living P,Q,diet,predation,accumulation,migration. Solve EE for SM; detritus accumulation absorbs routed inflow at fixed predation. No new consumption is assumed.",SE,0.06
446_446_Hudson_Bay_(1970),routing_scenario,24,Other Marine Fish,external_loss,0.0,3.9611339999999996e-09,"Freeze completed living P,Q,diet,predation,accumulation,migration. Solve EE for SM; detritus accumulation absorbs routed inflow at fixed predation. No new consumption is assumed.",SE,0.06
446_446_Hudson_Bay_(1970),routing_scenario,22,Sandlance,external_loss,0.0,2.376678e-09,"Freeze completed living P,Q,diet,predation,accumulation,migration. Solve EE for SM; detritus accumulation absorbs routed inflow at fixed predation. No new consumption is assumed.",SE,0.06
446_446_Hudson_Bay_(1970),routing_scenario,21,Capelin,external_loss,0.0,7.92228e-09,"Freeze completed living P,Q,diet,predation,accumulation,migration. Solve EE for SM; detritus accumulation absorbs routed inflow at fixed predation. No new consumption is assumed.",SE,0.06
446_446_Hudson_Bay_(1970),routing_scenario,20,Sculpins/ Zoarcids,external_loss,0.0,1.584456e-08,"Freeze completed living P,Q,diet,predation,accumulation,migration. Solve EE for SM; detritus accumulation absorbs routed inflow at fixed predation. No new consumption is assumed.",SE,0.06
446_446_Hudson_Bay_(1970),routing_scenario,19,Gadiformes,external_loss,0.0,1.584456e-08,"Freeze completed living P,Q,diet,predation,accumulation,migration. Solve EE for SM; detritus accumulation absorbs routed inflow at fixed predation. No new consumption is assumed.",SE,0.06
446_446_Hudson_Bay_(1970),routing_scenario,18,Atlantic Salmon,external_loss,0.0,7.922279999999999e-10,"Freeze completed living P,Q,diet,predation,accumulation,migration. Solve EE for SM; detritus accumulation absorbs routed inflow at fixed predation. No new consumption is assumed.",SE,0.06
446_446_Hudson_Bay_(1970),routing_scenario,17,Arctic Char,external_loss,0.0,2.772792e-08,"Freeze completed living P,Q,diet,predation,accumulation,migration. Solve EE for SM; detritus accumulation absorbs routed inflow at fixed predation. No new consumption is assumed.",SE,0.06
446_446_Hudson_Bay_(1970),routing_scenario,16,Seabirds,external_loss,0.0,1.95e-05,"Freeze completed living P,Q,diet,predation,accumulation,migration. Solve EE for SM; detritus accumulation absorbs routed inflow at fixed predation. No new consumption is assumed.",SE,0.06
446_446_Hudson_Bay_(1970),routing_scenario,15,Beluga James,external_loss,0.0,8.4e-07,"Freeze completed living P,Q,diet,predation,accumulation,migration. Solve EE for SM; detritus accumulation absorbs routed inflow at fixed predation. No new consumption is assumed.",SE,0.06
446_446_Hudson_Bay_(1970),routing_scenario,14,Beluga W,external_loss,0.0,3.63e-06,"Freeze completed living P,Q,diet,predation,accumulation,migration. Solve EE for SM; detritus accumulation absorbs routed inflow at fixed predation. No new consumption is assumed.",SE,0.06
446_446_Hudson_Bay_(1970),routing_scenario,13,Beluga E,external_loss,0.0,1.98e-06,"Freeze completed living P,Q,diet,predation,accumulation,migration. Solve EE for SM; detritus accumulation absorbs routed inflow at fixed predation. No new consumption is assumed.",SE,0.06
446_446_Hudson_Bay_(1970),routing_scenario,12,Harp seal,external_loss,0.0,8.4e-07,"Freeze completed living P,Q,diet,predation,accumulation,migration. Solve EE for SM; detritus accumulation absorbs routed inflow at fixed predation. No new consumption is assumed.",SE,0.06
446_446_Hudson_Bay_(1970),routing_scenario,11,Ringed Seal,external_loss,0.0,2.358e-05,"Freeze completed living P,Q,diet,predation,accumulation,migration. Solve EE for SM; detritus accumulation absorbs routed inflow at fixed predation. No new consumption is assumed.",SE,0.06
446_446_Hudson_Bay_(1970),routing_scenario,10,Harbour Seal,external_loss,0.0,1.2e-07,"Freeze completed living P,Q,diet,predation,accumulation,migration. Solve EE for SM; detritus accumulation absorbs routed inflow at fixed predation. No new consumption is assumed.",SE,0.06
446_446_Hudson_Bay_(1970),routing_scenario,9,Bearded Seal,external_loss,0.0,1.0019999999999999e-05,"Freeze completed living P,Q,diet,predation,accumulation,migration. Solve EE for SM; detritus accumulation absorbs routed inflow at fixed predation. No new consumption is assumed.",SE,0.06
446_446_Hudson_Bay_(1970),routing_scenario,8,Walrus S,external_loss,0.0,3.6e-07,"Freeze completed living P,Q,diet,predation,accumulation,migration. Solve EE for SM; detritus accumulation absorbs routed inflow at fixed predation. No new consumption is assumed.",SE,0.06
446_446_Hudson_Bay_(1970),routing_scenario,7,Walrus N,external_loss,0.0,4.800000000000001e-06,"Freeze completed living P,Q,diet,predation,accumulation,migration. Solve EE for SM; detritus accumulation absorbs routed inflow at fixed predation. No new consumption is assumed.",SE,0.06
446_446_Hudson_Bay_(1970),routing_scenario,6,Bowhead,external_loss,0.0,5.4e-07,"Freeze completed living P,Q,diet,predation,accumulation,migration. Solve EE for SM; detritus accumulation absorbs routed inflow at fixed predation. No new consumption is assumed.",SE,0.06
446_446_Hudson_Bay_(1970),routing_scenario,5,Narwhal,external_loss,0.0,2.04e-06,"Freeze completed living P,Q,diet,predation,accumulation,migration. Solve EE for SM; detritus accumulation absorbs routed inflow at fixed predation. No new consumption is assumed.",SE,0.06
446_446_Hudson_Bay_(1970),routing_scenario,4,Killer Whale,external_loss,0.0,6e-08,"Freeze completed living P,Q,diet,predation,accumulation,migration. Solve EE for SM; detritus accumulation absorbs routed inflow at fixed predation. No new consumption is assumed.",SE,0.06
446_446_Hudson_Bay_(1970),routing_scenario,3,Polar Bear Foxe,external_loss,0.0,3.0000000000000004e-07,"Freeze completed living P,Q,diet,predation,accumulation,migration. Solve EE for SM; detritus accumulation absorbs routed inflow at fixed predation. No new consumption is assumed.",SE,0.06
446_446_Hudson_Bay_(1970),routing_scenario,2,SH Polar Bear,external_loss,0.0,1.3199999999999999e-06,"Freeze completed living P,Q,diet,predation,accumulation,migration. Solve EE for SM; detritus accumulation absorbs routed inflow at fixed predation. No new consumption is assumed.",SE,0.06
446_446_Hudson_Bay_(1970),routing_scenario,1,Polar Bear WHB,external_loss,0.0,9e-07,"Freeze completed living P,Q,diet,predation,accumulation,migration. Solve EE for SM; detritus accumulation absorbs routed inflow at fixed predation. No new consumption is assumed.",SE,0.06
446_446_Hudson_Bay_(1970),routing_scenario,40,Pelagic Detritus,p,128.24910803428477,128.2491907580142,"Freeze completed living P,Q,diet,predation,accumulation,migration. Solve EE for SM; detritus accumulation absorbs routed inflow at fixed predation. No new consumption is assumed.",SM,0.07
446_446_Hudson_Bay_(1970),routing_scenario,40,Pelagic Detritus,q,128.24910803428477,128.2491907580142,"Freeze completed living P,Q,diet,predation,accumulation,migration. Solve EE for SM; detritus accumulation absorbs routed inflow at fixed predation. No new consumption is assumed.",SM,0.07
446_446_Hudson_Bay_(1970),routing_scenario,25,Brackish Fish,M0,0.0025425355725000025,0.0025425374210320028,"Freeze completed living P,Q,diet,predation,accumulation,migration. Solve EE for SM; detritus accumulation absorbs routed inflow at fixed predation. No new consumption is assumed.",SM,0.07
446_446_Hudson_Bay_(1970),routing_scenario,24,Other Marine Fish,M0,0.011930946740000012,0.011930951361323012,"Freeze completed living P,Q,diet,predation,accumulation,migration. Solve EE for SM; detritus accumulation absorbs routed inflow at fixed predation. No new consumption is assumed.",SM,0.07
446_446_Hudson_Bay_(1970),routing_scenario,22,Sandlance,M0,0.021766202280000018,0.02176620505279102,"Freeze completed living P,Q,diet,predation,accumulation,migration. Solve EE for SM; detritus accumulation absorbs routed inflow at fixed predation. No new consumption is assumed.",SM,0.07
446_446_Hudson_Bay_(1970),routing_scenario,21,Capelin,M0,0.025841266500000022,0.02584127574266002,"Freeze completed living P,Q,diet,predation,accumulation,migration. Solve EE for SM; detritus accumulation absorbs routed inflow at fixed predation. No new consumption is assumed.",SM,0.07
446_446_Hudson_Bay_(1970),routing_scenario,20,Sculpins/ Zoarcids,M0,0.008667478715000008,0.008667497200320009,"Freeze completed living P,Q,diet,predation,accumulation,migration. Solve EE for SM; detritus accumulation absorbs routed inflow at fixed predation. No new consumption is assumed.",SM,0.07
446_446_Hudson_Bay_(1970),routing_scenario,19,Gadiformes,M0,0.016022631350000014,0.016022649835320014,"Freeze completed living P,Q,diet,predation,accumulation,migration. Solve EE for SM; detritus accumulation absorbs routed inflow at fixed predation. No new consumption is assumed.",SM,0.07
446_446_Hudson_Bay_(1970),routing_scenario,18,Atlantic Salmon,M0,0.0013343262400000013,0.0013343271642660014,"Freeze completed living P,Q,diet,predation,accumulation,migration. Solve EE for SM; detritus accumulation absorbs routed inflow at fixed predation. No new consumption is assumed.",SM,0.07
446_446_Hudson_Bay_(1970),routing_scenario,17,Arctic Char,M0,0.0017951153200000017,0.0017951476692400017,"Freeze completed living P,Q,diet,predation,accumulation,migration. Solve EE for SM; detritus accumulation absorbs routed inflow at fixed predation. No new consumption is assumed.",SM,0.07
446_446_Hudson_Bay_(1970),routing_scenario,16,Seabirds,M0,0.021714263038000003,0.021737013038000002,"Freeze completed living P,Q,diet,predation,accumulation,migration. Solve EE for SM; detritus accumulation absorbs routed inflow at fixed predation. No new consumption is assumed.",SM,0.07
446_446_Hudson_Bay_(1970),routing_scenario,15,Beluga James,M0,5.5673137044634417e-05,5.665313704463442e-05,"Freeze completed living P,Q,diet,predation,accumulation,migration. Solve EE for SM; detritus accumulation absorbs routed inflow at fixed predation. No new consumption is assumed.",SM,0.07
446_446_Hudson_Bay_(1970),routing_scenario,14,Beluga W,M0,0.0013602991127677291,0.0013645341127677291,"Freeze completed living P,Q,diet,predation,accumulation,migration. Solve EE for SM; detritus accumulation absorbs routed inflow at fixed predation. No new consumption is assumed.",SM,0.07
446_446_Hudson_Bay_(1970),routing_scenario,13,Beluga E,M0,9.807396405385151e-05,0.00010038396405385151,"Freeze completed living P,Q,diet,predation,accumulation,migration. Solve EE for SM; detritus accumulation absorbs routed inflow at fixed predation. No new consumption is assumed.",SM,0.07
446_446_Hudson_Bay_(1970),routing_scenario,12,Harp seal,M0,3.9123524670240005e-05,4.0103524670240006e-05,"Freeze completed living P,Q,diet,predation,accumulation,migration. Solve EE for SM; detritus accumulation absorbs routed inflow at fixed predation. No new consumption is assumed.",SM,0.07
446_446_Hudson_Bay_(1970),routing_scenario,11,Ringed Seal,M0,0.004359851707524983,0.004387361707524982,"Freeze completed living P,Q,diet,predation,accumulation,migration. Solve EE for SM; detritus accumulation absorbs routed inflow at fixed predation. No new consumption is assumed.",SM,0.07
446_446_Hudson_Bay_(1970),routing_scenario,10,Harbour Seal,M0,0.00012099825122750879,0.00012113825122750879,"Freeze completed living P,Q,diet,predation,accumulation,migration. Solve EE for SM; detritus accumulation absorbs routed inflow at fixed predation. No new consumption is assumed.",SM,0.07
446_446_Hudson_Bay_(1970),routing_scenario,9,Bearded Seal,M0,0.00013606373638765757,0.00014775373638765756,"Freeze completed living P,Q,diet,predation,accumulation,migration. Solve EE for SM; detritus accumulation absorbs routed inflow at fixed predation. No new consumption is assumed.",SM,0.07
446_446_Hudson_Bay_(1970),routing_scenario,8,Walrus S,M0,8.217029462185597e-05,8.259029462185597e-05,"Freeze completed living P,Q,diet,predation,accumulation,migration. Solve EE for SM; detritus accumulation absorbs routed inflow at fixed predation. No new consumption is assumed.",SM,0.07
446_446_Hudson_Bay_(1970),routing_scenario,7,Walrus N,M0,0.0003819925835737691,0.00038759258357376914,"Freeze completed living P,Q,diet,predation,accumulation,migration. Solve EE for SM; detritus accumulation absorbs routed inflow at fixed predation. No new consumption is assumed.",SM,0.07
446_446_Hudson_Bay_(1970),routing_scenario,6,Bowhead,M0,0.00021741439634646387,0.00021804439634646387,"Freeze completed living P,Q,diet,predation,accumulation,migration. Solve EE for SM; detritus accumulation absorbs routed inflow at fixed predation. No new consumption is assumed.",SM,0.07
446_446_Hudson_Bay_(1970),routing_scenario,5,Narwhal,M0,0.00011868823016079942,0.00012106823016079942,"Freeze completed living P,Q,diet,predation,accumulation,migration. Solve EE for SM; detritus accumulation absorbs routed inflow at fixed predation. No new consumption is assumed.",SM,0.07
446_446_Hudson_Bay_(1970),routing_scenario,4,Killer Whale,M0,2.76981004599574e-06,2.83981004599574e-06,"Freeze completed living P,Q,diet,predation,accumulation,migration. Solve EE for SM; detritus accumulation absorbs routed inflow at fixed predation. No new consumption is assumed.",SM,0.07
446_446_Hudson_Bay_(1970),routing_scenario,3,Polar Bear Foxe,M0,1.611317803944726e-05,1.646317803944726e-05,"Freeze completed living P,Q,diet,predation,accumulation,migration. Solve EE for SM; detritus accumulation absorbs routed inflow at fixed predation. No new consumption is assumed.",SM,0.07
446_446_Hudson_Bay_(1970),routing_scenario,2,SH Polar Bear,M0,2.9258219105026142e-05,3.079821910502614e-05,"Freeze completed living P,Q,diet,predation,accumulation,migration. Solve EE for SM; detritus accumulation absorbs routed inflow at fixed predation. No new consumption is assumed.",SM,0.07
446_446_Hudson_Bay_(1970),routing_scenario,1,Polar Bear WHB,M0,3.4803496340686466e-05,3.5853496340686464e-05,"Freeze completed living P,Q,diet,predation,accumulation,migration. Solve EE for SM; detritus accumulation absorbs routed inflow at fixed predation. No new consumption is assumed.",SM,0.07
446_446_Hudson_Bay_(1970),routing_scenario,25,Brackish Fish,EE,0.95,0.9499999636478635,"Freeze completed living P,Q,diet,predation,accumulation,migration. Solve EE for SM; detritus accumulation absorbs routed inflow at fixed predation. No new consumption is assumed.",SM,0.07
446_446_Hudson_Bay_(1970),routing_scenario,24,Other Marine Fish,EE,0.95,0.9499999806330415,"Freeze completed living P,Q,diet,predation,accumulation,migration. Solve EE for SM; detritus accumulation absorbs routed inflow at fixed predation. No new consumption is assumed.",SM,0.07
446_446_Hudson_Bay_(1970),routing_scenario,22,Sandlance,EE,0.95,0.9499999936305126,"Freeze completed living P,Q,diet,predation,accumulation,migration. Solve EE for SM; detritus accumulation absorbs routed inflow at fixed predation. No new consumption is assumed.",SM,0.07
446_446_Hudson_Bay_(1970),routing_scenario,21,Capelin,EE,0.95,0.9499999821164724,"Freeze completed living P,Q,diet,predation,accumulation,migration. Solve EE for SM; detritus accumulation absorbs routed inflow at fixed predation. No new consumption is assumed.",SM,0.07
446_446_Hudson_Bay_(1970),routing_scenario,20,Sculpins/ Zoarcids,EE,0.95,0.9499998933639147,"Freeze completed living P,Q,diet,predation,accumulation,migration. Solve EE for SM; detritus accumulation absorbs routed inflow at fixed predation. No new consumption is assumed.",SM,0.07
446_446_Hudson_Bay_(1970),routing_scenario,19,Gadiformes,EE,0.95,0.9499999423149681,"Freeze completed living P,Q,diet,predation,accumulation,migration. Solve EE for SM; detritus accumulation absorbs routed inflow at fixed predation. No new consumption is assumed.",SM,0.07
446_446_Hudson_Bay_(1970),routing_scenario,18,Atlantic Salmon,EE,0.95,0.9499999653658163,"Freeze completed living P,Q,diet,predation,accumulation,migration. Solve EE for SM; detritus accumulation absorbs routed inflow at fixed predation. No new consumption is assumed.",SM,0.07
446_446_Hudson_Bay_(1970),routing_scenario,17,Arctic Char,EE,0.95,0.9499990989648509,"Freeze completed living P,Q,diet,predation,accumulation,migration. Solve EE for SM; detritus accumulation absorbs routed inflow at fixed predation. No new consumption is assumed.",SM,0.07
446_446_Hudson_Bay_(1970),routing_scenario,16,Seabirds,EE,0.09712003999999996,0.09617409405405408,"Freeze completed living P,Q,diet,predation,accumulation,migration. Solve EE for SM; detritus accumulation absorbs routed inflow at fixed predation. No new consumption is assumed.",SM,0.07
446_446_Hudson_Bay_(1970),routing_scenario,15,Beluga James,EE,0.5643347,0.5566657950906592,"Freeze completed living P,Q,diet,predation,accumulation,migration. Solve EE for SM; detritus accumulation absorbs routed inflow at fixed predation. No new consumption is assumed.",SM,0.07
446_446_Hudson_Bay_(1970),routing_scenario,14,Beluga W,EE,0.13272054499999997,0.13002045613171276,"Freeze completed living P,Q,diet,predation,accumulation,migration. Solve EE for SM; detritus accumulation absorbs routed inflow at fixed predation. No new consumption is assumed.",SM,0.07
446_446_Hudson_Bay_(1970),routing_scenario,13,Beluga E,EE,0.28052579999999994,0.2635795552138973,"Freeze completed living P,Q,diet,predation,accumulation,migration. Solve EE for SM; detritus accumulation absorbs routed inflow at fixed predation. No new consumption is assumed.",SM,0.07
446_446_Hudson_Bay_(1970),routing_scenario,12,Harp seal,EE,0.6883504,0.6805439303484473,"Freeze completed living P,Q,diet,predation,accumulation,migration. Solve EE for SM; detritus accumulation absorbs routed inflow at fixed predation. No new consumption is assumed.",SM,0.07
446_446_Hudson_Bay_(1970),routing_scenario,11,Ringed Seal,EE,0.412556618,0.40884993976346107,"Freeze completed living P,Q,diet,predation,accumulation,migration. Solve EE for SM; detritus accumulation absorbs routed inflow at fixed predation. No new consumption is assumed.",SM,0.07
446_446_Hudson_Bay_(1970),routing_scenario,10,Harbour Seal,EE,0.07364795999999996,0.07257613223154613,"Freeze completed living P,Q,diet,predation,accumulation,migration. Solve EE for SM; detritus accumulation absorbs routed inflow at fixed predation. No new consumption is assumed.",SM,0.07
446_446_Hudson_Bay_(1970),routing_scenario,9,Bearded Seal,EE,0.791283369,0.7733513506594296,"Freeze completed living P,Q,diet,predation,accumulation,migration. Solve EE for SM; detritus accumulation absorbs routed inflow at fixed predation. No new consumption is assumed.",SM,0.07
446_446_Hudson_Bay_(1970),routing_scenario,8,Walrus S,EE,0.143246785,0.13886763129298274,"Freeze completed living P,Q,diet,predation,accumulation,migration. Solve EE for SM; detritus accumulation absorbs routed inflow at fixed predation. No new consumption is assumed.",SM,0.07
446_446_Hudson_Bay_(1970),routing_scenario,7,Walrus N,EE,0.18816389099999997,0.17626239760484863,"Freeze completed living P,Q,diet,predation,accumulation,migration. Solve EE for SM; detritus accumulation absorbs routed inflow at fixed predation. No new consumption is assumed.",SM,0.07
446_446_Hudson_Bay_(1970),routing_scenario,6,Bowhead,EE,0.052819170000000026,0.050074531498927266,"Freeze completed living P,Q,diet,predation,accumulation,migration. Solve EE for SM; detritus accumulation absorbs routed inflow at fixed predation. No new consumption is assumed.",SM,0.07
446_446_Hudson_Bay_(1970),routing_scenario,5,Narwhal,EE,0.2706202,0.2559942853524553,"Freeze completed living P,Q,diet,predation,accumulation,migration. Solve EE for SM; detritus accumulation absorbs routed inflow at fixed predation. No new consumption is assumed.",SM,0.07
446_446_Hudson_Bay_(1970),routing_scenario,4,Killer Whale,EE,0.26526534600000007,0.24669677092592468,"Freeze completed living P,Q,diet,predation,accumulation,migration. Solve EE for SM; detritus accumulation absorbs routed inflow at fixed predation. No new consumption is assumed.",SM,0.07
446_446_Hudson_Bay_(1970),routing_scenario,3,Polar Bear Foxe,EE,0.3027038569999999,0.28755764255040317,"Freeze completed living P,Q,diet,predation,accumulation,migration. Solve EE for SM; detritus accumulation absorbs routed inflow at fixed predation. No new consumption is assumed.",SM,0.07
446_446_Hudson_Bay_(1970),routing_scenario,2,SH Polar Bear,EE,0.5060891,0.4800922071860646,"Freeze completed living P,Q,diet,predation,accumulation,migration. Solve EE for SM; detritus accumulation absorbs routed inflow at fixed predation. No new consumption is assumed.",SM,0.07
446_446_Hudson_Bay_(1970),routing_scenario,1,Polar Bear WHB,EE,0.4138758,0.3961927947072088,"Freeze completed living P,Q,diet,predation,accumulation,migration. Solve EE for SM; detritus accumulation absorbs routed inflow at fixed predation. No new consumption is assumed.",SM,0.07
446_446_Hudson_Bay_(1970),routing_scenario,25,Brackish Fish,catch,2.64076e-08,2.4559067999999997e-08,"Freeze completed living P,Q,diet,predation,accumulation,migration. Solve EE for SM; detritus accumulation absorbs routed inflow at fixed predation. No new consumption is assumed.",SM,0.07
446_446_Hudson_Bay_(1970),routing_scenario,24,Other Marine Fish,catch,6.60189e-08,6.139757699999999e-08,"Freeze completed living P,Q,diet,predation,accumulation,migration. Solve EE for SM; detritus accumulation absorbs routed inflow at fixed predation. No new consumption is assumed.",SM,0.07
446_446_Hudson_Bay_(1970),routing_scenario,22,Sandlance,catch,3.96113e-08,3.6838508999999996e-08,"Freeze completed living P,Q,diet,predation,accumulation,migration. Solve EE for SM; detritus accumulation absorbs routed inflow at fixed predation. No new consumption is assumed.",SM,0.07
446_446_Hudson_Bay_(1970),routing_scenario,21,Capelin,catch,1.32038e-07,1.2279534e-07,"Freeze completed living P,Q,diet,predation,accumulation,migration. Solve EE for SM; detritus accumulation absorbs routed inflow at fixed predation. No new consumption is assumed.",SM,0.07
446_446_Hudson_Bay_(1970),routing_scenario,20,Sculpins/ Zoarcids,catch,2.64076e-07,2.4559068e-07,"Freeze completed living P,Q,diet,predation,accumulation,migration. Solve EE for SM; detritus accumulation absorbs routed inflow at fixed predation. No new consumption is assumed.",SM,0.07
446_446_Hudson_Bay_(1970),routing_scenario,19,Gadiformes,catch,2.64076e-07,2.4559068e-07,"Freeze completed living P,Q,diet,predation,accumulation,migration. Solve EE for SM; detritus accumulation absorbs routed inflow at fixed predation. No new consumption is assumed.",SM,0.07
446_446_Hudson_Bay_(1970),routing_scenario,18,Atlantic Salmon,catch,1.32038e-08,1.2279533999999998e-08,"Freeze completed living P,Q,diet,predation,accumulation,migration. Solve EE for SM; detritus accumulation absorbs routed inflow at fixed predation. No new consumption is assumed.",SM,0.07
446_446_Hudson_Bay_(1970),routing_scenario,17,Arctic Char,catch,4.62132e-07,4.2978276e-07,"Freeze completed living P,Q,diet,predation,accumulation,migration. Solve EE for SM; detritus accumulation absorbs routed inflow at fixed predation. No new consumption is assumed.",SM,0.07
446_446_Hudson_Bay_(1970),routing_scenario,16,Seabirds,catch,0.000325,0.00030224999999999995,"Freeze completed living P,Q,diet,predation,accumulation,migration. Solve EE for SM; detritus accumulation absorbs routed inflow at fixed predation. No new consumption is assumed.",SM,0.07
446_446_Hudson_Bay_(1970),routing_scenario,15,Beluga James,catch,1.4e-05,1.3019999999999999e-05,"Freeze completed living P,Q,diet,predation,accumulation,migration. Solve EE for SM; detritus accumulation absorbs routed inflow at fixed predation. No new consumption is assumed.",SM,0.07
446_446_Hudson_Bay_(1970),routing_scenario,14,Beluga W,catch,6.05e-05,5.6265e-05,"Freeze completed living P,Q,diet,predation,accumulation,migration. Solve EE for SM; detritus accumulation absorbs routed inflow at fixed predation. No new consumption is assumed.",SM,0.07
446_446_Hudson_Bay_(1970),routing_scenario,13,Beluga E,catch,3.3e-05,3.069e-05,"Freeze completed living P,Q,diet,predation,accumulation,migration. Solve EE for SM; detritus accumulation absorbs routed inflow at fixed predation. No new consumption is assumed.",SM,0.07
446_446_Hudson_Bay_(1970),routing_scenario,12,Harp seal,catch,1.4e-05,1.3019999999999999e-05,"Freeze completed living P,Q,diet,predation,accumulation,migration. Solve EE for SM; detritus accumulation absorbs routed inflow at fixed predation. No new consumption is assumed.",SM,0.07
446_446_Hudson_Bay_(1970),routing_scenario,11,Ringed Seal,catch,0.000393,0.00036549,"Freeze completed living P,Q,diet,predation,accumulation,migration. Solve EE for SM; detritus accumulation absorbs routed inflow at fixed predation. No new consumption is assumed.",SM,0.07
446_446_Hudson_Bay_(1970),routing_scenario,10,Harbour Seal,catch,2e-06,1.8599999999999998e-06,"Freeze completed living P,Q,diet,predation,accumulation,migration. Solve EE for SM; detritus accumulation absorbs routed inflow at fixed predation. No new consumption is assumed.",SM,0.07
446_446_Hudson_Bay_(1970),routing_scenario,9,Bearded Seal,catch,0.000167,0.00015530999999999997,"Freeze completed living P,Q,diet,predation,accumulation,migration. Solve EE for SM; detritus accumulation absorbs routed inflow at fixed predation. No new consumption is assumed.",SM,0.07
446_446_Hudson_Bay_(1970),routing_scenario,8,Walrus S,catch,6e-06,5.58e-06,"Freeze completed living P,Q,diet,predation,accumulation,migration. Solve EE for SM; detritus accumulation absorbs routed inflow at fixed predation. No new consumption is assumed.",SM,0.07
446_446_Hudson_Bay_(1970),routing_scenario,7,Walrus N,catch,8e-05,7.44e-05,"Freeze completed living P,Q,diet,predation,accumulation,migration. Solve EE for SM; detritus accumulation absorbs routed inflow at fixed predation. No new consumption is assumed.",SM,0.07
446_446_Hudson_Bay_(1970),routing_scenario,6,Bowhead,catch,9e-06,8.37e-06,"Freeze completed living P,Q,diet,predation,accumulation,migration. Solve EE for SM; detritus accumulation absorbs routed inflow at fixed predation. No new consumption is assumed.",SM,0.07
446_446_Hudson_Bay_(1970),routing_scenario,5,Narwhal,catch,3.4e-05,3.162e-05,"Freeze completed living P,Q,diet,predation,accumulation,migration. Solve EE for SM; detritus accumulation absorbs routed inflow at fixed predation. No new consumption is assumed.",SM,0.07
446_446_Hudson_Bay_(1970),routing_scenario,4,Killer Whale,catch,1e-06,9.299999999999999e-07,"Freeze completed living P,Q,diet,predation,accumulation,migration. Solve EE for SM; detritus accumulation absorbs routed inflow at fixed predation. No new consumption is assumed.",SM,0.07
446_446_Hudson_Bay_(1970),routing_scenario,3,Polar Bear Foxe,catch,5e-06,4.65e-06,"Freeze completed living P,Q,diet,predation,accumulation,migration. Solve EE for SM; detritus accumulation absorbs routed inflow at fixed predation. No new consumption is assumed.",SM,0.07
446_446_Hudson_Bay_(1970),routing_scenario,2,SH Polar Bear,catch,2.2e-05,2.0459999999999997e-05,"Freeze completed living P,Q,diet,predation,accumulation,migration. Solve EE for SM; detritus accumulation absorbs routed inflow at fixed predation. No new consumption is assumed.",SM,0.07
446_446_Hudson_Bay_(1970),routing_scenario,1,Polar Bear WHB,catch,1.5e-05,1.3949999999999999e-05,"Freeze completed living P,Q,diet,predation,accumulation,migration. Solve EE for SM; detritus accumulation absorbs routed inflow at fixed predation. No new consumption is assumed.",SM,0.07
446_446_Hudson_Bay_(1970),routing_scenario,40,Pelagic Detritus,growth,100.09094139097152,100.09102411470096,"Freeze completed living P,Q,diet,predation,accumulation,migration. Solve EE for SM; detritus accumulation absorbs routed inflow at fixed predation. No new consumption is assumed.",SM,0.07
446_446_Hudson_Bay_(1970),routing_scenario,25,Brackish Fish,catch,2.64076e-08,2.4559067999999997e-08,"Freeze completed living P,Q,diet,predation,accumulation,migration. Solve EE for SM; detritus accumulation absorbs routed inflow at fixed predation. No new consumption is assumed.",SE,0.07
446_446_Hudson_Bay_(1970),routing_scenario,24,Other Marine Fish,catch,6.60189e-08,6.139757699999999e-08,"Freeze completed living P,Q,diet,predation,accumulation,migration. Solve EE for SM; detritus accumulation absorbs routed inflow at fixed predation. No new consumption is assumed.",SE,0.07
446_446_Hudson_Bay_(1970),routing_scenario,22,Sandlance,catch,3.96113e-08,3.6838508999999996e-08,"Freeze completed living P,Q,diet,predation,accumulation,migration. Solve EE for SM; detritus accumulation absorbs routed inflow at fixed predation. No new consumption is assumed.",SE,0.07
446_446_Hudson_Bay_(1970),routing_scenario,21,Capelin,catch,1.32038e-07,1.2279534e-07,"Freeze completed living P,Q,diet,predation,accumulation,migration. Solve EE for SM; detritus accumulation absorbs routed inflow at fixed predation. No new consumption is assumed.",SE,0.07
446_446_Hudson_Bay_(1970),routing_scenario,20,Sculpins/ Zoarcids,catch,2.64076e-07,2.4559068e-07,"Freeze completed living P,Q,diet,predation,accumulation,migration. Solve EE for SM; detritus accumulation absorbs routed inflow at fixed predation. No new consumption is assumed.",SE,0.07
446_446_Hudson_Bay_(1970),routing_scenario,19,Gadiformes,catch,2.64076e-07,2.4559068e-07,"Freeze completed living P,Q,diet,predation,accumulation,migration. Solve EE for SM; detritus accumulation absorbs routed inflow at fixed predation. No new consumption is assumed.",SE,0.07
446_446_Hudson_Bay_(1970),routing_scenario,18,Atlantic Salmon,catch,1.32038e-08,1.2279533999999998e-08,"Freeze completed living P,Q,diet,predation,accumulation,migration. Solve EE for SM; detritus accumulation absorbs routed inflow at fixed predation. No new consumption is assumed.",SE,0.07
446_446_Hudson_Bay_(1970),routing_scenario,17,Arctic Char,catch,4.62132e-07,4.2978276e-07,"Freeze completed living P,Q,diet,predation,accumulation,migration. Solve EE for SM; detritus accumulation absorbs routed inflow at fixed predation. No new consumption is assumed.",SE,0.07
446_446_Hudson_Bay_(1970),routing_scenario,16,Seabirds,catch,0.000325,0.00030224999999999995,"Freeze completed living P,Q,diet,predation,accumulation,migration. Solve EE for SM; detritus accumulation absorbs routed inflow at fixed predation. No new consumption is assumed.",SE,0.07
446_446_Hudson_Bay_(1970),routing_scenario,15,Beluga James,catch,1.4e-05,1.3019999999999999e-05,"Freeze completed living P,Q,diet,predation,accumulation,migration. Solve EE for SM; detritus accumulation absorbs routed inflow at fixed predation. No new consumption is assumed.",SE,0.07
446_446_Hudson_Bay_(1970),routing_scenario,14,Beluga W,catch,6.05e-05,5.6265e-05,"Freeze completed living P,Q,diet,predation,accumulation,migration. Solve EE for SM; detritus accumulation absorbs routed inflow at fixed predation. No new consumption is assumed.",SE,0.07
446_446_Hudson_Bay_(1970),routing_scenario,13,Beluga E,catch,3.3e-05,3.069e-05,"Freeze completed living P,Q,diet,predation,accumulation,migration. Solve EE for SM; detritus accumulation absorbs routed inflow at fixed predation. No new consumption is assumed.",SE,0.07
446_446_Hudson_Bay_(1970),routing_scenario,12,Harp seal,catch,1.4e-05,1.3019999999999999e-05,"Freeze completed living P,Q,diet,predation,accumulation,migration. Solve EE for SM; detritus accumulation absorbs routed inflow at fixed predation. No new consumption is assumed.",SE,0.07
446_446_Hudson_Bay_(1970),routing_scenario,11,Ringed Seal,catch,0.000393,0.00036549,"Freeze completed living P,Q,diet,predation,accumulation,migration. Solve EE for SM; detritus accumulation absorbs routed inflow at fixed predation. No new consumption is assumed.",SE,0.07
446_446_Hudson_Bay_(1970),routing_scenario,10,Harbour Seal,catch,2e-06,1.8599999999999998e-06,"Freeze completed living P,Q,diet,predation,accumulation,migration. Solve EE for SM; detritus accumulation absorbs routed inflow at fixed predation. No new consumption is assumed.",SE,0.07
446_446_Hudson_Bay_(1970),routing_scenario,9,Bearded Seal,catch,0.000167,0.00015530999999999997,"Freeze completed living P,Q,diet,predation,accumulation,migration. Solve EE for SM; detritus accumulation absorbs routed inflow at fixed predation. No new consumption is assumed.",SE,0.07
446_446_Hudson_Bay_(1970),routing_scenario,8,Walrus S,catch,6e-06,5.58e-06,"Freeze completed living P,Q,diet,predation,accumulation,migration. Solve EE for SM; detritus accumulation absorbs routed inflow at fixed predation. No new consumption is assumed.",SE,0.07
446_446_Hudson_Bay_(1970),routing_scenario,7,Walrus N,catch,8e-05,7.44e-05,"Freeze completed living P,Q,diet,predation,accumulation,migration. Solve EE for SM; detritus accumulation absorbs routed inflow at fixed predation. No new consumption is assumed.",SE,0.07
446_446_Hudson_Bay_(1970),routing_scenario,6,Bowhead,catch,9e-06,8.37e-06,"Freeze completed living P,Q,diet,predation,accumulation,migration. Solve EE for SM; detritus accumulation absorbs routed inflow at fixed predation. No new consumption is assumed.",SE,0.07
446_446_Hudson_Bay_(1970),routing_scenario,5,Narwhal,catch,3.4e-05,3.162e-05,"Freeze completed living P,Q,diet,predation,accumulation,migration. Solve EE for SM; detritus accumulation absorbs routed inflow at fixed predation. No new consumption is assumed.",SE,0.07
446_446_Hudson_Bay_(1970),routing_scenario,4,Killer Whale,catch,1e-06,9.299999999999999e-07,"Freeze completed living P,Q,diet,predation,accumulation,migration. Solve EE for SM; detritus accumulation absorbs routed inflow at fixed predation. No new consumption is assumed.",SE,0.07
446_446_Hudson_Bay_(1970),routing_scenario,3,Polar Bear Foxe,catch,5e-06,4.65e-06,"Freeze completed living P,Q,diet,predation,accumulation,migration. Solve EE for SM; detritus accumulation absorbs routed inflow at fixed predation. No new consumption is assumed.",SE,0.07
446_446_Hudson_Bay_(1970),routing_scenario,2,SH Polar Bear,catch,2.2e-05,2.0459999999999997e-05,"Freeze completed living P,Q,diet,predation,accumulation,migration. Solve EE for SM; detritus accumulation absorbs routed inflow at fixed predation. No new consumption is assumed.",SE,0.07
446_446_Hudson_Bay_(1970),routing_scenario,1,Polar Bear WHB,catch,1.5e-05,1.3949999999999999e-05,"Freeze completed living P,Q,diet,predation,accumulation,migration. Solve EE for SM; detritus accumulation absorbs routed inflow at fixed predation. No new consumption is assumed.",SE,0.07
446_446_Hudson_Bay_(1970),routing_scenario,25,Brackish Fish,external_loss,0.0,1.848532e-09,"Freeze completed living P,Q,diet,predation,accumulation,migration. Solve EE for SM; detritus accumulation absorbs routed inflow at fixed predation. No new consumption is assumed.",SE,0.07
446_446_Hudson_Bay_(1970),routing_scenario,24,Other Marine Fish,external_loss,0.0,4.621323e-09,"Freeze completed living P,Q,diet,predation,accumulation,migration. Solve EE for SM; detritus accumulation absorbs routed inflow at fixed predation. No new consumption is assumed.",SE,0.07
446_446_Hudson_Bay_(1970),routing_scenario,22,Sandlance,external_loss,0.0,2.7727910000000002e-09,"Freeze completed living P,Q,diet,predation,accumulation,migration. Solve EE for SM; detritus accumulation absorbs routed inflow at fixed predation. No new consumption is assumed.",SE,0.07
446_446_Hudson_Bay_(1970),routing_scenario,21,Capelin,external_loss,0.0,9.242660000000001e-09,"Freeze completed living P,Q,diet,predation,accumulation,migration. Solve EE for SM; detritus accumulation absorbs routed inflow at fixed predation. No new consumption is assumed.",SE,0.07
446_446_Hudson_Bay_(1970),routing_scenario,20,Sculpins/ Zoarcids,external_loss,0.0,1.8485320000000003e-08,"Freeze completed living P,Q,diet,predation,accumulation,migration. Solve EE for SM; detritus accumulation absorbs routed inflow at fixed predation. No new consumption is assumed.",SE,0.07
446_446_Hudson_Bay_(1970),routing_scenario,19,Gadiformes,external_loss,0.0,1.8485320000000003e-08,"Freeze completed living P,Q,diet,predation,accumulation,migration. Solve EE for SM; detritus accumulation absorbs routed inflow at fixed predation. No new consumption is assumed.",SE,0.07
446_446_Hudson_Bay_(1970),routing_scenario,18,Atlantic Salmon,external_loss,0.0,9.24266e-10,"Freeze completed living P,Q,diet,predation,accumulation,migration. Solve EE for SM; detritus accumulation absorbs routed inflow at fixed predation. No new consumption is assumed.",SE,0.07
446_446_Hudson_Bay_(1970),routing_scenario,17,Arctic Char,external_loss,0.0,3.2349240000000004e-08,"Freeze completed living P,Q,diet,predation,accumulation,migration. Solve EE for SM; detritus accumulation absorbs routed inflow at fixed predation. No new consumption is assumed.",SE,0.07
446_446_Hudson_Bay_(1970),routing_scenario,16,Seabirds,external_loss,0.0,2.275e-05,"Freeze completed living P,Q,diet,predation,accumulation,migration. Solve EE for SM; detritus accumulation absorbs routed inflow at fixed predation. No new consumption is assumed.",SE,0.07
446_446_Hudson_Bay_(1970),routing_scenario,15,Beluga James,external_loss,0.0,9.800000000000001e-07,"Freeze completed living P,Q,diet,predation,accumulation,migration. Solve EE for SM; detritus accumulation absorbs routed inflow at fixed predation. No new consumption is assumed.",SE,0.07
446_446_Hudson_Bay_(1970),routing_scenario,14,Beluga W,external_loss,0.0,4.235e-06,"Freeze completed living P,Q,diet,predation,accumulation,migration. Solve EE for SM; detritus accumulation absorbs routed inflow at fixed predation. No new consumption is assumed.",SE,0.07
446_446_Hudson_Bay_(1970),routing_scenario,13,Beluga E,external_loss,0.0,2.3100000000000003e-06,"Freeze completed living P,Q,diet,predation,accumulation,migration. Solve EE for SM; detritus accumulation absorbs routed inflow at fixed predation. No new consumption is assumed.",SE,0.07
446_446_Hudson_Bay_(1970),routing_scenario,12,Harp seal,external_loss,0.0,9.800000000000001e-07,"Freeze completed living P,Q,diet,predation,accumulation,migration. Solve EE for SM; detritus accumulation absorbs routed inflow at fixed predation. No new consumption is assumed.",SE,0.07
446_446_Hudson_Bay_(1970),routing_scenario,11,Ringed Seal,external_loss,0.0,2.7510000000000003e-05,"Freeze completed living P,Q,diet,predation,accumulation,migration. Solve EE for SM; detritus accumulation absorbs routed inflow at fixed predation. No new consumption is assumed.",SE,0.07
446_446_Hudson_Bay_(1970),routing_scenario,10,Harbour Seal,external_loss,0.0,1.4e-07,"Freeze completed living P,Q,diet,predation,accumulation,migration. Solve EE for SM; detritus accumulation absorbs routed inflow at fixed predation. No new consumption is assumed.",SE,0.07
446_446_Hudson_Bay_(1970),routing_scenario,9,Bearded Seal,external_loss,0.0,1.169e-05,"Freeze completed living P,Q,diet,predation,accumulation,migration. Solve EE for SM; detritus accumulation absorbs routed inflow at fixed predation. No new consumption is assumed.",SE,0.07
446_446_Hudson_Bay_(1970),routing_scenario,8,Walrus S,external_loss,0.0,4.2000000000000006e-07,"Freeze completed living P,Q,diet,predation,accumulation,migration. Solve EE for SM; detritus accumulation absorbs routed inflow at fixed predation. No new consumption is assumed.",SE,0.07
446_446_Hudson_Bay_(1970),routing_scenario,7,Walrus N,external_loss,0.0,5.600000000000001e-06,"Freeze completed living P,Q,diet,predation,accumulation,migration. Solve EE for SM; detritus accumulation absorbs routed inflow at fixed predation. No new consumption is assumed.",SE,0.07
446_446_Hudson_Bay_(1970),routing_scenario,6,Bowhead,external_loss,0.0,6.300000000000001e-07,"Freeze completed living P,Q,diet,predation,accumulation,migration. Solve EE for SM; detritus accumulation absorbs routed inflow at fixed predation. No new consumption is assumed.",SE,0.07
446_446_Hudson_Bay_(1970),routing_scenario,5,Narwhal,external_loss,0.0,2.38e-06,"Freeze completed living P,Q,diet,predation,accumulation,migration. Solve EE for SM; detritus accumulation absorbs routed inflow at fixed predation. No new consumption is assumed.",SE,0.07
446_446_Hudson_Bay_(1970),routing_scenario,4,Killer Whale,external_loss,0.0,7e-08,"Freeze completed living P,Q,diet,predation,accumulation,migration. Solve EE for SM; detritus accumulation absorbs routed inflow at fixed predation. No new consumption is assumed.",SE,0.07
446_446_Hudson_Bay_(1970),routing_scenario,3,Polar Bear Foxe,external_loss,0.0,3.5000000000000004e-07,"Freeze completed living P,Q,diet,predation,accumulation,migration. Solve EE for SM; detritus accumulation absorbs routed inflow at fixed predation. No new consumption is assumed.",SE,0.07
446_446_Hudson_Bay_(1970),routing_scenario,2,SH Polar Bear,external_loss,0.0,1.54e-06,"Freeze completed living P,Q,diet,predation,accumulation,migration. Solve EE for SM; detritus accumulation absorbs routed inflow at fixed predation. No new consumption is assumed.",SE,0.07
446_446_Hudson_Bay_(1970),routing_scenario,1,Polar Bear WHB,external_loss,0.0,1.0500000000000001e-06,"Freeze completed living P,Q,diet,predation,accumulation,migration. Solve EE for SM; detritus accumulation absorbs routed inflow at fixed predation. No new consumption is assumed.",SE,0.07
446_446_Hudson_Bay_(1970),routing_scenario,40,Pelagic Detritus,p,128.24910803428477,128.2492025756898,"Freeze completed living P,Q,diet,predation,accumulation,migration. Solve EE for SM; detritus accumulation absorbs routed inflow at fixed predation. No new consumption is assumed.",SM,0.08
446_446_Hudson_Bay_(1970),routing_scenario,40,Pelagic Detritus,q,128.24910803428477,128.2492025756898,"Freeze completed living P,Q,diet,predation,accumulation,migration. Solve EE for SM; detritus accumulation absorbs routed inflow at fixed predation. No new consumption is assumed.",SM,0.08
446_446_Hudson_Bay_(1970),routing_scenario,25,Brackish Fish,M0,0.0025425355725000025,0.0025425376851080025,"Freeze completed living P,Q,diet,predation,accumulation,migration. Solve EE for SM; detritus accumulation absorbs routed inflow at fixed predation. No new consumption is assumed.",SM,0.08
446_446_Hudson_Bay_(1970),routing_scenario,24,Other Marine Fish,M0,0.011930946740000012,0.011930952021512013,"Freeze completed living P,Q,diet,predation,accumulation,migration. Solve EE for SM; detritus accumulation absorbs routed inflow at fixed predation. No new consumption is assumed.",SM,0.08
446_446_Hudson_Bay_(1970),routing_scenario,22,Sandlance,M0,0.021766202280000018,0.02176620544890402,"Freeze completed living P,Q,diet,predation,accumulation,migration. Solve EE for SM; detritus accumulation absorbs routed inflow at fixed predation. No new consumption is assumed.",SM,0.08
446_446_Hudson_Bay_(1970),routing_scenario,21,Capelin,M0,0.025841266500000022,0.025841277063040024,"Freeze completed living P,Q,diet,predation,accumulation,migration. Solve EE for SM; detritus accumulation absorbs routed inflow at fixed predation. No new consumption is assumed.",SM,0.08
446_446_Hudson_Bay_(1970),routing_scenario,20,Sculpins/ Zoarcids,M0,0.008667478715000008,0.008667499841080008,"Freeze completed living P,Q,diet,predation,accumulation,migration. Solve EE for SM; detritus accumulation absorbs routed inflow at fixed predation. No new consumption is assumed.",SM,0.08
446_446_Hudson_Bay_(1970),routing_scenario,19,Gadiformes,M0,0.016022631350000014,0.016022652476080014,"Freeze completed living P,Q,diet,predation,accumulation,migration. Solve EE for SM; detritus accumulation absorbs routed inflow at fixed predation. No new consumption is assumed.",SM,0.08
446_446_Hudson_Bay_(1970),routing_scenario,18,Atlantic Salmon,M0,0.0013343262400000013,0.0013343272963040013,"Freeze completed living P,Q,diet,predation,accumulation,migration. Solve EE for SM; detritus accumulation absorbs routed inflow at fixed predation. No new consumption is assumed.",SM,0.08
446_446_Hudson_Bay_(1970),routing_scenario,17,Arctic Char,M0,0.0017951153200000017,0.0017951522905600016,"Freeze completed living P,Q,diet,predation,accumulation,migration. Solve EE for SM; detritus accumulation absorbs routed inflow at fixed predation. No new consumption is assumed.",SM,0.08
446_446_Hudson_Bay_(1970),routing_scenario,16,Seabirds,M0,0.021714263038000003,0.021740263038000005,"Freeze completed living P,Q,diet,predation,accumulation,migration. Solve EE for SM; detritus accumulation absorbs routed inflow at fixed predation. No new consumption is assumed.",SM,0.08
446_446_Hudson_Bay_(1970),routing_scenario,15,Beluga James,M0,5.5673137044634417e-05,5.679313704463442e-05,"Freeze completed living P,Q,diet,predation,accumulation,migration. Solve EE for SM; detritus accumulation absorbs routed inflow at fixed predation. No new consumption is assumed.",SM,0.08
446_446_Hudson_Bay_(1970),routing_scenario,14,Beluga W,M0,0.0013602991127677291,0.0013651391127677292,"Freeze completed living P,Q,diet,predation,accumulation,migration. Solve EE for SM; detritus accumulation absorbs routed inflow at fixed predation. No new consumption is assumed.",SM,0.08
446_446_Hudson_Bay_(1970),routing_scenario,13,Beluga E,M0,9.807396405385151e-05,0.00010071396405385152,"Freeze completed living P,Q,diet,predation,accumulation,migration. Solve EE for SM; detritus accumulation absorbs routed inflow at fixed predation. No new consumption is assumed.",SM,0.08
446_446_Hudson_Bay_(1970),routing_scenario,12,Harp seal,M0,3.9123524670240005e-05,4.024352467024001e-05,"Freeze completed living P,Q,diet,predation,accumulation,migration. Solve EE for SM; detritus accumulation absorbs routed inflow at fixed predation. No new consumption is assumed.",SM,0.08
446_446_Hudson_Bay_(1970),routing_scenario,11,Ringed Seal,M0,0.004359851707524983,0.0043912917075249825,"Freeze completed living P,Q,diet,predation,accumulation,migration. Solve EE for SM; detritus accumulation absorbs routed inflow at fixed predation. No new consumption is assumed.",SM,0.08
446_446_Hudson_Bay_(1970),routing_scenario,10,Harbour Seal,M0,0.00012099825122750879,0.00012115825122750879,"Freeze completed living P,Q,diet,predation,accumulation,migration. Solve EE for SM; detritus accumulation absorbs routed inflow at fixed predation. No new consumption is assumed.",SM,0.08
446_446_Hudson_Bay_(1970),routing_scenario,9,Bearded Seal,M0,0.00013606373638765757,0.00014942373638765757,"Freeze completed living P,Q,diet,predation,accumulation,migration. Solve EE for SM; detritus accumulation absorbs routed inflow at fixed predation. No new consumption is assumed.",SM,0.08
446_446_Hudson_Bay_(1970),routing_scenario,8,Walrus S,M0,8.217029462185597e-05,8.265029462185597e-05,"Freeze completed living P,Q,diet,predation,accumulation,migration. Solve EE for SM; detritus accumulation absorbs routed inflow at fixed predation. No new consumption is assumed.",SM,0.08
446_446_Hudson_Bay_(1970),routing_scenario,7,Walrus N,M0,0.0003819925835737691,0.0003883925835737691,"Freeze completed living P,Q,diet,predation,accumulation,migration. Solve EE for SM; detritus accumulation absorbs routed inflow at fixed predation. No new consumption is assumed.",SM,0.08
446_446_Hudson_Bay_(1970),routing_scenario,6,Bowhead,M0,0.00021741439634646387,0.00021813439634646388,"Freeze completed living P,Q,diet,predation,accumulation,migration. Solve EE for SM; detritus accumulation absorbs routed inflow at fixed predation. No new consumption is assumed.",SM,0.08
446_446_Hudson_Bay_(1970),routing_scenario,5,Narwhal,M0,0.00011868823016079942,0.00012140823016079942,"Freeze completed living P,Q,diet,predation,accumulation,migration. Solve EE for SM; detritus accumulation absorbs routed inflow at fixed predation. No new consumption is assumed.",SM,0.08
446_446_Hudson_Bay_(1970),routing_scenario,4,Killer Whale,M0,2.76981004599574e-06,2.84981004599574e-06,"Freeze completed living P,Q,diet,predation,accumulation,migration. Solve EE for SM; detritus accumulation absorbs routed inflow at fixed predation. No new consumption is assumed.",SM,0.08
446_446_Hudson_Bay_(1970),routing_scenario,3,Polar Bear Foxe,M0,1.611317803944726e-05,1.651317803944726e-05,"Freeze completed living P,Q,diet,predation,accumulation,migration. Solve EE for SM; detritus accumulation absorbs routed inflow at fixed predation. No new consumption is assumed.",SM,0.08
446_446_Hudson_Bay_(1970),routing_scenario,2,SH Polar Bear,M0,2.9258219105026142e-05,3.101821910502614e-05,"Freeze completed living P,Q,diet,predation,accumulation,migration. Solve EE for SM; detritus accumulation absorbs routed inflow at fixed predation. No new consumption is assumed.",SM,0.08
446_446_Hudson_Bay_(1970),routing_scenario,1,Polar Bear WHB,M0,3.4803496340686466e-05,3.600349634068647e-05,"Freeze completed living P,Q,diet,predation,accumulation,migration. Solve EE for SM; detritus accumulation absorbs routed inflow at fixed predation. No new consumption is assumed.",SM,0.08
446_446_Hudson_Bay_(1970),routing_scenario,25,Brackish Fish,EE,0.95,0.9499999584547012,"Freeze completed living P,Q,diet,predation,accumulation,migration. Solve EE for SM; detritus accumulation absorbs routed inflow at fixed predation. No new consumption is assumed.",SM,0.08
446_446_Hudson_Bay_(1970),routing_scenario,24,Other Marine Fish,EE,0.95,0.9499999778663332,"Freeze completed living P,Q,diet,predation,accumulation,migration. Solve EE for SM; detritus accumulation absorbs routed inflow at fixed predation. No new consumption is assumed.",SM,0.08
446_446_Hudson_Bay_(1970),routing_scenario,22,Sandlance,EE,0.95,0.9499999927205859,"Freeze completed living P,Q,diet,predation,accumulation,migration. Solve EE for SM; detritus accumulation absorbs routed inflow at fixed predation. No new consumption is assumed.",SM,0.08
446_446_Hudson_Bay_(1970),routing_scenario,21,Capelin,EE,0.95,0.9499999795616828,"Freeze completed living P,Q,diet,predation,accumulation,migration. Solve EE for SM; detritus accumulation absorbs routed inflow at fixed predation. No new consumption is assumed.",SM,0.08
446_446_Hudson_Bay_(1970),routing_scenario,20,Sculpins/ Zoarcids,EE,0.95,0.9499998781301882,"Freeze completed living P,Q,diet,predation,accumulation,migration. Solve EE for SM; detritus accumulation absorbs routed inflow at fixed predation. No new consumption is assumed.",SM,0.08
446_446_Hudson_Bay_(1970),routing_scenario,19,Gadiformes,EE,0.95,0.9499999340742492,"Freeze completed living P,Q,diet,predation,accumulation,migration. Solve EE for SM; detritus accumulation absorbs routed inflow at fixed predation. No new consumption is assumed.",SM,0.08
446_446_Hudson_Bay_(1970),routing_scenario,18,Atlantic Salmon,EE,0.95,0.9499999604180758,"Freeze completed living P,Q,diet,predation,accumulation,migration. Solve EE for SM; detritus accumulation absorbs routed inflow at fixed predation. No new consumption is assumed.",SM,0.08
446_446_Hudson_Bay_(1970),routing_scenario,17,Arctic Char,EE,0.95,0.9499989702455438,"Freeze completed living P,Q,diet,predation,accumulation,migration. Solve EE for SM; detritus accumulation absorbs routed inflow at fixed predation. No new consumption is assumed.",SM,0.08
446_446_Hudson_Bay_(1970),routing_scenario,16,Seabirds,EE,0.09712003999999996,0.09603895891891878,"Freeze completed living P,Q,diet,predation,accumulation,migration. Solve EE for SM; detritus accumulation absorbs routed inflow at fixed predation. No new consumption is assumed.",SM,0.08
446_446_Hudson_Bay_(1970),routing_scenario,15,Beluga James,EE,0.5643347,0.5555702372464676,"Freeze completed living P,Q,diet,predation,accumulation,migration. Solve EE for SM; detritus accumulation absorbs routed inflow at fixed predation. No new consumption is assumed.",SM,0.08
446_446_Hudson_Bay_(1970),routing_scenario,14,Beluga W,EE,0.13272054499999997,0.12963472915052887,"Freeze completed living P,Q,diet,predation,accumulation,migration. Solve EE for SM; detritus accumulation absorbs routed inflow at fixed predation. No new consumption is assumed.",SM,0.08
446_446_Hudson_Bay_(1970),routing_scenario,13,Beluga E,EE,0.28052579999999994,0.26115866310159686,"Freeze completed living P,Q,diet,predation,accumulation,migration. Solve EE for SM; detritus accumulation absorbs routed inflow at fixed predation. No new consumption is assumed.",SM,0.08
446_446_Hudson_Bay_(1970),routing_scenario,12,Harp seal,EE,0.6883504,0.6794287203982255,"Freeze completed living P,Q,diet,predation,accumulation,migration. Solve EE for SM; detritus accumulation absorbs routed inflow at fixed predation. No new consumption is assumed.",SM,0.08
446_446_Hudson_Bay_(1970),routing_scenario,11,Ringed Seal,EE,0.412556618,0.40832041430109833,"Freeze completed living P,Q,diet,predation,accumulation,migration. Solve EE for SM; detritus accumulation absorbs routed inflow at fixed predation. No new consumption is assumed.",SM,0.08
446_446_Hudson_Bay_(1970),routing_scenario,10,Harbour Seal,EE,0.07364795999999996,0.07242301397890993,"Freeze completed living P,Q,diet,predation,accumulation,migration. Solve EE for SM; detritus accumulation absorbs routed inflow at fixed predation. No new consumption is assumed.",SM,0.08
446_446_Hudson_Bay_(1970),routing_scenario,9,Bearded Seal,EE,0.791283369,0.770789633753634,"Freeze completed living P,Q,diet,predation,accumulation,migration. Solve EE for SM; detritus accumulation absorbs routed inflow at fixed predation. No new consumption is assumed.",SM,0.08
446_446_Hudson_Bay_(1970),routing_scenario,8,Walrus S,EE,0.143246785,0.138242037906266,"Freeze completed living P,Q,diet,predation,accumulation,migration. Solve EE for SM; detritus accumulation absorbs routed inflow at fixed predation. No new consumption is assumed.",SM,0.08
446_446_Hudson_Bay_(1970),routing_scenario,7,Walrus N,EE,0.18816389099999997,0.17456218426268422,"Freeze completed living P,Q,diet,predation,accumulation,migration. Solve EE for SM; detritus accumulation absorbs routed inflow at fixed predation. No new consumption is assumed.",SM,0.08
446_446_Hudson_Bay_(1970),routing_scenario,6,Bowhead,EE,0.052819170000000026,0.049682440284488316,"Freeze completed living P,Q,diet,predation,accumulation,migration. Solve EE for SM; detritus accumulation absorbs routed inflow at fixed predation. No new consumption is assumed.",SM,0.08
446_446_Hudson_Bay_(1970),routing_scenario,5,Narwhal,EE,0.2706202,0.2539048689742346,"Freeze completed living P,Q,diet,predation,accumulation,migration. Solve EE for SM; detritus accumulation absorbs routed inflow at fixed predation. No new consumption is assumed.",SM,0.08
446_446_Hudson_Bay_(1970),routing_scenario,4,Killer Whale,EE,0.26526534600000007,0.24404411734391396,"Freeze completed living P,Q,diet,predation,accumulation,migration. Solve EE for SM; detritus accumulation absorbs routed inflow at fixed predation. No new consumption is assumed.",SM,0.08
446_446_Hudson_Bay_(1970),routing_scenario,3,Polar Bear Foxe,EE,0.3027038569999999,0.28539389762903233,"Freeze completed living P,Q,diet,predation,accumulation,migration. Solve EE for SM; detritus accumulation absorbs routed inflow at fixed predation. No new consumption is assumed.",SM,0.08
446_446_Hudson_Bay_(1970),routing_scenario,2,SH Polar Bear,EE,0.5060891,0.4763783653555024,"Freeze completed living P,Q,diet,predation,accumulation,migration. Solve EE for SM; detritus accumulation absorbs routed inflow at fixed predation. No new consumption is assumed.",SM,0.08
446_446_Hudson_Bay_(1970),routing_scenario,1,Polar Bear WHB,EE,0.4138758,0.3936666510939528,"Freeze completed living P,Q,diet,predation,accumulation,migration. Solve EE for SM; detritus accumulation absorbs routed inflow at fixed predation. No new consumption is assumed.",SM,0.08
446_446_Hudson_Bay_(1970),routing_scenario,25,Brackish Fish,catch,2.64076e-08,2.4294992e-08,"Freeze completed living P,Q,diet,predation,accumulation,migration. Solve EE for SM; detritus accumulation absorbs routed inflow at fixed predation. No new consumption is assumed.",SM,0.08
446_446_Hudson_Bay_(1970),routing_scenario,24,Other Marine Fish,catch,6.60189e-08,6.0737388e-08,"Freeze completed living P,Q,diet,predation,accumulation,migration. Solve EE for SM; detritus accumulation absorbs routed inflow at fixed predation. No new consumption is assumed.",SM,0.08
446_446_Hudson_Bay_(1970),routing_scenario,22,Sandlance,catch,3.96113e-08,3.6442396000000003e-08,"Freeze completed living P,Q,diet,predation,accumulation,migration. Solve EE for SM; detritus accumulation absorbs routed inflow at fixed predation. No new consumption is assumed.",SM,0.08
446_446_Hudson_Bay_(1970),routing_scenario,21,Capelin,catch,1.32038e-07,1.2147496e-07,"Freeze completed living P,Q,diet,predation,accumulation,migration. Solve EE for SM; detritus accumulation absorbs routed inflow at fixed predation. No new consumption is assumed.",SM,0.08
446_446_Hudson_Bay_(1970),routing_scenario,20,Sculpins/ Zoarcids,catch,2.64076e-07,2.4294992e-07,"Freeze completed living P,Q,diet,predation,accumulation,migration. Solve EE for SM; detritus accumulation absorbs routed inflow at fixed predation. No new consumption is assumed.",SM,0.08
446_446_Hudson_Bay_(1970),routing_scenario,19,Gadiformes,catch,2.64076e-07,2.4294992e-07,"Freeze completed living P,Q,diet,predation,accumulation,migration. Solve EE for SM; detritus accumulation absorbs routed inflow at fixed predation. No new consumption is assumed.",SM,0.08
446_446_Hudson_Bay_(1970),routing_scenario,18,Atlantic Salmon,catch,1.32038e-08,1.2147496e-08,"Freeze completed living P,Q,diet,predation,accumulation,migration. Solve EE for SM; detritus accumulation absorbs routed inflow at fixed predation. No new consumption is assumed.",SM,0.08
446_446_Hudson_Bay_(1970),routing_scenario,17,Arctic Char,catch,4.62132e-07,4.2516144000000007e-07,"Freeze completed living P,Q,diet,predation,accumulation,migration. Solve EE for SM; detritus accumulation absorbs routed inflow at fixed predation. No new consumption is assumed.",SM,0.08
446_446_Hudson_Bay_(1970),routing_scenario,16,Seabirds,catch,0.000325,0.000299,"Freeze completed living P,Q,diet,predation,accumulation,migration. Solve EE for SM; detritus accumulation absorbs routed inflow at fixed predation. No new consumption is assumed.",SM,0.08
446_446_Hudson_Bay_(1970),routing_scenario,15,Beluga James,catch,1.4e-05,1.288e-05,"Freeze completed living P,Q,diet,predation,accumulation,migration. Solve EE for SM; detritus accumulation absorbs routed inflow at fixed predation. No new consumption is assumed.",SM,0.08
446_446_Hudson_Bay_(1970),routing_scenario,14,Beluga W,catch,6.05e-05,5.5660000000000006e-05,"Freeze completed living P,Q,diet,predation,accumulation,migration. Solve EE for SM; detritus accumulation absorbs routed inflow at fixed predation. No new consumption is assumed.",SM,0.08
446_446_Hudson_Bay_(1970),routing_scenario,13,Beluga E,catch,3.3e-05,3.0360000000000004e-05,"Freeze completed living P,Q,diet,predation,accumulation,migration. Solve EE for SM; detritus accumulation absorbs routed inflow at fixed predation. No new consumption is assumed.",SM,0.08
446_446_Hudson_Bay_(1970),routing_scenario,12,Harp seal,catch,1.4e-05,1.288e-05,"Freeze completed living P,Q,diet,predation,accumulation,migration. Solve EE for SM; detritus accumulation absorbs routed inflow at fixed predation. No new consumption is assumed.",SM,0.08
446_446_Hudson_Bay_(1970),routing_scenario,11,Ringed Seal,catch,0.000393,0.00036156000000000003,"Freeze completed living P,Q,diet,predation,accumulation,migration. Solve EE for SM; detritus accumulation absorbs routed inflow at fixed predation. No new consumption is assumed.",SM,0.08
446_446_Hudson_Bay_(1970),routing_scenario,10,Harbour Seal,catch,2e-06,1.84e-06,"Freeze completed living P,Q,diet,predation,accumulation,migration. Solve EE for SM; detritus accumulation absorbs routed inflow at fixed predation. No new consumption is assumed.",SM,0.08
446_446_Hudson_Bay_(1970),routing_scenario,9,Bearded Seal,catch,0.000167,0.00015364,"Freeze completed living P,Q,diet,predation,accumulation,migration. Solve EE for SM; detritus accumulation absorbs routed inflow at fixed predation. No new consumption is assumed.",SM,0.08
446_446_Hudson_Bay_(1970),routing_scenario,8,Walrus S,catch,6e-06,5.5200000000000005e-06,"Freeze completed living P,Q,diet,predation,accumulation,migration. Solve EE for SM; detritus accumulation absorbs routed inflow at fixed predation. No new consumption is assumed.",SM,0.08
446_446_Hudson_Bay_(1970),routing_scenario,7,Walrus N,catch,8e-05,7.360000000000001e-05,"Freeze completed living P,Q,diet,predation,accumulation,migration. Solve EE for SM; detritus accumulation absorbs routed inflow at fixed predation. No new consumption is assumed.",SM,0.08
446_446_Hudson_Bay_(1970),routing_scenario,6,Bowhead,catch,9e-06,8.28e-06,"Freeze completed living P,Q,diet,predation,accumulation,migration. Solve EE for SM; detritus accumulation absorbs routed inflow at fixed predation. No new consumption is assumed.",SM,0.08
446_446_Hudson_Bay_(1970),routing_scenario,5,Narwhal,catch,3.4e-05,3.128e-05,"Freeze completed living P,Q,diet,predation,accumulation,migration. Solve EE for SM; detritus accumulation absorbs routed inflow at fixed predation. No new consumption is assumed.",SM,0.08
446_446_Hudson_Bay_(1970),routing_scenario,4,Killer Whale,catch,1e-06,9.2e-07,"Freeze completed living P,Q,diet,predation,accumulation,migration. Solve EE for SM; detritus accumulation absorbs routed inflow at fixed predation. No new consumption is assumed.",SM,0.08
446_446_Hudson_Bay_(1970),routing_scenario,3,Polar Bear Foxe,catch,5e-06,4.600000000000001e-06,"Freeze completed living P,Q,diet,predation,accumulation,migration. Solve EE for SM; detritus accumulation absorbs routed inflow at fixed predation. No new consumption is assumed.",SM,0.08
446_446_Hudson_Bay_(1970),routing_scenario,2,SH Polar Bear,catch,2.2e-05,2.024e-05,"Freeze completed living P,Q,diet,predation,accumulation,migration. Solve EE for SM; detritus accumulation absorbs routed inflow at fixed predation. No new consumption is assumed.",SM,0.08
446_446_Hudson_Bay_(1970),routing_scenario,1,Polar Bear WHB,catch,1.5e-05,1.3800000000000002e-05,"Freeze completed living P,Q,diet,predation,accumulation,migration. Solve EE for SM; detritus accumulation absorbs routed inflow at fixed predation. No new consumption is assumed.",SM,0.08
446_446_Hudson_Bay_(1970),routing_scenario,40,Pelagic Detritus,growth,100.09094139097152,100.09103593237654,"Freeze completed living P,Q,diet,predation,accumulation,migration. Solve EE for SM; detritus accumulation absorbs routed inflow at fixed predation. No new consumption is assumed.",SM,0.08
446_446_Hudson_Bay_(1970),routing_scenario,25,Brackish Fish,catch,2.64076e-08,2.4294992e-08,"Freeze completed living P,Q,diet,predation,accumulation,migration. Solve EE for SM; detritus accumulation absorbs routed inflow at fixed predation. No new consumption is assumed.",SE,0.08
446_446_Hudson_Bay_(1970),routing_scenario,24,Other Marine Fish,catch,6.60189e-08,6.0737388e-08,"Freeze completed living P,Q,diet,predation,accumulation,migration. Solve EE for SM; detritus accumulation absorbs routed inflow at fixed predation. No new consumption is assumed.",SE,0.08
446_446_Hudson_Bay_(1970),routing_scenario,22,Sandlance,catch,3.96113e-08,3.6442396000000003e-08,"Freeze completed living P,Q,diet,predation,accumulation,migration. Solve EE for SM; detritus accumulation absorbs routed inflow at fixed predation. No new consumption is assumed.",SE,0.08
446_446_Hudson_Bay_(1970),routing_scenario,21,Capelin,catch,1.32038e-07,1.2147496e-07,"Freeze completed living P,Q,diet,predation,accumulation,migration. Solve EE for SM; detritus accumulation absorbs routed inflow at fixed predation. No new consumption is assumed.",SE,0.08
446_446_Hudson_Bay_(1970),routing_scenario,20,Sculpins/ Zoarcids,catch,2.64076e-07,2.4294992e-07,"Freeze completed living P,Q,diet,predation,accumulation,migration. Solve EE for SM; detritus accumulation absorbs routed inflow at fixed predation. No new consumption is assumed.",SE,0.08
446_446_Hudson_Bay_(1970),routing_scenario,19,Gadiformes,catch,2.64076e-07,2.4294992e-07,"Freeze completed living P,Q,diet,predation,accumulation,migration. Solve EE for SM; detritus accumulation absorbs routed inflow at fixed predation. No new consumption is assumed.",SE,0.08
446_446_Hudson_Bay_(1970),routing_scenario,18,Atlantic Salmon,catch,1.32038e-08,1.2147496e-08,"Freeze completed living P,Q,diet,predation,accumulation,migration. Solve EE for SM; detritus accumulation absorbs routed inflow at fixed predation. No new consumption is assumed.",SE,0.08
446_446_Hudson_Bay_(1970),routing_scenario,17,Arctic Char,catch,4.62132e-07,4.2516144000000007e-07,"Freeze completed living P,Q,diet,predation,accumulation,migration. Solve EE for SM; detritus accumulation absorbs routed inflow at fixed predation. No new consumption is assumed.",SE,0.08
446_446_Hudson_Bay_(1970),routing_scenario,16,Seabirds,catch,0.000325,0.000299,"Freeze completed living P,Q,diet,predation,accumulation,migration. Solve EE for SM; detritus accumulation absorbs routed inflow at fixed predation. No new consumption is assumed.",SE,0.08
446_446_Hudson_Bay_(1970),routing_scenario,15,Beluga James,catch,1.4e-05,1.288e-05,"Freeze completed living P,Q,diet,predation,accumulation,migration. Solve EE for SM; detritus accumulation absorbs routed inflow at fixed predation. No new consumption is assumed.",SE,0.08
446_446_Hudson_Bay_(1970),routing_scenario,14,Beluga W,catch,6.05e-05,5.5660000000000006e-05,"Freeze completed living P,Q,diet,predation,accumulation,migration. Solve EE for SM; detritus accumulation absorbs routed inflow at fixed predation. No new consumption is assumed.",SE,0.08
446_446_Hudson_Bay_(1970),routing_scenario,13,Beluga E,catch,3.3e-05,3.0360000000000004e-05,"Freeze completed living P,Q,diet,predation,accumulation,migration. Solve EE for SM; detritus accumulation absorbs routed inflow at fixed predation. No new consumption is assumed.",SE,0.08
446_446_Hudson_Bay_(1970),routing_scenario,12,Harp seal,catch,1.4e-05,1.288e-05,"Freeze completed living P,Q,diet,predation,accumulation,migration. Solve EE for SM; detritus accumulation absorbs routed inflow at fixed predation. No new consumption is assumed.",SE,0.08
446_446_Hudson_Bay_(1970),routing_scenario,11,Ringed Seal,catch,0.000393,0.00036156000000000003,"Freeze completed living P,Q,diet,predation,accumulation,migration. Solve EE for SM; detritus accumulation absorbs routed inflow at fixed predation. No new consumption is assumed.",SE,0.08
446_446_Hudson_Bay_(1970),routing_scenario,10,Harbour Seal,catch,2e-06,1.84e-06,"Freeze completed living P,Q,diet,predation,accumulation,migration. Solve EE for SM; detritus accumulation absorbs routed inflow at fixed predation. No new consumption is assumed.",SE,0.08
446_446_Hudson_Bay_(1970),routing_scenario,9,Bearded Seal,catch,0.000167,0.00015364,"Freeze completed living P,Q,diet,predation,accumulation,migration. Solve EE for SM; detritus accumulation absorbs routed inflow at fixed predation. No new consumption is assumed.",SE,0.08
446_446_Hudson_Bay_(1970),routing_scenario,8,Walrus S,catch,6e-06,5.5200000000000005e-06,"Freeze completed living P,Q,diet,predation,accumulation,migration. Solve EE for SM; detritus accumulation absorbs routed inflow at fixed predation. No new consumption is assumed.",SE,0.08
446_446_Hudson_Bay_(1970),routing_scenario,7,Walrus N,catch,8e-05,7.360000000000001e-05,"Freeze completed living P,Q,diet,predation,accumulation,migration. Solve EE for SM; detritus accumulation absorbs routed inflow at fixed predation. No new consumption is assumed.",SE,0.08
446_446_Hudson_Bay_(1970),routing_scenario,6,Bowhead,catch,9e-06,8.28e-06,"Freeze completed living P,Q,diet,predation,accumulation,migration. Solve EE for SM; detritus accumulation absorbs routed inflow at fixed predation. No new consumption is assumed.",SE,0.08
446_446_Hudson_Bay_(1970),routing_scenario,5,Narwhal,catch,3.4e-05,3.128e-05,"Freeze completed living P,Q,diet,predation,accumulation,migration. Solve EE for SM; detritus accumulation absorbs routed inflow at fixed predation. No new consumption is assumed.",SE,0.08
446_446_Hudson_Bay_(1970),routing_scenario,4,Killer Whale,catch,1e-06,9.2e-07,"Freeze completed living P,Q,diet,predation,accumulation,migration. Solve EE for SM; detritus accumulation absorbs routed inflow at fixed predation. No new consumption is assumed.",SE,0.08
446_446_Hudson_Bay_(1970),routing_scenario,3,Polar Bear Foxe,catch,5e-06,4.600000000000001e-06,"Freeze completed living P,Q,diet,predation,accumulation,migration. Solve EE for SM; detritus accumulation absorbs routed inflow at fixed predation. No new consumption is assumed.",SE,0.08
446_446_Hudson_Bay_(1970),routing_scenario,2,SH Polar Bear,catch,2.2e-05,2.024e-05,"Freeze completed living P,Q,diet,predation,accumulation,migration. Solve EE for SM; detritus accumulation absorbs routed inflow at fixed predation. No new consumption is assumed.",SE,0.08
446_446_Hudson_Bay_(1970),routing_scenario,1,Polar Bear WHB,catch,1.5e-05,1.3800000000000002e-05,"Freeze completed living P,Q,diet,predation,accumulation,migration. Solve EE for SM; detritus accumulation absorbs routed inflow at fixed predation. No new consumption is assumed.",SE,0.08
446_446_Hudson_Bay_(1970),routing_scenario,25,Brackish Fish,external_loss,0.0,2.112608e-09,"Freeze completed living P,Q,diet,predation,accumulation,migration. Solve EE for SM; detritus accumulation absorbs routed inflow at fixed predation. No new consumption is assumed.",SE,0.08
446_446_Hudson_Bay_(1970),routing_scenario,24,Other Marine Fish,external_loss,0.0,5.281512e-09,"Freeze completed living P,Q,diet,predation,accumulation,migration. Solve EE for SM; detritus accumulation absorbs routed inflow at fixed predation. No new consumption is assumed.",SE,0.08
446_446_Hudson_Bay_(1970),routing_scenario,22,Sandlance,external_loss,0.0,3.168904e-09,"Freeze completed living P,Q,diet,predation,accumulation,migration. Solve EE for SM; detritus accumulation absorbs routed inflow at fixed predation. No new consumption is assumed.",SE,0.08
446_446_Hudson_Bay_(1970),routing_scenario,21,Capelin,external_loss,0.0,1.0563040000000001e-08,"Freeze completed living P,Q,diet,predation,accumulation,migration. Solve EE for SM; detritus accumulation absorbs routed inflow at fixed predation. No new consumption is assumed.",SE,0.08
446_446_Hudson_Bay_(1970),routing_scenario,20,Sculpins/ Zoarcids,external_loss,0.0,2.1126080000000002e-08,"Freeze completed living P,Q,diet,predation,accumulation,migration. Solve EE for SM; detritus accumulation absorbs routed inflow at fixed predation. No new consumption is assumed.",SE,0.08
446_446_Hudson_Bay_(1970),routing_scenario,19,Gadiformes,external_loss,0.0,2.1126080000000002e-08,"Freeze completed living P,Q,diet,predation,accumulation,migration. Solve EE for SM; detritus accumulation absorbs routed inflow at fixed predation. No new consumption is assumed.",SE,0.08
446_446_Hudson_Bay_(1970),routing_scenario,18,Atlantic Salmon,external_loss,0.0,1.056304e-09,"Freeze completed living P,Q,diet,predation,accumulation,migration. Solve EE for SM; detritus accumulation absorbs routed inflow at fixed predation. No new consumption is assumed.",SE,0.08
446_446_Hudson_Bay_(1970),routing_scenario,17,Arctic Char,external_loss,0.0,3.6970560000000006e-08,"Freeze completed living P,Q,diet,predation,accumulation,migration. Solve EE for SM; detritus accumulation absorbs routed inflow at fixed predation. No new consumption is assumed.",SE,0.08
446_446_Hudson_Bay_(1970),routing_scenario,16,Seabirds,external_loss,0.0,2.6e-05,"Freeze completed living P,Q,diet,predation,accumulation,migration. Solve EE for SM; detritus accumulation absorbs routed inflow at fixed predation. No new consumption is assumed.",SE,0.08
446_446_Hudson_Bay_(1970),routing_scenario,15,Beluga James,external_loss,0.0,1.12e-06,"Freeze completed living P,Q,diet,predation,accumulation,migration. Solve EE for SM; detritus accumulation absorbs routed inflow at fixed predation. No new consumption is assumed.",SE,0.08
446_446_Hudson_Bay_(1970),routing_scenario,14,Beluga W,external_loss,0.0,4.84e-06,"Freeze completed living P,Q,diet,predation,accumulation,migration. Solve EE for SM; detritus accumulation absorbs routed inflow at fixed predation. No new consumption is assumed.",SE,0.08
446_446_Hudson_Bay_(1970),routing_scenario,13,Beluga E,external_loss,0.0,2.64e-06,"Freeze completed living P,Q,diet,predation,accumulation,migration. Solve EE for SM; detritus accumulation absorbs routed inflow at fixed predation. No new consumption is assumed.",SE,0.08
446_446_Hudson_Bay_(1970),routing_scenario,12,Harp seal,external_loss,0.0,1.12e-06,"Freeze completed living P,Q,diet,predation,accumulation,migration. Solve EE for SM; detritus accumulation absorbs routed inflow at fixed predation. No new consumption is assumed.",SE,0.08
446_446_Hudson_Bay_(1970),routing_scenario,11,Ringed Seal,external_loss,0.0,3.1440000000000004e-05,"Freeze completed living P,Q,diet,predation,accumulation,migration. Solve EE for SM; detritus accumulation absorbs routed inflow at fixed predation. No new consumption is assumed.",SE,0.08
446_446_Hudson_Bay_(1970),routing_scenario,10,Harbour Seal,external_loss,0.0,1.6e-07,"Freeze completed living P,Q,diet,predation,accumulation,migration. Solve EE for SM; detritus accumulation absorbs routed inflow at fixed predation. No new consumption is assumed.",SE,0.08
446_446_Hudson_Bay_(1970),routing_scenario,9,Bearded Seal,external_loss,0.0,1.3359999999999999e-05,"Freeze completed living P,Q,diet,predation,accumulation,migration. Solve EE for SM; detritus accumulation absorbs routed inflow at fixed predation. No new consumption is assumed.",SE,0.08
446_446_Hudson_Bay_(1970),routing_scenario,8,Walrus S,external_loss,0.0,4.800000000000001e-07,"Freeze completed living P,Q,diet,predation,accumulation,migration. Solve EE for SM; detritus accumulation absorbs routed inflow at fixed predation. No new consumption is assumed.",SE,0.08
446_446_Hudson_Bay_(1970),routing_scenario,7,Walrus N,external_loss,0.0,6.4000000000000006e-06,"Freeze completed living P,Q,diet,predation,accumulation,migration. Solve EE for SM; detritus accumulation absorbs routed inflow at fixed predation. No new consumption is assumed.",SE,0.08
446_446_Hudson_Bay_(1970),routing_scenario,6,Bowhead,external_loss,0.0,7.2e-07,"Freeze completed living P,Q,diet,predation,accumulation,migration. Solve EE for SM; detritus accumulation absorbs routed inflow at fixed predation. No new consumption is assumed.",SE,0.08
446_446_Hudson_Bay_(1970),routing_scenario,5,Narwhal,external_loss,0.0,2.7200000000000002e-06,"Freeze completed living P,Q,diet,predation,accumulation,migration. Solve EE for SM; detritus accumulation absorbs routed inflow at fixed predation. No new consumption is assumed.",SE,0.08
446_446_Hudson_Bay_(1970),routing_scenario,4,Killer Whale,external_loss,0.0,8e-08,"Freeze completed living P,Q,diet,predation,accumulation,migration. Solve EE for SM; detritus accumulation absorbs routed inflow at fixed predation. No new consumption is assumed.",SE,0.08
446_446_Hudson_Bay_(1970),routing_scenario,3,Polar Bear Foxe,external_loss,0.0,4.0000000000000003e-07,"Freeze completed living P,Q,diet,predation,accumulation,migration. Solve EE for SM; detritus accumulation absorbs routed inflow at fixed predation. No new consumption is assumed.",SE,0.08
446_446_Hudson_Bay_(1970),routing_scenario,2,SH Polar Bear,external_loss,0.0,1.76e-06,"Freeze completed living P,Q,diet,predation,accumulation,migration. Solve EE for SM; detritus accumulation absorbs routed inflow at fixed predation. No new consumption is assumed.",SE,0.08
446_446_Hudson_Bay_(1970),routing_scenario,1,Polar Bear WHB,external_loss,0.0,1.2000000000000002e-06,"Freeze completed living P,Q,diet,predation,accumulation,migration. Solve EE for SM; detritus accumulation absorbs routed inflow at fixed predation. No new consumption is assumed.",SE,0.08
446_446_Hudson_Bay_(1970),routing_scenario,40,Pelagic Detritus,p,128.24910803428477,128.24921439336546,"Freeze completed living P,Q,diet,predation,accumulation,migration. Solve EE for SM; detritus accumulation absorbs routed inflow at fixed predation. No new consumption is assumed.",SM,0.09
446_446_Hudson_Bay_(1970),routing_scenario,40,Pelagic Detritus,q,128.24910803428477,128.24921439336546,"Freeze completed living P,Q,diet,predation,accumulation,migration. Solve EE for SM; detritus accumulation absorbs routed inflow at fixed predation. No new consumption is assumed.",SM,0.09
446_446_Hudson_Bay_(1970),routing_scenario,25,Brackish Fish,M0,0.0025425355725000025,0.0025425379491840028,"Freeze completed living P,Q,diet,predation,accumulation,migration. Solve EE for SM; detritus accumulation absorbs routed inflow at fixed predation. No new consumption is assumed.",SM,0.09
446_446_Hudson_Bay_(1970),routing_scenario,24,Other Marine Fish,M0,0.011930946740000012,0.011930952681701011,"Freeze completed living P,Q,diet,predation,accumulation,migration. Solve EE for SM; detritus accumulation absorbs routed inflow at fixed predation. No new consumption is assumed.",SM,0.09
446_446_Hudson_Bay_(1970),routing_scenario,22,Sandlance,M0,0.021766202280000018,0.02176620584501702,"Freeze completed living P,Q,diet,predation,accumulation,migration. Solve EE for SM; detritus accumulation absorbs routed inflow at fixed predation. No new consumption is assumed.",SM,0.09
446_446_Hudson_Bay_(1970),routing_scenario,21,Capelin,M0,0.025841266500000022,0.025841278383420024,"Freeze completed living P,Q,diet,predation,accumulation,migration. Solve EE for SM; detritus accumulation absorbs routed inflow at fixed predation. No new consumption is assumed.",SM,0.09
446_446_Hudson_Bay_(1970),routing_scenario,20,Sculpins/ Zoarcids,M0,0.008667478715000008,0.008667502481840008,"Freeze completed living P,Q,diet,predation,accumulation,migration. Solve EE for SM; detritus accumulation absorbs routed inflow at fixed predation. No new consumption is assumed.",SM,0.09
446_446_Hudson_Bay_(1970),routing_scenario,19,Gadiformes,M0,0.016022631350000014,0.016022655116840014,"Freeze completed living P,Q,diet,predation,accumulation,migration. Solve EE for SM; detritus accumulation absorbs routed inflow at fixed predation. No new consumption is assumed.",SM,0.09
446_446_Hudson_Bay_(1970),routing_scenario,18,Atlantic Salmon,M0,0.0013343262400000013,0.0013343274283420014,"Freeze completed living P,Q,diet,predation,accumulation,migration. Solve EE for SM; detritus accumulation absorbs routed inflow at fixed predation. No new consumption is assumed.",SM,0.09
446_446_Hudson_Bay_(1970),routing_scenario,17,Arctic Char,M0,0.0017951153200000017,0.0017951569118800016,"Freeze completed living P,Q,diet,predation,accumulation,migration. Solve EE for SM; detritus accumulation absorbs routed inflow at fixed predation. No new consumption is assumed.",SM,0.09
446_446_Hudson_Bay_(1970),routing_scenario,16,Seabirds,M0,0.021714263038000003,0.021743513038000005,"Freeze completed living P,Q,diet,predation,accumulation,migration. Solve EE for SM; detritus accumulation absorbs routed inflow at fixed predation. No new consumption is assumed.",SM,0.09
446_446_Hudson_Bay_(1970),routing_scenario,15,Beluga James,M0,5.5673137044634417e-05,5.6933137044634415e-05,"Freeze completed living P,Q,diet,predation,accumulation,migration. Solve EE for SM; detritus accumulation absorbs routed inflow at fixed predation. No new consumption is assumed.",SM,0.09
446_446_Hudson_Bay_(1970),routing_scenario,14,Beluga W,M0,0.0013602991127677291,0.001365744112767729,"Freeze completed living P,Q,diet,predation,accumulation,migration. Solve EE for SM; detritus accumulation absorbs routed inflow at fixed predation. No new consumption is assumed.",SM,0.09
446_446_Hudson_Bay_(1970),routing_scenario,13,Beluga E,M0,9.807396405385151e-05,0.00010104396405385151,"Freeze completed living P,Q,diet,predation,accumulation,migration. Solve EE for SM; detritus accumulation absorbs routed inflow at fixed predation. No new consumption is assumed.",SM,0.09
446_446_Hudson_Bay_(1970),routing_scenario,12,Harp seal,M0,3.9123524670240005e-05,4.038352467024e-05,"Freeze completed living P,Q,diet,predation,accumulation,migration. Solve EE for SM; detritus accumulation absorbs routed inflow at fixed predation. No new consumption is assumed.",SM,0.09
446_446_Hudson_Bay_(1970),routing_scenario,11,Ringed Seal,M0,0.004359851707524983,0.0043952217075249825,"Freeze completed living P,Q,diet,predation,accumulation,migration. Solve EE for SM; detritus accumulation absorbs routed inflow at fixed predation. No new consumption is assumed.",SM,0.09
446_446_Hudson_Bay_(1970),routing_scenario,10,Harbour Seal,M0,0.00012099825122750879,0.00012117825122750879,"Freeze completed living P,Q,diet,predation,accumulation,migration. Solve EE for SM; detritus accumulation absorbs routed inflow at fixed predation. No new consumption is assumed.",SM,0.09
446_446_Hudson_Bay_(1970),routing_scenario,9,Bearded Seal,M0,0.00013606373638765757,0.00015109373638765757,"Freeze completed living P,Q,diet,predation,accumulation,migration. Solve EE for SM; detritus accumulation absorbs routed inflow at fixed predation. No new consumption is assumed.",SM,0.09
446_446_Hudson_Bay_(1970),routing_scenario,8,Walrus S,M0,8.217029462185597e-05,8.271029462185598e-05,"Freeze completed living P,Q,diet,predation,accumulation,migration. Solve EE for SM; detritus accumulation absorbs routed inflow at fixed predation. No new consumption is assumed.",SM,0.09
446_446_Hudson_Bay_(1970),routing_scenario,7,Walrus N,M0,0.0003819925835737691,0.0003891925835737691,"Freeze completed living P,Q,diet,predation,accumulation,migration. Solve EE for SM; detritus accumulation absorbs routed inflow at fixed predation. No new consumption is assumed.",SM,0.09
446_446_Hudson_Bay_(1970),routing_scenario,6,Bowhead,M0,0.00021741439634646387,0.00021822439634646386,"Freeze completed living P,Q,diet,predation,accumulation,migration. Solve EE for SM; detritus accumulation absorbs routed inflow at fixed predation. No new consumption is assumed.",SM,0.09
446_446_Hudson_Bay_(1970),routing_scenario,5,Narwhal,M0,0.00011868823016079942,0.00012174823016079942,"Freeze completed living P,Q,diet,predation,accumulation,migration. Solve EE for SM; detritus accumulation absorbs routed inflow at fixed predation. No new consumption is assumed.",SM,0.09
446_446_Hudson_Bay_(1970),routing_scenario,4,Killer Whale,M0,2.76981004599574e-06,2.8598100459957398e-06,"Freeze completed living P,Q,diet,predation,accumulation,migration. Solve EE for SM; detritus accumulation absorbs routed inflow at fixed predation. No new consumption is assumed.",SM,0.09
446_446_Hudson_Bay_(1970),routing_scenario,3,Polar Bear Foxe,M0,1.611317803944726e-05,1.656317803944726e-05,"Freeze completed living P,Q,diet,predation,accumulation,migration. Solve EE for SM; detritus accumulation absorbs routed inflow at fixed predation. No new consumption is assumed.",SM,0.09
446_446_Hudson_Bay_(1970),routing_scenario,2,SH Polar Bear,M0,2.9258219105026142e-05,3.123821910502614e-05,"Freeze completed living P,Q,diet,predation,accumulation,migration. Solve EE for SM; detritus accumulation absorbs routed inflow at fixed predation. No new consumption is assumed.",SM,0.09
446_446_Hudson_Bay_(1970),routing_scenario,1,Polar Bear WHB,M0,3.4803496340686466e-05,3.6153496340686465e-05,"Freeze completed living P,Q,diet,predation,accumulation,migration. Solve EE for SM; detritus accumulation absorbs routed inflow at fixed predation. No new consumption is assumed.",SM,0.09
446_446_Hudson_Bay_(1970),routing_scenario,25,Brackish Fish,EE,0.95,0.9499999532615389,"Freeze completed living P,Q,diet,predation,accumulation,migration. Solve EE for SM; detritus accumulation absorbs routed inflow at fixed predation. No new consumption is assumed.",SM,0.09
446_446_Hudson_Bay_(1970),routing_scenario,24,Other Marine Fish,EE,0.95,0.9499999750996247,"Freeze completed living P,Q,diet,predation,accumulation,migration. Solve EE for SM; detritus accumulation absorbs routed inflow at fixed predation. No new consumption is assumed.",SM,0.09
446_446_Hudson_Bay_(1970),routing_scenario,22,Sandlance,EE,0.95,0.9499999918106591,"Freeze completed living P,Q,diet,predation,accumulation,migration. Solve EE for SM; detritus accumulation absorbs routed inflow at fixed predation. No new consumption is assumed.",SM,0.09
446_446_Hudson_Bay_(1970),routing_scenario,21,Capelin,EE,0.95,0.9499999770068932,"Freeze completed living P,Q,diet,predation,accumulation,migration. Solve EE for SM; detritus accumulation absorbs routed inflow at fixed predation. No new consumption is assumed.",SM,0.09
446_446_Hudson_Bay_(1970),routing_scenario,20,Sculpins/ Zoarcids,EE,0.95,0.9499998628964617,"Freeze completed living P,Q,diet,predation,accumulation,migration. Solve EE for SM; detritus accumulation absorbs routed inflow at fixed predation. No new consumption is assumed.",SM,0.09
446_446_Hudson_Bay_(1970),routing_scenario,19,Gadiformes,EE,0.95,0.9499999258335304,"Freeze completed living P,Q,diet,predation,accumulation,migration. Solve EE for SM; detritus accumulation absorbs routed inflow at fixed predation. No new consumption is assumed.",SM,0.09
446_446_Hudson_Bay_(1970),routing_scenario,18,Atlantic Salmon,EE,0.95,0.9499999554703353,"Freeze completed living P,Q,diet,predation,accumulation,migration. Solve EE for SM; detritus accumulation absorbs routed inflow at fixed predation. No new consumption is assumed.",SM,0.09
446_446_Hudson_Bay_(1970),routing_scenario,17,Arctic Char,EE,0.95,0.9499988415262368,"Freeze completed living P,Q,diet,predation,accumulation,migration. Solve EE for SM; detritus accumulation absorbs routed inflow at fixed predation. No new consumption is assumed.",SM,0.09
446_446_Hudson_Bay_(1970),routing_scenario,16,Seabirds,EE,0.09712003999999996,0.0959038237837837,"Freeze completed living P,Q,diet,predation,accumulation,migration. Solve EE for SM; detritus accumulation absorbs routed inflow at fixed predation. No new consumption is assumed.",SM,0.09
446_446_Hudson_Bay_(1970),routing_scenario,15,Beluga James,EE,0.5643347,0.5544746794022761,"Freeze completed living P,Q,diet,predation,accumulation,migration. Solve EE for SM; detritus accumulation absorbs routed inflow at fixed predation. No new consumption is assumed.",SM,0.09
446_446_Hudson_Bay_(1970),routing_scenario,14,Beluga W,EE,0.13272054499999997,0.1292490021693451,"Freeze completed living P,Q,diet,predation,accumulation,migration. Solve EE for SM; detritus accumulation absorbs routed inflow at fixed predation. No new consumption is assumed.",SM,0.09
446_446_Hudson_Bay_(1970),routing_scenario,13,Beluga E,EE,0.28052579999999994,0.2587377709892965,"Freeze completed living P,Q,diet,predation,accumulation,migration. Solve EE for SM; detritus accumulation absorbs routed inflow at fixed predation. No new consumption is assumed.",SM,0.09
446_446_Hudson_Bay_(1970),routing_scenario,12,Harp seal,EE,0.6883504,0.6783135104480038,"Freeze completed living P,Q,diet,predation,accumulation,migration. Solve EE for SM; detritus accumulation absorbs routed inflow at fixed predation. No new consumption is assumed.",SM,0.09
446_446_Hudson_Bay_(1970),routing_scenario,11,Ringed Seal,EE,0.412556618,0.4077908888387356,"Freeze completed living P,Q,diet,predation,accumulation,migration. Solve EE for SM; detritus accumulation absorbs routed inflow at fixed predation. No new consumption is assumed.",SM,0.09
446_446_Hudson_Bay_(1970),routing_scenario,10,Harbour Seal,EE,0.07364795999999996,0.07226989572627363,"Freeze completed living P,Q,diet,predation,accumulation,migration. Solve EE for SM; detritus accumulation absorbs routed inflow at fixed predation. No new consumption is assumed.",SM,0.09
446_446_Hudson_Bay_(1970),routing_scenario,9,Bearded Seal,EE,0.791283369,0.7682279168478381,"Freeze completed living P,Q,diet,predation,accumulation,migration. Solve EE for SM; detritus accumulation absorbs routed inflow at fixed predation. No new consumption is assumed.",SM,0.09
446_446_Hudson_Bay_(1970),routing_scenario,8,Walrus S,EE,0.143246785,0.13761644451954913,"Freeze completed living P,Q,diet,predation,accumulation,migration. Solve EE for SM; detritus accumulation absorbs routed inflow at fixed predation. No new consumption is assumed.",SM,0.09
446_446_Hudson_Bay_(1970),routing_scenario,7,Walrus N,EE,0.18816389099999997,0.1728619709205197,"Freeze completed living P,Q,diet,predation,accumulation,migration. Solve EE for SM; detritus accumulation absorbs routed inflow at fixed predation. No new consumption is assumed.",SM,0.09
446_446_Hudson_Bay_(1970),routing_scenario,6,Bowhead,EE,0.052819170000000026,0.049290349070049366,"Freeze completed living P,Q,diet,predation,accumulation,migration. Solve EE for SM; detritus accumulation absorbs routed inflow at fixed predation. No new consumption is assumed.",SM,0.09
446_446_Hudson_Bay_(1970),routing_scenario,5,Narwhal,EE,0.2706202,0.2518154525960139,"Freeze completed living P,Q,diet,predation,accumulation,migration. Solve EE for SM; detritus accumulation absorbs routed inflow at fixed predation. No new consumption is assumed.",SM,0.09
446_446_Hudson_Bay_(1970),routing_scenario,4,Killer Whale,EE,0.26526534600000007,0.24139146376190324,"Freeze completed living P,Q,diet,predation,accumulation,migration. Solve EE for SM; detritus accumulation absorbs routed inflow at fixed predation. No new consumption is assumed.",SM,0.09
446_446_Hudson_Bay_(1970),routing_scenario,3,Polar Bear Foxe,EE,0.3027038569999999,0.2832301527076613,"Freeze completed living P,Q,diet,predation,accumulation,migration. Solve EE for SM; detritus accumulation absorbs routed inflow at fixed predation. No new consumption is assumed.",SM,0.09
446_446_Hudson_Bay_(1970),routing_scenario,2,SH Polar Bear,EE,0.5060891,0.47266452352494026,"Freeze completed living P,Q,diet,predation,accumulation,migration. Solve EE for SM; detritus accumulation absorbs routed inflow at fixed predation. No new consumption is assumed.",SM,0.09
446_446_Hudson_Bay_(1970),routing_scenario,1,Polar Bear WHB,EE,0.4138758,0.39114050748069695,"Freeze completed living P,Q,diet,predation,accumulation,migration. Solve EE for SM; detritus accumulation absorbs routed inflow at fixed predation. No new consumption is assumed.",SM,0.09
446_446_Hudson_Bay_(1970),routing_scenario,25,Brackish Fish,catch,2.64076e-08,2.4030915999999998e-08,"Freeze completed living P,Q,diet,predation,accumulation,migration. Solve EE for SM; detritus accumulation absorbs routed inflow at fixed predation. No new consumption is assumed.",SM,0.09
446_446_Hudson_Bay_(1970),routing_scenario,24,Other Marine Fish,catch,6.60189e-08,6.0077199e-08,"Freeze completed living P,Q,diet,predation,accumulation,migration. Solve EE for SM; detritus accumulation absorbs routed inflow at fixed predation. No new consumption is assumed.",SM,0.09
446_446_Hudson_Bay_(1970),routing_scenario,22,Sandlance,catch,3.96113e-08,3.6046283e-08,"Freeze completed living P,Q,diet,predation,accumulation,migration. Solve EE for SM; detritus accumulation absorbs routed inflow at fixed predation. No new consumption is assumed.",SM,0.09
446_446_Hudson_Bay_(1970),routing_scenario,21,Capelin,catch,1.32038e-07,1.2015458000000002e-07,"Freeze completed living P,Q,diet,predation,accumulation,migration. Solve EE for SM; detritus accumulation absorbs routed inflow at fixed predation. No new consumption is assumed.",SM,0.09
446_446_Hudson_Bay_(1970),routing_scenario,20,Sculpins/ Zoarcids,catch,2.64076e-07,2.4030916000000004e-07,"Freeze completed living P,Q,diet,predation,accumulation,migration. Solve EE for SM; detritus accumulation absorbs routed inflow at fixed predation. No new consumption is assumed.",SM,0.09
446_446_Hudson_Bay_(1970),routing_scenario,19,Gadiformes,catch,2.64076e-07,2.4030916000000004e-07,"Freeze completed living P,Q,diet,predation,accumulation,migration. Solve EE for SM; detritus accumulation absorbs routed inflow at fixed predation. No new consumption is assumed.",SM,0.09
446_446_Hudson_Bay_(1970),routing_scenario,18,Atlantic Salmon,catch,1.32038e-08,1.2015457999999999e-08,"Freeze completed living P,Q,diet,predation,accumulation,migration. Solve EE for SM; detritus accumulation absorbs routed inflow at fixed predation. No new consumption is assumed.",SM,0.09
446_446_Hudson_Bay_(1970),routing_scenario,17,Arctic Char,catch,4.62132e-07,4.2054012000000004e-07,"Freeze completed living P,Q,diet,predation,accumulation,migration. Solve EE for SM; detritus accumulation absorbs routed inflow at fixed predation. No new consumption is assumed.",SM,0.09
446_446_Hudson_Bay_(1970),routing_scenario,16,Seabirds,catch,0.000325,0.00029575,"Freeze completed living P,Q,diet,predation,accumulation,migration. Solve EE for SM; detritus accumulation absorbs routed inflow at fixed predation. No new consumption is assumed.",SM,0.09
446_446_Hudson_Bay_(1970),routing_scenario,15,Beluga James,catch,1.4e-05,1.274e-05,"Freeze completed living P,Q,diet,predation,accumulation,migration. Solve EE for SM; detritus accumulation absorbs routed inflow at fixed predation. No new consumption is assumed.",SM,0.09
446_446_Hudson_Bay_(1970),routing_scenario,14,Beluga W,catch,6.05e-05,5.5055e-05,"Freeze completed living P,Q,diet,predation,accumulation,migration. Solve EE for SM; detritus accumulation absorbs routed inflow at fixed predation. No new consumption is assumed.",SM,0.09
446_446_Hudson_Bay_(1970),routing_scenario,13,Beluga E,catch,3.3e-05,3.0030000000000002e-05,"Freeze completed living P,Q,diet,predation,accumulation,migration. Solve EE for SM; detritus accumulation absorbs routed inflow at fixed predation. No new consumption is assumed.",SM,0.09
446_446_Hudson_Bay_(1970),routing_scenario,12,Harp seal,catch,1.4e-05,1.274e-05,"Freeze completed living P,Q,diet,predation,accumulation,migration. Solve EE for SM; detritus accumulation absorbs routed inflow at fixed predation. No new consumption is assumed.",SM,0.09
446_446_Hudson_Bay_(1970),routing_scenario,11,Ringed Seal,catch,0.000393,0.00035763,"Freeze completed living P,Q,diet,predation,accumulation,migration. Solve EE for SM; detritus accumulation absorbs routed inflow at fixed predation. No new consumption is assumed.",SM,0.09
446_446_Hudson_Bay_(1970),routing_scenario,10,Harbour Seal,catch,2e-06,1.82e-06,"Freeze completed living P,Q,diet,predation,accumulation,migration. Solve EE for SM; detritus accumulation absorbs routed inflow at fixed predation. No new consumption is assumed.",SM,0.09
446_446_Hudson_Bay_(1970),routing_scenario,9,Bearded Seal,catch,0.000167,0.00015197,"Freeze completed living P,Q,diet,predation,accumulation,migration. Solve EE for SM; detritus accumulation absorbs routed inflow at fixed predation. No new consumption is assumed.",SM,0.09
446_446_Hudson_Bay_(1970),routing_scenario,8,Walrus S,catch,6e-06,5.46e-06,"Freeze completed living P,Q,diet,predation,accumulation,migration. Solve EE for SM; detritus accumulation absorbs routed inflow at fixed predation. No new consumption is assumed.",SM,0.09
446_446_Hudson_Bay_(1970),routing_scenario,7,Walrus N,catch,8e-05,7.280000000000001e-05,"Freeze completed living P,Q,diet,predation,accumulation,migration. Solve EE for SM; detritus accumulation absorbs routed inflow at fixed predation. No new consumption is assumed.",SM,0.09
446_446_Hudson_Bay_(1970),routing_scenario,6,Bowhead,catch,9e-06,8.190000000000001e-06,"Freeze completed living P,Q,diet,predation,accumulation,migration. Solve EE for SM; detritus accumulation absorbs routed inflow at fixed predation. No new consumption is assumed.",SM,0.09
446_446_Hudson_Bay_(1970),routing_scenario,5,Narwhal,catch,3.4e-05,3.094e-05,"Freeze completed living P,Q,diet,predation,accumulation,migration. Solve EE for SM; detritus accumulation absorbs routed inflow at fixed predation. No new consumption is assumed.",SM,0.09
446_446_Hudson_Bay_(1970),routing_scenario,4,Killer Whale,catch,1e-06,9.1e-07,"Freeze completed living P,Q,diet,predation,accumulation,migration. Solve EE for SM; detritus accumulation absorbs routed inflow at fixed predation. No new consumption is assumed.",SM,0.09
446_446_Hudson_Bay_(1970),routing_scenario,3,Polar Bear Foxe,catch,5e-06,4.5500000000000005e-06,"Freeze completed living P,Q,diet,predation,accumulation,migration. Solve EE for SM; detritus accumulation absorbs routed inflow at fixed predation. No new consumption is assumed.",SM,0.09
446_446_Hudson_Bay_(1970),routing_scenario,2,SH Polar Bear,catch,2.2e-05,2.002e-05,"Freeze completed living P,Q,diet,predation,accumulation,migration. Solve EE for SM; detritus accumulation absorbs routed inflow at fixed predation. No new consumption is assumed.",SM,0.09
446_446_Hudson_Bay_(1970),routing_scenario,1,Polar Bear WHB,catch,1.5e-05,1.3650000000000001e-05,"Freeze completed living P,Q,diet,predation,accumulation,migration. Solve EE for SM; detritus accumulation absorbs routed inflow at fixed predation. No new consumption is assumed.",SM,0.09
446_446_Hudson_Bay_(1970),routing_scenario,40,Pelagic Detritus,growth,100.09094139097152,100.09104775005221,"Freeze completed living P,Q,diet,predation,accumulation,migration. Solve EE for SM; detritus accumulation absorbs routed inflow at fixed predation. No new consumption is assumed.",SM,0.09
446_446_Hudson_Bay_(1970),routing_scenario,25,Brackish Fish,catch,2.64076e-08,2.4030915999999998e-08,"Freeze completed living P,Q,diet,predation,accumulation,migration. Solve EE for SM; detritus accumulation absorbs routed inflow at fixed predation. No new consumption is assumed.",SE,0.09
446_446_Hudson_Bay_(1970),routing_scenario,24,Other Marine Fish,catch,6.60189e-08,6.0077199e-08,"Freeze completed living P,Q,diet,predation,accumulation,migration. Solve EE for SM; detritus accumulation absorbs routed inflow at fixed predation. No new consumption is assumed.",SE,0.09
446_446_Hudson_Bay_(1970),routing_scenario,22,Sandlance,catch,3.96113e-08,3.6046283e-08,"Freeze completed living P,Q,diet,predation,accumulation,migration. Solve EE for SM; detritus accumulation absorbs routed inflow at fixed predation. No new consumption is assumed.",SE,0.09
446_446_Hudson_Bay_(1970),routing_scenario,21,Capelin,catch,1.32038e-07,1.2015458000000002e-07,"Freeze completed living P,Q,diet,predation,accumulation,migration. Solve EE for SM; detritus accumulation absorbs routed inflow at fixed predation. No new consumption is assumed.",SE,0.09
446_446_Hudson_Bay_(1970),routing_scenario,20,Sculpins/ Zoarcids,catch,2.64076e-07,2.4030916000000004e-07,"Freeze completed living P,Q,diet,predation,accumulation,migration. Solve EE for SM; detritus accumulation absorbs routed inflow at fixed predation. No new consumption is assumed.",SE,0.09
446_446_Hudson_Bay_(1970),routing_scenario,19,Gadiformes,catch,2.64076e-07,2.4030916000000004e-07,"Freeze completed living P,Q,diet,predation,accumulation,migration. Solve EE for SM; detritus accumulation absorbs routed inflow at fixed predation. No new consumption is assumed.",SE,0.09
446_446_Hudson_Bay_(1970),routing_scenario,18,Atlantic Salmon,catch,1.32038e-08,1.2015457999999999e-08,"Freeze completed living P,Q,diet,predation,accumulation,migration. Solve EE for SM; detritus accumulation absorbs routed inflow at fixed predation. No new consumption is assumed.",SE,0.09
446_446_Hudson_Bay_(1970),routing_scenario,17,Arctic Char,catch,4.62132e-07,4.2054012000000004e-07,"Freeze completed living P,Q,diet,predation,accumulation,migration. Solve EE for SM; detritus accumulation absorbs routed inflow at fixed predation. No new consumption is assumed.",SE,0.09
446_446_Hudson_Bay_(1970),routing_scenario,16,Seabirds,catch,0.000325,0.00029575,"Freeze completed living P,Q,diet,predation,accumulation,migration. Solve EE for SM; detritus accumulation absorbs routed inflow at fixed predation. No new consumption is assumed.",SE,0.09
446_446_Hudson_Bay_(1970),routing_scenario,15,Beluga James,catch,1.4e-05,1.274e-05,"Freeze completed living P,Q,diet,predation,accumulation,migration. Solve EE for SM; detritus accumulation absorbs routed inflow at fixed predation. No new consumption is assumed.",SE,0.09
446_446_Hudson_Bay_(1970),routing_scenario,14,Beluga W,catch,6.05e-05,5.5055e-05,"Freeze completed living P,Q,diet,predation,accumulation,migration. Solve EE for SM; detritus accumulation absorbs routed inflow at fixed predation. No new consumption is assumed.",SE,0.09
446_446_Hudson_Bay_(1970),routing_scenario,13,Beluga E,catch,3.3e-05,3.0030000000000002e-05,"Freeze completed living P,Q,diet,predation,accumulation,migration. Solve EE for SM; detritus accumulation absorbs routed inflow at fixed predation. No new consumption is assumed.",SE,0.09
446_446_Hudson_Bay_(1970),routing_scenario,12,Harp seal,catch,1.4e-05,1.274e-05,"Freeze completed living P,Q,diet,predation,accumulation,migration. Solve EE for SM; detritus accumulation absorbs routed inflow at fixed predation. No new consumption is assumed.",SE,0.09
446_446_Hudson_Bay_(1970),routing_scenario,11,Ringed Seal,catch,0.000393,0.00035763,"Freeze completed living P,Q,diet,predation,accumulation,migration. Solve EE for SM; detritus accumulation absorbs routed inflow at fixed predation. No new consumption is assumed.",SE,0.09
446_446_Hudson_Bay_(1970),routing_scenario,10,Harbour Seal,catch,2e-06,1.82e-06,"Freeze completed living P,Q,diet,predation,accumulation,migration. Solve EE for SM; detritus accumulation absorbs routed inflow at fixed predation. No new consumption is assumed.",SE,0.09
446_446_Hudson_Bay_(1970),routing_scenario,9,Bearded Seal,catch,0.000167,0.00015197,"Freeze completed living P,Q,diet,predation,accumulation,migration. Solve EE for SM; detritus accumulation absorbs routed inflow at fixed predation. No new consumption is assumed.",SE,0.09
446_446_Hudson_Bay_(1970),routing_scenario,8,Walrus S,catch,6e-06,5.46e-06,"Freeze completed living P,Q,diet,predation,accumulation,migration. Solve EE for SM; detritus accumulation absorbs routed inflow at fixed predation. No new consumption is assumed.",SE,0.09
446_446_Hudson_Bay_(1970),routing_scenario,7,Walrus N,catch,8e-05,7.280000000000001e-05,"Freeze completed living P,Q,diet,predation,accumulation,migration. Solve EE for SM; detritus accumulation absorbs routed inflow at fixed predation. No new consumption is assumed.",SE,0.09
446_446_Hudson_Bay_(1970),routing_scenario,6,Bowhead,catch,9e-06,8.190000000000001e-06,"Freeze completed living P,Q,diet,predation,accumulation,migration. Solve EE for SM; detritus accumulation absorbs routed inflow at fixed predation. No new consumption is assumed.",SE,0.09
446_446_Hudson_Bay_(1970),routing_scenario,5,Narwhal,catch,3.4e-05,3.094e-05,"Freeze completed living P,Q,diet,predation,accumulation,migration. Solve EE for SM; detritus accumulation absorbs routed inflow at fixed predation. No new consumption is assumed.",SE,0.09
446_446_Hudson_Bay_(1970),routing_scenario,4,Killer Whale,catch,1e-06,9.1e-07,"Freeze completed living P,Q,diet,predation,accumulation,migration. Solve EE for SM; detritus accumulation absorbs routed inflow at fixed predation. No new consumption is assumed.",SE,0.09
446_446_Hudson_Bay_(1970),routing_scenario,3,Polar Bear Foxe,catch,5e-06,4.5500000000000005e-06,"Freeze completed living P,Q,diet,predation,accumulation,migration. Solve EE for SM; detritus accumulation absorbs routed inflow at fixed predation. No new consumption is assumed.",SE,0.09
446_446_Hudson_Bay_(1970),routing_scenario,2,SH Polar Bear,catch,2.2e-05,2.002e-05,"Freeze completed living P,Q,diet,predation,accumulation,migration. Solve EE for SM; detritus accumulation absorbs routed inflow at fixed predation. No new consumption is assumed.",SE,0.09
446_446_Hudson_Bay_(1970),routing_scenario,1,Polar Bear WHB,catch,1.5e-05,1.3650000000000001e-05,"Freeze completed living P,Q,diet,predation,accumulation,migration. Solve EE for SM; detritus accumulation absorbs routed inflow at fixed predation. No new consumption is assumed.",SE,0.09
446_446_Hudson_Bay_(1970),routing_scenario,25,Brackish Fish,external_loss,0.0,2.3766839999999997e-09,"Freeze completed living P,Q,diet,predation,accumulation,migration. Solve EE for SM; detritus accumulation absorbs routed inflow at fixed predation. No new consumption is assumed.",SE,0.09
446_446_Hudson_Bay_(1970),routing_scenario,24,Other Marine Fish,external_loss,0.0,5.941700999999999e-09,"Freeze completed living P,Q,diet,predation,accumulation,migration. Solve EE for SM; detritus accumulation absorbs routed inflow at fixed predation. No new consumption is assumed.",SE,0.09
446_446_Hudson_Bay_(1970),routing_scenario,22,Sandlance,external_loss,0.0,3.5650169999999996e-09,"Freeze completed living P,Q,diet,predation,accumulation,migration. Solve EE for SM; detritus accumulation absorbs routed inflow at fixed predation. No new consumption is assumed.",SE,0.09
446_446_Hudson_Bay_(1970),routing_scenario,21,Capelin,external_loss,0.0,1.188342e-08,"Freeze completed living P,Q,diet,predation,accumulation,migration. Solve EE for SM; detritus accumulation absorbs routed inflow at fixed predation. No new consumption is assumed.",SE,0.09
446_446_Hudson_Bay_(1970),routing_scenario,20,Sculpins/ Zoarcids,external_loss,0.0,2.376684e-08,"Freeze completed living P,Q,diet,predation,accumulation,migration. Solve EE for SM; detritus accumulation absorbs routed inflow at fixed predation. No new consumption is assumed.",SE,0.09
446_446_Hudson_Bay_(1970),routing_scenario,19,Gadiformes,external_loss,0.0,2.376684e-08,"Freeze completed living P,Q,diet,predation,accumulation,migration. Solve EE for SM; detritus accumulation absorbs routed inflow at fixed predation. No new consumption is assumed.",SE,0.09
446_446_Hudson_Bay_(1970),routing_scenario,18,Atlantic Salmon,external_loss,0.0,1.1883419999999999e-09,"Freeze completed living P,Q,diet,predation,accumulation,migration. Solve EE for SM; detritus accumulation absorbs routed inflow at fixed predation. No new consumption is assumed.",SE,0.09
446_446_Hudson_Bay_(1970),routing_scenario,17,Arctic Char,external_loss,0.0,4.159188e-08,"Freeze completed living P,Q,diet,predation,accumulation,migration. Solve EE for SM; detritus accumulation absorbs routed inflow at fixed predation. No new consumption is assumed.",SE,0.09
446_446_Hudson_Bay_(1970),routing_scenario,16,Seabirds,external_loss,0.0,2.9249999999999996e-05,"Freeze completed living P,Q,diet,predation,accumulation,migration. Solve EE for SM; detritus accumulation absorbs routed inflow at fixed predation. No new consumption is assumed.",SE,0.09
446_446_Hudson_Bay_(1970),routing_scenario,15,Beluga James,external_loss,0.0,1.26e-06,"Freeze completed living P,Q,diet,predation,accumulation,migration. Solve EE for SM; detritus accumulation absorbs routed inflow at fixed predation. No new consumption is assumed.",SE,0.09
446_446_Hudson_Bay_(1970),routing_scenario,14,Beluga W,external_loss,0.0,5.4449999999999995e-06,"Freeze completed living P,Q,diet,predation,accumulation,migration. Solve EE for SM; detritus accumulation absorbs routed inflow at fixed predation. No new consumption is assumed.",SE,0.09
446_446_Hudson_Bay_(1970),routing_scenario,13,Beluga E,external_loss,0.0,2.97e-06,"Freeze completed living P,Q,diet,predation,accumulation,migration. Solve EE for SM; detritus accumulation absorbs routed inflow at fixed predation. No new consumption is assumed.",SE,0.09
446_446_Hudson_Bay_(1970),routing_scenario,12,Harp seal,external_loss,0.0,1.26e-06,"Freeze completed living P,Q,diet,predation,accumulation,migration. Solve EE for SM; detritus accumulation absorbs routed inflow at fixed predation. No new consumption is assumed.",SE,0.09
446_446_Hudson_Bay_(1970),routing_scenario,11,Ringed Seal,external_loss,0.0,3.537e-05,"Freeze completed living P,Q,diet,predation,accumulation,migration. Solve EE for SM; detritus accumulation absorbs routed inflow at fixed predation. No new consumption is assumed.",SE,0.09
446_446_Hudson_Bay_(1970),routing_scenario,10,Harbour Seal,external_loss,0.0,1.8e-07,"Freeze completed living P,Q,diet,predation,accumulation,migration. Solve EE for SM; detritus accumulation absorbs routed inflow at fixed predation. No new consumption is assumed.",SE,0.09
446_446_Hudson_Bay_(1970),routing_scenario,9,Bearded Seal,external_loss,0.0,1.5029999999999998e-05,"Freeze completed living P,Q,diet,predation,accumulation,migration. Solve EE for SM; detritus accumulation absorbs routed inflow at fixed predation. No new consumption is assumed.",SE,0.09
446_446_Hudson_Bay_(1970),routing_scenario,8,Walrus S,external_loss,0.0,5.4e-07,"Freeze completed living P,Q,diet,predation,accumulation,migration. Solve EE for SM; detritus accumulation absorbs routed inflow at fixed predation. No new consumption is assumed.",SE,0.09
446_446_Hudson_Bay_(1970),routing_scenario,7,Walrus N,external_loss,0.0,7.2000000000000005e-06,"Freeze completed living P,Q,diet,predation,accumulation,migration. Solve EE for SM; detritus accumulation absorbs routed inflow at fixed predation. No new consumption is assumed.",SE,0.09
446_446_Hudson_Bay_(1970),routing_scenario,6,Bowhead,external_loss,0.0,8.1e-07,"Freeze completed living P,Q,diet,predation,accumulation,migration. Solve EE for SM; detritus accumulation absorbs routed inflow at fixed predation. No new consumption is assumed.",SE,0.09
446_446_Hudson_Bay_(1970),routing_scenario,5,Narwhal,external_loss,0.0,3.06e-06,"Freeze completed living P,Q,diet,predation,accumulation,migration. Solve EE for SM; detritus accumulation absorbs routed inflow at fixed predation. No new consumption is assumed.",SE,0.09
446_446_Hudson_Bay_(1970),routing_scenario,4,Killer Whale,external_loss,0.0,9e-08,"Freeze completed living P,Q,diet,predation,accumulation,migration. Solve EE for SM; detritus accumulation absorbs routed inflow at fixed predation. No new consumption is assumed.",SE,0.09
446_446_Hudson_Bay_(1970),routing_scenario,3,Polar Bear Foxe,external_loss,0.0,4.5000000000000003e-07,"Freeze completed living P,Q,diet,predation,accumulation,migration. Solve EE for SM; detritus accumulation absorbs routed inflow at fixed predation. No new consumption is assumed.",SE,0.09
446_446_Hudson_Bay_(1970),routing_scenario,2,SH Polar Bear,external_loss,0.0,1.9799999999999997e-06,"Freeze completed living P,Q,diet,predation,accumulation,migration. Solve EE for SM; detritus accumulation absorbs routed inflow at fixed predation. No new consumption is assumed.",SE,0.09
446_446_Hudson_Bay_(1970),routing_scenario,1,Polar Bear WHB,external_loss,0.0,1.35e-06,"Freeze completed living P,Q,diet,predation,accumulation,migration. Solve EE for SM; detritus accumulation absorbs routed inflow at fixed predation. No new consumption is assumed.",SE,0.09
446_446_Hudson_Bay_(1970),routing_scenario,40,Pelagic Detritus,p,128.24910803428477,128.2492262110411,"Freeze completed living P,Q,diet,predation,accumulation,migration. Solve EE for SM; detritus accumulation absorbs routed inflow at fixed predation. No new consumption is assumed.",SM,0.1
446_446_Hudson_Bay_(1970),routing_scenario,40,Pelagic Detritus,q,128.24910803428477,128.2492262110411,"Freeze completed living P,Q,diet,predation,accumulation,migration. Solve EE for SM; detritus accumulation absorbs routed inflow at fixed predation. No new consumption is assumed.",SM,0.1
446_446_Hudson_Bay_(1970),routing_scenario,25,Brackish Fish,M0,0.0025425355725000025,0.0025425382132600025,"Freeze completed living P,Q,diet,predation,accumulation,migration. Solve EE for SM; detritus accumulation absorbs routed inflow at fixed predation. No new consumption is assumed.",SM,0.1
446_446_Hudson_Bay_(1970),routing_scenario,24,Other Marine Fish,M0,0.011930946740000012,0.011930953341890012,"Freeze completed living P,Q,diet,predation,accumulation,migration. Solve EE for SM; detritus accumulation absorbs routed inflow at fixed predation. No new consumption is assumed.",SM,0.1
446_446_Hudson_Bay_(1970),routing_scenario,22,Sandlance,M0,0.021766202280000018,0.02176620624113002,"Freeze completed living P,Q,diet,predation,accumulation,migration. Solve EE for SM; detritus accumulation absorbs routed inflow at fixed predation. No new consumption is assumed.",SM,0.1
446_446_Hudson_Bay_(1970),routing_scenario,21,Capelin,M0,0.025841266500000022,0.025841279703800023,"Freeze completed living P,Q,diet,predation,accumulation,migration. Solve EE for SM; detritus accumulation absorbs routed inflow at fixed predation. No new consumption is assumed.",SM,0.1
446_446_Hudson_Bay_(1970),routing_scenario,20,Sculpins/ Zoarcids,M0,0.008667478715000008,0.008667505122600009,"Freeze completed living P,Q,diet,predation,accumulation,migration. Solve EE for SM; detritus accumulation absorbs routed inflow at fixed predation. No new consumption is assumed.",SM,0.1
446_446_Hudson_Bay_(1970),routing_scenario,19,Gadiformes,M0,0.016022631350000014,0.016022657757600013,"Freeze completed living P,Q,diet,predation,accumulation,migration. Solve EE for SM; detritus accumulation absorbs routed inflow at fixed predation. No new consumption is assumed.",SM,0.1
446_446_Hudson_Bay_(1970),routing_scenario,18,Atlantic Salmon,M0,0.0013343262400000013,0.0013343275603800013,"Freeze completed living P,Q,diet,predation,accumulation,migration. Solve EE for SM; detritus accumulation absorbs routed inflow at fixed predation. No new consumption is assumed.",SM,0.1
446_446_Hudson_Bay_(1970),routing_scenario,17,Arctic Char,M0,0.0017951153200000017,0.0017951615332000017,"Freeze completed living P,Q,diet,predation,accumulation,migration. Solve EE for SM; detritus accumulation absorbs routed inflow at fixed predation. No new consumption is assumed.",SM,0.1
446_446_Hudson_Bay_(1970),routing_scenario,16,Seabirds,M0,0.021714263038000003,0.021746763038000005,"Freeze completed living P,Q,diet,predation,accumulation,migration. Solve EE for SM; detritus accumulation absorbs routed inflow at fixed predation. No new consumption is assumed.",SM,0.1
446_446_Hudson_Bay_(1970),routing_scenario,15,Beluga James,M0,5.5673137044634417e-05,5.707313704463442e-05,"Freeze completed living P,Q,diet,predation,accumulation,migration. Solve EE for SM; detritus accumulation absorbs routed inflow at fixed predation. No new consumption is assumed.",SM,0.1
446_446_Hudson_Bay_(1970),routing_scenario,14,Beluga W,M0,0.0013602991127677291,0.0013663491127677292,"Freeze completed living P,Q,diet,predation,accumulation,migration. Solve EE for SM; detritus accumulation absorbs routed inflow at fixed predation. No new consumption is assumed.",SM,0.1
446_446_Hudson_Bay_(1970),routing_scenario,13,Beluga E,M0,9.807396405385151e-05,0.00010137396405385151,"Freeze completed living P,Q,diet,predation,accumulation,migration. Solve EE for SM; detritus accumulation absorbs routed inflow at fixed predation. No new consumption is assumed.",SM,0.1
446_446_Hudson_Bay_(1970),routing_scenario,12,Harp seal,M0,3.9123524670240005e-05,4.0523524670240005e-05,"Freeze completed living P,Q,diet,predation,accumulation,migration. Solve EE for SM; detritus accumulation absorbs routed inflow at fixed predation. No new consumption is assumed.",SM,0.1
446_446_Hudson_Bay_(1970),routing_scenario,11,Ringed Seal,M0,0.004359851707524983,0.004399151707524983,"Freeze completed living P,Q,diet,predation,accumulation,migration. Solve EE for SM; detritus accumulation absorbs routed inflow at fixed predation. No new consumption is assumed.",SM,0.1
446_446_Hudson_Bay_(1970),routing_scenario,10,Harbour Seal,M0,0.00012099825122750879,0.0001211982512275088,"Freeze completed living P,Q,diet,predation,accumulation,migration. Solve EE for SM; detritus accumulation absorbs routed inflow at fixed predation. No new consumption is assumed.",SM,0.1
446_446_Hudson_Bay_(1970),routing_scenario,9,Bearded Seal,M0,0.00013606373638765757,0.00015276373638765757,"Freeze completed living P,Q,diet,predation,accumulation,migration. Solve EE for SM; detritus accumulation absorbs routed inflow at fixed predation. No new consumption is assumed.",SM,0.1
446_446_Hudson_Bay_(1970),routing_scenario,8,Walrus S,M0,8.217029462185597e-05,8.277029462185597e-05,"Freeze completed living P,Q,diet,predation,accumulation,migration. Solve EE for SM; detritus accumulation absorbs routed inflow at fixed predation. No new consumption is assumed.",SM,0.1
446_446_Hudson_Bay_(1970),routing_scenario,7,Walrus N,M0,0.0003819925835737691,0.0003899925835737691,"Freeze completed living P,Q,diet,predation,accumulation,migration. Solve EE for SM; detritus accumulation absorbs routed inflow at fixed predation. No new consumption is assumed.",SM,0.1
446_446_Hudson_Bay_(1970),routing_scenario,6,Bowhead,M0,0.00021741439634646387,0.00021831439634646387,"Freeze completed living P,Q,diet,predation,accumulation,migration. Solve EE for SM; detritus accumulation absorbs routed inflow at fixed predation. No new consumption is assumed.",SM,0.1
446_446_Hudson_Bay_(1970),routing_scenario,5,Narwhal,M0,0.00011868823016079942,0.00012208823016079942,"Freeze completed living P,Q,diet,predation,accumulation,migration. Solve EE for SM; detritus accumulation absorbs routed inflow at fixed predation. No new consumption is assumed.",SM,0.1
446_446_Hudson_Bay_(1970),routing_scenario,4,Killer Whale,M0,2.76981004599574e-06,2.8698100459957397e-06,"Freeze completed living P,Q,diet,predation,accumulation,migration. Solve EE for SM; detritus accumulation absorbs routed inflow at fixed predation. No new consumption is assumed.",SM,0.1
446_446_Hudson_Bay_(1970),routing_scenario,3,Polar Bear Foxe,M0,1.611317803944726e-05,1.6613178039447258e-05,"Freeze completed living P,Q,diet,predation,accumulation,migration. Solve EE for SM; detritus accumulation absorbs routed inflow at fixed predation. No new consumption is assumed.",SM,0.1
446_446_Hudson_Bay_(1970),routing_scenario,2,SH Polar Bear,M0,2.9258219105026142e-05,3.1458219105026144e-05,"Freeze completed living P,Q,diet,predation,accumulation,migration. Solve EE for SM; detritus accumulation absorbs routed inflow at fixed predation. No new consumption is assumed.",SM,0.1
446_446_Hudson_Bay_(1970),routing_scenario,1,Polar Bear WHB,M0,3.4803496340686466e-05,3.630349634068647e-05,"Freeze completed living P,Q,diet,predation,accumulation,migration. Solve EE for SM; detritus accumulation absorbs routed inflow at fixed predation. No new consumption is assumed.",SM,0.1
446_446_Hudson_Bay_(1970),routing_scenario,25,Brackish Fish,EE,0.95,0.9499999480683765,"Freeze completed living P,Q,diet,predation,accumulation,migration. Solve EE for SM; detritus accumulation absorbs routed inflow at fixed predation. No new consumption is assumed.",SM,0.1
446_446_Hudson_Bay_(1970),routing_scenario,24,Other Marine Fish,EE,0.95,0.9499999723329164,"Freeze completed living P,Q,diet,predation,accumulation,migration. Solve EE for SM; detritus accumulation absorbs routed inflow at fixed predation. No new consumption is assumed.",SM,0.1
446_446_Hudson_Bay_(1970),routing_scenario,22,Sandlance,EE,0.95,0.9499999909007323,"Freeze completed living P,Q,diet,predation,accumulation,migration. Solve EE for SM; detritus accumulation absorbs routed inflow at fixed predation. No new consumption is assumed.",SM,0.1
446_446_Hudson_Bay_(1970),routing_scenario,21,Capelin,EE,0.95,0.9499999744521035,"Freeze completed living P,Q,diet,predation,accumulation,migration. Solve EE for SM; detritus accumulation absorbs routed inflow at fixed predation. No new consumption is assumed.",SM,0.1
446_446_Hudson_Bay_(1970),routing_scenario,20,Sculpins/ Zoarcids,EE,0.95,0.9499998476627352,"Freeze completed living P,Q,diet,predation,accumulation,migration. Solve EE for SM; detritus accumulation absorbs routed inflow at fixed predation. No new consumption is assumed.",SM,0.1
446_446_Hudson_Bay_(1970),routing_scenario,19,Gadiformes,EE,0.95,0.9499999175928115,"Freeze completed living P,Q,diet,predation,accumulation,migration. Solve EE for SM; detritus accumulation absorbs routed inflow at fixed predation. No new consumption is assumed.",SM,0.1
446_446_Hudson_Bay_(1970),routing_scenario,18,Atlantic Salmon,EE,0.95,0.9499999505225948,"Freeze completed living P,Q,diet,predation,accumulation,migration. Solve EE for SM; detritus accumulation absorbs routed inflow at fixed predation. No new consumption is assumed.",SM,0.1
446_446_Hudson_Bay_(1970),routing_scenario,17,Arctic Char,EE,0.95,0.9499987128069298,"Freeze completed living P,Q,diet,predation,accumulation,migration. Solve EE for SM; detritus accumulation absorbs routed inflow at fixed predation. No new consumption is assumed.",SM,0.1
446_446_Hudson_Bay_(1970),routing_scenario,16,Seabirds,EE,0.09712003999999996,0.09576868864864851,"Freeze completed living P,Q,diet,predation,accumulation,migration. Solve EE for SM; detritus accumulation absorbs routed inflow at fixed predation. No new consumption is assumed.",SM,0.1
446_446_Hudson_Bay_(1970),routing_scenario,15,Beluga James,EE,0.5643347,0.5533791215580846,"Freeze completed living P,Q,diet,predation,accumulation,migration. Solve EE for SM; detritus accumulation absorbs routed inflow at fixed predation. No new consumption is assumed.",SM,0.1
446_446_Hudson_Bay_(1970),routing_scenario,14,Beluga W,EE,0.13272054499999997,0.1288632751881611,"Freeze completed living P,Q,diet,predation,accumulation,migration. Solve EE for SM; detritus accumulation absorbs routed inflow at fixed predation. No new consumption is assumed.",SM,0.1
446_446_Hudson_Bay_(1970),routing_scenario,13,Beluga E,EE,0.28052579999999994,0.25631687887699617,"Freeze completed living P,Q,diet,predation,accumulation,migration. Solve EE for SM; detritus accumulation absorbs routed inflow at fixed predation. No new consumption is assumed.",SM,0.1
446_446_Hudson_Bay_(1970),routing_scenario,12,Harp seal,EE,0.6883504,0.677198300497782,"Freeze completed living P,Q,diet,predation,accumulation,migration. Solve EE for SM; detritus accumulation absorbs routed inflow at fixed predation. No new consumption is assumed.",SM,0.1
446_446_Hudson_Bay_(1970),routing_scenario,11,Ringed Seal,EE,0.412556618,0.407261363376373,"Freeze completed living P,Q,diet,predation,accumulation,migration. Solve EE for SM; detritus accumulation absorbs routed inflow at fixed predation. No new consumption is assumed.",SM,0.1
446_446_Hudson_Bay_(1970),routing_scenario,10,Harbour Seal,EE,0.07364795999999996,0.07211677747363732,"Freeze completed living P,Q,diet,predation,accumulation,migration. Solve EE for SM; detritus accumulation absorbs routed inflow at fixed predation. No new consumption is assumed.",SM,0.1
446_446_Hudson_Bay_(1970),routing_scenario,9,Bearded Seal,EE,0.791283369,0.7656661999420424,"Freeze completed living P,Q,diet,predation,accumulation,migration. Solve EE for SM; detritus accumulation absorbs routed inflow at fixed predation. No new consumption is assumed.",SM,0.1
446_446_Hudson_Bay_(1970),routing_scenario,8,Walrus S,EE,0.143246785,0.1369908511328325,"Freeze completed living P,Q,diet,predation,accumulation,migration. Solve EE for SM; detritus accumulation absorbs routed inflow at fixed predation. No new consumption is assumed.",SM,0.1
446_446_Hudson_Bay_(1970),routing_scenario,7,Walrus N,EE,0.18816389099999997,0.17116175757835528,"Freeze completed living P,Q,diet,predation,accumulation,migration. Solve EE for SM; detritus accumulation absorbs routed inflow at fixed predation. No new consumption is assumed.",SM,0.1
446_446_Hudson_Bay_(1970),routing_scenario,6,Bowhead,EE,0.052819170000000026,0.048898257855610416,"Freeze completed living P,Q,diet,predation,accumulation,migration. Solve EE for SM; detritus accumulation absorbs routed inflow at fixed predation. No new consumption is assumed.",SM,0.1
446_446_Hudson_Bay_(1970),routing_scenario,5,Narwhal,EE,0.2706202,0.2497260362177932,"Freeze completed living P,Q,diet,predation,accumulation,migration. Solve EE for SM; detritus accumulation absorbs routed inflow at fixed predation. No new consumption is assumed.",SM,0.1
446_446_Hudson_Bay_(1970),routing_scenario,4,Killer Whale,EE,0.26526534600000007,0.2387388101798925,"Freeze completed living P,Q,diet,predation,accumulation,migration. Solve EE for SM; detritus accumulation absorbs routed inflow at fixed predation. No new consumption is assumed.",SM,0.1
446_446_Hudson_Bay_(1970),routing_scenario,3,Polar Bear Foxe,EE,0.3027038569999999,0.28106640778629044,"Freeze completed living P,Q,diet,predation,accumulation,migration. Solve EE for SM; detritus accumulation absorbs routed inflow at fixed predation. No new consumption is assumed.",SM,0.1
446_446_Hudson_Bay_(1970),routing_scenario,2,SH Polar Bear,EE,0.5060891,0.46895068169437804,"Freeze completed living P,Q,diet,predation,accumulation,migration. Solve EE for SM; detritus accumulation absorbs routed inflow at fixed predation. No new consumption is assumed.",SM,0.1
446_446_Hudson_Bay_(1970),routing_scenario,1,Polar Bear WHB,EE,0.4138758,0.38861436386744097,"Freeze completed living P,Q,diet,predation,accumulation,migration. Solve EE for SM; detritus accumulation absorbs routed inflow at fixed predation. No new consumption is assumed.",SM,0.1
446_446_Hudson_Bay_(1970),routing_scenario,25,Brackish Fish,catch,2.64076e-08,2.376684e-08,"Freeze completed living P,Q,diet,predation,accumulation,migration. Solve EE for SM; detritus accumulation absorbs routed inflow at fixed predation. No new consumption is assumed.",SM,0.1
446_446_Hudson_Bay_(1970),routing_scenario,24,Other Marine Fish,catch,6.60189e-08,5.941701e-08,"Freeze completed living P,Q,diet,predation,accumulation,migration. Solve EE for SM; detritus accumulation absorbs routed inflow at fixed predation. No new consumption is assumed.",SM,0.1
446_446_Hudson_Bay_(1970),routing_scenario,22,Sandlance,catch,3.96113e-08,3.565017e-08,"Freeze completed living P,Q,diet,predation,accumulation,migration. Solve EE for SM; detritus accumulation absorbs routed inflow at fixed predation. No new consumption is assumed.",SM,0.1
446_446_Hudson_Bay_(1970),routing_scenario,21,Capelin,catch,1.32038e-07,1.1883420000000001e-07,"Freeze completed living P,Q,diet,predation,accumulation,migration. Solve EE for SM; detritus accumulation absorbs routed inflow at fixed predation. No new consumption is assumed.",SM,0.1
446_446_Hudson_Bay_(1970),routing_scenario,20,Sculpins/ Zoarcids,catch,2.64076e-07,2.3766840000000003e-07,"Freeze completed living P,Q,diet,predation,accumulation,migration. Solve EE for SM; detritus accumulation absorbs routed inflow at fixed predation. No new consumption is assumed.",SM,0.1
446_446_Hudson_Bay_(1970),routing_scenario,19,Gadiformes,catch,2.64076e-07,2.3766840000000003e-07,"Freeze completed living P,Q,diet,predation,accumulation,migration. Solve EE for SM; detritus accumulation absorbs routed inflow at fixed predation. No new consumption is assumed.",SM,0.1
446_446_Hudson_Bay_(1970),routing_scenario,18,Atlantic Salmon,catch,1.32038e-08,1.188342e-08,"Freeze completed living P,Q,diet,predation,accumulation,migration. Solve EE for SM; detritus accumulation absorbs routed inflow at fixed predation. No new consumption is assumed.",SM,0.1
446_446_Hudson_Bay_(1970),routing_scenario,17,Arctic Char,catch,4.62132e-07,4.159188e-07,"Freeze completed living P,Q,diet,predation,accumulation,migration. Solve EE for SM; detritus accumulation absorbs routed inflow at fixed predation. No new consumption is assumed.",SM,0.1
446_446_Hudson_Bay_(1970),routing_scenario,16,Seabirds,catch,0.000325,0.0002925,"Freeze completed living P,Q,diet,predation,accumulation,migration. Solve EE for SM; detritus accumulation absorbs routed inflow at fixed predation. No new consumption is assumed.",SM,0.1
446_446_Hudson_Bay_(1970),routing_scenario,15,Beluga James,catch,1.4e-05,1.26e-05,"Freeze completed living P,Q,diet,predation,accumulation,migration. Solve EE for SM; detritus accumulation absorbs routed inflow at fixed predation. No new consumption is assumed.",SM,0.1
446_446_Hudson_Bay_(1970),routing_scenario,14,Beluga W,catch,6.05e-05,5.445e-05,"Freeze completed living P,Q,diet,predation,accumulation,migration. Solve EE for SM; detritus accumulation absorbs routed inflow at fixed predation. No new consumption is assumed.",SM,0.1
446_446_Hudson_Bay_(1970),routing_scenario,13,Beluga E,catch,3.3e-05,2.9700000000000004e-05,"Freeze completed living P,Q,diet,predation,accumulation,migration. Solve EE for SM; detritus accumulation absorbs routed inflow at fixed predation. No new consumption is assumed.",SM,0.1
446_446_Hudson_Bay_(1970),routing_scenario,12,Harp seal,catch,1.4e-05,1.26e-05,"Freeze completed living P,Q,diet,predation,accumulation,migration. Solve EE for SM; detritus accumulation absorbs routed inflow at fixed predation. No new consumption is assumed.",SM,0.1
446_446_Hudson_Bay_(1970),routing_scenario,11,Ringed Seal,catch,0.000393,0.00035370000000000003,"Freeze completed living P,Q,diet,predation,accumulation,migration. Solve EE for SM; detritus accumulation absorbs routed inflow at fixed predation. No new consumption is assumed.",SM,0.1
446_446_Hudson_Bay_(1970),routing_scenario,10,Harbour Seal,catch,2e-06,1.8e-06,"Freeze completed living P,Q,diet,predation,accumulation,migration. Solve EE for SM; detritus accumulation absorbs routed inflow at fixed predation. No new consumption is assumed.",SM,0.1
446_446_Hudson_Bay_(1970),routing_scenario,9,Bearded Seal,catch,0.000167,0.0001503,"Freeze completed living P,Q,diet,predation,accumulation,migration. Solve EE for SM; detritus accumulation absorbs routed inflow at fixed predation. No new consumption is assumed.",SM,0.1
446_446_Hudson_Bay_(1970),routing_scenario,8,Walrus S,catch,6e-06,5.4e-06,"Freeze completed living P,Q,diet,predation,accumulation,migration. Solve EE for SM; detritus accumulation absorbs routed inflow at fixed predation. No new consumption is assumed.",SM,0.1
446_446_Hudson_Bay_(1970),routing_scenario,7,Walrus N,catch,8e-05,7.2e-05,"Freeze completed living P,Q,diet,predation,accumulation,migration. Solve EE for SM; detritus accumulation absorbs routed inflow at fixed predation. No new consumption is assumed.",SM,0.1
446_446_Hudson_Bay_(1970),routing_scenario,6,Bowhead,catch,9e-06,8.1e-06,"Freeze completed living P,Q,diet,predation,accumulation,migration. Solve EE for SM; detritus accumulation absorbs routed inflow at fixed predation. No new consumption is assumed.",SM,0.1
446_446_Hudson_Bay_(1970),routing_scenario,5,Narwhal,catch,3.4e-05,3.06e-05,"Freeze completed living P,Q,diet,predation,accumulation,migration. Solve EE for SM; detritus accumulation absorbs routed inflow at fixed predation. No new consumption is assumed.",SM,0.1
446_446_Hudson_Bay_(1970),routing_scenario,4,Killer Whale,catch,1e-06,9e-07,"Freeze completed living P,Q,diet,predation,accumulation,migration. Solve EE for SM; detritus accumulation absorbs routed inflow at fixed predation. No new consumption is assumed.",SM,0.1
446_446_Hudson_Bay_(1970),routing_scenario,3,Polar Bear Foxe,catch,5e-06,4.5e-06,"Freeze completed living P,Q,diet,predation,accumulation,migration. Solve EE for SM; detritus accumulation absorbs routed inflow at fixed predation. No new consumption is assumed.",SM,0.1
446_446_Hudson_Bay_(1970),routing_scenario,2,SH Polar Bear,catch,2.2e-05,1.98e-05,"Freeze completed living P,Q,diet,predation,accumulation,migration. Solve EE for SM; detritus accumulation absorbs routed inflow at fixed predation. No new consumption is assumed.",SM,0.1
446_446_Hudson_Bay_(1970),routing_scenario,1,Polar Bear WHB,catch,1.5e-05,1.3500000000000001e-05,"Freeze completed living P,Q,diet,predation,accumulation,migration. Solve EE for SM; detritus accumulation absorbs routed inflow at fixed predation. No new consumption is assumed.",SM,0.1
446_446_Hudson_Bay_(1970),routing_scenario,40,Pelagic Detritus,growth,100.09094139097152,100.09105956772785,"Freeze completed living P,Q,diet,predation,accumulation,migration. Solve EE for SM; detritus accumulation absorbs routed inflow at fixed predation. No new consumption is assumed.",SM,0.1
446_446_Hudson_Bay_(1970),routing_scenario,25,Brackish Fish,catch,2.64076e-08,2.376684e-08,"Freeze completed living P,Q,diet,predation,accumulation,migration. Solve EE for SM; detritus accumulation absorbs routed inflow at fixed predation. No new consumption is assumed.",SE,0.1
446_446_Hudson_Bay_(1970),routing_scenario,24,Other Marine Fish,catch,6.60189e-08,5.941701e-08,"Freeze completed living P,Q,diet,predation,accumulation,migration. Solve EE for SM; detritus accumulation absorbs routed inflow at fixed predation. No new consumption is assumed.",SE,0.1
446_446_Hudson_Bay_(1970),routing_scenario,22,Sandlance,catch,3.96113e-08,3.565017e-08,"Freeze completed living P,Q,diet,predation,accumulation,migration. Solve EE for SM; detritus accumulation absorbs routed inflow at fixed predation. No new consumption is assumed.",SE,0.1
446_446_Hudson_Bay_(1970),routing_scenario,21,Capelin,catch,1.32038e-07,1.1883420000000001e-07,"Freeze completed living P,Q,diet,predation,accumulation,migration. Solve EE for SM; detritus accumulation absorbs routed inflow at fixed predation. No new consumption is assumed.",SE,0.1
446_446_Hudson_Bay_(1970),routing_scenario,20,Sculpins/ Zoarcids,catch,2.64076e-07,2.3766840000000003e-07,"Freeze completed living P,Q,diet,predation,accumulation,migration. Solve EE for SM; detritus accumulation absorbs routed inflow at fixed predation. No new consumption is assumed.",SE,0.1
446_446_Hudson_Bay_(1970),routing_scenario,19,Gadiformes,catch,2.64076e-07,2.3766840000000003e-07,"Freeze completed living P,Q,diet,predation,accumulation,migration. Solve EE for SM; detritus accumulation absorbs routed inflow at fixed predation. No new consumption is assumed.",SE,0.1
446_446_Hudson_Bay_(1970),routing_scenario,18,Atlantic Salmon,catch,1.32038e-08,1.188342e-08,"Freeze completed living P,Q,diet,predation,accumulation,migration. Solve EE for SM; detritus accumulation absorbs routed inflow at fixed predation. No new consumption is assumed.",SE,0.1
446_446_Hudson_Bay_(1970),routing_scenario,17,Arctic Char,catch,4.62132e-07,4.159188e-07,"Freeze completed living P,Q,diet,predation,accumulation,migration. Solve EE for SM; detritus accumulation absorbs routed inflow at fixed predation. No new consumption is assumed.",SE,0.1
446_446_Hudson_Bay_(1970),routing_scenario,16,Seabirds,catch,0.000325,0.0002925,"Freeze completed living P,Q,diet,predation,accumulation,migration. Solve EE for SM; detritus accumulation absorbs routed inflow at fixed predation. No new consumption is assumed.",SE,0.1
446_446_Hudson_Bay_(1970),routing_scenario,15,Beluga James,catch,1.4e-05,1.26e-05,"Freeze completed living P,Q,diet,predation,accumulation,migration. Solve EE for SM; detritus accumulation absorbs routed inflow at fixed predation. No new consumption is assumed.",SE,0.1
446_446_Hudson_Bay_(1970),routing_scenario,14,Beluga W,catch,6.05e-05,5.445e-05,"Freeze completed living P,Q,diet,predation,accumulation,migration. Solve EE for SM; detritus accumulation absorbs routed inflow at fixed predation. No new consumption is assumed.",SE,0.1
446_446_Hudson_Bay_(1970),routing_scenario,13,Beluga E,catch,3.3e-05,2.9700000000000004e-05,"Freeze completed living P,Q,diet,predation,accumulation,migration. Solve EE for SM; detritus accumulation absorbs routed inflow at fixed predation. No new consumption is assumed.",SE,0.1
446_446_Hudson_Bay_(1970),routing_scenario,12,Harp seal,catch,1.4e-05,1.26e-05,"Freeze completed living P,Q,diet,predation,accumulation,migration. Solve EE for SM; detritus accumulation absorbs routed inflow at fixed predation. No new consumption is assumed.",SE,0.1
446_446_Hudson_Bay_(1970),routing_scenario,11,Ringed Seal,catch,0.000393,0.00035370000000000003,"Freeze completed living P,Q,diet,predation,accumulation,migration. Solve EE for SM; detritus accumulation absorbs routed inflow at fixed predation. No new consumption is assumed.",SE,0.1
446_446_Hudson_Bay_(1970),routing_scenario,10,Harbour Seal,catch,2e-06,1.8e-06,"Freeze completed living P,Q,diet,predation,accumulation,migration. Solve EE for SM; detritus accumulation absorbs routed inflow at fixed predation. No new consumption is assumed.",SE,0.1
446_446_Hudson_Bay_(1970),routing_scenario,9,Bearded Seal,catch,0.000167,0.0001503,"Freeze completed living P,Q,diet,predation,accumulation,migration. Solve EE for SM; detritus accumulation absorbs routed inflow at fixed predation. No new consumption is assumed.",SE,0.1
446_446_Hudson_Bay_(1970),routing_scenario,8,Walrus S,catch,6e-06,5.4e-06,"Freeze completed living P,Q,diet,predation,accumulation,migration. Solve EE for SM; detritus accumulation absorbs routed inflow at fixed predation. No new consumption is assumed.",SE,0.1
446_446_Hudson_Bay_(1970),routing_scenario,7,Walrus N,catch,8e-05,7.2e-05,"Freeze completed living P,Q,diet,predation,accumulation,migration. Solve EE for SM; detritus accumulation absorbs routed inflow at fixed predation. No new consumption is assumed.",SE,0.1
446_446_Hudson_Bay_(1970),routing_scenario,6,Bowhead,catch,9e-06,8.1e-06,"Freeze completed living P,Q,diet,predation,accumulation,migration. Solve EE for SM; detritus accumulation absorbs routed inflow at fixed predation. No new consumption is assumed.",SE,0.1
446_446_Hudson_Bay_(1970),routing_scenario,5,Narwhal,catch,3.4e-05,3.06e-05,"Freeze completed living P,Q,diet,predation,accumulation,migration. Solve EE for SM; detritus accumulation absorbs routed inflow at fixed predation. No new consumption is assumed.",SE,0.1
446_446_Hudson_Bay_(1970),routing_scenario,4,Killer Whale,catch,1e-06,9e-07,"Freeze completed living P,Q,diet,predation,accumulation,migration. Solve EE for SM; detritus accumulation absorbs routed inflow at fixed predation. No new consumption is assumed.",SE,0.1
446_446_Hudson_Bay_(1970),routing_scenario,3,Polar Bear Foxe,catch,5e-06,4.5e-06,"Freeze completed living P,Q,diet,predation,accumulation,migration. Solve EE for SM; detritus accumulation absorbs routed inflow at fixed predation. No new consumption is assumed.",SE,0.1
446_446_Hudson_Bay_(1970),routing_scenario,2,SH Polar Bear,catch,2.2e-05,1.98e-05,"Freeze completed living P,Q,diet,predation,accumulation,migration. Solve EE for SM; detritus accumulation absorbs routed inflow at fixed predation. No new consumption is assumed.",SE,0.1
446_446_Hudson_Bay_(1970),routing_scenario,1,Polar Bear WHB,catch,1.5e-05,1.3500000000000001e-05,"Freeze completed living P,Q,diet,predation,accumulation,migration. Solve EE for SM; detritus accumulation absorbs routed inflow at fixed predation. No new consumption is assumed.",SE,0.1
446_446_Hudson_Bay_(1970),routing_scenario,25,Brackish Fish,external_loss,0.0,2.64076e-09,"Freeze completed living P,Q,diet,predation,accumulation,migration. Solve EE for SM; detritus accumulation absorbs routed inflow at fixed predation. No new consumption is assumed.",SE,0.1
446_446_Hudson_Bay_(1970),routing_scenario,24,Other Marine Fish,external_loss,0.0,6.60189e-09,"Freeze completed living P,Q,diet,predation,accumulation,migration. Solve EE for SM; detritus accumulation absorbs routed inflow at fixed predation. No new consumption is assumed.",SE,0.1
446_446_Hudson_Bay_(1970),routing_scenario,22,Sandlance,external_loss,0.0,3.96113e-09,"Freeze completed living P,Q,diet,predation,accumulation,migration. Solve EE for SM; detritus accumulation absorbs routed inflow at fixed predation. No new consumption is assumed.",SE,0.1
446_446_Hudson_Bay_(1970),routing_scenario,21,Capelin,external_loss,0.0,1.3203800000000001e-08,"Freeze completed living P,Q,diet,predation,accumulation,migration. Solve EE for SM; detritus accumulation absorbs routed inflow at fixed predation. No new consumption is assumed.",SE,0.1
446_446_Hudson_Bay_(1970),routing_scenario,20,Sculpins/ Zoarcids,external_loss,0.0,2.6407600000000002e-08,"Freeze completed living P,Q,diet,predation,accumulation,migration. Solve EE for SM; detritus accumulation absorbs routed inflow at fixed predation. No new consumption is assumed.",SE,0.1
446_446_Hudson_Bay_(1970),routing_scenario,19,Gadiformes,external_loss,0.0,2.6407600000000002e-08,"Freeze completed living P,Q,diet,predation,accumulation,migration. Solve EE for SM; detritus accumulation absorbs routed inflow at fixed predation. No new consumption is assumed.",SE,0.1
446_446_Hudson_Bay_(1970),routing_scenario,18,Atlantic Salmon,external_loss,0.0,1.32038e-09,"Freeze completed living P,Q,diet,predation,accumulation,migration. Solve EE for SM; detritus accumulation absorbs routed inflow at fixed predation. No new consumption is assumed.",SE,0.1
446_446_Hudson_Bay_(1970),routing_scenario,17,Arctic Char,external_loss,0.0,4.62132e-08,"Freeze completed living P,Q,diet,predation,accumulation,migration. Solve EE for SM; detritus accumulation absorbs routed inflow at fixed predation. No new consumption is assumed.",SE,0.1
446_446_Hudson_Bay_(1970),routing_scenario,16,Seabirds,external_loss,0.0,3.25e-05,"Freeze completed living P,Q,diet,predation,accumulation,migration. Solve EE for SM; detritus accumulation absorbs routed inflow at fixed predation. No new consumption is assumed.",SE,0.1
446_446_Hudson_Bay_(1970),routing_scenario,15,Beluga James,external_loss,0.0,1.4000000000000001e-06,"Freeze completed living P,Q,diet,predation,accumulation,migration. Solve EE for SM; detritus accumulation absorbs routed inflow at fixed predation. No new consumption is assumed.",SE,0.1
446_446_Hudson_Bay_(1970),routing_scenario,14,Beluga W,external_loss,0.0,6.0500000000000005e-06,"Freeze completed living P,Q,diet,predation,accumulation,migration. Solve EE for SM; detritus accumulation absorbs routed inflow at fixed predation. No new consumption is assumed.",SE,0.1
446_446_Hudson_Bay_(1970),routing_scenario,13,Beluga E,external_loss,0.0,3.3000000000000006e-06,"Freeze completed living P,Q,diet,predation,accumulation,migration. Solve EE for SM; detritus accumulation absorbs routed inflow at fixed predation. No new consumption is assumed.",SE,0.1
446_446_Hudson_Bay_(1970),routing_scenario,12,Harp seal,external_loss,0.0,1.4000000000000001e-06,"Freeze completed living P,Q,diet,predation,accumulation,migration. Solve EE for SM; detritus accumulation absorbs routed inflow at fixed predation. No new consumption is assumed.",SE,0.1
446_446_Hudson_Bay_(1970),routing_scenario,11,Ringed Seal,external_loss,0.0,3.9300000000000007e-05,"Freeze completed living P,Q,diet,predation,accumulation,migration. Solve EE for SM; detritus accumulation absorbs routed inflow at fixed predation. No new consumption is assumed.",SE,0.1
446_446_Hudson_Bay_(1970),routing_scenario,10,Harbour Seal,external_loss,0.0,2e-07,"Freeze completed living P,Q,diet,predation,accumulation,migration. Solve EE for SM; detritus accumulation absorbs routed inflow at fixed predation. No new consumption is assumed.",SE,0.1
446_446_Hudson_Bay_(1970),routing_scenario,9,Bearded Seal,external_loss,0.0,1.67e-05,"Freeze completed living P,Q,diet,predation,accumulation,migration. Solve EE for SM; detritus accumulation absorbs routed inflow at fixed predation. No new consumption is assumed.",SE,0.1
446_446_Hudson_Bay_(1970),routing_scenario,8,Walrus S,external_loss,0.0,6.000000000000001e-07,"Freeze completed living P,Q,diet,predation,accumulation,migration. Solve EE for SM; detritus accumulation absorbs routed inflow at fixed predation. No new consumption is assumed.",SE,0.1
446_446_Hudson_Bay_(1970),routing_scenario,7,Walrus N,external_loss,0.0,8.000000000000001e-06,"Freeze completed living P,Q,diet,predation,accumulation,migration. Solve EE for SM; detritus accumulation absorbs routed inflow at fixed predation. No new consumption is assumed.",SE,0.1
446_446_Hudson_Bay_(1970),routing_scenario,6,Bowhead,external_loss,0.0,9.000000000000001e-07,"Freeze completed living P,Q,diet,predation,accumulation,migration. Solve EE for SM; detritus accumulation absorbs routed inflow at fixed predation. No new consumption is assumed.",SE,0.1
446_446_Hudson_Bay_(1970),routing_scenario,5,Narwhal,external_loss,0.0,3.4e-06,"Freeze completed living P,Q,diet,predation,accumulation,migration. Solve EE for SM; detritus accumulation absorbs routed inflow at fixed predation. No new consumption is assumed.",SE,0.1
446_446_Hudson_Bay_(1970),routing_scenario,4,Killer Whale,external_loss,0.0,1e-07,"Freeze completed living P,Q,diet,predation,accumulation,migration. Solve EE for SM; detritus accumulation absorbs routed inflow at fixed predation. No new consumption is assumed.",SE,0.1
446_446_Hudson_Bay_(1970),routing_scenario,3,Polar Bear Foxe,external_loss,0.0,5.000000000000001e-07,"Freeze completed living P,Q,diet,predation,accumulation,migration. Solve EE for SM; detritus accumulation absorbs routed inflow at fixed predation. No new consumption is assumed.",SE,0.1
446_446_Hudson_Bay_(1970),routing_scenario,2,SH Polar Bear,external_loss,0.0,2.2e-06,"Freeze completed living P,Q,diet,predation,accumulation,migration. Solve EE for SM; detritus accumulation absorbs routed inflow at fixed predation. No new consumption is assumed.",SE,0.1
446_446_Hudson_Bay_(1970),routing_scenario,1,Polar Bear WHB,external_loss,0.0,1.5e-06,"Freeze completed living P,Q,diet,predation,accumulation,migration. Solve EE for SM; detritus accumulation absorbs routed inflow at fixed predation. No new consumption is assumed.",SE,0.1
446_446_Hudson_Bay_(1970),routing_scenario,40,Pelagic Detritus,p,128.24910803428477,128.24923802871675,"Freeze completed living P,Q,diet,predation,accumulation,migration. Solve EE for SM; detritus accumulation absorbs routed inflow at fixed predation. No new consumption is assumed.",SM,0.11
446_446_Hudson_Bay_(1970),routing_scenario,40,Pelagic Detritus,q,128.24910803428477,128.24923802871675,"Freeze completed living P,Q,diet,predation,accumulation,migration. Solve EE for SM; detritus accumulation absorbs routed inflow at fixed predation. No new consumption is assumed.",SM,0.11
446_446_Hudson_Bay_(1970),routing_scenario,25,Brackish Fish,M0,0.0025425355725000025,0.0025425384773360028,"Freeze completed living P,Q,diet,predation,accumulation,migration. Solve EE for SM; detritus accumulation absorbs routed inflow at fixed predation. No new consumption is assumed.",SM,0.11
446_446_Hudson_Bay_(1970),routing_scenario,24,Other Marine Fish,M0,0.011930946740000012,0.011930954002079013,"Freeze completed living P,Q,diet,predation,accumulation,migration. Solve EE for SM; detritus accumulation absorbs routed inflow at fixed predation. No new consumption is assumed.",SM,0.11
446_446_Hudson_Bay_(1970),routing_scenario,22,Sandlance,M0,0.021766202280000018,0.02176620663724302,"Freeze completed living P,Q,diet,predation,accumulation,migration. Solve EE for SM; detritus accumulation absorbs routed inflow at fixed predation. No new consumption is assumed.",SM,0.11
446_446_Hudson_Bay_(1970),routing_scenario,21,Capelin,M0,0.025841266500000022,0.025841281024180023,"Freeze completed living P,Q,diet,predation,accumulation,migration. Solve EE for SM; detritus accumulation absorbs routed inflow at fixed predation. No new consumption is assumed.",SM,0.11
446_446_Hudson_Bay_(1970),routing_scenario,20,Sculpins/ Zoarcids,M0,0.008667478715000008,0.008667507763360009,"Freeze completed living P,Q,diet,predation,accumulation,migration. Solve EE for SM; detritus accumulation absorbs routed inflow at fixed predation. No new consumption is assumed.",SM,0.11
446_446_Hudson_Bay_(1970),routing_scenario,19,Gadiformes,M0,0.016022631350000014,0.016022660398360013,"Freeze completed living P,Q,diet,predation,accumulation,migration. Solve EE for SM; detritus accumulation absorbs routed inflow at fixed predation. No new consumption is assumed.",SM,0.11
446_446_Hudson_Bay_(1970),routing_scenario,18,Atlantic Salmon,M0,0.0013343262400000013,0.0013343276924180014,"Freeze completed living P,Q,diet,predation,accumulation,migration. Solve EE for SM; detritus accumulation absorbs routed inflow at fixed predation. No new consumption is assumed.",SM,0.11
446_446_Hudson_Bay_(1970),routing_scenario,17,Arctic Char,M0,0.0017951153200000017,0.0017951661545200016,"Freeze completed living P,Q,diet,predation,accumulation,migration. Solve EE for SM; detritus accumulation absorbs routed inflow at fixed predation. No new consumption is assumed.",SM,0.11
446_446_Hudson_Bay_(1970),routing_scenario,16,Seabirds,M0,0.021714263038000003,0.021750013038000005,"Freeze completed living P,Q,diet,predation,accumulation,migration. Solve EE for SM; detritus accumulation absorbs routed inflow at fixed predation. No new consumption is assumed.",SM,0.11
446_446_Hudson_Bay_(1970),routing_scenario,15,Beluga James,M0,5.5673137044634417e-05,5.721313704463442e-05,"Freeze completed living P,Q,diet,predation,accumulation,migration. Solve EE for SM; detritus accumulation absorbs routed inflow at fixed predation. No new consumption is assumed.",SM,0.11
446_446_Hudson_Bay_(1970),routing_scenario,14,Beluga W,M0,0.0013602991127677291,0.001366954112767729,"Freeze completed living P,Q,diet,predation,accumulation,migration. Solve EE for SM; detritus accumulation absorbs routed inflow at fixed predation. No new consumption is assumed.",SM,0.11
446_446_Hudson_Bay_(1970),routing_scenario,13,Beluga E,M0,9.807396405385151e-05,0.00010170396405385152,"Freeze completed living P,Q,diet,predation,accumulation,migration. Solve EE for SM; detritus accumulation absorbs routed inflow at fixed predation. No new consumption is assumed.",SM,0.11
446_446_Hudson_Bay_(1970),routing_scenario,12,Harp seal,M0,3.9123524670240005e-05,4.066352467024001e-05,"Freeze completed living P,Q,diet,predation,accumulation,migration. Solve EE for SM; detritus accumulation absorbs routed inflow at fixed predation. No new consumption is assumed.",SM,0.11
446_446_Hudson_Bay_(1970),routing_scenario,11,Ringed Seal,M0,0.004359851707524983,0.004403081707524983,"Freeze completed living P,Q,diet,predation,accumulation,migration. Solve EE for SM; detritus accumulation absorbs routed inflow at fixed predation. No new consumption is assumed.",SM,0.11
446_446_Hudson_Bay_(1970),routing_scenario,10,Harbour Seal,M0,0.00012099825122750879,0.00012121825122750878,"Freeze completed living P,Q,diet,predation,accumulation,migration. Solve EE for SM; detritus accumulation absorbs routed inflow at fixed predation. No new consumption is assumed.",SM,0.11
446_446_Hudson_Bay_(1970),routing_scenario,9,Bearded Seal,M0,0.00013606373638765757,0.00015443373638765757,"Freeze completed living P,Q,diet,predation,accumulation,migration. Solve EE for SM; detritus accumulation absorbs routed inflow at fixed predation. No new consumption is assumed.",SM,0.11
446_446_Hudson_Bay_(1970),routing_scenario,8,Walrus S,M0,8.217029462185597e-05,8.283029462185597e-05,"Freeze completed living P,Q,diet,predation,accumulation,migration. Solve EE for SM; detritus accumulation absorbs routed inflow at fixed predation. No new consumption is assumed.",SM,0.11
446_446_Hudson_Bay_(1970),routing_scenario,7,Walrus N,M0,0.0003819925835737691,0.0003907925835737691,"Freeze completed living P,Q,diet,predation,accumulation,migration. Solve EE for SM; detritus accumulation absorbs routed inflow at fixed predation. No new consumption is assumed.",SM,0.11
446_446_Hudson_Bay_(1970),routing_scenario,6,Bowhead,M0,0.00021741439634646387,0.00021840439634646387,"Freeze completed living P,Q,diet,predation,accumulation,migration. Solve EE for SM; detritus accumulation absorbs routed inflow at fixed predation. No new consumption is assumed.",SM,0.11
446_446_Hudson_Bay_(1970),routing_scenario,5,Narwhal,M0,0.00011868823016079942,0.0001224282301607994,"Freeze completed living P,Q,diet,predation,accumulation,migration. Solve EE for SM; detritus accumulation absorbs routed inflow at fixed predation. No new consumption is assumed.",SM,0.11
446_446_Hudson_Bay_(1970),routing_scenario,4,Killer Whale,M0,2.76981004599574e-06,2.8798100459957396e-06,"Freeze completed living P,Q,diet,predation,accumulation,migration. Solve EE for SM; detritus accumulation absorbs routed inflow at fixed predation. No new consumption is assumed.",SM,0.11
446_446_Hudson_Bay_(1970),routing_scenario,3,Polar Bear Foxe,M0,1.611317803944726e-05,1.666317803944726e-05,"Freeze completed living P,Q,diet,predation,accumulation,migration. Solve EE for SM; detritus accumulation absorbs routed inflow at fixed predation. No new consumption is assumed.",SM,0.11
446_446_Hudson_Bay_(1970),routing_scenario,2,SH Polar Bear,M0,2.9258219105026142e-05,3.167821910502614e-05,"Freeze completed living P,Q,diet,predation,accumulation,migration. Solve EE for SM; detritus accumulation absorbs routed inflow at fixed predation. No new consumption is assumed.",SM,0.11
446_446_Hudson_Bay_(1970),routing_scenario,1,Polar Bear WHB,M0,3.4803496340686466e-05,3.6453496340686465e-05,"Freeze completed living P,Q,diet,predation,accumulation,migration. Solve EE for SM; detritus accumulation absorbs routed inflow at fixed predation. No new consumption is assumed.",SM,0.11
446_446_Hudson_Bay_(1970),routing_scenario,25,Brackish Fish,EE,0.95,0.9499999428752142,"Freeze completed living P,Q,diet,predation,accumulation,migration. Solve EE for SM; detritus accumulation absorbs routed inflow at fixed predation. No new consumption is assumed.",SM,0.11
446_446_Hudson_Bay_(1970),routing_scenario,24,Other Marine Fish,EE,0.95,0.949999969566208,"Freeze completed living P,Q,diet,predation,accumulation,migration. Solve EE for SM; detritus accumulation absorbs routed inflow at fixed predation. No new consumption is assumed.",SM,0.11
446_446_Hudson_Bay_(1970),routing_scenario,22,Sandlance,EE,0.95,0.9499999899908056,"Freeze completed living P,Q,diet,predation,accumulation,migration. Solve EE for SM; detritus accumulation absorbs routed inflow at fixed predation. No new consumption is assumed.",SM,0.11
446_446_Hudson_Bay_(1970),routing_scenario,21,Capelin,EE,0.95,0.9499999718973139,"Freeze completed living P,Q,diet,predation,accumulation,migration. Solve EE for SM; detritus accumulation absorbs routed inflow at fixed predation. No new consumption is assumed.",SM,0.11
446_446_Hudson_Bay_(1970),routing_scenario,20,Sculpins/ Zoarcids,EE,0.95,0.9499998324290087,"Freeze completed living P,Q,diet,predation,accumulation,migration. Solve EE for SM; detritus accumulation absorbs routed inflow at fixed predation. No new consumption is assumed.",SM,0.11
446_446_Hudson_Bay_(1970),routing_scenario,19,Gadiformes,EE,0.95,0.9499999093520928,"Freeze completed living P,Q,diet,predation,accumulation,migration. Solve EE for SM; detritus accumulation absorbs routed inflow at fixed predation. No new consumption is assumed.",SM,0.11
446_446_Hudson_Bay_(1970),routing_scenario,18,Atlantic Salmon,EE,0.95,0.9499999455748542,"Freeze completed living P,Q,diet,predation,accumulation,migration. Solve EE for SM; detritus accumulation absorbs routed inflow at fixed predation. No new consumption is assumed.",SM,0.11
446_446_Hudson_Bay_(1970),routing_scenario,17,Arctic Char,EE,0.95,0.9499985840876228,"Freeze completed living P,Q,diet,predation,accumulation,migration. Solve EE for SM; detritus accumulation absorbs routed inflow at fixed predation. No new consumption is assumed.",SM,0.11
446_446_Hudson_Bay_(1970),routing_scenario,16,Seabirds,EE,0.09712003999999996,0.09563355351351344,"Freeze completed living P,Q,diet,predation,accumulation,migration. Solve EE for SM; detritus accumulation absorbs routed inflow at fixed predation. No new consumption is assumed.",SM,0.11
446_446_Hudson_Bay_(1970),routing_scenario,15,Beluga James,EE,0.5643347,0.552283563713893,"Freeze completed living P,Q,diet,predation,accumulation,migration. Solve EE for SM; detritus accumulation absorbs routed inflow at fixed predation. No new consumption is assumed.",SM,0.11
446_446_Hudson_Bay_(1970),routing_scenario,14,Beluga W,EE,0.13272054499999997,0.12847754820697732,"Freeze completed living P,Q,diet,predation,accumulation,migration. Solve EE for SM; detritus accumulation absorbs routed inflow at fixed predation. No new consumption is assumed.",SM,0.11
446_446_Hudson_Bay_(1970),routing_scenario,13,Beluga E,EE,0.28052579999999994,0.2538959867646957,"Freeze completed living P,Q,diet,predation,accumulation,migration. Solve EE for SM; detritus accumulation absorbs routed inflow at fixed predation. No new consumption is assumed.",SM,0.11
446_446_Hudson_Bay_(1970),routing_scenario,12,Harp seal,EE,0.6883504,0.6760830905475601,"Freeze completed living P,Q,diet,predation,accumulation,migration. Solve EE for SM; detritus accumulation absorbs routed inflow at fixed predation. No new consumption is assumed.",SM,0.11
446_446_Hudson_Bay_(1970),routing_scenario,11,Ringed Seal,EE,0.412556618,0.40673183791401024,"Freeze completed living P,Q,diet,predation,accumulation,migration. Solve EE for SM; detritus accumulation absorbs routed inflow at fixed predation. No new consumption is assumed.",SM,0.11
446_446_Hudson_Bay_(1970),routing_scenario,10,Harbour Seal,EE,0.07364795999999996,0.07196365922100112,"Freeze completed living P,Q,diet,predation,accumulation,migration. Solve EE for SM; detritus accumulation absorbs routed inflow at fixed predation. No new consumption is assumed.",SM,0.11
446_446_Hudson_Bay_(1970),routing_scenario,9,Bearded Seal,EE,0.791283369,0.7631044830362466,"Freeze completed living P,Q,diet,predation,accumulation,migration. Solve EE for SM; detritus accumulation absorbs routed inflow at fixed predation. No new consumption is assumed.",SM,0.11
446_446_Hudson_Bay_(1970),routing_scenario,8,Walrus S,EE,0.143246785,0.13636525774611574,"Freeze completed living P,Q,diet,predation,accumulation,migration. Solve EE for SM; detritus accumulation absorbs routed inflow at fixed predation. No new consumption is assumed.",SM,0.11
446_446_Hudson_Bay_(1970),routing_scenario,7,Walrus N,EE,0.18816389099999997,0.16946154423619075,"Freeze completed living P,Q,diet,predation,accumulation,migration. Solve EE for SM; detritus accumulation absorbs routed inflow at fixed predation. No new consumption is assumed.",SM,0.11
446_446_Hudson_Bay_(1970),routing_scenario,6,Bowhead,EE,0.052819170000000026,0.048506166641171355,"Freeze completed living P,Q,diet,predation,accumulation,migration. Solve EE for SM; detritus accumulation absorbs routed inflow at fixed predation. No new consumption is assumed.",SM,0.11
446_446_Hudson_Bay_(1970),routing_scenario,5,Narwhal,EE,0.2706202,0.24763661983957264,"Freeze completed living P,Q,diet,predation,accumulation,migration. Solve EE for SM; detritus accumulation absorbs routed inflow at fixed predation. No new consumption is assumed.",SM,0.11
446_446_Hudson_Bay_(1970),routing_scenario,4,Killer Whale,EE,0.26526534600000007,0.23608615659788168,"Freeze completed living P,Q,diet,predation,accumulation,migration. Solve EE for SM; detritus accumulation absorbs routed inflow at fixed predation. No new consumption is assumed.",SM,0.11
446_446_Hudson_Bay_(1970),routing_scenario,3,Polar Bear Foxe,EE,0.3027038569999999,0.2789026628649195,"Freeze completed living P,Q,diet,predation,accumulation,migration. Solve EE for SM; detritus accumulation absorbs routed inflow at fixed predation. No new consumption is assumed.",SM,0.11
446_446_Hudson_Bay_(1970),routing_scenario,2,SH Polar Bear,EE,0.5060891,0.4652368398638159,"Freeze completed living P,Q,diet,predation,accumulation,migration. Solve EE for SM; detritus accumulation absorbs routed inflow at fixed predation. No new consumption is assumed.",SM,0.11
446_446_Hudson_Bay_(1970),routing_scenario,1,Polar Bear WHB,EE,0.4138758,0.3860882202541852,"Freeze completed living P,Q,diet,predation,accumulation,migration. Solve EE for SM; detritus accumulation absorbs routed inflow at fixed predation. No new consumption is assumed.",SM,0.11
446_446_Hudson_Bay_(1970),routing_scenario,25,Brackish Fish,catch,2.64076e-08,2.3502764e-08,"Freeze completed living P,Q,diet,predation,accumulation,migration. Solve EE for SM; detritus accumulation absorbs routed inflow at fixed predation. No new consumption is assumed.",SM,0.11
446_446_Hudson_Bay_(1970),routing_scenario,24,Other Marine Fish,catch,6.60189e-08,5.8756821e-08,"Freeze completed living P,Q,diet,predation,accumulation,migration. Solve EE for SM; detritus accumulation absorbs routed inflow at fixed predation. No new consumption is assumed.",SM,0.11
446_446_Hudson_Bay_(1970),routing_scenario,22,Sandlance,catch,3.96113e-08,3.5254057e-08,"Freeze completed living P,Q,diet,predation,accumulation,migration. Solve EE for SM; detritus accumulation absorbs routed inflow at fixed predation. No new consumption is assumed.",SM,0.11
446_446_Hudson_Bay_(1970),routing_scenario,21,Capelin,catch,1.32038e-07,1.1751382000000001e-07,"Freeze completed living P,Q,diet,predation,accumulation,migration. Solve EE for SM; detritus accumulation absorbs routed inflow at fixed predation. No new consumption is assumed.",SM,0.11
446_446_Hudson_Bay_(1970),routing_scenario,20,Sculpins/ Zoarcids,catch,2.64076e-07,2.3502764000000002e-07,"Freeze completed living P,Q,diet,predation,accumulation,migration. Solve EE for SM; detritus accumulation absorbs routed inflow at fixed predation. No new consumption is assumed.",SM,0.11
446_446_Hudson_Bay_(1970),routing_scenario,19,Gadiformes,catch,2.64076e-07,2.3502764000000002e-07,"Freeze completed living P,Q,diet,predation,accumulation,migration. Solve EE for SM; detritus accumulation absorbs routed inflow at fixed predation. No new consumption is assumed.",SM,0.11
446_446_Hudson_Bay_(1970),routing_scenario,18,Atlantic Salmon,catch,1.32038e-08,1.1751382e-08,"Freeze completed living P,Q,diet,predation,accumulation,migration. Solve EE for SM; detritus accumulation absorbs routed inflow at fixed predation. No new consumption is assumed.",SM,0.11
446_446_Hudson_Bay_(1970),routing_scenario,17,Arctic Char,catch,4.62132e-07,4.1129748000000005e-07,"Freeze completed living P,Q,diet,predation,accumulation,migration. Solve EE for SM; detritus accumulation absorbs routed inflow at fixed predation. No new consumption is assumed.",SM,0.11
446_446_Hudson_Bay_(1970),routing_scenario,16,Seabirds,catch,0.000325,0.00028925,"Freeze completed living P,Q,diet,predation,accumulation,migration. Solve EE for SM; detritus accumulation absorbs routed inflow at fixed predation. No new consumption is assumed.",SM,0.11
446_446_Hudson_Bay_(1970),routing_scenario,15,Beluga James,catch,1.4e-05,1.246e-05,"Freeze completed living P,Q,diet,predation,accumulation,migration. Solve EE for SM; detritus accumulation absorbs routed inflow at fixed predation. No new consumption is assumed.",SM,0.11
446_446_Hudson_Bay_(1970),routing_scenario,14,Beluga W,catch,6.05e-05,5.3845000000000004e-05,"Freeze completed living P,Q,diet,predation,accumulation,migration. Solve EE for SM; detritus accumulation absorbs routed inflow at fixed predation. No new consumption is assumed.",SM,0.11
446_446_Hudson_Bay_(1970),routing_scenario,13,Beluga E,catch,3.3e-05,2.9370000000000002e-05,"Freeze completed living P,Q,diet,predation,accumulation,migration. Solve EE for SM; detritus accumulation absorbs routed inflow at fixed predation. No new consumption is assumed.",SM,0.11
446_446_Hudson_Bay_(1970),routing_scenario,12,Harp seal,catch,1.4e-05,1.246e-05,"Freeze completed living P,Q,diet,predation,accumulation,migration. Solve EE for SM; detritus accumulation absorbs routed inflow at fixed predation. No new consumption is assumed.",SM,0.11
446_446_Hudson_Bay_(1970),routing_scenario,11,Ringed Seal,catch,0.000393,0.00034977,"Freeze completed living P,Q,diet,predation,accumulation,migration. Solve EE for SM; detritus accumulation absorbs routed inflow at fixed predation. No new consumption is assumed.",SM,0.11
446_446_Hudson_Bay_(1970),routing_scenario,10,Harbour Seal,catch,2e-06,1.78e-06,"Freeze completed living P,Q,diet,predation,accumulation,migration. Solve EE for SM; detritus accumulation absorbs routed inflow at fixed predation. No new consumption is assumed.",SM,0.11
446_446_Hudson_Bay_(1970),routing_scenario,9,Bearded Seal,catch,0.000167,0.00014863,"Freeze completed living P,Q,diet,predation,accumulation,migration. Solve EE for SM; detritus accumulation absorbs routed inflow at fixed predation. No new consumption is assumed.",SM,0.11
446_446_Hudson_Bay_(1970),routing_scenario,8,Walrus S,catch,6e-06,5.3400000000000005e-06,"Freeze completed living P,Q,diet,predation,accumulation,migration. Solve EE for SM; detritus accumulation absorbs routed inflow at fixed predation. No new consumption is assumed.",SM,0.11
446_446_Hudson_Bay_(1970),routing_scenario,7,Walrus N,catch,8e-05,7.120000000000001e-05,"Freeze completed living P,Q,diet,predation,accumulation,migration. Solve EE for SM; detritus accumulation absorbs routed inflow at fixed predation. No new consumption is assumed.",SM,0.11
446_446_Hudson_Bay_(1970),routing_scenario,6,Bowhead,catch,9e-06,8.01e-06,"Freeze completed living P,Q,diet,predation,accumulation,migration. Solve EE for SM; detritus accumulation absorbs routed inflow at fixed predation. No new consumption is assumed.",SM,0.11
446_446_Hudson_Bay_(1970),routing_scenario,5,Narwhal,catch,3.4e-05,3.026e-05,"Freeze completed living P,Q,diet,predation,accumulation,migration. Solve EE for SM; detritus accumulation absorbs routed inflow at fixed predation. No new consumption is assumed.",SM,0.11
446_446_Hudson_Bay_(1970),routing_scenario,4,Killer Whale,catch,1e-06,8.9e-07,"Freeze completed living P,Q,diet,predation,accumulation,migration. Solve EE for SM; detritus accumulation absorbs routed inflow at fixed predation. No new consumption is assumed.",SM,0.11
446_446_Hudson_Bay_(1970),routing_scenario,3,Polar Bear Foxe,catch,5e-06,4.450000000000001e-06,"Freeze completed living P,Q,diet,predation,accumulation,migration. Solve EE for SM; detritus accumulation absorbs routed inflow at fixed predation. No new consumption is assumed.",SM,0.11
446_446_Hudson_Bay_(1970),routing_scenario,2,SH Polar Bear,catch,2.2e-05,1.958e-05,"Freeze completed living P,Q,diet,predation,accumulation,migration. Solve EE for SM; detritus accumulation absorbs routed inflow at fixed predation. No new consumption is assumed.",SM,0.11
446_446_Hudson_Bay_(1970),routing_scenario,1,Polar Bear WHB,catch,1.5e-05,1.3350000000000001e-05,"Freeze completed living P,Q,diet,predation,accumulation,migration. Solve EE for SM; detritus accumulation absorbs routed inflow at fixed predation. No new consumption is assumed.",SM,0.11
446_446_Hudson_Bay_(1970),routing_scenario,40,Pelagic Detritus,growth,100.09094139097152,100.0910713854035,"Freeze completed living P,Q,diet,predation,accumulation,migration. Solve EE for SM; detritus accumulation absorbs routed inflow at fixed predation. No new consumption is assumed.",SM,0.11
446_446_Hudson_Bay_(1970),routing_scenario,25,Brackish Fish,catch,2.64076e-08,2.3502764e-08,"Freeze completed living P,Q,diet,predation,accumulation,migration. Solve EE for SM; detritus accumulation absorbs routed inflow at fixed predation. No new consumption is assumed.",SE,0.11
446_446_Hudson_Bay_(1970),routing_scenario,24,Other Marine Fish,catch,6.60189e-08,5.8756821e-08,"Freeze completed living P,Q,diet,predation,accumulation,migration. Solve EE for SM; detritus accumulation absorbs routed inflow at fixed predation. No new consumption is assumed.",SE,0.11
446_446_Hudson_Bay_(1970),routing_scenario,22,Sandlance,catch,3.96113e-08,3.5254057e-08,"Freeze completed living P,Q,diet,predation,accumulation,migration. Solve EE for SM; detritus accumulation absorbs routed inflow at fixed predation. No new consumption is assumed.",SE,0.11
446_446_Hudson_Bay_(1970),routing_scenario,21,Capelin,catch,1.32038e-07,1.1751382000000001e-07,"Freeze completed living P,Q,diet,predation,accumulation,migration. Solve EE for SM; detritus accumulation absorbs routed inflow at fixed predation. No new consumption is assumed.",SE,0.11
446_446_Hudson_Bay_(1970),routing_scenario,20,Sculpins/ Zoarcids,catch,2.64076e-07,2.3502764000000002e-07,"Freeze completed living P,Q,diet,predation,accumulation,migration. Solve EE for SM; detritus accumulation absorbs routed inflow at fixed predation. No new consumption is assumed.",SE,0.11
446_446_Hudson_Bay_(1970),routing_scenario,19,Gadiformes,catch,2.64076e-07,2.3502764000000002e-07,"Freeze completed living P,Q,diet,predation,accumulation,migration. Solve EE for SM; detritus accumulation absorbs routed inflow at fixed predation. No new consumption is assumed.",SE,0.11
446_446_Hudson_Bay_(1970),routing_scenario,18,Atlantic Salmon,catch,1.32038e-08,1.1751382e-08,"Freeze completed living P,Q,diet,predation,accumulation,migration. Solve EE for SM; detritus accumulation absorbs routed inflow at fixed predation. No new consumption is assumed.",SE,0.11
446_446_Hudson_Bay_(1970),routing_scenario,17,Arctic Char,catch,4.62132e-07,4.1129748000000005e-07,"Freeze completed living P,Q,diet,predation,accumulation,migration. Solve EE for SM; detritus accumulation absorbs routed inflow at fixed predation. No new consumption is assumed.",SE,0.11
446_446_Hudson_Bay_(1970),routing_scenario,16,Seabirds,catch,0.000325,0.00028925,"Freeze completed living P,Q,diet,predation,accumulation,migration. Solve EE for SM; detritus accumulation absorbs routed inflow at fixed predation. No new consumption is assumed.",SE,0.11
446_446_Hudson_Bay_(1970),routing_scenario,15,Beluga James,catch,1.4e-05,1.246e-05,"Freeze completed living P,Q,diet,predation,accumulation,migration. Solve EE for SM; detritus accumulation absorbs routed inflow at fixed predation. No new consumption is assumed.",SE,0.11
446_446_Hudson_Bay_(1970),routing_scenario,14,Beluga W,catch,6.05e-05,5.3845000000000004e-05,"Freeze completed living P,Q,diet,predation,accumulation,migration. Solve EE for SM; detritus accumulation absorbs routed inflow at fixed predation. No new consumption is assumed.",SE,0.11
446_446_Hudson_Bay_(1970),routing_scenario,13,Beluga E,catch,3.3e-05,2.9370000000000002e-05,"Freeze completed living P,Q,diet,predation,accumulation,migration. Solve EE for SM; detritus accumulation absorbs routed inflow at fixed predation. No new consumption is assumed.",SE,0.11
446_446_Hudson_Bay_(1970),routing_scenario,12,Harp seal,catch,1.4e-05,1.246e-05,"Freeze completed living P,Q,diet,predation,accumulation,migration. Solve EE for SM; detritus accumulation absorbs routed inflow at fixed predation. No new consumption is assumed.",SE,0.11
446_446_Hudson_Bay_(1970),routing_scenario,11,Ringed Seal,catch,0.000393,0.00034977,"Freeze completed living P,Q,diet,predation,accumulation,migration. Solve EE for SM; detritus accumulation absorbs routed inflow at fixed predation. No new consumption is assumed.",SE,0.11
446_446_Hudson_Bay_(1970),routing_scenario,10,Harbour Seal,catch,2e-06,1.78e-06,"Freeze completed living P,Q,diet,predation,accumulation,migration. Solve EE for SM; detritus accumulation absorbs routed inflow at fixed predation. No new consumption is assumed.",SE,0.11
446_446_Hudson_Bay_(1970),routing_scenario,9,Bearded Seal,catch,0.000167,0.00014863,"Freeze completed living P,Q,diet,predation,accumulation,migration. Solve EE for SM; detritus accumulation absorbs routed inflow at fixed predation. No new consumption is assumed.",SE,0.11
446_446_Hudson_Bay_(1970),routing_scenario,8,Walrus S,catch,6e-06,5.3400000000000005e-06,"Freeze completed living P,Q,diet,predation,accumulation,migration. Solve EE for SM; detritus accumulation absorbs routed inflow at fixed predation. No new consumption is assumed.",SE,0.11
446_446_Hudson_Bay_(1970),routing_scenario,7,Walrus N,catch,8e-05,7.120000000000001e-05,"Freeze completed living P,Q,diet,predation,accumulation,migration. Solve EE for SM; detritus accumulation absorbs routed inflow at fixed predation. No new consumption is assumed.",SE,0.11
446_446_Hudson_Bay_(1970),routing_scenario,6,Bowhead,catch,9e-06,8.01e-06,"Freeze completed living P,Q,diet,predation,accumulation,migration. Solve EE for SM; detritus accumulation absorbs routed inflow at fixed predation. No new consumption is assumed.",SE,0.11
446_446_Hudson_Bay_(1970),routing_scenario,5,Narwhal,catch,3.4e-05,3.026e-05,"Freeze completed living P,Q,diet,predation,accumulation,migration. Solve EE for SM; detritus accumulation absorbs routed inflow at fixed predation. No new consumption is assumed.",SE,0.11
446_446_Hudson_Bay_(1970),routing_scenario,4,Killer Whale,catch,1e-06,8.9e-07,"Freeze completed living P,Q,diet,predation,accumulation,migration. Solve EE for SM; detritus accumulation absorbs routed inflow at fixed predation. No new consumption is assumed.",SE,0.11
446_446_Hudson_Bay_(1970),routing_scenario,3,Polar Bear Foxe,catch,5e-06,4.450000000000001e-06,"Freeze completed living P,Q,diet,predation,accumulation,migration. Solve EE for SM; detritus accumulation absorbs routed inflow at fixed predation. No new consumption is assumed.",SE,0.11
446_446_Hudson_Bay_(1970),routing_scenario,2,SH Polar Bear,catch,2.2e-05,1.958e-05,"Freeze completed living P,Q,diet,predation,accumulation,migration. Solve EE for SM; detritus accumulation absorbs routed inflow at fixed predation. No new consumption is assumed.",SE,0.11
446_446_Hudson_Bay_(1970),routing_scenario,1,Polar Bear WHB,catch,1.5e-05,1.3350000000000001e-05,"Freeze completed living P,Q,diet,predation,accumulation,migration. Solve EE for SM; detritus accumulation absorbs routed inflow at fixed predation. No new consumption is assumed.",SE,0.11
446_446_Hudson_Bay_(1970),routing_scenario,25,Brackish Fish,external_loss,0.0,2.904836e-09,"Freeze completed living P,Q,diet,predation,accumulation,migration. Solve EE for SM; detritus accumulation absorbs routed inflow at fixed predation. No new consumption is assumed.",SE,0.11
446_446_Hudson_Bay_(1970),routing_scenario,24,Other Marine Fish,external_loss,0.0,7.2620789999999995e-09,"Freeze completed living P,Q,diet,predation,accumulation,migration. Solve EE for SM; detritus accumulation absorbs routed inflow at fixed predation. No new consumption is assumed.",SE,0.11
446_446_Hudson_Bay_(1970),routing_scenario,22,Sandlance,external_loss,0.0,4.357243e-09,"Freeze completed living P,Q,diet,predation,accumulation,migration. Solve EE for SM; detritus accumulation absorbs routed inflow at fixed predation. No new consumption is assumed.",SE,0.11
446_446_Hudson_Bay_(1970),routing_scenario,21,Capelin,external_loss,0.0,1.4524180000000001e-08,"Freeze completed living P,Q,diet,predation,accumulation,migration. Solve EE for SM; detritus accumulation absorbs routed inflow at fixed predation. No new consumption is assumed.",SE,0.11
446_446_Hudson_Bay_(1970),routing_scenario,20,Sculpins/ Zoarcids,external_loss,0.0,2.9048360000000002e-08,"Freeze completed living P,Q,diet,predation,accumulation,migration. Solve EE for SM; detritus accumulation absorbs routed inflow at fixed predation. No new consumption is assumed.",SE,0.11
446_446_Hudson_Bay_(1970),routing_scenario,19,Gadiformes,external_loss,0.0,2.9048360000000002e-08,"Freeze completed living P,Q,diet,predation,accumulation,migration. Solve EE for SM; detritus accumulation absorbs routed inflow at fixed predation. No new consumption is assumed.",SE,0.11
446_446_Hudson_Bay_(1970),routing_scenario,18,Atlantic Salmon,external_loss,0.0,1.452418e-09,"Freeze completed living P,Q,diet,predation,accumulation,migration. Solve EE for SM; detritus accumulation absorbs routed inflow at fixed predation. No new consumption is assumed.",SE,0.11
446_446_Hudson_Bay_(1970),routing_scenario,17,Arctic Char,external_loss,0.0,5.0834520000000004e-08,"Freeze completed living P,Q,diet,predation,accumulation,migration. Solve EE for SM; detritus accumulation absorbs routed inflow at fixed predation. No new consumption is assumed.",SE,0.11
446_446_Hudson_Bay_(1970),routing_scenario,16,Seabirds,external_loss,0.0,3.575e-05,"Freeze completed living P,Q,diet,predation,accumulation,migration. Solve EE for SM; detritus accumulation absorbs routed inflow at fixed predation. No new consumption is assumed.",SE,0.11
446_446_Hudson_Bay_(1970),routing_scenario,15,Beluga James,external_loss,0.0,1.54e-06,"Freeze completed living P,Q,diet,predation,accumulation,migration. Solve EE for SM; detritus accumulation absorbs routed inflow at fixed predation. No new consumption is assumed.",SE,0.11
446_446_Hudson_Bay_(1970),routing_scenario,14,Beluga W,external_loss,0.0,6.655e-06,"Freeze completed living P,Q,diet,predation,accumulation,migration. Solve EE for SM; detritus accumulation absorbs routed inflow at fixed predation. No new consumption is assumed.",SE,0.11
446_446_Hudson_Bay_(1970),routing_scenario,13,Beluga E,external_loss,0.0,3.6300000000000004e-06,"Freeze completed living P,Q,diet,predation,accumulation,migration. Solve EE for SM; detritus accumulation absorbs routed inflow at fixed predation. No new consumption is assumed.",SE,0.11
446_446_Hudson_Bay_(1970),routing_scenario,12,Harp seal,external_loss,0.0,1.54e-06,"Freeze completed living P,Q,diet,predation,accumulation,migration. Solve EE for SM; detritus accumulation absorbs routed inflow at fixed predation. No new consumption is assumed.",SE,0.11
446_446_Hudson_Bay_(1970),routing_scenario,11,Ringed Seal,external_loss,0.0,4.3230000000000005e-05,"Freeze completed living P,Q,diet,predation,accumulation,migration. Solve EE for SM; detritus accumulation absorbs routed inflow at fixed predation. No new consumption is assumed.",SE,0.11
446_446_Hudson_Bay_(1970),routing_scenario,10,Harbour Seal,external_loss,0.0,2.1999999999999998e-07,"Freeze completed living P,Q,diet,predation,accumulation,migration. Solve EE for SM; detritus accumulation absorbs routed inflow at fixed predation. No new consumption is assumed.",SE,0.11
446_446_Hudson_Bay_(1970),routing_scenario,9,Bearded Seal,external_loss,0.0,1.837e-05,"Freeze completed living P,Q,diet,predation,accumulation,migration. Solve EE for SM; detritus accumulation absorbs routed inflow at fixed predation. No new consumption is assumed.",SE,0.11
446_446_Hudson_Bay_(1970),routing_scenario,8,Walrus S,external_loss,0.0,6.6e-07,"Freeze completed living P,Q,diet,predation,accumulation,migration. Solve EE for SM; detritus accumulation absorbs routed inflow at fixed predation. No new consumption is assumed.",SE,0.11
446_446_Hudson_Bay_(1970),routing_scenario,7,Walrus N,external_loss,0.0,8.8e-06,"Freeze completed living P,Q,diet,predation,accumulation,migration. Solve EE for SM; detritus accumulation absorbs routed inflow at fixed predation. No new consumption is assumed.",SE,0.11
446_446_Hudson_Bay_(1970),routing_scenario,6,Bowhead,external_loss,0.0,9.9e-07,"Freeze completed living P,Q,diet,predation,accumulation,migration. Solve EE for SM; detritus accumulation absorbs routed inflow at fixed predation. No new consumption is assumed.",SE,0.11
446_446_Hudson_Bay_(1970),routing_scenario,5,Narwhal,external_loss,0.0,3.74e-06,"Freeze completed living P,Q,diet,predation,accumulation,migration. Solve EE for SM; detritus accumulation absorbs routed inflow at fixed predation. No new consumption is assumed.",SE,0.11
446_446_Hudson_Bay_(1970),routing_scenario,4,Killer Whale,external_loss,0.0,1.0999999999999999e-07,"Freeze completed living P,Q,diet,predation,accumulation,migration. Solve EE for SM; detritus accumulation absorbs routed inflow at fixed predation. No new consumption is assumed.",SE,0.11
446_446_Hudson_Bay_(1970),routing_scenario,3,Polar Bear Foxe,external_loss,0.0,5.5e-07,"Freeze completed living P,Q,diet,predation,accumulation,migration. Solve EE for SM; detritus accumulation absorbs routed inflow at fixed predation. No new consumption is assumed.",SE,0.11
446_446_Hudson_Bay_(1970),routing_scenario,2,SH Polar Bear,external_loss,0.0,2.42e-06,"Freeze completed living P,Q,diet,predation,accumulation,migration. Solve EE for SM; detritus accumulation absorbs routed inflow at fixed predation. No new consumption is assumed.",SE,0.11
446_446_Hudson_Bay_(1970),routing_scenario,1,Polar Bear WHB,external_loss,0.0,1.65e-06,"Freeze completed living P,Q,diet,predation,accumulation,migration. Solve EE for SM; detritus accumulation absorbs routed inflow at fixed predation. No new consumption is assumed.",SE,0.11
446_446_Hudson_Bay_(1970),routing_scenario,40,Pelagic Detritus,p,128.24910803428477,128.2492498463924,"Freeze completed living P,Q,diet,predation,accumulation,migration. Solve EE for SM; detritus accumulation absorbs routed inflow at fixed predation. No new consumption is assumed.",SM,0.12
446_446_Hudson_Bay_(1970),routing_scenario,40,Pelagic Detritus,q,128.24910803428477,128.2492498463924,"Freeze completed living P,Q,diet,predation,accumulation,migration. Solve EE for SM; detritus accumulation absorbs routed inflow at fixed predation. No new consumption is assumed.",SM,0.12
446_446_Hudson_Bay_(1970),routing_scenario,25,Brackish Fish,M0,0.0025425355725000025,0.0025425387414120025,"Freeze completed living P,Q,diet,predation,accumulation,migration. Solve EE for SM; detritus accumulation absorbs routed inflow at fixed predation. No new consumption is assumed.",SM,0.12
446_446_Hudson_Bay_(1970),routing_scenario,24,Other Marine Fish,M0,0.011930946740000012,0.011930954662268012,"Freeze completed living P,Q,diet,predation,accumulation,migration. Solve EE for SM; detritus accumulation absorbs routed inflow at fixed predation. No new consumption is assumed.",SM,0.12
446_446_Hudson_Bay_(1970),routing_scenario,22,Sandlance,M0,0.021766202280000018,0.02176620703335602,"Freeze completed living P,Q,diet,predation,accumulation,migration. Solve EE for SM; detritus accumulation absorbs routed inflow at fixed predation. No new consumption is assumed.",SM,0.12
446_446_Hudson_Bay_(1970),routing_scenario,21,Capelin,M0,0.025841266500000022,0.025841282344560023,"Freeze completed living P,Q,diet,predation,accumulation,migration. Solve EE for SM; detritus accumulation absorbs routed inflow at fixed predation. No new consumption is assumed.",SM,0.12
446_446_Hudson_Bay_(1970),routing_scenario,20,Sculpins/ Zoarcids,M0,0.008667478715000008,0.008667510404120008,"Freeze completed living P,Q,diet,predation,accumulation,migration. Solve EE for SM; detritus accumulation absorbs routed inflow at fixed predation. No new consumption is assumed.",SM,0.12
446_446_Hudson_Bay_(1970),routing_scenario,19,Gadiformes,M0,0.016022631350000014,0.016022663039120016,"Freeze completed living P,Q,diet,predation,accumulation,migration. Solve EE for SM; detritus accumulation absorbs routed inflow at fixed predation. No new consumption is assumed.",SM,0.12
446_446_Hudson_Bay_(1970),routing_scenario,18,Atlantic Salmon,M0,0.0013343262400000013,0.0013343278244560013,"Freeze completed living P,Q,diet,predation,accumulation,migration. Solve EE for SM; detritus accumulation absorbs routed inflow at fixed predation. No new consumption is assumed.",SM,0.12
446_446_Hudson_Bay_(1970),routing_scenario,17,Arctic Char,M0,0.0017951153200000017,0.0017951707758400016,"Freeze completed living P,Q,diet,predation,accumulation,migration. Solve EE for SM; detritus accumulation absorbs routed inflow at fixed predation. No new consumption is assumed.",SM,0.12
446_446_Hudson_Bay_(1970),routing_scenario,16,Seabirds,M0,0.021714263038000003,0.021753263038000004,"Freeze completed living P,Q,diet,predation,accumulation,migration. Solve EE for SM; detritus accumulation absorbs routed inflow at fixed predation. No new consumption is assumed.",SM,0.12
446_446_Hudson_Bay_(1970),routing_scenario,15,Beluga James,M0,5.5673137044634417e-05,5.7353137044634414e-05,"Freeze completed living P,Q,diet,predation,accumulation,migration. Solve EE for SM; detritus accumulation absorbs routed inflow at fixed predation. No new consumption is assumed.",SM,0.12
446_446_Hudson_Bay_(1970),routing_scenario,14,Beluga W,M0,0.0013602991127677291,0.0013675591127677291,"Freeze completed living P,Q,diet,predation,accumulation,migration. Solve EE for SM; detritus accumulation absorbs routed inflow at fixed predation. No new consumption is assumed.",SM,0.12
446_446_Hudson_Bay_(1970),routing_scenario,13,Beluga E,M0,9.807396405385151e-05,0.00010203396405385151,"Freeze completed living P,Q,diet,predation,accumulation,migration. Solve EE for SM; detritus accumulation absorbs routed inflow at fixed predation. No new consumption is assumed.",SM,0.12
446_446_Hudson_Bay_(1970),routing_scenario,12,Harp seal,M0,3.9123524670240005e-05,4.080352467024e-05,"Freeze completed living P,Q,diet,predation,accumulation,migration. Solve EE for SM; detritus accumulation absorbs routed inflow at fixed predation. No new consumption is assumed.",SM,0.12
446_446_Hudson_Bay_(1970),routing_scenario,11,Ringed Seal,M0,0.004359851707524983,0.004407011707524983,"Freeze completed living P,Q,diet,predation,accumulation,migration. Solve EE for SM; detritus accumulation absorbs routed inflow at fixed predation. No new consumption is assumed.",SM,0.12
446_446_Hudson_Bay_(1970),routing_scenario,10,Harbour Seal,M0,0.00012099825122750879,0.00012123825122750879,"Freeze completed living P,Q,diet,predation,accumulation,migration. Solve EE for SM; detritus accumulation absorbs routed inflow at fixed predation. No new consumption is assumed.",SM,0.12
446_446_Hudson_Bay_(1970),routing_scenario,9,Bearded Seal,M0,0.00013606373638765757,0.00015610373638765758,"Freeze completed living P,Q,diet,predation,accumulation,migration. Solve EE for SM; detritus accumulation absorbs routed inflow at fixed predation. No new consumption is assumed.",SM,0.12
446_446_Hudson_Bay_(1970),routing_scenario,8,Walrus S,M0,8.217029462185597e-05,8.289029462185598e-05,"Freeze completed living P,Q,diet,predation,accumulation,migration. Solve EE for SM; detritus accumulation absorbs routed inflow at fixed predation. No new consumption is assumed.",SM,0.12
446_446_Hudson_Bay_(1970),routing_scenario,7,Walrus N,M0,0.0003819925835737691,0.00039159258357376913,"Freeze completed living P,Q,diet,predation,accumulation,migration. Solve EE for SM; detritus accumulation absorbs routed inflow at fixed predation. No new consumption is assumed.",SM,0.12
446_446_Hudson_Bay_(1970),routing_scenario,6,Bowhead,M0,0.00021741439634646387,0.00021849439634646388,"Freeze completed living P,Q,diet,predation,accumulation,migration. Solve EE for SM; detritus accumulation absorbs routed inflow at fixed predation. No new consumption is assumed.",SM,0.12
446_446_Hudson_Bay_(1970),routing_scenario,5,Narwhal,M0,0.00011868823016079942,0.00012276823016079942,"Freeze completed living P,Q,diet,predation,accumulation,migration. Solve EE for SM; detritus accumulation absorbs routed inflow at fixed predation. No new consumption is assumed.",SM,0.12
446_446_Hudson_Bay_(1970),routing_scenario,4,Killer Whale,M0,2.76981004599574e-06,2.88981004599574e-06,"Freeze completed living P,Q,diet,predation,accumulation,migration. Solve EE for SM; detritus accumulation absorbs routed inflow at fixed predation. No new consumption is assumed.",SM,0.12
446_446_Hudson_Bay_(1970),routing_scenario,3,Polar Bear Foxe,M0,1.611317803944726e-05,1.671317803944726e-05,"Freeze completed living P,Q,diet,predation,accumulation,migration. Solve EE for SM; detritus accumulation absorbs routed inflow at fixed predation. No new consumption is assumed.",SM,0.12
446_446_Hudson_Bay_(1970),routing_scenario,2,SH Polar Bear,M0,2.9258219105026142e-05,3.189821910502614e-05,"Freeze completed living P,Q,diet,predation,accumulation,migration. Solve EE for SM; detritus accumulation absorbs routed inflow at fixed predation. No new consumption is assumed.",SM,0.12
446_446_Hudson_Bay_(1970),routing_scenario,1,Polar Bear WHB,M0,3.4803496340686466e-05,3.660349634068647e-05,"Freeze completed living P,Q,diet,predation,accumulation,migration. Solve EE for SM; detritus accumulation absorbs routed inflow at fixed predation. No new consumption is assumed.",SM,0.12
446_446_Hudson_Bay_(1970),routing_scenario,25,Brackish Fish,EE,0.95,0.9499999376820518,"Freeze completed living P,Q,diet,predation,accumulation,migration. Solve EE for SM; detritus accumulation absorbs routed inflow at fixed predation. No new consumption is assumed.",SM,0.12
446_446_Hudson_Bay_(1970),routing_scenario,24,Other Marine Fish,EE,0.95,0.9499999667994997,"Freeze completed living P,Q,diet,predation,accumulation,migration. Solve EE for SM; detritus accumulation absorbs routed inflow at fixed predation. No new consumption is assumed.",SM,0.12
446_446_Hudson_Bay_(1970),routing_scenario,22,Sandlance,EE,0.95,0.9499999890808788,"Freeze completed living P,Q,diet,predation,accumulation,migration. Solve EE for SM; detritus accumulation absorbs routed inflow at fixed predation. No new consumption is assumed.",SM,0.12
446_446_Hudson_Bay_(1970),routing_scenario,21,Capelin,EE,0.95,0.9499999693425243,"Freeze completed living P,Q,diet,predation,accumulation,migration. Solve EE for SM; detritus accumulation absorbs routed inflow at fixed predation. No new consumption is assumed.",SM,0.12
446_446_Hudson_Bay_(1970),routing_scenario,20,Sculpins/ Zoarcids,EE,0.95,0.9499998171952823,"Freeze completed living P,Q,diet,predation,accumulation,migration. Solve EE for SM; detritus accumulation absorbs routed inflow at fixed predation. No new consumption is assumed.",SM,0.12
446_446_Hudson_Bay_(1970),routing_scenario,19,Gadiformes,EE,0.95,0.9499999011113739,"Freeze completed living P,Q,diet,predation,accumulation,migration. Solve EE for SM; detritus accumulation absorbs routed inflow at fixed predation. No new consumption is assumed.",SM,0.12
446_446_Hudson_Bay_(1970),routing_scenario,18,Atlantic Salmon,EE,0.95,0.9499999406271138,"Freeze completed living P,Q,diet,predation,accumulation,migration. Solve EE for SM; detritus accumulation absorbs routed inflow at fixed predation. No new consumption is assumed.",SM,0.12
446_446_Hudson_Bay_(1970),routing_scenario,17,Arctic Char,EE,0.95,0.9499984553683158,"Freeze completed living P,Q,diet,predation,accumulation,migration. Solve EE for SM; detritus accumulation absorbs routed inflow at fixed predation. No new consumption is assumed.",SM,0.12
446_446_Hudson_Bay_(1970),routing_scenario,16,Seabirds,EE,0.09712003999999996,0.09549841837837825,"Freeze completed living P,Q,diet,predation,accumulation,migration. Solve EE for SM; detritus accumulation absorbs routed inflow at fixed predation. No new consumption is assumed.",SM,0.12
446_446_Hudson_Bay_(1970),routing_scenario,15,Beluga James,EE,0.5643347,0.5511880058697014,"Freeze completed living P,Q,diet,predation,accumulation,migration. Solve EE for SM; detritus accumulation absorbs routed inflow at fixed predation. No new consumption is assumed.",SM,0.12
446_446_Hudson_Bay_(1970),routing_scenario,14,Beluga W,EE,0.13272054499999997,0.12809182122579343,"Freeze completed living P,Q,diet,predation,accumulation,migration. Solve EE for SM; detritus accumulation absorbs routed inflow at fixed predation. No new consumption is assumed.",SM,0.12
446_446_Hudson_Bay_(1970),routing_scenario,13,Beluga E,EE,0.28052579999999994,0.25147509465239537,"Freeze completed living P,Q,diet,predation,accumulation,migration. Solve EE for SM; detritus accumulation absorbs routed inflow at fixed predation. No new consumption is assumed.",SM,0.12
446_446_Hudson_Bay_(1970),routing_scenario,12,Harp seal,EE,0.6883504,0.6749678805973384,"Freeze completed living P,Q,diet,predation,accumulation,migration. Solve EE for SM; detritus accumulation absorbs routed inflow at fixed predation. No new consumption is assumed.",SM,0.12
446_446_Hudson_Bay_(1970),routing_scenario,11,Ringed Seal,EE,0.412556618,0.4062023124516475,"Freeze completed living P,Q,diet,predation,accumulation,migration. Solve EE for SM; detritus accumulation absorbs routed inflow at fixed predation. No new consumption is assumed.",SM,0.12
446_446_Hudson_Bay_(1970),routing_scenario,10,Harbour Seal,EE,0.07364795999999996,0.07181054096836481,"Freeze completed living P,Q,diet,predation,accumulation,migration. Solve EE for SM; detritus accumulation absorbs routed inflow at fixed predation. No new consumption is assumed.",SM,0.12
446_446_Hudson_Bay_(1970),routing_scenario,9,Bearded Seal,EE,0.791283369,0.7605427661304509,"Freeze completed living P,Q,diet,predation,accumulation,migration. Solve EE for SM; detritus accumulation absorbs routed inflow at fixed predation. No new consumption is assumed.",SM,0.12
446_446_Hudson_Bay_(1970),routing_scenario,8,Walrus S,EE,0.143246785,0.13573966435939888,"Freeze completed living P,Q,diet,predation,accumulation,migration. Solve EE for SM; detritus accumulation absorbs routed inflow at fixed predation. No new consumption is assumed.",SM,0.12
446_446_Hudson_Bay_(1970),routing_scenario,7,Walrus N,EE,0.18816389099999997,0.16776133089402623,"Freeze completed living P,Q,diet,predation,accumulation,migration. Solve EE for SM; detritus accumulation absorbs routed inflow at fixed predation. No new consumption is assumed.",SM,0.12
446_446_Hudson_Bay_(1970),routing_scenario,6,Bowhead,EE,0.052819170000000026,0.048114075426732406,"Freeze completed living P,Q,diet,predation,accumulation,migration. Solve EE for SM; detritus accumulation absorbs routed inflow at fixed predation. No new consumption is assumed.",SM,0.12
446_446_Hudson_Bay_(1970),routing_scenario,5,Narwhal,EE,0.2706202,0.24554720346135184,"Freeze completed living P,Q,diet,predation,accumulation,migration. Solve EE for SM; detritus accumulation absorbs routed inflow at fixed predation. No new consumption is assumed.",SM,0.12
446_446_Hudson_Bay_(1970),routing_scenario,4,Killer Whale,EE,0.26526534600000007,0.23343350301587085,"Freeze completed living P,Q,diet,predation,accumulation,migration. Solve EE for SM; detritus accumulation absorbs routed inflow at fixed predation. No new consumption is assumed.",SM,0.12
446_446_Hudson_Bay_(1970),routing_scenario,3,Polar Bear Foxe,EE,0.3027038569999999,0.27673891794354843,"Freeze completed living P,Q,diet,predation,accumulation,migration. Solve EE for SM; detritus accumulation absorbs routed inflow at fixed predation. No new consumption is assumed.",SM,0.12
446_446_Hudson_Bay_(1970),routing_scenario,2,SH Polar Bear,EE,0.5060891,0.4615229980332537,"Freeze completed living P,Q,diet,predation,accumulation,migration. Solve EE for SM; detritus accumulation absorbs routed inflow at fixed predation. No new consumption is assumed.",SM,0.12
446_446_Hudson_Bay_(1970),routing_scenario,1,Polar Bear WHB,EE,0.4138758,0.38356207664092923,"Freeze completed living P,Q,diet,predation,accumulation,migration. Solve EE for SM; detritus accumulation absorbs routed inflow at fixed predation. No new consumption is assumed.",SM,0.12
446_446_Hudson_Bay_(1970),routing_scenario,25,Brackish Fish,catch,2.64076e-08,2.3238688e-08,"Freeze completed living P,Q,diet,predation,accumulation,migration. Solve EE for SM; detritus accumulation absorbs routed inflow at fixed predation. No new consumption is assumed.",SM,0.12
446_446_Hudson_Bay_(1970),routing_scenario,24,Other Marine Fish,catch,6.60189e-08,5.8096631999999996e-08,"Freeze completed living P,Q,diet,predation,accumulation,migration. Solve EE for SM; detritus accumulation absorbs routed inflow at fixed predation. No new consumption is assumed.",SM,0.12
446_446_Hudson_Bay_(1970),routing_scenario,22,Sandlance,catch,3.96113e-08,3.4857944e-08,"Freeze completed living P,Q,diet,predation,accumulation,migration. Solve EE for SM; detritus accumulation absorbs routed inflow at fixed predation. No new consumption is assumed.",SM,0.12
446_446_Hudson_Bay_(1970),routing_scenario,21,Capelin,catch,1.32038e-07,1.1619344000000001e-07,"Freeze completed living P,Q,diet,predation,accumulation,migration. Solve EE for SM; detritus accumulation absorbs routed inflow at fixed predation. No new consumption is assumed.",SM,0.12
446_446_Hudson_Bay_(1970),routing_scenario,20,Sculpins/ Zoarcids,catch,2.64076e-07,2.3238688000000002e-07,"Freeze completed living P,Q,diet,predation,accumulation,migration. Solve EE for SM; detritus accumulation absorbs routed inflow at fixed predation. No new consumption is assumed.",SM,0.12
446_446_Hudson_Bay_(1970),routing_scenario,19,Gadiformes,catch,2.64076e-07,2.3238688000000002e-07,"Freeze completed living P,Q,diet,predation,accumulation,migration. Solve EE for SM; detritus accumulation absorbs routed inflow at fixed predation. No new consumption is assumed.",SM,0.12
446_446_Hudson_Bay_(1970),routing_scenario,18,Atlantic Salmon,catch,1.32038e-08,1.1619344e-08,"Freeze completed living P,Q,diet,predation,accumulation,migration. Solve EE for SM; detritus accumulation absorbs routed inflow at fixed predation. No new consumption is assumed.",SM,0.12
446_446_Hudson_Bay_(1970),routing_scenario,17,Arctic Char,catch,4.62132e-07,4.0667616000000003e-07,"Freeze completed living P,Q,diet,predation,accumulation,migration. Solve EE for SM; detritus accumulation absorbs routed inflow at fixed predation. No new consumption is assumed.",SM,0.12
446_446_Hudson_Bay_(1970),routing_scenario,16,Seabirds,catch,0.000325,0.000286,"Freeze completed living P,Q,diet,predation,accumulation,migration. Solve EE for SM; detritus accumulation absorbs routed inflow at fixed predation. No new consumption is assumed.",SM,0.12
446_446_Hudson_Bay_(1970),routing_scenario,15,Beluga James,catch,1.4e-05,1.232e-05,"Freeze completed living P,Q,diet,predation,accumulation,migration. Solve EE for SM; detritus accumulation absorbs routed inflow at fixed predation. No new consumption is assumed.",SM,0.12
446_446_Hudson_Bay_(1970),routing_scenario,14,Beluga W,catch,6.05e-05,5.324e-05,"Freeze completed living P,Q,diet,predation,accumulation,migration. Solve EE for SM; detritus accumulation absorbs routed inflow at fixed predation. No new consumption is assumed.",SM,0.12
446_446_Hudson_Bay_(1970),routing_scenario,13,Beluga E,catch,3.3e-05,2.9040000000000003e-05,"Freeze completed living P,Q,diet,predation,accumulation,migration. Solve EE for SM; detritus accumulation absorbs routed inflow at fixed predation. No new consumption is assumed.",SM,0.12
446_446_Hudson_Bay_(1970),routing_scenario,12,Harp seal,catch,1.4e-05,1.232e-05,"Freeze completed living P,Q,diet,predation,accumulation,migration. Solve EE for SM; detritus accumulation absorbs routed inflow at fixed predation. No new consumption is assumed.",SM,0.12
446_446_Hudson_Bay_(1970),routing_scenario,11,Ringed Seal,catch,0.000393,0.00034584000000000004,"Freeze completed living P,Q,diet,predation,accumulation,migration. Solve EE for SM; detritus accumulation absorbs routed inflow at fixed predation. No new consumption is assumed.",SM,0.12
446_446_Hudson_Bay_(1970),routing_scenario,10,Harbour Seal,catch,2e-06,1.7599999999999999e-06,"Freeze completed living P,Q,diet,predation,accumulation,migration. Solve EE for SM; detritus accumulation absorbs routed inflow at fixed predation. No new consumption is assumed.",SM,0.12
446_446_Hudson_Bay_(1970),routing_scenario,9,Bearded Seal,catch,0.000167,0.00014696,"Freeze completed living P,Q,diet,predation,accumulation,migration. Solve EE for SM; detritus accumulation absorbs routed inflow at fixed predation. No new consumption is assumed.",SM,0.12
446_446_Hudson_Bay_(1970),routing_scenario,8,Walrus S,catch,6e-06,5.28e-06,"Freeze completed living P,Q,diet,predation,accumulation,migration. Solve EE for SM; detritus accumulation absorbs routed inflow at fixed predation. No new consumption is assumed.",SM,0.12
446_446_Hudson_Bay_(1970),routing_scenario,7,Walrus N,catch,8e-05,7.04e-05,"Freeze completed living P,Q,diet,predation,accumulation,migration. Solve EE for SM; detritus accumulation absorbs routed inflow at fixed predation. No new consumption is assumed.",SM,0.12
446_446_Hudson_Bay_(1970),routing_scenario,6,Bowhead,catch,9e-06,7.92e-06,"Freeze completed living P,Q,diet,predation,accumulation,migration. Solve EE for SM; detritus accumulation absorbs routed inflow at fixed predation. No new consumption is assumed.",SM,0.12
446_446_Hudson_Bay_(1970),routing_scenario,5,Narwhal,catch,3.4e-05,2.992e-05,"Freeze completed living P,Q,diet,predation,accumulation,migration. Solve EE for SM; detritus accumulation absorbs routed inflow at fixed predation. No new consumption is assumed.",SM,0.12
446_446_Hudson_Bay_(1970),routing_scenario,4,Killer Whale,catch,1e-06,8.799999999999999e-07,"Freeze completed living P,Q,diet,predation,accumulation,migration. Solve EE for SM; detritus accumulation absorbs routed inflow at fixed predation. No new consumption is assumed.",SM,0.12
446_446_Hudson_Bay_(1970),routing_scenario,3,Polar Bear Foxe,catch,5e-06,4.4e-06,"Freeze completed living P,Q,diet,predation,accumulation,migration. Solve EE for SM; detritus accumulation absorbs routed inflow at fixed predation. No new consumption is assumed.",SM,0.12
446_446_Hudson_Bay_(1970),routing_scenario,2,SH Polar Bear,catch,2.2e-05,1.936e-05,"Freeze completed living P,Q,diet,predation,accumulation,migration. Solve EE for SM; detritus accumulation absorbs routed inflow at fixed predation. No new consumption is assumed.",SM,0.12
446_446_Hudson_Bay_(1970),routing_scenario,1,Polar Bear WHB,catch,1.5e-05,1.32e-05,"Freeze completed living P,Q,diet,predation,accumulation,migration. Solve EE for SM; detritus accumulation absorbs routed inflow at fixed predation. No new consumption is assumed.",SM,0.12
446_446_Hudson_Bay_(1970),routing_scenario,40,Pelagic Detritus,growth,100.09094139097152,100.09108320307914,"Freeze completed living P,Q,diet,predation,accumulation,migration. Solve EE for SM; detritus accumulation absorbs routed inflow at fixed predation. No new consumption is assumed.",SM,0.12
446_446_Hudson_Bay_(1970),routing_scenario,25,Brackish Fish,catch,2.64076e-08,2.3238688e-08,"Freeze completed living P,Q,diet,predation,accumulation,migration. Solve EE for SM; detritus accumulation absorbs routed inflow at fixed predation. No new consumption is assumed.",SE,0.12
446_446_Hudson_Bay_(1970),routing_scenario,24,Other Marine Fish,catch,6.60189e-08,5.8096631999999996e-08,"Freeze completed living P,Q,diet,predation,accumulation,migration. Solve EE for SM; detritus accumulation absorbs routed inflow at fixed predation. No new consumption is assumed.",SE,0.12
446_446_Hudson_Bay_(1970),routing_scenario,22,Sandlance,catch,3.96113e-08,3.4857944e-08,"Freeze completed living P,Q,diet,predation,accumulation,migration. Solve EE for SM; detritus accumulation absorbs routed inflow at fixed predation. No new consumption is assumed.",SE,0.12
446_446_Hudson_Bay_(1970),routing_scenario,21,Capelin,catch,1.32038e-07,1.1619344000000001e-07,"Freeze completed living P,Q,diet,predation,accumulation,migration. Solve EE for SM; detritus accumulation absorbs routed inflow at fixed predation. No new consumption is assumed.",SE,0.12
446_446_Hudson_Bay_(1970),routing_scenario,20,Sculpins/ Zoarcids,catch,2.64076e-07,2.3238688000000002e-07,"Freeze completed living P,Q,diet,predation,accumulation,migration. Solve EE for SM; detritus accumulation absorbs routed inflow at fixed predation. No new consumption is assumed.",SE,0.12
446_446_Hudson_Bay_(1970),routing_scenario,19,Gadiformes,catch,2.64076e-07,2.3238688000000002e-07,"Freeze completed living P,Q,diet,predation,accumulation,migration. Solve EE for SM; detritus accumulation absorbs routed inflow at fixed predation. No new consumption is assumed.",SE,0.12
446_446_Hudson_Bay_(1970),routing_scenario,18,Atlantic Salmon,catch,1.32038e-08,1.1619344e-08,"Freeze completed living P,Q,diet,predation,accumulation,migration. Solve EE for SM; detritus accumulation absorbs routed inflow at fixed predation. No new consumption is assumed.",SE,0.12
446_446_Hudson_Bay_(1970),routing_scenario,17,Arctic Char,catch,4.62132e-07,4.0667616000000003e-07,"Freeze completed living P,Q,diet,predation,accumulation,migration. Solve EE for SM; detritus accumulation absorbs routed inflow at fixed predation. No new consumption is assumed.",SE,0.12
446_446_Hudson_Bay_(1970),routing_scenario,16,Seabirds,catch,0.000325,0.000286,"Freeze completed living P,Q,diet,predation,accumulation,migration. Solve EE for SM; detritus accumulation absorbs routed inflow at fixed predation. No new consumption is assumed.",SE,0.12
446_446_Hudson_Bay_(1970),routing_scenario,15,Beluga James,catch,1.4e-05,1.232e-05,"Freeze completed living P,Q,diet,predation,accumulation,migration. Solve EE for SM; detritus accumulation absorbs routed inflow at fixed predation. No new consumption is assumed.",SE,0.12
446_446_Hudson_Bay_(1970),routing_scenario,14,Beluga W,catch,6.05e-05,5.324e-05,"Freeze completed living P,Q,diet,predation,accumulation,migration. Solve EE for SM; detritus accumulation absorbs routed inflow at fixed predation. No new consumption is assumed.",SE,0.12
446_446_Hudson_Bay_(1970),routing_scenario,13,Beluga E,catch,3.3e-05,2.9040000000000003e-05,"Freeze completed living P,Q,diet,predation,accumulation,migration. Solve EE for SM; detritus accumulation absorbs routed inflow at fixed predation. No new consumption is assumed.",SE,0.12
446_446_Hudson_Bay_(1970),routing_scenario,12,Harp seal,catch,1.4e-05,1.232e-05,"Freeze completed living P,Q,diet,predation,accumulation,migration. Solve EE for SM; detritus accumulation absorbs routed inflow at fixed predation. No new consumption is assumed.",SE,0.12
446_446_Hudson_Bay_(1970),routing_scenario,11,Ringed Seal,catch,0.000393,0.00034584000000000004,"Freeze completed living P,Q,diet,predation,accumulation,migration. Solve EE for SM; detritus accumulation absorbs routed inflow at fixed predation. No new consumption is assumed.",SE,0.12
446_446_Hudson_Bay_(1970),routing_scenario,10,Harbour Seal,catch,2e-06,1.7599999999999999e-06,"Freeze completed living P,Q,diet,predation,accumulation,migration. Solve EE for SM; detritus accumulation absorbs routed inflow at fixed predation. No new consumption is assumed.",SE,0.12
446_446_Hudson_Bay_(1970),routing_scenario,9,Bearded Seal,catch,0.000167,0.00014696,"Freeze completed living P,Q,diet,predation,accumulation,migration. Solve EE for SM; detritus accumulation absorbs routed inflow at fixed predation. No new consumption is assumed.",SE,0.12
446_446_Hudson_Bay_(1970),routing_scenario,8,Walrus S,catch,6e-06,5.28e-06,"Freeze completed living P,Q,diet,predation,accumulation,migration. Solve EE for SM; detritus accumulation absorbs routed inflow at fixed predation. No new consumption is assumed.",SE,0.12
446_446_Hudson_Bay_(1970),routing_scenario,7,Walrus N,catch,8e-05,7.04e-05,"Freeze completed living P,Q,diet,predation,accumulation,migration. Solve EE for SM; detritus accumulation absorbs routed inflow at fixed predation. No new consumption is assumed.",SE,0.12
446_446_Hudson_Bay_(1970),routing_scenario,6,Bowhead,catch,9e-06,7.92e-06,"Freeze completed living P,Q,diet,predation,accumulation,migration. Solve EE for SM; detritus accumulation absorbs routed inflow at fixed predation. No new consumption is assumed.",SE,0.12
446_446_Hudson_Bay_(1970),routing_scenario,5,Narwhal,catch,3.4e-05,2.992e-05,"Freeze completed living P,Q,diet,predation,accumulation,migration. Solve EE for SM; detritus accumulation absorbs routed inflow at fixed predation. No new consumption is assumed.",SE,0.12
446_446_Hudson_Bay_(1970),routing_scenario,4,Killer Whale,catch,1e-06,8.799999999999999e-07,"Freeze completed living P,Q,diet,predation,accumulation,migration. Solve EE for SM; detritus accumulation absorbs routed inflow at fixed predation. No new consumption is assumed.",SE,0.12
446_446_Hudson_Bay_(1970),routing_scenario,3,Polar Bear Foxe,catch,5e-06,4.4e-06,"Freeze completed living P,Q,diet,predation,accumulation,migration. Solve EE for SM; detritus accumulation absorbs routed inflow at fixed predation. No new consumption is assumed.",SE,0.12
446_446_Hudson_Bay_(1970),routing_scenario,2,SH Polar Bear,catch,2.2e-05,1.936e-05,"Freeze completed living P,Q,diet,predation,accumulation,migration. Solve EE for SM; detritus accumulation absorbs routed inflow at fixed predation. No new consumption is assumed.",SE,0.12
446_446_Hudson_Bay_(1970),routing_scenario,1,Polar Bear WHB,catch,1.5e-05,1.32e-05,"Freeze completed living P,Q,diet,predation,accumulation,migration. Solve EE for SM; detritus accumulation absorbs routed inflow at fixed predation. No new consumption is assumed.",SE,0.12
446_446_Hudson_Bay_(1970),routing_scenario,25,Brackish Fish,external_loss,0.0,3.1689119999999998e-09,"Freeze completed living P,Q,diet,predation,accumulation,migration. Solve EE for SM; detritus accumulation absorbs routed inflow at fixed predation. No new consumption is assumed.",SE,0.12
446_446_Hudson_Bay_(1970),routing_scenario,24,Other Marine Fish,external_loss,0.0,7.922267999999999e-09,"Freeze completed living P,Q,diet,predation,accumulation,migration. Solve EE for SM; detritus accumulation absorbs routed inflow at fixed predation. No new consumption is assumed.",SE,0.12
446_446_Hudson_Bay_(1970),routing_scenario,22,Sandlance,external_loss,0.0,4.753356e-09,"Freeze completed living P,Q,diet,predation,accumulation,migration. Solve EE for SM; detritus accumulation absorbs routed inflow at fixed predation. No new consumption is assumed.",SE,0.12
446_446_Hudson_Bay_(1970),routing_scenario,21,Capelin,external_loss,0.0,1.584456e-08,"Freeze completed living P,Q,diet,predation,accumulation,migration. Solve EE for SM; detritus accumulation absorbs routed inflow at fixed predation. No new consumption is assumed.",SE,0.12
446_446_Hudson_Bay_(1970),routing_scenario,20,Sculpins/ Zoarcids,external_loss,0.0,3.168912e-08,"Freeze completed living P,Q,diet,predation,accumulation,migration. Solve EE for SM; detritus accumulation absorbs routed inflow at fixed predation. No new consumption is assumed.",SE,0.12
446_446_Hudson_Bay_(1970),routing_scenario,19,Gadiformes,external_loss,0.0,3.168912e-08,"Freeze completed living P,Q,diet,predation,accumulation,migration. Solve EE for SM; detritus accumulation absorbs routed inflow at fixed predation. No new consumption is assumed.",SE,0.12
446_446_Hudson_Bay_(1970),routing_scenario,18,Atlantic Salmon,external_loss,0.0,1.5844559999999999e-09,"Freeze completed living P,Q,diet,predation,accumulation,migration. Solve EE for SM; detritus accumulation absorbs routed inflow at fixed predation. No new consumption is assumed.",SE,0.12
446_446_Hudson_Bay_(1970),routing_scenario,17,Arctic Char,external_loss,0.0,5.545584e-08,"Freeze completed living P,Q,diet,predation,accumulation,migration. Solve EE for SM; detritus accumulation absorbs routed inflow at fixed predation. No new consumption is assumed.",SE,0.12
446_446_Hudson_Bay_(1970),routing_scenario,16,Seabirds,external_loss,0.0,3.9e-05,"Freeze completed living P,Q,diet,predation,accumulation,migration. Solve EE for SM; detritus accumulation absorbs routed inflow at fixed predation. No new consumption is assumed.",SE,0.12
446_446_Hudson_Bay_(1970),routing_scenario,15,Beluga James,external_loss,0.0,1.68e-06,"Freeze completed living P,Q,diet,predation,accumulation,migration. Solve EE for SM; detritus accumulation absorbs routed inflow at fixed predation. No new consumption is assumed.",SE,0.12
446_446_Hudson_Bay_(1970),routing_scenario,14,Beluga W,external_loss,0.0,7.26e-06,"Freeze completed living P,Q,diet,predation,accumulation,migration. Solve EE for SM; detritus accumulation absorbs routed inflow at fixed predation. No new consumption is assumed.",SE,0.12
446_446_Hudson_Bay_(1970),routing_scenario,13,Beluga E,external_loss,0.0,3.96e-06,"Freeze completed living P,Q,diet,predation,accumulation,migration. Solve EE for SM; detritus accumulation absorbs routed inflow at fixed predation. No new consumption is assumed.",SE,0.12
446_446_Hudson_Bay_(1970),routing_scenario,12,Harp seal,external_loss,0.0,1.68e-06,"Freeze completed living P,Q,diet,predation,accumulation,migration. Solve EE for SM; detritus accumulation absorbs routed inflow at fixed predation. No new consumption is assumed.",SE,0.12
446_446_Hudson_Bay_(1970),routing_scenario,11,Ringed Seal,external_loss,0.0,4.716e-05,"Freeze completed living P,Q,diet,predation,accumulation,migration. Solve EE for SM; detritus accumulation absorbs routed inflow at fixed predation. No new consumption is assumed.",SE,0.12
446_446_Hudson_Bay_(1970),routing_scenario,10,Harbour Seal,external_loss,0.0,2.4e-07,"Freeze completed living P,Q,diet,predation,accumulation,migration. Solve EE for SM; detritus accumulation absorbs routed inflow at fixed predation. No new consumption is assumed.",SE,0.12
446_446_Hudson_Bay_(1970),routing_scenario,9,Bearded Seal,external_loss,0.0,2.0039999999999998e-05,"Freeze completed living P,Q,diet,predation,accumulation,migration. Solve EE for SM; detritus accumulation absorbs routed inflow at fixed predation. No new consumption is assumed.",SE,0.12
446_446_Hudson_Bay_(1970),routing_scenario,8,Walrus S,external_loss,0.0,7.2e-07,"Freeze completed living P,Q,diet,predation,accumulation,migration. Solve EE for SM; detritus accumulation absorbs routed inflow at fixed predation. No new consumption is assumed.",SE,0.12
446_446_Hudson_Bay_(1970),routing_scenario,7,Walrus N,external_loss,0.0,9.600000000000001e-06,"Freeze completed living P,Q,diet,predation,accumulation,migration. Solve EE for SM; detritus accumulation absorbs routed inflow at fixed predation. No new consumption is assumed.",SE,0.12
446_446_Hudson_Bay_(1970),routing_scenario,6,Bowhead,external_loss,0.0,1.08e-06,"Freeze completed living P,Q,diet,predation,accumulation,migration. Solve EE for SM; detritus accumulation absorbs routed inflow at fixed predation. No new consumption is assumed.",SE,0.12
446_446_Hudson_Bay_(1970),routing_scenario,5,Narwhal,external_loss,0.0,4.08e-06,"Freeze completed living P,Q,diet,predation,accumulation,migration. Solve EE for SM; detritus accumulation absorbs routed inflow at fixed predation. No new consumption is assumed.",SE,0.12
446_446_Hudson_Bay_(1970),routing_scenario,4,Killer Whale,external_loss,0.0,1.2e-07,"Freeze completed living P,Q,diet,predation,accumulation,migration. Solve EE for SM; detritus accumulation absorbs routed inflow at fixed predation. No new consumption is assumed.",SE,0.12
446_446_Hudson_Bay_(1970),routing_scenario,3,Polar Bear Foxe,external_loss,0.0,6.000000000000001e-07,"Freeze completed living P,Q,diet,predation,accumulation,migration. Solve EE for SM; detritus accumulation absorbs routed inflow at fixed predation. No new consumption is assumed.",SE,0.12
446_446_Hudson_Bay_(1970),routing_scenario,2,SH Polar Bear,external_loss,0.0,2.6399999999999997e-06,"Freeze completed living P,Q,diet,predation,accumulation,migration. Solve EE for SM; detritus accumulation absorbs routed inflow at fixed predation. No new consumption is assumed.",SE,0.12
446_446_Hudson_Bay_(1970),routing_scenario,1,Polar Bear WHB,external_loss,0.0,1.8e-06,"Freeze completed living P,Q,diet,predation,accumulation,migration. Solve EE for SM; detritus accumulation absorbs routed inflow at fixed predation. No new consumption is assumed.",SE,0.12
446_446_Hudson_Bay_(1970),routing_scenario,40,Pelagic Detritus,p,128.24910803428477,128.249261664068,"Freeze completed living P,Q,diet,predation,accumulation,migration. Solve EE for SM; detritus accumulation absorbs routed inflow at fixed predation. No new consumption is assumed.",SM,0.13
446_446_Hudson_Bay_(1970),routing_scenario,40,Pelagic Detritus,q,128.24910803428477,128.249261664068,"Freeze completed living P,Q,diet,predation,accumulation,migration. Solve EE for SM; detritus accumulation absorbs routed inflow at fixed predation. No new consumption is assumed.",SM,0.13
446_446_Hudson_Bay_(1970),routing_scenario,25,Brackish Fish,M0,0.0025425355725000025,0.0025425390054880028,"Freeze completed living P,Q,diet,predation,accumulation,migration. Solve EE for SM; detritus accumulation absorbs routed inflow at fixed predation. No new consumption is assumed.",SM,0.13
446_446_Hudson_Bay_(1970),routing_scenario,24,Other Marine Fish,M0,0.011930946740000012,0.011930955322457013,"Freeze completed living P,Q,diet,predation,accumulation,migration. Solve EE for SM; detritus accumulation absorbs routed inflow at fixed predation. No new consumption is assumed.",SM,0.13
446_446_Hudson_Bay_(1970),routing_scenario,22,Sandlance,M0,0.021766202280000018,0.02176620742946902,"Freeze completed living P,Q,diet,predation,accumulation,migration. Solve EE for SM; detritus accumulation absorbs routed inflow at fixed predation. No new consumption is assumed.",SM,0.13
446_446_Hudson_Bay_(1970),routing_scenario,21,Capelin,M0,0.025841266500000022,0.025841283664940023,"Freeze completed living P,Q,diet,predation,accumulation,migration. Solve EE for SM; detritus accumulation absorbs routed inflow at fixed predation. No new consumption is assumed.",SM,0.13
446_446_Hudson_Bay_(1970),routing_scenario,20,Sculpins/ Zoarcids,M0,0.008667478715000008,0.008667513044880008,"Freeze completed living P,Q,diet,predation,accumulation,migration. Solve EE for SM; detritus accumulation absorbs routed inflow at fixed predation. No new consumption is assumed.",SM,0.13
446_446_Hudson_Bay_(1970),routing_scenario,19,Gadiformes,M0,0.016022631350000014,0.016022665679880015,"Freeze completed living P,Q,diet,predation,accumulation,migration. Solve EE for SM; detritus accumulation absorbs routed inflow at fixed predation. No new consumption is assumed.",SM,0.13
446_446_Hudson_Bay_(1970),routing_scenario,18,Atlantic Salmon,M0,0.0013343262400000013,0.0013343279564940014,"Freeze completed living P,Q,diet,predation,accumulation,migration. Solve EE for SM; detritus accumulation absorbs routed inflow at fixed predation. No new consumption is assumed.",SM,0.13
446_446_Hudson_Bay_(1970),routing_scenario,17,Arctic Char,M0,0.0017951153200000017,0.0017951753971600017,"Freeze completed living P,Q,diet,predation,accumulation,migration. Solve EE for SM; detritus accumulation absorbs routed inflow at fixed predation. No new consumption is assumed.",SM,0.13
446_446_Hudson_Bay_(1970),routing_scenario,16,Seabirds,M0,0.021714263038000003,0.021756513038000004,"Freeze completed living P,Q,diet,predation,accumulation,migration. Solve EE for SM; detritus accumulation absorbs routed inflow at fixed predation. No new consumption is assumed.",SM,0.13
446_446_Hudson_Bay_(1970),routing_scenario,15,Beluga James,M0,5.5673137044634417e-05,5.7493137044634416e-05,"Freeze completed living P,Q,diet,predation,accumulation,migration. Solve EE for SM; detritus accumulation absorbs routed inflow at fixed predation. No new consumption is assumed.",SM,0.13
446_446_Hudson_Bay_(1970),routing_scenario,14,Beluga W,M0,0.0013602991127677291,0.001368164112767729,"Freeze completed living P,Q,diet,predation,accumulation,migration. Solve EE for SM; detritus accumulation absorbs routed inflow at fixed predation. No new consumption is assumed.",SM,0.13
446_446_Hudson_Bay_(1970),routing_scenario,13,Beluga E,M0,9.807396405385151e-05,0.00010236396405385151,"Freeze completed living P,Q,diet,predation,accumulation,migration. Solve EE for SM; detritus accumulation absorbs routed inflow at fixed predation. No new consumption is assumed.",SM,0.13
446_446_Hudson_Bay_(1970),routing_scenario,12,Harp seal,M0,3.9123524670240005e-05,4.0943524670240004e-05,"Freeze completed living P,Q,diet,predation,accumulation,migration. Solve EE for SM; detritus accumulation absorbs routed inflow at fixed predation. No new consumption is assumed.",SM,0.13
446_446_Hudson_Bay_(1970),routing_scenario,11,Ringed Seal,M0,0.004359851707524983,0.004410941707524983,"Freeze completed living P,Q,diet,predation,accumulation,migration. Solve EE for SM; detritus accumulation absorbs routed inflow at fixed predation. No new consumption is assumed.",SM,0.13
446_446_Hudson_Bay_(1970),routing_scenario,10,Harbour Seal,M0,0.00012099825122750879,0.00012125825122750879,"Freeze completed living P,Q,diet,predation,accumulation,migration. Solve EE for SM; detritus accumulation absorbs routed inflow at fixed predation. No new consumption is assumed.",SM,0.13
446_446_Hudson_Bay_(1970),routing_scenario,9,Bearded Seal,M0,0.00013606373638765757,0.00015777373638765758,"Freeze completed living P,Q,diet,predation,accumulation,migration. Solve EE for SM; detritus accumulation absorbs routed inflow at fixed predation. No new consumption is assumed.",SM,0.13
446_446_Hudson_Bay_(1970),routing_scenario,8,Walrus S,M0,8.217029462185597e-05,8.295029462185598e-05,"Freeze completed living P,Q,diet,predation,accumulation,migration. Solve EE for SM; detritus accumulation absorbs routed inflow at fixed predation. No new consumption is assumed.",SM,0.13
446_446_Hudson_Bay_(1970),routing_scenario,7,Walrus N,M0,0.0003819925835737691,0.0003923925835737691,"Freeze completed living P,Q,diet,predation,accumulation,migration. Solve EE for SM; detritus accumulation absorbs routed inflow at fixed predation. No new consumption is assumed.",SM,0.13
446_446_Hudson_Bay_(1970),routing_scenario,6,Bowhead,M0,0.00021741439634646387,0.00021858439634646386,"Freeze completed living P,Q,diet,predation,accumulation,migration. Solve EE for SM; detritus accumulation absorbs routed inflow at fixed predation. No new consumption is assumed.",SM,0.13
446_446_Hudson_Bay_(1970),routing_scenario,5,Narwhal,M0,0.00011868823016079942,0.0001231082301607994,"Freeze completed living P,Q,diet,predation,accumulation,migration. Solve EE for SM; detritus accumulation absorbs routed inflow at fixed predation. No new consumption is assumed.",SM,0.13
446_446_Hudson_Bay_(1970),routing_scenario,4,Killer Whale,M0,2.76981004599574e-06,2.89981004599574e-06,"Freeze completed living P,Q,diet,predation,accumulation,migration. Solve EE for SM; detritus accumulation absorbs routed inflow at fixed predation. No new consumption is assumed.",SM,0.13
446_446_Hudson_Bay_(1970),routing_scenario,3,Polar Bear Foxe,M0,1.611317803944726e-05,1.676317803944726e-05,"Freeze completed living P,Q,diet,predation,accumulation,migration. Solve EE for SM; detritus accumulation absorbs routed inflow at fixed predation. No new consumption is assumed.",SM,0.13
446_446_Hudson_Bay_(1970),routing_scenario,2,SH Polar Bear,M0,2.9258219105026142e-05,3.211821910502614e-05,"Freeze completed living P,Q,diet,predation,accumulation,migration. Solve EE for SM; detritus accumulation absorbs routed inflow at fixed predation. No new consumption is assumed.",SM,0.13
446_446_Hudson_Bay_(1970),routing_scenario,1,Polar Bear WHB,M0,3.4803496340686466e-05,3.6753496340686466e-05,"Freeze completed living P,Q,diet,predation,accumulation,migration. Solve EE for SM; detritus accumulation absorbs routed inflow at fixed predation. No new consumption is assumed.",SM,0.13
446_446_Hudson_Bay_(1970),routing_scenario,25,Brackish Fish,EE,0.95,0.9499999324888895,"Freeze completed living P,Q,diet,predation,accumulation,migration. Solve EE for SM; detritus accumulation absorbs routed inflow at fixed predation. No new consumption is assumed.",SM,0.13
446_446_Hudson_Bay_(1970),routing_scenario,24,Other Marine Fish,EE,0.95,0.9499999640327914,"Freeze completed living P,Q,diet,predation,accumulation,migration. Solve EE for SM; detritus accumulation absorbs routed inflow at fixed predation. No new consumption is assumed.",SM,0.13
446_446_Hudson_Bay_(1970),routing_scenario,22,Sandlance,EE,0.95,0.949999988170952,"Freeze completed living P,Q,diet,predation,accumulation,migration. Solve EE for SM; detritus accumulation absorbs routed inflow at fixed predation. No new consumption is assumed.",SM,0.13
446_446_Hudson_Bay_(1970),routing_scenario,21,Capelin,EE,0.95,0.9499999667877346,"Freeze completed living P,Q,diet,predation,accumulation,migration. Solve EE for SM; detritus accumulation absorbs routed inflow at fixed predation. No new consumption is assumed.",SM,0.13
446_446_Hudson_Bay_(1970),routing_scenario,20,Sculpins/ Zoarcids,EE,0.95,0.9499998019615558,"Freeze completed living P,Q,diet,predation,accumulation,migration. Solve EE for SM; detritus accumulation absorbs routed inflow at fixed predation. No new consumption is assumed.",SM,0.13
446_446_Hudson_Bay_(1970),routing_scenario,19,Gadiformes,EE,0.95,0.949999892870655,"Freeze completed living P,Q,diet,predation,accumulation,migration. Solve EE for SM; detritus accumulation absorbs routed inflow at fixed predation. No new consumption is assumed.",SM,0.13
446_446_Hudson_Bay_(1970),routing_scenario,18,Atlantic Salmon,EE,0.95,0.9499999356793732,"Freeze completed living P,Q,diet,predation,accumulation,migration. Solve EE for SM; detritus accumulation absorbs routed inflow at fixed predation. No new consumption is assumed.",SM,0.13
446_446_Hudson_Bay_(1970),routing_scenario,17,Arctic Char,EE,0.95,0.9499983266490087,"Freeze completed living P,Q,diet,predation,accumulation,migration. Solve EE for SM; detritus accumulation absorbs routed inflow at fixed predation. No new consumption is assumed.",SM,0.13
446_446_Hudson_Bay_(1970),routing_scenario,16,Seabirds,EE,0.09712003999999996,0.09536328324324317,"Freeze completed living P,Q,diet,predation,accumulation,migration. Solve EE for SM; detritus accumulation absorbs routed inflow at fixed predation. No new consumption is assumed.",SM,0.13
446_446_Hudson_Bay_(1970),routing_scenario,15,Beluga James,EE,0.5643347,0.5500924480255098,"Freeze completed living P,Q,diet,predation,accumulation,migration. Solve EE for SM; detritus accumulation absorbs routed inflow at fixed predation. No new consumption is assumed.",SM,0.13
446_446_Hudson_Bay_(1970),routing_scenario,14,Beluga W,EE,0.13272054499999997,0.12770609424460955,"Freeze completed living P,Q,diet,predation,accumulation,migration. Solve EE for SM; detritus accumulation absorbs routed inflow at fixed predation. No new consumption is assumed.",SM,0.13
446_446_Hudson_Bay_(1970),routing_scenario,13,Beluga E,EE,0.28052579999999994,0.24905420254009503,"Freeze completed living P,Q,diet,predation,accumulation,migration. Solve EE for SM; detritus accumulation absorbs routed inflow at fixed predation. No new consumption is assumed.",SM,0.13
446_446_Hudson_Bay_(1970),routing_scenario,12,Harp seal,EE,0.6883504,0.6738526706471165,"Freeze completed living P,Q,diet,predation,accumulation,migration. Solve EE for SM; detritus accumulation absorbs routed inflow at fixed predation. No new consumption is assumed.",SM,0.13
446_446_Hudson_Bay_(1970),routing_scenario,11,Ringed Seal,EE,0.412556618,0.4056727869892848,"Freeze completed living P,Q,diet,predation,accumulation,migration. Solve EE for SM; detritus accumulation absorbs routed inflow at fixed predation. No new consumption is assumed.",SM,0.13
446_446_Hudson_Bay_(1970),routing_scenario,10,Harbour Seal,EE,0.07364795999999996,0.0716574227157285,"Freeze completed living P,Q,diet,predation,accumulation,migration. Solve EE for SM; detritus accumulation absorbs routed inflow at fixed predation. No new consumption is assumed.",SM,0.13
446_446_Hudson_Bay_(1970),routing_scenario,9,Bearded Seal,EE,0.791283369,0.757981049224655,"Freeze completed living P,Q,diet,predation,accumulation,migration. Solve EE for SM; detritus accumulation absorbs routed inflow at fixed predation. No new consumption is assumed.",SM,0.13
446_446_Hudson_Bay_(1970),routing_scenario,8,Walrus S,EE,0.143246785,0.13511407097268213,"Freeze completed living P,Q,diet,predation,accumulation,migration. Solve EE for SM; detritus accumulation absorbs routed inflow at fixed predation. No new consumption is assumed.",SM,0.13
446_446_Hudson_Bay_(1970),routing_scenario,7,Walrus N,EE,0.18816389099999997,0.16606111755186181,"Freeze completed living P,Q,diet,predation,accumulation,migration. Solve EE for SM; detritus accumulation absorbs routed inflow at fixed predation. No new consumption is assumed.",SM,0.13
446_446_Hudson_Bay_(1970),routing_scenario,6,Bowhead,EE,0.052819170000000026,0.04772198421229357,"Freeze completed living P,Q,diet,predation,accumulation,migration. Solve EE for SM; detritus accumulation absorbs routed inflow at fixed predation. No new consumption is assumed.",SM,0.13
446_446_Hudson_Bay_(1970),routing_scenario,5,Narwhal,EE,0.2706202,0.24345778708313126,"Freeze completed living P,Q,diet,predation,accumulation,migration. Solve EE for SM; detritus accumulation absorbs routed inflow at fixed predation. No new consumption is assumed.",SM,0.13
446_446_Hudson_Bay_(1970),routing_scenario,4,Killer Whale,EE,0.26526534600000007,0.23078084943386012,"Freeze completed living P,Q,diet,predation,accumulation,migration. Solve EE for SM; detritus accumulation absorbs routed inflow at fixed predation. No new consumption is assumed.",SM,0.13
446_446_Hudson_Bay_(1970),routing_scenario,3,Polar Bear Foxe,EE,0.3027038569999999,0.2745751730221776,"Freeze completed living P,Q,diet,predation,accumulation,migration. Solve EE for SM; detritus accumulation absorbs routed inflow at fixed predation. No new consumption is assumed.",SM,0.13
446_446_Hudson_Bay_(1970),routing_scenario,2,SH Polar Bear,EE,0.5060891,0.45780915620269147,"Freeze completed living P,Q,diet,predation,accumulation,migration. Solve EE for SM; detritus accumulation absorbs routed inflow at fixed predation. No new consumption is assumed.",SM,0.13
446_446_Hudson_Bay_(1970),routing_scenario,1,Polar Bear WHB,EE,0.4138758,0.38103593302767336,"Freeze completed living P,Q,diet,predation,accumulation,migration. Solve EE for SM; detritus accumulation absorbs routed inflow at fixed predation. No new consumption is assumed.",SM,0.13
446_446_Hudson_Bay_(1970),routing_scenario,25,Brackish Fish,catch,2.64076e-08,2.2974611999999998e-08,"Freeze completed living P,Q,diet,predation,accumulation,migration. Solve EE for SM; detritus accumulation absorbs routed inflow at fixed predation. No new consumption is assumed.",SM,0.13
446_446_Hudson_Bay_(1970),routing_scenario,24,Other Marine Fish,catch,6.60189e-08,5.7436443e-08,"Freeze completed living P,Q,diet,predation,accumulation,migration. Solve EE for SM; detritus accumulation absorbs routed inflow at fixed predation. No new consumption is assumed.",SM,0.13
446_446_Hudson_Bay_(1970),routing_scenario,22,Sandlance,catch,3.96113e-08,3.4461831e-08,"Freeze completed living P,Q,diet,predation,accumulation,migration. Solve EE for SM; detritus accumulation absorbs routed inflow at fixed predation. No new consumption is assumed.",SM,0.13
446_446_Hudson_Bay_(1970),routing_scenario,21,Capelin,catch,1.32038e-07,1.1487306e-07,"Freeze completed living P,Q,diet,predation,accumulation,migration. Solve EE for SM; detritus accumulation absorbs routed inflow at fixed predation. No new consumption is assumed.",SM,0.13
446_446_Hudson_Bay_(1970),routing_scenario,20,Sculpins/ Zoarcids,catch,2.64076e-07,2.2974612e-07,"Freeze completed living P,Q,diet,predation,accumulation,migration. Solve EE for SM; detritus accumulation absorbs routed inflow at fixed predation. No new consumption is assumed.",SM,0.13
446_446_Hudson_Bay_(1970),routing_scenario,19,Gadiformes,catch,2.64076e-07,2.2974612e-07,"Freeze completed living P,Q,diet,predation,accumulation,migration. Solve EE for SM; detritus accumulation absorbs routed inflow at fixed predation. No new consumption is assumed.",SM,0.13
446_446_Hudson_Bay_(1970),routing_scenario,18,Atlantic Salmon,catch,1.32038e-08,1.1487305999999999e-08,"Freeze completed living P,Q,diet,predation,accumulation,migration. Solve EE for SM; detritus accumulation absorbs routed inflow at fixed predation. No new consumption is assumed.",SM,0.13
446_446_Hudson_Bay_(1970),routing_scenario,17,Arctic Char,catch,4.62132e-07,4.0205484e-07,"Freeze completed living P,Q,diet,predation,accumulation,migration. Solve EE for SM; detritus accumulation absorbs routed inflow at fixed predation. No new consumption is assumed.",SM,0.13
446_446_Hudson_Bay_(1970),routing_scenario,16,Seabirds,catch,0.000325,0.00028274999999999996,"Freeze completed living P,Q,diet,predation,accumulation,migration. Solve EE for SM; detritus accumulation absorbs routed inflow at fixed predation. No new consumption is assumed.",SM,0.13
446_446_Hudson_Bay_(1970),routing_scenario,15,Beluga James,catch,1.4e-05,1.218e-05,"Freeze completed living P,Q,diet,predation,accumulation,migration. Solve EE for SM; detritus accumulation absorbs routed inflow at fixed predation. No new consumption is assumed.",SM,0.13
446_446_Hudson_Bay_(1970),routing_scenario,14,Beluga W,catch,6.05e-05,5.2635e-05,"Freeze completed living P,Q,diet,predation,accumulation,migration. Solve EE for SM; detritus accumulation absorbs routed inflow at fixed predation. No new consumption is assumed.",SM,0.13
446_446_Hudson_Bay_(1970),routing_scenario,13,Beluga E,catch,3.3e-05,2.871e-05,"Freeze completed living P,Q,diet,predation,accumulation,migration. Solve EE for SM; detritus accumulation absorbs routed inflow at fixed predation. No new consumption is assumed.",SM,0.13
446_446_Hudson_Bay_(1970),routing_scenario,12,Harp seal,catch,1.4e-05,1.218e-05,"Freeze completed living P,Q,diet,predation,accumulation,migration. Solve EE for SM; detritus accumulation absorbs routed inflow at fixed predation. No new consumption is assumed.",SM,0.13
446_446_Hudson_Bay_(1970),routing_scenario,11,Ringed Seal,catch,0.000393,0.00034191,"Freeze completed living P,Q,diet,predation,accumulation,migration. Solve EE for SM; detritus accumulation absorbs routed inflow at fixed predation. No new consumption is assumed.",SM,0.13
446_446_Hudson_Bay_(1970),routing_scenario,10,Harbour Seal,catch,2e-06,1.7399999999999999e-06,"Freeze completed living P,Q,diet,predation,accumulation,migration. Solve EE for SM; detritus accumulation absorbs routed inflow at fixed predation. No new consumption is assumed.",SM,0.13
446_446_Hudson_Bay_(1970),routing_scenario,9,Bearded Seal,catch,0.000167,0.00014528999999999999,"Freeze completed living P,Q,diet,predation,accumulation,migration. Solve EE for SM; detritus accumulation absorbs routed inflow at fixed predation. No new consumption is assumed.",SM,0.13
446_446_Hudson_Bay_(1970),routing_scenario,8,Walrus S,catch,6e-06,5.22e-06,"Freeze completed living P,Q,diet,predation,accumulation,migration. Solve EE for SM; detritus accumulation absorbs routed inflow at fixed predation. No new consumption is assumed.",SM,0.13
446_446_Hudson_Bay_(1970),routing_scenario,7,Walrus N,catch,8e-05,6.960000000000001e-05,"Freeze completed living P,Q,diet,predation,accumulation,migration. Solve EE for SM; detritus accumulation absorbs routed inflow at fixed predation. No new consumption is assumed.",SM,0.13
446_446_Hudson_Bay_(1970),routing_scenario,6,Bowhead,catch,9e-06,7.83e-06,"Freeze completed living P,Q,diet,predation,accumulation,migration. Solve EE for SM; detritus accumulation absorbs routed inflow at fixed predation. No new consumption is assumed.",SM,0.13
446_446_Hudson_Bay_(1970),routing_scenario,5,Narwhal,catch,3.4e-05,2.9579999999999998e-05,"Freeze completed living P,Q,diet,predation,accumulation,migration. Solve EE for SM; detritus accumulation absorbs routed inflow at fixed predation. No new consumption is assumed.",SM,0.13
446_446_Hudson_Bay_(1970),routing_scenario,4,Killer Whale,catch,1e-06,8.699999999999999e-07,"Freeze completed living P,Q,diet,predation,accumulation,migration. Solve EE for SM; detritus accumulation absorbs routed inflow at fixed predation. No new consumption is assumed.",SM,0.13
446_446_Hudson_Bay_(1970),routing_scenario,3,Polar Bear Foxe,catch,5e-06,4.350000000000001e-06,"Freeze completed living P,Q,diet,predation,accumulation,migration. Solve EE for SM; detritus accumulation absorbs routed inflow at fixed predation. No new consumption is assumed.",SM,0.13
446_446_Hudson_Bay_(1970),routing_scenario,2,SH Polar Bear,catch,2.2e-05,1.914e-05,"Freeze completed living P,Q,diet,predation,accumulation,migration. Solve EE for SM; detritus accumulation absorbs routed inflow at fixed predation. No new consumption is assumed.",SM,0.13
446_446_Hudson_Bay_(1970),routing_scenario,1,Polar Bear WHB,catch,1.5e-05,1.305e-05,"Freeze completed living P,Q,diet,predation,accumulation,migration. Solve EE for SM; detritus accumulation absorbs routed inflow at fixed predation. No new consumption is assumed.",SM,0.13
446_446_Hudson_Bay_(1970),routing_scenario,40,Pelagic Detritus,growth,100.09094139097152,100.09109502075475,"Freeze completed living P,Q,diet,predation,accumulation,migration. Solve EE for SM; detritus accumulation absorbs routed inflow at fixed predation. No new consumption is assumed.",SM,0.13
446_446_Hudson_Bay_(1970),routing_scenario,25,Brackish Fish,catch,2.64076e-08,2.2974611999999998e-08,"Freeze completed living P,Q,diet,predation,accumulation,migration. Solve EE for SM; detritus accumulation absorbs routed inflow at fixed predation. No new consumption is assumed.",SE,0.13
446_446_Hudson_Bay_(1970),routing_scenario,24,Other Marine Fish,catch,6.60189e-08,5.7436443e-08,"Freeze completed living P,Q,diet,predation,accumulation,migration. Solve EE for SM; detritus accumulation absorbs routed inflow at fixed predation. No new consumption is assumed.",SE,0.13
446_446_Hudson_Bay_(1970),routing_scenario,22,Sandlance,catch,3.96113e-08,3.4461831e-08,"Freeze completed living P,Q,diet,predation,accumulation,migration. Solve EE for SM; detritus accumulation absorbs routed inflow at fixed predation. No new consumption is assumed.",SE,0.13
446_446_Hudson_Bay_(1970),routing_scenario,21,Capelin,catch,1.32038e-07,1.1487306e-07,"Freeze completed living P,Q,diet,predation,accumulation,migration. Solve EE for SM; detritus accumulation absorbs routed inflow at fixed predation. No new consumption is assumed.",SE,0.13
446_446_Hudson_Bay_(1970),routing_scenario,20,Sculpins/ Zoarcids,catch,2.64076e-07,2.2974612e-07,"Freeze completed living P,Q,diet,predation,accumulation,migration. Solve EE for SM; detritus accumulation absorbs routed inflow at fixed predation. No new consumption is assumed.",SE,0.13
446_446_Hudson_Bay_(1970),routing_scenario,19,Gadiformes,catch,2.64076e-07,2.2974612e-07,"Freeze completed living P,Q,diet,predation,accumulation,migration. Solve EE for SM; detritus accumulation absorbs routed inflow at fixed predation. No new consumption is assumed.",SE,0.13
446_446_Hudson_Bay_(1970),routing_scenario,18,Atlantic Salmon,catch,1.32038e-08,1.1487305999999999e-08,"Freeze completed living P,Q,diet,predation,accumulation,migration. Solve EE for SM; detritus accumulation absorbs routed inflow at fixed predation. No new consumption is assumed.",SE,0.13
446_446_Hudson_Bay_(1970),routing_scenario,17,Arctic Char,catch,4.62132e-07,4.0205484e-07,"Freeze completed living P,Q,diet,predation,accumulation,migration. Solve EE for SM; detritus accumulation absorbs routed inflow at fixed predation. No new consumption is assumed.",SE,0.13
446_446_Hudson_Bay_(1970),routing_scenario,16,Seabirds,catch,0.000325,0.00028274999999999996,"Freeze completed living P,Q,diet,predation,accumulation,migration. Solve EE for SM; detritus accumulation absorbs routed inflow at fixed predation. No new consumption is assumed.",SE,0.13
446_446_Hudson_Bay_(1970),routing_scenario,15,Beluga James,catch,1.4e-05,1.218e-05,"Freeze completed living P,Q,diet,predation,accumulation,migration. Solve EE for SM; detritus accumulation absorbs routed inflow at fixed predation. No new consumption is assumed.",SE,0.13
446_446_Hudson_Bay_(1970),routing_scenario,14,Beluga W,catch,6.05e-05,5.2635e-05,"Freeze completed living P,Q,diet,predation,accumulation,migration. Solve EE for SM; detritus accumulation absorbs routed inflow at fixed predation. No new consumption is assumed.",SE,0.13
446_446_Hudson_Bay_(1970),routing_scenario,13,Beluga E,catch,3.3e-05,2.871e-05,"Freeze completed living P,Q,diet,predation,accumulation,migration. Solve EE for SM; detritus accumulation absorbs routed inflow at fixed predation. No new consumption is assumed.",SE,0.13
446_446_Hudson_Bay_(1970),routing_scenario,12,Harp seal,catch,1.4e-05,1.218e-05,"Freeze completed living P,Q,diet,predation,accumulation,migration. Solve EE for SM; detritus accumulation absorbs routed inflow at fixed predation. No new consumption is assumed.",SE,0.13
446_446_Hudson_Bay_(1970),routing_scenario,11,Ringed Seal,catch,0.000393,0.00034191,"Freeze completed living P,Q,diet,predation,accumulation,migration. Solve EE for SM; detritus accumulation absorbs routed inflow at fixed predation. No new consumption is assumed.",SE,0.13
446_446_Hudson_Bay_(1970),routing_scenario,10,Harbour Seal,catch,2e-06,1.7399999999999999e-06,"Freeze completed living P,Q,diet,predation,accumulation,migration. Solve EE for SM; detritus accumulation absorbs routed inflow at fixed predation. No new consumption is assumed.",SE,0.13
446_446_Hudson_Bay_(1970),routing_scenario,9,Bearded Seal,catch,0.000167,0.00014528999999999999,"Freeze completed living P,Q,diet,predation,accumulation,migration. Solve EE for SM; detritus accumulation absorbs routed inflow at fixed predation. No new consumption is assumed.",SE,0.13
446_446_Hudson_Bay_(1970),routing_scenario,8,Walrus S,catch,6e-06,5.22e-06,"Freeze completed living P,Q,diet,predation,accumulation,migration. Solve EE for SM; detritus accumulation absorbs routed inflow at fixed predation. No new consumption is assumed.",SE,0.13
446_446_Hudson_Bay_(1970),routing_scenario,7,Walrus N,catch,8e-05,6.960000000000001e-05,"Freeze completed living P,Q,diet,predation,accumulation,migration. Solve EE for SM; detritus accumulation absorbs routed inflow at fixed predation. No new consumption is assumed.",SE,0.13
446_446_Hudson_Bay_(1970),routing_scenario,6,Bowhead,catch,9e-06,7.83e-06,"Freeze completed living P,Q,diet,predation,accumulation,migration. Solve EE for SM; detritus accumulation absorbs routed inflow at fixed predation. No new consumption is assumed.",SE,0.13
446_446_Hudson_Bay_(1970),routing_scenario,5,Narwhal,catch,3.4e-05,2.9579999999999998e-05,"Freeze completed living P,Q,diet,predation,accumulation,migration. Solve EE for SM; detritus accumulation absorbs routed inflow at fixed predation. No new consumption is assumed.",SE,0.13
446_446_Hudson_Bay_(1970),routing_scenario,4,Killer Whale,catch,1e-06,8.699999999999999e-07,"Freeze completed living P,Q,diet,predation,accumulation,migration. Solve EE for SM; detritus accumulation absorbs routed inflow at fixed predation. No new consumption is assumed.",SE,0.13
446_446_Hudson_Bay_(1970),routing_scenario,3,Polar Bear Foxe,catch,5e-06,4.350000000000001e-06,"Freeze completed living P,Q,diet,predation,accumulation,migration. Solve EE for SM; detritus accumulation absorbs routed inflow at fixed predation. No new consumption is assumed.",SE,0.13
446_446_Hudson_Bay_(1970),routing_scenario,2,SH Polar Bear,catch,2.2e-05,1.914e-05,"Freeze completed living P,Q,diet,predation,accumulation,migration. Solve EE for SM; detritus accumulation absorbs routed inflow at fixed predation. No new consumption is assumed.",SE,0.13
446_446_Hudson_Bay_(1970),routing_scenario,1,Polar Bear WHB,catch,1.5e-05,1.305e-05,"Freeze completed living P,Q,diet,predation,accumulation,migration. Solve EE for SM; detritus accumulation absorbs routed inflow at fixed predation. No new consumption is assumed.",SE,0.13
446_446_Hudson_Bay_(1970),routing_scenario,25,Brackish Fish,external_loss,0.0,3.432988e-09,"Freeze completed living P,Q,diet,predation,accumulation,migration. Solve EE for SM; detritus accumulation absorbs routed inflow at fixed predation. No new consumption is assumed.",SE,0.13
446_446_Hudson_Bay_(1970),routing_scenario,24,Other Marine Fish,external_loss,0.0,8.582457e-09,"Freeze completed living P,Q,diet,predation,accumulation,migration. Solve EE for SM; detritus accumulation absorbs routed inflow at fixed predation. No new consumption is assumed.",SE,0.13
446_446_Hudson_Bay_(1970),routing_scenario,22,Sandlance,external_loss,0.0,5.149469e-09,"Freeze completed living P,Q,diet,predation,accumulation,migration. Solve EE for SM; detritus accumulation absorbs routed inflow at fixed predation. No new consumption is assumed.",SE,0.13
446_446_Hudson_Bay_(1970),routing_scenario,21,Capelin,external_loss,0.0,1.7164940000000003e-08,"Freeze completed living P,Q,diet,predation,accumulation,migration. Solve EE for SM; detritus accumulation absorbs routed inflow at fixed predation. No new consumption is assumed.",SE,0.13
446_446_Hudson_Bay_(1970),routing_scenario,20,Sculpins/ Zoarcids,external_loss,0.0,3.4329880000000005e-08,"Freeze completed living P,Q,diet,predation,accumulation,migration. Solve EE for SM; detritus accumulation absorbs routed inflow at fixed predation. No new consumption is assumed.",SE,0.13
446_446_Hudson_Bay_(1970),routing_scenario,19,Gadiformes,external_loss,0.0,3.4329880000000005e-08,"Freeze completed living P,Q,diet,predation,accumulation,migration. Solve EE for SM; detritus accumulation absorbs routed inflow at fixed predation. No new consumption is assumed.",SE,0.13
446_446_Hudson_Bay_(1970),routing_scenario,18,Atlantic Salmon,external_loss,0.0,1.716494e-09,"Freeze completed living P,Q,diet,predation,accumulation,migration. Solve EE for SM; detritus accumulation absorbs routed inflow at fixed predation. No new consumption is assumed.",SE,0.13
446_446_Hudson_Bay_(1970),routing_scenario,17,Arctic Char,external_loss,0.0,6.007716e-08,"Freeze completed living P,Q,diet,predation,accumulation,migration. Solve EE for SM; detritus accumulation absorbs routed inflow at fixed predation. No new consumption is assumed.",SE,0.13
446_446_Hudson_Bay_(1970),routing_scenario,16,Seabirds,external_loss,0.0,4.225e-05,"Freeze completed living P,Q,diet,predation,accumulation,migration. Solve EE for SM; detritus accumulation absorbs routed inflow at fixed predation. No new consumption is assumed.",SE,0.13
446_446_Hudson_Bay_(1970),routing_scenario,15,Beluga James,external_loss,0.0,1.82e-06,"Freeze completed living P,Q,diet,predation,accumulation,migration. Solve EE for SM; detritus accumulation absorbs routed inflow at fixed predation. No new consumption is assumed.",SE,0.13
446_446_Hudson_Bay_(1970),routing_scenario,14,Beluga W,external_loss,0.0,7.865e-06,"Freeze completed living P,Q,diet,predation,accumulation,migration. Solve EE for SM; detritus accumulation absorbs routed inflow at fixed predation. No new consumption is assumed.",SE,0.13
446_446_Hudson_Bay_(1970),routing_scenario,13,Beluga E,external_loss,0.0,4.2900000000000004e-06,"Freeze completed living P,Q,diet,predation,accumulation,migration. Solve EE for SM; detritus accumulation absorbs routed inflow at fixed predation. No new consumption is assumed.",SE,0.13
446_446_Hudson_Bay_(1970),routing_scenario,12,Harp seal,external_loss,0.0,1.82e-06,"Freeze completed living P,Q,diet,predation,accumulation,migration. Solve EE for SM; detritus accumulation absorbs routed inflow at fixed predation. No new consumption is assumed.",SE,0.13
446_446_Hudson_Bay_(1970),routing_scenario,11,Ringed Seal,external_loss,0.0,5.109e-05,"Freeze completed living P,Q,diet,predation,accumulation,migration. Solve EE for SM; detritus accumulation absorbs routed inflow at fixed predation. No new consumption is assumed.",SE,0.13
446_446_Hudson_Bay_(1970),routing_scenario,10,Harbour Seal,external_loss,0.0,2.6e-07,"Freeze completed living P,Q,diet,predation,accumulation,migration. Solve EE for SM; detritus accumulation absorbs routed inflow at fixed predation. No new consumption is assumed.",SE,0.13
446_446_Hudson_Bay_(1970),routing_scenario,9,Bearded Seal,external_loss,0.0,2.171e-05,"Freeze completed living P,Q,diet,predation,accumulation,migration. Solve EE for SM; detritus accumulation absorbs routed inflow at fixed predation. No new consumption is assumed.",SE,0.13
446_446_Hudson_Bay_(1970),routing_scenario,8,Walrus S,external_loss,0.0,7.8e-07,"Freeze completed living P,Q,diet,predation,accumulation,migration. Solve EE for SM; detritus accumulation absorbs routed inflow at fixed predation. No new consumption is assumed.",SE,0.13
446_446_Hudson_Bay_(1970),routing_scenario,7,Walrus N,external_loss,0.0,1.04e-05,"Freeze completed living P,Q,diet,predation,accumulation,migration. Solve EE for SM; detritus accumulation absorbs routed inflow at fixed predation. No new consumption is assumed.",SE,0.13
446_446_Hudson_Bay_(1970),routing_scenario,6,Bowhead,external_loss,0.0,1.17e-06,"Freeze completed living P,Q,diet,predation,accumulation,migration. Solve EE for SM; detritus accumulation absorbs routed inflow at fixed predation. No new consumption is assumed.",SE,0.13
446_446_Hudson_Bay_(1970),routing_scenario,5,Narwhal,external_loss,0.0,4.42e-06,"Freeze completed living P,Q,diet,predation,accumulation,migration. Solve EE for SM; detritus accumulation absorbs routed inflow at fixed predation. No new consumption is assumed.",SE,0.13
446_446_Hudson_Bay_(1970),routing_scenario,4,Killer Whale,external_loss,0.0,1.3e-07,"Freeze completed living P,Q,diet,predation,accumulation,migration. Solve EE for SM; detritus accumulation absorbs routed inflow at fixed predation. No new consumption is assumed.",SE,0.13
446_446_Hudson_Bay_(1970),routing_scenario,3,Polar Bear Foxe,external_loss,0.0,6.5e-07,"Freeze completed living P,Q,diet,predation,accumulation,migration. Solve EE for SM; detritus accumulation absorbs routed inflow at fixed predation. No new consumption is assumed.",SE,0.13
446_446_Hudson_Bay_(1970),routing_scenario,2,SH Polar Bear,external_loss,0.0,2.86e-06,"Freeze completed living P,Q,diet,predation,accumulation,migration. Solve EE for SM; detritus accumulation absorbs routed inflow at fixed predation. No new consumption is assumed.",SE,0.13
446_446_Hudson_Bay_(1970),routing_scenario,1,Polar Bear WHB,external_loss,0.0,1.95e-06,"Freeze completed living P,Q,diet,predation,accumulation,migration. Solve EE for SM; detritus accumulation absorbs routed inflow at fixed predation. No new consumption is assumed.",SE,0.13
446_446_Hudson_Bay_(1970),routing_scenario,40,Pelagic Detritus,p,128.24910803428477,128.24927348174364,"Freeze completed living P,Q,diet,predation,accumulation,migration. Solve EE for SM; detritus accumulation absorbs routed inflow at fixed predation. No new consumption is assumed.",SM,0.14
446_446_Hudson_Bay_(1970),routing_scenario,40,Pelagic Detritus,q,128.24910803428477,128.24927348174364,"Freeze completed living P,Q,diet,predation,accumulation,migration. Solve EE for SM; detritus accumulation absorbs routed inflow at fixed predation. No new consumption is assumed.",SM,0.14
446_446_Hudson_Bay_(1970),routing_scenario,25,Brackish Fish,M0,0.0025425355725000025,0.0025425392695640025,"Freeze completed living P,Q,diet,predation,accumulation,migration. Solve EE for SM; detritus accumulation absorbs routed inflow at fixed predation. No new consumption is assumed.",SM,0.14
446_446_Hudson_Bay_(1970),routing_scenario,24,Other Marine Fish,M0,0.011930946740000012,0.011930955982646011,"Freeze completed living P,Q,diet,predation,accumulation,migration. Solve EE for SM; detritus accumulation absorbs routed inflow at fixed predation. No new consumption is assumed.",SM,0.14
446_446_Hudson_Bay_(1970),routing_scenario,22,Sandlance,M0,0.021766202280000018,0.02176620782558202,"Freeze completed living P,Q,diet,predation,accumulation,migration. Solve EE for SM; detritus accumulation absorbs routed inflow at fixed predation. No new consumption is assumed.",SM,0.14
446_446_Hudson_Bay_(1970),routing_scenario,21,Capelin,M0,0.025841266500000022,0.025841284985320023,"Freeze completed living P,Q,diet,predation,accumulation,migration. Solve EE for SM; detritus accumulation absorbs routed inflow at fixed predation. No new consumption is assumed.",SM,0.14
446_446_Hudson_Bay_(1970),routing_scenario,20,Sculpins/ Zoarcids,M0,0.008667478715000008,0.008667515685640009,"Freeze completed living P,Q,diet,predation,accumulation,migration. Solve EE for SM; detritus accumulation absorbs routed inflow at fixed predation. No new consumption is assumed.",SM,0.14
446_446_Hudson_Bay_(1970),routing_scenario,19,Gadiformes,M0,0.016022631350000014,0.016022668320640015,"Freeze completed living P,Q,diet,predation,accumulation,migration. Solve EE for SM; detritus accumulation absorbs routed inflow at fixed predation. No new consumption is assumed.",SM,0.14
446_446_Hudson_Bay_(1970),routing_scenario,18,Atlantic Salmon,M0,0.0013343262400000013,0.0013343280885320013,"Freeze completed living P,Q,diet,predation,accumulation,migration. Solve EE for SM; detritus accumulation absorbs routed inflow at fixed predation. No new consumption is assumed.",SM,0.14
446_446_Hudson_Bay_(1970),routing_scenario,17,Arctic Char,M0,0.0017951153200000017,0.0017951800184800018,"Freeze completed living P,Q,diet,predation,accumulation,migration. Solve EE for SM; detritus accumulation absorbs routed inflow at fixed predation. No new consumption is assumed.",SM,0.14
446_446_Hudson_Bay_(1970),routing_scenario,16,Seabirds,M0,0.021714263038000003,0.021759763038000004,"Freeze completed living P,Q,diet,predation,accumulation,migration. Solve EE for SM; detritus accumulation absorbs routed inflow at fixed predation. No new consumption is assumed.",SM,0.14
446_446_Hudson_Bay_(1970),routing_scenario,15,Beluga James,M0,5.5673137044634417e-05,5.763313704463442e-05,"Freeze completed living P,Q,diet,predation,accumulation,migration. Solve EE for SM; detritus accumulation absorbs routed inflow at fixed predation. No new consumption is assumed.",SM,0.14
446_446_Hudson_Bay_(1970),routing_scenario,14,Beluga W,M0,0.0013602991127677291,0.0013687691127677291,"Freeze completed living P,Q,diet,predation,accumulation,migration. Solve EE for SM; detritus accumulation absorbs routed inflow at fixed predation. No new consumption is assumed.",SM,0.14
446_446_Hudson_Bay_(1970),routing_scenario,13,Beluga E,M0,9.807396405385151e-05,0.00010269396405385152,"Freeze completed living P,Q,diet,predation,accumulation,migration. Solve EE for SM; detritus accumulation absorbs routed inflow at fixed predation. No new consumption is assumed.",SM,0.14
446_446_Hudson_Bay_(1970),routing_scenario,12,Harp seal,M0,3.9123524670240005e-05,4.1083524670240006e-05,"Freeze completed living P,Q,diet,predation,accumulation,migration. Solve EE for SM; detritus accumulation absorbs routed inflow at fixed predation. No new consumption is assumed.",SM,0.14
446_446_Hudson_Bay_(1970),routing_scenario,11,Ringed Seal,M0,0.004359851707524983,0.004414871707524983,"Freeze completed living P,Q,diet,predation,accumulation,migration. Solve EE for SM; detritus accumulation absorbs routed inflow at fixed predation. No new consumption is assumed.",SM,0.14
446_446_Hudson_Bay_(1970),routing_scenario,10,Harbour Seal,M0,0.00012099825122750879,0.0001212782512275088,"Freeze completed living P,Q,diet,predation,accumulation,migration. Solve EE for SM; detritus accumulation absorbs routed inflow at fixed predation. No new consumption is assumed.",SM,0.14
446_446_Hudson_Bay_(1970),routing_scenario,9,Bearded Seal,M0,0.00013606373638765757,0.00015944373638765758,"Freeze completed living P,Q,diet,predation,accumulation,migration. Solve EE for SM; detritus accumulation absorbs routed inflow at fixed predation. No new consumption is assumed.",SM,0.14
446_446_Hudson_Bay_(1970),routing_scenario,8,Walrus S,M0,8.217029462185597e-05,8.301029462185597e-05,"Freeze completed living P,Q,diet,predation,accumulation,migration. Solve EE for SM; detritus accumulation absorbs routed inflow at fixed predation. No new consumption is assumed.",SM,0.14
446_446_Hudson_Bay_(1970),routing_scenario,7,Walrus N,M0,0.0003819925835737691,0.0003931925835737691,"Freeze completed living P,Q,diet,predation,accumulation,migration. Solve EE for SM; detritus accumulation absorbs routed inflow at fixed predation. No new consumption is assumed.",SM,0.14
446_446_Hudson_Bay_(1970),routing_scenario,6,Bowhead,M0,0.00021741439634646387,0.00021867439634646387,"Freeze completed living P,Q,diet,predation,accumulation,migration. Solve EE for SM; detritus accumulation absorbs routed inflow at fixed predation. No new consumption is assumed.",SM,0.14
446_446_Hudson_Bay_(1970),routing_scenario,5,Narwhal,M0,0.00011868823016079942,0.00012344823016079942,"Freeze completed living P,Q,diet,predation,accumulation,migration. Solve EE for SM; detritus accumulation absorbs routed inflow at fixed predation. No new consumption is assumed.",SM,0.14
446_446_Hudson_Bay_(1970),routing_scenario,4,Killer Whale,M0,2.76981004599574e-06,2.9098100459957397e-06,"Freeze completed living P,Q,diet,predation,accumulation,migration. Solve EE for SM; detritus accumulation absorbs routed inflow at fixed predation. No new consumption is assumed.",SM,0.14
446_446_Hudson_Bay_(1970),routing_scenario,3,Polar Bear Foxe,M0,1.611317803944726e-05,1.681317803944726e-05,"Freeze completed living P,Q,diet,predation,accumulation,migration. Solve EE for SM; detritus accumulation absorbs routed inflow at fixed predation. No new consumption is assumed.",SM,0.14
446_446_Hudson_Bay_(1970),routing_scenario,2,SH Polar Bear,M0,2.9258219105026142e-05,3.233821910502614e-05,"Freeze completed living P,Q,diet,predation,accumulation,migration. Solve EE for SM; detritus accumulation absorbs routed inflow at fixed predation. No new consumption is assumed.",SM,0.14
446_446_Hudson_Bay_(1970),routing_scenario,1,Polar Bear WHB,M0,3.4803496340686466e-05,3.690349634068647e-05,"Freeze completed living P,Q,diet,predation,accumulation,migration. Solve EE for SM; detritus accumulation absorbs routed inflow at fixed predation. No new consumption is assumed.",SM,0.14
446_446_Hudson_Bay_(1970),routing_scenario,25,Brackish Fish,EE,0.95,0.9499999272957271,"Freeze completed living P,Q,diet,predation,accumulation,migration. Solve EE for SM; detritus accumulation absorbs routed inflow at fixed predation. No new consumption is assumed.",SM,0.14
446_446_Hudson_Bay_(1970),routing_scenario,24,Other Marine Fish,EE,0.95,0.949999961266083,"Freeze completed living P,Q,diet,predation,accumulation,migration. Solve EE for SM; detritus accumulation absorbs routed inflow at fixed predation. No new consumption is assumed.",SM,0.14
446_446_Hudson_Bay_(1970),routing_scenario,22,Sandlance,EE,0.95,0.9499999872610253,"Freeze completed living P,Q,diet,predation,accumulation,migration. Solve EE for SM; detritus accumulation absorbs routed inflow at fixed predation. No new consumption is assumed.",SM,0.14
446_446_Hudson_Bay_(1970),routing_scenario,21,Capelin,EE,0.95,0.949999964232945,"Freeze completed living P,Q,diet,predation,accumulation,migration. Solve EE for SM; detritus accumulation absorbs routed inflow at fixed predation. No new consumption is assumed.",SM,0.14
446_446_Hudson_Bay_(1970),routing_scenario,20,Sculpins/ Zoarcids,EE,0.95,0.9499997867278293,"Freeze completed living P,Q,diet,predation,accumulation,migration. Solve EE for SM; detritus accumulation absorbs routed inflow at fixed predation. No new consumption is assumed.",SM,0.14
446_446_Hudson_Bay_(1970),routing_scenario,19,Gadiformes,EE,0.95,0.9499998846299362,"Freeze completed living P,Q,diet,predation,accumulation,migration. Solve EE for SM; detritus accumulation absorbs routed inflow at fixed predation. No new consumption is assumed.",SM,0.14
446_446_Hudson_Bay_(1970),routing_scenario,18,Atlantic Salmon,EE,0.95,0.9499999307316327,"Freeze completed living P,Q,diet,predation,accumulation,migration. Solve EE for SM; detritus accumulation absorbs routed inflow at fixed predation. No new consumption is assumed.",SM,0.14
446_446_Hudson_Bay_(1970),routing_scenario,17,Arctic Char,EE,0.95,0.9499981979297017,"Freeze completed living P,Q,diet,predation,accumulation,migration. Solve EE for SM; detritus accumulation absorbs routed inflow at fixed predation. No new consumption is assumed.",SM,0.14
446_446_Hudson_Bay_(1970),routing_scenario,16,Seabirds,EE,0.09712003999999996,0.09522814810810798,"Freeze completed living P,Q,diet,predation,accumulation,migration. Solve EE for SM; detritus accumulation absorbs routed inflow at fixed predation. No new consumption is assumed.",SM,0.14
446_446_Hudson_Bay_(1970),routing_scenario,15,Beluga James,EE,0.5643347,0.5489968901813184,"Freeze completed living P,Q,diet,predation,accumulation,migration. Solve EE for SM; detritus accumulation absorbs routed inflow at fixed predation. No new consumption is assumed.",SM,0.14
446_446_Hudson_Bay_(1970),routing_scenario,14,Beluga W,EE,0.13272054499999997,0.12732036726342566,"Freeze completed living P,Q,diet,predation,accumulation,migration. Solve EE for SM; detritus accumulation absorbs routed inflow at fixed predation. No new consumption is assumed.",SM,0.14
446_446_Hudson_Bay_(1970),routing_scenario,13,Beluga E,EE,0.28052579999999994,0.24663331042779457,"Freeze completed living P,Q,diet,predation,accumulation,migration. Solve EE for SM; detritus accumulation absorbs routed inflow at fixed predation. No new consumption is assumed.",SM,0.14
446_446_Hudson_Bay_(1970),routing_scenario,12,Harp seal,EE,0.6883504,0.6727374606968948,"Freeze completed living P,Q,diet,predation,accumulation,migration. Solve EE for SM; detritus accumulation absorbs routed inflow at fixed predation. No new consumption is assumed.",SM,0.14
446_446_Hudson_Bay_(1970),routing_scenario,11,Ringed Seal,EE,0.412556618,0.40514326152692204,"Freeze completed living P,Q,diet,predation,accumulation,migration. Solve EE for SM; detritus accumulation absorbs routed inflow at fixed predation. No new consumption is assumed.",SM,0.14
446_446_Hudson_Bay_(1970),routing_scenario,10,Harbour Seal,EE,0.07364795999999996,0.0715043044630923,"Freeze completed living P,Q,diet,predation,accumulation,migration. Solve EE for SM; detritus accumulation absorbs routed inflow at fixed predation. No new consumption is assumed.",SM,0.14
446_446_Hudson_Bay_(1970),routing_scenario,9,Bearded Seal,EE,0.791283369,0.7554193323188594,"Freeze completed living P,Q,diet,predation,accumulation,migration. Solve EE for SM; detritus accumulation absorbs routed inflow at fixed predation. No new consumption is assumed.",SM,0.14
446_446_Hudson_Bay_(1970),routing_scenario,8,Walrus S,EE,0.143246785,0.1344884775859655,"Freeze completed living P,Q,diet,predation,accumulation,migration. Solve EE for SM; detritus accumulation absorbs routed inflow at fixed predation. No new consumption is assumed.",SM,0.14
446_446_Hudson_Bay_(1970),routing_scenario,7,Walrus N,EE,0.18816389099999997,0.1643609042096973,"Freeze completed living P,Q,diet,predation,accumulation,migration. Solve EE for SM; detritus accumulation absorbs routed inflow at fixed predation. No new consumption is assumed.",SM,0.14
446_446_Hudson_Bay_(1970),routing_scenario,6,Bowhead,EE,0.052819170000000026,0.047329892997854506,"Freeze completed living P,Q,diet,predation,accumulation,migration. Solve EE for SM; detritus accumulation absorbs routed inflow at fixed predation. No new consumption is assumed.",SM,0.14
446_446_Hudson_Bay_(1970),routing_scenario,5,Narwhal,EE,0.2706202,0.24136837070491046,"Freeze completed living P,Q,diet,predation,accumulation,migration. Solve EE for SM; detritus accumulation absorbs routed inflow at fixed predation. No new consumption is assumed.",SM,0.14
446_446_Hudson_Bay_(1970),routing_scenario,4,Killer Whale,EE,0.26526534600000007,0.2281281958518494,"Freeze completed living P,Q,diet,predation,accumulation,migration. Solve EE for SM; detritus accumulation absorbs routed inflow at fixed predation. No new consumption is assumed.",SM,0.14
446_446_Hudson_Bay_(1970),routing_scenario,3,Polar Bear Foxe,EE,0.3027038569999999,0.27241142810080654,"Freeze completed living P,Q,diet,predation,accumulation,migration. Solve EE for SM; detritus accumulation absorbs routed inflow at fixed predation. No new consumption is assumed.",SM,0.14
446_446_Hudson_Bay_(1970),routing_scenario,2,SH Polar Bear,EE,0.5060891,0.45409531437212924,"Freeze completed living P,Q,diet,predation,accumulation,migration. Solve EE for SM; detritus accumulation absorbs routed inflow at fixed predation. No new consumption is assumed.",SM,0.14
446_446_Hudson_Bay_(1970),routing_scenario,1,Polar Bear WHB,EE,0.4138758,0.3785097894144175,"Freeze completed living P,Q,diet,predation,accumulation,migration. Solve EE for SM; detritus accumulation absorbs routed inflow at fixed predation. No new consumption is assumed.",SM,0.14
446_446_Hudson_Bay_(1970),routing_scenario,25,Brackish Fish,catch,2.64076e-08,2.2710536e-08,"Freeze completed living P,Q,diet,predation,accumulation,migration. Solve EE for SM; detritus accumulation absorbs routed inflow at fixed predation. No new consumption is assumed.",SM,0.14
446_446_Hudson_Bay_(1970),routing_scenario,24,Other Marine Fish,catch,6.60189e-08,5.6776254e-08,"Freeze completed living P,Q,diet,predation,accumulation,migration. Solve EE for SM; detritus accumulation absorbs routed inflow at fixed predation. No new consumption is assumed.",SM,0.14
446_446_Hudson_Bay_(1970),routing_scenario,22,Sandlance,catch,3.96113e-08,3.4065718e-08,"Freeze completed living P,Q,diet,predation,accumulation,migration. Solve EE for SM; detritus accumulation absorbs routed inflow at fixed predation. No new consumption is assumed.",SM,0.14
446_446_Hudson_Bay_(1970),routing_scenario,21,Capelin,catch,1.32038e-07,1.1355268e-07,"Freeze completed living P,Q,diet,predation,accumulation,migration. Solve EE for SM; detritus accumulation absorbs routed inflow at fixed predation. No new consumption is assumed.",SM,0.14
446_446_Hudson_Bay_(1970),routing_scenario,20,Sculpins/ Zoarcids,catch,2.64076e-07,2.2710536e-07,"Freeze completed living P,Q,diet,predation,accumulation,migration. Solve EE for SM; detritus accumulation absorbs routed inflow at fixed predation. No new consumption is assumed.",SM,0.14
446_446_Hudson_Bay_(1970),routing_scenario,19,Gadiformes,catch,2.64076e-07,2.2710536e-07,"Freeze completed living P,Q,diet,predation,accumulation,migration. Solve EE for SM; detritus accumulation absorbs routed inflow at fixed predation. No new consumption is assumed.",SM,0.14
446_446_Hudson_Bay_(1970),routing_scenario,18,Atlantic Salmon,catch,1.32038e-08,1.1355268e-08,"Freeze completed living P,Q,diet,predation,accumulation,migration. Solve EE for SM; detritus accumulation absorbs routed inflow at fixed predation. No new consumption is assumed.",SM,0.14
446_446_Hudson_Bay_(1970),routing_scenario,17,Arctic Char,catch,4.62132e-07,3.9743352e-07,"Freeze completed living P,Q,diet,predation,accumulation,migration. Solve EE for SM; detritus accumulation absorbs routed inflow at fixed predation. No new consumption is assumed.",SM,0.14
446_446_Hudson_Bay_(1970),routing_scenario,16,Seabirds,catch,0.000325,0.00027949999999999996,"Freeze completed living P,Q,diet,predation,accumulation,migration. Solve EE for SM; detritus accumulation absorbs routed inflow at fixed predation. No new consumption is assumed.",SM,0.14
446_446_Hudson_Bay_(1970),routing_scenario,15,Beluga James,catch,1.4e-05,1.204e-05,"Freeze completed living P,Q,diet,predation,accumulation,migration. Solve EE for SM; detritus accumulation absorbs routed inflow at fixed predation. No new consumption is assumed.",SM,0.14
446_446_Hudson_Bay_(1970),routing_scenario,14,Beluga W,catch,6.05e-05,5.203e-05,"Freeze completed living P,Q,diet,predation,accumulation,migration. Solve EE for SM; detritus accumulation absorbs routed inflow at fixed predation. No new consumption is assumed.",SM,0.14
446_446_Hudson_Bay_(1970),routing_scenario,13,Beluga E,catch,3.3e-05,2.8380000000000003e-05,"Freeze completed living P,Q,diet,predation,accumulation,migration. Solve EE for SM; detritus accumulation absorbs routed inflow at fixed predation. No new consumption is assumed.",SM,0.14
446_446_Hudson_Bay_(1970),routing_scenario,12,Harp seal,catch,1.4e-05,1.204e-05,"Freeze completed living P,Q,diet,predation,accumulation,migration. Solve EE for SM; detritus accumulation absorbs routed inflow at fixed predation. No new consumption is assumed.",SM,0.14
446_446_Hudson_Bay_(1970),routing_scenario,11,Ringed Seal,catch,0.000393,0.00033798,"Freeze completed living P,Q,diet,predation,accumulation,migration. Solve EE for SM; detritus accumulation absorbs routed inflow at fixed predation. No new consumption is assumed.",SM,0.14
446_446_Hudson_Bay_(1970),routing_scenario,10,Harbour Seal,catch,2e-06,1.7199999999999998e-06,"Freeze completed living P,Q,diet,predation,accumulation,migration. Solve EE for SM; detritus accumulation absorbs routed inflow at fixed predation. No new consumption is assumed.",SM,0.14
446_446_Hudson_Bay_(1970),routing_scenario,9,Bearded Seal,catch,0.000167,0.00014361999999999998,"Freeze completed living P,Q,diet,predation,accumulation,migration. Solve EE for SM; detritus accumulation absorbs routed inflow at fixed predation. No new consumption is assumed.",SM,0.14
446_446_Hudson_Bay_(1970),routing_scenario,8,Walrus S,catch,6e-06,5.16e-06,"Freeze completed living P,Q,diet,predation,accumulation,migration. Solve EE for SM; detritus accumulation absorbs routed inflow at fixed predation. No new consumption is assumed.",SM,0.14
446_446_Hudson_Bay_(1970),routing_scenario,7,Walrus N,catch,8e-05,6.88e-05,"Freeze completed living P,Q,diet,predation,accumulation,migration. Solve EE for SM; detritus accumulation absorbs routed inflow at fixed predation. No new consumption is assumed.",SM,0.14
446_446_Hudson_Bay_(1970),routing_scenario,6,Bowhead,catch,9e-06,7.74e-06,"Freeze completed living P,Q,diet,predation,accumulation,migration. Solve EE for SM; detritus accumulation absorbs routed inflow at fixed predation. No new consumption is assumed.",SM,0.14
446_446_Hudson_Bay_(1970),routing_scenario,5,Narwhal,catch,3.4e-05,2.9239999999999998e-05,"Freeze completed living P,Q,diet,predation,accumulation,migration. Solve EE for SM; detritus accumulation absorbs routed inflow at fixed predation. No new consumption is assumed.",SM,0.14
446_446_Hudson_Bay_(1970),routing_scenario,4,Killer Whale,catch,1e-06,8.599999999999999e-07,"Freeze completed living P,Q,diet,predation,accumulation,migration. Solve EE for SM; detritus accumulation absorbs routed inflow at fixed predation. No new consumption is assumed.",SM,0.14
446_446_Hudson_Bay_(1970),routing_scenario,3,Polar Bear Foxe,catch,5e-06,4.3e-06,"Freeze completed living P,Q,diet,predation,accumulation,migration. Solve EE for SM; detritus accumulation absorbs routed inflow at fixed predation. No new consumption is assumed.",SM,0.14
446_446_Hudson_Bay_(1970),routing_scenario,2,SH Polar Bear,catch,2.2e-05,1.892e-05,"Freeze completed living P,Q,diet,predation,accumulation,migration. Solve EE for SM; detritus accumulation absorbs routed inflow at fixed predation. No new consumption is assumed.",SM,0.14
446_446_Hudson_Bay_(1970),routing_scenario,1,Polar Bear WHB,catch,1.5e-05,1.29e-05,"Freeze completed living P,Q,diet,predation,accumulation,migration. Solve EE for SM; detritus accumulation absorbs routed inflow at fixed predation. No new consumption is assumed.",SM,0.14
446_446_Hudson_Bay_(1970),routing_scenario,40,Pelagic Detritus,growth,100.09094139097152,100.09110683843039,"Freeze completed living P,Q,diet,predation,accumulation,migration. Solve EE for SM; detritus accumulation absorbs routed inflow at fixed predation. No new consumption is assumed.",SM,0.14
446_446_Hudson_Bay_(1970),routing_scenario,25,Brackish Fish,catch,2.64076e-08,2.2710536e-08,"Freeze completed living P,Q,diet,predation,accumulation,migration. Solve EE for SM; detritus accumulation absorbs routed inflow at fixed predation. No new consumption is assumed.",SE,0.14
446_446_Hudson_Bay_(1970),routing_scenario,24,Other Marine Fish,catch,6.60189e-08,5.6776254e-08,"Freeze completed living P,Q,diet,predation,accumulation,migration. Solve EE for SM; detritus accumulation absorbs routed inflow at fixed predation. No new consumption is assumed.",SE,0.14
446_446_Hudson_Bay_(1970),routing_scenario,22,Sandlance,catch,3.96113e-08,3.4065718e-08,"Freeze completed living P,Q,diet,predation,accumulation,migration. Solve EE for SM; detritus accumulation absorbs routed inflow at fixed predation. No new consumption is assumed.",SE,0.14
446_446_Hudson_Bay_(1970),routing_scenario,21,Capelin,catch,1.32038e-07,1.1355268e-07,"Freeze completed living P,Q,diet,predation,accumulation,migration. Solve EE for SM; detritus accumulation absorbs routed inflow at fixed predation. No new consumption is assumed.",SE,0.14
446_446_Hudson_Bay_(1970),routing_scenario,20,Sculpins/ Zoarcids,catch,2.64076e-07,2.2710536e-07,"Freeze completed living P,Q,diet,predation,accumulation,migration. Solve EE for SM; detritus accumulation absorbs routed inflow at fixed predation. No new consumption is assumed.",SE,0.14
446_446_Hudson_Bay_(1970),routing_scenario,19,Gadiformes,catch,2.64076e-07,2.2710536e-07,"Freeze completed living P,Q,diet,predation,accumulation,migration. Solve EE for SM; detritus accumulation absorbs routed inflow at fixed predation. No new consumption is assumed.",SE,0.14
446_446_Hudson_Bay_(1970),routing_scenario,18,Atlantic Salmon,catch,1.32038e-08,1.1355268e-08,"Freeze completed living P,Q,diet,predation,accumulation,migration. Solve EE for SM; detritus accumulation absorbs routed inflow at fixed predation. No new consumption is assumed.",SE,0.14
446_446_Hudson_Bay_(1970),routing_scenario,17,Arctic Char,catch,4.62132e-07,3.9743352e-07,"Freeze completed living P,Q,diet,predation,accumulation,migration. Solve EE for SM; detritus accumulation absorbs routed inflow at fixed predation. No new consumption is assumed.",SE,0.14
446_446_Hudson_Bay_(1970),routing_scenario,16,Seabirds,catch,0.000325,0.00027949999999999996,"Freeze completed living P,Q,diet,predation,accumulation,migration. Solve EE for SM; detritus accumulation absorbs routed inflow at fixed predation. No new consumption is assumed.",SE,0.14
446_446_Hudson_Bay_(1970),routing_scenario,15,Beluga James,catch,1.4e-05,1.204e-05,"Freeze completed living P,Q,diet,predation,accumulation,migration. Solve EE for SM; detritus accumulation absorbs routed inflow at fixed predation. No new consumption is assumed.",SE,0.14
446_446_Hudson_Bay_(1970),routing_scenario,14,Beluga W,catch,6.05e-05,5.203e-05,"Freeze completed living P,Q,diet,predation,accumulation,migration. Solve EE for SM; detritus accumulation absorbs routed inflow at fixed predation. No new consumption is assumed.",SE,0.14
446_446_Hudson_Bay_(1970),routing_scenario,13,Beluga E,catch,3.3e-05,2.8380000000000003e-05,"Freeze completed living P,Q,diet,predation,accumulation,migration. Solve EE for SM; detritus accumulation absorbs routed inflow at fixed predation. No new consumption is assumed.",SE,0.14
446_446_Hudson_Bay_(1970),routing_scenario,12,Harp seal,catch,1.4e-05,1.204e-05,"Freeze completed living P,Q,diet,predation,accumulation,migration. Solve EE for SM; detritus accumulation absorbs routed inflow at fixed predation. No new consumption is assumed.",SE,0.14
446_446_Hudson_Bay_(1970),routing_scenario,11,Ringed Seal,catch,0.000393,0.00033798,"Freeze completed living P,Q,diet,predation,accumulation,migration. Solve EE for SM; detritus accumulation absorbs routed inflow at fixed predation. No new consumption is assumed.",SE,0.14
446_446_Hudson_Bay_(1970),routing_scenario,10,Harbour Seal,catch,2e-06,1.7199999999999998e-06,"Freeze completed living P,Q,diet,predation,accumulation,migration. Solve EE for SM; detritus accumulation absorbs routed inflow at fixed predation. No new consumption is assumed.",SE,0.14
446_446_Hudson_Bay_(1970),routing_scenario,9,Bearded Seal,catch,0.000167,0.00014361999999999998,"Freeze completed living P,Q,diet,predation,accumulation,migration. Solve EE for SM; detritus accumulation absorbs routed inflow at fixed predation. No new consumption is assumed.",SE,0.14
446_446_Hudson_Bay_(1970),routing_scenario,8,Walrus S,catch,6e-06,5.16e-06,"Freeze completed living P,Q,diet,predation,accumulation,migration. Solve EE for SM; detritus accumulation absorbs routed inflow at fixed predation. No new consumption is assumed.",SE,0.14
446_446_Hudson_Bay_(1970),routing_scenario,7,Walrus N,catch,8e-05,6.88e-05,"Freeze completed living P,Q,diet,predation,accumulation,migration. Solve EE for SM; detritus accumulation absorbs routed inflow at fixed predation. No new consumption is assumed.",SE,0.14
446_446_Hudson_Bay_(1970),routing_scenario,6,Bowhead,catch,9e-06,7.74e-06,"Freeze completed living P,Q,diet,predation,accumulation,migration. Solve EE for SM; detritus accumulation absorbs routed inflow at fixed predation. No new consumption is assumed.",SE,0.14
446_446_Hudson_Bay_(1970),routing_scenario,5,Narwhal,catch,3.4e-05,2.9239999999999998e-05,"Freeze completed living P,Q,diet,predation,accumulation,migration. Solve EE for SM; detritus accumulation absorbs routed inflow at fixed predation. No new consumption is assumed.",SE,0.14
446_446_Hudson_Bay_(1970),routing_scenario,4,Killer Whale,catch,1e-06,8.599999999999999e-07,"Freeze completed living P,Q,diet,predation,accumulation,migration. Solve EE for SM; detritus accumulation absorbs routed inflow at fixed predation. No new consumption is assumed.",SE,0.14
446_446_Hudson_Bay_(1970),routing_scenario,3,Polar Bear Foxe,catch,5e-06,4.3e-06,"Freeze completed living P,Q,diet,predation,accumulation,migration. Solve EE for SM; detritus accumulation absorbs routed inflow at fixed predation. No new consumption is assumed.",SE,0.14
446_446_Hudson_Bay_(1970),routing_scenario,2,SH Polar Bear,catch,2.2e-05,1.892e-05,"Freeze completed living P,Q,diet,predation,accumulation,migration. Solve EE for SM; detritus accumulation absorbs routed inflow at fixed predation. No new consumption is assumed.",SE,0.14
446_446_Hudson_Bay_(1970),routing_scenario,1,Polar Bear WHB,catch,1.5e-05,1.29e-05,"Freeze completed living P,Q,diet,predation,accumulation,migration. Solve EE for SM; detritus accumulation absorbs routed inflow at fixed predation. No new consumption is assumed.",SE,0.14
446_446_Hudson_Bay_(1970),routing_scenario,25,Brackish Fish,external_loss,0.0,3.697064e-09,"Freeze completed living P,Q,diet,predation,accumulation,migration. Solve EE for SM; detritus accumulation absorbs routed inflow at fixed predation. No new consumption is assumed.",SE,0.14
446_446_Hudson_Bay_(1970),routing_scenario,24,Other Marine Fish,external_loss,0.0,9.242646e-09,"Freeze completed living P,Q,diet,predation,accumulation,migration. Solve EE for SM; detritus accumulation absorbs routed inflow at fixed predation. No new consumption is assumed.",SE,0.14
446_446_Hudson_Bay_(1970),routing_scenario,22,Sandlance,external_loss,0.0,5.5455820000000004e-09,"Freeze completed living P,Q,diet,predation,accumulation,migration. Solve EE for SM; detritus accumulation absorbs routed inflow at fixed predation. No new consumption is assumed.",SE,0.14
446_446_Hudson_Bay_(1970),routing_scenario,21,Capelin,external_loss,0.0,1.8485320000000003e-08,"Freeze completed living P,Q,diet,predation,accumulation,migration. Solve EE for SM; detritus accumulation absorbs routed inflow at fixed predation. No new consumption is assumed.",SE,0.14
446_446_Hudson_Bay_(1970),routing_scenario,20,Sculpins/ Zoarcids,external_loss,0.0,3.6970640000000005e-08,"Freeze completed living P,Q,diet,predation,accumulation,migration. Solve EE for SM; detritus accumulation absorbs routed inflow at fixed predation. No new consumption is assumed.",SE,0.14
446_446_Hudson_Bay_(1970),routing_scenario,19,Gadiformes,external_loss,0.0,3.6970640000000005e-08,"Freeze completed living P,Q,diet,predation,accumulation,migration. Solve EE for SM; detritus accumulation absorbs routed inflow at fixed predation. No new consumption is assumed.",SE,0.14
446_446_Hudson_Bay_(1970),routing_scenario,18,Atlantic Salmon,external_loss,0.0,1.848532e-09,"Freeze completed living P,Q,diet,predation,accumulation,migration. Solve EE for SM; detritus accumulation absorbs routed inflow at fixed predation. No new consumption is assumed.",SE,0.14
446_446_Hudson_Bay_(1970),routing_scenario,17,Arctic Char,external_loss,0.0,6.469848000000001e-08,"Freeze completed living P,Q,diet,predation,accumulation,migration. Solve EE for SM; detritus accumulation absorbs routed inflow at fixed predation. No new consumption is assumed.",SE,0.14
446_446_Hudson_Bay_(1970),routing_scenario,16,Seabirds,external_loss,0.0,4.55e-05,"Freeze completed living P,Q,diet,predation,accumulation,migration. Solve EE for SM; detritus accumulation absorbs routed inflow at fixed predation. No new consumption is assumed.",SE,0.14
446_446_Hudson_Bay_(1970),routing_scenario,15,Beluga James,external_loss,0.0,1.9600000000000003e-06,"Freeze completed living P,Q,diet,predation,accumulation,migration. Solve EE for SM; detritus accumulation absorbs routed inflow at fixed predation. No new consumption is assumed.",SE,0.14
446_446_Hudson_Bay_(1970),routing_scenario,14,Beluga W,external_loss,0.0,8.47e-06,"Freeze completed living P,Q,diet,predation,accumulation,migration. Solve EE for SM; detritus accumulation absorbs routed inflow at fixed predation. No new consumption is assumed.",SE,0.14
446_446_Hudson_Bay_(1970),routing_scenario,13,Beluga E,external_loss,0.0,4.620000000000001e-06,"Freeze completed living P,Q,diet,predation,accumulation,migration. Solve EE for SM; detritus accumulation absorbs routed inflow at fixed predation. No new consumption is assumed.",SE,0.14
446_446_Hudson_Bay_(1970),routing_scenario,12,Harp seal,external_loss,0.0,1.9600000000000003e-06,"Freeze completed living P,Q,diet,predation,accumulation,migration. Solve EE for SM; detritus accumulation absorbs routed inflow at fixed predation. No new consumption is assumed.",SE,0.14
446_446_Hudson_Bay_(1970),routing_scenario,11,Ringed Seal,external_loss,0.0,5.5020000000000005e-05,"Freeze completed living P,Q,diet,predation,accumulation,migration. Solve EE for SM; detritus accumulation absorbs routed inflow at fixed predation. No new consumption is assumed.",SE,0.14
446_446_Hudson_Bay_(1970),routing_scenario,10,Harbour Seal,external_loss,0.0,2.8e-07,"Freeze completed living P,Q,diet,predation,accumulation,migration. Solve EE for SM; detritus accumulation absorbs routed inflow at fixed predation. No new consumption is assumed.",SE,0.14
446_446_Hudson_Bay_(1970),routing_scenario,9,Bearded Seal,external_loss,0.0,2.338e-05,"Freeze completed living P,Q,diet,predation,accumulation,migration. Solve EE for SM; detritus accumulation absorbs routed inflow at fixed predation. No new consumption is assumed.",SE,0.14
446_446_Hudson_Bay_(1970),routing_scenario,8,Walrus S,external_loss,0.0,8.400000000000001e-07,"Freeze completed living P,Q,diet,predation,accumulation,migration. Solve EE for SM; detritus accumulation absorbs routed inflow at fixed predation. No new consumption is assumed.",SE,0.14
446_446_Hudson_Bay_(1970),routing_scenario,7,Walrus N,external_loss,0.0,1.1200000000000001e-05,"Freeze completed living P,Q,diet,predation,accumulation,migration. Solve EE for SM; detritus accumulation absorbs routed inflow at fixed predation. No new consumption is assumed.",SE,0.14
446_446_Hudson_Bay_(1970),routing_scenario,6,Bowhead,external_loss,0.0,1.2600000000000002e-06,"Freeze completed living P,Q,diet,predation,accumulation,migration. Solve EE for SM; detritus accumulation absorbs routed inflow at fixed predation. No new consumption is assumed.",SE,0.14
446_446_Hudson_Bay_(1970),routing_scenario,5,Narwhal,external_loss,0.0,4.76e-06,"Freeze completed living P,Q,diet,predation,accumulation,migration. Solve EE for SM; detritus accumulation absorbs routed inflow at fixed predation. No new consumption is assumed.",SE,0.14
446_446_Hudson_Bay_(1970),routing_scenario,4,Killer Whale,external_loss,0.0,1.4e-07,"Freeze completed living P,Q,diet,predation,accumulation,migration. Solve EE for SM; detritus accumulation absorbs routed inflow at fixed predation. No new consumption is assumed.",SE,0.14
446_446_Hudson_Bay_(1970),routing_scenario,3,Polar Bear Foxe,external_loss,0.0,7.000000000000001e-07,"Freeze completed living P,Q,diet,predation,accumulation,migration. Solve EE for SM; detritus accumulation absorbs routed inflow at fixed predation. No new consumption is assumed.",SE,0.14
446_446_Hudson_Bay_(1970),routing_scenario,2,SH Polar Bear,external_loss,0.0,3.08e-06,"Freeze completed living P,Q,diet,predation,accumulation,migration. Solve EE for SM; detritus accumulation absorbs routed inflow at fixed predation. No new consumption is assumed.",SE,0.14
446_446_Hudson_Bay_(1970),routing_scenario,1,Polar Bear WHB,external_loss,0.0,2.1000000000000002e-06,"Freeze completed living P,Q,diet,predation,accumulation,migration. Solve EE for SM; detritus accumulation absorbs routed inflow at fixed predation. No new consumption is assumed.",SE,0.14
446_446_Hudson_Bay_(1970),routing_scenario,40,Pelagic Detritus,p,128.24910803428477,128.24928529941928,"Freeze completed living P,Q,diet,predation,accumulation,migration. Solve EE for SM; detritus accumulation absorbs routed inflow at fixed predation. No new consumption is assumed.",SM,0.15
446_446_Hudson_Bay_(1970),routing_scenario,40,Pelagic Detritus,q,128.24910803428477,128.24928529941928,"Freeze completed living P,Q,diet,predation,accumulation,migration. Solve EE for SM; detritus accumulation absorbs routed inflow at fixed predation. No new consumption is assumed.",SM,0.15
446_446_Hudson_Bay_(1970),routing_scenario,25,Brackish Fish,M0,0.0025425355725000025,0.0025425395336400028,"Freeze completed living P,Q,diet,predation,accumulation,migration. Solve EE for SM; detritus accumulation absorbs routed inflow at fixed predation. No new consumption is assumed.",SM,0.15
446_446_Hudson_Bay_(1970),routing_scenario,24,Other Marine Fish,M0,0.011930946740000012,0.011930956642835012,"Freeze completed living P,Q,diet,predation,accumulation,migration. Solve EE for SM; detritus accumulation absorbs routed inflow at fixed predation. No new consumption is assumed.",SM,0.15
446_446_Hudson_Bay_(1970),routing_scenario,22,Sandlance,M0,0.021766202280000018,0.02176620822169502,"Freeze completed living P,Q,diet,predation,accumulation,migration. Solve EE for SM; detritus accumulation absorbs routed inflow at fixed predation. No new consumption is assumed.",SM,0.15
446_446_Hudson_Bay_(1970),routing_scenario,21,Capelin,M0,0.025841266500000022,0.025841286305700022,"Freeze completed living P,Q,diet,predation,accumulation,migration. Solve EE for SM; detritus accumulation absorbs routed inflow at fixed predation. No new consumption is assumed.",SM,0.15
446_446_Hudson_Bay_(1970),routing_scenario,20,Sculpins/ Zoarcids,M0,0.008667478715000008,0.008667518326400009,"Freeze completed living P,Q,diet,predation,accumulation,migration. Solve EE for SM; detritus accumulation absorbs routed inflow at fixed predation. No new consumption is assumed.",SM,0.15
446_446_Hudson_Bay_(1970),routing_scenario,19,Gadiformes,M0,0.016022631350000014,0.016022670961400014,"Freeze completed living P,Q,diet,predation,accumulation,migration. Solve EE for SM; detritus accumulation absorbs routed inflow at fixed predation. No new consumption is assumed.",SM,0.15
446_446_Hudson_Bay_(1970),routing_scenario,18,Atlantic Salmon,M0,0.0013343262400000013,0.0013343282205700014,"Freeze completed living P,Q,diet,predation,accumulation,migration. Solve EE for SM; detritus accumulation absorbs routed inflow at fixed predation. No new consumption is assumed.",SM,0.15
446_446_Hudson_Bay_(1970),routing_scenario,17,Arctic Char,M0,0.0017951153200000017,0.0017951846398000016,"Freeze completed living P,Q,diet,predation,accumulation,migration. Solve EE for SM; detritus accumulation absorbs routed inflow at fixed predation. No new consumption is assumed.",SM,0.15
446_446_Hudson_Bay_(1970),routing_scenario,16,Seabirds,M0,0.021714263038000003,0.021763013038000004,"Freeze completed living P,Q,diet,predation,accumulation,migration. Solve EE for SM; detritus accumulation absorbs routed inflow at fixed predation. No new consumption is assumed.",SM,0.15
446_446_Hudson_Bay_(1970),routing_scenario,15,Beluga James,M0,5.5673137044634417e-05,5.7773137044634413e-05,"Freeze completed living P,Q,diet,predation,accumulation,migration. Solve EE for SM; detritus accumulation absorbs routed inflow at fixed predation. No new consumption is assumed.",SM,0.15
446_446_Hudson_Bay_(1970),routing_scenario,14,Beluga W,M0,0.0013602991127677291,0.0013693741127677292,"Freeze completed living P,Q,diet,predation,accumulation,migration. Solve EE for SM; detritus accumulation absorbs routed inflow at fixed predation. No new consumption is assumed.",SM,0.15
446_446_Hudson_Bay_(1970),routing_scenario,13,Beluga E,M0,9.807396405385151e-05,0.00010302396405385151,"Freeze completed living P,Q,diet,predation,accumulation,migration. Solve EE for SM; detritus accumulation absorbs routed inflow at fixed predation. No new consumption is assumed.",SM,0.15
446_446_Hudson_Bay_(1970),routing_scenario,12,Harp seal,M0,3.9123524670240005e-05,4.122352467024e-05,"Freeze completed living P,Q,diet,predation,accumulation,migration. Solve EE for SM; detritus accumulation absorbs routed inflow at fixed predation. No new consumption is assumed.",SM,0.15
446_446_Hudson_Bay_(1970),routing_scenario,11,Ringed Seal,M0,0.004359851707524983,0.004418801707524983,"Freeze completed living P,Q,diet,predation,accumulation,migration. Solve EE for SM; detritus accumulation absorbs routed inflow at fixed predation. No new consumption is assumed.",SM,0.15
446_446_Hudson_Bay_(1970),routing_scenario,10,Harbour Seal,M0,0.00012099825122750879,0.00012129825122750878,"Freeze completed living P,Q,diet,predation,accumulation,migration. Solve EE for SM; detritus accumulation absorbs routed inflow at fixed predation. No new consumption is assumed.",SM,0.15
446_446_Hudson_Bay_(1970),routing_scenario,9,Bearded Seal,M0,0.00013606373638765757,0.00016111373638765756,"Freeze completed living P,Q,diet,predation,accumulation,migration. Solve EE for SM; detritus accumulation absorbs routed inflow at fixed predation. No new consumption is assumed.",SM,0.15
446_446_Hudson_Bay_(1970),routing_scenario,8,Walrus S,M0,8.217029462185597e-05,8.307029462185597e-05,"Freeze completed living P,Q,diet,predation,accumulation,migration. Solve EE for SM; detritus accumulation absorbs routed inflow at fixed predation. No new consumption is assumed.",SM,0.15
446_446_Hudson_Bay_(1970),routing_scenario,7,Walrus N,M0,0.0003819925835737691,0.00039399258357376913,"Freeze completed living P,Q,diet,predation,accumulation,migration. Solve EE for SM; detritus accumulation absorbs routed inflow at fixed predation. No new consumption is assumed.",SM,0.15
446_446_Hudson_Bay_(1970),routing_scenario,6,Bowhead,M0,0.00021741439634646387,0.00021876439634646388,"Freeze completed living P,Q,diet,predation,accumulation,migration. Solve EE for SM; detritus accumulation absorbs routed inflow at fixed predation. No new consumption is assumed.",SM,0.15
446_446_Hudson_Bay_(1970),routing_scenario,5,Narwhal,M0,0.00011868823016079942,0.0001237882301607994,"Freeze completed living P,Q,diet,predation,accumulation,migration. Solve EE for SM; detritus accumulation absorbs routed inflow at fixed predation. No new consumption is assumed.",SM,0.15
446_446_Hudson_Bay_(1970),routing_scenario,4,Killer Whale,M0,2.76981004599574e-06,2.9198100459957396e-06,"Freeze completed living P,Q,diet,predation,accumulation,migration. Solve EE for SM; detritus accumulation absorbs routed inflow at fixed predation. No new consumption is assumed.",SM,0.15
446_446_Hudson_Bay_(1970),routing_scenario,3,Polar Bear Foxe,M0,1.611317803944726e-05,1.686317803944726e-05,"Freeze completed living P,Q,diet,predation,accumulation,migration. Solve EE for SM; detritus accumulation absorbs routed inflow at fixed predation. No new consumption is assumed.",SM,0.15
446_446_Hudson_Bay_(1970),routing_scenario,2,SH Polar Bear,M0,2.9258219105026142e-05,3.2558219105026144e-05,"Freeze completed living P,Q,diet,predation,accumulation,migration. Solve EE for SM; detritus accumulation absorbs routed inflow at fixed predation. No new consumption is assumed.",SM,0.15
446_446_Hudson_Bay_(1970),routing_scenario,1,Polar Bear WHB,M0,3.4803496340686466e-05,3.7053496340686466e-05,"Freeze completed living P,Q,diet,predation,accumulation,migration. Solve EE for SM; detritus accumulation absorbs routed inflow at fixed predation. No new consumption is assumed.",SM,0.15
446_446_Hudson_Bay_(1970),routing_scenario,25,Brackish Fish,EE,0.95,0.9499999221025648,"Freeze completed living P,Q,diet,predation,accumulation,migration. Solve EE for SM; detritus accumulation absorbs routed inflow at fixed predation. No new consumption is assumed.",SM,0.15
446_446_Hudson_Bay_(1970),routing_scenario,24,Other Marine Fish,EE,0.95,0.9499999584993747,"Freeze completed living P,Q,diet,predation,accumulation,migration. Solve EE for SM; detritus accumulation absorbs routed inflow at fixed predation. No new consumption is assumed.",SM,0.15
446_446_Hudson_Bay_(1970),routing_scenario,22,Sandlance,EE,0.95,0.9499999863510985,"Freeze completed living P,Q,diet,predation,accumulation,migration. Solve EE for SM; detritus accumulation absorbs routed inflow at fixed predation. No new consumption is assumed.",SM,0.15
446_446_Hudson_Bay_(1970),routing_scenario,21,Capelin,EE,0.95,0.9499999616781554,"Freeze completed living P,Q,diet,predation,accumulation,migration. Solve EE for SM; detritus accumulation absorbs routed inflow at fixed predation. No new consumption is assumed.",SM,0.15
446_446_Hudson_Bay_(1970),routing_scenario,20,Sculpins/ Zoarcids,EE,0.95,0.9499997714941028,"Freeze completed living P,Q,diet,predation,accumulation,migration. Solve EE for SM; detritus accumulation absorbs routed inflow at fixed predation. No new consumption is assumed.",SM,0.15
446_446_Hudson_Bay_(1970),routing_scenario,19,Gadiformes,EE,0.95,0.9499998763892173,"Freeze completed living P,Q,diet,predation,accumulation,migration. Solve EE for SM; detritus accumulation absorbs routed inflow at fixed predation. No new consumption is assumed.",SM,0.15
446_446_Hudson_Bay_(1970),routing_scenario,18,Atlantic Salmon,EE,0.95,0.9499999257838923,"Freeze completed living P,Q,diet,predation,accumulation,migration. Solve EE for SM; detritus accumulation absorbs routed inflow at fixed predation. No new consumption is assumed.",SM,0.15
446_446_Hudson_Bay_(1970),routing_scenario,17,Arctic Char,EE,0.95,0.9499980692103948,"Freeze completed living P,Q,diet,predation,accumulation,migration. Solve EE for SM; detritus accumulation absorbs routed inflow at fixed predation. No new consumption is assumed.",SM,0.15
446_446_Hudson_Bay_(1970),routing_scenario,16,Seabirds,EE,0.09712003999999996,0.0950930129729729,"Freeze completed living P,Q,diet,predation,accumulation,migration. Solve EE for SM; detritus accumulation absorbs routed inflow at fixed predation. No new consumption is assumed.",SM,0.15
446_446_Hudson_Bay_(1970),routing_scenario,15,Beluga James,EE,0.5643347,0.5479013323371269,"Freeze completed living P,Q,diet,predation,accumulation,migration. Solve EE for SM; detritus accumulation absorbs routed inflow at fixed predation. No new consumption is assumed.",SM,0.15
446_446_Hudson_Bay_(1970),routing_scenario,14,Beluga W,EE,0.13272054499999997,0.12693464028224177,"Freeze completed living P,Q,diet,predation,accumulation,migration. Solve EE for SM; detritus accumulation absorbs routed inflow at fixed predation. No new consumption is assumed.",SM,0.15
446_446_Hudson_Bay_(1970),routing_scenario,13,Beluga E,EE,0.28052579999999994,0.24421241831549423,"Freeze completed living P,Q,diet,predation,accumulation,migration. Solve EE for SM; detritus accumulation absorbs routed inflow at fixed predation. No new consumption is assumed.",SM,0.15
446_446_Hudson_Bay_(1970),routing_scenario,12,Harp seal,EE,0.6883504,0.6716222507466729,"Freeze completed living P,Q,diet,predation,accumulation,migration. Solve EE for SM; detritus accumulation absorbs routed inflow at fixed predation. No new consumption is assumed.",SM,0.15
446_446_Hudson_Bay_(1970),routing_scenario,11,Ringed Seal,EE,0.412556618,0.4046137360645593,"Freeze completed living P,Q,diet,predation,accumulation,migration. Solve EE for SM; detritus accumulation absorbs routed inflow at fixed predation. No new consumption is assumed.",SM,0.15
446_446_Hudson_Bay_(1970),routing_scenario,10,Harbour Seal,EE,0.07364795999999996,0.07135118621045611,"Freeze completed living P,Q,diet,predation,accumulation,migration. Solve EE for SM; detritus accumulation absorbs routed inflow at fixed predation. No new consumption is assumed.",SM,0.15
446_446_Hudson_Bay_(1970),routing_scenario,9,Bearded Seal,EE,0.791283369,0.7528576154130636,"Freeze completed living P,Q,diet,predation,accumulation,migration. Solve EE for SM; detritus accumulation absorbs routed inflow at fixed predation. No new consumption is assumed.",SM,0.15
446_446_Hudson_Bay_(1970),routing_scenario,8,Walrus S,EE,0.143246785,0.13386288419924874,"Freeze completed living P,Q,diet,predation,accumulation,migration. Solve EE for SM; detritus accumulation absorbs routed inflow at fixed predation. No new consumption is assumed.",SM,0.15
446_446_Hudson_Bay_(1970),routing_scenario,7,Walrus N,EE,0.18816389099999997,0.16266069086753288,"Freeze completed living P,Q,diet,predation,accumulation,migration. Solve EE for SM; detritus accumulation absorbs routed inflow at fixed predation. No new consumption is assumed.",SM,0.15
446_446_Hudson_Bay_(1970),routing_scenario,6,Bowhead,EE,0.052819170000000026,0.046937801783415556,"Freeze completed living P,Q,diet,predation,accumulation,migration. Solve EE for SM; detritus accumulation absorbs routed inflow at fixed predation. No new consumption is assumed.",SM,0.15
446_446_Hudson_Bay_(1970),routing_scenario,5,Narwhal,EE,0.2706202,0.23927895432668989,"Freeze completed living P,Q,diet,predation,accumulation,migration. Solve EE for SM; detritus accumulation absorbs routed inflow at fixed predation. No new consumption is assumed.",SM,0.15
446_446_Hudson_Bay_(1970),routing_scenario,4,Killer Whale,EE,0.26526534600000007,0.22547554226983868,"Freeze completed living P,Q,diet,predation,accumulation,migration. Solve EE for SM; detritus accumulation absorbs routed inflow at fixed predation. No new consumption is assumed.",SM,0.15
446_446_Hudson_Bay_(1970),routing_scenario,3,Polar Bear Foxe,EE,0.3027038569999999,0.2702476831794356,"Freeze completed living P,Q,diet,predation,accumulation,migration. Solve EE for SM; detritus accumulation absorbs routed inflow at fixed predation. No new consumption is assumed.",SM,0.15
446_446_Hudson_Bay_(1970),routing_scenario,2,SH Polar Bear,EE,0.5060891,0.450381472541567,"Freeze completed living P,Q,diet,predation,accumulation,migration. Solve EE for SM; detritus accumulation absorbs routed inflow at fixed predation. No new consumption is assumed.",SM,0.15
446_446_Hudson_Bay_(1970),routing_scenario,1,Polar Bear WHB,EE,0.4138758,0.3759836458011616,"Freeze completed living P,Q,diet,predation,accumulation,migration. Solve EE for SM; detritus accumulation absorbs routed inflow at fixed predation. No new consumption is assumed.",SM,0.15
446_446_Hudson_Bay_(1970),routing_scenario,25,Brackish Fish,catch,2.64076e-08,2.244646e-08,"Freeze completed living P,Q,diet,predation,accumulation,migration. Solve EE for SM; detritus accumulation absorbs routed inflow at fixed predation. No new consumption is assumed.",SM,0.15
446_446_Hudson_Bay_(1970),routing_scenario,24,Other Marine Fish,catch,6.60189e-08,5.6116064999999995e-08,"Freeze completed living P,Q,diet,predation,accumulation,migration. Solve EE for SM; detritus accumulation absorbs routed inflow at fixed predation. No new consumption is assumed.",SM,0.15
446_446_Hudson_Bay_(1970),routing_scenario,22,Sandlance,catch,3.96113e-08,3.3669605e-08,"Freeze completed living P,Q,diet,predation,accumulation,migration. Solve EE for SM; detritus accumulation absorbs routed inflow at fixed predation. No new consumption is assumed.",SM,0.15
446_446_Hudson_Bay_(1970),routing_scenario,21,Capelin,catch,1.32038e-07,1.122323e-07,"Freeze completed living P,Q,diet,predation,accumulation,migration. Solve EE for SM; detritus accumulation absorbs routed inflow at fixed predation. No new consumption is assumed.",SM,0.15
446_446_Hudson_Bay_(1970),routing_scenario,20,Sculpins/ Zoarcids,catch,2.64076e-07,2.244646e-07,"Freeze completed living P,Q,diet,predation,accumulation,migration. Solve EE for SM; detritus accumulation absorbs routed inflow at fixed predation. No new consumption is assumed.",SM,0.15
446_446_Hudson_Bay_(1970),routing_scenario,19,Gadiformes,catch,2.64076e-07,2.244646e-07,"Freeze completed living P,Q,diet,predation,accumulation,migration. Solve EE for SM; detritus accumulation absorbs routed inflow at fixed predation. No new consumption is assumed.",SM,0.15
446_446_Hudson_Bay_(1970),routing_scenario,18,Atlantic Salmon,catch,1.32038e-08,1.122323e-08,"Freeze completed living P,Q,diet,predation,accumulation,migration. Solve EE for SM; detritus accumulation absorbs routed inflow at fixed predation. No new consumption is assumed.",SM,0.15
446_446_Hudson_Bay_(1970),routing_scenario,17,Arctic Char,catch,4.62132e-07,3.928122e-07,"Freeze completed living P,Q,diet,predation,accumulation,migration. Solve EE for SM; detritus accumulation absorbs routed inflow at fixed predation. No new consumption is assumed.",SM,0.15
446_446_Hudson_Bay_(1970),routing_scenario,16,Seabirds,catch,0.000325,0.00027624999999999997,"Freeze completed living P,Q,diet,predation,accumulation,migration. Solve EE for SM; detritus accumulation absorbs routed inflow at fixed predation. No new consumption is assumed.",SM,0.15
446_446_Hudson_Bay_(1970),routing_scenario,15,Beluga James,catch,1.4e-05,1.19e-05,"Freeze completed living P,Q,diet,predation,accumulation,migration. Solve EE for SM; detritus accumulation absorbs routed inflow at fixed predation. No new consumption is assumed.",SM,0.15
446_446_Hudson_Bay_(1970),routing_scenario,14,Beluga W,catch,6.05e-05,5.1424999999999996e-05,"Freeze completed living P,Q,diet,predation,accumulation,migration. Solve EE for SM; detritus accumulation absorbs routed inflow at fixed predation. No new consumption is assumed.",SM,0.15
446_446_Hudson_Bay_(1970),routing_scenario,13,Beluga E,catch,3.3e-05,2.805e-05,"Freeze completed living P,Q,diet,predation,accumulation,migration. Solve EE for SM; detritus accumulation absorbs routed inflow at fixed predation. No new consumption is assumed.",SM,0.15
446_446_Hudson_Bay_(1970),routing_scenario,12,Harp seal,catch,1.4e-05,1.19e-05,"Freeze completed living P,Q,diet,predation,accumulation,migration. Solve EE for SM; detritus accumulation absorbs routed inflow at fixed predation. No new consumption is assumed.",SM,0.15
446_446_Hudson_Bay_(1970),routing_scenario,11,Ringed Seal,catch,0.000393,0.00033405,"Freeze completed living P,Q,diet,predation,accumulation,migration. Solve EE for SM; detritus accumulation absorbs routed inflow at fixed predation. No new consumption is assumed.",SM,0.15
446_446_Hudson_Bay_(1970),routing_scenario,10,Harbour Seal,catch,2e-06,1.6999999999999998e-06,"Freeze completed living P,Q,diet,predation,accumulation,migration. Solve EE for SM; detritus accumulation absorbs routed inflow at fixed predation. No new consumption is assumed.",SM,0.15
446_446_Hudson_Bay_(1970),routing_scenario,9,Bearded Seal,catch,0.000167,0.00014194999999999998,"Freeze completed living P,Q,diet,predation,accumulation,migration. Solve EE for SM; detritus accumulation absorbs routed inflow at fixed predation. No new consumption is assumed.",SM,0.15
446_446_Hudson_Bay_(1970),routing_scenario,8,Walrus S,catch,6e-06,5.1e-06,"Freeze completed living P,Q,diet,predation,accumulation,migration. Solve EE for SM; detritus accumulation absorbs routed inflow at fixed predation. No new consumption is assumed.",SM,0.15
446_446_Hudson_Bay_(1970),routing_scenario,7,Walrus N,catch,8e-05,6.8e-05,"Freeze completed living P,Q,diet,predation,accumulation,migration. Solve EE for SM; detritus accumulation absorbs routed inflow at fixed predation. No new consumption is assumed.",SM,0.15
446_446_Hudson_Bay_(1970),routing_scenario,6,Bowhead,catch,9e-06,7.65e-06,"Freeze completed living P,Q,diet,predation,accumulation,migration. Solve EE for SM; detritus accumulation absorbs routed inflow at fixed predation. No new consumption is assumed.",SM,0.15
446_446_Hudson_Bay_(1970),routing_scenario,5,Narwhal,catch,3.4e-05,2.8899999999999998e-05,"Freeze completed living P,Q,diet,predation,accumulation,migration. Solve EE for SM; detritus accumulation absorbs routed inflow at fixed predation. No new consumption is assumed.",SM,0.15
446_446_Hudson_Bay_(1970),routing_scenario,4,Killer Whale,catch,1e-06,8.499999999999999e-07,"Freeze completed living P,Q,diet,predation,accumulation,migration. Solve EE for SM; detritus accumulation absorbs routed inflow at fixed predation. No new consumption is assumed.",SM,0.15
446_446_Hudson_Bay_(1970),routing_scenario,3,Polar Bear Foxe,catch,5e-06,4.25e-06,"Freeze completed living P,Q,diet,predation,accumulation,migration. Solve EE for SM; detritus accumulation absorbs routed inflow at fixed predation. No new consumption is assumed.",SM,0.15
446_446_Hudson_Bay_(1970),routing_scenario,2,SH Polar Bear,catch,2.2e-05,1.87e-05,"Freeze completed living P,Q,diet,predation,accumulation,migration. Solve EE for SM; detritus accumulation absorbs routed inflow at fixed predation. No new consumption is assumed.",SM,0.15
446_446_Hudson_Bay_(1970),routing_scenario,1,Polar Bear WHB,catch,1.5e-05,1.275e-05,"Freeze completed living P,Q,diet,predation,accumulation,migration. Solve EE for SM; detritus accumulation absorbs routed inflow at fixed predation. No new consumption is assumed.",SM,0.15
446_446_Hudson_Bay_(1970),routing_scenario,40,Pelagic Detritus,growth,100.09094139097152,100.09111865610603,"Freeze completed living P,Q,diet,predation,accumulation,migration. Solve EE for SM; detritus accumulation absorbs routed inflow at fixed predation. No new consumption is assumed.",SM,0.15
446_446_Hudson_Bay_(1970),routing_scenario,25,Brackish Fish,catch,2.64076e-08,2.244646e-08,"Freeze completed living P,Q,diet,predation,accumulation,migration. Solve EE for SM; detritus accumulation absorbs routed inflow at fixed predation. No new consumption is assumed.",SE,0.15
446_446_Hudson_Bay_(1970),routing_scenario,24,Other Marine Fish,catch,6.60189e-08,5.6116064999999995e-08,"Freeze completed living P,Q,diet,predation,accumulation,migration. Solve EE for SM; detritus accumulation absorbs routed inflow at fixed predation. No new consumption is assumed.",SE,0.15
446_446_Hudson_Bay_(1970),routing_scenario,22,Sandlance,catch,3.96113e-08,3.3669605e-08,"Freeze completed living P,Q,diet,predation,accumulation,migration. Solve EE for SM; detritus accumulation absorbs routed inflow at fixed predation. No new consumption is assumed.",SE,0.15
446_446_Hudson_Bay_(1970),routing_scenario,21,Capelin,catch,1.32038e-07,1.122323e-07,"Freeze completed living P,Q,diet,predation,accumulation,migration. Solve EE for SM; detritus accumulation absorbs routed inflow at fixed predation. No new consumption is assumed.",SE,0.15
446_446_Hudson_Bay_(1970),routing_scenario,20,Sculpins/ Zoarcids,catch,2.64076e-07,2.244646e-07,"Freeze completed living P,Q,diet,predation,accumulation,migration. Solve EE for SM; detritus accumulation absorbs routed inflow at fixed predation. No new consumption is assumed.",SE,0.15
446_446_Hudson_Bay_(1970),routing_scenario,19,Gadiformes,catch,2.64076e-07,2.244646e-07,"Freeze completed living P,Q,diet,predation,accumulation,migration. Solve EE for SM; detritus accumulation absorbs routed inflow at fixed predation. No new consumption is assumed.",SE,0.15
446_446_Hudson_Bay_(1970),routing_scenario,18,Atlantic Salmon,catch,1.32038e-08,1.122323e-08,"Freeze completed living P,Q,diet,predation,accumulation,migration. Solve EE for SM; detritus accumulation absorbs routed inflow at fixed predation. No new consumption is assumed.",SE,0.15
446_446_Hudson_Bay_(1970),routing_scenario,17,Arctic Char,catch,4.62132e-07,3.928122e-07,"Freeze completed living P,Q,diet,predation,accumulation,migration. Solve EE for SM; detritus accumulation absorbs routed inflow at fixed predation. No new consumption is assumed.",SE,0.15
446_446_Hudson_Bay_(1970),routing_scenario,16,Seabirds,catch,0.000325,0.00027624999999999997,"Freeze completed living P,Q,diet,predation,accumulation,migration. Solve EE for SM; detritus accumulation absorbs routed inflow at fixed predation. No new consumption is assumed.",SE,0.15
446_446_Hudson_Bay_(1970),routing_scenario,15,Beluga James,catch,1.4e-05,1.19e-05,"Freeze completed living P,Q,diet,predation,accumulation,migration. Solve EE for SM; detritus accumulation absorbs routed inflow at fixed predation. No new consumption is assumed.",SE,0.15
446_446_Hudson_Bay_(1970),routing_scenario,14,Beluga W,catch,6.05e-05,5.1424999999999996e-05,"Freeze completed living P,Q,diet,predation,accumulation,migration. Solve EE for SM; detritus accumulation absorbs routed inflow at fixed predation. No new consumption is assumed.",SE,0.15
446_446_Hudson_Bay_(1970),routing_scenario,13,Beluga E,catch,3.3e-05,2.805e-05,"Freeze completed living P,Q,diet,predation,accumulation,migration. Solve EE for SM; detritus accumulation absorbs routed inflow at fixed predation. No new consumption is assumed.",SE,0.15
446_446_Hudson_Bay_(1970),routing_scenario,12,Harp seal,catch,1.4e-05,1.19e-05,"Freeze completed living P,Q,diet,predation,accumulation,migration. Solve EE for SM; detritus accumulation absorbs routed inflow at fixed predation. No new consumption is assumed.",SE,0.15
446_446_Hudson_Bay_(1970),routing_scenario,11,Ringed Seal,catch,0.000393,0.00033405,"Freeze completed living P,Q,diet,predation,accumulation,migration. Solve EE for SM; detritus accumulation absorbs routed inflow at fixed predation. No new consumption is assumed.",SE,0.15
446_446_Hudson_Bay_(1970),routing_scenario,10,Harbour Seal,catch,2e-06,1.6999999999999998e-06,"Freeze completed living P,Q,diet,predation,accumulation,migration. Solve EE for SM; detritus accumulation absorbs routed inflow at fixed predation. No new consumption is assumed.",SE,0.15
446_446_Hudson_Bay_(1970),routing_scenario,9,Bearded Seal,catch,0.000167,0.00014194999999999998,"Freeze completed living P,Q,diet,predation,accumulation,migration. Solve EE for SM; detritus accumulation absorbs routed inflow at fixed predation. No new consumption is assumed.",SE,0.15
446_446_Hudson_Bay_(1970),routing_scenario,8,Walrus S,catch,6e-06,5.1e-06,"Freeze completed living P,Q,diet,predation,accumulation,migration. Solve EE for SM; detritus accumulation absorbs routed inflow at fixed predation. No new consumption is assumed.",SE,0.15
446_446_Hudson_Bay_(1970),routing_scenario,7,Walrus N,catch,8e-05,6.8e-05,"Freeze completed living P,Q,diet,predation,accumulation,migration. Solve EE for SM; detritus accumulation absorbs routed inflow at fixed predation. No new consumption is assumed.",SE,0.15
446_446_Hudson_Bay_(1970),routing_scenario,6,Bowhead,catch,9e-06,7.65e-06,"Freeze completed living P,Q,diet,predation,accumulation,migration. Solve EE for SM; detritus accumulation absorbs routed inflow at fixed predation. No new consumption is assumed.",SE,0.15
446_446_Hudson_Bay_(1970),routing_scenario,5,Narwhal,catch,3.4e-05,2.8899999999999998e-05,"Freeze completed living P,Q,diet,predation,accumulation,migration. Solve EE for SM; detritus accumulation absorbs routed inflow at fixed predation. No new consumption is assumed.",SE,0.15
446_446_Hudson_Bay_(1970),routing_scenario,4,Killer Whale,catch,1e-06,8.499999999999999e-07,"Freeze completed living P,Q,diet,predation,accumulation,migration. Solve EE for SM; detritus accumulation absorbs routed inflow at fixed predation. No new consumption is assumed.",SE,0.15
446_446_Hudson_Bay_(1970),routing_scenario,3,Polar Bear Foxe,catch,5e-06,4.25e-06,"Freeze completed living P,Q,diet,predation,accumulation,migration. Solve EE for SM; detritus accumulation absorbs routed inflow at fixed predation. No new consumption is assumed.",SE,0.15
446_446_Hudson_Bay_(1970),routing_scenario,2,SH Polar Bear,catch,2.2e-05,1.87e-05,"Freeze completed living P,Q,diet,predation,accumulation,migration. Solve EE for SM; detritus accumulation absorbs routed inflow at fixed predation. No new consumption is assumed.",SE,0.15
446_446_Hudson_Bay_(1970),routing_scenario,1,Polar Bear WHB,catch,1.5e-05,1.275e-05,"Freeze completed living P,Q,diet,predation,accumulation,migration. Solve EE for SM; detritus accumulation absorbs routed inflow at fixed predation. No new consumption is assumed.",SE,0.15
446_446_Hudson_Bay_(1970),routing_scenario,25,Brackish Fish,external_loss,0.0,3.96114e-09,"Freeze completed living P,Q,diet,predation,accumulation,migration. Solve EE for SM; detritus accumulation absorbs routed inflow at fixed predation. No new consumption is assumed.",SE,0.15
446_446_Hudson_Bay_(1970),routing_scenario,24,Other Marine Fish,external_loss,0.0,9.902835e-09,"Freeze completed living P,Q,diet,predation,accumulation,migration. Solve EE for SM; detritus accumulation absorbs routed inflow at fixed predation. No new consumption is assumed.",SE,0.15
446_446_Hudson_Bay_(1970),routing_scenario,22,Sandlance,external_loss,0.0,5.941695e-09,"Freeze completed living P,Q,diet,predation,accumulation,migration. Solve EE for SM; detritus accumulation absorbs routed inflow at fixed predation. No new consumption is assumed.",SE,0.15
446_446_Hudson_Bay_(1970),routing_scenario,21,Capelin,external_loss,0.0,1.98057e-08,"Freeze completed living P,Q,diet,predation,accumulation,migration. Solve EE for SM; detritus accumulation absorbs routed inflow at fixed predation. No new consumption is assumed.",SE,0.15
446_446_Hudson_Bay_(1970),routing_scenario,20,Sculpins/ Zoarcids,external_loss,0.0,3.96114e-08,"Freeze completed living P,Q,diet,predation,accumulation,migration. Solve EE for SM; detritus accumulation absorbs routed inflow at fixed predation. No new consumption is assumed.",SE,0.15
446_446_Hudson_Bay_(1970),routing_scenario,19,Gadiformes,external_loss,0.0,3.96114e-08,"Freeze completed living P,Q,diet,predation,accumulation,migration. Solve EE for SM; detritus accumulation absorbs routed inflow at fixed predation. No new consumption is assumed.",SE,0.15
446_446_Hudson_Bay_(1970),routing_scenario,18,Atlantic Salmon,external_loss,0.0,1.98057e-09,"Freeze completed living P,Q,diet,predation,accumulation,migration. Solve EE for SM; detritus accumulation absorbs routed inflow at fixed predation. No new consumption is assumed.",SE,0.15
446_446_Hudson_Bay_(1970),routing_scenario,17,Arctic Char,external_loss,0.0,6.93198e-08,"Freeze completed living P,Q,diet,predation,accumulation,migration. Solve EE for SM; detritus accumulation absorbs routed inflow at fixed predation. No new consumption is assumed.",SE,0.15
446_446_Hudson_Bay_(1970),routing_scenario,16,Seabirds,external_loss,0.0,4.875e-05,"Freeze completed living P,Q,diet,predation,accumulation,migration. Solve EE for SM; detritus accumulation absorbs routed inflow at fixed predation. No new consumption is assumed.",SE,0.15
446_446_Hudson_Bay_(1970),routing_scenario,15,Beluga James,external_loss,0.0,2.1e-06,"Freeze completed living P,Q,diet,predation,accumulation,migration. Solve EE for SM; detritus accumulation absorbs routed inflow at fixed predation. No new consumption is assumed.",SE,0.15
446_446_Hudson_Bay_(1970),routing_scenario,14,Beluga W,external_loss,0.0,9.075e-06,"Freeze completed living P,Q,diet,predation,accumulation,migration. Solve EE for SM; detritus accumulation absorbs routed inflow at fixed predation. No new consumption is assumed.",SE,0.15
446_446_Hudson_Bay_(1970),routing_scenario,13,Beluga E,external_loss,0.0,4.95e-06,"Freeze completed living P,Q,diet,predation,accumulation,migration. Solve EE for SM; detritus accumulation absorbs routed inflow at fixed predation. No new consumption is assumed.",SE,0.15
446_446_Hudson_Bay_(1970),routing_scenario,12,Harp seal,external_loss,0.0,2.1e-06,"Freeze completed living P,Q,diet,predation,accumulation,migration. Solve EE for SM; detritus accumulation absorbs routed inflow at fixed predation. No new consumption is assumed.",SE,0.15
446_446_Hudson_Bay_(1970),routing_scenario,11,Ringed Seal,external_loss,0.0,5.8949999999999996e-05,"Freeze completed living P,Q,diet,predation,accumulation,migration. Solve EE for SM; detritus accumulation absorbs routed inflow at fixed predation. No new consumption is assumed.",SE,0.15
446_446_Hudson_Bay_(1970),routing_scenario,10,Harbour Seal,external_loss,0.0,3e-07,"Freeze completed living P,Q,diet,predation,accumulation,migration. Solve EE for SM; detritus accumulation absorbs routed inflow at fixed predation. No new consumption is assumed.",SE,0.15
446_446_Hudson_Bay_(1970),routing_scenario,9,Bearded Seal,external_loss,0.0,2.505e-05,"Freeze completed living P,Q,diet,predation,accumulation,migration. Solve EE for SM; detritus accumulation absorbs routed inflow at fixed predation. No new consumption is assumed.",SE,0.15
446_446_Hudson_Bay_(1970),routing_scenario,8,Walrus S,external_loss,0.0,9e-07,"Freeze completed living P,Q,diet,predation,accumulation,migration. Solve EE for SM; detritus accumulation absorbs routed inflow at fixed predation. No new consumption is assumed.",SE,0.15
446_446_Hudson_Bay_(1970),routing_scenario,7,Walrus N,external_loss,0.0,1.2e-05,"Freeze completed living P,Q,diet,predation,accumulation,migration. Solve EE for SM; detritus accumulation absorbs routed inflow at fixed predation. No new consumption is assumed.",SE,0.15
446_446_Hudson_Bay_(1970),routing_scenario,6,Bowhead,external_loss,0.0,1.35e-06,"Freeze completed living P,Q,diet,predation,accumulation,migration. Solve EE for SM; detritus accumulation absorbs routed inflow at fixed predation. No new consumption is assumed.",SE,0.15
446_446_Hudson_Bay_(1970),routing_scenario,5,Narwhal,external_loss,0.0,5.0999999999999995e-06,"Freeze completed living P,Q,diet,predation,accumulation,migration. Solve EE for SM; detritus accumulation absorbs routed inflow at fixed predation. No new consumption is assumed.",SE,0.15
446_446_Hudson_Bay_(1970),routing_scenario,4,Killer Whale,external_loss,0.0,1.5e-07,"Freeze completed living P,Q,diet,predation,accumulation,migration. Solve EE for SM; detritus accumulation absorbs routed inflow at fixed predation. No new consumption is assumed.",SE,0.15
446_446_Hudson_Bay_(1970),routing_scenario,3,Polar Bear Foxe,external_loss,0.0,7.5e-07,"Freeze completed living P,Q,diet,predation,accumulation,migration. Solve EE for SM; detritus accumulation absorbs routed inflow at fixed predation. No new consumption is assumed.",SE,0.15
446_446_Hudson_Bay_(1970),routing_scenario,2,SH Polar Bear,external_loss,0.0,3.2999999999999997e-06,"Freeze completed living P,Q,diet,predation,accumulation,migration. Solve EE for SM; detritus accumulation absorbs routed inflow at fixed predation. No new consumption is assumed.",SE,0.15
446_446_Hudson_Bay_(1970),routing_scenario,1,Polar Bear WHB,external_loss,0.0,2.25e-06,"Freeze completed living P,Q,diet,predation,accumulation,migration. Solve EE for SM; detritus accumulation absorbs routed inflow at fixed predation. No new consumption is assumed.",SE,0.15
446_446_Hudson_Bay_(1970),routing_scenario,40,Pelagic Detritus,p,128.24910803428477,128.24929711709493,"Freeze completed living P,Q,diet,predation,accumulation,migration. Solve EE for SM; detritus accumulation absorbs routed inflow at fixed predation. No new consumption is assumed.",SM,0.16
446_446_Hudson_Bay_(1970),routing_scenario,40,Pelagic Detritus,q,128.24910803428477,128.24929711709493,"Freeze completed living P,Q,diet,predation,accumulation,migration. Solve EE for SM; detritus accumulation absorbs routed inflow at fixed predation. No new consumption is assumed.",SM,0.16
446_446_Hudson_Bay_(1970),routing_scenario,25,Brackish Fish,M0,0.0025425355725000025,0.0025425397977160025,"Freeze completed living P,Q,diet,predation,accumulation,migration. Solve EE for SM; detritus accumulation absorbs routed inflow at fixed predation. No new consumption is assumed.",SM,0.16
446_446_Hudson_Bay_(1970),routing_scenario,24,Other Marine Fish,M0,0.011930946740000012,0.011930957303024013,"Freeze completed living P,Q,diet,predation,accumulation,migration. Solve EE for SM; detritus accumulation absorbs routed inflow at fixed predation. No new consumption is assumed.",SM,0.16
446_446_Hudson_Bay_(1970),routing_scenario,22,Sandlance,M0,0.021766202280000018,0.02176620861780802,"Freeze completed living P,Q,diet,predation,accumulation,migration. Solve EE for SM; detritus accumulation absorbs routed inflow at fixed predation. No new consumption is assumed.",SM,0.16
446_446_Hudson_Bay_(1970),routing_scenario,21,Capelin,M0,0.025841266500000022,0.025841287626080022,"Freeze completed living P,Q,diet,predation,accumulation,migration. Solve EE for SM; detritus accumulation absorbs routed inflow at fixed predation. No new consumption is assumed.",SM,0.16
446_446_Hudson_Bay_(1970),routing_scenario,20,Sculpins/ Zoarcids,M0,0.008667478715000008,0.008667520967160008,"Freeze completed living P,Q,diet,predation,accumulation,migration. Solve EE for SM; detritus accumulation absorbs routed inflow at fixed predation. No new consumption is assumed.",SM,0.16
446_446_Hudson_Bay_(1970),routing_scenario,19,Gadiformes,M0,0.016022631350000014,0.016022673602160014,"Freeze completed living P,Q,diet,predation,accumulation,migration. Solve EE for SM; detritus accumulation absorbs routed inflow at fixed predation. No new consumption is assumed.",SM,0.16
446_446_Hudson_Bay_(1970),routing_scenario,18,Atlantic Salmon,M0,0.0013343262400000013,0.0013343283526080013,"Freeze completed living P,Q,diet,predation,accumulation,migration. Solve EE for SM; detritus accumulation absorbs routed inflow at fixed predation. No new consumption is assumed.",SM,0.16
446_446_Hudson_Bay_(1970),routing_scenario,17,Arctic Char,M0,0.0017951153200000017,0.0017951892611200017,"Freeze completed living P,Q,diet,predation,accumulation,migration. Solve EE for SM; detritus accumulation absorbs routed inflow at fixed predation. No new consumption is assumed.",SM,0.16
446_446_Hudson_Bay_(1970),routing_scenario,16,Seabirds,M0,0.021714263038000003,0.021766263038000003,"Freeze completed living P,Q,diet,predation,accumulation,migration. Solve EE for SM; detritus accumulation absorbs routed inflow at fixed predation. No new consumption is assumed.",SM,0.16
446_446_Hudson_Bay_(1970),routing_scenario,15,Beluga James,M0,5.5673137044634417e-05,5.7913137044634415e-05,"Freeze completed living P,Q,diet,predation,accumulation,migration. Solve EE for SM; detritus accumulation absorbs routed inflow at fixed predation. No new consumption is assumed.",SM,0.16
446_446_Hudson_Bay_(1970),routing_scenario,14,Beluga W,M0,0.0013602991127677291,0.001369979112767729,"Freeze completed living P,Q,diet,predation,accumulation,migration. Solve EE for SM; detritus accumulation absorbs routed inflow at fixed predation. No new consumption is assumed.",SM,0.16
446_446_Hudson_Bay_(1970),routing_scenario,13,Beluga E,M0,9.807396405385151e-05,0.00010335396405385152,"Freeze completed living P,Q,diet,predation,accumulation,migration. Solve EE for SM; detritus accumulation absorbs routed inflow at fixed predation. No new consumption is assumed.",SM,0.16
446_446_Hudson_Bay_(1970),routing_scenario,12,Harp seal,M0,3.9123524670240005e-05,4.1363524670240004e-05,"Freeze completed living P,Q,diet,predation,accumulation,migration. Solve EE for SM; detritus accumulation absorbs routed inflow at fixed predation. No new consumption is assumed.",SM,0.16
446_446_Hudson_Bay_(1970),routing_scenario,11,Ringed Seal,M0,0.004359851707524983,0.004422731707524983,"Freeze completed living P,Q,diet,predation,accumulation,migration. Solve EE for SM; detritus accumulation absorbs routed inflow at fixed predation. No new consumption is assumed.",SM,0.16
446_446_Hudson_Bay_(1970),routing_scenario,10,Harbour Seal,M0,0.00012099825122750879,0.00012131825122750879,"Freeze completed living P,Q,diet,predation,accumulation,migration. Solve EE for SM; detritus accumulation absorbs routed inflow at fixed predation. No new consumption is assumed.",SM,0.16
446_446_Hudson_Bay_(1970),routing_scenario,9,Bearded Seal,M0,0.00013606373638765757,0.00016278373638765756,"Freeze completed living P,Q,diet,predation,accumulation,migration. Solve EE for SM; detritus accumulation absorbs routed inflow at fixed predation. No new consumption is assumed.",SM,0.16
446_446_Hudson_Bay_(1970),routing_scenario,8,Walrus S,M0,8.217029462185597e-05,8.313029462185598e-05,"Freeze completed living P,Q,diet,predation,accumulation,migration. Solve EE for SM; detritus accumulation absorbs routed inflow at fixed predation. No new consumption is assumed.",SM,0.16
446_446_Hudson_Bay_(1970),routing_scenario,7,Walrus N,M0,0.0003819925835737691,0.0003947925835737691,"Freeze completed living P,Q,diet,predation,accumulation,migration. Solve EE for SM; detritus accumulation absorbs routed inflow at fixed predation. No new consumption is assumed.",SM,0.16
446_446_Hudson_Bay_(1970),routing_scenario,6,Bowhead,M0,0.00021741439634646387,0.00021885439634646388,"Freeze completed living P,Q,diet,predation,accumulation,migration. Solve EE for SM; detritus accumulation absorbs routed inflow at fixed predation. No new consumption is assumed.",SM,0.16
446_446_Hudson_Bay_(1970),routing_scenario,5,Narwhal,M0,0.00011868823016079942,0.00012412823016079942,"Freeze completed living P,Q,diet,predation,accumulation,migration. Solve EE for SM; detritus accumulation absorbs routed inflow at fixed predation. No new consumption is assumed.",SM,0.16
446_446_Hudson_Bay_(1970),routing_scenario,4,Killer Whale,M0,2.76981004599574e-06,2.92981004599574e-06,"Freeze completed living P,Q,diet,predation,accumulation,migration. Solve EE for SM; detritus accumulation absorbs routed inflow at fixed predation. No new consumption is assumed.",SM,0.16
446_446_Hudson_Bay_(1970),routing_scenario,3,Polar Bear Foxe,M0,1.611317803944726e-05,1.691317803944726e-05,"Freeze completed living P,Q,diet,predation,accumulation,migration. Solve EE for SM; detritus accumulation absorbs routed inflow at fixed predation. No new consumption is assumed.",SM,0.16
446_446_Hudson_Bay_(1970),routing_scenario,2,SH Polar Bear,M0,2.9258219105026142e-05,3.2778219105026145e-05,"Freeze completed living P,Q,diet,predation,accumulation,migration. Solve EE for SM; detritus accumulation absorbs routed inflow at fixed predation. No new consumption is assumed.",SM,0.16
446_446_Hudson_Bay_(1970),routing_scenario,1,Polar Bear WHB,M0,3.4803496340686466e-05,3.720349634068646e-05,"Freeze completed living P,Q,diet,predation,accumulation,migration. Solve EE for SM; detritus accumulation absorbs routed inflow at fixed predation. No new consumption is assumed.",SM,0.16
446_446_Hudson_Bay_(1970),routing_scenario,25,Brackish Fish,EE,0.95,0.9499999169094024,"Freeze completed living P,Q,diet,predation,accumulation,migration. Solve EE for SM; detritus accumulation absorbs routed inflow at fixed predation. No new consumption is assumed.",SM,0.16
446_446_Hudson_Bay_(1970),routing_scenario,24,Other Marine Fish,EE,0.95,0.9499999557326663,"Freeze completed living P,Q,diet,predation,accumulation,migration. Solve EE for SM; detritus accumulation absorbs routed inflow at fixed predation. No new consumption is assumed.",SM,0.16
446_446_Hudson_Bay_(1970),routing_scenario,22,Sandlance,EE,0.95,0.9499999854411717,"Freeze completed living P,Q,diet,predation,accumulation,migration. Solve EE for SM; detritus accumulation absorbs routed inflow at fixed predation. No new consumption is assumed.",SM,0.16
446_446_Hudson_Bay_(1970),routing_scenario,21,Capelin,EE,0.95,0.9499999591233657,"Freeze completed living P,Q,diet,predation,accumulation,migration. Solve EE for SM; detritus accumulation absorbs routed inflow at fixed predation. No new consumption is assumed.",SM,0.16
446_446_Hudson_Bay_(1970),routing_scenario,20,Sculpins/ Zoarcids,EE,0.95,0.9499997562603764,"Freeze completed living P,Q,diet,predation,accumulation,migration. Solve EE for SM; detritus accumulation absorbs routed inflow at fixed predation. No new consumption is assumed.",SM,0.16
446_446_Hudson_Bay_(1970),routing_scenario,19,Gadiformes,EE,0.95,0.9499998681484986,"Freeze completed living P,Q,diet,predation,accumulation,migration. Solve EE for SM; detritus accumulation absorbs routed inflow at fixed predation. No new consumption is assumed.",SM,0.16
446_446_Hudson_Bay_(1970),routing_scenario,18,Atlantic Salmon,EE,0.95,0.9499999208361517,"Freeze completed living P,Q,diet,predation,accumulation,migration. Solve EE for SM; detritus accumulation absorbs routed inflow at fixed predation. No new consumption is assumed.",SM,0.16
446_446_Hudson_Bay_(1970),routing_scenario,17,Arctic Char,EE,0.95,0.9499979404910878,"Freeze completed living P,Q,diet,predation,accumulation,migration. Solve EE for SM; detritus accumulation absorbs routed inflow at fixed predation. No new consumption is assumed.",SM,0.16
446_446_Hudson_Bay_(1970),routing_scenario,16,Seabirds,EE,0.09712003999999996,0.09495787783783782,"Freeze completed living P,Q,diet,predation,accumulation,migration. Solve EE for SM; detritus accumulation absorbs routed inflow at fixed predation. No new consumption is assumed.",SM,0.16
446_446_Hudson_Bay_(1970),routing_scenario,15,Beluga James,EE,0.5643347,0.5468057744929353,"Freeze completed living P,Q,diet,predation,accumulation,migration. Solve EE for SM; detritus accumulation absorbs routed inflow at fixed predation. No new consumption is assumed.",SM,0.16
446_446_Hudson_Bay_(1970),routing_scenario,14,Beluga W,EE,0.13272054499999997,0.12654891330105789,"Freeze completed living P,Q,diet,predation,accumulation,migration. Solve EE for SM; detritus accumulation absorbs routed inflow at fixed predation. No new consumption is assumed.",SM,0.16
446_446_Hudson_Bay_(1970),routing_scenario,13,Beluga E,EE,0.28052579999999994,0.24179152620319389,"Freeze completed living P,Q,diet,predation,accumulation,migration. Solve EE for SM; detritus accumulation absorbs routed inflow at fixed predation. No new consumption is assumed.",SM,0.16
446_446_Hudson_Bay_(1970),routing_scenario,12,Harp seal,EE,0.6883504,0.6705070407964511,"Freeze completed living P,Q,diet,predation,accumulation,migration. Solve EE for SM; detritus accumulation absorbs routed inflow at fixed predation. No new consumption is assumed.",SM,0.16
446_446_Hudson_Bay_(1970),routing_scenario,11,Ringed Seal,EE,0.412556618,0.40408421060219657,"Freeze completed living P,Q,diet,predation,accumulation,migration. Solve EE for SM; detritus accumulation absorbs routed inflow at fixed predation. No new consumption is assumed.",SM,0.16
446_446_Hudson_Bay_(1970),routing_scenario,10,Harbour Seal,EE,0.07364795999999996,0.0711980679578198,"Freeze completed living P,Q,diet,predation,accumulation,migration. Solve EE for SM; detritus accumulation absorbs routed inflow at fixed predation. No new consumption is assumed.",SM,0.16
446_446_Hudson_Bay_(1970),routing_scenario,9,Bearded Seal,EE,0.791283369,0.7502958985072679,"Freeze completed living P,Q,diet,predation,accumulation,migration. Solve EE for SM; detritus accumulation absorbs routed inflow at fixed predation. No new consumption is assumed.",SM,0.16
446_446_Hudson_Bay_(1970),routing_scenario,8,Walrus S,EE,0.143246785,0.13323729081253188,"Freeze completed living P,Q,diet,predation,accumulation,migration. Solve EE for SM; detritus accumulation absorbs routed inflow at fixed predation. No new consumption is assumed.",SM,0.16
446_446_Hudson_Bay_(1970),routing_scenario,7,Walrus N,EE,0.18816389099999997,0.16096047752536846,"Freeze completed living P,Q,diet,predation,accumulation,migration. Solve EE for SM; detritus accumulation absorbs routed inflow at fixed predation. No new consumption is assumed.",SM,0.16
446_446_Hudson_Bay_(1970),routing_scenario,6,Bowhead,EE,0.052819170000000026,0.046545710568976495,"Freeze completed living P,Q,diet,predation,accumulation,migration. Solve EE for SM; detritus accumulation absorbs routed inflow at fixed predation. No new consumption is assumed.",SM,0.16
446_446_Hudson_Bay_(1970),routing_scenario,5,Narwhal,EE,0.2706202,0.2371895379484691,"Freeze completed living P,Q,diet,predation,accumulation,migration. Solve EE for SM; detritus accumulation absorbs routed inflow at fixed predation. No new consumption is assumed.",SM,0.16
446_446_Hudson_Bay_(1970),routing_scenario,4,Killer Whale,EE,0.26526534600000007,0.22282288868782785,"Freeze completed living P,Q,diet,predation,accumulation,migration. Solve EE for SM; detritus accumulation absorbs routed inflow at fixed predation. No new consumption is assumed.",SM,0.16
446_446_Hudson_Bay_(1970),routing_scenario,3,Polar Bear Foxe,EE,0.3027038569999999,0.26808393825806476,"Freeze completed living P,Q,diet,predation,accumulation,migration. Solve EE for SM; detritus accumulation absorbs routed inflow at fixed predation. No new consumption is assumed.",SM,0.16
446_446_Hudson_Bay_(1970),routing_scenario,2,SH Polar Bear,EE,0.5060891,0.4466676307110048,"Freeze completed living P,Q,diet,predation,accumulation,migration. Solve EE for SM; detritus accumulation absorbs routed inflow at fixed predation. No new consumption is assumed.",SM,0.16
446_446_Hudson_Bay_(1970),routing_scenario,1,Polar Bear WHB,EE,0.4138758,0.37345750218790574,"Freeze completed living P,Q,diet,predation,accumulation,migration. Solve EE for SM; detritus accumulation absorbs routed inflow at fixed predation. No new consumption is assumed.",SM,0.16
446_446_Hudson_Bay_(1970),routing_scenario,25,Brackish Fish,catch,2.64076e-08,2.2182384e-08,"Freeze completed living P,Q,diet,predation,accumulation,migration. Solve EE for SM; detritus accumulation absorbs routed inflow at fixed predation. No new consumption is assumed.",SM,0.16
446_446_Hudson_Bay_(1970),routing_scenario,24,Other Marine Fish,catch,6.60189e-08,5.5455876e-08,"Freeze completed living P,Q,diet,predation,accumulation,migration. Solve EE for SM; detritus accumulation absorbs routed inflow at fixed predation. No new consumption is assumed.",SM,0.16
446_446_Hudson_Bay_(1970),routing_scenario,22,Sandlance,catch,3.96113e-08,3.3273492e-08,"Freeze completed living P,Q,diet,predation,accumulation,migration. Solve EE for SM; detritus accumulation absorbs routed inflow at fixed predation. No new consumption is assumed.",SM,0.16
446_446_Hudson_Bay_(1970),routing_scenario,21,Capelin,catch,1.32038e-07,1.1091192000000001e-07,"Freeze completed living P,Q,diet,predation,accumulation,migration. Solve EE for SM; detritus accumulation absorbs routed inflow at fixed predation. No new consumption is assumed.",SM,0.16
446_446_Hudson_Bay_(1970),routing_scenario,20,Sculpins/ Zoarcids,catch,2.64076e-07,2.2182384000000002e-07,"Freeze completed living P,Q,diet,predation,accumulation,migration. Solve EE for SM; detritus accumulation absorbs routed inflow at fixed predation. No new consumption is assumed.",SM,0.16
446_446_Hudson_Bay_(1970),routing_scenario,19,Gadiformes,catch,2.64076e-07,2.2182384000000002e-07,"Freeze completed living P,Q,diet,predation,accumulation,migration. Solve EE for SM; detritus accumulation absorbs routed inflow at fixed predation. No new consumption is assumed.",SM,0.16
446_446_Hudson_Bay_(1970),routing_scenario,18,Atlantic Salmon,catch,1.32038e-08,1.1091192e-08,"Freeze completed living P,Q,diet,predation,accumulation,migration. Solve EE for SM; detritus accumulation absorbs routed inflow at fixed predation. No new consumption is assumed.",SM,0.16
446_446_Hudson_Bay_(1970),routing_scenario,17,Arctic Char,catch,4.62132e-07,3.8819088e-07,"Freeze completed living P,Q,diet,predation,accumulation,migration. Solve EE for SM; detritus accumulation absorbs routed inflow at fixed predation. No new consumption is assumed.",SM,0.16
446_446_Hudson_Bay_(1970),routing_scenario,16,Seabirds,catch,0.000325,0.00027299999999999997,"Freeze completed living P,Q,diet,predation,accumulation,migration. Solve EE for SM; detritus accumulation absorbs routed inflow at fixed predation. No new consumption is assumed.",SM,0.16
446_446_Hudson_Bay_(1970),routing_scenario,15,Beluga James,catch,1.4e-05,1.176e-05,"Freeze completed living P,Q,diet,predation,accumulation,migration. Solve EE for SM; detritus accumulation absorbs routed inflow at fixed predation. No new consumption is assumed.",SM,0.16
446_446_Hudson_Bay_(1970),routing_scenario,14,Beluga W,catch,6.05e-05,5.082e-05,"Freeze completed living P,Q,diet,predation,accumulation,migration. Solve EE for SM; detritus accumulation absorbs routed inflow at fixed predation. No new consumption is assumed.",SM,0.16
446_446_Hudson_Bay_(1970),routing_scenario,13,Beluga E,catch,3.3e-05,2.7720000000000002e-05,"Freeze completed living P,Q,diet,predation,accumulation,migration. Solve EE for SM; detritus accumulation absorbs routed inflow at fixed predation. No new consumption is assumed.",SM,0.16
446_446_Hudson_Bay_(1970),routing_scenario,12,Harp seal,catch,1.4e-05,1.176e-05,"Freeze completed living P,Q,diet,predation,accumulation,migration. Solve EE for SM; detritus accumulation absorbs routed inflow at fixed predation. No new consumption is assumed.",SM,0.16
446_446_Hudson_Bay_(1970),routing_scenario,11,Ringed Seal,catch,0.000393,0.00033012,"Freeze completed living P,Q,diet,predation,accumulation,migration. Solve EE for SM; detritus accumulation absorbs routed inflow at fixed predation. No new consumption is assumed.",SM,0.16
446_446_Hudson_Bay_(1970),routing_scenario,10,Harbour Seal,catch,2e-06,1.6799999999999998e-06,"Freeze completed living P,Q,diet,predation,accumulation,migration. Solve EE for SM; detritus accumulation absorbs routed inflow at fixed predation. No new consumption is assumed.",SM,0.16
446_446_Hudson_Bay_(1970),routing_scenario,9,Bearded Seal,catch,0.000167,0.00014027999999999998,"Freeze completed living P,Q,diet,predation,accumulation,migration. Solve EE for SM; detritus accumulation absorbs routed inflow at fixed predation. No new consumption is assumed.",SM,0.16
446_446_Hudson_Bay_(1970),routing_scenario,8,Walrus S,catch,6e-06,5.04e-06,"Freeze completed living P,Q,diet,predation,accumulation,migration. Solve EE for SM; detritus accumulation absorbs routed inflow at fixed predation. No new consumption is assumed.",SM,0.16
446_446_Hudson_Bay_(1970),routing_scenario,7,Walrus N,catch,8e-05,6.720000000000001e-05,"Freeze completed living P,Q,diet,predation,accumulation,migration. Solve EE for SM; detritus accumulation absorbs routed inflow at fixed predation. No new consumption is assumed.",SM,0.16
446_446_Hudson_Bay_(1970),routing_scenario,6,Bowhead,catch,9e-06,7.56e-06,"Freeze completed living P,Q,diet,predation,accumulation,migration. Solve EE for SM; detritus accumulation absorbs routed inflow at fixed predation. No new consumption is assumed.",SM,0.16
446_446_Hudson_Bay_(1970),routing_scenario,5,Narwhal,catch,3.4e-05,2.8559999999999998e-05,"Freeze completed living P,Q,diet,predation,accumulation,migration. Solve EE for SM; detritus accumulation absorbs routed inflow at fixed predation. No new consumption is assumed.",SM,0.16
446_446_Hudson_Bay_(1970),routing_scenario,4,Killer Whale,catch,1e-06,8.399999999999999e-07,"Freeze completed living P,Q,diet,predation,accumulation,migration. Solve EE for SM; detritus accumulation absorbs routed inflow at fixed predation. No new consumption is assumed.",SM,0.16
446_446_Hudson_Bay_(1970),routing_scenario,3,Polar Bear Foxe,catch,5e-06,4.2000000000000004e-06,"Freeze completed living P,Q,diet,predation,accumulation,migration. Solve EE for SM; detritus accumulation absorbs routed inflow at fixed predation. No new consumption is assumed.",SM,0.16
446_446_Hudson_Bay_(1970),routing_scenario,2,SH Polar Bear,catch,2.2e-05,1.848e-05,"Freeze completed living P,Q,diet,predation,accumulation,migration. Solve EE for SM; detritus accumulation absorbs routed inflow at fixed predation. No new consumption is assumed.",SM,0.16
446_446_Hudson_Bay_(1970),routing_scenario,1,Polar Bear WHB,catch,1.5e-05,1.26e-05,"Freeze completed living P,Q,diet,predation,accumulation,migration. Solve EE for SM; detritus accumulation absorbs routed inflow at fixed predation. No new consumption is assumed.",SM,0.16
446_446_Hudson_Bay_(1970),routing_scenario,40,Pelagic Detritus,growth,100.09094139097152,100.09113047378167,"Freeze completed living P,Q,diet,predation,accumulation,migration. Solve EE for SM; detritus accumulation absorbs routed inflow at fixed predation. No new consumption is assumed.",SM,0.16
446_446_Hudson_Bay_(1970),routing_scenario,25,Brackish Fish,catch,2.64076e-08,2.2182384e-08,"Freeze completed living P,Q,diet,predation,accumulation,migration. Solve EE for SM; detritus accumulation absorbs routed inflow at fixed predation. No new consumption is assumed.",SE,0.16
446_446_Hudson_Bay_(1970),routing_scenario,24,Other Marine Fish,catch,6.60189e-08,5.5455876e-08,"Freeze completed living P,Q,diet,predation,accumulation,migration. Solve EE for SM; detritus accumulation absorbs routed inflow at fixed predation. No new consumption is assumed.",SE,0.16
446_446_Hudson_Bay_(1970),routing_scenario,22,Sandlance,catch,3.96113e-08,3.3273492e-08,"Freeze completed living P,Q,diet,predation,accumulation,migration. Solve EE for SM; detritus accumulation absorbs routed inflow at fixed predation. No new consumption is assumed.",SE,0.16
446_446_Hudson_Bay_(1970),routing_scenario,21,Capelin,catch,1.32038e-07,1.1091192000000001e-07,"Freeze completed living P,Q,diet,predation,accumulation,migration. Solve EE for SM; detritus accumulation absorbs routed inflow at fixed predation. No new consumption is assumed.",SE,0.16
446_446_Hudson_Bay_(1970),routing_scenario,20,Sculpins/ Zoarcids,catch,2.64076e-07,2.2182384000000002e-07,"Freeze completed living P,Q,diet,predation,accumulation,migration. Solve EE for SM; detritus accumulation absorbs routed inflow at fixed predation. No new consumption is assumed.",SE,0.16
446_446_Hudson_Bay_(1970),routing_scenario,19,Gadiformes,catch,2.64076e-07,2.2182384000000002e-07,"Freeze completed living P,Q,diet,predation,accumulation,migration. Solve EE for SM; detritus accumulation absorbs routed inflow at fixed predation. No new consumption is assumed.",SE,0.16
446_446_Hudson_Bay_(1970),routing_scenario,18,Atlantic Salmon,catch,1.32038e-08,1.1091192e-08,"Freeze completed living P,Q,diet,predation,accumulation,migration. Solve EE for SM; detritus accumulation absorbs routed inflow at fixed predation. No new consumption is assumed.",SE,0.16
446_446_Hudson_Bay_(1970),routing_scenario,17,Arctic Char,catch,4.62132e-07,3.8819088e-07,"Freeze completed living P,Q,diet,predation,accumulation,migration. Solve EE for SM; detritus accumulation absorbs routed inflow at fixed predation. No new consumption is assumed.",SE,0.16
446_446_Hudson_Bay_(1970),routing_scenario,16,Seabirds,catch,0.000325,0.00027299999999999997,"Freeze completed living P,Q,diet,predation,accumulation,migration. Solve EE for SM; detritus accumulation absorbs routed inflow at fixed predation. No new consumption is assumed.",SE,0.16
446_446_Hudson_Bay_(1970),routing_scenario,15,Beluga James,catch,1.4e-05,1.176e-05,"Freeze completed living P,Q,diet,predation,accumulation,migration. Solve EE for SM; detritus accumulation absorbs routed inflow at fixed predation. No new consumption is assumed.",SE,0.16
446_446_Hudson_Bay_(1970),routing_scenario,14,Beluga W,catch,6.05e-05,5.082e-05,"Freeze completed living P,Q,diet,predation,accumulation,migration. Solve EE for SM; detritus accumulation absorbs routed inflow at fixed predation. No new consumption is assumed.",SE,0.16
446_446_Hudson_Bay_(1970),routing_scenario,13,Beluga E,catch,3.3e-05,2.7720000000000002e-05,"Freeze completed living P,Q,diet,predation,accumulation,migration. Solve EE for SM; detritus accumulation absorbs routed inflow at fixed predation. No new consumption is assumed.",SE,0.16
446_446_Hudson_Bay_(1970),routing_scenario,12,Harp seal,catch,1.4e-05,1.176e-05,"Freeze completed living P,Q,diet,predation,accumulation,migration. Solve EE for SM; detritus accumulation absorbs routed inflow at fixed predation. No new consumption is assumed.",SE,0.16
446_446_Hudson_Bay_(1970),routing_scenario,11,Ringed Seal,catch,0.000393,0.00033012,"Freeze completed living P,Q,diet,predation,accumulation,migration. Solve EE for SM; detritus accumulation absorbs routed inflow at fixed predation. No new consumption is assumed.",SE,0.16
446_446_Hudson_Bay_(1970),routing_scenario,10,Harbour Seal,catch,2e-06,1.6799999999999998e-06,"Freeze completed living P,Q,diet,predation,accumulation,migration. Solve EE for SM; detritus accumulation absorbs routed inflow at fixed predation. No new consumption is assumed.",SE,0.16
446_446_Hudson_Bay_(1970),routing_scenario,9,Bearded Seal,catch,0.000167,0.00014027999999999998,"Freeze completed living P,Q,diet,predation,accumulation,migration. Solve EE for SM; detritus accumulation absorbs routed inflow at fixed predation. No new consumption is assumed.",SE,0.16
446_446_Hudson_Bay_(1970),routing_scenario,8,Walrus S,catch,6e-06,5.04e-06,"Freeze completed living P,Q,diet,predation,accumulation,migration. Solve EE for SM; detritus accumulation absorbs routed inflow at fixed predation. No new consumption is assumed.",SE,0.16
446_446_Hudson_Bay_(1970),routing_scenario,7,Walrus N,catch,8e-05,6.720000000000001e-05,"Freeze completed living P,Q,diet,predation,accumulation,migration. Solve EE for SM; detritus accumulation absorbs routed inflow at fixed predation. No new consumption is assumed.",SE,0.16
446_446_Hudson_Bay_(1970),routing_scenario,6,Bowhead,catch,9e-06,7.56e-06,"Freeze completed living P,Q,diet,predation,accumulation,migration. Solve EE for SM; detritus accumulation absorbs routed inflow at fixed predation. No new consumption is assumed.",SE,0.16
446_446_Hudson_Bay_(1970),routing_scenario,5,Narwhal,catch,3.4e-05,2.8559999999999998e-05,"Freeze completed living P,Q,diet,predation,accumulation,migration. Solve EE for SM; detritus accumulation absorbs routed inflow at fixed predation. No new consumption is assumed.",SE,0.16
446_446_Hudson_Bay_(1970),routing_scenario,4,Killer Whale,catch,1e-06,8.399999999999999e-07,"Freeze completed living P,Q,diet,predation,accumulation,migration. Solve EE for SM; detritus accumulation absorbs routed inflow at fixed predation. No new consumption is assumed.",SE,0.16
446_446_Hudson_Bay_(1970),routing_scenario,3,Polar Bear Foxe,catch,5e-06,4.2000000000000004e-06,"Freeze completed living P,Q,diet,predation,accumulation,migration. Solve EE for SM; detritus accumulation absorbs routed inflow at fixed predation. No new consumption is assumed.",SE,0.16
446_446_Hudson_Bay_(1970),routing_scenario,2,SH Polar Bear,catch,2.2e-05,1.848e-05,"Freeze completed living P,Q,diet,predation,accumulation,migration. Solve EE for SM; detritus accumulation absorbs routed inflow at fixed predation. No new consumption is assumed.",SE,0.16
446_446_Hudson_Bay_(1970),routing_scenario,1,Polar Bear WHB,catch,1.5e-05,1.26e-05,"Freeze completed living P,Q,diet,predation,accumulation,migration. Solve EE for SM; detritus accumulation absorbs routed inflow at fixed predation. No new consumption is assumed.",SE,0.16
446_446_Hudson_Bay_(1970),routing_scenario,25,Brackish Fish,external_loss,0.0,4.225216e-09,"Freeze completed living P,Q,diet,predation,accumulation,migration. Solve EE for SM; detritus accumulation absorbs routed inflow at fixed predation. No new consumption is assumed.",SE,0.16
446_446_Hudson_Bay_(1970),routing_scenario,24,Other Marine Fish,external_loss,0.0,1.0563024e-08,"Freeze completed living P,Q,diet,predation,accumulation,migration. Solve EE for SM; detritus accumulation absorbs routed inflow at fixed predation. No new consumption is assumed.",SE,0.16
446_446_Hudson_Bay_(1970),routing_scenario,22,Sandlance,external_loss,0.0,6.337808e-09,"Freeze completed living P,Q,diet,predation,accumulation,migration. Solve EE for SM; detritus accumulation absorbs routed inflow at fixed predation. No new consumption is assumed.",SE,0.16
446_446_Hudson_Bay_(1970),routing_scenario,21,Capelin,external_loss,0.0,2.1126080000000002e-08,"Freeze completed living P,Q,diet,predation,accumulation,migration. Solve EE for SM; detritus accumulation absorbs routed inflow at fixed predation. No new consumption is assumed.",SE,0.16
446_446_Hudson_Bay_(1970),routing_scenario,20,Sculpins/ Zoarcids,external_loss,0.0,4.2252160000000005e-08,"Freeze completed living P,Q,diet,predation,accumulation,migration. Solve EE for SM; detritus accumulation absorbs routed inflow at fixed predation. No new consumption is assumed.",SE,0.16
446_446_Hudson_Bay_(1970),routing_scenario,19,Gadiformes,external_loss,0.0,4.2252160000000005e-08,"Freeze completed living P,Q,diet,predation,accumulation,migration. Solve EE for SM; detritus accumulation absorbs routed inflow at fixed predation. No new consumption is assumed.",SE,0.16
446_446_Hudson_Bay_(1970),routing_scenario,18,Atlantic Salmon,external_loss,0.0,2.112608e-09,"Freeze completed living P,Q,diet,predation,accumulation,migration. Solve EE for SM; detritus accumulation absorbs routed inflow at fixed predation. No new consumption is assumed.",SE,0.16
446_446_Hudson_Bay_(1970),routing_scenario,17,Arctic Char,external_loss,0.0,7.394112000000001e-08,"Freeze completed living P,Q,diet,predation,accumulation,migration. Solve EE for SM; detritus accumulation absorbs routed inflow at fixed predation. No new consumption is assumed.",SE,0.16
446_446_Hudson_Bay_(1970),routing_scenario,16,Seabirds,external_loss,0.0,5.2e-05,"Freeze completed living P,Q,diet,predation,accumulation,migration. Solve EE for SM; detritus accumulation absorbs routed inflow at fixed predation. No new consumption is assumed.",SE,0.16
446_446_Hudson_Bay_(1970),routing_scenario,15,Beluga James,external_loss,0.0,2.24e-06,"Freeze completed living P,Q,diet,predation,accumulation,migration. Solve EE for SM; detritus accumulation absorbs routed inflow at fixed predation. No new consumption is assumed.",SE,0.16
446_446_Hudson_Bay_(1970),routing_scenario,14,Beluga W,external_loss,0.0,9.68e-06,"Freeze completed living P,Q,diet,predation,accumulation,migration. Solve EE for SM; detritus accumulation absorbs routed inflow at fixed predation. No new consumption is assumed.",SE,0.16
446_446_Hudson_Bay_(1970),routing_scenario,13,Beluga E,external_loss,0.0,5.28e-06,"Freeze completed living P,Q,diet,predation,accumulation,migration. Solve EE for SM; detritus accumulation absorbs routed inflow at fixed predation. No new consumption is assumed.",SE,0.16
446_446_Hudson_Bay_(1970),routing_scenario,12,Harp seal,external_loss,0.0,2.24e-06,"Freeze completed living P,Q,diet,predation,accumulation,migration. Solve EE for SM; detritus accumulation absorbs routed inflow at fixed predation. No new consumption is assumed.",SE,0.16
446_446_Hudson_Bay_(1970),routing_scenario,11,Ringed Seal,external_loss,0.0,6.288000000000001e-05,"Freeze completed living P,Q,diet,predation,accumulation,migration. Solve EE for SM; detritus accumulation absorbs routed inflow at fixed predation. No new consumption is assumed.",SE,0.16
446_446_Hudson_Bay_(1970),routing_scenario,10,Harbour Seal,external_loss,0.0,3.2e-07,"Freeze completed living P,Q,diet,predation,accumulation,migration. Solve EE for SM; detritus accumulation absorbs routed inflow at fixed predation. No new consumption is assumed.",SE,0.16
446_446_Hudson_Bay_(1970),routing_scenario,9,Bearded Seal,external_loss,0.0,2.6719999999999998e-05,"Freeze completed living P,Q,diet,predation,accumulation,migration. Solve EE for SM; detritus accumulation absorbs routed inflow at fixed predation. No new consumption is assumed.",SE,0.16
446_446_Hudson_Bay_(1970),routing_scenario,8,Walrus S,external_loss,0.0,9.600000000000001e-07,"Freeze completed living P,Q,diet,predation,accumulation,migration. Solve EE for SM; detritus accumulation absorbs routed inflow at fixed predation. No new consumption is assumed.",SE,0.16
446_446_Hudson_Bay_(1970),routing_scenario,7,Walrus N,external_loss,0.0,1.2800000000000001e-05,"Freeze completed living P,Q,diet,predation,accumulation,migration. Solve EE for SM; detritus accumulation absorbs routed inflow at fixed predation. No new consumption is assumed.",SE,0.16
446_446_Hudson_Bay_(1970),routing_scenario,6,Bowhead,external_loss,0.0,1.44e-06,"Freeze completed living P,Q,diet,predation,accumulation,migration. Solve EE for SM; detritus accumulation absorbs routed inflow at fixed predation. No new consumption is assumed.",SE,0.16
446_446_Hudson_Bay_(1970),routing_scenario,5,Narwhal,external_loss,0.0,5.4400000000000004e-06,"Freeze completed living P,Q,diet,predation,accumulation,migration. Solve EE for SM; detritus accumulation absorbs routed inflow at fixed predation. No new consumption is assumed.",SE,0.16
446_446_Hudson_Bay_(1970),routing_scenario,4,Killer Whale,external_loss,0.0,1.6e-07,"Freeze completed living P,Q,diet,predation,accumulation,migration. Solve EE for SM; detritus accumulation absorbs routed inflow at fixed predation. No new consumption is assumed.",SE,0.16
446_446_Hudson_Bay_(1970),routing_scenario,3,Polar Bear Foxe,external_loss,0.0,8.000000000000001e-07,"Freeze completed living P,Q,diet,predation,accumulation,migration. Solve EE for SM; detritus accumulation absorbs routed inflow at fixed predation. No new consumption is assumed.",SE,0.16
446_446_Hudson_Bay_(1970),routing_scenario,2,SH Polar Bear,external_loss,0.0,3.52e-06,"Freeze completed living P,Q,diet,predation,accumulation,migration. Solve EE for SM; detritus accumulation absorbs routed inflow at fixed predation. No new consumption is assumed.",SE,0.16
446_446_Hudson_Bay_(1970),routing_scenario,1,Polar Bear WHB,external_loss,0.0,2.4000000000000003e-06,"Freeze completed living P,Q,diet,predation,accumulation,migration. Solve EE for SM; detritus accumulation absorbs routed inflow at fixed predation. No new consumption is assumed.",SE,0.16
446_446_Hudson_Bay_(1970),routing_scenario,40,Pelagic Detritus,p,128.24910803428477,128.2493089347706,"Freeze completed living P,Q,diet,predation,accumulation,migration. Solve EE for SM; detritus accumulation absorbs routed inflow at fixed predation. No new consumption is assumed.",SM,0.17
446_446_Hudson_Bay_(1970),routing_scenario,40,Pelagic Detritus,q,128.24910803428477,128.2493089347706,"Freeze completed living P,Q,diet,predation,accumulation,migration. Solve EE for SM; detritus accumulation absorbs routed inflow at fixed predation. No new consumption is assumed.",SM,0.17
446_446_Hudson_Bay_(1970),routing_scenario,25,Brackish Fish,M0,0.0025425355725000025,0.0025425400617920028,"Freeze completed living P,Q,diet,predation,accumulation,migration. Solve EE for SM; detritus accumulation absorbs routed inflow at fixed predation. No new consumption is assumed.",SM,0.17
446_446_Hudson_Bay_(1970),routing_scenario,24,Other Marine Fish,M0,0.011930946740000012,0.011930957963213012,"Freeze completed living P,Q,diet,predation,accumulation,migration. Solve EE for SM; detritus accumulation absorbs routed inflow at fixed predation. No new consumption is assumed.",SM,0.17
446_446_Hudson_Bay_(1970),routing_scenario,22,Sandlance,M0,0.021766202280000018,0.02176620901392102,"Freeze completed living P,Q,diet,predation,accumulation,migration. Solve EE for SM; detritus accumulation absorbs routed inflow at fixed predation. No new consumption is assumed.",SM,0.17
446_446_Hudson_Bay_(1970),routing_scenario,21,Capelin,M0,0.025841266500000022,0.025841288946460022,"Freeze completed living P,Q,diet,predation,accumulation,migration. Solve EE for SM; detritus accumulation absorbs routed inflow at fixed predation. No new consumption is assumed.",SM,0.17
446_446_Hudson_Bay_(1970),routing_scenario,20,Sculpins/ Zoarcids,M0,0.008667478715000008,0.008667523607920008,"Freeze completed living P,Q,diet,predation,accumulation,migration. Solve EE for SM; detritus accumulation absorbs routed inflow at fixed predation. No new consumption is assumed.",SM,0.17
446_446_Hudson_Bay_(1970),routing_scenario,19,Gadiformes,M0,0.016022631350000014,0.016022676242920014,"Freeze completed living P,Q,diet,predation,accumulation,migration. Solve EE for SM; detritus accumulation absorbs routed inflow at fixed predation. No new consumption is assumed.",SM,0.17
446_446_Hudson_Bay_(1970),routing_scenario,18,Atlantic Salmon,M0,0.0013343262400000013,0.0013343284846460014,"Freeze completed living P,Q,diet,predation,accumulation,migration. Solve EE for SM; detritus accumulation absorbs routed inflow at fixed predation. No new consumption is assumed.",SM,0.17
446_446_Hudson_Bay_(1970),routing_scenario,17,Arctic Char,M0,0.0017951153200000017,0.0017951938824400018,"Freeze completed living P,Q,diet,predation,accumulation,migration. Solve EE for SM; detritus accumulation absorbs routed inflow at fixed predation. No new consumption is assumed.",SM,0.17
446_446_Hudson_Bay_(1970),routing_scenario,16,Seabirds,M0,0.021714263038000003,0.021769513038000003,"Freeze completed living P,Q,diet,predation,accumulation,migration. Solve EE for SM; detritus accumulation absorbs routed inflow at fixed predation. No new consumption is assumed.",SM,0.17
446_446_Hudson_Bay_(1970),routing_scenario,15,Beluga James,M0,5.5673137044634417e-05,5.805313704463442e-05,"Freeze completed living P,Q,diet,predation,accumulation,migration. Solve EE for SM; detritus accumulation absorbs routed inflow at fixed predation. No new consumption is assumed.",SM,0.17
446_446_Hudson_Bay_(1970),routing_scenario,14,Beluga W,M0,0.0013602991127677291,0.0013705841127677292,"Freeze completed living P,Q,diet,predation,accumulation,migration. Solve EE for SM; detritus accumulation absorbs routed inflow at fixed predation. No new consumption is assumed.",SM,0.17
446_446_Hudson_Bay_(1970),routing_scenario,13,Beluga E,M0,9.807396405385151e-05,0.00010368396405385151,"Freeze completed living P,Q,diet,predation,accumulation,migration. Solve EE for SM; detritus accumulation absorbs routed inflow at fixed predation. No new consumption is assumed.",SM,0.17
446_446_Hudson_Bay_(1970),routing_scenario,12,Harp seal,M0,3.9123524670240005e-05,4.1503524670240006e-05,"Freeze completed living P,Q,diet,predation,accumulation,migration. Solve EE for SM; detritus accumulation absorbs routed inflow at fixed predation. No new consumption is assumed.",SM,0.17
446_446_Hudson_Bay_(1970),routing_scenario,11,Ringed Seal,M0,0.004359851707524983,0.004426661707524982,"Freeze completed living P,Q,diet,predation,accumulation,migration. Solve EE for SM; detritus accumulation absorbs routed inflow at fixed predation. No new consumption is assumed.",SM,0.17
446_446_Hudson_Bay_(1970),routing_scenario,10,Harbour Seal,M0,0.00012099825122750879,0.00012133825122750879,"Freeze completed living P,Q,diet,predation,accumulation,migration. Solve EE for SM; detritus accumulation absorbs routed inflow at fixed predation. No new consumption is assumed.",SM,0.17
446_446_Hudson_Bay_(1970),routing_scenario,9,Bearded Seal,M0,0.00013606373638765757,0.00016445373638765756,"Freeze completed living P,Q,diet,predation,accumulation,migration. Solve EE for SM; detritus accumulation absorbs routed inflow at fixed predation. No new consumption is assumed.",SM,0.17
446_446_Hudson_Bay_(1970),routing_scenario,8,Walrus S,M0,8.217029462185597e-05,8.319029462185597e-05,"Freeze completed living P,Q,diet,predation,accumulation,migration. Solve EE for SM; detritus accumulation absorbs routed inflow at fixed predation. No new consumption is assumed.",SM,0.17
446_446_Hudson_Bay_(1970),routing_scenario,7,Walrus N,M0,0.0003819925835737691,0.0003955925835737691,"Freeze completed living P,Q,diet,predation,accumulation,migration. Solve EE for SM; detritus accumulation absorbs routed inflow at fixed predation. No new consumption is assumed.",SM,0.17
446_446_Hudson_Bay_(1970),routing_scenario,6,Bowhead,M0,0.00021741439634646387,0.00021894439634646386,"Freeze completed living P,Q,diet,predation,accumulation,migration. Solve EE for SM; detritus accumulation absorbs routed inflow at fixed predation. No new consumption is assumed.",SM,0.17
446_446_Hudson_Bay_(1970),routing_scenario,5,Narwhal,M0,0.00011868823016079942,0.0001244682301607994,"Freeze completed living P,Q,diet,predation,accumulation,migration. Solve EE for SM; detritus accumulation absorbs routed inflow at fixed predation. No new consumption is assumed.",SM,0.17
446_446_Hudson_Bay_(1970),routing_scenario,4,Killer Whale,M0,2.76981004599574e-06,2.93981004599574e-06,"Freeze completed living P,Q,diet,predation,accumulation,migration. Solve EE for SM; detritus accumulation absorbs routed inflow at fixed predation. No new consumption is assumed.",SM,0.17
446_446_Hudson_Bay_(1970),routing_scenario,3,Polar Bear Foxe,M0,1.611317803944726e-05,1.696317803944726e-05,"Freeze completed living P,Q,diet,predation,accumulation,migration. Solve EE for SM; detritus accumulation absorbs routed inflow at fixed predation. No new consumption is assumed.",SM,0.17
446_446_Hudson_Bay_(1970),routing_scenario,2,SH Polar Bear,M0,2.9258219105026142e-05,3.299821910502614e-05,"Freeze completed living P,Q,diet,predation,accumulation,migration. Solve EE for SM; detritus accumulation absorbs routed inflow at fixed predation. No new consumption is assumed.",SM,0.17
446_446_Hudson_Bay_(1970),routing_scenario,1,Polar Bear WHB,M0,3.4803496340686466e-05,3.7353496340686467e-05,"Freeze completed living P,Q,diet,predation,accumulation,migration. Solve EE for SM; detritus accumulation absorbs routed inflow at fixed predation. No new consumption is assumed.",SM,0.17
446_446_Hudson_Bay_(1970),routing_scenario,25,Brackish Fish,EE,0.95,0.9499999117162401,"Freeze completed living P,Q,diet,predation,accumulation,migration. Solve EE for SM; detritus accumulation absorbs routed inflow at fixed predation. No new consumption is assumed.",SM,0.17
446_446_Hudson_Bay_(1970),routing_scenario,24,Other Marine Fish,EE,0.95,0.949999952965958,"Freeze completed living P,Q,diet,predation,accumulation,migration. Solve EE for SM; detritus accumulation absorbs routed inflow at fixed predation. No new consumption is assumed.",SM,0.17
446_446_Hudson_Bay_(1970),routing_scenario,22,Sandlance,EE,0.95,0.949999984531245,"Freeze completed living P,Q,diet,predation,accumulation,migration. Solve EE for SM; detritus accumulation absorbs routed inflow at fixed predation. No new consumption is assumed.",SM,0.17
446_446_Hudson_Bay_(1970),routing_scenario,21,Capelin,EE,0.95,0.949999956568576,"Freeze completed living P,Q,diet,predation,accumulation,migration. Solve EE for SM; detritus accumulation absorbs routed inflow at fixed predation. No new consumption is assumed.",SM,0.17
446_446_Hudson_Bay_(1970),routing_scenario,20,Sculpins/ Zoarcids,EE,0.95,0.9499997410266499,"Freeze completed living P,Q,diet,predation,accumulation,migration. Solve EE for SM; detritus accumulation absorbs routed inflow at fixed predation. No new consumption is assumed.",SM,0.17
446_446_Hudson_Bay_(1970),routing_scenario,19,Gadiformes,EE,0.95,0.9499998599077797,"Freeze completed living P,Q,diet,predation,accumulation,migration. Solve EE for SM; detritus accumulation absorbs routed inflow at fixed predation. No new consumption is assumed.",SM,0.17
446_446_Hudson_Bay_(1970),routing_scenario,18,Atlantic Salmon,EE,0.95,0.9499999158884112,"Freeze completed living P,Q,diet,predation,accumulation,migration. Solve EE for SM; detritus accumulation absorbs routed inflow at fixed predation. No new consumption is assumed.",SM,0.17
446_446_Hudson_Bay_(1970),routing_scenario,17,Arctic Char,EE,0.95,0.9499978117717807,"Freeze completed living P,Q,diet,predation,accumulation,migration. Solve EE for SM; detritus accumulation absorbs routed inflow at fixed predation. No new consumption is assumed.",SM,0.17
446_446_Hudson_Bay_(1970),routing_scenario,16,Seabirds,EE,0.09712003999999996,0.09482274270270263,"Freeze completed living P,Q,diet,predation,accumulation,migration. Solve EE for SM; detritus accumulation absorbs routed inflow at fixed predation. No new consumption is assumed.",SM,0.17
446_446_Hudson_Bay_(1970),routing_scenario,15,Beluga James,EE,0.5643347,0.5457102166487438,"Freeze completed living P,Q,diet,predation,accumulation,migration. Solve EE for SM; detritus accumulation absorbs routed inflow at fixed predation. No new consumption is assumed.",SM,0.17
446_446_Hudson_Bay_(1970),routing_scenario,14,Beluga W,EE,0.13272054499999997,0.126163186319874,"Freeze completed living P,Q,diet,predation,accumulation,migration. Solve EE for SM; detritus accumulation absorbs routed inflow at fixed predation. No new consumption is assumed.",SM,0.17
446_446_Hudson_Bay_(1970),routing_scenario,13,Beluga E,EE,0.28052579999999994,0.23937063409089354,"Freeze completed living P,Q,diet,predation,accumulation,migration. Solve EE for SM; detritus accumulation absorbs routed inflow at fixed predation. No new consumption is assumed.",SM,0.17
446_446_Hudson_Bay_(1970),routing_scenario,12,Harp seal,EE,0.6883504,0.6693918308462292,"Freeze completed living P,Q,diet,predation,accumulation,migration. Solve EE for SM; detritus accumulation absorbs routed inflow at fixed predation. No new consumption is assumed.",SM,0.17
446_446_Hudson_Bay_(1970),routing_scenario,11,Ringed Seal,EE,0.412556618,0.40355468513983406,"Freeze completed living P,Q,diet,predation,accumulation,migration. Solve EE for SM; detritus accumulation absorbs routed inflow at fixed predation. No new consumption is assumed.",SM,0.17
446_446_Hudson_Bay_(1970),routing_scenario,10,Harbour Seal,EE,0.07364795999999996,0.07104494970518349,"Freeze completed living P,Q,diet,predation,accumulation,migration. Solve EE for SM; detritus accumulation absorbs routed inflow at fixed predation. No new consumption is assumed.",SM,0.17
446_446_Hudson_Bay_(1970),routing_scenario,9,Bearded Seal,EE,0.791283369,0.7477341816014721,"Freeze completed living P,Q,diet,predation,accumulation,migration. Solve EE for SM; detritus accumulation absorbs routed inflow at fixed predation. No new consumption is assumed.",SM,0.17
446_446_Hudson_Bay_(1970),routing_scenario,8,Walrus S,EE,0.143246785,0.13261169742581524,"Freeze completed living P,Q,diet,predation,accumulation,migration. Solve EE for SM; detritus accumulation absorbs routed inflow at fixed predation. No new consumption is assumed.",SM,0.17
446_446_Hudson_Bay_(1970),routing_scenario,7,Walrus N,EE,0.18816389099999997,0.15926026418320394,"Freeze completed living P,Q,diet,predation,accumulation,migration. Solve EE for SM; detritus accumulation absorbs routed inflow at fixed predation. No new consumption is assumed.",SM,0.17
446_446_Hudson_Bay_(1970),routing_scenario,6,Bowhead,EE,0.052819170000000026,0.046153619354537656,"Freeze completed living P,Q,diet,predation,accumulation,migration. Solve EE for SM; detritus accumulation absorbs routed inflow at fixed predation. No new consumption is assumed.",SM,0.17
446_446_Hudson_Bay_(1970),routing_scenario,5,Narwhal,EE,0.2706202,0.2351001215702485,"Freeze completed living P,Q,diet,predation,accumulation,migration. Solve EE for SM; detritus accumulation absorbs routed inflow at fixed predation. No new consumption is assumed.",SM,0.17
446_446_Hudson_Bay_(1970),routing_scenario,4,Killer Whale,EE,0.26526534600000007,0.22017023510581712,"Freeze completed living P,Q,diet,predation,accumulation,migration. Solve EE for SM; detritus accumulation absorbs routed inflow at fixed predation. No new consumption is assumed.",SM,0.17
446_446_Hudson_Bay_(1970),routing_scenario,3,Polar Bear Foxe,EE,0.3027038569999999,0.2659201933366937,"Freeze completed living P,Q,diet,predation,accumulation,migration. Solve EE for SM; detritus accumulation absorbs routed inflow at fixed predation. No new consumption is assumed.",SM,0.17
446_446_Hudson_Bay_(1970),routing_scenario,2,SH Polar Bear,EE,0.5060891,0.4429537888804427,"Freeze completed living P,Q,diet,predation,accumulation,migration. Solve EE for SM; detritus accumulation absorbs routed inflow at fixed predation. No new consumption is assumed.",SM,0.17
446_446_Hudson_Bay_(1970),routing_scenario,1,Polar Bear WHB,EE,0.4138758,0.37093135857464976,"Freeze completed living P,Q,diet,predation,accumulation,migration. Solve EE for SM; detritus accumulation absorbs routed inflow at fixed predation. No new consumption is assumed.",SM,0.17
446_446_Hudson_Bay_(1970),routing_scenario,25,Brackish Fish,catch,2.64076e-08,2.1918307999999997e-08,"Freeze completed living P,Q,diet,predation,accumulation,migration. Solve EE for SM; detritus accumulation absorbs routed inflow at fixed predation. No new consumption is assumed.",SM,0.17
446_446_Hudson_Bay_(1970),routing_scenario,24,Other Marine Fish,catch,6.60189e-08,5.4795687e-08,"Freeze completed living P,Q,diet,predation,accumulation,migration. Solve EE for SM; detritus accumulation absorbs routed inflow at fixed predation. No new consumption is assumed.",SM,0.17
446_446_Hudson_Bay_(1970),routing_scenario,22,Sandlance,catch,3.96113e-08,3.2877378999999996e-08,"Freeze completed living P,Q,diet,predation,accumulation,migration. Solve EE for SM; detritus accumulation absorbs routed inflow at fixed predation. No new consumption is assumed.",SM,0.17
446_446_Hudson_Bay_(1970),routing_scenario,21,Capelin,catch,1.32038e-07,1.0959154e-07,"Freeze completed living P,Q,diet,predation,accumulation,migration. Solve EE for SM; detritus accumulation absorbs routed inflow at fixed predation. No new consumption is assumed.",SM,0.17
446_446_Hudson_Bay_(1970),routing_scenario,20,Sculpins/ Zoarcids,catch,2.64076e-07,2.1918308e-07,"Freeze completed living P,Q,diet,predation,accumulation,migration. Solve EE for SM; detritus accumulation absorbs routed inflow at fixed predation. No new consumption is assumed.",SM,0.17
446_446_Hudson_Bay_(1970),routing_scenario,19,Gadiformes,catch,2.64076e-07,2.1918308e-07,"Freeze completed living P,Q,diet,predation,accumulation,migration. Solve EE for SM; detritus accumulation absorbs routed inflow at fixed predation. No new consumption is assumed.",SM,0.17
446_446_Hudson_Bay_(1970),routing_scenario,18,Atlantic Salmon,catch,1.32038e-08,1.0959153999999999e-08,"Freeze completed living P,Q,diet,predation,accumulation,migration. Solve EE for SM; detritus accumulation absorbs routed inflow at fixed predation. No new consumption is assumed.",SM,0.17
446_446_Hudson_Bay_(1970),routing_scenario,17,Arctic Char,catch,4.62132e-07,3.8356956e-07,"Freeze completed living P,Q,diet,predation,accumulation,migration. Solve EE for SM; detritus accumulation absorbs routed inflow at fixed predation. No new consumption is assumed.",SM,0.17
446_446_Hudson_Bay_(1970),routing_scenario,16,Seabirds,catch,0.000325,0.00026974999999999997,"Freeze completed living P,Q,diet,predation,accumulation,migration. Solve EE for SM; detritus accumulation absorbs routed inflow at fixed predation. No new consumption is assumed.",SM,0.17
446_446_Hudson_Bay_(1970),routing_scenario,15,Beluga James,catch,1.4e-05,1.1619999999999999e-05,"Freeze completed living P,Q,diet,predation,accumulation,migration. Solve EE for SM; detritus accumulation absorbs routed inflow at fixed predation. No new consumption is assumed.",SM,0.17
446_446_Hudson_Bay_(1970),routing_scenario,14,Beluga W,catch,6.05e-05,5.0215e-05,"Freeze completed living P,Q,diet,predation,accumulation,migration. Solve EE for SM; detritus accumulation absorbs routed inflow at fixed predation. No new consumption is assumed.",SM,0.17
446_446_Hudson_Bay_(1970),routing_scenario,13,Beluga E,catch,3.3e-05,2.739e-05,"Freeze completed living P,Q,diet,predation,accumulation,migration. Solve EE for SM; detritus accumulation absorbs routed inflow at fixed predation. No new consumption is assumed.",SM,0.17
446_446_Hudson_Bay_(1970),routing_scenario,12,Harp seal,catch,1.4e-05,1.1619999999999999e-05,"Freeze completed living P,Q,diet,predation,accumulation,migration. Solve EE for SM; detritus accumulation absorbs routed inflow at fixed predation. No new consumption is assumed.",SM,0.17
446_446_Hudson_Bay_(1970),routing_scenario,11,Ringed Seal,catch,0.000393,0.00032619,"Freeze completed living P,Q,diet,predation,accumulation,migration. Solve EE for SM; detritus accumulation absorbs routed inflow at fixed predation. No new consumption is assumed.",SM,0.17
446_446_Hudson_Bay_(1970),routing_scenario,10,Harbour Seal,catch,2e-06,1.6599999999999998e-06,"Freeze completed living P,Q,diet,predation,accumulation,migration. Solve EE for SM; detritus accumulation absorbs routed inflow at fixed predation. No new consumption is assumed.",SM,0.17
446_446_Hudson_Bay_(1970),routing_scenario,9,Bearded Seal,catch,0.000167,0.00013860999999999998,"Freeze completed living P,Q,diet,predation,accumulation,migration. Solve EE for SM; detritus accumulation absorbs routed inflow at fixed predation. No new consumption is assumed.",SM,0.17
446_446_Hudson_Bay_(1970),routing_scenario,8,Walrus S,catch,6e-06,4.98e-06,"Freeze completed living P,Q,diet,predation,accumulation,migration. Solve EE for SM; detritus accumulation absorbs routed inflow at fixed predation. No new consumption is assumed.",SM,0.17
446_446_Hudson_Bay_(1970),routing_scenario,7,Walrus N,catch,8e-05,6.64e-05,"Freeze completed living P,Q,diet,predation,accumulation,migration. Solve EE for SM; detritus accumulation absorbs routed inflow at fixed predation. No new consumption is assumed.",SM,0.17
446_446_Hudson_Bay_(1970),routing_scenario,6,Bowhead,catch,9e-06,7.47e-06,"Freeze completed living P,Q,diet,predation,accumulation,migration. Solve EE for SM; detritus accumulation absorbs routed inflow at fixed predation. No new consumption is assumed.",SM,0.17
446_446_Hudson_Bay_(1970),routing_scenario,5,Narwhal,catch,3.4e-05,2.8219999999999997e-05,"Freeze completed living P,Q,diet,predation,accumulation,migration. Solve EE for SM; detritus accumulation absorbs routed inflow at fixed predation. No new consumption is assumed.",SM,0.17
446_446_Hudson_Bay_(1970),routing_scenario,4,Killer Whale,catch,1e-06,8.299999999999999e-07,"Freeze completed living P,Q,diet,predation,accumulation,migration. Solve EE for SM; detritus accumulation absorbs routed inflow at fixed predation. No new consumption is assumed.",SM,0.17
446_446_Hudson_Bay_(1970),routing_scenario,3,Polar Bear Foxe,catch,5e-06,4.15e-06,"Freeze completed living P,Q,diet,predation,accumulation,migration. Solve EE for SM; detritus accumulation absorbs routed inflow at fixed predation. No new consumption is assumed.",SM,0.17
446_446_Hudson_Bay_(1970),routing_scenario,2,SH Polar Bear,catch,2.2e-05,1.8259999999999998e-05,"Freeze completed living P,Q,diet,predation,accumulation,migration. Solve EE for SM; detritus accumulation absorbs routed inflow at fixed predation. No new consumption is assumed.",SM,0.17
446_446_Hudson_Bay_(1970),routing_scenario,1,Polar Bear WHB,catch,1.5e-05,1.245e-05,"Freeze completed living P,Q,diet,predation,accumulation,migration. Solve EE for SM; detritus accumulation absorbs routed inflow at fixed predation. No new consumption is assumed.",SM,0.17
446_446_Hudson_Bay_(1970),routing_scenario,40,Pelagic Detritus,growth,100.09094139097152,100.09114229145734,"Freeze completed living P,Q,diet,predation,accumulation,migration. Solve EE for SM; detritus accumulation absorbs routed inflow at fixed predation. No new consumption is assumed.",SM,0.17
446_446_Hudson_Bay_(1970),routing_scenario,25,Brackish Fish,catch,2.64076e-08,2.1918307999999997e-08,"Freeze completed living P,Q,diet,predation,accumulation,migration. Solve EE for SM; detritus accumulation absorbs routed inflow at fixed predation. No new consumption is assumed.",SE,0.17
446_446_Hudson_Bay_(1970),routing_scenario,24,Other Marine Fish,catch,6.60189e-08,5.4795687e-08,"Freeze completed living P,Q,diet,predation,accumulation,migration. Solve EE for SM; detritus accumulation absorbs routed inflow at fixed predation. No new consumption is assumed.",SE,0.17
446_446_Hudson_Bay_(1970),routing_scenario,22,Sandlance,catch,3.96113e-08,3.2877378999999996e-08,"Freeze completed living P,Q,diet,predation,accumulation,migration. Solve EE for SM; detritus accumulation absorbs routed inflow at fixed predation. No new consumption is assumed.",SE,0.17
446_446_Hudson_Bay_(1970),routing_scenario,21,Capelin,catch,1.32038e-07,1.0959154e-07,"Freeze completed living P,Q,diet,predation,accumulation,migration. Solve EE for SM; detritus accumulation absorbs routed inflow at fixed predation. No new consumption is assumed.",SE,0.17
446_446_Hudson_Bay_(1970),routing_scenario,20,Sculpins/ Zoarcids,catch,2.64076e-07,2.1918308e-07,"Freeze completed living P,Q,diet,predation,accumulation,migration. Solve EE for SM; detritus accumulation absorbs routed inflow at fixed predation. No new consumption is assumed.",SE,0.17
446_446_Hudson_Bay_(1970),routing_scenario,19,Gadiformes,catch,2.64076e-07,2.1918308e-07,"Freeze completed living P,Q,diet,predation,accumulation,migration. Solve EE for SM; detritus accumulation absorbs routed inflow at fixed predation. No new consumption is assumed.",SE,0.17
446_446_Hudson_Bay_(1970),routing_scenario,18,Atlantic Salmon,catch,1.32038e-08,1.0959153999999999e-08,"Freeze completed living P,Q,diet,predation,accumulation,migration. Solve EE for SM; detritus accumulation absorbs routed inflow at fixed predation. No new consumption is assumed.",SE,0.17
446_446_Hudson_Bay_(1970),routing_scenario,17,Arctic Char,catch,4.62132e-07,3.8356956e-07,"Freeze completed living P,Q,diet,predation,accumulation,migration. Solve EE for SM; detritus accumulation absorbs routed inflow at fixed predation. No new consumption is assumed.",SE,0.17
446_446_Hudson_Bay_(1970),routing_scenario,16,Seabirds,catch,0.000325,0.00026974999999999997,"Freeze completed living P,Q,diet,predation,accumulation,migration. Solve EE for SM; detritus accumulation absorbs routed inflow at fixed predation. No new consumption is assumed.",SE,0.17
446_446_Hudson_Bay_(1970),routing_scenario,15,Beluga James,catch,1.4e-05,1.1619999999999999e-05,"Freeze completed living P,Q,diet,predation,accumulation,migration. Solve EE for SM; detritus accumulation absorbs routed inflow at fixed predation. No new consumption is assumed.",SE,0.17
446_446_Hudson_Bay_(1970),routing_scenario,14,Beluga W,catch,6.05e-05,5.0215e-05,"Freeze completed living P,Q,diet,predation,accumulation,migration. Solve EE for SM; detritus accumulation absorbs routed inflow at fixed predation. No new consumption is assumed.",SE,0.17
446_446_Hudson_Bay_(1970),routing_scenario,13,Beluga E,catch,3.3e-05,2.739e-05,"Freeze completed living P,Q,diet,predation,accumulation,migration. Solve EE for SM; detritus accumulation absorbs routed inflow at fixed predation. No new consumption is assumed.",SE,0.17
446_446_Hudson_Bay_(1970),routing_scenario,12,Harp seal,catch,1.4e-05,1.1619999999999999e-05,"Freeze completed living P,Q,diet,predation,accumulation,migration. Solve EE for SM; detritus accumulation absorbs routed inflow at fixed predation. No new consumption is assumed.",SE,0.17
446_446_Hudson_Bay_(1970),routing_scenario,11,Ringed Seal,catch,0.000393,0.00032619,"Freeze completed living P,Q,diet,predation,accumulation,migration. Solve EE for SM; detritus accumulation absorbs routed inflow at fixed predation. No new consumption is assumed.",SE,0.17
446_446_Hudson_Bay_(1970),routing_scenario,10,Harbour Seal,catch,2e-06,1.6599999999999998e-06,"Freeze completed living P,Q,diet,predation,accumulation,migration. Solve EE for SM; detritus accumulation absorbs routed inflow at fixed predation. No new consumption is assumed.",SE,0.17
446_446_Hudson_Bay_(1970),routing_scenario,9,Bearded Seal,catch,0.000167,0.00013860999999999998,"Freeze completed living P,Q,diet,predation,accumulation,migration. Solve EE for SM; detritus accumulation absorbs routed inflow at fixed predation. No new consumption is assumed.",SE,0.17
446_446_Hudson_Bay_(1970),routing_scenario,8,Walrus S,catch,6e-06,4.98e-06,"Freeze completed living P,Q,diet,predation,accumulation,migration. Solve EE for SM; detritus accumulation absorbs routed inflow at fixed predation. No new consumption is assumed.",SE,0.17
446_446_Hudson_Bay_(1970),routing_scenario,7,Walrus N,catch,8e-05,6.64e-05,"Freeze completed living P,Q,diet,predation,accumulation,migration. Solve EE for SM; detritus accumulation absorbs routed inflow at fixed predation. No new consumption is assumed.",SE,0.17
446_446_Hudson_Bay_(1970),routing_scenario,6,Bowhead,catch,9e-06,7.47e-06,"Freeze completed living P,Q,diet,predation,accumulation,migration. Solve EE for SM; detritus accumulation absorbs routed inflow at fixed predation. No new consumption is assumed.",SE,0.17
446_446_Hudson_Bay_(1970),routing_scenario,5,Narwhal,catch,3.4e-05,2.8219999999999997e-05,"Freeze completed living P,Q,diet,predation,accumulation,migration. Solve EE for SM; detritus accumulation absorbs routed inflow at fixed predation. No new consumption is assumed.",SE,0.17
446_446_Hudson_Bay_(1970),routing_scenario,4,Killer Whale,catch,1e-06,8.299999999999999e-07,"Freeze completed living P,Q,diet,predation,accumulation,migration. Solve EE for SM; detritus accumulation absorbs routed inflow at fixed predation. No new consumption is assumed.",SE,0.17
446_446_Hudson_Bay_(1970),routing_scenario,3,Polar Bear Foxe,catch,5e-06,4.15e-06,"Freeze completed living P,Q,diet,predation,accumulation,migration. Solve EE for SM; detritus accumulation absorbs routed inflow at fixed predation. No new consumption is assumed.",SE,0.17
446_446_Hudson_Bay_(1970),routing_scenario,2,SH Polar Bear,catch,2.2e-05,1.8259999999999998e-05,"Freeze completed living P,Q,diet,predation,accumulation,migration. Solve EE for SM; detritus accumulation absorbs routed inflow at fixed predation. No new consumption is assumed.",SE,0.17
446_446_Hudson_Bay_(1970),routing_scenario,1,Polar Bear WHB,catch,1.5e-05,1.245e-05,"Freeze completed living P,Q,diet,predation,accumulation,migration. Solve EE for SM; detritus accumulation absorbs routed inflow at fixed predation. No new consumption is assumed.",SE,0.17
446_446_Hudson_Bay_(1970),routing_scenario,25,Brackish Fish,external_loss,0.0,4.489292e-09,"Freeze completed living P,Q,diet,predation,accumulation,migration. Solve EE for SM; detritus accumulation absorbs routed inflow at fixed predation. No new consumption is assumed.",SE,0.17
446_446_Hudson_Bay_(1970),routing_scenario,24,Other Marine Fish,external_loss,0.0,1.1223213e-08,"Freeze completed living P,Q,diet,predation,accumulation,migration. Solve EE for SM; detritus accumulation absorbs routed inflow at fixed predation. No new consumption is assumed.",SE,0.17
446_446_Hudson_Bay_(1970),routing_scenario,22,Sandlance,external_loss,0.0,6.7339210000000006e-09,"Freeze completed living P,Q,diet,predation,accumulation,migration. Solve EE for SM; detritus accumulation absorbs routed inflow at fixed predation. No new consumption is assumed.",SE,0.17
446_446_Hudson_Bay_(1970),routing_scenario,21,Capelin,external_loss,0.0,2.2446460000000002e-08,"Freeze completed living P,Q,diet,predation,accumulation,migration. Solve EE for SM; detritus accumulation absorbs routed inflow at fixed predation. No new consumption is assumed.",SE,0.17
446_446_Hudson_Bay_(1970),routing_scenario,20,Sculpins/ Zoarcids,external_loss,0.0,4.4892920000000005e-08,"Freeze completed living P,Q,diet,predation,accumulation,migration. Solve EE for SM; detritus accumulation absorbs routed inflow at fixed predation. No new consumption is assumed.",SE,0.17
446_446_Hudson_Bay_(1970),routing_scenario,19,Gadiformes,external_loss,0.0,4.4892920000000005e-08,"Freeze completed living P,Q,diet,predation,accumulation,migration. Solve EE for SM; detritus accumulation absorbs routed inflow at fixed predation. No new consumption is assumed.",SE,0.17
446_446_Hudson_Bay_(1970),routing_scenario,18,Atlantic Salmon,external_loss,0.0,2.244646e-09,"Freeze completed living P,Q,diet,predation,accumulation,migration. Solve EE for SM; detritus accumulation absorbs routed inflow at fixed predation. No new consumption is assumed.",SE,0.17
446_446_Hudson_Bay_(1970),routing_scenario,17,Arctic Char,external_loss,0.0,7.856244000000001e-08,"Freeze completed living P,Q,diet,predation,accumulation,migration. Solve EE for SM; detritus accumulation absorbs routed inflow at fixed predation. No new consumption is assumed.",SE,0.17
446_446_Hudson_Bay_(1970),routing_scenario,16,Seabirds,external_loss,0.0,5.525e-05,"Freeze completed living P,Q,diet,predation,accumulation,migration. Solve EE for SM; detritus accumulation absorbs routed inflow at fixed predation. No new consumption is assumed.",SE,0.17
446_446_Hudson_Bay_(1970),routing_scenario,15,Beluga James,external_loss,0.0,2.38e-06,"Freeze completed living P,Q,diet,predation,accumulation,migration. Solve EE for SM; detritus accumulation absorbs routed inflow at fixed predation. No new consumption is assumed.",SE,0.17
446_446_Hudson_Bay_(1970),routing_scenario,14,Beluga W,external_loss,0.0,1.0285e-05,"Freeze completed living P,Q,diet,predation,accumulation,migration. Solve EE for SM; detritus accumulation absorbs routed inflow at fixed predation. No new consumption is assumed.",SE,0.17
446_446_Hudson_Bay_(1970),routing_scenario,13,Beluga E,external_loss,0.0,5.6100000000000005e-06,"Freeze completed living P,Q,diet,predation,accumulation,migration. Solve EE for SM; detritus accumulation absorbs routed inflow at fixed predation. No new consumption is assumed.",SE,0.17
446_446_Hudson_Bay_(1970),routing_scenario,12,Harp seal,external_loss,0.0,2.38e-06,"Freeze completed living P,Q,diet,predation,accumulation,migration. Solve EE for SM; detritus accumulation absorbs routed inflow at fixed predation. No new consumption is assumed.",SE,0.17
446_446_Hudson_Bay_(1970),routing_scenario,11,Ringed Seal,external_loss,0.0,6.681e-05,"Freeze completed living P,Q,diet,predation,accumulation,migration. Solve EE for SM; detritus accumulation absorbs routed inflow at fixed predation. No new consumption is assumed.",SE,0.17
446_446_Hudson_Bay_(1970),routing_scenario,10,Harbour Seal,external_loss,0.0,3.4000000000000003e-07,"Freeze completed living P,Q,diet,predation,accumulation,migration. Solve EE for SM; detritus accumulation absorbs routed inflow at fixed predation. No new consumption is assumed.",SE,0.17
446_446_Hudson_Bay_(1970),routing_scenario,9,Bearded Seal,external_loss,0.0,2.839e-05,"Freeze completed living P,Q,diet,predation,accumulation,migration. Solve EE for SM; detritus accumulation absorbs routed inflow at fixed predation. No new consumption is assumed.",SE,0.17
446_446_Hudson_Bay_(1970),routing_scenario,8,Walrus S,external_loss,0.0,1.0200000000000002e-06,"Freeze completed living P,Q,diet,predation,accumulation,migration. Solve EE for SM; detritus accumulation absorbs routed inflow at fixed predation. No new consumption is assumed.",SE,0.17
446_446_Hudson_Bay_(1970),routing_scenario,7,Walrus N,external_loss,0.0,1.3600000000000002e-05,"Freeze completed living P,Q,diet,predation,accumulation,migration. Solve EE for SM; detritus accumulation absorbs routed inflow at fixed predation. No new consumption is assumed.",SE,0.17
446_446_Hudson_Bay_(1970),routing_scenario,6,Bowhead,external_loss,0.0,1.5300000000000002e-06,"Freeze completed living P,Q,diet,predation,accumulation,migration. Solve EE for SM; detritus accumulation absorbs routed inflow at fixed predation. No new consumption is assumed.",SE,0.17
446_446_Hudson_Bay_(1970),routing_scenario,5,Narwhal,external_loss,0.0,5.7800000000000006e-06,"Freeze completed living P,Q,diet,predation,accumulation,migration. Solve EE for SM; detritus accumulation absorbs routed inflow at fixed predation. No new consumption is assumed.",SE,0.17
446_446_Hudson_Bay_(1970),routing_scenario,4,Killer Whale,external_loss,0.0,1.7000000000000001e-07,"Freeze completed living P,Q,diet,predation,accumulation,migration. Solve EE for SM; detritus accumulation absorbs routed inflow at fixed predation. No new consumption is assumed.",SE,0.17
446_446_Hudson_Bay_(1970),routing_scenario,3,Polar Bear Foxe,external_loss,0.0,8.500000000000001e-07,"Freeze completed living P,Q,diet,predation,accumulation,migration. Solve EE for SM; detritus accumulation absorbs routed inflow at fixed predation. No new consumption is assumed.",SE,0.17
446_446_Hudson_Bay_(1970),routing_scenario,2,SH Polar Bear,external_loss,0.0,3.74e-06,"Freeze completed living P,Q,diet,predation,accumulation,migration. Solve EE for SM; detritus accumulation absorbs routed inflow at fixed predation. No new consumption is assumed.",SE,0.17
446_446_Hudson_Bay_(1970),routing_scenario,1,Polar Bear WHB,external_loss,0.0,2.55e-06,"Freeze completed living P,Q,diet,predation,accumulation,migration. Solve EE for SM; detritus accumulation absorbs routed inflow at fixed predation. No new consumption is assumed.",SE,0.17
446_446_Hudson_Bay_(1970),routing_scenario,40,Pelagic Detritus,p,128.24910803428477,128.24932075244618,"Freeze completed living P,Q,diet,predation,accumulation,migration. Solve EE for SM; detritus accumulation absorbs routed inflow at fixed predation. No new consumption is assumed.",SM,0.18
446_446_Hudson_Bay_(1970),routing_scenario,40,Pelagic Detritus,q,128.24910803428477,128.24932075244618,"Freeze completed living P,Q,diet,predation,accumulation,migration. Solve EE for SM; detritus accumulation absorbs routed inflow at fixed predation. No new consumption is assumed.",SM,0.18
446_446_Hudson_Bay_(1970),routing_scenario,25,Brackish Fish,M0,0.0025425355725000025,0.0025425403258680025,"Freeze completed living P,Q,diet,predation,accumulation,migration. Solve EE for SM; detritus accumulation absorbs routed inflow at fixed predation. No new consumption is assumed.",SM,0.18
446_446_Hudson_Bay_(1970),routing_scenario,24,Other Marine Fish,M0,0.011930946740000012,0.011930958623402012,"Freeze completed living P,Q,diet,predation,accumulation,migration. Solve EE for SM; detritus accumulation absorbs routed inflow at fixed predation. No new consumption is assumed.",SM,0.18
446_446_Hudson_Bay_(1970),routing_scenario,22,Sandlance,M0,0.021766202280000018,0.02176620941003402,"Freeze completed living P,Q,diet,predation,accumulation,migration. Solve EE for SM; detritus accumulation absorbs routed inflow at fixed predation. No new consumption is assumed.",SM,0.18
446_446_Hudson_Bay_(1970),routing_scenario,21,Capelin,M0,0.025841266500000022,0.02584129026684002,"Freeze completed living P,Q,diet,predation,accumulation,migration. Solve EE for SM; detritus accumulation absorbs routed inflow at fixed predation. No new consumption is assumed.",SM,0.18
446_446_Hudson_Bay_(1970),routing_scenario,20,Sculpins/ Zoarcids,M0,0.008667478715000008,0.008667526248680009,"Freeze completed living P,Q,diet,predation,accumulation,migration. Solve EE for SM; detritus accumulation absorbs routed inflow at fixed predation. No new consumption is assumed.",SM,0.18
446_446_Hudson_Bay_(1970),routing_scenario,19,Gadiformes,M0,0.016022631350000014,0.016022678883680013,"Freeze completed living P,Q,diet,predation,accumulation,migration. Solve EE for SM; detritus accumulation absorbs routed inflow at fixed predation. No new consumption is assumed.",SM,0.18
446_446_Hudson_Bay_(1970),routing_scenario,18,Atlantic Salmon,M0,0.0013343262400000013,0.0013343286166840013,"Freeze completed living P,Q,diet,predation,accumulation,migration. Solve EE for SM; detritus accumulation absorbs routed inflow at fixed predation. No new consumption is assumed.",SM,0.18
446_446_Hudson_Bay_(1970),routing_scenario,17,Arctic Char,M0,0.0017951153200000017,0.0017951985037600016,"Freeze completed living P,Q,diet,predation,accumulation,migration. Solve EE for SM; detritus accumulation absorbs routed inflow at fixed predation. No new consumption is assumed.",SM,0.18
446_446_Hudson_Bay_(1970),routing_scenario,16,Seabirds,M0,0.021714263038000003,0.021772763038000003,"Freeze completed living P,Q,diet,predation,accumulation,migration. Solve EE for SM; detritus accumulation absorbs routed inflow at fixed predation. No new consumption is assumed.",SM,0.18
446_446_Hudson_Bay_(1970),routing_scenario,15,Beluga James,M0,5.5673137044634417e-05,5.819313704463442e-05,"Freeze completed living P,Q,diet,predation,accumulation,migration. Solve EE for SM; detritus accumulation absorbs routed inflow at fixed predation. No new consumption is assumed.",SM,0.18
446_446_Hudson_Bay_(1970),routing_scenario,14,Beluga W,M0,0.0013602991127677291,0.001371189112767729,"Freeze completed living P,Q,diet,predation,accumulation,migration. Solve EE for SM; detritus accumulation absorbs routed inflow at fixed predation. No new consumption is assumed.",SM,0.18
446_446_Hudson_Bay_(1970),routing_scenario,13,Beluga E,M0,9.807396405385151e-05,0.00010401396405385151,"Freeze completed living P,Q,diet,predation,accumulation,migration. Solve EE for SM; detritus accumulation absorbs routed inflow at fixed predation. No new consumption is assumed.",SM,0.18
446_446_Hudson_Bay_(1970),routing_scenario,12,Harp seal,M0,3.9123524670240005e-05,4.164352467024001e-05,"Freeze completed living P,Q,diet,predation,accumulation,migration. Solve EE for SM; detritus accumulation absorbs routed inflow at fixed predation. No new consumption is assumed.",SM,0.18
446_446_Hudson_Bay_(1970),routing_scenario,11,Ringed Seal,M0,0.004359851707524983,0.004430591707524982,"Freeze completed living P,Q,diet,predation,accumulation,migration. Solve EE for SM; detritus accumulation absorbs routed inflow at fixed predation. No new consumption is assumed.",SM,0.18
446_446_Hudson_Bay_(1970),routing_scenario,10,Harbour Seal,M0,0.00012099825122750879,0.0001213582512275088,"Freeze completed living P,Q,diet,predation,accumulation,migration. Solve EE for SM; detritus accumulation absorbs routed inflow at fixed predation. No new consumption is assumed.",SM,0.18
446_446_Hudson_Bay_(1970),routing_scenario,9,Bearded Seal,M0,0.00013606373638765757,0.00016612373638765757,"Freeze completed living P,Q,diet,predation,accumulation,migration. Solve EE for SM; detritus accumulation absorbs routed inflow at fixed predation. No new consumption is assumed.",SM,0.18
446_446_Hudson_Bay_(1970),routing_scenario,8,Walrus S,M0,8.217029462185597e-05,8.325029462185597e-05,"Freeze completed living P,Q,diet,predation,accumulation,migration. Solve EE for SM; detritus accumulation absorbs routed inflow at fixed predation. No new consumption is assumed.",SM,0.18
446_446_Hudson_Bay_(1970),routing_scenario,7,Walrus N,M0,0.0003819925835737691,0.00039639258357376914,"Freeze completed living P,Q,diet,predation,accumulation,migration. Solve EE for SM; detritus accumulation absorbs routed inflow at fixed predation. No new consumption is assumed.",SM,0.18
446_446_Hudson_Bay_(1970),routing_scenario,6,Bowhead,M0,0.00021741439634646387,0.00021903439634646387,"Freeze completed living P,Q,diet,predation,accumulation,migration. Solve EE for SM; detritus accumulation absorbs routed inflow at fixed predation. No new consumption is assumed.",SM,0.18
446_446_Hudson_Bay_(1970),routing_scenario,5,Narwhal,M0,0.00011868823016079942,0.00012480823016079942,"Freeze completed living P,Q,diet,predation,accumulation,migration. Solve EE for SM; detritus accumulation absorbs routed inflow at fixed predation. No new consumption is assumed.",SM,0.18
446_446_Hudson_Bay_(1970),routing_scenario,4,Killer Whale,M0,2.76981004599574e-06,2.9498100459957398e-06,"Freeze completed living P,Q,diet,predation,accumulation,migration. Solve EE for SM; detritus accumulation absorbs routed inflow at fixed predation. No new consumption is assumed.",SM,0.18
446_446_Hudson_Bay_(1970),routing_scenario,3,Polar Bear Foxe,M0,1.611317803944726e-05,1.701317803944726e-05,"Freeze completed living P,Q,diet,predation,accumulation,migration. Solve EE for SM; detritus accumulation absorbs routed inflow at fixed predation. No new consumption is assumed.",SM,0.18
446_446_Hudson_Bay_(1970),routing_scenario,2,SH Polar Bear,M0,2.9258219105026142e-05,3.321821910502614e-05,"Freeze completed living P,Q,diet,predation,accumulation,migration. Solve EE for SM; detritus accumulation absorbs routed inflow at fixed predation. No new consumption is assumed.",SM,0.18
446_446_Hudson_Bay_(1970),routing_scenario,1,Polar Bear WHB,M0,3.4803496340686466e-05,3.7503496340686463e-05,"Freeze completed living P,Q,diet,predation,accumulation,migration. Solve EE for SM; detritus accumulation absorbs routed inflow at fixed predation. No new consumption is assumed.",SM,0.18
446_446_Hudson_Bay_(1970),routing_scenario,25,Brackish Fish,EE,0.95,0.9499999065230778,"Freeze completed living P,Q,diet,predation,accumulation,migration. Solve EE for SM; detritus accumulation absorbs routed inflow at fixed predation. No new consumption is assumed.",SM,0.18
446_446_Hudson_Bay_(1970),routing_scenario,24,Other Marine Fish,EE,0.95,0.9499999501992497,"Freeze completed living P,Q,diet,predation,accumulation,migration. Solve EE for SM; detritus accumulation absorbs routed inflow at fixed predation. No new consumption is assumed.",SM,0.18
446_446_Hudson_Bay_(1970),routing_scenario,22,Sandlance,EE,0.95,0.9499999836213182,"Freeze completed living P,Q,diet,predation,accumulation,migration. Solve EE for SM; detritus accumulation absorbs routed inflow at fixed predation. No new consumption is assumed.",SM,0.18
446_446_Hudson_Bay_(1970),routing_scenario,21,Capelin,EE,0.95,0.9499999540137863,"Freeze completed living P,Q,diet,predation,accumulation,migration. Solve EE for SM; detritus accumulation absorbs routed inflow at fixed predation. No new consumption is assumed.",SM,0.18
446_446_Hudson_Bay_(1970),routing_scenario,20,Sculpins/ Zoarcids,EE,0.95,0.9499997257929234,"Freeze completed living P,Q,diet,predation,accumulation,migration. Solve EE for SM; detritus accumulation absorbs routed inflow at fixed predation. No new consumption is assumed.",SM,0.18
446_446_Hudson_Bay_(1970),routing_scenario,19,Gadiformes,EE,0.95,0.9499998516670609,"Freeze completed living P,Q,diet,predation,accumulation,migration. Solve EE for SM; detritus accumulation absorbs routed inflow at fixed predation. No new consumption is assumed.",SM,0.18
446_446_Hudson_Bay_(1970),routing_scenario,18,Atlantic Salmon,EE,0.95,0.9499999109406707,"Freeze completed living P,Q,diet,predation,accumulation,migration. Solve EE for SM; detritus accumulation absorbs routed inflow at fixed predation. No new consumption is assumed.",SM,0.18
446_446_Hudson_Bay_(1970),routing_scenario,17,Arctic Char,EE,0.95,0.9499976830524737,"Freeze completed living P,Q,diet,predation,accumulation,migration. Solve EE for SM; detritus accumulation absorbs routed inflow at fixed predation. No new consumption is assumed.",SM,0.18
446_446_Hudson_Bay_(1970),routing_scenario,16,Seabirds,EE,0.09712003999999996,0.09468760756756756,"Freeze completed living P,Q,diet,predation,accumulation,migration. Solve EE for SM; detritus accumulation absorbs routed inflow at fixed predation. No new consumption is assumed.",SM,0.18
446_446_Hudson_Bay_(1970),routing_scenario,15,Beluga James,EE,0.5643347,0.5446146588045522,"Freeze completed living P,Q,diet,predation,accumulation,migration. Solve EE for SM; detritus accumulation absorbs routed inflow at fixed predation. No new consumption is assumed.",SM,0.18
446_446_Hudson_Bay_(1970),routing_scenario,14,Beluga W,EE,0.13272054499999997,0.12577745933869022,"Freeze completed living P,Q,diet,predation,accumulation,migration. Solve EE for SM; detritus accumulation absorbs routed inflow at fixed predation. No new consumption is assumed.",SM,0.18
446_446_Hudson_Bay_(1970),routing_scenario,13,Beluga E,EE,0.28052579999999994,0.2369497419785931,"Freeze completed living P,Q,diet,predation,accumulation,migration. Solve EE for SM; detritus accumulation absorbs routed inflow at fixed predation. No new consumption is assumed.",SM,0.18
446_446_Hudson_Bay_(1970),routing_scenario,12,Harp seal,EE,0.6883504,0.6682766208960075,"Freeze completed living P,Q,diet,predation,accumulation,migration. Solve EE for SM; detritus accumulation absorbs routed inflow at fixed predation. No new consumption is assumed.",SM,0.18
446_446_Hudson_Bay_(1970),routing_scenario,11,Ringed Seal,EE,0.412556618,0.4030251596774713,"Freeze completed living P,Q,diet,predation,accumulation,migration. Solve EE for SM; detritus accumulation absorbs routed inflow at fixed predation. No new consumption is assumed.",SM,0.18
446_446_Hudson_Bay_(1970),routing_scenario,10,Harbour Seal,EE,0.07364795999999996,0.07089183145254718,"Freeze completed living P,Q,diet,predation,accumulation,migration. Solve EE for SM; detritus accumulation absorbs routed inflow at fixed predation. No new consumption is assumed.",SM,0.18
446_446_Hudson_Bay_(1970),routing_scenario,9,Bearded Seal,EE,0.791283369,0.7451724646956763,"Freeze completed living P,Q,diet,predation,accumulation,migration. Solve EE for SM; detritus accumulation absorbs routed inflow at fixed predation. No new consumption is assumed.",SM,0.18
446_446_Hudson_Bay_(1970),routing_scenario,8,Walrus S,EE,0.143246785,0.1319861040390985,"Freeze completed living P,Q,diet,predation,accumulation,migration. Solve EE for SM; detritus accumulation absorbs routed inflow at fixed predation. No new consumption is assumed.",SM,0.18
446_446_Hudson_Bay_(1970),routing_scenario,7,Walrus N,EE,0.18816389099999997,0.1575600508410394,"Freeze completed living P,Q,diet,predation,accumulation,migration. Solve EE for SM; detritus accumulation absorbs routed inflow at fixed predation. No new consumption is assumed.",SM,0.18
446_446_Hudson_Bay_(1970),routing_scenario,6,Bowhead,EE,0.052819170000000026,0.045761528140098595,"Freeze completed living P,Q,diet,predation,accumulation,migration. Solve EE for SM; detritus accumulation absorbs routed inflow at fixed predation. No new consumption is assumed.",SM,0.18
446_446_Hudson_Bay_(1970),routing_scenario,5,Narwhal,EE,0.2706202,0.2330107051920277,"Freeze completed living P,Q,diet,predation,accumulation,migration. Solve EE for SM; detritus accumulation absorbs routed inflow at fixed predation. No new consumption is assumed.",SM,0.18
446_446_Hudson_Bay_(1970),routing_scenario,4,Killer Whale,EE,0.26526534600000007,0.2175175815238063,"Freeze completed living P,Q,diet,predation,accumulation,migration. Solve EE for SM; detritus accumulation absorbs routed inflow at fixed predation. No new consumption is assumed.",SM,0.18
446_446_Hudson_Bay_(1970),routing_scenario,3,Polar Bear Foxe,EE,0.3027038569999999,0.26375644841532275,"Freeze completed living P,Q,diet,predation,accumulation,migration. Solve EE for SM; detritus accumulation absorbs routed inflow at fixed predation. No new consumption is assumed.",SM,0.18
446_446_Hudson_Bay_(1970),routing_scenario,2,SH Polar Bear,EE,0.5060891,0.43923994704988056,"Freeze completed living P,Q,diet,predation,accumulation,migration. Solve EE for SM; detritus accumulation absorbs routed inflow at fixed predation. No new consumption is assumed.",SM,0.18
446_446_Hudson_Bay_(1970),routing_scenario,1,Polar Bear WHB,EE,0.4138758,0.368405214961394,"Freeze completed living P,Q,diet,predation,accumulation,migration. Solve EE for SM; detritus accumulation absorbs routed inflow at fixed predation. No new consumption is assumed.",SM,0.18
446_446_Hudson_Bay_(1970),routing_scenario,25,Brackish Fish,catch,2.64076e-08,2.1654232e-08,"Freeze completed living P,Q,diet,predation,accumulation,migration. Solve EE for SM; detritus accumulation absorbs routed inflow at fixed predation. No new consumption is assumed.",SM,0.18
446_446_Hudson_Bay_(1970),routing_scenario,24,Other Marine Fish,catch,6.60189e-08,5.4135498e-08,"Freeze completed living P,Q,diet,predation,accumulation,migration. Solve EE for SM; detritus accumulation absorbs routed inflow at fixed predation. No new consumption is assumed.",SM,0.18
446_446_Hudson_Bay_(1970),routing_scenario,22,Sandlance,catch,3.96113e-08,3.2481266000000004e-08,"Freeze completed living P,Q,diet,predation,accumulation,migration. Solve EE for SM; detritus accumulation absorbs routed inflow at fixed predation. No new consumption is assumed.",SM,0.18
446_446_Hudson_Bay_(1970),routing_scenario,21,Capelin,catch,1.32038e-07,1.0827116000000002e-07,"Freeze completed living P,Q,diet,predation,accumulation,migration. Solve EE for SM; detritus accumulation absorbs routed inflow at fixed predation. No new consumption is assumed.",SM,0.18
446_446_Hudson_Bay_(1970),routing_scenario,20,Sculpins/ Zoarcids,catch,2.64076e-07,2.1654232000000003e-07,"Freeze completed living P,Q,diet,predation,accumulation,migration. Solve EE for SM; detritus accumulation absorbs routed inflow at fixed predation. No new consumption is assumed.",SM,0.18
446_446_Hudson_Bay_(1970),routing_scenario,19,Gadiformes,catch,2.64076e-07,2.1654232000000003e-07,"Freeze completed living P,Q,diet,predation,accumulation,migration. Solve EE for SM; detritus accumulation absorbs routed inflow at fixed predation. No new consumption is assumed.",SM,0.18
446_446_Hudson_Bay_(1970),routing_scenario,18,Atlantic Salmon,catch,1.32038e-08,1.0827116e-08,"Freeze completed living P,Q,diet,predation,accumulation,migration. Solve EE for SM; detritus accumulation absorbs routed inflow at fixed predation. No new consumption is assumed.",SM,0.18
446_446_Hudson_Bay_(1970),routing_scenario,17,Arctic Char,catch,4.62132e-07,3.7894824000000006e-07,"Freeze completed living P,Q,diet,predation,accumulation,migration. Solve EE for SM; detritus accumulation absorbs routed inflow at fixed predation. No new consumption is assumed.",SM,0.18
446_446_Hudson_Bay_(1970),routing_scenario,16,Seabirds,catch,0.000325,0.0002665,"Freeze completed living P,Q,diet,predation,accumulation,migration. Solve EE for SM; detritus accumulation absorbs routed inflow at fixed predation. No new consumption is assumed.",SM,0.18
446_446_Hudson_Bay_(1970),routing_scenario,15,Beluga James,catch,1.4e-05,1.148e-05,"Freeze completed living P,Q,diet,predation,accumulation,migration. Solve EE for SM; detritus accumulation absorbs routed inflow at fixed predation. No new consumption is assumed.",SM,0.18
446_446_Hudson_Bay_(1970),routing_scenario,14,Beluga W,catch,6.05e-05,4.961e-05,"Freeze completed living P,Q,diet,predation,accumulation,migration. Solve EE for SM; detritus accumulation absorbs routed inflow at fixed predation. No new consumption is assumed.",SM,0.18
446_446_Hudson_Bay_(1970),routing_scenario,13,Beluga E,catch,3.3e-05,2.7060000000000005e-05,"Freeze completed living P,Q,diet,predation,accumulation,migration. Solve EE for SM; detritus accumulation absorbs routed inflow at fixed predation. No new consumption is assumed.",SM,0.18
446_446_Hudson_Bay_(1970),routing_scenario,12,Harp seal,catch,1.4e-05,1.148e-05,"Freeze completed living P,Q,diet,predation,accumulation,migration. Solve EE for SM; detritus accumulation absorbs routed inflow at fixed predation. No new consumption is assumed.",SM,0.18
446_446_Hudson_Bay_(1970),routing_scenario,11,Ringed Seal,catch,0.000393,0.00032226000000000005,"Freeze completed living P,Q,diet,predation,accumulation,migration. Solve EE for SM; detritus accumulation absorbs routed inflow at fixed predation. No new consumption is assumed.",SM,0.18
446_446_Hudson_Bay_(1970),routing_scenario,10,Harbour Seal,catch,2e-06,1.64e-06,"Freeze completed living P,Q,diet,predation,accumulation,migration. Solve EE for SM; detritus accumulation absorbs routed inflow at fixed predation. No new consumption is assumed.",SM,0.18
446_446_Hudson_Bay_(1970),routing_scenario,9,Bearded Seal,catch,0.000167,0.00013694,"Freeze completed living P,Q,diet,predation,accumulation,migration. Solve EE for SM; detritus accumulation absorbs routed inflow at fixed predation. No new consumption is assumed.",SM,0.18
446_446_Hudson_Bay_(1970),routing_scenario,8,Walrus S,catch,6e-06,4.92e-06,"Freeze completed living P,Q,diet,predation,accumulation,migration. Solve EE for SM; detritus accumulation absorbs routed inflow at fixed predation. No new consumption is assumed.",SM,0.18
446_446_Hudson_Bay_(1970),routing_scenario,7,Walrus N,catch,8e-05,6.560000000000001e-05,"Freeze completed living P,Q,diet,predation,accumulation,migration. Solve EE for SM; detritus accumulation absorbs routed inflow at fixed predation. No new consumption is assumed.",SM,0.18
446_446_Hudson_Bay_(1970),routing_scenario,6,Bowhead,catch,9e-06,7.3800000000000005e-06,"Freeze completed living P,Q,diet,predation,accumulation,migration. Solve EE for SM; detritus accumulation absorbs routed inflow at fixed predation. No new consumption is assumed.",SM,0.18
446_446_Hudson_Bay_(1970),routing_scenario,5,Narwhal,catch,3.4e-05,2.788e-05,"Freeze completed living P,Q,diet,predation,accumulation,migration. Solve EE for SM; detritus accumulation absorbs routed inflow at fixed predation. No new consumption is assumed.",SM,0.18
446_446_Hudson_Bay_(1970),routing_scenario,4,Killer Whale,catch,1e-06,8.2e-07,"Freeze completed living P,Q,diet,predation,accumulation,migration. Solve EE for SM; detritus accumulation absorbs routed inflow at fixed predation. No new consumption is assumed.",SM,0.18
446_446_Hudson_Bay_(1970),routing_scenario,3,Polar Bear Foxe,catch,5e-06,4.1000000000000006e-06,"Freeze completed living P,Q,diet,predation,accumulation,migration. Solve EE for SM; detritus accumulation absorbs routed inflow at fixed predation. No new consumption is assumed.",SM,0.18
446_446_Hudson_Bay_(1970),routing_scenario,2,SH Polar Bear,catch,2.2e-05,1.804e-05,"Freeze completed living P,Q,diet,predation,accumulation,migration. Solve EE for SM; detritus accumulation absorbs routed inflow at fixed predation. No new consumption is assumed.",SM,0.18
446_446_Hudson_Bay_(1970),routing_scenario,1,Polar Bear WHB,catch,1.5e-05,1.23e-05,"Freeze completed living P,Q,diet,predation,accumulation,migration. Solve EE for SM; detritus accumulation absorbs routed inflow at fixed predation. No new consumption is assumed.",SM,0.18
446_446_Hudson_Bay_(1970),routing_scenario,40,Pelagic Detritus,growth,100.09094139097152,100.09115410913293,"Freeze completed living P,Q,diet,predation,accumulation,migration. Solve EE for SM; detritus accumulation absorbs routed inflow at fixed predation. No new consumption is assumed.",SM,0.18
446_446_Hudson_Bay_(1970),routing_scenario,25,Brackish Fish,catch,2.64076e-08,2.1654232e-08,"Freeze completed living P,Q,diet,predation,accumulation,migration. Solve EE for SM; detritus accumulation absorbs routed inflow at fixed predation. No new consumption is assumed.",SE,0.18
446_446_Hudson_Bay_(1970),routing_scenario,24,Other Marine Fish,catch,6.60189e-08,5.4135498e-08,"Freeze completed living P,Q,diet,predation,accumulation,migration. Solve EE for SM; detritus accumulation absorbs routed inflow at fixed predation. No new consumption is assumed.",SE,0.18
446_446_Hudson_Bay_(1970),routing_scenario,22,Sandlance,catch,3.96113e-08,3.2481266000000004e-08,"Freeze completed living P,Q,diet,predation,accumulation,migration. Solve EE for SM; detritus accumulation absorbs routed inflow at fixed predation. No new consumption is assumed.",SE,0.18
446_446_Hudson_Bay_(1970),routing_scenario,21,Capelin,catch,1.32038e-07,1.0827116000000002e-07,"Freeze completed living P,Q,diet,predation,accumulation,migration. Solve EE for SM; detritus accumulation absorbs routed inflow at fixed predation. No new consumption is assumed.",SE,0.18
446_446_Hudson_Bay_(1970),routing_scenario,20,Sculpins/ Zoarcids,catch,2.64076e-07,2.1654232000000003e-07,"Freeze completed living P,Q,diet,predation,accumulation,migration. Solve EE for SM; detritus accumulation absorbs routed inflow at fixed predation. No new consumption is assumed.",SE,0.18
446_446_Hudson_Bay_(1970),routing_scenario,19,Gadiformes,catch,2.64076e-07,2.1654232000000003e-07,"Freeze completed living P,Q,diet,predation,accumulation,migration. Solve EE for SM; detritus accumulation absorbs routed inflow at fixed predation. No new consumption is assumed.",SE,0.18
446_446_Hudson_Bay_(1970),routing_scenario,18,Atlantic Salmon,catch,1.32038e-08,1.0827116e-08,"Freeze completed living P,Q,diet,predation,accumulation,migration. Solve EE for SM; detritus accumulation absorbs routed inflow at fixed predation. No new consumption is assumed.",SE,0.18
446_446_Hudson_Bay_(1970),routing_scenario,17,Arctic Char,catch,4.62132e-07,3.7894824000000006e-07,"Freeze completed living P,Q,diet,predation,accumulation,migration. Solve EE for SM; detritus accumulation absorbs routed inflow at fixed predation. No new consumption is assumed.",SE,0.18
446_446_Hudson_Bay_(1970),routing_scenario,16,Seabirds,catch,0.000325,0.0002665,"Freeze completed living P,Q,diet,predation,accumulation,migration. Solve EE for SM; detritus accumulation absorbs routed inflow at fixed predation. No new consumption is assumed.",SE,0.18
446_446_Hudson_Bay_(1970),routing_scenario,15,Beluga James,catch,1.4e-05,1.148e-05,"Freeze completed living P,Q,diet,predation,accumulation,migration. Solve EE for SM; detritus accumulation absorbs routed inflow at fixed predation. No new consumption is assumed.",SE,0.18
446_446_Hudson_Bay_(1970),routing_scenario,14,Beluga W,catch,6.05e-05,4.961e-05,"Freeze completed living P,Q,diet,predation,accumulation,migration. Solve EE for SM; detritus accumulation absorbs routed inflow at fixed predation. No new consumption is assumed.",SE,0.18
446_446_Hudson_Bay_(1970),routing_scenario,13,Beluga E,catch,3.3e-05,2.7060000000000005e-05,"Freeze completed living P,Q,diet,predation,accumulation,migration. Solve EE for SM; detritus accumulation absorbs routed inflow at fixed predation. No new consumption is assumed.",SE,0.18
446_446_Hudson_Bay_(1970),routing_scenario,12,Harp seal,catch,1.4e-05,1.148e-05,"Freeze completed living P,Q,diet,predation,accumulation,migration. Solve EE for SM; detritus accumulation absorbs routed inflow at fixed predation. No new consumption is assumed.",SE,0.18
446_446_Hudson_Bay_(1970),routing_scenario,11,Ringed Seal,catch,0.000393,0.00032226000000000005,"Freeze completed living P,Q,diet,predation,accumulation,migration. Solve EE for SM; detritus accumulation absorbs routed inflow at fixed predation. No new consumption is assumed.",SE,0.18
446_446_Hudson_Bay_(1970),routing_scenario,10,Harbour Seal,catch,2e-06,1.64e-06,"Freeze completed living P,Q,diet,predation,accumulation,migration. Solve EE for SM; detritus accumulation absorbs routed inflow at fixed predation. No new consumption is assumed.",SE,0.18
446_446_Hudson_Bay_(1970),routing_scenario,9,Bearded Seal,catch,0.000167,0.00013694,"Freeze completed living P,Q,diet,predation,accumulation,migration. Solve EE for SM; detritus accumulation absorbs routed inflow at fixed predation. No new consumption is assumed.",SE,0.18
446_446_Hudson_Bay_(1970),routing_scenario,8,Walrus S,catch,6e-06,4.92e-06,"Freeze completed living P,Q,diet,predation,accumulation,migration. Solve EE for SM; detritus accumulation absorbs routed inflow at fixed predation. No new consumption is assumed.",SE,0.18
446_446_Hudson_Bay_(1970),routing_scenario,7,Walrus N,catch,8e-05,6.560000000000001e-05,"Freeze completed living P,Q,diet,predation,accumulation,migration. Solve EE for SM; detritus accumulation absorbs routed inflow at fixed predation. No new consumption is assumed.",SE,0.18
446_446_Hudson_Bay_(1970),routing_scenario,6,Bowhead,catch,9e-06,7.3800000000000005e-06,"Freeze completed living P,Q,diet,predation,accumulation,migration. Solve EE for SM; detritus accumulation absorbs routed inflow at fixed predation. No new consumption is assumed.",SE,0.18
446_446_Hudson_Bay_(1970),routing_scenario,5,Narwhal,catch,3.4e-05,2.788e-05,"Freeze completed living P,Q,diet,predation,accumulation,migration. Solve EE for SM; detritus accumulation absorbs routed inflow at fixed predation. No new consumption is assumed.",SE,0.18
446_446_Hudson_Bay_(1970),routing_scenario,4,Killer Whale,catch,1e-06,8.2e-07,"Freeze completed living P,Q,diet,predation,accumulation,migration. Solve EE for SM; detritus accumulation absorbs routed inflow at fixed predation. No new consumption is assumed.",SE,0.18
446_446_Hudson_Bay_(1970),routing_scenario,3,Polar Bear Foxe,catch,5e-06,4.1000000000000006e-06,"Freeze completed living P,Q,diet,predation,accumulation,migration. Solve EE for SM; detritus accumulation absorbs routed inflow at fixed predation. No new consumption is assumed.",SE,0.18
446_446_Hudson_Bay_(1970),routing_scenario,2,SH Polar Bear,catch,2.2e-05,1.804e-05,"Freeze completed living P,Q,diet,predation,accumulation,migration. Solve EE for SM; detritus accumulation absorbs routed inflow at fixed predation. No new consumption is assumed.",SE,0.18
446_446_Hudson_Bay_(1970),routing_scenario,1,Polar Bear WHB,catch,1.5e-05,1.23e-05,"Freeze completed living P,Q,diet,predation,accumulation,migration. Solve EE for SM; detritus accumulation absorbs routed inflow at fixed predation. No new consumption is assumed.",SE,0.18
446_446_Hudson_Bay_(1970),routing_scenario,25,Brackish Fish,external_loss,0.0,4.7533679999999995e-09,"Freeze completed living P,Q,diet,predation,accumulation,migration. Solve EE for SM; detritus accumulation absorbs routed inflow at fixed predation. No new consumption is assumed.",SE,0.18
446_446_Hudson_Bay_(1970),routing_scenario,24,Other Marine Fish,external_loss,0.0,1.1883401999999999e-08,"Freeze completed living P,Q,diet,predation,accumulation,migration. Solve EE for SM; detritus accumulation absorbs routed inflow at fixed predation. No new consumption is assumed.",SE,0.18
446_446_Hudson_Bay_(1970),routing_scenario,22,Sandlance,external_loss,0.0,7.130033999999999e-09,"Freeze completed living P,Q,diet,predation,accumulation,migration. Solve EE for SM; detritus accumulation absorbs routed inflow at fixed predation. No new consumption is assumed.",SE,0.18
446_446_Hudson_Bay_(1970),routing_scenario,21,Capelin,external_loss,0.0,2.376684e-08,"Freeze completed living P,Q,diet,predation,accumulation,migration. Solve EE for SM; detritus accumulation absorbs routed inflow at fixed predation. No new consumption is assumed.",SE,0.18
446_446_Hudson_Bay_(1970),routing_scenario,20,Sculpins/ Zoarcids,external_loss,0.0,4.753368e-08,"Freeze completed living P,Q,diet,predation,accumulation,migration. Solve EE for SM; detritus accumulation absorbs routed inflow at fixed predation. No new consumption is assumed.",SE,0.18
446_446_Hudson_Bay_(1970),routing_scenario,19,Gadiformes,external_loss,0.0,4.753368e-08,"Freeze completed living P,Q,diet,predation,accumulation,migration. Solve EE for SM; detritus accumulation absorbs routed inflow at fixed predation. No new consumption is assumed.",SE,0.18
446_446_Hudson_Bay_(1970),routing_scenario,18,Atlantic Salmon,external_loss,0.0,2.3766839999999997e-09,"Freeze completed living P,Q,diet,predation,accumulation,migration. Solve EE for SM; detritus accumulation absorbs routed inflow at fixed predation. No new consumption is assumed.",SE,0.18
446_446_Hudson_Bay_(1970),routing_scenario,17,Arctic Char,external_loss,0.0,8.318376e-08,"Freeze completed living P,Q,diet,predation,accumulation,migration. Solve EE for SM; detritus accumulation absorbs routed inflow at fixed predation. No new consumption is assumed.",SE,0.18
446_446_Hudson_Bay_(1970),routing_scenario,16,Seabirds,external_loss,0.0,5.849999999999999e-05,"Freeze completed living P,Q,diet,predation,accumulation,migration. Solve EE for SM; detritus accumulation absorbs routed inflow at fixed predation. No new consumption is assumed.",SE,0.18
446_446_Hudson_Bay_(1970),routing_scenario,15,Beluga James,external_loss,0.0,2.52e-06,"Freeze completed living P,Q,diet,predation,accumulation,migration. Solve EE for SM; detritus accumulation absorbs routed inflow at fixed predation. No new consumption is assumed.",SE,0.18
446_446_Hudson_Bay_(1970),routing_scenario,14,Beluga W,external_loss,0.0,1.0889999999999999e-05,"Freeze completed living P,Q,diet,predation,accumulation,migration. Solve EE for SM; detritus accumulation absorbs routed inflow at fixed predation. No new consumption is assumed.",SE,0.18
446_446_Hudson_Bay_(1970),routing_scenario,13,Beluga E,external_loss,0.0,5.94e-06,"Freeze completed living P,Q,diet,predation,accumulation,migration. Solve EE for SM; detritus accumulation absorbs routed inflow at fixed predation. No new consumption is assumed.",SE,0.18
446_446_Hudson_Bay_(1970),routing_scenario,12,Harp seal,external_loss,0.0,2.52e-06,"Freeze completed living P,Q,diet,predation,accumulation,migration. Solve EE for SM; detritus accumulation absorbs routed inflow at fixed predation. No new consumption is assumed.",SE,0.18
446_446_Hudson_Bay_(1970),routing_scenario,11,Ringed Seal,external_loss,0.0,7.074e-05,"Freeze completed living P,Q,diet,predation,accumulation,migration. Solve EE for SM; detritus accumulation absorbs routed inflow at fixed predation. No new consumption is assumed.",SE,0.18
446_446_Hudson_Bay_(1970),routing_scenario,10,Harbour Seal,external_loss,0.0,3.6e-07,"Freeze completed living P,Q,diet,predation,accumulation,migration. Solve EE for SM; detritus accumulation absorbs routed inflow at fixed predation. No new consumption is assumed.",SE,0.18
446_446_Hudson_Bay_(1970),routing_scenario,9,Bearded Seal,external_loss,0.0,3.0059999999999997e-05,"Freeze completed living P,Q,diet,predation,accumulation,migration. Solve EE for SM; detritus accumulation absorbs routed inflow at fixed predation. No new consumption is assumed.",SE,0.18
446_446_Hudson_Bay_(1970),routing_scenario,8,Walrus S,external_loss,0.0,1.08e-06,"Freeze completed living P,Q,diet,predation,accumulation,migration. Solve EE for SM; detritus accumulation absorbs routed inflow at fixed predation. No new consumption is assumed.",SE,0.18
446_446_Hudson_Bay_(1970),routing_scenario,7,Walrus N,external_loss,0.0,1.4400000000000001e-05,"Freeze completed living P,Q,diet,predation,accumulation,migration. Solve EE for SM; detritus accumulation absorbs routed inflow at fixed predation. No new consumption is assumed.",SE,0.18
446_446_Hudson_Bay_(1970),routing_scenario,6,Bowhead,external_loss,0.0,1.62e-06,"Freeze completed living P,Q,diet,predation,accumulation,migration. Solve EE for SM; detritus accumulation absorbs routed inflow at fixed predation. No new consumption is assumed.",SE,0.18
446_446_Hudson_Bay_(1970),routing_scenario,5,Narwhal,external_loss,0.0,6.12e-06,"Freeze completed living P,Q,diet,predation,accumulation,migration. Solve EE for SM; detritus accumulation absorbs routed inflow at fixed predation. No new consumption is assumed.",SE,0.18
446_446_Hudson_Bay_(1970),routing_scenario,4,Killer Whale,external_loss,0.0,1.8e-07,"Freeze completed living P,Q,diet,predation,accumulation,migration. Solve EE for SM; detritus accumulation absorbs routed inflow at fixed predation. No new consumption is assumed.",SE,0.18
446_446_Hudson_Bay_(1970),routing_scenario,3,Polar Bear Foxe,external_loss,0.0,9.000000000000001e-07,"Freeze completed living P,Q,diet,predation,accumulation,migration. Solve EE for SM; detritus accumulation absorbs routed inflow at fixed predation. No new consumption is assumed.",SE,0.18
446_446_Hudson_Bay_(1970),routing_scenario,2,SH Polar Bear,external_loss,0.0,3.959999999999999e-06,"Freeze completed living P,Q,diet,predation,accumulation,migration. Solve EE for SM; detritus accumulation absorbs routed inflow at fixed predation. No new consumption is assumed.",SE,0.18
446_446_Hudson_Bay_(1970),routing_scenario,1,Polar Bear WHB,external_loss,0.0,2.7e-06,"Freeze completed living P,Q,diet,predation,accumulation,migration. Solve EE for SM; detritus accumulation absorbs routed inflow at fixed predation. No new consumption is assumed.",SE,0.18
446_446_Hudson_Bay_(1970),routing_scenario,40,Pelagic Detritus,p,128.24910803428477,128.24933257012185,"Freeze completed living P,Q,diet,predation,accumulation,migration. Solve EE for SM; detritus accumulation absorbs routed inflow at fixed predation. No new consumption is assumed.",SM,0.19
446_446_Hudson_Bay_(1970),routing_scenario,40,Pelagic Detritus,q,128.24910803428477,128.24933257012185,"Freeze completed living P,Q,diet,predation,accumulation,migration. Solve EE for SM; detritus accumulation absorbs routed inflow at fixed predation. No new consumption is assumed.",SM,0.19
446_446_Hudson_Bay_(1970),routing_scenario,25,Brackish Fish,M0,0.0025425355725000025,0.0025425405899440028,"Freeze completed living P,Q,diet,predation,accumulation,migration. Solve EE for SM; detritus accumulation absorbs routed inflow at fixed predation. No new consumption is assumed.",SM,0.19
446_446_Hudson_Bay_(1970),routing_scenario,24,Other Marine Fish,M0,0.011930946740000012,0.011930959283591011,"Freeze completed living P,Q,diet,predation,accumulation,migration. Solve EE for SM; detritus accumulation absorbs routed inflow at fixed predation. No new consumption is assumed.",SM,0.19
446_446_Hudson_Bay_(1970),routing_scenario,22,Sandlance,M0,0.021766202280000018,0.02176620980614702,"Freeze completed living P,Q,diet,predation,accumulation,migration. Solve EE for SM; detritus accumulation absorbs routed inflow at fixed predation. No new consumption is assumed.",SM,0.19
446_446_Hudson_Bay_(1970),routing_scenario,21,Capelin,M0,0.025841266500000022,0.02584129158722002,"Freeze completed living P,Q,diet,predation,accumulation,migration. Solve EE for SM; detritus accumulation absorbs routed inflow at fixed predation. No new consumption is assumed.",SM,0.19
446_446_Hudson_Bay_(1970),routing_scenario,20,Sculpins/ Zoarcids,M0,0.008667478715000008,0.008667528889440008,"Freeze completed living P,Q,diet,predation,accumulation,migration. Solve EE for SM; detritus accumulation absorbs routed inflow at fixed predation. No new consumption is assumed.",SM,0.19
446_446_Hudson_Bay_(1970),routing_scenario,19,Gadiformes,M0,0.016022631350000014,0.016022681524440013,"Freeze completed living P,Q,diet,predation,accumulation,migration. Solve EE for SM; detritus accumulation absorbs routed inflow at fixed predation. No new consumption is assumed.",SM,0.19
446_446_Hudson_Bay_(1970),routing_scenario,18,Atlantic Salmon,M0,0.0013343262400000013,0.0013343287487220014,"Freeze completed living P,Q,diet,predation,accumulation,migration. Solve EE for SM; detritus accumulation absorbs routed inflow at fixed predation. No new consumption is assumed.",SM,0.19
446_446_Hudson_Bay_(1970),routing_scenario,17,Arctic Char,M0,0.0017951153200000017,0.0017952031250800017,"Freeze completed living P,Q,diet,predation,accumulation,migration. Solve EE for SM; detritus accumulation absorbs routed inflow at fixed predation. No new consumption is assumed.",SM,0.19
446_446_Hudson_Bay_(1970),routing_scenario,16,Seabirds,M0,0.021714263038000003,0.021776013038000003,"Freeze completed living P,Q,diet,predation,accumulation,migration. Solve EE for SM; detritus accumulation absorbs routed inflow at fixed predation. No new consumption is assumed.",SM,0.19
446_446_Hudson_Bay_(1970),routing_scenario,15,Beluga James,M0,5.5673137044634417e-05,5.8333137044634415e-05,"Freeze completed living P,Q,diet,predation,accumulation,migration. Solve EE for SM; detritus accumulation absorbs routed inflow at fixed predation. No new consumption is assumed.",SM,0.19
446_446_Hudson_Bay_(1970),routing_scenario,14,Beluga W,M0,0.0013602991127677291,0.0013717941127677291,"Freeze completed living P,Q,diet,predation,accumulation,migration. Solve EE for SM; detritus accumulation absorbs routed inflow at fixed predation. No new consumption is assumed.",SM,0.19
446_446_Hudson_Bay_(1970),routing_scenario,13,Beluga E,M0,9.807396405385151e-05,0.00010434396405385152,"Freeze completed living P,Q,diet,predation,accumulation,migration. Solve EE for SM; detritus accumulation absorbs routed inflow at fixed predation. No new consumption is assumed.",SM,0.19
446_446_Hudson_Bay_(1970),routing_scenario,12,Harp seal,M0,3.9123524670240005e-05,4.178352467024e-05,"Freeze completed living P,Q,diet,predation,accumulation,migration. Solve EE for SM; detritus accumulation absorbs routed inflow at fixed predation. No new consumption is assumed.",SM,0.19
446_446_Hudson_Bay_(1970),routing_scenario,11,Ringed Seal,M0,0.004359851707524983,0.0044345217075249825,"Freeze completed living P,Q,diet,predation,accumulation,migration. Solve EE for SM; detritus accumulation absorbs routed inflow at fixed predation. No new consumption is assumed.",SM,0.19
446_446_Hudson_Bay_(1970),routing_scenario,10,Harbour Seal,M0,0.00012099825122750879,0.0001213782512275088,"Freeze completed living P,Q,diet,predation,accumulation,migration. Solve EE for SM; detritus accumulation absorbs routed inflow at fixed predation. No new consumption is assumed.",SM,0.19
446_446_Hudson_Bay_(1970),routing_scenario,9,Bearded Seal,M0,0.00013606373638765757,0.00016779373638765757,"Freeze completed living P,Q,diet,predation,accumulation,migration. Solve EE for SM; detritus accumulation absorbs routed inflow at fixed predation. No new consumption is assumed.",SM,0.19
446_446_Hudson_Bay_(1970),routing_scenario,8,Walrus S,M0,8.217029462185597e-05,8.331029462185598e-05,"Freeze completed living P,Q,diet,predation,accumulation,migration. Solve EE for SM; detritus accumulation absorbs routed inflow at fixed predation. No new consumption is assumed.",SM,0.19
446_446_Hudson_Bay_(1970),routing_scenario,7,Walrus N,M0,0.0003819925835737691,0.0003971925835737691,"Freeze completed living P,Q,diet,predation,accumulation,migration. Solve EE for SM; detritus accumulation absorbs routed inflow at fixed predation. No new consumption is assumed.",SM,0.19
446_446_Hudson_Bay_(1970),routing_scenario,6,Bowhead,M0,0.00021741439634646387,0.00021912439634646388,"Freeze completed living P,Q,diet,predation,accumulation,migration. Solve EE for SM; detritus accumulation absorbs routed inflow at fixed predation. No new consumption is assumed.",SM,0.19
446_446_Hudson_Bay_(1970),routing_scenario,5,Narwhal,M0,0.00011868823016079942,0.0001251482301607994,"Freeze completed living P,Q,diet,predation,accumulation,migration. Solve EE for SM; detritus accumulation absorbs routed inflow at fixed predation. No new consumption is assumed.",SM,0.19
446_446_Hudson_Bay_(1970),routing_scenario,4,Killer Whale,M0,2.76981004599574e-06,2.9598100459957397e-06,"Freeze completed living P,Q,diet,predation,accumulation,migration. Solve EE for SM; detritus accumulation absorbs routed inflow at fixed predation. No new consumption is assumed.",SM,0.19
446_446_Hudson_Bay_(1970),routing_scenario,3,Polar Bear Foxe,M0,1.611317803944726e-05,1.706317803944726e-05,"Freeze completed living P,Q,diet,predation,accumulation,migration. Solve EE for SM; detritus accumulation absorbs routed inflow at fixed predation. No new consumption is assumed.",SM,0.19
446_446_Hudson_Bay_(1970),routing_scenario,2,SH Polar Bear,M0,2.9258219105026142e-05,3.343821910502614e-05,"Freeze completed living P,Q,diet,predation,accumulation,migration. Solve EE for SM; detritus accumulation absorbs routed inflow at fixed predation. No new consumption is assumed.",SM,0.19
446_446_Hudson_Bay_(1970),routing_scenario,1,Polar Bear WHB,M0,3.4803496340686466e-05,3.765349634068647e-05,"Freeze completed living P,Q,diet,predation,accumulation,migration. Solve EE for SM; detritus accumulation absorbs routed inflow at fixed predation. No new consumption is assumed.",SM,0.19
446_446_Hudson_Bay_(1970),routing_scenario,25,Brackish Fish,EE,0.95,0.9499999013299154,"Freeze completed living P,Q,diet,predation,accumulation,migration. Solve EE for SM; detritus accumulation absorbs routed inflow at fixed predation. No new consumption is assumed.",SM,0.19
446_446_Hudson_Bay_(1970),routing_scenario,24,Other Marine Fish,EE,0.95,0.9499999474325412,"Freeze completed living P,Q,diet,predation,accumulation,migration. Solve EE for SM; detritus accumulation absorbs routed inflow at fixed predation. No new consumption is assumed.",SM,0.19
446_446_Hudson_Bay_(1970),routing_scenario,22,Sandlance,EE,0.95,0.9499999827113914,"Freeze completed living P,Q,diet,predation,accumulation,migration. Solve EE for SM; detritus accumulation absorbs routed inflow at fixed predation. No new consumption is assumed.",SM,0.19
446_446_Hudson_Bay_(1970),routing_scenario,21,Capelin,EE,0.95,0.9499999514589967,"Freeze completed living P,Q,diet,predation,accumulation,migration. Solve EE for SM; detritus accumulation absorbs routed inflow at fixed predation. No new consumption is assumed.",SM,0.19
446_446_Hudson_Bay_(1970),routing_scenario,20,Sculpins/ Zoarcids,EE,0.95,0.9499997105591969,"Freeze completed living P,Q,diet,predation,accumulation,migration. Solve EE for SM; detritus accumulation absorbs routed inflow at fixed predation. No new consumption is assumed.",SM,0.19
446_446_Hudson_Bay_(1970),routing_scenario,19,Gadiformes,EE,0.95,0.949999843426342,"Freeze completed living P,Q,diet,predation,accumulation,migration. Solve EE for SM; detritus accumulation absorbs routed inflow at fixed predation. No new consumption is assumed.",SM,0.19
446_446_Hudson_Bay_(1970),routing_scenario,18,Atlantic Salmon,EE,0.95,0.9499999059929302,"Freeze completed living P,Q,diet,predation,accumulation,migration. Solve EE for SM; detritus accumulation absorbs routed inflow at fixed predation. No new consumption is assumed.",SM,0.19
446_446_Hudson_Bay_(1970),routing_scenario,17,Arctic Char,EE,0.95,0.9499975543331667,"Freeze completed living P,Q,diet,predation,accumulation,migration. Solve EE for SM; detritus accumulation absorbs routed inflow at fixed predation. No new consumption is assumed.",SM,0.19
446_446_Hudson_Bay_(1970),routing_scenario,16,Seabirds,EE,0.09712003999999996,0.09455247243243237,"Freeze completed living P,Q,diet,predation,accumulation,migration. Solve EE for SM; detritus accumulation absorbs routed inflow at fixed predation. No new consumption is assumed.",SM,0.19
446_446_Hudson_Bay_(1970),routing_scenario,15,Beluga James,EE,0.5643347,0.5435191009603606,"Freeze completed living P,Q,diet,predation,accumulation,migration. Solve EE for SM; detritus accumulation absorbs routed inflow at fixed predation. No new consumption is assumed.",SM,0.19
446_446_Hudson_Bay_(1970),routing_scenario,14,Beluga W,EE,0.13272054499999997,0.12539173235750622,"Freeze completed living P,Q,diet,predation,accumulation,migration. Solve EE for SM; detritus accumulation absorbs routed inflow at fixed predation. No new consumption is assumed.",SM,0.19
446_446_Hudson_Bay_(1970),routing_scenario,13,Beluga E,EE,0.28052579999999994,0.23452884986629263,"Freeze completed living P,Q,diet,predation,accumulation,migration. Solve EE for SM; detritus accumulation absorbs routed inflow at fixed predation. No new consumption is assumed.",SM,0.19
446_446_Hudson_Bay_(1970),routing_scenario,12,Harp seal,EE,0.6883504,0.6671614109457857,"Freeze completed living P,Q,diet,predation,accumulation,migration. Solve EE for SM; detritus accumulation absorbs routed inflow at fixed predation. No new consumption is assumed.",SM,0.19
446_446_Hudson_Bay_(1970),routing_scenario,11,Ringed Seal,EE,0.412556618,0.4024956342151086,"Freeze completed living P,Q,diet,predation,accumulation,migration. Solve EE for SM; detritus accumulation absorbs routed inflow at fixed predation. No new consumption is assumed.",SM,0.19
446_446_Hudson_Bay_(1970),routing_scenario,10,Harbour Seal,EE,0.07364795999999996,0.07073871319991087,"Freeze completed living P,Q,diet,predation,accumulation,migration. Solve EE for SM; detritus accumulation absorbs routed inflow at fixed predation. No new consumption is assumed.",SM,0.19
446_446_Hudson_Bay_(1970),routing_scenario,9,Bearded Seal,EE,0.791283369,0.7426107477898806,"Freeze completed living P,Q,diet,predation,accumulation,migration. Solve EE for SM; detritus accumulation absorbs routed inflow at fixed predation. No new consumption is assumed.",SM,0.19
446_446_Hudson_Bay_(1970),routing_scenario,8,Walrus S,EE,0.143246785,0.13136051065238163,"Freeze completed living P,Q,diet,predation,accumulation,migration. Solve EE for SM; detritus accumulation absorbs routed inflow at fixed predation. No new consumption is assumed.",SM,0.19
446_446_Hudson_Bay_(1970),routing_scenario,7,Walrus N,EE,0.18816389099999997,0.155859837498875,"Freeze completed living P,Q,diet,predation,accumulation,migration. Solve EE for SM; detritus accumulation absorbs routed inflow at fixed predation. No new consumption is assumed.",SM,0.19
446_446_Hudson_Bay_(1970),routing_scenario,6,Bowhead,EE,0.052819170000000026,0.045369436925659645,"Freeze completed living P,Q,diet,predation,accumulation,migration. Solve EE for SM; detritus accumulation absorbs routed inflow at fixed predation. No new consumption is assumed.",SM,0.19
446_446_Hudson_Bay_(1970),routing_scenario,5,Narwhal,EE,0.2706202,0.23092128881380714,"Freeze completed living P,Q,diet,predation,accumulation,migration. Solve EE for SM; detritus accumulation absorbs routed inflow at fixed predation. No new consumption is assumed.",SM,0.19
446_446_Hudson_Bay_(1970),routing_scenario,4,Killer Whale,EE,0.26526534600000007,0.21486492794179557,"Freeze completed living P,Q,diet,predation,accumulation,migration. Solve EE for SM; detritus accumulation absorbs routed inflow at fixed predation. No new consumption is assumed.",SM,0.19
446_446_Hudson_Bay_(1970),routing_scenario,3,Polar Bear Foxe,EE,0.3027038569999999,0.2615927034939518,"Freeze completed living P,Q,diet,predation,accumulation,migration. Solve EE for SM; detritus accumulation absorbs routed inflow at fixed predation. No new consumption is assumed.",SM,0.19
446_446_Hudson_Bay_(1970),routing_scenario,2,SH Polar Bear,EE,0.5060891,0.43552610521931834,"Freeze completed living P,Q,diet,predation,accumulation,migration. Solve EE for SM; detritus accumulation absorbs routed inflow at fixed predation. No new consumption is assumed.",SM,0.19
446_446_Hudson_Bay_(1970),routing_scenario,1,Polar Bear WHB,EE,0.4138758,0.365879071348138,"Freeze completed living P,Q,diet,predation,accumulation,migration. Solve EE for SM; detritus accumulation absorbs routed inflow at fixed predation. No new consumption is assumed.",SM,0.19
446_446_Hudson_Bay_(1970),routing_scenario,25,Brackish Fish,catch,2.64076e-08,2.1390156000000002e-08,"Freeze completed living P,Q,diet,predation,accumulation,migration. Solve EE for SM; detritus accumulation absorbs routed inflow at fixed predation. No new consumption is assumed.",SM,0.19
446_446_Hudson_Bay_(1970),routing_scenario,24,Other Marine Fish,catch,6.60189e-08,5.3475309e-08,"Freeze completed living P,Q,diet,predation,accumulation,migration. Solve EE for SM; detritus accumulation absorbs routed inflow at fixed predation. No new consumption is assumed.",SM,0.19
446_446_Hudson_Bay_(1970),routing_scenario,22,Sandlance,catch,3.96113e-08,3.2085153000000005e-08,"Freeze completed living P,Q,diet,predation,accumulation,migration. Solve EE for SM; detritus accumulation absorbs routed inflow at fixed predation. No new consumption is assumed.",SM,0.19
446_446_Hudson_Bay_(1970),routing_scenario,21,Capelin,catch,1.32038e-07,1.0695078000000001e-07,"Freeze completed living P,Q,diet,predation,accumulation,migration. Solve EE for SM; detritus accumulation absorbs routed inflow at fixed predation. No new consumption is assumed.",SM,0.19
446_446_Hudson_Bay_(1970),routing_scenario,20,Sculpins/ Zoarcids,catch,2.64076e-07,2.1390156000000002e-07,"Freeze completed living P,Q,diet,predation,accumulation,migration. Solve EE for SM; detritus accumulation absorbs routed inflow at fixed predation. No new consumption is assumed.",SM,0.19
446_446_Hudson_Bay_(1970),routing_scenario,19,Gadiformes,catch,2.64076e-07,2.1390156000000002e-07,"Freeze completed living P,Q,diet,predation,accumulation,migration. Solve EE for SM; detritus accumulation absorbs routed inflow at fixed predation. No new consumption is assumed.",SM,0.19
446_446_Hudson_Bay_(1970),routing_scenario,18,Atlantic Salmon,catch,1.32038e-08,1.0695078000000001e-08,"Freeze completed living P,Q,diet,predation,accumulation,migration. Solve EE for SM; detritus accumulation absorbs routed inflow at fixed predation. No new consumption is assumed.",SM,0.19
446_446_Hudson_Bay_(1970),routing_scenario,17,Arctic Char,catch,4.62132e-07,3.7432692000000004e-07,"Freeze completed living P,Q,diet,predation,accumulation,migration. Solve EE for SM; detritus accumulation absorbs routed inflow at fixed predation. No new consumption is assumed.",SM,0.19
446_446_Hudson_Bay_(1970),routing_scenario,16,Seabirds,catch,0.000325,0.00026325000000000003,"Freeze completed living P,Q,diet,predation,accumulation,migration. Solve EE for SM; detritus accumulation absorbs routed inflow at fixed predation. No new consumption is assumed.",SM,0.19
446_446_Hudson_Bay_(1970),routing_scenario,15,Beluga James,catch,1.4e-05,1.134e-05,"Freeze completed living P,Q,diet,predation,accumulation,migration. Solve EE for SM; detritus accumulation absorbs routed inflow at fixed predation. No new consumption is assumed.",SM,0.19
446_446_Hudson_Bay_(1970),routing_scenario,14,Beluga W,catch,6.05e-05,4.9005e-05,"Freeze completed living P,Q,diet,predation,accumulation,migration. Solve EE for SM; detritus accumulation absorbs routed inflow at fixed predation. No new consumption is assumed.",SM,0.19
446_446_Hudson_Bay_(1970),routing_scenario,13,Beluga E,catch,3.3e-05,2.6730000000000003e-05,"Freeze completed living P,Q,diet,predation,accumulation,migration. Solve EE for SM; detritus accumulation absorbs routed inflow at fixed predation. No new consumption is assumed.",SM,0.19
446_446_Hudson_Bay_(1970),routing_scenario,12,Harp seal,catch,1.4e-05,1.134e-05,"Freeze completed living P,Q,diet,predation,accumulation,migration. Solve EE for SM; detritus accumulation absorbs routed inflow at fixed predation. No new consumption is assumed.",SM,0.19
446_446_Hudson_Bay_(1970),routing_scenario,11,Ringed Seal,catch,0.000393,0.00031833,"Freeze completed living P,Q,diet,predation,accumulation,migration. Solve EE for SM; detritus accumulation absorbs routed inflow at fixed predation. No new consumption is assumed.",SM,0.19
446_446_Hudson_Bay_(1970),routing_scenario,10,Harbour Seal,catch,2e-06,1.62e-06,"Freeze completed living P,Q,diet,predation,accumulation,migration. Solve EE for SM; detritus accumulation absorbs routed inflow at fixed predation. No new consumption is assumed.",SM,0.19
446_446_Hudson_Bay_(1970),routing_scenario,9,Bearded Seal,catch,0.000167,0.00013527,"Freeze completed living P,Q,diet,predation,accumulation,migration. Solve EE for SM; detritus accumulation absorbs routed inflow at fixed predation. No new consumption is assumed.",SM,0.19
446_446_Hudson_Bay_(1970),routing_scenario,8,Walrus S,catch,6e-06,4.86e-06,"Freeze completed living P,Q,diet,predation,accumulation,migration. Solve EE for SM; detritus accumulation absorbs routed inflow at fixed predation. No new consumption is assumed.",SM,0.19
446_446_Hudson_Bay_(1970),routing_scenario,7,Walrus N,catch,8e-05,6.48e-05,"Freeze completed living P,Q,diet,predation,accumulation,migration. Solve EE for SM; detritus accumulation absorbs routed inflow at fixed predation. No new consumption is assumed.",SM,0.19
446_446_Hudson_Bay_(1970),routing_scenario,6,Bowhead,catch,9e-06,7.2900000000000005e-06,"Freeze completed living P,Q,diet,predation,accumulation,migration. Solve EE for SM; detritus accumulation absorbs routed inflow at fixed predation. No new consumption is assumed.",SM,0.19
446_446_Hudson_Bay_(1970),routing_scenario,5,Narwhal,catch,3.4e-05,2.754e-05,"Freeze completed living P,Q,diet,predation,accumulation,migration. Solve EE for SM; detritus accumulation absorbs routed inflow at fixed predation. No new consumption is assumed.",SM,0.19
446_446_Hudson_Bay_(1970),routing_scenario,4,Killer Whale,catch,1e-06,8.1e-07,"Freeze completed living P,Q,diet,predation,accumulation,migration. Solve EE for SM; detritus accumulation absorbs routed inflow at fixed predation. No new consumption is assumed.",SM,0.19
446_446_Hudson_Bay_(1970),routing_scenario,3,Polar Bear Foxe,catch,5e-06,4.05e-06,"Freeze completed living P,Q,diet,predation,accumulation,migration. Solve EE for SM; detritus accumulation absorbs routed inflow at fixed predation. No new consumption is assumed.",SM,0.19
446_446_Hudson_Bay_(1970),routing_scenario,2,SH Polar Bear,catch,2.2e-05,1.7820000000000002e-05,"Freeze completed living P,Q,diet,predation,accumulation,migration. Solve EE for SM; detritus accumulation absorbs routed inflow at fixed predation. No new consumption is assumed.",SM,0.19
446_446_Hudson_Bay_(1970),routing_scenario,1,Polar Bear WHB,catch,1.5e-05,1.215e-05,"Freeze completed living P,Q,diet,predation,accumulation,migration. Solve EE for SM; detritus accumulation absorbs routed inflow at fixed predation. No new consumption is assumed.",SM,0.19
446_446_Hudson_Bay_(1970),routing_scenario,40,Pelagic Detritus,growth,100.09094139097152,100.0911659268086,"Freeze completed living P,Q,diet,predation,accumulation,migration. Solve EE for SM; detritus accumulation absorbs routed inflow at fixed predation. No new consumption is assumed.",SM,0.19
446_446_Hudson_Bay_(1970),routing_scenario,25,Brackish Fish,catch,2.64076e-08,2.1390156000000002e-08,"Freeze completed living P,Q,diet,predation,accumulation,migration. Solve EE for SM; detritus accumulation absorbs routed inflow at fixed predation. No new consumption is assumed.",SE,0.19
446_446_Hudson_Bay_(1970),routing_scenario,24,Other Marine Fish,catch,6.60189e-08,5.3475309e-08,"Freeze completed living P,Q,diet,predation,accumulation,migration. Solve EE for SM; detritus accumulation absorbs routed inflow at fixed predation. No new consumption is assumed.",SE,0.19
446_446_Hudson_Bay_(1970),routing_scenario,22,Sandlance,catch,3.96113e-08,3.2085153000000005e-08,"Freeze completed living P,Q,diet,predation,accumulation,migration. Solve EE for SM; detritus accumulation absorbs routed inflow at fixed predation. No new consumption is assumed.",SE,0.19
446_446_Hudson_Bay_(1970),routing_scenario,21,Capelin,catch,1.32038e-07,1.0695078000000001e-07,"Freeze completed living P,Q,diet,predation,accumulation,migration. Solve EE for SM; detritus accumulation absorbs routed inflow at fixed predation. No new consumption is assumed.",SE,0.19
446_446_Hudson_Bay_(1970),routing_scenario,20,Sculpins/ Zoarcids,catch,2.64076e-07,2.1390156000000002e-07,"Freeze completed living P,Q,diet,predation,accumulation,migration. Solve EE for SM; detritus accumulation absorbs routed inflow at fixed predation. No new consumption is assumed.",SE,0.19
446_446_Hudson_Bay_(1970),routing_scenario,19,Gadiformes,catch,2.64076e-07,2.1390156000000002e-07,"Freeze completed living P,Q,diet,predation,accumulation,migration. Solve EE for SM; detritus accumulation absorbs routed inflow at fixed predation. No new consumption is assumed.",SE,0.19
446_446_Hudson_Bay_(1970),routing_scenario,18,Atlantic Salmon,catch,1.32038e-08,1.0695078000000001e-08,"Freeze completed living P,Q,diet,predation,accumulation,migration. Solve EE for SM; detritus accumulation absorbs routed inflow at fixed predation. No new consumption is assumed.",SE,0.19
446_446_Hudson_Bay_(1970),routing_scenario,17,Arctic Char,catch,4.62132e-07,3.7432692000000004e-07,"Freeze completed living P,Q,diet,predation,accumulation,migration. Solve EE for SM; detritus accumulation absorbs routed inflow at fixed predation. No new consumption is assumed.",SE,0.19
446_446_Hudson_Bay_(1970),routing_scenario,16,Seabirds,catch,0.000325,0.00026325000000000003,"Freeze completed living P,Q,diet,predation,accumulation,migration. Solve EE for SM; detritus accumulation absorbs routed inflow at fixed predation. No new consumption is assumed.",SE,0.19
446_446_Hudson_Bay_(1970),routing_scenario,15,Beluga James,catch,1.4e-05,1.134e-05,"Freeze completed living P,Q,diet,predation,accumulation,migration. Solve EE for SM; detritus accumulation absorbs routed inflow at fixed predation. No new consumption is assumed.",SE,0.19
446_446_Hudson_Bay_(1970),routing_scenario,14,Beluga W,catch,6.05e-05,4.9005e-05,"Freeze completed living P,Q,diet,predation,accumulation,migration. Solve EE for SM; detritus accumulation absorbs routed inflow at fixed predation. No new consumption is assumed.",SE,0.19
446_446_Hudson_Bay_(1970),routing_scenario,13,Beluga E,catch,3.3e-05,2.6730000000000003e-05,"Freeze completed living P,Q,diet,predation,accumulation,migration. Solve EE for SM; detritus accumulation absorbs routed inflow at fixed predation. No new consumption is assumed.",SE,0.19
446_446_Hudson_Bay_(1970),routing_scenario,12,Harp seal,catch,1.4e-05,1.134e-05,"Freeze completed living P,Q,diet,predation,accumulation,migration. Solve EE for SM; detritus accumulation absorbs routed inflow at fixed predation. No new consumption is assumed.",SE,0.19
446_446_Hudson_Bay_(1970),routing_scenario,11,Ringed Seal,catch,0.000393,0.00031833,"Freeze completed living P,Q,diet,predation,accumulation,migration. Solve EE for SM; detritus accumulation absorbs routed inflow at fixed predation. No new consumption is assumed.",SE,0.19
446_446_Hudson_Bay_(1970),routing_scenario,10,Harbour Seal,catch,2e-06,1.62e-06,"Freeze completed living P,Q,diet,predation,accumulation,migration. Solve EE for SM; detritus accumulation absorbs routed inflow at fixed predation. No new consumption is assumed.",SE,0.19
446_446_Hudson_Bay_(1970),routing_scenario,9,Bearded Seal,catch,0.000167,0.00013527,"Freeze completed living P,Q,diet,predation,accumulation,migration. Solve EE for SM; detritus accumulation absorbs routed inflow at fixed predation. No new consumption is assumed.",SE,0.19
446_446_Hudson_Bay_(1970),routing_scenario,8,Walrus S,catch,6e-06,4.86e-06,"Freeze completed living P,Q,diet,predation,accumulation,migration. Solve EE for SM; detritus accumulation absorbs routed inflow at fixed predation. No new consumption is assumed.",SE,0.19
446_446_Hudson_Bay_(1970),routing_scenario,7,Walrus N,catch,8e-05,6.48e-05,"Freeze completed living P,Q,diet,predation,accumulation,migration. Solve EE for SM; detritus accumulation absorbs routed inflow at fixed predation. No new consumption is assumed.",SE,0.19
446_446_Hudson_Bay_(1970),routing_scenario,6,Bowhead,catch,9e-06,7.2900000000000005e-06,"Freeze completed living P,Q,diet,predation,accumulation,migration. Solve EE for SM; detritus accumulation absorbs routed inflow at fixed predation. No new consumption is assumed.",SE,0.19
446_446_Hudson_Bay_(1970),routing_scenario,5,Narwhal,catch,3.4e-05,2.754e-05,"Freeze completed living P,Q,diet,predation,accumulation,migration. Solve EE for SM; detritus accumulation absorbs routed inflow at fixed predation. No new consumption is assumed.",SE,0.19
446_446_Hudson_Bay_(1970),routing_scenario,4,Killer Whale,catch,1e-06,8.1e-07,"Freeze completed living P,Q,diet,predation,accumulation,migration. Solve EE for SM; detritus accumulation absorbs routed inflow at fixed predation. No new consumption is assumed.",SE,0.19
446_446_Hudson_Bay_(1970),routing_scenario,3,Polar Bear Foxe,catch,5e-06,4.05e-06,"Freeze completed living P,Q,diet,predation,accumulation,migration. Solve EE for SM; detritus accumulation absorbs routed inflow at fixed predation. No new consumption is assumed.",SE,0.19
446_446_Hudson_Bay_(1970),routing_scenario,2,SH Polar Bear,catch,2.2e-05,1.7820000000000002e-05,"Freeze completed living P,Q,diet,predation,accumulation,migration. Solve EE for SM; detritus accumulation absorbs routed inflow at fixed predation. No new consumption is assumed.",SE,0.19
446_446_Hudson_Bay_(1970),routing_scenario,1,Polar Bear WHB,catch,1.5e-05,1.215e-05,"Freeze completed living P,Q,diet,predation,accumulation,migration. Solve EE for SM; detritus accumulation absorbs routed inflow at fixed predation. No new consumption is assumed.",SE,0.19
446_446_Hudson_Bay_(1970),routing_scenario,25,Brackish Fish,external_loss,0.0,5.017444e-09,"Freeze completed living P,Q,diet,predation,accumulation,migration. Solve EE for SM; detritus accumulation absorbs routed inflow at fixed predation. No new consumption is assumed.",SE,0.19
446_446_Hudson_Bay_(1970),routing_scenario,24,Other Marine Fish,external_loss,0.0,1.2543591e-08,"Freeze completed living P,Q,diet,predation,accumulation,migration. Solve EE for SM; detritus accumulation absorbs routed inflow at fixed predation. No new consumption is assumed.",SE,0.19
446_446_Hudson_Bay_(1970),routing_scenario,22,Sandlance,external_loss,0.0,7.526147e-09,"Freeze completed living P,Q,diet,predation,accumulation,migration. Solve EE for SM; detritus accumulation absorbs routed inflow at fixed predation. No new consumption is assumed.",SE,0.19
446_446_Hudson_Bay_(1970),routing_scenario,21,Capelin,external_loss,0.0,2.5087220000000002e-08,"Freeze completed living P,Q,diet,predation,accumulation,migration. Solve EE for SM; detritus accumulation absorbs routed inflow at fixed predation. No new consumption is assumed.",SE,0.19
446_446_Hudson_Bay_(1970),routing_scenario,20,Sculpins/ Zoarcids,external_loss,0.0,5.0174440000000004e-08,"Freeze completed living P,Q,diet,predation,accumulation,migration. Solve EE for SM; detritus accumulation absorbs routed inflow at fixed predation. No new consumption is assumed.",SE,0.19
446_446_Hudson_Bay_(1970),routing_scenario,19,Gadiformes,external_loss,0.0,5.0174440000000004e-08,"Freeze completed living P,Q,diet,predation,accumulation,migration. Solve EE for SM; detritus accumulation absorbs routed inflow at fixed predation. No new consumption is assumed.",SE,0.19
446_446_Hudson_Bay_(1970),routing_scenario,18,Atlantic Salmon,external_loss,0.0,2.508722e-09,"Freeze completed living P,Q,diet,predation,accumulation,migration. Solve EE for SM; detritus accumulation absorbs routed inflow at fixed predation. No new consumption is assumed.",SE,0.19
446_446_Hudson_Bay_(1970),routing_scenario,17,Arctic Char,external_loss,0.0,8.780508000000001e-08,"Freeze completed living P,Q,diet,predation,accumulation,migration. Solve EE for SM; detritus accumulation absorbs routed inflow at fixed predation. No new consumption is assumed.",SE,0.19
446_446_Hudson_Bay_(1970),routing_scenario,16,Seabirds,external_loss,0.0,6.175e-05,"Freeze completed living P,Q,diet,predation,accumulation,migration. Solve EE for SM; detritus accumulation absorbs routed inflow at fixed predation. No new consumption is assumed.",SE,0.19
446_446_Hudson_Bay_(1970),routing_scenario,15,Beluga James,external_loss,0.0,2.66e-06,"Freeze completed living P,Q,diet,predation,accumulation,migration. Solve EE for SM; detritus accumulation absorbs routed inflow at fixed predation. No new consumption is assumed.",SE,0.19
446_446_Hudson_Bay_(1970),routing_scenario,14,Beluga W,external_loss,0.0,1.1495000000000001e-05,"Freeze completed living P,Q,diet,predation,accumulation,migration. Solve EE for SM; detritus accumulation absorbs routed inflow at fixed predation. No new consumption is assumed.",SE,0.19
446_446_Hudson_Bay_(1970),routing_scenario,13,Beluga E,external_loss,0.0,6.270000000000001e-06,"Freeze completed living P,Q,diet,predation,accumulation,migration. Solve EE for SM; detritus accumulation absorbs routed inflow at fixed predation. No new consumption is assumed.",SE,0.19
446_446_Hudson_Bay_(1970),routing_scenario,12,Harp seal,external_loss,0.0,2.66e-06,"Freeze completed living P,Q,diet,predation,accumulation,migration. Solve EE for SM; detritus accumulation absorbs routed inflow at fixed predation. No new consumption is assumed.",SE,0.19
446_446_Hudson_Bay_(1970),routing_scenario,11,Ringed Seal,external_loss,0.0,7.467e-05,"Freeze completed living P,Q,diet,predation,accumulation,migration. Solve EE for SM; detritus accumulation absorbs routed inflow at fixed predation. No new consumption is assumed.",SE,0.19
446_446_Hudson_Bay_(1970),routing_scenario,10,Harbour Seal,external_loss,0.0,3.7999999999999996e-07,"Freeze completed living P,Q,diet,predation,accumulation,migration. Solve EE for SM; detritus accumulation absorbs routed inflow at fixed predation. No new consumption is assumed.",SE,0.19
446_446_Hudson_Bay_(1970),routing_scenario,9,Bearded Seal,external_loss,0.0,3.1729999999999996e-05,"Freeze completed living P,Q,diet,predation,accumulation,migration. Solve EE for SM; detritus accumulation absorbs routed inflow at fixed predation. No new consumption is assumed.",SE,0.19
446_446_Hudson_Bay_(1970),routing_scenario,8,Walrus S,external_loss,0.0,1.14e-06,"Freeze completed living P,Q,diet,predation,accumulation,migration. Solve EE for SM; detritus accumulation absorbs routed inflow at fixed predation. No new consumption is assumed.",SE,0.19
446_446_Hudson_Bay_(1970),routing_scenario,7,Walrus N,external_loss,0.0,1.5200000000000002e-05,"Freeze completed living P,Q,diet,predation,accumulation,migration. Solve EE for SM; detritus accumulation absorbs routed inflow at fixed predation. No new consumption is assumed.",SE,0.19
446_446_Hudson_Bay_(1970),routing_scenario,6,Bowhead,external_loss,0.0,1.7100000000000001e-06,"Freeze completed living P,Q,diet,predation,accumulation,migration. Solve EE for SM; detritus accumulation absorbs routed inflow at fixed predation. No new consumption is assumed.",SE,0.19
446_446_Hudson_Bay_(1970),routing_scenario,5,Narwhal,external_loss,0.0,6.46e-06,"Freeze completed living P,Q,diet,predation,accumulation,migration. Solve EE for SM; detritus accumulation absorbs routed inflow at fixed predation. No new consumption is assumed.",SE,0.19
446_446_Hudson_Bay_(1970),routing_scenario,4,Killer Whale,external_loss,0.0,1.8999999999999998e-07,"Freeze completed living P,Q,diet,predation,accumulation,migration. Solve EE for SM; detritus accumulation absorbs routed inflow at fixed predation. No new consumption is assumed.",SE,0.19
446_446_Hudson_Bay_(1970),routing_scenario,3,Polar Bear Foxe,external_loss,0.0,9.500000000000001e-07,"Freeze completed living P,Q,diet,predation,accumulation,migration. Solve EE for SM; detritus accumulation absorbs routed inflow at fixed predation. No new consumption is assumed.",SE,0.19
446_446_Hudson_Bay_(1970),routing_scenario,2,SH Polar Bear,external_loss,0.0,4.18e-06,"Freeze completed living P,Q,diet,predation,accumulation,migration. Solve EE for SM; detritus accumulation absorbs routed inflow at fixed predation. No new consumption is assumed.",SE,0.19
446_446_Hudson_Bay_(1970),routing_scenario,1,Polar Bear WHB,external_loss,0.0,2.8500000000000002e-06,"Freeze completed living P,Q,diet,predation,accumulation,migration. Solve EE for SM; detritus accumulation absorbs routed inflow at fixed predation. No new consumption is assumed.",SE,0.19
446_446_Hudson_Bay_(1970),routing_scenario,40,Pelagic Detritus,p,128.24910803428477,128.24934438779746,"Freeze completed living P,Q,diet,predation,accumulation,migration. Solve EE for SM; detritus accumulation absorbs routed inflow at fixed predation. No new consumption is assumed.",SM,0.2
446_446_Hudson_Bay_(1970),routing_scenario,40,Pelagic Detritus,q,128.24910803428477,128.24934438779746,"Freeze completed living P,Q,diet,predation,accumulation,migration. Solve EE for SM; detritus accumulation absorbs routed inflow at fixed predation. No new consumption is assumed.",SM,0.2
446_446_Hudson_Bay_(1970),routing_scenario,25,Brackish Fish,M0,0.0025425355725000025,0.0025425408540200025,"Freeze completed living P,Q,diet,predation,accumulation,migration. Solve EE for SM; detritus accumulation absorbs routed inflow at fixed predation. No new consumption is assumed.",SM,0.2
446_446_Hudson_Bay_(1970),routing_scenario,24,Other Marine Fish,M0,0.011930946740000012,0.011930959943780012,"Freeze completed living P,Q,diet,predation,accumulation,migration. Solve EE for SM; detritus accumulation absorbs routed inflow at fixed predation. No new consumption is assumed.",SM,0.2
446_446_Hudson_Bay_(1970),routing_scenario,22,Sandlance,M0,0.021766202280000018,0.02176621020226002,"Freeze completed living P,Q,diet,predation,accumulation,migration. Solve EE for SM; detritus accumulation absorbs routed inflow at fixed predation. No new consumption is assumed.",SM,0.2
446_446_Hudson_Bay_(1970),routing_scenario,21,Capelin,M0,0.025841266500000022,0.02584129290760002,"Freeze completed living P,Q,diet,predation,accumulation,migration. Solve EE for SM; detritus accumulation absorbs routed inflow at fixed predation. No new consumption is assumed.",SM,0.2
446_446_Hudson_Bay_(1970),routing_scenario,20,Sculpins/ Zoarcids,M0,0.008667478715000008,0.008667531530200008,"Freeze completed living P,Q,diet,predation,accumulation,migration. Solve EE for SM; detritus accumulation absorbs routed inflow at fixed predation. No new consumption is assumed.",SM,0.2
446_446_Hudson_Bay_(1970),routing_scenario,19,Gadiformes,M0,0.016022631350000014,0.016022684165200016,"Freeze completed living P,Q,diet,predation,accumulation,migration. Solve EE for SM; detritus accumulation absorbs routed inflow at fixed predation. No new consumption is assumed.",SM,0.2
446_446_Hudson_Bay_(1970),routing_scenario,18,Atlantic Salmon,M0,0.0013343262400000013,0.0013343288807600012,"Freeze completed living P,Q,diet,predation,accumulation,migration. Solve EE for SM; detritus accumulation absorbs routed inflow at fixed predation. No new consumption is assumed.",SM,0.2
446_446_Hudson_Bay_(1970),routing_scenario,17,Arctic Char,M0,0.0017951153200000017,0.0017952077464000018,"Freeze completed living P,Q,diet,predation,accumulation,migration. Solve EE for SM; detritus accumulation absorbs routed inflow at fixed predation. No new consumption is assumed.",SM,0.2
446_446_Hudson_Bay_(1970),routing_scenario,16,Seabirds,M0,0.021714263038000003,0.021779263038000003,"Freeze completed living P,Q,diet,predation,accumulation,migration. Solve EE for SM; detritus accumulation absorbs routed inflow at fixed predation. No new consumption is assumed.",SM,0.2
446_446_Hudson_Bay_(1970),routing_scenario,15,Beluga James,M0,5.5673137044634417e-05,5.847313704463442e-05,"Freeze completed living P,Q,diet,predation,accumulation,migration. Solve EE for SM; detritus accumulation absorbs routed inflow at fixed predation. No new consumption is assumed.",SM,0.2
446_446_Hudson_Bay_(1970),routing_scenario,14,Beluga W,M0,0.0013602991127677291,0.001372399112767729,"Freeze completed living P,Q,diet,predation,accumulation,migration. Solve EE for SM; detritus accumulation absorbs routed inflow at fixed predation. No new consumption is assumed.",SM,0.2
446_446_Hudson_Bay_(1970),routing_scenario,13,Beluga E,M0,9.807396405385151e-05,0.00010467396405385151,"Freeze completed living P,Q,diet,predation,accumulation,migration. Solve EE for SM; detritus accumulation absorbs routed inflow at fixed predation. No new consumption is assumed.",SM,0.2
446_446_Hudson_Bay_(1970),routing_scenario,12,Harp seal,M0,3.9123524670240005e-05,4.1923524670240005e-05,"Freeze completed living P,Q,diet,predation,accumulation,migration. Solve EE for SM; detritus accumulation absorbs routed inflow at fixed predation. No new consumption is assumed.",SM,0.2
446_446_Hudson_Bay_(1970),routing_scenario,11,Ringed Seal,M0,0.004359851707524983,0.0044384517075249826,"Freeze completed living P,Q,diet,predation,accumulation,migration. Solve EE for SM; detritus accumulation absorbs routed inflow at fixed predation. No new consumption is assumed.",SM,0.2
446_446_Hudson_Bay_(1970),routing_scenario,10,Harbour Seal,M0,0.00012099825122750879,0.00012139825122750879,"Freeze completed living P,Q,diet,predation,accumulation,migration. Solve EE for SM; detritus accumulation absorbs routed inflow at fixed predation. No new consumption is assumed.",SM,0.2
446_446_Hudson_Bay_(1970),routing_scenario,9,Bearded Seal,M0,0.00013606373638765757,0.00016946373638765757,"Freeze completed living P,Q,diet,predation,accumulation,migration. Solve EE for SM; detritus accumulation absorbs routed inflow at fixed predation. No new consumption is assumed.",SM,0.2
446_446_Hudson_Bay_(1970),routing_scenario,8,Walrus S,M0,8.217029462185597e-05,8.337029462185597e-05,"Freeze completed living P,Q,diet,predation,accumulation,migration. Solve EE for SM; detritus accumulation absorbs routed inflow at fixed predation. No new consumption is assumed.",SM,0.2
446_446_Hudson_Bay_(1970),routing_scenario,7,Walrus N,M0,0.0003819925835737691,0.0003979925835737691,"Freeze completed living P,Q,diet,predation,accumulation,migration. Solve EE for SM; detritus accumulation absorbs routed inflow at fixed predation. No new consumption is assumed.",SM,0.2
446_446_Hudson_Bay_(1970),routing_scenario,6,Bowhead,M0,0.00021741439634646387,0.00021921439634646386,"Freeze completed living P,Q,diet,predation,accumulation,migration. Solve EE for SM; detritus accumulation absorbs routed inflow at fixed predation. No new consumption is assumed.",SM,0.2
446_446_Hudson_Bay_(1970),routing_scenario,5,Narwhal,M0,0.00011868823016079942,0.00012548823016079942,"Freeze completed living P,Q,diet,predation,accumulation,migration. Solve EE for SM; detritus accumulation absorbs routed inflow at fixed predation. No new consumption is assumed.",SM,0.2
446_446_Hudson_Bay_(1970),routing_scenario,4,Killer Whale,M0,2.76981004599574e-06,2.9698100459957396e-06,"Freeze completed living P,Q,diet,predation,accumulation,migration. Solve EE for SM; detritus accumulation absorbs routed inflow at fixed predation. No new consumption is assumed.",SM,0.2
446_446_Hudson_Bay_(1970),routing_scenario,3,Polar Bear Foxe,M0,1.611317803944726e-05,1.711317803944726e-05,"Freeze completed living P,Q,diet,predation,accumulation,migration. Solve EE for SM; detritus accumulation absorbs routed inflow at fixed predation. No new consumption is assumed.",SM,0.2
446_446_Hudson_Bay_(1970),routing_scenario,2,SH Polar Bear,M0,2.9258219105026142e-05,3.3658219105026144e-05,"Freeze completed living P,Q,diet,predation,accumulation,migration. Solve EE for SM; detritus accumulation absorbs routed inflow at fixed predation. No new consumption is assumed.",SM,0.2
446_446_Hudson_Bay_(1970),routing_scenario,1,Polar Bear WHB,M0,3.4803496340686466e-05,3.7803496340686464e-05,"Freeze completed living P,Q,diet,predation,accumulation,migration. Solve EE for SM; detritus accumulation absorbs routed inflow at fixed predation. No new consumption is assumed.",SM,0.2
446_446_Hudson_Bay_(1970),routing_scenario,25,Brackish Fish,EE,0.95,0.9499998961367531,"Freeze completed living P,Q,diet,predation,accumulation,migration. Solve EE for SM; detritus accumulation absorbs routed inflow at fixed predation. No new consumption is assumed.",SM,0.2
446_446_Hudson_Bay_(1970),routing_scenario,24,Other Marine Fish,EE,0.95,0.9499999446658329,"Freeze completed living P,Q,diet,predation,accumulation,migration. Solve EE for SM; detritus accumulation absorbs routed inflow at fixed predation. No new consumption is assumed.",SM,0.2
446_446_Hudson_Bay_(1970),routing_scenario,22,Sandlance,EE,0.95,0.9499999818014647,"Freeze completed living P,Q,diet,predation,accumulation,migration. Solve EE for SM; detritus accumulation absorbs routed inflow at fixed predation. No new consumption is assumed.",SM,0.2
446_446_Hudson_Bay_(1970),routing_scenario,21,Capelin,EE,0.95,0.9499999489042071,"Freeze completed living P,Q,diet,predation,accumulation,migration. Solve EE for SM; detritus accumulation absorbs routed inflow at fixed predation. No new consumption is assumed.",SM,0.2
446_446_Hudson_Bay_(1970),routing_scenario,20,Sculpins/ Zoarcids,EE,0.95,0.9499996953254704,"Freeze completed living P,Q,diet,predation,accumulation,migration. Solve EE for SM; detritus accumulation absorbs routed inflow at fixed predation. No new consumption is assumed.",SM,0.2
446_446_Hudson_Bay_(1970),routing_scenario,19,Gadiformes,EE,0.95,0.9499998351856231,"Freeze completed living P,Q,diet,predation,accumulation,migration. Solve EE for SM; detritus accumulation absorbs routed inflow at fixed predation. No new consumption is assumed.",SM,0.2
446_446_Hudson_Bay_(1970),routing_scenario,18,Atlantic Salmon,EE,0.95,0.9499999010451896,"Freeze completed living P,Q,diet,predation,accumulation,migration. Solve EE for SM; detritus accumulation absorbs routed inflow at fixed predation. No new consumption is assumed.",SM,0.2
446_446_Hudson_Bay_(1970),routing_scenario,17,Arctic Char,EE,0.95,0.9499974256138597,"Freeze completed living P,Q,diet,predation,accumulation,migration. Solve EE for SM; detritus accumulation absorbs routed inflow at fixed predation. No new consumption is assumed.",SM,0.2
446_446_Hudson_Bay_(1970),routing_scenario,16,Seabirds,EE,0.09712003999999996,0.09441733729729729,"Freeze completed living P,Q,diet,predation,accumulation,migration. Solve EE for SM; detritus accumulation absorbs routed inflow at fixed predation. No new consumption is assumed.",SM,0.2
446_446_Hudson_Bay_(1970),routing_scenario,15,Beluga James,EE,0.5643347,0.542423543116169,"Freeze completed living P,Q,diet,predation,accumulation,migration. Solve EE for SM; detritus accumulation absorbs routed inflow at fixed predation. No new consumption is assumed.",SM,0.2
446_446_Hudson_Bay_(1970),routing_scenario,14,Beluga W,EE,0.13272054499999997,0.12500600537632245,"Freeze completed living P,Q,diet,predation,accumulation,migration. Solve EE for SM; detritus accumulation absorbs routed inflow at fixed predation. No new consumption is assumed.",SM,0.2
446_446_Hudson_Bay_(1970),routing_scenario,13,Beluga E,EE,0.28052579999999994,0.2321079577539924,"Freeze completed living P,Q,diet,predation,accumulation,migration. Solve EE for SM; detritus accumulation absorbs routed inflow at fixed predation. No new consumption is assumed.",SM,0.2
446_446_Hudson_Bay_(1970),routing_scenario,12,Harp seal,EE,0.6883504,0.6660462009955639,"Freeze completed living P,Q,diet,predation,accumulation,migration. Solve EE for SM; detritus accumulation absorbs routed inflow at fixed predation. No new consumption is assumed.",SM,0.2
446_446_Hudson_Bay_(1970),routing_scenario,11,Ringed Seal,EE,0.412556618,0.40196610875274585,"Freeze completed living P,Q,diet,predation,accumulation,migration. Solve EE for SM; detritus accumulation absorbs routed inflow at fixed predation. No new consumption is assumed.",SM,0.2
446_446_Hudson_Bay_(1970),routing_scenario,10,Harbour Seal,EE,0.07364795999999996,0.07058559494727468,"Freeze completed living P,Q,diet,predation,accumulation,migration. Solve EE for SM; detritus accumulation absorbs routed inflow at fixed predation. No new consumption is assumed.",SM,0.2
446_446_Hudson_Bay_(1970),routing_scenario,9,Bearded Seal,EE,0.791283369,0.7400490308840848,"Freeze completed living P,Q,diet,predation,accumulation,migration. Solve EE for SM; detritus accumulation absorbs routed inflow at fixed predation. No new consumption is assumed.",SM,0.2
446_446_Hudson_Bay_(1970),routing_scenario,8,Walrus S,EE,0.143246785,0.130734917265665,"Freeze completed living P,Q,diet,predation,accumulation,migration. Solve EE for SM; detritus accumulation absorbs routed inflow at fixed predation. No new consumption is assumed.",SM,0.2
446_446_Hudson_Bay_(1970),routing_scenario,7,Walrus N,EE,0.18816389099999997,0.15415962415671047,"Freeze completed living P,Q,diet,predation,accumulation,migration. Solve EE for SM; detritus accumulation absorbs routed inflow at fixed predation. No new consumption is assumed.",SM,0.2
446_446_Hudson_Bay_(1970),routing_scenario,6,Bowhead,EE,0.052819170000000026,0.044977345711220806,"Freeze completed living P,Q,diet,predation,accumulation,migration. Solve EE for SM; detritus accumulation absorbs routed inflow at fixed predation. No new consumption is assumed.",SM,0.2
446_446_Hudson_Bay_(1970),routing_scenario,5,Narwhal,EE,0.2706202,0.22883187243558634,"Freeze completed living P,Q,diet,predation,accumulation,migration. Solve EE for SM; detritus accumulation absorbs routed inflow at fixed predation. No new consumption is assumed.",SM,0.2
446_446_Hudson_Bay_(1970),routing_scenario,4,Killer Whale,EE,0.26526534600000007,0.21221227435978485,"Freeze completed living P,Q,diet,predation,accumulation,migration. Solve EE for SM; detritus accumulation absorbs routed inflow at fixed predation. No new consumption is assumed.",SM,0.2
446_446_Hudson_Bay_(1970),routing_scenario,3,Polar Bear Foxe,EE,0.3027038569999999,0.25942895857258086,"Freeze completed living P,Q,diet,predation,accumulation,migration. Solve EE for SM; detritus accumulation absorbs routed inflow at fixed predation. No new consumption is assumed.",SM,0.2
446_446_Hudson_Bay_(1970),routing_scenario,2,SH Polar Bear,EE,0.5060891,0.4318122633887561,"Freeze completed living P,Q,diet,predation,accumulation,migration. Solve EE for SM; detritus accumulation absorbs routed inflow at fixed predation. No new consumption is assumed.",SM,0.2
446_446_Hudson_Bay_(1970),routing_scenario,1,Polar Bear WHB,EE,0.4138758,0.36335292773488215,"Freeze completed living P,Q,diet,predation,accumulation,migration. Solve EE for SM; detritus accumulation absorbs routed inflow at fixed predation. No new consumption is assumed.",SM,0.2
446_446_Hudson_Bay_(1970),routing_scenario,25,Brackish Fish,catch,2.64076e-08,2.112608e-08,"Freeze completed living P,Q,diet,predation,accumulation,migration. Solve EE for SM; detritus accumulation absorbs routed inflow at fixed predation. No new consumption is assumed.",SM,0.2
446_446_Hudson_Bay_(1970),routing_scenario,24,Other Marine Fish,catch,6.60189e-08,5.281512e-08,"Freeze completed living P,Q,diet,predation,accumulation,migration. Solve EE for SM; detritus accumulation absorbs routed inflow at fixed predation. No new consumption is assumed.",SM,0.2
446_446_Hudson_Bay_(1970),routing_scenario,22,Sandlance,catch,3.96113e-08,3.168904e-08,"Freeze completed living P,Q,diet,predation,accumulation,migration. Solve EE for SM; detritus accumulation absorbs routed inflow at fixed predation. No new consumption is assumed.",SM,0.2
446_446_Hudson_Bay_(1970),routing_scenario,21,Capelin,catch,1.32038e-07,1.0563040000000001e-07,"Freeze completed living P,Q,diet,predation,accumulation,migration. Solve EE for SM; detritus accumulation absorbs routed inflow at fixed predation. No new consumption is assumed.",SM,0.2
446_446_Hudson_Bay_(1970),routing_scenario,20,Sculpins/ Zoarcids,catch,2.64076e-07,2.1126080000000002e-07,"Freeze completed living P,Q,diet,predation,accumulation,migration. Solve EE for SM; detritus accumulation absorbs routed inflow at fixed predation. No new consumption is assumed.",SM,0.2
446_446_Hudson_Bay_(1970),routing_scenario,19,Gadiformes,catch,2.64076e-07,2.1126080000000002e-07,"Freeze completed living P,Q,diet,predation,accumulation,migration. Solve EE for SM; detritus accumulation absorbs routed inflow at fixed predation. No new consumption is assumed.",SM,0.2
446_446_Hudson_Bay_(1970),routing_scenario,18,Atlantic Salmon,catch,1.32038e-08,1.056304e-08,"Freeze completed living P,Q,diet,predation,accumulation,migration. Solve EE for SM; detritus accumulation absorbs routed inflow at fixed predation. No new consumption is assumed.",SM,0.2
446_446_Hudson_Bay_(1970),routing_scenario,17,Arctic Char,catch,4.62132e-07,3.697056e-07,"Freeze completed living P,Q,diet,predation,accumulation,migration. Solve EE for SM; detritus accumulation absorbs routed inflow at fixed predation. No new consumption is assumed.",SM,0.2
446_446_Hudson_Bay_(1970),routing_scenario,16,Seabirds,catch,0.000325,0.00026,"Freeze completed living P,Q,diet,predation,accumulation,migration. Solve EE for SM; detritus accumulation absorbs routed inflow at fixed predation. No new consumption is assumed.",SM,0.2
446_446_Hudson_Bay_(1970),routing_scenario,15,Beluga James,catch,1.4e-05,1.1200000000000001e-05,"Freeze completed living P,Q,diet,predation,accumulation,migration. Solve EE for SM; detritus accumulation absorbs routed inflow at fixed predation. No new consumption is assumed.",SM,0.2
446_446_Hudson_Bay_(1970),routing_scenario,14,Beluga W,catch,6.05e-05,4.8400000000000004e-05,"Freeze completed living P,Q,diet,predation,accumulation,migration. Solve EE for SM; detritus accumulation absorbs routed inflow at fixed predation. No new consumption is assumed.",SM,0.2
446_446_Hudson_Bay_(1970),routing_scenario,13,Beluga E,catch,3.3e-05,2.6400000000000005e-05,"Freeze completed living P,Q,diet,predation,accumulation,migration. Solve EE for SM; detritus accumulation absorbs routed inflow at fixed predation. No new consumption is assumed.",SM,0.2
446_446_Hudson_Bay_(1970),routing_scenario,12,Harp seal,catch,1.4e-05,1.1200000000000001e-05,"Freeze completed living P,Q,diet,predation,accumulation,migration. Solve EE for SM; detritus accumulation absorbs routed inflow at fixed predation. No new consumption is assumed.",SM,0.2
446_446_Hudson_Bay_(1970),routing_scenario,11,Ringed Seal,catch,0.000393,0.00031440000000000005,"Freeze completed living P,Q,diet,predation,accumulation,migration. Solve EE for SM; detritus accumulation absorbs routed inflow at fixed predation. No new consumption is assumed.",SM,0.2
446_446_Hudson_Bay_(1970),routing_scenario,10,Harbour Seal,catch,2e-06,1.6e-06,"Freeze completed living P,Q,diet,predation,accumulation,migration. Solve EE for SM; detritus accumulation absorbs routed inflow at fixed predation. No new consumption is assumed.",SM,0.2
446_446_Hudson_Bay_(1970),routing_scenario,9,Bearded Seal,catch,0.000167,0.0001336,"Freeze completed living P,Q,diet,predation,accumulation,migration. Solve EE for SM; detritus accumulation absorbs routed inflow at fixed predation. No new consumption is assumed.",SM,0.2
446_446_Hudson_Bay_(1970),routing_scenario,8,Walrus S,catch,6e-06,4.800000000000001e-06,"Freeze completed living P,Q,diet,predation,accumulation,migration. Solve EE for SM; detritus accumulation absorbs routed inflow at fixed predation. No new consumption is assumed.",SM,0.2
446_446_Hudson_Bay_(1970),routing_scenario,7,Walrus N,catch,8e-05,6.400000000000001e-05,"Freeze completed living P,Q,diet,predation,accumulation,migration. Solve EE for SM; detritus accumulation absorbs routed inflow at fixed predation. No new consumption is assumed.",SM,0.2
446_446_Hudson_Bay_(1970),routing_scenario,6,Bowhead,catch,9e-06,7.2000000000000005e-06,"Freeze completed living P,Q,diet,predation,accumulation,migration. Solve EE for SM; detritus accumulation absorbs routed inflow at fixed predation. No new consumption is assumed.",SM,0.2
446_446_Hudson_Bay_(1970),routing_scenario,5,Narwhal,catch,3.4e-05,2.72e-05,"Freeze completed living P,Q,diet,predation,accumulation,migration. Solve EE for SM; detritus accumulation absorbs routed inflow at fixed predation. No new consumption is assumed.",SM,0.2
446_446_Hudson_Bay_(1970),routing_scenario,4,Killer Whale,catch,1e-06,8e-07,"Freeze completed living P,Q,diet,predation,accumulation,migration. Solve EE for SM; detritus accumulation absorbs routed inflow at fixed predation. No new consumption is assumed.",SM,0.2
446_446_Hudson_Bay_(1970),routing_scenario,3,Polar Bear Foxe,catch,5e-06,4.000000000000001e-06,"Freeze completed living P,Q,diet,predation,accumulation,migration. Solve EE for SM; detritus accumulation absorbs routed inflow at fixed predation. No new consumption is assumed.",SM,0.2
446_446_Hudson_Bay_(1970),routing_scenario,2,SH Polar Bear,catch,2.2e-05,1.76e-05,"Freeze completed living P,Q,diet,predation,accumulation,migration. Solve EE for SM; detritus accumulation absorbs routed inflow at fixed predation. No new consumption is assumed.",SM,0.2
446_446_Hudson_Bay_(1970),routing_scenario,1,Polar Bear WHB,catch,1.5e-05,1.2e-05,"Freeze completed living P,Q,diet,predation,accumulation,migration. Solve EE for SM; detritus accumulation absorbs routed inflow at fixed predation. No new consumption is assumed.",SM,0.2
446_446_Hudson_Bay_(1970),routing_scenario,40,Pelagic Detritus,growth,100.09094139097152,100.09117774448421,"Freeze completed living P,Q,diet,predation,accumulation,migration. Solve EE for SM; detritus accumulation absorbs routed inflow at fixed predation. No new consumption is assumed.",SM,0.2
446_446_Hudson_Bay_(1970),routing_scenario,25,Brackish Fish,catch,2.64076e-08,2.112608e-08,"Freeze completed living P,Q,diet,predation,accumulation,migration. Solve EE for SM; detritus accumulation absorbs routed inflow at fixed predation. No new consumption is assumed.",SE,0.2
446_446_Hudson_Bay_(1970),routing_scenario,24,Other Marine Fish,catch,6.60189e-08,5.281512e-08,"Freeze completed living P,Q,diet,predation,accumulation,migration. Solve EE for SM; detritus accumulation absorbs routed inflow at fixed predation. No new consumption is assumed.",SE,0.2
446_446_Hudson_Bay_(1970),routing_scenario,22,Sandlance,catch,3.96113e-08,3.168904e-08,"Freeze completed living P,Q,diet,predation,accumulation,migration. Solve EE for SM; detritus accumulation absorbs routed inflow at fixed predation. No new consumption is assumed.",SE,0.2
446_446_Hudson_Bay_(1970),routing_scenario,21,Capelin,catch,1.32038e-07,1.0563040000000001e-07,"Freeze completed living P,Q,diet,predation,accumulation,migration. Solve EE for SM; detritus accumulation absorbs routed inflow at fixed predation. No new consumption is assumed.",SE,0.2
446_446_Hudson_Bay_(1970),routing_scenario,20,Sculpins/ Zoarcids,catch,2.64076e-07,2.1126080000000002e-07,"Freeze completed living P,Q,diet,predation,accumulation,migration. Solve EE for SM; detritus accumulation absorbs routed inflow at fixed predation. No new consumption is assumed.",SE,0.2
446_446_Hudson_Bay_(1970),routing_scenario,19,Gadiformes,catch,2.64076e-07,2.1126080000000002e-07,"Freeze completed living P,Q,diet,predation,accumulation,migration. Solve EE for SM; detritus accumulation absorbs routed inflow at fixed predation. No new consumption is assumed.",SE,0.2
446_446_Hudson_Bay_(1970),routing_scenario,18,Atlantic Salmon,catch,1.32038e-08,1.056304e-08,"Freeze completed living P,Q,diet,predation,accumulation,migration. Solve EE for SM; detritus accumulation absorbs routed inflow at fixed predation. No new consumption is assumed.",SE,0.2
446_446_Hudson_Bay_(1970),routing_scenario,17,Arctic Char,catch,4.62132e-07,3.697056e-07,"Freeze completed living P,Q,diet,predation,accumulation,migration. Solve EE for SM; detritus accumulation absorbs routed inflow at fixed predation. No new consumption is assumed.",SE,0.2
446_446_Hudson_Bay_(1970),routing_scenario,16,Seabirds,catch,0.000325,0.00026,"Freeze completed living P,Q,diet,predation,accumulation,migration. Solve EE for SM; detritus accumulation absorbs routed inflow at fixed predation. No new consumption is assumed.",SE,0.2
446_446_Hudson_Bay_(1970),routing_scenario,15,Beluga James,catch,1.4e-05,1.1200000000000001e-05,"Freeze completed living P,Q,diet,predation,accumulation,migration. Solve EE for SM; detritus accumulation absorbs routed inflow at fixed predation. No new consumption is assumed.",SE,0.2
446_446_Hudson_Bay_(1970),routing_scenario,14,Beluga W,catch,6.05e-05,4.8400000000000004e-05,"Freeze completed living P,Q,diet,predation,accumulation,migration. Solve EE for SM; detritus accumulation absorbs routed inflow at fixed predation. No new consumption is assumed.",SE,0.2
446_446_Hudson_Bay_(1970),routing_scenario,13,Beluga E,catch,3.3e-05,2.6400000000000005e-05,"Freeze completed living P,Q,diet,predation,accumulation,migration. Solve EE for SM; detritus accumulation absorbs routed inflow at fixed predation. No new consumption is assumed.",SE,0.2
446_446_Hudson_Bay_(1970),routing_scenario,12,Harp seal,catch,1.4e-05,1.1200000000000001e-05,"Freeze completed living P,Q,diet,predation,accumulation,migration. Solve EE for SM; detritus accumulation absorbs routed inflow at fixed predation. No new consumption is assumed.",SE,0.2
446_446_Hudson_Bay_(1970),routing_scenario,11,Ringed Seal,catch,0.000393,0.00031440000000000005,"Freeze completed living P,Q,diet,predation,accumulation,migration. Solve EE for SM; detritus accumulation absorbs routed inflow at fixed predation. No new consumption is assumed.",SE,0.2
446_446_Hudson_Bay_(1970),routing_scenario,10,Harbour Seal,catch,2e-06,1.6e-06,"Freeze completed living P,Q,diet,predation,accumulation,migration. Solve EE for SM; detritus accumulation absorbs routed inflow at fixed predation. No new consumption is assumed.",SE,0.2
446_446_Hudson_Bay_(1970),routing_scenario,9,Bearded Seal,catch,0.000167,0.0001336,"Freeze completed living P,Q,diet,predation,accumulation,migration. Solve EE for SM; detritus accumulation absorbs routed inflow at fixed predation. No new consumption is assumed.",SE,0.2
446_446_Hudson_Bay_(1970),routing_scenario,8,Walrus S,catch,6e-06,4.800000000000001e-06,"Freeze completed living P,Q,diet,predation,accumulation,migration. Solve EE for SM; detritus accumulation absorbs routed inflow at fixed predation. No new consumption is assumed.",SE,0.2
446_446_Hudson_Bay_(1970),routing_scenario,7,Walrus N,catch,8e-05,6.400000000000001e-05,"Freeze completed living P,Q,diet,predation,accumulation,migration. Solve EE for SM; detritus accumulation absorbs routed inflow at fixed predation. No new consumption is assumed.",SE,0.2
446_446_Hudson_Bay_(1970),routing_scenario,6,Bowhead,catch,9e-06,7.2000000000000005e-06,"Freeze completed living P,Q,diet,predation,accumulation,migration. Solve EE for SM; detritus accumulation absorbs routed inflow at fixed predation. No new consumption is assumed.",SE,0.2
446_446_Hudson_Bay_(1970),routing_scenario,5,Narwhal,catch,3.4e-05,2.72e-05,"Freeze completed living P,Q,diet,predation,accumulation,migration. Solve EE for SM; detritus accumulation absorbs routed inflow at fixed predation. No new consumption is assumed.",SE,0.2
446_446_Hudson_Bay_(1970),routing_scenario,4,Killer Whale,catch,1e-06,8e-07,"Freeze completed living P,Q,diet,predation,accumulation,migration. Solve EE for SM; detritus accumulation absorbs routed inflow at fixed predation. No new consumption is assumed.",SE,0.2
446_446_Hudson_Bay_(1970),routing_scenario,3,Polar Bear Foxe,catch,5e-06,4.000000000000001e-06,"Freeze completed living P,Q,diet,predation,accumulation,migration. Solve EE for SM; detritus accumulation absorbs routed inflow at fixed predation. No new consumption is assumed.",SE,0.2
446_446_Hudson_Bay_(1970),routing_scenario,2,SH Polar Bear,catch,2.2e-05,1.76e-05,"Freeze completed living P,Q,diet,predation,accumulation,migration. Solve EE for SM; detritus accumulation absorbs routed inflow at fixed predation. No new consumption is assumed.",SE,0.2
446_446_Hudson_Bay_(1970),routing_scenario,1,Polar Bear WHB,catch,1.5e-05,1.2e-05,"Freeze completed living P,Q,diet,predation,accumulation,migration. Solve EE for SM; detritus accumulation absorbs routed inflow at fixed predation. No new consumption is assumed.",SE,0.2
446_446_Hudson_Bay_(1970),routing_scenario,25,Brackish Fish,external_loss,0.0,5.28152e-09,"Freeze completed living P,Q,diet,predation,accumulation,migration. Solve EE for SM; detritus accumulation absorbs routed inflow at fixed predation. No new consumption is assumed.",SE,0.2
446_446_Hudson_Bay_(1970),routing_scenario,24,Other Marine Fish,external_loss,0.0,1.320378e-08,"Freeze completed living P,Q,diet,predation,accumulation,migration. Solve EE for SM; detritus accumulation absorbs routed inflow at fixed predation. No new consumption is assumed.",SE,0.2
446_446_Hudson_Bay_(1970),routing_scenario,22,Sandlance,external_loss,0.0,7.92226e-09,"Freeze completed living P,Q,diet,predation,accumulation,migration. Solve EE for SM; detritus accumulation absorbs routed inflow at fixed predation. No new consumption is assumed.",SE,0.2
446_446_Hudson_Bay_(1970),routing_scenario,21,Capelin,external_loss,0.0,2.6407600000000002e-08,"Freeze completed living P,Q,diet,predation,accumulation,migration. Solve EE for SM; detritus accumulation absorbs routed inflow at fixed predation. No new consumption is assumed.",SE,0.2
446_446_Hudson_Bay_(1970),routing_scenario,20,Sculpins/ Zoarcids,external_loss,0.0,5.2815200000000004e-08,"Freeze completed living P,Q,diet,predation,accumulation,migration. Solve EE for SM; detritus accumulation absorbs routed inflow at fixed predation. No new consumption is assumed.",SE,0.2
446_446_Hudson_Bay_(1970),routing_scenario,19,Gadiformes,external_loss,0.0,5.2815200000000004e-08,"Freeze completed living P,Q,diet,predation,accumulation,migration. Solve EE for SM; detritus accumulation absorbs routed inflow at fixed predation. No new consumption is assumed.",SE,0.2
446_446_Hudson_Bay_(1970),routing_scenario,18,Atlantic Salmon,external_loss,0.0,2.64076e-09,"Freeze completed living P,Q,diet,predation,accumulation,migration. Solve EE for SM; detritus accumulation absorbs routed inflow at fixed predation. No new consumption is assumed.",SE,0.2
446_446_Hudson_Bay_(1970),routing_scenario,17,Arctic Char,external_loss,0.0,9.24264e-08,"Freeze completed living P,Q,diet,predation,accumulation,migration. Solve EE for SM; detritus accumulation absorbs routed inflow at fixed predation. No new consumption is assumed.",SE,0.2
446_446_Hudson_Bay_(1970),routing_scenario,16,Seabirds,external_loss,0.0,6.5e-05,"Freeze completed living P,Q,diet,predation,accumulation,migration. Solve EE for SM; detritus accumulation absorbs routed inflow at fixed predation. No new consumption is assumed.",SE,0.2
446_446_Hudson_Bay_(1970),routing_scenario,15,Beluga James,external_loss,0.0,2.8000000000000003e-06,"Freeze completed living P,Q,diet,predation,accumulation,migration. Solve EE for SM; detritus accumulation absorbs routed inflow at fixed predation. No new consumption is assumed.",SE,0.2
446_446_Hudson_Bay_(1970),routing_scenario,14,Beluga W,external_loss,0.0,1.2100000000000001e-05,"Freeze completed living P,Q,diet,predation,accumulation,migration. Solve EE for SM; detritus accumulation absorbs routed inflow at fixed predation. No new consumption is assumed.",SE,0.2
446_446_Hudson_Bay_(1970),routing_scenario,13,Beluga E,external_loss,0.0,6.600000000000001e-06,"Freeze completed living P,Q,diet,predation,accumulation,migration. Solve EE for SM; detritus accumulation absorbs routed inflow at fixed predation. No new consumption is assumed.",SE,0.2
446_446_Hudson_Bay_(1970),routing_scenario,12,Harp seal,external_loss,0.0,2.8000000000000003e-06,"Freeze completed living P,Q,diet,predation,accumulation,migration. Solve EE for SM; detritus accumulation absorbs routed inflow at fixed predation. No new consumption is assumed.",SE,0.2
446_446_Hudson_Bay_(1970),routing_scenario,11,Ringed Seal,external_loss,0.0,7.860000000000001e-05,"Freeze completed living P,Q,diet,predation,accumulation,migration. Solve EE for SM; detritus accumulation absorbs routed inflow at fixed predation. No new consumption is assumed.",SE,0.2
446_446_Hudson_Bay_(1970),routing_scenario,10,Harbour Seal,external_loss,0.0,4e-07,"Freeze completed living P,Q,diet,predation,accumulation,migration. Solve EE for SM; detritus accumulation absorbs routed inflow at fixed predation. No new consumption is assumed.",SE,0.2
446_446_Hudson_Bay_(1970),routing_scenario,9,Bearded Seal,external_loss,0.0,3.34e-05,"Freeze completed living P,Q,diet,predation,accumulation,migration. Solve EE for SM; detritus accumulation absorbs routed inflow at fixed predation. No new consumption is assumed.",SE,0.2
446_446_Hudson_Bay_(1970),routing_scenario,8,Walrus S,external_loss,0.0,1.2000000000000002e-06,"Freeze completed living P,Q,diet,predation,accumulation,migration. Solve EE for SM; detritus accumulation absorbs routed inflow at fixed predation. No new consumption is assumed.",SE,0.2
446_446_Hudson_Bay_(1970),routing_scenario,7,Walrus N,external_loss,0.0,1.6000000000000003e-05,"Freeze completed living P,Q,diet,predation,accumulation,migration. Solve EE for SM; detritus accumulation absorbs routed inflow at fixed predation. No new consumption is assumed.",SE,0.2
446_446_Hudson_Bay_(1970),routing_scenario,6,Bowhead,external_loss,0.0,1.8000000000000001e-06,"Freeze completed living P,Q,diet,predation,accumulation,migration. Solve EE for SM; detritus accumulation absorbs routed inflow at fixed predation. No new consumption is assumed.",SE,0.2
446_446_Hudson_Bay_(1970),routing_scenario,5,Narwhal,external_loss,0.0,6.8e-06,"Freeze completed living P,Q,diet,predation,accumulation,migration. Solve EE for SM; detritus accumulation absorbs routed inflow at fixed predation. No new consumption is assumed.",SE,0.2
446_446_Hudson_Bay_(1970),routing_scenario,4,Killer Whale,external_loss,0.0,2e-07,"Freeze completed living P,Q,diet,predation,accumulation,migration. Solve EE for SM; detritus accumulation absorbs routed inflow at fixed predation. No new consumption is assumed.",SE,0.2
446_446_Hudson_Bay_(1970),routing_scenario,3,Polar Bear Foxe,external_loss,0.0,1.0000000000000002e-06,"Freeze completed living P,Q,diet,predation,accumulation,migration. Solve EE for SM; detritus accumulation absorbs routed inflow at fixed predation. No new consumption is assumed.",SE,0.2
446_446_Hudson_Bay_(1970),routing_scenario,2,SH Polar Bear,external_loss,0.0,4.4e-06,"Freeze completed living P,Q,diet,predation,accumulation,migration. Solve EE for SM; detritus accumulation absorbs routed inflow at fixed predation. No new consumption is assumed.",SE,0.2
446_446_Hudson_Bay_(1970),routing_scenario,1,Polar Bear WHB,external_loss,0.0,3e-06,"Freeze completed living P,Q,diet,predation,accumulation,migration. Solve EE for SM; detritus accumulation absorbs routed inflow at fixed predation. No new consumption is assumed.",SE,0.2
446_446_Hudson_Bay_(1970),routing_scenario,40,Pelagic Detritus,p,128.24910803428477,128.24940347617564,"Freeze completed living P,Q,diet,predation,accumulation,migration. Solve EE for SM; detritus accumulation absorbs routed inflow at fixed predation. No new consumption is assumed.",SM,0.25
446_446_Hudson_Bay_(1970),routing_scenario,40,Pelagic Detritus,q,128.24910803428477,128.24940347617564,"Freeze completed living P,Q,diet,predation,accumulation,migration. Solve EE for SM; detritus accumulation absorbs routed inflow at fixed predation. No new consumption is assumed.",SM,0.25
446_446_Hudson_Bay_(1970),routing_scenario,25,Brackish Fish,M0,0.0025425355725000025,0.0025425421744000028,"Freeze completed living P,Q,diet,predation,accumulation,migration. Solve EE for SM; detritus accumulation absorbs routed inflow at fixed predation. No new consumption is assumed.",SM,0.25
446_446_Hudson_Bay_(1970),routing_scenario,24,Other Marine Fish,M0,0.011930946740000012,0.011930963244725012,"Freeze completed living P,Q,diet,predation,accumulation,migration. Solve EE for SM; detritus accumulation absorbs routed inflow at fixed predation. No new consumption is assumed.",SM,0.25
446_446_Hudson_Bay_(1970),routing_scenario,22,Sandlance,M0,0.021766202280000018,0.02176621218282502,"Freeze completed living P,Q,diet,predation,accumulation,migration. Solve EE for SM; detritus accumulation absorbs routed inflow at fixed predation. No new consumption is assumed.",SM,0.25
446_446_Hudson_Bay_(1970),routing_scenario,21,Capelin,M0,0.025841266500000022,0.025841299509500024,"Freeze completed living P,Q,diet,predation,accumulation,migration. Solve EE for SM; detritus accumulation absorbs routed inflow at fixed predation. No new consumption is assumed.",SM,0.25
446_446_Hudson_Bay_(1970),routing_scenario,20,Sculpins/ Zoarcids,M0,0.008667478715000008,0.008667544734000008,"Freeze completed living P,Q,diet,predation,accumulation,migration. Solve EE for SM; detritus accumulation absorbs routed inflow at fixed predation. No new consumption is assumed.",SM,0.25
446_446_Hudson_Bay_(1970),routing_scenario,19,Gadiformes,M0,0.016022631350000014,0.016022697369000014,"Freeze completed living P,Q,diet,predation,accumulation,migration. Solve EE for SM; detritus accumulation absorbs routed inflow at fixed predation. No new consumption is assumed.",SM,0.25
446_446_Hudson_Bay_(1970),routing_scenario,18,Atlantic Salmon,M0,0.0013343262400000013,0.0013343295409500014,"Freeze completed living P,Q,diet,predation,accumulation,migration. Solve EE for SM; detritus accumulation absorbs routed inflow at fixed predation. No new consumption is assumed.",SM,0.25
446_446_Hudson_Bay_(1970),routing_scenario,17,Arctic Char,M0,0.0017951153200000017,0.0017952308530000017,"Freeze completed living P,Q,diet,predation,accumulation,migration. Solve EE for SM; detritus accumulation absorbs routed inflow at fixed predation. No new consumption is assumed.",SM,0.25
446_446_Hudson_Bay_(1970),routing_scenario,16,Seabirds,M0,0.021714263038000003,0.021795513038000005,"Freeze completed living P,Q,diet,predation,accumulation,migration. Solve EE for SM; detritus accumulation absorbs routed inflow at fixed predation. No new consumption is assumed.",SM,0.25
446_446_Hudson_Bay_(1970),routing_scenario,15,Beluga James,M0,5.5673137044634417e-05,5.9173137044634414e-05,"Freeze completed living P,Q,diet,predation,accumulation,migration. Solve EE for SM; detritus accumulation absorbs routed inflow at fixed predation. No new consumption is assumed.",SM,0.25
446_446_Hudson_Bay_(1970),routing_scenario,14,Beluga W,M0,0.0013602991127677291,0.001375424112767729,"Freeze completed living P,Q,diet,predation,accumulation,migration. Solve EE for SM; detritus accumulation absorbs routed inflow at fixed predation. No new consumption is assumed.",SM,0.25
446_446_Hudson_Bay_(1970),routing_scenario,13,Beluga E,M0,9.807396405385151e-05,0.00010632396405385151,"Freeze completed living P,Q,diet,predation,accumulation,migration. Solve EE for SM; detritus accumulation absorbs routed inflow at fixed predation. No new consumption is assumed.",SM,0.25
446_446_Hudson_Bay_(1970),routing_scenario,12,Harp seal,M0,3.9123524670240005e-05,4.262352467024e-05,"Freeze completed living P,Q,diet,predation,accumulation,migration. Solve EE for SM; detritus accumulation absorbs routed inflow at fixed predation. No new consumption is assumed.",SM,0.25
446_446_Hudson_Bay_(1970),routing_scenario,11,Ringed Seal,M0,0.004359851707524983,0.004458101707524983,"Freeze completed living P,Q,diet,predation,accumulation,migration. Solve EE for SM; detritus accumulation absorbs routed inflow at fixed predation. No new consumption is assumed.",SM,0.25
446_446_Hudson_Bay_(1970),routing_scenario,10,Harbour Seal,M0,0.00012099825122750879,0.00012149825122750879,"Freeze completed living P,Q,diet,predation,accumulation,migration. Solve EE for SM; detritus accumulation absorbs routed inflow at fixed predation. No new consumption is assumed.",SM,0.25
446_446_Hudson_Bay_(1970),routing_scenario,9,Bearded Seal,M0,0.00013606373638765757,0.00017781373638765758,"Freeze completed living P,Q,diet,predation,accumulation,migration. Solve EE for SM; detritus accumulation absorbs routed inflow at fixed predation. No new consumption is assumed.",SM,0.25
446_446_Hudson_Bay_(1970),routing_scenario,8,Walrus S,M0,8.217029462185597e-05,8.367029462185597e-05,"Freeze completed living P,Q,diet,predation,accumulation,migration. Solve EE for SM; detritus accumulation absorbs routed inflow at fixed predation. No new consumption is assumed.",SM,0.25
446_446_Hudson_Bay_(1970),routing_scenario,7,Walrus N,M0,0.0003819925835737691,0.0004019925835737691,"Freeze completed living P,Q,diet,predation,accumulation,migration. Solve EE for SM; detritus accumulation absorbs routed inflow at fixed predation. No new consumption is assumed.",SM,0.25
446_446_Hudson_Bay_(1970),routing_scenario,6,Bowhead,M0,0.00021741439634646387,0.00021966439634646387,"Freeze completed living P,Q,diet,predation,accumulation,migration. Solve EE for SM; detritus accumulation absorbs routed inflow at fixed predation. No new consumption is assumed.",SM,0.25
446_446_Hudson_Bay_(1970),routing_scenario,5,Narwhal,M0,0.00011868823016079942,0.0001271882301607994,"Freeze completed living P,Q,diet,predation,accumulation,migration. Solve EE for SM; detritus accumulation absorbs routed inflow at fixed predation. No new consumption is assumed.",SM,0.25
446_446_Hudson_Bay_(1970),routing_scenario,4,Killer Whale,M0,2.76981004599574e-06,3.01981004599574e-06,"Freeze completed living P,Q,diet,predation,accumulation,migration. Solve EE for SM; detritus accumulation absorbs routed inflow at fixed predation. No new consumption is assumed.",SM,0.25
446_446_Hudson_Bay_(1970),routing_scenario,3,Polar Bear Foxe,M0,1.611317803944726e-05,1.736317803944726e-05,"Freeze completed living P,Q,diet,predation,accumulation,migration. Solve EE for SM; detritus accumulation absorbs routed inflow at fixed predation. No new consumption is assumed.",SM,0.25
446_446_Hudson_Bay_(1970),routing_scenario,2,SH Polar Bear,M0,2.9258219105026142e-05,3.475821910502614e-05,"Freeze completed living P,Q,diet,predation,accumulation,migration. Solve EE for SM; detritus accumulation absorbs routed inflow at fixed predation. No new consumption is assumed.",SM,0.25
446_446_Hudson_Bay_(1970),routing_scenario,1,Polar Bear WHB,M0,3.4803496340686466e-05,3.855349634068647e-05,"Freeze completed living P,Q,diet,predation,accumulation,migration. Solve EE for SM; detritus accumulation absorbs routed inflow at fixed predation. No new consumption is assumed.",SM,0.25
446_446_Hudson_Bay_(1970),routing_scenario,25,Brackish Fish,EE,0.95,0.9499998701709413,"Freeze completed living P,Q,diet,predation,accumulation,migration. Solve EE for SM; detritus accumulation absorbs routed inflow at fixed predation. No new consumption is assumed.",SM,0.25
446_446_Hudson_Bay_(1970),routing_scenario,24,Other Marine Fish,EE,0.95,0.9499999308322912,"Freeze completed living P,Q,diet,predation,accumulation,migration. Solve EE for SM; detritus accumulation absorbs routed inflow at fixed predation. No new consumption is assumed.",SM,0.25
446_446_Hudson_Bay_(1970),routing_scenario,22,Sandlance,EE,0.95,0.9499999772518308,"Freeze completed living P,Q,diet,predation,accumulation,migration. Solve EE for SM; detritus accumulation absorbs routed inflow at fixed predation. No new consumption is assumed.",SM,0.25
446_446_Hudson_Bay_(1970),routing_scenario,21,Capelin,EE,0.95,0.9499999361302589,"Freeze completed living P,Q,diet,predation,accumulation,migration. Solve EE for SM; detritus accumulation absorbs routed inflow at fixed predation. No new consumption is assumed.",SM,0.25
446_446_Hudson_Bay_(1970),routing_scenario,20,Sculpins/ Zoarcids,EE,0.95,0.9499996191568381,"Freeze completed living P,Q,diet,predation,accumulation,migration. Solve EE for SM; detritus accumulation absorbs routed inflow at fixed predation. No new consumption is assumed.",SM,0.25
446_446_Hudson_Bay_(1970),routing_scenario,19,Gadiformes,EE,0.95,0.949999793982029,"Freeze completed living P,Q,diet,predation,accumulation,migration. Solve EE for SM; detritus accumulation absorbs routed inflow at fixed predation. No new consumption is assumed.",SM,0.25
446_446_Hudson_Bay_(1970),routing_scenario,18,Atlantic Salmon,EE,0.95,0.9499998763064871,"Freeze completed living P,Q,diet,predation,accumulation,migration. Solve EE for SM; detritus accumulation absorbs routed inflow at fixed predation. No new consumption is assumed.",SM,0.25
446_446_Hudson_Bay_(1970),routing_scenario,17,Arctic Char,EE,0.95,0.9499967820173246,"Freeze completed living P,Q,diet,predation,accumulation,migration. Solve EE for SM; detritus accumulation absorbs routed inflow at fixed predation. No new consumption is assumed.",SM,0.25
446_446_Hudson_Bay_(1970),routing_scenario,16,Seabirds,EE,0.09712003999999996,0.09374166162162145,"Freeze completed living P,Q,diet,predation,accumulation,migration. Solve EE for SM; detritus accumulation absorbs routed inflow at fixed predation. No new consumption is assumed.",SM,0.25
446_446_Hudson_Bay_(1970),routing_scenario,15,Beluga James,EE,0.5643347,0.5369457538952114,"Freeze completed living P,Q,diet,predation,accumulation,migration. Solve EE for SM; detritus accumulation absorbs routed inflow at fixed predation. No new consumption is assumed.",SM,0.25
446_446_Hudson_Bay_(1970),routing_scenario,14,Beluga W,EE,0.13272054499999997,0.12307737047040301,"Freeze completed living P,Q,diet,predation,accumulation,migration. Solve EE for SM; detritus accumulation absorbs routed inflow at fixed predation. No new consumption is assumed.",SM,0.25
446_446_Hudson_Bay_(1970),routing_scenario,13,Beluga E,EE,0.28052579999999994,0.22000349719249046,"Freeze completed living P,Q,diet,predation,accumulation,migration. Solve EE for SM; detritus accumulation absorbs routed inflow at fixed predation. No new consumption is assumed.",SM,0.25
446_446_Hudson_Bay_(1970),routing_scenario,12,Harp seal,EE,0.6883504,0.6604701512444549,"Freeze completed living P,Q,diet,predation,accumulation,migration. Solve EE for SM; detritus accumulation absorbs routed inflow at fixed predation. No new consumption is assumed.",SM,0.25
446_446_Hudson_Bay_(1970),routing_scenario,11,Ringed Seal,EE,0.412556618,0.3993184814409323,"Freeze completed living P,Q,diet,predation,accumulation,migration. Solve EE for SM; detritus accumulation absorbs routed inflow at fixed predation. No new consumption is assumed.",SM,0.25
446_446_Hudson_Bay_(1970),routing_scenario,10,Harbour Seal,EE,0.07364795999999996,0.06982000368409336,"Freeze completed living P,Q,diet,predation,accumulation,migration. Solve EE for SM; detritus accumulation absorbs routed inflow at fixed predation. No new consumption is assumed.",SM,0.25
446_446_Hudson_Bay_(1970),routing_scenario,9,Bearded Seal,EE,0.791283369,0.727240446355106,"Freeze completed living P,Q,diet,predation,accumulation,migration. Solve EE for SM; detritus accumulation absorbs routed inflow at fixed predation. No new consumption is assumed.",SM,0.25
446_446_Hudson_Bay_(1970),routing_scenario,8,Walrus S,EE,0.143246785,0.12760695033208125,"Freeze completed living P,Q,diet,predation,accumulation,migration. Solve EE for SM; detritus accumulation absorbs routed inflow at fixed predation. No new consumption is assumed.",SM,0.25
446_446_Hudson_Bay_(1970),routing_scenario,7,Walrus N,EE,0.18816389099999997,0.14565855744588818,"Freeze completed living P,Q,diet,predation,accumulation,migration. Solve EE for SM; detritus accumulation absorbs routed inflow at fixed predation. No new consumption is assumed.",SM,0.25
446_446_Hudson_Bay_(1970),routing_scenario,6,Bowhead,EE,0.052819170000000026,0.043016889639025835,"Freeze completed living P,Q,diet,predation,accumulation,migration. Solve EE for SM; detritus accumulation absorbs routed inflow at fixed predation. No new consumption is assumed.",SM,0.25
446_446_Hudson_Bay_(1970),routing_scenario,5,Narwhal,EE,0.2706202,0.218384790544483,"Freeze completed living P,Q,diet,predation,accumulation,migration. Solve EE for SM; detritus accumulation absorbs routed inflow at fixed predation. No new consumption is assumed.",SM,0.25
446_446_Hudson_Bay_(1970),routing_scenario,4,Killer Whale,EE,0.26526534600000007,0.1989490064497309,"Freeze completed living P,Q,diet,predation,accumulation,migration. Solve EE for SM; detritus accumulation absorbs routed inflow at fixed predation. No new consumption is assumed.",SM,0.25
446_446_Hudson_Bay_(1970),routing_scenario,3,Polar Bear Foxe,EE,0.3027038569999999,0.24861023396572612,"Freeze completed living P,Q,diet,predation,accumulation,migration. Solve EE for SM; detritus accumulation absorbs routed inflow at fixed predation. No new consumption is assumed.",SM,0.25
446_446_Hudson_Bay_(1970),routing_scenario,2,SH Polar Bear,EE,0.5060891,0.4132430542359451,"Freeze completed living P,Q,diet,predation,accumulation,migration. Solve EE for SM; detritus accumulation absorbs routed inflow at fixed predation. No new consumption is assumed.",SM,0.25
446_446_Hudson_Bay_(1970),routing_scenario,1,Polar Bear WHB,EE,0.4138758,0.35072220966860257,"Freeze completed living P,Q,diet,predation,accumulation,migration. Solve EE for SM; detritus accumulation absorbs routed inflow at fixed predation. No new consumption is assumed.",SM,0.25
446_446_Hudson_Bay_(1970),routing_scenario,25,Brackish Fish,catch,2.64076e-08,1.98057e-08,"Freeze completed living P,Q,diet,predation,accumulation,migration. Solve EE for SM; detritus accumulation absorbs routed inflow at fixed predation. No new consumption is assumed.",SM,0.25
446_446_Hudson_Bay_(1970),routing_scenario,24,Other Marine Fish,catch,6.60189e-08,4.9514175e-08,"Freeze completed living P,Q,diet,predation,accumulation,migration. Solve EE for SM; detritus accumulation absorbs routed inflow at fixed predation. No new consumption is assumed.",SM,0.25
446_446_Hudson_Bay_(1970),routing_scenario,22,Sandlance,catch,3.96113e-08,2.9708475e-08,"Freeze completed living P,Q,diet,predation,accumulation,migration. Solve EE for SM; detritus accumulation absorbs routed inflow at fixed predation. No new consumption is assumed.",SM,0.25
446_446_Hudson_Bay_(1970),routing_scenario,21,Capelin,catch,1.32038e-07,9.90285e-08,"Freeze completed living P,Q,diet,predation,accumulation,migration. Solve EE for SM; detritus accumulation absorbs routed inflow at fixed predation. No new consumption is assumed.",SM,0.25
446_446_Hudson_Bay_(1970),routing_scenario,20,Sculpins/ Zoarcids,catch,2.64076e-07,1.98057e-07,"Freeze completed living P,Q,diet,predation,accumulation,migration. Solve EE for SM; detritus accumulation absorbs routed inflow at fixed predation. No new consumption is assumed.",SM,0.25
446_446_Hudson_Bay_(1970),routing_scenario,19,Gadiformes,catch,2.64076e-07,1.98057e-07,"Freeze completed living P,Q,diet,predation,accumulation,migration. Solve EE for SM; detritus accumulation absorbs routed inflow at fixed predation. No new consumption is assumed.",SM,0.25
446_446_Hudson_Bay_(1970),routing_scenario,18,Atlantic Salmon,catch,1.32038e-08,9.90285e-09,"Freeze completed living P,Q,diet,predation,accumulation,migration. Solve EE for SM; detritus accumulation absorbs routed inflow at fixed predation. No new consumption is assumed.",SM,0.25
446_446_Hudson_Bay_(1970),routing_scenario,17,Arctic Char,catch,4.62132e-07,3.46599e-07,"Freeze completed living P,Q,diet,predation,accumulation,migration. Solve EE for SM; detritus accumulation absorbs routed inflow at fixed predation. No new consumption is assumed.",SM,0.25
446_446_Hudson_Bay_(1970),routing_scenario,16,Seabirds,catch,0.000325,0.00024375,"Freeze completed living P,Q,diet,predation,accumulation,migration. Solve EE for SM; detritus accumulation absorbs routed inflow at fixed predation. No new consumption is assumed.",SM,0.25
446_446_Hudson_Bay_(1970),routing_scenario,15,Beluga James,catch,1.4e-05,1.05e-05,"Freeze completed living P,Q,diet,predation,accumulation,migration. Solve EE for SM; detritus accumulation absorbs routed inflow at fixed predation. No new consumption is assumed.",SM,0.25
446_446_Hudson_Bay_(1970),routing_scenario,14,Beluga W,catch,6.05e-05,4.5375e-05,"Freeze completed living P,Q,diet,predation,accumulation,migration. Solve EE for SM; detritus accumulation absorbs routed inflow at fixed predation. No new consumption is assumed.",SM,0.25
446_446_Hudson_Bay_(1970),routing_scenario,13,Beluga E,catch,3.3e-05,2.4750000000000002e-05,"Freeze completed living P,Q,diet,predation,accumulation,migration. Solve EE for SM; detritus accumulation absorbs routed inflow at fixed predation. No new consumption is assumed.",SM,0.25
446_446_Hudson_Bay_(1970),routing_scenario,12,Harp seal,catch,1.4e-05,1.05e-05,"Freeze completed living P,Q,diet,predation,accumulation,migration. Solve EE for SM; detritus accumulation absorbs routed inflow at fixed predation. No new consumption is assumed.",SM,0.25
446_446_Hudson_Bay_(1970),routing_scenario,11,Ringed Seal,catch,0.000393,0.00029475,"Freeze completed living P,Q,diet,predation,accumulation,migration. Solve EE for SM; detritus accumulation absorbs routed inflow at fixed predation. No new consumption is assumed.",SM,0.25
446_446_Hudson_Bay_(1970),routing_scenario,10,Harbour Seal,catch,2e-06,1.5e-06,"Freeze completed living P,Q,diet,predation,accumulation,migration. Solve EE for SM; detritus accumulation absorbs routed inflow at fixed predation. No new consumption is assumed.",SM,0.25
446_446_Hudson_Bay_(1970),routing_scenario,9,Bearded Seal,catch,0.000167,0.00012524999999999998,"Freeze completed living P,Q,diet,predation,accumulation,migration. Solve EE for SM; detritus accumulation absorbs routed inflow at fixed predation. No new consumption is assumed.",SM,0.25
446_446_Hudson_Bay_(1970),routing_scenario,8,Walrus S,catch,6e-06,4.5e-06,"Freeze completed living P,Q,diet,predation,accumulation,migration. Solve EE for SM; detritus accumulation absorbs routed inflow at fixed predation. No new consumption is assumed.",SM,0.25
446_446_Hudson_Bay_(1970),routing_scenario,7,Walrus N,catch,8e-05,6.000000000000001e-05,"Freeze completed living P,Q,diet,predation,accumulation,migration. Solve EE for SM; detritus accumulation absorbs routed inflow at fixed predation. No new consumption is assumed.",SM,0.25
446_446_Hudson_Bay_(1970),routing_scenario,6,Bowhead,catch,9e-06,6.75e-06,"Freeze completed living P,Q,diet,predation,accumulation,migration. Solve EE for SM; detritus accumulation absorbs routed inflow at fixed predation. No new consumption is assumed.",SM,0.25
446_446_Hudson_Bay_(1970),routing_scenario,5,Narwhal,catch,3.4e-05,2.55e-05,"Freeze completed living P,Q,diet,predation,accumulation,migration. Solve EE for SM; detritus accumulation absorbs routed inflow at fixed predation. No new consumption is assumed.",SM,0.25
446_446_Hudson_Bay_(1970),routing_scenario,4,Killer Whale,catch,1e-06,7.5e-07,"Freeze completed living P,Q,diet,predation,accumulation,migration. Solve EE for SM; detritus accumulation absorbs routed inflow at fixed predation. No new consumption is assumed.",SM,0.25
446_446_Hudson_Bay_(1970),routing_scenario,3,Polar Bear Foxe,catch,5e-06,3.7500000000000005e-06,"Freeze completed living P,Q,diet,predation,accumulation,migration. Solve EE for SM; detritus accumulation absorbs routed inflow at fixed predation. No new consumption is assumed.",SM,0.25
446_446_Hudson_Bay_(1970),routing_scenario,2,SH Polar Bear,catch,2.2e-05,1.65e-05,"Freeze completed living P,Q,diet,predation,accumulation,migration. Solve EE for SM; detritus accumulation absorbs routed inflow at fixed predation. No new consumption is assumed.",SM,0.25
446_446_Hudson_Bay_(1970),routing_scenario,1,Polar Bear WHB,catch,1.5e-05,1.125e-05,"Freeze completed living P,Q,diet,predation,accumulation,migration. Solve EE for SM; detritus accumulation absorbs routed inflow at fixed predation. No new consumption is assumed.",SM,0.25
446_446_Hudson_Bay_(1970),routing_scenario,40,Pelagic Detritus,growth,100.09094139097152,100.09123683286239,"Freeze completed living P,Q,diet,predation,accumulation,migration. Solve EE for SM; detritus accumulation absorbs routed inflow at fixed predation. No new consumption is assumed.",SM,0.25
446_446_Hudson_Bay_(1970),routing_scenario,25,Brackish Fish,catch,2.64076e-08,1.98057e-08,"Freeze completed living P,Q,diet,predation,accumulation,migration. Solve EE for SM; detritus accumulation absorbs routed inflow at fixed predation. No new consumption is assumed.",SE,0.25
446_446_Hudson_Bay_(1970),routing_scenario,24,Other Marine Fish,catch,6.60189e-08,4.9514175e-08,"Freeze completed living P,Q,diet,predation,accumulation,migration. Solve EE for SM; detritus accumulation absorbs routed inflow at fixed predation. No new consumption is assumed.",SE,0.25
446_446_Hudson_Bay_(1970),routing_scenario,22,Sandlance,catch,3.96113e-08,2.9708475e-08,"Freeze completed living P,Q,diet,predation,accumulation,migration. Solve EE for SM; detritus accumulation absorbs routed inflow at fixed predation. No new consumption is assumed.",SE,0.25
446_446_Hudson_Bay_(1970),routing_scenario,21,Capelin,catch,1.32038e-07,9.90285e-08,"Freeze completed living P,Q,diet,predation,accumulation,migration. Solve EE for SM; detritus accumulation absorbs routed inflow at fixed predation. No new consumption is assumed.",SE,0.25
446_446_Hudson_Bay_(1970),routing_scenario,20,Sculpins/ Zoarcids,catch,2.64076e-07,1.98057e-07,"Freeze completed living P,Q,diet,predation,accumulation,migration. Solve EE for SM; detritus accumulation absorbs routed inflow at fixed predation. No new consumption is assumed.",SE,0.25
446_446_Hudson_Bay_(1970),routing_scenario,19,Gadiformes,catch,2.64076e-07,1.98057e-07,"Freeze completed living P,Q,diet,predation,accumulation,migration. Solve EE for SM; detritus accumulation absorbs routed inflow at fixed predation. No new consumption is assumed.",SE,0.25
446_446_Hudson_Bay_(1970),routing_scenario,18,Atlantic Salmon,catch,1.32038e-08,9.90285e-09,"Freeze completed living P,Q,diet,predation,accumulation,migration. Solve EE for SM; detritus accumulation absorbs routed inflow at fixed predation. No new consumption is assumed.",SE,0.25
446_446_Hudson_Bay_(1970),routing_scenario,17,Arctic Char,catch,4.62132e-07,3.46599e-07,"Freeze completed living P,Q,diet,predation,accumulation,migration. Solve EE for SM; detritus accumulation absorbs routed inflow at fixed predation. No new consumption is assumed.",SE,0.25
446_446_Hudson_Bay_(1970),routing_scenario,16,Seabirds,catch,0.000325,0.00024375,"Freeze completed living P,Q,diet,predation,accumulation,migration. Solve EE for SM; detritus accumulation absorbs routed inflow at fixed predation. No new consumption is assumed.",SE,0.25
446_446_Hudson_Bay_(1970),routing_scenario,15,Beluga James,catch,1.4e-05,1.05e-05,"Freeze completed living P,Q,diet,predation,accumulation,migration. Solve EE for SM; detritus accumulation absorbs routed inflow at fixed predation. No new consumption is assumed.",SE,0.25
446_446_Hudson_Bay_(1970),routing_scenario,14,Beluga W,catch,6.05e-05,4.5375e-05,"Freeze completed living P,Q,diet,predation,accumulation,migration. Solve EE for SM; detritus accumulation absorbs routed inflow at fixed predation. No new consumption is assumed.",SE,0.25
446_446_Hudson_Bay_(1970),routing_scenario,13,Beluga E,catch,3.3e-05,2.4750000000000002e-05,"Freeze completed living P,Q,diet,predation,accumulation,migration. Solve EE for SM; detritus accumulation absorbs routed inflow at fixed predation. No new consumption is assumed.",SE,0.25
446_446_Hudson_Bay_(1970),routing_scenario,12,Harp seal,catch,1.4e-05,1.05e-05,"Freeze completed living P,Q,diet,predation,accumulation,migration. Solve EE for SM; detritus accumulation absorbs routed inflow at fixed predation. No new consumption is assumed.",SE,0.25
446_446_Hudson_Bay_(1970),routing_scenario,11,Ringed Seal,catch,0.000393,0.00029475,"Freeze completed living P,Q,diet,predation,accumulation,migration. Solve EE for SM; detritus accumulation absorbs routed inflow at fixed predation. No new consumption is assumed.",SE,0.25
446_446_Hudson_Bay_(1970),routing_scenario,10,Harbour Seal,catch,2e-06,1.5e-06,"Freeze completed living P,Q,diet,predation,accumulation,migration. Solve EE for SM; detritus accumulation absorbs routed inflow at fixed predation. No new consumption is assumed.",SE,0.25
446_446_Hudson_Bay_(1970),routing_scenario,9,Bearded Seal,catch,0.000167,0.00012524999999999998,"Freeze completed living P,Q,diet,predation,accumulation,migration. Solve EE for SM; detritus accumulation absorbs routed inflow at fixed predation. No new consumption is assumed.",SE,0.25
446_446_Hudson_Bay_(1970),routing_scenario,8,Walrus S,catch,6e-06,4.5e-06,"Freeze completed living P,Q,diet,predation,accumulation,migration. Solve EE for SM; detritus accumulation absorbs routed inflow at fixed predation. No new consumption is assumed.",SE,0.25
446_446_Hudson_Bay_(1970),routing_scenario,7,Walrus N,catch,8e-05,6.000000000000001e-05,"Freeze completed living P,Q,diet,predation,accumulation,migration. Solve EE for SM; detritus accumulation absorbs routed inflow at fixed predation. No new consumption is assumed.",SE,0.25
446_446_Hudson_Bay_(1970),routing_scenario,6,Bowhead,catch,9e-06,6.75e-06,"Freeze completed living P,Q,diet,predation,accumulation,migration. Solve EE for SM; detritus accumulation absorbs routed inflow at fixed predation. No new consumption is assumed.",SE,0.25
446_446_Hudson_Bay_(1970),routing_scenario,5,Narwhal,catch,3.4e-05,2.55e-05,"Freeze completed living P,Q,diet,predation,accumulation,migration. Solve EE for SM; detritus accumulation absorbs routed inflow at fixed predation. No new consumption is assumed.",SE,0.25
446_446_Hudson_Bay_(1970),routing_scenario,4,Killer Whale,catch,1e-06,7.5e-07,"Freeze completed living P,Q,diet,predation,accumulation,migration. Solve EE for SM; detritus accumulation absorbs routed inflow at fixed predation. No new consumption is assumed.",SE,0.25
446_446_Hudson_Bay_(1970),routing_scenario,3,Polar Bear Foxe,catch,5e-06,3.7500000000000005e-06,"Freeze completed living P,Q,diet,predation,accumulation,migration. Solve EE for SM; detritus accumulation absorbs routed inflow at fixed predation. No new consumption is assumed.",SE,0.25
446_446_Hudson_Bay_(1970),routing_scenario,2,SH Polar Bear,catch,2.2e-05,1.65e-05,"Freeze completed living P,Q,diet,predation,accumulation,migration. Solve EE for SM; detritus accumulation absorbs routed inflow at fixed predation. No new consumption is assumed.",SE,0.25
446_446_Hudson_Bay_(1970),routing_scenario,1,Polar Bear WHB,catch,1.5e-05,1.125e-05,"Freeze completed living P,Q,diet,predation,accumulation,migration. Solve EE for SM; detritus accumulation absorbs routed inflow at fixed predation. No new consumption is assumed.",SE,0.25
446_446_Hudson_Bay_(1970),routing_scenario,25,Brackish Fish,external_loss,0.0,6.6019e-09,"Freeze completed living P,Q,diet,predation,accumulation,migration. Solve EE for SM; detritus accumulation absorbs routed inflow at fixed predation. No new consumption is assumed.",SE,0.25
446_446_Hudson_Bay_(1970),routing_scenario,24,Other Marine Fish,external_loss,0.0,1.6504725e-08,"Freeze completed living P,Q,diet,predation,accumulation,migration. Solve EE for SM; detritus accumulation absorbs routed inflow at fixed predation. No new consumption is assumed.",SE,0.25
446_446_Hudson_Bay_(1970),routing_scenario,22,Sandlance,external_loss,0.0,9.902825e-09,"Freeze completed living P,Q,diet,predation,accumulation,migration. Solve EE for SM; detritus accumulation absorbs routed inflow at fixed predation. No new consumption is assumed.",SE,0.25
446_446_Hudson_Bay_(1970),routing_scenario,21,Capelin,external_loss,0.0,3.30095e-08,"Freeze completed living P,Q,diet,predation,accumulation,migration. Solve EE for SM; detritus accumulation absorbs routed inflow at fixed predation. No new consumption is assumed.",SE,0.25
446_446_Hudson_Bay_(1970),routing_scenario,20,Sculpins/ Zoarcids,external_loss,0.0,6.6019e-08,"Freeze completed living P,Q,diet,predation,accumulation,migration. Solve EE for SM; detritus accumulation absorbs routed inflow at fixed predation. No new consumption is assumed.",SE,0.25
446_446_Hudson_Bay_(1970),routing_scenario,19,Gadiformes,external_loss,0.0,6.6019e-08,"Freeze completed living P,Q,diet,predation,accumulation,migration. Solve EE for SM; detritus accumulation absorbs routed inflow at fixed predation. No new consumption is assumed.",SE,0.25
446_446_Hudson_Bay_(1970),routing_scenario,18,Atlantic Salmon,external_loss,0.0,3.30095e-09,"Freeze completed living P,Q,diet,predation,accumulation,migration. Solve EE for SM; detritus accumulation absorbs routed inflow at fixed predation. No new consumption is assumed.",SE,0.25
446_446_Hudson_Bay_(1970),routing_scenario,17,Arctic Char,external_loss,0.0,1.15533e-07,"Freeze completed living P,Q,diet,predation,accumulation,migration. Solve EE for SM; detritus accumulation absorbs routed inflow at fixed predation. No new consumption is assumed.",SE,0.25
446_446_Hudson_Bay_(1970),routing_scenario,16,Seabirds,external_loss,0.0,8.125e-05,"Freeze completed living P,Q,diet,predation,accumulation,migration. Solve EE for SM; detritus accumulation absorbs routed inflow at fixed predation. No new consumption is assumed.",SE,0.25
446_446_Hudson_Bay_(1970),routing_scenario,15,Beluga James,external_loss,0.0,3.5e-06,"Freeze completed living P,Q,diet,predation,accumulation,migration. Solve EE for SM; detritus accumulation absorbs routed inflow at fixed predation. No new consumption is assumed.",SE,0.25
446_446_Hudson_Bay_(1970),routing_scenario,14,Beluga W,external_loss,0.0,1.5125e-05,"Freeze completed living P,Q,diet,predation,accumulation,migration. Solve EE for SM; detritus accumulation absorbs routed inflow at fixed predation. No new consumption is assumed.",SE,0.25
446_446_Hudson_Bay_(1970),routing_scenario,13,Beluga E,external_loss,0.0,8.25e-06,"Freeze completed living P,Q,diet,predation,accumulation,migration. Solve EE for SM; detritus accumulation absorbs routed inflow at fixed predation. No new consumption is assumed.",SE,0.25
446_446_Hudson_Bay_(1970),routing_scenario,12,Harp seal,external_loss,0.0,3.5e-06,"Freeze completed living P,Q,diet,predation,accumulation,migration. Solve EE for SM; detritus accumulation absorbs routed inflow at fixed predation. No new consumption is assumed.",SE,0.25
446_446_Hudson_Bay_(1970),routing_scenario,11,Ringed Seal,external_loss,0.0,9.825e-05,"Freeze completed living P,Q,diet,predation,accumulation,migration. Solve EE for SM; detritus accumulation absorbs routed inflow at fixed predation. No new consumption is assumed.",SE,0.25
446_446_Hudson_Bay_(1970),routing_scenario,10,Harbour Seal,external_loss,0.0,5e-07,"Freeze completed living P,Q,diet,predation,accumulation,migration. Solve EE for SM; detritus accumulation absorbs routed inflow at fixed predation. No new consumption is assumed.",SE,0.25
446_446_Hudson_Bay_(1970),routing_scenario,9,Bearded Seal,external_loss,0.0,4.175e-05,"Freeze completed living P,Q,diet,predation,accumulation,migration. Solve EE for SM; detritus accumulation absorbs routed inflow at fixed predation. No new consumption is assumed.",SE,0.25
446_446_Hudson_Bay_(1970),routing_scenario,8,Walrus S,external_loss,0.0,1.5e-06,"Freeze completed living P,Q,diet,predation,accumulation,migration. Solve EE for SM; detritus accumulation absorbs routed inflow at fixed predation. No new consumption is assumed.",SE,0.25
446_446_Hudson_Bay_(1970),routing_scenario,7,Walrus N,external_loss,0.0,2e-05,"Freeze completed living P,Q,diet,predation,accumulation,migration. Solve EE for SM; detritus accumulation absorbs routed inflow at fixed predation. No new consumption is assumed.",SE,0.25
446_446_Hudson_Bay_(1970),routing_scenario,6,Bowhead,external_loss,0.0,2.25e-06,"Freeze completed living P,Q,diet,predation,accumulation,migration. Solve EE for SM; detritus accumulation absorbs routed inflow at fixed predation. No new consumption is assumed.",SE,0.25
446_446_Hudson_Bay_(1970),routing_scenario,5,Narwhal,external_loss,0.0,8.5e-06,"Freeze completed living P,Q,diet,predation,accumulation,migration. Solve EE for SM; detritus accumulation absorbs routed inflow at fixed predation. No new consumption is assumed.",SE,0.25
446_446_Hudson_Bay_(1970),routing_scenario,4,Killer Whale,external_loss,0.0,2.5e-07,"Freeze completed living P,Q,diet,predation,accumulation,migration. Solve EE for SM; detritus accumulation absorbs routed inflow at fixed predation. No new consumption is assumed.",SE,0.25
446_446_Hudson_Bay_(1970),routing_scenario,3,Polar Bear Foxe,external_loss,0.0,1.25e-06,"Freeze completed living P,Q,diet,predation,accumulation,migration. Solve EE for SM; detritus accumulation absorbs routed inflow at fixed predation. No new consumption is assumed.",SE,0.25
446_446_Hudson_Bay_(1970),routing_scenario,2,SH Polar Bear,external_loss,0.0,5.5e-06,"Freeze completed living P,Q,diet,predation,accumulation,migration. Solve EE for SM; detritus accumulation absorbs routed inflow at fixed predation. No new consumption is assumed.",SE,0.25
446_446_Hudson_Bay_(1970),routing_scenario,1,Polar Bear WHB,external_loss,0.0,3.75e-06,"Freeze completed living P,Q,diet,predation,accumulation,migration. Solve EE for SM; detritus accumulation absorbs routed inflow at fixed predation. No new consumption is assumed.",SE,0.25
446_446_Hudson_Bay_(1970),routing_scenario,40,Pelagic Detritus,p,128.24910803428477,128.24946256455382,"Freeze completed living P,Q,diet,predation,accumulation,migration. Solve EE for SM; detritus accumulation absorbs routed inflow at fixed predation. No new consumption is assumed.",SM,0.3
446_446_Hudson_Bay_(1970),routing_scenario,40,Pelagic Detritus,q,128.24910803428477,128.24946256455382,"Freeze completed living P,Q,diet,predation,accumulation,migration. Solve EE for SM; detritus accumulation absorbs routed inflow at fixed predation. No new consumption is assumed.",SM,0.3
446_446_Hudson_Bay_(1970),routing_scenario,25,Brackish Fish,M0,0.0025425355725000025,0.0025425434947800025,"Freeze completed living P,Q,diet,predation,accumulation,migration. Solve EE for SM; detritus accumulation absorbs routed inflow at fixed predation. No new consumption is assumed.",SM,0.3
446_446_Hudson_Bay_(1970),routing_scenario,24,Other Marine Fish,M0,0.011930946740000012,0.011930966545670012,"Freeze completed living P,Q,diet,predation,accumulation,migration. Solve EE for SM; detritus accumulation absorbs routed inflow at fixed predation. No new consumption is assumed.",SM,0.3
446_446_Hudson_Bay_(1970),routing_scenario,22,Sandlance,M0,0.021766202280000018,0.02176621416339002,"Freeze completed living P,Q,diet,predation,accumulation,migration. Solve EE for SM; detritus accumulation absorbs routed inflow at fixed predation. No new consumption is assumed.",SM,0.3
446_446_Hudson_Bay_(1970),routing_scenario,21,Capelin,M0,0.025841266500000022,0.025841306111400023,"Freeze completed living P,Q,diet,predation,accumulation,migration. Solve EE for SM; detritus accumulation absorbs routed inflow at fixed predation. No new consumption is assumed.",SM,0.3
446_446_Hudson_Bay_(1970),routing_scenario,20,Sculpins/ Zoarcids,M0,0.008667478715000008,0.008667557937800009,"Freeze completed living P,Q,diet,predation,accumulation,migration. Solve EE for SM; detritus accumulation absorbs routed inflow at fixed predation. No new consumption is assumed.",SM,0.3
446_446_Hudson_Bay_(1970),routing_scenario,19,Gadiformes,M0,0.016022631350000014,0.016022710572800015,"Freeze completed living P,Q,diet,predation,accumulation,migration. Solve EE for SM; detritus accumulation absorbs routed inflow at fixed predation. No new consumption is assumed.",SM,0.3
446_446_Hudson_Bay_(1970),routing_scenario,18,Atlantic Salmon,M0,0.0013343262400000013,0.0013343302011400012,"Freeze completed living P,Q,diet,predation,accumulation,migration. Solve EE for SM; detritus accumulation absorbs routed inflow at fixed predation. No new consumption is assumed.",SM,0.3
446_446_Hudson_Bay_(1970),routing_scenario,17,Arctic Char,M0,0.0017951153200000017,0.0017952539596000016,"Freeze completed living P,Q,diet,predation,accumulation,migration. Solve EE for SM; detritus accumulation absorbs routed inflow at fixed predation. No new consumption is assumed.",SM,0.3
446_446_Hudson_Bay_(1970),routing_scenario,16,Seabirds,M0,0.021714263038000003,0.021811763038000004,"Freeze completed living P,Q,diet,predation,accumulation,migration. Solve EE for SM; detritus accumulation absorbs routed inflow at fixed predation. No new consumption is assumed.",SM,0.3
446_446_Hudson_Bay_(1970),routing_scenario,15,Beluga James,M0,5.5673137044634417e-05,5.987313704463442e-05,"Freeze completed living P,Q,diet,predation,accumulation,migration. Solve EE for SM; detritus accumulation absorbs routed inflow at fixed predation. No new consumption is assumed.",SM,0.3
446_446_Hudson_Bay_(1970),routing_scenario,14,Beluga W,M0,0.0013602991127677291,0.001378449112767729,"Freeze completed living P,Q,diet,predation,accumulation,migration. Solve EE for SM; detritus accumulation absorbs routed inflow at fixed predation. No new consumption is assumed.",SM,0.3
446_446_Hudson_Bay_(1970),routing_scenario,13,Beluga E,M0,9.807396405385151e-05,0.00010797396405385151,"Freeze completed living P,Q,diet,predation,accumulation,migration. Solve EE for SM; detritus accumulation absorbs routed inflow at fixed predation. No new consumption is assumed.",SM,0.3
446_446_Hudson_Bay_(1970),routing_scenario,12,Harp seal,M0,3.9123524670240005e-05,4.3323524670240005e-05,"Freeze completed living P,Q,diet,predation,accumulation,migration. Solve EE for SM; detritus accumulation absorbs routed inflow at fixed predation. No new consumption is assumed.",SM,0.3
446_446_Hudson_Bay_(1970),routing_scenario,11,Ringed Seal,M0,0.004359851707524983,0.0044777517075249825,"Freeze completed living P,Q,diet,predation,accumulation,migration. Solve EE for SM; detritus accumulation absorbs routed inflow at fixed predation. No new consumption is assumed.",SM,0.3
446_446_Hudson_Bay_(1970),routing_scenario,10,Harbour Seal,M0,0.00012099825122750879,0.00012159825122750879,"Freeze completed living P,Q,diet,predation,accumulation,migration. Solve EE for SM; detritus accumulation absorbs routed inflow at fixed predation. No new consumption is assumed.",SM,0.3
446_446_Hudson_Bay_(1970),routing_scenario,9,Bearded Seal,M0,0.00013606373638765757,0.00018616373638765757,"Freeze completed living P,Q,diet,predation,accumulation,migration. Solve EE for SM; detritus accumulation absorbs routed inflow at fixed predation. No new consumption is assumed.",SM,0.3
446_446_Hudson_Bay_(1970),routing_scenario,8,Walrus S,M0,8.217029462185597e-05,8.397029462185598e-05,"Freeze completed living P,Q,diet,predation,accumulation,migration. Solve EE for SM; detritus accumulation absorbs routed inflow at fixed predation. No new consumption is assumed.",SM,0.3
446_446_Hudson_Bay_(1970),routing_scenario,7,Walrus N,M0,0.0003819925835737691,0.0004059925835737691,"Freeze completed living P,Q,diet,predation,accumulation,migration. Solve EE for SM; detritus accumulation absorbs routed inflow at fixed predation. No new consumption is assumed.",SM,0.3
446_446_Hudson_Bay_(1970),routing_scenario,6,Bowhead,M0,0.00021741439634646387,0.00022011439634646388,"Freeze completed living P,Q,diet,predation,accumulation,migration. Solve EE for SM; detritus accumulation absorbs routed inflow at fixed predation. No new consumption is assumed.",SM,0.3
446_446_Hudson_Bay_(1970),routing_scenario,5,Narwhal,M0,0.00011868823016079942,0.00012888823016079943,"Freeze completed living P,Q,diet,predation,accumulation,migration. Solve EE for SM; detritus accumulation absorbs routed inflow at fixed predation. No new consumption is assumed.",SM,0.3
446_446_Hudson_Bay_(1970),routing_scenario,4,Killer Whale,M0,2.76981004599574e-06,3.06981004599574e-06,"Freeze completed living P,Q,diet,predation,accumulation,migration. Solve EE for SM; detritus accumulation absorbs routed inflow at fixed predation. No new consumption is assumed.",SM,0.3
446_446_Hudson_Bay_(1970),routing_scenario,3,Polar Bear Foxe,M0,1.611317803944726e-05,1.761317803944726e-05,"Freeze completed living P,Q,diet,predation,accumulation,migration. Solve EE for SM; detritus accumulation absorbs routed inflow at fixed predation. No new consumption is assumed.",SM,0.3
446_446_Hudson_Bay_(1970),routing_scenario,2,SH Polar Bear,M0,2.9258219105026142e-05,3.585821910502614e-05,"Freeze completed living P,Q,diet,predation,accumulation,migration. Solve EE for SM; detritus accumulation absorbs routed inflow at fixed predation. No new consumption is assumed.",SM,0.3
446_446_Hudson_Bay_(1970),routing_scenario,1,Polar Bear WHB,M0,3.4803496340686466e-05,3.9303496340686467e-05,"Freeze completed living P,Q,diet,predation,accumulation,migration. Solve EE for SM; detritus accumulation absorbs routed inflow at fixed predation. No new consumption is assumed.",SM,0.3
446_446_Hudson_Bay_(1970),routing_scenario,25,Brackish Fish,EE,0.95,0.9499998442051295,"Freeze completed living P,Q,diet,predation,accumulation,migration. Solve EE for SM; detritus accumulation absorbs routed inflow at fixed predation. No new consumption is assumed.",SM,0.3
446_446_Hudson_Bay_(1970),routing_scenario,24,Other Marine Fish,EE,0.95,0.9499999169987494,"Freeze completed living P,Q,diet,predation,accumulation,migration. Solve EE for SM; detritus accumulation absorbs routed inflow at fixed predation. No new consumption is assumed.",SM,0.3
446_446_Hudson_Bay_(1970),routing_scenario,22,Sandlance,EE,0.95,0.949999972702197,"Freeze completed living P,Q,diet,predation,accumulation,migration. Solve EE for SM; detritus accumulation absorbs routed inflow at fixed predation. No new consumption is assumed.",SM,0.3
446_446_Hudson_Bay_(1970),routing_scenario,21,Capelin,EE,0.95,0.9499999233563107,"Freeze completed living P,Q,diet,predation,accumulation,migration. Solve EE for SM; detritus accumulation absorbs routed inflow at fixed predation. No new consumption is assumed.",SM,0.3
446_446_Hudson_Bay_(1970),routing_scenario,20,Sculpins/ Zoarcids,EE,0.95,0.9499995429882055,"Freeze completed living P,Q,diet,predation,accumulation,migration. Solve EE for SM; detritus accumulation absorbs routed inflow at fixed predation. No new consumption is assumed.",SM,0.3
446_446_Hudson_Bay_(1970),routing_scenario,19,Gadiformes,EE,0.95,0.9499997527784348,"Freeze completed living P,Q,diet,predation,accumulation,migration. Solve EE for SM; detritus accumulation absorbs routed inflow at fixed predation. No new consumption is assumed.",SM,0.3
446_446_Hudson_Bay_(1970),routing_scenario,18,Atlantic Salmon,EE,0.95,0.9499998515677844,"Freeze completed living P,Q,diet,predation,accumulation,migration. Solve EE for SM; detritus accumulation absorbs routed inflow at fixed predation. No new consumption is assumed.",SM,0.3
446_446_Hudson_Bay_(1970),routing_scenario,17,Arctic Char,EE,0.95,0.9499961384207896,"Freeze completed living P,Q,diet,predation,accumulation,migration. Solve EE for SM; detritus accumulation absorbs routed inflow at fixed predation. No new consumption is assumed.",SM,0.3
446_446_Hudson_Bay_(1970),routing_scenario,16,Seabirds,EE,0.09712003999999996,0.09306598594594584,"Freeze completed living P,Q,diet,predation,accumulation,migration. Solve EE for SM; detritus accumulation absorbs routed inflow at fixed predation. No new consumption is assumed.",SM,0.3
446_446_Hudson_Bay_(1970),routing_scenario,15,Beluga James,EE,0.5643347,0.5314679646742537,"Freeze completed living P,Q,diet,predation,accumulation,migration. Solve EE for SM; detritus accumulation absorbs routed inflow at fixed predation. No new consumption is assumed.",SM,0.3
446_446_Hudson_Bay_(1970),routing_scenario,14,Beluga W,EE,0.13272054499999997,0.12114873556448369,"Freeze completed living P,Q,diet,predation,accumulation,migration. Solve EE for SM; detritus accumulation absorbs routed inflow at fixed predation. No new consumption is assumed.",SM,0.3
446_446_Hudson_Bay_(1970),routing_scenario,13,Beluga E,EE,0.28052579999999994,0.20789903663098863,"Freeze completed living P,Q,diet,predation,accumulation,migration. Solve EE for SM; detritus accumulation absorbs routed inflow at fixed predation. No new consumption is assumed.",SM,0.3
446_446_Hudson_Bay_(1970),routing_scenario,12,Harp seal,EE,0.6883504,0.6548941014933458,"Freeze completed living P,Q,diet,predation,accumulation,migration. Solve EE for SM; detritus accumulation absorbs routed inflow at fixed predation. No new consumption is assumed.",SM,0.3
446_446_Hudson_Bay_(1970),routing_scenario,11,Ringed Seal,EE,0.412556618,0.39667085412911884,"Freeze completed living P,Q,diet,predation,accumulation,migration. Solve EE for SM; detritus accumulation absorbs routed inflow at fixed predation. No new consumption is assumed.",SM,0.3
446_446_Hudson_Bay_(1970),routing_scenario,10,Harbour Seal,EE,0.07364795999999996,0.06905441242091204,"Freeze completed living P,Q,diet,predation,accumulation,migration. Solve EE for SM; detritus accumulation absorbs routed inflow at fixed predation. No new consumption is assumed.",SM,0.3
446_446_Hudson_Bay_(1970),routing_scenario,9,Bearded Seal,EE,0.791283369,0.7144318618261272,"Freeze completed living P,Q,diet,predation,accumulation,migration. Solve EE for SM; detritus accumulation absorbs routed inflow at fixed predation. No new consumption is assumed.",SM,0.3
446_446_Hudson_Bay_(1970),routing_scenario,8,Walrus S,EE,0.143246785,0.12447898339849739,"Freeze completed living P,Q,diet,predation,accumulation,migration. Solve EE for SM; detritus accumulation absorbs routed inflow at fixed predation. No new consumption is assumed.",SM,0.3
446_446_Hudson_Bay_(1970),routing_scenario,7,Walrus N,EE,0.18816389099999997,0.13715749073506578,"Freeze completed living P,Q,diet,predation,accumulation,migration. Solve EE for SM; detritus accumulation absorbs routed inflow at fixed predation. No new consumption is assumed.",SM,0.3
446_446_Hudson_Bay_(1970),routing_scenario,6,Bowhead,EE,0.052819170000000026,0.041056433566830974,"Freeze completed living P,Q,diet,predation,accumulation,migration. Solve EE for SM; detritus accumulation absorbs routed inflow at fixed predation. No new consumption is assumed.",SM,0.3
446_446_Hudson_Bay_(1970),routing_scenario,5,Narwhal,EE,0.2706202,0.20793770865337957,"Freeze completed living P,Q,diet,predation,accumulation,migration. Solve EE for SM; detritus accumulation absorbs routed inflow at fixed predation. No new consumption is assumed.",SM,0.3
446_446_Hudson_Bay_(1970),routing_scenario,4,Killer Whale,EE,0.26526534600000007,0.18568573853967718,"Freeze completed living P,Q,diet,predation,accumulation,migration. Solve EE for SM; detritus accumulation absorbs routed inflow at fixed predation. No new consumption is assumed.",SM,0.3
446_446_Hudson_Bay_(1970),routing_scenario,3,Polar Bear Foxe,EE,0.3027038569999999,0.2377915093588714,"Freeze completed living P,Q,diet,predation,accumulation,migration. Solve EE for SM; detritus accumulation absorbs routed inflow at fixed predation. No new consumption is assumed.",SM,0.3
446_446_Hudson_Bay_(1970),routing_scenario,2,SH Polar Bear,EE,0.5060891,0.3946738450831342,"Freeze completed living P,Q,diet,predation,accumulation,migration. Solve EE for SM; detritus accumulation absorbs routed inflow at fixed predation. No new consumption is assumed.",SM,0.3
446_446_Hudson_Bay_(1970),routing_scenario,1,Polar Bear WHB,EE,0.4138758,0.3380914916023232,"Freeze completed living P,Q,diet,predation,accumulation,migration. Solve EE for SM; detritus accumulation absorbs routed inflow at fixed predation. No new consumption is assumed.",SM,0.3
446_446_Hudson_Bay_(1970),routing_scenario,25,Brackish Fish,catch,2.64076e-08,1.848532e-08,"Freeze completed living P,Q,diet,predation,accumulation,migration. Solve EE for SM; detritus accumulation absorbs routed inflow at fixed predation. No new consumption is assumed.",SM,0.3
446_446_Hudson_Bay_(1970),routing_scenario,24,Other Marine Fish,catch,6.60189e-08,4.621323e-08,"Freeze completed living P,Q,diet,predation,accumulation,migration. Solve EE for SM; detritus accumulation absorbs routed inflow at fixed predation. No new consumption is assumed.",SM,0.3
446_446_Hudson_Bay_(1970),routing_scenario,22,Sandlance,catch,3.96113e-08,2.7727909999999996e-08,"Freeze completed living P,Q,diet,predation,accumulation,migration. Solve EE for SM; detritus accumulation absorbs routed inflow at fixed predation. No new consumption is assumed.",SM,0.3
446_446_Hudson_Bay_(1970),routing_scenario,21,Capelin,catch,1.32038e-07,9.24266e-08,"Freeze completed living P,Q,diet,predation,accumulation,migration. Solve EE for SM; detritus accumulation absorbs routed inflow at fixed predation. No new consumption is assumed.",SM,0.3
446_446_Hudson_Bay_(1970),routing_scenario,20,Sculpins/ Zoarcids,catch,2.64076e-07,1.848532e-07,"Freeze completed living P,Q,diet,predation,accumulation,migration. Solve EE for SM; detritus accumulation absorbs routed inflow at fixed predation. No new consumption is assumed.",SM,0.3
446_446_Hudson_Bay_(1970),routing_scenario,19,Gadiformes,catch,2.64076e-07,1.848532e-07,"Freeze completed living P,Q,diet,predation,accumulation,migration. Solve EE for SM; detritus accumulation absorbs routed inflow at fixed predation. No new consumption is assumed.",SM,0.3
446_446_Hudson_Bay_(1970),routing_scenario,18,Atlantic Salmon,catch,1.32038e-08,9.24266e-09,"Freeze completed living P,Q,diet,predation,accumulation,migration. Solve EE for SM; detritus accumulation absorbs routed inflow at fixed predation. No new consumption is assumed.",SM,0.3
446_446_Hudson_Bay_(1970),routing_scenario,17,Arctic Char,catch,4.62132e-07,3.234924e-07,"Freeze completed living P,Q,diet,predation,accumulation,migration. Solve EE for SM; detritus accumulation absorbs routed inflow at fixed predation. No new consumption is assumed.",SM,0.3
446_446_Hudson_Bay_(1970),routing_scenario,16,Seabirds,catch,0.000325,0.00022749999999999997,"Freeze completed living P,Q,diet,predation,accumulation,migration. Solve EE for SM; detritus accumulation absorbs routed inflow at fixed predation. No new consumption is assumed.",SM,0.3
446_446_Hudson_Bay_(1970),routing_scenario,15,Beluga James,catch,1.4e-05,9.8e-06,"Freeze completed living P,Q,diet,predation,accumulation,migration. Solve EE for SM; detritus accumulation absorbs routed inflow at fixed predation. No new consumption is assumed.",SM,0.3
446_446_Hudson_Bay_(1970),routing_scenario,14,Beluga W,catch,6.05e-05,4.235e-05,"Freeze completed living P,Q,diet,predation,accumulation,migration. Solve EE for SM; detritus accumulation absorbs routed inflow at fixed predation. No new consumption is assumed.",SM,0.3
446_446_Hudson_Bay_(1970),routing_scenario,13,Beluga E,catch,3.3e-05,2.31e-05,"Freeze completed living P,Q,diet,predation,accumulation,migration. Solve EE for SM; detritus accumulation absorbs routed inflow at fixed predation. No new consumption is assumed.",SM,0.3
446_446_Hudson_Bay_(1970),routing_scenario,12,Harp seal,catch,1.4e-05,9.8e-06,"Freeze completed living P,Q,diet,predation,accumulation,migration. Solve EE for SM; detritus accumulation absorbs routed inflow at fixed predation. No new consumption is assumed.",SM,0.3
446_446_Hudson_Bay_(1970),routing_scenario,11,Ringed Seal,catch,0.000393,0.00027509999999999996,"Freeze completed living P,Q,diet,predation,accumulation,migration. Solve EE for SM; detritus accumulation absorbs routed inflow at fixed predation. No new consumption is assumed.",SM,0.3
446_446_Hudson_Bay_(1970),routing_scenario,10,Harbour Seal,catch,2e-06,1.4e-06,"Freeze completed living P,Q,diet,predation,accumulation,migration. Solve EE for SM; detritus accumulation absorbs routed inflow at fixed predation. No new consumption is assumed.",SM,0.3
446_446_Hudson_Bay_(1970),routing_scenario,9,Bearded Seal,catch,0.000167,0.00011689999999999998,"Freeze completed living P,Q,diet,predation,accumulation,migration. Solve EE for SM; detritus accumulation absorbs routed inflow at fixed predation. No new consumption is assumed.",SM,0.3
446_446_Hudson_Bay_(1970),routing_scenario,8,Walrus S,catch,6e-06,4.2e-06,"Freeze completed living P,Q,diet,predation,accumulation,migration. Solve EE for SM; detritus accumulation absorbs routed inflow at fixed predation. No new consumption is assumed.",SM,0.3
446_446_Hudson_Bay_(1970),routing_scenario,7,Walrus N,catch,8e-05,5.6e-05,"Freeze completed living P,Q,diet,predation,accumulation,migration. Solve EE for SM; detritus accumulation absorbs routed inflow at fixed predation. No new consumption is assumed.",SM,0.3
446_446_Hudson_Bay_(1970),routing_scenario,6,Bowhead,catch,9e-06,6.3e-06,"Freeze completed living P,Q,diet,predation,accumulation,migration. Solve EE for SM; detritus accumulation absorbs routed inflow at fixed predation. No new consumption is assumed.",SM,0.3
446_446_Hudson_Bay_(1970),routing_scenario,5,Narwhal,catch,3.4e-05,2.38e-05,"Freeze completed living P,Q,diet,predation,accumulation,migration. Solve EE for SM; detritus accumulation absorbs routed inflow at fixed predation. No new consumption is assumed.",SM,0.3
446_446_Hudson_Bay_(1970),routing_scenario,4,Killer Whale,catch,1e-06,7e-07,"Freeze completed living P,Q,diet,predation,accumulation,migration. Solve EE for SM; detritus accumulation absorbs routed inflow at fixed predation. No new consumption is assumed.",SM,0.3
446_446_Hudson_Bay_(1970),routing_scenario,3,Polar Bear Foxe,catch,5e-06,3.5e-06,"Freeze completed living P,Q,diet,predation,accumulation,migration. Solve EE for SM; detritus accumulation absorbs routed inflow at fixed predation. No new consumption is assumed.",SM,0.3
446_446_Hudson_Bay_(1970),routing_scenario,2,SH Polar Bear,catch,2.2e-05,1.5399999999999998e-05,"Freeze completed living P,Q,diet,predation,accumulation,migration. Solve EE for SM; detritus accumulation absorbs routed inflow at fixed predation. No new consumption is assumed.",SM,0.3
446_446_Hudson_Bay_(1970),routing_scenario,1,Polar Bear WHB,catch,1.5e-05,1.05e-05,"Freeze completed living P,Q,diet,predation,accumulation,migration. Solve EE for SM; detritus accumulation absorbs routed inflow at fixed predation. No new consumption is assumed.",SM,0.3
446_446_Hudson_Bay_(1970),routing_scenario,40,Pelagic Detritus,growth,100.09094139097152,100.09129592124057,"Freeze completed living P,Q,diet,predation,accumulation,migration. Solve EE for SM; detritus accumulation absorbs routed inflow at fixed predation. No new consumption is assumed.",SM,0.3
446_446_Hudson_Bay_(1970),routing_scenario,25,Brackish Fish,catch,2.64076e-08,1.848532e-08,"Freeze completed living P,Q,diet,predation,accumulation,migration. Solve EE for SM; detritus accumulation absorbs routed inflow at fixed predation. No new consumption is assumed.",SE,0.3
446_446_Hudson_Bay_(1970),routing_scenario,24,Other Marine Fish,catch,6.60189e-08,4.621323e-08,"Freeze completed living P,Q,diet,predation,accumulation,migration. Solve EE for SM; detritus accumulation absorbs routed inflow at fixed predation. No new consumption is assumed.",SE,0.3
446_446_Hudson_Bay_(1970),routing_scenario,22,Sandlance,catch,3.96113e-08,2.7727909999999996e-08,"Freeze completed living P,Q,diet,predation,accumulation,migration. Solve EE for SM; detritus accumulation absorbs routed inflow at fixed predation. No new consumption is assumed.",SE,0.3
446_446_Hudson_Bay_(1970),routing_scenario,21,Capelin,catch,1.32038e-07,9.24266e-08,"Freeze completed living P,Q,diet,predation,accumulation,migration. Solve EE for SM; detritus accumulation absorbs routed inflow at fixed predation. No new consumption is assumed.",SE,0.3
446_446_Hudson_Bay_(1970),routing_scenario,20,Sculpins/ Zoarcids,catch,2.64076e-07,1.848532e-07,"Freeze completed living P,Q,diet,predation,accumulation,migration. Solve EE for SM; detritus accumulation absorbs routed inflow at fixed predation. No new consumption is assumed.",SE,0.3
446_446_Hudson_Bay_(1970),routing_scenario,19,Gadiformes,catch,2.64076e-07,1.848532e-07,"Freeze completed living P,Q,diet,predation,accumulation,migration. Solve EE for SM; detritus accumulation absorbs routed inflow at fixed predation. No new consumption is assumed.",SE,0.3
446_446_Hudson_Bay_(1970),routing_scenario,18,Atlantic Salmon,catch,1.32038e-08,9.24266e-09,"Freeze completed living P,Q,diet,predation,accumulation,migration. Solve EE for SM; detritus accumulation absorbs routed inflow at fixed predation. No new consumption is assumed.",SE,0.3
446_446_Hudson_Bay_(1970),routing_scenario,17,Arctic Char,catch,4.62132e-07,3.234924e-07,"Freeze completed living P,Q,diet,predation,accumulation,migration. Solve EE for SM; detritus accumulation absorbs routed inflow at fixed predation. No new consumption is assumed.",SE,0.3
446_446_Hudson_Bay_(1970),routing_scenario,16,Seabirds,catch,0.000325,0.00022749999999999997,"Freeze completed living P,Q,diet,predation,accumulation,migration. Solve EE for SM; detritus accumulation absorbs routed inflow at fixed predation. No new consumption is assumed.",SE,0.3
446_446_Hudson_Bay_(1970),routing_scenario,15,Beluga James,catch,1.4e-05,9.8e-06,"Freeze completed living P,Q,diet,predation,accumulation,migration. Solve EE for SM; detritus accumulation absorbs routed inflow at fixed predation. No new consumption is assumed.",SE,0.3
446_446_Hudson_Bay_(1970),routing_scenario,14,Beluga W,catch,6.05e-05,4.235e-05,"Freeze completed living P,Q,diet,predation,accumulation,migration. Solve EE for SM; detritus accumulation absorbs routed inflow at fixed predation. No new consumption is assumed.",SE,0.3
446_446_Hudson_Bay_(1970),routing_scenario,13,Beluga E,catch,3.3e-05,2.31e-05,"Freeze completed living P,Q,diet,predation,accumulation,migration. Solve EE for SM; detritus accumulation absorbs routed inflow at fixed predation. No new consumption is assumed.",SE,0.3
446_446_Hudson_Bay_(1970),routing_scenario,12,Harp seal,catch,1.4e-05,9.8e-06,"Freeze completed living P,Q,diet,predation,accumulation,migration. Solve EE for SM; detritus accumulation absorbs routed inflow at fixed predation. No new consumption is assumed.",SE,0.3
446_446_Hudson_Bay_(1970),routing_scenario,11,Ringed Seal,catch,0.000393,0.00027509999999999996,"Freeze completed living P,Q,diet,predation,accumulation,migration. Solve EE for SM; detritus accumulation absorbs routed inflow at fixed predation. No new consumption is assumed.",SE,0.3
446_446_Hudson_Bay_(1970),routing_scenario,10,Harbour Seal,catch,2e-06,1.4e-06,"Freeze completed living P,Q,diet,predation,accumulation,migration. Solve EE for SM; detritus accumulation absorbs routed inflow at fixed predation. No new consumption is assumed.",SE,0.3
446_446_Hudson_Bay_(1970),routing_scenario,9,Bearded Seal,catch,0.000167,0.00011689999999999998,"Freeze completed living P,Q,diet,predation,accumulation,migration. Solve EE for SM; detritus accumulation absorbs routed inflow at fixed predation. No new consumption is assumed.",SE,0.3
446_446_Hudson_Bay_(1970),routing_scenario,8,Walrus S,catch,6e-06,4.2e-06,"Freeze completed living P,Q,diet,predation,accumulation,migration. Solve EE for SM; detritus accumulation absorbs routed inflow at fixed predation. No new consumption is assumed.",SE,0.3
446_446_Hudson_Bay_(1970),routing_scenario,7,Walrus N,catch,8e-05,5.6e-05,"Freeze completed living P,Q,diet,predation,accumulation,migration. Solve EE for SM; detritus accumulation absorbs routed inflow at fixed predation. No new consumption is assumed.",SE,0.3
446_446_Hudson_Bay_(1970),routing_scenario,6,Bowhead,catch,9e-06,6.3e-06,"Freeze completed living P,Q,diet,predation,accumulation,migration. Solve EE for SM; detritus accumulation absorbs routed inflow at fixed predation. No new consumption is assumed.",SE,0.3
446_446_Hudson_Bay_(1970),routing_scenario,5,Narwhal,catch,3.4e-05,2.38e-05,"Freeze completed living P,Q,diet,predation,accumulation,migration. Solve EE for SM; detritus accumulation absorbs routed inflow at fixed predation. No new consumption is assumed.",SE,0.3
446_446_Hudson_Bay_(1970),routing_scenario,4,Killer Whale,catch,1e-06,7e-07,"Freeze completed living P,Q,diet,predation,accumulation,migration. Solve EE for SM; detritus accumulation absorbs routed inflow at fixed predation. No new consumption is assumed.",SE,0.3
446_446_Hudson_Bay_(1970),routing_scenario,3,Polar Bear Foxe,catch,5e-06,3.5e-06,"Freeze completed living P,Q,diet,predation,accumulation,migration. Solve EE for SM; detritus accumulation absorbs routed inflow at fixed predation. No new consumption is assumed.",SE,0.3
446_446_Hudson_Bay_(1970),routing_scenario,2,SH Polar Bear,catch,2.2e-05,1.5399999999999998e-05,"Freeze completed living P,Q,diet,predation,accumulation,migration. Solve EE for SM; detritus accumulation absorbs routed inflow at fixed predation. No new consumption is assumed.",SE,0.3
446_446_Hudson_Bay_(1970),routing_scenario,1,Polar Bear WHB,catch,1.5e-05,1.05e-05,"Freeze completed living P,Q,diet,predation,accumulation,migration. Solve EE for SM; detritus accumulation absorbs routed inflow at fixed predation. No new consumption is assumed.",SE,0.3
446_446_Hudson_Bay_(1970),routing_scenario,25,Brackish Fish,external_loss,0.0,7.92228e-09,"Freeze completed living P,Q,diet,predation,accumulation,migration. Solve EE for SM; detritus accumulation absorbs routed inflow at fixed predation. No new consumption is assumed.",SE,0.3
446_446_Hudson_Bay_(1970),routing_scenario,24,Other Marine Fish,external_loss,0.0,1.980567e-08,"Freeze completed living P,Q,diet,predation,accumulation,migration. Solve EE for SM; detritus accumulation absorbs routed inflow at fixed predation. No new consumption is assumed.",SE,0.3
446_446_Hudson_Bay_(1970),routing_scenario,22,Sandlance,external_loss,0.0,1.188339e-08,"Freeze completed living P,Q,diet,predation,accumulation,migration. Solve EE for SM; detritus accumulation absorbs routed inflow at fixed predation. No new consumption is assumed.",SE,0.3
446_446_Hudson_Bay_(1970),routing_scenario,21,Capelin,external_loss,0.0,3.96114e-08,"Freeze completed living P,Q,diet,predation,accumulation,migration. Solve EE for SM; detritus accumulation absorbs routed inflow at fixed predation. No new consumption is assumed.",SE,0.3
446_446_Hudson_Bay_(1970),routing_scenario,20,Sculpins/ Zoarcids,external_loss,0.0,7.92228e-08,"Freeze completed living P,Q,diet,predation,accumulation,migration. Solve EE for SM; detritus accumulation absorbs routed inflow at fixed predation. No new consumption is assumed.",SE,0.3
446_446_Hudson_Bay_(1970),routing_scenario,19,Gadiformes,external_loss,0.0,7.92228e-08,"Freeze completed living P,Q,diet,predation,accumulation,migration. Solve EE for SM; detritus accumulation absorbs routed inflow at fixed predation. No new consumption is assumed.",SE,0.3
446_446_Hudson_Bay_(1970),routing_scenario,18,Atlantic Salmon,external_loss,0.0,3.96114e-09,"Freeze completed living P,Q,diet,predation,accumulation,migration. Solve EE for SM; detritus accumulation absorbs routed inflow at fixed predation. No new consumption is assumed.",SE,0.3
446_446_Hudson_Bay_(1970),routing_scenario,17,Arctic Char,external_loss,0.0,1.386396e-07,"Freeze completed living P,Q,diet,predation,accumulation,migration. Solve EE for SM; detritus accumulation absorbs routed inflow at fixed predation. No new consumption is assumed.",SE,0.3
446_446_Hudson_Bay_(1970),routing_scenario,16,Seabirds,external_loss,0.0,9.75e-05,"Freeze completed living P,Q,diet,predation,accumulation,migration. Solve EE for SM; detritus accumulation absorbs routed inflow at fixed predation. No new consumption is assumed.",SE,0.3
446_446_Hudson_Bay_(1970),routing_scenario,15,Beluga James,external_loss,0.0,4.2e-06,"Freeze completed living P,Q,diet,predation,accumulation,migration. Solve EE for SM; detritus accumulation absorbs routed inflow at fixed predation. No new consumption is assumed.",SE,0.3
446_446_Hudson_Bay_(1970),routing_scenario,14,Beluga W,external_loss,0.0,1.815e-05,"Freeze completed living P,Q,diet,predation,accumulation,migration. Solve EE for SM; detritus accumulation absorbs routed inflow at fixed predation. No new consumption is assumed.",SE,0.3
446_446_Hudson_Bay_(1970),routing_scenario,13,Beluga E,external_loss,0.0,9.9e-06,"Freeze completed living P,Q,diet,predation,accumulation,migration. Solve EE for SM; detritus accumulation absorbs routed inflow at fixed predation. No new consumption is assumed.",SE,0.3
446_446_Hudson_Bay_(1970),routing_scenario,12,Harp seal,external_loss,0.0,4.2e-06,"Freeze completed living P,Q,diet,predation,accumulation,migration. Solve EE for SM; detritus accumulation absorbs routed inflow at fixed predation. No new consumption is assumed.",SE,0.3
446_446_Hudson_Bay_(1970),routing_scenario,11,Ringed Seal,external_loss,0.0,0.00011789999999999999,"Freeze completed living P,Q,diet,predation,accumulation,migration. Solve EE for SM; detritus accumulation absorbs routed inflow at fixed predation. No new consumption is assumed.",SE,0.3
446_446_Hudson_Bay_(1970),routing_scenario,10,Harbour Seal,external_loss,0.0,6e-07,"Freeze completed living P,Q,diet,predation,accumulation,migration. Solve EE for SM; detritus accumulation absorbs routed inflow at fixed predation. No new consumption is assumed.",SE,0.3
446_446_Hudson_Bay_(1970),routing_scenario,9,Bearded Seal,external_loss,0.0,5.01e-05,"Freeze completed living P,Q,diet,predation,accumulation,migration. Solve EE for SM; detritus accumulation absorbs routed inflow at fixed predation. No new consumption is assumed.",SE,0.3
446_446_Hudson_Bay_(1970),routing_scenario,8,Walrus S,external_loss,0.0,1.8e-06,"Freeze completed living P,Q,diet,predation,accumulation,migration. Solve EE for SM; detritus accumulation absorbs routed inflow at fixed predation. No new consumption is assumed.",SE,0.3
446_446_Hudson_Bay_(1970),routing_scenario,7,Walrus N,external_loss,0.0,2.4e-05,"Freeze completed living P,Q,diet,predation,accumulation,migration. Solve EE for SM; detritus accumulation absorbs routed inflow at fixed predation. No new consumption is assumed.",SE,0.3
446_446_Hudson_Bay_(1970),routing_scenario,6,Bowhead,external_loss,0.0,2.7e-06,"Freeze completed living P,Q,diet,predation,accumulation,migration. Solve EE for SM; detritus accumulation absorbs routed inflow at fixed predation. No new consumption is assumed.",SE,0.3
446_446_Hudson_Bay_(1970),routing_scenario,5,Narwhal,external_loss,0.0,1.0199999999999999e-05,"Freeze completed living P,Q,diet,predation,accumulation,migration. Solve EE for SM; detritus accumulation absorbs routed inflow at fixed predation. No new consumption is assumed.",SE,0.3
446_446_Hudson_Bay_(1970),routing_scenario,4,Killer Whale,external_loss,0.0,3e-07,"Freeze completed living P,Q,diet,predation,accumulation,migration. Solve EE for SM; detritus accumulation absorbs routed inflow at fixed predation. No new consumption is assumed.",SE,0.3
446_446_Hudson_Bay_(1970),routing_scenario,3,Polar Bear Foxe,external_loss,0.0,1.5e-06,"Freeze completed living P,Q,diet,predation,accumulation,migration. Solve EE for SM; detritus accumulation absorbs routed inflow at fixed predation. No new consumption is assumed.",SE,0.3
446_446_Hudson_Bay_(1970),routing_scenario,2,SH Polar Bear,external_loss,0.0,6.5999999999999995e-06,"Freeze completed living P,Q,diet,predation,accumulation,migration. Solve EE for SM; detritus accumulation absorbs routed inflow at fixed predation. No new consumption is assumed.",SE,0.3
446_446_Hudson_Bay_(1970),routing_scenario,1,Polar Bear WHB,external_loss,0.0,4.5e-06,"Freeze completed living P,Q,diet,predation,accumulation,migration. Solve EE for SM; detritus accumulation absorbs routed inflow at fixed predation. No new consumption is assumed.",SE,0.3
446_446_Hudson_Bay_(1970),routing_scenario,40,Pelagic Detritus,p,128.24910803428477,128.24958074131018,"Freeze completed living P,Q,diet,predation,accumulation,migration. Solve EE for SM; detritus accumulation absorbs routed inflow at fixed predation. No new consumption is assumed.",SM,0.4
446_446_Hudson_Bay_(1970),routing_scenario,40,Pelagic Detritus,q,128.24910803428477,128.24958074131018,"Freeze completed living P,Q,diet,predation,accumulation,migration. Solve EE for SM; detritus accumulation absorbs routed inflow at fixed predation. No new consumption is assumed.",SM,0.4
446_446_Hudson_Bay_(1970),routing_scenario,25,Brackish Fish,M0,0.0025425355725000025,0.0025425461355400025,"Freeze completed living P,Q,diet,predation,accumulation,migration. Solve EE for SM; detritus accumulation absorbs routed inflow at fixed predation. No new consumption is assumed.",SM,0.4
446_446_Hudson_Bay_(1970),routing_scenario,24,Other Marine Fish,M0,0.011930946740000012,0.011930973147560012,"Freeze completed living P,Q,diet,predation,accumulation,migration. Solve EE for SM; detritus accumulation absorbs routed inflow at fixed predation. No new consumption is assumed.",SM,0.4
446_446_Hudson_Bay_(1970),routing_scenario,22,Sandlance,M0,0.021766202280000018,0.02176621812452002,"Freeze completed living P,Q,diet,predation,accumulation,migration. Solve EE for SM; detritus accumulation absorbs routed inflow at fixed predation. No new consumption is assumed.",SM,0.4
446_446_Hudson_Bay_(1970),routing_scenario,21,Capelin,M0,0.025841266500000022,0.025841319315200024,"Freeze completed living P,Q,diet,predation,accumulation,migration. Solve EE for SM; detritus accumulation absorbs routed inflow at fixed predation. No new consumption is assumed.",SM,0.4
446_446_Hudson_Bay_(1970),routing_scenario,20,Sculpins/ Zoarcids,M0,0.008667478715000008,0.008667584345400008,"Freeze completed living P,Q,diet,predation,accumulation,migration. Solve EE for SM; detritus accumulation absorbs routed inflow at fixed predation. No new consumption is assumed.",SM,0.4
446_446_Hudson_Bay_(1970),routing_scenario,19,Gadiformes,M0,0.016022631350000014,0.016022736980400014,"Freeze completed living P,Q,diet,predation,accumulation,migration. Solve EE for SM; detritus accumulation absorbs routed inflow at fixed predation. No new consumption is assumed.",SM,0.4
446_446_Hudson_Bay_(1970),routing_scenario,18,Atlantic Salmon,M0,0.0013343262400000013,0.0013343315215200012,"Freeze completed living P,Q,diet,predation,accumulation,migration. Solve EE for SM; detritus accumulation absorbs routed inflow at fixed predation. No new consumption is assumed.",SM,0.4
446_446_Hudson_Bay_(1970),routing_scenario,17,Arctic Char,M0,0.0017951153200000017,0.0017953001728000016,"Freeze completed living P,Q,diet,predation,accumulation,migration. Solve EE for SM; detritus accumulation absorbs routed inflow at fixed predation. No new consumption is assumed.",SM,0.4
446_446_Hudson_Bay_(1970),routing_scenario,16,Seabirds,M0,0.021714263038000003,0.021844263038000005,"Freeze completed living P,Q,diet,predation,accumulation,migration. Solve EE for SM; detritus accumulation absorbs routed inflow at fixed predation. No new consumption is assumed.",SM,0.4
446_446_Hudson_Bay_(1970),routing_scenario,15,Beluga James,M0,5.5673137044634417e-05,6.127313704463441e-05,"Freeze completed living P,Q,diet,predation,accumulation,migration. Solve EE for SM; detritus accumulation absorbs routed inflow at fixed predation. No new consumption is assumed.",SM,0.4
446_446_Hudson_Bay_(1970),routing_scenario,14,Beluga W,M0,0.0013602991127677291,0.0013844991127677292,"Freeze completed living P,Q,diet,predation,accumulation,migration. Solve EE for SM; detritus accumulation absorbs routed inflow at fixed predation. No new consumption is assumed.",SM,0.4
446_446_Hudson_Bay_(1970),routing_scenario,13,Beluga E,M0,9.807396405385151e-05,0.00011127396405385151,"Freeze completed living P,Q,diet,predation,accumulation,migration. Solve EE for SM; detritus accumulation absorbs routed inflow at fixed predation. No new consumption is assumed.",SM,0.4
446_446_Hudson_Bay_(1970),routing_scenario,12,Harp seal,M0,3.9123524670240005e-05,4.4723524670240005e-05,"Freeze completed living P,Q,diet,predation,accumulation,migration. Solve EE for SM; detritus accumulation absorbs routed inflow at fixed predation. No new consumption is assumed.",SM,0.4
446_446_Hudson_Bay_(1970),routing_scenario,11,Ringed Seal,M0,0.004359851707524983,0.004517051707524982,"Freeze completed living P,Q,diet,predation,accumulation,migration. Solve EE for SM; detritus accumulation absorbs routed inflow at fixed predation. No new consumption is assumed.",SM,0.4
446_446_Hudson_Bay_(1970),routing_scenario,10,Harbour Seal,M0,0.00012099825122750879,0.0001217982512275088,"Freeze completed living P,Q,diet,predation,accumulation,migration. Solve EE for SM; detritus accumulation absorbs routed inflow at fixed predation. No new consumption is assumed.",SM,0.4
446_446_Hudson_Bay_(1970),routing_scenario,9,Bearded Seal,M0,0.00013606373638765757,0.00020286373638765757,"Freeze completed living P,Q,diet,predation,accumulation,migration. Solve EE for SM; detritus accumulation absorbs routed inflow at fixed predation. No new consumption is assumed.",SM,0.4
446_446_Hudson_Bay_(1970),routing_scenario,8,Walrus S,M0,8.217029462185597e-05,8.457029462185598e-05,"Freeze completed living P,Q,diet,predation,accumulation,migration. Solve EE for SM; detritus accumulation absorbs routed inflow at fixed predation. No new consumption is assumed.",SM,0.4
446_446_Hudson_Bay_(1970),routing_scenario,7,Walrus N,M0,0.0003819925835737691,0.00041399258357376913,"Freeze completed living P,Q,diet,predation,accumulation,migration. Solve EE for SM; detritus accumulation absorbs routed inflow at fixed predation. No new consumption is assumed.",SM,0.4
446_446_Hudson_Bay_(1970),routing_scenario,6,Bowhead,M0,0.00021741439634646387,0.00022101439634646388,"Freeze completed living P,Q,diet,predation,accumulation,migration. Solve EE for SM; detritus accumulation absorbs routed inflow at fixed predation. No new consumption is assumed.",SM,0.4
446_446_Hudson_Bay_(1970),routing_scenario,5,Narwhal,M0,0.00011868823016079942,0.00013228823016079943,"Freeze completed living P,Q,diet,predation,accumulation,migration. Solve EE for SM; detritus accumulation absorbs routed inflow at fixed predation. No new consumption is assumed.",SM,0.4
446_446_Hudson_Bay_(1970),routing_scenario,4,Killer Whale,M0,2.76981004599574e-06,3.1698100459957398e-06,"Freeze completed living P,Q,diet,predation,accumulation,migration. Solve EE for SM; detritus accumulation absorbs routed inflow at fixed predation. No new consumption is assumed.",SM,0.4
446_446_Hudson_Bay_(1970),routing_scenario,3,Polar Bear Foxe,M0,1.611317803944726e-05,1.811317803944726e-05,"Freeze completed living P,Q,diet,predation,accumulation,migration. Solve EE for SM; detritus accumulation absorbs routed inflow at fixed predation. No new consumption is assumed.",SM,0.4
446_446_Hudson_Bay_(1970),routing_scenario,2,SH Polar Bear,M0,2.9258219105026142e-05,3.805821910502614e-05,"Freeze completed living P,Q,diet,predation,accumulation,migration. Solve EE for SM; detritus accumulation absorbs routed inflow at fixed predation. No new consumption is assumed.",SM,0.4
446_446_Hudson_Bay_(1970),routing_scenario,1,Polar Bear WHB,M0,3.4803496340686466e-05,4.080349634068647e-05,"Freeze completed living P,Q,diet,predation,accumulation,migration. Solve EE for SM; detritus accumulation absorbs routed inflow at fixed predation. No new consumption is assumed.",SM,0.4
446_446_Hudson_Bay_(1970),routing_scenario,25,Brackish Fish,EE,0.95,0.9499997922735061,"Freeze completed living P,Q,diet,predation,accumulation,migration. Solve EE for SM; detritus accumulation absorbs routed inflow at fixed predation. No new consumption is assumed.",SM,0.4
446_446_Hudson_Bay_(1970),routing_scenario,24,Other Marine Fish,EE,0.95,0.9499998893316659,"Freeze completed living P,Q,diet,predation,accumulation,migration. Solve EE for SM; detritus accumulation absorbs routed inflow at fixed predation. No new consumption is assumed.",SM,0.4
446_446_Hudson_Bay_(1970),routing_scenario,22,Sandlance,EE,0.95,0.9499999636029294,"Freeze completed living P,Q,diet,predation,accumulation,migration. Solve EE for SM; detritus accumulation absorbs routed inflow at fixed predation. No new consumption is assumed.",SM,0.4
446_446_Hudson_Bay_(1970),routing_scenario,21,Capelin,EE,0.95,0.9499998978084142,"Freeze completed living P,Q,diet,predation,accumulation,migration. Solve EE for SM; detritus accumulation absorbs routed inflow at fixed predation. No new consumption is assumed.",SM,0.4
446_446_Hudson_Bay_(1970),routing_scenario,20,Sculpins/ Zoarcids,EE,0.95,0.9499993906509409,"Freeze completed living P,Q,diet,predation,accumulation,migration. Solve EE for SM; detritus accumulation absorbs routed inflow at fixed predation. No new consumption is assumed.",SM,0.4
446_446_Hudson_Bay_(1970),routing_scenario,19,Gadiformes,EE,0.95,0.9499996703712464,"Freeze completed living P,Q,diet,predation,accumulation,migration. Solve EE for SM; detritus accumulation absorbs routed inflow at fixed predation. No new consumption is assumed.",SM,0.4
446_446_Hudson_Bay_(1970),routing_scenario,18,Atlantic Salmon,EE,0.95,0.9499998020903793,"Freeze completed living P,Q,diet,predation,accumulation,migration. Solve EE for SM; detritus accumulation absorbs routed inflow at fixed predation. No new consumption is assumed.",SM,0.4
446_446_Hudson_Bay_(1970),routing_scenario,17,Arctic Char,EE,0.95,0.9499948512277194,"Freeze completed living P,Q,diet,predation,accumulation,migration. Solve EE for SM; detritus accumulation absorbs routed inflow at fixed predation. No new consumption is assumed.",SM,0.4
446_446_Hudson_Bay_(1970),routing_scenario,16,Seabirds,EE,0.09712003999999996,0.0917146345945945,"Freeze completed living P,Q,diet,predation,accumulation,migration. Solve EE for SM; detritus accumulation absorbs routed inflow at fixed predation. No new consumption is assumed.",SM,0.4
446_446_Hudson_Bay_(1970),routing_scenario,15,Beluga James,EE,0.5643347,0.5205123862323383,"Freeze completed living P,Q,diet,predation,accumulation,migration. Solve EE for SM; detritus accumulation absorbs routed inflow at fixed predation. No new consumption is assumed.",SM,0.4
446_446_Hudson_Bay_(1970),routing_scenario,14,Beluga W,EE,0.13272054499999997,0.11729146575264493,"Freeze completed living P,Q,diet,predation,accumulation,migration. Solve EE for SM; detritus accumulation absorbs routed inflow at fixed predation. No new consumption is assumed.",SM,0.4
446_446_Hudson_Bay_(1970),routing_scenario,13,Beluga E,EE,0.28052579999999994,0.18369011550798475,"Freeze completed living P,Q,diet,predation,accumulation,migration. Solve EE for SM; detritus accumulation absorbs routed inflow at fixed predation. No new consumption is assumed.",SM,0.4
446_446_Hudson_Bay_(1970),routing_scenario,12,Harp seal,EE,0.6883504,0.6437420019911277,"Freeze completed living P,Q,diet,predation,accumulation,migration. Solve EE for SM; detritus accumulation absorbs routed inflow at fixed predation. No new consumption is assumed.",SM,0.4
446_446_Hudson_Bay_(1970),routing_scenario,11,Ringed Seal,EE,0.412556618,0.3913755995054917,"Freeze completed living P,Q,diet,predation,accumulation,migration. Solve EE for SM; detritus accumulation absorbs routed inflow at fixed predation. No new consumption is assumed.",SM,0.4
446_446_Hudson_Bay_(1970),routing_scenario,10,Harbour Seal,EE,0.07364795999999996,0.0675232298945494,"Freeze completed living P,Q,diet,predation,accumulation,migration. Solve EE for SM; detritus accumulation absorbs routed inflow at fixed predation. No new consumption is assumed.",SM,0.4
446_446_Hudson_Bay_(1970),routing_scenario,9,Bearded Seal,EE,0.791283369,0.6888146927681695,"Freeze completed living P,Q,diet,predation,accumulation,migration. Solve EE for SM; detritus accumulation absorbs routed inflow at fixed predation. No new consumption is assumed.",SM,0.4
446_446_Hudson_Bay_(1970),routing_scenario,8,Walrus S,EE,0.143246785,0.1182230495313299,"Freeze completed living P,Q,diet,predation,accumulation,migration. Solve EE for SM; detritus accumulation absorbs routed inflow at fixed predation. No new consumption is assumed.",SM,0.4
446_446_Hudson_Bay_(1970),routing_scenario,7,Walrus N,EE,0.18816389099999997,0.12015535731342097,"Freeze completed living P,Q,diet,predation,accumulation,migration. Solve EE for SM; detritus accumulation absorbs routed inflow at fixed predation. No new consumption is assumed.",SM,0.4
446_446_Hudson_Bay_(1970),routing_scenario,6,Bowhead,EE,0.052819170000000026,0.037135521422441364,"Freeze completed living P,Q,diet,predation,accumulation,migration. Solve EE for SM; detritus accumulation absorbs routed inflow at fixed predation. No new consumption is assumed.",SM,0.4
446_446_Hudson_Bay_(1970),routing_scenario,5,Narwhal,EE,0.2706202,0.1870435448711728,"Freeze completed living P,Q,diet,predation,accumulation,migration. Solve EE for SM; detritus accumulation absorbs routed inflow at fixed predation. No new consumption is assumed.",SM,0.4
446_446_Hudson_Bay_(1970),routing_scenario,4,Killer Whale,EE,0.26526534600000007,0.15915920271956951,"Freeze completed living P,Q,diet,predation,accumulation,migration. Solve EE for SM; detritus accumulation absorbs routed inflow at fixed predation. No new consumption is assumed.",SM,0.4
446_446_Hudson_Bay_(1970),routing_scenario,3,Polar Bear Foxe,EE,0.3027038569999999,0.2161540601451617,"Freeze completed living P,Q,diet,predation,accumulation,migration. Solve EE for SM; detritus accumulation absorbs routed inflow at fixed predation. No new consumption is assumed.",SM,0.4
446_446_Hudson_Bay_(1970),routing_scenario,2,SH Polar Bear,EE,0.5060891,0.35753542677751227,"Freeze completed living P,Q,diet,predation,accumulation,migration. Solve EE for SM; detritus accumulation absorbs routed inflow at fixed predation. No new consumption is assumed.",SM,0.4
446_446_Hudson_Bay_(1970),routing_scenario,1,Polar Bear WHB,EE,0.4138758,0.31283005546976417,"Freeze completed living P,Q,diet,predation,accumulation,migration. Solve EE for SM; detritus accumulation absorbs routed inflow at fixed predation. No new consumption is assumed.",SM,0.4
446_446_Hudson_Bay_(1970),routing_scenario,25,Brackish Fish,catch,2.64076e-08,1.584456e-08,"Freeze completed living P,Q,diet,predation,accumulation,migration. Solve EE for SM; detritus accumulation absorbs routed inflow at fixed predation. No new consumption is assumed.",SM,0.4
446_446_Hudson_Bay_(1970),routing_scenario,24,Other Marine Fish,catch,6.60189e-08,3.961134e-08,"Freeze completed living P,Q,diet,predation,accumulation,migration. Solve EE for SM; detritus accumulation absorbs routed inflow at fixed predation. No new consumption is assumed.",SM,0.4
446_446_Hudson_Bay_(1970),routing_scenario,22,Sandlance,catch,3.96113e-08,2.376678e-08,"Freeze completed living P,Q,diet,predation,accumulation,migration. Solve EE for SM; detritus accumulation absorbs routed inflow at fixed predation. No new consumption is assumed.",SM,0.4
446_446_Hudson_Bay_(1970),routing_scenario,21,Capelin,catch,1.32038e-07,7.92228e-08,"Freeze completed living P,Q,diet,predation,accumulation,migration. Solve EE for SM; detritus accumulation absorbs routed inflow at fixed predation. No new consumption is assumed.",SM,0.4
446_446_Hudson_Bay_(1970),routing_scenario,20,Sculpins/ Zoarcids,catch,2.64076e-07,1.584456e-07,"Freeze completed living P,Q,diet,predation,accumulation,migration. Solve EE for SM; detritus accumulation absorbs routed inflow at fixed predation. No new consumption is assumed.",SM,0.4
446_446_Hudson_Bay_(1970),routing_scenario,19,Gadiformes,catch,2.64076e-07,1.584456e-07,"Freeze completed living P,Q,diet,predation,accumulation,migration. Solve EE for SM; detritus accumulation absorbs routed inflow at fixed predation. No new consumption is assumed.",SM,0.4
446_446_Hudson_Bay_(1970),routing_scenario,18,Atlantic Salmon,catch,1.32038e-08,7.92228e-09,"Freeze completed living P,Q,diet,predation,accumulation,migration. Solve EE for SM; detritus accumulation absorbs routed inflow at fixed predation. No new consumption is assumed.",SM,0.4
446_446_Hudson_Bay_(1970),routing_scenario,17,Arctic Char,catch,4.62132e-07,2.772792e-07,"Freeze completed living P,Q,diet,predation,accumulation,migration. Solve EE for SM; detritus accumulation absorbs routed inflow at fixed predation. No new consumption is assumed.",SM,0.4
446_446_Hudson_Bay_(1970),routing_scenario,16,Seabirds,catch,0.000325,0.000195,"Freeze completed living P,Q,diet,predation,accumulation,migration. Solve EE for SM; detritus accumulation absorbs routed inflow at fixed predation. No new consumption is assumed.",SM,0.4
446_446_Hudson_Bay_(1970),routing_scenario,15,Beluga James,catch,1.4e-05,8.4e-06,"Freeze completed living P,Q,diet,predation,accumulation,migration. Solve EE for SM; detritus accumulation absorbs routed inflow at fixed predation. No new consumption is assumed.",SM,0.4
446_446_Hudson_Bay_(1970),routing_scenario,14,Beluga W,catch,6.05e-05,3.63e-05,"Freeze completed living P,Q,diet,predation,accumulation,migration. Solve EE for SM; detritus accumulation absorbs routed inflow at fixed predation. No new consumption is assumed.",SM,0.4
446_446_Hudson_Bay_(1970),routing_scenario,13,Beluga E,catch,3.3e-05,1.98e-05,"Freeze completed living P,Q,diet,predation,accumulation,migration. Solve EE for SM; detritus accumulation absorbs routed inflow at fixed predation. No new consumption is assumed.",SM,0.4
446_446_Hudson_Bay_(1970),routing_scenario,12,Harp seal,catch,1.4e-05,8.4e-06,"Freeze completed living P,Q,diet,predation,accumulation,migration. Solve EE for SM; detritus accumulation absorbs routed inflow at fixed predation. No new consumption is assumed.",SM,0.4
446_446_Hudson_Bay_(1970),routing_scenario,11,Ringed Seal,catch,0.000393,0.00023579999999999999,"Freeze completed living P,Q,diet,predation,accumulation,migration. Solve EE for SM; detritus accumulation absorbs routed inflow at fixed predation. No new consumption is assumed.",SM,0.4
446_446_Hudson_Bay_(1970),routing_scenario,10,Harbour Seal,catch,2e-06,1.2e-06,"Freeze completed living P,Q,diet,predation,accumulation,migration. Solve EE for SM; detritus accumulation absorbs routed inflow at fixed predation. No new consumption is assumed.",SM,0.4
446_446_Hudson_Bay_(1970),routing_scenario,9,Bearded Seal,catch,0.000167,0.0001002,"Freeze completed living P,Q,diet,predation,accumulation,migration. Solve EE for SM; detritus accumulation absorbs routed inflow at fixed predation. No new consumption is assumed.",SM,0.4
446_446_Hudson_Bay_(1970),routing_scenario,8,Walrus S,catch,6e-06,3.6e-06,"Freeze completed living P,Q,diet,predation,accumulation,migration. Solve EE for SM; detritus accumulation absorbs routed inflow at fixed predation. No new consumption is assumed.",SM,0.4
446_446_Hudson_Bay_(1970),routing_scenario,7,Walrus N,catch,8e-05,4.8e-05,"Freeze completed living P,Q,diet,predation,accumulation,migration. Solve EE for SM; detritus accumulation absorbs routed inflow at fixed predation. No new consumption is assumed.",SM,0.4
446_446_Hudson_Bay_(1970),routing_scenario,6,Bowhead,catch,9e-06,5.4e-06,"Freeze completed living P,Q,diet,predation,accumulation,migration. Solve EE for SM; detritus accumulation absorbs routed inflow at fixed predation. No new consumption is assumed.",SM,0.4
446_446_Hudson_Bay_(1970),routing_scenario,5,Narwhal,catch,3.4e-05,2.0399999999999998e-05,"Freeze completed living P,Q,diet,predation,accumulation,migration. Solve EE for SM; detritus accumulation absorbs routed inflow at fixed predation. No new consumption is assumed.",SM,0.4
446_446_Hudson_Bay_(1970),routing_scenario,4,Killer Whale,catch,1e-06,6e-07,"Freeze completed living P,Q,diet,predation,accumulation,migration. Solve EE for SM; detritus accumulation absorbs routed inflow at fixed predation. No new consumption is assumed.",SM,0.4
446_446_Hudson_Bay_(1970),routing_scenario,3,Polar Bear Foxe,catch,5e-06,3e-06,"Freeze completed living P,Q,diet,predation,accumulation,migration. Solve EE for SM; detritus accumulation absorbs routed inflow at fixed predation. No new consumption is assumed.",SM,0.4
446_446_Hudson_Bay_(1970),routing_scenario,2,SH Polar Bear,catch,2.2e-05,1.3199999999999999e-05,"Freeze completed living P,Q,diet,predation,accumulation,migration. Solve EE for SM; detritus accumulation absorbs routed inflow at fixed predation. No new consumption is assumed.",SM,0.4
446_446_Hudson_Bay_(1970),routing_scenario,1,Polar Bear WHB,catch,1.5e-05,9e-06,"Freeze completed living P,Q,diet,predation,accumulation,migration. Solve EE for SM; detritus accumulation absorbs routed inflow at fixed predation. No new consumption is assumed.",SM,0.4
446_446_Hudson_Bay_(1970),routing_scenario,40,Pelagic Detritus,growth,100.09094139097152,100.09141409799693,"Freeze completed living P,Q,diet,predation,accumulation,migration. Solve EE for SM; detritus accumulation absorbs routed inflow at fixed predation. No new consumption is assumed.",SM,0.4
446_446_Hudson_Bay_(1970),routing_scenario,25,Brackish Fish,catch,2.64076e-08,1.584456e-08,"Freeze completed living P,Q,diet,predation,accumulation,migration. Solve EE for SM; detritus accumulation absorbs routed inflow at fixed predation. No new consumption is assumed.",SE,0.4
446_446_Hudson_Bay_(1970),routing_scenario,24,Other Marine Fish,catch,6.60189e-08,3.961134e-08,"Freeze completed living P,Q,diet,predation,accumulation,migration. Solve EE for SM; detritus accumulation absorbs routed inflow at fixed predation. No new consumption is assumed.",SE,0.4
446_446_Hudson_Bay_(1970),routing_scenario,22,Sandlance,catch,3.96113e-08,2.376678e-08,"Freeze completed living P,Q,diet,predation,accumulation,migration. Solve EE for SM; detritus accumulation absorbs routed inflow at fixed predation. No new consumption is assumed.",SE,0.4
446_446_Hudson_Bay_(1970),routing_scenario,21,Capelin,catch,1.32038e-07,7.92228e-08,"Freeze completed living P,Q,diet,predation,accumulation,migration. Solve EE for SM; detritus accumulation absorbs routed inflow at fixed predation. No new consumption is assumed.",SE,0.4
446_446_Hudson_Bay_(1970),routing_scenario,20,Sculpins/ Zoarcids,catch,2.64076e-07,1.584456e-07,"Freeze completed living P,Q,diet,predation,accumulation,migration. Solve EE for SM; detritus accumulation absorbs routed inflow at fixed predation. No new consumption is assumed.",SE,0.4
446_446_Hudson_Bay_(1970),routing_scenario,19,Gadiformes,catch,2.64076e-07,1.584456e-07,"Freeze completed living P,Q,diet,predation,accumulation,migration. Solve EE for SM; detritus accumulation absorbs routed inflow at fixed predation. No new consumption is assumed.",SE,0.4
446_446_Hudson_Bay_(1970),routing_scenario,18,Atlantic Salmon,catch,1.32038e-08,7.92228e-09,"Freeze completed living P,Q,diet,predation,accumulation,migration. Solve EE for SM; detritus accumulation absorbs routed inflow at fixed predation. No new consumption is assumed.",SE,0.4
446_446_Hudson_Bay_(1970),routing_scenario,17,Arctic Char,catch,4.62132e-07,2.772792e-07,"Freeze completed living P,Q,diet,predation,accumulation,migration. Solve EE for SM; detritus accumulation absorbs routed inflow at fixed predation. No new consumption is assumed.",SE,0.4
446_446_Hudson_Bay_(1970),routing_scenario,16,Seabirds,catch,0.000325,0.000195,"Freeze completed living P,Q,diet,predation,accumulation,migration. Solve EE for SM; detritus accumulation absorbs routed inflow at fixed predation. No new consumption is assumed.",SE,0.4
446_446_Hudson_Bay_(1970),routing_scenario,15,Beluga James,catch,1.4e-05,8.4e-06,"Freeze completed living P,Q,diet,predation,accumulation,migration. Solve EE for SM; detritus accumulation absorbs routed inflow at fixed predation. No new consumption is assumed.",SE,0.4
446_446_Hudson_Bay_(1970),routing_scenario,14,Beluga W,catch,6.05e-05,3.63e-05,"Freeze completed living P,Q,diet,predation,accumulation,migration. Solve EE for SM; detritus accumulation absorbs routed inflow at fixed predation. No new consumption is assumed.",SE,0.4
446_446_Hudson_Bay_(1970),routing_scenario,13,Beluga E,catch,3.3e-05,1.98e-05,"Freeze completed living P,Q,diet,predation,accumulation,migration. Solve EE for SM; detritus accumulation absorbs routed inflow at fixed predation. No new consumption is assumed.",SE,0.4
446_446_Hudson_Bay_(1970),routing_scenario,12,Harp seal,catch,1.4e-05,8.4e-06,"Freeze completed living P,Q,diet,predation,accumulation,migration. Solve EE for SM; detritus accumulation absorbs routed inflow at fixed predation. No new consumption is assumed.",SE,0.4
446_446_Hudson_Bay_(1970),routing_scenario,11,Ringed Seal,catch,0.000393,0.00023579999999999999,"Freeze completed living P,Q,diet,predation,accumulation,migration. Solve EE for SM; detritus accumulation absorbs routed inflow at fixed predation. No new consumption is assumed.",SE,0.4
446_446_Hudson_Bay_(1970),routing_scenario,10,Harbour Seal,catch,2e-06,1.2e-06,"Freeze completed living P,Q,diet,predation,accumulation,migration. Solve EE for SM; detritus accumulation absorbs routed inflow at fixed predation. No new consumption is assumed.",SE,0.4
446_446_Hudson_Bay_(1970),routing_scenario,9,Bearded Seal,catch,0.000167,0.0001002,"Freeze completed living P,Q,diet,predation,accumulation,migration. Solve EE for SM; detritus accumulation absorbs routed inflow at fixed predation. No new consumption is assumed.",SE,0.4
446_446_Hudson_Bay_(1970),routing_scenario,8,Walrus S,catch,6e-06,3.6e-06,"Freeze completed living P,Q,diet,predation,accumulation,migration. Solve EE for SM; detritus accumulation absorbs routed inflow at fixed predation. No new consumption is assumed.",SE,0.4
446_446_Hudson_Bay_(1970),routing_scenario,7,Walrus N,catch,8e-05,4.8e-05,"Freeze completed living P,Q,diet,predation,accumulation,migration. Solve EE for SM; detritus accumulation absorbs routed inflow at fixed predation. No new consumption is assumed.",SE,0.4
446_446_Hudson_Bay_(1970),routing_scenario,6,Bowhead,catch,9e-06,5.4e-06,"Freeze completed living P,Q,diet,predation,accumulation,migration. Solve EE for SM; detritus accumulation absorbs routed inflow at fixed predation. No new consumption is assumed.",SE,0.4
446_446_Hudson_Bay_(1970),routing_scenario,5,Narwhal,catch,3.4e-05,2.0399999999999998e-05,"Freeze completed living P,Q,diet,predation,accumulation,migration. Solve EE for SM; detritus accumulation absorbs routed inflow at fixed predation. No new consumption is assumed.",SE,0.4
446_446_Hudson_Bay_(1970),routing_scenario,4,Killer Whale,catch,1e-06,6e-07,"Freeze completed living P,Q,diet,predation,accumulation,migration. Solve EE for SM; detritus accumulation absorbs routed inflow at fixed predation. No new consumption is assumed.",SE,0.4
446_446_Hudson_Bay_(1970),routing_scenario,3,Polar Bear Foxe,catch,5e-06,3e-06,"Freeze completed living P,Q,diet,predation,accumulation,migration. Solve EE for SM; detritus accumulation absorbs routed inflow at fixed predation. No new consumption is assumed.",SE,0.4
446_446_Hudson_Bay_(1970),routing_scenario,2,SH Polar Bear,catch,2.2e-05,1.3199999999999999e-05,"Freeze completed living P,Q,diet,predation,accumulation,migration. Solve EE for SM; detritus accumulation absorbs routed inflow at fixed predation. No new consumption is assumed.",SE,0.4
446_446_Hudson_Bay_(1970),routing_scenario,1,Polar Bear WHB,catch,1.5e-05,9e-06,"Freeze completed living P,Q,diet,predation,accumulation,migration. Solve EE for SM; detritus accumulation absorbs routed inflow at fixed predation. No new consumption is assumed.",SE,0.4
446_446_Hudson_Bay_(1970),routing_scenario,25,Brackish Fish,external_loss,0.0,1.056304e-08,"Freeze completed living P,Q,diet,predation,accumulation,migration. Solve EE for SM; detritus accumulation absorbs routed inflow at fixed predation. No new consumption is assumed.",SE,0.4
446_446_Hudson_Bay_(1970),routing_scenario,24,Other Marine Fish,external_loss,0.0,2.640756e-08,"Freeze completed living P,Q,diet,predation,accumulation,migration. Solve EE for SM; detritus accumulation absorbs routed inflow at fixed predation. No new consumption is assumed.",SE,0.4
446_446_Hudson_Bay_(1970),routing_scenario,22,Sandlance,external_loss,0.0,1.584452e-08,"Freeze completed living P,Q,diet,predation,accumulation,migration. Solve EE for SM; detritus accumulation absorbs routed inflow at fixed predation. No new consumption is assumed.",SE,0.4
446_446_Hudson_Bay_(1970),routing_scenario,21,Capelin,external_loss,0.0,5.2815200000000004e-08,"Freeze completed living P,Q,diet,predation,accumulation,migration. Solve EE for SM; detritus accumulation absorbs routed inflow at fixed predation. No new consumption is assumed.",SE,0.4
446_446_Hudson_Bay_(1970),routing_scenario,20,Sculpins/ Zoarcids,external_loss,0.0,1.0563040000000001e-07,"Freeze completed living P,Q,diet,predation,accumulation,migration. Solve EE for SM; detritus accumulation absorbs routed inflow at fixed predation. No new consumption is assumed.",SE,0.4
446_446_Hudson_Bay_(1970),routing_scenario,19,Gadiformes,external_loss,0.0,1.0563040000000001e-07,"Freeze completed living P,Q,diet,predation,accumulation,migration. Solve EE for SM; detritus accumulation absorbs routed inflow at fixed predation. No new consumption is assumed.",SE,0.4
446_446_Hudson_Bay_(1970),routing_scenario,18,Atlantic Salmon,external_loss,0.0,5.28152e-09,"Freeze completed living P,Q,diet,predation,accumulation,migration. Solve EE for SM; detritus accumulation absorbs routed inflow at fixed predation. No new consumption is assumed.",SE,0.4
446_446_Hudson_Bay_(1970),routing_scenario,17,Arctic Char,external_loss,0.0,1.848528e-07,"Freeze completed living P,Q,diet,predation,accumulation,migration. Solve EE for SM; detritus accumulation absorbs routed inflow at fixed predation. No new consumption is assumed.",SE,0.4
446_446_Hudson_Bay_(1970),routing_scenario,16,Seabirds,external_loss,0.0,0.00013,"Freeze completed living P,Q,diet,predation,accumulation,migration. Solve EE for SM; detritus accumulation absorbs routed inflow at fixed predation. No new consumption is assumed.",SE,0.4
446_446_Hudson_Bay_(1970),routing_scenario,15,Beluga James,external_loss,0.0,5.600000000000001e-06,"Freeze completed living P,Q,diet,predation,accumulation,migration. Solve EE for SM; detritus accumulation absorbs routed inflow at fixed predation. No new consumption is assumed.",SE,0.4
446_446_Hudson_Bay_(1970),routing_scenario,14,Beluga W,external_loss,0.0,2.4200000000000002e-05,"Freeze completed living P,Q,diet,predation,accumulation,migration. Solve EE for SM; detritus accumulation absorbs routed inflow at fixed predation. No new consumption is assumed.",SE,0.4
446_446_Hudson_Bay_(1970),routing_scenario,13,Beluga E,external_loss,0.0,1.3200000000000002e-05,"Freeze completed living P,Q,diet,predation,accumulation,migration. Solve EE for SM; detritus accumulation absorbs routed inflow at fixed predation. No new consumption is assumed.",SE,0.4
446_446_Hudson_Bay_(1970),routing_scenario,12,Harp seal,external_loss,0.0,5.600000000000001e-06,"Freeze completed living P,Q,diet,predation,accumulation,migration. Solve EE for SM; detritus accumulation absorbs routed inflow at fixed predation. No new consumption is assumed.",SE,0.4
446_446_Hudson_Bay_(1970),routing_scenario,11,Ringed Seal,external_loss,0.0,0.00015720000000000003,"Freeze completed living P,Q,diet,predation,accumulation,migration. Solve EE for SM; detritus accumulation absorbs routed inflow at fixed predation. No new consumption is assumed.",SE,0.4
446_446_Hudson_Bay_(1970),routing_scenario,10,Harbour Seal,external_loss,0.0,8e-07,"Freeze completed living P,Q,diet,predation,accumulation,migration. Solve EE for SM; detritus accumulation absorbs routed inflow at fixed predation. No new consumption is assumed.",SE,0.4
446_446_Hudson_Bay_(1970),routing_scenario,9,Bearded Seal,external_loss,0.0,6.68e-05,"Freeze completed living P,Q,diet,predation,accumulation,migration. Solve EE for SM; detritus accumulation absorbs routed inflow at fixed predation. No new consumption is assumed.",SE,0.4
446_446_Hudson_Bay_(1970),routing_scenario,8,Walrus S,external_loss,0.0,2.4000000000000003e-06,"Freeze completed living P,Q,diet,predation,accumulation,migration. Solve EE for SM; detritus accumulation absorbs routed inflow at fixed predation. No new consumption is assumed.",SE,0.4
446_446_Hudson_Bay_(1970),routing_scenario,7,Walrus N,external_loss,0.0,3.2000000000000005e-05,"Freeze completed living P,Q,diet,predation,accumulation,migration. Solve EE for SM; detritus accumulation absorbs routed inflow at fixed predation. No new consumption is assumed.",SE,0.4
446_446_Hudson_Bay_(1970),routing_scenario,6,Bowhead,external_loss,0.0,3.6000000000000003e-06,"Freeze completed living P,Q,diet,predation,accumulation,migration. Solve EE for SM; detritus accumulation absorbs routed inflow at fixed predation. No new consumption is assumed.",SE,0.4
446_446_Hudson_Bay_(1970),routing_scenario,5,Narwhal,external_loss,0.0,1.36e-05,"Freeze completed living P,Q,diet,predation,accumulation,migration. Solve EE for SM; detritus accumulation absorbs routed inflow at fixed predation. No new consumption is assumed.",SE,0.4
446_446_Hudson_Bay_(1970),routing_scenario,4,Killer Whale,external_loss,0.0,4e-07,"Freeze completed living P,Q,diet,predation,accumulation,migration. Solve EE for SM; detritus accumulation absorbs routed inflow at fixed predation. No new consumption is assumed.",SE,0.4
446_446_Hudson_Bay_(1970),routing_scenario,3,Polar Bear Foxe,external_loss,0.0,2.0000000000000003e-06,"Freeze completed living P,Q,diet,predation,accumulation,migration. Solve EE for SM; detritus accumulation absorbs routed inflow at fixed predation. No new consumption is assumed.",SE,0.4
446_446_Hudson_Bay_(1970),routing_scenario,2,SH Polar Bear,external_loss,0.0,8.8e-06,"Freeze completed living P,Q,diet,predation,accumulation,migration. Solve EE for SM; detritus accumulation absorbs routed inflow at fixed predation. No new consumption is assumed.",SE,0.4
446_446_Hudson_Bay_(1970),routing_scenario,1,Polar Bear WHB,external_loss,0.0,6e-06,"Freeze completed living P,Q,diet,predation,accumulation,migration. Solve EE for SM; detritus accumulation absorbs routed inflow at fixed predation. No new consumption is assumed.",SE,0.4
446_446_Hudson_Bay_(1970),routing_scenario,40,Pelagic Detritus,p,128.24910803428477,128.24969891806654,"Freeze completed living P,Q,diet,predation,accumulation,migration. Solve EE for SM; detritus accumulation absorbs routed inflow at fixed predation. No new consumption is assumed.",SM,0.5
446_446_Hudson_Bay_(1970),routing_scenario,40,Pelagic Detritus,q,128.24910803428477,128.24969891806654,"Freeze completed living P,Q,diet,predation,accumulation,migration. Solve EE for SM; detritus accumulation absorbs routed inflow at fixed predation. No new consumption is assumed.",SM,0.5
446_446_Hudson_Bay_(1970),routing_scenario,25,Brackish Fish,M0,0.0025425355725000025,0.0025425487763000025,"Freeze completed living P,Q,diet,predation,accumulation,migration. Solve EE for SM; detritus accumulation absorbs routed inflow at fixed predation. No new consumption is assumed.",SM,0.5
446_446_Hudson_Bay_(1970),routing_scenario,24,Other Marine Fish,M0,0.011930946740000012,0.011930979749450012,"Freeze completed living P,Q,diet,predation,accumulation,migration. Solve EE for SM; detritus accumulation absorbs routed inflow at fixed predation. No new consumption is assumed.",SM,0.5
446_446_Hudson_Bay_(1970),routing_scenario,22,Sandlance,M0,0.021766202280000018,0.021766222085650017,"Freeze completed living P,Q,diet,predation,accumulation,migration. Solve EE for SM; detritus accumulation absorbs routed inflow at fixed predation. No new consumption is assumed.",SM,0.5
446_446_Hudson_Bay_(1970),routing_scenario,21,Capelin,M0,0.025841266500000022,0.02584133251900002,"Freeze completed living P,Q,diet,predation,accumulation,migration. Solve EE for SM; detritus accumulation absorbs routed inflow at fixed predation. No new consumption is assumed.",SM,0.5
446_446_Hudson_Bay_(1970),routing_scenario,20,Sculpins/ Zoarcids,M0,0.008667478715000008,0.008667610753000009,"Freeze completed living P,Q,diet,predation,accumulation,migration. Solve EE for SM; detritus accumulation absorbs routed inflow at fixed predation. No new consumption is assumed.",SM,0.5
446_446_Hudson_Bay_(1970),routing_scenario,19,Gadiformes,M0,0.016022631350000014,0.016022763388000013,"Freeze completed living P,Q,diet,predation,accumulation,migration. Solve EE for SM; detritus accumulation absorbs routed inflow at fixed predation. No new consumption is assumed.",SM,0.5
446_446_Hudson_Bay_(1970),routing_scenario,18,Atlantic Salmon,M0,0.0013343262400000013,0.0013343328419000012,"Freeze completed living P,Q,diet,predation,accumulation,migration. Solve EE for SM; detritus accumulation absorbs routed inflow at fixed predation. No new consumption is assumed.",SM,0.5
446_446_Hudson_Bay_(1970),routing_scenario,17,Arctic Char,M0,0.0017951153200000017,0.0017953463860000017,"Freeze completed living P,Q,diet,predation,accumulation,migration. Solve EE for SM; detritus accumulation absorbs routed inflow at fixed predation. No new consumption is assumed.",SM,0.5
446_446_Hudson_Bay_(1970),routing_scenario,16,Seabirds,M0,0.021714263038000003,0.021876763038000003,"Freeze completed living P,Q,diet,predation,accumulation,migration. Solve EE for SM; detritus accumulation absorbs routed inflow at fixed predation. No new consumption is assumed.",SM,0.5
446_446_Hudson_Bay_(1970),routing_scenario,15,Beluga James,M0,5.5673137044634417e-05,6.267313704463442e-05,"Freeze completed living P,Q,diet,predation,accumulation,migration. Solve EE for SM; detritus accumulation absorbs routed inflow at fixed predation. No new consumption is assumed.",SM,0.5
446_446_Hudson_Bay_(1970),routing_scenario,14,Beluga W,M0,0.0013602991127677291,0.001390549112767729,"Freeze completed living P,Q,diet,predation,accumulation,migration. Solve EE for SM; detritus accumulation absorbs routed inflow at fixed predation. No new consumption is assumed.",SM,0.5
446_446_Hudson_Bay_(1970),routing_scenario,13,Beluga E,M0,9.807396405385151e-05,0.00011457396405385151,"Freeze completed living P,Q,diet,predation,accumulation,migration. Solve EE for SM; detritus accumulation absorbs routed inflow at fixed predation. No new consumption is assumed.",SM,0.5
446_446_Hudson_Bay_(1970),routing_scenario,12,Harp seal,M0,3.9123524670240005e-05,4.6123524670240006e-05,"Freeze completed living P,Q,diet,predation,accumulation,migration. Solve EE for SM; detritus accumulation absorbs routed inflow at fixed predation. No new consumption is assumed.",SM,0.5
446_446_Hudson_Bay_(1970),routing_scenario,11,Ringed Seal,M0,0.004359851707524983,0.004556351707524982,"Freeze completed living P,Q,diet,predation,accumulation,migration. Solve EE for SM; detritus accumulation absorbs routed inflow at fixed predation. No new consumption is assumed.",SM,0.5
446_446_Hudson_Bay_(1970),routing_scenario,10,Harbour Seal,M0,0.00012099825122750879,0.00012199825122750879,"Freeze completed living P,Q,diet,predation,accumulation,migration. Solve EE for SM; detritus accumulation absorbs routed inflow at fixed predation. No new consumption is assumed.",SM,0.5
446_446_Hudson_Bay_(1970),routing_scenario,9,Bearded Seal,M0,0.00013606373638765757,0.00021956373638765757,"Freeze completed living P,Q,diet,predation,accumulation,migration. Solve EE for SM; detritus accumulation absorbs routed inflow at fixed predation. No new consumption is assumed.",SM,0.5
446_446_Hudson_Bay_(1970),routing_scenario,8,Walrus S,M0,8.217029462185597e-05,8.517029462185598e-05,"Freeze completed living P,Q,diet,predation,accumulation,migration. Solve EE for SM; detritus accumulation absorbs routed inflow at fixed predation. No new consumption is assumed.",SM,0.5
446_446_Hudson_Bay_(1970),routing_scenario,7,Walrus N,M0,0.0003819925835737691,0.0004219925835737691,"Freeze completed living P,Q,diet,predation,accumulation,migration. Solve EE for SM; detritus accumulation absorbs routed inflow at fixed predation. No new consumption is assumed.",SM,0.5
446_446_Hudson_Bay_(1970),routing_scenario,6,Bowhead,M0,0.00021741439634646387,0.00022191439634646387,"Freeze completed living P,Q,diet,predation,accumulation,migration. Solve EE for SM; detritus accumulation absorbs routed inflow at fixed predation. No new consumption is assumed.",SM,0.5
446_446_Hudson_Bay_(1970),routing_scenario,5,Narwhal,M0,0.00011868823016079942,0.00013568823016079943,"Freeze completed living P,Q,diet,predation,accumulation,migration. Solve EE for SM; detritus accumulation absorbs routed inflow at fixed predation. No new consumption is assumed.",SM,0.5
446_446_Hudson_Bay_(1970),routing_scenario,4,Killer Whale,M0,2.76981004599574e-06,3.2698100459957397e-06,"Freeze completed living P,Q,diet,predation,accumulation,migration. Solve EE for SM; detritus accumulation absorbs routed inflow at fixed predation. No new consumption is assumed.",SM,0.5
446_446_Hudson_Bay_(1970),routing_scenario,3,Polar Bear Foxe,M0,1.611317803944726e-05,1.861317803944726e-05,"Freeze completed living P,Q,diet,predation,accumulation,migration. Solve EE for SM; detritus accumulation absorbs routed inflow at fixed predation. No new consumption is assumed.",SM,0.5
446_446_Hudson_Bay_(1970),routing_scenario,2,SH Polar Bear,M0,2.9258219105026142e-05,4.025821910502614e-05,"Freeze completed living P,Q,diet,predation,accumulation,migration. Solve EE for SM; detritus accumulation absorbs routed inflow at fixed predation. No new consumption is assumed.",SM,0.5
446_446_Hudson_Bay_(1970),routing_scenario,1,Polar Bear WHB,M0,3.4803496340686466e-05,4.2303496340686465e-05,"Freeze completed living P,Q,diet,predation,accumulation,migration. Solve EE for SM; detritus accumulation absorbs routed inflow at fixed predation. No new consumption is assumed.",SM,0.5
446_446_Hudson_Bay_(1970),routing_scenario,25,Brackish Fish,EE,0.95,0.9499997403418826,"Freeze completed living P,Q,diet,predation,accumulation,migration. Solve EE for SM; detritus accumulation absorbs routed inflow at fixed predation. No new consumption is assumed.",SM,0.5
446_446_Hudson_Bay_(1970),routing_scenario,24,Other Marine Fish,EE,0.95,0.9499998616645823,"Freeze completed living P,Q,diet,predation,accumulation,migration. Solve EE for SM; detritus accumulation absorbs routed inflow at fixed predation. No new consumption is assumed.",SM,0.5
446_446_Hudson_Bay_(1970),routing_scenario,22,Sandlance,EE,0.95,0.9499999545036618,"Freeze completed living P,Q,diet,predation,accumulation,migration. Solve EE for SM; detritus accumulation absorbs routed inflow at fixed predation. No new consumption is assumed.",SM,0.5
446_446_Hudson_Bay_(1970),routing_scenario,21,Capelin,EE,0.95,0.9499998722605179,"Freeze completed living P,Q,diet,predation,accumulation,migration. Solve EE for SM; detritus accumulation absorbs routed inflow at fixed predation. No new consumption is assumed.",SM,0.5
446_446_Hudson_Bay_(1970),routing_scenario,20,Sculpins/ Zoarcids,EE,0.95,0.949999238313676,"Freeze completed living P,Q,diet,predation,accumulation,migration. Solve EE for SM; detritus accumulation absorbs routed inflow at fixed predation. No new consumption is assumed.",SM,0.5
446_446_Hudson_Bay_(1970),routing_scenario,19,Gadiformes,EE,0.95,0.949999587964058,"Freeze completed living P,Q,diet,predation,accumulation,migration. Solve EE for SM; detritus accumulation absorbs routed inflow at fixed predation. No new consumption is assumed.",SM,0.5
446_446_Hudson_Bay_(1970),routing_scenario,18,Atlantic Salmon,EE,0.95,0.9499997526129741,"Freeze completed living P,Q,diet,predation,accumulation,migration. Solve EE for SM; detritus accumulation absorbs routed inflow at fixed predation. No new consumption is assumed.",SM,0.5
446_446_Hudson_Bay_(1970),routing_scenario,17,Arctic Char,EE,0.95,0.9499935640346493,"Freeze completed living P,Q,diet,predation,accumulation,migration. Solve EE for SM; detritus accumulation absorbs routed inflow at fixed predation. No new consumption is assumed.",SM,0.5
446_446_Hudson_Bay_(1970),routing_scenario,16,Seabirds,EE,0.09712003999999996,0.09036328324324316,"Freeze completed living P,Q,diet,predation,accumulation,migration. Solve EE for SM; detritus accumulation absorbs routed inflow at fixed predation. No new consumption is assumed.",SM,0.5
446_446_Hudson_Bay_(1970),routing_scenario,15,Beluga James,EE,0.5643347,0.5095568077904228,"Freeze completed living P,Q,diet,predation,accumulation,migration. Solve EE for SM; detritus accumulation absorbs routed inflow at fixed predation. No new consumption is assumed.",SM,0.5
446_446_Hudson_Bay_(1970),routing_scenario,14,Beluga W,EE,0.13272054499999997,0.11343419594080617,"Freeze completed living P,Q,diet,predation,accumulation,migration. Solve EE for SM; detritus accumulation absorbs routed inflow at fixed predation. No new consumption is assumed.",SM,0.5
446_446_Hudson_Bay_(1970),routing_scenario,13,Beluga E,EE,0.28052579999999994,0.15948119438498098,"Freeze completed living P,Q,diet,predation,accumulation,migration. Solve EE for SM; detritus accumulation absorbs routed inflow at fixed predation. No new consumption is assumed.",SM,0.5
446_446_Hudson_Bay_(1970),routing_scenario,12,Harp seal,EE,0.6883504,0.6325899024889097,"Freeze completed living P,Q,diet,predation,accumulation,migration. Solve EE for SM; detritus accumulation absorbs routed inflow at fixed predation. No new consumption is assumed.",SM,0.5
446_446_Hudson_Bay_(1970),routing_scenario,11,Ringed Seal,EE,0.412556618,0.3860803448818647,"Freeze completed living P,Q,diet,predation,accumulation,migration. Solve EE for SM; detritus accumulation absorbs routed inflow at fixed predation. No new consumption is assumed.",SM,0.5
446_446_Hudson_Bay_(1970),routing_scenario,10,Harbour Seal,EE,0.07364795999999996,0.06599204736818676,"Freeze completed living P,Q,diet,predation,accumulation,migration. Solve EE for SM; detritus accumulation absorbs routed inflow at fixed predation. No new consumption is assumed.",SM,0.5
446_446_Hudson_Bay_(1970),routing_scenario,9,Bearded Seal,EE,0.791283369,0.663197523710212,"Freeze completed living P,Q,diet,predation,accumulation,migration. Solve EE for SM; detritus accumulation absorbs routed inflow at fixed predation. No new consumption is assumed.",SM,0.5
446_446_Hudson_Bay_(1970),routing_scenario,8,Walrus S,EE,0.143246785,0.1119671156641624,"Freeze completed living P,Q,diet,predation,accumulation,migration. Solve EE for SM; detritus accumulation absorbs routed inflow at fixed predation. No new consumption is assumed.",SM,0.5
446_446_Hudson_Bay_(1970),routing_scenario,7,Walrus N,EE,0.18816389099999997,0.10315322389177628,"Freeze completed living P,Q,diet,predation,accumulation,migration. Solve EE for SM; detritus accumulation absorbs routed inflow at fixed predation. No new consumption is assumed.",SM,0.5
446_446_Hudson_Bay_(1970),routing_scenario,6,Bowhead,EE,0.052819170000000026,0.03321460927805164,"Freeze completed living P,Q,diet,predation,accumulation,migration. Solve EE for SM; detritus accumulation absorbs routed inflow at fixed predation. No new consumption is assumed.",SM,0.5
446_446_Hudson_Bay_(1970),routing_scenario,5,Narwhal,EE,0.2706202,0.16614938108896593,"Freeze completed living P,Q,diet,predation,accumulation,migration. Solve EE for SM; detritus accumulation absorbs routed inflow at fixed predation. No new consumption is assumed.",SM,0.5
446_446_Hudson_Bay_(1970),routing_scenario,4,Killer Whale,EE,0.26526534600000007,0.13263266689946185,"Freeze completed living P,Q,diet,predation,accumulation,migration. Solve EE for SM; detritus accumulation absorbs routed inflow at fixed predation. No new consumption is assumed.",SM,0.5
446_446_Hudson_Bay_(1970),routing_scenario,3,Polar Bear Foxe,EE,0.3027038569999999,0.19451661093145223,"Freeze completed living P,Q,diet,predation,accumulation,migration. Solve EE for SM; detritus accumulation absorbs routed inflow at fixed predation. No new consumption is assumed.",SM,0.5
446_446_Hudson_Bay_(1970),routing_scenario,2,SH Polar Bear,EE,0.5060891,0.32039700847189034,"Freeze completed living P,Q,diet,predation,accumulation,migration. Solve EE for SM; detritus accumulation absorbs routed inflow at fixed predation. No new consumption is assumed.",SM,0.5
446_446_Hudson_Bay_(1970),routing_scenario,1,Polar Bear WHB,EE,0.4138758,0.28756861933720534,"Freeze completed living P,Q,diet,predation,accumulation,migration. Solve EE for SM; detritus accumulation absorbs routed inflow at fixed predation. No new consumption is assumed.",SM,0.5
446_446_Hudson_Bay_(1970),routing_scenario,25,Brackish Fish,catch,2.64076e-08,1.32038e-08,"Freeze completed living P,Q,diet,predation,accumulation,migration. Solve EE for SM; detritus accumulation absorbs routed inflow at fixed predation. No new consumption is assumed.",SM,0.5
446_446_Hudson_Bay_(1970),routing_scenario,24,Other Marine Fish,catch,6.60189e-08,3.300945e-08,"Freeze completed living P,Q,diet,predation,accumulation,migration. Solve EE for SM; detritus accumulation absorbs routed inflow at fixed predation. No new consumption is assumed.",SM,0.5
446_446_Hudson_Bay_(1970),routing_scenario,22,Sandlance,catch,3.96113e-08,1.980565e-08,"Freeze completed living P,Q,diet,predation,accumulation,migration. Solve EE for SM; detritus accumulation absorbs routed inflow at fixed predation. No new consumption is assumed.",SM,0.5
446_446_Hudson_Bay_(1970),routing_scenario,21,Capelin,catch,1.32038e-07,6.6019e-08,"Freeze completed living P,Q,diet,predation,accumulation,migration. Solve EE for SM; detritus accumulation absorbs routed inflow at fixed predation. No new consumption is assumed.",SM,0.5
446_446_Hudson_Bay_(1970),routing_scenario,20,Sculpins/ Zoarcids,catch,2.64076e-07,1.32038e-07,"Freeze completed living P,Q,diet,predation,accumulation,migration. Solve EE for SM; detritus accumulation absorbs routed inflow at fixed predation. No new consumption is assumed.",SM,0.5
446_446_Hudson_Bay_(1970),routing_scenario,19,Gadiformes,catch,2.64076e-07,1.32038e-07,"Freeze completed living P,Q,diet,predation,accumulation,migration. Solve EE for SM; detritus accumulation absorbs routed inflow at fixed predation. No new consumption is assumed.",SM,0.5
446_446_Hudson_Bay_(1970),routing_scenario,18,Atlantic Salmon,catch,1.32038e-08,6.6019e-09,"Freeze completed living P,Q,diet,predation,accumulation,migration. Solve EE for SM; detritus accumulation absorbs routed inflow at fixed predation. No new consumption is assumed.",SM,0.5
446_446_Hudson_Bay_(1970),routing_scenario,17,Arctic Char,catch,4.62132e-07,2.31066e-07,"Freeze completed living P,Q,diet,predation,accumulation,migration. Solve EE for SM; detritus accumulation absorbs routed inflow at fixed predation. No new consumption is assumed.",SM,0.5
446_446_Hudson_Bay_(1970),routing_scenario,16,Seabirds,catch,0.000325,0.0001625,"Freeze completed living P,Q,diet,predation,accumulation,migration. Solve EE for SM; detritus accumulation absorbs routed inflow at fixed predation. No new consumption is assumed.",SM,0.5
446_446_Hudson_Bay_(1970),routing_scenario,15,Beluga James,catch,1.4e-05,7e-06,"Freeze completed living P,Q,diet,predation,accumulation,migration. Solve EE for SM; detritus accumulation absorbs routed inflow at fixed predation. No new consumption is assumed.",SM,0.5
446_446_Hudson_Bay_(1970),routing_scenario,14,Beluga W,catch,6.05e-05,3.025e-05,"Freeze completed living P,Q,diet,predation,accumulation,migration. Solve EE for SM; detritus accumulation absorbs routed inflow at fixed predation. No new consumption is assumed.",SM,0.5
446_446_Hudson_Bay_(1970),routing_scenario,13,Beluga E,catch,3.3e-05,1.65e-05,"Freeze completed living P,Q,diet,predation,accumulation,migration. Solve EE for SM; detritus accumulation absorbs routed inflow at fixed predation. No new consumption is assumed.",SM,0.5
446_446_Hudson_Bay_(1970),routing_scenario,12,Harp seal,catch,1.4e-05,7e-06,"Freeze completed living P,Q,diet,predation,accumulation,migration. Solve EE for SM; detritus accumulation absorbs routed inflow at fixed predation. No new consumption is assumed.",SM,0.5
446_446_Hudson_Bay_(1970),routing_scenario,11,Ringed Seal,catch,0.000393,0.0001965,"Freeze completed living P,Q,diet,predation,accumulation,migration. Solve EE for SM; detritus accumulation absorbs routed inflow at fixed predation. No new consumption is assumed.",SM,0.5
446_446_Hudson_Bay_(1970),routing_scenario,10,Harbour Seal,catch,2e-06,1e-06,"Freeze completed living P,Q,diet,predation,accumulation,migration. Solve EE for SM; detritus accumulation absorbs routed inflow at fixed predation. No new consumption is assumed.",SM,0.5
446_446_Hudson_Bay_(1970),routing_scenario,9,Bearded Seal,catch,0.000167,8.35e-05,"Freeze completed living P,Q,diet,predation,accumulation,migration. Solve EE for SM; detritus accumulation absorbs routed inflow at fixed predation. No new consumption is assumed.",SM,0.5
446_446_Hudson_Bay_(1970),routing_scenario,8,Walrus S,catch,6e-06,3e-06,"Freeze completed living P,Q,diet,predation,accumulation,migration. Solve EE for SM; detritus accumulation absorbs routed inflow at fixed predation. No new consumption is assumed.",SM,0.5
446_446_Hudson_Bay_(1970),routing_scenario,7,Walrus N,catch,8e-05,4e-05,"Freeze completed living P,Q,diet,predation,accumulation,migration. Solve EE for SM; detritus accumulation absorbs routed inflow at fixed predation. No new consumption is assumed.",SM,0.5
446_446_Hudson_Bay_(1970),routing_scenario,6,Bowhead,catch,9e-06,4.5e-06,"Freeze completed living P,Q,diet,predation,accumulation,migration. Solve EE for SM; detritus accumulation absorbs routed inflow at fixed predation. No new consumption is assumed.",SM,0.5
446_446_Hudson_Bay_(1970),routing_scenario,5,Narwhal,catch,3.4e-05,1.7e-05,"Freeze completed living P,Q,diet,predation,accumulation,migration. Solve EE for SM; detritus accumulation absorbs routed inflow at fixed predation. No new consumption is assumed.",SM,0.5
446_446_Hudson_Bay_(1970),routing_scenario,4,Killer Whale,catch,1e-06,5e-07,"Freeze completed living P,Q,diet,predation,accumulation,migration. Solve EE for SM; detritus accumulation absorbs routed inflow at fixed predation. No new consumption is assumed.",SM,0.5
446_446_Hudson_Bay_(1970),routing_scenario,3,Polar Bear Foxe,catch,5e-06,2.5e-06,"Freeze completed living P,Q,diet,predation,accumulation,migration. Solve EE for SM; detritus accumulation absorbs routed inflow at fixed predation. No new consumption is assumed.",SM,0.5
446_446_Hudson_Bay_(1970),routing_scenario,2,SH Polar Bear,catch,2.2e-05,1.1e-05,"Freeze completed living P,Q,diet,predation,accumulation,migration. Solve EE for SM; detritus accumulation absorbs routed inflow at fixed predation. No new consumption is assumed.",SM,0.5
446_446_Hudson_Bay_(1970),routing_scenario,1,Polar Bear WHB,catch,1.5e-05,7.5e-06,"Freeze completed living P,Q,diet,predation,accumulation,migration. Solve EE for SM; detritus accumulation absorbs routed inflow at fixed predation. No new consumption is assumed.",SM,0.5
446_446_Hudson_Bay_(1970),routing_scenario,40,Pelagic Detritus,growth,100.09094139097152,100.09153227475329,"Freeze completed living P,Q,diet,predation,accumulation,migration. Solve EE for SM; detritus accumulation absorbs routed inflow at fixed predation. No new consumption is assumed.",SM,0.5
446_446_Hudson_Bay_(1970),routing_scenario,25,Brackish Fish,catch,2.64076e-08,1.32038e-08,"Freeze completed living P,Q,diet,predation,accumulation,migration. Solve EE for SM; detritus accumulation absorbs routed inflow at fixed predation. No new consumption is assumed.",SE,0.5
446_446_Hudson_Bay_(1970),routing_scenario,24,Other Marine Fish,catch,6.60189e-08,3.300945e-08,"Freeze completed living P,Q,diet,predation,accumulation,migration. Solve EE for SM; detritus accumulation absorbs routed inflow at fixed predation. No new consumption is assumed.",SE,0.5
446_446_Hudson_Bay_(1970),routing_scenario,22,Sandlance,catch,3.96113e-08,1.980565e-08,"Freeze completed living P,Q,diet,predation,accumulation,migration. Solve EE for SM; detritus accumulation absorbs routed inflow at fixed predation. No new consumption is assumed.",SE,0.5
446_446_Hudson_Bay_(1970),routing_scenario,21,Capelin,catch,1.32038e-07,6.6019e-08,"Freeze completed living P,Q,diet,predation,accumulation,migration. Solve EE for SM; detritus accumulation absorbs routed inflow at fixed predation. No new consumption is assumed.",SE,0.5
446_446_Hudson_Bay_(1970),routing_scenario,20,Sculpins/ Zoarcids,catch,2.64076e-07,1.32038e-07,"Freeze completed living P,Q,diet,predation,accumulation,migration. Solve EE for SM; detritus accumulation absorbs routed inflow at fixed predation. No new consumption is assumed.",SE,0.5
446_446_Hudson_Bay_(1970),routing_scenario,19,Gadiformes,catch,2.64076e-07,1.32038e-07,"Freeze completed living P,Q,diet,predation,accumulation,migration. Solve EE for SM; detritus accumulation absorbs routed inflow at fixed predation. No new consumption is assumed.",SE,0.5
446_446_Hudson_Bay_(1970),routing_scenario,18,Atlantic Salmon,catch,1.32038e-08,6.6019e-09,"Freeze completed living P,Q,diet,predation,accumulation,migration. Solve EE for SM; detritus accumulation absorbs routed inflow at fixed predation. No new consumption is assumed.",SE,0.5
446_446_Hudson_Bay_(1970),routing_scenario,17,Arctic Char,catch,4.62132e-07,2.31066e-07,"Freeze completed living P,Q,diet,predation,accumulation,migration. Solve EE for SM; detritus accumulation absorbs routed inflow at fixed predation. No new consumption is assumed.",SE,0.5
446_446_Hudson_Bay_(1970),routing_scenario,16,Seabirds,catch,0.000325,0.0001625,"Freeze completed living P,Q,diet,predation,accumulation,migration. Solve EE for SM; detritus accumulation absorbs routed inflow at fixed predation. No new consumption is assumed.",SE,0.5
446_446_Hudson_Bay_(1970),routing_scenario,15,Beluga James,catch,1.4e-05,7e-06,"Freeze completed living P,Q,diet,predation,accumulation,migration. Solve EE for SM; detritus accumulation absorbs routed inflow at fixed predation. No new consumption is assumed.",SE,0.5
446_446_Hudson_Bay_(1970),routing_scenario,14,Beluga W,catch,6.05e-05,3.025e-05,"Freeze completed living P,Q,diet,predation,accumulation,migration. Solve EE for SM; detritus accumulation absorbs routed inflow at fixed predation. No new consumption is assumed.",SE,0.5
446_446_Hudson_Bay_(1970),routing_scenario,13,Beluga E,catch,3.3e-05,1.65e-05,"Freeze completed living P,Q,diet,predation,accumulation,migration. Solve EE for SM; detritus accumulation absorbs routed inflow at fixed predation. No new consumption is assumed.",SE,0.5
446_446_Hudson_Bay_(1970),routing_scenario,12,Harp seal,catch,1.4e-05,7e-06,"Freeze completed living P,Q,diet,predation,accumulation,migration. Solve EE for SM; detritus accumulation absorbs routed inflow at fixed predation. No new consumption is assumed.",SE,0.5
446_446_Hudson_Bay_(1970),routing_scenario,11,Ringed Seal,catch,0.000393,0.0001965,"Freeze completed living P,Q,diet,predation,accumulation,migration. Solve EE for SM; detritus accumulation absorbs routed inflow at fixed predation. No new consumption is assumed.",SE,0.5
446_446_Hudson_Bay_(1970),routing_scenario,10,Harbour Seal,catch,2e-06,1e-06,"Freeze completed living P,Q,diet,predation,accumulation,migration. Solve EE for SM; detritus accumulation absorbs routed inflow at fixed predation. No new consumption is assumed.",SE,0.5
446_446_Hudson_Bay_(1970),routing_scenario,9,Bearded Seal,catch,0.000167,8.35e-05,"Freeze completed living P,Q,diet,predation,accumulation,migration. Solve EE for SM; detritus accumulation absorbs routed inflow at fixed predation. No new consumption is assumed.",SE,0.5
446_446_Hudson_Bay_(1970),routing_scenario,8,Walrus S,catch,6e-06,3e-06,"Freeze completed living P,Q,diet,predation,accumulation,migration. Solve EE for SM; detritus accumulation absorbs routed inflow at fixed predation. No new consumption is assumed.",SE,0.5
446_446_Hudson_Bay_(1970),routing_scenario,7,Walrus N,catch,8e-05,4e-05,"Freeze completed living P,Q,diet,predation,accumulation,migration. Solve EE for SM; detritus accumulation absorbs routed inflow at fixed predation. No new consumption is assumed.",SE,0.5
446_446_Hudson_Bay_(1970),routing_scenario,6,Bowhead,catch,9e-06,4.5e-06,"Freeze completed living P,Q,diet,predation,accumulation,migration. Solve EE for SM; detritus accumulation absorbs routed inflow at fixed predation. No new consumption is assumed.",SE,0.5
446_446_Hudson_Bay_(1970),routing_scenario,5,Narwhal,catch,3.4e-05,1.7e-05,"Freeze completed living P,Q,diet,predation,accumulation,migration. Solve EE for SM; detritus accumulation absorbs routed inflow at fixed predation. No new consumption is assumed.",SE,0.5
446_446_Hudson_Bay_(1970),routing_scenario,4,Killer Whale,catch,1e-06,5e-07,"Freeze completed living P,Q,diet,predation,accumulation,migration. Solve EE for SM; detritus accumulation absorbs routed inflow at fixed predation. No new consumption is assumed.",SE,0.5
446_446_Hudson_Bay_(1970),routing_scenario,3,Polar Bear Foxe,catch,5e-06,2.5e-06,"Freeze completed living P,Q,diet,predation,accumulation,migration. Solve EE for SM; detritus accumulation absorbs routed inflow at fixed predation. No new consumption is assumed.",SE,0.5
446_446_Hudson_Bay_(1970),routing_scenario,2,SH Polar Bear,catch,2.2e-05,1.1e-05,"Freeze completed living P,Q,diet,predation,accumulation,migration. Solve EE for SM; detritus accumulation absorbs routed inflow at fixed predation. No new consumption is assumed.",SE,0.5
446_446_Hudson_Bay_(1970),routing_scenario,1,Polar Bear WHB,catch,1.5e-05,7.5e-06,"Freeze completed living P,Q,diet,predation,accumulation,migration. Solve EE for SM; detritus accumulation absorbs routed inflow at fixed predation. No new consumption is assumed.",SE,0.5
446_446_Hudson_Bay_(1970),routing_scenario,25,Brackish Fish,external_loss,0.0,1.32038e-08,"Freeze completed living P,Q,diet,predation,accumulation,migration. Solve EE for SM; detritus accumulation absorbs routed inflow at fixed predation. No new consumption is assumed.",SE,0.5
446_446_Hudson_Bay_(1970),routing_scenario,24,Other Marine Fish,external_loss,0.0,3.300945e-08,"Freeze completed living P,Q,diet,predation,accumulation,migration. Solve EE for SM; detritus accumulation absorbs routed inflow at fixed predation. No new consumption is assumed.",SE,0.5
446_446_Hudson_Bay_(1970),routing_scenario,22,Sandlance,external_loss,0.0,1.980565e-08,"Freeze completed living P,Q,diet,predation,accumulation,migration. Solve EE for SM; detritus accumulation absorbs routed inflow at fixed predation. No new consumption is assumed.",SE,0.5
446_446_Hudson_Bay_(1970),routing_scenario,21,Capelin,external_loss,0.0,6.6019e-08,"Freeze completed living P,Q,diet,predation,accumulation,migration. Solve EE for SM; detritus accumulation absorbs routed inflow at fixed predation. No new consumption is assumed.",SE,0.5
446_446_Hudson_Bay_(1970),routing_scenario,20,Sculpins/ Zoarcids,external_loss,0.0,1.32038e-07,"Freeze completed living P,Q,diet,predation,accumulation,migration. Solve EE for SM; detritus accumulation absorbs routed inflow at fixed predation. No new consumption is assumed.",SE,0.5
446_446_Hudson_Bay_(1970),routing_scenario,19,Gadiformes,external_loss,0.0,1.32038e-07,"Freeze completed living P,Q,diet,predation,accumulation,migration. Solve EE for SM; detritus accumulation absorbs routed inflow at fixed predation. No new consumption is assumed.",SE,0.5
446_446_Hudson_Bay_(1970),routing_scenario,18,Atlantic Salmon,external_loss,0.0,6.6019e-09,"Freeze completed living P,Q,diet,predation,accumulation,migration. Solve EE for SM; detritus accumulation absorbs routed inflow at fixed predation. No new consumption is assumed.",SE,0.5
446_446_Hudson_Bay_(1970),routing_scenario,17,Arctic Char,external_loss,0.0,2.31066e-07,"Freeze completed living P,Q,diet,predation,accumulation,migration. Solve EE for SM; detritus accumulation absorbs routed inflow at fixed predation. No new consumption is assumed.",SE,0.5
446_446_Hudson_Bay_(1970),routing_scenario,16,Seabirds,external_loss,0.0,0.0001625,"Freeze completed living P,Q,diet,predation,accumulation,migration. Solve EE for SM; detritus accumulation absorbs routed inflow at fixed predation. No new consumption is assumed.",SE,0.5
446_446_Hudson_Bay_(1970),routing_scenario,15,Beluga James,external_loss,0.0,7e-06,"Freeze completed living P,Q,diet,predation,accumulation,migration. Solve EE for SM; detritus accumulation absorbs routed inflow at fixed predation. No new consumption is assumed.",SE,0.5
446_446_Hudson_Bay_(1970),routing_scenario,14,Beluga W,external_loss,0.0,3.025e-05,"Freeze completed living P,Q,diet,predation,accumulation,migration. Solve EE for SM; detritus accumulation absorbs routed inflow at fixed predation. No new consumption is assumed.",SE,0.5
446_446_Hudson_Bay_(1970),routing_scenario,13,Beluga E,external_loss,0.0,1.65e-05,"Freeze completed living P,Q,diet,predation,accumulation,migration. Solve EE for SM; detritus accumulation absorbs routed inflow at fixed predation. No new consumption is assumed.",SE,0.5
446_446_Hudson_Bay_(1970),routing_scenario,12,Harp seal,external_loss,0.0,7e-06,"Freeze completed living P,Q,diet,predation,accumulation,migration. Solve EE for SM; detritus accumulation absorbs routed inflow at fixed predation. No new consumption is assumed.",SE,0.5
446_446_Hudson_Bay_(1970),routing_scenario,11,Ringed Seal,external_loss,0.0,0.0001965,"Freeze completed living P,Q,diet,predation,accumulation,migration. Solve EE for SM; detritus accumulation absorbs routed inflow at fixed predation. No new consumption is assumed.",SE,0.5
446_446_Hudson_Bay_(1970),routing_scenario,10,Harbour Seal,external_loss,0.0,1e-06,"Freeze completed living P,Q,diet,predation,accumulation,migration. Solve EE for SM; detritus accumulation absorbs routed inflow at fixed predation. No new consumption is assumed.",SE,0.5
446_446_Hudson_Bay_(1970),routing_scenario,9,Bearded Seal,external_loss,0.0,8.35e-05,"Freeze completed living P,Q,diet,predation,accumulation,migration. Solve EE for SM; detritus accumulation absorbs routed inflow at fixed predation. No new consumption is assumed.",SE,0.5
446_446_Hudson_Bay_(1970),routing_scenario,8,Walrus S,external_loss,0.0,3e-06,"Freeze completed living P,Q,diet,predation,accumulation,migration. Solve EE for SM; detritus accumulation absorbs routed inflow at fixed predation. No new consumption is assumed.",SE,0.5
446_446_Hudson_Bay_(1970),routing_scenario,7,Walrus N,external_loss,0.0,4e-05,"Freeze completed living P,Q,diet,predation,accumulation,migration. Solve EE for SM; detritus accumulation absorbs routed inflow at fixed predation. No new consumption is assumed.",SE,0.5
446_446_Hudson_Bay_(1970),routing_scenario,6,Bowhead,external_loss,0.0,4.5e-06,"Freeze completed living P,Q,diet,predation,accumulation,migration. Solve EE for SM; detritus accumulation absorbs routed inflow at fixed predation. No new consumption is assumed.",SE,0.5
446_446_Hudson_Bay_(1970),routing_scenario,5,Narwhal,external_loss,0.0,1.7e-05,"Freeze completed living P,Q,diet,predation,accumulation,migration. Solve EE for SM; detritus accumulation absorbs routed inflow at fixed predation. No new consumption is assumed.",SE,0.5
446_446_Hudson_Bay_(1970),routing_scenario,4,Killer Whale,external_loss,0.0,5e-07,"Freeze completed living P,Q,diet,predation,accumulation,migration. Solve EE for SM; detritus accumulation absorbs routed inflow at fixed predation. No new consumption is assumed.",SE,0.5
446_446_Hudson_Bay_(1970),routing_scenario,3,Polar Bear Foxe,external_loss,0.0,2.5e-06,"Freeze completed living P,Q,diet,predation,accumulation,migration. Solve EE for SM; detritus accumulation absorbs routed inflow at fixed predation. No new consumption is assumed.",SE,0.5
446_446_Hudson_Bay_(1970),routing_scenario,2,SH Polar Bear,external_loss,0.0,1.1e-05,"Freeze completed living P,Q,diet,predation,accumulation,migration. Solve EE for SM; detritus accumulation absorbs routed inflow at fixed predation. No new consumption is assumed.",SE,0.5
446_446_Hudson_Bay_(1970),routing_scenario,1,Polar Bear WHB,external_loss,0.0,7.5e-06,"Freeze completed living P,Q,diet,predation,accumulation,migration. Solve EE for SM; detritus accumulation absorbs routed inflow at fixed predation. No new consumption is assumed.",SE,0.5
446_446_Hudson_Bay_(1970),routing_scenario,40,Pelagic Detritus,p,128.24910803428477,128.24999435995747,"Freeze completed living P,Q,diet,predation,accumulation,migration. Solve EE for SM; detritus accumulation absorbs routed inflow at fixed predation. No new consumption is assumed.",SM,0.75
446_446_Hudson_Bay_(1970),routing_scenario,40,Pelagic Detritus,q,128.24910803428477,128.24999435995747,"Freeze completed living P,Q,diet,predation,accumulation,migration. Solve EE for SM; detritus accumulation absorbs routed inflow at fixed predation. No new consumption is assumed.",SM,0.75
446_446_Hudson_Bay_(1970),routing_scenario,25,Brackish Fish,M0,0.0025425355725000025,0.0025425553782000027,"Freeze completed living P,Q,diet,predation,accumulation,migration. Solve EE for SM; detritus accumulation absorbs routed inflow at fixed predation. No new consumption is assumed.",SM,0.75
446_446_Hudson_Bay_(1970),routing_scenario,24,Other Marine Fish,M0,0.011930946740000012,0.011930996254175012,"Freeze completed living P,Q,diet,predation,accumulation,migration. Solve EE for SM; detritus accumulation absorbs routed inflow at fixed predation. No new consumption is assumed.",SM,0.75
446_446_Hudson_Bay_(1970),routing_scenario,22,Sandlance,M0,0.021766202280000018,0.021766231988475018,"Freeze completed living P,Q,diet,predation,accumulation,migration. Solve EE for SM; detritus accumulation absorbs routed inflow at fixed predation. No new consumption is assumed.",SM,0.75
446_446_Hudson_Bay_(1970),routing_scenario,21,Capelin,M0,0.025841266500000022,0.025841365528500023,"Freeze completed living P,Q,diet,predation,accumulation,migration. Solve EE for SM; detritus accumulation absorbs routed inflow at fixed predation. No new consumption is assumed.",SM,0.75
446_446_Hudson_Bay_(1970),routing_scenario,20,Sculpins/ Zoarcids,M0,0.008667478715000008,0.008667676772000008,"Freeze completed living P,Q,diet,predation,accumulation,migration. Solve EE for SM; detritus accumulation absorbs routed inflow at fixed predation. No new consumption is assumed.",SM,0.75
446_446_Hudson_Bay_(1970),routing_scenario,19,Gadiformes,M0,0.016022631350000014,0.016022829407000012,"Freeze completed living P,Q,diet,predation,accumulation,migration. Solve EE for SM; detritus accumulation absorbs routed inflow at fixed predation. No new consumption is assumed.",SM,0.75
446_446_Hudson_Bay_(1970),routing_scenario,18,Atlantic Salmon,M0,0.0013343262400000013,0.0013343361428500013,"Freeze completed living P,Q,diet,predation,accumulation,migration. Solve EE for SM; detritus accumulation absorbs routed inflow at fixed predation. No new consumption is assumed.",SM,0.75
446_446_Hudson_Bay_(1970),routing_scenario,17,Arctic Char,M0,0.0017951153200000017,0.0017954619190000017,"Freeze completed living P,Q,diet,predation,accumulation,migration. Solve EE for SM; detritus accumulation absorbs routed inflow at fixed predation. No new consumption is assumed.",SM,0.75
446_446_Hudson_Bay_(1970),routing_scenario,16,Seabirds,M0,0.021714263038000003,0.021958013038000004,"Freeze completed living P,Q,diet,predation,accumulation,migration. Solve EE for SM; detritus accumulation absorbs routed inflow at fixed predation. No new consumption is assumed.",SM,0.75
446_446_Hudson_Bay_(1970),routing_scenario,15,Beluga James,M0,5.5673137044634417e-05,6.617313704463442e-05,"Freeze completed living P,Q,diet,predation,accumulation,migration. Solve EE for SM; detritus accumulation absorbs routed inflow at fixed predation. No new consumption is assumed.",SM,0.75
446_446_Hudson_Bay_(1970),routing_scenario,14,Beluga W,M0,0.0013602991127677291,0.0014056741127677292,"Freeze completed living P,Q,diet,predation,accumulation,migration. Solve EE for SM; detritus accumulation absorbs routed inflow at fixed predation. No new consumption is assumed.",SM,0.75
446_446_Hudson_Bay_(1970),routing_scenario,13,Beluga E,M0,9.807396405385151e-05,0.00012282396405385152,"Freeze completed living P,Q,diet,predation,accumulation,migration. Solve EE for SM; detritus accumulation absorbs routed inflow at fixed predation. No new consumption is assumed.",SM,0.75
446_446_Hudson_Bay_(1970),routing_scenario,12,Harp seal,M0,3.9123524670240005e-05,4.962352467024e-05,"Freeze completed living P,Q,diet,predation,accumulation,migration. Solve EE for SM; detritus accumulation absorbs routed inflow at fixed predation. No new consumption is assumed.",SM,0.75
446_446_Hudson_Bay_(1970),routing_scenario,11,Ringed Seal,M0,0.004359851707524983,0.004654601707524983,"Freeze completed living P,Q,diet,predation,accumulation,migration. Solve EE for SM; detritus accumulation absorbs routed inflow at fixed predation. No new consumption is assumed.",SM,0.75
446_446_Hudson_Bay_(1970),routing_scenario,10,Harbour Seal,M0,0.00012099825122750879,0.00012249825122750879,"Freeze completed living P,Q,diet,predation,accumulation,migration. Solve EE for SM; detritus accumulation absorbs routed inflow at fixed predation. No new consumption is assumed.",SM,0.75
446_446_Hudson_Bay_(1970),routing_scenario,9,Bearded Seal,M0,0.00013606373638765757,0.00026131373638765755,"Freeze completed living P,Q,diet,predation,accumulation,migration. Solve EE for SM; detritus accumulation absorbs routed inflow at fixed predation. No new consumption is assumed.",SM,0.75
446_446_Hudson_Bay_(1970),routing_scenario,8,Walrus S,M0,8.217029462185597e-05,8.667029462185597e-05,"Freeze completed living P,Q,diet,predation,accumulation,migration. Solve EE for SM; detritus accumulation absorbs routed inflow at fixed predation. No new consumption is assumed.",SM,0.75
446_446_Hudson_Bay_(1970),routing_scenario,7,Walrus N,M0,0.0003819925835737691,0.0004419925835737691,"Freeze completed living P,Q,diet,predation,accumulation,migration. Solve EE for SM; detritus accumulation absorbs routed inflow at fixed predation. No new consumption is assumed.",SM,0.75
446_446_Hudson_Bay_(1970),routing_scenario,6,Bowhead,M0,0.00021741439634646387,0.00022416439634646387,"Freeze completed living P,Q,diet,predation,accumulation,migration. Solve EE for SM; detritus accumulation absorbs routed inflow at fixed predation. No new consumption is assumed.",SM,0.75
446_446_Hudson_Bay_(1970),routing_scenario,5,Narwhal,M0,0.00011868823016079942,0.00014418823016079942,"Freeze completed living P,Q,diet,predation,accumulation,migration. Solve EE for SM; detritus accumulation absorbs routed inflow at fixed predation. No new consumption is assumed.",SM,0.75
446_446_Hudson_Bay_(1970),routing_scenario,4,Killer Whale,M0,2.76981004599574e-06,3.51981004599574e-06,"Freeze completed living P,Q,diet,predation,accumulation,migration. Solve EE for SM; detritus accumulation absorbs routed inflow at fixed predation. No new consumption is assumed.",SM,0.75
446_446_Hudson_Bay_(1970),routing_scenario,3,Polar Bear Foxe,M0,1.611317803944726e-05,1.986317803944726e-05,"Freeze completed living P,Q,diet,predation,accumulation,migration. Solve EE for SM; detritus accumulation absorbs routed inflow at fixed predation. No new consumption is assumed.",SM,0.75
446_446_Hudson_Bay_(1970),routing_scenario,2,SH Polar Bear,M0,2.9258219105026142e-05,4.5758219105026146e-05,"Freeze completed living P,Q,diet,predation,accumulation,migration. Solve EE for SM; detritus accumulation absorbs routed inflow at fixed predation. No new consumption is assumed.",SM,0.75
446_446_Hudson_Bay_(1970),routing_scenario,1,Polar Bear WHB,M0,3.4803496340686466e-05,4.605349634068647e-05,"Freeze completed living P,Q,diet,predation,accumulation,migration. Solve EE for SM; detritus accumulation absorbs routed inflow at fixed predation. No new consumption is assumed.",SM,0.75
446_446_Hudson_Bay_(1970),routing_scenario,25,Brackish Fish,EE,0.95,0.949999610512824,"Freeze completed living P,Q,diet,predation,accumulation,migration. Solve EE for SM; detritus accumulation absorbs routed inflow at fixed predation. No new consumption is assumed.",SM,0.75
446_446_Hudson_Bay_(1970),routing_scenario,24,Other Marine Fish,EE,0.95,0.9499997924968735,"Freeze completed living P,Q,diet,predation,accumulation,migration. Solve EE for SM; detritus accumulation absorbs routed inflow at fixed predation. No new consumption is assumed.",SM,0.75
446_446_Hudson_Bay_(1970),routing_scenario,22,Sandlance,EE,0.95,0.9499999317554927,"Freeze completed living P,Q,diet,predation,accumulation,migration. Solve EE for SM; detritus accumulation absorbs routed inflow at fixed predation. No new consumption is assumed.",SM,0.75
446_446_Hudson_Bay_(1970),routing_scenario,21,Capelin,EE,0.95,0.9499998083907768,"Freeze completed living P,Q,diet,predation,accumulation,migration. Solve EE for SM; detritus accumulation absorbs routed inflow at fixed predation. No new consumption is assumed.",SM,0.75
446_446_Hudson_Bay_(1970),routing_scenario,20,Sculpins/ Zoarcids,EE,0.95,0.949998857470514,"Freeze completed living P,Q,diet,predation,accumulation,migration. Solve EE for SM; detritus accumulation absorbs routed inflow at fixed predation. No new consumption is assumed.",SM,0.75
446_446_Hudson_Bay_(1970),routing_scenario,19,Gadiformes,EE,0.95,0.9499993819460871,"Freeze completed living P,Q,diet,predation,accumulation,migration. Solve EE for SM; detritus accumulation absorbs routed inflow at fixed predation. No new consumption is assumed.",SM,0.75
446_446_Hudson_Bay_(1970),routing_scenario,18,Atlantic Salmon,EE,0.95,0.9499996289194612,"Freeze completed living P,Q,diet,predation,accumulation,migration. Solve EE for SM; detritus accumulation absorbs routed inflow at fixed predation. No new consumption is assumed.",SM,0.75
446_446_Hudson_Bay_(1970),routing_scenario,17,Arctic Char,EE,0.95,0.949990346051974,"Freeze completed living P,Q,diet,predation,accumulation,migration. Solve EE for SM; detritus accumulation absorbs routed inflow at fixed predation. No new consumption is assumed.",SM,0.75
446_446_Hudson_Bay_(1970),routing_scenario,16,Seabirds,EE,0.09712003999999996,0.08698490486486476,"Freeze completed living P,Q,diet,predation,accumulation,migration. Solve EE for SM; detritus accumulation absorbs routed inflow at fixed predation. No new consumption is assumed.",SM,0.75
446_446_Hudson_Bay_(1970),routing_scenario,15,Beluga James,EE,0.5643347,0.4821678616856342,"Freeze completed living P,Q,diet,predation,accumulation,migration. Solve EE for SM; detritus accumulation absorbs routed inflow at fixed predation. No new consumption is assumed.",SM,0.75
446_446_Hudson_Bay_(1970),routing_scenario,14,Beluga W,EE,0.13272054499999997,0.10379102141120922,"Freeze completed living P,Q,diet,predation,accumulation,migration. Solve EE for SM; detritus accumulation absorbs routed inflow at fixed predation. No new consumption is assumed.",SM,0.75
446_446_Hudson_Bay_(1970),routing_scenario,13,Beluga E,EE,0.28052579999999994,0.09895889157747151,"Freeze completed living P,Q,diet,predation,accumulation,migration. Solve EE for SM; detritus accumulation absorbs routed inflow at fixed predation. No new consumption is assumed.",SM,0.75
446_446_Hudson_Bay_(1970),routing_scenario,12,Harp seal,EE,0.6883504,0.6047096537333645,"Freeze completed living P,Q,diet,predation,accumulation,migration. Solve EE for SM; detritus accumulation absorbs routed inflow at fixed predation. No new consumption is assumed.",SM,0.75
446_446_Hudson_Bay_(1970),routing_scenario,11,Ringed Seal,EE,0.412556618,0.372842208322797,"Freeze completed living P,Q,diet,predation,accumulation,migration. Solve EE for SM; detritus accumulation absorbs routed inflow at fixed predation. No new consumption is assumed.",SM,0.75
446_446_Hudson_Bay_(1970),routing_scenario,10,Harbour Seal,EE,0.07364795999999996,0.06216409105228016,"Freeze completed living P,Q,diet,predation,accumulation,migration. Solve EE for SM; detritus accumulation absorbs routed inflow at fixed predation. No new consumption is assumed.",SM,0.75
446_446_Hudson_Bay_(1970),routing_scenario,9,Bearded Seal,EE,0.791283369,0.599154601065318,"Freeze completed living P,Q,diet,predation,accumulation,migration. Solve EE for SM; detritus accumulation absorbs routed inflow at fixed predation. No new consumption is assumed.",SM,0.75
446_446_Hudson_Bay_(1970),routing_scenario,8,Walrus S,EE,0.143246785,0.09632728099624377,"Freeze completed living P,Q,diet,predation,accumulation,migration. Solve EE for SM; detritus accumulation absorbs routed inflow at fixed predation. No new consumption is assumed.",SM,0.75
446_446_Hudson_Bay_(1970),routing_scenario,7,Walrus N,EE,0.18816389099999997,0.06064789033766449,"Freeze completed living P,Q,diet,predation,accumulation,migration. Solve EE for SM; detritus accumulation absorbs routed inflow at fixed predation. No new consumption is assumed.",SM,0.75
446_446_Hudson_Bay_(1970),routing_scenario,6,Bowhead,EE,0.052819170000000026,0.023412328917077452,"Freeze completed living P,Q,diet,predation,accumulation,migration. Solve EE for SM; detritus accumulation absorbs routed inflow at fixed predation. No new consumption is assumed.",SM,0.75
446_446_Hudson_Bay_(1970),routing_scenario,5,Narwhal,EE,0.2706202,0.11391397163344896,"Freeze completed living P,Q,diet,predation,accumulation,migration. Solve EE for SM; detritus accumulation absorbs routed inflow at fixed predation. No new consumption is assumed.",SM,0.75
446_446_Hudson_Bay_(1970),routing_scenario,4,Killer Whale,EE,0.26526534600000007,0.0663163273491928,"Freeze completed living P,Q,diet,predation,accumulation,migration. Solve EE for SM; detritus accumulation absorbs routed inflow at fixed predation. No new consumption is assumed.",SM,0.75
446_446_Hudson_Bay_(1970),routing_scenario,3,Polar Bear Foxe,EE,0.3027038569999999,0.14042298789717833,"Freeze completed living P,Q,diet,predation,accumulation,migration. Solve EE for SM; detritus accumulation absorbs routed inflow at fixed predation. No new consumption is assumed.",SM,0.75
446_446_Hudson_Bay_(1970),routing_scenario,2,SH Polar Bear,EE,0.5060891,0.22755096270783548,"Freeze completed living P,Q,diet,predation,accumulation,migration. Solve EE for SM; detritus accumulation absorbs routed inflow at fixed predation. No new consumption is assumed.",SM,0.75
446_446_Hudson_Bay_(1970),routing_scenario,1,Polar Bear WHB,EE,0.4138758,0.2244150290058079,"Freeze completed living P,Q,diet,predation,accumulation,migration. Solve EE for SM; detritus accumulation absorbs routed inflow at fixed predation. No new consumption is assumed.",SM,0.75
446_446_Hudson_Bay_(1970),routing_scenario,25,Brackish Fish,catch,2.64076e-08,6.6019e-09,"Freeze completed living P,Q,diet,predation,accumulation,migration. Solve EE for SM; detritus accumulation absorbs routed inflow at fixed predation. No new consumption is assumed.",SM,0.75
446_446_Hudson_Bay_(1970),routing_scenario,24,Other Marine Fish,catch,6.60189e-08,1.6504725e-08,"Freeze completed living P,Q,diet,predation,accumulation,migration. Solve EE for SM; detritus accumulation absorbs routed inflow at fixed predation. No new consumption is assumed.",SM,0.75
446_446_Hudson_Bay_(1970),routing_scenario,22,Sandlance,catch,3.96113e-08,9.902825e-09,"Freeze completed living P,Q,diet,predation,accumulation,migration. Solve EE for SM; detritus accumulation absorbs routed inflow at fixed predation. No new consumption is assumed.",SM,0.75
446_446_Hudson_Bay_(1970),routing_scenario,21,Capelin,catch,1.32038e-07,3.30095e-08,"Freeze completed living P,Q,diet,predation,accumulation,migration. Solve EE for SM; detritus accumulation absorbs routed inflow at fixed predation. No new consumption is assumed.",SM,0.75
446_446_Hudson_Bay_(1970),routing_scenario,20,Sculpins/ Zoarcids,catch,2.64076e-07,6.6019e-08,"Freeze completed living P,Q,diet,predation,accumulation,migration. Solve EE for SM; detritus accumulation absorbs routed inflow at fixed predation. No new consumption is assumed.",SM,0.75
446_446_Hudson_Bay_(1970),routing_scenario,19,Gadiformes,catch,2.64076e-07,6.6019e-08,"Freeze completed living P,Q,diet,predation,accumulation,migration. Solve EE for SM; detritus accumulation absorbs routed inflow at fixed predation. No new consumption is assumed.",SM,0.75
446_446_Hudson_Bay_(1970),routing_scenario,18,Atlantic Salmon,catch,1.32038e-08,3.30095e-09,"Freeze completed living P,Q,diet,predation,accumulation,migration. Solve EE for SM; detritus accumulation absorbs routed inflow at fixed predation. No new consumption is assumed.",SM,0.75
446_446_Hudson_Bay_(1970),routing_scenario,17,Arctic Char,catch,4.62132e-07,1.15533e-07,"Freeze completed living P,Q,diet,predation,accumulation,migration. Solve EE for SM; detritus accumulation absorbs routed inflow at fixed predation. No new consumption is assumed.",SM,0.75
446_446_Hudson_Bay_(1970),routing_scenario,16,Seabirds,catch,0.000325,8.125e-05,"Freeze completed living P,Q,diet,predation,accumulation,migration. Solve EE for SM; detritus accumulation absorbs routed inflow at fixed predation. No new consumption is assumed.",SM,0.75
446_446_Hudson_Bay_(1970),routing_scenario,15,Beluga James,catch,1.4e-05,3.5e-06,"Freeze completed living P,Q,diet,predation,accumulation,migration. Solve EE for SM; detritus accumulation absorbs routed inflow at fixed predation. No new consumption is assumed.",SM,0.75
446_446_Hudson_Bay_(1970),routing_scenario,14,Beluga W,catch,6.05e-05,1.5125e-05,"Freeze completed living P,Q,diet,predation,accumulation,migration. Solve EE for SM; detritus accumulation absorbs routed inflow at fixed predation. No new consumption is assumed.",SM,0.75
446_446_Hudson_Bay_(1970),routing_scenario,13,Beluga E,catch,3.3e-05,8.25e-06,"Freeze completed living P,Q,diet,predation,accumulation,migration. Solve EE for SM; detritus accumulation absorbs routed inflow at fixed predation. No new consumption is assumed.",SM,0.75
446_446_Hudson_Bay_(1970),routing_scenario,12,Harp seal,catch,1.4e-05,3.5e-06,"Freeze completed living P,Q,diet,predation,accumulation,migration. Solve EE for SM; detritus accumulation absorbs routed inflow at fixed predation. No new consumption is assumed.",SM,0.75
446_446_Hudson_Bay_(1970),routing_scenario,11,Ringed Seal,catch,0.000393,9.825e-05,"Freeze completed living P,Q,diet,predation,accumulation,migration. Solve EE for SM; detritus accumulation absorbs routed inflow at fixed predation. No new consumption is assumed.",SM,0.75
446_446_Hudson_Bay_(1970),routing_scenario,10,Harbour Seal,catch,2e-06,5e-07,"Freeze completed living P,Q,diet,predation,accumulation,migration. Solve EE for SM; detritus accumulation absorbs routed inflow at fixed predation. No new consumption is assumed.",SM,0.75
446_446_Hudson_Bay_(1970),routing_scenario,9,Bearded Seal,catch,0.000167,4.175e-05,"Freeze completed living P,Q,diet,predation,accumulation,migration. Solve EE for SM; detritus accumulation absorbs routed inflow at fixed predation. No new consumption is assumed.",SM,0.75
446_446_Hudson_Bay_(1970),routing_scenario,8,Walrus S,catch,6e-06,1.5e-06,"Freeze completed living P,Q,diet,predation,accumulation,migration. Solve EE for SM; detritus accumulation absorbs routed inflow at fixed predation. No new consumption is assumed.",SM,0.75
446_446_Hudson_Bay_(1970),routing_scenario,7,Walrus N,catch,8e-05,2e-05,"Freeze completed living P,Q,diet,predation,accumulation,migration. Solve EE for SM; detritus accumulation absorbs routed inflow at fixed predation. No new consumption is assumed.",SM,0.75
446_446_Hudson_Bay_(1970),routing_scenario,6,Bowhead,catch,9e-06,2.25e-06,"Freeze completed living P,Q,diet,predation,accumulation,migration. Solve EE for SM; detritus accumulation absorbs routed inflow at fixed predation. No new consumption is assumed.",SM,0.75
446_446_Hudson_Bay_(1970),routing_scenario,5,Narwhal,catch,3.4e-05,8.5e-06,"Freeze completed living P,Q,diet,predation,accumulation,migration. Solve EE for SM; detritus accumulation absorbs routed inflow at fixed predation. No new consumption is assumed.",SM,0.75
446_446_Hudson_Bay_(1970),routing_scenario,4,Killer Whale,catch,1e-06,2.5e-07,"Freeze completed living P,Q,diet,predation,accumulation,migration. Solve EE for SM; detritus accumulation absorbs routed inflow at fixed predation. No new consumption is assumed.",SM,0.75
446_446_Hudson_Bay_(1970),routing_scenario,3,Polar Bear Foxe,catch,5e-06,1.25e-06,"Freeze completed living P,Q,diet,predation,accumulation,migration. Solve EE for SM; detritus accumulation absorbs routed inflow at fixed predation. No new consumption is assumed.",SM,0.75
446_446_Hudson_Bay_(1970),routing_scenario,2,SH Polar Bear,catch,2.2e-05,5.5e-06,"Freeze completed living P,Q,diet,predation,accumulation,migration. Solve EE for SM; detritus accumulation absorbs routed inflow at fixed predation. No new consumption is assumed.",SM,0.75
446_446_Hudson_Bay_(1970),routing_scenario,1,Polar Bear WHB,catch,1.5e-05,3.75e-06,"Freeze completed living P,Q,diet,predation,accumulation,migration. Solve EE for SM; detritus accumulation absorbs routed inflow at fixed predation. No new consumption is assumed.",SM,0.75
446_446_Hudson_Bay_(1970),routing_scenario,40,Pelagic Detritus,growth,100.09094139097152,100.09182771664422,"Freeze completed living P,Q,diet,predation,accumulation,migration. Solve EE for SM; detritus accumulation absorbs routed inflow at fixed predation. No new consumption is assumed.",SM,0.75
446_446_Hudson_Bay_(1970),routing_scenario,25,Brackish Fish,catch,2.64076e-08,6.6019e-09,"Freeze completed living P,Q,diet,predation,accumulation,migration. Solve EE for SM; detritus accumulation absorbs routed inflow at fixed predation. No new consumption is assumed.",SE,0.75
446_446_Hudson_Bay_(1970),routing_scenario,24,Other Marine Fish,catch,6.60189e-08,1.6504725e-08,"Freeze completed living P,Q,diet,predation,accumulation,migration. Solve EE for SM; detritus accumulation absorbs routed inflow at fixed predation. No new consumption is assumed.",SE,0.75
446_446_Hudson_Bay_(1970),routing_scenario,22,Sandlance,catch,3.96113e-08,9.902825e-09,"Freeze completed living P,Q,diet,predation,accumulation,migration. Solve EE for SM; detritus accumulation absorbs routed inflow at fixed predation. No new consumption is assumed.",SE,0.75
446_446_Hudson_Bay_(1970),routing_scenario,21,Capelin,catch,1.32038e-07,3.30095e-08,"Freeze completed living P,Q,diet,predation,accumulation,migration. Solve EE for SM; detritus accumulation absorbs routed inflow at fixed predation. No new consumption is assumed.",SE,0.75
446_446_Hudson_Bay_(1970),routing_scenario,20,Sculpins/ Zoarcids,catch,2.64076e-07,6.6019e-08,"Freeze completed living P,Q,diet,predation,accumulation,migration. Solve EE for SM; detritus accumulation absorbs routed inflow at fixed predation. No new consumption is assumed.",SE,0.75
446_446_Hudson_Bay_(1970),routing_scenario,19,Gadiformes,catch,2.64076e-07,6.6019e-08,"Freeze completed living P,Q,diet,predation,accumulation,migration. Solve EE for SM; detritus accumulation absorbs routed inflow at fixed predation. No new consumption is assumed.",SE,0.75
446_446_Hudson_Bay_(1970),routing_scenario,18,Atlantic Salmon,catch,1.32038e-08,3.30095e-09,"Freeze completed living P,Q,diet,predation,accumulation,migration. Solve EE for SM; detritus accumulation absorbs routed inflow at fixed predation. No new consumption is assumed.",SE,0.75
446_446_Hudson_Bay_(1970),routing_scenario,17,Arctic Char,catch,4.62132e-07,1.15533e-07,"Freeze completed living P,Q,diet,predation,accumulation,migration. Solve EE for SM; detritus accumulation absorbs routed inflow at fixed predation. No new consumption is assumed.",SE,0.75
446_446_Hudson_Bay_(1970),routing_scenario,16,Seabirds,catch,0.000325,8.125e-05,"Freeze completed living P,Q,diet,predation,accumulation,migration. Solve EE for SM; detritus accumulation absorbs routed inflow at fixed predation. No new consumption is assumed.",SE,0.75
446_446_Hudson_Bay_(1970),routing_scenario,15,Beluga James,catch,1.4e-05,3.5e-06,"Freeze completed living P,Q,diet,predation,accumulation,migration. Solve EE for SM; detritus accumulation absorbs routed inflow at fixed predation. No new consumption is assumed.",SE,0.75
446_446_Hudson_Bay_(1970),routing_scenario,14,Beluga W,catch,6.05e-05,1.5125e-05,"Freeze completed living P,Q,diet,predation,accumulation,migration. Solve EE for SM; detritus accumulation absorbs routed inflow at fixed predation. No new consumption is assumed.",SE,0.75
446_446_Hudson_Bay_(1970),routing_scenario,13,Beluga E,catch,3.3e-05,8.25e-06,"Freeze completed living P,Q,diet,predation,accumulation,migration. Solve EE for SM; detritus accumulation absorbs routed inflow at fixed predation. No new consumption is assumed.",SE,0.75
446_446_Hudson_Bay_(1970),routing_scenario,12,Harp seal,catch,1.4e-05,3.5e-06,"Freeze completed living P,Q,diet,predation,accumulation,migration. Solve EE for SM; detritus accumulation absorbs routed inflow at fixed predation. No new consumption is assumed.",SE,0.75
446_446_Hudson_Bay_(1970),routing_scenario,11,Ringed Seal,catch,0.000393,9.825e-05,"Freeze completed living P,Q,diet,predation,accumulation,migration. Solve EE for SM; detritus accumulation absorbs routed inflow at fixed predation. No new consumption is assumed.",SE,0.75
446_446_Hudson_Bay_(1970),routing_scenario,10,Harbour Seal,catch,2e-06,5e-07,"Freeze completed living P,Q,diet,predation,accumulation,migration. Solve EE for SM; detritus accumulation absorbs routed inflow at fixed predation. No new consumption is assumed.",SE,0.75
446_446_Hudson_Bay_(1970),routing_scenario,9,Bearded Seal,catch,0.000167,4.175e-05,"Freeze completed living P,Q,diet,predation,accumulation,migration. Solve EE for SM; detritus accumulation absorbs routed inflow at fixed predation. No new consumption is assumed.",SE,0.75
446_446_Hudson_Bay_(1970),routing_scenario,8,Walrus S,catch,6e-06,1.5e-06,"Freeze completed living P,Q,diet,predation,accumulation,migration. Solve EE for SM; detritus accumulation absorbs routed inflow at fixed predation. No new consumption is assumed.",SE,0.75
446_446_Hudson_Bay_(1970),routing_scenario,7,Walrus N,catch,8e-05,2e-05,"Freeze completed living P,Q,diet,predation,accumulation,migration. Solve EE for SM; detritus accumulation absorbs routed inflow at fixed predation. No new consumption is assumed.",SE,0.75
446_446_Hudson_Bay_(1970),routing_scenario,6,Bowhead,catch,9e-06,2.25e-06,"Freeze completed living P,Q,diet,predation,accumulation,migration. Solve EE for SM; detritus accumulation absorbs routed inflow at fixed predation. No new consumption is assumed.",SE,0.75
446_446_Hudson_Bay_(1970),routing_scenario,5,Narwhal,catch,3.4e-05,8.5e-06,"Freeze completed living P,Q,diet,predation,accumulation,migration. Solve EE for SM; detritus accumulation absorbs routed inflow at fixed predation. No new consumption is assumed.",SE,0.75
446_446_Hudson_Bay_(1970),routing_scenario,4,Killer Whale,catch,1e-06,2.5e-07,"Freeze completed living P,Q,diet,predation,accumulation,migration. Solve EE for SM; detritus accumulation absorbs routed inflow at fixed predation. No new consumption is assumed.",SE,0.75
446_446_Hudson_Bay_(1970),routing_scenario,3,Polar Bear Foxe,catch,5e-06,1.25e-06,"Freeze completed living P,Q,diet,predation,accumulation,migration. Solve EE for SM; detritus accumulation absorbs routed inflow at fixed predation. No new consumption is assumed.",SE,0.75
446_446_Hudson_Bay_(1970),routing_scenario,2,SH Polar Bear,catch,2.2e-05,5.5e-06,"Freeze completed living P,Q,diet,predation,accumulation,migration. Solve EE for SM; detritus accumulation absorbs routed inflow at fixed predation. No new consumption is assumed.",SE,0.75
446_446_Hudson_Bay_(1970),routing_scenario,1,Polar Bear WHB,catch,1.5e-05,3.75e-06,"Freeze completed living P,Q,diet,predation,accumulation,migration. Solve EE for SM; detritus accumulation absorbs routed inflow at fixed predation. No new consumption is assumed.",SE,0.75
446_446_Hudson_Bay_(1970),routing_scenario,25,Brackish Fish,external_loss,0.0,1.98057e-08,"Freeze completed living P,Q,diet,predation,accumulation,migration. Solve EE for SM; detritus accumulation absorbs routed inflow at fixed predation. No new consumption is assumed.",SE,0.75
446_446_Hudson_Bay_(1970),routing_scenario,24,Other Marine Fish,external_loss,0.0,4.9514175e-08,"Freeze completed living P,Q,diet,predation,accumulation,migration. Solve EE for SM; detritus accumulation absorbs routed inflow at fixed predation. No new consumption is assumed.",SE,0.75
446_446_Hudson_Bay_(1970),routing_scenario,22,Sandlance,external_loss,0.0,2.9708475e-08,"Freeze completed living P,Q,diet,predation,accumulation,migration. Solve EE for SM; detritus accumulation absorbs routed inflow at fixed predation. No new consumption is assumed.",SE,0.75
446_446_Hudson_Bay_(1970),routing_scenario,21,Capelin,external_loss,0.0,9.90285e-08,"Freeze completed living P,Q,diet,predation,accumulation,migration. Solve EE for SM; detritus accumulation absorbs routed inflow at fixed predation. No new consumption is assumed.",SE,0.75
446_446_Hudson_Bay_(1970),routing_scenario,20,Sculpins/ Zoarcids,external_loss,0.0,1.98057e-07,"Freeze completed living P,Q,diet,predation,accumulation,migration. Solve EE for SM; detritus accumulation absorbs routed inflow at fixed predation. No new consumption is assumed.",SE,0.75
446_446_Hudson_Bay_(1970),routing_scenario,19,Gadiformes,external_loss,0.0,1.98057e-07,"Freeze completed living P,Q,diet,predation,accumulation,migration. Solve EE for SM; detritus accumulation absorbs routed inflow at fixed predation. No new consumption is assumed.",SE,0.75
446_446_Hudson_Bay_(1970),routing_scenario,18,Atlantic Salmon,external_loss,0.0,9.90285e-09,"Freeze completed living P,Q,diet,predation,accumulation,migration. Solve EE for SM; detritus accumulation absorbs routed inflow at fixed predation. No new consumption is assumed.",SE,0.75
446_446_Hudson_Bay_(1970),routing_scenario,17,Arctic Char,external_loss,0.0,3.46599e-07,"Freeze completed living P,Q,diet,predation,accumulation,migration. Solve EE for SM; detritus accumulation absorbs routed inflow at fixed predation. No new consumption is assumed.",SE,0.75
446_446_Hudson_Bay_(1970),routing_scenario,16,Seabirds,external_loss,0.0,0.00024375,"Freeze completed living P,Q,diet,predation,accumulation,migration. Solve EE for SM; detritus accumulation absorbs routed inflow at fixed predation. No new consumption is assumed.",SE,0.75
446_446_Hudson_Bay_(1970),routing_scenario,15,Beluga James,external_loss,0.0,1.05e-05,"Freeze completed living P,Q,diet,predation,accumulation,migration. Solve EE for SM; detritus accumulation absorbs routed inflow at fixed predation. No new consumption is assumed.",SE,0.75
446_446_Hudson_Bay_(1970),routing_scenario,14,Beluga W,external_loss,0.0,4.5375e-05,"Freeze completed living P,Q,diet,predation,accumulation,migration. Solve EE for SM; detritus accumulation absorbs routed inflow at fixed predation. No new consumption is assumed.",SE,0.75
446_446_Hudson_Bay_(1970),routing_scenario,13,Beluga E,external_loss,0.0,2.4750000000000002e-05,"Freeze completed living P,Q,diet,predation,accumulation,migration. Solve EE for SM; detritus accumulation absorbs routed inflow at fixed predation. No new consumption is assumed.",SE,0.75
446_446_Hudson_Bay_(1970),routing_scenario,12,Harp seal,external_loss,0.0,1.05e-05,"Freeze completed living P,Q,diet,predation,accumulation,migration. Solve EE for SM; detritus accumulation absorbs routed inflow at fixed predation. No new consumption is assumed.",SE,0.75
446_446_Hudson_Bay_(1970),routing_scenario,11,Ringed Seal,external_loss,0.0,0.00029475,"Freeze completed living P,Q,diet,predation,accumulation,migration. Solve EE for SM; detritus accumulation absorbs routed inflow at fixed predation. No new consumption is assumed.",SE,0.75
446_446_Hudson_Bay_(1970),routing_scenario,10,Harbour Seal,external_loss,0.0,1.5e-06,"Freeze completed living P,Q,diet,predation,accumulation,migration. Solve EE for SM; detritus accumulation absorbs routed inflow at fixed predation. No new consumption is assumed.",SE,0.75
446_446_Hudson_Bay_(1970),routing_scenario,9,Bearded Seal,external_loss,0.0,0.00012524999999999998,"Freeze completed living P,Q,diet,predation,accumulation,migration. Solve EE for SM; detritus accumulation absorbs routed inflow at fixed predation. No new consumption is assumed.",SE,0.75
446_446_Hudson_Bay_(1970),routing_scenario,8,Walrus S,external_loss,0.0,4.5e-06,"Freeze completed living P,Q,diet,predation,accumulation,migration. Solve EE for SM; detritus accumulation absorbs routed inflow at fixed predation. No new consumption is assumed.",SE,0.75
446_446_Hudson_Bay_(1970),routing_scenario,7,Walrus N,external_loss,0.0,6.000000000000001e-05,"Freeze completed living P,Q,diet,predation,accumulation,migration. Solve EE for SM; detritus accumulation absorbs routed inflow at fixed predation. No new consumption is assumed.",SE,0.75
446_446_Hudson_Bay_(1970),routing_scenario,6,Bowhead,external_loss,0.0,6.75e-06,"Freeze completed living P,Q,diet,predation,accumulation,migration. Solve EE for SM; detritus accumulation absorbs routed inflow at fixed predation. No new consumption is assumed.",SE,0.75
446_446_Hudson_Bay_(1970),routing_scenario,5,Narwhal,external_loss,0.0,2.55e-05,"Freeze completed living P,Q,diet,predation,accumulation,migration. Solve EE for SM; detritus accumulation absorbs routed inflow at fixed predation. No new consumption is assumed.",SE,0.75
446_446_Hudson_Bay_(1970),routing_scenario,4,Killer Whale,external_loss,0.0,7.5e-07,"Freeze completed living P,Q,diet,predation,accumulation,migration. Solve EE for SM; detritus accumulation absorbs routed inflow at fixed predation. No new consumption is assumed.",SE,0.75
446_446_Hudson_Bay_(1970),routing_scenario,3,Polar Bear Foxe,external_loss,0.0,3.7500000000000005e-06,"Freeze completed living P,Q,diet,predation,accumulation,migration. Solve EE for SM; detritus accumulation absorbs routed inflow at fixed predation. No new consumption is assumed.",SE,0.75
446_446_Hudson_Bay_(1970),routing_scenario,2,SH Polar Bear,external_loss,0.0,1.65e-05,"Freeze completed living P,Q,diet,predation,accumulation,migration. Solve EE for SM; detritus accumulation absorbs routed inflow at fixed predation. No new consumption is assumed.",SE,0.75
446_446_Hudson_Bay_(1970),routing_scenario,1,Polar Bear WHB,external_loss,0.0,1.125e-05,"Freeze completed living P,Q,diet,predation,accumulation,migration. Solve EE for SM; detritus accumulation absorbs routed inflow at fixed predation. No new consumption is assumed.",SE,0.75
446_446_Hudson_Bay_(1970),routing_scenario,40,Pelagic Detritus,p,128.24910803428477,128.25028980184834,"Freeze completed living P,Q,diet,predation,accumulation,migration. Solve EE for SM; detritus accumulation absorbs routed inflow at fixed predation. No new consumption is assumed.",SM,1.0
446_446_Hudson_Bay_(1970),routing_scenario,40,Pelagic Detritus,q,128.24910803428477,128.25028980184834,"Freeze completed living P,Q,diet,predation,accumulation,migration. Solve EE for SM; detritus accumulation absorbs routed inflow at fixed predation. No new consumption is assumed.",SM,1.0
446_446_Hudson_Bay_(1970),routing_scenario,25,Brackish Fish,M0,0.0025425355725000025,0.0025425619801000025,"Freeze completed living P,Q,diet,predation,accumulation,migration. Solve EE for SM; detritus accumulation absorbs routed inflow at fixed predation. No new consumption is assumed.",SM,1.0
446_446_Hudson_Bay_(1970),routing_scenario,24,Other Marine Fish,M0,0.011930946740000012,0.011931012758900012,"Freeze completed living P,Q,diet,predation,accumulation,migration. Solve EE for SM; detritus accumulation absorbs routed inflow at fixed predation. No new consumption is assumed.",SM,1.0
446_446_Hudson_Bay_(1970),routing_scenario,22,Sandlance,M0,0.021766202280000018,0.02176624189130002,"Freeze completed living P,Q,diet,predation,accumulation,migration. Solve EE for SM; detritus accumulation absorbs routed inflow at fixed predation. No new consumption is assumed.",SM,1.0
446_446_Hudson_Bay_(1970),routing_scenario,21,Capelin,M0,0.025841266500000022,0.02584139853800002,"Freeze completed living P,Q,diet,predation,accumulation,migration. Solve EE for SM; detritus accumulation absorbs routed inflow at fixed predation. No new consumption is assumed.",SM,1.0
446_446_Hudson_Bay_(1970),routing_scenario,20,Sculpins/ Zoarcids,M0,0.008667478715000008,0.008667742791000008,"Freeze completed living P,Q,diet,predation,accumulation,migration. Solve EE for SM; detritus accumulation absorbs routed inflow at fixed predation. No new consumption is assumed.",SM,1.0
446_446_Hudson_Bay_(1970),routing_scenario,19,Gadiformes,M0,0.016022631350000014,0.016022895426000015,"Freeze completed living P,Q,diet,predation,accumulation,migration. Solve EE for SM; detritus accumulation absorbs routed inflow at fixed predation. No new consumption is assumed.",SM,1.0
446_446_Hudson_Bay_(1970),routing_scenario,18,Atlantic Salmon,M0,0.0013343262400000013,0.0013343394438000012,"Freeze completed living P,Q,diet,predation,accumulation,migration. Solve EE for SM; detritus accumulation absorbs routed inflow at fixed predation. No new consumption is assumed.",SM,1.0
446_446_Hudson_Bay_(1970),routing_scenario,17,Arctic Char,M0,0.0017951153200000017,0.0017955774520000017,"Freeze completed living P,Q,diet,predation,accumulation,migration. Solve EE for SM; detritus accumulation absorbs routed inflow at fixed predation. No new consumption is assumed.",SM,1.0
446_446_Hudson_Bay_(1970),routing_scenario,16,Seabirds,M0,0.021714263038000003,0.022039263038000002,"Freeze completed living P,Q,diet,predation,accumulation,migration. Solve EE for SM; detritus accumulation absorbs routed inflow at fixed predation. No new consumption is assumed.",SM,1.0
446_446_Hudson_Bay_(1970),routing_scenario,15,Beluga James,M0,5.5673137044634417e-05,6.967313704463441e-05,"Freeze completed living P,Q,diet,predation,accumulation,migration. Solve EE for SM; detritus accumulation absorbs routed inflow at fixed predation. No new consumption is assumed.",SM,1.0
446_446_Hudson_Bay_(1970),routing_scenario,14,Beluga W,M0,0.0013602991127677291,0.0014207991127677291,"Freeze completed living P,Q,diet,predation,accumulation,migration. Solve EE for SM; detritus accumulation absorbs routed inflow at fixed predation. No new consumption is assumed.",SM,1.0
446_446_Hudson_Bay_(1970),routing_scenario,13,Beluga E,M0,9.807396405385151e-05,0.0001310739640538515,"Freeze completed living P,Q,diet,predation,accumulation,migration. Solve EE for SM; detritus accumulation absorbs routed inflow at fixed predation. No new consumption is assumed.",SM,1.0
446_446_Hudson_Bay_(1970),routing_scenario,12,Harp seal,M0,3.9123524670240005e-05,5.3123524670240006e-05,"Freeze completed living P,Q,diet,predation,accumulation,migration. Solve EE for SM; detritus accumulation absorbs routed inflow at fixed predation. No new consumption is assumed.",SM,1.0
446_446_Hudson_Bay_(1970),routing_scenario,11,Ringed Seal,M0,0.004359851707524983,0.004752851707524983,"Freeze completed living P,Q,diet,predation,accumulation,migration. Solve EE for SM; detritus accumulation absorbs routed inflow at fixed predation. No new consumption is assumed.",SM,1.0
446_446_Hudson_Bay_(1970),routing_scenario,10,Harbour Seal,M0,0.00012099825122750879,0.0001229982512275088,"Freeze completed living P,Q,diet,predation,accumulation,migration. Solve EE for SM; detritus accumulation absorbs routed inflow at fixed predation. No new consumption is assumed.",SM,1.0
446_446_Hudson_Bay_(1970),routing_scenario,9,Bearded Seal,M0,0.00013606373638765757,0.00030306373638765757,"Freeze completed living P,Q,diet,predation,accumulation,migration. Solve EE for SM; detritus accumulation absorbs routed inflow at fixed predation. No new consumption is assumed.",SM,1.0
446_446_Hudson_Bay_(1970),routing_scenario,8,Walrus S,M0,8.217029462185597e-05,8.817029462185597e-05,"Freeze completed living P,Q,diet,predation,accumulation,migration. Solve EE for SM; detritus accumulation absorbs routed inflow at fixed predation. No new consumption is assumed.",SM,1.0
446_446_Hudson_Bay_(1970),routing_scenario,7,Walrus N,M0,0.0003819925835737691,0.0004619925835737691,"Freeze completed living P,Q,diet,predation,accumulation,migration. Solve EE for SM; detritus accumulation absorbs routed inflow at fixed predation. No new consumption is assumed.",SM,1.0
446_446_Hudson_Bay_(1970),routing_scenario,6,Bowhead,M0,0.00021741439634646387,0.00022641439634646387,"Freeze completed living P,Q,diet,predation,accumulation,migration. Solve EE for SM; detritus accumulation absorbs routed inflow at fixed predation. No new consumption is assumed.",SM,1.0
446_446_Hudson_Bay_(1970),routing_scenario,5,Narwhal,M0,0.00011868823016079942,0.00015268823016079944,"Freeze completed living P,Q,diet,predation,accumulation,migration. Solve EE for SM; detritus accumulation absorbs routed inflow at fixed predation. No new consumption is assumed.",SM,1.0
446_446_Hudson_Bay_(1970),routing_scenario,4,Killer Whale,M0,2.76981004599574e-06,3.7698100459957395e-06,"Freeze completed living P,Q,diet,predation,accumulation,migration. Solve EE for SM; detritus accumulation absorbs routed inflow at fixed predation. No new consumption is assumed.",SM,1.0
446_446_Hudson_Bay_(1970),routing_scenario,3,Polar Bear Foxe,M0,1.611317803944726e-05,2.111317803944726e-05,"Freeze completed living P,Q,diet,predation,accumulation,migration. Solve EE for SM; detritus accumulation absorbs routed inflow at fixed predation. No new consumption is assumed.",SM,1.0
446_446_Hudson_Bay_(1970),routing_scenario,2,SH Polar Bear,M0,2.9258219105026142e-05,5.1258219105026145e-05,"Freeze completed living P,Q,diet,predation,accumulation,migration. Solve EE for SM; detritus accumulation absorbs routed inflow at fixed predation. No new consumption is assumed.",SM,1.0
446_446_Hudson_Bay_(1970),routing_scenario,1,Polar Bear WHB,M0,3.4803496340686466e-05,4.9803496340686464e-05,"Freeze completed living P,Q,diet,predation,accumulation,migration. Solve EE for SM; detritus accumulation absorbs routed inflow at fixed predation. No new consumption is assumed.",SM,1.0
446_446_Hudson_Bay_(1970),routing_scenario,25,Brackish Fish,EE,0.95,0.9499994806837653,"Freeze completed living P,Q,diet,predation,accumulation,migration. Solve EE for SM; detritus accumulation absorbs routed inflow at fixed predation. No new consumption is assumed.",SM,1.0
446_446_Hudson_Bay_(1970),routing_scenario,24,Other Marine Fish,EE,0.95,0.9499997233291647,"Freeze completed living P,Q,diet,predation,accumulation,migration. Solve EE for SM; detritus accumulation absorbs routed inflow at fixed predation. No new consumption is assumed.",SM,1.0
446_446_Hudson_Bay_(1970),routing_scenario,22,Sandlance,EE,0.95,0.9499999090073236,"Freeze completed living P,Q,diet,predation,accumulation,migration. Solve EE for SM; detritus accumulation absorbs routed inflow at fixed predation. No new consumption is assumed.",SM,1.0
446_446_Hudson_Bay_(1970),routing_scenario,21,Capelin,EE,0.95,0.9499997445210357,"Freeze completed living P,Q,diet,predation,accumulation,migration. Solve EE for SM; detritus accumulation absorbs routed inflow at fixed predation. No new consumption is assumed.",SM,1.0
446_446_Hudson_Bay_(1970),routing_scenario,20,Sculpins/ Zoarcids,EE,0.95,0.9499984766273522,"Freeze completed living P,Q,diet,predation,accumulation,migration. Solve EE for SM; detritus accumulation absorbs routed inflow at fixed predation. No new consumption is assumed.",SM,1.0
446_446_Hudson_Bay_(1970),routing_scenario,19,Gadiformes,EE,0.95,0.9499991759281161,"Freeze completed living P,Q,diet,predation,accumulation,migration. Solve EE for SM; detritus accumulation absorbs routed inflow at fixed predation. No new consumption is assumed.",SM,1.0
446_446_Hudson_Bay_(1970),routing_scenario,18,Atlantic Salmon,EE,0.95,0.9499995052259483,"Freeze completed living P,Q,diet,predation,accumulation,migration. Solve EE for SM; detritus accumulation absorbs routed inflow at fixed predation. No new consumption is assumed.",SM,1.0
446_446_Hudson_Bay_(1970),routing_scenario,17,Arctic Char,EE,0.95,0.9499871280692986,"Freeze completed living P,Q,diet,predation,accumulation,migration. Solve EE for SM; detritus accumulation absorbs routed inflow at fixed predation. No new consumption is assumed.",SM,1.0
446_446_Hudson_Bay_(1970),routing_scenario,16,Seabirds,EE,0.09712003999999996,0.08360652648648648,"Freeze completed living P,Q,diet,predation,accumulation,migration. Solve EE for SM; detritus accumulation absorbs routed inflow at fixed predation. No new consumption is assumed.",SM,1.0
446_446_Hudson_Bay_(1970),routing_scenario,15,Beluga James,EE,0.5643347,0.4547789155808457,"Freeze completed living P,Q,diet,predation,accumulation,migration. Solve EE for SM; detritus accumulation absorbs routed inflow at fixed predation. No new consumption is assumed.",SM,1.0
446_446_Hudson_Bay_(1970),routing_scenario,14,Beluga W,EE,0.13272054499999997,0.09414784688161237,"Freeze completed living P,Q,diet,predation,accumulation,migration. Solve EE for SM; detritus accumulation absorbs routed inflow at fixed predation. No new consumption is assumed.",SM,1.0
446_446_Hudson_Bay_(1970),routing_scenario,13,Beluga E,EE,0.28052579999999994,0.03843658876996214,"Freeze completed living P,Q,diet,predation,accumulation,migration. Solve EE for SM; detritus accumulation absorbs routed inflow at fixed predation. No new consumption is assumed.",SM,1.0
446_446_Hudson_Bay_(1970),routing_scenario,12,Harp seal,EE,0.6883504,0.5768294049778193,"Freeze completed living P,Q,diet,predation,accumulation,migration. Solve EE for SM; detritus accumulation absorbs routed inflow at fixed predation. No new consumption is assumed.",SM,1.0
446_446_Hudson_Bay_(1970),routing_scenario,11,Ringed Seal,EE,0.412556618,0.3596040717637293,"Freeze completed living P,Q,diet,predation,accumulation,migration. Solve EE for SM; detritus accumulation absorbs routed inflow at fixed predation. No new consumption is assumed.",SM,1.0
446_446_Hudson_Bay_(1970),routing_scenario,10,Harbour Seal,EE,0.07364795999999996,0.058336134736373446,"Freeze completed living P,Q,diet,predation,accumulation,migration. Solve EE for SM; detritus accumulation absorbs routed inflow at fixed predation. No new consumption is assumed.",SM,1.0
446_446_Hudson_Bay_(1970),routing_scenario,9,Bearded Seal,EE,0.791283369,0.5351116784204241,"Freeze completed living P,Q,diet,predation,accumulation,migration. Solve EE for SM; detritus accumulation absorbs routed inflow at fixed predation. No new consumption is assumed.",SM,1.0
446_446_Hudson_Bay_(1970),routing_scenario,8,Walrus S,EE,0.143246785,0.08068744632832503,"Freeze completed living P,Q,diet,predation,accumulation,migration. Solve EE for SM; detritus accumulation absorbs routed inflow at fixed predation. No new consumption is assumed.",SM,1.0
446_446_Hudson_Bay_(1970),routing_scenario,7,Walrus N,EE,0.18816389099999997,0.018142556783552588,"Freeze completed living P,Q,diet,predation,accumulation,migration. Solve EE for SM; detritus accumulation absorbs routed inflow at fixed predation. No new consumption is assumed.",SM,1.0
446_446_Hudson_Bay_(1970),routing_scenario,6,Bowhead,EE,0.052819170000000026,0.01361004855610326,"Freeze completed living P,Q,diet,predation,accumulation,migration. Solve EE for SM; detritus accumulation absorbs routed inflow at fixed predation. No new consumption is assumed.",SM,1.0
446_446_Hudson_Bay_(1970),routing_scenario,5,Narwhal,EE,0.2706202,0.061678562177931884,"Freeze completed living P,Q,diet,predation,accumulation,migration. Solve EE for SM; detritus accumulation absorbs routed inflow at fixed predation. No new consumption is assumed.",SM,1.0
446_446_Hudson_Bay_(1970),routing_scenario,4,Killer Whale,EE,0.26526534600000007,-1.2201076371454178e-08,"Freeze completed living P,Q,diet,predation,accumulation,migration. Solve EE for SM; detritus accumulation absorbs routed inflow at fixed predation. No new consumption is assumed.",SM,1.0
446_446_Hudson_Bay_(1970),routing_scenario,3,Polar Bear Foxe,EE,0.3027038569999999,0.08632936486290455,"Freeze completed living P,Q,diet,predation,accumulation,migration. Solve EE for SM; detritus accumulation absorbs routed inflow at fixed predation. No new consumption is assumed.",SM,1.0
446_446_Hudson_Bay_(1970),routing_scenario,2,SH Polar Bear,EE,0.5060891,0.13470491694378062,"Freeze completed living P,Q,diet,predation,accumulation,migration. Solve EE for SM; detritus accumulation absorbs routed inflow at fixed predation. No new consumption is assumed.",SM,1.0
446_446_Hudson_Bay_(1970),routing_scenario,1,Polar Bear WHB,EE,0.4138758,0.16126143867441056,"Freeze completed living P,Q,diet,predation,accumulation,migration. Solve EE for SM; detritus accumulation absorbs routed inflow at fixed predation. No new consumption is assumed.",SM,1.0
446_446_Hudson_Bay_(1970),routing_scenario,25,Brackish Fish,catch,2.64076e-08,0.0,"Freeze completed living P,Q,diet,predation,accumulation,migration. Solve EE for SM; detritus accumulation absorbs routed inflow at fixed predation. No new consumption is assumed.",SM,1.0
446_446_Hudson_Bay_(1970),routing_scenario,24,Other Marine Fish,catch,6.60189e-08,0.0,"Freeze completed living P,Q,diet,predation,accumulation,migration. Solve EE for SM; detritus accumulation absorbs routed inflow at fixed predation. No new consumption is assumed.",SM,1.0
446_446_Hudson_Bay_(1970),routing_scenario,22,Sandlance,catch,3.96113e-08,0.0,"Freeze completed living P,Q,diet,predation,accumulation,migration. Solve EE for SM; detritus accumulation absorbs routed inflow at fixed predation. No new consumption is assumed.",SM,1.0
446_446_Hudson_Bay_(1970),routing_scenario,21,Capelin,catch,1.32038e-07,0.0,"Freeze completed living P,Q,diet,predation,accumulation,migration. Solve EE for SM; detritus accumulation absorbs routed inflow at fixed predation. No new consumption is assumed.",SM,1.0
446_446_Hudson_Bay_(1970),routing_scenario,20,Sculpins/ Zoarcids,catch,2.64076e-07,0.0,"Freeze completed living P,Q,diet,predation,accumulation,migration. Solve EE for SM; detritus accumulation absorbs routed inflow at fixed predation. No new consumption is assumed.",SM,1.0
446_446_Hudson_Bay_(1970),routing_scenario,19,Gadiformes,catch,2.64076e-07,0.0,"Freeze completed living P,Q,diet,predation,accumulation,migration. Solve EE for SM; detritus accumulation absorbs routed inflow at fixed predation. No new consumption is assumed.",SM,1.0
446_446_Hudson_Bay_(1970),routing_scenario,18,Atlantic Salmon,catch,1.32038e-08,0.0,"Freeze completed living P,Q,diet,predation,accumulation,migration. Solve EE for SM; detritus accumulation absorbs routed inflow at fixed predation. No new consumption is assumed.",SM,1.0
446_446_Hudson_Bay_(1970),routing_scenario,17,Arctic Char,catch,4.62132e-07,0.0,"Freeze completed living P,Q,diet,predation,accumulation,migration. Solve EE for SM; detritus accumulation absorbs routed inflow at fixed predation. No new consumption is assumed.",SM,1.0
446_446_Hudson_Bay_(1970),routing_scenario,16,Seabirds,catch,0.000325,0.0,"Freeze completed living P,Q,diet,predation,accumulation,migration. Solve EE for SM; detritus accumulation absorbs routed inflow at fixed predation. No new consumption is assumed.",SM,1.0
446_446_Hudson_Bay_(1970),routing_scenario,15,Beluga James,catch,1.4e-05,0.0,"Freeze completed living P,Q,diet,predation,accumulation,migration. Solve EE for SM; detritus accumulation absorbs routed inflow at fixed predation. No new consumption is assumed.",SM,1.0
446_446_Hudson_Bay_(1970),routing_scenario,14,Beluga W,catch,6.05e-05,0.0,"Freeze completed living P,Q,diet,predation,accumulation,migration. Solve EE for SM; detritus accumulation absorbs routed inflow at fixed predation. No new consumption is assumed.",SM,1.0
446_446_Hudson_Bay_(1970),routing_scenario,13,Beluga E,catch,3.3e-05,0.0,"Freeze completed living P,Q,diet,predation,accumulation,migration. Solve EE for SM; detritus accumulation absorbs routed inflow at fixed predation. No new consumption is assumed.",SM,1.0
446_446_Hudson_Bay_(1970),routing_scenario,12,Harp seal,catch,1.4e-05,0.0,"Freeze completed living P,Q,diet,predation,accumulation,migration. Solve EE for SM; detritus accumulation absorbs routed inflow at fixed predation. No new consumption is assumed.",SM,1.0
446_446_Hudson_Bay_(1970),routing_scenario,11,Ringed Seal,catch,0.000393,0.0,"Freeze completed living P,Q,diet,predation,accumulation,migration. Solve EE for SM; detritus accumulation absorbs routed inflow at fixed predation. No new consumption is assumed.",SM,1.0
446_446_Hudson_Bay_(1970),routing_scenario,10,Harbour Seal,catch,2e-06,0.0,"Freeze completed living P,Q,diet,predation,accumulation,migration. Solve EE for SM; detritus accumulation absorbs routed inflow at fixed predation. No new consumption is assumed.",SM,1.0
446_446_Hudson_Bay_(1970),routing_scenario,9,Bearded Seal,catch,0.000167,0.0,"Freeze completed living P,Q,diet,predation,accumulation,migration. Solve EE for SM; detritus accumulation absorbs routed inflow at fixed predation. No new consumption is assumed.",SM,1.0
446_446_Hudson_Bay_(1970),routing_scenario,8,Walrus S,catch,6e-06,0.0,"Freeze completed living P,Q,diet,predation,accumulation,migration. Solve EE for SM; detritus accumulation absorbs routed inflow at fixed predation. No new consumption is assumed.",SM,1.0
446_446_Hudson_Bay_(1970),routing_scenario,7,Walrus N,catch,8e-05,0.0,"Freeze completed living P,Q,diet,predation,accumulation,migration. Solve EE for SM; detritus accumulation absorbs routed inflow at fixed predation. No new consumption is assumed.",SM,1.0
446_446_Hudson_Bay_(1970),routing_scenario,6,Bowhead,catch,9e-06,0.0,"Freeze completed living P,Q,diet,predation,accumulation,migration. Solve EE for SM; detritus accumulation absorbs routed inflow at fixed predation. No new consumption is assumed.",SM,1.0
446_446_Hudson_Bay_(1970),routing_scenario,5,Narwhal,catch,3.4e-05,0.0,"Freeze completed living P,Q,diet,predation,accumulation,migration. Solve EE for SM; detritus accumulation absorbs routed inflow at fixed predation. No new consumption is assumed.",SM,1.0
446_446_Hudson_Bay_(1970),routing_scenario,4,Killer Whale,catch,1e-06,0.0,"Freeze completed living P,Q,diet,predation,accumulation,migration. Solve EE for SM; detritus accumulation absorbs routed inflow at fixed predation. No new consumption is assumed.",SM,1.0
446_446_Hudson_Bay_(1970),routing_scenario,3,Polar Bear Foxe,catch,5e-06,0.0,"Freeze completed living P,Q,diet,predation,accumulation,migration. Solve EE for SM; detritus accumulation absorbs routed inflow at fixed predation. No new consumption is assumed.",SM,1.0
446_446_Hudson_Bay_(1970),routing_scenario,2,SH Polar Bear,catch,2.2e-05,0.0,"Freeze completed living P,Q,diet,predation,accumulation,migration. Solve EE for SM; detritus accumulation absorbs routed inflow at fixed predation. No new consumption is assumed.",SM,1.0
446_446_Hudson_Bay_(1970),routing_scenario,1,Polar Bear WHB,catch,1.5e-05,0.0,"Freeze completed living P,Q,diet,predation,accumulation,migration. Solve EE for SM; detritus accumulation absorbs routed inflow at fixed predation. No new consumption is assumed.",SM,1.0
446_446_Hudson_Bay_(1970),routing_scenario,40,Pelagic Detritus,growth,100.09094139097152,100.09212315853509,"Freeze completed living P,Q,diet,predation,accumulation,migration. Solve EE for SM; detritus accumulation absorbs routed inflow at fixed predation. No new consumption is assumed.",SM,1.0
446_446_Hudson_Bay_(1970),routing_scenario,25,Brackish Fish,catch,2.64076e-08,0.0,"Freeze completed living P,Q,diet,predation,accumulation,migration. Solve EE for SM; detritus accumulation absorbs routed inflow at fixed predation. No new consumption is assumed.",SE,1.0
446_446_Hudson_Bay_(1970),routing_scenario,24,Other Marine Fish,catch,6.60189e-08,0.0,"Freeze completed living P,Q,diet,predation,accumulation,migration. Solve EE for SM; detritus accumulation absorbs routed inflow at fixed predation. No new consumption is assumed.",SE,1.0
446_446_Hudson_Bay_(1970),routing_scenario,22,Sandlance,catch,3.96113e-08,0.0,"Freeze completed living P,Q,diet,predation,accumulation,migration. Solve EE for SM; detritus accumulation absorbs routed inflow at fixed predation. No new consumption is assumed.",SE,1.0
446_446_Hudson_Bay_(1970),routing_scenario,21,Capelin,catch,1.32038e-07,0.0,"Freeze completed living P,Q,diet,predation,accumulation,migration. Solve EE for SM; detritus accumulation absorbs routed inflow at fixed predation. No new consumption is assumed.",SE,1.0
446_446_Hudson_Bay_(1970),routing_scenario,20,Sculpins/ Zoarcids,catch,2.64076e-07,0.0,"Freeze completed living P,Q,diet,predation,accumulation,migration. Solve EE for SM; detritus accumulation absorbs routed inflow at fixed predation. No new consumption is assumed.",SE,1.0
446_446_Hudson_Bay_(1970),routing_scenario,19,Gadiformes,catch,2.64076e-07,0.0,"Freeze completed living P,Q,diet,predation,accumulation,migration. Solve EE for SM; detritus accumulation absorbs routed inflow at fixed predation. No new consumption is assumed.",SE,1.0
446_446_Hudson_Bay_(1970),routing_scenario,18,Atlantic Salmon,catch,1.32038e-08,0.0,"Freeze completed living P,Q,diet,predation,accumulation,migration. Solve EE for SM; detritus accumulation absorbs routed inflow at fixed predation. No new consumption is assumed.",SE,1.0
446_446_Hudson_Bay_(1970),routing_scenario,17,Arctic Char,catch,4.62132e-07,0.0,"Freeze completed living P,Q,diet,predation,accumulation,migration. Solve EE for SM; detritus accumulation absorbs routed inflow at fixed predation. No new consumption is assumed.",SE,1.0
446_446_Hudson_Bay_(1970),routing_scenario,16,Seabirds,catch,0.000325,0.0,"Freeze completed living P,Q,diet,predation,accumulation,migration. Solve EE for SM; detritus accumulation absorbs routed inflow at fixed predation. No new consumption is assumed.",SE,1.0
446_446_Hudson_Bay_(1970),routing_scenario,15,Beluga James,catch,1.4e-05,0.0,"Freeze completed living P,Q,diet,predation,accumulation,migration. Solve EE for SM; detritus accumulation absorbs routed inflow at fixed predation. No new consumption is assumed.",SE,1.0
446_446_Hudson_Bay_(1970),routing_scenario,14,Beluga W,catch,6.05e-05,0.0,"Freeze completed living P,Q,diet,predation,accumulation,migration. Solve EE for SM; detritus accumulation absorbs routed inflow at fixed predation. No new consumption is assumed.",SE,1.0
446_446_Hudson_Bay_(1970),routing_scenario,13,Beluga E,catch,3.3e-05,0.0,"Freeze completed living P,Q,diet,predation,accumulation,migration. Solve EE for SM; detritus accumulation absorbs routed inflow at fixed predation. No new consumption is assumed.",SE,1.0
446_446_Hudson_Bay_(1970),routing_scenario,12,Harp seal,catch,1.4e-05,0.0,"Freeze completed living P,Q,diet,predation,accumulation,migration. Solve EE for SM; detritus accumulation absorbs routed inflow at fixed predation. No new consumption is assumed.",SE,1.0
446_446_Hudson_Bay_(1970),routing_scenario,11,Ringed Seal,catch,0.000393,0.0,"Freeze completed living P,Q,diet,predation,accumulation,migration. Solve EE for SM; detritus accumulation absorbs routed inflow at fixed predation. No new consumption is assumed.",SE,1.0
446_446_Hudson_Bay_(1970),routing_scenario,10,Harbour Seal,catch,2e-06,0.0,"Freeze completed living P,Q,diet,predation,accumulation,migration. Solve EE for SM; detritus accumulation absorbs routed inflow at fixed predation. No new consumption is assumed.",SE,1.0
446_446_Hudson_Bay_(1970),routing_scenario,9,Bearded Seal,catch,0.000167,0.0,"Freeze completed living P,Q,diet,predation,accumulation,migration. Solve EE for SM; detritus accumulation absorbs routed inflow at fixed predation. No new consumption is assumed.",SE,1.0
446_446_Hudson_Bay_(1970),routing_scenario,8,Walrus S,catch,6e-06,0.0,"Freeze completed living P,Q,diet,predation,accumulation,migration. Solve EE for SM; detritus accumulation absorbs routed inflow at fixed predation. No new consumption is assumed.",SE,1.0
446_446_Hudson_Bay_(1970),routing_scenario,7,Walrus N,catch,8e-05,0.0,"Freeze completed living P,Q,diet,predation,accumulation,migration. Solve EE for SM; detritus accumulation absorbs routed inflow at fixed predation. No new consumption is assumed.",SE,1.0
446_446_Hudson_Bay_(1970),routing_scenario,6,Bowhead,catch,9e-06,0.0,"Freeze completed living P,Q,diet,predation,accumulation,migration. Solve EE for SM; detritus accumulation absorbs routed inflow at fixed predation. No new consumption is assumed.",SE,1.0
446_446_Hudson_Bay_(1970),routing_scenario,5,Narwhal,catch,3.4e-05,0.0,"Freeze completed living P,Q,diet,predation,accumulation,migration. Solve EE for SM; detritus accumulation absorbs routed inflow at fixed predation. No new consumption is assumed.",SE,1.0
446_446_Hudson_Bay_(1970),routing_scenario,4,Killer Whale,catch,1e-06,0.0,"Freeze completed living P,Q,diet,predation,accumulation,migration. Solve EE for SM; detritus accumulation absorbs routed inflow at fixed predation. No new consumption is assumed.",SE,1.0
446_446_Hudson_Bay_(1970),routing_scenario,3,Polar Bear Foxe,catch,5e-06,0.0,"Freeze completed living P,Q,diet,predation,accumulation,migration. Solve EE for SM; detritus accumulation absorbs routed inflow at fixed predation. No new consumption is assumed.",SE,1.0
446_446_Hudson_Bay_(1970),routing_scenario,2,SH Polar Bear,catch,2.2e-05,0.0,"Freeze completed living P,Q,diet,predation,accumulation,migration. Solve EE for SM; detritus accumulation absorbs routed inflow at fixed predation. No new consumption is assumed.",SE,1.0
446_446_Hudson_Bay_(1970),routing_scenario,1,Polar Bear WHB,catch,1.5e-05,0.0,"Freeze completed living P,Q,diet,predation,accumulation,migration. Solve EE for SM; detritus accumulation absorbs routed inflow at fixed predation. No new consumption is assumed.",SE,1.0
446_446_Hudson_Bay_(1970),routing_scenario,25,Brackish Fish,external_loss,0.0,2.64076e-08,"Freeze completed living P,Q,diet,predation,accumulation,migration. Solve EE for SM; detritus accumulation absorbs routed inflow at fixed predation. No new consumption is assumed.",SE,1.0
446_446_Hudson_Bay_(1970),routing_scenario,24,Other Marine Fish,external_loss,0.0,6.60189e-08,"Freeze completed living P,Q,diet,predation,accumulation,migration. Solve EE for SM; detritus accumulation absorbs routed inflow at fixed predation. No new consumption is assumed.",SE,1.0
446_446_Hudson_Bay_(1970),routing_scenario,22,Sandlance,external_loss,0.0,3.96113e-08,"Freeze completed living P,Q,diet,predation,accumulation,migration. Solve EE for SM; detritus accumulation absorbs routed inflow at fixed predation. No new consumption is assumed.",SE,1.0
446_446_Hudson_Bay_(1970),routing_scenario,21,Capelin,external_loss,0.0,1.32038e-07,"Freeze completed living P,Q,diet,predation,accumulation,migration. Solve EE for SM; detritus accumulation absorbs routed inflow at fixed predation. No new consumption is assumed.",SE,1.0
446_446_Hudson_Bay_(1970),routing_scenario,20,Sculpins/ Zoarcids,external_loss,0.0,2.64076e-07,"Freeze completed living P,Q,diet,predation,accumulation,migration. Solve EE for SM; detritus accumulation absorbs routed inflow at fixed predation. No new consumption is assumed.",SE,1.0
446_446_Hudson_Bay_(1970),routing_scenario,19,Gadiformes,external_loss,0.0,2.64076e-07,"Freeze completed living P,Q,diet,predation,accumulation,migration. Solve EE for SM; detritus accumulation absorbs routed inflow at fixed predation. No new consumption is assumed.",SE,1.0
446_446_Hudson_Bay_(1970),routing_scenario,18,Atlantic Salmon,external_loss,0.0,1.32038e-08,"Freeze completed living P,Q,diet,predation,accumulation,migration. Solve EE for SM; detritus accumulation absorbs routed inflow at fixed predation. No new consumption is assumed.",SE,1.0
446_446_Hudson_Bay_(1970),routing_scenario,17,Arctic Char,external_loss,0.0,4.62132e-07,"Freeze completed living P,Q,diet,predation,accumulation,migration. Solve EE for SM; detritus accumulation absorbs routed inflow at fixed predation. No new consumption is assumed.",SE,1.0
446_446_Hudson_Bay_(1970),routing_scenario,16,Seabirds,external_loss,0.0,0.000325,"Freeze completed living P,Q,diet,predation,accumulation,migration. Solve EE for SM; detritus accumulation absorbs routed inflow at fixed predation. No new consumption is assumed.",SE,1.0
446_446_Hudson_Bay_(1970),routing_scenario,15,Beluga James,external_loss,0.0,1.4e-05,"Freeze completed living P,Q,diet,predation,accumulation,migration. Solve EE for SM; detritus accumulation absorbs routed inflow at fixed predation. No new consumption is assumed.",SE,1.0
446_446_Hudson_Bay_(1970),routing_scenario,14,Beluga W,external_loss,0.0,6.05e-05,"Freeze completed living P,Q,diet,predation,accumulation,migration. Solve EE for SM; detritus accumulation absorbs routed inflow at fixed predation. No new consumption is assumed.",SE,1.0
446_446_Hudson_Bay_(1970),routing_scenario,13,Beluga E,external_loss,0.0,3.3e-05,"Freeze completed living P,Q,diet,predation,accumulation,migration. Solve EE for SM; detritus accumulation absorbs routed inflow at fixed predation. No new consumption is assumed.",SE,1.0
446_446_Hudson_Bay_(1970),routing_scenario,12,Harp seal,external_loss,0.0,1.4e-05,"Freeze completed living P,Q,diet,predation,accumulation,migration. Solve EE for SM; detritus accumulation absorbs routed inflow at fixed predation. No new consumption is assumed.",SE,1.0
446_446_Hudson_Bay_(1970),routing_scenario,11,Ringed Seal,external_loss,0.0,0.000393,"Freeze completed living P,Q,diet,predation,accumulation,migration. Solve EE for SM; detritus accumulation absorbs routed inflow at fixed predation. No new consumption is assumed.",SE,1.0
446_446_Hudson_Bay_(1970),routing_scenario,10,Harbour Seal,external_loss,0.0,2e-06,"Freeze completed living P,Q,diet,predation,accumulation,migration. Solve EE for SM; detritus accumulation absorbs routed inflow at fixed predation. No new consumption is assumed.",SE,1.0
446_446_Hudson_Bay_(1970),routing_scenario,9,Bearded Seal,external_loss,0.0,0.000167,"Freeze completed living P,Q,diet,predation,accumulation,migration. Solve EE for SM; detritus accumulation absorbs routed inflow at fixed predation. No new consumption is assumed.",SE,1.0
446_446_Hudson_Bay_(1970),routing_scenario,8,Walrus S,external_loss,0.0,6e-06,"Freeze completed living P,Q,diet,predation,accumulation,migration. Solve EE for SM; detritus accumulation absorbs routed inflow at fixed predation. No new consumption is assumed.",SE,1.0
446_446_Hudson_Bay_(1970),routing_scenario,7,Walrus N,external_loss,0.0,8e-05,"Freeze completed living P,Q,diet,predation,accumulation,migration. Solve EE for SM; detritus accumulation absorbs routed inflow at fixed predation. No new consumption is assumed.",SE,1.0
446_446_Hudson_Bay_(1970),routing_scenario,6,Bowhead,external_loss,0.0,9e-06,"Freeze completed living P,Q,diet,predation,accumulation,migration. Solve EE for SM; detritus accumulation absorbs routed inflow at fixed predation. No new consumption is assumed.",SE,1.0
446_446_Hudson_Bay_(1970),routing_scenario,5,Narwhal,external_loss,0.0,3.4e-05,"Freeze completed living P,Q,diet,predation,accumulation,migration. Solve EE for SM; detritus accumulation absorbs routed inflow at fixed predation. No new consumption is assumed.",SE,1.0
446_446_Hudson_Bay_(1970),routing_scenario,4,Killer Whale,external_loss,0.0,1e-06,"Freeze completed living P,Q,diet,predation,accumulation,migration. Solve EE for SM; detritus accumulation absorbs routed inflow at fixed predation. No new consumption is assumed.",SE,1.0
446_446_Hudson_Bay_(1970),routing_scenario,3,Polar Bear Foxe,external_loss,0.0,5e-06,"Freeze completed living P,Q,diet,predation,accumulation,migration. Solve EE for SM; detritus accumulation absorbs routed inflow at fixed predation. No new consumption is assumed.",SE,1.0
446_446_Hudson_Bay_(1970),routing_scenario,2,SH Polar Bear,external_loss,0.0,2.2e-05,"Freeze completed living P,Q,diet,predation,accumulation,migration. Solve EE for SM; detritus accumulation absorbs routed inflow at fixed predation. No new consumption is assumed.",SE,1.0
446_446_Hudson_Bay_(1970),routing_scenario,1,Polar Bear WHB,external_loss,0.0,1.5e-05,"Freeze completed living P,Q,diet,predation,accumulation,migration. Solve EE for SM; detritus accumulation absorbs routed inflow at fixed predation. No new consumption is assumed.",SE,1.0
