{
  "type": "Feature",
  "properties": {
    "article_id": "NS-2014",
    "unit_id": "LME_022",
    "geometry_method": "target polygon used as intended article/model envelope"
  },
  "geometry": {
    "type": "MultiPolygon",
    "coordinates": [
      [
        [
          [
            5.148,
            61.892
          ],
          [
            5.434,
            61.935
          ],
          [
            5.922,
            61.914
          ],
          [
            5.963,
            61.906
          ],
          [
            5.727,
            61.887
          ],
          [
            5.801,
            61.855
          ],
          [
            5.909,
            61.879
          ],
          [
            6.491,
            61.825
          ],
          [
            6.549,
            61.875
          ],
          [
            6.675,
            61.895
          ],
          [
            6.818,
            61.867
          ],
          [
            6.786,
            61.84
          ],
          [
            6.584,
            61.867
          ],
          [
            6.469,
            61.801
          ],
          [
            6.247,
            61.837
          ],
          [
            6.054,
            61.829
          ],
          [
            6.167,
            61.764
          ],
          [
            5.973,
            61.831
          ],
          [
            5.949,
            61.763
          ],
          [
            5.901,
            61.737
          ],
          [
            5.945,
            61.841
          ],
          [
            5.626,
            61.809
          ],
          [
            5.745,
            61.842
          ],
          [
            5.661,
            61.884
          ],
          [
            5.41,
            61.911
          ],
          [
            5.281,
            61.856
          ],
          [
            5.331,
            61.838
          ],
          [
            5.063,
            61.763
          ],
          [
            5.231,
            61.766
          ],
          [
            5.129,
            61.747
          ],
          [
            5.167,
            61.724
          ],
          [
            5.141,
            61.708
          ],
          [
            5.051,
            61.748
          ],
          [
            4.983,
            61.742
          ],
          [
            4.938,
            61.676
          ],
          [
            4.974,
            61.629
          ],
          [
            5.357,
            61.643
          ],
          [
            5.103,
            61.603
          ],
          [
            5.424,
            61.584
          ],
          [
            5.149,
            61.593
          ],
          [
            5.358,
            61.55
          ],
          [
            5.143,
            61.552
          ],
          [
            5.146,
            61.513
          ],
          [
            5.434,
            61.48
          ],
          [
            5.452,
            61.451
          ],
          [
            5.705,
            61.495
          ],
          [
            5.805,
            61.453
          ],
          [
            5.671,
            61.484
          ],
          [
            5.527,
            61.429
          ],
          [
            5.189,
            61.471
          ],
          [
            4.949,
            61.413
          ],
          [
            5.121,
            61.421
          ],
          [
            5.071,
            61.371
          ],
          [
            5.043,
            61.399
          ],
          [
            5.006,
            61.382
          ],
          [
            5.004,
            61.348
          ],
          [
            5.063,
            61.331
          ],
          [
            5.041,
            61.318
          ],
          [
            5.407,
            61.376
          ],
          [
            5.447043120344942,
            61.37335397883183
          ],
          [
            5.255,
            61.342
          ],
          [
            5.32,
            61.318
          ],
          [
            5.328,
            61.251
          ],
          [
            5.294,
            61.307
          ],
          [
            5.222,
            61.336
          ],
          [
            4.953,
            61.259
          ],
          [
            5.061,
            61.242
          ],
          [
            4.995,
            61.216
          ],
          [
            5.136,
            61.224
          ],
          [
            5.24,
            61.184
          ],
          [
            5.213,
            61.161
          ],
          [
            5.098,
            61.189
          ],
          [
            5.042,
            61.168
          ],
          [
            5.228,
            61.136
          ],
          [
            5.159,
            61.133
          ],
          [
            5.198,
            61.098
          ],
          [
            5.297,
            61.122
          ],
          [
            5.397,
            61.069
          ],
          [
            5.553,
            61.131
          ],
          [
            5.758,
            61.155
          ],
          [
            5.789,
            61.197
          ],
          [
            5.785,
            61.156
          ],
          [
            5.924,
            61.159
          ],
          [
            6.037,
            61.198
          ],
          [
            5.965,
            61.156
          ],
          [
            6.053,
            61.143
          ],
          [
            6.176,
            61.179
          ],
          [
            6.237,
            61.135
          ],
          [
            6.434,
            61.114
          ],
          [
            6.513,
            61.158
          ],
          [
            6.461,
            61.207
          ],
          [
            6.538,
            61.204
          ],
          [
            6.496,
            61.266
          ],
          [
            6.591,
            61.269
          ],
          [
            6.704,
            61.401
          ],
          [
            6.693,
            61.34
          ],
          [
            6.559,
            61.222
          ],
          [
            6.714,
            61.178
          ],
          [
            7.004,
            61.177
          ],
          [
            6.919,
            61.145
          ],
          [
            6.956,
            61.11
          ],
          [
            7.224,
            61.181
          ],
          [
            7.304,
            61.159
          ],
          [
            7.361,
            61.186
          ],
          [
            7.24,
            61.291
          ],
          [
            7.313,
            61.351
          ],
          [
            7.266,
            61.389
          ],
          [
            7.328,
            61.376
          ],
          [
            7.567,
            61.48
          ],
          [
            7.364,
            61.365
          ],
          [
            7.304,
            61.288
          ],
          [
            7.379,
            61.197
          ],
          [
            7.693,
            61.227
          ],
          [
            7.344,
            61.147
          ],
          [
            7.428,
            61.096
          ],
          [
            7.225,
            61.138
          ],
          [
            7.173,
            61.108
          ],
          [
            7.001,
            61.096
          ],
          [
            7.072,
            60.975
          ],
          [
            7.168,
            60.944
          ],
          [
            7.163,
            60.899
          ],
          [
            7.114,
            60.86
          ],
          [
            7.128,
            60.928
          ],
          [
            7.025,
            60.974
          ],
          [
            6.871,
            60.934
          ],
          [
            7.007,
            61.004
          ],
          [
            6.954,
            61.083
          ],
          [
            6.867,
            61.088
          ],
          [
            6.824,
            61.141
          ],
          [
            6.609,
            61.171
          ],
          [
            6.547,
            61.095
          ],
          [
            6.407,
            61.067
          ],
          [
            6.361,
            61.007
          ],
          [
            6.339,
            61.017
          ],
          [
            6.372,
            61.062
          ],
          [
            6.246,
            61.041
          ],
          [
            6.259,
            61.092
          ],
          [
            5.921,
            61.123
          ],
          [
            5.837,
            61.111
          ],
          [
            5.784,
            61.063
          ],
          [
            5.79,
            61.109
          ],
          [
            5.76,
            61.116
          ],
          [
            5.597,
            61.078
          ],
          [
            5.637,
            61.059
          ],
          [
            5.474,
            61.054
          ],
          [
            5.451,
            60.993
          ],
          [
            5.429,
            61.023
          ],
          [
            5.175,
            61.068
          ],
          [
            5.008,
            61.037
          ],
          [
            5.007,
            60.979
          ],
          [
            5.139,
            60.986
          ],
          [
            5.099,
            60.948
          ],
          [
            5.091,
            60.871
          ],
          [
            5.084,
            60.944
          ],
          [
            4.984,
            60.958
          ],
          [
            5.064,
            60.831
          ],
          [
            5.129,
            60.836
          ],
          [
            5.118,
            60.815
          ],
          [
            5.154,
            60.809
          ],
          [
            5.17,
            60.852
          ],
          [
            5.173,
            60.828
          ],
          [
            5.259,
            60.811
          ],
          [
            5.335,
            60.871
          ],
          [
            5.484,
            60.907
          ],
          [
            5.469,
            60.879
          ],
          [
            5.534,
            60.873
          ],
          [
            5.365,
            60.855
          ],
          [
            5.339,
            60.84
          ],
          [
            5.349,
            60.808
          ],
          [
            5.236,
            60.774
          ],
          [
            5.361,
            60.74
          ],
          [
            5.437,
            60.657
          ],
          [
            5.368,
            60.669
          ],
          [
            5.434,
            60.627
          ],
          [
            5.349,
            60.66
          ],
          [
            5.374,
            60.634
          ],
          [
            5.341,
            60.641
          ],
          [
            5.276,
            60.722
          ],
          [
            4.997,
            60.805
          ],
          [
            4.929,
            60.799
          ],
          [
            5.131,
            60.715
          ],
          [
            5.087,
            60.71
          ],
          [
            5.228,
            60.618
          ],
          [
            5.09,
            60.651
          ],
          [
            5.233,
            60.56
          ],
          [
            5.36,
            60.565
          ],
          [
            5.516,
            60.62
          ],
          [
            5.53,
            60.691
          ],
          [
            5.592,
            60.696
          ],
          [
            5.682,
            60.756
          ],
          [
            5.662,
            60.703
          ],
          [
            5.747,
            60.713
          ],
          [
            5.702,
            60.454
          ],
          [
            5.634,
            60.415
          ],
          [
            5.494,
            60.419
          ],
          [
            5.293,
            60.525
          ],
          [
            5.229,
            60.473
          ],
          [
            5.297,
            60.389
          ],
          [
            5.204,
            60.392
          ],
          [
            5.142,
            60.346
          ],
          [
            5.225,
            60.318
          ],
          [
            5.166,
            60.311
          ],
          [
            5.175,
            60.274
          ],
          [
            5.314,
            60.259
          ],
          [
            5.223,
            60.204
          ],
          [
            5.348,
            60.216
          ],
          [
            5.306,
            60.189
          ],
          [
            5.411,
            60.13
          ],
          [
            5.532,
            60.222
          ],
          [
            5.625,
            60.358
          ],
          [
            5.734,
            60.387
          ],
          [
            5.568,
            60.246
          ],
          [
            5.63,
            60.272
          ],
          [
            5.602,
            60.229
          ],
          [
            5.706,
            60.23
          ],
          [
            5.563,
            60.199
          ],
          [
            5.579,
            60.173
          ],
          [
            5.544,
            60.151
          ],
          [
            5.637,
            60.144
          ],
          [
            5.66,
            60.182
          ],
          [
            5.79,
            60.208
          ],
          [
            5.696,
            60.167
          ],
          [
            5.732,
            60.13
          ],
          [
            5.701,
            60.104
          ],
          [
            5.718,
            60.08
          ],
          [
            5.795,
            60.089
          ],
          [
            5.769,
            60.06
          ],
          [
            5.687,
            60.061
          ],
          [
            5.705,
            60.007
          ],
          [
            5.747,
            59.987
          ],
          [
            5.773,
            60.02
          ],
          [
            5.799,
            59.999
          ],
          [
            5.879,
            60.042
          ],
          [
            5.855,
            60.16
          ],
          [
            5.906,
            60.155
          ],
          [
            5.997,
            60.264
          ],
          [
            6.139,
            60.249
          ],
          [
            6.143,
            60.306
          ],
          [
            6.188,
            60.348
          ],
          [
            6.119,
            60.368
          ],
          [
            6.244,
            60.375
          ],
          [
            6.179,
            60.466
          ],
          [
            6.291,
            60.386
          ],
          [
            6.687,
            60.517
          ],
          [
            6.591,
            60.454
          ],
          [
            6.655,
            60.429
          ],
          [
            6.85,
            60.49
          ],
          [
            7.002,
            60.588
          ],
          [
            6.899,
            60.501
          ],
          [
            7.108,
            60.494
          ],
          [
            6.801,
            60.47
          ],
          [
            6.655,
            60.375
          ],
          [
            6.574,
            60.266
          ],
          [
            6.586,
            60.232
          ],
          [
            6.534,
            60.166
          ],
          [
            6.521,
            60.077
          ],
          [
            6.532,
            60.259
          ],
          [
            6.641,
            60.41
          ],
          [
            6.524,
            60.429
          ],
          [
            6.331,
            60.361
          ],
          [
            6.072,
            60.185
          ],
          [
            6.114,
            60.102
          ],
          [
            6.249,
            60.158
          ],
          [
            6.291,
            60.121
          ],
          [
            6.034,
            60.067
          ],
          [
            5.954,
            60.003
          ],
          [
            5.984,
            59.974
          ],
          [
            5.967,
            59.955
          ],
          [
            5.771,
            59.926
          ],
          [
            5.735,
            59.909
          ],
          [
            5.739,
            59.87
          ],
          [
            5.647,
            59.842
          ],
          [
            5.721,
            59.856
          ],
          [
            5.701,
            59.827
          ],
          [
            5.841,
            59.767
          ],
          [
            5.919,
            59.789
          ],
          [
            5.969,
            59.856
          ],
          [
            5.933,
            59.787
          ],
          [
            5.987,
            59.753
          ],
          [
            6.306,
            59.843
          ],
          [
            6.067,
            59.744
          ],
          [
            5.942,
            59.735
          ],
          [
            5.893,
            59.76
          ],
          [
            5.741,
            59.678
          ],
          [
            5.878,
            59.67
          ],
          [
            5.771,
            59.647
          ],
          [
            5.761,
            59.606
          ],
          [
            5.718,
            59.606
          ],
          [
            5.723,
            59.656
          ],
          [
            5.562,
            59.675
          ],
          [
            5.518,
            59.543
          ],
          [
            5.411,
            59.503
          ],
          [
            5.415,
            59.538
          ],
          [
            5.496,
            59.569
          ],
          [
            5.482,
            59.62
          ],
          [
            5.513,
            59.701
          ],
          [
            5.482,
            59.729
          ],
          [
            5.393,
            59.663
          ],
          [
            5.435,
            59.623
          ],
          [
            5.413,
            59.594
          ],
          [
            5.362,
            59.649
          ],
          [
            5.203,
            59.54
          ],
          [
            5.242,
            59.522
          ],
          [
            5.18,
            59.514
          ],
          [
            5.195,
            59.436
          ],
          [
            5.287,
            59.347
          ],
          [
            5.326,
            59.337
          ],
          [
            5.338,
            59.417
          ],
          [
            5.402,
            59.292
          ],
          [
            5.429,
            59.407
          ],
          [
            5.439,
            59.294
          ],
          [
            5.511,
            59.275
          ],
          [
            5.576,
            59.325
          ],
          [
            5.582,
            59.395
          ],
          [
            5.557,
            59.412
          ],
          [
            5.597,
            59.407
          ],
          [
            5.649,
            59.327
          ],
          [
            5.611,
            59.288
          ],
          [
            5.709,
            59.338
          ],
          [
            5.857,
            59.346
          ],
          [
            5.858,
            59.382
          ],
          [
            5.789,
            59.429
          ],
          [
            5.645,
            59.403
          ],
          [
            5.713,
            59.437
          ],
          [
            5.706,
            59.464
          ],
          [
            5.751,
            59.443
          ],
          [
            5.808,
            59.469
          ],
          [
            5.78,
            59.519
          ],
          [
            5.805,
            59.532
          ],
          [
            5.884,
            59.478
          ],
          [
            6.151,
            59.477
          ],
          [
            5.89,
            59.444
          ],
          [
            5.877,
            59.409
          ],
          [
            5.934,
            59.35
          ],
          [
            5.993,
            59.379
          ],
          [
            5.969,
            59.403
          ],
          [
            5.985,
            59.426
          ],
          [
            6.021,
            59.399
          ],
          [
            6.153,
            59.455
          ],
          [
            6.301,
            59.653
          ],
          [
            6.239,
            59.523
          ],
          [
            6.547,
            59.559
          ],
          [
            6.236,
            59.505
          ],
          [
            6.186,
            59.428
          ],
          [
            6.032,
            59.374
          ],
          [
            5.996,
            59.33
          ],
          [
            6.059,
            59.349
          ],
          [
            6.081,
            59.321
          ],
          [
            6.179,
            59.321
          ],
          [
            6.193,
            59.359
          ],
          [
            6.231,
            59.331
          ],
          [
            6.235,
            59.308
          ],
          [
            6.09,
            59.304
          ],
          [
            6.124,
            59.258
          ],
          [
            6.332,
            59.322
          ],
          [
            6.465,
            59.318
          ],
          [
            6.327,
            59.311
          ],
          [
            6.168,
            59.255
          ],
          [
            6.002,
            59.153
          ],
          [
            6.123,
            59.142
          ],
          [
            5.866,
            59.072
          ],
          [
            5.936,
            59.013
          ],
          [
            6.048,
            58.991
          ],
          [
            5.974,
            58.962
          ],
          [
            6.035,
            58.899
          ],
          [
            6.155,
            58.994
          ],
          [
            6.623,
            59.052
          ],
          [
            6.116,
            58.957
          ],
          [
            6.057,
            58.891
          ],
          [
            6.23,
            58.838
          ],
          [
            6.169,
            58.832
          ],
          [
            5.846,
            58.963
          ],
          [
            5.81,
            58.925
          ],
          [
            5.743,
            58.928
          ],
          [
            5.713,
            58.866
          ],
          [
            5.715,
            58.971
          ],
          [
            5.553,
            59.033
          ],
          [
            5.525,
            58.985
          ],
          [
            5.591,
            58.978
          ],
          [
            5.552,
            58.967
          ],
          [
            5.627,
            58.924
          ],
          [
            5.603,
            58.906
          ],
          [
            5.533,
            58.947
          ],
          [
            5.574,
            58.887
          ],
          [
            5.458,
            58.744
          ],
          [
            5.621,
            58.56
          ],
          [
            5.757,
            58.487
          ],
          [
            5.957,
            58.472
          ],
          [
            6.012,
            58.38
          ],
          [
            6.327,
            58.274
          ],
          [
            6.618,
            58.239
          ],
          [
            6.62,
            58.314
          ],
          [
            6.688,
            58.325
          ],
          [
            6.701,
            58.293
          ],
          [
            6.651,
            58.301
          ],
          [
            6.633,
            58.276
          ],
          [
            6.671,
            58.222
          ],
          [
            6.849,
            58.271
          ],
          [
            6.67,
            58.201
          ],
          [
            6.67,
            58.173
          ],
          [
            6.592,
            58.173
          ],
          [
            6.528,
            58.109
          ],
          [
            6.598,
            58.07
          ],
          [
            6.785,
            58.061
          ],
          [
            6.691,
            58.12
          ],
          [
            6.719,
            58.183
          ],
          [
            6.731,
            58.116
          ],
          [
            6.814,
            58.117
          ],
          [
            6.779,
            58.179
          ],
          [
            6.895,
            58.125
          ],
          [
            6.99,
            58.136
          ],
          [
            6.803,
            58.091
          ],
          [
            6.907,
            58.093
          ],
          [
            6.912,
            58.049
          ],
          [
            6.996,
            58.106
          ],
          [
            6.942,
            58.036
          ],
          [
            7.148,
            58.098
          ],
          [
            7.117,
            58.052
          ],
          [
            7.09,
            58.067
          ],
          [
            6.999,
            58.026
          ],
          [
            7.001,
            57.988
          ],
          [
            7.151,
            58.048
          ],
          [
            7.484,
            58.006
          ],
          [
            7.576,
            58.016
          ],
          [
            7.578,
            58.04
          ],
          [
            7.621,
            58.018
          ],
          [
            7.66,
            58.067
          ],
          [
            7.935,
            58.079
          ],
          [
            7.943,
            58.119
          ],
          [
            8.02,
            58.146
          ],
          [
            8.007,
            58.222
          ],
          [
            8.077,
            58.155
          ],
          [
            8.028,
            58.135
          ],
          [
            8.054,
            58.108
          ],
          [
            8.127,
            58.097
          ],
          [
            8.163,
            58.142
          ],
          [
            8.211,
            58.116
          ],
          [
            8.268,
            58.189
          ],
          [
            8.248,
            58.202
          ],
          [
            8.399,
            58.236
          ],
          [
            8.403,
            58.27
          ],
          [
            8.508,
            58.255
          ],
          [
            8.504,
            58.286
          ],
          [
            8.585,
            58.349
          ],
          [
            8.596,
            58.324
          ],
          [
            8.689,
            58.372
          ],
          [
            8.712,
            58.442
          ],
          [
            8.942,
            58.556
          ],
          [
            8.918,
            58.606
          ],
          [
            8.973,
            58.582
          ],
          [
            9.206,
            58.672
          ],
          [
            9.061,
            58.682
          ],
          [
            9.224,
            58.708
          ],
          [
            9.067,
            58.736
          ],
          [
            9.278,
            58.733
          ],
          [
            9.448,
            58.821
          ],
          [
            9.272,
            58.833
          ],
          [
            9.3,
            58.875
          ],
          [
            9.362,
            58.858
          ],
          [
            9.401,
            58.872
          ],
          [
            9.359,
            58.876
          ],
          [
            9.387,
            58.894
          ],
          [
            9.508,
            58.892
          ],
          [
            9.527,
            58.903
          ],
          [
            9.472,
            58.927
          ],
          [
            9.577,
            58.917
          ],
          [
            9.686,
            58.956
          ],
          [
            9.663,
            58.982
          ],
          [
            9.721,
            58.977
          ],
          [
            9.72,
            59.016
          ],
          [
            9.638,
            59.038
          ],
          [
            9.541,
            59.115
          ],
          [
            9.634,
            59.129
          ],
          [
            9.655,
            59.052
          ],
          [
            9.687,
            59.046
          ],
          [
            9.692,
            59.09
          ],
          [
            9.755,
            59.031
          ],
          [
            9.777,
            59.057
          ],
          [
            9.847,
            58.996
          ],
          [
            9.813,
            58.962
          ],
          [
            9.84,
            58.948
          ],
          [
            10.021,
            58.967
          ],
          [
            10.026,
            59.033
          ],
          [
            10.075,
            59.012
          ],
          [
            10.169,
            59.043
          ],
          [
            10.131,
            58.998
          ],
          [
            10.221,
            59.017
          ],
          [
            10.227,
            59.113
          ],
          [
            10.262,
            59.034
          ],
          [
            10.264,
            59.107
          ],
          [
            10.305,
            59.056
          ],
          [
            10.28,
            59.127
          ],
          [
            10.312,
            59.123
          ],
          [
            10.364,
            59.265
          ],
          [
            10.447,
            59.24
          ],
          [
            10.516,
            59.311
          ],
          [
            10.45,
            59.345
          ],
          [
            10.475,
            59.424
          ],
          [
            10.374,
            59.449
          ],
          [
            10.237,
            59.548
          ],
          [
            10.371,
            59.523
          ],
          [
            10.398,
            59.591
          ],
          [
            10.375,
            59.662
          ],
          [
            10.222,
            59.727
          ],
          [
            10.381,
            59.699
          ],
          [
            10.415,
            59.663
          ],
          [
            10.422,
            59.524
          ],
          [
            10.513,
            59.525
          ],
          [
            10.611,
            59.601
          ],
          [
            10.585,
            59.653
          ],
          [
            10.519,
            59.681
          ],
          [
            10.474,
            59.848
          ],
          [
            10.726,
            59.897
          ],
          [
            10.761,
            59.83
          ],
          [
            10.716,
            59.736
          ],
          [
            10.64,
            59.857
          ],
          [
            10.559,
            59.736
          ],
          [
            10.587,
            59.685
          ],
          [
            10.614,
            59.689
          ],
          [
            10.655,
            59.519
          ],
          [
            10.692,
            59.484
          ],
          [
            10.659,
            59.432
          ],
          [
            10.645,
            59.495
          ],
          [
            10.586,
            59.422
          ],
          [
            10.657,
            59.406
          ],
          [
            10.676,
            59.31
          ],
          [
            10.781,
            59.31
          ],
          [
            10.732,
            59.224
          ],
          [
            10.771,
            59.245
          ],
          [
            10.781,
            59.186
          ],
          [
            10.825,
            59.149
          ],
          [
            10.904,
            59.196
          ],
          [
            10.904,
            59.137
          ],
          [
            10.939,
            59.134
          ],
          [
            10.942,
            59.186
          ],
          [
            11.074,
            59.117
          ],
          [
            11.099,
            59.139
          ],
          [
            11.086,
            59.171
          ],
          [
            11.124,
            59.139
          ],
          [
            11.154,
            59.159
          ],
          [
            11.136,
            59.182
          ],
          [
            11.174,
            59.193
          ],
          [
            11.206,
            59.146
          ],
          [
            11.177,
            59.121
          ],
          [
            11.337,
            59.112
          ],
          [
            11.386,
            59.076
          ],
          [
            11.427,
            58.986
          ],
          [
            11.315,
            59.101
          ],
          [
            11.172,
            59.069
          ],
          [
            11.113,
            59.004
          ],
          [
            11.182,
            58.988
          ],
          [
            11.107,
            58.95
          ],
          [
            11.194,
            58.917
          ],
          [
            11.197,
            58.859
          ],
          [
            11.231,
            58.845
          ],
          [
            11.234,
            58.797
          ],
          [
            11.178,
            58.714
          ],
          [
            11.221,
            58.707
          ],
          [
            11.212,
            58.674
          ],
          [
            11.252,
            58.653
          ],
          [
            11.252,
            58.602
          ],
          [
            11.286,
            58.574
          ],
          [
            11.236,
            58.505
          ],
          [
            11.29,
            58.464
          ],
          [
            11.201,
            58.399
          ],
          [
            11.224,
            58.341
          ],
          [
            11.274,
            58.37
          ],
          [
            11.319,
            58.352
          ],
          [
            11.426,
            58.438
          ],
          [
            11.345,
            58.342
          ],
          [
            11.42,
            58.385
          ],
          [
            11.448,
            58.333
          ],
          [
            11.386,
            58.307
          ],
          [
            11.447,
            58.309
          ],
          [
            11.399,
            58.259
          ],
          [
            11.451,
            58.278
          ],
          [
            11.532,
            58.347
          ],
          [
            11.545,
            58.461
          ],
          [
            11.589,
            58.401
          ],
          [
            11.672,
            58.423
          ],
          [
            11.519,
            58.305
          ],
          [
            11.495,
            58.236
          ],
          [
            11.536,
            58.23
          ],
          [
            11.528,
            58.256
          ],
          [
            11.588,
            58.252
          ],
          [
            11.723,
            58.329
          ],
          [
            11.881,
            58.338
          ],
          [
            11.804,
            58.303
          ],
          [
            11.854,
            58.215
          ],
          [
            11.886,
            58.212
          ],
          [
            11.834,
            58.184
          ],
          [
            11.828,
            58.114
          ],
          [
            11.777,
            58.059
          ],
          [
            11.801,
            58.038
          ],
          [
            11.788,
            57.987
          ],
          [
            11.731,
            57.941
          ],
          [
            11.757,
            57.897
          ],
          [
            11.688,
            57.882
          ],
          [
            11.706,
            57.859
          ],
          [
            11.659,
            57.836
          ],
          [
            11.81,
            57.776
          ],
          [
            11.699,
            57.697
          ],
          [
            11.921,
            57.696
          ],
          [
            11.827,
            57.671
          ],
          [
            11.865,
            57.603
          ],
          [
            11.913,
            57.614
          ],
          [
            11.903,
            57.52
          ],
          [
            11.945,
            57.488
          ],
          [
            11.909,
            57.465
          ],
          [
            11.903,
            57.388
          ],
          [
            11.986,
            57.341
          ],
          [
            12.037,
            57.457
          ],
          [
            12.095,
            57.427
          ],
          [
            12.064,
            57.392
          ],
          [
            12.105,
            57.382
          ],
          [
            12.044,
            57.337
          ],
          [
            12.146,
            57.309
          ],
          [
            12.149,
            57.281
          ],
          [
            12.092,
            57.249
          ],
          [
            12.154,
            57.237
          ],
          [
            12.1,
            57.232
          ],
          [
            12.187,
            57.215
          ],
          [
            12.147,
            57.188
          ],
          [
            12.201,
            57.178
          ],
          [
            12.238,
            57.06
          ],
          [
            12.339,
            57.013
          ],
          [
            12.35,
            56.914
          ],
          [
            12.579,
            56.83
          ],
          [
            12.614,
            56.747
          ],
          [
            12.725,
            56.64
          ],
          [
            12.887,
            56.638
          ],
          [
            12.937,
            56.532
          ],
          [
            12.901,
            56.457
          ],
          [
            12.833,
            56.44
          ],
          [
            12.68,
            56.466
          ],
          [
            12.622,
            56.412
          ],
          [
            12.741,
            56.352
          ],
          [
            12.835,
            56.258
          ],
          [
            12.802,
            56.226
          ],
          [
            12.709,
            56.219
          ],
          [
            12.452,
            56.298
          ],
          [
            12.686,
            56.054
          ],
          [
            12.613,
            56.045
          ],
          [
            12.275,
            56.127
          ],
          [
            11.848,
            55.959
          ],
          [
            11.876,
            55.936
          ],
          [
            12.007,
            55.959
          ],
          [
            12.036,
            55.929
          ],
          [
            12.094,
            55.711
          ],
          [
            12.057,
            55.653
          ],
          [
            11.994,
            55.696
          ],
          [
            11.913,
            55.659
          ],
          [
            11.971,
            55.717
          ],
          [
            12.056,
            55.736
          ],
          [
            11.99,
            55.858
          ],
          [
            11.999,
            55.894
          ],
          [
            11.959,
            55.917
          ],
          [
            11.903,
            55.926
          ],
          [
            11.954,
            55.837
          ],
          [
            11.873,
            55.804
          ],
          [
            11.854,
            55.729
          ],
          [
            11.787,
            55.659
          ],
          [
            11.799,
            55.69
          ],
          [
            11.765,
            55.722
          ],
          [
            11.656,
            55.721
          ],
          [
            11.765,
            55.745
          ],
          [
            11.736,
            55.793
          ],
          [
            11.609,
            55.784
          ],
          [
            11.733,
            55.822
          ],
          [
            11.667,
            55.905
          ],
          [
            11.749,
            55.901
          ],
          [
            11.773,
            55.962
          ],
          [
            11.606,
            55.936
          ],
          [
            11.273,
            55.992
          ],
          [
            11.492,
            55.93
          ],
          [
            11.516,
            55.898
          ],
          [
            11.5,
            55.856
          ],
          [
            11.348,
            55.832
          ],
          [
            11.375,
            55.805
          ],
          [
            11.361,
            55.759
          ],
          [
            11.174,
            55.727
          ],
          [
            11.211,
            55.699
          ],
          [
            11.139,
            55.714
          ],
          [
            11.123,
            55.732
          ],
          [
            11.153,
            55.747
          ],
          [
            10.874,
            55.732
          ],
          [
            11.084,
            55.67
          ],
          [
            10.927,
            55.665
          ],
          [
            11.129,
            55.595
          ],
          [
            11.15,
            55.55
          ],
          [
            11.08,
            55.509
          ],
          [
            11.167,
            55.499
          ],
          [
            11.216,
            55.391
          ],
          [
            10.761,
            55.39
          ],
          [
            10.678,
            55.446
          ],
          [
            10.554,
            55.439
          ],
          [
            10.745,
            55.482
          ],
          [
            10.619,
            55.619
          ],
          [
            10.618,
            55.564
          ],
          [
            10.594,
            55.578
          ],
          [
            10.614,
            55.519
          ],
          [
            10.563,
            55.52
          ],
          [
            10.606,
            55.486
          ],
          [
            10.426,
            55.439
          ],
          [
            10.422,
            55.464
          ],
          [
            10.491,
            55.494
          ],
          [
            10.477,
            55.53
          ],
          [
            10.541,
            55.523
          ],
          [
            10.31,
            55.617
          ],
          [
            10.29,
            55.584
          ],
          [
            10.203,
            55.598
          ],
          [
            9.905,
            55.506
          ],
          [
            9.824,
            55.547
          ],
          [
            9.74,
            55.522
          ],
          [
            9.714,
            55.558
          ],
          [
            9.851,
            55.619
          ],
          [
            9.741,
            55.621
          ],
          [
            9.639,
            55.693
          ],
          [
            9.55,
            55.706
          ],
          [
            9.812,
            55.669
          ],
          [
            10.014,
            55.702
          ],
          [
            10.003,
            55.726
          ],
          [
            10.062,
            55.747
          ],
          [
            10.012,
            55.757
          ],
          [
            10.049,
            55.814
          ],
          [
            9.866,
            55.846
          ],
          [
            10.094,
            55.879
          ],
          [
            10.189,
            55.828
          ],
          [
            10.186,
            55.876
          ],
          [
            10.244,
            55.904
          ],
          [
            10.248,
            55.986
          ],
          [
            10.28,
            56.019
          ],
          [
            10.233,
            56.013
          ],
          [
            10.262,
            56.073
          ],
          [
            10.216,
            56.146
          ],
          [
            10.401,
            56.291
          ],
          [
            10.507,
            56.271
          ],
          [
            10.461,
            56.23
          ],
          [
            10.487,
            56.205
          ],
          [
            10.437,
            56.222
          ],
          [
            10.353,
            56.195
          ],
          [
            10.397,
            56.159
          ],
          [
            10.518,
            56.164
          ],
          [
            10.494,
            56.135
          ],
          [
            10.546,
            56.099
          ],
          [
            10.578,
            56.123
          ],
          [
            10.549,
            56.166
          ],
          [
            10.611,
            56.224
          ],
          [
            10.691,
            56.218
          ],
          [
            10.651,
            56.182
          ],
          [
            10.728,
            56.145
          ],
          [
            10.761,
            56.229
          ],
          [
            10.921,
            56.344
          ],
          [
            10.961,
            56.445
          ],
          [
            10.787,
            56.534
          ],
          [
            10.509,
            56.511
          ],
          [
            10.415,
            56.528
          ],
          [
            10.324,
            56.6
          ],
          [
            10.23,
            56.549
          ],
          [
            10.234,
            56.468
          ],
          [
            10.185,
            56.464
          ],
          [
            10.209,
            56.551
          ],
          [
            10.364,
            56.639
          ],
          [
            10.339,
            56.695
          ],
          [
            10.209,
            56.683
          ],
          [
            10.142,
            56.709
          ],
          [
            9.933,
            56.642
          ],
          [
            9.806,
            56.641
          ],
          [
            10.154,
            56.72
          ],
          [
            10.336,
            56.708
          ],
          [
            10.268,
            56.904
          ],
          [
            10.31,
            56.984
          ],
          [
            10.179,
            56.994
          ],
          [
            10.0,
            57.079
          ],
          [
            9.967924154424333,
            57.07491390502221
          ],
          [
            10.012,
            57.089
          ],
          [
            10.219,
            56.993
          ],
          [
            10.337,
            56.992
          ],
          [
            10.424,
            57.157
          ],
          [
            10.542,
            57.23
          ],
          [
            10.516,
            57.364
          ],
          [
            10.542,
            57.439
          ],
          [
            10.431,
            57.579
          ],
          [
            10.526,
            57.684
          ],
          [
            10.647,
            57.735
          ],
          [
            10.577,
            57.747
          ],
          [
            10.267,
            57.613
          ],
          [
            9.95,
            57.584
          ],
          [
            9.581,
            57.241
          ],
          [
            9.39,
            57.151
          ],
          [
            8.984,
            57.157
          ],
          [
            8.847,
            57.108
          ],
          [
            8.6,
            57.114
          ],
          [
            8.264,
            56.833
          ],
          [
            8.24,
            56.707
          ],
          [
            8.265,
            56.704
          ],
          [
            8.267,
            56.774
          ],
          [
            8.362,
            56.681
          ],
          [
            8.555,
            56.583
          ],
          [
            8.607,
            56.631
          ],
          [
            8.591,
            56.686
          ],
          [
            8.520137101623572,
            56.685616957306074
          ],
          [
            8.526,
            56.712
          ],
          [
            8.475,
            56.714
          ],
          [
            8.484,
            56.782
          ],
          [
            8.607,
            56.844
          ],
          [
            8.671,
            56.945
          ],
          [
            8.853,
            56.977
          ],
          [
            8.838,
            56.997
          ],
          [
            8.913,
            56.982
          ],
          [
            9.001,
            57.025
          ],
          [
            9.039,
            57.012
          ],
          [
            9.116,
            57.053
          ],
          [
            9.255,
            56.996
          ],
          [
            9.734,
            57.065
          ],
          [
            9.796,
            57.103
          ],
          [
            9.894878983589198,
            57.06560878771837
          ],
          [
            9.686,
            57.039
          ],
          [
            9.617,
            56.97
          ],
          [
            9.575,
            56.968
          ],
          [
            9.586,
            56.992
          ],
          [
            9.522,
            57.016
          ],
          [
            9.29,
            56.996
          ],
          [
            9.165,
            56.892
          ],
          [
            9.212,
            56.86
          ],
          [
            9.173,
            56.802
          ],
          [
            9.189,
            56.767
          ],
          [
            9.244,
            56.746
          ],
          [
            9.166,
            56.678
          ],
          [
            9.302,
            56.702
          ],
          [
            9.33,
            56.653
          ],
          [
            9.291,
            56.56
          ],
          [
            9.376,
            56.565
          ],
          [
            9.322,
            56.526
          ],
          [
            9.251,
            56.58
          ],
          [
            9.281,
            56.627
          ],
          [
            9.167,
            56.628
          ],
          [
            9.151,
            56.656
          ],
          [
            9.121,
            56.621
          ],
          [
            9.152,
            56.612
          ],
          [
            9.059,
            56.567
          ],
          [
            9.053,
            56.628
          ],
          [
            9.177,
            56.711
          ],
          [
            9.076,
            56.807
          ],
          [
            8.952,
            56.805
          ],
          [
            8.838,
            56.716
          ],
          [
            8.918,
            56.699
          ],
          [
            8.816,
            56.695
          ],
          [
            8.689,
            56.627
          ],
          [
            8.766,
            56.559
          ],
          [
            8.739,
            56.486
          ],
          [
            8.653,
            56.473
          ],
          [
            8.592,
            56.504
          ],
          [
            8.567,
            56.573
          ],
          [
            8.519,
            56.543
          ],
          [
            8.327,
            56.58
          ],
          [
            8.299,
            56.55
          ],
          [
            8.306,
            56.599
          ],
          [
            8.204,
            56.638
          ],
          [
            8.238,
            56.688
          ],
          [
            8.209,
            56.708
          ],
          [
            8.118,
            56.531
          ],
          [
            8.137,
            56.23
          ],
          [
            8.108,
            56.018
          ],
          [
            8.142,
            55.996
          ],
          [
            8.137,
            56.111
          ],
          [
            8.255,
            56.083
          ],
          [
            8.311,
            56.053
          ],
          [
            8.315,
            55.989
          ],
          [
            8.397,
            55.897
          ],
          [
            8.186,
            55.81
          ],
          [
            8.198,
            55.859
          ],
          [
            8.127,
            55.986
          ],
          [
            8.186,
            55.743
          ],
          [
            8.087,
            55.549
          ],
          [
            8.323,
            55.463
          ],
          [
            8.245,
            55.516
          ],
          [
            8.27,
            55.529
          ],
          [
            8.235,
            55.557
          ],
          [
            8.325,
            55.578
          ],
          [
            8.307,
            55.553
          ],
          [
            8.44,
            55.452
          ],
          [
            8.624,
            55.428
          ],
          [
            8.692,
            55.149
          ],
          [
            8.569,
            55.144
          ],
          [
            8.593,
            55.186
          ],
          [
            8.483,
            55.191
          ],
          [
            8.457,
            55.124
          ],
          [
            8.496,
            55.06
          ],
          [
            8.561,
            55.088
          ],
          [
            8.553,
            55.139
          ],
          [
            8.682,
            55.13
          ],
          [
            8.638,
            55.024
          ],
          [
            8.676,
            54.949
          ],
          [
            8.665,
            54.901
          ],
          [
            8.372,
            54.896
          ],
          [
            8.354,
            54.973
          ],
          [
            8.438,
            55.024
          ],
          [
            8.397,
            55.045
          ],
          [
            8.463,
            55.048
          ],
          [
            8.393,
            55.053
          ],
          [
            8.291,
            54.895
          ],
          [
            8.282,
            54.744
          ],
          [
            8.301,
            54.857
          ],
          [
            8.336,
            54.879
          ],
          [
            8.419,
            54.853
          ],
          [
            8.653,
            54.88
          ],
          [
            8.642,
            54.826
          ],
          [
            8.691,
            54.731
          ],
          [
            8.809,
            54.683
          ],
          [
            8.851,
            54.621
          ],
          [
            8.816,
            54.6
          ],
          [
            8.881,
            54.603
          ],
          [
            9.019,
            54.493
          ],
          [
            8.995,
            54.452
          ],
          [
            8.856,
            54.406
          ],
          [
            8.639,
            54.397
          ],
          [
            8.626,
            54.369
          ],
          [
            8.694,
            54.357
          ],
          [
            8.599,
            54.334
          ],
          [
            8.632,
            54.279
          ],
          [
            8.68,
            54.266
          ],
          [
            8.962,
            54.316
          ],
          [
            8.843,
            54.253
          ],
          [
            8.813,
            54.175
          ],
          [
            8.859,
            54.124
          ],
          [
            8.97,
            54.146
          ],
          [
            9.018,
            54.091
          ],
          [
            8.979,
            54.019
          ],
          [
            8.836,
            54.031
          ],
          [
            8.9,
            53.941
          ],
          [
            8.983,
            53.89
          ],
          [
            9.205,
            53.891
          ],
          [
            9.328,
            53.857
          ],
          [
            9.393,
            53.824
          ],
          [
            9.438,
            53.739
          ],
          [
            9.53,
            53.708
          ],
          [
            9.561,
            53.622
          ],
          [
            9.83,
            53.534
          ],
          [
            9.573,
            53.591
          ],
          [
            9.28,
            53.858
          ],
          [
            8.853,
            53.83
          ],
          [
            8.666,
            53.894
          ],
          [
            8.58,
            53.859
          ],
          [
            8.483,
            53.69
          ],
          [
            8.568,
            53.533
          ],
          [
            8.498,
            53.472
          ],
          [
            8.503,
            53.354
          ],
          [
            8.485,
            53.47
          ],
          [
            8.548,
            53.539
          ],
          [
            8.283,
            53.614
          ],
          [
            8.243,
            53.586
          ],
          [
            8.232,
            53.522
          ],
          [
            8.32,
            53.515
          ],
          [
            8.289,
            53.422
          ],
          [
            8.223,
            53.401
          ],
          [
            8.147,
            53.451
          ],
          [
            8.096,
            53.437
          ],
          [
            8.061,
            53.501
          ],
          [
            8.163,
            53.521
          ],
          [
            8.166,
            53.55
          ],
          [
            8.046,
            53.636
          ],
          [
            8.008,
            53.71
          ],
          [
            7.519,
            53.672
          ],
          [
            7.296,
            53.685
          ],
          [
            7.096,
            53.592
          ],
          [
            7.148,
            53.534
          ],
          [
            7.053,
            53.512
          ],
          [
            7.016,
            53.415
          ],
          [
            7.058,
            53.337
          ],
          [
            7.332,
            53.324
          ],
          [
            7.364,
            53.299
          ],
          [
            7.256,
            53.318
          ],
          [
            7.201,
            53.24
          ],
          [
            7.078,
            53.261
          ],
          [
            7.089,
            53.306
          ],
          [
            6.945,
            53.321
          ],
          [
            6.869,
            53.434
          ],
          [
            6.742,
            53.466
          ],
          [
            6.308,
            53.396
          ],
          [
            5.982,
            53.399
          ],
          [
            5.573,
            53.288
          ],
          [
            5.443,
            53.212
          ],
          [
            5.386,
            53.097
          ],
          [
            5.086,
            52.955
          ],
          [
            4.887,
            52.896
          ],
          [
            4.813,
            52.918
          ],
          [
            4.821,
            52.961
          ],
          [
            4.741,
            52.961
          ],
          [
            4.654,
            52.752
          ],
          [
            4.579,
            52.476
          ],
          [
            4.603,
            52.457
          ],
          [
            4.568,
            52.449
          ],
          [
            4.362,
            52.172
          ],
          [
            4.138,
            51.996
          ],
          [
            4.012,
            51.982
          ],
          [
            4.052,
            51.915
          ],
          [
            4.026,
            51.884
          ],
          [
            4.079,
            51.84
          ],
          [
            3.868,
            51.819
          ],
          [
            3.874,
            51.786
          ],
          [
            3.83,
            51.743
          ],
          [
            3.694,
            51.721
          ],
          [
            3.713,
            51.652
          ],
          [
            3.692,
            51.6
          ],
          [
            3.569,
            51.597
          ],
          [
            3.441,
            51.536
          ],
          [
            3.534,
            51.458
          ],
          [
            3.691,
            51.459
          ],
          [
            3.823,
            51.39
          ],
          [
            3.9,
            51.395
          ],
          [
            3.93,
            51.449
          ],
          [
            3.978,
            51.458
          ],
          [
            4.111,
            51.403
          ],
          [
            4.243,
            51.412
          ],
          [
            4.287,
            51.311
          ],
          [
            4.328,
            51.29
          ],
          [
            4.31,
            51.262
          ],
          [
            4.205,
            51.374
          ],
          [
            4.121,
            51.354
          ],
          [
            3.982,
            51.407
          ],
          [
            3.966,
            51.372
          ],
          [
            3.862,
            51.339
          ],
          [
            3.519,
            51.411
          ],
          [
            3.113,
            51.318
          ],
          [
            2.468,
            51.069
          ],
          [
            1.82,
            50.967
          ],
          [
            1.409,
            51.225
          ],
          [
            1.376,
            51.316
          ],
          [
            1.44,
            51.342
          ],
          [
            1.431,
            51.391
          ],
          [
            0.905,
            51.341
          ],
          [
            0.771,
            51.356
          ],
          [
            0.719,
            51.416
          ],
          [
            0.704,
            51.377
          ],
          [
            0.556,
            51.408
          ],
          [
            0.723,
            51.441
          ],
          [
            0.697,
            51.471
          ],
          [
            0.536,
            51.488
          ],
          [
            0.383,
            51.451
          ],
          [
            0.465,
            51.503
          ],
          [
            0.649,
            51.537
          ],
          [
            0.789,
            51.524
          ],
          [
            0.951,
            51.606
          ],
          [
            0.914,
            51.617
          ],
          [
            0.953,
            51.677
          ],
          [
            0.932,
            51.739
          ],
          [
            0.759,
            51.691
          ],
          [
            0.7,
            51.719
          ],
          [
            0.877,
            51.747
          ],
          [
            0.98,
            51.839
          ],
          [
            1.05,
            51.771
          ],
          [
            1.224,
            51.809
          ],
          [
            1.294,
            51.877
          ],
          [
            1.201,
            51.874
          ],
          [
            1.291,
            51.939
          ],
          [
            1.072,
            51.949
          ],
          [
            1.276,
            51.956
          ],
          [
            1.16,
            52.023
          ],
          [
            1.274,
            51.988
          ],
          [
            1.329,
            51.928
          ],
          [
            1.468,
            52.049
          ],
          [
            1.58,
            52.076
          ],
          [
            1.636,
            52.269
          ],
          [
            1.771,
            52.479
          ],
          [
            1.702,
            52.716
          ],
          [
            1.377,
            52.902
          ],
          [
            1.009,
            52.971
          ],
          [
            0.97,
            52.95
          ],
          [
            0.688,
            52.982
          ],
          [
            0.541,
            52.965
          ],
          [
            0.379,
            52.763
          ],
          [
            0.321,
            52.802
          ],
          [
            0.234,
            52.798
          ],
          [
            0.086,
            52.89
          ],
          [
            0.0,
            52.879
          ],
          [
            0.342,
            53.096
          ],
          [
            0.339,
            53.236
          ],
          [
            0.239,
            53.397
          ],
          [
            0.147,
            53.475
          ],
          [
            -0.207,
            53.631
          ],
          [
            -0.298,
            53.713
          ],
          [
            -0.519,
            53.675
          ],
          [
            -0.609,
            53.711
          ],
          [
            -0.727,
            53.696
          ],
          [
            -0.632,
            53.729
          ],
          [
            -0.549,
            53.706
          ],
          [
            -0.272,
            53.736
          ],
          [
            -0.079,
            53.623
          ],
          [
            0.109,
            53.619
          ],
          [
            0.138,
            53.6
          ],
          [
            0.118,
            53.564
          ],
          [
            0.149,
            53.615
          ],
          [
            -0.128,
            53.864
          ],
          [
            -0.215,
            54.015
          ],
          [
            -0.174,
            54.082
          ],
          [
            -0.075,
            54.112
          ],
          [
            -0.243,
            54.162
          ],
          [
            -0.269,
            54.213
          ],
          [
            -0.372,
            54.248
          ],
          [
            -0.565,
            54.48
          ],
          [
            -1.136,
            54.639
          ],
          [
            -1.157,
            54.602
          ],
          [
            -1.202,
            54.619
          ],
          [
            -1.169,
            54.639
          ],
          [
            -1.192,
            54.685
          ],
          [
            -1.169,
            54.694
          ],
          [
            -1.304,
            54.771
          ],
          [
            -1.358,
            54.962
          ],
          [
            -1.515,
            55.15
          ],
          [
            -1.506,
            55.188
          ],
          [
            -1.569,
            55.279
          ],
          [
            -1.547,
            55.32
          ],
          [
            -1.599,
            55.386
          ],
          [
            -1.581,
            55.486
          ],
          [
            -1.632,
            55.531
          ],
          [
            -1.634,
            55.581
          ],
          [
            -1.763,
            55.606
          ],
          [
            -1.745,
            55.622
          ],
          [
            -1.787,
            55.652
          ],
          [
            -1.82,
            55.634
          ],
          [
            -2.134,
            55.91
          ],
          [
            -2.316,
            55.929
          ],
          [
            -2.502,
            56.003
          ],
          [
            -2.573,
            55.996
          ],
          [
            -2.631,
            56.055
          ],
          [
            -2.82,
            56.057
          ],
          [
            -2.91,
            55.978
          ],
          [
            -3.053,
            55.944
          ],
          [
            -3.662,
            56.006
          ],
          [
            -3.836,
            56.102
          ],
          [
            -3.692,
            56.048
          ],
          [
            -3.583,
            56.055
          ],
          [
            -3.392,
            56.011
          ],
          [
            -3.166,
            56.055
          ],
          [
            -3.136,
            56.114
          ],
          [
            -2.957,
            56.202
          ],
          [
            -2.788,
            56.187
          ],
          [
            -2.583,
            56.268
          ],
          [
            -2.644,
            56.317
          ],
          [
            -2.836,
            56.36
          ],
          [
            -2.804,
            56.433
          ],
          [
            -2.87,
            56.449
          ],
          [
            -3.193,
            56.359
          ],
          [
            -3.325,
            56.36
          ],
          [
            -3.232,
            56.367
          ],
          [
            -3.07,
            56.452
          ],
          [
            -2.803,
            56.479
          ],
          [
            -2.729,
            56.461
          ],
          [
            -2.714,
            56.494
          ],
          [
            -2.527,
            56.579
          ],
          [
            -2.449,
            56.687
          ],
          [
            -2.508,
            56.71
          ],
          [
            -2.448,
            56.7
          ],
          [
            -2.415,
            56.759
          ],
          [
            -2.22,
            56.868
          ],
          [
            -2.19,
            56.975
          ],
          [
            -2.053,
            57.105
          ],
          [
            -2.075,
            57.151
          ],
          [
            -2.054,
            57.219
          ],
          [
            -1.951,
            57.338
          ],
          [
            -1.764,
            57.462
          ],
          [
            -1.783,
            57.477
          ],
          [
            -1.762,
            57.493
          ],
          [
            -1.799,
            57.523
          ],
          [
            -1.815,
            57.603
          ],
          [
            -1.999,
            57.699
          ],
          [
            -2.518,
            57.657
          ],
          [
            -2.898,
            57.707
          ],
          [
            -3.042,
            57.662
          ],
          [
            -3.289,
            57.726
          ],
          [
            -3.395,
            57.719
          ],
          [
            -3.488,
            57.709
          ],
          [
            -3.533,
            57.659
          ],
          [
            -3.611,
            57.662
          ],
          [
            -3.598,
            57.636
          ],
          [
            -3.68,
            57.656
          ],
          [
            -3.87,
            57.586
          ],
          [
            -4.078,
            57.582
          ],
          [
            -4.038,
            57.557
          ],
          [
            -4.197,
            57.486
          ],
          [
            -4.249,
            57.495
          ],
          [
            -4.211,
            57.536
          ],
          [
            -4.26,
            57.547
          ],
          [
            -4.107,
            57.573
          ],
          [
            -4.111,
            57.598
          ],
          [
            -3.999,
            57.68
          ],
          [
            -4.228,
            57.665
          ],
          [
            -4.436,
            57.575
          ],
          [
            -4.297,
            57.674
          ],
          [
            -4.031,
            57.731
          ],
          [
            -4.029,
            57.694
          ],
          [
            -3.978,
            57.698
          ],
          [
            -3.773,
            57.851
          ],
          [
            -3.936,
            57.804
          ],
          [
            -3.964,
            57.841
          ],
          [
            -4.047,
            57.813
          ],
          [
            -4.346,
            57.858
          ],
          [
            -4.392,
            57.905
          ],
          [
            -4.306,
            57.859
          ],
          [
            -4.011,
            57.861
          ],
          [
            -3.992,
            57.91
          ],
          [
            -4.09,
            57.957
          ],
          [
            -4.003,
            57.935
          ],
          [
            -3.848,
            57.999
          ],
          [
            -3.823,
            58.041
          ],
          [
            -3.515,
            58.162
          ],
          [
            -3.364,
            58.274
          ],
          [
            -3.209,
            58.304
          ],
          [
            -3.122,
            58.369
          ],
          [
            -3.055,
            58.47
          ],
          [
            -3.123,
            58.482
          ],
          [
            -3.131,
            58.512
          ],
          [
            -3.014,
            58.633
          ],
          [
            -3.345,
            58.647
          ],
          [
            -3.374,
            58.672
          ],
          [
            -3.41,
            58.649
          ],
          [
            -3.351,
            58.616
          ],
          [
            -3.365,
            58.595
          ],
          [
            -3.66,
            58.62
          ],
          [
            -3.785,
            58.567
          ],
          [
            -3.903,
            58.558
          ],
          [
            -4.007,
            58.565
          ],
          [
            -4.023,
            58.597
          ],
          [
            -4.074,
            58.556
          ],
          [
            -4.226,
            58.549
          ],
          [
            -4.242,
            58.519
          ],
          [
            -4.36,
            58.534
          ],
          [
            -4.492,
            58.443
          ],
          [
            -4.432,
            58.547
          ],
          [
            -4.565,
            58.576
          ],
          [
            -4.611,
            58.518
          ],
          [
            -4.764,
            58.443
          ],
          [
            -4.656,
            58.546
          ],
          [
            -4.778,
            58.603
          ],
          [
            -4.781,
            58.549
          ],
          [
            -4.817,
            58.522
          ],
          [
            -4.822,
            58.596
          ],
          [
            -4.887,
            58.614
          ],
          [
            -5.357,
            59.761
          ],
          [
            -5.207,
            61.205
          ],
          [
            -3.756,
            62.007
          ],
          [
            5.306,
            62.005
          ],
          [
            5.279,
            61.98
          ],
          [
            5.239,
            61.951
          ],
          [
            5.149,
            61.974
          ],
          [
            5.101,
            61.916
          ],
          [
            5.148,
            61.892
          ]
        ],
        [
          [
            5.125,
            61.819
          ],
          [
            5.223,
            61.841
          ],
          [
            4.926,
            61.899
          ],
          [
            4.804,
            61.841
          ],
          [
            4.914,
            61.816
          ],
          [
            4.877,
            61.791
          ],
          [
            4.922,
            61.773
          ],
          [
            5.124,
            61.849
          ],
          [
            5.125,
            61.819
          ]
        ],
        [
          [
            4.805,
            61.044
          ],
          [
            4.856,
            61.095
          ],
          [
            4.896,
            61.047
          ],
          [
            4.986,
            61.104
          ],
          [
            4.939,
            61.188
          ],
          [
            4.901,
            61.132
          ],
          [
            4.858,
            61.2
          ],
          [
            4.857,
            61.163
          ],
          [
            4.873,
            61.12
          ],
          [
            4.831,
            61.158
          ],
          [
            4.788,
            61.146
          ],
          [
            4.805,
            61.044
          ]
        ],
        [
          [
            -0.799,
            60.746
          ],
          [
            -0.827,
            60.756
          ],
          [
            -0.758,
            60.818
          ],
          [
            -0.831,
            60.841
          ],
          [
            -0.889,
            60.779
          ],
          [
            -0.856,
            60.816
          ],
          [
            -0.878,
            60.844
          ],
          [
            -0.952,
            60.742
          ],
          [
            -0.959,
            60.682
          ],
          [
            -0.828,
            60.674
          ],
          [
            -0.848,
            60.712
          ],
          [
            -0.799,
            60.746
          ]
        ],
        [
          [
            4.906,
            60.68
          ],
          [
            5.159,
            60.577
          ],
          [
            4.98,
            60.715
          ],
          [
            4.854,
            60.732
          ],
          [
            4.906,
            60.68
          ]
        ],
        [
          [
            5.164,
            60.557
          ],
          [
            5.053,
            60.587
          ],
          [
            4.927,
            60.605
          ],
          [
            5.03,
            60.547
          ],
          [
            5.198,
            60.514
          ],
          [
            5.164,
            60.557
          ]
        ],
        [
          [
            5.682,
            60.473
          ],
          [
            5.689,
            60.674
          ],
          [
            5.593,
            60.684
          ],
          [
            5.581,
            60.628
          ],
          [
            5.416,
            60.56
          ],
          [
            5.328,
            60.542
          ],
          [
            5.505,
            60.432
          ],
          [
            5.606,
            60.437
          ],
          [
            5.682,
            60.473
          ]
        ],
        [
          [
            5.081,
            60.449
          ],
          [
            5.13,
            60.439
          ],
          [
            5.11,
            60.421
          ],
          [
            5.13,
            60.398
          ],
          [
            5.207,
            60.417
          ],
          [
            5.173,
            60.486
          ],
          [
            4.988,
            60.544
          ],
          [
            4.959,
            60.554
          ],
          [
            5.003,
            60.495
          ],
          [
            5.042,
            60.502
          ],
          [
            5.081,
            60.449
          ]
        ],
        [
          [
            5.038,
            60.31
          ],
          [
            5.021,
            60.284
          ],
          [
            4.936,
            60.292
          ],
          [
            4.947,
            60.249
          ],
          [
            5.004,
            60.216
          ],
          [
            5.03,
            60.241
          ],
          [
            5.064,
            60.185
          ],
          [
            5.112,
            60.186
          ],
          [
            5.098,
            60.25
          ],
          [
            5.049,
            60.274
          ],
          [
            5.097,
            60.279
          ],
          [
            5.089,
            60.326
          ],
          [
            4.973,
            60.441
          ],
          [
            4.941,
            60.421
          ],
          [
            4.975,
            60.391
          ],
          [
            4.97,
            60.331
          ],
          [
            5.038,
            60.31
          ]
        ],
        [
          [
            -1.181,
            60.228
          ],
          [
            -1.222,
            60.233
          ],
          [
            -1.183,
            60.246
          ],
          [
            -1.195,
            60.271
          ],
          [
            -1.149,
            60.239
          ],
          [
            -1.093,
            60.262
          ],
          [
            -1.138,
            60.283
          ],
          [
            -1.074,
            60.319
          ],
          [
            -1.171,
            60.347
          ],
          [
            -1.07,
            60.355
          ],
          [
            -1.063,
            60.388
          ],
          [
            -1.121,
            60.384
          ],
          [
            -1.037,
            60.444
          ],
          [
            -1.148,
            60.382
          ],
          [
            -1.156,
            60.408
          ],
          [
            -1.232,
            60.405
          ],
          [
            -1.153,
            60.425
          ],
          [
            -1.218,
            60.494
          ],
          [
            -1.294,
            60.465
          ],
          [
            -1.237,
            60.439
          ],
          [
            -1.37,
            60.401
          ],
          [
            -1.296,
            60.491
          ],
          [
            -1.337,
            60.481
          ],
          [
            -1.302,
            60.637
          ],
          [
            -1.33,
            60.617
          ],
          [
            -1.313,
            60.596
          ],
          [
            -1.411,
            60.607
          ],
          [
            -1.48,
            60.539
          ],
          [
            -1.393,
            60.504
          ],
          [
            -1.47,
            60.512
          ],
          [
            -1.519,
            60.554
          ],
          [
            -1.612,
            60.477
          ],
          [
            -1.487,
            60.484
          ],
          [
            -1.479,
            60.454
          ],
          [
            -1.444,
            60.485
          ],
          [
            -1.434,
            60.423
          ],
          [
            -1.384,
            60.417
          ],
          [
            -1.395,
            60.384
          ],
          [
            -1.26,
            60.349
          ],
          [
            -1.326,
            60.354
          ],
          [
            -1.361,
            60.283
          ],
          [
            -1.419,
            60.322
          ],
          [
            -1.466,
            60.277
          ],
          [
            -1.48,
            60.317
          ],
          [
            -1.693,
            60.28
          ],
          [
            -1.62,
            60.21
          ],
          [
            -1.534,
            60.207
          ],
          [
            -1.496,
            60.243
          ],
          [
            -1.47,
            60.213
          ],
          [
            -1.527,
            60.187
          ],
          [
            -1.449,
            60.151
          ],
          [
            -1.394,
            60.209
          ],
          [
            -1.358,
            60.193
          ],
          [
            -1.41,
            60.255
          ],
          [
            -1.35,
            60.243
          ],
          [
            -1.332,
            60.201
          ],
          [
            -1.27,
            60.242
          ],
          [
            -1.316,
            60.175
          ],
          [
            -1.274,
            60.187
          ],
          [
            -1.289,
            60.144
          ],
          [
            -1.263,
            60.107
          ],
          [
            -1.347,
            59.971
          ],
          [
            -1.325,
            59.948
          ],
          [
            -1.378,
            59.906
          ],
          [
            -1.313,
            59.892
          ],
          [
            -1.307,
            59.857
          ],
          [
            -1.263,
            59.858
          ],
          [
            -1.248,
            59.993
          ],
          [
            -1.196,
            59.986
          ],
          [
            -1.22,
            60.033
          ],
          [
            -1.167,
            60.042
          ],
          [
            -1.212,
            60.103
          ],
          [
            -1.129,
            60.144
          ],
          [
            -1.144,
            60.182
          ],
          [
            -1.195,
            60.176
          ],
          [
            -1.161,
            60.22
          ],
          [
            -1.202,
            60.201
          ],
          [
            -1.181,
            60.228
          ]
        ],
        [
          [
            5.429,
            59.947
          ],
          [
            5.47,
            59.959
          ],
          [
            5.503,
            59.895
          ],
          [
            5.595,
            59.927
          ],
          [
            5.626,
            59.903
          ],
          [
            5.6,
            59.955
          ],
          [
            5.664,
            60.026
          ],
          [
            5.658,
            60.075
          ],
          [
            5.614,
            60.071
          ],
          [
            5.453,
            60.044
          ],
          [
            5.449,
            59.999
          ],
          [
            5.358,
            59.987
          ],
          [
            5.429,
            59.947
          ]
        ],
        [
          [
            5.252,
            59.909
          ],
          [
            5.309,
            59.788
          ],
          [
            5.404,
            59.781
          ],
          [
            5.355,
            59.762
          ],
          [
            5.376,
            59.752
          ],
          [
            5.469,
            59.771
          ],
          [
            5.495,
            59.806
          ],
          [
            5.412,
            59.94
          ],
          [
            5.292,
            59.973
          ],
          [
            5.273,
            59.961
          ],
          [
            5.298,
            59.941
          ],
          [
            5.252,
            59.909
          ]
        ],
        [
          [
            5.069,
            59.78
          ],
          [
            5.186,
            59.753
          ],
          [
            5.11,
            59.673
          ],
          [
            5.149,
            59.581
          ],
          [
            5.201,
            59.614
          ],
          [
            5.207,
            59.678
          ],
          [
            5.152,
            59.664
          ],
          [
            5.197,
            59.71
          ],
          [
            5.187,
            59.737
          ],
          [
            5.289,
            59.751
          ],
          [
            5.309,
            59.701
          ],
          [
            5.274,
            59.679
          ],
          [
            5.345,
            59.704
          ],
          [
            5.314,
            59.749
          ],
          [
            5.144,
            59.872
          ],
          [
            5.107,
            59.864
          ],
          [
            5.144,
            59.825
          ],
          [
            5.069,
            59.78
          ]
        ],
        [
          [
            -1.069,
            60.604
          ],
          [
            -1.015,
            60.617
          ],
          [
            -1.059,
            60.662
          ],
          [
            -0.989,
            60.639
          ],
          [
            -0.997,
            60.725
          ],
          [
            -1.11,
            60.726
          ],
          [
            -1.111,
            60.604
          ],
          [
            -1.145,
            60.647
          ],
          [
            -1.179,
            60.632
          ],
          [
            -1.146,
            60.499
          ],
          [
            -1.023,
            60.503
          ],
          [
            -1.04,
            60.548
          ],
          [
            -1.004,
            60.574
          ],
          [
            -1.069,
            60.604
          ]
        ],
        [
          [
            5.155,
            59.147
          ],
          [
            5.26,
            59.148
          ],
          [
            5.288,
            59.316
          ],
          [
            5.194,
            59.413
          ],
          [
            5.177,
            59.394
          ],
          [
            5.206,
            59.363
          ],
          [
            5.169,
            59.34
          ],
          [
            5.192,
            59.311
          ],
          [
            5.226,
            59.281
          ],
          [
            5.166,
            59.291
          ],
          [
            5.137,
            59.263
          ],
          [
            5.155,
            59.147
          ]
        ],
        [
          [
            -3.291,
            58.947
          ],
          [
            -3.253,
            58.979
          ],
          [
            -3.276,
            59.011
          ],
          [
            -3.231,
            59.032
          ],
          [
            -3.205,
            59.006
          ],
          [
            -3.24,
            58.971
          ],
          [
            -3.195,
            58.911
          ],
          [
            -2.987,
            58.958
          ],
          [
            -2.911,
            58.889
          ],
          [
            -2.824,
            58.879
          ],
          [
            -2.708,
            58.917
          ],
          [
            -2.709,
            58.969
          ],
          [
            -2.793,
            58.951
          ],
          [
            -2.786,
            58.919
          ],
          [
            -2.824,
            58.928
          ],
          [
            -2.831,
            58.956
          ],
          [
            -2.781,
            58.965
          ],
          [
            -2.783,
            58.989
          ],
          [
            -2.858,
            58.969
          ],
          [
            -2.943,
            59.011
          ],
          [
            -3.126,
            58.996
          ],
          [
            -2.995,
            59.067
          ],
          [
            -3.077,
            59.122
          ],
          [
            -3.196,
            59.147
          ],
          [
            -3.35,
            59.11
          ],
          [
            -3.368,
            59.01
          ],
          [
            -3.346,
            58.966
          ],
          [
            -3.291,
            58.947
          ]
        ],
        [
          [
            -3.301,
            58.778
          ],
          [
            -3.137,
            58.787
          ],
          [
            -3.248,
            58.788
          ],
          [
            -3.17,
            58.82
          ],
          [
            -3.233,
            58.887
          ],
          [
            -3.349,
            58.927
          ],
          [
            -3.433,
            58.875
          ],
          [
            -3.378,
            58.868
          ],
          [
            -3.301,
            58.778
          ]
        ],
        [
          [
            11.734,
            57.999
          ],
          [
            11.736,
            58.053
          ],
          [
            11.521,
            58.048
          ],
          [
            11.498,
            58.007
          ],
          [
            11.564,
            58.003
          ],
          [
            11.51,
            57.996
          ],
          [
            11.528,
            57.948
          ],
          [
            11.585,
            57.931
          ],
          [
            11.659,
            57.958
          ],
          [
            11.692,
            58.012
          ],
          [
            11.734,
            57.999
          ]
        ],
        [
          [
            11.079,
            57.25
          ],
          [
            11.069,
            57.29
          ],
          [
            11.197,
            57.314
          ],
          [
            11.12,
            57.324
          ],
          [
            10.921,
            57.303
          ],
          [
            10.854,
            57.263
          ],
          [
            10.998,
            57.223
          ],
          [
            11.079,
            57.25
          ]
        ],
        [
          [
            8.652,
            56.851
          ],
          [
            8.618,
            56.829
          ],
          [
            8.667,
            56.814
          ],
          [
            8.546,
            56.793
          ],
          [
            8.555,
            56.765
          ],
          [
            8.509,
            56.736
          ],
          [
            8.596,
            56.732
          ],
          [
            8.65,
            56.675
          ],
          [
            8.767,
            56.692
          ],
          [
            8.879,
            56.799
          ],
          [
            8.837,
            56.871
          ],
          [
            8.896,
            56.866
          ],
          [
            8.929,
            56.977
          ],
          [
            8.905,
            56.96
          ],
          [
            8.856,
            56.954
          ],
          [
            8.814,
            56.905
          ],
          [
            8.65,
            56.889
          ],
          [
            8.652,
            56.851
          ]
        ],
        [
          [
            8.397,
            54.714
          ],
          [
            8.478,
            54.687
          ],
          [
            8.568,
            54.685
          ],
          [
            8.588,
            54.74
          ],
          [
            8.472,
            54.753
          ],
          [
            8.397,
            54.714
          ]
        ],
        [
          [
            7.61,
            53.761
          ],
          [
            7.486,
            53.757
          ],
          [
            7.468,
            53.733
          ],
          [
            7.629,
            53.742
          ],
          [
            7.61,
            53.761
          ]
        ],
        [
          [
            6.806,
            53.602
          ],
          [
            6.759,
            53.619
          ],
          [
            6.66,
            53.58
          ],
          [
            6.755,
            53.563
          ],
          [
            6.723,
            53.585
          ],
          [
            6.806,
            53.602
          ]
        ],
        [
          [
            6.303,
            53.511
          ],
          [
            6.116,
            53.472
          ],
          [
            6.135,
            53.454
          ],
          [
            6.341,
            53.503
          ],
          [
            6.303,
            53.511
          ]
        ],
        [
          [
            5.956,
            53.467
          ],
          [
            5.663,
            53.473
          ],
          [
            5.632,
            53.446
          ],
          [
            5.684,
            53.425
          ],
          [
            5.956,
            53.467
          ]
        ],
        [
          [
            5.58,
            53.451
          ],
          [
            5.228,
            53.397
          ],
          [
            5.167,
            53.361
          ],
          [
            5.472,
            53.405
          ],
          [
            5.58,
            53.451
          ]
        ],
        [
          [
            4.88,
            53.214
          ],
          [
            5.106,
            53.303
          ],
          [
            5.079,
            53.311
          ],
          [
            4.88,
            53.214
          ]
        ],
        [
          [
            4.739,
            52.99
          ],
          [
            4.909,
            53.091
          ],
          [
            4.883,
            53.184
          ],
          [
            4.714,
            53.056
          ],
          [
            4.739,
            52.99
          ]
        ],
        [
          [
            0.747,
            51.436
          ],
          [
            0.766,
            51.376
          ],
          [
            0.947,
            51.371
          ],
          [
            0.909,
            51.417
          ],
          [
            0.747,
            51.436
          ]
        ],
        [
          [
            10.667,
            55.893
          ],
          [
            10.659,
            55.866
          ],
          [
            10.62,
            55.873
          ],
          [
            10.626,
            55.914
          ],
          [
            10.561,
            55.953
          ],
          [
            10.555,
            55.998
          ],
          [
            10.517,
            55.941
          ],
          [
            10.571,
            55.921
          ],
          [
            10.58,
            55.881
          ],
          [
            10.517,
            55.84
          ],
          [
            10.528,
            55.766
          ],
          [
            10.6,
            55.757
          ],
          [
            10.666,
            55.869
          ],
          [
            10.667,
            55.893
          ]
        ],
        [
          [
            11.697,
            58.089
          ],
          [
            11.8,
            58.117
          ],
          [
            11.813,
            58.219
          ],
          [
            11.737,
            58.282
          ],
          [
            11.669,
            58.284
          ],
          [
            11.655,
            58.231
          ],
          [
            11.481,
            58.194
          ],
          [
            11.411,
            58.147
          ],
          [
            11.465,
            58.066
          ],
          [
            11.467,
            58.101
          ],
          [
            11.516,
            58.077
          ],
          [
            11.553,
            58.115
          ],
          [
            11.697,
            58.089
          ]
        ]
      ],
      [
        [
          [
            9.915,
            57.058
          ],
          [
            9.894878983589198,
            57.06560878771837
          ],
          [
            9.967924154424333,
            57.07491390502221
          ],
          [
            9.915,
            57.058
          ]
        ]
      ],
      [
        [
          [
            8.52,
            56.685
          ],
          [
            8.406,
            56.685
          ],
          [
            8.520137101623572,
            56.685616957306074
          ],
          [
            8.52,
            56.685
          ]
        ]
      ],
      [
        [
          [
            5.451,
            61.374
          ],
          [
            5.634,
            61.361
          ],
          [
            5.447043120344942,
            61.37335397883183
          ],
          [
            5.451,
            61.374
          ]
        ]
      ]
    ]
  }
}