model_id,route,fraction,group_id,production,consumption,predation,mortality,egestion,respiration,harvest,accumulation,migration,group_name,external_loss,designated_discard,retained,fishery_catch,explicit_discard_return,ee,production_residual,consumption_residual,discard_return_external
266_266_Kuosheng_Bay_(1998),S0,0.0,18,-0.0,-0.0,0.0,0.0,0.0,0.0,0.0,0.0,0.0,diet_import,0.0,0.0,0.0,0.0,0.0,,-0.0,0.0,0.0
266_266_Kuosheng_Bay_(1998),S0,0.0,17,8281.162622539883,8281.162622539883,7900.977784,0.0,0.0,0.0,0.0,380.18483853988346,0.0,Detritus,0.0,0.0,0.0,0.0,0.0,1.0,0.0,0.0,0.0
266_266_Kuosheng_Bay_(1998),S0,0.0,16,0.4676,3.6400000000000006,0.15600000000000003,0.011599965022799991,0.7280000000000002,2.4444,0.3,0.0,0.0,Detritivorous fish,0.0,0.0,0.3,0.3,0.0,0.975192547,3.497720002521021e-08,4.440892098500626e-16,0.0
266_266_Kuosheng_Bay_(1998),S0,0.0,15,0.1612,1.56,0.0,0.0111999936828,0.31200000000000006,1.0868,0.15,0.0,0.0,Piscivorous fish,0.0,0.0,0.15,0.15,0.0,0.930521131,6.317200013095103e-09,0.0,0.0
266_266_Kuosheng_Bay_(1998),S0,0.0,14,1.0244,3.0368,0.48027200000000003,0.024128000519999998,0.60736,1.40503991,0.52,0.0,0.0,Benthic-feeding fish,0.0,0.0,0.52,0.52,0.0,0.9764467,-5.200000430249929e-10,9.000000011916143e-08,0.0
266_266_Kuosheng_Bay_(1998),S0,0.0,13,0.8256,4.32,0.5591039999999999,0.02649602042880001,0.8640000000000001,2.6303997,0.24,0.0,0.0,Zooplanktivorous fish,0.0,0.0,0.24,0.24,0.0,0.967906952,-2.0428799984983925e-08,2.9999999995311555e-07,0.0
266_266_Kuosheng_Bay_(1998),S0,0.0,12,0.9434,10.68,0.6204000000000001,0.31299993124000003,2.136,7.60060024,0.01,0.0,0.0,Herbivorous fish,0.0,0.0,0.01,0.01,0.0,0.6682214,6.875999991606818e-08,-2.400000012059422e-07,0.0
266_266_Kuosheng_Bay_(1998),S0,0.0,11,0.5365,3.7,0.0,0.5365,0.7400000000000001,2.4235,0.0,0.0,0.0,Holothuroids,0.0,0.0,0.0,0.0,0.0,0.0,0.0,-4.440892098500626e-16,0.0
266_266_Kuosheng_Bay_(1998),S0,0.0,10,4.015,38.5,0.69376,3.321240051745,7.7,26.785,0.0,0.0,0.0,Crabs,0.0,0.0,0.0,0.0,0.0,0.17279201700000002,-5.174500028459761e-08,0.0,0.0
266_266_Kuosheng_Bay_(1998),S0,0.0,9,10.1875,105.95,1.574432,8.613067861375,21.19,74.5724945,0.0,0.0,0.0,Shrimp,0.0,0.0,0.0,0.0,0.0,0.15454548599999995,1.3862499947947526e-07,5.50000000032469e-06,0.0
266_266_Kuosheng_Bay_(1998),S0,0.0,8,11.8665,61.529999999999994,0.30368,11.562820007895,12.306,37.3575,0.0,0.0,0.0,Bivalves,0.0,0.0,0.0,0.0,0.0,0.025591370000000002,-7.89500020914602e-09,-7.105427357601002e-15,0.0
266_266_Kuosheng_Bay_(1998),S0,0.0,7,10.802000000000001,46.154,0.394784,10.4072160308336,9.2308,26.1211967,0.0,0.0,0.0,Gastropods,0.0,0.0,0.0,0.0,0.0,0.0365473032000001,-3.0833598785307004e-08,3.3000000030369847e-06,0.0
266_266_Kuosheng_Bay_(1998),S0,0.0,6,9.316,22.0296,1.54,7.776000127740001,4.40592,8.30768,0.0,0.0,0.0,Bernacles,0.0,0.0,0.0,0.0,0.0,0.16530698499999996,-1.2773999991111396e-07,-1.7763568394002505e-15,0.0
266_266_Kuosheng_Bay_(1998),S0,0.0,5,52.0,260.0,28.698999999999998,23.301000111999997,52.0,156.0,0.0,0.0,0.0,Infauna,0.0,0.0,0.0,0.0,0.0,0.551903844,-1.1199999505606684e-07,0.0,0.0
266_266_Kuosheng_Bay_(1998),S0,0.0,4,1372.0,3584.0,792.7720360000002,579.2279416000001,716.8000000000001,1495.2,0.0,0.0,0.0,Carnivorous zooplankton,0.0,0.0,0.0,0.0,0.0,0.5778222,2.2399999579647556e-05,-2.2737367544323206e-13,0.0
266_266_Kuosheng_Bay_(1998),S0,0.0,3,3958.5000000000005,10556.0,2739.59414,1218.90567435,2111.2000000000003,4486.3,0.0,0.0,0.0,Herbivorous zooplankton,0.0,0.0,0.0,0.0,0.0,0.6920789,0.0001856500002759276,-9.094947017729282e-13,0.0
266_266_Kuosheng_Bay_(1998),S0,0.0,2,45.64,45.64,16.207800000000002,29.4321992874,0.0,0.0,0.0,0.0,0.0,Periphyton,0.0,0.0,0.0,0.0,0.0,0.35512271500000003,7.125999985646558e-07,0.0,0.0
266_266_Kuosheng_Bay_(1998),S0,0.0,1,6664.0,6664.0,3216.527208,3447.4724592000002,0.0,0.0,0.0,0.0,0.0,Phytoplankton,0.0,0.0,0.0,0.0,0.0,0.4826722,0.0003328000002511544,0.0,0.0
266_266_Kuosheng_Bay_(1998),SC,0.0,18,-0.0,-0.0,0.0,0.0,0.0,0.0,0.0,0.0,0.0,diet_import,0.0,0.0,0.0,0.0,0.0,,-0.0,0.0,0.0
266_266_Kuosheng_Bay_(1998),SC,0.0,17,8281.162622539883,8281.162622539883,7900.977784,0.0,0.0,0.0,0.0,380.18483853988346,0.0,Detritus,0.0,0.0,0.0,0.0,0.0,1.0,0.0,0.0,0.0
266_266_Kuosheng_Bay_(1998),SC,0.0,16,0.4676,3.6400000000000006,0.15600000000000003,0.011599965022799991,0.7280000000000002,2.4444,0.3,0.0,0.0,Detritivorous fish,0.0,0.0,0.3,0.3,0.0,0.975192547,3.497720002521021e-08,4.440892098500626e-16,0.0
266_266_Kuosheng_Bay_(1998),SC,0.0,15,0.1612,1.56,0.0,0.0111999936828,0.31200000000000006,1.0868,0.15,0.0,0.0,Piscivorous fish,0.0,0.0,0.15,0.15,0.0,0.930521131,6.317200013095103e-09,0.0,0.0
266_266_Kuosheng_Bay_(1998),SC,0.0,14,1.0244,3.0368,0.48027200000000003,0.024128000519999998,0.60736,1.40503991,0.52,0.0,0.0,Benthic-feeding fish,0.0,0.0,0.52,0.52,0.0,0.9764467,-5.200000430249929e-10,9.000000011916143e-08,0.0
266_266_Kuosheng_Bay_(1998),SC,0.0,13,0.8256,4.32,0.5591039999999999,0.02649602042880001,0.8640000000000001,2.6303997,0.24,0.0,0.0,Zooplanktivorous fish,0.0,0.0,0.24,0.24,0.0,0.967906952,-2.0428799984983925e-08,2.9999999995311555e-07,0.0
266_266_Kuosheng_Bay_(1998),SC,0.0,12,0.9434,10.68,0.6204000000000001,0.31299993124000003,2.136,7.60060024,0.01,0.0,0.0,Herbivorous fish,0.0,0.0,0.01,0.01,0.0,0.6682214,6.875999991606818e-08,-2.400000012059422e-07,0.0
266_266_Kuosheng_Bay_(1998),SC,0.0,11,0.5365,3.7,0.0,0.5365,0.7400000000000001,2.4235,0.0,0.0,0.0,Holothuroids,0.0,0.0,0.0,0.0,0.0,0.0,0.0,-4.440892098500626e-16,0.0
266_266_Kuosheng_Bay_(1998),SC,0.0,10,4.015,38.5,0.69376,3.321240051745,7.7,26.785,0.0,0.0,0.0,Crabs,0.0,0.0,0.0,0.0,0.0,0.17279201700000002,-5.174500028459761e-08,0.0,0.0
266_266_Kuosheng_Bay_(1998),SC,0.0,9,10.1875,105.95,1.574432,8.613067861375,21.19,74.5724945,0.0,0.0,0.0,Shrimp,0.0,0.0,0.0,0.0,0.0,0.15454548599999995,1.3862499947947526e-07,5.50000000032469e-06,0.0
266_266_Kuosheng_Bay_(1998),SC,0.0,8,11.8665,61.529999999999994,0.30368,11.562820007895,12.306,37.3575,0.0,0.0,0.0,Bivalves,0.0,0.0,0.0,0.0,0.0,0.025591370000000002,-7.89500020914602e-09,-7.105427357601002e-15,0.0
266_266_Kuosheng_Bay_(1998),SC,0.0,7,10.802000000000001,46.154,0.394784,10.4072160308336,9.2308,26.1211967,0.0,0.0,0.0,Gastropods,0.0,0.0,0.0,0.0,0.0,0.0365473032000001,-3.0833598785307004e-08,3.3000000030369847e-06,0.0
266_266_Kuosheng_Bay_(1998),SC,0.0,6,9.316,22.0296,1.54,7.776000127740001,4.40592,8.30768,0.0,0.0,0.0,Bernacles,0.0,0.0,0.0,0.0,0.0,0.16530698499999996,-1.2773999991111396e-07,-1.7763568394002505e-15,0.0
266_266_Kuosheng_Bay_(1998),SC,0.0,5,52.0,260.0,28.698999999999998,23.301000111999997,52.0,156.0,0.0,0.0,0.0,Infauna,0.0,0.0,0.0,0.0,0.0,0.551903844,-1.1199999505606684e-07,0.0,0.0
266_266_Kuosheng_Bay_(1998),SC,0.0,4,1372.0,3584.0,792.7720360000002,579.2279416000001,716.8000000000001,1495.2,0.0,0.0,0.0,Carnivorous zooplankton,0.0,0.0,0.0,0.0,0.0,0.5778222,2.2399999579647556e-05,-2.2737367544323206e-13,0.0
266_266_Kuosheng_Bay_(1998),SC,0.0,3,3958.5000000000005,10556.0,2739.59414,1218.90567435,2111.2000000000003,4486.3,0.0,0.0,0.0,Herbivorous zooplankton,0.0,0.0,0.0,0.0,0.0,0.6920789,0.0001856500002759276,-9.094947017729282e-13,0.0
266_266_Kuosheng_Bay_(1998),SC,0.0,2,45.64,45.64,16.207800000000002,29.4321992874,0.0,0.0,0.0,0.0,0.0,Periphyton,0.0,0.0,0.0,0.0,0.0,0.35512271500000003,7.125999985646558e-07,0.0,0.0
266_266_Kuosheng_Bay_(1998),SC,0.0,1,6664.0,6664.0,3216.527208,3447.4724592000002,0.0,0.0,0.0,0.0,0.0,Phytoplankton,0.0,0.0,0.0,0.0,0.0,0.4826722,0.0003328000002511544,0.0,0.0
266_266_Kuosheng_Bay_(1998),SM,0.0,18,-0.0,-0.0,0.0,0.0,0.0,0.0,0.0,0.0,0.0,diet_import,0.0,0.0,0.0,0.0,0.0,,-0.0,0.0,0.0
266_266_Kuosheng_Bay_(1998),SM,0.0,17,8281.162622539883,8281.162622539883,7900.977784,0.0,0.0,0.0,0.0,380.18483853988346,0.0,Detritus,0.0,0.0,0.0,0.0,0.0,1.0,0.0,0.0,0.0
266_266_Kuosheng_Bay_(1998),SM,0.0,16,0.4676,3.6400000000000006,0.15600000000000003,0.011599965022799991,0.7280000000000002,2.4444,0.3,0.0,0.0,Detritivorous fish,0.0,0.0,0.3,0.3,0.0,0.975192547,3.497720002521021e-08,4.440892098500626e-16,0.0
266_266_Kuosheng_Bay_(1998),SM,0.0,15,0.1612,1.56,0.0,0.0111999936828,0.31200000000000006,1.0868,0.15,0.0,0.0,Piscivorous fish,0.0,0.0,0.15,0.15,0.0,0.930521131,6.317200013095103e-09,0.0,0.0
266_266_Kuosheng_Bay_(1998),SM,0.0,14,1.0244,3.0368,0.48027200000000003,0.024128000519999998,0.60736,1.40503991,0.52,0.0,0.0,Benthic-feeding fish,0.0,0.0,0.52,0.52,0.0,0.9764467,-5.200000430249929e-10,9.000000011916143e-08,0.0
266_266_Kuosheng_Bay_(1998),SM,0.0,13,0.8256,4.32,0.5591039999999999,0.02649602042880001,0.8640000000000001,2.6303997,0.24,0.0,0.0,Zooplanktivorous fish,0.0,0.0,0.24,0.24,0.0,0.967906952,-2.0428799984983925e-08,2.9999999995311555e-07,0.0
266_266_Kuosheng_Bay_(1998),SM,0.0,12,0.9434,10.68,0.6204000000000001,0.31299993124000003,2.136,7.60060024,0.01,0.0,0.0,Herbivorous fish,0.0,0.0,0.01,0.01,0.0,0.6682214,6.875999991606818e-08,-2.400000012059422e-07,0.0
266_266_Kuosheng_Bay_(1998),SM,0.0,11,0.5365,3.7,0.0,0.5365,0.7400000000000001,2.4235,0.0,0.0,0.0,Holothuroids,0.0,0.0,0.0,0.0,0.0,0.0,0.0,-4.440892098500626e-16,0.0
266_266_Kuosheng_Bay_(1998),SM,0.0,10,4.015,38.5,0.69376,3.321240051745,7.7,26.785,0.0,0.0,0.0,Crabs,0.0,0.0,0.0,0.0,0.0,0.17279201700000002,-5.174500028459761e-08,0.0,0.0
266_266_Kuosheng_Bay_(1998),SM,0.0,9,10.1875,105.95,1.574432,8.613067861375,21.19,74.5724945,0.0,0.0,0.0,Shrimp,0.0,0.0,0.0,0.0,0.0,0.15454548599999995,1.3862499947947526e-07,5.50000000032469e-06,0.0
266_266_Kuosheng_Bay_(1998),SM,0.0,8,11.8665,61.529999999999994,0.30368,11.562820007895,12.306,37.3575,0.0,0.0,0.0,Bivalves,0.0,0.0,0.0,0.0,0.0,0.025591370000000002,-7.89500020914602e-09,-7.105427357601002e-15,0.0
266_266_Kuosheng_Bay_(1998),SM,0.0,7,10.802000000000001,46.154,0.394784,10.4072160308336,9.2308,26.1211967,0.0,0.0,0.0,Gastropods,0.0,0.0,0.0,0.0,0.0,0.0365473032000001,-3.0833598785307004e-08,3.3000000030369847e-06,0.0
266_266_Kuosheng_Bay_(1998),SM,0.0,6,9.316,22.0296,1.54,7.776000127740001,4.40592,8.30768,0.0,0.0,0.0,Bernacles,0.0,0.0,0.0,0.0,0.0,0.16530698499999996,-1.2773999991111396e-07,-1.7763568394002505e-15,0.0
266_266_Kuosheng_Bay_(1998),SM,0.0,5,52.0,260.0,28.698999999999998,23.301000111999997,52.0,156.0,0.0,0.0,0.0,Infauna,0.0,0.0,0.0,0.0,0.0,0.551903844,-1.1199999505606684e-07,0.0,0.0
266_266_Kuosheng_Bay_(1998),SM,0.0,4,1372.0,3584.0,792.7720360000002,579.2279416000001,716.8000000000001,1495.2,0.0,0.0,0.0,Carnivorous zooplankton,0.0,0.0,0.0,0.0,0.0,0.5778222,2.2399999579647556e-05,-2.2737367544323206e-13,0.0
266_266_Kuosheng_Bay_(1998),SM,0.0,3,3958.5000000000005,10556.0,2739.59414,1218.90567435,2111.2000000000003,4486.3,0.0,0.0,0.0,Herbivorous zooplankton,0.0,0.0,0.0,0.0,0.0,0.6920789,0.0001856500002759276,-9.094947017729282e-13,0.0
266_266_Kuosheng_Bay_(1998),SM,0.0,2,45.64,45.64,16.207800000000002,29.4321992874,0.0,0.0,0.0,0.0,0.0,Periphyton,0.0,0.0,0.0,0.0,0.0,0.35512271500000003,7.125999985646558e-07,0.0,0.0
266_266_Kuosheng_Bay_(1998),SM,0.0,1,6664.0,6664.0,3216.527208,3447.4724592000002,0.0,0.0,0.0,0.0,0.0,Phytoplankton,0.0,0.0,0.0,0.0,0.0,0.4826722,0.0003328000002511544,0.0,0.0
266_266_Kuosheng_Bay_(1998),SE,0.0,18,-0.0,-0.0,0.0,0.0,0.0,0.0,0.0,0.0,0.0,diet_import,0.0,0.0,0.0,0.0,0.0,,-0.0,0.0,0.0
266_266_Kuosheng_Bay_(1998),SE,0.0,17,8281.162622539883,8281.162622539883,7900.977784,0.0,0.0,0.0,0.0,380.18483853988346,0.0,Detritus,0.0,0.0,0.0,0.0,0.0,1.0,0.0,0.0,0.0
266_266_Kuosheng_Bay_(1998),SE,0.0,16,0.4676,3.6400000000000006,0.15600000000000003,0.011599965022799991,0.7280000000000002,2.4444,0.3,0.0,0.0,Detritivorous fish,0.0,0.0,0.3,0.3,0.0,0.975192547,3.497720002521021e-08,4.440892098500626e-16,0.0
266_266_Kuosheng_Bay_(1998),SE,0.0,15,0.1612,1.56,0.0,0.0111999936828,0.31200000000000006,1.0868,0.15,0.0,0.0,Piscivorous fish,0.0,0.0,0.15,0.15,0.0,0.930521131,6.317200013095103e-09,0.0,0.0
266_266_Kuosheng_Bay_(1998),SE,0.0,14,1.0244,3.0368,0.48027200000000003,0.024128000519999998,0.60736,1.40503991,0.52,0.0,0.0,Benthic-feeding fish,0.0,0.0,0.52,0.52,0.0,0.9764467,-5.200000430249929e-10,9.000000011916143e-08,0.0
266_266_Kuosheng_Bay_(1998),SE,0.0,13,0.8256,4.32,0.5591039999999999,0.02649602042880001,0.8640000000000001,2.6303997,0.24,0.0,0.0,Zooplanktivorous fish,0.0,0.0,0.24,0.24,0.0,0.967906952,-2.0428799984983925e-08,2.9999999995311555e-07,0.0
266_266_Kuosheng_Bay_(1998),SE,0.0,12,0.9434,10.68,0.6204000000000001,0.31299993124000003,2.136,7.60060024,0.01,0.0,0.0,Herbivorous fish,0.0,0.0,0.01,0.01,0.0,0.6682214,6.875999991606818e-08,-2.400000012059422e-07,0.0
266_266_Kuosheng_Bay_(1998),SE,0.0,11,0.5365,3.7,0.0,0.5365,0.7400000000000001,2.4235,0.0,0.0,0.0,Holothuroids,0.0,0.0,0.0,0.0,0.0,0.0,0.0,-4.440892098500626e-16,0.0
266_266_Kuosheng_Bay_(1998),SE,0.0,10,4.015,38.5,0.69376,3.321240051745,7.7,26.785,0.0,0.0,0.0,Crabs,0.0,0.0,0.0,0.0,0.0,0.17279201700000002,-5.174500028459761e-08,0.0,0.0
266_266_Kuosheng_Bay_(1998),SE,0.0,9,10.1875,105.95,1.574432,8.613067861375,21.19,74.5724945,0.0,0.0,0.0,Shrimp,0.0,0.0,0.0,0.0,0.0,0.15454548599999995,1.3862499947947526e-07,5.50000000032469e-06,0.0
266_266_Kuosheng_Bay_(1998),SE,0.0,8,11.8665,61.529999999999994,0.30368,11.562820007895,12.306,37.3575,0.0,0.0,0.0,Bivalves,0.0,0.0,0.0,0.0,0.0,0.025591370000000002,-7.89500020914602e-09,-7.105427357601002e-15,0.0
266_266_Kuosheng_Bay_(1998),SE,0.0,7,10.802000000000001,46.154,0.394784,10.4072160308336,9.2308,26.1211967,0.0,0.0,0.0,Gastropods,0.0,0.0,0.0,0.0,0.0,0.0365473032000001,-3.0833598785307004e-08,3.3000000030369847e-06,0.0
266_266_Kuosheng_Bay_(1998),SE,0.0,6,9.316,22.0296,1.54,7.776000127740001,4.40592,8.30768,0.0,0.0,0.0,Bernacles,0.0,0.0,0.0,0.0,0.0,0.16530698499999996,-1.2773999991111396e-07,-1.7763568394002505e-15,0.0
266_266_Kuosheng_Bay_(1998),SE,0.0,5,52.0,260.0,28.698999999999998,23.301000111999997,52.0,156.0,0.0,0.0,0.0,Infauna,0.0,0.0,0.0,0.0,0.0,0.551903844,-1.1199999505606684e-07,0.0,0.0
266_266_Kuosheng_Bay_(1998),SE,0.0,4,1372.0,3584.0,792.7720360000002,579.2279416000001,716.8000000000001,1495.2,0.0,0.0,0.0,Carnivorous zooplankton,0.0,0.0,0.0,0.0,0.0,0.5778222,2.2399999579647556e-05,-2.2737367544323206e-13,0.0
266_266_Kuosheng_Bay_(1998),SE,0.0,3,3958.5000000000005,10556.0,2739.59414,1218.90567435,2111.2000000000003,4486.3,0.0,0.0,0.0,Herbivorous zooplankton,0.0,0.0,0.0,0.0,0.0,0.6920789,0.0001856500002759276,-9.094947017729282e-13,0.0
266_266_Kuosheng_Bay_(1998),SE,0.0,2,45.64,45.64,16.207800000000002,29.4321992874,0.0,0.0,0.0,0.0,0.0,Periphyton,0.0,0.0,0.0,0.0,0.0,0.35512271500000003,7.125999985646558e-07,0.0,0.0
266_266_Kuosheng_Bay_(1998),SE,0.0,1,6664.0,6664.0,3216.527208,3447.4724592000002,0.0,0.0,0.0,0.0,0.0,Phytoplankton,0.0,0.0,0.0,0.0,0.0,0.4826722,0.0003328000002511544,0.0,0.0
266_266_Kuosheng_Bay_(1998),SC,0.01,18,-0.0,-0.0,0.0,0.0,0.0,0.0,0.0,0.0,0.0,diet_import,0.0,0.0,0.0,0.0,0.0,,-0.0,0.0,0.0
266_266_Kuosheng_Bay_(1998),SC,0.01,17,8281.162622539883,8281.162622539883,7900.977784,0.0,0.0,0.0,0.0,380.18483853988346,0.0,Detritus,0.0,0.0,0.0,0.0,0.0,1.0,0.0,0.0,0.0
266_266_Kuosheng_Bay_(1998),SC,0.01,16,0.4676,3.6400000000000006,0.15600000000000003,0.011599965022799991,0.7280000000000002,2.4444,0.3,0.0,0.0,Detritivorous fish,0.0,0.003,0.297,0.3,0.0,0.975192547,3.497720002521021e-08,4.440892098500626e-16,0.0
266_266_Kuosheng_Bay_(1998),SC,0.01,15,0.1612,1.56,0.0,0.0111999936828,0.31200000000000006,1.0868,0.15,0.0,0.0,Piscivorous fish,0.0,0.0015,0.1485,0.15,0.0,0.930521131,6.317200013095103e-09,0.0,0.0
266_266_Kuosheng_Bay_(1998),SC,0.01,14,1.0244,3.0368,0.48027200000000003,0.024128000519999998,0.60736,1.40503991,0.52,0.0,0.0,Benthic-feeding fish,0.0,0.005200000000000001,0.5148,0.52,0.0,0.9764467,-5.200000430249929e-10,9.000000011916143e-08,0.0
266_266_Kuosheng_Bay_(1998),SC,0.01,13,0.8256,4.32,0.5591039999999999,0.02649602042880001,0.8640000000000001,2.6303997,0.24,0.0,0.0,Zooplanktivorous fish,0.0,0.0024,0.23759999999999998,0.24,0.0,0.967906952,-2.0428799984983925e-08,2.9999999995311555e-07,0.0
266_266_Kuosheng_Bay_(1998),SC,0.01,12,0.9434,10.68,0.6204000000000001,0.31299993124000003,2.136,7.60060024,0.01,0.0,0.0,Herbivorous fish,0.0,0.0001,0.0099,0.01,0.0,0.6682214,6.875999991606818e-08,-2.400000012059422e-07,0.0
266_266_Kuosheng_Bay_(1998),SC,0.01,11,0.5365,3.7,0.0,0.5365,0.7400000000000001,2.4235,0.0,0.0,0.0,Holothuroids,0.0,0.0,0.0,0.0,0.0,0.0,0.0,-4.440892098500626e-16,0.0
266_266_Kuosheng_Bay_(1998),SC,0.01,10,4.015,38.5,0.69376,3.321240051745,7.7,26.785,0.0,0.0,0.0,Crabs,0.0,0.0,0.0,0.0,0.0,0.17279201700000002,-5.174500028459761e-08,0.0,0.0
266_266_Kuosheng_Bay_(1998),SC,0.01,9,10.1875,105.95,1.574432,8.613067861375,21.19,74.5724945,0.0,0.0,0.0,Shrimp,0.0,0.0,0.0,0.0,0.0,0.15454548599999995,1.3862499947947526e-07,5.50000000032469e-06,0.0
266_266_Kuosheng_Bay_(1998),SC,0.01,8,11.8665,61.529999999999994,0.30368,11.562820007895,12.306,37.3575,0.0,0.0,0.0,Bivalves,0.0,0.0,0.0,0.0,0.0,0.025591370000000002,-7.89500020914602e-09,-7.105427357601002e-15,0.0
266_266_Kuosheng_Bay_(1998),SC,0.01,7,10.802000000000001,46.154,0.394784,10.4072160308336,9.2308,26.1211967,0.0,0.0,0.0,Gastropods,0.0,0.0,0.0,0.0,0.0,0.0365473032000001,-3.0833598785307004e-08,3.3000000030369847e-06,0.0
266_266_Kuosheng_Bay_(1998),SC,0.01,6,9.316,22.0296,1.54,7.776000127740001,4.40592,8.30768,0.0,0.0,0.0,Bernacles,0.0,0.0,0.0,0.0,0.0,0.16530698499999996,-1.2773999991111396e-07,-1.7763568394002505e-15,0.0
266_266_Kuosheng_Bay_(1998),SC,0.01,5,52.0,260.0,28.698999999999998,23.301000111999997,52.0,156.0,0.0,0.0,0.0,Infauna,0.0,0.0,0.0,0.0,0.0,0.551903844,-1.1199999505606684e-07,0.0,0.0
266_266_Kuosheng_Bay_(1998),SC,0.01,4,1372.0,3584.0,792.7720360000002,579.2279416000001,716.8000000000001,1495.2,0.0,0.0,0.0,Carnivorous zooplankton,0.0,0.0,0.0,0.0,0.0,0.5778222,2.2399999579647556e-05,-2.2737367544323206e-13,0.0
266_266_Kuosheng_Bay_(1998),SC,0.01,3,3958.5000000000005,10556.0,2739.59414,1218.90567435,2111.2000000000003,4486.3,0.0,0.0,0.0,Herbivorous zooplankton,0.0,0.0,0.0,0.0,0.0,0.6920789,0.0001856500002759276,-9.094947017729282e-13,0.0
266_266_Kuosheng_Bay_(1998),SC,0.01,2,45.64,45.64,16.207800000000002,29.4321992874,0.0,0.0,0.0,0.0,0.0,Periphyton,0.0,0.0,0.0,0.0,0.0,0.35512271500000003,7.125999985646558e-07,0.0,0.0
266_266_Kuosheng_Bay_(1998),SC,0.01,1,6664.0,6664.0,3216.527208,3447.4724592000002,0.0,0.0,0.0,0.0,0.0,Phytoplankton,0.0,0.0,0.0,0.0,0.0,0.4826722,0.0003328000002511544,0.0,0.0
266_266_Kuosheng_Bay_(1998),SM,0.01,18,-0.0,-0.0,0.0,0.0,0.0,0.0,0.0,0.0,0.0,diet_import,0.0,0.0,0.0,0.0,0.0,,-0.0,0.0,0.0
266_266_Kuosheng_Bay_(1998),SM,0.01,17,8281.174822539884,8281.174822539884,7900.977784,0.0,0.0,0.0,0.0,380.1970385398845,0.0,Detritus,0.0,0.0,0.0,0.0,0.0,1.0,0.0,0.0,0.0
266_266_Kuosheng_Bay_(1998),SM,0.01,16,0.4676,3.6400000000000006,0.15600000000000003,0.01459996502279999,0.7280000000000002,2.4444,0.3,0.0,0.0,Detritivorous fish,0.0,0.003,0.297,0.297,0.0,0.968776807051326,3.497720002521021e-08,4.440892098500626e-16,0.0
266_266_Kuosheng_Bay_(1998),SM,0.01,15,0.1612,1.56,0.0,0.0126999936828,0.31200000000000006,1.0868,0.15,0.0,0.0,Piscivorous fish,0.0,0.0015,0.1485,0.1485,0.0,0.9212159200818859,6.317200013095103e-09,0.0,0.0
266_266_Kuosheng_Bay_(1998),SM,0.01,14,1.0244,3.0368,0.48027200000000003,0.029328000519999998,0.60736,1.40503991,0.52,0.0,0.0,Benthic-feeding fish,0.0,0.005200000000000001,0.5148,0.5148,0.0,0.9713705578680203,-5.200000430249929e-10,9.000000011916143e-08,0.0
266_266_Kuosheng_Bay_(1998),SM,0.01,13,0.8256,4.32,0.5591039999999999,0.02889602042880001,0.8640000000000001,2.6303997,0.24,0.0,0.0,Zooplanktivorous fish,0.0,0.0024,0.23759999999999998,0.23759999999999998,0.0,0.9649999752558139,-2.0428799873961623e-08,2.9999999995311555e-07,0.0
266_266_Kuosheng_Bay_(1998),SM,0.01,12,0.9434,10.68,0.6204000000000001,0.31309993124,2.136,7.60060024,0.01,0.0,0.0,Herbivorous fish,0.0,0.0001,0.0099,0.0099,0.0,0.6681154004239983,6.875999991606818e-08,-2.400000012059422e-07,0.0
266_266_Kuosheng_Bay_(1998),SM,0.01,11,0.5365,3.7,0.0,0.5365,0.7400000000000001,2.4235,0.0,0.0,0.0,Holothuroids,0.0,0.0,0.0,0.0,0.0,0.0,0.0,-4.440892098500626e-16,0.0
266_266_Kuosheng_Bay_(1998),SM,0.01,10,4.015,38.5,0.69376,3.321240051745,7.7,26.785,0.0,0.0,0.0,Crabs,0.0,0.0,0.0,0.0,0.0,0.17279201700000002,-5.174500028459761e-08,0.0,0.0
266_266_Kuosheng_Bay_(1998),SM,0.01,9,10.1875,105.95,1.574432,8.613067861375,21.19,74.5724945,0.0,0.0,0.0,Shrimp,0.0,0.0,0.0,0.0,0.0,0.15454548599999995,1.3862499947947526e-07,5.50000000032469e-06,0.0
266_266_Kuosheng_Bay_(1998),SM,0.01,8,11.8665,61.529999999999994,0.30368,11.562820007895,12.306,37.3575,0.0,0.0,0.0,Bivalves,0.0,0.0,0.0,0.0,0.0,0.025591370000000002,-7.89500020914602e-09,-7.105427357601002e-15,0.0
266_266_Kuosheng_Bay_(1998),SM,0.01,7,10.802000000000001,46.154,0.394784,10.4072160308336,9.2308,26.1211967,0.0,0.0,0.0,Gastropods,0.0,0.0,0.0,0.0,0.0,0.0365473032000001,-3.0833598785307004e-08,3.3000000030369847e-06,0.0
266_266_Kuosheng_Bay_(1998),SM,0.01,6,9.316,22.0296,1.54,7.776000127740001,4.40592,8.30768,0.0,0.0,0.0,Bernacles,0.0,0.0,0.0,0.0,0.0,0.16530698499999996,-1.2773999991111396e-07,-1.7763568394002505e-15,0.0
266_266_Kuosheng_Bay_(1998),SM,0.01,5,52.0,260.0,28.698999999999998,23.301000111999997,52.0,156.0,0.0,0.0,0.0,Infauna,0.0,0.0,0.0,0.0,0.0,0.551903844,-1.1199999505606684e-07,0.0,0.0
266_266_Kuosheng_Bay_(1998),SM,0.01,4,1372.0,3584.0,792.7720360000002,579.2279416000001,716.8000000000001,1495.2,0.0,0.0,0.0,Carnivorous zooplankton,0.0,0.0,0.0,0.0,0.0,0.5778222,2.2399999579647556e-05,-2.2737367544323206e-13,0.0
266_266_Kuosheng_Bay_(1998),SM,0.01,3,3958.5000000000005,10556.0,2739.59414,1218.90567435,2111.2000000000003,4486.3,0.0,0.0,0.0,Herbivorous zooplankton,0.0,0.0,0.0,0.0,0.0,0.6920789,0.0001856500002759276,-9.094947017729282e-13,0.0
266_266_Kuosheng_Bay_(1998),SM,0.01,2,45.64,45.64,16.207800000000002,29.4321992874,0.0,0.0,0.0,0.0,0.0,Periphyton,0.0,0.0,0.0,0.0,0.0,0.35512271500000003,7.125999985646558e-07,0.0,0.0
266_266_Kuosheng_Bay_(1998),SM,0.01,1,6664.0,6664.0,3216.527208,3447.4724592000002,0.0,0.0,0.0,0.0,0.0,Phytoplankton,0.0,0.0,0.0,0.0,0.0,0.4826722,0.0003328000002511544,0.0,0.0
266_266_Kuosheng_Bay_(1998),SE,0.01,18,-0.0,-0.0,0.0,0.0,0.0,0.0,0.0,0.0,0.0,diet_import,0.0,0.0,0.0,0.0,0.0,,-0.0,0.0,0.0
266_266_Kuosheng_Bay_(1998),SE,0.01,17,8281.162622539883,8281.162622539883,7900.977784,0.0,0.0,0.0,0.0,380.18483853988346,0.0,Detritus,0.0,0.0,0.0,0.0,0.0,1.0,0.0,0.0,0.0
266_266_Kuosheng_Bay_(1998),SE,0.01,16,0.4676,3.6400000000000006,0.15600000000000003,0.011599965022799991,0.7280000000000002,2.4444,0.3,0.0,0.0,Detritivorous fish,0.003,0.003,0.297,0.297,0.0,0.975192547,3.497720002521021e-08,4.440892098500626e-16,0.0
266_266_Kuosheng_Bay_(1998),SE,0.01,15,0.1612,1.56,0.0,0.0111999936828,0.31200000000000006,1.0868,0.15,0.0,0.0,Piscivorous fish,0.0015,0.0015,0.1485,0.1485,0.0,0.930521131,6.317200013095103e-09,0.0,0.0
266_266_Kuosheng_Bay_(1998),SE,0.01,14,1.0244,3.0368,0.48027200000000003,0.024128000519999998,0.60736,1.40503991,0.52,0.0,0.0,Benthic-feeding fish,0.005200000000000001,0.005200000000000001,0.5148,0.5148,0.0,0.9764467,-5.200002650695978e-10,9.000000011916143e-08,0.0
266_266_Kuosheng_Bay_(1998),SE,0.01,13,0.8256,4.32,0.5591039999999999,0.02649602042880001,0.8640000000000001,2.6303997,0.24,0.0,0.0,Zooplanktivorous fish,0.0024,0.0024,0.23759999999999998,0.23759999999999998,0.0,0.967906952,-2.0428799873961623e-08,2.9999999995311555e-07,0.0
266_266_Kuosheng_Bay_(1998),SE,0.01,12,0.9434,10.68,0.6204000000000001,0.31299993124000003,2.136,7.60060024,0.01,0.0,0.0,Herbivorous fish,0.0001,0.0001,0.0099,0.0099,0.0,0.6682214,6.875999991606818e-08,-2.400000012059422e-07,0.0
266_266_Kuosheng_Bay_(1998),SE,0.01,11,0.5365,3.7,0.0,0.5365,0.7400000000000001,2.4235,0.0,0.0,0.0,Holothuroids,0.0,0.0,0.0,0.0,0.0,0.0,0.0,-4.440892098500626e-16,0.0
266_266_Kuosheng_Bay_(1998),SE,0.01,10,4.015,38.5,0.69376,3.321240051745,7.7,26.785,0.0,0.0,0.0,Crabs,0.0,0.0,0.0,0.0,0.0,0.17279201700000002,-5.174500028459761e-08,0.0,0.0
266_266_Kuosheng_Bay_(1998),SE,0.01,9,10.1875,105.95,1.574432,8.613067861375,21.19,74.5724945,0.0,0.0,0.0,Shrimp,0.0,0.0,0.0,0.0,0.0,0.15454548599999995,1.3862499947947526e-07,5.50000000032469e-06,0.0
266_266_Kuosheng_Bay_(1998),SE,0.01,8,11.8665,61.529999999999994,0.30368,11.562820007895,12.306,37.3575,0.0,0.0,0.0,Bivalves,0.0,0.0,0.0,0.0,0.0,0.025591370000000002,-7.89500020914602e-09,-7.105427357601002e-15,0.0
266_266_Kuosheng_Bay_(1998),SE,0.01,7,10.802000000000001,46.154,0.394784,10.4072160308336,9.2308,26.1211967,0.0,0.0,0.0,Gastropods,0.0,0.0,0.0,0.0,0.0,0.0365473032000001,-3.0833598785307004e-08,3.3000000030369847e-06,0.0
266_266_Kuosheng_Bay_(1998),SE,0.01,6,9.316,22.0296,1.54,7.776000127740001,4.40592,8.30768,0.0,0.0,0.0,Bernacles,0.0,0.0,0.0,0.0,0.0,0.16530698499999996,-1.2773999991111396e-07,-1.7763568394002505e-15,0.0
266_266_Kuosheng_Bay_(1998),SE,0.01,5,52.0,260.0,28.698999999999998,23.301000111999997,52.0,156.0,0.0,0.0,0.0,Infauna,0.0,0.0,0.0,0.0,0.0,0.551903844,-1.1199999505606684e-07,0.0,0.0
266_266_Kuosheng_Bay_(1998),SE,0.01,4,1372.0,3584.0,792.7720360000002,579.2279416000001,716.8000000000001,1495.2,0.0,0.0,0.0,Carnivorous zooplankton,0.0,0.0,0.0,0.0,0.0,0.5778222,2.2399999579647556e-05,-2.2737367544323206e-13,0.0
266_266_Kuosheng_Bay_(1998),SE,0.01,3,3958.5000000000005,10556.0,2739.59414,1218.90567435,2111.2000000000003,4486.3,0.0,0.0,0.0,Herbivorous zooplankton,0.0,0.0,0.0,0.0,0.0,0.6920789,0.0001856500002759276,-9.094947017729282e-13,0.0
266_266_Kuosheng_Bay_(1998),SE,0.01,2,45.64,45.64,16.207800000000002,29.4321992874,0.0,0.0,0.0,0.0,0.0,Periphyton,0.0,0.0,0.0,0.0,0.0,0.35512271500000003,7.125999985646558e-07,0.0,0.0
266_266_Kuosheng_Bay_(1998),SE,0.01,1,6664.0,6664.0,3216.527208,3447.4724592000002,0.0,0.0,0.0,0.0,0.0,Phytoplankton,0.0,0.0,0.0,0.0,0.0,0.4826722,0.0003328000002511544,0.0,0.0
266_266_Kuosheng_Bay_(1998),SC,0.02,18,-0.0,-0.0,0.0,0.0,0.0,0.0,0.0,0.0,0.0,diet_import,0.0,0.0,0.0,0.0,0.0,,-0.0,0.0,0.0
266_266_Kuosheng_Bay_(1998),SC,0.02,17,8281.162622539883,8281.162622539883,7900.977784,0.0,0.0,0.0,0.0,380.18483853988346,0.0,Detritus,0.0,0.0,0.0,0.0,0.0,1.0,0.0,0.0,0.0
266_266_Kuosheng_Bay_(1998),SC,0.02,16,0.4676,3.6400000000000006,0.15600000000000003,0.011599965022799991,0.7280000000000002,2.4444,0.3,0.0,0.0,Detritivorous fish,0.0,0.006,0.294,0.3,0.0,0.975192547,3.497720002521021e-08,4.440892098500626e-16,0.0
266_266_Kuosheng_Bay_(1998),SC,0.02,15,0.1612,1.56,0.0,0.0111999936828,0.31200000000000006,1.0868,0.15,0.0,0.0,Piscivorous fish,0.0,0.003,0.147,0.15,0.0,0.930521131,6.317200013095103e-09,0.0,0.0
266_266_Kuosheng_Bay_(1998),SC,0.02,14,1.0244,3.0368,0.48027200000000003,0.024128000519999998,0.60736,1.40503991,0.52,0.0,0.0,Benthic-feeding fish,0.0,0.010400000000000001,0.5096,0.52,0.0,0.9764467,-5.200000430249929e-10,9.000000011916143e-08,0.0
266_266_Kuosheng_Bay_(1998),SC,0.02,13,0.8256,4.32,0.5591039999999999,0.02649602042880001,0.8640000000000001,2.6303997,0.24,0.0,0.0,Zooplanktivorous fish,0.0,0.0048,0.2352,0.24,0.0,0.967906952,-2.0428799984983925e-08,2.9999999995311555e-07,0.0
266_266_Kuosheng_Bay_(1998),SC,0.02,12,0.9434,10.68,0.6204000000000001,0.31299993124000003,2.136,7.60060024,0.01,0.0,0.0,Herbivorous fish,0.0,0.0002,0.0098,0.01,0.0,0.6682214,6.875999991606818e-08,-2.400000012059422e-07,0.0
266_266_Kuosheng_Bay_(1998),SC,0.02,11,0.5365,3.7,0.0,0.5365,0.7400000000000001,2.4235,0.0,0.0,0.0,Holothuroids,0.0,0.0,0.0,0.0,0.0,0.0,0.0,-4.440892098500626e-16,0.0
266_266_Kuosheng_Bay_(1998),SC,0.02,10,4.015,38.5,0.69376,3.321240051745,7.7,26.785,0.0,0.0,0.0,Crabs,0.0,0.0,0.0,0.0,0.0,0.17279201700000002,-5.174500028459761e-08,0.0,0.0
266_266_Kuosheng_Bay_(1998),SC,0.02,9,10.1875,105.95,1.574432,8.613067861375,21.19,74.5724945,0.0,0.0,0.0,Shrimp,0.0,0.0,0.0,0.0,0.0,0.15454548599999995,1.3862499947947526e-07,5.50000000032469e-06,0.0
266_266_Kuosheng_Bay_(1998),SC,0.02,8,11.8665,61.529999999999994,0.30368,11.562820007895,12.306,37.3575,0.0,0.0,0.0,Bivalves,0.0,0.0,0.0,0.0,0.0,0.025591370000000002,-7.89500020914602e-09,-7.105427357601002e-15,0.0
266_266_Kuosheng_Bay_(1998),SC,0.02,7,10.802000000000001,46.154,0.394784,10.4072160308336,9.2308,26.1211967,0.0,0.0,0.0,Gastropods,0.0,0.0,0.0,0.0,0.0,0.0365473032000001,-3.0833598785307004e-08,3.3000000030369847e-06,0.0
266_266_Kuosheng_Bay_(1998),SC,0.02,6,9.316,22.0296,1.54,7.776000127740001,4.40592,8.30768,0.0,0.0,0.0,Bernacles,0.0,0.0,0.0,0.0,0.0,0.16530698499999996,-1.2773999991111396e-07,-1.7763568394002505e-15,0.0
266_266_Kuosheng_Bay_(1998),SC,0.02,5,52.0,260.0,28.698999999999998,23.301000111999997,52.0,156.0,0.0,0.0,0.0,Infauna,0.0,0.0,0.0,0.0,0.0,0.551903844,-1.1199999505606684e-07,0.0,0.0
266_266_Kuosheng_Bay_(1998),SC,0.02,4,1372.0,3584.0,792.7720360000002,579.2279416000001,716.8000000000001,1495.2,0.0,0.0,0.0,Carnivorous zooplankton,0.0,0.0,0.0,0.0,0.0,0.5778222,2.2399999579647556e-05,-2.2737367544323206e-13,0.0
266_266_Kuosheng_Bay_(1998),SC,0.02,3,3958.5000000000005,10556.0,2739.59414,1218.90567435,2111.2000000000003,4486.3,0.0,0.0,0.0,Herbivorous zooplankton,0.0,0.0,0.0,0.0,0.0,0.6920789,0.0001856500002759276,-9.094947017729282e-13,0.0
266_266_Kuosheng_Bay_(1998),SC,0.02,2,45.64,45.64,16.207800000000002,29.4321992874,0.0,0.0,0.0,0.0,0.0,Periphyton,0.0,0.0,0.0,0.0,0.0,0.35512271500000003,7.125999985646558e-07,0.0,0.0
266_266_Kuosheng_Bay_(1998),SC,0.02,1,6664.0,6664.0,3216.527208,3447.4724592000002,0.0,0.0,0.0,0.0,0.0,Phytoplankton,0.0,0.0,0.0,0.0,0.0,0.4826722,0.0003328000002511544,0.0,0.0
266_266_Kuosheng_Bay_(1998),SM,0.02,18,-0.0,-0.0,0.0,0.0,0.0,0.0,0.0,0.0,0.0,diet_import,0.0,0.0,0.0,0.0,0.0,,-0.0,0.0,0.0
266_266_Kuosheng_Bay_(1998),SM,0.02,17,8281.187022539883,8281.187022539883,7900.977784,0.0,0.0,0.0,0.0,380.2092385398837,0.0,Detritus,0.0,0.0,0.0,0.0,0.0,1.0,0.0,0.0,0.0
266_266_Kuosheng_Bay_(1998),SM,0.02,16,0.4676,3.6400000000000006,0.15600000000000003,0.017599965022799993,0.7280000000000002,2.4444,0.3,0.0,0.0,Detritivorous fish,0.0,0.006,0.294,0.294,0.0,0.9623610671026519,3.497720002521021e-08,4.440892098500626e-16,0.0
266_266_Kuosheng_Bay_(1998),SM,0.02,15,0.1612,1.56,0.0,0.014199993682800002,0.31200000000000006,1.0868,0.15,0.0,0.0,Piscivorous fish,0.0,0.003,0.147,0.147,0.0,0.9119107091637717,6.317200013095103e-09,0.0,0.0
266_266_Kuosheng_Bay_(1998),SM,0.02,14,1.0244,3.0368,0.48027200000000003,0.03452800052,0.60736,1.40503991,0.52,0.0,0.0,Benthic-feeding fish,0.0,0.010400000000000001,0.5096,0.5096,0.0,0.9662944157360406,-5.200000430249929e-10,9.000000011916143e-08,0.0
266_266_Kuosheng_Bay_(1998),SM,0.02,13,0.8256,4.32,0.5591039999999999,0.03129602042880001,0.8640000000000001,2.6303997,0.24,0.0,0.0,Zooplanktivorous fish,0.0,0.0048,0.2352,0.2352,0.0,0.9620929985116279,-2.0428799873961623e-08,2.9999999995311555e-07,0.0
266_266_Kuosheng_Bay_(1998),SM,0.02,12,0.9434,10.68,0.6204000000000001,0.31319993124,2.136,7.60060024,0.01,0.0,0.0,Herbivorous fish,0.0,0.0002,0.0098,0.0098,0.0,0.6680094008479966,6.875999991606818e-08,-2.400000012059422e-07,0.0
266_266_Kuosheng_Bay_(1998),SM,0.02,11,0.5365,3.7,0.0,0.5365,0.7400000000000001,2.4235,0.0,0.0,0.0,Holothuroids,0.0,0.0,0.0,0.0,0.0,0.0,0.0,-4.440892098500626e-16,0.0
266_266_Kuosheng_Bay_(1998),SM,0.02,10,4.015,38.5,0.69376,3.321240051745,7.7,26.785,0.0,0.0,0.0,Crabs,0.0,0.0,0.0,0.0,0.0,0.17279201700000002,-5.174500028459761e-08,0.0,0.0
266_266_Kuosheng_Bay_(1998),SM,0.02,9,10.1875,105.95,1.574432,8.613067861375,21.19,74.5724945,0.0,0.0,0.0,Shrimp,0.0,0.0,0.0,0.0,0.0,0.15454548599999995,1.3862499947947526e-07,5.50000000032469e-06,0.0
266_266_Kuosheng_Bay_(1998),SM,0.02,8,11.8665,61.529999999999994,0.30368,11.562820007895,12.306,37.3575,0.0,0.0,0.0,Bivalves,0.0,0.0,0.0,0.0,0.0,0.025591370000000002,-7.89500020914602e-09,-7.105427357601002e-15,0.0
266_266_Kuosheng_Bay_(1998),SM,0.02,7,10.802000000000001,46.154,0.394784,10.4072160308336,9.2308,26.1211967,0.0,0.0,0.0,Gastropods,0.0,0.0,0.0,0.0,0.0,0.0365473032000001,-3.0833598785307004e-08,3.3000000030369847e-06,0.0
266_266_Kuosheng_Bay_(1998),SM,0.02,6,9.316,22.0296,1.54,7.776000127740001,4.40592,8.30768,0.0,0.0,0.0,Bernacles,0.0,0.0,0.0,0.0,0.0,0.16530698499999996,-1.2773999991111396e-07,-1.7763568394002505e-15,0.0
266_266_Kuosheng_Bay_(1998),SM,0.02,5,52.0,260.0,28.698999999999998,23.301000111999997,52.0,156.0,0.0,0.0,0.0,Infauna,0.0,0.0,0.0,0.0,0.0,0.551903844,-1.1199999505606684e-07,0.0,0.0
266_266_Kuosheng_Bay_(1998),SM,0.02,4,1372.0,3584.0,792.7720360000002,579.2279416000001,716.8000000000001,1495.2,0.0,0.0,0.0,Carnivorous zooplankton,0.0,0.0,0.0,0.0,0.0,0.5778222,2.2399999579647556e-05,-2.2737367544323206e-13,0.0
266_266_Kuosheng_Bay_(1998),SM,0.02,3,3958.5000000000005,10556.0,2739.59414,1218.90567435,2111.2000000000003,4486.3,0.0,0.0,0.0,Herbivorous zooplankton,0.0,0.0,0.0,0.0,0.0,0.6920789,0.0001856500002759276,-9.094947017729282e-13,0.0
266_266_Kuosheng_Bay_(1998),SM,0.02,2,45.64,45.64,16.207800000000002,29.4321992874,0.0,0.0,0.0,0.0,0.0,Periphyton,0.0,0.0,0.0,0.0,0.0,0.35512271500000003,7.125999985646558e-07,0.0,0.0
266_266_Kuosheng_Bay_(1998),SM,0.02,1,6664.0,6664.0,3216.527208,3447.4724592000002,0.0,0.0,0.0,0.0,0.0,Phytoplankton,0.0,0.0,0.0,0.0,0.0,0.4826722,0.0003328000002511544,0.0,0.0
266_266_Kuosheng_Bay_(1998),SE,0.02,18,-0.0,-0.0,0.0,0.0,0.0,0.0,0.0,0.0,0.0,diet_import,0.0,0.0,0.0,0.0,0.0,,-0.0,0.0,0.0
266_266_Kuosheng_Bay_(1998),SE,0.02,17,8281.162622539883,8281.162622539883,7900.977784,0.0,0.0,0.0,0.0,380.18483853988346,0.0,Detritus,0.0,0.0,0.0,0.0,0.0,1.0,0.0,0.0,0.0
266_266_Kuosheng_Bay_(1998),SE,0.02,16,0.4676,3.6400000000000006,0.15600000000000003,0.011599965022799991,0.7280000000000002,2.4444,0.3,0.0,0.0,Detritivorous fish,0.006,0.006,0.294,0.294,0.0,0.975192547,3.497720002521021e-08,4.440892098500626e-16,0.0
266_266_Kuosheng_Bay_(1998),SE,0.02,15,0.1612,1.56,0.0,0.0111999936828,0.31200000000000006,1.0868,0.15,0.0,0.0,Piscivorous fish,0.003,0.003,0.147,0.147,0.0,0.930521131,6.317200013095103e-09,0.0,0.0
266_266_Kuosheng_Bay_(1998),SE,0.02,14,1.0244,3.0368,0.48027200000000003,0.024128000519999998,0.60736,1.40503991,0.52,0.0,0.0,Benthic-feeding fish,0.010400000000000001,0.010400000000000001,0.5096,0.5096,0.0,0.9764467,-5.200000430249929e-10,9.000000011916143e-08,0.0
266_266_Kuosheng_Bay_(1998),SE,0.02,13,0.8256,4.32,0.5591039999999999,0.02649602042880001,0.8640000000000001,2.6303997,0.24,0.0,0.0,Zooplanktivorous fish,0.0048,0.0048,0.2352,0.2352,0.0,0.967906952,-2.0428799984983925e-08,2.9999999995311555e-07,0.0
266_266_Kuosheng_Bay_(1998),SE,0.02,12,0.9434,10.68,0.6204000000000001,0.31299993124000003,2.136,7.60060024,0.01,0.0,0.0,Herbivorous fish,0.0002,0.0002,0.0098,0.0098,0.0,0.6682214,6.875999991606818e-08,-2.400000012059422e-07,0.0
266_266_Kuosheng_Bay_(1998),SE,0.02,11,0.5365,3.7,0.0,0.5365,0.7400000000000001,2.4235,0.0,0.0,0.0,Holothuroids,0.0,0.0,0.0,0.0,0.0,0.0,0.0,-4.440892098500626e-16,0.0
266_266_Kuosheng_Bay_(1998),SE,0.02,10,4.015,38.5,0.69376,3.321240051745,7.7,26.785,0.0,0.0,0.0,Crabs,0.0,0.0,0.0,0.0,0.0,0.17279201700000002,-5.174500028459761e-08,0.0,0.0
266_266_Kuosheng_Bay_(1998),SE,0.02,9,10.1875,105.95,1.574432,8.613067861375,21.19,74.5724945,0.0,0.0,0.0,Shrimp,0.0,0.0,0.0,0.0,0.0,0.15454548599999995,1.3862499947947526e-07,5.50000000032469e-06,0.0
266_266_Kuosheng_Bay_(1998),SE,0.02,8,11.8665,61.529999999999994,0.30368,11.562820007895,12.306,37.3575,0.0,0.0,0.0,Bivalves,0.0,0.0,0.0,0.0,0.0,0.025591370000000002,-7.89500020914602e-09,-7.105427357601002e-15,0.0
266_266_Kuosheng_Bay_(1998),SE,0.02,7,10.802000000000001,46.154,0.394784,10.4072160308336,9.2308,26.1211967,0.0,0.0,0.0,Gastropods,0.0,0.0,0.0,0.0,0.0,0.0365473032000001,-3.0833598785307004e-08,3.3000000030369847e-06,0.0
266_266_Kuosheng_Bay_(1998),SE,0.02,6,9.316,22.0296,1.54,7.776000127740001,4.40592,8.30768,0.0,0.0,0.0,Bernacles,0.0,0.0,0.0,0.0,0.0,0.16530698499999996,-1.2773999991111396e-07,-1.7763568394002505e-15,0.0
266_266_Kuosheng_Bay_(1998),SE,0.02,5,52.0,260.0,28.698999999999998,23.301000111999997,52.0,156.0,0.0,0.0,0.0,Infauna,0.0,0.0,0.0,0.0,0.0,0.551903844,-1.1199999505606684e-07,0.0,0.0
266_266_Kuosheng_Bay_(1998),SE,0.02,4,1372.0,3584.0,792.7720360000002,579.2279416000001,716.8000000000001,1495.2,0.0,0.0,0.0,Carnivorous zooplankton,0.0,0.0,0.0,0.0,0.0,0.5778222,2.2399999579647556e-05,-2.2737367544323206e-13,0.0
266_266_Kuosheng_Bay_(1998),SE,0.02,3,3958.5000000000005,10556.0,2739.59414,1218.90567435,2111.2000000000003,4486.3,0.0,0.0,0.0,Herbivorous zooplankton,0.0,0.0,0.0,0.0,0.0,0.6920789,0.0001856500002759276,-9.094947017729282e-13,0.0
266_266_Kuosheng_Bay_(1998),SE,0.02,2,45.64,45.64,16.207800000000002,29.4321992874,0.0,0.0,0.0,0.0,0.0,Periphyton,0.0,0.0,0.0,0.0,0.0,0.35512271500000003,7.125999985646558e-07,0.0,0.0
266_266_Kuosheng_Bay_(1998),SE,0.02,1,6664.0,6664.0,3216.527208,3447.4724592000002,0.0,0.0,0.0,0.0,0.0,Phytoplankton,0.0,0.0,0.0,0.0,0.0,0.4826722,0.0003328000002511544,0.0,0.0
266_266_Kuosheng_Bay_(1998),SC,0.03,18,-0.0,-0.0,0.0,0.0,0.0,0.0,0.0,0.0,0.0,diet_import,0.0,0.0,0.0,0.0,0.0,,-0.0,0.0,0.0
266_266_Kuosheng_Bay_(1998),SC,0.03,17,8281.162622539883,8281.162622539883,7900.977784,0.0,0.0,0.0,0.0,380.18483853988346,0.0,Detritus,0.0,0.0,0.0,0.0,0.0,1.0,0.0,0.0,0.0
266_266_Kuosheng_Bay_(1998),SC,0.03,16,0.4676,3.6400000000000006,0.15600000000000003,0.011599965022799991,0.7280000000000002,2.4444,0.3,0.0,0.0,Detritivorous fish,0.0,0.009,0.291,0.3,0.0,0.975192547,3.497720002521021e-08,4.440892098500626e-16,0.0
266_266_Kuosheng_Bay_(1998),SC,0.03,15,0.1612,1.56,0.0,0.0111999936828,0.31200000000000006,1.0868,0.15,0.0,0.0,Piscivorous fish,0.0,0.0045,0.1455,0.15,0.0,0.930521131,6.317200013095103e-09,0.0,0.0
266_266_Kuosheng_Bay_(1998),SC,0.03,14,1.0244,3.0368,0.48027200000000003,0.024128000519999998,0.60736,1.40503991,0.52,0.0,0.0,Benthic-feeding fish,0.0,0.0156,0.5044,0.52,0.0,0.9764467,-5.200000430249929e-10,9.000000011916143e-08,0.0
266_266_Kuosheng_Bay_(1998),SC,0.03,13,0.8256,4.32,0.5591039999999999,0.02649602042880001,0.8640000000000001,2.6303997,0.24,0.0,0.0,Zooplanktivorous fish,0.0,0.0072,0.23279999999999998,0.24,0.0,0.967906952,-2.0428799984983925e-08,2.9999999995311555e-07,0.0
266_266_Kuosheng_Bay_(1998),SC,0.03,12,0.9434,10.68,0.6204000000000001,0.31299993124000003,2.136,7.60060024,0.01,0.0,0.0,Herbivorous fish,0.0,0.0003,0.0097,0.01,0.0,0.6682214,6.875999991606818e-08,-2.400000012059422e-07,0.0
266_266_Kuosheng_Bay_(1998),SC,0.03,11,0.5365,3.7,0.0,0.5365,0.7400000000000001,2.4235,0.0,0.0,0.0,Holothuroids,0.0,0.0,0.0,0.0,0.0,0.0,0.0,-4.440892098500626e-16,0.0
266_266_Kuosheng_Bay_(1998),SC,0.03,10,4.015,38.5,0.69376,3.321240051745,7.7,26.785,0.0,0.0,0.0,Crabs,0.0,0.0,0.0,0.0,0.0,0.17279201700000002,-5.174500028459761e-08,0.0,0.0
266_266_Kuosheng_Bay_(1998),SC,0.03,9,10.1875,105.95,1.574432,8.613067861375,21.19,74.5724945,0.0,0.0,0.0,Shrimp,0.0,0.0,0.0,0.0,0.0,0.15454548599999995,1.3862499947947526e-07,5.50000000032469e-06,0.0
266_266_Kuosheng_Bay_(1998),SC,0.03,8,11.8665,61.529999999999994,0.30368,11.562820007895,12.306,37.3575,0.0,0.0,0.0,Bivalves,0.0,0.0,0.0,0.0,0.0,0.025591370000000002,-7.89500020914602e-09,-7.105427357601002e-15,0.0
266_266_Kuosheng_Bay_(1998),SC,0.03,7,10.802000000000001,46.154,0.394784,10.4072160308336,9.2308,26.1211967,0.0,0.0,0.0,Gastropods,0.0,0.0,0.0,0.0,0.0,0.0365473032000001,-3.0833598785307004e-08,3.3000000030369847e-06,0.0
266_266_Kuosheng_Bay_(1998),SC,0.03,6,9.316,22.0296,1.54,7.776000127740001,4.40592,8.30768,0.0,0.0,0.0,Bernacles,0.0,0.0,0.0,0.0,0.0,0.16530698499999996,-1.2773999991111396e-07,-1.7763568394002505e-15,0.0
266_266_Kuosheng_Bay_(1998),SC,0.03,5,52.0,260.0,28.698999999999998,23.301000111999997,52.0,156.0,0.0,0.0,0.0,Infauna,0.0,0.0,0.0,0.0,0.0,0.551903844,-1.1199999505606684e-07,0.0,0.0
266_266_Kuosheng_Bay_(1998),SC,0.03,4,1372.0,3584.0,792.7720360000002,579.2279416000001,716.8000000000001,1495.2,0.0,0.0,0.0,Carnivorous zooplankton,0.0,0.0,0.0,0.0,0.0,0.5778222,2.2399999579647556e-05,-2.2737367544323206e-13,0.0
266_266_Kuosheng_Bay_(1998),SC,0.03,3,3958.5000000000005,10556.0,2739.59414,1218.90567435,2111.2000000000003,4486.3,0.0,0.0,0.0,Herbivorous zooplankton,0.0,0.0,0.0,0.0,0.0,0.6920789,0.0001856500002759276,-9.094947017729282e-13,0.0
266_266_Kuosheng_Bay_(1998),SC,0.03,2,45.64,45.64,16.207800000000002,29.4321992874,0.0,0.0,0.0,0.0,0.0,Periphyton,0.0,0.0,0.0,0.0,0.0,0.35512271500000003,7.125999985646558e-07,0.0,0.0
266_266_Kuosheng_Bay_(1998),SC,0.03,1,6664.0,6664.0,3216.527208,3447.4724592000002,0.0,0.0,0.0,0.0,0.0,Phytoplankton,0.0,0.0,0.0,0.0,0.0,0.4826722,0.0003328000002511544,0.0,0.0
266_266_Kuosheng_Bay_(1998),SM,0.03,18,-0.0,-0.0,0.0,0.0,0.0,0.0,0.0,0.0,0.0,diet_import,0.0,0.0,0.0,0.0,0.0,,-0.0,0.0,0.0
266_266_Kuosheng_Bay_(1998),SM,0.03,17,8281.199222539883,8281.199222539883,7900.977784,0.0,0.0,0.0,0.0,380.2214385398829,0.0,Detritus,0.0,0.0,0.0,0.0,0.0,1.0,0.0,0.0,0.0
266_266_Kuosheng_Bay_(1998),SM,0.03,16,0.4676,3.6400000000000006,0.15600000000000003,0.02059996502279999,0.7280000000000002,2.4444,0.3,0.0,0.0,Detritivorous fish,0.0,0.009,0.291,0.291,0.0,0.9559453271539777,3.497720002521021e-08,4.440892098500626e-16,0.0
266_266_Kuosheng_Bay_(1998),SM,0.03,15,0.1612,1.56,0.0,0.0156999936828,0.31200000000000006,1.0868,0.15,0.0,0.0,Piscivorous fish,0.0,0.0045,0.1455,0.1455,0.0,0.9026054982456576,6.317200013095103e-09,0.0,0.0
266_266_Kuosheng_Bay_(1998),SM,0.03,14,1.0244,3.0368,0.48027200000000003,0.03972800052,0.60736,1.40503991,0.52,0.0,0.0,Benthic-feeding fish,0.0,0.0156,0.5044,0.5044,0.0,0.9612182736040609,-5.200000430249929e-10,9.000000011916143e-08,0.0
266_266_Kuosheng_Bay_(1998),SM,0.03,13,0.8256,4.32,0.5591039999999999,0.03369602042880001,0.8640000000000001,2.6303997,0.24,0.0,0.0,Zooplanktivorous fish,0.0,0.0072,0.23279999999999998,0.23279999999999998,0.0,0.9591860217674418,-2.0428799984983925e-08,2.9999999995311555e-07,0.0
266_266_Kuosheng_Bay_(1998),SM,0.03,12,0.9434,10.68,0.6204000000000001,0.31329993124000005,2.136,7.60060024,0.01,0.0,0.0,Herbivorous fish,0.0,0.0003,0.0097,0.0097,0.0,0.6679034012719949,6.875999991606818e-08,-2.400000012059422e-07,0.0
266_266_Kuosheng_Bay_(1998),SM,0.03,11,0.5365,3.7,0.0,0.5365,0.7400000000000001,2.4235,0.0,0.0,0.0,Holothuroids,0.0,0.0,0.0,0.0,0.0,0.0,0.0,-4.440892098500626e-16,0.0
266_266_Kuosheng_Bay_(1998),SM,0.03,10,4.015,38.5,0.69376,3.321240051745,7.7,26.785,0.0,0.0,0.0,Crabs,0.0,0.0,0.0,0.0,0.0,0.17279201700000002,-5.174500028459761e-08,0.0,0.0
266_266_Kuosheng_Bay_(1998),SM,0.03,9,10.1875,105.95,1.574432,8.613067861375,21.19,74.5724945,0.0,0.0,0.0,Shrimp,0.0,0.0,0.0,0.0,0.0,0.15454548599999995,1.3862499947947526e-07,5.50000000032469e-06,0.0
266_266_Kuosheng_Bay_(1998),SM,0.03,8,11.8665,61.529999999999994,0.30368,11.562820007895,12.306,37.3575,0.0,0.0,0.0,Bivalves,0.0,0.0,0.0,0.0,0.0,0.025591370000000002,-7.89500020914602e-09,-7.105427357601002e-15,0.0
266_266_Kuosheng_Bay_(1998),SM,0.03,7,10.802000000000001,46.154,0.394784,10.4072160308336,9.2308,26.1211967,0.0,0.0,0.0,Gastropods,0.0,0.0,0.0,0.0,0.0,0.0365473032000001,-3.0833598785307004e-08,3.3000000030369847e-06,0.0
266_266_Kuosheng_Bay_(1998),SM,0.03,6,9.316,22.0296,1.54,7.776000127740001,4.40592,8.30768,0.0,0.0,0.0,Bernacles,0.0,0.0,0.0,0.0,0.0,0.16530698499999996,-1.2773999991111396e-07,-1.7763568394002505e-15,0.0
266_266_Kuosheng_Bay_(1998),SM,0.03,5,52.0,260.0,28.698999999999998,23.301000111999997,52.0,156.0,0.0,0.0,0.0,Infauna,0.0,0.0,0.0,0.0,0.0,0.551903844,-1.1199999505606684e-07,0.0,0.0
266_266_Kuosheng_Bay_(1998),SM,0.03,4,1372.0,3584.0,792.7720360000002,579.2279416000001,716.8000000000001,1495.2,0.0,0.0,0.0,Carnivorous zooplankton,0.0,0.0,0.0,0.0,0.0,0.5778222,2.2399999579647556e-05,-2.2737367544323206e-13,0.0
266_266_Kuosheng_Bay_(1998),SM,0.03,3,3958.5000000000005,10556.0,2739.59414,1218.90567435,2111.2000000000003,4486.3,0.0,0.0,0.0,Herbivorous zooplankton,0.0,0.0,0.0,0.0,0.0,0.6920789,0.0001856500002759276,-9.094947017729282e-13,0.0
266_266_Kuosheng_Bay_(1998),SM,0.03,2,45.64,45.64,16.207800000000002,29.4321992874,0.0,0.0,0.0,0.0,0.0,Periphyton,0.0,0.0,0.0,0.0,0.0,0.35512271500000003,7.125999985646558e-07,0.0,0.0
266_266_Kuosheng_Bay_(1998),SM,0.03,1,6664.0,6664.0,3216.527208,3447.4724592000002,0.0,0.0,0.0,0.0,0.0,Phytoplankton,0.0,0.0,0.0,0.0,0.0,0.4826722,0.0003328000002511544,0.0,0.0
266_266_Kuosheng_Bay_(1998),SE,0.03,18,-0.0,-0.0,0.0,0.0,0.0,0.0,0.0,0.0,0.0,diet_import,0.0,0.0,0.0,0.0,0.0,,-0.0,0.0,0.0
266_266_Kuosheng_Bay_(1998),SE,0.03,17,8281.162622539883,8281.162622539883,7900.977784,0.0,0.0,0.0,0.0,380.18483853988346,0.0,Detritus,0.0,0.0,0.0,0.0,0.0,1.0,0.0,0.0,0.0
266_266_Kuosheng_Bay_(1998),SE,0.03,16,0.4676,3.6400000000000006,0.15600000000000003,0.011599965022799991,0.7280000000000002,2.4444,0.3,0.0,0.0,Detritivorous fish,0.009,0.009,0.291,0.291,0.0,0.975192547,3.497720002521021e-08,4.440892098500626e-16,0.0
266_266_Kuosheng_Bay_(1998),SE,0.03,15,0.1612,1.56,0.0,0.0111999936828,0.31200000000000006,1.0868,0.15,0.0,0.0,Piscivorous fish,0.0045,0.0045,0.1455,0.1455,0.0,0.930521131,6.317200013095103e-09,0.0,0.0
266_266_Kuosheng_Bay_(1998),SE,0.03,14,1.0244,3.0368,0.48027200000000003,0.024128000519999998,0.60736,1.40503991,0.52,0.0,0.0,Benthic-feeding fish,0.0156,0.0156,0.5044,0.5044,0.0,0.9764467,-5.200000430249929e-10,9.000000011916143e-08,0.0
266_266_Kuosheng_Bay_(1998),SE,0.03,13,0.8256,4.32,0.5591039999999999,0.02649602042880001,0.8640000000000001,2.6303997,0.24,0.0,0.0,Zooplanktivorous fish,0.0072,0.0072,0.23279999999999998,0.23279999999999998,0.0,0.967906952,-2.0428799984983925e-08,2.9999999995311555e-07,0.0
266_266_Kuosheng_Bay_(1998),SE,0.03,12,0.9434,10.68,0.6204000000000001,0.31299993124000003,2.136,7.60060024,0.01,0.0,0.0,Herbivorous fish,0.0003,0.0003,0.0097,0.0097,0.0,0.6682214,6.875999991606818e-08,-2.400000012059422e-07,0.0
266_266_Kuosheng_Bay_(1998),SE,0.03,11,0.5365,3.7,0.0,0.5365,0.7400000000000001,2.4235,0.0,0.0,0.0,Holothuroids,0.0,0.0,0.0,0.0,0.0,0.0,0.0,-4.440892098500626e-16,0.0
266_266_Kuosheng_Bay_(1998),SE,0.03,10,4.015,38.5,0.69376,3.321240051745,7.7,26.785,0.0,0.0,0.0,Crabs,0.0,0.0,0.0,0.0,0.0,0.17279201700000002,-5.174500028459761e-08,0.0,0.0
266_266_Kuosheng_Bay_(1998),SE,0.03,9,10.1875,105.95,1.574432,8.613067861375,21.19,74.5724945,0.0,0.0,0.0,Shrimp,0.0,0.0,0.0,0.0,0.0,0.15454548599999995,1.3862499947947526e-07,5.50000000032469e-06,0.0
266_266_Kuosheng_Bay_(1998),SE,0.03,8,11.8665,61.529999999999994,0.30368,11.562820007895,12.306,37.3575,0.0,0.0,0.0,Bivalves,0.0,0.0,0.0,0.0,0.0,0.025591370000000002,-7.89500020914602e-09,-7.105427357601002e-15,0.0
266_266_Kuosheng_Bay_(1998),SE,0.03,7,10.802000000000001,46.154,0.394784,10.4072160308336,9.2308,26.1211967,0.0,0.0,0.0,Gastropods,0.0,0.0,0.0,0.0,0.0,0.0365473032000001,-3.0833598785307004e-08,3.3000000030369847e-06,0.0
266_266_Kuosheng_Bay_(1998),SE,0.03,6,9.316,22.0296,1.54,7.776000127740001,4.40592,8.30768,0.0,0.0,0.0,Bernacles,0.0,0.0,0.0,0.0,0.0,0.16530698499999996,-1.2773999991111396e-07,-1.7763568394002505e-15,0.0
266_266_Kuosheng_Bay_(1998),SE,0.03,5,52.0,260.0,28.698999999999998,23.301000111999997,52.0,156.0,0.0,0.0,0.0,Infauna,0.0,0.0,0.0,0.0,0.0,0.551903844,-1.1199999505606684e-07,0.0,0.0
266_266_Kuosheng_Bay_(1998),SE,0.03,4,1372.0,3584.0,792.7720360000002,579.2279416000001,716.8000000000001,1495.2,0.0,0.0,0.0,Carnivorous zooplankton,0.0,0.0,0.0,0.0,0.0,0.5778222,2.2399999579647556e-05,-2.2737367544323206e-13,0.0
266_266_Kuosheng_Bay_(1998),SE,0.03,3,3958.5000000000005,10556.0,2739.59414,1218.90567435,2111.2000000000003,4486.3,0.0,0.0,0.0,Herbivorous zooplankton,0.0,0.0,0.0,0.0,0.0,0.6920789,0.0001856500002759276,-9.094947017729282e-13,0.0
266_266_Kuosheng_Bay_(1998),SE,0.03,2,45.64,45.64,16.207800000000002,29.4321992874,0.0,0.0,0.0,0.0,0.0,Periphyton,0.0,0.0,0.0,0.0,0.0,0.35512271500000003,7.125999985646558e-07,0.0,0.0
266_266_Kuosheng_Bay_(1998),SE,0.03,1,6664.0,6664.0,3216.527208,3447.4724592000002,0.0,0.0,0.0,0.0,0.0,Phytoplankton,0.0,0.0,0.0,0.0,0.0,0.4826722,0.0003328000002511544,0.0,0.0
266_266_Kuosheng_Bay_(1998),SC,0.04,18,-0.0,-0.0,0.0,0.0,0.0,0.0,0.0,0.0,0.0,diet_import,0.0,0.0,0.0,0.0,0.0,,-0.0,0.0,0.0
266_266_Kuosheng_Bay_(1998),SC,0.04,17,8281.162622539883,8281.162622539883,7900.977784,0.0,0.0,0.0,0.0,380.18483853988346,0.0,Detritus,0.0,0.0,0.0,0.0,0.0,1.0,0.0,0.0,0.0
266_266_Kuosheng_Bay_(1998),SC,0.04,16,0.4676,3.6400000000000006,0.15600000000000003,0.011599965022799991,0.7280000000000002,2.4444,0.3,0.0,0.0,Detritivorous fish,0.0,0.012,0.288,0.3,0.0,0.975192547,3.497720002521021e-08,4.440892098500626e-16,0.0
266_266_Kuosheng_Bay_(1998),SC,0.04,15,0.1612,1.56,0.0,0.0111999936828,0.31200000000000006,1.0868,0.15,0.0,0.0,Piscivorous fish,0.0,0.006,0.144,0.15,0.0,0.930521131,6.317200013095103e-09,0.0,0.0
266_266_Kuosheng_Bay_(1998),SC,0.04,14,1.0244,3.0368,0.48027200000000003,0.024128000519999998,0.60736,1.40503991,0.52,0.0,0.0,Benthic-feeding fish,0.0,0.020800000000000003,0.4992,0.52,0.0,0.9764467,-5.200000430249929e-10,9.000000011916143e-08,0.0
266_266_Kuosheng_Bay_(1998),SC,0.04,13,0.8256,4.32,0.5591039999999999,0.02649602042880001,0.8640000000000001,2.6303997,0.24,0.0,0.0,Zooplanktivorous fish,0.0,0.0096,0.2304,0.24,0.0,0.967906952,-2.0428799984983925e-08,2.9999999995311555e-07,0.0
266_266_Kuosheng_Bay_(1998),SC,0.04,12,0.9434,10.68,0.6204000000000001,0.31299993124000003,2.136,7.60060024,0.01,0.0,0.0,Herbivorous fish,0.0,0.0004,0.0096,0.01,0.0,0.6682214,6.875999991606818e-08,-2.400000012059422e-07,0.0
266_266_Kuosheng_Bay_(1998),SC,0.04,11,0.5365,3.7,0.0,0.5365,0.7400000000000001,2.4235,0.0,0.0,0.0,Holothuroids,0.0,0.0,0.0,0.0,0.0,0.0,0.0,-4.440892098500626e-16,0.0
266_266_Kuosheng_Bay_(1998),SC,0.04,10,4.015,38.5,0.69376,3.321240051745,7.7,26.785,0.0,0.0,0.0,Crabs,0.0,0.0,0.0,0.0,0.0,0.17279201700000002,-5.174500028459761e-08,0.0,0.0
266_266_Kuosheng_Bay_(1998),SC,0.04,9,10.1875,105.95,1.574432,8.613067861375,21.19,74.5724945,0.0,0.0,0.0,Shrimp,0.0,0.0,0.0,0.0,0.0,0.15454548599999995,1.3862499947947526e-07,5.50000000032469e-06,0.0
266_266_Kuosheng_Bay_(1998),SC,0.04,8,11.8665,61.529999999999994,0.30368,11.562820007895,12.306,37.3575,0.0,0.0,0.0,Bivalves,0.0,0.0,0.0,0.0,0.0,0.025591370000000002,-7.89500020914602e-09,-7.105427357601002e-15,0.0
266_266_Kuosheng_Bay_(1998),SC,0.04,7,10.802000000000001,46.154,0.394784,10.4072160308336,9.2308,26.1211967,0.0,0.0,0.0,Gastropods,0.0,0.0,0.0,0.0,0.0,0.0365473032000001,-3.0833598785307004e-08,3.3000000030369847e-06,0.0
266_266_Kuosheng_Bay_(1998),SC,0.04,6,9.316,22.0296,1.54,7.776000127740001,4.40592,8.30768,0.0,0.0,0.0,Bernacles,0.0,0.0,0.0,0.0,0.0,0.16530698499999996,-1.2773999991111396e-07,-1.7763568394002505e-15,0.0
266_266_Kuosheng_Bay_(1998),SC,0.04,5,52.0,260.0,28.698999999999998,23.301000111999997,52.0,156.0,0.0,0.0,0.0,Infauna,0.0,0.0,0.0,0.0,0.0,0.551903844,-1.1199999505606684e-07,0.0,0.0
266_266_Kuosheng_Bay_(1998),SC,0.04,4,1372.0,3584.0,792.7720360000002,579.2279416000001,716.8000000000001,1495.2,0.0,0.0,0.0,Carnivorous zooplankton,0.0,0.0,0.0,0.0,0.0,0.5778222,2.2399999579647556e-05,-2.2737367544323206e-13,0.0
266_266_Kuosheng_Bay_(1998),SC,0.04,3,3958.5000000000005,10556.0,2739.59414,1218.90567435,2111.2000000000003,4486.3,0.0,0.0,0.0,Herbivorous zooplankton,0.0,0.0,0.0,0.0,0.0,0.6920789,0.0001856500002759276,-9.094947017729282e-13,0.0
266_266_Kuosheng_Bay_(1998),SC,0.04,2,45.64,45.64,16.207800000000002,29.4321992874,0.0,0.0,0.0,0.0,0.0,Periphyton,0.0,0.0,0.0,0.0,0.0,0.35512271500000003,7.125999985646558e-07,0.0,0.0
266_266_Kuosheng_Bay_(1998),SC,0.04,1,6664.0,6664.0,3216.527208,3447.4724592000002,0.0,0.0,0.0,0.0,0.0,Phytoplankton,0.0,0.0,0.0,0.0,0.0,0.4826722,0.0003328000002511544,0.0,0.0
266_266_Kuosheng_Bay_(1998),SM,0.04,18,-0.0,-0.0,0.0,0.0,0.0,0.0,0.0,0.0,0.0,diet_import,0.0,0.0,0.0,0.0,0.0,,-0.0,0.0,0.0
266_266_Kuosheng_Bay_(1998),SM,0.04,17,8281.211422539884,8281.211422539884,7900.977784,0.0,0.0,0.0,0.0,380.23363853988394,0.0,Detritus,0.0,0.0,0.0,0.0,0.0,1.0,0.0,0.0,0.0
266_266_Kuosheng_Bay_(1998),SM,0.04,16,0.4676,3.6400000000000006,0.15600000000000003,0.02359996502279999,0.7280000000000002,2.4444,0.3,0.0,0.0,Detritivorous fish,0.0,0.012,0.288,0.288,0.0,0.9495295872053037,3.497720002521021e-08,4.440892098500626e-16,0.0
266_266_Kuosheng_Bay_(1998),SM,0.04,15,0.1612,1.56,0.0,0.0171999936828,0.31200000000000006,1.0868,0.15,0.0,0.0,Piscivorous fish,0.0,0.006,0.144,0.144,0.0,0.8933002873275434,6.317200013095103e-09,0.0,0.0
266_266_Kuosheng_Bay_(1998),SM,0.04,14,1.0244,3.0368,0.48027200000000003,0.04492800052,0.60736,1.40503991,0.52,0.0,0.0,Benthic-feeding fish,0.0,0.020800000000000003,0.4992,0.4992,0.0,0.9561421314720813,-5.200000430249929e-10,9.000000011916143e-08,0.0
266_266_Kuosheng_Bay_(1998),SM,0.04,13,0.8256,4.32,0.5591039999999999,0.03609602042880001,0.8640000000000001,2.6303997,0.24,0.0,0.0,Zooplanktivorous fish,0.0,0.0096,0.2304,0.2304,0.0,0.9562790450232558,-2.0428799873961623e-08,2.9999999995311555e-07,0.0
266_266_Kuosheng_Bay_(1998),SM,0.04,12,0.9434,10.68,0.6204000000000001,0.31339993124000004,2.136,7.60060024,0.01,0.0,0.0,Herbivorous fish,0.0,0.0004,0.0096,0.0096,0.0,0.6677974016959931,6.875999991606818e-08,-2.400000012059422e-07,0.0
266_266_Kuosheng_Bay_(1998),SM,0.04,11,0.5365,3.7,0.0,0.5365,0.7400000000000001,2.4235,0.0,0.0,0.0,Holothuroids,0.0,0.0,0.0,0.0,0.0,0.0,0.0,-4.440892098500626e-16,0.0
266_266_Kuosheng_Bay_(1998),SM,0.04,10,4.015,38.5,0.69376,3.321240051745,7.7,26.785,0.0,0.0,0.0,Crabs,0.0,0.0,0.0,0.0,0.0,0.17279201700000002,-5.174500028459761e-08,0.0,0.0
266_266_Kuosheng_Bay_(1998),SM,0.04,9,10.1875,105.95,1.574432,8.613067861375,21.19,74.5724945,0.0,0.0,0.0,Shrimp,0.0,0.0,0.0,0.0,0.0,0.15454548599999995,1.3862499947947526e-07,5.50000000032469e-06,0.0
266_266_Kuosheng_Bay_(1998),SM,0.04,8,11.8665,61.529999999999994,0.30368,11.562820007895,12.306,37.3575,0.0,0.0,0.0,Bivalves,0.0,0.0,0.0,0.0,0.0,0.025591370000000002,-7.89500020914602e-09,-7.105427357601002e-15,0.0
266_266_Kuosheng_Bay_(1998),SM,0.04,7,10.802000000000001,46.154,0.394784,10.4072160308336,9.2308,26.1211967,0.0,0.0,0.0,Gastropods,0.0,0.0,0.0,0.0,0.0,0.0365473032000001,-3.0833598785307004e-08,3.3000000030369847e-06,0.0
266_266_Kuosheng_Bay_(1998),SM,0.04,6,9.316,22.0296,1.54,7.776000127740001,4.40592,8.30768,0.0,0.0,0.0,Bernacles,0.0,0.0,0.0,0.0,0.0,0.16530698499999996,-1.2773999991111396e-07,-1.7763568394002505e-15,0.0
266_266_Kuosheng_Bay_(1998),SM,0.04,5,52.0,260.0,28.698999999999998,23.301000111999997,52.0,156.0,0.0,0.0,0.0,Infauna,0.0,0.0,0.0,0.0,0.0,0.551903844,-1.1199999505606684e-07,0.0,0.0
266_266_Kuosheng_Bay_(1998),SM,0.04,4,1372.0,3584.0,792.7720360000002,579.2279416000001,716.8000000000001,1495.2,0.0,0.0,0.0,Carnivorous zooplankton,0.0,0.0,0.0,0.0,0.0,0.5778222,2.2399999579647556e-05,-2.2737367544323206e-13,0.0
266_266_Kuosheng_Bay_(1998),SM,0.04,3,3958.5000000000005,10556.0,2739.59414,1218.90567435,2111.2000000000003,4486.3,0.0,0.0,0.0,Herbivorous zooplankton,0.0,0.0,0.0,0.0,0.0,0.6920789,0.0001856500002759276,-9.094947017729282e-13,0.0
266_266_Kuosheng_Bay_(1998),SM,0.04,2,45.64,45.64,16.207800000000002,29.4321992874,0.0,0.0,0.0,0.0,0.0,Periphyton,0.0,0.0,0.0,0.0,0.0,0.35512271500000003,7.125999985646558e-07,0.0,0.0
266_266_Kuosheng_Bay_(1998),SM,0.04,1,6664.0,6664.0,3216.527208,3447.4724592000002,0.0,0.0,0.0,0.0,0.0,Phytoplankton,0.0,0.0,0.0,0.0,0.0,0.4826722,0.0003328000002511544,0.0,0.0
266_266_Kuosheng_Bay_(1998),SE,0.04,18,-0.0,-0.0,0.0,0.0,0.0,0.0,0.0,0.0,0.0,diet_import,0.0,0.0,0.0,0.0,0.0,,-0.0,0.0,0.0
266_266_Kuosheng_Bay_(1998),SE,0.04,17,8281.162622539883,8281.162622539883,7900.977784,0.0,0.0,0.0,0.0,380.18483853988346,0.0,Detritus,0.0,0.0,0.0,0.0,0.0,1.0,0.0,0.0,0.0
266_266_Kuosheng_Bay_(1998),SE,0.04,16,0.4676,3.6400000000000006,0.15600000000000003,0.011599965022799991,0.7280000000000002,2.4444,0.3,0.0,0.0,Detritivorous fish,0.012,0.012,0.288,0.288,0.0,0.975192547,3.497720002521021e-08,4.440892098500626e-16,0.0
266_266_Kuosheng_Bay_(1998),SE,0.04,15,0.1612,1.56,0.0,0.0111999936828,0.31200000000000006,1.0868,0.15,0.0,0.0,Piscivorous fish,0.006,0.006,0.144,0.144,0.0,0.930521131,6.317200013095103e-09,0.0,0.0
266_266_Kuosheng_Bay_(1998),SE,0.04,14,1.0244,3.0368,0.48027200000000003,0.024128000519999998,0.60736,1.40503991,0.52,0.0,0.0,Benthic-feeding fish,0.020800000000000003,0.020800000000000003,0.4992,0.4992,0.0,0.9764467,-5.200000430249929e-10,9.000000011916143e-08,0.0
266_266_Kuosheng_Bay_(1998),SE,0.04,13,0.8256,4.32,0.5591039999999999,0.02649602042880001,0.8640000000000001,2.6303997,0.24,0.0,0.0,Zooplanktivorous fish,0.0096,0.0096,0.2304,0.2304,0.0,0.967906952,-2.0428800096006228e-08,2.9999999995311555e-07,0.0
266_266_Kuosheng_Bay_(1998),SE,0.04,12,0.9434,10.68,0.6204000000000001,0.31299993124000003,2.136,7.60060024,0.01,0.0,0.0,Herbivorous fish,0.0004,0.0004,0.0096,0.0096,0.0,0.6682214,6.875999991606818e-08,-2.400000012059422e-07,0.0
266_266_Kuosheng_Bay_(1998),SE,0.04,11,0.5365,3.7,0.0,0.5365,0.7400000000000001,2.4235,0.0,0.0,0.0,Holothuroids,0.0,0.0,0.0,0.0,0.0,0.0,0.0,-4.440892098500626e-16,0.0
266_266_Kuosheng_Bay_(1998),SE,0.04,10,4.015,38.5,0.69376,3.321240051745,7.7,26.785,0.0,0.0,0.0,Crabs,0.0,0.0,0.0,0.0,0.0,0.17279201700000002,-5.174500028459761e-08,0.0,0.0
266_266_Kuosheng_Bay_(1998),SE,0.04,9,10.1875,105.95,1.574432,8.613067861375,21.19,74.5724945,0.0,0.0,0.0,Shrimp,0.0,0.0,0.0,0.0,0.0,0.15454548599999995,1.3862499947947526e-07,5.50000000032469e-06,0.0
266_266_Kuosheng_Bay_(1998),SE,0.04,8,11.8665,61.529999999999994,0.30368,11.562820007895,12.306,37.3575,0.0,0.0,0.0,Bivalves,0.0,0.0,0.0,0.0,0.0,0.025591370000000002,-7.89500020914602e-09,-7.105427357601002e-15,0.0
266_266_Kuosheng_Bay_(1998),SE,0.04,7,10.802000000000001,46.154,0.394784,10.4072160308336,9.2308,26.1211967,0.0,0.0,0.0,Gastropods,0.0,0.0,0.0,0.0,0.0,0.0365473032000001,-3.0833598785307004e-08,3.3000000030369847e-06,0.0
266_266_Kuosheng_Bay_(1998),SE,0.04,6,9.316,22.0296,1.54,7.776000127740001,4.40592,8.30768,0.0,0.0,0.0,Bernacles,0.0,0.0,0.0,0.0,0.0,0.16530698499999996,-1.2773999991111396e-07,-1.7763568394002505e-15,0.0
266_266_Kuosheng_Bay_(1998),SE,0.04,5,52.0,260.0,28.698999999999998,23.301000111999997,52.0,156.0,0.0,0.0,0.0,Infauna,0.0,0.0,0.0,0.0,0.0,0.551903844,-1.1199999505606684e-07,0.0,0.0
266_266_Kuosheng_Bay_(1998),SE,0.04,4,1372.0,3584.0,792.7720360000002,579.2279416000001,716.8000000000001,1495.2,0.0,0.0,0.0,Carnivorous zooplankton,0.0,0.0,0.0,0.0,0.0,0.5778222,2.2399999579647556e-05,-2.2737367544323206e-13,0.0
266_266_Kuosheng_Bay_(1998),SE,0.04,3,3958.5000000000005,10556.0,2739.59414,1218.90567435,2111.2000000000003,4486.3,0.0,0.0,0.0,Herbivorous zooplankton,0.0,0.0,0.0,0.0,0.0,0.6920789,0.0001856500002759276,-9.094947017729282e-13,0.0
266_266_Kuosheng_Bay_(1998),SE,0.04,2,45.64,45.64,16.207800000000002,29.4321992874,0.0,0.0,0.0,0.0,0.0,Periphyton,0.0,0.0,0.0,0.0,0.0,0.35512271500000003,7.125999985646558e-07,0.0,0.0
266_266_Kuosheng_Bay_(1998),SE,0.04,1,6664.0,6664.0,3216.527208,3447.4724592000002,0.0,0.0,0.0,0.0,0.0,Phytoplankton,0.0,0.0,0.0,0.0,0.0,0.4826722,0.0003328000002511544,0.0,0.0
266_266_Kuosheng_Bay_(1998),SC,0.05,18,-0.0,-0.0,0.0,0.0,0.0,0.0,0.0,0.0,0.0,diet_import,0.0,0.0,0.0,0.0,0.0,,-0.0,0.0,0.0
266_266_Kuosheng_Bay_(1998),SC,0.05,17,8281.162622539883,8281.162622539883,7900.977784,0.0,0.0,0.0,0.0,380.18483853988346,0.0,Detritus,0.0,0.0,0.0,0.0,0.0,1.0,0.0,0.0,0.0
266_266_Kuosheng_Bay_(1998),SC,0.05,16,0.4676,3.6400000000000006,0.15600000000000003,0.011599965022799991,0.7280000000000002,2.4444,0.3,0.0,0.0,Detritivorous fish,0.0,0.015,0.285,0.3,0.0,0.975192547,3.497720002521021e-08,4.440892098500626e-16,0.0
266_266_Kuosheng_Bay_(1998),SC,0.05,15,0.1612,1.56,0.0,0.0111999936828,0.31200000000000006,1.0868,0.15,0.0,0.0,Piscivorous fish,0.0,0.0075,0.1425,0.15,0.0,0.930521131,6.317200013095103e-09,0.0,0.0
266_266_Kuosheng_Bay_(1998),SC,0.05,14,1.0244,3.0368,0.48027200000000003,0.024128000519999998,0.60736,1.40503991,0.52,0.0,0.0,Benthic-feeding fish,0.0,0.026000000000000002,0.494,0.52,0.0,0.9764467,-5.200000430249929e-10,9.000000011916143e-08,0.0
266_266_Kuosheng_Bay_(1998),SC,0.05,13,0.8256,4.32,0.5591039999999999,0.02649602042880001,0.8640000000000001,2.6303997,0.24,0.0,0.0,Zooplanktivorous fish,0.0,0.012,0.22799999999999998,0.24,0.0,0.967906952,-2.0428799984983925e-08,2.9999999995311555e-07,0.0
266_266_Kuosheng_Bay_(1998),SC,0.05,12,0.9434,10.68,0.6204000000000001,0.31299993124000003,2.136,7.60060024,0.01,0.0,0.0,Herbivorous fish,0.0,0.0005,0.0095,0.01,0.0,0.6682214,6.875999991606818e-08,-2.400000012059422e-07,0.0
266_266_Kuosheng_Bay_(1998),SC,0.05,11,0.5365,3.7,0.0,0.5365,0.7400000000000001,2.4235,0.0,0.0,0.0,Holothuroids,0.0,0.0,0.0,0.0,0.0,0.0,0.0,-4.440892098500626e-16,0.0
266_266_Kuosheng_Bay_(1998),SC,0.05,10,4.015,38.5,0.69376,3.321240051745,7.7,26.785,0.0,0.0,0.0,Crabs,0.0,0.0,0.0,0.0,0.0,0.17279201700000002,-5.174500028459761e-08,0.0,0.0
266_266_Kuosheng_Bay_(1998),SC,0.05,9,10.1875,105.95,1.574432,8.613067861375,21.19,74.5724945,0.0,0.0,0.0,Shrimp,0.0,0.0,0.0,0.0,0.0,0.15454548599999995,1.3862499947947526e-07,5.50000000032469e-06,0.0
266_266_Kuosheng_Bay_(1998),SC,0.05,8,11.8665,61.529999999999994,0.30368,11.562820007895,12.306,37.3575,0.0,0.0,0.0,Bivalves,0.0,0.0,0.0,0.0,0.0,0.025591370000000002,-7.89500020914602e-09,-7.105427357601002e-15,0.0
266_266_Kuosheng_Bay_(1998),SC,0.05,7,10.802000000000001,46.154,0.394784,10.4072160308336,9.2308,26.1211967,0.0,0.0,0.0,Gastropods,0.0,0.0,0.0,0.0,0.0,0.0365473032000001,-3.0833598785307004e-08,3.3000000030369847e-06,0.0
266_266_Kuosheng_Bay_(1998),SC,0.05,6,9.316,22.0296,1.54,7.776000127740001,4.40592,8.30768,0.0,0.0,0.0,Bernacles,0.0,0.0,0.0,0.0,0.0,0.16530698499999996,-1.2773999991111396e-07,-1.7763568394002505e-15,0.0
266_266_Kuosheng_Bay_(1998),SC,0.05,5,52.0,260.0,28.698999999999998,23.301000111999997,52.0,156.0,0.0,0.0,0.0,Infauna,0.0,0.0,0.0,0.0,0.0,0.551903844,-1.1199999505606684e-07,0.0,0.0
266_266_Kuosheng_Bay_(1998),SC,0.05,4,1372.0,3584.0,792.7720360000002,579.2279416000001,716.8000000000001,1495.2,0.0,0.0,0.0,Carnivorous zooplankton,0.0,0.0,0.0,0.0,0.0,0.5778222,2.2399999579647556e-05,-2.2737367544323206e-13,0.0
266_266_Kuosheng_Bay_(1998),SC,0.05,3,3958.5000000000005,10556.0,2739.59414,1218.90567435,2111.2000000000003,4486.3,0.0,0.0,0.0,Herbivorous zooplankton,0.0,0.0,0.0,0.0,0.0,0.6920789,0.0001856500002759276,-9.094947017729282e-13,0.0
266_266_Kuosheng_Bay_(1998),SC,0.05,2,45.64,45.64,16.207800000000002,29.4321992874,0.0,0.0,0.0,0.0,0.0,Periphyton,0.0,0.0,0.0,0.0,0.0,0.35512271500000003,7.125999985646558e-07,0.0,0.0
266_266_Kuosheng_Bay_(1998),SC,0.05,1,6664.0,6664.0,3216.527208,3447.4724592000002,0.0,0.0,0.0,0.0,0.0,Phytoplankton,0.0,0.0,0.0,0.0,0.0,0.4826722,0.0003328000002511544,0.0,0.0
266_266_Kuosheng_Bay_(1998),SM,0.05,18,-0.0,-0.0,0.0,0.0,0.0,0.0,0.0,0.0,0.0,diet_import,0.0,0.0,0.0,0.0,0.0,,-0.0,0.0,0.0
266_266_Kuosheng_Bay_(1998),SM,0.05,17,8281.223622539885,8281.223622539885,7900.977784,0.0,0.0,0.0,0.0,380.24583853988497,0.0,Detritus,0.0,0.0,0.0,0.0,0.0,1.0,0.0,0.0,0.0
266_266_Kuosheng_Bay_(1998),SM,0.05,16,0.4676,3.6400000000000006,0.15600000000000003,0.02659996502279999,0.7280000000000002,2.4444,0.3,0.0,0.0,Detritivorous fish,0.0,0.015,0.285,0.285,0.0,0.9431138472566296,3.497720002521021e-08,4.440892098500626e-16,0.0
266_266_Kuosheng_Bay_(1998),SM,0.05,15,0.1612,1.56,0.0,0.018699993682800002,0.31200000000000006,1.0868,0.15,0.0,0.0,Piscivorous fish,0.0,0.0075,0.1425,0.1425,0.0,0.8839950764094293,6.317200013095103e-09,0.0,0.0
266_266_Kuosheng_Bay_(1998),SM,0.05,14,1.0244,3.0368,0.48027200000000003,0.05012800052,0.60736,1.40503991,0.52,0.0,0.0,Benthic-feeding fish,0.0,0.026000000000000002,0.494,0.494,0.0,0.9510659893401016,-5.200000430249929e-10,9.000000011916143e-08,0.0
266_266_Kuosheng_Bay_(1998),SM,0.05,13,0.8256,4.32,0.5591039999999999,0.038496020428800015,0.8640000000000001,2.6303997,0.24,0.0,0.0,Zooplanktivorous fish,0.0,0.012,0.22799999999999998,0.22799999999999998,0.0,0.9533720682790697,-2.0428799873961623e-08,2.9999999995311555e-07,0.0
266_266_Kuosheng_Bay_(1998),SM,0.05,12,0.9434,10.68,0.6204000000000001,0.31349993124000003,2.136,7.60060024,0.01,0.0,0.0,Herbivorous fish,0.0,0.0005,0.0095,0.0095,0.0,0.6676914021199916,6.876000002709048e-08,-2.400000012059422e-07,0.0
266_266_Kuosheng_Bay_(1998),SM,0.05,11,0.5365,3.7,0.0,0.5365,0.7400000000000001,2.4235,0.0,0.0,0.0,Holothuroids,0.0,0.0,0.0,0.0,0.0,0.0,0.0,-4.440892098500626e-16,0.0
266_266_Kuosheng_Bay_(1998),SM,0.05,10,4.015,38.5,0.69376,3.321240051745,7.7,26.785,0.0,0.0,0.0,Crabs,0.0,0.0,0.0,0.0,0.0,0.17279201700000002,-5.174500028459761e-08,0.0,0.0
266_266_Kuosheng_Bay_(1998),SM,0.05,9,10.1875,105.95,1.574432,8.613067861375,21.19,74.5724945,0.0,0.0,0.0,Shrimp,0.0,0.0,0.0,0.0,0.0,0.15454548599999995,1.3862499947947526e-07,5.50000000032469e-06,0.0
266_266_Kuosheng_Bay_(1998),SM,0.05,8,11.8665,61.529999999999994,0.30368,11.562820007895,12.306,37.3575,0.0,0.0,0.0,Bivalves,0.0,0.0,0.0,0.0,0.0,0.025591370000000002,-7.89500020914602e-09,-7.105427357601002e-15,0.0
266_266_Kuosheng_Bay_(1998),SM,0.05,7,10.802000000000001,46.154,0.394784,10.4072160308336,9.2308,26.1211967,0.0,0.0,0.0,Gastropods,0.0,0.0,0.0,0.0,0.0,0.0365473032000001,-3.0833598785307004e-08,3.3000000030369847e-06,0.0
266_266_Kuosheng_Bay_(1998),SM,0.05,6,9.316,22.0296,1.54,7.776000127740001,4.40592,8.30768,0.0,0.0,0.0,Bernacles,0.0,0.0,0.0,0.0,0.0,0.16530698499999996,-1.2773999991111396e-07,-1.7763568394002505e-15,0.0
266_266_Kuosheng_Bay_(1998),SM,0.05,5,52.0,260.0,28.698999999999998,23.301000111999997,52.0,156.0,0.0,0.0,0.0,Infauna,0.0,0.0,0.0,0.0,0.0,0.551903844,-1.1199999505606684e-07,0.0,0.0
266_266_Kuosheng_Bay_(1998),SM,0.05,4,1372.0,3584.0,792.7720360000002,579.2279416000001,716.8000000000001,1495.2,0.0,0.0,0.0,Carnivorous zooplankton,0.0,0.0,0.0,0.0,0.0,0.5778222,2.2399999579647556e-05,-2.2737367544323206e-13,0.0
266_266_Kuosheng_Bay_(1998),SM,0.05,3,3958.5000000000005,10556.0,2739.59414,1218.90567435,2111.2000000000003,4486.3,0.0,0.0,0.0,Herbivorous zooplankton,0.0,0.0,0.0,0.0,0.0,0.6920789,0.0001856500002759276,-9.094947017729282e-13,0.0
266_266_Kuosheng_Bay_(1998),SM,0.05,2,45.64,45.64,16.207800000000002,29.4321992874,0.0,0.0,0.0,0.0,0.0,Periphyton,0.0,0.0,0.0,0.0,0.0,0.35512271500000003,7.125999985646558e-07,0.0,0.0
266_266_Kuosheng_Bay_(1998),SM,0.05,1,6664.0,6664.0,3216.527208,3447.4724592000002,0.0,0.0,0.0,0.0,0.0,Phytoplankton,0.0,0.0,0.0,0.0,0.0,0.4826722,0.0003328000002511544,0.0,0.0
266_266_Kuosheng_Bay_(1998),SE,0.05,18,-0.0,-0.0,0.0,0.0,0.0,0.0,0.0,0.0,0.0,diet_import,0.0,0.0,0.0,0.0,0.0,,-0.0,0.0,0.0
266_266_Kuosheng_Bay_(1998),SE,0.05,17,8281.162622539883,8281.162622539883,7900.977784,0.0,0.0,0.0,0.0,380.18483853988346,0.0,Detritus,0.0,0.0,0.0,0.0,0.0,1.0,0.0,0.0,0.0
266_266_Kuosheng_Bay_(1998),SE,0.05,16,0.4676,3.6400000000000006,0.15600000000000003,0.011599965022799991,0.7280000000000002,2.4444,0.3,0.0,0.0,Detritivorous fish,0.015,0.015,0.285,0.285,0.0,0.975192547,3.497720002521021e-08,4.440892098500626e-16,0.0
266_266_Kuosheng_Bay_(1998),SE,0.05,15,0.1612,1.56,0.0,0.0111999936828,0.31200000000000006,1.0868,0.15,0.0,0.0,Piscivorous fish,0.0075,0.0075,0.1425,0.1425,0.0,0.930521131,6.317200013095103e-09,0.0,0.0
266_266_Kuosheng_Bay_(1998),SE,0.05,14,1.0244,3.0368,0.48027200000000003,0.024128000519999998,0.60736,1.40503991,0.52,0.0,0.0,Benthic-feeding fish,0.026000000000000002,0.026000000000000002,0.494,0.494,0.0,0.9764467,-5.200000430249929e-10,9.000000011916143e-08,0.0
266_266_Kuosheng_Bay_(1998),SE,0.05,13,0.8256,4.32,0.5591039999999999,0.02649602042880001,0.8640000000000001,2.6303997,0.24,0.0,0.0,Zooplanktivorous fish,0.012,0.012,0.22799999999999998,0.22799999999999998,0.0,0.967906952,-2.0428799984983925e-08,2.9999999995311555e-07,0.0
266_266_Kuosheng_Bay_(1998),SE,0.05,12,0.9434,10.68,0.6204000000000001,0.31299993124000003,2.136,7.60060024,0.01,0.0,0.0,Herbivorous fish,0.0005,0.0005,0.0095,0.0095,0.0,0.6682214,6.876000002709048e-08,-2.400000012059422e-07,0.0
266_266_Kuosheng_Bay_(1998),SE,0.05,11,0.5365,3.7,0.0,0.5365,0.7400000000000001,2.4235,0.0,0.0,0.0,Holothuroids,0.0,0.0,0.0,0.0,0.0,0.0,0.0,-4.440892098500626e-16,0.0
266_266_Kuosheng_Bay_(1998),SE,0.05,10,4.015,38.5,0.69376,3.321240051745,7.7,26.785,0.0,0.0,0.0,Crabs,0.0,0.0,0.0,0.0,0.0,0.17279201700000002,-5.174500028459761e-08,0.0,0.0
266_266_Kuosheng_Bay_(1998),SE,0.05,9,10.1875,105.95,1.574432,8.613067861375,21.19,74.5724945,0.0,0.0,0.0,Shrimp,0.0,0.0,0.0,0.0,0.0,0.15454548599999995,1.3862499947947526e-07,5.50000000032469e-06,0.0
266_266_Kuosheng_Bay_(1998),SE,0.05,8,11.8665,61.529999999999994,0.30368,11.562820007895,12.306,37.3575,0.0,0.0,0.0,Bivalves,0.0,0.0,0.0,0.0,0.0,0.025591370000000002,-7.89500020914602e-09,-7.105427357601002e-15,0.0
266_266_Kuosheng_Bay_(1998),SE,0.05,7,10.802000000000001,46.154,0.394784,10.4072160308336,9.2308,26.1211967,0.0,0.0,0.0,Gastropods,0.0,0.0,0.0,0.0,0.0,0.0365473032000001,-3.0833598785307004e-08,3.3000000030369847e-06,0.0
266_266_Kuosheng_Bay_(1998),SE,0.05,6,9.316,22.0296,1.54,7.776000127740001,4.40592,8.30768,0.0,0.0,0.0,Bernacles,0.0,0.0,0.0,0.0,0.0,0.16530698499999996,-1.2773999991111396e-07,-1.7763568394002505e-15,0.0
266_266_Kuosheng_Bay_(1998),SE,0.05,5,52.0,260.0,28.698999999999998,23.301000111999997,52.0,156.0,0.0,0.0,0.0,Infauna,0.0,0.0,0.0,0.0,0.0,0.551903844,-1.1199999505606684e-07,0.0,0.0
266_266_Kuosheng_Bay_(1998),SE,0.05,4,1372.0,3584.0,792.7720360000002,579.2279416000001,716.8000000000001,1495.2,0.0,0.0,0.0,Carnivorous zooplankton,0.0,0.0,0.0,0.0,0.0,0.5778222,2.2399999579647556e-05,-2.2737367544323206e-13,0.0
266_266_Kuosheng_Bay_(1998),SE,0.05,3,3958.5000000000005,10556.0,2739.59414,1218.90567435,2111.2000000000003,4486.3,0.0,0.0,0.0,Herbivorous zooplankton,0.0,0.0,0.0,0.0,0.0,0.6920789,0.0001856500002759276,-9.094947017729282e-13,0.0
266_266_Kuosheng_Bay_(1998),SE,0.05,2,45.64,45.64,16.207800000000002,29.4321992874,0.0,0.0,0.0,0.0,0.0,Periphyton,0.0,0.0,0.0,0.0,0.0,0.35512271500000003,7.125999985646558e-07,0.0,0.0
266_266_Kuosheng_Bay_(1998),SE,0.05,1,6664.0,6664.0,3216.527208,3447.4724592000002,0.0,0.0,0.0,0.0,0.0,Phytoplankton,0.0,0.0,0.0,0.0,0.0,0.4826722,0.0003328000002511544,0.0,0.0
266_266_Kuosheng_Bay_(1998),SC,0.06,18,-0.0,-0.0,0.0,0.0,0.0,0.0,0.0,0.0,0.0,diet_import,0.0,0.0,0.0,0.0,0.0,,-0.0,0.0,0.0
266_266_Kuosheng_Bay_(1998),SC,0.06,17,8281.162622539883,8281.162622539883,7900.977784,0.0,0.0,0.0,0.0,380.18483853988346,0.0,Detritus,0.0,0.0,0.0,0.0,0.0,1.0,0.0,0.0,0.0
266_266_Kuosheng_Bay_(1998),SC,0.06,16,0.4676,3.6400000000000006,0.15600000000000003,0.011599965022799991,0.7280000000000002,2.4444,0.3,0.0,0.0,Detritivorous fish,0.0,0.018,0.282,0.3,0.0,0.975192547,3.497720002521021e-08,4.440892098500626e-16,0.0
266_266_Kuosheng_Bay_(1998),SC,0.06,15,0.1612,1.56,0.0,0.0111999936828,0.31200000000000006,1.0868,0.15,0.0,0.0,Piscivorous fish,0.0,0.009,0.141,0.15,0.0,0.930521131,6.317200013095103e-09,0.0,0.0
266_266_Kuosheng_Bay_(1998),SC,0.06,14,1.0244,3.0368,0.48027200000000003,0.024128000519999998,0.60736,1.40503991,0.52,0.0,0.0,Benthic-feeding fish,0.0,0.0312,0.4888,0.52,0.0,0.9764467,-5.200000430249929e-10,9.000000011916143e-08,0.0
266_266_Kuosheng_Bay_(1998),SC,0.06,13,0.8256,4.32,0.5591039999999999,0.02649602042880001,0.8640000000000001,2.6303997,0.24,0.0,0.0,Zooplanktivorous fish,0.0,0.0144,0.22559999999999997,0.24,0.0,0.967906952,-2.0428799984983925e-08,2.9999999995311555e-07,0.0
266_266_Kuosheng_Bay_(1998),SC,0.06,12,0.9434,10.68,0.6204000000000001,0.31299993124000003,2.136,7.60060024,0.01,0.0,0.0,Herbivorous fish,0.0,0.0006,0.0094,0.01,0.0,0.6682214,6.875999991606818e-08,-2.400000012059422e-07,0.0
266_266_Kuosheng_Bay_(1998),SC,0.06,11,0.5365,3.7,0.0,0.5365,0.7400000000000001,2.4235,0.0,0.0,0.0,Holothuroids,0.0,0.0,0.0,0.0,0.0,0.0,0.0,-4.440892098500626e-16,0.0
266_266_Kuosheng_Bay_(1998),SC,0.06,10,4.015,38.5,0.69376,3.321240051745,7.7,26.785,0.0,0.0,0.0,Crabs,0.0,0.0,0.0,0.0,0.0,0.17279201700000002,-5.174500028459761e-08,0.0,0.0
266_266_Kuosheng_Bay_(1998),SC,0.06,9,10.1875,105.95,1.574432,8.613067861375,21.19,74.5724945,0.0,0.0,0.0,Shrimp,0.0,0.0,0.0,0.0,0.0,0.15454548599999995,1.3862499947947526e-07,5.50000000032469e-06,0.0
266_266_Kuosheng_Bay_(1998),SC,0.06,8,11.8665,61.529999999999994,0.30368,11.562820007895,12.306,37.3575,0.0,0.0,0.0,Bivalves,0.0,0.0,0.0,0.0,0.0,0.025591370000000002,-7.89500020914602e-09,-7.105427357601002e-15,0.0
266_266_Kuosheng_Bay_(1998),SC,0.06,7,10.802000000000001,46.154,0.394784,10.4072160308336,9.2308,26.1211967,0.0,0.0,0.0,Gastropods,0.0,0.0,0.0,0.0,0.0,0.0365473032000001,-3.0833598785307004e-08,3.3000000030369847e-06,0.0
266_266_Kuosheng_Bay_(1998),SC,0.06,6,9.316,22.0296,1.54,7.776000127740001,4.40592,8.30768,0.0,0.0,0.0,Bernacles,0.0,0.0,0.0,0.0,0.0,0.16530698499999996,-1.2773999991111396e-07,-1.7763568394002505e-15,0.0
266_266_Kuosheng_Bay_(1998),SC,0.06,5,52.0,260.0,28.698999999999998,23.301000111999997,52.0,156.0,0.0,0.0,0.0,Infauna,0.0,0.0,0.0,0.0,0.0,0.551903844,-1.1199999505606684e-07,0.0,0.0
266_266_Kuosheng_Bay_(1998),SC,0.06,4,1372.0,3584.0,792.7720360000002,579.2279416000001,716.8000000000001,1495.2,0.0,0.0,0.0,Carnivorous zooplankton,0.0,0.0,0.0,0.0,0.0,0.5778222,2.2399999579647556e-05,-2.2737367544323206e-13,0.0
266_266_Kuosheng_Bay_(1998),SC,0.06,3,3958.5000000000005,10556.0,2739.59414,1218.90567435,2111.2000000000003,4486.3,0.0,0.0,0.0,Herbivorous zooplankton,0.0,0.0,0.0,0.0,0.0,0.6920789,0.0001856500002759276,-9.094947017729282e-13,0.0
266_266_Kuosheng_Bay_(1998),SC,0.06,2,45.64,45.64,16.207800000000002,29.4321992874,0.0,0.0,0.0,0.0,0.0,Periphyton,0.0,0.0,0.0,0.0,0.0,0.35512271500000003,7.125999985646558e-07,0.0,0.0
266_266_Kuosheng_Bay_(1998),SC,0.06,1,6664.0,6664.0,3216.527208,3447.4724592000002,0.0,0.0,0.0,0.0,0.0,Phytoplankton,0.0,0.0,0.0,0.0,0.0,0.4826722,0.0003328000002511544,0.0,0.0
266_266_Kuosheng_Bay_(1998),SM,0.06,18,-0.0,-0.0,0.0,0.0,0.0,0.0,0.0,0.0,0.0,diet_import,0.0,0.0,0.0,0.0,0.0,,-0.0,0.0,0.0
266_266_Kuosheng_Bay_(1998),SM,0.06,17,8281.235822539886,8281.235822539886,7900.977784,0.0,0.0,0.0,0.0,380.258038539886,0.0,Detritus,0.0,0.0,0.0,0.0,0.0,1.0,0.0,0.0,0.0
266_266_Kuosheng_Bay_(1998),SM,0.06,16,0.4676,3.6400000000000006,0.15600000000000003,0.02959996502279999,0.7280000000000002,2.4444,0.3,0.0,0.0,Detritivorous fish,0.0,0.018,0.282,0.282,0.0,0.9366981073079556,3.497720002521021e-08,4.440892098500626e-16,0.0
266_266_Kuosheng_Bay_(1998),SM,0.06,15,0.1612,1.56,0.0,0.0201999936828,0.31200000000000006,1.0868,0.15,0.0,0.0,Piscivorous fish,0.0,0.009,0.141,0.141,0.0,0.8746898654913151,6.317200013095103e-09,0.0,0.0
266_266_Kuosheng_Bay_(1998),SM,0.06,14,1.0244,3.0368,0.48027200000000003,0.05532800052,0.60736,1.40503991,0.52,0.0,0.0,Benthic-feeding fish,0.0,0.0312,0.4888,0.4888,0.0,0.9459898472081218,-5.200000430249929e-10,9.000000011916143e-08,0.0
266_266_Kuosheng_Bay_(1998),SM,0.06,13,0.8256,4.32,0.5591039999999999,0.040896020428800015,0.8640000000000001,2.6303997,0.24,0.0,0.0,Zooplanktivorous fish,0.0,0.0144,0.22559999999999997,0.22559999999999997,0.0,0.9504650915348837,-2.0428799873961623e-08,2.9999999995311555e-07,0.0
266_266_Kuosheng_Bay_(1998),SM,0.06,12,0.9434,10.68,0.6204000000000001,0.31359993124,2.136,7.60060024,0.01,0.0,0.0,Herbivorous fish,0.0,0.0006,0.0094,0.0094,0.0,0.6675854025439898,6.876000002709048e-08,-2.400000012059422e-07,0.0
266_266_Kuosheng_Bay_(1998),SM,0.06,11,0.5365,3.7,0.0,0.5365,0.7400000000000001,2.4235,0.0,0.0,0.0,Holothuroids,0.0,0.0,0.0,0.0,0.0,0.0,0.0,-4.440892098500626e-16,0.0
266_266_Kuosheng_Bay_(1998),SM,0.06,10,4.015,38.5,0.69376,3.321240051745,7.7,26.785,0.0,0.0,0.0,Crabs,0.0,0.0,0.0,0.0,0.0,0.17279201700000002,-5.174500028459761e-08,0.0,0.0
266_266_Kuosheng_Bay_(1998),SM,0.06,9,10.1875,105.95,1.574432,8.613067861375,21.19,74.5724945,0.0,0.0,0.0,Shrimp,0.0,0.0,0.0,0.0,0.0,0.15454548599999995,1.3862499947947526e-07,5.50000000032469e-06,0.0
266_266_Kuosheng_Bay_(1998),SM,0.06,8,11.8665,61.529999999999994,0.30368,11.562820007895,12.306,37.3575,0.0,0.0,0.0,Bivalves,0.0,0.0,0.0,0.0,0.0,0.025591370000000002,-7.89500020914602e-09,-7.105427357601002e-15,0.0
266_266_Kuosheng_Bay_(1998),SM,0.06,7,10.802000000000001,46.154,0.394784,10.4072160308336,9.2308,26.1211967,0.0,0.0,0.0,Gastropods,0.0,0.0,0.0,0.0,0.0,0.0365473032000001,-3.0833598785307004e-08,3.3000000030369847e-06,0.0
266_266_Kuosheng_Bay_(1998),SM,0.06,6,9.316,22.0296,1.54,7.776000127740001,4.40592,8.30768,0.0,0.0,0.0,Bernacles,0.0,0.0,0.0,0.0,0.0,0.16530698499999996,-1.2773999991111396e-07,-1.7763568394002505e-15,0.0
266_266_Kuosheng_Bay_(1998),SM,0.06,5,52.0,260.0,28.698999999999998,23.301000111999997,52.0,156.0,0.0,0.0,0.0,Infauna,0.0,0.0,0.0,0.0,0.0,0.551903844,-1.1199999505606684e-07,0.0,0.0
266_266_Kuosheng_Bay_(1998),SM,0.06,4,1372.0,3584.0,792.7720360000002,579.2279416000001,716.8000000000001,1495.2,0.0,0.0,0.0,Carnivorous zooplankton,0.0,0.0,0.0,0.0,0.0,0.5778222,2.2399999579647556e-05,-2.2737367544323206e-13,0.0
266_266_Kuosheng_Bay_(1998),SM,0.06,3,3958.5000000000005,10556.0,2739.59414,1218.90567435,2111.2000000000003,4486.3,0.0,0.0,0.0,Herbivorous zooplankton,0.0,0.0,0.0,0.0,0.0,0.6920789,0.0001856500002759276,-9.094947017729282e-13,0.0
266_266_Kuosheng_Bay_(1998),SM,0.06,2,45.64,45.64,16.207800000000002,29.4321992874,0.0,0.0,0.0,0.0,0.0,Periphyton,0.0,0.0,0.0,0.0,0.0,0.35512271500000003,7.125999985646558e-07,0.0,0.0
266_266_Kuosheng_Bay_(1998),SM,0.06,1,6664.0,6664.0,3216.527208,3447.4724592000002,0.0,0.0,0.0,0.0,0.0,Phytoplankton,0.0,0.0,0.0,0.0,0.0,0.4826722,0.0003328000002511544,0.0,0.0
266_266_Kuosheng_Bay_(1998),SE,0.06,18,-0.0,-0.0,0.0,0.0,0.0,0.0,0.0,0.0,0.0,diet_import,0.0,0.0,0.0,0.0,0.0,,-0.0,0.0,0.0
266_266_Kuosheng_Bay_(1998),SE,0.06,17,8281.162622539883,8281.162622539883,7900.977784,0.0,0.0,0.0,0.0,380.18483853988346,0.0,Detritus,0.0,0.0,0.0,0.0,0.0,1.0,0.0,0.0,0.0
266_266_Kuosheng_Bay_(1998),SE,0.06,16,0.4676,3.6400000000000006,0.15600000000000003,0.011599965022799991,0.7280000000000002,2.4444,0.3,0.0,0.0,Detritivorous fish,0.018,0.018,0.282,0.282,0.0,0.975192547,3.497720002521021e-08,4.440892098500626e-16,0.0
266_266_Kuosheng_Bay_(1998),SE,0.06,15,0.1612,1.56,0.0,0.0111999936828,0.31200000000000006,1.0868,0.15,0.0,0.0,Piscivorous fish,0.009,0.009,0.141,0.141,0.0,0.930521131,6.317200013095103e-09,0.0,0.0
266_266_Kuosheng_Bay_(1998),SE,0.06,14,1.0244,3.0368,0.48027200000000003,0.024128000519999998,0.60736,1.40503991,0.52,0.0,0.0,Benthic-feeding fish,0.0312,0.0312,0.4888,0.4888,0.0,0.9764467,-5.200000430249929e-10,9.000000011916143e-08,0.0
266_266_Kuosheng_Bay_(1998),SE,0.06,13,0.8256,4.32,0.5591039999999999,0.02649602042880001,0.8640000000000001,2.6303997,0.24,0.0,0.0,Zooplanktivorous fish,0.0144,0.0144,0.22559999999999997,0.22559999999999997,0.0,0.967906952,-2.0428799873961623e-08,2.9999999995311555e-07,0.0
266_266_Kuosheng_Bay_(1998),SE,0.06,12,0.9434,10.68,0.6204000000000001,0.31299993124000003,2.136,7.60060024,0.01,0.0,0.0,Herbivorous fish,0.0006,0.0006,0.0094,0.0094,0.0,0.6682214,6.875999991606818e-08,-2.400000012059422e-07,0.0
266_266_Kuosheng_Bay_(1998),SE,0.06,11,0.5365,3.7,0.0,0.5365,0.7400000000000001,2.4235,0.0,0.0,0.0,Holothuroids,0.0,0.0,0.0,0.0,0.0,0.0,0.0,-4.440892098500626e-16,0.0
266_266_Kuosheng_Bay_(1998),SE,0.06,10,4.015,38.5,0.69376,3.321240051745,7.7,26.785,0.0,0.0,0.0,Crabs,0.0,0.0,0.0,0.0,0.0,0.17279201700000002,-5.174500028459761e-08,0.0,0.0
266_266_Kuosheng_Bay_(1998),SE,0.06,9,10.1875,105.95,1.574432,8.613067861375,21.19,74.5724945,0.0,0.0,0.0,Shrimp,0.0,0.0,0.0,0.0,0.0,0.15454548599999995,1.3862499947947526e-07,5.50000000032469e-06,0.0
266_266_Kuosheng_Bay_(1998),SE,0.06,8,11.8665,61.529999999999994,0.30368,11.562820007895,12.306,37.3575,0.0,0.0,0.0,Bivalves,0.0,0.0,0.0,0.0,0.0,0.025591370000000002,-7.89500020914602e-09,-7.105427357601002e-15,0.0
266_266_Kuosheng_Bay_(1998),SE,0.06,7,10.802000000000001,46.154,0.394784,10.4072160308336,9.2308,26.1211967,0.0,0.0,0.0,Gastropods,0.0,0.0,0.0,0.0,0.0,0.0365473032000001,-3.0833598785307004e-08,3.3000000030369847e-06,0.0
266_266_Kuosheng_Bay_(1998),SE,0.06,6,9.316,22.0296,1.54,7.776000127740001,4.40592,8.30768,0.0,0.0,0.0,Bernacles,0.0,0.0,0.0,0.0,0.0,0.16530698499999996,-1.2773999991111396e-07,-1.7763568394002505e-15,0.0
266_266_Kuosheng_Bay_(1998),SE,0.06,5,52.0,260.0,28.698999999999998,23.301000111999997,52.0,156.0,0.0,0.0,0.0,Infauna,0.0,0.0,0.0,0.0,0.0,0.551903844,-1.1199999505606684e-07,0.0,0.0
266_266_Kuosheng_Bay_(1998),SE,0.06,4,1372.0,3584.0,792.7720360000002,579.2279416000001,716.8000000000001,1495.2,0.0,0.0,0.0,Carnivorous zooplankton,0.0,0.0,0.0,0.0,0.0,0.5778222,2.2399999579647556e-05,-2.2737367544323206e-13,0.0
266_266_Kuosheng_Bay_(1998),SE,0.06,3,3958.5000000000005,10556.0,2739.59414,1218.90567435,2111.2000000000003,4486.3,0.0,0.0,0.0,Herbivorous zooplankton,0.0,0.0,0.0,0.0,0.0,0.6920789,0.0001856500002759276,-9.094947017729282e-13,0.0
266_266_Kuosheng_Bay_(1998),SE,0.06,2,45.64,45.64,16.207800000000002,29.4321992874,0.0,0.0,0.0,0.0,0.0,Periphyton,0.0,0.0,0.0,0.0,0.0,0.35512271500000003,7.125999985646558e-07,0.0,0.0
266_266_Kuosheng_Bay_(1998),SE,0.06,1,6664.0,6664.0,3216.527208,3447.4724592000002,0.0,0.0,0.0,0.0,0.0,Phytoplankton,0.0,0.0,0.0,0.0,0.0,0.4826722,0.0003328000002511544,0.0,0.0
266_266_Kuosheng_Bay_(1998),SC,0.07,18,-0.0,-0.0,0.0,0.0,0.0,0.0,0.0,0.0,0.0,diet_import,0.0,0.0,0.0,0.0,0.0,,-0.0,0.0,0.0
266_266_Kuosheng_Bay_(1998),SC,0.07,17,8281.162622539883,8281.162622539883,7900.977784,0.0,0.0,0.0,0.0,380.18483853988346,0.0,Detritus,0.0,0.0,0.0,0.0,0.0,1.0,0.0,0.0,0.0
266_266_Kuosheng_Bay_(1998),SC,0.07,16,0.4676,3.6400000000000006,0.15600000000000003,0.011599965022799991,0.7280000000000002,2.4444,0.3,0.0,0.0,Detritivorous fish,0.0,0.021,0.27899999999999997,0.3,0.0,0.975192547,3.497720002521021e-08,4.440892098500626e-16,0.0
266_266_Kuosheng_Bay_(1998),SC,0.07,15,0.1612,1.56,0.0,0.0111999936828,0.31200000000000006,1.0868,0.15,0.0,0.0,Piscivorous fish,0.0,0.0105,0.13949999999999999,0.15,0.0,0.930521131,6.317200013095103e-09,0.0,0.0
266_266_Kuosheng_Bay_(1998),SC,0.07,14,1.0244,3.0368,0.48027200000000003,0.024128000519999998,0.60736,1.40503991,0.52,0.0,0.0,Benthic-feeding fish,0.0,0.0364,0.4836,0.52,0.0,0.9764467,-5.200000430249929e-10,9.000000011916143e-08,0.0
266_266_Kuosheng_Bay_(1998),SC,0.07,13,0.8256,4.32,0.5591039999999999,0.02649602042880001,0.8640000000000001,2.6303997,0.24,0.0,0.0,Zooplanktivorous fish,0.0,0.016800000000000002,0.22319999999999998,0.24,0.0,0.967906952,-2.0428799984983925e-08,2.9999999995311555e-07,0.0
266_266_Kuosheng_Bay_(1998),SC,0.07,12,0.9434,10.68,0.6204000000000001,0.31299993124000003,2.136,7.60060024,0.01,0.0,0.0,Herbivorous fish,0.0,0.0007000000000000001,0.0093,0.01,0.0,0.6682214,6.875999991606818e-08,-2.400000012059422e-07,0.0
266_266_Kuosheng_Bay_(1998),SC,0.07,11,0.5365,3.7,0.0,0.5365,0.7400000000000001,2.4235,0.0,0.0,0.0,Holothuroids,0.0,0.0,0.0,0.0,0.0,0.0,0.0,-4.440892098500626e-16,0.0
266_266_Kuosheng_Bay_(1998),SC,0.07,10,4.015,38.5,0.69376,3.321240051745,7.7,26.785,0.0,0.0,0.0,Crabs,0.0,0.0,0.0,0.0,0.0,0.17279201700000002,-5.174500028459761e-08,0.0,0.0
266_266_Kuosheng_Bay_(1998),SC,0.07,9,10.1875,105.95,1.574432,8.613067861375,21.19,74.5724945,0.0,0.0,0.0,Shrimp,0.0,0.0,0.0,0.0,0.0,0.15454548599999995,1.3862499947947526e-07,5.50000000032469e-06,0.0
266_266_Kuosheng_Bay_(1998),SC,0.07,8,11.8665,61.529999999999994,0.30368,11.562820007895,12.306,37.3575,0.0,0.0,0.0,Bivalves,0.0,0.0,0.0,0.0,0.0,0.025591370000000002,-7.89500020914602e-09,-7.105427357601002e-15,0.0
266_266_Kuosheng_Bay_(1998),SC,0.07,7,10.802000000000001,46.154,0.394784,10.4072160308336,9.2308,26.1211967,0.0,0.0,0.0,Gastropods,0.0,0.0,0.0,0.0,0.0,0.0365473032000001,-3.0833598785307004e-08,3.3000000030369847e-06,0.0
266_266_Kuosheng_Bay_(1998),SC,0.07,6,9.316,22.0296,1.54,7.776000127740001,4.40592,8.30768,0.0,0.0,0.0,Bernacles,0.0,0.0,0.0,0.0,0.0,0.16530698499999996,-1.2773999991111396e-07,-1.7763568394002505e-15,0.0
266_266_Kuosheng_Bay_(1998),SC,0.07,5,52.0,260.0,28.698999999999998,23.301000111999997,52.0,156.0,0.0,0.0,0.0,Infauna,0.0,0.0,0.0,0.0,0.0,0.551903844,-1.1199999505606684e-07,0.0,0.0
266_266_Kuosheng_Bay_(1998),SC,0.07,4,1372.0,3584.0,792.7720360000002,579.2279416000001,716.8000000000001,1495.2,0.0,0.0,0.0,Carnivorous zooplankton,0.0,0.0,0.0,0.0,0.0,0.5778222,2.2399999579647556e-05,-2.2737367544323206e-13,0.0
266_266_Kuosheng_Bay_(1998),SC,0.07,3,3958.5000000000005,10556.0,2739.59414,1218.90567435,2111.2000000000003,4486.3,0.0,0.0,0.0,Herbivorous zooplankton,0.0,0.0,0.0,0.0,0.0,0.6920789,0.0001856500002759276,-9.094947017729282e-13,0.0
266_266_Kuosheng_Bay_(1998),SC,0.07,2,45.64,45.64,16.207800000000002,29.4321992874,0.0,0.0,0.0,0.0,0.0,Periphyton,0.0,0.0,0.0,0.0,0.0,0.35512271500000003,7.125999985646558e-07,0.0,0.0
266_266_Kuosheng_Bay_(1998),SC,0.07,1,6664.0,6664.0,3216.527208,3447.4724592000002,0.0,0.0,0.0,0.0,0.0,Phytoplankton,0.0,0.0,0.0,0.0,0.0,0.4826722,0.0003328000002511544,0.0,0.0
266_266_Kuosheng_Bay_(1998),SM,0.07,18,-0.0,-0.0,0.0,0.0,0.0,0.0,0.0,0.0,0.0,diet_import,0.0,0.0,0.0,0.0,0.0,,-0.0,0.0,0.0
266_266_Kuosheng_Bay_(1998),SM,0.07,17,8281.248022539883,8281.248022539883,7900.977784,0.0,0.0,0.0,0.0,380.2702385398834,0.0,Detritus,0.0,0.0,0.0,0.0,0.0,1.0,0.0,0.0,0.0
266_266_Kuosheng_Bay_(1998),SM,0.07,16,0.4676,3.6400000000000006,0.15600000000000003,0.03259996502279999,0.7280000000000002,2.4444,0.3,0.0,0.0,Detritivorous fish,0.0,0.021,0.27899999999999997,0.27899999999999997,0.0,0.9302823673592815,3.497720002521021e-08,4.440892098500626e-16,0.0
266_266_Kuosheng_Bay_(1998),SM,0.07,15,0.1612,1.56,0.0,0.0216999936828,0.31200000000000006,1.0868,0.15,0.0,0.0,Piscivorous fish,0.0,0.0105,0.13949999999999999,0.13949999999999999,0.0,0.865384654573201,6.317200013095103e-09,0.0,0.0
266_266_Kuosheng_Bay_(1998),SM,0.07,14,1.0244,3.0368,0.48027200000000003,0.06052800052,0.60736,1.40503991,0.52,0.0,0.0,Benthic-feeding fish,0.0,0.0364,0.4836,0.4836,0.0,0.9409137050761421,-5.200000430249929e-10,9.000000011916143e-08,0.0
266_266_Kuosheng_Bay_(1998),SM,0.07,13,0.8256,4.32,0.5591039999999999,0.043296020428800014,0.8640000000000001,2.6303997,0.24,0.0,0.0,Zooplanktivorous fish,0.0,0.016800000000000002,0.22319999999999998,0.22319999999999998,0.0,0.9475581147906976,-2.0428799873961623e-08,2.9999999995311555e-07,0.0
266_266_Kuosheng_Bay_(1998),SM,0.07,12,0.9434,10.68,0.6204000000000001,0.31369993124,2.136,7.60060024,0.01,0.0,0.0,Herbivorous fish,0.0,0.0007000000000000001,0.0093,0.0093,0.0,0.6674794029679881,6.876000002709048e-08,-2.400000012059422e-07,0.0
266_266_Kuosheng_Bay_(1998),SM,0.07,11,0.5365,3.7,0.0,0.5365,0.7400000000000001,2.4235,0.0,0.0,0.0,Holothuroids,0.0,0.0,0.0,0.0,0.0,0.0,0.0,-4.440892098500626e-16,0.0
266_266_Kuosheng_Bay_(1998),SM,0.07,10,4.015,38.5,0.69376,3.321240051745,7.7,26.785,0.0,0.0,0.0,Crabs,0.0,0.0,0.0,0.0,0.0,0.17279201700000002,-5.174500028459761e-08,0.0,0.0
266_266_Kuosheng_Bay_(1998),SM,0.07,9,10.1875,105.95,1.574432,8.613067861375,21.19,74.5724945,0.0,0.0,0.0,Shrimp,0.0,0.0,0.0,0.0,0.0,0.15454548599999995,1.3862499947947526e-07,5.50000000032469e-06,0.0
266_266_Kuosheng_Bay_(1998),SM,0.07,8,11.8665,61.529999999999994,0.30368,11.562820007895,12.306,37.3575,0.0,0.0,0.0,Bivalves,0.0,0.0,0.0,0.0,0.0,0.025591370000000002,-7.89500020914602e-09,-7.105427357601002e-15,0.0
266_266_Kuosheng_Bay_(1998),SM,0.07,7,10.802000000000001,46.154,0.394784,10.4072160308336,9.2308,26.1211967,0.0,0.0,0.0,Gastropods,0.0,0.0,0.0,0.0,0.0,0.0365473032000001,-3.0833598785307004e-08,3.3000000030369847e-06,0.0
266_266_Kuosheng_Bay_(1998),SM,0.07,6,9.316,22.0296,1.54,7.776000127740001,4.40592,8.30768,0.0,0.0,0.0,Bernacles,0.0,0.0,0.0,0.0,0.0,0.16530698499999996,-1.2773999991111396e-07,-1.7763568394002505e-15,0.0
266_266_Kuosheng_Bay_(1998),SM,0.07,5,52.0,260.0,28.698999999999998,23.301000111999997,52.0,156.0,0.0,0.0,0.0,Infauna,0.0,0.0,0.0,0.0,0.0,0.551903844,-1.1199999505606684e-07,0.0,0.0
266_266_Kuosheng_Bay_(1998),SM,0.07,4,1372.0,3584.0,792.7720360000002,579.2279416000001,716.8000000000001,1495.2,0.0,0.0,0.0,Carnivorous zooplankton,0.0,0.0,0.0,0.0,0.0,0.5778222,2.2399999579647556e-05,-2.2737367544323206e-13,0.0
266_266_Kuosheng_Bay_(1998),SM,0.07,3,3958.5000000000005,10556.0,2739.59414,1218.90567435,2111.2000000000003,4486.3,0.0,0.0,0.0,Herbivorous zooplankton,0.0,0.0,0.0,0.0,0.0,0.6920789,0.0001856500002759276,-9.094947017729282e-13,0.0
266_266_Kuosheng_Bay_(1998),SM,0.07,2,45.64,45.64,16.207800000000002,29.4321992874,0.0,0.0,0.0,0.0,0.0,Periphyton,0.0,0.0,0.0,0.0,0.0,0.35512271500000003,7.125999985646558e-07,0.0,0.0
266_266_Kuosheng_Bay_(1998),SM,0.07,1,6664.0,6664.0,3216.527208,3447.4724592000002,0.0,0.0,0.0,0.0,0.0,Phytoplankton,0.0,0.0,0.0,0.0,0.0,0.4826722,0.0003328000002511544,0.0,0.0
266_266_Kuosheng_Bay_(1998),SE,0.07,18,-0.0,-0.0,0.0,0.0,0.0,0.0,0.0,0.0,0.0,diet_import,0.0,0.0,0.0,0.0,0.0,,-0.0,0.0,0.0
266_266_Kuosheng_Bay_(1998),SE,0.07,17,8281.162622539883,8281.162622539883,7900.977784,0.0,0.0,0.0,0.0,380.18483853988346,0.0,Detritus,0.0,0.0,0.0,0.0,0.0,1.0,0.0,0.0,0.0
266_266_Kuosheng_Bay_(1998),SE,0.07,16,0.4676,3.6400000000000006,0.15600000000000003,0.011599965022799991,0.7280000000000002,2.4444,0.3,0.0,0.0,Detritivorous fish,0.021,0.021,0.27899999999999997,0.27899999999999997,0.0,0.975192547,3.497720002521021e-08,4.440892098500626e-16,0.0
266_266_Kuosheng_Bay_(1998),SE,0.07,15,0.1612,1.56,0.0,0.0111999936828,0.31200000000000006,1.0868,0.15,0.0,0.0,Piscivorous fish,0.0105,0.0105,0.13949999999999999,0.13949999999999999,0.0,0.930521131,6.317200013095103e-09,0.0,0.0
266_266_Kuosheng_Bay_(1998),SE,0.07,14,1.0244,3.0368,0.48027200000000003,0.024128000519999998,0.60736,1.40503991,0.52,0.0,0.0,Benthic-feeding fish,0.0364,0.0364,0.4836,0.4836,0.0,0.9764467,-5.200000430249929e-10,9.000000011916143e-08,0.0
266_266_Kuosheng_Bay_(1998),SE,0.07,13,0.8256,4.32,0.5591039999999999,0.02649602042880001,0.8640000000000001,2.6303997,0.24,0.0,0.0,Zooplanktivorous fish,0.016800000000000002,0.016800000000000002,0.22319999999999998,0.22319999999999998,0.0,0.967906952,-2.0428799984983925e-08,2.9999999995311555e-07,0.0
266_266_Kuosheng_Bay_(1998),SE,0.07,12,0.9434,10.68,0.6204000000000001,0.31299993124000003,2.136,7.60060024,0.01,0.0,0.0,Herbivorous fish,0.0007000000000000001,0.0007000000000000001,0.0093,0.0093,0.0,0.6682214,6.875999991606818e-08,-2.400000012059422e-07,0.0
266_266_Kuosheng_Bay_(1998),SE,0.07,11,0.5365,3.7,0.0,0.5365,0.7400000000000001,2.4235,0.0,0.0,0.0,Holothuroids,0.0,0.0,0.0,0.0,0.0,0.0,0.0,-4.440892098500626e-16,0.0
266_266_Kuosheng_Bay_(1998),SE,0.07,10,4.015,38.5,0.69376,3.321240051745,7.7,26.785,0.0,0.0,0.0,Crabs,0.0,0.0,0.0,0.0,0.0,0.17279201700000002,-5.174500028459761e-08,0.0,0.0
266_266_Kuosheng_Bay_(1998),SE,0.07,9,10.1875,105.95,1.574432,8.613067861375,21.19,74.5724945,0.0,0.0,0.0,Shrimp,0.0,0.0,0.0,0.0,0.0,0.15454548599999995,1.3862499947947526e-07,5.50000000032469e-06,0.0
266_266_Kuosheng_Bay_(1998),SE,0.07,8,11.8665,61.529999999999994,0.30368,11.562820007895,12.306,37.3575,0.0,0.0,0.0,Bivalves,0.0,0.0,0.0,0.0,0.0,0.025591370000000002,-7.89500020914602e-09,-7.105427357601002e-15,0.0
266_266_Kuosheng_Bay_(1998),SE,0.07,7,10.802000000000001,46.154,0.394784,10.4072160308336,9.2308,26.1211967,0.0,0.0,0.0,Gastropods,0.0,0.0,0.0,0.0,0.0,0.0365473032000001,-3.0833598785307004e-08,3.3000000030369847e-06,0.0
266_266_Kuosheng_Bay_(1998),SE,0.07,6,9.316,22.0296,1.54,7.776000127740001,4.40592,8.30768,0.0,0.0,0.0,Bernacles,0.0,0.0,0.0,0.0,0.0,0.16530698499999996,-1.2773999991111396e-07,-1.7763568394002505e-15,0.0
266_266_Kuosheng_Bay_(1998),SE,0.07,5,52.0,260.0,28.698999999999998,23.301000111999997,52.0,156.0,0.0,0.0,0.0,Infauna,0.0,0.0,0.0,0.0,0.0,0.551903844,-1.1199999505606684e-07,0.0,0.0
266_266_Kuosheng_Bay_(1998),SE,0.07,4,1372.0,3584.0,792.7720360000002,579.2279416000001,716.8000000000001,1495.2,0.0,0.0,0.0,Carnivorous zooplankton,0.0,0.0,0.0,0.0,0.0,0.5778222,2.2399999579647556e-05,-2.2737367544323206e-13,0.0
266_266_Kuosheng_Bay_(1998),SE,0.07,3,3958.5000000000005,10556.0,2739.59414,1218.90567435,2111.2000000000003,4486.3,0.0,0.0,0.0,Herbivorous zooplankton,0.0,0.0,0.0,0.0,0.0,0.6920789,0.0001856500002759276,-9.094947017729282e-13,0.0
266_266_Kuosheng_Bay_(1998),SE,0.07,2,45.64,45.64,16.207800000000002,29.4321992874,0.0,0.0,0.0,0.0,0.0,Periphyton,0.0,0.0,0.0,0.0,0.0,0.35512271500000003,7.125999985646558e-07,0.0,0.0
266_266_Kuosheng_Bay_(1998),SE,0.07,1,6664.0,6664.0,3216.527208,3447.4724592000002,0.0,0.0,0.0,0.0,0.0,Phytoplankton,0.0,0.0,0.0,0.0,0.0,0.4826722,0.0003328000002511544,0.0,0.0
266_266_Kuosheng_Bay_(1998),SC,0.08,18,-0.0,-0.0,0.0,0.0,0.0,0.0,0.0,0.0,0.0,diet_import,0.0,0.0,0.0,0.0,0.0,,-0.0,0.0,0.0
266_266_Kuosheng_Bay_(1998),SC,0.08,17,8281.162622539883,8281.162622539883,7900.977784,0.0,0.0,0.0,0.0,380.18483853988346,0.0,Detritus,0.0,0.0,0.0,0.0,0.0,1.0,0.0,0.0,0.0
266_266_Kuosheng_Bay_(1998),SC,0.08,16,0.4676,3.6400000000000006,0.15600000000000003,0.011599965022799991,0.7280000000000002,2.4444,0.3,0.0,0.0,Detritivorous fish,0.0,0.024,0.276,0.3,0.0,0.975192547,3.497720002521021e-08,4.440892098500626e-16,0.0
266_266_Kuosheng_Bay_(1998),SC,0.08,15,0.1612,1.56,0.0,0.0111999936828,0.31200000000000006,1.0868,0.15,0.0,0.0,Piscivorous fish,0.0,0.012,0.138,0.15,0.0,0.930521131,6.317200013095103e-09,0.0,0.0
266_266_Kuosheng_Bay_(1998),SC,0.08,14,1.0244,3.0368,0.48027200000000003,0.024128000519999998,0.60736,1.40503991,0.52,0.0,0.0,Benthic-feeding fish,0.0,0.041600000000000005,0.47840000000000005,0.52,0.0,0.9764467,-5.200000430249929e-10,9.000000011916143e-08,0.0
266_266_Kuosheng_Bay_(1998),SC,0.08,13,0.8256,4.32,0.5591039999999999,0.02649602042880001,0.8640000000000001,2.6303997,0.24,0.0,0.0,Zooplanktivorous fish,0.0,0.0192,0.2208,0.24,0.0,0.967906952,-2.0428799984983925e-08,2.9999999995311555e-07,0.0
266_266_Kuosheng_Bay_(1998),SC,0.08,12,0.9434,10.68,0.6204000000000001,0.31299993124000003,2.136,7.60060024,0.01,0.0,0.0,Herbivorous fish,0.0,0.0008,0.0092,0.01,0.0,0.6682214,6.875999991606818e-08,-2.400000012059422e-07,0.0
266_266_Kuosheng_Bay_(1998),SC,0.08,11,0.5365,3.7,0.0,0.5365,0.7400000000000001,2.4235,0.0,0.0,0.0,Holothuroids,0.0,0.0,0.0,0.0,0.0,0.0,0.0,-4.440892098500626e-16,0.0
266_266_Kuosheng_Bay_(1998),SC,0.08,10,4.015,38.5,0.69376,3.321240051745,7.7,26.785,0.0,0.0,0.0,Crabs,0.0,0.0,0.0,0.0,0.0,0.17279201700000002,-5.174500028459761e-08,0.0,0.0
266_266_Kuosheng_Bay_(1998),SC,0.08,9,10.1875,105.95,1.574432,8.613067861375,21.19,74.5724945,0.0,0.0,0.0,Shrimp,0.0,0.0,0.0,0.0,0.0,0.15454548599999995,1.3862499947947526e-07,5.50000000032469e-06,0.0
266_266_Kuosheng_Bay_(1998),SC,0.08,8,11.8665,61.529999999999994,0.30368,11.562820007895,12.306,37.3575,0.0,0.0,0.0,Bivalves,0.0,0.0,0.0,0.0,0.0,0.025591370000000002,-7.89500020914602e-09,-7.105427357601002e-15,0.0
266_266_Kuosheng_Bay_(1998),SC,0.08,7,10.802000000000001,46.154,0.394784,10.4072160308336,9.2308,26.1211967,0.0,0.0,0.0,Gastropods,0.0,0.0,0.0,0.0,0.0,0.0365473032000001,-3.0833598785307004e-08,3.3000000030369847e-06,0.0
266_266_Kuosheng_Bay_(1998),SC,0.08,6,9.316,22.0296,1.54,7.776000127740001,4.40592,8.30768,0.0,0.0,0.0,Bernacles,0.0,0.0,0.0,0.0,0.0,0.16530698499999996,-1.2773999991111396e-07,-1.7763568394002505e-15,0.0
266_266_Kuosheng_Bay_(1998),SC,0.08,5,52.0,260.0,28.698999999999998,23.301000111999997,52.0,156.0,0.0,0.0,0.0,Infauna,0.0,0.0,0.0,0.0,0.0,0.551903844,-1.1199999505606684e-07,0.0,0.0
266_266_Kuosheng_Bay_(1998),SC,0.08,4,1372.0,3584.0,792.7720360000002,579.2279416000001,716.8000000000001,1495.2,0.0,0.0,0.0,Carnivorous zooplankton,0.0,0.0,0.0,0.0,0.0,0.5778222,2.2399999579647556e-05,-2.2737367544323206e-13,0.0
266_266_Kuosheng_Bay_(1998),SC,0.08,3,3958.5000000000005,10556.0,2739.59414,1218.90567435,2111.2000000000003,4486.3,0.0,0.0,0.0,Herbivorous zooplankton,0.0,0.0,0.0,0.0,0.0,0.6920789,0.0001856500002759276,-9.094947017729282e-13,0.0
266_266_Kuosheng_Bay_(1998),SC,0.08,2,45.64,45.64,16.207800000000002,29.4321992874,0.0,0.0,0.0,0.0,0.0,Periphyton,0.0,0.0,0.0,0.0,0.0,0.35512271500000003,7.125999985646558e-07,0.0,0.0
266_266_Kuosheng_Bay_(1998),SC,0.08,1,6664.0,6664.0,3216.527208,3447.4724592000002,0.0,0.0,0.0,0.0,0.0,Phytoplankton,0.0,0.0,0.0,0.0,0.0,0.4826722,0.0003328000002511544,0.0,0.0
266_266_Kuosheng_Bay_(1998),SM,0.08,18,-0.0,-0.0,0.0,0.0,0.0,0.0,0.0,0.0,0.0,diet_import,0.0,0.0,0.0,0.0,0.0,,-0.0,0.0,0.0
266_266_Kuosheng_Bay_(1998),SM,0.08,17,8281.260222539884,8281.260222539884,7900.977784,0.0,0.0,0.0,0.0,380.2824385398844,0.0,Detritus,0.0,0.0,0.0,0.0,0.0,1.0,0.0,0.0,0.0
266_266_Kuosheng_Bay_(1998),SM,0.08,16,0.4676,3.6400000000000006,0.15600000000000003,0.035599965022799995,0.7280000000000002,2.4444,0.3,0.0,0.0,Detritivorous fish,0.0,0.024,0.276,0.276,0.0,0.9238666274106073,3.497719996969906e-08,4.440892098500626e-16,0.0
266_266_Kuosheng_Bay_(1998),SM,0.08,15,0.1612,1.56,0.0,0.0231999936828,0.31200000000000006,1.0868,0.15,0.0,0.0,Piscivorous fish,0.0,0.012,0.138,0.138,0.0,0.8560794436550869,6.317199985339528e-09,0.0,0.0
266_266_Kuosheng_Bay_(1998),SM,0.08,14,1.0244,3.0368,0.48027200000000003,0.06572800052,0.60736,1.40503991,0.52,0.0,0.0,Benthic-feeding fish,0.0,0.041600000000000005,0.47840000000000005,0.47840000000000005,0.0,0.9358375629441624,-5.200000430249929e-10,9.000000011916143e-08,0.0
266_266_Kuosheng_Bay_(1998),SM,0.08,13,0.8256,4.32,0.5591039999999999,0.04569602042880001,0.8640000000000001,2.6303997,0.24,0.0,0.0,Zooplanktivorous fish,0.0,0.0192,0.2208,0.2208,0.0,0.9446511380465116,-2.0428799984983925e-08,2.9999999995311555e-07,0.0
266_266_Kuosheng_Bay_(1998),SM,0.08,12,0.9434,10.68,0.6204000000000001,0.31379993124000005,2.136,7.60060024,0.01,0.0,0.0,Herbivorous fish,0.0,0.0008,0.0092,0.0092,0.0,0.6673734033919864,6.875999991606818e-08,-2.400000012059422e-07,0.0
266_266_Kuosheng_Bay_(1998),SM,0.08,11,0.5365,3.7,0.0,0.5365,0.7400000000000001,2.4235,0.0,0.0,0.0,Holothuroids,0.0,0.0,0.0,0.0,0.0,0.0,0.0,-4.440892098500626e-16,0.0
266_266_Kuosheng_Bay_(1998),SM,0.08,10,4.015,38.5,0.69376,3.321240051745,7.7,26.785,0.0,0.0,0.0,Crabs,0.0,0.0,0.0,0.0,0.0,0.17279201700000002,-5.174500028459761e-08,0.0,0.0
266_266_Kuosheng_Bay_(1998),SM,0.08,9,10.1875,105.95,1.574432,8.613067861375,21.19,74.5724945,0.0,0.0,0.0,Shrimp,0.0,0.0,0.0,0.0,0.0,0.15454548599999995,1.3862499947947526e-07,5.50000000032469e-06,0.0
266_266_Kuosheng_Bay_(1998),SM,0.08,8,11.8665,61.529999999999994,0.30368,11.562820007895,12.306,37.3575,0.0,0.0,0.0,Bivalves,0.0,0.0,0.0,0.0,0.0,0.025591370000000002,-7.89500020914602e-09,-7.105427357601002e-15,0.0
266_266_Kuosheng_Bay_(1998),SM,0.08,7,10.802000000000001,46.154,0.394784,10.4072160308336,9.2308,26.1211967,0.0,0.0,0.0,Gastropods,0.0,0.0,0.0,0.0,0.0,0.0365473032000001,-3.0833598785307004e-08,3.3000000030369847e-06,0.0
266_266_Kuosheng_Bay_(1998),SM,0.08,6,9.316,22.0296,1.54,7.776000127740001,4.40592,8.30768,0.0,0.0,0.0,Bernacles,0.0,0.0,0.0,0.0,0.0,0.16530698499999996,-1.2773999991111396e-07,-1.7763568394002505e-15,0.0
266_266_Kuosheng_Bay_(1998),SM,0.08,5,52.0,260.0,28.698999999999998,23.301000111999997,52.0,156.0,0.0,0.0,0.0,Infauna,0.0,0.0,0.0,0.0,0.0,0.551903844,-1.1199999505606684e-07,0.0,0.0
266_266_Kuosheng_Bay_(1998),SM,0.08,4,1372.0,3584.0,792.7720360000002,579.2279416000001,716.8000000000001,1495.2,0.0,0.0,0.0,Carnivorous zooplankton,0.0,0.0,0.0,0.0,0.0,0.5778222,2.2399999579647556e-05,-2.2737367544323206e-13,0.0
266_266_Kuosheng_Bay_(1998),SM,0.08,3,3958.5000000000005,10556.0,2739.59414,1218.90567435,2111.2000000000003,4486.3,0.0,0.0,0.0,Herbivorous zooplankton,0.0,0.0,0.0,0.0,0.0,0.6920789,0.0001856500002759276,-9.094947017729282e-13,0.0
266_266_Kuosheng_Bay_(1998),SM,0.08,2,45.64,45.64,16.207800000000002,29.4321992874,0.0,0.0,0.0,0.0,0.0,Periphyton,0.0,0.0,0.0,0.0,0.0,0.35512271500000003,7.125999985646558e-07,0.0,0.0
266_266_Kuosheng_Bay_(1998),SM,0.08,1,6664.0,6664.0,3216.527208,3447.4724592000002,0.0,0.0,0.0,0.0,0.0,Phytoplankton,0.0,0.0,0.0,0.0,0.0,0.4826722,0.0003328000002511544,0.0,0.0
266_266_Kuosheng_Bay_(1998),SE,0.08,18,-0.0,-0.0,0.0,0.0,0.0,0.0,0.0,0.0,0.0,diet_import,0.0,0.0,0.0,0.0,0.0,,-0.0,0.0,0.0
266_266_Kuosheng_Bay_(1998),SE,0.08,17,8281.162622539883,8281.162622539883,7900.977784,0.0,0.0,0.0,0.0,380.18483853988346,0.0,Detritus,0.0,0.0,0.0,0.0,0.0,1.0,0.0,0.0,0.0
266_266_Kuosheng_Bay_(1998),SE,0.08,16,0.4676,3.6400000000000006,0.15600000000000003,0.011599965022799991,0.7280000000000002,2.4444,0.3,0.0,0.0,Detritivorous fish,0.024,0.024,0.276,0.276,0.0,0.975192547,3.4977199914187906e-08,4.440892098500626e-16,0.0
266_266_Kuosheng_Bay_(1998),SE,0.08,15,0.1612,1.56,0.0,0.0111999936828,0.31200000000000006,1.0868,0.15,0.0,0.0,Piscivorous fish,0.012,0.012,0.138,0.138,0.0,0.930521131,6.317199985339528e-09,0.0,0.0
266_266_Kuosheng_Bay_(1998),SE,0.08,14,1.0244,3.0368,0.48027200000000003,0.024128000519999998,0.60736,1.40503991,0.52,0.0,0.0,Benthic-feeding fish,0.041600000000000005,0.041600000000000005,0.47840000000000005,0.47840000000000005,0.0,0.9764467,-5.200000430249929e-10,9.000000011916143e-08,0.0
266_266_Kuosheng_Bay_(1998),SE,0.08,13,0.8256,4.32,0.5591039999999999,0.02649602042880001,0.8640000000000001,2.6303997,0.24,0.0,0.0,Zooplanktivorous fish,0.0192,0.0192,0.2208,0.2208,0.0,0.967906952,-2.0428799984983925e-08,2.9999999995311555e-07,0.0
266_266_Kuosheng_Bay_(1998),SE,0.08,12,0.9434,10.68,0.6204000000000001,0.31299993124000003,2.136,7.60060024,0.01,0.0,0.0,Herbivorous fish,0.0008,0.0008,0.0092,0.0092,0.0,0.6682214,6.875999991606818e-08,-2.400000012059422e-07,0.0
266_266_Kuosheng_Bay_(1998),SE,0.08,11,0.5365,3.7,0.0,0.5365,0.7400000000000001,2.4235,0.0,0.0,0.0,Holothuroids,0.0,0.0,0.0,0.0,0.0,0.0,0.0,-4.440892098500626e-16,0.0
266_266_Kuosheng_Bay_(1998),SE,0.08,10,4.015,38.5,0.69376,3.321240051745,7.7,26.785,0.0,0.0,0.0,Crabs,0.0,0.0,0.0,0.0,0.0,0.17279201700000002,-5.174500028459761e-08,0.0,0.0
266_266_Kuosheng_Bay_(1998),SE,0.08,9,10.1875,105.95,1.574432,8.613067861375,21.19,74.5724945,0.0,0.0,0.0,Shrimp,0.0,0.0,0.0,0.0,0.0,0.15454548599999995,1.3862499947947526e-07,5.50000000032469e-06,0.0
266_266_Kuosheng_Bay_(1998),SE,0.08,8,11.8665,61.529999999999994,0.30368,11.562820007895,12.306,37.3575,0.0,0.0,0.0,Bivalves,0.0,0.0,0.0,0.0,0.0,0.025591370000000002,-7.89500020914602e-09,-7.105427357601002e-15,0.0
266_266_Kuosheng_Bay_(1998),SE,0.08,7,10.802000000000001,46.154,0.394784,10.4072160308336,9.2308,26.1211967,0.0,0.0,0.0,Gastropods,0.0,0.0,0.0,0.0,0.0,0.0365473032000001,-3.0833598785307004e-08,3.3000000030369847e-06,0.0
266_266_Kuosheng_Bay_(1998),SE,0.08,6,9.316,22.0296,1.54,7.776000127740001,4.40592,8.30768,0.0,0.0,0.0,Bernacles,0.0,0.0,0.0,0.0,0.0,0.16530698499999996,-1.2773999991111396e-07,-1.7763568394002505e-15,0.0
266_266_Kuosheng_Bay_(1998),SE,0.08,5,52.0,260.0,28.698999999999998,23.301000111999997,52.0,156.0,0.0,0.0,0.0,Infauna,0.0,0.0,0.0,0.0,0.0,0.551903844,-1.1199999505606684e-07,0.0,0.0
266_266_Kuosheng_Bay_(1998),SE,0.08,4,1372.0,3584.0,792.7720360000002,579.2279416000001,716.8000000000001,1495.2,0.0,0.0,0.0,Carnivorous zooplankton,0.0,0.0,0.0,0.0,0.0,0.5778222,2.2399999579647556e-05,-2.2737367544323206e-13,0.0
266_266_Kuosheng_Bay_(1998),SE,0.08,3,3958.5000000000005,10556.0,2739.59414,1218.90567435,2111.2000000000003,4486.3,0.0,0.0,0.0,Herbivorous zooplankton,0.0,0.0,0.0,0.0,0.0,0.6920789,0.0001856500002759276,-9.094947017729282e-13,0.0
266_266_Kuosheng_Bay_(1998),SE,0.08,2,45.64,45.64,16.207800000000002,29.4321992874,0.0,0.0,0.0,0.0,0.0,Periphyton,0.0,0.0,0.0,0.0,0.0,0.35512271500000003,7.125999985646558e-07,0.0,0.0
266_266_Kuosheng_Bay_(1998),SE,0.08,1,6664.0,6664.0,3216.527208,3447.4724592000002,0.0,0.0,0.0,0.0,0.0,Phytoplankton,0.0,0.0,0.0,0.0,0.0,0.4826722,0.0003328000002511544,0.0,0.0
266_266_Kuosheng_Bay_(1998),SC,0.09,18,-0.0,-0.0,0.0,0.0,0.0,0.0,0.0,0.0,0.0,diet_import,0.0,0.0,0.0,0.0,0.0,,-0.0,0.0,0.0
266_266_Kuosheng_Bay_(1998),SC,0.09,17,8281.162622539883,8281.162622539883,7900.977784,0.0,0.0,0.0,0.0,380.18483853988346,0.0,Detritus,0.0,0.0,0.0,0.0,0.0,1.0,0.0,0.0,0.0
266_266_Kuosheng_Bay_(1998),SC,0.09,16,0.4676,3.6400000000000006,0.15600000000000003,0.011599965022799991,0.7280000000000002,2.4444,0.3,0.0,0.0,Detritivorous fish,0.0,0.027,0.273,0.3,0.0,0.975192547,3.497720002521021e-08,4.440892098500626e-16,0.0
266_266_Kuosheng_Bay_(1998),SC,0.09,15,0.1612,1.56,0.0,0.0111999936828,0.31200000000000006,1.0868,0.15,0.0,0.0,Piscivorous fish,0.0,0.0135,0.1365,0.15,0.0,0.930521131,6.317200013095103e-09,0.0,0.0
266_266_Kuosheng_Bay_(1998),SC,0.09,14,1.0244,3.0368,0.48027200000000003,0.024128000519999998,0.60736,1.40503991,0.52,0.0,0.0,Benthic-feeding fish,0.0,0.0468,0.4732,0.52,0.0,0.9764467,-5.200000430249929e-10,9.000000011916143e-08,0.0
266_266_Kuosheng_Bay_(1998),SC,0.09,13,0.8256,4.32,0.5591039999999999,0.02649602042880001,0.8640000000000001,2.6303997,0.24,0.0,0.0,Zooplanktivorous fish,0.0,0.021599999999999998,0.2184,0.24,0.0,0.967906952,-2.0428799984983925e-08,2.9999999995311555e-07,0.0
266_266_Kuosheng_Bay_(1998),SC,0.09,12,0.9434,10.68,0.6204000000000001,0.31299993124000003,2.136,7.60060024,0.01,0.0,0.0,Herbivorous fish,0.0,0.0009,0.0091,0.01,0.0,0.6682214,6.875999991606818e-08,-2.400000012059422e-07,0.0
266_266_Kuosheng_Bay_(1998),SC,0.09,11,0.5365,3.7,0.0,0.5365,0.7400000000000001,2.4235,0.0,0.0,0.0,Holothuroids,0.0,0.0,0.0,0.0,0.0,0.0,0.0,-4.440892098500626e-16,0.0
266_266_Kuosheng_Bay_(1998),SC,0.09,10,4.015,38.5,0.69376,3.321240051745,7.7,26.785,0.0,0.0,0.0,Crabs,0.0,0.0,0.0,0.0,0.0,0.17279201700000002,-5.174500028459761e-08,0.0,0.0
266_266_Kuosheng_Bay_(1998),SC,0.09,9,10.1875,105.95,1.574432,8.613067861375,21.19,74.5724945,0.0,0.0,0.0,Shrimp,0.0,0.0,0.0,0.0,0.0,0.15454548599999995,1.3862499947947526e-07,5.50000000032469e-06,0.0
266_266_Kuosheng_Bay_(1998),SC,0.09,8,11.8665,61.529999999999994,0.30368,11.562820007895,12.306,37.3575,0.0,0.0,0.0,Bivalves,0.0,0.0,0.0,0.0,0.0,0.025591370000000002,-7.89500020914602e-09,-7.105427357601002e-15,0.0
266_266_Kuosheng_Bay_(1998),SC,0.09,7,10.802000000000001,46.154,0.394784,10.4072160308336,9.2308,26.1211967,0.0,0.0,0.0,Gastropods,0.0,0.0,0.0,0.0,0.0,0.0365473032000001,-3.0833598785307004e-08,3.3000000030369847e-06,0.0
266_266_Kuosheng_Bay_(1998),SC,0.09,6,9.316,22.0296,1.54,7.776000127740001,4.40592,8.30768,0.0,0.0,0.0,Bernacles,0.0,0.0,0.0,0.0,0.0,0.16530698499999996,-1.2773999991111396e-07,-1.7763568394002505e-15,0.0
266_266_Kuosheng_Bay_(1998),SC,0.09,5,52.0,260.0,28.698999999999998,23.301000111999997,52.0,156.0,0.0,0.0,0.0,Infauna,0.0,0.0,0.0,0.0,0.0,0.551903844,-1.1199999505606684e-07,0.0,0.0
266_266_Kuosheng_Bay_(1998),SC,0.09,4,1372.0,3584.0,792.7720360000002,579.2279416000001,716.8000000000001,1495.2,0.0,0.0,0.0,Carnivorous zooplankton,0.0,0.0,0.0,0.0,0.0,0.5778222,2.2399999579647556e-05,-2.2737367544323206e-13,0.0
266_266_Kuosheng_Bay_(1998),SC,0.09,3,3958.5000000000005,10556.0,2739.59414,1218.90567435,2111.2000000000003,4486.3,0.0,0.0,0.0,Herbivorous zooplankton,0.0,0.0,0.0,0.0,0.0,0.6920789,0.0001856500002759276,-9.094947017729282e-13,0.0
266_266_Kuosheng_Bay_(1998),SC,0.09,2,45.64,45.64,16.207800000000002,29.4321992874,0.0,0.0,0.0,0.0,0.0,Periphyton,0.0,0.0,0.0,0.0,0.0,0.35512271500000003,7.125999985646558e-07,0.0,0.0
266_266_Kuosheng_Bay_(1998),SC,0.09,1,6664.0,6664.0,3216.527208,3447.4724592000002,0.0,0.0,0.0,0.0,0.0,Phytoplankton,0.0,0.0,0.0,0.0,0.0,0.4826722,0.0003328000002511544,0.0,0.0
266_266_Kuosheng_Bay_(1998),SM,0.09,18,-0.0,-0.0,0.0,0.0,0.0,0.0,0.0,0.0,0.0,diet_import,0.0,0.0,0.0,0.0,0.0,,-0.0,0.0,0.0
266_266_Kuosheng_Bay_(1998),SM,0.09,17,8281.272422539885,8281.272422539885,7900.977784,0.0,0.0,0.0,0.0,380.29463853988545,0.0,Detritus,0.0,0.0,0.0,0.0,0.0,1.0,0.0,0.0,0.0
266_266_Kuosheng_Bay_(1998),SM,0.09,16,0.4676,3.6400000000000006,0.15600000000000003,0.03859996502279999,0.7280000000000002,2.4444,0.3,0.0,0.0,Detritivorous fish,0.0,0.027,0.273,0.273,0.0,0.9174508874619333,3.497719996969906e-08,4.440892098500626e-16,0.0
266_266_Kuosheng_Bay_(1998),SM,0.09,15,0.1612,1.56,0.0,0.0246999936828,0.31200000000000006,1.0868,0.15,0.0,0.0,Piscivorous fish,0.0,0.0135,0.1365,0.1365,0.0,0.8467742327369727,6.317199985339528e-09,0.0,0.0
266_266_Kuosheng_Bay_(1998),SM,0.09,14,1.0244,3.0368,0.48027200000000003,0.07092800052,0.60736,1.40503991,0.52,0.0,0.0,Benthic-feeding fish,0.0,0.0468,0.4732,0.4732,0.0,0.9307614208121827,-5.200000430249929e-10,9.000000011916143e-08,0.0
266_266_Kuosheng_Bay_(1998),SM,0.09,13,0.8256,4.32,0.5591039999999999,0.04809602042880001,0.8640000000000001,2.6303997,0.24,0.0,0.0,Zooplanktivorous fish,0.0,0.021599999999999998,0.2184,0.2184,0.0,0.9417441613023255,-2.0428799984983925e-08,2.9999999995311555e-07,0.0
266_266_Kuosheng_Bay_(1998),SM,0.09,12,0.9434,10.68,0.6204000000000001,0.31389993124000004,2.136,7.60060024,0.01,0.0,0.0,Herbivorous fish,0.0,0.0009,0.0091,0.0091,0.0,0.6672674038159847,6.875999991606818e-08,-2.400000012059422e-07,0.0
266_266_Kuosheng_Bay_(1998),SM,0.09,11,0.5365,3.7,0.0,0.5365,0.7400000000000001,2.4235,0.0,0.0,0.0,Holothuroids,0.0,0.0,0.0,0.0,0.0,0.0,0.0,-4.440892098500626e-16,0.0
266_266_Kuosheng_Bay_(1998),SM,0.09,10,4.015,38.5,0.69376,3.321240051745,7.7,26.785,0.0,0.0,0.0,Crabs,0.0,0.0,0.0,0.0,0.0,0.17279201700000002,-5.174500028459761e-08,0.0,0.0
266_266_Kuosheng_Bay_(1998),SM,0.09,9,10.1875,105.95,1.574432,8.613067861375,21.19,74.5724945,0.0,0.0,0.0,Shrimp,0.0,0.0,0.0,0.0,0.0,0.15454548599999995,1.3862499947947526e-07,5.50000000032469e-06,0.0
266_266_Kuosheng_Bay_(1998),SM,0.09,8,11.8665,61.529999999999994,0.30368,11.562820007895,12.306,37.3575,0.0,0.0,0.0,Bivalves,0.0,0.0,0.0,0.0,0.0,0.025591370000000002,-7.89500020914602e-09,-7.105427357601002e-15,0.0
266_266_Kuosheng_Bay_(1998),SM,0.09,7,10.802000000000001,46.154,0.394784,10.4072160308336,9.2308,26.1211967,0.0,0.0,0.0,Gastropods,0.0,0.0,0.0,0.0,0.0,0.0365473032000001,-3.0833598785307004e-08,3.3000000030369847e-06,0.0
266_266_Kuosheng_Bay_(1998),SM,0.09,6,9.316,22.0296,1.54,7.776000127740001,4.40592,8.30768,0.0,0.0,0.0,Bernacles,0.0,0.0,0.0,0.0,0.0,0.16530698499999996,-1.2773999991111396e-07,-1.7763568394002505e-15,0.0
266_266_Kuosheng_Bay_(1998),SM,0.09,5,52.0,260.0,28.698999999999998,23.301000111999997,52.0,156.0,0.0,0.0,0.0,Infauna,0.0,0.0,0.0,0.0,0.0,0.551903844,-1.1199999505606684e-07,0.0,0.0
266_266_Kuosheng_Bay_(1998),SM,0.09,4,1372.0,3584.0,792.7720360000002,579.2279416000001,716.8000000000001,1495.2,0.0,0.0,0.0,Carnivorous zooplankton,0.0,0.0,0.0,0.0,0.0,0.5778222,2.2399999579647556e-05,-2.2737367544323206e-13,0.0
266_266_Kuosheng_Bay_(1998),SM,0.09,3,3958.5000000000005,10556.0,2739.59414,1218.90567435,2111.2000000000003,4486.3,0.0,0.0,0.0,Herbivorous zooplankton,0.0,0.0,0.0,0.0,0.0,0.6920789,0.0001856500002759276,-9.094947017729282e-13,0.0
266_266_Kuosheng_Bay_(1998),SM,0.09,2,45.64,45.64,16.207800000000002,29.4321992874,0.0,0.0,0.0,0.0,0.0,Periphyton,0.0,0.0,0.0,0.0,0.0,0.35512271500000003,7.125999985646558e-07,0.0,0.0
266_266_Kuosheng_Bay_(1998),SM,0.09,1,6664.0,6664.0,3216.527208,3447.4724592000002,0.0,0.0,0.0,0.0,0.0,Phytoplankton,0.0,0.0,0.0,0.0,0.0,0.4826722,0.0003328000002511544,0.0,0.0
266_266_Kuosheng_Bay_(1998),SE,0.09,18,-0.0,-0.0,0.0,0.0,0.0,0.0,0.0,0.0,0.0,diet_import,0.0,0.0,0.0,0.0,0.0,,-0.0,0.0,0.0
266_266_Kuosheng_Bay_(1998),SE,0.09,17,8281.162622539883,8281.162622539883,7900.977784,0.0,0.0,0.0,0.0,380.18483853988346,0.0,Detritus,0.0,0.0,0.0,0.0,0.0,1.0,0.0,0.0,0.0
266_266_Kuosheng_Bay_(1998),SE,0.09,16,0.4676,3.6400000000000006,0.15600000000000003,0.011599965022799991,0.7280000000000002,2.4444,0.3,0.0,0.0,Detritivorous fish,0.027,0.027,0.273,0.273,0.0,0.975192547,3.4977199914187906e-08,4.440892098500626e-16,0.0
266_266_Kuosheng_Bay_(1998),SE,0.09,15,0.1612,1.56,0.0,0.0111999936828,0.31200000000000006,1.0868,0.15,0.0,0.0,Piscivorous fish,0.0135,0.0135,0.1365,0.1365,0.0,0.930521131,6.317199985339528e-09,0.0,0.0
266_266_Kuosheng_Bay_(1998),SE,0.09,14,1.0244,3.0368,0.48027200000000003,0.024128000519999998,0.60736,1.40503991,0.52,0.0,0.0,Benthic-feeding fish,0.0468,0.0468,0.4732,0.4732,0.0,0.9764467,-5.200000430249929e-10,9.000000011916143e-08,0.0
266_266_Kuosheng_Bay_(1998),SE,0.09,13,0.8256,4.32,0.5591039999999999,0.02649602042880001,0.8640000000000001,2.6303997,0.24,0.0,0.0,Zooplanktivorous fish,0.021599999999999998,0.021599999999999998,0.2184,0.2184,0.0,0.967906952,-2.0428799984983925e-08,2.9999999995311555e-07,0.0
266_266_Kuosheng_Bay_(1998),SE,0.09,12,0.9434,10.68,0.6204000000000001,0.31299993124000003,2.136,7.60060024,0.01,0.0,0.0,Herbivorous fish,0.0009,0.0009,0.0091,0.0091,0.0,0.6682214,6.875999991606818e-08,-2.400000012059422e-07,0.0
266_266_Kuosheng_Bay_(1998),SE,0.09,11,0.5365,3.7,0.0,0.5365,0.7400000000000001,2.4235,0.0,0.0,0.0,Holothuroids,0.0,0.0,0.0,0.0,0.0,0.0,0.0,-4.440892098500626e-16,0.0
266_266_Kuosheng_Bay_(1998),SE,0.09,10,4.015,38.5,0.69376,3.321240051745,7.7,26.785,0.0,0.0,0.0,Crabs,0.0,0.0,0.0,0.0,0.0,0.17279201700000002,-5.174500028459761e-08,0.0,0.0
266_266_Kuosheng_Bay_(1998),SE,0.09,9,10.1875,105.95,1.574432,8.613067861375,21.19,74.5724945,0.0,0.0,0.0,Shrimp,0.0,0.0,0.0,0.0,0.0,0.15454548599999995,1.3862499947947526e-07,5.50000000032469e-06,0.0
266_266_Kuosheng_Bay_(1998),SE,0.09,8,11.8665,61.529999999999994,0.30368,11.562820007895,12.306,37.3575,0.0,0.0,0.0,Bivalves,0.0,0.0,0.0,0.0,0.0,0.025591370000000002,-7.89500020914602e-09,-7.105427357601002e-15,0.0
266_266_Kuosheng_Bay_(1998),SE,0.09,7,10.802000000000001,46.154,0.394784,10.4072160308336,9.2308,26.1211967,0.0,0.0,0.0,Gastropods,0.0,0.0,0.0,0.0,0.0,0.0365473032000001,-3.0833598785307004e-08,3.3000000030369847e-06,0.0
266_266_Kuosheng_Bay_(1998),SE,0.09,6,9.316,22.0296,1.54,7.776000127740001,4.40592,8.30768,0.0,0.0,0.0,Bernacles,0.0,0.0,0.0,0.0,0.0,0.16530698499999996,-1.2773999991111396e-07,-1.7763568394002505e-15,0.0
266_266_Kuosheng_Bay_(1998),SE,0.09,5,52.0,260.0,28.698999999999998,23.301000111999997,52.0,156.0,0.0,0.0,0.0,Infauna,0.0,0.0,0.0,0.0,0.0,0.551903844,-1.1199999505606684e-07,0.0,0.0
266_266_Kuosheng_Bay_(1998),SE,0.09,4,1372.0,3584.0,792.7720360000002,579.2279416000001,716.8000000000001,1495.2,0.0,0.0,0.0,Carnivorous zooplankton,0.0,0.0,0.0,0.0,0.0,0.5778222,2.2399999579647556e-05,-2.2737367544323206e-13,0.0
266_266_Kuosheng_Bay_(1998),SE,0.09,3,3958.5000000000005,10556.0,2739.59414,1218.90567435,2111.2000000000003,4486.3,0.0,0.0,0.0,Herbivorous zooplankton,0.0,0.0,0.0,0.0,0.0,0.6920789,0.0001856500002759276,-9.094947017729282e-13,0.0
266_266_Kuosheng_Bay_(1998),SE,0.09,2,45.64,45.64,16.207800000000002,29.4321992874,0.0,0.0,0.0,0.0,0.0,Periphyton,0.0,0.0,0.0,0.0,0.0,0.35512271500000003,7.125999985646558e-07,0.0,0.0
266_266_Kuosheng_Bay_(1998),SE,0.09,1,6664.0,6664.0,3216.527208,3447.4724592000002,0.0,0.0,0.0,0.0,0.0,Phytoplankton,0.0,0.0,0.0,0.0,0.0,0.4826722,0.0003328000002511544,0.0,0.0
266_266_Kuosheng_Bay_(1998),SC,0.1,18,-0.0,-0.0,0.0,0.0,0.0,0.0,0.0,0.0,0.0,diet_import,0.0,0.0,0.0,0.0,0.0,,-0.0,0.0,0.0
266_266_Kuosheng_Bay_(1998),SC,0.1,17,8281.162622539883,8281.162622539883,7900.977784,0.0,0.0,0.0,0.0,380.18483853988346,0.0,Detritus,0.0,0.0,0.0,0.0,0.0,1.0,0.0,0.0,0.0
266_266_Kuosheng_Bay_(1998),SC,0.1,16,0.4676,3.6400000000000006,0.15600000000000003,0.011599965022799991,0.7280000000000002,2.4444,0.3,0.0,0.0,Detritivorous fish,0.0,0.03,0.27,0.3,0.0,0.975192547,3.497720002521021e-08,4.440892098500626e-16,0.0
266_266_Kuosheng_Bay_(1998),SC,0.1,15,0.1612,1.56,0.0,0.0111999936828,0.31200000000000006,1.0868,0.15,0.0,0.0,Piscivorous fish,0.0,0.015,0.135,0.15,0.0,0.930521131,6.317200013095103e-09,0.0,0.0
266_266_Kuosheng_Bay_(1998),SC,0.1,14,1.0244,3.0368,0.48027200000000003,0.024128000519999998,0.60736,1.40503991,0.52,0.0,0.0,Benthic-feeding fish,0.0,0.052000000000000005,0.468,0.52,0.0,0.9764467,-5.200000430249929e-10,9.000000011916143e-08,0.0
266_266_Kuosheng_Bay_(1998),SC,0.1,13,0.8256,4.32,0.5591039999999999,0.02649602042880001,0.8640000000000001,2.6303997,0.24,0.0,0.0,Zooplanktivorous fish,0.0,0.024,0.216,0.24,0.0,0.967906952,-2.0428799984983925e-08,2.9999999995311555e-07,0.0
266_266_Kuosheng_Bay_(1998),SC,0.1,12,0.9434,10.68,0.6204000000000001,0.31299993124000003,2.136,7.60060024,0.01,0.0,0.0,Herbivorous fish,0.0,0.001,0.009000000000000001,0.01,0.0,0.6682214,6.875999991606818e-08,-2.400000012059422e-07,0.0
266_266_Kuosheng_Bay_(1998),SC,0.1,11,0.5365,3.7,0.0,0.5365,0.7400000000000001,2.4235,0.0,0.0,0.0,Holothuroids,0.0,0.0,0.0,0.0,0.0,0.0,0.0,-4.440892098500626e-16,0.0
266_266_Kuosheng_Bay_(1998),SC,0.1,10,4.015,38.5,0.69376,3.321240051745,7.7,26.785,0.0,0.0,0.0,Crabs,0.0,0.0,0.0,0.0,0.0,0.17279201700000002,-5.174500028459761e-08,0.0,0.0
266_266_Kuosheng_Bay_(1998),SC,0.1,9,10.1875,105.95,1.574432,8.613067861375,21.19,74.5724945,0.0,0.0,0.0,Shrimp,0.0,0.0,0.0,0.0,0.0,0.15454548599999995,1.3862499947947526e-07,5.50000000032469e-06,0.0
266_266_Kuosheng_Bay_(1998),SC,0.1,8,11.8665,61.529999999999994,0.30368,11.562820007895,12.306,37.3575,0.0,0.0,0.0,Bivalves,0.0,0.0,0.0,0.0,0.0,0.025591370000000002,-7.89500020914602e-09,-7.105427357601002e-15,0.0
266_266_Kuosheng_Bay_(1998),SC,0.1,7,10.802000000000001,46.154,0.394784,10.4072160308336,9.2308,26.1211967,0.0,0.0,0.0,Gastropods,0.0,0.0,0.0,0.0,0.0,0.0365473032000001,-3.0833598785307004e-08,3.3000000030369847e-06,0.0
266_266_Kuosheng_Bay_(1998),SC,0.1,6,9.316,22.0296,1.54,7.776000127740001,4.40592,8.30768,0.0,0.0,0.0,Bernacles,0.0,0.0,0.0,0.0,0.0,0.16530698499999996,-1.2773999991111396e-07,-1.7763568394002505e-15,0.0
266_266_Kuosheng_Bay_(1998),SC,0.1,5,52.0,260.0,28.698999999999998,23.301000111999997,52.0,156.0,0.0,0.0,0.0,Infauna,0.0,0.0,0.0,0.0,0.0,0.551903844,-1.1199999505606684e-07,0.0,0.0
266_266_Kuosheng_Bay_(1998),SC,0.1,4,1372.0,3584.0,792.7720360000002,579.2279416000001,716.8000000000001,1495.2,0.0,0.0,0.0,Carnivorous zooplankton,0.0,0.0,0.0,0.0,0.0,0.5778222,2.2399999579647556e-05,-2.2737367544323206e-13,0.0
266_266_Kuosheng_Bay_(1998),SC,0.1,3,3958.5000000000005,10556.0,2739.59414,1218.90567435,2111.2000000000003,4486.3,0.0,0.0,0.0,Herbivorous zooplankton,0.0,0.0,0.0,0.0,0.0,0.6920789,0.0001856500002759276,-9.094947017729282e-13,0.0
266_266_Kuosheng_Bay_(1998),SC,0.1,2,45.64,45.64,16.207800000000002,29.4321992874,0.0,0.0,0.0,0.0,0.0,Periphyton,0.0,0.0,0.0,0.0,0.0,0.35512271500000003,7.125999985646558e-07,0.0,0.0
266_266_Kuosheng_Bay_(1998),SC,0.1,1,6664.0,6664.0,3216.527208,3447.4724592000002,0.0,0.0,0.0,0.0,0.0,Phytoplankton,0.0,0.0,0.0,0.0,0.0,0.4826722,0.0003328000002511544,0.0,0.0
266_266_Kuosheng_Bay_(1998),SM,0.1,18,-0.0,-0.0,0.0,0.0,0.0,0.0,0.0,0.0,0.0,diet_import,0.0,0.0,0.0,0.0,0.0,,-0.0,0.0,0.0
266_266_Kuosheng_Bay_(1998),SM,0.1,17,8281.284622539884,8281.284622539884,7900.977784,0.0,0.0,0.0,0.0,380.30683853988467,0.0,Detritus,0.0,0.0,0.0,0.0,0.0,1.0,0.0,0.0,0.0
266_266_Kuosheng_Bay_(1998),SM,0.1,16,0.4676,3.6400000000000006,0.15600000000000003,0.04159996502279999,0.7280000000000002,2.4444,0.3,0.0,0.0,Detritivorous fish,0.0,0.03,0.27,0.27,0.0,0.9110351475132592,3.497719996969906e-08,4.440892098500626e-16,0.0
266_266_Kuosheng_Bay_(1998),SM,0.1,15,0.1612,1.56,0.0,0.026199993682800002,0.31200000000000006,1.0868,0.15,0.0,0.0,Piscivorous fish,0.0,0.015,0.135,0.135,0.0,0.8374690218188585,6.317199985339528e-09,0.0,0.0
266_266_Kuosheng_Bay_(1998),SM,0.1,14,1.0244,3.0368,0.48027200000000003,0.07612800052,0.60736,1.40503991,0.52,0.0,0.0,Benthic-feeding fish,0.0,0.052000000000000005,0.468,0.468,0.0,0.925685278680203,-5.200000430249929e-10,9.000000011916143e-08,0.0
266_266_Kuosheng_Bay_(1998),SM,0.1,13,0.8256,4.32,0.5591039999999999,0.05049602042880001,0.8640000000000001,2.6303997,0.24,0.0,0.0,Zooplanktivorous fish,0.0,0.024,0.216,0.216,0.0,0.9388371845581395,-2.0428799873961623e-08,2.9999999995311555e-07,0.0
266_266_Kuosheng_Bay_(1998),SM,0.1,12,0.9434,10.68,0.6204000000000001,0.31399993124000003,2.136,7.60060024,0.01,0.0,0.0,Herbivorous fish,0.0,0.001,0.009000000000000001,0.009000000000000001,0.0,0.6671614042399829,6.875999991606818e-08,-2.400000012059422e-07,0.0
266_266_Kuosheng_Bay_(1998),SM,0.1,11,0.5365,3.7,0.0,0.5365,0.7400000000000001,2.4235,0.0,0.0,0.0,Holothuroids,0.0,0.0,0.0,0.0,0.0,0.0,0.0,-4.440892098500626e-16,0.0
266_266_Kuosheng_Bay_(1998),SM,0.1,10,4.015,38.5,0.69376,3.321240051745,7.7,26.785,0.0,0.0,0.0,Crabs,0.0,0.0,0.0,0.0,0.0,0.17279201700000002,-5.174500028459761e-08,0.0,0.0
266_266_Kuosheng_Bay_(1998),SM,0.1,9,10.1875,105.95,1.574432,8.613067861375,21.19,74.5724945,0.0,0.0,0.0,Shrimp,0.0,0.0,0.0,0.0,0.0,0.15454548599999995,1.3862499947947526e-07,5.50000000032469e-06,0.0
266_266_Kuosheng_Bay_(1998),SM,0.1,8,11.8665,61.529999999999994,0.30368,11.562820007895,12.306,37.3575,0.0,0.0,0.0,Bivalves,0.0,0.0,0.0,0.0,0.0,0.025591370000000002,-7.89500020914602e-09,-7.105427357601002e-15,0.0
266_266_Kuosheng_Bay_(1998),SM,0.1,7,10.802000000000001,46.154,0.394784,10.4072160308336,9.2308,26.1211967,0.0,0.0,0.0,Gastropods,0.0,0.0,0.0,0.0,0.0,0.0365473032000001,-3.0833598785307004e-08,3.3000000030369847e-06,0.0
266_266_Kuosheng_Bay_(1998),SM,0.1,6,9.316,22.0296,1.54,7.776000127740001,4.40592,8.30768,0.0,0.0,0.0,Bernacles,0.0,0.0,0.0,0.0,0.0,0.16530698499999996,-1.2773999991111396e-07,-1.7763568394002505e-15,0.0
266_266_Kuosheng_Bay_(1998),SM,0.1,5,52.0,260.0,28.698999999999998,23.301000111999997,52.0,156.0,0.0,0.0,0.0,Infauna,0.0,0.0,0.0,0.0,0.0,0.551903844,-1.1199999505606684e-07,0.0,0.0
266_266_Kuosheng_Bay_(1998),SM,0.1,4,1372.0,3584.0,792.7720360000002,579.2279416000001,716.8000000000001,1495.2,0.0,0.0,0.0,Carnivorous zooplankton,0.0,0.0,0.0,0.0,0.0,0.5778222,2.2399999579647556e-05,-2.2737367544323206e-13,0.0
266_266_Kuosheng_Bay_(1998),SM,0.1,3,3958.5000000000005,10556.0,2739.59414,1218.90567435,2111.2000000000003,4486.3,0.0,0.0,0.0,Herbivorous zooplankton,0.0,0.0,0.0,0.0,0.0,0.6920789,0.0001856500002759276,-9.094947017729282e-13,0.0
266_266_Kuosheng_Bay_(1998),SM,0.1,2,45.64,45.64,16.207800000000002,29.4321992874,0.0,0.0,0.0,0.0,0.0,Periphyton,0.0,0.0,0.0,0.0,0.0,0.35512271500000003,7.125999985646558e-07,0.0,0.0
266_266_Kuosheng_Bay_(1998),SM,0.1,1,6664.0,6664.0,3216.527208,3447.4724592000002,0.0,0.0,0.0,0.0,0.0,Phytoplankton,0.0,0.0,0.0,0.0,0.0,0.4826722,0.0003328000002511544,0.0,0.0
266_266_Kuosheng_Bay_(1998),SE,0.1,18,-0.0,-0.0,0.0,0.0,0.0,0.0,0.0,0.0,0.0,diet_import,0.0,0.0,0.0,0.0,0.0,,-0.0,0.0,0.0
266_266_Kuosheng_Bay_(1998),SE,0.1,17,8281.162622539883,8281.162622539883,7900.977784,0.0,0.0,0.0,0.0,380.18483853988346,0.0,Detritus,0.0,0.0,0.0,0.0,0.0,1.0,0.0,0.0,0.0
266_266_Kuosheng_Bay_(1998),SE,0.1,16,0.4676,3.6400000000000006,0.15600000000000003,0.011599965022799991,0.7280000000000002,2.4444,0.3,0.0,0.0,Detritivorous fish,0.03,0.03,0.27,0.27,0.0,0.975192547,3.4977199914187906e-08,4.440892098500626e-16,0.0
266_266_Kuosheng_Bay_(1998),SE,0.1,15,0.1612,1.56,0.0,0.0111999936828,0.31200000000000006,1.0868,0.15,0.0,0.0,Piscivorous fish,0.015,0.015,0.135,0.135,0.0,0.930521131,6.317199985339528e-09,0.0,0.0
266_266_Kuosheng_Bay_(1998),SE,0.1,14,1.0244,3.0368,0.48027200000000003,0.024128000519999998,0.60736,1.40503991,0.52,0.0,0.0,Benthic-feeding fish,0.052000000000000005,0.052000000000000005,0.468,0.468,0.0,0.9764467,-5.200000430249929e-10,9.000000011916143e-08,0.0
266_266_Kuosheng_Bay_(1998),SE,0.1,13,0.8256,4.32,0.5591039999999999,0.02649602042880001,0.8640000000000001,2.6303997,0.24,0.0,0.0,Zooplanktivorous fish,0.024,0.024,0.216,0.216,0.0,0.967906952,-2.0428799984983925e-08,2.9999999995311555e-07,0.0
266_266_Kuosheng_Bay_(1998),SE,0.1,12,0.9434,10.68,0.6204000000000001,0.31299993124000003,2.136,7.60060024,0.01,0.0,0.0,Herbivorous fish,0.001,0.001,0.009000000000000001,0.009000000000000001,0.0,0.6682214,6.875999991606818e-08,-2.400000012059422e-07,0.0
266_266_Kuosheng_Bay_(1998),SE,0.1,11,0.5365,3.7,0.0,0.5365,0.7400000000000001,2.4235,0.0,0.0,0.0,Holothuroids,0.0,0.0,0.0,0.0,0.0,0.0,0.0,-4.440892098500626e-16,0.0
266_266_Kuosheng_Bay_(1998),SE,0.1,10,4.015,38.5,0.69376,3.321240051745,7.7,26.785,0.0,0.0,0.0,Crabs,0.0,0.0,0.0,0.0,0.0,0.17279201700000002,-5.174500028459761e-08,0.0,0.0
266_266_Kuosheng_Bay_(1998),SE,0.1,9,10.1875,105.95,1.574432,8.613067861375,21.19,74.5724945,0.0,0.0,0.0,Shrimp,0.0,0.0,0.0,0.0,0.0,0.15454548599999995,1.3862499947947526e-07,5.50000000032469e-06,0.0
266_266_Kuosheng_Bay_(1998),SE,0.1,8,11.8665,61.529999999999994,0.30368,11.562820007895,12.306,37.3575,0.0,0.0,0.0,Bivalves,0.0,0.0,0.0,0.0,0.0,0.025591370000000002,-7.89500020914602e-09,-7.105427357601002e-15,0.0
266_266_Kuosheng_Bay_(1998),SE,0.1,7,10.802000000000001,46.154,0.394784,10.4072160308336,9.2308,26.1211967,0.0,0.0,0.0,Gastropods,0.0,0.0,0.0,0.0,0.0,0.0365473032000001,-3.0833598785307004e-08,3.3000000030369847e-06,0.0
266_266_Kuosheng_Bay_(1998),SE,0.1,6,9.316,22.0296,1.54,7.776000127740001,4.40592,8.30768,0.0,0.0,0.0,Bernacles,0.0,0.0,0.0,0.0,0.0,0.16530698499999996,-1.2773999991111396e-07,-1.7763568394002505e-15,0.0
266_266_Kuosheng_Bay_(1998),SE,0.1,5,52.0,260.0,28.698999999999998,23.301000111999997,52.0,156.0,0.0,0.0,0.0,Infauna,0.0,0.0,0.0,0.0,0.0,0.551903844,-1.1199999505606684e-07,0.0,0.0
266_266_Kuosheng_Bay_(1998),SE,0.1,4,1372.0,3584.0,792.7720360000002,579.2279416000001,716.8000000000001,1495.2,0.0,0.0,0.0,Carnivorous zooplankton,0.0,0.0,0.0,0.0,0.0,0.5778222,2.2399999579647556e-05,-2.2737367544323206e-13,0.0
266_266_Kuosheng_Bay_(1998),SE,0.1,3,3958.5000000000005,10556.0,2739.59414,1218.90567435,2111.2000000000003,4486.3,0.0,0.0,0.0,Herbivorous zooplankton,0.0,0.0,0.0,0.0,0.0,0.6920789,0.0001856500002759276,-9.094947017729282e-13,0.0
266_266_Kuosheng_Bay_(1998),SE,0.1,2,45.64,45.64,16.207800000000002,29.4321992874,0.0,0.0,0.0,0.0,0.0,Periphyton,0.0,0.0,0.0,0.0,0.0,0.35512271500000003,7.125999985646558e-07,0.0,0.0
266_266_Kuosheng_Bay_(1998),SE,0.1,1,6664.0,6664.0,3216.527208,3447.4724592000002,0.0,0.0,0.0,0.0,0.0,Phytoplankton,0.0,0.0,0.0,0.0,0.0,0.4826722,0.0003328000002511544,0.0,0.0
266_266_Kuosheng_Bay_(1998),SC,0.11,18,-0.0,-0.0,0.0,0.0,0.0,0.0,0.0,0.0,0.0,diet_import,0.0,0.0,0.0,0.0,0.0,,-0.0,0.0,0.0
266_266_Kuosheng_Bay_(1998),SC,0.11,17,8281.162622539883,8281.162622539883,7900.977784,0.0,0.0,0.0,0.0,380.18483853988346,0.0,Detritus,0.0,0.0,0.0,0.0,0.0,1.0,0.0,0.0,0.0
266_266_Kuosheng_Bay_(1998),SC,0.11,16,0.4676,3.6400000000000006,0.15600000000000003,0.011599965022799991,0.7280000000000002,2.4444,0.3,0.0,0.0,Detritivorous fish,0.0,0.033,0.267,0.3,0.0,0.975192547,3.497720002521021e-08,4.440892098500626e-16,0.0
266_266_Kuosheng_Bay_(1998),SC,0.11,15,0.1612,1.56,0.0,0.0111999936828,0.31200000000000006,1.0868,0.15,0.0,0.0,Piscivorous fish,0.0,0.0165,0.1335,0.15,0.0,0.930521131,6.317200013095103e-09,0.0,0.0
266_266_Kuosheng_Bay_(1998),SC,0.11,14,1.0244,3.0368,0.48027200000000003,0.024128000519999998,0.60736,1.40503991,0.52,0.0,0.0,Benthic-feeding fish,0.0,0.0572,0.46280000000000004,0.52,0.0,0.9764467,-5.200000430249929e-10,9.000000011916143e-08,0.0
266_266_Kuosheng_Bay_(1998),SC,0.11,13,0.8256,4.32,0.5591039999999999,0.02649602042880001,0.8640000000000001,2.6303997,0.24,0.0,0.0,Zooplanktivorous fish,0.0,0.0264,0.21359999999999998,0.24,0.0,0.967906952,-2.0428799984983925e-08,2.9999999995311555e-07,0.0
266_266_Kuosheng_Bay_(1998),SC,0.11,12,0.9434,10.68,0.6204000000000001,0.31299993124000003,2.136,7.60060024,0.01,0.0,0.0,Herbivorous fish,0.0,0.0011,0.0089,0.01,0.0,0.6682214,6.875999991606818e-08,-2.400000012059422e-07,0.0
266_266_Kuosheng_Bay_(1998),SC,0.11,11,0.5365,3.7,0.0,0.5365,0.7400000000000001,2.4235,0.0,0.0,0.0,Holothuroids,0.0,0.0,0.0,0.0,0.0,0.0,0.0,-4.440892098500626e-16,0.0
266_266_Kuosheng_Bay_(1998),SC,0.11,10,4.015,38.5,0.69376,3.321240051745,7.7,26.785,0.0,0.0,0.0,Crabs,0.0,0.0,0.0,0.0,0.0,0.17279201700000002,-5.174500028459761e-08,0.0,0.0
266_266_Kuosheng_Bay_(1998),SC,0.11,9,10.1875,105.95,1.574432,8.613067861375,21.19,74.5724945,0.0,0.0,0.0,Shrimp,0.0,0.0,0.0,0.0,0.0,0.15454548599999995,1.3862499947947526e-07,5.50000000032469e-06,0.0
266_266_Kuosheng_Bay_(1998),SC,0.11,8,11.8665,61.529999999999994,0.30368,11.562820007895,12.306,37.3575,0.0,0.0,0.0,Bivalves,0.0,0.0,0.0,0.0,0.0,0.025591370000000002,-7.89500020914602e-09,-7.105427357601002e-15,0.0
266_266_Kuosheng_Bay_(1998),SC,0.11,7,10.802000000000001,46.154,0.394784,10.4072160308336,9.2308,26.1211967,0.0,0.0,0.0,Gastropods,0.0,0.0,0.0,0.0,0.0,0.0365473032000001,-3.0833598785307004e-08,3.3000000030369847e-06,0.0
266_266_Kuosheng_Bay_(1998),SC,0.11,6,9.316,22.0296,1.54,7.776000127740001,4.40592,8.30768,0.0,0.0,0.0,Bernacles,0.0,0.0,0.0,0.0,0.0,0.16530698499999996,-1.2773999991111396e-07,-1.7763568394002505e-15,0.0
266_266_Kuosheng_Bay_(1998),SC,0.11,5,52.0,260.0,28.698999999999998,23.301000111999997,52.0,156.0,0.0,0.0,0.0,Infauna,0.0,0.0,0.0,0.0,0.0,0.551903844,-1.1199999505606684e-07,0.0,0.0
266_266_Kuosheng_Bay_(1998),SC,0.11,4,1372.0,3584.0,792.7720360000002,579.2279416000001,716.8000000000001,1495.2,0.0,0.0,0.0,Carnivorous zooplankton,0.0,0.0,0.0,0.0,0.0,0.5778222,2.2399999579647556e-05,-2.2737367544323206e-13,0.0
266_266_Kuosheng_Bay_(1998),SC,0.11,3,3958.5000000000005,10556.0,2739.59414,1218.90567435,2111.2000000000003,4486.3,0.0,0.0,0.0,Herbivorous zooplankton,0.0,0.0,0.0,0.0,0.0,0.6920789,0.0001856500002759276,-9.094947017729282e-13,0.0
266_266_Kuosheng_Bay_(1998),SC,0.11,2,45.64,45.64,16.207800000000002,29.4321992874,0.0,0.0,0.0,0.0,0.0,Periphyton,0.0,0.0,0.0,0.0,0.0,0.35512271500000003,7.125999985646558e-07,0.0,0.0
266_266_Kuosheng_Bay_(1998),SC,0.11,1,6664.0,6664.0,3216.527208,3447.4724592000002,0.0,0.0,0.0,0.0,0.0,Phytoplankton,0.0,0.0,0.0,0.0,0.0,0.4826722,0.0003328000002511544,0.0,0.0
266_266_Kuosheng_Bay_(1998),SM,0.11,18,-0.0,-0.0,0.0,0.0,0.0,0.0,0.0,0.0,0.0,diet_import,0.0,0.0,0.0,0.0,0.0,,-0.0,0.0,0.0
266_266_Kuosheng_Bay_(1998),SM,0.11,17,8281.296822539884,8281.296822539884,7900.977784,0.0,0.0,0.0,0.0,380.3190385398839,0.0,Detritus,0.0,0.0,0.0,0.0,0.0,1.0,0.0,0.0,0.0
266_266_Kuosheng_Bay_(1998),SM,0.11,16,0.4676,3.6400000000000006,0.15600000000000003,0.04459996502279999,0.7280000000000002,2.4444,0.3,0.0,0.0,Detritivorous fish,0.0,0.033,0.267,0.267,0.0,0.9046194075645851,3.497719996969906e-08,4.440892098500626e-16,0.0
266_266_Kuosheng_Bay_(1998),SM,0.11,15,0.1612,1.56,0.0,0.027699993682800003,0.31200000000000006,1.0868,0.15,0.0,0.0,Piscivorous fish,0.0,0.0165,0.1335,0.1335,0.0,0.8281638109007444,6.317199985339528e-09,0.0,0.0
266_266_Kuosheng_Bay_(1998),SM,0.11,14,1.0244,3.0368,0.48027200000000003,0.08132800052,0.60736,1.40503991,0.52,0.0,0.0,Benthic-feeding fish,0.0,0.0572,0.46280000000000004,0.46280000000000004,0.0,0.9206091365482234,-5.200000430249929e-10,9.000000011916143e-08,0.0
266_266_Kuosheng_Bay_(1998),SM,0.11,13,0.8256,4.32,0.5591039999999999,0.05289602042880001,0.8640000000000001,2.6303997,0.24,0.0,0.0,Zooplanktivorous fish,0.0,0.0264,0.21359999999999998,0.21359999999999998,0.0,0.9359302078139535,-2.0428799984983925e-08,2.9999999995311555e-07,0.0
266_266_Kuosheng_Bay_(1998),SM,0.11,12,0.9434,10.68,0.6204000000000001,0.31409993124,2.136,7.60060024,0.01,0.0,0.0,Herbivorous fish,0.0,0.0011,0.0089,0.0089,0.0,0.6670554046639814,6.875999991606818e-08,-2.400000012059422e-07,0.0
266_266_Kuosheng_Bay_(1998),SM,0.11,11,0.5365,3.7,0.0,0.5365,0.7400000000000001,2.4235,0.0,0.0,0.0,Holothuroids,0.0,0.0,0.0,0.0,0.0,0.0,0.0,-4.440892098500626e-16,0.0
266_266_Kuosheng_Bay_(1998),SM,0.11,10,4.015,38.5,0.69376,3.321240051745,7.7,26.785,0.0,0.0,0.0,Crabs,0.0,0.0,0.0,0.0,0.0,0.17279201700000002,-5.174500028459761e-08,0.0,0.0
266_266_Kuosheng_Bay_(1998),SM,0.11,9,10.1875,105.95,1.574432,8.613067861375,21.19,74.5724945,0.0,0.0,0.0,Shrimp,0.0,0.0,0.0,0.0,0.0,0.15454548599999995,1.3862499947947526e-07,5.50000000032469e-06,0.0
266_266_Kuosheng_Bay_(1998),SM,0.11,8,11.8665,61.529999999999994,0.30368,11.562820007895,12.306,37.3575,0.0,0.0,0.0,Bivalves,0.0,0.0,0.0,0.0,0.0,0.025591370000000002,-7.89500020914602e-09,-7.105427357601002e-15,0.0
266_266_Kuosheng_Bay_(1998),SM,0.11,7,10.802000000000001,46.154,0.394784,10.4072160308336,9.2308,26.1211967,0.0,0.0,0.0,Gastropods,0.0,0.0,0.0,0.0,0.0,0.0365473032000001,-3.0833598785307004e-08,3.3000000030369847e-06,0.0
266_266_Kuosheng_Bay_(1998),SM,0.11,6,9.316,22.0296,1.54,7.776000127740001,4.40592,8.30768,0.0,0.0,0.0,Bernacles,0.0,0.0,0.0,0.0,0.0,0.16530698499999996,-1.2773999991111396e-07,-1.7763568394002505e-15,0.0
266_266_Kuosheng_Bay_(1998),SM,0.11,5,52.0,260.0,28.698999999999998,23.301000111999997,52.0,156.0,0.0,0.0,0.0,Infauna,0.0,0.0,0.0,0.0,0.0,0.551903844,-1.1199999505606684e-07,0.0,0.0
266_266_Kuosheng_Bay_(1998),SM,0.11,4,1372.0,3584.0,792.7720360000002,579.2279416000001,716.8000000000001,1495.2,0.0,0.0,0.0,Carnivorous zooplankton,0.0,0.0,0.0,0.0,0.0,0.5778222,2.2399999579647556e-05,-2.2737367544323206e-13,0.0
266_266_Kuosheng_Bay_(1998),SM,0.11,3,3958.5000000000005,10556.0,2739.59414,1218.90567435,2111.2000000000003,4486.3,0.0,0.0,0.0,Herbivorous zooplankton,0.0,0.0,0.0,0.0,0.0,0.6920789,0.0001856500002759276,-9.094947017729282e-13,0.0
266_266_Kuosheng_Bay_(1998),SM,0.11,2,45.64,45.64,16.207800000000002,29.4321992874,0.0,0.0,0.0,0.0,0.0,Periphyton,0.0,0.0,0.0,0.0,0.0,0.35512271500000003,7.125999985646558e-07,0.0,0.0
266_266_Kuosheng_Bay_(1998),SM,0.11,1,6664.0,6664.0,3216.527208,3447.4724592000002,0.0,0.0,0.0,0.0,0.0,Phytoplankton,0.0,0.0,0.0,0.0,0.0,0.4826722,0.0003328000002511544,0.0,0.0
266_266_Kuosheng_Bay_(1998),SE,0.11,18,-0.0,-0.0,0.0,0.0,0.0,0.0,0.0,0.0,0.0,diet_import,0.0,0.0,0.0,0.0,0.0,,-0.0,0.0,0.0
266_266_Kuosheng_Bay_(1998),SE,0.11,17,8281.162622539883,8281.162622539883,7900.977784,0.0,0.0,0.0,0.0,380.18483853988346,0.0,Detritus,0.0,0.0,0.0,0.0,0.0,1.0,0.0,0.0,0.0
266_266_Kuosheng_Bay_(1998),SE,0.11,16,0.4676,3.6400000000000006,0.15600000000000003,0.011599965022799991,0.7280000000000002,2.4444,0.3,0.0,0.0,Detritivorous fish,0.033,0.033,0.267,0.267,0.0,0.975192547,3.4977199914187906e-08,4.440892098500626e-16,0.0
266_266_Kuosheng_Bay_(1998),SE,0.11,15,0.1612,1.56,0.0,0.0111999936828,0.31200000000000006,1.0868,0.15,0.0,0.0,Piscivorous fish,0.0165,0.0165,0.1335,0.1335,0.0,0.930521131,6.317199985339528e-09,0.0,0.0
266_266_Kuosheng_Bay_(1998),SE,0.11,14,1.0244,3.0368,0.48027200000000003,0.024128000519999998,0.60736,1.40503991,0.52,0.0,0.0,Benthic-feeding fish,0.0572,0.0572,0.46280000000000004,0.46280000000000004,0.0,0.9764467,-5.200000430249929e-10,9.000000011916143e-08,0.0
266_266_Kuosheng_Bay_(1998),SE,0.11,13,0.8256,4.32,0.5591039999999999,0.02649602042880001,0.8640000000000001,2.6303997,0.24,0.0,0.0,Zooplanktivorous fish,0.0264,0.0264,0.21359999999999998,0.21359999999999998,0.0,0.967906952,-2.0428799984983925e-08,2.9999999995311555e-07,0.0
266_266_Kuosheng_Bay_(1998),SE,0.11,12,0.9434,10.68,0.6204000000000001,0.31299993124000003,2.136,7.60060024,0.01,0.0,0.0,Herbivorous fish,0.0011,0.0011,0.0089,0.0089,0.0,0.6682214,6.875999991606818e-08,-2.400000012059422e-07,0.0
266_266_Kuosheng_Bay_(1998),SE,0.11,11,0.5365,3.7,0.0,0.5365,0.7400000000000001,2.4235,0.0,0.0,0.0,Holothuroids,0.0,0.0,0.0,0.0,0.0,0.0,0.0,-4.440892098500626e-16,0.0
266_266_Kuosheng_Bay_(1998),SE,0.11,10,4.015,38.5,0.69376,3.321240051745,7.7,26.785,0.0,0.0,0.0,Crabs,0.0,0.0,0.0,0.0,0.0,0.17279201700000002,-5.174500028459761e-08,0.0,0.0
266_266_Kuosheng_Bay_(1998),SE,0.11,9,10.1875,105.95,1.574432,8.613067861375,21.19,74.5724945,0.0,0.0,0.0,Shrimp,0.0,0.0,0.0,0.0,0.0,0.15454548599999995,1.3862499947947526e-07,5.50000000032469e-06,0.0
266_266_Kuosheng_Bay_(1998),SE,0.11,8,11.8665,61.529999999999994,0.30368,11.562820007895,12.306,37.3575,0.0,0.0,0.0,Bivalves,0.0,0.0,0.0,0.0,0.0,0.025591370000000002,-7.89500020914602e-09,-7.105427357601002e-15,0.0
266_266_Kuosheng_Bay_(1998),SE,0.11,7,10.802000000000001,46.154,0.394784,10.4072160308336,9.2308,26.1211967,0.0,0.0,0.0,Gastropods,0.0,0.0,0.0,0.0,0.0,0.0365473032000001,-3.0833598785307004e-08,3.3000000030369847e-06,0.0
266_266_Kuosheng_Bay_(1998),SE,0.11,6,9.316,22.0296,1.54,7.776000127740001,4.40592,8.30768,0.0,0.0,0.0,Bernacles,0.0,0.0,0.0,0.0,0.0,0.16530698499999996,-1.2773999991111396e-07,-1.7763568394002505e-15,0.0
266_266_Kuosheng_Bay_(1998),SE,0.11,5,52.0,260.0,28.698999999999998,23.301000111999997,52.0,156.0,0.0,0.0,0.0,Infauna,0.0,0.0,0.0,0.0,0.0,0.551903844,-1.1199999505606684e-07,0.0,0.0
266_266_Kuosheng_Bay_(1998),SE,0.11,4,1372.0,3584.0,792.7720360000002,579.2279416000001,716.8000000000001,1495.2,0.0,0.0,0.0,Carnivorous zooplankton,0.0,0.0,0.0,0.0,0.0,0.5778222,2.2399999579647556e-05,-2.2737367544323206e-13,0.0
266_266_Kuosheng_Bay_(1998),SE,0.11,3,3958.5000000000005,10556.0,2739.59414,1218.90567435,2111.2000000000003,4486.3,0.0,0.0,0.0,Herbivorous zooplankton,0.0,0.0,0.0,0.0,0.0,0.6920789,0.0001856500002759276,-9.094947017729282e-13,0.0
266_266_Kuosheng_Bay_(1998),SE,0.11,2,45.64,45.64,16.207800000000002,29.4321992874,0.0,0.0,0.0,0.0,0.0,Periphyton,0.0,0.0,0.0,0.0,0.0,0.35512271500000003,7.125999985646558e-07,0.0,0.0
266_266_Kuosheng_Bay_(1998),SE,0.11,1,6664.0,6664.0,3216.527208,3447.4724592000002,0.0,0.0,0.0,0.0,0.0,Phytoplankton,0.0,0.0,0.0,0.0,0.0,0.4826722,0.0003328000002511544,0.0,0.0
266_266_Kuosheng_Bay_(1998),SC,0.12,18,-0.0,-0.0,0.0,0.0,0.0,0.0,0.0,0.0,0.0,diet_import,0.0,0.0,0.0,0.0,0.0,,-0.0,0.0,0.0
266_266_Kuosheng_Bay_(1998),SC,0.12,17,8281.162622539883,8281.162622539883,7900.977784,0.0,0.0,0.0,0.0,380.18483853988346,0.0,Detritus,0.0,0.0,0.0,0.0,0.0,1.0,0.0,0.0,0.0
266_266_Kuosheng_Bay_(1998),SC,0.12,16,0.4676,3.6400000000000006,0.15600000000000003,0.011599965022799991,0.7280000000000002,2.4444,0.3,0.0,0.0,Detritivorous fish,0.0,0.036,0.264,0.3,0.0,0.975192547,3.497720002521021e-08,4.440892098500626e-16,0.0
266_266_Kuosheng_Bay_(1998),SC,0.12,15,0.1612,1.56,0.0,0.0111999936828,0.31200000000000006,1.0868,0.15,0.0,0.0,Piscivorous fish,0.0,0.018,0.132,0.15,0.0,0.930521131,6.317200013095103e-09,0.0,0.0
266_266_Kuosheng_Bay_(1998),SC,0.12,14,1.0244,3.0368,0.48027200000000003,0.024128000519999998,0.60736,1.40503991,0.52,0.0,0.0,Benthic-feeding fish,0.0,0.0624,0.4576,0.52,0.0,0.9764467,-5.200000430249929e-10,9.000000011916143e-08,0.0
266_266_Kuosheng_Bay_(1998),SC,0.12,13,0.8256,4.32,0.5591039999999999,0.02649602042880001,0.8640000000000001,2.6303997,0.24,0.0,0.0,Zooplanktivorous fish,0.0,0.0288,0.2112,0.24,0.0,0.967906952,-2.0428799984983925e-08,2.9999999995311555e-07,0.0
266_266_Kuosheng_Bay_(1998),SC,0.12,12,0.9434,10.68,0.6204000000000001,0.31299993124000003,2.136,7.60060024,0.01,0.0,0.0,Herbivorous fish,0.0,0.0012,0.0088,0.01,0.0,0.6682214,6.875999991606818e-08,-2.400000012059422e-07,0.0
266_266_Kuosheng_Bay_(1998),SC,0.12,11,0.5365,3.7,0.0,0.5365,0.7400000000000001,2.4235,0.0,0.0,0.0,Holothuroids,0.0,0.0,0.0,0.0,0.0,0.0,0.0,-4.440892098500626e-16,0.0
266_266_Kuosheng_Bay_(1998),SC,0.12,10,4.015,38.5,0.69376,3.321240051745,7.7,26.785,0.0,0.0,0.0,Crabs,0.0,0.0,0.0,0.0,0.0,0.17279201700000002,-5.174500028459761e-08,0.0,0.0
266_266_Kuosheng_Bay_(1998),SC,0.12,9,10.1875,105.95,1.574432,8.613067861375,21.19,74.5724945,0.0,0.0,0.0,Shrimp,0.0,0.0,0.0,0.0,0.0,0.15454548599999995,1.3862499947947526e-07,5.50000000032469e-06,0.0
266_266_Kuosheng_Bay_(1998),SC,0.12,8,11.8665,61.529999999999994,0.30368,11.562820007895,12.306,37.3575,0.0,0.0,0.0,Bivalves,0.0,0.0,0.0,0.0,0.0,0.025591370000000002,-7.89500020914602e-09,-7.105427357601002e-15,0.0
266_266_Kuosheng_Bay_(1998),SC,0.12,7,10.802000000000001,46.154,0.394784,10.4072160308336,9.2308,26.1211967,0.0,0.0,0.0,Gastropods,0.0,0.0,0.0,0.0,0.0,0.0365473032000001,-3.0833598785307004e-08,3.3000000030369847e-06,0.0
266_266_Kuosheng_Bay_(1998),SC,0.12,6,9.316,22.0296,1.54,7.776000127740001,4.40592,8.30768,0.0,0.0,0.0,Bernacles,0.0,0.0,0.0,0.0,0.0,0.16530698499999996,-1.2773999991111396e-07,-1.7763568394002505e-15,0.0
266_266_Kuosheng_Bay_(1998),SC,0.12,5,52.0,260.0,28.698999999999998,23.301000111999997,52.0,156.0,0.0,0.0,0.0,Infauna,0.0,0.0,0.0,0.0,0.0,0.551903844,-1.1199999505606684e-07,0.0,0.0
266_266_Kuosheng_Bay_(1998),SC,0.12,4,1372.0,3584.0,792.7720360000002,579.2279416000001,716.8000000000001,1495.2,0.0,0.0,0.0,Carnivorous zooplankton,0.0,0.0,0.0,0.0,0.0,0.5778222,2.2399999579647556e-05,-2.2737367544323206e-13,0.0
266_266_Kuosheng_Bay_(1998),SC,0.12,3,3958.5000000000005,10556.0,2739.59414,1218.90567435,2111.2000000000003,4486.3,0.0,0.0,0.0,Herbivorous zooplankton,0.0,0.0,0.0,0.0,0.0,0.6920789,0.0001856500002759276,-9.094947017729282e-13,0.0
266_266_Kuosheng_Bay_(1998),SC,0.12,2,45.64,45.64,16.207800000000002,29.4321992874,0.0,0.0,0.0,0.0,0.0,Periphyton,0.0,0.0,0.0,0.0,0.0,0.35512271500000003,7.125999985646558e-07,0.0,0.0
266_266_Kuosheng_Bay_(1998),SC,0.12,1,6664.0,6664.0,3216.527208,3447.4724592000002,0.0,0.0,0.0,0.0,0.0,Phytoplankton,0.0,0.0,0.0,0.0,0.0,0.4826722,0.0003328000002511544,0.0,0.0
266_266_Kuosheng_Bay_(1998),SM,0.12,18,-0.0,-0.0,0.0,0.0,0.0,0.0,0.0,0.0,0.0,diet_import,0.0,0.0,0.0,0.0,0.0,,-0.0,0.0,0.0
266_266_Kuosheng_Bay_(1998),SM,0.12,17,8281.309022539885,8281.309022539885,7900.977784,0.0,0.0,0.0,0.0,380.3312385398849,0.0,Detritus,0.0,0.0,0.0,0.0,0.0,1.0,0.0,0.0,0.0
266_266_Kuosheng_Bay_(1998),SM,0.12,16,0.4676,3.6400000000000006,0.15600000000000003,0.04759996502279999,0.7280000000000002,2.4444,0.3,0.0,0.0,Detritivorous fish,0.0,0.036,0.264,0.264,0.0,0.8982036676159111,3.497719996969906e-08,4.440892098500626e-16,0.0
266_266_Kuosheng_Bay_(1998),SM,0.12,15,0.1612,1.56,0.0,0.029199993682799998,0.31200000000000006,1.0868,0.15,0.0,0.0,Piscivorous fish,0.0,0.018,0.132,0.132,0.0,0.8188585999826303,6.317200013095103e-09,0.0,0.0
266_266_Kuosheng_Bay_(1998),SM,0.12,14,1.0244,3.0368,0.48027200000000003,0.08652800052,0.60736,1.40503991,0.52,0.0,0.0,Benthic-feeding fish,0.0,0.0624,0.4576,0.4576,0.0,0.9155329944162437,-5.200000430249929e-10,9.000000011916143e-08,0.0
266_266_Kuosheng_Bay_(1998),SM,0.12,13,0.8256,4.32,0.5591039999999999,0.05529602042880001,0.8640000000000001,2.6303997,0.24,0.0,0.0,Zooplanktivorous fish,0.0,0.0288,0.2112,0.2112,0.0,0.9330232310697675,-2.0428799873961623e-08,2.9999999995311555e-07,0.0
266_266_Kuosheng_Bay_(1998),SM,0.12,12,0.9434,10.68,0.6204000000000001,0.31419993124,2.136,7.60060024,0.01,0.0,0.0,Herbivorous fish,0.0,0.0012,0.0088,0.0088,0.0,0.6669494050879796,6.875999991606818e-08,-2.400000012059422e-07,0.0
266_266_Kuosheng_Bay_(1998),SM,0.12,11,0.5365,3.7,0.0,0.5365,0.7400000000000001,2.4235,0.0,0.0,0.0,Holothuroids,0.0,0.0,0.0,0.0,0.0,0.0,0.0,-4.440892098500626e-16,0.0
266_266_Kuosheng_Bay_(1998),SM,0.12,10,4.015,38.5,0.69376,3.321240051745,7.7,26.785,0.0,0.0,0.0,Crabs,0.0,0.0,0.0,0.0,0.0,0.17279201700000002,-5.174500028459761e-08,0.0,0.0
266_266_Kuosheng_Bay_(1998),SM,0.12,9,10.1875,105.95,1.574432,8.613067861375,21.19,74.5724945,0.0,0.0,0.0,Shrimp,0.0,0.0,0.0,0.0,0.0,0.15454548599999995,1.3862499947947526e-07,5.50000000032469e-06,0.0
266_266_Kuosheng_Bay_(1998),SM,0.12,8,11.8665,61.529999999999994,0.30368,11.562820007895,12.306,37.3575,0.0,0.0,0.0,Bivalves,0.0,0.0,0.0,0.0,0.0,0.025591370000000002,-7.89500020914602e-09,-7.105427357601002e-15,0.0
266_266_Kuosheng_Bay_(1998),SM,0.12,7,10.802000000000001,46.154,0.394784,10.4072160308336,9.2308,26.1211967,0.0,0.0,0.0,Gastropods,0.0,0.0,0.0,0.0,0.0,0.0365473032000001,-3.0833598785307004e-08,3.3000000030369847e-06,0.0
266_266_Kuosheng_Bay_(1998),SM,0.12,6,9.316,22.0296,1.54,7.776000127740001,4.40592,8.30768,0.0,0.0,0.0,Bernacles,0.0,0.0,0.0,0.0,0.0,0.16530698499999996,-1.2773999991111396e-07,-1.7763568394002505e-15,0.0
266_266_Kuosheng_Bay_(1998),SM,0.12,5,52.0,260.0,28.698999999999998,23.301000111999997,52.0,156.0,0.0,0.0,0.0,Infauna,0.0,0.0,0.0,0.0,0.0,0.551903844,-1.1199999505606684e-07,0.0,0.0
266_266_Kuosheng_Bay_(1998),SM,0.12,4,1372.0,3584.0,792.7720360000002,579.2279416000001,716.8000000000001,1495.2,0.0,0.0,0.0,Carnivorous zooplankton,0.0,0.0,0.0,0.0,0.0,0.5778222,2.2399999579647556e-05,-2.2737367544323206e-13,0.0
266_266_Kuosheng_Bay_(1998),SM,0.12,3,3958.5000000000005,10556.0,2739.59414,1218.90567435,2111.2000000000003,4486.3,0.0,0.0,0.0,Herbivorous zooplankton,0.0,0.0,0.0,0.0,0.0,0.6920789,0.0001856500002759276,-9.094947017729282e-13,0.0
266_266_Kuosheng_Bay_(1998),SM,0.12,2,45.64,45.64,16.207800000000002,29.4321992874,0.0,0.0,0.0,0.0,0.0,Periphyton,0.0,0.0,0.0,0.0,0.0,0.35512271500000003,7.125999985646558e-07,0.0,0.0
266_266_Kuosheng_Bay_(1998),SM,0.12,1,6664.0,6664.0,3216.527208,3447.4724592000002,0.0,0.0,0.0,0.0,0.0,Phytoplankton,0.0,0.0,0.0,0.0,0.0,0.4826722,0.0003328000002511544,0.0,0.0
266_266_Kuosheng_Bay_(1998),SE,0.12,18,-0.0,-0.0,0.0,0.0,0.0,0.0,0.0,0.0,0.0,diet_import,0.0,0.0,0.0,0.0,0.0,,-0.0,0.0,0.0
266_266_Kuosheng_Bay_(1998),SE,0.12,17,8281.162622539883,8281.162622539883,7900.977784,0.0,0.0,0.0,0.0,380.18483853988346,0.0,Detritus,0.0,0.0,0.0,0.0,0.0,1.0,0.0,0.0,0.0
266_266_Kuosheng_Bay_(1998),SE,0.12,16,0.4676,3.6400000000000006,0.15600000000000003,0.011599965022799991,0.7280000000000002,2.4444,0.3,0.0,0.0,Detritivorous fish,0.036,0.036,0.264,0.264,0.0,0.975192547,3.497719996969906e-08,4.440892098500626e-16,0.0
266_266_Kuosheng_Bay_(1998),SE,0.12,15,0.1612,1.56,0.0,0.0111999936828,0.31200000000000006,1.0868,0.15,0.0,0.0,Piscivorous fish,0.018,0.018,0.132,0.132,0.0,0.930521131,6.317200013095103e-09,0.0,0.0
266_266_Kuosheng_Bay_(1998),SE,0.12,14,1.0244,3.0368,0.48027200000000003,0.024128000519999998,0.60736,1.40503991,0.52,0.0,0.0,Benthic-feeding fish,0.0624,0.0624,0.4576,0.4576,0.0,0.9764467,-5.200000430249929e-10,9.000000011916143e-08,0.0
266_266_Kuosheng_Bay_(1998),SE,0.12,13,0.8256,4.32,0.5591039999999999,0.02649602042880001,0.8640000000000001,2.6303997,0.24,0.0,0.0,Zooplanktivorous fish,0.0288,0.0288,0.2112,0.2112,0.0,0.967906952,-2.0428799984983925e-08,2.9999999995311555e-07,0.0
266_266_Kuosheng_Bay_(1998),SE,0.12,12,0.9434,10.68,0.6204000000000001,0.31299993124000003,2.136,7.60060024,0.01,0.0,0.0,Herbivorous fish,0.0012,0.0012,0.0088,0.0088,0.0,0.6682214,6.875999991606818e-08,-2.400000012059422e-07,0.0
266_266_Kuosheng_Bay_(1998),SE,0.12,11,0.5365,3.7,0.0,0.5365,0.7400000000000001,2.4235,0.0,0.0,0.0,Holothuroids,0.0,0.0,0.0,0.0,0.0,0.0,0.0,-4.440892098500626e-16,0.0
266_266_Kuosheng_Bay_(1998),SE,0.12,10,4.015,38.5,0.69376,3.321240051745,7.7,26.785,0.0,0.0,0.0,Crabs,0.0,0.0,0.0,0.0,0.0,0.17279201700000002,-5.174500028459761e-08,0.0,0.0
266_266_Kuosheng_Bay_(1998),SE,0.12,9,10.1875,105.95,1.574432,8.613067861375,21.19,74.5724945,0.0,0.0,0.0,Shrimp,0.0,0.0,0.0,0.0,0.0,0.15454548599999995,1.3862499947947526e-07,5.50000000032469e-06,0.0
266_266_Kuosheng_Bay_(1998),SE,0.12,8,11.8665,61.529999999999994,0.30368,11.562820007895,12.306,37.3575,0.0,0.0,0.0,Bivalves,0.0,0.0,0.0,0.0,0.0,0.025591370000000002,-7.89500020914602e-09,-7.105427357601002e-15,0.0
266_266_Kuosheng_Bay_(1998),SE,0.12,7,10.802000000000001,46.154,0.394784,10.4072160308336,9.2308,26.1211967,0.0,0.0,0.0,Gastropods,0.0,0.0,0.0,0.0,0.0,0.0365473032000001,-3.0833598785307004e-08,3.3000000030369847e-06,0.0
266_266_Kuosheng_Bay_(1998),SE,0.12,6,9.316,22.0296,1.54,7.776000127740001,4.40592,8.30768,0.0,0.0,0.0,Bernacles,0.0,0.0,0.0,0.0,0.0,0.16530698499999996,-1.2773999991111396e-07,-1.7763568394002505e-15,0.0
266_266_Kuosheng_Bay_(1998),SE,0.12,5,52.0,260.0,28.698999999999998,23.301000111999997,52.0,156.0,0.0,0.0,0.0,Infauna,0.0,0.0,0.0,0.0,0.0,0.551903844,-1.1199999505606684e-07,0.0,0.0
266_266_Kuosheng_Bay_(1998),SE,0.12,4,1372.0,3584.0,792.7720360000002,579.2279416000001,716.8000000000001,1495.2,0.0,0.0,0.0,Carnivorous zooplankton,0.0,0.0,0.0,0.0,0.0,0.5778222,2.2399999579647556e-05,-2.2737367544323206e-13,0.0
266_266_Kuosheng_Bay_(1998),SE,0.12,3,3958.5000000000005,10556.0,2739.59414,1218.90567435,2111.2000000000003,4486.3,0.0,0.0,0.0,Herbivorous zooplankton,0.0,0.0,0.0,0.0,0.0,0.6920789,0.0001856500002759276,-9.094947017729282e-13,0.0
266_266_Kuosheng_Bay_(1998),SE,0.12,2,45.64,45.64,16.207800000000002,29.4321992874,0.0,0.0,0.0,0.0,0.0,Periphyton,0.0,0.0,0.0,0.0,0.0,0.35512271500000003,7.125999985646558e-07,0.0,0.0
266_266_Kuosheng_Bay_(1998),SE,0.12,1,6664.0,6664.0,3216.527208,3447.4724592000002,0.0,0.0,0.0,0.0,0.0,Phytoplankton,0.0,0.0,0.0,0.0,0.0,0.4826722,0.0003328000002511544,0.0,0.0
266_266_Kuosheng_Bay_(1998),SC,0.13,18,-0.0,-0.0,0.0,0.0,0.0,0.0,0.0,0.0,0.0,diet_import,0.0,0.0,0.0,0.0,0.0,,-0.0,0.0,0.0
266_266_Kuosheng_Bay_(1998),SC,0.13,17,8281.162622539883,8281.162622539883,7900.977784,0.0,0.0,0.0,0.0,380.18483853988346,0.0,Detritus,0.0,0.0,0.0,0.0,0.0,1.0,0.0,0.0,0.0
266_266_Kuosheng_Bay_(1998),SC,0.13,16,0.4676,3.6400000000000006,0.15600000000000003,0.011599965022799991,0.7280000000000002,2.4444,0.3,0.0,0.0,Detritivorous fish,0.0,0.039,0.261,0.3,0.0,0.975192547,3.497720002521021e-08,4.440892098500626e-16,0.0
266_266_Kuosheng_Bay_(1998),SC,0.13,15,0.1612,1.56,0.0,0.0111999936828,0.31200000000000006,1.0868,0.15,0.0,0.0,Piscivorous fish,0.0,0.0195,0.1305,0.15,0.0,0.930521131,6.317200013095103e-09,0.0,0.0
266_266_Kuosheng_Bay_(1998),SC,0.13,14,1.0244,3.0368,0.48027200000000003,0.024128000519999998,0.60736,1.40503991,0.52,0.0,0.0,Benthic-feeding fish,0.0,0.06760000000000001,0.4524,0.52,0.0,0.9764467,-5.200000430249929e-10,9.000000011916143e-08,0.0
266_266_Kuosheng_Bay_(1998),SC,0.13,13,0.8256,4.32,0.5591039999999999,0.02649602042880001,0.8640000000000001,2.6303997,0.24,0.0,0.0,Zooplanktivorous fish,0.0,0.0312,0.20879999999999999,0.24,0.0,0.967906952,-2.0428799984983925e-08,2.9999999995311555e-07,0.0
266_266_Kuosheng_Bay_(1998),SC,0.13,12,0.9434,10.68,0.6204000000000001,0.31299993124000003,2.136,7.60060024,0.01,0.0,0.0,Herbivorous fish,0.0,0.0013000000000000002,0.0087,0.01,0.0,0.6682214,6.875999991606818e-08,-2.400000012059422e-07,0.0
266_266_Kuosheng_Bay_(1998),SC,0.13,11,0.5365,3.7,0.0,0.5365,0.7400000000000001,2.4235,0.0,0.0,0.0,Holothuroids,0.0,0.0,0.0,0.0,0.0,0.0,0.0,-4.440892098500626e-16,0.0
266_266_Kuosheng_Bay_(1998),SC,0.13,10,4.015,38.5,0.69376,3.321240051745,7.7,26.785,0.0,0.0,0.0,Crabs,0.0,0.0,0.0,0.0,0.0,0.17279201700000002,-5.174500028459761e-08,0.0,0.0
266_266_Kuosheng_Bay_(1998),SC,0.13,9,10.1875,105.95,1.574432,8.613067861375,21.19,74.5724945,0.0,0.0,0.0,Shrimp,0.0,0.0,0.0,0.0,0.0,0.15454548599999995,1.3862499947947526e-07,5.50000000032469e-06,0.0
266_266_Kuosheng_Bay_(1998),SC,0.13,8,11.8665,61.529999999999994,0.30368,11.562820007895,12.306,37.3575,0.0,0.0,0.0,Bivalves,0.0,0.0,0.0,0.0,0.0,0.025591370000000002,-7.89500020914602e-09,-7.105427357601002e-15,0.0
266_266_Kuosheng_Bay_(1998),SC,0.13,7,10.802000000000001,46.154,0.394784,10.4072160308336,9.2308,26.1211967,0.0,0.0,0.0,Gastropods,0.0,0.0,0.0,0.0,0.0,0.0365473032000001,-3.0833598785307004e-08,3.3000000030369847e-06,0.0
266_266_Kuosheng_Bay_(1998),SC,0.13,6,9.316,22.0296,1.54,7.776000127740001,4.40592,8.30768,0.0,0.0,0.0,Bernacles,0.0,0.0,0.0,0.0,0.0,0.16530698499999996,-1.2773999991111396e-07,-1.7763568394002505e-15,0.0
266_266_Kuosheng_Bay_(1998),SC,0.13,5,52.0,260.0,28.698999999999998,23.301000111999997,52.0,156.0,0.0,0.0,0.0,Infauna,0.0,0.0,0.0,0.0,0.0,0.551903844,-1.1199999505606684e-07,0.0,0.0
266_266_Kuosheng_Bay_(1998),SC,0.13,4,1372.0,3584.0,792.7720360000002,579.2279416000001,716.8000000000001,1495.2,0.0,0.0,0.0,Carnivorous zooplankton,0.0,0.0,0.0,0.0,0.0,0.5778222,2.2399999579647556e-05,-2.2737367544323206e-13,0.0
266_266_Kuosheng_Bay_(1998),SC,0.13,3,3958.5000000000005,10556.0,2739.59414,1218.90567435,2111.2000000000003,4486.3,0.0,0.0,0.0,Herbivorous zooplankton,0.0,0.0,0.0,0.0,0.0,0.6920789,0.0001856500002759276,-9.094947017729282e-13,0.0
266_266_Kuosheng_Bay_(1998),SC,0.13,2,45.64,45.64,16.207800000000002,29.4321992874,0.0,0.0,0.0,0.0,0.0,Periphyton,0.0,0.0,0.0,0.0,0.0,0.35512271500000003,7.125999985646558e-07,0.0,0.0
266_266_Kuosheng_Bay_(1998),SC,0.13,1,6664.0,6664.0,3216.527208,3447.4724592000002,0.0,0.0,0.0,0.0,0.0,Phytoplankton,0.0,0.0,0.0,0.0,0.0,0.4826722,0.0003328000002511544,0.0,0.0
266_266_Kuosheng_Bay_(1998),SM,0.13,18,-0.0,-0.0,0.0,0.0,0.0,0.0,0.0,0.0,0.0,diet_import,0.0,0.0,0.0,0.0,0.0,,-0.0,0.0,0.0
266_266_Kuosheng_Bay_(1998),SM,0.13,17,8281.321222539884,8281.321222539884,7900.977784,0.0,0.0,0.0,0.0,380.3434385398841,0.0,Detritus,0.0,0.0,0.0,0.0,0.0,1.0,0.0,0.0,0.0
266_266_Kuosheng_Bay_(1998),SM,0.13,16,0.4676,3.6400000000000006,0.15600000000000003,0.050599965022799995,0.7280000000000002,2.4444,0.3,0.0,0.0,Detritivorous fish,0.0,0.039,0.261,0.261,0.0,0.8917879276672369,3.497719996969906e-08,4.440892098500626e-16,0.0
266_266_Kuosheng_Bay_(1998),SM,0.13,15,0.1612,1.56,0.0,0.0306999936828,0.31200000000000006,1.0868,0.15,0.0,0.0,Piscivorous fish,0.0,0.0195,0.1305,0.1305,0.0,0.8095533890645161,6.317200013095103e-09,0.0,0.0
266_266_Kuosheng_Bay_(1998),SM,0.13,14,1.0244,3.0368,0.48027200000000003,0.09172800052,0.60736,1.40503991,0.52,0.0,0.0,Benthic-feeding fish,0.0,0.06760000000000001,0.4524,0.4524,0.0,0.910456852284264,-5.200000430249929e-10,9.000000011916143e-08,0.0
266_266_Kuosheng_Bay_(1998),SM,0.13,13,0.8256,4.32,0.5591039999999999,0.05769602042880001,0.8640000000000001,2.6303997,0.24,0.0,0.0,Zooplanktivorous fish,0.0,0.0312,0.20879999999999999,0.20879999999999999,0.0,0.9301162543255814,-2.0428799984983925e-08,2.9999999995311555e-07,0.0
266_266_Kuosheng_Bay_(1998),SM,0.13,12,0.9434,10.68,0.6204000000000001,0.31429993124000005,2.136,7.60060024,0.01,0.0,0.0,Herbivorous fish,0.0,0.0013000000000000002,0.0087,0.0087,0.0,0.6668434055119778,6.875999980504588e-08,-2.400000012059422e-07,0.0
266_266_Kuosheng_Bay_(1998),SM,0.13,11,0.5365,3.7,0.0,0.5365,0.7400000000000001,2.4235,0.0,0.0,0.0,Holothuroids,0.0,0.0,0.0,0.0,0.0,0.0,0.0,-4.440892098500626e-16,0.0
266_266_Kuosheng_Bay_(1998),SM,0.13,10,4.015,38.5,0.69376,3.321240051745,7.7,26.785,0.0,0.0,0.0,Crabs,0.0,0.0,0.0,0.0,0.0,0.17279201700000002,-5.174500028459761e-08,0.0,0.0
266_266_Kuosheng_Bay_(1998),SM,0.13,9,10.1875,105.95,1.574432,8.613067861375,21.19,74.5724945,0.0,0.0,0.0,Shrimp,0.0,0.0,0.0,0.0,0.0,0.15454548599999995,1.3862499947947526e-07,5.50000000032469e-06,0.0
266_266_Kuosheng_Bay_(1998),SM,0.13,8,11.8665,61.529999999999994,0.30368,11.562820007895,12.306,37.3575,0.0,0.0,0.0,Bivalves,0.0,0.0,0.0,0.0,0.0,0.025591370000000002,-7.89500020914602e-09,-7.105427357601002e-15,0.0
266_266_Kuosheng_Bay_(1998),SM,0.13,7,10.802000000000001,46.154,0.394784,10.4072160308336,9.2308,26.1211967,0.0,0.0,0.0,Gastropods,0.0,0.0,0.0,0.0,0.0,0.0365473032000001,-3.0833598785307004e-08,3.3000000030369847e-06,0.0
266_266_Kuosheng_Bay_(1998),SM,0.13,6,9.316,22.0296,1.54,7.776000127740001,4.40592,8.30768,0.0,0.0,0.0,Bernacles,0.0,0.0,0.0,0.0,0.0,0.16530698499999996,-1.2773999991111396e-07,-1.7763568394002505e-15,0.0
266_266_Kuosheng_Bay_(1998),SM,0.13,5,52.0,260.0,28.698999999999998,23.301000111999997,52.0,156.0,0.0,0.0,0.0,Infauna,0.0,0.0,0.0,0.0,0.0,0.551903844,-1.1199999505606684e-07,0.0,0.0
266_266_Kuosheng_Bay_(1998),SM,0.13,4,1372.0,3584.0,792.7720360000002,579.2279416000001,716.8000000000001,1495.2,0.0,0.0,0.0,Carnivorous zooplankton,0.0,0.0,0.0,0.0,0.0,0.5778222,2.2399999579647556e-05,-2.2737367544323206e-13,0.0
266_266_Kuosheng_Bay_(1998),SM,0.13,3,3958.5000000000005,10556.0,2739.59414,1218.90567435,2111.2000000000003,4486.3,0.0,0.0,0.0,Herbivorous zooplankton,0.0,0.0,0.0,0.0,0.0,0.6920789,0.0001856500002759276,-9.094947017729282e-13,0.0
266_266_Kuosheng_Bay_(1998),SM,0.13,2,45.64,45.64,16.207800000000002,29.4321992874,0.0,0.0,0.0,0.0,0.0,Periphyton,0.0,0.0,0.0,0.0,0.0,0.35512271500000003,7.125999985646558e-07,0.0,0.0
266_266_Kuosheng_Bay_(1998),SM,0.13,1,6664.0,6664.0,3216.527208,3447.4724592000002,0.0,0.0,0.0,0.0,0.0,Phytoplankton,0.0,0.0,0.0,0.0,0.0,0.4826722,0.0003328000002511544,0.0,0.0
266_266_Kuosheng_Bay_(1998),SE,0.13,18,-0.0,-0.0,0.0,0.0,0.0,0.0,0.0,0.0,0.0,diet_import,0.0,0.0,0.0,0.0,0.0,,-0.0,0.0,0.0
266_266_Kuosheng_Bay_(1998),SE,0.13,17,8281.162622539883,8281.162622539883,7900.977784,0.0,0.0,0.0,0.0,380.18483853988346,0.0,Detritus,0.0,0.0,0.0,0.0,0.0,1.0,0.0,0.0,0.0
266_266_Kuosheng_Bay_(1998),SE,0.13,16,0.4676,3.6400000000000006,0.15600000000000003,0.011599965022799991,0.7280000000000002,2.4444,0.3,0.0,0.0,Detritivorous fish,0.039,0.039,0.261,0.261,0.0,0.975192547,3.497719996969906e-08,4.440892098500626e-16,0.0
266_266_Kuosheng_Bay_(1998),SE,0.13,15,0.1612,1.56,0.0,0.0111999936828,0.31200000000000006,1.0868,0.15,0.0,0.0,Piscivorous fish,0.0195,0.0195,0.1305,0.1305,0.0,0.930521131,6.317200013095103e-09,0.0,0.0
266_266_Kuosheng_Bay_(1998),SE,0.13,14,1.0244,3.0368,0.48027200000000003,0.024128000519999998,0.60736,1.40503991,0.52,0.0,0.0,Benthic-feeding fish,0.06760000000000001,0.06760000000000001,0.4524,0.4524,0.0,0.9764467,-5.200000430249929e-10,9.000000011916143e-08,0.0
266_266_Kuosheng_Bay_(1998),SE,0.13,13,0.8256,4.32,0.5591039999999999,0.02649602042880001,0.8640000000000001,2.6303997,0.24,0.0,0.0,Zooplanktivorous fish,0.0312,0.0312,0.20879999999999999,0.20879999999999999,0.0,0.967906952,-2.0428799984983925e-08,2.9999999995311555e-07,0.0
266_266_Kuosheng_Bay_(1998),SE,0.13,12,0.9434,10.68,0.6204000000000001,0.31299993124000003,2.136,7.60060024,0.01,0.0,0.0,Herbivorous fish,0.0013000000000000002,0.0013000000000000002,0.0087,0.0087,0.0,0.6682214,6.875999991606818e-08,-2.400000012059422e-07,0.0
266_266_Kuosheng_Bay_(1998),SE,0.13,11,0.5365,3.7,0.0,0.5365,0.7400000000000001,2.4235,0.0,0.0,0.0,Holothuroids,0.0,0.0,0.0,0.0,0.0,0.0,0.0,-4.440892098500626e-16,0.0
266_266_Kuosheng_Bay_(1998),SE,0.13,10,4.015,38.5,0.69376,3.321240051745,7.7,26.785,0.0,0.0,0.0,Crabs,0.0,0.0,0.0,0.0,0.0,0.17279201700000002,-5.174500028459761e-08,0.0,0.0
266_266_Kuosheng_Bay_(1998),SE,0.13,9,10.1875,105.95,1.574432,8.613067861375,21.19,74.5724945,0.0,0.0,0.0,Shrimp,0.0,0.0,0.0,0.0,0.0,0.15454548599999995,1.3862499947947526e-07,5.50000000032469e-06,0.0
266_266_Kuosheng_Bay_(1998),SE,0.13,8,11.8665,61.529999999999994,0.30368,11.562820007895,12.306,37.3575,0.0,0.0,0.0,Bivalves,0.0,0.0,0.0,0.0,0.0,0.025591370000000002,-7.89500020914602e-09,-7.105427357601002e-15,0.0
266_266_Kuosheng_Bay_(1998),SE,0.13,7,10.802000000000001,46.154,0.394784,10.4072160308336,9.2308,26.1211967,0.0,0.0,0.0,Gastropods,0.0,0.0,0.0,0.0,0.0,0.0365473032000001,-3.0833598785307004e-08,3.3000000030369847e-06,0.0
266_266_Kuosheng_Bay_(1998),SE,0.13,6,9.316,22.0296,1.54,7.776000127740001,4.40592,8.30768,0.0,0.0,0.0,Bernacles,0.0,0.0,0.0,0.0,0.0,0.16530698499999996,-1.2773999991111396e-07,-1.7763568394002505e-15,0.0
266_266_Kuosheng_Bay_(1998),SE,0.13,5,52.0,260.0,28.698999999999998,23.301000111999997,52.0,156.0,0.0,0.0,0.0,Infauna,0.0,0.0,0.0,0.0,0.0,0.551903844,-1.1199999505606684e-07,0.0,0.0
266_266_Kuosheng_Bay_(1998),SE,0.13,4,1372.0,3584.0,792.7720360000002,579.2279416000001,716.8000000000001,1495.2,0.0,0.0,0.0,Carnivorous zooplankton,0.0,0.0,0.0,0.0,0.0,0.5778222,2.2399999579647556e-05,-2.2737367544323206e-13,0.0
266_266_Kuosheng_Bay_(1998),SE,0.13,3,3958.5000000000005,10556.0,2739.59414,1218.90567435,2111.2000000000003,4486.3,0.0,0.0,0.0,Herbivorous zooplankton,0.0,0.0,0.0,0.0,0.0,0.6920789,0.0001856500002759276,-9.094947017729282e-13,0.0
266_266_Kuosheng_Bay_(1998),SE,0.13,2,45.64,45.64,16.207800000000002,29.4321992874,0.0,0.0,0.0,0.0,0.0,Periphyton,0.0,0.0,0.0,0.0,0.0,0.35512271500000003,7.125999985646558e-07,0.0,0.0
266_266_Kuosheng_Bay_(1998),SE,0.13,1,6664.0,6664.0,3216.527208,3447.4724592000002,0.0,0.0,0.0,0.0,0.0,Phytoplankton,0.0,0.0,0.0,0.0,0.0,0.4826722,0.0003328000002511544,0.0,0.0
266_266_Kuosheng_Bay_(1998),SC,0.14,18,-0.0,-0.0,0.0,0.0,0.0,0.0,0.0,0.0,0.0,diet_import,0.0,0.0,0.0,0.0,0.0,,-0.0,0.0,0.0
266_266_Kuosheng_Bay_(1998),SC,0.14,17,8281.162622539883,8281.162622539883,7900.977784,0.0,0.0,0.0,0.0,380.18483853988346,0.0,Detritus,0.0,0.0,0.0,0.0,0.0,1.0,0.0,0.0,0.0
266_266_Kuosheng_Bay_(1998),SC,0.14,16,0.4676,3.6400000000000006,0.15600000000000003,0.011599965022799991,0.7280000000000002,2.4444,0.3,0.0,0.0,Detritivorous fish,0.0,0.042,0.258,0.3,0.0,0.975192547,3.497720002521021e-08,4.440892098500626e-16,0.0
266_266_Kuosheng_Bay_(1998),SC,0.14,15,0.1612,1.56,0.0,0.0111999936828,0.31200000000000006,1.0868,0.15,0.0,0.0,Piscivorous fish,0.0,0.021,0.129,0.15,0.0,0.930521131,6.317200013095103e-09,0.0,0.0
266_266_Kuosheng_Bay_(1998),SC,0.14,14,1.0244,3.0368,0.48027200000000003,0.024128000519999998,0.60736,1.40503991,0.52,0.0,0.0,Benthic-feeding fish,0.0,0.0728,0.4472,0.52,0.0,0.9764467,-5.200000430249929e-10,9.000000011916143e-08,0.0
266_266_Kuosheng_Bay_(1998),SC,0.14,13,0.8256,4.32,0.5591039999999999,0.02649602042880001,0.8640000000000001,2.6303997,0.24,0.0,0.0,Zooplanktivorous fish,0.0,0.033600000000000005,0.2064,0.24,0.0,0.967906952,-2.0428799984983925e-08,2.9999999995311555e-07,0.0
266_266_Kuosheng_Bay_(1998),SC,0.14,12,0.9434,10.68,0.6204000000000001,0.31299993124000003,2.136,7.60060024,0.01,0.0,0.0,Herbivorous fish,0.0,0.0014000000000000002,0.0086,0.01,0.0,0.6682214,6.875999991606818e-08,-2.400000012059422e-07,0.0
266_266_Kuosheng_Bay_(1998),SC,0.14,11,0.5365,3.7,0.0,0.5365,0.7400000000000001,2.4235,0.0,0.0,0.0,Holothuroids,0.0,0.0,0.0,0.0,0.0,0.0,0.0,-4.440892098500626e-16,0.0
266_266_Kuosheng_Bay_(1998),SC,0.14,10,4.015,38.5,0.69376,3.321240051745,7.7,26.785,0.0,0.0,0.0,Crabs,0.0,0.0,0.0,0.0,0.0,0.17279201700000002,-5.174500028459761e-08,0.0,0.0
266_266_Kuosheng_Bay_(1998),SC,0.14,9,10.1875,105.95,1.574432,8.613067861375,21.19,74.5724945,0.0,0.0,0.0,Shrimp,0.0,0.0,0.0,0.0,0.0,0.15454548599999995,1.3862499947947526e-07,5.50000000032469e-06,0.0
266_266_Kuosheng_Bay_(1998),SC,0.14,8,11.8665,61.529999999999994,0.30368,11.562820007895,12.306,37.3575,0.0,0.0,0.0,Bivalves,0.0,0.0,0.0,0.0,0.0,0.025591370000000002,-7.89500020914602e-09,-7.105427357601002e-15,0.0
266_266_Kuosheng_Bay_(1998),SC,0.14,7,10.802000000000001,46.154,0.394784,10.4072160308336,9.2308,26.1211967,0.0,0.0,0.0,Gastropods,0.0,0.0,0.0,0.0,0.0,0.0365473032000001,-3.0833598785307004e-08,3.3000000030369847e-06,0.0
266_266_Kuosheng_Bay_(1998),SC,0.14,6,9.316,22.0296,1.54,7.776000127740001,4.40592,8.30768,0.0,0.0,0.0,Bernacles,0.0,0.0,0.0,0.0,0.0,0.16530698499999996,-1.2773999991111396e-07,-1.7763568394002505e-15,0.0
266_266_Kuosheng_Bay_(1998),SC,0.14,5,52.0,260.0,28.698999999999998,23.301000111999997,52.0,156.0,0.0,0.0,0.0,Infauna,0.0,0.0,0.0,0.0,0.0,0.551903844,-1.1199999505606684e-07,0.0,0.0
266_266_Kuosheng_Bay_(1998),SC,0.14,4,1372.0,3584.0,792.7720360000002,579.2279416000001,716.8000000000001,1495.2,0.0,0.0,0.0,Carnivorous zooplankton,0.0,0.0,0.0,0.0,0.0,0.5778222,2.2399999579647556e-05,-2.2737367544323206e-13,0.0
266_266_Kuosheng_Bay_(1998),SC,0.14,3,3958.5000000000005,10556.0,2739.59414,1218.90567435,2111.2000000000003,4486.3,0.0,0.0,0.0,Herbivorous zooplankton,0.0,0.0,0.0,0.0,0.0,0.6920789,0.0001856500002759276,-9.094947017729282e-13,0.0
266_266_Kuosheng_Bay_(1998),SC,0.14,2,45.64,45.64,16.207800000000002,29.4321992874,0.0,0.0,0.0,0.0,0.0,Periphyton,0.0,0.0,0.0,0.0,0.0,0.35512271500000003,7.125999985646558e-07,0.0,0.0
266_266_Kuosheng_Bay_(1998),SC,0.14,1,6664.0,6664.0,3216.527208,3447.4724592000002,0.0,0.0,0.0,0.0,0.0,Phytoplankton,0.0,0.0,0.0,0.0,0.0,0.4826722,0.0003328000002511544,0.0,0.0
266_266_Kuosheng_Bay_(1998),SM,0.14,18,-0.0,-0.0,0.0,0.0,0.0,0.0,0.0,0.0,0.0,diet_import,0.0,0.0,0.0,0.0,0.0,,-0.0,0.0,0.0
266_266_Kuosheng_Bay_(1998),SM,0.14,17,8281.333422539883,8281.333422539883,7900.977784,0.0,0.0,0.0,0.0,380.35563853988333,0.0,Detritus,0.0,0.0,0.0,0.0,0.0,1.0,0.0,0.0,0.0
266_266_Kuosheng_Bay_(1998),SM,0.14,16,0.4676,3.6400000000000006,0.15600000000000003,0.0535999650228,0.7280000000000002,2.4444,0.3,0.0,0.0,Detritivorous fish,0.0,0.042,0.258,0.258,0.0,0.8853721877185629,3.497719996969906e-08,4.440892098500626e-16,0.0
266_266_Kuosheng_Bay_(1998),SM,0.14,15,0.1612,1.56,0.0,0.0321999936828,0.31200000000000006,1.0868,0.15,0.0,0.0,Piscivorous fish,0.0,0.021,0.129,0.129,0.0,0.800248178146402,6.317200013095103e-09,0.0,0.0
266_266_Kuosheng_Bay_(1998),SM,0.14,14,1.0244,3.0368,0.48027200000000003,0.09692800052,0.60736,1.40503991,0.52,0.0,0.0,Benthic-feeding fish,0.0,0.0728,0.4472,0.4472,0.0,0.9053807101522843,-5.200000430249929e-10,9.000000011916143e-08,0.0
266_266_Kuosheng_Bay_(1998),SM,0.14,13,0.8256,4.32,0.5591039999999999,0.060096020428800016,0.8640000000000001,2.6303997,0.24,0.0,0.0,Zooplanktivorous fish,0.0,0.033600000000000005,0.2064,0.2064,0.0,0.9272092775813954,-2.0428799984983925e-08,2.9999999995311555e-07,0.0
266_266_Kuosheng_Bay_(1998),SM,0.14,12,0.9434,10.68,0.6204000000000001,0.31439993124000004,2.136,7.60060024,0.01,0.0,0.0,Herbivorous fish,0.0,0.0014000000000000002,0.0086,0.0086,0.0,0.6667374059359762,6.875999980504588e-08,-2.400000012059422e-07,0.0
266_266_Kuosheng_Bay_(1998),SM,0.14,11,0.5365,3.7,0.0,0.5365,0.7400000000000001,2.4235,0.0,0.0,0.0,Holothuroids,0.0,0.0,0.0,0.0,0.0,0.0,0.0,-4.440892098500626e-16,0.0
266_266_Kuosheng_Bay_(1998),SM,0.14,10,4.015,38.5,0.69376,3.321240051745,7.7,26.785,0.0,0.0,0.0,Crabs,0.0,0.0,0.0,0.0,0.0,0.17279201700000002,-5.174500028459761e-08,0.0,0.0
266_266_Kuosheng_Bay_(1998),SM,0.14,9,10.1875,105.95,1.574432,8.613067861375,21.19,74.5724945,0.0,0.0,0.0,Shrimp,0.0,0.0,0.0,0.0,0.0,0.15454548599999995,1.3862499947947526e-07,5.50000000032469e-06,0.0
266_266_Kuosheng_Bay_(1998),SM,0.14,8,11.8665,61.529999999999994,0.30368,11.562820007895,12.306,37.3575,0.0,0.0,0.0,Bivalves,0.0,0.0,0.0,0.0,0.0,0.025591370000000002,-7.89500020914602e-09,-7.105427357601002e-15,0.0
266_266_Kuosheng_Bay_(1998),SM,0.14,7,10.802000000000001,46.154,0.394784,10.4072160308336,9.2308,26.1211967,0.0,0.0,0.0,Gastropods,0.0,0.0,0.0,0.0,0.0,0.0365473032000001,-3.0833598785307004e-08,3.3000000030369847e-06,0.0
266_266_Kuosheng_Bay_(1998),SM,0.14,6,9.316,22.0296,1.54,7.776000127740001,4.40592,8.30768,0.0,0.0,0.0,Bernacles,0.0,0.0,0.0,0.0,0.0,0.16530698499999996,-1.2773999991111396e-07,-1.7763568394002505e-15,0.0
266_266_Kuosheng_Bay_(1998),SM,0.14,5,52.0,260.0,28.698999999999998,23.301000111999997,52.0,156.0,0.0,0.0,0.0,Infauna,0.0,0.0,0.0,0.0,0.0,0.551903844,-1.1199999505606684e-07,0.0,0.0
266_266_Kuosheng_Bay_(1998),SM,0.14,4,1372.0,3584.0,792.7720360000002,579.2279416000001,716.8000000000001,1495.2,0.0,0.0,0.0,Carnivorous zooplankton,0.0,0.0,0.0,0.0,0.0,0.5778222,2.2399999579647556e-05,-2.2737367544323206e-13,0.0
266_266_Kuosheng_Bay_(1998),SM,0.14,3,3958.5000000000005,10556.0,2739.59414,1218.90567435,2111.2000000000003,4486.3,0.0,0.0,0.0,Herbivorous zooplankton,0.0,0.0,0.0,0.0,0.0,0.6920789,0.0001856500002759276,-9.094947017729282e-13,0.0
266_266_Kuosheng_Bay_(1998),SM,0.14,2,45.64,45.64,16.207800000000002,29.4321992874,0.0,0.0,0.0,0.0,0.0,Periphyton,0.0,0.0,0.0,0.0,0.0,0.35512271500000003,7.125999985646558e-07,0.0,0.0
266_266_Kuosheng_Bay_(1998),SM,0.14,1,6664.0,6664.0,3216.527208,3447.4724592000002,0.0,0.0,0.0,0.0,0.0,Phytoplankton,0.0,0.0,0.0,0.0,0.0,0.4826722,0.0003328000002511544,0.0,0.0
266_266_Kuosheng_Bay_(1998),SE,0.14,18,-0.0,-0.0,0.0,0.0,0.0,0.0,0.0,0.0,0.0,diet_import,0.0,0.0,0.0,0.0,0.0,,-0.0,0.0,0.0
266_266_Kuosheng_Bay_(1998),SE,0.14,17,8281.162622539883,8281.162622539883,7900.977784,0.0,0.0,0.0,0.0,380.18483853988346,0.0,Detritus,0.0,0.0,0.0,0.0,0.0,1.0,0.0,0.0,0.0
266_266_Kuosheng_Bay_(1998),SE,0.14,16,0.4676,3.6400000000000006,0.15600000000000003,0.011599965022799991,0.7280000000000002,2.4444,0.3,0.0,0.0,Detritivorous fish,0.042,0.042,0.258,0.258,0.0,0.975192547,3.497719996969906e-08,4.440892098500626e-16,0.0
266_266_Kuosheng_Bay_(1998),SE,0.14,15,0.1612,1.56,0.0,0.0111999936828,0.31200000000000006,1.0868,0.15,0.0,0.0,Piscivorous fish,0.021,0.021,0.129,0.129,0.0,0.930521131,6.317200013095103e-09,0.0,0.0
266_266_Kuosheng_Bay_(1998),SE,0.14,14,1.0244,3.0368,0.48027200000000003,0.024128000519999998,0.60736,1.40503991,0.52,0.0,0.0,Benthic-feeding fish,0.0728,0.0728,0.4472,0.4472,0.0,0.9764467,-5.200000430249929e-10,9.000000011916143e-08,0.0
266_266_Kuosheng_Bay_(1998),SE,0.14,13,0.8256,4.32,0.5591039999999999,0.02649602042880001,0.8640000000000001,2.6303997,0.24,0.0,0.0,Zooplanktivorous fish,0.033600000000000005,0.033600000000000005,0.2064,0.2064,0.0,0.967906952,-2.0428799984983925e-08,2.9999999995311555e-07,0.0
266_266_Kuosheng_Bay_(1998),SE,0.14,12,0.9434,10.68,0.6204000000000001,0.31299993124000003,2.136,7.60060024,0.01,0.0,0.0,Herbivorous fish,0.0014000000000000002,0.0014000000000000002,0.0086,0.0086,0.0,0.6682214,6.875999991606818e-08,-2.400000012059422e-07,0.0
266_266_Kuosheng_Bay_(1998),SE,0.14,11,0.5365,3.7,0.0,0.5365,0.7400000000000001,2.4235,0.0,0.0,0.0,Holothuroids,0.0,0.0,0.0,0.0,0.0,0.0,0.0,-4.440892098500626e-16,0.0
266_266_Kuosheng_Bay_(1998),SE,0.14,10,4.015,38.5,0.69376,3.321240051745,7.7,26.785,0.0,0.0,0.0,Crabs,0.0,0.0,0.0,0.0,0.0,0.17279201700000002,-5.174500028459761e-08,0.0,0.0
266_266_Kuosheng_Bay_(1998),SE,0.14,9,10.1875,105.95,1.574432,8.613067861375,21.19,74.5724945,0.0,0.0,0.0,Shrimp,0.0,0.0,0.0,0.0,0.0,0.15454548599999995,1.3862499947947526e-07,5.50000000032469e-06,0.0
266_266_Kuosheng_Bay_(1998),SE,0.14,8,11.8665,61.529999999999994,0.30368,11.562820007895,12.306,37.3575,0.0,0.0,0.0,Bivalves,0.0,0.0,0.0,0.0,0.0,0.025591370000000002,-7.89500020914602e-09,-7.105427357601002e-15,0.0
266_266_Kuosheng_Bay_(1998),SE,0.14,7,10.802000000000001,46.154,0.394784,10.4072160308336,9.2308,26.1211967,0.0,0.0,0.0,Gastropods,0.0,0.0,0.0,0.0,0.0,0.0365473032000001,-3.0833598785307004e-08,3.3000000030369847e-06,0.0
266_266_Kuosheng_Bay_(1998),SE,0.14,6,9.316,22.0296,1.54,7.776000127740001,4.40592,8.30768,0.0,0.0,0.0,Bernacles,0.0,0.0,0.0,0.0,0.0,0.16530698499999996,-1.2773999991111396e-07,-1.7763568394002505e-15,0.0
266_266_Kuosheng_Bay_(1998),SE,0.14,5,52.0,260.0,28.698999999999998,23.301000111999997,52.0,156.0,0.0,0.0,0.0,Infauna,0.0,0.0,0.0,0.0,0.0,0.551903844,-1.1199999505606684e-07,0.0,0.0
266_266_Kuosheng_Bay_(1998),SE,0.14,4,1372.0,3584.0,792.7720360000002,579.2279416000001,716.8000000000001,1495.2,0.0,0.0,0.0,Carnivorous zooplankton,0.0,0.0,0.0,0.0,0.0,0.5778222,2.2399999579647556e-05,-2.2737367544323206e-13,0.0
266_266_Kuosheng_Bay_(1998),SE,0.14,3,3958.5000000000005,10556.0,2739.59414,1218.90567435,2111.2000000000003,4486.3,0.0,0.0,0.0,Herbivorous zooplankton,0.0,0.0,0.0,0.0,0.0,0.6920789,0.0001856500002759276,-9.094947017729282e-13,0.0
266_266_Kuosheng_Bay_(1998),SE,0.14,2,45.64,45.64,16.207800000000002,29.4321992874,0.0,0.0,0.0,0.0,0.0,Periphyton,0.0,0.0,0.0,0.0,0.0,0.35512271500000003,7.125999985646558e-07,0.0,0.0
266_266_Kuosheng_Bay_(1998),SE,0.14,1,6664.0,6664.0,3216.527208,3447.4724592000002,0.0,0.0,0.0,0.0,0.0,Phytoplankton,0.0,0.0,0.0,0.0,0.0,0.4826722,0.0003328000002511544,0.0,0.0
266_266_Kuosheng_Bay_(1998),SC,0.15,18,-0.0,-0.0,0.0,0.0,0.0,0.0,0.0,0.0,0.0,diet_import,0.0,0.0,0.0,0.0,0.0,,-0.0,0.0,0.0
266_266_Kuosheng_Bay_(1998),SC,0.15,17,8281.162622539883,8281.162622539883,7900.977784,0.0,0.0,0.0,0.0,380.18483853988346,0.0,Detritus,0.0,0.0,0.0,0.0,0.0,1.0,0.0,0.0,0.0
266_266_Kuosheng_Bay_(1998),SC,0.15,16,0.4676,3.6400000000000006,0.15600000000000003,0.011599965022799991,0.7280000000000002,2.4444,0.3,0.0,0.0,Detritivorous fish,0.0,0.045,0.255,0.3,0.0,0.975192547,3.497720002521021e-08,4.440892098500626e-16,0.0
266_266_Kuosheng_Bay_(1998),SC,0.15,15,0.1612,1.56,0.0,0.0111999936828,0.31200000000000006,1.0868,0.15,0.0,0.0,Piscivorous fish,0.0,0.0225,0.1275,0.15,0.0,0.930521131,6.317200013095103e-09,0.0,0.0
266_266_Kuosheng_Bay_(1998),SC,0.15,14,1.0244,3.0368,0.48027200000000003,0.024128000519999998,0.60736,1.40503991,0.52,0.0,0.0,Benthic-feeding fish,0.0,0.078,0.442,0.52,0.0,0.9764467,-5.200000430249929e-10,9.000000011916143e-08,0.0
266_266_Kuosheng_Bay_(1998),SC,0.15,13,0.8256,4.32,0.5591039999999999,0.02649602042880001,0.8640000000000001,2.6303997,0.24,0.0,0.0,Zooplanktivorous fish,0.0,0.036,0.204,0.24,0.0,0.967906952,-2.0428799984983925e-08,2.9999999995311555e-07,0.0
266_266_Kuosheng_Bay_(1998),SC,0.15,12,0.9434,10.68,0.6204000000000001,0.31299993124000003,2.136,7.60060024,0.01,0.0,0.0,Herbivorous fish,0.0,0.0015,0.0085,0.01,0.0,0.6682214,6.875999991606818e-08,-2.400000012059422e-07,0.0
266_266_Kuosheng_Bay_(1998),SC,0.15,11,0.5365,3.7,0.0,0.5365,0.7400000000000001,2.4235,0.0,0.0,0.0,Holothuroids,0.0,0.0,0.0,0.0,0.0,0.0,0.0,-4.440892098500626e-16,0.0
266_266_Kuosheng_Bay_(1998),SC,0.15,10,4.015,38.5,0.69376,3.321240051745,7.7,26.785,0.0,0.0,0.0,Crabs,0.0,0.0,0.0,0.0,0.0,0.17279201700000002,-5.174500028459761e-08,0.0,0.0
266_266_Kuosheng_Bay_(1998),SC,0.15,9,10.1875,105.95,1.574432,8.613067861375,21.19,74.5724945,0.0,0.0,0.0,Shrimp,0.0,0.0,0.0,0.0,0.0,0.15454548599999995,1.3862499947947526e-07,5.50000000032469e-06,0.0
266_266_Kuosheng_Bay_(1998),SC,0.15,8,11.8665,61.529999999999994,0.30368,11.562820007895,12.306,37.3575,0.0,0.0,0.0,Bivalves,0.0,0.0,0.0,0.0,0.0,0.025591370000000002,-7.89500020914602e-09,-7.105427357601002e-15,0.0
266_266_Kuosheng_Bay_(1998),SC,0.15,7,10.802000000000001,46.154,0.394784,10.4072160308336,9.2308,26.1211967,0.0,0.0,0.0,Gastropods,0.0,0.0,0.0,0.0,0.0,0.0365473032000001,-3.0833598785307004e-08,3.3000000030369847e-06,0.0
266_266_Kuosheng_Bay_(1998),SC,0.15,6,9.316,22.0296,1.54,7.776000127740001,4.40592,8.30768,0.0,0.0,0.0,Bernacles,0.0,0.0,0.0,0.0,0.0,0.16530698499999996,-1.2773999991111396e-07,-1.7763568394002505e-15,0.0
266_266_Kuosheng_Bay_(1998),SC,0.15,5,52.0,260.0,28.698999999999998,23.301000111999997,52.0,156.0,0.0,0.0,0.0,Infauna,0.0,0.0,0.0,0.0,0.0,0.551903844,-1.1199999505606684e-07,0.0,0.0
266_266_Kuosheng_Bay_(1998),SC,0.15,4,1372.0,3584.0,792.7720360000002,579.2279416000001,716.8000000000001,1495.2,0.0,0.0,0.0,Carnivorous zooplankton,0.0,0.0,0.0,0.0,0.0,0.5778222,2.2399999579647556e-05,-2.2737367544323206e-13,0.0
266_266_Kuosheng_Bay_(1998),SC,0.15,3,3958.5000000000005,10556.0,2739.59414,1218.90567435,2111.2000000000003,4486.3,0.0,0.0,0.0,Herbivorous zooplankton,0.0,0.0,0.0,0.0,0.0,0.6920789,0.0001856500002759276,-9.094947017729282e-13,0.0
266_266_Kuosheng_Bay_(1998),SC,0.15,2,45.64,45.64,16.207800000000002,29.4321992874,0.0,0.0,0.0,0.0,0.0,Periphyton,0.0,0.0,0.0,0.0,0.0,0.35512271500000003,7.125999985646558e-07,0.0,0.0
266_266_Kuosheng_Bay_(1998),SC,0.15,1,6664.0,6664.0,3216.527208,3447.4724592000002,0.0,0.0,0.0,0.0,0.0,Phytoplankton,0.0,0.0,0.0,0.0,0.0,0.4826722,0.0003328000002511544,0.0,0.0
266_266_Kuosheng_Bay_(1998),SM,0.15,18,-0.0,-0.0,0.0,0.0,0.0,0.0,0.0,0.0,0.0,diet_import,0.0,0.0,0.0,0.0,0.0,,-0.0,0.0,0.0
266_266_Kuosheng_Bay_(1998),SM,0.15,17,8281.345622539884,8281.345622539884,7900.977784,0.0,0.0,0.0,0.0,380.36783853988436,0.0,Detritus,0.0,0.0,0.0,0.0,0.0,1.0,0.0,0.0,0.0
266_266_Kuosheng_Bay_(1998),SM,0.15,16,0.4676,3.6400000000000006,0.15600000000000003,0.056599965022799986,0.7280000000000002,2.4444,0.3,0.0,0.0,Detritivorous fish,0.0,0.045,0.255,0.255,0.0,0.8789564477698888,3.497720002521021e-08,4.440892098500626e-16,0.0
266_266_Kuosheng_Bay_(1998),SM,0.15,15,0.1612,1.56,0.0,0.0336999936828,0.31200000000000006,1.0868,0.15,0.0,0.0,Piscivorous fish,0.0,0.0225,0.1275,0.1275,0.0,0.7909429672282878,6.317200013095103e-09,0.0,0.0
266_266_Kuosheng_Bay_(1998),SM,0.15,14,1.0244,3.0368,0.48027200000000003,0.10212800052,0.60736,1.40503991,0.52,0.0,0.0,Benthic-feeding fish,0.0,0.078,0.442,0.442,0.0,0.9003045680203046,-5.200000430249929e-10,9.000000011916143e-08,0.0
266_266_Kuosheng_Bay_(1998),SM,0.15,13,0.8256,4.32,0.5591039999999999,0.06249602042880001,0.8640000000000001,2.6303997,0.24,0.0,0.0,Zooplanktivorous fish,0.0,0.036,0.204,0.204,0.0,0.9243023008372093,-2.0428799873961623e-08,2.9999999995311555e-07,0.0
266_266_Kuosheng_Bay_(1998),SM,0.15,12,0.9434,10.68,0.6204000000000001,0.31449993124000003,2.136,7.60060024,0.01,0.0,0.0,Herbivorous fish,0.0,0.0015,0.0085,0.0085,0.0,0.6666314063599745,6.875999991606818e-08,-2.400000012059422e-07,0.0
266_266_Kuosheng_Bay_(1998),SM,0.15,11,0.5365,3.7,0.0,0.5365,0.7400000000000001,2.4235,0.0,0.0,0.0,Holothuroids,0.0,0.0,0.0,0.0,0.0,0.0,0.0,-4.440892098500626e-16,0.0
266_266_Kuosheng_Bay_(1998),SM,0.15,10,4.015,38.5,0.69376,3.321240051745,7.7,26.785,0.0,0.0,0.0,Crabs,0.0,0.0,0.0,0.0,0.0,0.17279201700000002,-5.174500028459761e-08,0.0,0.0
266_266_Kuosheng_Bay_(1998),SM,0.15,9,10.1875,105.95,1.574432,8.613067861375,21.19,74.5724945,0.0,0.0,0.0,Shrimp,0.0,0.0,0.0,0.0,0.0,0.15454548599999995,1.3862499947947526e-07,5.50000000032469e-06,0.0
266_266_Kuosheng_Bay_(1998),SM,0.15,8,11.8665,61.529999999999994,0.30368,11.562820007895,12.306,37.3575,0.0,0.0,0.0,Bivalves,0.0,0.0,0.0,0.0,0.0,0.025591370000000002,-7.89500020914602e-09,-7.105427357601002e-15,0.0
266_266_Kuosheng_Bay_(1998),SM,0.15,7,10.802000000000001,46.154,0.394784,10.4072160308336,9.2308,26.1211967,0.0,0.0,0.0,Gastropods,0.0,0.0,0.0,0.0,0.0,0.0365473032000001,-3.0833598785307004e-08,3.3000000030369847e-06,0.0
266_266_Kuosheng_Bay_(1998),SM,0.15,6,9.316,22.0296,1.54,7.776000127740001,4.40592,8.30768,0.0,0.0,0.0,Bernacles,0.0,0.0,0.0,0.0,0.0,0.16530698499999996,-1.2773999991111396e-07,-1.7763568394002505e-15,0.0
266_266_Kuosheng_Bay_(1998),SM,0.15,5,52.0,260.0,28.698999999999998,23.301000111999997,52.0,156.0,0.0,0.0,0.0,Infauna,0.0,0.0,0.0,0.0,0.0,0.551903844,-1.1199999505606684e-07,0.0,0.0
266_266_Kuosheng_Bay_(1998),SM,0.15,4,1372.0,3584.0,792.7720360000002,579.2279416000001,716.8000000000001,1495.2,0.0,0.0,0.0,Carnivorous zooplankton,0.0,0.0,0.0,0.0,0.0,0.5778222,2.2399999579647556e-05,-2.2737367544323206e-13,0.0
266_266_Kuosheng_Bay_(1998),SM,0.15,3,3958.5000000000005,10556.0,2739.59414,1218.90567435,2111.2000000000003,4486.3,0.0,0.0,0.0,Herbivorous zooplankton,0.0,0.0,0.0,0.0,0.0,0.6920789,0.0001856500002759276,-9.094947017729282e-13,0.0
266_266_Kuosheng_Bay_(1998),SM,0.15,2,45.64,45.64,16.207800000000002,29.4321992874,0.0,0.0,0.0,0.0,0.0,Periphyton,0.0,0.0,0.0,0.0,0.0,0.35512271500000003,7.125999985646558e-07,0.0,0.0
266_266_Kuosheng_Bay_(1998),SM,0.15,1,6664.0,6664.0,3216.527208,3447.4724592000002,0.0,0.0,0.0,0.0,0.0,Phytoplankton,0.0,0.0,0.0,0.0,0.0,0.4826722,0.0003328000002511544,0.0,0.0
266_266_Kuosheng_Bay_(1998),SE,0.15,18,-0.0,-0.0,0.0,0.0,0.0,0.0,0.0,0.0,0.0,diet_import,0.0,0.0,0.0,0.0,0.0,,-0.0,0.0,0.0
266_266_Kuosheng_Bay_(1998),SE,0.15,17,8281.162622539883,8281.162622539883,7900.977784,0.0,0.0,0.0,0.0,380.18483853988346,0.0,Detritus,0.0,0.0,0.0,0.0,0.0,1.0,0.0,0.0,0.0
266_266_Kuosheng_Bay_(1998),SE,0.15,16,0.4676,3.6400000000000006,0.15600000000000003,0.011599965022799991,0.7280000000000002,2.4444,0.3,0.0,0.0,Detritivorous fish,0.045,0.045,0.255,0.255,0.0,0.975192547,3.497719996969906e-08,4.440892098500626e-16,0.0
266_266_Kuosheng_Bay_(1998),SE,0.15,15,0.1612,1.56,0.0,0.0111999936828,0.31200000000000006,1.0868,0.15,0.0,0.0,Piscivorous fish,0.0225,0.0225,0.1275,0.1275,0.0,0.930521131,6.317200013095103e-09,0.0,0.0
266_266_Kuosheng_Bay_(1998),SE,0.15,14,1.0244,3.0368,0.48027200000000003,0.024128000519999998,0.60736,1.40503991,0.52,0.0,0.0,Benthic-feeding fish,0.078,0.078,0.442,0.442,0.0,0.9764467,-5.200000430249929e-10,9.000000011916143e-08,0.0
266_266_Kuosheng_Bay_(1998),SE,0.15,13,0.8256,4.32,0.5591039999999999,0.02649602042880001,0.8640000000000001,2.6303997,0.24,0.0,0.0,Zooplanktivorous fish,0.036,0.036,0.204,0.204,0.0,0.967906952,-2.0428799984983925e-08,2.9999999995311555e-07,0.0
266_266_Kuosheng_Bay_(1998),SE,0.15,12,0.9434,10.68,0.6204000000000001,0.31299993124000003,2.136,7.60060024,0.01,0.0,0.0,Herbivorous fish,0.0015,0.0015,0.0085,0.0085,0.0,0.6682214,6.876000002709048e-08,-2.400000012059422e-07,0.0
266_266_Kuosheng_Bay_(1998),SE,0.15,11,0.5365,3.7,0.0,0.5365,0.7400000000000001,2.4235,0.0,0.0,0.0,Holothuroids,0.0,0.0,0.0,0.0,0.0,0.0,0.0,-4.440892098500626e-16,0.0
266_266_Kuosheng_Bay_(1998),SE,0.15,10,4.015,38.5,0.69376,3.321240051745,7.7,26.785,0.0,0.0,0.0,Crabs,0.0,0.0,0.0,0.0,0.0,0.17279201700000002,-5.174500028459761e-08,0.0,0.0
266_266_Kuosheng_Bay_(1998),SE,0.15,9,10.1875,105.95,1.574432,8.613067861375,21.19,74.5724945,0.0,0.0,0.0,Shrimp,0.0,0.0,0.0,0.0,0.0,0.15454548599999995,1.3862499947947526e-07,5.50000000032469e-06,0.0
266_266_Kuosheng_Bay_(1998),SE,0.15,8,11.8665,61.529999999999994,0.30368,11.562820007895,12.306,37.3575,0.0,0.0,0.0,Bivalves,0.0,0.0,0.0,0.0,0.0,0.025591370000000002,-7.89500020914602e-09,-7.105427357601002e-15,0.0
266_266_Kuosheng_Bay_(1998),SE,0.15,7,10.802000000000001,46.154,0.394784,10.4072160308336,9.2308,26.1211967,0.0,0.0,0.0,Gastropods,0.0,0.0,0.0,0.0,0.0,0.0365473032000001,-3.0833598785307004e-08,3.3000000030369847e-06,0.0
266_266_Kuosheng_Bay_(1998),SE,0.15,6,9.316,22.0296,1.54,7.776000127740001,4.40592,8.30768,0.0,0.0,0.0,Bernacles,0.0,0.0,0.0,0.0,0.0,0.16530698499999996,-1.2773999991111396e-07,-1.7763568394002505e-15,0.0
266_266_Kuosheng_Bay_(1998),SE,0.15,5,52.0,260.0,28.698999999999998,23.301000111999997,52.0,156.0,0.0,0.0,0.0,Infauna,0.0,0.0,0.0,0.0,0.0,0.551903844,-1.1199999505606684e-07,0.0,0.0
266_266_Kuosheng_Bay_(1998),SE,0.15,4,1372.0,3584.0,792.7720360000002,579.2279416000001,716.8000000000001,1495.2,0.0,0.0,0.0,Carnivorous zooplankton,0.0,0.0,0.0,0.0,0.0,0.5778222,2.2399999579647556e-05,-2.2737367544323206e-13,0.0
266_266_Kuosheng_Bay_(1998),SE,0.15,3,3958.5000000000005,10556.0,2739.59414,1218.90567435,2111.2000000000003,4486.3,0.0,0.0,0.0,Herbivorous zooplankton,0.0,0.0,0.0,0.0,0.0,0.6920789,0.0001856500002759276,-9.094947017729282e-13,0.0
266_266_Kuosheng_Bay_(1998),SE,0.15,2,45.64,45.64,16.207800000000002,29.4321992874,0.0,0.0,0.0,0.0,0.0,Periphyton,0.0,0.0,0.0,0.0,0.0,0.35512271500000003,7.125999985646558e-07,0.0,0.0
266_266_Kuosheng_Bay_(1998),SE,0.15,1,6664.0,6664.0,3216.527208,3447.4724592000002,0.0,0.0,0.0,0.0,0.0,Phytoplankton,0.0,0.0,0.0,0.0,0.0,0.4826722,0.0003328000002511544,0.0,0.0
266_266_Kuosheng_Bay_(1998),SC,0.16,18,-0.0,-0.0,0.0,0.0,0.0,0.0,0.0,0.0,0.0,diet_import,0.0,0.0,0.0,0.0,0.0,,-0.0,0.0,0.0
266_266_Kuosheng_Bay_(1998),SC,0.16,17,8281.162622539883,8281.162622539883,7900.977784,0.0,0.0,0.0,0.0,380.18483853988346,0.0,Detritus,0.0,0.0,0.0,0.0,0.0,1.0,0.0,0.0,0.0
266_266_Kuosheng_Bay_(1998),SC,0.16,16,0.4676,3.6400000000000006,0.15600000000000003,0.011599965022799991,0.7280000000000002,2.4444,0.3,0.0,0.0,Detritivorous fish,0.0,0.048,0.252,0.3,0.0,0.975192547,3.497720002521021e-08,4.440892098500626e-16,0.0
266_266_Kuosheng_Bay_(1998),SC,0.16,15,0.1612,1.56,0.0,0.0111999936828,0.31200000000000006,1.0868,0.15,0.0,0.0,Piscivorous fish,0.0,0.024,0.126,0.15,0.0,0.930521131,6.317200013095103e-09,0.0,0.0
266_266_Kuosheng_Bay_(1998),SC,0.16,14,1.0244,3.0368,0.48027200000000003,0.024128000519999998,0.60736,1.40503991,0.52,0.0,0.0,Benthic-feeding fish,0.0,0.08320000000000001,0.4368,0.52,0.0,0.9764467,-5.200000430249929e-10,9.000000011916143e-08,0.0
266_266_Kuosheng_Bay_(1998),SC,0.16,13,0.8256,4.32,0.5591039999999999,0.02649602042880001,0.8640000000000001,2.6303997,0.24,0.0,0.0,Zooplanktivorous fish,0.0,0.0384,0.20159999999999997,0.24,0.0,0.967906952,-2.0428799984983925e-08,2.9999999995311555e-07,0.0
266_266_Kuosheng_Bay_(1998),SC,0.16,12,0.9434,10.68,0.6204000000000001,0.31299993124000003,2.136,7.60060024,0.01,0.0,0.0,Herbivorous fish,0.0,0.0016,0.0084,0.01,0.0,0.6682214,6.875999991606818e-08,-2.400000012059422e-07,0.0
266_266_Kuosheng_Bay_(1998),SC,0.16,11,0.5365,3.7,0.0,0.5365,0.7400000000000001,2.4235,0.0,0.0,0.0,Holothuroids,0.0,0.0,0.0,0.0,0.0,0.0,0.0,-4.440892098500626e-16,0.0
266_266_Kuosheng_Bay_(1998),SC,0.16,10,4.015,38.5,0.69376,3.321240051745,7.7,26.785,0.0,0.0,0.0,Crabs,0.0,0.0,0.0,0.0,0.0,0.17279201700000002,-5.174500028459761e-08,0.0,0.0
266_266_Kuosheng_Bay_(1998),SC,0.16,9,10.1875,105.95,1.574432,8.613067861375,21.19,74.5724945,0.0,0.0,0.0,Shrimp,0.0,0.0,0.0,0.0,0.0,0.15454548599999995,1.3862499947947526e-07,5.50000000032469e-06,0.0
266_266_Kuosheng_Bay_(1998),SC,0.16,8,11.8665,61.529999999999994,0.30368,11.562820007895,12.306,37.3575,0.0,0.0,0.0,Bivalves,0.0,0.0,0.0,0.0,0.0,0.025591370000000002,-7.89500020914602e-09,-7.105427357601002e-15,0.0
266_266_Kuosheng_Bay_(1998),SC,0.16,7,10.802000000000001,46.154,0.394784,10.4072160308336,9.2308,26.1211967,0.0,0.0,0.0,Gastropods,0.0,0.0,0.0,0.0,0.0,0.0365473032000001,-3.0833598785307004e-08,3.3000000030369847e-06,0.0
266_266_Kuosheng_Bay_(1998),SC,0.16,6,9.316,22.0296,1.54,7.776000127740001,4.40592,8.30768,0.0,0.0,0.0,Bernacles,0.0,0.0,0.0,0.0,0.0,0.16530698499999996,-1.2773999991111396e-07,-1.7763568394002505e-15,0.0
266_266_Kuosheng_Bay_(1998),SC,0.16,5,52.0,260.0,28.698999999999998,23.301000111999997,52.0,156.0,0.0,0.0,0.0,Infauna,0.0,0.0,0.0,0.0,0.0,0.551903844,-1.1199999505606684e-07,0.0,0.0
266_266_Kuosheng_Bay_(1998),SC,0.16,4,1372.0,3584.0,792.7720360000002,579.2279416000001,716.8000000000001,1495.2,0.0,0.0,0.0,Carnivorous zooplankton,0.0,0.0,0.0,0.0,0.0,0.5778222,2.2399999579647556e-05,-2.2737367544323206e-13,0.0
266_266_Kuosheng_Bay_(1998),SC,0.16,3,3958.5000000000005,10556.0,2739.59414,1218.90567435,2111.2000000000003,4486.3,0.0,0.0,0.0,Herbivorous zooplankton,0.0,0.0,0.0,0.0,0.0,0.6920789,0.0001856500002759276,-9.094947017729282e-13,0.0
266_266_Kuosheng_Bay_(1998),SC,0.16,2,45.64,45.64,16.207800000000002,29.4321992874,0.0,0.0,0.0,0.0,0.0,Periphyton,0.0,0.0,0.0,0.0,0.0,0.35512271500000003,7.125999985646558e-07,0.0,0.0
266_266_Kuosheng_Bay_(1998),SC,0.16,1,6664.0,6664.0,3216.527208,3447.4724592000002,0.0,0.0,0.0,0.0,0.0,Phytoplankton,0.0,0.0,0.0,0.0,0.0,0.4826722,0.0003328000002511544,0.0,0.0
266_266_Kuosheng_Bay_(1998),SM,0.16,18,-0.0,-0.0,0.0,0.0,0.0,0.0,0.0,0.0,0.0,diet_import,0.0,0.0,0.0,0.0,0.0,,-0.0,0.0,0.0
266_266_Kuosheng_Bay_(1998),SM,0.16,17,8281.357822539885,8281.357822539885,7900.977784,0.0,0.0,0.0,0.0,380.3800385398854,0.0,Detritus,0.0,0.0,0.0,0.0,0.0,1.0,0.0,0.0,0.0
266_266_Kuosheng_Bay_(1998),SM,0.16,16,0.4676,3.6400000000000006,0.15600000000000003,0.05959996502279999,0.7280000000000002,2.4444,0.3,0.0,0.0,Detritivorous fish,0.0,0.048,0.252,0.252,0.0,0.8725407078212147,3.497720002521021e-08,4.440892098500626e-16,0.0
266_266_Kuosheng_Bay_(1998),SM,0.16,15,0.1612,1.56,0.0,0.0351999936828,0.31200000000000006,1.0868,0.15,0.0,0.0,Piscivorous fish,0.0,0.024,0.126,0.126,0.0,0.7816377563101737,6.317200013095103e-09,0.0,0.0
266_266_Kuosheng_Bay_(1998),SM,0.16,14,1.0244,3.0368,0.48027200000000003,0.10732800052000001,0.60736,1.40503991,0.52,0.0,0.0,Benthic-feeding fish,0.0,0.08320000000000001,0.4368,0.4368,0.0,0.8952284258883249,-5.200000430249929e-10,9.000000011916143e-08,0.0
266_266_Kuosheng_Bay_(1998),SM,0.16,13,0.8256,4.32,0.5591039999999999,0.06489602042880001,0.8640000000000001,2.6303997,0.24,0.0,0.0,Zooplanktivorous fish,0.0,0.0384,0.20159999999999997,0.20159999999999997,0.0,0.9213953240930233,-2.0428799984983925e-08,2.9999999995311555e-07,0.0
266_266_Kuosheng_Bay_(1998),SM,0.16,12,0.9434,10.68,0.6204000000000001,0.31459993124,2.136,7.60060024,0.01,0.0,0.0,Herbivorous fish,0.0,0.0016,0.0084,0.0084,0.0,0.6665254067839729,6.875999991606818e-08,-2.400000012059422e-07,0.0
266_266_Kuosheng_Bay_(1998),SM,0.16,11,0.5365,3.7,0.0,0.5365,0.7400000000000001,2.4235,0.0,0.0,0.0,Holothuroids,0.0,0.0,0.0,0.0,0.0,0.0,0.0,-4.440892098500626e-16,0.0
266_266_Kuosheng_Bay_(1998),SM,0.16,10,4.015,38.5,0.69376,3.321240051745,7.7,26.785,0.0,0.0,0.0,Crabs,0.0,0.0,0.0,0.0,0.0,0.17279201700000002,-5.174500028459761e-08,0.0,0.0
266_266_Kuosheng_Bay_(1998),SM,0.16,9,10.1875,105.95,1.574432,8.613067861375,21.19,74.5724945,0.0,0.0,0.0,Shrimp,0.0,0.0,0.0,0.0,0.0,0.15454548599999995,1.3862499947947526e-07,5.50000000032469e-06,0.0
266_266_Kuosheng_Bay_(1998),SM,0.16,8,11.8665,61.529999999999994,0.30368,11.562820007895,12.306,37.3575,0.0,0.0,0.0,Bivalves,0.0,0.0,0.0,0.0,0.0,0.025591370000000002,-7.89500020914602e-09,-7.105427357601002e-15,0.0
266_266_Kuosheng_Bay_(1998),SM,0.16,7,10.802000000000001,46.154,0.394784,10.4072160308336,9.2308,26.1211967,0.0,0.0,0.0,Gastropods,0.0,0.0,0.0,0.0,0.0,0.0365473032000001,-3.0833598785307004e-08,3.3000000030369847e-06,0.0
266_266_Kuosheng_Bay_(1998),SM,0.16,6,9.316,22.0296,1.54,7.776000127740001,4.40592,8.30768,0.0,0.0,0.0,Bernacles,0.0,0.0,0.0,0.0,0.0,0.16530698499999996,-1.2773999991111396e-07,-1.7763568394002505e-15,0.0
266_266_Kuosheng_Bay_(1998),SM,0.16,5,52.0,260.0,28.698999999999998,23.301000111999997,52.0,156.0,0.0,0.0,0.0,Infauna,0.0,0.0,0.0,0.0,0.0,0.551903844,-1.1199999505606684e-07,0.0,0.0
266_266_Kuosheng_Bay_(1998),SM,0.16,4,1372.0,3584.0,792.7720360000002,579.2279416000001,716.8000000000001,1495.2,0.0,0.0,0.0,Carnivorous zooplankton,0.0,0.0,0.0,0.0,0.0,0.5778222,2.2399999579647556e-05,-2.2737367544323206e-13,0.0
266_266_Kuosheng_Bay_(1998),SM,0.16,3,3958.5000000000005,10556.0,2739.59414,1218.90567435,2111.2000000000003,4486.3,0.0,0.0,0.0,Herbivorous zooplankton,0.0,0.0,0.0,0.0,0.0,0.6920789,0.0001856500002759276,-9.094947017729282e-13,0.0
266_266_Kuosheng_Bay_(1998),SM,0.16,2,45.64,45.64,16.207800000000002,29.4321992874,0.0,0.0,0.0,0.0,0.0,Periphyton,0.0,0.0,0.0,0.0,0.0,0.35512271500000003,7.125999985646558e-07,0.0,0.0
266_266_Kuosheng_Bay_(1998),SM,0.16,1,6664.0,6664.0,3216.527208,3447.4724592000002,0.0,0.0,0.0,0.0,0.0,Phytoplankton,0.0,0.0,0.0,0.0,0.0,0.4826722,0.0003328000002511544,0.0,0.0
266_266_Kuosheng_Bay_(1998),SE,0.16,18,-0.0,-0.0,0.0,0.0,0.0,0.0,0.0,0.0,0.0,diet_import,0.0,0.0,0.0,0.0,0.0,,-0.0,0.0,0.0
266_266_Kuosheng_Bay_(1998),SE,0.16,17,8281.162622539883,8281.162622539883,7900.977784,0.0,0.0,0.0,0.0,380.18483853988346,0.0,Detritus,0.0,0.0,0.0,0.0,0.0,1.0,0.0,0.0,0.0
266_266_Kuosheng_Bay_(1998),SE,0.16,16,0.4676,3.6400000000000006,0.15600000000000003,0.011599965022799991,0.7280000000000002,2.4444,0.3,0.0,0.0,Detritivorous fish,0.048,0.048,0.252,0.252,0.0,0.975192547,3.497719996969906e-08,4.440892098500626e-16,0.0
266_266_Kuosheng_Bay_(1998),SE,0.16,15,0.1612,1.56,0.0,0.0111999936828,0.31200000000000006,1.0868,0.15,0.0,0.0,Piscivorous fish,0.024,0.024,0.126,0.126,0.0,0.930521131,6.317200013095103e-09,0.0,0.0
266_266_Kuosheng_Bay_(1998),SE,0.16,14,1.0244,3.0368,0.48027200000000003,0.024128000519999998,0.60736,1.40503991,0.52,0.0,0.0,Benthic-feeding fish,0.08320000000000001,0.08320000000000001,0.4368,0.4368,0.0,0.9764467,-5.200000430249929e-10,9.000000011916143e-08,0.0
266_266_Kuosheng_Bay_(1998),SE,0.16,13,0.8256,4.32,0.5591039999999999,0.02649602042880001,0.8640000000000001,2.6303997,0.24,0.0,0.0,Zooplanktivorous fish,0.0384,0.0384,0.20159999999999997,0.20159999999999997,0.0,0.967906952,-2.0428799984983925e-08,2.9999999995311555e-07,0.0
266_266_Kuosheng_Bay_(1998),SE,0.16,12,0.9434,10.68,0.6204000000000001,0.31299993124000003,2.136,7.60060024,0.01,0.0,0.0,Herbivorous fish,0.0016,0.0016,0.0084,0.0084,0.0,0.6682214,6.875999991606818e-08,-2.400000012059422e-07,0.0
266_266_Kuosheng_Bay_(1998),SE,0.16,11,0.5365,3.7,0.0,0.5365,0.7400000000000001,2.4235,0.0,0.0,0.0,Holothuroids,0.0,0.0,0.0,0.0,0.0,0.0,0.0,-4.440892098500626e-16,0.0
266_266_Kuosheng_Bay_(1998),SE,0.16,10,4.015,38.5,0.69376,3.321240051745,7.7,26.785,0.0,0.0,0.0,Crabs,0.0,0.0,0.0,0.0,0.0,0.17279201700000002,-5.174500028459761e-08,0.0,0.0
266_266_Kuosheng_Bay_(1998),SE,0.16,9,10.1875,105.95,1.574432,8.613067861375,21.19,74.5724945,0.0,0.0,0.0,Shrimp,0.0,0.0,0.0,0.0,0.0,0.15454548599999995,1.3862499947947526e-07,5.50000000032469e-06,0.0
266_266_Kuosheng_Bay_(1998),SE,0.16,8,11.8665,61.529999999999994,0.30368,11.562820007895,12.306,37.3575,0.0,0.0,0.0,Bivalves,0.0,0.0,0.0,0.0,0.0,0.025591370000000002,-7.89500020914602e-09,-7.105427357601002e-15,0.0
266_266_Kuosheng_Bay_(1998),SE,0.16,7,10.802000000000001,46.154,0.394784,10.4072160308336,9.2308,26.1211967,0.0,0.0,0.0,Gastropods,0.0,0.0,0.0,0.0,0.0,0.0365473032000001,-3.0833598785307004e-08,3.3000000030369847e-06,0.0
266_266_Kuosheng_Bay_(1998),SE,0.16,6,9.316,22.0296,1.54,7.776000127740001,4.40592,8.30768,0.0,0.0,0.0,Bernacles,0.0,0.0,0.0,0.0,0.0,0.16530698499999996,-1.2773999991111396e-07,-1.7763568394002505e-15,0.0
266_266_Kuosheng_Bay_(1998),SE,0.16,5,52.0,260.0,28.698999999999998,23.301000111999997,52.0,156.0,0.0,0.0,0.0,Infauna,0.0,0.0,0.0,0.0,0.0,0.551903844,-1.1199999505606684e-07,0.0,0.0
266_266_Kuosheng_Bay_(1998),SE,0.16,4,1372.0,3584.0,792.7720360000002,579.2279416000001,716.8000000000001,1495.2,0.0,0.0,0.0,Carnivorous zooplankton,0.0,0.0,0.0,0.0,0.0,0.5778222,2.2399999579647556e-05,-2.2737367544323206e-13,0.0
266_266_Kuosheng_Bay_(1998),SE,0.16,3,3958.5000000000005,10556.0,2739.59414,1218.90567435,2111.2000000000003,4486.3,0.0,0.0,0.0,Herbivorous zooplankton,0.0,0.0,0.0,0.0,0.0,0.6920789,0.0001856500002759276,-9.094947017729282e-13,0.0
266_266_Kuosheng_Bay_(1998),SE,0.16,2,45.64,45.64,16.207800000000002,29.4321992874,0.0,0.0,0.0,0.0,0.0,Periphyton,0.0,0.0,0.0,0.0,0.0,0.35512271500000003,7.125999985646558e-07,0.0,0.0
266_266_Kuosheng_Bay_(1998),SE,0.16,1,6664.0,6664.0,3216.527208,3447.4724592000002,0.0,0.0,0.0,0.0,0.0,Phytoplankton,0.0,0.0,0.0,0.0,0.0,0.4826722,0.0003328000002511544,0.0,0.0
266_266_Kuosheng_Bay_(1998),SC,0.17,18,-0.0,-0.0,0.0,0.0,0.0,0.0,0.0,0.0,0.0,diet_import,0.0,0.0,0.0,0.0,0.0,,-0.0,0.0,0.0
266_266_Kuosheng_Bay_(1998),SC,0.17,17,8281.162622539883,8281.162622539883,7900.977784,0.0,0.0,0.0,0.0,380.18483853988346,0.0,Detritus,0.0,0.0,0.0,0.0,0.0,1.0,0.0,0.0,0.0
266_266_Kuosheng_Bay_(1998),SC,0.17,16,0.4676,3.6400000000000006,0.15600000000000003,0.011599965022799991,0.7280000000000002,2.4444,0.3,0.0,0.0,Detritivorous fish,0.0,0.051000000000000004,0.24899999999999997,0.3,0.0,0.975192547,3.497720002521021e-08,4.440892098500626e-16,0.0
266_266_Kuosheng_Bay_(1998),SC,0.17,15,0.1612,1.56,0.0,0.0111999936828,0.31200000000000006,1.0868,0.15,0.0,0.0,Piscivorous fish,0.0,0.025500000000000002,0.12449999999999999,0.15,0.0,0.930521131,6.317200013095103e-09,0.0,0.0
266_266_Kuosheng_Bay_(1998),SC,0.17,14,1.0244,3.0368,0.48027200000000003,0.024128000519999998,0.60736,1.40503991,0.52,0.0,0.0,Benthic-feeding fish,0.0,0.0884,0.4316,0.52,0.0,0.9764467,-5.200000430249929e-10,9.000000011916143e-08,0.0
266_266_Kuosheng_Bay_(1998),SC,0.17,13,0.8256,4.32,0.5591039999999999,0.02649602042880001,0.8640000000000001,2.6303997,0.24,0.0,0.0,Zooplanktivorous fish,0.0,0.0408,0.1992,0.24,0.0,0.967906952,-2.0428799984983925e-08,2.9999999995311555e-07,0.0
266_266_Kuosheng_Bay_(1998),SC,0.17,12,0.9434,10.68,0.6204000000000001,0.31299993124000003,2.136,7.60060024,0.01,0.0,0.0,Herbivorous fish,0.0,0.0017000000000000001,0.0083,0.01,0.0,0.6682214,6.875999991606818e-08,-2.400000012059422e-07,0.0
266_266_Kuosheng_Bay_(1998),SC,0.17,11,0.5365,3.7,0.0,0.5365,0.7400000000000001,2.4235,0.0,0.0,0.0,Holothuroids,0.0,0.0,0.0,0.0,0.0,0.0,0.0,-4.440892098500626e-16,0.0
266_266_Kuosheng_Bay_(1998),SC,0.17,10,4.015,38.5,0.69376,3.321240051745,7.7,26.785,0.0,0.0,0.0,Crabs,0.0,0.0,0.0,0.0,0.0,0.17279201700000002,-5.174500028459761e-08,0.0,0.0
266_266_Kuosheng_Bay_(1998),SC,0.17,9,10.1875,105.95,1.574432,8.613067861375,21.19,74.5724945,0.0,0.0,0.0,Shrimp,0.0,0.0,0.0,0.0,0.0,0.15454548599999995,1.3862499947947526e-07,5.50000000032469e-06,0.0
266_266_Kuosheng_Bay_(1998),SC,0.17,8,11.8665,61.529999999999994,0.30368,11.562820007895,12.306,37.3575,0.0,0.0,0.0,Bivalves,0.0,0.0,0.0,0.0,0.0,0.025591370000000002,-7.89500020914602e-09,-7.105427357601002e-15,0.0
266_266_Kuosheng_Bay_(1998),SC,0.17,7,10.802000000000001,46.154,0.394784,10.4072160308336,9.2308,26.1211967,0.0,0.0,0.0,Gastropods,0.0,0.0,0.0,0.0,0.0,0.0365473032000001,-3.0833598785307004e-08,3.3000000030369847e-06,0.0
266_266_Kuosheng_Bay_(1998),SC,0.17,6,9.316,22.0296,1.54,7.776000127740001,4.40592,8.30768,0.0,0.0,0.0,Bernacles,0.0,0.0,0.0,0.0,0.0,0.16530698499999996,-1.2773999991111396e-07,-1.7763568394002505e-15,0.0
266_266_Kuosheng_Bay_(1998),SC,0.17,5,52.0,260.0,28.698999999999998,23.301000111999997,52.0,156.0,0.0,0.0,0.0,Infauna,0.0,0.0,0.0,0.0,0.0,0.551903844,-1.1199999505606684e-07,0.0,0.0
266_266_Kuosheng_Bay_(1998),SC,0.17,4,1372.0,3584.0,792.7720360000002,579.2279416000001,716.8000000000001,1495.2,0.0,0.0,0.0,Carnivorous zooplankton,0.0,0.0,0.0,0.0,0.0,0.5778222,2.2399999579647556e-05,-2.2737367544323206e-13,0.0
266_266_Kuosheng_Bay_(1998),SC,0.17,3,3958.5000000000005,10556.0,2739.59414,1218.90567435,2111.2000000000003,4486.3,0.0,0.0,0.0,Herbivorous zooplankton,0.0,0.0,0.0,0.0,0.0,0.6920789,0.0001856500002759276,-9.094947017729282e-13,0.0
266_266_Kuosheng_Bay_(1998),SC,0.17,2,45.64,45.64,16.207800000000002,29.4321992874,0.0,0.0,0.0,0.0,0.0,Periphyton,0.0,0.0,0.0,0.0,0.0,0.35512271500000003,7.125999985646558e-07,0.0,0.0
266_266_Kuosheng_Bay_(1998),SC,0.17,1,6664.0,6664.0,3216.527208,3447.4724592000002,0.0,0.0,0.0,0.0,0.0,Phytoplankton,0.0,0.0,0.0,0.0,0.0,0.4826722,0.0003328000002511544,0.0,0.0
266_266_Kuosheng_Bay_(1998),SM,0.17,18,-0.0,-0.0,0.0,0.0,0.0,0.0,0.0,0.0,0.0,diet_import,0.0,0.0,0.0,0.0,0.0,,-0.0,0.0,0.0
266_266_Kuosheng_Bay_(1998),SM,0.17,17,8281.370022539884,8281.370022539884,7900.977784,0.0,0.0,0.0,0.0,380.3922385398846,0.0,Detritus,0.0,0.0,0.0,0.0,0.0,1.0,0.0,0.0,0.0
266_266_Kuosheng_Bay_(1998),SM,0.17,16,0.4676,3.6400000000000006,0.15600000000000003,0.06259996502279999,0.7280000000000002,2.4444,0.3,0.0,0.0,Detritivorous fish,0.0,0.051000000000000004,0.24899999999999997,0.24899999999999997,0.0,0.8661249678725407,3.497720002521021e-08,4.440892098500626e-16,0.0
266_266_Kuosheng_Bay_(1998),SM,0.17,15,0.1612,1.56,0.0,0.036699993682800004,0.31200000000000006,1.0868,0.15,0.0,0.0,Piscivorous fish,0.0,0.025500000000000002,0.12449999999999999,0.12449999999999999,0.0,0.7723325453920595,6.317200013095103e-09,0.0,0.0
266_266_Kuosheng_Bay_(1998),SM,0.17,14,1.0244,3.0368,0.48027200000000003,0.11252800052,0.60736,1.40503991,0.52,0.0,0.0,Benthic-feeding fish,0.0,0.0884,0.4316,0.4316,0.0,0.8901522837563451,-5.200000430249929e-10,9.000000011916143e-08,0.0
266_266_Kuosheng_Bay_(1998),SM,0.17,13,0.8256,4.32,0.5591039999999999,0.06729602042880001,0.8640000000000001,2.6303997,0.24,0.0,0.0,Zooplanktivorous fish,0.0,0.0408,0.1992,0.1992,0.0,0.9184883473488372,-2.0428799873961623e-08,2.9999999995311555e-07,0.0
266_266_Kuosheng_Bay_(1998),SM,0.17,12,0.9434,10.68,0.6204000000000001,0.31469993124,2.136,7.60060024,0.01,0.0,0.0,Herbivorous fish,0.0,0.0017000000000000001,0.0083,0.0083,0.0,0.6664194072079712,6.875999991606818e-08,-2.400000012059422e-07,0.0
266_266_Kuosheng_Bay_(1998),SM,0.17,11,0.5365,3.7,0.0,0.5365,0.7400000000000001,2.4235,0.0,0.0,0.0,Holothuroids,0.0,0.0,0.0,0.0,0.0,0.0,0.0,-4.440892098500626e-16,0.0
266_266_Kuosheng_Bay_(1998),SM,0.17,10,4.015,38.5,0.69376,3.321240051745,7.7,26.785,0.0,0.0,0.0,Crabs,0.0,0.0,0.0,0.0,0.0,0.17279201700000002,-5.174500028459761e-08,0.0,0.0
266_266_Kuosheng_Bay_(1998),SM,0.17,9,10.1875,105.95,1.574432,8.613067861375,21.19,74.5724945,0.0,0.0,0.0,Shrimp,0.0,0.0,0.0,0.0,0.0,0.15454548599999995,1.3862499947947526e-07,5.50000000032469e-06,0.0
266_266_Kuosheng_Bay_(1998),SM,0.17,8,11.8665,61.529999999999994,0.30368,11.562820007895,12.306,37.3575,0.0,0.0,0.0,Bivalves,0.0,0.0,0.0,0.0,0.0,0.025591370000000002,-7.89500020914602e-09,-7.105427357601002e-15,0.0
266_266_Kuosheng_Bay_(1998),SM,0.17,7,10.802000000000001,46.154,0.394784,10.4072160308336,9.2308,26.1211967,0.0,0.0,0.0,Gastropods,0.0,0.0,0.0,0.0,0.0,0.0365473032000001,-3.0833598785307004e-08,3.3000000030369847e-06,0.0
266_266_Kuosheng_Bay_(1998),SM,0.17,6,9.316,22.0296,1.54,7.776000127740001,4.40592,8.30768,0.0,0.0,0.0,Bernacles,0.0,0.0,0.0,0.0,0.0,0.16530698499999996,-1.2773999991111396e-07,-1.7763568394002505e-15,0.0
266_266_Kuosheng_Bay_(1998),SM,0.17,5,52.0,260.0,28.698999999999998,23.301000111999997,52.0,156.0,0.0,0.0,0.0,Infauna,0.0,0.0,0.0,0.0,0.0,0.551903844,-1.1199999505606684e-07,0.0,0.0
266_266_Kuosheng_Bay_(1998),SM,0.17,4,1372.0,3584.0,792.7720360000002,579.2279416000001,716.8000000000001,1495.2,0.0,0.0,0.0,Carnivorous zooplankton,0.0,0.0,0.0,0.0,0.0,0.5778222,2.2399999579647556e-05,-2.2737367544323206e-13,0.0
266_266_Kuosheng_Bay_(1998),SM,0.17,3,3958.5000000000005,10556.0,2739.59414,1218.90567435,2111.2000000000003,4486.3,0.0,0.0,0.0,Herbivorous zooplankton,0.0,0.0,0.0,0.0,0.0,0.6920789,0.0001856500002759276,-9.094947017729282e-13,0.0
266_266_Kuosheng_Bay_(1998),SM,0.17,2,45.64,45.64,16.207800000000002,29.4321992874,0.0,0.0,0.0,0.0,0.0,Periphyton,0.0,0.0,0.0,0.0,0.0,0.35512271500000003,7.125999985646558e-07,0.0,0.0
266_266_Kuosheng_Bay_(1998),SM,0.17,1,6664.0,6664.0,3216.527208,3447.4724592000002,0.0,0.0,0.0,0.0,0.0,Phytoplankton,0.0,0.0,0.0,0.0,0.0,0.4826722,0.0003328000002511544,0.0,0.0
266_266_Kuosheng_Bay_(1998),SE,0.17,18,-0.0,-0.0,0.0,0.0,0.0,0.0,0.0,0.0,0.0,diet_import,0.0,0.0,0.0,0.0,0.0,,-0.0,0.0,0.0
266_266_Kuosheng_Bay_(1998),SE,0.17,17,8281.162622539883,8281.162622539883,7900.977784,0.0,0.0,0.0,0.0,380.18483853988346,0.0,Detritus,0.0,0.0,0.0,0.0,0.0,1.0,0.0,0.0,0.0
266_266_Kuosheng_Bay_(1998),SE,0.17,16,0.4676,3.6400000000000006,0.15600000000000003,0.011599965022799991,0.7280000000000002,2.4444,0.3,0.0,0.0,Detritivorous fish,0.051000000000000004,0.051000000000000004,0.24899999999999997,0.24899999999999997,0.0,0.975192547,3.497720002521021e-08,4.440892098500626e-16,0.0
266_266_Kuosheng_Bay_(1998),SE,0.17,15,0.1612,1.56,0.0,0.0111999936828,0.31200000000000006,1.0868,0.15,0.0,0.0,Piscivorous fish,0.025500000000000002,0.025500000000000002,0.12449999999999999,0.12449999999999999,0.0,0.930521131,6.317200040850679e-09,0.0,0.0
266_266_Kuosheng_Bay_(1998),SE,0.17,14,1.0244,3.0368,0.48027200000000003,0.024128000519999998,0.60736,1.40503991,0.52,0.0,0.0,Benthic-feeding fish,0.0884,0.0884,0.4316,0.4316,0.0,0.9764467,-5.200000430249929e-10,9.000000011916143e-08,0.0
266_266_Kuosheng_Bay_(1998),SE,0.17,13,0.8256,4.32,0.5591039999999999,0.02649602042880001,0.8640000000000001,2.6303997,0.24,0.0,0.0,Zooplanktivorous fish,0.0408,0.0408,0.1992,0.1992,0.0,0.967906952,-2.0428799873961623e-08,2.9999999995311555e-07,0.0
266_266_Kuosheng_Bay_(1998),SE,0.17,12,0.9434,10.68,0.6204000000000001,0.31299993124000003,2.136,7.60060024,0.01,0.0,0.0,Herbivorous fish,0.0017000000000000001,0.0017000000000000001,0.0083,0.0083,0.0,0.6682214,6.875999991606818e-08,-2.400000012059422e-07,0.0
266_266_Kuosheng_Bay_(1998),SE,0.17,11,0.5365,3.7,0.0,0.5365,0.7400000000000001,2.4235,0.0,0.0,0.0,Holothuroids,0.0,0.0,0.0,0.0,0.0,0.0,0.0,-4.440892098500626e-16,0.0
266_266_Kuosheng_Bay_(1998),SE,0.17,10,4.015,38.5,0.69376,3.321240051745,7.7,26.785,0.0,0.0,0.0,Crabs,0.0,0.0,0.0,0.0,0.0,0.17279201700000002,-5.174500028459761e-08,0.0,0.0
266_266_Kuosheng_Bay_(1998),SE,0.17,9,10.1875,105.95,1.574432,8.613067861375,21.19,74.5724945,0.0,0.0,0.0,Shrimp,0.0,0.0,0.0,0.0,0.0,0.15454548599999995,1.3862499947947526e-07,5.50000000032469e-06,0.0
266_266_Kuosheng_Bay_(1998),SE,0.17,8,11.8665,61.529999999999994,0.30368,11.562820007895,12.306,37.3575,0.0,0.0,0.0,Bivalves,0.0,0.0,0.0,0.0,0.0,0.025591370000000002,-7.89500020914602e-09,-7.105427357601002e-15,0.0
266_266_Kuosheng_Bay_(1998),SE,0.17,7,10.802000000000001,46.154,0.394784,10.4072160308336,9.2308,26.1211967,0.0,0.0,0.0,Gastropods,0.0,0.0,0.0,0.0,0.0,0.0365473032000001,-3.0833598785307004e-08,3.3000000030369847e-06,0.0
266_266_Kuosheng_Bay_(1998),SE,0.17,6,9.316,22.0296,1.54,7.776000127740001,4.40592,8.30768,0.0,0.0,0.0,Bernacles,0.0,0.0,0.0,0.0,0.0,0.16530698499999996,-1.2773999991111396e-07,-1.7763568394002505e-15,0.0
266_266_Kuosheng_Bay_(1998),SE,0.17,5,52.0,260.0,28.698999999999998,23.301000111999997,52.0,156.0,0.0,0.0,0.0,Infauna,0.0,0.0,0.0,0.0,0.0,0.551903844,-1.1199999505606684e-07,0.0,0.0
266_266_Kuosheng_Bay_(1998),SE,0.17,4,1372.0,3584.0,792.7720360000002,579.2279416000001,716.8000000000001,1495.2,0.0,0.0,0.0,Carnivorous zooplankton,0.0,0.0,0.0,0.0,0.0,0.5778222,2.2399999579647556e-05,-2.2737367544323206e-13,0.0
266_266_Kuosheng_Bay_(1998),SE,0.17,3,3958.5000000000005,10556.0,2739.59414,1218.90567435,2111.2000000000003,4486.3,0.0,0.0,0.0,Herbivorous zooplankton,0.0,0.0,0.0,0.0,0.0,0.6920789,0.0001856500002759276,-9.094947017729282e-13,0.0
266_266_Kuosheng_Bay_(1998),SE,0.17,2,45.64,45.64,16.207800000000002,29.4321992874,0.0,0.0,0.0,0.0,0.0,Periphyton,0.0,0.0,0.0,0.0,0.0,0.35512271500000003,7.125999985646558e-07,0.0,0.0
266_266_Kuosheng_Bay_(1998),SE,0.17,1,6664.0,6664.0,3216.527208,3447.4724592000002,0.0,0.0,0.0,0.0,0.0,Phytoplankton,0.0,0.0,0.0,0.0,0.0,0.4826722,0.0003328000002511544,0.0,0.0
266_266_Kuosheng_Bay_(1998),SC,0.18,18,-0.0,-0.0,0.0,0.0,0.0,0.0,0.0,0.0,0.0,diet_import,0.0,0.0,0.0,0.0,0.0,,-0.0,0.0,0.0
266_266_Kuosheng_Bay_(1998),SC,0.18,17,8281.162622539883,8281.162622539883,7900.977784,0.0,0.0,0.0,0.0,380.18483853988346,0.0,Detritus,0.0,0.0,0.0,0.0,0.0,1.0,0.0,0.0,0.0
266_266_Kuosheng_Bay_(1998),SC,0.18,16,0.4676,3.6400000000000006,0.15600000000000003,0.011599965022799991,0.7280000000000002,2.4444,0.3,0.0,0.0,Detritivorous fish,0.0,0.054,0.246,0.3,0.0,0.975192547,3.497720002521021e-08,4.440892098500626e-16,0.0
266_266_Kuosheng_Bay_(1998),SC,0.18,15,0.1612,1.56,0.0,0.0111999936828,0.31200000000000006,1.0868,0.15,0.0,0.0,Piscivorous fish,0.0,0.027,0.123,0.15,0.0,0.930521131,6.317200013095103e-09,0.0,0.0
266_266_Kuosheng_Bay_(1998),SC,0.18,14,1.0244,3.0368,0.48027200000000003,0.024128000519999998,0.60736,1.40503991,0.52,0.0,0.0,Benthic-feeding fish,0.0,0.0936,0.42640000000000006,0.52,0.0,0.9764467,-5.200000430249929e-10,9.000000011916143e-08,0.0
266_266_Kuosheng_Bay_(1998),SC,0.18,13,0.8256,4.32,0.5591039999999999,0.02649602042880001,0.8640000000000001,2.6303997,0.24,0.0,0.0,Zooplanktivorous fish,0.0,0.043199999999999995,0.1968,0.24,0.0,0.967906952,-2.0428799984983925e-08,2.9999999995311555e-07,0.0
266_266_Kuosheng_Bay_(1998),SC,0.18,12,0.9434,10.68,0.6204000000000001,0.31299993124000003,2.136,7.60060024,0.01,0.0,0.0,Herbivorous fish,0.0,0.0018,0.0082,0.01,0.0,0.6682214,6.875999991606818e-08,-2.400000012059422e-07,0.0
266_266_Kuosheng_Bay_(1998),SC,0.18,11,0.5365,3.7,0.0,0.5365,0.7400000000000001,2.4235,0.0,0.0,0.0,Holothuroids,0.0,0.0,0.0,0.0,0.0,0.0,0.0,-4.440892098500626e-16,0.0
266_266_Kuosheng_Bay_(1998),SC,0.18,10,4.015,38.5,0.69376,3.321240051745,7.7,26.785,0.0,0.0,0.0,Crabs,0.0,0.0,0.0,0.0,0.0,0.17279201700000002,-5.174500028459761e-08,0.0,0.0
266_266_Kuosheng_Bay_(1998),SC,0.18,9,10.1875,105.95,1.574432,8.613067861375,21.19,74.5724945,0.0,0.0,0.0,Shrimp,0.0,0.0,0.0,0.0,0.0,0.15454548599999995,1.3862499947947526e-07,5.50000000032469e-06,0.0
266_266_Kuosheng_Bay_(1998),SC,0.18,8,11.8665,61.529999999999994,0.30368,11.562820007895,12.306,37.3575,0.0,0.0,0.0,Bivalves,0.0,0.0,0.0,0.0,0.0,0.025591370000000002,-7.89500020914602e-09,-7.105427357601002e-15,0.0
266_266_Kuosheng_Bay_(1998),SC,0.18,7,10.802000000000001,46.154,0.394784,10.4072160308336,9.2308,26.1211967,0.0,0.0,0.0,Gastropods,0.0,0.0,0.0,0.0,0.0,0.0365473032000001,-3.0833598785307004e-08,3.3000000030369847e-06,0.0
266_266_Kuosheng_Bay_(1998),SC,0.18,6,9.316,22.0296,1.54,7.776000127740001,4.40592,8.30768,0.0,0.0,0.0,Bernacles,0.0,0.0,0.0,0.0,0.0,0.16530698499999996,-1.2773999991111396e-07,-1.7763568394002505e-15,0.0
266_266_Kuosheng_Bay_(1998),SC,0.18,5,52.0,260.0,28.698999999999998,23.301000111999997,52.0,156.0,0.0,0.0,0.0,Infauna,0.0,0.0,0.0,0.0,0.0,0.551903844,-1.1199999505606684e-07,0.0,0.0
266_266_Kuosheng_Bay_(1998),SC,0.18,4,1372.0,3584.0,792.7720360000002,579.2279416000001,716.8000000000001,1495.2,0.0,0.0,0.0,Carnivorous zooplankton,0.0,0.0,0.0,0.0,0.0,0.5778222,2.2399999579647556e-05,-2.2737367544323206e-13,0.0
266_266_Kuosheng_Bay_(1998),SC,0.18,3,3958.5000000000005,10556.0,2739.59414,1218.90567435,2111.2000000000003,4486.3,0.0,0.0,0.0,Herbivorous zooplankton,0.0,0.0,0.0,0.0,0.0,0.6920789,0.0001856500002759276,-9.094947017729282e-13,0.0
266_266_Kuosheng_Bay_(1998),SC,0.18,2,45.64,45.64,16.207800000000002,29.4321992874,0.0,0.0,0.0,0.0,0.0,Periphyton,0.0,0.0,0.0,0.0,0.0,0.35512271500000003,7.125999985646558e-07,0.0,0.0
266_266_Kuosheng_Bay_(1998),SC,0.18,1,6664.0,6664.0,3216.527208,3447.4724592000002,0.0,0.0,0.0,0.0,0.0,Phytoplankton,0.0,0.0,0.0,0.0,0.0,0.4826722,0.0003328000002511544,0.0,0.0
266_266_Kuosheng_Bay_(1998),SM,0.18,18,-0.0,-0.0,0.0,0.0,0.0,0.0,0.0,0.0,0.0,diet_import,0.0,0.0,0.0,0.0,0.0,,-0.0,0.0,0.0
266_266_Kuosheng_Bay_(1998),SM,0.18,17,8281.382222539884,8281.382222539884,7900.977784,0.0,0.0,0.0,0.0,380.4044385398838,0.0,Detritus,0.0,0.0,0.0,0.0,0.0,1.0,0.0,0.0,0.0
266_266_Kuosheng_Bay_(1998),SM,0.18,16,0.4676,3.6400000000000006,0.15600000000000003,0.0655999650228,0.7280000000000002,2.4444,0.3,0.0,0.0,Detritivorous fish,0.0,0.054,0.246,0.246,0.0,0.8597092279238665,3.497720002521021e-08,4.440892098500626e-16,0.0
266_266_Kuosheng_Bay_(1998),SM,0.18,15,0.1612,1.56,0.0,0.0381999936828,0.31200000000000006,1.0868,0.15,0.0,0.0,Piscivorous fish,0.0,0.027,0.123,0.123,0.0,0.7630273344739454,6.317200013095103e-09,0.0,0.0
266_266_Kuosheng_Bay_(1998),SM,0.18,14,1.0244,3.0368,0.48027200000000003,0.11772800052,0.60736,1.40503991,0.52,0.0,0.0,Benthic-feeding fish,0.0,0.0936,0.42640000000000006,0.42640000000000006,0.0,0.8850761416243654,-5.200000430249929e-10,9.000000011916143e-08,0.0
266_266_Kuosheng_Bay_(1998),SM,0.18,13,0.8256,4.32,0.5591039999999999,0.0696960204288,0.8640000000000001,2.6303997,0.24,0.0,0.0,Zooplanktivorous fish,0.0,0.043199999999999995,0.1968,0.1968,0.0,0.9155813706046512,-2.0428799873961623e-08,2.9999999995311555e-07,0.0
266_266_Kuosheng_Bay_(1998),SM,0.18,12,0.9434,10.68,0.6204000000000001,0.31479993124000005,2.136,7.60060024,0.01,0.0,0.0,Herbivorous fish,0.0,0.0018,0.0082,0.0082,0.0,0.6663134076319694,6.875999991606818e-08,-2.400000012059422e-07,0.0
266_266_Kuosheng_Bay_(1998),SM,0.18,11,0.5365,3.7,0.0,0.5365,0.7400000000000001,2.4235,0.0,0.0,0.0,Holothuroids,0.0,0.0,0.0,0.0,0.0,0.0,0.0,-4.440892098500626e-16,0.0
266_266_Kuosheng_Bay_(1998),SM,0.18,10,4.015,38.5,0.69376,3.321240051745,7.7,26.785,0.0,0.0,0.0,Crabs,0.0,0.0,0.0,0.0,0.0,0.17279201700000002,-5.174500028459761e-08,0.0,0.0
266_266_Kuosheng_Bay_(1998),SM,0.18,9,10.1875,105.95,1.574432,8.613067861375,21.19,74.5724945,0.0,0.0,0.0,Shrimp,0.0,0.0,0.0,0.0,0.0,0.15454548599999995,1.3862499947947526e-07,5.50000000032469e-06,0.0
266_266_Kuosheng_Bay_(1998),SM,0.18,8,11.8665,61.529999999999994,0.30368,11.562820007895,12.306,37.3575,0.0,0.0,0.0,Bivalves,0.0,0.0,0.0,0.0,0.0,0.025591370000000002,-7.89500020914602e-09,-7.105427357601002e-15,0.0
266_266_Kuosheng_Bay_(1998),SM,0.18,7,10.802000000000001,46.154,0.394784,10.4072160308336,9.2308,26.1211967,0.0,0.0,0.0,Gastropods,0.0,0.0,0.0,0.0,0.0,0.0365473032000001,-3.0833598785307004e-08,3.3000000030369847e-06,0.0
266_266_Kuosheng_Bay_(1998),SM,0.18,6,9.316,22.0296,1.54,7.776000127740001,4.40592,8.30768,0.0,0.0,0.0,Bernacles,0.0,0.0,0.0,0.0,0.0,0.16530698499999996,-1.2773999991111396e-07,-1.7763568394002505e-15,0.0
266_266_Kuosheng_Bay_(1998),SM,0.18,5,52.0,260.0,28.698999999999998,23.301000111999997,52.0,156.0,0.0,0.0,0.0,Infauna,0.0,0.0,0.0,0.0,0.0,0.551903844,-1.1199999505606684e-07,0.0,0.0
266_266_Kuosheng_Bay_(1998),SM,0.18,4,1372.0,3584.0,792.7720360000002,579.2279416000001,716.8000000000001,1495.2,0.0,0.0,0.0,Carnivorous zooplankton,0.0,0.0,0.0,0.0,0.0,0.5778222,2.2399999579647556e-05,-2.2737367544323206e-13,0.0
266_266_Kuosheng_Bay_(1998),SM,0.18,3,3958.5000000000005,10556.0,2739.59414,1218.90567435,2111.2000000000003,4486.3,0.0,0.0,0.0,Herbivorous zooplankton,0.0,0.0,0.0,0.0,0.0,0.6920789,0.0001856500002759276,-9.094947017729282e-13,0.0
266_266_Kuosheng_Bay_(1998),SM,0.18,2,45.64,45.64,16.207800000000002,29.4321992874,0.0,0.0,0.0,0.0,0.0,Periphyton,0.0,0.0,0.0,0.0,0.0,0.35512271500000003,7.125999985646558e-07,0.0,0.0
266_266_Kuosheng_Bay_(1998),SM,0.18,1,6664.0,6664.0,3216.527208,3447.4724592000002,0.0,0.0,0.0,0.0,0.0,Phytoplankton,0.0,0.0,0.0,0.0,0.0,0.4826722,0.0003328000002511544,0.0,0.0
266_266_Kuosheng_Bay_(1998),SE,0.18,18,-0.0,-0.0,0.0,0.0,0.0,0.0,0.0,0.0,0.0,diet_import,0.0,0.0,0.0,0.0,0.0,,-0.0,0.0,0.0
266_266_Kuosheng_Bay_(1998),SE,0.18,17,8281.162622539883,8281.162622539883,7900.977784,0.0,0.0,0.0,0.0,380.18483853988346,0.0,Detritus,0.0,0.0,0.0,0.0,0.0,1.0,0.0,0.0,0.0
266_266_Kuosheng_Bay_(1998),SE,0.18,16,0.4676,3.6400000000000006,0.15600000000000003,0.011599965022799991,0.7280000000000002,2.4444,0.3,0.0,0.0,Detritivorous fish,0.054,0.054,0.246,0.246,0.0,0.975192547,3.497719996969906e-08,4.440892098500626e-16,0.0
266_266_Kuosheng_Bay_(1998),SE,0.18,15,0.1612,1.56,0.0,0.0111999936828,0.31200000000000006,1.0868,0.15,0.0,0.0,Piscivorous fish,0.027,0.027,0.123,0.123,0.0,0.930521131,6.317200013095103e-09,0.0,0.0
266_266_Kuosheng_Bay_(1998),SE,0.18,14,1.0244,3.0368,0.48027200000000003,0.024128000519999998,0.60736,1.40503991,0.52,0.0,0.0,Benthic-feeding fish,0.0936,0.0936,0.42640000000000006,0.42640000000000006,0.0,0.9764467,-5.200000430249929e-10,9.000000011916143e-08,0.0
266_266_Kuosheng_Bay_(1998),SE,0.18,13,0.8256,4.32,0.5591039999999999,0.02649602042880001,0.8640000000000001,2.6303997,0.24,0.0,0.0,Zooplanktivorous fish,0.043199999999999995,0.043199999999999995,0.1968,0.1968,0.0,0.967906952,-2.0428799984983925e-08,2.9999999995311555e-07,0.0
266_266_Kuosheng_Bay_(1998),SE,0.18,12,0.9434,10.68,0.6204000000000001,0.31299993124000003,2.136,7.60060024,0.01,0.0,0.0,Herbivorous fish,0.0018,0.0018,0.0082,0.0082,0.0,0.6682214,6.875999991606818e-08,-2.400000012059422e-07,0.0
266_266_Kuosheng_Bay_(1998),SE,0.18,11,0.5365,3.7,0.0,0.5365,0.7400000000000001,2.4235,0.0,0.0,0.0,Holothuroids,0.0,0.0,0.0,0.0,0.0,0.0,0.0,-4.440892098500626e-16,0.0
266_266_Kuosheng_Bay_(1998),SE,0.18,10,4.015,38.5,0.69376,3.321240051745,7.7,26.785,0.0,0.0,0.0,Crabs,0.0,0.0,0.0,0.0,0.0,0.17279201700000002,-5.174500028459761e-08,0.0,0.0
266_266_Kuosheng_Bay_(1998),SE,0.18,9,10.1875,105.95,1.574432,8.613067861375,21.19,74.5724945,0.0,0.0,0.0,Shrimp,0.0,0.0,0.0,0.0,0.0,0.15454548599999995,1.3862499947947526e-07,5.50000000032469e-06,0.0
266_266_Kuosheng_Bay_(1998),SE,0.18,8,11.8665,61.529999999999994,0.30368,11.562820007895,12.306,37.3575,0.0,0.0,0.0,Bivalves,0.0,0.0,0.0,0.0,0.0,0.025591370000000002,-7.89500020914602e-09,-7.105427357601002e-15,0.0
266_266_Kuosheng_Bay_(1998),SE,0.18,7,10.802000000000001,46.154,0.394784,10.4072160308336,9.2308,26.1211967,0.0,0.0,0.0,Gastropods,0.0,0.0,0.0,0.0,0.0,0.0365473032000001,-3.0833598785307004e-08,3.3000000030369847e-06,0.0
266_266_Kuosheng_Bay_(1998),SE,0.18,6,9.316,22.0296,1.54,7.776000127740001,4.40592,8.30768,0.0,0.0,0.0,Bernacles,0.0,0.0,0.0,0.0,0.0,0.16530698499999996,-1.2773999991111396e-07,-1.7763568394002505e-15,0.0
266_266_Kuosheng_Bay_(1998),SE,0.18,5,52.0,260.0,28.698999999999998,23.301000111999997,52.0,156.0,0.0,0.0,0.0,Infauna,0.0,0.0,0.0,0.0,0.0,0.551903844,-1.1199999505606684e-07,0.0,0.0
266_266_Kuosheng_Bay_(1998),SE,0.18,4,1372.0,3584.0,792.7720360000002,579.2279416000001,716.8000000000001,1495.2,0.0,0.0,0.0,Carnivorous zooplankton,0.0,0.0,0.0,0.0,0.0,0.5778222,2.2399999579647556e-05,-2.2737367544323206e-13,0.0
266_266_Kuosheng_Bay_(1998),SE,0.18,3,3958.5000000000005,10556.0,2739.59414,1218.90567435,2111.2000000000003,4486.3,0.0,0.0,0.0,Herbivorous zooplankton,0.0,0.0,0.0,0.0,0.0,0.6920789,0.0001856500002759276,-9.094947017729282e-13,0.0
266_266_Kuosheng_Bay_(1998),SE,0.18,2,45.64,45.64,16.207800000000002,29.4321992874,0.0,0.0,0.0,0.0,0.0,Periphyton,0.0,0.0,0.0,0.0,0.0,0.35512271500000003,7.125999985646558e-07,0.0,0.0
266_266_Kuosheng_Bay_(1998),SE,0.18,1,6664.0,6664.0,3216.527208,3447.4724592000002,0.0,0.0,0.0,0.0,0.0,Phytoplankton,0.0,0.0,0.0,0.0,0.0,0.4826722,0.0003328000002511544,0.0,0.0
266_266_Kuosheng_Bay_(1998),SC,0.19,18,-0.0,-0.0,0.0,0.0,0.0,0.0,0.0,0.0,0.0,diet_import,0.0,0.0,0.0,0.0,0.0,,-0.0,0.0,0.0
266_266_Kuosheng_Bay_(1998),SC,0.19,17,8281.162622539883,8281.162622539883,7900.977784,0.0,0.0,0.0,0.0,380.18483853988346,0.0,Detritus,0.0,0.0,0.0,0.0,0.0,1.0,0.0,0.0,0.0
266_266_Kuosheng_Bay_(1998),SC,0.19,16,0.4676,3.6400000000000006,0.15600000000000003,0.011599965022799991,0.7280000000000002,2.4444,0.3,0.0,0.0,Detritivorous fish,0.0,0.056999999999999995,0.243,0.3,0.0,0.975192547,3.497720002521021e-08,4.440892098500626e-16,0.0
266_266_Kuosheng_Bay_(1998),SC,0.19,15,0.1612,1.56,0.0,0.0111999936828,0.31200000000000006,1.0868,0.15,0.0,0.0,Piscivorous fish,0.0,0.028499999999999998,0.1215,0.15,0.0,0.930521131,6.317200013095103e-09,0.0,0.0
266_266_Kuosheng_Bay_(1998),SC,0.19,14,1.0244,3.0368,0.48027200000000003,0.024128000519999998,0.60736,1.40503991,0.52,0.0,0.0,Benthic-feeding fish,0.0,0.0988,0.4212,0.52,0.0,0.9764467,-5.200000430249929e-10,9.000000011916143e-08,0.0
266_266_Kuosheng_Bay_(1998),SC,0.19,13,0.8256,4.32,0.5591039999999999,0.02649602042880001,0.8640000000000001,2.6303997,0.24,0.0,0.0,Zooplanktivorous fish,0.0,0.0456,0.19440000000000002,0.24,0.0,0.967906952,-2.0428799984983925e-08,2.9999999995311555e-07,0.0
266_266_Kuosheng_Bay_(1998),SC,0.19,12,0.9434,10.68,0.6204000000000001,0.31299993124000003,2.136,7.60060024,0.01,0.0,0.0,Herbivorous fish,0.0,0.0019,0.008100000000000001,0.01,0.0,0.6682214,6.875999991606818e-08,-2.400000012059422e-07,0.0
266_266_Kuosheng_Bay_(1998),SC,0.19,11,0.5365,3.7,0.0,0.5365,0.7400000000000001,2.4235,0.0,0.0,0.0,Holothuroids,0.0,0.0,0.0,0.0,0.0,0.0,0.0,-4.440892098500626e-16,0.0
266_266_Kuosheng_Bay_(1998),SC,0.19,10,4.015,38.5,0.69376,3.321240051745,7.7,26.785,0.0,0.0,0.0,Crabs,0.0,0.0,0.0,0.0,0.0,0.17279201700000002,-5.174500028459761e-08,0.0,0.0
266_266_Kuosheng_Bay_(1998),SC,0.19,9,10.1875,105.95,1.574432,8.613067861375,21.19,74.5724945,0.0,0.0,0.0,Shrimp,0.0,0.0,0.0,0.0,0.0,0.15454548599999995,1.3862499947947526e-07,5.50000000032469e-06,0.0
266_266_Kuosheng_Bay_(1998),SC,0.19,8,11.8665,61.529999999999994,0.30368,11.562820007895,12.306,37.3575,0.0,0.0,0.0,Bivalves,0.0,0.0,0.0,0.0,0.0,0.025591370000000002,-7.89500020914602e-09,-7.105427357601002e-15,0.0
266_266_Kuosheng_Bay_(1998),SC,0.19,7,10.802000000000001,46.154,0.394784,10.4072160308336,9.2308,26.1211967,0.0,0.0,0.0,Gastropods,0.0,0.0,0.0,0.0,0.0,0.0365473032000001,-3.0833598785307004e-08,3.3000000030369847e-06,0.0
266_266_Kuosheng_Bay_(1998),SC,0.19,6,9.316,22.0296,1.54,7.776000127740001,4.40592,8.30768,0.0,0.0,0.0,Bernacles,0.0,0.0,0.0,0.0,0.0,0.16530698499999996,-1.2773999991111396e-07,-1.7763568394002505e-15,0.0
266_266_Kuosheng_Bay_(1998),SC,0.19,5,52.0,260.0,28.698999999999998,23.301000111999997,52.0,156.0,0.0,0.0,0.0,Infauna,0.0,0.0,0.0,0.0,0.0,0.551903844,-1.1199999505606684e-07,0.0,0.0
266_266_Kuosheng_Bay_(1998),SC,0.19,4,1372.0,3584.0,792.7720360000002,579.2279416000001,716.8000000000001,1495.2,0.0,0.0,0.0,Carnivorous zooplankton,0.0,0.0,0.0,0.0,0.0,0.5778222,2.2399999579647556e-05,-2.2737367544323206e-13,0.0
266_266_Kuosheng_Bay_(1998),SC,0.19,3,3958.5000000000005,10556.0,2739.59414,1218.90567435,2111.2000000000003,4486.3,0.0,0.0,0.0,Herbivorous zooplankton,0.0,0.0,0.0,0.0,0.0,0.6920789,0.0001856500002759276,-9.094947017729282e-13,0.0
266_266_Kuosheng_Bay_(1998),SC,0.19,2,45.64,45.64,16.207800000000002,29.4321992874,0.0,0.0,0.0,0.0,0.0,Periphyton,0.0,0.0,0.0,0.0,0.0,0.35512271500000003,7.125999985646558e-07,0.0,0.0
266_266_Kuosheng_Bay_(1998),SC,0.19,1,6664.0,6664.0,3216.527208,3447.4724592000002,0.0,0.0,0.0,0.0,0.0,Phytoplankton,0.0,0.0,0.0,0.0,0.0,0.4826722,0.0003328000002511544,0.0,0.0
266_266_Kuosheng_Bay_(1998),SM,0.19,18,-0.0,-0.0,0.0,0.0,0.0,0.0,0.0,0.0,0.0,diet_import,0.0,0.0,0.0,0.0,0.0,,-0.0,0.0,0.0
266_266_Kuosheng_Bay_(1998),SM,0.19,17,8281.394422539885,8281.394422539885,7900.977784,0.0,0.0,0.0,0.0,380.41663853988484,0.0,Detritus,0.0,0.0,0.0,0.0,0.0,1.0,0.0,0.0,0.0
266_266_Kuosheng_Bay_(1998),SM,0.19,16,0.4676,3.6400000000000006,0.15600000000000003,0.06859996502279998,0.7280000000000002,2.4444,0.3,0.0,0.0,Detritivorous fish,0.0,0.056999999999999995,0.243,0.243,0.0,0.8532934879751926,3.497720002521021e-08,4.440892098500626e-16,0.0
266_266_Kuosheng_Bay_(1998),SM,0.19,15,0.1612,1.56,0.0,0.0396999936828,0.31200000000000006,1.0868,0.15,0.0,0.0,Piscivorous fish,0.0,0.028499999999999998,0.1215,0.1215,0.0,0.7537221235558313,6.317200013095103e-09,0.0,0.0
266_266_Kuosheng_Bay_(1998),SM,0.19,14,1.0244,3.0368,0.48027200000000003,0.12292800052,0.60736,1.40503991,0.52,0.0,0.0,Benthic-feeding fish,0.0,0.0988,0.4212,0.4212,0.0,0.8799999994923858,-5.200000430249929e-10,9.000000011916143e-08,0.0
266_266_Kuosheng_Bay_(1998),SM,0.19,13,0.8256,4.32,0.5591039999999999,0.0720960204288,0.8640000000000001,2.6303997,0.24,0.0,0.0,Zooplanktivorous fish,0.0,0.0456,0.19440000000000002,0.19440000000000002,0.0,0.9126743938604651,-2.0428799984983925e-08,2.9999999995311555e-07,0.0
266_266_Kuosheng_Bay_(1998),SM,0.19,12,0.9434,10.68,0.6204000000000001,0.31489993124000004,2.136,7.60060024,0.01,0.0,0.0,Herbivorous fish,0.0,0.0019,0.008100000000000001,0.008100000000000001,0.0,0.6662074080559677,6.875999991606818e-08,-2.400000012059422e-07,0.0
266_266_Kuosheng_Bay_(1998),SM,0.19,11,0.5365,3.7,0.0,0.5365,0.7400000000000001,2.4235,0.0,0.0,0.0,Holothuroids,0.0,0.0,0.0,0.0,0.0,0.0,0.0,-4.440892098500626e-16,0.0
266_266_Kuosheng_Bay_(1998),SM,0.19,10,4.015,38.5,0.69376,3.321240051745,7.7,26.785,0.0,0.0,0.0,Crabs,0.0,0.0,0.0,0.0,0.0,0.17279201700000002,-5.174500028459761e-08,0.0,0.0
266_266_Kuosheng_Bay_(1998),SM,0.19,9,10.1875,105.95,1.574432,8.613067861375,21.19,74.5724945,0.0,0.0,0.0,Shrimp,0.0,0.0,0.0,0.0,0.0,0.15454548599999995,1.3862499947947526e-07,5.50000000032469e-06,0.0
266_266_Kuosheng_Bay_(1998),SM,0.19,8,11.8665,61.529999999999994,0.30368,11.562820007895,12.306,37.3575,0.0,0.0,0.0,Bivalves,0.0,0.0,0.0,0.0,0.0,0.025591370000000002,-7.89500020914602e-09,-7.105427357601002e-15,0.0
266_266_Kuosheng_Bay_(1998),SM,0.19,7,10.802000000000001,46.154,0.394784,10.4072160308336,9.2308,26.1211967,0.0,0.0,0.0,Gastropods,0.0,0.0,0.0,0.0,0.0,0.0365473032000001,-3.0833598785307004e-08,3.3000000030369847e-06,0.0
266_266_Kuosheng_Bay_(1998),SM,0.19,6,9.316,22.0296,1.54,7.776000127740001,4.40592,8.30768,0.0,0.0,0.0,Bernacles,0.0,0.0,0.0,0.0,0.0,0.16530698499999996,-1.2773999991111396e-07,-1.7763568394002505e-15,0.0
266_266_Kuosheng_Bay_(1998),SM,0.19,5,52.0,260.0,28.698999999999998,23.301000111999997,52.0,156.0,0.0,0.0,0.0,Infauna,0.0,0.0,0.0,0.0,0.0,0.551903844,-1.1199999505606684e-07,0.0,0.0
266_266_Kuosheng_Bay_(1998),SM,0.19,4,1372.0,3584.0,792.7720360000002,579.2279416000001,716.8000000000001,1495.2,0.0,0.0,0.0,Carnivorous zooplankton,0.0,0.0,0.0,0.0,0.0,0.5778222,2.2399999579647556e-05,-2.2737367544323206e-13,0.0
266_266_Kuosheng_Bay_(1998),SM,0.19,3,3958.5000000000005,10556.0,2739.59414,1218.90567435,2111.2000000000003,4486.3,0.0,0.0,0.0,Herbivorous zooplankton,0.0,0.0,0.0,0.0,0.0,0.6920789,0.0001856500002759276,-9.094947017729282e-13,0.0
266_266_Kuosheng_Bay_(1998),SM,0.19,2,45.64,45.64,16.207800000000002,29.4321992874,0.0,0.0,0.0,0.0,0.0,Periphyton,0.0,0.0,0.0,0.0,0.0,0.35512271500000003,7.125999985646558e-07,0.0,0.0
266_266_Kuosheng_Bay_(1998),SM,0.19,1,6664.0,6664.0,3216.527208,3447.4724592000002,0.0,0.0,0.0,0.0,0.0,Phytoplankton,0.0,0.0,0.0,0.0,0.0,0.4826722,0.0003328000002511544,0.0,0.0
266_266_Kuosheng_Bay_(1998),SE,0.19,18,-0.0,-0.0,0.0,0.0,0.0,0.0,0.0,0.0,0.0,diet_import,0.0,0.0,0.0,0.0,0.0,,-0.0,0.0,0.0
266_266_Kuosheng_Bay_(1998),SE,0.19,17,8281.162622539883,8281.162622539883,7900.977784,0.0,0.0,0.0,0.0,380.18483853988346,0.0,Detritus,0.0,0.0,0.0,0.0,0.0,1.0,0.0,0.0,0.0
266_266_Kuosheng_Bay_(1998),SE,0.19,16,0.4676,3.6400000000000006,0.15600000000000003,0.011599965022799991,0.7280000000000002,2.4444,0.3,0.0,0.0,Detritivorous fish,0.056999999999999995,0.056999999999999995,0.243,0.243,0.0,0.975192547,3.497719996969906e-08,4.440892098500626e-16,0.0
266_266_Kuosheng_Bay_(1998),SE,0.19,15,0.1612,1.56,0.0,0.0111999936828,0.31200000000000006,1.0868,0.15,0.0,0.0,Piscivorous fish,0.028499999999999998,0.028499999999999998,0.1215,0.1215,0.0,0.930521131,6.317200013095103e-09,0.0,0.0
266_266_Kuosheng_Bay_(1998),SE,0.19,14,1.0244,3.0368,0.48027200000000003,0.024128000519999998,0.60736,1.40503991,0.52,0.0,0.0,Benthic-feeding fish,0.0988,0.0988,0.4212,0.4212,0.0,0.9764467,-5.200000430249929e-10,9.000000011916143e-08,0.0
266_266_Kuosheng_Bay_(1998),SE,0.19,13,0.8256,4.32,0.5591039999999999,0.02649602042880001,0.8640000000000001,2.6303997,0.24,0.0,0.0,Zooplanktivorous fish,0.0456,0.0456,0.19440000000000002,0.19440000000000002,0.0,0.967906952,-2.0428799984983925e-08,2.9999999995311555e-07,0.0
266_266_Kuosheng_Bay_(1998),SE,0.19,12,0.9434,10.68,0.6204000000000001,0.31299993124000003,2.136,7.60060024,0.01,0.0,0.0,Herbivorous fish,0.0019,0.0019,0.008100000000000001,0.008100000000000001,0.0,0.6682214,6.875999991606818e-08,-2.400000012059422e-07,0.0
266_266_Kuosheng_Bay_(1998),SE,0.19,11,0.5365,3.7,0.0,0.5365,0.7400000000000001,2.4235,0.0,0.0,0.0,Holothuroids,0.0,0.0,0.0,0.0,0.0,0.0,0.0,-4.440892098500626e-16,0.0
266_266_Kuosheng_Bay_(1998),SE,0.19,10,4.015,38.5,0.69376,3.321240051745,7.7,26.785,0.0,0.0,0.0,Crabs,0.0,0.0,0.0,0.0,0.0,0.17279201700000002,-5.174500028459761e-08,0.0,0.0
266_266_Kuosheng_Bay_(1998),SE,0.19,9,10.1875,105.95,1.574432,8.613067861375,21.19,74.5724945,0.0,0.0,0.0,Shrimp,0.0,0.0,0.0,0.0,0.0,0.15454548599999995,1.3862499947947526e-07,5.50000000032469e-06,0.0
266_266_Kuosheng_Bay_(1998),SE,0.19,8,11.8665,61.529999999999994,0.30368,11.562820007895,12.306,37.3575,0.0,0.0,0.0,Bivalves,0.0,0.0,0.0,0.0,0.0,0.025591370000000002,-7.89500020914602e-09,-7.105427357601002e-15,0.0
266_266_Kuosheng_Bay_(1998),SE,0.19,7,10.802000000000001,46.154,0.394784,10.4072160308336,9.2308,26.1211967,0.0,0.0,0.0,Gastropods,0.0,0.0,0.0,0.0,0.0,0.0365473032000001,-3.0833598785307004e-08,3.3000000030369847e-06,0.0
266_266_Kuosheng_Bay_(1998),SE,0.19,6,9.316,22.0296,1.54,7.776000127740001,4.40592,8.30768,0.0,0.0,0.0,Bernacles,0.0,0.0,0.0,0.0,0.0,0.16530698499999996,-1.2773999991111396e-07,-1.7763568394002505e-15,0.0
266_266_Kuosheng_Bay_(1998),SE,0.19,5,52.0,260.0,28.698999999999998,23.301000111999997,52.0,156.0,0.0,0.0,0.0,Infauna,0.0,0.0,0.0,0.0,0.0,0.551903844,-1.1199999505606684e-07,0.0,0.0
266_266_Kuosheng_Bay_(1998),SE,0.19,4,1372.0,3584.0,792.7720360000002,579.2279416000001,716.8000000000001,1495.2,0.0,0.0,0.0,Carnivorous zooplankton,0.0,0.0,0.0,0.0,0.0,0.5778222,2.2399999579647556e-05,-2.2737367544323206e-13,0.0
266_266_Kuosheng_Bay_(1998),SE,0.19,3,3958.5000000000005,10556.0,2739.59414,1218.90567435,2111.2000000000003,4486.3,0.0,0.0,0.0,Herbivorous zooplankton,0.0,0.0,0.0,0.0,0.0,0.6920789,0.0001856500002759276,-9.094947017729282e-13,0.0
266_266_Kuosheng_Bay_(1998),SE,0.19,2,45.64,45.64,16.207800000000002,29.4321992874,0.0,0.0,0.0,0.0,0.0,Periphyton,0.0,0.0,0.0,0.0,0.0,0.35512271500000003,7.125999985646558e-07,0.0,0.0
266_266_Kuosheng_Bay_(1998),SE,0.19,1,6664.0,6664.0,3216.527208,3447.4724592000002,0.0,0.0,0.0,0.0,0.0,Phytoplankton,0.0,0.0,0.0,0.0,0.0,0.4826722,0.0003328000002511544,0.0,0.0
266_266_Kuosheng_Bay_(1998),SC,0.2,18,-0.0,-0.0,0.0,0.0,0.0,0.0,0.0,0.0,0.0,diet_import,0.0,0.0,0.0,0.0,0.0,,-0.0,0.0,0.0
266_266_Kuosheng_Bay_(1998),SC,0.2,17,8281.162622539883,8281.162622539883,7900.977784,0.0,0.0,0.0,0.0,380.18483853988346,0.0,Detritus,0.0,0.0,0.0,0.0,0.0,1.0,0.0,0.0,0.0
266_266_Kuosheng_Bay_(1998),SC,0.2,16,0.4676,3.6400000000000006,0.15600000000000003,0.011599965022799991,0.7280000000000002,2.4444,0.3,0.0,0.0,Detritivorous fish,0.0,0.06,0.24,0.3,0.0,0.975192547,3.497720002521021e-08,4.440892098500626e-16,0.0
266_266_Kuosheng_Bay_(1998),SC,0.2,15,0.1612,1.56,0.0,0.0111999936828,0.31200000000000006,1.0868,0.15,0.0,0.0,Piscivorous fish,0.0,0.03,0.12,0.15,0.0,0.930521131,6.317200013095103e-09,0.0,0.0
266_266_Kuosheng_Bay_(1998),SC,0.2,14,1.0244,3.0368,0.48027200000000003,0.024128000519999998,0.60736,1.40503991,0.52,0.0,0.0,Benthic-feeding fish,0.0,0.10400000000000001,0.41600000000000004,0.52,0.0,0.9764467,-5.200000430249929e-10,9.000000011916143e-08,0.0
266_266_Kuosheng_Bay_(1998),SC,0.2,13,0.8256,4.32,0.5591039999999999,0.02649602042880001,0.8640000000000001,2.6303997,0.24,0.0,0.0,Zooplanktivorous fish,0.0,0.048,0.192,0.24,0.0,0.967906952,-2.0428799984983925e-08,2.9999999995311555e-07,0.0
266_266_Kuosheng_Bay_(1998),SC,0.2,12,0.9434,10.68,0.6204000000000001,0.31299993124000003,2.136,7.60060024,0.01,0.0,0.0,Herbivorous fish,0.0,0.002,0.008,0.01,0.0,0.6682214,6.875999991606818e-08,-2.400000012059422e-07,0.0
266_266_Kuosheng_Bay_(1998),SC,0.2,11,0.5365,3.7,0.0,0.5365,0.7400000000000001,2.4235,0.0,0.0,0.0,Holothuroids,0.0,0.0,0.0,0.0,0.0,0.0,0.0,-4.440892098500626e-16,0.0
266_266_Kuosheng_Bay_(1998),SC,0.2,10,4.015,38.5,0.69376,3.321240051745,7.7,26.785,0.0,0.0,0.0,Crabs,0.0,0.0,0.0,0.0,0.0,0.17279201700000002,-5.174500028459761e-08,0.0,0.0
266_266_Kuosheng_Bay_(1998),SC,0.2,9,10.1875,105.95,1.574432,8.613067861375,21.19,74.5724945,0.0,0.0,0.0,Shrimp,0.0,0.0,0.0,0.0,0.0,0.15454548599999995,1.3862499947947526e-07,5.50000000032469e-06,0.0
266_266_Kuosheng_Bay_(1998),SC,0.2,8,11.8665,61.529999999999994,0.30368,11.562820007895,12.306,37.3575,0.0,0.0,0.0,Bivalves,0.0,0.0,0.0,0.0,0.0,0.025591370000000002,-7.89500020914602e-09,-7.105427357601002e-15,0.0
266_266_Kuosheng_Bay_(1998),SC,0.2,7,10.802000000000001,46.154,0.394784,10.4072160308336,9.2308,26.1211967,0.0,0.0,0.0,Gastropods,0.0,0.0,0.0,0.0,0.0,0.0365473032000001,-3.0833598785307004e-08,3.3000000030369847e-06,0.0
266_266_Kuosheng_Bay_(1998),SC,0.2,6,9.316,22.0296,1.54,7.776000127740001,4.40592,8.30768,0.0,0.0,0.0,Bernacles,0.0,0.0,0.0,0.0,0.0,0.16530698499999996,-1.2773999991111396e-07,-1.7763568394002505e-15,0.0
266_266_Kuosheng_Bay_(1998),SC,0.2,5,52.0,260.0,28.698999999999998,23.301000111999997,52.0,156.0,0.0,0.0,0.0,Infauna,0.0,0.0,0.0,0.0,0.0,0.551903844,-1.1199999505606684e-07,0.0,0.0
266_266_Kuosheng_Bay_(1998),SC,0.2,4,1372.0,3584.0,792.7720360000002,579.2279416000001,716.8000000000001,1495.2,0.0,0.0,0.0,Carnivorous zooplankton,0.0,0.0,0.0,0.0,0.0,0.5778222,2.2399999579647556e-05,-2.2737367544323206e-13,0.0
266_266_Kuosheng_Bay_(1998),SC,0.2,3,3958.5000000000005,10556.0,2739.59414,1218.90567435,2111.2000000000003,4486.3,0.0,0.0,0.0,Herbivorous zooplankton,0.0,0.0,0.0,0.0,0.0,0.6920789,0.0001856500002759276,-9.094947017729282e-13,0.0
266_266_Kuosheng_Bay_(1998),SC,0.2,2,45.64,45.64,16.207800000000002,29.4321992874,0.0,0.0,0.0,0.0,0.0,Periphyton,0.0,0.0,0.0,0.0,0.0,0.35512271500000003,7.125999985646558e-07,0.0,0.0
266_266_Kuosheng_Bay_(1998),SC,0.2,1,6664.0,6664.0,3216.527208,3447.4724592000002,0.0,0.0,0.0,0.0,0.0,Phytoplankton,0.0,0.0,0.0,0.0,0.0,0.4826722,0.0003328000002511544,0.0,0.0
266_266_Kuosheng_Bay_(1998),SM,0.2,18,-0.0,-0.0,0.0,0.0,0.0,0.0,0.0,0.0,0.0,diet_import,0.0,0.0,0.0,0.0,0.0,,-0.0,0.0,0.0
266_266_Kuosheng_Bay_(1998),SM,0.2,17,8281.406622539884,8281.406622539884,7900.977784,0.0,0.0,0.0,0.0,380.42883853988405,0.0,Detritus,0.0,0.0,0.0,0.0,0.0,1.0,0.0,0.0,0.0
266_266_Kuosheng_Bay_(1998),SM,0.2,16,0.4676,3.6400000000000006,0.15600000000000003,0.07159996502279999,0.7280000000000002,2.4444,0.3,0.0,0.0,Detritivorous fish,0.0,0.06,0.24,0.24,0.0,0.8468777480265184,3.497720002521021e-08,4.440892098500626e-16,0.0
266_266_Kuosheng_Bay_(1998),SM,0.2,15,0.1612,1.56,0.0,0.0411999936828,0.31200000000000006,1.0868,0.15,0.0,0.0,Piscivorous fish,0.0,0.03,0.12,0.12,0.0,0.7444169126377171,6.317200013095103e-09,0.0,0.0
266_266_Kuosheng_Bay_(1998),SM,0.2,14,1.0244,3.0368,0.48027200000000003,0.12812800052,0.60736,1.40503991,0.52,0.0,0.0,Benthic-feeding fish,0.0,0.10400000000000001,0.41600000000000004,0.41600000000000004,0.0,0.8749238573604061,-5.200000430249929e-10,9.000000011916143e-08,0.0
266_266_Kuosheng_Bay_(1998),SM,0.2,13,0.8256,4.32,0.5591039999999999,0.07449602042880002,0.8640000000000001,2.6303997,0.24,0.0,0.0,Zooplanktivorous fish,0.0,0.048,0.192,0.192,0.0,0.9097674171162791,-2.0428799873961623e-08,2.9999999995311555e-07,0.0
266_266_Kuosheng_Bay_(1998),SM,0.2,12,0.9434,10.68,0.6204000000000001,0.31499993124000003,2.136,7.60060024,0.01,0.0,0.0,Herbivorous fish,0.0,0.002,0.008,0.008,0.0,0.6661014084799661,6.875999991606818e-08,-2.400000012059422e-07,0.0
266_266_Kuosheng_Bay_(1998),SM,0.2,11,0.5365,3.7,0.0,0.5365,0.7400000000000001,2.4235,0.0,0.0,0.0,Holothuroids,0.0,0.0,0.0,0.0,0.0,0.0,0.0,-4.440892098500626e-16,0.0
266_266_Kuosheng_Bay_(1998),SM,0.2,10,4.015,38.5,0.69376,3.321240051745,7.7,26.785,0.0,0.0,0.0,Crabs,0.0,0.0,0.0,0.0,0.0,0.17279201700000002,-5.174500028459761e-08,0.0,0.0
266_266_Kuosheng_Bay_(1998),SM,0.2,9,10.1875,105.95,1.574432,8.613067861375,21.19,74.5724945,0.0,0.0,0.0,Shrimp,0.0,0.0,0.0,0.0,0.0,0.15454548599999995,1.3862499947947526e-07,5.50000000032469e-06,0.0
266_266_Kuosheng_Bay_(1998),SM,0.2,8,11.8665,61.529999999999994,0.30368,11.562820007895,12.306,37.3575,0.0,0.0,0.0,Bivalves,0.0,0.0,0.0,0.0,0.0,0.025591370000000002,-7.89500020914602e-09,-7.105427357601002e-15,0.0
266_266_Kuosheng_Bay_(1998),SM,0.2,7,10.802000000000001,46.154,0.394784,10.4072160308336,9.2308,26.1211967,0.0,0.0,0.0,Gastropods,0.0,0.0,0.0,0.0,0.0,0.0365473032000001,-3.0833598785307004e-08,3.3000000030369847e-06,0.0
266_266_Kuosheng_Bay_(1998),SM,0.2,6,9.316,22.0296,1.54,7.776000127740001,4.40592,8.30768,0.0,0.0,0.0,Bernacles,0.0,0.0,0.0,0.0,0.0,0.16530698499999996,-1.2773999991111396e-07,-1.7763568394002505e-15,0.0
266_266_Kuosheng_Bay_(1998),SM,0.2,5,52.0,260.0,28.698999999999998,23.301000111999997,52.0,156.0,0.0,0.0,0.0,Infauna,0.0,0.0,0.0,0.0,0.0,0.551903844,-1.1199999505606684e-07,0.0,0.0
266_266_Kuosheng_Bay_(1998),SM,0.2,4,1372.0,3584.0,792.7720360000002,579.2279416000001,716.8000000000001,1495.2,0.0,0.0,0.0,Carnivorous zooplankton,0.0,0.0,0.0,0.0,0.0,0.5778222,2.2399999579647556e-05,-2.2737367544323206e-13,0.0
266_266_Kuosheng_Bay_(1998),SM,0.2,3,3958.5000000000005,10556.0,2739.59414,1218.90567435,2111.2000000000003,4486.3,0.0,0.0,0.0,Herbivorous zooplankton,0.0,0.0,0.0,0.0,0.0,0.6920789,0.0001856500002759276,-9.094947017729282e-13,0.0
266_266_Kuosheng_Bay_(1998),SM,0.2,2,45.64,45.64,16.207800000000002,29.4321992874,0.0,0.0,0.0,0.0,0.0,Periphyton,0.0,0.0,0.0,0.0,0.0,0.35512271500000003,7.125999985646558e-07,0.0,0.0
266_266_Kuosheng_Bay_(1998),SM,0.2,1,6664.0,6664.0,3216.527208,3447.4724592000002,0.0,0.0,0.0,0.0,0.0,Phytoplankton,0.0,0.0,0.0,0.0,0.0,0.4826722,0.0003328000002511544,0.0,0.0
266_266_Kuosheng_Bay_(1998),SE,0.2,18,-0.0,-0.0,0.0,0.0,0.0,0.0,0.0,0.0,0.0,diet_import,0.0,0.0,0.0,0.0,0.0,,-0.0,0.0,0.0
266_266_Kuosheng_Bay_(1998),SE,0.2,17,8281.162622539883,8281.162622539883,7900.977784,0.0,0.0,0.0,0.0,380.18483853988346,0.0,Detritus,0.0,0.0,0.0,0.0,0.0,1.0,0.0,0.0,0.0
266_266_Kuosheng_Bay_(1998),SE,0.2,16,0.4676,3.6400000000000006,0.15600000000000003,0.011599965022799991,0.7280000000000002,2.4444,0.3,0.0,0.0,Detritivorous fish,0.06,0.06,0.24,0.24,0.0,0.975192547,3.497719996969906e-08,4.440892098500626e-16,0.0
266_266_Kuosheng_Bay_(1998),SE,0.2,15,0.1612,1.56,0.0,0.0111999936828,0.31200000000000006,1.0868,0.15,0.0,0.0,Piscivorous fish,0.03,0.03,0.12,0.12,0.0,0.930521131,6.317200013095103e-09,0.0,0.0
266_266_Kuosheng_Bay_(1998),SE,0.2,14,1.0244,3.0368,0.48027200000000003,0.024128000519999998,0.60736,1.40503991,0.52,0.0,0.0,Benthic-feeding fish,0.10400000000000001,0.10400000000000001,0.41600000000000004,0.41600000000000004,0.0,0.9764467,-5.200000430249929e-10,9.000000011916143e-08,0.0
266_266_Kuosheng_Bay_(1998),SE,0.2,13,0.8256,4.32,0.5591039999999999,0.02649602042880001,0.8640000000000001,2.6303997,0.24,0.0,0.0,Zooplanktivorous fish,0.048,0.048,0.192,0.192,0.0,0.967906952,-2.0428800096006228e-08,2.9999999995311555e-07,0.0
266_266_Kuosheng_Bay_(1998),SE,0.2,12,0.9434,10.68,0.6204000000000001,0.31299993124000003,2.136,7.60060024,0.01,0.0,0.0,Herbivorous fish,0.002,0.002,0.008,0.008,0.0,0.6682214,6.875999991606818e-08,-2.400000012059422e-07,0.0
266_266_Kuosheng_Bay_(1998),SE,0.2,11,0.5365,3.7,0.0,0.5365,0.7400000000000001,2.4235,0.0,0.0,0.0,Holothuroids,0.0,0.0,0.0,0.0,0.0,0.0,0.0,-4.440892098500626e-16,0.0
266_266_Kuosheng_Bay_(1998),SE,0.2,10,4.015,38.5,0.69376,3.321240051745,7.7,26.785,0.0,0.0,0.0,Crabs,0.0,0.0,0.0,0.0,0.0,0.17279201700000002,-5.174500028459761e-08,0.0,0.0
266_266_Kuosheng_Bay_(1998),SE,0.2,9,10.1875,105.95,1.574432,8.613067861375,21.19,74.5724945,0.0,0.0,0.0,Shrimp,0.0,0.0,0.0,0.0,0.0,0.15454548599999995,1.3862499947947526e-07,5.50000000032469e-06,0.0
266_266_Kuosheng_Bay_(1998),SE,0.2,8,11.8665,61.529999999999994,0.30368,11.562820007895,12.306,37.3575,0.0,0.0,0.0,Bivalves,0.0,0.0,0.0,0.0,0.0,0.025591370000000002,-7.89500020914602e-09,-7.105427357601002e-15,0.0
266_266_Kuosheng_Bay_(1998),SE,0.2,7,10.802000000000001,46.154,0.394784,10.4072160308336,9.2308,26.1211967,0.0,0.0,0.0,Gastropods,0.0,0.0,0.0,0.0,0.0,0.0365473032000001,-3.0833598785307004e-08,3.3000000030369847e-06,0.0
266_266_Kuosheng_Bay_(1998),SE,0.2,6,9.316,22.0296,1.54,7.776000127740001,4.40592,8.30768,0.0,0.0,0.0,Bernacles,0.0,0.0,0.0,0.0,0.0,0.16530698499999996,-1.2773999991111396e-07,-1.7763568394002505e-15,0.0
266_266_Kuosheng_Bay_(1998),SE,0.2,5,52.0,260.0,28.698999999999998,23.301000111999997,52.0,156.0,0.0,0.0,0.0,Infauna,0.0,0.0,0.0,0.0,0.0,0.551903844,-1.1199999505606684e-07,0.0,0.0
266_266_Kuosheng_Bay_(1998),SE,0.2,4,1372.0,3584.0,792.7720360000002,579.2279416000001,716.8000000000001,1495.2,0.0,0.0,0.0,Carnivorous zooplankton,0.0,0.0,0.0,0.0,0.0,0.5778222,2.2399999579647556e-05,-2.2737367544323206e-13,0.0
266_266_Kuosheng_Bay_(1998),SE,0.2,3,3958.5000000000005,10556.0,2739.59414,1218.90567435,2111.2000000000003,4486.3,0.0,0.0,0.0,Herbivorous zooplankton,0.0,0.0,0.0,0.0,0.0,0.6920789,0.0001856500002759276,-9.094947017729282e-13,0.0
266_266_Kuosheng_Bay_(1998),SE,0.2,2,45.64,45.64,16.207800000000002,29.4321992874,0.0,0.0,0.0,0.0,0.0,Periphyton,0.0,0.0,0.0,0.0,0.0,0.35512271500000003,7.125999985646558e-07,0.0,0.0
266_266_Kuosheng_Bay_(1998),SE,0.2,1,6664.0,6664.0,3216.527208,3447.4724592000002,0.0,0.0,0.0,0.0,0.0,Phytoplankton,0.0,0.0,0.0,0.0,0.0,0.4826722,0.0003328000002511544,0.0,0.0
266_266_Kuosheng_Bay_(1998),SC,0.25,18,-0.0,-0.0,0.0,0.0,0.0,0.0,0.0,0.0,0.0,diet_import,0.0,0.0,0.0,0.0,0.0,,-0.0,0.0,0.0
266_266_Kuosheng_Bay_(1998),SC,0.25,17,8281.162622539883,8281.162622539883,7900.977784,0.0,0.0,0.0,0.0,380.18483853988346,0.0,Detritus,0.0,0.0,0.0,0.0,0.0,1.0,0.0,0.0,0.0
266_266_Kuosheng_Bay_(1998),SC,0.25,16,0.4676,3.6400000000000006,0.15600000000000003,0.011599965022799991,0.7280000000000002,2.4444,0.3,0.0,0.0,Detritivorous fish,0.0,0.075,0.22499999999999998,0.3,0.0,0.975192547,3.497720002521021e-08,4.440892098500626e-16,0.0
266_266_Kuosheng_Bay_(1998),SC,0.25,15,0.1612,1.56,0.0,0.0111999936828,0.31200000000000006,1.0868,0.15,0.0,0.0,Piscivorous fish,0.0,0.0375,0.11249999999999999,0.15,0.0,0.930521131,6.317200013095103e-09,0.0,0.0
266_266_Kuosheng_Bay_(1998),SC,0.25,14,1.0244,3.0368,0.48027200000000003,0.024128000519999998,0.60736,1.40503991,0.52,0.0,0.0,Benthic-feeding fish,0.0,0.13,0.39,0.52,0.0,0.9764467,-5.200000430249929e-10,9.000000011916143e-08,0.0
266_266_Kuosheng_Bay_(1998),SC,0.25,13,0.8256,4.32,0.5591039999999999,0.02649602042880001,0.8640000000000001,2.6303997,0.24,0.0,0.0,Zooplanktivorous fish,0.0,0.06,0.18,0.24,0.0,0.967906952,-2.0428799984983925e-08,2.9999999995311555e-07,0.0
266_266_Kuosheng_Bay_(1998),SC,0.25,12,0.9434,10.68,0.6204000000000001,0.31299993124000003,2.136,7.60060024,0.01,0.0,0.0,Herbivorous fish,0.0,0.0025,0.0075,0.01,0.0,0.6682214,6.875999991606818e-08,-2.400000012059422e-07,0.0
266_266_Kuosheng_Bay_(1998),SC,0.25,11,0.5365,3.7,0.0,0.5365,0.7400000000000001,2.4235,0.0,0.0,0.0,Holothuroids,0.0,0.0,0.0,0.0,0.0,0.0,0.0,-4.440892098500626e-16,0.0
266_266_Kuosheng_Bay_(1998),SC,0.25,10,4.015,38.5,0.69376,3.321240051745,7.7,26.785,0.0,0.0,0.0,Crabs,0.0,0.0,0.0,0.0,0.0,0.17279201700000002,-5.174500028459761e-08,0.0,0.0
266_266_Kuosheng_Bay_(1998),SC,0.25,9,10.1875,105.95,1.574432,8.613067861375,21.19,74.5724945,0.0,0.0,0.0,Shrimp,0.0,0.0,0.0,0.0,0.0,0.15454548599999995,1.3862499947947526e-07,5.50000000032469e-06,0.0
266_266_Kuosheng_Bay_(1998),SC,0.25,8,11.8665,61.529999999999994,0.30368,11.562820007895,12.306,37.3575,0.0,0.0,0.0,Bivalves,0.0,0.0,0.0,0.0,0.0,0.025591370000000002,-7.89500020914602e-09,-7.105427357601002e-15,0.0
266_266_Kuosheng_Bay_(1998),SC,0.25,7,10.802000000000001,46.154,0.394784,10.4072160308336,9.2308,26.1211967,0.0,0.0,0.0,Gastropods,0.0,0.0,0.0,0.0,0.0,0.0365473032000001,-3.0833598785307004e-08,3.3000000030369847e-06,0.0
266_266_Kuosheng_Bay_(1998),SC,0.25,6,9.316,22.0296,1.54,7.776000127740001,4.40592,8.30768,0.0,0.0,0.0,Bernacles,0.0,0.0,0.0,0.0,0.0,0.16530698499999996,-1.2773999991111396e-07,-1.7763568394002505e-15,0.0
266_266_Kuosheng_Bay_(1998),SC,0.25,5,52.0,260.0,28.698999999999998,23.301000111999997,52.0,156.0,0.0,0.0,0.0,Infauna,0.0,0.0,0.0,0.0,0.0,0.551903844,-1.1199999505606684e-07,0.0,0.0
266_266_Kuosheng_Bay_(1998),SC,0.25,4,1372.0,3584.0,792.7720360000002,579.2279416000001,716.8000000000001,1495.2,0.0,0.0,0.0,Carnivorous zooplankton,0.0,0.0,0.0,0.0,0.0,0.5778222,2.2399999579647556e-05,-2.2737367544323206e-13,0.0
266_266_Kuosheng_Bay_(1998),SC,0.25,3,3958.5000000000005,10556.0,2739.59414,1218.90567435,2111.2000000000003,4486.3,0.0,0.0,0.0,Herbivorous zooplankton,0.0,0.0,0.0,0.0,0.0,0.6920789,0.0001856500002759276,-9.094947017729282e-13,0.0
266_266_Kuosheng_Bay_(1998),SC,0.25,2,45.64,45.64,16.207800000000002,29.4321992874,0.0,0.0,0.0,0.0,0.0,Periphyton,0.0,0.0,0.0,0.0,0.0,0.35512271500000003,7.125999985646558e-07,0.0,0.0
266_266_Kuosheng_Bay_(1998),SC,0.25,1,6664.0,6664.0,3216.527208,3447.4724592000002,0.0,0.0,0.0,0.0,0.0,Phytoplankton,0.0,0.0,0.0,0.0,0.0,0.4826722,0.0003328000002511544,0.0,0.0
266_266_Kuosheng_Bay_(1998),SM,0.25,18,-0.0,-0.0,0.0,0.0,0.0,0.0,0.0,0.0,0.0,diet_import,0.0,0.0,0.0,0.0,0.0,,-0.0,0.0,0.0
266_266_Kuosheng_Bay_(1998),SM,0.25,17,8281.467622539883,8281.467622539883,7900.977784,0.0,0.0,0.0,0.0,380.48983853988375,0.0,Detritus,0.0,0.0,0.0,0.0,0.0,1.0,0.0,0.0,0.0
266_266_Kuosheng_Bay_(1998),SM,0.25,16,0.4676,3.6400000000000006,0.15600000000000003,0.08659996502279999,0.7280000000000002,2.4444,0.3,0.0,0.0,Detritivorous fish,0.0,0.075,0.22499999999999998,0.22499999999999998,0.0,0.814799048283148,3.497720002521021e-08,4.440892098500626e-16,0.0
266_266_Kuosheng_Bay_(1998),SM,0.25,15,0.1612,1.56,0.0,0.0486999936828,0.31200000000000006,1.0868,0.15,0.0,0.0,Piscivorous fish,0.0,0.0375,0.11249999999999999,0.11249999999999999,0.0,0.6978908580471463,6.317200013095103e-09,0.0,0.0
266_266_Kuosheng_Bay_(1998),SM,0.25,14,1.0244,3.0368,0.48027200000000003,0.15412800052,0.60736,1.40503991,0.52,0.0,0.0,Benthic-feeding fish,0.0,0.13,0.39,0.39,0.0,0.8495431467005076,-5.200000430249929e-10,9.000000011916143e-08,0.0
266_266_Kuosheng_Bay_(1998),SM,0.25,13,0.8256,4.32,0.5591039999999999,0.0864960204288,0.8640000000000001,2.6303997,0.24,0.0,0.0,Zooplanktivorous fish,0.0,0.06,0.18,0.18,0.0,0.8952325333953488,-2.0428799873961623e-08,2.9999999995311555e-07,0.0
266_266_Kuosheng_Bay_(1998),SM,0.25,12,0.9434,10.68,0.6204000000000001,0.31549993124000003,2.136,7.60060024,0.01,0.0,0.0,Herbivorous fish,0.0,0.0025,0.0075,0.0075,0.0,0.6655714105999575,6.876000002709048e-08,-2.400000012059422e-07,0.0
266_266_Kuosheng_Bay_(1998),SM,0.25,11,0.5365,3.7,0.0,0.5365,0.7400000000000001,2.4235,0.0,0.0,0.0,Holothuroids,0.0,0.0,0.0,0.0,0.0,0.0,0.0,-4.440892098500626e-16,0.0
266_266_Kuosheng_Bay_(1998),SM,0.25,10,4.015,38.5,0.69376,3.321240051745,7.7,26.785,0.0,0.0,0.0,Crabs,0.0,0.0,0.0,0.0,0.0,0.17279201700000002,-5.174500028459761e-08,0.0,0.0
266_266_Kuosheng_Bay_(1998),SM,0.25,9,10.1875,105.95,1.574432,8.613067861375,21.19,74.5724945,0.0,0.0,0.0,Shrimp,0.0,0.0,0.0,0.0,0.0,0.15454548599999995,1.3862499947947526e-07,5.50000000032469e-06,0.0
266_266_Kuosheng_Bay_(1998),SM,0.25,8,11.8665,61.529999999999994,0.30368,11.562820007895,12.306,37.3575,0.0,0.0,0.0,Bivalves,0.0,0.0,0.0,0.0,0.0,0.025591370000000002,-7.89500020914602e-09,-7.105427357601002e-15,0.0
266_266_Kuosheng_Bay_(1998),SM,0.25,7,10.802000000000001,46.154,0.394784,10.4072160308336,9.2308,26.1211967,0.0,0.0,0.0,Gastropods,0.0,0.0,0.0,0.0,0.0,0.0365473032000001,-3.0833598785307004e-08,3.3000000030369847e-06,0.0
266_266_Kuosheng_Bay_(1998),SM,0.25,6,9.316,22.0296,1.54,7.776000127740001,4.40592,8.30768,0.0,0.0,0.0,Bernacles,0.0,0.0,0.0,0.0,0.0,0.16530698499999996,-1.2773999991111396e-07,-1.7763568394002505e-15,0.0
266_266_Kuosheng_Bay_(1998),SM,0.25,5,52.0,260.0,28.698999999999998,23.301000111999997,52.0,156.0,0.0,0.0,0.0,Infauna,0.0,0.0,0.0,0.0,0.0,0.551903844,-1.1199999505606684e-07,0.0,0.0
266_266_Kuosheng_Bay_(1998),SM,0.25,4,1372.0,3584.0,792.7720360000002,579.2279416000001,716.8000000000001,1495.2,0.0,0.0,0.0,Carnivorous zooplankton,0.0,0.0,0.0,0.0,0.0,0.5778222,2.2399999579647556e-05,-2.2737367544323206e-13,0.0
266_266_Kuosheng_Bay_(1998),SM,0.25,3,3958.5000000000005,10556.0,2739.59414,1218.90567435,2111.2000000000003,4486.3,0.0,0.0,0.0,Herbivorous zooplankton,0.0,0.0,0.0,0.0,0.0,0.6920789,0.0001856500002759276,-9.094947017729282e-13,0.0
266_266_Kuosheng_Bay_(1998),SM,0.25,2,45.64,45.64,16.207800000000002,29.4321992874,0.0,0.0,0.0,0.0,0.0,Periphyton,0.0,0.0,0.0,0.0,0.0,0.35512271500000003,7.125999985646558e-07,0.0,0.0
266_266_Kuosheng_Bay_(1998),SM,0.25,1,6664.0,6664.0,3216.527208,3447.4724592000002,0.0,0.0,0.0,0.0,0.0,Phytoplankton,0.0,0.0,0.0,0.0,0.0,0.4826722,0.0003328000002511544,0.0,0.0
266_266_Kuosheng_Bay_(1998),SE,0.25,18,-0.0,-0.0,0.0,0.0,0.0,0.0,0.0,0.0,0.0,diet_import,0.0,0.0,0.0,0.0,0.0,,-0.0,0.0,0.0
266_266_Kuosheng_Bay_(1998),SE,0.25,17,8281.162622539883,8281.162622539883,7900.977784,0.0,0.0,0.0,0.0,380.18483853988346,0.0,Detritus,0.0,0.0,0.0,0.0,0.0,1.0,0.0,0.0,0.0
266_266_Kuosheng_Bay_(1998),SE,0.25,16,0.4676,3.6400000000000006,0.15600000000000003,0.011599965022799991,0.7280000000000002,2.4444,0.3,0.0,0.0,Detritivorous fish,0.075,0.075,0.22499999999999998,0.22499999999999998,0.0,0.975192547,3.497719996969906e-08,4.440892098500626e-16,0.0
266_266_Kuosheng_Bay_(1998),SE,0.25,15,0.1612,1.56,0.0,0.0111999936828,0.31200000000000006,1.0868,0.15,0.0,0.0,Piscivorous fish,0.0375,0.0375,0.11249999999999999,0.11249999999999999,0.0,0.930521131,6.317200013095103e-09,0.0,0.0
266_266_Kuosheng_Bay_(1998),SE,0.25,14,1.0244,3.0368,0.48027200000000003,0.024128000519999998,0.60736,1.40503991,0.52,0.0,0.0,Benthic-feeding fish,0.13,0.13,0.39,0.39,0.0,0.9764467,-5.200000430249929e-10,9.000000011916143e-08,0.0
266_266_Kuosheng_Bay_(1998),SE,0.25,13,0.8256,4.32,0.5591039999999999,0.02649602042880001,0.8640000000000001,2.6303997,0.24,0.0,0.0,Zooplanktivorous fish,0.06,0.06,0.18,0.18,0.0,0.967906952,-2.0428800096006228e-08,2.9999999995311555e-07,0.0
266_266_Kuosheng_Bay_(1998),SE,0.25,12,0.9434,10.68,0.6204000000000001,0.31299993124000003,2.136,7.60060024,0.01,0.0,0.0,Herbivorous fish,0.0025,0.0025,0.0075,0.0075,0.0,0.6682214,6.876000002709048e-08,-2.400000012059422e-07,0.0
266_266_Kuosheng_Bay_(1998),SE,0.25,11,0.5365,3.7,0.0,0.5365,0.7400000000000001,2.4235,0.0,0.0,0.0,Holothuroids,0.0,0.0,0.0,0.0,0.0,0.0,0.0,-4.440892098500626e-16,0.0
266_266_Kuosheng_Bay_(1998),SE,0.25,10,4.015,38.5,0.69376,3.321240051745,7.7,26.785,0.0,0.0,0.0,Crabs,0.0,0.0,0.0,0.0,0.0,0.17279201700000002,-5.174500028459761e-08,0.0,0.0
266_266_Kuosheng_Bay_(1998),SE,0.25,9,10.1875,105.95,1.574432,8.613067861375,21.19,74.5724945,0.0,0.0,0.0,Shrimp,0.0,0.0,0.0,0.0,0.0,0.15454548599999995,1.3862499947947526e-07,5.50000000032469e-06,0.0
266_266_Kuosheng_Bay_(1998),SE,0.25,8,11.8665,61.529999999999994,0.30368,11.562820007895,12.306,37.3575,0.0,0.0,0.0,Bivalves,0.0,0.0,0.0,0.0,0.0,0.025591370000000002,-7.89500020914602e-09,-7.105427357601002e-15,0.0
266_266_Kuosheng_Bay_(1998),SE,0.25,7,10.802000000000001,46.154,0.394784,10.4072160308336,9.2308,26.1211967,0.0,0.0,0.0,Gastropods,0.0,0.0,0.0,0.0,0.0,0.0365473032000001,-3.0833598785307004e-08,3.3000000030369847e-06,0.0
266_266_Kuosheng_Bay_(1998),SE,0.25,6,9.316,22.0296,1.54,7.776000127740001,4.40592,8.30768,0.0,0.0,0.0,Bernacles,0.0,0.0,0.0,0.0,0.0,0.16530698499999996,-1.2773999991111396e-07,-1.7763568394002505e-15,0.0
266_266_Kuosheng_Bay_(1998),SE,0.25,5,52.0,260.0,28.698999999999998,23.301000111999997,52.0,156.0,0.0,0.0,0.0,Infauna,0.0,0.0,0.0,0.0,0.0,0.551903844,-1.1199999505606684e-07,0.0,0.0
266_266_Kuosheng_Bay_(1998),SE,0.25,4,1372.0,3584.0,792.7720360000002,579.2279416000001,716.8000000000001,1495.2,0.0,0.0,0.0,Carnivorous zooplankton,0.0,0.0,0.0,0.0,0.0,0.5778222,2.2399999579647556e-05,-2.2737367544323206e-13,0.0
266_266_Kuosheng_Bay_(1998),SE,0.25,3,3958.5000000000005,10556.0,2739.59414,1218.90567435,2111.2000000000003,4486.3,0.0,0.0,0.0,Herbivorous zooplankton,0.0,0.0,0.0,0.0,0.0,0.6920789,0.0001856500002759276,-9.094947017729282e-13,0.0
266_266_Kuosheng_Bay_(1998),SE,0.25,2,45.64,45.64,16.207800000000002,29.4321992874,0.0,0.0,0.0,0.0,0.0,Periphyton,0.0,0.0,0.0,0.0,0.0,0.35512271500000003,7.125999985646558e-07,0.0,0.0
266_266_Kuosheng_Bay_(1998),SE,0.25,1,6664.0,6664.0,3216.527208,3447.4724592000002,0.0,0.0,0.0,0.0,0.0,Phytoplankton,0.0,0.0,0.0,0.0,0.0,0.4826722,0.0003328000002511544,0.0,0.0
266_266_Kuosheng_Bay_(1998),SC,0.3,18,-0.0,-0.0,0.0,0.0,0.0,0.0,0.0,0.0,0.0,diet_import,0.0,0.0,0.0,0.0,0.0,,-0.0,0.0,0.0
266_266_Kuosheng_Bay_(1998),SC,0.3,17,8281.162622539883,8281.162622539883,7900.977784,0.0,0.0,0.0,0.0,380.18483853988346,0.0,Detritus,0.0,0.0,0.0,0.0,0.0,1.0,0.0,0.0,0.0
266_266_Kuosheng_Bay_(1998),SC,0.3,16,0.4676,3.6400000000000006,0.15600000000000003,0.011599965022799991,0.7280000000000002,2.4444,0.3,0.0,0.0,Detritivorous fish,0.0,0.09,0.21,0.3,0.0,0.975192547,3.497720002521021e-08,4.440892098500626e-16,0.0
266_266_Kuosheng_Bay_(1998),SC,0.3,15,0.1612,1.56,0.0,0.0111999936828,0.31200000000000006,1.0868,0.15,0.0,0.0,Piscivorous fish,0.0,0.045,0.105,0.15,0.0,0.930521131,6.317200013095103e-09,0.0,0.0
266_266_Kuosheng_Bay_(1998),SC,0.3,14,1.0244,3.0368,0.48027200000000003,0.024128000519999998,0.60736,1.40503991,0.52,0.0,0.0,Benthic-feeding fish,0.0,0.156,0.364,0.52,0.0,0.9764467,-5.200000430249929e-10,9.000000011916143e-08,0.0
266_266_Kuosheng_Bay_(1998),SC,0.3,13,0.8256,4.32,0.5591039999999999,0.02649602042880001,0.8640000000000001,2.6303997,0.24,0.0,0.0,Zooplanktivorous fish,0.0,0.072,0.16799999999999998,0.24,0.0,0.967906952,-2.0428799984983925e-08,2.9999999995311555e-07,0.0
266_266_Kuosheng_Bay_(1998),SC,0.3,12,0.9434,10.68,0.6204000000000001,0.31299993124000003,2.136,7.60060024,0.01,0.0,0.0,Herbivorous fish,0.0,0.003,0.006999999999999999,0.01,0.0,0.6682214,6.875999991606818e-08,-2.400000012059422e-07,0.0
266_266_Kuosheng_Bay_(1998),SC,0.3,11,0.5365,3.7,0.0,0.5365,0.7400000000000001,2.4235,0.0,0.0,0.0,Holothuroids,0.0,0.0,0.0,0.0,0.0,0.0,0.0,-4.440892098500626e-16,0.0
266_266_Kuosheng_Bay_(1998),SC,0.3,10,4.015,38.5,0.69376,3.321240051745,7.7,26.785,0.0,0.0,0.0,Crabs,0.0,0.0,0.0,0.0,0.0,0.17279201700000002,-5.174500028459761e-08,0.0,0.0
266_266_Kuosheng_Bay_(1998),SC,0.3,9,10.1875,105.95,1.574432,8.613067861375,21.19,74.5724945,0.0,0.0,0.0,Shrimp,0.0,0.0,0.0,0.0,0.0,0.15454548599999995,1.3862499947947526e-07,5.50000000032469e-06,0.0
266_266_Kuosheng_Bay_(1998),SC,0.3,8,11.8665,61.529999999999994,0.30368,11.562820007895,12.306,37.3575,0.0,0.0,0.0,Bivalves,0.0,0.0,0.0,0.0,0.0,0.025591370000000002,-7.89500020914602e-09,-7.105427357601002e-15,0.0
266_266_Kuosheng_Bay_(1998),SC,0.3,7,10.802000000000001,46.154,0.394784,10.4072160308336,9.2308,26.1211967,0.0,0.0,0.0,Gastropods,0.0,0.0,0.0,0.0,0.0,0.0365473032000001,-3.0833598785307004e-08,3.3000000030369847e-06,0.0
266_266_Kuosheng_Bay_(1998),SC,0.3,6,9.316,22.0296,1.54,7.776000127740001,4.40592,8.30768,0.0,0.0,0.0,Bernacles,0.0,0.0,0.0,0.0,0.0,0.16530698499999996,-1.2773999991111396e-07,-1.7763568394002505e-15,0.0
266_266_Kuosheng_Bay_(1998),SC,0.3,5,52.0,260.0,28.698999999999998,23.301000111999997,52.0,156.0,0.0,0.0,0.0,Infauna,0.0,0.0,0.0,0.0,0.0,0.551903844,-1.1199999505606684e-07,0.0,0.0
266_266_Kuosheng_Bay_(1998),SC,0.3,4,1372.0,3584.0,792.7720360000002,579.2279416000001,716.8000000000001,1495.2,0.0,0.0,0.0,Carnivorous zooplankton,0.0,0.0,0.0,0.0,0.0,0.5778222,2.2399999579647556e-05,-2.2737367544323206e-13,0.0
266_266_Kuosheng_Bay_(1998),SC,0.3,3,3958.5000000000005,10556.0,2739.59414,1218.90567435,2111.2000000000003,4486.3,0.0,0.0,0.0,Herbivorous zooplankton,0.0,0.0,0.0,0.0,0.0,0.6920789,0.0001856500002759276,-9.094947017729282e-13,0.0
266_266_Kuosheng_Bay_(1998),SC,0.3,2,45.64,45.64,16.207800000000002,29.4321992874,0.0,0.0,0.0,0.0,0.0,Periphyton,0.0,0.0,0.0,0.0,0.0,0.35512271500000003,7.125999985646558e-07,0.0,0.0
266_266_Kuosheng_Bay_(1998),SC,0.3,1,6664.0,6664.0,3216.527208,3447.4724592000002,0.0,0.0,0.0,0.0,0.0,Phytoplankton,0.0,0.0,0.0,0.0,0.0,0.4826722,0.0003328000002511544,0.0,0.0
266_266_Kuosheng_Bay_(1998),SM,0.3,18,-0.0,-0.0,0.0,0.0,0.0,0.0,0.0,0.0,0.0,diet_import,0.0,0.0,0.0,0.0,0.0,,-0.0,0.0,0.0
266_266_Kuosheng_Bay_(1998),SM,0.3,17,8281.528622539885,8281.528622539885,7900.977784,0.0,0.0,0.0,0.0,380.55083853988526,0.0,Detritus,0.0,0.0,0.0,0.0,0.0,1.0,0.0,0.0,0.0
266_266_Kuosheng_Bay_(1998),SM,0.3,16,0.4676,3.6400000000000006,0.15600000000000003,0.10159996502279998,0.7280000000000002,2.4444,0.3,0.0,0.0,Detritivorous fish,0.0,0.09,0.21,0.21,0.0,0.7827203485397776,3.497720002521021e-08,4.440892098500626e-16,0.0
266_266_Kuosheng_Bay_(1998),SM,0.3,15,0.1612,1.56,0.0,0.0561999936828,0.31200000000000006,1.0868,0.15,0.0,0.0,Piscivorous fish,0.0,0.045,0.105,0.105,0.0,0.6513648034565758,6.317200013095103e-09,0.0,0.0
266_266_Kuosheng_Bay_(1998),SM,0.3,14,1.0244,3.0368,0.48027200000000003,0.18012800052,0.60736,1.40503991,0.52,0.0,0.0,Benthic-feeding fish,0.0,0.156,0.364,0.364,0.0,0.8241624360406091,-5.200000430249929e-10,9.000000011916143e-08,0.0
266_266_Kuosheng_Bay_(1998),SM,0.3,13,0.8256,4.32,0.5591039999999999,0.09849602042880001,0.8640000000000001,2.6303997,0.24,0.0,0.0,Zooplanktivorous fish,0.0,0.072,0.16799999999999998,0.16799999999999998,0.0,0.8806976496744185,-2.0428799873961623e-08,2.9999999995311555e-07,0.0
266_266_Kuosheng_Bay_(1998),SM,0.3,12,0.9434,10.68,0.6204000000000001,0.31599993124000003,2.136,7.60060024,0.01,0.0,0.0,Herbivorous fish,0.0,0.003,0.006999999999999999,0.006999999999999999,0.0,0.6650414127199491,6.875999991606818e-08,-2.400000012059422e-07,0.0
266_266_Kuosheng_Bay_(1998),SM,0.3,11,0.5365,3.7,0.0,0.5365,0.7400000000000001,2.4235,0.0,0.0,0.0,Holothuroids,0.0,0.0,0.0,0.0,0.0,0.0,0.0,-4.440892098500626e-16,0.0
266_266_Kuosheng_Bay_(1998),SM,0.3,10,4.015,38.5,0.69376,3.321240051745,7.7,26.785,0.0,0.0,0.0,Crabs,0.0,0.0,0.0,0.0,0.0,0.17279201700000002,-5.174500028459761e-08,0.0,0.0
266_266_Kuosheng_Bay_(1998),SM,0.3,9,10.1875,105.95,1.574432,8.613067861375,21.19,74.5724945,0.0,0.0,0.0,Shrimp,0.0,0.0,0.0,0.0,0.0,0.15454548599999995,1.3862499947947526e-07,5.50000000032469e-06,0.0
266_266_Kuosheng_Bay_(1998),SM,0.3,8,11.8665,61.529999999999994,0.30368,11.562820007895,12.306,37.3575,0.0,0.0,0.0,Bivalves,0.0,0.0,0.0,0.0,0.0,0.025591370000000002,-7.89500020914602e-09,-7.105427357601002e-15,0.0
266_266_Kuosheng_Bay_(1998),SM,0.3,7,10.802000000000001,46.154,0.394784,10.4072160308336,9.2308,26.1211967,0.0,0.0,0.0,Gastropods,0.0,0.0,0.0,0.0,0.0,0.0365473032000001,-3.0833598785307004e-08,3.3000000030369847e-06,0.0
266_266_Kuosheng_Bay_(1998),SM,0.3,6,9.316,22.0296,1.54,7.776000127740001,4.40592,8.30768,0.0,0.0,0.0,Bernacles,0.0,0.0,0.0,0.0,0.0,0.16530698499999996,-1.2773999991111396e-07,-1.7763568394002505e-15,0.0
266_266_Kuosheng_Bay_(1998),SM,0.3,5,52.0,260.0,28.698999999999998,23.301000111999997,52.0,156.0,0.0,0.0,0.0,Infauna,0.0,0.0,0.0,0.0,0.0,0.551903844,-1.1199999505606684e-07,0.0,0.0
266_266_Kuosheng_Bay_(1998),SM,0.3,4,1372.0,3584.0,792.7720360000002,579.2279416000001,716.8000000000001,1495.2,0.0,0.0,0.0,Carnivorous zooplankton,0.0,0.0,0.0,0.0,0.0,0.5778222,2.2399999579647556e-05,-2.2737367544323206e-13,0.0
266_266_Kuosheng_Bay_(1998),SM,0.3,3,3958.5000000000005,10556.0,2739.59414,1218.90567435,2111.2000000000003,4486.3,0.0,0.0,0.0,Herbivorous zooplankton,0.0,0.0,0.0,0.0,0.0,0.6920789,0.0001856500002759276,-9.094947017729282e-13,0.0
266_266_Kuosheng_Bay_(1998),SM,0.3,2,45.64,45.64,16.207800000000002,29.4321992874,0.0,0.0,0.0,0.0,0.0,Periphyton,0.0,0.0,0.0,0.0,0.0,0.35512271500000003,7.125999985646558e-07,0.0,0.0
266_266_Kuosheng_Bay_(1998),SM,0.3,1,6664.0,6664.0,3216.527208,3447.4724592000002,0.0,0.0,0.0,0.0,0.0,Phytoplankton,0.0,0.0,0.0,0.0,0.0,0.4826722,0.0003328000002511544,0.0,0.0
266_266_Kuosheng_Bay_(1998),SE,0.3,18,-0.0,-0.0,0.0,0.0,0.0,0.0,0.0,0.0,0.0,diet_import,0.0,0.0,0.0,0.0,0.0,,-0.0,0.0,0.0
266_266_Kuosheng_Bay_(1998),SE,0.3,17,8281.162622539883,8281.162622539883,7900.977784,0.0,0.0,0.0,0.0,380.18483853988346,0.0,Detritus,0.0,0.0,0.0,0.0,0.0,1.0,0.0,0.0,0.0
266_266_Kuosheng_Bay_(1998),SE,0.3,16,0.4676,3.6400000000000006,0.15600000000000003,0.011599965022799991,0.7280000000000002,2.4444,0.3,0.0,0.0,Detritivorous fish,0.09,0.09,0.21,0.21,0.0,0.975192547,3.497720002521021e-08,4.440892098500626e-16,0.0
266_266_Kuosheng_Bay_(1998),SE,0.3,15,0.1612,1.56,0.0,0.0111999936828,0.31200000000000006,1.0868,0.15,0.0,0.0,Piscivorous fish,0.045,0.045,0.105,0.105,0.0,0.930521131,6.317200013095103e-09,0.0,0.0
266_266_Kuosheng_Bay_(1998),SE,0.3,14,1.0244,3.0368,0.48027200000000003,0.024128000519999998,0.60736,1.40503991,0.52,0.0,0.0,Benthic-feeding fish,0.156,0.156,0.364,0.364,0.0,0.9764467,-5.200000430249929e-10,9.000000011916143e-08,0.0
266_266_Kuosheng_Bay_(1998),SE,0.3,13,0.8256,4.32,0.5591039999999999,0.02649602042880001,0.8640000000000001,2.6303997,0.24,0.0,0.0,Zooplanktivorous fish,0.072,0.072,0.16799999999999998,0.16799999999999998,0.0,0.967906952,-2.0428799984983925e-08,2.9999999995311555e-07,0.0
266_266_Kuosheng_Bay_(1998),SE,0.3,12,0.9434,10.68,0.6204000000000001,0.31299993124000003,2.136,7.60060024,0.01,0.0,0.0,Herbivorous fish,0.003,0.003,0.006999999999999999,0.006999999999999999,0.0,0.6682214,6.875999991606818e-08,-2.400000012059422e-07,0.0
266_266_Kuosheng_Bay_(1998),SE,0.3,11,0.5365,3.7,0.0,0.5365,0.7400000000000001,2.4235,0.0,0.0,0.0,Holothuroids,0.0,0.0,0.0,0.0,0.0,0.0,0.0,-4.440892098500626e-16,0.0
266_266_Kuosheng_Bay_(1998),SE,0.3,10,4.015,38.5,0.69376,3.321240051745,7.7,26.785,0.0,0.0,0.0,Crabs,0.0,0.0,0.0,0.0,0.0,0.17279201700000002,-5.174500028459761e-08,0.0,0.0
266_266_Kuosheng_Bay_(1998),SE,0.3,9,10.1875,105.95,1.574432,8.613067861375,21.19,74.5724945,0.0,0.0,0.0,Shrimp,0.0,0.0,0.0,0.0,0.0,0.15454548599999995,1.3862499947947526e-07,5.50000000032469e-06,0.0
266_266_Kuosheng_Bay_(1998),SE,0.3,8,11.8665,61.529999999999994,0.30368,11.562820007895,12.306,37.3575,0.0,0.0,0.0,Bivalves,0.0,0.0,0.0,0.0,0.0,0.025591370000000002,-7.89500020914602e-09,-7.105427357601002e-15,0.0
266_266_Kuosheng_Bay_(1998),SE,0.3,7,10.802000000000001,46.154,0.394784,10.4072160308336,9.2308,26.1211967,0.0,0.0,0.0,Gastropods,0.0,0.0,0.0,0.0,0.0,0.0365473032000001,-3.0833598785307004e-08,3.3000000030369847e-06,0.0
266_266_Kuosheng_Bay_(1998),SE,0.3,6,9.316,22.0296,1.54,7.776000127740001,4.40592,8.30768,0.0,0.0,0.0,Bernacles,0.0,0.0,0.0,0.0,0.0,0.16530698499999996,-1.2773999991111396e-07,-1.7763568394002505e-15,0.0
266_266_Kuosheng_Bay_(1998),SE,0.3,5,52.0,260.0,28.698999999999998,23.301000111999997,52.0,156.0,0.0,0.0,0.0,Infauna,0.0,0.0,0.0,0.0,0.0,0.551903844,-1.1199999505606684e-07,0.0,0.0
266_266_Kuosheng_Bay_(1998),SE,0.3,4,1372.0,3584.0,792.7720360000002,579.2279416000001,716.8000000000001,1495.2,0.0,0.0,0.0,Carnivorous zooplankton,0.0,0.0,0.0,0.0,0.0,0.5778222,2.2399999579647556e-05,-2.2737367544323206e-13,0.0
266_266_Kuosheng_Bay_(1998),SE,0.3,3,3958.5000000000005,10556.0,2739.59414,1218.90567435,2111.2000000000003,4486.3,0.0,0.0,0.0,Herbivorous zooplankton,0.0,0.0,0.0,0.0,0.0,0.6920789,0.0001856500002759276,-9.094947017729282e-13,0.0
266_266_Kuosheng_Bay_(1998),SE,0.3,2,45.64,45.64,16.207800000000002,29.4321992874,0.0,0.0,0.0,0.0,0.0,Periphyton,0.0,0.0,0.0,0.0,0.0,0.35512271500000003,7.125999985646558e-07,0.0,0.0
266_266_Kuosheng_Bay_(1998),SE,0.3,1,6664.0,6664.0,3216.527208,3447.4724592000002,0.0,0.0,0.0,0.0,0.0,Phytoplankton,0.0,0.0,0.0,0.0,0.0,0.4826722,0.0003328000002511544,0.0,0.0
266_266_Kuosheng_Bay_(1998),SC,0.4,18,-0.0,-0.0,0.0,0.0,0.0,0.0,0.0,0.0,0.0,diet_import,0.0,0.0,0.0,0.0,0.0,,-0.0,0.0,0.0
266_266_Kuosheng_Bay_(1998),SC,0.4,17,8281.162622539883,8281.162622539883,7900.977784,0.0,0.0,0.0,0.0,380.18483853988346,0.0,Detritus,0.0,0.0,0.0,0.0,0.0,1.0,0.0,0.0,0.0
266_266_Kuosheng_Bay_(1998),SC,0.4,16,0.4676,3.6400000000000006,0.15600000000000003,0.011599965022799991,0.7280000000000002,2.4444,0.3,0.0,0.0,Detritivorous fish,0.0,0.12,0.18,0.3,0.0,0.975192547,3.497720002521021e-08,4.440892098500626e-16,0.0
266_266_Kuosheng_Bay_(1998),SC,0.4,15,0.1612,1.56,0.0,0.0111999936828,0.31200000000000006,1.0868,0.15,0.0,0.0,Piscivorous fish,0.0,0.06,0.09,0.15,0.0,0.930521131,6.317200013095103e-09,0.0,0.0
266_266_Kuosheng_Bay_(1998),SC,0.4,14,1.0244,3.0368,0.48027200000000003,0.024128000519999998,0.60736,1.40503991,0.52,0.0,0.0,Benthic-feeding fish,0.0,0.20800000000000002,0.312,0.52,0.0,0.9764467,-5.200000430249929e-10,9.000000011916143e-08,0.0
266_266_Kuosheng_Bay_(1998),SC,0.4,13,0.8256,4.32,0.5591039999999999,0.02649602042880001,0.8640000000000001,2.6303997,0.24,0.0,0.0,Zooplanktivorous fish,0.0,0.096,0.144,0.24,0.0,0.967906952,-2.0428799984983925e-08,2.9999999995311555e-07,0.0
266_266_Kuosheng_Bay_(1998),SC,0.4,12,0.9434,10.68,0.6204000000000001,0.31299993124000003,2.136,7.60060024,0.01,0.0,0.0,Herbivorous fish,0.0,0.004,0.006,0.01,0.0,0.6682214,6.875999991606818e-08,-2.400000012059422e-07,0.0
266_266_Kuosheng_Bay_(1998),SC,0.4,11,0.5365,3.7,0.0,0.5365,0.7400000000000001,2.4235,0.0,0.0,0.0,Holothuroids,0.0,0.0,0.0,0.0,0.0,0.0,0.0,-4.440892098500626e-16,0.0
266_266_Kuosheng_Bay_(1998),SC,0.4,10,4.015,38.5,0.69376,3.321240051745,7.7,26.785,0.0,0.0,0.0,Crabs,0.0,0.0,0.0,0.0,0.0,0.17279201700000002,-5.174500028459761e-08,0.0,0.0
266_266_Kuosheng_Bay_(1998),SC,0.4,9,10.1875,105.95,1.574432,8.613067861375,21.19,74.5724945,0.0,0.0,0.0,Shrimp,0.0,0.0,0.0,0.0,0.0,0.15454548599999995,1.3862499947947526e-07,5.50000000032469e-06,0.0
266_266_Kuosheng_Bay_(1998),SC,0.4,8,11.8665,61.529999999999994,0.30368,11.562820007895,12.306,37.3575,0.0,0.0,0.0,Bivalves,0.0,0.0,0.0,0.0,0.0,0.025591370000000002,-7.89500020914602e-09,-7.105427357601002e-15,0.0
266_266_Kuosheng_Bay_(1998),SC,0.4,7,10.802000000000001,46.154,0.394784,10.4072160308336,9.2308,26.1211967,0.0,0.0,0.0,Gastropods,0.0,0.0,0.0,0.0,0.0,0.0365473032000001,-3.0833598785307004e-08,3.3000000030369847e-06,0.0
266_266_Kuosheng_Bay_(1998),SC,0.4,6,9.316,22.0296,1.54,7.776000127740001,4.40592,8.30768,0.0,0.0,0.0,Bernacles,0.0,0.0,0.0,0.0,0.0,0.16530698499999996,-1.2773999991111396e-07,-1.7763568394002505e-15,0.0
266_266_Kuosheng_Bay_(1998),SC,0.4,5,52.0,260.0,28.698999999999998,23.301000111999997,52.0,156.0,0.0,0.0,0.0,Infauna,0.0,0.0,0.0,0.0,0.0,0.551903844,-1.1199999505606684e-07,0.0,0.0
266_266_Kuosheng_Bay_(1998),SC,0.4,4,1372.0,3584.0,792.7720360000002,579.2279416000001,716.8000000000001,1495.2,0.0,0.0,0.0,Carnivorous zooplankton,0.0,0.0,0.0,0.0,0.0,0.5778222,2.2399999579647556e-05,-2.2737367544323206e-13,0.0
266_266_Kuosheng_Bay_(1998),SC,0.4,3,3958.5000000000005,10556.0,2739.59414,1218.90567435,2111.2000000000003,4486.3,0.0,0.0,0.0,Herbivorous zooplankton,0.0,0.0,0.0,0.0,0.0,0.6920789,0.0001856500002759276,-9.094947017729282e-13,0.0
266_266_Kuosheng_Bay_(1998),SC,0.4,2,45.64,45.64,16.207800000000002,29.4321992874,0.0,0.0,0.0,0.0,0.0,Periphyton,0.0,0.0,0.0,0.0,0.0,0.35512271500000003,7.125999985646558e-07,0.0,0.0
266_266_Kuosheng_Bay_(1998),SC,0.4,1,6664.0,6664.0,3216.527208,3447.4724592000002,0.0,0.0,0.0,0.0,0.0,Phytoplankton,0.0,0.0,0.0,0.0,0.0,0.4826722,0.0003328000002511544,0.0,0.0
266_266_Kuosheng_Bay_(1998),SM,0.4,18,-0.0,-0.0,0.0,0.0,0.0,0.0,0.0,0.0,0.0,diet_import,0.0,0.0,0.0,0.0,0.0,,-0.0,0.0,0.0
266_266_Kuosheng_Bay_(1998),SM,0.4,17,8281.650622539884,8281.650622539884,7900.977784,0.0,0.0,0.0,0.0,380.67283853988465,0.0,Detritus,0.0,0.0,0.0,0.0,0.0,1.0,0.0,0.0,0.0
266_266_Kuosheng_Bay_(1998),SM,0.4,16,0.4676,3.6400000000000006,0.15600000000000003,0.1315999650228,0.7280000000000002,2.4444,0.3,0.0,0.0,Detritivorous fish,0.0,0.12,0.18,0.18,0.0,0.7185629490530367,3.497719996969906e-08,4.440892098500626e-16,0.0
266_266_Kuosheng_Bay_(1998),SM,0.4,15,0.1612,1.56,0.0,0.0711999936828,0.31200000000000006,1.0868,0.15,0.0,0.0,Piscivorous fish,0.0,0.06,0.09,0.09,0.0,0.5583126942754343,6.317200013095103e-09,0.0,0.0
266_266_Kuosheng_Bay_(1998),SM,0.4,14,1.0244,3.0368,0.48027200000000003,0.23212800052000002,0.60736,1.40503991,0.52,0.0,0.0,Benthic-feeding fish,0.0,0.20800000000000002,0.312,0.312,0.0,0.7734010147208121,-5.200000430249929e-10,9.000000011916143e-08,0.0
266_266_Kuosheng_Bay_(1998),SM,0.4,13,0.8256,4.32,0.5591039999999999,0.1224960204288,0.8640000000000001,2.6303997,0.24,0.0,0.0,Zooplanktivorous fish,0.0,0.096,0.144,0.144,0.0,0.8516278822325581,-2.0428799984983925e-08,2.9999999995311555e-07,0.0
266_266_Kuosheng_Bay_(1998),SM,0.4,12,0.9434,10.68,0.6204000000000001,0.31699993124000003,2.136,7.60060024,0.01,0.0,0.0,Herbivorous fish,0.0,0.004,0.006,0.006,0.0,0.6639814169599321,6.875999991606818e-08,-2.400000012059422e-07,0.0
266_266_Kuosheng_Bay_(1998),SM,0.4,11,0.5365,3.7,0.0,0.5365,0.7400000000000001,2.4235,0.0,0.0,0.0,Holothuroids,0.0,0.0,0.0,0.0,0.0,0.0,0.0,-4.440892098500626e-16,0.0
266_266_Kuosheng_Bay_(1998),SM,0.4,10,4.015,38.5,0.69376,3.321240051745,7.7,26.785,0.0,0.0,0.0,Crabs,0.0,0.0,0.0,0.0,0.0,0.17279201700000002,-5.174500028459761e-08,0.0,0.0
266_266_Kuosheng_Bay_(1998),SM,0.4,9,10.1875,105.95,1.574432,8.613067861375,21.19,74.5724945,0.0,0.0,0.0,Shrimp,0.0,0.0,0.0,0.0,0.0,0.15454548599999995,1.3862499947947526e-07,5.50000000032469e-06,0.0
266_266_Kuosheng_Bay_(1998),SM,0.4,8,11.8665,61.529999999999994,0.30368,11.562820007895,12.306,37.3575,0.0,0.0,0.0,Bivalves,0.0,0.0,0.0,0.0,0.0,0.025591370000000002,-7.89500020914602e-09,-7.105427357601002e-15,0.0
266_266_Kuosheng_Bay_(1998),SM,0.4,7,10.802000000000001,46.154,0.394784,10.4072160308336,9.2308,26.1211967,0.0,0.0,0.0,Gastropods,0.0,0.0,0.0,0.0,0.0,0.0365473032000001,-3.0833598785307004e-08,3.3000000030369847e-06,0.0
266_266_Kuosheng_Bay_(1998),SM,0.4,6,9.316,22.0296,1.54,7.776000127740001,4.40592,8.30768,0.0,0.0,0.0,Bernacles,0.0,0.0,0.0,0.0,0.0,0.16530698499999996,-1.2773999991111396e-07,-1.7763568394002505e-15,0.0
266_266_Kuosheng_Bay_(1998),SM,0.4,5,52.0,260.0,28.698999999999998,23.301000111999997,52.0,156.0,0.0,0.0,0.0,Infauna,0.0,0.0,0.0,0.0,0.0,0.551903844,-1.1199999505606684e-07,0.0,0.0
266_266_Kuosheng_Bay_(1998),SM,0.4,4,1372.0,3584.0,792.7720360000002,579.2279416000001,716.8000000000001,1495.2,0.0,0.0,0.0,Carnivorous zooplankton,0.0,0.0,0.0,0.0,0.0,0.5778222,2.2399999579647556e-05,-2.2737367544323206e-13,0.0
266_266_Kuosheng_Bay_(1998),SM,0.4,3,3958.5000000000005,10556.0,2739.59414,1218.90567435,2111.2000000000003,4486.3,0.0,0.0,0.0,Herbivorous zooplankton,0.0,0.0,0.0,0.0,0.0,0.6920789,0.0001856500002759276,-9.094947017729282e-13,0.0
266_266_Kuosheng_Bay_(1998),SM,0.4,2,45.64,45.64,16.207800000000002,29.4321992874,0.0,0.0,0.0,0.0,0.0,Periphyton,0.0,0.0,0.0,0.0,0.0,0.35512271500000003,7.125999985646558e-07,0.0,0.0
266_266_Kuosheng_Bay_(1998),SM,0.4,1,6664.0,6664.0,3216.527208,3447.4724592000002,0.0,0.0,0.0,0.0,0.0,Phytoplankton,0.0,0.0,0.0,0.0,0.0,0.4826722,0.0003328000002511544,0.0,0.0
266_266_Kuosheng_Bay_(1998),SE,0.4,18,-0.0,-0.0,0.0,0.0,0.0,0.0,0.0,0.0,0.0,diet_import,0.0,0.0,0.0,0.0,0.0,,-0.0,0.0,0.0
266_266_Kuosheng_Bay_(1998),SE,0.4,17,8281.162622539883,8281.162622539883,7900.977784,0.0,0.0,0.0,0.0,380.18483853988346,0.0,Detritus,0.0,0.0,0.0,0.0,0.0,1.0,0.0,0.0,0.0
266_266_Kuosheng_Bay_(1998),SE,0.4,16,0.4676,3.6400000000000006,0.15600000000000003,0.011599965022799991,0.7280000000000002,2.4444,0.3,0.0,0.0,Detritivorous fish,0.12,0.12,0.18,0.18,0.0,0.975192547,3.497720002521021e-08,4.440892098500626e-16,0.0
266_266_Kuosheng_Bay_(1998),SE,0.4,15,0.1612,1.56,0.0,0.0111999936828,0.31200000000000006,1.0868,0.15,0.0,0.0,Piscivorous fish,0.06,0.06,0.09,0.09,0.0,0.930521131,6.317200013095103e-09,0.0,0.0
266_266_Kuosheng_Bay_(1998),SE,0.4,14,1.0244,3.0368,0.48027200000000003,0.024128000519999998,0.60736,1.40503991,0.52,0.0,0.0,Benthic-feeding fish,0.20800000000000002,0.20800000000000002,0.312,0.312,0.0,0.9764467,-5.200000430249929e-10,9.000000011916143e-08,0.0
266_266_Kuosheng_Bay_(1998),SE,0.4,13,0.8256,4.32,0.5591039999999999,0.02649602042880001,0.8640000000000001,2.6303997,0.24,0.0,0.0,Zooplanktivorous fish,0.096,0.096,0.144,0.144,0.0,0.967906952,-2.0428799984983925e-08,2.9999999995311555e-07,0.0
266_266_Kuosheng_Bay_(1998),SE,0.4,12,0.9434,10.68,0.6204000000000001,0.31299993124000003,2.136,7.60060024,0.01,0.0,0.0,Herbivorous fish,0.004,0.004,0.006,0.006,0.0,0.6682214,6.875999991606818e-08,-2.400000012059422e-07,0.0
266_266_Kuosheng_Bay_(1998),SE,0.4,11,0.5365,3.7,0.0,0.5365,0.7400000000000001,2.4235,0.0,0.0,0.0,Holothuroids,0.0,0.0,0.0,0.0,0.0,0.0,0.0,-4.440892098500626e-16,0.0
266_266_Kuosheng_Bay_(1998),SE,0.4,10,4.015,38.5,0.69376,3.321240051745,7.7,26.785,0.0,0.0,0.0,Crabs,0.0,0.0,0.0,0.0,0.0,0.17279201700000002,-5.174500028459761e-08,0.0,0.0
266_266_Kuosheng_Bay_(1998),SE,0.4,9,10.1875,105.95,1.574432,8.613067861375,21.19,74.5724945,0.0,0.0,0.0,Shrimp,0.0,0.0,0.0,0.0,0.0,0.15454548599999995,1.3862499947947526e-07,5.50000000032469e-06,0.0
266_266_Kuosheng_Bay_(1998),SE,0.4,8,11.8665,61.529999999999994,0.30368,11.562820007895,12.306,37.3575,0.0,0.0,0.0,Bivalves,0.0,0.0,0.0,0.0,0.0,0.025591370000000002,-7.89500020914602e-09,-7.105427357601002e-15,0.0
266_266_Kuosheng_Bay_(1998),SE,0.4,7,10.802000000000001,46.154,0.394784,10.4072160308336,9.2308,26.1211967,0.0,0.0,0.0,Gastropods,0.0,0.0,0.0,0.0,0.0,0.0365473032000001,-3.0833598785307004e-08,3.3000000030369847e-06,0.0
266_266_Kuosheng_Bay_(1998),SE,0.4,6,9.316,22.0296,1.54,7.776000127740001,4.40592,8.30768,0.0,0.0,0.0,Bernacles,0.0,0.0,0.0,0.0,0.0,0.16530698499999996,-1.2773999991111396e-07,-1.7763568394002505e-15,0.0
266_266_Kuosheng_Bay_(1998),SE,0.4,5,52.0,260.0,28.698999999999998,23.301000111999997,52.0,156.0,0.0,0.0,0.0,Infauna,0.0,0.0,0.0,0.0,0.0,0.551903844,-1.1199999505606684e-07,0.0,0.0
266_266_Kuosheng_Bay_(1998),SE,0.4,4,1372.0,3584.0,792.7720360000002,579.2279416000001,716.8000000000001,1495.2,0.0,0.0,0.0,Carnivorous zooplankton,0.0,0.0,0.0,0.0,0.0,0.5778222,2.2399999579647556e-05,-2.2737367544323206e-13,0.0
266_266_Kuosheng_Bay_(1998),SE,0.4,3,3958.5000000000005,10556.0,2739.59414,1218.90567435,2111.2000000000003,4486.3,0.0,0.0,0.0,Herbivorous zooplankton,0.0,0.0,0.0,0.0,0.0,0.6920789,0.0001856500002759276,-9.094947017729282e-13,0.0
266_266_Kuosheng_Bay_(1998),SE,0.4,2,45.64,45.64,16.207800000000002,29.4321992874,0.0,0.0,0.0,0.0,0.0,Periphyton,0.0,0.0,0.0,0.0,0.0,0.35512271500000003,7.125999985646558e-07,0.0,0.0
266_266_Kuosheng_Bay_(1998),SE,0.4,1,6664.0,6664.0,3216.527208,3447.4724592000002,0.0,0.0,0.0,0.0,0.0,Phytoplankton,0.0,0.0,0.0,0.0,0.0,0.4826722,0.0003328000002511544,0.0,0.0
266_266_Kuosheng_Bay_(1998),SC,0.5,18,-0.0,-0.0,0.0,0.0,0.0,0.0,0.0,0.0,0.0,diet_import,0.0,0.0,0.0,0.0,0.0,,-0.0,0.0,0.0
266_266_Kuosheng_Bay_(1998),SC,0.5,17,8281.162622539883,8281.162622539883,7900.977784,0.0,0.0,0.0,0.0,380.18483853988346,0.0,Detritus,0.0,0.0,0.0,0.0,0.0,1.0,0.0,0.0,0.0
266_266_Kuosheng_Bay_(1998),SC,0.5,16,0.4676,3.6400000000000006,0.15600000000000003,0.011599965022799991,0.7280000000000002,2.4444,0.3,0.0,0.0,Detritivorous fish,0.0,0.15,0.15,0.3,0.0,0.975192547,3.497720002521021e-08,4.440892098500626e-16,0.0
266_266_Kuosheng_Bay_(1998),SC,0.5,15,0.1612,1.56,0.0,0.0111999936828,0.31200000000000006,1.0868,0.15,0.0,0.0,Piscivorous fish,0.0,0.075,0.075,0.15,0.0,0.930521131,6.317200013095103e-09,0.0,0.0
266_266_Kuosheng_Bay_(1998),SC,0.5,14,1.0244,3.0368,0.48027200000000003,0.024128000519999998,0.60736,1.40503991,0.52,0.0,0.0,Benthic-feeding fish,0.0,0.26,0.26,0.52,0.0,0.9764467,-5.200000430249929e-10,9.000000011916143e-08,0.0
266_266_Kuosheng_Bay_(1998),SC,0.5,13,0.8256,4.32,0.5591039999999999,0.02649602042880001,0.8640000000000001,2.6303997,0.24,0.0,0.0,Zooplanktivorous fish,0.0,0.12,0.12,0.24,0.0,0.967906952,-2.0428799984983925e-08,2.9999999995311555e-07,0.0
266_266_Kuosheng_Bay_(1998),SC,0.5,12,0.9434,10.68,0.6204000000000001,0.31299993124000003,2.136,7.60060024,0.01,0.0,0.0,Herbivorous fish,0.0,0.005,0.005,0.01,0.0,0.6682214,6.875999991606818e-08,-2.400000012059422e-07,0.0
266_266_Kuosheng_Bay_(1998),SC,0.5,11,0.5365,3.7,0.0,0.5365,0.7400000000000001,2.4235,0.0,0.0,0.0,Holothuroids,0.0,0.0,0.0,0.0,0.0,0.0,0.0,-4.440892098500626e-16,0.0
266_266_Kuosheng_Bay_(1998),SC,0.5,10,4.015,38.5,0.69376,3.321240051745,7.7,26.785,0.0,0.0,0.0,Crabs,0.0,0.0,0.0,0.0,0.0,0.17279201700000002,-5.174500028459761e-08,0.0,0.0
266_266_Kuosheng_Bay_(1998),SC,0.5,9,10.1875,105.95,1.574432,8.613067861375,21.19,74.5724945,0.0,0.0,0.0,Shrimp,0.0,0.0,0.0,0.0,0.0,0.15454548599999995,1.3862499947947526e-07,5.50000000032469e-06,0.0
266_266_Kuosheng_Bay_(1998),SC,0.5,8,11.8665,61.529999999999994,0.30368,11.562820007895,12.306,37.3575,0.0,0.0,0.0,Bivalves,0.0,0.0,0.0,0.0,0.0,0.025591370000000002,-7.89500020914602e-09,-7.105427357601002e-15,0.0
266_266_Kuosheng_Bay_(1998),SC,0.5,7,10.802000000000001,46.154,0.394784,10.4072160308336,9.2308,26.1211967,0.0,0.0,0.0,Gastropods,0.0,0.0,0.0,0.0,0.0,0.0365473032000001,-3.0833598785307004e-08,3.3000000030369847e-06,0.0
266_266_Kuosheng_Bay_(1998),SC,0.5,6,9.316,22.0296,1.54,7.776000127740001,4.40592,8.30768,0.0,0.0,0.0,Bernacles,0.0,0.0,0.0,0.0,0.0,0.16530698499999996,-1.2773999991111396e-07,-1.7763568394002505e-15,0.0
266_266_Kuosheng_Bay_(1998),SC,0.5,5,52.0,260.0,28.698999999999998,23.301000111999997,52.0,156.0,0.0,0.0,0.0,Infauna,0.0,0.0,0.0,0.0,0.0,0.551903844,-1.1199999505606684e-07,0.0,0.0
266_266_Kuosheng_Bay_(1998),SC,0.5,4,1372.0,3584.0,792.7720360000002,579.2279416000001,716.8000000000001,1495.2,0.0,0.0,0.0,Carnivorous zooplankton,0.0,0.0,0.0,0.0,0.0,0.5778222,2.2399999579647556e-05,-2.2737367544323206e-13,0.0
266_266_Kuosheng_Bay_(1998),SC,0.5,3,3958.5000000000005,10556.0,2739.59414,1218.90567435,2111.2000000000003,4486.3,0.0,0.0,0.0,Herbivorous zooplankton,0.0,0.0,0.0,0.0,0.0,0.6920789,0.0001856500002759276,-9.094947017729282e-13,0.0
266_266_Kuosheng_Bay_(1998),SC,0.5,2,45.64,45.64,16.207800000000002,29.4321992874,0.0,0.0,0.0,0.0,0.0,Periphyton,0.0,0.0,0.0,0.0,0.0,0.35512271500000003,7.125999985646558e-07,0.0,0.0
266_266_Kuosheng_Bay_(1998),SC,0.5,1,6664.0,6664.0,3216.527208,3447.4724592000002,0.0,0.0,0.0,0.0,0.0,Phytoplankton,0.0,0.0,0.0,0.0,0.0,0.4826722,0.0003328000002511544,0.0,0.0
266_266_Kuosheng_Bay_(1998),SM,0.5,18,-0.0,-0.0,0.0,0.0,0.0,0.0,0.0,0.0,0.0,diet_import,0.0,0.0,0.0,0.0,0.0,,-0.0,0.0,0.0
266_266_Kuosheng_Bay_(1998),SM,0.5,17,8281.772622539884,8281.772622539884,7900.977784,0.0,0.0,0.0,0.0,380.79483853988404,0.0,Detritus,0.0,0.0,0.0,0.0,0.0,1.0,0.0,0.0,0.0
266_266_Kuosheng_Bay_(1998),SM,0.5,16,0.4676,3.6400000000000006,0.15600000000000003,0.1615999650228,0.7280000000000002,2.4444,0.3,0.0,0.0,Detritivorous fish,0.0,0.15,0.15,0.15,0.0,0.6544055495662959,3.497720002521021e-08,4.440892098500626e-16,0.0
266_266_Kuosheng_Bay_(1998),SM,0.5,15,0.1612,1.56,0.0,0.0861999936828,0.31200000000000006,1.0868,0.15,0.0,0.0,Piscivorous fish,0.0,0.075,0.075,0.075,0.0,0.4652605850942928,6.317200013095103e-09,0.0,0.0
266_266_Kuosheng_Bay_(1998),SM,0.5,14,1.0244,3.0368,0.48027200000000003,0.28412800052,0.60736,1.40503991,0.52,0.0,0.0,Benthic-feeding fish,0.0,0.26,0.26,0.26,0.0,0.7226395934010152,-5.200000430249929e-10,9.000000011916143e-08,0.0
266_266_Kuosheng_Bay_(1998),SM,0.5,13,0.8256,4.32,0.5591039999999999,0.1464960204288,0.8640000000000001,2.6303997,0.24,0.0,0.0,Zooplanktivorous fish,0.0,0.12,0.12,0.12,0.0,0.8225581147906977,-2.0428799984983925e-08,2.9999999995311555e-07,0.0
266_266_Kuosheng_Bay_(1998),SM,0.5,12,0.9434,10.68,0.6204000000000001,0.31799993124000003,2.136,7.60060024,0.01,0.0,0.0,Herbivorous fish,0.0,0.005,0.005,0.005,0.0,0.6629214211999152,6.875999991606818e-08,-2.400000012059422e-07,0.0
266_266_Kuosheng_Bay_(1998),SM,0.5,11,0.5365,3.7,0.0,0.5365,0.7400000000000001,2.4235,0.0,0.0,0.0,Holothuroids,0.0,0.0,0.0,0.0,0.0,0.0,0.0,-4.440892098500626e-16,0.0
266_266_Kuosheng_Bay_(1998),SM,0.5,10,4.015,38.5,0.69376,3.321240051745,7.7,26.785,0.0,0.0,0.0,Crabs,0.0,0.0,0.0,0.0,0.0,0.17279201700000002,-5.174500028459761e-08,0.0,0.0
266_266_Kuosheng_Bay_(1998),SM,0.5,9,10.1875,105.95,1.574432,8.613067861375,21.19,74.5724945,0.0,0.0,0.0,Shrimp,0.0,0.0,0.0,0.0,0.0,0.15454548599999995,1.3862499947947526e-07,5.50000000032469e-06,0.0
266_266_Kuosheng_Bay_(1998),SM,0.5,8,11.8665,61.529999999999994,0.30368,11.562820007895,12.306,37.3575,0.0,0.0,0.0,Bivalves,0.0,0.0,0.0,0.0,0.0,0.025591370000000002,-7.89500020914602e-09,-7.105427357601002e-15,0.0
266_266_Kuosheng_Bay_(1998),SM,0.5,7,10.802000000000001,46.154,0.394784,10.4072160308336,9.2308,26.1211967,0.0,0.0,0.0,Gastropods,0.0,0.0,0.0,0.0,0.0,0.0365473032000001,-3.0833598785307004e-08,3.3000000030369847e-06,0.0
266_266_Kuosheng_Bay_(1998),SM,0.5,6,9.316,22.0296,1.54,7.776000127740001,4.40592,8.30768,0.0,0.0,0.0,Bernacles,0.0,0.0,0.0,0.0,0.0,0.16530698499999996,-1.2773999991111396e-07,-1.7763568394002505e-15,0.0
266_266_Kuosheng_Bay_(1998),SM,0.5,5,52.0,260.0,28.698999999999998,23.301000111999997,52.0,156.0,0.0,0.0,0.0,Infauna,0.0,0.0,0.0,0.0,0.0,0.551903844,-1.1199999505606684e-07,0.0,0.0
266_266_Kuosheng_Bay_(1998),SM,0.5,4,1372.0,3584.0,792.7720360000002,579.2279416000001,716.8000000000001,1495.2,0.0,0.0,0.0,Carnivorous zooplankton,0.0,0.0,0.0,0.0,0.0,0.5778222,2.2399999579647556e-05,-2.2737367544323206e-13,0.0
266_266_Kuosheng_Bay_(1998),SM,0.5,3,3958.5000000000005,10556.0,2739.59414,1218.90567435,2111.2000000000003,4486.3,0.0,0.0,0.0,Herbivorous zooplankton,0.0,0.0,0.0,0.0,0.0,0.6920789,0.0001856500002759276,-9.094947017729282e-13,0.0
266_266_Kuosheng_Bay_(1998),SM,0.5,2,45.64,45.64,16.207800000000002,29.4321992874,0.0,0.0,0.0,0.0,0.0,Periphyton,0.0,0.0,0.0,0.0,0.0,0.35512271500000003,7.125999985646558e-07,0.0,0.0
266_266_Kuosheng_Bay_(1998),SM,0.5,1,6664.0,6664.0,3216.527208,3447.4724592000002,0.0,0.0,0.0,0.0,0.0,Phytoplankton,0.0,0.0,0.0,0.0,0.0,0.4826722,0.0003328000002511544,0.0,0.0
266_266_Kuosheng_Bay_(1998),SE,0.5,18,-0.0,-0.0,0.0,0.0,0.0,0.0,0.0,0.0,0.0,diet_import,0.0,0.0,0.0,0.0,0.0,,-0.0,0.0,0.0
266_266_Kuosheng_Bay_(1998),SE,0.5,17,8281.162622539883,8281.162622539883,7900.977784,0.0,0.0,0.0,0.0,380.18483853988346,0.0,Detritus,0.0,0.0,0.0,0.0,0.0,1.0,0.0,0.0,0.0
266_266_Kuosheng_Bay_(1998),SE,0.5,16,0.4676,3.6400000000000006,0.15600000000000003,0.011599965022799991,0.7280000000000002,2.4444,0.3,0.0,0.0,Detritivorous fish,0.15,0.15,0.15,0.15,0.0,0.975192547,3.497720002521021e-08,4.440892098500626e-16,0.0
266_266_Kuosheng_Bay_(1998),SE,0.5,15,0.1612,1.56,0.0,0.0111999936828,0.31200000000000006,1.0868,0.15,0.0,0.0,Piscivorous fish,0.075,0.075,0.075,0.075,0.0,0.930521131,6.317200013095103e-09,0.0,0.0
266_266_Kuosheng_Bay_(1998),SE,0.5,14,1.0244,3.0368,0.48027200000000003,0.024128000519999998,0.60736,1.40503991,0.52,0.0,0.0,Benthic-feeding fish,0.26,0.26,0.26,0.26,0.0,0.9764467,-5.200000430249929e-10,9.000000011916143e-08,0.0
266_266_Kuosheng_Bay_(1998),SE,0.5,13,0.8256,4.32,0.5591039999999999,0.02649602042880001,0.8640000000000001,2.6303997,0.24,0.0,0.0,Zooplanktivorous fish,0.12,0.12,0.12,0.12,0.0,0.967906952,-2.0428799984983925e-08,2.9999999995311555e-07,0.0
266_266_Kuosheng_Bay_(1998),SE,0.5,12,0.9434,10.68,0.6204000000000001,0.31299993124000003,2.136,7.60060024,0.01,0.0,0.0,Herbivorous fish,0.005,0.005,0.005,0.005,0.0,0.6682214,6.875999991606818e-08,-2.400000012059422e-07,0.0
266_266_Kuosheng_Bay_(1998),SE,0.5,11,0.5365,3.7,0.0,0.5365,0.7400000000000001,2.4235,0.0,0.0,0.0,Holothuroids,0.0,0.0,0.0,0.0,0.0,0.0,0.0,-4.440892098500626e-16,0.0
266_266_Kuosheng_Bay_(1998),SE,0.5,10,4.015,38.5,0.69376,3.321240051745,7.7,26.785,0.0,0.0,0.0,Crabs,0.0,0.0,0.0,0.0,0.0,0.17279201700000002,-5.174500028459761e-08,0.0,0.0
266_266_Kuosheng_Bay_(1998),SE,0.5,9,10.1875,105.95,1.574432,8.613067861375,21.19,74.5724945,0.0,0.0,0.0,Shrimp,0.0,0.0,0.0,0.0,0.0,0.15454548599999995,1.3862499947947526e-07,5.50000000032469e-06,0.0
266_266_Kuosheng_Bay_(1998),SE,0.5,8,11.8665,61.529999999999994,0.30368,11.562820007895,12.306,37.3575,0.0,0.0,0.0,Bivalves,0.0,0.0,0.0,0.0,0.0,0.025591370000000002,-7.89500020914602e-09,-7.105427357601002e-15,0.0
266_266_Kuosheng_Bay_(1998),SE,0.5,7,10.802000000000001,46.154,0.394784,10.4072160308336,9.2308,26.1211967,0.0,0.0,0.0,Gastropods,0.0,0.0,0.0,0.0,0.0,0.0365473032000001,-3.0833598785307004e-08,3.3000000030369847e-06,0.0
266_266_Kuosheng_Bay_(1998),SE,0.5,6,9.316,22.0296,1.54,7.776000127740001,4.40592,8.30768,0.0,0.0,0.0,Bernacles,0.0,0.0,0.0,0.0,0.0,0.16530698499999996,-1.2773999991111396e-07,-1.7763568394002505e-15,0.0
266_266_Kuosheng_Bay_(1998),SE,0.5,5,52.0,260.0,28.698999999999998,23.301000111999997,52.0,156.0,0.0,0.0,0.0,Infauna,0.0,0.0,0.0,0.0,0.0,0.551903844,-1.1199999505606684e-07,0.0,0.0
266_266_Kuosheng_Bay_(1998),SE,0.5,4,1372.0,3584.0,792.7720360000002,579.2279416000001,716.8000000000001,1495.2,0.0,0.0,0.0,Carnivorous zooplankton,0.0,0.0,0.0,0.0,0.0,0.5778222,2.2399999579647556e-05,-2.2737367544323206e-13,0.0
266_266_Kuosheng_Bay_(1998),SE,0.5,3,3958.5000000000005,10556.0,2739.59414,1218.90567435,2111.2000000000003,4486.3,0.0,0.0,0.0,Herbivorous zooplankton,0.0,0.0,0.0,0.0,0.0,0.6920789,0.0001856500002759276,-9.094947017729282e-13,0.0
266_266_Kuosheng_Bay_(1998),SE,0.5,2,45.64,45.64,16.207800000000002,29.4321992874,0.0,0.0,0.0,0.0,0.0,Periphyton,0.0,0.0,0.0,0.0,0.0,0.35512271500000003,7.125999985646558e-07,0.0,0.0
266_266_Kuosheng_Bay_(1998),SE,0.5,1,6664.0,6664.0,3216.527208,3447.4724592000002,0.0,0.0,0.0,0.0,0.0,Phytoplankton,0.0,0.0,0.0,0.0,0.0,0.4826722,0.0003328000002511544,0.0,0.0
266_266_Kuosheng_Bay_(1998),SC,0.75,18,-0.0,-0.0,0.0,0.0,0.0,0.0,0.0,0.0,0.0,diet_import,0.0,0.0,0.0,0.0,0.0,,-0.0,0.0,0.0
266_266_Kuosheng_Bay_(1998),SC,0.75,17,8281.162622539883,8281.162622539883,7900.977784,0.0,0.0,0.0,0.0,380.18483853988346,0.0,Detritus,0.0,0.0,0.0,0.0,0.0,1.0,0.0,0.0,0.0
266_266_Kuosheng_Bay_(1998),SC,0.75,16,0.4676,3.6400000000000006,0.15600000000000003,0.011599965022799991,0.7280000000000002,2.4444,0.3,0.0,0.0,Detritivorous fish,0.0,0.22499999999999998,0.075,0.3,0.0,0.975192547,3.497720002521021e-08,4.440892098500626e-16,0.0
266_266_Kuosheng_Bay_(1998),SC,0.75,15,0.1612,1.56,0.0,0.0111999936828,0.31200000000000006,1.0868,0.15,0.0,0.0,Piscivorous fish,0.0,0.11249999999999999,0.0375,0.15,0.0,0.930521131,6.317200013095103e-09,0.0,0.0
266_266_Kuosheng_Bay_(1998),SC,0.75,14,1.0244,3.0368,0.48027200000000003,0.024128000519999998,0.60736,1.40503991,0.52,0.0,0.0,Benthic-feeding fish,0.0,0.39,0.13,0.52,0.0,0.9764467,-5.200000430249929e-10,9.000000011916143e-08,0.0
266_266_Kuosheng_Bay_(1998),SC,0.75,13,0.8256,4.32,0.5591039999999999,0.02649602042880001,0.8640000000000001,2.6303997,0.24,0.0,0.0,Zooplanktivorous fish,0.0,0.18,0.06,0.24,0.0,0.967906952,-2.0428799984983925e-08,2.9999999995311555e-07,0.0
266_266_Kuosheng_Bay_(1998),SC,0.75,12,0.9434,10.68,0.6204000000000001,0.31299993124000003,2.136,7.60060024,0.01,0.0,0.0,Herbivorous fish,0.0,0.0075,0.0025,0.01,0.0,0.6682214,6.875999991606818e-08,-2.400000012059422e-07,0.0
266_266_Kuosheng_Bay_(1998),SC,0.75,11,0.5365,3.7,0.0,0.5365,0.7400000000000001,2.4235,0.0,0.0,0.0,Holothuroids,0.0,0.0,0.0,0.0,0.0,0.0,0.0,-4.440892098500626e-16,0.0
266_266_Kuosheng_Bay_(1998),SC,0.75,10,4.015,38.5,0.69376,3.321240051745,7.7,26.785,0.0,0.0,0.0,Crabs,0.0,0.0,0.0,0.0,0.0,0.17279201700000002,-5.174500028459761e-08,0.0,0.0
266_266_Kuosheng_Bay_(1998),SC,0.75,9,10.1875,105.95,1.574432,8.613067861375,21.19,74.5724945,0.0,0.0,0.0,Shrimp,0.0,0.0,0.0,0.0,0.0,0.15454548599999995,1.3862499947947526e-07,5.50000000032469e-06,0.0
266_266_Kuosheng_Bay_(1998),SC,0.75,8,11.8665,61.529999999999994,0.30368,11.562820007895,12.306,37.3575,0.0,0.0,0.0,Bivalves,0.0,0.0,0.0,0.0,0.0,0.025591370000000002,-7.89500020914602e-09,-7.105427357601002e-15,0.0
266_266_Kuosheng_Bay_(1998),SC,0.75,7,10.802000000000001,46.154,0.394784,10.4072160308336,9.2308,26.1211967,0.0,0.0,0.0,Gastropods,0.0,0.0,0.0,0.0,0.0,0.0365473032000001,-3.0833598785307004e-08,3.3000000030369847e-06,0.0
266_266_Kuosheng_Bay_(1998),SC,0.75,6,9.316,22.0296,1.54,7.776000127740001,4.40592,8.30768,0.0,0.0,0.0,Bernacles,0.0,0.0,0.0,0.0,0.0,0.16530698499999996,-1.2773999991111396e-07,-1.7763568394002505e-15,0.0
266_266_Kuosheng_Bay_(1998),SC,0.75,5,52.0,260.0,28.698999999999998,23.301000111999997,52.0,156.0,0.0,0.0,0.0,Infauna,0.0,0.0,0.0,0.0,0.0,0.551903844,-1.1199999505606684e-07,0.0,0.0
266_266_Kuosheng_Bay_(1998),SC,0.75,4,1372.0,3584.0,792.7720360000002,579.2279416000001,716.8000000000001,1495.2,0.0,0.0,0.0,Carnivorous zooplankton,0.0,0.0,0.0,0.0,0.0,0.5778222,2.2399999579647556e-05,-2.2737367544323206e-13,0.0
266_266_Kuosheng_Bay_(1998),SC,0.75,3,3958.5000000000005,10556.0,2739.59414,1218.90567435,2111.2000000000003,4486.3,0.0,0.0,0.0,Herbivorous zooplankton,0.0,0.0,0.0,0.0,0.0,0.6920789,0.0001856500002759276,-9.094947017729282e-13,0.0
266_266_Kuosheng_Bay_(1998),SC,0.75,2,45.64,45.64,16.207800000000002,29.4321992874,0.0,0.0,0.0,0.0,0.0,Periphyton,0.0,0.0,0.0,0.0,0.0,0.35512271500000003,7.125999985646558e-07,0.0,0.0
266_266_Kuosheng_Bay_(1998),SC,0.75,1,6664.0,6664.0,3216.527208,3447.4724592000002,0.0,0.0,0.0,0.0,0.0,Phytoplankton,0.0,0.0,0.0,0.0,0.0,0.4826722,0.0003328000002511544,0.0,0.0
266_266_Kuosheng_Bay_(1998),SM,0.75,18,-0.0,-0.0,0.0,0.0,0.0,0.0,0.0,0.0,0.0,diet_import,0.0,0.0,0.0,0.0,0.0,,-0.0,0.0,0.0
266_266_Kuosheng_Bay_(1998),SM,0.75,17,8282.077622539884,8282.077622539884,7900.977784,0.0,0.0,0.0,0.0,381.09983853988433,0.0,Detritus,0.0,0.0,0.0,0.0,0.0,1.0,0.0,0.0,0.0
266_266_Kuosheng_Bay_(1998),SM,0.75,16,0.4676,3.6400000000000006,0.15600000000000003,0.23659996502279998,0.7280000000000002,2.4444,0.3,0.0,0.0,Detritivorous fish,0.0,0.22499999999999998,0.075,0.075,0.0,0.494012050849444,3.497719996969906e-08,4.440892098500626e-16,0.0
266_266_Kuosheng_Bay_(1998),SM,0.75,15,0.1612,1.56,0.0,0.12369999368279999,0.31200000000000006,1.0868,0.15,0.0,0.0,Piscivorous fish,0.0,0.11249999999999999,0.0375,0.0375,0.0,0.23263031214143925,6.317200013095103e-09,0.0,0.0
266_266_Kuosheng_Bay_(1998),SM,0.75,14,1.0244,3.0368,0.48027200000000003,0.41412800052,0.60736,1.40503991,0.52,0.0,0.0,Benthic-feeding fish,0.0,0.39,0.13,0.13,0.0,0.5957360401015228,-5.200000430249929e-10,9.000000011916143e-08,0.0
266_266_Kuosheng_Bay_(1998),SM,0.75,13,0.8256,4.32,0.5591039999999999,0.2064960204288,0.8640000000000001,2.6303997,0.24,0.0,0.0,Zooplanktivorous fish,0.0,0.18,0.06,0.06,0.0,0.7498836961860464,-2.0428799873961623e-08,2.9999999995311555e-07,0.0
266_266_Kuosheng_Bay_(1998),SM,0.75,12,0.9434,10.68,0.6204000000000001,0.32049993124000004,2.136,7.60060024,0.01,0.0,0.0,Herbivorous fish,0.0,0.0075,0.0025,0.0025,0.0,0.6602714317998728,6.875999991606818e-08,-2.400000012059422e-07,0.0
266_266_Kuosheng_Bay_(1998),SM,0.75,11,0.5365,3.7,0.0,0.5365,0.7400000000000001,2.4235,0.0,0.0,0.0,Holothuroids,0.0,0.0,0.0,0.0,0.0,0.0,0.0,-4.440892098500626e-16,0.0
266_266_Kuosheng_Bay_(1998),SM,0.75,10,4.015,38.5,0.69376,3.321240051745,7.7,26.785,0.0,0.0,0.0,Crabs,0.0,0.0,0.0,0.0,0.0,0.17279201700000002,-5.174500028459761e-08,0.0,0.0
266_266_Kuosheng_Bay_(1998),SM,0.75,9,10.1875,105.95,1.574432,8.613067861375,21.19,74.5724945,0.0,0.0,0.0,Shrimp,0.0,0.0,0.0,0.0,0.0,0.15454548599999995,1.3862499947947526e-07,5.50000000032469e-06,0.0
266_266_Kuosheng_Bay_(1998),SM,0.75,8,11.8665,61.529999999999994,0.30368,11.562820007895,12.306,37.3575,0.0,0.0,0.0,Bivalves,0.0,0.0,0.0,0.0,0.0,0.025591370000000002,-7.89500020914602e-09,-7.105427357601002e-15,0.0
266_266_Kuosheng_Bay_(1998),SM,0.75,7,10.802000000000001,46.154,0.394784,10.4072160308336,9.2308,26.1211967,0.0,0.0,0.0,Gastropods,0.0,0.0,0.0,0.0,0.0,0.0365473032000001,-3.0833598785307004e-08,3.3000000030369847e-06,0.0
266_266_Kuosheng_Bay_(1998),SM,0.75,6,9.316,22.0296,1.54,7.776000127740001,4.40592,8.30768,0.0,0.0,0.0,Bernacles,0.0,0.0,0.0,0.0,0.0,0.16530698499999996,-1.2773999991111396e-07,-1.7763568394002505e-15,0.0
266_266_Kuosheng_Bay_(1998),SM,0.75,5,52.0,260.0,28.698999999999998,23.301000111999997,52.0,156.0,0.0,0.0,0.0,Infauna,0.0,0.0,0.0,0.0,0.0,0.551903844,-1.1199999505606684e-07,0.0,0.0
266_266_Kuosheng_Bay_(1998),SM,0.75,4,1372.0,3584.0,792.7720360000002,579.2279416000001,716.8000000000001,1495.2,0.0,0.0,0.0,Carnivorous zooplankton,0.0,0.0,0.0,0.0,0.0,0.5778222,2.2399999579647556e-05,-2.2737367544323206e-13,0.0
266_266_Kuosheng_Bay_(1998),SM,0.75,3,3958.5000000000005,10556.0,2739.59414,1218.90567435,2111.2000000000003,4486.3,0.0,0.0,0.0,Herbivorous zooplankton,0.0,0.0,0.0,0.0,0.0,0.6920789,0.0001856500002759276,-9.094947017729282e-13,0.0
266_266_Kuosheng_Bay_(1998),SM,0.75,2,45.64,45.64,16.207800000000002,29.4321992874,0.0,0.0,0.0,0.0,0.0,Periphyton,0.0,0.0,0.0,0.0,0.0,0.35512271500000003,7.125999985646558e-07,0.0,0.0
266_266_Kuosheng_Bay_(1998),SM,0.75,1,6664.0,6664.0,3216.527208,3447.4724592000002,0.0,0.0,0.0,0.0,0.0,Phytoplankton,0.0,0.0,0.0,0.0,0.0,0.4826722,0.0003328000002511544,0.0,0.0
266_266_Kuosheng_Bay_(1998),SE,0.75,18,-0.0,-0.0,0.0,0.0,0.0,0.0,0.0,0.0,0.0,diet_import,0.0,0.0,0.0,0.0,0.0,,-0.0,0.0,0.0
266_266_Kuosheng_Bay_(1998),SE,0.75,17,8281.162622539883,8281.162622539883,7900.977784,0.0,0.0,0.0,0.0,380.18483853988346,0.0,Detritus,0.0,0.0,0.0,0.0,0.0,1.0,0.0,0.0,0.0
266_266_Kuosheng_Bay_(1998),SE,0.75,16,0.4676,3.6400000000000006,0.15600000000000003,0.011599965022799991,0.7280000000000002,2.4444,0.3,0.0,0.0,Detritivorous fish,0.22499999999999998,0.22499999999999998,0.075,0.075,0.0,0.975192547,3.497720002521021e-08,4.440892098500626e-16,0.0
266_266_Kuosheng_Bay_(1998),SE,0.75,15,0.1612,1.56,0.0,0.0111999936828,0.31200000000000006,1.0868,0.15,0.0,0.0,Piscivorous fish,0.11249999999999999,0.11249999999999999,0.0375,0.0375,0.0,0.930521131,6.317200013095103e-09,0.0,0.0
266_266_Kuosheng_Bay_(1998),SE,0.75,14,1.0244,3.0368,0.48027200000000003,0.024128000519999998,0.60736,1.40503991,0.52,0.0,0.0,Benthic-feeding fish,0.39,0.39,0.13,0.13,0.0,0.9764467,-5.200000430249929e-10,9.000000011916143e-08,0.0
266_266_Kuosheng_Bay_(1998),SE,0.75,13,0.8256,4.32,0.5591039999999999,0.02649602042880001,0.8640000000000001,2.6303997,0.24,0.0,0.0,Zooplanktivorous fish,0.18,0.18,0.06,0.06,0.0,0.967906952,-2.0428799873961623e-08,2.9999999995311555e-07,0.0
266_266_Kuosheng_Bay_(1998),SE,0.75,12,0.9434,10.68,0.6204000000000001,0.31299993124000003,2.136,7.60060024,0.01,0.0,0.0,Herbivorous fish,0.0075,0.0075,0.0025,0.0025,0.0,0.6682214,6.876000002709048e-08,-2.400000012059422e-07,0.0
266_266_Kuosheng_Bay_(1998),SE,0.75,11,0.5365,3.7,0.0,0.5365,0.7400000000000001,2.4235,0.0,0.0,0.0,Holothuroids,0.0,0.0,0.0,0.0,0.0,0.0,0.0,-4.440892098500626e-16,0.0
266_266_Kuosheng_Bay_(1998),SE,0.75,10,4.015,38.5,0.69376,3.321240051745,7.7,26.785,0.0,0.0,0.0,Crabs,0.0,0.0,0.0,0.0,0.0,0.17279201700000002,-5.174500028459761e-08,0.0,0.0
266_266_Kuosheng_Bay_(1998),SE,0.75,9,10.1875,105.95,1.574432,8.613067861375,21.19,74.5724945,0.0,0.0,0.0,Shrimp,0.0,0.0,0.0,0.0,0.0,0.15454548599999995,1.3862499947947526e-07,5.50000000032469e-06,0.0
266_266_Kuosheng_Bay_(1998),SE,0.75,8,11.8665,61.529999999999994,0.30368,11.562820007895,12.306,37.3575,0.0,0.0,0.0,Bivalves,0.0,0.0,0.0,0.0,0.0,0.025591370000000002,-7.89500020914602e-09,-7.105427357601002e-15,0.0
266_266_Kuosheng_Bay_(1998),SE,0.75,7,10.802000000000001,46.154,0.394784,10.4072160308336,9.2308,26.1211967,0.0,0.0,0.0,Gastropods,0.0,0.0,0.0,0.0,0.0,0.0365473032000001,-3.0833598785307004e-08,3.3000000030369847e-06,0.0
266_266_Kuosheng_Bay_(1998),SE,0.75,6,9.316,22.0296,1.54,7.776000127740001,4.40592,8.30768,0.0,0.0,0.0,Bernacles,0.0,0.0,0.0,0.0,0.0,0.16530698499999996,-1.2773999991111396e-07,-1.7763568394002505e-15,0.0
266_266_Kuosheng_Bay_(1998),SE,0.75,5,52.0,260.0,28.698999999999998,23.301000111999997,52.0,156.0,0.0,0.0,0.0,Infauna,0.0,0.0,0.0,0.0,0.0,0.551903844,-1.1199999505606684e-07,0.0,0.0
266_266_Kuosheng_Bay_(1998),SE,0.75,4,1372.0,3584.0,792.7720360000002,579.2279416000001,716.8000000000001,1495.2,0.0,0.0,0.0,Carnivorous zooplankton,0.0,0.0,0.0,0.0,0.0,0.5778222,2.2399999579647556e-05,-2.2737367544323206e-13,0.0
266_266_Kuosheng_Bay_(1998),SE,0.75,3,3958.5000000000005,10556.0,2739.59414,1218.90567435,2111.2000000000003,4486.3,0.0,0.0,0.0,Herbivorous zooplankton,0.0,0.0,0.0,0.0,0.0,0.6920789,0.0001856500002759276,-9.094947017729282e-13,0.0
266_266_Kuosheng_Bay_(1998),SE,0.75,2,45.64,45.64,16.207800000000002,29.4321992874,0.0,0.0,0.0,0.0,0.0,Periphyton,0.0,0.0,0.0,0.0,0.0,0.35512271500000003,7.125999985646558e-07,0.0,0.0
266_266_Kuosheng_Bay_(1998),SE,0.75,1,6664.0,6664.0,3216.527208,3447.4724592000002,0.0,0.0,0.0,0.0,0.0,Phytoplankton,0.0,0.0,0.0,0.0,0.0,0.4826722,0.0003328000002511544,0.0,0.0
266_266_Kuosheng_Bay_(1998),SC,1.0,18,-0.0,-0.0,0.0,0.0,0.0,0.0,0.0,0.0,0.0,diet_import,0.0,0.0,0.0,0.0,0.0,,-0.0,0.0,0.0
266_266_Kuosheng_Bay_(1998),SC,1.0,17,8281.162622539883,8281.162622539883,7900.977784,0.0,0.0,0.0,0.0,380.18483853988346,0.0,Detritus,0.0,0.0,0.0,0.0,0.0,1.0,0.0,0.0,0.0
266_266_Kuosheng_Bay_(1998),SC,1.0,16,0.4676,3.6400000000000006,0.15600000000000003,0.011599965022799991,0.7280000000000002,2.4444,0.3,0.0,0.0,Detritivorous fish,0.0,0.3,0.0,0.3,0.0,0.975192547,3.497720002521021e-08,4.440892098500626e-16,0.0
266_266_Kuosheng_Bay_(1998),SC,1.0,15,0.1612,1.56,0.0,0.0111999936828,0.31200000000000006,1.0868,0.15,0.0,0.0,Piscivorous fish,0.0,0.15,0.0,0.15,0.0,0.930521131,6.317200013095103e-09,0.0,0.0
266_266_Kuosheng_Bay_(1998),SC,1.0,14,1.0244,3.0368,0.48027200000000003,0.024128000519999998,0.60736,1.40503991,0.52,0.0,0.0,Benthic-feeding fish,0.0,0.52,0.0,0.52,0.0,0.9764467,-5.200000430249929e-10,9.000000011916143e-08,0.0
266_266_Kuosheng_Bay_(1998),SC,1.0,13,0.8256,4.32,0.5591039999999999,0.02649602042880001,0.8640000000000001,2.6303997,0.24,0.0,0.0,Zooplanktivorous fish,0.0,0.24,0.0,0.24,0.0,0.967906952,-2.0428799984983925e-08,2.9999999995311555e-07,0.0
266_266_Kuosheng_Bay_(1998),SC,1.0,12,0.9434,10.68,0.6204000000000001,0.31299993124000003,2.136,7.60060024,0.01,0.0,0.0,Herbivorous fish,0.0,0.01,0.0,0.01,0.0,0.6682214,6.875999991606818e-08,-2.400000012059422e-07,0.0
266_266_Kuosheng_Bay_(1998),SC,1.0,11,0.5365,3.7,0.0,0.5365,0.7400000000000001,2.4235,0.0,0.0,0.0,Holothuroids,0.0,0.0,0.0,0.0,0.0,0.0,0.0,-4.440892098500626e-16,0.0
266_266_Kuosheng_Bay_(1998),SC,1.0,10,4.015,38.5,0.69376,3.321240051745,7.7,26.785,0.0,0.0,0.0,Crabs,0.0,0.0,0.0,0.0,0.0,0.17279201700000002,-5.174500028459761e-08,0.0,0.0
266_266_Kuosheng_Bay_(1998),SC,1.0,9,10.1875,105.95,1.574432,8.613067861375,21.19,74.5724945,0.0,0.0,0.0,Shrimp,0.0,0.0,0.0,0.0,0.0,0.15454548599999995,1.3862499947947526e-07,5.50000000032469e-06,0.0
266_266_Kuosheng_Bay_(1998),SC,1.0,8,11.8665,61.529999999999994,0.30368,11.562820007895,12.306,37.3575,0.0,0.0,0.0,Bivalves,0.0,0.0,0.0,0.0,0.0,0.025591370000000002,-7.89500020914602e-09,-7.105427357601002e-15,0.0
266_266_Kuosheng_Bay_(1998),SC,1.0,7,10.802000000000001,46.154,0.394784,10.4072160308336,9.2308,26.1211967,0.0,0.0,0.0,Gastropods,0.0,0.0,0.0,0.0,0.0,0.0365473032000001,-3.0833598785307004e-08,3.3000000030369847e-06,0.0
266_266_Kuosheng_Bay_(1998),SC,1.0,6,9.316,22.0296,1.54,7.776000127740001,4.40592,8.30768,0.0,0.0,0.0,Bernacles,0.0,0.0,0.0,0.0,0.0,0.16530698499999996,-1.2773999991111396e-07,-1.7763568394002505e-15,0.0
266_266_Kuosheng_Bay_(1998),SC,1.0,5,52.0,260.0,28.698999999999998,23.301000111999997,52.0,156.0,0.0,0.0,0.0,Infauna,0.0,0.0,0.0,0.0,0.0,0.551903844,-1.1199999505606684e-07,0.0,0.0
266_266_Kuosheng_Bay_(1998),SC,1.0,4,1372.0,3584.0,792.7720360000002,579.2279416000001,716.8000000000001,1495.2,0.0,0.0,0.0,Carnivorous zooplankton,0.0,0.0,0.0,0.0,0.0,0.5778222,2.2399999579647556e-05,-2.2737367544323206e-13,0.0
266_266_Kuosheng_Bay_(1998),SC,1.0,3,3958.5000000000005,10556.0,2739.59414,1218.90567435,2111.2000000000003,4486.3,0.0,0.0,0.0,Herbivorous zooplankton,0.0,0.0,0.0,0.0,0.0,0.6920789,0.0001856500002759276,-9.094947017729282e-13,0.0
266_266_Kuosheng_Bay_(1998),SC,1.0,2,45.64,45.64,16.207800000000002,29.4321992874,0.0,0.0,0.0,0.0,0.0,Periphyton,0.0,0.0,0.0,0.0,0.0,0.35512271500000003,7.125999985646558e-07,0.0,0.0
266_266_Kuosheng_Bay_(1998),SC,1.0,1,6664.0,6664.0,3216.527208,3447.4724592000002,0.0,0.0,0.0,0.0,0.0,Phytoplankton,0.0,0.0,0.0,0.0,0.0,0.4826722,0.0003328000002511544,0.0,0.0
266_266_Kuosheng_Bay_(1998),SM,1.0,18,-0.0,-0.0,0.0,0.0,0.0,0.0,0.0,0.0,0.0,diet_import,0.0,0.0,0.0,0.0,0.0,,-0.0,0.0,0.0
266_266_Kuosheng_Bay_(1998),SM,1.0,17,8282.382622539884,8282.382622539884,7900.977784,0.0,0.0,0.0,0.0,381.4048385398846,0.0,Detritus,0.0,0.0,0.0,0.0,0.0,1.0,0.0,0.0,0.0
266_266_Kuosheng_Bay_(1998),SM,1.0,16,0.4676,3.6400000000000006,0.15600000000000003,0.31159996502279996,0.7280000000000002,2.4444,0.3,0.0,0.0,Detritivorous fish,0.0,0.3,0.0,0.0,0.0,0.33361855213259206,3.497720002521021e-08,4.440892098500626e-16,0.0
266_266_Kuosheng_Bay_(1998),SM,1.0,15,0.1612,1.56,0.0,0.1611999936828,0.31200000000000006,1.0868,0.15,0.0,0.0,Piscivorous fish,0.0,0.15,0.0,0.0,0.0,3.91885857098373e-08,6.317200013095103e-09,0.0,0.0
266_266_Kuosheng_Bay_(1998),SM,1.0,14,1.0244,3.0368,0.48027200000000003,0.54412800052,0.60736,1.40503991,0.52,0.0,0.0,Benthic-feeding fish,0.0,0.52,0.0,0.0,0.0,0.4688324868020305,-5.200000430249929e-10,9.000000011916143e-08,0.0
266_266_Kuosheng_Bay_(1998),SM,1.0,13,0.8256,4.32,0.5591039999999999,0.2664960204288,0.8640000000000001,2.6303997,0.24,0.0,0.0,Zooplanktivorous fish,0.0,0.24,0.0,0.0,0.0,0.6772092775813954,-2.0428799873961623e-08,2.9999999995311555e-07,0.0
266_266_Kuosheng_Bay_(1998),SM,1.0,12,0.9434,10.68,0.6204000000000001,0.32299993124000004,2.136,7.60060024,0.01,0.0,0.0,Herbivorous fish,0.0,0.01,0.0,0.0,0.0,0.6576214423998303,6.875999991606818e-08,-2.400000012059422e-07,0.0
266_266_Kuosheng_Bay_(1998),SM,1.0,11,0.5365,3.7,0.0,0.5365,0.7400000000000001,2.4235,0.0,0.0,0.0,Holothuroids,0.0,0.0,0.0,0.0,0.0,0.0,0.0,-4.440892098500626e-16,0.0
266_266_Kuosheng_Bay_(1998),SM,1.0,10,4.015,38.5,0.69376,3.321240051745,7.7,26.785,0.0,0.0,0.0,Crabs,0.0,0.0,0.0,0.0,0.0,0.17279201700000002,-5.174500028459761e-08,0.0,0.0
266_266_Kuosheng_Bay_(1998),SM,1.0,9,10.1875,105.95,1.574432,8.613067861375,21.19,74.5724945,0.0,0.0,0.0,Shrimp,0.0,0.0,0.0,0.0,0.0,0.15454548599999995,1.3862499947947526e-07,5.50000000032469e-06,0.0
266_266_Kuosheng_Bay_(1998),SM,1.0,8,11.8665,61.529999999999994,0.30368,11.562820007895,12.306,37.3575,0.0,0.0,0.0,Bivalves,0.0,0.0,0.0,0.0,0.0,0.025591370000000002,-7.89500020914602e-09,-7.105427357601002e-15,0.0
266_266_Kuosheng_Bay_(1998),SM,1.0,7,10.802000000000001,46.154,0.394784,10.4072160308336,9.2308,26.1211967,0.0,0.0,0.0,Gastropods,0.0,0.0,0.0,0.0,0.0,0.0365473032000001,-3.0833598785307004e-08,3.3000000030369847e-06,0.0
266_266_Kuosheng_Bay_(1998),SM,1.0,6,9.316,22.0296,1.54,7.776000127740001,4.40592,8.30768,0.0,0.0,0.0,Bernacles,0.0,0.0,0.0,0.0,0.0,0.16530698499999996,-1.2773999991111396e-07,-1.7763568394002505e-15,0.0
266_266_Kuosheng_Bay_(1998),SM,1.0,5,52.0,260.0,28.698999999999998,23.301000111999997,52.0,156.0,0.0,0.0,0.0,Infauna,0.0,0.0,0.0,0.0,0.0,0.551903844,-1.1199999505606684e-07,0.0,0.0
266_266_Kuosheng_Bay_(1998),SM,1.0,4,1372.0,3584.0,792.7720360000002,579.2279416000001,716.8000000000001,1495.2,0.0,0.0,0.0,Carnivorous zooplankton,0.0,0.0,0.0,0.0,0.0,0.5778222,2.2399999579647556e-05,-2.2737367544323206e-13,0.0
266_266_Kuosheng_Bay_(1998),SM,1.0,3,3958.5000000000005,10556.0,2739.59414,1218.90567435,2111.2000000000003,4486.3,0.0,0.0,0.0,Herbivorous zooplankton,0.0,0.0,0.0,0.0,0.0,0.6920789,0.0001856500002759276,-9.094947017729282e-13,0.0
266_266_Kuosheng_Bay_(1998),SM,1.0,2,45.64,45.64,16.207800000000002,29.4321992874,0.0,0.0,0.0,0.0,0.0,Periphyton,0.0,0.0,0.0,0.0,0.0,0.35512271500000003,7.125999985646558e-07,0.0,0.0
266_266_Kuosheng_Bay_(1998),SM,1.0,1,6664.0,6664.0,3216.527208,3447.4724592000002,0.0,0.0,0.0,0.0,0.0,Phytoplankton,0.0,0.0,0.0,0.0,0.0,0.4826722,0.0003328000002511544,0.0,0.0
266_266_Kuosheng_Bay_(1998),SE,1.0,18,-0.0,-0.0,0.0,0.0,0.0,0.0,0.0,0.0,0.0,diet_import,0.0,0.0,0.0,0.0,0.0,,-0.0,0.0,0.0
266_266_Kuosheng_Bay_(1998),SE,1.0,17,8281.162622539883,8281.162622539883,7900.977784,0.0,0.0,0.0,0.0,380.18483853988346,0.0,Detritus,0.0,0.0,0.0,0.0,0.0,1.0,0.0,0.0,0.0
266_266_Kuosheng_Bay_(1998),SE,1.0,16,0.4676,3.6400000000000006,0.15600000000000003,0.011599965022799991,0.7280000000000002,2.4444,0.3,0.0,0.0,Detritivorous fish,0.3,0.3,0.0,0.0,0.0,0.975192547,3.497720002521021e-08,4.440892098500626e-16,0.0
266_266_Kuosheng_Bay_(1998),SE,1.0,15,0.1612,1.56,0.0,0.0111999936828,0.31200000000000006,1.0868,0.15,0.0,0.0,Piscivorous fish,0.15,0.15,0.0,0.0,0.0,0.930521131,6.317200013095103e-09,0.0,0.0
266_266_Kuosheng_Bay_(1998),SE,1.0,14,1.0244,3.0368,0.48027200000000003,0.024128000519999998,0.60736,1.40503991,0.52,0.0,0.0,Benthic-feeding fish,0.52,0.52,0.0,0.0,0.0,0.9764467,-5.200000430249929e-10,9.000000011916143e-08,0.0
266_266_Kuosheng_Bay_(1998),SE,1.0,13,0.8256,4.32,0.5591039999999999,0.02649602042880001,0.8640000000000001,2.6303997,0.24,0.0,0.0,Zooplanktivorous fish,0.24,0.24,0.0,0.0,0.0,0.967906952,-2.0428799984983925e-08,2.9999999995311555e-07,0.0
266_266_Kuosheng_Bay_(1998),SE,1.0,12,0.9434,10.68,0.6204000000000001,0.31299993124000003,2.136,7.60060024,0.01,0.0,0.0,Herbivorous fish,0.01,0.01,0.0,0.0,0.0,0.6682214,6.875999991606818e-08,-2.400000012059422e-07,0.0
266_266_Kuosheng_Bay_(1998),SE,1.0,11,0.5365,3.7,0.0,0.5365,0.7400000000000001,2.4235,0.0,0.0,0.0,Holothuroids,0.0,0.0,0.0,0.0,0.0,0.0,0.0,-4.440892098500626e-16,0.0
266_266_Kuosheng_Bay_(1998),SE,1.0,10,4.015,38.5,0.69376,3.321240051745,7.7,26.785,0.0,0.0,0.0,Crabs,0.0,0.0,0.0,0.0,0.0,0.17279201700000002,-5.174500028459761e-08,0.0,0.0
266_266_Kuosheng_Bay_(1998),SE,1.0,9,10.1875,105.95,1.574432,8.613067861375,21.19,74.5724945,0.0,0.0,0.0,Shrimp,0.0,0.0,0.0,0.0,0.0,0.15454548599999995,1.3862499947947526e-07,5.50000000032469e-06,0.0
266_266_Kuosheng_Bay_(1998),SE,1.0,8,11.8665,61.529999999999994,0.30368,11.562820007895,12.306,37.3575,0.0,0.0,0.0,Bivalves,0.0,0.0,0.0,0.0,0.0,0.025591370000000002,-7.89500020914602e-09,-7.105427357601002e-15,0.0
266_266_Kuosheng_Bay_(1998),SE,1.0,7,10.802000000000001,46.154,0.394784,10.4072160308336,9.2308,26.1211967,0.0,0.0,0.0,Gastropods,0.0,0.0,0.0,0.0,0.0,0.0365473032000001,-3.0833598785307004e-08,3.3000000030369847e-06,0.0
266_266_Kuosheng_Bay_(1998),SE,1.0,6,9.316,22.0296,1.54,7.776000127740001,4.40592,8.30768,0.0,0.0,0.0,Bernacles,0.0,0.0,0.0,0.0,0.0,0.16530698499999996,-1.2773999991111396e-07,-1.7763568394002505e-15,0.0
266_266_Kuosheng_Bay_(1998),SE,1.0,5,52.0,260.0,28.698999999999998,23.301000111999997,52.0,156.0,0.0,0.0,0.0,Infauna,0.0,0.0,0.0,0.0,0.0,0.551903844,-1.1199999505606684e-07,0.0,0.0
266_266_Kuosheng_Bay_(1998),SE,1.0,4,1372.0,3584.0,792.7720360000002,579.2279416000001,716.8000000000001,1495.2,0.0,0.0,0.0,Carnivorous zooplankton,0.0,0.0,0.0,0.0,0.0,0.5778222,2.2399999579647556e-05,-2.2737367544323206e-13,0.0
266_266_Kuosheng_Bay_(1998),SE,1.0,3,3958.5000000000005,10556.0,2739.59414,1218.90567435,2111.2000000000003,4486.3,0.0,0.0,0.0,Herbivorous zooplankton,0.0,0.0,0.0,0.0,0.0,0.6920789,0.0001856500002759276,-9.094947017729282e-13,0.0
266_266_Kuosheng_Bay_(1998),SE,1.0,2,45.64,45.64,16.207800000000002,29.4321992874,0.0,0.0,0.0,0.0,0.0,Periphyton,0.0,0.0,0.0,0.0,0.0,0.35512271500000003,7.125999985646558e-07,0.0,0.0
266_266_Kuosheng_Bay_(1998),SE,1.0,1,6664.0,6664.0,3216.527208,3447.4724592000002,0.0,0.0,0.0,0.0,0.0,Phytoplankton,0.0,0.0,0.0,0.0,0.0,0.4826722,0.0003328000002511544,0.0,0.0
