{"features": [{"geometry": {"coordinates": [[[[-57.078, 10.693], [-57.156, 10.695], [-57.114, 10.976], [-57.979, 11.062], [-60.289, 12.333], [-60.372, 12.959], [-60.363, 13.303], [-60.2, 13.722], [-60, 14.114], [-58.912, 15.146], [-58.162, 15.759], [-57.549, 16.027], [-56.781, 15.289], [-56.437, 14.802], [-56.191, 14.273], [-56.043, 13.706], [-56, 13.123], [-56.061, 12.54], [-56.222, 11.981], [-56.489, 11.439], [-56.846, 10.95], [-57.078, 10.693]], [[-59.525, 13.045], [-59.419, 13.156], [-59.53, 13.219], [-59.62, 13.335], [-59.651, 13.307], [-59.633, 13.102], [-59.525, 13.045]]]], "type": "MultiPolygon"}, "properties": {"long_title": null, "region": "eez", "region_id": 52, "title": "Barbados"}, "type": "Feature"}, {"geometry": {"coordinates": [[[[-177.488, -3.005], [-178.075, -2.754], [-178.606, -2.393], [-179.075, -1.916], [-179.426, -1.381], [-179.67, -0.787], [-179.928, 0.286], [-179.968, 0.897], [-179.89, 1.538], [-179.694, 2.148], [-179.369, 2.734], [-178.934, 3.243], [-178.407, 3.654], [-177.835, 3.941], [-177.218, 4.113], [-176.581, 4.164], [-175.918, 4.085], [-175.359, 3.907], [-174.82, 3.621], [-174.264, 3.171], [-173.926, 2.771], [-173.64, 2.297], [-173.445, 1.81], [-173.205, 0.833], [-173.144, 0.253], [-173.758, -0.731], [-177.279, -2.942], [-177.488, -3.005]]]], "type": "MultiPolygon"}, "properties": {"long_title": null, "region": "eez", "region_id": 846, "title": "Howland & Baker Isl. (USA)"}, "type": "Feature"}, {"geometry": {"coordinates": [[[[109.035, -11.119], [108.853, -11.729], [108.529, -12.368], [108.125, -12.88], [107.626, -13.305], [107.039, -13.632], [106.411, -13.836], [105.761, -13.917], [105.078, -13.871], [104.433, -13.698], [103.765, -13.373], [103.229, -12.974], [102.795, -12.492], [102.457, -11.922], [102.241, -11.302], [102.152, -10.652], [102.194, -9.985], [102.344, -9.39], [102.569, -8.872], [104.273, -8.735], [105.3, -8.726], [106.181, -8.932], [106.823, -9.132], [107.726, -9.826], [109.035, -11.119]], [[105.698, -10.412], [105.614, -10.465], [105.551, -10.441], [105.533, -10.513], [105.619, -10.514], [105.666, -10.569], [105.675, -10.502], [105.713, -10.469], [105.698, -10.412]]]], "type": "MultiPolygon"}, "properties": {"long_title": null, "region": "eez", "region_id": 162, "title": "Christmas Isl. (Australia)"}, "type": "Feature"}, {"geometry": {"coordinates": [[[[100.211, -13.096], [99.951, -13.744], [99.565, -14.322], [99.057, -14.816], [98.456, -15.194], [97.79, -15.443], [97.083, -15.554], [96.342, -15.521], [95.66, -15.351], [95.025, -15.046], [94.491, -14.641], [94.031, -14.121], [93.693, -13.53], [93.493, -12.923], [93.413, -12.286], [93.441, -11.44], [93.506, -11.085], [93.613, -10.728], [93.9, -10.121], [94.298, -9.587], [94.792, -9.141], [95.361, -8.801], [95.989, -8.575], [96.658, -8.476], [97.335, -8.511], [97.978, -8.673], [98.569, -8.952], [99.087, -9.329], [99.528, -9.801], [99.866, -10.336], [100.087, -10.889], [100.238, -11.411], [100.31, -11.8], [100.325, -12.454], [100.211, -13.096]], [[96.89, -12.103], [96.927, -12.182], [96.894, -12.209], [96.93, -12.178], [96.89, -12.103]], [[96.831, -12.162], [96.821, -12.134], [96.819, -12.183], [96.863, -12.202], [96.831, -12.162]]]], "type": "MultiPolygon"}, "properties": {"long_title": null, "region": "eez", "region_id": 166, "title": "Cocos (Keeling) Isl. (Australia)"}, "type": "Feature"}, {"geometry": {"coordinates": [[[[-155.49, -11.413], [-155.707, -11.632], [-156.19, -11.976], [-156.724, -12.231], [-157.296, -12.39], [-157.924, -12.451], [-158.249, -12.428], [-158.348, -12.569], [-158.77, -12.989], [-159.254, -13.326], [-159.621, -13.497], [-159.649, -13.846], [-159.795, -14.409], [-160.042, -14.938], [-160.381, -15.419], [-160.549, -15.583], [-160.4, -15.544], [-159.8, -15.491], [-159.196, -15.537], [-158.612, -15.68], [-158.128, -15.869], [-157.869, -16.405], [-157.246, -17.318], [-156.042, -18.346], [-155.174, -18.92], [-154.806, -19.257], [-156.323, -21.406], [-156.142, -24.894], [-156.599, -25.059], [-157.216, -25.216], [-157.911, -25.277], [-158.554, -25.229], [-159.174, -25.078], [-159.763, -24.827], [-160.163, -24.569], [-160.421, -24.545], [-161.092, -24.372], [-161.665, -24.118], [-162.178, -23.775], [-162.62, -23.351], [-162.973, -22.858], [-163.223, -22.325], [-163.367, -21.76], [-163.39, -21.435], [-163.745, -21.412], [-164.37, -21.266], [-164.937, -21.026], [-165.449, -20.697], [-165.89, -20.288], [-166.246, -19.813], [-166.313, -19.694], [-166.643, -17.558], [-165.201, -15.646], [-165.622, -14.058], [-167.422, -12.478], [-168.173, -12.032], [-168.466, -11.731], [-168.524, -10.024], [-167.989, -8.308], [-167.476, -7.971], [-166.931, -7.73], [-166.363, -7.588], [-165.776, -7.544], [-165.193, -7.601], [-164.628, -7.756], [-164.099, -8.005], [-163.885, -8.155], [-163.677, -7.864], [-163.26, -7.453], [-162.779, -7.122], [-162.249, -6.877], [-161.684, -6.727], [-161.102, -6.676], [-160.538, -6.723], [-160.235, -6.42], [-159.758, -6.085], [-159.262, -5.853], [-157.418, -7.009], [-154.927, -8.475], [-155.49, -11.413]], [[-161.033, -10.425], [-161.029, -10.404], [-161.038, -10.442], [-160.996, -10.462], [-161.033, -10.425]], [[-159.78, -18.833], [-159.791, -18.893], [-159.767, -18.832], [-159.753, -18.849], [-159.78, -18.833]], [[-157.709, -19.838], [-157.711, -19.898], [-157.678, -19.861], [-157.709, -19.838]], [[-158.125, -19.965], [-158.142, -20], [-158.116, -20.029], [-158.081, -20.004], [-158.125, -19.965]], [[-157.347, -20.187], [-157.321, -20.156], [-157.354, -20.132], [-157.347, -20.187]], [[-159.801, -21.199], [-159.832, -21.218], [-159.819, -21.257], [-159.73, -21.265], [-159.732, -21.216], [-159.801, -21.199]], [[-157.915, -21.891], [-157.959, -21.942], [-157.879, -21.956], [-157.915, -21.891]]]], "type": "MultiPolygon"}, "properties": {"long_title": null, "region": "eez", "region_id": 184, "title": "Cook Islands"}, "type": "Feature"}, {"geometry": {"coordinates": [[[[-87.147, 2.151], [-86.353, 0.951], [-86.108, 0.425], [-85.958, -0.135], [-85.907, -0.713], [-85.957, -1.291], [-86.106, -1.852], [-86.351, -2.378], [-86.734, -3.07], [-87.066, -3.546], [-87.477, -3.957], [-87.952, -4.291], [-88.479, -4.537], [-89.041, -4.687], [-89.621, -4.738], [-91.021, -4.639], [-91.583, -4.488], [-92.05, -4.287], [-92.537, -4.157], [-93.063, -3.911], [-93.595, -3.54], [-94.005, -3.13], [-94.375, -2.602], [-94.645, -2.031], [-94.947, -0.905], [-95.294, 1.074], [-95.346, 1.652], [-95.296, 2.241], [-95.147, 2.802], [-94.903, 3.328], [-94.571, 3.804], [-94.161, 4.215], [-93.685, 4.549], [-93.158, 4.795], [-92.596, 4.946], [-92.008, 4.998], [-91.427, 4.947], [-90.865, 4.797], [-90.309, 4.572], [-89.428, 3.422], [-87.147, 2.151]], [[-90.782, 0.641], [-90.781, 0.553], [-90.723, 0.54], [-90.73, 0.599], [-90.782, 0.641]], [[-90.48, 0.388], [-90.543, 0.345], [-90.476, 0.277], [-90.401, 0.322], [-90.48, 0.388]], [[-89.95, 0.347], [-89.979, 0.317], [-89.948, 0.299], [-89.95, 0.347]], [[-90.284, -0.413], [-90.294, -0.484], [-90.247, -0.464], [-90.284, -0.413]], [[-90.047, -0.84], [-90.036, -0.803], [-90.089, -0.799], [-90.091, -0.827], [-90.047, -0.84]], [[-90.657, -0.635], [-90.646, -0.604], [-90.683, -0.592], [-90.657, -0.635]], [[-91.507, -0.507], [-91.429, -0.496], [-91.388, -0.456], [-91.38, -0.35], [-91.41, -0.29], [-91.459, -0.26], [-91.656, -0.304], [-91.611, -0.48], [-91.507, -0.507]], [[-90.428, -1.22], [-90.479, -1.233], [-90.512, -1.315], [-90.446, -1.363], [-90.352, -1.277], [-90.428, -1.22]], [[-89.662, -1.348], [-89.747, -1.37], [-89.63, -1.411], [-89.662, -1.348]], [[-91.347, -0.319], [-91.226, -0.394], [-91.221, -0.478], [-91.072, -0.616], [-91.17, -0.688], [-91.22, -0.667], [-91.32, -0.691], [-91.434, -0.787], [-91.513, -0.9], [-91.441, -1.001], [-91.177, -1.052], [-91.061, -1.013], [-90.985, -0.948], [-90.96, -0.976], [-90.849, -0.915], [-90.786, -0.743], [-90.854, -0.703], [-90.894, -0.608], [-90.934, -0.626], [-90.98, -0.577], [-90.949, -0.546], [-90.948, -0.428], [-91.176, -0.22], [-91.198, -0.022], [-91.289, 0.062], [-91.342, 0.168], [-91.49, 0.1], [-91.522, 0.037], [-91.595, -0.01], [-91.563, -0.054], [-91.471, -0.015], [-91.42, -0.031], [-91.388, -0.261], [-91.347, -0.319]], [[-90.701, -0.185], [-90.806, -0.15], [-90.871, -0.269], [-90.832, -0.331], [-90.588, -0.371], [-90.547, -0.318], [-90.582, -0.238], [-90.701, -0.185]], [[-90.311, -0.759], [-90.242, -0.747], [-90.179, -0.67], [-90.177, -0.562], [-90.25, -0.482], [-90.513, -0.532], [-90.55, -0.629], [-90.535, -0.697], [-90.398, -0.774], [-90.311, -0.759]], [[-89.351, -0.824], [-89.256, -0.744], [-89.252, -0.697], [-89.353, -0.685], [-89.439, -0.735], [-89.476, -0.81], [-89.542, -0.818], [-89.629, -0.918], [-89.531, -0.956], [-89.433, -0.934], [-89.351, -0.824]]]], "type": "MultiPolygon"}, "properties": {"long_title": null, "region": "eez", "region_id": 219, "title": "Galapagos Isl. (Ecuador)"}, "type": "Feature"}, {"geometry": {"coordinates": [[[[-58.58, -56.245], [-60.398, -54.775], [-61.517, -53.789], [-63.489, -52.947], [-64.52, -52.562], [-64.689, -52.472], [-64.764, -52.387], [-64.926, -51.565], [-65.004, -51.366], [-64.571, -50.317], [-63.206, -49.229], [-60.776, -47.68], [-60.319, -47.717], [-59.385, -47.866], [-58.414, -47.881], [-56.506, -48.156], [-55.687, -48.358], [-54.925, -48.646], [-54.24, -49.014], [-53.569, -49.504], [-52.964, -50.102], [-52.617, -50.639], [-52.357, -51.357], [-52.311, -51.937], [-52.43, -52.512], [-52.714, -53.065], [-53.22, -53.632], [-53.824, -54.088], [-54.029, -54.195], [-54.134, -54.38], [-54.612, -54.889], [-55.249, -55.338], [-56.026, -55.714], [-56.92, -56], [-57.9, -56.188], [-58.58, -56.245]], [[-59.12, -52.449], [-59.059, -52.428], [-59.153, -52.437], [-59.12, -52.449]], [[-59.69, -52.39], [-59.646, -52.37], [-59.656, -52.35], [-59.744, -52.382], [-59.69, -52.39]], [[-59.757, -52.382], [-59.754, -52.348], [-59.679, -52.302], [-59.752, -52.308], [-59.765, -52.345], [-59.818, -52.36], [-59.757, -52.382]], [[-59.74, -52.295], [-59.669, -52.222], [-59.694, -52.219], [-59.697, -52.168], [-59.771, -52.173], [-59.78, -52.139], [-59.809, -52.172], [-59.741, -52.191], [-59.764, -52.271], [-59.74, -52.295]], [[-60.939, -52], [-60.845, -52.007], [-60.879, -51.962], [-60.939, -52]], [[-61.237, -51.878], [-61.204, -51.85], [-61.258, -51.858], [-61.229, -51.843], [-61.249, -51.828], [-61.191, -51.829], [-61.223, -51.797], [-61.265, -51.808], [-61.261, -51.831], [-61.305, -51.8], [-61.3, -51.825], [-61.348, -51.824], [-61.237, -51.878]], [[-61.09, -51.778], [-61.086, -51.804], [-61.034, -51.778], [-61.09, -51.778]], [[-61.191, -51.843], [-61.207, -51.867], [-61.167, -51.856], [-61.191, -51.843]], [[-61.29, -51.763], [-61.293, -51.706], [-61.241, -51.719], [-61.255, -51.7], [-61.21, -51.691], [-61.332, -51.691], [-61.29, -51.763]], [[-60.684, -51.676], [-60.656, -51.658], [-60.698, -51.604], [-60.684, -51.676]], [[-60.437, -51.605], [-60.462, -51.608], [-60.416, -51.627], [-60.437, -51.605]], [[-60.699, -51.38], [-60.662, -51.351], [-60.732, -51.326], [-60.699, -51.38]], [[-60.526, -51.316], [-60.524, -51.285], [-60.604, -51.241], [-60.607, -51.271], [-60.526, -51.316]], [[-59.703, -51.359], [-59.739, -51.316], [-59.781, -51.322], [-59.751, -51.349], [-59.831, -51.36], [-59.66, -51.371], [-59.703, -51.359]], [[-59.64, -51.368], [-59.67, -51.382], [-59.59, -51.372], [-59.64, -51.368]], [[-59.606, -51.405], [-59.643, -51.42], [-59.591, -51.425], [-59.606, -51.405]], [[-59.722, -51.423], [-59.684, -51.39], [-59.736, -51.395], [-59.722, -51.423]], [[-59.956, -51.282], [-60.045, -51.306], [-59.929, -51.357], [-59.95, -51.318], [-59.903, -51.315], [-59.956, -51.282]], [[-59.548, -51.759], [-59.627, -51.807], [-59.559, -51.807], [-59.548, -51.759]], [[-59.7, -51.936], [-59.725, -51.975], [-59.671, -51.985], [-59.7, -51.936]], [[-58.827, -52.16], [-58.826, -52.133], [-58.857, -52.215], [-58.991, -52.223], [-59.004, -52.248], [-58.865, -52.227], [-58.825, -52.202], [-58.849, -52.171], [-58.827, -52.16]], [[-61.046, -51.082], [-61.094, -51.024], [-61.134, -51.027], [-61.11, -51.049], [-61.127, -51.073], [-61.046, -51.082]], [[-59.39, -52.218], [-59.459, -52.223], [-59.423, -52.193], [-59.46, -52.192], [-59.398, -52.18], [-59.486, -52.168], [-59.437, -52.153], [-59.454, -52.128], [-59.409, -52.162], [-59.38, -52.156], [-59.41, -52.115], [-59.372, -52.145], [-59.364, -52.119], [-59.35, -52.161], [-59.291, -52.141], [-59.319, -52.184], [-59.262, -52.161], [-59.242, -52.22], [-59.193, -52.205], [-59.011, -52.256], [-59.055, -52.242], [-59.024, -52.204], [-59.105, -52.198], [-59.024, -52.144], [-59.158, -52.162], [-59.166, -52.142], [-59.068, -52.103], [-59.176, -52.099], [-59.099, -52.079], [-59.145, -52.063], [-59.135, -52.035], [-59.204, -52.076], [-59.199, -52.053], [-59.228, -52.055], [-59.182, -52.027], [-59.318, -52.013], [-59.278, -51.991], [-59.17, -52.013], [-59.178, -51.985], [-59.136, -51.982], [-59.057, -52.04], [-59.016, -52.02], [-59.018, -52.044], [-58.986, -52.045], [-58.99, -52.097], [-58.951, -52.061], [-58.929, -52.118], [-58.885, -52.074], [-58.859, -52.085], [-58.888, -52.042], [-58.747, -52.045], [-58.739, -52.079], [-58.715, -52.064], [-58.675, -52.094], [-58.694, -52.124], [-58.66, -52.142], [-58.638, -52.108], [-58.663, -52.054], [-58.637, -52.043], [-58.679, -52.027], [-58.586, -52.017], [-58.625, -52.005], [-58.607, -51.983], [-58.632, -51.963], [-58.734, -51.952], [-58.763, -51.978], [-58.893, -51.926], [-58.912, -51.901], [-58.761, -51.937], [-58.976, -51.857], [-59.133, -51.881], [-59.102, -51.839], [-58.985, -51.857], [-58.942, -51.788], [-58.932, -51.842], [-58.815, -51.857], [-58.856, -51.865], [-58.782, -51.896], [-58.691, -51.894], [-58.713, -51.874], [-58.63, -51.884], [-58.677, -51.905], [-58.474, -51.891], [-58.396, -51.899], [-58.469, -51.922], [-58.401, -51.923], [-58.374, -51.887], [-58.225, -51.845], [-58.245, -51.874], [-58.214, -51.86], [-58.237, -51.829], [-58.162, -51.816], [-58.282, -51.807], [-58.321, -51.843], [-58.378, -51.824], [-58.109, -51.79], [-58.231, -51.783], [-58.201, -51.776], [-58.296, -51.748], [-58.198, -51.767], [-58.151, -51.741], [-58.164, -51.761], [-58.065, -51.772], [-58.047, -51.748], [-58.084, -51.742], [-57.88, -51.747], [-57.842, -51.739], [-58.011, -51.737], [-57.711, -51.682], [-57.92, -51.687], [-57.83, -51.682], [-57.963, -51.653], [-57.859, -51.676], [-57.722, -51.644], [-58.103, -51.583], [-58.165, -51.547], [-58.095, -51.533], [-58.116, -51.512], [-58.018, -51.536], [-58.064, -51.495], [-57.956, -51.54], [-57.763, -51.541], [-57.895, -51.499], [-57.842, -51.475], [-57.86, -51.497], [-57.717, -51.517], [-57.831, -51.477], [-57.87, -51.437], [-57.852, -51.406], [-57.944, -51.361], [-58.282, -51.39], [-58.329, -51.475], [-58.388, -51.485], [-58.359, -51.488], [-58.377, -51.514], [-58.332, -51.521], [-58.296, -51.488], [-58.301, -51.53], [-58.201, -51.525], [-58.264, -51.553], [-58.15, -51.609], [-58.251, -51.584], [-58.243, -51.617], [-58.179, -51.643], [-58.226, -51.638], [-58.22, -51.658], [-58.25, -51.621], [-58.261, -51.655], [-58.251, -51.614], [-58.305, -51.61], [-58.263, -51.594], [-58.277, -51.554], [-58.326, -51.537], [-58.328, -51.567], [-58.385, -51.565], [-58.368, -51.547], [-58.402, -51.528], [-58.416, -51.563], [-58.449, -51.548], [-58.41, -51.504], [-58.424, -51.469], [-58.492, -51.468], [-58.527, -51.511], [-58.513, -51.479], [-58.552, -51.474], [-58.503, -51.454], [-58.541, -51.444], [-58.516, -51.429], [-58.61, -51.465], [-58.523, -51.429], [-58.594, -51.44], [-58.504, -51.381], [-58.519, -51.42], [-58.479, -51.401], [-58.457, -51.456], [-58.366, -51.435], [-58.349, -51.462], [-58.33, -51.438], [-58.357, -51.433], [-58.314, -51.415], [-58.374, -51.395], [-58.33, -51.38], [-58.377, -51.331], [-58.571, -51.297], [-58.637, -51.313], [-58.617, -51.351], [-58.575, -51.327], [-58.574, -51.356], [-58.618, -51.358], [-58.64, -51.323], [-58.815, -51.305], [-58.971, -51.233], [-58.867, -51.377], [-59.006, -51.385], [-59.021, -51.419], [-58.962, -51.447], [-59.094, -51.41], [-59.141, -51.444], [-59.12, -51.478], [-58.986, -51.507], [-59.066, -51.518], [-59.016, -51.603], [-59.078, -51.587], [-59.084, -51.532], [-59.127, -51.496], [-59.113, -51.53], [-59.179, -51.585], [-58.977, -51.671], [-59.049, -51.653], [-58.997, -51.682], [-59.041, -51.7], [-59.005, -51.774], [-58.964, -51.78], [-59.049, -51.827], [-59.049, -51.782], [-59.022, -51.776], [-59.056, -51.689], [-59.197, -51.722], [-59.214, -51.759], [-59.21, -51.72], [-59.232, -51.721], [-59.248, -51.767], [-59.267, -51.742], [-59.305, -51.76], [-59.273, -51.798], [-59.353, -51.788], [-59.387, -51.852], [-59.408, -51.812], [-59.455, -51.847], [-59.447, -51.823], [-59.498, -51.836], [-59.516, -51.858], [-59.445, -51.889], [-59.539, -51.882], [-59.469, -51.928], [-59.61, -51.917], [-59.615, -51.951], [-59.521, -51.963], [-59.594, -51.985], [-59.65, -51.965], [-59.549, -52.006], [-59.651, -51.999], [-59.556, -52.066], [-59.641, -52.084], [-59.604, -52.122], [-59.732, -52.097], [-59.708, -52.106], [-59.734, -52.128], [-59.624, -52.175], [-59.647, -52.182], [-59.615, -52.188], [-59.632, -52.209], [-59.558, -52.207], [-59.583, -52.26], [-59.51, -52.244], [-59.475, -52.286], [-59.498, -52.313], [-59.415, -52.311], [-59.424, -52.331], [-59.364, -52.361], [-59.31, -52.35], [-59.296, -52.332], [-59.336, -52.347], [-59.387, -52.318], [-59.346, -52.268], [-59.414, -52.283], [-59.341, -52.253], [-59.389, -52.227], [-59.329, -52.211], [-59.39, -52.218]], [[-60.366, -52.164], [-60.396, -52.135], [-60.329, -52.152], [-60.241, -52.02], [-60.277, -52.083], [-60.281, -52.021], [-60.345, -51.996], [-60.29, -52.015], [-60.183, -51.979], [-60.241, -52.017], [-60.104, -52.01], [-60.079, -51.936], [-60.056, -51.946], [-60.077, -51.962], [-60.002, -51.968], [-60.004, -52.006], [-59.857, -51.964], [-59.801, -51.863], [-59.626, -51.754], [-59.537, -51.659], [-59.603, -51.685], [-59.592, -51.663], [-59.444, -51.587], [-59.481, -51.634], [-59.439, -51.634], [-59.338, -51.53], [-59.385, -51.547], [-59.354, -51.51], [-59.443, -51.518], [-59.331, -51.493], [-59.334, -51.525], [-59.199, -51.436], [-59.284, -51.463], [-59.265, -51.445], [-59.292, -51.432], [-59.189, -51.399], [-59.417, -51.337], [-59.399, -51.362], [-59.45, -51.353], [-59.436, -51.388], [-59.477, -51.405], [-59.386, -51.439], [-59.464, -51.463], [-59.544, -51.443], [-59.524, -51.477], [-59.6, -51.443], [-59.484, -51.416], [-59.49, -51.395], [-59.627, -51.455], [-59.794, -51.46], [-59.83, -51.436], [-59.777, -51.448], [-59.73, -51.42], [-59.874, -51.413], [-59.809, -51.395], [-59.899, -51.424], [-59.879, -51.405], [-59.905, -51.401], [-59.872, -51.4], [-59.899, -51.395], [-59.861, -51.391], [-59.901, -51.381], [-60.001, -51.421], [-60.02, -51.404], [-59.997, -51.378], [-60.101, -51.439], [-59.981, -51.473], [-60.153, -51.503], [-60.665, -51.34], [-60.61, -51.36], [-60.664, -51.359], [-60.631, -51.378], [-60.651, -51.415], [-60.52, -51.452], [-60.454, -51.438], [-60.38, -51.488], [-60.51, -51.501], [-60.493, -51.542], [-60.335, -51.582], [-60.302, -51.559], [-60.344, -51.542], [-60.31, -51.545], [-60.307, -51.597], [-60.23, -51.61], [-60.26, -51.625], [-60.184, -51.67], [-60.099, -51.672], [-60.05, -51.728], [-60.234, -51.656], [-60.502, -51.709], [-60.65, -51.667], [-60.641, -51.728], [-60.54, -51.809], [-60.52, -51.765], [-60.358, -51.757], [-60.38, -51.717], [-60.318, -51.697], [-60.287, -51.722], [-60.195, -51.701], [-60.182, -51.751], [-60.208, -51.783], [-60.231, -51.762], [-60.213, -51.793], [-60.278, -51.771], [-60.264, -51.749], [-60.325, -51.761], [-60.33, -51.782], [-60.298, -51.78], [-60.329, -51.806], [-60.295, -51.831], [-60.335, -51.819], [-60.358, -51.873], [-60.381, -51.845], [-60.414, -51.864], [-60.356, -51.816], [-60.418, -51.816], [-60.372, -51.766], [-60.447, -51.777], [-60.521, -51.84], [-60.448, -51.849], [-60.505, -51.936], [-60.649, -51.925], [-60.544, -51.955], [-60.4, -51.927], [-60.456, -51.97], [-60.57, -51.984], [-60.508, -52.023], [-60.572, -51.99], [-60.56, -52.024], [-60.606, -52.025], [-60.576, -51.987], [-60.65, -51.968], [-60.674, -51.975], [-60.656, -52.022], [-60.677, -52.04], [-60.69, -51.969], [-60.716, -52.012], [-60.703, -51.964], [-60.847, -51.953], [-60.826, -52], [-60.746, -52.018], [-60.898, -52.028], [-60.882, -52.067], [-60.828, -52.063], [-60.862, -52.078], [-60.908, -52.067], [-60.909, -52.032], [-61.004, -52.038], [-60.995, -52.003], [-61.081, -52.016], [-61.045, -52.015], [-61.051, -52.073], [-60.999, -52.057], [-60.934, -52.117], [-60.819, -52.152], [-60.8, -52.19], [-60.717, -52.176], [-60.845, -52.127], [-60.834, -52.099], [-60.677, -52.129], [-60.747, -52.144], [-60.701, -52.15], [-60.704, -52.174], [-60.668, -52.161], [-60.698, -52.179], [-60.674, -52.192], [-60.635, -52.18], [-60.665, -52.193], [-60.632, -52.215], [-60.698, -52.21], [-60.651, -52.26], [-60.489, -52.181], [-60.543, -52.137], [-60.574, -52.16], [-60.557, -52.138], [-60.585, -52.126], [-60.544, -52.114], [-60.469, -52.179], [-60.417, -52.145], [-60.408, -52.174], [-60.366, -52.164]], [[-60.95, -51.843], [-61.044, -51.884], [-60.938, -51.819], [-60.982, -51.802], [-60.976, -51.778], [-61.039, -51.783], [-61.065, -51.824], [-61.045, -51.843], [-61.114, -51.835], [-61.1, -51.809], [-61.167, -51.833], [-61.094, -51.848], [-61.134, -51.86], [-61.136, -51.904], [-61.04, -51.927], [-61.074, -51.942], [-61, -51.991], [-60.87, -51.918], [-60.911, -51.896], [-60.87, -51.89], [-60.895, -51.882], [-60.861, -51.764], [-60.917, -51.779], [-60.876, -51.806], [-60.9, -51.85], [-60.95, -51.843]], [[-59.542, -51.297], [-59.597, -51.31], [-59.604, -51.263], [-59.839, -51.264], [-59.731, -51.315], [-59.724, -51.292], [-59.619, -51.305], [-59.588, -51.343], [-59.461, -51.352], [-59.48, -51.304], [-59.423, -51.336], [-59.477, -51.28], [-59.542, -51.297]], [[-60.194, -51.357], [-60.235, -51.338], [-60.285, -51.369], [-60.278, -51.398], [-60.316, -51.39], [-60.099, -51.408], [-60.119, -51.392], [-60.044, -51.334], [-60.326, -51.263], [-60.124, -51.361], [-60.127, -51.388], [-60.185, -51.391], [-60.194, -51.357]], [[-58.424, -52.014], [-58.404, -51.996], [-58.484, -51.99], [-58.555, -52.028], [-58.428, -52.103], [-58.422, -52.027], [-58.47, -52.027], [-58.424, -52.014]]]], "type": "MultiPolygon"}, "properties": {"long_title": null, "region": "eez", "region_id": 238, "title": "Falkland Isl. (UK)"}, "type": "Feature"}, {"geometry": {"coordinates": [[[[-44.611, -54.111], [-44.575, -53.696], [-44.46, -53.304], [-44.237, -52.868], [-43.879, -52.406], [-43.619, -52.15], [-42.917, -51.631], [-42.161, -51.241], [-41.662, -51.048], [-41.122, -50.885], [-40.298, -50.714], [-39.243, -50.559], [-38.403, -50.509], [-37.531, -50.543], [-37.071, -50.596], [-34.875, -50.962], [-34.352, -51.159], [-33.581, -51.366], [-32.737, -51.707], [-32.048, -52.106], [-31.296, -52.404], [-30.588, -52.794], [-29.979, -53.262], [-29.08, -53.077], [-28.128, -52.979], [-27.122, -52.973], [-26.168, -53.06], [-25.246, -53.239], [-24.381, -53.503], [-23.593, -53.847], [-22.905, -54.263], [-21.42, -55.509], [-20.985, -56.015], [-20.615, -56.525], [-20.585, -56.668], [-20.238, -57.268], [-20.184, -57.506], [-20.004, -57.82], [-19.847, -58.494], [-19.9, -59.073], [-20.408, -60.241], [-20.873, -60.773], [-21.183, -60.999], [-21.379, -61.2], [-22.06, -61.679], [-22.927, -62.09], [-23.955, -62.416], [-25.108, -62.647], [-26.343, -62.77], [-27.789, -62.783], [-29.037, -62.682], [-30.213, -62.474], [-31.274, -62.166], [-32.181, -61.771], [-32.906, -61.304], [-33.432, -60.782], [-33.749, -60.222], [-33.863, -59.599], [-33.772, -59.02], [-33.443, -58.397], [-33.577, -58.251], [-34.879, -58.331], [-37.371, -58.18], [-38.416, -58.001], [-39.372, -57.721], [-40.239, -57.33], [-41.909, -56.821], [-42.31, -56.672], [-42.808, -56.444], [-43.369, -56.108], [-43.734, -55.82], [-44.142, -55.369], [-44.393, -54.983], [-44.559, -54.529], [-44.611, -54.111]], [[-35.774, -54.801], [-35.812, -54.81], [-35.786, -54.828], [-35.774, -54.801]], [[-37.076, -54.471], [-37.126, -54.482], [-37.079, -54.499], [-37.098, -54.515], [-37.014, -54.499], [-37.076, -54.471]], [[-27.546, -56.278], [-27.611, -56.306], [-27.563, -56.33], [-27.526, -56.301], [-27.546, -56.278]], [[-27.127, -56.732], [-27.078, -56.719], [-27.149, -56.687], [-27.202, -56.708], [-27.127, -56.732]], [[-26.692, -57.071], [-26.727, -57.074], [-26.648, -57.094], [-26.692, -57.071]], [[-26.393, -57.793], [-26.463, -57.743], [-26.512, -57.773], [-26.446, -57.816], [-26.352, -57.795], [-26.393, -57.793]], [[-26.397, -58.39], [-26.431, -58.396], [-26.449, -58.441], [-26.236, -58.505], [-26.239, -58.407], [-26.397, -58.39]], [[-26.565, -59.077], [-26.507, -59.038], [-26.592, -59.003], [-26.666, -59.037], [-26.565, -59.077]], [[-27.32, -59.476], [-27.328, -59.435], [-27.419, -59.441], [-27.32, -59.476]], [[-27.193, -59.446], [-27.254, -59.474], [-27.158, -59.481], [-27.151, -59.451], [-27.193, -59.446]], [[-37.758, -54.058], [-37.609, -54.047], [-37.733, -54.109], [-37.657, -54.108], [-37.729, -54.149], [-37.63, -54.191], [-37.543, -54.171], [-37.556, -54.137], [-37.239, -54.151], [-37.416, -54.186], [-37.329, -54.228], [-37.409, -54.245], [-37.42, -54.278], [-37.211, -54.249], [-37.091, -54.282], [-37.11, -54.325], [-37.024, -54.357], [-36.877, -54.356], [-36.895, -54.392], [-36.795, -54.41], [-36.834, -54.456], [-36.656, -54.484], [-36.642, -54.518], [-36.515, -54.508], [-36.477, -54.531], [-36.511, -54.582], [-36.42, -54.592], [-36.28, -54.786], [-36.163, -54.832], [-36.152, -54.865], [-36.108, -54.858], [-36.133, -54.871], [-36.107, -54.901], [-35.927, -54.849], [-36.018, -54.84], [-35.987, -54.821], [-36.084, -54.784], [-35.962, -54.818], [-35.794, -54.777], [-35.944, -54.697], [-35.912, -54.696], [-35.945, -54.629], [-35.89, -54.541], [-35.984, -54.576], [-36.069, -54.566], [-36.081, -54.518], [-36.004, -54.5], [-36.182, -54.434], [-36.158, -54.374], [-36.262, -54.387], [-36.205, -54.347], [-36.267, -54.338], [-36.238, -54.325], [-36.248, -54.285], [-36.299, -54.294], [-36.3, -54.26], [-36.402, -54.245], [-36.343, -54.368], [-36.44, -54.309], [-36.508, -54.361], [-36.474, -54.301], [-36.505, -54.281], [-36.467, -54.266], [-36.485, -54.234], [-36.671, -54.287], [-36.651, -54.267], [-36.679, -54.256], [-36.586, -54.213], [-36.594, -54.19], [-36.487, -54.197], [-36.554, -54.161], [-36.708, -54.183], [-36.655, -54.167], [-36.709, -54.157], [-36.634, -54.118], [-36.77, -54.107], [-36.8, -54.151], [-36.807, -54.091], [-36.912, -54.072], [-37.032, -54.127], [-36.974, -54.087], [-36.984, -54.054], [-37.142, -54.125], [-37.146, -54.082], [-37.097, -54.064], [-37.152, -54.063], [-37.121, -54.043], [-37.215, -54.049], [-37.236, -54.085], [-37.267, -54.047], [-37.463, -54.054], [-37.445, -54.01], [-37.366, -53.992], [-37.401, -53.981], [-37.5, -54.019], [-37.691, -54.011], [-37.674, -53.983], [-37.719, -53.97], [-37.808, -54.018], [-37.903, -53.996], [-37.966, -54.022], [-38.013, -53.995], [-38.083, -54.018], [-38.02, -54.008], [-37.997, -54.029], [-38.012, -54.072], [-37.963, -54.034], [-37.758, -54.058]]]], "type": "MultiPolygon"}, "properties": {"long_title": null, "region": "eez", "region_id": 239, "title": "South Georgia & Sandwich Isl. (UK)"}, "type": "Feature"}, {"geometry": {"coordinates": [[[[-147.065, -11.192], [-146.454, -11.043], [-145.836, -10.999], [-145.153, -11.079], [-144.875, -11.057], [-144.262, -11.113], [-143.69, -11.263], [-143.414, -11.389], [-143.025, -11.152], [-143.184, -10.842], [-143.553, -10.327], [-143.796, -9.798], [-143.941, -9.236], [-143.968, -8.89], [-144.046, -8.588], [-144.091, -7.996], [-144.033, -7.417], [-143.869, -6.834], [-143.61, -6.297], [-143.264, -5.817], [-142.849, -5.41], [-142.369, -5.08], [-141.7, -4.762], [-140.954, -4.576], [-140.373, -4.526], [-139.794, -4.578], [-139.231, -4.728], [-138.703, -4.973], [-138.225, -5.305], [-137.812, -5.714], [-137.435, -6.272], [-136.346, -7.277], [-136.006, -7.75], [-135.728, -8.362], [-135.502, -8.675], [-135.247, -9.198], [-135.087, -9.757], [-135.028, -10.334], [-135.071, -10.915], [-135.216, -11.478], [-135.459, -12.007], [-135.793, -12.486], [-136.093, -12.786], [-135.819, -13.164], [-135.564, -13.689], [-135.405, -14.249], [-135.347, -14.827], [-135.386, -15.301], [-134.668, -15.597], [-134.114, -15.953], [-133.651, -16.381], [-133.294, -16.85], [-133.025, -17.372], [-132.853, -17.934], [-132.785, -18.517], [-132.824, -19.097], [-132.864, -19.253], [-132.408, -19.802], [-132.131, -20.321], [-131.979, -20.765], [-132.144, -21.051], [-132.992, -25.678], [-133.425, -26.568], [-134.001, -26.694], [-134.364, -26.721], [-135.296, -26.64], [-136.184, -26.384], [-136.465, -26.454], [-137.11, -26.509], [-137.757, -26.46], [-138.382, -26.308], [-138.967, -26.059], [-139.491, -25.721], [-139.759, -25.473], [-140.04, -25.401], [-140.617, -25.147], [-140.768, -25.046], [-141.33, -24.99], [-141.944, -24.825], [-141.655, -24.945], [-141.122, -25.269], [-140.653, -25.673], [-140.269, -26.139], [-139.977, -26.657], [-139.787, -27.217], [-139.708, -27.793], [-139.744, -28.379], [-139.905, -28.984], [-140.166, -29.518], [-140.533, -30.003], [-140.997, -30.427], [-141.541, -30.77], [-142.148, -31.025], [-142.801, -31.182], [-143.479, -31.236], [-144.155, -31.186], [-144.809, -31.033], [-145.13, -30.904], [-145.67, -30.773], [-146.276, -30.519], [-146.855, -30.155], [-147.316, -29.734], [-147.682, -29.248], [-147.956, -28.693], [-148.105, -28.128], [-148.14, -27.549], [-148.095, -27.206], [-148.876, -27.058], [-149.47, -26.82], [-149.632, -26.723], [-150.11, -26.689], [-150.738, -26.542], [-151.329, -26.295], [-151.934, -25.89], [-152.2, -25.953], [-152.846, -25.998], [-153.554, -25.928], [-154.181, -25.766], [-154.758, -25.508], [-155.348, -25.091], [-156.142, -24.894], [-156.323, -21.406], [-154.806, -19.257], [-155.174, -18.92], [-156.042, -18.346], [-157.246, -17.318], [-157.869, -16.405], [-158.128, -15.869], [-157.966, -15.42], [-157.943, -15.211], [-157.778, -14.653], [-157.511, -14.12], [-157.15, -13.638], [-156.723, -13.233], [-156.232, -12.904], [-155.691, -12.663], [-155.025, -12.508], [-152.803, -13.826], [-151.066, -13.839], [-149.398, -12.412], [-147.98, -11.96], [-147.065, -11.192]], [[-140.566, -7.905], [-140.6, -7.931], [-140.555, -7.927], [-140.566, -7.905]], [[-140.653, -7.953], [-140.71, -7.979], [-140.713, -8.046], [-140.647, -7.988], [-140.653, -7.953]], [[-139.553, -8.863], [-139.606, -8.895], [-139.605, -8.946], [-139.49, -8.942], [-139.501, -8.886], [-139.553, -8.863]], [[-140.083, -9.341], [-140.136, -9.381], [-140.051, -9.468], [-140.01, -9.362], [-140.083, -9.341]], [[-139.073, -9.891], [-139.119, -9.929], [-139.116, -10.027], [-139.093, -9.973], [-139.035, -9.943], [-139.073, -9.891]], [[-145.866, -14.329], [-146.077, -14.448], [-145.86, -14.334], [-145.841, -14.367], [-145.876, -14.404], [-146.042, -14.466], [-145.917, -14.436], [-145.835, -14.369], [-145.866, -14.329]], [[-144.883, -14.387], [-145.042, -14.47], [-144.958, -14.413], [-144.866, -14.396], [-144.954, -14.473], [-145.066, -14.512], [-145.043, -14.481], [-145.072, -14.514], [-144.949, -14.473], [-144.856, -14.406], [-144.883, -14.387]], [[-146.264, -14.516], [-146.251, -14.499], [-146.288, -14.521], [-146.264, -14.516]], [[-145.165, -14.55], [-145.238, -14.615], [-145.249, -14.713], [-145.143, -14.588], [-145.165, -14.55]], [[-146.232, -14.484], [-146.218, -14.44], [-146.252, -14.424], [-146.359, -14.455], [-146.249, -14.43], [-146.221, -14.443], [-146.232, -14.484]], [[-138.822, -14.797], [-138.848, -14.818], [-138.797, -14.84], [-138.822, -14.797]], [[-148.695, -14.854], [-148.707, -14.901], [-148.626, -14.899], [-148.695, -14.854]], [[-148.161, -14.904], [-148.22, -14.93], [-148.106, -14.922], [-148.055, -14.953], [-148.049, -15.006], [-148.058, -14.943], [-148.161, -14.904]], [[-147.859, -14.932], [-147.885, -14.997], [-147.84, -14.922], [-147.713, -14.946], [-147.859, -14.932]], [[-147.407, -15.17], [-147.322, -15.241], [-147.278, -15.242], [-147.407, -15.17]], [[-146.649, -15.232], [-146.605, -15.265], [-146.613, -15.349], [-146.601, -15.261], [-146.649, -15.232]], [[-146.383, -15.299], [-146.193, -15.343], [-146.242, -15.569], [-146.187, -15.337], [-146.383, -15.299]], [[-145.58, -15.482], [-145.552, -15.461], [-145.437, -15.5], [-145.554, -15.456], [-145.58, -15.482]], [[-145.586, -15.506], [-145.58, -15.486], [-145.587, -15.536], [-145.586, -15.506]], [[-145.57, -15.574], [-145.583, -15.556], [-145.553, -15.6], [-145.57, -15.574]], [[-145.496, -15.581], [-145.496, -15.621], [-145.545, -15.611], [-145.496, -15.627], [-145.496, -15.581]], [[-147.516, -15.297], [-147.592, -15.236], [-147.678, -15.228], [-147.516, -15.297]], [[-147.24, -15.245], [-147.212, -15.283], [-147.242, -15.223], [-147.273, -15.239], [-147.24, -15.245]], [[-144.648, -15.72], [-144.644, -15.759], [-144.608, -15.757], [-144.648, -15.72]], [[-140.842, -15.802], [-140.904, -15.827], [-140.854, -15.838], [-140.842, -15.802]], [[-145.081, -15.867], [-145.109, -15.784], [-145.206, -15.793], [-145.109, -15.792], [-145.116, -15.831], [-145.055, -15.919], [-145.083, -15.966], [-145.05, -15.932], [-145.081, -15.867]], [[-142.336, -15.926], [-142.356, -15.932], [-142.314, -15.947], [-142.327, -16.006], [-142.308, -15.947], [-142.336, -15.926]], [[-140.121, -15.963], [-140.167, -15.973], [-140.166, -16.001], [-140.124, -16.008], [-140.163, -15.988], [-140.139, -15.968], [-140.103, -15.996], [-140.093, -15.969], [-140.121, -15.963]], [[-145.213, -15.922], [-145.179, -15.948], [-145.257, -15.881], [-145.213, -15.922]], [[-145.905, -15.884], [-146.031, -15.803], [-145.899, -15.903], [-145.905, -15.884]], [[-148.248, -15.874], [-148.218, -15.846], [-148.271, -15.806], [-148.284, -15.849], [-148.248, -15.874]], [[-154.506, -15.814], [-154.528, -15.801], [-154.525, -15.832], [-154.506, -15.814]], [[-146.499, -15.799], [-146.481, -15.837], [-146.534, -15.766], [-146.499, -15.799]], [[-142.482, -16.064], [-142.534, -16.159], [-142.5, -16.241], [-142.529, -16.161], [-142.482, -16.064]], [[-144.804, -16.242], [-144.784, -16.156], [-144.861, -16.098], [-144.796, -16.146], [-144.78, -16.199], [-144.856, -16.286], [-144.804, -16.242]], [[-143.193, -16.276], [-143.23, -16.282], [-143.223, -16.313], [-143.223, -16.284], [-143.185, -16.281], [-143.016, -16.381], [-143.043, -16.416], [-143.01, -16.403], [-143.052, -16.349], [-143.193, -16.276]], [[-144.287, -16.418], [-144.353, -16.368], [-144.253, -16.461], [-144.259, -16.495], [-144.246, -16.468], [-144.287, -16.418]], [[-143.931, -16.434], [-143.845, -16.462], [-143.787, -16.543], [-143.565, -16.622], [-143.786, -16.538], [-143.842, -16.459], [-143.931, -16.434]], [[-143.462, -16.604], [-143.563, -16.619], [-143.446, -16.61], [-143.377, -16.669], [-143.462, -16.604]], [[-142.843, -16.63], [-142.787, -16.741], [-142.81, -16.648], [-142.843, -16.63]], [[-144.069, -16.737], [-144.088, -16.708], [-144.128, -16.715], [-144.069, -16.737]], [[-145.121, -16.74], [-145.182, -16.712], [-145.118, -16.772], [-145.121, -16.74]], [[-144.631, -16.867], [-144.581, -16.884], [-144.574, -16.945], [-144.577, -16.884], [-144.631, -16.867]], [[-151.445, -16.915], [-151.352, -16.85], [-151.396, -16.808], [-151.421, -16.823], [-151.399, -16.796], [-151.466, -16.721], [-151.494, -16.793], [-151.471, -16.907], [-151.445, -16.915]], [[-151.033, -16.721], [-151.04, -16.774], [-150.975, -16.745], [-150.994, -16.684], [-151.031, -16.689], [-151.033, -16.721]], [[-151.48, -16.684], [-151.446, -16.662], [-151.494, -16.639], [-151.448, -16.647], [-151.434, -16.616], [-151.515, -16.577], [-151.547, -16.639], [-151.48, -16.684]], [[-154.67, -16.495], [-154.644, -16.515], [-154.689, -16.482], [-154.67, -16.495]], [[-145.383, -16.419], [-145.363, -16.459], [-145.446, -16.369], [-145.383, -16.419]], [[-145.464, -16.367], [-145.541, -16.262], [-145.616, -16.054], [-145.709, -16.078], [-145.621, -16.055], [-145.547, -16.261], [-145.464, -16.367]], [[-151.827, -16.266], [-151.822, -16.236], [-151.783, -16.255], [-151.829, -16.23], [-151.827, -16.266]], [[-146.362, -16.191], [-146.311, -16.164], [-146.367, -16.116], [-146.4, -16.147], [-146.362, -16.191]], [[-145.804, -16.115], [-145.823, -16.156], [-145.744, -16.093], [-145.804, -16.115]], [[-144.928, -16.082], [-144.957, -16.094], [-144.864, -16.099], [-144.928, -16.082]], [[-144.967, -16.1], [-145.008, -16.123], [-144.995, -16.184], [-145.004, -16.124], [-144.967, -16.1]], [[-144.45, -16.369], [-144.438, -16.353], [-144.454, -16.416], [-144.45, -16.369]], [[-151.734, -16.545], [-151.714, -16.49], [-151.744, -16.463], [-151.762, -16.494], [-151.734, -16.545]], [[-154.629, -16.546], [-154.65, -16.518], [-154.619, -16.57], [-154.629, -16.546]], [[-144.214, -16.623], [-144.25, -16.638], [-144.195, -16.637], [-144.19, -16.679], [-144.217, -16.674], [-144.194, -16.685], [-144.184, -16.651], [-144.214, -16.623]], [[-145.218, -16.706], [-145.278, -16.69], [-145.184, -16.715], [-145.218, -16.706]], [[-150.972, -16.753], [-151.027, -16.778], [-150.985, -16.822], [-150.972, -16.753]], [[-144.975, -16.794], [-144.941, -16.79], [-144.979, -16.788], [-144.981, -16.851], [-144.975, -16.794]], [[-144.413, -17.138], [-144.415, -17.065], [-144.435, -17.089], [-144.413, -17.138]], [[-138.336, -17.325], [-138.457, -17.354], [-138.335, -17.33], [-138.361, -17.354], [-138.336, -17.325]], [[-145.506, -17.358], [-145.531, -17.342], [-145.456, -17.418], [-145.506, -17.358]], [[-141.502, -17.359], [-141.514, -17.4], [-141.483, -17.387], [-141.502, -17.359]], [[-143.474, -17.445], [-143.459, -17.489], [-143.475, -17.451], [-143.415, -17.465], [-143.474, -17.445]], [[-140.683, -17.704], [-140.819, -17.801], [-140.69, -17.708], [-140.653, -17.719], [-140.658, -17.755], [-140.646, -17.72], [-140.683, -17.704]], [[-140.764, -17.854], [-140.87, -17.913], [-140.818, -17.91], [-140.764, -17.854]], [[-150.621, -17.678], [-150.633, -17.633], [-150.652, -17.664], [-150.621, -17.678]], [[-149.821, -17.593], [-149.752, -17.493], [-149.846, -17.485], [-149.852, -17.517], [-149.913, -17.493], [-149.904, -17.537], [-149.821, -17.593]], [[-142.206, -17.954], [-142.234, -17.968], [-142.2, -17.96], [-142.189, -18.031], [-142.226, -18.152], [-142.184, -18.035], [-142.206, -17.954]], [[-140.965, -18.061], [-140.827, -18.196], [-140.823, -18.232], [-140.823, -18.194], [-140.965, -18.061]], [[-140.959, -18.234], [-140.984, -18.222], [-140.935, -18.256], [-140.959, -18.234]], [[-140.826, -18.233], [-140.823, -18.304], [-140.663, -18.429], [-140.817, -18.305], [-140.826, -18.233]], [[-137.071, -18.268], [-137.024, -18.339], [-136.979, -18.36], [-137.064, -18.271], [-136.961, -18.359], [-137.071, -18.268]], [[-142.175, -18.321], [-142.141, -18.277], [-142.177, -18.319], [-142.186, -18.294], [-142.175, -18.321]], [[-141.071, -18.115], [-141.056, -18.073], [-141.004, -18.071], [-141.057, -18.071], [-141.071, -18.115]], [[-142.267, -18.006], [-142.294, -18.016], [-142.232, -17.976], [-142.267, -18.006]], [[-136.452, -18.462], [-136.456, -18.486], [-136.391, -18.519], [-136.46, -18.48], [-136.44, -18.465], [-136.293, -18.563], [-136.334, -18.571], [-136.389, -18.517], [-136.344, -18.567], [-136.291, -18.573], [-136.452, -18.462]], [[-141.849, -18.704], [-141.868, -18.734], [-141.814, -18.808], [-141.863, -18.734], [-141.849, -18.704]], [[-141.818, -18.711], [-141.759, -18.754], [-141.765, -18.783], [-141.753, -18.754], [-141.818, -18.711]], [[-138.807, -18.759], [-138.834, -18.766], [-138.785, -18.776], [-138.807, -18.759]], [[-140.713, -19.115], [-140.716, -19.137], [-140.661, -19.131], [-140.696, -19.154], [-140.661, -19.143], [-140.713, -19.115]], [[-140.434, -19.647], [-140.38, -19.638], [-140.419, -19.607], [-140.434, -19.647]], [[-143.542, -20.417], [-143.531, -20.453], [-143.546, -20.423], [-143.565, -20.441], [-143.531, -20.461], [-143.516, -20.43], [-143.542, -20.417]], [[-138.564, -20.768], [-138.577, -20.848], [-138.515, -20.888], [-138.504, -20.806], [-138.564, -20.768]], [[-136.56, -21.348], [-136.539, -21.362], [-136.522, -21.329], [-136.56, -21.348]], [[-136.387, -21.5], [-136.381, -21.452], [-136.422, -21.454], [-136.387, -21.5]], [[-135.525, -21.473], [-135.647, -21.481], [-135.523, -21.478], [-135.458, -21.523], [-135.542, -21.561], [-135.454, -21.532], [-135.525, -21.473]], [[-140.625, -21.623], [-140.576, -21.711], [-140.619, -21.723], [-140.688, -21.686], [-140.618, -21.729], [-140.569, -21.708], [-140.625, -21.623]], [[-138.914, -21.785], [-138.786, -21.835], [-138.835, -21.87], [-138.966, -21.888], [-138.844, -21.877], [-138.778, -21.834], [-138.914, -21.785]], [[-138.755, -22.198], [-138.793, -22.223], [-138.761, -22.284], [-138.701, -22.24], [-138.755, -22.198]], [[-151.369, -22.469], [-151.348, -22.524], [-151.323, -22.519], [-151.323, -22.456], [-151.369, -22.432], [-151.369, -22.469]], [[-134.957, -23.002], [-134.997, -23.057], [-134.946, -23.007], [-134.867, -23.101], [-134.914, -23.018], [-134.957, -23.002]], [[-134.968, -23.117], [-134.936, -23.074], [-134.986, -23.096], [-134.981, -23.12], [-135.014, -23.113], [-134.968, -23.117]], [[-137.124, -23.174], [-137.148, -23.168], [-137.124, -23.135], [-137.111, -23.155], [-137.124, -23.13], [-137.154, -23.168], [-137.124, -23.174]], [[-134.482, -23.315], [-134.505, -23.327], [-134.48, -23.377], [-134.451, -23.351], [-134.482, -23.315]], [[-149.437, -23.378], [-149.465, -23.342], [-149.531, -23.369], [-149.506, -23.404], [-149.437, -23.378]], [[-144.324, -27.563], [-144.389, -27.576], [-144.39, -27.618], [-144.346, -27.652], [-144.302, -27.624], [-144.351, -27.606], [-144.31, -27.605], [-144.324, -27.563]], [[-140.054, -8.809], [-140.084, -8.803], [-140.086, -8.828], [-140.168, -8.781], [-140.245, -8.796], [-140.227, -8.932], [-140.187, -8.966], [-140.106, -8.913], [-140.095, -8.94], [-140.042, -8.912], [-140.052, -8.876], [-140.003, -8.919], [-140.006, -8.853], [-140.048, -8.833], [-140.01, -8.796], [-140.054, -8.809]], [[-138.919, -9.734], [-139.04, -9.704], [-139.164, -9.776], [-139.115, -9.844], [-139.052, -9.862], [-139.031, -9.802], [-138.901, -9.808], [-138.797, -9.745], [-138.847, -9.771], [-138.919, -9.734]], [[-149.143, -17.765], [-149.3, -17.726], [-149.309, -17.578], [-149.404, -17.516], [-149.494, -17.494], [-149.621, -17.562], [-149.556, -17.753], [-149.452, -17.78], [-149.325, -17.729], [-149.27, -17.848], [-149.166, -17.881], [-149.125, -17.824], [-149.143, -17.765]], [[-142.918, -24.476], [-142.298, -24.698], [-142.61, -24.534], [-143.249, -24.057], [-143.945, -23.956], [-143.963, -24.238], [-143.321, -24.35], [-142.918, -24.476]]]], "type": "MultiPolygon"}, "properties": {"long_title": null, "region": "eez", "region_id": 258, "title": "French Polynesia"}, "type": "Feature"}, {"geometry": {"coordinates": [[[[-29.347, -2.414], [-32.364, -0.488], [-32.513, -0.111], [-32.617, 0.294], [-32.676, 0.919], [-32.617, 1.544], [-32.442, 2.146], [-32.158, 2.705], [-31.773, 3.201], [-31.468, 3.487], [-31.173, 3.704], [-30.57, 4.018], [-29.968, 4.193], [-29.343, 4.252], [-28.718, 4.193], [-28.116, 4.018], [-27.557, 3.733], [-27.218, 3.487], [-26.962, 3.249], [-26.529, 2.705], [-26.244, 2.146], [-26.069, 1.544], [-26.01, 0.919], [-26.069, 0.294], [-26.244, -0.308], [-26.529, -0.867], [-26.775, -1.206], [-27.061, -1.511], [-27.557, -1.896], [-28.116, -2.18], [-28.718, -2.355], [-29.347, -2.414]]]], "type": "MultiPolygon"}, "properties": {"long_title": null, "region": "eez", "region_id": 970, "title": "St Paul and St. Peter Archipelago (Brazil)"}, "type": "Feature"}, {"geometry": {"coordinates": [[[[156.146, -33.886], [157.197, -26.543], [157.741, -26.312], [158.32, -26.157], [158.909, -26.087], [159.51, -26.1], [160.101, -26.198], [160.671, -26.38], [161.187, -26.63], [161.672, -26.96], [162.149, -27.417], [162.529, -27.946], [162.796, -28.528], [162.936, -29.132], [162.962, -30.091], [162.907, -30.587], [163.046, -30.939], [163.143, -31.318], [163.189, -31.718], [163.182, -32.09], [163.112, -32.52], [162.981, -32.923], [162.791, -33.31], [162.533, -33.685], [162.241, -34.006], [161.93, -34.273], [161.583, -34.509], [161.189, -34.718], [160.749, -34.892], [160.321, -35.011], [159.881, -35.089], [159.416, -35.125], [158.967, -35.117], [158.522, -35.066], [158.085, -34.973], [157.664, -34.839], [157.265, -34.666], [156.923, -34.475], [156.517, -34.189], [156.16, -33.86], [156.146, -33.886]], [[159.077, -31.596], [159.107, -31.56], [159.042, -31.511], [159.08, -31.544], [159.077, -31.596]]]], "type": "MultiPolygon"}, "properties": {"long_title": null, "region": "eez", "region_id": 38, "title": "Lord Howe Isl. (Australia)"}, "type": "Feature"}, {"geometry": {"coordinates": [[[[169.995, -21.641], [171.038, -21.006], [171.866, -20.57], [172.765, -20.022], [174.276, -25.073], [173.924, -25.269], [173.348, -25.524], [172.729, -25.683], [172.088, -25.741], [170.57, -25.592], [170.196, -25.756], [169.575, -25.913], [169.432, -25.931], [168.738, -25.845], [165.641, -26.226], [165.697, -26.151], [165.327, -26.003], [164.691, -25.628], [164.276, -25.297], [163.388, -24.48], [162.451, -23.878], [162.252, -24.106], [161.611, -24.631], [160.955, -24.963], [159.989, -25.212], [159.357, -25.224], [158.547, -24.998], [157.801, -23.248], [157.312, -22.527], [157.218, -22.175], [157.243, -21.789], [157.053, -20.541], [156.826, -20.141], [156.256, -19.287], [156.625, -18.932], [156.946, -18.54], [158.38, -16.424], [158.761, -15.735], [160.248, -16.127], [163.309, -14.788], [164.011, -15.588], [164.566, -16.296], [165.306, -16.853], [165.746, -17.285], [166.069, -17.732], [166.235, -18.06], [166.694, -18.47], [167.148, -18.982], [167.825, -19.552], [168.257, -20.098], [168.557, -20.381], [169.471, -21.479], [169.995, -21.641]], [[163.581, -19.573], [163.594, -19.605], [163.618, -19.593], [163.576, -19.538], [163.581, -19.573]], [[163.627, -19.636], [163.677, -19.788], [163.705, -19.756], [163.627, -19.636]], [[163.962, -20.001], [163.952, -20.07], [163.986, -20.083], [163.998, -20.049], [163.962, -20.001]], [[164.164, -20.052], [164.168, -20.109], [164.235, -20.155], [164.164, -20.052]], [[166.583, -20.398], [166.55, -20.405], [166.595, -20.46], [166.557, -20.613], [166.479, -20.708], [166.568, -20.688], [166.619, -20.596], [166.573, -20.596], [166.576, -20.521], [166.608, -20.472], [166.667, -20.465], [166.583, -20.398]], [[166.416, -20.735], [166.47, -20.7], [166.39, -20.718], [166.416, -20.735]], [[166.843, -22.401], [166.785, -22.399], [166.776, -22.46], [166.818, -22.467], [166.834, -22.446], [166.801, -22.439], [166.842, -22.433], [166.843, -22.401]], [[166.031, -22.028], [166.069, -21.995], [166.02, -21.983], [166.031, -22.028]], [[165.982, -21.993], [166.015, -21.979], [165.973, -21.962], [165.982, -21.993]], [[163.824, -20.079], [163.829, -20.039], [163.801, -20.03], [163.824, -20.079]], [[167.444, -22.539], [167.416, -22.558], [167.42, -22.653], [167.503, -22.671], [167.529, -22.6], [167.553, -22.646], [167.51, -22.557], [167.444, -22.539]], [[167.535, -22.649], [167.51, -22.669], [167.552, -22.674], [167.507, -22.692], [167.549, -22.691], [167.535, -22.649]], [[164.177, -20.482], [164.303, -20.586], [164.366, -20.706], [164.419, -20.721], [164.38, -20.772], [164.527, -20.897], [164.663, -20.947], [164.652, -20.981], [164.702, -20.998], [164.669, -21.009], [164.716, -21.09], [164.735, -21.053], [164.764, -21.086], [164.798, -21.057], [164.784, -21.079], [164.839, -21.128], [164.834, -21.187], [164.949, -21.297], [164.948, -21.358], [164.98, -21.304], [164.987, -21.337], [165.011, -21.315], [165.01, -21.345], [165.047, -21.346], [165.04, -21.393], [165.116, -21.359], [165.147, -21.459], [165.259, -21.509], [165.284, -21.572], [165.417, -21.619], [165.464, -21.604], [165.461, -21.633], [165.487, -21.627], [165.469, -21.652], [165.523, -21.695], [165.623, -21.714], [165.638, -21.746], [165.676, -21.724], [165.681, -21.781], [165.724, -21.712], [165.763, -21.802], [165.782, -21.816], [165.793, -21.789], [165.836, -21.847], [165.808, -21.843], [165.82, -21.873], [165.889, -21.867], [165.998, -21.966], [166.063, -21.898], [166.073, -21.946], [166.148, -21.962], [166.139, -22.001], [166.173, -21.985], [166.141, -22.011], [166.172, -22.032], [166.115, -22.027], [166.163, -22.049], [166.157, -22.076], [166.111, -22.062], [166.125, -22.099], [166.162, -22.085], [166.269, -22.171], [166.333, -22.142], [166.306, -22.17], [166.346, -22.229], [166.372, -22.171], [166.43, -22.176], [166.416, -22.198], [166.457, -22.227], [166.394, -22.23], [166.441, -22.264], [166.386, -22.259], [166.437, -22.27], [166.45, -22.312], [166.503, -22.261], [166.496, -22.226], [166.566, -22.244], [166.555, -22.271], [166.59, -22.293], [166.631, -22.274], [166.684, -22.323], [166.705, -22.31], [166.701, -22.336], [166.758, -22.343], [166.729, -22.373], [166.772, -22.392], [166.844, -22.386], [166.81, -22.359], [166.842, -22.302], [166.852, -22.351], [166.875, -22.321], [166.888, -22.375], [166.919, -22.375], [166.906, -22.395], [166.958, -22.341], [167.002, -22.338], [167.013, -22.246], [167.034, -22.247], [166.929, -22.156], [166.937, -22.083], [166.86, -22.029], [166.755, -22.02], [166.76, -21.985], [166.682, -21.982], [166.72, -21.958], [166.621, -21.921], [166.499, -21.812], [166.47, -21.752], [166.412, -21.723], [166.41, -21.697], [166.447, -21.705], [166.428, -21.681], [166.375, -21.701], [166.329, -21.662], [166.356, -21.653], [166.238, -21.613], [166.12, -21.515], [166.056, -21.528], [166.059, -21.466], [165.959, -21.404], [165.994, -21.498], [165.968, -21.507], [165.92, -21.464], [165.95, -21.45], [165.884, -21.356], [165.881, -21.396], [165.862, -21.371], [165.835, -21.387], [165.846, -21.42], [165.832, -21.359], [165.759, -21.298], [165.617, -21.278], [165.549, -21.186], [165.611, -21.208], [165.61, -21.181], [165.538, -21.131], [165.489, -21.142], [165.386, -21.064], [165.405, -21.031], [165.374, -21.011], [165.41, -21.007], [165.415, -20.947], [165.293, -20.919], [165.265, -20.867], [165.246, -20.882], [165.244, -20.774], [164.948, -20.692], [164.849, -20.628], [164.742, -20.482], [164.592, -20.401], [164.593, -20.368], [164.517, -20.307], [164.304, -20.23], [164.313, -20.283], [164.262, -20.291], [164.003, -20.076], [164.018, -20.145], [164.037, -20.127], [164.063, -20.152], [164.068, -20.222], [163.999, -20.248], [164.038, -20.301], [164.077, -20.256], [164.079, -20.301], [164.159, -20.313], [164.169, -20.395], [164.116, -20.372], [164.177, -20.482]], [[167.392, -21.178], [167.41, -21.095], [167.461, -21.058], [167.381, -21.014], [167.371, -20.949], [167.258, -20.91], [167.291, -20.875], [167.275, -20.781], [167.3, -20.729], [167.209, -20.679], [167.148, -20.724], [167.048, -20.724], [167.034, -20.779], [167.101, -20.765], [167.18, -20.815], [167.121, -20.909], [167.011, -20.917], [167.094, -21.041], [167.157, -21.087], [167.264, -21.092], [167.34, -21.184], [167.392, -21.178]], [[167.972, -21.424], [167.953, -21.388], [167.975, -21.348], [167.89, -21.402], [167.799, -21.383], [167.878, -21.551], [167.845, -21.6], [167.945, -21.602], [167.979, -21.661], [168.114, -21.629], [168.135, -21.447], [168.03, -21.466], [167.972, -21.424]]]], "type": "MultiPolygon"}, "properties": {"long_title": null, "region": "eez", "region_id": 540, "title": "New Caledonia (France)"}, "type": "Feature"}, {"geometry": {"coordinates": [[[[170.57, -25.592], [169.995, -21.641], [169.471, -21.479], [168.557, -20.381], [168.257, -20.098], [167.825, -19.552], [167.148, -18.982], [166.694, -18.47], [166.235, -18.06], [166.069, -17.732], [165.746, -17.285], [165.306, -16.853], [164.566, -16.296], [164.011, -15.588], [163.309, -14.788], [163.508, -13.988], [163.556, -13.594], [164.148, -12.612], [164.919, -12.393], [165.557, -12.291], [166.104, -12.291], [167.009, -12.445], [167.39, -12.414], [167.808, -12.301], [168.746, -13.337], [169.243, -13.603], [169.92, -13.843], [170.748, -14.448], [171.617, -14.94], [171.653, -15.162], [171.894, -15.842], [172.108, -16.611], [172.533, -16.975], [172.881, -17.33], [173.242, -17.797], [173.436, -18.112], [173.606, -18.539], [172.765, -20.022], [174.276, -25.073], [173.924, -25.269], [173.348, -25.524], [172.729, -25.683], [172.088, -25.741], [170.57, -25.592]], [[166.555, -13.099], [166.544, -13.169], [166.581, -13.195], [166.595, -13.124], [166.547, -13.073], [166.555, -13.099]], [[166.599, -13.23], [166.615, -13.276], [166.662, -13.257], [166.652, -13.221], [166.599, -13.23]], [[166.681, -13.427], [166.702, -13.446], [166.709, -13.398], [166.673, -13.402], [166.681, -13.427]], [[167.321, -13.502], [167.292, -13.544], [167.352, -13.566], [167.363, -13.527], [167.332, -13.539], [167.362, -13.513], [167.321, -13.502]], [[167.709, -13.646], [167.655, -13.651], [167.618, -13.708], [167.714, -13.679], [167.709, -13.646]], [[167.487, -13.721], [167.438, -13.722], [167.383, -13.779], [167.384, -13.853], [167.448, -13.915], [167.457, -13.969], [167.491, -13.948], [167.478, -13.91], [167.583, -13.877], [167.542, -13.867], [167.557, -13.807], [167.487, -13.721]], [[167.506, -14.203], [167.433, -14.227], [167.435, -14.366], [167.55, -14.371], [167.6, -14.299], [167.59, -14.216], [167.506, -14.203]], [[168.035, -14.44], [168.024, -14.473], [168.051, -14.48], [168.068, -14.446], [168.035, -14.44]], [[167.932, -15.392], [167.988, -15.276], [167.817, -15.316], [167.673, -15.444], [167.836, -15.476], [167.932, -15.392]], [[168.153, -16.099], [168.062, -16.191], [167.88, -16.235], [168.128, -16.372], [168.281, -16.353], [168.307, -16.292], [168.222, -16.241], [168.192, -16.124], [168.153, -16.099]], [[168.227, -16.445], [168.211, -16.501], [168.25, -16.511], [168.261, -16.435], [168.227, -16.445]], [[168.312, -16.511], [168.37, -16.54], [168.331, -16.468], [168.301, -16.484], [168.312, -16.511]], [[167.212, -15.754], [167.248, -15.731], [167.249, -15.641], [167.093, -15.64], [167.109, -15.706], [167.212, -15.754]], [[167.149, -15.608], [167.223, -15.603], [167.189, -15.544], [167.216, -15.533], [167.159, -15.552], [167.124, -15.599], [167.149, -15.608]], [[167.287, -15.539], [167.266, -15.592], [167.298, -15.57], [167.287, -15.539]], [[167.162, -14.964], [167.105, -14.943], [167.146, -14.982], [167.162, -14.964]], [[168.548, -16.878], [168.529, -16.935], [168.598, -16.885], [168.548, -16.878]], [[168.623, -16.995], [168.615, -17.018], [168.649, -17.008], [168.623, -16.995]], [[168.386, -17.035], [168.334, -17.092], [168.433, -17.056], [168.386, -17.035]], [[168.346, -17.411], [168.336, -17.458], [168.386, -17.484], [168.346, -17.411]], [[168.288, -17.504], [168.213, -17.568], [168.305, -17.528], [168.288, -17.504]], [[168.218, -17.591], [168.209, -17.572], [168.192, -17.603], [168.221, -17.614], [168.218, -17.591]], [[169.311, -19.316], [169.248, -19.345], [169.225, -19.471], [169.353, -19.632], [169.448, -19.653], [169.507, -19.52], [169.372, -19.465], [169.345, -19.388], [169.362, -19.324], [169.311, -19.316]], [[170.236, -19.508], [170.196, -19.513], [170.208, -19.547], [170.236, -19.508]], [[169.822, -20.135], [169.754, -20.146], [169.741, -20.186], [169.781, -20.244], [169.871, -20.248], [169.9, -20.183], [169.822, -20.135]], [[166.833, -15.668], [166.925, -15.587], [167.107, -15.601], [167.163, -15.521], [167.259, -15.521], [167.258, -15.476], [167.245, -15.498], [167.189, -15.385], [167.201, -15.297], [167.148, -15.257], [167.174, -15.24], [167.154, -15.139], [167.111, -15.148], [167.078, -15.091], [167.053, -14.97], [167.09, -14.945], [167.02, -14.93], [166.985, -14.953], [166.988, -15.096], [166.95, -15.16], [166.833, -15.163], [166.76, -14.826], [166.718, -14.805], [166.615, -14.643], [166.556, -14.72], [166.541, -14.846], [166.674, -15.246], [166.648, -15.398], [166.778, -15.585], [166.774, -15.651], [166.833, -15.668]], [[168.097, -14.94], [168.043, -14.894], [168.124, -15.383], [168.154, -15.393], [168.181, -15.379], [168.178, -15.223], [168.097, -14.94]], [[168.204, -15.651], [168.195, -15.519], [168.15, -15.449], [168.112, -15.68], [168.213, -16.016], [168.275, -15.971], [168.283, -15.922], [168.204, -15.651]], [[167.407, -16.427], [167.445, -16.476], [167.421, -16.528], [167.495, -16.59], [167.548, -16.541], [167.585, -16.547], [167.601, -16.488], [167.767, -16.547], [167.788, -16.489], [167.836, -16.466], [167.807, -16.419], [167.772, -16.468], [167.792, -16.415], [167.767, -16.332], [167.694, -16.311], [167.689, -16.269], [167.626, -16.257], [167.544, -16.164], [167.495, -16.159], [167.472, -16.097], [167.485, -16.142], [167.406, -16.09], [167.407, -16.013], [167.347, -15.97], [167.333, -15.917], [167.217, -15.879], [167.176, -15.908], [167.191, -15.978], [167.155, -16.088], [167.251, -16.166], [167.33, -16.11], [167.394, -16.183], [167.376, -16.349], [167.407, -16.427]], [[168.196, -16.571], [168.153, -16.573], [168.167, -16.596], [168.118, -16.689], [168.177, -16.804], [168.26, -16.822], [168.354, -16.782], [168.48, -16.842], [168.491, -16.795], [168.461, -16.769], [168.378, -16.772], [168.311, -16.682], [168.249, -16.686], [168.196, -16.571]], [[168.503, -17.809], [168.557, -17.788], [168.595, -17.688], [168.542, -17.682], [168.444, -17.53], [168.291, -17.534], [168.156, -17.711], [168.186, -17.744], [168.258, -17.686], [168.314, -17.742], [168.26, -17.783], [168.329, -17.738], [168.313, -17.798], [168.351, -17.777], [168.387, -17.826], [168.503, -17.809]], [[169.242, -18.733], [169.177, -18.727], [169.143, -18.632], [169.037, -18.632], [168.996, -18.685], [168.986, -18.765], [169.015, -18.821], [168.992, -18.877], [169.273, -18.994], [169.313, -18.981], [169.344, -18.947], [169.334, -18.896], [169.2, -18.787], [169.282, -18.773], [169.276, -18.731], [169.242, -18.733]]]], "type": "MultiPolygon"}, "properties": {"long_title": null, "region": "eez", "region_id": 548, "title": "Vanuatu"}, "type": "Feature"}, {"geometry": {"coordinates": [[[[-180, -34.527], [-179.71, -34.626], [-179.071, -34.939], [-178.696, -35.172], [-178.341, -35.45], [-178.028, -35.761], [-177.759, -36.099], [-177.541, -36.46], [-177.381, -36.825], [-177.284, -37.156], [-177.228, -37.494], [-177.216, -37.834], [-177.248, -38.173], [-177.53, -39.287], [-177.672, -39.664], [-177.837, -39.987], [-177.923, -40.26], [-177.407, -40.195], [-176.885, -40.176], [-176.343, -40.205], [-175.848, -40.275], [-175.365, -40.386], [-174.348, -40.689], [-173.878, -40.872], [-173.454, -41.086], [-172.828, -41.461], [-172.482, -41.706], [-172.109, -42.037], [-171.802, -42.388], [-171.546, -42.778], [-171.357, -43.189], [-171.241, -43.614], [-171.201, -44.047], [-171.251, -44.842], [-171.325, -45.147], [-171.446, -45.461], [-171.62, -45.778], [-171.842, -46.081], [-172.097, -46.354], [-172.391, -46.607], [-173.087, -47.046], [-173.884, -47.372], [-174.996, -47.653], [-175.99, -47.763], [-176.037, -48.335], [-176.224, -48.875], [-176.113, -49.209], [-176.052, -49.562], [-176.049, -49.911], [-176.103, -50.275], [-176.212, -50.622], [-176.369, -50.942], [-176.59, -51.264], [-176.839, -51.547], [-177.438, -52.036], [-178.185, -52.443], [-179.056, -52.756], [-180, -52.957], [-180, -34.527]], [[-176.202, -44.23], [-176.276, -44.24], [-176.24, -44.268], [-176.27, -44.287], [-176.249, -44.355], [-176.158, -44.274], [-176.202, -44.23]], [[-176.675, -44.006], [-176.645, -44.108], [-176.594, -44.13], [-176.33, -44.05], [-176.413, -43.982], [-176.41, -43.882], [-176.332, -43.785], [-176.24, -43.773], [-176.201, -43.736], [-176.437, -43.75], [-176.631, -43.693], [-176.66, -43.75], [-176.814, -43.748], [-176.811, -43.784], [-176.878, -43.799], [-176.886, -43.842], [-176.72, -43.831], [-176.666, -43.796], [-176.612, -43.809], [-176.546, -43.889], [-176.542, -43.947], [-176.675, -44.006]]], [[[180, -52.957], [179.254, -53.034], [178.462, -53.044], [177.679, -52.979], [176.922, -52.843], [176.189, -52.632], [175.538, -52.364], [174.948, -52.027], [174.482, -51.664], [174.644, -52.069], [174.726, -52.498], [174.718, -52.93], [174.616, -53.357], [174.432, -53.757], [174.15, -54.153], [173.823, -54.485], [173.367, -54.837], [172.867, -55.132], [172.298, -55.388], [171.696, -55.591], [170.998, -55.763], [170.315, -55.876], [169.609, -55.937], [168.895, -55.946], [168.185, -55.903], [167.31, -55.774], [166.465, -55.559], [165.633, -55.241], [164.969, -54.884], [164.705, -54.675], [164.267, -53.833], [162.067, -52.25], [160.7, -51.2], [160.644, -51.097], [160.61, -50.964], [160.635, -50.596], [160.703, -50.292], [160.813, -49.992], [161.158, -49.355], [161.612, -48.818], [161.525, -48.358], [161.532, -47.911], [161.633, -47.453], [161.835, -46.987], [161.729, -46.648], [161.665, -46.28], [161.649, -45.972], [161.674, -45.65], [161.739, -45.284], [161.84, -44.954], [161.994, -44.617], [162.186, -44.307], [162.464, -43.961], [163.256, -43.136], [163.859, -42.632], [164.364, -42.289], [165.15, -41.654], [165.874, -41.224], [166.392, -41.009], [166.919, -40.848], [167.307, -40.609], [167.608, -40.127], [168.082, -39.609], [168.313, -39.26], [168.559, -38.961], [169.135, -38.436], [169.825, -37.985], [170.074, -37.588], [169.424, -36.758], [169.04, -36.455], [168.731, -36.14], [168.336, -35.558], [168.15, -35.119], [168.044, -34.68], [168.011, -34.216], [168.055, -33.752], [168.145, -33.389], [168.262, -33.079], [168.488, -32.656], [168.677, -32.418], [168.647, -32.422], [171.264, -30.89], [171.544, -30.832], [171.99, -30.793], [172.83, -30.837], [173.439, -30.968], [174.767, -31.395], [175.282, -31.648], [175.833, -32.023], [176.512, -32.359], [176.911, -32.602], [177.604, -33.101], [177.95, -33.427], [178.529, -33.884], [178.875, -34.24], [179.372, -34.331], [180, -34.527], [180, -52.957]], [[172.146, -34.148], [172.117, -34.157], [172.132, -34.175], [172.146, -34.148]], [[175.097, -36.235], [175.109, -36.178], [175.05, -36.182], [175.046, -36.223], [175.097, -36.235]], [[175.333, -36.167], [175.3, -36.172], [175.332, -36.193], [175.333, -36.167]], [[174.839, -36.393], [174.819, -36.419], [174.854, -36.427], [174.815, -36.433], [174.877, -36.453], [174.877, -36.414], [174.839, -36.393]], [[174.919, -36.731], [174.895, -36.768], [174.913, -36.798], [174.94, -36.769], [174.919, -36.731]], [[175.198, -36.756], [174.983, -36.79], [174.99, -36.815], [175.065, -36.804], [175.034, -36.82], [175.072, -36.84], [175.108, -36.819], [175.113, -36.85], [175.138, -36.825], [175.145, -36.851], [175.156, -36.789], [175.198, -36.756]], [[175.214, -36.836], [175.153, -36.865], [175.19, -36.905], [175.214, -36.836]], [[174.862, -36.81], [174.898, -36.777], [174.84, -36.77], [174.829, -36.793], [174.862, -36.81]], [[175.788, -36.581], [175.751, -36.591], [175.787, -36.611], [175.776, -36.642], [175.835, -36.64], [175.788, -36.581]], [[176.254, -37.271], [176.231, -37.299], [176.259, -37.312], [176.28, -37.275], [176.254, -37.271]], [[175.984, -37.48], [176.075, -37.58], [176.032, -37.57], [176.036, -37.6], [176.09, -37.626], [176.086, -37.594], [176.16, -37.639], [175.984, -37.48]], [[176.414, -37.603], [176.409, -37.649], [176.439, -37.622], [176.414, -37.603]], [[176.107, -37.636], [176.125, -37.626], [176.093, -37.606], [176.107, -37.636]], [[171.495, -44.181], [171.479, -44.113], [171.358, -44.033], [171.495, -44.181]], [[166.612, -46.143], [166.659, -46.106], [166.605, -46.113], [166.612, -46.143]], [[166.528, -46.067], [166.548, -46.045], [166.512, -46.04], [166.528, -46.067]], [[166.561, -46.01], [166.59, -45.984], [166.535, -46.003], [166.561, -46.01]], [[166.51, -45.774], [166.57, -45.754], [166.492, -45.752], [166.51, -45.774]], [[166.452, -45.747], [166.556, -45.667], [166.575, -45.693], [166.547, -45.698], [166.585, -45.698], [166.565, -45.717], [166.608, -45.738], [166.578, -45.741], [166.596, -45.758], [166.651, -45.717], [166.685, -45.751], [166.721, -45.726], [166.72, -45.627], [166.686, -45.602], [166.605, -45.605], [166.557, -45.643], [166.545, -45.623], [166.452, -45.747]], [[166.797, -45.731], [166.823, -45.754], [166.888, -45.737], [166.797, -45.731]], [[166.924, -45.279], [167.003, -45.3], [166.955, -45.205], [166.968, -45.15], [166.882, -45.229], [166.924, -45.279]], [[174.938, -40.821], [174.87, -40.887], [174.938, -40.855], [174.938, -40.821]], [[174.082, -40.943], [174.051, -40.955], [174.075, -40.96], [174.061, -40.998], [174.082, -40.943]], [[173.89, -41.019], [173.871, -41.031], [173.914, -41.039], [173.89, -41.019]], [[174.395, -41.093], [174.29, -41.142], [174.375, -41.126], [174.342, -41.178], [174.293, -41.168], [174.163, -41.243], [174.374, -41.198], [174.395, -41.093]], [[168.533, -46.733], [168.474, -46.774], [168.513, -46.799], [168.552, -46.752], [168.533, -46.733]], [[168.132, -46.924], [168.111, -46.926], [168.159, -46.938], [168.132, -46.924]], [[167.405, -47.262], [167.445, -47.232], [167.38, -47.25], [167.405, -47.262]], [[167.651, -46.79], [167.662, -46.764], [167.603, -46.754], [167.607, -46.788], [167.651, -46.79]], [[166.562, -47.996], [166.536, -48.014], [166.576, -48.021], [166.562, -47.996]], [[178.81, -49.666], [178.751, -49.69], [178.817, -49.719], [178.846, -49.679], [178.81, -49.666]], [[166.16, -50.923], [166.249, -50.89], [165.891, -50.845], [165.958, -50.898], [166.16, -50.923]], [[173.127, -34.96], [173.175, -35.053], [173.171, -35.138], [173.137, -35.18], [173.072, -35.167], [173.056, -35.195], [173.168, -35.298], [173.211, -35.263], [173.163, -35.316], [173.216, -35.383], [173.237, -35.359], [173.222, -35.389], [173.359, -35.526], [173.39, -35.488], [173.391, -35.438], [173.363, -35.423], [173.41, -35.433], [173.385, -35.393], [173.479, -35.403], [173.44, -35.416], [173.463, -35.458], [173.426, -35.424], [173.422, -35.49], [173.367, -35.549], [173.95, -36.188], [174.053, -36.402], [174.163, -36.379], [174.181, -36.333], [174.13, -36.302], [174.158, -36.278], [174.102, -36.265], [173.967, -36.113], [173.913, -36.006], [173.988, -36.125], [174.046, -36.165], [174.105, -36.161], [174.228, -36.265], [174.291, -36.216], [174.196, -36.196], [174.235, -36.181], [174.185, -36.178], [174.184, -36.123], [174.207, -36.137], [174.233, -36.108], [174.23, -36.16], [174.259, -36.114], [174.238, -36.173], [174.316, -36.171], [174.266, -36.184], [174.302, -36.215], [174.33, -36.195], [174.316, -36.226], [174.403, -36.17], [174.326, -36.23], [174.358, -36.28], [174.309, -36.243], [174.273, -36.258], [174.309, -36.311], [174.354, -36.309], [174.406, -36.23], [174.392, -36.29], [174.51, -36.255], [174.481, -36.277], [174.453, -36.258], [174.383, -36.326], [174.283, -36.304], [174.259, -36.329], [174.258, -36.384], [174.359, -36.41], [174.405, -36.378], [174.388, -36.339], [174.429, -36.347], [174.445, -36.431], [174.411, -36.489], [174.465, -36.555], [174.411, -36.588], [174.449, -36.597], [174.448, -36.647], [174.349, -36.617], [174.368, -36.592], [174.34, -36.585], [174.383, -36.565], [174.302, -36.54], [174.236, -36.424], [174.195, -36.461], [174.194, -36.424], [174.155, -36.45], [174.422, -36.815], [174.489, -37.046], [174.571, -37.004], [174.614, -37.022], [174.613, -36.955], [174.635, -36.98], [174.684, -36.934], [174.777, -36.924], [174.832, -36.94], [174.758, -36.94], [174.776, -36.962], [174.745, -36.997], [174.804, -37.014], [174.803, -36.985], [174.861, -37.02], [174.862, -37.054], [174.932, -37.056], [174.877, -37.081], [174.854, -37.058], [174.792, -37.117], [174.782, -37.09], [174.693, -37.138], [174.732, -37.155], [174.705, -37.159], [174.73, -37.19], [174.705, -37.22], [174.702, -37.153], [174.66, -37.146], [174.67, -37.108], [174.643, -37.088], [174.659, -37.045], [174.539, -37.056], [174.69, -37.353], [174.73, -37.381], [174.745, -37.341], [174.775, -37.347], [174.709, -37.383], [174.705, -37.436], [174.84, -37.797], [174.874, -37.791], [174.863, -37.775], [174.903, -37.794], [174.937, -37.734], [174.965, -37.773], [174.915, -37.786], [174.975, -37.798], [174.877, -37.796], [174.762, -37.859], [174.798, -38.007], [174.837, -37.992], [174.819, -37.966], [174.854, -37.935], [174.896, -37.965], [174.851, -38.025], [174.799, -38.021], [174.784, -38.086], [174.844, -38.041], [174.849, -38.063], [174.911, -38.055], [174.878, -38.079], [174.918, -38.092], [174.831, -38.108], [174.82, -38.128], [174.857, -38.135], [174.827, -38.157], [174.808, -38.12], [174.766, -38.119], [174.777, -38.089], [174.738, -38.125], [174.685, -38.114], [174.715, -38.313], [174.636, -38.388], [174.616, -38.705], [174.636, -38.712], [174.612, -38.713], [174.594, -38.819], [174.393, -38.995], [174.2, -38.99], [173.847, -39.155], [173.793, -39.196], [173.753, -39.288], [173.795, -39.417], [173.95, -39.541], [174.299, -39.628], [174.559, -39.82], [174.719, -39.87], [174.867, -39.877], [174.982, -39.95], [175.058, -39.939], [174.99, -39.951], [175.11, -40.031], [175.189, -40.147], [175.245, -40.298], [175.221, -40.278], [175.215, -40.473], [175.256, -40.498], [175.212, -40.482], [175.152, -40.679], [175.06, -40.831], [174.987, -40.883], [174.951, -40.988], [174.84, -41.062], [174.867, -41.101], [174.915, -41.102], [174.843, -41.13], [174.855, -41.091], [174.805, -41.111], [174.613, -41.287], [174.715, -41.364], [174.822, -41.346], [174.835, -41.29], [174.804, -41.319], [174.787, -41.266], [174.9, -41.233], [174.906, -41.283], [174.848, -41.36], [174.869, -41.411], [174.922, -41.44], [175.045, -41.375], [175.137, -41.396], [175.11, -41.384], [175.132, -41.36], [175.141, -41.399], [175.218, -41.433], [175.195, -41.527], [175.238, -41.61], [175.432, -41.575], [175.965, -41.247], [176.07, -41.127], [176.146, -40.961], [176.235, -40.903], [176.312, -40.718], [176.496, -40.532], [176.625, -40.492], [176.663, -40.291], [176.788, -40.224], [176.871, -40.133], [176.909, -39.985], [177.005, -39.844], [177.012, -39.743], [177.097, -39.646], [176.969, -39.627], [176.926, -39.574], [176.925, -39.473], [176.867, -39.486], [176.895, -39.483], [176.874, -39.448], [176.905, -39.363], [177.021, -39.264], [177.047, -39.199], [177.438, -39.036], [177.452, -39.06], [177.42, -39.067], [177.842, -39.06], [177.875, -39.088], [177.824, -39.163], [177.868, -39.268], [178.004, -39.116], [177.918, -39.088], [177.89, -39.039], [177.912, -38.832], [177.975, -38.758], [177.922, -38.703], [178.013, -38.672], [178.071, -38.71], [178.294, -38.53], [178.28, -38.48], [178.35, -38.417], [178.341, -38.379], [178.298, -38.378], [178.362, -38.29], [178.311, -38.239], [178.367, -38.178], [178.318, -38.139], [178.376, -38.094], [178.336, -38.021], [178.48, -37.782], [178.387, -37.814], [178.49, -37.77], [178.553, -37.69], [178.483, -37.641], [178.336, -37.629], [178.292, -37.582], [178.316, -37.557], [177.983, -37.54], [177.999, -37.571], [177.952, -37.62], [177.897, -37.614], [177.877, -37.675], [177.73, -37.68], [177.727, -37.715], [177.672, -37.74], [177.668, -37.803], [177.59, -37.84], [177.628, -37.869], [177.59, -37.863], [177.418, -37.98], [177.28, -38.009], [177.157, -37.989], [177.152, -38.045], [177.062, -38.004], [177.071, -37.981], [177.143, -37.985], [176.637, -37.845], [176.473, -37.775], [176.473, -37.743], [176.428, -37.765], [176.414, -37.751], [176.457, -37.756], [176.176, -37.625], [176.206, -37.687], [176.183, -37.698], [176.235, -37.714], [176.152, -37.728], [176.172, -37.672], [176.154, -37.697], [176.165, -37.67], [176.129, -37.66], [176.04, -37.681], [176.056, -37.627], [176.012, -37.652], [176.018, -37.625], [175.96, -37.633], [175.974, -37.575], [175.926, -37.582], [175.954, -37.551], [175.92, -37.534], [175.979, -37.515], [175.931, -37.498], [175.944, -37.465], [175.992, -37.468], [175.941, -37.4], [175.898, -37.246], [175.86, -37.238], [175.888, -37.222], [175.857, -37.171], [175.895, -37.2], [175.895, -37.117], [175.864, -37.131], [175.895, -37.066], [175.866, -37.009], [175.837, -37.054], [175.845, -37.003], [175.875, -37.002], [175.841, -36.968], [175.856, -36.926], [175.827, -36.862], [175.763, -36.824], [175.758, -36.852], [175.71, -36.833], [175.709, -36.904], [175.667, -36.875], [175.671, -36.84], [175.701, -36.847], [175.701, -36.813], [175.824, -36.725], [175.782, -36.694], [175.63, -36.726], [175.677, -36.745], [175.64, -36.745], [175.643, -36.769], [175.609, -36.756], [175.629, -36.721], [175.607, -36.685], [175.557, -36.687], [175.585, -36.629], [175.514, -36.597], [175.538, -36.545], [175.495, -36.51], [175.473, -36.505], [175.478, -36.534], [175.424, -36.513], [175.41, -36.471], [175.325, -36.49], [175.348, -36.56], [175.472, -36.629], [175.438, -36.631], [175.43, -36.722], [175.48, -36.74], [175.458, -36.775], [175.482, -36.756], [175.509, -36.784], [175.42, -36.823], [175.468, -36.855], [175.405, -36.858], [175.512, -37.008], [175.519, -37.113], [175.576, -37.244], [175.538, -37.17], [175.505, -37.209], [175.399, -37.231], [175.344, -37.21], [175.3, -37.121], [175.29, -37], [175.191, -36.933], [175.078, -36.959], [175.1, -36.903], [175.039, -36.877], [174.986, -36.88], [174.999, -36.92], [174.961, -36.93], [174.903, -36.847], [174.863, -36.91], [174.894, -36.872], [174.867, -36.844], [174.793, -36.865], [174.742, -36.835], [174.697, -36.886], [174.667, -36.86], [174.677, -36.894], [174.658, -36.881], [174.665, -36.833], [174.635, -36.824], [174.673, -36.786], [174.705, -36.785], [174.68, -36.792], [174.701, -36.825], [174.752, -36.826], [174.768, -36.795], [174.796, -36.821], [174.773, -36.83], [174.815, -36.83], [174.712, -36.623], [174.743, -36.65], [174.844, -36.604], [174.757, -36.629], [174.677, -36.598], [174.715, -36.553], [174.682, -36.541], [174.72, -36.543], [174.679, -36.521], [174.725, -36.518], [174.692, -36.423], [174.725, -36.433], [174.723, -36.486], [174.743, -36.466], [174.735, -36.504], [174.778, -36.439], [174.713, -36.389], [174.869, -36.367], [174.788, -36.351], [174.781, -36.321], [174.778, -36.368], [174.757, -36.321], [174.74, -36.335], [174.799, -36.322], [174.824, -36.278], [174.707, -36.23], [174.602, -36.085], [174.573, -36.14], [174.591, -36.048], [174.535, -36.048], [174.466, -35.98], [174.485, -35.993], [174.456, -35.892], [174.501, -35.839], [174.375, -35.835], [174.375, -35.806], [174.356, -35.845], [174.32, -35.836], [174.344, -35.793], [174.315, -35.775], [174.349, -35.747], [174.329, -35.722], [174.361, -35.778], [174.383, -35.758], [174.448, -35.797], [174.479, -35.773], [174.46, -35.795], [174.497, -35.795], [174.529, -35.865], [174.595, -35.858], [174.553, -35.794], [174.572, -35.717], [174.541, -35.75], [174.524, -35.718], [174.488, -35.737], [174.526, -35.716], [174.484, -35.667], [174.517, -35.631], [174.445, -35.634], [174.537, -35.641], [174.536, -35.581], [174.475, -35.557], [174.47, -35.514], [174.433, -35.518], [174.483, -35.516], [174.435, -35.432], [174.368, -35.44], [174.314, -35.36], [174.307, -35.324], [174.361, -35.379], [174.384, -35.366], [174.351, -35.343], [174.377, -35.322], [174.338, -35.328], [174.291, -35.279], [174.327, -35.252], [174.292, -35.236], [174.332, -35.176], [174.283, -35.23], [174.251, -35.226], [174.264, -35.264], [174.19, -35.252], [174.21, -35.286], [174.119, -35.244], [174.149, -35.291], [174.115, -35.284], [174.118, -35.309], [174.213, -35.297], [174.233, -35.338], [174.178, -35.315], [174.144, -35.324], [174.172, -35.341], [174.136, -35.345], [174.133, -35.319], [174.105, -35.348], [174.118, -35.314], [174.065, -35.282], [174.071, -35.214], [173.979, -35.212], [174.049, -35.196], [173.98, -35.175], [174.006, -35.142], [174.038, -35.172], [174.049, -35.153], [174.066, -35.197], [174.121, -35.175], [174.081, -35.121], [173.964, -35.129], [173.922, -35.033], [173.86, -35.022], [173.863, -34.992], [173.762, -35.011], [173.785, -35.042], [173.752, -35.042], [173.729, -35.094], [173.685, -35.064], [173.741, -35.044], [173.73, -35.012], [173.756, -35], [173.717, -34.999], [173.694, -34.952], [173.577, -34.947], [173.561, -34.915], [173.526, -34.951], [173.561, -34.989], [173.543, -35.022], [173.528, -34.983], [173.431, -34.99], [173.371, -34.891], [173.471, -34.85], [173.415, -34.835], [173.399, -34.783], [173.38, -34.845], [173.287, -34.863], [173.341, -34.956], [173.321, -35.008], [173.237, -35.015], [173.217, -34.962], [173.281, -34.894], [173.121, -34.818], [173.088, -34.762], [173.159, -34.828], [173.176, -34.804], [173.031, -34.666], [172.989, -34.531], [172.957, -34.534], [172.989, -34.575], [172.972, -34.63], [172.94, -34.588], [172.963, -34.56], [172.908, -34.582], [172.946, -34.53], [172.912, -34.556], [172.86, -34.544], [172.895, -34.533], [172.867, -34.513], [172.924, -34.518], [172.9, -34.47], [172.945, -34.476], [172.922, -34.506], [173.006, -34.516], [173.007, -34.436], [173.048, -34.414], [172.857, -34.417], [172.797, -34.46], [172.678, -34.425], [172.644, -34.48], [172.854, -34.626], [173.127, -34.96]], [[175.478, -36.233], [175.507, -36.17], [175.416, -36.145], [175.442, -36.112], [175.398, -36.04], [175.341, -36.065], [175.367, -36.121], [175.307, -36.143], [175.364, -36.187], [175.345, -36.219], [175.307, -36.189], [175.312, -36.228], [175.435, -36.265], [175.431, -36.312], [175.485, -36.305], [175.472, -36.334], [175.531, -36.349], [175.542, -36.295], [175.478, -36.233]], [[174.287, -41.251], [174.317, -41.214], [174.254, -41.262], [174.186, -41.251], [174.202, -41.278], [174.136, -41.26], [174.148, -41.233], [174.082, -41.249], [174.09, -41.27], [174.037, -41.255], [174.01, -41.29], [174.013, -41.26], [173.907, -41.281], [173.973, -41.257], [173.967, -41.225], [173.985, -41.253], [174.002, -41.22], [174.033, -41.242], [174.032, -41.212], [174.041, -41.233], [174.095, -41.204], [174.12, -41.224], [174.127, -41.195], [174.158, -41.215], [174.155, -41.175], [174.189, -41.196], [174.203, -41.156], [174.163, -41.152], [174.149, -41.111], [174.181, -41.09], [174.187, -41.14], [174.222, -41.144], [174.211, -41.12], [174.249, -41.124], [174.237, -41.093], [174.316, -40.999], [174.218, -41.072], [174.17, -41.044], [174.233, -40.987], [174.183, -41.012], [174.157, -40.97], [174.138, -41.021], [174.097, -40.997], [174.107, -41.054], [174.067, -40.999], [174.011, -41.012], [174.014, -40.967], [173.934, -41.039], [173.984, -41.035], [173.977, -41.059], [174.009, -41.02], [174.05, -41.023], [174.05, -41.054], [174.01, -41.06], [174.045, -41.108], [173.983, -41.102], [173.993, -41.137], [173.966, -41.151], [173.977, -41.078], [173.935, -41.085], [173.921, -41.127], [173.868, -41.143], [173.897, -41.151], [173.869, -41.155], [173.897, -41.17], [173.872, -41.21], [173.967, -41.175], [173.997, -41.198], [174.044, -41.161], [174.121, -41.173], [173.862, -41.22], [173.927, -41.227], [173.809, -41.268], [173.843, -41.293], [173.759, -41.274], [173.805, -41.255], [173.789, -41.237], [173.851, -41.243], [173.866, -41.195], [173.831, -41.173], [173.85, -41.153], [173.785, -41.177], [173.785, -41.149], [173.885, -41.124], [173.871, -41.081], [173.952, -41.065], [173.832, -41.054], [173.763, -41.119], [173.77, -41.054], [173.812, -41.035], [173.775, -41.022], [173.827, -40.992], [173.819, -41.022], [173.92, -40.999], [173.908, -40.97], [173.955, -40.971], [173.985, -40.911], [173.999, -40.95], [174.026, -40.914], [173.981, -40.89], [173.863, -40.99], [173.835, -40.983], [173.845, -40.925], [173.799, -40.986], [173.701, -41.015], [173.673, -41.036], [173.691, -41.057], [173.764, -41.047], [173.668, -41.076], [173.668, -41.11], [173.619, -41.102], [173.636, -41.075], [173.595, -41.051], [173.482, -41.157], [173.405, -41.155], [173.324, -41.202], [173.294, -41.265], [173.21, -41.297], [173.206, -41.33], [173.097, -41.292], [173.072, -41.263], [173.109, -41.249], [173.085, -41.213], [173.001, -41.148], [173.036, -41.098], [173.005, -41.066], [173.024, -41.018], [172.997, -41.018], [173.073, -40.959], [173.048, -40.948], [173.064, -40.858], [173.001, -40.873], [173.027, -40.856], [172.993, -40.781], [172.948, -40.827], [172.923, -40.801], [172.86, -40.843], [172.81, -40.829], [172.685, -40.736], [172.69, -40.682], [172.655, -40.66], [172.676, -40.641], [172.686, -40.663], [172.681, -40.587], [172.763, -40.516], [173.046, -40.562], [172.896, -40.513], [172.645, -40.508], [172.553, -40.573], [172.632, -40.557], [172.623, -40.595], [172.512, -40.632], [172.546, -40.608], [172.536, -40.584], [172.134, -40.853], [172.095, -40.916], [172.105, -41.288], [172.098, -41.267], [172.063, -41.396], [171.988, -41.446], [171.881, -41.606], [171.679, -41.74], [171.462, -41.753], [171.46, -41.885], [171.327, -42.115], [171.305, -42.27], [171.219, -42.383], [171.144, -42.565], [170.954, -42.721], [170.998, -42.743], [170.948, -42.724], [170.813, -42.875], [170.665, -42.954], [170.749, -43.101], [170.658, -42.958], [170.438, -43.037], [170.611, -43.083], [170.628, -43.172], [170.594, -43.084], [170.462, -43.04], [170.409, -43.049], [170.467, -43.11], [170.404, -43.055], [170.331, -43.102], [170.384, -43.091], [170.388, -43.114], [170.262, -43.111], [170.382, -43.166], [170.261, -43.12], [170.169, -43.219], [170.259, -43.16], [170.209, -43.226], [170.136, -43.232], [170.056, -43.287], [170.154, -43.345], [170.147, -43.368], [170.052, -43.295], [170.016, -43.352], [169.839, -43.398], [169.781, -43.443], [169.971, -43.472], [169.953, -43.492], [169.777, -43.446], [169.735, -43.493], [169.799, -43.523], [169.805, -43.575], [169.783, -43.513], [169.73, -43.496], [169.583, -43.635], [169.589, -43.603], [169.556, -43.588], [169.436, -43.635], [169.477, -43.705], [169.431, -43.675], [169.427, -43.627], [169.394, -43.636], [169.043, -43.837], [169.072, -43.9], [169.167, -43.951], [169.295, -43.939], [169.222, -43.973], [169.072, -43.91], [169.034, -43.84], [168.882, -43.913], [168.799, -43.995], [168.679, -43.998], [168.714, -44.029], [168.623, -43.96], [168.52, -44.005], [168.37, -44.011], [168.384, -44.04], [168.332, -44.052], [168.251, -44.159], [168.055, -44.261], [168.113, -44.288], [168.1, -44.327], [167.999, -44.333], [167.988, -44.381], [167.913, -44.405], [167.818, -44.499], [167.82, -44.603], [167.916, -44.625], [167.923, -44.67], [167.786, -44.575], [167.753, -44.584], [167.638, -44.644], [167.666, -44.689], [167.62, -44.661], [167.569, -44.687], [167.591, -44.745], [167.497, -44.755], [167.551, -44.806], [167.504, -44.856], [167.527, -44.876], [167.494, -44.848], [167.542, -44.803], [167.486, -44.776], [167.363, -44.825], [167.385, -44.939], [167.435, -44.995], [167.395, -45.003], [167.397, -44.956], [167.362, -44.949], [167.381, -44.911], [167.33, -44.845], [167.139, -44.988], [167.31, -45.053], [167.129, -45.006], [167.096, -45.052], [167.137, -45.094], [167.198, -45.098], [167.142, -45.104], [167.169, -45.155], [167.09, -45.052], [167.026, -45.098], [167.108, -45.181], [167.147, -45.18], [167.102, -45.188], [167.028, -45.105], [166.974, -45.143], [167.017, -45.284], [167.173, -45.254], [167.144, -45.278], [167.193, -45.322], [167.128, -45.285], [167.008, -45.315], [167.168, -45.466], [167.124, -45.449], [167.062, -45.508], [167.12, -45.438], [167.071, -45.365], [167.028, -45.364], [167.025, -45.413], [166.922, -45.427], [167.023, -45.409], [167.006, -45.373], [167.033, -45.353], [166.965, -45.323], [166.899, -45.346], [166.952, -45.322], [166.855, -45.279], [166.808, -45.314], [166.774, -45.378], [166.853, -45.416], [166.866, -45.384], [166.875, -45.422], [166.755, -45.403], [166.677, -45.58], [166.742, -45.584], [167.016, -45.493], [166.885, -45.543], [166.991, -45.564], [166.87, -45.554], [166.73, -45.597], [166.734, -45.667], [166.969, -45.608], [166.751, -45.67], [166.729, -45.73], [166.829, -45.705], [166.932, -45.73], [166.951, -45.699], [166.949, -45.723], [166.98, -45.72], [166.884, -45.74], [166.838, -45.768], [166.857, -45.775], [166.457, -45.815], [166.425, -45.908], [166.452, -46], [166.597, -45.973], [166.71, -45.86], [166.645, -45.949], [166.77, -45.947], [166.775, -45.969], [166.638, -45.98], [166.599, -46.016], [166.607, -46.053], [166.592, -46.03], [166.564, -46.073], [166.568, -46.095], [166.614, -46.06], [166.647, -46.085], [166.727, -46.02], [166.697, -46.055], [166.714, -46.079], [166.74, -46.039], [166.768, -46.05], [166.747, -46.005], [166.922, -45.928], [166.855, -45.985], [166.774, -46.002], [166.782, -46.046], [166.734, -46.092], [166.725, -46.071], [166.714, -46.112], [166.61, -46.157], [166.659, -46.205], [166.782, -46.23], [166.875, -46.209], [167.218, -46.261], [167.358, -46.24], [167.35, -46.196], [167.407, -46.151], [167.606, -46.194], [167.651, -46.168], [167.612, -46.196], [167.732, -46.282], [167.69, -46.331], [167.782, -46.388], [167.837, -46.369], [167.884, -46.39], [167.912, -46.357], [168.039, -46.384], [167.983, -46.344], [168.005, -46.325], [168.022, -46.356], [168.12, -46.344], [168.201, -46.393], [168.275, -46.5], [168.307, -46.489], [168.265, -46.454], [168.322, -46.455], [168.337, -46.419], [168.384, -46.484], [168.294, -46.508], [168.279, -46.539], [168.287, -46.511], [168.224, -46.517], [168.228, -46.551], [168.329, -46.626], [168.36, -46.611], [168.311, -46.59], [168.301, -46.551], [168.349, -46.536], [168.378, -46.575], [168.452, -46.56], [168.526, -46.592], [168.43, -46.568], [168.368, -46.603], [168.515, -46.609], [168.583, -46.59], [168.55, -46.558], [168.593, -46.551], [168.663, -46.57], [168.588, -46.588], [168.796, -46.581], [168.736, -46.567], [168.784, -46.559], [168.852, -46.662], [169.012, -46.679], [169.041, -46.642], [169.034, -46.665], [169.073, -46.675], [169.149, -46.644], [169.142, -46.608], [169.172, -46.628], [169.142, -46.651], [169.213, -46.665], [169.274, -46.625], [169.367, -46.641], [169.383, -46.611], [169.442, -46.617], [169.417, -46.59], [169.473, -46.584], [169.478, -46.556], [169.59, -46.58], [169.702, -46.524], [169.715, -46.475], [169.76, -46.486], [169.822, -46.452], [169.788, -46.4], [169.806, -46.338], [169.911, -46.31], [170.175, -46.158], [170.206, -46.093], [170.186, -46.043], [170.213, -46.054], [170.307, -45.96], [170.667, -45.906], [170.69, -45.893], [170.667, -45.855], [170.685, -45.883], [170.75, -45.875], [170.749, -45.848], [170.683, -45.848], [170.732, -45.845], [170.755, -45.806], [170.729, -45.775], [170.671, -45.835], [170.51, -45.889], [170.629, -45.8], [170.719, -45.788], [170.64, -45.74], [170.585, -45.756], [170.572, -45.723], [170.602, -45.733], [170.676, -45.643], [170.637, -45.623], [170.698, -45.622], [170.835, -45.475], [170.815, -45.436], [170.87, -45.373], [170.826, -45.335], [170.865, -45.243], [171.143, -44.949], [170.886, -44.892], [171.151, -44.932], [171.175, -44.798], [171.145, -44.628], [171.211, -44.506], [171.133, -44.463], [171.217, -44.5], [171.261, -44.446], [171.252, -44.372], [171.35, -44.286], [171.328, -44.271], [171.353, -44.284], [171.521, -44.186], [171.45, -44.16], [171.322, -44.005], [171.447, -44.069], [171.525, -44.184], [171.804, -44.057], [171.787, -44.005], [171.809, -44.056], [172.213, -43.903], [172.035, -43.75], [171.857, -43.67], [171.669, -43.524], [171.898, -43.676], [172.173, -43.799], [172.239, -43.889], [172.217, -43.901], [172.713, -43.829], [172.824, -43.863], [172.828, -43.89], [172.933, -43.905], [172.953, -43.897], [172.907, -43.827], [172.932, -43.754], [172.964, -43.766], [172.94, -43.855], [172.972, -43.889], [173.105, -43.838], [173.133, -43.748], [173.09, -43.754], [173.12, -43.725], [173.09, -43.685], [173.052, -43.702], [173.076, -43.678], [173.052, -43.654], [172.997, -43.677], [173.002, -43.646], [172.935, -43.625], [172.897, -43.69], [172.914, -43.627], [172.862, -43.604], [172.824, -43.666], [172.83, -43.605], [172.665, -43.666], [172.657, -43.622], [172.81, -43.589], [172.705, -43.562], [172.725, -43.525], [172.755, -43.558], [172.713, -43.399], [172.713, -43.43], [172.698, -43.392], [172.649, -43.417], [172.712, -43.393], [172.726, -43.283], [172.694, -43.28], [172.736, -43.249], [172.728, -43.278], [172.8, -43.157], [172.779, -43.128], [172.803, -43.151], [173.082, -43.055], [173.318, -42.889], [173.52, -42.557], [173.504, -42.53], [173.54, -42.47], [173.622, -42.423], [173.719, -42.427], [173.686, -42.408], [173.695, -42.361], [173.941, -42.17], [173.929, -42.122], [173.967, -42.051], [174.275, -41.748], [174.279, -41.727], [174.179, -41.706], [174.15, -41.559], [174.044, -41.492], [174.03, -41.449], [174.117, -41.3], [174.19, -41.295], [174.121, -41.353], [174.156, -41.352], [174.203, -41.313], [174.24, -41.321], [174.226, -41.294], [174.287, -41.251]], [[173.778, -40.931], [173.837, -40.923], [173.893, -40.86], [173.912, -40.875], [173.96, -40.798], [173.96, -40.694], [173.941, -40.75], [173.889, -40.763], [173.934, -40.77], [173.907, -40.803], [173.896, -40.78], [173.869, -40.808], [173.887, -40.737], [173.833, -40.756], [173.796, -40.817], [173.811, -40.853], [173.85, -40.84], [173.846, -40.866], [173.786, -40.835], [173.778, -40.931]], [[167.523, -47.204], [167.468, -47.219], [167.457, -47.282], [167.548, -47.294], [167.599, -47.247], [167.648, -47.266], [167.655, -47.222], [167.557, -47.235], [167.667, -47.202], [167.703, -47.153], [167.722, -47.183], [167.827, -47.194], [167.995, -47.115], [168.134, -47.125], [168.122, -47.105], [168.161, -47.112], [168.143, -47.08], [168.223, -47.099], [168.156, -47.069], [168.213, -47.068], [168.205, -47.03], [168.231, -47.017], [168.18, -46.973], [168.203, -46.924], [168.14, -46.991], [168.078, -46.991], [168.132, -46.959], [168.026, -46.952], [168.007, -46.922], [167.919, -46.968], [167.978, -46.932], [167.997, -46.868], [168.047, -46.919], [168.044, -46.898], [168.165, -46.894], [168.133, -46.9], [168.146, -46.86], [168.078, -46.853], [168.093, -46.832], [168.01, -46.795], [167.981, -46.719], [167.87, -46.682], [167.753, -46.693], [167.7, -46.793], [167.769, -46.923], [167.671, -46.976], [167.717, -47.045], [167.605, -47.058], [167.564, -47.093], [167.591, -47.116], [167.57, -47.178], [167.523, -47.204]], [[174.002, -50.962], [173.895, -50.768], [173.741, -50.369], [173.69, -50.13], [173.659, -49.718], [173.762, -49.103], [173.926, -48.703], [174.162, -48.32], [174.144, -48.239], [173.596, -48.559], [173.033, -48.958], [172.547, -49.222], [171.716, -49.589], [172.482, -49.907], [172.965, -50.177], [173.802, -50.797], [174.128, -51.152], [174.002, -50.962]], [[166.227, -50.769], [166.266, -50.757], [166.164, -50.747], [166.229, -50.732], [166.208, -50.719], [166.146, -50.732], [166.244, -50.697], [166.19, -50.71], [166.214, -50.673], [166.149, -50.672], [166.221, -50.668], [166.234, -50.648], [166.192, -50.634], [166.234, -50.629], [166.186, -50.615], [166.249, -50.616], [166.243, -50.593], [166.278, -50.585], [166.251, -50.558], [166.286, -50.549], [166.177, -50.569], [166.232, -50.524], [166.158, -50.515], [166.109, -50.532], [166.122, -50.628], [166.096, -50.682], [165.934, -50.74], [165.883, -50.832], [165.928, -50.809], [165.98, -50.86], [166.062, -50.865], [166.081, -50.82], [166.046, -50.789], [166.106, -50.813], [166.077, -50.765], [166.124, -50.778], [166.111, -50.843], [166.153, -50.81], [166.263, -50.873], [166.314, -50.807], [166.264, -50.786], [166.272, -50.763], [166.227, -50.769]], [[169.247, -52.514], [169.197, -52.525], [169.246, -52.51], [169.233, -52.473], [169.145, -52.476], [169.166, -52.487], [169.107, -52.551], [169.014, -52.551], [169.143, -52.612], [169.213, -52.605], [169.251, -52.577], [169.142, -52.559], [169.268, -52.566], [169.247, -52.514]], [[178.435, -44.083], [177.654, -44.49], [177.636, -44.555], [178.496, -44.432], [178.454, -44.071], [178.435, -44.083]]]], "type": "MultiPolygon"}, "properties": {"long_title": null, "region": "eez", "region_id": 554, "title": "New Zealand"}, "type": "Feature"}, {"geometry": {"coordinates": [[[[171.201, -30.919], [168.647, -32.422], [167.994, -32.477], [167.357, -32.438], [166.724, -32.306], [166.135, -32.087], [165.543, -31.749], [165.044, -31.331], [164.646, -30.843], [164.353, -30.289], [164.163, -29.652], [164.112, -29.018], [164.186, -28.401], [164.393, -27.792], [164.654, -27.323], [164.995, -26.891], [165.404, -26.512], [165.86, -26.201], [168.738, -25.845], [169.432, -25.931], [169.685, -26.037], [170.371, -26.436], [170.932, -26.933], [171.167, -27.217], [171.376, -27.535], [171.539, -27.855], [171.664, -28.19], [171.75, -28.536], [171.794, -28.872], [171.798, -29.226], [171.76, -29.578], [171.681, -29.923], [171.545, -30.303], [171.393, -30.618], [171.201, -30.919]], [[167.922, -28.995], [167.919, -29.053], [167.995, -29.047], [167.922, -28.995]]]], "type": "MultiPolygon"}, "properties": {"long_title": null, "region": "eez", "region_id": 574, "title": "Norfolk Isl. (Australia)"}, "type": "Feature"}, {"geometry": {"coordinates": [[[[169.839, 17.88], [170.223, 17.777], [170.773, 17.524], [171.265, 17.184], [171.691, 16.762], [172.032, 16.271], [172.277, 15.739], [172.42, 15.175], [172.452, 14.703], [172.766, 14.396], [173.105, 13.918], [173.352, 13.389], [173.501, 12.827], [173.539, 12.359], [173.829, 11.946], [174.076, 11.413], [174.223, 10.851], [174.261, 10.184], [174.422, 9.836], [174.576, 9.171], [174.853, 8.771], [175.097, 8.241], [175.242, 7.679], [175.284, 7.178], [175.467, 6.437], [175.512, 5.858], [175.484, 5.569], [172.479, 4.587], [171.262, 4.342], [170.818, 4.198], [170.055, 1.99], [168.598, 1.77], [165.954, 2.678], [165.758, 2.959], [165.632, 3.211], [165.675, 3.576], [165.515, 6.292], [164.371, 7.16], [163.074, 8.05], [162.622, 7.849], [161.016, 7.984], [160.166, 8.304], [159.396, 8.548], [158.385, 9.432], [157.473, 10.402], [157.607, 10.941], [157.848, 11.471], [158.18, 11.953], [158.593, 12.37], [158.894, 12.583], [158.941, 12.752], [159.184, 13.281], [159.523, 13.765], [159.94, 14.181], [160.439, 14.526], [161.033, 14.801], [161.612, 14.955], [162.21, 15.008], [162.814, 14.959], [163.423, 14.804], [163.741, 14.661], [164.142, 14.838], [164.723, 14.986], [165.322, 15.033], [165.533, 15.016], [165.691, 15.682], [165.859, 16.037], [169.839, 17.88]], [[168.906, 14.723], [169.009, 14.674], [169.009, 14.611], [169.008, 14.678], [168.906, 14.723]], [[166.896, 11.179], [166.836, 11.152], [166.893, 11.155], [166.896, 11.179]], [[168.934, 7.596], [168.969, 7.585], [168.955, 7.554], [168.971, 7.591], [168.934, 7.596]], [[171.04, 7.164], [171.061, 7.115], [171.229, 7.052], [171.384, 7.089], [171.345, 7.126], [171.377, 7.089], [171.23, 7.054], [171.064, 7.115], [171.04, 7.164]], [[171.921, 7.131], [171.909, 7.09], [171.796, 7.063], [171.75, 6.983], [171.795, 7.059], [171.908, 7.085], [171.921, 7.131]], [[171.69, 6.992], [171.597, 7.003], [171.554, 7.084], [171.6, 6.999], [171.667, 7.004], [171.758, 6.959], [171.69, 6.992]], [[171.732, 6.109], [171.725, 6.081], [171.752, 6.076], [171.732, 6.109]], [[172.072, 6.009], [172.118, 5.969], [172.109, 6.008], [172.113, 5.978], [172.072, 6.009]]]], "type": "MultiPolygon"}, "properties": {"long_title": null, "region": "eez", "region_id": 584, "title": "Marshall Isl."}, "type": "Feature"}, {"geometry": {"coordinates": [[[[142.851, -9.673], [142.384, -9.699], [142.001, -9.765], [140.001, -10.982], [139.384, -11.148], [139.201, -10.832], [140.483, -9.867], [141.007, -9.122], [141.139, -9.235], [141.233, -9.214], [141.34, -9.13], [141.626, -9.212], [141.771, -9.18], [141.884, -9.202], [141.959, -9.171], [142.081, -9.178], [142.203, -9.131], [142.298, -9.196], [142.48, -9.25], [142.569, -9.323], [142.639, -9.333], [143.248, -8.994], [143.185, -9.038], [143.373, -9.008], [143.42, -8.962], [143.393, -8.741], [143.255, -8.571], [143.118, -8.461], [142.932, -8.422], [142.846, -8.368], [142.86, -8.321], [142.986, -8.336], [143.348, -8.244], [143.699, -8.227], [143.704, -8.175], [143.631, -8.186], [143.465, -8.08], [143.445, -8.027], [143.39, -7.994], [143.407, -7.977], [143.338, -7.846], [143.314, -7.886], [143.257, -7.886], [143.258, -7.796], [143.259, -7.88], [143.309, -7.879], [143.347, -7.834], [143.366, -7.908], [143.437, -7.911], [143.48, -7.999], [143.604, -7.989], [143.731, -8.043], [143.863, -8.047], [143.852, -7.963], [143.81, -7.966], [143.779, -7.891], [143.748, -7.9], [143.781, -7.888], [143.782, -7.935], [143.892, -7.999], [143.917, -8.002], [143.92, -7.967], [143.744, -7.591], [143.746, -7.543], [143.696, -7.516], [143.765, -7.526], [143.826, -7.655], [143.905, -7.712], [144.079, -7.772], [144.081, -7.732], [144.037, -7.718], [144.081, -7.722], [144.15, -7.798], [144.171, -7.768], [144.124, -7.727], [144.171, -7.763], [144.181, -7.737], [144.144, -7.696], [144.205, -7.741], [144.258, -7.71], [144.162, -7.617], [144.193, -7.602], [144.177, -7.565], [144.198, -7.646], [144.207, -7.594], [144.244, -7.588], [144.228, -7.553], [144.256, -7.592], [144.317, -7.564], [144.356, -7.595], [144.354, -7.636], [144.384, -7.601], [144.337, -7.548], [144.39, -7.604], [144.377, -7.54], [144.441, -7.537], [144.519, -7.685], [144.554, -7.679], [144.484, -7.597], [144.496, -7.557], [144.452, -7.534], [144.47, -7.562], [144.503, -7.545], [144.475, -7.532], [144.504, -7.542], [144.486, -7.592], [144.509, -7.62], [144.513, -7.504], [144.557, -7.475], [144.522, -7.435], [144.549, -7.432], [144.526, -7.361], [144.571, -7.423], [144.572, -7.349], [144.574, -7.423], [144.661, -7.491], [144.696, -7.445], [144.679, -7.406], [144.689, -7.469], [144.753, -7.441], [144.76, -7.511], [144.723, -7.535], [144.761, -7.57], [144.801, -7.492], [144.756, -7.542], [144.784, -7.564], [144.796, -7.541], [144.757, -7.663], [144.818, -7.681], [144.836, -7.634], [144.803, -7.605], [144.834, -7.627], [144.844, -7.595], [144.814, -7.551], [144.851, -7.583], [144.873, -7.573], [144.847, -7.553], [144.891, -7.557], [144.871, -7.567], [144.897, -7.596], [144.877, -7.581], [144.849, -7.613], [144.899, -7.616], [144.851, -7.653], [144.915, -7.632], [144.852, -7.655], [144.862, -7.724], [144.895, -7.718], [144.877, -7.753], [144.956, -7.805], [144.922, -7.757], [144.936, -7.703], [144.927, -7.766], [144.962, -7.745], [144.954, -7.782], [145, -7.82], [145.02, -7.789], [144.998, -7.755], [145.043, -7.845], [145.1, -7.801], [145.062, -7.767], [145.178, -7.849], [145.158, -7.776], [145.191, -7.767], [145.161, -7.784], [145.226, -7.859], [145.342, -7.864], [145.404, -7.946], [145.435, -7.933], [145.418, -7.95], [145.625, -7.936], [145.716, -7.959], [145.759, -7.946], [145.696, -7.94], [145.756, -7.912], [145.769, -7.942], [145.813, -7.9], [145.775, -7.94], [145.817, -7.986], [145.759, -7.961], [145.828, -8.031], [146.096, -8.091], [146.075, -8.118], [146.131, -8.137], [146.103, -8.129], [146.111, -8.164], [146.083, -8.136], [146.112, -8.186], [146.158, -8.219], [146.167, -8.18], [146.156, -8.225], [146.289, -8.309], [146.253, -8.31], [146.235, -8.271], [146.279, -8.35], [146.27, -8.41], [146.348, -8.548], [146.523, -8.715], [146.532, -8.76], [146.559, -8.749], [146.563, -8.814], [146.619, -8.792], [146.548, -8.883], [146.592, -8.997], [146.809, -9.062], [146.882, -9.115], [146.951, -9.085], [146.945, -9.042], [146.971, -9.03], [146.947, -9.008], [146.972, -9.049], [147.018, -9.05], [146.971, -9.064], [147.016, -9.083], [146.969, -9.071], [146.924, -9.119], [146.968, -9.129], [146.89, -9.124], [146.937, -9.148], [146.907, -9.165], [146.926, -9.248], [146.898, -9.269], [146.997, -9.278], [147.013, -9.39], [147.089, -9.476], [147.119, -9.461], [147.084, -9.423], [147.124, -9.419], [147.145, -9.485], [147.243, -9.54], [147.244, -9.486], [147.289, -9.501], [147.493, -9.762], [147.517, -9.873], [147.619, -9.984], [147.709, -10.019], [147.726, -10.104], [147.785, -10.05], [147.852, -10.097], [147.889, -10.036], [147.899, -10.08], [147.855, -10.101], [147.938, -10.098], [147.972, -10.161], [148.005, -10.161], [148.029, -10.131], [148.126, -10.126], [148.23, -10.018], [148.179, -10.101], [148.22, -10.094], [148.274, -10.14], [148.347, -10.133], [148.365, -10.16], [148.332, -10.139], [148.34, -10.176], [148.401, -10.208], [148.563, -10.17], [148.649, -10.192], [148.654, -10.16], [148.703, -10.144], [148.697, -10.112], [148.737, -10.124], [148.708, -10.148], [148.739, -10.167], [148.781, -10.124], [148.803, -10.142], [148.762, -10.163], [148.788, -10.178], [148.721, -10.191], [148.78, -10.205], [148.734, -10.2], [148.744, -10.237], [148.897, -10.237], [148.965, -10.288], [149.097, -10.231], [149.324, -10.314], [149.366, -10.277], [149.449, -10.334], [149.43, -10.354], [149.485, -10.332], [149.485, -10.365], [149.751, -10.346], [149.87, -10.409], [149.914, -10.496], [149.953, -10.422], [150.064, -10.466], [150.116, -10.423], [150.115, -10.474], [150.053, -10.473], [150.042, -10.517], [149.88, -10.503], [149.865, -10.526], [149.905, -10.524], [149.854, -10.553], [149.881, -10.573], [149.906, -10.542], [149.949, -10.584], [149.97, -10.55], [149.96, -10.596], [150.001, -10.603], [150.019, -10.574], [150.015, -10.627], [150.103, -10.642], [150.116, -10.674], [150.191, -10.649], [150.173, -10.679], [150.202, -10.703], [150.241, -10.669], [150.256, -10.693], [150.305, -10.681], [150.324, -10.647], [150.362, -10.686], [150.428, -10.692], [150.419, -10.664], [150.466, -10.658], [150.472, -10.62], [150.555, -10.631], [150.608, -10.582], [150.696, -10.561], [150.651, -10.477], [150.343, -10.397], [150.343, -10.334], [150.409, -10.298], [150.632, -10.352], [150.876, -10.228], [150.612, -10.285], [150.567, -10.248], [150.587, -10.209], [150.519, -10.232], [150.297, -10.187], [150.18, -10.092], [150.121, -10.12], [150.094, -10.086], [149.993, -10.084], [149.861, -10.018], [149.81, -9.912], [149.716, -9.849], [149.714, -9.809], [149.996, -9.747], [150.056, -9.724], [150.057, -9.684], [150.012, -9.665], [150.012, -9.63], [149.88, -9.643], [149.781, -9.59], [149.775, -9.618], [149.746, -9.592], [149.631, -9.622], [149.456, -9.613], [149.358, -9.518], [149.229, -9.49], [149.178, -9.348], [149.223, -9.31], [149.261, -9.173], [149.329, -9.135], [149.328, -9.112], [149.273, -9.111], [149.329, -9.079], [149.291, -9.081], [149.319, -9.055], [149.293, -9.014], [149.24, -9.038], [149.25, -8.997], [149.142, -9.031], [149.138, -8.989], [149.081, -9.022], [149.088, -9.062], [148.901, -9.047], [148.895, -9.089], [148.75, -9.118], [148.597, -9.079], [148.527, -9.005], [148.524, -8.915], [148.484, -8.897], [148.473, -8.742], [148.437, -8.68], [148.223, -8.556], [148.206, -8.306], [148.131, -8.062], [147.992, -8.072], [147.96, -8.004], [147.867, -7.94], [147.715, -7.942], [147.665, -7.791], [147.596, -7.756], [147.592, -7.785], [147.577, -7.71], [147.498, -7.696], [147.509, -7.644], [147.433, -7.611], [147.466, -7.589], [147.414, -7.554], [147.388, -7.576], [147.375, -7.525], [147.346, -7.53], [147.364, -7.508], [147.304, -7.514], [147.265, -7.461], [147.221, -7.495], [147.224, -7.463], [147.179, -7.463], [147.2, -7.429], [147.143, -7.378], [147.134, -7.221], [147.055, -7.146], [147.07, -7.014], [147.041, -7.059], [146.948, -6.976], [146.963, -6.748], [147.15, -6.704], [147.202, -6.738], [147.343, -6.747], [147.392, -6.719], [147.577, -6.747], [147.581, -6.709], [147.748, -6.708], [147.86, -6.644], [147.856, -6.593], [147.819, -6.588], [147.851, -6.575], [147.831, -6.526], [147.853, -6.431], [147.811, -6.325], [147.697, -6.255], [147.574, -6.057], [147.339, -5.918], [147.317, -5.938], [147.261, -5.916], [147.208, -5.962], [147.091, -5.96], [147.051, -5.91], [147, -5.939], [146.932, -5.904], [146.865, -5.836], [146.798, -5.858], [146.7, -5.772], [146.631, -5.762], [146.46, -5.606], [146.378, -5.615], [146.341, -5.573], [146.285, -5.596], [145.983, -5.469], [145.917, -5.497], [145.76, -5.478], [145.732, -5.422], [145.744, -5.325], [145.816, -5.219], [145.791, -5.218], [145.806, -5.089], [145.775, -5.075], [145.815, -5.068], [145.779, -4.944], [145.806, -4.848], [145.671, -4.756], [145.546, -4.581], [145.454, -4.493], [145.42, -4.5], [145.322, -4.385], [145.185, -4.404], [145.024, -4.344], [144.911, -4.192], [144.848, -4.178], [144.858, -4.115], [144.661, -4.012], [144.58, -4.001], [144.545, -3.908], [144.517, -4.006], [144.512, -3.963], [144.511, -3.994], [144.448, -3.942], [144.473, -3.953], [144.48, -3.921], [144.514, -3.944], [144.548, -3.87], [144.542, -3.905], [144.561, -3.886], [144.527, -3.812], [144.283, -3.78], [144.324, -3.816], [144.37, -3.794], [144.367, -3.824], [144.431, -3.799], [144.368, -3.832], [144.386, -3.879], [144.361, -3.887], [144.34, -3.879], [144.383, -3.878], [144.357, -3.815], [144.317, -3.83], [144.276, -3.799], [144.288, -3.816], [144.243, -3.841], [144.263, -3.868], [144.214, -3.853], [144.204, -3.814], [144.181, -3.846], [144.118, -3.802], [144.087, -3.827], [144.175, -3.779], [144.002, -3.819], [144.016, -3.796], [143.975, -3.79], [143.925, -3.716], [143.708, -3.6], [143.703, -3.551], [143.677, -3.58], [143.613, -3.556], [143.502, -3.436], [143.155, -3.357], [142.951, -3.347], [142.533, -3.232], [142.346, -3.123], [142.174, -3.089], [142.085, -3.021], [142.134, -3.06], [142.082, -3.068], [142.058, -3.022], [142.08, -3.016], [142.012, -2.973], [141.876, -2.972], [141.825, -2.915], [141.339, -2.713], [141.306, -2.668], [141.286, -2.688], [141.205, -2.632], [141.002, -2.605], [141.025, -2.142], [141.4, -1.076], [140.819, 0.736], [140.81, 1.026], [141.148, 1.296], [141.909, 1.674], [143.713, 2.177], [144.163, 2.373], [144.724, 2.524], [145.303, 2.574], [145.881, 2.524], [146.442, 2.373], [147.231, 2.011], [147.707, 1.678], [147.828, 1.557], [148.407, 1.813], [148.969, 1.964], [149.547, 2.015], [150.126, 1.965], [151.46, 1.562], [152.279, 0.336], [152.565, -0.03], [152.99, -0.467], [153.92, -0.985], [155.848, -1.141], [157.274, -1.18], [157.44, -1.415], [157.814, -1.501], [158.195, -1.323], [158.756, -1.173], [159.389, -1.114], [159.969, -1.164], [160.53, -1.313], [161.057, -1.557], [161.539, -1.891], [162.014, -2.36], [162.366, -2.857], [162.629, -3.426], [162.802, -4.142], [160.48, -4.751], [158.235, -4.872], [156.036, -6.55], [156.04, -6.658], [155.923, -6.847], [155.508, -6.958], [155.112, -7.247], [154.586, -8.135], [157.161, -11.374], [157.601, -12.436], [157.03, -14.092], [157.227, -14.273], [156.618, -14.082], [154.251, -14.748], [152.118, -14.632], [148.084, -13.173], [147.143, -12.64], [146.501, -12.332], [144.734, -9.849], [144.251, -9.499], [143.801, -9.365], [143.501, -9.399], [143.334, -9.548], [143.084, -9.548], [143.001, -9.665], [142.851, -9.673]], [[143.121, -8.335], [143.214, -8.366], [143.301, -8.323], [143.121, -8.335]], [[143.121, -8.335], [143.138, -8.321], [143.034, -8.345], [143.121, -8.335]], [[150.706, -10.624], [150.759, -10.626], [150.701, -10.573], [150.681, -10.602], [150.706, -10.624]], [[153.105, -11.233], [153.17, -11.255], [153.188, -11.294], [153.243, -11.256], [153.092, -11.18], [153.105, -11.233]], [[151.774, -3.329], [151.907, -3.433], [152.142, -3.482], [152.224, -3.534], [152.345, -3.644], [152.342, -3.688], [152.446, -3.824], [152.503, -3.857], [152.686, -4.181], [152.685, -4.375], [152.65, -4.453], [152.677, -4.553], [152.708, -4.572], [152.725, -4.668], [152.858, -4.77], [152.879, -4.852], [152.894, -4.789], [152.928, -4.798], [153.061, -4.598], [153.063, -4.53], [153.025, -4.477], [153.119, -4.375], [153.105, -4.243], [153.033, -4.189], [152.934, -3.978], [152.9, -3.997], [152.851, -3.976], [152.821, -3.863], [152.745, -3.89], [152.638, -3.822], [152.554, -3.812], [152.492, -3.64], [152.416, -3.671], [152.391, -3.6], [152.35, -3.584], [152.351, -3.534], [152.202, -3.451], [152.048, -3.28], [152.048, -3.242], [151.804, -3.192], [151.673, -3.045], [151.484, -2.974], [151.414, -2.901], [151.214, -2.873], [151.157, -2.776], [151.054, -2.746], [151.021, -2.687], [150.951, -2.684], [150.795, -2.554], [150.776, -2.617], [150.822, -2.65], [150.87, -2.641], [150.848, -2.691], [150.89, -2.681], [150.821, -2.691], [150.787, -2.738], [150.729, -2.708], [150.702, -2.731], [150.719, -2.752], [150.812, -2.789], [150.904, -2.758], [151.097, -2.842], [151.143, -2.904], [151.427, -3.056], [151.467, -3.118], [151.624, -3.182], [151.718, -3.303], [151.774, -3.329]], [[150.3, -6.266], [150.38, -6.279], [150.463, -6.248], [150.606, -6.12], [150.624, -6.157], [150.747, -6.126], [150.786, -6.002], [150.828, -6.047], [150.908, -6.01], [150.985, -6.007], [151.009, -6.034], [151.109, -5.955], [151.186, -5.956], [151.209, -5.902], [151.384, -5.799], [151.409, -5.703], [151.511, -5.675], [151.513, -5.636], [151.455, -5.63], [151.471, -5.522], [151.584, -5.529], [151.622, -5.568], [151.66, -5.512], [151.722, -5.515], [151.812, -5.588], [152.086, -5.448], [152.133, -5.33], [151.95, -5.141], [151.953, -4.99], [152.22, -4.971], [152.323, -4.852], [152.383, -4.678], [152.332, -4.497], [152.399, -4.324], [152.278, -4.343], [152.212, -4.293], [152.168, -4.304], [152.161, -4.205], [152.185, -4.248], [152.196, -4.227], [152.235, -4.244], [152.167, -4.133], [152.124, -4.208], [151.985, -4.197], [152.031, -4.262], [151.946, -4.341], [151.851, -4.289], [151.833, -4.219], [151.522, -4.186], [151.488, -4.217], [151.508, -4.307], [151.534, -4.389], [151.622, -4.476], [151.611, -4.565], [151.663, -4.635], [151.684, -4.87], [151.585, -4.966], [151.531, -4.924], [151.476, -4.951], [151.349, -4.911], [151.346, -4.953], [151.262, -4.983], [151.086, -5.143], [151.008, -5.304], [151.003, -5.381], [150.9, -5.484], [150.757, -5.45], [150.715, -5.523], [150.615, -5.547], [150.52, -5.436], [150.452, -5.425], [150.287, -5.559], [150.154, -5.552], [150.094, -5.518], [150.08, -5.4], [150.018, -5.287], [150.08, -5.256], [150.072, -5.135], [150.18, -5.088], [150.192, -5.056], [150.094, -4.997], [150.027, -5.028], [150.03, -5.1], [149.998, -5.135], [150.026, -5.204], [149.902, -5.337], [149.966, -5.413], [149.871, -5.52], [149.782, -5.483], [149.728, -5.551], [149.674, -5.54], [149.686, -5.477], [149.661, -5.448], [149.669, -5.492], [149.578, -5.496], [149.488, -5.558], [149.407, -5.54], [149.258, -5.592], [148.976, -5.457], [148.797, -5.532], [148.732, -5.482], [148.666, -5.476], [148.549, -5.538], [148.417, -5.443], [148.348, -5.484], [148.308, -5.641], [148.359, -5.744], [148.549, -5.834], [148.605, -5.805], [148.65, -5.853], [148.749, -5.863], [148.747, -5.942], [148.812, -5.911], [148.867, -5.955], [148.847, -5.994], [148.866, -5.977], [149.01, -6.043], [149.033, -6.015], [149.005, -6.072], [149.052, -6.091], [149.038, -6.161], [149.122, -6.141], [149.141, -6.074], [149.229, -6.093], [149.253, -6.057], [149.332, -6.054], [149.47, -6.093], [149.608, -6.291], [149.852, -6.286], [149.861, -6.258], [149.899, -6.295], [149.954, -6.253], [149.991, -6.286], [150.003, -6.266], [149.999, -6.317], [150.048, -6.24], [150.084, -6.287], [150.167, -6.218], [150.226, -6.281], [150.3, -6.266]], [[142.27, -9.291], [142.293, -9.262], [142.222, -9.232], [142.133, -9.267], [142.27, -9.291]], [[142.631, -9.423], [142.743, -9.42], [142.801, -9.377], [142.647, -9.368], [142.6, -9.389], [142.631, -9.423]], [[144.596, -7.434], [144.577, -7.444], [144.603, -7.508], [144.596, -7.434]], [[144.626, -7.46], [144.612, -7.533], [144.67, -7.527], [144.626, -7.46]], [[144.676, -7.495], [144.699, -7.529], [144.697, -7.487], [144.676, -7.495]], [[144.69, -7.535], [144.663, -7.531], [144.668, -7.559], [144.695, -7.559], [144.69, -7.535]], [[144.708, -7.536], [144.697, -7.583], [144.754, -7.629], [144.767, -7.586], [144.708, -7.536]], [[144.675, -7.629], [144.669, -7.605], [144.643, -7.649], [144.675, -7.629]], [[144.583, -7.547], [144.613, -7.517], [144.57, -7.443], [144.539, -7.529], [144.581, -7.516], [144.561, -7.539], [144.583, -7.547]], [[144.563, -7.444], [144.584, -7.436], [144.552, -7.411], [144.563, -7.444]], [[144.459, -7.689], [144.444, -7.615], [144.406, -7.604], [144.459, -7.689]], [[144.446, -7.699], [144.415, -7.685], [144.414, -7.716], [144.479, -7.8], [144.517, -7.804], [144.446, -7.699]], [[144.846, -7.736], [144.872, -7.78], [144.898, -7.769], [144.846, -7.736]], [[143.99, -7.815], [143.946, -7.759], [143.857, -7.722], [143.919, -7.803], [143.988, -7.837], [143.99, -7.815]], [[145.012, -7.823], [145.039, -7.841], [145.023, -7.797], [145.012, -7.823]], [[145.186, -7.852], [145.217, -7.851], [145.192, -7.799], [145.186, -7.852]], [[144.192, -7.802], [144.272, -7.775], [144.192, -7.746], [144.192, -7.802]], [[144.362, -7.75], [144.416, -7.77], [144.362, -7.723], [144.362, -7.75]], [[144.379, -7.739], [144.432, -7.735], [144.411, -7.718], [144.431, -7.639], [144.4, -7.605], [144.364, -7.627], [144.379, -7.739]], [[144.311, -7.719], [144.338, -7.708], [144.304, -7.644], [144.283, -7.663], [144.311, -7.719]], [[144.247, -7.665], [144.244, -7.593], [144.203, -7.659], [144.247, -7.665]], [[144.272, -7.593], [144.302, -7.644], [144.307, -7.606], [144.272, -7.593]], [[144.289, -7.586], [144.357, -7.684], [144.378, -7.655], [144.342, -7.632], [144.352, -7.599], [144.289, -7.586]], [[144.28, -7.649], [144.253, -7.595], [144.25, -7.652], [144.28, -7.649]], [[144.408, -7.601], [144.433, -7.598], [144.416, -7.555], [144.384, -7.551], [144.408, -7.601]], [[145.371, -7.901], [145.392, -7.918], [145.362, -7.878], [145.371, -7.901]], [[143.673, -8.049], [143.594, -8.012], [143.543, -8.029], [143.571, -8.078], [143.701, -8.096], [143.673, -8.049]], [[143.658, -8.097], [143.583, -8.1], [143.581, -8.122], [143.65, -8.173], [143.691, -8.147], [143.658, -8.097]], [[143.555, -8.088], [143.536, -8.039], [143.451, -8.002], [143.432, -7.935], [143.389, -7.934], [143.394, -7.991], [143.451, -8.023], [143.466, -8.071], [143.57, -8.111], [143.555, -8.088]], [[143.213, -8.301], [143.178, -8.306], [143.238, -8.307], [143.213, -8.301]], [[143.383, -8.304], [143.303, -8.318], [143.495, -8.319], [143.383, -8.304]], [[143.55, -8.33], [143.528, -8.341], [143.628, -8.409], [143.672, -8.394], [143.641, -8.337], [143.55, -8.33]], [[143.668, -8.395], [143.632, -8.411], [143.678, -8.424], [143.668, -8.395]], [[143.725, -8.44], [143.733, -8.478], [143.783, -8.501], [143.777, -8.454], [143.725, -8.44]], [[143.799, -8.494], [143.8, -8.541], [143.82, -8.521], [143.799, -8.494]], [[143.486, -8.537], [143.272, -8.46], [143.213, -8.403], [143.188, -8.419], [143.403, -8.581], [143.629, -8.7], [143.633, -8.64], [143.486, -8.537]], [[143.38, -8.669], [143.423, -8.691], [143.359, -8.651], [143.38, -8.669]], [[143.343, -8.605], [143.319, -8.549], [143.259, -8.52], [143.343, -8.605]], [[143.028, -8.408], [143.078, -8.386], [142.973, -8.387], [143.028, -8.408]], [[143.382, -8.333], [143.363, -8.35], [143.446, -8.349], [143.382, -8.333]], [[143.358, -8.356], [143.314, -8.367], [143.409, -8.425], [143.539, -8.439], [143.57, -8.401], [143.561, -8.359], [143.358, -8.356]], [[143.543, -8.44], [143.44, -8.431], [143.58, -8.508], [143.592, -8.415], [143.543, -8.44]], [[143.622, -8.459], [143.597, -8.501], [143.638, -8.536], [143.672, -8.488], [143.622, -8.459]], [[143.43, -8.97], [143.376, -9.022], [143.436, -9.026], [143.43, -8.97]], [[143.209, -9.067], [143.193, -9.101], [143.237, -9.082], [143.209, -9.067]], [[143.244, -9.097], [143.199, -9.133], [143.264, -9.141], [143.274, -9.101], [143.244, -9.097]], [[142.055, -9.204], [142.065, -9.18], [142.028, -9.191], [142.055, -9.204]], [[141.978, -9.203], [142.022, -9.19], [141.974, -9.183], [141.978, -9.203]], [[149.84, -10.478], [149.824, -10.507], [149.847, -10.525], [149.865, -10.492], [149.84, -10.478]], [[152.343, -10.684], [152.342, -10.709], [152.413, -10.722], [152.391, -10.665], [152.343, -10.684]], [[150.793, -10.552], [150.872, -10.636], [150.765, -10.603], [150.761, -10.623], [150.795, -10.652], [150.896, -10.656], [150.897, -10.55], [150.863, -10.529], [150.866, -10.564], [150.807, -10.533], [150.793, -10.552]], [[151.014, -10.584], [150.917, -10.606], [150.905, -10.657], [150.988, -10.634], [151.01, -10.671], [151.051, -10.673], [151.069, -10.649], [151.038, -10.642], [151.069, -10.594], [151.014, -10.584]], [[152.791, -10.609], [152.684, -10.658], [152.518, -10.624], [152.748, -10.719], [152.878, -10.673], [152.791, -10.609]], [[152.398, -10.754], [152.377, -10.776], [152.415, -10.783], [152.398, -10.754]], [[152.559, -11.072], [152.563, -11.101], [152.594, -11.096], [152.559, -11.072]], [[153.073, -11.147], [153.053, -11.17], [153.092, -11.166], [153.073, -11.147]], [[153.038, -11.172], [153.044, -11.152], [152.998, -11.15], [152.969, -11.187], [153.021, -11.213], [153.038, -11.172]], [[152.678, -11.15], [152.708, -11.124], [152.678, -11.121], [152.678, -11.15]], [[151.018, -10.31], [151.025, -10.263], [150.998, -10.273], [151.018, -10.31]], [[150.311, -9.522], [150.346, -9.514], [150.366, -9.472], [150.333, -9.463], [150.387, -9.387], [150.31, -9.24], [150.195, -9.199], [150.117, -9.26], [150.105, -9.371], [150.311, -9.522]], [[151.91, -9.271], [151.872, -9.285], [151.96, -9.292], [151.91, -9.271]], [[150.757, -9.303], [150.773, -9.287], [150.738, -9.263], [150.757, -9.303]], [[150.896, -9.261], [150.922, -9.252], [150.907, -9.231], [150.896, -9.261]], [[150.868, -9.226], [150.885, -9.211], [150.857, -9.204], [150.868, -9.226]], [[150.869, -9.737], [150.858, -9.765], [150.886, -9.763], [150.869, -9.737]], [[151.187, -8.874], [151.133, -8.799], [151.173, -8.852], [151.112, -8.875], [151.187, -8.874]], [[151.129, -8.799], [151.103, -8.748], [151.152, -8.567], [151.108, -8.507], [151.113, -8.401], [151.034, -8.436], [150.994, -8.531], [151.096, -8.547], [151.133, -8.59], [151.042, -8.725], [151.129, -8.799]], [[150.947, -8.567], [150.972, -8.555], [150.957, -8.477], [150.923, -8.521], [150.921, -8.579], [150.947, -8.567]], [[151.332, -8.606], [151.308, -8.625], [151.332, -8.652], [151.358, -8.595], [151.332, -8.606]], [[147.257, -7.432], [147.276, -7.4], [147.245, -7.396], [147.257, -7.432]], [[148.085, -5.448], [148.115, -5.41], [148.072, -5.369], [148.051, -5.424], [148.085, -5.448]], [[147.138, -5.441], [147.218, -5.404], [147.189, -5.264], [147.093, -5.204], [147.006, -5.238], [146.998, -5.359], [147.138, -5.441]], [[147.582, -5.283], [147.553, -5.331], [147.597, -5.347], [147.628, -5.312], [147.582, -5.283]], [[146.953, -5.13], [146.976, -5.121], [146.959, -5.091], [146.953, -5.13]], [[151.174, -4.958], [151.234, -4.921], [151.175, -4.883], [151.111, -4.925], [151.174, -4.958]], [[149.142, -4.918], [149.176, -4.891], [149.163, -4.864], [149.109, -4.885], [149.142, -4.918]], [[146.229, -4.829], [146.258, -4.801], [146.241, -4.763], [146.199, -4.783], [146.229, -4.829]], [[145.932, -4.754], [146.054, -4.706], [146.062, -4.583], [145.998, -4.521], [145.918, -4.568], [145.881, -4.644], [145.887, -4.729], [145.932, -4.754]], [[149.481, -4.643], [149.437, -4.701], [149.49, -4.705], [149.469, -4.67], [149.497, -4.657], [149.506, -4.702], [149.543, -4.711], [149.537, -4.655], [149.481, -4.643]], [[152.087, -4.121], [152.058, -4.095], [152.061, -4.126], [152.087, -4.121]], [[145.033, -4.124], [145.081, -4.07], [145.035, -4.031], [144.989, -4.067], [145.033, -4.124]], [[150.734, -2.697], [150.687, -2.689], [150.698, -2.726], [150.734, -2.697]], [[150.682, -2.722], [150.629, -2.71], [150.714, -2.751], [150.682, -2.722]], [[150.586, -2.73], [150.607, -2.684], [150.529, -2.666], [150.586, -2.73]], [[147.272, -2.578], [147.303, -2.543], [147.268, -2.512], [147.237, -2.537], [147.272, -2.578]], [[147.314, -2.438], [147.421, -2.377], [147.377, -2.375], [147.378, -2.342], [147.36, -2.375], [147.31, -2.354], [147.289, -2.386], [147.314, -2.438]], [[147.716, -2.341], [147.705, -2.37], [147.728, -2.345], [147.831, -2.346], [147.879, -2.293], [147.801, -2.238], [147.781, -2.316], [147.716, -2.341]], [[147.375, -1.976], [147.41, -2.065], [147.377, -2.074], [147.409, -2.051], [147.351, -2.038], [147.322, -2.084], [147.428, -2.076], [147.434, -2.018], [147.375, -1.976]], [[147.761, -2.004], [147.768, -2.036], [147.71, -2.053], [147.792, -2.06], [147.761, -2.004]], [[147.468, -2.377], [147.48, -2.352], [147.431, -2.366], [147.468, -2.377]], [[147.473, -2.386], [147.483, -2.424], [147.503, -2.404], [147.473, -2.386]], [[150.587, -2.614], [150.572, -2.634], [150.614, -2.657], [150.587, -2.614]], [[151.978, -2.592], [151.944, -2.659], [152.015, -2.661], [152.019, -2.608], [151.978, -2.592]], [[152.653, -2.767], [152.652, -2.799], [152.672, -2.783], [152.653, -2.767]], [[152.638, -3.04], [152.572, -3.042], [152.522, -3.092], [152.553, -3.166], [152.626, -3.228], [152.662, -3.138], [152.633, -3.113], [152.638, -3.04]], [[154.722, -3.363], [154.748, -3.429], [154.731, -3.466], [154.751, -3.438], [154.722, -3.363]], [[153.237, -3.466], [153.216, -3.431], [153.173, -3.458], [153.244, -3.499], [153.237, -3.466]], [[153.339, -3.389], [153.288, -3.358], [153.241, -3.382], [153.33, -3.415], [153.339, -3.389]], [[153.69, -4.01], [153.655, -4.023], [153.745, -4.026], [153.72, -3.996], [153.69, -4.01]], [[153.644, -4.042], [153.643, -4.011], [153.569, -4.087], [153.624, -4.139], [153.663, -4.105], [153.644, -4.042]], [[154.185, -4.45], [154.165, -4.457], [154.217, -4.484], [154.234, -4.569], [154.165, -4.519], [154.237, -4.575], [154.23, -4.472], [154.185, -4.45]], [[159.48, -4.543], [159.474, -4.59], [159.468, -4.516], [159.48, -4.543]], [[152.427, -4.205], [152.472, -4.192], [152.47, -4.216], [152.499, -4.178], [152.447, -4.117], [152.411, -4.165], [152.441, -4.182], [152.427, -4.205]], [[144.268, -3.779], [144.188, -3.778], [144.19, -3.812], [144.268, -3.779]], [[144.252, -3.79], [144.236, -3.818], [144.272, -3.801], [144.252, -3.79]], [[143.573, -3.447], [143.636, -3.418], [143.538, -3.385], [143.573, -3.447]], [[143.579, -3.378], [143.617, -3.359], [143.51, -3.317], [143.51, -3.356], [143.579, -3.378]], [[144.091, -3.252], [144.133, -3.227], [144.09, -3.189], [144.062, -3.215], [144.091, -3.252]], [[150.916, -2.919], [150.865, -2.906], [150.744, -2.985], [150.821, -2.952], [151.004, -2.967], [150.916, -2.919]], [[154.642, -5.491], [154.663, -5.587], [154.68, -5.536], [154.642, -5.491]], [[142.838, -1.753], [142.881, -1.729], [142.832, -1.719], [142.838, -1.753]], [[149.946, -1.674], [150.026, -1.67], [149.983, -1.667], [149.956, -1.623], [149.952, -1.66], [149.907, -1.651], [149.911, -1.679], [149.946, -1.674]], [[149.646, -1.57], [149.603, -1.557], [149.661, -1.595], [149.646, -1.57]], [[149.583, -1.586], [149.601, -1.575], [149.566, -1.563], [149.583, -1.586]], [[149.609, -1.504], [149.652, -1.519], [149.659, -1.495], [149.69, -1.542], [149.749, -1.525], [149.681, -1.388], [149.548, -1.315], [149.507, -1.429], [149.609, -1.504]], [[143.053, -1.476], [143.082, -1.463], [143.049, -1.455], [143.053, -1.476]], [[150.781, -9.72], [150.74, -9.734], [150.759, -9.799], [150.849, -9.842], [150.89, -9.991], [150.948, -10.004], [150.947, -9.961], [150.985, -9.998], [150.973, -10.032], [150.947, -10.015], [150.957, -10.1], [151.194, -10.154], [151.221, -10.192], [151.294, -9.982], [151.274, -9.917], [151.183, -9.938], [151.145, -10.034], [151.108, -10.04], [151.032, -9.986], [151.052, -9.942], [150.781, -9.72]], [[150.524, -9.532], [150.439, -9.596], [150.437, -9.631], [150.555, -9.623], [150.781, -9.683], [150.844, -9.657], [150.845, -9.722], [150.937, -9.668], [150.903, -9.595], [150.865, -9.581], [150.89, -9.51], [150.798, -9.414], [150.662, -9.431], [150.483, -9.327], [150.425, -9.371], [150.426, -9.418], [150.524, -9.532]], [[152.834, -9.047], [152.792, -9.004], [152.737, -9.025], [152.616, -8.984], [152.513, -8.993], [152.451, -8.942], [152.392, -8.989], [152.427, -9.087], [152.421, -8.988], [152.447, -8.963], [152.51, -8.995], [152.471, -9.045], [152.529, -9.036], [152.651, -9.115], [152.7, -9.088], [152.665, -9.139], [152.71, -9.176], [152.642, -9.182], [152.735, -9.26], [152.735, -9.173], [152.809, -9.256], [152.938, -9.225], [152.966, -9.256], [152.967, -9.225], [152.908, -9.196], [152.947, -9.175], [152.98, -9.2], [153.024, -9.161], [152.947, -9.125], [152.949, -9.083], [152.836, -9.072], [152.834, -9.047]], [[155.638, -6.194], [155.616, -6.168], [155.624, -6.219], [155.583, -6.222], [155.529, -6.156], [155.517, -6.178], [155.465, -6.155], [155.42, -6.094], [155.404, -5.988], [155.193, -5.856], [155.171, -5.726], [155.051, -5.575], [155.066, -5.541], [154.882, -5.548], [154.717, -5.408], [154.671, -5.438], [154.773, -5.546], [154.751, -5.584], [154.719, -5.564], [154.738, -5.603], [154.695, -5.745], [154.747, -5.847], [154.741, -5.935], [154.816, -6.023], [154.947, -6.098], [154.97, -6.197], [155.208, -6.309], [155.224, -6.349], [155.196, -6.395], [155.23, -6.444], [155.2, -6.527], [155.16, -6.529], [155.34, -6.729], [155.525, -6.84], [155.707, -6.881], [155.821, -6.763], [155.876, -6.781], [155.915, -6.717], [155.916, -6.801], [155.969, -6.708], [155.922, -6.597], [155.924, -6.513], [155.865, -6.469], [155.819, -6.363], [155.754, -6.335], [155.638, -6.194]], [[147.994, -5.827], [148.037, -5.815], [148.085, -5.634], [147.99, -5.543], [147.893, -5.524], [147.844, -5.465], [147.772, -5.46], [147.76, -5.612], [147.858, -5.696], [147.862, -5.743], [147.972, -5.789], [147.994, -5.827]], [[150.106, -2.402], [149.97, -2.492], [149.968, -2.45], [149.943, -2.47], [149.959, -2.503], [150.062, -2.533], [150.1, -2.62], [150.171, -2.681], [150.449, -2.652], [150.441, -2.477], [150.194, -2.358], [150.106, -2.402]], [[147.265, -2.136], [147.27, -2.079], [147.278, -2.101], [147.297, -2.062], [147.339, -2.059], [147.338, -2.026], [147.318, -2.05], [147.16, -1.984], [147.14, -2.008], [147.109, -1.974], [146.84, -1.951], [146.752, -1.997], [146.637, -1.97], [146.601, -2.026], [146.57, -1.986], [146.563, -2.043], [146.61, -2.114], [146.527, -2.118], [146.505, -2.204], [146.554, -2.256], [146.599, -2.183], [146.701, -2.197], [146.717, -2.17], [146.67, -2.132], [146.697, -2.123], [146.876, -2.204], [147.063, -2.206], [147.116, -2.174], [147.184, -2.208], [147.265, -2.136]], [[151.937, -2.706], [151.909, -2.709], [151.934, -2.753], [151.912, -2.822], [151.96, -2.842], [151.942, -2.884], [151.991, -2.906], [152.003, -2.965], [152.05, -2.999], [152.076, -2.93], [151.993, -2.878], [151.966, -2.831], [152.004, -2.818], [151.98, -2.803], [152.007, -2.755], [151.937, -2.706]], [[154.656, -5.05], [154.648, -5.015], [154.607, -5.006], [154.516, -5.124], [154.57, -5.109], [154.555, -5.272], [154.618, -5.461], [154.648, -5.408], [154.654, -5.444], [154.681, -5.422], [154.711, -5.232], [154.656, -5.05]], [[154.283, -11.389], [154.269, -11.336], [154.211, -11.291], [154.129, -11.327], [154.136, -11.298], [154.057, -11.297], [154.122, -11.35], [154.042, -11.365], [154.012, -11.34], [153.972, -11.37], [154.089, -11.425], [154.112, -11.388], [154.13, -11.416], [154.149, -11.389], [154.249, -11.418], [154.283, -11.389]], [[144.588, -7.551], [144.539, -7.536], [144.576, -7.623], [144.603, -7.564], [144.579, -7.638], [144.664, -7.639], [144.653, -7.554], [144.632, -7.568], [144.652, -7.533], [144.588, -7.551]]]], "type": "MultiPolygon"}, "properties": {"long_title": null, "region": "eez", "region_id": 598, "title": "Papua New Guinea"}, "type": "Feature"}, {"geometry": {"coordinates": [[[[-5, 45.183], [-3.172, 44.867], [-2.605, 44.411], [-2.19, 43.89], [-1.858, 43.661], [-1.772, 43.525], [-1.771, 43.365], [-1.798, 43.347], [-1.796, 43.393], [-1.927, 43.335], [-1.911, 43.319], [-1.962, 43.338], [-2.13, 43.274], [-2.202, 43.312], [-2.355, 43.298], [-2.643, 43.415], [-2.682, 43.41], [-2.683, 43.364], [-2.752, 43.457], [-2.947, 43.436], [-2.946, 43.409], [-3.036, 43.375], [-3.021, 43.326], [-3.074, 43.354], [-3.045, 43.359], [-3.104, 43.364], [-3.083, 43.378], [-3.12, 43.343], [-3.223, 43.397], [-3.32, 43.39], [-3.323, 43.42], [-3.423, 43.41], [-3.449, 43.434], [-3.463, 43.391], [-3.428, 43.367], [-3.479, 43.37], [-3.476, 43.415], [-3.52, 43.425], [-3.427, 43.458], [-3.547, 43.483], [-3.55, 43.51], [-3.588, 43.478], [-3.585, 43.515], [-3.723, 43.473], [-3.737, 43.432], [-3.771, 43.449], [-3.814, 43.402], [-3.775, 43.404], [-3.808, 43.395], [-3.83, 43.435], [-3.763, 43.467], [-3.784, 43.492], [-4.221, 43.394], [-4.568, 43.393], [-4.926, 43.463], [-5.215, 43.473], [-5.299, 43.536], [-5.373, 43.54], [-5.416, 43.509], [-5.387, 43.528], [-5.409, 43.554], [-5.692, 43.543], [-5.683, 43.57], [-5.758, 43.586], [-5.84, 43.662], [-5.946, 43.599], [-5.916, 43.59], [-5.919, 43.559], [-5.93, 43.592], [-6.019, 43.588], [-6.086, 43.536], [-6.078, 43.565], [-6.185, 43.563], [-6.244, 43.597], [-6.355, 43.551], [-6.47, 43.571], [-6.536, 43.546], [-6.626, 43.575], [-6.71, 43.564], [-6.725, 43.532], [-6.745, 43.568], [-6.946, 43.575], [-7.029, 43.557], [-7.007, 43.53], [-7.053, 43.474], [-7.04, 43.557], [-7.237, 43.569], [-7.267, 43.541], [-7.246, 43.577], [-7.358, 43.672], [-7.49, 43.733], [-7.585, 43.712], [-7.599, 43.658], [-7.638, 43.753], [-7.709, 43.708], [-7.662, 43.775], [-7.689, 43.792], [-7.813, 43.727], [-7.808, 43.695], [-7.861, 43.706], [-7.845, 43.671], [-7.885, 43.664], [-7.877, 43.722], [-7.849, 43.71], [-7.87, 43.775], [-8, 43.706], [-8.062, 43.705], [-8.077, 43.661], [-8.051, 43.633], [-8.093, 43.667], [-8.263, 43.556], [-8.323, 43.565], [-8.294, 43.533], [-8.332, 43.513], [-8.341, 43.458], [-8.248, 43.493], [-8.2, 43.478], [-8.153, 43.513], [-8.2, 43.46], [-8.317, 43.445], [-8.135, 43.424], [-8.222, 43.392], [-8.215, 43.292], [-8.21, 43.327], [-8.306, 43.406], [-8.355, 43.39], [-8.348, 43.348], [-8.383, 43.34], [-8.36, 43.316], [-8.4, 43.39], [-8.533, 43.315], [-8.713, 43.289], [-8.839, 43.346], [-8.845, 43.32], [-8.91, 43.322], [-8.908, 43.293], [-8.992, 43.275], [-8.941, 43.223], [-8.912, 43.243], [-8.93, 43.221], [-9.012, 43.233], [-9.06, 43.183], [-9.175, 43.192], [-9.214, 43.165], [-9.205, 43.129], [-9.132, 43.133], [-9.188, 43.089], [-9.217, 43.113], [-9.221, 43.088], [-9.257, 43.092], [-9.272, 43.045], [-9.3, 43.057], [-9.252, 43.003], [-9.298, 42.922], [-9.282, 42.889], [-9.232, 42.942], [-9.183, 42.916], [-9.19, 42.952], [-9.128, 42.907], [-9.152, 42.871], [-9.108, 42.821], [-9.154, 42.802], [-9.092, 42.737], [-9.048, 42.769], [-9.063, 42.787], [-8.959, 42.779], [-8.87, 42.828], [-8.892, 42.781], [-8.929, 42.784], [-9.034, 42.696], [-9.093, 42.576], [-9.035, 42.559], [-9.048, 42.517], [-9.006, 42.513], [-8.991, 42.564], [-8.92, 42.587], [-8.937, 42.607], [-8.9, 42.643], [-8.857, 42.606], [-8.842, 42.686], [-8.804, 42.637], [-8.726, 42.677], [-8.772, 42.593], [-8.83, 42.575], [-8.821, 42.452], [-8.868, 42.447], [-8.871, 42.501], [-8.945, 42.463], [-8.882, 42.455], [-8.882, 42.415], [-8.839, 42.384], [-8.652, 42.428], [-8.77, 42.333], [-8.837, 42.34], [-8.817, 42.279], [-8.858, 42.309], [-8.873, 42.25], [-8.69, 42.28], [-8.632, 42.354], [-8.597, 42.346], [-8.614, 42.286], [-8.763, 42.232], [-8.85, 42.157], [-8.815, 42.115], [-8.9, 42.113], [-8.875, 41.899], [-8.897, 41.856], [-9.556, 41.811], [-11.409, 41.785], [-13.3, 41.396], [-13.404, 41.539], [-13.688, 42.113], [-13.843, 42.81], [-13.852, 43.39], [-13.72, 43.97], [-13.45, 44.517], [-12.966, 45.131], [-12.434, 45.575], [-11.419, 46.151], [-10.541, 46.545], [-9.637, 46.874], [-9.223, 46.325], [-8.633, 45.809], [-5.667, 45.299], [-5.667, 45.5], [-5, 45.5], [-5, 45.183]]]], "type": "MultiPolygon"}, "properties": {"long_title": null, "region": "eez", "region_id": 963, "title": "Spain (Northwest)"}, "type": "Feature"}, {"geometry": {"coordinates": [[[[-32.364, -0.488], [-29.347, -2.414], [-29.245, -2.625], [-29.086, -3.18], [-29.026, -3.754], [-29.067, -4.332], [-29.222, -4.934], [-29.461, -5.464], [-29.794, -5.953], [-30.201, -6.369], [-30.692, -6.721], [-31.226, -6.978], [-31.425, -7.034], [-33.73, -5.123], [-34.606, -4.549], [-35.147, -3.694], [-35.295, -3.375], [-35.421, -2.829], [-35.649, -2.157], [-36.066, -1.411], [-35.509, -0.992], [-34.983, -0.742], [-34.422, -0.588], [-33.843, -0.532], [-33.186, -0.596], [-32.989, -0.542], [-32.364, -0.488]], [[-32.393, -3.817], [-32.477, -3.877], [-32.424, -3.879], [-32.393, -3.817]]]], "type": "MultiPolygon"}, "properties": {"long_title": null, "region": "eez", "region_id": 969, "title": "Fernando de Noronha (Brazil)"}, "type": "Feature"}, {"geometry": {"coordinates": [[[[-62.958, 18.025], [-63.015, 18.052], [-63.018, 18.122], [-63.051, 18.119], [-63.098, 18.06], [-63.148, 18.072], [-63.286, 17.874], [-63.634, 17.948], [-63.474, 18.034], [-62.949, 18.181], [-62.739, 18.156], [-62.958, 18.025]]]], "type": "MultiPolygon"}, "properties": {"long_title": null, "region": "eez", "region_id": 905, "title": "St Martin (France)"}, "type": "Feature"}, {"geometry": {"coordinates": [[[[-57.538, 16.478], [-57.906, 16.366], [-57.948, 16.501], [-60.899, 15.665], [-61.324, 15.734], [-61.442, 15.787], [-61.748, 15.603], [-62.814, 15.065], [-62.814, 15.842], [-62.405, 16.128], [-62.053, 16.431], [-61.829, 16.686], [-61.017, 16.973], [-60.513, 17.378], [-60.217, 17.572], [-59.138, 18.161], [-58.372, 18.532], [-57.965, 17.988], [-57.718, 17.457], [-57.567, 16.883], [-57.538, 16.478]], [[-61.278, 16.005], [-61.337, 15.942], [-61.324, 15.888], [-61.28, 15.867], [-61.195, 15.93], [-61.278, 16.005]], [[-61.617, 15.852], [-61.636, 15.871], [-61.651, 15.847], [-61.617, 15.852]], [[-61.806, 16.264], [-61.771, 16.061], [-61.699, 15.946], [-61.619, 15.97], [-61.557, 16.051], [-61.582, 16.237], [-61.547, 16.221], [-61.551, 16.252], [-61.465, 16.196], [-61.255, 16.257], [-61.171, 16.246], [-61.298, 16.328], [-61.379, 16.344], [-61.41, 16.468], [-61.464, 16.515], [-61.542, 16.438], [-61.494, 16.354], [-61.554, 16.283], [-61.612, 16.267], [-61.602, 16.304], [-61.744, 16.362], [-61.802, 16.315], [-61.806, 16.264]]]], "type": "MultiPolygon"}, "properties": {"long_title": null, "region": "eez", "region_id": 312, "title": "Guadeloupe  (France)"}, "type": "Feature"}, {"geometry": {"coordinates": [[[[52.8, -18.8], [55.506, -18.286], [56.294, -20.082], [56.462, -20.599], [58.24, -23.801], [57.761, -24.161], [57.062, -24.492], [56.273, -24.686], [55.615, -24.737], [54.926, -24.675], [54.181, -24.475], [53.404, -24.106], [52.843, -23.695], [52.539, -23.386], [52.224, -22.962], [51.962, -22.472], [51.835, -22.12], [51.838, -21.531], [51.979, -20.704], [52, -20.4], [52.8, -18.8]], [[55.509, -20.883], [55.39, -20.887], [55.289, -20.933], [55.27, -21.008], [55.216, -21.036], [55.302, -21.237], [55.555, -21.372], [55.782, -21.362], [55.837, -21.184], [55.815, -21.139], [55.709, -21.028], [55.672, -20.934], [55.509, -20.883]]]], "type": "MultiPolygon"}, "properties": {"long_title": null, "region": "eez", "region_id": 638, "title": "R\u00e9union (France)"}, "type": "Feature"}, {"geometry": {"coordinates": [[[[-171.846, -15.837], [-171.284, -16.826], [-171.766, -17.406], [-171.985, -19.305], [-172.003, -20.053], [-171.87, -20.901], [-171.565, -21.866], [-171.409, -22.157], [-171.511, -22.547], [-171.764, -23.08], [-172.116, -23.565], [-172.556, -23.984], [-173.071, -24.325], [-173.417, -24.478], [-173.858, -24.888], [-174.38, -25.226], [-174.962, -25.475], [-175.583, -25.625], [-176.224, -25.674], [-176.872, -25.617], [-177.491, -25.46], [-178.068, -25.206], [-178.585, -24.864], [-179.071, -24.369], [-177.903, -22.357], [-177.032, -20.962], [-176.883, -20.435], [-176.628, -19.012], [-176.451, -18.588], [-176.358, -17.985], [-176.278, -17.68], [-176.273, -17.474], [-176.897, -16.827], [-177.375, -15.985], [-177.324, -15.832], [-176.642, -14.646], [-174.532, -14.143], [-174.442, -14.259], [-173.653, -14.551], [-172.641, -15.08], [-171.846, -15.837]], [[-175.637, -15.64], [-175.6, -15.601], [-175.628, -15.566], [-175.68, -15.602], [-175.637, -15.64]], [[-173.757, -15.932], [-173.811, -15.953], [-173.792, -15.98], [-173.757, -15.932]], [[-174.069, -18.713], [-174.068, -18.688], [-174.102, -18.703], [-174.069, -18.713]], [[-174.126, -18.7], [-174.083, -18.672], [-174.124, -18.675], [-174.126, -18.7]], [[-174.648, -18.782], [-174.671, -18.802], [-174.633, -18.825], [-174.619, -18.801], [-174.648, -18.782]], [[-175.016, -19.645], [-175.025, -19.692], [-174.997, -19.664], [-175.016, -19.645]], [[-175.099, -19.725], [-175.106, -19.76], [-175.041, -19.786], [-175.048, -19.716], [-175.099, -19.725]], [[-174.298, -19.737], [-174.38, -19.827], [-174.336, -19.83], [-174.338, -19.764], [-174.288, -19.759], [-174.281, -19.719], [-174.298, -19.737]], [[-174.776, -20.238], [-174.811, -20.254], [-174.784, -20.271], [-174.776, -20.238]], [[-174.968, -21.408], [-174.902, -21.452], [-174.917, -21.282], [-174.973, -21.367], [-174.968, -21.408]], [[-173.989, -18.573], [-174.069, -18.631], [-174.038, -18.672], [-173.974, -18.613], [-174.005, -18.647], [-173.984, -18.674], [-173.995, -18.653], [-174.016, -18.677], [-173.987, -18.712], [-173.978, -18.654], [-173.941, -18.645], [-173.958, -18.626], [-173.932, -18.612], [-173.927, -18.654], [-173.902, -18.63], [-173.932, -18.572], [-173.989, -18.573]], [[-175.226, -21.121], [-175.328, -21.117], [-175.325, -21.062], [-175.357, -21.093], [-175.335, -21.159], [-175.138, -21.272], [-175.101, -21.252], [-175.082, -21.179], [-175.031, -21.151], [-175.099, -21.12], [-175.127, -21.189], [-175.169, -21.197], [-175.138, -21.171], [-175.232, -21.17], [-175.144, -21.134], [-175.226, -21.121]]]], "type": "MultiPolygon"}, "properties": {"long_title": null, "region": "eez", "region_id": 776, "title": "Tonga"}, "type": "Feature"}, {"geometry": {"coordinates": [[[[-171.284, -16.826], [-171.846, -15.837], [-171.627, -15.239], [-170.94, -13.844], [-170.512, -12.605], [-171.29, -12.457], [-172.805, -11.68], [-173.747, -11.038], [-171.849, -10.297], [-168.524, -10.024], [-168.466, -11.731], [-168.173, -12.032], [-167.422, -12.478], [-165.622, -14.058], [-165.201, -15.646], [-166.643, -17.558], [-169.32, -16.627], [-169.933, -16.583], [-171.284, -16.826]], [[-169.657, -14.182], [-169.633, -14.168], [-169.682, -14.16], [-169.657, -14.182]], [[-169.43, -14.212], [-169.519, -14.223], [-169.485, -14.272], [-169.421, -14.255], [-169.43, -14.212]], [[-170.573, -14.272], [-170.562, -14.245], [-170.652, -14.258], [-170.672, -14.229], [-170.723, -14.287], [-170.847, -14.323], [-170.759, -14.374], [-170.678, -14.298], [-170.698, -14.272], [-170.573, -14.272]]]], "type": "MultiPolygon"}, "properties": {"long_title": null, "region": "eez", "region_id": 16, "title": "American Samoa"}, "type": "Feature"}, {"geometry": {"coordinates": [[[[148.079, 12.23], [147.745, 11.64], [144.941, 11.223], [143.448, 10.951], [143.052, 10.958], [141.359, 12.905], [141.215, 13.109], [141.215, 13.831], [141.367, 14.515], [141.662, 15.153], [142.095, 15.727], [143.956, 14.442], [145.083, 13.845], [145.587, 13.618], [148.079, 12.23]], [[144.863, 13.477], [144.927, 13.522], [144.957, 13.599], [144.86, 13.654], [144.768, 13.481], [144.625, 13.457], [144.685, 13.463], [144.669, 13.419], [144.618, 13.448], [144.663, 13.401], [144.632, 13.342], [144.676, 13.255], [144.727, 13.246], [144.76, 13.279], [144.784, 13.422], [144.863, 13.477]]]], "type": "MultiPolygon"}, "properties": {"long_title": null, "region": "eez", "region_id": 316, "title": "Guam (USA)"}, "type": "Feature"}, {"geometry": {"coordinates": [[[[137.982, 23.249], [139.482, 21.433], [139.604, 20.969], [139.644, 20.388], [139.578, 19.811], [139.406, 19.254], [139.136, 18.732], [138.777, 18.262], [138.339, 17.858], [137.834, 17.529], [137.281, 17.288], [136.693, 17.141], [136.088, 17.091], [135.481, 17.141], [134.891, 17.289], [134.338, 17.53], [133.835, 17.857], [133.397, 18.262], [133.037, 18.733], [132.767, 19.254], [132.595, 19.812], [132.528, 20.39], [132.569, 20.969], [132.694, 21.443], [132.414, 21.325], [131.812, 21.178], [131.192, 21.128], [130.569, 21.178], [129.966, 21.324], [129.398, 21.563], [128.882, 21.889], [128.431, 22.292], [128.233, 22.541], [128.358, 23.646], [128.931, 24.76], [129.568, 25.81], [130.491, 26.574], [131.318, 27.179], [132.21, 27.657], [133.165, 28.102], [133.974, 28.318], [134.227, 28.059], [134.59, 27.576], [134.85, 27.043], [135, 26.479], [135.038, 25.897], [134.964, 25.32], [134.825, 24.896], [134.856, 24.424], [134.785, 23.846], [134.666, 23.476], [134.842, 23.553], [135.452, 23.707], [136.088, 23.759], [136.72, 23.707], [137.33, 23.553], [137.982, 23.249]], [[131.236, 25.812], [131.268, 25.83], [131.262, 25.87], [131.22, 25.866], [131.236, 25.812]], [[131.313, 25.927], [131.333, 25.952], [131.286, 25.961], [131.313, 25.927]]]], "type": "MultiPolygon"}, "properties": {"long_title": null, "region": "eez", "region_id": 393, "title": "Japan (Daito Islands)"}, "type": "Feature"}, {"geometry": {"coordinates": [[[[157.569, 23.663], [157.391, 23.106], [157.112, 22.586], [156.74, 22.116], [156.289, 21.712], [155.773, 21.386], [155.206, 21.146], [154.604, 20.999], [153.983, 20.95], [153.363, 20.999], [152.749, 21.149], [152.182, 21.389], [151.666, 21.715], [151.216, 22.118], [150.845, 22.587], [150.566, 23.107], [150.388, 23.664], [150.316, 24.241], [150.355, 24.821], [150.505, 25.386], [150.762, 25.918], [151.122, 26.402], [151.584, 26.832], [152.111, 27.172], [152.7, 27.424], [153.331, 27.578], [153.983, 27.63], [154.636, 27.578], [155.267, 27.424], [155.856, 27.172], [156.383, 26.832], [156.834, 26.412], [157.193, 25.929], [157.451, 25.397], [157.602, 24.821], [157.641, 24.241], [157.569, 23.663]]], [[[139.482, 21.433], [137.982, 23.249], [137.872, 23.55], [137.691, 24.106], [137.616, 24.691], [137.632, 24.986], [137.582, 25.377], [137.601, 25.676], [137.395, 26.044], [137.206, 26.6], [137.127, 27.177], [137.161, 27.757], [137.212, 27.949], [144.424, 30.607], [144.547, 30.286], [145.069, 29.837], [145.475, 29.302], [145.76, 28.704], [145.94, 28.005], [145.994, 27.018], [145.951, 26.703], [145.963, 26.498], [145.885, 25.922], [145.699, 25.366], [145.41, 24.848], [145.106, 24.475], [145.126, 24.18], [145.096, 23.893], [143.084, 22.304], [141.348, 20.881], [140.841, 20.928], [140.236, 21.075], [139.669, 21.315], [139.482, 21.433]], [[142.187, 27.099], [142.209, 27.073], [142.185, 27.036], [142.228, 27.031], [142.22, 27.095], [142.187, 27.099]], [[142.122, 26.713], [142.179, 26.607], [142.189, 26.659], [142.167, 26.66], [142.194, 26.681], [142.166, 26.661], [142.166, 26.702], [142.122, 26.713]], [[141.321, 24.808], [141.286, 24.745], [141.347, 24.778], [141.321, 24.808]]]], "type": "MultiPolygon"}, "properties": {"long_title": null, "region": "eez", "region_id": 971, "title": "Japan (Ogasawara Islands)"}, "type": "Feature"}, {"geometry": {"coordinates": [[[[75.602, -49.826], [76.266, -50.031], [76.887, -50.292], [77.382, -50.562], [78.07, -51.016], [78.484, -51.362], [78.83, -51.737], [79.099, -52.136], [79.286, -52.551], [79.387, -52.978], [79.396, -53.408], [79.312, -53.836], [79.141, -54.239], [78.872, -54.637], [78.527, -54.997], [78.101, -55.328], [77.6, -55.625], [77.074, -55.865], [76.495, -56.067], [75.735, -56.278], [74.98, -56.419], [74.268, -56.496], [73.52, -56.522], [72.798, -56.498], [72.089, -56.422], [70.891, -56.227], [70.313, -56.102], [69.637, -55.897], [69.021, -55.642], [68.46, -55.331], [67.97, -54.964], [67.583, -54.562], [67.302, -54.133], [67.126, -53.688], [67.056, -53.235], [68.092, -52.708], [69.734, -51.972], [71.208, -51.409], [72.475, -51.052], [75.602, -49.826]], [[73.324, -52.978], [73.304, -52.962], [73.253, -53.003], [73.369, -53.024], [73.363, -53.076], [73.407, -53.14], [73.496, -53.195], [73.601, -53.187], [73.647, -53.139], [73.873, -53.108], [73.699, -53.112], [73.65, -53.048], [73.614, -53.056], [73.624, -53.037], [73.498, -53.012], [73.416, -53.028], [73.41, -52.999], [73.386, -53.029], [73.324, -52.978]]]], "type": "MultiPolygon"}, "properties": {"long_title": null, "region": "eez", "region_id": 334, "title": "Heard & McDonald Isl. (Australia)"}, "type": "Feature"}, {"geometry": {"coordinates": [[[[74.263, -3.31], [72.6, -2.982], [70.207, -2.284], [70.004, -1.869], [69.865, -1.455], [69.754, -0.824], [69.571, 2.005], [69.386, 3.368], [69.385, 4.292], [69.217, 5.977], [69.214, 6.475], [69.274, 6.919], [69.556, 7.949], [70.252, 8.094], [72.707, 7.715], [73.327, 7.651], [74.936, 7.858], [75.272, 7.257], [75.429, 6.852], [76.613, 5.232], [77.023, 4.784], [77.059, 4.539], [77.102, 3.303], [76.918, 1.885], [76.907, 0.161], [76.704, -0.974], [76.57, -1.456], [76.295, -2.037], [75.859, -2.704], [75.543, -3.063], [75.211, -3.354], [75.053, -3.467], [74.263, -3.31]], [[73.109, 0.249], [73.086, 0.268], [73.123, 0.234], [73.109, 0.249]], [[73.207, -0.576], [73.223, -0.643], [73.24, -0.58], [73.207, -0.576]]]], "type": "MultiPolygon"}, "properties": {"long_title": null, "region": "eez", "region_id": 462, "title": "Maldives"}, "type": "Feature"}, {"geometry": {"coordinates": [[[[-57.538, 16.478], [-57.549, 16.027], [-58.162, 15.759], [-58.912, 15.146], [-60, 14.114], [-61.004, 14.273], [-61.399, 14.188], [-62.228, 14.154], [-62.814, 14.081], [-62.814, 14.489], [-57.875, 16.231], [-57.906, 16.366], [-57.538, 16.478]], [[-61.072, 14.469], [-60.981, 14.482], [-60.899, 14.448], [-60.875, 14.471], [-60.886, 14.405], [-60.838, 14.411], [-60.809, 14.459], [-60.827, 14.568], [-60.899, 14.62], [-60.883, 14.666], [-60.943, 14.67], [-60.9, 14.698], [-60.943, 14.743], [-60.891, 14.735], [-60.873, 14.772], [-60.958, 14.736], [-61.029, 14.831], [-61.18, 14.875], [-61.229, 14.815], [-61.177, 14.746], [-61.18, 14.692], [-61.092, 14.599], [-61.023, 14.612], [-60.992, 14.553], [-61.027, 14.536], [-61.053, 14.562], [-61.088, 14.534], [-61.072, 14.469]]]], "type": "MultiPolygon"}, "properties": {"long_title": null, "region": "eez", "region_id": 474, "title": "Martinique (France)"}, "type": "Feature"}, {"geometry": {"coordinates": [[[[-166.224, 15.544], [-166.527, 14.974], [-166.971, 14.43], [-167.468, 14.01], [-168.037, 13.689], [-168.727, 13.457], [-169.375, 13.363], [-170.03, 13.391], [-170.668, 13.538], [-171.266, 13.801], [-171.85, 14.206], [-172.307, 14.685], [-172.659, 15.227], [-172.916, 15.88], [-173.026, 16.513], [-173.008, 17.154], [-172.863, 17.78], [-172.565, 18.418], [-172.141, 18.987], [-171.649, 19.426], [-171.039, 19.789], [-170.346, 20.033], [-169.675, 20.129], [-168.975, 20.101], [-168.316, 19.948], [-167.702, 19.678], [-167.111, 19.261], [-166.642, 18.763], [-166.275, 18.158], [-166.062, 17.55], [-165.974, 16.856], [-166.026, 16.217], [-166.224, 15.544]]]], "type": "MultiPolygon"}, "properties": {"long_title": null, "region": "eez", "region_id": 396, "title": "Johnston Atoll (USA)"}, "type": "Feature"}, {"geometry": {"coordinates": [[[[-180, 31.468], [-179.567, 31.621], [-179.065, 31.736], [-178.577, 31.791], [-178.07, 31.791], [-177.604, 31.739], [-177.05, 31.61], [-176.472, 31.53], [-175.729, 31.304], [-175.154, 31.259], [-174.579, 31.137], [-174.183, 31.002], [-173.797, 30.825], [-173.423, 30.601], [-173.092, 30.349], [-172.807, 30.076], [-172.558, 29.775], [-172.352, 29.456], [-172.182, 29.105], [-171.483, 29.121], [-170.822, 29.03], [-170.164, 28.824], [-169.765, 28.759], [-169.349, 28.647], [-168.95, 28.493], [-168.583, 28.302], [-168.145, 28.341], [-167.717, 28.334], [-167.306, 28.285], [-166.904, 28.195], [-166.362, 28.001], [-165.878, 27.744], [-165.446, 27.424], [-165.077, 27.052], [-164.707, 26.923], [-164.145, 26.884], [-163.584, 26.764], [-163.102, 26.589], [-162.639, 26.345], [-162.181, 26.401], [-161.762, 26.405], [-161.338, 26.365], [-160.909, 26.278], [-160.542, 26.162], [-160.175, 26.003], [-159.831, 25.809], [-159.522, 25.587], [-163.732, 20.16], [-163.956, 20.301], [-164.659, 20.229], [-165.102, 20.25], [-165.548, 20.324], [-166.273, 20.284], [-166.758, 20.334], [-167.211, 20.437], [-167.726, 20.624], [-168.204, 20.88], [-168.763, 21.319], [-169.216, 21.846], [-169.634, 22.012], [-170.007, 22.211], [-170.587, 22.162], [-171.142, 22.195], [-171.599, 22.283], [-172.04, 22.423], [-172.711, 22.533], [-173.346, 22.754], [-173.789, 22.704], [-174.275, 22.706], [-174.756, 22.768], [-175.225, 22.888], [-175.911, 23.185], [-176.492, 23.582], [-176.991, 24.089], [-177.363, 24.662], [-177.837, 24.872], [-179.322, 25.161], [-180, 25.39], [-180, 31.468]]], [[[180, 25.39], [179.552, 25.622], [179.126, 25.92], [178.764, 26.254], [178.435, 26.658], [178.174, 27.098], [177.994, 27.537], [177.883, 27.994], [177.844, 28.476], [177.882, 28.948], [177.99, 29.393], [178.172, 29.833], [178.429, 30.253], [178.74, 30.624], [179.117, 30.96], [179.53, 31.236], [180, 31.468], [180, 25.39]]]], "type": "MultiPolygon"}, "properties": {"long_title": null, "region": "eez", "region_id": 488, "title": "Hawaii Northwest Islands (USA)"}, "type": "Feature"}, {"geometry": {"coordinates": [[[[167.816, -3.753], [167.703, -3.815], [167.233, -3.891], [166.87, -3.904], [166.472, -3.876], [165.881, -3.735], [165.33, -3.495], [165.004, -3.292], [164.651, -3.016], [164.331, -2.661], [163.974, -2.119], [163.723, -1.507], [163.597, -0.862], [163.596, -0.214], [163.721, 0.429], [163.962, 1.029], [164.312, 1.568], [164.775, 2.05], [165.303, 2.42], [165.905, 2.685], [168.598, 1.77], [167.816, -3.753]], [[166.912, -0.544], [166.947, -0.549], [166.957, -0.509], [166.912, -0.544]]]], "type": "MultiPolygon"}, "properties": {"long_title": null, "region": "eez", "region_id": 520, "title": "Nauru"}, "type": "Feature"}, {"geometry": {"coordinates": [[[[-171.284, -16.826], [-169.933, -16.583], [-169.32, -16.627], [-166.643, -17.558], [-166.313, -19.694], [-166.468, -20.238], [-166.734, -20.771], [-167.104, -21.263], [-167.597, -21.725], [-168.112, -22.055], [-168.683, -22.294], [-169.326, -22.446], [-169.958, -22.486], [-170.582, -22.423], [-171.185, -22.258], [-171.409, -22.157], [-171.565, -21.866], [-171.87, -20.901], [-172.003, -20.053], [-171.985, -19.305], [-171.766, -17.406], [-171.284, -16.826]], [[-169.847, -18.952], [-169.896, -18.973], [-169.951, -19.075], [-169.879, -19.156], [-169.774, -19.062], [-169.804, -18.967], [-169.847, -18.952]]]], "type": "MultiPolygon"}, "properties": {"long_title": null, "region": "eez", "region_id": 570, "title": "Niue (New Zealand)"}, "type": "Feature"}, {"geometry": {"coordinates": [[[[145.096, 23.893], [145.813, 23.779], [146.465, 23.555], [147.055, 23.219], [147.583, 22.761], [147.971, 22.26], [148.369, 21.616], [148.635, 21.087], [148.799, 20.678], [148.924, 20.135], [149.112, 19.609], [149.302, 18.483], [149.341, 17.199], [149.462, 16.78], [149.528, 16.377], [149.543, 15.968], [149.511, 15.59], [149.395, 15.078], [149.199, 14.59], [148.971, 13.875], [148.801, 13.534], [148.544, 13.132], [148.305, 12.596], [148.079, 12.23], [145.587, 13.618], [145.083, 13.845], [143.956, 14.442], [142.095, 15.727], [142.195, 15.904], [142.16, 16.282], [142.166, 16.632], [142.216, 17.008], [142.301, 17.349], [142.215, 18.037], [142.143, 18.371], [141.715, 19.064], [141.48, 19.634], [141.357, 20.242], [141.348, 20.881], [143.084, 22.304], [145.096, 23.893]], [[145.707, 18.826], [145.641, 18.795], [145.663, 18.726], [145.7, 18.76], [145.707, 18.826]], [[145.78, 18.169], [145.71, 18.045], [145.795, 18.103], [145.808, 18.155], [145.78, 18.169]], [[145.835, 17.621], [145.829, 17.579], [145.853, 17.598], [145.835, 17.621]], [[145.666, 16.371], [145.632, 16.367], [145.645, 16.331], [145.724, 16.351], [145.666, 16.371]], [[145.755, 15.244], [145.716, 15.219], [145.689, 15.12], [145.748, 15.091], [145.743, 15.143], [145.793, 15.149], [145.78, 15.21], [145.831, 15.273], [145.811, 15.291], [145.755, 15.244]], [[145.654, 15.091], [145.582, 15.017], [145.636, 14.922], [145.674, 15.006], [145.654, 15.091]], [[145.248, 14.201], [145.159, 14.17], [145.121, 14.119], [145.144, 14.139], [145.214, 14.116], [145.272, 14.152], [145.292, 14.189], [145.248, 14.201]]]], "type": "MultiPolygon"}, "properties": {"long_title": null, "region": "eez", "region_id": 580, "title": "Northern Marianas (USA)"}, "type": "Feature"}, {"geometry": {"coordinates": [[[[135.314, 11.491], [135.593, 11.854], [135.814, 12.082], [136.284, 12.449], [136.695, 12.683], [137.403, 12.928], [138.044, 13.006], [138.508, 13.209], [139.121, 13.373], [139.716, 13.422], [140.313, 13.37], [141.215, 13.109], [141.359, 12.905], [143.052, 10.958], [143.448, 10.951], [144.941, 11.223], [147.745, 11.64], [147.861, 11.489], [148.349, 11.833], [148.943, 12.115], [149.515, 12.269], [150.107, 12.322], [150.705, 12.273], [151.278, 12.124], [151.513, 12.017], [151.677, 12.055], [152.295, 12.105], [152.886, 12.053], [153.458, 11.9], [154.003, 11.647], [154.198, 11.512], [154.903, 11.466], [155.473, 11.31], [156.006, 11.059], [156.501, 10.706], [157.072, 10.442], [157.188, 10.36], [157.473, 10.402], [158.385, 9.432], [159.396, 8.548], [160.166, 8.304], [161.016, 7.984], [162.622, 7.849], [163.074, 8.05], [164.371, 7.16], [165.515, 6.292], [165.675, 3.576], [165.632, 3.211], [165.151, 2.71], [164.665, 2.373], [164.138, 2.13], [163.577, 1.982], [162.993, 1.932], [162.352, 1.991], [161.767, 2.149], [161.241, 2.394], [160.764, 2.728], [160.613, 2.878], [160.118, 2.92], [159.557, 3.069], [159.353, 3.163], [159.017, 2.93], [158.489, 2.686], [158.078, 2.574], [157.924, 2.245], [158.085, 1.651], [158.135, 1.072], [158.084, 0.478], [157.929, -0.1], [157.684, -0.627], [157.274, -1.18], [155.848, -1.141], [153.92, -0.985], [152.99, -0.467], [152.565, -0.03], [152.279, 0.336], [151.46, 1.562], [151.636, 2.231], [151.778, 2.539], [151.326, 2.861], [150.918, 3.275], [150.665, 3.641], [150.434, 3.537], [149.871, 3.391], [149.29, 3.345], [148.711, 3.399], [148.15, 3.552], [147.623, 3.8], [147.282, 4.04], [147.024, 4.018], [146.365, 4.092], [146.168, 4.075], [145.632, 4.122], [144.977, 3.954], [144.766, 3.806], [144.24, 3.56], [143.678, 3.408], [143.099, 3.355], [142.513, 3.402], [141.95, 3.549], [141.379, 3.807], [140.9, 4.136], [140.485, 4.542], [140.3, 4.801], [139.877, 4.833], [139.312, 4.976], [138.766, 5.224], [138.081, 5.015], [137.501, 4.963], [136.976, 5.008], [136.356, 6.888], [136.148, 7.618], [135.929, 9.062], [135.782, 10.305], [135.314, 11.491]], [[138.161, 9.609], [138.152, 9.568], [138.123, 9.588], [138.076, 9.523], [138.056, 9.441], [138.135, 9.555], [138.144, 9.515], [138.19, 9.535], [138.161, 9.609]], [[155.375, 7.622], [155.342, 7.571], [155.365, 7.617], [155.41, 7.595], [155.4, 7.453], [155.413, 7.594], [155.375, 7.622]], [[151.901, 7.453], [151.846, 7.467], [151.842, 7.412], [151.901, 7.453]], [[151.709, 7.395], [151.701, 7.373], [151.739, 7.372], [151.709, 7.395]], [[151.868, 7.391], [151.864, 7.362], [151.902, 7.377], [151.868, 7.391]], [[151.844, 7.362], [151.818, 7.366], [151.842, 7.312], [151.844, 7.362]], [[151.609, 7.318], [151.639, 7.329], [151.639, 7.368], [151.595, 7.395], [151.57, 7.372], [151.612, 7.361], [151.557, 7.334], [151.588, 7.32], [151.612, 7.353], [151.609, 7.318]], [[162.987, 5.369], [162.897, 5.3], [162.912, 5.275], [163.021, 5.274], [163.022, 5.365], [162.987, 5.369]], [[158.26, 6.973], [158.197, 6.957], [158.179, 6.986], [158.176, 6.94], [158.112, 6.932], [158.163, 6.804], [158.292, 6.784], [158.337, 6.843], [158.292, 6.865], [158.339, 6.872], [158.322, 6.933], [158.284, 6.926], [158.26, 6.973]]]], "type": "MultiPolygon"}, "properties": {"long_title": null, "region": "eez", "region_id": 583, "title": "Micronesia (Federated States of)"}, "type": "Feature"}, {"geometry": {"coordinates": [[[[-131.979, -20.765], [-131.285, -20.62], [-130.666, -20.582], [-130.049, -20.643], [-129.451, -20.801], [-128.923, -21.037], [-128.285, -20.986], [-127.666, -21.037], [-127.064, -21.186], [-126.497, -21.428], [-126.217, -21.607], [-125.491, -21.393], [-124.855, -21.332], [-124.233, -21.37], [-123.626, -21.505], [-123.051, -21.734], [-122.526, -22.05], [-122.066, -22.444], [-121.684, -22.905], [-121.391, -23.421], [-121.198, -23.976], [-121.112, -24.55], [-121.137, -25.132], [-121.273, -25.699], [-121.518, -26.235], [-121.866, -26.727], [-122.31, -27.157], [-122.83, -27.508], [-123.421, -27.775], [-124.053, -27.943], [-124.706, -28.009], [-125.365, -27.97], [-126.002, -27.828], [-126.605, -27.586], [-126.825, -27.452], [-127.023, -27.535], [-127.793, -27.698], [-128.245, -27.977], [-128.854, -28.223], [-129.492, -28.368], [-130.152, -28.41], [-130.807, -28.347], [-131.439, -28.183], [-132.033, -27.92], [-132.573, -27.562], [-133.017, -27.136], [-133.425, -26.568], [-132.992, -25.678], [-132.144, -21.051], [-131.979, -20.765]], [[-130.749, -23.909], [-130.749, -23.944], [-130.723, -23.94], [-130.73, -23.908], [-130.722, -23.937], [-130.751, -23.94], [-130.749, -23.909]], [[-128.313, -24.336], [-128.357, -24.37], [-128.297, -24.423], [-128.313, -24.336]]]], "type": "MultiPolygon"}, "properties": {"long_title": null, "region": "eez", "region_id": 612, "title": "Pitcairn (UK)"}, "type": "Feature"}, {"geometry": {"coordinates": [[[[-62.422, 17.662], [-62.77, 17.643], [-63.021, 17.735], [-63.107, 17.815], [-62.958, 18.025], [-62.739, 18.156], [-62.226, 18.312], [-62.313, 17.913], [-62.422, 17.662]], [[-62.867, 17.929], [-62.838, 17.878], [-62.791, 17.895], [-62.867, 17.929]]]], "type": "MultiPolygon"}, "properties": {"long_title": null, "region": "eez", "region_id": 904, "title": "St Barthelemy (France)"}, "type": "Feature"}, {"geometry": {"coordinates": [[[[6.922, -4.563], [6.739, -4.633], [6.211, -4.741], [5.615, -4.793], [5.035, -4.742], [4.472, -4.591], [3.945, -4.345], [3.469, -4.012], [3.058, -3.6], [2.725, -3.123], [2.475, -2.586], [2.319, -1.992], [2.27, -1.413], [2.321, -0.835], [2.472, -0.271], [2.718, 0.254], [3.209, 0.917], [5.323, -0.215], [7.27, -1.482], [7.363, -2.074], [6.922, -4.563]], [[5.639, -1.468], [5.66, -1.444], [5.623, -1.404], [5.6, -1.445], [5.639, -1.468]]], [[[7.607, 2.71], [7.377, 2.87], [7.377, 3.253], [7.82, 3.645], [7.819, 3.71], [8.055, 3.874], [8.083, 3.865], [8.07, 3.884], [8.325, 4.061], [8.492, 4.111], [8.603, 4.122], [8.831, 3.963], [8.994, 3.904], [9.212, 3.67], [9.279, 3.546], [9.257, 3.311], [9.308, 3.035], [9.075, 2.576], [9.596, 2.461], [9.812, 2.338], [9.775, 2.317], [9.797, 2.168], [9.765, 2.094], [9.809, 1.912], [9.743, 1.845], [9.725, 1.776], [9.609, 1.668], [9.627, 1.595], [9.458, 1.393], [9.459, 1.326], [9.341, 1.175], [9.41, 1.1], [9.534, 1.13], [9.587, 1.026], [9.549, 1.025], [9.507, 0.952], [9.415, 0.96], [9.361, 0.853], [9.153, 0.756], [8.233, 0.734], [8.55, 2.067], [7.607, 2.71]], [[9.319, 0.937], [9.303, 0.896], [9.345, 0.895], [9.319, 0.937]], [[8.688, 3.771], [8.613, 3.671], [8.573, 3.468], [8.458, 3.466], [8.414, 3.362], [8.448, 3.272], [8.676, 3.209], [8.764, 3.317], [8.765, 3.392], [8.938, 3.666], [8.898, 3.765], [8.688, 3.771]]]], "type": "MultiPolygon"}, "properties": {"long_title": null, "region": "eez", "region_id": 226, "title": "Equatorial Guinea"}, "type": "Feature"}, {"geometry": {"coordinates": [[[[-72.204, 20.594], [-72.423, 20.723], [-72.544, 21.205], [-72.676, 21.495], [-72.635, 21.775], [-72.478, 22.06], [-72.292, 22.219], [-70.525, 25.043], [-69.427, 24.486], [-68.832, 24.094], [-69.731, 22.752], [-70.572, 21.642], [-70.787, 21.288], [-71.17, 20.988], [-71.451, 20.891], [-71.679, 20.753], [-71.926, 20.656], [-72.204, 20.594]], [[-71.993, 21.961], [-72.048, 21.939], [-72.015, 21.871], [-72.043, 21.848], [-71.923, 21.79], [-71.862, 21.817], [-71.913, 21.874], [-71.912, 21.943], [-71.993, 21.961]], [[-71.908, 21.943], [-71.874, 21.853], [-71.872, 21.917], [-71.908, 21.943]], [[-71.496, 21.573], [-71.503, 21.515], [-71.545, 21.515], [-71.526, 21.485], [-71.493, 21.5], [-71.496, 21.573]], [[-72.479, 21.623], [-72.423, 21.71], [-72.464, 21.697], [-72.479, 21.623]], [[-72.267, 21.738], [-72.253, 21.767], [-72.168, 21.762], [-72.129, 21.811], [-72.152, 21.828], [-72.208, 21.783], [-72.255, 21.79], [-72.334, 21.866], [-72.356, 21.755], [-72.267, 21.738]], [[-72.107, 21.865], [-72.136, 21.842], [-72.079, 21.878], [-72.107, 21.865]], [[-71.625, 21.3], [-71.634, 21.329], [-71.636, 21.28], [-71.625, 21.3]], [[-71.693, 21.287], [-71.664, 21.305], [-71.727, 21.297], [-71.693, 21.287]], [[-71.728, 21.702], [-71.637, 21.715], [-71.673, 21.833], [-71.802, 21.832], [-71.839, 21.859], [-71.851, 21.818], [-71.914, 21.785], [-71.866, 21.775], [-71.878, 21.742], [-71.839, 21.716], [-71.793, 21.768], [-71.817, 21.738], [-71.711, 21.715], [-71.728, 21.702]], [[-71.556, 21.739], [-71.582, 21.762], [-71.61, 21.739], [-71.615, 21.773], [-71.617, 21.707], [-71.659, 21.682], [-71.564, 21.658], [-71.584, 21.605], [-71.534, 21.586], [-71.491, 21.642], [-71.486, 21.605], [-71.461, 21.702], [-71.556, 21.739]]]], "type": "MultiPolygon"}, "properties": {"long_title": null, "region": "eez", "region_id": 796, "title": "Turks & Caicos Isl. (UK)"}, "type": "Feature"}, {"geometry": {"coordinates": [[[[180, -12.944], [179.53, -13.235], [178.246, -11.564], [177.186, -10.115], [176.23, -9.831], [174.95, -9.783], [174.567, -9.423], [174.205, -8.882], [173.751, -8.437], [173.414, -7.949], [173.172, -7.42], [173.101, -7.146], [172.923, -6.757], [172.778, -6.195], [172.733, -5.617], [172.789, -5.038], [172.833, -4.747], [172.996, -4.292], [173.575, -4.131], [176.145, -4.075], [177.316, -4.356], [179.892, -4.003], [180, -4.145], [180, -12.944]], [[178.681, -7.499], [178.696, -7.481], [178.664, -7.458], [178.681, -7.499]], [[178.421, -7.953], [178.377, -8.075], [178.437, -7.973], [178.421, -7.953]], [[179.184, -8.461], [179.199, -8.515], [179.169, -8.543], [179.203, -8.521], [179.184, -8.461]]], [[[-180, -4.145], [-179.757, -4.512], [-179.175, -4.891], [-178.737, -5.322], [-178.399, -5.796], [-178.147, -6.321], [-178.097, -6.497], [-177.825, -6.929], [-177.562, -7.184], [-177.192, -7.699], [-176.934, -8.23], [-176.772, -8.794], [-176.711, -9.377], [-176.749, -9.894], [-177.711, -10.85], [-178.226, -11.764], [-180, -12.944], [-180, -4.145]]]], "type": "MultiPolygon"}, "properties": {"long_title": null, "region": "eez", "region_id": 798, "title": "Tuvalu"}, "type": "Feature"}, {"geometry": {"coordinates": [[[[43.174, -8.103], [43.293, -7.701], [43.637, -7.221], [44.057, -6.81], [44.538, -6.481], [45.082, -6.232], [45.652, -6.084], [46.383, -6.031], [46.898, -6.075], [47.639, -6.249], [47.827, -6.335], [48.153, -6.362], [48.832, -6.563], [49.038, -6.421], [49.469, -6.223], [49.542, -5.493], [49.697, -4.934], [49.947, -4.41], [50.112, -4.178], [50.258, -3.724], [50.507, -3.199], [50.842, -2.726], [51.256, -2.316], [51.733, -1.985], [52.26, -1.741], [52.592, -1.653], [53.063, -1.158], [53.539, -0.826], [54.065, -0.581], [54.625, -0.43], [55.204, -0.379], [55.783, -0.429], [56.803, -0.664], [57.329, -0.908], [57.806, -1.24], [58.219, -1.65], [58.556, -2.128], [59.06, -3.182], [59.214, -3.743], [59.296, -4.571], [59.249, -5.149], [59.185, -5.396], [59.443, -5.93], [59.6, -6.489], [59.657, -7.067], [59.612, -7.664], [59.387, -8.437], [54.468, -8.967], [53.905, -9.638], [53.804, -12.507], [53.366, -12.757], [52.549, -12.476], [50.97, -11.763], [50.488, -11.428], [49.626, -10.555], [49.363, -10.337], [48.485, -11.021], [46.911, -10.65], [45.767, -11.14], [44.915, -10.435], [44.62, -10.12], [43.174, -8.103]], [[55.713, -4.298], [55.677, -4.3], [55.727, -4.35], [55.791, -4.333], [55.713, -4.298]], [[55.849, -4.352], [55.831, -4.337], [55.838, -4.384], [55.849, -4.352]], [[55.229, -4.464], [55.205, -4.48], [55.238, -4.514], [55.256, -4.484], [55.229, -4.464]], [[55.438, -4.561], [55.43, -4.611], [55.365, -4.642], [55.451, -4.68], [55.491, -4.734], [55.467, -4.767], [55.537, -4.805], [55.516, -4.751], [55.534, -4.675], [55.471, -4.644], [55.438, -4.561]], [[46.389, -9.367], [46.246, -9.372], [46.44, -9.375], [46.389, -9.367]], [[46.444, -9.374], [46.484, -9.422], [46.267, -9.468], [46.209, -9.427], [46.261, -9.495], [46.513, -9.435], [46.521, -9.398], [46.444, -9.374]], [[46.227, -9.405], [46.24, -9.371], [46.203, -9.389], [46.227, -9.405]], [[46.513, -9.699], [46.493, -9.753], [46.524, -9.734], [46.513, -9.699]], [[47.741, -10.057], [47.736, -10.111], [47.762, -10.088], [47.741, -10.057]]]], "type": "MultiPolygon"}, "properties": {"long_title": null, "region": "eez", "region_id": 690, "title": "Seychelles"}, "type": "Feature"}, {"geometry": {"coordinates": [[[[-63.887, 17.939], [-63.838, 18.223], [-63.87, 18.5], [-63.792, 19.085], [-63.258, 21.94], [-62.803, 21.889], [-62.2, 21.736], [-61.636, 21.487], [-60.736, 20.922], [-62.226, 18.312], [-62.739, 18.156], [-62.949, 18.181], [-63.474, 18.034], [-63.634, 17.948], [-63.887, 17.939]], [[-62.977, 18.265], [-62.968, 18.284], [-63.055, 18.255], [-63.176, 18.167], [-63.09, 18.177], [-62.977, 18.265]]]], "type": "MultiPolygon"}, "properties": {"long_title": null, "region": "eez", "region_id": 660, "title": "Anguilla (UK)"}, "type": "Feature"}, {"geometry": {"coordinates": [[[[-173.747, -11.038], [-174.075, -10.959], [-174.273, -10.947], [-175.622, -9.901], [-175.805, -9.165], [-175.855, -8.587], [-175.808, -7.96], [-175.762, -7.773], [-173.22, -6.467], [-171.567, -6.599], [-170.629, -6.89], [-168.953, -6.887], [-168.646, -7.195], [-168.301, -7.686], [-167.989, -8.308], [-168.524, -10.024], [-171.849, -10.297], [-173.747, -11.038]]]], "type": "MultiPolygon"}, "properties": {"long_title": null, "region": "eez", "region_id": 772, "title": "Tokelau (New Zealand)"}, "type": "Feature"}, {"geometry": {"coordinates": [[[[-174.273, -10.947], [-174.075, -10.959], [-173.747, -11.038], [-172.805, -11.68], [-171.29, -12.457], [-170.512, -12.605], [-170.94, -13.844], [-171.627, -15.239], [-171.846, -15.837], [-172.641, -15.08], [-173.653, -14.551], [-174.442, -14.259], [-174.532, -14.143], [-174.273, -10.947]], [[-172.292, -13.759], [-172.226, -13.802], [-172.174, -13.668], [-172.211, -13.578], [-172.332, -13.442], [-172.638, -13.518], [-172.757, -13.49], [-172.804, -13.516], [-172.54, -13.801], [-172.292, -13.759]], [[-171.424, -14.014], [-171.524, -13.928], [-171.57, -13.942], [-171.536, -13.913], [-171.584, -13.878], [-171.708, -13.863], [-171.831, -13.793], [-172.029, -13.825], [-172.073, -13.866], [-171.917, -14.005], [-171.834, -13.986], [-171.762, -14.045], [-171.434, -14.049], [-171.424, -14.014]]]], "type": "MultiPolygon"}, "properties": {"long_title": null, "region": "eez", "region_id": 882, "title": "Samoa"}, "type": "Feature"}, {"geometry": {"coordinates": [[[[-63.107, 17.815], [-63.286, 17.874], [-63.145, 18.056], [-63.044, 18.004], [-63.015, 18.052], [-62.958, 18.025], [-63.107, 17.815]]]], "type": "MultiPolygon"}, "properties": {"long_title": null, "region": "eez", "region_id": 909, "title": "Sint Maarten (Netherlands)"}, "type": "Feature"}, {"geometry": {"coordinates": [[[[114.427, -8.017], [114.448, -8.017], [114.411, -8.195], [114.429, -8.278], [114.523, -8.52], [114.601, -8.612], [114.605, -8.715], [114.565, -8.657], [114.481, -8.618], [114.442, -8.634], [114.387, -8.447], [114.378, -8.527], [114.353, -8.529], [114.34, -8.423], [114.427, -8.017]]], [[[103.548, 1.217], [103.741, 1.13], [103.478, 0.909], [103.407, 0.91], [103.434, 0.871], [103.411, 0.885], [103.41, 0.851], [103.37, 0.894], [103.346, 0.797], [103.23, 0.699], [103.158, 0.684], [103.147, 0.629], [103.052, 0.545], [102.882, 0.734], [102.497, 0.754], [102.229, 0.995], [102.18, 1.23], [102.167, 1.133], [102.123, 1.125], [102.166, 1.183], [102.149, 1.378], [101.752, 1.665], [101.561, 1.637], [101.41, 1.698], [101.357, 1.779], [101.305, 2.042], [101.078, 2.214], [101.054, 2.284], [100.789, 2.287], [100.761, 2.252], [100.795, 2.112], [100.774, 2.081], [100.646, 2.111], [100.399, 2.315], [100.333, 2.527], [100.237, 2.641], [100.221, 2.706], [100.163, 2.707], [100.123, 2.663], [100.139, 2.509], [100.089, 2.704], [100.046, 2.742], [99.968, 2.703], [100.025, 2.683], [99.996, 2.648], [100.036, 2.609], [100.001, 2.571], [99.966, 2.587], [99.975, 2.548], [99.919, 2.501], [99.912, 2.527], [99.946, 2.508], [99.975, 2.553], [99.964, 2.588], [100.002, 2.58], [100.031, 2.617], [99.99, 2.644], [100.015, 2.672], [99.948, 2.7], [99.994, 2.782], [99.993, 2.953], [99.935, 2.973], [99.889, 3.04], [99.863, 2.981], [99.809, 2.99], [99.837, 2.942], [99.81, 2.963], [99.808, 2.997], [99.86, 2.99], [99.86, 3.036], [99.756, 3.17], [99.552, 3.242], [99.485, 3.347], [99.324, 3.413], [99.289, 3.479], [98.955, 3.676], [98.781, 3.726], [98.725, 3.774], [98.705, 3.74], [98.718, 3.797], [98.629, 3.752], [98.626, 3.782], [98.709, 3.798], [98.697, 3.879], [98.671, 3.909], [98.604, 3.868], [98.627, 3.912], [98.592, 3.89], [98.602, 3.919], [98.575, 3.929], [98.547, 3.89], [98.583, 3.929], [98.543, 3.914], [98.556, 3.945], [98.532, 3.883], [98.536, 3.93], [98.498, 3.923], [98.534, 3.934], [98.502, 3.936], [98.531, 3.944], [98.523, 3.974], [98.505, 3.952], [98.545, 3.979], [98.537, 4.012], [98.495, 4.016], [98.488, 3.98], [98.492, 4.029], [98.448, 4.04], [98.441, 4], [98.436, 4.041], [98.378, 3.97], [98.431, 4.027], [98.381, 4.031], [98.431, 4.046], [98.35, 4.079], [98.247, 4.009], [98.31, 4.074], [98.249, 4.131], [98.183, 4.109], [98.182, 4.066], [98.141, 4.053], [98.159, 4.072], [98.131, 4.073], [98.154, 4.084], [98.121, 4.123], [98.161, 4.083], [98.178, 4.144], [98.144, 4.193], [98.161, 4.154], [98.254, 4.202], [98.245, 4.265], [98.196, 4.236], [98.253, 4.28], [98.23, 4.285], [98.268, 4.311], [98.246, 4.329], [98.28, 4.33], [98.279, 4.389], [98.258, 4.368], [98.286, 4.419], [98.205, 4.434], [98.238, 4.459], [98.194, 4.482], [98.186, 4.448], [98.187, 4.484], [98.156, 4.495], [98.179, 4.496], [98.123, 4.523], [98.118, 4.498], [98.087, 4.523], [98.08, 4.46], [98.065, 4.553], [98.048, 4.506], [98.017, 4.516], [98.037, 4.476], [98.006, 4.485], [98.039, 4.548], [97.995, 4.51], [97.976, 4.558], [97.971, 4.523], [97.951, 4.532], [98.019, 4.61], [97.974, 4.625], [97.996, 4.638], [97.954, 4.683], [97.96, 4.704], [97.976, 4.671], [97.903, 4.887], [97.841, 4.907], [97.645, 5.074], [97.65, 5.119], [97.575, 5.136], [97.591, 5.15], [97.536, 5.181], [97.571, 5.182], [97.513, 5.243], [97.192, 5.142], [97.143, 5.156], [97.148, 5.194], [97.086, 5.234], [96.979, 5.263], [96.883, 5.235], [96.845, 5.276], [96.75, 5.224], [96.726, 5.248], [96.522, 5.198], [96.466, 5.238], [96.382, 5.2], [96.257, 5.263], [96.089, 5.264], [96.114, 5.283], [95.887, 5.424], [95.89, 5.453], [95.909, 5.433], [95.887, 5.504], [95.612, 5.628], [95.516, 5.595], [95.432, 5.657], [95.36, 5.573], [95.318, 5.584], [95.347, 5.605], [95.276, 5.547], [95.225, 5.576], [95.193, 5.528], [95.253, 5.393], [95.212, 5.276], [95.242, 5.283], [95.241, 5.224], [95.307, 5.169], [95.283, 5.108], [95.363, 5.033], [95.412, 4.82], [95.494, 4.749], [95.539, 4.653], [95.583, 4.657], [95.568, 4.626], [95.61, 4.619], [95.797, 4.445], [95.849, 4.442], [95.8, 4.441], [96.024, 4.194], [96.06, 4.204], [96.127, 4.124], [96.14, 4.152], [96.242, 4.068], [96.38, 3.856], [96.496, 3.75], [96.805, 3.728], [96.872, 3.686], [96.903, 3.603], [97.002, 3.547], [97.17, 3.257], [97.262, 3.216], [97.315, 3.058], [97.372, 2.986], [97.43, 2.931], [97.598, 2.873], [97.65, 2.673], [97.663, 2.4], [97.782, 2.234], [97.802, 2.268], [97.866, 2.249], [97.897, 2.28], [97.869, 2.247], [97.918, 2.273], [97.978, 2.259], [98.233, 2.09], [98.263, 2.027], [98.342, 2.048], [98.358, 2.003], [98.465, 1.988], [98.685, 1.734], [98.737, 1.722], [98.731, 1.768], [98.67, 1.769], [98.708, 1.785], [98.796, 1.724], [98.786, 1.692], [98.825, 1.678], [98.84, 1.628], [98.766, 1.528], [98.713, 1.56], [98.854, 1.312], [98.841, 1.281], [98.973, 0.923], [98.97, 0.847], [99.059, 0.742], [99.049, 0.624], [99.099, 0.6], [99.093, 0.507], [99.138, 0.444], [99.109, 0.347], [99.155, 0.317], [99.137, 0.254], [99.264, 0.201], [99.28, 0.236], [99.354, 0.232], [99.398, 0.152], [99.62, 0.073], [99.738, -0.027], [99.768, -0.079], [99.744, -0.142], [99.817, -0.3], [99.889, -0.344], [99.914, -0.403], [100.081, -0.548], [100.128, -0.646], [100.301, -0.806], [100.347, -0.968], [100.39, -1.009], [100.378, -1.041], [100.412, -1.043], [100.41, -1.074], [100.364, -1.076], [100.388, -1.125], [100.349, -1.171], [100.38, -1.146], [100.38, -1.178], [100.429, -1.198], [100.432, -1.255], [100.407, -1.237], [100.401, -1.271], [100.452, -1.258], [100.565, -1.33], [100.56, -1.372], [100.592, -1.394], [100.558, -1.407], [100.584, -1.421], [100.561, -1.442], [100.626, -1.505], [100.644, -1.621], [100.87, -1.938], [100.879, -2.055], [100.82, -2.16], [100.89, -2.326], [101.143, -2.629], [101.331, -2.749], [101.403, -2.925], [101.495, -3.021], [101.52, -3.116], [101.611, -3.235], [101.907, -3.435], [101.924, -3.477], [102.217, -3.653], [102.264, -3.767], [102.248, -3.794], [102.308, -3.864], [102.312, -3.893], [102.294, -3.844], [102.302, -3.917], [102.265, -3.914], [102.28, -3.963], [102.689, -4.259], [102.883, -4.44], [102.898, -4.488], [103.252, -4.661], [103.328, -4.809], [103.384, -4.802], [103.419, -4.868], [103.639, -4.933], [103.656, -4.991], [103.709, -4.963], [103.747, -4.995], [103.747, -5.042], [103.784, -5.032], [103.913, -5.13], [103.936, -5.179], [103.905, -5.231], [104.005, -5.27], [103.995, -5.319], [104.069, -5.409], [104.299, -5.575], [104.321, -5.615], [104.3, -5.641], [104.415, -5.706], [104.565, -5.866], [104.557, -5.926], [104.733, -5.929], [104.643, -5.691], [104.527, -5.544], [104.551, -5.519], [105.067, -6.25], [105.824, -6.385], [105.772, -6.516], [105.713, -6.532], [105.674, -6.509], [105.677, -6.476], [105.651, -6.48], [105.611, -6.633], [105.507, -6.73], [105.468, -6.827], [105.39, -6.741], [105.369, -6.646], [105.262, -6.762], [105.21, -6.748], [105.239, -6.84], [105.326, -6.803], [105.414, -6.854], [105.441, -6.836], [105.538, -6.874], [105.671, -6.836], [105.887, -6.846], [105.981, -6.813], [106.231, -6.927], [106.31, -6.996], [106.381, -6.995], [106.44, -6.953], [106.512, -6.965], [106.543, -6.986], [106.544, -7.056], [106.457, -7.13], [106.463, -7.181], [106.401, -7.186], [106.373, -7.237], [106.406, -7.383], [106.437, -7.36], [106.561, -7.417], [106.788, -7.437], [106.79, -7.41], [106.797, -7.437], [107.4, -7.494], [107.602, -7.571], [107.682, -7.662], [107.813, -7.689], [107.847, -7.737], [108.441, -7.821], [108.503, -7.785], [108.505, -7.705], [108.627, -7.685], [108.67, -7.732], [108.674, -7.682], [108.794, -7.69], [108.822, -7.621], [108.81, -7.67], [108.859, -7.659], [108.938, -7.72], [108.964, -7.714], [108.953, -7.666], [108.986, -7.73], [108.993, -7.665], [109.028, -7.655], [108.992, -7.699], [109.017, -7.753], [109.051, -7.7], [109.174, -7.671], [109.18, -7.693], [109.388, -7.71], [109.411, -7.779], [109.47, -7.759], [109.644, -7.781], [110.035, -7.885], [110.345, -8.031], [110.377, -8.073], [110.709, -8.201], [110.907, -8.211], [111.028, -8.257], [111.091, -8.22], [111.153, -8.285], [111.257, -8.248], [111.291, -8.274], [111.425, -8.257], [111.455, -8.321], [111.617, -8.32], [111.679, -8.385], [111.727, -8.371], [111.689, -8.336], [111.724, -8.318], [111.712, -8.292], [111.761, -8.345], [111.774, -8.261], [111.843, -8.282], [111.84, -8.259], [111.899, -8.304], [111.951, -8.278], [112.034, -8.32], [112.262, -8.351], [112.332, -8.332], [112.372, -8.375], [112.557, -8.4], [112.653, -8.448], [112.755, -8.426], [112.771, -8.387], [112.811, -8.403], [112.832, -8.369], [112.847, -8.409], [112.898, -8.381], [112.913, -8.399], [112.981, -8.325], [113.078, -8.287], [113.236, -8.284], [113.31, -8.299], [113.389, -8.401], [113.48, -8.377], [113.485, -8.415], [113.639, -8.455], [113.646, -8.495], [113.718, -8.485], [113.713, -8.529], [113.796, -8.489], [113.811, -8.562], [113.83, -8.527], [113.902, -8.577], [113.96, -8.563], [113.956, -8.615], [114.015, -8.59], [114.05, -8.647], [114.092, -8.615], [114.221, -8.645], [114.223, -8.597], [114.257, -8.587], [114.285, -8.604], [114.23, -8.602], [114.317, -8.623], [114.372, -8.673], [114.35, -8.745], [114.538, -8.781], [114.588, -8.764], [114.605, -8.719], [114.609, -12.14], [113.798, -12.031], [112.864, -11.803], [111.133, -11.689], [110.125, -11.49], [109.215, -11.22], [109.035, -11.119], [107.726, -9.826], [107.073, -9.311], [106.823, -9.132], [106.181, -8.932], [105.3, -8.726], [104.273, -8.735], [102.272, -8.879], [101.687, -8.823], [101.122, -8.667], [100.594, -8.417], [99.891, -7.895], [99.483, -7.481], [98.29, -5.951], [97.735, -5.408], [97.119, -4.553], [96.699, -4.202], [96.29, -3.789], [95.666, -2.837], [95.462, -2.392], [95.269, -2.198], [94.937, -1.722], [94.689, -1.179], [94.17, -0.432], [94.052, -0.179], [93.629, 0.116], [93.231, 0.465], [92.817, 0.875], [92.48, 1.348], [92.23, 1.871], [92.075, 2.427], [92.019, 2.999], [92.065, 3.571], [92.145, 3.878], [92.399, 4.028], [92.725, 4.309], [94.403, 6.27], [94.927, 7.04], [95.53, 7.783], [96.608, 7.097], [97.9, 6.363], [98.025, 5.95], [98.292, 5.45], [98.692, 4.928], [99.917, 3.79], [101.202, 2.692], [102.223, 1.92], [103.065, 1.325], [103.548, 1.217]], [[95.22, 5.875], [95.285, 5.78], [95.33, 5.772], [95.351, 5.828], [95.376, 5.805], [95.329, 5.901], [95.299, 5.839], [95.217, 5.908], [95.22, 5.875]], [[95.056, 5.752], [95.011, 5.724], [95.059, 5.719], [95.054, 5.649], [95.14, 5.663], [95.056, 5.752]], [[95.147, 5.662], [95.118, 5.602], [95.192, 5.604], [95.147, 5.662]], [[97.38, 2.341], [97.421, 2.304], [97.407, 2.347], [97.381, 2.363], [97.38, 2.341]], [[96.219, 2.327], [96.222, 2.375], [96.179, 2.391], [96.169, 2.326], [96.219, 2.327]], [[96.24, 2.361], [96.218, 2.358], [96.262, 2.363], [96.24, 2.361]], [[97.24, 2.236], [97.219, 2.205], [97.169, 2.236], [97.113, 2.215], [97.235, 2.167], [97.34, 2.034], [97.361, 2.093], [97.34, 2.164], [97.293, 2.201], [97.299, 2.23], [97.24, 2.236]], [[97.12, 2.032], [97.162, 2.072], [97.099, 2.114], [97.08, 2.064], [97.115, 2.004], [97.12, 2.032]], [[96.654, 2.063], [96.688, 2.086], [96.679, 2.112], [96.624, 2.121], [96.615, 2.078], [96.654, 2.063]], [[96.646, 2.149], [96.662, 2.169], [96.609, 2.184], [96.646, 2.149]], [[98.473, 1.702], [98.441, 1.677], [98.451, 1.641], [98.609, 1.613], [98.588, 1.666], [98.571, 1.65], [98.548, 1.681], [98.534, 1.64], [98.473, 1.702]], [[98.617, 0.179], [98.526, 0.144], [98.536, 0.102], [98.655, 0.072], [98.789, 0.099], [98.854, 0.081], [98.799, 0.171], [98.617, 0.179]], [[98.313, -0.054], [98.297, -0.072], [98.357, -0.09], [98.313, -0.054]], [[100.493, -3.142], [100.491, -3.185], [100.53, -3.201], [100.493, -3.142]], [[102.142, -5.288], [102.088, -5.357], [102.203, -5.417], [102.271, -5.515], [102.28, -5.477], [102.363, -5.503], [102.339, -5.456], [102.368, -5.457], [102.382, -5.387], [102.142, -5.288]], [[105.262, -6.522], [105.185, -6.539], [105.101, -6.62], [105.176, -6.578], [105.184, -6.681], [105.261, -6.601], [105.262, -6.522]], [[105.539, -6.997], [105.522, -7.01], [105.57, -7.012], [105.539, -6.997]], [[112.675, -8.456], [112.707, -8.464], [112.713, -8.434], [112.675, -8.456]], [[113.291, -8.446], [113.264, -8.487], [113.296, -8.509], [113.42, -8.47], [113.291, -8.446]], [[109.041, -7.785], [109.044, -7.76], [108.865, -7.675], [108.78, -7.701], [108.798, -7.743], [109.041, -7.785]], [[98.256, 4.176], [98.233, 4.147], [98.253, 4.133], [98.256, 4.176]], [[98.639, 3.918], [98.623, 3.885], [98.664, 3.908], [98.639, 3.918]], [[100.737, 2.261], [100.719, 2.181], [100.785, 2.121], [100.737, 2.261]], [[103.385, 1.129], [103.328, 1.113], [103.312, 1.044], [103.351, 1.005], [103.439, 0.988], [103.385, 1.129]], [[103.436, 0.938], [103.407, 0.941], [103.416, 0.914], [103.436, 0.938]], [[103.083, 0.796], [103.108, 0.817], [103.076, 0.822], [103.083, 0.796]], [[103.091, 0.796], [103.09, 0.717], [103.115, 0.739], [103.091, 0.796]], [[102.54, 0.967], [102.608, 1.005], [102.615, 1.048], [102.543, 1.125], [102.485, 1.13], [102.46, 1.063], [102.5, 0.946], [102.54, 0.967]], [[103.039, 0.66], [103.068, 0.563], [103.084, 0.591], [103.039, 0.66]], [[96.213, 2.467], [96.315, 2.418], [96.313, 2.386], [96.336, 2.388], [96.314, 2.359], [96.345, 2.341], [96.442, 2.328], [96.499, 2.364], [96.467, 2.46], [96.408, 2.512], [96.386, 2.456], [96.351, 2.546], [96.253, 2.586], [96.173, 2.674], [96.152, 2.667], [96.192, 2.617], [96.143, 2.654], [96.107, 2.636], [96.093, 2.675], [96.152, 2.689], [96.114, 2.716], [96.131, 2.731], [96.082, 2.732], [96.103, 2.754], [96.027, 2.757], [95.917, 2.845], [95.883, 2.825], [95.866, 2.857], [95.912, 2.847], [95.905, 2.896], [95.835, 2.914], [95.84, 2.883], [95.787, 2.926], [95.763, 2.857], [95.791, 2.831], [95.719, 2.825], [95.692, 2.772], [95.735, 2.756], [95.796, 2.63], [95.864, 2.636], [95.949, 2.569], [96.01, 2.59], [96.076, 2.569], [96.213, 2.467]], [[97.442, 0.944], [97.509, 0.924], [97.632, 0.8], [97.702, 0.564], [97.739, 0.581], [97.755, 0.554], [97.78, 0.58], [97.781, 0.553], [97.827, 0.544], [97.82, 0.568], [97.9, 0.625], [97.895, 0.858], [97.947, 0.957], [97.921, 1.023], [97.8, 1.151], [97.69, 1.179], [97.483, 1.48], [97.442, 1.473], [97.423, 1.518], [97.395, 1.5], [97.35, 1.541], [97.346, 1.483], [97.277, 1.419], [97.171, 1.396], [97.136, 1.432], [97.061, 1.415], [97.151, 1.367], [97.207, 1.267], [97.262, 1.245], [97.37, 1.077], [97.406, 0.94], [97.442, 0.944]], [[98.418, -0.003], [98.294, -0.021], [98.35, -0.042], [98.558, -0.391], [98.541, -0.331], [98.568, -0.331], [98.574, -0.281], [98.494, -0.21], [98.484, -0.125], [98.418, -0.003]], [[98.508, -0.469], [98.522, -0.359], [98.417, -0.241], [98.441, -0.298], [98.384, -0.343], [98.375, -0.461], [98.344, -0.519], [98.288, -0.524], [98.42, -0.599], [98.43, -0.541], [98.471, -0.533], [98.467, -0.575], [98.498, -0.569], [98.482, -0.516], [98.508, -0.469]], [[98.991, -1.748], [99.111, -1.813], [99.166, -1.78], [99.241, -1.798], [99.263, -1.774], [99.221, -1.664], [99.241, -1.677], [99.2, -1.641], [99.222, -1.629], [99.281, -1.752], [99.304, -1.685], [99.27, -1.646], [99.293, -1.636], [99.261, -1.592], [99.219, -1.604], [99.197, -1.508], [99.118, -1.448], [99.172, -1.47], [99.149, -1.401], [99.105, -1.389], [99.081, -1.293], [99.05, -1.295], [99.074, -1.27], [99.026, -1.222], [99.003, -1.114], [98.936, -1.061], [98.92, -0.99], [98.952, -1.012], [98.93, -0.934], [98.898, -0.941], [98.911, -0.91], [98.796, -0.958], [98.711, -0.945], [98.663, -0.979], [98.602, -1.226], [98.804, -1.519], [98.824, -1.616], [98.991, -1.748]], [[99.745, -2.218], [99.701, -2.084], [99.611, -2.018], [99.558, -2.044], [99.572, -2.15], [99.528, -2.155], [99.574, -2.245], [99.592, -2.223], [99.609, -2.247], [99.6, -2.284], [99.671, -2.288], [99.738, -2.346], [99.837, -2.364], [99.86, -2.403], [99.848, -2.336], [99.745, -2.218]], [[100.077, -2.582], [99.999, -2.503], [99.973, -2.509], [99.959, -2.57], [100.013, -2.741], [99.975, -2.787], [99.994, -2.777], [100.026, -2.854], [100.05, -2.816], [100.145, -2.841], [100.142, -2.81], [100.223, -2.752], [100.174, -2.649], [100.077, -2.582]], [[100.452, -3.295], [100.377, -3.183], [100.404, -3.183], [100.365, -3.169], [100.472, -3.144], [100.448, -3.024], [100.47, -3.021], [100.269, -2.843], [100.259, -2.801], [100.189, -2.791], [100.188, -2.992], [100.232, -3.058], [100.255, -3.047], [100.249, -3.082], [100.293, -3.082], [100.341, -3.142], [100.327, -3.179], [100.369, -3.229], [100.325, -3.208], [100.337, -3.247], [100.379, -3.255], [100.38, -3.288], [100.458, -3.349], [100.452, -3.295]], [[101.741, 1.798], [101.778, 1.928], [101.728, 1.941], [101.785, 1.944], [101.702, 2.098], [101.651, 2.124], [101.613, 2.102], [101.622, 2.064], [101.62, 2.106], [101.562, 2.044], [101.51, 2.026], [101.475, 2.066], [101.406, 2.022], [101.383, 1.909], [101.454, 1.726], [101.615, 1.688], [101.741, 1.798]], [[102.242, 1.563], [102.038, 1.609], [101.999, 1.585], [102.107, 1.466], [102.295, 1.429], [102.505, 1.251], [102.496, 1.432], [102.471, 1.443], [102.497, 1.469], [102.465, 1.515], [102.242, 1.563]], [[102.457, 1.22], [102.442, 1.242], [102.486, 1.199], [102.481, 1.244], [102.295, 1.41], [102.213, 1.414], [102.236, 1.101], [102.279, 1.001], [102.387, 0.913], [102.483, 0.946], [102.44, 1.064], [102.484, 1.195], [102.457, 1.22]], [[102.853, 0.977], [103.072, 0.832], [103.153, 0.847], [103.155, 0.895], [103.003, 1.073], [102.875, 1.134], [102.736, 1.155], [102.623, 1.018], [102.731, 1.04], [102.779, 1.02], [102.812, 1.037], [102.812, 1.08], [102.855, 1.085], [102.88, 1.042], [102.839, 1.054], [102.79, 1.023], [102.853, 0.977]], [[102.537, 0.965], [102.441, 0.935], [102.409, 0.887], [102.433, 0.83], [102.501, 0.791], [102.582, 0.766], [102.857, 0.794], [102.93, 0.768], [102.994, 0.689], [103.049, 0.719], [103.047, 0.824], [102.776, 1.005], [102.696, 0.937], [102.747, 0.908], [102.781, 0.927], [102.782, 0.905], [102.697, 0.928], [102.685, 0.958], [102.626, 0.903], [102.646, 0.951], [102.743, 0.996], [102.738, 1.022], [102.638, 0.979], [102.592, 1.003], [102.537, 0.965]]]], "type": "MultiPolygon"}, "properties": {"long_title": null, "region": "eez", "region_id": 938, "title": "Indonesia (Indian Ocean)"}, "type": "Feature"}, {"geometry": {"coordinates": [[[[-177.488, -3.005], [-177.279, -2.942], [-173.758, -0.731], [-173.144, 0.253], [-172.863, 0.362], [-172.303, 0.513], [-171.72, 0.563], [-171.142, 0.513], [-170.562, 0.36], [-170.036, 0.116], [-169.807, -0.04], [-169.425, -0.217], [-168.948, -0.549], [-168.535, -0.959], [-168.199, -1.435], [-168.084, -1.68], [-167.826, -2.046], [-167.578, -2.57], [-167.424, -3.13], [-167.37, -3.709], [-167.417, -4.289], [-167.565, -4.85], [-167.807, -5.377], [-168.14, -5.855], [-168.251, -5.967], [-168.321, -6.12], [-168.654, -6.598], [-168.953, -6.887], [-170.629, -6.89], [-171.567, -6.599], [-173.22, -6.467], [-175.762, -7.773], [-176.226, -7.561], [-176.703, -7.226], [-177.114, -6.813], [-177.453, -6.325], [-177.696, -5.797], [-177.842, -5.236], [-177.89, -4.643], [-177.835, -4.065], [-177.681, -3.506], [-177.488, -3.005]], [[-171.723, -2.791], [-171.716, -2.811], [-171.71, -2.769], [-171.647, -2.803], [-171.62, -2.868], [-171.714, -2.822], [-171.616, -2.869], [-171.64, -2.803], [-171.716, -2.764], [-171.723, -2.791]], [[-171.247, -4.441], [-171.26, -4.461], [-171.228, -4.466], [-171.247, -4.441]], [[-172.162, -4.486], [-172.143, -4.516], [-172.218, -4.524], [-172.181, -4.494], [-172.225, -4.521], [-172.192, -4.543], [-172.139, -4.517], [-172.162, -4.486]]]], "type": "MultiPolygon"}, "properties": {"long_title": null, "region": "eez", "region_id": 943, "title": "Kiribati (Phoenix Islands)"}, "type": "Feature"}, {"geometry": {"coordinates": [[[[-20.745, 31.19], [-21.055, 31.78], [-21.234, 32.424], [-21.264, 33.087], [-21.139, 33.742], [-20.86, 34.363], [-20.435, 34.927], [-20.078, 35.258], [-19.793, 35.474], [-19.125, 35.854], [-18.632, 36.042], [-17.599, 36.332], [-16.909, 36.472], [-16.088, 36.508], [-15.275, 36.408], [-14.506, 36.177], [-14.033, 35.955], [-13.604, 35.683], [-13.055, 35.194], [-12.763, 34.821], [-12.657, 34.618], [-12.59, 34.415], [-12.735, 33.199], [-13.04, 32.289], [-13.348, 32.117], [-13.872, 31.736], [-14.629, 29.927], [-14.738, 29.715], [-14.978, 29.379], [-15.114, 29.245], [-16.233, 29.309], [-16.889, 29.399], [-18.202, 30.871], [-19.594, 31.053], [-20.095, 31.16], [-20.745, 31.19]], [[-16.321, 33.108], [-16.393, 33.033], [-16.292, 33.06], [-16.321, 33.108]], [[-16.758, 32.757], [-16.822, 32.768], [-16.904, 32.837], [-17.052, 32.808], [-17.165, 32.869], [-17.266, 32.814], [-17.192, 32.724], [-16.946, 32.633], [-16.831, 32.64], [-16.746, 32.735], [-16.679, 32.739], [-16.758, 32.757]]]], "type": "MultiPolygon"}, "properties": {"long_title": null, "region": "eez", "region_id": 621, "title": "Madeira Isl. (Portugal)"}, "type": "Feature"}, {"geometry": {"coordinates": [[[[-27.246, 42.388], [-27, 42.353], [-26.19, 42.142], [-25.876, 41.999], [-25.077, 41.743], [-24.717, 41.6], [-24.346, 41.406], [-24.072, 41.217], [-23.927, 41.061], [-23.367, 40.895], [-22.591, 40.541], [-21.968, 40.096], [-21.666, 39.788], [-21.238, 39.166], [-21.106, 38.892], [-20.88, 38.542], [-20.677, 37.985], [-20.601, 37.436], [-20.681, 36.684], [-20.842, 36.215], [-21.139, 35.685], [-21.586, 35.1], [-21.928, 34.726], [-22.435, 34.32], [-23.36, 33.863], [-24.011, 33.68], [-25.052, 33.587], [-25.451, 33.602], [-26.404, 33.749], [-26.958, 33.926], [-27.837, 34.4], [-28.219, 34.702], [-28.562, 35.047], [-29.4, 35.169], [-30.003, 35.323], [-30.665, 35.554], [-31.036, 35.726], [-31.572, 36.042], [-32.046, 36.092], [-32.702, 36.241], [-33.489, 36.538], [-34.14, 36.943], [-34.605, 37.328], [-34.97, 37.751], [-35.226, 38.151], [-35.443, 38.693], [-35.557, 39.247], [-35.579, 39.663], [-35.477, 40.294], [-35.266, 40.825], [-34.792, 41.51], [-34.53, 41.812], [-33.897, 42.314], [-33.395, 42.577], [-32.676, 42.857], [-31.872, 43.016], [-31.107, 43.068], [-30.548, 43.039], [-29.829, 42.919], [-29.07, 42.69], [-28.473, 42.416], [-27.783, 42.428], [-27.246, 42.388]], [[-31.109, 39.725], [-31.118, 39.669], [-31.082, 39.698], [-31.109, 39.725]], [[-31.209, 39.524], [-31.268, 39.451], [-31.232, 39.37], [-31.168, 39.377], [-31.124, 39.454], [-31.209, 39.524]], [[-28.03, 39.097], [-28.074, 39.067], [-28.048, 39.034], [-27.951, 39.013], [-28.03, 39.097]], [[-28.624, 38.516], [-28.599, 38.594], [-28.674, 38.635], [-28.836, 38.603], [-28.762, 38.563], [-28.754, 38.522], [-28.624, 38.516]], [[-25.09, 37.015], [-25.182, 36.996], [-25.168, 36.944], [-25.015, 36.928], [-25.052, 37.01], [-25.09, 37.015]], [[-27.258, 38.803], [-27.379, 38.767], [-27.352, 38.687], [-27.228, 38.639], [-27.089, 38.642], [-27.042, 38.696], [-27.045, 38.736], [-27.103, 38.785], [-27.258, 38.803]], [[-27.813, 38.578], [-28.319, 38.756], [-28.224, 38.68], [-28.026, 38.601], [-27.83, 38.534], [-27.754, 38.548], [-27.813, 38.578]], [[-28.144, 38.455], [-28.394, 38.559], [-28.508, 38.553], [-28.543, 38.51], [-28.518, 38.452], [-28.446, 38.42], [-28.274, 38.413], [-28.241, 38.382], [-28.03, 38.412], [-28.144, 38.455]], [[-25.135, 37.806], [-25.165, 37.855], [-25.317, 37.866], [-25.405, 37.826], [-25.49, 37.847], [-25.587, 37.813], [-25.68, 37.836], [-25.782, 37.91], [-25.855, 37.859], [-25.696, 37.734], [-25.567, 37.743], [-25.51, 37.705], [-25.171, 37.741], [-25.135, 37.806]]]], "type": "MultiPolygon"}, "properties": {"long_title": null, "region": "eez", "region_id": 622, "title": "Azores Isl. (Portugal)"}, "type": "Feature"}, {"geometry": {"coordinates": [[[[-180, -16.973], [-179.904, -16.875], [-179.869, -16.878], [-179.872, -16.822], [-179.825, -16.787], [-179.882, -16.686], [-180, -16.794], [-180, -16.528], [-179.936, -16.525], [-179.952, -16.48], [-179.91, -16.441], [-180, -16.483], [-180, -13.881], [-179.24, -14.805], [-178.517, -15.296], [-177.376, -15.937], [-177.375, -15.985], [-176.897, -16.827], [-176.273, -17.474], [-176.278, -17.68], [-176.358, -17.985], [-176.451, -18.588], [-176.628, -19.012], [-176.883, -20.435], [-177.032, -20.962], [-177.903, -22.357], [-179.071, -24.369], [-179.476, -24.319], [-180, -24.191], [-180, -16.973]], [[-179.678, -16.737], [-179.704, -16.744], [-179.698, -16.788], [-179.678, -16.737]], [[-179.751, -16.785], [-179.716, -16.785], [-179.712, -16.742], [-179.794, -16.748], [-179.799, -16.794], [-179.751, -16.785]], [[-179.297, -17.003], [-179.284, -17.031], [-179.259, -17.015], [-179.297, -17.003]], [[-179.032, -17.159], [-178.964, -17.22], [-179.004, -17.28], [-178.994, -17.328], [-178.922, -17.214], [-179.032, -17.159]], [[-179.158, -17.423], [-179.184, -17.455], [-179.15, -17.472], [-179.132, -17.446], [-179.158, -17.423]], [[-178.828, -17.653], [-178.838, -17.676], [-178.802, -17.697], [-178.828, -17.653]], [[-179.318, -17.72], [-179.346, -17.762], [-179.302, -17.779], [-179.281, -17.737], [-179.318, -17.72]], [[-179.068, -17.986], [-179.037, -18.003], [-179.03, -17.98], [-179.063, -17.952], [-179.068, -17.986]], [[-178.803, -18.177], [-178.839, -18.217], [-178.803, -18.258], [-178.735, -18.211], [-178.803, -18.177]], [[-179.527, -17.247], [-179.547, -17.257], [-179.508, -17.266], [-179.527, -17.247]], [[-178.638, -18.841], [-178.678, -18.852], [-178.595, -18.848], [-178.638, -18.841]], [[-178.951, -18.916], [-178.981, -18.946], [-178.956, -18.993], [-178.93, -18.96], [-178.951, -18.916]], [[-179.87, -18.994], [-179.86, -18.941], [-179.829, -18.937], [-179.824, -18.983], [-179.799, -18.935], [-179.865, -18.916], [-179.87, -18.994]], [[-178.587, -19.098], [-178.61, -19.153], [-178.558, -19.175], [-178.532, -19.134], [-178.554, -19.163], [-178.594, -19.144], [-178.593, -19.114], [-178.563, -19.112], [-178.587, -19.098]], [[-178.401, -19.116], [-178.428, -19.177], [-178.397, -19.159], [-178.401, -19.116]], [[-178.423, -19.194], [-178.43, -19.214], [-178.402, -19.21], [-178.423, -19.194]], [[-178.735, -20.647], [-178.749, -20.663], [-178.72, -20.672], [-178.735, -20.647]]], [[[180, -16.483], [179.971, -16.533], [180, -16.528], [180, -16.794], [179.952, -16.894], [179.862, -16.969], [179.923, -17.013], [180, -16.973], [180, -24.192], [179.331, -23.913], [178.818, -23.572], [178.379, -23.153], [178.063, -22.723], [177.917, -23.119], [177.613, -23.63], [177.215, -24.083], [176.735, -24.464], [176.187, -24.762], [175.589, -24.966], [174.96, -25.07], [174.276, -25.073], [172.765, -20.022], [173.606, -18.539], [173.582, -18.314], [173.435, -17.748], [173.401, -17.458], [173.411, -16.875], [173.527, -16.303], [173.622, -16.026], [173.885, -15.501], [174.236, -15.028], [174.454, -14.808], [174.155, -14.452], [173.992, -14.207], [173.737, -13.679], [173.646, -13.401], [173.581, -13.117], [173.526, -12.536], [173.575, -11.954], [173.725, -11.39], [173.971, -10.86], [174.306, -10.379], [174.718, -9.963], [174.95, -9.783], [176.23, -9.831], [177.186, -10.115], [178.246, -11.564], [179.53, -13.235], [179.494, -13.328], [180, -13.881], [179.999, -16.143], [179.853, -16.202], [179.836, -16.24], [179.822, -16.201], [179.761, -16.242], [179.728, -16.196], [179.674, -16.219], [179.649, -16.199], [179.643, -16.236], [179.594, -16.254], [179.57, -16.225], [179.566, -16.263], [179.534, -16.236], [179.538, -16.282], [179.511, -16.256], [179.51, -16.291], [179.463, -16.268], [179.436, -16.324], [179.401, -16.325], [179.402, -16.367], [179.338, -16.383], [179.356, -16.409], [179.199, -16.406], [179.035, -16.474], [178.943, -16.461], [178.903, -16.527], [178.826, -16.562], [178.804, -16.624], [178.804, -16.593], [178.762, -16.599], [178.691, -16.675], [178.585, -16.659], [178.572, -16.628], [178.532, -16.641], [178.533, -16.675], [178.57, -16.664], [178.567, -16.685], [178.527, -16.741], [178.516, -16.711], [178.477, -16.751], [178.491, -16.816], [178.616, -16.818], [178.625, -16.875], [178.568, -16.875], [178.645, -16.894], [178.688, -16.998], [178.725, -17.016], [178.796, -16.994], [178.771, -16.965], [178.806, -16.954], [178.794, -16.921], [178.866, -16.865], [178.916, -16.887], [178.905, -16.843], [178.995, -16.938], [179.066, -16.909], [179.067, -16.881], [179.02, -16.893], [179.047, -16.806], [179.11, -16.799], [179.197, -16.7], [179.276, -16.692], [179.359, -16.737], [179.284, -16.815], [179.304, -16.821], [179.547, -16.787], [179.568, -16.811], [179.715, -16.718], [179.853, -16.748], [179.869, -16.778], [179.892, -16.745], [179.927, -16.764], [179.875, -16.679], [179.822, -16.672], [179.869, -16.638], [179.921, -16.467], [179.791, -16.539], [179.558, -16.767], [179.474, -16.771], [179.492, -16.719], [179.471, -16.708], [179.561, -16.62], [179.578, -16.548], [179.737, -16.458], [179.834, -16.277], [180, -16.168], [180, -16.483]], [[177.083, -12.482], [177.007, -12.505], [177.138, -12.517], [177.083, -12.482]], [[179.936, -16.613], [179.875, -16.671], [179.917, -16.671], [179.936, -16.613]], [[177.385, -16.915], [177.405, -16.933], [177.438, -16.901], [177.438, -16.852], [177.385, -16.915]], [[177.442, -16.846], [177.495, -16.831], [177.59, -16.7], [177.564, -16.695], [177.565, -16.734], [177.462, -16.828], [177.438, -16.815], [177.442, -16.846]], [[178.274, -16.796], [178.276, -16.824], [178.326, -16.834], [178.324, -16.798], [178.274, -16.796]], [[178.587, -16.602], [178.634, -16.578], [178.553, -16.597], [178.587, -16.602]], [[178.72, -16.576], [178.731, -16.547], [178.693, -16.561], [178.72, -16.576]], [[178.782, -16.542], [178.824, -16.492], [178.791, -16.487], [178.809, -16.509], [178.763, -16.527], [178.782, -16.542]], [[177.288, -17.067], [177.266, -17.103], [177.251, -17.068], [177.231, -17.084], [177.19, -17.162], [177.216, -17.168], [177.222, -17.129], [177.234, -17.154], [177.288, -17.067]], [[179.405, -17.381], [179.443, -17.317], [179.424, -17.241], [179.347, -17.259], [179.367, -17.398], [179.405, -17.381]], [[178.838, -17.692], [178.797, -17.618], [178.737, -17.662], [178.769, -17.75], [178.838, -17.692]], [[179.399, -17.776], [179.393, -17.818], [179.426, -17.847], [179.445, -17.788], [179.399, -17.776]], [[179.157, -17.803], [179.176, -17.785], [179.146, -17.769], [179.157, -17.803]], [[178.756, -17.786], [178.785, -17.761], [178.715, -17.711], [178.756, -17.786]], [[179.285, -17.937], [179.241, -17.958], [179.235, -18.029], [179.271, -18.026], [179.348, -18.119], [179.351, -18.016], [179.285, -17.937]], [[177.192, -17.766], [177.18, -17.736], [177.145, -17.741], [177.192, -17.766]], [[177.106, -17.323], [177.142, -17.314], [177.141, -17.258], [177.098, -17.271], [177.106, -17.323]], [[178.223, -17.277], [178.199, -17.282], [178.218, -17.309], [178.223, -17.277]], [[176.935, -17.142], [176.927, -17.122], [176.91, -17.15], [176.935, -17.142]], [[178.125, -18.357], [178.091, -18.405], [178.108, -18.424], [178.17, -18.395], [178.125, -18.357]], [[177.651, -18.601], [177.628, -18.489], [177.601, -18.515], [177.651, -18.601]], [[179.927, -18.558], [179.828, -18.592], [179.88, -18.661], [179.92, -18.623], [179.886, -18.611], [179.952, -18.575], [179.927, -18.558]], [[178.509, -18.871], [178.455, -18.891], [178.48, -18.939], [178.512, -18.922], [178.509, -18.871]], [[179.781, -19.179], [179.78, -19.132], [179.739, -19.126], [179.734, -19.186], [179.781, -19.179]], [[177.679, -17.474], [177.656, -17.446], [177.684, -17.564], [177.639, -17.445], [177.532, -17.525], [177.517, -17.508], [177.506, -17.572], [177.467, -17.563], [177.467, -17.591], [177.382, -17.64], [177.433, -17.758], [177.365, -17.771], [177.353, -17.84], [177.25, -17.886], [177.276, -17.913], [177.252, -17.991], [177.333, -18.122], [177.518, -18.174], [177.511, -18.135], [177.542, -18.128], [177.511, -18.139], [177.522, -18.176], [177.699, -18.203], [177.889, -18.275], [177.968, -18.253], [178.124, -18.27], [178.326, -18.124], [178.361, -18.142], [178.389, -18.104], [178.424, -18.113], [178.435, -18.164], [178.508, -18.107], [178.524, -18.165], [178.53, -18.118], [178.524, -18.144], [178.565, -18.152], [178.682, -18.057], [178.699, -17.999], [178.636, -18.036], [178.578, -17.914], [178.627, -17.851], [178.582, -17.824], [178.597, -17.782], [178.548, -17.766], [178.584, -17.645], [178.461, -17.559], [178.376, -17.547], [178.319, -17.445], [178.277, -17.435], [178.237, -17.468], [178.231, -17.412], [178.263, -17.391], [178.201, -17.344], [178.209, -17.319], [178.175, -17.311], [178.18, -17.338], [178.11, -17.371], [178.017, -17.364], [177.956, -17.427], [177.849, -17.403], [177.821, -17.437], [177.818, -17.374], [177.764, -17.398], [177.724, -17.465], [177.713, -17.437], [177.674, -17.445], [177.679, -17.474]], [[178.106, -19.151], [178.142, -19.121], [178.143, -19.156], [178.181, -19.145], [178.156, -19.062], [178.213, -19.057], [178.279, -18.989], [178.336, -19.033], [178.319, -19.058], [178.368, -19.059], [178.407, -19.054], [178.409, -19.018], [178.452, -19.04], [178.436, -19.02], [178.481, -19.015], [178.477, -18.979], [178.444, -18.956], [178.417, -18.988], [178.411, -18.949], [178.313, -18.933], [178.274, -18.978], [178.175, -18.979], [178.16, -19.05], [178.129, -19.045], [178.117, -19.077], [177.954, -19.109], [177.969, -19.153], [178.106, -19.151]]]], "type": "MultiPolygon"}, "properties": {"long_title": null, "region": "eez", "region_id": 242, "title": "Fiji"}, "type": "Feature"}, {"geometry": {"coordinates": [[[[173.575, -11.954], [173.526, -12.536], [173.073, -13.603], [172.735, -14.084], [172.317, -14.5], [171.829, -14.837], [171.617, -14.94], [170.748, -14.448], [169.92, -13.843], [169.243, -13.603], [168.746, -13.337], [167.808, -12.301], [167.467, -12.399], [167.034, -12.445], [166.787, -12.426], [166.068, -12.288], [165.471, -12.299], [164.87, -12.404], [164.148, -12.612], [163.556, -13.594], [163.508, -13.988], [163.309, -14.788], [160.248, -16.127], [158.761, -15.735], [157.717, -14.683], [157.03, -14.092], [157.601, -12.436], [157.161, -11.374], [154.586, -8.135], [155.112, -7.247], [155.508, -6.958], [155.923, -6.847], [156.04, -6.658], [156.036, -6.55], [158.235, -4.872], [160.48, -4.751], [162.802, -4.142], [163.001, -4.797], [163.022, -5.027], [163.447, -5.064], [164.01, -5.213], [164.596, -5.483], [165.082, -5.818], [165.496, -6.226], [165.813, -6.669], [166.473, -6.475], [167.055, -6.424], [167.637, -6.473], [168.201, -6.621], [168.74, -6.867], [169.241, -7.212], [169.817, -7.768], [170.175, -8.276], [170.427, -8.297], [170.994, -8.445], [171.528, -8.687], [172.011, -9.017], [172.431, -9.423], [173.028, -10.271], [173.285, -10.793], [173.445, -11.352], [173.575, -11.954]], [[166.828, -11.592], [166.793, -11.624], [166.861, -11.711], [166.992, -11.699], [166.919, -11.667], [166.947, -11.61], [166.828, -11.592]], [[166.523, -11.208], [166.474, -11.249], [166.485, -11.277], [166.523, -11.255], [166.494, -11.294], [166.527, -11.316], [166.577, -11.255], [166.523, -11.208]], [[166.08, -10.783], [166.024, -10.817], [166.064, -10.825], [166.08, -10.783]], [[162.471, -10.809], [162.45, -10.853], [162.487, -10.835], [162.471, -10.809]], [[166.349, -10.262], [166.302, -10.276], [166.305, -10.32], [166.349, -10.262]], [[161.721, -10.207], [161.704, -10.253], [161.737, -10.304], [161.767, -10.259], [161.721, -10.207]], [[165.806, -10.651], [165.784, -10.703], [165.826, -10.677], [165.806, -10.651]], [[161.501, -10.51], [161.481, -10.523], [161.518, -10.536], [161.501, -10.51]], [[160.781, -8.288], [160.754, -8.3], [160.813, -8.339], [160.781, -8.288]], [[158.271, -7.451], [158.25, -7.451], [158.268, -7.496], [158.419, -7.562], [158.419, -7.513], [158.352, -7.482], [158.352, -7.514], [158.271, -7.451]], [[158.242, -7.401], [158.185, -7.436], [158.244, -7.481], [158.29, -7.415], [158.234, -7.439], [158.269, -7.411], [158.242, -7.401]], [[158.196, -7.383], [158.214, -7.416], [158.238, -7.394], [158.196, -7.383]], [[158.149, -7.365], [158.125, -7.373], [158.136, -7.406], [158.149, -7.365]], [[157.761, -7.396], [157.711, -7.41], [157.711, -7.441], [157.748, -7.476], [157.824, -7.476], [157.813, -7.426], [157.761, -7.396]], [[157.54, -7.386], [157.518, -7.373], [157.496, -7.412], [157.599, -7.425], [157.567, -7.453], [157.647, -7.427], [157.623, -7.395], [157.54, -7.386]], [[155.575, -7.33], [155.521, -7.348], [155.519, -7.39], [155.575, -7.4], [155.625, -7.367], [155.575, -7.33]], [[155.82, -7.091], [155.794, -7.113], [155.847, -7.122], [155.82, -7.091]], [[155.729, -6.96], [155.665, -7.082], [155.767, -7.114], [155.863, -7.084], [155.863, -7.038], [155.729, -6.96]], [[156.088, -6.798], [156.032, -6.844], [156.077, -6.891], [156.033, -6.988], [156.063, -6.954], [156.081, -6.981], [156.101, -6.918], [156.145, -6.93], [156.047, -6.852], [156.088, -6.798]], [[156.021, -6.773], [155.989, -6.787], [155.999, -6.821], [156.046, -6.782], [156.021, -6.773]], [[158.547, -7.646], [158.506, -7.668], [158.554, -7.692], [158.547, -7.646]], [[157.768, -8.221], [157.809, -8.284], [157.82, -8.252], [157.768, -8.221]], [[159.593, -8.376], [159.524, -8.413], [159.528, -8.47], [159.629, -8.546], [159.685, -8.549], [159.703, -8.516], [159.64, -8.498], [159.657, -8.48], [159.627, -8.456], [159.649, -8.458], [159.628, -8.451], [159.641, -8.392], [159.593, -8.376]], [[158.186, -8.673], [158.19, -8.727], [158.131, -8.774], [158.165, -8.833], [158.241, -8.794], [158.186, -8.673]], [[158.286, -8.755], [158.267, -8.766], [158.291, -8.782], [158.286, -8.755]], [[157.548, -8.692], [157.429, -8.71], [157.653, -8.803], [157.659, -8.773], [157.548, -8.692]], [[158.014, -8.5], [157.976, -8.509], [157.997, -8.527], [158.014, -8.5]], [[158.118, -8.732], [158.056, -8.752], [158.115, -8.738], [158.126, -8.77], [158.118, -8.732]], [[157.524, -8.372], [157.516, -8.402], [157.551, -8.414], [157.524, -8.372]], [[157.345, -8.31], [157.313, -8.358], [157.341, -8.364], [157.345, -8.31]], [[157.464, -8.282], [157.349, -8.311], [157.444, -8.318], [157.464, -8.282]], [[157.466, -8.284], [157.449, -8.311], [157.472, -8.322], [157.545, -8.305], [157.466, -8.284]], [[157.022, -8.184], [157.006, -8.197], [157.057, -8.231], [157.025, -8.243], [157.098, -8.281], [157.116, -8.334], [157.16, -8.332], [157.116, -8.307], [157.097, -8.209], [157.022, -8.184]], [[157.136, -8.147], [157.093, -8.153], [157.117, -8.157], [157.083, -8.164], [157.106, -8.169], [157.089, -8.19], [157.122, -8.261], [157.129, -8.237], [157.201, -8.286], [157.177, -8.173], [157.136, -8.147]], [[156.55, -7.936], [156.508, -7.948], [156.579, -8.183], [156.616, -8.138], [156.55, -7.936]], [[156.805, -8.04], [156.775, -8.041], [156.768, -8.076], [156.844, -8.109], [156.805, -8.04]], [[156.542, -7.793], [156.509, -7.824], [156.547, -7.846], [156.566, -7.824], [156.542, -7.793]], [[161.021, -8.745], [160.996, -8.761], [161.048, -8.766], [161.021, -8.745]], [[161.218, -9.434], [161.201, -9.412], [161.231, -9.454], [161.218, -9.434]], [[160.325, -9.06], [160.254, -9.172], [160.21, -9.161], [160.223, -9.191], [160.275, -9.189], [160.291, -9.153], [160.361, -9.187], [160.414, -9.137], [160.355, -9.119], [160.325, -9.06]], [[159.225, -9.023], [159.156, -9.133], [159.219, -9.115], [159.226, -9.078], [159.197, -9.087], [159.225, -9.023]], [[160.075, -8.947], [160.067, -9.032], [160.115, -8.976], [160.075, -8.947]], [[159.131, -8.998], [159.076, -8.998], [159.111, -9.046], [159.084, -9.022], [159.087, -9.055], [159.066, -9.03], [159.062, -9.068], [159.028, -9.06], [159.054, -9.111], [159.144, -9.117], [159.205, -9.03], [159.159, -9.011], [159.169, -9.039], [159.133, -9.049], [159.131, -8.998]], [[160.139, -8.99], [160.135, -9.029], [160.061, -9.044], [160.098, -9.093], [160.129, -9.103], [160.143, -9.069], [160.217, -9.131], [160.226, -9.079], [160.232, -9.145], [160.285, -9.127], [160.307, -9.081], [160.287, -9.045], [160.24, -9.007], [160.224, -9.033], [160.189, -9.004], [160.157, -9.018], [160.139, -8.99]], [[159.818, -9.1], [159.784, -9.128], [159.81, -9.164], [159.838, -9.141], [159.818, -9.1]], [[160.026, -8.878], [159.983, -8.915], [160.005, -8.89], [160.04, -8.915], [160.026, -8.878]], [[168.828, -12.284], [168.815, -12.308], [168.847, -12.297], [168.828, -12.284]], [[160.658, -11.832], [160.496, -11.703], [160.352, -11.663], [160.094, -11.488], [159.994, -11.462], [159.952, -11.504], [160.006, -11.598], [160.086, -11.61], [160.132, -11.667], [160.245, -11.687], [160.289, -11.66], [160.28, -11.692], [160.319, -11.7], [160.298, -11.719], [160.407, -11.744], [160.441, -11.828], [160.484, -11.852], [160.52, -11.839], [160.561, -11.883], [160.587, -11.826], [160.658, -11.832]], [[166.105, -10.759], [166.125, -10.734], [166.089, -10.741], [166.142, -10.67], [165.927, -10.652], [165.854, -10.681], [165.824, -10.761], [165.791, -10.714], [165.75, -10.789], [165.774, -10.837], [165.841, -10.803], [165.861, -10.867], [165.949, -10.754], [165.99, -10.778], [166.01, -10.746], [166.001, -10.779], [166.047, -10.786], [166.105, -10.759]], [[161.581, -10.581], [161.62, -10.644], [161.654, -10.617], [161.653, -10.649], [161.708, -10.665], [161.689, -10.694], [161.759, -10.703], [161.759, -10.741], [161.835, -10.774], [161.844, -10.75], [161.932, -10.796], [162.012, -10.789], [162.119, -10.842], [162.206, -10.813], [162.273, -10.851], [162.379, -10.84], [162.224, -10.809], [162.281, -10.772], [162.264, -10.689], [162.206, -10.674], [162.085, -10.474], [162.054, -10.466], [162.027, -10.505], [161.925, -10.444], [161.842, -10.458], [161.792, -10.411], [161.716, -10.407], [161.69, -10.365], [161.426, -10.211], [161.339, -10.188], [161.281, -10.209], [161.273, -10.339], [161.379, -10.334], [161.491, -10.376], [161.469, -10.427], [161.504, -10.431], [161.484, -10.475], [161.522, -10.462], [161.512, -10.57], [161.569, -10.558], [161.581, -10.581]], [[160.014, -9.814], [160.323, -9.812], [160.425, -9.897], [160.478, -9.888], [160.627, -9.947], [160.835, -9.852], [160.792, -9.788], [160.811, -9.77], [160.771, -9.748], [160.794, -9.747], [160.661, -9.701], [160.661, -9.641], [160.615, -9.576], [160.486, -9.532], [160.384, -9.421], [159.908, -9.426], [159.713, -9.251], [159.616, -9.286], [159.583, -9.367], [159.617, -9.48], [159.586, -9.524], [159.639, -9.562], [159.707, -9.717], [159.822, -9.801], [159.885, -9.781], [160.014, -9.814]], [[160.759, -8.899], [160.752, -8.965], [160.85, -9.14], [160.935, -9.175], [161.041, -9.302], [161.019, -9.296], [161.078, -9.32], [161.089, -9.3], [161.119, -9.358], [161.199, -9.383], [161.291, -9.529], [161.403, -9.591], [161.371, -9.452], [161.36, -9.47], [161.215, -9.282], [161.268, -9.303], [161.23, -9.205], [161.266, -9.194], [161.197, -9.147], [161.219, -9.105], [161.173, -9.096], [161.184, -9.034], [161.122, -8.983], [161.166, -8.984], [161.043, -8.865], [160.94, -8.821], [160.922, -8.762], [160.956, -8.741], [160.946, -8.698], [161.003, -8.667], [160.992, -8.626], [160.738, -8.317], [160.68, -8.322], [160.722, -8.346], [160.698, -8.377], [160.565, -8.33], [160.585, -8.41], [160.727, -8.557], [160.652, -8.626], [160.687, -8.693], [160.672, -8.751], [160.759, -8.899]], [[158.508, -7.628], [158.469, -7.591], [158.555, -7.65], [158.584, -7.747], [158.677, -7.789], [158.755, -7.854], [158.716, -7.861], [158.768, -7.87], [158.774, -7.91], [158.949, -8.009], [158.945, -8.033], [159.086, -8.084], [159.092, -8.116], [159.18, -8.149], [159.214, -8.205], [159.275, -8.204], [159.253, -8.224], [159.294, -8.216], [159.33, -8.269], [159.45, -8.299], [159.564, -8.382], [159.622, -8.37], [159.708, -8.412], [159.705, -8.458], [159.83, -8.554], [159.896, -8.564], [159.848, -8.506], [159.871, -8.495], [159.857, -8.461], [159.806, -8.464], [159.813, -8.42], [159.779, -8.446], [159.742, -8.403], [159.81, -8.397], [159.853, -8.342], [159.375, -7.981], [159.367, -8.008], [159.319, -7.974], [159.296, -7.997], [159.192, -7.951], [159.169, -7.917], [159.197, -7.918], [159.068, -7.902], [159.037, -7.837], [158.967, -7.816], [158.994, -7.792], [158.855, -7.731], [158.734, -7.58], [158.681, -7.597], [158.604, -7.551], [158.579, -7.589], [158.434, -7.513], [158.426, -7.549], [158.467, -7.59], [158.36, -7.552], [158.371, -7.59], [158.297, -7.57], [158.407, -7.645], [158.381, -7.604], [158.446, -7.635], [158.474, -7.614], [158.461, -7.634], [158.512, -7.653], [158.508, -7.628]], [[156.965, -7.227], [157.009, -7.249], [157.01, -7.3], [157.044, -7.271], [157.085, -7.292], [157.117, -7.37], [157.129, -7.342], [157.194, -7.337], [157.268, -7.349], [157.282, -7.379], [157.275, -7.354], [157.326, -7.339], [157.317, -7.393], [157.442, -7.429], [157.52, -7.371], [157.562, -7.381], [157.538, -7.292], [157.448, -7.324], [157.409, -7.29], [157.422, -7.321], [157.396, -7.325], [157.381, -7.282], [157.289, -7.239], [157.283, -7.19], [157.176, -7.164], [157.131, -7.111], [157.101, -6.96], [156.971, -6.86], [156.678, -6.739], [156.632, -6.659], [156.548, -6.646], [156.497, -6.591], [156.372, -6.641], [156.369, -6.683], [156.414, -6.688], [156.409, -6.736], [156.657, -6.903], [156.866, -7.17], [156.965, -7.227]], [[156.746, -7.703], [156.674, -7.676], [156.627, -7.571], [156.61, -7.589], [156.583, -7.563], [156.502, -7.629], [156.512, -7.706], [156.606, -7.793], [156.595, -7.873], [156.651, -7.887], [156.646, -7.94], [156.683, -7.931], [156.7, -7.96], [156.718, -7.836], [156.791, -7.758], [156.746, -7.703]], [[157.118, -7.855], [156.999, -7.869], [156.938, -7.977], [156.991, -8.091], [157.143, -8.139], [157.197, -8.065], [157.194, -7.992], [157.172, -7.905], [157.118, -7.855]], [[157.328, -8.292], [157.349, -8.261], [157.363, -8.288], [157.483, -8.242], [157.487, -8.272], [157.546, -8.254], [157.587, -8.367], [157.624, -8.373], [157.607, -8.397], [157.56, -8.358], [157.55, -8.379], [157.609, -8.472], [157.686, -8.516], [157.745, -8.486], [157.729, -8.514], [157.816, -8.595], [157.801, -8.637], [157.83, -8.601], [157.788, -8.557], [157.806, -8.541], [157.88, -8.579], [157.866, -8.543], [157.904, -8.481], [157.827, -8.325], [157.771, -8.29], [157.786, -8.253], [157.717, -8.203], [157.619, -8.236], [157.642, -8.206], [157.602, -8.162], [157.631, -8.141], [157.599, -8.142], [157.612, -8.05], [157.504, -7.961], [157.367, -8.029], [157.296, -8.171], [157.312, -8.191], [157.291, -8.173], [157.268, -8.209], [157.23, -8.185], [157.199, -8.22], [157.212, -8.319], [157.225, -8.278], [157.249, -8.331], [157.288, -8.339], [157.328, -8.292]], [[158.049, -8.624], [158.116, -8.599], [158.106, -8.53], [158.045, -8.522], [158.027, -8.558], [157.941, -8.517], [157.966, -8.571], [157.931, -8.552], [157.922, -8.592], [157.882, -8.559], [157.869, -8.671], [157.951, -8.761], [158.018, -8.772], [158.099, -8.691], [158.082, -8.659], [158.112, -8.626], [158.049, -8.624]], [[157.344, -8.405], [157.193, -8.568], [157.298, -8.651], [157.312, -8.696], [157.395, -8.731], [157.343, -8.688], [157.329, -8.627], [157.338, -8.571], [157.383, -8.572], [157.41, -8.475], [157.382, -8.414], [157.344, -8.405]], [[161.514, -9.516], [161.336, -9.327], [161.406, -9.43], [161.378, -9.491], [161.413, -9.557], [161.397, -9.611], [161.457, -9.685], [161.484, -9.631], [161.569, -9.729], [161.557, -9.569], [161.514, -9.516]]]], "type": "MultiPolygon"}, "properties": {"long_title": null, "region": "eez", "region_id": 90, "title": "Solomon Isl."}, "type": "Feature"}, {"geometry": {"coordinates": [[[[180, -13.881], [179.494, -13.328], [179.53, -13.235], [180, -12.944], [180, -13.881]]], [[[-180, -12.944], [-178.226, -11.764], [-177.711, -10.85], [-176.749, -9.894], [-176.203, -9.848], [-175.622, -9.901], [-174.273, -10.947], [-174.532, -14.143], [-176.642, -14.646], [-177.376, -15.937], [-178.517, -15.296], [-179.24, -14.805], [-180, -13.881], [-180, -12.944]], [[-176.199, -13.219], [-176.251, -13.29], [-176.207, -13.353], [-176.176, -13.345], [-176.161, -13.267], [-176.199, -13.219]], [[-178.192, -14.232], [-178.15, -14.307], [-178.042, -14.306], [-178.192, -14.232]], [[-178.028, -14.32], [-178.068, -14.354], [-178.028, -14.371], [-177.975, -14.339], [-178.028, -14.32]]]], "type": "MultiPolygon"}, "properties": {"long_title": null, "region": "eez", "region_id": 876, "title": "Wallis & Futuna Isl. (France)"}, "type": "Feature"}, {"geometry": {"coordinates": [[[[-20.074, 13.593], [-20.237, 13.297], [-20.498, 12.983], [-20.924, 12.579], [-21.799, 12.007], [-22.338, 11.766], [-22.938, 11.613], [-24.693, 11.475], [-25.31, 11.528], [-25.883, 11.674], [-26.423, 11.915], [-26.935, 12.258], [-27.367, 12.669], [-27.716, 13.139], [-27.977, 13.66], [-28.142, 14.218], [-28.205, 14.795], [-28.186, 15.072], [-28.297, 15.219], [-28.612, 15.858], [-28.781, 16.415], [-28.849, 17.001], [-28.811, 17.58], [-28.666, 18.152], [-28.421, 18.683], [-28.061, 19.197], [-27.635, 19.616], [-27.129, 19.962], [-26.337, 20.326], [-25.741, 20.482], [-25.124, 20.537], [-24.498, 20.489], [-23.9, 20.339], [-23.453, 20.145], [-22.907, 20.188], [-22.292, 20.133], [-21.697, 19.977], [-21.141, 19.724], [-20.613, 19.362], [-20, 18.737], [-19.633, 17.888], [-19.613, 17.1], [-19.535, 17], [-19.558, 16.067], [-19.642, 15.667], [-19.747, 15.417], [-20, 14.917], [-20.074, 14.85], [-20.074, 13.593]], [[-24.921, 16.923], [-24.991, 16.911], [-25.009, 16.872], [-25.052, 16.884], [-25.086, 16.826], [-24.984, 16.777], [-24.864, 16.814], [-24.86, 16.862], [-24.905, 16.873], [-24.921, 16.923]], [[-22.927, 16.848], [-22.98, 16.831], [-22.995, 16.794], [-22.99, 16.699], [-22.94, 16.688], [-22.922, 16.585], [-22.886, 16.592], [-22.899, 16.635], [-22.872, 16.671], [-22.899, 16.733], [-22.889, 16.835], [-22.927, 16.848]], [[-24.585, 16.607], [-24.574, 16.626], [-24.6, 16.626], [-24.585, 16.607]], [[-24.72, 16.735], [-24.683, 16.755], [-24.722, 16.753], [-24.778, 16.807], [-24.786, 16.769], [-24.72, 16.735]], [[-23.18, 15.34], [-23.231, 15.267], [-23.233, 15.163], [-23.157, 15.116], [-23.088, 15.197], [-23.109, 15.307], [-23.18, 15.34]], [[-24.28, 14.898], [-24.3, 15.016], [-24.368, 15.052], [-24.473, 14.994], [-24.505, 14.922], [-24.498, 14.883], [-24.401, 14.813], [-24.308, 14.838], [-24.28, 14.898]], [[-24.687, 14.813], [-24.673, 14.892], [-24.728, 14.892], [-24.748, 14.833], [-24.687, 14.813]], [[-24.977, 17.071], [-24.966, 17.114], [-25.093, 17.205], [-25.332, 17.098], [-25.362, 17.053], [-25.322, 17.008], [-25.306, 16.911], [-25.207, 16.908], [-24.977, 17.071]], [[-24.216, 16.594], [-24.109, 16.552], [-24.007, 16.571], [-24.215, 16.646], [-24.278, 16.631], [-24.343, 16.682], [-24.427, 16.643], [-24.326, 16.481], [-24.279, 16.563], [-24.216, 16.594]], [[-22.705, 16.193], [-22.788, 16.231], [-22.852, 16.202], [-22.917, 16.23], [-22.9, 16.147], [-22.959, 16.083], [-22.961, 16.03], [-22.878, 15.973], [-22.804, 15.974], [-22.688, 16.041], [-22.668, 16.128], [-22.705, 16.193]], [[-23.465, 14.952], [-23.43, 15.016], [-23.502, 15.125], [-23.681, 15.26], [-23.697, 15.332], [-23.758, 15.333], [-23.775, 15.299], [-23.741, 15.244], [-23.782, 15.071], [-23.715, 15.013], [-23.727, 14.986], [-23.623, 14.91], [-23.482, 14.905], [-23.465, 14.952]]]], "type": "MultiPolygon"}, "properties": {"long_title": null, "region": "eez", "region_id": 132, "title": "Cape Verde"}, "type": "Feature"}, {"geometry": {"coordinates": [[[[-65.842, 21.81], [-65.643, 21.886], [-65.034, 22.027], [-64.387, 22.082], [-63.709, 22.03], [-63.258, 21.94], [-63.792, 19.085], [-63.87, 18.5], [-63.838, 18.223], [-63.898, 17.964], [-64.261, 18.034], [-64.634, 18.051], [-64.661, 18.279], [-64.639, 18.364], [-64.872, 18.409], [-64.992, 18.687], [-65.102, 19.207], [-65.349, 19.625], [-65.456, 19.958], [-65.842, 21.81]], [[-64.334, 18.75], [-64.417, 18.74], [-64.272, 18.69], [-64.334, 18.75]], [[-64.397, 18.506], [-64.447, 18.426], [-64.32, 18.503], [-64.397, 18.506]], [[-64.563, 18.46], [-64.643, 18.454], [-64.717, 18.389], [-64.515, 18.432], [-64.563, 18.46]], [[-64.583, 18.363], [-64.612, 18.352], [-64.563, 18.33], [-64.583, 18.363]], [[-64.754, 18.459], [-64.781, 18.443], [-64.721, 18.437], [-64.754, 18.459]]]], "type": "MultiPolygon"}, "properties": {"long_title": null, "region": "eez", "region_id": 92, "title": "British Virgin Isl. (UK)"}, "type": "Feature"}, {"geometry": {"coordinates": [[[[-60.736, 20.922], [-60.323, 20.767], [-60.017, 20.611], [-59.495, 20.246], [-59.04, 19.776], [-58.689, 19.287], [-58.435, 18.748], [-58.372, 18.532], [-59.138, 18.161], [-60.217, 17.572], [-60.513, 17.378], [-61.017, 16.973], [-61.829, 16.686], [-62.09, 16.863], [-62.198, 16.888], [-62.753, 16.614], [-62.402, 17.112], [-62.374, 17.283], [-62.422, 17.662], [-62.313, 17.913], [-62.226, 18.312], [-60.736, 20.922]], [[-61.845, 17.73], [-61.862, 17.695], [-61.825, 17.647], [-61.86, 17.582], [-61.822, 17.592], [-61.733, 17.543], [-61.743, 17.643], [-61.845, 17.73]], [[-61.868, 17.716], [-61.887, 17.697], [-61.852, 17.645], [-61.868, 17.716]], [[-61.685, 17.069], [-61.712, 17.071], [-61.677, 17.102], [-61.733, 17.09], [-61.746, 17.115], [-61.718, 17.129], [-61.75, 17.114], [-61.748, 17.138], [-61.777, 17.111], [-61.802, 17.17], [-61.847, 17.166], [-61.845, 17.117], [-61.889, 17.13], [-61.906, 17.101], [-61.875, 17.103], [-61.907, 17.081], [-61.891, 17.026], [-61.833, 17.003], [-61.734, 17.002], [-61.743, 17.043], [-61.691, 17.03], [-61.685, 17.069]]]], "type": "MultiPolygon"}, "properties": {"long_title": null, "region": "eez", "region_id": 28, "title": "Antigua & Barbuda"}, "type": "Feature"}, {"geometry": {"coordinates": [[[[164.7, -54.668], [164.538, -55.462], [164.372, -55.948], [164.247, -56.217], [164.07, -56.493], [163.849, -56.756], [163.281, -57.243], [162.896, -57.485], [162.489, -57.693], [161.557, -58.046], [160.472, -58.3], [159.323, -58.43], [158.089, -58.434], [156.891, -58.302], [155.778, -58.041], [154.822, -57.674], [154.394, -57.448], [154.015, -57.199], [153.687, -56.932], [153.413, -56.648], [153.193, -56.351], [153.023, -56.029], [152.918, -55.714], [152.866, -55.378], [152.877, -55.023], [152.954, -54.67], [153.411, -53.595], [153.594, -53.308], [153.83, -53.018], [154.519, -52.376], [154.898, -52.11], [155.315, -51.869], [155.768, -51.655], [156.272, -51.462], [157.332, -51.184], [158.451, -51.044], [159.568, -51.045], [160.689, -51.189], [162.067, -52.25], [164.267, -53.833], [164.7, -54.668]], [[158.938, -54.493], [158.851, -54.519], [158.872, -54.554], [158.825, -54.606], [158.827, -54.676], [158.775, -54.767], [158.841, -54.779], [158.938, -54.493]]]], "type": "MultiPolygon"}, "properties": {"long_title": null, "region": "eez", "region_id": 37, "title": "Macquarie Isl. (Australia)"}, "type": "Feature"}, {"geometry": {"coordinates": [[[[-63.96, 35.669], [-63.272, 35.513], [-62.633, 35.258], [-62.061, 34.914], [-61.551, 34.472], [-61.167, 33.986], [-60.894, 33.449], [-60.739, 32.883], [-60.705, 32.303], [-60.795, 31.706], [-60.996, 31.148], [-61.302, 30.631], [-61.704, 30.166], [-62.19, 29.766], [-62.869, 29.369], [-63.526, 29.108], [-64.169, 28.963], [-64.859, 28.914], [-65.52, 28.962], [-66.162, 29.107], [-66.78, 29.349], [-67.334, 29.672], [-67.819, 30.072], [-68.228, 30.545], [-68.534, 31.063], [-68.742, 31.638], [-68.827, 32.214], [-68.793, 32.797], [-68.634, 33.385], [-68.361, 33.921], [-67.978, 34.407], [-67.494, 34.829], [-66.875, 35.199], [-66.073, 35.515], [-65.385, 35.67], [-64.671, 35.722], [-63.96, 35.669]], [[-64.674, 32.391], [-64.716, 32.362], [-64.659, 32.348], [-64.674, 32.391]], [[-64.671, 32.341], [-64.716, 32.361], [-64.757, 32.312], [-64.821, 32.31], [-64.778, 32.291], [-64.843, 32.254], [-64.875, 32.278], [-64.851, 32.313], [-64.888, 32.282], [-64.829, 32.248], [-64.671, 32.341]]]], "type": "MultiPolygon"}, "properties": {"long_title": null, "region": "eez", "region_id": 60, "title": "Bermuda (UK)"}, "type": "Feature"}, {"geometry": {"coordinates": [[[[-163.732, 20.16], [-159.522, 25.587], [-159.163, 25.572], [-158.725, 25.521], [-158.28, 25.416], [-157.785, 25.233], [-157.35, 25.007], [-156.934, 24.917], [-156.505, 24.772], [-156.148, 24.603], [-155.829, 24.41], [-155.288, 24.235], [-154.523, 23.876], [-154.017, 23.585], [-153.679, 23.347], [-153.292, 22.988], [-152.968, 22.582], [-152.419, 22.08], [-151.952, 21.512], [-151.73, 21.189], [-151.517, 20.766], [-151.366, 20.303], [-151.288, 19.824], [-151.283, 19.356], [-151.403, 18.659], [-151.671, 17.996], [-152.056, 17.419], [-152.565, 16.912], [-152.968, 16.607], [-153.419, 16.351], [-153.777, 16.101], [-154.321, 15.827], [-154.697, 15.699], [-155.107, 15.609], [-155.502, 15.568], [-155.915, 15.571], [-156.463, 15.649], [-157.006, 15.814], [-157.47, 16.037], [-158.057, 16.417], [-158.454, 16.769], [-158.8, 17.187], [-159.077, 17.651], [-159.278, 18.139], [-159.826, 18.372], [-160.412, 18.305], [-160.971, 18.328], [-161.539, 18.439], [-162.097, 18.643], [-162.596, 18.921], [-163.042, 19.273], [-163.424, 19.689], [-163.732, 20.16]], [[-156.573, 20.604], [-156.701, 20.524], [-156.673, 20.501], [-156.544, 20.512], [-156.539, 20.577], [-156.573, 20.604]], [[-156.981, 20.927], [-157.062, 20.89], [-156.995, 20.837], [-156.966, 20.733], [-156.835, 20.761], [-156.805, 20.808], [-156.828, 20.856], [-156.901, 20.915], [-156.981, 20.927]], [[-160.089, 22.006], [-160.229, 21.886], [-160.233, 21.791], [-160.203, 21.779], [-160.154, 21.867], [-160.067, 21.893], [-160.076, 21.956], [-160.048, 21.983], [-160.089, 22.006]], [[-155.921, 19.44], [-155.885, 19.333], [-155.907, 19.08], [-155.879, 19.033], [-155.723, 18.966], [-155.677, 18.91], [-155.6, 18.968], [-155.504, 19.136], [-155.294, 19.263], [-155.192, 19.256], [-154.975, 19.347], [-154.806, 19.516], [-154.98, 19.638], [-155.002, 19.736], [-155.086, 19.726], [-155.083, 19.853], [-155.239, 19.995], [-155.456, 20.099], [-155.593, 20.121], [-155.771, 20.247], [-155.853, 20.268], [-155.888, 20.252], [-155.904, 20.188], [-155.826, 19.99], [-155.921, 19.855], [-156.039, 19.788], [-156.062, 19.728], [-155.975, 19.605], [-155.921, 19.44]], [[-156.046, 20.656], [-155.987, 20.708], [-155.979, 20.765], [-156.113, 20.826], [-156.228, 20.931], [-156.329, 20.946], [-156.474, 20.891], [-156.524, 20.988], [-156.589, 21.031], [-156.667, 21.007], [-156.687, 20.882], [-156.623, 20.808], [-156.463, 20.781], [-156.453, 20.636], [-156.413, 20.583], [-156.297, 20.582], [-156.046, 20.656]], [[-156.948, 21.183], [-156.971, 21.216], [-157, 21.179], [-157.254, 21.224], [-157.251, 21.177], [-157.311, 21.101], [-157.06, 21.099], [-156.874, 21.047], [-156.775, 21.083], [-156.71, 21.156], [-156.948, 21.183]], [[-157.984, 21.383], [-157.934, 21.375], [-157.968, 21.349], [-157.95, 21.303], [-157.893, 21.331], [-157.814, 21.256], [-157.718, 21.283], [-157.699, 21.26], [-157.649, 21.304], [-157.742, 21.411], [-157.723, 21.459], [-157.773, 21.457], [-157.781, 21.411], [-157.84, 21.456], [-157.835, 21.529], [-157.966, 21.71], [-158.038, 21.681], [-158.118, 21.58], [-158.283, 21.576], [-158.23, 21.535], [-158.232, 21.482], [-158.107, 21.296], [-157.978, 21.316], [-158.023, 21.361], [-157.972, 21.342], [-157.984, 21.383]], [[-159.362, 21.948], [-159.33, 21.961], [-159.336, 22.045], [-159.293, 22.142], [-159.402, 22.236], [-159.487, 22.23], [-159.505, 22.202], [-159.581, 22.223], [-159.723, 22.153], [-159.784, 22.07], [-159.761, 21.982], [-159.667, 21.953], [-159.604, 21.892], [-159.444, 21.868], [-159.362, 21.948]]]], "type": "MultiPolygon"}, "properties": {"long_title": null, "region": "eez", "region_id": 842, "title": "Hawaii Main Islands (USA)"}, "type": "Feature"}, {"geometry": {"coordinates": [[[[-163.087, 2.664], [-163.44, 2.795], [-163.851, 3.013], [-164.401, 3.442], [-164.85, 3.974], [-165.284, 4.685], [-165.547, 5.238], [-165.706, 5.829], [-165.756, 6.44], [-165.694, 7.066], [-165.505, 7.709], [-165.206, 8.278], [-164.783, 8.8], [-164.287, 9.21], [-163.72, 9.519], [-163.076, 9.719], [-162.432, 9.787], [-161.786, 9.73], [-161.415, 9.639], [-161.029, 9.495], [-160.682, 9.316], [-160.365, 9.104], [-160.062, 8.847], [-159.781, 8.549], [-159.539, 8.219], [-159.375, 7.918], [-163.087, 2.664]], [[-162.074, 5.893], [-162.099, 5.873], [-162.049, 5.881], [-162.074, 5.893]]]], "type": "MultiPolygon"}, "properties": {"long_title": null, "region": "eez", "region_id": 844, "title": "Palmyra Atoll & Kingman Reef (USA)"}, "type": "Feature"}, {"geometry": {"coordinates": [[[[4.354, -51.119], [5.253, -51.258], [6.111, -51.488], [6.929, -51.809], [7.643, -52.202], [8.237, -52.655], [8.705, -53.163], [9.037, -53.722], [9.202, -54.294], [9.197, -54.875], [9.009, -55.463], [8.647, -56.006], [8.107, -56.508], [7.401, -56.946], [6.558, -57.303], [5.599, -57.568], [4.473, -57.743], [3.361, -57.799], [2.277, -57.743], [1.236, -57.58], [0.277, -57.314], [-0.566, -56.957], [-1.267, -56.522], [-1.828, -56.003], [-2.19, -55.459], [-2.372, -54.888], [-2.379, -54.284], [-2.214, -53.71], [-1.882, -53.151], [-1.414, -52.644], [-0.82, -52.191], [-0.118, -51.803], [0.671, -51.491], [1.526, -51.262], [2.481, -51.115], [3.402, -51.068], [4.354, -51.119]], [[3.392, -54.408], [3.341, -54.409], [3.339, -54.447], [3.392, -54.466], [3.487, -54.433], [3.392, -54.408]]]], "type": "MultiPolygon"}, "properties": {"long_title": null, "region": "eez", "region_id": 74, "title": "Bouvet Isl. (Norway)"}, "type": "Feature"}, {"geometry": {"coordinates": [[[[-27.662, -17.332], [-27.108, -17.572], [-26.604, -17.899], [-26.166, -18.303], [-25.798, -18.779], [-25.528, -19.3], [-25.355, -19.857], [-25.285, -20.453], [-25.325, -21.035], [-25.472, -21.598], [-25.724, -22.13], [-26.073, -22.612], [-26.51, -23.03], [-27.022, -23.37], [-27.593, -23.621], [-28.204, -23.776], [-29.33, -23.858], [-29.962, -23.805], [-30.573, -23.651], [-31.144, -23.399], [-31.661, -23.056], [-32.111, -22.625], [-32.462, -22.141], [-32.713, -21.61], [-32.861, -21.046], [-32.9, -20.446], [-32.832, -19.869], [-32.66, -19.312], [-32.389, -18.791], [-32.029, -18.322], [-31.59, -17.918], [-31.081, -17.588], [-30.527, -17.348], [-29.938, -17.201], [-28.857, -17.136], [-28.25, -17.185], [-27.662, -17.332]], [[-30.323, -20.516], [-30.295, -20.506], [-30.331, -20.481], [-30.323, -20.516]], [[-29.339, -20.486], [-29.33, -20.523], [-29.297, -20.524], [-29.339, -20.486]]]], "type": "MultiPolygon"}, "properties": {"long_title": null, "region": "eez", "region_id": 77, "title": "Trindade & Martim Vaz Isl. (Brazil)"}, "type": "Feature"}, {"geometry": {"coordinates": [[[[-104.887, -23.163], [-104.274, -23.301], [-103.694, -23.533], [-103.159, -23.853], [-102.695, -24.249], [-102.31, -24.712], [-102.016, -25.227], [-101.821, -25.785], [-101.737, -26.36], [-101.764, -26.939], [-101.905, -27.506], [-102.156, -28.042], [-102.515, -28.534], [-102.965, -28.96], [-103.496, -29.309], [-104.091, -29.569], [-104.732, -29.733], [-105.397, -29.795], [-106.159, -29.743], [-106.737, -29.613], [-107.365, -30.018], [-108.165, -30.34], [-108.849, -30.491], [-109.521, -30.534], [-110.193, -30.472], [-110.838, -30.308], [-111.438, -30.047], [-111.972, -29.698], [-112.425, -29.272], [-112.783, -28.782], [-113.036, -28.246], [-113.177, -27.679], [-113.204, -27.1], [-113.112, -26.498], [-112.889, -25.879], [-112.57, -25.326], [-112.174, -24.854], [-111.708, -24.458], [-111.17, -24.136], [-110.586, -23.904], [-109.965, -23.765], [-109.324, -23.723], [-108.693, -23.781], [-107.992, -23.96], [-107.417, -23.578], [-106.845, -23.331], [-106.236, -23.177], [-105.606, -23.119], [-104.887, -23.163]], [[-109.377, -27.055], [-109.445, -27.191], [-109.227, -27.107], [-109.377, -27.055]]]], "type": "MultiPolygon"}, "properties": {"long_title": null, "region": "eez", "region_id": 153, "title": "Easter Isl. (Chile)"}, "type": "Feature"}, {"geometry": {"coordinates": [[[[-76.176, -26.993], [-76.35, -27.553], [-76.632, -28.077], [-77.017, -28.548], [-77.497, -28.955], [-78.049, -29.279], [-78.66, -29.51], [-79.327, -29.646], [-80.001, -29.675], [-80.664, -29.6], [-81.5, -29.378], [-82.087, -29.104], [-82.639, -28.725], [-83.076, -28.29], [-83.418, -27.794], [-83.656, -27.253], [-83.788, -26.662], [-83.801, -26.082], [-83.703, -25.509], [-83.498, -24.961], [-83.193, -24.452], [-82.789, -23.987], [-82.309, -23.595], [-81.766, -23.284], [-81.185, -23.066], [-80.564, -22.94], [-79.935, -22.913], [-79.31, -22.983], [-78.699, -23.152], [-77.923, -23.493], [-77.406, -23.838], [-76.957, -24.26], [-76.597, -24.74], [-76.331, -25.268], [-76.168, -25.831], [-76.116, -26.415], [-76.176, -26.993]], [[-79.872, -26.34], [-79.889, -26.353], [-79.851, -26.352], [-79.872, -26.34]]]], "type": "MultiPolygon"}, "properties": {"long_title": null, "region": "eez", "region_id": 154, "title": "Desventuradas Isl. (Chile)"}, "type": "Feature"}, {"geometry": {"coordinates": [[[[-77.806, -36.906], [-78.351, -37.011], [-79.076, -37.044], [-79.616, -36.99], [-80.23, -37.101], [-80.965, -37.124], [-81.699, -37.041], [-82.386, -36.857], [-83.02, -36.576], [-83.586, -36.204], [-84.05, -35.764], [-84.41, -35.261], [-84.656, -34.707], [-84.784, -34.104], [-84.783, -33.524], [-84.663, -32.953], [-84.42, -32.383], [-84.079, -31.877], [-83.641, -31.422], [-83.127, -31.042], [-82.546, -30.74], [-81.896, -30.52], [-81.236, -30.4], [-80.559, -30.377], [-80.095, -30.429], [-79.435, -30.299], [-78.764, -30.267], [-78.08, -30.332], [-77.358, -30.522], [-76.749, -30.776], [-76.198, -31.113], [-75.718, -31.528], [-75.524, -31.762], [-77.806, -36.906]], [[-78.872, -33.604], [-78.947, -33.682], [-78.867, -33.647], [-78.775, -33.679], [-78.789, -33.64], [-78.872, -33.604]], [[-80.799, -33.721], [-80.84, -33.753], [-80.776, -33.817], [-80.755, -33.766], [-80.799, -33.721]]]], "type": "MultiPolygon"}, "properties": {"long_title": null, "region": "eez", "region_id": 155, "title": "Juan Fernandez Islands (Chile)"}, "type": "Feature"}, {"geometry": {"coordinates": [[[[-4.492, -12.776], [-3.951, -13.018], [-3.459, -13.347], [-3.028, -13.756], [-2.676, -14.229], [-2.398, -14.783], [-2.233, -15.341], [-2.167, -15.953], [-2.209, -16.532], [-2.356, -17.095], [-2.604, -17.625], [-2.947, -18.106], [-3.373, -18.521], [-3.871, -18.86], [-4.426, -19.109], [-5.144, -19.311], [-5.757, -19.362], [-6.371, -19.31], [-6.963, -19.157], [-7.518, -18.908], [-8.019, -18.568], [-8.476, -18.119], [-8.819, -17.638], [-9.067, -17.108], [-9.214, -16.545], [-9.256, -15.965], [-9.194, -15.388], [-9.029, -14.829], [-8.754, -14.284], [-8.39, -13.792], [-7.958, -13.381], [-7.415, -13.012], [-6.874, -12.77], [-6.295, -12.621], [-5.702, -12.571], [-5.074, -12.626], [-4.492, -12.776]], [[-5.71, -15.91], [-5.791, -15.994], [-5.748, -16.027], [-5.636, -15.974], [-5.654, -15.914], [-5.71, -15.91]]]], "type": "MultiPolygon"}, "properties": {"long_title": null, "region": "eez", "region_id": 654, "title": "Saint Helena (UK)"}, "type": "Feature"}, {"geometry": {"coordinates": [[[[-19.496, 24.604], [-19.98, 24.8], [-20.513, 25.125], [-20.985, 25.532], [-21.371, 26.003], [-21.662, 26.523], [-21.849, 27.078], [-21.927, 27.655], [-21.89, 28.243], [-21.794, 28.618], [-21.768, 29.307], [-21.616, 29.872], [-21.351, 30.405], [-20.745, 31.19], [-20.095, 31.16], [-19.594, 31.053], [-18.202, 30.871], [-16.889, 29.399], [-16.233, 29.309], [-15.142, 29.24], [-14.978, 29.379], [-14.738, 29.715], [-14.629, 29.927], [-13.872, 31.736], [-13.348, 32.117], [-13.04, 32.289], [-12.246, 31.192], [-11.813, 30.344], [-12.069, 29.437], [-12.209, 29.131], [-12.438, 28.905], [-12.687, 28.73], [-13.129, 28.503], [-13.237, 28.412], [-13.452, 28.063], [-13.848, 27.639], [-14.268, 27.279], [-14.376, 27.229], [-14.699, 27.187], [-15.258, 26.828], [-16.031, 26.388], [-16.738, 26.116], [-17.129, 25.677], [-17.228, 25.616], [-18.547, 25.004], [-19.496, 24.604]], [[-13.507, 29.416], [-13.527, 29.383], [-13.486, 29.403], [-13.507, 29.416]], [[-13.512, 29.29], [-13.544, 29.218], [-13.471, 29.266], [-13.512, 29.29]], [[-17.927, 27.733], [-17.882, 27.809], [-17.929, 27.85], [-17.997, 27.825], [-18.036, 27.763], [-18.135, 27.772], [-18.162, 27.718], [-18.039, 27.687], [-17.987, 27.637], [-17.927, 27.733]], [[-17.244, 28.02], [-17.168, 28.035], [-17.098, 28.095], [-17.102, 28.128], [-17.196, 28.2], [-17.278, 28.218], [-17.332, 28.183], [-17.349, 28.098], [-17.244, 28.02]], [[-13.746, 28.887], [-13.485, 28.992], [-13.423, 29.209], [-13.47, 29.242], [-13.545, 29.12], [-13.658, 29.125], [-13.817, 29.033], [-13.83, 28.93], [-13.877, 28.859], [-13.787, 28.838], [-13.746, 28.887]], [[-17.756, 28.641], [-17.768, 28.678], [-17.723, 28.738], [-17.777, 28.839], [-17.921, 28.858], [-18.008, 28.781], [-17.843, 28.453], [-17.76, 28.569], [-17.756, 28.641]], [[-14.265, 28.181], [-14.378, 28.114], [-14.492, 28.111], [-14.511, 28.067], [-14.331, 28.046], [-14.219, 28.165], [-13.917, 28.252], [-13.849, 28.4], [-13.867, 28.48], [-13.824, 28.553], [-13.83, 28.695], [-13.865, 28.747], [-14.018, 28.715], [-14.034, 28.593], [-14.147, 28.44], [-14.206, 28.326], [-14.215, 28.226], [-14.265, 28.181]], [[-15.803, 28.017], [-15.833, 27.917], [-15.788, 27.834], [-15.675, 27.749], [-15.6, 27.734], [-15.433, 27.799], [-15.385, 27.857], [-15.384, 27.927], [-15.358, 27.931], [-15.373, 28.009], [-15.42, 28.061], [-15.419, 28.182], [-15.467, 28.126], [-15.708, 28.166], [-15.711, 28.083], [-15.803, 28.017]], [[-16.162, 28.52], [-16.125, 28.532], [-16.139, 28.584], [-16.324, 28.579], [-16.513, 28.419], [-16.751, 28.371], [-16.833, 28.393], [-16.924, 28.341], [-16.84, 28.265], [-16.838, 28.208], [-16.703, 28.005], [-16.546, 28.025], [-16.425, 28.15], [-16.36, 28.38], [-16.162, 28.52]]]], "type": "MultiPolygon"}, "properties": {"long_title": null, "region": "eez", "region_id": 723, "title": "Canary Isl. (Spain)"}, "type": "Feature"}, {"geometry": {"coordinates": [[[[-158.175, -3.178], [-158.76, -3.482], [-159.342, -3.664], [-159.947, -3.736], [-160.527, -3.7], [-161.12, -3.554], [-161.675, -3.302], [-162.176, -2.952], [-162.622, -2.494], [-162.96, -1.984], [-163.2, -1.421], [-163.337, -0.794], [-163.356, -0.182], [-163.263, 0.425], [-163.063, 1.003], [-162.778, 1.512], [-162.367, 2.017], [-161.692, 2.056], [-159.657, 1.725], [-158.124, -0.005], [-157.007, -1.503], [-158.175, -3.178]]]], "type": "MultiPolygon"}, "properties": {"long_title": null, "region": "eez", "region_id": 845, "title": "Jarvis Isl. (USA)"}, "type": "Feature"}, {"geometry": {"coordinates": [[[[-13.234, -4.758], [-12.683, -5.013], [-12.179, -5.362], [-11.734, -5.799], [-11.395, -6.274], [-11.145, -6.799], [-10.989, -7.358], [-10.933, -7.937], [-10.979, -8.517], [-11.129, -9.084], [-11.373, -9.612], [-11.707, -10.09], [-12.121, -10.503], [-12.623, -10.854], [-13.183, -11.115], [-13.807, -11.277], [-14.397, -11.328], [-14.987, -11.277], [-15.564, -11.123], [-16.099, -10.876], [-16.591, -10.532], [-17.006, -10.118], [-17.345, -9.633], [-17.59, -9.105], [-17.743, -8.509], [-17.789, -7.929], [-17.732, -7.342], [-17.576, -6.783], [-17.311, -6.233], [-16.973, -5.759], [-16.547, -5.338], [-16.068, -5.007], [-15.54, -4.763], [-14.963, -4.609], [-14.377, -4.559], [-13.797, -4.609], [-13.234, -4.758]], [[-14.381, -7.891], [-14.421, -7.932], [-14.402, -7.991], [-14.297, -7.955], [-14.381, -7.891]]]], "type": "MultiPolygon"}, "properties": {"long_title": null, "region": "eez", "region_id": 855, "title": "Ascension Isl. (UK)"}, "type": "Feature"}, {"geometry": {"coordinates": [[[[-12.228, -44.08], [-12.86, -43.886], [-13.372, -43.659], [-13.964, -43.293], [-14.451, -42.835], [-14.87, -42.301], [-15.036, -41.965], [-15.187, -41.454], [-15.23, -40.984], [-15.194, -40.567], [-15.077, -40.113], [-15.527, -39.83], [-16.034, -39.4], [-16.441, -38.895], [-16.72, -38.343], [-16.869, -37.774], [-16.888, -37.193], [-16.783, -36.618], [-16.557, -36.067], [-16.21, -35.541], [-15.774, -35.083], [-15.252, -34.691], [-14.295, -34.157], [-13.653, -33.926], [-12.965, -33.786], [-12.243, -33.743], [-11.532, -33.797], [-10.857, -33.947], [-10.218, -34.189], [-9.62, -34.525], [-9.097, -34.939], [-8.674, -35.407], [-8.342, -35.945], [-8.128, -36.515], [-8.04, -37.093], [-8.053, -37.293], [-7.885, -37.35], [-7.235, -37.684], [-6.691, -38.075], [-6.236, -38.532], [-5.86, -39.084], [-5.62, -39.637], [-5.506, -40.211], [-5.523, -40.792], [-5.675, -41.364], [-5.967, -41.921], [-6.384, -42.422], [-6.912, -42.854], [-7.566, -43.218], [-8.147, -43.586], [-8.887, -43.919], [-9.837, -44.164], [-10.555, -44.239], [-10.957, -44.24], [-11.32, -44.225], [-12.228, -44.08]]]], "type": "MultiPolygon"}, "properties": {"long_title": null, "region": "eez", "region_id": 856, "title": "Tristan da Cunha Isl. (UK)"}, "type": "Feature"}, {"geometry": {"coordinates": [[[[165.859, 16.037], [165.491, 16.129], [164.906, 16.38], [164.396, 16.71], [163.944, 17.124], [163.584, 17.593], [163.314, 18.113], [163.141, 18.67], [163.071, 19.247], [163.108, 19.828], [163.252, 20.392], [163.5, 20.924], [163.844, 21.407], [164.292, 21.844], [164.797, 22.185], [165.362, 22.439], [165.966, 22.596], [166.614, 22.65], [167.219, 22.604], [167.825, 22.454], [168.426, 22.197], [168.936, 21.861], [169.375, 21.447], [169.727, 20.967], [169.982, 20.438], [170.142, 19.839], [170.185, 19.238], [170.126, 18.681], [169.96, 18.122], [169.839, 17.88], [165.859, 16.037]], [[166.634, 19.304], [166.643, 19.284], [166.598, 19.299], [166.657, 19.268], [166.634, 19.304]]]], "type": "MultiPolygon"}, "properties": {"long_title": null, "region": "eez", "region_id": 872, "title": "Wake Isl. (USA)"}, "type": "Feature"}, {"geometry": {"coordinates": [[[[81.821, -38.657], [81.79, -39.238], [81.629, -39.805], [81.339, -40.341], [80.925, -40.829], [80.4, -41.254], [79.779, -41.6], [79.069, -41.86], [78.318, -42.017], [77.539, -42.07], [76.759, -42.017], [75.985, -41.857], [75.288, -41.6], [74.666, -41.253], [74.139, -40.827], [73.726, -40.339], [73.436, -39.803], [73.271, -39.217], [73.241, -38.635], [73.311, -38.224], [73.286, -37.761], [73.383, -37.185], [73.609, -36.612], [73.94, -36.096], [74.371, -35.633], [74.89, -35.235], [75.481, -34.914], [76.127, -34.678], [76.842, -34.526], [77.545, -34.478], [78.279, -34.529], [78.962, -34.673], [79.609, -34.909], [80.2, -35.23], [80.719, -35.628], [81.153, -36.094], [81.497, -36.631], [81.716, -37.189], [81.818, -37.787], [81.778, -38.409], [81.821, -38.657]], [[77.545, -37.81], [77.502, -37.84], [77.556, -37.901], [77.601, -37.863], [77.58, -37.813], [77.545, -37.81]], [[77.513, -38.701], [77.513, -38.735], [77.553, -38.735], [77.513, -38.701]]]], "type": "MultiPolygon"}, "properties": {"long_title": null, "region": "eez", "region_id": 895, "title": "St Paul & Amsterdam Isl. (France)"}, "type": "Feature"}, {"geometry": {"coordinates": [[[[57.147, -46.881], [56.987, -47.451], [56.679, -47.993], [56.218, -48.503], [55.634, -48.938], [54.873, -49.322], [54.079, -49.589], [53.219, -49.757], [52.324, -49.819], [51.086, -49.762], [50.359, -49.8], [49.464, -49.74], [48.592, -49.571], [47.799, -49.305], [47.09, -48.944], [46.503, -48.51], [46.049, -48.014], [45.549, -47.113], [45.39, -46.543], [45.379, -45.961], [45.513, -45.375], [45.781, -44.826], [46.182, -44.306], [46.684, -43.851], [47.296, -43.451], [48.219, -43.024], [48.948, -42.796], [49.716, -42.659], [50.504, -42.617], [51.292, -42.67], [52.057, -42.818], [52.852, -43.091], [53.778, -43.24], [54.516, -43.467], [55.196, -43.78], [55.843, -44.197], [56.348, -44.651], [56.743, -45.16], [57.024, -45.728], [57.157, -46.301], [57.147, -46.881]], [[50.268, -46.06], [50.192, -46.063], [50.167, -46.104], [50.269, -46.145], [50.3, -46.112], [50.268, -46.06]], [[51.733, -46.342], [51.639, -46.39], [51.723, -46.47], [51.818, -46.481], [51.872, -46.435], [51.789, -46.352], [51.733, -46.342]], [[52.203, -46.381], [52.098, -46.405], [52.086, -46.436], [52.204, -46.487], [52.224, -46.465], [52.283, -46.481], [52.325, -46.444], [52.27, -46.392], [52.203, -46.381]]]], "type": "MultiPolygon"}, "properties": {"long_title": null, "region": "eez", "region_id": 896, "title": "Crozet Isl. (France)"}, "type": "Feature"}, {"geometry": {"coordinates": [[[[75.602, -49.826], [72.475, -51.052], [71.208, -51.409], [69.734, -51.972], [68.092, -52.708], [67.056, -53.235], [66.154, -53.071], [65.303, -52.8], [64.551, -52.438], [63.929, -52], [63.452, -51.501], [63.13, -50.957], [62.968, -50.386], [62.966, -49.804], [63.119, -49.232], [63.415, -48.685], [63.574, -48.499], [63.715, -47.918], [63.997, -47.37], [64.408, -46.862], [65.136, -46.23], [65.756, -45.841], [66.456, -45.528], [67.216, -45.3], [68.016, -45.162], [68.836, -45.119], [69.658, -45.17], [70.456, -45.315], [71.881, -45.711], [72.715, -46.111], [73.563, -46.465], [74.207, -46.856], [74.748, -47.314], [75.168, -47.821], [75.457, -48.368], [75.654, -49.074], [75.65, -49.656], [75.602, -49.826]], [[69.789, -49.685], [69.796, -49.659], [69.754, -49.643], [69.75, -49.672], [69.789, -49.685]], [[69.736, -49.648], [69.759, -49.625], [69.726, -49.595], [69.736, -49.648]], [[69.486, -48.668], [69.471, -48.694], [69.508, -48.698], [69.486, -48.668]], [[69.209, -48.842], [69.142, -48.925], [69.139, -48.982], [69.21, -48.947], [69.202, -48.915], [69.243, -48.886], [69.208, -48.885], [69.209, -48.842]], [[69.411, -48.882], [69.409, -48.917], [69.442, -48.918], [69.411, -48.882]], [[69.64, -49.144], [69.597, -49.158], [69.634, -49.169], [69.509, -49.199], [69.641, -49.208], [69.663, -49.198], [69.638, -49.159], [69.67, -49.151], [69.64, -49.144]], [[69.688, -49.205], [69.667, -49.216], [69.706, -49.214], [69.688, -49.205]], [[69.933, -49.423], [69.959, -49.409], [69.926, -49.403], [69.933, -49.423]], [[69.931, -49.39], [69.953, -49.381], [69.871, -49.37], [69.931, -49.39]], [[69.898, -49.515], [69.815, -49.492], [69.843, -49.528], [70.001, -49.581], [69.898, -49.515]], [[69.888, -49.489], [69.906, -49.476], [69.844, -49.456], [69.867, -49.451], [69.842, -49.423], [69.802, -49.428], [69.888, -49.489]], [[68.659, -48.647], [68.676, -48.628], [68.6, -48.639], [68.659, -48.647]], [[68.78, -48.613], [68.815, -48.596], [68.798, -48.573], [68.759, -48.601], [68.78, -48.613]], [[70.099, -49.633], [69.782, -49.549], [69.807, -49.543], [69.771, -49.514], [69.8, -49.513], [69.766, -49.488], [69.786, -49.477], [69.607, -49.384], [69.733, -49.42], [69.814, -49.488], [69.749, -49.392], [69.923, -49.447], [69.876, -49.404], [69.92, -49.395], [69.814, -49.337], [69.991, -49.375], [70.23, -49.351], [70.279, -49.438], [70.442, -49.441], [70.303, -49.385], [70.336, -49.384], [70.318, -49.362], [70.342, -49.346], [70.445, -49.382], [70.537, -49.304], [70.556, -49.199], [70.512, -49.153], [70.518, -49.095], [70.319, -49.05], [70.239, -49.086], [70.216, -49.158], [70.185, -49.142], [70.136, -49.177], [70.146, -49.139], [70.071, -49.113], [70.04, -49.143], [69.982, -49.139], [69.929, -49.195], [69.878, -49.195], [69.884, -49.215], [69.851, -49.206], [69.854, -49.265], [69.797, -49.295], [69.789, -49.262], [69.706, -49.317], [69.57, -49.304], [69.706, -49.305], [69.692, -49.281], [69.731, -49.262], [69.4, -49.276], [69.544, -49.244], [69.441, -49.248], [69.522, -49.229], [69.413, -49.224], [69.445, -49.199], [69.356, -49.187], [69.442, -49.174], [69.46, -49.143], [69.409, -49.163], [69.432, -49.131], [69.295, -49.184], [69.351, -49.132], [69.338, -49.107], [69.531, -49.137], [69.653, -49.12], [69.561, -49.116], [69.656, -49.102], [69.571, -49.097], [69.664, -49.066], [69.56, -49.041], [69.608, -49.027], [69.552, -49.022], [69.602, -49.003], [69.549, -49.008], [69.629, -48.97], [69.548, -48.989], [69.589, -48.967], [69.568, -48.94], [69.482, -49.074], [69.437, -49.088], [69.469, -49.055], [69.441, -49.014], [69.438, -49.044], [69.412, -49.03], [69.339, -49.099], [69.219, -49.133], [69.154, -49.113], [69.191, -49.066], [69.097, -48.991], [69.037, -49.041], [69.076, -49.127], [68.989, -49.087], [69.016, -49.06], [69.002, -49.019], [69.031, -49.007], [68.995, -48.986], [69.036, -49.003], [69.113, -48.968], [69.102, -48.914], [69.035, -48.935], [69.137, -48.864], [69.149, -48.815], [69.119, -48.849], [69.098, -48.807], [69.18, -48.783], [69.17, -48.759], [69.018, -48.807], [69.014, -48.853], [69.003, -48.819], [68.938, -48.842], [68.967, -48.881], [68.917, -48.856], [68.897, -48.903], [68.959, -48.805], [69.124, -48.731], [68.968, -48.769], [69.077, -48.719], [68.972, -48.732], [69.073, -48.691], [69.024, -48.679], [69.06, -48.672], [69.034, -48.66], [69.006, -48.682], [68.944, -48.666], [68.967, -48.696], [68.921, -48.704], [68.953, -48.714], [68.9, -48.722], [68.95, -48.753], [68.933, -48.775], [68.902, -48.777], [68.888, -48.824], [68.781, -48.846], [68.887, -48.992], [68.847, -48.956], [68.804, -48.962], [68.782, -49.017], [68.821, -49.055], [68.761, -49.028], [68.725, -49.086], [68.78, -49.095], [68.765, -49.126], [68.856, -49.11], [68.785, -49.132], [68.81, -49.162], [68.928, -49.146], [68.859, -49.171], [68.885, -49.189], [68.78, -49.169], [68.79, -49.201], [68.752, -49.204], [68.777, -49.248], [68.851, -49.275], [68.808, -49.279], [68.808, -49.307], [68.879, -49.323], [68.915, -49.291], [68.922, -49.327], [68.804, -49.349], [68.668, -49.321], [68.643, -49.348], [68.775, -49.373], [68.808, -49.351], [68.811, -49.388], [68.889, -49.369], [68.835, -49.403], [68.895, -49.413], [68.914, -49.462], [68.816, -49.484], [68.814, -49.511], [68.843, -49.506], [68.762, -49.608], [68.783, -49.645], [68.729, -49.664], [68.773, -49.73], [69.085, -49.691], [69.065, -49.54], [69.09, -49.544], [69.114, -49.646], [69.148, -49.629], [69.123, -49.6], [69.183, -49.591], [69.12, -49.582], [69.169, -49.565], [69.114, -49.517], [69.217, -49.585], [69.148, -49.51], [69.19, -49.525], [69.184, -49.496], [69.088, -49.485], [69.116, -49.473], [69.23, -49.482], [69.254, -49.569], [69.306, -49.583], [69.291, -49.461], [69.322, -49.497], [69.295, -49.542], [69.427, -49.644], [69.595, -49.642], [69.643, -49.674], [69.702, -49.619], [69.69, -49.568], [69.62, -49.511], [69.625, -49.489], [69.704, -49.541], [69.667, -49.483], [69.763, -49.53], [69.766, -49.59], [69.856, -49.711], [69.955, -49.695], [70.078, -49.736], [70.126, -49.689], [70.157, -49.712], [70.248, -49.696], [70.223, -49.641], [70.139, -49.634], [70.29, -49.629], [70.318, -49.568], [70.14, -49.51], [70.007, -49.543], [70.023, -49.583], [70.135, -49.632], [70.099, -49.633]], [[69.409, -48.957], [69.404, -48.928], [69.301, -48.958], [69.377, -48.921], [69.351, -48.884], [69.272, -48.926], [69.192, -48.994], [69.205, -49.114], [69.347, -49.082], [69.279, -49.071], [69.342, -49.051], [69.315, -49.012], [69.409, -48.957]]]], "type": "MultiPolygon"}, "properties": {"long_title": null, "region": "eez", "region_id": 897, "title": "Kerguelen Isl. (France)"}, "type": "Feature"}, {"geometry": {"coordinates": [[[[-105.874, 9.699], [-106.033, 9.134], [-106.286, 8.61], [-106.629, 8.134], [-107.048, 7.724], [-107.529, 7.394], [-108.063, 7.149], [-108.63, 7], [-109.215, 6.95], [-109.801, 7], [-110.366, 7.149], [-110.897, 7.392], [-111.38, 7.724], [-111.809, 8.141], [-112.15, 8.614], [-112.408, 9.147], [-112.566, 9.706], [-112.623, 10.285], [-112.578, 10.865], [-112.431, 11.427], [-112.186, 11.956], [-111.848, 12.437], [-111.426, 12.857], [-110.94, 13.193], [-110.401, 13.441], [-109.823, 13.593], [-109.228, 13.645], [-108.632, 13.593], [-108.055, 13.441], [-107.496, 13.184], [-107.007, 12.846], [-106.59, 12.432], [-106.254, 11.954], [-106.008, 11.423], [-105.861, 10.861], [-105.816, 10.28], [-105.874, 9.699]]]], "type": "MultiPolygon"}, "properties": {"long_title": null, "region": "eez", "region_id": 898, "title": "Clipperton Isl. (France)"}, "type": "Feature"}, {"geometry": {"coordinates": [[[[-48.513, -63.718], [-49.8, -63.324], [-50.817, -62.867], [-51.357, -62.556], [-51.73, -62.307], [-52.249, -61.829], [-52.436, -61.497], [-52.54, -61.103], [-52.561, -60.77], [-52.498, -60.148], [-52.332, -59.795], [-51.793, -59.068], [-51.274, -58.591], [-50.651, -58.217], [-49.89, -57.877], [-49.262, -57.662], [-48.158, -57.393], [-47.081, -57.242], [-45.466, -57.19], [-44.536, -57.241], [-43.462, -57.352], [-42.706, -57.461], [-41.618, -57.689], [-40.786, -57.939], [-40.366, -58.099], [-39.438, -58.54], [-38.983, -58.822], [-38.62, -59.096], [-38.265, -59.43], [-38.072, -59.657], [-37.818, -60.052], [-37.661, -60.452], [-37.605, -60.998], [-37.649, -61.283], [-37.834, -61.744], [-38.086, -62.102], [-38.609, -62.588], [-39.185, -62.954], [-39.798, -63.247], [-40.435, -63.481], [-41.047, -63.655], [-42.291, -63.914], [-43.674, -64.07], [-44.502, -64.108], [-45.496, -64.117], [-47.089, -64.006], [-48.513, -63.718]]]], "type": "MultiPolygon"}, "properties": {"long_title": null, "region": "eez", "region_id": 910, "title": "South Orkney Islands (UK)"}, "type": "Feature"}, {"geometry": {"coordinates": [[[[-85.692, 11.076], [-85.674, 11.033], [-85.729, 11.049], [-85.757, 11.024], [-85.689, 10.978], [-85.721, 10.959], [-85.714, 10.925], [-85.79, 10.939], [-85.794, 10.909], [-85.813, 10.946], [-85.885, 10.95], [-85.864, 10.927], [-85.951, 10.89], [-85.795, 10.855], [-85.793, 10.815], [-85.686, 10.803], [-85.657, 10.764], [-85.654, 10.667], [-85.7, 10.61], [-85.654, 10.643], [-85.626, 10.623], [-85.695, 10.554], [-85.812, 10.517], [-85.772, 10.449], [-85.876, 10.357], [-85.833, 10.318], [-85.856, 10.293], [-85.841, 10.203], [-85.682, 9.97], [-85.67, 9.904], [-85.298, 9.808], [-85.111, 9.555], [-85.065, 9.656], [-84.994, 9.705], [-85.009, 9.742], [-84.955, 9.728], [-84.924, 9.792], [-84.863, 9.825], [-84.931, 9.837], [-84.906, 9.852], [-84.938, 9.882], [-84.922, 9.926], [-85.183, 10.023], [-85.192, 10.052], [-85.159, 10.03], [-85.152, 10.05], [-85.27, 10.139], [-85.24, 10.138], [-85.247, 10.244], [-85.313, 10.32], [-85.361, 10.325], [-85.31, 10.323], [-85.248, 10.253], [-85.227, 10.267], [-85.247, 10.25], [-85.215, 10.182], [-85.087, 10.17], [-85.079, 10.137], [-85.026, 10.132], [-84.884, 10.011], [-84.742, 9.97], [-84.709, 9.923], [-84.732, 9.893], [-84.632, 9.786], [-84.676, 9.626], [-84.536, 9.519], [-84.475, 9.529], [-84.191, 9.457], [-84.174, 9.391], [-83.929, 9.304], [-83.622, 9.042], [-83.624, 9], [-83.66, 9.065], [-83.625, 8.954], [-83.608, 8.968], [-83.623, 8.92], [-83.578, 8.895], [-83.611, 8.885], [-83.579, 8.83], [-83.652, 8.795], [-83.651, 8.704], [-83.711, 8.686], [-83.727, 8.585], [-83.567, 8.44], [-83.436, 8.441], [-83.291, 8.374], [-83.284, 8.541], [-83.398, 8.592], [-83.481, 8.719], [-83.38, 8.746], [-83.323, 8.725], [-83.33, 8.684], [-83.295, 8.655], [-83.237, 8.627], [-83.172, 8.643], [-83.124, 8.599], [-83.157, 8.578], [-83.152, 8.609], [-83.178, 8.607], [-83.092, 8.45], [-83.145, 8.367], [-82.974, 8.242], [-82.893, 8.036], [-84.317, 5], [-84.317, 3.533], [-84.767, 3.05], [-85.409, 2.614], [-85.936, 2.37], [-86.497, 2.22], [-87.147, 2.151], [-89.428, 3.422], [-90.309, 4.572], [-90.39, 4.935], [-90.444, 5.513], [-90.397, 6.092], [-90.245, 6.665], [-90.001, 7.192], [-89.667, 7.671], [-89.246, 8.092], [-88.718, 8.456], [-88.95, 8.909], [-89.205, 9.75], [-88.011, 10.27], [-87.372, 10.647], [-86.748, 10.952], [-86.294, 11.086], [-85.976, 11.097], [-85.848, 11.043], [-85.692, 11.076]], [[-87.048, 5.557], [-87.093, 5.533], [-87.08, 5.501], [-87.03, 5.527], [-87.048, 5.557]], [[-85.068, 9.976], [-85.041, 9.982], [-85.085, 9.99], [-85.068, 9.976]], [[-85.138, 10.073], [-85.093, 10.096], [-85.195, 10.121], [-85.183, 10.083], [-85.138, 10.073]]]], "type": "MultiPolygon"}, "properties": {"long_title": null, "region": "eez", "region_id": 930, "title": "Costa Rica (Pacific)"}, "type": "Feature"}, {"geometry": {"coordinates": [[[[-180, -1.62], [-179.872, -2.082], [-179.82, -2.661], [-179.868, -3.246], [-180, -3.742], [-180, -1.62]]], [[[180, -3.742], [179.892, -4.003], [177.316, -4.356], [176.145, -4.075], [173.575, -4.131], [172.996, -4.292], [172.602, -3.965], [172.339, -3.685], [171.956, -3.192], [171.689, -3.459], [171.213, -3.792], [170.687, -4.038], [170.125, -4.189], [169.546, -4.239], [168.967, -4.189], [168.405, -4.038], [167.863, -3.786], [167.816, -3.753], [168.598, 1.77], [170.055, 1.99], [170.818, 4.198], [171.262, 4.342], [172.479, 4.587], [175.484, 5.569], [175.891, 5.024], [176.136, 4.498], [176.286, 3.936], [176.334, 3.38], [176.449, 3.124], [176.599, 2.563], [176.615, 2.377], [176.865, 1.982], [177.022, 1.967], [177.583, 1.816], [178.11, 1.571], [178.586, 1.237], [179.006, 0.818], [179.38, 0.278], [179.626, -0.249], [179.78, -0.821], [179.81, -1.166], [180, -1.605], [180, -3.742]], [[172.949, 3.161], [172.896, 3.116], [172.969, 3.177], [172.949, 3.161]], [[172.892, 3.106], [172.742, 3.08], [172.761, 3.039], [172.823, 3.094], [172.892, 3.106]], [[173.254, 1.977], [173.309, 1.978], [173.27, 2.061], [173.254, 1.977]], [[172.912, 1.955], [173.041, 1.792], [173.021, 1.722], [172.984, 1.721], [173.014, 1.713], [173.047, 1.796], [172.912, 1.955]], [[173.126, 1.402], [173.148, 1.367], [173.052, 1.356], [173.163, 1.361], [173.126, 1.402]], [[173, 1.031], [173.063, 0.966], [172.984, 0.838], [173.073, 0.97], [173, 1.031]], [[173.833, 0.495], [173.803, 0.452], [173.843, 0.487], [173.925, 0.405], [173.833, 0.495]], [[173.924, 0.403], [173.936, 0.324], [173.904, 0.308], [173.931, 0.305], [173.924, 0.403]], [[173.387, 0.272], [173.421, 0.194], [173.453, 0.214], [173.387, 0.272]], [[173.566, 0.171], [173.586, 0.172], [173.536, 0.183], [173.566, 0.171]], [[174.321, -0.577], [174.448, -0.653], [174.465, -0.815], [174.449, -0.653], [174.321, -0.577]], [[174.664, -1.133], [174.795, -1.258], [174.666, -1.104], [174.664, -1.133]], [[176.411, -1.312], [176.495, -1.403], [176.45, -1.324], [176.411, -1.312]], [[175.053, -1.469], [175.077, -1.526], [175.081, -1.477], [175.053, -1.469]], [[175.519, -1.789], [175.555, -1.841], [175.557, -1.806], [175.519, -1.789]], [[175.572, -1.864], [175.614, -1.89], [175.597, -1.942], [175.618, -1.888], [175.572, -1.864]]]], "type": "MultiPolygon"}, "properties": {"long_title": null, "region": "eez", "region_id": 941, "title": "Kiribati (Gilbert Islands)"}, "type": "Feature"}, {"geometry": {"coordinates": [[[[-159.375, 7.918], [-158.716, 7.609], [-158.234, 7.273], [-157.885, 6.925], [-157.672, 6.826], [-157.112, 6.432], [-156.682, 6], [-156.349, 5.523], [-156.162, 5.12], [-155.639, 4.873], [-155.163, 4.539], [-154.747, 4.12], [-154.276, 3.419], [-154.032, 2.892], [-153.878, 2.312], [-153.828, 1.715], [-153.882, 1.123], [-154.033, 0.563], [-154.281, 0.033], [-154.615, -0.441], [-154.84, -0.666], [-154.328, -0.71], [-153.761, -0.861], [-153.234, -1.106], [-152.756, -1.439], [-152.345, -1.848], [-152.01, -2.322], [-151.762, -2.847], [-151.61, -3.407], [-151.556, -3.985], [-151.604, -4.563], [-151.753, -5.13], [-152.014, -5.701], [-152.346, -6.178], [-152.605, -6.437], [-152.704, -6.79], [-152.373, -6.762], [-151.791, -6.814], [-151.568, -6.874], [-151.37, -6.782], [-150.806, -6.631], [-150.222, -6.579], [-149.64, -6.628], [-149.074, -6.775], [-148.543, -7.017], [-148.061, -7.345], [-147.643, -7.752], [-147.298, -8.229], [-147.043, -8.754], [-146.883, -9.316], [-146.821, -9.931], [-146.866, -10.519], [-147.011, -11.082], [-147.065, -11.192], [-147.98, -11.96], [-149.398, -12.412], [-151.066, -13.839], [-152.803, -13.826], [-155.025, -12.508], [-155.156, -12.003], [-155.319, -11.774], [-155.49, -11.413], [-154.927, -8.475], [-157.418, -7.009], [-159.262, -5.853], [-159.282, -5.596], [-159.226, -5.018], [-159.072, -4.458], [-158.822, -3.934], [-158.486, -3.461], [-158.175, -3.178], [-157.007, -1.503], [-158.124, -0.005], [-159.657, 1.725], [-161.692, 2.056], [-162.367, 2.017], [-162.568, 2.157], [-163.087, 2.664], [-159.375, 7.918]], [[-159.351, 3.94], [-159.395, 3.902], [-159.365, 3.859], [-159.385, 3.912], [-159.332, 3.929], [-159.351, 3.94]], [[-159.341, 3.94], [-159.316, 3.887], [-159.246, 3.846], [-159.283, 3.81], [-159.359, 3.84], [-159.33, 3.808], [-159.279, 3.81], [-159.242, 3.863], [-159.341, 3.94]], [[-154.922, -3.995], [-154.971, -4.014], [-154.919, -4.052], [-154.891, -3.99], [-154.922, -3.995]], [[-155.893, -5.62], [-155.936, -5.634], [-155.879, -5.666], [-155.837, -5.641], [-155.893, -5.62]], [[-157.42, 1.853], [-157.408, 1.832], [-157.489, 1.881], [-157.542, 1.866], [-157.491, 1.935], [-157.563, 1.875], [-157.538, 1.846], [-157.488, 1.851], [-157.435, 1.787], [-157.315, 1.758], [-157.234, 1.699], [-157.166, 1.702], [-157.174, 1.762], [-157.341, 1.845], [-157.311, 1.984], [-157.492, 2.045], [-157.479, 1.981], [-157.458, 2.03], [-157.377, 1.951], [-157.414, 1.909], [-157.391, 1.917], [-157.393, 1.876], [-157.42, 1.862], [-157.417, 1.894], [-157.424, 1.863], [-157.431, 1.89], [-157.42, 1.853]]]], "type": "MultiPolygon"}, "properties": {"long_title": null, "region": "eez", "region_id": 942, "title": "Kiribati (Line Islands)"}, "type": "Feature"}, {"geometry": {"coordinates": [[[[38.717, -43.316], [39.492, -43.457], [40.227, -43.688], [40.951, -44.023], [41.552, -44.418], [42.053, -44.877], [42.456, -45.406], [42.719, -45.956], [42.845, -46.53], [42.825, -47.121], [42.59, -47.944], [42.222, -48.547], [41.749, -49.047], [41.15, -49.477], [40.419, -49.839], [39.612, -50.099], [38.741, -50.259], [37.836, -50.314], [36.713, -50.248], [35.843, -50.087], [35.016, -49.816], [34.299, -49.462], [33.698, -49.029], [33.223, -48.523], [32.904, -47.983], [32.731, -47.406], [32.711, -46.825], [32.838, -46.251], [33.12, -45.663], [33.512, -45.15], [34.293, -44.421], [34.915, -44.011], [35.588, -43.693], [36.322, -43.46], [37.096, -43.317], [37.922, -43.269], [38.717, -43.316]], [[37.907, -46.605], [37.866, -46.626], [37.929, -46.671], [37.997, -46.654], [37.982, -46.62], [37.907, -46.605]], [[37.706, -46.824], [37.598, -46.898], [37.599, -46.958], [37.834, -46.982], [37.911, -46.903], [37.839, -46.85], [37.706, -46.824]]]], "type": "MultiPolygon"}, "properties": {"long_title": null, "region": "eez", "region_id": 711, "title": "Prince Edward Isl. (South Africa)"}, "type": "Feature"}, {"geometry": {"coordinates": [[[[129.944, 7.81], [130.237, 8.055], [130.591, 8.283], [131.171, 8.538], [131.306, 8.854], [131.51, 9.521], [131.746, 9.975], [132.035, 10.37], [132.273, 10.623], [132.8, 11.035], [133.428, 11.345], [134.118, 11.521], [134.745, 11.557], [135.314, 11.491], [135.782, 10.305], [135.929, 9.062], [136.148, 7.618], [136.356, 6.888], [136.976, 5.008], [136.592, 4.587], [136.285, 4.313], [135.929, 4.055], [135.746, 3.946], [135.567, 3.948], [133.88, 2.969], [133.221, 2.112], [132.801, 1.649], [132.73, 1.621], [131.153, 2.041], [130.22, 1.975], [130.121, 1.992], [130.053, 2.106], [129.766, 3.525], [129.588, 4.773], [129.557, 4.824], [129.578, 5.939], [129.509, 6.599], [129.944, 7.81]], [[134.269, 7.049], [134.222, 7.01], [134.225, 6.973], [134.269, 7.049]], [[134.379, 7.178], [134.357, 7.156], [134.338, 7.178], [134.34, 7.151], [134.385, 7.135], [134.379, 7.178]], [[134.426, 7.327], [134.435, 7.282], [134.381, 7.229], [134.34, 7.257], [134.382, 7.214], [134.421, 7.264], [134.453, 7.251], [134.426, 7.327]], [[134.497, 7.356], [134.428, 7.341], [134.491, 7.301], [134.462, 7.34], [134.505, 7.336], [134.48, 7.331], [134.503, 7.311], [134.497, 7.356]], [[134.616, 7.527], [134.647, 7.63], [134.619, 7.732], [134.633, 7.643], [134.539, 7.6], [134.538, 7.561], [134.498, 7.536], [134.525, 7.495], [134.482, 7.494], [134.462, 7.448], [134.534, 7.326], [134.532, 7.352], [134.596, 7.363], [134.591, 7.43], [134.638, 7.497], [134.616, 7.527]]]], "type": "MultiPolygon"}, "properties": {"long_title": null, "region": "eez", "region_id": 585, "title": "Palau"}, "type": "Feature"}, {"geometry": {"coordinates": [[[[-73.194, 27.31], [-72.572, 27.027], [-72.039, 26.67], [-71.613, 26.253], [-70.882, 25.338], [-70.525, 25.043], [-72.292, 22.219], [-72.478, 22.06], [-72.635, 21.775], [-72.676, 21.495], [-72.544, 21.205], [-72.423, 20.723], [-73, 20.52], [-73.593, 20.376], [-74.585, 21.059], [-75.46, 21.378], [-75.921, 21.452], [-76.478, 21.743], [-77.053, 21.93], [-78.115, 22.596], [-79.748, 23.256], [-80.259, 23.438], [-80.559, 23.497], [-81.035, 23.784], [-81.224, 23.94], [-81.033, 24.14], [-80.763, 24.321], [-80.205, 24.544], [-79.909, 24.858], [-79.725, 25.11], [-79.735, 25.632], [-79.693, 25.906], [-79.59, 26.192], [-79.572, 27.27], [-79.495, 27.549], [-79.172, 28.287], [-76.61, 28.287], [-76.74, 28.612], [-76.785, 29.015], [-76.883, 29.414], [-77.052, 29.856], [-77.232, 30.196], [-76.943, 30.371], [-76.098, 30.046], [-75.687, 29.856], [-74.608, 29.174], [-74.097, 28.717], [-73.709, 28.218], [-73.194, 27.31]], [[-78.174, 27.034], [-78.23, 26.99], [-78.221, 26.942], [-78.174, 27.034]], [[-77.589, 26.922], [-77.583, 26.887], [-77.548, 26.894], [-77.476, 26.826], [-77.423, 26.687], [-77.36, 26.708], [-77.328, 26.678], [-77.357, 26.664], [-77.319, 26.665], [-77.344, 26.609], [-77.313, 26.594], [-77.294, 26.623], [-77.306, 26.584], [-77.23, 26.575], [-77.242, 26.593], [-77.132, 26.549], [-77.163, 26.494], [-77.188, 26.563], [-77.228, 26.531], [-77.198, 26.466], [-77.201, 26.51], [-77.18, 26.497], [-77.225, 26.441], [-77.173, 26.426], [-77.242, 26.401], [-77.197, 26.38], [-77.211, 26.355], [-77.159, 26.356], [-77.256, 26.317], [-77.211, 26.32], [-77.2, 26.264], [-77.261, 26.204], [-77.229, 26.205], [-77.238, 26.16], [-77.192, 26.149], [-77.407, 26.005], [-77.294, 25.99], [-77.285, 25.922], [-77.199, 25.848], [-77.18, 26.205], [-77.111, 26.287], [-77.047, 26.309], [-77.053, 26.267], [-76.995, 26.331], [-77.037, 26.338], [-77.001, 26.381], [-77.026, 26.376], [-77.06, 26.438], [-77.055, 26.536], [-77.022, 26.556], [-77.073, 26.543], [-77.173, 26.609], [-77.265, 26.621], [-77.315, 26.692], [-77.297, 26.66], [-77.266, 26.684], [-77.589, 26.922]], [[-77.57, 26.273], [-77.537, 26.304], [-77.58, 26.332], [-77.57, 26.273]], [[-77.315, 26.341], [-77.292, 26.346], [-77.283, 26.306], [-77.287, 26.356], [-77.315, 26.341]], [[-77.265, 26.445], [-77.238, 26.44], [-77.233, 26.473], [-77.282, 26.474], [-77.265, 26.445]], [[-78.683, 26.492], [-78.436, 26.595], [-78.027, 26.657], [-77.937, 26.644], [-77.882, 26.673], [-77.916, 26.704], [-77.902, 26.753], [-77.971, 26.721], [-78.096, 26.726], [-78.117, 26.698], [-78.161, 26.733], [-78.223, 26.7], [-78.258, 26.73], [-78.293, 26.685], [-78.357, 26.689], [-78.48, 26.739], [-78.532, 26.715], [-78.541, 26.771], [-78.569, 26.774], [-78.552, 26.794], [-78.577, 26.799], [-78.605, 26.747], [-78.576, 26.737], [-78.635, 26.722], [-78.595, 26.731], [-78.604, 26.698], [-78.575, 26.704], [-78.624, 26.609], [-78.722, 26.575], [-78.776, 26.518], [-78.683, 26.492]], [[-78.777, 26.521], [-78.749, 26.534], [-78.997, 26.704], [-78.777, 26.521]], [[-78.75, 26.576], [-78.78, 26.568], [-78.751, 26.54], [-78.75, 26.576]], [[-77.67, 26.877], [-77.538, 26.876], [-77.582, 26.876], [-77.587, 26.905], [-77.828, 26.916], [-77.67, 26.877]], [[-77.231, 26.539], [-77.265, 26.513], [-77.241, 26.497], [-77.231, 26.539]], [[-77.252, 26.482], [-77.26, 26.51], [-77.295, 26.493], [-77.252, 26.482]], [[-77.865, 26.558], [-77.83, 26.619], [-77.875, 26.588], [-77.842, 26.616], [-77.898, 26.607], [-77.865, 26.558]], [[-77.883, 26.63], [-77.869, 26.659], [-77.918, 26.633], [-77.883, 26.63]], [[-77.318, 26.523], [-77.295, 26.532], [-77.328, 26.54], [-77.318, 26.523]], [[-77.224, 26.439], [-77.259, 26.431], [-77.239, 26.411], [-77.224, 26.439]], [[-77.255, 26.396], [-77.275, 26.386], [-77.261, 26.362], [-77.241, 26.382], [-77.244, 26.33], [-77.23, 26.397], [-77.255, 26.396]], [[-77.892, 25.818], [-77.89, 25.764], [-77.882, 25.793], [-77.864, 25.731], [-77.812, 25.692], [-77.82, 25.741], [-77.892, 25.818]], [[-79.247, 25.692], [-79.3, 25.72], [-79.257, 25.775], [-79.273, 25.729], [-79.24, 25.733], [-79.258, 25.78], [-79.307, 25.697], [-79.247, 25.692]], [[-77.872, 25.762], [-77.858, 25.74], [-77.877, 25.781], [-77.872, 25.762]], [[-76.723, 25.563], [-76.793, 25.403], [-76.709, 25.447], [-76.612, 25.44], [-76.516, 25.355], [-76.361, 25.321], [-76.323, 25.255], [-76.153, 25.124], [-76.147, 25.003], [-76.199, 24.962], [-76.218, 24.884], [-76.192, 24.845], [-76.193, 24.884], [-76.168, 24.884], [-76.161, 24.834], [-76.21, 24.822], [-76.228, 24.781], [-76.348, 24.827], [-76.144, 24.609], [-76.195, 24.747], [-76.139, 24.841], [-76.164, 24.94], [-76.123, 25.068], [-76.115, 25.036], [-76.114, 25.128], [-76.26, 25.222], [-76.367, 25.35], [-76.427, 25.338], [-76.518, 25.376], [-76.627, 25.475], [-76.649, 25.463], [-76.678, 25.516], [-76.709, 25.501], [-76.708, 25.544], [-76.666, 25.55], [-76.723, 25.563]], [[-75.713, 24.695], [-75.764, 24.672], [-75.66, 24.602], [-75.651, 24.527], [-75.59, 24.512], [-75.476, 24.308], [-75.397, 24.246], [-75.404, 24.201], [-75.535, 24.148], [-75.467, 24.111], [-75.429, 24.144], [-75.295, 24.135], [-75.384, 24.299], [-75.522, 24.421], [-75.621, 24.571], [-75.626, 24.635], [-75.713, 24.695]], [[-74.462, 24.12], [-74.522, 24.105], [-74.527, 24.016], [-74.57, 23.94], [-74.489, 23.945], [-74.46, 23.993], [-74.43, 24.066], [-74.462, 24.12]], [[-77.521, 23.944], [-77.599, 24.21], [-77.679, 24.11], [-77.698, 24.033], [-77.81, 24.014], [-77.801, 24.045], [-77.761, 24.045], [-77.782, 24.059], [-77.718, 24.04], [-77.703, 24.107], [-77.667, 24.127], [-77.696, 24.142], [-77.681, 24.161], [-77.72, 24.153], [-77.697, 24.143], [-77.723, 24.113], [-77.76, 24.127], [-77.722, 24.158], [-77.767, 24.149], [-77.642, 24.21], [-77.706, 24.167], [-77.662, 24.169], [-77.633, 24.206], [-77.621, 24.235], [-77.659, 24.25], [-77.664, 24.3], [-77.822, 24.226], [-77.868, 24.135], [-77.92, 24.138], [-77.889, 24.085], [-77.93, 24.075], [-77.856, 24.052], [-77.867, 24.03], [-77.81, 23.969], [-77.824, 23.943], [-77.798, 23.941], [-77.797, 23.975], [-77.757, 23.946], [-77.818, 23.932], [-77.763, 23.908], [-77.805, 23.883], [-77.679, 23.861], [-77.694, 23.843], [-77.655, 23.865], [-77.667, 23.833], [-77.631, 23.835], [-77.711, 23.837], [-77.648, 23.801], [-77.568, 23.877], [-77.571, 23.832], [-77.53, 23.797], [-77.521, 23.944]], [[-75.121, 23.854], [-75.113, 23.808], [-75.095, 23.84], [-75.121, 23.854]], [[-76.065, 23.72], [-76.059, 23.67], [-76.037, 23.697], [-76.065, 23.72]], [[-74.835, 23.71], [-74.95, 23.656], [-74.81, 23.64], [-74.794, 23.692], [-74.835, 23.71]], [[-75.277, 23.637], [-75.348, 23.676], [-75.321, 23.659], [-75.346, 23.614], [-75.319, 23.656], [-75.336, 23.621], [-75.302, 23.628], [-75.32, 23.569], [-75.279, 23.587], [-75.228, 23.435], [-75.142, 23.377], [-75.159, 23.351], [-75.13, 23.354], [-75.104, 23.276], [-75.157, 23.232], [-75.058, 23.102], [-75.203, 23.203], [-75.22, 23.181], [-75.19, 23.173], [-75.23, 23.174], [-74.961, 23.051], [-74.882, 22.885], [-74.886, 22.914], [-74.861, 22.856], [-74.839, 22.861], [-74.854, 22.999], [-74.933, 23.089], [-75.062, 23.145], [-75.1, 23.327], [-75.277, 23.637]], [[-73.693, 23.097], [-73.824, 23.088], [-73.778, 23.065], [-73.666, 23.082], [-73.693, 23.097]], [[-75.519, 23.404], [-75.659, 23.46], [-75.614, 23.415], [-75.519, 23.404]], [[-75.846, 23.476], [-75.805, 23.466], [-75.827, 23.492], [-75.846, 23.476]], [[-75.851, 23.518], [-75.81, 23.514], [-75.829, 23.503], [-75.792, 23.495], [-75.789, 23.46], [-75.658, 23.439], [-75.748, 23.472], [-75.999, 23.691], [-76.03, 23.676], [-76.049, 23.641], [-75.992, 23.615], [-76.043, 23.582], [-76.022, 23.603], [-75.936, 23.58], [-75.851, 23.518]], [[-76.058, 23.662], [-76.044, 23.645], [-76.03, 23.672], [-76.058, 23.662]], [[-77.72, 23.733], [-77.651, 23.702], [-77.631, 23.729], [-77.659, 23.765], [-77.739, 23.781], [-77.776, 23.749], [-77.72, 23.733]], [[-77.778, 23.768], [-77.749, 23.76], [-77.751, 23.783], [-77.789, 23.79], [-77.778, 23.768]], [[-77.799, 23.837], [-77.698, 23.855], [-77.771, 23.88], [-77.81, 23.864], [-77.781, 23.857], [-77.799, 23.837]], [[-77.687, 23.819], [-77.767, 23.803], [-77.705, 23.768], [-77.654, 23.792], [-77.687, 23.819]], [[-77.638, 23.8], [-77.594, 23.773], [-77.65, 23.779], [-77.631, 23.796], [-77.665, 23.776], [-77.654, 23.746], [-77.623, 23.752], [-77.623, 23.708], [-77.62, 23.732], [-77.561, 23.73], [-77.572, 23.768], [-77.547, 23.755], [-77.53, 23.789], [-77.573, 23.823], [-77.606, 23.818], [-77.593, 23.792], [-77.638, 23.8]], [[-77.961, 24.143], [-77.868, 24.172], [-77.844, 24.222], [-77.874, 24.237], [-77.803, 24.254], [-77.898, 24.263], [-77.921, 24.219], [-77.875, 24.241], [-77.927, 24.165], [-77.973, 24.163], [-77.923, 24.205], [-77.991, 24.186], [-77.961, 24.143]], [[-77.981, 24.198], [-77.917, 24.259], [-78.035, 24.232], [-77.981, 24.198]], [[-78.027, 24.236], [-77.957, 24.278], [-78.031, 24.24], [-78.043, 24.265], [-78.005, 24.278], [-78.039, 24.3], [-77.974, 24.342], [-77.923, 24.308], [-77.939, 24.322], [-77.864, 24.382], [-77.907, 24.405], [-77.734, 24.457], [-77.725, 24.478], [-77.752, 24.474], [-77.716, 24.485], [-77.72, 24.512], [-77.766, 24.6], [-77.744, 24.628], [-77.76, 24.696], [-77.913, 24.842], [-77.94, 24.981], [-77.965, 24.992], [-77.968, 24.951], [-78.001, 24.978], [-77.959, 25.058], [-78.012, 25.082], [-77.99, 25.126], [-78.025, 25.18], [-78.067, 25.18], [-78.054, 25.155], [-78.098, 25.157], [-78.112, 25.12], [-78.146, 25.17], [-78.215, 25.179], [-78.15, 25.19], [-78.22, 25.205], [-78.224, 25.154], [-78.159, 25.103], [-78.18, 25.099], [-78.134, 25.006], [-78.213, 24.833], [-78.275, 24.798], [-78.247, 24.807], [-78.258, 24.774], [-78.295, 24.783], [-78.232, 24.75], [-78.251, 24.793], [-78.195, 24.788], [-78.222, 24.777], [-78.188, 24.721], [-78.308, 24.772], [-78.333, 24.714], [-78.299, 24.689], [-78.295, 24.717], [-78.283, 24.645], [-78.252, 24.682], [-78.295, 24.749], [-78.221, 24.7], [-78.238, 24.632], [-78.275, 24.637], [-78.265, 24.599], [-78.289, 24.592], [-78.287, 24.667], [-78.328, 24.712], [-78.359, 24.695], [-78.345, 24.651], [-78.389, 24.668], [-78.465, 24.597], [-78.399, 24.545], [-78.396, 24.589], [-78.38, 24.525], [-78.208, 24.43], [-78.123, 24.527], [-78.183, 24.404], [-78.131, 24.367], [-78.115, 24.393], [-78.111, 24.358], [-78.082, 24.375], [-78.103, 24.352], [-78.027, 24.236]], [[-78.468, 24.63], [-78.43, 24.667], [-78.48, 24.66], [-78.468, 24.63]], [[-78.383, 24.676], [-78.349, 24.659], [-78.371, 24.709], [-78.383, 24.676]], [[-77.306, 25.074], [-77.433, 25.082], [-77.556, 25.012], [-77.399, 24.974], [-77.259, 25.031], [-77.306, 25.074]], [[-77.326, 25.09], [-77.354, 25.087], [-77.29, 25.08], [-77.326, 25.09]], [[-76.82, 24.628], [-76.817, 24.586], [-76.81, 24.648], [-76.82, 24.628]], [[-77.718, 24.423], [-77.788, 24.38], [-77.807, 24.314], [-77.683, 24.337], [-77.718, 24.423]], [[-77.868, 24.313], [-77.828, 24.352], [-77.884, 24.348], [-77.868, 24.313]], [[-77.865, 25.405], [-77.826, 25.441], [-77.912, 25.407], [-77.865, 25.405]], [[-76.775, 25.548], [-76.812, 25.543], [-76.744, 25.538], [-76.775, 25.548]], [[-74.323, 22.84], [-74.35, 22.83], [-74.281, 22.738], [-74.283, 22.69], [-74.249, 22.724], [-74.265, 22.781], [-74.31, 22.778], [-74.281, 22.812], [-74.24, 22.77], [-74.246, 22.7], [-74.191, 22.68], [-74.107, 22.695], [-74.082, 22.665], [-74.005, 22.72], [-74.142, 22.73], [-74.229, 22.808], [-74.323, 22.84]], [[-73.875, 22.703], [-73.873, 22.73], [-73.888, 22.703], [-73.958, 22.729], [-73.963, 22.707], [-73.92, 22.703], [-73.963, 22.704], [-73.978, 22.67], [-74.03, 22.69], [-73.998, 22.657], [-74.048, 22.626], [-73.988, 22.581], [-73.932, 22.604], [-73.89, 22.574], [-73.876, 22.521], [-73.903, 22.48], [-74.003, 22.453], [-74.01, 22.409], [-74.093, 22.395], [-74.085, 22.353], [-74.195, 22.298], [-74.212, 22.225], [-74.287, 22.223], [-74.294, 22.166], [-74.198, 22.211], [-74.135, 22.293], [-74, 22.33], [-73.877, 22.484], [-73.839, 22.538], [-73.871, 22.667], [-73.902, 22.656], [-73.915, 22.692], [-73.887, 22.667], [-73.875, 22.703]], [[-73.533, 22.616], [-73.563, 22.612], [-73.47, 22.592], [-73.533, 22.616]], [[-73.603, 22.59], [-73.597, 22.613], [-73.621, 22.609], [-73.63, 22.578], [-73.603, 22.59]], [[-73.13, 22.444], [-73.17, 22.364], [-73.058, 22.334], [-72.998, 22.374], [-72.893, 22.365], [-72.783, 22.285], [-72.728, 22.338], [-72.952, 22.422], [-72.941, 22.4], [-73.13, 22.444]], [[-75.733, 22.172], [-75.708, 22.182], [-75.741, 22.232], [-75.733, 22.172]], [[-74.365, 22.55], [-74.283, 22.668], [-74.375, 22.582], [-74.365, 22.55]], [[-73.02, 21.54], [-73.078, 21.508], [-73.056, 21.424], [-72.914, 21.499], [-72.991, 21.559], [-73.02, 21.54]], [[-73.022, 21.339], [-73.07, 21.318], [-73.17, 21.165], [-73.311, 21.145], [-73.391, 21.235], [-73.434, 21.19], [-73.519, 21.186], [-73.574, 21.117], [-73.668, 21.114], [-73.65, 21.048], [-73.704, 21.017], [-73.675, 20.932], [-73.647, 20.912], [-73.6, 20.948], [-73.491, 20.924], [-73.34, 20.966], [-73.318, 20.945], [-73.16, 20.965], [-73.02, 21.193], [-73.022, 21.339]]]], "type": "MultiPolygon"}, "properties": {"long_title": null, "region": "eez", "region_id": 44, "title": "Bahamas"}, "type": "Feature"}, {"geometry": {"coordinates": [[[[124.464, -9.16], [124.187, -9.249], [124.157, -9.296], [124.044, -9.336], [124.032, -9.289], [124.088, -9.201], [124.08, -8.908], [124.436, -8.814], [124.498, -8.951], [124.464, -9.16]]], [[[125.657, -8.104], [125.834, -8.263], [126.082, -8.265], [126.395, -8.197], [126.558, -8.226], [126.906, -8.197], [127.185, -8.224], [127.401, -8.305], [127.552, -8.431], [127.705, -8.687], [127.929, -9.461], [128.502, -9.633], [128.208, -10.487], [127.518, -11.232], [126.517, -11.333], [126.306, -11.4], [126.001, -10.454], [125.869, -10.248], [125.442, -9.843], [125.185, -9.527], [125.091, -9.459], [125.21, -9.411], [125.378, -9.27], [125.589, -9.19], [125.684, -9.201], [125.849, -9.125], [125.944, -9.133], [126.189, -8.976], [126.48, -8.946], [126.588, -8.801], [126.761, -8.748], [126.822, -8.761], [126.957, -8.682], [127.014, -8.686], [127.301, -8.431], [127.298, -8.394], [127.194, -8.335], [127.09, -8.367], [127.001, -8.322], [126.566, -8.483], [126.415, -8.414], [126.236, -8.502], [126.069, -8.523], [125.851, -8.474], [125.688, -8.537], [125.608, -8.519], [125.577, -8.553], [125.534, -8.537], [125.479, -8.574], [125.392, -8.564], [125.211, -8.606], [125.123, -8.64], [125.096, -8.798], [125.013, -8.854], [124.949, -8.957], [124.996, -8.534], [125.386, -8.395], [125.457, -8.231], [125.596, -8.113], [125.657, -8.104]], [[125.597, -8.159], [125.501, -8.263], [125.529, -8.297], [125.579, -8.309], [125.6, -8.285], [125.638, -8.128], [125.597, -8.159]]]], "type": "MultiPolygon"}, "properties": {"long_title": null, "region": "eez", "region_id": 626, "title": "Timor Leste"}, "type": "Feature"}, {"geometry": {"coordinates": [[[[53.804, -12.507], [53.905, -9.638], [54.468, -8.967], [59.387, -8.437], [59.609, -8.775], [59.863, -9.3], [60.023, -9.864], [60.081, -10.442], [60.036, -11.027], [59.889, -11.589], [59.642, -12.122], [59.306, -12.6], [58.92, -12.984], [59.605, -12.913], [60.198, -12.965], [60.773, -13.116], [61.315, -13.36], [61.806, -13.691], [62.232, -14.098], [62.581, -14.572], [62.895, -15.235], [63.111, -16.001], [63.148, -16.349], [63.333, -16.331], [64, -16.374], [64.625, -16.525], [65.187, -16.761], [65.694, -17.081], [66.137, -17.478], [66.505, -17.946], [66.782, -18.463], [66.963, -19.017], [67.041, -19.617], [67.011, -20.197], [66.872, -20.767], [66.63, -21.303], [66.29, -21.791], [65.797, -22.282], [65.294, -22.629], [64.732, -22.888], [64.127, -23.052], [63.499, -23.114], [62.869, -23.073], [62.186, -22.918], [61.598, -22.668], [61.057, -22.322], [60.827, -22.11], [60.488, -22.559], [59.944, -23.052], [59.397, -23.398], [58.821, -23.639], [58.24, -23.801], [56.462, -20.599], [56.294, -20.082], [55.506, -18.286], [52.8, -18.8], [52.391, -16.97], [52.416, -16.263], [52.683, -14.423], [52.98, -13.524], [53.366, -12.757], [53.804, -12.507]], [[63.37, -19.767], [63.469, -19.742], [63.499, -19.683], [63.44, -19.669], [63.339, -19.717], [63.33, -19.744], [63.36, -19.738], [63.37, -19.767]], [[56.691, -10.49], [56.7, -10.464], [56.659, -10.443], [56.691, -10.49]], [[57.725, -20.105], [57.681, -20.057], [57.683, -20.009], [57.611, -19.981], [57.578, -20.016], [57.552, -20], [57.501, -20.16], [57.43, -20.174], [57.387, -20.225], [57.363, -20.288], [57.378, -20.391], [57.308, -20.467], [57.531, -20.526], [57.719, -20.445], [57.702, -20.369], [57.779, -20.338], [57.806, -20.232], [57.725, -20.105]]], [[[72.507, -10.79], [71.988, -10.764], [71.554, -10.679], [71.136, -10.538], [70.822, -10.391], [70.464, -10.169], [70.088, -9.856], [69.734, -9.685], [69.38, -9.465], [68.888, -9.041], [68.517, -8.579], [68.225, -8.032], [68.133, -7.79], [67.943, -7.008], [67.899, -6.671], [67.897, -6.208], [67.932, -5.848], [68.013, -5.483], [68.155, -5.067], [68.493, -4.464], [68.735, -3.813], [69.061, -3.277], [69.317, -2.969], [69.609, -2.689], [70.201, -2.288], [72.318, -2.908], [75.037, -3.465], [75.236, -3.774], [75.466, -4.33], [75.564, -4.72], [75.669, -5.604], [75.65, -6.166], [75.771, -6.584], [75.845, -7.118], [75.844, -7.583], [75.803, -7.949], [75.693, -8.404], [75.513, -8.855], [75.341, -9.164], [75.051, -9.559], [74.529, -10.068], [74.222, -10.284], [73.663, -10.563], [73.374, -10.661], [73.01, -10.745], [72.507, -10.79]]]], "type": "MultiPolygon"}, "properties": {"long_title": null, "region": "eez", "region_id": 480, "title": "Mauritius"}, "type": "Feature"}], "type": "FeatureCollection"}