unit_id,region_name,region_type,year,taxon,common_name,functional_group,commercial_group,catch_tonnes,landings_tonnes,discards_tonnes,reported_tonnes,unreported_tonnes,taxon_key,tl,match_method,tl_source,match_confidence,reference_taxon,sppr,ppr
LME_024,Celtic-Biscay Shelf,LME,2019,Micromesistius poutassou,Blue whiting,Medium benthopelagics (30 - 89 cm),Cod-likes,301257.5162120722,300791.1347928158,466.3814192564,300756.2474911906,501.2687208816,micromesistius poutassou,4.13,exact_2020_supplement,2020 supplement MeanTL,high,Micromesistius poutassou,11809.292685236613,3557638182.5757747
LME_024,Celtic-Biscay Shelf,LME,2019,Scomber scombrus,Atlantic mackerel,Medium pelagics (30 - 89 cm),Perch-likes,142125.2620699105,142010.5789333515,114.683136559,139809.9011143631,2315.3609555474,scomber scombrus,3.63,exact_2020_supplement,2020 supplement MeanTL,high,Scomber scombrus,2640.638121038009,375301384.9843231
LME_024,Celtic-Biscay Shelf,LME,2019,Clupea harengus,Atlantic herring,Medium pelagics (30 - 89 cm),Herring-likes,60339.3086601824,60267.2316688617,72.0769913207,59846.4821073673,492.8265528151,clupea harengus,3.38,exact_2020_supplement,2020 supplement MeanTL,high,Clupea harengus,1248.6806726928048,75344528.52761535
LME_024,Celtic-Biscay Shelf,LME,2019,Pecten maximus,Great Atlantic scallop,Other demersal invertebrates,Molluscs,52110.9141365407,51671.183984885,439.7301516557,51477.606461437696,633.3076751030001,pecten maximus,2.0,exact_2020_supplement,2020 supplement MeanTL,high,Pecten maximus,20.0,1042218.282730814
LME_024,Celtic-Biscay Shelf,LME,2019,Merluccius merluccius,European hake,Large demersals (>=90 cm),Cod-likes,46519.7702784315,45920.4473396314,599.3229388000999,43411.136588275396,3108.6336901561,merluccius merluccius,4.42,exact_2020_supplement,2020 supplement MeanTL,high,Merluccius merluccius,28152.864182630117,1309664774.455835
LME_024,Celtic-Biscay Shelf,LME,2019,Trachurus trachurus,Atlantic horse mackerel,Medium pelagics (30 - 89 cm),Perch-likes,40318.5456075458,40293.220358350794,25.325249194999998,40293.2014373679,25.344170177899997,trachurus trachurus,3.71,exact_2020_supplement,2020 supplement MeanTL,high,Trachurus trachurus,3355.7630537706395,135299485.7315687
LME_024,Celtic-Biscay Shelf,LME,2019,Sardina pilchardus,European pilchard,Small pelagics (<30 cm),Herring-likes,36063.2069021263,36062.311669344,0.8952327823,34101.3073448402,1961.8995572861002,sardina pilchardus,3.06,exact_2020_supplement,2020 supplement MeanTL,high,Sardina pilchardus,478.7643354384948,17265777.28627744
LME_024,Celtic-Biscay Shelf,LME,2019,Marine fishes not identified,Marine fishes nei,Medium demersals (30 - 89 cm),Other fishes & inverts,30501.8012395329,25469.9967606422,5031.8044788907,23601.748609093298,6900.0526304396,marine fishes not identified,3.28,exact_sea_around_us,Sea Around Us exploited organisms,high,Marine fishes not identified,925.4402624666747,28227594.944819666
LME_024,Celtic-Biscay Shelf,LME,2019,Buccinum undatum,Whelk,Other demersal invertebrates,Molluscs,29687.2264976946,29687.2264976946,0.0,28420.699003335798,1266.5274943588,buccinum undatum,3.75,exact_2020_supplement,2020 supplement MeanTL,high,Buccinum undatum,3782.966436012703,112305781.41908562
LME_024,Celtic-Biscay Shelf,LME,2019,Lophiidae,Goosefishes,Medium bathydemersals (30 - 89 cm),Other fishes & inverts,23933.000514964202,23933.000514964202,0.0,23933.000514964202,0.0,lophiidae,4.46,exact_sea_around_us,Sea Around Us exploited organisms,high,Lophiidae,31736.84749906455,759557987.5384523
LME_024,Celtic-Biscay Shelf,LME,2019,Cancer pagurus,Edible crab,"Lobsters, crabs",Crustaceans,23516.5392792648,23516.5374791829,0.0018000819,22534.7728366183,981.7664426465001,cancer pagurus,3.1,exact_2020_supplement,2020 supplement MeanTL,high,Cancer pagurus,539.7131390694254,12692185.23446145
LME_024,Celtic-Biscay Shelf,LME,2019,Nephrops norvegicus,Norway lobster,"Lobsters, crabs",Crustaceans,21494.924402914698,19648.0736963986,1846.8507065161,18614.9808127542,2879.9435901605,nephrops norvegicus,2.87,exact_2020_supplement,2020 supplement MeanTL,high,Nephrops norvegicus,270.9730451511698,5824545.120751986
LME_024,Celtic-Biscay Shelf,LME,2019,Trachurus,"Jacks, horse mackerels",Medium pelagics (30 - 89 cm),Perch-likes,17969.93113244,17969.93113244,0.0,17969.9275712963,0.0035611437,trachurus,3.69,exact_sea_around_us,Sea Around Us exploited organisms,high,Trachurus,3160.6083878807954,56795915.066830106
LME_024,Celtic-Biscay Shelf,LME,2019,Sprattus sprattus,European sprat,Small pelagics (<30 cm),Herring-likes,17403.3420469832,17360.2448181236,43.0972288596,17360.1936390092,43.148407974,sprattus sprattus,3.01,exact_2020_supplement,2020 supplement MeanTL,high,Sprattus sprattus,412.16422316450075,7173034.955260924
LME_024,Celtic-Biscay Shelf,LME,2019,Melanogrammus aeglefinus,Haddock,Medium demersals (30 - 89 cm),Cod-likes,15308.281178667099,12236.6523337419,3071.6288449252,11991.0737932726,3317.2073853945,melanogrammus aeglefinus,4.03,exact_2020_supplement,2020 supplement MeanTL,high,Melanogrammus aeglefinus,8752.273628615554,133982265.65947989
LME_024,Celtic-Biscay Shelf,LME,2019,Merlangius merlangus,Whiting,Medium benthopelagics (30 - 89 cm),Cod-likes,14680.0915705973,11409.4864138105,3270.6051567868,10961.032419167801,3719.0591514295,merlangius merlangus,4.36,exact_2020_supplement,2020 supplement MeanTL,high,Merlangius merlangus,23521.270987610445,345294411.9549549
LME_024,Celtic-Biscay Shelf,LME,2019,Lepidorhombus,Megrims,Small to medium flatfishes (<90 cm),Flatfishes,10899.4021729795,10666.260543651799,233.1416293277,10663.9128288548,235.4893441247,lepidorhombus,3.96,exact_sea_around_us,Sea Around Us exploited organisms,high,Lepidorhombus,7096.574839945253,77348423.23121095
LME_024,Celtic-Biscay Shelf,LME,2019,Pleuronectes platessa,European plaice,Large flatfishes (>=90 cm),Flatfishes,10293.2663953274,8790.5978548217,1502.6685405057,8352.7585057966,1940.5078895308002,pleuronectes platessa,3.26,exact_2020_supplement,2020 supplement MeanTL,high,Pleuronectes platessa,871.6212107848935,8971829.318426725
LME_024,Celtic-Biscay Shelf,LME,2019,Sepia officinalis,Common cuttlefish,Cephalopods,Other fishes & inverts,8050.3939877224,8050.3939877224,0.0,7966.8418496316,83.5521380908,sepia officinalis,4.27,exact_2020_supplement,2020 supplement MeanTL,high,Sepia officinalis,17962.55396184286,144605636.41855893
LME_024,Celtic-Biscay Shelf,LME,2019,Solea solea,Common sole,Small to medium flatfishes (<90 cm),Flatfishes,7810.6099083396,7707.2460068524,103.3639014872,7255.2306409421,555.3792673975,solea solea,3.21,exact_2020_supplement,2020 supplement MeanTL,high,Solea solea,750.3714304613432,5860858.529696326
LME_024,Celtic-Biscay Shelf,LME,2019,Lophius,Frogfishes,Medium bathydemersals (30 - 89 cm),Other fishes & inverts,7583.2350858536,5846.2142684979,1737.0208173557,4421.8414668966,3161.3936189570004,lophius,4.46,exact_sea_around_us,Sea Around Us exploited organisms,high,Lophius,31736.84749906455,240667975.4692914
LME_024,Celtic-Biscay Shelf,LME,2019,Gadidae,"Cods, haddocks",Medium demersals (30 - 89 cm),Cod-likes,6751.816312797499,1690.5306886568,5061.2856241407,0.0,6751.816312797499,gadidae,3.84,exact_sea_around_us,Sea Around Us exploited organisms,high,Gadidae,4953.648510535111,33446124.821296
LME_024,Celtic-Biscay Shelf,LME,2019,Engraulis encrasicolus,European anchovy,Small pelagics (<30 cm),Anchovies,6447.5123056993,6447.5123056993,0.0,6433.953161747099,13.5591439522,engraulis encrasicolus,3.11,exact_2020_supplement,2020 supplement MeanTL,high,Engraulis encrasicolus,556.1261167405597,3585629.981205524
LME_024,Celtic-Biscay Shelf,LME,2019,Scyliorhinus canicula,Small-spotted catshark,Small to medium sharks (<90 cm),Sharks & rays,6395.4024577605,5598.2576772979,797.1447804626,5334.9106864017995,1060.4917713587,scyliorhinus canicula,3.82,exact_2020_supplement,2020 supplement MeanTL,high,Scyliorhinus canicula,4665.56868948727,29838189.463597316
LME_024,Celtic-Biscay Shelf,LME,2019,Aequipecten opercularis,Queen scallop,Other demersal invertebrates,Molluscs,6109.1884808801,6109.1884808801,0.0,6063.6530515039,45.5354293762,aequipecten opercularis,2.0,exact_2020_supplement,2020 supplement MeanTL,high,Aequipecten opercularis,20.0,122183.769617602
LME_024,Celtic-Biscay Shelf,LME,2019,Sepiidae,Cuttlefishes,Cephalopods,Other fishes & inverts,5870.3048133001,5870.3048133001,0.0,5059.6922828896,810.6125304105001,sepiidae,3.6,exact_sea_around_us,Sea Around Us exploited organisms,high,Sepiidae,2413.670534618066,14168981.75708906
LME_024,Celtic-Biscay Shelf,LME,2019,Conger conger,European conger,Large demersals (>=90 cm),Other fishes & inverts,5812.4711958278,5812.4711958278,0.0,5490.9634225578,321.50777327000003,conger conger,4.31,exact_2020_supplement,2020 supplement MeanTL,high,Conger conger,20249.266010115305,117698275.42045014
LME_024,Celtic-Biscay Shelf,LME,2019,Argentina,Argentines,Medium bathydemersals (30 - 89 cm),"Salmon, smelts, etc",5800.1629062042,5791.6023352419,8.5605709623,5791.6023352419,8.5605709623,argentina,3.35,exact_sea_around_us,Sea Around Us exploited organisms,high,Argentina,1141.3543275066227,6620041.033239553
LME_024,Celtic-Biscay Shelf,LME,2019,Gadus morhua,Atlantic cod,Large benthopelagics (>=90 cm),Cod-likes,5611.8002801922,5188.5072552500005,423.29302494219996,4765.552495902401,846.2477842897999,gadus morhua,4.09,exact_2020_supplement,2020 supplement MeanTL,high,Gadus morhua,10475.691168449957,58787486.634314425
LME_024,Celtic-Biscay Shelf,LME,2019,Glycymeris glycymeris,Dog cockle,Other demersal invertebrates,Molluscs,5221.622884948099,5221.622884948099,0.0,5025.415623334799,196.2072616133,glycymeris glycymeris,2.0,exact_sea_around_us,Sea Around Us exploited organisms,high,Glycymeris glycymeris,20.0,104432.45769896198
LME_024,Celtic-Biscay Shelf,LME,2019,Trisopterus luscus,Pouting,Medium benthopelagics (30 - 89 cm),Cod-likes,4960.9804782003,4685.6256236768,275.3548545235,4370.6945702338,590.2859079665,trisopterus luscus,3.73,exact_2020_supplement,2020 supplement MeanTL,high,Trisopterus luscus,3562.967723629534,17675813.32138388
LME_024,Celtic-Biscay Shelf,LME,2019,Scombridae,"Mackerels, tunas, bonitos",Medium pelagics (30 - 89 cm),Perch-likes,4446.1082602701,1758.2567976287,2687.8514626414,121.1662457993,4324.9420144708,scombridae,4.26,exact_sea_around_us,Sea Around Us exploited organisms,high,Scombridae,17432.42421569787,77506445.30194682
LME_024,Celtic-Biscay Shelf,LME,2019,Mullus surmuletus,Surmullet,Medium demersals (30 - 89 cm),Perch-likes,4422.8111975082,4422.8111975082,0.0,4299.0256194539,123.7855780543,mullus surmuletus,3.45,exact_2020_supplement,2020 supplement MeanTL,high,Mullus surmuletus,1540.009817222681,6811172.66388503
LME_024,Celtic-Biscay Shelf,LME,2019,Argentina silus,Greater argentine,Medium bathydemersals (30 - 89 cm),"Salmon, smelts, etc",4410.9492423481,4410.9492423481,0.0,4410.9492423481,0.0,argentina silus,3.32,exact_2020_supplement,2020 supplement MeanTL,high,Argentina silus,1043.2528743388143,4601735.47564227
LME_024,Celtic-Biscay Shelf,LME,2019,Molva molva,Ling,Large demersals (>=90 cm),Cod-likes,4358.833073433199,4329.916797584599,28.9162758486,4229.361219246,129.4718541872,molva molva,4.4,exact_2020_supplement,2020 supplement MeanTL,high,Molva molva,26515.632138719924,115577214.32924068
LME_024,Celtic-Biscay Shelf,LME,2019,Miscellaneous marine crustaceans,"Marine crabs, shrimps, lobsters nei",Shrimps,Crustaceans,3975.5707839044003,253.57051812240002,3722.000265782,4.3219761516,3971.2488077528,miscellaneous marine crustaceans,2.7,exact_sea_around_us,Sea Around Us exploited organisms,high,Miscellaneous marine crustaceans,162.83621261476185,647366.8894328923
LME_024,Celtic-Biscay Shelf,LME,2019,Pleuronectidae,Righteye flounders,Small to medium flatfishes (<90 cm),Flatfishes,3954.5989636287,11.993384430099999,3942.6055791986,11.993384430099999,3942.6055791986,pleuronectidae,3.49,exact_sea_around_us,Sea Around Us exploited organisms,high,Pleuronectidae,1736.059833884101,6865420.419875478
LME_024,Celtic-Biscay Shelf,LME,2019,Loliginidae,Common pencil squids,Cephalopods,Other fishes & inverts,3920.5124545121,3920.5124545121,0.0,3465.4570516196,455.0554028925,loliginidae,3.9,exact_sea_around_us,Sea Around Us exploited organisms,high,Loliginidae,5929.07559285558,23245014.705534015
LME_024,Celtic-Biscay Shelf,LME,2019,Triglidae,"Searobins, gurnards",Medium demersals (30 - 89 cm),Scorpionfishes,3756.1197647127,1968.6250020543,1787.4947626583998,1150.869554775,2605.2502099377,triglidae,3.74,exact_sea_around_us,Sea Around Us exploited organisms,high,Triglidae,3671.3195599248957,13789915.961610233
LME_024,Celtic-Biscay Shelf,LME,2019,Carangidae,"Jacks, pompanos",Medium pelagics (30 - 89 cm),Perch-likes,3570.8824575629,1658.8792551797,1912.0032023832,26.6317738721,3544.2506836908,carangidae,4.05,exact_sea_around_us,Sea Around Us exploited organisms,high,Carangidae,9292.690797132333,33183106.55103605
LME_024,Celtic-Biscay Shelf,LME,2019,Dicentrarchus labrax,European seabass,Large demersals (>=90 cm),Perch-likes,3535.9006579155,3535.9006579155,0.0,2798.0120038163,737.8886540992,dicentrarchus labrax,3.79,exact_2020_supplement,2020 supplement MeanTL,high,Dicentrarchus labrax,4264.554685980751,15079041.719875965
LME_024,Celtic-Biscay Shelf,LME,2019,Chelidonichthys cuculus,Red gurnard,Medium demersals (30 - 89 cm),Scorpionfishes,3445.6028300373,3445.6028300373,0.0,3073.9878925186,371.6149375187,chelidonichthys cuculus,3.81,exact_2020_supplement,2020 supplement MeanTL,high,Chelidonichthys cuculus,4527.873529309382,15601253.846639385
LME_024,Celtic-Biscay Shelf,LME,2019,Soleidae,Soles,Small to medium flatfishes (<90 cm),Flatfishes,3313.8098639268997,859.998348533,2453.8115153939,21.095347612399998,3292.7145163145,soleidae,3.15,exact_sea_around_us,Sea Around Us exploited organisms,high,Soleidae,626.9234150652317,2077504.9967699025
LME_024,Celtic-Biscay Shelf,LME,2019,Pollachius pollachius,Pollack,Large benthopelagics (>=90 cm),Cod-likes,3267.3190772499997,3263.9669202781997,3.3521569718,2634.1676781528,633.1513990972,pollachius pollachius,4.32,exact_2020_supplement,2020 supplement MeanTL,high,Pollachius pollachius,20865.057486776313,68172800.37446219
LME_024,Celtic-Biscay Shelf,LME,2019,Raja clavata,Thornback ray,Large rays (>=90 cm),Sharks & rays,3087.3752008408,3087.3752008408,0.0,3022.4688424534,64.90635838739999,raja clavata,3.84,exact_2020_supplement,2020 supplement MeanTL,high,Raja clavata,4953.648510535111,15293771.565108068
LME_024,Celtic-Biscay Shelf,LME,2019,Mustelus,Smoothhounds,Large sharks (>=90 cm),Sharks & rays,3048.7588264222,3048.7588264222,0.0,2865.3934590151,183.3653674071,mustelus,3.73,exact_sea_around_us,Sea Around Us exploited organisms,high,Mustelus,3562.967723629534,10862629.295672955
LME_024,Celtic-Biscay Shelf,LME,2019,Spondyliosoma cantharus,Black seabream,Medium benthopelagics (30 - 89 cm),Perch-likes,2904.7761868917,2904.7761868917,0.0,2607.4532384653,297.3229484264,spondyliosoma cantharus,3.34,exact_2020_supplement,2020 supplement MeanTL,high,Spondyliosoma cantharus,1107.6694806197092,3217531.930250829
LME_024,Celtic-Biscay Shelf,LME,2019,Squaliformes,"Bramble, sleeper, dogfish sharks",Large sharks (>=90 cm),Sharks & rays,2883.1992764828,52.3058856016,2830.8933908812,52.1433127277,2831.0559637551,squaliformes,4.19,exact_sea_around_us,Sea Around Us exploited organisms,high,Squaliformes,14134.67041111498,40753071.50264955
LME_024,Celtic-Biscay Shelf,LME,2019,Sciaenidae,"Drums, croakers",Medium demersals (30 - 89 cm),Perch-likes,2775.2864209194,1672.6312714225,1102.6551494968999,0.8504831183,2774.4359378011,sciaenidae,3.76,exact_sea_around_us,Sea Around Us exploited organisms,high,Sciaenidae,3898.0085558913897,10818090.213793013
LME_024,Celtic-Biscay Shelf,LME,2019,Squalidae,Dogfish sharks,Large sharks (>=90 cm),Sharks & rays,2738.0801657010998,3.1272900776,2734.9528756235,2.9674390034,2735.1127266977,squalidae,4.23,exact_sea_around_us,Sea Around Us exploited organisms,high,Squalidae,15934.076063346663,43628777.62782216
LME_024,Celtic-Biscay Shelf,LME,2019,Homarus gammarus,European lobster,"Lobsters, crabs",Crustaceans,2676.3632963812,2676.3632963812,0.0,2567.7525862622,108.610710119,homarus gammarus,3.7,exact_2020_supplement,2020 supplement MeanTL,high,Homarus gammarus,3256.724252295237,8716177.255277479
LME_024,Celtic-Biscay Shelf,LME,2019,Marine finfishes not identified,Finfishes,Medium demersals (30 - 89 cm),Other fishes & inverts,2633.9393240498,729.3774283688999,1904.5618956809,729.3774283688999,1904.5618956809,marine finfishes not identified,3.23,exact_sea_around_us,Sea Around Us exploited organisms,high,Marine finfishes not identified,796.7038031673321,2098469.4767824677
LME_024,Celtic-Biscay Shelf,LME,2019,Leucoraja naevus,Cuckoo ray,Small to medium rays (<90 cm),Sharks & rays,2611.0068599168,2599.3159046506,11.6909552662,2467.5188647027,143.4879952141,leucoraja naevus,4.21,exact_2020_supplement,2020 supplement MeanTL,high,Leucoraja naevus,15007.428609226863,39184499.04840298
LME_024,Celtic-Biscay Shelf,LME,2019,Marine pelagic fishes not identified,Pelagic fishes,Medium pelagics (30 - 89 cm),Other fishes & inverts,2571.216195204,2571.216195204,0.0,2571.216195204,0.0,marine pelagic fishes not identified,3.35,exact_sea_around_us,Sea Around Us exploited organisms,high,Marine pelagic fishes not identified,1141.3543275066227,2934668.7313511986
LME_024,Celtic-Biscay Shelf,LME,2019,Raja brachyura,Blonde ray,Large rays (>=90 cm),Sharks & rays,2523.4511175896,2523.4511175896,0.0,2488.5326457429,34.9184718467,raja brachyura,3.89,exact_2020_supplement,2020 supplement MeanTL,high,Raja brachyura,5754.090490759748,14520166.079619376
LME_024,Celtic-Biscay Shelf,LME,2019,Microstomus kitt,Lemon sole,Small to medium flatfishes (<90 cm),Flatfishes,2448.9644174242,2380.3314631524,68.6329542718,2323.0852612948,125.8791561294,microstomus kitt,3.22,exact_2020_supplement,2020 supplement MeanTL,high,Microstomus kitt,773.1906443023378,1893516.3757817163
LME_024,Celtic-Biscay Shelf,LME,2019,Clupeidae,"Herrings, sardines, menhadens",Small pelagics (<30 cm),Herring-likes,2412.3370011941,826.5634333126999,1585.7735678814001,7.656423064299999,2404.6805781298,clupeidae,3.16,exact_sea_around_us,Sea Around Us exploited organisms,high,Clupeidae,645.9885058849935,1558341.9750924625
LME_024,Celtic-Biscay Shelf,LME,2019,Merlucciidae,Merluccid hakes,Large bathydemersals (>=90 cm),Cod-likes,2320.7788621589,0.0,2320.7788621589,0.0,2320.7788621589,merlucciidae,4.35,exact_sea_around_us,Sea Around Us exploited organisms,high,Merlucciidae,22827.086550132422,52976619.95021906
LME_024,Celtic-Biscay Shelf,LME,2019,Elasmobranchii,"Sharks, rays, skates",Large sharks (>=90 cm),Sharks & rays,2226.4588228396,19.9615973135,2206.4972255261,19.6343511588,2206.8244716808,elasmobranchii,4.05,exact_sea_around_us,Sea Around Us exploited organisms,high,Elasmobranchii,9292.690797132333,20689793.41319564
LME_024,Celtic-Biscay Shelf,LME,2019,Thunnus alalunga,Albacore,Large pelagics (>=90 cm),Tuna & billfishes,2163.4994567395,2163.4994567395,0.0,2163.4994567395,0.0,thunnus alalunga,4.3,exact_2020_supplement,2020 supplement MeanTL,high,Thunnus alalunga,19651.648417852637,42516330.676059835
LME_024,Celtic-Biscay Shelf,LME,2019,Bivalvia,Clams,Other demersal invertebrates,Molluscs,2126.7617826189,495.86535305919995,1630.8964295597,273.475962021,1853.2858205979,bivalvia,2.23,exact_sea_around_us,Sea Around Us exploited organisms,high,Bivalvia,39.83519015836661,84719.96003217062
LME_024,Celtic-Biscay Shelf,LME,2019,Zeus faber,John dory,Medium benthopelagics (30 - 89 cm),Other fishes & inverts,2095.4745083118,2093.4661638114,2.0083445004,2093.4660374229,2.0084708889,zeus faber,4.5,exact_2020_supplement,2020 supplement MeanTL,high,Zeus faber,35777.08763999664,74969975.13125013
LME_024,Celtic-Biscay Shelf,LME,2019,Capros aper,Boarfish,Small demersals (<30 cm),Perch-likes,2019.1330650467,1983.1389963491,35.9940686976,1983.1389963491,35.9940686976,capros aper,3.14,exact_2020_supplement,2020 supplement MeanTL,high,Capros aper,608.420993216597,1228482.9448721851
LME_024,Celtic-Biscay Shelf,LME,2019,Chelidonichthys lucerna,Tub gurnard,Medium demersals (30 - 89 cm),Scorpionfishes,2004.7440920576,2004.7338158703,0.0102761873,1924.5171919676,80.22690009,chelidonichthys lucerna,3.98,exact_2020_supplement,2020 supplement MeanTL,high,Chelidonichthys lucerna,7534.759367064222,15105264.32619766
LME_024,Celtic-Biscay Shelf,LME,2019,Molva dypterygia,Blue ling,Large demersals (>=90 cm),Cod-likes,1809.6062980413,1809.6062980413,0.0,1807.8942955628002,1.7120024785,molva dypterygia,4.49,exact_2020_supplement,2020 supplement MeanTL,high,Molva dypterygia,34721.19667768202,62831696.18346404
LME_024,Celtic-Biscay Shelf,LME,2019,Sparidae,"Porgies, seabreams",Medium benthopelagics (30 - 89 cm),Perch-likes,1761.6624708593,1761.6624708593,0.0,125.40972552319998,1636.2527453361,sparidae,3.31,exact_sea_around_us,Sea Around Us exploited organisms,high,Sparidae,1012.4633005057666,1783618.5996233507
LME_024,Celtic-Biscay Shelf,LME,2019,Mugilidae,"Mullets, grey mullets",Medium reef assoc. fish (30 - 89 cm),Perch-likes,1761.3690228144,1761.3690228144,0.0,126.92376138,1634.4452614344,mugilidae,2.53,exact_sea_around_us,Sea Around Us exploited organisms,high,Mugilidae,97.8533939563155,172355.93689190794
LME_024,Celtic-Biscay Shelf,LME,2019,Boops boops,Bogue,Medium demersals (30 - 89 cm),Perch-likes,1750.9392796331,1749.9904999571002,0.948779676,1724.6677149368,26.2715646963,boops boops,2.79,exact_2020_supplement,2020 supplement MeanTL,high,Boops boops,213.22773429903754,373348.81549135485
LME_024,Celtic-Biscay Shelf,LME,2019,Congridae,"Conger, garden eels",Large demersals (>=90 cm),Other fishes & inverts,1589.3530051967,1.5138993797,1587.839105817,1.5138982735,1587.8391069232,congridae,4.18,exact_sea_around_us,Sea Around Us exploited organisms,high,Congridae,13717.513182092556,21801970.79978415
LME_024,Celtic-Biscay Shelf,LME,2019,Moronidae,Temperate basses,Medium demersals (30 - 89 cm),Perch-likes,1456.7266058048,1456.7266058048,0.0,0.0,1456.7266058048,moronidae,3.87,exact_sea_around_us,Sea Around Us exploited organisms,high,Moronidae,5419.460903023396,7894672.886553088
LME_024,Celtic-Biscay Shelf,LME,2019,Scomber colias,Atlantic chub mackerel,Medium pelagics (30 - 89 cm),Perch-likes,1395.153526443,1395.153526443,0.0,1365.4977396841,29.6557867589,scomber colias,3.91,exact_2020_supplement,2020 supplement MeanTL,high,Scomber colias,6109.382089532312,8523525.96659871
LME_024,Celtic-Biscay Shelf,LME,2019,Crangonidae,Brown shrimps,Shrimps,Crustaceans,1380.5861946840998,0.0,1380.5861946840998,0.0,1380.5861946840998,crangonidae,3.19,exact_sea_around_us,Sea Around Us exploited organisms,high,Crangonidae,706.7335205557481,975706.5417997573
LME_024,Celtic-Biscay Shelf,LME,2019,Scophthalmidae,Turbots,Small to medium flatfishes (<90 cm),Flatfishes,1357.3215360547,0.31248216090000003,1357.0090538938,0.3124801045,1357.0090559502,scophthalmidae,3.71,exact_sea_around_us,Sea Around Us exploited organisms,high,Scophthalmidae,3355.7630537706395,4554849.462779575
LME_024,Celtic-Biscay Shelf,LME,2019,Scophthalmus maximus,Turbot,Large flatfishes (>=90 cm),Flatfishes,1312.8008323954,1312.8006587387001,0.0001736567,1265.848680211,46.9521521844,scophthalmus maximus,4.36,exact_2020_supplement,2020 supplement MeanTL,high,Scophthalmus maximus,23521.270987610445,30878744.131532766
LME_024,Celtic-Biscay Shelf,LME,2019,Pectinidae,Scallops,Other demersal invertebrates,Molluscs,1298.0158656945,0.002993113,1298.0128725815,0.002993113,1298.0128725815,pectinidae,2.0,exact_sea_around_us,Sea Around Us exploited organisms,high,Pectinidae,20.0,25960.317313890002
LME_024,Celtic-Biscay Shelf,LME,2019,Raja montagui,Spotted ray,Small to medium rays (<90 cm),Sharks & rays,1272.2299389657,1268.8943585227,3.335580443,1254.0008152106,18.2291237551,raja montagui,3.88,exact_2020_supplement,2020 supplement MeanTL,high,Raja montagui,5584.269732662554,7104475.141153287
LME_024,Celtic-Biscay Shelf,LME,2019,Prionace glauca,Blue shark,Large sharks (>=90 cm),Sharks & rays,1229.1486935419,1229.1486935419,0.0,1227.9832520196,1.1654415222999999,prionace glauca,4.35,exact_2020_supplement,2020 supplement MeanTL,high,Prionace glauca,22827.086550132422,28057883.610463142
LME_024,Celtic-Biscay Shelf,LME,2019,Loligo,Common squids,Cephalopods,Other fishes & inverts,1222.8080455814,1211.1988172868,11.6092282946,1211.1988172868,11.6092282946,loligo,3.99,exact_sea_around_us,Sea Around Us exploited organisms,high,Loligo,7763.895603143686,9493754.008578155
LME_024,Celtic-Biscay Shelf,LME,2019,Illex,Shortfin squid,Cephalopods,Other fishes & inverts,1159.3323510392,1159.3323510392,0.0,1159.3323510392,0.0,illex,3.98,exact_sea_around_us,Sea Around Us exploited organisms,high,Illex,7534.759367064222,8735290.291533198
LME_024,Celtic-Biscay Shelf,LME,2019,Glyptocephalus cynoglossus,Witch flounder,Small to medium flatfishes (<90 cm),Flatfishes,1132.9464207389,964.4129387276,168.53348201129998,964.0532103701,168.8932103688,glyptocephalus cynoglossus,3.17,exact_2020_supplement,2020 supplement MeanTL,high,Glyptocephalus cynoglossus,665.6333767532121,754126.9517168995
LME_024,Celtic-Biscay Shelf,LME,2019,Argentina sphyraena,European argentine,Medium pelagics (30 - 89 cm),"Salmon, smelts, etc",1125.1393941911,1125.1393941911,0.0,1125.1393879021,6.289e-06,argentina sphyraena,3.62,exact_2020_supplement,2020 supplement MeanTL,high,Argentina sphyraena,2562.7048371775754,2883400.1679925793
LME_024,Celtic-Biscay Shelf,LME,2019,Mytilus edulis,Blue mussel,Other demersal invertebrates,Molluscs,1110.9027161838,1110.9027161838,0.0,395.037525489,715.8651906948,mytilus edulis,2.0,exact_2020_supplement,2020 supplement MeanTL,high,Mytilus edulis,20.0,22218.054323676002
LME_024,Celtic-Biscay Shelf,LME,2019,Spisula ovalis,Venus clam,Other demersal invertebrates,Molluscs,1091.7575694632,1091.7575694632,0.0,1091.4362899828,0.3212794804,spisula ovalis,2.0,exact_sea_around_us,Sea Around Us exploited organisms,high,Spisula ovalis,20.0,21835.151389264
LME_024,Celtic-Biscay Shelf,LME,2019,Limanda limanda,Common dab,Small to medium flatfishes (<90 cm),Flatfishes,1058.3584432712,619.4394725023,438.9189707689,615.8794413708,442.4790019004,limanda limanda,3.29,exact_2020_supplement,2020 supplement MeanTL,high,Limanda limanda,953.5834171618228,1009233.0609166181
LME_024,Celtic-Biscay Shelf,LME,2019,Scophthalmus rhombus,Brill,Small to medium flatfishes (<90 cm),Flatfishes,1050.9277416196,1050.9274656283,0.0002759913,1040.5719324933,10.355809126299999,scophthalmus rhombus,4.42,exact_2020_supplement,2020 supplement MeanTL,high,Scophthalmus rhombus,28152.864182630117,29586625.975574795
LME_024,Celtic-Biscay Shelf,LME,2019,Gastropoda,Sea snails,Other demersal invertebrates,Molluscs,1040.7164177434,157.27869247980001,883.4377252636,2.0978945388000003,1038.6185232046,gastropoda,3.06,exact_sea_around_us,Sea Around Us exploited organisms,high,Gastropoda,478.7643354384948,498257.9041208498
LME_024,Celtic-Biscay Shelf,LME,2019,Macrouridae,"Grenadiers, rattails",Medium benthopelagics (30 - 89 cm),Cod-likes,1034.982266483,0.0,1034.982266483,0.0,1034.982266483,macrouridae,3.88,exact_sea_around_us,Sea Around Us exploited organisms,high,Macrouridae,5584.269732662554,5779620.144563507
LME_024,Celtic-Biscay Shelf,LME,2019,Necora puber,Velvet swimcrab,"Lobsters, crabs",Crustaceans,1024.2426535953,1024.2426535953,0.0,958.5270979776,65.71555561769999,necora puber,2.6,exact_sea_around_us,Sea Around Us exploited organisms,high,Necora puber,120.6835267309033,123609.21566409971
LME_024,Celtic-Biscay Shelf,LME,2019,Cerastoderma edule,Common cockle,Other demersal invertebrates,Molluscs,965.0740692288,965.0740692288,0.0,964.4289191998,0.6451500290000001,cerastoderma edule,2.0,exact_2020_supplement,2020 supplement MeanTL,high,Cerastoderma edule,20.0,19301.481384576
LME_024,Celtic-Biscay Shelf,LME,2019,Carcinus maenas,Green crab,"Lobsters, crabs",Crustaceans,939.0752977784,939.0752977784,0.0,887.041553143,52.0337446354,carcinus maenas,3.5,exact_2020_supplement,2020 supplement MeanTL,high,Carcinus maenas,1788.8543819998317,1679868.9614586877
LME_024,Celtic-Biscay Shelf,LME,2019,Aphanopus carbo,Black scabbardfish,Large benthopelagics (>=90 cm),Perch-likes,919.4519954254,919.4519954254,0.0,919.4519954254,0.0,aphanopus carbo,4.48,exact_2020_supplement,2020 supplement MeanTL,high,Aphanopus carbo,33696.468277717824,30982284.996736344
LME_024,Celtic-Biscay Shelf,LME,2019,Sebastidae,"Rockfishes, rockcods, thornyheads",Medium demersals (30 - 89 cm),Scorpionfishes,898.7851499871,1.1945667532,897.5905832339,1.1945667532,897.5905832339,sebastidae,3.74,exact_sea_around_us,Sea Around Us exploited organisms,high,Sebastidae,3671.3195599248957,3299727.5013176715
LME_024,Celtic-Biscay Shelf,LME,2019,Sarda sarda,Atlantic bonito,Medium pelagics (30 - 89 cm),Tuna & billfishes,887.0207558929,887.0207558929,0.0,834.1639605797,52.856795313199996,sarda sarda,4.5,exact_2020_supplement,2020 supplement MeanTL,high,Sarda sarda,35777.08763999664,31735019.322076343
LME_024,Celtic-Biscay Shelf,LME,2019,Perciformes,Perch-likes,Medium demersals (30 - 89 cm),Perch-likes,855.3130107504,840.9223904993,14.3906202511,840.9223904993,14.3906202511,perciformes,3.53,exact_sea_around_us,Sea Around Us exploited organisms,high,Perciformes,1957.0678791263101,1673905.6199384243
LME_024,Celtic-Biscay Shelf,LME,2019,Lophius piscatorius,Angler,Large bathydemersals (>=90 cm),Other fishes & inverts,844.6640563746,86.3865545536,758.277501821,86.3861927586,758.277863616,lophius piscatorius,4.45,exact_2020_supplement,2020 supplement MeanTL,high,Lophius piscatorius,30800.19634445362,26015818.78144032
LME_024,Celtic-Biscay Shelf,LME,2019,Labridae,"Wrasses, gropers, tuskfishes",Medium reef assoc. fish (30 - 89 cm),Perch-likes,834.35208055,834.35208055,0.0,25.6642985455,808.6877820045,labridae,3.46,exact_sea_around_us,Sea Around Us exploited organisms,high,Labridae,1586.8423749532276,1323985.2370471286
LME_024,Celtic-Biscay Shelf,LME,2019,Cephalopoda,"Squids, cuttlefishes, octopuses",Cephalopods,Other fishes & inverts,824.8296619905,258.32632786479996,566.5033341257,0.0257009011,824.8039610894,cephalopoda,3.81,exact_sea_around_us,Sea Around Us exploited organisms,high,Cephalopoda,4527.873529309382,3734724.39271599
LME_024,Celtic-Biscay Shelf,LME,2019,Phycis blennoides,Greater forkbeard,Large benthopelagics (>=90 cm),Cod-likes,805.1629570371,712.8993797503,92.2635772868,704.7911274229,100.37182961420001,phycis blennoides,3.87,exact_2020_supplement,2020 supplement MeanTL,high,Phycis blennoides,5419.460903023396,4363549.166225269
LME_024,Celtic-Biscay Shelf,LME,2019,Octopodidae,Octopuses,Cephalopods,Other fishes & inverts,759.3098187305001,759.3098187305001,0.0,759.1676147487,0.14220398180000002,octopodidae,3.59,exact_sea_around_us,Sea Around Us exploited organisms,high,Octopodidae,2342.4357563948306,1778634.4695760007
LME_024,Celtic-Biscay Shelf,LME,2019,Mullidae,Goatfishes,Medium reef assoc. fish (30 - 89 cm),Perch-likes,753.6609781341,0.32282756900000004,753.3381505651,0.32282142760000004,753.3381567065001,mullidae,3.46,exact_sea_around_us,Sea Around Us exploited organisms,high,Mullidae,1586.8423749532276,1195941.1764518877
LME_024,Celtic-Biscay Shelf,LME,2019,Balistidae,Triggerfishes,Medium reef assoc. fish (30 - 89 cm),Other fishes & inverts,719.4200917618,8.5536819097,710.8664098521,5.7599546011,713.6601371607,balistidae,3.25,exact_sea_around_us,Sea Around Us exploited organisms,high,Balistidae,845.8970107524513,608555.3050965607
LME_024,Celtic-Biscay Shelf,LME,2019,Solen,Razor clams,Other demersal invertebrates,Molluscs,715.5393677154001,715.5393677154001,0.0,715.2682827631,0.2710849523,solen,2.0,exact_sea_around_us,Sea Around Us exploited organisms,high,Solen,20.0,14310.787354308002
LME_024,Celtic-Biscay Shelf,LME,2019,Lepidorhombus whiffiagonis,Megrim,Small to medium flatfishes (<90 cm),Flatfishes,680.2956235245,84.3981058689,595.8975176556,2.7621198989999995,677.5335036255,lepidorhombus whiffiagonis,4.34,exact_2020_supplement,2020 supplement MeanTL,high,Lepidorhombus whiffiagonis,22153.389612394185,15070853.999544883
LME_024,Celtic-Biscay Shelf,LME,2019,Venus verrucosa,Warty venus,Other demersal invertebrates,Molluscs,622.9817426839,622.9817426839,0.0,592.7681541584,30.2135885255,venus verrucosa,2.0,exact_sea_around_us,Sea Around Us exploited organisms,high,Venus verrucosa,20.0,12459.634853678
LME_024,Celtic-Biscay Shelf,LME,2019,Sparus aurata,Gilthead seabream,Medium demersals (30 - 89 cm),Perch-likes,608.1519485859,608.1519485859,0.0,493.4094142908,114.7425342951,sparus aurata,3.7,exact_2020_supplement,2020 supplement MeanTL,high,Sparus aurata,3256.724252295237,1980583.2000403064
LME_024,Celtic-Biscay Shelf,LME,2019,Crangon crangon,Common shrimp,Shrimps,Crustaceans,600.5255931676,600.1102381247,0.4153550429,594.4297425407,6.0958506269,crangon crangon,3.19,exact_2020_supplement,2020 supplement MeanTL,high,Crangon crangon,706.7335205557481,424411.5666431669
LME_024,Celtic-Biscay Shelf,LME,2019,Scyliorhinus stellaris,Nursehound,Large sharks (>=90 cm),Sharks & rays,566.2460043421,566.2460043421,0.0,540.7456702297,25.5003341124,scyliorhinus stellaris,4.03,exact_2020_supplement,2020 supplement MeanTL,high,Scyliorhinus stellaris,8752.273628615554,4955939.97111229
LME_024,Celtic-Biscay Shelf,LME,2019,Argyrosomus regius,Meagre,Large benthopelagics (>=90 cm),Perch-likes,550.3135894283,550.3135894283,0.0,538.0294397647,12.2841496636,argyrosomus regius,4.29,exact_2020_supplement,2020 supplement MeanTL,high,Argyrosomus regius,19071.668343236455,10495398.262352534
LME_024,Celtic-Biscay Shelf,LME,2019,Trisopterus esmarkii,Norway pout,Medium benthopelagics (30 - 89 cm),Cod-likes,528.5303508410999,198.13588503339997,330.3944658077,0.365085686,528.1652651551,trisopterus esmarkii,3.24,exact_2020_supplement,2020 supplement MeanTL,high,Trisopterus esmarkii,820.9320103116679,433887.4834267153
LME_024,Celtic-Biscay Shelf,LME,2019,Thunnus thynnus,Atlantic bluefin tuna,Large pelagics (>=90 cm),Tuna & billfishes,514.0039589535,514.0039589535,0.0,514.0039589535,0.0,thunnus thynnus,4.45,exact_2020_supplement,2020 supplement MeanTL,high,Thunnus thynnus,30800.19634445362,15831422.85759428
LME_024,Celtic-Biscay Shelf,LME,2019,Gadiformes,Cods,Medium benthopelagics (30 - 89 cm),Cod-likes,503.8032882937,75.2110790196,428.5922092741,66.5102164707,437.293071823,gadiformes,3.91,exact_sea_around_us,Sea Around Us exploited organisms,high,Gadiformes,6109.382089532312,3077926.7861490147
LME_024,Celtic-Biscay Shelf,LME,2019,Coryphaenoides rupestris,Roundnose grenadier,Large bathypelagics (>=90 cm),Cod-likes,499.9645385046,499.9645385046,0.0,499.9645385046,0.0,coryphaenoides rupestris,3.54,exact_2020_supplement,2020 supplement MeanTL,high,Coryphaenoides rupestris,2016.5834052007342,1008220.1915372199
LME_024,Celtic-Biscay Shelf,LME,2019,Brama brama,Atlantic pomfret,Medium bathypelagics (30 - 89 cm),Perch-likes,497.66941539489994,497.66941539489994,0.0,497.66628205779995,0.0031333371,brama brama,4.08,exact_2020_supplement,2020 supplement MeanTL,high,Brama brama,10166.521575327472,5059566.84899286
LME_024,Celtic-Biscay Shelf,LME,2019,Dicologlossa cuneata,Wedge sole,Small to medium flatfishes (<90 cm),Flatfishes,479.66437356970005,479.66437356970005,0.0,337.25598507390004,142.4083884958,dicologlossa cuneata,3.32,exact_2020_supplement,2020 supplement MeanTL,high,Dicologlossa cuneata,1043.2528743388143,500411.23644451634
LME_024,Celtic-Biscay Shelf,LME,2019,Helicolenus dactylopterus,Blackbelly rosefish,Medium bathydemersals (30 - 89 cm),Scorpionfishes,469.7858425056,469.7858425056,0.0,469.7852786697,0.0005638359,helicolenus dactylopterus,3.54,exact_2020_supplement,2020 supplement MeanTL,high,Helicolenus dactylopterus,2016.5834052007342,947362.3339950386
LME_024,Celtic-Biscay Shelf,LME,2019,Eutrigla gurnardus,Grey gurnard,Medium demersals (30 - 89 cm),Scorpionfishes,439.8703793635,439.810486485,0.0598928785,406.4634469979,33.4069323656,eutrigla gurnardus,3.87,exact_2020_supplement,2020 supplement MeanTL,high,Eutrigla gurnardus,5419.460903023396,2383860.323358557
LME_024,Celtic-Biscay Shelf,LME,2019,Ensis siliqua,Sword razor shell,Other demersal invertebrates,Molluscs,439.7877960987,1.6864954705000001,438.1013006282,1.6864954705000001,438.1013006282,ensis siliqua,2.0,exact_2020_supplement,2020 supplement MeanTL,high,Ensis siliqua,20.0,8795.755921974
LME_024,Celtic-Biscay Shelf,LME,2019,Mustelus mustelus,Smooth-hound,Large sharks (>=90 cm),Sharks & rays,438.8651885359,438.8651885359,0.0,438.8630329846,0.0021555513,mustelus mustelus,3.75,exact_2020_supplement,2020 supplement MeanTL,high,Mustelus mustelus,3782.966436012703,1660212.2781656967
LME_024,Celtic-Biscay Shelf,LME,2019,Todarodes sagittatus,European flying squid,Cephalopods,Other fishes & inverts,418.3524146607,418.3524146607,0.0,418.3524146607,0.0,todarodes sagittatus,4.01,exact_2020_supplement,2020 supplement MeanTL,high,Todarodes sagittatus,8243.284463290014,3448597.95995241
LME_024,Celtic-Biscay Shelf,LME,2019,Platichthys flesus,European flounder,Small to medium flatfishes (<90 cm),Flatfishes,406.2549717275,406.2516261962,0.0033455313,278.1100230162,128.1449487113,platichthys flesus,3.32,exact_2020_supplement,2020 supplement MeanTL,high,Platichthys flesus,1043.2528743388143,423826.6669691481
LME_024,Celtic-Biscay Shelf,LME,2019,Trachinus draco,Greater weever,Medium demersals (30 - 89 cm),Perch-likes,338.136307906,338.136307906,0.0,337.2235315578,0.9127763482,trachinus draco,4.18,exact_2020_supplement,2020 supplement MeanTL,high,Trachinus draco,13717.513182092556,4638389.261044662
LME_024,Celtic-Biscay Shelf,LME,2019,Scyliorhinus,Catsharks,Small to medium sharks (<90 cm),Sharks & rays,321.341799491,321.341799491,0.0,313.7357268083,7.6060726827,scyliorhinus,3.86,exact_sea_around_us,Sea Around Us exploited organisms,high,Scyliorhinus,5259.51608454905,1690102.3630608504
LME_024,Celtic-Biscay Shelf,LME,2019,Palaemon serratus,Common prawn,Shrimps,Crustaceans,320.88809221959997,320.88809221959997,0.0,233.592580691,87.2955115286,palaemon serratus,2.69,exact_2020_supplement,2020 supplement MeanTL,high,Palaemon serratus,158.03041939403977,50710.079792016695
LME_024,Celtic-Biscay Shelf,LME,2019,Mytilus,Edible sea mussels,Other demersal invertebrates,Molluscs,314.91401320600005,314.91401320600005,0.0,48.7884928837,266.1255203223,mytilus,2.03,exact_sea_around_us,Sea Around Us exploited organisms,high,Mytilus,21.880684071538855,6890.534032660902
LME_024,Celtic-Biscay Shelf,LME,2019,Labrus bergylta,Ballan wrasse,Medium reef assoc. fish (30 - 89 cm),Perch-likes,311.2737342574,311.2737342574,0.0,279.5849836495,31.688750607900005,labrus bergylta,3.2,exact_2020_supplement,2020 supplement MeanTL,high,Labrus bergylta,728.2256812104325,226677.52717251028
LME_024,Celtic-Biscay Shelf,LME,2019,Octopus vulgaris,Common octopus,Cephalopods,Other fishes & inverts,288.1958162376,288.1958162376,0.0,280.3718650272,7.823951210400001,octopus vulgaris,3.6,exact_2020_supplement,2020 supplement MeanTL,high,Octopus vulgaris,2413.670534618066,695609.749852898
LME_024,Celtic-Biscay Shelf,LME,2019,Teuthida,Squids,Cephalopods,Other fishes & inverts,283.8614310076,283.8614310076,0.0,279.9005144701,3.9609165374999997,teuthida,4.13,exact_sea_around_us,Sea Around Us exploited organisms,high,Teuthida,11809.292685236613,3352202.720818848
LME_024,Celtic-Biscay Shelf,LME,2019,Raja undulata,Undulate ray,Small to medium rays (<90 cm),Sharks & rays,270.5994920532,270.5994920532,0.0,269.0279812418,1.5715108113999998,raja undulata,3.5,exact_2020_supplement,2020 supplement MeanTL,high,Raja undulata,1788.8543819998317,484063.08712629543
LME_024,Celtic-Biscay Shelf,LME,2019,Raja microocellata,Small-eyed ray,Small to medium rays (<90 cm),Sharks & rays,257.6130857836,257.6130857836,0.0,249.9907744757,7.6223113079,raja microocellata,3.94,exact_2020_supplement,2020 supplement MeanTL,high,Raja microocellata,6683.872968668722,1721853.1404443409
LME_024,Celtic-Biscay Shelf,LME,2019,Brachyura,Marine crabs,"Lobsters, crabs",Crustaceans,251.9548797468,251.9548797468,0.0,228.50040413070002,23.454475616099998,brachyura,2.6,exact_sea_around_us,Sea Around Us exploited organisms,high,Brachyura,120.6835267309033,30406.803464904464
LME_024,Celtic-Biscay Shelf,LME,2019,Chelon labrosus,Thicklip grey mullet,Medium demersals (30 - 89 cm),Perch-likes,244.7108470364,244.7108470364,0.0,240.8038216838,3.9070253526,chelon labrosus,2.59,exact_2020_supplement,2020 supplement MeanTL,high,Chelon labrosus,117.12178781974153,28660.971903786467
LME_024,Celtic-Biscay Shelf,LME,2019,Rajiformes,Skates and rays,Large rays (>=90 cm),Sharks & rays,242.2413114839,24.5940874413,217.64722404260002,24.2566008557,217.9847106282,rajiformes,3.61,exact_sea_around_us,Sea Around Us exploited organisms,high,Rajiformes,2487.0716021897506,602471.4866688097
LME_024,Celtic-Biscay Shelf,LME,2019,Scyliorhinidae,Cat/swellsharks,Large sharks (>=90 cm),Sharks & rays,215.9707593851,215.9707593851,0.0,215.4296266393,0.5411327458,scyliorhinidae,3.97,exact_sea_around_us,Sea Around Us exploited organisms,high,Scyliorhinidae,7312.385640086951,1579261.4796062792
LME_024,Celtic-Biscay Shelf,LME,2019,Reinhardtius hippoglossoides,Greenland halibut,Small to medium flatfishes (<90 cm),Flatfishes,200.3162540729,200.3151838727,0.0010702002,200.3151838727,0.0010702002,reinhardtius hippoglossoides,4.38,exact_2020_supplement,2020 supplement MeanTL,high,Reinhardtius hippoglossoides,24973.6134538561,5002620.697741032
LME_024,Celtic-Biscay Shelf,LME,2019,Osteichthyes,Bony fishes,Medium demersals (30 - 89 cm),Other fishes & inverts,185.2489141206,185.2489141206,0.0,154.9075470173,30.3413671033,osteichthyes,3.79,exact_sea_around_us,Sea Around Us exploited organisms,high,Osteichthyes,4264.554685980751,790004.1247858504
LME_024,Celtic-Biscay Shelf,LME,2019,Leucoraja fullonica,Shagreen ray,Large rays (>=90 cm),Sharks & rays,177.0898546614,173.7731870527,3.3166676087,166.3003739136,10.789480747799999,leucoraja fullonica,3.5,exact_2020_supplement,2020 supplement MeanTL,high,Leucoraja fullonica,1788.8543819998317,316787.9625187587
LME_024,Celtic-Biscay Shelf,LME,2019,Dipturus oxyrinchus,Longnosed skate,Large rays (>=90 cm),Sharks & rays,173.9133928764,173.9133928764,0.0,172.445164779,1.4682280974,dipturus oxyrinchus,3.5,exact_2020_supplement,2020 supplement MeanTL,high,Dipturus oxyrinchus,1788.8543819998317,311105.7349354065
LME_024,Celtic-Biscay Shelf,LME,2019,Raja,"Stingrays, skates",Small to medium rays (<90 cm),Sharks & rays,164.04978752050002,161.4834005346,2.5663869859000004,161.482972702,2.5668148185,raja,3.8,exact_sea_around_us,Sea Around Us exploited organisms,high,Raja,4394.242173224468,720874.4948310943
LME_024,Celtic-Biscay Shelf,LME,2019,Brosme brosme,Tusk,Large demersals (>=90 cm),Cod-likes,157.6912108263,157.5319409582,0.15926986810000002,157.5319409582,0.15926986810000002,brosme brosme,3.9,exact_2020_supplement,2020 supplement MeanTL,high,Brosme brosme,5929.07559285558,934963.1093180589
LME_024,Celtic-Biscay Shelf,LME,2019,Scomberesox saurus,Atlantic saury,Medium pelagics (30 - 89 cm),Other fishes & inverts,146.4714008968,146.4714008968,0.0,144.78381351139998,1.6875873853999999,scomberesox saurus,3.91,exact_2020_supplement,2020 supplement MeanTL,high,Scomberesox saurus,6109.382089532312,894849.753267617
LME_024,Celtic-Biscay Shelf,LME,2019,Pagellus erythrinus,Common pandora,Medium benthopelagics (30 - 89 cm),Perch-likes,140.3283275898,140.3283275898,0.0,124.4780701803,15.8502574095,pagellus erythrinus,3.48,exact_2020_supplement,2020 supplement MeanTL,high,Pagellus erythrinus,1684.8234138858888,236428.45195474423
LME_024,Celtic-Biscay Shelf,LME,2019,Thunnus albacares,Yellowfin tuna,Large pelagics (>=90 cm),Tuna & billfishes,137.96719602660002,137.96719602660002,0.0,137.96719602660002,0.0,thunnus albacares,4.41,exact_2020_supplement,2020 supplement MeanTL,high,Thunnus albacares,27321.987305427916,3769537.9784042505
LME_024,Celtic-Biscay Shelf,LME,2019,Eledone,"Horned, musky octopuses",Cephalopods,Other fishes & inverts,131.67514999129997,131.67514999129997,0.0,131.67514999129997,0.0,eledone,3.67,exact_sea_around_us,Sea Around Us exploited organisms,high,Eledone,2976.8029570258213,391970.9758609203
LME_024,Celtic-Biscay Shelf,LME,2019,Pagrus pagrus,Red porgy,Medium benthopelagics (30 - 89 cm),Perch-likes,128.7019947823,128.7019947823,0.0,113.4282269933,15.273767789,pagrus pagrus,3.86,exact_2020_supplement,2020 supplement MeanTL,high,Pagrus pagrus,5259.51608454905,676910.2116710548
LME_024,Celtic-Biscay Shelf,LME,2019,Chelon ramada,Thinlip grey mullet,Medium pelagics (30 - 89 cm),Perch-likes,124.5735788889,124.5735788889,0.0,111.6416102152,12.9319686737,chelon ramada,2.3,exact_sea_around_us,Sea Around Us exploited organisms,high,Chelon ramada,49.12912104463159,6120.19043619573
LME_024,Celtic-Biscay Shelf,LME,2019,Mugil cephalus,Flathead grey mullet,Large benthopelagics (>=90 cm),Perch-likes,121.4986895038,121.4986895038,0.0,98.5292338431,22.9694556607,mugil cephalus,2.14,exact_2020_supplement,2020 supplement MeanTL,high,Mugil cephalus,30.421049660829848,3696.117667120846
LME_024,Celtic-Biscay Shelf,LME,2019,Polititapes rhomboides,Banded carpet shell,Other demersal invertebrates,Molluscs,120.7211820663,120.7211820663,0.0,39.1322428752,81.5889391911,polititapes rhomboides,2.0,exact_sea_around_us,Sea Around Us exploited organisms,high,Polititapes rhomboides,20.0,2414.423641326
LME_024,Celtic-Biscay Shelf,LME,2019,Pagellus acarne,Axillary seabream,Medium benthopelagics (30 - 89 cm),Perch-likes,120.5985803635,120.5985803635,0.0,101.0505352868,19.5480450767,pagellus acarne,3.81,exact_2020_supplement,2020 supplement MeanTL,high,Pagellus acarne,4527.873529309382,546055.119700182
LME_024,Celtic-Biscay Shelf,LME,2019,Pollachius virens,Saithe,Large demersals (>=90 cm),Cod-likes,109.5745791366,109.5181603983,0.0564187383,74.7224303685,34.8521487681,pollachius virens,4.31,exact_2020_supplement,2020 supplement MeanTL,high,Pollachius virens,20249.266010115305,2218804.800883444
LME_024,Celtic-Biscay Shelf,LME,2019,Chimaera monstrosa,Rabbit fish,Large rays (>=90 cm),Sharks & rays,104.87458408910001,104.87458408910001,0.0,104.87458408910001,0.0,chimaera monstrosa,3.52,exact_2020_supplement,2020 supplement MeanTL,high,Chimaera monstrosa,1899.308837725312,199189.22441319405
LME_024,Celtic-Biscay Shelf,LME,2019,Trisopterus minutus,Poor cod,Medium benthopelagics (30 - 89 cm),Cod-likes,103.9536956357,2.6493833494,101.3043122863,2.6493696982999997,101.30432593740001,trisopterus minutus,3.73,exact_2020_supplement,2020 supplement MeanTL,high,Trisopterus minutus,3562.967723629534,370383.66230200743
LME_024,Celtic-Biscay Shelf,LME,2019,Auxis rochei,Bullet tuna,Medium pelagics (30 - 89 cm),Tuna & billfishes,103.31810775250001,103.31810775250001,0.0,103.3008448334,0.0172629191,auxis rochei,4.13,exact_2020_supplement,2020 supplement MeanTL,high,Auxis rochei,11809.292685236613,1220113.7741340864
LME_024,Celtic-Biscay Shelf,LME,2019,Veneridae,Venus clams,Other demersal invertebrates,Molluscs,101.2443454714,101.2443454714,0.0,99.8457748748,1.3985705966,veneridae,2.0,exact_sea_around_us,Sea Around Us exploited organisms,high,Veneridae,20.0,2024.8869094279999
LME_024,Celtic-Biscay Shelf,LME,2019,Sebastes,Redfishes,Large reef assoc. fish (>=90 cm),Scorpionfishes,99.6716261366,99.6716261366,0.0,99.6716261366,0.0,sebastes,3.79,exact_sea_around_us,Sea Around Us exploited organisms,high,Sebastes,4264.554685980751,425055.100300159
LME_024,Celtic-Biscay Shelf,LME,2019,Microchirus variegatus,Thickback sole,Small to medium flatfishes (<90 cm),Flatfishes,92.2395256671,92.2395256671,0.0,89.7608663267,2.4786593403999997,microchirus variegatus,3.28,exact_2020_supplement,2020 supplement MeanTL,high,Microchirus variegatus,925.4402624666747,85362.17084316259
LME_024,Celtic-Biscay Shelf,LME,2019,Gaidropsarus,Rocklings,Medium benthopelagics (30 - 89 cm),Cod-likes,90.5698506022,90.5698506022,0.0,83.3793313108,7.1905192914,gaidropsarus,3.4,exact_sea_around_us,Sea Around Us exploited organisms,high,Gaidropsarus,1325.7816069359944,120075.84207133767
LME_024,Celtic-Biscay Shelf,LME,2019,Dicentrarchus punctatus,Spotted seabass,Medium pelagics (30 - 89 cm),Perch-likes,87.0071955719,87.0071955719,0.0,72.620854385,14.3863411869,dicentrarchus punctatus,3.94,exact_2020_supplement,2020 supplement MeanTL,high,Dicentrarchus punctatus,6683.872968668722,581545.0425626953
LME_024,Celtic-Biscay Shelf,LME,2019,Anguilla anguilla,European eel,Large demersals (>=90 cm),Other fishes & inverts,86.8804189772,86.8804189772,0.0,78.3879778642,8.492441113,anguilla anguilla,3.55,exact_2020_supplement,2020 supplement MeanTL,high,Anguilla anguilla,2077.9088316274606,180529.5898882179
LME_024,Celtic-Biscay Shelf,LME,2019,Xiphias gladius,Swordfish,Large pelagics (>=90 cm),Tuna & billfishes,83.4855887987,83.4855887987,0.0,83.4855887987,0.0,xiphias gladius,4.53,exact_2020_supplement,2020 supplement MeanTL,high,Xiphias gladius,39141.35758252625,3267739.2841576645
LME_024,Celtic-Biscay Shelf,LME,2019,Chondrichthyes,"Sharks, rays, chimaeras",Large sharks (>=90 cm),Sharks & rays,81.4481464331,81.4481464331,0.0,81.39398508040001,0.054161352700000005,chondrichthyes,4.0,exact_sea_around_us,Sea Around Us exploited organisms,high,Chondrichthyes,8000.0,651585.1714648
LME_024,Celtic-Biscay Shelf,LME,2019,Hydrolagus,Ghostsharks,Small to medium rays (<90 cm),Sharks & rays,77.6562611131,77.6562611131,0.0,77.6562611131,0.0,hydrolagus,3.51,exact_sea_around_us,Sea Around Us exploited organisms,high,Hydrolagus,1843.2544417784343,143140.2482286275
LME_024,Celtic-Biscay Shelf,LME,2019,Scorpaena,Scorpionfishes,Large reef assoc. fish (>=90 cm),Scorpionfishes,69.6630159596,69.6630159596,0.0,68.5644163697,1.0985995899,scorpaena,3.87,exact_sea_around_us,Sea Around Us exploited organisms,high,Scorpaena,5419.460903023396,377535.99137974705
LME_024,Celtic-Biscay Shelf,LME,2019,Chelidonichthys lastoviza,Streaked gurnard,Medium demersals (30 - 89 cm),Scorpionfishes,66.2902060458,66.2902060458,0.0,59.8319891538,6.458216892,chelidonichthys lastoviza,3.49,exact_sea_around_us,Sea Around Us exploited organisms,high,Chelidonichthys lastoviza,1736.059833884101,115083.76409601438
LME_024,Celtic-Biscay Shelf,LME,2019,Rajidae,Stingrays,Large rays (>=90 cm),Sharks & rays,65.5196808666,65.5196808666,0.0,63.7361531058,1.7835277608,rajidae,3.82,exact_sea_around_us,Sea Around Us exploited organisms,high,Rajidae,4665.56868948727,305686.5715964071
LME_024,Celtic-Biscay Shelf,LME,2019,Pagellus bogaraveo,Blackspot seabream,Medium benthopelagics (30 - 89 cm),Perch-likes,62.9733543328,62.9733543328,0.0,54.9458843093,8.027470023500001,pagellus bogaraveo,4.21,exact_2020_supplement,2020 supplement MeanTL,high,Pagellus bogaraveo,15007.428609226863,945068.1194330432
LME_024,Celtic-Biscay Shelf,LME,2019,Squalus acanthias,Picked dogfish,Large sharks (>=90 cm),Sharks & rays,61.560031571,58.5182151022,3.0418164688,58.3712768067,3.1887547643,squalus acanthias,4.37,exact_2020_supplement,2020 supplement MeanTL,high,Squalus acanthias,24236.56596112542,1492003.765739505
LME_024,Celtic-Biscay Shelf,LME,2019,Clupeiformes,"Herrings, shads, anchovies",Small pelagics (<30 cm),Other fishes & inverts,60.9447806994,60.9447806994,0.0,60.4735220367,0.4712586627,clupeiformes,3.24,exact_sea_around_us,Sea Around Us exploited organisms,high,Clupeiformes,820.9320103116679,50031.52133756218
LME_024,Celtic-Biscay Shelf,LME,2019,Lepidopus caudatus,Silver scabbardfish,Large bathydemersals (>=90 cm),Perch-likes,59.7674992769,59.7674992769,0.0,59.7674950831,4.1937999999999996e-06,lepidopus caudatus,3.82,exact_2020_supplement,2020 supplement MeanTL,high,Lepidopus caudatus,4665.56868948727,278849.37327525765
LME_024,Celtic-Biscay Shelf,LME,2019,Alepocephalus bairdii,Baird's slickhead,Large bathydemersals (>=90 cm),"Salmon, smelts, etc",58.566677021400004,58.566677021400004,0.0,58.566677021400004,0.0,alepocephalus bairdii,3.69,exact_2020_supplement,2020 supplement MeanTL,high,Alepocephalus bairdii,3160.6083878807954,185106.3306441423
LME_024,Celtic-Biscay Shelf,LME,2019,Chelon saliens,Leaping mullet,Medium demersals (30 - 89 cm),Perch-likes,55.748537873699995,55.748537873699995,0.0,44.5365457323,11.2119921414,chelon saliens,2.9,exact_sea_around_us,Sea Around Us exploited organisms,high,Chelon saliens,296.453779642779,16526.864762216977
LME_024,Celtic-Biscay Shelf,LME,2019,Alopias vulpinus,Thresher,Large sharks (>=90 cm),Sharks & rays,54.5092264021,54.5092264021,0.0,46.4133759143,8.0958504878,alopias vulpinus,4.5,exact_2020_supplement,2020 supplement MeanTL,high,Alopias vulpinus,35777.08763999664,1950181.3701763502
LME_024,Celtic-Biscay Shelf,LME,2019,Leucoraja circularis,Sandy ray,Large rays (>=90 cm),Sharks & rays,54.1330766756,54.1330766756,0.0,50.6828189472,3.4502577284,leucoraja circularis,3.5,exact_2020_supplement,2020 supplement MeanTL,high,Leucoraja circularis,1788.8543819998317,96836.19142227995
LME_024,Celtic-Biscay Shelf,LME,2019,Scorpaenidae,"Scorpionfishes, rockfishes",Large reef assoc. fish (>=90 cm),Scorpionfishes,52.9779787137,52.9779787137,0.0,52.9779787137,0.0,scorpaenidae,3.92,exact_sea_around_us,Sea Around Us exploited organisms,high,Scorpaenidae,6295.1718073679995,333505.4780098262
LME_024,Celtic-Biscay Shelf,LME,2019,Belone belone,Garfish,Medium pelagics (30 - 89 cm),Other fishes & inverts,52.18942450469999,52.18942450469999,0.0,34.8163073072,17.3731171975,belone belone,4.16,exact_2020_supplement,2020 supplement MeanTL,high,Belone belone,12919.77011769987,674275.3671757764
LME_024,Celtic-Biscay Shelf,LME,2019,Alosa fallax,Twaite shad,Medium pelagics (30 - 89 cm),Herring-likes,51.6849810313,51.6849810313,0.0,51.537470511,0.1475105203,alosa fallax,4.03,exact_2020_supplement,2020 supplement MeanTL,high,Alosa fallax,8752.273628615554,452361.0964757421
LME_024,Celtic-Biscay Shelf,LME,2019,Hippoglossoides platessoides,American plaice,Small to medium flatfishes (<90 cm),Flatfishes,49.5263234562,5.8984635162,43.62785994,5.8984635162,43.62785994,hippoglossoides platessoides,4.08,exact_2020_supplement,2020 supplement MeanTL,high,Hippoglossoides platessoides,10166.521575327472,503510.4359641043
LME_024,Celtic-Biscay Shelf,LME,2019,Umbrina canariensis,Canary drum,Medium demersals (30 - 89 cm),Perch-likes,49.3516797158,49.3516797158,0.0,49.0991308878,0.252548828,umbrina canariensis,3.37,exact_2020_supplement,2020 supplement MeanTL,high,Umbrina canariensis,1211.828298056271,59805.76203621611
LME_024,Celtic-Biscay Shelf,LME,2019,Lithognathus mormyrus,Sand steenbras,Medium benthopelagics (30 - 89 cm),Perch-likes,45.8159331726,45.8159331726,0.0,39.5084004396,6.307532733,lithognathus mormyrus,3.42,exact_2020_supplement,2020 supplement MeanTL,high,Lithognathus mormyrus,1407.643209131506,64492.48720043328
LME_024,Celtic-Biscay Shelf,LME,2019,Macrourus berglax,Roughhead grenadier,Large benthopelagics (>=90 cm),Cod-likes,45.38458551109999,45.38458551109999,0.0,45.38458551109999,0.0,macrourus berglax,4.48,exact_2020_supplement,2020 supplement MeanTL,high,Macrourus berglax,33696.468277717824,1529300.2459721528
LME_024,Celtic-Biscay Shelf,LME,2019,Sepia orbignyana,Pink cuttlefish,Cephalopods,Other fishes & inverts,43.0917913187,43.0917913187,0.0,42.8468214658,0.2449698529,sepia orbignyana,4.16,exact_sea_around_us,Sea Around Us exploited organisms,high,Sepia orbignyana,12919.77011769987,556736.037797499
LME_024,Celtic-Biscay Shelf,LME,2019,Mugil,Grey mullets,Medium demersals (30 - 89 cm),Perch-likes,42.8534894503,42.8534894503,0.0,30.925089678200003,11.9283997721,mugil,2.26,exact_sea_around_us,Sea Around Us exploited organisms,high,Mugil,43.581060539244675,1867.6005180514073
LME_024,Celtic-Biscay Shelf,LME,2019,Solea,Soles,Small to medium flatfishes (<90 cm),Flatfishes,42.2128628266,42.2128628266,0.0,16.722726842,25.490135984600002,solea,3.13,exact_sea_around_us,Sea Around Us exploited organisms,high,Solea,590.4646342618306,24925.202610053195
LME_024,Celtic-Biscay Shelf,LME,2019,Solea senegalensis,Senegalese sole,Small to medium flatfishes (<90 cm),Flatfishes,41.9132837889,41.9132837889,0.0,40.492879599300004,1.4204041896,solea senegalensis,3.13,exact_2020_supplement,2020 supplement MeanTL,high,Solea senegalensis,590.4646342618306,24748.311783125155
LME_024,Celtic-Biscay Shelf,LME,2019,Littorina littorea,Common periwinkle,Other demersal invertebrates,Molluscs,41.5013749852,41.5013749852,0.0,0.6882955927,40.8130793925,littorina littorea,2.0,exact_2020_supplement,2020 supplement MeanTL,high,Littorina littorea,20.0,830.0274997040001
LME_024,Celtic-Biscay Shelf,LME,2019,Notoscopelus,Lampfish,Small pelagics (<30 cm),Other fishes & inverts,40.547296595700004,40.547296595700004,0.0,40.547296595700004,0.0,notoscopelus,3.15,exact_sea_around_us,Sea Around Us exploited organisms,high,Notoscopelus,626.9234150652317,25420.049653439088
LME_024,Celtic-Biscay Shelf,LME,2019,Atherinidae,Silversides,Small pelagics (<30 cm),Other fishes & inverts,40.4326221609,40.4326221609,0.0,30.0768419756,10.3557801853,atherinidae,3.2,exact_sea_around_us,Sea Around Us exploited organisms,high,Atherinidae,728.2256812104325,29444.073816245436
LME_024,Celtic-Biscay Shelf,LME,2019,Caproidae,Boarfishes,Small bathydemersals (<30 cm),Perch-likes,39.8479686767,39.8479686767,0.0,39.8479686767,0.0,caproidae,3.54,exact_sea_around_us,Sea Around Us exploited organisms,high,Caproidae,2016.5834052007342,80356.75236439188
LME_024,Celtic-Biscay Shelf,LME,2019,Mimachlamys varia,Variegated scallop,Other demersal invertebrates,Molluscs,39.371917292,39.371917292,0.0,39.3709805674,0.0009367246,mimachlamys varia,2.1,exact_sea_around_us,Sea Around Us exploited organisms,high,Mimachlamys varia,26.985656953471274,1062.4770536423557
LME_024,Celtic-Biscay Shelf,LME,2019,Chelon auratus,Golden grey mullet,Medium pelagics (30 - 89 cm),Other fishes & inverts,39.2694158982,39.2694158982,0.0,37.9522504048,1.3171654934,chelon auratus,2.8,exact_sea_around_us,Sea Around Us exploited organisms,high,Chelon auratus,219.71210866122343,8627.966172888093
LME_024,Celtic-Biscay Shelf,LME,2019,Palinurus,Spiny lobsters,"Lobsters, crabs",Crustaceans,38.5015295933,38.5015295933,0.0,38.5015295933,0.0,palinurus,2.7,exact_sea_around_us,Sea Around Us exploited organisms,high,Palinurus,162.83621261476185,6269.443258848144
LME_024,Celtic-Biscay Shelf,LME,2019,Mustelus asterias,Starry smooth-hound,Large sharks (>=90 cm),Sharks & rays,37.1507506633,37.1507506633,0.0,37.1507506633,0.0,mustelus asterias,3.62,exact_2020_supplement,2020 supplement MeanTL,high,Mustelus asterias,2562.7048371775754,95206.40842961693
LME_024,Celtic-Biscay Shelf,LME,2019,Haliotis tuberculata,Tuberculate abalone,Other demersal invertebrates,Molluscs,36.5290742891,36.5290742891,0.0,32.1418367773,4.3872375118,haliotis tuberculata,2.0,exact_2020_supplement,2020 supplement MeanTL,high,Haliotis tuberculata,20.0,730.5814857820001
LME_024,Celtic-Biscay Shelf,LME,2019,Mora moro,Common mora,Medium bathypelagics (30 - 89 cm),Cod-likes,35.4073610645,35.4073610645,0.0,35.31346374,0.0938973245,mora moro,3.75,exact_2020_supplement,2020 supplement MeanTL,high,Mora moro,3782.966436012703,133944.85849478652
LME_024,Celtic-Biscay Shelf,LME,2019,Echinoidea,"Sea urchins, sea hedgehogs",Other demersal invertebrates,Other fishes & inverts,34.8558843202,34.8558843202,0.0,34.4878467709,0.3680375493,echinoidea,2.51,exact_sea_around_us,Sea Around Us exploited organisms,high,Echinoidea,92.16272208892171,3212.413179766196
LME_024,Celtic-Biscay Shelf,LME,2019,Paracentrotus lividus,Stony sea urchin,Other demersal invertebrates,Other fishes & inverts,33.343550433,33.343550433,0.0,33.343550433,0.0,paracentrotus lividus,2.3,exact_sea_around_us,Sea Around Us exploited organisms,high,Paracentrotus lividus,49.12912104463159,1638.139325280635
LME_024,Celtic-Biscay Shelf,LME,2019,Ctenolabrus rupestris,Goldsinny-wrasse,Small reef assoc. fish (<30 cm),Perch-likes,32.2319105247,32.2319105247,0.0,32.2319105247,0.0,ctenolabrus rupestris,3.58,exact_2020_supplement,2020 supplement MeanTL,high,Ctenolabrus rupestris,2273.3033337150473,73272.90964780563
LME_024,Celtic-Biscay Shelf,LME,2019,Chaceon affinis,Deepsea red crab,"Lobsters, crabs",Crustaceans,31.9621355388,31.9621355388,0.0,31.9621355388,0.0,chaceon affinis,3.1,exact_sea_around_us,Sea Around Us exploited organisms,high,Chaceon affinis,539.7131390694254,17250.38450300819
LME_024,Celtic-Biscay Shelf,LME,2019,Mullus barbatus,Red mullet,Medium demersals (30 - 89 cm),Perch-likes,30.299797057,30.299797057,0.0,30.2996282965,0.00016876049999999998,mullus barbatus,3.14,exact_2020_supplement,2020 supplement MeanTL,high,Mullus barbatus,608.420993216597,18435.032619681264
LME_024,Celtic-Biscay Shelf,LME,2019,Pleuronectiformes,Flatfishes,Small to medium flatfishes (<90 cm),Flatfishes,29.468333873600002,29.468333873600002,0.0,12.7347957489,16.7335381247,pleuronectiformes,3.57,exact_sea_around_us,Sea Around Us exploited organisms,high,Pleuronectiformes,2206.2112196552644,65013.368816483606
LME_024,Celtic-Biscay Shelf,LME,2019,Ostrea edulis,European flat oyster,Other demersal invertebrates,Molluscs,28.0039261645,28.0039261645,0.0,27.788848077,0.2150780875,ostrea edulis,2.0,exact_2020_supplement,2020 supplement MeanTL,high,Ostrea edulis,20.0,560.07852329
LME_024,Celtic-Biscay Shelf,LME,2019,Pollicipes pollicipes,Atlantic barnacle,Other demersal invertebrates,Crustaceans,27.3480668739,27.3480668739,0.0,25.6790237214,1.6690431525,pollicipes pollicipes,3.0,exact_sea_around_us,Sea Around Us exploited organisms,high,Pollicipes pollicipes,400.0,10939.226749559999
LME_024,Celtic-Biscay Shelf,LME,2019,Squalus blainville,Longnose spurdog,Small to medium sharks (<90 cm),Sharks & rays,25.632400565799998,25.632400565799998,0.0,25.6321998757,0.00020069009999999998,squalus blainville,3.97,exact_2020_supplement,2020 supplement MeanTL,high,Squalus blainville,7312.385640086951,187433.99781831255
LME_024,Celtic-Biscay Shelf,LME,2019,Berycidae,"Alfonsinos, redfishes",Medium benthopelagics (30 - 89 cm),Other fishes & inverts,25.4443212603,25.4443212603,0.0,25.4442255889,9.56714e-05,berycidae,3.99,exact_sea_around_us,Sea Around Us exploited organisms,high,Berycidae,7763.895603143686,197547.05395781857
LME_024,Celtic-Biscay Shelf,LME,2019,Anarhichas lupus,Atlantic wolffish,Large demersals (>=90 cm),Perch-likes,24.866914470199998,24.866914470199998,0.0,24.645683402699998,0.2212310675,anarhichas lupus,3.55,exact_2020_supplement,2020 supplement MeanTL,high,Anarhichas lupus,2077.9088316274606,51671.18119295327
LME_024,Celtic-Biscay Shelf,LME,2019,Amblyraja radiata,Starry ray,Large rays (>=90 cm),Sharks & rays,23.493744813,23.4912027767,0.0025420363,23.4912027767,0.0025420363,amblyraja radiata,4.2,exact_2020_supplement,2020 supplement MeanTL,high,Amblyraja radiata,14564.51362420865,342174.9664126198
LME_024,Celtic-Biscay Shelf,LME,2019,Octopus,"Octopuses, pikas",Cephalopods,Other fishes & inverts,23.3069209605,23.3069209605,0.0,23.3069176717,3.2888e-06,octopus,3.8,exact_sea_around_us,Sea Around Us exploited organisms,high,Octopus,4394.242173224468,102416.25501263844
LME_024,Celtic-Biscay Shelf,LME,2019,Littorina,Periwinkles,Other demersal invertebrates,Molluscs,23.1400700428,23.1400700428,0.0,23.1400700428,0.0,littorina,2.0,exact_sea_around_us,Sea Around Us exploited organisms,high,Littorina,20.0,462.80140085600004
LME_024,Celtic-Biscay Shelf,LME,2019,Mullus,Atlantic goatfishes,Medium demersals (30 - 89 cm),Perch-likes,21.7650456089,21.7650456089,0.0,21.7650456089,0.0,mullus,3.29,exact_sea_around_us,Sea Around Us exploited organisms,high,Mullus,953.5834171618228,20754.786566417788
LME_024,Celtic-Biscay Shelf,LME,2019,Ommastrephidae,Arrow squids,Cephalopods,Other fishes & inverts,20.9218363488,20.9218363488,0.0,20.9218363488,0.0,ommastrephidae,4.09,exact_sea_around_us,Sea Around Us exploited organisms,high,Ommastrephidae,10475.691168449957,219170.69626687944
LME_024,Celtic-Biscay Shelf,LME,2019,Palaemon longirostris,Delta prawn,Shrimps,Crustaceans,19.9657310323,19.9657310323,0.0,18.6893279237,1.2764031086,palaemon longirostris,2.6,exact_sea_around_us,Sea Around Us exploited organisms,high,Palaemon longirostris,120.6835267309033,2409.5348347386025
LME_024,Celtic-Biscay Shelf,LME,2019,Beryx,Alfonsinos,Medium benthopelagics (30 - 89 cm),Other fishes & inverts,19.621103119700003,19.621103119700003,0.0,19.621103119700003,0.0,beryx,3.97,exact_sea_around_us,Sea Around Us exploited organisms,high,Beryx,7312.385640086951,143477.07269515956
LME_024,Celtic-Biscay Shelf,LME,2019,Osmerus eperlanus,European smelt,Medium pelagics (30 - 89 cm),"Salmon, smelts, etc",18.6487305761,18.6487305761,0.0,18.6487305761,0.0,osmerus eperlanus,3.46,exact_2020_supplement,2020 supplement MeanTL,high,Osmerus eperlanus,1586.8423749532276,29592.595917241397
LME_024,Celtic-Biscay Shelf,LME,2019,Venerupis corrugata,Corrugated venus,Other demersal invertebrates,Molluscs,18.1468098015,18.1468098015,0.0,17.973817696500003,0.172992105,venerupis corrugata,2.1,exact_sea_around_us,Sea Around Us exploited organisms,high,Venerupis corrugata,26.985656953471274,489.7035841031692
LME_024,Celtic-Biscay Shelf,LME,2019,Scorpaena scrofa,Red scorpionfish,Medium demersals (30 - 89 cm),Scorpionfishes,17.6010770669,17.6010770669,0.0,17.6010265282,5.0538700000000005e-05,scorpaena scrofa,4.25,exact_2020_supplement,2020 supplement MeanTL,high,Scorpaena scrofa,16917.940215049024,297773.96953828464
LME_024,Celtic-Biscay Shelf,LME,2019,Torpedo marmorata,Marbled electric ray,Large rays (>=90 cm),Sharks & rays,17.4979295398,17.4979295398,0.0,17.4889439948,0.008985545000000001,torpedo marmorata,4.5,exact_2020_supplement,2020 supplement MeanTL,high,Torpedo marmorata,35777.08763999664,626024.9586639106
LME_024,Celtic-Biscay Shelf,LME,2019,Illex coindetii,Broadtail shortfin squid,Cephalopods,Other fishes & inverts,17.4560958169,17.4560958169,0.0,17.4560533328,4.2484099999999995e-05,illex coindetii,4.11,exact_2020_supplement,2020 supplement MeanTL,high,Illex coindetii,11122.52233481121,194155.81560207478
LME_024,Celtic-Biscay Shelf,LME,2019,Molva macrophthalma,Spanish ling,Medium demersals (30 - 89 cm),Cod-likes,17.3554717688,17.3554717688,0.0,17.3554717688,0.0,molva macrophthalma,4.5,exact_2020_supplement,2020 supplement MeanTL,high,Molva macrophthalma,35777.08763999664,620928.2345058451
LME_024,Celtic-Biscay Shelf,LME,2019,Trachurus mediterraneus,Mediterranean horse mackerel,Medium pelagics (30 - 89 cm),Perch-likes,16.7153486256,16.7153486256,0.0,16.6520050466,0.063343579,trachurus mediterraneus,3.77,exact_2020_supplement,2020 supplement MeanTL,high,Trachurus mediterraneus,4016.549170818885,67138.01966210228
LME_024,Celtic-Biscay Shelf,LME,2019,Palinurus elephas,Common spiny lobster,"Lobsters, crabs",Crustaceans,16.285547035,16.285547035,0.0,15.4983009201,0.7872461149,palinurus elephas,3.34,exact_2020_supplement,2020 supplement MeanTL,high,Palinurus elephas,1107.6694806197092,18039.003425866296
LME_024,Celtic-Biscay Shelf,LME,2019,Carcharhinidae,Requiem sharks,Large sharks (>=90 cm),Sharks & rays,15.7182443021,15.7182443021,0.0,15.7091169717,0.0091273304,carcharhinidae,4.24,exact_sea_around_us,Sea Around Us exploited organisms,high,Carcharhinidae,16418.64020623336,258072.19786985745
LME_024,Celtic-Biscay Shelf,LME,2019,Mercenaria mercenaria,Northern quahog,Other demersal invertebrates,Molluscs,15.67850616,15.67850616,0.0,15.6360275603,0.0424785997,mercenaria mercenaria,2.0,exact_sea_around_us,Sea Around Us exploited organisms,high,Mercenaria mercenaria,20.0,313.5701232
LME_024,Celtic-Biscay Shelf,LME,2019,Ruditapes decussatus,Grooved carpet shell,Other demersal invertebrates,Molluscs,15.5531247234,15.5531247234,0.0,12.703724598900001,2.8494001245000002,ruditapes decussatus,2.0,exact_2020_supplement,2020 supplement MeanTL,high,Ruditapes decussatus,20.0,311.062494468
LME_024,Celtic-Biscay Shelf,LME,2019,Gadiculus thori,Silvery cod,Small pelagics (<30 cm),Cod-likes,15.5201095269,15.5201095269,0.0,15.5201095269,0.0,gadiculus thori,3.51,exact_2020_supplement,2020 supplement MeanTL,high,Gadiculus thori,1843.2544417784343,28607.51082234622
LME_024,Celtic-Biscay Shelf,LME,2019,Auxis,Bullet and frigate tunas,Medium pelagics (30 - 89 cm),Tuna & billfishes,14.967366119000001,14.967366119000001,0.0,14.944224077700001,0.0231420413,auxis,4.24,exact_sea_around_us,Sea Around Us exploited organisms,high,Auxis,16418.64020623336,245743.79914282836
LME_024,Celtic-Biscay Shelf,LME,2019,Spisula,Surf clams,Other demersal invertebrates,Molluscs,14.8705098272,14.8705098272,0.0,0.9906760117,13.8798338155,spisula,2.0,exact_sea_around_us,Sea Around Us exploited organisms,high,Spisula,20.0,297.410196544
LME_024,Celtic-Biscay Shelf,LME,2019,Isurus oxyrinchus,Shortfin mako,Large sharks (>=90 cm),Sharks & rays,14.742747893,14.742747893,0.0,14.6849387687,0.0578091243,isurus oxyrinchus,4.5,exact_2020_supplement,2020 supplement MeanTL,high,Isurus oxyrinchus,35777.08763999664,527452.5834222367
LME_024,Celtic-Biscay Shelf,LME,2019,Alosa alosa,Allis shad,Medium pelagics (30 - 89 cm),Herring-likes,14.0970015208,14.0970015208,0.0,12.1474621686,1.9495393522,alosa alosa,2.95,exact_2020_supplement,2020 supplement MeanTL,high,Alosa alosa,344.3566637326941,4854.396412337403
LME_024,Celtic-Biscay Shelf,LME,2019,Galeorhinus galeus,Tope shark,Large sharks (>=90 cm),Sharks & rays,13.9308480328,13.9308480328,0.0,1.2118282601,12.719019772700001,galeorhinus galeus,4.34,exact_2020_supplement,2020 supplement MeanTL,high,Galeorhinus galeus,22153.389612394185,308615.5041016735
LME_024,Celtic-Biscay Shelf,LME,2019,Polyprion americanus,Wreckfish,Large bathydemersals (>=90 cm),Perch-likes,13.657946591799998,13.657946591799998,0.0,13.647682849399999,0.010263742400000001,polyprion americanus,4.14,exact_2020_supplement,2020 supplement MeanTL,high,Polyprion americanus,12168.419864331923,166195.62861364358
LME_024,Celtic-Biscay Shelf,LME,2019,Thunnus obesus,Bigeye tuna,Large pelagics (>=90 cm),Tuna & billfishes,13.6151046872,13.6151046872,0.0,13.6151046872,0.0,thunnus obesus,4.49,exact_2020_supplement,2020 supplement MeanTL,high,Thunnus obesus,34721.19667768202,472732.72763150156
LME_024,Celtic-Biscay Shelf,LME,2019,Alosa,Shads,Medium pelagics (30 - 89 cm),Herring-likes,13.1752310092,13.1752310092,0.0,8.8438674971,4.3313635121,alosa,3.89,exact_sea_around_us,Sea Around Us exploited organisms,high,Alosa,5754.090490759748,75811.47146360067
LME_024,Celtic-Biscay Shelf,LME,2019,Magallana gigas,Pacific cupped oyster,Other demersal invertebrates,Molluscs,12.434973516900001,12.434973516900001,0.0,12.323879208600001,0.1110943083,magallana gigas,2.0,exact_sea_around_us,Sea Around Us exploited organisms,high,Magallana gigas,20.0,248.69947033800003
LME_024,Celtic-Biscay Shelf,LME,2019,Littorinidae,Littorinidae,Other demersal invertebrates,Molluscs,12.133011396799999,12.133011396799999,0.0,0.0,12.133011396799999,littorinidae,3.14,exact_sea_around_us,Sea Around Us exploited organisms,high,Littorinidae,608.420993216597,7381.9788447493465
LME_024,Celtic-Biscay Shelf,LME,2019,Ensis ensis,Pod razor,Other demersal invertebrates,Molluscs,11.9293774179,2.933295597,8.9960818209,2.933295597,8.9960818209,ensis ensis,2.0,exact_2020_supplement,2020 supplement MeanTL,high,Ensis ensis,20.0,238.587548358
LME_024,Celtic-Biscay Shelf,LME,2019,Makaira nigricans,Blue marlin,Large pelagics (>=90 cm),Tuna & billfishes,11.654974854,11.654974854,0.0,11.654974854,0.0,makaira nigricans,4.49,exact_2020_supplement,2020 supplement MeanTL,high,Makaira nigricans,34721.19667768202,404674.6741791723
LME_024,Celtic-Biscay Shelf,LME,2019,Echinozoa,Sea urchins and sea cucumbers,Other demersal invertebrates,Other fishes & inverts,9.7445751772,9.7445751772,0.0,0.0,9.7445751772,echinozoa,2.3,exact_sea_around_us,Sea Around Us exploited organisms,high,Echinozoa,49.12912104463159,478.7424134091711
LME_024,Celtic-Biscay Shelf,LME,2019,Batoidea,"Batoids, skates, rays, sawfishes",Large rays (>=90 cm),Sharks & rays,9.4483775852,9.4483775852,0.0,0.0,9.4483775852,batoidea,3.72,exact_sea_around_us,Sea Around Us exploited organisms,high,Batoidea,3457.8136804537753,32670.729272197364
LME_024,Celtic-Biscay Shelf,LME,2019,Salmo salar,Atlantic salmon,Large benthopelagics (>=90 cm),"Salmon, smelts, etc",8.1132659706,8.1132659706,0.0,6.3341191976,1.779146773,salmo salar,4.5,exact_2020_supplement,2020 supplement MeanTL,high,Salmo salar,35777.08763999664,290269.0276767586
LME_024,Celtic-Biscay Shelf,LME,2019,Galeus,Sawtail catsharks,Small to medium sharks (<90 cm),Sharks & rays,7.930648646500001,7.930648646500001,0.0,7.930584777400001,6.38691e-05,galeus,4.04,exact_sea_around_us,Sea Around Us exploited organisms,high,Galeus,9018.435152653688,71522.040536941
LME_024,Celtic-Biscay Shelf,LME,2019,Ruditapes philippinarum,Japanese carpet shell,Other demersal invertebrates,Molluscs,7.7158658539000005,7.7158658539000005,0.0,2.556648436,5.1592174179,ruditapes philippinarum,2.0,exact_sea_around_us,Sea Around Us exploited organisms,high,Ruditapes philippinarum,20.0,154.317317078
LME_024,Celtic-Biscay Shelf,LME,2019,Symphodus melops,Corkwing wrasse,Small reef assoc. fish (<30 cm),Perch-likes,7.5308163083,7.5308163083,0.0,7.5308163083,0.0,symphodus melops,3.38,exact_2020_supplement,2020 supplement MeanTL,high,Symphodus melops,1248.6806726928048,9403.58477377399
LME_024,Celtic-Biscay Shelf,LME,2019,Trigla,Piper gurnards,Medium bathydemersals (30 - 89 cm),Scorpionfishes,7.0396607031,7.0396607031,0.0,7.039577007899999,8.369519999999999e-05,trigla,3.51,exact_sea_around_us,Sea Around Us exploited organisms,high,Trigla,1843.2544417784343,12975.885859602171
LME_024,Celtic-Biscay Shelf,LME,2019,Coryphaena hippurus,Common dolphinfish,Large pelagics (>=90 cm),Perch-likes,6.9436785559,6.9436785559,0.0,6.9436785559,0.0,coryphaena hippurus,4.37,exact_2020_supplement,2020 supplement MeanTL,high,Coryphaena hippurus,24236.56596112542,168290.92333292245
LME_024,Celtic-Biscay Shelf,LME,2019,Trigla lyra,Piper gurnard,Medium bathydemersals (30 - 89 cm),Scorpionfishes,6.9428258904,6.9428258904,0.0,6.9428134841,1.24063e-05,trigla lyra,3.65,exact_2020_supplement,2020 supplement MeanTL,high,Trigla lyra,2803.6867455443476,19465.508925536615
LME_024,Celtic-Biscay Shelf,LME,2019,Auxis thazard,Frigate tuna,Medium pelagics (30 - 89 cm),Tuna & billfishes,6.8117354318,6.8117354318,0.0,6.8075061276,0.0042293042,auxis thazard,4.37,exact_2020_supplement,2020 supplement MeanTL,high,Auxis thazard,24236.56596112542,165093.07510255583
LME_024,Celtic-Biscay Shelf,LME,2019,Phycis phycis,Forkbeard,Medium benthopelagics (30 - 89 cm),Cod-likes,6.7941139495,6.7941139495,0.0,6.7941139495,0.0,phycis phycis,4.25,exact_2020_supplement,2020 supplement MeanTL,high,Phycis phycis,16917.940215049024,114942.4136118716
LME_024,Celtic-Biscay Shelf,LME,2019,Trachinidae,Weeverfishes,Medium demersals (30 - 89 cm),Perch-likes,6.3502942596,6.3502942596,0.0,6.3502866954,7.5642e-06,trachinidae,3.95,exact_sea_around_us,Sea Around Us exploited organisms,high,Trachinidae,6887.133274653882,43735.3228991347
LME_024,Celtic-Biscay Shelf,LME,2019,Dasyatis pastinaca,Common stingray,Large rays (>=90 cm),Sharks & rays,6.2353661487,6.2353661487,0.0,4.8634023351,1.3719638135999999,dasyatis pastinaca,4.05,exact_2020_supplement,2020 supplement MeanTL,high,Dasyatis pastinaca,9292.690797132333,57943.32962677496
LME_024,Celtic-Biscay Shelf,LME,2019,Petromyzon marinus,Sea lamprey,Large demersals (>=90 cm),Other fishes & inverts,5.9666374705,5.9666374705,0.0,4.140082023,1.8265554475,petromyzon marinus,4.37,exact_2020_supplement,2020 supplement MeanTL,high,Petromyzon marinus,24236.56596112542,144610.80261989578
LME_024,Celtic-Biscay Shelf,LME,2019,Lophius budegassa,Blackbellied angler,Large bathydemersals (>=90 cm),Other fishes & inverts,5.5560899054999995,5.5560899054999995,0.0,5.5559392141999995,0.0001506913,lophius budegassa,4.41,exact_2020_supplement,2020 supplement MeanTL,high,Lophius budegassa,27321.987305427916,151803.41786588717
LME_024,Celtic-Biscay Shelf,LME,2019,Serranus cabrilla,Comber,Medium bathydemersals (30 - 89 cm),Perch-likes,5.2825238433,5.2825238433,0.0,5.2825238433,0.0,serranus cabrilla,3.35,exact_2020_supplement,2020 supplement MeanTL,high,Serranus cabrilla,1141.3543275066227,6029.231448707371
LME_024,Celtic-Biscay Shelf,LME,2019,Anarhichas,Wolffishes,Large demersals (>=90 cm),Perch-likes,5.0340051655,5.0340051655,0.0,5.0340051655,0.0,anarhichas,3.35,exact_sea_around_us,Sea Around Us exploited organisms,high,Anarhichas,1141.3543275066227,5745.583580334117
LME_024,Celtic-Biscay Shelf,LME,2019,Scomber,Chub mackerels,Medium pelagics (30 - 89 cm),Perch-likes,4.9692324483000005,4.9692324483000005,0.0,4.9663184804,0.0029139679000000003,scomber,3.65,exact_sea_around_us,Sea Around Us exploited organisms,high,Scomber,2803.6867455443476,13932.171150827598
LME_024,Celtic-Biscay Shelf,LME,2019,Gobiidae,Gobies,Small reef assoc. fish (<30 cm),Perch-likes,4.6928812698,1.109021352,3.5838599178,1.013605074,3.6792761958,gobiidae,3.11,exact_sea_around_us,Sea Around Us exploited organisms,high,Gobiidae,556.1261167405597,2609.833836898381
LME_024,Celtic-Biscay Shelf,LME,2019,Beryx decadactylus,Alfonsino,Medium bathydemersals (30 - 89 cm),Other fishes & inverts,4.476750550699999,4.476750550699999,0.0,4.4767403073,1.0243400000000001e-05,beryx decadactylus,4.13,exact_2020_supplement,2020 supplement MeanTL,high,Beryx decadactylus,11809.292685236613,52867.25753201048
LME_024,Celtic-Biscay Shelf,LME,2019,Hippoglossus hippoglossus,Atlantic halibut,Large flatfishes (>=90 cm),Flatfishes,4.0429040971,4.0429040971,0.0,4.0429040971,0.0,hippoglossus hippoglossus,4.0,exact_2020_supplement,2020 supplement MeanTL,high,Hippoglossus hippoglossus,8000.0,32343.2327768
LME_024,Celtic-Biscay Shelf,LME,2019,Pagrus,Subtropical seabreams,Medium benthopelagics (30 - 89 cm),Perch-likes,4.0032912045,4.0032912045,0.0,1.8102163282,2.1930748763,pagrus,3.55,exact_sea_around_us,Sea Around Us exploited organisms,high,Pagrus,2077.9088316274606,8318.474149407084
LME_024,Celtic-Biscay Shelf,LME,2019,Mollusca,"Clams, seasnails, squids, octopuses",Other demersal invertebrates,Molluscs,3.8311527018000002,3.8311527018000002,0.0,3.8309931188,0.000159583,mollusca,2.1,exact_sea_around_us,Sea Around Us exploited organisms,high,Mollusca,26.985656953471274,103.38617254713944
LME_024,Celtic-Biscay Shelf,LME,2019,Anarhichadidae,"Wolffishes, wolfeels",Large demersals (>=90 cm),Perch-likes,3.7142465215000002,3.7142465215000002,0.0,3.7142465215000002,0.0,anarhichadidae,3.47,exact_sea_around_us,Sea Around Us exploited organisms,high,Anarhichadidae,1635.0991368927735,6073.161281511637
LME_024,Celtic-Biscay Shelf,LME,2019,Scomberesocidae,Sauries,Medium pelagics (30 - 89 cm),Other fishes & inverts,3.6535627911999997,3.6535627911999997,0.0,3.6535621727999996,6.184000000000001e-07,scomberesocidae,4.01,exact_sea_around_us,Sea Around Us exploited organisms,high,Scomberesocidae,8243.284463290014,30117.357392353457
LME_024,Celtic-Biscay Shelf,LME,2019,Rostroraja alba,White skate,Large rays (>=90 cm),Sharks & rays,3.5871921685,3.5871921685,0.0,3.5228279449,0.06436422359999999,rostroraja alba,4.41,exact_2020_supplement,2020 supplement MeanTL,high,Rostroraja alba,27321.987305427916,98009.21888988744
LME_024,Celtic-Biscay Shelf,LME,2019,Sarpa salpa,Salema,Medium benthopelagics (30 - 89 cm),Perch-likes,3.4833800629000002,3.4833800629000002,0.0,3.4827750814000002,0.0006049814999999999,sarpa salpa,2.0,exact_2020_supplement,2020 supplement MeanTL,high,Sarpa salpa,20.0,69.667601258
LME_024,Celtic-Biscay Shelf,LME,2019,Palinurus mauritanicus,Pink spiny lobster,"Lobsters, crabs",Crustaceans,3.4276215598,3.4276215598,0.0,2.4503306326,0.9772909272,palinurus mauritanicus,3.54,exact_2020_supplement,2020 supplement MeanTL,high,Palinurus mauritanicus,2016.5834052007342,6912.084756800936
LME_024,Celtic-Biscay Shelf,LME,2019,Myliobatis aquila,Common eagle ray,Large rays (>=90 cm),Sharks & rays,3.1499412511,3.1499412511,0.0,2.1691999034,0.9807413477,myliobatis aquila,3.61,exact_2020_supplement,2020 supplement MeanTL,high,Myliobatis aquila,2487.0716021897506,7834.129434176864
LME_024,Celtic-Biscay Shelf,LME,2019,Euthynnus alletteratus,Little tunny ,Large pelagics (>=90 cm),Tuna & billfishes,3.0834454435999996,3.0834454435999996,0.0,3.0834454435999996,0.0,euthynnus alletteratus,4.49,exact_2020_supplement,2020 supplement MeanTL,high,Euthynnus alletteratus,34721.19667768202,107060.91569213806
LME_024,Celtic-Biscay Shelf,LME,2019,Phycis,"Gunnels, forkbeards",Medium benthopelagics (30 - 89 cm),Cod-likes,2.8129639107999997,2.8129639107999997,0.0,2.812941002,2.29088e-05,phycis,3.99,exact_sea_around_us,Sea Around Us exploited organisms,high,Phycis,7763.895603143686,21839.558138861983
LME_024,Celtic-Biscay Shelf,LME,2019,Salmo trutta,Sea trout,Large pelagics (>=90 cm),"Salmon, smelts, etc",2.747860143,2.747860143,0.0,2.7466274136,0.0012327294,salmo trutta,3.36,exact_2020_supplement,2020 supplement MeanTL,high,Salmo trutta,1176.0635493805207,3231.6581529778455
LME_024,Celtic-Biscay Shelf,LME,2019,Microchirus,Soles,Small to medium flatfishes (<90 cm),Flatfishes,2.5412241066,2.5412241066,0.0,2.5412241066,0.0,microchirus,3.28,exact_sea_around_us,Sea Around Us exploited organisms,high,Microchirus,925.4402624666747,2351.751104198545
LME_024,Celtic-Biscay Shelf,LME,2019,Mytilus galloprovincialis,Mediterranean mussel,Other demersal invertebrates,Molluscs,2.4758926556,2.4758926556,0.0,2.4626543466,0.013238309,mytilus galloprovincialis,2.69,exact_2020_supplement,2020 supplement MeanTL,high,Mytilus galloprovincialis,158.03041939403977,391.26635473909084
LME_024,Celtic-Biscay Shelf,LME,2019,Scorpaena porcus,Black scorpionfish,Small demersals (<30 cm),Scorpionfishes,2.4745151879,2.4745151879,0.0,2.4744841645999998,3.10233e-05,scorpaena porcus,3.92,exact_2020_supplement,2020 supplement MeanTL,high,Scorpaena porcus,6295.1718073679995,15577.498247772006
LME_024,Celtic-Biscay Shelf,LME,2019,Katsuwonus pelamis,Skipjack tuna,Large pelagics (>=90 cm),Tuna & billfishes,2.2405990864,2.2405990864,0.0,2.2405990864,0.0,katsuwonus pelamis,4.43,exact_2020_supplement,2020 supplement MeanTL,high,Katsuwonus pelamis,29009.008489223597,64997.55791832424
LME_024,Celtic-Biscay Shelf,LME,2019,Lepidocybium flavobrunneum,Escolar,Large bathypelagics (>=90 cm),Perch-likes,2.2399716756,2.2399716756,0.0,2.2399716756,0.0,lepidocybium flavobrunneum,4.34,exact_2020_supplement,2020 supplement MeanTL,high,Lepidocybium flavobrunneum,22153.389612394185,49622.96525029424
LME_024,Celtic-Biscay Shelf,LME,2019,Zeidae,Dories,Medium bathydemersals (30 - 89 cm),Other fishes & inverts,2.0530486632000002,2.0530486632000002,0.0,2.0530486632000002,0.0,zeidae,4.49,exact_sea_around_us,Sea Around Us exploited organisms,high,Zeidae,34721.19667768202,71284.30642381936
LME_024,Celtic-Biscay Shelf,LME,2019,Ophidion barbatum,Snake blenny,Small demersals (<30 cm),Other fishes & inverts,2.0238950954000003,2.0238950954000003,0.0,2.0238950954000003,0.0,ophidion barbatum,3.57,exact_2020_supplement,2020 supplement MeanTL,high,Ophidion barbatum,2206.2112196552644,4465.140066876743
LME_024,Celtic-Biscay Shelf,LME,2019,Diplodus,Two-toothed seabreams,Medium benthopelagics (30 - 89 cm),Perch-likes,1.9585093516999998,1.9585093516999998,0.0,1.8608677238999998,0.0976416278,diplodus,2.97,exact_sea_around_us,Sea Around Us exploited organisms,high,Diplodus,365.61928200434755,716.0687829673542
LME_024,Celtic-Biscay Shelf,LME,2019,Epigonus telescopus,Black cardinal fish,Medium bathydemersals (30 - 89 cm),Perch-likes,1.7997974210999999,1.7997974210999999,0.0,1.6810470774,0.1187503437,epigonus telescopus,3.59,exact_2020_supplement,2020 supplement MeanTL,high,Epigonus telescopus,2342.4357563948306,4215.909833451844
LME_024,Celtic-Biscay Shelf,LME,2019,Gempylidae,Snake mackerels,Large benthopelagics (>=90 cm),Perch-likes,1.7338192393,1.7338192393,0.0,1.7338188194,4.199e-07,gempylidae,4.21,exact_sea_around_us,Sea Around Us exploited organisms,high,Gempylidae,15007.428609226863,26020.168455098777
LME_024,Celtic-Biscay Shelf,LME,2019,Cepola macrophthalma,Red bandfish,Medium demersals (30 - 89 cm),Perch-likes,1.6825219219,1.1410557042,0.5414662177,1.1410557042,0.5414662177,cepola macrophthalma,3.13,exact_2020_supplement,2020 supplement MeanTL,high,Cepola macrophthalma,590.4646342618306,993.4696912521958
LME_024,Celtic-Biscay Shelf,LME,2019,Trichiurus lepturus,Largehead hairtail,Large benthopelagics (>=90 cm),Perch-likes,1.5541423487000001,1.5541423487000001,0.0,1.5541423487000001,0.0,trichiurus lepturus,4.42,exact_2020_supplement,2020 supplement MeanTL,high,Trichiurus lepturus,28152.864182630117,43753.55846342488
LME_024,Celtic-Biscay Shelf,LME,2019,Beryx splendens,Splendid alfonsino,Medium benthopelagics (30 - 89 cm),Other fishes & inverts,1.537470134,1.537470134,0.0,1.5374696228,5.112000000000001e-07,beryx splendens,4.27,exact_2020_supplement,2020 supplement MeanTL,high,Beryx splendens,17962.55396184286,27616.890246696774
LME_024,Celtic-Biscay Shelf,LME,2019,Trachurus picturatus,Blue jack mackerel,Medium benthopelagics (30 - 89 cm),Perch-likes,1.3426290196,1.3426290196,0.0,1.3425432267,8.57929e-05,trachurus picturatus,3.32,exact_2020_supplement,2020 supplement MeanTL,high,Trachurus picturatus,1043.2528743388143,1400.7015838684042
LME_024,Celtic-Biscay Shelf,LME,2019,Istiophorus albicans,Atlantic sailfish,Large pelagics (>=90 cm),Tuna & billfishes,1.3317331025999999,1.3317331025999999,0.0,1.3317331025999999,0.0,istiophorus albicans,4.5,exact_2020_supplement,2020 supplement MeanTL,high,Istiophorus albicans,35777.08763999664,47645.531924804825
LME_024,Celtic-Biscay Shelf,LME,2019,Acipenser sturio,Sturgeon,Large demersals (>=90 cm),Other fishes & inverts,1.3227066361,1.3227066361,0.0,0.049337719200000005,1.2733689169,acipenser sturio,3.51,exact_2020_supplement,2020 supplement MeanTL,high,Acipenser sturio,1843.2544417784343,2438.084882161136
LME_024,Celtic-Biscay Shelf,LME,2019,Palinuridae,Spiny lobsters,"Lobsters, crabs",Crustaceans,1.3056865501000001,1.3056865501000001,0.0,1.2591356627,0.0465508874,palinuridae,3.14,exact_sea_around_us,Sea Around Us exploited organisms,high,Palinuridae,608.420993216597,794.4071076413942
LME_024,Celtic-Biscay Shelf,LME,2019,Portunidae,Swimming crabs,"Lobsters, crabs",Crustaceans,1.3011494643,1.2928562247,0.0082932396,1.2928063061,0.0083431582,portunidae,3.56,exact_sea_around_us,Sea Around Us exploited organisms,high,Portunidae,2141.099198485972,2785.8900751231818
LME_024,Celtic-Biscay Shelf,LME,2019,Dasyatidae,Whiptail stingrays,Large rays (>=90 cm),Sharks & rays,1.2997908868,1.2997908868,0.0,1.2997908868,0.0,dasyatidae,3.38,exact_sea_around_us,Sea Around Us exploited organisms,high,Dasyatidae,1248.6806726928048,1623.0237588894015
LME_024,Celtic-Biscay Shelf,LME,2019,Ostreidae,True oysters,Other demersal invertebrates,Molluscs,1.1596858816,1.1596858816,0.0,0.0,1.1596858816,ostreidae,2.0,exact_sea_around_us,Sea Around Us exploited organisms,high,Ostreidae,20.0,23.193717632
LME_024,Celtic-Biscay Shelf,LME,2019,Amblyraja hyperborea,Arctic skate,Small to medium rays (<90 cm),Sharks & rays,1.1202826988,1.1202826988,0.0,1.1202826988,0.0,amblyraja hyperborea,4.31,exact_2020_supplement,2020 supplement MeanTL,high,Amblyraja hyperborea,20249.266010115305,22684.902374531084
LME_024,Celtic-Biscay Shelf,LME,2019,Alopias,Thresher sharks,Large sharks (>=90 cm),Sharks & rays,1.1177706686000002,1.1177706686000002,0.0,1.1177706686000002,0.0,alopias,4.5,exact_sea_around_us,Sea Around Us exploited organisms,high,Alopias,35777.08763999664,39990.579171919846
LME_024,Celtic-Biscay Shelf,LME,2019,Epinephelus marginatus,Dusky grouper,Large reef assoc. fish (>=90 cm),Perch-likes,1.1174554693,1.1174554693,0.0,1.1119469111,0.005508558199999999,epinephelus marginatus,4.43,exact_2020_supplement,2020 supplement MeanTL,high,Epinephelus marginatus,29009.008489223597,32416.27519525304
LME_024,Celtic-Biscay Shelf,LME,2019,Serranidae,"Basses, groupers, hinds",Medium reef assoc. fish (30 - 89 cm),Perch-likes,1.0949873106999999,1.0949873106999999,0.0,1.0949873106999999,0.0,serranidae,3.98,exact_sea_around_us,Sea Around Us exploited organisms,high,Serranidae,7534.759367064222,8250.465896113286
LME_024,Celtic-Biscay Shelf,LME,2019,Galeus melastomus,Blackmouth catshark,Small to medium sharks (<90 cm),Sharks & rays,1.0777503438,1.0777503438,0.0,0.9754552666999999,0.1022950771,galeus melastomus,4.17,exact_2020_supplement,2020 supplement MeanTL,high,Galeus melastomus,13312.667535064244,14347.732012810588
LME_024,Celtic-Biscay Shelf,LME,2019,Anomura,"Craylets, squat lobsters, hermits","Lobsters, crabs",Crustaceans,1.042656563,1.042656563,0.0,1.042656563,0.0,anomura,3.1,exact_sea_around_us,Sea Around Us exploited organisms,high,Anomura,539.7131390694254,562.7354465880682
LME_024,Celtic-Biscay Shelf,LME,2019,Lamna nasus,Porbeagle,Large sharks (>=90 cm),Sharks & rays,1.0068849735,1.0068849735,0.0,0.0514231858,0.9554617877,lamna nasus,4.57,exact_2020_supplement,2020 supplement MeanTL,high,Lamna nasus,44124.224393105345,44428.01850875993
LME_024,Celtic-Biscay Shelf,LME,2019,Dentex,Toothed seabreams,Large benthopelagics (>=90 cm),Perch-likes,1.0041947816,1.0041947816,0.0,1.0041905578,4.2238e-06,dentex,3.96,exact_sea_around_us,Sea Around Us exploited organisms,high,Dentex,7096.574839945253,7126.343421506879
LME_024,Celtic-Biscay Shelf,LME,2019,Alloteuthis subulata,European common squid,Cephalopods,Other fishes & inverts,0.9951597656,0.9951597656,0.0,0.9513027084,0.0438570572,alloteuthis subulata,4.5,exact_sea_around_us,Sea Around Us exploited organisms,high,Alloteuthis subulata,35777.08763999664,35603.918149669706
LME_024,Celtic-Biscay Shelf,LME,2019,Caranx hippos,Crevalle jack,Large reef assoc. fish (>=90 cm),Perch-likes,0.9531595074,0.9531595074,0.0,0.9531595074,0.0,caranx hippos,3.56,exact_2020_supplement,2020 supplement MeanTL,high,Caranx hippos,2141.099198485972,2040.809057323424
LME_024,Celtic-Biscay Shelf,LME,2019,Oblada melanurus,Saddled seabream,Small benthopelagics (<30 cm),Perch-likes,0.8439409294000001,0.8439409294000001,0.0,0.8437665269000001,0.0001744025,oblada melanurus,3.38,exact_sea_around_us,Sea Around Us exploited organisms,high,Oblada melanurus,1248.6806726928048,1053.812727436183
LME_024,Celtic-Biscay Shelf,LME,2019,Pagellus,Pandoras,Medium benthopelagics (30 - 89 cm),Perch-likes,0.8150505597,0.8150505597,0.0,0.8150138311999999,3.67285e-05,pagellus,3.44,exact_sea_around_us,Sea Around Us exploited organisms,high,Pagellus,1494.5594310916586,1218.1415008161698
LME_024,Celtic-Biscay Shelf,LME,2019,Trachichthyidae,Slimeheads,Medium bathypelagics (30 - 89 cm),Other fishes & inverts,0.7362398234,0.7362398234,0.0,0.7362132937,2.65297e-05,trachichthyidae,3.72,exact_sea_around_us,Sea Around Us exploited organisms,high,Trachichthyidae,3457.8136804537753,2545.7801334473916
LME_024,Celtic-Biscay Shelf,LME,2019,Zenopsis conchifer,Silvery John dory,Medium benthopelagics (30 - 89 cm),Other fishes & inverts,0.7161937844,0.7161937844,0.0,0.7161937844,0.0,zenopsis conchifer,4.5,exact_2020_supplement,2020 supplement MeanTL,high,Zenopsis conchifer,35777.08763999664,25623.327791699656
LME_024,Celtic-Biscay Shelf,LME,2019,Scorpaena notata,Small red scorpionfish,Large reef assoc. fish (>=90 cm),Scorpionfishes,0.7123754193,0.7123754193,0.0,0.7123754193,0.0,scorpaena notata,3.7,exact_2020_supplement,2020 supplement MeanTL,high,Scorpaena notata,3256.724252295237,2320.0103047732987
LME_024,Celtic-Biscay Shelf,LME,2019,Malacostraca,"Lobsters, crabs, shrimps, krill",Shrimps,Crustaceans,0.7003463138,0.7003463138,0.0,0.7003463138,0.0,malacostraca,3.0,exact_sea_around_us,Sea Around Us exploited organisms,high,Malacostraca,400.0,280.13852552000003
LME_024,Celtic-Biscay Shelf,LME,2019,Miscellaneous aquatic invertebrates,Aquatic invertebrates,Other demersal invertebrates,Other fishes & inverts,0.6911075189,0.6858192165,0.0052883024,0.3168306282,0.37427689070000003,miscellaneous aquatic invertebrates,2.43,exact_sea_around_us,Sea Around Us exploited organisms,high,Miscellaneous aquatic invertebrates,72.52252122305909,50.12085970684096
LME_024,Celtic-Biscay Shelf,LME,2019,Pandalidae,Northern shrimps,Shrimps,Crustaceans,0.6837044486,0.6837044486,0.0,0.6837044486,0.0,pandalidae,2.7,exact_sea_around_us,Sea Around Us exploited organisms,high,Pandalidae,162.83621261476185,111.33184295788811
LME_024,Celtic-Biscay Shelf,LME,2019,Callista chione,Smooth callista,Other demersal invertebrates,Molluscs,0.6733462163,0.6733462163,0.0,0.5482145605,0.1251316558,callista chione,2.0,exact_sea_around_us,Sea Around Us exploited organisms,high,Callista chione,20.0,13.466924326000001
LME_024,Celtic-Biscay Shelf,LME,2019,Dendrobranchiata,Shrimps and prawns,Shrimps,Crustaceans,0.6575373274,0.6575373274,0.0,0.1035278121,0.5540095153,dendrobranchiata,3.24,exact_sea_around_us,Sea Around Us exploited organisms,high,Dendrobranchiata,820.9320103116679,539.7934400374434
LME_024,Celtic-Biscay Shelf,LME,2019,Liocarcinus depurator,Blueleg swimcrab,"Lobsters, crabs",Crustaceans,0.5654449433000001,0.5654449433000001,0.0,0.0,0.5654449433000001,liocarcinus depurator,2.6,exact_sea_around_us,Sea Around Us exploited organisms,high,Liocarcinus depurator,120.6835267309033,68.23988992959966
LME_024,Celtic-Biscay Shelf,LME,2019,Palaemon,Carnivorous shrimps,Shrimps,Crustaceans,0.5421224312,0.5421224312,0.0,0.5421224312,0.0,palaemon,2.65,exact_sea_around_us,Sea Around Us exploited organisms,high,Palaemon,140.18433727721737,75.99707374088587
LME_024,Celtic-Biscay Shelf,LME,2019,Donax,Bean clams,Other demersal invertebrates,Molluscs,0.5408697871,0.5408697871,0.0,0.5408697871,0.0,donax,2.0,exact_sea_around_us,Sea Around Us exploited organisms,high,Donax,20.0,10.817395742
LME_024,Celtic-Biscay Shelf,LME,2019,Ruditapes,Carpet shells,Other demersal invertebrates,Molluscs,0.4947829224,0.4947829224,0.0,0.0,0.4947829224,ruditapes,2.0,exact_sea_around_us,Sea Around Us exploited organisms,high,Ruditapes,20.0,9.895658447999999
LME_024,Celtic-Biscay Shelf,LME,2019,Aristeidae,Aristeid shrimps,Shrimps,Crustaceans,0.468928851,0.468928851,0.0,0.4689275537,1.2973e-06,aristeidae,3.47,exact_sea_around_us,Sea Around Us exploited organisms,high,Aristeidae,1635.0991368927735,766.74515953422
LME_024,Celtic-Biscay Shelf,LME,2019,Serranus,Groupers,Small reef assoc. fish (<30 cm),Perch-likes,0.4678563737,0.4678563737,0.0,0.3420876054,0.1257687683,serranus,3.73,exact_sea_around_us,Sea Around Us exploited organisms,high,Serranus,3562.967723629534,1666.9571587874575
LME_024,Celtic-Biscay Shelf,LME,2019,Strongylocentrotus,Sickle-arched sea urchins,Other demersal invertebrates,Other fishes & inverts,0.44556872350000004,0.44556872350000004,0.0,0.44556872350000004,0.0,strongylocentrotus,2.1,exact_sea_around_us,Sea Around Us exploited organisms,high,Strongylocentrotus,26.985656953471274,12.023964721567095
LME_024,Celtic-Biscay Shelf,LME,2019,Penaeidae,Commercial shrimps and prawns,Shrimps,Crustaceans,0.3531337802,0.3531337802,0.0,0.3531306121,3.1680999999999998e-06,penaeidae,3.31,exact_sea_around_us,Sea Around Us exploited organisms,high,Penaeidae,1012.4633005057666,357.53499262136995
LME_024,Celtic-Biscay Shelf,LME,2019,Trichiuridae,Cutlassfishes,Large benthopelagics (>=90 cm),Perch-likes,0.34692699850000003,0.34692699850000003,0.0,0.3469238075,3.191e-06,trichiuridae,4.15,exact_sea_around_us,Sea Around Us exploited organisms,high,Trichiuridae,12538.46830130465,4349.933173559017
LME_024,Celtic-Biscay Shelf,LME,2019,Coris julis,Rainbow wrasse,Medium reef assoc. fish (30 - 89 cm),Perch-likes,0.3321525744,0.3321525744,0.0,0.3321525744,0.0,coris julis,3.44,exact_2020_supplement,2020 supplement MeanTL,high,Coris julis,1494.5594310916586,496.4217626308938
LME_024,Celtic-Biscay Shelf,LME,2019,Trichiurus,Hairtails,Large benthopelagics (>=90 cm),Perch-likes,0.3287184359,0.3287184359,0.0,0.3287132564,5.1795e-06,trichiurus,4.42,exact_sea_around_us,Sea Around Us exploited organisms,high,Trichiurus,28152.864182630117,9254.365480219303
LME_024,Celtic-Biscay Shelf,LME,2019,Etmopterus,Lanternsharks,Small to medium sharks (<90 cm),Sharks & rays,0.3114133077,0.3114133077,0.0,0.3114133077,0.0,etmopterus,4.02,exact_sea_around_us,Sea Around Us exploited organisms,high,Etmopterus,8493.967342839818,2645.1344657295276
LME_024,Celtic-Biscay Shelf,LME,2019,Spisula solida,Surf clam,Other demersal invertebrates,Molluscs,0.2971427571,0.2971427571,0.0,0.2971427571,0.0,spisula solida,2.0,exact_sea_around_us,Sea Around Us exploited organisms,high,Spisula solida,20.0,5.942855142
LME_024,Celtic-Biscay Shelf,LME,2019,Murex,Murex shells,Other demersal invertebrates,Molluscs,0.2858985025,0.2858985025,0.0,0.2858985025,0.0,murex,2.0,exact_sea_around_us,Sea Around Us exploited organisms,high,Murex,20.0,5.71797005
LME_024,Celtic-Biscay Shelf,LME,2019,Etmopterus spinax,Velvet belly,Small to medium sharks (<90 cm),Sharks & rays,0.2790258389,0.2790258389,0.0,0.2790258389,0.0,etmopterus spinax,4.14,exact_2020_supplement,2020 supplement MeanTL,high,Etmopterus spinax,12168.419864331923,3395.3035607326387
LME_024,Celtic-Biscay Shelf,LME,2019,Dentex dentex,Common dentex,Large benthopelagics (>=90 cm),Perch-likes,0.2758615622,0.2758615622,0.0,0.2758542182,7.344e-06,dentex dentex,4.53,exact_2020_supplement,2020 supplement MeanTL,high,Dentex dentex,39141.35758252625,10797.596049344509
LME_024,Celtic-Biscay Shelf,LME,2019,Scyllarus arctus,Small European locust lobster,"Lobsters, crabs",Crustaceans,0.2649077919,0.2649077919,0.0,0.2649072519,5.4e-07,scyllarus arctus,2.87,exact_sea_around_us,Sea Around Us exploited organisms,high,Scyllarus arctus,270.9730451511698,71.7828710554154
LME_024,Celtic-Biscay Shelf,LME,2019,Scorpaeniformes,"Scorpionfishes, flatheads",Medium demersals (30 - 89 cm),Scorpionfishes,0.2635914887,0.0,0.2635914887,0.0,0.2635914887,scorpaeniformes,3.78,exact_sea_around_us,Sea Around Us exploited organisms,high,Scorpaeniformes,4138.694671981463,1090.9246898623521
LME_024,Celtic-Biscay Shelf,LME,2019,Ruvettus pretiosus,Oilfish,Large benthopelagics (>=90 cm),Perch-likes,0.2596687882,0.2596687882,0.0,0.2596687882,0.0,ruvettus pretiosus,4.18,exact_2020_supplement,2020 supplement MeanTL,high,Ruvettus pretiosus,13717.513182092556,3562.0100251115
LME_024,Celtic-Biscay Shelf,LME,2019,Dipturus batis,Blue skate,Large rays (>=90 cm),Sharks & rays,0.23488018100000002,0.23488018100000002,0.0,0.2137268552,0.0211533258,dipturus batis,3.52,exact_2020_supplement,2020 supplement MeanTL,high,Dipturus batis,1899.308837725312,446.11000357982095
LME_024,Celtic-Biscay Shelf,LME,2019,Diplodus cervinus,Zebra seabream,Medium benthopelagics (30 - 89 cm),Perch-likes,0.214555083,0.214555083,0.0,0.214555083,0.0,diplodus cervinus,2.99,exact_2020_supplement,2020 supplement MeanTL,high,Diplodus cervinus,388.19478015718425,83.28916327679143
LME_024,Celtic-Biscay Shelf,LME,2019,Sepiida,"Cuttlefishes, bobtail squids",Cephalopods,Other fishes & inverts,0.20555438609999999,0.20555438609999999,0.0,0.205549559,4.827100000000001e-06,sepiida,3.7,exact_sea_around_us,Sea Around Us exploited organisms,high,Sepiida,3256.724252295237,669.433954377529
LME_024,Celtic-Biscay Shelf,LME,2019,Crassostrea,Cupped oysters,Other demersal invertebrates,Molluscs,0.18737486450000002,0.18737486450000002,0.0,0.18737486450000002,0.0,crassostrea,2.0,exact_sea_around_us,Sea Around Us exploited organisms,high,Crassostrea,20.0,3.74749729
LME_024,Celtic-Biscay Shelf,LME,2019,Patella,Limpets,Other demersal invertebrates,Molluscs,0.17670502880000002,0.17670502880000002,0.0,0.17670502880000002,0.0,patella,2.0,exact_sea_around_us,Sea Around Us exploited organisms,high,Patella,20.0,3.5341005760000006
LME_024,Celtic-Biscay Shelf,LME,2019,Molva,Lings,Large demersals (>=90 cm),Cod-likes,0.17094186249999999,0.17094186249999999,0.0,0.1709406617,1.2008e-06,molva,4.19,exact_sea_around_us,Sea Around Us exploited organisms,high,Molva,14134.67041111498,2416.206885899635
LME_024,Celtic-Biscay Shelf,LME,2019,Hoplostethus mediterraneus,Mediterranean slimehead,Medium benthopelagics (30 - 89 cm),Other fishes & inverts,0.1589823453,0.1589823453,0.0,0.1589823453,0.0,hoplostethus mediterraneus,3.49,exact_2020_supplement,2020 supplement MeanTL,high,Hoplostethus mediterraneus,1736.059833884101,276.0028639720228
LME_024,Celtic-Biscay Shelf,LME,2019,Lepidorhombus boscii,Four-spot megrim,Small to medium flatfishes (<90 cm),Flatfishes,0.15783072650000002,0.15783072650000002,0.0,0.15783072650000002,0.0,lepidorhombus boscii,3.74,exact_2020_supplement,2020 supplement MeanTL,high,Lepidorhombus boscii,3671.3195599248957,579.4470333566067
LME_024,Celtic-Biscay Shelf,LME,2019,Diplodus vulgaris,Common two-banded seabream,Medium benthopelagics (30 - 89 cm),Perch-likes,0.14906749360000002,0.14906749360000002,0.0,0.0786109857,0.0704565079,diplodus vulgaris,3.52,exact_2020_supplement,2020 supplement MeanTL,high,Diplodus vulgaris,1899.308837725312,283.1252080120414
LME_024,Celtic-Biscay Shelf,LME,2019,Chimaeriformes,Chimaeras,Large rays (>=90 cm),Sharks & rays,0.1232970039,0.1232970039,0.0,0.1232970039,0.0,chimaeriformes,3.37,exact_sea_around_us,Sea Around Us exploited organisms,high,Chimaeriformes,1211.828298056271,149.4147983915744
LME_024,Celtic-Biscay Shelf,LME,2019,Cyprinus carpio,Common carp,Large benthopelagics (>=90 cm),Other fishes & inverts,0.1204640243,0.1204640243,0.0,0.1204640243,0.0,cyprinus carpio,3.06,exact_2020_supplement,2020 supplement MeanTL,high,Cyprinus carpio,478.7643354384948,57.67387853823619
LME_024,Celtic-Biscay Shelf,LME,2019,Kajikia albida,Atlantic white marlin,Large pelagics (>=90 cm),Tuna & billfishes,0.1142268656,0.1142268656,0.0,0.1142268656,0.0,kajikia albida,4.49,exact_2020_supplement,2020 supplement MeanTL,high,Kajikia albida,34721.19667768202,3966.0934663727508
LME_024,Celtic-Biscay Shelf,LME,2019,Lamnidae,Mackerel/white sharks,Large sharks (>=90 cm),Sharks & rays,0.1028365173,0.1028365173,0.0,0.1028365173,0.0,lamnidae,4.5,exact_sea_around_us,Sea Around Us exploited organisms,high,Lamnidae,35777.08763999664,3679.19109203413
LME_024,Celtic-Biscay Shelf,LME,2019,Citharus linguatula,Spotted flounder,Small to medium flatfishes (<90 cm),Flatfishes,0.1028248087,0.1028248087,0.0,0.1028248087,0.0,citharus linguatula,3.97,exact_2020_supplement,2020 supplement MeanTL,high,Citharus linguatula,7312.385640086951,751.8946545825678
LME_024,Celtic-Biscay Shelf,LME,2019,Balistes capriscus,Grey triggerfish,Medium benthopelagics (30 - 89 cm),Other fishes & inverts,0.1022586123,0.1022586123,0.0,0.1022562229,2.3894000000000004e-06,balistes capriscus,4.06,exact_2020_supplement,2020 supplement MeanTL,high,Balistes capriscus,9575.286708769883,979.1555312134425
LME_024,Celtic-Biscay Shelf,LME,2019,Sciaena umbra,Brown meagre,Medium demersals (30 - 89 cm),Perch-likes,0.0881291043,0.0881291043,0.0,0.0881291043,0.0,sciaena umbra,3.75,exact_2020_supplement,2020 supplement MeanTL,high,Sciaena umbra,3782.966436012703,333.38944360276275
LME_024,Celtic-Biscay Shelf,LME,2019,Pomatomus saltatrix,Bluefish,Large pelagics (>=90 cm),Perch-likes,0.0840836249,0.0840836249,0.0,0.0,0.0840836249,pomatomus saltatrix,4.53,exact_2020_supplement,2020 supplement MeanTL,high,Pomatomus saltatrix,39141.35758252625,3291.1472290459083
LME_024,Celtic-Biscay Shelf,LME,2019,Istiophoridae,Billfishes,Large pelagics (>=90 cm),Tuna & billfishes,0.072079692,0.072079692,0.0,0.072079692,0.0,istiophoridae,4.48,exact_sea_around_us,Sea Around Us exploited organisms,high,Istiophoridae,33696.468277717824,2428.8310549456714
LME_024,Celtic-Biscay Shelf,LME,2019,Microcosmus vulgaris,Grooved sea squirt,Other demersal invertebrates,Other fishes & inverts,0.0718155813,0.0718155813,0.0,0.0718155813,0.0,microcosmus vulgaris,3.0,exact_sea_around_us,Sea Around Us exploited organisms,high,Microcosmus vulgaris,400.0,28.72623252
LME_024,Celtic-Biscay Shelf,LME,2019,Solen vagina,European razor clam,Other demersal invertebrates,Molluscs,0.06836544680000001,0.06836544680000001,0.0,0.0683649301,5.167e-07,solen vagina,2.0,exact_sea_around_us,Sea Around Us exploited organisms,high,Solen vagina,20.0,1.3673089360000001
LME_024,Celtic-Biscay Shelf,LME,2019,Rajella,Abyssal stingrays/skates,Small to medium rays (<90 cm),Sharks & rays,0.0677999999,0.0677999999,0.0,0.0677999999,0.0,rajella,3.75,exact_sea_around_us,Sea Around Us exploited organisms,high,Rajella,3782.966436012703,256.48512398336464
LME_024,Celtic-Biscay Shelf,LME,2019,Pandalus borealis,Northern prawn,Shrimps,Crustaceans,0.0673829719,0.0673829719,0.0,0.0673829719,0.0,pandalus borealis,3.07,exact_2020_supplement,2020 supplement MeanTL,high,Pandalus borealis,493.32382598718914,33.24162550409526
LME_024,Celtic-Biscay Shelf,LME,2019,Chlamys,Cloak scallops,Other demersal invertebrates,Molluscs,0.0568263155,0.0568263155,0.0,0.0568263155,0.0,chlamys,2.0,exact_sea_around_us,Sea Around Us exploited organisms,high,Chlamys,20.0,1.13652631
LME_024,Celtic-Biscay Shelf,LME,2019,Stromateidae,Butterfishes,Small benthopelagics (<30 cm),Perch-likes,0.0431343535,0.0431343535,0.0,0.0431343535,0.0,stromateidae,3.62,exact_sea_around_us,Sea Around Us exploited organisms,high,Stromateidae,2562.7048371775754,110.54061636297747
LME_024,Celtic-Biscay Shelf,LME,2019,Cyclopterus lumpus,Lumpfish,Medium benthopelagics (30 - 89 cm),Scorpionfishes,0.0423796978,0.0423796978,0.0,0.0423796978,0.0,cyclopterus lumpus,3.89,exact_2020_supplement,2020 supplement MeanTL,high,Cyclopterus lumpus,5754.090490759748,243.8566161122518
LME_024,Celtic-Biscay Shelf,LME,2019,Hexanchus griseus,Bluntnose sixgill shark,Large sharks (>=90 cm),Sharks & rays,0.039550113899999996,0.039550113899999996,0.0,0.0,0.039550113899999996,hexanchus griseus,4.48,exact_2020_supplement,2020 supplement MeanTL,high,Hexanchus griseus,33696.468277717824,1332.6991584114767
LME_024,Celtic-Biscay Shelf,LME,2019,Centrolophus niger,Rudderfish,Large bathypelagics (>=90 cm),Perch-likes,0.036000000000000004,0.036000000000000004,0.0,0.036000000000000004,0.0,centrolophus niger,3.92,exact_2020_supplement,2020 supplement MeanTL,high,Centrolophus niger,6295.1718073679995,226.626185065248
LME_024,Celtic-Biscay Shelf,LME,2019,Isurus,Mako sharks,Large sharks (>=90 cm),Sharks & rays,0.0343962581,0.0343962581,0.0,0.0343962581,0.0,isurus,4.5,exact_sea_around_us,Sea Around Us exploited organisms,high,Isurus,35777.08763999664,1230.597940531644
LME_024,Celtic-Biscay Shelf,LME,2019,Mya arenaria,Sand gaper,Other demersal invertebrates,Molluscs,0.0149556729,0.0149556729,0.0,0.0149556729,0.0,mya arenaria,2.31,exact_2020_supplement,2020 supplement MeanTL,high,Mya arenaria,50.62316502528833,0.7571034972809325
LME_024,Celtic-Biscay Shelf,LME,2019,Callionymus lyra,Dragonet,Large reef assoc. fish (>=90 cm),Perch-likes,0.014554741500000001,0.0071724868,0.0073822547,0.0071724868,0.0073822547,callionymus lyra,3.27,exact_2020_supplement,2020 supplement MeanTL,high,Callionymus lyra,898.1276980921442,13.072016479721203
LME_024,Celtic-Biscay Shelf,LME,2019,Epinephelus,"Seabasses, hinds",Medium reef assoc. fish (30 - 89 cm),Perch-likes,0.012986995,0.012986995,0.0,0.012986995,0.0,epinephelus,3.84,exact_sea_around_us,Sea Around Us exploited organisms,high,Epinephelus,4953.648510535111,64.33300843807693
LME_024,Celtic-Biscay Shelf,LME,2019,Ommastrephes bartramii,Neon flying squid,Cephalopods,Other fishes & inverts,0.012938402,0.012938402,0.0,0.012938402,0.0,ommastrephes bartramii,4.37,exact_2020_supplement,2020 supplement MeanTL,high,Ommastrephes bartramii,24236.56596112542,313.58243350455706
LME_024,Celtic-Biscay Shelf,LME,2019,Atherina presbyter,Sand smelt,Small pelagics (<30 cm),Other fishes & inverts,0.011323781100000001,0.011323781100000001,0.0,0.011323781100000001,0.0,atherina presbyter,3.67,exact_2020_supplement,2020 supplement MeanTL,high,Atherina presbyter,2976.8029570258213,33.70866506319311
LME_024,Celtic-Biscay Shelf,LME,2019,Spectrunculus grandis,Pudgy cuskeel,Large bathydemersals (>=90 cm),Other fishes & inverts,0.011,0.011,0.0,0.011,0.0,spectrunculus grandis,3.57,exact_2020_supplement,2020 supplement MeanTL,high,Spectrunculus grandis,2206.2112196552644,24.268323416207906
LME_024,Celtic-Biscay Shelf,LME,2019,Buglossidium luteum,Solenette,Small to medium flatfishes (<90 cm),Flatfishes,0.0109040841,0.0,0.0109040841,0.0,0.0109040841,buglossidium luteum,3.31,exact_2020_supplement,2020 supplement MeanTL,high,Buglossidium luteum,1012.4633005057666,11.03998497687845
LME_024,Celtic-Biscay Shelf,LME,2019,Dicentrarchus,Seabasses,Large demersals (>=90 cm),Perch-likes,0.0099392881,0.0099392881,0.0,0.0099392881,0.0,dicentrarchus,3.94,exact_sea_around_us,Sea Around Us exploited organisms,high,Dicentrarchus,6683.872968668722,66.43293905940071
LME_024,Celtic-Biscay Shelf,LME,2019,Asterias rubens,Red starfish,Other demersal invertebrates,Other fishes & inverts,0.0078907311,0.0,0.0078907311,0.0,0.0078907311,asterias rubens,3.0,exact_2020_supplement,2020 supplement MeanTL,high,Asterias rubens,400.0,3.1562924399999996
LME_024,Celtic-Biscay Shelf,LME,2019,Pandalus,Seabed shrimps,Shrimps,Crustaceans,0.0033294763999999998,0.0033294763999999998,0.0,0.0033294763999999998,0.0,pandalus,2.6,exact_sea_around_us,Sea Around Us exploited organisms,high,Pandalus,120.6835267309033,0.40181295411931167
LME_024,Celtic-Biscay Shelf,LME,2019,Holothuriidae,Fleshy sea cucumbers,Other demersal invertebrates,Other fishes & inverts,0.0028417813,0.0028417813,0.0,0.0028417813,0.0,holothuriidae,2.0,exact_sea_around_us,Sea Around Us exploited organisms,high,Holothuriidae,20.0,0.056835626
LME_024,Celtic-Biscay Shelf,LME,2019,Arnoglossus laterna,Mediterranean scaldfish,Small to medium flatfishes (<90 cm),Flatfishes,0.0014526509,0.0,0.0014526509,0.0,0.0014526509,arnoglossus laterna,3.59,exact_2020_supplement,2020 supplement MeanTL,high,Arnoglossus laterna,2342.4357563948306,3.4027414097191317
LME_024,Celtic-Biscay Shelf,LME,2019,Cetorhinus maximus,Basking shark,Large sharks (>=90 cm),Sharks & rays,0.0010663313,0.0010663313,0.0,0.0010663313,0.0,cetorhinus maximus,3.2,exact_2020_supplement,2020 supplement MeanTL,high,Cetorhinus maximus,728.2256812104325,0.776529837338506
LME_024,Celtic-Biscay Shelf,LME,2019,Chamelea gallina,Striped venus,Other demersal invertebrates,Molluscs,0.0010380072000000001,0.0010380072000000001,0.0,0.0010380072000000001,0.0,chamelea gallina,2.1,exact_sea_around_us,Sea Around Us exploited organisms,high,Chamelea gallina,26.985656953471274,0.028011306214433252
LME_024,Celtic-Biscay Shelf,LME,2019,Agonus cataphractus,Hooknose,Large reef assoc. fish (>=90 cm),Scorpionfishes,0.0007975634,0.0,0.0007975634,0.0,0.0007975634,agonus cataphractus,3.43,exact_2020_supplement,2020 supplement MeanTL,high,Agonus cataphractus,1450.450424461182,1.1568261720647033
LME_024,Celtic-Biscay Shelf,LME,2019,Zoarces viviparus,Eelpout,Medium demersals (30 - 89 cm),Perch-likes,0.0007836552,0.0,0.0007836552,0.0,0.0007836552,zoarces viviparus,3.47,exact_2020_supplement,2020 supplement MeanTL,high,Zoarces viviparus,1635.0991368927735,1.2813539411415338
LME_024,Celtic-Biscay Shelf,LME,2019,Lampris guttatus,Opah,Large bathypelagics (>=90 cm),Other fishes & inverts,0.0004602258,0.0004602258,0.0,0.0004602258,0.0,lampris guttatus,4.22,exact_2020_supplement,2020 supplement MeanTL,high,Lampris guttatus,15463.812886046735,7.116845656531167
LME_024,Celtic-Biscay Shelf,LME,2019,Holothuroidea,Sea cucumbers,Other demersal invertebrates,Other fishes & inverts,8.87476e-05,8.87476e-05,0.0,4.15448e-05,4.72028e-05,holothuroidea,2.0,exact_sea_around_us,Sea Around Us exploited organisms,high,Holothuroidea,20.0,0.001774952
LME_024,Celtic-Biscay Shelf,LME,2019,Trachinus,Weevers,Medium demersals (30 - 89 cm),Perch-likes,7.65286e-05,7.65286e-05,0.0,7.65286e-05,0.0,trachinus,3.95,exact_sea_around_us,Sea Around Us exploited organisms,high,Trachinus,6887.133274653882,0.527062667522677
LME_024,Celtic-Biscay Shelf,LME,2019,Rutilus rutilus,Roach,Medium benthopelagics (30 - 89 cm),Other fishes & inverts,1.01149e-05,1.01149e-05,0.0,1.01149e-05,0.0,rutilus rutilus,2.96,exact_2020_supplement,2020 supplement MeanTL,high,Rutilus rutilus,354.8287419972627,0.0035890572424281124
LME_024,Celtic-Biscay Shelf,LME,2019,Scardinius erythrophthalmus,Rudd,Medium benthopelagics (30 - 89 cm),Other fishes & inverts,5.2852e-06,5.2852e-06,0.0,5.2852e-06,0.0,scardinius erythrophthalmus,2.89,exact_2020_supplement,2020 supplement MeanTL,high,Scardinius erythrophthalmus,287.70452453798737,0.0015205759530881708
LME_024,Celtic-Biscay Shelf,LME,2019,Esox lucius,Northern pike,Large demersals (>=90 cm),"Salmon, smelts, etc",4.7791000000000005e-06,4.7791000000000005e-06,0.0,4.7791000000000005e-06,0.0,esox lucius,4.07,exact_2020_supplement,2020 supplement MeanTL,high,Esox lucius,9866.476519743796,0.04715287793550758
LME_024,Celtic-Biscay Shelf,LME,2019,Thunnus,Tunas,Large pelagics (>=90 cm),Tuna & billfishes,4.4822e-06,4.4822e-06,0.0,4.4822e-06,0.0,thunnus,4.34,exact_sea_around_us,Sea Around Us exploited organisms,high,Thunnus,22153.389612394185,0.09929592292067321
LME_024,Celtic-Biscay Shelf,LME,2019,Cyprinidae,"Carps, barbels, other cyprinids",Medium demersals (30 - 89 cm),Other fishes & inverts,4.1252e-06,4.1252e-06,0.0,4.1252e-06,0.0,cyprinidae,2.8,exact_sea_around_us,Sea Around Us exploited organisms,high,Cyprinidae,219.71210866122343,0.0009063563906492789
LME_024,Celtic-Biscay Shelf,LME,2019,Haemulidae,"Grunts, sweetlips, bonnetmouths",Medium demersals (30 - 89 cm),Perch-likes,2.7421e-06,2.7421e-06,0.0,1.0673000000000001e-06,1.6747999999999998e-06,haemulidae,3.36,exact_sea_around_us,Sea Around Us exploited organisms,high,Haemulidae,1176.0635493805207,0.003224883858756326
LME_024,Celtic-Biscay Shelf,LME,2019,Umbrina cirrosa,Shi drum,Medium demersals (30 - 89 cm),Perch-likes,2.2366000000000003e-06,2.2366000000000003e-06,0.0,2.2366000000000003e-06,0.0,umbrina cirrosa,3.46,exact_2020_supplement,2020 supplement MeanTL,high,Umbrina cirrosa,1586.8423749532276,0.0035491316558203894
LME_024,Celtic-Biscay Shelf,LME,2019,Scyllaridae,Slipper lobsters,"Lobsters, crabs",Crustaceans,2.0088e-06,2.0088e-06,0.0,2.0088e-06,0.0,scyllaridae,2.87,exact_sea_around_us,Sea Around Us exploited organisms,high,Scyllaridae,270.9730451511698,0.0005443306530996699
LME_024,Celtic-Biscay Shelf,LME,2019,Donax trunculus,Truncate donax,Other demersal invertebrates,Molluscs,5.716000000000001e-07,5.716000000000001e-07,0.0,0.0,5.716000000000001e-07,donax trunculus,2.0,exact_sea_around_us,Sea Around Us exploited organisms,high,Donax trunculus,20.0,1.1432000000000002e-05
LME_024,Celtic-Biscay Shelf,LME,2019,Ammodytes tobianus,Small sandeel,Small demersals (<30 cm),Perch-likes,4.7659999999999997e-07,4.7659999999999997e-07,0.0,4.7659999999999997e-07,0.0,ammodytes tobianus,3.08,exact_2020_supplement,2020 supplement MeanTL,high,Ammodytes tobianus,508.32607876637354,0.0002422682091400536
