unit_id,region_name,region_type,year,taxon,common_name,functional_group,commercial_group,catch_tonnes,landings_tonnes,discards_tonnes,reported_tonnes,unreported_tonnes,taxon_key,tl,match_method,tl_source,match_confidence,reference_taxon,sppr,ppr
LME_045,Northwest Australian Shelf,LME,2019,Sardinops sagax,South American pilchard,Medium pelagics (30 - 89 cm),Herring-likes,18306.457332709702,18306.457332709702,0.0,16091.3493276265,2215.1080050832,sardinops sagax,2.84,exact_2020_supplement,2020 supplement MeanTL,high,Sardinops sagax,69.18309709189363,1266497.4150574633
LME_045,Northwest Australian Shelf,LME,2019,Marine fishes not identified,Marine fishes nei,Medium demersals (30 - 89 cm),Other fishes & inverts,3023.8264395021997,2907.2002321033997,116.6262073988,2603.9682229975997,419.85821650459997,marine fishes not identified,3.28,exact_sea_around_us,Sea Around Us exploited organisms,high,Marine fishes not identified,190.54607179632464,576178.2498410109
LME_045,Northwest Australian Shelf,LME,2019,Platycephalidae,Flatheads,Medium demersals (30 - 89 cm),Scorpionfishes,2584.458237318,2542.2976818677002,42.1605554503,1705.6185384080002,878.83969891,platycephalidae,3.9,exact_sea_around_us,Sea Around Us exploited organisms,high,Platycephalidae,794.3282347242813,2052908.1493674347
LME_045,Northwest Australian Shelf,LME,2019,Penaeidae,Commercial shrimps and prawns,Shrimps,Crustaceans,1280.0897738997,1278.3081541869,1.7816197128,1277.4456978678002,2.6440760319,penaeidae,3.31,exact_sea_around_us,Sea Around Us exploited organisms,high,Penaeidae,204.17379446695296,261360.78639544564
LME_045,Northwest Australian Shelf,LME,2019,Sillaginidae,Smelt-whitings,Medium demersals (30 - 89 cm),Perch-likes,900.6891830104,900.6891830104,0.0,475.8345488882,424.8546341222,sillaginidae,3.25,exact_sea_around_us,Sea Around Us exploited organisms,high,Sillaginidae,177.82794100389228,160167.70289921734
LME_045,Northwest Australian Shelf,LME,2019,Haliotis,Abalones,Other demersal invertebrates,Molluscs,825.3882398116999,825.3882398116999,0.0,820.2809686582,5.1072711535,haliotis,2.0,exact_sea_around_us,Sea Around Us exploited organisms,high,Haliotis,10.0,8253.882398116999
LME_045,Northwest Australian Shelf,LME,2019,Trachurus declivis,Greenback horse mackerel,Medium benthopelagics (30 - 89 cm),Perch-likes,790.5423838996,771.1615208628,19.3808630368,771.1615111131,19.3808727865,trachurus declivis,3.93,exact_2020_supplement,2020 supplement MeanTL,high,Trachurus declivis,851.1380382023768,672860.6937481358
LME_045,Northwest Australian Shelf,LME,2019,Pagrus auratus,Silver seabream,Large demersals (>=90 cm),Perch-likes,775.3426873108001,775.3426873108001,0.0,748.5314025678,26.811284743,pagrus auratus,3.59,exact_2020_supplement,2020 supplement MeanTL,high,Pagrus auratus,389.04514499428046,301643.3082050853
LME_045,Northwest Australian Shelf,LME,2019,Penaeus latisulcatus,Western king prawn,Shrimps,Crustaceans,741.5304069433,741.5304069433,0.0,741.5303327148999,7.42284e-05,penaeus latisulcatus,2.7,exact_sea_around_us,Sea Around Us exploited organisms,high,Penaeus latisulcatus,50.11872336272725,37164.557330641815
LME_045,Northwest Australian Shelf,LME,2019,Sillago,Smelt-whitings,Medium demersals (30 - 89 cm),Perch-likes,741.2588463227,732.3349643776,8.9238819451,630.9743819118,110.28446441089999,sillago,3.33,exact_sea_around_us,Sea Around Us exploited organisms,high,Sillago,213.79620895022325,158478.3311946094
LME_045,Northwest Australian Shelf,LME,2019,Penaeus,Tiger prawns,Shrimps,Crustaceans,698.9796784540999,698.9796784540999,0.0,698.9745772927,0.0051011614,penaeus,2.7,exact_sea_around_us,Sea Around Us exploited organisms,high,Penaeus,50.11872336272725,35031.96914060908
LME_045,Northwest Australian Shelf,LME,2019,Sardinella lemuru,Bali sardinella,Small pelagics (<30 cm),Herring-likes,575.3266486436,575.3266486436,0.0,575.326640701,7.9426e-06,sardinella lemuru,2.48,exact_2020_supplement,2020 supplement MeanTL,high,Sardinella lemuru,30.19951720402016,17374.58702364366
LME_045,Northwest Australian Shelf,LME,2019,Labridae,"Wrasses, gropers, tuskfishes",Medium reef assoc. fish (30 - 89 cm),Perch-likes,573.7624595227,573.7624595227,0.0,115.83499673860001,457.92746278410004,labridae,3.46,exact_sea_around_us,Sea Around Us exploited organisms,high,Labridae,288.40315031266056,165474.90085748708
LME_045,Northwest Australian Shelf,LME,2019,Loliginidae,Common pencil squids,Cephalopods,Other fishes & inverts,483.605620408,483.3707036779,0.2349167301,482.2839044562,1.3217159518000001,loliginidae,3.9,exact_sea_around_us,Sea Around Us exploited organisms,high,Loliginidae,794.3282347242813,384141.5987614275
LME_045,Northwest Australian Shelf,LME,2019,Sparidae,"Porgies, seabreams",Medium benthopelagics (30 - 89 cm),Perch-likes,454.9396523338,454.9396523338,0.0,123.36541995600001,331.5742323778,sparidae,3.31,exact_sea_around_us,Sea Around Us exploited organisms,high,Sparidae,204.17379446695296,92886.75507046831
LME_045,Northwest Australian Shelf,LME,2019,Portunus pelagicus,Blue swimming crab,"Lobsters, crabs",Crustaceans,403.8306551169,403.8306551169,0.0,270.6758662239,133.15478889300002,portunus pelagicus,2.48,exact_2020_supplement,2020 supplement MeanTL,high,Portunus pelagicus,30.19951720402016,12195.490816713555
LME_045,Northwest Australian Shelf,LME,2019,Monacanthidae,Filefishes,Medium reef assoc. fish (30 - 89 cm),Other fishes & inverts,402.1560059455,232.7540743421,169.4019316034,189.07366426980002,213.08234167569998,monacanthidae,3.0,exact_sea_around_us,Sea Around Us exploited organisms,high,Monacanthidae,100.0,40215.60059455
LME_045,Northwest Australian Shelf,LME,2019,Pristipomoides multidens,Goldbanded jobfish,Medium demersals (30 - 89 cm),Perch-likes,358.6488379391,358.6488379391,0.0,302.7890185249,55.8598194142,pristipomoides multidens,3.84,exact_2020_supplement,2020 supplement MeanTL,high,Pristipomoides multidens,691.8309709189363,248124.3737703558
LME_045,Northwest Australian Shelf,LME,2019,Sphyraenidae,Barracudas,Medium reef assoc. fish (30 - 89 cm),Perch-likes,356.3302109824,355.8470710696,0.4831399128,13.051948012199999,343.2782629702,sphyraenidae,4.4,exact_sea_around_us,Sea Around Us exploited organisms,high,Sphyraenidae,2511.886431509582,895061.0221036372
LME_045,Northwest Australian Shelf,LME,2019,Lutjanus,Snappers,Medium reef assoc. fish (30 - 89 cm),Perch-likes,347.6155391084,347.6155391084,0.0,202.206157318,145.4093817904,lutjanus,4.02,exact_sea_around_us,Sea Around Us exploited organisms,high,Lutjanus,1047.1285480508984,363998.1547465092
LME_045,Northwest Australian Shelf,LME,2019,Scomberomorus commerson,Narrow-barred Spanish mackerel,Large pelagics (>=90 cm),Perch-likes,339.45829966409997,339.45829966409997,0.0,147.5627594285,191.8955402356,scomberomorus commerson,4.5,exact_2020_supplement,2020 supplement MeanTL,high,Scomberomorus commerson,3162.2776601683795,1073461.3975865266
LME_045,Northwest Australian Shelf,LME,2019,Panulirus cygnus,Australian spiny lobster,"Lobsters, crabs",Crustaceans,330.9267898775,330.9267898775,0.0,243.4785776997,87.4482121778,panulirus cygnus,2.6,exact_sea_around_us,Sea Around Us exploited organisms,high,Panulirus cygnus,39.810717055349734,13174.432797848329
LME_045,Northwest Australian Shelf,LME,2019,Lethrinus,Emperors,Medium reef assoc. fish (30 - 89 cm),Perch-likes,278.475904708,278.475904708,0.0,180.7884561941,97.6874485139,lethrinus,3.75,exact_sea_around_us,Sea Around Us exploited organisms,high,Lethrinus,562.341325190349,156598.50928707805
LME_045,Northwest Australian Shelf,LME,2019,Carangidae,"Jacks, pompanos",Medium pelagics (30 - 89 cm),Perch-likes,275.3020930317,271.1248422403,4.1772507914,159.6471981118,115.6548949199,carangidae,4.05,exact_sea_around_us,Sea Around Us exploited organisms,high,Carangidae,1122.018454301963,308894.02888952324
LME_045,Northwest Australian Shelf,LME,2019,Haliotidae,"Abalones, ear shells",Other demersal invertebrates,Molluscs,265.6566231946,265.6566231946,0.0,260.9274730949,4.7291500997,haliotidae,2.0,exact_sea_around_us,Sea Around Us exploited organisms,high,Haliotidae,10.0,2656.566231946
LME_045,Northwest Australian Shelf,LME,2019,Berycidae,"Alfonsinos, redfishes",Medium benthopelagics (30 - 89 cm),Other fishes & inverts,245.3438713187,245.3438713187,0.0,237.1922143237,8.151656995,berycidae,3.99,exact_sea_around_us,Sea Around Us exploited organisms,high,Berycidae,977.2372209558112,239759.16298602652
LME_045,Northwest Australian Shelf,LME,2019,Epinephelus multinotatus,White-blotched grouper,Medium reef assoc. fish (30 - 89 cm),Perch-likes,240.8584405749,240.8584405749,0.0,76.6881504383,164.1702901366,epinephelus multinotatus,3.86,exact_2020_supplement,2020 supplement MeanTL,high,Epinephelus multinotatus,724.4359600749899,174486.51564004258
LME_045,Northwest Australian Shelf,LME,2019,Octopodidae,Octopuses,Cephalopods,Other fishes & inverts,232.0993815507,232.0993815507,0.0,229.14865901430002,2.9507225364000003,octopodidae,3.59,exact_sea_around_us,Sea Around Us exploited organisms,high,Octopodidae,389.04514499428046,90297.1375484749
LME_045,Northwest Australian Shelf,LME,2019,Thunnus albacares,Yellowfin tuna,Large pelagics (>=90 cm),Tuna & billfishes,222.397733159,222.397733159,0.0,209.66245053400002,12.735282625,thunnus albacares,4.41,exact_2020_supplement,2020 supplement MeanTL,high,Thunnus albacares,2570.3957827688646,571650.1954092489
LME_045,Northwest Australian Shelf,LME,2019,Portunus,Swimmer crabs,"Lobsters, crabs",Crustaceans,218.2372453614,218.2372453614,0.0,218.2372453614,0.0,portunus,3.26,exact_sea_around_us,Sea Around Us exploited organisms,high,Portunus,181.97008586099827,39712.650276481705
LME_045,Northwest Australian Shelf,LME,2019,Thunnus obesus,Bigeye tuna,Large pelagics (>=90 cm),Tuna & billfishes,201.8388605527,201.8388605527,0.0,200.9173931384,0.9214674143,thunnus obesus,4.49,exact_2020_supplement,2020 supplement MeanTL,high,Thunnus obesus,3090.295432513592,623741.7088697567
LME_045,Northwest Australian Shelf,LME,2019,Lutjanus erythropterus,Crimson snapper,Medium reef assoc. fish (30 - 89 cm),Perch-likes,172.1587809125,172.1587809125,0.0,150.8574397525,21.30134116,lutjanus erythropterus,4.5,exact_2020_supplement,2020 supplement MeanTL,high,Lutjanus erythropterus,3162.2776601683795,544413.8668814212
LME_045,Northwest Australian Shelf,LME,2019,Portunus armatus,Blue swimmer crab,"Lobsters, crabs",Crustaceans,171.9691625622,171.9691625622,0.0,0.0,171.9691625622,portunus armatus,3.26,exact_sea_around_us,Sea Around Us exploited organisms,high,Portunus armatus,181.97008586099827,31293.243276887504
LME_045,Northwest Australian Shelf,LME,2019,Mugilidae,"Mullets, grey mullets",Medium reef assoc. fish (30 - 89 cm),Perch-likes,152.5719095461,152.5719095461,0.0,121.1203056469,31.451603899200002,mugilidae,2.53,exact_sea_around_us,Sea Around Us exploited organisms,high,Mugilidae,33.88441561392024,5169.8099940694965
LME_045,Northwest Australian Shelf,LME,2019,Lethrinus nebulosus,Spangled emperor,Medium demersals (30 - 89 cm),Perch-likes,152.4608400687,152.4608400687,0.0,42.8801042367,109.580735832,lethrinus nebulosus,3.76,exact_2020_supplement,2020 supplement MeanTL,high,Lethrinus nebulosus,575.4399373371566,87732.05625550299
LME_045,Northwest Australian Shelf,LME,2019,Hemiramphidae,"Halfbeaks, garfishes",Medium pelagics (30 - 89 cm),Other fishes & inverts,150.2614052593,150.2614052593,0.0,123.56346783279999,26.6979374265,hemiramphidae,2.82,exact_sea_around_us,Sea Around Us exploited organisms,high,Hemiramphidae,66.06934480075958,9927.672594323361
LME_045,Northwest Australian Shelf,LME,2019,Lutjanus malabaricus,Malabar blood snapper,Medium reef assoc. fish (30 - 89 cm),Perch-likes,148.3855935565,148.3855935565,0.0,107.94788261939999,40.4377109371,lutjanus malabaricus,4.48,exact_2020_supplement,2020 supplement MeanTL,high,Lutjanus malabaricus,3019.951720402019,448117.32854382694
LME_045,Northwest Australian Shelf,LME,2019,Donax,Bean clams,Other demersal invertebrates,Molluscs,145.530090534,145.530090534,0.0,141.112202262,4.417888272,donax,2.0,exact_sea_around_us,Sea Around Us exploited organisms,high,Donax,10.0,1455.30090534
LME_045,Northwest Australian Shelf,LME,2019,Serranidae,"Basses, groupers, hinds",Medium reef assoc. fish (30 - 89 cm),Perch-likes,144.5601596033,144.5601596033,0.0,18.0125952282,126.54756437510001,serranidae,3.98,exact_sea_around_us,Sea Around Us exploited organisms,high,Serranidae,954.992586021436,138053.880655227
LME_045,Northwest Australian Shelf,LME,2019,Katsuwonus pelamis,Skipjack tuna,Large pelagics (>=90 cm),Tuna & billfishes,142.9759882469,142.9759882469,0.0,138.6535640942,4.3224241527,katsuwonus pelamis,4.43,exact_2020_supplement,2020 supplement MeanTL,high,Katsuwonus pelamis,2691.534803926914,384824.8484923767
LME_045,Northwest Australian Shelf,LME,2019,Teuthida,Squids,Cephalopods,Other fishes & inverts,140.66831394000002,140.66831394000002,0.0,58.6229637391,82.0453502009,teuthida,4.13,exact_sea_around_us,Sea Around Us exploited organisms,high,Teuthida,1348.9628825916532,189756.33426181006
LME_045,Northwest Australian Shelf,LME,2019,Galeorhinus galeus,Tope shark,Large sharks (>=90 cm),Sharks & rays,138.600465024,138.600465024,0.0,138.4877154164,0.1127496076,galeorhinus galeus,4.34,exact_2020_supplement,2020 supplement MeanTL,high,Galeorhinus galeus,2187.761623949552,303224.7784410693
LME_045,Northwest Australian Shelf,LME,2019,Carcharhinus brachyurus,Copper shark,Large sharks (>=90 cm),Sharks & rays,138.2704051523,138.2704051523,0.0,129.5553053899,8.7150997624,carcharhinus brachyurus,4.5,exact_2020_supplement,2020 supplement MeanTL,high,Carcharhinus brachyurus,3162.2776601683795,437249.4132755491
LME_045,Northwest Australian Shelf,LME,2019,Sciaenidae,"Drums, croakers",Medium demersals (30 - 89 cm),Perch-likes,132.1312310518,113.55526300769999,18.5759680441,31.7147864047,100.4164446471,sciaenidae,3.76,exact_sea_around_us,Sea Around Us exploited organisms,high,Sciaenidae,575.4399373371566,76033.58731672916
LME_045,Northwest Australian Shelf,LME,2019,Cephalopoda,"Squids, cuttlefishes, octopuses",Cephalopods,Other fishes & inverts,132.0335907288,132.0335907288,0.0,50.945526426200004,81.0880643026,cephalopoda,3.81,exact_sea_around_us,Sea Around Us exploited organisms,high,Cephalopoda,645.6542290346556,85248.04622868061
LME_045,Northwest Australian Shelf,LME,2019,Polynemidae,Threadfins,Small demersals (<30 cm),Perch-likes,128.1469013712,113.2357497021,14.9111516691,48.6889954936,79.4579058776,polynemidae,3.62,exact_sea_around_us,Sea Around Us exploited organisms,high,Polynemidae,416.8693834703355,53420.51976824603
LME_045,Northwest Australian Shelf,LME,2019,Metapenaeus endeavouri,Endeavour shrimp,Shrimps,Crustaceans,118.0621271787,118.0621271787,0.0,118.0621271787,0.0,metapenaeus endeavouri,2.7,exact_sea_around_us,Sea Around Us exploited organisms,high,Metapenaeus endeavouri,50.11872336272725,5917.123091684388
LME_045,Northwest Australian Shelf,LME,2019,Nemipteridae,"Threadfins, whiptail breams",Small demersals (<30 cm),Perch-likes,115.60099999410001,103.1858820628,12.4151179313,97.54500243150001,18.055997562599998,nemipteridae,3.51,exact_sea_around_us,Sea Around Us exploited organisms,high,Nemipteridae,323.5936569296281,37407.750332812735
LME_045,Northwest Australian Shelf,LME,2019,Istiompax indica,Black marlin,Large pelagics (>=90 cm),Tuna & billfishes,109.7338691971,109.7338691971,0.0,19.9522619973,89.7816071998,istiompax indica,4.5,exact_2020_supplement,2020 supplement MeanTL,high,Istiompax indica,3162.2776601683795,347008.9631258284
LME_045,Northwest Australian Shelf,LME,2019,Zenopsis nebulosa,Mirror dory,Medium bathydemersals (30 - 89 cm),Other fishes & inverts,109.2734173858,93.1313156317,16.1421017541,93.1126805432,16.160736842600002,zenopsis nebulosa,3.98,exact_2020_supplement,2020 supplement MeanTL,high,Zenopsis nebulosa,954.992586021436,104355.30345266488
LME_045,Northwest Australian Shelf,LME,2019,Carcharhinus plumbeus,Sandbar shark,Large sharks (>=90 cm),Sharks & rays,103.8730469648,103.8730469648,0.0,85.8080392423,18.0650077225,carcharhinus plumbeus,4.49,exact_2020_supplement,2020 supplement MeanTL,high,Carcharhinus plumbeus,3090.295432513592,320998.4025965913
LME_045,Northwest Australian Shelf,LME,2019,Engraulidae,"Anchovies, round herrings",Small pelagics (<30 cm),Anchovies,99.5253381446,89.7617994582,9.7635386864,81.87909079479999,17.6462473498,engraulidae,3.2,exact_sea_around_us,Sea Around Us exploited organisms,high,Engraulidae,158.48931924611142,15773.7030902767
LME_045,Northwest Australian Shelf,LME,2019,Pinna bicolor,Bicolor pen shell,Other demersal invertebrates,Molluscs,96.95377265,96.95377265,0.0,0.0,96.95377265,pinna bicolor,2.0,exact_sea_around_us,Sea Around Us exploited organisms,high,Pinna bicolor,10.0,969.5377265000001
LME_045,Northwest Australian Shelf,LME,2019,Perciformes,Perch-likes,Medium demersals (30 - 89 cm),Perch-likes,94.7144072933,91.7868445202,2.9275627731,67.8541795334,26.8602277599,perciformes,3.53,exact_sea_around_us,Sea Around Us exploited organisms,high,Perciformes,338.84415613920237,32093.423413522953
LME_045,Northwest Australian Shelf,LME,2019,Trachurus,"Jacks, horse mackerels",Medium pelagics (30 - 89 cm),Perch-likes,92.4227404317,92.4227404317,0.0,88.17845445420001,4.2442859775,trachurus,3.69,exact_sea_around_us,Sea Around Us exploited organisms,high,Trachurus,489.77881936844614,45266.70069143438
LME_045,Northwest Australian Shelf,LME,2019,Squaliformes,"Bramble, sleeper, dogfish sharks",Large sharks (>=90 cm),Sharks & rays,92.1858607386,38.5782992905,53.6075614481,38.5782171233,53.6076436153,squaliformes,4.19,exact_sea_around_us,Sea Around Us exploited organisms,high,Squaliformes,1548.8166189124827,142778.99314069544
LME_045,Northwest Australian Shelf,LME,2019,Carcharhinus obscurus,Dusky shark,Large sharks (>=90 cm),Sharks & rays,92.0693504034,92.0693504034,0.0,91.1282173452,0.9411330582,carcharhinus obscurus,4.28,exact_2020_supplement,2020 supplement MeanTL,high,Carcharhinus obscurus,1905.4607179632483,175434.53052207243
LME_045,Northwest Australian Shelf,LME,2019,Palinuridae,Spiny lobsters,"Lobsters, crabs",Crustaceans,90.8996069761,90.8996069761,0.0,3.3542314937,87.54537548239999,palinuridae,3.14,exact_sea_around_us,Sea Around Us exploited organisms,high,Palinuridae,138.03842646028852,12547.638712839509
LME_045,Northwest Australian Shelf,LME,2019,Octopus,"Octopuses, pikas",Cephalopods,Other fishes & inverts,90.4419924866,90.4419924866,0.0,89.8020251403,0.6399673463,octopus,3.8,exact_sea_around_us,Sea Around Us exploited organisms,high,Octopus,630.957344480193,57065.039408842706
LME_045,Northwest Australian Shelf,LME,2019,Leiognathidae,"Slipmouths, ponyfishes",Small benthopelagics (<30 cm),Perch-likes,86.63924346259999,86.16681098229999,0.4724324803,57.5014950094,29.1377484532,leiognathidae,3.24,exact_sea_around_us,Sea Around Us exploited organisms,high,Leiognathidae,173.78008287493762,15056.174909152523
LME_045,Northwest Australian Shelf,LME,2019,Lethrinus miniatus,Trumpet emperor,Medium reef assoc. fish (30 - 89 cm),Perch-likes,84.09432251289999,84.09432251289999,0.0,39.3759977356,44.7183247773,lethrinus miniatus,4.19,exact_2020_supplement,2020 supplement MeanTL,high,Lethrinus miniatus,1548.8166189124827,130246.68426416564
LME_045,Northwest Australian Shelf,LME,2019,Triakidae,Houndsharks,Large sharks (>=90 cm),Sharks & rays,82.7543645472,82.7543645472,0.0,80.9603190466,1.7940455006,triakidae,3.82,exact_sea_around_us,Sea Around Us exploited organisms,high,Triakidae,660.6934480075957,54675.266450367104
LME_045,Northwest Australian Shelf,LME,2019,Marine pelagic fishes not identified,Pelagic fishes,Medium pelagics (30 - 89 cm),Other fishes & inverts,82.2451121905,82.2451121905,0.0,82.2451121905,0.0,marine pelagic fishes not identified,3.35,exact_sea_around_us,Sea Around Us exploited organisms,high,Marine pelagic fishes not identified,223.872113856834,18412.3871204797
LME_045,Northwest Australian Shelf,LME,2019,Zeidae,Dories,Medium bathydemersals (30 - 89 cm),Other fishes & inverts,82.1819526208,82.1819526208,0.0,82.1229022788,0.059050342,zeidae,4.49,exact_sea_around_us,Sea Around Us exploited organisms,high,Zeidae,3090.295432513592,253966.51281910666
LME_045,Northwest Australian Shelf,LME,2019,Sepia,Sepia cuttlefishes,Cephalopods,Other fishes & inverts,79.4676559223,79.4676559223,0.0,54.464187823900005,25.0034680984,sepia,3.69,exact_sea_around_us,Sea Around Us exploited organisms,high,Sepia,489.77881936844614,38921.574695602
LME_045,Northwest Australian Shelf,LME,2019,Gymnocranius grandoculis,Blue-lined large-eye bream,Medium reef assoc. fish (30 - 89 cm),Perch-likes,75.1540325152,75.1540325152,0.0,19.7910662377,55.3629662775,gymnocranius grandoculis,3.76,exact_2020_supplement,2020 supplement MeanTL,high,Gymnocranius grandoculis,575.4399373371566,43246.63176118132
LME_045,Northwest Australian Shelf,LME,2019,Lates calcarifer,Barramundi,Large demersals (>=90 cm),Perch-likes,72.9304770802,72.9304770802,0.0,25.159052493,47.7714245872,lates calcarifer,4.35,exact_2020_supplement,2020 supplement MeanTL,high,Lates calcarifer,2238.7211385683377,163271.0006853174
LME_045,Northwest Australian Shelf,LME,2019,Mugil cephalus,Flathead grey mullet,Large benthopelagics (>=90 cm),Perch-likes,71.8273226581,71.8273226581,0.0,56.2026981966,15.6246244615,mugil cephalus,2.14,exact_2020_supplement,2020 supplement MeanTL,high,Mugil cephalus,13.803842646028853,991.4930596579553
LME_045,Northwest Australian Shelf,LME,2019,Elasmobranchii,"Sharks, rays, skates",Large sharks (>=90 cm),Sharks & rays,71.4717486475,71.4297776397,0.0419710078,8.270569783000001,63.2011788645,elasmobranchii,4.05,exact_sea_around_us,Sea Around Us exploited organisms,high,Elasmobranchii,1122.018454301963,80192.62094372635
LME_045,Northwest Australian Shelf,LME,2019,Ariidae,"Sea catfishes, coblers",Medium demersals (30 - 89 cm),Other fishes & inverts,69.8448135812,69.13177142970001,0.7130421515,53.920978352400006,15.9238352288,ariidae,3.48,exact_sea_around_us,Sea Around Us exploited organisms,high,Ariidae,301.9951720402016,21092.796493570306
LME_045,Northwest Australian Shelf,LME,2019,Marine finfishes not identified,Finfishes,Medium demersals (30 - 89 cm),Other fishes & inverts,69.6782957439,44.1468211525,25.5314745914,44.1322886092,25.546007134699998,marine finfishes not identified,3.23,exact_sea_around_us,Sea Around Us exploited organisms,high,Marine finfishes not identified,169.82436524617444,11833.072346143035
LME_045,Northwest Australian Shelf,LME,2019,Decapoda,"Crabs, lobsters, shrimps","Lobsters, crabs",Crustaceans,68.7157804915,68.4023463251,0.3134341664,68.4023463251,0.3134341664,decapoda,3.43,exact_sea_around_us,Sea Around Us exploited organisms,high,Decapoda,269.1534803926917,18495.09147718745
LME_045,Northwest Australian Shelf,LME,2019,Terapon,Terapons,Medium demersals (30 - 89 cm),Perch-likes,63.6138415923,63.6138415923,0.0,0.0,63.6138415923,terapon,3.5,exact_sea_around_us,Sea Around Us exploited organisms,high,Terapon,316.22776601683796,20116.46301448204
LME_045,Northwest Australian Shelf,LME,2019,Xiphias gladius,Swordfish,Large pelagics (>=90 cm),Tuna & billfishes,60.3621700436,60.3621700436,0.0,54.822661456599995,5.539508587,xiphias gladius,4.53,exact_2020_supplement,2020 supplement MeanTL,high,Xiphias gladius,3388.4415613920273,204533.68571154706
LME_045,Northwest Australian Shelf,LME,2019,Rachycentron canadum,Cobia,Large pelagics (>=90 cm),Perch-likes,60.1020277927,60.1020277927,0.0,9.6140161401,50.4880116526,rachycentron canadum,3.96,exact_2020_supplement,2020 supplement MeanTL,high,Rachycentron canadum,912.0108393559096,54813.700814212534
LME_045,Northwest Australian Shelf,LME,2019,Mullidae,Goatfishes,Medium reef assoc. fish (30 - 89 cm),Perch-likes,59.9438151783,52.6468369948,7.2969781835,33.5123469493,26.431468229000004,mullidae,3.46,exact_sea_around_us,Sea Around Us exploited organisms,high,Mullidae,288.40315031266056,17287.985139181597
LME_045,Northwest Australian Shelf,LME,2019,Haemulidae,"Grunts, sweetlips, bonnetmouths",Medium demersals (30 - 89 cm),Perch-likes,58.0949029196,50.5041427515,7.5907601681,37.5721200833,20.5227828363,haemulidae,3.36,exact_sea_around_us,Sea Around Us exploited organisms,high,Haemulidae,229.08676527677724,13308.773388919566
LME_045,Northwest Australian Shelf,LME,2019,Epinephelus coioides,Orange-spotted grouper,Large reef assoc. fish (>=90 cm),Perch-likes,56.0709119801,56.0709119801,0.0,9.756785287,46.3141266931,epinephelus coioides,4.0,exact_2020_supplement,2020 supplement MeanTL,high,Epinephelus coioides,1000.0,56070.9119801
LME_045,Northwest Australian Shelf,LME,2019,Epinephelus,"Seabasses, hinds",Medium reef assoc. fish (30 - 89 cm),Perch-likes,55.760369230900004,55.760369230900004,0.0,31.4214655713,24.3389036596,epinephelus,3.84,exact_sea_around_us,Sea Around Us exploited organisms,high,Epinephelus,691.8309709189363,38576.75038381193
LME_045,Northwest Australian Shelf,LME,2019,Thunnus alalunga,Albacore,Large pelagics (>=90 cm),Tuna & billfishes,55.424521862,55.424521862,0.0,55.422554907599995,0.0019669544,thunnus alalunga,4.3,exact_2020_supplement,2020 supplement MeanTL,high,Thunnus alalunga,1995.2623149688789,110586.45979641736
LME_045,Northwest Australian Shelf,LME,2019,Scombridae,"Mackerels, tunas, bonitos",Medium pelagics (30 - 89 cm),Perch-likes,55.241176889,55.241176889,0.0,8.814651975699999,46.4265249133,scombridae,4.26,exact_sea_around_us,Sea Around Us exploited organisms,high,Scombridae,1819.7008586099826,100522.41701553923
LME_045,Northwest Australian Shelf,LME,2019,Diodontidae,"Porcupine-, burrfishes",Medium reef assoc. fish (30 - 89 cm),Other fishes & inverts,53.7775867089,0.0,53.7775867089,0.0,53.7775867089,diodontidae,3.36,exact_sea_around_us,Sea Around Us exploited organisms,high,Diodontidae,229.08676527677724,12319.73338353331
LME_045,Northwest Australian Shelf,LME,2019,Prionace glauca,Blue shark,Large sharks (>=90 cm),Sharks & rays,48.6040627138,48.6040627138,0.0,46.1849315147,2.4191311991,prionace glauca,4.35,exact_2020_supplement,2020 supplement MeanTL,high,Prionace glauca,2238.7211385683377,108810.94261768521
LME_045,Northwest Australian Shelf,LME,2019,Pomatomus saltatrix,Bluefish,Large pelagics (>=90 cm),Perch-likes,46.6726263556,46.6726263556,0.0,28.6044366709,18.0681896847,pomatomus saltatrix,4.53,exact_2020_supplement,2020 supplement MeanTL,high,Pomatomus saltatrix,3388.4415613920273,158147.46692263597
LME_045,Northwest Australian Shelf,LME,2019,Sphyraena novaehollandiae,Australian barracuda,Medium pelagics (30 - 89 cm),Perch-likes,46.090387419500004,46.090387419500004,0.0,44.3766800961,1.7137073234,sphyraena novaehollandiae,4.5,exact_2020_supplement,2020 supplement MeanTL,high,Sphyraena novaehollandiae,3162.2776601683795,145750.60248519058
LME_045,Northwest Australian Shelf,LME,2019,Pristiophorus,Sawsharks,Large sharks (>=90 cm),Sharks & rays,45.1084428331,45.1084428331,0.0,45.1084428331,0.0,pristiophorus,4.01,exact_sea_around_us,Sea Around Us exploited organisms,high,Pristiophorus,1023.2929922807537,46159.153443808216
LME_045,Northwest Australian Shelf,LME,2019,Synodontidae,"Lizardfishes, sauries",Medium demersals (30 - 89 cm),Other fishes & inverts,43.7190726809,22.037963426,21.6811092549,21.216260690200002,22.5028119907,synodontidae,4.3,exact_sea_around_us,Sea Around Us exploited organisms,high,Synodontidae,1995.2623149688789,87231.01816558519
LME_045,Northwest Australian Shelf,LME,2019,Cyprinus carpio,Common carp,Large benthopelagics (>=90 cm),Other fishes & inverts,40.4300885122,40.4300885122,0.0,40.4300885122,0.0,cyprinus carpio,3.06,exact_2020_supplement,2020 supplement MeanTL,high,Cyprinus carpio,114.81536214968828,4641.995254272195
LME_045,Northwest Australian Shelf,LME,2019,Rastrelliger kanagurta,Indian mackerel,Medium pelagics (30 - 89 cm),Perch-likes,39.815743769099996,39.815743769099996,0.0,31.1442361841,8.671507585,rastrelliger kanagurta,3.19,exact_2020_supplement,2020 supplement MeanTL,high,Rastrelliger kanagurta,154.88166189124811,6166.728564394314
LME_045,Northwest Australian Shelf,LME,2019,Lutjanidae,Snappers,Medium reef assoc. fish (30 - 89 cm),Perch-likes,38.711423260000004,38.711423260000004,0.0,13.811454323500001,24.8999689365,lutjanidae,4.02,exact_sea_around_us,Sea Around Us exploited organisms,high,Lutjanidae,1047.1285480508984,40535.83643122758
LME_045,Northwest Australian Shelf,LME,2019,Echinoidea,"Sea urchins, sea hedgehogs",Other demersal invertebrates,Other fishes & inverts,38.2882750295,38.2882750295,0.0,38.2882750295,0.0,echinoidea,2.51,exact_sea_around_us,Sea Around Us exploited organisms,high,Echinoidea,32.35936569296281,1238.984293432327
LME_045,Northwest Australian Shelf,LME,2019,Plotosidae,Eeltail catfishes,Medium reef assoc. fish (30 - 89 cm),Other fishes & inverts,37.557839358100004,36.9864020845,0.5714372736,36.5375533315,1.0202860266,plotosidae,3.49,exact_sea_around_us,Sea Around Us exploited organisms,high,Plotosidae,309.0295432513592,11606.481942341567
LME_045,Northwest Australian Shelf,LME,2019,Congridae,"Conger, garden eels",Large demersals (>=90 cm),Other fishes & inverts,36.953882706499996,1.1806671891,35.7732155174,1.1806671891,35.7732155174,congridae,4.18,exact_sea_around_us,Sea Around Us exploited organisms,high,Congridae,1513.5612484362073,55931.9648438153
LME_045,Northwest Australian Shelf,LME,2019,Mobula birostris,Giant manta,Large rays (>=90 cm),Sharks & rays,36.6827694091,36.6827694091,0.0,0.0,36.6827694091,mobula birostris,3.46,exact_sea_around_us,Sea Around Us exploited organisms,high,Mobula birostris,288.40315031266056,10579.426259777332
LME_045,Northwest Australian Shelf,LME,2019,Lethrinidae,"Emperors, scavengers",Medium reef assoc. fish (30 - 89 cm),Perch-likes,35.6959995825,35.6959995825,0.0,22.933561794,12.7624377885,lethrinidae,3.59,exact_sea_around_us,Sea Around Us exploited organisms,high,Lethrinidae,389.04514499428046,13887.355333289488
LME_045,Northwest Australian Shelf,LME,2019,Etelis carbunculus,Deep-water red snapper,Large demersals (>=90 cm),Perch-likes,35.390987267499995,35.390987267499995,0.0,18.748379751399998,16.6426075161,etelis carbunculus,4.49,exact_2020_supplement,2020 supplement MeanTL,high,Etelis carbunculus,3090.295432513592,109368.60630490193
LME_045,Northwest Australian Shelf,LME,2019,Pinctada maxima,Silverlip pearl oyster,Other demersal invertebrates,Molluscs,34.8030069581,34.8030069581,0.0,34.8030069581,0.0,pinctada maxima,2.05,exact_sea_around_us,Sea Around Us exploited organisms,high,Pinctada maxima,11.220184543019629,390.4961607218782
LME_045,Northwest Australian Shelf,LME,2019,Gnathanodon speciosus,Golden trevally,Large reef assoc. fish (>=90 cm),Perch-likes,34.2719282711,34.2719282711,0.0,6.1200610364,28.1518672347,gnathanodon speciosus,3.84,exact_2020_supplement,2020 supplement MeanTL,high,Gnathanodon speciosus,691.8309709189363,23710.381411059254
LME_045,Northwest Australian Shelf,LME,2019,Veneridae,Venus clams,Other demersal invertebrates,Molluscs,33.3595134778,33.3595134778,0.0,33.3595134778,0.0,veneridae,2.0,exact_sea_around_us,Sea Around Us exploited organisms,high,Veneridae,10.0,333.595134778
LME_045,Northwest Australian Shelf,LME,2019,Epinephelus malabaricus,Malabar grouper,Large reef assoc. fish (>=90 cm),Perch-likes,32.040686119,32.040686119,0.0,7.0043901386,25.0362959804,epinephelus malabaricus,4.16,exact_2020_supplement,2020 supplement MeanTL,high,Epinephelus malabaricus,1445.439770745928,46312.881998389596
LME_045,Northwest Australian Shelf,LME,2019,Sardinella,Sardinellas,Small pelagics (<30 cm),Herring-likes,31.2603562956,31.2603562956,0.0,23.0651570049,8.1951992907,sardinella,2.77,exact_sea_around_us,Sea Around Us exploited organisms,high,Sardinella,58.8843655355589,1840.7462468819203
LME_045,Northwest Australian Shelf,LME,2019,Pristipomoides filamentosus,Crimson jobfish,Medium demersals (30 - 89 cm),Perch-likes,31.141789479899998,31.141789479899998,0.0,23.9325609944,7.2092284855,pristipomoides filamentosus,4.19,exact_2020_supplement,2020 supplement MeanTL,high,Pristipomoides filamentosus,1548.8166189124827,48232.92108914304
LME_045,Northwest Australian Shelf,LME,2019,Galeocerdo cuvier,Tiger shark,Large sharks (>=90 cm),Sharks & rays,30.749822631999997,30.749822631999997,0.0,10.7207503525,20.0290722795,galeocerdo cuvier,4.54,exact_2020_supplement,2020 supplement MeanTL,high,Galeocerdo cuvier,3467.368504525317,106620.96651393657
LME_045,Northwest Australian Shelf,LME,2019,Cephea,Cepheid jellyfishes,Jellyfish,Other fishes & inverts,30.7034823489,30.7034823489,0.0,6.306171824400001,24.3973105245,cephea,3.46,exact_sea_around_us,Sea Around Us exploited organisms,high,Cephea,288.40315031266056,8854.981034991926
LME_045,Northwest Australian Shelf,LME,2019,Scomberomorus semifasciatus,Broad-barred king mackerel,Large pelagics (>=90 cm),Perch-likes,30.4852234424,30.4852234424,0.0,8.0882713948,22.3969520476,scomberomorus semifasciatus,4.5,exact_2020_supplement,2020 supplement MeanTL,high,Scomberomorus semifasciatus,3162.2776601683795,96402.7410571429
LME_045,Northwest Australian Shelf,LME,2019,Pristidae,Sawfishes,Large rays (>=90 cm),Sharks & rays,29.2047638971,29.2047638971,0.0,0.21007549299999997,28.9946884041,pristidae,4.24,exact_sea_around_us,Sea Around Us exploited organisms,high,Pristidae,1737.8008287493763,50752.06290381025
LME_045,Northwest Australian Shelf,LME,2019,Lutjanus russellii,Russell's snapper,Medium reef assoc. fish (30 - 89 cm),Perch-likes,28.1897255992,28.1897255992,0.0,24.698112494500002,3.4916131047,lutjanus russellii,4.1,exact_2020_supplement,2020 supplement MeanTL,high,Lutjanus russellii,1258.9254117941662,35488.76190833741
LME_045,Northwest Australian Shelf,LME,2019,Portunidae,Swimming crabs,"Lobsters, crabs",Crustaceans,27.164814731,22.1704857267,4.9943290043,20.3502315856,6.8145831454,portunidae,3.56,exact_sea_around_us,Sea Around Us exploited organisms,high,Portunidae,363.0780547701014,9862.948090721675
LME_045,Northwest Australian Shelf,LME,2019,Istiophorus platypterus,Indo-Pacific sailfish,Large pelagics (>=90 cm),Tuna & billfishes,27.0671142295,27.0671142295,0.0,23.4237317427,3.6433824868,istiophorus platypterus,4.5,exact_2020_supplement,2020 supplement MeanTL,high,Istiophorus platypterus,3162.2776601683795,85593.73065317351
LME_045,Northwest Australian Shelf,LME,2019,Protonibea diacanthus,Blackspotted croaker,Small pelagics (<30 cm),Perch-likes,26.9643189705,26.9643189705,0.0,0.0,26.9643189705,protonibea diacanthus,3.5,exact_2020_supplement,2020 supplement MeanTL,high,Protonibea diacanthus,316.22776601683796,8526.86635020666
LME_045,Northwest Australian Shelf,LME,2019,Lethrinus lentjan,Pink ear emperor,Medium demersals (30 - 89 cm),Perch-likes,26.894696989499998,26.894696989499998,0.0,26.8448023835,0.049894606,lethrinus lentjan,3.94,exact_2020_supplement,2020 supplement MeanTL,high,Lethrinus lentjan,870.9635899560806,23424.30184075591
LME_045,Northwest Australian Shelf,LME,2019,Zeus faber,John dory,Medium benthopelagics (30 - 89 cm),Other fishes & inverts,26.6885279786,26.1322963812,0.5562315974,26.1321013968,0.5564265818,zeus faber,4.5,exact_2020_supplement,2020 supplement MeanTL,high,Zeus faber,3162.2776601683795,84396.53580950554
LME_045,Northwest Australian Shelf,LME,2019,Myliobatidae,Eagle/manta rays,Large rays (>=90 cm),Sharks & rays,26.375837177799998,26.375837177799998,0.0,26.3754916987,0.0003454791,myliobatidae,3.36,exact_sea_around_us,Sea Around Us exploited organisms,high,Myliobatidae,229.08676527677724,6042.355220529163
LME_045,Northwest Australian Shelf,LME,2019,Scaridae,Parrotfishes,Medium reef assoc. fish (30 - 89 cm),Perch-likes,25.3102352227,25.3102352227,0.0,24.743178696,0.5670565267,scaridae,2.0,exact_sea_around_us,Sea Around Us exploited organisms,high,Scaridae,10.0,253.102352227
LME_045,Northwest Australian Shelf,LME,2019,Hyporhamphus,Sea garfishes,Small reef assoc. fish (<30 cm),Other fishes & inverts,25.0069266051,25.0069266051,0.0,24.6382498196,0.3686767855,hyporhamphus,3.3,exact_sea_around_us,Sea Around Us exploited organisms,high,Hyporhamphus,199.52623149688787,4989.537826834867
LME_045,Northwest Australian Shelf,LME,2019,Seriola,Amberjacks,Large benthopelagics (>=90 cm),Perch-likes,24.8332629828,24.8332629828,0.0,22.9742630061,1.8589999767,seriola,4.39,exact_sea_around_us,Sea Around Us exploited organisms,high,Seriola,2454.7089156850284,60958.43204943014
LME_045,Northwest Australian Shelf,LME,2019,Kyphosidae,"Sea chubs, knifefishes, niblers",Medium reef assoc. fish (30 - 89 cm),Perch-likes,23.727178759,23.727178759,0.0,2.3963639892,21.3308147698,kyphosidae,2.19,exact_sea_around_us,Sea Around Us exploited organisms,high,Kyphosidae,15.488166189124811,367.4904878184642
LME_045,Northwest Australian Shelf,LME,2019,Argyrops spinifer,King soldier bream,Medium demersals (30 - 89 cm),Perch-likes,23.4860767601,23.4860767601,0.0,23.0029985066,0.4830782535,argyrops spinifer,4.49,exact_2020_supplement,2020 supplement MeanTL,high,Argyrops spinifer,3090.295432513592,72578.91573940066
LME_045,Northwest Australian Shelf,LME,2019,Ephippidae,"Spade-, batfishes, scats",Medium reef assoc. fish (30 - 89 cm),Perch-likes,23.268799838299998,0.0072093794,23.2615904589,0.0,23.268799838299998,ephippidae,3.57,exact_sea_around_us,Sea Around Us exploited organisms,high,Ephippidae,371.5352290971724,8645.178878739038
LME_045,Northwest Australian Shelf,LME,2019,Clupeidae,"Herrings, sardines, menhadens",Small pelagics (<30 cm),Herring-likes,22.289607743,18.4739716367,3.8156361063,16.9861673644,5.3034403786,clupeidae,3.16,exact_sea_around_us,Sea Around Us exploited organisms,high,Clupeidae,144.5439770745928,3221.8285506058583
LME_045,Northwest Australian Shelf,LME,2019,Urolophidae,Round rays,Small to medium rays (<90 cm),Sharks & rays,22.0450491137,0.0,22.0450491137,0.0,22.0450491137,urolophidae,3.7,exact_sea_around_us,Sea Around Us exploited organisms,high,Urolophidae,501.18723362727246,11048.697180472658
LME_045,Northwest Australian Shelf,LME,2019,Scyllaridae,Slipper lobsters,"Lobsters, crabs",Crustaceans,20.2165478136,20.2165478136,0.0,20.2143686016,0.002179212,scyllaridae,2.87,exact_sea_around_us,Sea Around Us exploited organisms,high,Scyllaridae,74.13102413009177,1498.6733937971355
LME_045,Northwest Australian Shelf,LME,2019,Eleutheronema tetradactylum,Fourfinger threadfin,Large demersals (>=90 cm),Perch-likes,19.2940951957,19.2940951957,0.0,4.7262553301,14.5678398656,eleutheronema tetradactylum,4.06,exact_2020_supplement,2020 supplement MeanTL,high,Eleutheronema tetradactylum,1148.1536214968817,22152.58527244854
LME_045,Northwest Australian Shelf,LME,2019,Lethrinus olivaceus,Longface emperor,Medium demersals (30 - 89 cm),Perch-likes,19.0910738696,19.0910738696,0.0,8.3869851732,10.7040886964,lethrinus olivaceus,3.95,exact_2020_supplement,2020 supplement MeanTL,high,Lethrinus olivaceus,891.2509381337459,17014.937496261642
LME_045,Northwest Australian Shelf,LME,2019,Dendrobranchiata,Shrimps and prawns,Shrimps,Crustaceans,19.049969809700002,19.049969809700002,0.0,19.049969809700002,0.0,dendrobranchiata,3.24,exact_sea_around_us,Sea Around Us exploited organisms,high,Dendrobranchiata,173.78008287493762,3310.505332294726
LME_045,Northwest Australian Shelf,LME,2019,Panulirus versicolor,Painted spiny lobster,"Lobsters, crabs",Crustaceans,17.4732534016,17.4732534016,0.0,4.7347141991,12.7385392025,panulirus versicolor,3.57,exact_sea_around_us,Sea Around Us exploited organisms,high,Panulirus versicolor,371.5352290971724,6491.929205636404
LME_045,Northwest Australian Shelf,LME,2019,Priacanthidae,"Bigeyes, catalufas",Medium reef assoc. fish (30 - 89 cm),Perch-likes,17.2621324329,17.2621324329,0.0,17.2621324329,0.0,priacanthidae,3.79,exact_sea_around_us,Sea Around Us exploited organisms,high,Priacanthidae,616.5950018614822,10643.744579597127
LME_045,Northwest Australian Shelf,LME,2019,Scylla,Mud crabs,"Lobsters, crabs",Crustaceans,17.2560154031,17.2560154031,0.0,8.8758376845,8.3801777186,scylla,3.17,exact_sea_around_us,Sea Around Us exploited organisms,high,Scylla,147.91083881682073,2552.3517129085
LME_045,Northwest Australian Shelf,LME,2019,Acanthocybium solandri,Wahoo,Large pelagics (>=90 cm),Perch-likes,17.0966650848,17.0966650848,0.0,1.5592853246,15.5373797602,acanthocybium solandri,4.26,exact_2020_supplement,2020 supplement MeanTL,high,Acanthocybium solandri,1819.7008586099826,31110.816134177872
LME_045,Northwest Australian Shelf,LME,2019,Terapontidae,"Grunters, tigerperches",Medium demersals (30 - 89 cm),Perch-likes,16.723997348199998,10.168713389099999,6.5552839591,9.4177695988,7.3062277494,terapontidae,3.64,exact_sea_around_us,Sea Around Us exploited organisms,high,Terapontidae,436.5158322401661,7300.2896208318525
LME_045,Northwest Australian Shelf,LME,2019,Lutjanus argentimaculatus,Mangrove red snapper,Large reef assoc. fish (>=90 cm),Perch-likes,16.4328735273,16.4328735273,0.0,6.6769431206,9.7559304067,lutjanus argentimaculatus,3.58,exact_2020_supplement,2020 supplement MeanTL,high,Lutjanus argentimaculatus,380.1893963205613,6247.60426615632
LME_045,Northwest Australian Shelf,LME,2019,Thunnus maccoyii,Southern bluefin tuna,Large pelagics (>=90 cm),Tuna & billfishes,15.833853086,15.833853086,0.0,12.0592970232,3.7745560628,thunnus maccoyii,3.93,exact_2020_supplement,2020 supplement MeanTL,high,Thunnus maccoyii,851.1380382023768,13476.79465280269
LME_045,Northwest Australian Shelf,LME,2019,Saurida,Lizardfishes,Medium demersals (30 - 89 cm),Other fishes & inverts,15.103875522200001,15.103875522200001,0.0,14.1386161577,0.9652593645,saurida,4.35,exact_sea_around_us,Sea Around Us exploited organisms,high,Saurida,2238.7211385683377,33813.365405854034
LME_045,Northwest Australian Shelf,LME,2019,Bothidae,Lefteye flounders,Small to medium flatfishes (<90 cm),Flatfishes,14.4796125579,10.3551404607,4.1244720972,0.0,14.4796125579,bothidae,3.77,exact_sea_around_us,Sea Around Us exploited organisms,high,Bothidae,588.843655355589,8526.227986726526
LME_045,Northwest Australian Shelf,LME,2019,Pellona ditchela,Indian pellona,Small pelagics (<30 cm),Herring-likes,14.1705785532,14.1705785532,0.0,14.1705785532,0.0,pellona ditchela,3.37,exact_sea_around_us,Sea Around Us exploited organisms,high,Pellona ditchela,234.42288153199226,3321.907857416594
LME_045,Northwest Australian Shelf,LME,2019,Pomadasys,Grunters,Medium demersals (30 - 89 cm),Perch-likes,13.9207551545,13.9207551545,0.0,13.9093787072,0.0113764473,pomadasys,3.59,exact_sea_around_us,Sea Around Us exploited organisms,high,Pomadasys,389.04514499428046,5415.80220751233
LME_045,Northwest Australian Shelf,LME,2019,Trichiuridae,Cutlassfishes,Large benthopelagics (>=90 cm),Perch-likes,12.840286535,0.0,12.840286535,0.0,12.840286535,trichiuridae,4.15,exact_sea_around_us,Sea Around Us exploited organisms,high,Trichiuridae,1412.5375446227554,18137.38681440153
LME_045,Northwest Australian Shelf,LME,2019,Variola louti,Yellow-edged lyretail,Medium reef assoc. fish (30 - 89 cm),Perch-likes,12.2165275117,12.2165275117,0.0,3.7808180214,8.4357094903,variola louti,4.33,exact_2020_supplement,2020 supplement MeanTL,high,Variola louti,2137.9620895022326,26118.472685375644
LME_045,Northwest Australian Shelf,LME,2019,Spratelloides,Round herrings,Small reef assoc. fish (<30 cm),Herring-likes,12.1317884319,12.1317884319,0.0,12.1317884319,0.0,spratelloides,3.1,exact_sea_around_us,Sea Around Us exploited organisms,high,Spratelloides,125.89254117941675,1527.3016747429426
LME_045,Northwest Australian Shelf,LME,2019,Centriscidae,"Snipefishes, shrimpfishes",Small benthopelagics (<30 cm),Other fishes & inverts,12.002938796,0.0,12.002938796,0.0,12.002938796,centriscidae,3.15,exact_sea_around_us,Sea Around Us exploited organisms,high,Centriscidae,141.2537544622754,1695.4601695159035
LME_045,Northwest Australian Shelf,LME,2019,Carcharhinus brevipinna,Spinner shark,Large sharks (>=90 cm),Sharks & rays,11.996208575999999,11.996208575999999,0.0,11.9940970002,0.0021115758,carcharhinus brevipinna,4.2,exact_2020_supplement,2020 supplement MeanTL,high,Carcharhinus brevipinna,1584.893192461114,19012.70930744603
LME_045,Northwest Australian Shelf,LME,2019,Carcharhinus melanopterus,Blacktip reef shark,Large sharks (>=90 cm),Sharks & rays,11.6173092226,11.6173092226,0.0,5.1150676263,6.5022415963,carcharhinus melanopterus,3.94,exact_2020_supplement,2020 supplement MeanTL,high,Carcharhinus melanopterus,870.9635899560806,10118.253346145579
LME_045,Northwest Australian Shelf,LME,2019,Kajikia audax,Striped marlin,Large pelagics (>=90 cm),Tuna & billfishes,11.242777228100001,11.242777228100001,0.0,11.2384330854,0.0043441427,kajikia audax,4.58,exact_2020_supplement,2020 supplement MeanTL,high,Kajikia audax,3801.8939632056126,42743.846873178925
LME_045,Northwest Australian Shelf,LME,2019,Scomberomorus,Spanish mackerels,Large pelagics (>=90 cm),Perch-likes,10.8023233483,10.8023233483,0.0,1.0743220613,9.728001287,scomberomorus,4.35,exact_sea_around_us,Sea Around Us exploited organisms,high,Scomberomorus,2238.7211385683377,24183.38962548951
LME_045,Northwest Australian Shelf,LME,2019,Priacanthus,Bigeyes,Medium reef assoc. fish (30 - 89 cm),Perch-likes,10.5040852411,10.5040852411,0.0,10.3490771051,0.155008136,priacanthus,3.81,exact_sea_around_us,Sea Around Us exploited organisms,high,Priacanthus,645.6542290346556,6782.007058056725
LME_045,Northwest Australian Shelf,LME,2019,Halargyreus johnsonii,Slender codling,Medium bathypelagics (30 - 89 cm),Cod-likes,10.466615682299999,0.007931945,10.4586837373,0.007931945,10.4586837373,halargyreus johnsonii,3.38,exact_2020_supplement,2020 supplement MeanTL,high,Halargyreus johnsonii,239.88329190194898,2510.7662249426876
LME_045,Northwest Australian Shelf,LME,2019,Nototodarus gouldi,Gould's flying squid,Cephalopods,Other fishes & inverts,10.2173136527,10.2173136527,0.0,10.2168813331,0.0004323196,nototodarus gouldi,4.07,exact_2020_supplement,2020 supplement MeanTL,high,Nototodarus gouldi,1174.8975549395302,12004.29682860751
LME_045,Northwest Australian Shelf,LME,2019,Euthynnus affinis,Kawakawa,Large pelagics (>=90 cm),Tuna & billfishes,10.183638045999999,10.183638045999999,0.0,0.6292237582,9.5544142878,euthynnus affinis,4.5,exact_2020_supplement,2020 supplement MeanTL,high,Euthynnus affinis,3162.2776601683795,32203.491092106564
LME_045,Northwest Australian Shelf,LME,2019,Scyliorhinidae,Cat/swellsharks,Large sharks (>=90 cm),Sharks & rays,10.0389735513,10.0389735513,0.0,10.0367716832,0.0022018681,scyliorhinidae,3.97,exact_sea_around_us,Sea Around Us exploited organisms,high,Scyliorhinidae,933.2543007969915,9368.915242337973
LME_045,Northwest Australian Shelf,LME,2019,Seriola dumerili,Greater amberjack,Large reef assoc. fish (>=90 cm),Perch-likes,10.0074574322,10.0074574322,0.0,5.9550521736,4.0524052586,seriola dumerili,4.5,exact_2020_supplement,2020 supplement MeanTL,high,Seriola dumerili,3162.2776601683795,31646.35907293208
LME_045,Northwest Australian Shelf,LME,2019,Pristipomoides,Jobfishes,Medium demersals (30 - 89 cm),Perch-likes,9.2175156629,9.2175156629,0.0,8.346684336300001,0.8708313266,pristipomoides,3.91,exact_sea_around_us,Sea Around Us exploited organisms,high,Pristipomoides,812.8305161640995,7492.278014025679
LME_045,Northwest Australian Shelf,LME,2019,Carcharhinus falciformis,Silky shark,Large sharks (>=90 cm),Sharks & rays,9.0977624176,9.0977624176,0.0,7.1482011489,1.9495612687,carcharhinus falciformis,4.51,exact_2020_supplement,2020 supplement MeanTL,high,Carcharhinus falciformis,3235.936569296281,29439.782105881186
LME_045,Northwest Australian Shelf,LME,2019,Chondrichthyes,"Sharks, rays, chimaeras",Large sharks (>=90 cm),Sharks & rays,9.091478112999999,9.091478112999999,0.0,9.0754739829,0.0160041301,chondrichthyes,4.0,exact_sea_around_us,Sea Around Us exploited organisms,high,Chondrichthyes,1000.0,9091.478113
LME_045,Northwest Australian Shelf,LME,2019,Auxis thazard,Frigate tuna,Medium pelagics (30 - 89 cm),Tuna & billfishes,8.8454432416,8.8454432416,0.0,8.845156729100001,0.0002865125,auxis thazard,4.37,exact_2020_supplement,2020 supplement MeanTL,high,Auxis thazard,2344.228815319923,20735.742931235585
LME_045,Northwest Australian Shelf,LME,2019,Lutjanus johnii,John's snapper,Medium reef assoc. fish (30 - 89 cm),Perch-likes,8.2944649587,8.2944649587,0.0,0.335394017,7.9590709417,lutjanus johnii,4.2,exact_2020_supplement,2020 supplement MeanTL,high,Lutjanus johnii,1584.893192461114,13145.841048150887
LME_045,Northwest Australian Shelf,LME,2019,Parupeneus,Parupeneid goatfishes,Medium reef assoc. fish (30 - 89 cm),Perch-likes,8.261101957,8.261101957,0.0,8.2554329823,0.0056689747,parupeneus,3.51,exact_sea_around_us,Sea Around Us exploited organisms,high,Parupeneus,323.5936569296281,2673.240192534137
LME_045,Northwest Australian Shelf,LME,2019,Caranx ignobilis,Giant trevally,Large reef assoc. fish (>=90 cm),Perch-likes,8.0313674244,8.0313674244,0.0,3.9005330018,4.1308344226,caranx ignobilis,4.22,exact_2020_supplement,2020 supplement MeanTL,high,Caranx ignobilis,1659.5869074375596,13328.752226354756
LME_045,Northwest Australian Shelf,LME,2019,Sphyraena,"Barracudas, sennets",Large pelagics (>=90 cm),Perch-likes,8.0214054842,8.0214054842,0.0,4.1761022155,3.8453032687,sphyraena,4.4,exact_sea_around_us,Sea Around Us exploited organisms,high,Sphyraena,2511.886431509582,20148.859597398532
LME_045,Northwest Australian Shelf,LME,2019,Coryphaena,Dolphinfishes,Large pelagics (>=90 cm),Perch-likes,7.8393138932,7.8393138932,0.0,0.1002407287,7.7390731645,coryphaena,4.49,exact_sea_around_us,Sea Around Us exploited organisms,high,Coryphaena,3090.295432513592,24225.795918196305
LME_045,Northwest Australian Shelf,LME,2019,Lampris guttatus,Opah,Large bathypelagics (>=90 cm),Other fishes & inverts,7.8385879282,7.8385879282,0.0,7.8385879282,0.0,lampris guttatus,4.22,exact_2020_supplement,2020 supplement MeanTL,high,Lampris guttatus,1659.5869074375596,13008.817898438825
LME_045,Northwest Australian Shelf,LME,2019,Bivalvia,Clams,Other demersal invertebrates,Molluscs,7.796565613199999,7.796565613199999,0.0,7.796565613199999,0.0,bivalvia,2.23,exact_sea_around_us,Sea Around Us exploited organisms,high,Bivalvia,16.982436524617444,132.40468063618408
LME_045,Northwest Australian Shelf,LME,2019,Scarus ghobban,Blue-barred parrotfish,Medium reef assoc. fish (30 - 89 cm),Perch-likes,7.7371426954,7.7371426954,0.0,0.0,7.7371426954,scarus ghobban,2.0,exact_2020_supplement,2020 supplement MeanTL,high,Scarus ghobban,10.0,77.371426954
LME_045,Northwest Australian Shelf,LME,2019,Gastropoda,Sea snails,Other demersal invertebrates,Molluscs,7.6513156526,7.6513156526,0.0,7.6513044515,1.12011e-05,gastropoda,3.06,exact_sea_around_us,Sea Around Us exploited organisms,high,Gastropoda,114.81536214968828,878.4885775748476
LME_045,Northwest Australian Shelf,LME,2019,Coryphaena hippurus,Common dolphinfish,Large pelagics (>=90 cm),Perch-likes,7.090597545,7.090597545,0.0,7.090597545,0.0,coryphaena hippurus,4.37,exact_2020_supplement,2020 supplement MeanTL,high,Coryphaena hippurus,2344.228815319923,16621.983082825704
LME_045,Northwest Australian Shelf,LME,2019,Rhabdosargus sarba,Goldlined seabream,Medium demersals (30 - 89 cm),Perch-likes,6.838028593500001,6.838028593500001,0.0,4.026798739,2.8112298545,rhabdosargus sarba,3.37,exact_2020_supplement,2020 supplement MeanTL,high,Rhabdosargus sarba,234.42288153199226,1602.9903668864263
LME_045,Northwest Australian Shelf,LME,2019,Macruronus novaezelandiae,Blue grenadier,Large demersals (>=90 cm),Cod-likes,6.812211435999999,6.0574316779999995,0.754779758,6.0574316779999995,0.754779758,macruronus novaezelandiae,4.53,exact_2020_supplement,2020 supplement MeanTL,high,Macruronus novaezelandiae,3388.4415613920273,23082.780354732462
LME_045,Northwest Australian Shelf,LME,2019,Scorpaeniformes,"Scorpionfishes, flatheads",Medium demersals (30 - 89 cm),Scorpionfishes,6.7778786824,6.370886592600001,0.4069920898,6.331739128100001,0.4461395543,scorpaeniformes,3.78,exact_sea_around_us,Sea Around Us exploited organisms,high,Scorpaeniformes,602.5595860743575,4084.0757733291557
LME_045,Northwest Australian Shelf,LME,2019,Carcharhinus albimarginatus,Silvertip shark,Large sharks (>=90 cm),Sharks & rays,6.5800546376,6.5800546376,0.0,4.358928708,2.2211259296,carcharhinus albimarginatus,4.21,exact_2020_supplement,2020 supplement MeanTL,high,Carcharhinus albimarginatus,1621.8100973589299,10671.599052433134
LME_045,Northwest Australian Shelf,LME,2019,Ostreidae,True oysters,Other demersal invertebrates,Molluscs,6.3632935298,6.3632935298,0.0,2.4508280869,3.9124654429000003,ostreidae,2.0,exact_sea_around_us,Sea Around Us exploited organisms,high,Ostreidae,10.0,63.632935298
LME_045,Northwest Australian Shelf,LME,2019,Latidae,Lates perches,Large demersals (>=90 cm),Perch-likes,6.0388474638,6.0388474638,0.0,5.2990171541999995,0.7398303096,latidae,4.35,exact_sea_around_us,Sea Around Us exploited organisms,high,Latidae,2238.7211385683377,13519.295469798853
LME_045,Northwest Australian Shelf,LME,2019,Epinephelus areolatus,Areolate grouper,Medium reef assoc. fish (30 - 89 cm),Perch-likes,5.9546697185,5.9546697185,0.0,4.1622193695,1.792450349,epinephelus areolatus,3.74,exact_2020_supplement,2020 supplement MeanTL,high,Epinephelus areolatus,549.5408738576248,3272.3344006380266
LME_045,Northwest Australian Shelf,LME,2019,Turrum fulvoguttatum,Yellowspotted trevally,Large reef assoc. fish (>=90 cm),Perch-likes,5.9020504649,5.9020504649,0.0,4.8768244821,1.0252259828,turrum fulvoguttatum,4.43,exact_sea_around_us,Sea Around Us exploited organisms,high,Turrum fulvoguttatum,2691.534803926914,15885.574240811373
LME_045,Northwest Australian Shelf,LME,2019,Valamugil,Indo-Pacific mullets,Medium reef assoc. fish (30 - 89 cm),Perch-likes,5.5263299567,5.5263299567,0.0,5.2113002508,0.3150297059,valamugil,2.34,exact_sea_around_us,Sea Around Us exploited organisms,high,Valamugil,21.87761623949552,120.9029260055105
LME_045,Northwest Australian Shelf,LME,2019,Etelis coruscans,Deepwater longtail red snapper,Large bathydemersals (>=90 cm),Perch-likes,5.5024518976,5.5024518976,0.0,5.5007265269,0.0017253707,etelis coruscans,4.42,exact_2020_supplement,2020 supplement MeanTL,high,Etelis coruscans,2630.2679918953813,14472.923103201283
LME_045,Northwest Australian Shelf,LME,2019,Scolopsis,Monocle breams,Small reef assoc. fish (<30 cm),Perch-likes,5.412328336,5.412328336,0.0,5.4070918782,0.0052364578,scolopsis,3.3,exact_sea_around_us,Sea Around Us exploited organisms,high,Scolopsis,199.52623149688787,1079.9014765059019
LME_045,Northwest Australian Shelf,LME,2019,Gymnocranius euanus,Japanese large-eye bream,Medium reef assoc. fish (30 - 89 cm),Perch-likes,5.3702196124,5.3702196124,0.0,5.3480859828,0.0221336296,gymnocranius euanus,3.8,exact_2020_supplement,2020 supplement MeanTL,high,Gymnocranius euanus,630.957344480193,3388.379505915355
LME_045,Northwest Australian Shelf,LME,2019,Stichopus,Boxed sea cucumbers,Other demersal invertebrates,Other fishes & inverts,5.2357741701,5.2357741701,0.0,5.2357741701,0.0,stichopus,2.3,exact_sea_around_us,Sea Around Us exploited organisms,high,Stichopus,19.952623149688787,104.46742891287985
LME_045,Northwest Australian Shelf,LME,2019,Epinephelus fuscoguttatus,Brown-marbled grouper,Large reef assoc. fish (>=90 cm),Perch-likes,5.2104845699,5.2104845699,0.0,5.1216529804999995,0.0888315894,epinephelus fuscoguttatus,4.14,exact_2020_supplement,2020 supplement MeanTL,high,Epinephelus fuscoguttatus,1380.3842646028838,7192.470911246085
LME_045,Northwest Australian Shelf,LME,2019,Scylla serrata,Indo-Pacific swamp crab,"Lobsters, crabs",Crustaceans,4.9624921076,4.9624921076,0.0,0.9598445787,4.0026475289,scylla serrata,3.17,exact_2020_supplement,2020 supplement MeanTL,high,Scylla serrata,147.91083881682073,734.0063702569686
LME_045,Northwest Australian Shelf,LME,2019,Sphyrnidae,"Hammer, bonnet, scoophead sharks",Large sharks (>=90 cm),Sharks & rays,4.9611087754000005,4.9611087754000005,0.0,4.5520118178,0.4090969576,sphyrnidae,4.19,exact_sea_around_us,Sea Around Us exploited organisms,high,Sphyrnidae,1548.8166189124827,7683.847719572076
LME_045,Northwest Australian Shelf,LME,2019,Nebrius ferrugineus,Tawny nurse shark,Large sharks (>=90 cm),Sharks & rays,4.944064741,4.944064741,0.0,4.9394591416999996,0.0046055993,nebrius ferrugineus,4.1,exact_2020_supplement,2020 supplement MeanTL,high,Nebrius ferrugineus,1258.9254117941662,6224.208740000443
LME_045,Northwest Australian Shelf,LME,2019,Anodontostoma chacunda,Chacunda gizzard shad,Small pelagics (<30 cm),Herring-likes,4.8211319044,4.8211319044,0.0,4.8211319044,0.0,anodontostoma chacunda,2.84,exact_2020_supplement,2020 supplement MeanTL,high,Anodontostoma chacunda,69.18309709189363,333.5408366349312
LME_045,Northwest Australian Shelf,LME,2019,Triaenodon obesus,Whitetip reef shark,Large sharks (>=90 cm),Sharks & rays,4.7818260183,4.7818260183,0.0,0.0,4.7818260183,triaenodon obesus,4.19,exact_2020_supplement,2020 supplement MeanTL,high,Triaenodon obesus,1548.8166189124827,7406.171605891146
LME_045,Northwest Australian Shelf,LME,2019,Siganus lineatus,Golden-lined spinefoot,Medium reef assoc. fish (30 - 89 cm),Perch-likes,4.7029295246,4.7029295246,0.0,4.7029295246,0.0,siganus lineatus,2.0,exact_2020_supplement,2020 supplement MeanTL,high,Siganus lineatus,10.0,47.029295246000004
LME_045,Northwest Australian Shelf,LME,2019,Beryx splendens,Splendid alfonsino,Medium benthopelagics (30 - 89 cm),Other fishes & inverts,4.5408962031,4.5408962031,0.0,4.5408962031,0.0,beryx splendens,4.27,exact_2020_supplement,2020 supplement MeanTL,high,Beryx splendens,1862.0871366628655,8455.544408713757
LME_045,Northwest Australian Shelf,LME,2019,Carcharias taurus,Sand tiger shark,Large sharks (>=90 cm),Sharks & rays,4.501466243,4.501466243,0.0,2.9260071615,1.5754590815,carcharias taurus,4.5,exact_2020_supplement,2020 supplement MeanTL,high,Carcharias taurus,3162.2776601683795,14234.886138240987
LME_045,Northwest Australian Shelf,LME,2019,Lethrinus rubrioperculatus,Spotcheek emperor,Medium reef assoc. fish (30 - 89 cm),Perch-likes,4.4935509872,4.4935509872,0.0,4.484911491199999,0.008639496,lethrinus rubrioperculatus,3.75,exact_2020_supplement,2020 supplement MeanTL,high,Lethrinus rubrioperculatus,562.341325190349,2526.909416952449
LME_045,Northwest Australian Shelf,LME,2019,Elagatis bipinnulata,Rainbow runner,Large pelagics (>=90 cm),Perch-likes,4.3625937708,4.3625937708,0.0,4.3058740038,0.056719767,elagatis bipinnulata,4.27,exact_2020_supplement,2020 supplement MeanTL,high,Elagatis bipinnulata,1862.0871366628655,8123.5297430922255
LME_045,Northwest Australian Shelf,LME,2019,Aprion virescens,Green jobfish,Large reef assoc. fish (>=90 cm),Perch-likes,4.3397549459,4.3397549459,0.0,4.2411124083,0.0986425376,aprion virescens,4.28,exact_2020_supplement,2020 supplement MeanTL,high,Aprion virescens,1905.4607179632483,8269.232574999172
LME_045,Northwest Australian Shelf,LME,2019,Cephalopholis miniata,Coral hind,Medium reef assoc. fish (30 - 89 cm),Perch-likes,4.3203674484,4.3203674484,0.0,4.3153004274,0.005067021,cephalopholis miniata,4.29,exact_2020_supplement,2020 supplement MeanTL,high,Cephalopholis miniata,1949.8445997580454,8424.045138233185
LME_045,Northwest Australian Shelf,LME,2019,Rhizoprionodon acutus,Milk shark,Large sharks (>=90 cm),Sharks & rays,4.1744297569,4.1744297569,0.0,4.1744106015,1.91554e-05,rhizoprionodon acutus,4.25,exact_2020_supplement,2020 supplement MeanTL,high,Rhizoprionodon acutus,1778.2794100389228,7423.302485349057
LME_045,Northwest Australian Shelf,LME,2019,Albulidae,Bonefishes,Medium reef assoc. fish (30 - 89 cm),Other fishes & inverts,4.1675845,4.1675845,0.0,4.1523447787,0.0152397213,albulidae,3.47,exact_sea_around_us,Sea Around Us exploited organisms,high,Albulidae,295.1209226666387,1229.9413829311823
LME_045,Northwest Australian Shelf,LME,2019,Pleuronectiformes,Flatfishes,Small to medium flatfishes (<90 cm),Flatfishes,4.1609229676999995,4.1609229676999995,0.0,4.1481111875,0.0128117802,pleuronectiformes,3.57,exact_sea_around_us,Sea Around Us exploited organisms,high,Pleuronectiformes,371.5352290971724,1545.9294680601058
LME_045,Northwest Australian Shelf,LME,2019,Plectorhinchus,Sweetlips,Medium reef assoc. fish (30 - 89 cm),Perch-likes,4.0973017422,4.0973017422,0.0,3.7975609428,0.2997407994,plectorhinchus,3.43,exact_sea_around_us,Sea Around Us exploited organisms,high,Plectorhinchus,269.1534803926917,1102.8030241321692
LME_045,Northwest Australian Shelf,LME,2019,Variola albimarginata,White-edged lyretail,Medium reef assoc. fish (30 - 89 cm),Perch-likes,4.0958576801,4.0958576801,0.0,4.0958576801,0.0,variola albimarginata,4.5,exact_2020_supplement,2020 supplement MeanTL,high,Variola albimarginata,3162.2776601683795,12952.239241009314
LME_045,Northwest Australian Shelf,LME,2019,Seriolina nigrofasciata,Blackbanded trevally,Medium reef assoc. fish (30 - 89 cm),Perch-likes,4.0742736138,4.0742736138,0.0,4.0345616072,0.0397120066,seriolina nigrofasciata,4.17,exact_2020_supplement,2020 supplement MeanTL,high,Seriolina nigrofasciata,1479.1083881682073,6026.292277863975
LME_045,Northwest Australian Shelf,LME,2019,Plagiogeneion rubiginosum,Rubyfish,Medium bathydemersals (30 - 89 cm),Perch-likes,4.0660665504,4.0660665504,0.0,4.0660665504,0.0,plagiogeneion rubiginosum,3.4,exact_2020_supplement,2020 supplement MeanTL,high,Plagiogeneion rubiginosum,251.18864315095797,1021.3497397564723
LME_045,Northwest Australian Shelf,LME,2019,Soleidae,Soles,Small to medium flatfishes (<90 cm),Flatfishes,4.0369950775,4.0369950775,0.0,4.0368629327,0.0001321448,soleidae,3.15,exact_sea_around_us,Sea Around Us exploited organisms,high,Soleidae,141.2537544622754,570.2407114425995
LME_045,Northwest Australian Shelf,LME,2019,Auxis,Bullet and frigate tunas,Medium pelagics (30 - 89 cm),Tuna & billfishes,3.7981313649999997,3.7981313649999997,0.0,1.6621556455,2.1359757194999998,auxis,4.24,exact_sea_around_us,Sea Around Us exploited organisms,high,Auxis,1737.8008287493763,6600.395833795999
LME_045,Northwest Australian Shelf,LME,2019,Trachinotus,Pompanos,Medium pelagics (30 - 89 cm),Perch-likes,3.7377344051,3.7377344051,0.0,3.7377344051,0.0,trachinotus,3.69,exact_sea_around_us,Sea Around Us exploited organisms,high,Trachinotus,489.77881936844614,1830.6631440426993
LME_045,Northwest Australian Shelf,LME,2019,Gempylidae,Snake mackerels,Large benthopelagics (>=90 cm),Perch-likes,3.6934481746,0.0,3.6934481746,0.0,3.6934481746,gempylidae,4.21,exact_sea_around_us,Sea Around Us exploited organisms,high,Gempylidae,1621.8100973589299,5990.071543638188
LME_045,Northwest Australian Shelf,LME,2019,Naso,Unicornfishes,Medium reef assoc. fish (30 - 89 cm),Perch-likes,3.6433103786000003,3.6433103786000003,0.0,3.6297650746000003,0.013545304,naso,3.28,exact_sea_around_us,Sea Around Us exploited organisms,high,Naso,190.54607179632464,694.2184809770104
LME_045,Northwest Australian Shelf,LME,2019,Seriola lalandi,Yellowtail amberjack,Large benthopelagics (>=90 cm),Perch-likes,3.6177504552000004,3.6177504552000004,0.0,1.3018282511000001,2.3159222041,seriola lalandi,4.16,exact_2020_supplement,2020 supplement MeanTL,high,Seriola lalandi,1445.439770745928,5229.240388580265
LME_045,Northwest Australian Shelf,LME,2019,Moridae,"Codlings, moras",Medium benthopelagics (30 - 89 cm),Cod-likes,3.6063512580999997,3.6063512580999997,0.0,3.6053572149999997,0.0009940431,moridae,3.87,exact_sea_around_us,Sea Around Us exploited organisms,high,Moridae,741.3102413009177,2673.425121357979
LME_045,Northwest Australian Shelf,LME,2019,Lethrinus laticaudis,Grass emperor,Small pelagics (<30 cm),Perch-likes,3.5584006589,3.5584006589,0.0,0.0,3.5584006589,lethrinus laticaudis,4.46,exact_2020_supplement,2020 supplement MeanTL,high,Lethrinus laticaudis,2884.031503126606,10262.539601014072
LME_045,Northwest Australian Shelf,LME,2019,Glaucosoma hebraicum,West Australian dhufish,Large reef assoc. fish (>=90 cm),Perch-likes,3.4360287205,3.4360287205,0.0,0.0,3.4360287205,glaucosoma hebraicum,4.3,exact_2020_supplement,2020 supplement MeanTL,high,Glaucosoma hebraicum,1995.2623149688789,6855.7786191643845
LME_045,Northwest Australian Shelf,LME,2019,Scomberoides,Queenfishes,Medium pelagics (30 - 89 cm),Perch-likes,3.3834130687,3.3834130687,0.0,0.0,3.3834130687,scomberoides,4.47,exact_sea_around_us,Sea Around Us exploited organisms,high,Scomberoides,2951.209226666384,9985.159865971063
LME_045,Northwest Australian Shelf,LME,2019,Carangoides,Trevallies,Medium reef assoc. fish (30 - 89 cm),Perch-likes,3.3827888059,3.3827888059,0.0,2.4627594164,0.9200293895,carangoides,4.34,exact_sea_around_us,Sea Around Us exploited organisms,high,Carangoides,2187.761623949552,7400.73553147415
LME_045,Northwest Australian Shelf,LME,2019,Dalatias licha,Kitefin shark,Large sharks (>=90 cm),Sharks & rays,3.2554949265,3.2554949265,0.0,3.2554949265,0.0,dalatias licha,4.23,exact_2020_supplement,2020 supplement MeanTL,high,Dalatias licha,1698.243652461746,5528.623594550043
LME_045,Northwest Australian Shelf,LME,2019,Tetrapturus angustirostris,Shortbill spearfish,Large pelagics (>=90 cm),Tuna & billfishes,3.2430526575,3.2430526575,0.0,0.8392571034,2.4037955541,tetrapturus angustirostris,4.5,exact_2020_supplement,2020 supplement MeanTL,high,Tetrapturus angustirostris,3162.2776601683795,10255.432969561945
LME_045,Northwest Australian Shelf,LME,2019,Penaeus merguiensis,Banana prawn,Shrimps,Crustaceans,3.1881755365,3.1881755365,0.0,3.1881755365,0.0,penaeus merguiensis,3.77,exact_sea_around_us,Sea Around Us exploited organisms,high,Penaeus merguiensis,588.843655355589,1877.3369368279261
LME_045,Northwest Australian Shelf,LME,2019,Epinephelus morrhua,Comet grouper,Medium demersals (30 - 89 cm),Perch-likes,3.1310403036,3.1310403036,0.0,3.0870905344,0.0439497692,epinephelus morrhua,3.97,exact_2020_supplement,2020 supplement MeanTL,high,Epinephelus morrhua,933.2543007969915,2922.056829303418
LME_045,Northwest Australian Shelf,LME,2019,Triglidae,"Searobins, gurnards",Medium demersals (30 - 89 cm),Scorpionfishes,2.9149067466,0.2276706789,2.6872360677,0.052675117900000006,2.8622316286999996,triglidae,3.74,exact_sea_around_us,Sea Around Us exploited organisms,high,Triglidae,549.5408738576248,1601.86040074005
LME_045,Northwest Australian Shelf,LME,2019,Portunus sanguinolentus,Three-spot swimming crab,"Lobsters, crabs",Crustaceans,2.6995943147,2.6995943147,0.0,2.6995943147,0.0,portunus sanguinolentus,4.23,exact_2020_supplement,2020 supplement MeanTL,high,Portunus sanguinolentus,1698.243652461746,4584.568909161092
LME_045,Northwest Australian Shelf,LME,2019,Gymnosarda unicolor,Dogtooth tuna,Large reef assoc. fish (>=90 cm),Tuna & billfishes,2.6364819496,2.6364819496,0.0,0.0,2.6364819496,gymnosarda unicolor,4.5,exact_2020_supplement,2020 supplement MeanTL,high,Gymnosarda unicolor,3162.2776601683795,8337.287970657255
LME_045,Northwest Australian Shelf,LME,2019,Tetraodontidae,"Puffers, tobies",Large reef assoc. fish (>=90 cm),Other fishes & inverts,2.4742984698,0.5978257362,1.8764727336,0.0,2.4742984698,tetraodontidae,3.5,exact_sea_around_us,Sea Around Us exploited organisms,high,Tetraodontidae,316.22776601683796,782.4418775637346
LME_045,Northwest Australian Shelf,LME,2019,Trochus niloticus,Commercial top,Other demersal invertebrates,Molluscs,2.3712304053,2.3712304053,0.0,2.3712304053,0.0,trochus niloticus,2.0,exact_sea_around_us,Sea Around Us exploited organisms,high,Trochus niloticus,10.0,23.712304053
LME_045,Northwest Australian Shelf,LME,2019,Clupeiformes,"Herrings, shads, anchovies",Small pelagics (<30 cm),Other fishes & inverts,2.353281859,2.353281859,0.0,2.3507146035999997,0.0025672554,clupeiformes,3.24,exact_sea_around_us,Sea Around Us exploited organisms,high,Clupeiformes,173.78008287493762,408.9535164851073
LME_045,Northwest Australian Shelf,LME,2019,Cynoglossus,Tonguesoles,Small to medium flatfishes (<90 cm),Flatfishes,2.3370459175000002,2.3370459175000002,0.0,2.3370459175000002,0.0,cynoglossus,3.36,exact_sea_around_us,Sea Around Us exploited organisms,high,Cynoglossus,229.08676527677724,535.3862895433731
LME_045,Northwest Australian Shelf,LME,2019,Deania calceus,Birdbeak dogfish,Large sharks (>=90 cm),Sharks & rays,2.336837727,2.336837727,0.0,2.336837727,0.0,deania calceus,4.33,exact_sea_around_us,Sea Around Us exploited organisms,high,Deania calceus,2137.9620895022326,4996.070469644567
LME_045,Northwest Australian Shelf,LME,2019,Rastrelliger,Indian mackerels,Medium pelagics (30 - 89 cm),Perch-likes,2.3313796617,2.3313796617,0.0,2.3313796617,0.0,rastrelliger,3.1,exact_sea_around_us,Sea Around Us exploited organisms,high,Rastrelliger,125.89254117941675,293.503310065422
LME_045,Northwest Australian Shelf,LME,2019,Selar crumenophthalmus,Bigeye scad,Medium pelagics (30 - 89 cm),Perch-likes,2.2856206504,2.2856206504,0.0,1.3031076933,0.9825129571,selar crumenophthalmus,3.81,exact_2020_supplement,2020 supplement MeanTL,high,Selar crumenophthalmus,645.6542290346556,1475.7206388997
LME_045,Northwest Australian Shelf,LME,2019,Sphyrna zygaena,Smooth hammerhead,Large sharks (>=90 cm),Sharks & rays,2.1782725213,2.1782725213,0.0,2.0485835586,0.1296889627,sphyrna zygaena,4.94,exact_2020_supplement,2020 supplement MeanTL,high,Sphyrna zygaena,8709.635899560813,18971.960550541324
LME_045,Northwest Australian Shelf,LME,2019,Chanos chanos,Milkfish,Large benthopelagics (>=90 cm),Other fishes & inverts,2.1532099014,2.1532099014,0.0,2.0163009262,0.1369089752,chanos chanos,2.03,exact_2020_supplement,2020 supplement MeanTL,high,Chanos chanos,10.71519305237606,23.07205977578862
LME_045,Northwest Australian Shelf,LME,2019,Carcharhinus leucas,Bull shark,Large sharks (>=90 cm),Sharks & rays,2.0228312057,2.0228312057,0.0,2.0204411819,0.0023900238,carcharhinus leucas,4.31,exact_2020_supplement,2020 supplement MeanTL,high,Carcharhinus leucas,2041.7379446695275,4130.091228339301
LME_045,Northwest Australian Shelf,LME,2019,Trichiurus lepturus,Largehead hairtail,Large benthopelagics (>=90 cm),Perch-likes,1.9923779407000002,1.9923779407000002,0.0,1.7918797094,0.20049823130000002,trichiurus lepturus,4.42,exact_2020_supplement,2020 supplement MeanTL,high,Trichiurus lepturus,2630.2679918953813,5240.487925181645
LME_045,Northwest Australian Shelf,LME,2019,Carcharhinus,Sharp-nosed sharks,Large sharks (>=90 cm),Sharks & rays,1.8764111658,1.8764111658,0.0,1.5794111052,0.2970000606,carcharhinus,4.26,exact_sea_around_us,Sea Around Us exploited organisms,high,Carcharhinus,1819.7008586099826,3414.5070095116184
LME_045,Northwest Australian Shelf,LME,2019,Carcharhinus longimanus,Oceanic whitetip shark,Large sharks (>=90 cm),Sharks & rays,1.8659993401,1.8659993401,0.0,1.8608020235,0.0051973166,carcharhinus longimanus,4.16,exact_2020_supplement,2020 supplement MeanTL,high,Carcharhinus longimanus,1445.439770745928,2697.189658366197
LME_045,Northwest Australian Shelf,LME,2019,Pteriomorphia,"Clams, cockles, arkshells",Other demersal invertebrates,Molluscs,1.7956519820999999,1.7956519820999999,0.0,0.0,1.7956519820999999,pteriomorphia,2.27,exact_sea_around_us,Sea Around Us exploited organisms,high,Pteriomorphia,18.620871366628677,33.436604577915915
LME_045,Northwest Australian Shelf,LME,2019,Ellochelon vaigiensis,Squaretail mullet,Medium reef assoc. fish (30 - 89 cm),Perch-likes,1.7549166957,1.7549166957,0.0,0.0,1.7549166957,ellochelon vaigiensis,2.18,exact_2020_supplement,2020 supplement MeanTL,high,Ellochelon vaigiensis,15.135612484362087,26.56173904845238
LME_045,Northwest Australian Shelf,LME,2019,Metapenaeus,Indo-Pacific prawns,Shrimps,Crustaceans,1.6506509025,1.6506509025,0.0,1.6482205848,0.0024303177000000002,metapenaeus,2.7,exact_sea_around_us,Sea Around Us exploited organisms,high,Metapenaeus,50.11872336272725,82.72851595083357
LME_045,Northwest Australian Shelf,LME,2019,Gerres,Silver biddies,Small benthopelagics (<30 cm),Perch-likes,1.6434945885999999,1.6434945885999999,0.0,1.6434945885999999,0.0,gerres,3.27,exact_sea_around_us,Sea Around Us exploited organisms,high,Gerres,186.20871366628674,306.0330132607091
LME_045,Northwest Australian Shelf,LME,2019,Carcharhinus amblyrhynchos,Blacktail reef shark,Large sharks (>=90 cm),Sharks & rays,1.6062479226,1.6062479226,0.0,0.27092897390000004,1.3353189487,carcharhinus amblyrhynchos,4.11,exact_2020_supplement,2020 supplement MeanTL,high,Carcharhinus amblyrhynchos,1288.249551693135,2069.2481661974793
LME_045,Northwest Australian Shelf,LME,2019,Siganus,Spinefoots,Medium reef assoc. fish (30 - 89 cm),Perch-likes,1.5925565838,1.5925565838,0.0,1.5804980532000001,0.0120585306,siganus,2.11,exact_sea_around_us,Sea Around Us exploited organisms,high,Siganus,12.882495516931336,20.516103051262984
LME_045,Northwest Australian Shelf,LME,2019,Alopias pelagicus,Pelagic thresher,Large sharks (>=90 cm),Sharks & rays,1.5877079321,1.5877079321,0.0,0.0,1.5877079321,alopias pelagicus,4.5,exact_2020_supplement,2020 supplement MeanTL,high,Alopias pelagicus,3162.2776601683795,5020.773324551965
LME_045,Northwest Australian Shelf,LME,2019,Anguilliformes,"Eels, morays",Large demersals (>=90 cm),Other fishes & inverts,1.5746141601,1.5746141601,0.0,1.569049205,0.0055649551,anguilliformes,3.89,exact_sea_around_us,Sea Around Us exploited organisms,high,Anguilliformes,776.247116628692,1222.2897015803346
LME_045,Northwest Australian Shelf,LME,2019,Mollusca,"Clams, seasnails, squids, octopuses",Other demersal invertebrates,Molluscs,1.4521333265,1.4521333265,0.0,1.4486937534,0.0034395730999999996,mollusca,2.1,exact_sea_around_us,Sea Around Us exploited organisms,high,Mollusca,12.589254117941675,18.28127546044047
LME_045,Northwest Australian Shelf,LME,2019,Sphyrna lewini,Scalloped hammerhead,Large sharks (>=90 cm),Sharks & rays,1.440969692,1.440969692,0.0,0.0342511303,1.4067185617,sphyrna lewini,4.08,exact_2020_supplement,2020 supplement MeanTL,high,Sphyrna lewini,1202.2644346174131,1732.426612053208
LME_045,Northwest Australian Shelf,LME,2019,Isurus oxyrinchus,Shortfin mako,Large sharks (>=90 cm),Sharks & rays,1.3878801217999999,1.3878801217999999,0.0,1.3759965997999999,0.011883522,isurus oxyrinchus,4.5,exact_2020_supplement,2020 supplement MeanTL,high,Isurus oxyrinchus,3162.2776601683795,4388.862304159909
LME_045,Northwest Australian Shelf,LME,2019,Miscellaneous aquatic invertebrates,Aquatic invertebrates,Other demersal invertebrates,Other fishes & inverts,1.2172313554,1.2172313554,0.0,0.5556984113,0.6615329441000001,miscellaneous aquatic invertebrates,2.43,exact_sea_around_us,Sea Around Us exploited organisms,high,Miscellaneous aquatic invertebrates,26.915348039269166,32.76220557490234
LME_045,Northwest Australian Shelf,LME,2019,Lampris,Opahs,Large pelagics (>=90 cm),Other fishes & inverts,1.2101949706000001,1.2101949706000001,0.0,1.2101949706000001,0.0,lampris,4.22,exact_sea_around_us,Sea Around Us exploited organisms,high,Lampris,1659.5869074375596,2008.4237286545426
LME_045,Northwest Australian Shelf,LME,2019,Argyrosomus japonicus,Japanese meagre,Large benthopelagics (>=90 cm),Perch-likes,1.1841802289,1.1841802289,0.0,0.0621202938,1.1220599351,argyrosomus japonicus,4.48,exact_2020_supplement,2020 supplement MeanTL,high,Argyrosomus japonicus,3019.951720402019,3576.1671195326117
LME_045,Northwest Australian Shelf,LME,2019,Lethrinus atkinsoni,Pacific yellowtail emperor,Medium reef assoc. fish (30 - 89 cm),Perch-likes,1.1519586984,1.1519586984,0.0,0.8520211267,0.2999375717,lethrinus atkinsoni,3.79,exact_2020_supplement,2020 supplement MeanTL,high,Lethrinus atkinsoni,616.5950018614822,710.2919757842986
LME_045,Northwest Australian Shelf,LME,2019,Dasyatidae,Whiptail stingrays,Large rays (>=90 cm),Sharks & rays,1.1343439943,1.1343439943,0.0,1.1343145187,2.94756e-05,dasyatidae,3.38,exact_sea_around_us,Sea Around Us exploited organisms,high,Dasyatidae,239.88329190194898,272.1101715018896
LME_045,Northwest Australian Shelf,LME,2019,Parastromateus niger,Black pomfret,Medium benthopelagics (30 - 89 cm),Perch-likes,0.9663397135,0.9663397135,0.0,0.9524184504000001,0.013921263100000001,parastromateus niger,2.93,exact_2020_supplement,2020 supplement MeanTL,high,Parastromateus niger,85.11380382023768,82.24884879854369
LME_045,Northwest Australian Shelf,LME,2019,Batoidea,"Batoids, skates, rays, sawfishes",Large rays (>=90 cm),Sharks & rays,0.9652310344999999,0.9652310344999999,0.0,0.8581514371,0.1070795974,batoidea,3.72,exact_sea_around_us,Sea Around Us exploited organisms,high,Batoidea,524.8074602497728,506.5604477702058
LME_045,Northwest Australian Shelf,LME,2019,Sphyraena obtusata,Obtuse barracuda,Medium reef assoc. fish (30 - 89 cm),Perch-likes,0.9607910284,0.9607910284,0.0,0.0,0.9607910284,sphyraena obtusata,4.5,exact_2020_supplement,2020 supplement MeanTL,high,Sphyraena obtusata,3162.2776601683795,3038.288005199523
LME_045,Northwest Australian Shelf,LME,2019,Alopias vulpinus,Thresher,Large sharks (>=90 cm),Sharks & rays,0.9505526146000001,0.9505526146000001,0.0,0.931560532,0.0189920826,alopias vulpinus,4.5,exact_2020_supplement,2020 supplement MeanTL,high,Alopias vulpinus,3162.2776601683795,3005.9112979642236
LME_045,Northwest Australian Shelf,LME,2019,Cephalopholis sonnerati,Tomato hind,Medium reef assoc. fish (30 - 89 cm),Perch-likes,0.9139583493,0.9139583493,0.0,0.2693773116,0.6445810377,cephalopholis sonnerati,3.81,exact_2020_supplement,2020 supplement MeanTL,high,Cephalopholis sonnerati,645.6542290346556,590.1010733870779
LME_045,Northwest Australian Shelf,LME,2019,Chirocentrus dorab,Dorab wolf-herring,Large benthopelagics (>=90 cm),Herring-likes,0.9131650793,0.9131650793,0.0,0.4370891382,0.47607594109999996,chirocentrus dorab,4.2,exact_2020_supplement,2020 supplement MeanTL,high,Chirocentrus dorab,1584.893192461114,1447.2691177757833
LME_045,Northwest Australian Shelf,LME,2019,Wattsia mossambica,Mozambique large-eye bream,Medium demersals (30 - 89 cm),Perch-likes,0.8307466299,0.8307466299,0.0,0.8307466299,0.0,wattsia mossambica,3.65,exact_2020_supplement,2020 supplement MeanTL,high,Wattsia mossambica,446.683592150963,371.0808888110386
LME_045,Northwest Australian Shelf,LME,2019,Plectropomus leopardus,Leopard coralgrouper,Large reef assoc. fish (>=90 cm),Perch-likes,0.8251445493,0.8251445493,0.0,0.5845586631,0.2405858862,plectropomus leopardus,4.42,exact_2020_supplement,2020 supplement MeanTL,high,Plectropomus leopardus,2630.2679918953813,2170.3512967107304
LME_045,Northwest Australian Shelf,LME,2019,Chromileptes altivelis,Humpback grouper,Medium reef assoc. fish (30 - 89 cm),Perch-likes,0.814184955,0.814184955,0.0,0.0,0.814184955,chromileptes altivelis,4.5,exact_sea_around_us,Sea Around Us exploited organisms,high,Chromileptes altivelis,3162.2776601683795,2574.678894441697
LME_045,Northwest Australian Shelf,LME,2019,Sphyrna,Hammerhead sharks,Large sharks (>=90 cm),Sharks & rays,0.7921711858,0.7921711858,0.0,0.7921711858,0.0,sphyrna,4.2,exact_sea_around_us,Sea Around Us exploited organisms,high,Sphyrna,1584.893192461114,1255.5067196382684
LME_045,Northwest Australian Shelf,LME,2019,Carcharhinidae,Requiem sharks,Large sharks (>=90 cm),Sharks & rays,0.7519790183,0.7519790183,0.0,0.7158002688,0.0361787495,carcharhinidae,4.24,exact_sea_around_us,Sea Around Us exploited organisms,high,Carcharhinidae,1737.8008287493763,1306.7897612038823
LME_045,Northwest Australian Shelf,LME,2019,Pomadasys kaakan,Javelin grunter,Medium reef assoc. fish (30 - 89 cm),Perch-likes,0.7319608349,0.7319608349,0.0,0.0,0.7319608349,pomadasys kaakan,3.46,exact_2020_supplement,2020 supplement MeanTL,high,Pomadasys kaakan,288.40315031266056,211.0998106906452
LME_045,Northwest Australian Shelf,LME,2019,Holothuriidae,Fleshy sea cucumbers,Other demersal invertebrates,Other fishes & inverts,0.7253971486999999,0.7253971486999999,0.0,0.7253971486999999,0.0,holothuriidae,2.0,exact_sea_around_us,Sea Around Us exploited organisms,high,Holothuriidae,10.0,7.253971486999999
LME_045,Northwest Australian Shelf,LME,2019,Thunnus tonggol,Longtail tuna,Large pelagics (>=90 cm),Tuna & billfishes,0.7160432505000001,0.7160432505000001,0.0,0.21836921990000002,0.4976740306,thunnus tonggol,4.5,exact_2020_supplement,2020 supplement MeanTL,high,Thunnus tonggol,3162.2776601683795,2264.327574770501
LME_045,Northwest Australian Shelf,LME,2019,Kyphosus,Sea chubs,Medium reef assoc. fish (30 - 89 cm),Perch-likes,0.6932615389,0.6932615389,0.0,0.0,0.6932615389,kyphosus,2.05,exact_sea_around_us,Sea Around Us exploited organisms,high,Kyphosus,11.220184543019629,7.778522403035781
LME_045,Northwest Australian Shelf,LME,2019,Alopias,Thresher sharks,Large sharks (>=90 cm),Sharks & rays,0.6770655983,0.6770655983,0.0,0.6770655983,0.0,alopias,4.5,exact_sea_around_us,Sea Around Us exploited organisms,high,Alopias,3162.2776601683795,2141.069415972628
LME_045,Northwest Australian Shelf,LME,2019,Beryx decadactylus,Alfonsino,Medium bathydemersals (30 - 89 cm),Other fishes & inverts,0.6768146222,0.6768146222,0.0,0.6768146222,0.0,beryx decadactylus,4.13,exact_2020_supplement,2020 supplement MeanTL,high,Beryx decadactylus,1348.9628825916532,912.9978037430927
LME_045,Northwest Australian Shelf,LME,2019,Istiophoridae,Billfishes,Large pelagics (>=90 cm),Tuna & billfishes,0.6637695394,0.6637695394,0.0,0.0,0.6637695394,istiophoridae,4.48,exact_sea_around_us,Sea Around Us exploited organisms,high,Istiophoridae,3019.951720402019,2004.5519624614858
LME_045,Northwest Australian Shelf,LME,2019,Epinephelus tauvina,Greasy grouper,Medium reef assoc. fish (30 - 89 cm),Perch-likes,0.6593288054,0.6593288054,0.0,0.0,0.6593288054,epinephelus tauvina,4.13,exact_2020_supplement,2020 supplement MeanTL,high,Epinephelus tauvina,1348.9628825916532,889.4100859080952
LME_045,Northwest Australian Shelf,LME,2019,Carcharhinus amboinensis,Pigeye shark,Large sharks (>=90 cm),Sharks & rays,0.6515332602,0.6515332602,0.0,0.0,0.6515332602,carcharhinus amboinensis,4.28,exact_2020_supplement,2020 supplement MeanTL,high,Carcharhinus amboinensis,1905.4607179632483,1241.471033757628
LME_045,Northwest Australian Shelf,LME,2019,Carcharhinus sorrah,Spottail shark,Large sharks (>=90 cm),Sharks & rays,0.6343141575,0.6343141575,0.0,0.6343141575,0.0,carcharhinus sorrah,4.15,exact_2020_supplement,2020 supplement MeanTL,high,Carcharhinus sorrah,1412.5375446227554,895.9925625545017
LME_045,Northwest Australian Shelf,LME,2019,Sphyraena barracuda,Great barracuda,Large pelagics (>=90 cm),Perch-likes,0.6086256357,0.6086256357,0.0,0.0,0.6086256357,sphyraena barracuda,4.49,exact_2020_supplement,2020 supplement MeanTL,high,Sphyraena barracuda,3090.295432513592,1880.8330221143913
LME_045,Northwest Australian Shelf,LME,2019,Squalus mitsukurii,Shortspine spurdog,Small to medium sharks (<90 cm),Sharks & rays,0.5873419843,0.5873419843,0.0,0.5873419843,0.0,squalus mitsukurii,4.37,exact_2020_supplement,2020 supplement MeanTL,high,Squalus mitsukurii,2344.228815319923,1376.8640040432417
LME_045,Northwest Australian Shelf,LME,2019,Lobotes surinamensis,Tripletail,Large benthopelagics (>=90 cm),Perch-likes,0.5828152089,0.5828152089,0.0,0.2933927635,0.2894224454,lobotes surinamensis,4.04,exact_2020_supplement,2020 supplement MeanTL,high,Lobotes surinamensis,1096.4781961431852,639.0441689394858
LME_045,Northwest Australian Shelf,LME,2019,Scomberoides commersonnianus,Talang queenfish,Large reef assoc. fish (>=90 cm),Perch-likes,0.5552279807,0.5552279807,0.0,0.5483393991,0.0068885816,scomberoides commersonnianus,4.48,exact_2020_supplement,2020 supplement MeanTL,high,Scomberoides commersonnianus,3019.951720402019,1676.761695530304
LME_045,Northwest Australian Shelf,LME,2019,Psettodes erumei,Indian halibut,Small to medium flatfishes (<90 cm),Flatfishes,0.5198470889,0.5198470889,0.0,0.5198468754,2.135e-07,psettodes erumei,4.39,exact_2020_supplement,2020 supplement MeanTL,high,Psettodes erumei,2454.7089156850284,1276.0732839157374
LME_045,Northwest Australian Shelf,LME,2019,Gadiformes,Cods,Medium benthopelagics (30 - 89 cm),Cod-likes,0.514754657,0.514754657,0.0,0.514754657,0.0,gadiformes,3.91,exact_sea_around_us,Sea Around Us exploited organisms,high,Gadiformes,812.8305161640995,418.40829354718403
LME_045,Northwest Australian Shelf,LME,2019,Sepiidae,Cuttlefishes,Cephalopods,Other fishes & inverts,0.5059544245,0.2978879251,0.2080664994,0.2823683092,0.2235861153,sepiidae,3.6,exact_sea_around_us,Sea Around Us exploited organisms,high,Sepiidae,398.1071705534973,201.42408436671812
LME_045,Northwest Australian Shelf,LME,2019,Pentaceros decacanthus,Bigspined boarfish,Medium bathydemersals (30 - 89 cm),Perch-likes,0.4526518552,0.4526518552,0.0,0.4526518552,0.0,pentaceros decacanthus,3.33,exact_sea_around_us,Sea Around Us exploited organisms,high,Pentaceros decacanthus,213.79620895022325,96.7752506160454
LME_045,Northwest Australian Shelf,LME,2019,Alectis ciliaris,African pompano,Large pelagics (>=90 cm),Perch-likes,0.4425301215,0.4425301215,0.0,0.0,0.4425301215,alectis ciliaris,3.95,exact_2020_supplement,2020 supplement MeanTL,high,Alectis ciliaris,891.2509381337459,394.4053859393155
LME_045,Northwest Australian Shelf,LME,2019,Hemiramphus,Halfbeaks,Medium pelagics (30 - 89 cm),Other fishes & inverts,0.4040063256,0.4040063256,0.0,0.0,0.4040063256,hemiramphus,3.05,exact_sea_around_us,Sea Around Us exploited organisms,high,Hemiramphus,112.2018454301963,45.33025529779276
LME_045,Northwest Australian Shelf,LME,2019,Gymnocranius,Largeeye breams,Medium reef assoc. fish (30 - 89 cm),Perch-likes,0.3974458052,0.3974458052,0.0,0.3888834046,0.0085624006,gymnocranius,3.4,exact_sea_around_us,Sea Around Us exploited organisms,high,Gymnocranius,251.18864315095797,99.83387253422795
LME_045,Northwest Australian Shelf,LME,2019,Himantura,Whiprays,Large rays (>=90 cm),Sharks & rays,0.3673570266,0.3673570266,0.0,0.0,0.3673570266,himantura,3.85,exact_sea_around_us,Sea Around Us exploited organisms,high,Himantura,707.945784384138,260.06885834536166
LME_045,Northwest Australian Shelf,LME,2019,Pseudorhombus arsius,Largetooth flounder,Small to medium flatfishes (<90 cm),Flatfishes,0.3595567393,0.3595567393,0.0,0.0,0.3595567393,pseudorhombus arsius,4.16,exact_2020_supplement,2020 supplement MeanTL,high,Pseudorhombus arsius,1445.439770745928,519.7176108239454
LME_045,Northwest Australian Shelf,LME,2019,Lutjanus quinquelineatus,Five-lined snapper,Medium reef assoc. fish (30 - 89 cm),Perch-likes,0.341970472,0.341970472,0.0,0.3306328166,0.0113376554,lutjanus quinquelineatus,3.68,exact_2020_supplement,2020 supplement MeanTL,high,Lutjanus quinquelineatus,478.6300923226385,163.67735858497628
LME_045,Northwest Australian Shelf,LME,2019,Heptranchias perlo,Sharpnose sevengill shark,Large sharks (>=90 cm),Sharks & rays,0.32940731139999996,0.32940731139999996,0.0,0.32940731139999996,0.0,heptranchias perlo,4.16,exact_2020_supplement,2020 supplement MeanTL,high,Heptranchias perlo,1445.439770745928,476.13842867204846
LME_045,Northwest Australian Shelf,LME,2019,Mytilidae,Sea mussels,Other demersal invertebrates,Molluscs,0.32897731469999997,0.32897731469999997,0.0,0.32897731469999997,0.0,mytilidae,2.0,exact_sea_around_us,Sea Around Us exploited organisms,high,Mytilidae,10.0,3.2897731469999996
LME_045,Northwest Australian Shelf,LME,2019,Nemipterus,Threadfin breams,Small demersals (<30 cm),Perch-likes,0.2361249008,0.2361249008,0.0,0.0,0.2361249008,nemipterus,3.72,exact_sea_around_us,Sea Around Us exploited organisms,high,Nemipterus,524.8074602497728,123.92010949057756
LME_045,Northwest Australian Shelf,LME,2019,Ruvettus pretiosus,Oilfish,Large benthopelagics (>=90 cm),Perch-likes,0.22919136080000002,0.22919136080000002,0.0,0.1031635123,0.1260278485,ruvettus pretiosus,4.18,exact_2020_supplement,2020 supplement MeanTL,high,Ruvettus pretiosus,1513.5612484362073,346.89516218324127
LME_045,Northwest Australian Shelf,LME,2019,Caprodon longimanus,Pink maomao,Medium reef assoc. fish (30 - 89 cm),Perch-likes,0.2248951716,0.2248951716,0.0,0.2248951716,0.0,caprodon longimanus,3.92,exact_2020_supplement,2020 supplement MeanTL,high,Caprodon longimanus,831.7637711026708,187.05965603279827
LME_045,Northwest Australian Shelf,LME,2019,Caranx lugubris,Black jack,Large benthopelagics (>=90 cm),Perch-likes,0.2232975267,0.2232975267,0.0,0.21687229319999998,0.0064252335,caranx lugubris,4.5,exact_2020_supplement,2020 supplement MeanTL,high,Caranx lugubris,3162.2776601683795,706.1287802542622
LME_045,Northwest Australian Shelf,LME,2019,Sphyraena jello,Pickhandle barracuda,Large reef assoc. fish (>=90 cm),Perch-likes,0.203565469,0.203565469,0.0,0.0,0.203565469,sphyraena jello,4.5,exact_2020_supplement,2020 supplement MeanTL,high,Sphyraena jello,3162.2776601683795,643.7305350003987
LME_045,Northwest Australian Shelf,LME,2019,Epinephelus merra,Honeycomb grouper,Small reef assoc. fish (<30 cm),Perch-likes,0.1708556517,0.1708556517,0.0,0.1553227726,0.0155328791,epinephelus merra,3.82,exact_2020_supplement,2020 supplement MeanTL,high,Epinephelus merra,660.6934480075957,112.88320963325783
LME_045,Northwest Australian Shelf,LME,2019,Centrophorus granulosus,Gulper shark,Large sharks (>=90 cm),Sharks & rays,0.14865710110000002,0.14865710110000002,0.0,0.14865710110000002,0.0,centrophorus granulosus,4.11,exact_2020_supplement,2020 supplement MeanTL,high,Centrophorus granulosus,1288.249551693135,191.50744384807606
LME_045,Northwest Australian Shelf,LME,2019,Latris lineata,Striped trumpeter,Small pelagics (<30 cm),Perch-likes,0.1388835597,0.1388835597,0.0,0.1388835597,0.0,latris lineata,3.7,exact_sea_around_us,Sea Around Us exploited organisms,high,Latris lineata,501.18723362727246,69.60666708235114
LME_045,Northwest Australian Shelf,LME,2019,Platycaranx chrysophrys,Longnose trevally,Small pelagics (<30 cm),Perch-likes,0.1376555428,0.1376555428,0.0,0.0,0.1376555428,platycaranx chrysophrys,4.3,exact_sea_around_us,Sea Around Us exploited organisms,high,Platycaranx chrysophrys,1995.2623149688789,274.6589169954256
LME_045,Northwest Australian Shelf,LME,2019,Scyris indica,Indian threadfish,Large reef assoc. fish (>=90 cm),Perch-likes,0.125936553,0.125936553,0.0,0.0,0.125936553,scyris indica,4.09,exact_sea_around_us,Sea Around Us exploited organisms,high,Scyris indica,1230.268770812381,154.93580825965827
LME_045,Northwest Australian Shelf,LME,2019,Caranx papuensis,Brassy trevally,Medium reef assoc. fish (30 - 89 cm),Perch-likes,0.1244774074,0.1244774074,0.0,0.0,0.1244774074,caranx papuensis,3.98,exact_2020_supplement,2020 supplement MeanTL,high,Caranx papuensis,954.992586021436,118.87500119416983
LME_045,Northwest Australian Shelf,LME,2019,Charybdis,Whirlpool swimming crabs,"Lobsters, crabs",Crustaceans,0.1203621368,0.1203621368,0.0,0.1203621368,0.0,charybdis,2.7,exact_sea_around_us,Sea Around Us exploited organisms,high,Charybdis,50.11872336272725,6.032396637625934
LME_045,Northwest Australian Shelf,LME,2019,Penaeus monodon,Giant tiger prawn,Shrimps,Crustaceans,0.1191070331,0.1191070331,0.0,0.11884718429999999,0.0002598488,penaeus monodon,2.6,exact_sea_around_us,Sea Around Us exploited organisms,high,Penaeus monodon,39.810717055349734,4.741736394046275
LME_045,Northwest Australian Shelf,LME,2019,Cheilinus undulatus,Humphead wrasse,Large reef assoc. fish (>=90 cm),Perch-likes,0.1174607016,0.1174607016,0.0,0.0,0.1174607016,cheilinus undulatus,3.99,exact_2020_supplement,2020 supplement MeanTL,high,Cheilinus undulatus,977.2372209558112,114.7869696031038
LME_045,Northwest Australian Shelf,LME,2019,Scorpaenidae,"Scorpionfishes, rockfishes",Large reef assoc. fish (>=90 cm),Scorpionfishes,0.0942449283,0.0942449283,0.0,0.0924688193,0.001776109,scorpaenidae,3.92,exact_sea_around_us,Sea Around Us exploited organisms,high,Scorpaenidae,831.7637711026708,78.38951697010883
LME_045,Northwest Australian Shelf,LME,2019,Etelis,Snappers,Medium bathydemersals (30 - 89 cm),Perch-likes,0.093143205,0.093143205,0.0,0.0,0.093143205,etelis,4.36,exact_sea_around_us,Sea Around Us exploited organisms,high,Etelis,2290.867652767775,213.3787554096177
LME_045,Northwest Australian Shelf,LME,2019,Etmopterus,Lanternsharks,Small to medium sharks (<90 cm),Sharks & rays,0.0881215723,0.0881215723,0.0,0.0881215723,0.0,etmopterus,4.02,exact_sea_around_us,Sea Around Us exploited organisms,high,Etmopterus,1047.1285480508984,92.27461405446128
LME_045,Northwest Australian Shelf,LME,2019,Peristediidae,"Armored searobins, gurnards",Medium bathydemersals (30 - 89 cm),Scorpionfishes,0.0855397051,0.0855397051,0.0,0.0855397051,0.0,peristediidae,3.47,exact_sea_around_us,Sea Around Us exploited organisms,high,Peristediidae,295.1209226666387,25.24455669374418
LME_045,Northwest Australian Shelf,LME,2019,Sphyraena qenie,Blackfin barracuda,Large reef assoc. fish (>=90 cm),Perch-likes,0.0854433178,0.0854433178,0.0,0.0,0.0854433178,sphyraena qenie,4.4,exact_2020_supplement,2020 supplement MeanTL,high,Sphyraena qenie,2511.886431509582,214.62391064498115
LME_045,Northwest Australian Shelf,LME,2019,Lethrinus xanthochilus,Yellowlip emperor,Medium reef assoc. fish (30 - 89 cm),Perch-likes,0.072712333,0.072712333,0.0,0.0,0.072712333,lethrinus xanthochilus,3.78,exact_2020_supplement,2020 supplement MeanTL,high,Lethrinus xanthochilus,602.5595860743575,43.81351327498085
LME_045,Northwest Australian Shelf,LME,2019,Pomadasys maculatus,Saddle grunt,Medium reef assoc. fish (30 - 89 cm),Perch-likes,0.0715766967,0.0715766967,0.0,0.0,0.0715766967,pomadasys maculatus,4.04,exact_2020_supplement,2020 supplement MeanTL,high,Pomadasys maculatus,1096.4781961431852,78.48228728350388
LME_045,Northwest Australian Shelf,LME,2019,Carcharhiniformes,Ground sharks,Large sharks (>=90 cm),Sharks & rays,0.066111325,0.066111325,0.0,0.0511611751,0.0149501499,carcharhiniformes,4.08,exact_sea_around_us,Sea Around Us exploited organisms,high,Carcharhiniformes,1202.2644346174131,79.48329477293305
LME_045,Northwest Australian Shelf,LME,2019,Myctophidae,Lanternfishes,Small pelagics (<30 cm),Other fishes & inverts,0.0653867551,0.0653867551,0.0,0.0653867551,0.0,myctophidae,3.3,exact_sea_around_us,Sea Around Us exploited organisms,high,Myctophidae,199.52623149688787,13.046372834912914
LME_045,Northwest Australian Shelf,LME,2019,Auxis rochei,Bullet tuna,Medium pelagics (30 - 89 cm),Tuna & billfishes,0.06470473239999999,0.06470473239999999,0.0,0.0619332153,0.0027715171,auxis rochei,4.13,exact_2020_supplement,2020 supplement MeanTL,high,Auxis rochei,1348.9628825916532,87.28428233562552
LME_045,Northwest Australian Shelf,LME,2019,Balistidae,Triggerfishes,Medium reef assoc. fish (30 - 89 cm),Other fishes & inverts,0.0489538729,0.0489538729,0.0,0.0,0.0489538729,balistidae,3.25,exact_sea_around_us,Sea Around Us exploited organisms,high,Balistidae,177.82794100389228,8.705366421973242
LME_045,Northwest Australian Shelf,LME,2019,Symphorichthys spilurus,Sailfin snapper,Medium reef assoc. fish (30 - 89 cm),Perch-likes,0.0451010804,0.0451010804,0.0,0.0,0.0451010804,symphorichthys spilurus,3.8,exact_2020_supplement,2020 supplement MeanTL,high,Symphorichthys spilurus,630.957344480193,28.456857922371682
LME_045,Northwest Australian Shelf,LME,2019,Cetorhinus maximus,Basking shark,Large sharks (>=90 cm),Sharks & rays,0.0445394943,0.0445394943,0.0,0.0445394943,0.0,cetorhinus maximus,3.2,exact_2020_supplement,2020 supplement MeanTL,high,Cetorhinus maximus,158.48931924611142,7.0590341311730604
LME_045,Northwest Australian Shelf,LME,2019,Scomber australasicus,Blue mackerel,Medium pelagics (30 - 89 cm),Perch-likes,0.043503883400000005,0.043503883400000005,0.0,0.043503883400000005,0.0,scomber australasicus,4.23,exact_2020_supplement,2020 supplement MeanTL,high,Scomber australasicus,1698.243652461746,73.88019384148593
LME_045,Northwest Australian Shelf,LME,2019,Pomadasys argenteus,Silver grunt,Medium demersals (30 - 89 cm),Perch-likes,0.0427884728,0.0427884728,0.0,0.0427884728,0.0,pomadasys argenteus,3.47,exact_2020_supplement,2020 supplement MeanTL,high,Pomadasys argenteus,295.1209226666387,12.627773572232373
LME_045,Northwest Australian Shelf,LME,2019,Bramidae,Pomfrets,Medium pelagics (30 - 89 cm),Perch-likes,0.0412884762,0.0412884762,0.0,0.0412884762,0.0,bramidae,4.14,exact_sea_around_us,Sea Around Us exploited organisms,high,Bramidae,1380.3842646028838,56.993962855910674
LME_045,Northwest Australian Shelf,LME,2019,Odontaspis ferox,Smalltooth sand tiger,Large sharks (>=90 cm),Sharks & rays,0.0407320252,0.0407320252,0.0,0.0407320252,0.0,odontaspis ferox,4.16,exact_2020_supplement,2020 supplement MeanTL,high,Odontaspis ferox,1445.439770745928,58.875689167105364
LME_045,Northwest Australian Shelf,LME,2019,Epinephelus fasciatus,Blacktip grouper,Medium reef assoc. fish (30 - 89 cm),Perch-likes,0.0402589231,0.0402589231,0.0,0.0,0.0402589231,epinephelus fasciatus,3.72,exact_2020_supplement,2020 supplement MeanTL,high,Epinephelus fasciatus,524.8074602497728,21.128183184501914
LME_045,Northwest Australian Shelf,LME,2019,Caranx,Jacks,Medium reef assoc. fish (30 - 89 cm),Perch-likes,0.0371144146,0.0371144146,0.0,0.0323300323,0.0047843823,caranx,4.12,exact_sea_around_us,Sea Around Us exploited organisms,high,Caranx,1318.2567385564075,48.92632714402632
LME_045,Northwest Australian Shelf,LME,2019,Monotaxis grandoculis,Humpnose big-eye bream,Medium reef assoc. fish (30 - 89 cm),Perch-likes,0.0366927927,0.0366927927,0.0,0.0,0.0366927927,monotaxis grandoculis,3.37,exact_2020_supplement,2020 supplement MeanTL,high,Monotaxis grandoculis,234.42288153199226,8.60163019619005
LME_045,Northwest Australian Shelf,LME,2019,Cephalopholis argus,Peacock hind,Medium reef assoc. fish (30 - 89 cm),Perch-likes,0.0363279293,0.0363279293,0.0,0.0,0.0363279293,cephalopholis argus,4.48,exact_2020_supplement,2020 supplement MeanTL,high,Cephalopholis argus,3019.951720402019,109.70859258817791
LME_045,Northwest Australian Shelf,LME,2019,Trachinotus blochii,Snubnose pompano,Large reef assoc. fish (>=90 cm),Perch-likes,0.0347485199,0.0347485199,0.0,0.0,0.0347485199,trachinotus blochii,3.74,exact_2020_supplement,2020 supplement MeanTL,high,Trachinotus blochii,549.5408738576248,19.095731991105062
LME_045,Northwest Australian Shelf,LME,2019,Ophichthidae,Snake eels,Medium demersals (30 - 89 cm),Other fishes & inverts,0.0320937337,0.0320937337,0.0,0.0,0.0320937337,ophichthidae,3.64,exact_sea_around_us,Sea Around Us exploited organisms,high,Ophichthidae,436.5158322401661,14.009422875749767
LME_045,Northwest Australian Shelf,LME,2019,Platax orbicularis,Orbicular batfish,Medium reef assoc. fish (30 - 89 cm),Perch-likes,0.0319032237,0.0319032237,0.0,0.0,0.0319032237,platax orbicularis,3.33,exact_2020_supplement,2020 supplement MeanTL,high,Platax orbicularis,213.79620895022325,6.8207882803509134
LME_045,Northwest Australian Shelf,LME,2019,Mola,Sunfishes,Large pelagics (>=90 cm),Other fishes & inverts,0.029295244800000002,0.029295244800000002,0.0,0.029295244800000002,0.0,mola,3.68,exact_sea_around_us,Sea Around Us exploited organisms,high,Mola,478.6300923226385,14.021585723238298
LME_045,Northwest Australian Shelf,LME,2019,Pseudocaranx dentex,White trevally,Large reef assoc. fish (>=90 cm),Perch-likes,0.029060655499999997,0.028027795499999997,0.00103286,0.028027795499999997,0.00103286,pseudocaranx dentex,3.92,exact_2020_supplement,2020 supplement MeanTL,high,Pseudocaranx dentex,831.7637711026708,24.17160040939557
LME_045,Northwest Australian Shelf,LME,2019,Scarus rubroviolaceus,Ember parrotfish,Medium reef assoc. fish (30 - 89 cm),Perch-likes,0.0260717424,0.0260717424,0.0,0.0,0.0260717424,scarus rubroviolaceus,2.0,exact_2020_supplement,2020 supplement MeanTL,high,Scarus rubroviolaceus,10.0,0.260717424
LME_045,Northwest Australian Shelf,LME,2019,Grammatorcynus bilineatus,Double-lined mackerel,Large reef assoc. fish (>=90 cm),Perch-likes,0.0240207852,0.0240207852,0.0,0.0,0.0240207852,grammatorcynus bilineatus,4.18,exact_2020_supplement,2020 supplement MeanTL,high,Grammatorcynus bilineatus,1513.5612484362073,36.35692963572997
LME_045,Northwest Australian Shelf,LME,2019,Parupeneus cyclostomus,Gold-saddle goatfish,Medium reef assoc. fish (30 - 89 cm),Perch-likes,0.0233264691,0.0233264691,0.0,0.0,0.0233264691,parupeneus cyclostomus,4.2,exact_2020_supplement,2020 supplement MeanTL,high,Parupeneus cyclostomus,1584.893192461114,36.96996208074453
LME_045,Northwest Australian Shelf,LME,2019,Macolor niger,Black and white snapper,Medium reef assoc. fish (30 - 89 cm),Perch-likes,0.0225040661,0.0225040661,0.0,0.0,0.0225040661,macolor niger,4.01,exact_2020_supplement,2020 supplement MeanTL,high,Macolor niger,1023.2929922807537,23.02825313795287
LME_045,Northwest Australian Shelf,LME,2019,Diastobranchus capensis,Basketwork eel,Large bathydemersals (>=90 cm),Other fishes & inverts,0.0205737243,0.0205737243,0.0,0.0205737243,0.0,diastobranchus capensis,3.99,exact_sea_around_us,Sea Around Us exploited organisms,high,Diastobranchus capensis,977.2372209558112,20.105409159643038
LME_045,Northwest Australian Shelf,LME,2019,Naucrates ductor,Pilotfish,Medium pelagics (30 - 89 cm),Perch-likes,0.0205621996,0.0205621996,0.0,0.0,0.0205621996,naucrates ductor,3.98,exact_2020_supplement,2020 supplement MeanTL,high,Naucrates ductor,954.992586021436,19.636748170292936
LME_045,Northwest Australian Shelf,LME,2019,Epinephelus coeruleopunctatus,Whitespotted grouper,Medium reef assoc. fish (30 - 89 cm),Perch-likes,0.0205079639,0.0205079639,0.0,0.0,0.0205079639,epinephelus coeruleopunctatus,3.72,exact_2020_supplement,2020 supplement MeanTL,high,Epinephelus coeruleopunctatus,524.8074602497728,10.762732449253026
LME_045,Northwest Australian Shelf,LME,2019,Rhynchobatus australiae,Whitespotted wedgefish,Large rays (>=90 cm),Sharks & rays,0.0204762954,0.0204762954,0.0,0.0,0.0204762954,rhynchobatus australiae,3.54,exact_2020_supplement,2020 supplement MeanTL,high,Rhynchobatus australiae,346.73685045253166,7.099886175931662
LME_045,Northwest Australian Shelf,LME,2019,Diodon,Porcupinefishes,Medium reef assoc. fish (30 - 89 cm),Other fishes & inverts,0.0201952917,0.0201952917,0.0,0.015542943,0.0046523487,diodon,3.36,exact_sea_around_us,Sea Around Us exploited organisms,high,Diodon,229.08676527677724,4.626474049373948
LME_045,Northwest Australian Shelf,LME,2019,Synanceiidae,Stonefishes,Medium demersals (30 - 89 cm),Scorpionfishes,0.0174556892,0.0174556892,0.0,0.0,0.0174556892,synanceiidae,4.2,exact_sea_around_us,Sea Around Us exploited organisms,high,Synanceiidae,1584.893192461114,27.665402982796987
LME_045,Northwest Australian Shelf,LME,2019,Bodianus bilunulatus,Tarry hogfish,Medium reef assoc. fish (30 - 89 cm),Perch-likes,0.0167814745,0.0167814745,0.0,0.0,0.0167814745,bodianus bilunulatus,3.44,exact_2020_supplement,2020 supplement MeanTL,high,Bodianus bilunulatus,275.4228703338166,4.62200187522375
LME_045,Northwest Australian Shelf,LME,2019,Caesio teres,Yellow and blueback fusilier,Medium reef assoc. fish (30 - 89 cm),Perch-likes,0.0164255627,0.0164255627,0.0,0.0,0.0164255627,caesio teres,3.4,exact_2020_supplement,2020 supplement MeanTL,high,Caesio teres,251.18864315095797,4.125914807603986
LME_045,Northwest Australian Shelf,LME,2019,Lutjanus fulviflamma,Dory snapper,Medium reef assoc. fish (30 - 89 cm),Perch-likes,0.0154449096,0.0154449096,0.0,0.0,0.0154449096,lutjanus fulviflamma,3.79,exact_2020_supplement,2020 supplement MeanTL,high,Lutjanus fulviflamma,616.5950018614822,9.523254063562424
LME_045,Northwest Australian Shelf,LME,2019,Brama brama,Atlantic pomfret,Medium bathypelagics (30 - 89 cm),Perch-likes,0.015432018999999998,0.015432018999999998,0.0,0.015432018999999998,0.0,brama brama,4.08,exact_2020_supplement,2020 supplement MeanTL,high,Brama brama,1202.2644346174131,18.553367598040175
LME_045,Northwest Australian Shelf,LME,2019,Drepane punctata,Spotted sicklefish,Medium reef assoc. fish (30 - 89 cm),Perch-likes,0.0153030468,0.0153030468,0.0,0.0,0.0153030468,drepane punctata,3.32,exact_2020_supplement,2020 supplement MeanTL,high,Drepane punctata,208.92961308540387,3.1972596469518275
LME_045,Northwest Australian Shelf,LME,2019,Caesio lunaris,Lunar fusilier,Medium reef assoc. fish (30 - 89 cm),Perch-likes,0.0152223888,0.0152223888,0.0,0.0,0.0152223888,caesio lunaris,3.4,exact_2020_supplement,2020 supplement MeanTL,high,Caesio lunaris,251.18864315095797,3.8236911881883393
LME_045,Northwest Australian Shelf,LME,2019,Naso brevirostris,Spotted unicornfish,Medium reef assoc. fish (30 - 89 cm),Perch-likes,0.0151665841,0.0151665841,0.0,0.0,0.0151665841,naso brevirostris,2.22,exact_2020_supplement,2020 supplement MeanTL,high,Naso brevirostris,16.595869074375614,0.2517026440291069
LME_045,Northwest Australian Shelf,LME,2019,Lutjanus bohar,Two-spot red snapper,Medium reef assoc. fish (30 - 89 cm),Perch-likes,0.0146039878,0.0146039878,0.0,0.0,0.0146039878,lutjanus bohar,4.27,exact_2020_supplement,2020 supplement MeanTL,high,Lutjanus bohar,1862.0871366628655,27.19389782636142
LME_045,Northwest Australian Shelf,LME,2019,Aphareus furca,Small toothed jobfish,Medium reef assoc. fish (30 - 89 cm),Perch-likes,0.0138373473,0.0138373473,0.0,0.0,0.0138373473,aphareus furca,4.14,exact_2020_supplement,2020 supplement MeanTL,high,Aphareus furca,1380.3842646028838,19.100856476765202
LME_045,Northwest Australian Shelf,LME,2019,Netuma thalassina,Giant catfish,Large demersals (>=90 cm),Other fishes & inverts,0.0137529796,0.0137529796,0.0,0.0,0.0137529796,netuma thalassina,3.54,exact_2020_supplement,2020 supplement MeanTL,high,Netuma thalassina,346.73685045253166,4.768664830841918
LME_045,Northwest Australian Shelf,LME,2019,Macolor macularis,Midnight snapper,Medium reef assoc. fish (30 - 89 cm),Perch-likes,0.0126852268,0.0126852268,0.0,0.0,0.0126852268,macolor macularis,3.97,exact_2020_supplement,2020 supplement MeanTL,high,Macolor macularis,933.2543007969915,11.838542467685258
LME_045,Northwest Australian Shelf,LME,2019,Pristipomoides sieboldii,Lavender jobfish,Medium bathydemersals (30 - 89 cm),Perch-likes,0.0121480234,0.0121480234,0.0,0.0,0.0121480234,pristipomoides sieboldii,3.67,exact_2020_supplement,2020 supplement MeanTL,high,Pristipomoides sieboldii,467.73514128719813,5.682057441359189
LME_045,Northwest Australian Shelf,LME,2019,Caranx melampygus,Bluefin trevally,Large reef assoc. fish (>=90 cm),Perch-likes,0.0115765284,0.0115765284,0.0,0.0,0.0115765284,caranx melampygus,4.49,exact_2020_supplement,2020 supplement MeanTL,high,Caranx melampygus,3090.295432513592,35.77489283888388
LME_045,Northwest Australian Shelf,LME,2019,Ablennes hians,Flat needlefish,Large pelagics (>=90 cm),Other fishes & inverts,0.0101296758,0.0101296758,0.0,0.0,0.0101296758,ablennes hians,4.5,exact_2020_supplement,2020 supplement MeanTL,high,Ablennes hians,3162.2776601683795,32.032847487088254
LME_045,Northwest Australian Shelf,LME,2019,Ariomma indica,Indian driftfish,Small benthopelagics (<30 cm),Perch-likes,0.009719247399999999,0.009719247399999999,0.0,0.009719247399999999,0.0,ariomma indica,3.63,exact_sea_around_us,Sea Around Us exploited organisms,high,Ariomma indica,426.57951880159254,4.146031879005629
LME_045,Northwest Australian Shelf,LME,2019,Scomberoides tol,Needlescaled queenfish,Medium pelagics (30 - 89 cm),Perch-likes,0.0092505095,0.0092505095,0.0,0.0,0.0092505095,scomberoides tol,4.11,exact_2020_supplement,2020 supplement MeanTL,high,Scomberoides tol,1288.249551693135,11.916964716308085
LME_045,Northwest Australian Shelf,LME,2019,Lutjanus fulvus,Blacktail snapper,Medium reef assoc. fish (30 - 89 cm),Perch-likes,0.00822845,0.00822845,0.0,0.0,0.00822845,lutjanus fulvus,3.61,exact_2020_supplement,2020 supplement MeanTL,high,Lutjanus fulvus,407.3802778041126,3.3521082468972505
LME_045,Northwest Australian Shelf,LME,2019,Holocentridae,"Squirrel-, soldierfishes",Small reef assoc. fish (<30 cm),Other fishes & inverts,0.008157816,0.008157816,0.0,0.0,0.008157816,holocentridae,3.49,exact_sea_around_us,Sea Around Us exploited organisms,high,Holocentridae,309.0295432513592,2.52100615240863
LME_045,Northwest Australian Shelf,LME,2019,Mene maculata,Moonfish,Medium reef assoc. fish (30 - 89 cm),Perch-likes,0.0077436207,0.0077436207,0.0,0.0,0.0077436207,mene maculata,3.45,exact_2020_supplement,2020 supplement MeanTL,high,Mene maculata,281.8382931264455,2.182448840706611
LME_045,Northwest Australian Shelf,LME,2019,Lutjanus kasmira,Common bluestripe snapper,Medium reef assoc. fish (30 - 89 cm),Perch-likes,0.0076288295,0.0076288295,0.0,0.0,0.0076288295,lutjanus kasmira,3.87,exact_2020_supplement,2020 supplement MeanTL,high,Lutjanus kasmira,741.3102413009177,5.655329437488559
LME_045,Northwest Australian Shelf,LME,2019,Platax,Spadefishes,Medium reef assoc. fish (30 - 89 cm),Perch-likes,0.0071970666,0.0071970666,0.0,0.0,0.0071970666,platax,3.53,exact_sea_around_us,Sea Around Us exploited organisms,high,Platax,338.84415613920237,2.4386839587546385
LME_045,Northwest Australian Shelf,LME,2019,Cheilinus,Wrasses,Medium reef assoc. fish (30 - 89 cm),Perch-likes,0.0068790747,0.0068790747,0.0,0.0,0.0068790747,cheilinus,3.44,exact_sea_around_us,Sea Around Us exploited organisms,high,Cheilinus,275.4228703338166,1.8946544991147383
LME_045,Northwest Australian Shelf,LME,2019,Carcharhinus tilstoni,Australian blacktip shark,Large sharks (>=90 cm),Sharks & rays,0.006864361,0.006864361,0.0,0.0,0.006864361,carcharhinus tilstoni,4.23,exact_2020_supplement,2020 supplement MeanTL,high,Carcharhinus tilstoni,1698.243652461746,11.657357496455964
LME_045,Northwest Australian Shelf,LME,2019,Plectropomus areolatus,Squaretail coralgrouper,Medium reef assoc. fish (30 - 89 cm),Perch-likes,0.0068091336,0.0068091336,0.0,0.0,0.0068091336,plectropomus areolatus,4.5,exact_2020_supplement,2020 supplement MeanTL,high,Plectropomus areolatus,3162.2776601683795,21.532371068381895
LME_045,Northwest Australian Shelf,LME,2019,Lethrinus ornatus,Ornate emperor,Medium reef assoc. fish (30 - 89 cm),Perch-likes,0.006297088,0.006297088,0.0,0.0,0.006297088,lethrinus ornatus,3.37,exact_2020_supplement,2020 supplement MeanTL,high,Lethrinus ornatus,234.42288153199226,1.4761815142205301
LME_045,Northwest Australian Shelf,LME,2019,Paracaesio xanthurus,Yellowtail blue snapper,Medium reef assoc. fish (30 - 89 cm),Perch-likes,0.0061879766,0.0061879766,0.0,0.0,0.0061879766,paracaesio xanthurus,3.4,exact_sea_around_us,Sea Around Us exploited organisms,high,Paracaesio xanthurus,251.18864315095797,1.554349446003878
LME_045,Northwest Australian Shelf,LME,2019,Gnathodentex aureolineatus,Striped large-eye bream,Medium reef assoc. fish (30 - 89 cm),Perch-likes,0.0058569317,0.0058569317,0.0,0.0,0.0058569317,gnathodentex aureolineatus,3.29,exact_2020_supplement,2020 supplement MeanTL,high,Gnathodentex aureolineatus,194.98445997580455,1.1420106646396708
LME_045,Northwest Australian Shelf,LME,2019,Cheilinus trilobatus,Tripletail wrasse,Medium reef assoc. fish (30 - 89 cm),Perch-likes,0.0057012592,0.0057012592,0.0,0.0,0.0057012592,cheilinus trilobatus,3.88,exact_2020_supplement,2020 supplement MeanTL,high,Cheilinus trilobatus,758.5775750291835,4.3248473785488235
LME_045,Northwest Australian Shelf,LME,2019,Decapterus,Scads,Medium pelagics (30 - 89 cm),Perch-likes,0.0053226005,0.0053226005,0.0,0.0,0.0053226005,decapterus,3.63,exact_sea_around_us,Sea Around Us exploited organisms,high,Decapterus,426.57951880159254,2.270512360063116
LME_045,Northwest Australian Shelf,LME,2019,Echinodermata,"Sea urchins, stars, cucumbers",Other demersal invertebrates,Other fishes & inverts,0.0047924017,0.0047924017,0.0,0.0,0.0047924017,echinodermata,2.3,exact_sea_around_us,Sea Around Us exploited organisms,high,Echinodermata,19.952623149688787,0.09562098510202789
LME_045,Northwest Australian Shelf,LME,2019,Caranx sexfasciatus,Bigeye trevally,Large reef assoc. fish (>=90 cm),Perch-likes,0.0047540414,0.0047540414,0.0,0.0,0.0047540414,caranx sexfasciatus,4.5,exact_2020_supplement,2020 supplement MeanTL,high,Caranx sexfasciatus,3162.2776601683795,15.033598914735606
LME_045,Northwest Australian Shelf,LME,2019,Decapterus muroadsi,Amberstripe scad,Medium pelagics (30 - 89 cm),Perch-likes,0.0047204269,0.0047204269,0.0,0.0,0.0047204269,decapterus muroadsi,3.4,exact_2020_supplement,2020 supplement MeanTL,high,Decapterus muroadsi,251.18864315095797,1.1857176281042827
LME_045,Northwest Australian Shelf,LME,2019,Epinephelus lanceolatus,Giant grouper,Large reef assoc. fish (>=90 cm),Perch-likes,0.0044231334,0.0044231334,0.0,0.0,0.0044231334,epinephelus lanceolatus,4.0,exact_2020_supplement,2020 supplement MeanTL,high,Epinephelus lanceolatus,1000.0,4.4231334
LME_045,Northwest Australian Shelf,LME,2019,Decapterus macarellus,Mackerel scad,Medium pelagics (30 - 89 cm),Perch-likes,0.0043298927,0.0043298927,0.0,0.0,0.0043298927,decapterus macarellus,3.96,exact_2020_supplement,2020 supplement MeanTL,high,Decapterus macarellus,912.0108393559096,3.9489090756480256
LME_045,Northwest Australian Shelf,LME,2019,Amblygaster sirm,Spotted sardinella,Small pelagics (<30 cm),Herring-likes,0.0041047938,0.0041047938,0.0,0.0,0.0041047938,amblygaster sirm,3.2,exact_2020_supplement,2020 supplement MeanTL,high,Amblygaster sirm,158.48931924611142,0.6505659750076589
LME_045,Northwest Australian Shelf,LME,2019,Parapenaeopsis,Leafy-legged shrimps,Shrimps,Crustaceans,0.0040957565000000005,0.0040957565000000005,0.0,0.0040957565000000005,0.0,parapenaeopsis,2.72,exact_sea_around_us,Sea Around Us exploited organisms,high,Parapenaeopsis,52.480746024977286,0.2149483566566499
LME_045,Northwest Australian Shelf,LME,2019,Cookeolus japonicus,Longfinned bullseye,Medium benthopelagics (30 - 89 cm),Perch-likes,0.0036562839,0.0036562839,0.0,0.0,0.0036562839,cookeolus japonicus,3.5,exact_2020_supplement,2020 supplement MeanTL,high,Cookeolus japonicus,316.22776601683796,1.1562184896203318
LME_045,Northwest Australian Shelf,LME,2019,Scarus oviceps,Darkcapped parrotfish,Medium reef assoc. fish (30 - 89 cm),Perch-likes,0.0028476656,0.0028476656,0.0,0.0,0.0028476656,scarus oviceps,2.0,exact_2020_supplement,2020 supplement MeanTL,high,Scarus oviceps,10.0,0.028476656
LME_045,Northwest Australian Shelf,LME,2019,Acanthurus,Surgeonfishes,Small reef assoc. fish (<30 cm),Perch-likes,0.0026948072,0.0026948072,0.0,0.0,0.0026948072,acanthurus,2.03,exact_sea_around_us,Sea Around Us exploited organisms,high,Acanthurus,10.71519305237606,0.028875379386932985
LME_045,Northwest Australian Shelf,LME,2019,Priacanthus macracanthus,Red bigeye,Medium reef assoc. fish (30 - 89 cm),Perch-likes,0.0026879061,0.0026879061,0.0,0.0,0.0026879061,priacanthus macracanthus,4.11,exact_2020_supplement,2020 supplement MeanTL,high,Priacanthus macracanthus,1288.249551693135,3.4626938283182427
LME_045,Northwest Australian Shelf,LME,2019,Aphareus rutilans,Rusty jobfish,Medium reef assoc. fish (30 - 89 cm),Perch-likes,0.0026586805,0.0026586805,0.0,0.0,0.0026586805,aphareus rutilans,4.11,exact_2020_supplement,2020 supplement MeanTL,high,Aphareus rutilans,1288.249551693135,3.4250439622202795
LME_045,Northwest Australian Shelf,LME,2019,Nemipterus hexodon,Ornate threadfin bream,Small demersals (<30 cm),Perch-likes,0.0025918211,0.0025918211,0.0,0.0,0.0025918211,nemipterus hexodon,3.93,exact_2020_supplement,2020 supplement MeanTL,high,Nemipterus hexodon,851.1380382023768,2.2059975264255263
LME_045,Northwest Australian Shelf,LME,2019,Siganus canaliculatus,White-spotted spinefoot,Small reef assoc. fish (<30 cm),Perch-likes,0.0023090807,0.0023090807,0.0,0.0,0.0023090807,siganus canaliculatus,2.76,exact_2020_supplement,2020 supplement MeanTL,high,Siganus canaliculatus,57.543993733715666,0.1328737253314438
LME_045,Northwest Australian Shelf,LME,2019,Caesionidae,Fusiliers,Medium reef assoc. fish (30 - 89 cm),Perch-likes,0.0022489035,0.0022489035,0.0,0.0,0.0022489035,caesionidae,3.39,exact_sea_around_us,Sea Around Us exploited organisms,high,Caesionidae,245.4708915685031,0.5520403471965272
LME_045,Northwest Australian Shelf,LME,2019,Scatophagus,Scats,Medium demersals (30 - 89 cm),Perch-likes,0.0019829355,0.0019829355,0.0,0.0019829355,0.0,scatophagus,2.75,exact_sea_around_us,Sea Around Us exploited organisms,high,Scatophagus,56.23413251903491,0.11150865768369875
LME_045,Northwest Australian Shelf,LME,2019,Sillago sihama,Silver sillago,Medium demersals (30 - 89 cm),Perch-likes,0.0017080929,0.0017080929,0.0,0.0,0.0017080929,sillago sihama,3.33,exact_2020_supplement,2020 supplement MeanTL,high,Sillago sihama,213.79620895022325,0.3651837865547928
LME_045,Northwest Australian Shelf,LME,2019,Cephalopholis boenak,Chocolate hind,Small reef assoc. fish (<30 cm),Perch-likes,0.0014971534,0.0014971534,0.0,0.0,0.0014971534,cephalopholis boenak,4.07,exact_2020_supplement,2020 supplement MeanTL,high,Cephalopholis boenak,1174.8975549395302,1.7590018690294043
LME_045,Northwest Australian Shelf,LME,2019,Cephalopholis urodeta,Darkfin hind,Small reef assoc. fish (<30 cm),Perch-likes,0.0014731447,0.0014731447,0.0,0.0,0.0014731447,cephalopholis urodeta,4.02,exact_2020_supplement,2020 supplement MeanTL,high,Cephalopholis urodeta,1047.1285480508984,1.5425718707798763
LME_045,Northwest Australian Shelf,LME,2019,Cypselurus poecilopterus,Yellowing flyingfish,Small pelagics (<30 cm),Other fishes & inverts,0.0014654588,0.0014654588,0.0,0.0,0.0014654588,cypselurus poecilopterus,3.4,exact_2020_supplement,2020 supplement MeanTL,high,Cypselurus poecilopterus,251.18864315095797,0.3681066075656311
LME_045,Northwest Australian Shelf,LME,2019,Cephalopholis,Hinds,Medium reef assoc. fish (30 - 89 cm),Perch-likes,0.0013651,0.0013651,0.0,0.0,0.0013651,cephalopholis,4.13,exact_sea_around_us,Sea Around Us exploited organisms,high,Cephalopholis,1348.9628825916532,1.8414692310258656
LME_045,Northwest Australian Shelf,LME,2019,Gephyroberyx darwinii,Darwin's slimehead,Medium benthopelagics (30 - 89 cm),Other fishes & inverts,0.0013527381999999999,0.0013527381999999999,0.0,0.0013527381999999999,0.0,gephyroberyx darwinii,3.94,exact_2020_supplement,2020 supplement MeanTL,high,Gephyroberyx darwinii,870.9635899560806,1.1781857189427265
LME_045,Northwest Australian Shelf,LME,2019,Gerreidae,"Mojarras, silverbellies",Small benthopelagics (<30 cm),Perch-likes,0.0012781933,0.0012781933,0.0,0.0012781933,0.0,gerreidae,3.03,exact_sea_around_us,Sea Around Us exploited organisms,high,Gerreidae,107.1519305237606,0.13696087967753628
LME_045,Northwest Australian Shelf,LME,2019,Megalaspis cordyla,Torpedo scad,Medium pelagics (30 - 89 cm),Perch-likes,0.0012259284,0.0012259284,0.0,0.0005440407,0.0006818877,megalaspis cordyla,4.24,exact_2020_supplement,2020 supplement MeanTL,high,Megalaspis cordyla,1737.8008287493763,2.130419389507397
LME_045,Northwest Australian Shelf,LME,2019,Chaetodontidae,Butterflyfishes,Small reef assoc. fish (<30 cm),Perch-likes,0.0012161689,0.0012161689,0.0,0.0,0.0012161689,chaetodontidae,3.24,exact_sea_around_us,Sea Around Us exploited organisms,high,Chaetodontidae,173.78008287493762,0.21134593223192172
LME_045,Northwest Australian Shelf,LME,2019,Alepes,Crevalles,Medium reef assoc. fish (30 - 89 cm),Perch-likes,0.0011496977,0.0011496977,0.0,0.0,0.0011496977,alepes,3.32,exact_sea_around_us,Sea Around Us exploited organisms,high,Alepes,208.92961308540387,0.24020589562617872
LME_045,Northwest Australian Shelf,LME,2019,Siganidae,Rabbitfishes,Medium reef assoc. fish (30 - 89 cm),Perch-likes,0.0009728318,0.0009728318,0.0,0.0,0.0009728318,siganidae,2.11,exact_sea_around_us,Sea Around Us exploited organisms,high,Siganidae,12.882495516931336,0.012532501302228242
LME_045,Northwest Australian Shelf,LME,2019,Epinephelus hexagonatus,Starspotted grouper,Small reef assoc. fish (<30 cm),Perch-likes,0.0009611352,0.0009611352,0.0,0.0,0.0009611352,epinephelus hexagonatus,4.05,exact_2020_supplement,2020 supplement MeanTL,high,Epinephelus hexagonatus,1122.018454301963,1.078411431479208
LME_045,Northwest Australian Shelf,LME,2019,Terapon theraps,Largescaled terapon,Small pelagics (<30 cm),Perch-likes,0.0007557005,0.0007557005,0.0,0.0,0.0007557005,terapon theraps,3.49,exact_2020_supplement,2020 supplement MeanTL,high,Terapon theraps,309.0295432513592,0.23353378034982378
LME_045,Northwest Australian Shelf,LME,2019,Pomacentridae,Damselfishes,Small reef assoc. fish (<30 cm),Perch-likes,0.0006671016,0.0006671016,0.0,0.0,0.0006671016,pomacentridae,2.57,exact_sea_around_us,Sea Around Us exploited organisms,high,Pomacentridae,37.15352290971724,0.024785174578709025
LME_045,Northwest Australian Shelf,LME,2019,Panulirus,Spiny lobsters,"Lobsters, crabs",Crustaceans,0.0006060129,0.0006060129,0.0,0.0,0.0006060129,panulirus,2.6,exact_sea_around_us,Sea Around Us exploited organisms,high,Panulirus,39.810717055349734,0.024125808093791955
LME_045,Northwest Australian Shelf,LME,2019,Abudefduf vaigiensis,Indo-Pacific sergeant,Small reef assoc. fish (<30 cm),Perch-likes,0.0004095753,0.0004095753,0.0,0.0,0.0004095753,abudefduf vaigiensis,2.57,exact_2020_supplement,2020 supplement MeanTL,high,Abudefduf vaigiensis,37.15352290971724,0.015217165291804311
LME_045,Northwest Australian Shelf,LME,2019,Muraenidae,Moray eels,Large reef assoc. fish (>=90 cm),Other fishes & inverts,0.0003664247,0.0003664247,0.0,0.0,0.0003664247,muraenidae,4.07,exact_sea_around_us,Sea Around Us exploited organisms,high,Muraenidae,1174.8975549395302,0.43051148409945084
LME_045,Northwest Australian Shelf,LME,2019,Ferdauia orthogrammus,Island trevally,Medium pelagics (30 - 89 cm),Perch-likes,0.0002832487,0.0002832487,0.0,0.0,0.0002832487,ferdauia orthogrammus,4.48,exact_sea_around_us,Sea Around Us exploited organisms,high,Ferdauia orthogrammus,3019.951720402019,0.8553973988666354
LME_045,Northwest Australian Shelf,LME,2019,Sargocentron,Squirrelfishes,Small reef assoc. fish (<30 cm),Other fishes & inverts,0.0002605984,0.0002605984,0.0,0.0,0.0002605984,sargocentron,3.49,exact_sea_around_us,Sea Around Us exploited organisms,high,Sargocentron,309.0295432513592,0.080532604524035
LME_045,Northwest Australian Shelf,LME,2019,Plectorhinchus gibbosus,Harry hotlips,Medium reef assoc. fish (30 - 89 cm),Perch-likes,0.0002520404,0.0002520404,0.0,0.0,0.0002520404,plectorhinchus gibbosus,3.57,exact_2020_supplement,2020 supplement MeanTL,high,Plectorhinchus gibbosus,371.5352290971724,0.09364188775574298
LME_045,Northwest Australian Shelf,LME,2019,Elops hawaiensis,Hawaiian ladyfish,Large pelagics (>=90 cm),Other fishes & inverts,0.0002453148,0.0002453148,0.0,0.0,0.0002453148,elops hawaiensis,4.03,exact_2020_supplement,2020 supplement MeanTL,high,Elops hawaiensis,1071.519305237607,0.26285954406050255
LME_045,Northwest Australian Shelf,LME,2019,Pinctada,Mother of pearl oysters,Other demersal invertebrates,Molluscs,0.0002414543,0.0002414543,0.0,0.0002414543,0.0,pinctada,2.1,exact_sea_around_us,Sea Around Us exploited organisms,high,Pinctada,12.589254117941675,0.0030397295405697245
LME_045,Northwest Australian Shelf,LME,2019,Lamna nasus,Porbeagle,Large sharks (>=90 cm),Sharks & rays,0.0001046441,0.0001046441,0.0,0.0001046441,0.0,lamna nasus,4.57,exact_2020_supplement,2020 supplement MeanTL,high,Lamna nasus,3715.3522909717276,0.38878969667167457
LME_045,Northwest Australian Shelf,LME,2019,Sepioteuthis lessoniana,Bigfin reef squid,Cephalopods,Other fishes & inverts,0.0001041406,0.0001041406,0.0,4.06515e-05,6.34891e-05,sepioteuthis lessoniana,3.98,exact_2020_supplement,2020 supplement MeanTL,high,Sepioteuthis lessoniana,954.992586021436,0.09945350090382396
LME_045,Northwest Australian Shelf,LME,2019,Lutjanus gibbus,Humpback red snapper,Medium reef assoc. fish (30 - 89 cm),Perch-likes,5.21491e-05,5.21491e-05,0.0,0.0,5.21491e-05,lutjanus gibbus,4.12,exact_2020_supplement,2020 supplement MeanTL,high,Lutjanus gibbus,1318.2567385564075,0.06874590248465196
LME_045,Northwest Australian Shelf,LME,2019,Mugil,Grey mullets,Medium demersals (30 - 89 cm),Perch-likes,4.68206e-05,4.68206e-05,0.0,4.68206e-05,0.0,mugil,2.26,exact_sea_around_us,Sea Around Us exploited organisms,high,Mugil,18.197008586099827,0.0008519948602063455
LME_045,Northwest Australian Shelf,LME,2019,Penaeus semisulcatus,Green tiger prawn,Shrimps,Crustaceans,3.76524e-05,3.76524e-05,0.0,3.2536199999999995e-05,5.1162e-06,penaeus semisulcatus,2.0,exact_2020_supplement,2020 supplement MeanTL,high,Penaeus semisulcatus,10.0,0.000376524
LME_045,Northwest Australian Shelf,LME,2019,Gymnothorax,Morays,Large reef assoc. fish (>=90 cm),Other fishes & inverts,3.64676e-05,3.64676e-05,0.0,0.0,3.64676e-05,gymnothorax,4.22,exact_sea_around_us,Sea Around Us exploited organisms,high,Gymnothorax,1659.5869074375596,0.06052115150566995
LME_045,Northwest Australian Shelf,LME,2019,Scarus,Parrots,Medium reef assoc. fish (30 - 89 cm),Perch-likes,3.36943e-05,3.36943e-05,0.0,0.0,3.36943e-05,scarus,2.0,exact_sea_around_us,Sea Around Us exploited organisms,high,Scarus,10.0,0.00033694300000000003
LME_045,Northwest Australian Shelf,LME,2019,Saurida tumbil,Greater lizardfish,Medium demersals (30 - 89 cm),Other fishes & inverts,2.68201e-05,2.68201e-05,0.0,0.0,2.68201e-05,saurida tumbil,4.4,exact_2020_supplement,2020 supplement MeanTL,high,Saurida tumbil,2511.886431509582,0.06736904528173014
LME_045,Northwest Australian Shelf,LME,2019,Caesio cuning,Redbelly yellowtail fusilier,Medium reef assoc. fish (30 - 89 cm),Perch-likes,1.81065e-05,1.81065e-05,0.0,0.0,1.81065e-05,caesio cuning,3.4,exact_2020_supplement,2020 supplement MeanTL,high,Caesio cuning,251.18864315095797,0.004548147167212821
LME_045,Northwest Australian Shelf,LME,2019,Gobiidae,Gobies,Small reef assoc. fish (<30 cm),Perch-likes,1.43163e-05,1.43163e-05,0.0,0.0,1.43163e-05,gobiidae,3.11,exact_sea_around_us,Sea Around Us exploited organisms,high,Gobiidae,128.82495516931337,0.001844296705690441
LME_045,Northwest Australian Shelf,LME,2019,Thenus orientalis,Flathead lobster,"Lobsters, crabs",Crustaceans,5.2398e-06,5.2398e-06,0.0,5.2398e-06,0.0,thenus orientalis,2.5,exact_sea_around_us,Sea Around Us exploited organisms,high,Thenus orientalis,31.622776601683793,0.00016569702483750274
LME_045,Northwest Australian Shelf,LME,2019,Drepane,Sicklefishes,Medium benthopelagics (30 - 89 cm),Perch-likes,3.3449e-06,3.3449e-06,0.0,3.3449e-06,0.0,drepane,3.32,exact_sea_around_us,Sea Around Us exploited organisms,high,Drepane,208.92961308540387,0.0006988486628093674
