model_id,stage,group_id,group_name,parameter,source_value,solved_value,rule,route,fraction
13_2_Northern_Humboldt_Current_(1995-1998),source_initializer,40,diet_import,p,,37.420923840246175,Frozen exporter settings: normalize diet; deterministic defaults; LIM only where still missing.,,
13_2_Northern_Humboldt_Current_(1995-1998),source_initializer,39,Benthic detritus,p,,1751.6112896867576,Frozen exporter settings: normalize diet; deterministic defaults; LIM only where still missing.,,
13_2_Northern_Humboldt_Current_(1995-1998),source_initializer,38,Pelagic detritus,p,,5090.259743360343,Frozen exporter settings: normalize diet; deterministic defaults; LIM only where still missing.,,
13_2_Northern_Humboldt_Current_(1995-1998),source_initializer,37,Fishery offal,p,,0.0,Frozen exporter settings: normalize diet; deterministic defaults; LIM only where still missing.,,
13_2_Northern_Humboldt_Current_(1995-1998),source_initializer,36,Anchovy eggs,p,,81.93913403799536,Frozen exporter settings: normalize diet; deterministic defaults; LIM only where still missing.,,
13_2_Northern_Humboldt_Current_(1995-1998),source_initializer,40,diet_import,q,,37.420923840246175,Frozen exporter settings: normalize diet; deterministic defaults; LIM only where still missing.,,
13_2_Northern_Humboldt_Current_(1995-1998),source_initializer,39,Benthic detritus,q,,1751.6112896867576,Frozen exporter settings: normalize diet; deterministic defaults; LIM only where still missing.,,
13_2_Northern_Humboldt_Current_(1995-1998),source_initializer,38,Pelagic detritus,q,,5090.259743360343,Frozen exporter settings: normalize diet; deterministic defaults; LIM only where still missing.,,
13_2_Northern_Humboldt_Current_(1995-1998),source_initializer,37,Fishery offal,q,,0.0,Frozen exporter settings: normalize diet; deterministic defaults; LIM only where still missing.,,
13_2_Northern_Humboldt_Current_(1995-1998),source_initializer,36,Anchovy eggs,q,,81.93913403799536,Frozen exporter settings: normalize diet; deterministic defaults; LIM only where still missing.,,
13_2_Northern_Humboldt_Current_(1995-1998),source_initializer,2,Dino/silicoflagellates,q,,3177.037465572357,Frozen exporter settings: normalize diet; deterministic defaults; LIM only where still missing.,,
13_2_Northern_Humboldt_Current_(1995-1998),source_initializer,1,Diatoms,q,,8096.018981933594,Frozen exporter settings: normalize diet; deterministic defaults; LIM only where still missing.,,
13_2_Northern_Humboldt_Current_(1995-1998),source_initializer,40,diet_import,M0,,0.0,Frozen exporter settings: normalize diet; deterministic defaults; LIM only where still missing.,,
13_2_Northern_Humboldt_Current_(1995-1998),source_initializer,39,Benthic detritus,M0,,0.0,Frozen exporter settings: normalize diet; deterministic defaults; LIM only where still missing.,,
13_2_Northern_Humboldt_Current_(1995-1998),source_initializer,38,Pelagic detritus,M0,,0.0,Frozen exporter settings: normalize diet; deterministic defaults; LIM only where still missing.,,
13_2_Northern_Humboldt_Current_(1995-1998),source_initializer,37,Fishery offal,M0,,0.0,Frozen exporter settings: normalize diet; deterministic defaults; LIM only where still missing.,,
13_2_Northern_Humboldt_Current_(1995-1998),source_initializer,36,Anchovy eggs,M0,,0.0,Frozen exporter settings: normalize diet; deterministic defaults; LIM only where still missing.,,
13_2_Northern_Humboldt_Current_(1995-1998),source_initializer,40,diet_import,ee,,1.0,Frozen exporter settings: normalize diet; deterministic defaults; LIM only where still missing.,,
13_2_Northern_Humboldt_Current_(1995-1998),source_initializer,39,Benthic detritus,ee,0.8890905380249023,1.0,Frozen exporter settings: normalize diet; deterministic defaults; LIM only where still missing.,,
13_2_Northern_Humboldt_Current_(1995-1998),source_initializer,38,Pelagic detritus,ee,0.0,1.0,Frozen exporter settings: normalize diet; deterministic defaults; LIM only where still missing.,,
13_2_Northern_Humboldt_Current_(1995-1998),source_initializer,36,Anchovy eggs,ee,0.8843322396278381,1.0,Frozen exporter settings: normalize diet; deterministic defaults; LIM only where still missing.,,
13_2_Northern_Humboldt_Current_(1995-1998),source_initializer,40,diet_import,egestion,,0.0,Frozen exporter settings: normalize diet; deterministic defaults; LIM only where still missing.,,
13_2_Northern_Humboldt_Current_(1995-1998),source_initializer,39,Benthic detritus,egestion,,0.0,Frozen exporter settings: normalize diet; deterministic defaults; LIM only where still missing.,,
13_2_Northern_Humboldt_Current_(1995-1998),source_initializer,38,Pelagic detritus,egestion,,0.0,Frozen exporter settings: normalize diet; deterministic defaults; LIM only where still missing.,,
13_2_Northern_Humboldt_Current_(1995-1998),source_initializer,37,Fishery offal,egestion,,0.0,Frozen exporter settings: normalize diet; deterministic defaults; LIM only where still missing.,,
13_2_Northern_Humboldt_Current_(1995-1998),source_initializer,36,Anchovy eggs,egestion,,0.0,Frozen exporter settings: normalize diet; deterministic defaults; LIM only where still missing.,,
13_2_Northern_Humboldt_Current_(1995-1998),source_initializer,2,Dino/silicoflagellates,egestion,,0.0,Frozen exporter settings: normalize diet; deterministic defaults; LIM only where still missing.,,
13_2_Northern_Humboldt_Current_(1995-1998),source_initializer,1,Diatoms,egestion,,0.0,Frozen exporter settings: normalize diet; deterministic defaults; LIM only where still missing.,,
13_2_Northern_Humboldt_Current_(1995-1998),source_initializer,39,Benthic detritus,respiration,,0.0,Frozen exporter settings: normalize diet; deterministic defaults; LIM only where still missing.,,
13_2_Northern_Humboldt_Current_(1995-1998),source_initializer,38,Pelagic detritus,respiration,,0.0,Frozen exporter settings: normalize diet; deterministic defaults; LIM only where still missing.,,
13_2_Northern_Humboldt_Current_(1995-1998),source_initializer,37,Fishery offal,respiration,,0.0,Frozen exporter settings: normalize diet; deterministic defaults; LIM only where still missing.,,
13_2_Northern_Humboldt_Current_(1995-1998),source_initializer,36,Anchovy eggs,respiration,,0.0,Frozen exporter settings: normalize diet; deterministic defaults; LIM only where still missing.,,
13_2_Northern_Humboldt_Current_(1995-1998),source_initializer,35,Leatherback turtle,respiration,,0.0004224959909540564,Frozen exporter settings: normalize diet; deterministic defaults; LIM only where still missing.,,
13_2_Northern_Humboldt_Current_(1995-1998),source_initializer,34,Green sea turtle,respiration,,0.0008945439796758294,Frozen exporter settings: normalize diet; deterministic defaults; LIM only where still missing.,,
13_2_Northern_Humboldt_Current_(1995-1998),source_initializer,33,Cetaceans,respiration,,1.025549945884198,Frozen exporter settings: normalize diet; deterministic defaults; LIM only where still missing.,,
13_2_Northern_Humboldt_Current_(1995-1998),source_initializer,32,Pinnipeds,respiration,,1.7026875351928175,Frozen exporter settings: normalize diet; deterministic defaults; LIM only where still missing.,,
13_2_Northern_Humboldt_Current_(1995-1998),source_initializer,31,Seabirds,respiration,,1.877259989862293,Frozen exporter settings: normalize diet; deterministic defaults; LIM only where still missing.,,
13_2_Northern_Humboldt_Current_(1995-1998),source_initializer,30,Chondrichthyans,respiration,,0.11056498685985833,Frozen exporter settings: normalize diet; deterministic defaults; LIM only where still missing.,,
13_2_Northern_Humboldt_Current_(1995-1998),source_initializer,29,Catfish,respiration,,2.392649776875973,Frozen exporter settings: normalize diet; deterministic defaults; LIM only where still missing.,,
13_2_Northern_Humboldt_Current_(1995-1998),source_initializer,28,Sea robin,respiration,,5.501219892435063,Frozen exporter settings: normalize diet; deterministic defaults; LIM only where still missing.,,
13_2_Northern_Humboldt_Current_(1995-1998),source_initializer,27,Medium sciaenids,respiration,,1.1643633664778057,Frozen exporter settings: normalize diet; deterministic defaults; LIM only where still missing.,,
13_2_Northern_Humboldt_Current_(1995-1998),source_initializer,26,Medium demersal fish,respiration,,1.691949955340223,Frozen exporter settings: normalize diet; deterministic defaults; LIM only where still missing.,,
13_2_Northern_Humboldt_Current_(1995-1998),source_initializer,25,Conger,respiration,,0.03737500007264316,Frozen exporter settings: normalize diet; deterministic defaults; LIM only where still missing.,,
13_2_Northern_Humboldt_Current_(1995-1998),source_initializer,24,Butter fishes,respiration,,0.04559999830722809,Frozen exporter settings: normalize diet; deterministic defaults; LIM only where still missing.,,
13_2_Northern_Humboldt_Current_(1995-1998),source_initializer,23,Benthic elasmobranchs,respiration,,0.26649999954104403,Frozen exporter settings: normalize diet; deterministic defaults; LIM only where still missing.,,
13_2_Northern_Humboldt_Current_(1995-1998),source_initializer,22,Small demersal fish,respiration,,52.12566178592044,Frozen exporter settings: normalize diet; deterministic defaults; LIM only where still missing.,,
13_2_Northern_Humboldt_Current_(1995-1998),source_initializer,21,Flatfish,respiration,,0.032933328791459326,Frozen exporter settings: normalize diet; deterministic defaults; LIM only where still missing.,,
13_2_Northern_Humboldt_Current_(1995-1998),source_initializer,20,Large hake,respiration,,0.2301866422065105,Frozen exporter settings: normalize diet; deterministic defaults; LIM only where still missing.,,
13_2_Northern_Humboldt_Current_(1995-1998),source_initializer,19,Medium hake,respiration,,2.2334228062889565,Frozen exporter settings: normalize diet; deterministic defaults; LIM only where still missing.,,
13_2_Northern_Humboldt_Current_(1995-1998),source_initializer,18,Small hake,respiration,,7.5132654833794055,Frozen exporter settings: normalize diet; deterministic defaults; LIM only where still missing.,,
13_2_Northern_Humboldt_Current_(1995-1998),source_initializer,17,Other large pelagic fish,respiration,,5.131874904036522,Frozen exporter settings: normalize diet; deterministic defaults; LIM only where still missing.,,
13_2_Northern_Humboldt_Current_(1995-1998),source_initializer,16,Chub mackerel,respiration,,51.138500197172164,Frozen exporter settings: normalize diet; deterministic defaults; LIM only where still missing.,,
13_2_Northern_Humboldt_Current_(1995-1998),source_initializer,15,Horse mackerel,respiration,,38.68469851975442,Frozen exporter settings: normalize diet; deterministic defaults; LIM only where still missing.,,
13_2_Northern_Humboldt_Current_(1995-1998),source_initializer,14,Other small pelagic fish,respiration,,60.47253084182739,Frozen exporter settings: normalize diet; deterministic defaults; LIM only where still missing.,,
13_2_Northern_Humboldt_Current_(1995-1998),source_initializer,13,Other cephalopods,respiration,,6.68337774394638,Frozen exporter settings: normalize diet; deterministic defaults; LIM only where still missing.,,
13_2_Northern_Humboldt_Current_(1995-1998),source_initializer,12,Jumbo squid,respiration,,4.393266883297997,Frozen exporter settings: normalize diet; deterministic defaults; LIM only where still missing.,,
13_2_Northern_Humboldt_Current_(1995-1998),source_initializer,11,Mesopelagic fish,respiration,,112.63945023127795,Frozen exporter settings: normalize diet; deterministic defaults; LIM only where still missing.,,
13_2_Northern_Humboldt_Current_(1995-1998),source_initializer,10,Anchovy,respiration,,451.9528875350952,Frozen exporter settings: normalize diet; deterministic defaults; LIM only where still missing.,,
13_2_Northern_Humboldt_Current_(1995-1998),source_initializer,9,Sardine,respiration,,68.7231997189045,Frozen exporter settings: normalize diet; deterministic defaults; LIM only where still missing.,,
13_2_Northern_Humboldt_Current_(1995-1998),source_initializer,8,Macrobenthos,respiration,,157.53561532521235,Frozen exporter settings: normalize diet; deterministic defaults; LIM only where still missing.,,
13_2_Northern_Humboldt_Current_(1995-1998),source_initializer,7,Chrysaora plocamia,respiration,,181.13571720123292,Frozen exporter settings: normalize diet; deterministic defaults; LIM only where still missing.,,
13_2_Northern_Humboldt_Current_(1995-1998),source_initializer,6,Gelatinous zooplankton,respiration,,0.011915788175048105,Frozen exporter settings: normalize diet; deterministic defaults; LIM only where still missing.,,
13_2_Northern_Humboldt_Current_(1995-1998),source_initializer,5,Macrozooplankton,respiration,,679.4269049232475,Frozen exporter settings: normalize diet; deterministic defaults; LIM only where still missing.,,
13_2_Northern_Humboldt_Current_(1995-1998),source_initializer,4,Mesozooplankton,respiration,,993.3825302124023,Frozen exporter settings: normalize diet; deterministic defaults; LIM only where still missing.,,
13_2_Northern_Humboldt_Current_(1995-1998),source_initializer,3,Microzooplankton,respiration,,7626.931103515624,Frozen exporter settings: normalize diet; deterministic defaults; LIM only where still missing.,,
13_2_Northern_Humboldt_Current_(1995-1998),source_initializer,2,Dino/silicoflagellates,respiration,,0.0,Frozen exporter settings: normalize diet; deterministic defaults; LIM only where still missing.,,
13_2_Northern_Humboldt_Current_(1995-1998),source_initializer,1,Diatoms,respiration,,0.0,Frozen exporter settings: normalize diet; deterministic defaults; LIM only where still missing.,,
13_2_Northern_Humboldt_Current_(1995-1998),source_initializer,40,diet_import,catch,,0.0,Frozen exporter settings: normalize diet; deterministic defaults; LIM only where still missing.,,
13_2_Northern_Humboldt_Current_(1995-1998),source_initializer,40,diet_import,biomass_accum,,0.0,Frozen exporter settings: normalize diet; deterministic defaults; LIM only where still missing.,,
13_2_Northern_Humboldt_Current_(1995-1998),source_initializer,39,Benthic detritus,biomass_accum,,-4340.9949724808885,Frozen exporter settings: normalize diet; deterministic defaults; LIM only where still missing.,,
13_2_Northern_Humboldt_Current_(1995-1998),source_initializer,38,Pelagic detritus,biomass_accum,,5090.259743360343,Frozen exporter settings: normalize diet; deterministic defaults; LIM only where still missing.,,
13_2_Northern_Humboldt_Current_(1995-1998),source_initializer,37,Fishery offal,biomass_accum,,0.0,Frozen exporter settings: normalize diet; deterministic defaults; LIM only where still missing.,,
13_2_Northern_Humboldt_Current_(1995-1998),source_initializer,36,Anchovy eggs,biomass_accum,,12.539441007952618,Frozen exporter settings: normalize diet; deterministic defaults; LIM only where still missing.,,
13_2_Northern_Humboldt_Current_(1995-1998),source_initializer,35,Leatherback turtle,biomass_accum,,0.0,Frozen exporter settings: normalize diet; deterministic defaults; LIM only where still missing.,,
13_2_Northern_Humboldt_Current_(1995-1998),source_initializer,34,Green sea turtle,biomass_accum,,0.0,Frozen exporter settings: normalize diet; deterministic defaults; LIM only where still missing.,,
13_2_Northern_Humboldt_Current_(1995-1998),source_initializer,33,Cetaceans,biomass_accum,,0.0,Frozen exporter settings: normalize diet; deterministic defaults; LIM only where still missing.,,
13_2_Northern_Humboldt_Current_(1995-1998),source_initializer,32,Pinnipeds,biomass_accum,,0.0,Frozen exporter settings: normalize diet; deterministic defaults; LIM only where still missing.,,
13_2_Northern_Humboldt_Current_(1995-1998),source_initializer,31,Seabirds,biomass_accum,,0.0,Frozen exporter settings: normalize diet; deterministic defaults; LIM only where still missing.,,
13_2_Northern_Humboldt_Current_(1995-1998),source_initializer,30,Chondrichthyans,biomass_accum,,-8.368934885372159e-10,Frozen exporter settings: normalize diet; deterministic defaults; LIM only where still missing.,,
13_2_Northern_Humboldt_Current_(1995-1998),source_initializer,29,Catfish,biomass_accum,,-1.2641717117567453e-09,Frozen exporter settings: normalize diet; deterministic defaults; LIM only where still missing.,,
13_2_Northern_Humboldt_Current_(1995-1998),source_initializer,28,Sea robin,biomass_accum,,1.3627743267186077e-08,Frozen exporter settings: normalize diet; deterministic defaults; LIM only where still missing.,,
13_2_Northern_Humboldt_Current_(1995-1998),source_initializer,27,Medium sciaenids,biomass_accum,,-3.671928067161545e-09,Frozen exporter settings: normalize diet; deterministic defaults; LIM only where still missing.,,
13_2_Northern_Humboldt_Current_(1995-1998),source_initializer,26,Medium demersal fish,biomass_accum,,-5.931251378932245e-09,Frozen exporter settings: normalize diet; deterministic defaults; LIM only where still missing.,,
13_2_Northern_Humboldt_Current_(1995-1998),source_initializer,25,Conger,biomass_accum,,-4.3169975379826406e-12,Frozen exporter settings: normalize diet; deterministic defaults; LIM only where still missing.,,
13_2_Northern_Humboldt_Current_(1995-1998),source_initializer,24,Butter fishes,biomass_accum,,-1.1297373106455844e-10,Frozen exporter settings: normalize diet; deterministic defaults; LIM only where still missing.,,
13_2_Northern_Humboldt_Current_(1995-1998),source_initializer,23,Benthic elasmobranchs,biomass_accum,,1.0039960113283897e-09,Frozen exporter settings: normalize diet; deterministic defaults; LIM only where still missing.,,
13_2_Northern_Humboldt_Current_(1995-1998),source_initializer,22,Small demersal fish,biomass_accum,,2.2075238881313908e-07,Frozen exporter settings: normalize diet; deterministic defaults; LIM only where still missing.,,
13_2_Northern_Humboldt_Current_(1995-1998),source_initializer,21,Flatfish,biomass_accum,,-3.2522007916563345e-10,Frozen exporter settings: normalize diet; deterministic defaults; LIM only where still missing.,,
13_2_Northern_Humboldt_Current_(1995-1998),source_initializer,20,Large hake,biomass_accum,,6.563194868358874e-10,Frozen exporter settings: normalize diet; deterministic defaults; LIM only where still missing.,,
13_2_Northern_Humboldt_Current_(1995-1998),source_initializer,19,Medium hake,biomass_accum,,-1.1636262786662854e-10,Frozen exporter settings: normalize diet; deterministic defaults; LIM only where still missing.,,
13_2_Northern_Humboldt_Current_(1995-1998),source_initializer,18,Small hake,biomass_accum,,-2.0513500065266754e-08,Frozen exporter settings: normalize diet; deterministic defaults; LIM only where still missing.,,
13_2_Northern_Humboldt_Current_(1995-1998),source_initializer,17,Other large pelagic fish,biomass_accum,,1.6857679314974394e-08,Frozen exporter settings: normalize diet; deterministic defaults; LIM only where still missing.,,
13_2_Northern_Humboldt_Current_(1995-1998),source_initializer,16,Chub mackerel,biomass_accum,,8.609310764295941e-08,Frozen exporter settings: normalize diet; deterministic defaults; LIM only where still missing.,,
13_2_Northern_Humboldt_Current_(1995-1998),source_initializer,15,Horse mackerel,biomass_accum,,-3.070525222970133e-09,Frozen exporter settings: normalize diet; deterministic defaults; LIM only where still missing.,,
13_2_Northern_Humboldt_Current_(1995-1998),source_initializer,14,Other small pelagic fish,biomass_accum,,-2.7266617586008124e-07,Frozen exporter settings: normalize diet; deterministic defaults; LIM only where still missing.,,
13_2_Northern_Humboldt_Current_(1995-1998),source_initializer,13,Other cephalopods,biomass_accum,,4.760033975870215e-07,Frozen exporter settings: normalize diet; deterministic defaults; LIM only where still missing.,,
13_2_Northern_Humboldt_Current_(1995-1998),source_initializer,12,Jumbo squid,biomass_accum,,3.392519598577337e-08,Frozen exporter settings: normalize diet; deterministic defaults; LIM only where still missing.,,
13_2_Northern_Humboldt_Current_(1995-1998),source_initializer,11,Mesopelagic fish,biomass_accum,,5.160332365861109e-07,Frozen exporter settings: normalize diet; deterministic defaults; LIM only where still missing.,,
13_2_Northern_Humboldt_Current_(1995-1998),source_initializer,10,Anchovy,biomass_accum,,-1.335086861331547e-05,Frozen exporter settings: normalize diet; deterministic defaults; LIM only where still missing.,,
13_2_Northern_Humboldt_Current_(1995-1998),source_initializer,9,Sardine,biomass_accum,,4.3501339064278e-07,Frozen exporter settings: normalize diet; deterministic defaults; LIM only where still missing.,,
13_2_Northern_Humboldt_Current_(1995-1998),source_initializer,8,Macrobenthos,biomass_accum,,2.6970030013728774e-06,Frozen exporter settings: normalize diet; deterministic defaults; LIM only where still missing.,,
13_2_Northern_Humboldt_Current_(1995-1998),source_initializer,7,Chrysaora plocamia,biomass_accum,,-1.1687490038270187e-10,Frozen exporter settings: normalize diet; deterministic defaults; LIM only where still missing.,,
13_2_Northern_Humboldt_Current_(1995-1998),source_initializer,6,Gelatinous zooplankton,biomass_accum,,-22.344262267919387,Frozen exporter settings: normalize diet; deterministic defaults; LIM only where still missing.,,
13_2_Northern_Humboldt_Current_(1995-1998),source_initializer,5,Macrozooplankton,biomass_accum,,33.08727827924042,Frozen exporter settings: normalize diet; deterministic defaults; LIM only where still missing.,,
13_2_Northern_Humboldt_Current_(1995-1998),source_initializer,4,Mesozooplankton,biomass_accum,,-9.335945615089031,Frozen exporter settings: normalize diet; deterministic defaults; LIM only where still missing.,,
13_2_Northern_Humboldt_Current_(1995-1998),source_initializer,3,Microzooplankton,biomass_accum,,8.150875510182232e-05,Frozen exporter settings: normalize diet; deterministic defaults; LIM only where still missing.,,
13_2_Northern_Humboldt_Current_(1995-1998),source_initializer,2,Dino/silicoflagellates,biomass_accum,,-0.00020353511217763298,Frozen exporter settings: normalize diet; deterministic defaults; LIM only where still missing.,,
13_2_Northern_Humboldt_Current_(1995-1998),source_initializer,1,Diatoms,biomass_accum,,-4.469409741242998,Frozen exporter settings: normalize diet; deterministic defaults; LIM only where still missing.,,
13_2_Northern_Humboldt_Current_(1995-1998),source_initializer,40,diet_import,net_migration,,0.0,Frozen exporter settings: normalize diet; deterministic defaults; LIM only where still missing.,,
13_2_Northern_Humboldt_Current_(1995-1998),source_initializer,39,Benthic detritus,net_migration,,0.0,Frozen exporter settings: normalize diet; deterministic defaults; LIM only where still missing.,,
13_2_Northern_Humboldt_Current_(1995-1998),source_initializer,38,Pelagic detritus,net_migration,,0.0,Frozen exporter settings: normalize diet; deterministic defaults; LIM only where still missing.,,
13_2_Northern_Humboldt_Current_(1995-1998),source_initializer,37,Fishery offal,net_migration,,0.0,Frozen exporter settings: normalize diet; deterministic defaults; LIM only where still missing.,,
13_2_Northern_Humboldt_Current_(1995-1998),source_initializer,36,Anchovy eggs,net_migration,,0.0,Frozen exporter settings: normalize diet; deterministic defaults; LIM only where still missing.,,
13_2_Northern_Humboldt_Current_(1995-1998),source_initializer,35,Leatherback turtle,net_migration,,0.0,Frozen exporter settings: normalize diet; deterministic defaults; LIM only where still missing.,,
13_2_Northern_Humboldt_Current_(1995-1998),source_initializer,34,Green sea turtle,net_migration,,0.0,Frozen exporter settings: normalize diet; deterministic defaults; LIM only where still missing.,,
13_2_Northern_Humboldt_Current_(1995-1998),source_initializer,33,Cetaceans,net_migration,,0.0,Frozen exporter settings: normalize diet; deterministic defaults; LIM only where still missing.,,
13_2_Northern_Humboldt_Current_(1995-1998),source_initializer,32,Pinnipeds,net_migration,,0.0,Frozen exporter settings: normalize diet; deterministic defaults; LIM only where still missing.,,
13_2_Northern_Humboldt_Current_(1995-1998),source_initializer,31,Seabirds,net_migration,,0.0,Frozen exporter settings: normalize diet; deterministic defaults; LIM only where still missing.,,
13_2_Northern_Humboldt_Current_(1995-1998),source_initializer,30,Chondrichthyans,net_migration,,0.0,Frozen exporter settings: normalize diet; deterministic defaults; LIM only where still missing.,,
13_2_Northern_Humboldt_Current_(1995-1998),source_initializer,29,Catfish,net_migration,,0.0,Frozen exporter settings: normalize diet; deterministic defaults; LIM only where still missing.,,
13_2_Northern_Humboldt_Current_(1995-1998),source_initializer,28,Sea robin,net_migration,,0.0,Frozen exporter settings: normalize diet; deterministic defaults; LIM only where still missing.,,
13_2_Northern_Humboldt_Current_(1995-1998),source_initializer,27,Medium sciaenids,net_migration,,0.0,Frozen exporter settings: normalize diet; deterministic defaults; LIM only where still missing.,,
13_2_Northern_Humboldt_Current_(1995-1998),source_initializer,26,Medium demersal fish,net_migration,,0.0,Frozen exporter settings: normalize diet; deterministic defaults; LIM only where still missing.,,
13_2_Northern_Humboldt_Current_(1995-1998),source_initializer,25,Conger,net_migration,,0.0,Frozen exporter settings: normalize diet; deterministic defaults; LIM only where still missing.,,
13_2_Northern_Humboldt_Current_(1995-1998),source_initializer,24,Butter fishes,net_migration,,0.0,Frozen exporter settings: normalize diet; deterministic defaults; LIM only where still missing.,,
13_2_Northern_Humboldt_Current_(1995-1998),source_initializer,23,Benthic elasmobranchs,net_migration,,0.0,Frozen exporter settings: normalize diet; deterministic defaults; LIM only where still missing.,,
13_2_Northern_Humboldt_Current_(1995-1998),source_initializer,22,Small demersal fish,net_migration,,0.0,Frozen exporter settings: normalize diet; deterministic defaults; LIM only where still missing.,,
13_2_Northern_Humboldt_Current_(1995-1998),source_initializer,21,Flatfish,net_migration,,0.0,Frozen exporter settings: normalize diet; deterministic defaults; LIM only where still missing.,,
13_2_Northern_Humboldt_Current_(1995-1998),source_initializer,20,Large hake,net_migration,,0.0,Frozen exporter settings: normalize diet; deterministic defaults; LIM only where still missing.,,
13_2_Northern_Humboldt_Current_(1995-1998),source_initializer,19,Medium hake,net_migration,,0.0,Frozen exporter settings: normalize diet; deterministic defaults; LIM only where still missing.,,
13_2_Northern_Humboldt_Current_(1995-1998),source_initializer,18,Small hake,net_migration,,0.0,Frozen exporter settings: normalize diet; deterministic defaults; LIM only where still missing.,,
13_2_Northern_Humboldt_Current_(1995-1998),source_initializer,17,Other large pelagic fish,net_migration,,0.0,Frozen exporter settings: normalize diet; deterministic defaults; LIM only where still missing.,,
13_2_Northern_Humboldt_Current_(1995-1998),source_initializer,16,Chub mackerel,net_migration,,0.0,Frozen exporter settings: normalize diet; deterministic defaults; LIM only where still missing.,,
13_2_Northern_Humboldt_Current_(1995-1998),source_initializer,15,Horse mackerel,net_migration,,0.0,Frozen exporter settings: normalize diet; deterministic defaults; LIM only where still missing.,,
13_2_Northern_Humboldt_Current_(1995-1998),source_initializer,14,Other small pelagic fish,net_migration,,0.0,Frozen exporter settings: normalize diet; deterministic defaults; LIM only where still missing.,,
13_2_Northern_Humboldt_Current_(1995-1998),source_initializer,13,Other cephalopods,net_migration,,0.0,Frozen exporter settings: normalize diet; deterministic defaults; LIM only where still missing.,,
13_2_Northern_Humboldt_Current_(1995-1998),source_initializer,12,Jumbo squid,net_migration,,0.0,Frozen exporter settings: normalize diet; deterministic defaults; LIM only where still missing.,,
13_2_Northern_Humboldt_Current_(1995-1998),source_initializer,11,Mesopelagic fish,net_migration,,0.0,Frozen exporter settings: normalize diet; deterministic defaults; LIM only where still missing.,,
13_2_Northern_Humboldt_Current_(1995-1998),source_initializer,10,Anchovy,net_migration,,0.0,Frozen exporter settings: normalize diet; deterministic defaults; LIM only where still missing.,,
13_2_Northern_Humboldt_Current_(1995-1998),source_initializer,9,Sardine,net_migration,,0.0,Frozen exporter settings: normalize diet; deterministic defaults; LIM only where still missing.,,
13_2_Northern_Humboldt_Current_(1995-1998),source_initializer,8,Macrobenthos,net_migration,,0.0,Frozen exporter settings: normalize diet; deterministic defaults; LIM only where still missing.,,
13_2_Northern_Humboldt_Current_(1995-1998),source_initializer,7,Chrysaora plocamia,net_migration,,0.0,Frozen exporter settings: normalize diet; deterministic defaults; LIM only where still missing.,,
13_2_Northern_Humboldt_Current_(1995-1998),source_initializer,6,Gelatinous zooplankton,net_migration,,0.0,Frozen exporter settings: normalize diet; deterministic defaults; LIM only where still missing.,,
13_2_Northern_Humboldt_Current_(1995-1998),source_initializer,5,Macrozooplankton,net_migration,,0.0,Frozen exporter settings: normalize diet; deterministic defaults; LIM only where still missing.,,
13_2_Northern_Humboldt_Current_(1995-1998),source_initializer,4,Mesozooplankton,net_migration,,0.0,Frozen exporter settings: normalize diet; deterministic defaults; LIM only where still missing.,,
13_2_Northern_Humboldt_Current_(1995-1998),source_initializer,3,Microzooplankton,net_migration,,0.0,Frozen exporter settings: normalize diet; deterministic defaults; LIM only where still missing.,,
13_2_Northern_Humboldt_Current_(1995-1998),source_initializer,2,Dino/silicoflagellates,net_migration,,0.0,Frozen exporter settings: normalize diet; deterministic defaults; LIM only where still missing.,,
13_2_Northern_Humboldt_Current_(1995-1998),source_initializer,1,Diatoms,net_migration,,0.0,Frozen exporter settings: normalize diet; deterministic defaults; LIM only where still missing.,,
13_2_Northern_Humboldt_Current_(1995-1998),source_initializer,39,Benthic detritus,diet_fraction_prey_40,,0.0,Frozen exporter normalize_DC=True; original rows retained in frozen input.,,
13_2_Northern_Humboldt_Current_(1995-1998),source_initializer,38,Pelagic detritus,diet_fraction_prey_40,,0.0,Frozen exporter normalize_DC=True; original rows retained in frozen input.,,
13_2_Northern_Humboldt_Current_(1995-1998),source_initializer,37,Fishery offal,diet_fraction_prey_40,,0.0,Frozen exporter normalize_DC=True; original rows retained in frozen input.,,
13_2_Northern_Humboldt_Current_(1995-1998),source_initializer,36,Anchovy eggs,diet_fraction_prey_40,,0.0,Frozen exporter normalize_DC=True; original rows retained in frozen input.,,
13_2_Northern_Humboldt_Current_(1995-1998),source_initializer,34,Green sea turtle,diet_fraction_prey_10,0.003,0.0029940119760479044,Frozen exporter normalize_DC=True; original rows retained in frozen input.,,
13_2_Northern_Humboldt_Current_(1995-1998),source_initializer,34,Green sea turtle,diet_fraction_prey_8,0.54,0.5389221556886228,Frozen exporter normalize_DC=True; original rows retained in frozen input.,,
13_2_Northern_Humboldt_Current_(1995-1998),source_initializer,34,Green sea turtle,diet_fraction_prey_7,0.42,0.41916167664670656,Frozen exporter normalize_DC=True; original rows retained in frozen input.,,
13_2_Northern_Humboldt_Current_(1995-1998),source_initializer,34,Green sea turtle,diet_fraction_prey_5,0.039,0.038922155688622756,Frozen exporter normalize_DC=True; original rows retained in frozen input.,,
13_2_Northern_Humboldt_Current_(1995-1998),source_initializer,32,Pinnipeds,diet_fraction_prey_27,0.006945,0.0069434377265115334,Frozen exporter normalize_DC=True; original rows retained in frozen input.,,
13_2_Northern_Humboldt_Current_(1995-1998),source_initializer,32,Pinnipeds,diet_fraction_prey_26,0.02,0.019995501012272238,Frozen exporter normalize_DC=True; original rows retained in frozen input.,,
13_2_Northern_Humboldt_Current_(1995-1998),source_initializer,32,Pinnipeds,diet_fraction_prey_22,0.46,0.45989652328226144,Frozen exporter normalize_DC=True; original rows retained in frozen input.,,
13_2_Northern_Humboldt_Current_(1995-1998),source_initializer,32,Pinnipeds,diet_fraction_prey_15,0.01595,0.015946412057287106,Frozen exporter normalize_DC=True; original rows retained in frozen input.,,
13_2_Northern_Humboldt_Current_(1995-1998),source_initializer,32,Pinnipeds,diet_fraction_prey_14,0.008355000000000001,0.008353120547876729,Frozen exporter normalize_DC=True; original rows retained in frozen input.,,
13_2_Northern_Humboldt_Current_(1995-1998),source_initializer,32,Pinnipeds,diet_fraction_prey_11,0.030975000000000003,0.03096803219275663,Frozen exporter normalize_DC=True; original rows retained in frozen input.,,
13_2_Northern_Humboldt_Current_(1995-1998),source_initializer,32,Pinnipeds,diet_fraction_prey_10,0.458,0.45789697318103423,Frozen exporter normalize_DC=True; original rows retained in frozen input.,,
13_2_Northern_Humboldt_Current_(1995-1998),source_initializer,31,Seabirds,diet_fraction_prey_22,0.0608,0.0607878424315137,Frozen exporter normalize_DC=True; original rows retained in frozen input.,,
13_2_Northern_Humboldt_Current_(1995-1998),source_initializer,31,Seabirds,diet_fraction_prey_15,0.0075,0.007498500299940012,Frozen exporter normalize_DC=True; original rows retained in frozen input.,,
13_2_Northern_Humboldt_Current_(1995-1998),source_initializer,31,Seabirds,diet_fraction_prey_14,0.0809,0.08088382323535293,Frozen exporter normalize_DC=True; original rows retained in frozen input.,,
13_2_Northern_Humboldt_Current_(1995-1998),source_initializer,31,Seabirds,diet_fraction_prey_10,0.6275,0.6273745250949809,Frozen exporter normalize_DC=True; original rows retained in frozen input.,,
13_2_Northern_Humboldt_Current_(1995-1998),source_initializer,31,Seabirds,diet_fraction_prey_9,0.2235,0.22345530893821236,Frozen exporter normalize_DC=True; original rows retained in frozen input.,,
13_2_Northern_Humboldt_Current_(1995-1998),source_initializer,30,Chondrichthyans,diet_fraction_prey_28,0.0105,0.010501633003932113,Frozen exporter normalize_DC=True; original rows retained in frozen input.,,
13_2_Northern_Humboldt_Current_(1995-1998),source_initializer,30,Chondrichthyans,diet_fraction_prey_26,0.0105,0.010501633003932113,Frozen exporter normalize_DC=True; original rows retained in frozen input.,,
13_2_Northern_Humboldt_Current_(1995-1998),source_initializer,30,Chondrichthyans,diet_fraction_prey_22,0.01105,0.01105171854223332,Frozen exporter normalize_DC=True; original rows retained in frozen input.,,
13_2_Northern_Humboldt_Current_(1995-1998),source_initializer,30,Chondrichthyans,diet_fraction_prey_20,0.0005,0.0005000777620920053,Frozen exporter normalize_DC=True; original rows retained in frozen input.,,
13_2_Northern_Humboldt_Current_(1995-1998),source_initializer,30,Chondrichthyans,diet_fraction_prey_19,0.008094500000000001,0.008095758890507475,Frozen exporter normalize_DC=True; original rows retained in frozen input.,,
13_2_Northern_Humboldt_Current_(1995-1998),source_initializer,30,Chondrichthyans,diet_fraction_prey_18,0.056,0.0560087093543046,Frozen exporter normalize_DC=True; original rows retained in frozen input.,,
13_2_Northern_Humboldt_Current_(1995-1998),source_initializer,30,Chondrichthyans,diet_fraction_prey_17,0.1842,0.18422864755469479,Frozen exporter normalize_DC=True; original rows retained in frozen input.,,
13_2_Northern_Humboldt_Current_(1995-1998),source_initializer,30,Chondrichthyans,diet_fraction_prey_15,0.0105,0.010501633003932113,Frozen exporter normalize_DC=True; original rows retained in frozen input.,,
13_2_Northern_Humboldt_Current_(1995-1998),source_initializer,30,Chondrichthyans,diet_fraction_prey_13,0.09,0.09001399717656096,Frozen exporter normalize_DC=True; original rows retained in frozen input.,,
13_2_Northern_Humboldt_Current_(1995-1998),source_initializer,30,Chondrichthyans,diet_fraction_prey_12,0.3545,0.3545551333232318,Frozen exporter normalize_DC=True; original rows retained in frozen input.,,
13_2_Northern_Humboldt_Current_(1995-1998),source_initializer,30,Chondrichthyans,diet_fraction_prey_10,0.212,0.21203297112701025,Frozen exporter normalize_DC=True; original rows retained in frozen input.,,
13_2_Northern_Humboldt_Current_(1995-1998),source_initializer,30,Chondrichthyans,diet_fraction_prey_8,0.0415,0.04150645425363644,Frozen exporter normalize_DC=True; original rows retained in frozen input.,,
13_2_Northern_Humboldt_Current_(1995-1998),source_initializer,30,Chondrichthyans,diet_fraction_prey_5,0.0105,0.010501633003932113,Frozen exporter normalize_DC=True; original rows retained in frozen input.,,
13_2_Northern_Humboldt_Current_(1995-1998),source_initializer,29,Catfish,diet_fraction_prey_39,0.03632,0.036317639353442024,Frozen exporter normalize_DC=True; original rows retained in frozen input.,,
13_2_Northern_Humboldt_Current_(1995-1998),source_initializer,29,Catfish,diet_fraction_prey_29,0.03,0.02999805012674176,Frozen exporter normalize_DC=True; original rows retained in frozen input.,,
13_2_Northern_Humboldt_Current_(1995-1998),source_initializer,29,Catfish,diet_fraction_prey_14,0.000615,0.0006149600275982061,Frozen exporter normalize_DC=True; original rows retained in frozen input.,,
13_2_Northern_Humboldt_Current_(1995-1998),source_initializer,29,Catfish,diet_fraction_prey_10,0.099,0.09899356541824782,Frozen exporter normalize_DC=True; original rows retained in frozen input.,,
13_2_Northern_Humboldt_Current_(1995-1998),source_initializer,29,Catfish,diet_fraction_prey_8,0.778,0.7779494332868364,Frozen exporter normalize_DC=True; original rows retained in frozen input.,,
13_2_Northern_Humboldt_Current_(1995-1998),source_initializer,29,Catfish,diet_fraction_prey_5,0.054,0.05399649022813517,Frozen exporter normalize_DC=True; original rows retained in frozen input.,,
13_2_Northern_Humboldt_Current_(1995-1998),source_initializer,29,Catfish,diet_fraction_prey_4,0.00213,0.002129861558998665,Frozen exporter normalize_DC=True; original rows retained in frozen input.,,
13_2_Northern_Humboldt_Current_(1995-1998),source_initializer,28,Sea robin,diet_fraction_prey_14,0.109,0.1089836524521322,Frozen exporter normalize_DC=True; original rows retained in frozen input.,,
13_2_Northern_Humboldt_Current_(1995-1998),source_initializer,28,Sea robin,diet_fraction_prey_8,0.09815,0.09813527970804381,Frozen exporter normalize_DC=True; original rows retained in frozen input.,,
13_2_Northern_Humboldt_Current_(1995-1998),source_initializer,28,Sea robin,diet_fraction_prey_5,0.7929999999999999,0.792881067839824,Frozen exporter normalize_DC=True; original rows retained in frozen input.,,
13_2_Northern_Humboldt_Current_(1995-1998),source_initializer,27,Medium sciaenids,diet_fraction_prey_39,0.01065,0.010640933924296499,Frozen exporter normalize_DC=True; original rows retained in frozen input.,,
13_2_Northern_Humboldt_Current_(1995-1998),source_initializer,27,Medium sciaenids,diet_fraction_prey_27,0.02,0.019982974505721125,Frozen exporter normalize_DC=True; original rows retained in frozen input.,,
13_2_Northern_Humboldt_Current_(1995-1998),source_initializer,27,Medium sciaenids,diet_fraction_prey_26,0.01,0.009991487252860563,Frozen exporter normalize_DC=True; original rows retained in frozen input.,,
13_2_Northern_Humboldt_Current_(1995-1998),source_initializer,27,Medium sciaenids,diet_fraction_prey_24,0.0012735,0.0012724159016517926,Frozen exporter normalize_DC=True; original rows retained in frozen input.,,
13_2_Northern_Humboldt_Current_(1995-1998),source_initializer,27,Medium sciaenids,diet_fraction_prey_22,0.13,0.12988933428718732,Frozen exporter normalize_DC=True; original rows retained in frozen input.,,
13_2_Northern_Humboldt_Current_(1995-1998),source_initializer,27,Medium sciaenids,diet_fraction_prey_17,0.001535,0.0015336932933140961,Frozen exporter normalize_DC=True; original rows retained in frozen input.,,
13_2_Northern_Humboldt_Current_(1995-1998),source_initializer,27,Medium sciaenids,diet_fraction_prey_14,0.05,0.04995743626430281,Frozen exporter normalize_DC=True; original rows retained in frozen input.,,
13_2_Northern_Humboldt_Current_(1995-1998),source_initializer,27,Medium sciaenids,diet_fraction_prey_13,0.019465,0.019448429937693083,Frozen exporter normalize_DC=True; original rows retained in frozen input.,,
13_2_Northern_Humboldt_Current_(1995-1998),source_initializer,27,Medium sciaenids,diet_fraction_prey_12,0.00232,0.0023180250426636504,Frozen exporter normalize_DC=True; original rows retained in frozen input.,,
13_2_Northern_Humboldt_Current_(1995-1998),source_initializer,27,Medium sciaenids,diet_fraction_prey_11,0.000487,0.0004865854292143094,Frozen exporter normalize_DC=True; original rows retained in frozen input.,,
13_2_Northern_Humboldt_Current_(1995-1998),source_initializer,27,Medium sciaenids,diet_fraction_prey_10,0.187,0.1868408116284925,Frozen exporter normalize_DC=True; original rows retained in frozen input.,,
13_2_Northern_Humboldt_Current_(1995-1998),source_initializer,27,Medium sciaenids,diet_fraction_prey_9,0.00865,0.008642636473724387,Frozen exporter normalize_DC=True; original rows retained in frozen input.,,
13_2_Northern_Humboldt_Current_(1995-1998),source_initializer,27,Medium sciaenids,diet_fraction_prey_8,0.5569500000000001,0.556475882548069,Frozen exporter normalize_DC=True; original rows retained in frozen input.,,
13_2_Northern_Humboldt_Current_(1995-1998),source_initializer,27,Medium sciaenids,diet_fraction_prey_6,0.00214,0.00213817827211216,Frozen exporter normalize_DC=True; original rows retained in frozen input.,,
13_2_Northern_Humboldt_Current_(1995-1998),source_initializer,27,Medium sciaenids,diet_fraction_prey_5,0.0003815,0.0003811752386966304,Frozen exporter normalize_DC=True; original rows retained in frozen input.,,
13_2_Northern_Humboldt_Current_(1995-1998),source_initializer,26,Medium demersal fish,diet_fraction_prey_26,0.016,0.016004001000250064,Frozen exporter normalize_DC=True; original rows retained in frozen input.,,
13_2_Northern_Humboldt_Current_(1995-1998),source_initializer,26,Medium demersal fish,diet_fraction_prey_22,0.108,0.10802700675168793,Frozen exporter normalize_DC=True; original rows retained in frozen input.,,
13_2_Northern_Humboldt_Current_(1995-1998),source_initializer,26,Medium demersal fish,diet_fraction_prey_21,0.000565,0.0005651412853213304,Frozen exporter normalize_DC=True; original rows retained in frozen input.,,
13_2_Northern_Humboldt_Current_(1995-1998),source_initializer,26,Medium demersal fish,diet_fraction_prey_14,0.0061849999999999995,0.006186546636659165,Frozen exporter normalize_DC=True; original rows retained in frozen input.,,
13_2_Northern_Humboldt_Current_(1995-1998),source_initializer,26,Medium demersal fish,diet_fraction_prey_13,0.0225,0.022505626406601652,Frozen exporter normalize_DC=True; original rows retained in frozen input.,,
13_2_Northern_Humboldt_Current_(1995-1998),source_initializer,26,Medium demersal fish,diet_fraction_prey_10,0.059000000000000004,0.059014753688422114,Frozen exporter normalize_DC=True; original rows retained in frozen input.,,
13_2_Northern_Humboldt_Current_(1995-1998),source_initializer,26,Medium demersal fish,diet_fraction_prey_8,0.6214999999999999,0.6216554138534633,Frozen exporter normalize_DC=True; original rows retained in frozen input.,,
13_2_Northern_Humboldt_Current_(1995-1998),source_initializer,26,Medium demersal fish,diet_fraction_prey_5,0.166,0.16604151037759443,Frozen exporter normalize_DC=True; original rows retained in frozen input.,,
13_2_Northern_Humboldt_Current_(1995-1998),source_initializer,25,Conger,diet_fraction_prey_39,0.034,0.034003230306879156,Frozen exporter normalize_DC=True; original rows retained in frozen input.,,
13_2_Northern_Humboldt_Current_(1995-1998),source_initializer,25,Conger,diet_fraction_prey_28,0.233,0.2330221371030248,Frozen exporter normalize_DC=True; original rows retained in frozen input.,,
13_2_Northern_Humboldt_Current_(1995-1998),source_initializer,25,Conger,diet_fraction_prey_26,0.3255,0.3255309254379166,Frozen exporter normalize_DC=True; original rows retained in frozen input.,,
13_2_Northern_Humboldt_Current_(1995-1998),source_initializer,25,Conger,diet_fraction_prey_22,0.0311,0.031102954780704163,Frozen exporter normalize_DC=True; original rows retained in frozen input.,,
13_2_Northern_Humboldt_Current_(1995-1998),source_initializer,25,Conger,diet_fraction_prey_21,0.009205,0.009205874558083017,Frozen exporter normalize_DC=True; original rows retained in frozen input.,,
13_2_Northern_Humboldt_Current_(1995-1998),source_initializer,25,Conger,diet_fraction_prey_19,0.216,0.2160205219495852,Frozen exporter normalize_DC=True; original rows retained in frozen input.,,
13_2_Northern_Humboldt_Current_(1995-1998),source_initializer,25,Conger,diet_fraction_prey_13,0.037099999999999994,0.037103524834859306,Frozen exporter normalize_DC=True; original rows retained in frozen input.,,
13_2_Northern_Humboldt_Current_(1995-1998),source_initializer,25,Conger,diet_fraction_prey_8,0.114,0.11401083102894775,Frozen exporter normalize_DC=True; original rows retained in frozen input.,,
13_2_Northern_Humboldt_Current_(1995-1998),source_initializer,24,Butter fishes,diet_fraction_prey_39,0.092,0.09198620206968953,Frozen exporter normalize_DC=True; original rows retained in frozen input.,,
13_2_Northern_Humboldt_Current_(1995-1998),source_initializer,24,Butter fishes,diet_fraction_prey_8,0.32,0.31995200719892014,Frozen exporter normalize_DC=True; original rows retained in frozen input.,,
13_2_Northern_Humboldt_Current_(1995-1998),source_initializer,24,Butter fishes,diet_fraction_prey_7,0.09,0.08998650202469628,Frozen exporter normalize_DC=True; original rows retained in frozen input.,,
13_2_Northern_Humboldt_Current_(1995-1998),source_initializer,24,Butter fishes,diet_fraction_prey_5,0.01315,0.013148027795830625,Frozen exporter normalize_DC=True; original rows retained in frozen input.,,
13_2_Northern_Humboldt_Current_(1995-1998),source_initializer,24,Butter fishes,diet_fraction_prey_4,0.08,0.07998800179973004,Frozen exporter normalize_DC=True; original rows retained in frozen input.,,
13_2_Northern_Humboldt_Current_(1995-1998),source_initializer,24,Butter fishes,diet_fraction_prey_1,0.405,0.4049392591111333,Frozen exporter normalize_DC=True; original rows retained in frozen input.,,
13_2_Northern_Humboldt_Current_(1995-1998),source_initializer,23,Benthic elasmobranchs,diet_fraction_prey_39,0.0225,0.022501631368274204,Frozen exporter normalize_DC=True; original rows retained in frozen input.,,
13_2_Northern_Humboldt_Current_(1995-1998),source_initializer,23,Benthic elasmobranchs,diet_fraction_prey_29,0.00795,0.00795057641679022,Frozen exporter normalize_DC=True; original rows retained in frozen input.,,
13_2_Northern_Humboldt_Current_(1995-1998),source_initializer,23,Benthic elasmobranchs,diet_fraction_prey_27,0.018065,0.018066309807461045,Frozen exporter normalize_DC=True; original rows retained in frozen input.,,
13_2_Northern_Humboldt_Current_(1995-1998),source_initializer,23,Benthic elasmobranchs,diet_fraction_prey_26,0.02435,0.02435176550299897,Frozen exporter normalize_DC=True; original rows retained in frozen input.,,
13_2_Northern_Humboldt_Current_(1995-1998),source_initializer,23,Benthic elasmobranchs,diet_fraction_prey_25,0.0002375,0.00023751721999844993,Frozen exporter normalize_DC=True; original rows retained in frozen input.,,
13_2_Northern_Humboldt_Current_(1995-1998),source_initializer,23,Benthic elasmobranchs,diet_fraction_prey_24,0.0015,0.0015001087578849469,Frozen exporter normalize_DC=True; original rows retained in frozen input.,,
13_2_Northern_Humboldt_Current_(1995-1998),source_initializer,23,Benthic elasmobranchs,diet_fraction_prey_22,0.10815,0.10815784144350467,Frozen exporter normalize_DC=True; original rows retained in frozen input.,,
13_2_Northern_Humboldt_Current_(1995-1998),source_initializer,23,Benthic elasmobranchs,diet_fraction_prey_21,0.0036750000000000003,0.00367526645681812,Frozen exporter normalize_DC=True; original rows retained in frozen input.,,
13_2_Northern_Humboldt_Current_(1995-1998),source_initializer,23,Benthic elasmobranchs,diet_fraction_prey_19,0.02455,0.024551780004050297,Frozen exporter normalize_DC=True; original rows retained in frozen input.,,
13_2_Northern_Humboldt_Current_(1995-1998),source_initializer,23,Benthic elasmobranchs,diet_fraction_prey_17,0.0025,0.002500181263141578,Frozen exporter normalize_DC=True; original rows retained in frozen input.,,
13_2_Northern_Humboldt_Current_(1995-1998),source_initializer,23,Benthic elasmobranchs,diet_fraction_prey_15,0.0029850000000000002,0.0029852164281910444,Frozen exporter normalize_DC=True; original rows retained in frozen input.,,
13_2_Northern_Humboldt_Current_(1995-1998),source_initializer,23,Benthic elasmobranchs,diet_fraction_prey_14,0.003415,0.0034152476054513958,Frozen exporter normalize_DC=True; original rows retained in frozen input.,,
13_2_Northern_Humboldt_Current_(1995-1998),source_initializer,23,Benthic elasmobranchs,diet_fraction_prey_13,0.0645,0.06450467658905272,Frozen exporter normalize_DC=True; original rows retained in frozen input.,,
13_2_Northern_Humboldt_Current_(1995-1998),source_initializer,23,Benthic elasmobranchs,diet_fraction_prey_12,0.01335,0.013350967945176028,Frozen exporter normalize_DC=True; original rows retained in frozen input.,,
13_2_Northern_Humboldt_Current_(1995-1998),source_initializer,23,Benthic elasmobranchs,diet_fraction_prey_10,0.08,0.0800058004205305,Frozen exporter normalize_DC=True; original rows retained in frozen input.,,
13_2_Northern_Humboldt_Current_(1995-1998),source_initializer,23,Benthic elasmobranchs,diet_fraction_prey_9,0.0238,0.023801725625107826,Frozen exporter normalize_DC=True; original rows retained in frozen input.,,
13_2_Northern_Humboldt_Current_(1995-1998),source_initializer,23,Benthic elasmobranchs,diet_fraction_prey_8,0.5585,0.5585404941858285,Frozen exporter normalize_DC=True; original rows retained in frozen input.,,
13_2_Northern_Humboldt_Current_(1995-1998),source_initializer,23,Benthic elasmobranchs,diet_fraction_prey_5,0.0399,0.03990289295973958,Frozen exporter normalize_DC=True; original rows retained in frozen input.,,
13_2_Northern_Humboldt_Current_(1995-1998),source_initializer,20,Large hake,diet_fraction_prey_28,0.0915,0.09067935186561617,Frozen exporter normalize_DC=True; original rows retained in frozen input.,,
13_2_Northern_Humboldt_Current_(1995-1998),source_initializer,20,Large hake,diet_fraction_prey_27,0.2,0.1982062335860463,Frozen exporter normalize_DC=True; original rows retained in frozen input.,,
13_2_Northern_Humboldt_Current_(1995-1998),source_initializer,20,Large hake,diet_fraction_prey_26,0.007,0.00693721817551162,Frozen exporter normalize_DC=True; original rows retained in frozen input.,,
13_2_Northern_Humboldt_Current_(1995-1998),source_initializer,20,Large hake,diet_fraction_prey_24,0.015,0.01486546751895347,Frozen exporter normalize_DC=True; original rows retained in frozen input.,,
13_2_Northern_Humboldt_Current_(1995-1998),source_initializer,20,Large hake,diet_fraction_prey_22,0.092,0.09117486744958128,Frozen exporter normalize_DC=True; original rows retained in frozen input.,,
13_2_Northern_Humboldt_Current_(1995-1998),source_initializer,20,Large hake,diet_fraction_prey_18,0.396,0.39244834250037164,Frozen exporter normalize_DC=True; original rows retained in frozen input.,,
13_2_Northern_Humboldt_Current_(1995-1998),source_initializer,20,Large hake,diet_fraction_prey_16,0.038,0.03765918438134879,Frozen exporter normalize_DC=True; original rows retained in frozen input.,,
13_2_Northern_Humboldt_Current_(1995-1998),source_initializer,20,Large hake,diet_fraction_prey_15,0.0025,0.0024775779198255785,Frozen exporter normalize_DC=True; original rows retained in frozen input.,,
13_2_Northern_Humboldt_Current_(1995-1998),source_initializer,20,Large hake,diet_fraction_prey_14,0.01,0.009910311679302314,Frozen exporter normalize_DC=True; original rows retained in frozen input.,,
13_2_Northern_Humboldt_Current_(1995-1998),source_initializer,20,Large hake,diet_fraction_prey_13,0.0035,0.00346860908775581,Frozen exporter normalize_DC=True; original rows retained in frozen input.,,
13_2_Northern_Humboldt_Current_(1995-1998),source_initializer,20,Large hake,diet_fraction_prey_12,0.0555,0.05500222982012784,Frozen exporter normalize_DC=True; original rows retained in frozen input.,,
13_2_Northern_Humboldt_Current_(1995-1998),source_initializer,20,Large hake,diet_fraction_prey_11,0.0155,0.015360983102918587,Frozen exporter normalize_DC=True; original rows retained in frozen input.,,
13_2_Northern_Humboldt_Current_(1995-1998),source_initializer,20,Large hake,diet_fraction_prey_10,0.014,0.01387443635102324,Frozen exporter normalize_DC=True; original rows retained in frozen input.,,
13_2_Northern_Humboldt_Current_(1995-1998),source_initializer,20,Large hake,diet_fraction_prey_8,0.0025,0.0024775779198255785,Frozen exporter normalize_DC=True; original rows retained in frozen input.,,
13_2_Northern_Humboldt_Current_(1995-1998),source_initializer,20,Large hake,diet_fraction_prey_5,0.06605,0.06545760864179179,Frozen exporter normalize_DC=True; original rows retained in frozen input.,,
13_2_Northern_Humboldt_Current_(1995-1998),source_initializer,17,Other large pelagic fish,diet_fraction_prey_22,0.153,0.15298623123918847,Frozen exporter normalize_DC=True; original rows retained in frozen input.,,
13_2_Northern_Humboldt_Current_(1995-1998),source_initializer,17,Other large pelagic fish,diet_fraction_prey_14,0.10564,0.105630493255607,Frozen exporter normalize_DC=True; original rows retained in frozen input.,,
13_2_Northern_Humboldt_Current_(1995-1998),source_initializer,17,Other large pelagic fish,diet_fraction_prey_13,0.04425,0.044246017858392744,Frozen exporter normalize_DC=True; original rows retained in frozen input.,,
13_2_Northern_Humboldt_Current_(1995-1998),source_initializer,17,Other large pelagic fish,diet_fraction_prey_12,0.0357,0.03569678728914398,Frozen exporter normalize_DC=True; original rows retained in frozen input.,,
13_2_Northern_Humboldt_Current_(1995-1998),source_initializer,17,Other large pelagic fish,diet_fraction_prey_10,0.6605,0.6604405603495686,Frozen exporter normalize_DC=True; original rows retained in frozen input.,,
13_2_Northern_Humboldt_Current_(1995-1998),source_initializer,17,Other large pelagic fish,diet_fraction_prey_5,0.001,0.0009999100080992712,Frozen exporter normalize_DC=True; original rows retained in frozen input.,,
13_2_Northern_Humboldt_Current_(1995-1998),source_initializer,16,Chub mackerel,diet_fraction_prey_28,0.000155,0.00015574228336683873,Frozen exporter normalize_DC=True; original rows retained in frozen input.,,
13_2_Northern_Humboldt_Current_(1995-1998),source_initializer,16,Chub mackerel,diet_fraction_prey_22,0.023271375,0.02338281986829656,Frozen exporter normalize_DC=True; original rows retained in frozen input.,,
13_2_Northern_Humboldt_Current_(1995-1998),source_initializer,16,Chub mackerel,diet_fraction_prey_14,0.035,0.03516761237315713,Frozen exporter normalize_DC=True; original rows retained in frozen input.,,
13_2_Northern_Humboldt_Current_(1995-1998),source_initializer,16,Chub mackerel,diet_fraction_prey_13,0.0405,0.04069395146036754,Frozen exporter normalize_DC=True; original rows retained in frozen input.,,
13_2_Northern_Humboldt_Current_(1995-1998),source_initializer,16,Chub mackerel,diet_fraction_prey_11,0.0016175,0.001625246086102333,Frozen exporter normalize_DC=True; original rows retained in frozen input.,,
13_2_Northern_Humboldt_Current_(1995-1998),source_initializer,16,Chub mackerel,diet_fraction_prey_10,0.40035,0.4022672461026702,Frozen exporter normalize_DC=True; original rows retained in frozen input.,,
13_2_Northern_Humboldt_Current_(1995-1998),source_initializer,16,Chub mackerel,diet_fraction_prey_9,0.04925,0.049485854553656825,Frozen exporter normalize_DC=True; original rows retained in frozen input.,,
13_2_Northern_Humboldt_Current_(1995-1998),source_initializer,16,Chub mackerel,diet_fraction_prey_8,0.005,0.0050239446247367335,Frozen exporter normalize_DC=True; original rows retained in frozen input.,,
13_2_Northern_Humboldt_Current_(1995-1998),source_initializer,16,Chub mackerel,diet_fraction_prey_5,0.2815,0.28284808237267806,Frozen exporter normalize_DC=True; original rows retained in frozen input.,,
13_2_Northern_Humboldt_Current_(1995-1998),source_initializer,16,Chub mackerel,diet_fraction_prey_4,0.132975,0.13361180729487343,Frozen exporter normalize_DC=True; original rows retained in frozen input.,,
13_2_Northern_Humboldt_Current_(1995-1998),source_initializer,16,Chub mackerel,diet_fraction_prey_3,2.455e-08,2.466756810745736e-08,Frozen exporter normalize_DC=True; original rows retained in frozen input.,,
13_2_Northern_Humboldt_Current_(1995-1998),source_initializer,16,Chub mackerel,diet_fraction_prey_1,0.025615000000000002,0.025737668312526284,Frozen exporter normalize_DC=True; original rows retained in frozen input.,,
13_2_Northern_Humboldt_Current_(1995-1998),source_initializer,15,Horse mackerel,diet_fraction_prey_39,0.12225,0.12224908313187649,Frozen exporter normalize_DC=True; original rows retained in frozen input.,,
13_2_Northern_Humboldt_Current_(1995-1998),source_initializer,15,Horse mackerel,diet_fraction_prey_22,0.0102075,0.010207423444324166,Frozen exporter normalize_DC=True; original rows retained in frozen input.,,
13_2_Northern_Humboldt_Current_(1995-1998),source_initializer,15,Horse mackerel,diet_fraction_prey_14,0.01725,0.017249870625970304,Frozen exporter normalize_DC=True; original rows retained in frozen input.,,
13_2_Northern_Humboldt_Current_(1995-1998),source_initializer,15,Horse mackerel,diet_fraction_prey_13,0.03,0.029999775001687483,Frozen exporter normalize_DC=True; original rows retained in frozen input.,,
13_2_Northern_Humboldt_Current_(1995-1998),source_initializer,15,Horse mackerel,diet_fraction_prey_10,0.375,0.3749971875210935,Frozen exporter normalize_DC=True; original rows retained in frozen input.,,
13_2_Northern_Humboldt_Current_(1995-1998),source_initializer,15,Horse mackerel,diet_fraction_prey_9,0.05,0.04999962500281247,Frozen exporter normalize_DC=True; original rows retained in frozen input.,,
13_2_Northern_Humboldt_Current_(1995-1998),source_initializer,15,Horse mackerel,diet_fraction_prey_8,0.0125,0.012499906250703118,Frozen exporter normalize_DC=True; original rows retained in frozen input.,,
13_2_Northern_Humboldt_Current_(1995-1998),source_initializer,15,Horse mackerel,diet_fraction_prey_5,0.32730000000000004,0.3272975452684105,Frozen exporter normalize_DC=True; original rows retained in frozen input.,,
13_2_Northern_Humboldt_Current_(1995-1998),source_initializer,15,Horse mackerel,diet_fraction_prey_4,0.0555,0.05549958375312184,Frozen exporter normalize_DC=True; original rows retained in frozen input.,,
13_2_Northern_Humboldt_Current_(1995-1998),source_initializer,12,Jumbo squid,diet_fraction_prey_18,0.0319,0.03190957287186155,Frozen exporter normalize_DC=True; original rows retained in frozen input.,,
13_2_Northern_Humboldt_Current_(1995-1998),source_initializer,12,Jumbo squid,diet_fraction_prey_14,0.0413,0.04131239371811544,Frozen exporter normalize_DC=True; original rows retained in frozen input.,,
13_2_Northern_Humboldt_Current_(1995-1998),source_initializer,12,Jumbo squid,diet_fraction_prey_13,0.07,0.07002100630189056,Frozen exporter normalize_DC=True; original rows retained in frozen input.,,
13_2_Northern_Humboldt_Current_(1995-1998),source_initializer,12,Jumbo squid,diet_fraction_prey_12,0.14,0.14004201260378113,Frozen exporter normalize_DC=True; original rows retained in frozen input.,,
13_2_Northern_Humboldt_Current_(1995-1998),source_initializer,12,Jumbo squid,diet_fraction_prey_11,0.38,0.3801140342102631,Frozen exporter normalize_DC=True; original rows retained in frozen input.,,
13_2_Northern_Humboldt_Current_(1995-1998),source_initializer,12,Jumbo squid,diet_fraction_prey_10,0.068,0.06802040612183656,Frozen exporter normalize_DC=True; original rows retained in frozen input.,,
13_2_Northern_Humboldt_Current_(1995-1998),source_initializer,12,Jumbo squid,diet_fraction_prey_5,0.203,0.20306091827548264,Frozen exporter normalize_DC=True; original rows retained in frozen input.,,
13_2_Northern_Humboldt_Current_(1995-1998),source_initializer,12,Jumbo squid,diet_fraction_prey_4,0.0655,0.06551965589676903,Frozen exporter normalize_DC=True; original rows retained in frozen input.,,
13_2_Northern_Humboldt_Current_(1995-1998),source_initializer,10,Anchovy,diet_fraction_prey_36,0.00140960945935521,0.0014090543441042944,Frozen exporter normalize_DC=True; original rows retained in frozen input.,,
13_2_Northern_Humboldt_Current_(1995-1998),source_initializer,10,Anchovy,diet_fraction_prey_5,0.364597436788835,0.36445385546121056,Frozen exporter normalize_DC=True; original rows retained in frozen input.,,
13_2_Northern_Humboldt_Current_(1995-1998),source_initializer,10,Anchovy,diet_fraction_prey_4,0.388337684952871,0.3881847545294889,Frozen exporter normalize_DC=True; original rows retained in frozen input.,,
13_2_Northern_Humboldt_Current_(1995-1998),source_initializer,10,Anchovy,diet_fraction_prey_3,0.000349217494148967,0.0003490799695632727,Frozen exporter normalize_DC=True; original rows retained in frozen input.,,
13_2_Northern_Humboldt_Current_(1995-1998),source_initializer,10,Anchovy,diet_fraction_prey_2,0.00266666666666667,0.002665616512437106,Frozen exporter normalize_DC=True; original rows retained in frozen input.,,
13_2_Northern_Humboldt_Current_(1995-1998),source_initializer,10,Anchovy,diet_fraction_prey_1,0.243033347619919,0.24293763918319597,Frozen exporter normalize_DC=True; original rows retained in frozen input.,,
13_2_Northern_Humboldt_Current_(1995-1998),source_initializer,9,Sardine,diet_fraction_prey_36,0.001,0.0009999350042247254,Frozen exporter normalize_DC=True; original rows retained in frozen input.,,
13_2_Northern_Humboldt_Current_(1995-1998),source_initializer,9,Sardine,diet_fraction_prey_5,0.24,0.2399844010139341,Frozen exporter normalize_DC=True; original rows retained in frozen input.,,
13_2_Northern_Humboldt_Current_(1995-1998),source_initializer,9,Sardine,diet_fraction_prey_4,0.629,0.6289591176573522,Frozen exporter normalize_DC=True; original rows retained in frozen input.,,
13_2_Northern_Humboldt_Current_(1995-1998),source_initializer,9,Sardine,diet_fraction_prey_3,0.021,0.020998635088719235,Frozen exporter normalize_DC=True; original rows retained in frozen input.,,
13_2_Northern_Humboldt_Current_(1995-1998),source_initializer,9,Sardine,diet_fraction_prey_2,0.026765,0.026763260388074778,Frozen exporter normalize_DC=True; original rows retained in frozen input.,,
13_2_Northern_Humboldt_Current_(1995-1998),source_initializer,9,Sardine,diet_fraction_prey_1,0.0823,0.0822946508476949,Frozen exporter normalize_DC=True; original rows retained in frozen input.,,
13_2_Northern_Humboldt_Current_(1995-1998),source_initializer,7,Chrysaora plocamia,diet_fraction_prey_36,0.15,0.1435406698564596,Frozen exporter normalize_DC=True; original rows retained in frozen input.,,
13_2_Northern_Humboldt_Current_(1995-1998),source_initializer,7,Chrysaora plocamia,diet_fraction_prey_6,0.0492610837438424,0.04713979305630861,Frozen exporter normalize_DC=True; original rows retained in frozen input.,,
13_2_Northern_Humboldt_Current_(1995-1998),source_initializer,7,Chrysaora plocamia,diet_fraction_prey_5,0.10470443349753696,0.10019563014118389,Frozen exporter normalize_DC=True; original rows retained in frozen input.,,
13_2_Northern_Humboldt_Current_(1995-1998),source_initializer,7,Chrysaora plocamia,diet_fraction_prey_4,0.73118226600985,0.6996959483347861,Frozen exporter normalize_DC=True; original rows retained in frozen input.,,
13_2_Northern_Humboldt_Current_(1995-1998),source_initializer,7,Chrysaora plocamia,diet_fraction_prey_1,0.00985221674876847,0.009427958611261712,Frozen exporter normalize_DC=True; original rows retained in frozen input.,,
13_2_Northern_Humboldt_Current_(1995-1998),source_initializer,2,Dino/silicoflagellates,diet_fraction_prey_40,,0.0,Frozen exporter normalize_DC=True; original rows retained in frozen input.,,
13_2_Northern_Humboldt_Current_(1995-1998),source_initializer,1,Diatoms,diet_fraction_prey_40,,0.0,Frozen exporter normalize_DC=True; original rows retained in frozen input.,,
13_2_Northern_Humboldt_Current_(1995-1998),routing_scenario,39,Benthic detritus,p,1751.6112896867576,1751.9032226371407,"Freeze completed living P,Q,diet,predation,accumulation,migration. Solve EE for SM; detritus accumulation absorbs routed inflow at fixed predation. No new consumption is assumed.",SM,0.01
13_2_Northern_Humboldt_Current_(1995-1998),routing_scenario,38,Pelagic detritus,p,5090.259743360343,5090.265280929652,"Freeze completed living P,Q,diet,predation,accumulation,migration. Solve EE for SM; detritus accumulation absorbs routed inflow at fixed predation. No new consumption is assumed.",SM,0.01
13_2_Northern_Humboldt_Current_(1995-1998),routing_scenario,36,Anchovy eggs,p,81.93913403799536,81.99705900748411,"Freeze completed living P,Q,diet,predation,accumulation,migration. Solve EE for SM; detritus accumulation absorbs routed inflow at fixed predation. No new consumption is assumed.",SM,0.01
13_2_Northern_Humboldt_Current_(1995-1998),routing_scenario,39,Benthic detritus,q,1751.6112896867576,1751.9032226371407,"Freeze completed living P,Q,diet,predation,accumulation,migration. Solve EE for SM; detritus accumulation absorbs routed inflow at fixed predation. No new consumption is assumed.",SM,0.01
13_2_Northern_Humboldt_Current_(1995-1998),routing_scenario,38,Pelagic detritus,q,5090.259743360343,5090.265280929652,"Freeze completed living P,Q,diet,predation,accumulation,migration. Solve EE for SM; detritus accumulation absorbs routed inflow at fixed predation. No new consumption is assumed.",SM,0.01
13_2_Northern_Humboldt_Current_(1995-1998),routing_scenario,36,Anchovy eggs,q,81.93913403799536,81.99705900748411,"Freeze completed living P,Q,diet,predation,accumulation,migration. Solve EE for SM; detritus accumulation absorbs routed inflow at fixed predation. No new consumption is assumed.",SM,0.01
13_2_Northern_Humboldt_Current_(1995-1998),routing_scenario,30,Chondrichthyans,M0,0.01111863866537926,0.01126260227987926,"Freeze completed living P,Q,diet,predation,accumulation,migration. Solve EE for SM; detritus accumulation absorbs routed inflow at fixed predation. No new consumption is assumed.",SM,0.01
13_2_Northern_Humboldt_Current_(1995-1998),routing_scenario,29,Catfish,M0,0.0986964358664111,0.10209414586641109,"Freeze completed living P,Q,diet,predation,accumulation,migration. Solve EE for SM; detritus accumulation absorbs routed inflow at fixed predation. No new consumption is assumed.",SM,0.01
13_2_Northern_Humboldt_Current_(1995-1998),routing_scenario,27,Medium sciaenids,M0,0.07797065965059131,0.07858364877009132,"Freeze completed living P,Q,diet,predation,accumulation,migration. Solve EE for SM; detritus accumulation absorbs routed inflow at fixed predation. No new consumption is assumed.",SM,0.01
13_2_Northern_Humboldt_Current_(1995-1998),routing_scenario,26,Medium demersal fish,M0,0.0702195877127324,0.0717152622077324,"Freeze completed living P,Q,diet,predation,accumulation,migration. Solve EE for SM; detritus accumulation absorbs routed inflow at fixed predation. No new consumption is assumed.",SM,0.01
13_2_Northern_Humboldt_Current_(1995-1998),routing_scenario,23,Benthic elasmobranchs,M0,0.02098836399473636,0.02139348036173636,"Freeze completed living P,Q,diet,predation,accumulation,migration. Solve EE for SM; detritus accumulation absorbs routed inflow at fixed predation. No new consumption is assumed.",SM,0.01
13_2_Northern_Humboldt_Current_(1995-1998),routing_scenario,22,Small demersal fish,M0,3.2426595415784147,3.242852933881415,"Freeze completed living P,Q,diet,predation,accumulation,migration. Solve EE for SM; detritus accumulation absorbs routed inflow at fixed predation. No new consumption is assumed.",SM,0.01
13_2_Northern_Humboldt_Current_(1995-1998),routing_scenario,21,Flatfish,M0,3.451325833853003e-05,7.509552988853004e-05,"Freeze completed living P,Q,diet,predation,accumulation,migration. Solve EE for SM; detritus accumulation absorbs routed inflow at fixed predation. No new consumption is assumed.",SM,0.01
13_2_Northern_Humboldt_Current_(1995-1998),routing_scenario,20,Large hake,M0,0.006700170035899526,0.007163517664699526,"Freeze completed living P,Q,diet,predation,accumulation,migration. Solve EE for SM; detritus accumulation absorbs routed inflow at fixed predation. No new consumption is assumed.",SM,0.01
13_2_Northern_Humboldt_Current_(1995-1998),routing_scenario,19,Medium hake,M0,0.44286476478316994,0.4433515247831699,"Freeze completed living P,Q,diet,predation,accumulation,migration. Solve EE for SM; detritus accumulation absorbs routed inflow at fixed predation. No new consumption is assumed.",SM,0.01
13_2_Northern_Humboldt_Current_(1995-1998),routing_scenario,18,Small hake,M0,0.628031663830784,0.639690811494784,"Freeze completed living P,Q,diet,predation,accumulation,migration. Solve EE for SM; detritus accumulation absorbs routed inflow at fixed predation. No new consumption is assumed.",SM,0.01
13_2_Northern_Humboldt_Current_(1995-1998),routing_scenario,17,Other large pelagic fish,M0,0.3416564469598926,0.3449946370948926,"Freeze completed living P,Q,diet,predation,accumulation,migration. Solve EE for SM; detritus accumulation absorbs routed inflow at fixed predation. No new consumption is assumed.",SM,0.01
13_2_Northern_Humboldt_Current_(1995-1998),routing_scenario,16,Chub mackerel,M0,5.522509613684951,5.529936155430951,"Freeze completed living P,Q,diet,predation,accumulation,migration. Solve EE for SM; detritus accumulation absorbs routed inflow at fixed predation. No new consumption is assumed.",SM,0.01
13_2_Northern_Humboldt_Current_(1995-1998),routing_scenario,15,Horse mackerel,M0,6.695953029518151,6.7134182589751505,"Freeze completed living P,Q,diet,predation,accumulation,migration. Solve EE for SM; detritus accumulation absorbs routed inflow at fixed predation. No new consumption is assumed.",SM,0.01
13_2_Northern_Humboldt_Current_(1995-1998),routing_scenario,14,Other small pelagic fish,M0,1.0995008229018595,1.1163987580518595,"Freeze completed living P,Q,diet,predation,accumulation,migration. Solve EE for SM; detritus accumulation absorbs routed inflow at fixed predation. No new consumption is assumed.",SM,0.01
13_2_Northern_Humboldt_Current_(1995-1998),routing_scenario,13,Other cephalopods,M0,0.38835856631069415,0.38871327475606915,"Freeze completed living P,Q,diet,predation,accumulation,migration. Solve EE for SM; detritus accumulation absorbs routed inflow at fixed predation. No new consumption is assumed.",SM,0.01
13_2_Northern_Humboldt_Current_(1995-1998),routing_scenario,12,Jumbo squid,M0,0.6834706928629479,0.6845253258594479,"Freeze completed living P,Q,diet,predation,accumulation,migration. Solve EE for SM; detritus accumulation absorbs routed inflow at fixed predation. No new consumption is assumed.",SM,0.01
13_2_Northern_Humboldt_Current_(1995-1998),routing_scenario,10,Anchovy,M0,21.594902660465323,21.82660253842032,"Freeze completed living P,Q,diet,predation,accumulation,migration. Solve EE for SM; detritus accumulation absorbs routed inflow at fixed predation. No new consumption is assumed.",SM,0.01
13_2_Northern_Humboldt_Current_(1995-1998),routing_scenario,9,Sardine,M0,0.45094358787714506,0.509203277709645,"Freeze completed living P,Q,diet,predation,accumulation,migration. Solve EE for SM; detritus accumulation absorbs routed inflow at fixed predation. No new consumption is assumed.",SM,0.01
13_2_Northern_Humboldt_Current_(1995-1998),routing_scenario,30,Chondrichthyans,EE,0.564231276512146,0.558588963419024,"Freeze completed living P,Q,diet,predation,accumulation,migration. Solve EE for SM; detritus accumulation absorbs routed inflow at fixed predation. No new consumption is assumed.",SM,0.01
13_2_Northern_Humboldt_Current_(1995-1998),routing_scenario,29,Catfish,EE,0.8212506771087646,0.8150970773708488,"Freeze completed living P,Q,diet,predation,accumulation,migration. Solve EE for SM; detritus accumulation absorbs routed inflow at fixed predation. No new consumption is assumed.",SM,0.01
13_2_Northern_Humboldt_Current_(1995-1998),routing_scenario,27,Medium sciaenids,EE,0.7098218202590942,0.7075404997252601,"Freeze completed living P,Q,diet,predation,accumulation,migration. Solve EE for SM; detritus accumulation absorbs routed inflow at fixed predation. No new consumption is assumed.",SM,0.01
13_2_Northern_Humboldt_Current_(1995-1998),routing_scenario,26,Medium demersal fish,EE,0.8201572895050049,0.8163266467461859,"Freeze completed living P,Q,diet,predation,accumulation,migration. Solve EE for SM; detritus accumulation absorbs routed inflow at fixed predation. No new consumption is assumed.",SM,0.01
13_2_Northern_Humboldt_Current_(1995-1998),routing_scenario,23,Benthic elasmobranchs,EE,0.6587257981300354,0.6521385403119864,"Freeze completed living P,Q,diet,predation,accumulation,migration. Solve EE for SM; detritus accumulation absorbs routed inflow at fixed predation. No new consumption is assumed.",SM,0.01
13_2_Northern_Humboldt_Current_(1995-1998),routing_scenario,22,Small demersal fish,EE,0.7304298281669617,0.7304137509946028,"Freeze completed living P,Q,diet,predation,accumulation,migration. Solve EE for SM; detritus accumulation absorbs routed inflow at fixed predation. No new consumption is assumed.",SM,0.01
13_2_Northern_Humboldt_Current_(1995-1998),routing_scenario,21,Flatfish,EE,0.9954587817192078,0.9901190090547071,"Freeze completed living P,Q,diet,predation,accumulation,migration. Solve EE for SM; detritus accumulation absorbs routed inflow at fixed predation. No new consumption is assumed.",SM,0.01
13_2_Northern_Humboldt_Current_(1995-1998),routing_scenario,20,Large hake,EE,0.8738672733306885,0.8651446141290317,"Freeze completed living P,Q,diet,predation,accumulation,migration. Solve EE for SM; detritus accumulation absorbs routed inflow at fixed predation. No new consumption is assumed.",SM,0.01
13_2_Northern_Humboldt_Current_(1995-1998),routing_scenario,19,Medium hake,EE,0.14074458181858063,0.13980015995300565,"Freeze completed living P,Q,diet,predation,accumulation,migration. Solve EE for SM; detritus accumulation absorbs routed inflow at fixed predation. No new consumption is assumed.",SM,0.01
13_2_Northern_Humboldt_Current_(1995-1998),routing_scenario,18,Small hake,EE,0.7213676571846008,0.7161949631694049,"Freeze completed living P,Q,diet,predation,accumulation,migration. Solve EE for SM; detritus accumulation absorbs routed inflow at fixed predation. No new consumption is assumed.",SM,0.01
13_2_Northern_Humboldt_Current_(1995-1998),routing_scenario,17,Other large pelagic fish,EE,0.533972442150116,0.5294190710368373,"Freeze completed living P,Q,diet,predation,accumulation,migration. Solve EE for SM; detritus accumulation absorbs routed inflow at fixed predation. No new consumption is assumed.",SM,0.01
13_2_Northern_Humboldt_Current_(1995-1998),routing_scenario,16,Chub mackerel,EE,0.15512745082378387,0.15399128598290102,"Freeze completed living P,Q,diet,predation,accumulation,migration. Solve EE for SM; detritus accumulation absorbs routed inflow at fixed predation. No new consumption is assumed.",SM,0.01
13_2_Northern_Humboldt_Current_(1995-1998),routing_scenario,15,Horse mackerel,EE,0.23551708459854126,0.23352306381097254,"Freeze completed living P,Q,diet,predation,accumulation,migration. Solve EE for SM; detritus accumulation absorbs routed inflow at fixed predation. No new consumption is assumed.",SM,0.01
13_2_Northern_Humboldt_Current_(1995-1998),routing_scenario,14,Other small pelagic fish,EE,0.8999999761581421,0.898463102439923,"Freeze completed living P,Q,diet,predation,accumulation,migration. Solve EE for SM; detritus accumulation absorbs routed inflow at fixed predation. No new consumption is assumed.",SM,0.01
13_2_Northern_Humboldt_Current_(1995-1998),routing_scenario,13,Other cephalopods,EE,0.949999988079071,0.949954320420274,"Freeze completed living P,Q,diet,predation,accumulation,migration. Solve EE for SM; detritus accumulation absorbs routed inflow at fixed predation. No new consumption is assumed.",SM,0.01
13_2_Northern_Humboldt_Current_(1995-1998),routing_scenario,12,Jumbo squid,EE,0.7999784350395203,0.7996697907265721,"Freeze completed living P,Q,diet,predation,accumulation,migration. Solve EE for SM; detritus accumulation absorbs routed inflow at fixed predation. No new consumption is assumed.",SM,0.01
13_2_Northern_Humboldt_Current_(1995-1998),routing_scenario,10,Anchovy,EE,0.8148474097251892,0.8128608375584035,"Freeze completed living P,Q,diet,predation,accumulation,migration. Solve EE for SM; detritus accumulation absorbs routed inflow at fixed predation. No new consumption is assumed.",SM,0.01
13_2_Northern_Humboldt_Current_(1995-1998),routing_scenario,9,Sardine,EE,0.9700034856796265,0.966128083817083,"Freeze completed living P,Q,diet,predation,accumulation,migration. Solve EE for SM; detritus accumulation absorbs routed inflow at fixed predation. No new consumption is assumed.",SM,0.01
13_2_Northern_Humboldt_Current_(1995-1998),routing_scenario,30,Chondrichthyans,catch,0.01439636145,0.0142523978355,"Freeze completed living P,Q,diet,predation,accumulation,migration. Solve EE for SM; detritus accumulation absorbs routed inflow at fixed predation. No new consumption is assumed.",SM,0.01
13_2_Northern_Humboldt_Current_(1995-1998),routing_scenario,29,Catfish,catch,0.33977100000000005,0.33637329000000005,"Freeze completed living P,Q,diet,predation,accumulation,migration. Solve EE for SM; detritus accumulation absorbs routed inflow at fixed predation. No new consumption is assumed.",SM,0.01
13_2_Northern_Humboldt_Current_(1995-1998),routing_scenario,27,Medium sciaenids,catch,0.06129891195000001,0.060685922830500005,"Freeze completed living P,Q,diet,predation,accumulation,migration. Solve EE for SM; detritus accumulation absorbs routed inflow at fixed predation. No new consumption is assumed.",SM,0.01
13_2_Northern_Humboldt_Current_(1995-1998),routing_scenario,26,Medium demersal fish,catch,0.1495674495,0.14807177500500002,"Freeze completed living P,Q,diet,predation,accumulation,migration. Solve EE for SM; detritus accumulation absorbs routed inflow at fixed predation. No new consumption is assumed.",SM,0.01
13_2_Northern_Humboldt_Current_(1995-1998),routing_scenario,23,Benthic elasmobranchs,catch,0.040511636700000006,0.040106520333,"Freeze completed living P,Q,diet,predation,accumulation,migration. Solve EE for SM; detritus accumulation absorbs routed inflow at fixed predation. No new consumption is assumed.",SM,0.01
13_2_Northern_Humboldt_Current_(1995-1998),routing_scenario,22,Small demersal fish,catch,0.019339230299999996,0.019145837996999995,"Freeze completed living P,Q,diet,predation,accumulation,migration. Solve EE for SM; detritus accumulation absorbs routed inflow at fixed predation. No new consumption is assumed.",SM,0.01
13_2_Northern_Humboldt_Current_(1995-1998),routing_scenario,21,Flatfish,catch,0.004058227155,0.00401764488345,"Freeze completed living P,Q,diet,predation,accumulation,migration. Solve EE for SM; detritus accumulation absorbs routed inflow at fixed predation. No new consumption is assumed.",SM,0.01
13_2_Northern_Humboldt_Current_(1995-1998),routing_scenario,20,Large hake,catch,0.04633476287999999,0.04587141525119999,"Freeze completed living P,Q,diet,predation,accumulation,migration. Solve EE for SM; detritus accumulation absorbs routed inflow at fixed predation. No new consumption is assumed.",SM,0.01
13_2_Northern_Humboldt_Current_(1995-1998),routing_scenario,19,Medium hake,catch,0.048676,0.048189239999999994,"Freeze completed living P,Q,diet,predation,accumulation,migration. Solve EE for SM; detritus accumulation absorbs routed inflow at fixed predation. No new consumption is assumed.",SM,0.01
13_2_Northern_Humboldt_Current_(1995-1998),routing_scenario,18,Small hake,catch,1.1659147664,1.154255618736,"Freeze completed living P,Q,diet,predation,accumulation,migration. Solve EE for SM; detritus accumulation absorbs routed inflow at fixed predation. No new consumption is assumed.",SM,0.01
13_2_Northern_Humboldt_Current_(1995-1998),routing_scenario,17,Other large pelagic fish,catch,0.3338190135,0.33048082336499995,"Freeze completed living P,Q,diet,predation,accumulation,migration. Solve EE for SM; detritus accumulation absorbs routed inflow at fixed predation. No new consumption is assumed.",SM,0.01
13_2_Northern_Humboldt_Current_(1995-1998),routing_scenario,16,Chub mackerel,catch,0.7426541746,0.7352276328540001,"Freeze completed living P,Q,diet,predation,accumulation,migration. Solve EE for SM; detritus accumulation absorbs routed inflow at fixed predation. No new consumption is assumed.",SM,0.01
13_2_Northern_Humboldt_Current_(1995-1998),routing_scenario,15,Horse mackerel,catch,1.7465229457,1.729057716243,"Freeze completed living P,Q,diet,predation,accumulation,migration. Solve EE for SM; detritus accumulation absorbs routed inflow at fixed predation. No new consumption is assumed.",SM,0.01
13_2_Northern_Humboldt_Current_(1995-1998),routing_scenario,14,Other small pelagic fish,catch,1.689793515,1.67289557985,"Freeze completed living P,Q,diet,predation,accumulation,migration. Solve EE for SM; detritus accumulation absorbs routed inflow at fixed predation. No new consumption is assumed.",SM,0.01
13_2_Northern_Humboldt_Current_(1995-1998),routing_scenario,13,Other cephalopods,catch,0.0354708445375,0.035116136092124994,"Freeze completed living P,Q,diet,predation,accumulation,migration. Solve EE for SM; detritus accumulation absorbs routed inflow at fixed predation. No new consumption is assumed.",SM,0.01
13_2_Northern_Humboldt_Current_(1995-1998),routing_scenario,12,Jumbo squid,catch,0.10546329965,0.10440866665349999,"Freeze completed living P,Q,diet,predation,accumulation,migration. Solve EE for SM; detritus accumulation absorbs routed inflow at fixed predation. No new consumption is assumed.",SM,0.01
13_2_Northern_Humboldt_Current_(1995-1998),routing_scenario,10,Anchovy,catch,23.1699877955,22.938287917544997,"Freeze completed living P,Q,diet,predation,accumulation,migration. Solve EE for SM; detritus accumulation absorbs routed inflow at fixed predation. No new consumption is assumed.",SM,0.01
13_2_Northern_Humboldt_Current_(1995-1998),routing_scenario,9,Sardine,catch,5.82596898325,5.7677092934175,"Freeze completed living P,Q,diet,predation,accumulation,migration. Solve EE for SM; detritus accumulation absorbs routed inflow at fixed predation. No new consumption is assumed.",SM,0.01
13_2_Northern_Humboldt_Current_(1995-1998),routing_scenario,39,Benthic detritus,growth,-4340.9949724808885,-4340.7030395305055,"Freeze completed living P,Q,diet,predation,accumulation,migration. Solve EE for SM; detritus accumulation absorbs routed inflow at fixed predation. No new consumption is assumed.",SM,0.01
13_2_Northern_Humboldt_Current_(1995-1998),routing_scenario,38,Pelagic detritus,growth,5090.259743360343,5090.265280929652,"Freeze completed living P,Q,diet,predation,accumulation,migration. Solve EE for SM; detritus accumulation absorbs routed inflow at fixed predation. No new consumption is assumed.",SM,0.01
13_2_Northern_Humboldt_Current_(1995-1998),routing_scenario,36,Anchovy eggs,growth,12.539441007952618,12.59736597744137,"Freeze completed living P,Q,diet,predation,accumulation,migration. Solve EE for SM; detritus accumulation absorbs routed inflow at fixed predation. No new consumption is assumed.",SM,0.01
13_2_Northern_Humboldt_Current_(1995-1998),routing_scenario,30,Chondrichthyans,catch,0.01439636145,0.0142523978355,"Freeze completed living P,Q,diet,predation,accumulation,migration. Solve EE for SM; detritus accumulation absorbs routed inflow at fixed predation. No new consumption is assumed.",SE,0.01
13_2_Northern_Humboldt_Current_(1995-1998),routing_scenario,29,Catfish,catch,0.33977100000000005,0.33637329000000005,"Freeze completed living P,Q,diet,predation,accumulation,migration. Solve EE for SM; detritus accumulation absorbs routed inflow at fixed predation. No new consumption is assumed.",SE,0.01
13_2_Northern_Humboldt_Current_(1995-1998),routing_scenario,27,Medium sciaenids,catch,0.06129891195000001,0.060685922830500005,"Freeze completed living P,Q,diet,predation,accumulation,migration. Solve EE for SM; detritus accumulation absorbs routed inflow at fixed predation. No new consumption is assumed.",SE,0.01
13_2_Northern_Humboldt_Current_(1995-1998),routing_scenario,26,Medium demersal fish,catch,0.1495674495,0.14807177500500002,"Freeze completed living P,Q,diet,predation,accumulation,migration. Solve EE for SM; detritus accumulation absorbs routed inflow at fixed predation. No new consumption is assumed.",SE,0.01
13_2_Northern_Humboldt_Current_(1995-1998),routing_scenario,23,Benthic elasmobranchs,catch,0.040511636700000006,0.040106520333,"Freeze completed living P,Q,diet,predation,accumulation,migration. Solve EE for SM; detritus accumulation absorbs routed inflow at fixed predation. No new consumption is assumed.",SE,0.01
13_2_Northern_Humboldt_Current_(1995-1998),routing_scenario,22,Small demersal fish,catch,0.019339230299999996,0.019145837996999995,"Freeze completed living P,Q,diet,predation,accumulation,migration. Solve EE for SM; detritus accumulation absorbs routed inflow at fixed predation. No new consumption is assumed.",SE,0.01
13_2_Northern_Humboldt_Current_(1995-1998),routing_scenario,21,Flatfish,catch,0.004058227155,0.00401764488345,"Freeze completed living P,Q,diet,predation,accumulation,migration. Solve EE for SM; detritus accumulation absorbs routed inflow at fixed predation. No new consumption is assumed.",SE,0.01
13_2_Northern_Humboldt_Current_(1995-1998),routing_scenario,20,Large hake,catch,0.04633476287999999,0.04587141525119999,"Freeze completed living P,Q,diet,predation,accumulation,migration. Solve EE for SM; detritus accumulation absorbs routed inflow at fixed predation. No new consumption is assumed.",SE,0.01
13_2_Northern_Humboldt_Current_(1995-1998),routing_scenario,19,Medium hake,catch,0.048676,0.048189239999999994,"Freeze completed living P,Q,diet,predation,accumulation,migration. Solve EE for SM; detritus accumulation absorbs routed inflow at fixed predation. No new consumption is assumed.",SE,0.01
13_2_Northern_Humboldt_Current_(1995-1998),routing_scenario,18,Small hake,catch,1.1659147664,1.154255618736,"Freeze completed living P,Q,diet,predation,accumulation,migration. Solve EE for SM; detritus accumulation absorbs routed inflow at fixed predation. No new consumption is assumed.",SE,0.01
13_2_Northern_Humboldt_Current_(1995-1998),routing_scenario,17,Other large pelagic fish,catch,0.3338190135,0.33048082336499995,"Freeze completed living P,Q,diet,predation,accumulation,migration. Solve EE for SM; detritus accumulation absorbs routed inflow at fixed predation. No new consumption is assumed.",SE,0.01
13_2_Northern_Humboldt_Current_(1995-1998),routing_scenario,16,Chub mackerel,catch,0.7426541746,0.7352276328540001,"Freeze completed living P,Q,diet,predation,accumulation,migration. Solve EE for SM; detritus accumulation absorbs routed inflow at fixed predation. No new consumption is assumed.",SE,0.01
13_2_Northern_Humboldt_Current_(1995-1998),routing_scenario,15,Horse mackerel,catch,1.7465229457,1.729057716243,"Freeze completed living P,Q,diet,predation,accumulation,migration. Solve EE for SM; detritus accumulation absorbs routed inflow at fixed predation. No new consumption is assumed.",SE,0.01
13_2_Northern_Humboldt_Current_(1995-1998),routing_scenario,14,Other small pelagic fish,catch,1.689793515,1.67289557985,"Freeze completed living P,Q,diet,predation,accumulation,migration. Solve EE for SM; detritus accumulation absorbs routed inflow at fixed predation. No new consumption is assumed.",SE,0.01
13_2_Northern_Humboldt_Current_(1995-1998),routing_scenario,13,Other cephalopods,catch,0.0354708445375,0.035116136092124994,"Freeze completed living P,Q,diet,predation,accumulation,migration. Solve EE for SM; detritus accumulation absorbs routed inflow at fixed predation. No new consumption is assumed.",SE,0.01
13_2_Northern_Humboldt_Current_(1995-1998),routing_scenario,12,Jumbo squid,catch,0.10546329965,0.10440866665349999,"Freeze completed living P,Q,diet,predation,accumulation,migration. Solve EE for SM; detritus accumulation absorbs routed inflow at fixed predation. No new consumption is assumed.",SE,0.01
13_2_Northern_Humboldt_Current_(1995-1998),routing_scenario,10,Anchovy,catch,23.1699877955,22.938287917544997,"Freeze completed living P,Q,diet,predation,accumulation,migration. Solve EE for SM; detritus accumulation absorbs routed inflow at fixed predation. No new consumption is assumed.",SE,0.01
13_2_Northern_Humboldt_Current_(1995-1998),routing_scenario,9,Sardine,catch,5.82596898325,5.7677092934175,"Freeze completed living P,Q,diet,predation,accumulation,migration. Solve EE for SM; detritus accumulation absorbs routed inflow at fixed predation. No new consumption is assumed.",SE,0.01
13_2_Northern_Humboldt_Current_(1995-1998),routing_scenario,30,Chondrichthyans,external_loss,0.0,0.0001439636145,"Freeze completed living P,Q,diet,predation,accumulation,migration. Solve EE for SM; detritus accumulation absorbs routed inflow at fixed predation. No new consumption is assumed.",SE,0.01
13_2_Northern_Humboldt_Current_(1995-1998),routing_scenario,29,Catfish,external_loss,0.0,0.0033977100000000004,"Freeze completed living P,Q,diet,predation,accumulation,migration. Solve EE for SM; detritus accumulation absorbs routed inflow at fixed predation. No new consumption is assumed.",SE,0.01
13_2_Northern_Humboldt_Current_(1995-1998),routing_scenario,27,Medium sciaenids,external_loss,0.0,0.0006129891195,"Freeze completed living P,Q,diet,predation,accumulation,migration. Solve EE for SM; detritus accumulation absorbs routed inflow at fixed predation. No new consumption is assumed.",SE,0.01
13_2_Northern_Humboldt_Current_(1995-1998),routing_scenario,26,Medium demersal fish,external_loss,0.0,0.001495674495,"Freeze completed living P,Q,diet,predation,accumulation,migration. Solve EE for SM; detritus accumulation absorbs routed inflow at fixed predation. No new consumption is assumed.",SE,0.01
13_2_Northern_Humboldt_Current_(1995-1998),routing_scenario,23,Benthic elasmobranchs,external_loss,0.0,0.00040511636700000007,"Freeze completed living P,Q,diet,predation,accumulation,migration. Solve EE for SM; detritus accumulation absorbs routed inflow at fixed predation. No new consumption is assumed.",SE,0.01
13_2_Northern_Humboldt_Current_(1995-1998),routing_scenario,22,Small demersal fish,external_loss,0.0,0.00019339230299999998,"Freeze completed living P,Q,diet,predation,accumulation,migration. Solve EE for SM; detritus accumulation absorbs routed inflow at fixed predation. No new consumption is assumed.",SE,0.01
13_2_Northern_Humboldt_Current_(1995-1998),routing_scenario,21,Flatfish,external_loss,0.0,4.058227155e-05,"Freeze completed living P,Q,diet,predation,accumulation,migration. Solve EE for SM; detritus accumulation absorbs routed inflow at fixed predation. No new consumption is assumed.",SE,0.01
13_2_Northern_Humboldt_Current_(1995-1998),routing_scenario,20,Large hake,external_loss,0.0,0.00046334762879999994,"Freeze completed living P,Q,diet,predation,accumulation,migration. Solve EE for SM; detritus accumulation absorbs routed inflow at fixed predation. No new consumption is assumed.",SE,0.01
13_2_Northern_Humboldt_Current_(1995-1998),routing_scenario,19,Medium hake,external_loss,0.0,0.00048676,"Freeze completed living P,Q,diet,predation,accumulation,migration. Solve EE for SM; detritus accumulation absorbs routed inflow at fixed predation. No new consumption is assumed.",SE,0.01
13_2_Northern_Humboldt_Current_(1995-1998),routing_scenario,18,Small hake,external_loss,0.0,0.011659147664,"Freeze completed living P,Q,diet,predation,accumulation,migration. Solve EE for SM; detritus accumulation absorbs routed inflow at fixed predation. No new consumption is assumed.",SE,0.01
13_2_Northern_Humboldt_Current_(1995-1998),routing_scenario,17,Other large pelagic fish,external_loss,0.0,0.003338190135,"Freeze completed living P,Q,diet,predation,accumulation,migration. Solve EE for SM; detritus accumulation absorbs routed inflow at fixed predation. No new consumption is assumed.",SE,0.01
13_2_Northern_Humboldt_Current_(1995-1998),routing_scenario,16,Chub mackerel,external_loss,0.0,0.0074265417460000005,"Freeze completed living P,Q,diet,predation,accumulation,migration. Solve EE for SM; detritus accumulation absorbs routed inflow at fixed predation. No new consumption is assumed.",SE,0.01
13_2_Northern_Humboldt_Current_(1995-1998),routing_scenario,15,Horse mackerel,external_loss,0.0,0.017465229457,"Freeze completed living P,Q,diet,predation,accumulation,migration. Solve EE for SM; detritus accumulation absorbs routed inflow at fixed predation. No new consumption is assumed.",SE,0.01
13_2_Northern_Humboldt_Current_(1995-1998),routing_scenario,14,Other small pelagic fish,external_loss,0.0,0.01689793515,"Freeze completed living P,Q,diet,predation,accumulation,migration. Solve EE for SM; detritus accumulation absorbs routed inflow at fixed predation. No new consumption is assumed.",SE,0.01
13_2_Northern_Humboldt_Current_(1995-1998),routing_scenario,13,Other cephalopods,external_loss,0.0,0.000354708445375,"Freeze completed living P,Q,diet,predation,accumulation,migration. Solve EE for SM; detritus accumulation absorbs routed inflow at fixed predation. No new consumption is assumed.",SE,0.01
13_2_Northern_Humboldt_Current_(1995-1998),routing_scenario,12,Jumbo squid,external_loss,0.0,0.0010546329965,"Freeze completed living P,Q,diet,predation,accumulation,migration. Solve EE for SM; detritus accumulation absorbs routed inflow at fixed predation. No new consumption is assumed.",SE,0.01
13_2_Northern_Humboldt_Current_(1995-1998),routing_scenario,10,Anchovy,external_loss,0.0,0.231699877955,"Freeze completed living P,Q,diet,predation,accumulation,migration. Solve EE for SM; detritus accumulation absorbs routed inflow at fixed predation. No new consumption is assumed.",SE,0.01
13_2_Northern_Humboldt_Current_(1995-1998),routing_scenario,9,Sardine,external_loss,0.0,0.0582596898325,"Freeze completed living P,Q,diet,predation,accumulation,migration. Solve EE for SM; detritus accumulation absorbs routed inflow at fixed predation. No new consumption is assumed.",SE,0.01
13_2_Northern_Humboldt_Current_(1995-1998),routing_scenario,39,Benthic detritus,p,1751.6112896867576,1751.9311456270202,"Freeze completed living P,Q,diet,predation,accumulation,migration. Solve EE for SM; detritus accumulation absorbs routed inflow at fixed predation. No new consumption is assumed.",SR,0.01
13_2_Northern_Humboldt_Current_(1995-1998),routing_scenario,38,Pelagic detritus,p,5090.259743360343,5090.295282909261,"Freeze completed living P,Q,diet,predation,accumulation,migration. Solve EE for SM; detritus accumulation absorbs routed inflow at fixed predation. No new consumption is assumed.",SR,0.01
13_2_Northern_Humboldt_Current_(1995-1998),routing_scenario,39,Benthic detritus,q,1751.6112896867576,1751.9311456270202,"Freeze completed living P,Q,diet,predation,accumulation,migration. Solve EE for SM; detritus accumulation absorbs routed inflow at fixed predation. No new consumption is assumed.",SR,0.01
13_2_Northern_Humboldt_Current_(1995-1998),routing_scenario,38,Pelagic detritus,q,5090.259743360343,5090.295282909261,"Freeze completed living P,Q,diet,predation,accumulation,migration. Solve EE for SM; detritus accumulation absorbs routed inflow at fixed predation. No new consumption is assumed.",SR,0.01
13_2_Northern_Humboldt_Current_(1995-1998),routing_scenario,39,Benthic detritus,growth,-4340.9949724808885,-4340.675116540626,"Freeze completed living P,Q,diet,predation,accumulation,migration. Solve EE for SM; detritus accumulation absorbs routed inflow at fixed predation. No new consumption is assumed.",SR,0.01
13_2_Northern_Humboldt_Current_(1995-1998),routing_scenario,38,Pelagic detritus,growth,5090.259743360343,5090.295282909261,"Freeze completed living P,Q,diet,predation,accumulation,migration. Solve EE for SM; detritus accumulation absorbs routed inflow at fixed predation. No new consumption is assumed.",SR,0.01
13_2_Northern_Humboldt_Current_(1995-1998),routing_scenario,39,Benthic detritus,p,1751.6112896867576,1752.195155587524,"Freeze completed living P,Q,diet,predation,accumulation,migration. Solve EE for SM; detritus accumulation absorbs routed inflow at fixed predation. No new consumption is assumed.",SM,0.02
13_2_Northern_Humboldt_Current_(1995-1998),routing_scenario,38,Pelagic detritus,p,5090.259743360343,5090.2708184989615,"Freeze completed living P,Q,diet,predation,accumulation,migration. Solve EE for SM; detritus accumulation absorbs routed inflow at fixed predation. No new consumption is assumed.",SM,0.02
13_2_Northern_Humboldt_Current_(1995-1998),routing_scenario,36,Anchovy eggs,p,81.93913403799536,82.05498397697286,"Freeze completed living P,Q,diet,predation,accumulation,migration. Solve EE for SM; detritus accumulation absorbs routed inflow at fixed predation. No new consumption is assumed.",SM,0.02
13_2_Northern_Humboldt_Current_(1995-1998),routing_scenario,39,Benthic detritus,q,1751.6112896867576,1752.195155587524,"Freeze completed living P,Q,diet,predation,accumulation,migration. Solve EE for SM; detritus accumulation absorbs routed inflow at fixed predation. No new consumption is assumed.",SM,0.02
13_2_Northern_Humboldt_Current_(1995-1998),routing_scenario,38,Pelagic detritus,q,5090.259743360343,5090.2708184989615,"Freeze completed living P,Q,diet,predation,accumulation,migration. Solve EE for SM; detritus accumulation absorbs routed inflow at fixed predation. No new consumption is assumed.",SM,0.02
13_2_Northern_Humboldt_Current_(1995-1998),routing_scenario,36,Anchovy eggs,q,81.93913403799536,82.05498397697286,"Freeze completed living P,Q,diet,predation,accumulation,migration. Solve EE for SM; detritus accumulation absorbs routed inflow at fixed predation. No new consumption is assumed.",SM,0.02
13_2_Northern_Humboldt_Current_(1995-1998),routing_scenario,30,Chondrichthyans,M0,0.01111863866537926,0.01140656589437926,"Freeze completed living P,Q,diet,predation,accumulation,migration. Solve EE for SM; detritus accumulation absorbs routed inflow at fixed predation. No new consumption is assumed.",SM,0.02
13_2_Northern_Humboldt_Current_(1995-1998),routing_scenario,29,Catfish,M0,0.0986964358664111,0.10549185586641109,"Freeze completed living P,Q,diet,predation,accumulation,migration. Solve EE for SM; detritus accumulation absorbs routed inflow at fixed predation. No new consumption is assumed.",SM,0.02
13_2_Northern_Humboldt_Current_(1995-1998),routing_scenario,27,Medium sciaenids,M0,0.07797065965059131,0.07919663788959132,"Freeze completed living P,Q,diet,predation,accumulation,migration. Solve EE for SM; detritus accumulation absorbs routed inflow at fixed predation. No new consumption is assumed.",SM,0.02
13_2_Northern_Humboldt_Current_(1995-1998),routing_scenario,26,Medium demersal fish,M0,0.0702195877127324,0.0732109367027324,"Freeze completed living P,Q,diet,predation,accumulation,migration. Solve EE for SM; detritus accumulation absorbs routed inflow at fixed predation. No new consumption is assumed.",SM,0.02
13_2_Northern_Humboldt_Current_(1995-1998),routing_scenario,23,Benthic elasmobranchs,M0,0.02098836399473636,0.02179859672873636,"Freeze completed living P,Q,diet,predation,accumulation,migration. Solve EE for SM; detritus accumulation absorbs routed inflow at fixed predation. No new consumption is assumed.",SM,0.02
13_2_Northern_Humboldt_Current_(1995-1998),routing_scenario,22,Small demersal fish,M0,3.2426595415784147,3.2430463261844147,"Freeze completed living P,Q,diet,predation,accumulation,migration. Solve EE for SM; detritus accumulation absorbs routed inflow at fixed predation. No new consumption is assumed.",SM,0.02
13_2_Northern_Humboldt_Current_(1995-1998),routing_scenario,21,Flatfish,M0,3.451325833853003e-05,0.00011567780143853003,"Freeze completed living P,Q,diet,predation,accumulation,migration. Solve EE for SM; detritus accumulation absorbs routed inflow at fixed predation. No new consumption is assumed.",SM,0.02
13_2_Northern_Humboldt_Current_(1995-1998),routing_scenario,20,Large hake,M0,0.006700170035899526,0.007626865293499525,"Freeze completed living P,Q,diet,predation,accumulation,migration. Solve EE for SM; detritus accumulation absorbs routed inflow at fixed predation. No new consumption is assumed.",SM,0.02
13_2_Northern_Humboldt_Current_(1995-1998),routing_scenario,19,Medium hake,M0,0.44286476478316994,0.44383828478316995,"Freeze completed living P,Q,diet,predation,accumulation,migration. Solve EE for SM; detritus accumulation absorbs routed inflow at fixed predation. No new consumption is assumed.",SM,0.02
13_2_Northern_Humboldt_Current_(1995-1998),routing_scenario,18,Small hake,M0,0.628031663830784,0.651349959158784,"Freeze completed living P,Q,diet,predation,accumulation,migration. Solve EE for SM; detritus accumulation absorbs routed inflow at fixed predation. No new consumption is assumed.",SM,0.02
13_2_Northern_Humboldt_Current_(1995-1998),routing_scenario,17,Other large pelagic fish,M0,0.3416564469598926,0.3483328272298926,"Freeze completed living P,Q,diet,predation,accumulation,migration. Solve EE for SM; detritus accumulation absorbs routed inflow at fixed predation. No new consumption is assumed.",SM,0.02
13_2_Northern_Humboldt_Current_(1995-1998),routing_scenario,16,Chub mackerel,M0,5.522509613684951,5.537362697176952,"Freeze completed living P,Q,diet,predation,accumulation,migration. Solve EE for SM; detritus accumulation absorbs routed inflow at fixed predation. No new consumption is assumed.",SM,0.02
13_2_Northern_Humboldt_Current_(1995-1998),routing_scenario,15,Horse mackerel,M0,6.695953029518151,6.730883488432151,"Freeze completed living P,Q,diet,predation,accumulation,migration. Solve EE for SM; detritus accumulation absorbs routed inflow at fixed predation. No new consumption is assumed.",SM,0.02
13_2_Northern_Humboldt_Current_(1995-1998),routing_scenario,14,Other small pelagic fish,M0,1.0995008229018595,1.1332966932018596,"Freeze completed living P,Q,diet,predation,accumulation,migration. Solve EE for SM; detritus accumulation absorbs routed inflow at fixed predation. No new consumption is assumed.",SM,0.02
13_2_Northern_Humboldt_Current_(1995-1998),routing_scenario,13,Other cephalopods,M0,0.38835856631069415,0.38906798320144415,"Freeze completed living P,Q,diet,predation,accumulation,migration. Solve EE for SM; detritus accumulation absorbs routed inflow at fixed predation. No new consumption is assumed.",SM,0.02
13_2_Northern_Humboldt_Current_(1995-1998),routing_scenario,12,Jumbo squid,M0,0.6834706928629479,0.6855799588559479,"Freeze completed living P,Q,diet,predation,accumulation,migration. Solve EE for SM; detritus accumulation absorbs routed inflow at fixed predation. No new consumption is assumed.",SM,0.02
13_2_Northern_Humboldt_Current_(1995-1998),routing_scenario,10,Anchovy,M0,21.594902660465323,22.058302416375323,"Freeze completed living P,Q,diet,predation,accumulation,migration. Solve EE for SM; detritus accumulation absorbs routed inflow at fixed predation. No new consumption is assumed.",SM,0.02
13_2_Northern_Humboldt_Current_(1995-1998),routing_scenario,9,Sardine,M0,0.45094358787714506,0.5674629675421451,"Freeze completed living P,Q,diet,predation,accumulation,migration. Solve EE for SM; detritus accumulation absorbs routed inflow at fixed predation. No new consumption is assumed.",SM,0.02
13_2_Northern_Humboldt_Current_(1995-1998),routing_scenario,30,Chondrichthyans,EE,0.564231276512146,0.552946650325902,"Freeze completed living P,Q,diet,predation,accumulation,migration. Solve EE for SM; detritus accumulation absorbs routed inflow at fixed predation. No new consumption is assumed.",SM,0.02
13_2_Northern_Humboldt_Current_(1995-1998),routing_scenario,29,Catfish,EE,0.8212506771087646,0.8089434776329328,"Freeze completed living P,Q,diet,predation,accumulation,migration. Solve EE for SM; detritus accumulation absorbs routed inflow at fixed predation. No new consumption is assumed.",SM,0.02
13_2_Northern_Humboldt_Current_(1995-1998),routing_scenario,27,Medium sciaenids,EE,0.7098218202590942,0.7052591791914259,"Freeze completed living P,Q,diet,predation,accumulation,migration. Solve EE for SM; detritus accumulation absorbs routed inflow at fixed predation. No new consumption is assumed.",SM,0.02
13_2_Northern_Humboldt_Current_(1995-1998),routing_scenario,26,Medium demersal fish,EE,0.8201572895050049,0.8124960039873669,"Freeze completed living P,Q,diet,predation,accumulation,migration. Solve EE for SM; detritus accumulation absorbs routed inflow at fixed predation. No new consumption is assumed.",SM,0.02
13_2_Northern_Humboldt_Current_(1995-1998),routing_scenario,23,Benthic elasmobranchs,EE,0.6587257981300354,0.6455512824939375,"Freeze completed living P,Q,diet,predation,accumulation,migration. Solve EE for SM; detritus accumulation absorbs routed inflow at fixed predation. No new consumption is assumed.",SM,0.02
13_2_Northern_Humboldt_Current_(1995-1998),routing_scenario,22,Small demersal fish,EE,0.7304298281669617,0.730397673822244,"Freeze completed living P,Q,diet,predation,accumulation,migration. Solve EE for SM; detritus accumulation absorbs routed inflow at fixed predation. No new consumption is assumed.",SM,0.02
13_2_Northern_Humboldt_Current_(1995-1998),routing_scenario,21,Flatfish,EE,0.9954587817192078,0.9847792363902063,"Freeze completed living P,Q,diet,predation,accumulation,migration. Solve EE for SM; detritus accumulation absorbs routed inflow at fixed predation. No new consumption is assumed.",SM,0.02
13_2_Northern_Humboldt_Current_(1995-1998),routing_scenario,20,Large hake,EE,0.8738672733306885,0.8564219549273749,"Freeze completed living P,Q,diet,predation,accumulation,migration. Solve EE for SM; detritus accumulation absorbs routed inflow at fixed predation. No new consumption is assumed.",SM,0.02
13_2_Northern_Humboldt_Current_(1995-1998),routing_scenario,19,Medium hake,EE,0.14074458181858063,0.13885573808743057,"Freeze completed living P,Q,diet,predation,accumulation,migration. Solve EE for SM; detritus accumulation absorbs routed inflow at fixed predation. No new consumption is assumed.",SM,0.02
13_2_Northern_Humboldt_Current_(1995-1998),routing_scenario,18,Small hake,EE,0.7213676571846008,0.7110222691542091,"Freeze completed living P,Q,diet,predation,accumulation,migration. Solve EE for SM; detritus accumulation absorbs routed inflow at fixed predation. No new consumption is assumed.",SM,0.02
13_2_Northern_Humboldt_Current_(1995-1998),routing_scenario,17,Other large pelagic fish,EE,0.533972442150116,0.5248656999235585,"Freeze completed living P,Q,diet,predation,accumulation,migration. Solve EE for SM; detritus accumulation absorbs routed inflow at fixed predation. No new consumption is assumed.",SM,0.02
13_2_Northern_Humboldt_Current_(1995-1998),routing_scenario,16,Chub mackerel,EE,0.15512745082378387,0.15285512114201805,"Freeze completed living P,Q,diet,predation,accumulation,migration. Solve EE for SM; detritus accumulation absorbs routed inflow at fixed predation. No new consumption is assumed.",SM,0.02
13_2_Northern_Humboldt_Current_(1995-1998),routing_scenario,15,Horse mackerel,EE,0.23551708459854126,0.23152904302340382,"Freeze completed living P,Q,diet,predation,accumulation,migration. Solve EE for SM; detritus accumulation absorbs routed inflow at fixed predation. No new consumption is assumed.",SM,0.02
13_2_Northern_Humboldt_Current_(1995-1998),routing_scenario,14,Other small pelagic fish,EE,0.8999999761581421,0.8969262287217038,"Freeze completed living P,Q,diet,predation,accumulation,migration. Solve EE for SM; detritus accumulation absorbs routed inflow at fixed predation. No new consumption is assumed.",SM,0.02
13_2_Northern_Humboldt_Current_(1995-1998),routing_scenario,13,Other cephalopods,EE,0.949999988079071,0.9499086527614768,"Freeze completed living P,Q,diet,predation,accumulation,migration. Solve EE for SM; detritus accumulation absorbs routed inflow at fixed predation. No new consumption is assumed.",SM,0.02
13_2_Northern_Humboldt_Current_(1995-1998),routing_scenario,12,Jumbo squid,EE,0.7999784350395203,0.7993611464136239,"Freeze completed living P,Q,diet,predation,accumulation,migration. Solve EE for SM; detritus accumulation absorbs routed inflow at fixed predation. No new consumption is assumed.",SM,0.02
13_2_Northern_Humboldt_Current_(1995-1998),routing_scenario,10,Anchovy,EE,0.8148474097251892,0.8108742653916179,"Freeze completed living P,Q,diet,predation,accumulation,migration. Solve EE for SM; detritus accumulation absorbs routed inflow at fixed predation. No new consumption is assumed.",SM,0.02
13_2_Northern_Humboldt_Current_(1995-1998),routing_scenario,9,Sardine,EE,0.9700034856796265,0.9622526819545396,"Freeze completed living P,Q,diet,predation,accumulation,migration. Solve EE for SM; detritus accumulation absorbs routed inflow at fixed predation. No new consumption is assumed.",SM,0.02
13_2_Northern_Humboldt_Current_(1995-1998),routing_scenario,30,Chondrichthyans,catch,0.01439636145,0.014108434221,"Freeze completed living P,Q,diet,predation,accumulation,migration. Solve EE for SM; detritus accumulation absorbs routed inflow at fixed predation. No new consumption is assumed.",SM,0.02
13_2_Northern_Humboldt_Current_(1995-1998),routing_scenario,29,Catfish,catch,0.33977100000000005,0.33297558000000005,"Freeze completed living P,Q,diet,predation,accumulation,migration. Solve EE for SM; detritus accumulation absorbs routed inflow at fixed predation. No new consumption is assumed.",SM,0.02
13_2_Northern_Humboldt_Current_(1995-1998),routing_scenario,27,Medium sciaenids,catch,0.06129891195000001,0.060072933711000004,"Freeze completed living P,Q,diet,predation,accumulation,migration. Solve EE for SM; detritus accumulation absorbs routed inflow at fixed predation. No new consumption is assumed.",SM,0.02
13_2_Northern_Humboldt_Current_(1995-1998),routing_scenario,26,Medium demersal fish,catch,0.1495674495,0.14657610051,"Freeze completed living P,Q,diet,predation,accumulation,migration. Solve EE for SM; detritus accumulation absorbs routed inflow at fixed predation. No new consumption is assumed.",SM,0.02
13_2_Northern_Humboldt_Current_(1995-1998),routing_scenario,23,Benthic elasmobranchs,catch,0.040511636700000006,0.039701403966000005,"Freeze completed living P,Q,diet,predation,accumulation,migration. Solve EE for SM; detritus accumulation absorbs routed inflow at fixed predation. No new consumption is assumed.",SM,0.02
13_2_Northern_Humboldt_Current_(1995-1998),routing_scenario,22,Small demersal fish,catch,0.019339230299999996,0.018952445693999995,"Freeze completed living P,Q,diet,predation,accumulation,migration. Solve EE for SM; detritus accumulation absorbs routed inflow at fixed predation. No new consumption is assumed.",SM,0.02
13_2_Northern_Humboldt_Current_(1995-1998),routing_scenario,21,Flatfish,catch,0.004058227155,0.0039770626119,"Freeze completed living P,Q,diet,predation,accumulation,migration. Solve EE for SM; detritus accumulation absorbs routed inflow at fixed predation. No new consumption is assumed.",SM,0.02
13_2_Northern_Humboldt_Current_(1995-1998),routing_scenario,20,Large hake,catch,0.04633476287999999,0.04540806762239999,"Freeze completed living P,Q,diet,predation,accumulation,migration. Solve EE for SM; detritus accumulation absorbs routed inflow at fixed predation. No new consumption is assumed.",SM,0.02
13_2_Northern_Humboldt_Current_(1995-1998),routing_scenario,19,Medium hake,catch,0.048676,0.04770248,"Freeze completed living P,Q,diet,predation,accumulation,migration. Solve EE for SM; detritus accumulation absorbs routed inflow at fixed predation. No new consumption is assumed.",SM,0.02
13_2_Northern_Humboldt_Current_(1995-1998),routing_scenario,18,Small hake,catch,1.1659147664,1.142596471072,"Freeze completed living P,Q,diet,predation,accumulation,migration. Solve EE for SM; detritus accumulation absorbs routed inflow at fixed predation. No new consumption is assumed.",SM,0.02
13_2_Northern_Humboldt_Current_(1995-1998),routing_scenario,17,Other large pelagic fish,catch,0.3338190135,0.32714263323,"Freeze completed living P,Q,diet,predation,accumulation,migration. Solve EE for SM; detritus accumulation absorbs routed inflow at fixed predation. No new consumption is assumed.",SM,0.02
13_2_Northern_Humboldt_Current_(1995-1998),routing_scenario,16,Chub mackerel,catch,0.7426541746,0.7278010911080001,"Freeze completed living P,Q,diet,predation,accumulation,migration. Solve EE for SM; detritus accumulation absorbs routed inflow at fixed predation. No new consumption is assumed.",SM,0.02
13_2_Northern_Humboldt_Current_(1995-1998),routing_scenario,15,Horse mackerel,catch,1.7465229457,1.711592486786,"Freeze completed living P,Q,diet,predation,accumulation,migration. Solve EE for SM; detritus accumulation absorbs routed inflow at fixed predation. No new consumption is assumed.",SM,0.02
13_2_Northern_Humboldt_Current_(1995-1998),routing_scenario,14,Other small pelagic fish,catch,1.689793515,1.6559976447,"Freeze completed living P,Q,diet,predation,accumulation,migration. Solve EE for SM; detritus accumulation absorbs routed inflow at fixed predation. No new consumption is assumed.",SM,0.02
13_2_Northern_Humboldt_Current_(1995-1998),routing_scenario,13,Other cephalopods,catch,0.0354708445375,0.03476142764675,"Freeze completed living P,Q,diet,predation,accumulation,migration. Solve EE for SM; detritus accumulation absorbs routed inflow at fixed predation. No new consumption is assumed.",SM,0.02
13_2_Northern_Humboldt_Current_(1995-1998),routing_scenario,12,Jumbo squid,catch,0.10546329965,0.103354033657,"Freeze completed living P,Q,diet,predation,accumulation,migration. Solve EE for SM; detritus accumulation absorbs routed inflow at fixed predation. No new consumption is assumed.",SM,0.02
13_2_Northern_Humboldt_Current_(1995-1998),routing_scenario,10,Anchovy,catch,23.1699877955,22.70658803959,"Freeze completed living P,Q,diet,predation,accumulation,migration. Solve EE for SM; detritus accumulation absorbs routed inflow at fixed predation. No new consumption is assumed.",SM,0.02
13_2_Northern_Humboldt_Current_(1995-1998),routing_scenario,9,Sardine,catch,5.82596898325,5.709449603585,"Freeze completed living P,Q,diet,predation,accumulation,migration. Solve EE for SM; detritus accumulation absorbs routed inflow at fixed predation. No new consumption is assumed.",SM,0.02
13_2_Northern_Humboldt_Current_(1995-1998),routing_scenario,39,Benthic detritus,growth,-4340.9949724808885,-4340.411106580123,"Freeze completed living P,Q,diet,predation,accumulation,migration. Solve EE for SM; detritus accumulation absorbs routed inflow at fixed predation. No new consumption is assumed.",SM,0.02
13_2_Northern_Humboldt_Current_(1995-1998),routing_scenario,38,Pelagic detritus,growth,5090.259743360343,5090.2708184989615,"Freeze completed living P,Q,diet,predation,accumulation,migration. Solve EE for SM; detritus accumulation absorbs routed inflow at fixed predation. No new consumption is assumed.",SM,0.02
13_2_Northern_Humboldt_Current_(1995-1998),routing_scenario,36,Anchovy eggs,growth,12.539441007952618,12.655290946930123,"Freeze completed living P,Q,diet,predation,accumulation,migration. Solve EE for SM; detritus accumulation absorbs routed inflow at fixed predation. No new consumption is assumed.",SM,0.02
13_2_Northern_Humboldt_Current_(1995-1998),routing_scenario,30,Chondrichthyans,catch,0.01439636145,0.014108434221,"Freeze completed living P,Q,diet,predation,accumulation,migration. Solve EE for SM; detritus accumulation absorbs routed inflow at fixed predation. No new consumption is assumed.",SE,0.02
13_2_Northern_Humboldt_Current_(1995-1998),routing_scenario,29,Catfish,catch,0.33977100000000005,0.33297558000000005,"Freeze completed living P,Q,diet,predation,accumulation,migration. Solve EE for SM; detritus accumulation absorbs routed inflow at fixed predation. No new consumption is assumed.",SE,0.02
13_2_Northern_Humboldt_Current_(1995-1998),routing_scenario,27,Medium sciaenids,catch,0.06129891195000001,0.060072933711000004,"Freeze completed living P,Q,diet,predation,accumulation,migration. Solve EE for SM; detritus accumulation absorbs routed inflow at fixed predation. No new consumption is assumed.",SE,0.02
13_2_Northern_Humboldt_Current_(1995-1998),routing_scenario,26,Medium demersal fish,catch,0.1495674495,0.14657610051,"Freeze completed living P,Q,diet,predation,accumulation,migration. Solve EE for SM; detritus accumulation absorbs routed inflow at fixed predation. No new consumption is assumed.",SE,0.02
13_2_Northern_Humboldt_Current_(1995-1998),routing_scenario,23,Benthic elasmobranchs,catch,0.040511636700000006,0.039701403966000005,"Freeze completed living P,Q,diet,predation,accumulation,migration. Solve EE for SM; detritus accumulation absorbs routed inflow at fixed predation. No new consumption is assumed.",SE,0.02
13_2_Northern_Humboldt_Current_(1995-1998),routing_scenario,22,Small demersal fish,catch,0.019339230299999996,0.018952445693999995,"Freeze completed living P,Q,diet,predation,accumulation,migration. Solve EE for SM; detritus accumulation absorbs routed inflow at fixed predation. No new consumption is assumed.",SE,0.02
13_2_Northern_Humboldt_Current_(1995-1998),routing_scenario,21,Flatfish,catch,0.004058227155,0.0039770626119,"Freeze completed living P,Q,diet,predation,accumulation,migration. Solve EE for SM; detritus accumulation absorbs routed inflow at fixed predation. No new consumption is assumed.",SE,0.02
13_2_Northern_Humboldt_Current_(1995-1998),routing_scenario,20,Large hake,catch,0.04633476287999999,0.04540806762239999,"Freeze completed living P,Q,diet,predation,accumulation,migration. Solve EE for SM; detritus accumulation absorbs routed inflow at fixed predation. No new consumption is assumed.",SE,0.02
13_2_Northern_Humboldt_Current_(1995-1998),routing_scenario,19,Medium hake,catch,0.048676,0.04770248,"Freeze completed living P,Q,diet,predation,accumulation,migration. Solve EE for SM; detritus accumulation absorbs routed inflow at fixed predation. No new consumption is assumed.",SE,0.02
13_2_Northern_Humboldt_Current_(1995-1998),routing_scenario,18,Small hake,catch,1.1659147664,1.142596471072,"Freeze completed living P,Q,diet,predation,accumulation,migration. Solve EE for SM; detritus accumulation absorbs routed inflow at fixed predation. No new consumption is assumed.",SE,0.02
13_2_Northern_Humboldt_Current_(1995-1998),routing_scenario,17,Other large pelagic fish,catch,0.3338190135,0.32714263323,"Freeze completed living P,Q,diet,predation,accumulation,migration. Solve EE for SM; detritus accumulation absorbs routed inflow at fixed predation. No new consumption is assumed.",SE,0.02
13_2_Northern_Humboldt_Current_(1995-1998),routing_scenario,16,Chub mackerel,catch,0.7426541746,0.7278010911080001,"Freeze completed living P,Q,diet,predation,accumulation,migration. Solve EE for SM; detritus accumulation absorbs routed inflow at fixed predation. No new consumption is assumed.",SE,0.02
13_2_Northern_Humboldt_Current_(1995-1998),routing_scenario,15,Horse mackerel,catch,1.7465229457,1.711592486786,"Freeze completed living P,Q,diet,predation,accumulation,migration. Solve EE for SM; detritus accumulation absorbs routed inflow at fixed predation. No new consumption is assumed.",SE,0.02
13_2_Northern_Humboldt_Current_(1995-1998),routing_scenario,14,Other small pelagic fish,catch,1.689793515,1.6559976447,"Freeze completed living P,Q,diet,predation,accumulation,migration. Solve EE for SM; detritus accumulation absorbs routed inflow at fixed predation. No new consumption is assumed.",SE,0.02
13_2_Northern_Humboldt_Current_(1995-1998),routing_scenario,13,Other cephalopods,catch,0.0354708445375,0.03476142764675,"Freeze completed living P,Q,diet,predation,accumulation,migration. Solve EE for SM; detritus accumulation absorbs routed inflow at fixed predation. No new consumption is assumed.",SE,0.02
13_2_Northern_Humboldt_Current_(1995-1998),routing_scenario,12,Jumbo squid,catch,0.10546329965,0.103354033657,"Freeze completed living P,Q,diet,predation,accumulation,migration. Solve EE for SM; detritus accumulation absorbs routed inflow at fixed predation. No new consumption is assumed.",SE,0.02
13_2_Northern_Humboldt_Current_(1995-1998),routing_scenario,10,Anchovy,catch,23.1699877955,22.70658803959,"Freeze completed living P,Q,diet,predation,accumulation,migration. Solve EE for SM; detritus accumulation absorbs routed inflow at fixed predation. No new consumption is assumed.",SE,0.02
13_2_Northern_Humboldt_Current_(1995-1998),routing_scenario,9,Sardine,catch,5.82596898325,5.709449603585,"Freeze completed living P,Q,diet,predation,accumulation,migration. Solve EE for SM; detritus accumulation absorbs routed inflow at fixed predation. No new consumption is assumed.",SE,0.02
13_2_Northern_Humboldt_Current_(1995-1998),routing_scenario,30,Chondrichthyans,external_loss,0.0,0.000287927229,"Freeze completed living P,Q,diet,predation,accumulation,migration. Solve EE for SM; detritus accumulation absorbs routed inflow at fixed predation. No new consumption is assumed.",SE,0.02
13_2_Northern_Humboldt_Current_(1995-1998),routing_scenario,29,Catfish,external_loss,0.0,0.006795420000000001,"Freeze completed living P,Q,diet,predation,accumulation,migration. Solve EE for SM; detritus accumulation absorbs routed inflow at fixed predation. No new consumption is assumed.",SE,0.02
13_2_Northern_Humboldt_Current_(1995-1998),routing_scenario,27,Medium sciaenids,external_loss,0.0,0.001225978239,"Freeze completed living P,Q,diet,predation,accumulation,migration. Solve EE for SM; detritus accumulation absorbs routed inflow at fixed predation. No new consumption is assumed.",SE,0.02
13_2_Northern_Humboldt_Current_(1995-1998),routing_scenario,26,Medium demersal fish,external_loss,0.0,0.00299134899,"Freeze completed living P,Q,diet,predation,accumulation,migration. Solve EE for SM; detritus accumulation absorbs routed inflow at fixed predation. No new consumption is assumed.",SE,0.02
13_2_Northern_Humboldt_Current_(1995-1998),routing_scenario,23,Benthic elasmobranchs,external_loss,0.0,0.0008102327340000001,"Freeze completed living P,Q,diet,predation,accumulation,migration. Solve EE for SM; detritus accumulation absorbs routed inflow at fixed predation. No new consumption is assumed.",SE,0.02
13_2_Northern_Humboldt_Current_(1995-1998),routing_scenario,22,Small demersal fish,external_loss,0.0,0.00038678460599999995,"Freeze completed living P,Q,diet,predation,accumulation,migration. Solve EE for SM; detritus accumulation absorbs routed inflow at fixed predation. No new consumption is assumed.",SE,0.02
13_2_Northern_Humboldt_Current_(1995-1998),routing_scenario,21,Flatfish,external_loss,0.0,8.11645431e-05,"Freeze completed living P,Q,diet,predation,accumulation,migration. Solve EE for SM; detritus accumulation absorbs routed inflow at fixed predation. No new consumption is assumed.",SE,0.02
13_2_Northern_Humboldt_Current_(1995-1998),routing_scenario,20,Large hake,external_loss,0.0,0.0009266952575999999,"Freeze completed living P,Q,diet,predation,accumulation,migration. Solve EE for SM; detritus accumulation absorbs routed inflow at fixed predation. No new consumption is assumed.",SE,0.02
13_2_Northern_Humboldt_Current_(1995-1998),routing_scenario,19,Medium hake,external_loss,0.0,0.00097352,"Freeze completed living P,Q,diet,predation,accumulation,migration. Solve EE for SM; detritus accumulation absorbs routed inflow at fixed predation. No new consumption is assumed.",SE,0.02
13_2_Northern_Humboldt_Current_(1995-1998),routing_scenario,18,Small hake,external_loss,0.0,0.023318295328,"Freeze completed living P,Q,diet,predation,accumulation,migration. Solve EE for SM; detritus accumulation absorbs routed inflow at fixed predation. No new consumption is assumed.",SE,0.02
13_2_Northern_Humboldt_Current_(1995-1998),routing_scenario,17,Other large pelagic fish,external_loss,0.0,0.00667638027,"Freeze completed living P,Q,diet,predation,accumulation,migration. Solve EE for SM; detritus accumulation absorbs routed inflow at fixed predation. No new consumption is assumed.",SE,0.02
13_2_Northern_Humboldt_Current_(1995-1998),routing_scenario,16,Chub mackerel,external_loss,0.0,0.014853083492000001,"Freeze completed living P,Q,diet,predation,accumulation,migration. Solve EE for SM; detritus accumulation absorbs routed inflow at fixed predation. No new consumption is assumed.",SE,0.02
13_2_Northern_Humboldt_Current_(1995-1998),routing_scenario,15,Horse mackerel,external_loss,0.0,0.034930458914,"Freeze completed living P,Q,diet,predation,accumulation,migration. Solve EE for SM; detritus accumulation absorbs routed inflow at fixed predation. No new consumption is assumed.",SE,0.02
13_2_Northern_Humboldt_Current_(1995-1998),routing_scenario,14,Other small pelagic fish,external_loss,0.0,0.0337958703,"Freeze completed living P,Q,diet,predation,accumulation,migration. Solve EE for SM; detritus accumulation absorbs routed inflow at fixed predation. No new consumption is assumed.",SE,0.02
13_2_Northern_Humboldt_Current_(1995-1998),routing_scenario,13,Other cephalopods,external_loss,0.0,0.00070941689075,"Freeze completed living P,Q,diet,predation,accumulation,migration. Solve EE for SM; detritus accumulation absorbs routed inflow at fixed predation. No new consumption is assumed.",SE,0.02
13_2_Northern_Humboldt_Current_(1995-1998),routing_scenario,12,Jumbo squid,external_loss,0.0,0.002109265993,"Freeze completed living P,Q,diet,predation,accumulation,migration. Solve EE for SM; detritus accumulation absorbs routed inflow at fixed predation. No new consumption is assumed.",SE,0.02
13_2_Northern_Humboldt_Current_(1995-1998),routing_scenario,10,Anchovy,external_loss,0.0,0.46339975591,"Freeze completed living P,Q,diet,predation,accumulation,migration. Solve EE for SM; detritus accumulation absorbs routed inflow at fixed predation. No new consumption is assumed.",SE,0.02
13_2_Northern_Humboldt_Current_(1995-1998),routing_scenario,9,Sardine,external_loss,0.0,0.116519379665,"Freeze completed living P,Q,diet,predation,accumulation,migration. Solve EE for SM; detritus accumulation absorbs routed inflow at fixed predation. No new consumption is assumed.",SE,0.02
13_2_Northern_Humboldt_Current_(1995-1998),routing_scenario,39,Benthic detritus,p,1751.6112896867576,1752.2510015672829,"Freeze completed living P,Q,diet,predation,accumulation,migration. Solve EE for SM; detritus accumulation absorbs routed inflow at fixed predation. No new consumption is assumed.",SR,0.02
13_2_Northern_Humboldt_Current_(1995-1998),routing_scenario,38,Pelagic detritus,p,5090.259743360343,5090.33082245818,"Freeze completed living P,Q,diet,predation,accumulation,migration. Solve EE for SM; detritus accumulation absorbs routed inflow at fixed predation. No new consumption is assumed.",SR,0.02
13_2_Northern_Humboldt_Current_(1995-1998),routing_scenario,39,Benthic detritus,q,1751.6112896867576,1752.2510015672829,"Freeze completed living P,Q,diet,predation,accumulation,migration. Solve EE for SM; detritus accumulation absorbs routed inflow at fixed predation. No new consumption is assumed.",SR,0.02
13_2_Northern_Humboldt_Current_(1995-1998),routing_scenario,38,Pelagic detritus,q,5090.259743360343,5090.33082245818,"Freeze completed living P,Q,diet,predation,accumulation,migration. Solve EE for SM; detritus accumulation absorbs routed inflow at fixed predation. No new consumption is assumed.",SR,0.02
13_2_Northern_Humboldt_Current_(1995-1998),routing_scenario,39,Benthic detritus,growth,-4340.9949724808885,-4340.355260600363,"Freeze completed living P,Q,diet,predation,accumulation,migration. Solve EE for SM; detritus accumulation absorbs routed inflow at fixed predation. No new consumption is assumed.",SR,0.02
13_2_Northern_Humboldt_Current_(1995-1998),routing_scenario,38,Pelagic detritus,growth,5090.259743360343,5090.33082245818,"Freeze completed living P,Q,diet,predation,accumulation,migration. Solve EE for SM; detritus accumulation absorbs routed inflow at fixed predation. No new consumption is assumed.",SR,0.02
13_2_Northern_Humboldt_Current_(1995-1998),routing_scenario,39,Benthic detritus,p,1751.6112896867576,1752.4870885379066,"Freeze completed living P,Q,diet,predation,accumulation,migration. Solve EE for SM; detritus accumulation absorbs routed inflow at fixed predation. No new consumption is assumed.",SM,0.03
13_2_Northern_Humboldt_Current_(1995-1998),routing_scenario,38,Pelagic detritus,p,5090.259743360343,5090.27635606827,"Freeze completed living P,Q,diet,predation,accumulation,migration. Solve EE for SM; detritus accumulation absorbs routed inflow at fixed predation. No new consumption is assumed.",SM,0.03
13_2_Northern_Humboldt_Current_(1995-1998),routing_scenario,36,Anchovy eggs,p,81.93913403799536,82.1129089464616,"Freeze completed living P,Q,diet,predation,accumulation,migration. Solve EE for SM; detritus accumulation absorbs routed inflow at fixed predation. No new consumption is assumed.",SM,0.03
13_2_Northern_Humboldt_Current_(1995-1998),routing_scenario,39,Benthic detritus,q,1751.6112896867576,1752.4870885379066,"Freeze completed living P,Q,diet,predation,accumulation,migration. Solve EE for SM; detritus accumulation absorbs routed inflow at fixed predation. No new consumption is assumed.",SM,0.03
13_2_Northern_Humboldt_Current_(1995-1998),routing_scenario,38,Pelagic detritus,q,5090.259743360343,5090.27635606827,"Freeze completed living P,Q,diet,predation,accumulation,migration. Solve EE for SM; detritus accumulation absorbs routed inflow at fixed predation. No new consumption is assumed.",SM,0.03
13_2_Northern_Humboldt_Current_(1995-1998),routing_scenario,36,Anchovy eggs,q,81.93913403799536,82.1129089464616,"Freeze completed living P,Q,diet,predation,accumulation,migration. Solve EE for SM; detritus accumulation absorbs routed inflow at fixed predation. No new consumption is assumed.",SM,0.03
13_2_Northern_Humboldt_Current_(1995-1998),routing_scenario,30,Chondrichthyans,M0,0.01111863866537926,0.01155052950887926,"Freeze completed living P,Q,diet,predation,accumulation,migration. Solve EE for SM; detritus accumulation absorbs routed inflow at fixed predation. No new consumption is assumed.",SM,0.03
13_2_Northern_Humboldt_Current_(1995-1998),routing_scenario,29,Catfish,M0,0.0986964358664111,0.1088895658664111,"Freeze completed living P,Q,diet,predation,accumulation,migration. Solve EE for SM; detritus accumulation absorbs routed inflow at fixed predation. No new consumption is assumed.",SM,0.03
13_2_Northern_Humboldt_Current_(1995-1998),routing_scenario,27,Medium sciaenids,M0,0.07797065965059131,0.07980962700909132,"Freeze completed living P,Q,diet,predation,accumulation,migration. Solve EE for SM; detritus accumulation absorbs routed inflow at fixed predation. No new consumption is assumed.",SM,0.03
13_2_Northern_Humboldt_Current_(1995-1998),routing_scenario,26,Medium demersal fish,M0,0.0702195877127324,0.0747066111977324,"Freeze completed living P,Q,diet,predation,accumulation,migration. Solve EE for SM; detritus accumulation absorbs routed inflow at fixed predation. No new consumption is assumed.",SM,0.03
13_2_Northern_Humboldt_Current_(1995-1998),routing_scenario,23,Benthic elasmobranchs,M0,0.02098836399473636,0.02220371309573636,"Freeze completed living P,Q,diet,predation,accumulation,migration. Solve EE for SM; detritus accumulation absorbs routed inflow at fixed predation. No new consumption is assumed.",SM,0.03
13_2_Northern_Humboldt_Current_(1995-1998),routing_scenario,22,Small demersal fish,M0,3.2426595415784147,3.243239718487415,"Freeze completed living P,Q,diet,predation,accumulation,migration. Solve EE for SM; detritus accumulation absorbs routed inflow at fixed predation. No new consumption is assumed.",SM,0.03
13_2_Northern_Humboldt_Current_(1995-1998),routing_scenario,21,Flatfish,M0,3.451325833853003e-05,0.00015626007298853004,"Freeze completed living P,Q,diet,predation,accumulation,migration. Solve EE for SM; detritus accumulation absorbs routed inflow at fixed predation. No new consumption is assumed.",SM,0.03
13_2_Northern_Humboldt_Current_(1995-1998),routing_scenario,20,Large hake,M0,0.006700170035899526,0.008090212922299524,"Freeze completed living P,Q,diet,predation,accumulation,migration. Solve EE for SM; detritus accumulation absorbs routed inflow at fixed predation. No new consumption is assumed.",SM,0.03
13_2_Northern_Humboldt_Current_(1995-1998),routing_scenario,19,Medium hake,M0,0.44286476478316994,0.4443250447831699,"Freeze completed living P,Q,diet,predation,accumulation,migration. Solve EE for SM; detritus accumulation absorbs routed inflow at fixed predation. No new consumption is assumed.",SM,0.03
13_2_Northern_Humboldt_Current_(1995-1998),routing_scenario,18,Small hake,M0,0.628031663830784,0.663009106822784,"Freeze completed living P,Q,diet,predation,accumulation,migration. Solve EE for SM; detritus accumulation absorbs routed inflow at fixed predation. No new consumption is assumed.",SM,0.03
13_2_Northern_Humboldt_Current_(1995-1998),routing_scenario,17,Other large pelagic fish,M0,0.3416564469598926,0.3516710173648926,"Freeze completed living P,Q,diet,predation,accumulation,migration. Solve EE for SM; detritus accumulation absorbs routed inflow at fixed predation. No new consumption is assumed.",SM,0.03
13_2_Northern_Humboldt_Current_(1995-1998),routing_scenario,16,Chub mackerel,M0,5.522509613684951,5.544789238922951,"Freeze completed living P,Q,diet,predation,accumulation,migration. Solve EE for SM; detritus accumulation absorbs routed inflow at fixed predation. No new consumption is assumed.",SM,0.03
13_2_Northern_Humboldt_Current_(1995-1998),routing_scenario,15,Horse mackerel,M0,6.695953029518151,6.748348717889151,"Freeze completed living P,Q,diet,predation,accumulation,migration. Solve EE for SM; detritus accumulation absorbs routed inflow at fixed predation. No new consumption is assumed.",SM,0.03
13_2_Northern_Humboldt_Current_(1995-1998),routing_scenario,14,Other small pelagic fish,M0,1.0995008229018595,1.1501946283518594,"Freeze completed living P,Q,diet,predation,accumulation,migration. Solve EE for SM; detritus accumulation absorbs routed inflow at fixed predation. No new consumption is assumed.",SM,0.03
13_2_Northern_Humboldt_Current_(1995-1998),routing_scenario,13,Other cephalopods,M0,0.38835856631069415,0.38942269164681914,"Freeze completed living P,Q,diet,predation,accumulation,migration. Solve EE for SM; detritus accumulation absorbs routed inflow at fixed predation. No new consumption is assumed.",SM,0.03
13_2_Northern_Humboldt_Current_(1995-1998),routing_scenario,12,Jumbo squid,M0,0.6834706928629479,0.6866345918524479,"Freeze completed living P,Q,diet,predation,accumulation,migration. Solve EE for SM; detritus accumulation absorbs routed inflow at fixed predation. No new consumption is assumed.",SM,0.03
13_2_Northern_Humboldt_Current_(1995-1998),routing_scenario,10,Anchovy,M0,21.594902660465323,22.29000229433032,"Freeze completed living P,Q,diet,predation,accumulation,migration. Solve EE for SM; detritus accumulation absorbs routed inflow at fixed predation. No new consumption is assumed.",SM,0.03
13_2_Northern_Humboldt_Current_(1995-1998),routing_scenario,9,Sardine,M0,0.45094358787714506,0.625722657374645,"Freeze completed living P,Q,diet,predation,accumulation,migration. Solve EE for SM; detritus accumulation absorbs routed inflow at fixed predation. No new consumption is assumed.",SM,0.03
13_2_Northern_Humboldt_Current_(1995-1998),routing_scenario,30,Chondrichthyans,EE,0.564231276512146,0.5473043372327799,"Freeze completed living P,Q,diet,predation,accumulation,migration. Solve EE for SM; detritus accumulation absorbs routed inflow at fixed predation. No new consumption is assumed.",SM,0.03
13_2_Northern_Humboldt_Current_(1995-1998),routing_scenario,29,Catfish,EE,0.8212506771087646,0.802789877895017,"Freeze completed living P,Q,diet,predation,accumulation,migration. Solve EE for SM; detritus accumulation absorbs routed inflow at fixed predation. No new consumption is assumed.",SM,0.03
13_2_Northern_Humboldt_Current_(1995-1998),routing_scenario,27,Medium sciaenids,EE,0.7098218202590942,0.7029778586575917,"Freeze completed living P,Q,diet,predation,accumulation,migration. Solve EE for SM; detritus accumulation absorbs routed inflow at fixed predation. No new consumption is assumed.",SM,0.03
13_2_Northern_Humboldt_Current_(1995-1998),routing_scenario,26,Medium demersal fish,EE,0.8201572895050049,0.8086653612285479,"Freeze completed living P,Q,diet,predation,accumulation,migration. Solve EE for SM; detritus accumulation absorbs routed inflow at fixed predation. No new consumption is assumed.",SM,0.03
13_2_Northern_Humboldt_Current_(1995-1998),routing_scenario,23,Benthic elasmobranchs,EE,0.6587257981300354,0.6389640246758885,"Freeze completed living P,Q,diet,predation,accumulation,migration. Solve EE for SM; detritus accumulation absorbs routed inflow at fixed predation. No new consumption is assumed.",SM,0.03
13_2_Northern_Humboldt_Current_(1995-1998),routing_scenario,22,Small demersal fish,EE,0.7304298281669617,0.7303815966498852,"Freeze completed living P,Q,diet,predation,accumulation,migration. Solve EE for SM; detritus accumulation absorbs routed inflow at fixed predation. No new consumption is assumed.",SM,0.03
13_2_Northern_Humboldt_Current_(1995-1998),routing_scenario,21,Flatfish,EE,0.9954587817192078,0.9794394637257056,"Freeze completed living P,Q,diet,predation,accumulation,migration. Solve EE for SM; detritus accumulation absorbs routed inflow at fixed predation. No new consumption is assumed.",SM,0.03
13_2_Northern_Humboldt_Current_(1995-1998),routing_scenario,20,Large hake,EE,0.8738672733306885,0.8476992957257181,"Freeze completed living P,Q,diet,predation,accumulation,migration. Solve EE for SM; detritus accumulation absorbs routed inflow at fixed predation. No new consumption is assumed.",SM,0.03
13_2_Northern_Humboldt_Current_(1995-1998),routing_scenario,19,Medium hake,EE,0.14074458181858063,0.13791131622185548,"Freeze completed living P,Q,diet,predation,accumulation,migration. Solve EE for SM; detritus accumulation absorbs routed inflow at fixed predation. No new consumption is assumed.",SM,0.03
13_2_Northern_Humboldt_Current_(1995-1998),routing_scenario,18,Small hake,EE,0.7213676571846008,0.7058495751390131,"Freeze completed living P,Q,diet,predation,accumulation,migration. Solve EE for SM; detritus accumulation absorbs routed inflow at fixed predation. No new consumption is assumed.",SM,0.03
13_2_Northern_Humboldt_Current_(1995-1998),routing_scenario,17,Other large pelagic fish,EE,0.533972442150116,0.5203123288102798,"Freeze completed living P,Q,diet,predation,accumulation,migration. Solve EE for SM; detritus accumulation absorbs routed inflow at fixed predation. No new consumption is assumed.",SM,0.03
13_2_Northern_Humboldt_Current_(1995-1998),routing_scenario,16,Chub mackerel,EE,0.15512745082378387,0.1517189563011352,"Freeze completed living P,Q,diet,predation,accumulation,migration. Solve EE for SM; detritus accumulation absorbs routed inflow at fixed predation. No new consumption is assumed.",SM,0.03
13_2_Northern_Humboldt_Current_(1995-1998),routing_scenario,15,Horse mackerel,EE,0.23551708459854126,0.2295350222358351,"Freeze completed living P,Q,diet,predation,accumulation,migration. Solve EE for SM; detritus accumulation absorbs routed inflow at fixed predation. No new consumption is assumed.",SM,0.03
13_2_Northern_Humboldt_Current_(1995-1998),routing_scenario,14,Other small pelagic fish,EE,0.8999999761581421,0.8953893550034847,"Freeze completed living P,Q,diet,predation,accumulation,migration. Solve EE for SM; detritus accumulation absorbs routed inflow at fixed predation. No new consumption is assumed.",SM,0.03
13_2_Northern_Humboldt_Current_(1995-1998),routing_scenario,13,Other cephalopods,EE,0.949999988079071,0.9498629851026797,"Freeze completed living P,Q,diet,predation,accumulation,migration. Solve EE for SM; detritus accumulation absorbs routed inflow at fixed predation. No new consumption is assumed.",SM,0.03
13_2_Northern_Humboldt_Current_(1995-1998),routing_scenario,12,Jumbo squid,EE,0.7999784350395203,0.7990525021006758,"Freeze completed living P,Q,diet,predation,accumulation,migration. Solve EE for SM; detritus accumulation absorbs routed inflow at fixed predation. No new consumption is assumed.",SM,0.03
13_2_Northern_Humboldt_Current_(1995-1998),routing_scenario,10,Anchovy,EE,0.8148474097251892,0.8088876932248323,"Freeze completed living P,Q,diet,predation,accumulation,migration. Solve EE for SM; detritus accumulation absorbs routed inflow at fixed predation. No new consumption is assumed.",SM,0.03
13_2_Northern_Humboldt_Current_(1995-1998),routing_scenario,9,Sardine,EE,0.9700034856796265,0.9583772800919962,"Freeze completed living P,Q,diet,predation,accumulation,migration. Solve EE for SM; detritus accumulation absorbs routed inflow at fixed predation. No new consumption is assumed.",SM,0.03
13_2_Northern_Humboldt_Current_(1995-1998),routing_scenario,30,Chondrichthyans,catch,0.01439636145,0.013964470606500001,"Freeze completed living P,Q,diet,predation,accumulation,migration. Solve EE for SM; detritus accumulation absorbs routed inflow at fixed predation. No new consumption is assumed.",SM,0.03
13_2_Northern_Humboldt_Current_(1995-1998),routing_scenario,29,Catfish,catch,0.33977100000000005,0.32957787000000005,"Freeze completed living P,Q,diet,predation,accumulation,migration. Solve EE for SM; detritus accumulation absorbs routed inflow at fixed predation. No new consumption is assumed.",SM,0.03
13_2_Northern_Humboldt_Current_(1995-1998),routing_scenario,27,Medium sciaenids,catch,0.06129891195000001,0.0594599445915,"Freeze completed living P,Q,diet,predation,accumulation,migration. Solve EE for SM; detritus accumulation absorbs routed inflow at fixed predation. No new consumption is assumed.",SM,0.03
13_2_Northern_Humboldt_Current_(1995-1998),routing_scenario,26,Medium demersal fish,catch,0.1495674495,0.145080426015,"Freeze completed living P,Q,diet,predation,accumulation,migration. Solve EE for SM; detritus accumulation absorbs routed inflow at fixed predation. No new consumption is assumed.",SM,0.03
13_2_Northern_Humboldt_Current_(1995-1998),routing_scenario,23,Benthic elasmobranchs,catch,0.040511636700000006,0.039296287599,"Freeze completed living P,Q,diet,predation,accumulation,migration. Solve EE for SM; detritus accumulation absorbs routed inflow at fixed predation. No new consumption is assumed.",SM,0.03
13_2_Northern_Humboldt_Current_(1995-1998),routing_scenario,22,Small demersal fish,catch,0.019339230299999996,0.018759053390999994,"Freeze completed living P,Q,diet,predation,accumulation,migration. Solve EE for SM; detritus accumulation absorbs routed inflow at fixed predation. No new consumption is assumed.",SM,0.03
13_2_Northern_Humboldt_Current_(1995-1998),routing_scenario,21,Flatfish,catch,0.004058227155,0.00393648034035,"Freeze completed living P,Q,diet,predation,accumulation,migration. Solve EE for SM; detritus accumulation absorbs routed inflow at fixed predation. No new consumption is assumed.",SM,0.03
13_2_Northern_Humboldt_Current_(1995-1998),routing_scenario,20,Large hake,catch,0.04633476287999999,0.04494471999359999,"Freeze completed living P,Q,diet,predation,accumulation,migration. Solve EE for SM; detritus accumulation absorbs routed inflow at fixed predation. No new consumption is assumed.",SM,0.03
13_2_Northern_Humboldt_Current_(1995-1998),routing_scenario,19,Medium hake,catch,0.048676,0.047215719999999996,"Freeze completed living P,Q,diet,predation,accumulation,migration. Solve EE for SM; detritus accumulation absorbs routed inflow at fixed predation. No new consumption is assumed.",SM,0.03
13_2_Northern_Humboldt_Current_(1995-1998),routing_scenario,18,Small hake,catch,1.1659147664,1.130937323408,"Freeze completed living P,Q,diet,predation,accumulation,migration. Solve EE for SM; detritus accumulation absorbs routed inflow at fixed predation. No new consumption is assumed.",SM,0.03
13_2_Northern_Humboldt_Current_(1995-1998),routing_scenario,17,Other large pelagic fish,catch,0.3338190135,0.32380444309499995,"Freeze completed living P,Q,diet,predation,accumulation,migration. Solve EE for SM; detritus accumulation absorbs routed inflow at fixed predation. No new consumption is assumed.",SM,0.03
13_2_Northern_Humboldt_Current_(1995-1998),routing_scenario,16,Chub mackerel,catch,0.7426541746,0.7203745493620001,"Freeze completed living P,Q,diet,predation,accumulation,migration. Solve EE for SM; detritus accumulation absorbs routed inflow at fixed predation. No new consumption is assumed.",SM,0.03
13_2_Northern_Humboldt_Current_(1995-1998),routing_scenario,15,Horse mackerel,catch,1.7465229457,1.694127257329,"Freeze completed living P,Q,diet,predation,accumulation,migration. Solve EE for SM; detritus accumulation absorbs routed inflow at fixed predation. No new consumption is assumed.",SM,0.03
13_2_Northern_Humboldt_Current_(1995-1998),routing_scenario,14,Other small pelagic fish,catch,1.689793515,1.63909970955,"Freeze completed living P,Q,diet,predation,accumulation,migration. Solve EE for SM; detritus accumulation absorbs routed inflow at fixed predation. No new consumption is assumed.",SM,0.03
13_2_Northern_Humboldt_Current_(1995-1998),routing_scenario,13,Other cephalopods,catch,0.0354708445375,0.034406719201374995,"Freeze completed living P,Q,diet,predation,accumulation,migration. Solve EE for SM; detritus accumulation absorbs routed inflow at fixed predation. No new consumption is assumed.",SM,0.03
13_2_Northern_Humboldt_Current_(1995-1998),routing_scenario,12,Jumbo squid,catch,0.10546329965,0.10229940066049999,"Freeze completed living P,Q,diet,predation,accumulation,migration. Solve EE for SM; detritus accumulation absorbs routed inflow at fixed predation. No new consumption is assumed.",SM,0.03
13_2_Northern_Humboldt_Current_(1995-1998),routing_scenario,10,Anchovy,catch,23.1699877955,22.474888161634997,"Freeze completed living P,Q,diet,predation,accumulation,migration. Solve EE for SM; detritus accumulation absorbs routed inflow at fixed predation. No new consumption is assumed.",SM,0.03
13_2_Northern_Humboldt_Current_(1995-1998),routing_scenario,9,Sardine,catch,5.82596898325,5.6511899137525,"Freeze completed living P,Q,diet,predation,accumulation,migration. Solve EE for SM; detritus accumulation absorbs routed inflow at fixed predation. No new consumption is assumed.",SM,0.03
13_2_Northern_Humboldt_Current_(1995-1998),routing_scenario,39,Benthic detritus,growth,-4340.9949724808885,-4340.11917362974,"Freeze completed living P,Q,diet,predation,accumulation,migration. Solve EE for SM; detritus accumulation absorbs routed inflow at fixed predation. No new consumption is assumed.",SM,0.03
13_2_Northern_Humboldt_Current_(1995-1998),routing_scenario,38,Pelagic detritus,growth,5090.259743360343,5090.27635606827,"Freeze completed living P,Q,diet,predation,accumulation,migration. Solve EE for SM; detritus accumulation absorbs routed inflow at fixed predation. No new consumption is assumed.",SM,0.03
13_2_Northern_Humboldt_Current_(1995-1998),routing_scenario,36,Anchovy eggs,growth,12.539441007952618,12.71321591641886,"Freeze completed living P,Q,diet,predation,accumulation,migration. Solve EE for SM; detritus accumulation absorbs routed inflow at fixed predation. No new consumption is assumed.",SM,0.03
13_2_Northern_Humboldt_Current_(1995-1998),routing_scenario,30,Chondrichthyans,catch,0.01439636145,0.013964470606500001,"Freeze completed living P,Q,diet,predation,accumulation,migration. Solve EE for SM; detritus accumulation absorbs routed inflow at fixed predation. No new consumption is assumed.",SE,0.03
13_2_Northern_Humboldt_Current_(1995-1998),routing_scenario,29,Catfish,catch,0.33977100000000005,0.32957787000000005,"Freeze completed living P,Q,diet,predation,accumulation,migration. Solve EE for SM; detritus accumulation absorbs routed inflow at fixed predation. No new consumption is assumed.",SE,0.03
13_2_Northern_Humboldt_Current_(1995-1998),routing_scenario,27,Medium sciaenids,catch,0.06129891195000001,0.0594599445915,"Freeze completed living P,Q,diet,predation,accumulation,migration. Solve EE for SM; detritus accumulation absorbs routed inflow at fixed predation. No new consumption is assumed.",SE,0.03
13_2_Northern_Humboldt_Current_(1995-1998),routing_scenario,26,Medium demersal fish,catch,0.1495674495,0.145080426015,"Freeze completed living P,Q,diet,predation,accumulation,migration. Solve EE for SM; detritus accumulation absorbs routed inflow at fixed predation. No new consumption is assumed.",SE,0.03
13_2_Northern_Humboldt_Current_(1995-1998),routing_scenario,23,Benthic elasmobranchs,catch,0.040511636700000006,0.039296287599,"Freeze completed living P,Q,diet,predation,accumulation,migration. Solve EE for SM; detritus accumulation absorbs routed inflow at fixed predation. No new consumption is assumed.",SE,0.03
13_2_Northern_Humboldt_Current_(1995-1998),routing_scenario,22,Small demersal fish,catch,0.019339230299999996,0.018759053390999994,"Freeze completed living P,Q,diet,predation,accumulation,migration. Solve EE for SM; detritus accumulation absorbs routed inflow at fixed predation. No new consumption is assumed.",SE,0.03
13_2_Northern_Humboldt_Current_(1995-1998),routing_scenario,21,Flatfish,catch,0.004058227155,0.00393648034035,"Freeze completed living P,Q,diet,predation,accumulation,migration. Solve EE for SM; detritus accumulation absorbs routed inflow at fixed predation. No new consumption is assumed.",SE,0.03
13_2_Northern_Humboldt_Current_(1995-1998),routing_scenario,20,Large hake,catch,0.04633476287999999,0.04494471999359999,"Freeze completed living P,Q,diet,predation,accumulation,migration. Solve EE for SM; detritus accumulation absorbs routed inflow at fixed predation. No new consumption is assumed.",SE,0.03
13_2_Northern_Humboldt_Current_(1995-1998),routing_scenario,19,Medium hake,catch,0.048676,0.047215719999999996,"Freeze completed living P,Q,diet,predation,accumulation,migration. Solve EE for SM; detritus accumulation absorbs routed inflow at fixed predation. No new consumption is assumed.",SE,0.03
13_2_Northern_Humboldt_Current_(1995-1998),routing_scenario,18,Small hake,catch,1.1659147664,1.130937323408,"Freeze completed living P,Q,diet,predation,accumulation,migration. Solve EE for SM; detritus accumulation absorbs routed inflow at fixed predation. No new consumption is assumed.",SE,0.03
13_2_Northern_Humboldt_Current_(1995-1998),routing_scenario,17,Other large pelagic fish,catch,0.3338190135,0.32380444309499995,"Freeze completed living P,Q,diet,predation,accumulation,migration. Solve EE for SM; detritus accumulation absorbs routed inflow at fixed predation. No new consumption is assumed.",SE,0.03
13_2_Northern_Humboldt_Current_(1995-1998),routing_scenario,16,Chub mackerel,catch,0.7426541746,0.7203745493620001,"Freeze completed living P,Q,diet,predation,accumulation,migration. Solve EE for SM; detritus accumulation absorbs routed inflow at fixed predation. No new consumption is assumed.",SE,0.03
13_2_Northern_Humboldt_Current_(1995-1998),routing_scenario,15,Horse mackerel,catch,1.7465229457,1.694127257329,"Freeze completed living P,Q,diet,predation,accumulation,migration. Solve EE for SM; detritus accumulation absorbs routed inflow at fixed predation. No new consumption is assumed.",SE,0.03
13_2_Northern_Humboldt_Current_(1995-1998),routing_scenario,14,Other small pelagic fish,catch,1.689793515,1.63909970955,"Freeze completed living P,Q,diet,predation,accumulation,migration. Solve EE for SM; detritus accumulation absorbs routed inflow at fixed predation. No new consumption is assumed.",SE,0.03
13_2_Northern_Humboldt_Current_(1995-1998),routing_scenario,13,Other cephalopods,catch,0.0354708445375,0.034406719201374995,"Freeze completed living P,Q,diet,predation,accumulation,migration. Solve EE for SM; detritus accumulation absorbs routed inflow at fixed predation. No new consumption is assumed.",SE,0.03
13_2_Northern_Humboldt_Current_(1995-1998),routing_scenario,12,Jumbo squid,catch,0.10546329965,0.10229940066049999,"Freeze completed living P,Q,diet,predation,accumulation,migration. Solve EE for SM; detritus accumulation absorbs routed inflow at fixed predation. No new consumption is assumed.",SE,0.03
13_2_Northern_Humboldt_Current_(1995-1998),routing_scenario,10,Anchovy,catch,23.1699877955,22.474888161634997,"Freeze completed living P,Q,diet,predation,accumulation,migration. Solve EE for SM; detritus accumulation absorbs routed inflow at fixed predation. No new consumption is assumed.",SE,0.03
13_2_Northern_Humboldt_Current_(1995-1998),routing_scenario,9,Sardine,catch,5.82596898325,5.6511899137525,"Freeze completed living P,Q,diet,predation,accumulation,migration. Solve EE for SM; detritus accumulation absorbs routed inflow at fixed predation. No new consumption is assumed.",SE,0.03
13_2_Northern_Humboldt_Current_(1995-1998),routing_scenario,30,Chondrichthyans,external_loss,0.0,0.00043189084350000003,"Freeze completed living P,Q,diet,predation,accumulation,migration. Solve EE for SM; detritus accumulation absorbs routed inflow at fixed predation. No new consumption is assumed.",SE,0.03
13_2_Northern_Humboldt_Current_(1995-1998),routing_scenario,29,Catfish,external_loss,0.0,0.010193130000000002,"Freeze completed living P,Q,diet,predation,accumulation,migration. Solve EE for SM; detritus accumulation absorbs routed inflow at fixed predation. No new consumption is assumed.",SE,0.03
13_2_Northern_Humboldt_Current_(1995-1998),routing_scenario,27,Medium sciaenids,external_loss,0.0,0.0018389673585,"Freeze completed living P,Q,diet,predation,accumulation,migration. Solve EE for SM; detritus accumulation absorbs routed inflow at fixed predation. No new consumption is assumed.",SE,0.03
13_2_Northern_Humboldt_Current_(1995-1998),routing_scenario,26,Medium demersal fish,external_loss,0.0,0.004487023485,"Freeze completed living P,Q,diet,predation,accumulation,migration. Solve EE for SM; detritus accumulation absorbs routed inflow at fixed predation. No new consumption is assumed.",SE,0.03
13_2_Northern_Humboldt_Current_(1995-1998),routing_scenario,23,Benthic elasmobranchs,external_loss,0.0,0.0012153491010000001,"Freeze completed living P,Q,diet,predation,accumulation,migration. Solve EE for SM; detritus accumulation absorbs routed inflow at fixed predation. No new consumption is assumed.",SE,0.03
13_2_Northern_Humboldt_Current_(1995-1998),routing_scenario,22,Small demersal fish,external_loss,0.0,0.0005801769089999999,"Freeze completed living P,Q,diet,predation,accumulation,migration. Solve EE for SM; detritus accumulation absorbs routed inflow at fixed predation. No new consumption is assumed.",SE,0.03
13_2_Northern_Humboldt_Current_(1995-1998),routing_scenario,21,Flatfish,external_loss,0.0,0.00012174681465,"Freeze completed living P,Q,diet,predation,accumulation,migration. Solve EE for SM; detritus accumulation absorbs routed inflow at fixed predation. No new consumption is assumed.",SE,0.03
13_2_Northern_Humboldt_Current_(1995-1998),routing_scenario,20,Large hake,external_loss,0.0,0.0013900428863999996,"Freeze completed living P,Q,diet,predation,accumulation,migration. Solve EE for SM; detritus accumulation absorbs routed inflow at fixed predation. No new consumption is assumed.",SE,0.03
13_2_Northern_Humboldt_Current_(1995-1998),routing_scenario,19,Medium hake,external_loss,0.0,0.0014602799999999998,"Freeze completed living P,Q,diet,predation,accumulation,migration. Solve EE for SM; detritus accumulation absorbs routed inflow at fixed predation. No new consumption is assumed.",SE,0.03
13_2_Northern_Humboldt_Current_(1995-1998),routing_scenario,18,Small hake,external_loss,0.0,0.034977442992,"Freeze completed living P,Q,diet,predation,accumulation,migration. Solve EE for SM; detritus accumulation absorbs routed inflow at fixed predation. No new consumption is assumed.",SE,0.03
13_2_Northern_Humboldt_Current_(1995-1998),routing_scenario,17,Other large pelagic fish,external_loss,0.0,0.010014570405,"Freeze completed living P,Q,diet,predation,accumulation,migration. Solve EE for SM; detritus accumulation absorbs routed inflow at fixed predation. No new consumption is assumed.",SE,0.03
13_2_Northern_Humboldt_Current_(1995-1998),routing_scenario,16,Chub mackerel,external_loss,0.0,0.022279625238,"Freeze completed living P,Q,diet,predation,accumulation,migration. Solve EE for SM; detritus accumulation absorbs routed inflow at fixed predation. No new consumption is assumed.",SE,0.03
13_2_Northern_Humboldt_Current_(1995-1998),routing_scenario,15,Horse mackerel,external_loss,0.0,0.052395688371,"Freeze completed living P,Q,diet,predation,accumulation,migration. Solve EE for SM; detritus accumulation absorbs routed inflow at fixed predation. No new consumption is assumed.",SE,0.03
13_2_Northern_Humboldt_Current_(1995-1998),routing_scenario,14,Other small pelagic fish,external_loss,0.0,0.05069380545,"Freeze completed living P,Q,diet,predation,accumulation,migration. Solve EE for SM; detritus accumulation absorbs routed inflow at fixed predation. No new consumption is assumed.",SE,0.03
13_2_Northern_Humboldt_Current_(1995-1998),routing_scenario,13,Other cephalopods,external_loss,0.0,0.001064125336125,"Freeze completed living P,Q,diet,predation,accumulation,migration. Solve EE for SM; detritus accumulation absorbs routed inflow at fixed predation. No new consumption is assumed.",SE,0.03
13_2_Northern_Humboldt_Current_(1995-1998),routing_scenario,12,Jumbo squid,external_loss,0.0,0.0031638989895,"Freeze completed living P,Q,diet,predation,accumulation,migration. Solve EE for SM; detritus accumulation absorbs routed inflow at fixed predation. No new consumption is assumed.",SE,0.03
13_2_Northern_Humboldt_Current_(1995-1998),routing_scenario,10,Anchovy,external_loss,0.0,0.695099633865,"Freeze completed living P,Q,diet,predation,accumulation,migration. Solve EE for SM; detritus accumulation absorbs routed inflow at fixed predation. No new consumption is assumed.",SE,0.03
13_2_Northern_Humboldt_Current_(1995-1998),routing_scenario,9,Sardine,external_loss,0.0,0.1747790694975,"Freeze completed living P,Q,diet,predation,accumulation,migration. Solve EE for SM; detritus accumulation absorbs routed inflow at fixed predation. No new consumption is assumed.",SE,0.03
13_2_Northern_Humboldt_Current_(1995-1998),routing_scenario,39,Benthic detritus,p,1751.6112896867576,1752.5708575075455,"Freeze completed living P,Q,diet,predation,accumulation,migration. Solve EE for SM; detritus accumulation absorbs routed inflow at fixed predation. No new consumption is assumed.",SR,0.03
13_2_Northern_Humboldt_Current_(1995-1998),routing_scenario,38,Pelagic detritus,p,5090.259743360343,5090.366362007097,"Freeze completed living P,Q,diet,predation,accumulation,migration. Solve EE for SM; detritus accumulation absorbs routed inflow at fixed predation. No new consumption is assumed.",SR,0.03
13_2_Northern_Humboldt_Current_(1995-1998),routing_scenario,39,Benthic detritus,q,1751.6112896867576,1752.5708575075455,"Freeze completed living P,Q,diet,predation,accumulation,migration. Solve EE for SM; detritus accumulation absorbs routed inflow at fixed predation. No new consumption is assumed.",SR,0.03
13_2_Northern_Humboldt_Current_(1995-1998),routing_scenario,38,Pelagic detritus,q,5090.259743360343,5090.366362007097,"Freeze completed living P,Q,diet,predation,accumulation,migration. Solve EE for SM; detritus accumulation absorbs routed inflow at fixed predation. No new consumption is assumed.",SR,0.03
13_2_Northern_Humboldt_Current_(1995-1998),routing_scenario,39,Benthic detritus,growth,-4340.9949724808885,-4340.0354046601005,"Freeze completed living P,Q,diet,predation,accumulation,migration. Solve EE for SM; detritus accumulation absorbs routed inflow at fixed predation. No new consumption is assumed.",SR,0.03
13_2_Northern_Humboldt_Current_(1995-1998),routing_scenario,38,Pelagic detritus,growth,5090.259743360343,5090.366362007097,"Freeze completed living P,Q,diet,predation,accumulation,migration. Solve EE for SM; detritus accumulation absorbs routed inflow at fixed predation. No new consumption is assumed.",SR,0.03
13_2_Northern_Humboldt_Current_(1995-1998),routing_scenario,39,Benthic detritus,p,1751.6112896867576,1752.77902148829,"Freeze completed living P,Q,diet,predation,accumulation,migration. Solve EE for SM; detritus accumulation absorbs routed inflow at fixed predation. No new consumption is assumed.",SM,0.04
13_2_Northern_Humboldt_Current_(1995-1998),routing_scenario,38,Pelagic detritus,p,5090.259743360343,5090.281893637579,"Freeze completed living P,Q,diet,predation,accumulation,migration. Solve EE for SM; detritus accumulation absorbs routed inflow at fixed predation. No new consumption is assumed.",SM,0.04
13_2_Northern_Humboldt_Current_(1995-1998),routing_scenario,36,Anchovy eggs,p,81.93913403799536,82.17083391595035,"Freeze completed living P,Q,diet,predation,accumulation,migration. Solve EE for SM; detritus accumulation absorbs routed inflow at fixed predation. No new consumption is assumed.",SM,0.04
13_2_Northern_Humboldt_Current_(1995-1998),routing_scenario,39,Benthic detritus,q,1751.6112896867576,1752.77902148829,"Freeze completed living P,Q,diet,predation,accumulation,migration. Solve EE for SM; detritus accumulation absorbs routed inflow at fixed predation. No new consumption is assumed.",SM,0.04
13_2_Northern_Humboldt_Current_(1995-1998),routing_scenario,38,Pelagic detritus,q,5090.259743360343,5090.281893637579,"Freeze completed living P,Q,diet,predation,accumulation,migration. Solve EE for SM; detritus accumulation absorbs routed inflow at fixed predation. No new consumption is assumed.",SM,0.04
13_2_Northern_Humboldt_Current_(1995-1998),routing_scenario,36,Anchovy eggs,q,81.93913403799536,82.17083391595035,"Freeze completed living P,Q,diet,predation,accumulation,migration. Solve EE for SM; detritus accumulation absorbs routed inflow at fixed predation. No new consumption is assumed.",SM,0.04
13_2_Northern_Humboldt_Current_(1995-1998),routing_scenario,30,Chondrichthyans,M0,0.01111863866537926,0.01169449312337926,"Freeze completed living P,Q,diet,predation,accumulation,migration. Solve EE for SM; detritus accumulation absorbs routed inflow at fixed predation. No new consumption is assumed.",SM,0.04
13_2_Northern_Humboldt_Current_(1995-1998),routing_scenario,29,Catfish,M0,0.0986964358664111,0.1122872758664111,"Freeze completed living P,Q,diet,predation,accumulation,migration. Solve EE for SM; detritus accumulation absorbs routed inflow at fixed predation. No new consumption is assumed.",SM,0.04
13_2_Northern_Humboldt_Current_(1995-1998),routing_scenario,27,Medium sciaenids,M0,0.07797065965059131,0.08042261612859132,"Freeze completed living P,Q,diet,predation,accumulation,migration. Solve EE for SM; detritus accumulation absorbs routed inflow at fixed predation. No new consumption is assumed.",SM,0.04
13_2_Northern_Humboldt_Current_(1995-1998),routing_scenario,26,Medium demersal fish,M0,0.0702195877127324,0.07620228569273241,"Freeze completed living P,Q,diet,predation,accumulation,migration. Solve EE for SM; detritus accumulation absorbs routed inflow at fixed predation. No new consumption is assumed.",SM,0.04
13_2_Northern_Humboldt_Current_(1995-1998),routing_scenario,23,Benthic elasmobranchs,M0,0.02098836399473636,0.02260882946273636,"Freeze completed living P,Q,diet,predation,accumulation,migration. Solve EE for SM; detritus accumulation absorbs routed inflow at fixed predation. No new consumption is assumed.",SM,0.04
13_2_Northern_Humboldt_Current_(1995-1998),routing_scenario,22,Small demersal fish,M0,3.2426595415784147,3.2434331107904146,"Freeze completed living P,Q,diet,predation,accumulation,migration. Solve EE for SM; detritus accumulation absorbs routed inflow at fixed predation. No new consumption is assumed.",SM,0.04
13_2_Northern_Humboldt_Current_(1995-1998),routing_scenario,21,Flatfish,M0,3.451325833853003e-05,0.00019684234453853003,"Freeze completed living P,Q,diet,predation,accumulation,migration. Solve EE for SM; detritus accumulation absorbs routed inflow at fixed predation. No new consumption is assumed.",SM,0.04
13_2_Northern_Humboldt_Current_(1995-1998),routing_scenario,20,Large hake,M0,0.006700170035899526,0.008553560551099525,"Freeze completed living P,Q,diet,predation,accumulation,migration. Solve EE for SM; detritus accumulation absorbs routed inflow at fixed predation. No new consumption is assumed.",SM,0.04
13_2_Northern_Humboldt_Current_(1995-1998),routing_scenario,19,Medium hake,M0,0.44286476478316994,0.44481180478316995,"Freeze completed living P,Q,diet,predation,accumulation,migration. Solve EE for SM; detritus accumulation absorbs routed inflow at fixed predation. No new consumption is assumed.",SM,0.04
13_2_Northern_Humboldt_Current_(1995-1998),routing_scenario,18,Small hake,M0,0.628031663830784,0.674668254486784,"Freeze completed living P,Q,diet,predation,accumulation,migration. Solve EE for SM; detritus accumulation absorbs routed inflow at fixed predation. No new consumption is assumed.",SM,0.04
13_2_Northern_Humboldt_Current_(1995-1998),routing_scenario,17,Other large pelagic fish,M0,0.3416564469598926,0.3550092074998926,"Freeze completed living P,Q,diet,predation,accumulation,migration. Solve EE for SM; detritus accumulation absorbs routed inflow at fixed predation. No new consumption is assumed.",SM,0.04
13_2_Northern_Humboldt_Current_(1995-1998),routing_scenario,16,Chub mackerel,M0,5.522509613684951,5.552215780668951,"Freeze completed living P,Q,diet,predation,accumulation,migration. Solve EE for SM; detritus accumulation absorbs routed inflow at fixed predation. No new consumption is assumed.",SM,0.04
13_2_Northern_Humboldt_Current_(1995-1998),routing_scenario,15,Horse mackerel,M0,6.695953029518151,6.7658139473461505,"Freeze completed living P,Q,diet,predation,accumulation,migration. Solve EE for SM; detritus accumulation absorbs routed inflow at fixed predation. No new consumption is assumed.",SM,0.04
13_2_Northern_Humboldt_Current_(1995-1998),routing_scenario,14,Other small pelagic fish,M0,1.0995008229018595,1.1670925635018594,"Freeze completed living P,Q,diet,predation,accumulation,migration. Solve EE for SM; detritus accumulation absorbs routed inflow at fixed predation. No new consumption is assumed.",SM,0.04
13_2_Northern_Humboldt_Current_(1995-1998),routing_scenario,13,Other cephalopods,M0,0.38835856631069415,0.38977740009219414,"Freeze completed living P,Q,diet,predation,accumulation,migration. Solve EE for SM; detritus accumulation absorbs routed inflow at fixed predation. No new consumption is assumed.",SM,0.04
13_2_Northern_Humboldt_Current_(1995-1998),routing_scenario,12,Jumbo squid,M0,0.6834706928629479,0.6876892248489479,"Freeze completed living P,Q,diet,predation,accumulation,migration. Solve EE for SM; detritus accumulation absorbs routed inflow at fixed predation. No new consumption is assumed.",SM,0.04
13_2_Northern_Humboldt_Current_(1995-1998),routing_scenario,10,Anchovy,M0,21.594902660465323,22.521702172285323,"Freeze completed living P,Q,diet,predation,accumulation,migration. Solve EE for SM; detritus accumulation absorbs routed inflow at fixed predation. No new consumption is assumed.",SM,0.04
13_2_Northern_Humboldt_Current_(1995-1998),routing_scenario,9,Sardine,M0,0.45094358787714506,0.6839823472071451,"Freeze completed living P,Q,diet,predation,accumulation,migration. Solve EE for SM; detritus accumulation absorbs routed inflow at fixed predation. No new consumption is assumed.",SM,0.04
13_2_Northern_Humboldt_Current_(1995-1998),routing_scenario,30,Chondrichthyans,EE,0.564231276512146,0.5416620241396578,"Freeze completed living P,Q,diet,predation,accumulation,migration. Solve EE for SM; detritus accumulation absorbs routed inflow at fixed predation. No new consumption is assumed.",SM,0.04
13_2_Northern_Humboldt_Current_(1995-1998),routing_scenario,29,Catfish,EE,0.8212506771087646,0.796636278157101,"Freeze completed living P,Q,diet,predation,accumulation,migration. Solve EE for SM; detritus accumulation absorbs routed inflow at fixed predation. No new consumption is assumed.",SM,0.04
13_2_Northern_Humboldt_Current_(1995-1998),routing_scenario,27,Medium sciaenids,EE,0.7098218202590942,0.7006965381237575,"Freeze completed living P,Q,diet,predation,accumulation,migration. Solve EE for SM; detritus accumulation absorbs routed inflow at fixed predation. No new consumption is assumed.",SM,0.04
13_2_Northern_Humboldt_Current_(1995-1998),routing_scenario,26,Medium demersal fish,EE,0.8201572895050049,0.8048347184697289,"Freeze completed living P,Q,diet,predation,accumulation,migration. Solve EE for SM; detritus accumulation absorbs routed inflow at fixed predation. No new consumption is assumed.",SM,0.04
13_2_Northern_Humboldt_Current_(1995-1998),routing_scenario,23,Benthic elasmobranchs,EE,0.6587257981300354,0.6323767668578395,"Freeze completed living P,Q,diet,predation,accumulation,migration. Solve EE for SM; detritus accumulation absorbs routed inflow at fixed predation. No new consumption is assumed.",SM,0.04
13_2_Northern_Humboldt_Current_(1995-1998),routing_scenario,22,Small demersal fish,EE,0.7304298281669617,0.7303655194775265,"Freeze completed living P,Q,diet,predation,accumulation,migration. Solve EE for SM; detritus accumulation absorbs routed inflow at fixed predation. No new consumption is assumed.",SM,0.04
13_2_Northern_Humboldt_Current_(1995-1998),routing_scenario,21,Flatfish,EE,0.9954587817192078,0.9740996910612049,"Freeze completed living P,Q,diet,predation,accumulation,migration. Solve EE for SM; detritus accumulation absorbs routed inflow at fixed predation. No new consumption is assumed.",SM,0.04
13_2_Northern_Humboldt_Current_(1995-1998),routing_scenario,20,Large hake,EE,0.8738672733306885,0.8389766365240614,"Freeze completed living P,Q,diet,predation,accumulation,migration. Solve EE for SM; detritus accumulation absorbs routed inflow at fixed predation. No new consumption is assumed.",SM,0.04
13_2_Northern_Humboldt_Current_(1995-1998),routing_scenario,19,Medium hake,EE,0.14074458181858063,0.1369668943562804,"Freeze completed living P,Q,diet,predation,accumulation,migration. Solve EE for SM; detritus accumulation absorbs routed inflow at fixed predation. No new consumption is assumed.",SM,0.04
13_2_Northern_Humboldt_Current_(1995-1998),routing_scenario,18,Small hake,EE,0.7213676571846008,0.7006768811238173,"Freeze completed living P,Q,diet,predation,accumulation,migration. Solve EE for SM; detritus accumulation absorbs routed inflow at fixed predation. No new consumption is assumed.",SM,0.04
13_2_Northern_Humboldt_Current_(1995-1998),routing_scenario,17,Other large pelagic fish,EE,0.533972442150116,0.515758957697001,"Freeze completed living P,Q,diet,predation,accumulation,migration. Solve EE for SM; detritus accumulation absorbs routed inflow at fixed predation. No new consumption is assumed.",SM,0.04
13_2_Northern_Humboldt_Current_(1995-1998),routing_scenario,16,Chub mackerel,EE,0.15512745082378387,0.15058279146025233,"Freeze completed living P,Q,diet,predation,accumulation,migration. Solve EE for SM; detritus accumulation absorbs routed inflow at fixed predation. No new consumption is assumed.",SM,0.04
13_2_Northern_Humboldt_Current_(1995-1998),routing_scenario,15,Horse mackerel,EE,0.23551708459854126,0.2275410014482665,"Freeze completed living P,Q,diet,predation,accumulation,migration. Solve EE for SM; detritus accumulation absorbs routed inflow at fixed predation. No new consumption is assumed.",SM,0.04
13_2_Northern_Humboldt_Current_(1995-1998),routing_scenario,14,Other small pelagic fish,EE,0.8999999761581421,0.8938524812852656,"Freeze completed living P,Q,diet,predation,accumulation,migration. Solve EE for SM; detritus accumulation absorbs routed inflow at fixed predation. No new consumption is assumed.",SM,0.04
13_2_Northern_Humboldt_Current_(1995-1998),routing_scenario,13,Other cephalopods,EE,0.949999988079071,0.9498173174438826,"Freeze completed living P,Q,diet,predation,accumulation,migration. Solve EE for SM; detritus accumulation absorbs routed inflow at fixed predation. No new consumption is assumed.",SM,0.04
13_2_Northern_Humboldt_Current_(1995-1998),routing_scenario,12,Jumbo squid,EE,0.7999784350395203,0.7987438577877276,"Freeze completed living P,Q,diet,predation,accumulation,migration. Solve EE for SM; detritus accumulation absorbs routed inflow at fixed predation. No new consumption is assumed.",SM,0.04
13_2_Northern_Humboldt_Current_(1995-1998),routing_scenario,10,Anchovy,EE,0.8148474097251892,0.8069011210580466,"Freeze completed living P,Q,diet,predation,accumulation,migration. Solve EE for SM; detritus accumulation absorbs routed inflow at fixed predation. No new consumption is assumed.",SM,0.04
13_2_Northern_Humboldt_Current_(1995-1998),routing_scenario,9,Sardine,EE,0.9700034856796265,0.9545018782294528,"Freeze completed living P,Q,diet,predation,accumulation,migration. Solve EE for SM; detritus accumulation absorbs routed inflow at fixed predation. No new consumption is assumed.",SM,0.04
13_2_Northern_Humboldt_Current_(1995-1998),routing_scenario,30,Chondrichthyans,catch,0.01439636145,0.013820506992000001,"Freeze completed living P,Q,diet,predation,accumulation,migration. Solve EE for SM; detritus accumulation absorbs routed inflow at fixed predation. No new consumption is assumed.",SM,0.04
13_2_Northern_Humboldt_Current_(1995-1998),routing_scenario,29,Catfish,catch,0.33977100000000005,0.32618016000000005,"Freeze completed living P,Q,diet,predation,accumulation,migration. Solve EE for SM; detritus accumulation absorbs routed inflow at fixed predation. No new consumption is assumed.",SM,0.04
13_2_Northern_Humboldt_Current_(1995-1998),routing_scenario,27,Medium sciaenids,catch,0.06129891195000001,0.058846955472,"Freeze completed living P,Q,diet,predation,accumulation,migration. Solve EE for SM; detritus accumulation absorbs routed inflow at fixed predation. No new consumption is assumed.",SM,0.04
13_2_Northern_Humboldt_Current_(1995-1998),routing_scenario,26,Medium demersal fish,catch,0.1495674495,0.14358475152,"Freeze completed living P,Q,diet,predation,accumulation,migration. Solve EE for SM; detritus accumulation absorbs routed inflow at fixed predation. No new consumption is assumed.",SM,0.04
13_2_Northern_Humboldt_Current_(1995-1998),routing_scenario,23,Benthic elasmobranchs,catch,0.040511636700000006,0.038891171232000005,"Freeze completed living P,Q,diet,predation,accumulation,migration. Solve EE for SM; detritus accumulation absorbs routed inflow at fixed predation. No new consumption is assumed.",SM,0.04
13_2_Northern_Humboldt_Current_(1995-1998),routing_scenario,22,Small demersal fish,catch,0.019339230299999996,0.018565661087999997,"Freeze completed living P,Q,diet,predation,accumulation,migration. Solve EE for SM; detritus accumulation absorbs routed inflow at fixed predation. No new consumption is assumed.",SM,0.04
13_2_Northern_Humboldt_Current_(1995-1998),routing_scenario,21,Flatfish,catch,0.004058227155,0.0038958980688,"Freeze completed living P,Q,diet,predation,accumulation,migration. Solve EE for SM; detritus accumulation absorbs routed inflow at fixed predation. No new consumption is assumed.",SM,0.04
13_2_Northern_Humboldt_Current_(1995-1998),routing_scenario,20,Large hake,catch,0.04633476287999999,0.04448137236479999,"Freeze completed living P,Q,diet,predation,accumulation,migration. Solve EE for SM; detritus accumulation absorbs routed inflow at fixed predation. No new consumption is assumed.",SM,0.04
13_2_Northern_Humboldt_Current_(1995-1998),routing_scenario,19,Medium hake,catch,0.048676,0.04672895999999999,"Freeze completed living P,Q,diet,predation,accumulation,migration. Solve EE for SM; detritus accumulation absorbs routed inflow at fixed predation. No new consumption is assumed.",SM,0.04
13_2_Northern_Humboldt_Current_(1995-1998),routing_scenario,18,Small hake,catch,1.1659147664,1.119278175744,"Freeze completed living P,Q,diet,predation,accumulation,migration. Solve EE for SM; detritus accumulation absorbs routed inflow at fixed predation. No new consumption is assumed.",SM,0.04
13_2_Northern_Humboldt_Current_(1995-1998),routing_scenario,17,Other large pelagic fish,catch,0.3338190135,0.32046625296,"Freeze completed living P,Q,diet,predation,accumulation,migration. Solve EE for SM; detritus accumulation absorbs routed inflow at fixed predation. No new consumption is assumed.",SM,0.04
13_2_Northern_Humboldt_Current_(1995-1998),routing_scenario,16,Chub mackerel,catch,0.7426541746,0.712948007616,"Freeze completed living P,Q,diet,predation,accumulation,migration. Solve EE for SM; detritus accumulation absorbs routed inflow at fixed predation. No new consumption is assumed.",SM,0.04
13_2_Northern_Humboldt_Current_(1995-1998),routing_scenario,15,Horse mackerel,catch,1.7465229457,1.676662027872,"Freeze completed living P,Q,diet,predation,accumulation,migration. Solve EE for SM; detritus accumulation absorbs routed inflow at fixed predation. No new consumption is assumed.",SM,0.04
13_2_Northern_Humboldt_Current_(1995-1998),routing_scenario,14,Other small pelagic fish,catch,1.689793515,1.6222017744,"Freeze completed living P,Q,diet,predation,accumulation,migration. Solve EE for SM; detritus accumulation absorbs routed inflow at fixed predation. No new consumption is assumed.",SM,0.04
13_2_Northern_Humboldt_Current_(1995-1998),routing_scenario,13,Other cephalopods,catch,0.0354708445375,0.034052010756,"Freeze completed living P,Q,diet,predation,accumulation,migration. Solve EE for SM; detritus accumulation absorbs routed inflow at fixed predation. No new consumption is assumed.",SM,0.04
13_2_Northern_Humboldt_Current_(1995-1998),routing_scenario,12,Jumbo squid,catch,0.10546329965,0.101244767664,"Freeze completed living P,Q,diet,predation,accumulation,migration. Solve EE for SM; detritus accumulation absorbs routed inflow at fixed predation. No new consumption is assumed.",SM,0.04
13_2_Northern_Humboldt_Current_(1995-1998),routing_scenario,10,Anchovy,catch,23.1699877955,22.24318828368,"Freeze completed living P,Q,diet,predation,accumulation,migration. Solve EE for SM; detritus accumulation absorbs routed inflow at fixed predation. No new consumption is assumed.",SM,0.04
13_2_Northern_Humboldt_Current_(1995-1998),routing_scenario,9,Sardine,catch,5.82596898325,5.59293022392,"Freeze completed living P,Q,diet,predation,accumulation,migration. Solve EE for SM; detritus accumulation absorbs routed inflow at fixed predation. No new consumption is assumed.",SM,0.04
13_2_Northern_Humboldt_Current_(1995-1998),routing_scenario,39,Benthic detritus,growth,-4340.9949724808885,-4339.827240679357,"Freeze completed living P,Q,diet,predation,accumulation,migration. Solve EE for SM; detritus accumulation absorbs routed inflow at fixed predation. No new consumption is assumed.",SM,0.04
13_2_Northern_Humboldt_Current_(1995-1998),routing_scenario,38,Pelagic detritus,growth,5090.259743360343,5090.281893637579,"Freeze completed living P,Q,diet,predation,accumulation,migration. Solve EE for SM; detritus accumulation absorbs routed inflow at fixed predation. No new consumption is assumed.",SM,0.04
13_2_Northern_Humboldt_Current_(1995-1998),routing_scenario,36,Anchovy eggs,growth,12.539441007952618,12.771140885907613,"Freeze completed living P,Q,diet,predation,accumulation,migration. Solve EE for SM; detritus accumulation absorbs routed inflow at fixed predation. No new consumption is assumed.",SM,0.04
13_2_Northern_Humboldt_Current_(1995-1998),routing_scenario,30,Chondrichthyans,catch,0.01439636145,0.013820506992000001,"Freeze completed living P,Q,diet,predation,accumulation,migration. Solve EE for SM; detritus accumulation absorbs routed inflow at fixed predation. No new consumption is assumed.",SE,0.04
13_2_Northern_Humboldt_Current_(1995-1998),routing_scenario,29,Catfish,catch,0.33977100000000005,0.32618016000000005,"Freeze completed living P,Q,diet,predation,accumulation,migration. Solve EE for SM; detritus accumulation absorbs routed inflow at fixed predation. No new consumption is assumed.",SE,0.04
13_2_Northern_Humboldt_Current_(1995-1998),routing_scenario,27,Medium sciaenids,catch,0.06129891195000001,0.058846955472,"Freeze completed living P,Q,diet,predation,accumulation,migration. Solve EE for SM; detritus accumulation absorbs routed inflow at fixed predation. No new consumption is assumed.",SE,0.04
13_2_Northern_Humboldt_Current_(1995-1998),routing_scenario,26,Medium demersal fish,catch,0.1495674495,0.14358475152,"Freeze completed living P,Q,diet,predation,accumulation,migration. Solve EE for SM; detritus accumulation absorbs routed inflow at fixed predation. No new consumption is assumed.",SE,0.04
13_2_Northern_Humboldt_Current_(1995-1998),routing_scenario,23,Benthic elasmobranchs,catch,0.040511636700000006,0.038891171232000005,"Freeze completed living P,Q,diet,predation,accumulation,migration. Solve EE for SM; detritus accumulation absorbs routed inflow at fixed predation. No new consumption is assumed.",SE,0.04
13_2_Northern_Humboldt_Current_(1995-1998),routing_scenario,22,Small demersal fish,catch,0.019339230299999996,0.018565661087999997,"Freeze completed living P,Q,diet,predation,accumulation,migration. Solve EE for SM; detritus accumulation absorbs routed inflow at fixed predation. No new consumption is assumed.",SE,0.04
13_2_Northern_Humboldt_Current_(1995-1998),routing_scenario,21,Flatfish,catch,0.004058227155,0.0038958980688,"Freeze completed living P,Q,diet,predation,accumulation,migration. Solve EE for SM; detritus accumulation absorbs routed inflow at fixed predation. No new consumption is assumed.",SE,0.04
13_2_Northern_Humboldt_Current_(1995-1998),routing_scenario,20,Large hake,catch,0.04633476287999999,0.04448137236479999,"Freeze completed living P,Q,diet,predation,accumulation,migration. Solve EE for SM; detritus accumulation absorbs routed inflow at fixed predation. No new consumption is assumed.",SE,0.04
13_2_Northern_Humboldt_Current_(1995-1998),routing_scenario,19,Medium hake,catch,0.048676,0.04672895999999999,"Freeze completed living P,Q,diet,predation,accumulation,migration. Solve EE for SM; detritus accumulation absorbs routed inflow at fixed predation. No new consumption is assumed.",SE,0.04
13_2_Northern_Humboldt_Current_(1995-1998),routing_scenario,18,Small hake,catch,1.1659147664,1.119278175744,"Freeze completed living P,Q,diet,predation,accumulation,migration. Solve EE for SM; detritus accumulation absorbs routed inflow at fixed predation. No new consumption is assumed.",SE,0.04
13_2_Northern_Humboldt_Current_(1995-1998),routing_scenario,17,Other large pelagic fish,catch,0.3338190135,0.32046625296,"Freeze completed living P,Q,diet,predation,accumulation,migration. Solve EE for SM; detritus accumulation absorbs routed inflow at fixed predation. No new consumption is assumed.",SE,0.04
13_2_Northern_Humboldt_Current_(1995-1998),routing_scenario,16,Chub mackerel,catch,0.7426541746,0.712948007616,"Freeze completed living P,Q,diet,predation,accumulation,migration. Solve EE for SM; detritus accumulation absorbs routed inflow at fixed predation. No new consumption is assumed.",SE,0.04
13_2_Northern_Humboldt_Current_(1995-1998),routing_scenario,15,Horse mackerel,catch,1.7465229457,1.676662027872,"Freeze completed living P,Q,diet,predation,accumulation,migration. Solve EE for SM; detritus accumulation absorbs routed inflow at fixed predation. No new consumption is assumed.",SE,0.04
13_2_Northern_Humboldt_Current_(1995-1998),routing_scenario,14,Other small pelagic fish,catch,1.689793515,1.6222017744,"Freeze completed living P,Q,diet,predation,accumulation,migration. Solve EE for SM; detritus accumulation absorbs routed inflow at fixed predation. No new consumption is assumed.",SE,0.04
13_2_Northern_Humboldt_Current_(1995-1998),routing_scenario,13,Other cephalopods,catch,0.0354708445375,0.034052010756,"Freeze completed living P,Q,diet,predation,accumulation,migration. Solve EE for SM; detritus accumulation absorbs routed inflow at fixed predation. No new consumption is assumed.",SE,0.04
13_2_Northern_Humboldt_Current_(1995-1998),routing_scenario,12,Jumbo squid,catch,0.10546329965,0.101244767664,"Freeze completed living P,Q,diet,predation,accumulation,migration. Solve EE for SM; detritus accumulation absorbs routed inflow at fixed predation. No new consumption is assumed.",SE,0.04
13_2_Northern_Humboldt_Current_(1995-1998),routing_scenario,10,Anchovy,catch,23.1699877955,22.24318828368,"Freeze completed living P,Q,diet,predation,accumulation,migration. Solve EE for SM; detritus accumulation absorbs routed inflow at fixed predation. No new consumption is assumed.",SE,0.04
13_2_Northern_Humboldt_Current_(1995-1998),routing_scenario,9,Sardine,catch,5.82596898325,5.59293022392,"Freeze completed living P,Q,diet,predation,accumulation,migration. Solve EE for SM; detritus accumulation absorbs routed inflow at fixed predation. No new consumption is assumed.",SE,0.04
13_2_Northern_Humboldt_Current_(1995-1998),routing_scenario,30,Chondrichthyans,external_loss,0.0,0.000575854458,"Freeze completed living P,Q,diet,predation,accumulation,migration. Solve EE for SM; detritus accumulation absorbs routed inflow at fixed predation. No new consumption is assumed.",SE,0.04
13_2_Northern_Humboldt_Current_(1995-1998),routing_scenario,29,Catfish,external_loss,0.0,0.013590840000000002,"Freeze completed living P,Q,diet,predation,accumulation,migration. Solve EE for SM; detritus accumulation absorbs routed inflow at fixed predation. No new consumption is assumed.",SE,0.04
13_2_Northern_Humboldt_Current_(1995-1998),routing_scenario,27,Medium sciaenids,external_loss,0.0,0.002451956478,"Freeze completed living P,Q,diet,predation,accumulation,migration. Solve EE for SM; detritus accumulation absorbs routed inflow at fixed predation. No new consumption is assumed.",SE,0.04
13_2_Northern_Humboldt_Current_(1995-1998),routing_scenario,26,Medium demersal fish,external_loss,0.0,0.00598269798,"Freeze completed living P,Q,diet,predation,accumulation,migration. Solve EE for SM; detritus accumulation absorbs routed inflow at fixed predation. No new consumption is assumed.",SE,0.04
13_2_Northern_Humboldt_Current_(1995-1998),routing_scenario,23,Benthic elasmobranchs,external_loss,0.0,0.0016204654680000003,"Freeze completed living P,Q,diet,predation,accumulation,migration. Solve EE for SM; detritus accumulation absorbs routed inflow at fixed predation. No new consumption is assumed.",SE,0.04
13_2_Northern_Humboldt_Current_(1995-1998),routing_scenario,22,Small demersal fish,external_loss,0.0,0.0007735692119999999,"Freeze completed living P,Q,diet,predation,accumulation,migration. Solve EE for SM; detritus accumulation absorbs routed inflow at fixed predation. No new consumption is assumed.",SE,0.04
13_2_Northern_Humboldt_Current_(1995-1998),routing_scenario,21,Flatfish,external_loss,0.0,0.0001623290862,"Freeze completed living P,Q,diet,predation,accumulation,migration. Solve EE for SM; detritus accumulation absorbs routed inflow at fixed predation. No new consumption is assumed.",SE,0.04
13_2_Northern_Humboldt_Current_(1995-1998),routing_scenario,20,Large hake,external_loss,0.0,0.0018533905151999997,"Freeze completed living P,Q,diet,predation,accumulation,migration. Solve EE for SM; detritus accumulation absorbs routed inflow at fixed predation. No new consumption is assumed.",SE,0.04
13_2_Northern_Humboldt_Current_(1995-1998),routing_scenario,19,Medium hake,external_loss,0.0,0.00194704,"Freeze completed living P,Q,diet,predation,accumulation,migration. Solve EE for SM; detritus accumulation absorbs routed inflow at fixed predation. No new consumption is assumed.",SE,0.04
13_2_Northern_Humboldt_Current_(1995-1998),routing_scenario,18,Small hake,external_loss,0.0,0.046636590656,"Freeze completed living P,Q,diet,predation,accumulation,migration. Solve EE for SM; detritus accumulation absorbs routed inflow at fixed predation. No new consumption is assumed.",SE,0.04
13_2_Northern_Humboldt_Current_(1995-1998),routing_scenario,17,Other large pelagic fish,external_loss,0.0,0.01335276054,"Freeze completed living P,Q,diet,predation,accumulation,migration. Solve EE for SM; detritus accumulation absorbs routed inflow at fixed predation. No new consumption is assumed.",SE,0.04
13_2_Northern_Humboldt_Current_(1995-1998),routing_scenario,16,Chub mackerel,external_loss,0.0,0.029706166984000002,"Freeze completed living P,Q,diet,predation,accumulation,migration. Solve EE for SM; detritus accumulation absorbs routed inflow at fixed predation. No new consumption is assumed.",SE,0.04
13_2_Northern_Humboldt_Current_(1995-1998),routing_scenario,15,Horse mackerel,external_loss,0.0,0.069860917828,"Freeze completed living P,Q,diet,predation,accumulation,migration. Solve EE for SM; detritus accumulation absorbs routed inflow at fixed predation. No new consumption is assumed.",SE,0.04
13_2_Northern_Humboldt_Current_(1995-1998),routing_scenario,14,Other small pelagic fish,external_loss,0.0,0.0675917406,"Freeze completed living P,Q,diet,predation,accumulation,migration. Solve EE for SM; detritus accumulation absorbs routed inflow at fixed predation. No new consumption is assumed.",SE,0.04
13_2_Northern_Humboldt_Current_(1995-1998),routing_scenario,13,Other cephalopods,external_loss,0.0,0.0014188337815,"Freeze completed living P,Q,diet,predation,accumulation,migration. Solve EE for SM; detritus accumulation absorbs routed inflow at fixed predation. No new consumption is assumed.",SE,0.04
13_2_Northern_Humboldt_Current_(1995-1998),routing_scenario,12,Jumbo squid,external_loss,0.0,0.004218531986,"Freeze completed living P,Q,diet,predation,accumulation,migration. Solve EE for SM; detritus accumulation absorbs routed inflow at fixed predation. No new consumption is assumed.",SE,0.04
13_2_Northern_Humboldt_Current_(1995-1998),routing_scenario,10,Anchovy,external_loss,0.0,0.92679951182,"Freeze completed living P,Q,diet,predation,accumulation,migration. Solve EE for SM; detritus accumulation absorbs routed inflow at fixed predation. No new consumption is assumed.",SE,0.04
13_2_Northern_Humboldt_Current_(1995-1998),routing_scenario,9,Sardine,external_loss,0.0,0.23303875933,"Freeze completed living P,Q,diet,predation,accumulation,migration. Solve EE for SM; detritus accumulation absorbs routed inflow at fixed predation. No new consumption is assumed.",SE,0.04
13_2_Northern_Humboldt_Current_(1995-1998),routing_scenario,39,Benthic detritus,p,1751.6112896867576,1752.8907134478081,"Freeze completed living P,Q,diet,predation,accumulation,migration. Solve EE for SM; detritus accumulation absorbs routed inflow at fixed predation. No new consumption is assumed.",SR,0.04
13_2_Northern_Humboldt_Current_(1995-1998),routing_scenario,38,Pelagic detritus,p,5090.259743360343,5090.401901556015,"Freeze completed living P,Q,diet,predation,accumulation,migration. Solve EE for SM; detritus accumulation absorbs routed inflow at fixed predation. No new consumption is assumed.",SR,0.04
13_2_Northern_Humboldt_Current_(1995-1998),routing_scenario,39,Benthic detritus,q,1751.6112896867576,1752.8907134478081,"Freeze completed living P,Q,diet,predation,accumulation,migration. Solve EE for SM; detritus accumulation absorbs routed inflow at fixed predation. No new consumption is assumed.",SR,0.04
13_2_Northern_Humboldt_Current_(1995-1998),routing_scenario,38,Pelagic detritus,q,5090.259743360343,5090.401901556015,"Freeze completed living P,Q,diet,predation,accumulation,migration. Solve EE for SM; detritus accumulation absorbs routed inflow at fixed predation. No new consumption is assumed.",SR,0.04
13_2_Northern_Humboldt_Current_(1995-1998),routing_scenario,39,Benthic detritus,growth,-4340.9949724808885,-4339.715548719838,"Freeze completed living P,Q,diet,predation,accumulation,migration. Solve EE for SM; detritus accumulation absorbs routed inflow at fixed predation. No new consumption is assumed.",SR,0.04
13_2_Northern_Humboldt_Current_(1995-1998),routing_scenario,38,Pelagic detritus,growth,5090.259743360343,5090.401901556015,"Freeze completed living P,Q,diet,predation,accumulation,migration. Solve EE for SM; detritus accumulation absorbs routed inflow at fixed predation. No new consumption is assumed.",SR,0.04
13_2_Northern_Humboldt_Current_(1995-1998),routing_scenario,39,Benthic detritus,p,1751.6112896867576,1753.0709544386732,"Freeze completed living P,Q,diet,predation,accumulation,migration. Solve EE for SM; detritus accumulation absorbs routed inflow at fixed predation. No new consumption is assumed.",SM,0.05
13_2_Northern_Humboldt_Current_(1995-1998),routing_scenario,38,Pelagic detritus,p,5090.259743360343,5090.287431206888,"Freeze completed living P,Q,diet,predation,accumulation,migration. Solve EE for SM; detritus accumulation absorbs routed inflow at fixed predation. No new consumption is assumed.",SM,0.05
13_2_Northern_Humboldt_Current_(1995-1998),routing_scenario,36,Anchovy eggs,p,81.93913403799536,82.2287588854391,"Freeze completed living P,Q,diet,predation,accumulation,migration. Solve EE for SM; detritus accumulation absorbs routed inflow at fixed predation. No new consumption is assumed.",SM,0.05
13_2_Northern_Humboldt_Current_(1995-1998),routing_scenario,39,Benthic detritus,q,1751.6112896867576,1753.0709544386732,"Freeze completed living P,Q,diet,predation,accumulation,migration. Solve EE for SM; detritus accumulation absorbs routed inflow at fixed predation. No new consumption is assumed.",SM,0.05
13_2_Northern_Humboldt_Current_(1995-1998),routing_scenario,38,Pelagic detritus,q,5090.259743360343,5090.287431206888,"Freeze completed living P,Q,diet,predation,accumulation,migration. Solve EE for SM; detritus accumulation absorbs routed inflow at fixed predation. No new consumption is assumed.",SM,0.05
13_2_Northern_Humboldt_Current_(1995-1998),routing_scenario,36,Anchovy eggs,q,81.93913403799536,82.2287588854391,"Freeze completed living P,Q,diet,predation,accumulation,migration. Solve EE for SM; detritus accumulation absorbs routed inflow at fixed predation. No new consumption is assumed.",SM,0.05
13_2_Northern_Humboldt_Current_(1995-1998),routing_scenario,30,Chondrichthyans,M0,0.01111863866537926,0.01183845673787926,"Freeze completed living P,Q,diet,predation,accumulation,migration. Solve EE for SM; detritus accumulation absorbs routed inflow at fixed predation. No new consumption is assumed.",SM,0.05
13_2_Northern_Humboldt_Current_(1995-1998),routing_scenario,29,Catfish,M0,0.0986964358664111,0.1156849858664111,"Freeze completed living P,Q,diet,predation,accumulation,migration. Solve EE for SM; detritus accumulation absorbs routed inflow at fixed predation. No new consumption is assumed.",SM,0.05
13_2_Northern_Humboldt_Current_(1995-1998),routing_scenario,27,Medium sciaenids,M0,0.07797065965059131,0.08103560524809131,"Freeze completed living P,Q,diet,predation,accumulation,migration. Solve EE for SM; detritus accumulation absorbs routed inflow at fixed predation. No new consumption is assumed.",SM,0.05
13_2_Northern_Humboldt_Current_(1995-1998),routing_scenario,26,Medium demersal fish,M0,0.0702195877127324,0.0776979601877324,"Freeze completed living P,Q,diet,predation,accumulation,migration. Solve EE for SM; detritus accumulation absorbs routed inflow at fixed predation. No new consumption is assumed.",SM,0.05
13_2_Northern_Humboldt_Current_(1995-1998),routing_scenario,23,Benthic elasmobranchs,M0,0.02098836399473636,0.02301394582973636,"Freeze completed living P,Q,diet,predation,accumulation,migration. Solve EE for SM; detritus accumulation absorbs routed inflow at fixed predation. No new consumption is assumed.",SM,0.05
13_2_Northern_Humboldt_Current_(1995-1998),routing_scenario,22,Small demersal fish,M0,3.2426595415784147,3.243626503093415,"Freeze completed living P,Q,diet,predation,accumulation,migration. Solve EE for SM; detritus accumulation absorbs routed inflow at fixed predation. No new consumption is assumed.",SM,0.05
13_2_Northern_Humboldt_Current_(1995-1998),routing_scenario,21,Flatfish,M0,3.451325833853003e-05,0.00023742461608853004,"Freeze completed living P,Q,diet,predation,accumulation,migration. Solve EE for SM; detritus accumulation absorbs routed inflow at fixed predation. No new consumption is assumed.",SM,0.05
13_2_Northern_Humboldt_Current_(1995-1998),routing_scenario,20,Large hake,M0,0.006700170035899526,0.009016908179899525,"Freeze completed living P,Q,diet,predation,accumulation,migration. Solve EE for SM; detritus accumulation absorbs routed inflow at fixed predation. No new consumption is assumed.",SM,0.05
13_2_Northern_Humboldt_Current_(1995-1998),routing_scenario,19,Medium hake,M0,0.44286476478316994,0.4452985647831699,"Freeze completed living P,Q,diet,predation,accumulation,migration. Solve EE for SM; detritus accumulation absorbs routed inflow at fixed predation. No new consumption is assumed.",SM,0.05
13_2_Northern_Humboldt_Current_(1995-1998),routing_scenario,18,Small hake,M0,0.628031663830784,0.686327402150784,"Freeze completed living P,Q,diet,predation,accumulation,migration. Solve EE for SM; detritus accumulation absorbs routed inflow at fixed predation. No new consumption is assumed.",SM,0.05
13_2_Northern_Humboldt_Current_(1995-1998),routing_scenario,17,Other large pelagic fish,M0,0.3416564469598926,0.3583473976348926,"Freeze completed living P,Q,diet,predation,accumulation,migration. Solve EE for SM; detritus accumulation absorbs routed inflow at fixed predation. No new consumption is assumed.",SM,0.05
13_2_Northern_Humboldt_Current_(1995-1998),routing_scenario,16,Chub mackerel,M0,5.522509613684951,5.559642322414951,"Freeze completed living P,Q,diet,predation,accumulation,migration. Solve EE for SM; detritus accumulation absorbs routed inflow at fixed predation. No new consumption is assumed.",SM,0.05
13_2_Northern_Humboldt_Current_(1995-1998),routing_scenario,15,Horse mackerel,M0,6.695953029518151,6.783279176803151,"Freeze completed living P,Q,diet,predation,accumulation,migration. Solve EE for SM; detritus accumulation absorbs routed inflow at fixed predation. No new consumption is assumed.",SM,0.05
13_2_Northern_Humboldt_Current_(1995-1998),routing_scenario,14,Other small pelagic fish,M0,1.0995008229018595,1.1839904986518595,"Freeze completed living P,Q,diet,predation,accumulation,migration. Solve EE for SM; detritus accumulation absorbs routed inflow at fixed predation. No new consumption is assumed.",SM,0.05
13_2_Northern_Humboldt_Current_(1995-1998),routing_scenario,13,Other cephalopods,M0,0.38835856631069415,0.39013210853756913,"Freeze completed living P,Q,diet,predation,accumulation,migration. Solve EE for SM; detritus accumulation absorbs routed inflow at fixed predation. No new consumption is assumed.",SM,0.05
13_2_Northern_Humboldt_Current_(1995-1998),routing_scenario,12,Jumbo squid,M0,0.6834706928629479,0.6887438578454479,"Freeze completed living P,Q,diet,predation,accumulation,migration. Solve EE for SM; detritus accumulation absorbs routed inflow at fixed predation. No new consumption is assumed.",SM,0.05
13_2_Northern_Humboldt_Current_(1995-1998),routing_scenario,10,Anchovy,M0,21.594902660465323,22.75340205024032,"Freeze completed living P,Q,diet,predation,accumulation,migration. Solve EE for SM; detritus accumulation absorbs routed inflow at fixed predation. No new consumption is assumed.",SM,0.05
13_2_Northern_Humboldt_Current_(1995-1998),routing_scenario,9,Sardine,M0,0.45094358787714506,0.7422420370396451,"Freeze completed living P,Q,diet,predation,accumulation,migration. Solve EE for SM; detritus accumulation absorbs routed inflow at fixed predation. No new consumption is assumed.",SM,0.05
13_2_Northern_Humboldt_Current_(1995-1998),routing_scenario,30,Chondrichthyans,EE,0.564231276512146,0.5360197110465358,"Freeze completed living P,Q,diet,predation,accumulation,migration. Solve EE for SM; detritus accumulation absorbs routed inflow at fixed predation. No new consumption is assumed.",SM,0.05
13_2_Northern_Humboldt_Current_(1995-1998),routing_scenario,29,Catfish,EE,0.8212506771087646,0.7904826784191852,"Freeze completed living P,Q,diet,predation,accumulation,migration. Solve EE for SM; detritus accumulation absorbs routed inflow at fixed predation. No new consumption is assumed.",SM,0.05
13_2_Northern_Humboldt_Current_(1995-1998),routing_scenario,27,Medium sciaenids,EE,0.7098218202590942,0.6984152175899234,"Freeze completed living P,Q,diet,predation,accumulation,migration. Solve EE for SM; detritus accumulation absorbs routed inflow at fixed predation. No new consumption is assumed.",SM,0.05
13_2_Northern_Humboldt_Current_(1995-1998),routing_scenario,26,Medium demersal fish,EE,0.8201572895050049,0.80100407571091,"Freeze completed living P,Q,diet,predation,accumulation,migration. Solve EE for SM; detritus accumulation absorbs routed inflow at fixed predation. No new consumption is assumed.",SM,0.05
13_2_Northern_Humboldt_Current_(1995-1998),routing_scenario,23,Benthic elasmobranchs,EE,0.6587257981300354,0.6257895090397905,"Freeze completed living P,Q,diet,predation,accumulation,migration. Solve EE for SM; detritus accumulation absorbs routed inflow at fixed predation. No new consumption is assumed.",SM,0.05
13_2_Northern_Humboldt_Current_(1995-1998),routing_scenario,22,Small demersal fish,EE,0.7304298281669617,0.7303494423051676,"Freeze completed living P,Q,diet,predation,accumulation,migration. Solve EE for SM; detritus accumulation absorbs routed inflow at fixed predation. No new consumption is assumed.",SM,0.05
13_2_Northern_Humboldt_Current_(1995-1998),routing_scenario,21,Flatfish,EE,0.9954587817192078,0.9687599183967041,"Freeze completed living P,Q,diet,predation,accumulation,migration. Solve EE for SM; detritus accumulation absorbs routed inflow at fixed predation. No new consumption is assumed.",SM,0.05
13_2_Northern_Humboldt_Current_(1995-1998),routing_scenario,20,Large hake,EE,0.8738672733306885,0.8302539773224046,"Freeze completed living P,Q,diet,predation,accumulation,migration. Solve EE for SM; detritus accumulation absorbs routed inflow at fixed predation. No new consumption is assumed.",SM,0.05
13_2_Northern_Humboldt_Current_(1995-1998),routing_scenario,19,Medium hake,EE,0.14074458181858063,0.13602247249070532,"Freeze completed living P,Q,diet,predation,accumulation,migration. Solve EE for SM; detritus accumulation absorbs routed inflow at fixed predation. No new consumption is assumed.",SM,0.05
13_2_Northern_Humboldt_Current_(1995-1998),routing_scenario,18,Small hake,EE,0.7213676571846008,0.6955041871086214,"Freeze completed living P,Q,diet,predation,accumulation,migration. Solve EE for SM; detritus accumulation absorbs routed inflow at fixed predation. No new consumption is assumed.",SM,0.05
13_2_Northern_Humboldt_Current_(1995-1998),routing_scenario,17,Other large pelagic fish,EE,0.533972442150116,0.5112055865837223,"Freeze completed living P,Q,diet,predation,accumulation,migration. Solve EE for SM; detritus accumulation absorbs routed inflow at fixed predation. No new consumption is assumed.",SM,0.05
13_2_Northern_Humboldt_Current_(1995-1998),routing_scenario,16,Chub mackerel,EE,0.15512745082378387,0.14944662661936947,"Freeze completed living P,Q,diet,predation,accumulation,migration. Solve EE for SM; detritus accumulation absorbs routed inflow at fixed predation. No new consumption is assumed.",SM,0.05
13_2_Northern_Humboldt_Current_(1995-1998),routing_scenario,15,Horse mackerel,EE,0.23551708459854126,0.22554698066069767,"Freeze completed living P,Q,diet,predation,accumulation,migration. Solve EE for SM; detritus accumulation absorbs routed inflow at fixed predation. No new consumption is assumed.",SM,0.05
13_2_Northern_Humboldt_Current_(1995-1998),routing_scenario,14,Other small pelagic fish,EE,0.8999999761581421,0.8923156075670464,"Freeze completed living P,Q,diet,predation,accumulation,migration. Solve EE for SM; detritus accumulation absorbs routed inflow at fixed predation. No new consumption is assumed.",SM,0.05
13_2_Northern_Humboldt_Current_(1995-1998),routing_scenario,13,Other cephalopods,EE,0.949999988079071,0.9497716497850855,"Freeze completed living P,Q,diet,predation,accumulation,migration. Solve EE for SM; detritus accumulation absorbs routed inflow at fixed predation. No new consumption is assumed.",SM,0.05
13_2_Northern_Humboldt_Current_(1995-1998),routing_scenario,12,Jumbo squid,EE,0.7999784350395203,0.7984352134747794,"Freeze completed living P,Q,diet,predation,accumulation,migration. Solve EE for SM; detritus accumulation absorbs routed inflow at fixed predation. No new consumption is assumed.",SM,0.05
13_2_Northern_Humboldt_Current_(1995-1998),routing_scenario,10,Anchovy,EE,0.8148474097251892,0.804914548891261,"Freeze completed living P,Q,diet,predation,accumulation,migration. Solve EE for SM; detritus accumulation absorbs routed inflow at fixed predation. No new consumption is assumed.",SM,0.05
13_2_Northern_Humboldt_Current_(1995-1998),routing_scenario,9,Sardine,EE,0.9700034856796265,0.9506264763669093,"Freeze completed living P,Q,diet,predation,accumulation,migration. Solve EE for SM; detritus accumulation absorbs routed inflow at fixed predation. No new consumption is assumed.",SM,0.05
13_2_Northern_Humboldt_Current_(1995-1998),routing_scenario,30,Chondrichthyans,catch,0.01439636145,0.0136765433775,"Freeze completed living P,Q,diet,predation,accumulation,migration. Solve EE for SM; detritus accumulation absorbs routed inflow at fixed predation. No new consumption is assumed.",SM,0.05
13_2_Northern_Humboldt_Current_(1995-1998),routing_scenario,29,Catfish,catch,0.33977100000000005,0.32278245000000005,"Freeze completed living P,Q,diet,predation,accumulation,migration. Solve EE for SM; detritus accumulation absorbs routed inflow at fixed predation. No new consumption is assumed.",SM,0.05
13_2_Northern_Humboldt_Current_(1995-1998),routing_scenario,27,Medium sciaenids,catch,0.06129891195000001,0.058233966352500006,"Freeze completed living P,Q,diet,predation,accumulation,migration. Solve EE for SM; detritus accumulation absorbs routed inflow at fixed predation. No new consumption is assumed.",SM,0.05
13_2_Northern_Humboldt_Current_(1995-1998),routing_scenario,26,Medium demersal fish,catch,0.1495674495,0.142089077025,"Freeze completed living P,Q,diet,predation,accumulation,migration. Solve EE for SM; detritus accumulation absorbs routed inflow at fixed predation. No new consumption is assumed.",SM,0.05
13_2_Northern_Humboldt_Current_(1995-1998),routing_scenario,23,Benthic elasmobranchs,catch,0.040511636700000006,0.038486054865,"Freeze completed living P,Q,diet,predation,accumulation,migration. Solve EE for SM; detritus accumulation absorbs routed inflow at fixed predation. No new consumption is assumed.",SM,0.05
13_2_Northern_Humboldt_Current_(1995-1998),routing_scenario,22,Small demersal fish,catch,0.019339230299999996,0.018372268784999996,"Freeze completed living P,Q,diet,predation,accumulation,migration. Solve EE for SM; detritus accumulation absorbs routed inflow at fixed predation. No new consumption is assumed.",SM,0.05
13_2_Northern_Humboldt_Current_(1995-1998),routing_scenario,21,Flatfish,catch,0.004058227155,0.0038553157972499997,"Freeze completed living P,Q,diet,predation,accumulation,migration. Solve EE for SM; detritus accumulation absorbs routed inflow at fixed predation. No new consumption is assumed.",SM,0.05
13_2_Northern_Humboldt_Current_(1995-1998),routing_scenario,20,Large hake,catch,0.04633476287999999,0.04401802473599999,"Freeze completed living P,Q,diet,predation,accumulation,migration. Solve EE for SM; detritus accumulation absorbs routed inflow at fixed predation. No new consumption is assumed.",SM,0.05
13_2_Northern_Humboldt_Current_(1995-1998),routing_scenario,19,Medium hake,catch,0.048676,0.0462422,"Freeze completed living P,Q,diet,predation,accumulation,migration. Solve EE for SM; detritus accumulation absorbs routed inflow at fixed predation. No new consumption is assumed.",SM,0.05
13_2_Northern_Humboldt_Current_(1995-1998),routing_scenario,18,Small hake,catch,1.1659147664,1.10761902808,"Freeze completed living P,Q,diet,predation,accumulation,migration. Solve EE for SM; detritus accumulation absorbs routed inflow at fixed predation. No new consumption is assumed.",SM,0.05
13_2_Northern_Humboldt_Current_(1995-1998),routing_scenario,17,Other large pelagic fish,catch,0.3338190135,0.31712806282499995,"Freeze completed living P,Q,diet,predation,accumulation,migration. Solve EE for SM; detritus accumulation absorbs routed inflow at fixed predation. No new consumption is assumed.",SM,0.05
13_2_Northern_Humboldt_Current_(1995-1998),routing_scenario,16,Chub mackerel,catch,0.7426541746,0.70552146587,"Freeze completed living P,Q,diet,predation,accumulation,migration. Solve EE for SM; detritus accumulation absorbs routed inflow at fixed predation. No new consumption is assumed.",SM,0.05
13_2_Northern_Humboldt_Current_(1995-1998),routing_scenario,15,Horse mackerel,catch,1.7465229457,1.659196798415,"Freeze completed living P,Q,diet,predation,accumulation,migration. Solve EE for SM; detritus accumulation absorbs routed inflow at fixed predation. No new consumption is assumed.",SM,0.05
13_2_Northern_Humboldt_Current_(1995-1998),routing_scenario,14,Other small pelagic fish,catch,1.689793515,1.60530383925,"Freeze completed living P,Q,diet,predation,accumulation,migration. Solve EE for SM; detritus accumulation absorbs routed inflow at fixed predation. No new consumption is assumed.",SM,0.05
13_2_Northern_Humboldt_Current_(1995-1998),routing_scenario,13,Other cephalopods,catch,0.0354708445375,0.033697302310624996,"Freeze completed living P,Q,diet,predation,accumulation,migration. Solve EE for SM; detritus accumulation absorbs routed inflow at fixed predation. No new consumption is assumed.",SM,0.05
13_2_Northern_Humboldt_Current_(1995-1998),routing_scenario,12,Jumbo squid,catch,0.10546329965,0.10019013466749999,"Freeze completed living P,Q,diet,predation,accumulation,migration. Solve EE for SM; detritus accumulation absorbs routed inflow at fixed predation. No new consumption is assumed.",SM,0.05
13_2_Northern_Humboldt_Current_(1995-1998),routing_scenario,10,Anchovy,catch,23.1699877955,22.011488405724997,"Freeze completed living P,Q,diet,predation,accumulation,migration. Solve EE for SM; detritus accumulation absorbs routed inflow at fixed predation. No new consumption is assumed.",SM,0.05
13_2_Northern_Humboldt_Current_(1995-1998),routing_scenario,9,Sardine,catch,5.82596898325,5.5346705340875,"Freeze completed living P,Q,diet,predation,accumulation,migration. Solve EE for SM; detritus accumulation absorbs routed inflow at fixed predation. No new consumption is assumed.",SM,0.05
13_2_Northern_Humboldt_Current_(1995-1998),routing_scenario,39,Benthic detritus,growth,-4340.9949724808885,-4339.535307728973,"Freeze completed living P,Q,diet,predation,accumulation,migration. Solve EE for SM; detritus accumulation absorbs routed inflow at fixed predation. No new consumption is assumed.",SM,0.05
13_2_Northern_Humboldt_Current_(1995-1998),routing_scenario,38,Pelagic detritus,growth,5090.259743360343,5090.287431206888,"Freeze completed living P,Q,diet,predation,accumulation,migration. Solve EE for SM; detritus accumulation absorbs routed inflow at fixed predation. No new consumption is assumed.",SM,0.05
13_2_Northern_Humboldt_Current_(1995-1998),routing_scenario,36,Anchovy eggs,growth,12.539441007952618,12.829065855396365,"Freeze completed living P,Q,diet,predation,accumulation,migration. Solve EE for SM; detritus accumulation absorbs routed inflow at fixed predation. No new consumption is assumed.",SM,0.05
13_2_Northern_Humboldt_Current_(1995-1998),routing_scenario,30,Chondrichthyans,catch,0.01439636145,0.0136765433775,"Freeze completed living P,Q,diet,predation,accumulation,migration. Solve EE for SM; detritus accumulation absorbs routed inflow at fixed predation. No new consumption is assumed.",SE,0.05
13_2_Northern_Humboldt_Current_(1995-1998),routing_scenario,29,Catfish,catch,0.33977100000000005,0.32278245000000005,"Freeze completed living P,Q,diet,predation,accumulation,migration. Solve EE for SM; detritus accumulation absorbs routed inflow at fixed predation. No new consumption is assumed.",SE,0.05
13_2_Northern_Humboldt_Current_(1995-1998),routing_scenario,27,Medium sciaenids,catch,0.06129891195000001,0.058233966352500006,"Freeze completed living P,Q,diet,predation,accumulation,migration. Solve EE for SM; detritus accumulation absorbs routed inflow at fixed predation. No new consumption is assumed.",SE,0.05
13_2_Northern_Humboldt_Current_(1995-1998),routing_scenario,26,Medium demersal fish,catch,0.1495674495,0.142089077025,"Freeze completed living P,Q,diet,predation,accumulation,migration. Solve EE for SM; detritus accumulation absorbs routed inflow at fixed predation. No new consumption is assumed.",SE,0.05
13_2_Northern_Humboldt_Current_(1995-1998),routing_scenario,23,Benthic elasmobranchs,catch,0.040511636700000006,0.038486054865,"Freeze completed living P,Q,diet,predation,accumulation,migration. Solve EE for SM; detritus accumulation absorbs routed inflow at fixed predation. No new consumption is assumed.",SE,0.05
13_2_Northern_Humboldt_Current_(1995-1998),routing_scenario,22,Small demersal fish,catch,0.019339230299999996,0.018372268784999996,"Freeze completed living P,Q,diet,predation,accumulation,migration. Solve EE for SM; detritus accumulation absorbs routed inflow at fixed predation. No new consumption is assumed.",SE,0.05
13_2_Northern_Humboldt_Current_(1995-1998),routing_scenario,21,Flatfish,catch,0.004058227155,0.0038553157972499997,"Freeze completed living P,Q,diet,predation,accumulation,migration. Solve EE for SM; detritus accumulation absorbs routed inflow at fixed predation. No new consumption is assumed.",SE,0.05
13_2_Northern_Humboldt_Current_(1995-1998),routing_scenario,20,Large hake,catch,0.04633476287999999,0.04401802473599999,"Freeze completed living P,Q,diet,predation,accumulation,migration. Solve EE for SM; detritus accumulation absorbs routed inflow at fixed predation. No new consumption is assumed.",SE,0.05
13_2_Northern_Humboldt_Current_(1995-1998),routing_scenario,19,Medium hake,catch,0.048676,0.0462422,"Freeze completed living P,Q,diet,predation,accumulation,migration. Solve EE for SM; detritus accumulation absorbs routed inflow at fixed predation. No new consumption is assumed.",SE,0.05
13_2_Northern_Humboldt_Current_(1995-1998),routing_scenario,18,Small hake,catch,1.1659147664,1.10761902808,"Freeze completed living P,Q,diet,predation,accumulation,migration. Solve EE for SM; detritus accumulation absorbs routed inflow at fixed predation. No new consumption is assumed.",SE,0.05
13_2_Northern_Humboldt_Current_(1995-1998),routing_scenario,17,Other large pelagic fish,catch,0.3338190135,0.31712806282499995,"Freeze completed living P,Q,diet,predation,accumulation,migration. Solve EE for SM; detritus accumulation absorbs routed inflow at fixed predation. No new consumption is assumed.",SE,0.05
13_2_Northern_Humboldt_Current_(1995-1998),routing_scenario,16,Chub mackerel,catch,0.7426541746,0.70552146587,"Freeze completed living P,Q,diet,predation,accumulation,migration. Solve EE for SM; detritus accumulation absorbs routed inflow at fixed predation. No new consumption is assumed.",SE,0.05
13_2_Northern_Humboldt_Current_(1995-1998),routing_scenario,15,Horse mackerel,catch,1.7465229457,1.659196798415,"Freeze completed living P,Q,diet,predation,accumulation,migration. Solve EE for SM; detritus accumulation absorbs routed inflow at fixed predation. No new consumption is assumed.",SE,0.05
13_2_Northern_Humboldt_Current_(1995-1998),routing_scenario,14,Other small pelagic fish,catch,1.689793515,1.60530383925,"Freeze completed living P,Q,diet,predation,accumulation,migration. Solve EE for SM; detritus accumulation absorbs routed inflow at fixed predation. No new consumption is assumed.",SE,0.05
13_2_Northern_Humboldt_Current_(1995-1998),routing_scenario,13,Other cephalopods,catch,0.0354708445375,0.033697302310624996,"Freeze completed living P,Q,diet,predation,accumulation,migration. Solve EE for SM; detritus accumulation absorbs routed inflow at fixed predation. No new consumption is assumed.",SE,0.05
13_2_Northern_Humboldt_Current_(1995-1998),routing_scenario,12,Jumbo squid,catch,0.10546329965,0.10019013466749999,"Freeze completed living P,Q,diet,predation,accumulation,migration. Solve EE for SM; detritus accumulation absorbs routed inflow at fixed predation. No new consumption is assumed.",SE,0.05
13_2_Northern_Humboldt_Current_(1995-1998),routing_scenario,10,Anchovy,catch,23.1699877955,22.011488405724997,"Freeze completed living P,Q,diet,predation,accumulation,migration. Solve EE for SM; detritus accumulation absorbs routed inflow at fixed predation. No new consumption is assumed.",SE,0.05
13_2_Northern_Humboldt_Current_(1995-1998),routing_scenario,9,Sardine,catch,5.82596898325,5.5346705340875,"Freeze completed living P,Q,diet,predation,accumulation,migration. Solve EE for SM; detritus accumulation absorbs routed inflow at fixed predation. No new consumption is assumed.",SE,0.05
13_2_Northern_Humboldt_Current_(1995-1998),routing_scenario,30,Chondrichthyans,external_loss,0.0,0.0007198180725,"Freeze completed living P,Q,diet,predation,accumulation,migration. Solve EE for SM; detritus accumulation absorbs routed inflow at fixed predation. No new consumption is assumed.",SE,0.05
13_2_Northern_Humboldt_Current_(1995-1998),routing_scenario,29,Catfish,external_loss,0.0,0.01698855,"Freeze completed living P,Q,diet,predation,accumulation,migration. Solve EE for SM; detritus accumulation absorbs routed inflow at fixed predation. No new consumption is assumed.",SE,0.05
13_2_Northern_Humboldt_Current_(1995-1998),routing_scenario,27,Medium sciaenids,external_loss,0.0,0.0030649455975000003,"Freeze completed living P,Q,diet,predation,accumulation,migration. Solve EE for SM; detritus accumulation absorbs routed inflow at fixed predation. No new consumption is assumed.",SE,0.05
13_2_Northern_Humboldt_Current_(1995-1998),routing_scenario,26,Medium demersal fish,external_loss,0.0,0.007478372475000001,"Freeze completed living P,Q,diet,predation,accumulation,migration. Solve EE for SM; detritus accumulation absorbs routed inflow at fixed predation. No new consumption is assumed.",SE,0.05
13_2_Northern_Humboldt_Current_(1995-1998),routing_scenario,23,Benthic elasmobranchs,external_loss,0.0,0.0020255818350000004,"Freeze completed living P,Q,diet,predation,accumulation,migration. Solve EE for SM; detritus accumulation absorbs routed inflow at fixed predation. No new consumption is assumed.",SE,0.05
13_2_Northern_Humboldt_Current_(1995-1998),routing_scenario,22,Small demersal fish,external_loss,0.0,0.0009669615149999998,"Freeze completed living P,Q,diet,predation,accumulation,migration. Solve EE for SM; detritus accumulation absorbs routed inflow at fixed predation. No new consumption is assumed.",SE,0.05
13_2_Northern_Humboldt_Current_(1995-1998),routing_scenario,21,Flatfish,external_loss,0.0,0.00020291135775000002,"Freeze completed living P,Q,diet,predation,accumulation,migration. Solve EE for SM; detritus accumulation absorbs routed inflow at fixed predation. No new consumption is assumed.",SE,0.05
13_2_Northern_Humboldt_Current_(1995-1998),routing_scenario,20,Large hake,external_loss,0.0,0.0023167381439999995,"Freeze completed living P,Q,diet,predation,accumulation,migration. Solve EE for SM; detritus accumulation absorbs routed inflow at fixed predation. No new consumption is assumed.",SE,0.05
13_2_Northern_Humboldt_Current_(1995-1998),routing_scenario,19,Medium hake,external_loss,0.0,0.0024338,"Freeze completed living P,Q,diet,predation,accumulation,migration. Solve EE for SM; detritus accumulation absorbs routed inflow at fixed predation. No new consumption is assumed.",SE,0.05
13_2_Northern_Humboldt_Current_(1995-1998),routing_scenario,18,Small hake,external_loss,0.0,0.058295738320000005,"Freeze completed living P,Q,diet,predation,accumulation,migration. Solve EE for SM; detritus accumulation absorbs routed inflow at fixed predation. No new consumption is assumed.",SE,0.05
13_2_Northern_Humboldt_Current_(1995-1998),routing_scenario,17,Other large pelagic fish,external_loss,0.0,0.016690950675,"Freeze completed living P,Q,diet,predation,accumulation,migration. Solve EE for SM; detritus accumulation absorbs routed inflow at fixed predation. No new consumption is assumed.",SE,0.05
13_2_Northern_Humboldt_Current_(1995-1998),routing_scenario,16,Chub mackerel,external_loss,0.0,0.037132708730000005,"Freeze completed living P,Q,diet,predation,accumulation,migration. Solve EE for SM; detritus accumulation absorbs routed inflow at fixed predation. No new consumption is assumed.",SE,0.05
13_2_Northern_Humboldt_Current_(1995-1998),routing_scenario,15,Horse mackerel,external_loss,0.0,0.087326147285,"Freeze completed living P,Q,diet,predation,accumulation,migration. Solve EE for SM; detritus accumulation absorbs routed inflow at fixed predation. No new consumption is assumed.",SE,0.05
13_2_Northern_Humboldt_Current_(1995-1998),routing_scenario,14,Other small pelagic fish,external_loss,0.0,0.08448967575,"Freeze completed living P,Q,diet,predation,accumulation,migration. Solve EE for SM; detritus accumulation absorbs routed inflow at fixed predation. No new consumption is assumed.",SE,0.05
13_2_Northern_Humboldt_Current_(1995-1998),routing_scenario,13,Other cephalopods,external_loss,0.0,0.001773542226875,"Freeze completed living P,Q,diet,predation,accumulation,migration. Solve EE for SM; detritus accumulation absorbs routed inflow at fixed predation. No new consumption is assumed.",SE,0.05
13_2_Northern_Humboldt_Current_(1995-1998),routing_scenario,12,Jumbo squid,external_loss,0.0,0.0052731649825,"Freeze completed living P,Q,diet,predation,accumulation,migration. Solve EE for SM; detritus accumulation absorbs routed inflow at fixed predation. No new consumption is assumed.",SE,0.05
13_2_Northern_Humboldt_Current_(1995-1998),routing_scenario,10,Anchovy,external_loss,0.0,1.158499389775,"Freeze completed living P,Q,diet,predation,accumulation,migration. Solve EE for SM; detritus accumulation absorbs routed inflow at fixed predation. No new consumption is assumed.",SE,0.05
13_2_Northern_Humboldt_Current_(1995-1998),routing_scenario,9,Sardine,external_loss,0.0,0.29129844916250003,"Freeze completed living P,Q,diet,predation,accumulation,migration. Solve EE for SM; detritus accumulation absorbs routed inflow at fixed predation. No new consumption is assumed.",SE,0.05
13_2_Northern_Humboldt_Current_(1995-1998),routing_scenario,39,Benthic detritus,p,1751.6112896867576,1753.2105693880708,"Freeze completed living P,Q,diet,predation,accumulation,migration. Solve EE for SM; detritus accumulation absorbs routed inflow at fixed predation. No new consumption is assumed.",SR,0.05
13_2_Northern_Humboldt_Current_(1995-1998),routing_scenario,38,Pelagic detritus,p,5090.259743360343,5090.437441104934,"Freeze completed living P,Q,diet,predation,accumulation,migration. Solve EE for SM; detritus accumulation absorbs routed inflow at fixed predation. No new consumption is assumed.",SR,0.05
13_2_Northern_Humboldt_Current_(1995-1998),routing_scenario,39,Benthic detritus,q,1751.6112896867576,1753.2105693880708,"Freeze completed living P,Q,diet,predation,accumulation,migration. Solve EE for SM; detritus accumulation absorbs routed inflow at fixed predation. No new consumption is assumed.",SR,0.05
13_2_Northern_Humboldt_Current_(1995-1998),routing_scenario,38,Pelagic detritus,q,5090.259743360343,5090.437441104934,"Freeze completed living P,Q,diet,predation,accumulation,migration. Solve EE for SM; detritus accumulation absorbs routed inflow at fixed predation. No new consumption is assumed.",SR,0.05
13_2_Northern_Humboldt_Current_(1995-1998),routing_scenario,39,Benthic detritus,growth,-4340.9949724808885,-4339.395692779575,"Freeze completed living P,Q,diet,predation,accumulation,migration. Solve EE for SM; detritus accumulation absorbs routed inflow at fixed predation. No new consumption is assumed.",SR,0.05
13_2_Northern_Humboldt_Current_(1995-1998),routing_scenario,38,Pelagic detritus,growth,5090.259743360343,5090.437441104934,"Freeze completed living P,Q,diet,predation,accumulation,migration. Solve EE for SM; detritus accumulation absorbs routed inflow at fixed predation. No new consumption is assumed.",SR,0.05
13_2_Northern_Humboldt_Current_(1995-1998),routing_scenario,39,Benthic detritus,p,1751.6112896867576,1753.3628873890561,"Freeze completed living P,Q,diet,predation,accumulation,migration. Solve EE for SM; detritus accumulation absorbs routed inflow at fixed predation. No new consumption is assumed.",SM,0.06
13_2_Northern_Humboldt_Current_(1995-1998),routing_scenario,38,Pelagic detritus,p,5090.259743360343,5090.292968776196,"Freeze completed living P,Q,diet,predation,accumulation,migration. Solve EE for SM; detritus accumulation absorbs routed inflow at fixed predation. No new consumption is assumed.",SM,0.06
13_2_Northern_Humboldt_Current_(1995-1998),routing_scenario,36,Anchovy eggs,p,81.93913403799536,82.28668385492786,"Freeze completed living P,Q,diet,predation,accumulation,migration. Solve EE for SM; detritus accumulation absorbs routed inflow at fixed predation. No new consumption is assumed.",SM,0.06
13_2_Northern_Humboldt_Current_(1995-1998),routing_scenario,39,Benthic detritus,q,1751.6112896867576,1753.3628873890561,"Freeze completed living P,Q,diet,predation,accumulation,migration. Solve EE for SM; detritus accumulation absorbs routed inflow at fixed predation. No new consumption is assumed.",SM,0.06
13_2_Northern_Humboldt_Current_(1995-1998),routing_scenario,38,Pelagic detritus,q,5090.259743360343,5090.292968776196,"Freeze completed living P,Q,diet,predation,accumulation,migration. Solve EE for SM; detritus accumulation absorbs routed inflow at fixed predation. No new consumption is assumed.",SM,0.06
13_2_Northern_Humboldt_Current_(1995-1998),routing_scenario,36,Anchovy eggs,q,81.93913403799536,82.28668385492786,"Freeze completed living P,Q,diet,predation,accumulation,migration. Solve EE for SM; detritus accumulation absorbs routed inflow at fixed predation. No new consumption is assumed.",SM,0.06
13_2_Northern_Humboldt_Current_(1995-1998),routing_scenario,30,Chondrichthyans,M0,0.01111863866537926,0.01198242035237926,"Freeze completed living P,Q,diet,predation,accumulation,migration. Solve EE for SM; detritus accumulation absorbs routed inflow at fixed predation. No new consumption is assumed.",SM,0.06
13_2_Northern_Humboldt_Current_(1995-1998),routing_scenario,29,Catfish,M0,0.0986964358664111,0.1190826958664111,"Freeze completed living P,Q,diet,predation,accumulation,migration. Solve EE for SM; detritus accumulation absorbs routed inflow at fixed predation. No new consumption is assumed.",SM,0.06
13_2_Northern_Humboldt_Current_(1995-1998),routing_scenario,27,Medium sciaenids,M0,0.07797065965059131,0.08164859436759131,"Freeze completed living P,Q,diet,predation,accumulation,migration. Solve EE for SM; detritus accumulation absorbs routed inflow at fixed predation. No new consumption is assumed.",SM,0.06
13_2_Northern_Humboldt_Current_(1995-1998),routing_scenario,26,Medium demersal fish,M0,0.0702195877127324,0.0791936346827324,"Freeze completed living P,Q,diet,predation,accumulation,migration. Solve EE for SM; detritus accumulation absorbs routed inflow at fixed predation. No new consumption is assumed.",SM,0.06
13_2_Northern_Humboldt_Current_(1995-1998),routing_scenario,23,Benthic elasmobranchs,M0,0.02098836399473636,0.02341906219673636,"Freeze completed living P,Q,diet,predation,accumulation,migration. Solve EE for SM; detritus accumulation absorbs routed inflow at fixed predation. No new consumption is assumed.",SM,0.06
13_2_Northern_Humboldt_Current_(1995-1998),routing_scenario,22,Small demersal fish,M0,3.2426595415784147,3.2438198953964146,"Freeze completed living P,Q,diet,predation,accumulation,migration. Solve EE for SM; detritus accumulation absorbs routed inflow at fixed predation. No new consumption is assumed.",SM,0.06
13_2_Northern_Humboldt_Current_(1995-1998),routing_scenario,21,Flatfish,M0,3.451325833853003e-05,0.00027800688763853003,"Freeze completed living P,Q,diet,predation,accumulation,migration. Solve EE for SM; detritus accumulation absorbs routed inflow at fixed predation. No new consumption is assumed.",SM,0.06
13_2_Northern_Humboldt_Current_(1995-1998),routing_scenario,20,Large hake,M0,0.006700170035899526,0.009480255808699524,"Freeze completed living P,Q,diet,predation,accumulation,migration. Solve EE for SM; detritus accumulation absorbs routed inflow at fixed predation. No new consumption is assumed.",SM,0.06
13_2_Northern_Humboldt_Current_(1995-1998),routing_scenario,19,Medium hake,M0,0.44286476478316994,0.44578532478316996,"Freeze completed living P,Q,diet,predation,accumulation,migration. Solve EE for SM; detritus accumulation absorbs routed inflow at fixed predation. No new consumption is assumed.",SM,0.06
13_2_Northern_Humboldt_Current_(1995-1998),routing_scenario,18,Small hake,M0,0.628031663830784,0.697986549814784,"Freeze completed living P,Q,diet,predation,accumulation,migration. Solve EE for SM; detritus accumulation absorbs routed inflow at fixed predation. No new consumption is assumed.",SM,0.06
13_2_Northern_Humboldt_Current_(1995-1998),routing_scenario,17,Other large pelagic fish,M0,0.3416564469598926,0.3616855877698926,"Freeze completed living P,Q,diet,predation,accumulation,migration. Solve EE for SM; detritus accumulation absorbs routed inflow at fixed predation. No new consumption is assumed.",SM,0.06
13_2_Northern_Humboldt_Current_(1995-1998),routing_scenario,16,Chub mackerel,M0,5.522509613684951,5.567068864160952,"Freeze completed living P,Q,diet,predation,accumulation,migration. Solve EE for SM; detritus accumulation absorbs routed inflow at fixed predation. No new consumption is assumed.",SM,0.06
13_2_Northern_Humboldt_Current_(1995-1998),routing_scenario,15,Horse mackerel,M0,6.695953029518151,6.800744406260151,"Freeze completed living P,Q,diet,predation,accumulation,migration. Solve EE for SM; detritus accumulation absorbs routed inflow at fixed predation. No new consumption is assumed.",SM,0.06
13_2_Northern_Humboldt_Current_(1995-1998),routing_scenario,14,Other small pelagic fish,M0,1.0995008229018595,1.2008884338018595,"Freeze completed living P,Q,diet,predation,accumulation,migration. Solve EE for SM; detritus accumulation absorbs routed inflow at fixed predation. No new consumption is assumed.",SM,0.06
13_2_Northern_Humboldt_Current_(1995-1998),routing_scenario,13,Other cephalopods,M0,0.38835856631069415,0.39048681698294413,"Freeze completed living P,Q,diet,predation,accumulation,migration. Solve EE for SM; detritus accumulation absorbs routed inflow at fixed predation. No new consumption is assumed.",SM,0.06
13_2_Northern_Humboldt_Current_(1995-1998),routing_scenario,12,Jumbo squid,M0,0.6834706928629479,0.6897984908419479,"Freeze completed living P,Q,diet,predation,accumulation,migration. Solve EE for SM; detritus accumulation absorbs routed inflow at fixed predation. No new consumption is assumed.",SM,0.06
13_2_Northern_Humboldt_Current_(1995-1998),routing_scenario,10,Anchovy,M0,21.594902660465323,22.985101928195323,"Freeze completed living P,Q,diet,predation,accumulation,migration. Solve EE for SM; detritus accumulation absorbs routed inflow at fixed predation. No new consumption is assumed.",SM,0.06
13_2_Northern_Humboldt_Current_(1995-1998),routing_scenario,9,Sardine,M0,0.45094358787714506,0.800501726872145,"Freeze completed living P,Q,diet,predation,accumulation,migration. Solve EE for SM; detritus accumulation absorbs routed inflow at fixed predation. No new consumption is assumed.",SM,0.06
13_2_Northern_Humboldt_Current_(1995-1998),routing_scenario,30,Chondrichthyans,EE,0.564231276512146,0.5303773979534137,"Freeze completed living P,Q,diet,predation,accumulation,migration. Solve EE for SM; detritus accumulation absorbs routed inflow at fixed predation. No new consumption is assumed.",SM,0.06
13_2_Northern_Humboldt_Current_(1995-1998),routing_scenario,29,Catfish,EE,0.8212506771087646,0.7843290786812693,"Freeze completed living P,Q,diet,predation,accumulation,migration. Solve EE for SM; detritus accumulation absorbs routed inflow at fixed predation. No new consumption is assumed.",SM,0.06
13_2_Northern_Humboldt_Current_(1995-1998),routing_scenario,27,Medium sciaenids,EE,0.7098218202590942,0.6961338970560891,"Freeze completed living P,Q,diet,predation,accumulation,migration. Solve EE for SM; detritus accumulation absorbs routed inflow at fixed predation. No new consumption is assumed.",SM,0.06
13_2_Northern_Humboldt_Current_(1995-1998),routing_scenario,26,Medium demersal fish,EE,0.8201572895050049,0.797173432952091,"Freeze completed living P,Q,diet,predation,accumulation,migration. Solve EE for SM; detritus accumulation absorbs routed inflow at fixed predation. No new consumption is assumed.",SM,0.06
13_2_Northern_Humboldt_Current_(1995-1998),routing_scenario,23,Benthic elasmobranchs,EE,0.6587257981300354,0.6192022512217416,"Freeze completed living P,Q,diet,predation,accumulation,migration. Solve EE for SM; detritus accumulation absorbs routed inflow at fixed predation. No new consumption is assumed.",SM,0.06
13_2_Northern_Humboldt_Current_(1995-1998),routing_scenario,22,Small demersal fish,EE,0.7304298281669617,0.7303333651328088,"Freeze completed living P,Q,diet,predation,accumulation,migration. Solve EE for SM; detritus accumulation absorbs routed inflow at fixed predation. No new consumption is assumed.",SM,0.06
13_2_Northern_Humboldt_Current_(1995-1998),routing_scenario,21,Flatfish,EE,0.9954587817192078,0.9634201457322034,"Freeze completed living P,Q,diet,predation,accumulation,migration. Solve EE for SM; detritus accumulation absorbs routed inflow at fixed predation. No new consumption is assumed.",SM,0.06
13_2_Northern_Humboldt_Current_(1995-1998),routing_scenario,20,Large hake,EE,0.8738672733306885,0.8215313181207479,"Freeze completed living P,Q,diet,predation,accumulation,migration. Solve EE for SM; detritus accumulation absorbs routed inflow at fixed predation. No new consumption is assumed.",SM,0.06
13_2_Northern_Humboldt_Current_(1995-1998),routing_scenario,19,Medium hake,EE,0.14074458181858063,0.13507805062513023,"Freeze completed living P,Q,diet,predation,accumulation,migration. Solve EE for SM; detritus accumulation absorbs routed inflow at fixed predation. No new consumption is assumed.",SM,0.06
13_2_Northern_Humboldt_Current_(1995-1998),routing_scenario,18,Small hake,EE,0.7213676571846008,0.6903314930934255,"Freeze completed living P,Q,diet,predation,accumulation,migration. Solve EE for SM; detritus accumulation absorbs routed inflow at fixed predation. No new consumption is assumed.",SM,0.06
13_2_Northern_Humboldt_Current_(1995-1998),routing_scenario,17,Other large pelagic fish,EE,0.533972442150116,0.5066522154704436,"Freeze completed living P,Q,diet,predation,accumulation,migration. Solve EE for SM; detritus accumulation absorbs routed inflow at fixed predation. No new consumption is assumed.",SM,0.06
13_2_Northern_Humboldt_Current_(1995-1998),routing_scenario,16,Chub mackerel,EE,0.15512745082378387,0.1483104617784864,"Freeze completed living P,Q,diet,predation,accumulation,migration. Solve EE for SM; detritus accumulation absorbs routed inflow at fixed predation. No new consumption is assumed.",SM,0.06
13_2_Northern_Humboldt_Current_(1995-1998),routing_scenario,15,Horse mackerel,EE,0.23551708459854126,0.22355295987312906,"Freeze completed living P,Q,diet,predation,accumulation,migration. Solve EE for SM; detritus accumulation absorbs routed inflow at fixed predation. No new consumption is assumed.",SM,0.06
13_2_Northern_Humboldt_Current_(1995-1998),routing_scenario,14,Other small pelagic fish,EE,0.8999999761581421,0.8907787338488273,"Freeze completed living P,Q,diet,predation,accumulation,migration. Solve EE for SM; detritus accumulation absorbs routed inflow at fixed predation. No new consumption is assumed.",SM,0.06
13_2_Northern_Humboldt_Current_(1995-1998),routing_scenario,13,Other cephalopods,EE,0.949999988079071,0.9497259821262884,"Freeze completed living P,Q,diet,predation,accumulation,migration. Solve EE for SM; detritus accumulation absorbs routed inflow at fixed predation. No new consumption is assumed.",SM,0.06
13_2_Northern_Humboldt_Current_(1995-1998),routing_scenario,12,Jumbo squid,EE,0.7999784350395203,0.7981265691618313,"Freeze completed living P,Q,diet,predation,accumulation,migration. Solve EE for SM; detritus accumulation absorbs routed inflow at fixed predation. No new consumption is assumed.",SM,0.06
13_2_Northern_Humboldt_Current_(1995-1998),routing_scenario,10,Anchovy,EE,0.8148474097251892,0.8029279767244752,"Freeze completed living P,Q,diet,predation,accumulation,migration. Solve EE for SM; detritus accumulation absorbs routed inflow at fixed predation. No new consumption is assumed.",SM,0.06
13_2_Northern_Humboldt_Current_(1995-1998),routing_scenario,9,Sardine,EE,0.9700034856796265,0.9467510745043659,"Freeze completed living P,Q,diet,predation,accumulation,migration. Solve EE for SM; detritus accumulation absorbs routed inflow at fixed predation. No new consumption is assumed.",SM,0.06
13_2_Northern_Humboldt_Current_(1995-1998),routing_scenario,30,Chondrichthyans,catch,0.01439636145,0.013532579763,"Freeze completed living P,Q,diet,predation,accumulation,migration. Solve EE for SM; detritus accumulation absorbs routed inflow at fixed predation. No new consumption is assumed.",SM,0.06
13_2_Northern_Humboldt_Current_(1995-1998),routing_scenario,29,Catfish,catch,0.33977100000000005,0.31938474,"Freeze completed living P,Q,diet,predation,accumulation,migration. Solve EE for SM; detritus accumulation absorbs routed inflow at fixed predation. No new consumption is assumed.",SM,0.06
13_2_Northern_Humboldt_Current_(1995-1998),routing_scenario,27,Medium sciaenids,catch,0.06129891195000001,0.057620977233000005,"Freeze completed living P,Q,diet,predation,accumulation,migration. Solve EE for SM; detritus accumulation absorbs routed inflow at fixed predation. No new consumption is assumed.",SM,0.06
13_2_Northern_Humboldt_Current_(1995-1998),routing_scenario,26,Medium demersal fish,catch,0.1495674495,0.14059340253,"Freeze completed living P,Q,diet,predation,accumulation,migration. Solve EE for SM; detritus accumulation absorbs routed inflow at fixed predation. No new consumption is assumed.",SM,0.06
13_2_Northern_Humboldt_Current_(1995-1998),routing_scenario,23,Benthic elasmobranchs,catch,0.040511636700000006,0.038080938498000004,"Freeze completed living P,Q,diet,predation,accumulation,migration. Solve EE for SM; detritus accumulation absorbs routed inflow at fixed predation. No new consumption is assumed.",SM,0.06
13_2_Northern_Humboldt_Current_(1995-1998),routing_scenario,22,Small demersal fish,catch,0.019339230299999996,0.018178876481999996,"Freeze completed living P,Q,diet,predation,accumulation,migration. Solve EE for SM; detritus accumulation absorbs routed inflow at fixed predation. No new consumption is assumed.",SM,0.06
13_2_Northern_Humboldt_Current_(1995-1998),routing_scenario,21,Flatfish,catch,0.004058227155,0.0038147335257,"Freeze completed living P,Q,diet,predation,accumulation,migration. Solve EE for SM; detritus accumulation absorbs routed inflow at fixed predation. No new consumption is assumed.",SM,0.06
13_2_Northern_Humboldt_Current_(1995-1998),routing_scenario,20,Large hake,catch,0.04633476287999999,0.04355467710719999,"Freeze completed living P,Q,diet,predation,accumulation,migration. Solve EE for SM; detritus accumulation absorbs routed inflow at fixed predation. No new consumption is assumed.",SM,0.06
13_2_Northern_Humboldt_Current_(1995-1998),routing_scenario,19,Medium hake,catch,0.048676,0.045755439999999994,"Freeze completed living P,Q,diet,predation,accumulation,migration. Solve EE for SM; detritus accumulation absorbs routed inflow at fixed predation. No new consumption is assumed.",SM,0.06
13_2_Northern_Humboldt_Current_(1995-1998),routing_scenario,18,Small hake,catch,1.1659147664,1.095959880416,"Freeze completed living P,Q,diet,predation,accumulation,migration. Solve EE for SM; detritus accumulation absorbs routed inflow at fixed predation. No new consumption is assumed.",SM,0.06
13_2_Northern_Humboldt_Current_(1995-1998),routing_scenario,17,Other large pelagic fish,catch,0.3338190135,0.31378987268999997,"Freeze completed living P,Q,diet,predation,accumulation,migration. Solve EE for SM; detritus accumulation absorbs routed inflow at fixed predation. No new consumption is assumed.",SM,0.06
13_2_Northern_Humboldt_Current_(1995-1998),routing_scenario,16,Chub mackerel,catch,0.7426541746,0.698094924124,"Freeze completed living P,Q,diet,predation,accumulation,migration. Solve EE for SM; detritus accumulation absorbs routed inflow at fixed predation. No new consumption is assumed.",SM,0.06
13_2_Northern_Humboldt_Current_(1995-1998),routing_scenario,15,Horse mackerel,catch,1.7465229457,1.6417315689579999,"Freeze completed living P,Q,diet,predation,accumulation,migration. Solve EE for SM; detritus accumulation absorbs routed inflow at fixed predation. No new consumption is assumed.",SM,0.06
13_2_Northern_Humboldt_Current_(1995-1998),routing_scenario,14,Other small pelagic fish,catch,1.689793515,1.5884059041,"Freeze completed living P,Q,diet,predation,accumulation,migration. Solve EE for SM; detritus accumulation absorbs routed inflow at fixed predation. No new consumption is assumed.",SM,0.06
13_2_Northern_Humboldt_Current_(1995-1998),routing_scenario,13,Other cephalopods,catch,0.0354708445375,0.03334259386524999,"Freeze completed living P,Q,diet,predation,accumulation,migration. Solve EE for SM; detritus accumulation absorbs routed inflow at fixed predation. No new consumption is assumed.",SM,0.06
13_2_Northern_Humboldt_Current_(1995-1998),routing_scenario,12,Jumbo squid,catch,0.10546329965,0.09913550167099999,"Freeze completed living P,Q,diet,predation,accumulation,migration. Solve EE for SM; detritus accumulation absorbs routed inflow at fixed predation. No new consumption is assumed.",SM,0.06
13_2_Northern_Humboldt_Current_(1995-1998),routing_scenario,10,Anchovy,catch,23.1699877955,21.77978852777,"Freeze completed living P,Q,diet,predation,accumulation,migration. Solve EE for SM; detritus accumulation absorbs routed inflow at fixed predation. No new consumption is assumed.",SM,0.06
13_2_Northern_Humboldt_Current_(1995-1998),routing_scenario,9,Sardine,catch,5.82596898325,5.476410844255,"Freeze completed living P,Q,diet,predation,accumulation,migration. Solve EE for SM; detritus accumulation absorbs routed inflow at fixed predation. No new consumption is assumed.",SM,0.06
13_2_Northern_Humboldt_Current_(1995-1998),routing_scenario,39,Benthic detritus,growth,-4340.9949724808885,-4339.243374778591,"Freeze completed living P,Q,diet,predation,accumulation,migration. Solve EE for SM; detritus accumulation absorbs routed inflow at fixed predation. No new consumption is assumed.",SM,0.06
13_2_Northern_Humboldt_Current_(1995-1998),routing_scenario,38,Pelagic detritus,growth,5090.259743360343,5090.292968776196,"Freeze completed living P,Q,diet,predation,accumulation,migration. Solve EE for SM; detritus accumulation absorbs routed inflow at fixed predation. No new consumption is assumed.",SM,0.06
13_2_Northern_Humboldt_Current_(1995-1998),routing_scenario,36,Anchovy eggs,growth,12.539441007952618,12.886990824885117,"Freeze completed living P,Q,diet,predation,accumulation,migration. Solve EE for SM; detritus accumulation absorbs routed inflow at fixed predation. No new consumption is assumed.",SM,0.06
13_2_Northern_Humboldt_Current_(1995-1998),routing_scenario,30,Chondrichthyans,catch,0.01439636145,0.013532579763,"Freeze completed living P,Q,diet,predation,accumulation,migration. Solve EE for SM; detritus accumulation absorbs routed inflow at fixed predation. No new consumption is assumed.",SE,0.06
13_2_Northern_Humboldt_Current_(1995-1998),routing_scenario,29,Catfish,catch,0.33977100000000005,0.31938474,"Freeze completed living P,Q,diet,predation,accumulation,migration. Solve EE for SM; detritus accumulation absorbs routed inflow at fixed predation. No new consumption is assumed.",SE,0.06
13_2_Northern_Humboldt_Current_(1995-1998),routing_scenario,27,Medium sciaenids,catch,0.06129891195000001,0.057620977233000005,"Freeze completed living P,Q,diet,predation,accumulation,migration. Solve EE for SM; detritus accumulation absorbs routed inflow at fixed predation. No new consumption is assumed.",SE,0.06
13_2_Northern_Humboldt_Current_(1995-1998),routing_scenario,26,Medium demersal fish,catch,0.1495674495,0.14059340253,"Freeze completed living P,Q,diet,predation,accumulation,migration. Solve EE for SM; detritus accumulation absorbs routed inflow at fixed predation. No new consumption is assumed.",SE,0.06
13_2_Northern_Humboldt_Current_(1995-1998),routing_scenario,23,Benthic elasmobranchs,catch,0.040511636700000006,0.038080938498000004,"Freeze completed living P,Q,diet,predation,accumulation,migration. Solve EE for SM; detritus accumulation absorbs routed inflow at fixed predation. No new consumption is assumed.",SE,0.06
13_2_Northern_Humboldt_Current_(1995-1998),routing_scenario,22,Small demersal fish,catch,0.019339230299999996,0.018178876481999996,"Freeze completed living P,Q,diet,predation,accumulation,migration. Solve EE for SM; detritus accumulation absorbs routed inflow at fixed predation. No new consumption is assumed.",SE,0.06
13_2_Northern_Humboldt_Current_(1995-1998),routing_scenario,21,Flatfish,catch,0.004058227155,0.0038147335257,"Freeze completed living P,Q,diet,predation,accumulation,migration. Solve EE for SM; detritus accumulation absorbs routed inflow at fixed predation. No new consumption is assumed.",SE,0.06
13_2_Northern_Humboldt_Current_(1995-1998),routing_scenario,20,Large hake,catch,0.04633476287999999,0.04355467710719999,"Freeze completed living P,Q,diet,predation,accumulation,migration. Solve EE for SM; detritus accumulation absorbs routed inflow at fixed predation. No new consumption is assumed.",SE,0.06
13_2_Northern_Humboldt_Current_(1995-1998),routing_scenario,19,Medium hake,catch,0.048676,0.045755439999999994,"Freeze completed living P,Q,diet,predation,accumulation,migration. Solve EE for SM; detritus accumulation absorbs routed inflow at fixed predation. No new consumption is assumed.",SE,0.06
13_2_Northern_Humboldt_Current_(1995-1998),routing_scenario,18,Small hake,catch,1.1659147664,1.095959880416,"Freeze completed living P,Q,diet,predation,accumulation,migration. Solve EE for SM; detritus accumulation absorbs routed inflow at fixed predation. No new consumption is assumed.",SE,0.06
13_2_Northern_Humboldt_Current_(1995-1998),routing_scenario,17,Other large pelagic fish,catch,0.3338190135,0.31378987268999997,"Freeze completed living P,Q,diet,predation,accumulation,migration. Solve EE for SM; detritus accumulation absorbs routed inflow at fixed predation. No new consumption is assumed.",SE,0.06
13_2_Northern_Humboldt_Current_(1995-1998),routing_scenario,16,Chub mackerel,catch,0.7426541746,0.698094924124,"Freeze completed living P,Q,diet,predation,accumulation,migration. Solve EE for SM; detritus accumulation absorbs routed inflow at fixed predation. No new consumption is assumed.",SE,0.06
13_2_Northern_Humboldt_Current_(1995-1998),routing_scenario,15,Horse mackerel,catch,1.7465229457,1.6417315689579999,"Freeze completed living P,Q,diet,predation,accumulation,migration. Solve EE for SM; detritus accumulation absorbs routed inflow at fixed predation. No new consumption is assumed.",SE,0.06
13_2_Northern_Humboldt_Current_(1995-1998),routing_scenario,14,Other small pelagic fish,catch,1.689793515,1.5884059041,"Freeze completed living P,Q,diet,predation,accumulation,migration. Solve EE for SM; detritus accumulation absorbs routed inflow at fixed predation. No new consumption is assumed.",SE,0.06
13_2_Northern_Humboldt_Current_(1995-1998),routing_scenario,13,Other cephalopods,catch,0.0354708445375,0.03334259386524999,"Freeze completed living P,Q,diet,predation,accumulation,migration. Solve EE for SM; detritus accumulation absorbs routed inflow at fixed predation. No new consumption is assumed.",SE,0.06
13_2_Northern_Humboldt_Current_(1995-1998),routing_scenario,12,Jumbo squid,catch,0.10546329965,0.09913550167099999,"Freeze completed living P,Q,diet,predation,accumulation,migration. Solve EE for SM; detritus accumulation absorbs routed inflow at fixed predation. No new consumption is assumed.",SE,0.06
13_2_Northern_Humboldt_Current_(1995-1998),routing_scenario,10,Anchovy,catch,23.1699877955,21.77978852777,"Freeze completed living P,Q,diet,predation,accumulation,migration. Solve EE for SM; detritus accumulation absorbs routed inflow at fixed predation. No new consumption is assumed.",SE,0.06
13_2_Northern_Humboldt_Current_(1995-1998),routing_scenario,9,Sardine,catch,5.82596898325,5.476410844255,"Freeze completed living P,Q,diet,predation,accumulation,migration. Solve EE for SM; detritus accumulation absorbs routed inflow at fixed predation. No new consumption is assumed.",SE,0.06
13_2_Northern_Humboldt_Current_(1995-1998),routing_scenario,30,Chondrichthyans,external_loss,0.0,0.0008637816870000001,"Freeze completed living P,Q,diet,predation,accumulation,migration. Solve EE for SM; detritus accumulation absorbs routed inflow at fixed predation. No new consumption is assumed.",SE,0.06
13_2_Northern_Humboldt_Current_(1995-1998),routing_scenario,29,Catfish,external_loss,0.0,0.020386260000000003,"Freeze completed living P,Q,diet,predation,accumulation,migration. Solve EE for SM; detritus accumulation absorbs routed inflow at fixed predation. No new consumption is assumed.",SE,0.06
13_2_Northern_Humboldt_Current_(1995-1998),routing_scenario,27,Medium sciaenids,external_loss,0.0,0.003677934717,"Freeze completed living P,Q,diet,predation,accumulation,migration. Solve EE for SM; detritus accumulation absorbs routed inflow at fixed predation. No new consumption is assumed.",SE,0.06
13_2_Northern_Humboldt_Current_(1995-1998),routing_scenario,26,Medium demersal fish,external_loss,0.0,0.00897404697,"Freeze completed living P,Q,diet,predation,accumulation,migration. Solve EE for SM; detritus accumulation absorbs routed inflow at fixed predation. No new consumption is assumed.",SE,0.06
13_2_Northern_Humboldt_Current_(1995-1998),routing_scenario,23,Benthic elasmobranchs,external_loss,0.0,0.0024306982020000003,"Freeze completed living P,Q,diet,predation,accumulation,migration. Solve EE for SM; detritus accumulation absorbs routed inflow at fixed predation. No new consumption is assumed.",SE,0.06
13_2_Northern_Humboldt_Current_(1995-1998),routing_scenario,22,Small demersal fish,external_loss,0.0,0.0011603538179999998,"Freeze completed living P,Q,diet,predation,accumulation,migration. Solve EE for SM; detritus accumulation absorbs routed inflow at fixed predation. No new consumption is assumed.",SE,0.06
13_2_Northern_Humboldt_Current_(1995-1998),routing_scenario,21,Flatfish,external_loss,0.0,0.0002434936293,"Freeze completed living P,Q,diet,predation,accumulation,migration. Solve EE for SM; detritus accumulation absorbs routed inflow at fixed predation. No new consumption is assumed.",SE,0.06
13_2_Northern_Humboldt_Current_(1995-1998),routing_scenario,20,Large hake,external_loss,0.0,0.002780085772799999,"Freeze completed living P,Q,diet,predation,accumulation,migration. Solve EE for SM; detritus accumulation absorbs routed inflow at fixed predation. No new consumption is assumed.",SE,0.06
13_2_Northern_Humboldt_Current_(1995-1998),routing_scenario,19,Medium hake,external_loss,0.0,0.0029205599999999996,"Freeze completed living P,Q,diet,predation,accumulation,migration. Solve EE for SM; detritus accumulation absorbs routed inflow at fixed predation. No new consumption is assumed.",SE,0.06
13_2_Northern_Humboldt_Current_(1995-1998),routing_scenario,18,Small hake,external_loss,0.0,0.069954885984,"Freeze completed living P,Q,diet,predation,accumulation,migration. Solve EE for SM; detritus accumulation absorbs routed inflow at fixed predation. No new consumption is assumed.",SE,0.06
13_2_Northern_Humboldt_Current_(1995-1998),routing_scenario,17,Other large pelagic fish,external_loss,0.0,0.02002914081,"Freeze completed living P,Q,diet,predation,accumulation,migration. Solve EE for SM; detritus accumulation absorbs routed inflow at fixed predation. No new consumption is assumed.",SE,0.06
13_2_Northern_Humboldt_Current_(1995-1998),routing_scenario,16,Chub mackerel,external_loss,0.0,0.044559250476,"Freeze completed living P,Q,diet,predation,accumulation,migration. Solve EE for SM; detritus accumulation absorbs routed inflow at fixed predation. No new consumption is assumed.",SE,0.06
13_2_Northern_Humboldt_Current_(1995-1998),routing_scenario,15,Horse mackerel,external_loss,0.0,0.104791376742,"Freeze completed living P,Q,diet,predation,accumulation,migration. Solve EE for SM; detritus accumulation absorbs routed inflow at fixed predation. No new consumption is assumed.",SE,0.06
13_2_Northern_Humboldt_Current_(1995-1998),routing_scenario,14,Other small pelagic fish,external_loss,0.0,0.1013876109,"Freeze completed living P,Q,diet,predation,accumulation,migration. Solve EE for SM; detritus accumulation absorbs routed inflow at fixed predation. No new consumption is assumed.",SE,0.06
13_2_Northern_Humboldt_Current_(1995-1998),routing_scenario,13,Other cephalopods,external_loss,0.0,0.00212825067225,"Freeze completed living P,Q,diet,predation,accumulation,migration. Solve EE for SM; detritus accumulation absorbs routed inflow at fixed predation. No new consumption is assumed.",SE,0.06
13_2_Northern_Humboldt_Current_(1995-1998),routing_scenario,12,Jumbo squid,external_loss,0.0,0.006327797979,"Freeze completed living P,Q,diet,predation,accumulation,migration. Solve EE for SM; detritus accumulation absorbs routed inflow at fixed predation. No new consumption is assumed.",SE,0.06
13_2_Northern_Humboldt_Current_(1995-1998),routing_scenario,10,Anchovy,external_loss,0.0,1.39019926773,"Freeze completed living P,Q,diet,predation,accumulation,migration. Solve EE for SM; detritus accumulation absorbs routed inflow at fixed predation. No new consumption is assumed.",SE,0.06
13_2_Northern_Humboldt_Current_(1995-1998),routing_scenario,9,Sardine,external_loss,0.0,0.349558138995,"Freeze completed living P,Q,diet,predation,accumulation,migration. Solve EE for SM; detritus accumulation absorbs routed inflow at fixed predation. No new consumption is assumed.",SE,0.06
13_2_Northern_Humboldt_Current_(1995-1998),routing_scenario,39,Benthic detritus,p,1751.6112896867576,1753.5304253283334,"Freeze completed living P,Q,diet,predation,accumulation,migration. Solve EE for SM; detritus accumulation absorbs routed inflow at fixed predation. No new consumption is assumed.",SR,0.06
13_2_Northern_Humboldt_Current_(1995-1998),routing_scenario,38,Pelagic detritus,p,5090.259743360343,5090.472980653852,"Freeze completed living P,Q,diet,predation,accumulation,migration. Solve EE for SM; detritus accumulation absorbs routed inflow at fixed predation. No new consumption is assumed.",SR,0.06
13_2_Northern_Humboldt_Current_(1995-1998),routing_scenario,39,Benthic detritus,q,1751.6112896867576,1753.5304253283334,"Freeze completed living P,Q,diet,predation,accumulation,migration. Solve EE for SM; detritus accumulation absorbs routed inflow at fixed predation. No new consumption is assumed.",SR,0.06
13_2_Northern_Humboldt_Current_(1995-1998),routing_scenario,38,Pelagic detritus,q,5090.259743360343,5090.472980653852,"Freeze completed living P,Q,diet,predation,accumulation,migration. Solve EE for SM; detritus accumulation absorbs routed inflow at fixed predation. No new consumption is assumed.",SR,0.06
13_2_Northern_Humboldt_Current_(1995-1998),routing_scenario,39,Benthic detritus,growth,-4340.9949724808885,-4339.075836839313,"Freeze completed living P,Q,diet,predation,accumulation,migration. Solve EE for SM; detritus accumulation absorbs routed inflow at fixed predation. No new consumption is assumed.",SR,0.06
13_2_Northern_Humboldt_Current_(1995-1998),routing_scenario,38,Pelagic detritus,growth,5090.259743360343,5090.472980653852,"Freeze completed living P,Q,diet,predation,accumulation,migration. Solve EE for SM; detritus accumulation absorbs routed inflow at fixed predation. No new consumption is assumed.",SR,0.06
13_2_Northern_Humboldt_Current_(1995-1998),routing_scenario,39,Benthic detritus,p,1751.6112896867576,1753.6548203394393,"Freeze completed living P,Q,diet,predation,accumulation,migration. Solve EE for SM; detritus accumulation absorbs routed inflow at fixed predation. No new consumption is assumed.",SM,0.07
13_2_Northern_Humboldt_Current_(1995-1998),routing_scenario,38,Pelagic detritus,p,5090.259743360343,5090.298506345505,"Freeze completed living P,Q,diet,predation,accumulation,migration. Solve EE for SM; detritus accumulation absorbs routed inflow at fixed predation. No new consumption is assumed.",SM,0.07
13_2_Northern_Humboldt_Current_(1995-1998),routing_scenario,36,Anchovy eggs,p,81.93913403799536,82.34460882441661,"Freeze completed living P,Q,diet,predation,accumulation,migration. Solve EE for SM; detritus accumulation absorbs routed inflow at fixed predation. No new consumption is assumed.",SM,0.07
13_2_Northern_Humboldt_Current_(1995-1998),routing_scenario,39,Benthic detritus,q,1751.6112896867576,1753.6548203394393,"Freeze completed living P,Q,diet,predation,accumulation,migration. Solve EE for SM; detritus accumulation absorbs routed inflow at fixed predation. No new consumption is assumed.",SM,0.07
13_2_Northern_Humboldt_Current_(1995-1998),routing_scenario,38,Pelagic detritus,q,5090.259743360343,5090.298506345505,"Freeze completed living P,Q,diet,predation,accumulation,migration. Solve EE for SM; detritus accumulation absorbs routed inflow at fixed predation. No new consumption is assumed.",SM,0.07
13_2_Northern_Humboldt_Current_(1995-1998),routing_scenario,36,Anchovy eggs,q,81.93913403799536,82.34460882441661,"Freeze completed living P,Q,diet,predation,accumulation,migration. Solve EE for SM; detritus accumulation absorbs routed inflow at fixed predation. No new consumption is assumed.",SM,0.07
13_2_Northern_Humboldt_Current_(1995-1998),routing_scenario,30,Chondrichthyans,M0,0.01111863866537926,0.01212638396687926,"Freeze completed living P,Q,diet,predation,accumulation,migration. Solve EE for SM; detritus accumulation absorbs routed inflow at fixed predation. No new consumption is assumed.",SM,0.07
13_2_Northern_Humboldt_Current_(1995-1998),routing_scenario,29,Catfish,M0,0.0986964358664111,0.1224804058664111,"Freeze completed living P,Q,diet,predation,accumulation,migration. Solve EE for SM; detritus accumulation absorbs routed inflow at fixed predation. No new consumption is assumed.",SM,0.07
13_2_Northern_Humboldt_Current_(1995-1998),routing_scenario,27,Medium sciaenids,M0,0.07797065965059131,0.08226158348709131,"Freeze completed living P,Q,diet,predation,accumulation,migration. Solve EE for SM; detritus accumulation absorbs routed inflow at fixed predation. No new consumption is assumed.",SM,0.07
13_2_Northern_Humboldt_Current_(1995-1998),routing_scenario,26,Medium demersal fish,M0,0.0702195877127324,0.0806893091777324,"Freeze completed living P,Q,diet,predation,accumulation,migration. Solve EE for SM; detritus accumulation absorbs routed inflow at fixed predation. No new consumption is assumed.",SM,0.07
13_2_Northern_Humboldt_Current_(1995-1998),routing_scenario,23,Benthic elasmobranchs,M0,0.02098836399473636,0.023824178563736358,"Freeze completed living P,Q,diet,predation,accumulation,migration. Solve EE for SM; detritus accumulation absorbs routed inflow at fixed predation. No new consumption is assumed.",SM,0.07
13_2_Northern_Humboldt_Current_(1995-1998),routing_scenario,22,Small demersal fish,M0,3.2426595415784147,3.2440132876994148,"Freeze completed living P,Q,diet,predation,accumulation,migration. Solve EE for SM; detritus accumulation absorbs routed inflow at fixed predation. No new consumption is assumed.",SM,0.07
13_2_Northern_Humboldt_Current_(1995-1998),routing_scenario,21,Flatfish,M0,3.451325833853003e-05,0.00031858915918853007,"Freeze completed living P,Q,diet,predation,accumulation,migration. Solve EE for SM; detritus accumulation absorbs routed inflow at fixed predation. No new consumption is assumed.",SM,0.07
13_2_Northern_Humboldt_Current_(1995-1998),routing_scenario,20,Large hake,M0,0.006700170035899526,0.009943603437499525,"Freeze completed living P,Q,diet,predation,accumulation,migration. Solve EE for SM; detritus accumulation absorbs routed inflow at fixed predation. No new consumption is assumed.",SM,0.07
13_2_Northern_Humboldt_Current_(1995-1998),routing_scenario,19,Medium hake,M0,0.44286476478316994,0.44627208478316993,"Freeze completed living P,Q,diet,predation,accumulation,migration. Solve EE for SM; detritus accumulation absorbs routed inflow at fixed predation. No new consumption is assumed.",SM,0.07
13_2_Northern_Humboldt_Current_(1995-1998),routing_scenario,18,Small hake,M0,0.628031663830784,0.709645697478784,"Freeze completed living P,Q,diet,predation,accumulation,migration. Solve EE for SM; detritus accumulation absorbs routed inflow at fixed predation. No new consumption is assumed.",SM,0.07
13_2_Northern_Humboldt_Current_(1995-1998),routing_scenario,17,Other large pelagic fish,M0,0.3416564469598926,0.3650237779048926,"Freeze completed living P,Q,diet,predation,accumulation,migration. Solve EE for SM; detritus accumulation absorbs routed inflow at fixed predation. No new consumption is assumed.",SM,0.07
13_2_Northern_Humboldt_Current_(1995-1998),routing_scenario,16,Chub mackerel,M0,5.522509613684951,5.574495405906951,"Freeze completed living P,Q,diet,predation,accumulation,migration. Solve EE for SM; detritus accumulation absorbs routed inflow at fixed predation. No new consumption is assumed.",SM,0.07
13_2_Northern_Humboldt_Current_(1995-1998),routing_scenario,15,Horse mackerel,M0,6.695953029518151,6.81820963571715,"Freeze completed living P,Q,diet,predation,accumulation,migration. Solve EE for SM; detritus accumulation absorbs routed inflow at fixed predation. No new consumption is assumed.",SM,0.07
13_2_Northern_Humboldt_Current_(1995-1998),routing_scenario,14,Other small pelagic fish,M0,1.0995008229018595,1.2177863689518595,"Freeze completed living P,Q,diet,predation,accumulation,migration. Solve EE for SM; detritus accumulation absorbs routed inflow at fixed predation. No new consumption is assumed.",SM,0.07
13_2_Northern_Humboldt_Current_(1995-1998),routing_scenario,13,Other cephalopods,M0,0.38835856631069415,0.3908415254283192,"Freeze completed living P,Q,diet,predation,accumulation,migration. Solve EE for SM; detritus accumulation absorbs routed inflow at fixed predation. No new consumption is assumed.",SM,0.07
13_2_Northern_Humboldt_Current_(1995-1998),routing_scenario,12,Jumbo squid,M0,0.6834706928629479,0.6908531238384479,"Freeze completed living P,Q,diet,predation,accumulation,migration. Solve EE for SM; detritus accumulation absorbs routed inflow at fixed predation. No new consumption is assumed.",SM,0.07
13_2_Northern_Humboldt_Current_(1995-1998),routing_scenario,10,Anchovy,M0,21.594902660465323,23.216801806150322,"Freeze completed living P,Q,diet,predation,accumulation,migration. Solve EE for SM; detritus accumulation absorbs routed inflow at fixed predation. No new consumption is assumed.",SM,0.07
13_2_Northern_Humboldt_Current_(1995-1998),routing_scenario,9,Sardine,M0,0.45094358787714506,0.8587614167046451,"Freeze completed living P,Q,diet,predation,accumulation,migration. Solve EE for SM; detritus accumulation absorbs routed inflow at fixed predation. No new consumption is assumed.",SM,0.07
13_2_Northern_Humboldt_Current_(1995-1998),routing_scenario,30,Chondrichthyans,EE,0.564231276512146,0.5247350848602916,"Freeze completed living P,Q,diet,predation,accumulation,migration. Solve EE for SM; detritus accumulation absorbs routed inflow at fixed predation. No new consumption is assumed.",SM,0.07
13_2_Northern_Humboldt_Current_(1995-1998),routing_scenario,29,Catfish,EE,0.8212506771087646,0.7781754789433535,"Freeze completed living P,Q,diet,predation,accumulation,migration. Solve EE for SM; detritus accumulation absorbs routed inflow at fixed predation. No new consumption is assumed.",SM,0.07
13_2_Northern_Humboldt_Current_(1995-1998),routing_scenario,27,Medium sciaenids,EE,0.7098218202590942,0.693852576522255,"Freeze completed living P,Q,diet,predation,accumulation,migration. Solve EE for SM; detritus accumulation absorbs routed inflow at fixed predation. No new consumption is assumed.",SM,0.07
13_2_Northern_Humboldt_Current_(1995-1998),routing_scenario,26,Medium demersal fish,EE,0.8201572895050049,0.793342790193272,"Freeze completed living P,Q,diet,predation,accumulation,migration. Solve EE for SM; detritus accumulation absorbs routed inflow at fixed predation. No new consumption is assumed.",SM,0.07
13_2_Northern_Humboldt_Current_(1995-1998),routing_scenario,23,Benthic elasmobranchs,EE,0.6587257981300354,0.6126149934036926,"Freeze completed living P,Q,diet,predation,accumulation,migration. Solve EE for SM; detritus accumulation absorbs routed inflow at fixed predation. No new consumption is assumed.",SM,0.07
13_2_Northern_Humboldt_Current_(1995-1998),routing_scenario,22,Small demersal fish,EE,0.7304298281669617,0.73031728796045,"Freeze completed living P,Q,diet,predation,accumulation,migration. Solve EE for SM; detritus accumulation absorbs routed inflow at fixed predation. No new consumption is assumed.",SM,0.07
13_2_Northern_Humboldt_Current_(1995-1998),routing_scenario,21,Flatfish,EE,0.9954587817192078,0.9580803730677027,"Freeze completed living P,Q,diet,predation,accumulation,migration. Solve EE for SM; detritus accumulation absorbs routed inflow at fixed predation. No new consumption is assumed.",SM,0.07
13_2_Northern_Humboldt_Current_(1995-1998),routing_scenario,20,Large hake,EE,0.8738672733306885,0.812808658919091,"Freeze completed living P,Q,diet,predation,accumulation,migration. Solve EE for SM; detritus accumulation absorbs routed inflow at fixed predation. No new consumption is assumed.",SM,0.07
13_2_Northern_Humboldt_Current_(1995-1998),routing_scenario,19,Medium hake,EE,0.14074458181858063,0.13413362875955515,"Freeze completed living P,Q,diet,predation,accumulation,migration. Solve EE for SM; detritus accumulation absorbs routed inflow at fixed predation. No new consumption is assumed.",SM,0.07
13_2_Northern_Humboldt_Current_(1995-1998),routing_scenario,18,Small hake,EE,0.7213676571846008,0.6851587990782296,"Freeze completed living P,Q,diet,predation,accumulation,migration. Solve EE for SM; detritus accumulation absorbs routed inflow at fixed predation. No new consumption is assumed.",SM,0.07
13_2_Northern_Humboldt_Current_(1995-1998),routing_scenario,17,Other large pelagic fish,EE,0.533972442150116,0.5020988443571648,"Freeze completed living P,Q,diet,predation,accumulation,migration. Solve EE for SM; detritus accumulation absorbs routed inflow at fixed predation. No new consumption is assumed.",SM,0.07
13_2_Northern_Humboldt_Current_(1995-1998),routing_scenario,16,Chub mackerel,EE,0.15512745082378387,0.14717429693760364,"Freeze completed living P,Q,diet,predation,accumulation,migration. Solve EE for SM; detritus accumulation absorbs routed inflow at fixed predation. No new consumption is assumed.",SM,0.07
13_2_Northern_Humboldt_Current_(1995-1998),routing_scenario,15,Horse mackerel,EE,0.23551708459854126,0.22155893908556035,"Freeze completed living P,Q,diet,predation,accumulation,migration. Solve EE for SM; detritus accumulation absorbs routed inflow at fixed predation. No new consumption is assumed.",SM,0.07
13_2_Northern_Humboldt_Current_(1995-1998),routing_scenario,14,Other small pelagic fish,EE,0.8999999761581421,0.8892418601306082,"Freeze completed living P,Q,diet,predation,accumulation,migration. Solve EE for SM; detritus accumulation absorbs routed inflow at fixed predation. No new consumption is assumed.",SM,0.07
13_2_Northern_Humboldt_Current_(1995-1998),routing_scenario,13,Other cephalopods,EE,0.949999988079071,0.9496803144674915,"Freeze completed living P,Q,diet,predation,accumulation,migration. Solve EE for SM; detritus accumulation absorbs routed inflow at fixed predation. No new consumption is assumed.",SM,0.07
13_2_Northern_Humboldt_Current_(1995-1998),routing_scenario,12,Jumbo squid,EE,0.7999784350395203,0.7978179248488831,"Freeze completed living P,Q,diet,predation,accumulation,migration. Solve EE for SM; detritus accumulation absorbs routed inflow at fixed predation. No new consumption is assumed.",SM,0.07
13_2_Northern_Humboldt_Current_(1995-1998),routing_scenario,10,Anchovy,EE,0.8148474097251892,0.8009414045576897,"Freeze completed living P,Q,diet,predation,accumulation,migration. Solve EE for SM; detritus accumulation absorbs routed inflow at fixed predation. No new consumption is assumed.",SM,0.07
13_2_Northern_Humboldt_Current_(1995-1998),routing_scenario,9,Sardine,EE,0.9700034856796265,0.9428756726418224,"Freeze completed living P,Q,diet,predation,accumulation,migration. Solve EE for SM; detritus accumulation absorbs routed inflow at fixed predation. No new consumption is assumed.",SM,0.07
13_2_Northern_Humboldt_Current_(1995-1998),routing_scenario,30,Chondrichthyans,catch,0.01439636145,0.0133886161485,"Freeze completed living P,Q,diet,predation,accumulation,migration. Solve EE for SM; detritus accumulation absorbs routed inflow at fixed predation. No new consumption is assumed.",SM,0.07
13_2_Northern_Humboldt_Current_(1995-1998),routing_scenario,29,Catfish,catch,0.33977100000000005,0.31598703,"Freeze completed living P,Q,diet,predation,accumulation,migration. Solve EE for SM; detritus accumulation absorbs routed inflow at fixed predation. No new consumption is assumed.",SM,0.07
13_2_Northern_Humboldt_Current_(1995-1998),routing_scenario,27,Medium sciaenids,catch,0.06129891195000001,0.057007988113500004,"Freeze completed living P,Q,diet,predation,accumulation,migration. Solve EE for SM; detritus accumulation absorbs routed inflow at fixed predation. No new consumption is assumed.",SM,0.07
13_2_Northern_Humboldt_Current_(1995-1998),routing_scenario,26,Medium demersal fish,catch,0.1495674495,0.139097728035,"Freeze completed living P,Q,diet,predation,accumulation,migration. Solve EE for SM; detritus accumulation absorbs routed inflow at fixed predation. No new consumption is assumed.",SM,0.07
13_2_Northern_Humboldt_Current_(1995-1998),routing_scenario,23,Benthic elasmobranchs,catch,0.040511636700000006,0.037675822131,"Freeze completed living P,Q,diet,predation,accumulation,migration. Solve EE for SM; detritus accumulation absorbs routed inflow at fixed predation. No new consumption is assumed.",SM,0.07
13_2_Northern_Humboldt_Current_(1995-1998),routing_scenario,22,Small demersal fish,catch,0.019339230299999996,0.017985484178999995,"Freeze completed living P,Q,diet,predation,accumulation,migration. Solve EE for SM; detritus accumulation absorbs routed inflow at fixed predation. No new consumption is assumed.",SM,0.07
13_2_Northern_Humboldt_Current_(1995-1998),routing_scenario,21,Flatfish,catch,0.004058227155,0.0037741512541499996,"Freeze completed living P,Q,diet,predation,accumulation,migration. Solve EE for SM; detritus accumulation absorbs routed inflow at fixed predation. No new consumption is assumed.",SM,0.07
13_2_Northern_Humboldt_Current_(1995-1998),routing_scenario,20,Large hake,catch,0.04633476287999999,0.04309132947839999,"Freeze completed living P,Q,diet,predation,accumulation,migration. Solve EE for SM; detritus accumulation absorbs routed inflow at fixed predation. No new consumption is assumed.",SM,0.07
13_2_Northern_Humboldt_Current_(1995-1998),routing_scenario,19,Medium hake,catch,0.048676,0.04526867999999999,"Freeze completed living P,Q,diet,predation,accumulation,migration. Solve EE for SM; detritus accumulation absorbs routed inflow at fixed predation. No new consumption is assumed.",SM,0.07
13_2_Northern_Humboldt_Current_(1995-1998),routing_scenario,18,Small hake,catch,1.1659147664,1.084300732752,"Freeze completed living P,Q,diet,predation,accumulation,migration. Solve EE for SM; detritus accumulation absorbs routed inflow at fixed predation. No new consumption is assumed.",SM,0.07
13_2_Northern_Humboldt_Current_(1995-1998),routing_scenario,17,Other large pelagic fish,catch,0.3338190135,0.31045168255499994,"Freeze completed living P,Q,diet,predation,accumulation,migration. Solve EE for SM; detritus accumulation absorbs routed inflow at fixed predation. No new consumption is assumed.",SM,0.07
13_2_Northern_Humboldt_Current_(1995-1998),routing_scenario,16,Chub mackerel,catch,0.7426541746,0.690668382378,"Freeze completed living P,Q,diet,predation,accumulation,migration. Solve EE for SM; detritus accumulation absorbs routed inflow at fixed predation. No new consumption is assumed.",SM,0.07
13_2_Northern_Humboldt_Current_(1995-1998),routing_scenario,15,Horse mackerel,catch,1.7465229457,1.624266339501,"Freeze completed living P,Q,diet,predation,accumulation,migration. Solve EE for SM; detritus accumulation absorbs routed inflow at fixed predation. No new consumption is assumed.",SM,0.07
13_2_Northern_Humboldt_Current_(1995-1998),routing_scenario,14,Other small pelagic fish,catch,1.689793515,1.57150796895,"Freeze completed living P,Q,diet,predation,accumulation,migration. Solve EE for SM; detritus accumulation absorbs routed inflow at fixed predation. No new consumption is assumed.",SM,0.07
13_2_Northern_Humboldt_Current_(1995-1998),routing_scenario,13,Other cephalopods,catch,0.0354708445375,0.032987885419875,"Freeze completed living P,Q,diet,predation,accumulation,migration. Solve EE for SM; detritus accumulation absorbs routed inflow at fixed predation. No new consumption is assumed.",SM,0.07
13_2_Northern_Humboldt_Current_(1995-1998),routing_scenario,12,Jumbo squid,catch,0.10546329965,0.09808086867449999,"Freeze completed living P,Q,diet,predation,accumulation,migration. Solve EE for SM; detritus accumulation absorbs routed inflow at fixed predation. No new consumption is assumed.",SM,0.07
13_2_Northern_Humboldt_Current_(1995-1998),routing_scenario,10,Anchovy,catch,23.1699877955,21.548088649814996,"Freeze completed living P,Q,diet,predation,accumulation,migration. Solve EE for SM; detritus accumulation absorbs routed inflow at fixed predation. No new consumption is assumed.",SM,0.07
13_2_Northern_Humboldt_Current_(1995-1998),routing_scenario,9,Sardine,catch,5.82596898325,5.4181511544225,"Freeze completed living P,Q,diet,predation,accumulation,migration. Solve EE for SM; detritus accumulation absorbs routed inflow at fixed predation. No new consumption is assumed.",SM,0.07
13_2_Northern_Humboldt_Current_(1995-1998),routing_scenario,39,Benthic detritus,growth,-4340.9949724808885,-4338.951441828207,"Freeze completed living P,Q,diet,predation,accumulation,migration. Solve EE for SM; detritus accumulation absorbs routed inflow at fixed predation. No new consumption is assumed.",SM,0.07
13_2_Northern_Humboldt_Current_(1995-1998),routing_scenario,38,Pelagic detritus,growth,5090.259743360343,5090.298506345505,"Freeze completed living P,Q,diet,predation,accumulation,migration. Solve EE for SM; detritus accumulation absorbs routed inflow at fixed predation. No new consumption is assumed.",SM,0.07
13_2_Northern_Humboldt_Current_(1995-1998),routing_scenario,36,Anchovy eggs,growth,12.539441007952618,12.94491579437387,"Freeze completed living P,Q,diet,predation,accumulation,migration. Solve EE for SM; detritus accumulation absorbs routed inflow at fixed predation. No new consumption is assumed.",SM,0.07
13_2_Northern_Humboldt_Current_(1995-1998),routing_scenario,30,Chondrichthyans,catch,0.01439636145,0.0133886161485,"Freeze completed living P,Q,diet,predation,accumulation,migration. Solve EE for SM; detritus accumulation absorbs routed inflow at fixed predation. No new consumption is assumed.",SE,0.07
13_2_Northern_Humboldt_Current_(1995-1998),routing_scenario,29,Catfish,catch,0.33977100000000005,0.31598703,"Freeze completed living P,Q,diet,predation,accumulation,migration. Solve EE for SM; detritus accumulation absorbs routed inflow at fixed predation. No new consumption is assumed.",SE,0.07
13_2_Northern_Humboldt_Current_(1995-1998),routing_scenario,27,Medium sciaenids,catch,0.06129891195000001,0.057007988113500004,"Freeze completed living P,Q,diet,predation,accumulation,migration. Solve EE for SM; detritus accumulation absorbs routed inflow at fixed predation. No new consumption is assumed.",SE,0.07
13_2_Northern_Humboldt_Current_(1995-1998),routing_scenario,26,Medium demersal fish,catch,0.1495674495,0.139097728035,"Freeze completed living P,Q,diet,predation,accumulation,migration. Solve EE for SM; detritus accumulation absorbs routed inflow at fixed predation. No new consumption is assumed.",SE,0.07
13_2_Northern_Humboldt_Current_(1995-1998),routing_scenario,23,Benthic elasmobranchs,catch,0.040511636700000006,0.037675822131,"Freeze completed living P,Q,diet,predation,accumulation,migration. Solve EE for SM; detritus accumulation absorbs routed inflow at fixed predation. No new consumption is assumed.",SE,0.07
13_2_Northern_Humboldt_Current_(1995-1998),routing_scenario,22,Small demersal fish,catch,0.019339230299999996,0.017985484178999995,"Freeze completed living P,Q,diet,predation,accumulation,migration. Solve EE for SM; detritus accumulation absorbs routed inflow at fixed predation. No new consumption is assumed.",SE,0.07
13_2_Northern_Humboldt_Current_(1995-1998),routing_scenario,21,Flatfish,catch,0.004058227155,0.0037741512541499996,"Freeze completed living P,Q,diet,predation,accumulation,migration. Solve EE for SM; detritus accumulation absorbs routed inflow at fixed predation. No new consumption is assumed.",SE,0.07
13_2_Northern_Humboldt_Current_(1995-1998),routing_scenario,20,Large hake,catch,0.04633476287999999,0.04309132947839999,"Freeze completed living P,Q,diet,predation,accumulation,migration. Solve EE for SM; detritus accumulation absorbs routed inflow at fixed predation. No new consumption is assumed.",SE,0.07
13_2_Northern_Humboldt_Current_(1995-1998),routing_scenario,19,Medium hake,catch,0.048676,0.04526867999999999,"Freeze completed living P,Q,diet,predation,accumulation,migration. Solve EE for SM; detritus accumulation absorbs routed inflow at fixed predation. No new consumption is assumed.",SE,0.07
13_2_Northern_Humboldt_Current_(1995-1998),routing_scenario,18,Small hake,catch,1.1659147664,1.084300732752,"Freeze completed living P,Q,diet,predation,accumulation,migration. Solve EE for SM; detritus accumulation absorbs routed inflow at fixed predation. No new consumption is assumed.",SE,0.07
13_2_Northern_Humboldt_Current_(1995-1998),routing_scenario,17,Other large pelagic fish,catch,0.3338190135,0.31045168255499994,"Freeze completed living P,Q,diet,predation,accumulation,migration. Solve EE for SM; detritus accumulation absorbs routed inflow at fixed predation. No new consumption is assumed.",SE,0.07
13_2_Northern_Humboldt_Current_(1995-1998),routing_scenario,16,Chub mackerel,catch,0.7426541746,0.690668382378,"Freeze completed living P,Q,diet,predation,accumulation,migration. Solve EE for SM; detritus accumulation absorbs routed inflow at fixed predation. No new consumption is assumed.",SE,0.07
13_2_Northern_Humboldt_Current_(1995-1998),routing_scenario,15,Horse mackerel,catch,1.7465229457,1.624266339501,"Freeze completed living P,Q,diet,predation,accumulation,migration. Solve EE for SM; detritus accumulation absorbs routed inflow at fixed predation. No new consumption is assumed.",SE,0.07
13_2_Northern_Humboldt_Current_(1995-1998),routing_scenario,14,Other small pelagic fish,catch,1.689793515,1.57150796895,"Freeze completed living P,Q,diet,predation,accumulation,migration. Solve EE for SM; detritus accumulation absorbs routed inflow at fixed predation. No new consumption is assumed.",SE,0.07
13_2_Northern_Humboldt_Current_(1995-1998),routing_scenario,13,Other cephalopods,catch,0.0354708445375,0.032987885419875,"Freeze completed living P,Q,diet,predation,accumulation,migration. Solve EE for SM; detritus accumulation absorbs routed inflow at fixed predation. No new consumption is assumed.",SE,0.07
13_2_Northern_Humboldt_Current_(1995-1998),routing_scenario,12,Jumbo squid,catch,0.10546329965,0.09808086867449999,"Freeze completed living P,Q,diet,predation,accumulation,migration. Solve EE for SM; detritus accumulation absorbs routed inflow at fixed predation. No new consumption is assumed.",SE,0.07
13_2_Northern_Humboldt_Current_(1995-1998),routing_scenario,10,Anchovy,catch,23.1699877955,21.548088649814996,"Freeze completed living P,Q,diet,predation,accumulation,migration. Solve EE for SM; detritus accumulation absorbs routed inflow at fixed predation. No new consumption is assumed.",SE,0.07
13_2_Northern_Humboldt_Current_(1995-1998),routing_scenario,9,Sardine,catch,5.82596898325,5.4181511544225,"Freeze completed living P,Q,diet,predation,accumulation,migration. Solve EE for SM; detritus accumulation absorbs routed inflow at fixed predation. No new consumption is assumed.",SE,0.07
13_2_Northern_Humboldt_Current_(1995-1998),routing_scenario,30,Chondrichthyans,external_loss,0.0,0.0010077453015,"Freeze completed living P,Q,diet,predation,accumulation,migration. Solve EE for SM; detritus accumulation absorbs routed inflow at fixed predation. No new consumption is assumed.",SE,0.07
13_2_Northern_Humboldt_Current_(1995-1998),routing_scenario,29,Catfish,external_loss,0.0,0.023783970000000005,"Freeze completed living P,Q,diet,predation,accumulation,migration. Solve EE for SM; detritus accumulation absorbs routed inflow at fixed predation. No new consumption is assumed.",SE,0.07
13_2_Northern_Humboldt_Current_(1995-1998),routing_scenario,27,Medium sciaenids,external_loss,0.0,0.004290923836500001,"Freeze completed living P,Q,diet,predation,accumulation,migration. Solve EE for SM; detritus accumulation absorbs routed inflow at fixed predation. No new consumption is assumed.",SE,0.07
13_2_Northern_Humboldt_Current_(1995-1998),routing_scenario,26,Medium demersal fish,external_loss,0.0,0.010469721465000002,"Freeze completed living P,Q,diet,predation,accumulation,migration. Solve EE for SM; detritus accumulation absorbs routed inflow at fixed predation. No new consumption is assumed.",SE,0.07
13_2_Northern_Humboldt_Current_(1995-1998),routing_scenario,23,Benthic elasmobranchs,external_loss,0.0,0.0028358145690000006,"Freeze completed living P,Q,diet,predation,accumulation,migration. Solve EE for SM; detritus accumulation absorbs routed inflow at fixed predation. No new consumption is assumed.",SE,0.07
13_2_Northern_Humboldt_Current_(1995-1998),routing_scenario,22,Small demersal fish,external_loss,0.0,0.0013537461209999998,"Freeze completed living P,Q,diet,predation,accumulation,migration. Solve EE for SM; detritus accumulation absorbs routed inflow at fixed predation. No new consumption is assumed.",SE,0.07
13_2_Northern_Humboldt_Current_(1995-1998),routing_scenario,21,Flatfish,external_loss,0.0,0.00028407590085,"Freeze completed living P,Q,diet,predation,accumulation,migration. Solve EE for SM; detritus accumulation absorbs routed inflow at fixed predation. No new consumption is assumed.",SE,0.07
13_2_Northern_Humboldt_Current_(1995-1998),routing_scenario,20,Large hake,external_loss,0.0,0.0032434334015999998,"Freeze completed living P,Q,diet,predation,accumulation,migration. Solve EE for SM; detritus accumulation absorbs routed inflow at fixed predation. No new consumption is assumed.",SE,0.07
13_2_Northern_Humboldt_Current_(1995-1998),routing_scenario,19,Medium hake,external_loss,0.0,0.00340732,"Freeze completed living P,Q,diet,predation,accumulation,migration. Solve EE for SM; detritus accumulation absorbs routed inflow at fixed predation. No new consumption is assumed.",SE,0.07
13_2_Northern_Humboldt_Current_(1995-1998),routing_scenario,18,Small hake,external_loss,0.0,0.081614033648,"Freeze completed living P,Q,diet,predation,accumulation,migration. Solve EE for SM; detritus accumulation absorbs routed inflow at fixed predation. No new consumption is assumed.",SE,0.07
13_2_Northern_Humboldt_Current_(1995-1998),routing_scenario,17,Other large pelagic fish,external_loss,0.0,0.023367330945,"Freeze completed living P,Q,diet,predation,accumulation,migration. Solve EE for SM; detritus accumulation absorbs routed inflow at fixed predation. No new consumption is assumed.",SE,0.07
13_2_Northern_Humboldt_Current_(1995-1998),routing_scenario,16,Chub mackerel,external_loss,0.0,0.05198579222200001,"Freeze completed living P,Q,diet,predation,accumulation,migration. Solve EE for SM; detritus accumulation absorbs routed inflow at fixed predation. No new consumption is assumed.",SE,0.07
13_2_Northern_Humboldt_Current_(1995-1998),routing_scenario,15,Horse mackerel,external_loss,0.0,0.12225660619900001,"Freeze completed living P,Q,diet,predation,accumulation,migration. Solve EE for SM; detritus accumulation absorbs routed inflow at fixed predation. No new consumption is assumed.",SE,0.07
13_2_Northern_Humboldt_Current_(1995-1998),routing_scenario,14,Other small pelagic fish,external_loss,0.0,0.11828554605000002,"Freeze completed living P,Q,diet,predation,accumulation,migration. Solve EE for SM; detritus accumulation absorbs routed inflow at fixed predation. No new consumption is assumed.",SE,0.07
13_2_Northern_Humboldt_Current_(1995-1998),routing_scenario,13,Other cephalopods,external_loss,0.0,0.002482959117625,"Freeze completed living P,Q,diet,predation,accumulation,migration. Solve EE for SM; detritus accumulation absorbs routed inflow at fixed predation. No new consumption is assumed.",SE,0.07
13_2_Northern_Humboldt_Current_(1995-1998),routing_scenario,12,Jumbo squid,external_loss,0.0,0.0073824309755,"Freeze completed living P,Q,diet,predation,accumulation,migration. Solve EE for SM; detritus accumulation absorbs routed inflow at fixed predation. No new consumption is assumed.",SE,0.07
13_2_Northern_Humboldt_Current_(1995-1998),routing_scenario,10,Anchovy,external_loss,0.0,1.621899145685,"Freeze completed living P,Q,diet,predation,accumulation,migration. Solve EE for SM; detritus accumulation absorbs routed inflow at fixed predation. No new consumption is assumed.",SE,0.07
13_2_Northern_Humboldt_Current_(1995-1998),routing_scenario,9,Sardine,external_loss,0.0,0.40781782882750006,"Freeze completed living P,Q,diet,predation,accumulation,migration. Solve EE for SM; detritus accumulation absorbs routed inflow at fixed predation. No new consumption is assumed.",SE,0.07
13_2_Northern_Humboldt_Current_(1995-1998),routing_scenario,39,Benthic detritus,p,1751.6112896867576,1753.850281268596,"Freeze completed living P,Q,diet,predation,accumulation,migration. Solve EE for SM; detritus accumulation absorbs routed inflow at fixed predation. No new consumption is assumed.",SR,0.07
13_2_Northern_Humboldt_Current_(1995-1998),routing_scenario,38,Pelagic detritus,p,5090.259743360343,5090.508520202769,"Freeze completed living P,Q,diet,predation,accumulation,migration. Solve EE for SM; detritus accumulation absorbs routed inflow at fixed predation. No new consumption is assumed.",SR,0.07
13_2_Northern_Humboldt_Current_(1995-1998),routing_scenario,39,Benthic detritus,q,1751.6112896867576,1753.850281268596,"Freeze completed living P,Q,diet,predation,accumulation,migration. Solve EE for SM; detritus accumulation absorbs routed inflow at fixed predation. No new consumption is assumed.",SR,0.07
13_2_Northern_Humboldt_Current_(1995-1998),routing_scenario,38,Pelagic detritus,q,5090.259743360343,5090.508520202769,"Freeze completed living P,Q,diet,predation,accumulation,migration. Solve EE for SM; detritus accumulation absorbs routed inflow at fixed predation. No new consumption is assumed.",SR,0.07
13_2_Northern_Humboldt_Current_(1995-1998),routing_scenario,39,Benthic detritus,growth,-4340.9949724808885,-4338.75598089905,"Freeze completed living P,Q,diet,predation,accumulation,migration. Solve EE for SM; detritus accumulation absorbs routed inflow at fixed predation. No new consumption is assumed.",SR,0.07
13_2_Northern_Humboldt_Current_(1995-1998),routing_scenario,38,Pelagic detritus,growth,5090.259743360343,5090.508520202769,"Freeze completed living P,Q,diet,predation,accumulation,migration. Solve EE for SM; detritus accumulation absorbs routed inflow at fixed predation. No new consumption is assumed.",SR,0.07
13_2_Northern_Humboldt_Current_(1995-1998),routing_scenario,39,Benthic detritus,p,1751.6112896867576,1753.9467532898225,"Freeze completed living P,Q,diet,predation,accumulation,migration. Solve EE for SM; detritus accumulation absorbs routed inflow at fixed predation. No new consumption is assumed.",SM,0.08
13_2_Northern_Humboldt_Current_(1995-1998),routing_scenario,38,Pelagic detritus,p,5090.259743360343,5090.304043914814,"Freeze completed living P,Q,diet,predation,accumulation,migration. Solve EE for SM; detritus accumulation absorbs routed inflow at fixed predation. No new consumption is assumed.",SM,0.08
13_2_Northern_Humboldt_Current_(1995-1998),routing_scenario,36,Anchovy eggs,p,81.93913403799536,82.40253379390536,"Freeze completed living P,Q,diet,predation,accumulation,migration. Solve EE for SM; detritus accumulation absorbs routed inflow at fixed predation. No new consumption is assumed.",SM,0.08
13_2_Northern_Humboldt_Current_(1995-1998),routing_scenario,39,Benthic detritus,q,1751.6112896867576,1753.9467532898225,"Freeze completed living P,Q,diet,predation,accumulation,migration. Solve EE for SM; detritus accumulation absorbs routed inflow at fixed predation. No new consumption is assumed.",SM,0.08
13_2_Northern_Humboldt_Current_(1995-1998),routing_scenario,38,Pelagic detritus,q,5090.259743360343,5090.304043914814,"Freeze completed living P,Q,diet,predation,accumulation,migration. Solve EE for SM; detritus accumulation absorbs routed inflow at fixed predation. No new consumption is assumed.",SM,0.08
13_2_Northern_Humboldt_Current_(1995-1998),routing_scenario,36,Anchovy eggs,q,81.93913403799536,82.40253379390536,"Freeze completed living P,Q,diet,predation,accumulation,migration. Solve EE for SM; detritus accumulation absorbs routed inflow at fixed predation. No new consumption is assumed.",SM,0.08
13_2_Northern_Humboldt_Current_(1995-1998),routing_scenario,30,Chondrichthyans,M0,0.01111863866537926,0.01227034758137926,"Freeze completed living P,Q,diet,predation,accumulation,migration. Solve EE for SM; detritus accumulation absorbs routed inflow at fixed predation. No new consumption is assumed.",SM,0.08
13_2_Northern_Humboldt_Current_(1995-1998),routing_scenario,29,Catfish,M0,0.0986964358664111,0.1258781158664111,"Freeze completed living P,Q,diet,predation,accumulation,migration. Solve EE for SM; detritus accumulation absorbs routed inflow at fixed predation. No new consumption is assumed.",SM,0.08
13_2_Northern_Humboldt_Current_(1995-1998),routing_scenario,27,Medium sciaenids,M0,0.07797065965059131,0.08287457260659131,"Freeze completed living P,Q,diet,predation,accumulation,migration. Solve EE for SM; detritus accumulation absorbs routed inflow at fixed predation. No new consumption is assumed.",SM,0.08
13_2_Northern_Humboldt_Current_(1995-1998),routing_scenario,26,Medium demersal fish,M0,0.0702195877127324,0.0821849836727324,"Freeze completed living P,Q,diet,predation,accumulation,migration. Solve EE for SM; detritus accumulation absorbs routed inflow at fixed predation. No new consumption is assumed.",SM,0.08
13_2_Northern_Humboldt_Current_(1995-1998),routing_scenario,23,Benthic elasmobranchs,M0,0.02098836399473636,0.024229294930736358,"Freeze completed living P,Q,diet,predation,accumulation,migration. Solve EE for SM; detritus accumulation absorbs routed inflow at fixed predation. No new consumption is assumed.",SM,0.08
13_2_Northern_Humboldt_Current_(1995-1998),routing_scenario,22,Small demersal fish,M0,3.2426595415784147,3.2442066800024145,"Freeze completed living P,Q,diet,predation,accumulation,migration. Solve EE for SM; detritus accumulation absorbs routed inflow at fixed predation. No new consumption is assumed.",SM,0.08
13_2_Northern_Humboldt_Current_(1995-1998),routing_scenario,21,Flatfish,M0,3.451325833853003e-05,0.00035917143073853006,"Freeze completed living P,Q,diet,predation,accumulation,migration. Solve EE for SM; detritus accumulation absorbs routed inflow at fixed predation. No new consumption is assumed.",SM,0.08
13_2_Northern_Humboldt_Current_(1995-1998),routing_scenario,20,Large hake,M0,0.006700170035899526,0.010406951066299526,"Freeze completed living P,Q,diet,predation,accumulation,migration. Solve EE for SM; detritus accumulation absorbs routed inflow at fixed predation. No new consumption is assumed.",SM,0.08
13_2_Northern_Humboldt_Current_(1995-1998),routing_scenario,19,Medium hake,M0,0.44286476478316994,0.44675884478316996,"Freeze completed living P,Q,diet,predation,accumulation,migration. Solve EE for SM; detritus accumulation absorbs routed inflow at fixed predation. No new consumption is assumed.",SM,0.08
13_2_Northern_Humboldt_Current_(1995-1998),routing_scenario,18,Small hake,M0,0.628031663830784,0.721304845142784,"Freeze completed living P,Q,diet,predation,accumulation,migration. Solve EE for SM; detritus accumulation absorbs routed inflow at fixed predation. No new consumption is assumed.",SM,0.08
13_2_Northern_Humboldt_Current_(1995-1998),routing_scenario,17,Other large pelagic fish,M0,0.3416564469598926,0.36836196803989263,"Freeze completed living P,Q,diet,predation,accumulation,migration. Solve EE for SM; detritus accumulation absorbs routed inflow at fixed predation. No new consumption is assumed.",SM,0.08
13_2_Northern_Humboldt_Current_(1995-1998),routing_scenario,16,Chub mackerel,M0,5.522509613684951,5.581921947652951,"Freeze completed living P,Q,diet,predation,accumulation,migration. Solve EE for SM; detritus accumulation absorbs routed inflow at fixed predation. No new consumption is assumed.",SM,0.08
13_2_Northern_Humboldt_Current_(1995-1998),routing_scenario,15,Horse mackerel,M0,6.695953029518151,6.835674865174151,"Freeze completed living P,Q,diet,predation,accumulation,migration. Solve EE for SM; detritus accumulation absorbs routed inflow at fixed predation. No new consumption is assumed.",SM,0.08
13_2_Northern_Humboldt_Current_(1995-1998),routing_scenario,14,Other small pelagic fish,M0,1.0995008229018595,1.2346843041018594,"Freeze completed living P,Q,diet,predation,accumulation,migration. Solve EE for SM; detritus accumulation absorbs routed inflow at fixed predation. No new consumption is assumed.",SM,0.08
13_2_Northern_Humboldt_Current_(1995-1998),routing_scenario,13,Other cephalopods,M0,0.38835856631069415,0.3911962338736942,"Freeze completed living P,Q,diet,predation,accumulation,migration. Solve EE for SM; detritus accumulation absorbs routed inflow at fixed predation. No new consumption is assumed.",SM,0.08
13_2_Northern_Humboldt_Current_(1995-1998),routing_scenario,12,Jumbo squid,M0,0.6834706928629479,0.6919077568349479,"Freeze completed living P,Q,diet,predation,accumulation,migration. Solve EE for SM; detritus accumulation absorbs routed inflow at fixed predation. No new consumption is assumed.",SM,0.08
13_2_Northern_Humboldt_Current_(1995-1998),routing_scenario,10,Anchovy,M0,21.594902660465323,23.448501684105324,"Freeze completed living P,Q,diet,predation,accumulation,migration. Solve EE for SM; detritus accumulation absorbs routed inflow at fixed predation. No new consumption is assumed.",SM,0.08
13_2_Northern_Humboldt_Current_(1995-1998),routing_scenario,9,Sardine,M0,0.45094358787714506,0.9170211065371451,"Freeze completed living P,Q,diet,predation,accumulation,migration. Solve EE for SM; detritus accumulation absorbs routed inflow at fixed predation. No new consumption is assumed.",SM,0.08
13_2_Northern_Humboldt_Current_(1995-1998),routing_scenario,30,Chondrichthyans,EE,0.564231276512146,0.5190927717671696,"Freeze completed living P,Q,diet,predation,accumulation,migration. Solve EE for SM; detritus accumulation absorbs routed inflow at fixed predation. No new consumption is assumed.",SM,0.08
13_2_Northern_Humboldt_Current_(1995-1998),routing_scenario,29,Catfish,EE,0.8212506771087646,0.7720218792054375,"Freeze completed living P,Q,diet,predation,accumulation,migration. Solve EE for SM; detritus accumulation absorbs routed inflow at fixed predation. No new consumption is assumed.",SM,0.08
13_2_Northern_Humboldt_Current_(1995-1998),routing_scenario,27,Medium sciaenids,EE,0.7098218202590942,0.6915712559884208,"Freeze completed living P,Q,diet,predation,accumulation,migration. Solve EE for SM; detritus accumulation absorbs routed inflow at fixed predation. No new consumption is assumed.",SM,0.08
13_2_Northern_Humboldt_Current_(1995-1998),routing_scenario,26,Medium demersal fish,EE,0.8201572895050049,0.789512147434453,"Freeze completed living P,Q,diet,predation,accumulation,migration. Solve EE for SM; detritus accumulation absorbs routed inflow at fixed predation. No new consumption is assumed.",SM,0.08
13_2_Northern_Humboldt_Current_(1995-1998),routing_scenario,23,Benthic elasmobranchs,EE,0.6587257981300354,0.6060277355856436,"Freeze completed living P,Q,diet,predation,accumulation,migration. Solve EE for SM; detritus accumulation absorbs routed inflow at fixed predation. No new consumption is assumed.",SM,0.08
13_2_Northern_Humboldt_Current_(1995-1998),routing_scenario,22,Small demersal fish,EE,0.7304298281669617,0.7303012107880912,"Freeze completed living P,Q,diet,predation,accumulation,migration. Solve EE for SM; detritus accumulation absorbs routed inflow at fixed predation. No new consumption is assumed.",SM,0.08
13_2_Northern_Humboldt_Current_(1995-1998),routing_scenario,21,Flatfish,EE,0.9954587817192078,0.9527406004032019,"Freeze completed living P,Q,diet,predation,accumulation,migration. Solve EE for SM; detritus accumulation absorbs routed inflow at fixed predation. No new consumption is assumed.",SM,0.08
13_2_Northern_Humboldt_Current_(1995-1998),routing_scenario,20,Large hake,EE,0.8738672733306885,0.8040859997174342,"Freeze completed living P,Q,diet,predation,accumulation,migration. Solve EE for SM; detritus accumulation absorbs routed inflow at fixed predation. No new consumption is assumed.",SM,0.08
13_2_Northern_Humboldt_Current_(1995-1998),routing_scenario,19,Medium hake,EE,0.14074458181858063,0.13318920689398006,"Freeze completed living P,Q,diet,predation,accumulation,migration. Solve EE for SM; detritus accumulation absorbs routed inflow at fixed predation. No new consumption is assumed.",SM,0.08
13_2_Northern_Humboldt_Current_(1995-1998),routing_scenario,18,Small hake,EE,0.7213676571846008,0.6799861050630338,"Freeze completed living P,Q,diet,predation,accumulation,migration. Solve EE for SM; detritus accumulation absorbs routed inflow at fixed predation. No new consumption is assumed.",SM,0.08
13_2_Northern_Humboldt_Current_(1995-1998),routing_scenario,17,Other large pelagic fish,EE,0.533972442150116,0.497545473243886,"Freeze completed living P,Q,diet,predation,accumulation,migration. Solve EE for SM; detritus accumulation absorbs routed inflow at fixed predation. No new consumption is assumed.",SM,0.08
13_2_Northern_Humboldt_Current_(1995-1998),routing_scenario,16,Chub mackerel,EE,0.15512745082378387,0.14603813209672079,"Freeze completed living P,Q,diet,predation,accumulation,migration. Solve EE for SM; detritus accumulation absorbs routed inflow at fixed predation. No new consumption is assumed.",SM,0.08
13_2_Northern_Humboldt_Current_(1995-1998),routing_scenario,15,Horse mackerel,EE,0.23551708459854126,0.21956491829799163,"Freeze completed living P,Q,diet,predation,accumulation,migration. Solve EE for SM; detritus accumulation absorbs routed inflow at fixed predation. No new consumption is assumed.",SM,0.08
13_2_Northern_Humboldt_Current_(1995-1998),routing_scenario,14,Other small pelagic fish,EE,0.8999999761581421,0.8877049864123892,"Freeze completed living P,Q,diet,predation,accumulation,migration. Solve EE for SM; detritus accumulation absorbs routed inflow at fixed predation. No new consumption is assumed.",SM,0.08
13_2_Northern_Humboldt_Current_(1995-1998),routing_scenario,13,Other cephalopods,EE,0.949999988079071,0.9496346468086944,"Freeze completed living P,Q,diet,predation,accumulation,migration. Solve EE for SM; detritus accumulation absorbs routed inflow at fixed predation. No new consumption is assumed.",SM,0.08
13_2_Northern_Humboldt_Current_(1995-1998),routing_scenario,12,Jumbo squid,EE,0.7999784350395203,0.797509280535935,"Freeze completed living P,Q,diet,predation,accumulation,migration. Solve EE for SM; detritus accumulation absorbs routed inflow at fixed predation. No new consumption is assumed.",SM,0.08
13_2_Northern_Humboldt_Current_(1995-1998),routing_scenario,10,Anchovy,EE,0.8148474097251892,0.798954832390904,"Freeze completed living P,Q,diet,predation,accumulation,migration. Solve EE for SM; detritus accumulation absorbs routed inflow at fixed predation. No new consumption is assumed.",SM,0.08
13_2_Northern_Humboldt_Current_(1995-1998),routing_scenario,9,Sardine,EE,0.9700034856796265,0.939000270779279,"Freeze completed living P,Q,diet,predation,accumulation,migration. Solve EE for SM; detritus accumulation absorbs routed inflow at fixed predation. No new consumption is assumed.",SM,0.08
13_2_Northern_Humboldt_Current_(1995-1998),routing_scenario,30,Chondrichthyans,catch,0.01439636145,0.013244652534000001,"Freeze completed living P,Q,diet,predation,accumulation,migration. Solve EE for SM; detritus accumulation absorbs routed inflow at fixed predation. No new consumption is assumed.",SM,0.08
13_2_Northern_Humboldt_Current_(1995-1998),routing_scenario,29,Catfish,catch,0.33977100000000005,0.31258932000000006,"Freeze completed living P,Q,diet,predation,accumulation,migration. Solve EE for SM; detritus accumulation absorbs routed inflow at fixed predation. No new consumption is assumed.",SM,0.08
13_2_Northern_Humboldt_Current_(1995-1998),routing_scenario,27,Medium sciaenids,catch,0.06129891195000001,0.05639499899400001,"Freeze completed living P,Q,diet,predation,accumulation,migration. Solve EE for SM; detritus accumulation absorbs routed inflow at fixed predation. No new consumption is assumed.",SM,0.08
13_2_Northern_Humboldt_Current_(1995-1998),routing_scenario,26,Medium demersal fish,catch,0.1495674495,0.13760205354000002,"Freeze completed living P,Q,diet,predation,accumulation,migration. Solve EE for SM; detritus accumulation absorbs routed inflow at fixed predation. No new consumption is assumed.",SM,0.08
13_2_Northern_Humboldt_Current_(1995-1998),routing_scenario,23,Benthic elasmobranchs,catch,0.040511636700000006,0.03727070576400001,"Freeze completed living P,Q,diet,predation,accumulation,migration. Solve EE for SM; detritus accumulation absorbs routed inflow at fixed predation. No new consumption is assumed.",SM,0.08
13_2_Northern_Humboldt_Current_(1995-1998),routing_scenario,22,Small demersal fish,catch,0.019339230299999996,0.017792091875999998,"Freeze completed living P,Q,diet,predation,accumulation,migration. Solve EE for SM; detritus accumulation absorbs routed inflow at fixed predation. No new consumption is assumed.",SM,0.08
13_2_Northern_Humboldt_Current_(1995-1998),routing_scenario,21,Flatfish,catch,0.004058227155,0.0037335689826,"Freeze completed living P,Q,diet,predation,accumulation,migration. Solve EE for SM; detritus accumulation absorbs routed inflow at fixed predation. No new consumption is assumed.",SM,0.08
13_2_Northern_Humboldt_Current_(1995-1998),routing_scenario,20,Large hake,catch,0.04633476287999999,0.0426279818496,"Freeze completed living P,Q,diet,predation,accumulation,migration. Solve EE for SM; detritus accumulation absorbs routed inflow at fixed predation. No new consumption is assumed.",SM,0.08
13_2_Northern_Humboldt_Current_(1995-1998),routing_scenario,19,Medium hake,catch,0.048676,0.044781919999999996,"Freeze completed living P,Q,diet,predation,accumulation,migration. Solve EE for SM; detritus accumulation absorbs routed inflow at fixed predation. No new consumption is assumed.",SM,0.08
13_2_Northern_Humboldt_Current_(1995-1998),routing_scenario,18,Small hake,catch,1.1659147664,1.072641585088,"Freeze completed living P,Q,diet,predation,accumulation,migration. Solve EE for SM; detritus accumulation absorbs routed inflow at fixed predation. No new consumption is assumed.",SM,0.08
13_2_Northern_Humboldt_Current_(1995-1998),routing_scenario,17,Other large pelagic fish,catch,0.3338190135,0.30711349242,"Freeze completed living P,Q,diet,predation,accumulation,migration. Solve EE for SM; detritus accumulation absorbs routed inflow at fixed predation. No new consumption is assumed.",SM,0.08
13_2_Northern_Humboldt_Current_(1995-1998),routing_scenario,16,Chub mackerel,catch,0.7426541746,0.6832418406320001,"Freeze completed living P,Q,diet,predation,accumulation,migration. Solve EE for SM; detritus accumulation absorbs routed inflow at fixed predation. No new consumption is assumed.",SM,0.08
13_2_Northern_Humboldt_Current_(1995-1998),routing_scenario,15,Horse mackerel,catch,1.7465229457,1.606801110044,"Freeze completed living P,Q,diet,predation,accumulation,migration. Solve EE for SM; detritus accumulation absorbs routed inflow at fixed predation. No new consumption is assumed.",SM,0.08
13_2_Northern_Humboldt_Current_(1995-1998),routing_scenario,14,Other small pelagic fish,catch,1.689793515,1.5546100338000002,"Freeze completed living P,Q,diet,predation,accumulation,migration. Solve EE for SM; detritus accumulation absorbs routed inflow at fixed predation. No new consumption is assumed.",SM,0.08
13_2_Northern_Humboldt_Current_(1995-1998),routing_scenario,13,Other cephalopods,catch,0.0354708445375,0.0326331769745,"Freeze completed living P,Q,diet,predation,accumulation,migration. Solve EE for SM; detritus accumulation absorbs routed inflow at fixed predation. No new consumption is assumed.",SM,0.08
13_2_Northern_Humboldt_Current_(1995-1998),routing_scenario,12,Jumbo squid,catch,0.10546329965,0.097026235678,"Freeze completed living P,Q,diet,predation,accumulation,migration. Solve EE for SM; detritus accumulation absorbs routed inflow at fixed predation. No new consumption is assumed.",SM,0.08
13_2_Northern_Humboldt_Current_(1995-1998),routing_scenario,10,Anchovy,catch,23.1699877955,21.31638877186,"Freeze completed living P,Q,diet,predation,accumulation,migration. Solve EE for SM; detritus accumulation absorbs routed inflow at fixed predation. No new consumption is assumed.",SM,0.08
13_2_Northern_Humboldt_Current_(1995-1998),routing_scenario,9,Sardine,catch,5.82596898325,5.35989146459,"Freeze completed living P,Q,diet,predation,accumulation,migration. Solve EE for SM; detritus accumulation absorbs routed inflow at fixed predation. No new consumption is assumed.",SM,0.08
13_2_Northern_Humboldt_Current_(1995-1998),routing_scenario,39,Benthic detritus,growth,-4340.9949724808885,-4338.659508877824,"Freeze completed living P,Q,diet,predation,accumulation,migration. Solve EE for SM; detritus accumulation absorbs routed inflow at fixed predation. No new consumption is assumed.",SM,0.08
13_2_Northern_Humboldt_Current_(1995-1998),routing_scenario,38,Pelagic detritus,growth,5090.259743360343,5090.304043914814,"Freeze completed living P,Q,diet,predation,accumulation,migration. Solve EE for SM; detritus accumulation absorbs routed inflow at fixed predation. No new consumption is assumed.",SM,0.08
13_2_Northern_Humboldt_Current_(1995-1998),routing_scenario,36,Anchovy eggs,growth,12.539441007952618,13.002840763862622,"Freeze completed living P,Q,diet,predation,accumulation,migration. Solve EE for SM; detritus accumulation absorbs routed inflow at fixed predation. No new consumption is assumed.",SM,0.08
13_2_Northern_Humboldt_Current_(1995-1998),routing_scenario,30,Chondrichthyans,catch,0.01439636145,0.013244652534000001,"Freeze completed living P,Q,diet,predation,accumulation,migration. Solve EE for SM; detritus accumulation absorbs routed inflow at fixed predation. No new consumption is assumed.",SE,0.08
13_2_Northern_Humboldt_Current_(1995-1998),routing_scenario,29,Catfish,catch,0.33977100000000005,0.31258932000000006,"Freeze completed living P,Q,diet,predation,accumulation,migration. Solve EE for SM; detritus accumulation absorbs routed inflow at fixed predation. No new consumption is assumed.",SE,0.08
13_2_Northern_Humboldt_Current_(1995-1998),routing_scenario,27,Medium sciaenids,catch,0.06129891195000001,0.05639499899400001,"Freeze completed living P,Q,diet,predation,accumulation,migration. Solve EE for SM; detritus accumulation absorbs routed inflow at fixed predation. No new consumption is assumed.",SE,0.08
13_2_Northern_Humboldt_Current_(1995-1998),routing_scenario,26,Medium demersal fish,catch,0.1495674495,0.13760205354000002,"Freeze completed living P,Q,diet,predation,accumulation,migration. Solve EE for SM; detritus accumulation absorbs routed inflow at fixed predation. No new consumption is assumed.",SE,0.08
13_2_Northern_Humboldt_Current_(1995-1998),routing_scenario,23,Benthic elasmobranchs,catch,0.040511636700000006,0.03727070576400001,"Freeze completed living P,Q,diet,predation,accumulation,migration. Solve EE for SM; detritus accumulation absorbs routed inflow at fixed predation. No new consumption is assumed.",SE,0.08
13_2_Northern_Humboldt_Current_(1995-1998),routing_scenario,22,Small demersal fish,catch,0.019339230299999996,0.017792091875999998,"Freeze completed living P,Q,diet,predation,accumulation,migration. Solve EE for SM; detritus accumulation absorbs routed inflow at fixed predation. No new consumption is assumed.",SE,0.08
13_2_Northern_Humboldt_Current_(1995-1998),routing_scenario,21,Flatfish,catch,0.004058227155,0.0037335689826,"Freeze completed living P,Q,diet,predation,accumulation,migration. Solve EE for SM; detritus accumulation absorbs routed inflow at fixed predation. No new consumption is assumed.",SE,0.08
13_2_Northern_Humboldt_Current_(1995-1998),routing_scenario,20,Large hake,catch,0.04633476287999999,0.0426279818496,"Freeze completed living P,Q,diet,predation,accumulation,migration. Solve EE for SM; detritus accumulation absorbs routed inflow at fixed predation. No new consumption is assumed.",SE,0.08
13_2_Northern_Humboldt_Current_(1995-1998),routing_scenario,19,Medium hake,catch,0.048676,0.044781919999999996,"Freeze completed living P,Q,diet,predation,accumulation,migration. Solve EE for SM; detritus accumulation absorbs routed inflow at fixed predation. No new consumption is assumed.",SE,0.08
13_2_Northern_Humboldt_Current_(1995-1998),routing_scenario,18,Small hake,catch,1.1659147664,1.072641585088,"Freeze completed living P,Q,diet,predation,accumulation,migration. Solve EE for SM; detritus accumulation absorbs routed inflow at fixed predation. No new consumption is assumed.",SE,0.08
13_2_Northern_Humboldt_Current_(1995-1998),routing_scenario,17,Other large pelagic fish,catch,0.3338190135,0.30711349242,"Freeze completed living P,Q,diet,predation,accumulation,migration. Solve EE for SM; detritus accumulation absorbs routed inflow at fixed predation. No new consumption is assumed.",SE,0.08
13_2_Northern_Humboldt_Current_(1995-1998),routing_scenario,16,Chub mackerel,catch,0.7426541746,0.6832418406320001,"Freeze completed living P,Q,diet,predation,accumulation,migration. Solve EE for SM; detritus accumulation absorbs routed inflow at fixed predation. No new consumption is assumed.",SE,0.08
13_2_Northern_Humboldt_Current_(1995-1998),routing_scenario,15,Horse mackerel,catch,1.7465229457,1.606801110044,"Freeze completed living P,Q,diet,predation,accumulation,migration. Solve EE for SM; detritus accumulation absorbs routed inflow at fixed predation. No new consumption is assumed.",SE,0.08
13_2_Northern_Humboldt_Current_(1995-1998),routing_scenario,14,Other small pelagic fish,catch,1.689793515,1.5546100338000002,"Freeze completed living P,Q,diet,predation,accumulation,migration. Solve EE for SM; detritus accumulation absorbs routed inflow at fixed predation. No new consumption is assumed.",SE,0.08
13_2_Northern_Humboldt_Current_(1995-1998),routing_scenario,13,Other cephalopods,catch,0.0354708445375,0.0326331769745,"Freeze completed living P,Q,diet,predation,accumulation,migration. Solve EE for SM; detritus accumulation absorbs routed inflow at fixed predation. No new consumption is assumed.",SE,0.08
13_2_Northern_Humboldt_Current_(1995-1998),routing_scenario,12,Jumbo squid,catch,0.10546329965,0.097026235678,"Freeze completed living P,Q,diet,predation,accumulation,migration. Solve EE for SM; detritus accumulation absorbs routed inflow at fixed predation. No new consumption is assumed.",SE,0.08
13_2_Northern_Humboldt_Current_(1995-1998),routing_scenario,10,Anchovy,catch,23.1699877955,21.31638877186,"Freeze completed living P,Q,diet,predation,accumulation,migration. Solve EE for SM; detritus accumulation absorbs routed inflow at fixed predation. No new consumption is assumed.",SE,0.08
13_2_Northern_Humboldt_Current_(1995-1998),routing_scenario,9,Sardine,catch,5.82596898325,5.35989146459,"Freeze completed living P,Q,diet,predation,accumulation,migration. Solve EE for SM; detritus accumulation absorbs routed inflow at fixed predation. No new consumption is assumed.",SE,0.08
13_2_Northern_Humboldt_Current_(1995-1998),routing_scenario,30,Chondrichthyans,external_loss,0.0,0.001151708916,"Freeze completed living P,Q,diet,predation,accumulation,migration. Solve EE for SM; detritus accumulation absorbs routed inflow at fixed predation. No new consumption is assumed.",SE,0.08
13_2_Northern_Humboldt_Current_(1995-1998),routing_scenario,29,Catfish,external_loss,0.0,0.027181680000000003,"Freeze completed living P,Q,diet,predation,accumulation,migration. Solve EE for SM; detritus accumulation absorbs routed inflow at fixed predation. No new consumption is assumed.",SE,0.08
13_2_Northern_Humboldt_Current_(1995-1998),routing_scenario,27,Medium sciaenids,external_loss,0.0,0.004903912956,"Freeze completed living P,Q,diet,predation,accumulation,migration. Solve EE for SM; detritus accumulation absorbs routed inflow at fixed predation. No new consumption is assumed.",SE,0.08
13_2_Northern_Humboldt_Current_(1995-1998),routing_scenario,26,Medium demersal fish,external_loss,0.0,0.01196539596,"Freeze completed living P,Q,diet,predation,accumulation,migration. Solve EE for SM; detritus accumulation absorbs routed inflow at fixed predation. No new consumption is assumed.",SE,0.08
13_2_Northern_Humboldt_Current_(1995-1998),routing_scenario,23,Benthic elasmobranchs,external_loss,0.0,0.0032409309360000005,"Freeze completed living P,Q,diet,predation,accumulation,migration. Solve EE for SM; detritus accumulation absorbs routed inflow at fixed predation. No new consumption is assumed.",SE,0.08
13_2_Northern_Humboldt_Current_(1995-1998),routing_scenario,22,Small demersal fish,external_loss,0.0,0.0015471384239999998,"Freeze completed living P,Q,diet,predation,accumulation,migration. Solve EE for SM; detritus accumulation absorbs routed inflow at fixed predation. No new consumption is assumed.",SE,0.08
13_2_Northern_Humboldt_Current_(1995-1998),routing_scenario,21,Flatfish,external_loss,0.0,0.0003246581724,"Freeze completed living P,Q,diet,predation,accumulation,migration. Solve EE for SM; detritus accumulation absorbs routed inflow at fixed predation. No new consumption is assumed.",SE,0.08
13_2_Northern_Humboldt_Current_(1995-1998),routing_scenario,20,Large hake,external_loss,0.0,0.0037067810303999995,"Freeze completed living P,Q,diet,predation,accumulation,migration. Solve EE for SM; detritus accumulation absorbs routed inflow at fixed predation. No new consumption is assumed.",SE,0.08
13_2_Northern_Humboldt_Current_(1995-1998),routing_scenario,19,Medium hake,external_loss,0.0,0.00389408,"Freeze completed living P,Q,diet,predation,accumulation,migration. Solve EE for SM; detritus accumulation absorbs routed inflow at fixed predation. No new consumption is assumed.",SE,0.08
13_2_Northern_Humboldt_Current_(1995-1998),routing_scenario,18,Small hake,external_loss,0.0,0.093273181312,"Freeze completed living P,Q,diet,predation,accumulation,migration. Solve EE for SM; detritus accumulation absorbs routed inflow at fixed predation. No new consumption is assumed.",SE,0.08
13_2_Northern_Humboldt_Current_(1995-1998),routing_scenario,17,Other large pelagic fish,external_loss,0.0,0.02670552108,"Freeze completed living P,Q,diet,predation,accumulation,migration. Solve EE for SM; detritus accumulation absorbs routed inflow at fixed predation. No new consumption is assumed.",SE,0.08
13_2_Northern_Humboldt_Current_(1995-1998),routing_scenario,16,Chub mackerel,external_loss,0.0,0.059412333968000004,"Freeze completed living P,Q,diet,predation,accumulation,migration. Solve EE for SM; detritus accumulation absorbs routed inflow at fixed predation. No new consumption is assumed.",SE,0.08
13_2_Northern_Humboldt_Current_(1995-1998),routing_scenario,15,Horse mackerel,external_loss,0.0,0.139721835656,"Freeze completed living P,Q,diet,predation,accumulation,migration. Solve EE for SM; detritus accumulation absorbs routed inflow at fixed predation. No new consumption is assumed.",SE,0.08
13_2_Northern_Humboldt_Current_(1995-1998),routing_scenario,14,Other small pelagic fish,external_loss,0.0,0.1351834812,"Freeze completed living P,Q,diet,predation,accumulation,migration. Solve EE for SM; detritus accumulation absorbs routed inflow at fixed predation. No new consumption is assumed.",SE,0.08
13_2_Northern_Humboldt_Current_(1995-1998),routing_scenario,13,Other cephalopods,external_loss,0.0,0.002837667563,"Freeze completed living P,Q,diet,predation,accumulation,migration. Solve EE for SM; detritus accumulation absorbs routed inflow at fixed predation. No new consumption is assumed.",SE,0.08
13_2_Northern_Humboldt_Current_(1995-1998),routing_scenario,12,Jumbo squid,external_loss,0.0,0.008437063972,"Freeze completed living P,Q,diet,predation,accumulation,migration. Solve EE for SM; detritus accumulation absorbs routed inflow at fixed predation. No new consumption is assumed.",SE,0.08
13_2_Northern_Humboldt_Current_(1995-1998),routing_scenario,10,Anchovy,external_loss,0.0,1.85359902364,"Freeze completed living P,Q,diet,predation,accumulation,migration. Solve EE for SM; detritus accumulation absorbs routed inflow at fixed predation. No new consumption is assumed.",SE,0.08
13_2_Northern_Humboldt_Current_(1995-1998),routing_scenario,9,Sardine,external_loss,0.0,0.46607751866,"Freeze completed living P,Q,diet,predation,accumulation,migration. Solve EE for SM; detritus accumulation absorbs routed inflow at fixed predation. No new consumption is assumed.",SE,0.08
13_2_Northern_Humboldt_Current_(1995-1998),routing_scenario,39,Benthic detritus,p,1751.6112896867576,1754.1701372088587,"Freeze completed living P,Q,diet,predation,accumulation,migration. Solve EE for SM; detritus accumulation absorbs routed inflow at fixed predation. No new consumption is assumed.",SR,0.08
13_2_Northern_Humboldt_Current_(1995-1998),routing_scenario,38,Pelagic detritus,p,5090.259743360343,5090.544059751688,"Freeze completed living P,Q,diet,predation,accumulation,migration. Solve EE for SM; detritus accumulation absorbs routed inflow at fixed predation. No new consumption is assumed.",SR,0.08
13_2_Northern_Humboldt_Current_(1995-1998),routing_scenario,39,Benthic detritus,q,1751.6112896867576,1754.1701372088587,"Freeze completed living P,Q,diet,predation,accumulation,migration. Solve EE for SM; detritus accumulation absorbs routed inflow at fixed predation. No new consumption is assumed.",SR,0.08
13_2_Northern_Humboldt_Current_(1995-1998),routing_scenario,38,Pelagic detritus,q,5090.259743360343,5090.544059751688,"Freeze completed living P,Q,diet,predation,accumulation,migration. Solve EE for SM; detritus accumulation absorbs routed inflow at fixed predation. No new consumption is assumed.",SR,0.08
13_2_Northern_Humboldt_Current_(1995-1998),routing_scenario,39,Benthic detritus,growth,-4340.9949724808885,-4338.436124958787,"Freeze completed living P,Q,diet,predation,accumulation,migration. Solve EE for SM; detritus accumulation absorbs routed inflow at fixed predation. No new consumption is assumed.",SR,0.08
13_2_Northern_Humboldt_Current_(1995-1998),routing_scenario,38,Pelagic detritus,growth,5090.259743360343,5090.544059751688,"Freeze completed living P,Q,diet,predation,accumulation,migration. Solve EE for SM; detritus accumulation absorbs routed inflow at fixed predation. No new consumption is assumed.",SR,0.08
13_2_Northern_Humboldt_Current_(1995-1998),routing_scenario,39,Benthic detritus,p,1751.6112896867576,1754.2386862402054,"Freeze completed living P,Q,diet,predation,accumulation,migration. Solve EE for SM; detritus accumulation absorbs routed inflow at fixed predation. No new consumption is assumed.",SM,0.09
13_2_Northern_Humboldt_Current_(1995-1998),routing_scenario,38,Pelagic detritus,p,5090.259743360343,5090.309581484124,"Freeze completed living P,Q,diet,predation,accumulation,migration. Solve EE for SM; detritus accumulation absorbs routed inflow at fixed predation. No new consumption is assumed.",SM,0.09
13_2_Northern_Humboldt_Current_(1995-1998),routing_scenario,36,Anchovy eggs,p,81.93913403799536,82.46045876339412,"Freeze completed living P,Q,diet,predation,accumulation,migration. Solve EE for SM; detritus accumulation absorbs routed inflow at fixed predation. No new consumption is assumed.",SM,0.09
13_2_Northern_Humboldt_Current_(1995-1998),routing_scenario,39,Benthic detritus,q,1751.6112896867576,1754.2386862402054,"Freeze completed living P,Q,diet,predation,accumulation,migration. Solve EE for SM; detritus accumulation absorbs routed inflow at fixed predation. No new consumption is assumed.",SM,0.09
13_2_Northern_Humboldt_Current_(1995-1998),routing_scenario,38,Pelagic detritus,q,5090.259743360343,5090.309581484124,"Freeze completed living P,Q,diet,predation,accumulation,migration. Solve EE for SM; detritus accumulation absorbs routed inflow at fixed predation. No new consumption is assumed.",SM,0.09
13_2_Northern_Humboldt_Current_(1995-1998),routing_scenario,36,Anchovy eggs,q,81.93913403799536,82.46045876339412,"Freeze completed living P,Q,diet,predation,accumulation,migration. Solve EE for SM; detritus accumulation absorbs routed inflow at fixed predation. No new consumption is assumed.",SM,0.09
13_2_Northern_Humboldt_Current_(1995-1998),routing_scenario,30,Chondrichthyans,M0,0.01111863866537926,0.01241431119587926,"Freeze completed living P,Q,diet,predation,accumulation,migration. Solve EE for SM; detritus accumulation absorbs routed inflow at fixed predation. No new consumption is assumed.",SM,0.09
13_2_Northern_Humboldt_Current_(1995-1998),routing_scenario,29,Catfish,M0,0.0986964358664111,0.1292758258664111,"Freeze completed living P,Q,diet,predation,accumulation,migration. Solve EE for SM; detritus accumulation absorbs routed inflow at fixed predation. No new consumption is assumed.",SM,0.09
13_2_Northern_Humboldt_Current_(1995-1998),routing_scenario,27,Medium sciaenids,M0,0.07797065965059131,0.08348756172609131,"Freeze completed living P,Q,diet,predation,accumulation,migration. Solve EE for SM; detritus accumulation absorbs routed inflow at fixed predation. No new consumption is assumed.",SM,0.09
13_2_Northern_Humboldt_Current_(1995-1998),routing_scenario,26,Medium demersal fish,M0,0.0702195877127324,0.0836806581677324,"Freeze completed living P,Q,diet,predation,accumulation,migration. Solve EE for SM; detritus accumulation absorbs routed inflow at fixed predation. No new consumption is assumed.",SM,0.09
13_2_Northern_Humboldt_Current_(1995-1998),routing_scenario,23,Benthic elasmobranchs,M0,0.02098836399473636,0.02463441129773636,"Freeze completed living P,Q,diet,predation,accumulation,migration. Solve EE for SM; detritus accumulation absorbs routed inflow at fixed predation. No new consumption is assumed.",SM,0.09
13_2_Northern_Humboldt_Current_(1995-1998),routing_scenario,22,Small demersal fish,M0,3.2426595415784147,3.2444000723054147,"Freeze completed living P,Q,diet,predation,accumulation,migration. Solve EE for SM; detritus accumulation absorbs routed inflow at fixed predation. No new consumption is assumed.",SM,0.09
13_2_Northern_Humboldt_Current_(1995-1998),routing_scenario,21,Flatfish,M0,3.451325833853003e-05,0.00039975370228853004,"Freeze completed living P,Q,diet,predation,accumulation,migration. Solve EE for SM; detritus accumulation absorbs routed inflow at fixed predation. No new consumption is assumed.",SM,0.09
13_2_Northern_Humboldt_Current_(1995-1998),routing_scenario,20,Large hake,M0,0.006700170035899526,0.010870298695099524,"Freeze completed living P,Q,diet,predation,accumulation,migration. Solve EE for SM; detritus accumulation absorbs routed inflow at fixed predation. No new consumption is assumed.",SM,0.09
13_2_Northern_Humboldt_Current_(1995-1998),routing_scenario,19,Medium hake,M0,0.44286476478316994,0.44724560478316994,"Freeze completed living P,Q,diet,predation,accumulation,migration. Solve EE for SM; detritus accumulation absorbs routed inflow at fixed predation. No new consumption is assumed.",SM,0.09
13_2_Northern_Humboldt_Current_(1995-1998),routing_scenario,18,Small hake,M0,0.628031663830784,0.732963992806784,"Freeze completed living P,Q,diet,predation,accumulation,migration. Solve EE for SM; detritus accumulation absorbs routed inflow at fixed predation. No new consumption is assumed.",SM,0.09
13_2_Northern_Humboldt_Current_(1995-1998),routing_scenario,17,Other large pelagic fish,M0,0.3416564469598926,0.3717001581748926,"Freeze completed living P,Q,diet,predation,accumulation,migration. Solve EE for SM; detritus accumulation absorbs routed inflow at fixed predation. No new consumption is assumed.",SM,0.09
13_2_Northern_Humboldt_Current_(1995-1998),routing_scenario,16,Chub mackerel,M0,5.522509613684951,5.589348489398951,"Freeze completed living P,Q,diet,predation,accumulation,migration. Solve EE for SM; detritus accumulation absorbs routed inflow at fixed predation. No new consumption is assumed.",SM,0.09
13_2_Northern_Humboldt_Current_(1995-1998),routing_scenario,15,Horse mackerel,M0,6.695953029518151,6.853140094631151,"Freeze completed living P,Q,diet,predation,accumulation,migration. Solve EE for SM; detritus accumulation absorbs routed inflow at fixed predation. No new consumption is assumed.",SM,0.09
13_2_Northern_Humboldt_Current_(1995-1998),routing_scenario,14,Other small pelagic fish,M0,1.0995008229018595,1.2515822392518594,"Freeze completed living P,Q,diet,predation,accumulation,migration. Solve EE for SM; detritus accumulation absorbs routed inflow at fixed predation. No new consumption is assumed.",SM,0.09
13_2_Northern_Humboldt_Current_(1995-1998),routing_scenario,13,Other cephalopods,M0,0.38835856631069415,0.3915509423190692,"Freeze completed living P,Q,diet,predation,accumulation,migration. Solve EE for SM; detritus accumulation absorbs routed inflow at fixed predation. No new consumption is assumed.",SM,0.09
13_2_Northern_Humboldt_Current_(1995-1998),routing_scenario,12,Jumbo squid,M0,0.6834706928629479,0.692962389831448,"Freeze completed living P,Q,diet,predation,accumulation,migration. Solve EE for SM; detritus accumulation absorbs routed inflow at fixed predation. No new consumption is assumed.",SM,0.09
13_2_Northern_Humboldt_Current_(1995-1998),routing_scenario,10,Anchovy,M0,21.594902660465323,23.680201562060322,"Freeze completed living P,Q,diet,predation,accumulation,migration. Solve EE for SM; detritus accumulation absorbs routed inflow at fixed predation. No new consumption is assumed.",SM,0.09
13_2_Northern_Humboldt_Current_(1995-1998),routing_scenario,9,Sardine,M0,0.45094358787714506,0.975280796369645,"Freeze completed living P,Q,diet,predation,accumulation,migration. Solve EE for SM; detritus accumulation absorbs routed inflow at fixed predation. No new consumption is assumed.",SM,0.09
13_2_Northern_Humboldt_Current_(1995-1998),routing_scenario,30,Chondrichthyans,EE,0.564231276512146,0.5134504586740476,"Freeze completed living P,Q,diet,predation,accumulation,migration. Solve EE for SM; detritus accumulation absorbs routed inflow at fixed predation. No new consumption is assumed.",SM,0.09
13_2_Northern_Humboldt_Current_(1995-1998),routing_scenario,29,Catfish,EE,0.8212506771087646,0.7658682794675217,"Freeze completed living P,Q,diet,predation,accumulation,migration. Solve EE for SM; detritus accumulation absorbs routed inflow at fixed predation. No new consumption is assumed.",SM,0.09
13_2_Northern_Humboldt_Current_(1995-1998),routing_scenario,27,Medium sciaenids,EE,0.7098218202590942,0.6892899354545865,"Freeze completed living P,Q,diet,predation,accumulation,migration. Solve EE for SM; detritus accumulation absorbs routed inflow at fixed predation. No new consumption is assumed.",SM,0.09
13_2_Northern_Humboldt_Current_(1995-1998),routing_scenario,26,Medium demersal fish,EE,0.8201572895050049,0.785681504675634,"Freeze completed living P,Q,diet,predation,accumulation,migration. Solve EE for SM; detritus accumulation absorbs routed inflow at fixed predation. No new consumption is assumed.",SM,0.09
13_2_Northern_Humboldt_Current_(1995-1998),routing_scenario,23,Benthic elasmobranchs,EE,0.6587257981300354,0.5994404777675946,"Freeze completed living P,Q,diet,predation,accumulation,migration. Solve EE for SM; detritus accumulation absorbs routed inflow at fixed predation. No new consumption is assumed.",SM,0.09
13_2_Northern_Humboldt_Current_(1995-1998),routing_scenario,22,Small demersal fish,EE,0.7304298281669617,0.7302851336157323,"Freeze completed living P,Q,diet,predation,accumulation,migration. Solve EE for SM; detritus accumulation absorbs routed inflow at fixed predation. No new consumption is assumed.",SM,0.09
13_2_Northern_Humboldt_Current_(1995-1998),routing_scenario,21,Flatfish,EE,0.9954587817192078,0.9474008277387012,"Freeze completed living P,Q,diet,predation,accumulation,migration. Solve EE for SM; detritus accumulation absorbs routed inflow at fixed predation. No new consumption is assumed.",SM,0.09
13_2_Northern_Humboldt_Current_(1995-1998),routing_scenario,20,Large hake,EE,0.8738672733306885,0.7953633405157775,"Freeze completed living P,Q,diet,predation,accumulation,migration. Solve EE for SM; detritus accumulation absorbs routed inflow at fixed predation. No new consumption is assumed.",SM,0.09
13_2_Northern_Humboldt_Current_(1995-1998),routing_scenario,19,Medium hake,EE,0.14074458181858063,0.13224478502840498,"Freeze completed living P,Q,diet,predation,accumulation,migration. Solve EE for SM; detritus accumulation absorbs routed inflow at fixed predation. No new consumption is assumed.",SM,0.09
13_2_Northern_Humboldt_Current_(1995-1998),routing_scenario,18,Small hake,EE,0.7213676571846008,0.6748134110478379,"Freeze completed living P,Q,diet,predation,accumulation,migration. Solve EE for SM; detritus accumulation absorbs routed inflow at fixed predation. No new consumption is assumed.",SM,0.09
13_2_Northern_Humboldt_Current_(1995-1998),routing_scenario,17,Other large pelagic fish,EE,0.533972442150116,0.4929921021306073,"Freeze completed living P,Q,diet,predation,accumulation,migration. Solve EE for SM; detritus accumulation absorbs routed inflow at fixed predation. No new consumption is assumed.",SM,0.09
13_2_Northern_Humboldt_Current_(1995-1998),routing_scenario,16,Chub mackerel,EE,0.15512745082378387,0.14490196725583793,"Freeze completed living P,Q,diet,predation,accumulation,migration. Solve EE for SM; detritus accumulation absorbs routed inflow at fixed predation. No new consumption is assumed.",SM,0.09
13_2_Northern_Humboldt_Current_(1995-1998),routing_scenario,15,Horse mackerel,EE,0.23551708459854126,0.2175708975104229,"Freeze completed living P,Q,diet,predation,accumulation,migration. Solve EE for SM; detritus accumulation absorbs routed inflow at fixed predation. No new consumption is assumed.",SM,0.09
13_2_Northern_Humboldt_Current_(1995-1998),routing_scenario,14,Other small pelagic fish,EE,0.8999999761581421,0.88616811269417,"Freeze completed living P,Q,diet,predation,accumulation,migration. Solve EE for SM; detritus accumulation absorbs routed inflow at fixed predation. No new consumption is assumed.",SM,0.09
13_2_Northern_Humboldt_Current_(1995-1998),routing_scenario,13,Other cephalopods,EE,0.949999988079071,0.9495889791498973,"Freeze completed living P,Q,diet,predation,accumulation,migration. Solve EE for SM; detritus accumulation absorbs routed inflow at fixed predation. No new consumption is assumed.",SM,0.09
13_2_Northern_Humboldt_Current_(1995-1998),routing_scenario,12,Jumbo squid,EE,0.7999784350395203,0.7972006362229868,"Freeze completed living P,Q,diet,predation,accumulation,migration. Solve EE for SM; detritus accumulation absorbs routed inflow at fixed predation. No new consumption is assumed.",SM,0.09
13_2_Northern_Humboldt_Current_(1995-1998),routing_scenario,10,Anchovy,EE,0.8148474097251892,0.7969682602241184,"Freeze completed living P,Q,diet,predation,accumulation,migration. Solve EE for SM; detritus accumulation absorbs routed inflow at fixed predation. No new consumption is assumed.",SM,0.09
13_2_Northern_Humboldt_Current_(1995-1998),routing_scenario,9,Sardine,EE,0.9700034856796265,0.9351248689167355,"Freeze completed living P,Q,diet,predation,accumulation,migration. Solve EE for SM; detritus accumulation absorbs routed inflow at fixed predation. No new consumption is assumed.",SM,0.09
13_2_Northern_Humboldt_Current_(1995-1998),routing_scenario,30,Chondrichthyans,catch,0.01439636145,0.013100688919500001,"Freeze completed living P,Q,diet,predation,accumulation,migration. Solve EE for SM; detritus accumulation absorbs routed inflow at fixed predation. No new consumption is assumed.",SM,0.09
13_2_Northern_Humboldt_Current_(1995-1998),routing_scenario,29,Catfish,catch,0.33977100000000005,0.30919161000000006,"Freeze completed living P,Q,diet,predation,accumulation,migration. Solve EE for SM; detritus accumulation absorbs routed inflow at fixed predation. No new consumption is assumed.",SM,0.09
13_2_Northern_Humboldt_Current_(1995-1998),routing_scenario,27,Medium sciaenids,catch,0.06129891195000001,0.05578200987450001,"Freeze completed living P,Q,diet,predation,accumulation,migration. Solve EE for SM; detritus accumulation absorbs routed inflow at fixed predation. No new consumption is assumed.",SM,0.09
13_2_Northern_Humboldt_Current_(1995-1998),routing_scenario,26,Medium demersal fish,catch,0.1495674495,0.136106379045,"Freeze completed living P,Q,diet,predation,accumulation,migration. Solve EE for SM; detritus accumulation absorbs routed inflow at fixed predation. No new consumption is assumed.",SM,0.09
13_2_Northern_Humboldt_Current_(1995-1998),routing_scenario,23,Benthic elasmobranchs,catch,0.040511636700000006,0.036865589397000006,"Freeze completed living P,Q,diet,predation,accumulation,migration. Solve EE for SM; detritus accumulation absorbs routed inflow at fixed predation. No new consumption is assumed.",SM,0.09
13_2_Northern_Humboldt_Current_(1995-1998),routing_scenario,22,Small demersal fish,catch,0.019339230299999996,0.017598699572999997,"Freeze completed living P,Q,diet,predation,accumulation,migration. Solve EE for SM; detritus accumulation absorbs routed inflow at fixed predation. No new consumption is assumed.",SM,0.09
13_2_Northern_Humboldt_Current_(1995-1998),routing_scenario,21,Flatfish,catch,0.004058227155,0.0036929867110500002,"Freeze completed living P,Q,diet,predation,accumulation,migration. Solve EE for SM; detritus accumulation absorbs routed inflow at fixed predation. No new consumption is assumed.",SM,0.09
13_2_Northern_Humboldt_Current_(1995-1998),routing_scenario,20,Large hake,catch,0.04633476287999999,0.042164634220799996,"Freeze completed living P,Q,diet,predation,accumulation,migration. Solve EE for SM; detritus accumulation absorbs routed inflow at fixed predation. No new consumption is assumed.",SM,0.09
13_2_Northern_Humboldt_Current_(1995-1998),routing_scenario,19,Medium hake,catch,0.048676,0.04429516,"Freeze completed living P,Q,diet,predation,accumulation,migration. Solve EE for SM; detritus accumulation absorbs routed inflow at fixed predation. No new consumption is assumed.",SM,0.09
13_2_Northern_Humboldt_Current_(1995-1998),routing_scenario,18,Small hake,catch,1.1659147664,1.060982437424,"Freeze completed living P,Q,diet,predation,accumulation,migration. Solve EE for SM; detritus accumulation absorbs routed inflow at fixed predation. No new consumption is assumed.",SM,0.09
13_2_Northern_Humboldt_Current_(1995-1998),routing_scenario,17,Other large pelagic fish,catch,0.3338190135,0.303775302285,"Freeze completed living P,Q,diet,predation,accumulation,migration. Solve EE for SM; detritus accumulation absorbs routed inflow at fixed predation. No new consumption is assumed.",SM,0.09
13_2_Northern_Humboldt_Current_(1995-1998),routing_scenario,16,Chub mackerel,catch,0.7426541746,0.6758152988860001,"Freeze completed living P,Q,diet,predation,accumulation,migration. Solve EE for SM; detritus accumulation absorbs routed inflow at fixed predation. No new consumption is assumed.",SM,0.09
13_2_Northern_Humboldt_Current_(1995-1998),routing_scenario,15,Horse mackerel,catch,1.7465229457,1.5893358805870001,"Freeze completed living P,Q,diet,predation,accumulation,migration. Solve EE for SM; detritus accumulation absorbs routed inflow at fixed predation. No new consumption is assumed.",SM,0.09
13_2_Northern_Humboldt_Current_(1995-1998),routing_scenario,14,Other small pelagic fish,catch,1.689793515,1.5377120986500001,"Freeze completed living P,Q,diet,predation,accumulation,migration. Solve EE for SM; detritus accumulation absorbs routed inflow at fixed predation. No new consumption is assumed.",SM,0.09
13_2_Northern_Humboldt_Current_(1995-1998),routing_scenario,13,Other cephalopods,catch,0.0354708445375,0.032278468529125,"Freeze completed living P,Q,diet,predation,accumulation,migration. Solve EE for SM; detritus accumulation absorbs routed inflow at fixed predation. No new consumption is assumed.",SM,0.09
13_2_Northern_Humboldt_Current_(1995-1998),routing_scenario,12,Jumbo squid,catch,0.10546329965,0.0959716026815,"Freeze completed living P,Q,diet,predation,accumulation,migration. Solve EE for SM; detritus accumulation absorbs routed inflow at fixed predation. No new consumption is assumed.",SM,0.09
13_2_Northern_Humboldt_Current_(1995-1998),routing_scenario,10,Anchovy,catch,23.1699877955,21.084688893905,"Freeze completed living P,Q,diet,predation,accumulation,migration. Solve EE for SM; detritus accumulation absorbs routed inflow at fixed predation. No new consumption is assumed.",SM,0.09
13_2_Northern_Humboldt_Current_(1995-1998),routing_scenario,9,Sardine,catch,5.82596898325,5.3016317747575,"Freeze completed living P,Q,diet,predation,accumulation,migration. Solve EE for SM; detritus accumulation absorbs routed inflow at fixed predation. No new consumption is assumed.",SM,0.09
13_2_Northern_Humboldt_Current_(1995-1998),routing_scenario,39,Benthic detritus,growth,-4340.9949724808885,-4338.367575927441,"Freeze completed living P,Q,diet,predation,accumulation,migration. Solve EE for SM; detritus accumulation absorbs routed inflow at fixed predation. No new consumption is assumed.",SM,0.09
13_2_Northern_Humboldt_Current_(1995-1998),routing_scenario,38,Pelagic detritus,growth,5090.259743360343,5090.309581484124,"Freeze completed living P,Q,diet,predation,accumulation,migration. Solve EE for SM; detritus accumulation absorbs routed inflow at fixed predation. No new consumption is assumed.",SM,0.09
13_2_Northern_Humboldt_Current_(1995-1998),routing_scenario,36,Anchovy eggs,growth,12.539441007952618,13.060765733351374,"Freeze completed living P,Q,diet,predation,accumulation,migration. Solve EE for SM; detritus accumulation absorbs routed inflow at fixed predation. No new consumption is assumed.",SM,0.09
13_2_Northern_Humboldt_Current_(1995-1998),routing_scenario,30,Chondrichthyans,catch,0.01439636145,0.013100688919500001,"Freeze completed living P,Q,diet,predation,accumulation,migration. Solve EE for SM; detritus accumulation absorbs routed inflow at fixed predation. No new consumption is assumed.",SE,0.09
13_2_Northern_Humboldt_Current_(1995-1998),routing_scenario,29,Catfish,catch,0.33977100000000005,0.30919161000000006,"Freeze completed living P,Q,diet,predation,accumulation,migration. Solve EE for SM; detritus accumulation absorbs routed inflow at fixed predation. No new consumption is assumed.",SE,0.09
13_2_Northern_Humboldt_Current_(1995-1998),routing_scenario,27,Medium sciaenids,catch,0.06129891195000001,0.05578200987450001,"Freeze completed living P,Q,diet,predation,accumulation,migration. Solve EE for SM; detritus accumulation absorbs routed inflow at fixed predation. No new consumption is assumed.",SE,0.09
13_2_Northern_Humboldt_Current_(1995-1998),routing_scenario,26,Medium demersal fish,catch,0.1495674495,0.136106379045,"Freeze completed living P,Q,diet,predation,accumulation,migration. Solve EE for SM; detritus accumulation absorbs routed inflow at fixed predation. No new consumption is assumed.",SE,0.09
13_2_Northern_Humboldt_Current_(1995-1998),routing_scenario,23,Benthic elasmobranchs,catch,0.040511636700000006,0.036865589397000006,"Freeze completed living P,Q,diet,predation,accumulation,migration. Solve EE for SM; detritus accumulation absorbs routed inflow at fixed predation. No new consumption is assumed.",SE,0.09
13_2_Northern_Humboldt_Current_(1995-1998),routing_scenario,22,Small demersal fish,catch,0.019339230299999996,0.017598699572999997,"Freeze completed living P,Q,diet,predation,accumulation,migration. Solve EE for SM; detritus accumulation absorbs routed inflow at fixed predation. No new consumption is assumed.",SE,0.09
13_2_Northern_Humboldt_Current_(1995-1998),routing_scenario,21,Flatfish,catch,0.004058227155,0.0036929867110500002,"Freeze completed living P,Q,diet,predation,accumulation,migration. Solve EE for SM; detritus accumulation absorbs routed inflow at fixed predation. No new consumption is assumed.",SE,0.09
13_2_Northern_Humboldt_Current_(1995-1998),routing_scenario,20,Large hake,catch,0.04633476287999999,0.042164634220799996,"Freeze completed living P,Q,diet,predation,accumulation,migration. Solve EE for SM; detritus accumulation absorbs routed inflow at fixed predation. No new consumption is assumed.",SE,0.09
13_2_Northern_Humboldt_Current_(1995-1998),routing_scenario,19,Medium hake,catch,0.048676,0.04429516,"Freeze completed living P,Q,diet,predation,accumulation,migration. Solve EE for SM; detritus accumulation absorbs routed inflow at fixed predation. No new consumption is assumed.",SE,0.09
13_2_Northern_Humboldt_Current_(1995-1998),routing_scenario,18,Small hake,catch,1.1659147664,1.060982437424,"Freeze completed living P,Q,diet,predation,accumulation,migration. Solve EE for SM; detritus accumulation absorbs routed inflow at fixed predation. No new consumption is assumed.",SE,0.09
13_2_Northern_Humboldt_Current_(1995-1998),routing_scenario,17,Other large pelagic fish,catch,0.3338190135,0.303775302285,"Freeze completed living P,Q,diet,predation,accumulation,migration. Solve EE for SM; detritus accumulation absorbs routed inflow at fixed predation. No new consumption is assumed.",SE,0.09
13_2_Northern_Humboldt_Current_(1995-1998),routing_scenario,16,Chub mackerel,catch,0.7426541746,0.6758152988860001,"Freeze completed living P,Q,diet,predation,accumulation,migration. Solve EE for SM; detritus accumulation absorbs routed inflow at fixed predation. No new consumption is assumed.",SE,0.09
13_2_Northern_Humboldt_Current_(1995-1998),routing_scenario,15,Horse mackerel,catch,1.7465229457,1.5893358805870001,"Freeze completed living P,Q,diet,predation,accumulation,migration. Solve EE for SM; detritus accumulation absorbs routed inflow at fixed predation. No new consumption is assumed.",SE,0.09
13_2_Northern_Humboldt_Current_(1995-1998),routing_scenario,14,Other small pelagic fish,catch,1.689793515,1.5377120986500001,"Freeze completed living P,Q,diet,predation,accumulation,migration. Solve EE for SM; detritus accumulation absorbs routed inflow at fixed predation. No new consumption is assumed.",SE,0.09
13_2_Northern_Humboldt_Current_(1995-1998),routing_scenario,13,Other cephalopods,catch,0.0354708445375,0.032278468529125,"Freeze completed living P,Q,diet,predation,accumulation,migration. Solve EE for SM; detritus accumulation absorbs routed inflow at fixed predation. No new consumption is assumed.",SE,0.09
13_2_Northern_Humboldt_Current_(1995-1998),routing_scenario,12,Jumbo squid,catch,0.10546329965,0.0959716026815,"Freeze completed living P,Q,diet,predation,accumulation,migration. Solve EE for SM; detritus accumulation absorbs routed inflow at fixed predation. No new consumption is assumed.",SE,0.09
13_2_Northern_Humboldt_Current_(1995-1998),routing_scenario,10,Anchovy,catch,23.1699877955,21.084688893905,"Freeze completed living P,Q,diet,predation,accumulation,migration. Solve EE for SM; detritus accumulation absorbs routed inflow at fixed predation. No new consumption is assumed.",SE,0.09
13_2_Northern_Humboldt_Current_(1995-1998),routing_scenario,9,Sardine,catch,5.82596898325,5.3016317747575,"Freeze completed living P,Q,diet,predation,accumulation,migration. Solve EE for SM; detritus accumulation absorbs routed inflow at fixed predation. No new consumption is assumed.",SE,0.09
13_2_Northern_Humboldt_Current_(1995-1998),routing_scenario,30,Chondrichthyans,external_loss,0.0,0.0012956725305,"Freeze completed living P,Q,diet,predation,accumulation,migration. Solve EE for SM; detritus accumulation absorbs routed inflow at fixed predation. No new consumption is assumed.",SE,0.09
13_2_Northern_Humboldt_Current_(1995-1998),routing_scenario,29,Catfish,external_loss,0.0,0.03057939,"Freeze completed living P,Q,diet,predation,accumulation,migration. Solve EE for SM; detritus accumulation absorbs routed inflow at fixed predation. No new consumption is assumed.",SE,0.09
13_2_Northern_Humboldt_Current_(1995-1998),routing_scenario,27,Medium sciaenids,external_loss,0.0,0.0055169020755,"Freeze completed living P,Q,diet,predation,accumulation,migration. Solve EE for SM; detritus accumulation absorbs routed inflow at fixed predation. No new consumption is assumed.",SE,0.09
13_2_Northern_Humboldt_Current_(1995-1998),routing_scenario,26,Medium demersal fish,external_loss,0.0,0.013461070455,"Freeze completed living P,Q,diet,predation,accumulation,migration. Solve EE for SM; detritus accumulation absorbs routed inflow at fixed predation. No new consumption is assumed.",SE,0.09
13_2_Northern_Humboldt_Current_(1995-1998),routing_scenario,23,Benthic elasmobranchs,external_loss,0.0,0.0036460473030000004,"Freeze completed living P,Q,diet,predation,accumulation,migration. Solve EE for SM; detritus accumulation absorbs routed inflow at fixed predation. No new consumption is assumed.",SE,0.09
13_2_Northern_Humboldt_Current_(1995-1998),routing_scenario,22,Small demersal fish,external_loss,0.0,0.0017405307269999996,"Freeze completed living P,Q,diet,predation,accumulation,migration. Solve EE for SM; detritus accumulation absorbs routed inflow at fixed predation. No new consumption is assumed.",SE,0.09
13_2_Northern_Humboldt_Current_(1995-1998),routing_scenario,21,Flatfish,external_loss,0.0,0.00036524044395,"Freeze completed living P,Q,diet,predation,accumulation,migration. Solve EE for SM; detritus accumulation absorbs routed inflow at fixed predation. No new consumption is assumed.",SE,0.09
13_2_Northern_Humboldt_Current_(1995-1998),routing_scenario,20,Large hake,external_loss,0.0,0.004170128659199999,"Freeze completed living P,Q,diet,predation,accumulation,migration. Solve EE for SM; detritus accumulation absorbs routed inflow at fixed predation. No new consumption is assumed.",SE,0.09
13_2_Northern_Humboldt_Current_(1995-1998),routing_scenario,19,Medium hake,external_loss,0.0,0.0043808399999999996,"Freeze completed living P,Q,diet,predation,accumulation,migration. Solve EE for SM; detritus accumulation absorbs routed inflow at fixed predation. No new consumption is assumed.",SE,0.09
13_2_Northern_Humboldt_Current_(1995-1998),routing_scenario,18,Small hake,external_loss,0.0,0.104932328976,"Freeze completed living P,Q,diet,predation,accumulation,migration. Solve EE for SM; detritus accumulation absorbs routed inflow at fixed predation. No new consumption is assumed.",SE,0.09
13_2_Northern_Humboldt_Current_(1995-1998),routing_scenario,17,Other large pelagic fish,external_loss,0.0,0.030043711214999998,"Freeze completed living P,Q,diet,predation,accumulation,migration. Solve EE for SM; detritus accumulation absorbs routed inflow at fixed predation. No new consumption is assumed.",SE,0.09
13_2_Northern_Humboldt_Current_(1995-1998),routing_scenario,16,Chub mackerel,external_loss,0.0,0.066838875714,"Freeze completed living P,Q,diet,predation,accumulation,migration. Solve EE for SM; detritus accumulation absorbs routed inflow at fixed predation. No new consumption is assumed.",SE,0.09
13_2_Northern_Humboldt_Current_(1995-1998),routing_scenario,15,Horse mackerel,external_loss,0.0,0.15718706511299999,"Freeze completed living P,Q,diet,predation,accumulation,migration. Solve EE for SM; detritus accumulation absorbs routed inflow at fixed predation. No new consumption is assumed.",SE,0.09
13_2_Northern_Humboldt_Current_(1995-1998),routing_scenario,14,Other small pelagic fish,external_loss,0.0,0.15208141635,"Freeze completed living P,Q,diet,predation,accumulation,migration. Solve EE for SM; detritus accumulation absorbs routed inflow at fixed predation. No new consumption is assumed.",SE,0.09
13_2_Northern_Humboldt_Current_(1995-1998),routing_scenario,13,Other cephalopods,external_loss,0.0,0.0031923760083749997,"Freeze completed living P,Q,diet,predation,accumulation,migration. Solve EE for SM; detritus accumulation absorbs routed inflow at fixed predation. No new consumption is assumed.",SE,0.09
13_2_Northern_Humboldt_Current_(1995-1998),routing_scenario,12,Jumbo squid,external_loss,0.0,0.0094916969685,"Freeze completed living P,Q,diet,predation,accumulation,migration. Solve EE for SM; detritus accumulation absorbs routed inflow at fixed predation. No new consumption is assumed.",SE,0.09
13_2_Northern_Humboldt_Current_(1995-1998),routing_scenario,10,Anchovy,external_loss,0.0,2.085298901595,"Freeze completed living P,Q,diet,predation,accumulation,migration. Solve EE for SM; detritus accumulation absorbs routed inflow at fixed predation. No new consumption is assumed.",SE,0.09
13_2_Northern_Humboldt_Current_(1995-1998),routing_scenario,9,Sardine,external_loss,0.0,0.5243372084925,"Freeze completed living P,Q,diet,predation,accumulation,migration. Solve EE for SM; detritus accumulation absorbs routed inflow at fixed predation. No new consumption is assumed.",SE,0.09
13_2_Northern_Humboldt_Current_(1995-1998),routing_scenario,39,Benthic detritus,p,1751.6112896867576,1754.4899931491213,"Freeze completed living P,Q,diet,predation,accumulation,migration. Solve EE for SM; detritus accumulation absorbs routed inflow at fixed predation. No new consumption is assumed.",SR,0.09
13_2_Northern_Humboldt_Current_(1995-1998),routing_scenario,38,Pelagic detritus,p,5090.259743360343,5090.579599300606,"Freeze completed living P,Q,diet,predation,accumulation,migration. Solve EE for SM; detritus accumulation absorbs routed inflow at fixed predation. No new consumption is assumed.",SR,0.09
13_2_Northern_Humboldt_Current_(1995-1998),routing_scenario,39,Benthic detritus,q,1751.6112896867576,1754.4899931491213,"Freeze completed living P,Q,diet,predation,accumulation,migration. Solve EE for SM; detritus accumulation absorbs routed inflow at fixed predation. No new consumption is assumed.",SR,0.09
13_2_Northern_Humboldt_Current_(1995-1998),routing_scenario,38,Pelagic detritus,q,5090.259743360343,5090.579599300606,"Freeze completed living P,Q,diet,predation,accumulation,migration. Solve EE for SM; detritus accumulation absorbs routed inflow at fixed predation. No new consumption is assumed.",SR,0.09
13_2_Northern_Humboldt_Current_(1995-1998),routing_scenario,39,Benthic detritus,growth,-4340.9949724808885,-4338.116269018525,"Freeze completed living P,Q,diet,predation,accumulation,migration. Solve EE for SM; detritus accumulation absorbs routed inflow at fixed predation. No new consumption is assumed.",SR,0.09
13_2_Northern_Humboldt_Current_(1995-1998),routing_scenario,38,Pelagic detritus,growth,5090.259743360343,5090.579599300606,"Freeze completed living P,Q,diet,predation,accumulation,migration. Solve EE for SM; detritus accumulation absorbs routed inflow at fixed predation. No new consumption is assumed.",SR,0.09
13_2_Northern_Humboldt_Current_(1995-1998),routing_scenario,39,Benthic detritus,p,1751.6112896867576,1754.5306191905886,"Freeze completed living P,Q,diet,predation,accumulation,migration. Solve EE for SM; detritus accumulation absorbs routed inflow at fixed predation. No new consumption is assumed.",SM,0.1
13_2_Northern_Humboldt_Current_(1995-1998),routing_scenario,38,Pelagic detritus,p,5090.259743360343,5090.315119053433,"Freeze completed living P,Q,diet,predation,accumulation,migration. Solve EE for SM; detritus accumulation absorbs routed inflow at fixed predation. No new consumption is assumed.",SM,0.1
13_2_Northern_Humboldt_Current_(1995-1998),routing_scenario,36,Anchovy eggs,p,81.93913403799536,82.51838373288285,"Freeze completed living P,Q,diet,predation,accumulation,migration. Solve EE for SM; detritus accumulation absorbs routed inflow at fixed predation. No new consumption is assumed.",SM,0.1
13_2_Northern_Humboldt_Current_(1995-1998),routing_scenario,39,Benthic detritus,q,1751.6112896867576,1754.5306191905886,"Freeze completed living P,Q,diet,predation,accumulation,migration. Solve EE for SM; detritus accumulation absorbs routed inflow at fixed predation. No new consumption is assumed.",SM,0.1
13_2_Northern_Humboldt_Current_(1995-1998),routing_scenario,38,Pelagic detritus,q,5090.259743360343,5090.315119053433,"Freeze completed living P,Q,diet,predation,accumulation,migration. Solve EE for SM; detritus accumulation absorbs routed inflow at fixed predation. No new consumption is assumed.",SM,0.1
13_2_Northern_Humboldt_Current_(1995-1998),routing_scenario,36,Anchovy eggs,q,81.93913403799536,82.51838373288285,"Freeze completed living P,Q,diet,predation,accumulation,migration. Solve EE for SM; detritus accumulation absorbs routed inflow at fixed predation. No new consumption is assumed.",SM,0.1
13_2_Northern_Humboldt_Current_(1995-1998),routing_scenario,30,Chondrichthyans,M0,0.01111863866537926,0.012558274810379261,"Freeze completed living P,Q,diet,predation,accumulation,migration. Solve EE for SM; detritus accumulation absorbs routed inflow at fixed predation. No new consumption is assumed.",SM,0.1
13_2_Northern_Humboldt_Current_(1995-1998),routing_scenario,29,Catfish,M0,0.0986964358664111,0.1326735358664111,"Freeze completed living P,Q,diet,predation,accumulation,migration. Solve EE for SM; detritus accumulation absorbs routed inflow at fixed predation. No new consumption is assumed.",SM,0.1
13_2_Northern_Humboldt_Current_(1995-1998),routing_scenario,27,Medium sciaenids,M0,0.07797065965059131,0.08410055084559132,"Freeze completed living P,Q,diet,predation,accumulation,migration. Solve EE for SM; detritus accumulation absorbs routed inflow at fixed predation. No new consumption is assumed.",SM,0.1
13_2_Northern_Humboldt_Current_(1995-1998),routing_scenario,26,Medium demersal fish,M0,0.0702195877127324,0.0851763326627324,"Freeze completed living P,Q,diet,predation,accumulation,migration. Solve EE for SM; detritus accumulation absorbs routed inflow at fixed predation. No new consumption is assumed.",SM,0.1
13_2_Northern_Humboldt_Current_(1995-1998),routing_scenario,23,Benthic elasmobranchs,M0,0.02098836399473636,0.02503952766473636,"Freeze completed living P,Q,diet,predation,accumulation,migration. Solve EE for SM; detritus accumulation absorbs routed inflow at fixed predation. No new consumption is assumed.",SM,0.1
13_2_Northern_Humboldt_Current_(1995-1998),routing_scenario,22,Small demersal fish,M0,3.2426595415784147,3.244593464608415,"Freeze completed living P,Q,diet,predation,accumulation,migration. Solve EE for SM; detritus accumulation absorbs routed inflow at fixed predation. No new consumption is assumed.",SM,0.1
13_2_Northern_Humboldt_Current_(1995-1998),routing_scenario,21,Flatfish,M0,3.451325833853003e-05,0.0004403359738385301,"Freeze completed living P,Q,diet,predation,accumulation,migration. Solve EE for SM; detritus accumulation absorbs routed inflow at fixed predation. No new consumption is assumed.",SM,0.1
13_2_Northern_Humboldt_Current_(1995-1998),routing_scenario,20,Large hake,M0,0.006700170035899526,0.011333646323899525,"Freeze completed living P,Q,diet,predation,accumulation,migration. Solve EE for SM; detritus accumulation absorbs routed inflow at fixed predation. No new consumption is assumed.",SM,0.1
13_2_Northern_Humboldt_Current_(1995-1998),routing_scenario,19,Medium hake,M0,0.44286476478316994,0.4477323647831699,"Freeze completed living P,Q,diet,predation,accumulation,migration. Solve EE for SM; detritus accumulation absorbs routed inflow at fixed predation. No new consumption is assumed.",SM,0.1
13_2_Northern_Humboldt_Current_(1995-1998),routing_scenario,18,Small hake,M0,0.628031663830784,0.744623140470784,"Freeze completed living P,Q,diet,predation,accumulation,migration. Solve EE for SM; detritus accumulation absorbs routed inflow at fixed predation. No new consumption is assumed.",SM,0.1
13_2_Northern_Humboldt_Current_(1995-1998),routing_scenario,17,Other large pelagic fish,M0,0.3416564469598926,0.37503834830989263,"Freeze completed living P,Q,diet,predation,accumulation,migration. Solve EE for SM; detritus accumulation absorbs routed inflow at fixed predation. No new consumption is assumed.",SM,0.1
13_2_Northern_Humboldt_Current_(1995-1998),routing_scenario,16,Chub mackerel,M0,5.522509613684951,5.596775031144952,"Freeze completed living P,Q,diet,predation,accumulation,migration. Solve EE for SM; detritus accumulation absorbs routed inflow at fixed predation. No new consumption is assumed.",SM,0.1
13_2_Northern_Humboldt_Current_(1995-1998),routing_scenario,15,Horse mackerel,M0,6.695953029518151,6.870605324088151,"Freeze completed living P,Q,diet,predation,accumulation,migration. Solve EE for SM; detritus accumulation absorbs routed inflow at fixed predation. No new consumption is assumed.",SM,0.1
13_2_Northern_Humboldt_Current_(1995-1998),routing_scenario,14,Other small pelagic fish,M0,1.0995008229018595,1.2684801744018595,"Freeze completed living P,Q,diet,predation,accumulation,migration. Solve EE for SM; detritus accumulation absorbs routed inflow at fixed predation. No new consumption is assumed.",SM,0.1
13_2_Northern_Humboldt_Current_(1995-1998),routing_scenario,13,Other cephalopods,M0,0.38835856631069415,0.39190565076444417,"Freeze completed living P,Q,diet,predation,accumulation,migration. Solve EE for SM; detritus accumulation absorbs routed inflow at fixed predation. No new consumption is assumed.",SM,0.1
13_2_Northern_Humboldt_Current_(1995-1998),routing_scenario,12,Jumbo squid,M0,0.6834706928629479,0.694017022827948,"Freeze completed living P,Q,diet,predation,accumulation,migration. Solve EE for SM; detritus accumulation absorbs routed inflow at fixed predation. No new consumption is assumed.",SM,0.1
13_2_Northern_Humboldt_Current_(1995-1998),routing_scenario,10,Anchovy,M0,21.594902660465323,23.911901440015324,"Freeze completed living P,Q,diet,predation,accumulation,migration. Solve EE for SM; detritus accumulation absorbs routed inflow at fixed predation. No new consumption is assumed.",SM,0.1
13_2_Northern_Humboldt_Current_(1995-1998),routing_scenario,9,Sardine,M0,0.45094358787714506,1.0335404862021451,"Freeze completed living P,Q,diet,predation,accumulation,migration. Solve EE for SM; detritus accumulation absorbs routed inflow at fixed predation. No new consumption is assumed.",SM,0.1
13_2_Northern_Humboldt_Current_(1995-1998),routing_scenario,30,Chondrichthyans,EE,0.564231276512146,0.5078081455809255,"Freeze completed living P,Q,diet,predation,accumulation,migration. Solve EE for SM; detritus accumulation absorbs routed inflow at fixed predation. No new consumption is assumed.",SM,0.1
13_2_Northern_Humboldt_Current_(1995-1998),routing_scenario,29,Catfish,EE,0.8212506771087646,0.7597146797296058,"Freeze completed living P,Q,diet,predation,accumulation,migration. Solve EE for SM; detritus accumulation absorbs routed inflow at fixed predation. No new consumption is assumed.",SM,0.1
13_2_Northern_Humboldt_Current_(1995-1998),routing_scenario,27,Medium sciaenids,EE,0.7098218202590942,0.6870086149207524,"Freeze completed living P,Q,diet,predation,accumulation,migration. Solve EE for SM; detritus accumulation absorbs routed inflow at fixed predation. No new consumption is assumed.",SM,0.1
13_2_Northern_Humboldt_Current_(1995-1998),routing_scenario,26,Medium demersal fish,EE,0.8201572895050049,0.781850861916815,"Freeze completed living P,Q,diet,predation,accumulation,migration. Solve EE for SM; detritus accumulation absorbs routed inflow at fixed predation. No new consumption is assumed.",SM,0.1
13_2_Northern_Humboldt_Current_(1995-1998),routing_scenario,23,Benthic elasmobranchs,EE,0.6587257981300354,0.5928532199495457,"Freeze completed living P,Q,diet,predation,accumulation,migration. Solve EE for SM; detritus accumulation absorbs routed inflow at fixed predation. No new consumption is assumed.",SM,0.1
13_2_Northern_Humboldt_Current_(1995-1998),routing_scenario,22,Small demersal fish,EE,0.7304298281669617,0.7302690564433736,"Freeze completed living P,Q,diet,predation,accumulation,migration. Solve EE for SM; detritus accumulation absorbs routed inflow at fixed predation. No new consumption is assumed.",SM,0.1
13_2_Northern_Humboldt_Current_(1995-1998),routing_scenario,21,Flatfish,EE,0.9954587817192078,0.9420610550742005,"Freeze completed living P,Q,diet,predation,accumulation,migration. Solve EE for SM; detritus accumulation absorbs routed inflow at fixed predation. No new consumption is assumed.",SM,0.1
13_2_Northern_Humboldt_Current_(1995-1998),routing_scenario,20,Large hake,EE,0.8738672733306885,0.7866406813141207,"Freeze completed living P,Q,diet,predation,accumulation,migration. Solve EE for SM; detritus accumulation absorbs routed inflow at fixed predation. No new consumption is assumed.",SM,0.1
13_2_Northern_Humboldt_Current_(1995-1998),routing_scenario,19,Medium hake,EE,0.14074458181858063,0.13130036316283,"Freeze completed living P,Q,diet,predation,accumulation,migration. Solve EE for SM; detritus accumulation absorbs routed inflow at fixed predation. No new consumption is assumed.",SM,0.1
13_2_Northern_Humboldt_Current_(1995-1998),routing_scenario,18,Small hake,EE,0.7213676571846008,0.6696407170326419,"Freeze completed living P,Q,diet,predation,accumulation,migration. Solve EE for SM; detritus accumulation absorbs routed inflow at fixed predation. No new consumption is assumed.",SM,0.1
13_2_Northern_Humboldt_Current_(1995-1998),routing_scenario,17,Other large pelagic fish,EE,0.533972442150116,0.4884387310173286,"Freeze completed living P,Q,diet,predation,accumulation,migration. Solve EE for SM; detritus accumulation absorbs routed inflow at fixed predation. No new consumption is assumed.",SM,0.1
13_2_Northern_Humboldt_Current_(1995-1998),routing_scenario,16,Chub mackerel,EE,0.15512745082378387,0.14376580241495485,"Freeze completed living P,Q,diet,predation,accumulation,migration. Solve EE for SM; detritus accumulation absorbs routed inflow at fixed predation. No new consumption is assumed.",SM,0.1
13_2_Northern_Humboldt_Current_(1995-1998),routing_scenario,15,Horse mackerel,EE,0.23551708459854126,0.2155768767228542,"Freeze completed living P,Q,diet,predation,accumulation,migration. Solve EE for SM; detritus accumulation absorbs routed inflow at fixed predation. No new consumption is assumed.",SM,0.1
13_2_Northern_Humboldt_Current_(1995-1998),routing_scenario,14,Other small pelagic fish,EE,0.8999999761581421,0.8846312389759509,"Freeze completed living P,Q,diet,predation,accumulation,migration. Solve EE for SM; detritus accumulation absorbs routed inflow at fixed predation. No new consumption is assumed.",SM,0.1
13_2_Northern_Humboldt_Current_(1995-1998),routing_scenario,13,Other cephalopods,EE,0.949999988079071,0.9495433114911002,"Freeze completed living P,Q,diet,predation,accumulation,migration. Solve EE for SM; detritus accumulation absorbs routed inflow at fixed predation. No new consumption is assumed.",SM,0.1
13_2_Northern_Humboldt_Current_(1995-1998),routing_scenario,12,Jumbo squid,EE,0.7999784350395203,0.7968919919100386,"Freeze completed living P,Q,diet,predation,accumulation,migration. Solve EE for SM; detritus accumulation absorbs routed inflow at fixed predation. No new consumption is assumed.",SM,0.1
13_2_Northern_Humboldt_Current_(1995-1998),routing_scenario,10,Anchovy,EE,0.8148474097251892,0.7949816880573327,"Freeze completed living P,Q,diet,predation,accumulation,migration. Solve EE for SM; detritus accumulation absorbs routed inflow at fixed predation. No new consumption is assumed.",SM,0.1
13_2_Northern_Humboldt_Current_(1995-1998),routing_scenario,9,Sardine,EE,0.9700034856796265,0.9312494670541921,"Freeze completed living P,Q,diet,predation,accumulation,migration. Solve EE for SM; detritus accumulation absorbs routed inflow at fixed predation. No new consumption is assumed.",SM,0.1
13_2_Northern_Humboldt_Current_(1995-1998),routing_scenario,30,Chondrichthyans,catch,0.01439636145,0.012956725305000001,"Freeze completed living P,Q,diet,predation,accumulation,migration. Solve EE for SM; detritus accumulation absorbs routed inflow at fixed predation. No new consumption is assumed.",SM,0.1
13_2_Northern_Humboldt_Current_(1995-1998),routing_scenario,29,Catfish,catch,0.33977100000000005,0.30579390000000006,"Freeze completed living P,Q,diet,predation,accumulation,migration. Solve EE for SM; detritus accumulation absorbs routed inflow at fixed predation. No new consumption is assumed.",SM,0.1
13_2_Northern_Humboldt_Current_(1995-1998),routing_scenario,27,Medium sciaenids,catch,0.06129891195000001,0.055169020755000006,"Freeze completed living P,Q,diet,predation,accumulation,migration. Solve EE for SM; detritus accumulation absorbs routed inflow at fixed predation. No new consumption is assumed.",SM,0.1
13_2_Northern_Humboldt_Current_(1995-1998),routing_scenario,26,Medium demersal fish,catch,0.1495674495,0.13461070455000002,"Freeze completed living P,Q,diet,predation,accumulation,migration. Solve EE for SM; detritus accumulation absorbs routed inflow at fixed predation. No new consumption is assumed.",SM,0.1
13_2_Northern_Humboldt_Current_(1995-1998),routing_scenario,23,Benthic elasmobranchs,catch,0.040511636700000006,0.03646047303000001,"Freeze completed living P,Q,diet,predation,accumulation,migration. Solve EE for SM; detritus accumulation absorbs routed inflow at fixed predation. No new consumption is assumed.",SM,0.1
13_2_Northern_Humboldt_Current_(1995-1998),routing_scenario,22,Small demersal fish,catch,0.019339230299999996,0.017405307269999996,"Freeze completed living P,Q,diet,predation,accumulation,migration. Solve EE for SM; detritus accumulation absorbs routed inflow at fixed predation. No new consumption is assumed.",SM,0.1
13_2_Northern_Humboldt_Current_(1995-1998),routing_scenario,21,Flatfish,catch,0.004058227155,0.0036524044395,"Freeze completed living P,Q,diet,predation,accumulation,migration. Solve EE for SM; detritus accumulation absorbs routed inflow at fixed predation. No new consumption is assumed.",SM,0.1
13_2_Northern_Humboldt_Current_(1995-1998),routing_scenario,20,Large hake,catch,0.04633476287999999,0.041701286591999995,"Freeze completed living P,Q,diet,predation,accumulation,migration. Solve EE for SM; detritus accumulation absorbs routed inflow at fixed predation. No new consumption is assumed.",SM,0.1
13_2_Northern_Humboldt_Current_(1995-1998),routing_scenario,19,Medium hake,catch,0.048676,0.0438084,"Freeze completed living P,Q,diet,predation,accumulation,migration. Solve EE for SM; detritus accumulation absorbs routed inflow at fixed predation. No new consumption is assumed.",SM,0.1
13_2_Northern_Humboldt_Current_(1995-1998),routing_scenario,18,Small hake,catch,1.1659147664,1.04932328976,"Freeze completed living P,Q,diet,predation,accumulation,migration. Solve EE for SM; detritus accumulation absorbs routed inflow at fixed predation. No new consumption is assumed.",SM,0.1
13_2_Northern_Humboldt_Current_(1995-1998),routing_scenario,17,Other large pelagic fish,catch,0.3338190135,0.30043711215,"Freeze completed living P,Q,diet,predation,accumulation,migration. Solve EE for SM; detritus accumulation absorbs routed inflow at fixed predation. No new consumption is assumed.",SM,0.1
13_2_Northern_Humboldt_Current_(1995-1998),routing_scenario,16,Chub mackerel,catch,0.7426541746,0.66838875714,"Freeze completed living P,Q,diet,predation,accumulation,migration. Solve EE for SM; detritus accumulation absorbs routed inflow at fixed predation. No new consumption is assumed.",SM,0.1
13_2_Northern_Humboldt_Current_(1995-1998),routing_scenario,15,Horse mackerel,catch,1.7465229457,1.57187065113,"Freeze completed living P,Q,diet,predation,accumulation,migration. Solve EE for SM; detritus accumulation absorbs routed inflow at fixed predation. No new consumption is assumed.",SM,0.1
13_2_Northern_Humboldt_Current_(1995-1998),routing_scenario,14,Other small pelagic fish,catch,1.689793515,1.5208141635,"Freeze completed living P,Q,diet,predation,accumulation,migration. Solve EE for SM; detritus accumulation absorbs routed inflow at fixed predation. No new consumption is assumed.",SM,0.1
13_2_Northern_Humboldt_Current_(1995-1998),routing_scenario,13,Other cephalopods,catch,0.0354708445375,0.031923760083749995,"Freeze completed living P,Q,diet,predation,accumulation,migration. Solve EE for SM; detritus accumulation absorbs routed inflow at fixed predation. No new consumption is assumed.",SM,0.1
13_2_Northern_Humboldt_Current_(1995-1998),routing_scenario,12,Jumbo squid,catch,0.10546329965,0.09491696968499999,"Freeze completed living P,Q,diet,predation,accumulation,migration. Solve EE for SM; detritus accumulation absorbs routed inflow at fixed predation. No new consumption is assumed.",SM,0.1
13_2_Northern_Humboldt_Current_(1995-1998),routing_scenario,10,Anchovy,catch,23.1699877955,20.85298901595,"Freeze completed living P,Q,diet,predation,accumulation,migration. Solve EE for SM; detritus accumulation absorbs routed inflow at fixed predation. No new consumption is assumed.",SM,0.1
13_2_Northern_Humboldt_Current_(1995-1998),routing_scenario,9,Sardine,catch,5.82596898325,5.243372084925,"Freeze completed living P,Q,diet,predation,accumulation,migration. Solve EE for SM; detritus accumulation absorbs routed inflow at fixed predation. No new consumption is assumed.",SM,0.1
13_2_Northern_Humboldt_Current_(1995-1998),routing_scenario,39,Benthic detritus,growth,-4340.9949724808885,-4338.075642977058,"Freeze completed living P,Q,diet,predation,accumulation,migration. Solve EE for SM; detritus accumulation absorbs routed inflow at fixed predation. No new consumption is assumed.",SM,0.1
13_2_Northern_Humboldt_Current_(1995-1998),routing_scenario,38,Pelagic detritus,growth,5090.259743360343,5090.315119053433,"Freeze completed living P,Q,diet,predation,accumulation,migration. Solve EE for SM; detritus accumulation absorbs routed inflow at fixed predation. No new consumption is assumed.",SM,0.1
13_2_Northern_Humboldt_Current_(1995-1998),routing_scenario,36,Anchovy eggs,growth,12.539441007952618,13.118690702840112,"Freeze completed living P,Q,diet,predation,accumulation,migration. Solve EE for SM; detritus accumulation absorbs routed inflow at fixed predation. No new consumption is assumed.",SM,0.1
13_2_Northern_Humboldt_Current_(1995-1998),routing_scenario,30,Chondrichthyans,catch,0.01439636145,0.012956725305000001,"Freeze completed living P,Q,diet,predation,accumulation,migration. Solve EE for SM; detritus accumulation absorbs routed inflow at fixed predation. No new consumption is assumed.",SE,0.1
13_2_Northern_Humboldt_Current_(1995-1998),routing_scenario,29,Catfish,catch,0.33977100000000005,0.30579390000000006,"Freeze completed living P,Q,diet,predation,accumulation,migration. Solve EE for SM; detritus accumulation absorbs routed inflow at fixed predation. No new consumption is assumed.",SE,0.1
13_2_Northern_Humboldt_Current_(1995-1998),routing_scenario,27,Medium sciaenids,catch,0.06129891195000001,0.055169020755000006,"Freeze completed living P,Q,diet,predation,accumulation,migration. Solve EE for SM; detritus accumulation absorbs routed inflow at fixed predation. No new consumption is assumed.",SE,0.1
13_2_Northern_Humboldt_Current_(1995-1998),routing_scenario,26,Medium demersal fish,catch,0.1495674495,0.13461070455000002,"Freeze completed living P,Q,diet,predation,accumulation,migration. Solve EE for SM; detritus accumulation absorbs routed inflow at fixed predation. No new consumption is assumed.",SE,0.1
13_2_Northern_Humboldt_Current_(1995-1998),routing_scenario,23,Benthic elasmobranchs,catch,0.040511636700000006,0.03646047303000001,"Freeze completed living P,Q,diet,predation,accumulation,migration. Solve EE for SM; detritus accumulation absorbs routed inflow at fixed predation. No new consumption is assumed.",SE,0.1
13_2_Northern_Humboldt_Current_(1995-1998),routing_scenario,22,Small demersal fish,catch,0.019339230299999996,0.017405307269999996,"Freeze completed living P,Q,diet,predation,accumulation,migration. Solve EE for SM; detritus accumulation absorbs routed inflow at fixed predation. No new consumption is assumed.",SE,0.1
13_2_Northern_Humboldt_Current_(1995-1998),routing_scenario,21,Flatfish,catch,0.004058227155,0.0036524044395,"Freeze completed living P,Q,diet,predation,accumulation,migration. Solve EE for SM; detritus accumulation absorbs routed inflow at fixed predation. No new consumption is assumed.",SE,0.1
13_2_Northern_Humboldt_Current_(1995-1998),routing_scenario,20,Large hake,catch,0.04633476287999999,0.041701286591999995,"Freeze completed living P,Q,diet,predation,accumulation,migration. Solve EE for SM; detritus accumulation absorbs routed inflow at fixed predation. No new consumption is assumed.",SE,0.1
13_2_Northern_Humboldt_Current_(1995-1998),routing_scenario,19,Medium hake,catch,0.048676,0.0438084,"Freeze completed living P,Q,diet,predation,accumulation,migration. Solve EE for SM; detritus accumulation absorbs routed inflow at fixed predation. No new consumption is assumed.",SE,0.1
13_2_Northern_Humboldt_Current_(1995-1998),routing_scenario,18,Small hake,catch,1.1659147664,1.04932328976,"Freeze completed living P,Q,diet,predation,accumulation,migration. Solve EE for SM; detritus accumulation absorbs routed inflow at fixed predation. No new consumption is assumed.",SE,0.1
13_2_Northern_Humboldt_Current_(1995-1998),routing_scenario,17,Other large pelagic fish,catch,0.3338190135,0.30043711215,"Freeze completed living P,Q,diet,predation,accumulation,migration. Solve EE for SM; detritus accumulation absorbs routed inflow at fixed predation. No new consumption is assumed.",SE,0.1
13_2_Northern_Humboldt_Current_(1995-1998),routing_scenario,16,Chub mackerel,catch,0.7426541746,0.66838875714,"Freeze completed living P,Q,diet,predation,accumulation,migration. Solve EE for SM; detritus accumulation absorbs routed inflow at fixed predation. No new consumption is assumed.",SE,0.1
13_2_Northern_Humboldt_Current_(1995-1998),routing_scenario,15,Horse mackerel,catch,1.7465229457,1.57187065113,"Freeze completed living P,Q,diet,predation,accumulation,migration. Solve EE for SM; detritus accumulation absorbs routed inflow at fixed predation. No new consumption is assumed.",SE,0.1
13_2_Northern_Humboldt_Current_(1995-1998),routing_scenario,14,Other small pelagic fish,catch,1.689793515,1.5208141635,"Freeze completed living P,Q,diet,predation,accumulation,migration. Solve EE for SM; detritus accumulation absorbs routed inflow at fixed predation. No new consumption is assumed.",SE,0.1
13_2_Northern_Humboldt_Current_(1995-1998),routing_scenario,13,Other cephalopods,catch,0.0354708445375,0.031923760083749995,"Freeze completed living P,Q,diet,predation,accumulation,migration. Solve EE for SM; detritus accumulation absorbs routed inflow at fixed predation. No new consumption is assumed.",SE,0.1
13_2_Northern_Humboldt_Current_(1995-1998),routing_scenario,12,Jumbo squid,catch,0.10546329965,0.09491696968499999,"Freeze completed living P,Q,diet,predation,accumulation,migration. Solve EE for SM; detritus accumulation absorbs routed inflow at fixed predation. No new consumption is assumed.",SE,0.1
13_2_Northern_Humboldt_Current_(1995-1998),routing_scenario,10,Anchovy,catch,23.1699877955,20.85298901595,"Freeze completed living P,Q,diet,predation,accumulation,migration. Solve EE for SM; detritus accumulation absorbs routed inflow at fixed predation. No new consumption is assumed.",SE,0.1
13_2_Northern_Humboldt_Current_(1995-1998),routing_scenario,9,Sardine,catch,5.82596898325,5.243372084925,"Freeze completed living P,Q,diet,predation,accumulation,migration. Solve EE for SM; detritus accumulation absorbs routed inflow at fixed predation. No new consumption is assumed.",SE,0.1
13_2_Northern_Humboldt_Current_(1995-1998),routing_scenario,30,Chondrichthyans,external_loss,0.0,0.001439636145,"Freeze completed living P,Q,diet,predation,accumulation,migration. Solve EE for SM; detritus accumulation absorbs routed inflow at fixed predation. No new consumption is assumed.",SE,0.1
13_2_Northern_Humboldt_Current_(1995-1998),routing_scenario,29,Catfish,external_loss,0.0,0.0339771,"Freeze completed living P,Q,diet,predation,accumulation,migration. Solve EE for SM; detritus accumulation absorbs routed inflow at fixed predation. No new consumption is assumed.",SE,0.1
13_2_Northern_Humboldt_Current_(1995-1998),routing_scenario,27,Medium sciaenids,external_loss,0.0,0.006129891195000001,"Freeze completed living P,Q,diet,predation,accumulation,migration. Solve EE for SM; detritus accumulation absorbs routed inflow at fixed predation. No new consumption is assumed.",SE,0.1
13_2_Northern_Humboldt_Current_(1995-1998),routing_scenario,26,Medium demersal fish,external_loss,0.0,0.014956744950000002,"Freeze completed living P,Q,diet,predation,accumulation,migration. Solve EE for SM; detritus accumulation absorbs routed inflow at fixed predation. No new consumption is assumed.",SE,0.1
13_2_Northern_Humboldt_Current_(1995-1998),routing_scenario,23,Benthic elasmobranchs,external_loss,0.0,0.004051163670000001,"Freeze completed living P,Q,diet,predation,accumulation,migration. Solve EE for SM; detritus accumulation absorbs routed inflow at fixed predation. No new consumption is assumed.",SE,0.1
13_2_Northern_Humboldt_Current_(1995-1998),routing_scenario,22,Small demersal fish,external_loss,0.0,0.0019339230299999996,"Freeze completed living P,Q,diet,predation,accumulation,migration. Solve EE for SM; detritus accumulation absorbs routed inflow at fixed predation. No new consumption is assumed.",SE,0.1
13_2_Northern_Humboldt_Current_(1995-1998),routing_scenario,21,Flatfish,external_loss,0.0,0.00040582271550000003,"Freeze completed living P,Q,diet,predation,accumulation,migration. Solve EE for SM; detritus accumulation absorbs routed inflow at fixed predation. No new consumption is assumed.",SE,0.1
13_2_Northern_Humboldt_Current_(1995-1998),routing_scenario,20,Large hake,external_loss,0.0,0.004633476287999999,"Freeze completed living P,Q,diet,predation,accumulation,migration. Solve EE for SM; detritus accumulation absorbs routed inflow at fixed predation. No new consumption is assumed.",SE,0.1
13_2_Northern_Humboldt_Current_(1995-1998),routing_scenario,19,Medium hake,external_loss,0.0,0.0048676,"Freeze completed living P,Q,diet,predation,accumulation,migration. Solve EE for SM; detritus accumulation absorbs routed inflow at fixed predation. No new consumption is assumed.",SE,0.1
13_2_Northern_Humboldt_Current_(1995-1998),routing_scenario,18,Small hake,external_loss,0.0,0.11659147664000001,"Freeze completed living P,Q,diet,predation,accumulation,migration. Solve EE for SM; detritus accumulation absorbs routed inflow at fixed predation. No new consumption is assumed.",SE,0.1
13_2_Northern_Humboldt_Current_(1995-1998),routing_scenario,17,Other large pelagic fish,external_loss,0.0,0.03338190135,"Freeze completed living P,Q,diet,predation,accumulation,migration. Solve EE for SM; detritus accumulation absorbs routed inflow at fixed predation. No new consumption is assumed.",SE,0.1
13_2_Northern_Humboldt_Current_(1995-1998),routing_scenario,16,Chub mackerel,external_loss,0.0,0.07426541746000001,"Freeze completed living P,Q,diet,predation,accumulation,migration. Solve EE for SM; detritus accumulation absorbs routed inflow at fixed predation. No new consumption is assumed.",SE,0.1
13_2_Northern_Humboldt_Current_(1995-1998),routing_scenario,15,Horse mackerel,external_loss,0.0,0.17465229457,"Freeze completed living P,Q,diet,predation,accumulation,migration. Solve EE for SM; detritus accumulation absorbs routed inflow at fixed predation. No new consumption is assumed.",SE,0.1
13_2_Northern_Humboldt_Current_(1995-1998),routing_scenario,14,Other small pelagic fish,external_loss,0.0,0.1689793515,"Freeze completed living P,Q,diet,predation,accumulation,migration. Solve EE for SM; detritus accumulation absorbs routed inflow at fixed predation. No new consumption is assumed.",SE,0.1
13_2_Northern_Humboldt_Current_(1995-1998),routing_scenario,13,Other cephalopods,external_loss,0.0,0.00354708445375,"Freeze completed living P,Q,diet,predation,accumulation,migration. Solve EE for SM; detritus accumulation absorbs routed inflow at fixed predation. No new consumption is assumed.",SE,0.1
13_2_Northern_Humboldt_Current_(1995-1998),routing_scenario,12,Jumbo squid,external_loss,0.0,0.010546329965,"Freeze completed living P,Q,diet,predation,accumulation,migration. Solve EE for SM; detritus accumulation absorbs routed inflow at fixed predation. No new consumption is assumed.",SE,0.1
13_2_Northern_Humboldt_Current_(1995-1998),routing_scenario,10,Anchovy,external_loss,0.0,2.31699877955,"Freeze completed living P,Q,diet,predation,accumulation,migration. Solve EE for SM; detritus accumulation absorbs routed inflow at fixed predation. No new consumption is assumed.",SE,0.1
13_2_Northern_Humboldt_Current_(1995-1998),routing_scenario,9,Sardine,external_loss,0.0,0.5825968983250001,"Freeze completed living P,Q,diet,predation,accumulation,migration. Solve EE for SM; detritus accumulation absorbs routed inflow at fixed predation. No new consumption is assumed.",SE,0.1
13_2_Northern_Humboldt_Current_(1995-1998),routing_scenario,39,Benthic detritus,p,1751.6112896867576,1754.809849089384,"Freeze completed living P,Q,diet,predation,accumulation,migration. Solve EE for SM; detritus accumulation absorbs routed inflow at fixed predation. No new consumption is assumed.",SR,0.1
13_2_Northern_Humboldt_Current_(1995-1998),routing_scenario,38,Pelagic detritus,p,5090.259743360343,5090.615138849524,"Freeze completed living P,Q,diet,predation,accumulation,migration. Solve EE for SM; detritus accumulation absorbs routed inflow at fixed predation. No new consumption is assumed.",SR,0.1
13_2_Northern_Humboldt_Current_(1995-1998),routing_scenario,39,Benthic detritus,q,1751.6112896867576,1754.809849089384,"Freeze completed living P,Q,diet,predation,accumulation,migration. Solve EE for SM; detritus accumulation absorbs routed inflow at fixed predation. No new consumption is assumed.",SR,0.1
13_2_Northern_Humboldt_Current_(1995-1998),routing_scenario,38,Pelagic detritus,q,5090.259743360343,5090.615138849524,"Freeze completed living P,Q,diet,predation,accumulation,migration. Solve EE for SM; detritus accumulation absorbs routed inflow at fixed predation. No new consumption is assumed.",SR,0.1
13_2_Northern_Humboldt_Current_(1995-1998),routing_scenario,39,Benthic detritus,growth,-4340.9949724808885,-4337.796413078262,"Freeze completed living P,Q,diet,predation,accumulation,migration. Solve EE for SM; detritus accumulation absorbs routed inflow at fixed predation. No new consumption is assumed.",SR,0.1
13_2_Northern_Humboldt_Current_(1995-1998),routing_scenario,38,Pelagic detritus,growth,5090.259743360343,5090.615138849524,"Freeze completed living P,Q,diet,predation,accumulation,migration. Solve EE for SM; detritus accumulation absorbs routed inflow at fixed predation. No new consumption is assumed.",SR,0.1
13_2_Northern_Humboldt_Current_(1995-1998),routing_scenario,39,Benthic detritus,p,1751.6112896867576,1754.8225521409718,"Freeze completed living P,Q,diet,predation,accumulation,migration. Solve EE for SM; detritus accumulation absorbs routed inflow at fixed predation. No new consumption is assumed.",SM,0.11
13_2_Northern_Humboldt_Current_(1995-1998),routing_scenario,38,Pelagic detritus,p,5090.259743360343,5090.320656622741,"Freeze completed living P,Q,diet,predation,accumulation,migration. Solve EE for SM; detritus accumulation absorbs routed inflow at fixed predation. No new consumption is assumed.",SM,0.11
13_2_Northern_Humboldt_Current_(1995-1998),routing_scenario,36,Anchovy eggs,p,81.93913403799536,82.5763087023716,"Freeze completed living P,Q,diet,predation,accumulation,migration. Solve EE for SM; detritus accumulation absorbs routed inflow at fixed predation. No new consumption is assumed.",SM,0.11
13_2_Northern_Humboldt_Current_(1995-1998),routing_scenario,39,Benthic detritus,q,1751.6112896867576,1754.8225521409718,"Freeze completed living P,Q,diet,predation,accumulation,migration. Solve EE for SM; detritus accumulation absorbs routed inflow at fixed predation. No new consumption is assumed.",SM,0.11
13_2_Northern_Humboldt_Current_(1995-1998),routing_scenario,38,Pelagic detritus,q,5090.259743360343,5090.320656622741,"Freeze completed living P,Q,diet,predation,accumulation,migration. Solve EE for SM; detritus accumulation absorbs routed inflow at fixed predation. No new consumption is assumed.",SM,0.11
13_2_Northern_Humboldt_Current_(1995-1998),routing_scenario,36,Anchovy eggs,q,81.93913403799536,82.5763087023716,"Freeze completed living P,Q,diet,predation,accumulation,migration. Solve EE for SM; detritus accumulation absorbs routed inflow at fixed predation. No new consumption is assumed.",SM,0.11
13_2_Northern_Humboldt_Current_(1995-1998),routing_scenario,30,Chondrichthyans,M0,0.01111863866537926,0.012702238424879261,"Freeze completed living P,Q,diet,predation,accumulation,migration. Solve EE for SM; detritus accumulation absorbs routed inflow at fixed predation. No new consumption is assumed.",SM,0.11
13_2_Northern_Humboldt_Current_(1995-1998),routing_scenario,29,Catfish,M0,0.0986964358664111,0.13607124586641112,"Freeze completed living P,Q,diet,predation,accumulation,migration. Solve EE for SM; detritus accumulation absorbs routed inflow at fixed predation. No new consumption is assumed.",SM,0.11
13_2_Northern_Humboldt_Current_(1995-1998),routing_scenario,27,Medium sciaenids,M0,0.07797065965059131,0.08471353996509132,"Freeze completed living P,Q,diet,predation,accumulation,migration. Solve EE for SM; detritus accumulation absorbs routed inflow at fixed predation. No new consumption is assumed.",SM,0.11
13_2_Northern_Humboldt_Current_(1995-1998),routing_scenario,26,Medium demersal fish,M0,0.0702195877127324,0.0866720071577324,"Freeze completed living P,Q,diet,predation,accumulation,migration. Solve EE for SM; detritus accumulation absorbs routed inflow at fixed predation. No new consumption is assumed.",SM,0.11
13_2_Northern_Humboldt_Current_(1995-1998),routing_scenario,23,Benthic elasmobranchs,M0,0.02098836399473636,0.02544464403173636,"Freeze completed living P,Q,diet,predation,accumulation,migration. Solve EE for SM; detritus accumulation absorbs routed inflow at fixed predation. No new consumption is assumed.",SM,0.11
13_2_Northern_Humboldt_Current_(1995-1998),routing_scenario,22,Small demersal fish,M0,3.2426595415784147,3.2447868569114147,"Freeze completed living P,Q,diet,predation,accumulation,migration. Solve EE for SM; detritus accumulation absorbs routed inflow at fixed predation. No new consumption is assumed.",SM,0.11
13_2_Northern_Humboldt_Current_(1995-1998),routing_scenario,21,Flatfish,M0,3.451325833853003e-05,0.00048091824538853007,"Freeze completed living P,Q,diet,predation,accumulation,migration. Solve EE for SM; detritus accumulation absorbs routed inflow at fixed predation. No new consumption is assumed.",SM,0.11
13_2_Northern_Humboldt_Current_(1995-1998),routing_scenario,20,Large hake,M0,0.006700170035899526,0.011796993952699526,"Freeze completed living P,Q,diet,predation,accumulation,migration. Solve EE for SM; detritus accumulation absorbs routed inflow at fixed predation. No new consumption is assumed.",SM,0.11
13_2_Northern_Humboldt_Current_(1995-1998),routing_scenario,19,Medium hake,M0,0.44286476478316994,0.44821912478316994,"Freeze completed living P,Q,diet,predation,accumulation,migration. Solve EE for SM; detritus accumulation absorbs routed inflow at fixed predation. No new consumption is assumed.",SM,0.11
13_2_Northern_Humboldt_Current_(1995-1998),routing_scenario,18,Small hake,M0,0.628031663830784,0.756282288134784,"Freeze completed living P,Q,diet,predation,accumulation,migration. Solve EE for SM; detritus accumulation absorbs routed inflow at fixed predation. No new consumption is assumed.",SM,0.11
13_2_Northern_Humboldt_Current_(1995-1998),routing_scenario,17,Other large pelagic fish,M0,0.3416564469598926,0.3783765384448926,"Freeze completed living P,Q,diet,predation,accumulation,migration. Solve EE for SM; detritus accumulation absorbs routed inflow at fixed predation. No new consumption is assumed.",SM,0.11
13_2_Northern_Humboldt_Current_(1995-1998),routing_scenario,16,Chub mackerel,M0,5.522509613684951,5.604201572890951,"Freeze completed living P,Q,diet,predation,accumulation,migration. Solve EE for SM; detritus accumulation absorbs routed inflow at fixed predation. No new consumption is assumed.",SM,0.11
13_2_Northern_Humboldt_Current_(1995-1998),routing_scenario,15,Horse mackerel,M0,6.695953029518151,6.888070553545151,"Freeze completed living P,Q,diet,predation,accumulation,migration. Solve EE for SM; detritus accumulation absorbs routed inflow at fixed predation. No new consumption is assumed.",SM,0.11
13_2_Northern_Humboldt_Current_(1995-1998),routing_scenario,14,Other small pelagic fish,M0,1.0995008229018595,1.2853781095518595,"Freeze completed living P,Q,diet,predation,accumulation,migration. Solve EE for SM; detritus accumulation absorbs routed inflow at fixed predation. No new consumption is assumed.",SM,0.11
13_2_Northern_Humboldt_Current_(1995-1998),routing_scenario,13,Other cephalopods,M0,0.38835856631069415,0.39226035920981916,"Freeze completed living P,Q,diet,predation,accumulation,migration. Solve EE for SM; detritus accumulation absorbs routed inflow at fixed predation. No new consumption is assumed.",SM,0.11
13_2_Northern_Humboldt_Current_(1995-1998),routing_scenario,12,Jumbo squid,M0,0.6834706928629479,0.695071655824448,"Freeze completed living P,Q,diet,predation,accumulation,migration. Solve EE for SM; detritus accumulation absorbs routed inflow at fixed predation. No new consumption is assumed.",SM,0.11
13_2_Northern_Humboldt_Current_(1995-1998),routing_scenario,10,Anchovy,M0,21.594902660465323,24.143601317970322,"Freeze completed living P,Q,diet,predation,accumulation,migration. Solve EE for SM; detritus accumulation absorbs routed inflow at fixed predation. No new consumption is assumed.",SM,0.11
13_2_Northern_Humboldt_Current_(1995-1998),routing_scenario,9,Sardine,M0,0.45094358787714506,1.0918001760346452,"Freeze completed living P,Q,diet,predation,accumulation,migration. Solve EE for SM; detritus accumulation absorbs routed inflow at fixed predation. No new consumption is assumed.",SM,0.11
13_2_Northern_Humboldt_Current_(1995-1998),routing_scenario,30,Chondrichthyans,EE,0.564231276512146,0.5021658324878033,"Freeze completed living P,Q,diet,predation,accumulation,migration. Solve EE for SM; detritus accumulation absorbs routed inflow at fixed predation. No new consumption is assumed.",SM,0.11
13_2_Northern_Humboldt_Current_(1995-1998),routing_scenario,29,Catfish,EE,0.8212506771087646,0.7535610799916899,"Freeze completed living P,Q,diet,predation,accumulation,migration. Solve EE for SM; detritus accumulation absorbs routed inflow at fixed predation. No new consumption is assumed.",SM,0.11
13_2_Northern_Humboldt_Current_(1995-1998),routing_scenario,27,Medium sciaenids,EE,0.7098218202590942,0.6847272943869183,"Freeze completed living P,Q,diet,predation,accumulation,migration. Solve EE for SM; detritus accumulation absorbs routed inflow at fixed predation. No new consumption is assumed.",SM,0.11
13_2_Northern_Humboldt_Current_(1995-1998),routing_scenario,26,Medium demersal fish,EE,0.8201572895050049,0.778020219157996,"Freeze completed living P,Q,diet,predation,accumulation,migration. Solve EE for SM; detritus accumulation absorbs routed inflow at fixed predation. No new consumption is assumed.",SM,0.11
13_2_Northern_Humboldt_Current_(1995-1998),routing_scenario,23,Benthic elasmobranchs,EE,0.6587257981300354,0.5862659621314967,"Freeze completed living P,Q,diet,predation,accumulation,migration. Solve EE for SM; detritus accumulation absorbs routed inflow at fixed predation. No new consumption is assumed.",SM,0.11
13_2_Northern_Humboldt_Current_(1995-1998),routing_scenario,22,Small demersal fish,EE,0.7304298281669617,0.7302529792710147,"Freeze completed living P,Q,diet,predation,accumulation,migration. Solve EE for SM; detritus accumulation absorbs routed inflow at fixed predation. No new consumption is assumed.",SM,0.11
13_2_Northern_Humboldt_Current_(1995-1998),routing_scenario,21,Flatfish,EE,0.9954587817192078,0.9367212824096997,"Freeze completed living P,Q,diet,predation,accumulation,migration. Solve EE for SM; detritus accumulation absorbs routed inflow at fixed predation. No new consumption is assumed.",SM,0.11
13_2_Northern_Humboldt_Current_(1995-1998),routing_scenario,20,Large hake,EE,0.8738672733306885,0.777918022112464,"Freeze completed living P,Q,diet,predation,accumulation,migration. Solve EE for SM; detritus accumulation absorbs routed inflow at fixed predation. No new consumption is assumed.",SM,0.11
13_2_Northern_Humboldt_Current_(1995-1998),routing_scenario,19,Medium hake,EE,0.14074458181858063,0.1303559412972548,"Freeze completed living P,Q,diet,predation,accumulation,migration. Solve EE for SM; detritus accumulation absorbs routed inflow at fixed predation. No new consumption is assumed.",SM,0.11
13_2_Northern_Humboldt_Current_(1995-1998),routing_scenario,18,Small hake,EE,0.7213676571846008,0.6644680230174461,"Freeze completed living P,Q,diet,predation,accumulation,migration. Solve EE for SM; detritus accumulation absorbs routed inflow at fixed predation. No new consumption is assumed.",SM,0.11
13_2_Northern_Humboldt_Current_(1995-1998),routing_scenario,17,Other large pelagic fish,EE,0.533972442150116,0.4838853599040498,"Freeze completed living P,Q,diet,predation,accumulation,migration. Solve EE for SM; detritus accumulation absorbs routed inflow at fixed predation. No new consumption is assumed.",SM,0.11
13_2_Northern_Humboldt_Current_(1995-1998),routing_scenario,16,Chub mackerel,EE,0.15512745082378387,0.142629637574072,"Freeze completed living P,Q,diet,predation,accumulation,migration. Solve EE for SM; detritus accumulation absorbs routed inflow at fixed predation. No new consumption is assumed.",SM,0.11
13_2_Northern_Humboldt_Current_(1995-1998),routing_scenario,15,Horse mackerel,EE,0.23551708459854126,0.21358285593528548,"Freeze completed living P,Q,diet,predation,accumulation,migration. Solve EE for SM; detritus accumulation absorbs routed inflow at fixed predation. No new consumption is assumed.",SM,0.11
13_2_Northern_Humboldt_Current_(1995-1998),routing_scenario,14,Other small pelagic fish,EE,0.8999999761581421,0.8830943652577317,"Freeze completed living P,Q,diet,predation,accumulation,migration. Solve EE for SM; detritus accumulation absorbs routed inflow at fixed predation. No new consumption is assumed.",SM,0.11
13_2_Northern_Humboldt_Current_(1995-1998),routing_scenario,13,Other cephalopods,EE,0.949999988079071,0.9494976438323031,"Freeze completed living P,Q,diet,predation,accumulation,migration. Solve EE for SM; detritus accumulation absorbs routed inflow at fixed predation. No new consumption is assumed.",SM,0.11
13_2_Northern_Humboldt_Current_(1995-1998),routing_scenario,12,Jumbo squid,EE,0.7999784350395203,0.7965833475970905,"Freeze completed living P,Q,diet,predation,accumulation,migration. Solve EE for SM; detritus accumulation absorbs routed inflow at fixed predation. No new consumption is assumed.",SM,0.11
13_2_Northern_Humboldt_Current_(1995-1998),routing_scenario,10,Anchovy,EE,0.8148474097251892,0.792995115890547,"Freeze completed living P,Q,diet,predation,accumulation,migration. Solve EE for SM; detritus accumulation absorbs routed inflow at fixed predation. No new consumption is assumed.",SM,0.11
13_2_Northern_Humboldt_Current_(1995-1998),routing_scenario,9,Sardine,EE,0.9700034856796265,0.9273740651916487,"Freeze completed living P,Q,diet,predation,accumulation,migration. Solve EE for SM; detritus accumulation absorbs routed inflow at fixed predation. No new consumption is assumed.",SM,0.11
13_2_Northern_Humboldt_Current_(1995-1998),routing_scenario,30,Chondrichthyans,catch,0.01439636145,0.012812761690500002,"Freeze completed living P,Q,diet,predation,accumulation,migration. Solve EE for SM; detritus accumulation absorbs routed inflow at fixed predation. No new consumption is assumed.",SM,0.11
13_2_Northern_Humboldt_Current_(1995-1998),routing_scenario,29,Catfish,catch,0.33977100000000005,0.30239619000000006,"Freeze completed living P,Q,diet,predation,accumulation,migration. Solve EE for SM; detritus accumulation absorbs routed inflow at fixed predation. No new consumption is assumed.",SM,0.11
13_2_Northern_Humboldt_Current_(1995-1998),routing_scenario,27,Medium sciaenids,catch,0.06129891195000001,0.054556031635500005,"Freeze completed living P,Q,diet,predation,accumulation,migration. Solve EE for SM; detritus accumulation absorbs routed inflow at fixed predation. No new consumption is assumed.",SM,0.11
13_2_Northern_Humboldt_Current_(1995-1998),routing_scenario,26,Medium demersal fish,catch,0.1495674495,0.133115030055,"Freeze completed living P,Q,diet,predation,accumulation,migration. Solve EE for SM; detritus accumulation absorbs routed inflow at fixed predation. No new consumption is assumed.",SM,0.11
13_2_Northern_Humboldt_Current_(1995-1998),routing_scenario,23,Benthic elasmobranchs,catch,0.040511636700000006,0.036055356663000006,"Freeze completed living P,Q,diet,predation,accumulation,migration. Solve EE for SM; detritus accumulation absorbs routed inflow at fixed predation. No new consumption is assumed.",SM,0.11
13_2_Northern_Humboldt_Current_(1995-1998),routing_scenario,22,Small demersal fish,catch,0.019339230299999996,0.017211914966999996,"Freeze completed living P,Q,diet,predation,accumulation,migration. Solve EE for SM; detritus accumulation absorbs routed inflow at fixed predation. No new consumption is assumed.",SM,0.11
13_2_Northern_Humboldt_Current_(1995-1998),routing_scenario,21,Flatfish,catch,0.004058227155,0.00361182216795,"Freeze completed living P,Q,diet,predation,accumulation,migration. Solve EE for SM; detritus accumulation absorbs routed inflow at fixed predation. No new consumption is assumed.",SM,0.11
13_2_Northern_Humboldt_Current_(1995-1998),routing_scenario,20,Large hake,catch,0.04633476287999999,0.041237938963199994,"Freeze completed living P,Q,diet,predation,accumulation,migration. Solve EE for SM; detritus accumulation absorbs routed inflow at fixed predation. No new consumption is assumed.",SM,0.11
13_2_Northern_Humboldt_Current_(1995-1998),routing_scenario,19,Medium hake,catch,0.048676,0.043321639999999995,"Freeze completed living P,Q,diet,predation,accumulation,migration. Solve EE for SM; detritus accumulation absorbs routed inflow at fixed predation. No new consumption is assumed.",SM,0.11
13_2_Northern_Humboldt_Current_(1995-1998),routing_scenario,18,Small hake,catch,1.1659147664,1.037664142096,"Freeze completed living P,Q,diet,predation,accumulation,migration. Solve EE for SM; detritus accumulation absorbs routed inflow at fixed predation. No new consumption is assumed.",SM,0.11
13_2_Northern_Humboldt_Current_(1995-1998),routing_scenario,17,Other large pelagic fish,catch,0.3338190135,0.297098922015,"Freeze completed living P,Q,diet,predation,accumulation,migration. Solve EE for SM; detritus accumulation absorbs routed inflow at fixed predation. No new consumption is assumed.",SM,0.11
13_2_Northern_Humboldt_Current_(1995-1998),routing_scenario,16,Chub mackerel,catch,0.7426541746,0.660962215394,"Freeze completed living P,Q,diet,predation,accumulation,migration. Solve EE for SM; detritus accumulation absorbs routed inflow at fixed predation. No new consumption is assumed.",SM,0.11
13_2_Northern_Humboldt_Current_(1995-1998),routing_scenario,15,Horse mackerel,catch,1.7465229457,1.554405421673,"Freeze completed living P,Q,diet,predation,accumulation,migration. Solve EE for SM; detritus accumulation absorbs routed inflow at fixed predation. No new consumption is assumed.",SM,0.11
13_2_Northern_Humboldt_Current_(1995-1998),routing_scenario,14,Other small pelagic fish,catch,1.689793515,1.50391622835,"Freeze completed living P,Q,diet,predation,accumulation,migration. Solve EE for SM; detritus accumulation absorbs routed inflow at fixed predation. No new consumption is assumed.",SM,0.11
13_2_Northern_Humboldt_Current_(1995-1998),routing_scenario,13,Other cephalopods,catch,0.0354708445375,0.031569051638375,"Freeze completed living P,Q,diet,predation,accumulation,migration. Solve EE for SM; detritus accumulation absorbs routed inflow at fixed predation. No new consumption is assumed.",SM,0.11
13_2_Northern_Humboldt_Current_(1995-1998),routing_scenario,12,Jumbo squid,catch,0.10546329965,0.0938623366885,"Freeze completed living P,Q,diet,predation,accumulation,migration. Solve EE for SM; detritus accumulation absorbs routed inflow at fixed predation. No new consumption is assumed.",SM,0.11
13_2_Northern_Humboldt_Current_(1995-1998),routing_scenario,10,Anchovy,catch,23.1699877955,20.621289137995,"Freeze completed living P,Q,diet,predation,accumulation,migration. Solve EE for SM; detritus accumulation absorbs routed inflow at fixed predation. No new consumption is assumed.",SM,0.11
13_2_Northern_Humboldt_Current_(1995-1998),routing_scenario,9,Sardine,catch,5.82596898325,5.1851123950925,"Freeze completed living P,Q,diet,predation,accumulation,migration. Solve EE for SM; detritus accumulation absorbs routed inflow at fixed predation. No new consumption is assumed.",SM,0.11
13_2_Northern_Humboldt_Current_(1995-1998),routing_scenario,39,Benthic detritus,growth,-4340.9949724808885,-4337.783710026675,"Freeze completed living P,Q,diet,predation,accumulation,migration. Solve EE for SM; detritus accumulation absorbs routed inflow at fixed predation. No new consumption is assumed.",SM,0.11
13_2_Northern_Humboldt_Current_(1995-1998),routing_scenario,38,Pelagic detritus,growth,5090.259743360343,5090.320656622741,"Freeze completed living P,Q,diet,predation,accumulation,migration. Solve EE for SM; detritus accumulation absorbs routed inflow at fixed predation. No new consumption is assumed.",SM,0.11
13_2_Northern_Humboldt_Current_(1995-1998),routing_scenario,36,Anchovy eggs,growth,12.539441007952618,13.176615672328865,"Freeze completed living P,Q,diet,predation,accumulation,migration. Solve EE for SM; detritus accumulation absorbs routed inflow at fixed predation. No new consumption is assumed.",SM,0.11
13_2_Northern_Humboldt_Current_(1995-1998),routing_scenario,30,Chondrichthyans,catch,0.01439636145,0.012812761690500002,"Freeze completed living P,Q,diet,predation,accumulation,migration. Solve EE for SM; detritus accumulation absorbs routed inflow at fixed predation. No new consumption is assumed.",SE,0.11
13_2_Northern_Humboldt_Current_(1995-1998),routing_scenario,29,Catfish,catch,0.33977100000000005,0.30239619000000006,"Freeze completed living P,Q,diet,predation,accumulation,migration. Solve EE for SM; detritus accumulation absorbs routed inflow at fixed predation. No new consumption is assumed.",SE,0.11
13_2_Northern_Humboldt_Current_(1995-1998),routing_scenario,27,Medium sciaenids,catch,0.06129891195000001,0.054556031635500005,"Freeze completed living P,Q,diet,predation,accumulation,migration. Solve EE for SM; detritus accumulation absorbs routed inflow at fixed predation. No new consumption is assumed.",SE,0.11
13_2_Northern_Humboldt_Current_(1995-1998),routing_scenario,26,Medium demersal fish,catch,0.1495674495,0.133115030055,"Freeze completed living P,Q,diet,predation,accumulation,migration. Solve EE for SM; detritus accumulation absorbs routed inflow at fixed predation. No new consumption is assumed.",SE,0.11
13_2_Northern_Humboldt_Current_(1995-1998),routing_scenario,23,Benthic elasmobranchs,catch,0.040511636700000006,0.036055356663000006,"Freeze completed living P,Q,diet,predation,accumulation,migration. Solve EE for SM; detritus accumulation absorbs routed inflow at fixed predation. No new consumption is assumed.",SE,0.11
13_2_Northern_Humboldt_Current_(1995-1998),routing_scenario,22,Small demersal fish,catch,0.019339230299999996,0.017211914966999996,"Freeze completed living P,Q,diet,predation,accumulation,migration. Solve EE for SM; detritus accumulation absorbs routed inflow at fixed predation. No new consumption is assumed.",SE,0.11
13_2_Northern_Humboldt_Current_(1995-1998),routing_scenario,21,Flatfish,catch,0.004058227155,0.00361182216795,"Freeze completed living P,Q,diet,predation,accumulation,migration. Solve EE for SM; detritus accumulation absorbs routed inflow at fixed predation. No new consumption is assumed.",SE,0.11
13_2_Northern_Humboldt_Current_(1995-1998),routing_scenario,20,Large hake,catch,0.04633476287999999,0.041237938963199994,"Freeze completed living P,Q,diet,predation,accumulation,migration. Solve EE for SM; detritus accumulation absorbs routed inflow at fixed predation. No new consumption is assumed.",SE,0.11
13_2_Northern_Humboldt_Current_(1995-1998),routing_scenario,19,Medium hake,catch,0.048676,0.043321639999999995,"Freeze completed living P,Q,diet,predation,accumulation,migration. Solve EE for SM; detritus accumulation absorbs routed inflow at fixed predation. No new consumption is assumed.",SE,0.11
13_2_Northern_Humboldt_Current_(1995-1998),routing_scenario,18,Small hake,catch,1.1659147664,1.037664142096,"Freeze completed living P,Q,diet,predation,accumulation,migration. Solve EE for SM; detritus accumulation absorbs routed inflow at fixed predation. No new consumption is assumed.",SE,0.11
13_2_Northern_Humboldt_Current_(1995-1998),routing_scenario,17,Other large pelagic fish,catch,0.3338190135,0.297098922015,"Freeze completed living P,Q,diet,predation,accumulation,migration. Solve EE for SM; detritus accumulation absorbs routed inflow at fixed predation. No new consumption is assumed.",SE,0.11
13_2_Northern_Humboldt_Current_(1995-1998),routing_scenario,16,Chub mackerel,catch,0.7426541746,0.660962215394,"Freeze completed living P,Q,diet,predation,accumulation,migration. Solve EE for SM; detritus accumulation absorbs routed inflow at fixed predation. No new consumption is assumed.",SE,0.11
13_2_Northern_Humboldt_Current_(1995-1998),routing_scenario,15,Horse mackerel,catch,1.7465229457,1.554405421673,"Freeze completed living P,Q,diet,predation,accumulation,migration. Solve EE for SM; detritus accumulation absorbs routed inflow at fixed predation. No new consumption is assumed.",SE,0.11
13_2_Northern_Humboldt_Current_(1995-1998),routing_scenario,14,Other small pelagic fish,catch,1.689793515,1.50391622835,"Freeze completed living P,Q,diet,predation,accumulation,migration. Solve EE for SM; detritus accumulation absorbs routed inflow at fixed predation. No new consumption is assumed.",SE,0.11
13_2_Northern_Humboldt_Current_(1995-1998),routing_scenario,13,Other cephalopods,catch,0.0354708445375,0.031569051638375,"Freeze completed living P,Q,diet,predation,accumulation,migration. Solve EE for SM; detritus accumulation absorbs routed inflow at fixed predation. No new consumption is assumed.",SE,0.11
13_2_Northern_Humboldt_Current_(1995-1998),routing_scenario,12,Jumbo squid,catch,0.10546329965,0.0938623366885,"Freeze completed living P,Q,diet,predation,accumulation,migration. Solve EE for SM; detritus accumulation absorbs routed inflow at fixed predation. No new consumption is assumed.",SE,0.11
13_2_Northern_Humboldt_Current_(1995-1998),routing_scenario,10,Anchovy,catch,23.1699877955,20.621289137995,"Freeze completed living P,Q,diet,predation,accumulation,migration. Solve EE for SM; detritus accumulation absorbs routed inflow at fixed predation. No new consumption is assumed.",SE,0.11
13_2_Northern_Humboldt_Current_(1995-1998),routing_scenario,9,Sardine,catch,5.82596898325,5.1851123950925,"Freeze completed living P,Q,diet,predation,accumulation,migration. Solve EE for SM; detritus accumulation absorbs routed inflow at fixed predation. No new consumption is assumed.",SE,0.11
13_2_Northern_Humboldt_Current_(1995-1998),routing_scenario,30,Chondrichthyans,external_loss,0.0,0.0015835997595,"Freeze completed living P,Q,diet,predation,accumulation,migration. Solve EE for SM; detritus accumulation absorbs routed inflow at fixed predation. No new consumption is assumed.",SE,0.11
13_2_Northern_Humboldt_Current_(1995-1998),routing_scenario,29,Catfish,external_loss,0.0,0.03737481000000001,"Freeze completed living P,Q,diet,predation,accumulation,migration. Solve EE for SM; detritus accumulation absorbs routed inflow at fixed predation. No new consumption is assumed.",SE,0.11
13_2_Northern_Humboldt_Current_(1995-1998),routing_scenario,27,Medium sciaenids,external_loss,0.0,0.0067428803145,"Freeze completed living P,Q,diet,predation,accumulation,migration. Solve EE for SM; detritus accumulation absorbs routed inflow at fixed predation. No new consumption is assumed.",SE,0.11
13_2_Northern_Humboldt_Current_(1995-1998),routing_scenario,26,Medium demersal fish,external_loss,0.0,0.016452419445,"Freeze completed living P,Q,diet,predation,accumulation,migration. Solve EE for SM; detritus accumulation absorbs routed inflow at fixed predation. No new consumption is assumed.",SE,0.11
13_2_Northern_Humboldt_Current_(1995-1998),routing_scenario,23,Benthic elasmobranchs,external_loss,0.0,0.004456280037000001,"Freeze completed living P,Q,diet,predation,accumulation,migration. Solve EE for SM; detritus accumulation absorbs routed inflow at fixed predation. No new consumption is assumed.",SE,0.11
13_2_Northern_Humboldt_Current_(1995-1998),routing_scenario,22,Small demersal fish,external_loss,0.0,0.0021273153329999994,"Freeze completed living P,Q,diet,predation,accumulation,migration. Solve EE for SM; detritus accumulation absorbs routed inflow at fixed predation. No new consumption is assumed.",SE,0.11
13_2_Northern_Humboldt_Current_(1995-1998),routing_scenario,21,Flatfish,external_loss,0.0,0.00044640498705,"Freeze completed living P,Q,diet,predation,accumulation,migration. Solve EE for SM; detritus accumulation absorbs routed inflow at fixed predation. No new consumption is assumed.",SE,0.11
13_2_Northern_Humboldt_Current_(1995-1998),routing_scenario,20,Large hake,external_loss,0.0,0.005096823916799999,"Freeze completed living P,Q,diet,predation,accumulation,migration. Solve EE for SM; detritus accumulation absorbs routed inflow at fixed predation. No new consumption is assumed.",SE,0.11
13_2_Northern_Humboldt_Current_(1995-1998),routing_scenario,19,Medium hake,external_loss,0.0,0.00535436,"Freeze completed living P,Q,diet,predation,accumulation,migration. Solve EE for SM; detritus accumulation absorbs routed inflow at fixed predation. No new consumption is assumed.",SE,0.11
13_2_Northern_Humboldt_Current_(1995-1998),routing_scenario,18,Small hake,external_loss,0.0,0.128250624304,"Freeze completed living P,Q,diet,predation,accumulation,migration. Solve EE for SM; detritus accumulation absorbs routed inflow at fixed predation. No new consumption is assumed.",SE,0.11
13_2_Northern_Humboldt_Current_(1995-1998),routing_scenario,17,Other large pelagic fish,external_loss,0.0,0.036720091485,"Freeze completed living P,Q,diet,predation,accumulation,migration. Solve EE for SM; detritus accumulation absorbs routed inflow at fixed predation. No new consumption is assumed.",SE,0.11
13_2_Northern_Humboldt_Current_(1995-1998),routing_scenario,16,Chub mackerel,external_loss,0.0,0.081691959206,"Freeze completed living P,Q,diet,predation,accumulation,migration. Solve EE for SM; detritus accumulation absorbs routed inflow at fixed predation. No new consumption is assumed.",SE,0.11
13_2_Northern_Humboldt_Current_(1995-1998),routing_scenario,15,Horse mackerel,external_loss,0.0,0.192117524027,"Freeze completed living P,Q,diet,predation,accumulation,migration. Solve EE for SM; detritus accumulation absorbs routed inflow at fixed predation. No new consumption is assumed.",SE,0.11
13_2_Northern_Humboldt_Current_(1995-1998),routing_scenario,14,Other small pelagic fish,external_loss,0.0,0.18587728665,"Freeze completed living P,Q,diet,predation,accumulation,migration. Solve EE for SM; detritus accumulation absorbs routed inflow at fixed predation. No new consumption is assumed.",SE,0.11
13_2_Northern_Humboldt_Current_(1995-1998),routing_scenario,13,Other cephalopods,external_loss,0.0,0.0039017928991249996,"Freeze completed living P,Q,diet,predation,accumulation,migration. Solve EE for SM; detritus accumulation absorbs routed inflow at fixed predation. No new consumption is assumed.",SE,0.11
13_2_Northern_Humboldt_Current_(1995-1998),routing_scenario,12,Jumbo squid,external_loss,0.0,0.011600962961499999,"Freeze completed living P,Q,diet,predation,accumulation,migration. Solve EE for SM; detritus accumulation absorbs routed inflow at fixed predation. No new consumption is assumed.",SE,0.11
13_2_Northern_Humboldt_Current_(1995-1998),routing_scenario,10,Anchovy,external_loss,0.0,2.548698657505,"Freeze completed living P,Q,diet,predation,accumulation,migration. Solve EE for SM; detritus accumulation absorbs routed inflow at fixed predation. No new consumption is assumed.",SE,0.11
13_2_Northern_Humboldt_Current_(1995-1998),routing_scenario,9,Sardine,external_loss,0.0,0.6408565881575,"Freeze completed living P,Q,diet,predation,accumulation,migration. Solve EE for SM; detritus accumulation absorbs routed inflow at fixed predation. No new consumption is assumed.",SE,0.11
13_2_Northern_Humboldt_Current_(1995-1998),routing_scenario,39,Benthic detritus,p,1751.6112896867576,1755.1297050296469,"Freeze completed living P,Q,diet,predation,accumulation,migration. Solve EE for SM; detritus accumulation absorbs routed inflow at fixed predation. No new consumption is assumed.",SR,0.11
13_2_Northern_Humboldt_Current_(1995-1998),routing_scenario,38,Pelagic detritus,p,5090.259743360343,5090.650678398442,"Freeze completed living P,Q,diet,predation,accumulation,migration. Solve EE for SM; detritus accumulation absorbs routed inflow at fixed predation. No new consumption is assumed.",SR,0.11
13_2_Northern_Humboldt_Current_(1995-1998),routing_scenario,39,Benthic detritus,q,1751.6112896867576,1755.1297050296469,"Freeze completed living P,Q,diet,predation,accumulation,migration. Solve EE for SM; detritus accumulation absorbs routed inflow at fixed predation. No new consumption is assumed.",SR,0.11
13_2_Northern_Humboldt_Current_(1995-1998),routing_scenario,38,Pelagic detritus,q,5090.259743360343,5090.650678398442,"Freeze completed living P,Q,diet,predation,accumulation,migration. Solve EE for SM; detritus accumulation absorbs routed inflow at fixed predation. No new consumption is assumed.",SR,0.11
13_2_Northern_Humboldt_Current_(1995-1998),routing_scenario,39,Benthic detritus,growth,-4340.9949724808885,-4337.476557137999,"Freeze completed living P,Q,diet,predation,accumulation,migration. Solve EE for SM; detritus accumulation absorbs routed inflow at fixed predation. No new consumption is assumed.",SR,0.11
13_2_Northern_Humboldt_Current_(1995-1998),routing_scenario,38,Pelagic detritus,growth,5090.259743360343,5090.650678398442,"Freeze completed living P,Q,diet,predation,accumulation,migration. Solve EE for SM; detritus accumulation absorbs routed inflow at fixed predation. No new consumption is assumed.",SR,0.11
13_2_Northern_Humboldt_Current_(1995-1998),routing_scenario,39,Benthic detritus,p,1751.6112896867576,1755.1144850913547,"Freeze completed living P,Q,diet,predation,accumulation,migration. Solve EE for SM; detritus accumulation absorbs routed inflow at fixed predation. No new consumption is assumed.",SM,0.12
13_2_Northern_Humboldt_Current_(1995-1998),routing_scenario,38,Pelagic detritus,p,5090.259743360343,5090.32619419205,"Freeze completed living P,Q,diet,predation,accumulation,migration. Solve EE for SM; detritus accumulation absorbs routed inflow at fixed predation. No new consumption is assumed.",SM,0.12
13_2_Northern_Humboldt_Current_(1995-1998),routing_scenario,36,Anchovy eggs,p,81.93913403799536,82.63423367186036,"Freeze completed living P,Q,diet,predation,accumulation,migration. Solve EE for SM; detritus accumulation absorbs routed inflow at fixed predation. No new consumption is assumed.",SM,0.12
13_2_Northern_Humboldt_Current_(1995-1998),routing_scenario,39,Benthic detritus,q,1751.6112896867576,1755.1144850913547,"Freeze completed living P,Q,diet,predation,accumulation,migration. Solve EE for SM; detritus accumulation absorbs routed inflow at fixed predation. No new consumption is assumed.",SM,0.12
13_2_Northern_Humboldt_Current_(1995-1998),routing_scenario,38,Pelagic detritus,q,5090.259743360343,5090.32619419205,"Freeze completed living P,Q,diet,predation,accumulation,migration. Solve EE for SM; detritus accumulation absorbs routed inflow at fixed predation. No new consumption is assumed.",SM,0.12
13_2_Northern_Humboldt_Current_(1995-1998),routing_scenario,36,Anchovy eggs,q,81.93913403799536,82.63423367186036,"Freeze completed living P,Q,diet,predation,accumulation,migration. Solve EE for SM; detritus accumulation absorbs routed inflow at fixed predation. No new consumption is assumed.",SM,0.12
13_2_Northern_Humboldt_Current_(1995-1998),routing_scenario,30,Chondrichthyans,M0,0.01111863866537926,0.012846202039379261,"Freeze completed living P,Q,diet,predation,accumulation,migration. Solve EE for SM; detritus accumulation absorbs routed inflow at fixed predation. No new consumption is assumed.",SM,0.12
13_2_Northern_Humboldt_Current_(1995-1998),routing_scenario,29,Catfish,M0,0.0986964358664111,0.13946895586641112,"Freeze completed living P,Q,diet,predation,accumulation,migration. Solve EE for SM; detritus accumulation absorbs routed inflow at fixed predation. No new consumption is assumed.",SM,0.12
13_2_Northern_Humboldt_Current_(1995-1998),routing_scenario,27,Medium sciaenids,M0,0.07797065965059131,0.08532652908459132,"Freeze completed living P,Q,diet,predation,accumulation,migration. Solve EE for SM; detritus accumulation absorbs routed inflow at fixed predation. No new consumption is assumed.",SM,0.12
13_2_Northern_Humboldt_Current_(1995-1998),routing_scenario,26,Medium demersal fish,M0,0.0702195877127324,0.0881676816527324,"Freeze completed living P,Q,diet,predation,accumulation,migration. Solve EE for SM; detritus accumulation absorbs routed inflow at fixed predation. No new consumption is assumed.",SM,0.12
13_2_Northern_Humboldt_Current_(1995-1998),routing_scenario,23,Benthic elasmobranchs,M0,0.02098836399473636,0.02584976039873636,"Freeze completed living P,Q,diet,predation,accumulation,migration. Solve EE for SM; detritus accumulation absorbs routed inflow at fixed predation. No new consumption is assumed.",SM,0.12
13_2_Northern_Humboldt_Current_(1995-1998),routing_scenario,22,Small demersal fish,M0,3.2426595415784147,3.244980249214415,"Freeze completed living P,Q,diet,predation,accumulation,migration. Solve EE for SM; detritus accumulation absorbs routed inflow at fixed predation. No new consumption is assumed.",SM,0.12
13_2_Northern_Humboldt_Current_(1995-1998),routing_scenario,21,Flatfish,M0,3.451325833853003e-05,0.00052150051693853,"Freeze completed living P,Q,diet,predation,accumulation,migration. Solve EE for SM; detritus accumulation absorbs routed inflow at fixed predation. No new consumption is assumed.",SM,0.12
13_2_Northern_Humboldt_Current_(1995-1998),routing_scenario,20,Large hake,M0,0.006700170035899526,0.012260341581499523,"Freeze completed living P,Q,diet,predation,accumulation,migration. Solve EE for SM; detritus accumulation absorbs routed inflow at fixed predation. No new consumption is assumed.",SM,0.12
13_2_Northern_Humboldt_Current_(1995-1998),routing_scenario,19,Medium hake,M0,0.44286476478316994,0.4487058847831699,"Freeze completed living P,Q,diet,predation,accumulation,migration. Solve EE for SM; detritus accumulation absorbs routed inflow at fixed predation. No new consumption is assumed.",SM,0.12
13_2_Northern_Humboldt_Current_(1995-1998),routing_scenario,18,Small hake,M0,0.628031663830784,0.767941435798784,"Freeze completed living P,Q,diet,predation,accumulation,migration. Solve EE for SM; detritus accumulation absorbs routed inflow at fixed predation. No new consumption is assumed.",SM,0.12
13_2_Northern_Humboldt_Current_(1995-1998),routing_scenario,17,Other large pelagic fish,M0,0.3416564469598926,0.38171472857989264,"Freeze completed living P,Q,diet,predation,accumulation,migration. Solve EE for SM; detritus accumulation absorbs routed inflow at fixed predation. No new consumption is assumed.",SM,0.12
13_2_Northern_Humboldt_Current_(1995-1998),routing_scenario,16,Chub mackerel,M0,5.522509613684951,5.611628114636951,"Freeze completed living P,Q,diet,predation,accumulation,migration. Solve EE for SM; detritus accumulation absorbs routed inflow at fixed predation. No new consumption is assumed.",SM,0.12
13_2_Northern_Humboldt_Current_(1995-1998),routing_scenario,15,Horse mackerel,M0,6.695953029518151,6.905535783002151,"Freeze completed living P,Q,diet,predation,accumulation,migration. Solve EE for SM; detritus accumulation absorbs routed inflow at fixed predation. No new consumption is assumed.",SM,0.12
13_2_Northern_Humboldt_Current_(1995-1998),routing_scenario,14,Other small pelagic fish,M0,1.0995008229018595,1.3022760447018595,"Freeze completed living P,Q,diet,predation,accumulation,migration. Solve EE for SM; detritus accumulation absorbs routed inflow at fixed predation. No new consumption is assumed.",SM,0.12
13_2_Northern_Humboldt_Current_(1995-1998),routing_scenario,13,Other cephalopods,M0,0.38835856631069415,0.39261506765519416,"Freeze completed living P,Q,diet,predation,accumulation,migration. Solve EE for SM; detritus accumulation absorbs routed inflow at fixed predation. No new consumption is assumed.",SM,0.12
13_2_Northern_Humboldt_Current_(1995-1998),routing_scenario,12,Jumbo squid,M0,0.6834706928629479,0.696126288820948,"Freeze completed living P,Q,diet,predation,accumulation,migration. Solve EE for SM; detritus accumulation absorbs routed inflow at fixed predation. No new consumption is assumed.",SM,0.12
13_2_Northern_Humboldt_Current_(1995-1998),routing_scenario,10,Anchovy,M0,21.594902660465323,24.375301195925324,"Freeze completed living P,Q,diet,predation,accumulation,migration. Solve EE for SM; detritus accumulation absorbs routed inflow at fixed predation. No new consumption is assumed.",SM,0.12
13_2_Northern_Humboldt_Current_(1995-1998),routing_scenario,9,Sardine,M0,0.45094358787714506,1.150059865867145,"Freeze completed living P,Q,diet,predation,accumulation,migration. Solve EE for SM; detritus accumulation absorbs routed inflow at fixed predation. No new consumption is assumed.",SM,0.12
13_2_Northern_Humboldt_Current_(1995-1998),routing_scenario,30,Chondrichthyans,EE,0.564231276512146,0.4965235193946813,"Freeze completed living P,Q,diet,predation,accumulation,migration. Solve EE for SM; detritus accumulation absorbs routed inflow at fixed predation. No new consumption is assumed.",SM,0.12
13_2_Northern_Humboldt_Current_(1995-1998),routing_scenario,29,Catfish,EE,0.8212506771087646,0.747407480253774,"Freeze completed living P,Q,diet,predation,accumulation,migration. Solve EE for SM; detritus accumulation absorbs routed inflow at fixed predation. No new consumption is assumed.",SM,0.12
13_2_Northern_Humboldt_Current_(1995-1998),routing_scenario,27,Medium sciaenids,EE,0.7098218202590942,0.682445973853084,"Freeze completed living P,Q,diet,predation,accumulation,migration. Solve EE for SM; detritus accumulation absorbs routed inflow at fixed predation. No new consumption is assumed.",SM,0.12
13_2_Northern_Humboldt_Current_(1995-1998),routing_scenario,26,Medium demersal fish,EE,0.8201572895050049,0.7741895763991771,"Freeze completed living P,Q,diet,predation,accumulation,migration. Solve EE for SM; detritus accumulation absorbs routed inflow at fixed predation. No new consumption is assumed.",SM,0.12
13_2_Northern_Humboldt_Current_(1995-1998),routing_scenario,23,Benthic elasmobranchs,EE,0.6587257981300354,0.5796787043134477,"Freeze completed living P,Q,diet,predation,accumulation,migration. Solve EE for SM; detritus accumulation absorbs routed inflow at fixed predation. No new consumption is assumed.",SM,0.12
13_2_Northern_Humboldt_Current_(1995-1998),routing_scenario,22,Small demersal fish,EE,0.7304298281669617,0.7302369020986559,"Freeze completed living P,Q,diet,predation,accumulation,migration. Solve EE for SM; detritus accumulation absorbs routed inflow at fixed predation. No new consumption is assumed.",SM,0.12
13_2_Northern_Humboldt_Current_(1995-1998),routing_scenario,21,Flatfish,EE,0.9954587817192078,0.931381509745199,"Freeze completed living P,Q,diet,predation,accumulation,migration. Solve EE for SM; detritus accumulation absorbs routed inflow at fixed predation. No new consumption is assumed.",SM,0.12
13_2_Northern_Humboldt_Current_(1995-1998),routing_scenario,20,Large hake,EE,0.8738672733306885,0.7691953629108073,"Freeze completed living P,Q,diet,predation,accumulation,migration. Solve EE for SM; detritus accumulation absorbs routed inflow at fixed predation. No new consumption is assumed.",SM,0.12
13_2_Northern_Humboldt_Current_(1995-1998),routing_scenario,19,Medium hake,EE,0.14074458181858063,0.12941151943167983,"Freeze completed living P,Q,diet,predation,accumulation,migration. Solve EE for SM; detritus accumulation absorbs routed inflow at fixed predation. No new consumption is assumed.",SM,0.12
13_2_Northern_Humboldt_Current_(1995-1998),routing_scenario,18,Small hake,EE,0.7213676571846008,0.6592953290022503,"Freeze completed living P,Q,diet,predation,accumulation,migration. Solve EE for SM; detritus accumulation absorbs routed inflow at fixed predation. No new consumption is assumed.",SM,0.12
13_2_Northern_Humboldt_Current_(1995-1998),routing_scenario,17,Other large pelagic fish,EE,0.533972442150116,0.4793319887907711,"Freeze completed living P,Q,diet,predation,accumulation,migration. Solve EE for SM; detritus accumulation absorbs routed inflow at fixed predation. No new consumption is assumed.",SM,0.12
13_2_Northern_Humboldt_Current_(1995-1998),routing_scenario,16,Chub mackerel,EE,0.15512745082378387,0.14149347273318913,"Freeze completed living P,Q,diet,predation,accumulation,migration. Solve EE for SM; detritus accumulation absorbs routed inflow at fixed predation. No new consumption is assumed.",SM,0.12
13_2_Northern_Humboldt_Current_(1995-1998),routing_scenario,15,Horse mackerel,EE,0.23551708459854126,0.21158883514771687,"Freeze completed living P,Q,diet,predation,accumulation,migration. Solve EE for SM; detritus accumulation absorbs routed inflow at fixed predation. No new consumption is assumed.",SM,0.12
13_2_Northern_Humboldt_Current_(1995-1998),routing_scenario,14,Other small pelagic fish,EE,0.8999999761581421,0.8815574915395126,"Freeze completed living P,Q,diet,predation,accumulation,migration. Solve EE for SM; detritus accumulation absorbs routed inflow at fixed predation. No new consumption is assumed.",SM,0.12
13_2_Northern_Humboldt_Current_(1995-1998),routing_scenario,13,Other cephalopods,EE,0.949999988079071,0.949451976173506,"Freeze completed living P,Q,diet,predation,accumulation,migration. Solve EE for SM; detritus accumulation absorbs routed inflow at fixed predation. No new consumption is assumed.",SM,0.12
13_2_Northern_Humboldt_Current_(1995-1998),routing_scenario,12,Jumbo squid,EE,0.7999784350395203,0.7962747032841423,"Freeze completed living P,Q,diet,predation,accumulation,migration. Solve EE for SM; detritus accumulation absorbs routed inflow at fixed predation. No new consumption is assumed.",SM,0.12
13_2_Northern_Humboldt_Current_(1995-1998),routing_scenario,10,Anchovy,EE,0.8148474097251892,0.7910085437237614,"Freeze completed living P,Q,diet,predation,accumulation,migration. Solve EE for SM; detritus accumulation absorbs routed inflow at fixed predation. No new consumption is assumed.",SM,0.12
13_2_Northern_Humboldt_Current_(1995-1998),routing_scenario,9,Sardine,EE,0.9700034856796265,0.9234986633291052,"Freeze completed living P,Q,diet,predation,accumulation,migration. Solve EE for SM; detritus accumulation absorbs routed inflow at fixed predation. No new consumption is assumed.",SM,0.12
13_2_Northern_Humboldt_Current_(1995-1998),routing_scenario,30,Chondrichthyans,catch,0.01439636145,0.012668798076,"Freeze completed living P,Q,diet,predation,accumulation,migration. Solve EE for SM; detritus accumulation absorbs routed inflow at fixed predation. No new consumption is assumed.",SM,0.12
13_2_Northern_Humboldt_Current_(1995-1998),routing_scenario,29,Catfish,catch,0.33977100000000005,0.29899848000000007,"Freeze completed living P,Q,diet,predation,accumulation,migration. Solve EE for SM; detritus accumulation absorbs routed inflow at fixed predation. No new consumption is assumed.",SM,0.12
13_2_Northern_Humboldt_Current_(1995-1998),routing_scenario,27,Medium sciaenids,catch,0.06129891195000001,0.053943042516,"Freeze completed living P,Q,diet,predation,accumulation,migration. Solve EE for SM; detritus accumulation absorbs routed inflow at fixed predation. No new consumption is assumed.",SM,0.12
13_2_Northern_Humboldt_Current_(1995-1998),routing_scenario,26,Medium demersal fish,catch,0.1495674495,0.13161935556,"Freeze completed living P,Q,diet,predation,accumulation,migration. Solve EE for SM; detritus accumulation absorbs routed inflow at fixed predation. No new consumption is assumed.",SM,0.12
13_2_Northern_Humboldt_Current_(1995-1998),routing_scenario,23,Benthic elasmobranchs,catch,0.040511636700000006,0.03565024029600001,"Freeze completed living P,Q,diet,predation,accumulation,migration. Solve EE for SM; detritus accumulation absorbs routed inflow at fixed predation. No new consumption is assumed.",SM,0.12
13_2_Northern_Humboldt_Current_(1995-1998),routing_scenario,22,Small demersal fish,catch,0.019339230299999996,0.017018522663999995,"Freeze completed living P,Q,diet,predation,accumulation,migration. Solve EE for SM; detritus accumulation absorbs routed inflow at fixed predation. No new consumption is assumed.",SM,0.12
13_2_Northern_Humboldt_Current_(1995-1998),routing_scenario,21,Flatfish,catch,0.004058227155,0.0035712398964,"Freeze completed living P,Q,diet,predation,accumulation,migration. Solve EE for SM; detritus accumulation absorbs routed inflow at fixed predation. No new consumption is assumed.",SM,0.12
13_2_Northern_Humboldt_Current_(1995-1998),routing_scenario,20,Large hake,catch,0.04633476287999999,0.04077459133439999,"Freeze completed living P,Q,diet,predation,accumulation,migration. Solve EE for SM; detritus accumulation absorbs routed inflow at fixed predation. No new consumption is assumed.",SM,0.12
13_2_Northern_Humboldt_Current_(1995-1998),routing_scenario,19,Medium hake,catch,0.048676,0.04283488,"Freeze completed living P,Q,diet,predation,accumulation,migration. Solve EE for SM; detritus accumulation absorbs routed inflow at fixed predation. No new consumption is assumed.",SM,0.12
13_2_Northern_Humboldt_Current_(1995-1998),routing_scenario,18,Small hake,catch,1.1659147664,1.026004994432,"Freeze completed living P,Q,diet,predation,accumulation,migration. Solve EE for SM; detritus accumulation absorbs routed inflow at fixed predation. No new consumption is assumed.",SM,0.12
13_2_Northern_Humboldt_Current_(1995-1998),routing_scenario,17,Other large pelagic fish,catch,0.3338190135,0.29376073188,"Freeze completed living P,Q,diet,predation,accumulation,migration. Solve EE for SM; detritus accumulation absorbs routed inflow at fixed predation. No new consumption is assumed.",SM,0.12
13_2_Northern_Humboldt_Current_(1995-1998),routing_scenario,16,Chub mackerel,catch,0.7426541746,0.653535673648,"Freeze completed living P,Q,diet,predation,accumulation,migration. Solve EE for SM; detritus accumulation absorbs routed inflow at fixed predation. No new consumption is assumed.",SM,0.12
13_2_Northern_Humboldt_Current_(1995-1998),routing_scenario,15,Horse mackerel,catch,1.7465229457,1.536940192216,"Freeze completed living P,Q,diet,predation,accumulation,migration. Solve EE for SM; detritus accumulation absorbs routed inflow at fixed predation. No new consumption is assumed.",SM,0.12
13_2_Northern_Humboldt_Current_(1995-1998),routing_scenario,14,Other small pelagic fish,catch,1.689793515,1.4870182932,"Freeze completed living P,Q,diet,predation,accumulation,migration. Solve EE for SM; detritus accumulation absorbs routed inflow at fixed predation. No new consumption is assumed.",SM,0.12
13_2_Northern_Humboldt_Current_(1995-1998),routing_scenario,13,Other cephalopods,catch,0.0354708445375,0.031214343192999996,"Freeze completed living P,Q,diet,predation,accumulation,migration. Solve EE for SM; detritus accumulation absorbs routed inflow at fixed predation. No new consumption is assumed.",SM,0.12
13_2_Northern_Humboldt_Current_(1995-1998),routing_scenario,12,Jumbo squid,catch,0.10546329965,0.09280770369199999,"Freeze completed living P,Q,diet,predation,accumulation,migration. Solve EE for SM; detritus accumulation absorbs routed inflow at fixed predation. No new consumption is assumed.",SM,0.12
13_2_Northern_Humboldt_Current_(1995-1998),routing_scenario,10,Anchovy,catch,23.1699877955,20.38958926004,"Freeze completed living P,Q,diet,predation,accumulation,migration. Solve EE for SM; detritus accumulation absorbs routed inflow at fixed predation. No new consumption is assumed.",SM,0.12
13_2_Northern_Humboldt_Current_(1995-1998),routing_scenario,9,Sardine,catch,5.82596898325,5.12685270526,"Freeze completed living P,Q,diet,predation,accumulation,migration. Solve EE for SM; detritus accumulation absorbs routed inflow at fixed predation. No new consumption is assumed.",SM,0.12
13_2_Northern_Humboldt_Current_(1995-1998),routing_scenario,39,Benthic detritus,growth,-4340.9949724808885,-4337.491777076291,"Freeze completed living P,Q,diet,predation,accumulation,migration. Solve EE for SM; detritus accumulation absorbs routed inflow at fixed predation. No new consumption is assumed.",SM,0.12
13_2_Northern_Humboldt_Current_(1995-1998),routing_scenario,38,Pelagic detritus,growth,5090.259743360343,5090.32619419205,"Freeze completed living P,Q,diet,predation,accumulation,migration. Solve EE for SM; detritus accumulation absorbs routed inflow at fixed predation. No new consumption is assumed.",SM,0.12
13_2_Northern_Humboldt_Current_(1995-1998),routing_scenario,36,Anchovy eggs,growth,12.539441007952618,13.234540641817617,"Freeze completed living P,Q,diet,predation,accumulation,migration. Solve EE for SM; detritus accumulation absorbs routed inflow at fixed predation. No new consumption is assumed.",SM,0.12
13_2_Northern_Humboldt_Current_(1995-1998),routing_scenario,30,Chondrichthyans,catch,0.01439636145,0.012668798076,"Freeze completed living P,Q,diet,predation,accumulation,migration. Solve EE for SM; detritus accumulation absorbs routed inflow at fixed predation. No new consumption is assumed.",SE,0.12
13_2_Northern_Humboldt_Current_(1995-1998),routing_scenario,29,Catfish,catch,0.33977100000000005,0.29899848000000007,"Freeze completed living P,Q,diet,predation,accumulation,migration. Solve EE for SM; detritus accumulation absorbs routed inflow at fixed predation. No new consumption is assumed.",SE,0.12
13_2_Northern_Humboldt_Current_(1995-1998),routing_scenario,27,Medium sciaenids,catch,0.06129891195000001,0.053943042516,"Freeze completed living P,Q,diet,predation,accumulation,migration. Solve EE for SM; detritus accumulation absorbs routed inflow at fixed predation. No new consumption is assumed.",SE,0.12
13_2_Northern_Humboldt_Current_(1995-1998),routing_scenario,26,Medium demersal fish,catch,0.1495674495,0.13161935556,"Freeze completed living P,Q,diet,predation,accumulation,migration. Solve EE for SM; detritus accumulation absorbs routed inflow at fixed predation. No new consumption is assumed.",SE,0.12
13_2_Northern_Humboldt_Current_(1995-1998),routing_scenario,23,Benthic elasmobranchs,catch,0.040511636700000006,0.03565024029600001,"Freeze completed living P,Q,diet,predation,accumulation,migration. Solve EE for SM; detritus accumulation absorbs routed inflow at fixed predation. No new consumption is assumed.",SE,0.12
13_2_Northern_Humboldt_Current_(1995-1998),routing_scenario,22,Small demersal fish,catch,0.019339230299999996,0.017018522663999995,"Freeze completed living P,Q,diet,predation,accumulation,migration. Solve EE for SM; detritus accumulation absorbs routed inflow at fixed predation. No new consumption is assumed.",SE,0.12
13_2_Northern_Humboldt_Current_(1995-1998),routing_scenario,21,Flatfish,catch,0.004058227155,0.0035712398964,"Freeze completed living P,Q,diet,predation,accumulation,migration. Solve EE for SM; detritus accumulation absorbs routed inflow at fixed predation. No new consumption is assumed.",SE,0.12
13_2_Northern_Humboldt_Current_(1995-1998),routing_scenario,20,Large hake,catch,0.04633476287999999,0.04077459133439999,"Freeze completed living P,Q,diet,predation,accumulation,migration. Solve EE for SM; detritus accumulation absorbs routed inflow at fixed predation. No new consumption is assumed.",SE,0.12
13_2_Northern_Humboldt_Current_(1995-1998),routing_scenario,19,Medium hake,catch,0.048676,0.04283488,"Freeze completed living P,Q,diet,predation,accumulation,migration. Solve EE for SM; detritus accumulation absorbs routed inflow at fixed predation. No new consumption is assumed.",SE,0.12
13_2_Northern_Humboldt_Current_(1995-1998),routing_scenario,18,Small hake,catch,1.1659147664,1.026004994432,"Freeze completed living P,Q,diet,predation,accumulation,migration. Solve EE for SM; detritus accumulation absorbs routed inflow at fixed predation. No new consumption is assumed.",SE,0.12
13_2_Northern_Humboldt_Current_(1995-1998),routing_scenario,17,Other large pelagic fish,catch,0.3338190135,0.29376073188,"Freeze completed living P,Q,diet,predation,accumulation,migration. Solve EE for SM; detritus accumulation absorbs routed inflow at fixed predation. No new consumption is assumed.",SE,0.12
13_2_Northern_Humboldt_Current_(1995-1998),routing_scenario,16,Chub mackerel,catch,0.7426541746,0.653535673648,"Freeze completed living P,Q,diet,predation,accumulation,migration. Solve EE for SM; detritus accumulation absorbs routed inflow at fixed predation. No new consumption is assumed.",SE,0.12
13_2_Northern_Humboldt_Current_(1995-1998),routing_scenario,15,Horse mackerel,catch,1.7465229457,1.536940192216,"Freeze completed living P,Q,diet,predation,accumulation,migration. Solve EE for SM; detritus accumulation absorbs routed inflow at fixed predation. No new consumption is assumed.",SE,0.12
13_2_Northern_Humboldt_Current_(1995-1998),routing_scenario,14,Other small pelagic fish,catch,1.689793515,1.4870182932,"Freeze completed living P,Q,diet,predation,accumulation,migration. Solve EE for SM; detritus accumulation absorbs routed inflow at fixed predation. No new consumption is assumed.",SE,0.12
13_2_Northern_Humboldt_Current_(1995-1998),routing_scenario,13,Other cephalopods,catch,0.0354708445375,0.031214343192999996,"Freeze completed living P,Q,diet,predation,accumulation,migration. Solve EE for SM; detritus accumulation absorbs routed inflow at fixed predation. No new consumption is assumed.",SE,0.12
13_2_Northern_Humboldt_Current_(1995-1998),routing_scenario,12,Jumbo squid,catch,0.10546329965,0.09280770369199999,"Freeze completed living P,Q,diet,predation,accumulation,migration. Solve EE for SM; detritus accumulation absorbs routed inflow at fixed predation. No new consumption is assumed.",SE,0.12
13_2_Northern_Humboldt_Current_(1995-1998),routing_scenario,10,Anchovy,catch,23.1699877955,20.38958926004,"Freeze completed living P,Q,diet,predation,accumulation,migration. Solve EE for SM; detritus accumulation absorbs routed inflow at fixed predation. No new consumption is assumed.",SE,0.12
13_2_Northern_Humboldt_Current_(1995-1998),routing_scenario,9,Sardine,catch,5.82596898325,5.12685270526,"Freeze completed living P,Q,diet,predation,accumulation,migration. Solve EE for SM; detritus accumulation absorbs routed inflow at fixed predation. No new consumption is assumed.",SE,0.12
13_2_Northern_Humboldt_Current_(1995-1998),routing_scenario,30,Chondrichthyans,external_loss,0.0,0.0017275633740000001,"Freeze completed living P,Q,diet,predation,accumulation,migration. Solve EE for SM; detritus accumulation absorbs routed inflow at fixed predation. No new consumption is assumed.",SE,0.12
13_2_Northern_Humboldt_Current_(1995-1998),routing_scenario,29,Catfish,external_loss,0.0,0.04077252000000001,"Freeze completed living P,Q,diet,predation,accumulation,migration. Solve EE for SM; detritus accumulation absorbs routed inflow at fixed predation. No new consumption is assumed.",SE,0.12
13_2_Northern_Humboldt_Current_(1995-1998),routing_scenario,27,Medium sciaenids,external_loss,0.0,0.007355869434,"Freeze completed living P,Q,diet,predation,accumulation,migration. Solve EE for SM; detritus accumulation absorbs routed inflow at fixed predation. No new consumption is assumed.",SE,0.12
13_2_Northern_Humboldt_Current_(1995-1998),routing_scenario,26,Medium demersal fish,external_loss,0.0,0.01794809394,"Freeze completed living P,Q,diet,predation,accumulation,migration. Solve EE for SM; detritus accumulation absorbs routed inflow at fixed predation. No new consumption is assumed.",SE,0.12
13_2_Northern_Humboldt_Current_(1995-1998),routing_scenario,23,Benthic elasmobranchs,external_loss,0.0,0.004861396404000001,"Freeze completed living P,Q,diet,predation,accumulation,migration. Solve EE for SM; detritus accumulation absorbs routed inflow at fixed predation. No new consumption is assumed.",SE,0.12
13_2_Northern_Humboldt_Current_(1995-1998),routing_scenario,22,Small demersal fish,external_loss,0.0,0.0023207076359999996,"Freeze completed living P,Q,diet,predation,accumulation,migration. Solve EE for SM; detritus accumulation absorbs routed inflow at fixed predation. No new consumption is assumed.",SE,0.12
13_2_Northern_Humboldt_Current_(1995-1998),routing_scenario,21,Flatfish,external_loss,0.0,0.0004869872586,"Freeze completed living P,Q,diet,predation,accumulation,migration. Solve EE for SM; detritus accumulation absorbs routed inflow at fixed predation. No new consumption is assumed.",SE,0.12
13_2_Northern_Humboldt_Current_(1995-1998),routing_scenario,20,Large hake,external_loss,0.0,0.005560171545599998,"Freeze completed living P,Q,diet,predation,accumulation,migration. Solve EE for SM; detritus accumulation absorbs routed inflow at fixed predation. No new consumption is assumed.",SE,0.12
13_2_Northern_Humboldt_Current_(1995-1998),routing_scenario,19,Medium hake,external_loss,0.0,0.005841119999999999,"Freeze completed living P,Q,diet,predation,accumulation,migration. Solve EE for SM; detritus accumulation absorbs routed inflow at fixed predation. No new consumption is assumed.",SE,0.12
13_2_Northern_Humboldt_Current_(1995-1998),routing_scenario,18,Small hake,external_loss,0.0,0.139909771968,"Freeze completed living P,Q,diet,predation,accumulation,migration. Solve EE for SM; detritus accumulation absorbs routed inflow at fixed predation. No new consumption is assumed.",SE,0.12
13_2_Northern_Humboldt_Current_(1995-1998),routing_scenario,17,Other large pelagic fish,external_loss,0.0,0.04005828162,"Freeze completed living P,Q,diet,predation,accumulation,migration. Solve EE for SM; detritus accumulation absorbs routed inflow at fixed predation. No new consumption is assumed.",SE,0.12
13_2_Northern_Humboldt_Current_(1995-1998),routing_scenario,16,Chub mackerel,external_loss,0.0,0.089118500952,"Freeze completed living P,Q,diet,predation,accumulation,migration. Solve EE for SM; detritus accumulation absorbs routed inflow at fixed predation. No new consumption is assumed.",SE,0.12
13_2_Northern_Humboldt_Current_(1995-1998),routing_scenario,15,Horse mackerel,external_loss,0.0,0.209582753484,"Freeze completed living P,Q,diet,predation,accumulation,migration. Solve EE for SM; detritus accumulation absorbs routed inflow at fixed predation. No new consumption is assumed.",SE,0.12
13_2_Northern_Humboldt_Current_(1995-1998),routing_scenario,14,Other small pelagic fish,external_loss,0.0,0.2027752218,"Freeze completed living P,Q,diet,predation,accumulation,migration. Solve EE for SM; detritus accumulation absorbs routed inflow at fixed predation. No new consumption is assumed.",SE,0.12
13_2_Northern_Humboldt_Current_(1995-1998),routing_scenario,13,Other cephalopods,external_loss,0.0,0.0042565013445,"Freeze completed living P,Q,diet,predation,accumulation,migration. Solve EE for SM; detritus accumulation absorbs routed inflow at fixed predation. No new consumption is assumed.",SE,0.12
13_2_Northern_Humboldt_Current_(1995-1998),routing_scenario,12,Jumbo squid,external_loss,0.0,0.012655595958,"Freeze completed living P,Q,diet,predation,accumulation,migration. Solve EE for SM; detritus accumulation absorbs routed inflow at fixed predation. No new consumption is assumed.",SE,0.12
13_2_Northern_Humboldt_Current_(1995-1998),routing_scenario,10,Anchovy,external_loss,0.0,2.78039853546,"Freeze completed living P,Q,diet,predation,accumulation,migration. Solve EE for SM; detritus accumulation absorbs routed inflow at fixed predation. No new consumption is assumed.",SE,0.12
13_2_Northern_Humboldt_Current_(1995-1998),routing_scenario,9,Sardine,external_loss,0.0,0.69911627799,"Freeze completed living P,Q,diet,predation,accumulation,migration. Solve EE for SM; detritus accumulation absorbs routed inflow at fixed predation. No new consumption is assumed.",SE,0.12
13_2_Northern_Humboldt_Current_(1995-1998),routing_scenario,39,Benthic detritus,p,1751.6112896867576,1755.4495609699095,"Freeze completed living P,Q,diet,predation,accumulation,migration. Solve EE for SM; detritus accumulation absorbs routed inflow at fixed predation. No new consumption is assumed.",SR,0.12
13_2_Northern_Humboldt_Current_(1995-1998),routing_scenario,38,Pelagic detritus,p,5090.259743360343,5090.68621794736,"Freeze completed living P,Q,diet,predation,accumulation,migration. Solve EE for SM; detritus accumulation absorbs routed inflow at fixed predation. No new consumption is assumed.",SR,0.12
13_2_Northern_Humboldt_Current_(1995-1998),routing_scenario,39,Benthic detritus,q,1751.6112896867576,1755.4495609699095,"Freeze completed living P,Q,diet,predation,accumulation,migration. Solve EE for SM; detritus accumulation absorbs routed inflow at fixed predation. No new consumption is assumed.",SR,0.12
13_2_Northern_Humboldt_Current_(1995-1998),routing_scenario,38,Pelagic detritus,q,5090.259743360343,5090.68621794736,"Freeze completed living P,Q,diet,predation,accumulation,migration. Solve EE for SM; detritus accumulation absorbs routed inflow at fixed predation. No new consumption is assumed.",SR,0.12
13_2_Northern_Humboldt_Current_(1995-1998),routing_scenario,39,Benthic detritus,growth,-4340.9949724808885,-4337.156701197737,"Freeze completed living P,Q,diet,predation,accumulation,migration. Solve EE for SM; detritus accumulation absorbs routed inflow at fixed predation. No new consumption is assumed.",SR,0.12
13_2_Northern_Humboldt_Current_(1995-1998),routing_scenario,38,Pelagic detritus,growth,5090.259743360343,5090.68621794736,"Freeze completed living P,Q,diet,predation,accumulation,migration. Solve EE for SM; detritus accumulation absorbs routed inflow at fixed predation. No new consumption is assumed.",SR,0.12
13_2_Northern_Humboldt_Current_(1995-1998),routing_scenario,39,Benthic detritus,p,1751.6112896867576,1755.4064180417379,"Freeze completed living P,Q,diet,predation,accumulation,migration. Solve EE for SM; detritus accumulation absorbs routed inflow at fixed predation. No new consumption is assumed.",SM,0.13
13_2_Northern_Humboldt_Current_(1995-1998),routing_scenario,38,Pelagic detritus,p,5090.259743360343,5090.331731761358,"Freeze completed living P,Q,diet,predation,accumulation,migration. Solve EE for SM; detritus accumulation absorbs routed inflow at fixed predation. No new consumption is assumed.",SM,0.13
13_2_Northern_Humboldt_Current_(1995-1998),routing_scenario,36,Anchovy eggs,p,81.93913403799536,82.69215864134911,"Freeze completed living P,Q,diet,predation,accumulation,migration. Solve EE for SM; detritus accumulation absorbs routed inflow at fixed predation. No new consumption is assumed.",SM,0.13
13_2_Northern_Humboldt_Current_(1995-1998),routing_scenario,39,Benthic detritus,q,1751.6112896867576,1755.4064180417379,"Freeze completed living P,Q,diet,predation,accumulation,migration. Solve EE for SM; detritus accumulation absorbs routed inflow at fixed predation. No new consumption is assumed.",SM,0.13
13_2_Northern_Humboldt_Current_(1995-1998),routing_scenario,38,Pelagic detritus,q,5090.259743360343,5090.331731761358,"Freeze completed living P,Q,diet,predation,accumulation,migration. Solve EE for SM; detritus accumulation absorbs routed inflow at fixed predation. No new consumption is assumed.",SM,0.13
13_2_Northern_Humboldt_Current_(1995-1998),routing_scenario,36,Anchovy eggs,q,81.93913403799536,82.69215864134911,"Freeze completed living P,Q,diet,predation,accumulation,migration. Solve EE for SM; detritus accumulation absorbs routed inflow at fixed predation. No new consumption is assumed.",SM,0.13
13_2_Northern_Humboldt_Current_(1995-1998),routing_scenario,30,Chondrichthyans,M0,0.01111863866537926,0.012990165653879261,"Freeze completed living P,Q,diet,predation,accumulation,migration. Solve EE for SM; detritus accumulation absorbs routed inflow at fixed predation. No new consumption is assumed.",SM,0.13
13_2_Northern_Humboldt_Current_(1995-1998),routing_scenario,29,Catfish,M0,0.0986964358664111,0.1428666658664111,"Freeze completed living P,Q,diet,predation,accumulation,migration. Solve EE for SM; detritus accumulation absorbs routed inflow at fixed predation. No new consumption is assumed.",SM,0.13
13_2_Northern_Humboldt_Current_(1995-1998),routing_scenario,27,Medium sciaenids,M0,0.07797065965059131,0.08593951820409132,"Freeze completed living P,Q,diet,predation,accumulation,migration. Solve EE for SM; detritus accumulation absorbs routed inflow at fixed predation. No new consumption is assumed.",SM,0.13
13_2_Northern_Humboldt_Current_(1995-1998),routing_scenario,26,Medium demersal fish,M0,0.0702195877127324,0.08966335614773241,"Freeze completed living P,Q,diet,predation,accumulation,migration. Solve EE for SM; detritus accumulation absorbs routed inflow at fixed predation. No new consumption is assumed.",SM,0.13
13_2_Northern_Humboldt_Current_(1995-1998),routing_scenario,23,Benthic elasmobranchs,M0,0.02098836399473636,0.02625487676573636,"Freeze completed living P,Q,diet,predation,accumulation,migration. Solve EE for SM; detritus accumulation absorbs routed inflow at fixed predation. No new consumption is assumed.",SM,0.13
13_2_Northern_Humboldt_Current_(1995-1998),routing_scenario,22,Small demersal fish,M0,3.2426595415784147,3.2451736415174146,"Freeze completed living P,Q,diet,predation,accumulation,migration. Solve EE for SM; detritus accumulation absorbs routed inflow at fixed predation. No new consumption is assumed.",SM,0.13
13_2_Northern_Humboldt_Current_(1995-1998),routing_scenario,21,Flatfish,M0,3.451325833853003e-05,0.0005620827884885301,"Freeze completed living P,Q,diet,predation,accumulation,migration. Solve EE for SM; detritus accumulation absorbs routed inflow at fixed predation. No new consumption is assumed.",SM,0.13
13_2_Northern_Humboldt_Current_(1995-1998),routing_scenario,20,Large hake,M0,0.006700170035899526,0.012723689210299524,"Freeze completed living P,Q,diet,predation,accumulation,migration. Solve EE for SM; detritus accumulation absorbs routed inflow at fixed predation. No new consumption is assumed.",SM,0.13
13_2_Northern_Humboldt_Current_(1995-1998),routing_scenario,19,Medium hake,M0,0.44286476478316994,0.44919264478316995,"Freeze completed living P,Q,diet,predation,accumulation,migration. Solve EE for SM; detritus accumulation absorbs routed inflow at fixed predation. No new consumption is assumed.",SM,0.13
13_2_Northern_Humboldt_Current_(1995-1998),routing_scenario,18,Small hake,M0,0.628031663830784,0.779600583462784,"Freeze completed living P,Q,diet,predation,accumulation,migration. Solve EE for SM; detritus accumulation absorbs routed inflow at fixed predation. No new consumption is assumed.",SM,0.13
13_2_Northern_Humboldt_Current_(1995-1998),routing_scenario,17,Other large pelagic fish,M0,0.3416564469598926,0.3850529187148926,"Freeze completed living P,Q,diet,predation,accumulation,migration. Solve EE for SM; detritus accumulation absorbs routed inflow at fixed predation. No new consumption is assumed.",SM,0.13
13_2_Northern_Humboldt_Current_(1995-1998),routing_scenario,16,Chub mackerel,M0,5.522509613684951,5.619054656382951,"Freeze completed living P,Q,diet,predation,accumulation,migration. Solve EE for SM; detritus accumulation absorbs routed inflow at fixed predation. No new consumption is assumed.",SM,0.13
13_2_Northern_Humboldt_Current_(1995-1998),routing_scenario,15,Horse mackerel,M0,6.695953029518151,6.923001012459151,"Freeze completed living P,Q,diet,predation,accumulation,migration. Solve EE for SM; detritus accumulation absorbs routed inflow at fixed predation. No new consumption is assumed.",SM,0.13
13_2_Northern_Humboldt_Current_(1995-1998),routing_scenario,14,Other small pelagic fish,M0,1.0995008229018595,1.3191739798518596,"Freeze completed living P,Q,diet,predation,accumulation,migration. Solve EE for SM; detritus accumulation absorbs routed inflow at fixed predation. No new consumption is assumed.",SM,0.13
13_2_Northern_Humboldt_Current_(1995-1998),routing_scenario,13,Other cephalopods,M0,0.38835856631069415,0.39296977610056916,"Freeze completed living P,Q,diet,predation,accumulation,migration. Solve EE for SM; detritus accumulation absorbs routed inflow at fixed predation. No new consumption is assumed.",SM,0.13
13_2_Northern_Humboldt_Current_(1995-1998),routing_scenario,12,Jumbo squid,M0,0.6834706928629479,0.697180921817448,"Freeze completed living P,Q,diet,predation,accumulation,migration. Solve EE for SM; detritus accumulation absorbs routed inflow at fixed predation. No new consumption is assumed.",SM,0.13
13_2_Northern_Humboldt_Current_(1995-1998),routing_scenario,10,Anchovy,M0,21.594902660465323,24.607001073880323,"Freeze completed living P,Q,diet,predation,accumulation,migration. Solve EE for SM; detritus accumulation absorbs routed inflow at fixed predation. No new consumption is assumed.",SM,0.13
13_2_Northern_Humboldt_Current_(1995-1998),routing_scenario,9,Sardine,M0,0.45094358787714506,1.208319555699645,"Freeze completed living P,Q,diet,predation,accumulation,migration. Solve EE for SM; detritus accumulation absorbs routed inflow at fixed predation. No new consumption is assumed.",SM,0.13
13_2_Northern_Humboldt_Current_(1995-1998),routing_scenario,30,Chondrichthyans,EE,0.564231276512146,0.4908812063015593,"Freeze completed living P,Q,diet,predation,accumulation,migration. Solve EE for SM; detritus accumulation absorbs routed inflow at fixed predation. No new consumption is assumed.",SM,0.13
13_2_Northern_Humboldt_Current_(1995-1998),routing_scenario,29,Catfish,EE,0.8212506771087646,0.7412538805158582,"Freeze completed living P,Q,diet,predation,accumulation,migration. Solve EE for SM; detritus accumulation absorbs routed inflow at fixed predation. No new consumption is assumed.",SM,0.13
13_2_Northern_Humboldt_Current_(1995-1998),routing_scenario,27,Medium sciaenids,EE,0.7098218202590942,0.6801646533192498,"Freeze completed living P,Q,diet,predation,accumulation,migration. Solve EE for SM; detritus accumulation absorbs routed inflow at fixed predation. No new consumption is assumed.",SM,0.13
13_2_Northern_Humboldt_Current_(1995-1998),routing_scenario,26,Medium demersal fish,EE,0.8201572895050049,0.770358933640358,"Freeze completed living P,Q,diet,predation,accumulation,migration. Solve EE for SM; detritus accumulation absorbs routed inflow at fixed predation. No new consumption is assumed.",SM,0.13
13_2_Northern_Humboldt_Current_(1995-1998),routing_scenario,23,Benthic elasmobranchs,EE,0.6587257981300354,0.5730914464953987,"Freeze completed living P,Q,diet,predation,accumulation,migration. Solve EE for SM; detritus accumulation absorbs routed inflow at fixed predation. No new consumption is assumed.",SM,0.13
13_2_Northern_Humboldt_Current_(1995-1998),routing_scenario,22,Small demersal fish,EE,0.7304298281669617,0.7302208249262971,"Freeze completed living P,Q,diet,predation,accumulation,migration. Solve EE for SM; detritus accumulation absorbs routed inflow at fixed predation. No new consumption is assumed.",SM,0.13
13_2_Northern_Humboldt_Current_(1995-1998),routing_scenario,21,Flatfish,EE,0.9954587817192078,0.9260417370806983,"Freeze completed living P,Q,diet,predation,accumulation,migration. Solve EE for SM; detritus accumulation absorbs routed inflow at fixed predation. No new consumption is assumed.",SM,0.13
13_2_Northern_Humboldt_Current_(1995-1998),routing_scenario,20,Large hake,EE,0.8738672733306885,0.7604727037091504,"Freeze completed living P,Q,diet,predation,accumulation,migration. Solve EE for SM; detritus accumulation absorbs routed inflow at fixed predation. No new consumption is assumed.",SM,0.13
13_2_Northern_Humboldt_Current_(1995-1998),routing_scenario,19,Medium hake,EE,0.14074458181858063,0.12846709756610475,"Freeze completed living P,Q,diet,predation,accumulation,migration. Solve EE for SM; detritus accumulation absorbs routed inflow at fixed predation. No new consumption is assumed.",SM,0.13
13_2_Northern_Humboldt_Current_(1995-1998),routing_scenario,18,Small hake,EE,0.7213676571846008,0.6541226349870544,"Freeze completed living P,Q,diet,predation,accumulation,migration. Solve EE for SM; detritus accumulation absorbs routed inflow at fixed predation. No new consumption is assumed.",SM,0.13
13_2_Northern_Humboldt_Current_(1995-1998),routing_scenario,17,Other large pelagic fish,EE,0.533972442150116,0.4747786176774924,"Freeze completed living P,Q,diet,predation,accumulation,migration. Solve EE for SM; detritus accumulation absorbs routed inflow at fixed predation. No new consumption is assumed.",SM,0.13
13_2_Northern_Humboldt_Current_(1995-1998),routing_scenario,16,Chub mackerel,EE,0.15512745082378387,0.14035730789230627,"Freeze completed living P,Q,diet,predation,accumulation,migration. Solve EE for SM; detritus accumulation absorbs routed inflow at fixed predation. No new consumption is assumed.",SM,0.13
13_2_Northern_Humboldt_Current_(1995-1998),routing_scenario,15,Horse mackerel,EE,0.23551708459854126,0.20959481436014804,"Freeze completed living P,Q,diet,predation,accumulation,migration. Solve EE for SM; detritus accumulation absorbs routed inflow at fixed predation. No new consumption is assumed.",SM,0.13
13_2_Northern_Humboldt_Current_(1995-1998),routing_scenario,14,Other small pelagic fish,EE,0.8999999761581421,0.8800206178212935,"Freeze completed living P,Q,diet,predation,accumulation,migration. Solve EE for SM; detritus accumulation absorbs routed inflow at fixed predation. No new consumption is assumed.",SM,0.13
13_2_Northern_Humboldt_Current_(1995-1998),routing_scenario,13,Other cephalopods,EE,0.949999988079071,0.9494063085147089,"Freeze completed living P,Q,diet,predation,accumulation,migration. Solve EE for SM; detritus accumulation absorbs routed inflow at fixed predation. No new consumption is assumed.",SM,0.13
13_2_Northern_Humboldt_Current_(1995-1998),routing_scenario,12,Jumbo squid,EE,0.7999784350395203,0.7959660589711941,"Freeze completed living P,Q,diet,predation,accumulation,migration. Solve EE for SM; detritus accumulation absorbs routed inflow at fixed predation. No new consumption is assumed.",SM,0.13
13_2_Northern_Humboldt_Current_(1995-1998),routing_scenario,10,Anchovy,EE,0.8148474097251892,0.7890219715569757,"Freeze completed living P,Q,diet,predation,accumulation,migration. Solve EE for SM; detritus accumulation absorbs routed inflow at fixed predation. No new consumption is assumed.",SM,0.13
13_2_Northern_Humboldt_Current_(1995-1998),routing_scenario,9,Sardine,EE,0.9700034856796265,0.9196232614665618,"Freeze completed living P,Q,diet,predation,accumulation,migration. Solve EE for SM; detritus accumulation absorbs routed inflow at fixed predation. No new consumption is assumed.",SM,0.13
13_2_Northern_Humboldt_Current_(1995-1998),routing_scenario,30,Chondrichthyans,catch,0.01439636145,0.0125248344615,"Freeze completed living P,Q,diet,predation,accumulation,migration. Solve EE for SM; detritus accumulation absorbs routed inflow at fixed predation. No new consumption is assumed.",SM,0.13
13_2_Northern_Humboldt_Current_(1995-1998),routing_scenario,29,Catfish,catch,0.33977100000000005,0.29560077,"Freeze completed living P,Q,diet,predation,accumulation,migration. Solve EE for SM; detritus accumulation absorbs routed inflow at fixed predation. No new consumption is assumed.",SM,0.13
13_2_Northern_Humboldt_Current_(1995-1998),routing_scenario,27,Medium sciaenids,catch,0.06129891195000001,0.05333005339650001,"Freeze completed living P,Q,diet,predation,accumulation,migration. Solve EE for SM; detritus accumulation absorbs routed inflow at fixed predation. No new consumption is assumed.",SM,0.13
13_2_Northern_Humboldt_Current_(1995-1998),routing_scenario,26,Medium demersal fish,catch,0.1495674495,0.130123681065,"Freeze completed living P,Q,diet,predation,accumulation,migration. Solve EE for SM; detritus accumulation absorbs routed inflow at fixed predation. No new consumption is assumed.",SM,0.13
13_2_Northern_Humboldt_Current_(1995-1998),routing_scenario,23,Benthic elasmobranchs,catch,0.040511636700000006,0.035245123929000005,"Freeze completed living P,Q,diet,predation,accumulation,migration. Solve EE for SM; detritus accumulation absorbs routed inflow at fixed predation. No new consumption is assumed.",SM,0.13
13_2_Northern_Humboldt_Current_(1995-1998),routing_scenario,22,Small demersal fish,catch,0.019339230299999996,0.016825130360999998,"Freeze completed living P,Q,diet,predation,accumulation,migration. Solve EE for SM; detritus accumulation absorbs routed inflow at fixed predation. No new consumption is assumed.",SM,0.13
13_2_Northern_Humboldt_Current_(1995-1998),routing_scenario,21,Flatfish,catch,0.004058227155,0.00353065762485,"Freeze completed living P,Q,diet,predation,accumulation,migration. Solve EE for SM; detritus accumulation absorbs routed inflow at fixed predation. No new consumption is assumed.",SM,0.13
13_2_Northern_Humboldt_Current_(1995-1998),routing_scenario,20,Large hake,catch,0.04633476287999999,0.04031124370559999,"Freeze completed living P,Q,diet,predation,accumulation,migration. Solve EE for SM; detritus accumulation absorbs routed inflow at fixed predation. No new consumption is assumed.",SM,0.13
13_2_Northern_Humboldt_Current_(1995-1998),routing_scenario,19,Medium hake,catch,0.048676,0.042348119999999996,"Freeze completed living P,Q,diet,predation,accumulation,migration. Solve EE for SM; detritus accumulation absorbs routed inflow at fixed predation. No new consumption is assumed.",SM,0.13
13_2_Northern_Humboldt_Current_(1995-1998),routing_scenario,18,Small hake,catch,1.1659147664,1.014345846768,"Freeze completed living P,Q,diet,predation,accumulation,migration. Solve EE for SM; detritus accumulation absorbs routed inflow at fixed predation. No new consumption is assumed.",SM,0.13
13_2_Northern_Humboldt_Current_(1995-1998),routing_scenario,17,Other large pelagic fish,catch,0.3338190135,0.290422541745,"Freeze completed living P,Q,diet,predation,accumulation,migration. Solve EE for SM; detritus accumulation absorbs routed inflow at fixed predation. No new consumption is assumed.",SM,0.13
13_2_Northern_Humboldt_Current_(1995-1998),routing_scenario,16,Chub mackerel,catch,0.7426541746,0.646109131902,"Freeze completed living P,Q,diet,predation,accumulation,migration. Solve EE for SM; detritus accumulation absorbs routed inflow at fixed predation. No new consumption is assumed.",SM,0.13
13_2_Northern_Humboldt_Current_(1995-1998),routing_scenario,15,Horse mackerel,catch,1.7465229457,1.519474962759,"Freeze completed living P,Q,diet,predation,accumulation,migration. Solve EE for SM; detritus accumulation absorbs routed inflow at fixed predation. No new consumption is assumed.",SM,0.13
13_2_Northern_Humboldt_Current_(1995-1998),routing_scenario,14,Other small pelagic fish,catch,1.689793515,1.47012035805,"Freeze completed living P,Q,diet,predation,accumulation,migration. Solve EE for SM; detritus accumulation absorbs routed inflow at fixed predation. No new consumption is assumed.",SM,0.13
13_2_Northern_Humboldt_Current_(1995-1998),routing_scenario,13,Other cephalopods,catch,0.0354708445375,0.030859634747624997,"Freeze completed living P,Q,diet,predation,accumulation,migration. Solve EE for SM; detritus accumulation absorbs routed inflow at fixed predation. No new consumption is assumed.",SM,0.13
13_2_Northern_Humboldt_Current_(1995-1998),routing_scenario,12,Jumbo squid,catch,0.10546329965,0.0917530706955,"Freeze completed living P,Q,diet,predation,accumulation,migration. Solve EE for SM; detritus accumulation absorbs routed inflow at fixed predation. No new consumption is assumed.",SM,0.13
13_2_Northern_Humboldt_Current_(1995-1998),routing_scenario,10,Anchovy,catch,23.1699877955,20.157889382085,"Freeze completed living P,Q,diet,predation,accumulation,migration. Solve EE for SM; detritus accumulation absorbs routed inflow at fixed predation. No new consumption is assumed.",SM,0.13
13_2_Northern_Humboldt_Current_(1995-1998),routing_scenario,9,Sardine,catch,5.82596898325,5.0685930154275,"Freeze completed living P,Q,diet,predation,accumulation,migration. Solve EE for SM; detritus accumulation absorbs routed inflow at fixed predation. No new consumption is assumed.",SM,0.13
13_2_Northern_Humboldt_Current_(1995-1998),routing_scenario,39,Benthic detritus,growth,-4340.9949724808885,-4337.199844125908,"Freeze completed living P,Q,diet,predation,accumulation,migration. Solve EE for SM; detritus accumulation absorbs routed inflow at fixed predation. No new consumption is assumed.",SM,0.13
13_2_Northern_Humboldt_Current_(1995-1998),routing_scenario,38,Pelagic detritus,growth,5090.259743360343,5090.331731761358,"Freeze completed living P,Q,diet,predation,accumulation,migration. Solve EE for SM; detritus accumulation absorbs routed inflow at fixed predation. No new consumption is assumed.",SM,0.13
13_2_Northern_Humboldt_Current_(1995-1998),routing_scenario,36,Anchovy eggs,growth,12.539441007952618,13.292465611306369,"Freeze completed living P,Q,diet,predation,accumulation,migration. Solve EE for SM; detritus accumulation absorbs routed inflow at fixed predation. No new consumption is assumed.",SM,0.13
13_2_Northern_Humboldt_Current_(1995-1998),routing_scenario,30,Chondrichthyans,catch,0.01439636145,0.0125248344615,"Freeze completed living P,Q,diet,predation,accumulation,migration. Solve EE for SM; detritus accumulation absorbs routed inflow at fixed predation. No new consumption is assumed.",SE,0.13
13_2_Northern_Humboldt_Current_(1995-1998),routing_scenario,29,Catfish,catch,0.33977100000000005,0.29560077,"Freeze completed living P,Q,diet,predation,accumulation,migration. Solve EE for SM; detritus accumulation absorbs routed inflow at fixed predation. No new consumption is assumed.",SE,0.13
13_2_Northern_Humboldt_Current_(1995-1998),routing_scenario,27,Medium sciaenids,catch,0.06129891195000001,0.05333005339650001,"Freeze completed living P,Q,diet,predation,accumulation,migration. Solve EE for SM; detritus accumulation absorbs routed inflow at fixed predation. No new consumption is assumed.",SE,0.13
13_2_Northern_Humboldt_Current_(1995-1998),routing_scenario,26,Medium demersal fish,catch,0.1495674495,0.130123681065,"Freeze completed living P,Q,diet,predation,accumulation,migration. Solve EE for SM; detritus accumulation absorbs routed inflow at fixed predation. No new consumption is assumed.",SE,0.13
13_2_Northern_Humboldt_Current_(1995-1998),routing_scenario,23,Benthic elasmobranchs,catch,0.040511636700000006,0.035245123929000005,"Freeze completed living P,Q,diet,predation,accumulation,migration. Solve EE for SM; detritus accumulation absorbs routed inflow at fixed predation. No new consumption is assumed.",SE,0.13
13_2_Northern_Humboldt_Current_(1995-1998),routing_scenario,22,Small demersal fish,catch,0.019339230299999996,0.016825130360999998,"Freeze completed living P,Q,diet,predation,accumulation,migration. Solve EE for SM; detritus accumulation absorbs routed inflow at fixed predation. No new consumption is assumed.",SE,0.13
13_2_Northern_Humboldt_Current_(1995-1998),routing_scenario,21,Flatfish,catch,0.004058227155,0.00353065762485,"Freeze completed living P,Q,diet,predation,accumulation,migration. Solve EE for SM; detritus accumulation absorbs routed inflow at fixed predation. No new consumption is assumed.",SE,0.13
13_2_Northern_Humboldt_Current_(1995-1998),routing_scenario,20,Large hake,catch,0.04633476287999999,0.04031124370559999,"Freeze completed living P,Q,diet,predation,accumulation,migration. Solve EE for SM; detritus accumulation absorbs routed inflow at fixed predation. No new consumption is assumed.",SE,0.13
13_2_Northern_Humboldt_Current_(1995-1998),routing_scenario,19,Medium hake,catch,0.048676,0.042348119999999996,"Freeze completed living P,Q,diet,predation,accumulation,migration. Solve EE for SM; detritus accumulation absorbs routed inflow at fixed predation. No new consumption is assumed.",SE,0.13
13_2_Northern_Humboldt_Current_(1995-1998),routing_scenario,18,Small hake,catch,1.1659147664,1.014345846768,"Freeze completed living P,Q,diet,predation,accumulation,migration. Solve EE for SM; detritus accumulation absorbs routed inflow at fixed predation. No new consumption is assumed.",SE,0.13
13_2_Northern_Humboldt_Current_(1995-1998),routing_scenario,17,Other large pelagic fish,catch,0.3338190135,0.290422541745,"Freeze completed living P,Q,diet,predation,accumulation,migration. Solve EE for SM; detritus accumulation absorbs routed inflow at fixed predation. No new consumption is assumed.",SE,0.13
13_2_Northern_Humboldt_Current_(1995-1998),routing_scenario,16,Chub mackerel,catch,0.7426541746,0.646109131902,"Freeze completed living P,Q,diet,predation,accumulation,migration. Solve EE for SM; detritus accumulation absorbs routed inflow at fixed predation. No new consumption is assumed.",SE,0.13
13_2_Northern_Humboldt_Current_(1995-1998),routing_scenario,15,Horse mackerel,catch,1.7465229457,1.519474962759,"Freeze completed living P,Q,diet,predation,accumulation,migration. Solve EE for SM; detritus accumulation absorbs routed inflow at fixed predation. No new consumption is assumed.",SE,0.13
13_2_Northern_Humboldt_Current_(1995-1998),routing_scenario,14,Other small pelagic fish,catch,1.689793515,1.47012035805,"Freeze completed living P,Q,diet,predation,accumulation,migration. Solve EE for SM; detritus accumulation absorbs routed inflow at fixed predation. No new consumption is assumed.",SE,0.13
13_2_Northern_Humboldt_Current_(1995-1998),routing_scenario,13,Other cephalopods,catch,0.0354708445375,0.030859634747624997,"Freeze completed living P,Q,diet,predation,accumulation,migration. Solve EE for SM; detritus accumulation absorbs routed inflow at fixed predation. No new consumption is assumed.",SE,0.13
13_2_Northern_Humboldt_Current_(1995-1998),routing_scenario,12,Jumbo squid,catch,0.10546329965,0.0917530706955,"Freeze completed living P,Q,diet,predation,accumulation,migration. Solve EE for SM; detritus accumulation absorbs routed inflow at fixed predation. No new consumption is assumed.",SE,0.13
13_2_Northern_Humboldt_Current_(1995-1998),routing_scenario,10,Anchovy,catch,23.1699877955,20.157889382085,"Freeze completed living P,Q,diet,predation,accumulation,migration. Solve EE for SM; detritus accumulation absorbs routed inflow at fixed predation. No new consumption is assumed.",SE,0.13
13_2_Northern_Humboldt_Current_(1995-1998),routing_scenario,9,Sardine,catch,5.82596898325,5.0685930154275,"Freeze completed living P,Q,diet,predation,accumulation,migration. Solve EE for SM; detritus accumulation absorbs routed inflow at fixed predation. No new consumption is assumed.",SE,0.13
13_2_Northern_Humboldt_Current_(1995-1998),routing_scenario,30,Chondrichthyans,external_loss,0.0,0.0018715269885,"Freeze completed living P,Q,diet,predation,accumulation,migration. Solve EE for SM; detritus accumulation absorbs routed inflow at fixed predation. No new consumption is assumed.",SE,0.13
13_2_Northern_Humboldt_Current_(1995-1998),routing_scenario,29,Catfish,external_loss,0.0,0.044170230000000005,"Freeze completed living P,Q,diet,predation,accumulation,migration. Solve EE for SM; detritus accumulation absorbs routed inflow at fixed predation. No new consumption is assumed.",SE,0.13
13_2_Northern_Humboldt_Current_(1995-1998),routing_scenario,27,Medium sciaenids,external_loss,0.0,0.007968858553500002,"Freeze completed living P,Q,diet,predation,accumulation,migration. Solve EE for SM; detritus accumulation absorbs routed inflow at fixed predation. No new consumption is assumed.",SE,0.13
13_2_Northern_Humboldt_Current_(1995-1998),routing_scenario,26,Medium demersal fish,external_loss,0.0,0.019443768435,"Freeze completed living P,Q,diet,predation,accumulation,migration. Solve EE for SM; detritus accumulation absorbs routed inflow at fixed predation. No new consumption is assumed.",SE,0.13
13_2_Northern_Humboldt_Current_(1995-1998),routing_scenario,23,Benthic elasmobranchs,external_loss,0.0,0.005266512771000001,"Freeze completed living P,Q,diet,predation,accumulation,migration. Solve EE for SM; detritus accumulation absorbs routed inflow at fixed predation. No new consumption is assumed.",SE,0.13
13_2_Northern_Humboldt_Current_(1995-1998),routing_scenario,22,Small demersal fish,external_loss,0.0,0.0025140999389999994,"Freeze completed living P,Q,diet,predation,accumulation,migration. Solve EE for SM; detritus accumulation absorbs routed inflow at fixed predation. No new consumption is assumed.",SE,0.13
13_2_Northern_Humboldt_Current_(1995-1998),routing_scenario,21,Flatfish,external_loss,0.0,0.00052756953015,"Freeze completed living P,Q,diet,predation,accumulation,migration. Solve EE for SM; detritus accumulation absorbs routed inflow at fixed predation. No new consumption is assumed.",SE,0.13
13_2_Northern_Humboldt_Current_(1995-1998),routing_scenario,20,Large hake,external_loss,0.0,0.006023519174399999,"Freeze completed living P,Q,diet,predation,accumulation,migration. Solve EE for SM; detritus accumulation absorbs routed inflow at fixed predation. No new consumption is assumed.",SE,0.13
13_2_Northern_Humboldt_Current_(1995-1998),routing_scenario,19,Medium hake,external_loss,0.0,0.00632788,"Freeze completed living P,Q,diet,predation,accumulation,migration. Solve EE for SM; detritus accumulation absorbs routed inflow at fixed predation. No new consumption is assumed.",SE,0.13
13_2_Northern_Humboldt_Current_(1995-1998),routing_scenario,18,Small hake,external_loss,0.0,0.151568919632,"Freeze completed living P,Q,diet,predation,accumulation,migration. Solve EE for SM; detritus accumulation absorbs routed inflow at fixed predation. No new consumption is assumed.",SE,0.13
13_2_Northern_Humboldt_Current_(1995-1998),routing_scenario,17,Other large pelagic fish,external_loss,0.0,0.043396471755,"Freeze completed living P,Q,diet,predation,accumulation,migration. Solve EE for SM; detritus accumulation absorbs routed inflow at fixed predation. No new consumption is assumed.",SE,0.13
13_2_Northern_Humboldt_Current_(1995-1998),routing_scenario,16,Chub mackerel,external_loss,0.0,0.09654504269800002,"Freeze completed living P,Q,diet,predation,accumulation,migration. Solve EE for SM; detritus accumulation absorbs routed inflow at fixed predation. No new consumption is assumed.",SE,0.13
13_2_Northern_Humboldt_Current_(1995-1998),routing_scenario,15,Horse mackerel,external_loss,0.0,0.227047982941,"Freeze completed living P,Q,diet,predation,accumulation,migration. Solve EE for SM; detritus accumulation absorbs routed inflow at fixed predation. No new consumption is assumed.",SE,0.13
13_2_Northern_Humboldt_Current_(1995-1998),routing_scenario,14,Other small pelagic fish,external_loss,0.0,0.21967315695000003,"Freeze completed living P,Q,diet,predation,accumulation,migration. Solve EE for SM; detritus accumulation absorbs routed inflow at fixed predation. No new consumption is assumed.",SE,0.13
13_2_Northern_Humboldt_Current_(1995-1998),routing_scenario,13,Other cephalopods,external_loss,0.0,0.004611209789874999,"Freeze completed living P,Q,diet,predation,accumulation,migration. Solve EE for SM; detritus accumulation absorbs routed inflow at fixed predation. No new consumption is assumed.",SE,0.13
13_2_Northern_Humboldt_Current_(1995-1998),routing_scenario,12,Jumbo squid,external_loss,0.0,0.0137102289545,"Freeze completed living P,Q,diet,predation,accumulation,migration. Solve EE for SM; detritus accumulation absorbs routed inflow at fixed predation. No new consumption is assumed.",SE,0.13
13_2_Northern_Humboldt_Current_(1995-1998),routing_scenario,10,Anchovy,external_loss,0.0,3.012098413415,"Freeze completed living P,Q,diet,predation,accumulation,migration. Solve EE for SM; detritus accumulation absorbs routed inflow at fixed predation. No new consumption is assumed.",SE,0.13
13_2_Northern_Humboldt_Current_(1995-1998),routing_scenario,9,Sardine,external_loss,0.0,0.7573759678225,"Freeze completed living P,Q,diet,predation,accumulation,migration. Solve EE for SM; detritus accumulation absorbs routed inflow at fixed predation. No new consumption is assumed.",SE,0.13
13_2_Northern_Humboldt_Current_(1995-1998),routing_scenario,39,Benthic detritus,p,1751.6112896867576,1755.7694169101721,"Freeze completed living P,Q,diet,predation,accumulation,migration. Solve EE for SM; detritus accumulation absorbs routed inflow at fixed predation. No new consumption is assumed.",SR,0.13
13_2_Northern_Humboldt_Current_(1995-1998),routing_scenario,38,Pelagic detritus,p,5090.259743360343,5090.721757496278,"Freeze completed living P,Q,diet,predation,accumulation,migration. Solve EE for SM; detritus accumulation absorbs routed inflow at fixed predation. No new consumption is assumed.",SR,0.13
13_2_Northern_Humboldt_Current_(1995-1998),routing_scenario,39,Benthic detritus,q,1751.6112896867576,1755.7694169101721,"Freeze completed living P,Q,diet,predation,accumulation,migration. Solve EE for SM; detritus accumulation absorbs routed inflow at fixed predation. No new consumption is assumed.",SR,0.13
13_2_Northern_Humboldt_Current_(1995-1998),routing_scenario,38,Pelagic detritus,q,5090.259743360343,5090.721757496278,"Freeze completed living P,Q,diet,predation,accumulation,migration. Solve EE for SM; detritus accumulation absorbs routed inflow at fixed predation. No new consumption is assumed.",SR,0.13
13_2_Northern_Humboldt_Current_(1995-1998),routing_scenario,39,Benthic detritus,growth,-4340.9949724808885,-4336.836845257474,"Freeze completed living P,Q,diet,predation,accumulation,migration. Solve EE for SM; detritus accumulation absorbs routed inflow at fixed predation. No new consumption is assumed.",SR,0.13
13_2_Northern_Humboldt_Current_(1995-1998),routing_scenario,38,Pelagic detritus,growth,5090.259743360343,5090.721757496278,"Freeze completed living P,Q,diet,predation,accumulation,migration. Solve EE for SM; detritus accumulation absorbs routed inflow at fixed predation. No new consumption is assumed.",SR,0.13
13_2_Northern_Humboldt_Current_(1995-1998),routing_scenario,39,Benthic detritus,p,1751.6112896867576,1755.698350992121,"Freeze completed living P,Q,diet,predation,accumulation,migration. Solve EE for SM; detritus accumulation absorbs routed inflow at fixed predation. No new consumption is assumed.",SM,0.14
13_2_Northern_Humboldt_Current_(1995-1998),routing_scenario,38,Pelagic detritus,p,5090.259743360343,5090.337269330667,"Freeze completed living P,Q,diet,predation,accumulation,migration. Solve EE for SM; detritus accumulation absorbs routed inflow at fixed predation. No new consumption is assumed.",SM,0.14
13_2_Northern_Humboldt_Current_(1995-1998),routing_scenario,36,Anchovy eggs,p,81.93913403799536,82.75008361083786,"Freeze completed living P,Q,diet,predation,accumulation,migration. Solve EE for SM; detritus accumulation absorbs routed inflow at fixed predation. No new consumption is assumed.",SM,0.14
13_2_Northern_Humboldt_Current_(1995-1998),routing_scenario,39,Benthic detritus,q,1751.6112896867576,1755.698350992121,"Freeze completed living P,Q,diet,predation,accumulation,migration. Solve EE for SM; detritus accumulation absorbs routed inflow at fixed predation. No new consumption is assumed.",SM,0.14
13_2_Northern_Humboldt_Current_(1995-1998),routing_scenario,38,Pelagic detritus,q,5090.259743360343,5090.337269330667,"Freeze completed living P,Q,diet,predation,accumulation,migration. Solve EE for SM; detritus accumulation absorbs routed inflow at fixed predation. No new consumption is assumed.",SM,0.14
13_2_Northern_Humboldt_Current_(1995-1998),routing_scenario,36,Anchovy eggs,q,81.93913403799536,82.75008361083786,"Freeze completed living P,Q,diet,predation,accumulation,migration. Solve EE for SM; detritus accumulation absorbs routed inflow at fixed predation. No new consumption is assumed.",SM,0.14
13_2_Northern_Humboldt_Current_(1995-1998),routing_scenario,30,Chondrichthyans,M0,0.01111863866537926,0.013134129268379261,"Freeze completed living P,Q,diet,predation,accumulation,migration. Solve EE for SM; detritus accumulation absorbs routed inflow at fixed predation. No new consumption is assumed.",SM,0.14
13_2_Northern_Humboldt_Current_(1995-1998),routing_scenario,29,Catfish,M0,0.0986964358664111,0.1462643758664111,"Freeze completed living P,Q,diet,predation,accumulation,migration. Solve EE for SM; detritus accumulation absorbs routed inflow at fixed predation. No new consumption is assumed.",SM,0.14
13_2_Northern_Humboldt_Current_(1995-1998),routing_scenario,27,Medium sciaenids,M0,0.07797065965059131,0.08655250732359132,"Freeze completed living P,Q,diet,predation,accumulation,migration. Solve EE for SM; detritus accumulation absorbs routed inflow at fixed predation. No new consumption is assumed.",SM,0.14
13_2_Northern_Humboldt_Current_(1995-1998),routing_scenario,26,Medium demersal fish,M0,0.0702195877127324,0.0911590306427324,"Freeze completed living P,Q,diet,predation,accumulation,migration. Solve EE for SM; detritus accumulation absorbs routed inflow at fixed predation. No new consumption is assumed.",SM,0.14
13_2_Northern_Humboldt_Current_(1995-1998),routing_scenario,23,Benthic elasmobranchs,M0,0.02098836399473636,0.02665999313273636,"Freeze completed living P,Q,diet,predation,accumulation,migration. Solve EE for SM; detritus accumulation absorbs routed inflow at fixed predation. No new consumption is assumed.",SM,0.14
13_2_Northern_Humboldt_Current_(1995-1998),routing_scenario,22,Small demersal fish,M0,3.2426595415784147,3.245367033820415,"Freeze completed living P,Q,diet,predation,accumulation,migration. Solve EE for SM; detritus accumulation absorbs routed inflow at fixed predation. No new consumption is assumed.",SM,0.14
13_2_Northern_Humboldt_Current_(1995-1998),routing_scenario,21,Flatfish,M0,3.451325833853003e-05,0.0006026650600385301,"Freeze completed living P,Q,diet,predation,accumulation,migration. Solve EE for SM; detritus accumulation absorbs routed inflow at fixed predation. No new consumption is assumed.",SM,0.14
13_2_Northern_Humboldt_Current_(1995-1998),routing_scenario,20,Large hake,M0,0.006700170035899526,0.013187036839099525,"Freeze completed living P,Q,diet,predation,accumulation,migration. Solve EE for SM; detritus accumulation absorbs routed inflow at fixed predation. No new consumption is assumed.",SM,0.14
13_2_Northern_Humboldt_Current_(1995-1998),routing_scenario,19,Medium hake,M0,0.44286476478316994,0.4496794047831699,"Freeze completed living P,Q,diet,predation,accumulation,migration. Solve EE for SM; detritus accumulation absorbs routed inflow at fixed predation. No new consumption is assumed.",SM,0.14
13_2_Northern_Humboldt_Current_(1995-1998),routing_scenario,18,Small hake,M0,0.628031663830784,0.791259731126784,"Freeze completed living P,Q,diet,predation,accumulation,migration. Solve EE for SM; detritus accumulation absorbs routed inflow at fixed predation. No new consumption is assumed.",SM,0.14
13_2_Northern_Humboldt_Current_(1995-1998),routing_scenario,17,Other large pelagic fish,M0,0.3416564469598926,0.3883911088498926,"Freeze completed living P,Q,diet,predation,accumulation,migration. Solve EE for SM; detritus accumulation absorbs routed inflow at fixed predation. No new consumption is assumed.",SM,0.14
13_2_Northern_Humboldt_Current_(1995-1998),routing_scenario,16,Chub mackerel,M0,5.522509613684951,5.6264811981289515,"Freeze completed living P,Q,diet,predation,accumulation,migration. Solve EE for SM; detritus accumulation absorbs routed inflow at fixed predation. No new consumption is assumed.",SM,0.14
13_2_Northern_Humboldt_Current_(1995-1998),routing_scenario,15,Horse mackerel,M0,6.695953029518151,6.940466241916151,"Freeze completed living P,Q,diet,predation,accumulation,migration. Solve EE for SM; detritus accumulation absorbs routed inflow at fixed predation. No new consumption is assumed.",SM,0.14
13_2_Northern_Humboldt_Current_(1995-1998),routing_scenario,14,Other small pelagic fish,M0,1.0995008229018595,1.3360719150018596,"Freeze completed living P,Q,diet,predation,accumulation,migration. Solve EE for SM; detritus accumulation absorbs routed inflow at fixed predation. No new consumption is assumed.",SM,0.14
13_2_Northern_Humboldt_Current_(1995-1998),routing_scenario,13,Other cephalopods,M0,0.38835856631069415,0.39332448454594415,"Freeze completed living P,Q,diet,predation,accumulation,migration. Solve EE for SM; detritus accumulation absorbs routed inflow at fixed predation. No new consumption is assumed.",SM,0.14
13_2_Northern_Humboldt_Current_(1995-1998),routing_scenario,12,Jumbo squid,M0,0.6834706928629479,0.698235554813948,"Freeze completed living P,Q,diet,predation,accumulation,migration. Solve EE for SM; detritus accumulation absorbs routed inflow at fixed predation. No new consumption is assumed.",SM,0.14
13_2_Northern_Humboldt_Current_(1995-1998),routing_scenario,10,Anchovy,M0,21.594902660465323,24.83870095183532,"Freeze completed living P,Q,diet,predation,accumulation,migration. Solve EE for SM; detritus accumulation absorbs routed inflow at fixed predation. No new consumption is assumed.",SM,0.14
13_2_Northern_Humboldt_Current_(1995-1998),routing_scenario,9,Sardine,M0,0.45094358787714506,1.2665792455321452,"Freeze completed living P,Q,diet,predation,accumulation,migration. Solve EE for SM; detritus accumulation absorbs routed inflow at fixed predation. No new consumption is assumed.",SM,0.14
13_2_Northern_Humboldt_Current_(1995-1998),routing_scenario,30,Chondrichthyans,EE,0.564231276512146,0.48523889320843727,"Freeze completed living P,Q,diet,predation,accumulation,migration. Solve EE for SM; detritus accumulation absorbs routed inflow at fixed predation. No new consumption is assumed.",SM,0.14
13_2_Northern_Humboldt_Current_(1995-1998),routing_scenario,29,Catfish,EE,0.8212506771087646,0.7351002807779422,"Freeze completed living P,Q,diet,predation,accumulation,migration. Solve EE for SM; detritus accumulation absorbs routed inflow at fixed predation. No new consumption is assumed.",SM,0.14
13_2_Northern_Humboldt_Current_(1995-1998),routing_scenario,27,Medium sciaenids,EE,0.7098218202590942,0.6778833327854157,"Freeze completed living P,Q,diet,predation,accumulation,migration. Solve EE for SM; detritus accumulation absorbs routed inflow at fixed predation. No new consumption is assumed.",SM,0.14
13_2_Northern_Humboldt_Current_(1995-1998),routing_scenario,26,Medium demersal fish,EE,0.8201572895050049,0.7665282908815391,"Freeze completed living P,Q,diet,predation,accumulation,migration. Solve EE for SM; detritus accumulation absorbs routed inflow at fixed predation. No new consumption is assumed.",SM,0.14
13_2_Northern_Humboldt_Current_(1995-1998),routing_scenario,23,Benthic elasmobranchs,EE,0.6587257981300354,0.5665041886773498,"Freeze completed living P,Q,diet,predation,accumulation,migration. Solve EE for SM; detritus accumulation absorbs routed inflow at fixed predation. No new consumption is assumed.",SM,0.14
13_2_Northern_Humboldt_Current_(1995-1998),routing_scenario,22,Small demersal fish,EE,0.7304298281669617,0.7302047477539383,"Freeze completed living P,Q,diet,predation,accumulation,migration. Solve EE for SM; detritus accumulation absorbs routed inflow at fixed predation. No new consumption is assumed.",SM,0.14
13_2_Northern_Humboldt_Current_(1995-1998),routing_scenario,21,Flatfish,EE,0.9954587817192078,0.9207019644161974,"Freeze completed living P,Q,diet,predation,accumulation,migration. Solve EE for SM; detritus accumulation absorbs routed inflow at fixed predation. No new consumption is assumed.",SM,0.14
13_2_Northern_Humboldt_Current_(1995-1998),routing_scenario,20,Large hake,EE,0.8738672733306885,0.7517500445074936,"Freeze completed living P,Q,diet,predation,accumulation,migration. Solve EE for SM; detritus accumulation absorbs routed inflow at fixed predation. No new consumption is assumed.",SM,0.14
13_2_Northern_Humboldt_Current_(1995-1998),routing_scenario,19,Medium hake,EE,0.14074458181858063,0.12752267570052966,"Freeze completed living P,Q,diet,predation,accumulation,migration. Solve EE for SM; detritus accumulation absorbs routed inflow at fixed predation. No new consumption is assumed.",SM,0.14
13_2_Northern_Humboldt_Current_(1995-1998),routing_scenario,18,Small hake,EE,0.7213676571846008,0.6489499409718584,"Freeze completed living P,Q,diet,predation,accumulation,migration. Solve EE for SM; detritus accumulation absorbs routed inflow at fixed predation. No new consumption is assumed.",SM,0.14
13_2_Northern_Humboldt_Current_(1995-1998),routing_scenario,17,Other large pelagic fish,EE,0.533972442150116,0.4702252465642136,"Freeze completed living P,Q,diet,predation,accumulation,migration. Solve EE for SM; detritus accumulation absorbs routed inflow at fixed predation. No new consumption is assumed.",SM,0.14
13_2_Northern_Humboldt_Current_(1995-1998),routing_scenario,16,Chub mackerel,EE,0.15512745082378387,0.1392211430514233,"Freeze completed living P,Q,diet,predation,accumulation,migration. Solve EE for SM; detritus accumulation absorbs routed inflow at fixed predation. No new consumption is assumed.",SM,0.14
13_2_Northern_Humboldt_Current_(1995-1998),routing_scenario,15,Horse mackerel,EE,0.23551708459854126,0.20760079357257943,"Freeze completed living P,Q,diet,predation,accumulation,migration. Solve EE for SM; detritus accumulation absorbs routed inflow at fixed predation. No new consumption is assumed.",SM,0.14
13_2_Northern_Humboldt_Current_(1995-1998),routing_scenario,14,Other small pelagic fish,EE,0.8999999761581421,0.8784837441030743,"Freeze completed living P,Q,diet,predation,accumulation,migration. Solve EE for SM; detritus accumulation absorbs routed inflow at fixed predation. No new consumption is assumed.",SM,0.14
13_2_Northern_Humboldt_Current_(1995-1998),routing_scenario,13,Other cephalopods,EE,0.949999988079071,0.9493606408559118,"Freeze completed living P,Q,diet,predation,accumulation,migration. Solve EE for SM; detritus accumulation absorbs routed inflow at fixed predation. No new consumption is assumed.",SM,0.14
13_2_Northern_Humboldt_Current_(1995-1998),routing_scenario,12,Jumbo squid,EE,0.7999784350395203,0.7956574146582459,"Freeze completed living P,Q,diet,predation,accumulation,migration. Solve EE for SM; detritus accumulation absorbs routed inflow at fixed predation. No new consumption is assumed.",SM,0.14
13_2_Northern_Humboldt_Current_(1995-1998),routing_scenario,10,Anchovy,EE,0.8148474097251892,0.7870353993901902,"Freeze completed living P,Q,diet,predation,accumulation,migration. Solve EE for SM; detritus accumulation absorbs routed inflow at fixed predation. No new consumption is assumed.",SM,0.14
13_2_Northern_Humboldt_Current_(1995-1998),routing_scenario,9,Sardine,EE,0.9700034856796265,0.9157478596040184,"Freeze completed living P,Q,diet,predation,accumulation,migration. Solve EE for SM; detritus accumulation absorbs routed inflow at fixed predation. No new consumption is assumed.",SM,0.14
13_2_Northern_Humboldt_Current_(1995-1998),routing_scenario,30,Chondrichthyans,catch,0.01439636145,0.012380870847,"Freeze completed living P,Q,diet,predation,accumulation,migration. Solve EE for SM; detritus accumulation absorbs routed inflow at fixed predation. No new consumption is assumed.",SM,0.14
13_2_Northern_Humboldt_Current_(1995-1998),routing_scenario,29,Catfish,catch,0.33977100000000005,0.29220306,"Freeze completed living P,Q,diet,predation,accumulation,migration. Solve EE for SM; detritus accumulation absorbs routed inflow at fixed predation. No new consumption is assumed.",SM,0.14
13_2_Northern_Humboldt_Current_(1995-1998),routing_scenario,27,Medium sciaenids,catch,0.06129891195000001,0.05271706427700001,"Freeze completed living P,Q,diet,predation,accumulation,migration. Solve EE for SM; detritus accumulation absorbs routed inflow at fixed predation. No new consumption is assumed.",SM,0.14
13_2_Northern_Humboldt_Current_(1995-1998),routing_scenario,26,Medium demersal fish,catch,0.1495674495,0.12862800657,"Freeze completed living P,Q,diet,predation,accumulation,migration. Solve EE for SM; detritus accumulation absorbs routed inflow at fixed predation. No new consumption is assumed.",SM,0.14
13_2_Northern_Humboldt_Current_(1995-1998),routing_scenario,23,Benthic elasmobranchs,catch,0.040511636700000006,0.034840007562,"Freeze completed living P,Q,diet,predation,accumulation,migration. Solve EE for SM; detritus accumulation absorbs routed inflow at fixed predation. No new consumption is assumed.",SM,0.14
13_2_Northern_Humboldt_Current_(1995-1998),routing_scenario,22,Small demersal fish,catch,0.019339230299999996,0.016631738057999997,"Freeze completed living P,Q,diet,predation,accumulation,migration. Solve EE for SM; detritus accumulation absorbs routed inflow at fixed predation. No new consumption is assumed.",SM,0.14
13_2_Northern_Humboldt_Current_(1995-1998),routing_scenario,21,Flatfish,catch,0.004058227155,0.0034900753533,"Freeze completed living P,Q,diet,predation,accumulation,migration. Solve EE for SM; detritus accumulation absorbs routed inflow at fixed predation. No new consumption is assumed.",SM,0.14
13_2_Northern_Humboldt_Current_(1995-1998),routing_scenario,20,Large hake,catch,0.04633476287999999,0.03984789607679999,"Freeze completed living P,Q,diet,predation,accumulation,migration. Solve EE for SM; detritus accumulation absorbs routed inflow at fixed predation. No new consumption is assumed.",SM,0.14
13_2_Northern_Humboldt_Current_(1995-1998),routing_scenario,19,Medium hake,catch,0.048676,0.04186136,"Freeze completed living P,Q,diet,predation,accumulation,migration. Solve EE for SM; detritus accumulation absorbs routed inflow at fixed predation. No new consumption is assumed.",SM,0.14
13_2_Northern_Humboldt_Current_(1995-1998),routing_scenario,18,Small hake,catch,1.1659147664,1.002686699104,"Freeze completed living P,Q,diet,predation,accumulation,migration. Solve EE for SM; detritus accumulation absorbs routed inflow at fixed predation. No new consumption is assumed.",SM,0.14
13_2_Northern_Humboldt_Current_(1995-1998),routing_scenario,17,Other large pelagic fish,catch,0.3338190135,0.28708435160999995,"Freeze completed living P,Q,diet,predation,accumulation,migration. Solve EE for SM; detritus accumulation absorbs routed inflow at fixed predation. No new consumption is assumed.",SM,0.14
13_2_Northern_Humboldt_Current_(1995-1998),routing_scenario,16,Chub mackerel,catch,0.7426541746,0.638682590156,"Freeze completed living P,Q,diet,predation,accumulation,migration. Solve EE for SM; detritus accumulation absorbs routed inflow at fixed predation. No new consumption is assumed.",SM,0.14
13_2_Northern_Humboldt_Current_(1995-1998),routing_scenario,15,Horse mackerel,catch,1.7465229457,1.502009733302,"Freeze completed living P,Q,diet,predation,accumulation,migration. Solve EE for SM; detritus accumulation absorbs routed inflow at fixed predation. No new consumption is assumed.",SM,0.14
13_2_Northern_Humboldt_Current_(1995-1998),routing_scenario,14,Other small pelagic fish,catch,1.689793515,1.4532224229000001,"Freeze completed living P,Q,diet,predation,accumulation,migration. Solve EE for SM; detritus accumulation absorbs routed inflow at fixed predation. No new consumption is assumed.",SM,0.14
13_2_Northern_Humboldt_Current_(1995-1998),routing_scenario,13,Other cephalopods,catch,0.0354708445375,0.030504926302249998,"Freeze completed living P,Q,diet,predation,accumulation,migration. Solve EE for SM; detritus accumulation absorbs routed inflow at fixed predation. No new consumption is assumed.",SM,0.14
13_2_Northern_Humboldt_Current_(1995-1998),routing_scenario,12,Jumbo squid,catch,0.10546329965,0.09069843769899999,"Freeze completed living P,Q,diet,predation,accumulation,migration. Solve EE for SM; detritus accumulation absorbs routed inflow at fixed predation. No new consumption is assumed.",SM,0.14
13_2_Northern_Humboldt_Current_(1995-1998),routing_scenario,10,Anchovy,catch,23.1699877955,19.926189504129997,"Freeze completed living P,Q,diet,predation,accumulation,migration. Solve EE for SM; detritus accumulation absorbs routed inflow at fixed predation. No new consumption is assumed.",SM,0.14
13_2_Northern_Humboldt_Current_(1995-1998),routing_scenario,9,Sardine,catch,5.82596898325,5.010333325595,"Freeze completed living P,Q,diet,predation,accumulation,migration. Solve EE for SM; detritus accumulation absorbs routed inflow at fixed predation. No new consumption is assumed.",SM,0.14
13_2_Northern_Humboldt_Current_(1995-1998),routing_scenario,39,Benthic detritus,growth,-4340.9949724808885,-4336.907911175525,"Freeze completed living P,Q,diet,predation,accumulation,migration. Solve EE for SM; detritus accumulation absorbs routed inflow at fixed predation. No new consumption is assumed.",SM,0.14
13_2_Northern_Humboldt_Current_(1995-1998),routing_scenario,38,Pelagic detritus,growth,5090.259743360343,5090.337269330667,"Freeze completed living P,Q,diet,predation,accumulation,migration. Solve EE for SM; detritus accumulation absorbs routed inflow at fixed predation. No new consumption is assumed.",SM,0.14
13_2_Northern_Humboldt_Current_(1995-1998),routing_scenario,36,Anchovy eggs,growth,12.539441007952618,13.350390580795121,"Freeze completed living P,Q,diet,predation,accumulation,migration. Solve EE for SM; detritus accumulation absorbs routed inflow at fixed predation. No new consumption is assumed.",SM,0.14
13_2_Northern_Humboldt_Current_(1995-1998),routing_scenario,30,Chondrichthyans,catch,0.01439636145,0.012380870847,"Freeze completed living P,Q,diet,predation,accumulation,migration. Solve EE for SM; detritus accumulation absorbs routed inflow at fixed predation. No new consumption is assumed.",SE,0.14
13_2_Northern_Humboldt_Current_(1995-1998),routing_scenario,29,Catfish,catch,0.33977100000000005,0.29220306,"Freeze completed living P,Q,diet,predation,accumulation,migration. Solve EE for SM; detritus accumulation absorbs routed inflow at fixed predation. No new consumption is assumed.",SE,0.14
13_2_Northern_Humboldt_Current_(1995-1998),routing_scenario,27,Medium sciaenids,catch,0.06129891195000001,0.05271706427700001,"Freeze completed living P,Q,diet,predation,accumulation,migration. Solve EE for SM; detritus accumulation absorbs routed inflow at fixed predation. No new consumption is assumed.",SE,0.14
13_2_Northern_Humboldt_Current_(1995-1998),routing_scenario,26,Medium demersal fish,catch,0.1495674495,0.12862800657,"Freeze completed living P,Q,diet,predation,accumulation,migration. Solve EE for SM; detritus accumulation absorbs routed inflow at fixed predation. No new consumption is assumed.",SE,0.14
13_2_Northern_Humboldt_Current_(1995-1998),routing_scenario,23,Benthic elasmobranchs,catch,0.040511636700000006,0.034840007562,"Freeze completed living P,Q,diet,predation,accumulation,migration. Solve EE for SM; detritus accumulation absorbs routed inflow at fixed predation. No new consumption is assumed.",SE,0.14
13_2_Northern_Humboldt_Current_(1995-1998),routing_scenario,22,Small demersal fish,catch,0.019339230299999996,0.016631738057999997,"Freeze completed living P,Q,diet,predation,accumulation,migration. Solve EE for SM; detritus accumulation absorbs routed inflow at fixed predation. No new consumption is assumed.",SE,0.14
13_2_Northern_Humboldt_Current_(1995-1998),routing_scenario,21,Flatfish,catch,0.004058227155,0.0034900753533,"Freeze completed living P,Q,diet,predation,accumulation,migration. Solve EE for SM; detritus accumulation absorbs routed inflow at fixed predation. No new consumption is assumed.",SE,0.14
13_2_Northern_Humboldt_Current_(1995-1998),routing_scenario,20,Large hake,catch,0.04633476287999999,0.03984789607679999,"Freeze completed living P,Q,diet,predation,accumulation,migration. Solve EE for SM; detritus accumulation absorbs routed inflow at fixed predation. No new consumption is assumed.",SE,0.14
13_2_Northern_Humboldt_Current_(1995-1998),routing_scenario,19,Medium hake,catch,0.048676,0.04186136,"Freeze completed living P,Q,diet,predation,accumulation,migration. Solve EE for SM; detritus accumulation absorbs routed inflow at fixed predation. No new consumption is assumed.",SE,0.14
13_2_Northern_Humboldt_Current_(1995-1998),routing_scenario,18,Small hake,catch,1.1659147664,1.002686699104,"Freeze completed living P,Q,diet,predation,accumulation,migration. Solve EE for SM; detritus accumulation absorbs routed inflow at fixed predation. No new consumption is assumed.",SE,0.14
13_2_Northern_Humboldt_Current_(1995-1998),routing_scenario,17,Other large pelagic fish,catch,0.3338190135,0.28708435160999995,"Freeze completed living P,Q,diet,predation,accumulation,migration. Solve EE for SM; detritus accumulation absorbs routed inflow at fixed predation. No new consumption is assumed.",SE,0.14
13_2_Northern_Humboldt_Current_(1995-1998),routing_scenario,16,Chub mackerel,catch,0.7426541746,0.638682590156,"Freeze completed living P,Q,diet,predation,accumulation,migration. Solve EE for SM; detritus accumulation absorbs routed inflow at fixed predation. No new consumption is assumed.",SE,0.14
13_2_Northern_Humboldt_Current_(1995-1998),routing_scenario,15,Horse mackerel,catch,1.7465229457,1.502009733302,"Freeze completed living P,Q,diet,predation,accumulation,migration. Solve EE for SM; detritus accumulation absorbs routed inflow at fixed predation. No new consumption is assumed.",SE,0.14
13_2_Northern_Humboldt_Current_(1995-1998),routing_scenario,14,Other small pelagic fish,catch,1.689793515,1.4532224229000001,"Freeze completed living P,Q,diet,predation,accumulation,migration. Solve EE for SM; detritus accumulation absorbs routed inflow at fixed predation. No new consumption is assumed.",SE,0.14
13_2_Northern_Humboldt_Current_(1995-1998),routing_scenario,13,Other cephalopods,catch,0.0354708445375,0.030504926302249998,"Freeze completed living P,Q,diet,predation,accumulation,migration. Solve EE for SM; detritus accumulation absorbs routed inflow at fixed predation. No new consumption is assumed.",SE,0.14
13_2_Northern_Humboldt_Current_(1995-1998),routing_scenario,12,Jumbo squid,catch,0.10546329965,0.09069843769899999,"Freeze completed living P,Q,diet,predation,accumulation,migration. Solve EE for SM; detritus accumulation absorbs routed inflow at fixed predation. No new consumption is assumed.",SE,0.14
13_2_Northern_Humboldt_Current_(1995-1998),routing_scenario,10,Anchovy,catch,23.1699877955,19.926189504129997,"Freeze completed living P,Q,diet,predation,accumulation,migration. Solve EE for SM; detritus accumulation absorbs routed inflow at fixed predation. No new consumption is assumed.",SE,0.14
13_2_Northern_Humboldt_Current_(1995-1998),routing_scenario,9,Sardine,catch,5.82596898325,5.010333325595,"Freeze completed living P,Q,diet,predation,accumulation,migration. Solve EE for SM; detritus accumulation absorbs routed inflow at fixed predation. No new consumption is assumed.",SE,0.14
13_2_Northern_Humboldt_Current_(1995-1998),routing_scenario,30,Chondrichthyans,external_loss,0.0,0.002015490603,"Freeze completed living P,Q,diet,predation,accumulation,migration. Solve EE for SM; detritus accumulation absorbs routed inflow at fixed predation. No new consumption is assumed.",SE,0.14
13_2_Northern_Humboldt_Current_(1995-1998),routing_scenario,29,Catfish,external_loss,0.0,0.04756794000000001,"Freeze completed living P,Q,diet,predation,accumulation,migration. Solve EE for SM; detritus accumulation absorbs routed inflow at fixed predation. No new consumption is assumed.",SE,0.14
13_2_Northern_Humboldt_Current_(1995-1998),routing_scenario,27,Medium sciaenids,external_loss,0.0,0.008581847673000001,"Freeze completed living P,Q,diet,predation,accumulation,migration. Solve EE for SM; detritus accumulation absorbs routed inflow at fixed predation. No new consumption is assumed.",SE,0.14
13_2_Northern_Humboldt_Current_(1995-1998),routing_scenario,26,Medium demersal fish,external_loss,0.0,0.020939442930000003,"Freeze completed living P,Q,diet,predation,accumulation,migration. Solve EE for SM; detritus accumulation absorbs routed inflow at fixed predation. No new consumption is assumed.",SE,0.14
13_2_Northern_Humboldt_Current_(1995-1998),routing_scenario,23,Benthic elasmobranchs,external_loss,0.0,0.005671629138000001,"Freeze completed living P,Q,diet,predation,accumulation,migration. Solve EE for SM; detritus accumulation absorbs routed inflow at fixed predation. No new consumption is assumed.",SE,0.14
13_2_Northern_Humboldt_Current_(1995-1998),routing_scenario,22,Small demersal fish,external_loss,0.0,0.0027074922419999996,"Freeze completed living P,Q,diet,predation,accumulation,migration. Solve EE for SM; detritus accumulation absorbs routed inflow at fixed predation. No new consumption is assumed.",SE,0.14
13_2_Northern_Humboldt_Current_(1995-1998),routing_scenario,21,Flatfish,external_loss,0.0,0.0005681518017,"Freeze completed living P,Q,diet,predation,accumulation,migration. Solve EE for SM; detritus accumulation absorbs routed inflow at fixed predation. No new consumption is assumed.",SE,0.14
13_2_Northern_Humboldt_Current_(1995-1998),routing_scenario,20,Large hake,external_loss,0.0,0.0064868668031999996,"Freeze completed living P,Q,diet,predation,accumulation,migration. Solve EE for SM; detritus accumulation absorbs routed inflow at fixed predation. No new consumption is assumed.",SE,0.14
13_2_Northern_Humboldt_Current_(1995-1998),routing_scenario,19,Medium hake,external_loss,0.0,0.00681464,"Freeze completed living P,Q,diet,predation,accumulation,migration. Solve EE for SM; detritus accumulation absorbs routed inflow at fixed predation. No new consumption is assumed.",SE,0.14
13_2_Northern_Humboldt_Current_(1995-1998),routing_scenario,18,Small hake,external_loss,0.0,0.163228067296,"Freeze completed living P,Q,diet,predation,accumulation,migration. Solve EE for SM; detritus accumulation absorbs routed inflow at fixed predation. No new consumption is assumed.",SE,0.14
13_2_Northern_Humboldt_Current_(1995-1998),routing_scenario,17,Other large pelagic fish,external_loss,0.0,0.04673466189,"Freeze completed living P,Q,diet,predation,accumulation,migration. Solve EE for SM; detritus accumulation absorbs routed inflow at fixed predation. No new consumption is assumed.",SE,0.14
13_2_Northern_Humboldt_Current_(1995-1998),routing_scenario,16,Chub mackerel,external_loss,0.0,0.10397158444400002,"Freeze completed living P,Q,diet,predation,accumulation,migration. Solve EE for SM; detritus accumulation absorbs routed inflow at fixed predation. No new consumption is assumed.",SE,0.14
13_2_Northern_Humboldt_Current_(1995-1998),routing_scenario,15,Horse mackerel,external_loss,0.0,0.24451321239800003,"Freeze completed living P,Q,diet,predation,accumulation,migration. Solve EE for SM; detritus accumulation absorbs routed inflow at fixed predation. No new consumption is assumed.",SE,0.14
13_2_Northern_Humboldt_Current_(1995-1998),routing_scenario,14,Other small pelagic fish,external_loss,0.0,0.23657109210000005,"Freeze completed living P,Q,diet,predation,accumulation,migration. Solve EE for SM; detritus accumulation absorbs routed inflow at fixed predation. No new consumption is assumed.",SE,0.14
13_2_Northern_Humboldt_Current_(1995-1998),routing_scenario,13,Other cephalopods,external_loss,0.0,0.00496591823525,"Freeze completed living P,Q,diet,predation,accumulation,migration. Solve EE for SM; detritus accumulation absorbs routed inflow at fixed predation. No new consumption is assumed.",SE,0.14
13_2_Northern_Humboldt_Current_(1995-1998),routing_scenario,12,Jumbo squid,external_loss,0.0,0.014764861951,"Freeze completed living P,Q,diet,predation,accumulation,migration. Solve EE for SM; detritus accumulation absorbs routed inflow at fixed predation. No new consumption is assumed.",SE,0.14
13_2_Northern_Humboldt_Current_(1995-1998),routing_scenario,10,Anchovy,external_loss,0.0,3.24379829137,"Freeze completed living P,Q,diet,predation,accumulation,migration. Solve EE for SM; detritus accumulation absorbs routed inflow at fixed predation. No new consumption is assumed.",SE,0.14
13_2_Northern_Humboldt_Current_(1995-1998),routing_scenario,9,Sardine,external_loss,0.0,0.8156356576550001,"Freeze completed living P,Q,diet,predation,accumulation,migration. Solve EE for SM; detritus accumulation absorbs routed inflow at fixed predation. No new consumption is assumed.",SE,0.14
13_2_Northern_Humboldt_Current_(1995-1998),routing_scenario,39,Benthic detritus,p,1751.6112896867576,1756.0892728504348,"Freeze completed living P,Q,diet,predation,accumulation,migration. Solve EE for SM; detritus accumulation absorbs routed inflow at fixed predation. No new consumption is assumed.",SR,0.14
13_2_Northern_Humboldt_Current_(1995-1998),routing_scenario,38,Pelagic detritus,p,5090.259743360343,5090.7572970451965,"Freeze completed living P,Q,diet,predation,accumulation,migration. Solve EE for SM; detritus accumulation absorbs routed inflow at fixed predation. No new consumption is assumed.",SR,0.14
13_2_Northern_Humboldt_Current_(1995-1998),routing_scenario,39,Benthic detritus,q,1751.6112896867576,1756.0892728504348,"Freeze completed living P,Q,diet,predation,accumulation,migration. Solve EE for SM; detritus accumulation absorbs routed inflow at fixed predation. No new consumption is assumed.",SR,0.14
13_2_Northern_Humboldt_Current_(1995-1998),routing_scenario,38,Pelagic detritus,q,5090.259743360343,5090.7572970451965,"Freeze completed living P,Q,diet,predation,accumulation,migration. Solve EE for SM; detritus accumulation absorbs routed inflow at fixed predation. No new consumption is assumed.",SR,0.14
13_2_Northern_Humboldt_Current_(1995-1998),routing_scenario,39,Benthic detritus,growth,-4340.9949724808885,-4336.5169893172115,"Freeze completed living P,Q,diet,predation,accumulation,migration. Solve EE for SM; detritus accumulation absorbs routed inflow at fixed predation. No new consumption is assumed.",SR,0.14
13_2_Northern_Humboldt_Current_(1995-1998),routing_scenario,38,Pelagic detritus,growth,5090.259743360343,5090.7572970451965,"Freeze completed living P,Q,diet,predation,accumulation,migration. Solve EE for SM; detritus accumulation absorbs routed inflow at fixed predation. No new consumption is assumed.",SR,0.14
13_2_Northern_Humboldt_Current_(1995-1998),routing_scenario,39,Benthic detritus,p,1751.6112896867576,1755.990283942504,"Freeze completed living P,Q,diet,predation,accumulation,migration. Solve EE for SM; detritus accumulation absorbs routed inflow at fixed predation. No new consumption is assumed.",SM,0.15
13_2_Northern_Humboldt_Current_(1995-1998),routing_scenario,38,Pelagic detritus,p,5090.259743360343,5090.3428068999765,"Freeze completed living P,Q,diet,predation,accumulation,migration. Solve EE for SM; detritus accumulation absorbs routed inflow at fixed predation. No new consumption is assumed.",SM,0.15
13_2_Northern_Humboldt_Current_(1995-1998),routing_scenario,36,Anchovy eggs,p,81.93913403799536,82.80800858032661,"Freeze completed living P,Q,diet,predation,accumulation,migration. Solve EE for SM; detritus accumulation absorbs routed inflow at fixed predation. No new consumption is assumed.",SM,0.15
13_2_Northern_Humboldt_Current_(1995-1998),routing_scenario,39,Benthic detritus,q,1751.6112896867576,1755.990283942504,"Freeze completed living P,Q,diet,predation,accumulation,migration. Solve EE for SM; detritus accumulation absorbs routed inflow at fixed predation. No new consumption is assumed.",SM,0.15
13_2_Northern_Humboldt_Current_(1995-1998),routing_scenario,38,Pelagic detritus,q,5090.259743360343,5090.3428068999765,"Freeze completed living P,Q,diet,predation,accumulation,migration. Solve EE for SM; detritus accumulation absorbs routed inflow at fixed predation. No new consumption is assumed.",SM,0.15
13_2_Northern_Humboldt_Current_(1995-1998),routing_scenario,36,Anchovy eggs,q,81.93913403799536,82.80800858032661,"Freeze completed living P,Q,diet,predation,accumulation,migration. Solve EE for SM; detritus accumulation absorbs routed inflow at fixed predation. No new consumption is assumed.",SM,0.15
13_2_Northern_Humboldt_Current_(1995-1998),routing_scenario,30,Chondrichthyans,M0,0.01111863866537926,0.013278092882879261,"Freeze completed living P,Q,diet,predation,accumulation,migration. Solve EE for SM; detritus accumulation absorbs routed inflow at fixed predation. No new consumption is assumed.",SM,0.15
13_2_Northern_Humboldt_Current_(1995-1998),routing_scenario,29,Catfish,M0,0.0986964358664111,0.1496620858664111,"Freeze completed living P,Q,diet,predation,accumulation,migration. Solve EE for SM; detritus accumulation absorbs routed inflow at fixed predation. No new consumption is assumed.",SM,0.15
13_2_Northern_Humboldt_Current_(1995-1998),routing_scenario,27,Medium sciaenids,M0,0.07797065965059131,0.08716549644309132,"Freeze completed living P,Q,diet,predation,accumulation,migration. Solve EE for SM; detritus accumulation absorbs routed inflow at fixed predation. No new consumption is assumed.",SM,0.15
13_2_Northern_Humboldt_Current_(1995-1998),routing_scenario,26,Medium demersal fish,M0,0.0702195877127324,0.0926547051377324,"Freeze completed living P,Q,diet,predation,accumulation,migration. Solve EE for SM; detritus accumulation absorbs routed inflow at fixed predation. No new consumption is assumed.",SM,0.15
13_2_Northern_Humboldt_Current_(1995-1998),routing_scenario,23,Benthic elasmobranchs,M0,0.02098836399473636,0.02706510949973636,"Freeze completed living P,Q,diet,predation,accumulation,migration. Solve EE for SM; detritus accumulation absorbs routed inflow at fixed predation. No new consumption is assumed.",SM,0.15
13_2_Northern_Humboldt_Current_(1995-1998),routing_scenario,22,Small demersal fish,M0,3.2426595415784147,3.2455604261234146,"Freeze completed living P,Q,diet,predation,accumulation,migration. Solve EE for SM; detritus accumulation absorbs routed inflow at fixed predation. No new consumption is assumed.",SM,0.15
13_2_Northern_Humboldt_Current_(1995-1998),routing_scenario,21,Flatfish,M0,3.451325833853003e-05,0.0006432473315885301,"Freeze completed living P,Q,diet,predation,accumulation,migration. Solve EE for SM; detritus accumulation absorbs routed inflow at fixed predation. No new consumption is assumed.",SM,0.15
13_2_Northern_Humboldt_Current_(1995-1998),routing_scenario,20,Large hake,M0,0.006700170035899526,0.013650384467899524,"Freeze completed living P,Q,diet,predation,accumulation,migration. Solve EE for SM; detritus accumulation absorbs routed inflow at fixed predation. No new consumption is assumed.",SM,0.15
13_2_Northern_Humboldt_Current_(1995-1998),routing_scenario,19,Medium hake,M0,0.44286476478316994,0.45016616478316995,"Freeze completed living P,Q,diet,predation,accumulation,migration. Solve EE for SM; detritus accumulation absorbs routed inflow at fixed predation. No new consumption is assumed.",SM,0.15
13_2_Northern_Humboldt_Current_(1995-1998),routing_scenario,18,Small hake,M0,0.628031663830784,0.802918878790784,"Freeze completed living P,Q,diet,predation,accumulation,migration. Solve EE for SM; detritus accumulation absorbs routed inflow at fixed predation. No new consumption is assumed.",SM,0.15
13_2_Northern_Humboldt_Current_(1995-1998),routing_scenario,17,Other large pelagic fish,M0,0.3416564469598926,0.3917292989848926,"Freeze completed living P,Q,diet,predation,accumulation,migration. Solve EE for SM; detritus accumulation absorbs routed inflow at fixed predation. No new consumption is assumed.",SM,0.15
13_2_Northern_Humboldt_Current_(1995-1998),routing_scenario,16,Chub mackerel,M0,5.522509613684951,5.633907739874951,"Freeze completed living P,Q,diet,predation,accumulation,migration. Solve EE for SM; detritus accumulation absorbs routed inflow at fixed predation. No new consumption is assumed.",SM,0.15
13_2_Northern_Humboldt_Current_(1995-1998),routing_scenario,15,Horse mackerel,M0,6.695953029518151,6.957931471373151,"Freeze completed living P,Q,diet,predation,accumulation,migration. Solve EE for SM; detritus accumulation absorbs routed inflow at fixed predation. No new consumption is assumed.",SM,0.15
13_2_Northern_Humboldt_Current_(1995-1998),routing_scenario,14,Other small pelagic fish,M0,1.0995008229018595,1.3529698501518594,"Freeze completed living P,Q,diet,predation,accumulation,migration. Solve EE for SM; detritus accumulation absorbs routed inflow at fixed predation. No new consumption is assumed.",SM,0.15
13_2_Northern_Humboldt_Current_(1995-1998),routing_scenario,13,Other cephalopods,M0,0.38835856631069415,0.39367919299131915,"Freeze completed living P,Q,diet,predation,accumulation,migration. Solve EE for SM; detritus accumulation absorbs routed inflow at fixed predation. No new consumption is assumed.",SM,0.15
13_2_Northern_Humboldt_Current_(1995-1998),routing_scenario,12,Jumbo squid,M0,0.6834706928629479,0.6992901878104479,"Freeze completed living P,Q,diet,predation,accumulation,migration. Solve EE for SM; detritus accumulation absorbs routed inflow at fixed predation. No new consumption is assumed.",SM,0.15
13_2_Northern_Humboldt_Current_(1995-1998),routing_scenario,10,Anchovy,M0,21.594902660465323,25.070400829790323,"Freeze completed living P,Q,diet,predation,accumulation,migration. Solve EE for SM; detritus accumulation absorbs routed inflow at fixed predation. No new consumption is assumed.",SM,0.15
13_2_Northern_Humboldt_Current_(1995-1998),routing_scenario,9,Sardine,M0,0.45094358787714506,1.324838935364645,"Freeze completed living P,Q,diet,predation,accumulation,migration. Solve EE for SM; detritus accumulation absorbs routed inflow at fixed predation. No new consumption is assumed.",SM,0.15
13_2_Northern_Humboldt_Current_(1995-1998),routing_scenario,30,Chondrichthyans,EE,0.564231276512146,0.47959658011531525,"Freeze completed living P,Q,diet,predation,accumulation,migration. Solve EE for SM; detritus accumulation absorbs routed inflow at fixed predation. No new consumption is assumed.",SM,0.15
13_2_Northern_Humboldt_Current_(1995-1998),routing_scenario,29,Catfish,EE,0.8212506771087646,0.7289466810400264,"Freeze completed living P,Q,diet,predation,accumulation,migration. Solve EE for SM; detritus accumulation absorbs routed inflow at fixed predation. No new consumption is assumed.",SM,0.15
13_2_Northern_Humboldt_Current_(1995-1998),routing_scenario,27,Medium sciaenids,EE,0.7098218202590942,0.6756020122515815,"Freeze completed living P,Q,diet,predation,accumulation,migration. Solve EE for SM; detritus accumulation absorbs routed inflow at fixed predation. No new consumption is assumed.",SM,0.15
13_2_Northern_Humboldt_Current_(1995-1998),routing_scenario,26,Medium demersal fish,EE,0.8201572895050049,0.7626976481227201,"Freeze completed living P,Q,diet,predation,accumulation,migration. Solve EE for SM; detritus accumulation absorbs routed inflow at fixed predation. No new consumption is assumed.",SM,0.15
13_2_Northern_Humboldt_Current_(1995-1998),routing_scenario,23,Benthic elasmobranchs,EE,0.6587257981300354,0.5599169308593008,"Freeze completed living P,Q,diet,predation,accumulation,migration. Solve EE for SM; detritus accumulation absorbs routed inflow at fixed predation. No new consumption is assumed.",SM,0.15
13_2_Northern_Humboldt_Current_(1995-1998),routing_scenario,22,Small demersal fish,EE,0.7304298281669617,0.7301886705815795,"Freeze completed living P,Q,diet,predation,accumulation,migration. Solve EE for SM; detritus accumulation absorbs routed inflow at fixed predation. No new consumption is assumed.",SM,0.15
13_2_Northern_Humboldt_Current_(1995-1998),routing_scenario,21,Flatfish,EE,0.9954587817192078,0.9153621917516968,"Freeze completed living P,Q,diet,predation,accumulation,migration. Solve EE for SM; detritus accumulation absorbs routed inflow at fixed predation. No new consumption is assumed.",SM,0.15
13_2_Northern_Humboldt_Current_(1995-1998),routing_scenario,20,Large hake,EE,0.8738672733306885,0.7430273853058369,"Freeze completed living P,Q,diet,predation,accumulation,migration. Solve EE for SM; detritus accumulation absorbs routed inflow at fixed predation. No new consumption is assumed.",SM,0.15
13_2_Northern_Humboldt_Current_(1995-1998),routing_scenario,19,Medium hake,EE,0.14074458181858063,0.12657825383495458,"Freeze completed living P,Q,diet,predation,accumulation,migration. Solve EE for SM; detritus accumulation absorbs routed inflow at fixed predation. No new consumption is assumed.",SM,0.15
13_2_Northern_Humboldt_Current_(1995-1998),routing_scenario,18,Small hake,EE,0.7213676571846008,0.6437772469566625,"Freeze completed living P,Q,diet,predation,accumulation,migration. Solve EE for SM; detritus accumulation absorbs routed inflow at fixed predation. No new consumption is assumed.",SM,0.15
13_2_Northern_Humboldt_Current_(1995-1998),routing_scenario,17,Other large pelagic fish,EE,0.533972442150116,0.4656718754509349,"Freeze completed living P,Q,diet,predation,accumulation,migration. Solve EE for SM; detritus accumulation absorbs routed inflow at fixed predation. No new consumption is assumed.",SM,0.15
13_2_Northern_Humboldt_Current_(1995-1998),routing_scenario,16,Chub mackerel,EE,0.15512745082378387,0.13808497821054044,"Freeze completed living P,Q,diet,predation,accumulation,migration. Solve EE for SM; detritus accumulation absorbs routed inflow at fixed predation. No new consumption is assumed.",SM,0.15
13_2_Northern_Humboldt_Current_(1995-1998),routing_scenario,15,Horse mackerel,EE,0.23551708459854126,0.20560677278501072,"Freeze completed living P,Q,diet,predation,accumulation,migration. Solve EE for SM; detritus accumulation absorbs routed inflow at fixed predation. No new consumption is assumed.",SM,0.15
13_2_Northern_Humboldt_Current_(1995-1998),routing_scenario,14,Other small pelagic fish,EE,0.8999999761581421,0.8769468703848552,"Freeze completed living P,Q,diet,predation,accumulation,migration. Solve EE for SM; detritus accumulation absorbs routed inflow at fixed predation. No new consumption is assumed.",SM,0.15
13_2_Northern_Humboldt_Current_(1995-1998),routing_scenario,13,Other cephalopods,EE,0.949999988079071,0.9493149731971147,"Freeze completed living P,Q,diet,predation,accumulation,migration. Solve EE for SM; detritus accumulation absorbs routed inflow at fixed predation. No new consumption is assumed.",SM,0.15
13_2_Northern_Humboldt_Current_(1995-1998),routing_scenario,12,Jumbo squid,EE,0.7999784350395203,0.7953487703452977,"Freeze completed living P,Q,diet,predation,accumulation,migration. Solve EE for SM; detritus accumulation absorbs routed inflow at fixed predation. No new consumption is assumed.",SM,0.15
13_2_Northern_Humboldt_Current_(1995-1998),routing_scenario,10,Anchovy,EE,0.8148474097251892,0.7850488272234044,"Freeze completed living P,Q,diet,predation,accumulation,migration. Solve EE for SM; detritus accumulation absorbs routed inflow at fixed predation. No new consumption is assumed.",SM,0.15
13_2_Northern_Humboldt_Current_(1995-1998),routing_scenario,9,Sardine,EE,0.9700034856796265,0.911872457741475,"Freeze completed living P,Q,diet,predation,accumulation,migration. Solve EE for SM; detritus accumulation absorbs routed inflow at fixed predation. No new consumption is assumed.",SM,0.15
13_2_Northern_Humboldt_Current_(1995-1998),routing_scenario,30,Chondrichthyans,catch,0.01439636145,0.0122369072325,"Freeze completed living P,Q,diet,predation,accumulation,migration. Solve EE for SM; detritus accumulation absorbs routed inflow at fixed predation. No new consumption is assumed.",SM,0.15
13_2_Northern_Humboldt_Current_(1995-1998),routing_scenario,29,Catfish,catch,0.33977100000000005,0.28880535,"Freeze completed living P,Q,diet,predation,accumulation,migration. Solve EE for SM; detritus accumulation absorbs routed inflow at fixed predation. No new consumption is assumed.",SM,0.15
13_2_Northern_Humboldt_Current_(1995-1998),routing_scenario,27,Medium sciaenids,catch,0.06129891195000001,0.052104075157500006,"Freeze completed living P,Q,diet,predation,accumulation,migration. Solve EE for SM; detritus accumulation absorbs routed inflow at fixed predation. No new consumption is assumed.",SM,0.15
13_2_Northern_Humboldt_Current_(1995-1998),routing_scenario,26,Medium demersal fish,catch,0.1495674495,0.127132332075,"Freeze completed living P,Q,diet,predation,accumulation,migration. Solve EE for SM; detritus accumulation absorbs routed inflow at fixed predation. No new consumption is assumed.",SM,0.15
13_2_Northern_Humboldt_Current_(1995-1998),routing_scenario,23,Benthic elasmobranchs,catch,0.040511636700000006,0.034434891195000004,"Freeze completed living P,Q,diet,predation,accumulation,migration. Solve EE for SM; detritus accumulation absorbs routed inflow at fixed predation. No new consumption is assumed.",SM,0.15
13_2_Northern_Humboldt_Current_(1995-1998),routing_scenario,22,Small demersal fish,catch,0.019339230299999996,0.016438345754999997,"Freeze completed living P,Q,diet,predation,accumulation,migration. Solve EE for SM; detritus accumulation absorbs routed inflow at fixed predation. No new consumption is assumed.",SM,0.15
13_2_Northern_Humboldt_Current_(1995-1998),routing_scenario,21,Flatfish,catch,0.004058227155,0.00344949308175,"Freeze completed living P,Q,diet,predation,accumulation,migration. Solve EE for SM; detritus accumulation absorbs routed inflow at fixed predation. No new consumption is assumed.",SM,0.15
13_2_Northern_Humboldt_Current_(1995-1998),routing_scenario,20,Large hake,catch,0.04633476287999999,0.03938454844799999,"Freeze completed living P,Q,diet,predation,accumulation,migration. Solve EE for SM; detritus accumulation absorbs routed inflow at fixed predation. No new consumption is assumed.",SM,0.15
13_2_Northern_Humboldt_Current_(1995-1998),routing_scenario,19,Medium hake,catch,0.048676,0.0413746,"Freeze completed living P,Q,diet,predation,accumulation,migration. Solve EE for SM; detritus accumulation absorbs routed inflow at fixed predation. No new consumption is assumed.",SM,0.15
13_2_Northern_Humboldt_Current_(1995-1998),routing_scenario,18,Small hake,catch,1.1659147664,0.99102755144,"Freeze completed living P,Q,diet,predation,accumulation,migration. Solve EE for SM; detritus accumulation absorbs routed inflow at fixed predation. No new consumption is assumed.",SM,0.15
13_2_Northern_Humboldt_Current_(1995-1998),routing_scenario,17,Other large pelagic fish,catch,0.3338190135,0.283746161475,"Freeze completed living P,Q,diet,predation,accumulation,migration. Solve EE for SM; detritus accumulation absorbs routed inflow at fixed predation. No new consumption is assumed.",SM,0.15
13_2_Northern_Humboldt_Current_(1995-1998),routing_scenario,16,Chub mackerel,catch,0.7426541746,0.63125604841,"Freeze completed living P,Q,diet,predation,accumulation,migration. Solve EE for SM; detritus accumulation absorbs routed inflow at fixed predation. No new consumption is assumed.",SM,0.15
13_2_Northern_Humboldt_Current_(1995-1998),routing_scenario,15,Horse mackerel,catch,1.7465229457,1.484544503845,"Freeze completed living P,Q,diet,predation,accumulation,migration. Solve EE for SM; detritus accumulation absorbs routed inflow at fixed predation. No new consumption is assumed.",SM,0.15
13_2_Northern_Humboldt_Current_(1995-1998),routing_scenario,14,Other small pelagic fish,catch,1.689793515,1.43632448775,"Freeze completed living P,Q,diet,predation,accumulation,migration. Solve EE for SM; detritus accumulation absorbs routed inflow at fixed predation. No new consumption is assumed.",SM,0.15
13_2_Northern_Humboldt_Current_(1995-1998),routing_scenario,13,Other cephalopods,catch,0.0354708445375,0.030150217856874998,"Freeze completed living P,Q,diet,predation,accumulation,migration. Solve EE for SM; detritus accumulation absorbs routed inflow at fixed predation. No new consumption is assumed.",SM,0.15
13_2_Northern_Humboldt_Current_(1995-1998),routing_scenario,12,Jumbo squid,catch,0.10546329965,0.0896438047025,"Freeze completed living P,Q,diet,predation,accumulation,migration. Solve EE for SM; detritus accumulation absorbs routed inflow at fixed predation. No new consumption is assumed.",SM,0.15
13_2_Northern_Humboldt_Current_(1995-1998),routing_scenario,10,Anchovy,catch,23.1699877955,19.694489626175,"Freeze completed living P,Q,diet,predation,accumulation,migration. Solve EE for SM; detritus accumulation absorbs routed inflow at fixed predation. No new consumption is assumed.",SM,0.15
13_2_Northern_Humboldt_Current_(1995-1998),routing_scenario,9,Sardine,catch,5.82596898325,4.9520736357625,"Freeze completed living P,Q,diet,predation,accumulation,migration. Solve EE for SM; detritus accumulation absorbs routed inflow at fixed predation. No new consumption is assumed.",SM,0.15
13_2_Northern_Humboldt_Current_(1995-1998),routing_scenario,39,Benthic detritus,growth,-4340.9949724808885,-4336.6159782251425,"Freeze completed living P,Q,diet,predation,accumulation,migration. Solve EE for SM; detritus accumulation absorbs routed inflow at fixed predation. No new consumption is assumed.",SM,0.15
13_2_Northern_Humboldt_Current_(1995-1998),routing_scenario,38,Pelagic detritus,growth,5090.259743360343,5090.3428068999765,"Freeze completed living P,Q,diet,predation,accumulation,migration. Solve EE for SM; detritus accumulation absorbs routed inflow at fixed predation. No new consumption is assumed.",SM,0.15
13_2_Northern_Humboldt_Current_(1995-1998),routing_scenario,36,Anchovy eggs,growth,12.539441007952618,13.408315550283874,"Freeze completed living P,Q,diet,predation,accumulation,migration. Solve EE for SM; detritus accumulation absorbs routed inflow at fixed predation. No new consumption is assumed.",SM,0.15
13_2_Northern_Humboldt_Current_(1995-1998),routing_scenario,30,Chondrichthyans,catch,0.01439636145,0.0122369072325,"Freeze completed living P,Q,diet,predation,accumulation,migration. Solve EE for SM; detritus accumulation absorbs routed inflow at fixed predation. No new consumption is assumed.",SE,0.15
13_2_Northern_Humboldt_Current_(1995-1998),routing_scenario,29,Catfish,catch,0.33977100000000005,0.28880535,"Freeze completed living P,Q,diet,predation,accumulation,migration. Solve EE for SM; detritus accumulation absorbs routed inflow at fixed predation. No new consumption is assumed.",SE,0.15
13_2_Northern_Humboldt_Current_(1995-1998),routing_scenario,27,Medium sciaenids,catch,0.06129891195000001,0.052104075157500006,"Freeze completed living P,Q,diet,predation,accumulation,migration. Solve EE for SM; detritus accumulation absorbs routed inflow at fixed predation. No new consumption is assumed.",SE,0.15
13_2_Northern_Humboldt_Current_(1995-1998),routing_scenario,26,Medium demersal fish,catch,0.1495674495,0.127132332075,"Freeze completed living P,Q,diet,predation,accumulation,migration. Solve EE for SM; detritus accumulation absorbs routed inflow at fixed predation. No new consumption is assumed.",SE,0.15
13_2_Northern_Humboldt_Current_(1995-1998),routing_scenario,23,Benthic elasmobranchs,catch,0.040511636700000006,0.034434891195000004,"Freeze completed living P,Q,diet,predation,accumulation,migration. Solve EE for SM; detritus accumulation absorbs routed inflow at fixed predation. No new consumption is assumed.",SE,0.15
13_2_Northern_Humboldt_Current_(1995-1998),routing_scenario,22,Small demersal fish,catch,0.019339230299999996,0.016438345754999997,"Freeze completed living P,Q,diet,predation,accumulation,migration. Solve EE for SM; detritus accumulation absorbs routed inflow at fixed predation. No new consumption is assumed.",SE,0.15
13_2_Northern_Humboldt_Current_(1995-1998),routing_scenario,21,Flatfish,catch,0.004058227155,0.00344949308175,"Freeze completed living P,Q,diet,predation,accumulation,migration. Solve EE for SM; detritus accumulation absorbs routed inflow at fixed predation. No new consumption is assumed.",SE,0.15
13_2_Northern_Humboldt_Current_(1995-1998),routing_scenario,20,Large hake,catch,0.04633476287999999,0.03938454844799999,"Freeze completed living P,Q,diet,predation,accumulation,migration. Solve EE for SM; detritus accumulation absorbs routed inflow at fixed predation. No new consumption is assumed.",SE,0.15
13_2_Northern_Humboldt_Current_(1995-1998),routing_scenario,19,Medium hake,catch,0.048676,0.0413746,"Freeze completed living P,Q,diet,predation,accumulation,migration. Solve EE for SM; detritus accumulation absorbs routed inflow at fixed predation. No new consumption is assumed.",SE,0.15
13_2_Northern_Humboldt_Current_(1995-1998),routing_scenario,18,Small hake,catch,1.1659147664,0.99102755144,"Freeze completed living P,Q,diet,predation,accumulation,migration. Solve EE for SM; detritus accumulation absorbs routed inflow at fixed predation. No new consumption is assumed.",SE,0.15
13_2_Northern_Humboldt_Current_(1995-1998),routing_scenario,17,Other large pelagic fish,catch,0.3338190135,0.283746161475,"Freeze completed living P,Q,diet,predation,accumulation,migration. Solve EE for SM; detritus accumulation absorbs routed inflow at fixed predation. No new consumption is assumed.",SE,0.15
13_2_Northern_Humboldt_Current_(1995-1998),routing_scenario,16,Chub mackerel,catch,0.7426541746,0.63125604841,"Freeze completed living P,Q,diet,predation,accumulation,migration. Solve EE for SM; detritus accumulation absorbs routed inflow at fixed predation. No new consumption is assumed.",SE,0.15
13_2_Northern_Humboldt_Current_(1995-1998),routing_scenario,15,Horse mackerel,catch,1.7465229457,1.484544503845,"Freeze completed living P,Q,diet,predation,accumulation,migration. Solve EE for SM; detritus accumulation absorbs routed inflow at fixed predation. No new consumption is assumed.",SE,0.15
13_2_Northern_Humboldt_Current_(1995-1998),routing_scenario,14,Other small pelagic fish,catch,1.689793515,1.43632448775,"Freeze completed living P,Q,diet,predation,accumulation,migration. Solve EE for SM; detritus accumulation absorbs routed inflow at fixed predation. No new consumption is assumed.",SE,0.15
13_2_Northern_Humboldt_Current_(1995-1998),routing_scenario,13,Other cephalopods,catch,0.0354708445375,0.030150217856874998,"Freeze completed living P,Q,diet,predation,accumulation,migration. Solve EE for SM; detritus accumulation absorbs routed inflow at fixed predation. No new consumption is assumed.",SE,0.15
13_2_Northern_Humboldt_Current_(1995-1998),routing_scenario,12,Jumbo squid,catch,0.10546329965,0.0896438047025,"Freeze completed living P,Q,diet,predation,accumulation,migration. Solve EE for SM; detritus accumulation absorbs routed inflow at fixed predation. No new consumption is assumed.",SE,0.15
13_2_Northern_Humboldt_Current_(1995-1998),routing_scenario,10,Anchovy,catch,23.1699877955,19.694489626175,"Freeze completed living P,Q,diet,predation,accumulation,migration. Solve EE for SM; detritus accumulation absorbs routed inflow at fixed predation. No new consumption is assumed.",SE,0.15
13_2_Northern_Humboldt_Current_(1995-1998),routing_scenario,9,Sardine,catch,5.82596898325,4.9520736357625,"Freeze completed living P,Q,diet,predation,accumulation,migration. Solve EE for SM; detritus accumulation absorbs routed inflow at fixed predation. No new consumption is assumed.",SE,0.15
13_2_Northern_Humboldt_Current_(1995-1998),routing_scenario,30,Chondrichthyans,external_loss,0.0,0.0021594542175,"Freeze completed living P,Q,diet,predation,accumulation,migration. Solve EE for SM; detritus accumulation absorbs routed inflow at fixed predation. No new consumption is assumed.",SE,0.15
13_2_Northern_Humboldt_Current_(1995-1998),routing_scenario,29,Catfish,external_loss,0.0,0.05096565000000001,"Freeze completed living P,Q,diet,predation,accumulation,migration. Solve EE for SM; detritus accumulation absorbs routed inflow at fixed predation. No new consumption is assumed.",SE,0.15
13_2_Northern_Humboldt_Current_(1995-1998),routing_scenario,27,Medium sciaenids,external_loss,0.0,0.009194836792500001,"Freeze completed living P,Q,diet,predation,accumulation,migration. Solve EE for SM; detritus accumulation absorbs routed inflow at fixed predation. No new consumption is assumed.",SE,0.15
13_2_Northern_Humboldt_Current_(1995-1998),routing_scenario,26,Medium demersal fish,external_loss,0.0,0.022435117425,"Freeze completed living P,Q,diet,predation,accumulation,migration. Solve EE for SM; detritus accumulation absorbs routed inflow at fixed predation. No new consumption is assumed.",SE,0.15
13_2_Northern_Humboldt_Current_(1995-1998),routing_scenario,23,Benthic elasmobranchs,external_loss,0.0,0.006076745505000001,"Freeze completed living P,Q,diet,predation,accumulation,migration. Solve EE for SM; detritus accumulation absorbs routed inflow at fixed predation. No new consumption is assumed.",SE,0.15
13_2_Northern_Humboldt_Current_(1995-1998),routing_scenario,22,Small demersal fish,external_loss,0.0,0.0029008845449999994,"Freeze completed living P,Q,diet,predation,accumulation,migration. Solve EE for SM; detritus accumulation absorbs routed inflow at fixed predation. No new consumption is assumed.",SE,0.15
13_2_Northern_Humboldt_Current_(1995-1998),routing_scenario,21,Flatfish,external_loss,0.0,0.00060873407325,"Freeze completed living P,Q,diet,predation,accumulation,migration. Solve EE for SM; detritus accumulation absorbs routed inflow at fixed predation. No new consumption is assumed.",SE,0.15
13_2_Northern_Humboldt_Current_(1995-1998),routing_scenario,20,Large hake,external_loss,0.0,0.006950214431999999,"Freeze completed living P,Q,diet,predation,accumulation,migration. Solve EE for SM; detritus accumulation absorbs routed inflow at fixed predation. No new consumption is assumed.",SE,0.15
13_2_Northern_Humboldt_Current_(1995-1998),routing_scenario,19,Medium hake,external_loss,0.0,0.0073013999999999996,"Freeze completed living P,Q,diet,predation,accumulation,migration. Solve EE for SM; detritus accumulation absorbs routed inflow at fixed predation. No new consumption is assumed.",SE,0.15
13_2_Northern_Humboldt_Current_(1995-1998),routing_scenario,18,Small hake,external_loss,0.0,0.17488721496,"Freeze completed living P,Q,diet,predation,accumulation,migration. Solve EE for SM; detritus accumulation absorbs routed inflow at fixed predation. No new consumption is assumed.",SE,0.15
13_2_Northern_Humboldt_Current_(1995-1998),routing_scenario,17,Other large pelagic fish,external_loss,0.0,0.050072852024999996,"Freeze completed living P,Q,diet,predation,accumulation,migration. Solve EE for SM; detritus accumulation absorbs routed inflow at fixed predation. No new consumption is assumed.",SE,0.15
13_2_Northern_Humboldt_Current_(1995-1998),routing_scenario,16,Chub mackerel,external_loss,0.0,0.11139812619,"Freeze completed living P,Q,diet,predation,accumulation,migration. Solve EE for SM; detritus accumulation absorbs routed inflow at fixed predation. No new consumption is assumed.",SE,0.15
13_2_Northern_Humboldt_Current_(1995-1998),routing_scenario,15,Horse mackerel,external_loss,0.0,0.26197844185499997,"Freeze completed living P,Q,diet,predation,accumulation,migration. Solve EE for SM; detritus accumulation absorbs routed inflow at fixed predation. No new consumption is assumed.",SE,0.15
13_2_Northern_Humboldt_Current_(1995-1998),routing_scenario,14,Other small pelagic fish,external_loss,0.0,0.25346902725,"Freeze completed living P,Q,diet,predation,accumulation,migration. Solve EE for SM; detritus accumulation absorbs routed inflow at fixed predation. No new consumption is assumed.",SE,0.15
13_2_Northern_Humboldt_Current_(1995-1998),routing_scenario,13,Other cephalopods,external_loss,0.0,0.005320626680624999,"Freeze completed living P,Q,diet,predation,accumulation,migration. Solve EE for SM; detritus accumulation absorbs routed inflow at fixed predation. No new consumption is assumed.",SE,0.15
13_2_Northern_Humboldt_Current_(1995-1998),routing_scenario,12,Jumbo squid,external_loss,0.0,0.0158194949475,"Freeze completed living P,Q,diet,predation,accumulation,migration. Solve EE for SM; detritus accumulation absorbs routed inflow at fixed predation. No new consumption is assumed.",SE,0.15
13_2_Northern_Humboldt_Current_(1995-1998),routing_scenario,10,Anchovy,external_loss,0.0,3.4754981693249998,"Freeze completed living P,Q,diet,predation,accumulation,migration. Solve EE for SM; detritus accumulation absorbs routed inflow at fixed predation. No new consumption is assumed.",SE,0.15
13_2_Northern_Humboldt_Current_(1995-1998),routing_scenario,9,Sardine,external_loss,0.0,0.8738953474875,"Freeze completed living P,Q,diet,predation,accumulation,migration. Solve EE for SM; detritus accumulation absorbs routed inflow at fixed predation. No new consumption is assumed.",SE,0.15
13_2_Northern_Humboldt_Current_(1995-1998),routing_scenario,39,Benthic detritus,p,1751.6112896867576,1756.4091287906974,"Freeze completed living P,Q,diet,predation,accumulation,migration. Solve EE for SM; detritus accumulation absorbs routed inflow at fixed predation. No new consumption is assumed.",SR,0.15
13_2_Northern_Humboldt_Current_(1995-1998),routing_scenario,38,Pelagic detritus,p,5090.259743360343,5090.792836594114,"Freeze completed living P,Q,diet,predation,accumulation,migration. Solve EE for SM; detritus accumulation absorbs routed inflow at fixed predation. No new consumption is assumed.",SR,0.15
13_2_Northern_Humboldt_Current_(1995-1998),routing_scenario,39,Benthic detritus,q,1751.6112896867576,1756.4091287906974,"Freeze completed living P,Q,diet,predation,accumulation,migration. Solve EE for SM; detritus accumulation absorbs routed inflow at fixed predation. No new consumption is assumed.",SR,0.15
13_2_Northern_Humboldt_Current_(1995-1998),routing_scenario,38,Pelagic detritus,q,5090.259743360343,5090.792836594114,"Freeze completed living P,Q,diet,predation,accumulation,migration. Solve EE for SM; detritus accumulation absorbs routed inflow at fixed predation. No new consumption is assumed.",SR,0.15
13_2_Northern_Humboldt_Current_(1995-1998),routing_scenario,39,Benthic detritus,growth,-4340.9949724808885,-4336.197133376949,"Freeze completed living P,Q,diet,predation,accumulation,migration. Solve EE for SM; detritus accumulation absorbs routed inflow at fixed predation. No new consumption is assumed.",SR,0.15
13_2_Northern_Humboldt_Current_(1995-1998),routing_scenario,38,Pelagic detritus,growth,5090.259743360343,5090.792836594114,"Freeze completed living P,Q,diet,predation,accumulation,migration. Solve EE for SM; detritus accumulation absorbs routed inflow at fixed predation. No new consumption is assumed.",SR,0.15
13_2_Northern_Humboldt_Current_(1995-1998),routing_scenario,39,Benthic detritus,p,1751.6112896867576,1756.2822168928872,"Freeze completed living P,Q,diet,predation,accumulation,migration. Solve EE for SM; detritus accumulation absorbs routed inflow at fixed predation. No new consumption is assumed.",SM,0.16
13_2_Northern_Humboldt_Current_(1995-1998),routing_scenario,38,Pelagic detritus,p,5090.259743360343,5090.348344469285,"Freeze completed living P,Q,diet,predation,accumulation,migration. Solve EE for SM; detritus accumulation absorbs routed inflow at fixed predation. No new consumption is assumed.",SM,0.16
13_2_Northern_Humboldt_Current_(1995-1998),routing_scenario,36,Anchovy eggs,p,81.93913403799536,82.86593354981535,"Freeze completed living P,Q,diet,predation,accumulation,migration. Solve EE for SM; detritus accumulation absorbs routed inflow at fixed predation. No new consumption is assumed.",SM,0.16
13_2_Northern_Humboldt_Current_(1995-1998),routing_scenario,39,Benthic detritus,q,1751.6112896867576,1756.2822168928872,"Freeze completed living P,Q,diet,predation,accumulation,migration. Solve EE for SM; detritus accumulation absorbs routed inflow at fixed predation. No new consumption is assumed.",SM,0.16
13_2_Northern_Humboldt_Current_(1995-1998),routing_scenario,38,Pelagic detritus,q,5090.259743360343,5090.348344469285,"Freeze completed living P,Q,diet,predation,accumulation,migration. Solve EE for SM; detritus accumulation absorbs routed inflow at fixed predation. No new consumption is assumed.",SM,0.16
13_2_Northern_Humboldt_Current_(1995-1998),routing_scenario,36,Anchovy eggs,q,81.93913403799536,82.86593354981535,"Freeze completed living P,Q,diet,predation,accumulation,migration. Solve EE for SM; detritus accumulation absorbs routed inflow at fixed predation. No new consumption is assumed.",SM,0.16
13_2_Northern_Humboldt_Current_(1995-1998),routing_scenario,30,Chondrichthyans,M0,0.01111863866537926,0.013422056497379261,"Freeze completed living P,Q,diet,predation,accumulation,migration. Solve EE for SM; detritus accumulation absorbs routed inflow at fixed predation. No new consumption is assumed.",SM,0.16
13_2_Northern_Humboldt_Current_(1995-1998),routing_scenario,29,Catfish,M0,0.0986964358664111,0.1530597958664111,"Freeze completed living P,Q,diet,predation,accumulation,migration. Solve EE for SM; detritus accumulation absorbs routed inflow at fixed predation. No new consumption is assumed.",SM,0.16
13_2_Northern_Humboldt_Current_(1995-1998),routing_scenario,27,Medium sciaenids,M0,0.07797065965059131,0.08777848556259131,"Freeze completed living P,Q,diet,predation,accumulation,migration. Solve EE for SM; detritus accumulation absorbs routed inflow at fixed predation. No new consumption is assumed.",SM,0.16
13_2_Northern_Humboldt_Current_(1995-1998),routing_scenario,26,Medium demersal fish,M0,0.0702195877127324,0.0941503796327324,"Freeze completed living P,Q,diet,predation,accumulation,migration. Solve EE for SM; detritus accumulation absorbs routed inflow at fixed predation. No new consumption is assumed.",SM,0.16
13_2_Northern_Humboldt_Current_(1995-1998),routing_scenario,23,Benthic elasmobranchs,M0,0.02098836399473636,0.02747022586673636,"Freeze completed living P,Q,diet,predation,accumulation,migration. Solve EE for SM; detritus accumulation absorbs routed inflow at fixed predation. No new consumption is assumed.",SM,0.16
13_2_Northern_Humboldt_Current_(1995-1998),routing_scenario,22,Small demersal fish,M0,3.2426595415784147,3.2457538184264147,"Freeze completed living P,Q,diet,predation,accumulation,migration. Solve EE for SM; detritus accumulation absorbs routed inflow at fixed predation. No new consumption is assumed.",SM,0.16
13_2_Northern_Humboldt_Current_(1995-1998),routing_scenario,21,Flatfish,M0,3.451325833853003e-05,0.0006838296031385301,"Freeze completed living P,Q,diet,predation,accumulation,migration. Solve EE for SM; detritus accumulation absorbs routed inflow at fixed predation. No new consumption is assumed.",SM,0.16
13_2_Northern_Humboldt_Current_(1995-1998),routing_scenario,20,Large hake,M0,0.006700170035899526,0.014113732096699524,"Freeze completed living P,Q,diet,predation,accumulation,migration. Solve EE for SM; detritus accumulation absorbs routed inflow at fixed predation. No new consumption is assumed.",SM,0.16
13_2_Northern_Humboldt_Current_(1995-1998),routing_scenario,19,Medium hake,M0,0.44286476478316994,0.45065292478316993,"Freeze completed living P,Q,diet,predation,accumulation,migration. Solve EE for SM; detritus accumulation absorbs routed inflow at fixed predation. No new consumption is assumed.",SM,0.16
13_2_Northern_Humboldt_Current_(1995-1998),routing_scenario,18,Small hake,M0,0.628031663830784,0.814578026454784,"Freeze completed living P,Q,diet,predation,accumulation,migration. Solve EE for SM; detritus accumulation absorbs routed inflow at fixed predation. No new consumption is assumed.",SM,0.16
13_2_Northern_Humboldt_Current_(1995-1998),routing_scenario,17,Other large pelagic fish,M0,0.3416564469598926,0.3950674891198926,"Freeze completed living P,Q,diet,predation,accumulation,migration. Solve EE for SM; detritus accumulation absorbs routed inflow at fixed predation. No new consumption is assumed.",SM,0.16
13_2_Northern_Humboldt_Current_(1995-1998),routing_scenario,16,Chub mackerel,M0,5.522509613684951,5.641334281620951,"Freeze completed living P,Q,diet,predation,accumulation,migration. Solve EE for SM; detritus accumulation absorbs routed inflow at fixed predation. No new consumption is assumed.",SM,0.16
13_2_Northern_Humboldt_Current_(1995-1998),routing_scenario,15,Horse mackerel,M0,6.695953029518151,6.975396700830151,"Freeze completed living P,Q,diet,predation,accumulation,migration. Solve EE for SM; detritus accumulation absorbs routed inflow at fixed predation. No new consumption is assumed.",SM,0.16
13_2_Northern_Humboldt_Current_(1995-1998),routing_scenario,14,Other small pelagic fish,M0,1.0995008229018595,1.3698677853018595,"Freeze completed living P,Q,diet,predation,accumulation,migration. Solve EE for SM; detritus accumulation absorbs routed inflow at fixed predation. No new consumption is assumed.",SM,0.16
13_2_Northern_Humboldt_Current_(1995-1998),routing_scenario,13,Other cephalopods,M0,0.38835856631069415,0.39403390143669415,"Freeze completed living P,Q,diet,predation,accumulation,migration. Solve EE for SM; detritus accumulation absorbs routed inflow at fixed predation. No new consumption is assumed.",SM,0.16
13_2_Northern_Humboldt_Current_(1995-1998),routing_scenario,12,Jumbo squid,M0,0.6834706928629479,0.7003448208069479,"Freeze completed living P,Q,diet,predation,accumulation,migration. Solve EE for SM; detritus accumulation absorbs routed inflow at fixed predation. No new consumption is assumed.",SM,0.16
13_2_Northern_Humboldt_Current_(1995-1998),routing_scenario,10,Anchovy,M0,21.594902660465323,25.30210070774532,"Freeze completed living P,Q,diet,predation,accumulation,migration. Solve EE for SM; detritus accumulation absorbs routed inflow at fixed predation. No new consumption is assumed.",SM,0.16
13_2_Northern_Humboldt_Current_(1995-1998),routing_scenario,9,Sardine,M0,0.45094358787714506,1.383098625197145,"Freeze completed living P,Q,diet,predation,accumulation,migration. Solve EE for SM; detritus accumulation absorbs routed inflow at fixed predation. No new consumption is assumed.",SM,0.16
13_2_Northern_Humboldt_Current_(1995-1998),routing_scenario,30,Chondrichthyans,EE,0.564231276512146,0.4739542670221931,"Freeze completed living P,Q,diet,predation,accumulation,migration. Solve EE for SM; detritus accumulation absorbs routed inflow at fixed predation. No new consumption is assumed.",SM,0.16
13_2_Northern_Humboldt_Current_(1995-1998),routing_scenario,29,Catfish,EE,0.8212506771087646,0.7227930813021104,"Freeze completed living P,Q,diet,predation,accumulation,migration. Solve EE for SM; detritus accumulation absorbs routed inflow at fixed predation. No new consumption is assumed.",SM,0.16
13_2_Northern_Humboldt_Current_(1995-1998),routing_scenario,27,Medium sciaenids,EE,0.7098218202590942,0.6733206917177472,"Freeze completed living P,Q,diet,predation,accumulation,migration. Solve EE for SM; detritus accumulation absorbs routed inflow at fixed predation. No new consumption is assumed.",SM,0.16
13_2_Northern_Humboldt_Current_(1995-1998),routing_scenario,26,Medium demersal fish,EE,0.8201572895050049,0.7588670053639011,"Freeze completed living P,Q,diet,predation,accumulation,migration. Solve EE for SM; detritus accumulation absorbs routed inflow at fixed predation. No new consumption is assumed.",SM,0.16
13_2_Northern_Humboldt_Current_(1995-1998),routing_scenario,23,Benthic elasmobranchs,EE,0.6587257981300354,0.5533296730412518,"Freeze completed living P,Q,diet,predation,accumulation,migration. Solve EE for SM; detritus accumulation absorbs routed inflow at fixed predation. No new consumption is assumed.",SM,0.16
13_2_Northern_Humboldt_Current_(1995-1998),routing_scenario,22,Small demersal fish,EE,0.7304298281669617,0.7301725934092207,"Freeze completed living P,Q,diet,predation,accumulation,migration. Solve EE for SM; detritus accumulation absorbs routed inflow at fixed predation. No new consumption is assumed.",SM,0.16
13_2_Northern_Humboldt_Current_(1995-1998),routing_scenario,21,Flatfish,EE,0.9954587817192078,0.910022419087196,"Freeze completed living P,Q,diet,predation,accumulation,migration. Solve EE for SM; detritus accumulation absorbs routed inflow at fixed predation. No new consumption is assumed.",SM,0.16
13_2_Northern_Humboldt_Current_(1995-1998),routing_scenario,20,Large hake,EE,0.8738672733306885,0.7343047261041801,"Freeze completed living P,Q,diet,predation,accumulation,migration. Solve EE for SM; detritus accumulation absorbs routed inflow at fixed predation. No new consumption is assumed.",SM,0.16
13_2_Northern_Humboldt_Current_(1995-1998),routing_scenario,19,Medium hake,EE,0.14074458181858063,0.1256338319693795,"Freeze completed living P,Q,diet,predation,accumulation,migration. Solve EE for SM; detritus accumulation absorbs routed inflow at fixed predation. No new consumption is assumed.",SM,0.16
13_2_Northern_Humboldt_Current_(1995-1998),routing_scenario,18,Small hake,EE,0.7213676571846008,0.6386045529414667,"Freeze completed living P,Q,diet,predation,accumulation,migration. Solve EE for SM; detritus accumulation absorbs routed inflow at fixed predation. No new consumption is assumed.",SM,0.16
13_2_Northern_Humboldt_Current_(1995-1998),routing_scenario,17,Other large pelagic fish,EE,0.533972442150116,0.4611185043376562,"Freeze completed living P,Q,diet,predation,accumulation,migration. Solve EE for SM; detritus accumulation absorbs routed inflow at fixed predation. No new consumption is assumed.",SM,0.16
13_2_Northern_Humboldt_Current_(1995-1998),routing_scenario,16,Chub mackerel,EE,0.15512745082378387,0.13694881336965758,"Freeze completed living P,Q,diet,predation,accumulation,migration. Solve EE for SM; detritus accumulation absorbs routed inflow at fixed predation. No new consumption is assumed.",SM,0.16
13_2_Northern_Humboldt_Current_(1995-1998),routing_scenario,15,Horse mackerel,EE,0.23551708459854126,0.203612751997442,"Freeze completed living P,Q,diet,predation,accumulation,migration. Solve EE for SM; detritus accumulation absorbs routed inflow at fixed predation. No new consumption is assumed.",SM,0.16
13_2_Northern_Humboldt_Current_(1995-1998),routing_scenario,14,Other small pelagic fish,EE,0.8999999761581421,0.8754099966666361,"Freeze completed living P,Q,diet,predation,accumulation,migration. Solve EE for SM; detritus accumulation absorbs routed inflow at fixed predation. No new consumption is assumed.",SM,0.16
13_2_Northern_Humboldt_Current_(1995-1998),routing_scenario,13,Other cephalopods,EE,0.949999988079071,0.9492693055383176,"Freeze completed living P,Q,diet,predation,accumulation,migration. Solve EE for SM; detritus accumulation absorbs routed inflow at fixed predation. No new consumption is assumed.",SM,0.16
13_2_Northern_Humboldt_Current_(1995-1998),routing_scenario,12,Jumbo squid,EE,0.7999784350395203,0.7950401260323496,"Freeze completed living P,Q,diet,predation,accumulation,migration. Solve EE for SM; detritus accumulation absorbs routed inflow at fixed predation. No new consumption is assumed.",SM,0.16
13_2_Northern_Humboldt_Current_(1995-1998),routing_scenario,10,Anchovy,EE,0.8148474097251892,0.7830622550566189,"Freeze completed living P,Q,diet,predation,accumulation,migration. Solve EE for SM; detritus accumulation absorbs routed inflow at fixed predation. No new consumption is assumed.",SM,0.16
13_2_Northern_Humboldt_Current_(1995-1998),routing_scenario,9,Sardine,EE,0.9700034856796265,0.9079970558789315,"Freeze completed living P,Q,diet,predation,accumulation,migration. Solve EE for SM; detritus accumulation absorbs routed inflow at fixed predation. No new consumption is assumed.",SM,0.16
13_2_Northern_Humboldt_Current_(1995-1998),routing_scenario,30,Chondrichthyans,catch,0.01439636145,0.012092943618,"Freeze completed living P,Q,diet,predation,accumulation,migration. Solve EE for SM; detritus accumulation absorbs routed inflow at fixed predation. No new consumption is assumed.",SM,0.16
13_2_Northern_Humboldt_Current_(1995-1998),routing_scenario,29,Catfish,catch,0.33977100000000005,0.28540764,"Freeze completed living P,Q,diet,predation,accumulation,migration. Solve EE for SM; detritus accumulation absorbs routed inflow at fixed predation. No new consumption is assumed.",SM,0.16
13_2_Northern_Humboldt_Current_(1995-1998),routing_scenario,27,Medium sciaenids,catch,0.06129891195000001,0.051491086038000004,"Freeze completed living P,Q,diet,predation,accumulation,migration. Solve EE for SM; detritus accumulation absorbs routed inflow at fixed predation. No new consumption is assumed.",SM,0.16
13_2_Northern_Humboldt_Current_(1995-1998),routing_scenario,26,Medium demersal fish,catch,0.1495674495,0.12563665758,"Freeze completed living P,Q,diet,predation,accumulation,migration. Solve EE for SM; detritus accumulation absorbs routed inflow at fixed predation. No new consumption is assumed.",SM,0.16
13_2_Northern_Humboldt_Current_(1995-1998),routing_scenario,23,Benthic elasmobranchs,catch,0.040511636700000006,0.034029774828,"Freeze completed living P,Q,diet,predation,accumulation,migration. Solve EE for SM; detritus accumulation absorbs routed inflow at fixed predation. No new consumption is assumed.",SM,0.16
13_2_Northern_Humboldt_Current_(1995-1998),routing_scenario,22,Small demersal fish,catch,0.019339230299999996,0.016244953451999996,"Freeze completed living P,Q,diet,predation,accumulation,migration. Solve EE for SM; detritus accumulation absorbs routed inflow at fixed predation. No new consumption is assumed.",SM,0.16
13_2_Northern_Humboldt_Current_(1995-1998),routing_scenario,21,Flatfish,catch,0.004058227155,0.0034089108101999998,"Freeze completed living P,Q,diet,predation,accumulation,migration. Solve EE for SM; detritus accumulation absorbs routed inflow at fixed predation. No new consumption is assumed.",SM,0.16
13_2_Northern_Humboldt_Current_(1995-1998),routing_scenario,20,Large hake,catch,0.04633476287999999,0.03892120081919999,"Freeze completed living P,Q,diet,predation,accumulation,migration. Solve EE for SM; detritus accumulation absorbs routed inflow at fixed predation. No new consumption is assumed.",SM,0.16
13_2_Northern_Humboldt_Current_(1995-1998),routing_scenario,19,Medium hake,catch,0.048676,0.040887839999999995,"Freeze completed living P,Q,diet,predation,accumulation,migration. Solve EE for SM; detritus accumulation absorbs routed inflow at fixed predation. No new consumption is assumed.",SM,0.16
13_2_Northern_Humboldt_Current_(1995-1998),routing_scenario,18,Small hake,catch,1.1659147664,0.979368403776,"Freeze completed living P,Q,diet,predation,accumulation,migration. Solve EE for SM; detritus accumulation absorbs routed inflow at fixed predation. No new consumption is assumed.",SM,0.16
13_2_Northern_Humboldt_Current_(1995-1998),routing_scenario,17,Other large pelagic fish,catch,0.3338190135,0.28040797133999995,"Freeze completed living P,Q,diet,predation,accumulation,migration. Solve EE for SM; detritus accumulation absorbs routed inflow at fixed predation. No new consumption is assumed.",SM,0.16
13_2_Northern_Humboldt_Current_(1995-1998),routing_scenario,16,Chub mackerel,catch,0.7426541746,0.623829506664,"Freeze completed living P,Q,diet,predation,accumulation,migration. Solve EE for SM; detritus accumulation absorbs routed inflow at fixed predation. No new consumption is assumed.",SM,0.16
13_2_Northern_Humboldt_Current_(1995-1998),routing_scenario,15,Horse mackerel,catch,1.7465229457,1.467079274388,"Freeze completed living P,Q,diet,predation,accumulation,migration. Solve EE for SM; detritus accumulation absorbs routed inflow at fixed predation. No new consumption is assumed.",SM,0.16
13_2_Northern_Humboldt_Current_(1995-1998),routing_scenario,14,Other small pelagic fish,catch,1.689793515,1.4194265526,"Freeze completed living P,Q,diet,predation,accumulation,migration. Solve EE for SM; detritus accumulation absorbs routed inflow at fixed predation. No new consumption is assumed.",SM,0.16
13_2_Northern_Humboldt_Current_(1995-1998),routing_scenario,13,Other cephalopods,catch,0.0354708445375,0.029795509411499995,"Freeze completed living P,Q,diet,predation,accumulation,migration. Solve EE for SM; detritus accumulation absorbs routed inflow at fixed predation. No new consumption is assumed.",SM,0.16
13_2_Northern_Humboldt_Current_(1995-1998),routing_scenario,12,Jumbo squid,catch,0.10546329965,0.08858917170599999,"Freeze completed living P,Q,diet,predation,accumulation,migration. Solve EE for SM; detritus accumulation absorbs routed inflow at fixed predation. No new consumption is assumed.",SM,0.16
13_2_Northern_Humboldt_Current_(1995-1998),routing_scenario,10,Anchovy,catch,23.1699877955,19.462789748219997,"Freeze completed living P,Q,diet,predation,accumulation,migration. Solve EE for SM; detritus accumulation absorbs routed inflow at fixed predation. No new consumption is assumed.",SM,0.16
13_2_Northern_Humboldt_Current_(1995-1998),routing_scenario,9,Sardine,catch,5.82596898325,4.89381394593,"Freeze completed living P,Q,diet,predation,accumulation,migration. Solve EE for SM; detritus accumulation absorbs routed inflow at fixed predation. No new consumption is assumed.",SM,0.16
13_2_Northern_Humboldt_Current_(1995-1998),routing_scenario,39,Benthic detritus,growth,-4340.9949724808885,-4336.32404527476,"Freeze completed living P,Q,diet,predation,accumulation,migration. Solve EE for SM; detritus accumulation absorbs routed inflow at fixed predation. No new consumption is assumed.",SM,0.16
13_2_Northern_Humboldt_Current_(1995-1998),routing_scenario,38,Pelagic detritus,growth,5090.259743360343,5090.348344469285,"Freeze completed living P,Q,diet,predation,accumulation,migration. Solve EE for SM; detritus accumulation absorbs routed inflow at fixed predation. No new consumption is assumed.",SM,0.16
13_2_Northern_Humboldt_Current_(1995-1998),routing_scenario,36,Anchovy eggs,growth,12.539441007952618,13.466240519772612,"Freeze completed living P,Q,diet,predation,accumulation,migration. Solve EE for SM; detritus accumulation absorbs routed inflow at fixed predation. No new consumption is assumed.",SM,0.16
13_2_Northern_Humboldt_Current_(1995-1998),routing_scenario,30,Chondrichthyans,catch,0.01439636145,0.012092943618,"Freeze completed living P,Q,diet,predation,accumulation,migration. Solve EE for SM; detritus accumulation absorbs routed inflow at fixed predation. No new consumption is assumed.",SE,0.16
13_2_Northern_Humboldt_Current_(1995-1998),routing_scenario,29,Catfish,catch,0.33977100000000005,0.28540764,"Freeze completed living P,Q,diet,predation,accumulation,migration. Solve EE for SM; detritus accumulation absorbs routed inflow at fixed predation. No new consumption is assumed.",SE,0.16
13_2_Northern_Humboldt_Current_(1995-1998),routing_scenario,27,Medium sciaenids,catch,0.06129891195000001,0.051491086038000004,"Freeze completed living P,Q,diet,predation,accumulation,migration. Solve EE for SM; detritus accumulation absorbs routed inflow at fixed predation. No new consumption is assumed.",SE,0.16
13_2_Northern_Humboldt_Current_(1995-1998),routing_scenario,26,Medium demersal fish,catch,0.1495674495,0.12563665758,"Freeze completed living P,Q,diet,predation,accumulation,migration. Solve EE for SM; detritus accumulation absorbs routed inflow at fixed predation. No new consumption is assumed.",SE,0.16
13_2_Northern_Humboldt_Current_(1995-1998),routing_scenario,23,Benthic elasmobranchs,catch,0.040511636700000006,0.034029774828,"Freeze completed living P,Q,diet,predation,accumulation,migration. Solve EE for SM; detritus accumulation absorbs routed inflow at fixed predation. No new consumption is assumed.",SE,0.16
13_2_Northern_Humboldt_Current_(1995-1998),routing_scenario,22,Small demersal fish,catch,0.019339230299999996,0.016244953451999996,"Freeze completed living P,Q,diet,predation,accumulation,migration. Solve EE for SM; detritus accumulation absorbs routed inflow at fixed predation. No new consumption is assumed.",SE,0.16
13_2_Northern_Humboldt_Current_(1995-1998),routing_scenario,21,Flatfish,catch,0.004058227155,0.0034089108101999998,"Freeze completed living P,Q,diet,predation,accumulation,migration. Solve EE for SM; detritus accumulation absorbs routed inflow at fixed predation. No new consumption is assumed.",SE,0.16
13_2_Northern_Humboldt_Current_(1995-1998),routing_scenario,20,Large hake,catch,0.04633476287999999,0.03892120081919999,"Freeze completed living P,Q,diet,predation,accumulation,migration. Solve EE for SM; detritus accumulation absorbs routed inflow at fixed predation. No new consumption is assumed.",SE,0.16
13_2_Northern_Humboldt_Current_(1995-1998),routing_scenario,19,Medium hake,catch,0.048676,0.040887839999999995,"Freeze completed living P,Q,diet,predation,accumulation,migration. Solve EE for SM; detritus accumulation absorbs routed inflow at fixed predation. No new consumption is assumed.",SE,0.16
13_2_Northern_Humboldt_Current_(1995-1998),routing_scenario,18,Small hake,catch,1.1659147664,0.979368403776,"Freeze completed living P,Q,diet,predation,accumulation,migration. Solve EE for SM; detritus accumulation absorbs routed inflow at fixed predation. No new consumption is assumed.",SE,0.16
13_2_Northern_Humboldt_Current_(1995-1998),routing_scenario,17,Other large pelagic fish,catch,0.3338190135,0.28040797133999995,"Freeze completed living P,Q,diet,predation,accumulation,migration. Solve EE for SM; detritus accumulation absorbs routed inflow at fixed predation. No new consumption is assumed.",SE,0.16
13_2_Northern_Humboldt_Current_(1995-1998),routing_scenario,16,Chub mackerel,catch,0.7426541746,0.623829506664,"Freeze completed living P,Q,diet,predation,accumulation,migration. Solve EE for SM; detritus accumulation absorbs routed inflow at fixed predation. No new consumption is assumed.",SE,0.16
13_2_Northern_Humboldt_Current_(1995-1998),routing_scenario,15,Horse mackerel,catch,1.7465229457,1.467079274388,"Freeze completed living P,Q,diet,predation,accumulation,migration. Solve EE for SM; detritus accumulation absorbs routed inflow at fixed predation. No new consumption is assumed.",SE,0.16
13_2_Northern_Humboldt_Current_(1995-1998),routing_scenario,14,Other small pelagic fish,catch,1.689793515,1.4194265526,"Freeze completed living P,Q,diet,predation,accumulation,migration. Solve EE for SM; detritus accumulation absorbs routed inflow at fixed predation. No new consumption is assumed.",SE,0.16
13_2_Northern_Humboldt_Current_(1995-1998),routing_scenario,13,Other cephalopods,catch,0.0354708445375,0.029795509411499995,"Freeze completed living P,Q,diet,predation,accumulation,migration. Solve EE for SM; detritus accumulation absorbs routed inflow at fixed predation. No new consumption is assumed.",SE,0.16
13_2_Northern_Humboldt_Current_(1995-1998),routing_scenario,12,Jumbo squid,catch,0.10546329965,0.08858917170599999,"Freeze completed living P,Q,diet,predation,accumulation,migration. Solve EE for SM; detritus accumulation absorbs routed inflow at fixed predation. No new consumption is assumed.",SE,0.16
13_2_Northern_Humboldt_Current_(1995-1998),routing_scenario,10,Anchovy,catch,23.1699877955,19.462789748219997,"Freeze completed living P,Q,diet,predation,accumulation,migration. Solve EE for SM; detritus accumulation absorbs routed inflow at fixed predation. No new consumption is assumed.",SE,0.16
13_2_Northern_Humboldt_Current_(1995-1998),routing_scenario,9,Sardine,catch,5.82596898325,4.89381394593,"Freeze completed living P,Q,diet,predation,accumulation,migration. Solve EE for SM; detritus accumulation absorbs routed inflow at fixed predation. No new consumption is assumed.",SE,0.16
13_2_Northern_Humboldt_Current_(1995-1998),routing_scenario,30,Chondrichthyans,external_loss,0.0,0.002303417832,"Freeze completed living P,Q,diet,predation,accumulation,migration. Solve EE for SM; detritus accumulation absorbs routed inflow at fixed predation. No new consumption is assumed.",SE,0.16
13_2_Northern_Humboldt_Current_(1995-1998),routing_scenario,29,Catfish,external_loss,0.0,0.054363360000000006,"Freeze completed living P,Q,diet,predation,accumulation,migration. Solve EE for SM; detritus accumulation absorbs routed inflow at fixed predation. No new consumption is assumed.",SE,0.16
13_2_Northern_Humboldt_Current_(1995-1998),routing_scenario,27,Medium sciaenids,external_loss,0.0,0.009807825912,"Freeze completed living P,Q,diet,predation,accumulation,migration. Solve EE for SM; detritus accumulation absorbs routed inflow at fixed predation. No new consumption is assumed.",SE,0.16
13_2_Northern_Humboldt_Current_(1995-1998),routing_scenario,26,Medium demersal fish,external_loss,0.0,0.02393079192,"Freeze completed living P,Q,diet,predation,accumulation,migration. Solve EE for SM; detritus accumulation absorbs routed inflow at fixed predation. No new consumption is assumed.",SE,0.16
13_2_Northern_Humboldt_Current_(1995-1998),routing_scenario,23,Benthic elasmobranchs,external_loss,0.0,0.006481861872000001,"Freeze completed living P,Q,diet,predation,accumulation,migration. Solve EE for SM; detritus accumulation absorbs routed inflow at fixed predation. No new consumption is assumed.",SE,0.16
13_2_Northern_Humboldt_Current_(1995-1998),routing_scenario,22,Small demersal fish,external_loss,0.0,0.0030942768479999996,"Freeze completed living P,Q,diet,predation,accumulation,migration. Solve EE for SM; detritus accumulation absorbs routed inflow at fixed predation. No new consumption is assumed.",SE,0.16
13_2_Northern_Humboldt_Current_(1995-1998),routing_scenario,21,Flatfish,external_loss,0.0,0.0006493163448,"Freeze completed living P,Q,diet,predation,accumulation,migration. Solve EE for SM; detritus accumulation absorbs routed inflow at fixed predation. No new consumption is assumed.",SE,0.16
13_2_Northern_Humboldt_Current_(1995-1998),routing_scenario,20,Large hake,external_loss,0.0,0.007413562060799999,"Freeze completed living P,Q,diet,predation,accumulation,migration. Solve EE for SM; detritus accumulation absorbs routed inflow at fixed predation. No new consumption is assumed.",SE,0.16
13_2_Northern_Humboldt_Current_(1995-1998),routing_scenario,19,Medium hake,external_loss,0.0,0.00778816,"Freeze completed living P,Q,diet,predation,accumulation,migration. Solve EE for SM; detritus accumulation absorbs routed inflow at fixed predation. No new consumption is assumed.",SE,0.16
13_2_Northern_Humboldt_Current_(1995-1998),routing_scenario,18,Small hake,external_loss,0.0,0.186546362624,"Freeze completed living P,Q,diet,predation,accumulation,migration. Solve EE for SM; detritus accumulation absorbs routed inflow at fixed predation. No new consumption is assumed.",SE,0.16
13_2_Northern_Humboldt_Current_(1995-1998),routing_scenario,17,Other large pelagic fish,external_loss,0.0,0.05341104216,"Freeze completed living P,Q,diet,predation,accumulation,migration. Solve EE for SM; detritus accumulation absorbs routed inflow at fixed predation. No new consumption is assumed.",SE,0.16
13_2_Northern_Humboldt_Current_(1995-1998),routing_scenario,16,Chub mackerel,external_loss,0.0,0.11882466793600001,"Freeze completed living P,Q,diet,predation,accumulation,migration. Solve EE for SM; detritus accumulation absorbs routed inflow at fixed predation. No new consumption is assumed.",SE,0.16
13_2_Northern_Humboldt_Current_(1995-1998),routing_scenario,15,Horse mackerel,external_loss,0.0,0.279443671312,"Freeze completed living P,Q,diet,predation,accumulation,migration. Solve EE for SM; detritus accumulation absorbs routed inflow at fixed predation. No new consumption is assumed.",SE,0.16
13_2_Northern_Humboldt_Current_(1995-1998),routing_scenario,14,Other small pelagic fish,external_loss,0.0,0.2703669624,"Freeze completed living P,Q,diet,predation,accumulation,migration. Solve EE for SM; detritus accumulation absorbs routed inflow at fixed predation. No new consumption is assumed.",SE,0.16
13_2_Northern_Humboldt_Current_(1995-1998),routing_scenario,13,Other cephalopods,external_loss,0.0,0.005675335126,"Freeze completed living P,Q,diet,predation,accumulation,migration. Solve EE for SM; detritus accumulation absorbs routed inflow at fixed predation. No new consumption is assumed.",SE,0.16
13_2_Northern_Humboldt_Current_(1995-1998),routing_scenario,12,Jumbo squid,external_loss,0.0,0.016874127944,"Freeze completed living P,Q,diet,predation,accumulation,migration. Solve EE for SM; detritus accumulation absorbs routed inflow at fixed predation. No new consumption is assumed.",SE,0.16
13_2_Northern_Humboldt_Current_(1995-1998),routing_scenario,10,Anchovy,external_loss,0.0,3.70719804728,"Freeze completed living P,Q,diet,predation,accumulation,migration. Solve EE for SM; detritus accumulation absorbs routed inflow at fixed predation. No new consumption is assumed.",SE,0.16
13_2_Northern_Humboldt_Current_(1995-1998),routing_scenario,9,Sardine,external_loss,0.0,0.93215503732,"Freeze completed living P,Q,diet,predation,accumulation,migration. Solve EE for SM; detritus accumulation absorbs routed inflow at fixed predation. No new consumption is assumed.",SE,0.16
13_2_Northern_Humboldt_Current_(1995-1998),routing_scenario,39,Benthic detritus,p,1751.6112896867576,1756.72898473096,"Freeze completed living P,Q,diet,predation,accumulation,migration. Solve EE for SM; detritus accumulation absorbs routed inflow at fixed predation. No new consumption is assumed.",SR,0.16
13_2_Northern_Humboldt_Current_(1995-1998),routing_scenario,38,Pelagic detritus,p,5090.259743360343,5090.828376143032,"Freeze completed living P,Q,diet,predation,accumulation,migration. Solve EE for SM; detritus accumulation absorbs routed inflow at fixed predation. No new consumption is assumed.",SR,0.16
13_2_Northern_Humboldt_Current_(1995-1998),routing_scenario,39,Benthic detritus,q,1751.6112896867576,1756.72898473096,"Freeze completed living P,Q,diet,predation,accumulation,migration. Solve EE for SM; detritus accumulation absorbs routed inflow at fixed predation. No new consumption is assumed.",SR,0.16
13_2_Northern_Humboldt_Current_(1995-1998),routing_scenario,38,Pelagic detritus,q,5090.259743360343,5090.828376143032,"Freeze completed living P,Q,diet,predation,accumulation,migration. Solve EE for SM; detritus accumulation absorbs routed inflow at fixed predation. No new consumption is assumed.",SR,0.16
13_2_Northern_Humboldt_Current_(1995-1998),routing_scenario,39,Benthic detritus,growth,-4340.9949724808885,-4335.877277436686,"Freeze completed living P,Q,diet,predation,accumulation,migration. Solve EE for SM; detritus accumulation absorbs routed inflow at fixed predation. No new consumption is assumed.",SR,0.16
13_2_Northern_Humboldt_Current_(1995-1998),routing_scenario,38,Pelagic detritus,growth,5090.259743360343,5090.828376143032,"Freeze completed living P,Q,diet,predation,accumulation,migration. Solve EE for SM; detritus accumulation absorbs routed inflow at fixed predation. No new consumption is assumed.",SR,0.16
13_2_Northern_Humboldt_Current_(1995-1998),routing_scenario,39,Benthic detritus,p,1751.6112896867576,1756.57414984327,"Freeze completed living P,Q,diet,predation,accumulation,migration. Solve EE for SM; detritus accumulation absorbs routed inflow at fixed predation. No new consumption is assumed.",SM,0.17
13_2_Northern_Humboldt_Current_(1995-1998),routing_scenario,38,Pelagic detritus,p,5090.259743360343,5090.353882038594,"Freeze completed living P,Q,diet,predation,accumulation,migration. Solve EE for SM; detritus accumulation absorbs routed inflow at fixed predation. No new consumption is assumed.",SM,0.17
13_2_Northern_Humboldt_Current_(1995-1998),routing_scenario,36,Anchovy eggs,p,81.93913403799536,82.9238585193041,"Freeze completed living P,Q,diet,predation,accumulation,migration. Solve EE for SM; detritus accumulation absorbs routed inflow at fixed predation. No new consumption is assumed.",SM,0.17
13_2_Northern_Humboldt_Current_(1995-1998),routing_scenario,39,Benthic detritus,q,1751.6112896867576,1756.57414984327,"Freeze completed living P,Q,diet,predation,accumulation,migration. Solve EE for SM; detritus accumulation absorbs routed inflow at fixed predation. No new consumption is assumed.",SM,0.17
13_2_Northern_Humboldt_Current_(1995-1998),routing_scenario,38,Pelagic detritus,q,5090.259743360343,5090.353882038594,"Freeze completed living P,Q,diet,predation,accumulation,migration. Solve EE for SM; detritus accumulation absorbs routed inflow at fixed predation. No new consumption is assumed.",SM,0.17
13_2_Northern_Humboldt_Current_(1995-1998),routing_scenario,36,Anchovy eggs,q,81.93913403799536,82.9238585193041,"Freeze completed living P,Q,diet,predation,accumulation,migration. Solve EE for SM; detritus accumulation absorbs routed inflow at fixed predation. No new consumption is assumed.",SM,0.17
13_2_Northern_Humboldt_Current_(1995-1998),routing_scenario,30,Chondrichthyans,M0,0.01111863866537926,0.013566020111879261,"Freeze completed living P,Q,diet,predation,accumulation,migration. Solve EE for SM; detritus accumulation absorbs routed inflow at fixed predation. No new consumption is assumed.",SM,0.17
13_2_Northern_Humboldt_Current_(1995-1998),routing_scenario,29,Catfish,M0,0.0986964358664111,0.1564575058664111,"Freeze completed living P,Q,diet,predation,accumulation,migration. Solve EE for SM; detritus accumulation absorbs routed inflow at fixed predation. No new consumption is assumed.",SM,0.17
13_2_Northern_Humboldt_Current_(1995-1998),routing_scenario,27,Medium sciaenids,M0,0.07797065965059131,0.08839147468209131,"Freeze completed living P,Q,diet,predation,accumulation,migration. Solve EE for SM; detritus accumulation absorbs routed inflow at fixed predation. No new consumption is assumed.",SM,0.17
13_2_Northern_Humboldt_Current_(1995-1998),routing_scenario,26,Medium demersal fish,M0,0.0702195877127324,0.0956460541277324,"Freeze completed living P,Q,diet,predation,accumulation,migration. Solve EE for SM; detritus accumulation absorbs routed inflow at fixed predation. No new consumption is assumed.",SM,0.17
13_2_Northern_Humboldt_Current_(1995-1998),routing_scenario,23,Benthic elasmobranchs,M0,0.02098836399473636,0.02787534223373636,"Freeze completed living P,Q,diet,predation,accumulation,migration. Solve EE for SM; detritus accumulation absorbs routed inflow at fixed predation. No new consumption is assumed.",SM,0.17
13_2_Northern_Humboldt_Current_(1995-1998),routing_scenario,22,Small demersal fish,M0,3.2426595415784147,3.245947210729415,"Freeze completed living P,Q,diet,predation,accumulation,migration. Solve EE for SM; detritus accumulation absorbs routed inflow at fixed predation. No new consumption is assumed.",SM,0.17
13_2_Northern_Humboldt_Current_(1995-1998),routing_scenario,21,Flatfish,M0,3.451325833853003e-05,0.00072441187468853,"Freeze completed living P,Q,diet,predation,accumulation,migration. Solve EE for SM; detritus accumulation absorbs routed inflow at fixed predation. No new consumption is assumed.",SM,0.17
13_2_Northern_Humboldt_Current_(1995-1998),routing_scenario,20,Large hake,M0,0.006700170035899526,0.014577079725499525,"Freeze completed living P,Q,diet,predation,accumulation,migration. Solve EE for SM; detritus accumulation absorbs routed inflow at fixed predation. No new consumption is assumed.",SM,0.17
13_2_Northern_Humboldt_Current_(1995-1998),routing_scenario,19,Medium hake,M0,0.44286476478316994,0.45113968478316996,"Freeze completed living P,Q,diet,predation,accumulation,migration. Solve EE for SM; detritus accumulation absorbs routed inflow at fixed predation. No new consumption is assumed.",SM,0.17
13_2_Northern_Humboldt_Current_(1995-1998),routing_scenario,18,Small hake,M0,0.628031663830784,0.8262371741187841,"Freeze completed living P,Q,diet,predation,accumulation,migration. Solve EE for SM; detritus accumulation absorbs routed inflow at fixed predation. No new consumption is assumed.",SM,0.17
13_2_Northern_Humboldt_Current_(1995-1998),routing_scenario,17,Other large pelagic fish,M0,0.3416564469598926,0.3984056792548926,"Freeze completed living P,Q,diet,predation,accumulation,migration. Solve EE for SM; detritus accumulation absorbs routed inflow at fixed predation. No new consumption is assumed.",SM,0.17
13_2_Northern_Humboldt_Current_(1995-1998),routing_scenario,16,Chub mackerel,M0,5.522509613684951,5.648760823366951,"Freeze completed living P,Q,diet,predation,accumulation,migration. Solve EE for SM; detritus accumulation absorbs routed inflow at fixed predation. No new consumption is assumed.",SM,0.17
13_2_Northern_Humboldt_Current_(1995-1998),routing_scenario,15,Horse mackerel,M0,6.695953029518151,6.992861930287151,"Freeze completed living P,Q,diet,predation,accumulation,migration. Solve EE for SM; detritus accumulation absorbs routed inflow at fixed predation. No new consumption is assumed.",SM,0.17
13_2_Northern_Humboldt_Current_(1995-1998),routing_scenario,14,Other small pelagic fish,M0,1.0995008229018595,1.3867657204518595,"Freeze completed living P,Q,diet,predation,accumulation,migration. Solve EE for SM; detritus accumulation absorbs routed inflow at fixed predation. No new consumption is assumed.",SM,0.17
13_2_Northern_Humboldt_Current_(1995-1998),routing_scenario,13,Other cephalopods,M0,0.38835856631069415,0.39438860988206914,"Freeze completed living P,Q,diet,predation,accumulation,migration. Solve EE for SM; detritus accumulation absorbs routed inflow at fixed predation. No new consumption is assumed.",SM,0.17
13_2_Northern_Humboldt_Current_(1995-1998),routing_scenario,12,Jumbo squid,M0,0.6834706928629479,0.7013994538034479,"Freeze completed living P,Q,diet,predation,accumulation,migration. Solve EE for SM; detritus accumulation absorbs routed inflow at fixed predation. No new consumption is assumed.",SM,0.17
13_2_Northern_Humboldt_Current_(1995-1998),routing_scenario,10,Anchovy,M0,21.594902660465323,25.533800585700323,"Freeze completed living P,Q,diet,predation,accumulation,migration. Solve EE for SM; detritus accumulation absorbs routed inflow at fixed predation. No new consumption is assumed.",SM,0.17
13_2_Northern_Humboldt_Current_(1995-1998),routing_scenario,9,Sardine,M0,0.45094358787714506,1.4413583150296452,"Freeze completed living P,Q,diet,predation,accumulation,migration. Solve EE for SM; detritus accumulation absorbs routed inflow at fixed predation. No new consumption is assumed.",SM,0.17
13_2_Northern_Humboldt_Current_(1995-1998),routing_scenario,30,Chondrichthyans,EE,0.564231276512146,0.4683119539290711,"Freeze completed living P,Q,diet,predation,accumulation,migration. Solve EE for SM; detritus accumulation absorbs routed inflow at fixed predation. No new consumption is assumed.",SM,0.17
13_2_Northern_Humboldt_Current_(1995-1998),routing_scenario,29,Catfish,EE,0.8212506771087646,0.7166394815641945,"Freeze completed living P,Q,diet,predation,accumulation,migration. Solve EE for SM; detritus accumulation absorbs routed inflow at fixed predation. No new consumption is assumed.",SM,0.17
13_2_Northern_Humboldt_Current_(1995-1998),routing_scenario,27,Medium sciaenids,EE,0.7098218202590942,0.6710393711839131,"Freeze completed living P,Q,diet,predation,accumulation,migration. Solve EE for SM; detritus accumulation absorbs routed inflow at fixed predation. No new consumption is assumed.",SM,0.17
13_2_Northern_Humboldt_Current_(1995-1998),routing_scenario,26,Medium demersal fish,EE,0.8201572895050049,0.7550363626050821,"Freeze completed living P,Q,diet,predation,accumulation,migration. Solve EE for SM; detritus accumulation absorbs routed inflow at fixed predation. No new consumption is assumed.",SM,0.17
13_2_Northern_Humboldt_Current_(1995-1998),routing_scenario,23,Benthic elasmobranchs,EE,0.6587257981300354,0.5467424152232028,"Freeze completed living P,Q,diet,predation,accumulation,migration. Solve EE for SM; detritus accumulation absorbs routed inflow at fixed predation. No new consumption is assumed.",SM,0.17
13_2_Northern_Humboldt_Current_(1995-1998),routing_scenario,22,Small demersal fish,EE,0.7304298281669617,0.730156516236862,"Freeze completed living P,Q,diet,predation,accumulation,migration. Solve EE for SM; detritus accumulation absorbs routed inflow at fixed predation. No new consumption is assumed.",SM,0.17
13_2_Northern_Humboldt_Current_(1995-1998),routing_scenario,21,Flatfish,EE,0.9954587817192078,0.9046826464226952,"Freeze completed living P,Q,diet,predation,accumulation,migration. Solve EE for SM; detritus accumulation absorbs routed inflow at fixed predation. No new consumption is assumed.",SM,0.17
13_2_Northern_Humboldt_Current_(1995-1998),routing_scenario,20,Large hake,EE,0.8738672733306885,0.7255820669025232,"Freeze completed living P,Q,diet,predation,accumulation,migration. Solve EE for SM; detritus accumulation absorbs routed inflow at fixed predation. No new consumption is assumed.",SM,0.17
13_2_Northern_Humboldt_Current_(1995-1998),routing_scenario,19,Medium hake,EE,0.14074458181858063,0.12468941010380441,"Freeze completed living P,Q,diet,predation,accumulation,migration. Solve EE for SM; detritus accumulation absorbs routed inflow at fixed predation. No new consumption is assumed.",SM,0.17
13_2_Northern_Humboldt_Current_(1995-1998),routing_scenario,18,Small hake,EE,0.7213676571846008,0.6334318589262709,"Freeze completed living P,Q,diet,predation,accumulation,migration. Solve EE for SM; detritus accumulation absorbs routed inflow at fixed predation. No new consumption is assumed.",SM,0.17
13_2_Northern_Humboldt_Current_(1995-1998),routing_scenario,17,Other large pelagic fish,EE,0.533972442150116,0.4565651332243774,"Freeze completed living P,Q,diet,predation,accumulation,migration. Solve EE for SM; detritus accumulation absorbs routed inflow at fixed predation. No new consumption is assumed.",SM,0.17
13_2_Northern_Humboldt_Current_(1995-1998),routing_scenario,16,Chub mackerel,EE,0.15512745082378387,0.13581264852877473,"Freeze completed living P,Q,diet,predation,accumulation,migration. Solve EE for SM; detritus accumulation absorbs routed inflow at fixed predation. No new consumption is assumed.",SM,0.17
13_2_Northern_Humboldt_Current_(1995-1998),routing_scenario,15,Horse mackerel,EE,0.23551708459854126,0.2016187312098734,"Freeze completed living P,Q,diet,predation,accumulation,migration. Solve EE for SM; detritus accumulation absorbs routed inflow at fixed predation. No new consumption is assumed.",SM,0.17
13_2_Northern_Humboldt_Current_(1995-1998),routing_scenario,14,Other small pelagic fish,EE,0.8999999761581421,0.8738731229484169,"Freeze completed living P,Q,diet,predation,accumulation,migration. Solve EE for SM; detritus accumulation absorbs routed inflow at fixed predation. No new consumption is assumed.",SM,0.17
13_2_Northern_Humboldt_Current_(1995-1998),routing_scenario,13,Other cephalopods,EE,0.949999988079071,0.9492236378795205,"Freeze completed living P,Q,diet,predation,accumulation,migration. Solve EE for SM; detritus accumulation absorbs routed inflow at fixed predation. No new consumption is assumed.",SM,0.17
13_2_Northern_Humboldt_Current_(1995-1998),routing_scenario,12,Jumbo squid,EE,0.7999784350395203,0.7947314817194014,"Freeze completed living P,Q,diet,predation,accumulation,migration. Solve EE for SM; detritus accumulation absorbs routed inflow at fixed predation. No new consumption is assumed.",SM,0.17
13_2_Northern_Humboldt_Current_(1995-1998),routing_scenario,10,Anchovy,EE,0.8148474097251892,0.7810756828898332,"Freeze completed living P,Q,diet,predation,accumulation,migration. Solve EE for SM; detritus accumulation absorbs routed inflow at fixed predation. No new consumption is assumed.",SM,0.17
13_2_Northern_Humboldt_Current_(1995-1998),routing_scenario,9,Sardine,EE,0.9700034856796265,0.9041216540163881,"Freeze completed living P,Q,diet,predation,accumulation,migration. Solve EE for SM; detritus accumulation absorbs routed inflow at fixed predation. No new consumption is assumed.",SM,0.17
13_2_Northern_Humboldt_Current_(1995-1998),routing_scenario,30,Chondrichthyans,catch,0.01439636145,0.0119489800035,"Freeze completed living P,Q,diet,predation,accumulation,migration. Solve EE for SM; detritus accumulation absorbs routed inflow at fixed predation. No new consumption is assumed.",SM,0.17
13_2_Northern_Humboldt_Current_(1995-1998),routing_scenario,29,Catfish,catch,0.33977100000000005,0.28200993,"Freeze completed living P,Q,diet,predation,accumulation,migration. Solve EE for SM; detritus accumulation absorbs routed inflow at fixed predation. No new consumption is assumed.",SM,0.17
13_2_Northern_Humboldt_Current_(1995-1998),routing_scenario,27,Medium sciaenids,catch,0.06129891195000001,0.0508780969185,"Freeze completed living P,Q,diet,predation,accumulation,migration. Solve EE for SM; detritus accumulation absorbs routed inflow at fixed predation. No new consumption is assumed.",SM,0.17
13_2_Northern_Humboldt_Current_(1995-1998),routing_scenario,26,Medium demersal fish,catch,0.1495674495,0.124140983085,"Freeze completed living P,Q,diet,predation,accumulation,migration. Solve EE for SM; detritus accumulation absorbs routed inflow at fixed predation. No new consumption is assumed.",SM,0.17
13_2_Northern_Humboldt_Current_(1995-1998),routing_scenario,23,Benthic elasmobranchs,catch,0.040511636700000006,0.033624658461000004,"Freeze completed living P,Q,diet,predation,accumulation,migration. Solve EE for SM; detritus accumulation absorbs routed inflow at fixed predation. No new consumption is assumed.",SM,0.17
13_2_Northern_Humboldt_Current_(1995-1998),routing_scenario,22,Small demersal fish,catch,0.019339230299999996,0.016051561148999995,"Freeze completed living P,Q,diet,predation,accumulation,migration. Solve EE for SM; detritus accumulation absorbs routed inflow at fixed predation. No new consumption is assumed.",SM,0.17
13_2_Northern_Humboldt_Current_(1995-1998),routing_scenario,21,Flatfish,catch,0.004058227155,0.00336832853865,"Freeze completed living P,Q,diet,predation,accumulation,migration. Solve EE for SM; detritus accumulation absorbs routed inflow at fixed predation. No new consumption is assumed.",SM,0.17
13_2_Northern_Humboldt_Current_(1995-1998),routing_scenario,20,Large hake,catch,0.04633476287999999,0.03845785319039999,"Freeze completed living P,Q,diet,predation,accumulation,migration. Solve EE for SM; detritus accumulation absorbs routed inflow at fixed predation. No new consumption is assumed.",SM,0.17
13_2_Northern_Humboldt_Current_(1995-1998),routing_scenario,19,Medium hake,catch,0.048676,0.04040108,"Freeze completed living P,Q,diet,predation,accumulation,migration. Solve EE for SM; detritus accumulation absorbs routed inflow at fixed predation. No new consumption is assumed.",SM,0.17
13_2_Northern_Humboldt_Current_(1995-1998),routing_scenario,18,Small hake,catch,1.1659147664,0.967709256112,"Freeze completed living P,Q,diet,predation,accumulation,migration. Solve EE for SM; detritus accumulation absorbs routed inflow at fixed predation. No new consumption is assumed.",SM,0.17
13_2_Northern_Humboldt_Current_(1995-1998),routing_scenario,17,Other large pelagic fish,catch,0.3338190135,0.277069781205,"Freeze completed living P,Q,diet,predation,accumulation,migration. Solve EE for SM; detritus accumulation absorbs routed inflow at fixed predation. No new consumption is assumed.",SM,0.17
13_2_Northern_Humboldt_Current_(1995-1998),routing_scenario,16,Chub mackerel,catch,0.7426541746,0.6164029649180001,"Freeze completed living P,Q,diet,predation,accumulation,migration. Solve EE for SM; detritus accumulation absorbs routed inflow at fixed predation. No new consumption is assumed.",SM,0.17
13_2_Northern_Humboldt_Current_(1995-1998),routing_scenario,15,Horse mackerel,catch,1.7465229457,1.449614044931,"Freeze completed living P,Q,diet,predation,accumulation,migration. Solve EE for SM; detritus accumulation absorbs routed inflow at fixed predation. No new consumption is assumed.",SM,0.17
13_2_Northern_Humboldt_Current_(1995-1998),routing_scenario,14,Other small pelagic fish,catch,1.689793515,1.40252861745,"Freeze completed living P,Q,diet,predation,accumulation,migration. Solve EE for SM; detritus accumulation absorbs routed inflow at fixed predation. No new consumption is assumed.",SM,0.17
13_2_Northern_Humboldt_Current_(1995-1998),routing_scenario,13,Other cephalopods,catch,0.0354708445375,0.029440800966124996,"Freeze completed living P,Q,diet,predation,accumulation,migration. Solve EE for SM; detritus accumulation absorbs routed inflow at fixed predation. No new consumption is assumed.",SM,0.17
13_2_Northern_Humboldt_Current_(1995-1998),routing_scenario,12,Jumbo squid,catch,0.10546329965,0.0875345387095,"Freeze completed living P,Q,diet,predation,accumulation,migration. Solve EE for SM; detritus accumulation absorbs routed inflow at fixed predation. No new consumption is assumed.",SM,0.17
13_2_Northern_Humboldt_Current_(1995-1998),routing_scenario,10,Anchovy,catch,23.1699877955,19.231089870265,"Freeze completed living P,Q,diet,predation,accumulation,migration. Solve EE for SM; detritus accumulation absorbs routed inflow at fixed predation. No new consumption is assumed.",SM,0.17
13_2_Northern_Humboldt_Current_(1995-1998),routing_scenario,9,Sardine,catch,5.82596898325,4.8355542560975,"Freeze completed living P,Q,diet,predation,accumulation,migration. Solve EE for SM; detritus accumulation absorbs routed inflow at fixed predation. No new consumption is assumed.",SM,0.17
13_2_Northern_Humboldt_Current_(1995-1998),routing_scenario,39,Benthic detritus,growth,-4340.9949724808885,-4336.032112324377,"Freeze completed living P,Q,diet,predation,accumulation,migration. Solve EE for SM; detritus accumulation absorbs routed inflow at fixed predation. No new consumption is assumed.",SM,0.17
13_2_Northern_Humboldt_Current_(1995-1998),routing_scenario,38,Pelagic detritus,growth,5090.259743360343,5090.353882038594,"Freeze completed living P,Q,diet,predation,accumulation,migration. Solve EE for SM; detritus accumulation absorbs routed inflow at fixed predation. No new consumption is assumed.",SM,0.17
13_2_Northern_Humboldt_Current_(1995-1998),routing_scenario,36,Anchovy eggs,growth,12.539441007952618,13.524165489261364,"Freeze completed living P,Q,diet,predation,accumulation,migration. Solve EE for SM; detritus accumulation absorbs routed inflow at fixed predation. No new consumption is assumed.",SM,0.17
13_2_Northern_Humboldt_Current_(1995-1998),routing_scenario,30,Chondrichthyans,catch,0.01439636145,0.0119489800035,"Freeze completed living P,Q,diet,predation,accumulation,migration. Solve EE for SM; detritus accumulation absorbs routed inflow at fixed predation. No new consumption is assumed.",SE,0.17
13_2_Northern_Humboldt_Current_(1995-1998),routing_scenario,29,Catfish,catch,0.33977100000000005,0.28200993,"Freeze completed living P,Q,diet,predation,accumulation,migration. Solve EE for SM; detritus accumulation absorbs routed inflow at fixed predation. No new consumption is assumed.",SE,0.17
13_2_Northern_Humboldt_Current_(1995-1998),routing_scenario,27,Medium sciaenids,catch,0.06129891195000001,0.0508780969185,"Freeze completed living P,Q,diet,predation,accumulation,migration. Solve EE for SM; detritus accumulation absorbs routed inflow at fixed predation. No new consumption is assumed.",SE,0.17
13_2_Northern_Humboldt_Current_(1995-1998),routing_scenario,26,Medium demersal fish,catch,0.1495674495,0.124140983085,"Freeze completed living P,Q,diet,predation,accumulation,migration. Solve EE for SM; detritus accumulation absorbs routed inflow at fixed predation. No new consumption is assumed.",SE,0.17
13_2_Northern_Humboldt_Current_(1995-1998),routing_scenario,23,Benthic elasmobranchs,catch,0.040511636700000006,0.033624658461000004,"Freeze completed living P,Q,diet,predation,accumulation,migration. Solve EE for SM; detritus accumulation absorbs routed inflow at fixed predation. No new consumption is assumed.",SE,0.17
13_2_Northern_Humboldt_Current_(1995-1998),routing_scenario,22,Small demersal fish,catch,0.019339230299999996,0.016051561148999995,"Freeze completed living P,Q,diet,predation,accumulation,migration. Solve EE for SM; detritus accumulation absorbs routed inflow at fixed predation. No new consumption is assumed.",SE,0.17
13_2_Northern_Humboldt_Current_(1995-1998),routing_scenario,21,Flatfish,catch,0.004058227155,0.00336832853865,"Freeze completed living P,Q,diet,predation,accumulation,migration. Solve EE for SM; detritus accumulation absorbs routed inflow at fixed predation. No new consumption is assumed.",SE,0.17
13_2_Northern_Humboldt_Current_(1995-1998),routing_scenario,20,Large hake,catch,0.04633476287999999,0.03845785319039999,"Freeze completed living P,Q,diet,predation,accumulation,migration. Solve EE for SM; detritus accumulation absorbs routed inflow at fixed predation. No new consumption is assumed.",SE,0.17
13_2_Northern_Humboldt_Current_(1995-1998),routing_scenario,19,Medium hake,catch,0.048676,0.04040108,"Freeze completed living P,Q,diet,predation,accumulation,migration. Solve EE for SM; detritus accumulation absorbs routed inflow at fixed predation. No new consumption is assumed.",SE,0.17
13_2_Northern_Humboldt_Current_(1995-1998),routing_scenario,18,Small hake,catch,1.1659147664,0.967709256112,"Freeze completed living P,Q,diet,predation,accumulation,migration. Solve EE for SM; detritus accumulation absorbs routed inflow at fixed predation. No new consumption is assumed.",SE,0.17
13_2_Northern_Humboldt_Current_(1995-1998),routing_scenario,17,Other large pelagic fish,catch,0.3338190135,0.277069781205,"Freeze completed living P,Q,diet,predation,accumulation,migration. Solve EE for SM; detritus accumulation absorbs routed inflow at fixed predation. No new consumption is assumed.",SE,0.17
13_2_Northern_Humboldt_Current_(1995-1998),routing_scenario,16,Chub mackerel,catch,0.7426541746,0.6164029649180001,"Freeze completed living P,Q,diet,predation,accumulation,migration. Solve EE for SM; detritus accumulation absorbs routed inflow at fixed predation. No new consumption is assumed.",SE,0.17
13_2_Northern_Humboldt_Current_(1995-1998),routing_scenario,15,Horse mackerel,catch,1.7465229457,1.449614044931,"Freeze completed living P,Q,diet,predation,accumulation,migration. Solve EE for SM; detritus accumulation absorbs routed inflow at fixed predation. No new consumption is assumed.",SE,0.17
13_2_Northern_Humboldt_Current_(1995-1998),routing_scenario,14,Other small pelagic fish,catch,1.689793515,1.40252861745,"Freeze completed living P,Q,diet,predation,accumulation,migration. Solve EE for SM; detritus accumulation absorbs routed inflow at fixed predation. No new consumption is assumed.",SE,0.17
13_2_Northern_Humboldt_Current_(1995-1998),routing_scenario,13,Other cephalopods,catch,0.0354708445375,0.029440800966124996,"Freeze completed living P,Q,diet,predation,accumulation,migration. Solve EE for SM; detritus accumulation absorbs routed inflow at fixed predation. No new consumption is assumed.",SE,0.17
13_2_Northern_Humboldt_Current_(1995-1998),routing_scenario,12,Jumbo squid,catch,0.10546329965,0.0875345387095,"Freeze completed living P,Q,diet,predation,accumulation,migration. Solve EE for SM; detritus accumulation absorbs routed inflow at fixed predation. No new consumption is assumed.",SE,0.17
13_2_Northern_Humboldt_Current_(1995-1998),routing_scenario,10,Anchovy,catch,23.1699877955,19.231089870265,"Freeze completed living P,Q,diet,predation,accumulation,migration. Solve EE for SM; detritus accumulation absorbs routed inflow at fixed predation. No new consumption is assumed.",SE,0.17
13_2_Northern_Humboldt_Current_(1995-1998),routing_scenario,9,Sardine,catch,5.82596898325,4.8355542560975,"Freeze completed living P,Q,diet,predation,accumulation,migration. Solve EE for SM; detritus accumulation absorbs routed inflow at fixed predation. No new consumption is assumed.",SE,0.17
13_2_Northern_Humboldt_Current_(1995-1998),routing_scenario,30,Chondrichthyans,external_loss,0.0,0.0024473814465000004,"Freeze completed living P,Q,diet,predation,accumulation,migration. Solve EE for SM; detritus accumulation absorbs routed inflow at fixed predation. No new consumption is assumed.",SE,0.17
13_2_Northern_Humboldt_Current_(1995-1998),routing_scenario,29,Catfish,external_loss,0.0,0.05776107000000001,"Freeze completed living P,Q,diet,predation,accumulation,migration. Solve EE for SM; detritus accumulation absorbs routed inflow at fixed predation. No new consumption is assumed.",SE,0.17
13_2_Northern_Humboldt_Current_(1995-1998),routing_scenario,27,Medium sciaenids,external_loss,0.0,0.010420815031500002,"Freeze completed living P,Q,diet,predation,accumulation,migration. Solve EE for SM; detritus accumulation absorbs routed inflow at fixed predation. No new consumption is assumed.",SE,0.17
13_2_Northern_Humboldt_Current_(1995-1998),routing_scenario,26,Medium demersal fish,external_loss,0.0,0.025426466415,"Freeze completed living P,Q,diet,predation,accumulation,migration. Solve EE for SM; detritus accumulation absorbs routed inflow at fixed predation. No new consumption is assumed.",SE,0.17
13_2_Northern_Humboldt_Current_(1995-1998),routing_scenario,23,Benthic elasmobranchs,external_loss,0.0,0.006886978239000001,"Freeze completed living P,Q,diet,predation,accumulation,migration. Solve EE for SM; detritus accumulation absorbs routed inflow at fixed predation. No new consumption is assumed.",SE,0.17
13_2_Northern_Humboldt_Current_(1995-1998),routing_scenario,22,Small demersal fish,external_loss,0.0,0.0032876691509999994,"Freeze completed living P,Q,diet,predation,accumulation,migration. Solve EE for SM; detritus accumulation absorbs routed inflow at fixed predation. No new consumption is assumed.",SE,0.17
13_2_Northern_Humboldt_Current_(1995-1998),routing_scenario,21,Flatfish,external_loss,0.0,0.00068989861635,"Freeze completed living P,Q,diet,predation,accumulation,migration. Solve EE for SM; detritus accumulation absorbs routed inflow at fixed predation. No new consumption is assumed.",SE,0.17
13_2_Northern_Humboldt_Current_(1995-1998),routing_scenario,20,Large hake,external_loss,0.0,0.007876909689599998,"Freeze completed living P,Q,diet,predation,accumulation,migration. Solve EE for SM; detritus accumulation absorbs routed inflow at fixed predation. No new consumption is assumed.",SE,0.17
13_2_Northern_Humboldt_Current_(1995-1998),routing_scenario,19,Medium hake,external_loss,0.0,0.00827492,"Freeze completed living P,Q,diet,predation,accumulation,migration. Solve EE for SM; detritus accumulation absorbs routed inflow at fixed predation. No new consumption is assumed.",SE,0.17
13_2_Northern_Humboldt_Current_(1995-1998),routing_scenario,18,Small hake,external_loss,0.0,0.19820551028800001,"Freeze completed living P,Q,diet,predation,accumulation,migration. Solve EE for SM; detritus accumulation absorbs routed inflow at fixed predation. No new consumption is assumed.",SE,0.17
13_2_Northern_Humboldt_Current_(1995-1998),routing_scenario,17,Other large pelagic fish,external_loss,0.0,0.056749232295,"Freeze completed living P,Q,diet,predation,accumulation,migration. Solve EE for SM; detritus accumulation absorbs routed inflow at fixed predation. No new consumption is assumed.",SE,0.17
13_2_Northern_Humboldt_Current_(1995-1998),routing_scenario,16,Chub mackerel,external_loss,0.0,0.12625120968200002,"Freeze completed living P,Q,diet,predation,accumulation,migration. Solve EE for SM; detritus accumulation absorbs routed inflow at fixed predation. No new consumption is assumed.",SE,0.17
13_2_Northern_Humboldt_Current_(1995-1998),routing_scenario,15,Horse mackerel,external_loss,0.0,0.296908900769,"Freeze completed living P,Q,diet,predation,accumulation,migration. Solve EE for SM; detritus accumulation absorbs routed inflow at fixed predation. No new consumption is assumed.",SE,0.17
13_2_Northern_Humboldt_Current_(1995-1998),routing_scenario,14,Other small pelagic fish,external_loss,0.0,0.28726489755,"Freeze completed living P,Q,diet,predation,accumulation,migration. Solve EE for SM; detritus accumulation absorbs routed inflow at fixed predation. No new consumption is assumed.",SE,0.17
13_2_Northern_Humboldt_Current_(1995-1998),routing_scenario,13,Other cephalopods,external_loss,0.0,0.006030043571375,"Freeze completed living P,Q,diet,predation,accumulation,migration. Solve EE for SM; detritus accumulation absorbs routed inflow at fixed predation. No new consumption is assumed.",SE,0.17
13_2_Northern_Humboldt_Current_(1995-1998),routing_scenario,12,Jumbo squid,external_loss,0.0,0.0179287609405,"Freeze completed living P,Q,diet,predation,accumulation,migration. Solve EE for SM; detritus accumulation absorbs routed inflow at fixed predation. No new consumption is assumed.",SE,0.17
13_2_Northern_Humboldt_Current_(1995-1998),routing_scenario,10,Anchovy,external_loss,0.0,3.938897925235,"Freeze completed living P,Q,diet,predation,accumulation,migration. Solve EE for SM; detritus accumulation absorbs routed inflow at fixed predation. No new consumption is assumed.",SE,0.17
13_2_Northern_Humboldt_Current_(1995-1998),routing_scenario,9,Sardine,external_loss,0.0,0.9904147271525001,"Freeze completed living P,Q,diet,predation,accumulation,migration. Solve EE for SM; detritus accumulation absorbs routed inflow at fixed predation. No new consumption is assumed.",SE,0.17
13_2_Northern_Humboldt_Current_(1995-1998),routing_scenario,39,Benthic detritus,p,1751.6112896867576,1757.0488406712227,"Freeze completed living P,Q,diet,predation,accumulation,migration. Solve EE for SM; detritus accumulation absorbs routed inflow at fixed predation. No new consumption is assumed.",SR,0.17
13_2_Northern_Humboldt_Current_(1995-1998),routing_scenario,38,Pelagic detritus,p,5090.259743360343,5090.863915691951,"Freeze completed living P,Q,diet,predation,accumulation,migration. Solve EE for SM; detritus accumulation absorbs routed inflow at fixed predation. No new consumption is assumed.",SR,0.17
13_2_Northern_Humboldt_Current_(1995-1998),routing_scenario,39,Benthic detritus,q,1751.6112896867576,1757.0488406712227,"Freeze completed living P,Q,diet,predation,accumulation,migration. Solve EE for SM; detritus accumulation absorbs routed inflow at fixed predation. No new consumption is assumed.",SR,0.17
13_2_Northern_Humboldt_Current_(1995-1998),routing_scenario,38,Pelagic detritus,q,5090.259743360343,5090.863915691951,"Freeze completed living P,Q,diet,predation,accumulation,migration. Solve EE for SM; detritus accumulation absorbs routed inflow at fixed predation. No new consumption is assumed.",SR,0.17
13_2_Northern_Humboldt_Current_(1995-1998),routing_scenario,39,Benthic detritus,growth,-4340.9949724808885,-4335.557421496424,"Freeze completed living P,Q,diet,predation,accumulation,migration. Solve EE for SM; detritus accumulation absorbs routed inflow at fixed predation. No new consumption is assumed.",SR,0.17
13_2_Northern_Humboldt_Current_(1995-1998),routing_scenario,38,Pelagic detritus,growth,5090.259743360343,5090.863915691951,"Freeze completed living P,Q,diet,predation,accumulation,migration. Solve EE for SM; detritus accumulation absorbs routed inflow at fixed predation. No new consumption is assumed.",SR,0.17
13_2_Northern_Humboldt_Current_(1995-1998),routing_scenario,39,Benthic detritus,p,1751.6112896867576,1756.866082793653,"Freeze completed living P,Q,diet,predation,accumulation,migration. Solve EE for SM; detritus accumulation absorbs routed inflow at fixed predation. No new consumption is assumed.",SM,0.18
13_2_Northern_Humboldt_Current_(1995-1998),routing_scenario,38,Pelagic detritus,p,5090.259743360343,5090.359419607903,"Freeze completed living P,Q,diet,predation,accumulation,migration. Solve EE for SM; detritus accumulation absorbs routed inflow at fixed predation. No new consumption is assumed.",SM,0.18
13_2_Northern_Humboldt_Current_(1995-1998),routing_scenario,36,Anchovy eggs,p,81.93913403799536,82.98178348879286,"Freeze completed living P,Q,diet,predation,accumulation,migration. Solve EE for SM; detritus accumulation absorbs routed inflow at fixed predation. No new consumption is assumed.",SM,0.18
13_2_Northern_Humboldt_Current_(1995-1998),routing_scenario,39,Benthic detritus,q,1751.6112896867576,1756.866082793653,"Freeze completed living P,Q,diet,predation,accumulation,migration. Solve EE for SM; detritus accumulation absorbs routed inflow at fixed predation. No new consumption is assumed.",SM,0.18
13_2_Northern_Humboldt_Current_(1995-1998),routing_scenario,38,Pelagic detritus,q,5090.259743360343,5090.359419607903,"Freeze completed living P,Q,diet,predation,accumulation,migration. Solve EE for SM; detritus accumulation absorbs routed inflow at fixed predation. No new consumption is assumed.",SM,0.18
13_2_Northern_Humboldt_Current_(1995-1998),routing_scenario,36,Anchovy eggs,q,81.93913403799536,82.98178348879286,"Freeze completed living P,Q,diet,predation,accumulation,migration. Solve EE for SM; detritus accumulation absorbs routed inflow at fixed predation. No new consumption is assumed.",SM,0.18
13_2_Northern_Humboldt_Current_(1995-1998),routing_scenario,30,Chondrichthyans,M0,0.01111863866537926,0.01370998372637926,"Freeze completed living P,Q,diet,predation,accumulation,migration. Solve EE for SM; detritus accumulation absorbs routed inflow at fixed predation. No new consumption is assumed.",SM,0.18
13_2_Northern_Humboldt_Current_(1995-1998),routing_scenario,29,Catfish,M0,0.0986964358664111,0.1598552158664111,"Freeze completed living P,Q,diet,predation,accumulation,migration. Solve EE for SM; detritus accumulation absorbs routed inflow at fixed predation. No new consumption is assumed.",SM,0.18
13_2_Northern_Humboldt_Current_(1995-1998),routing_scenario,27,Medium sciaenids,M0,0.07797065965059131,0.08900446380159131,"Freeze completed living P,Q,diet,predation,accumulation,migration. Solve EE for SM; detritus accumulation absorbs routed inflow at fixed predation. No new consumption is assumed.",SM,0.18
13_2_Northern_Humboldt_Current_(1995-1998),routing_scenario,26,Medium demersal fish,M0,0.0702195877127324,0.0971417286227324,"Freeze completed living P,Q,diet,predation,accumulation,migration. Solve EE for SM; detritus accumulation absorbs routed inflow at fixed predation. No new consumption is assumed.",SM,0.18
13_2_Northern_Humboldt_Current_(1995-1998),routing_scenario,23,Benthic elasmobranchs,M0,0.02098836399473636,0.028280458600736358,"Freeze completed living P,Q,diet,predation,accumulation,migration. Solve EE for SM; detritus accumulation absorbs routed inflow at fixed predation. No new consumption is assumed.",SM,0.18
13_2_Northern_Humboldt_Current_(1995-1998),routing_scenario,22,Small demersal fish,M0,3.2426595415784147,3.2461406030324147,"Freeze completed living P,Q,diet,predation,accumulation,migration. Solve EE for SM; detritus accumulation absorbs routed inflow at fixed predation. No new consumption is assumed.",SM,0.18
13_2_Northern_Humboldt_Current_(1995-1998),routing_scenario,21,Flatfish,M0,3.451325833853003e-05,0.00076499414623853,"Freeze completed living P,Q,diet,predation,accumulation,migration. Solve EE for SM; detritus accumulation absorbs routed inflow at fixed predation. No new consumption is assumed.",SM,0.18
13_2_Northern_Humboldt_Current_(1995-1998),routing_scenario,20,Large hake,M0,0.006700170035899526,0.015040427354299522,"Freeze completed living P,Q,diet,predation,accumulation,migration. Solve EE for SM; detritus accumulation absorbs routed inflow at fixed predation. No new consumption is assumed.",SM,0.18
13_2_Northern_Humboldt_Current_(1995-1998),routing_scenario,19,Medium hake,M0,0.44286476478316994,0.45162644478316993,"Freeze completed living P,Q,diet,predation,accumulation,migration. Solve EE for SM; detritus accumulation absorbs routed inflow at fixed predation. No new consumption is assumed.",SM,0.18
13_2_Northern_Humboldt_Current_(1995-1998),routing_scenario,18,Small hake,M0,0.628031663830784,0.837896321782784,"Freeze completed living P,Q,diet,predation,accumulation,migration. Solve EE for SM; detritus accumulation absorbs routed inflow at fixed predation. No new consumption is assumed.",SM,0.18
13_2_Northern_Humboldt_Current_(1995-1998),routing_scenario,17,Other large pelagic fish,M0,0.3416564469598926,0.4017438693898926,"Freeze completed living P,Q,diet,predation,accumulation,migration. Solve EE for SM; detritus accumulation absorbs routed inflow at fixed predation. No new consumption is assumed.",SM,0.18
13_2_Northern_Humboldt_Current_(1995-1998),routing_scenario,16,Chub mackerel,M0,5.522509613684951,5.6561873651129515,"Freeze completed living P,Q,diet,predation,accumulation,migration. Solve EE for SM; detritus accumulation absorbs routed inflow at fixed predation. No new consumption is assumed.",SM,0.18
13_2_Northern_Humboldt_Current_(1995-1998),routing_scenario,15,Horse mackerel,M0,6.695953029518151,7.0103271597441505,"Freeze completed living P,Q,diet,predation,accumulation,migration. Solve EE for SM; detritus accumulation absorbs routed inflow at fixed predation. No new consumption is assumed.",SM,0.18
13_2_Northern_Humboldt_Current_(1995-1998),routing_scenario,14,Other small pelagic fish,M0,1.0995008229018595,1.4036636556018594,"Freeze completed living P,Q,diet,predation,accumulation,migration. Solve EE for SM; detritus accumulation absorbs routed inflow at fixed predation. No new consumption is assumed.",SM,0.18
13_2_Northern_Humboldt_Current_(1995-1998),routing_scenario,13,Other cephalopods,M0,0.38835856631069415,0.39474331832744414,"Freeze completed living P,Q,diet,predation,accumulation,migration. Solve EE for SM; detritus accumulation absorbs routed inflow at fixed predation. No new consumption is assumed.",SM,0.18
13_2_Northern_Humboldt_Current_(1995-1998),routing_scenario,12,Jumbo squid,M0,0.6834706928629479,0.7024540867999479,"Freeze completed living P,Q,diet,predation,accumulation,migration. Solve EE for SM; detritus accumulation absorbs routed inflow at fixed predation. No new consumption is assumed.",SM,0.18
13_2_Northern_Humboldt_Current_(1995-1998),routing_scenario,10,Anchovy,M0,21.594902660465323,25.76550046365532,"Freeze completed living P,Q,diet,predation,accumulation,migration. Solve EE for SM; detritus accumulation absorbs routed inflow at fixed predation. No new consumption is assumed.",SM,0.18
13_2_Northern_Humboldt_Current_(1995-1998),routing_scenario,9,Sardine,M0,0.45094358787714506,1.499618004862145,"Freeze completed living P,Q,diet,predation,accumulation,migration. Solve EE for SM; detritus accumulation absorbs routed inflow at fixed predation. No new consumption is assumed.",SM,0.18
13_2_Northern_Humboldt_Current_(1995-1998),routing_scenario,30,Chondrichthyans,EE,0.564231276512146,0.4626696408359491,"Freeze completed living P,Q,diet,predation,accumulation,migration. Solve EE for SM; detritus accumulation absorbs routed inflow at fixed predation. No new consumption is assumed.",SM,0.18
13_2_Northern_Humboldt_Current_(1995-1998),routing_scenario,29,Catfish,EE,0.8212506771087646,0.7104858818262787,"Freeze completed living P,Q,diet,predation,accumulation,migration. Solve EE for SM; detritus accumulation absorbs routed inflow at fixed predation. No new consumption is assumed.",SM,0.18
13_2_Northern_Humboldt_Current_(1995-1998),routing_scenario,27,Medium sciaenids,EE,0.7098218202590942,0.668758050650079,"Freeze completed living P,Q,diet,predation,accumulation,migration. Solve EE for SM; detritus accumulation absorbs routed inflow at fixed predation. No new consumption is assumed.",SM,0.18
13_2_Northern_Humboldt_Current_(1995-1998),routing_scenario,26,Medium demersal fish,EE,0.8201572895050049,0.7512057198462632,"Freeze completed living P,Q,diet,predation,accumulation,migration. Solve EE for SM; detritus accumulation absorbs routed inflow at fixed predation. No new consumption is assumed.",SM,0.18
13_2_Northern_Humboldt_Current_(1995-1998),routing_scenario,23,Benthic elasmobranchs,EE,0.6587257981300354,0.540155157405154,"Freeze completed living P,Q,diet,predation,accumulation,migration. Solve EE for SM; detritus accumulation absorbs routed inflow at fixed predation. No new consumption is assumed.",SM,0.18
13_2_Northern_Humboldt_Current_(1995-1998),routing_scenario,22,Small demersal fish,EE,0.7304298281669617,0.7301404390645031,"Freeze completed living P,Q,diet,predation,accumulation,migration. Solve EE for SM; detritus accumulation absorbs routed inflow at fixed predation. No new consumption is assumed.",SM,0.18
13_2_Northern_Humboldt_Current_(1995-1998),routing_scenario,21,Flatfish,EE,0.9954587817192078,0.8993428737581945,"Freeze completed living P,Q,diet,predation,accumulation,migration. Solve EE for SM; detritus accumulation absorbs routed inflow at fixed predation. No new consumption is assumed.",SM,0.18
13_2_Northern_Humboldt_Current_(1995-1998),routing_scenario,20,Large hake,EE,0.8738672733306885,0.7168594077008665,"Freeze completed living P,Q,diet,predation,accumulation,migration. Solve EE for SM; detritus accumulation absorbs routed inflow at fixed predation. No new consumption is assumed.",SM,0.18
13_2_Northern_Humboldt_Current_(1995-1998),routing_scenario,19,Medium hake,EE,0.14074458181858063,0.12374498823822933,"Freeze completed living P,Q,diet,predation,accumulation,migration. Solve EE for SM; detritus accumulation absorbs routed inflow at fixed predation. No new consumption is assumed.",SM,0.18
13_2_Northern_Humboldt_Current_(1995-1998),routing_scenario,18,Small hake,EE,0.7213676571846008,0.6282591649110749,"Freeze completed living P,Q,diet,predation,accumulation,migration. Solve EE for SM; detritus accumulation absorbs routed inflow at fixed predation. No new consumption is assumed.",SM,0.18
13_2_Northern_Humboldt_Current_(1995-1998),routing_scenario,17,Other large pelagic fish,EE,0.533972442150116,0.4520117621110987,"Freeze completed living P,Q,diet,predation,accumulation,migration. Solve EE for SM; detritus accumulation absorbs routed inflow at fixed predation. No new consumption is assumed.",SM,0.18
13_2_Northern_Humboldt_Current_(1995-1998),routing_scenario,16,Chub mackerel,EE,0.15512745082378387,0.13467648368789176,"Freeze completed living P,Q,diet,predation,accumulation,migration. Solve EE for SM; detritus accumulation absorbs routed inflow at fixed predation. No new consumption is assumed.",SM,0.18
13_2_Northern_Humboldt_Current_(1995-1998),routing_scenario,15,Horse mackerel,EE,0.23551708459854126,0.19962471042230467,"Freeze completed living P,Q,diet,predation,accumulation,migration. Solve EE for SM; detritus accumulation absorbs routed inflow at fixed predation. No new consumption is assumed.",SM,0.18
13_2_Northern_Humboldt_Current_(1995-1998),routing_scenario,14,Other small pelagic fish,EE,0.8999999761581421,0.8723362492301978,"Freeze completed living P,Q,diet,predation,accumulation,migration. Solve EE for SM; detritus accumulation absorbs routed inflow at fixed predation. No new consumption is assumed.",SM,0.18
13_2_Northern_Humboldt_Current_(1995-1998),routing_scenario,13,Other cephalopods,EE,0.949999988079071,0.9491779702207234,"Freeze completed living P,Q,diet,predation,accumulation,migration. Solve EE for SM; detritus accumulation absorbs routed inflow at fixed predation. No new consumption is assumed.",SM,0.18
13_2_Northern_Humboldt_Current_(1995-1998),routing_scenario,12,Jumbo squid,EE,0.7999784350395203,0.7944228374064533,"Freeze completed living P,Q,diet,predation,accumulation,migration. Solve EE for SM; detritus accumulation absorbs routed inflow at fixed predation. No new consumption is assumed.",SM,0.18
13_2_Northern_Humboldt_Current_(1995-1998),routing_scenario,10,Anchovy,EE,0.8148474097251892,0.7790891107230475,"Freeze completed living P,Q,diet,predation,accumulation,migration. Solve EE for SM; detritus accumulation absorbs routed inflow at fixed predation. No new consumption is assumed.",SM,0.18
13_2_Northern_Humboldt_Current_(1995-1998),routing_scenario,9,Sardine,EE,0.9700034856796265,0.9002462521538447,"Freeze completed living P,Q,diet,predation,accumulation,migration. Solve EE for SM; detritus accumulation absorbs routed inflow at fixed predation. No new consumption is assumed.",SM,0.18
13_2_Northern_Humboldt_Current_(1995-1998),routing_scenario,30,Chondrichthyans,catch,0.01439636145,0.011805016389000002,"Freeze completed living P,Q,diet,predation,accumulation,migration. Solve EE for SM; detritus accumulation absorbs routed inflow at fixed predation. No new consumption is assumed.",SM,0.18
13_2_Northern_Humboldt_Current_(1995-1998),routing_scenario,29,Catfish,catch,0.33977100000000005,0.2786122200000001,"Freeze completed living P,Q,diet,predation,accumulation,migration. Solve EE for SM; detritus accumulation absorbs routed inflow at fixed predation. No new consumption is assumed.",SM,0.18
13_2_Northern_Humboldt_Current_(1995-1998),routing_scenario,27,Medium sciaenids,catch,0.06129891195000001,0.05026510779900001,"Freeze completed living P,Q,diet,predation,accumulation,migration. Solve EE for SM; detritus accumulation absorbs routed inflow at fixed predation. No new consumption is assumed.",SM,0.18
13_2_Northern_Humboldt_Current_(1995-1998),routing_scenario,26,Medium demersal fish,catch,0.1495674495,0.12264530859000002,"Freeze completed living P,Q,diet,predation,accumulation,migration. Solve EE for SM; detritus accumulation absorbs routed inflow at fixed predation. No new consumption is assumed.",SM,0.18
13_2_Northern_Humboldt_Current_(1995-1998),routing_scenario,23,Benthic elasmobranchs,catch,0.040511636700000006,0.03321954209400001,"Freeze completed living P,Q,diet,predation,accumulation,migration. Solve EE for SM; detritus accumulation absorbs routed inflow at fixed predation. No new consumption is assumed.",SM,0.18
13_2_Northern_Humboldt_Current_(1995-1998),routing_scenario,22,Small demersal fish,catch,0.019339230299999996,0.015858168845999998,"Freeze completed living P,Q,diet,predation,accumulation,migration. Solve EE for SM; detritus accumulation absorbs routed inflow at fixed predation. No new consumption is assumed.",SM,0.18
13_2_Northern_Humboldt_Current_(1995-1998),routing_scenario,21,Flatfish,catch,0.004058227155,0.0033277462671000005,"Freeze completed living P,Q,diet,predation,accumulation,migration. Solve EE for SM; detritus accumulation absorbs routed inflow at fixed predation. No new consumption is assumed.",SM,0.18
13_2_Northern_Humboldt_Current_(1995-1998),routing_scenario,20,Large hake,catch,0.04633476287999999,0.037994505561599994,"Freeze completed living P,Q,diet,predation,accumulation,migration. Solve EE for SM; detritus accumulation absorbs routed inflow at fixed predation. No new consumption is assumed.",SM,0.18
13_2_Northern_Humboldt_Current_(1995-1998),routing_scenario,19,Medium hake,catch,0.048676,0.03991432,"Freeze completed living P,Q,diet,predation,accumulation,migration. Solve EE for SM; detritus accumulation absorbs routed inflow at fixed predation. No new consumption is assumed.",SM,0.18
13_2_Northern_Humboldt_Current_(1995-1998),routing_scenario,18,Small hake,catch,1.1659147664,0.9560501084480001,"Freeze completed living P,Q,diet,predation,accumulation,migration. Solve EE for SM; detritus accumulation absorbs routed inflow at fixed predation. No new consumption is assumed.",SM,0.18
13_2_Northern_Humboldt_Current_(1995-1998),routing_scenario,17,Other large pelagic fish,catch,0.3338190135,0.27373159107,"Freeze completed living P,Q,diet,predation,accumulation,migration. Solve EE for SM; detritus accumulation absorbs routed inflow at fixed predation. No new consumption is assumed.",SM,0.18
13_2_Northern_Humboldt_Current_(1995-1998),routing_scenario,16,Chub mackerel,catch,0.7426541746,0.6089764231720001,"Freeze completed living P,Q,diet,predation,accumulation,migration. Solve EE for SM; detritus accumulation absorbs routed inflow at fixed predation. No new consumption is assumed.",SM,0.18
13_2_Northern_Humboldt_Current_(1995-1998),routing_scenario,15,Horse mackerel,catch,1.7465229457,1.432148815474,"Freeze completed living P,Q,diet,predation,accumulation,migration. Solve EE for SM; detritus accumulation absorbs routed inflow at fixed predation. No new consumption is assumed.",SM,0.18
13_2_Northern_Humboldt_Current_(1995-1998),routing_scenario,14,Other small pelagic fish,catch,1.689793515,1.3856306823000002,"Freeze completed living P,Q,diet,predation,accumulation,migration. Solve EE for SM; detritus accumulation absorbs routed inflow at fixed predation. No new consumption is assumed.",SM,0.18
13_2_Northern_Humboldt_Current_(1995-1998),routing_scenario,13,Other cephalopods,catch,0.0354708445375,0.02908609252075,"Freeze completed living P,Q,diet,predation,accumulation,migration. Solve EE for SM; detritus accumulation absorbs routed inflow at fixed predation. No new consumption is assumed.",SM,0.18
13_2_Northern_Humboldt_Current_(1995-1998),routing_scenario,12,Jumbo squid,catch,0.10546329965,0.086479905713,"Freeze completed living P,Q,diet,predation,accumulation,migration. Solve EE for SM; detritus accumulation absorbs routed inflow at fixed predation. No new consumption is assumed.",SM,0.18
13_2_Northern_Humboldt_Current_(1995-1998),routing_scenario,10,Anchovy,catch,23.1699877955,18.99938999231,"Freeze completed living P,Q,diet,predation,accumulation,migration. Solve EE for SM; detritus accumulation absorbs routed inflow at fixed predation. No new consumption is assumed.",SM,0.18
13_2_Northern_Humboldt_Current_(1995-1998),routing_scenario,9,Sardine,catch,5.82596898325,4.777294566265001,"Freeze completed living P,Q,diet,predation,accumulation,migration. Solve EE for SM; detritus accumulation absorbs routed inflow at fixed predation. No new consumption is assumed.",SM,0.18
13_2_Northern_Humboldt_Current_(1995-1998),routing_scenario,39,Benthic detritus,growth,-4340.9949724808885,-4335.740179373994,"Freeze completed living P,Q,diet,predation,accumulation,migration. Solve EE for SM; detritus accumulation absorbs routed inflow at fixed predation. No new consumption is assumed.",SM,0.18
13_2_Northern_Humboldt_Current_(1995-1998),routing_scenario,38,Pelagic detritus,growth,5090.259743360343,5090.359419607903,"Freeze completed living P,Q,diet,predation,accumulation,migration. Solve EE for SM; detritus accumulation absorbs routed inflow at fixed predation. No new consumption is assumed.",SM,0.18
13_2_Northern_Humboldt_Current_(1995-1998),routing_scenario,36,Anchovy eggs,growth,12.539441007952618,13.582090458750116,"Freeze completed living P,Q,diet,predation,accumulation,migration. Solve EE for SM; detritus accumulation absorbs routed inflow at fixed predation. No new consumption is assumed.",SM,0.18
13_2_Northern_Humboldt_Current_(1995-1998),routing_scenario,30,Chondrichthyans,catch,0.01439636145,0.011805016389000002,"Freeze completed living P,Q,diet,predation,accumulation,migration. Solve EE for SM; detritus accumulation absorbs routed inflow at fixed predation. No new consumption is assumed.",SE,0.18
13_2_Northern_Humboldt_Current_(1995-1998),routing_scenario,29,Catfish,catch,0.33977100000000005,0.2786122200000001,"Freeze completed living P,Q,diet,predation,accumulation,migration. Solve EE for SM; detritus accumulation absorbs routed inflow at fixed predation. No new consumption is assumed.",SE,0.18
13_2_Northern_Humboldt_Current_(1995-1998),routing_scenario,27,Medium sciaenids,catch,0.06129891195000001,0.05026510779900001,"Freeze completed living P,Q,diet,predation,accumulation,migration. Solve EE for SM; detritus accumulation absorbs routed inflow at fixed predation. No new consumption is assumed.",SE,0.18
13_2_Northern_Humboldt_Current_(1995-1998),routing_scenario,26,Medium demersal fish,catch,0.1495674495,0.12264530859000002,"Freeze completed living P,Q,diet,predation,accumulation,migration. Solve EE for SM; detritus accumulation absorbs routed inflow at fixed predation. No new consumption is assumed.",SE,0.18
13_2_Northern_Humboldt_Current_(1995-1998),routing_scenario,23,Benthic elasmobranchs,catch,0.040511636700000006,0.03321954209400001,"Freeze completed living P,Q,diet,predation,accumulation,migration. Solve EE for SM; detritus accumulation absorbs routed inflow at fixed predation. No new consumption is assumed.",SE,0.18
13_2_Northern_Humboldt_Current_(1995-1998),routing_scenario,22,Small demersal fish,catch,0.019339230299999996,0.015858168845999998,"Freeze completed living P,Q,diet,predation,accumulation,migration. Solve EE for SM; detritus accumulation absorbs routed inflow at fixed predation. No new consumption is assumed.",SE,0.18
13_2_Northern_Humboldt_Current_(1995-1998),routing_scenario,21,Flatfish,catch,0.004058227155,0.0033277462671000005,"Freeze completed living P,Q,diet,predation,accumulation,migration. Solve EE for SM; detritus accumulation absorbs routed inflow at fixed predation. No new consumption is assumed.",SE,0.18
13_2_Northern_Humboldt_Current_(1995-1998),routing_scenario,20,Large hake,catch,0.04633476287999999,0.037994505561599994,"Freeze completed living P,Q,diet,predation,accumulation,migration. Solve EE for SM; detritus accumulation absorbs routed inflow at fixed predation. No new consumption is assumed.",SE,0.18
13_2_Northern_Humboldt_Current_(1995-1998),routing_scenario,19,Medium hake,catch,0.048676,0.03991432,"Freeze completed living P,Q,diet,predation,accumulation,migration. Solve EE for SM; detritus accumulation absorbs routed inflow at fixed predation. No new consumption is assumed.",SE,0.18
13_2_Northern_Humboldt_Current_(1995-1998),routing_scenario,18,Small hake,catch,1.1659147664,0.9560501084480001,"Freeze completed living P,Q,diet,predation,accumulation,migration. Solve EE for SM; detritus accumulation absorbs routed inflow at fixed predation. No new consumption is assumed.",SE,0.18
13_2_Northern_Humboldt_Current_(1995-1998),routing_scenario,17,Other large pelagic fish,catch,0.3338190135,0.27373159107,"Freeze completed living P,Q,diet,predation,accumulation,migration. Solve EE for SM; detritus accumulation absorbs routed inflow at fixed predation. No new consumption is assumed.",SE,0.18
13_2_Northern_Humboldt_Current_(1995-1998),routing_scenario,16,Chub mackerel,catch,0.7426541746,0.6089764231720001,"Freeze completed living P,Q,diet,predation,accumulation,migration. Solve EE for SM; detritus accumulation absorbs routed inflow at fixed predation. No new consumption is assumed.",SE,0.18
13_2_Northern_Humboldt_Current_(1995-1998),routing_scenario,15,Horse mackerel,catch,1.7465229457,1.432148815474,"Freeze completed living P,Q,diet,predation,accumulation,migration. Solve EE for SM; detritus accumulation absorbs routed inflow at fixed predation. No new consumption is assumed.",SE,0.18
13_2_Northern_Humboldt_Current_(1995-1998),routing_scenario,14,Other small pelagic fish,catch,1.689793515,1.3856306823000002,"Freeze completed living P,Q,diet,predation,accumulation,migration. Solve EE for SM; detritus accumulation absorbs routed inflow at fixed predation. No new consumption is assumed.",SE,0.18
13_2_Northern_Humboldt_Current_(1995-1998),routing_scenario,13,Other cephalopods,catch,0.0354708445375,0.02908609252075,"Freeze completed living P,Q,diet,predation,accumulation,migration. Solve EE for SM; detritus accumulation absorbs routed inflow at fixed predation. No new consumption is assumed.",SE,0.18
13_2_Northern_Humboldt_Current_(1995-1998),routing_scenario,12,Jumbo squid,catch,0.10546329965,0.086479905713,"Freeze completed living P,Q,diet,predation,accumulation,migration. Solve EE for SM; detritus accumulation absorbs routed inflow at fixed predation. No new consumption is assumed.",SE,0.18
13_2_Northern_Humboldt_Current_(1995-1998),routing_scenario,10,Anchovy,catch,23.1699877955,18.99938999231,"Freeze completed living P,Q,diet,predation,accumulation,migration. Solve EE for SM; detritus accumulation absorbs routed inflow at fixed predation. No new consumption is assumed.",SE,0.18
13_2_Northern_Humboldt_Current_(1995-1998),routing_scenario,9,Sardine,catch,5.82596898325,4.777294566265001,"Freeze completed living P,Q,diet,predation,accumulation,migration. Solve EE for SM; detritus accumulation absorbs routed inflow at fixed predation. No new consumption is assumed.",SE,0.18
13_2_Northern_Humboldt_Current_(1995-1998),routing_scenario,30,Chondrichthyans,external_loss,0.0,0.002591345061,"Freeze completed living P,Q,diet,predation,accumulation,migration. Solve EE for SM; detritus accumulation absorbs routed inflow at fixed predation. No new consumption is assumed.",SE,0.18
13_2_Northern_Humboldt_Current_(1995-1998),routing_scenario,29,Catfish,external_loss,0.0,0.06115878,"Freeze completed living P,Q,diet,predation,accumulation,migration. Solve EE for SM; detritus accumulation absorbs routed inflow at fixed predation. No new consumption is assumed.",SE,0.18
13_2_Northern_Humboldt_Current_(1995-1998),routing_scenario,27,Medium sciaenids,external_loss,0.0,0.011033804151,"Freeze completed living P,Q,diet,predation,accumulation,migration. Solve EE for SM; detritus accumulation absorbs routed inflow at fixed predation. No new consumption is assumed.",SE,0.18
13_2_Northern_Humboldt_Current_(1995-1998),routing_scenario,26,Medium demersal fish,external_loss,0.0,0.02692214091,"Freeze completed living P,Q,diet,predation,accumulation,migration. Solve EE for SM; detritus accumulation absorbs routed inflow at fixed predation. No new consumption is assumed.",SE,0.18
13_2_Northern_Humboldt_Current_(1995-1998),routing_scenario,23,Benthic elasmobranchs,external_loss,0.0,0.007292094606000001,"Freeze completed living P,Q,diet,predation,accumulation,migration. Solve EE for SM; detritus accumulation absorbs routed inflow at fixed predation. No new consumption is assumed.",SE,0.18
13_2_Northern_Humboldt_Current_(1995-1998),routing_scenario,22,Small demersal fish,external_loss,0.0,0.003481061453999999,"Freeze completed living P,Q,diet,predation,accumulation,migration. Solve EE for SM; detritus accumulation absorbs routed inflow at fixed predation. No new consumption is assumed.",SE,0.18
13_2_Northern_Humboldt_Current_(1995-1998),routing_scenario,21,Flatfish,external_loss,0.0,0.0007304808879,"Freeze completed living P,Q,diet,predation,accumulation,migration. Solve EE for SM; detritus accumulation absorbs routed inflow at fixed predation. No new consumption is assumed.",SE,0.18
13_2_Northern_Humboldt_Current_(1995-1998),routing_scenario,20,Large hake,external_loss,0.0,0.008340257318399998,"Freeze completed living P,Q,diet,predation,accumulation,migration. Solve EE for SM; detritus accumulation absorbs routed inflow at fixed predation. No new consumption is assumed.",SE,0.18
13_2_Northern_Humboldt_Current_(1995-1998),routing_scenario,19,Medium hake,external_loss,0.0,0.008761679999999999,"Freeze completed living P,Q,diet,predation,accumulation,migration. Solve EE for SM; detritus accumulation absorbs routed inflow at fixed predation. No new consumption is assumed.",SE,0.18
13_2_Northern_Humboldt_Current_(1995-1998),routing_scenario,18,Small hake,external_loss,0.0,0.209864657952,"Freeze completed living P,Q,diet,predation,accumulation,migration. Solve EE for SM; detritus accumulation absorbs routed inflow at fixed predation. No new consumption is assumed.",SE,0.18
13_2_Northern_Humboldt_Current_(1995-1998),routing_scenario,17,Other large pelagic fish,external_loss,0.0,0.060087422429999995,"Freeze completed living P,Q,diet,predation,accumulation,migration. Solve EE for SM; detritus accumulation absorbs routed inflow at fixed predation. No new consumption is assumed.",SE,0.18
13_2_Northern_Humboldt_Current_(1995-1998),routing_scenario,16,Chub mackerel,external_loss,0.0,0.133677751428,"Freeze completed living P,Q,diet,predation,accumulation,migration. Solve EE for SM; detritus accumulation absorbs routed inflow at fixed predation. No new consumption is assumed.",SE,0.18
13_2_Northern_Humboldt_Current_(1995-1998),routing_scenario,15,Horse mackerel,external_loss,0.0,0.31437413022599997,"Freeze completed living P,Q,diet,predation,accumulation,migration. Solve EE for SM; detritus accumulation absorbs routed inflow at fixed predation. No new consumption is assumed.",SE,0.18
13_2_Northern_Humboldt_Current_(1995-1998),routing_scenario,14,Other small pelagic fish,external_loss,0.0,0.3041628327,"Freeze completed living P,Q,diet,predation,accumulation,migration. Solve EE for SM; detritus accumulation absorbs routed inflow at fixed predation. No new consumption is assumed.",SE,0.18
13_2_Northern_Humboldt_Current_(1995-1998),routing_scenario,13,Other cephalopods,external_loss,0.0,0.0063847520167499994,"Freeze completed living P,Q,diet,predation,accumulation,migration. Solve EE for SM; detritus accumulation absorbs routed inflow at fixed predation. No new consumption is assumed.",SE,0.18
13_2_Northern_Humboldt_Current_(1995-1998),routing_scenario,12,Jumbo squid,external_loss,0.0,0.018983393937,"Freeze completed living P,Q,diet,predation,accumulation,migration. Solve EE for SM; detritus accumulation absorbs routed inflow at fixed predation. No new consumption is assumed.",SE,0.18
13_2_Northern_Humboldt_Current_(1995-1998),routing_scenario,10,Anchovy,external_loss,0.0,4.17059780319,"Freeze completed living P,Q,diet,predation,accumulation,migration. Solve EE for SM; detritus accumulation absorbs routed inflow at fixed predation. No new consumption is assumed.",SE,0.18
13_2_Northern_Humboldt_Current_(1995-1998),routing_scenario,9,Sardine,external_loss,0.0,1.048674416985,"Freeze completed living P,Q,diet,predation,accumulation,migration. Solve EE for SM; detritus accumulation absorbs routed inflow at fixed predation. No new consumption is assumed.",SE,0.18
13_2_Northern_Humboldt_Current_(1995-1998),routing_scenario,39,Benthic detritus,p,1751.6112896867576,1757.3686966114853,"Freeze completed living P,Q,diet,predation,accumulation,migration. Solve EE for SM; detritus accumulation absorbs routed inflow at fixed predation. No new consumption is assumed.",SR,0.18
13_2_Northern_Humboldt_Current_(1995-1998),routing_scenario,38,Pelagic detritus,p,5090.259743360343,5090.8994552408685,"Freeze completed living P,Q,diet,predation,accumulation,migration. Solve EE for SM; detritus accumulation absorbs routed inflow at fixed predation. No new consumption is assumed.",SR,0.18
13_2_Northern_Humboldt_Current_(1995-1998),routing_scenario,39,Benthic detritus,q,1751.6112896867576,1757.3686966114853,"Freeze completed living P,Q,diet,predation,accumulation,migration. Solve EE for SM; detritus accumulation absorbs routed inflow at fixed predation. No new consumption is assumed.",SR,0.18
13_2_Northern_Humboldt_Current_(1995-1998),routing_scenario,38,Pelagic detritus,q,5090.259743360343,5090.8994552408685,"Freeze completed living P,Q,diet,predation,accumulation,migration. Solve EE for SM; detritus accumulation absorbs routed inflow at fixed predation. No new consumption is assumed.",SR,0.18
13_2_Northern_Humboldt_Current_(1995-1998),routing_scenario,39,Benthic detritus,growth,-4340.9949724808885,-4335.237565556161,"Freeze completed living P,Q,diet,predation,accumulation,migration. Solve EE for SM; detritus accumulation absorbs routed inflow at fixed predation. No new consumption is assumed.",SR,0.18
13_2_Northern_Humboldt_Current_(1995-1998),routing_scenario,38,Pelagic detritus,growth,5090.259743360343,5090.8994552408685,"Freeze completed living P,Q,diet,predation,accumulation,migration. Solve EE for SM; detritus accumulation absorbs routed inflow at fixed predation. No new consumption is assumed.",SR,0.18
13_2_Northern_Humboldt_Current_(1995-1998),routing_scenario,39,Benthic detritus,p,1751.6112896867576,1757.1580157440362,"Freeze completed living P,Q,diet,predation,accumulation,migration. Solve EE for SM; detritus accumulation absorbs routed inflow at fixed predation. No new consumption is assumed.",SM,0.19
13_2_Northern_Humboldt_Current_(1995-1998),routing_scenario,38,Pelagic detritus,p,5090.259743360343,5090.364957177211,"Freeze completed living P,Q,diet,predation,accumulation,migration. Solve EE for SM; detritus accumulation absorbs routed inflow at fixed predation. No new consumption is assumed.",SM,0.19
13_2_Northern_Humboldt_Current_(1995-1998),routing_scenario,36,Anchovy eggs,p,81.93913403799536,83.03970845828161,"Freeze completed living P,Q,diet,predation,accumulation,migration. Solve EE for SM; detritus accumulation absorbs routed inflow at fixed predation. No new consumption is assumed.",SM,0.19
13_2_Northern_Humboldt_Current_(1995-1998),routing_scenario,39,Benthic detritus,q,1751.6112896867576,1757.1580157440362,"Freeze completed living P,Q,diet,predation,accumulation,migration. Solve EE for SM; detritus accumulation absorbs routed inflow at fixed predation. No new consumption is assumed.",SM,0.19
13_2_Northern_Humboldt_Current_(1995-1998),routing_scenario,38,Pelagic detritus,q,5090.259743360343,5090.364957177211,"Freeze completed living P,Q,diet,predation,accumulation,migration. Solve EE for SM; detritus accumulation absorbs routed inflow at fixed predation. No new consumption is assumed.",SM,0.19
13_2_Northern_Humboldt_Current_(1995-1998),routing_scenario,36,Anchovy eggs,q,81.93913403799536,83.03970845828161,"Freeze completed living P,Q,diet,predation,accumulation,migration. Solve EE for SM; detritus accumulation absorbs routed inflow at fixed predation. No new consumption is assumed.",SM,0.19
13_2_Northern_Humboldt_Current_(1995-1998),routing_scenario,30,Chondrichthyans,M0,0.01111863866537926,0.01385394734087926,"Freeze completed living P,Q,diet,predation,accumulation,migration. Solve EE for SM; detritus accumulation absorbs routed inflow at fixed predation. No new consumption is assumed.",SM,0.19
13_2_Northern_Humboldt_Current_(1995-1998),routing_scenario,29,Catfish,M0,0.0986964358664111,0.1632529258664111,"Freeze completed living P,Q,diet,predation,accumulation,migration. Solve EE for SM; detritus accumulation absorbs routed inflow at fixed predation. No new consumption is assumed.",SM,0.19
13_2_Northern_Humboldt_Current_(1995-1998),routing_scenario,27,Medium sciaenids,M0,0.07797065965059131,0.08961745292109131,"Freeze completed living P,Q,diet,predation,accumulation,migration. Solve EE for SM; detritus accumulation absorbs routed inflow at fixed predation. No new consumption is assumed.",SM,0.19
13_2_Northern_Humboldt_Current_(1995-1998),routing_scenario,26,Medium demersal fish,M0,0.0702195877127324,0.0986374031177324,"Freeze completed living P,Q,diet,predation,accumulation,migration. Solve EE for SM; detritus accumulation absorbs routed inflow at fixed predation. No new consumption is assumed.",SM,0.19
13_2_Northern_Humboldt_Current_(1995-1998),routing_scenario,23,Benthic elasmobranchs,M0,0.02098836399473636,0.02868557496773636,"Freeze completed living P,Q,diet,predation,accumulation,migration. Solve EE for SM; detritus accumulation absorbs routed inflow at fixed predation. No new consumption is assumed.",SM,0.19
13_2_Northern_Humboldt_Current_(1995-1998),routing_scenario,22,Small demersal fish,M0,3.2426595415784147,3.246333995335415,"Freeze completed living P,Q,diet,predation,accumulation,migration. Solve EE for SM; detritus accumulation absorbs routed inflow at fixed predation. No new consumption is assumed.",SM,0.19
13_2_Northern_Humboldt_Current_(1995-1998),routing_scenario,21,Flatfish,M0,3.451325833853003e-05,0.00080557641778853,"Freeze completed living P,Q,diet,predation,accumulation,migration. Solve EE for SM; detritus accumulation absorbs routed inflow at fixed predation. No new consumption is assumed.",SM,0.19
13_2_Northern_Humboldt_Current_(1995-1998),routing_scenario,20,Large hake,M0,0.006700170035899526,0.015503774983099523,"Freeze completed living P,Q,diet,predation,accumulation,migration. Solve EE for SM; detritus accumulation absorbs routed inflow at fixed predation. No new consumption is assumed.",SM,0.19
13_2_Northern_Humboldt_Current_(1995-1998),routing_scenario,19,Medium hake,M0,0.44286476478316994,0.45211320478316996,"Freeze completed living P,Q,diet,predation,accumulation,migration. Solve EE for SM; detritus accumulation absorbs routed inflow at fixed predation. No new consumption is assumed.",SM,0.19
13_2_Northern_Humboldt_Current_(1995-1998),routing_scenario,18,Small hake,M0,0.628031663830784,0.8495554694467841,"Freeze completed living P,Q,diet,predation,accumulation,migration. Solve EE for SM; detritus accumulation absorbs routed inflow at fixed predation. No new consumption is assumed.",SM,0.19
13_2_Northern_Humboldt_Current_(1995-1998),routing_scenario,17,Other large pelagic fish,M0,0.3416564469598926,0.4050820595248926,"Freeze completed living P,Q,diet,predation,accumulation,migration. Solve EE for SM; detritus accumulation absorbs routed inflow at fixed predation. No new consumption is assumed.",SM,0.19
13_2_Northern_Humboldt_Current_(1995-1998),routing_scenario,16,Chub mackerel,M0,5.522509613684951,5.663613906858951,"Freeze completed living P,Q,diet,predation,accumulation,migration. Solve EE for SM; detritus accumulation absorbs routed inflow at fixed predation. No new consumption is assumed.",SM,0.19
13_2_Northern_Humboldt_Current_(1995-1998),routing_scenario,15,Horse mackerel,M0,6.695953029518151,7.027792389201151,"Freeze completed living P,Q,diet,predation,accumulation,migration. Solve EE for SM; detritus accumulation absorbs routed inflow at fixed predation. No new consumption is assumed.",SM,0.19
13_2_Northern_Humboldt_Current_(1995-1998),routing_scenario,14,Other small pelagic fish,M0,1.0995008229018595,1.4205615907518596,"Freeze completed living P,Q,diet,predation,accumulation,migration. Solve EE for SM; detritus accumulation absorbs routed inflow at fixed predation. No new consumption is assumed.",SM,0.19
13_2_Northern_Humboldt_Current_(1995-1998),routing_scenario,13,Other cephalopods,M0,0.38835856631069415,0.39509802677281913,"Freeze completed living P,Q,diet,predation,accumulation,migration. Solve EE for SM; detritus accumulation absorbs routed inflow at fixed predation. No new consumption is assumed.",SM,0.19
13_2_Northern_Humboldt_Current_(1995-1998),routing_scenario,12,Jumbo squid,M0,0.6834706928629479,0.7035087197964479,"Freeze completed living P,Q,diet,predation,accumulation,migration. Solve EE for SM; detritus accumulation absorbs routed inflow at fixed predation. No new consumption is assumed.",SM,0.19
13_2_Northern_Humboldt_Current_(1995-1998),routing_scenario,10,Anchovy,M0,21.594902660465323,25.997200341610323,"Freeze completed living P,Q,diet,predation,accumulation,migration. Solve EE for SM; detritus accumulation absorbs routed inflow at fixed predation. No new consumption is assumed.",SM,0.19
13_2_Northern_Humboldt_Current_(1995-1998),routing_scenario,9,Sardine,M0,0.45094358787714506,1.557877694694645,"Freeze completed living P,Q,diet,predation,accumulation,migration. Solve EE for SM; detritus accumulation absorbs routed inflow at fixed predation. No new consumption is assumed.",SM,0.19
13_2_Northern_Humboldt_Current_(1995-1998),routing_scenario,30,Chondrichthyans,EE,0.564231276512146,0.45702732774282706,"Freeze completed living P,Q,diet,predation,accumulation,migration. Solve EE for SM; detritus accumulation absorbs routed inflow at fixed predation. No new consumption is assumed.",SM,0.19
13_2_Northern_Humboldt_Current_(1995-1998),routing_scenario,29,Catfish,EE,0.8212506771087646,0.7043322820883628,"Freeze completed living P,Q,diet,predation,accumulation,migration. Solve EE for SM; detritus accumulation absorbs routed inflow at fixed predation. No new consumption is assumed.",SM,0.19
13_2_Northern_Humboldt_Current_(1995-1998),routing_scenario,27,Medium sciaenids,EE,0.7098218202590942,0.6664767301162448,"Freeze completed living P,Q,diet,predation,accumulation,migration. Solve EE for SM; detritus accumulation absorbs routed inflow at fixed predation. No new consumption is assumed.",SM,0.19
13_2_Northern_Humboldt_Current_(1995-1998),routing_scenario,26,Medium demersal fish,EE,0.8201572895050049,0.7473750770874441,"Freeze completed living P,Q,diet,predation,accumulation,migration. Solve EE for SM; detritus accumulation absorbs routed inflow at fixed predation. No new consumption is assumed.",SM,0.19
13_2_Northern_Humboldt_Current_(1995-1998),routing_scenario,23,Benthic elasmobranchs,EE,0.6587257981300354,0.5335678995871049,"Freeze completed living P,Q,diet,predation,accumulation,migration. Solve EE for SM; detritus accumulation absorbs routed inflow at fixed predation. No new consumption is assumed.",SM,0.19
13_2_Northern_Humboldt_Current_(1995-1998),routing_scenario,22,Small demersal fish,EE,0.7304298281669617,0.7301243618921442,"Freeze completed living P,Q,diet,predation,accumulation,migration. Solve EE for SM; detritus accumulation absorbs routed inflow at fixed predation. No new consumption is assumed.",SM,0.19
13_2_Northern_Humboldt_Current_(1995-1998),routing_scenario,21,Flatfish,EE,0.9954587817192078,0.8940031010936939,"Freeze completed living P,Q,diet,predation,accumulation,migration. Solve EE for SM; detritus accumulation absorbs routed inflow at fixed predation. No new consumption is assumed.",SM,0.19
13_2_Northern_Humboldt_Current_(1995-1998),routing_scenario,20,Large hake,EE,0.8738672733306885,0.7081367484992098,"Freeze completed living P,Q,diet,predation,accumulation,migration. Solve EE for SM; detritus accumulation absorbs routed inflow at fixed predation. No new consumption is assumed.",SM,0.19
13_2_Northern_Humboldt_Current_(1995-1998),routing_scenario,19,Medium hake,EE,0.14074458181858063,0.12280056637265424,"Freeze completed living P,Q,diet,predation,accumulation,migration. Solve EE for SM; detritus accumulation absorbs routed inflow at fixed predation. No new consumption is assumed.",SM,0.19
13_2_Northern_Humboldt_Current_(1995-1998),routing_scenario,18,Small hake,EE,0.7213676571846008,0.623086470895879,"Freeze completed living P,Q,diet,predation,accumulation,migration. Solve EE for SM; detritus accumulation absorbs routed inflow at fixed predation. No new consumption is assumed.",SM,0.19
13_2_Northern_Humboldt_Current_(1995-1998),routing_scenario,17,Other large pelagic fish,EE,0.533972442150116,0.4474583909978199,"Freeze completed living P,Q,diet,predation,accumulation,migration. Solve EE for SM; detritus accumulation absorbs routed inflow at fixed predation. No new consumption is assumed.",SM,0.19
13_2_Northern_Humboldt_Current_(1995-1998),routing_scenario,16,Chub mackerel,EE,0.15512745082378387,0.1335403188470089,"Freeze completed living P,Q,diet,predation,accumulation,migration. Solve EE for SM; detritus accumulation absorbs routed inflow at fixed predation. No new consumption is assumed.",SM,0.19
13_2_Northern_Humboldt_Current_(1995-1998),routing_scenario,15,Horse mackerel,EE,0.23551708459854126,0.19763068963473596,"Freeze completed living P,Q,diet,predation,accumulation,migration. Solve EE for SM; detritus accumulation absorbs routed inflow at fixed predation. No new consumption is assumed.",SM,0.19
13_2_Northern_Humboldt_Current_(1995-1998),routing_scenario,14,Other small pelagic fish,EE,0.8999999761581421,0.8707993755119787,"Freeze completed living P,Q,diet,predation,accumulation,migration. Solve EE for SM; detritus accumulation absorbs routed inflow at fixed predation. No new consumption is assumed.",SM,0.19
13_2_Northern_Humboldt_Current_(1995-1998),routing_scenario,13,Other cephalopods,EE,0.949999988079071,0.9491323025619263,"Freeze completed living P,Q,diet,predation,accumulation,migration. Solve EE for SM; detritus accumulation absorbs routed inflow at fixed predation. No new consumption is assumed.",SM,0.19
13_2_Northern_Humboldt_Current_(1995-1998),routing_scenario,12,Jumbo squid,EE,0.7999784350395203,0.7941141930935052,"Freeze completed living P,Q,diet,predation,accumulation,migration. Solve EE for SM; detritus accumulation absorbs routed inflow at fixed predation. No new consumption is assumed.",SM,0.19
13_2_Northern_Humboldt_Current_(1995-1998),routing_scenario,10,Anchovy,EE,0.8148474097251892,0.7771025385562619,"Freeze completed living P,Q,diet,predation,accumulation,migration. Solve EE for SM; detritus accumulation absorbs routed inflow at fixed predation. No new consumption is assumed.",SM,0.19
13_2_Northern_Humboldt_Current_(1995-1998),routing_scenario,9,Sardine,EE,0.9700034856796265,0.8963708502913013,"Freeze completed living P,Q,diet,predation,accumulation,migration. Solve EE for SM; detritus accumulation absorbs routed inflow at fixed predation. No new consumption is assumed.",SM,0.19
13_2_Northern_Humboldt_Current_(1995-1998),routing_scenario,30,Chondrichthyans,catch,0.01439636145,0.0116610527745,"Freeze completed living P,Q,diet,predation,accumulation,migration. Solve EE for SM; detritus accumulation absorbs routed inflow at fixed predation. No new consumption is assumed.",SM,0.19
13_2_Northern_Humboldt_Current_(1995-1998),routing_scenario,29,Catfish,catch,0.33977100000000005,0.2752145100000001,"Freeze completed living P,Q,diet,predation,accumulation,migration. Solve EE for SM; detritus accumulation absorbs routed inflow at fixed predation. No new consumption is assumed.",SM,0.19
13_2_Northern_Humboldt_Current_(1995-1998),routing_scenario,27,Medium sciaenids,catch,0.06129891195000001,0.04965211867950001,"Freeze completed living P,Q,diet,predation,accumulation,migration. Solve EE for SM; detritus accumulation absorbs routed inflow at fixed predation. No new consumption is assumed.",SM,0.19
13_2_Northern_Humboldt_Current_(1995-1998),routing_scenario,26,Medium demersal fish,catch,0.1495674495,0.12114963409500001,"Freeze completed living P,Q,diet,predation,accumulation,migration. Solve EE for SM; detritus accumulation absorbs routed inflow at fixed predation. No new consumption is assumed.",SM,0.19
13_2_Northern_Humboldt_Current_(1995-1998),routing_scenario,23,Benthic elasmobranchs,catch,0.040511636700000006,0.03281442572700001,"Freeze completed living P,Q,diet,predation,accumulation,migration. Solve EE for SM; detritus accumulation absorbs routed inflow at fixed predation. No new consumption is assumed.",SM,0.19
13_2_Northern_Humboldt_Current_(1995-1998),routing_scenario,22,Small demersal fish,catch,0.019339230299999996,0.015664776542999997,"Freeze completed living P,Q,diet,predation,accumulation,migration. Solve EE for SM; detritus accumulation absorbs routed inflow at fixed predation. No new consumption is assumed.",SM,0.19
13_2_Northern_Humboldt_Current_(1995-1998),routing_scenario,21,Flatfish,catch,0.004058227155,0.00328716399555,"Freeze completed living P,Q,diet,predation,accumulation,migration. Solve EE for SM; detritus accumulation absorbs routed inflow at fixed predation. No new consumption is assumed.",SM,0.19
13_2_Northern_Humboldt_Current_(1995-1998),routing_scenario,20,Large hake,catch,0.04633476287999999,0.03753115793279999,"Freeze completed living P,Q,diet,predation,accumulation,migration. Solve EE for SM; detritus accumulation absorbs routed inflow at fixed predation. No new consumption is assumed.",SM,0.19
13_2_Northern_Humboldt_Current_(1995-1998),routing_scenario,19,Medium hake,catch,0.048676,0.03942756,"Freeze completed living P,Q,diet,predation,accumulation,migration. Solve EE for SM; detritus accumulation absorbs routed inflow at fixed predation. No new consumption is assumed.",SM,0.19
13_2_Northern_Humboldt_Current_(1995-1998),routing_scenario,18,Small hake,catch,1.1659147664,0.9443909607840001,"Freeze completed living P,Q,diet,predation,accumulation,migration. Solve EE for SM; detritus accumulation absorbs routed inflow at fixed predation. No new consumption is assumed.",SM,0.19
13_2_Northern_Humboldt_Current_(1995-1998),routing_scenario,17,Other large pelagic fish,catch,0.3338190135,0.27039340093500003,"Freeze completed living P,Q,diet,predation,accumulation,migration. Solve EE for SM; detritus accumulation absorbs routed inflow at fixed predation. No new consumption is assumed.",SM,0.19
13_2_Northern_Humboldt_Current_(1995-1998),routing_scenario,16,Chub mackerel,catch,0.7426541746,0.6015498814260001,"Freeze completed living P,Q,diet,predation,accumulation,migration. Solve EE for SM; detritus accumulation absorbs routed inflow at fixed predation. No new consumption is assumed.",SM,0.19
13_2_Northern_Humboldt_Current_(1995-1998),routing_scenario,15,Horse mackerel,catch,1.7465229457,1.4146835860170002,"Freeze completed living P,Q,diet,predation,accumulation,migration. Solve EE for SM; detritus accumulation absorbs routed inflow at fixed predation. No new consumption is assumed.",SM,0.19
13_2_Northern_Humboldt_Current_(1995-1998),routing_scenario,14,Other small pelagic fish,catch,1.689793515,1.3687327471500002,"Freeze completed living P,Q,diet,predation,accumulation,migration. Solve EE for SM; detritus accumulation absorbs routed inflow at fixed predation. No new consumption is assumed.",SM,0.19
13_2_Northern_Humboldt_Current_(1995-1998),routing_scenario,13,Other cephalopods,catch,0.0354708445375,0.028731384075375,"Freeze completed living P,Q,diet,predation,accumulation,migration. Solve EE for SM; detritus accumulation absorbs routed inflow at fixed predation. No new consumption is assumed.",SM,0.19
13_2_Northern_Humboldt_Current_(1995-1998),routing_scenario,12,Jumbo squid,catch,0.10546329965,0.0854252727165,"Freeze completed living P,Q,diet,predation,accumulation,migration. Solve EE for SM; detritus accumulation absorbs routed inflow at fixed predation. No new consumption is assumed.",SM,0.19
13_2_Northern_Humboldt_Current_(1995-1998),routing_scenario,10,Anchovy,catch,23.1699877955,18.767690114355002,"Freeze completed living P,Q,diet,predation,accumulation,migration. Solve EE for SM; detritus accumulation absorbs routed inflow at fixed predation. No new consumption is assumed.",SM,0.19
13_2_Northern_Humboldt_Current_(1995-1998),routing_scenario,9,Sardine,catch,5.82596898325,4.7190348764325005,"Freeze completed living P,Q,diet,predation,accumulation,migration. Solve EE for SM; detritus accumulation absorbs routed inflow at fixed predation. No new consumption is assumed.",SM,0.19
13_2_Northern_Humboldt_Current_(1995-1998),routing_scenario,39,Benthic detritus,growth,-4340.9949724808885,-4335.44824642361,"Freeze completed living P,Q,diet,predation,accumulation,migration. Solve EE for SM; detritus accumulation absorbs routed inflow at fixed predation. No new consumption is assumed.",SM,0.19
13_2_Northern_Humboldt_Current_(1995-1998),routing_scenario,38,Pelagic detritus,growth,5090.259743360343,5090.364957177211,"Freeze completed living P,Q,diet,predation,accumulation,migration. Solve EE for SM; detritus accumulation absorbs routed inflow at fixed predation. No new consumption is assumed.",SM,0.19
13_2_Northern_Humboldt_Current_(1995-1998),routing_scenario,36,Anchovy eggs,growth,12.539441007952618,13.640015428238868,"Freeze completed living P,Q,diet,predation,accumulation,migration. Solve EE for SM; detritus accumulation absorbs routed inflow at fixed predation. No new consumption is assumed.",SM,0.19
13_2_Northern_Humboldt_Current_(1995-1998),routing_scenario,30,Chondrichthyans,catch,0.01439636145,0.0116610527745,"Freeze completed living P,Q,diet,predation,accumulation,migration. Solve EE for SM; detritus accumulation absorbs routed inflow at fixed predation. No new consumption is assumed.",SE,0.19
13_2_Northern_Humboldt_Current_(1995-1998),routing_scenario,29,Catfish,catch,0.33977100000000005,0.2752145100000001,"Freeze completed living P,Q,diet,predation,accumulation,migration. Solve EE for SM; detritus accumulation absorbs routed inflow at fixed predation. No new consumption is assumed.",SE,0.19
13_2_Northern_Humboldt_Current_(1995-1998),routing_scenario,27,Medium sciaenids,catch,0.06129891195000001,0.04965211867950001,"Freeze completed living P,Q,diet,predation,accumulation,migration. Solve EE for SM; detritus accumulation absorbs routed inflow at fixed predation. No new consumption is assumed.",SE,0.19
13_2_Northern_Humboldt_Current_(1995-1998),routing_scenario,26,Medium demersal fish,catch,0.1495674495,0.12114963409500001,"Freeze completed living P,Q,diet,predation,accumulation,migration. Solve EE for SM; detritus accumulation absorbs routed inflow at fixed predation. No new consumption is assumed.",SE,0.19
13_2_Northern_Humboldt_Current_(1995-1998),routing_scenario,23,Benthic elasmobranchs,catch,0.040511636700000006,0.03281442572700001,"Freeze completed living P,Q,diet,predation,accumulation,migration. Solve EE for SM; detritus accumulation absorbs routed inflow at fixed predation. No new consumption is assumed.",SE,0.19
13_2_Northern_Humboldt_Current_(1995-1998),routing_scenario,22,Small demersal fish,catch,0.019339230299999996,0.015664776542999997,"Freeze completed living P,Q,diet,predation,accumulation,migration. Solve EE for SM; detritus accumulation absorbs routed inflow at fixed predation. No new consumption is assumed.",SE,0.19
13_2_Northern_Humboldt_Current_(1995-1998),routing_scenario,21,Flatfish,catch,0.004058227155,0.00328716399555,"Freeze completed living P,Q,diet,predation,accumulation,migration. Solve EE for SM; detritus accumulation absorbs routed inflow at fixed predation. No new consumption is assumed.",SE,0.19
13_2_Northern_Humboldt_Current_(1995-1998),routing_scenario,20,Large hake,catch,0.04633476287999999,0.03753115793279999,"Freeze completed living P,Q,diet,predation,accumulation,migration. Solve EE for SM; detritus accumulation absorbs routed inflow at fixed predation. No new consumption is assumed.",SE,0.19
13_2_Northern_Humboldt_Current_(1995-1998),routing_scenario,19,Medium hake,catch,0.048676,0.03942756,"Freeze completed living P,Q,diet,predation,accumulation,migration. Solve EE for SM; detritus accumulation absorbs routed inflow at fixed predation. No new consumption is assumed.",SE,0.19
13_2_Northern_Humboldt_Current_(1995-1998),routing_scenario,18,Small hake,catch,1.1659147664,0.9443909607840001,"Freeze completed living P,Q,diet,predation,accumulation,migration. Solve EE for SM; detritus accumulation absorbs routed inflow at fixed predation. No new consumption is assumed.",SE,0.19
13_2_Northern_Humboldt_Current_(1995-1998),routing_scenario,17,Other large pelagic fish,catch,0.3338190135,0.27039340093500003,"Freeze completed living P,Q,diet,predation,accumulation,migration. Solve EE for SM; detritus accumulation absorbs routed inflow at fixed predation. No new consumption is assumed.",SE,0.19
13_2_Northern_Humboldt_Current_(1995-1998),routing_scenario,16,Chub mackerel,catch,0.7426541746,0.6015498814260001,"Freeze completed living P,Q,diet,predation,accumulation,migration. Solve EE for SM; detritus accumulation absorbs routed inflow at fixed predation. No new consumption is assumed.",SE,0.19
13_2_Northern_Humboldt_Current_(1995-1998),routing_scenario,15,Horse mackerel,catch,1.7465229457,1.4146835860170002,"Freeze completed living P,Q,diet,predation,accumulation,migration. Solve EE for SM; detritus accumulation absorbs routed inflow at fixed predation. No new consumption is assumed.",SE,0.19
13_2_Northern_Humboldt_Current_(1995-1998),routing_scenario,14,Other small pelagic fish,catch,1.689793515,1.3687327471500002,"Freeze completed living P,Q,diet,predation,accumulation,migration. Solve EE for SM; detritus accumulation absorbs routed inflow at fixed predation. No new consumption is assumed.",SE,0.19
13_2_Northern_Humboldt_Current_(1995-1998),routing_scenario,13,Other cephalopods,catch,0.0354708445375,0.028731384075375,"Freeze completed living P,Q,diet,predation,accumulation,migration. Solve EE for SM; detritus accumulation absorbs routed inflow at fixed predation. No new consumption is assumed.",SE,0.19
13_2_Northern_Humboldt_Current_(1995-1998),routing_scenario,12,Jumbo squid,catch,0.10546329965,0.0854252727165,"Freeze completed living P,Q,diet,predation,accumulation,migration. Solve EE for SM; detritus accumulation absorbs routed inflow at fixed predation. No new consumption is assumed.",SE,0.19
13_2_Northern_Humboldt_Current_(1995-1998),routing_scenario,10,Anchovy,catch,23.1699877955,18.767690114355002,"Freeze completed living P,Q,diet,predation,accumulation,migration. Solve EE for SM; detritus accumulation absorbs routed inflow at fixed predation. No new consumption is assumed.",SE,0.19
13_2_Northern_Humboldt_Current_(1995-1998),routing_scenario,9,Sardine,catch,5.82596898325,4.7190348764325005,"Freeze completed living P,Q,diet,predation,accumulation,migration. Solve EE for SM; detritus accumulation absorbs routed inflow at fixed predation. No new consumption is assumed.",SE,0.19
13_2_Northern_Humboldt_Current_(1995-1998),routing_scenario,30,Chondrichthyans,external_loss,0.0,0.0027353086755,"Freeze completed living P,Q,diet,predation,accumulation,migration. Solve EE for SM; detritus accumulation absorbs routed inflow at fixed predation. No new consumption is assumed.",SE,0.19
13_2_Northern_Humboldt_Current_(1995-1998),routing_scenario,29,Catfish,external_loss,0.0,0.06455649000000001,"Freeze completed living P,Q,diet,predation,accumulation,migration. Solve EE for SM; detritus accumulation absorbs routed inflow at fixed predation. No new consumption is assumed.",SE,0.19
13_2_Northern_Humboldt_Current_(1995-1998),routing_scenario,27,Medium sciaenids,external_loss,0.0,0.011646793270500002,"Freeze completed living P,Q,diet,predation,accumulation,migration. Solve EE for SM; detritus accumulation absorbs routed inflow at fixed predation. No new consumption is assumed.",SE,0.19
13_2_Northern_Humboldt_Current_(1995-1998),routing_scenario,26,Medium demersal fish,external_loss,0.0,0.028417815405,"Freeze completed living P,Q,diet,predation,accumulation,migration. Solve EE for SM; detritus accumulation absorbs routed inflow at fixed predation. No new consumption is assumed.",SE,0.19
13_2_Northern_Humboldt_Current_(1995-1998),routing_scenario,23,Benthic elasmobranchs,external_loss,0.0,0.007697210973000001,"Freeze completed living P,Q,diet,predation,accumulation,migration. Solve EE for SM; detritus accumulation absorbs routed inflow at fixed predation. No new consumption is assumed.",SE,0.19
13_2_Northern_Humboldt_Current_(1995-1998),routing_scenario,22,Small demersal fish,external_loss,0.0,0.0036744537569999994,"Freeze completed living P,Q,diet,predation,accumulation,migration. Solve EE for SM; detritus accumulation absorbs routed inflow at fixed predation. No new consumption is assumed.",SE,0.19
13_2_Northern_Humboldt_Current_(1995-1998),routing_scenario,21,Flatfish,external_loss,0.0,0.00077106315945,"Freeze completed living P,Q,diet,predation,accumulation,migration. Solve EE for SM; detritus accumulation absorbs routed inflow at fixed predation. No new consumption is assumed.",SE,0.19
13_2_Northern_Humboldt_Current_(1995-1998),routing_scenario,20,Large hake,external_loss,0.0,0.008803604947199999,"Freeze completed living P,Q,diet,predation,accumulation,migration. Solve EE for SM; detritus accumulation absorbs routed inflow at fixed predation. No new consumption is assumed.",SE,0.19
13_2_Northern_Humboldt_Current_(1995-1998),routing_scenario,19,Medium hake,external_loss,0.0,0.00924844,"Freeze completed living P,Q,diet,predation,accumulation,migration. Solve EE for SM; detritus accumulation absorbs routed inflow at fixed predation. No new consumption is assumed.",SE,0.19
13_2_Northern_Humboldt_Current_(1995-1998),routing_scenario,18,Small hake,external_loss,0.0,0.22152380561600002,"Freeze completed living P,Q,diet,predation,accumulation,migration. Solve EE for SM; detritus accumulation absorbs routed inflow at fixed predation. No new consumption is assumed.",SE,0.19
13_2_Northern_Humboldt_Current_(1995-1998),routing_scenario,17,Other large pelagic fish,external_loss,0.0,0.063425612565,"Freeze completed living P,Q,diet,predation,accumulation,migration. Solve EE for SM; detritus accumulation absorbs routed inflow at fixed predation. No new consumption is assumed.",SE,0.19
13_2_Northern_Humboldt_Current_(1995-1998),routing_scenario,16,Chub mackerel,external_loss,0.0,0.141104293174,"Freeze completed living P,Q,diet,predation,accumulation,migration. Solve EE for SM; detritus accumulation absorbs routed inflow at fixed predation. No new consumption is assumed.",SE,0.19
13_2_Northern_Humboldt_Current_(1995-1998),routing_scenario,15,Horse mackerel,external_loss,0.0,0.331839359683,"Freeze completed living P,Q,diet,predation,accumulation,migration. Solve EE for SM; detritus accumulation absorbs routed inflow at fixed predation. No new consumption is assumed.",SE,0.19
13_2_Northern_Humboldt_Current_(1995-1998),routing_scenario,14,Other small pelagic fish,external_loss,0.0,0.32106076785000004,"Freeze completed living P,Q,diet,predation,accumulation,migration. Solve EE for SM; detritus accumulation absorbs routed inflow at fixed predation. No new consumption is assumed.",SE,0.19
13_2_Northern_Humboldt_Current_(1995-1998),routing_scenario,13,Other cephalopods,external_loss,0.0,0.006739460462125,"Freeze completed living P,Q,diet,predation,accumulation,migration. Solve EE for SM; detritus accumulation absorbs routed inflow at fixed predation. No new consumption is assumed.",SE,0.19
13_2_Northern_Humboldt_Current_(1995-1998),routing_scenario,12,Jumbo squid,external_loss,0.0,0.0200380269335,"Freeze completed living P,Q,diet,predation,accumulation,migration. Solve EE for SM; detritus accumulation absorbs routed inflow at fixed predation. No new consumption is assumed.",SE,0.19
13_2_Northern_Humboldt_Current_(1995-1998),routing_scenario,10,Anchovy,external_loss,0.0,4.402297681145,"Freeze completed living P,Q,diet,predation,accumulation,migration. Solve EE for SM; detritus accumulation absorbs routed inflow at fixed predation. No new consumption is assumed.",SE,0.19
13_2_Northern_Humboldt_Current_(1995-1998),routing_scenario,9,Sardine,external_loss,0.0,1.1069341068175,"Freeze completed living P,Q,diet,predation,accumulation,migration. Solve EE for SM; detritus accumulation absorbs routed inflow at fixed predation. No new consumption is assumed.",SE,0.19
13_2_Northern_Humboldt_Current_(1995-1998),routing_scenario,39,Benthic detritus,p,1751.6112896867576,1757.688552551748,"Freeze completed living P,Q,diet,predation,accumulation,migration. Solve EE for SM; detritus accumulation absorbs routed inflow at fixed predation. No new consumption is assumed.",SR,0.19
13_2_Northern_Humboldt_Current_(1995-1998),routing_scenario,38,Pelagic detritus,p,5090.259743360343,5090.934994789786,"Freeze completed living P,Q,diet,predation,accumulation,migration. Solve EE for SM; detritus accumulation absorbs routed inflow at fixed predation. No new consumption is assumed.",SR,0.19
13_2_Northern_Humboldt_Current_(1995-1998),routing_scenario,39,Benthic detritus,q,1751.6112896867576,1757.688552551748,"Freeze completed living P,Q,diet,predation,accumulation,migration. Solve EE for SM; detritus accumulation absorbs routed inflow at fixed predation. No new consumption is assumed.",SR,0.19
13_2_Northern_Humboldt_Current_(1995-1998),routing_scenario,38,Pelagic detritus,q,5090.259743360343,5090.934994789786,"Freeze completed living P,Q,diet,predation,accumulation,migration. Solve EE for SM; detritus accumulation absorbs routed inflow at fixed predation. No new consumption is assumed.",SR,0.19
13_2_Northern_Humboldt_Current_(1995-1998),routing_scenario,39,Benthic detritus,growth,-4340.9949724808885,-4334.917709615898,"Freeze completed living P,Q,diet,predation,accumulation,migration. Solve EE for SM; detritus accumulation absorbs routed inflow at fixed predation. No new consumption is assumed.",SR,0.19
13_2_Northern_Humboldt_Current_(1995-1998),routing_scenario,38,Pelagic detritus,growth,5090.259743360343,5090.934994789786,"Freeze completed living P,Q,diet,predation,accumulation,migration. Solve EE for SM; detritus accumulation absorbs routed inflow at fixed predation. No new consumption is assumed.",SR,0.19
13_2_Northern_Humboldt_Current_(1995-1998),routing_scenario,39,Benthic detritus,p,1751.6112896867576,1757.4499486944196,"Freeze completed living P,Q,diet,predation,accumulation,migration. Solve EE for SM; detritus accumulation absorbs routed inflow at fixed predation. No new consumption is assumed.",SM,0.2
13_2_Northern_Humboldt_Current_(1995-1998),routing_scenario,38,Pelagic detritus,p,5090.259743360343,5090.370494746521,"Freeze completed living P,Q,diet,predation,accumulation,migration. Solve EE for SM; detritus accumulation absorbs routed inflow at fixed predation. No new consumption is assumed.",SM,0.2
13_2_Northern_Humboldt_Current_(1995-1998),routing_scenario,36,Anchovy eggs,p,81.93913403799536,83.09763342777036,"Freeze completed living P,Q,diet,predation,accumulation,migration. Solve EE for SM; detritus accumulation absorbs routed inflow at fixed predation. No new consumption is assumed.",SM,0.2
13_2_Northern_Humboldt_Current_(1995-1998),routing_scenario,39,Benthic detritus,q,1751.6112896867576,1757.4499486944196,"Freeze completed living P,Q,diet,predation,accumulation,migration. Solve EE for SM; detritus accumulation absorbs routed inflow at fixed predation. No new consumption is assumed.",SM,0.2
13_2_Northern_Humboldt_Current_(1995-1998),routing_scenario,38,Pelagic detritus,q,5090.259743360343,5090.370494746521,"Freeze completed living P,Q,diet,predation,accumulation,migration. Solve EE for SM; detritus accumulation absorbs routed inflow at fixed predation. No new consumption is assumed.",SM,0.2
13_2_Northern_Humboldt_Current_(1995-1998),routing_scenario,36,Anchovy eggs,q,81.93913403799536,83.09763342777036,"Freeze completed living P,Q,diet,predation,accumulation,migration. Solve EE for SM; detritus accumulation absorbs routed inflow at fixed predation. No new consumption is assumed.",SM,0.2
13_2_Northern_Humboldt_Current_(1995-1998),routing_scenario,30,Chondrichthyans,M0,0.01111863866537926,0.01399791095537926,"Freeze completed living P,Q,diet,predation,accumulation,migration. Solve EE for SM; detritus accumulation absorbs routed inflow at fixed predation. No new consumption is assumed.",SM,0.2
13_2_Northern_Humboldt_Current_(1995-1998),routing_scenario,29,Catfish,M0,0.0986964358664111,0.1666506358664111,"Freeze completed living P,Q,diet,predation,accumulation,migration. Solve EE for SM; detritus accumulation absorbs routed inflow at fixed predation. No new consumption is assumed.",SM,0.2
13_2_Northern_Humboldt_Current_(1995-1998),routing_scenario,27,Medium sciaenids,M0,0.07797065965059131,0.09023044204059132,"Freeze completed living P,Q,diet,predation,accumulation,migration. Solve EE for SM; detritus accumulation absorbs routed inflow at fixed predation. No new consumption is assumed.",SM,0.2
13_2_Northern_Humboldt_Current_(1995-1998),routing_scenario,26,Medium demersal fish,M0,0.0702195877127324,0.10013307761273241,"Freeze completed living P,Q,diet,predation,accumulation,migration. Solve EE for SM; detritus accumulation absorbs routed inflow at fixed predation. No new consumption is assumed.",SM,0.2
13_2_Northern_Humboldt_Current_(1995-1998),routing_scenario,23,Benthic elasmobranchs,M0,0.02098836399473636,0.02909069133473636,"Freeze completed living P,Q,diet,predation,accumulation,migration. Solve EE for SM; detritus accumulation absorbs routed inflow at fixed predation. No new consumption is assumed.",SM,0.2
13_2_Northern_Humboldt_Current_(1995-1998),routing_scenario,22,Small demersal fish,M0,3.2426595415784147,3.2465273876384146,"Freeze completed living P,Q,diet,predation,accumulation,migration. Solve EE for SM; detritus accumulation absorbs routed inflow at fixed predation. No new consumption is assumed.",SM,0.2
13_2_Northern_Humboldt_Current_(1995-1998),routing_scenario,21,Flatfish,M0,3.451325833853003e-05,0.0008461586893385301,"Freeze completed living P,Q,diet,predation,accumulation,migration. Solve EE for SM; detritus accumulation absorbs routed inflow at fixed predation. No new consumption is assumed.",SM,0.2
13_2_Northern_Humboldt_Current_(1995-1998),routing_scenario,20,Large hake,M0,0.006700170035899526,0.015967122611899524,"Freeze completed living P,Q,diet,predation,accumulation,migration. Solve EE for SM; detritus accumulation absorbs routed inflow at fixed predation. No new consumption is assumed.",SM,0.2
13_2_Northern_Humboldt_Current_(1995-1998),routing_scenario,19,Medium hake,M0,0.44286476478316994,0.45259996478316994,"Freeze completed living P,Q,diet,predation,accumulation,migration. Solve EE for SM; detritus accumulation absorbs routed inflow at fixed predation. No new consumption is assumed.",SM,0.2
13_2_Northern_Humboldt_Current_(1995-1998),routing_scenario,18,Small hake,M0,0.628031663830784,0.8612146171107841,"Freeze completed living P,Q,diet,predation,accumulation,migration. Solve EE for SM; detritus accumulation absorbs routed inflow at fixed predation. No new consumption is assumed.",SM,0.2
13_2_Northern_Humboldt_Current_(1995-1998),routing_scenario,17,Other large pelagic fish,M0,0.3416564469598926,0.4084202496598926,"Freeze completed living P,Q,diet,predation,accumulation,migration. Solve EE for SM; detritus accumulation absorbs routed inflow at fixed predation. No new consumption is assumed.",SM,0.2
13_2_Northern_Humboldt_Current_(1995-1998),routing_scenario,16,Chub mackerel,M0,5.522509613684951,5.671040448604951,"Freeze completed living P,Q,diet,predation,accumulation,migration. Solve EE for SM; detritus accumulation absorbs routed inflow at fixed predation. No new consumption is assumed.",SM,0.2
13_2_Northern_Humboldt_Current_(1995-1998),routing_scenario,15,Horse mackerel,M0,6.695953029518151,7.045257618658151,"Freeze completed living P,Q,diet,predation,accumulation,migration. Solve EE for SM; detritus accumulation absorbs routed inflow at fixed predation. No new consumption is assumed.",SM,0.2
13_2_Northern_Humboldt_Current_(1995-1998),routing_scenario,14,Other small pelagic fish,M0,1.0995008229018595,1.4374595259018594,"Freeze completed living P,Q,diet,predation,accumulation,migration. Solve EE for SM; detritus accumulation absorbs routed inflow at fixed predation. No new consumption is assumed.",SM,0.2
13_2_Northern_Humboldt_Current_(1995-1998),routing_scenario,13,Other cephalopods,M0,0.38835856631069415,0.39545273521819413,"Freeze completed living P,Q,diet,predation,accumulation,migration. Solve EE for SM; detritus accumulation absorbs routed inflow at fixed predation. No new consumption is assumed.",SM,0.2
13_2_Northern_Humboldt_Current_(1995-1998),routing_scenario,12,Jumbo squid,M0,0.6834706928629479,0.7045633527929479,"Freeze completed living P,Q,diet,predation,accumulation,migration. Solve EE for SM; detritus accumulation absorbs routed inflow at fixed predation. No new consumption is assumed.",SM,0.2
13_2_Northern_Humboldt_Current_(1995-1998),routing_scenario,10,Anchovy,M0,21.594902660465323,26.228900219565322,"Freeze completed living P,Q,diet,predation,accumulation,migration. Solve EE for SM; detritus accumulation absorbs routed inflow at fixed predation. No new consumption is assumed.",SM,0.2
13_2_Northern_Humboldt_Current_(1995-1998),routing_scenario,9,Sardine,M0,0.45094358787714506,1.6161373845271452,"Freeze completed living P,Q,diet,predation,accumulation,migration. Solve EE for SM; detritus accumulation absorbs routed inflow at fixed predation. No new consumption is assumed.",SM,0.2
13_2_Northern_Humboldt_Current_(1995-1998),routing_scenario,30,Chondrichthyans,EE,0.564231276512146,0.45138501464970493,"Freeze completed living P,Q,diet,predation,accumulation,migration. Solve EE for SM; detritus accumulation absorbs routed inflow at fixed predation. No new consumption is assumed.",SM,0.2
13_2_Northern_Humboldt_Current_(1995-1998),routing_scenario,29,Catfish,EE,0.8212506771087646,0.698178682350447,"Freeze completed living P,Q,diet,predation,accumulation,migration. Solve EE for SM; detritus accumulation absorbs routed inflow at fixed predation. No new consumption is assumed.",SM,0.2
13_2_Northern_Humboldt_Current_(1995-1998),routing_scenario,27,Medium sciaenids,EE,0.7098218202590942,0.6641954095824105,"Freeze completed living P,Q,diet,predation,accumulation,migration. Solve EE for SM; detritus accumulation absorbs routed inflow at fixed predation. No new consumption is assumed.",SM,0.2
13_2_Northern_Humboldt_Current_(1995-1998),routing_scenario,26,Medium demersal fish,EE,0.8201572895050049,0.7435444343286252,"Freeze completed living P,Q,diet,predation,accumulation,migration. Solve EE for SM; detritus accumulation absorbs routed inflow at fixed predation. No new consumption is assumed.",SM,0.2
13_2_Northern_Humboldt_Current_(1995-1998),routing_scenario,23,Benthic elasmobranchs,EE,0.6587257981300354,0.5269806417690559,"Freeze completed living P,Q,diet,predation,accumulation,migration. Solve EE for SM; detritus accumulation absorbs routed inflow at fixed predation. No new consumption is assumed.",SM,0.2
13_2_Northern_Humboldt_Current_(1995-1998),routing_scenario,22,Small demersal fish,EE,0.7304298281669617,0.7301082847197855,"Freeze completed living P,Q,diet,predation,accumulation,migration. Solve EE for SM; detritus accumulation absorbs routed inflow at fixed predation. No new consumption is assumed.",SM,0.2
13_2_Northern_Humboldt_Current_(1995-1998),routing_scenario,21,Flatfish,EE,0.9954587817192078,0.888663328429193,"Freeze completed living P,Q,diet,predation,accumulation,migration. Solve EE for SM; detritus accumulation absorbs routed inflow at fixed predation. No new consumption is assumed.",SM,0.2
13_2_Northern_Humboldt_Current_(1995-1998),routing_scenario,20,Large hake,EE,0.8738672733306885,0.6994140892975529,"Freeze completed living P,Q,diet,predation,accumulation,migration. Solve EE for SM; detritus accumulation absorbs routed inflow at fixed predation. No new consumption is assumed.",SM,0.2
13_2_Northern_Humboldt_Current_(1995-1998),routing_scenario,19,Medium hake,EE,0.14074458181858063,0.12185614450707916,"Freeze completed living P,Q,diet,predation,accumulation,migration. Solve EE for SM; detritus accumulation absorbs routed inflow at fixed predation. No new consumption is assumed.",SM,0.2
13_2_Northern_Humboldt_Current_(1995-1998),routing_scenario,18,Small hake,EE,0.7213676571846008,0.6179137768806832,"Freeze completed living P,Q,diet,predation,accumulation,migration. Solve EE for SM; detritus accumulation absorbs routed inflow at fixed predation. No new consumption is assumed.",SM,0.2
13_2_Northern_Humboldt_Current_(1995-1998),routing_scenario,17,Other large pelagic fish,EE,0.533972442150116,0.44290501988454123,"Freeze completed living P,Q,diet,predation,accumulation,migration. Solve EE for SM; detritus accumulation absorbs routed inflow at fixed predation. No new consumption is assumed.",SM,0.2
13_2_Northern_Humboldt_Current_(1995-1998),routing_scenario,16,Chub mackerel,EE,0.15512745082378387,0.13240415400612604,"Freeze completed living P,Q,diet,predation,accumulation,migration. Solve EE for SM; detritus accumulation absorbs routed inflow at fixed predation. No new consumption is assumed.",SM,0.2
13_2_Northern_Humboldt_Current_(1995-1998),routing_scenario,15,Horse mackerel,EE,0.23551708459854126,0.19563666884716724,"Freeze completed living P,Q,diet,predation,accumulation,migration. Solve EE for SM; detritus accumulation absorbs routed inflow at fixed predation. No new consumption is assumed.",SM,0.2
13_2_Northern_Humboldt_Current_(1995-1998),routing_scenario,14,Other small pelagic fish,EE,0.8999999761581421,0.8692625017937596,"Freeze completed living P,Q,diet,predation,accumulation,migration. Solve EE for SM; detritus accumulation absorbs routed inflow at fixed predation. No new consumption is assumed.",SM,0.2
13_2_Northern_Humboldt_Current_(1995-1998),routing_scenario,13,Other cephalopods,EE,0.949999988079071,0.9490866349031293,"Freeze completed living P,Q,diet,predation,accumulation,migration. Solve EE for SM; detritus accumulation absorbs routed inflow at fixed predation. No new consumption is assumed.",SM,0.2
13_2_Northern_Humboldt_Current_(1995-1998),routing_scenario,12,Jumbo squid,EE,0.7999784350395203,0.793805548780557,"Freeze completed living P,Q,diet,predation,accumulation,migration. Solve EE for SM; detritus accumulation absorbs routed inflow at fixed predation. No new consumption is assumed.",SM,0.2
13_2_Northern_Humboldt_Current_(1995-1998),routing_scenario,10,Anchovy,EE,0.8148474097251892,0.7751159663894762,"Freeze completed living P,Q,diet,predation,accumulation,migration. Solve EE for SM; detritus accumulation absorbs routed inflow at fixed predation. No new consumption is assumed.",SM,0.2
13_2_Northern_Humboldt_Current_(1995-1998),routing_scenario,9,Sardine,EE,0.9700034856796265,0.8924954484287577,"Freeze completed living P,Q,diet,predation,accumulation,migration. Solve EE for SM; detritus accumulation absorbs routed inflow at fixed predation. No new consumption is assumed.",SM,0.2
13_2_Northern_Humboldt_Current_(1995-1998),routing_scenario,30,Chondrichthyans,catch,0.01439636145,0.01151708916,"Freeze completed living P,Q,diet,predation,accumulation,migration. Solve EE for SM; detritus accumulation absorbs routed inflow at fixed predation. No new consumption is assumed.",SM,0.2
13_2_Northern_Humboldt_Current_(1995-1998),routing_scenario,29,Catfish,catch,0.33977100000000005,0.2718168,"Freeze completed living P,Q,diet,predation,accumulation,migration. Solve EE for SM; detritus accumulation absorbs routed inflow at fixed predation. No new consumption is assumed.",SM,0.2
13_2_Northern_Humboldt_Current_(1995-1998),routing_scenario,27,Medium sciaenids,catch,0.06129891195000001,0.049039129560000005,"Freeze completed living P,Q,diet,predation,accumulation,migration. Solve EE for SM; detritus accumulation absorbs routed inflow at fixed predation. No new consumption is assumed.",SM,0.2
13_2_Northern_Humboldt_Current_(1995-1998),routing_scenario,26,Medium demersal fish,catch,0.1495674495,0.11965395960000001,"Freeze completed living P,Q,diet,predation,accumulation,migration. Solve EE for SM; detritus accumulation absorbs routed inflow at fixed predation. No new consumption is assumed.",SM,0.2
13_2_Northern_Humboldt_Current_(1995-1998),routing_scenario,23,Benthic elasmobranchs,catch,0.040511636700000006,0.032409309360000006,"Freeze completed living P,Q,diet,predation,accumulation,migration. Solve EE for SM; detritus accumulation absorbs routed inflow at fixed predation. No new consumption is assumed.",SM,0.2
13_2_Northern_Humboldt_Current_(1995-1998),routing_scenario,22,Small demersal fish,catch,0.019339230299999996,0.015471384239999997,"Freeze completed living P,Q,diet,predation,accumulation,migration. Solve EE for SM; detritus accumulation absorbs routed inflow at fixed predation. No new consumption is assumed.",SM,0.2
13_2_Northern_Humboldt_Current_(1995-1998),routing_scenario,21,Flatfish,catch,0.004058227155,0.0032465817240000003,"Freeze completed living P,Q,diet,predation,accumulation,migration. Solve EE for SM; detritus accumulation absorbs routed inflow at fixed predation. No new consumption is assumed.",SM,0.2
13_2_Northern_Humboldt_Current_(1995-1998),routing_scenario,20,Large hake,catch,0.04633476287999999,0.03706781030399999,"Freeze completed living P,Q,diet,predation,accumulation,migration. Solve EE for SM; detritus accumulation absorbs routed inflow at fixed predation. No new consumption is assumed.",SM,0.2
13_2_Northern_Humboldt_Current_(1995-1998),routing_scenario,19,Medium hake,catch,0.048676,0.0389408,"Freeze completed living P,Q,diet,predation,accumulation,migration. Solve EE for SM; detritus accumulation absorbs routed inflow at fixed predation. No new consumption is assumed.",SM,0.2
13_2_Northern_Humboldt_Current_(1995-1998),routing_scenario,18,Small hake,catch,1.1659147664,0.9327318131200001,"Freeze completed living P,Q,diet,predation,accumulation,migration. Solve EE for SM; detritus accumulation absorbs routed inflow at fixed predation. No new consumption is assumed.",SM,0.2
13_2_Northern_Humboldt_Current_(1995-1998),routing_scenario,17,Other large pelagic fish,catch,0.3338190135,0.2670552108,"Freeze completed living P,Q,diet,predation,accumulation,migration. Solve EE for SM; detritus accumulation absorbs routed inflow at fixed predation. No new consumption is assumed.",SM,0.2
13_2_Northern_Humboldt_Current_(1995-1998),routing_scenario,16,Chub mackerel,catch,0.7426541746,0.5941233396800001,"Freeze completed living P,Q,diet,predation,accumulation,migration. Solve EE for SM; detritus accumulation absorbs routed inflow at fixed predation. No new consumption is assumed.",SM,0.2
13_2_Northern_Humboldt_Current_(1995-1998),routing_scenario,15,Horse mackerel,catch,1.7465229457,1.39721835656,"Freeze completed living P,Q,diet,predation,accumulation,migration. Solve EE for SM; detritus accumulation absorbs routed inflow at fixed predation. No new consumption is assumed.",SM,0.2
13_2_Northern_Humboldt_Current_(1995-1998),routing_scenario,14,Other small pelagic fish,catch,1.689793515,1.351834812,"Freeze completed living P,Q,diet,predation,accumulation,migration. Solve EE for SM; detritus accumulation absorbs routed inflow at fixed predation. No new consumption is assumed.",SM,0.2
13_2_Northern_Humboldt_Current_(1995-1998),routing_scenario,13,Other cephalopods,catch,0.0354708445375,0.02837667563,"Freeze completed living P,Q,diet,predation,accumulation,migration. Solve EE for SM; detritus accumulation absorbs routed inflow at fixed predation. No new consumption is assumed.",SM,0.2
13_2_Northern_Humboldt_Current_(1995-1998),routing_scenario,12,Jumbo squid,catch,0.10546329965,0.08437063972,"Freeze completed living P,Q,diet,predation,accumulation,migration. Solve EE for SM; detritus accumulation absorbs routed inflow at fixed predation. No new consumption is assumed.",SM,0.2
13_2_Northern_Humboldt_Current_(1995-1998),routing_scenario,10,Anchovy,catch,23.1699877955,18.5359902364,"Freeze completed living P,Q,diet,predation,accumulation,migration. Solve EE for SM; detritus accumulation absorbs routed inflow at fixed predation. No new consumption is assumed.",SM,0.2
13_2_Northern_Humboldt_Current_(1995-1998),routing_scenario,9,Sardine,catch,5.82596898325,4.6607751866000005,"Freeze completed living P,Q,diet,predation,accumulation,migration. Solve EE for SM; detritus accumulation absorbs routed inflow at fixed predation. No new consumption is assumed.",SM,0.2
13_2_Northern_Humboldt_Current_(1995-1998),routing_scenario,39,Benthic detritus,growth,-4340.9949724808885,-4335.156313473227,"Freeze completed living P,Q,diet,predation,accumulation,migration. Solve EE for SM; detritus accumulation absorbs routed inflow at fixed predation. No new consumption is assumed.",SM,0.2
13_2_Northern_Humboldt_Current_(1995-1998),routing_scenario,38,Pelagic detritus,growth,5090.259743360343,5090.370494746521,"Freeze completed living P,Q,diet,predation,accumulation,migration. Solve EE for SM; detritus accumulation absorbs routed inflow at fixed predation. No new consumption is assumed.",SM,0.2
13_2_Northern_Humboldt_Current_(1995-1998),routing_scenario,36,Anchovy eggs,growth,12.539441007952618,13.69794039772762,"Freeze completed living P,Q,diet,predation,accumulation,migration. Solve EE for SM; detritus accumulation absorbs routed inflow at fixed predation. No new consumption is assumed.",SM,0.2
13_2_Northern_Humboldt_Current_(1995-1998),routing_scenario,30,Chondrichthyans,catch,0.01439636145,0.01151708916,"Freeze completed living P,Q,diet,predation,accumulation,migration. Solve EE for SM; detritus accumulation absorbs routed inflow at fixed predation. No new consumption is assumed.",SE,0.2
13_2_Northern_Humboldt_Current_(1995-1998),routing_scenario,29,Catfish,catch,0.33977100000000005,0.2718168,"Freeze completed living P,Q,diet,predation,accumulation,migration. Solve EE for SM; detritus accumulation absorbs routed inflow at fixed predation. No new consumption is assumed.",SE,0.2
13_2_Northern_Humboldt_Current_(1995-1998),routing_scenario,27,Medium sciaenids,catch,0.06129891195000001,0.049039129560000005,"Freeze completed living P,Q,diet,predation,accumulation,migration. Solve EE for SM; detritus accumulation absorbs routed inflow at fixed predation. No new consumption is assumed.",SE,0.2
13_2_Northern_Humboldt_Current_(1995-1998),routing_scenario,26,Medium demersal fish,catch,0.1495674495,0.11965395960000001,"Freeze completed living P,Q,diet,predation,accumulation,migration. Solve EE for SM; detritus accumulation absorbs routed inflow at fixed predation. No new consumption is assumed.",SE,0.2
13_2_Northern_Humboldt_Current_(1995-1998),routing_scenario,23,Benthic elasmobranchs,catch,0.040511636700000006,0.032409309360000006,"Freeze completed living P,Q,diet,predation,accumulation,migration. Solve EE for SM; detritus accumulation absorbs routed inflow at fixed predation. No new consumption is assumed.",SE,0.2
13_2_Northern_Humboldt_Current_(1995-1998),routing_scenario,22,Small demersal fish,catch,0.019339230299999996,0.015471384239999997,"Freeze completed living P,Q,diet,predation,accumulation,migration. Solve EE for SM; detritus accumulation absorbs routed inflow at fixed predation. No new consumption is assumed.",SE,0.2
13_2_Northern_Humboldt_Current_(1995-1998),routing_scenario,21,Flatfish,catch,0.004058227155,0.0032465817240000003,"Freeze completed living P,Q,diet,predation,accumulation,migration. Solve EE for SM; detritus accumulation absorbs routed inflow at fixed predation. No new consumption is assumed.",SE,0.2
13_2_Northern_Humboldt_Current_(1995-1998),routing_scenario,20,Large hake,catch,0.04633476287999999,0.03706781030399999,"Freeze completed living P,Q,diet,predation,accumulation,migration. Solve EE for SM; detritus accumulation absorbs routed inflow at fixed predation. No new consumption is assumed.",SE,0.2
13_2_Northern_Humboldt_Current_(1995-1998),routing_scenario,19,Medium hake,catch,0.048676,0.0389408,"Freeze completed living P,Q,diet,predation,accumulation,migration. Solve EE for SM; detritus accumulation absorbs routed inflow at fixed predation. No new consumption is assumed.",SE,0.2
13_2_Northern_Humboldt_Current_(1995-1998),routing_scenario,18,Small hake,catch,1.1659147664,0.9327318131200001,"Freeze completed living P,Q,diet,predation,accumulation,migration. Solve EE for SM; detritus accumulation absorbs routed inflow at fixed predation. No new consumption is assumed.",SE,0.2
13_2_Northern_Humboldt_Current_(1995-1998),routing_scenario,17,Other large pelagic fish,catch,0.3338190135,0.2670552108,"Freeze completed living P,Q,diet,predation,accumulation,migration. Solve EE for SM; detritus accumulation absorbs routed inflow at fixed predation. No new consumption is assumed.",SE,0.2
13_2_Northern_Humboldt_Current_(1995-1998),routing_scenario,16,Chub mackerel,catch,0.7426541746,0.5941233396800001,"Freeze completed living P,Q,diet,predation,accumulation,migration. Solve EE for SM; detritus accumulation absorbs routed inflow at fixed predation. No new consumption is assumed.",SE,0.2
13_2_Northern_Humboldt_Current_(1995-1998),routing_scenario,15,Horse mackerel,catch,1.7465229457,1.39721835656,"Freeze completed living P,Q,diet,predation,accumulation,migration. Solve EE for SM; detritus accumulation absorbs routed inflow at fixed predation. No new consumption is assumed.",SE,0.2
13_2_Northern_Humboldt_Current_(1995-1998),routing_scenario,14,Other small pelagic fish,catch,1.689793515,1.351834812,"Freeze completed living P,Q,diet,predation,accumulation,migration. Solve EE for SM; detritus accumulation absorbs routed inflow at fixed predation. No new consumption is assumed.",SE,0.2
13_2_Northern_Humboldt_Current_(1995-1998),routing_scenario,13,Other cephalopods,catch,0.0354708445375,0.02837667563,"Freeze completed living P,Q,diet,predation,accumulation,migration. Solve EE for SM; detritus accumulation absorbs routed inflow at fixed predation. No new consumption is assumed.",SE,0.2
13_2_Northern_Humboldt_Current_(1995-1998),routing_scenario,12,Jumbo squid,catch,0.10546329965,0.08437063972,"Freeze completed living P,Q,diet,predation,accumulation,migration. Solve EE for SM; detritus accumulation absorbs routed inflow at fixed predation. No new consumption is assumed.",SE,0.2
13_2_Northern_Humboldt_Current_(1995-1998),routing_scenario,10,Anchovy,catch,23.1699877955,18.5359902364,"Freeze completed living P,Q,diet,predation,accumulation,migration. Solve EE for SM; detritus accumulation absorbs routed inflow at fixed predation. No new consumption is assumed.",SE,0.2
13_2_Northern_Humboldt_Current_(1995-1998),routing_scenario,9,Sardine,catch,5.82596898325,4.6607751866000005,"Freeze completed living P,Q,diet,predation,accumulation,migration. Solve EE for SM; detritus accumulation absorbs routed inflow at fixed predation. No new consumption is assumed.",SE,0.2
13_2_Northern_Humboldt_Current_(1995-1998),routing_scenario,30,Chondrichthyans,external_loss,0.0,0.00287927229,"Freeze completed living P,Q,diet,predation,accumulation,migration. Solve EE for SM; detritus accumulation absorbs routed inflow at fixed predation. No new consumption is assumed.",SE,0.2
13_2_Northern_Humboldt_Current_(1995-1998),routing_scenario,29,Catfish,external_loss,0.0,0.0679542,"Freeze completed living P,Q,diet,predation,accumulation,migration. Solve EE for SM; detritus accumulation absorbs routed inflow at fixed predation. No new consumption is assumed.",SE,0.2
13_2_Northern_Humboldt_Current_(1995-1998),routing_scenario,27,Medium sciaenids,external_loss,0.0,0.012259782390000001,"Freeze completed living P,Q,diet,predation,accumulation,migration. Solve EE for SM; detritus accumulation absorbs routed inflow at fixed predation. No new consumption is assumed.",SE,0.2
13_2_Northern_Humboldt_Current_(1995-1998),routing_scenario,26,Medium demersal fish,external_loss,0.0,0.029913489900000003,"Freeze completed living P,Q,diet,predation,accumulation,migration. Solve EE for SM; detritus accumulation absorbs routed inflow at fixed predation. No new consumption is assumed.",SE,0.2
13_2_Northern_Humboldt_Current_(1995-1998),routing_scenario,23,Benthic elasmobranchs,external_loss,0.0,0.008102327340000002,"Freeze completed living P,Q,diet,predation,accumulation,migration. Solve EE for SM; detritus accumulation absorbs routed inflow at fixed predation. No new consumption is assumed.",SE,0.2
13_2_Northern_Humboldt_Current_(1995-1998),routing_scenario,22,Small demersal fish,external_loss,0.0,0.003867846059999999,"Freeze completed living P,Q,diet,predation,accumulation,migration. Solve EE for SM; detritus accumulation absorbs routed inflow at fixed predation. No new consumption is assumed.",SE,0.2
13_2_Northern_Humboldt_Current_(1995-1998),routing_scenario,21,Flatfish,external_loss,0.0,0.0008116454310000001,"Freeze completed living P,Q,diet,predation,accumulation,migration. Solve EE for SM; detritus accumulation absorbs routed inflow at fixed predation. No new consumption is assumed.",SE,0.2
13_2_Northern_Humboldt_Current_(1995-1998),routing_scenario,20,Large hake,external_loss,0.0,0.009266952575999998,"Freeze completed living P,Q,diet,predation,accumulation,migration. Solve EE for SM; detritus accumulation absorbs routed inflow at fixed predation. No new consumption is assumed.",SE,0.2
13_2_Northern_Humboldt_Current_(1995-1998),routing_scenario,19,Medium hake,external_loss,0.0,0.0097352,"Freeze completed living P,Q,diet,predation,accumulation,migration. Solve EE for SM; detritus accumulation absorbs routed inflow at fixed predation. No new consumption is assumed.",SE,0.2
13_2_Northern_Humboldt_Current_(1995-1998),routing_scenario,18,Small hake,external_loss,0.0,0.23318295328000002,"Freeze completed living P,Q,diet,predation,accumulation,migration. Solve EE for SM; detritus accumulation absorbs routed inflow at fixed predation. No new consumption is assumed.",SE,0.2
13_2_Northern_Humboldt_Current_(1995-1998),routing_scenario,17,Other large pelagic fish,external_loss,0.0,0.0667638027,"Freeze completed living P,Q,diet,predation,accumulation,migration. Solve EE for SM; detritus accumulation absorbs routed inflow at fixed predation. No new consumption is assumed.",SE,0.2
13_2_Northern_Humboldt_Current_(1995-1998),routing_scenario,16,Chub mackerel,external_loss,0.0,0.14853083492000002,"Freeze completed living P,Q,diet,predation,accumulation,migration. Solve EE for SM; detritus accumulation absorbs routed inflow at fixed predation. No new consumption is assumed.",SE,0.2
13_2_Northern_Humboldt_Current_(1995-1998),routing_scenario,15,Horse mackerel,external_loss,0.0,0.34930458914,"Freeze completed living P,Q,diet,predation,accumulation,migration. Solve EE for SM; detritus accumulation absorbs routed inflow at fixed predation. No new consumption is assumed.",SE,0.2
13_2_Northern_Humboldt_Current_(1995-1998),routing_scenario,14,Other small pelagic fish,external_loss,0.0,0.337958703,"Freeze completed living P,Q,diet,predation,accumulation,migration. Solve EE for SM; detritus accumulation absorbs routed inflow at fixed predation. No new consumption is assumed.",SE,0.2
13_2_Northern_Humboldt_Current_(1995-1998),routing_scenario,13,Other cephalopods,external_loss,0.0,0.0070941689075,"Freeze completed living P,Q,diet,predation,accumulation,migration. Solve EE for SM; detritus accumulation absorbs routed inflow at fixed predation. No new consumption is assumed.",SE,0.2
13_2_Northern_Humboldt_Current_(1995-1998),routing_scenario,12,Jumbo squid,external_loss,0.0,0.02109265993,"Freeze completed living P,Q,diet,predation,accumulation,migration. Solve EE for SM; detritus accumulation absorbs routed inflow at fixed predation. No new consumption is assumed.",SE,0.2
13_2_Northern_Humboldt_Current_(1995-1998),routing_scenario,10,Anchovy,external_loss,0.0,4.6339975591,"Freeze completed living P,Q,diet,predation,accumulation,migration. Solve EE for SM; detritus accumulation absorbs routed inflow at fixed predation. No new consumption is assumed.",SE,0.2
13_2_Northern_Humboldt_Current_(1995-1998),routing_scenario,9,Sardine,external_loss,0.0,1.1651937966500001,"Freeze completed living P,Q,diet,predation,accumulation,migration. Solve EE for SM; detritus accumulation absorbs routed inflow at fixed predation. No new consumption is assumed.",SE,0.2
13_2_Northern_Humboldt_Current_(1995-1998),routing_scenario,39,Benthic detritus,p,1751.6112896867576,1758.0084084920106,"Freeze completed living P,Q,diet,predation,accumulation,migration. Solve EE for SM; detritus accumulation absorbs routed inflow at fixed predation. No new consumption is assumed.",SR,0.2
13_2_Northern_Humboldt_Current_(1995-1998),routing_scenario,38,Pelagic detritus,p,5090.259743360343,5090.970534338705,"Freeze completed living P,Q,diet,predation,accumulation,migration. Solve EE for SM; detritus accumulation absorbs routed inflow at fixed predation. No new consumption is assumed.",SR,0.2
13_2_Northern_Humboldt_Current_(1995-1998),routing_scenario,39,Benthic detritus,q,1751.6112896867576,1758.0084084920106,"Freeze completed living P,Q,diet,predation,accumulation,migration. Solve EE for SM; detritus accumulation absorbs routed inflow at fixed predation. No new consumption is assumed.",SR,0.2
13_2_Northern_Humboldt_Current_(1995-1998),routing_scenario,38,Pelagic detritus,q,5090.259743360343,5090.970534338705,"Freeze completed living P,Q,diet,predation,accumulation,migration. Solve EE for SM; detritus accumulation absorbs routed inflow at fixed predation. No new consumption is assumed.",SR,0.2
13_2_Northern_Humboldt_Current_(1995-1998),routing_scenario,39,Benthic detritus,growth,-4340.9949724808885,-4334.597853675636,"Freeze completed living P,Q,diet,predation,accumulation,migration. Solve EE for SM; detritus accumulation absorbs routed inflow at fixed predation. No new consumption is assumed.",SR,0.2
13_2_Northern_Humboldt_Current_(1995-1998),routing_scenario,38,Pelagic detritus,growth,5090.259743360343,5090.970534338705,"Freeze completed living P,Q,diet,predation,accumulation,migration. Solve EE for SM; detritus accumulation absorbs routed inflow at fixed predation. No new consumption is assumed.",SR,0.2
13_2_Northern_Humboldt_Current_(1995-1998),routing_scenario,39,Benthic detritus,p,1751.6112896867576,1758.9096134463348,"Freeze completed living P,Q,diet,predation,accumulation,migration. Solve EE for SM; detritus accumulation absorbs routed inflow at fixed predation. No new consumption is assumed.",SM,0.25
13_2_Northern_Humboldt_Current_(1995-1998),routing_scenario,38,Pelagic detritus,p,5090.259743360343,5090.398182593065,"Freeze completed living P,Q,diet,predation,accumulation,migration. Solve EE for SM; detritus accumulation absorbs routed inflow at fixed predation. No new consumption is assumed.",SM,0.25
13_2_Northern_Humboldt_Current_(1995-1998),routing_scenario,36,Anchovy eggs,p,81.93913403799536,83.38725827521411,"Freeze completed living P,Q,diet,predation,accumulation,migration. Solve EE for SM; detritus accumulation absorbs routed inflow at fixed predation. No new consumption is assumed.",SM,0.25
13_2_Northern_Humboldt_Current_(1995-1998),routing_scenario,39,Benthic detritus,q,1751.6112896867576,1758.9096134463348,"Freeze completed living P,Q,diet,predation,accumulation,migration. Solve EE for SM; detritus accumulation absorbs routed inflow at fixed predation. No new consumption is assumed.",SM,0.25
13_2_Northern_Humboldt_Current_(1995-1998),routing_scenario,38,Pelagic detritus,q,5090.259743360343,5090.398182593065,"Freeze completed living P,Q,diet,predation,accumulation,migration. Solve EE for SM; detritus accumulation absorbs routed inflow at fixed predation. No new consumption is assumed.",SM,0.25
13_2_Northern_Humboldt_Current_(1995-1998),routing_scenario,36,Anchovy eggs,q,81.93913403799536,83.38725827521411,"Freeze completed living P,Q,diet,predation,accumulation,migration. Solve EE for SM; detritus accumulation absorbs routed inflow at fixed predation. No new consumption is assumed.",SM,0.25
13_2_Northern_Humboldt_Current_(1995-1998),routing_scenario,30,Chondrichthyans,M0,0.01111863866537926,0.01471772902787926,"Freeze completed living P,Q,diet,predation,accumulation,migration. Solve EE for SM; detritus accumulation absorbs routed inflow at fixed predation. No new consumption is assumed.",SM,0.25
13_2_Northern_Humboldt_Current_(1995-1998),routing_scenario,29,Catfish,M0,0.0986964358664111,0.1836391858664111,"Freeze completed living P,Q,diet,predation,accumulation,migration. Solve EE for SM; detritus accumulation absorbs routed inflow at fixed predation. No new consumption is assumed.",SM,0.25
13_2_Northern_Humboldt_Current_(1995-1998),routing_scenario,27,Medium sciaenids,M0,0.07797065965059131,0.09329538763809131,"Freeze completed living P,Q,diet,predation,accumulation,migration. Solve EE for SM; detritus accumulation absorbs routed inflow at fixed predation. No new consumption is assumed.",SM,0.25
13_2_Northern_Humboldt_Current_(1995-1998),routing_scenario,26,Medium demersal fish,M0,0.0702195877127324,0.1076114500877324,"Freeze completed living P,Q,diet,predation,accumulation,migration. Solve EE for SM; detritus accumulation absorbs routed inflow at fixed predation. No new consumption is assumed.",SM,0.25
13_2_Northern_Humboldt_Current_(1995-1998),routing_scenario,23,Benthic elasmobranchs,M0,0.02098836399473636,0.03111627316973636,"Freeze completed living P,Q,diet,predation,accumulation,migration. Solve EE for SM; detritus accumulation absorbs routed inflow at fixed predation. No new consumption is assumed.",SM,0.25
13_2_Northern_Humboldt_Current_(1995-1998),routing_scenario,22,Small demersal fish,M0,3.2426595415784147,3.2474943491534147,"Freeze completed living P,Q,diet,predation,accumulation,migration. Solve EE for SM; detritus accumulation absorbs routed inflow at fixed predation. No new consumption is assumed.",SM,0.25
13_2_Northern_Humboldt_Current_(1995-1998),routing_scenario,21,Flatfish,M0,3.451325833853003e-05,0.00104907004708853,"Freeze completed living P,Q,diet,predation,accumulation,migration. Solve EE for SM; detritus accumulation absorbs routed inflow at fixed predation. No new consumption is assumed.",SM,0.25
13_2_Northern_Humboldt_Current_(1995-1998),routing_scenario,20,Large hake,M0,0.006700170035899526,0.018283860755899523,"Freeze completed living P,Q,diet,predation,accumulation,migration. Solve EE for SM; detritus accumulation absorbs routed inflow at fixed predation. No new consumption is assumed.",SM,0.25
13_2_Northern_Humboldt_Current_(1995-1998),routing_scenario,19,Medium hake,M0,0.44286476478316994,0.4550337647831699,"Freeze completed living P,Q,diet,predation,accumulation,migration. Solve EE for SM; detritus accumulation absorbs routed inflow at fixed predation. No new consumption is assumed.",SM,0.25
13_2_Northern_Humboldt_Current_(1995-1998),routing_scenario,18,Small hake,M0,0.628031663830784,0.919510355430784,"Freeze completed living P,Q,diet,predation,accumulation,migration. Solve EE for SM; detritus accumulation absorbs routed inflow at fixed predation. No new consumption is assumed.",SM,0.25
13_2_Northern_Humboldt_Current_(1995-1998),routing_scenario,17,Other large pelagic fish,M0,0.3416564469598926,0.4251112003348926,"Freeze completed living P,Q,diet,predation,accumulation,migration. Solve EE for SM; detritus accumulation absorbs routed inflow at fixed predation. No new consumption is assumed.",SM,0.25
13_2_Northern_Humboldt_Current_(1995-1998),routing_scenario,16,Chub mackerel,M0,5.522509613684951,5.708173157334951,"Freeze completed living P,Q,diet,predation,accumulation,migration. Solve EE for SM; detritus accumulation absorbs routed inflow at fixed predation. No new consumption is assumed.",SM,0.25
13_2_Northern_Humboldt_Current_(1995-1998),routing_scenario,15,Horse mackerel,M0,6.695953029518151,7.132583765943151,"Freeze completed living P,Q,diet,predation,accumulation,migration. Solve EE for SM; detritus accumulation absorbs routed inflow at fixed predation. No new consumption is assumed.",SM,0.25
13_2_Northern_Humboldt_Current_(1995-1998),routing_scenario,14,Other small pelagic fish,M0,1.0995008229018595,1.5219492016518594,"Freeze completed living P,Q,diet,predation,accumulation,migration. Solve EE for SM; detritus accumulation absorbs routed inflow at fixed predation. No new consumption is assumed.",SM,0.25
13_2_Northern_Humboldt_Current_(1995-1998),routing_scenario,13,Other cephalopods,M0,0.38835856631069415,0.39722627744506916,"Freeze completed living P,Q,diet,predation,accumulation,migration. Solve EE for SM; detritus accumulation absorbs routed inflow at fixed predation. No new consumption is assumed.",SM,0.25
13_2_Northern_Humboldt_Current_(1995-1998),routing_scenario,12,Jumbo squid,M0,0.6834706928629479,0.7098365177754479,"Freeze completed living P,Q,diet,predation,accumulation,migration. Solve EE for SM; detritus accumulation absorbs routed inflow at fixed predation. No new consumption is assumed.",SM,0.25
13_2_Northern_Humboldt_Current_(1995-1998),routing_scenario,10,Anchovy,M0,21.594902660465323,27.38739960934032,"Freeze completed living P,Q,diet,predation,accumulation,migration. Solve EE for SM; detritus accumulation absorbs routed inflow at fixed predation. No new consumption is assumed.",SM,0.25
13_2_Northern_Humboldt_Current_(1995-1998),routing_scenario,9,Sardine,M0,0.45094358787714506,1.907435833689645,"Freeze completed living P,Q,diet,predation,accumulation,migration. Solve EE for SM; detritus accumulation absorbs routed inflow at fixed predation. No new consumption is assumed.",SM,0.25
13_2_Northern_Humboldt_Current_(1995-1998),routing_scenario,30,Chondrichthyans,EE,0.564231276512146,0.4231734491840947,"Freeze completed living P,Q,diet,predation,accumulation,migration. Solve EE for SM; detritus accumulation absorbs routed inflow at fixed predation. No new consumption is assumed.",SM,0.25
13_2_Northern_Humboldt_Current_(1995-1998),routing_scenario,29,Catfish,EE,0.8212506771087646,0.6674106836608675,"Freeze completed living P,Q,diet,predation,accumulation,migration. Solve EE for SM; detritus accumulation absorbs routed inflow at fixed predation. No new consumption is assumed.",SM,0.25
13_2_Northern_Humboldt_Current_(1995-1998),routing_scenario,27,Medium sciaenids,EE,0.7098218202590942,0.6527888069132397,"Freeze completed living P,Q,diet,predation,accumulation,migration. Solve EE for SM; detritus accumulation absorbs routed inflow at fixed predation. No new consumption is assumed.",SM,0.25
13_2_Northern_Humboldt_Current_(1995-1998),routing_scenario,26,Medium demersal fish,EE,0.8201572895050049,0.7243912205345302,"Freeze completed living P,Q,diet,predation,accumulation,migration. Solve EE for SM; detritus accumulation absorbs routed inflow at fixed predation. No new consumption is assumed.",SM,0.25
13_2_Northern_Humboldt_Current_(1995-1998),routing_scenario,23,Benthic elasmobranchs,EE,0.6587257981300354,0.4940443526788111,"Freeze completed living P,Q,diet,predation,accumulation,migration. Solve EE for SM; detritus accumulation absorbs routed inflow at fixed predation. No new consumption is assumed.",SM,0.25
13_2_Northern_Humboldt_Current_(1995-1998),routing_scenario,22,Small demersal fish,EE,0.7304298281669617,0.7300278988579914,"Freeze completed living P,Q,diet,predation,accumulation,migration. Solve EE for SM; detritus accumulation absorbs routed inflow at fixed predation. No new consumption is assumed.",SM,0.25
13_2_Northern_Humboldt_Current_(1995-1998),routing_scenario,21,Flatfish,EE,0.9954587817192078,0.8619644651066894,"Freeze completed living P,Q,diet,predation,accumulation,migration. Solve EE for SM; detritus accumulation absorbs routed inflow at fixed predation. No new consumption is assumed.",SM,0.25
13_2_Northern_Humboldt_Current_(1995-1998),routing_scenario,20,Large hake,EE,0.8738672733306885,0.6558007932892691,"Freeze completed living P,Q,diet,predation,accumulation,migration. Solve EE for SM; detritus accumulation absorbs routed inflow at fixed predation. No new consumption is assumed.",SM,0.25
13_2_Northern_Humboldt_Current_(1995-1998),routing_scenario,19,Medium hake,EE,0.14074458181858063,0.11713403517920384,"Freeze completed living P,Q,diet,predation,accumulation,migration. Solve EE for SM; detritus accumulation absorbs routed inflow at fixed predation. No new consumption is assumed.",SM,0.25
13_2_Northern_Humboldt_Current_(1995-1998),routing_scenario,18,Small hake,EE,0.7213676571846008,0.5920503068047038,"Freeze completed living P,Q,diet,predation,accumulation,migration. Solve EE for SM; detritus accumulation absorbs routed inflow at fixed predation. No new consumption is assumed.",SM,0.25
13_2_Northern_Humboldt_Current_(1995-1998),routing_scenario,17,Other large pelagic fish,EE,0.533972442150116,0.42013816431814754,"Freeze completed living P,Q,diet,predation,accumulation,migration. Solve EE for SM; detritus accumulation absorbs routed inflow at fixed predation. No new consumption is assumed.",SM,0.25
13_2_Northern_Humboldt_Current_(1995-1998),routing_scenario,16,Chub mackerel,EE,0.15512745082378387,0.12672332980171164,"Freeze completed living P,Q,diet,predation,accumulation,migration. Solve EE for SM; detritus accumulation absorbs routed inflow at fixed predation. No new consumption is assumed.",SM,0.25
13_2_Northern_Humboldt_Current_(1995-1998),routing_scenario,15,Horse mackerel,EE,0.23551708459854126,0.18566656490932376,"Freeze completed living P,Q,diet,predation,accumulation,migration. Solve EE for SM; detritus accumulation absorbs routed inflow at fixed predation. No new consumption is assumed.",SM,0.25
13_2_Northern_Humboldt_Current_(1995-1998),routing_scenario,14,Other small pelagic fish,EE,0.8999999761581421,0.861578133202664,"Freeze completed living P,Q,diet,predation,accumulation,migration. Solve EE for SM; detritus accumulation absorbs routed inflow at fixed predation. No new consumption is assumed.",SM,0.25
13_2_Northern_Humboldt_Current_(1995-1998),routing_scenario,13,Other cephalopods,EE,0.949999988079071,0.9488582966091438,"Freeze completed living P,Q,diet,predation,accumulation,migration. Solve EE for SM; detritus accumulation absorbs routed inflow at fixed predation. No new consumption is assumed.",SM,0.25
13_2_Northern_Humboldt_Current_(1995-1998),routing_scenario,12,Jumbo squid,EE,0.7999784350395203,0.7922623272158161,"Freeze completed living P,Q,diet,predation,accumulation,migration. Solve EE for SM; detritus accumulation absorbs routed inflow at fixed predation. No new consumption is assumed.",SM,0.25
13_2_Northern_Humboldt_Current_(1995-1998),routing_scenario,10,Anchovy,EE,0.8148474097251892,0.765183105555548,"Freeze completed living P,Q,diet,predation,accumulation,migration. Solve EE for SM; detritus accumulation absorbs routed inflow at fixed predation. No new consumption is assumed.",SM,0.25
13_2_Northern_Humboldt_Current_(1995-1998),routing_scenario,9,Sardine,EE,0.9700034856796265,0.8731184391160406,"Freeze completed living P,Q,diet,predation,accumulation,migration. Solve EE for SM; detritus accumulation absorbs routed inflow at fixed predation. No new consumption is assumed.",SM,0.25
13_2_Northern_Humboldt_Current_(1995-1998),routing_scenario,30,Chondrichthyans,catch,0.01439636145,0.010797271087500001,"Freeze completed living P,Q,diet,predation,accumulation,migration. Solve EE for SM; detritus accumulation absorbs routed inflow at fixed predation. No new consumption is assumed.",SM,0.25
13_2_Northern_Humboldt_Current_(1995-1998),routing_scenario,29,Catfish,catch,0.33977100000000005,0.25482825000000003,"Freeze completed living P,Q,diet,predation,accumulation,migration. Solve EE for SM; detritus accumulation absorbs routed inflow at fixed predation. No new consumption is assumed.",SM,0.25
13_2_Northern_Humboldt_Current_(1995-1998),routing_scenario,27,Medium sciaenids,catch,0.06129891195000001,0.045974183962500005,"Freeze completed living P,Q,diet,predation,accumulation,migration. Solve EE for SM; detritus accumulation absorbs routed inflow at fixed predation. No new consumption is assumed.",SM,0.25
13_2_Northern_Humboldt_Current_(1995-1998),routing_scenario,26,Medium demersal fish,catch,0.1495674495,0.112175587125,"Freeze completed living P,Q,diet,predation,accumulation,migration. Solve EE for SM; detritus accumulation absorbs routed inflow at fixed predation. No new consumption is assumed.",SM,0.25
13_2_Northern_Humboldt_Current_(1995-1998),routing_scenario,23,Benthic elasmobranchs,catch,0.040511636700000006,0.030383727525000005,"Freeze completed living P,Q,diet,predation,accumulation,migration. Solve EE for SM; detritus accumulation absorbs routed inflow at fixed predation. No new consumption is assumed.",SM,0.25
13_2_Northern_Humboldt_Current_(1995-1998),routing_scenario,22,Small demersal fish,catch,0.019339230299999996,0.014504422724999997,"Freeze completed living P,Q,diet,predation,accumulation,migration. Solve EE for SM; detritus accumulation absorbs routed inflow at fixed predation. No new consumption is assumed.",SM,0.25
13_2_Northern_Humboldt_Current_(1995-1998),routing_scenario,21,Flatfish,catch,0.004058227155,0.00304367036625,"Freeze completed living P,Q,diet,predation,accumulation,migration. Solve EE for SM; detritus accumulation absorbs routed inflow at fixed predation. No new consumption is assumed.",SM,0.25
13_2_Northern_Humboldt_Current_(1995-1998),routing_scenario,20,Large hake,catch,0.04633476287999999,0.03475107215999999,"Freeze completed living P,Q,diet,predation,accumulation,migration. Solve EE for SM; detritus accumulation absorbs routed inflow at fixed predation. No new consumption is assumed.",SM,0.25
13_2_Northern_Humboldt_Current_(1995-1998),routing_scenario,19,Medium hake,catch,0.048676,0.036507,"Freeze completed living P,Q,diet,predation,accumulation,migration. Solve EE for SM; detritus accumulation absorbs routed inflow at fixed predation. No new consumption is assumed.",SM,0.25
13_2_Northern_Humboldt_Current_(1995-1998),routing_scenario,18,Small hake,catch,1.1659147664,0.8744360748,"Freeze completed living P,Q,diet,predation,accumulation,migration. Solve EE for SM; detritus accumulation absorbs routed inflow at fixed predation. No new consumption is assumed.",SM,0.25
13_2_Northern_Humboldt_Current_(1995-1998),routing_scenario,17,Other large pelagic fish,catch,0.3338190135,0.250364260125,"Freeze completed living P,Q,diet,predation,accumulation,migration. Solve EE for SM; detritus accumulation absorbs routed inflow at fixed predation. No new consumption is assumed.",SM,0.25
13_2_Northern_Humboldt_Current_(1995-1998),routing_scenario,16,Chub mackerel,catch,0.7426541746,0.55699063095,"Freeze completed living P,Q,diet,predation,accumulation,migration. Solve EE for SM; detritus accumulation absorbs routed inflow at fixed predation. No new consumption is assumed.",SM,0.25
13_2_Northern_Humboldt_Current_(1995-1998),routing_scenario,15,Horse mackerel,catch,1.7465229457,1.309892209275,"Freeze completed living P,Q,diet,predation,accumulation,migration. Solve EE for SM; detritus accumulation absorbs routed inflow at fixed predation. No new consumption is assumed.",SM,0.25
13_2_Northern_Humboldt_Current_(1995-1998),routing_scenario,14,Other small pelagic fish,catch,1.689793515,1.2673451362500001,"Freeze completed living P,Q,diet,predation,accumulation,migration. Solve EE for SM; detritus accumulation absorbs routed inflow at fixed predation. No new consumption is assumed.",SM,0.25
13_2_Northern_Humboldt_Current_(1995-1998),routing_scenario,13,Other cephalopods,catch,0.0354708445375,0.026603133403125,"Freeze completed living P,Q,diet,predation,accumulation,migration. Solve EE for SM; detritus accumulation absorbs routed inflow at fixed predation. No new consumption is assumed.",SM,0.25
13_2_Northern_Humboldt_Current_(1995-1998),routing_scenario,12,Jumbo squid,catch,0.10546329965,0.07909747473749999,"Freeze completed living P,Q,diet,predation,accumulation,migration. Solve EE for SM; detritus accumulation absorbs routed inflow at fixed predation. No new consumption is assumed.",SM,0.25
13_2_Northern_Humboldt_Current_(1995-1998),routing_scenario,10,Anchovy,catch,23.1699877955,17.377490846625,"Freeze completed living P,Q,diet,predation,accumulation,migration. Solve EE for SM; detritus accumulation absorbs routed inflow at fixed predation. No new consumption is assumed.",SM,0.25
13_2_Northern_Humboldt_Current_(1995-1998),routing_scenario,9,Sardine,catch,5.82596898325,4.3694767374375,"Freeze completed living P,Q,diet,predation,accumulation,migration. Solve EE for SM; detritus accumulation absorbs routed inflow at fixed predation. No new consumption is assumed.",SM,0.25
13_2_Northern_Humboldt_Current_(1995-1998),routing_scenario,39,Benthic detritus,growth,-4340.9949724808885,-4333.696648721312,"Freeze completed living P,Q,diet,predation,accumulation,migration. Solve EE for SM; detritus accumulation absorbs routed inflow at fixed predation. No new consumption is assumed.",SM,0.25
13_2_Northern_Humboldt_Current_(1995-1998),routing_scenario,38,Pelagic detritus,growth,5090.259743360343,5090.398182593065,"Freeze completed living P,Q,diet,predation,accumulation,migration. Solve EE for SM; detritus accumulation absorbs routed inflow at fixed predation. No new consumption is assumed.",SM,0.25
13_2_Northern_Humboldt_Current_(1995-1998),routing_scenario,36,Anchovy eggs,growth,12.539441007952618,13.987565245171368,"Freeze completed living P,Q,diet,predation,accumulation,migration. Solve EE for SM; detritus accumulation absorbs routed inflow at fixed predation. No new consumption is assumed.",SM,0.25
13_2_Northern_Humboldt_Current_(1995-1998),routing_scenario,30,Chondrichthyans,catch,0.01439636145,0.010797271087500001,"Freeze completed living P,Q,diet,predation,accumulation,migration. Solve EE for SM; detritus accumulation absorbs routed inflow at fixed predation. No new consumption is assumed.",SE,0.25
13_2_Northern_Humboldt_Current_(1995-1998),routing_scenario,29,Catfish,catch,0.33977100000000005,0.25482825000000003,"Freeze completed living P,Q,diet,predation,accumulation,migration. Solve EE for SM; detritus accumulation absorbs routed inflow at fixed predation. No new consumption is assumed.",SE,0.25
13_2_Northern_Humboldt_Current_(1995-1998),routing_scenario,27,Medium sciaenids,catch,0.06129891195000001,0.045974183962500005,"Freeze completed living P,Q,diet,predation,accumulation,migration. Solve EE for SM; detritus accumulation absorbs routed inflow at fixed predation. No new consumption is assumed.",SE,0.25
13_2_Northern_Humboldt_Current_(1995-1998),routing_scenario,26,Medium demersal fish,catch,0.1495674495,0.112175587125,"Freeze completed living P,Q,diet,predation,accumulation,migration. Solve EE for SM; detritus accumulation absorbs routed inflow at fixed predation. No new consumption is assumed.",SE,0.25
13_2_Northern_Humboldt_Current_(1995-1998),routing_scenario,23,Benthic elasmobranchs,catch,0.040511636700000006,0.030383727525000005,"Freeze completed living P,Q,diet,predation,accumulation,migration. Solve EE for SM; detritus accumulation absorbs routed inflow at fixed predation. No new consumption is assumed.",SE,0.25
13_2_Northern_Humboldt_Current_(1995-1998),routing_scenario,22,Small demersal fish,catch,0.019339230299999996,0.014504422724999997,"Freeze completed living P,Q,diet,predation,accumulation,migration. Solve EE for SM; detritus accumulation absorbs routed inflow at fixed predation. No new consumption is assumed.",SE,0.25
13_2_Northern_Humboldt_Current_(1995-1998),routing_scenario,21,Flatfish,catch,0.004058227155,0.00304367036625,"Freeze completed living P,Q,diet,predation,accumulation,migration. Solve EE for SM; detritus accumulation absorbs routed inflow at fixed predation. No new consumption is assumed.",SE,0.25
13_2_Northern_Humboldt_Current_(1995-1998),routing_scenario,20,Large hake,catch,0.04633476287999999,0.03475107215999999,"Freeze completed living P,Q,diet,predation,accumulation,migration. Solve EE for SM; detritus accumulation absorbs routed inflow at fixed predation. No new consumption is assumed.",SE,0.25
13_2_Northern_Humboldt_Current_(1995-1998),routing_scenario,19,Medium hake,catch,0.048676,0.036507,"Freeze completed living P,Q,diet,predation,accumulation,migration. Solve EE for SM; detritus accumulation absorbs routed inflow at fixed predation. No new consumption is assumed.",SE,0.25
13_2_Northern_Humboldt_Current_(1995-1998),routing_scenario,18,Small hake,catch,1.1659147664,0.8744360748,"Freeze completed living P,Q,diet,predation,accumulation,migration. Solve EE for SM; detritus accumulation absorbs routed inflow at fixed predation. No new consumption is assumed.",SE,0.25
13_2_Northern_Humboldt_Current_(1995-1998),routing_scenario,17,Other large pelagic fish,catch,0.3338190135,0.250364260125,"Freeze completed living P,Q,diet,predation,accumulation,migration. Solve EE for SM; detritus accumulation absorbs routed inflow at fixed predation. No new consumption is assumed.",SE,0.25
13_2_Northern_Humboldt_Current_(1995-1998),routing_scenario,16,Chub mackerel,catch,0.7426541746,0.55699063095,"Freeze completed living P,Q,diet,predation,accumulation,migration. Solve EE for SM; detritus accumulation absorbs routed inflow at fixed predation. No new consumption is assumed.",SE,0.25
13_2_Northern_Humboldt_Current_(1995-1998),routing_scenario,15,Horse mackerel,catch,1.7465229457,1.309892209275,"Freeze completed living P,Q,diet,predation,accumulation,migration. Solve EE for SM; detritus accumulation absorbs routed inflow at fixed predation. No new consumption is assumed.",SE,0.25
13_2_Northern_Humboldt_Current_(1995-1998),routing_scenario,14,Other small pelagic fish,catch,1.689793515,1.2673451362500001,"Freeze completed living P,Q,diet,predation,accumulation,migration. Solve EE for SM; detritus accumulation absorbs routed inflow at fixed predation. No new consumption is assumed.",SE,0.25
13_2_Northern_Humboldt_Current_(1995-1998),routing_scenario,13,Other cephalopods,catch,0.0354708445375,0.026603133403125,"Freeze completed living P,Q,diet,predation,accumulation,migration. Solve EE for SM; detritus accumulation absorbs routed inflow at fixed predation. No new consumption is assumed.",SE,0.25
13_2_Northern_Humboldt_Current_(1995-1998),routing_scenario,12,Jumbo squid,catch,0.10546329965,0.07909747473749999,"Freeze completed living P,Q,diet,predation,accumulation,migration. Solve EE for SM; detritus accumulation absorbs routed inflow at fixed predation. No new consumption is assumed.",SE,0.25
13_2_Northern_Humboldt_Current_(1995-1998),routing_scenario,10,Anchovy,catch,23.1699877955,17.377490846625,"Freeze completed living P,Q,diet,predation,accumulation,migration. Solve EE for SM; detritus accumulation absorbs routed inflow at fixed predation. No new consumption is assumed.",SE,0.25
13_2_Northern_Humboldt_Current_(1995-1998),routing_scenario,9,Sardine,catch,5.82596898325,4.3694767374375,"Freeze completed living P,Q,diet,predation,accumulation,migration. Solve EE for SM; detritus accumulation absorbs routed inflow at fixed predation. No new consumption is assumed.",SE,0.25
13_2_Northern_Humboldt_Current_(1995-1998),routing_scenario,30,Chondrichthyans,external_loss,0.0,0.0035990903625,"Freeze completed living P,Q,diet,predation,accumulation,migration. Solve EE for SM; detritus accumulation absorbs routed inflow at fixed predation. No new consumption is assumed.",SE,0.25
13_2_Northern_Humboldt_Current_(1995-1998),routing_scenario,29,Catfish,external_loss,0.0,0.08494275000000001,"Freeze completed living P,Q,diet,predation,accumulation,migration. Solve EE for SM; detritus accumulation absorbs routed inflow at fixed predation. No new consumption is assumed.",SE,0.25
13_2_Northern_Humboldt_Current_(1995-1998),routing_scenario,27,Medium sciaenids,external_loss,0.0,0.015324727987500002,"Freeze completed living P,Q,diet,predation,accumulation,migration. Solve EE for SM; detritus accumulation absorbs routed inflow at fixed predation. No new consumption is assumed.",SE,0.25
13_2_Northern_Humboldt_Current_(1995-1998),routing_scenario,26,Medium demersal fish,external_loss,0.0,0.037391862375,"Freeze completed living P,Q,diet,predation,accumulation,migration. Solve EE for SM; detritus accumulation absorbs routed inflow at fixed predation. No new consumption is assumed.",SE,0.25
13_2_Northern_Humboldt_Current_(1995-1998),routing_scenario,23,Benthic elasmobranchs,external_loss,0.0,0.010127909175000002,"Freeze completed living P,Q,diet,predation,accumulation,migration. Solve EE for SM; detritus accumulation absorbs routed inflow at fixed predation. No new consumption is assumed.",SE,0.25
13_2_Northern_Humboldt_Current_(1995-1998),routing_scenario,22,Small demersal fish,external_loss,0.0,0.004834807574999999,"Freeze completed living P,Q,diet,predation,accumulation,migration. Solve EE for SM; detritus accumulation absorbs routed inflow at fixed predation. No new consumption is assumed.",SE,0.25
13_2_Northern_Humboldt_Current_(1995-1998),routing_scenario,21,Flatfish,external_loss,0.0,0.00101455678875,"Freeze completed living P,Q,diet,predation,accumulation,migration. Solve EE for SM; detritus accumulation absorbs routed inflow at fixed predation. No new consumption is assumed.",SE,0.25
13_2_Northern_Humboldt_Current_(1995-1998),routing_scenario,20,Large hake,external_loss,0.0,0.011583690719999998,"Freeze completed living P,Q,diet,predation,accumulation,migration. Solve EE for SM; detritus accumulation absorbs routed inflow at fixed predation. No new consumption is assumed.",SE,0.25
13_2_Northern_Humboldt_Current_(1995-1998),routing_scenario,19,Medium hake,external_loss,0.0,0.012169,"Freeze completed living P,Q,diet,predation,accumulation,migration. Solve EE for SM; detritus accumulation absorbs routed inflow at fixed predation. No new consumption is assumed.",SE,0.25
13_2_Northern_Humboldt_Current_(1995-1998),routing_scenario,18,Small hake,external_loss,0.0,0.2914786916,"Freeze completed living P,Q,diet,predation,accumulation,migration. Solve EE for SM; detritus accumulation absorbs routed inflow at fixed predation. No new consumption is assumed.",SE,0.25
13_2_Northern_Humboldt_Current_(1995-1998),routing_scenario,17,Other large pelagic fish,external_loss,0.0,0.083454753375,"Freeze completed living P,Q,diet,predation,accumulation,migration. Solve EE for SM; detritus accumulation absorbs routed inflow at fixed predation. No new consumption is assumed.",SE,0.25
13_2_Northern_Humboldt_Current_(1995-1998),routing_scenario,16,Chub mackerel,external_loss,0.0,0.18566354365,"Freeze completed living P,Q,diet,predation,accumulation,migration. Solve EE for SM; detritus accumulation absorbs routed inflow at fixed predation. No new consumption is assumed.",SE,0.25
13_2_Northern_Humboldt_Current_(1995-1998),routing_scenario,15,Horse mackerel,external_loss,0.0,0.436630736425,"Freeze completed living P,Q,diet,predation,accumulation,migration. Solve EE for SM; detritus accumulation absorbs routed inflow at fixed predation. No new consumption is assumed.",SE,0.25
13_2_Northern_Humboldt_Current_(1995-1998),routing_scenario,14,Other small pelagic fish,external_loss,0.0,0.42244837875,"Freeze completed living P,Q,diet,predation,accumulation,migration. Solve EE for SM; detritus accumulation absorbs routed inflow at fixed predation. No new consumption is assumed.",SE,0.25
13_2_Northern_Humboldt_Current_(1995-1998),routing_scenario,13,Other cephalopods,external_loss,0.0,0.008867711134375,"Freeze completed living P,Q,diet,predation,accumulation,migration. Solve EE for SM; detritus accumulation absorbs routed inflow at fixed predation. No new consumption is assumed.",SE,0.25
13_2_Northern_Humboldt_Current_(1995-1998),routing_scenario,12,Jumbo squid,external_loss,0.0,0.0263658249125,"Freeze completed living P,Q,diet,predation,accumulation,migration. Solve EE for SM; detritus accumulation absorbs routed inflow at fixed predation. No new consumption is assumed.",SE,0.25
13_2_Northern_Humboldt_Current_(1995-1998),routing_scenario,10,Anchovy,external_loss,0.0,5.792496948875,"Freeze completed living P,Q,diet,predation,accumulation,migration. Solve EE for SM; detritus accumulation absorbs routed inflow at fixed predation. No new consumption is assumed.",SE,0.25
13_2_Northern_Humboldt_Current_(1995-1998),routing_scenario,9,Sardine,external_loss,0.0,1.4564922458125,"Freeze completed living P,Q,diet,predation,accumulation,migration. Solve EE for SM; detritus accumulation absorbs routed inflow at fixed predation. No new consumption is assumed.",SE,0.25
13_2_Northern_Humboldt_Current_(1995-1998),routing_scenario,39,Benthic detritus,p,1751.6112896867576,1759.6076881933238,"Freeze completed living P,Q,diet,predation,accumulation,migration. Solve EE for SM; detritus accumulation absorbs routed inflow at fixed predation. No new consumption is assumed.",SR,0.25
13_2_Northern_Humboldt_Current_(1995-1998),routing_scenario,38,Pelagic detritus,p,5090.259743360343,5091.148232083295,"Freeze completed living P,Q,diet,predation,accumulation,migration. Solve EE for SM; detritus accumulation absorbs routed inflow at fixed predation. No new consumption is assumed.",SR,0.25
13_2_Northern_Humboldt_Current_(1995-1998),routing_scenario,39,Benthic detritus,q,1751.6112896867576,1759.6076881933238,"Freeze completed living P,Q,diet,predation,accumulation,migration. Solve EE for SM; detritus accumulation absorbs routed inflow at fixed predation. No new consumption is assumed.",SR,0.25
13_2_Northern_Humboldt_Current_(1995-1998),routing_scenario,38,Pelagic detritus,q,5090.259743360343,5091.148232083295,"Freeze completed living P,Q,diet,predation,accumulation,migration. Solve EE for SM; detritus accumulation absorbs routed inflow at fixed predation. No new consumption is assumed.",SR,0.25
13_2_Northern_Humboldt_Current_(1995-1998),routing_scenario,39,Benthic detritus,growth,-4340.9949724808885,-4332.998573974322,"Freeze completed living P,Q,diet,predation,accumulation,migration. Solve EE for SM; detritus accumulation absorbs routed inflow at fixed predation. No new consumption is assumed.",SR,0.25
13_2_Northern_Humboldt_Current_(1995-1998),routing_scenario,38,Pelagic detritus,growth,5090.259743360343,5091.148232083295,"Freeze completed living P,Q,diet,predation,accumulation,migration. Solve EE for SM; detritus accumulation absorbs routed inflow at fixed predation. No new consumption is assumed.",SR,0.25
13_2_Northern_Humboldt_Current_(1995-1998),routing_scenario,39,Benthic detritus,p,1751.6112896867576,1760.3692781982504,"Freeze completed living P,Q,diet,predation,accumulation,migration. Solve EE for SM; detritus accumulation absorbs routed inflow at fixed predation. No new consumption is assumed.",SM,0.3
13_2_Northern_Humboldt_Current_(1995-1998),routing_scenario,38,Pelagic detritus,p,5090.259743360343,5090.42587043961,"Freeze completed living P,Q,diet,predation,accumulation,migration. Solve EE for SM; detritus accumulation absorbs routed inflow at fixed predation. No new consumption is assumed.",SM,0.3
13_2_Northern_Humboldt_Current_(1995-1998),routing_scenario,36,Anchovy eggs,p,81.93913403799536,83.67688312265786,"Freeze completed living P,Q,diet,predation,accumulation,migration. Solve EE for SM; detritus accumulation absorbs routed inflow at fixed predation. No new consumption is assumed.",SM,0.3
13_2_Northern_Humboldt_Current_(1995-1998),routing_scenario,39,Benthic detritus,q,1751.6112896867576,1760.3692781982504,"Freeze completed living P,Q,diet,predation,accumulation,migration. Solve EE for SM; detritus accumulation absorbs routed inflow at fixed predation. No new consumption is assumed.",SM,0.3
13_2_Northern_Humboldt_Current_(1995-1998),routing_scenario,38,Pelagic detritus,q,5090.259743360343,5090.42587043961,"Freeze completed living P,Q,diet,predation,accumulation,migration. Solve EE for SM; detritus accumulation absorbs routed inflow at fixed predation. No new consumption is assumed.",SM,0.3
13_2_Northern_Humboldt_Current_(1995-1998),routing_scenario,36,Anchovy eggs,q,81.93913403799536,83.67688312265786,"Freeze completed living P,Q,diet,predation,accumulation,migration. Solve EE for SM; detritus accumulation absorbs routed inflow at fixed predation. No new consumption is assumed.",SM,0.3
13_2_Northern_Humboldt_Current_(1995-1998),routing_scenario,30,Chondrichthyans,M0,0.01111863866537926,0.01543754710037926,"Freeze completed living P,Q,diet,predation,accumulation,migration. Solve EE for SM; detritus accumulation absorbs routed inflow at fixed predation. No new consumption is assumed.",SM,0.3
13_2_Northern_Humboldt_Current_(1995-1998),routing_scenario,29,Catfish,M0,0.0986964358664111,0.2006277358664111,"Freeze completed living P,Q,diet,predation,accumulation,migration. Solve EE for SM; detritus accumulation absorbs routed inflow at fixed predation. No new consumption is assumed.",SM,0.3
13_2_Northern_Humboldt_Current_(1995-1998),routing_scenario,27,Medium sciaenids,M0,0.07797065965059131,0.09636033323559132,"Freeze completed living P,Q,diet,predation,accumulation,migration. Solve EE for SM; detritus accumulation absorbs routed inflow at fixed predation. No new consumption is assumed.",SM,0.3
13_2_Northern_Humboldt_Current_(1995-1998),routing_scenario,26,Medium demersal fish,M0,0.0702195877127324,0.1150898225627324,"Freeze completed living P,Q,diet,predation,accumulation,migration. Solve EE for SM; detritus accumulation absorbs routed inflow at fixed predation. No new consumption is assumed.",SM,0.3
13_2_Northern_Humboldt_Current_(1995-1998),routing_scenario,23,Benthic elasmobranchs,M0,0.02098836399473636,0.03314185500473636,"Freeze completed living P,Q,diet,predation,accumulation,migration. Solve EE for SM; detritus accumulation absorbs routed inflow at fixed predation. No new consumption is assumed.",SM,0.3
13_2_Northern_Humboldt_Current_(1995-1998),routing_scenario,22,Small demersal fish,M0,3.2426595415784147,3.248461310668415,"Freeze completed living P,Q,diet,predation,accumulation,migration. Solve EE for SM; detritus accumulation absorbs routed inflow at fixed predation. No new consumption is assumed.",SM,0.3
13_2_Northern_Humboldt_Current_(1995-1998),routing_scenario,21,Flatfish,M0,3.451325833853003e-05,0.00125198140483853,"Freeze completed living P,Q,diet,predation,accumulation,migration. Solve EE for SM; detritus accumulation absorbs routed inflow at fixed predation. No new consumption is assumed.",SM,0.3
13_2_Northern_Humboldt_Current_(1995-1998),routing_scenario,20,Large hake,M0,0.006700170035899526,0.020600598899899524,"Freeze completed living P,Q,diet,predation,accumulation,migration. Solve EE for SM; detritus accumulation absorbs routed inflow at fixed predation. No new consumption is assumed.",SM,0.3
13_2_Northern_Humboldt_Current_(1995-1998),routing_scenario,19,Medium hake,M0,0.44286476478316994,0.45746756478316997,"Freeze completed living P,Q,diet,predation,accumulation,migration. Solve EE for SM; detritus accumulation absorbs routed inflow at fixed predation. No new consumption is assumed.",SM,0.3
13_2_Northern_Humboldt_Current_(1995-1998),routing_scenario,18,Small hake,M0,0.628031663830784,0.977806093750784,"Freeze completed living P,Q,diet,predation,accumulation,migration. Solve EE for SM; detritus accumulation absorbs routed inflow at fixed predation. No new consumption is assumed.",SM,0.3
13_2_Northern_Humboldt_Current_(1995-1998),routing_scenario,17,Other large pelagic fish,M0,0.3416564469598926,0.4418021510098926,"Freeze completed living P,Q,diet,predation,accumulation,migration. Solve EE for SM; detritus accumulation absorbs routed inflow at fixed predation. No new consumption is assumed.",SM,0.3
13_2_Northern_Humboldt_Current_(1995-1998),routing_scenario,16,Chub mackerel,M0,5.522509613684951,5.745305866064951,"Freeze completed living P,Q,diet,predation,accumulation,migration. Solve EE for SM; detritus accumulation absorbs routed inflow at fixed predation. No new consumption is assumed.",SM,0.3
13_2_Northern_Humboldt_Current_(1995-1998),routing_scenario,15,Horse mackerel,M0,6.695953029518151,7.21990991322815,"Freeze completed living P,Q,diet,predation,accumulation,migration. Solve EE for SM; detritus accumulation absorbs routed inflow at fixed predation. No new consumption is assumed.",SM,0.3
13_2_Northern_Humboldt_Current_(1995-1998),routing_scenario,14,Other small pelagic fish,M0,1.0995008229018595,1.6064388774018594,"Freeze completed living P,Q,diet,predation,accumulation,migration. Solve EE for SM; detritus accumulation absorbs routed inflow at fixed predation. No new consumption is assumed.",SM,0.3
13_2_Northern_Humboldt_Current_(1995-1998),routing_scenario,13,Other cephalopods,M0,0.38835856631069415,0.39899981967194414,"Freeze completed living P,Q,diet,predation,accumulation,migration. Solve EE for SM; detritus accumulation absorbs routed inflow at fixed predation. No new consumption is assumed.",SM,0.3
13_2_Northern_Humboldt_Current_(1995-1998),routing_scenario,12,Jumbo squid,M0,0.6834706928629479,0.715109682757948,"Freeze completed living P,Q,diet,predation,accumulation,migration. Solve EE for SM; detritus accumulation absorbs routed inflow at fixed predation. No new consumption is assumed.",SM,0.3
13_2_Northern_Humboldt_Current_(1995-1998),routing_scenario,10,Anchovy,M0,21.594902660465323,28.545898999115323,"Freeze completed living P,Q,diet,predation,accumulation,migration. Solve EE for SM; detritus accumulation absorbs routed inflow at fixed predation. No new consumption is assumed.",SM,0.3
13_2_Northern_Humboldt_Current_(1995-1998),routing_scenario,9,Sardine,M0,0.45094358787714506,2.1987342828521452,"Freeze completed living P,Q,diet,predation,accumulation,migration. Solve EE for SM; detritus accumulation absorbs routed inflow at fixed predation. No new consumption is assumed.",SM,0.3
13_2_Northern_Humboldt_Current_(1995-1998),routing_scenario,30,Chondrichthyans,EE,0.564231276512146,0.3949618837184845,"Freeze completed living P,Q,diet,predation,accumulation,migration. Solve EE for SM; detritus accumulation absorbs routed inflow at fixed predation. No new consumption is assumed.",SM,0.3
13_2_Northern_Humboldt_Current_(1995-1998),routing_scenario,29,Catfish,EE,0.8212506771087646,0.6366426849712881,"Freeze completed living P,Q,diet,predation,accumulation,migration. Solve EE for SM; detritus accumulation absorbs routed inflow at fixed predation. No new consumption is assumed.",SM,0.3
13_2_Northern_Humboldt_Current_(1995-1998),routing_scenario,27,Medium sciaenids,EE,0.7098218202590942,0.6413822042440687,"Freeze completed living P,Q,diet,predation,accumulation,migration. Solve EE for SM; detritus accumulation absorbs routed inflow at fixed predation. No new consumption is assumed.",SM,0.3
13_2_Northern_Humboldt_Current_(1995-1998),routing_scenario,26,Medium demersal fish,EE,0.8201572895050049,0.7052380067404354,"Freeze completed living P,Q,diet,predation,accumulation,migration. Solve EE for SM; detritus accumulation absorbs routed inflow at fixed predation. No new consumption is assumed.",SM,0.3
13_2_Northern_Humboldt_Current_(1995-1998),routing_scenario,23,Benthic elasmobranchs,EE,0.6587257981300354,0.46110806358856615,"Freeze completed living P,Q,diet,predation,accumulation,migration. Solve EE for SM; detritus accumulation absorbs routed inflow at fixed predation. No new consumption is assumed.",SM,0.3
13_2_Northern_Humboldt_Current_(1995-1998),routing_scenario,22,Small demersal fish,EE,0.7304298281669617,0.7299475129961974,"Freeze completed living P,Q,diet,predation,accumulation,migration. Solve EE for SM; detritus accumulation absorbs routed inflow at fixed predation. No new consumption is assumed.",SM,0.3
13_2_Northern_Humboldt_Current_(1995-1998),routing_scenario,21,Flatfish,EE,0.9954587817192078,0.8352656017841857,"Freeze completed living P,Q,diet,predation,accumulation,migration. Solve EE for SM; detritus accumulation absorbs routed inflow at fixed predation. No new consumption is assumed.",SM,0.3
13_2_Northern_Humboldt_Current_(1995-1998),routing_scenario,20,Large hake,EE,0.8738672733306885,0.6121874972809851,"Freeze completed living P,Q,diet,predation,accumulation,migration. Solve EE for SM; detritus accumulation absorbs routed inflow at fixed predation. No new consumption is assumed.",SM,0.3
13_2_Northern_Humboldt_Current_(1995-1998),routing_scenario,19,Medium hake,EE,0.14074458181858063,0.11241192585132842,"Freeze completed living P,Q,diet,predation,accumulation,migration. Solve EE for SM; detritus accumulation absorbs routed inflow at fixed predation. No new consumption is assumed.",SM,0.3
13_2_Northern_Humboldt_Current_(1995-1998),routing_scenario,18,Small hake,EE,0.7213676571846008,0.5661868367287244,"Freeze completed living P,Q,diet,predation,accumulation,migration. Solve EE for SM; detritus accumulation absorbs routed inflow at fixed predation. No new consumption is assumed.",SM,0.3
13_2_Northern_Humboldt_Current_(1995-1998),routing_scenario,17,Other large pelagic fish,EE,0.533972442150116,0.39737130875175375,"Freeze completed living P,Q,diet,predation,accumulation,migration. Solve EE for SM; detritus accumulation absorbs routed inflow at fixed predation. No new consumption is assumed.",SM,0.3
13_2_Northern_Humboldt_Current_(1995-1998),routing_scenario,16,Chub mackerel,EE,0.15512745082378387,0.12104250559729701,"Freeze completed living P,Q,diet,predation,accumulation,migration. Solve EE for SM; detritus accumulation absorbs routed inflow at fixed predation. No new consumption is assumed.",SM,0.3
13_2_Northern_Humboldt_Current_(1995-1998),routing_scenario,15,Horse mackerel,EE,0.23551708459854126,0.17569646097148028,"Freeze completed living P,Q,diet,predation,accumulation,migration. Solve EE for SM; detritus accumulation absorbs routed inflow at fixed predation. No new consumption is assumed.",SM,0.3
13_2_Northern_Humboldt_Current_(1995-1998),routing_scenario,14,Other small pelagic fish,EE,0.8999999761581421,0.8538937646115683,"Freeze completed living P,Q,diet,predation,accumulation,migration. Solve EE for SM; detritus accumulation absorbs routed inflow at fixed predation. No new consumption is assumed.",SM,0.3
13_2_Northern_Humboldt_Current_(1995-1998),routing_scenario,13,Other cephalopods,EE,0.949999988079071,0.9486299583151583,"Freeze completed living P,Q,diet,predation,accumulation,migration. Solve EE for SM; detritus accumulation absorbs routed inflow at fixed predation. No new consumption is assumed.",SM,0.3
13_2_Northern_Humboldt_Current_(1995-1998),routing_scenario,12,Jumbo squid,EE,0.7999784350395203,0.7907191056510753,"Freeze completed living P,Q,diet,predation,accumulation,migration. Solve EE for SM; detritus accumulation absorbs routed inflow at fixed predation. No new consumption is assumed.",SM,0.3
13_2_Northern_Humboldt_Current_(1995-1998),routing_scenario,10,Anchovy,EE,0.8148474097251892,0.7552502447216197,"Freeze completed living P,Q,diet,predation,accumulation,migration. Solve EE for SM; detritus accumulation absorbs routed inflow at fixed predation. No new consumption is assumed.",SM,0.3
13_2_Northern_Humboldt_Current_(1995-1998),routing_scenario,9,Sardine,EE,0.9700034856796265,0.8537414298033235,"Freeze completed living P,Q,diet,predation,accumulation,migration. Solve EE for SM; detritus accumulation absorbs routed inflow at fixed predation. No new consumption is assumed.",SM,0.3
13_2_Northern_Humboldt_Current_(1995-1998),routing_scenario,30,Chondrichthyans,catch,0.01439636145,0.010077453015,"Freeze completed living P,Q,diet,predation,accumulation,migration. Solve EE for SM; detritus accumulation absorbs routed inflow at fixed predation. No new consumption is assumed.",SM,0.3
13_2_Northern_Humboldt_Current_(1995-1998),routing_scenario,29,Catfish,catch,0.33977100000000005,0.23783970000000001,"Freeze completed living P,Q,diet,predation,accumulation,migration. Solve EE for SM; detritus accumulation absorbs routed inflow at fixed predation. No new consumption is assumed.",SM,0.3
13_2_Northern_Humboldt_Current_(1995-1998),routing_scenario,27,Medium sciaenids,catch,0.06129891195000001,0.042909238365000005,"Freeze completed living P,Q,diet,predation,accumulation,migration. Solve EE for SM; detritus accumulation absorbs routed inflow at fixed predation. No new consumption is assumed.",SM,0.3
13_2_Northern_Humboldt_Current_(1995-1998),routing_scenario,26,Medium demersal fish,catch,0.1495674495,0.10469721465,"Freeze completed living P,Q,diet,predation,accumulation,migration. Solve EE for SM; detritus accumulation absorbs routed inflow at fixed predation. No new consumption is assumed.",SM,0.3
13_2_Northern_Humboldt_Current_(1995-1998),routing_scenario,23,Benthic elasmobranchs,catch,0.040511636700000006,0.028358145690000003,"Freeze completed living P,Q,diet,predation,accumulation,migration. Solve EE for SM; detritus accumulation absorbs routed inflow at fixed predation. No new consumption is assumed.",SM,0.3
13_2_Northern_Humboldt_Current_(1995-1998),routing_scenario,22,Small demersal fish,catch,0.019339230299999996,0.013537461209999997,"Freeze completed living P,Q,diet,predation,accumulation,migration. Solve EE for SM; detritus accumulation absorbs routed inflow at fixed predation. No new consumption is assumed.",SM,0.3
13_2_Northern_Humboldt_Current_(1995-1998),routing_scenario,21,Flatfish,catch,0.004058227155,0.0028407590084999997,"Freeze completed living P,Q,diet,predation,accumulation,migration. Solve EE for SM; detritus accumulation absorbs routed inflow at fixed predation. No new consumption is assumed.",SM,0.3
13_2_Northern_Humboldt_Current_(1995-1998),routing_scenario,20,Large hake,catch,0.04633476287999999,0.032434334015999995,"Freeze completed living P,Q,diet,predation,accumulation,migration. Solve EE for SM; detritus accumulation absorbs routed inflow at fixed predation. No new consumption is assumed.",SM,0.3
13_2_Northern_Humboldt_Current_(1995-1998),routing_scenario,19,Medium hake,catch,0.048676,0.0340732,"Freeze completed living P,Q,diet,predation,accumulation,migration. Solve EE for SM; detritus accumulation absorbs routed inflow at fixed predation. No new consumption is assumed.",SM,0.3
13_2_Northern_Humboldt_Current_(1995-1998),routing_scenario,18,Small hake,catch,1.1659147664,0.81614033648,"Freeze completed living P,Q,diet,predation,accumulation,migration. Solve EE for SM; detritus accumulation absorbs routed inflow at fixed predation. No new consumption is assumed.",SM,0.3
13_2_Northern_Humboldt_Current_(1995-1998),routing_scenario,17,Other large pelagic fish,catch,0.3338190135,0.23367330944999998,"Freeze completed living P,Q,diet,predation,accumulation,migration. Solve EE for SM; detritus accumulation absorbs routed inflow at fixed predation. No new consumption is assumed.",SM,0.3
13_2_Northern_Humboldt_Current_(1995-1998),routing_scenario,16,Chub mackerel,catch,0.7426541746,0.51985792222,"Freeze completed living P,Q,diet,predation,accumulation,migration. Solve EE for SM; detritus accumulation absorbs routed inflow at fixed predation. No new consumption is assumed.",SM,0.3
13_2_Northern_Humboldt_Current_(1995-1998),routing_scenario,15,Horse mackerel,catch,1.7465229457,1.2225660619899998,"Freeze completed living P,Q,diet,predation,accumulation,migration. Solve EE for SM; detritus accumulation absorbs routed inflow at fixed predation. No new consumption is assumed.",SM,0.3
13_2_Northern_Humboldt_Current_(1995-1998),routing_scenario,14,Other small pelagic fish,catch,1.689793515,1.1828554605,"Freeze completed living P,Q,diet,predation,accumulation,migration. Solve EE for SM; detritus accumulation absorbs routed inflow at fixed predation. No new consumption is assumed.",SM,0.3
13_2_Northern_Humboldt_Current_(1995-1998),routing_scenario,13,Other cephalopods,catch,0.0354708445375,0.024829591176249995,"Freeze completed living P,Q,diet,predation,accumulation,migration. Solve EE for SM; detritus accumulation absorbs routed inflow at fixed predation. No new consumption is assumed.",SM,0.3
13_2_Northern_Humboldt_Current_(1995-1998),routing_scenario,12,Jumbo squid,catch,0.10546329965,0.073824309755,"Freeze completed living P,Q,diet,predation,accumulation,migration. Solve EE for SM; detritus accumulation absorbs routed inflow at fixed predation. No new consumption is assumed.",SM,0.3
13_2_Northern_Humboldt_Current_(1995-1998),routing_scenario,10,Anchovy,catch,23.1699877955,16.21899145685,"Freeze completed living P,Q,diet,predation,accumulation,migration. Solve EE for SM; detritus accumulation absorbs routed inflow at fixed predation. No new consumption is assumed.",SM,0.3
13_2_Northern_Humboldt_Current_(1995-1998),routing_scenario,9,Sardine,catch,5.82596898325,4.078178288275,"Freeze completed living P,Q,diet,predation,accumulation,migration. Solve EE for SM; detritus accumulation absorbs routed inflow at fixed predation. No new consumption is assumed.",SM,0.3
13_2_Northern_Humboldt_Current_(1995-1998),routing_scenario,39,Benthic detritus,growth,-4340.9949724808885,-4332.2369839693965,"Freeze completed living P,Q,diet,predation,accumulation,migration. Solve EE for SM; detritus accumulation absorbs routed inflow at fixed predation. No new consumption is assumed.",SM,0.3
13_2_Northern_Humboldt_Current_(1995-1998),routing_scenario,38,Pelagic detritus,growth,5090.259743360343,5090.42587043961,"Freeze completed living P,Q,diet,predation,accumulation,migration. Solve EE for SM; detritus accumulation absorbs routed inflow at fixed predation. No new consumption is assumed.",SM,0.3
13_2_Northern_Humboldt_Current_(1995-1998),routing_scenario,36,Anchovy eggs,growth,12.539441007952618,14.277190092615115,"Freeze completed living P,Q,diet,predation,accumulation,migration. Solve EE for SM; detritus accumulation absorbs routed inflow at fixed predation. No new consumption is assumed.",SM,0.3
13_2_Northern_Humboldt_Current_(1995-1998),routing_scenario,30,Chondrichthyans,catch,0.01439636145,0.010077453015,"Freeze completed living P,Q,diet,predation,accumulation,migration. Solve EE for SM; detritus accumulation absorbs routed inflow at fixed predation. No new consumption is assumed.",SE,0.3
13_2_Northern_Humboldt_Current_(1995-1998),routing_scenario,29,Catfish,catch,0.33977100000000005,0.23783970000000001,"Freeze completed living P,Q,diet,predation,accumulation,migration. Solve EE for SM; detritus accumulation absorbs routed inflow at fixed predation. No new consumption is assumed.",SE,0.3
13_2_Northern_Humboldt_Current_(1995-1998),routing_scenario,27,Medium sciaenids,catch,0.06129891195000001,0.042909238365000005,"Freeze completed living P,Q,diet,predation,accumulation,migration. Solve EE for SM; detritus accumulation absorbs routed inflow at fixed predation. No new consumption is assumed.",SE,0.3
13_2_Northern_Humboldt_Current_(1995-1998),routing_scenario,26,Medium demersal fish,catch,0.1495674495,0.10469721465,"Freeze completed living P,Q,diet,predation,accumulation,migration. Solve EE for SM; detritus accumulation absorbs routed inflow at fixed predation. No new consumption is assumed.",SE,0.3
13_2_Northern_Humboldt_Current_(1995-1998),routing_scenario,23,Benthic elasmobranchs,catch,0.040511636700000006,0.028358145690000003,"Freeze completed living P,Q,diet,predation,accumulation,migration. Solve EE for SM; detritus accumulation absorbs routed inflow at fixed predation. No new consumption is assumed.",SE,0.3
13_2_Northern_Humboldt_Current_(1995-1998),routing_scenario,22,Small demersal fish,catch,0.019339230299999996,0.013537461209999997,"Freeze completed living P,Q,diet,predation,accumulation,migration. Solve EE for SM; detritus accumulation absorbs routed inflow at fixed predation. No new consumption is assumed.",SE,0.3
13_2_Northern_Humboldt_Current_(1995-1998),routing_scenario,21,Flatfish,catch,0.004058227155,0.0028407590084999997,"Freeze completed living P,Q,diet,predation,accumulation,migration. Solve EE for SM; detritus accumulation absorbs routed inflow at fixed predation. No new consumption is assumed.",SE,0.3
13_2_Northern_Humboldt_Current_(1995-1998),routing_scenario,20,Large hake,catch,0.04633476287999999,0.032434334015999995,"Freeze completed living P,Q,diet,predation,accumulation,migration. Solve EE for SM; detritus accumulation absorbs routed inflow at fixed predation. No new consumption is assumed.",SE,0.3
13_2_Northern_Humboldt_Current_(1995-1998),routing_scenario,19,Medium hake,catch,0.048676,0.0340732,"Freeze completed living P,Q,diet,predation,accumulation,migration. Solve EE for SM; detritus accumulation absorbs routed inflow at fixed predation. No new consumption is assumed.",SE,0.3
13_2_Northern_Humboldt_Current_(1995-1998),routing_scenario,18,Small hake,catch,1.1659147664,0.81614033648,"Freeze completed living P,Q,diet,predation,accumulation,migration. Solve EE for SM; detritus accumulation absorbs routed inflow at fixed predation. No new consumption is assumed.",SE,0.3
13_2_Northern_Humboldt_Current_(1995-1998),routing_scenario,17,Other large pelagic fish,catch,0.3338190135,0.23367330944999998,"Freeze completed living P,Q,diet,predation,accumulation,migration. Solve EE for SM; detritus accumulation absorbs routed inflow at fixed predation. No new consumption is assumed.",SE,0.3
13_2_Northern_Humboldt_Current_(1995-1998),routing_scenario,16,Chub mackerel,catch,0.7426541746,0.51985792222,"Freeze completed living P,Q,diet,predation,accumulation,migration. Solve EE for SM; detritus accumulation absorbs routed inflow at fixed predation. No new consumption is assumed.",SE,0.3
13_2_Northern_Humboldt_Current_(1995-1998),routing_scenario,15,Horse mackerel,catch,1.7465229457,1.2225660619899998,"Freeze completed living P,Q,diet,predation,accumulation,migration. Solve EE for SM; detritus accumulation absorbs routed inflow at fixed predation. No new consumption is assumed.",SE,0.3
13_2_Northern_Humboldt_Current_(1995-1998),routing_scenario,14,Other small pelagic fish,catch,1.689793515,1.1828554605,"Freeze completed living P,Q,diet,predation,accumulation,migration. Solve EE for SM; detritus accumulation absorbs routed inflow at fixed predation. No new consumption is assumed.",SE,0.3
13_2_Northern_Humboldt_Current_(1995-1998),routing_scenario,13,Other cephalopods,catch,0.0354708445375,0.024829591176249995,"Freeze completed living P,Q,diet,predation,accumulation,migration. Solve EE for SM; detritus accumulation absorbs routed inflow at fixed predation. No new consumption is assumed.",SE,0.3
13_2_Northern_Humboldt_Current_(1995-1998),routing_scenario,12,Jumbo squid,catch,0.10546329965,0.073824309755,"Freeze completed living P,Q,diet,predation,accumulation,migration. Solve EE for SM; detritus accumulation absorbs routed inflow at fixed predation. No new consumption is assumed.",SE,0.3
13_2_Northern_Humboldt_Current_(1995-1998),routing_scenario,10,Anchovy,catch,23.1699877955,16.21899145685,"Freeze completed living P,Q,diet,predation,accumulation,migration. Solve EE for SM; detritus accumulation absorbs routed inflow at fixed predation. No new consumption is assumed.",SE,0.3
13_2_Northern_Humboldt_Current_(1995-1998),routing_scenario,9,Sardine,catch,5.82596898325,4.078178288275,"Freeze completed living P,Q,diet,predation,accumulation,migration. Solve EE for SM; detritus accumulation absorbs routed inflow at fixed predation. No new consumption is assumed.",SE,0.3
13_2_Northern_Humboldt_Current_(1995-1998),routing_scenario,30,Chondrichthyans,external_loss,0.0,0.004318908435,"Freeze completed living P,Q,diet,predation,accumulation,migration. Solve EE for SM; detritus accumulation absorbs routed inflow at fixed predation. No new consumption is assumed.",SE,0.3
13_2_Northern_Humboldt_Current_(1995-1998),routing_scenario,29,Catfish,external_loss,0.0,0.10193130000000002,"Freeze completed living P,Q,diet,predation,accumulation,migration. Solve EE for SM; detritus accumulation absorbs routed inflow at fixed predation. No new consumption is assumed.",SE,0.3
13_2_Northern_Humboldt_Current_(1995-1998),routing_scenario,27,Medium sciaenids,external_loss,0.0,0.018389673585000002,"Freeze completed living P,Q,diet,predation,accumulation,migration. Solve EE for SM; detritus accumulation absorbs routed inflow at fixed predation. No new consumption is assumed.",SE,0.3
13_2_Northern_Humboldt_Current_(1995-1998),routing_scenario,26,Medium demersal fish,external_loss,0.0,0.04487023485,"Freeze completed living P,Q,diet,predation,accumulation,migration. Solve EE for SM; detritus accumulation absorbs routed inflow at fixed predation. No new consumption is assumed.",SE,0.3
13_2_Northern_Humboldt_Current_(1995-1998),routing_scenario,23,Benthic elasmobranchs,external_loss,0.0,0.012153491010000001,"Freeze completed living P,Q,diet,predation,accumulation,migration. Solve EE for SM; detritus accumulation absorbs routed inflow at fixed predation. No new consumption is assumed.",SE,0.3
13_2_Northern_Humboldt_Current_(1995-1998),routing_scenario,22,Small demersal fish,external_loss,0.0,0.005801769089999999,"Freeze completed living P,Q,diet,predation,accumulation,migration. Solve EE for SM; detritus accumulation absorbs routed inflow at fixed predation. No new consumption is assumed.",SE,0.3
13_2_Northern_Humboldt_Current_(1995-1998),routing_scenario,21,Flatfish,external_loss,0.0,0.0012174681465,"Freeze completed living P,Q,diet,predation,accumulation,migration. Solve EE for SM; detritus accumulation absorbs routed inflow at fixed predation. No new consumption is assumed.",SE,0.3
13_2_Northern_Humboldt_Current_(1995-1998),routing_scenario,20,Large hake,external_loss,0.0,0.013900428863999998,"Freeze completed living P,Q,diet,predation,accumulation,migration. Solve EE for SM; detritus accumulation absorbs routed inflow at fixed predation. No new consumption is assumed.",SE,0.3
13_2_Northern_Humboldt_Current_(1995-1998),routing_scenario,19,Medium hake,external_loss,0.0,0.014602799999999999,"Freeze completed living P,Q,diet,predation,accumulation,migration. Solve EE for SM; detritus accumulation absorbs routed inflow at fixed predation. No new consumption is assumed.",SE,0.3
13_2_Northern_Humboldt_Current_(1995-1998),routing_scenario,18,Small hake,external_loss,0.0,0.34977442992,"Freeze completed living P,Q,diet,predation,accumulation,migration. Solve EE for SM; detritus accumulation absorbs routed inflow at fixed predation. No new consumption is assumed.",SE,0.3
13_2_Northern_Humboldt_Current_(1995-1998),routing_scenario,17,Other large pelagic fish,external_loss,0.0,0.10014570404999999,"Freeze completed living P,Q,diet,predation,accumulation,migration. Solve EE for SM; detritus accumulation absorbs routed inflow at fixed predation. No new consumption is assumed.",SE,0.3
13_2_Northern_Humboldt_Current_(1995-1998),routing_scenario,16,Chub mackerel,external_loss,0.0,0.22279625238,"Freeze completed living P,Q,diet,predation,accumulation,migration. Solve EE for SM; detritus accumulation absorbs routed inflow at fixed predation. No new consumption is assumed.",SE,0.3
13_2_Northern_Humboldt_Current_(1995-1998),routing_scenario,15,Horse mackerel,external_loss,0.0,0.5239568837099999,"Freeze completed living P,Q,diet,predation,accumulation,migration. Solve EE for SM; detritus accumulation absorbs routed inflow at fixed predation. No new consumption is assumed.",SE,0.3
13_2_Northern_Humboldt_Current_(1995-1998),routing_scenario,14,Other small pelagic fish,external_loss,0.0,0.5069380545,"Freeze completed living P,Q,diet,predation,accumulation,migration. Solve EE for SM; detritus accumulation absorbs routed inflow at fixed predation. No new consumption is assumed.",SE,0.3
13_2_Northern_Humboldt_Current_(1995-1998),routing_scenario,13,Other cephalopods,external_loss,0.0,0.010641253361249998,"Freeze completed living P,Q,diet,predation,accumulation,migration. Solve EE for SM; detritus accumulation absorbs routed inflow at fixed predation. No new consumption is assumed.",SE,0.3
13_2_Northern_Humboldt_Current_(1995-1998),routing_scenario,12,Jumbo squid,external_loss,0.0,0.031638989895,"Freeze completed living P,Q,diet,predation,accumulation,migration. Solve EE for SM; detritus accumulation absorbs routed inflow at fixed predation. No new consumption is assumed.",SE,0.3
13_2_Northern_Humboldt_Current_(1995-1998),routing_scenario,10,Anchovy,external_loss,0.0,6.9509963386499996,"Freeze completed living P,Q,diet,predation,accumulation,migration. Solve EE for SM; detritus accumulation absorbs routed inflow at fixed predation. No new consumption is assumed.",SE,0.3
13_2_Northern_Humboldt_Current_(1995-1998),routing_scenario,9,Sardine,external_loss,0.0,1.747790694975,"Freeze completed living P,Q,diet,predation,accumulation,migration. Solve EE for SM; detritus accumulation absorbs routed inflow at fixed predation. No new consumption is assumed.",SE,0.3
13_2_Northern_Humboldt_Current_(1995-1998),routing_scenario,39,Benthic detritus,p,1751.6112896867576,1761.206967894637,"Freeze completed living P,Q,diet,predation,accumulation,migration. Solve EE for SM; detritus accumulation absorbs routed inflow at fixed predation. No new consumption is assumed.",SR,0.3
13_2_Northern_Humboldt_Current_(1995-1998),routing_scenario,38,Pelagic detritus,p,5090.259743360343,5091.325929827885,"Freeze completed living P,Q,diet,predation,accumulation,migration. Solve EE for SM; detritus accumulation absorbs routed inflow at fixed predation. No new consumption is assumed.",SR,0.3
13_2_Northern_Humboldt_Current_(1995-1998),routing_scenario,39,Benthic detritus,q,1751.6112896867576,1761.206967894637,"Freeze completed living P,Q,diet,predation,accumulation,migration. Solve EE for SM; detritus accumulation absorbs routed inflow at fixed predation. No new consumption is assumed.",SR,0.3
13_2_Northern_Humboldt_Current_(1995-1998),routing_scenario,38,Pelagic detritus,q,5090.259743360343,5091.325929827885,"Freeze completed living P,Q,diet,predation,accumulation,migration. Solve EE for SM; detritus accumulation absorbs routed inflow at fixed predation. No new consumption is assumed.",SR,0.3
13_2_Northern_Humboldt_Current_(1995-1998),routing_scenario,39,Benthic detritus,growth,-4340.9949724808885,-4331.399294273009,"Freeze completed living P,Q,diet,predation,accumulation,migration. Solve EE for SM; detritus accumulation absorbs routed inflow at fixed predation. No new consumption is assumed.",SR,0.3
13_2_Northern_Humboldt_Current_(1995-1998),routing_scenario,38,Pelagic detritus,growth,5090.259743360343,5091.325929827885,"Freeze completed living P,Q,diet,predation,accumulation,migration. Solve EE for SM; detritus accumulation absorbs routed inflow at fixed predation. No new consumption is assumed.",SR,0.3
13_2_Northern_Humboldt_Current_(1995-1998),routing_scenario,39,Benthic detritus,p,1751.6112896867576,1763.2886077020812,"Freeze completed living P,Q,diet,predation,accumulation,migration. Solve EE for SM; detritus accumulation absorbs routed inflow at fixed predation. No new consumption is assumed.",SM,0.4
13_2_Northern_Humboldt_Current_(1995-1998),routing_scenario,38,Pelagic detritus,p,5090.259743360343,5090.481246132698,"Freeze completed living P,Q,diet,predation,accumulation,migration. Solve EE for SM; detritus accumulation absorbs routed inflow at fixed predation. No new consumption is assumed.",SM,0.4
13_2_Northern_Humboldt_Current_(1995-1998),routing_scenario,36,Anchovy eggs,p,81.93913403799536,84.25613281754536,"Freeze completed living P,Q,diet,predation,accumulation,migration. Solve EE for SM; detritus accumulation absorbs routed inflow at fixed predation. No new consumption is assumed.",SM,0.4
13_2_Northern_Humboldt_Current_(1995-1998),routing_scenario,39,Benthic detritus,q,1751.6112896867576,1763.2886077020812,"Freeze completed living P,Q,diet,predation,accumulation,migration. Solve EE for SM; detritus accumulation absorbs routed inflow at fixed predation. No new consumption is assumed.",SM,0.4
13_2_Northern_Humboldt_Current_(1995-1998),routing_scenario,38,Pelagic detritus,q,5090.259743360343,5090.481246132698,"Freeze completed living P,Q,diet,predation,accumulation,migration. Solve EE for SM; detritus accumulation absorbs routed inflow at fixed predation. No new consumption is assumed.",SM,0.4
13_2_Northern_Humboldt_Current_(1995-1998),routing_scenario,36,Anchovy eggs,q,81.93913403799536,84.25613281754536,"Freeze completed living P,Q,diet,predation,accumulation,migration. Solve EE for SM; detritus accumulation absorbs routed inflow at fixed predation. No new consumption is assumed.",SM,0.4
13_2_Northern_Humboldt_Current_(1995-1998),routing_scenario,30,Chondrichthyans,M0,0.01111863866537926,0.016877183245379263,"Freeze completed living P,Q,diet,predation,accumulation,migration. Solve EE for SM; detritus accumulation absorbs routed inflow at fixed predation. No new consumption is assumed.",SM,0.4
13_2_Northern_Humboldt_Current_(1995-1998),routing_scenario,29,Catfish,M0,0.0986964358664111,0.23460483586641112,"Freeze completed living P,Q,diet,predation,accumulation,migration. Solve EE for SM; detritus accumulation absorbs routed inflow at fixed predation. No new consumption is assumed.",SM,0.4
13_2_Northern_Humboldt_Current_(1995-1998),routing_scenario,27,Medium sciaenids,M0,0.07797065965059131,0.10249022443059132,"Freeze completed living P,Q,diet,predation,accumulation,migration. Solve EE for SM; detritus accumulation absorbs routed inflow at fixed predation. No new consumption is assumed.",SM,0.4
13_2_Northern_Humboldt_Current_(1995-1998),routing_scenario,26,Medium demersal fish,M0,0.0702195877127324,0.13004656751273241,"Freeze completed living P,Q,diet,predation,accumulation,migration. Solve EE for SM; detritus accumulation absorbs routed inflow at fixed predation. No new consumption is assumed.",SM,0.4
13_2_Northern_Humboldt_Current_(1995-1998),routing_scenario,23,Benthic elasmobranchs,M0,0.02098836399473636,0.03719301867473636,"Freeze completed living P,Q,diet,predation,accumulation,migration. Solve EE for SM; detritus accumulation absorbs routed inflow at fixed predation. No new consumption is assumed.",SM,0.4
13_2_Northern_Humboldt_Current_(1995-1998),routing_scenario,22,Small demersal fish,M0,3.2426595415784147,3.2503952336984145,"Freeze completed living P,Q,diet,predation,accumulation,migration. Solve EE for SM; detritus accumulation absorbs routed inflow at fixed predation. No new consumption is assumed.",SM,0.4
13_2_Northern_Humboldt_Current_(1995-1998),routing_scenario,21,Flatfish,M0,3.451325833853003e-05,0.00165780412033853,"Freeze completed living P,Q,diet,predation,accumulation,migration. Solve EE for SM; detritus accumulation absorbs routed inflow at fixed predation. No new consumption is assumed.",SM,0.4
13_2_Northern_Humboldt_Current_(1995-1998),routing_scenario,20,Large hake,M0,0.006700170035899526,0.02523407518789952,"Freeze completed living P,Q,diet,predation,accumulation,migration. Solve EE for SM; detritus accumulation absorbs routed inflow at fixed predation. No new consumption is assumed.",SM,0.4
13_2_Northern_Humboldt_Current_(1995-1998),routing_scenario,19,Medium hake,M0,0.44286476478316994,0.46233516478316994,"Freeze completed living P,Q,diet,predation,accumulation,migration. Solve EE for SM; detritus accumulation absorbs routed inflow at fixed predation. No new consumption is assumed.",SM,0.4
13_2_Northern_Humboldt_Current_(1995-1998),routing_scenario,18,Small hake,M0,0.628031663830784,1.094397570390784,"Freeze completed living P,Q,diet,predation,accumulation,migration. Solve EE for SM; detritus accumulation absorbs routed inflow at fixed predation. No new consumption is assumed.",SM,0.4
13_2_Northern_Humboldt_Current_(1995-1998),routing_scenario,17,Other large pelagic fish,M0,0.3416564469598926,0.4751840523598926,"Freeze completed living P,Q,diet,predation,accumulation,migration. Solve EE for SM; detritus accumulation absorbs routed inflow at fixed predation. No new consumption is assumed.",SM,0.4
13_2_Northern_Humboldt_Current_(1995-1998),routing_scenario,16,Chub mackerel,M0,5.522509613684951,5.819571283524951,"Freeze completed living P,Q,diet,predation,accumulation,migration. Solve EE for SM; detritus accumulation absorbs routed inflow at fixed predation. No new consumption is assumed.",SM,0.4
13_2_Northern_Humboldt_Current_(1995-1998),routing_scenario,15,Horse mackerel,M0,6.695953029518151,7.394562207798151,"Freeze completed living P,Q,diet,predation,accumulation,migration. Solve EE for SM; detritus accumulation absorbs routed inflow at fixed predation. No new consumption is assumed.",SM,0.4
13_2_Northern_Humboldt_Current_(1995-1998),routing_scenario,14,Other small pelagic fish,M0,1.0995008229018595,1.7754182289018594,"Freeze completed living P,Q,diet,predation,accumulation,migration. Solve EE for SM; detritus accumulation absorbs routed inflow at fixed predation. No new consumption is assumed.",SM,0.4
13_2_Northern_Humboldt_Current_(1995-1998),routing_scenario,13,Other cephalopods,M0,0.38835856631069415,0.40254690412569416,"Freeze completed living P,Q,diet,predation,accumulation,migration. Solve EE for SM; detritus accumulation absorbs routed inflow at fixed predation. No new consumption is assumed.",SM,0.4
13_2_Northern_Humboldt_Current_(1995-1998),routing_scenario,12,Jumbo squid,M0,0.6834706928629479,0.7256560127229479,"Freeze completed living P,Q,diet,predation,accumulation,migration. Solve EE for SM; detritus accumulation absorbs routed inflow at fixed predation. No new consumption is assumed.",SM,0.4
13_2_Northern_Humboldt_Current_(1995-1998),routing_scenario,10,Anchovy,M0,21.594902660465323,30.86289777866532,"Freeze completed living P,Q,diet,predation,accumulation,migration. Solve EE for SM; detritus accumulation absorbs routed inflow at fixed predation. No new consumption is assumed.",SM,0.4
13_2_Northern_Humboldt_Current_(1995-1998),routing_scenario,9,Sardine,M0,0.45094358787714506,2.781331181177145,"Freeze completed living P,Q,diet,predation,accumulation,migration. Solve EE for SM; detritus accumulation absorbs routed inflow at fixed predation. No new consumption is assumed.",SM,0.4
13_2_Northern_Humboldt_Current_(1995-1998),routing_scenario,30,Chondrichthyans,EE,0.564231276512146,0.33853875278726386,"Freeze completed living P,Q,diet,predation,accumulation,migration. Solve EE for SM; detritus accumulation absorbs routed inflow at fixed predation. No new consumption is assumed.",SM,0.4
13_2_Northern_Humboldt_Current_(1995-1998),routing_scenario,29,Catfish,EE,0.8212506771087646,0.5751066875921291,"Freeze completed living P,Q,diet,predation,accumulation,migration. Solve EE for SM; detritus accumulation absorbs routed inflow at fixed predation. No new consumption is assumed.",SM,0.4
13_2_Northern_Humboldt_Current_(1995-1998),routing_scenario,27,Medium sciaenids,EE,0.7098218202590942,0.6185689989057268,"Freeze completed living P,Q,diet,predation,accumulation,migration. Solve EE for SM; detritus accumulation absorbs routed inflow at fixed predation. No new consumption is assumed.",SM,0.4
13_2_Northern_Humboldt_Current_(1995-1998),routing_scenario,26,Medium demersal fish,EE,0.8201572895050049,0.6669315791522454,"Freeze completed living P,Q,diet,predation,accumulation,migration. Solve EE for SM; detritus accumulation absorbs routed inflow at fixed predation. No new consumption is assumed.",SM,0.4
13_2_Northern_Humboldt_Current_(1995-1998),routing_scenario,23,Benthic elasmobranchs,EE,0.6587257981300354,0.3952354854080765,"Freeze completed living P,Q,diet,predation,accumulation,migration. Solve EE for SM; detritus accumulation absorbs routed inflow at fixed predation. No new consumption is assumed.",SM,0.4
13_2_Northern_Humboldt_Current_(1995-1998),routing_scenario,22,Small demersal fish,EE,0.7304298281669617,0.7297867412726093,"Freeze completed living P,Q,diet,predation,accumulation,migration. Solve EE for SM; detritus accumulation absorbs routed inflow at fixed predation. No new consumption is assumed.",SM,0.4
13_2_Northern_Humboldt_Current_(1995-1998),routing_scenario,21,Flatfish,EE,0.9954587817192078,0.7818678751391784,"Freeze completed living P,Q,diet,predation,accumulation,migration. Solve EE for SM; detritus accumulation absorbs routed inflow at fixed predation. No new consumption is assumed.",SM,0.4
13_2_Northern_Humboldt_Current_(1995-1998),routing_scenario,20,Large hake,EE,0.8738672733306885,0.5249609052644175,"Freeze completed living P,Q,diet,predation,accumulation,migration. Solve EE for SM; detritus accumulation absorbs routed inflow at fixed predation. No new consumption is assumed.",SM,0.4
13_2_Northern_Humboldt_Current_(1995-1998),routing_scenario,19,Medium hake,EE,0.14074458181858063,0.10296770719557768,"Freeze completed living P,Q,diet,predation,accumulation,migration. Solve EE for SM; detritus accumulation absorbs routed inflow at fixed predation. No new consumption is assumed.",SM,0.4
13_2_Northern_Humboldt_Current_(1995-1998),routing_scenario,18,Small hake,EE,0.7213676571846008,0.5144598965767655,"Freeze completed living P,Q,diet,predation,accumulation,migration. Solve EE for SM; detritus accumulation absorbs routed inflow at fixed predation. No new consumption is assumed.",SM,0.4
13_2_Northern_Humboldt_Current_(1995-1998),routing_scenario,17,Other large pelagic fish,EE,0.533972442150116,0.3518375976189665,"Freeze completed living P,Q,diet,predation,accumulation,migration. Solve EE for SM; detritus accumulation absorbs routed inflow at fixed predation. No new consumption is assumed.",SM,0.4
13_2_Northern_Humboldt_Current_(1995-1998),routing_scenario,16,Chub mackerel,EE,0.15512745082378387,0.1096808571884682,"Freeze completed living P,Q,diet,predation,accumulation,migration. Solve EE for SM; detritus accumulation absorbs routed inflow at fixed predation. No new consumption is assumed.",SM,0.4
13_2_Northern_Humboldt_Current_(1995-1998),routing_scenario,15,Horse mackerel,EE,0.23551708459854126,0.15575625309579333,"Freeze completed living P,Q,diet,predation,accumulation,migration. Solve EE for SM; detritus accumulation absorbs routed inflow at fixed predation. No new consumption is assumed.",SM,0.4
13_2_Northern_Humboldt_Current_(1995-1998),routing_scenario,14,Other small pelagic fish,EE,0.8999999761581421,0.8385250274293771,"Freeze completed living P,Q,diet,predation,accumulation,migration. Solve EE for SM; detritus accumulation absorbs routed inflow at fixed predation. No new consumption is assumed.",SM,0.4
13_2_Northern_Humboldt_Current_(1995-1998),routing_scenario,13,Other cephalopods,EE,0.949999988079071,0.9481732817271874,"Freeze completed living P,Q,diet,predation,accumulation,migration. Solve EE for SM; detritus accumulation absorbs routed inflow at fixed predation. No new consumption is assumed.",SM,0.4
13_2_Northern_Humboldt_Current_(1995-1998),routing_scenario,12,Jumbo squid,EE,0.7999784350395203,0.7876326625215937,"Freeze completed living P,Q,diet,predation,accumulation,migration. Solve EE for SM; detritus accumulation absorbs routed inflow at fixed predation. No new consumption is assumed.",SM,0.4
13_2_Northern_Humboldt_Current_(1995-1998),routing_scenario,10,Anchovy,EE,0.8148474097251892,0.7353845230537632,"Freeze completed living P,Q,diet,predation,accumulation,migration. Solve EE for SM; detritus accumulation absorbs routed inflow at fixed predation. No new consumption is assumed.",SM,0.4
13_2_Northern_Humboldt_Current_(1995-1998),routing_scenario,9,Sardine,EE,0.9700034856796265,0.8149874111778891,"Freeze completed living P,Q,diet,predation,accumulation,migration. Solve EE for SM; detritus accumulation absorbs routed inflow at fixed predation. No new consumption is assumed.",SM,0.4
13_2_Northern_Humboldt_Current_(1995-1998),routing_scenario,30,Chondrichthyans,catch,0.01439636145,0.00863781687,"Freeze completed living P,Q,diet,predation,accumulation,migration. Solve EE for SM; detritus accumulation absorbs routed inflow at fixed predation. No new consumption is assumed.",SM,0.4
13_2_Northern_Humboldt_Current_(1995-1998),routing_scenario,29,Catfish,catch,0.33977100000000005,0.20386260000000003,"Freeze completed living P,Q,diet,predation,accumulation,migration. Solve EE for SM; detritus accumulation absorbs routed inflow at fixed predation. No new consumption is assumed.",SM,0.4
13_2_Northern_Humboldt_Current_(1995-1998),routing_scenario,27,Medium sciaenids,catch,0.06129891195000001,0.036779347170000004,"Freeze completed living P,Q,diet,predation,accumulation,migration. Solve EE for SM; detritus accumulation absorbs routed inflow at fixed predation. No new consumption is assumed.",SM,0.4
13_2_Northern_Humboldt_Current_(1995-1998),routing_scenario,26,Medium demersal fish,catch,0.1495674495,0.0897404697,"Freeze completed living P,Q,diet,predation,accumulation,migration. Solve EE for SM; detritus accumulation absorbs routed inflow at fixed predation. No new consumption is assumed.",SM,0.4
13_2_Northern_Humboldt_Current_(1995-1998),routing_scenario,23,Benthic elasmobranchs,catch,0.040511636700000006,0.024306982020000003,"Freeze completed living P,Q,diet,predation,accumulation,migration. Solve EE for SM; detritus accumulation absorbs routed inflow at fixed predation. No new consumption is assumed.",SM,0.4
13_2_Northern_Humboldt_Current_(1995-1998),routing_scenario,22,Small demersal fish,catch,0.019339230299999996,0.011603538179999998,"Freeze completed living P,Q,diet,predation,accumulation,migration. Solve EE for SM; detritus accumulation absorbs routed inflow at fixed predation. No new consumption is assumed.",SM,0.4
13_2_Northern_Humboldt_Current_(1995-1998),routing_scenario,21,Flatfish,catch,0.004058227155,0.002434936293,"Freeze completed living P,Q,diet,predation,accumulation,migration. Solve EE for SM; detritus accumulation absorbs routed inflow at fixed predation. No new consumption is assumed.",SM,0.4
13_2_Northern_Humboldt_Current_(1995-1998),routing_scenario,20,Large hake,catch,0.04633476287999999,0.027800857727999995,"Freeze completed living P,Q,diet,predation,accumulation,migration. Solve EE for SM; detritus accumulation absorbs routed inflow at fixed predation. No new consumption is assumed.",SM,0.4
13_2_Northern_Humboldt_Current_(1995-1998),routing_scenario,19,Medium hake,catch,0.048676,0.029205599999999998,"Freeze completed living P,Q,diet,predation,accumulation,migration. Solve EE for SM; detritus accumulation absorbs routed inflow at fixed predation. No new consumption is assumed.",SM,0.4
13_2_Northern_Humboldt_Current_(1995-1998),routing_scenario,18,Small hake,catch,1.1659147664,0.69954885984,"Freeze completed living P,Q,diet,predation,accumulation,migration. Solve EE for SM; detritus accumulation absorbs routed inflow at fixed predation. No new consumption is assumed.",SM,0.4
13_2_Northern_Humboldt_Current_(1995-1998),routing_scenario,17,Other large pelagic fish,catch,0.3338190135,0.20029140809999998,"Freeze completed living P,Q,diet,predation,accumulation,migration. Solve EE for SM; detritus accumulation absorbs routed inflow at fixed predation. No new consumption is assumed.",SM,0.4
13_2_Northern_Humboldt_Current_(1995-1998),routing_scenario,16,Chub mackerel,catch,0.7426541746,0.44559250476,"Freeze completed living P,Q,diet,predation,accumulation,migration. Solve EE for SM; detritus accumulation absorbs routed inflow at fixed predation. No new consumption is assumed.",SM,0.4
13_2_Northern_Humboldt_Current_(1995-1998),routing_scenario,15,Horse mackerel,catch,1.7465229457,1.0479137674199999,"Freeze completed living P,Q,diet,predation,accumulation,migration. Solve EE for SM; detritus accumulation absorbs routed inflow at fixed predation. No new consumption is assumed.",SM,0.4
13_2_Northern_Humboldt_Current_(1995-1998),routing_scenario,14,Other small pelagic fish,catch,1.689793515,1.013876109,"Freeze completed living P,Q,diet,predation,accumulation,migration. Solve EE for SM; detritus accumulation absorbs routed inflow at fixed predation. No new consumption is assumed.",SM,0.4
13_2_Northern_Humboldt_Current_(1995-1998),routing_scenario,13,Other cephalopods,catch,0.0354708445375,0.021282506722499997,"Freeze completed living P,Q,diet,predation,accumulation,migration. Solve EE for SM; detritus accumulation absorbs routed inflow at fixed predation. No new consumption is assumed.",SM,0.4
13_2_Northern_Humboldt_Current_(1995-1998),routing_scenario,12,Jumbo squid,catch,0.10546329965,0.06327797979,"Freeze completed living P,Q,diet,predation,accumulation,migration. Solve EE for SM; detritus accumulation absorbs routed inflow at fixed predation. No new consumption is assumed.",SM,0.4
13_2_Northern_Humboldt_Current_(1995-1998),routing_scenario,10,Anchovy,catch,23.1699877955,13.901992677299999,"Freeze completed living P,Q,diet,predation,accumulation,migration. Solve EE for SM; detritus accumulation absorbs routed inflow at fixed predation. No new consumption is assumed.",SM,0.4
13_2_Northern_Humboldt_Current_(1995-1998),routing_scenario,9,Sardine,catch,5.82596898325,3.49558138995,"Freeze completed living P,Q,diet,predation,accumulation,migration. Solve EE for SM; detritus accumulation absorbs routed inflow at fixed predation. No new consumption is assumed.",SM,0.4
13_2_Northern_Humboldt_Current_(1995-1998),routing_scenario,39,Benthic detritus,growth,-4340.9949724808885,-4329.317654465565,"Freeze completed living P,Q,diet,predation,accumulation,migration. Solve EE for SM; detritus accumulation absorbs routed inflow at fixed predation. No new consumption is assumed.",SM,0.4
13_2_Northern_Humboldt_Current_(1995-1998),routing_scenario,38,Pelagic detritus,growth,5090.259743360343,5090.481246132698,"Freeze completed living P,Q,diet,predation,accumulation,migration. Solve EE for SM; detritus accumulation absorbs routed inflow at fixed predation. No new consumption is assumed.",SM,0.4
13_2_Northern_Humboldt_Current_(1995-1998),routing_scenario,36,Anchovy eggs,growth,12.539441007952618,14.856439787502623,"Freeze completed living P,Q,diet,predation,accumulation,migration. Solve EE for SM; detritus accumulation absorbs routed inflow at fixed predation. No new consumption is assumed.",SM,0.4
13_2_Northern_Humboldt_Current_(1995-1998),routing_scenario,30,Chondrichthyans,catch,0.01439636145,0.00863781687,"Freeze completed living P,Q,diet,predation,accumulation,migration. Solve EE for SM; detritus accumulation absorbs routed inflow at fixed predation. No new consumption is assumed.",SE,0.4
13_2_Northern_Humboldt_Current_(1995-1998),routing_scenario,29,Catfish,catch,0.33977100000000005,0.20386260000000003,"Freeze completed living P,Q,diet,predation,accumulation,migration. Solve EE for SM; detritus accumulation absorbs routed inflow at fixed predation. No new consumption is assumed.",SE,0.4
13_2_Northern_Humboldt_Current_(1995-1998),routing_scenario,27,Medium sciaenids,catch,0.06129891195000001,0.036779347170000004,"Freeze completed living P,Q,diet,predation,accumulation,migration. Solve EE for SM; detritus accumulation absorbs routed inflow at fixed predation. No new consumption is assumed.",SE,0.4
13_2_Northern_Humboldt_Current_(1995-1998),routing_scenario,26,Medium demersal fish,catch,0.1495674495,0.0897404697,"Freeze completed living P,Q,diet,predation,accumulation,migration. Solve EE for SM; detritus accumulation absorbs routed inflow at fixed predation. No new consumption is assumed.",SE,0.4
13_2_Northern_Humboldt_Current_(1995-1998),routing_scenario,23,Benthic elasmobranchs,catch,0.040511636700000006,0.024306982020000003,"Freeze completed living P,Q,diet,predation,accumulation,migration. Solve EE for SM; detritus accumulation absorbs routed inflow at fixed predation. No new consumption is assumed.",SE,0.4
13_2_Northern_Humboldt_Current_(1995-1998),routing_scenario,22,Small demersal fish,catch,0.019339230299999996,0.011603538179999998,"Freeze completed living P,Q,diet,predation,accumulation,migration. Solve EE for SM; detritus accumulation absorbs routed inflow at fixed predation. No new consumption is assumed.",SE,0.4
13_2_Northern_Humboldt_Current_(1995-1998),routing_scenario,21,Flatfish,catch,0.004058227155,0.002434936293,"Freeze completed living P,Q,diet,predation,accumulation,migration. Solve EE for SM; detritus accumulation absorbs routed inflow at fixed predation. No new consumption is assumed.",SE,0.4
13_2_Northern_Humboldt_Current_(1995-1998),routing_scenario,20,Large hake,catch,0.04633476287999999,0.027800857727999995,"Freeze completed living P,Q,diet,predation,accumulation,migration. Solve EE for SM; detritus accumulation absorbs routed inflow at fixed predation. No new consumption is assumed.",SE,0.4
13_2_Northern_Humboldt_Current_(1995-1998),routing_scenario,19,Medium hake,catch,0.048676,0.029205599999999998,"Freeze completed living P,Q,diet,predation,accumulation,migration. Solve EE for SM; detritus accumulation absorbs routed inflow at fixed predation. No new consumption is assumed.",SE,0.4
13_2_Northern_Humboldt_Current_(1995-1998),routing_scenario,18,Small hake,catch,1.1659147664,0.69954885984,"Freeze completed living P,Q,diet,predation,accumulation,migration. Solve EE for SM; detritus accumulation absorbs routed inflow at fixed predation. No new consumption is assumed.",SE,0.4
13_2_Northern_Humboldt_Current_(1995-1998),routing_scenario,17,Other large pelagic fish,catch,0.3338190135,0.20029140809999998,"Freeze completed living P,Q,diet,predation,accumulation,migration. Solve EE for SM; detritus accumulation absorbs routed inflow at fixed predation. No new consumption is assumed.",SE,0.4
13_2_Northern_Humboldt_Current_(1995-1998),routing_scenario,16,Chub mackerel,catch,0.7426541746,0.44559250476,"Freeze completed living P,Q,diet,predation,accumulation,migration. Solve EE for SM; detritus accumulation absorbs routed inflow at fixed predation. No new consumption is assumed.",SE,0.4
13_2_Northern_Humboldt_Current_(1995-1998),routing_scenario,15,Horse mackerel,catch,1.7465229457,1.0479137674199999,"Freeze completed living P,Q,diet,predation,accumulation,migration. Solve EE for SM; detritus accumulation absorbs routed inflow at fixed predation. No new consumption is assumed.",SE,0.4
13_2_Northern_Humboldt_Current_(1995-1998),routing_scenario,14,Other small pelagic fish,catch,1.689793515,1.013876109,"Freeze completed living P,Q,diet,predation,accumulation,migration. Solve EE for SM; detritus accumulation absorbs routed inflow at fixed predation. No new consumption is assumed.",SE,0.4
13_2_Northern_Humboldt_Current_(1995-1998),routing_scenario,13,Other cephalopods,catch,0.0354708445375,0.021282506722499997,"Freeze completed living P,Q,diet,predation,accumulation,migration. Solve EE for SM; detritus accumulation absorbs routed inflow at fixed predation. No new consumption is assumed.",SE,0.4
13_2_Northern_Humboldt_Current_(1995-1998),routing_scenario,12,Jumbo squid,catch,0.10546329965,0.06327797979,"Freeze completed living P,Q,diet,predation,accumulation,migration. Solve EE for SM; detritus accumulation absorbs routed inflow at fixed predation. No new consumption is assumed.",SE,0.4
13_2_Northern_Humboldt_Current_(1995-1998),routing_scenario,10,Anchovy,catch,23.1699877955,13.901992677299999,"Freeze completed living P,Q,diet,predation,accumulation,migration. Solve EE for SM; detritus accumulation absorbs routed inflow at fixed predation. No new consumption is assumed.",SE,0.4
13_2_Northern_Humboldt_Current_(1995-1998),routing_scenario,9,Sardine,catch,5.82596898325,3.49558138995,"Freeze completed living P,Q,diet,predation,accumulation,migration. Solve EE for SM; detritus accumulation absorbs routed inflow at fixed predation. No new consumption is assumed.",SE,0.4
13_2_Northern_Humboldt_Current_(1995-1998),routing_scenario,30,Chondrichthyans,external_loss,0.0,0.00575854458,"Freeze completed living P,Q,diet,predation,accumulation,migration. Solve EE for SM; detritus accumulation absorbs routed inflow at fixed predation. No new consumption is assumed.",SE,0.4
13_2_Northern_Humboldt_Current_(1995-1998),routing_scenario,29,Catfish,external_loss,0.0,0.1359084,"Freeze completed living P,Q,diet,predation,accumulation,migration. Solve EE for SM; detritus accumulation absorbs routed inflow at fixed predation. No new consumption is assumed.",SE,0.4
13_2_Northern_Humboldt_Current_(1995-1998),routing_scenario,27,Medium sciaenids,external_loss,0.0,0.024519564780000003,"Freeze completed living P,Q,diet,predation,accumulation,migration. Solve EE for SM; detritus accumulation absorbs routed inflow at fixed predation. No new consumption is assumed.",SE,0.4
13_2_Northern_Humboldt_Current_(1995-1998),routing_scenario,26,Medium demersal fish,external_loss,0.0,0.059826979800000006,"Freeze completed living P,Q,diet,predation,accumulation,migration. Solve EE for SM; detritus accumulation absorbs routed inflow at fixed predation. No new consumption is assumed.",SE,0.4
13_2_Northern_Humboldt_Current_(1995-1998),routing_scenario,23,Benthic elasmobranchs,external_loss,0.0,0.016204654680000003,"Freeze completed living P,Q,diet,predation,accumulation,migration. Solve EE for SM; detritus accumulation absorbs routed inflow at fixed predation. No new consumption is assumed.",SE,0.4
13_2_Northern_Humboldt_Current_(1995-1998),routing_scenario,22,Small demersal fish,external_loss,0.0,0.007735692119999998,"Freeze completed living P,Q,diet,predation,accumulation,migration. Solve EE for SM; detritus accumulation absorbs routed inflow at fixed predation. No new consumption is assumed.",SE,0.4
13_2_Northern_Humboldt_Current_(1995-1998),routing_scenario,21,Flatfish,external_loss,0.0,0.0016232908620000001,"Freeze completed living P,Q,diet,predation,accumulation,migration. Solve EE for SM; detritus accumulation absorbs routed inflow at fixed predation. No new consumption is assumed.",SE,0.4
13_2_Northern_Humboldt_Current_(1995-1998),routing_scenario,20,Large hake,external_loss,0.0,0.018533905151999996,"Freeze completed living P,Q,diet,predation,accumulation,migration. Solve EE for SM; detritus accumulation absorbs routed inflow at fixed predation. No new consumption is assumed.",SE,0.4
13_2_Northern_Humboldt_Current_(1995-1998),routing_scenario,19,Medium hake,external_loss,0.0,0.0194704,"Freeze completed living P,Q,diet,predation,accumulation,migration. Solve EE for SM; detritus accumulation absorbs routed inflow at fixed predation. No new consumption is assumed.",SE,0.4
13_2_Northern_Humboldt_Current_(1995-1998),routing_scenario,18,Small hake,external_loss,0.0,0.46636590656000004,"Freeze completed living P,Q,diet,predation,accumulation,migration. Solve EE for SM; detritus accumulation absorbs routed inflow at fixed predation. No new consumption is assumed.",SE,0.4
13_2_Northern_Humboldt_Current_(1995-1998),routing_scenario,17,Other large pelagic fish,external_loss,0.0,0.1335276054,"Freeze completed living P,Q,diet,predation,accumulation,migration. Solve EE for SM; detritus accumulation absorbs routed inflow at fixed predation. No new consumption is assumed.",SE,0.4
13_2_Northern_Humboldt_Current_(1995-1998),routing_scenario,16,Chub mackerel,external_loss,0.0,0.29706166984000004,"Freeze completed living P,Q,diet,predation,accumulation,migration. Solve EE for SM; detritus accumulation absorbs routed inflow at fixed predation. No new consumption is assumed.",SE,0.4
13_2_Northern_Humboldt_Current_(1995-1998),routing_scenario,15,Horse mackerel,external_loss,0.0,0.69860917828,"Freeze completed living P,Q,diet,predation,accumulation,migration. Solve EE for SM; detritus accumulation absorbs routed inflow at fixed predation. No new consumption is assumed.",SE,0.4
13_2_Northern_Humboldt_Current_(1995-1998),routing_scenario,14,Other small pelagic fish,external_loss,0.0,0.675917406,"Freeze completed living P,Q,diet,predation,accumulation,migration. Solve EE for SM; detritus accumulation absorbs routed inflow at fixed predation. No new consumption is assumed.",SE,0.4
13_2_Northern_Humboldt_Current_(1995-1998),routing_scenario,13,Other cephalopods,external_loss,0.0,0.014188337815,"Freeze completed living P,Q,diet,predation,accumulation,migration. Solve EE for SM; detritus accumulation absorbs routed inflow at fixed predation. No new consumption is assumed.",SE,0.4
13_2_Northern_Humboldt_Current_(1995-1998),routing_scenario,12,Jumbo squid,external_loss,0.0,0.04218531986,"Freeze completed living P,Q,diet,predation,accumulation,migration. Solve EE for SM; detritus accumulation absorbs routed inflow at fixed predation. No new consumption is assumed.",SE,0.4
13_2_Northern_Humboldt_Current_(1995-1998),routing_scenario,10,Anchovy,external_loss,0.0,9.2679951182,"Freeze completed living P,Q,diet,predation,accumulation,migration. Solve EE for SM; detritus accumulation absorbs routed inflow at fixed predation. No new consumption is assumed.",SE,0.4
13_2_Northern_Humboldt_Current_(1995-1998),routing_scenario,9,Sardine,external_loss,0.0,2.3303875933000002,"Freeze completed living P,Q,diet,predation,accumulation,migration. Solve EE for SM; detritus accumulation absorbs routed inflow at fixed predation. No new consumption is assumed.",SE,0.4
13_2_Northern_Humboldt_Current_(1995-1998),routing_scenario,39,Benthic detritus,p,1751.6112896867576,1764.4055272972637,"Freeze completed living P,Q,diet,predation,accumulation,migration. Solve EE for SM; detritus accumulation absorbs routed inflow at fixed predation. No new consumption is assumed.",SR,0.4
13_2_Northern_Humboldt_Current_(1995-1998),routing_scenario,38,Pelagic detritus,p,5090.259743360343,5091.681325317066,"Freeze completed living P,Q,diet,predation,accumulation,migration. Solve EE for SM; detritus accumulation absorbs routed inflow at fixed predation. No new consumption is assumed.",SR,0.4
13_2_Northern_Humboldt_Current_(1995-1998),routing_scenario,39,Benthic detritus,q,1751.6112896867576,1764.4055272972637,"Freeze completed living P,Q,diet,predation,accumulation,migration. Solve EE for SM; detritus accumulation absorbs routed inflow at fixed predation. No new consumption is assumed.",SR,0.4
13_2_Northern_Humboldt_Current_(1995-1998),routing_scenario,38,Pelagic detritus,q,5090.259743360343,5091.681325317066,"Freeze completed living P,Q,diet,predation,accumulation,migration. Solve EE for SM; detritus accumulation absorbs routed inflow at fixed predation. No new consumption is assumed.",SR,0.4
13_2_Northern_Humboldt_Current_(1995-1998),routing_scenario,39,Benthic detritus,growth,-4340.9949724808885,-4328.200734870383,"Freeze completed living P,Q,diet,predation,accumulation,migration. Solve EE for SM; detritus accumulation absorbs routed inflow at fixed predation. No new consumption is assumed.",SR,0.4
13_2_Northern_Humboldt_Current_(1995-1998),routing_scenario,38,Pelagic detritus,growth,5090.259743360343,5091.681325317066,"Freeze completed living P,Q,diet,predation,accumulation,migration. Solve EE for SM; detritus accumulation absorbs routed inflow at fixed predation. No new consumption is assumed.",SR,0.4
13_2_Northern_Humboldt_Current_(1995-1998),routing_scenario,39,Benthic detritus,p,1751.6112896867576,1766.2079372059122,"Freeze completed living P,Q,diet,predation,accumulation,migration. Solve EE for SM; detritus accumulation absorbs routed inflow at fixed predation. No new consumption is assumed.",SM,0.5
13_2_Northern_Humboldt_Current_(1995-1998),routing_scenario,38,Pelagic detritus,p,5090.259743360343,5090.536621825788,"Freeze completed living P,Q,diet,predation,accumulation,migration. Solve EE for SM; detritus accumulation absorbs routed inflow at fixed predation. No new consumption is assumed.",SM,0.5
13_2_Northern_Humboldt_Current_(1995-1998),routing_scenario,36,Anchovy eggs,p,81.93913403799536,84.83538251243286,"Freeze completed living P,Q,diet,predation,accumulation,migration. Solve EE for SM; detritus accumulation absorbs routed inflow at fixed predation. No new consumption is assumed.",SM,0.5
13_2_Northern_Humboldt_Current_(1995-1998),routing_scenario,39,Benthic detritus,q,1751.6112896867576,1766.2079372059122,"Freeze completed living P,Q,diet,predation,accumulation,migration. Solve EE for SM; detritus accumulation absorbs routed inflow at fixed predation. No new consumption is assumed.",SM,0.5
13_2_Northern_Humboldt_Current_(1995-1998),routing_scenario,38,Pelagic detritus,q,5090.259743360343,5090.536621825788,"Freeze completed living P,Q,diet,predation,accumulation,migration. Solve EE for SM; detritus accumulation absorbs routed inflow at fixed predation. No new consumption is assumed.",SM,0.5
13_2_Northern_Humboldt_Current_(1995-1998),routing_scenario,36,Anchovy eggs,q,81.93913403799536,84.83538251243286,"Freeze completed living P,Q,diet,predation,accumulation,migration. Solve EE for SM; detritus accumulation absorbs routed inflow at fixed predation. No new consumption is assumed.",SM,0.5
13_2_Northern_Humboldt_Current_(1995-1998),routing_scenario,30,Chondrichthyans,M0,0.01111863866537926,0.01831681939037926,"Freeze completed living P,Q,diet,predation,accumulation,migration. Solve EE for SM; detritus accumulation absorbs routed inflow at fixed predation. No new consumption is assumed.",SM,0.5
13_2_Northern_Humboldt_Current_(1995-1998),routing_scenario,29,Catfish,M0,0.0986964358664111,0.2685819358664111,"Freeze completed living P,Q,diet,predation,accumulation,migration. Solve EE for SM; detritus accumulation absorbs routed inflow at fixed predation. No new consumption is assumed.",SM,0.5
13_2_Northern_Humboldt_Current_(1995-1998),routing_scenario,27,Medium sciaenids,M0,0.07797065965059131,0.10862011562559132,"Freeze completed living P,Q,diet,predation,accumulation,migration. Solve EE for SM; detritus accumulation absorbs routed inflow at fixed predation. No new consumption is assumed.",SM,0.5
13_2_Northern_Humboldt_Current_(1995-1998),routing_scenario,26,Medium demersal fish,M0,0.0702195877127324,0.1450033124627324,"Freeze completed living P,Q,diet,predation,accumulation,migration. Solve EE for SM; detritus accumulation absorbs routed inflow at fixed predation. No new consumption is assumed.",SM,0.5
13_2_Northern_Humboldt_Current_(1995-1998),routing_scenario,23,Benthic elasmobranchs,M0,0.02098836399473636,0.04124418234473636,"Freeze completed living P,Q,diet,predation,accumulation,migration. Solve EE for SM; detritus accumulation absorbs routed inflow at fixed predation. No new consumption is assumed.",SM,0.5
13_2_Northern_Humboldt_Current_(1995-1998),routing_scenario,22,Small demersal fish,M0,3.2426595415784147,3.2523291567284147,"Freeze completed living P,Q,diet,predation,accumulation,migration. Solve EE for SM; detritus accumulation absorbs routed inflow at fixed predation. No new consumption is assumed.",SM,0.5
13_2_Northern_Humboldt_Current_(1995-1998),routing_scenario,21,Flatfish,M0,3.451325833853003e-05,0.00206362683583853,"Freeze completed living P,Q,diet,predation,accumulation,migration. Solve EE for SM; detritus accumulation absorbs routed inflow at fixed predation. No new consumption is assumed.",SM,0.5
13_2_Northern_Humboldt_Current_(1995-1998),routing_scenario,20,Large hake,M0,0.006700170035899526,0.02986755147589952,"Freeze completed living P,Q,diet,predation,accumulation,migration. Solve EE for SM; detritus accumulation absorbs routed inflow at fixed predation. No new consumption is assumed.",SM,0.5
13_2_Northern_Humboldt_Current_(1995-1998),routing_scenario,19,Medium hake,M0,0.44286476478316994,0.4672027647831699,"Freeze completed living P,Q,diet,predation,accumulation,migration. Solve EE for SM; detritus accumulation absorbs routed inflow at fixed predation. No new consumption is assumed.",SM,0.5
13_2_Northern_Humboldt_Current_(1995-1998),routing_scenario,18,Small hake,M0,0.628031663830784,1.210989047030784,"Freeze completed living P,Q,diet,predation,accumulation,migration. Solve EE for SM; detritus accumulation absorbs routed inflow at fixed predation. No new consumption is assumed.",SM,0.5
13_2_Northern_Humboldt_Current_(1995-1998),routing_scenario,17,Other large pelagic fish,M0,0.3416564469598926,0.5085659537098925,"Freeze completed living P,Q,diet,predation,accumulation,migration. Solve EE for SM; detritus accumulation absorbs routed inflow at fixed predation. No new consumption is assumed.",SM,0.5
13_2_Northern_Humboldt_Current_(1995-1998),routing_scenario,16,Chub mackerel,M0,5.522509613684951,5.893836700984951,"Freeze completed living P,Q,diet,predation,accumulation,migration. Solve EE for SM; detritus accumulation absorbs routed inflow at fixed predation. No new consumption is assumed.",SM,0.5
13_2_Northern_Humboldt_Current_(1995-1998),routing_scenario,15,Horse mackerel,M0,6.695953029518151,7.569214502368151,"Freeze completed living P,Q,diet,predation,accumulation,migration. Solve EE for SM; detritus accumulation absorbs routed inflow at fixed predation. No new consumption is assumed.",SM,0.5
13_2_Northern_Humboldt_Current_(1995-1998),routing_scenario,14,Other small pelagic fish,M0,1.0995008229018595,1.9443975804018594,"Freeze completed living P,Q,diet,predation,accumulation,migration. Solve EE for SM; detritus accumulation absorbs routed inflow at fixed predation. No new consumption is assumed.",SM,0.5
13_2_Northern_Humboldt_Current_(1995-1998),routing_scenario,13,Other cephalopods,M0,0.38835856631069415,0.4060939885794442,"Freeze completed living P,Q,diet,predation,accumulation,migration. Solve EE for SM; detritus accumulation absorbs routed inflow at fixed predation. No new consumption is assumed.",SM,0.5
13_2_Northern_Humboldt_Current_(1995-1998),routing_scenario,12,Jumbo squid,M0,0.6834706928629479,0.7362023426879479,"Freeze completed living P,Q,diet,predation,accumulation,migration. Solve EE for SM; detritus accumulation absorbs routed inflow at fixed predation. No new consumption is assumed.",SM,0.5
13_2_Northern_Humboldt_Current_(1995-1998),routing_scenario,10,Anchovy,M0,21.594902660465323,33.17989655821532,"Freeze completed living P,Q,diet,predation,accumulation,migration. Solve EE for SM; detritus accumulation absorbs routed inflow at fixed predation. No new consumption is assumed.",SM,0.5
13_2_Northern_Humboldt_Current_(1995-1998),routing_scenario,9,Sardine,M0,0.45094358787714506,3.363928079502145,"Freeze completed living P,Q,diet,predation,accumulation,migration. Solve EE for SM; detritus accumulation absorbs routed inflow at fixed predation. No new consumption is assumed.",SM,0.5
13_2_Northern_Humboldt_Current_(1995-1998),routing_scenario,30,Chondrichthyans,EE,0.564231276512146,0.28211562185604333,"Freeze completed living P,Q,diet,predation,accumulation,migration. Solve EE for SM; detritus accumulation absorbs routed inflow at fixed predation. No new consumption is assumed.",SM,0.5
13_2_Northern_Humboldt_Current_(1995-1998),routing_scenario,29,Catfish,EE,0.8212506771087646,0.5135706902129704,"Freeze completed living P,Q,diet,predation,accumulation,migration. Solve EE for SM; detritus accumulation absorbs routed inflow at fixed predation. No new consumption is assumed.",SM,0.5
13_2_Northern_Humboldt_Current_(1995-1998),routing_scenario,27,Medium sciaenids,EE,0.7098218202590942,0.595755793567385,"Freeze completed living P,Q,diet,predation,accumulation,migration. Solve EE for SM; detritus accumulation absorbs routed inflow at fixed predation. No new consumption is assumed.",SM,0.5
13_2_Northern_Humboldt_Current_(1995-1998),routing_scenario,26,Medium demersal fish,EE,0.8201572895050049,0.6286251515640555,"Freeze completed living P,Q,diet,predation,accumulation,migration. Solve EE for SM; detritus accumulation absorbs routed inflow at fixed predation. No new consumption is assumed.",SM,0.5
13_2_Northern_Humboldt_Current_(1995-1998),routing_scenario,23,Benthic elasmobranchs,EE,0.6587257981300354,0.32936290722758665,"Freeze completed living P,Q,diet,predation,accumulation,migration. Solve EE for SM; detritus accumulation absorbs routed inflow at fixed predation. No new consumption is assumed.",SM,0.5
13_2_Northern_Humboldt_Current_(1995-1998),routing_scenario,22,Small demersal fish,EE,0.7304298281669617,0.7296259695490211,"Freeze completed living P,Q,diet,predation,accumulation,migration. Solve EE for SM; detritus accumulation absorbs routed inflow at fixed predation. No new consumption is assumed.",SM,0.5
13_2_Northern_Humboldt_Current_(1995-1998),routing_scenario,21,Flatfish,EE,0.9954587817192078,0.7284701484941711,"Freeze completed living P,Q,diet,predation,accumulation,migration. Solve EE for SM; detritus accumulation absorbs routed inflow at fixed predation. No new consumption is assumed.",SM,0.5
13_2_Northern_Humboldt_Current_(1995-1998),routing_scenario,20,Large hake,EE,0.8738672733306885,0.4377343132478497,"Freeze completed living P,Q,diet,predation,accumulation,migration. Solve EE for SM; detritus accumulation absorbs routed inflow at fixed predation. No new consumption is assumed.",SM,0.5
13_2_Northern_Humboldt_Current_(1995-1998),routing_scenario,19,Medium hake,EE,0.14074458181858063,0.09352348853982706,"Freeze completed living P,Q,diet,predation,accumulation,migration. Solve EE for SM; detritus accumulation absorbs routed inflow at fixed predation. No new consumption is assumed.",SM,0.5
13_2_Northern_Humboldt_Current_(1995-1998),routing_scenario,18,Small hake,EE,0.7213676571846008,0.4627329564248067,"Freeze completed living P,Q,diet,predation,accumulation,migration. Solve EE for SM; detritus accumulation absorbs routed inflow at fixed predation. No new consumption is assumed.",SM,0.5
13_2_Northern_Humboldt_Current_(1995-1998),routing_scenario,17,Other large pelagic fish,EE,0.533972442150116,0.3063038864861791,"Freeze completed living P,Q,diet,predation,accumulation,migration. Solve EE for SM; detritus accumulation absorbs routed inflow at fixed predation. No new consumption is assumed.",SM,0.5
13_2_Northern_Humboldt_Current_(1995-1998),routing_scenario,16,Chub mackerel,EE,0.15512745082378387,0.09831920877963918,"Freeze completed living P,Q,diet,predation,accumulation,migration. Solve EE for SM; detritus accumulation absorbs routed inflow at fixed predation. No new consumption is assumed.",SM,0.5
13_2_Northern_Humboldt_Current_(1995-1998),routing_scenario,15,Horse mackerel,EE,0.23551708459854126,0.13581604522010626,"Freeze completed living P,Q,diet,predation,accumulation,migration. Solve EE for SM; detritus accumulation absorbs routed inflow at fixed predation. No new consumption is assumed.",SM,0.5
13_2_Northern_Humboldt_Current_(1995-1998),routing_scenario,14,Other small pelagic fish,EE,0.8999999761581421,0.8231562902471858,"Freeze completed living P,Q,diet,predation,accumulation,migration. Solve EE for SM; detritus accumulation absorbs routed inflow at fixed predation. No new consumption is assumed.",SM,0.5
13_2_Northern_Humboldt_Current_(1995-1998),routing_scenario,13,Other cephalopods,EE,0.949999988079071,0.9477166051392165,"Freeze completed living P,Q,diet,predation,accumulation,migration. Solve EE for SM; detritus accumulation absorbs routed inflow at fixed predation. No new consumption is assumed.",SM,0.5
13_2_Northern_Humboldt_Current_(1995-1998),routing_scenario,12,Jumbo squid,EE,0.7999784350395203,0.784546219392112,"Freeze completed living P,Q,diet,predation,accumulation,migration. Solve EE for SM; detritus accumulation absorbs routed inflow at fixed predation. No new consumption is assumed.",SM,0.5
13_2_Northern_Humboldt_Current_(1995-1998),routing_scenario,10,Anchovy,EE,0.8148474097251892,0.7155188013859068,"Freeze completed living P,Q,diet,predation,accumulation,migration. Solve EE for SM; detritus accumulation absorbs routed inflow at fixed predation. No new consumption is assumed.",SM,0.5
13_2_Northern_Humboldt_Current_(1995-1998),routing_scenario,9,Sardine,EE,0.9700034856796265,0.7762333925524547,"Freeze completed living P,Q,diet,predation,accumulation,migration. Solve EE for SM; detritus accumulation absorbs routed inflow at fixed predation. No new consumption is assumed.",SM,0.5
13_2_Northern_Humboldt_Current_(1995-1998),routing_scenario,30,Chondrichthyans,catch,0.01439636145,0.007198180725,"Freeze completed living P,Q,diet,predation,accumulation,migration. Solve EE for SM; detritus accumulation absorbs routed inflow at fixed predation. No new consumption is assumed.",SM,0.5
13_2_Northern_Humboldt_Current_(1995-1998),routing_scenario,29,Catfish,catch,0.33977100000000005,0.16988550000000002,"Freeze completed living P,Q,diet,predation,accumulation,migration. Solve EE for SM; detritus accumulation absorbs routed inflow at fixed predation. No new consumption is assumed.",SM,0.5
13_2_Northern_Humboldt_Current_(1995-1998),routing_scenario,27,Medium sciaenids,catch,0.06129891195000001,0.030649455975000003,"Freeze completed living P,Q,diet,predation,accumulation,migration. Solve EE for SM; detritus accumulation absorbs routed inflow at fixed predation. No new consumption is assumed.",SM,0.5
13_2_Northern_Humboldt_Current_(1995-1998),routing_scenario,26,Medium demersal fish,catch,0.1495674495,0.07478372475,"Freeze completed living P,Q,diet,predation,accumulation,migration. Solve EE for SM; detritus accumulation absorbs routed inflow at fixed predation. No new consumption is assumed.",SM,0.5
13_2_Northern_Humboldt_Current_(1995-1998),routing_scenario,23,Benthic elasmobranchs,catch,0.040511636700000006,0.020255818350000003,"Freeze completed living P,Q,diet,predation,accumulation,migration. Solve EE for SM; detritus accumulation absorbs routed inflow at fixed predation. No new consumption is assumed.",SM,0.5
13_2_Northern_Humboldt_Current_(1995-1998),routing_scenario,22,Small demersal fish,catch,0.019339230299999996,0.009669615149999998,"Freeze completed living P,Q,diet,predation,accumulation,migration. Solve EE for SM; detritus accumulation absorbs routed inflow at fixed predation. No new consumption is assumed.",SM,0.5
13_2_Northern_Humboldt_Current_(1995-1998),routing_scenario,21,Flatfish,catch,0.004058227155,0.0020291135775,"Freeze completed living P,Q,diet,predation,accumulation,migration. Solve EE for SM; detritus accumulation absorbs routed inflow at fixed predation. No new consumption is assumed.",SM,0.5
13_2_Northern_Humboldt_Current_(1995-1998),routing_scenario,20,Large hake,catch,0.04633476287999999,0.023167381439999996,"Freeze completed living P,Q,diet,predation,accumulation,migration. Solve EE for SM; detritus accumulation absorbs routed inflow at fixed predation. No new consumption is assumed.",SM,0.5
13_2_Northern_Humboldt_Current_(1995-1998),routing_scenario,19,Medium hake,catch,0.048676,0.024338,"Freeze completed living P,Q,diet,predation,accumulation,migration. Solve EE for SM; detritus accumulation absorbs routed inflow at fixed predation. No new consumption is assumed.",SM,0.5
13_2_Northern_Humboldt_Current_(1995-1998),routing_scenario,18,Small hake,catch,1.1659147664,0.5829573832,"Freeze completed living P,Q,diet,predation,accumulation,migration. Solve EE for SM; detritus accumulation absorbs routed inflow at fixed predation. No new consumption is assumed.",SM,0.5
13_2_Northern_Humboldt_Current_(1995-1998),routing_scenario,17,Other large pelagic fish,catch,0.3338190135,0.16690950675,"Freeze completed living P,Q,diet,predation,accumulation,migration. Solve EE for SM; detritus accumulation absorbs routed inflow at fixed predation. No new consumption is assumed.",SM,0.5
13_2_Northern_Humboldt_Current_(1995-1998),routing_scenario,16,Chub mackerel,catch,0.7426541746,0.3713270873,"Freeze completed living P,Q,diet,predation,accumulation,migration. Solve EE for SM; detritus accumulation absorbs routed inflow at fixed predation. No new consumption is assumed.",SM,0.5
13_2_Northern_Humboldt_Current_(1995-1998),routing_scenario,15,Horse mackerel,catch,1.7465229457,0.87326147285,"Freeze completed living P,Q,diet,predation,accumulation,migration. Solve EE for SM; detritus accumulation absorbs routed inflow at fixed predation. No new consumption is assumed.",SM,0.5
13_2_Northern_Humboldt_Current_(1995-1998),routing_scenario,14,Other small pelagic fish,catch,1.689793515,0.8448967575,"Freeze completed living P,Q,diet,predation,accumulation,migration. Solve EE for SM; detritus accumulation absorbs routed inflow at fixed predation. No new consumption is assumed.",SM,0.5
13_2_Northern_Humboldt_Current_(1995-1998),routing_scenario,13,Other cephalopods,catch,0.0354708445375,0.01773542226875,"Freeze completed living P,Q,diet,predation,accumulation,migration. Solve EE for SM; detritus accumulation absorbs routed inflow at fixed predation. No new consumption is assumed.",SM,0.5
13_2_Northern_Humboldt_Current_(1995-1998),routing_scenario,12,Jumbo squid,catch,0.10546329965,0.052731649825,"Freeze completed living P,Q,diet,predation,accumulation,migration. Solve EE for SM; detritus accumulation absorbs routed inflow at fixed predation. No new consumption is assumed.",SM,0.5
13_2_Northern_Humboldt_Current_(1995-1998),routing_scenario,10,Anchovy,catch,23.1699877955,11.58499389775,"Freeze completed living P,Q,diet,predation,accumulation,migration. Solve EE for SM; detritus accumulation absorbs routed inflow at fixed predation. No new consumption is assumed.",SM,0.5
13_2_Northern_Humboldt_Current_(1995-1998),routing_scenario,9,Sardine,catch,5.82596898325,2.912984491625,"Freeze completed living P,Q,diet,predation,accumulation,migration. Solve EE for SM; detritus accumulation absorbs routed inflow at fixed predation. No new consumption is assumed.",SM,0.5
13_2_Northern_Humboldt_Current_(1995-1998),routing_scenario,39,Benthic detritus,growth,-4340.9949724808885,-4326.398324961734,"Freeze completed living P,Q,diet,predation,accumulation,migration. Solve EE for SM; detritus accumulation absorbs routed inflow at fixed predation. No new consumption is assumed.",SM,0.5
13_2_Northern_Humboldt_Current_(1995-1998),routing_scenario,38,Pelagic detritus,growth,5090.259743360343,5090.536621825788,"Freeze completed living P,Q,diet,predation,accumulation,migration. Solve EE for SM; detritus accumulation absorbs routed inflow at fixed predation. No new consumption is assumed.",SM,0.5
13_2_Northern_Humboldt_Current_(1995-1998),routing_scenario,36,Anchovy eggs,growth,12.539441007952618,15.435689482390117,"Freeze completed living P,Q,diet,predation,accumulation,migration. Solve EE for SM; detritus accumulation absorbs routed inflow at fixed predation. No new consumption is assumed.",SM,0.5
13_2_Northern_Humboldt_Current_(1995-1998),routing_scenario,30,Chondrichthyans,catch,0.01439636145,0.007198180725,"Freeze completed living P,Q,diet,predation,accumulation,migration. Solve EE for SM; detritus accumulation absorbs routed inflow at fixed predation. No new consumption is assumed.",SE,0.5
13_2_Northern_Humboldt_Current_(1995-1998),routing_scenario,29,Catfish,catch,0.33977100000000005,0.16988550000000002,"Freeze completed living P,Q,diet,predation,accumulation,migration. Solve EE for SM; detritus accumulation absorbs routed inflow at fixed predation. No new consumption is assumed.",SE,0.5
13_2_Northern_Humboldt_Current_(1995-1998),routing_scenario,27,Medium sciaenids,catch,0.06129891195000001,0.030649455975000003,"Freeze completed living P,Q,diet,predation,accumulation,migration. Solve EE for SM; detritus accumulation absorbs routed inflow at fixed predation. No new consumption is assumed.",SE,0.5
13_2_Northern_Humboldt_Current_(1995-1998),routing_scenario,26,Medium demersal fish,catch,0.1495674495,0.07478372475,"Freeze completed living P,Q,diet,predation,accumulation,migration. Solve EE for SM; detritus accumulation absorbs routed inflow at fixed predation. No new consumption is assumed.",SE,0.5
13_2_Northern_Humboldt_Current_(1995-1998),routing_scenario,23,Benthic elasmobranchs,catch,0.040511636700000006,0.020255818350000003,"Freeze completed living P,Q,diet,predation,accumulation,migration. Solve EE for SM; detritus accumulation absorbs routed inflow at fixed predation. No new consumption is assumed.",SE,0.5
13_2_Northern_Humboldt_Current_(1995-1998),routing_scenario,22,Small demersal fish,catch,0.019339230299999996,0.009669615149999998,"Freeze completed living P,Q,diet,predation,accumulation,migration. Solve EE for SM; detritus accumulation absorbs routed inflow at fixed predation. No new consumption is assumed.",SE,0.5
13_2_Northern_Humboldt_Current_(1995-1998),routing_scenario,21,Flatfish,catch,0.004058227155,0.0020291135775,"Freeze completed living P,Q,diet,predation,accumulation,migration. Solve EE for SM; detritus accumulation absorbs routed inflow at fixed predation. No new consumption is assumed.",SE,0.5
13_2_Northern_Humboldt_Current_(1995-1998),routing_scenario,20,Large hake,catch,0.04633476287999999,0.023167381439999996,"Freeze completed living P,Q,diet,predation,accumulation,migration. Solve EE for SM; detritus accumulation absorbs routed inflow at fixed predation. No new consumption is assumed.",SE,0.5
13_2_Northern_Humboldt_Current_(1995-1998),routing_scenario,19,Medium hake,catch,0.048676,0.024338,"Freeze completed living P,Q,diet,predation,accumulation,migration. Solve EE for SM; detritus accumulation absorbs routed inflow at fixed predation. No new consumption is assumed.",SE,0.5
13_2_Northern_Humboldt_Current_(1995-1998),routing_scenario,18,Small hake,catch,1.1659147664,0.5829573832,"Freeze completed living P,Q,diet,predation,accumulation,migration. Solve EE for SM; detritus accumulation absorbs routed inflow at fixed predation. No new consumption is assumed.",SE,0.5
13_2_Northern_Humboldt_Current_(1995-1998),routing_scenario,17,Other large pelagic fish,catch,0.3338190135,0.16690950675,"Freeze completed living P,Q,diet,predation,accumulation,migration. Solve EE for SM; detritus accumulation absorbs routed inflow at fixed predation. No new consumption is assumed.",SE,0.5
13_2_Northern_Humboldt_Current_(1995-1998),routing_scenario,16,Chub mackerel,catch,0.7426541746,0.3713270873,"Freeze completed living P,Q,diet,predation,accumulation,migration. Solve EE for SM; detritus accumulation absorbs routed inflow at fixed predation. No new consumption is assumed.",SE,0.5
13_2_Northern_Humboldt_Current_(1995-1998),routing_scenario,15,Horse mackerel,catch,1.7465229457,0.87326147285,"Freeze completed living P,Q,diet,predation,accumulation,migration. Solve EE for SM; detritus accumulation absorbs routed inflow at fixed predation. No new consumption is assumed.",SE,0.5
13_2_Northern_Humboldt_Current_(1995-1998),routing_scenario,14,Other small pelagic fish,catch,1.689793515,0.8448967575,"Freeze completed living P,Q,diet,predation,accumulation,migration. Solve EE for SM; detritus accumulation absorbs routed inflow at fixed predation. No new consumption is assumed.",SE,0.5
13_2_Northern_Humboldt_Current_(1995-1998),routing_scenario,13,Other cephalopods,catch,0.0354708445375,0.01773542226875,"Freeze completed living P,Q,diet,predation,accumulation,migration. Solve EE for SM; detritus accumulation absorbs routed inflow at fixed predation. No new consumption is assumed.",SE,0.5
13_2_Northern_Humboldt_Current_(1995-1998),routing_scenario,12,Jumbo squid,catch,0.10546329965,0.052731649825,"Freeze completed living P,Q,diet,predation,accumulation,migration. Solve EE for SM; detritus accumulation absorbs routed inflow at fixed predation. No new consumption is assumed.",SE,0.5
13_2_Northern_Humboldt_Current_(1995-1998),routing_scenario,10,Anchovy,catch,23.1699877955,11.58499389775,"Freeze completed living P,Q,diet,predation,accumulation,migration. Solve EE for SM; detritus accumulation absorbs routed inflow at fixed predation. No new consumption is assumed.",SE,0.5
13_2_Northern_Humboldt_Current_(1995-1998),routing_scenario,9,Sardine,catch,5.82596898325,2.912984491625,"Freeze completed living P,Q,diet,predation,accumulation,migration. Solve EE for SM; detritus accumulation absorbs routed inflow at fixed predation. No new consumption is assumed.",SE,0.5
13_2_Northern_Humboldt_Current_(1995-1998),routing_scenario,30,Chondrichthyans,external_loss,0.0,0.007198180725,"Freeze completed living P,Q,diet,predation,accumulation,migration. Solve EE for SM; detritus accumulation absorbs routed inflow at fixed predation. No new consumption is assumed.",SE,0.5
13_2_Northern_Humboldt_Current_(1995-1998),routing_scenario,29,Catfish,external_loss,0.0,0.16988550000000002,"Freeze completed living P,Q,diet,predation,accumulation,migration. Solve EE for SM; detritus accumulation absorbs routed inflow at fixed predation. No new consumption is assumed.",SE,0.5
13_2_Northern_Humboldt_Current_(1995-1998),routing_scenario,27,Medium sciaenids,external_loss,0.0,0.030649455975000003,"Freeze completed living P,Q,diet,predation,accumulation,migration. Solve EE for SM; detritus accumulation absorbs routed inflow at fixed predation. No new consumption is assumed.",SE,0.5
13_2_Northern_Humboldt_Current_(1995-1998),routing_scenario,26,Medium demersal fish,external_loss,0.0,0.07478372475,"Freeze completed living P,Q,diet,predation,accumulation,migration. Solve EE for SM; detritus accumulation absorbs routed inflow at fixed predation. No new consumption is assumed.",SE,0.5
13_2_Northern_Humboldt_Current_(1995-1998),routing_scenario,23,Benthic elasmobranchs,external_loss,0.0,0.020255818350000003,"Freeze completed living P,Q,diet,predation,accumulation,migration. Solve EE for SM; detritus accumulation absorbs routed inflow at fixed predation. No new consumption is assumed.",SE,0.5
13_2_Northern_Humboldt_Current_(1995-1998),routing_scenario,22,Small demersal fish,external_loss,0.0,0.009669615149999998,"Freeze completed living P,Q,diet,predation,accumulation,migration. Solve EE for SM; detritus accumulation absorbs routed inflow at fixed predation. No new consumption is assumed.",SE,0.5
13_2_Northern_Humboldt_Current_(1995-1998),routing_scenario,21,Flatfish,external_loss,0.0,0.0020291135775,"Freeze completed living P,Q,diet,predation,accumulation,migration. Solve EE for SM; detritus accumulation absorbs routed inflow at fixed predation. No new consumption is assumed.",SE,0.5
13_2_Northern_Humboldt_Current_(1995-1998),routing_scenario,20,Large hake,external_loss,0.0,0.023167381439999996,"Freeze completed living P,Q,diet,predation,accumulation,migration. Solve EE for SM; detritus accumulation absorbs routed inflow at fixed predation. No new consumption is assumed.",SE,0.5
13_2_Northern_Humboldt_Current_(1995-1998),routing_scenario,19,Medium hake,external_loss,0.0,0.024338,"Freeze completed living P,Q,diet,predation,accumulation,migration. Solve EE for SM; detritus accumulation absorbs routed inflow at fixed predation. No new consumption is assumed.",SE,0.5
13_2_Northern_Humboldt_Current_(1995-1998),routing_scenario,18,Small hake,external_loss,0.0,0.5829573832,"Freeze completed living P,Q,diet,predation,accumulation,migration. Solve EE for SM; detritus accumulation absorbs routed inflow at fixed predation. No new consumption is assumed.",SE,0.5
13_2_Northern_Humboldt_Current_(1995-1998),routing_scenario,17,Other large pelagic fish,external_loss,0.0,0.16690950675,"Freeze completed living P,Q,diet,predation,accumulation,migration. Solve EE for SM; detritus accumulation absorbs routed inflow at fixed predation. No new consumption is assumed.",SE,0.5
13_2_Northern_Humboldt_Current_(1995-1998),routing_scenario,16,Chub mackerel,external_loss,0.0,0.3713270873,"Freeze completed living P,Q,diet,predation,accumulation,migration. Solve EE for SM; detritus accumulation absorbs routed inflow at fixed predation. No new consumption is assumed.",SE,0.5
13_2_Northern_Humboldt_Current_(1995-1998),routing_scenario,15,Horse mackerel,external_loss,0.0,0.87326147285,"Freeze completed living P,Q,diet,predation,accumulation,migration. Solve EE for SM; detritus accumulation absorbs routed inflow at fixed predation. No new consumption is assumed.",SE,0.5
13_2_Northern_Humboldt_Current_(1995-1998),routing_scenario,14,Other small pelagic fish,external_loss,0.0,0.8448967575,"Freeze completed living P,Q,diet,predation,accumulation,migration. Solve EE for SM; detritus accumulation absorbs routed inflow at fixed predation. No new consumption is assumed.",SE,0.5
13_2_Northern_Humboldt_Current_(1995-1998),routing_scenario,13,Other cephalopods,external_loss,0.0,0.01773542226875,"Freeze completed living P,Q,diet,predation,accumulation,migration. Solve EE for SM; detritus accumulation absorbs routed inflow at fixed predation. No new consumption is assumed.",SE,0.5
13_2_Northern_Humboldt_Current_(1995-1998),routing_scenario,12,Jumbo squid,external_loss,0.0,0.052731649825,"Freeze completed living P,Q,diet,predation,accumulation,migration. Solve EE for SM; detritus accumulation absorbs routed inflow at fixed predation. No new consumption is assumed.",SE,0.5
13_2_Northern_Humboldt_Current_(1995-1998),routing_scenario,10,Anchovy,external_loss,0.0,11.58499389775,"Freeze completed living P,Q,diet,predation,accumulation,migration. Solve EE for SM; detritus accumulation absorbs routed inflow at fixed predation. No new consumption is assumed.",SE,0.5
13_2_Northern_Humboldt_Current_(1995-1998),routing_scenario,9,Sardine,external_loss,0.0,2.912984491625,"Freeze completed living P,Q,diet,predation,accumulation,migration. Solve EE for SM; detritus accumulation absorbs routed inflow at fixed predation. No new consumption is assumed.",SE,0.5
13_2_Northern_Humboldt_Current_(1995-1998),routing_scenario,39,Benthic detritus,p,1751.6112896867576,1767.60408669989,"Freeze completed living P,Q,diet,predation,accumulation,migration. Solve EE for SM; detritus accumulation absorbs routed inflow at fixed predation. No new consumption is assumed.",SR,0.5
13_2_Northern_Humboldt_Current_(1995-1998),routing_scenario,38,Pelagic detritus,p,5090.259743360343,5092.036720806247,"Freeze completed living P,Q,diet,predation,accumulation,migration. Solve EE for SM; detritus accumulation absorbs routed inflow at fixed predation. No new consumption is assumed.",SR,0.5
13_2_Northern_Humboldt_Current_(1995-1998),routing_scenario,39,Benthic detritus,q,1751.6112896867576,1767.60408669989,"Freeze completed living P,Q,diet,predation,accumulation,migration. Solve EE for SM; detritus accumulation absorbs routed inflow at fixed predation. No new consumption is assumed.",SR,0.5
13_2_Northern_Humboldt_Current_(1995-1998),routing_scenario,38,Pelagic detritus,q,5090.259743360343,5092.036720806247,"Freeze completed living P,Q,diet,predation,accumulation,migration. Solve EE for SM; detritus accumulation absorbs routed inflow at fixed predation. No new consumption is assumed.",SR,0.5
13_2_Northern_Humboldt_Current_(1995-1998),routing_scenario,39,Benthic detritus,growth,-4340.9949724808885,-4325.002175467756,"Freeze completed living P,Q,diet,predation,accumulation,migration. Solve EE for SM; detritus accumulation absorbs routed inflow at fixed predation. No new consumption is assumed.",SR,0.5
13_2_Northern_Humboldt_Current_(1995-1998),routing_scenario,38,Pelagic detritus,growth,5090.259743360343,5092.036720806247,"Freeze completed living P,Q,diet,predation,accumulation,migration. Solve EE for SM; detritus accumulation absorbs routed inflow at fixed predation. No new consumption is assumed.",SR,0.5
13_2_Northern_Humboldt_Current_(1995-1998),routing_scenario,39,Benthic detritus,p,1751.6112896867576,1773.5062609654897,"Freeze completed living P,Q,diet,predation,accumulation,migration. Solve EE for SM; detritus accumulation absorbs routed inflow at fixed predation. No new consumption is assumed.",SM,0.75
13_2_Northern_Humboldt_Current_(1995-1998),routing_scenario,38,Pelagic detritus,p,5090.259743360343,5090.6750610585095,"Freeze completed living P,Q,diet,predation,accumulation,migration. Solve EE for SM; detritus accumulation absorbs routed inflow at fixed predation. No new consumption is assumed.",SM,0.75
13_2_Northern_Humboldt_Current_(1995-1998),routing_scenario,36,Anchovy eggs,p,81.93913403799536,86.28350674965161,"Freeze completed living P,Q,diet,predation,accumulation,migration. Solve EE for SM; detritus accumulation absorbs routed inflow at fixed predation. No new consumption is assumed.",SM,0.75
13_2_Northern_Humboldt_Current_(1995-1998),routing_scenario,39,Benthic detritus,q,1751.6112896867576,1773.5062609654897,"Freeze completed living P,Q,diet,predation,accumulation,migration. Solve EE for SM; detritus accumulation absorbs routed inflow at fixed predation. No new consumption is assumed.",SM,0.75
13_2_Northern_Humboldt_Current_(1995-1998),routing_scenario,38,Pelagic detritus,q,5090.259743360343,5090.6750610585095,"Freeze completed living P,Q,diet,predation,accumulation,migration. Solve EE for SM; detritus accumulation absorbs routed inflow at fixed predation. No new consumption is assumed.",SM,0.75
13_2_Northern_Humboldt_Current_(1995-1998),routing_scenario,36,Anchovy eggs,q,81.93913403799536,86.28350674965161,"Freeze completed living P,Q,diet,predation,accumulation,migration. Solve EE for SM; detritus accumulation absorbs routed inflow at fixed predation. No new consumption is assumed.",SM,0.75
13_2_Northern_Humboldt_Current_(1995-1998),routing_scenario,30,Chondrichthyans,M0,0.01111863866537926,0.021915909752879263,"Freeze completed living P,Q,diet,predation,accumulation,migration. Solve EE for SM; detritus accumulation absorbs routed inflow at fixed predation. No new consumption is assumed.",SM,0.75
13_2_Northern_Humboldt_Current_(1995-1998),routing_scenario,29,Catfish,M0,0.0986964358664111,0.3535246858664111,"Freeze completed living P,Q,diet,predation,accumulation,migration. Solve EE for SM; detritus accumulation absorbs routed inflow at fixed predation. No new consumption is assumed.",SM,0.75
13_2_Northern_Humboldt_Current_(1995-1998),routing_scenario,27,Medium sciaenids,M0,0.07797065965059131,0.12394484361309133,"Freeze completed living P,Q,diet,predation,accumulation,migration. Solve EE for SM; detritus accumulation absorbs routed inflow at fixed predation. No new consumption is assumed.",SM,0.75
13_2_Northern_Humboldt_Current_(1995-1998),routing_scenario,26,Medium demersal fish,M0,0.0702195877127324,0.1823951748377324,"Freeze completed living P,Q,diet,predation,accumulation,migration. Solve EE for SM; detritus accumulation absorbs routed inflow at fixed predation. No new consumption is assumed.",SM,0.75
13_2_Northern_Humboldt_Current_(1995-1998),routing_scenario,23,Benthic elasmobranchs,M0,0.02098836399473636,0.05137209151973636,"Freeze completed living P,Q,diet,predation,accumulation,migration. Solve EE for SM; detritus accumulation absorbs routed inflow at fixed predation. No new consumption is assumed.",SM,0.75
13_2_Northern_Humboldt_Current_(1995-1998),routing_scenario,22,Small demersal fish,M0,3.2426595415784147,3.2571639643034147,"Freeze completed living P,Q,diet,predation,accumulation,migration. Solve EE for SM; detritus accumulation absorbs routed inflow at fixed predation. No new consumption is assumed.",SM,0.75
13_2_Northern_Humboldt_Current_(1995-1998),routing_scenario,21,Flatfish,M0,3.451325833853003e-05,0.00307818362458853,"Freeze completed living P,Q,diet,predation,accumulation,migration. Solve EE for SM; detritus accumulation absorbs routed inflow at fixed predation. No new consumption is assumed.",SM,0.75
13_2_Northern_Humboldt_Current_(1995-1998),routing_scenario,20,Large hake,M0,0.006700170035899526,0.04145124219589952,"Freeze completed living P,Q,diet,predation,accumulation,migration. Solve EE for SM; detritus accumulation absorbs routed inflow at fixed predation. No new consumption is assumed.",SM,0.75
13_2_Northern_Humboldt_Current_(1995-1998),routing_scenario,19,Medium hake,M0,0.44286476478316994,0.47937176478316995,"Freeze completed living P,Q,diet,predation,accumulation,migration. Solve EE for SM; detritus accumulation absorbs routed inflow at fixed predation. No new consumption is assumed.",SM,0.75
13_2_Northern_Humboldt_Current_(1995-1998),routing_scenario,18,Small hake,M0,0.628031663830784,1.5024677386307839,"Freeze completed living P,Q,diet,predation,accumulation,migration. Solve EE for SM; detritus accumulation absorbs routed inflow at fixed predation. No new consumption is assumed.",SM,0.75
13_2_Northern_Humboldt_Current_(1995-1998),routing_scenario,17,Other large pelagic fish,M0,0.3416564469598926,0.5920207070848926,"Freeze completed living P,Q,diet,predation,accumulation,migration. Solve EE for SM; detritus accumulation absorbs routed inflow at fixed predation. No new consumption is assumed.",SM,0.75
13_2_Northern_Humboldt_Current_(1995-1998),routing_scenario,16,Chub mackerel,M0,5.522509613684951,6.079500244634951,"Freeze completed living P,Q,diet,predation,accumulation,migration. Solve EE for SM; detritus accumulation absorbs routed inflow at fixed predation. No new consumption is assumed.",SM,0.75
13_2_Northern_Humboldt_Current_(1995-1998),routing_scenario,15,Horse mackerel,M0,6.695953029518151,8.005845238793151,"Freeze completed living P,Q,diet,predation,accumulation,migration. Solve EE for SM; detritus accumulation absorbs routed inflow at fixed predation. No new consumption is assumed.",SM,0.75
13_2_Northern_Humboldt_Current_(1995-1998),routing_scenario,14,Other small pelagic fish,M0,1.0995008229018595,2.36684595915186,"Freeze completed living P,Q,diet,predation,accumulation,migration. Solve EE for SM; detritus accumulation absorbs routed inflow at fixed predation. No new consumption is assumed.",SM,0.75
13_2_Northern_Humboldt_Current_(1995-1998),routing_scenario,13,Other cephalopods,M0,0.38835856631069415,0.41496169971381913,"Freeze completed living P,Q,diet,predation,accumulation,migration. Solve EE for SM; detritus accumulation absorbs routed inflow at fixed predation. No new consumption is assumed.",SM,0.75
13_2_Northern_Humboldt_Current_(1995-1998),routing_scenario,12,Jumbo squid,M0,0.6834706928629479,0.7625681676004479,"Freeze completed living P,Q,diet,predation,accumulation,migration. Solve EE for SM; detritus accumulation absorbs routed inflow at fixed predation. No new consumption is assumed.",SM,0.75
13_2_Northern_Humboldt_Current_(1995-1998),routing_scenario,10,Anchovy,M0,21.594902660465323,38.972393507090324,"Freeze completed living P,Q,diet,predation,accumulation,migration. Solve EE for SM; detritus accumulation absorbs routed inflow at fixed predation. No new consumption is assumed.",SM,0.75
13_2_Northern_Humboldt_Current_(1995-1998),routing_scenario,9,Sardine,M0,0.45094358787714506,4.820420325314645,"Freeze completed living P,Q,diet,predation,accumulation,migration. Solve EE for SM; detritus accumulation absorbs routed inflow at fixed predation. No new consumption is assumed.",SM,0.75
13_2_Northern_Humboldt_Current_(1995-1998),routing_scenario,30,Chondrichthyans,EE,0.564231276512146,0.14105779452799194,"Freeze completed living P,Q,diet,predation,accumulation,migration. Solve EE for SM; detritus accumulation absorbs routed inflow at fixed predation. No new consumption is assumed.",SM,0.75
13_2_Northern_Humboldt_Current_(1995-1998),routing_scenario,29,Catfish,EE,0.8212506771087646,0.3597306967650732,"Freeze completed living P,Q,diet,predation,accumulation,migration. Solve EE for SM; detritus accumulation absorbs routed inflow at fixed predation. No new consumption is assumed.",SM,0.75
13_2_Northern_Humboldt_Current_(1995-1998),routing_scenario,27,Medium sciaenids,EE,0.7098218202590942,0.5387227802215303,"Freeze completed living P,Q,diet,predation,accumulation,migration. Solve EE for SM; detritus accumulation absorbs routed inflow at fixed predation. No new consumption is assumed.",SM,0.75
13_2_Northern_Humboldt_Current_(1995-1998),routing_scenario,26,Medium demersal fish,EE,0.8201572895050049,0.532859082593581,"Freeze completed living P,Q,diet,predation,accumulation,migration. Solve EE for SM; detritus accumulation absorbs routed inflow at fixed predation. No new consumption is assumed.",SM,0.75
13_2_Northern_Humboldt_Current_(1995-1998),routing_scenario,23,Benthic elasmobranchs,EE,0.6587257981300354,0.16468146177636234,"Freeze completed living P,Q,diet,predation,accumulation,migration. Solve EE for SM; detritus accumulation absorbs routed inflow at fixed predation. No new consumption is assumed.",SM,0.75
13_2_Northern_Humboldt_Current_(1995-1998),routing_scenario,22,Small demersal fish,EE,0.7304298281669617,0.7292240402400509,"Freeze completed living P,Q,diet,predation,accumulation,migration. Solve EE for SM; detritus accumulation absorbs routed inflow at fixed predation. No new consumption is assumed.",SM,0.75
13_2_Northern_Humboldt_Current_(1995-1998),routing_scenario,21,Flatfish,EE,0.9954587817192078,0.5949758318816527,"Freeze completed living P,Q,diet,predation,accumulation,migration. Solve EE for SM; detritus accumulation absorbs routed inflow at fixed predation. No new consumption is assumed.",SM,0.75
13_2_Northern_Humboldt_Current_(1995-1998),routing_scenario,20,Large hake,EE,0.8738672733306885,0.21966783320643035,"Freeze completed living P,Q,diet,predation,accumulation,migration. Solve EE for SM; detritus accumulation absorbs routed inflow at fixed predation. No new consumption is assumed.",SM,0.75
13_2_Northern_Humboldt_Current_(1995-1998),routing_scenario,19,Medium hake,EE,0.14074458181858063,0.06991294190045005,"Freeze completed living P,Q,diet,predation,accumulation,migration. Solve EE for SM; detritus accumulation absorbs routed inflow at fixed predation. No new consumption is assumed.",SM,0.75
13_2_Northern_Humboldt_Current_(1995-1998),routing_scenario,18,Small hake,EE,0.7213676571846008,0.3334156060449097,"Freeze completed living P,Q,diet,predation,accumulation,migration. Solve EE for SM; detritus accumulation absorbs routed inflow at fixed predation. No new consumption is assumed.",SM,0.75
13_2_Northern_Humboldt_Current_(1995-1998),routing_scenario,17,Other large pelagic fish,EE,0.533972442150116,0.19246960865421048,"Freeze completed living P,Q,diet,predation,accumulation,migration. Solve EE for SM; detritus accumulation absorbs routed inflow at fixed predation. No new consumption is assumed.",SM,0.75
13_2_Northern_Humboldt_Current_(1995-1998),routing_scenario,16,Chub mackerel,EE,0.15512745082378387,0.06991508775756694,"Freeze completed living P,Q,diet,predation,accumulation,migration. Solve EE for SM; detritus accumulation absorbs routed inflow at fixed predation. No new consumption is assumed.",SM,0.75
13_2_Northern_Humboldt_Current_(1995-1998),routing_scenario,15,Horse mackerel,EE,0.23551708459854126,0.08596552553088876,"Freeze completed living P,Q,diet,predation,accumulation,migration. Solve EE for SM; detritus accumulation absorbs routed inflow at fixed predation. No new consumption is assumed.",SM,0.75
13_2_Northern_Humboldt_Current_(1995-1998),routing_scenario,14,Other small pelagic fish,EE,0.8999999761581421,0.7847344472917077,"Freeze completed living P,Q,diet,predation,accumulation,migration. Solve EE for SM; detritus accumulation absorbs routed inflow at fixed predation. No new consumption is assumed.",SM,0.75
13_2_Northern_Humboldt_Current_(1995-1998),routing_scenario,13,Other cephalopods,EE,0.949999988079071,0.9465749136692893,"Freeze completed living P,Q,diet,predation,accumulation,migration. Solve EE for SM; detritus accumulation absorbs routed inflow at fixed predation. No new consumption is assumed.",SM,0.75
13_2_Northern_Humboldt_Current_(1995-1998),routing_scenario,12,Jumbo squid,EE,0.7999784350395203,0.776830111568408,"Freeze completed living P,Q,diet,predation,accumulation,migration. Solve EE for SM; detritus accumulation absorbs routed inflow at fixed predation. No new consumption is assumed.",SM,0.75
13_2_Northern_Humboldt_Current_(1995-1998),routing_scenario,10,Anchovy,EE,0.8148474097251892,0.6658544972162654,"Freeze completed living P,Q,diet,predation,accumulation,migration. Solve EE for SM; detritus accumulation absorbs routed inflow at fixed predation. No new consumption is assumed.",SM,0.75
13_2_Northern_Humboldt_Current_(1995-1998),routing_scenario,9,Sardine,EE,0.9700034856796265,0.679348345988869,"Freeze completed living P,Q,diet,predation,accumulation,migration. Solve EE for SM; detritus accumulation absorbs routed inflow at fixed predation. No new consumption is assumed.",SM,0.75
13_2_Northern_Humboldt_Current_(1995-1998),routing_scenario,30,Chondrichthyans,catch,0.01439636145,0.0035990903625,"Freeze completed living P,Q,diet,predation,accumulation,migration. Solve EE for SM; detritus accumulation absorbs routed inflow at fixed predation. No new consumption is assumed.",SM,0.75
13_2_Northern_Humboldt_Current_(1995-1998),routing_scenario,29,Catfish,catch,0.33977100000000005,0.08494275000000001,"Freeze completed living P,Q,diet,predation,accumulation,migration. Solve EE for SM; detritus accumulation absorbs routed inflow at fixed predation. No new consumption is assumed.",SM,0.75
13_2_Northern_Humboldt_Current_(1995-1998),routing_scenario,27,Medium sciaenids,catch,0.06129891195000001,0.015324727987500002,"Freeze completed living P,Q,diet,predation,accumulation,migration. Solve EE for SM; detritus accumulation absorbs routed inflow at fixed predation. No new consumption is assumed.",SM,0.75
13_2_Northern_Humboldt_Current_(1995-1998),routing_scenario,26,Medium demersal fish,catch,0.1495674495,0.037391862375,"Freeze completed living P,Q,diet,predation,accumulation,migration. Solve EE for SM; detritus accumulation absorbs routed inflow at fixed predation. No new consumption is assumed.",SM,0.75
13_2_Northern_Humboldt_Current_(1995-1998),routing_scenario,23,Benthic elasmobranchs,catch,0.040511636700000006,0.010127909175000002,"Freeze completed living P,Q,diet,predation,accumulation,migration. Solve EE for SM; detritus accumulation absorbs routed inflow at fixed predation. No new consumption is assumed.",SM,0.75
13_2_Northern_Humboldt_Current_(1995-1998),routing_scenario,22,Small demersal fish,catch,0.019339230299999996,0.004834807574999999,"Freeze completed living P,Q,diet,predation,accumulation,migration. Solve EE for SM; detritus accumulation absorbs routed inflow at fixed predation. No new consumption is assumed.",SM,0.75
13_2_Northern_Humboldt_Current_(1995-1998),routing_scenario,21,Flatfish,catch,0.004058227155,0.00101455678875,"Freeze completed living P,Q,diet,predation,accumulation,migration. Solve EE for SM; detritus accumulation absorbs routed inflow at fixed predation. No new consumption is assumed.",SM,0.75
13_2_Northern_Humboldt_Current_(1995-1998),routing_scenario,20,Large hake,catch,0.04633476287999999,0.011583690719999998,"Freeze completed living P,Q,diet,predation,accumulation,migration. Solve EE for SM; detritus accumulation absorbs routed inflow at fixed predation. No new consumption is assumed.",SM,0.75
13_2_Northern_Humboldt_Current_(1995-1998),routing_scenario,19,Medium hake,catch,0.048676,0.012169,"Freeze completed living P,Q,diet,predation,accumulation,migration. Solve EE for SM; detritus accumulation absorbs routed inflow at fixed predation. No new consumption is assumed.",SM,0.75
13_2_Northern_Humboldt_Current_(1995-1998),routing_scenario,18,Small hake,catch,1.1659147664,0.2914786916,"Freeze completed living P,Q,diet,predation,accumulation,migration. Solve EE for SM; detritus accumulation absorbs routed inflow at fixed predation. No new consumption is assumed.",SM,0.75
13_2_Northern_Humboldt_Current_(1995-1998),routing_scenario,17,Other large pelagic fish,catch,0.3338190135,0.083454753375,"Freeze completed living P,Q,diet,predation,accumulation,migration. Solve EE for SM; detritus accumulation absorbs routed inflow at fixed predation. No new consumption is assumed.",SM,0.75
13_2_Northern_Humboldt_Current_(1995-1998),routing_scenario,16,Chub mackerel,catch,0.7426541746,0.18566354365,"Freeze completed living P,Q,diet,predation,accumulation,migration. Solve EE for SM; detritus accumulation absorbs routed inflow at fixed predation. No new consumption is assumed.",SM,0.75
13_2_Northern_Humboldt_Current_(1995-1998),routing_scenario,15,Horse mackerel,catch,1.7465229457,0.436630736425,"Freeze completed living P,Q,diet,predation,accumulation,migration. Solve EE for SM; detritus accumulation absorbs routed inflow at fixed predation. No new consumption is assumed.",SM,0.75
13_2_Northern_Humboldt_Current_(1995-1998),routing_scenario,14,Other small pelagic fish,catch,1.689793515,0.42244837875,"Freeze completed living P,Q,diet,predation,accumulation,migration. Solve EE for SM; detritus accumulation absorbs routed inflow at fixed predation. No new consumption is assumed.",SM,0.75
13_2_Northern_Humboldt_Current_(1995-1998),routing_scenario,13,Other cephalopods,catch,0.0354708445375,0.008867711134375,"Freeze completed living P,Q,diet,predation,accumulation,migration. Solve EE for SM; detritus accumulation absorbs routed inflow at fixed predation. No new consumption is assumed.",SM,0.75
13_2_Northern_Humboldt_Current_(1995-1998),routing_scenario,12,Jumbo squid,catch,0.10546329965,0.0263658249125,"Freeze completed living P,Q,diet,predation,accumulation,migration. Solve EE for SM; detritus accumulation absorbs routed inflow at fixed predation. No new consumption is assumed.",SM,0.75
13_2_Northern_Humboldt_Current_(1995-1998),routing_scenario,10,Anchovy,catch,23.1699877955,5.792496948875,"Freeze completed living P,Q,diet,predation,accumulation,migration. Solve EE for SM; detritus accumulation absorbs routed inflow at fixed predation. No new consumption is assumed.",SM,0.75
13_2_Northern_Humboldt_Current_(1995-1998),routing_scenario,9,Sardine,catch,5.82596898325,1.4564922458125,"Freeze completed living P,Q,diet,predation,accumulation,migration. Solve EE for SM; detritus accumulation absorbs routed inflow at fixed predation. No new consumption is assumed.",SM,0.75
13_2_Northern_Humboldt_Current_(1995-1998),routing_scenario,39,Benthic detritus,growth,-4340.9949724808885,-4319.100001202157,"Freeze completed living P,Q,diet,predation,accumulation,migration. Solve EE for SM; detritus accumulation absorbs routed inflow at fixed predation. No new consumption is assumed.",SM,0.75
13_2_Northern_Humboldt_Current_(1995-1998),routing_scenario,38,Pelagic detritus,growth,5090.259743360343,5090.6750610585095,"Freeze completed living P,Q,diet,predation,accumulation,migration. Solve EE for SM; detritus accumulation absorbs routed inflow at fixed predation. No new consumption is assumed.",SM,0.75
13_2_Northern_Humboldt_Current_(1995-1998),routing_scenario,36,Anchovy eggs,growth,12.539441007952618,16.883813719608867,"Freeze completed living P,Q,diet,predation,accumulation,migration. Solve EE for SM; detritus accumulation absorbs routed inflow at fixed predation. No new consumption is assumed.",SM,0.75
13_2_Northern_Humboldt_Current_(1995-1998),routing_scenario,30,Chondrichthyans,catch,0.01439636145,0.0035990903625,"Freeze completed living P,Q,diet,predation,accumulation,migration. Solve EE for SM; detritus accumulation absorbs routed inflow at fixed predation. No new consumption is assumed.",SE,0.75
13_2_Northern_Humboldt_Current_(1995-1998),routing_scenario,29,Catfish,catch,0.33977100000000005,0.08494275000000001,"Freeze completed living P,Q,diet,predation,accumulation,migration. Solve EE for SM; detritus accumulation absorbs routed inflow at fixed predation. No new consumption is assumed.",SE,0.75
13_2_Northern_Humboldt_Current_(1995-1998),routing_scenario,27,Medium sciaenids,catch,0.06129891195000001,0.015324727987500002,"Freeze completed living P,Q,diet,predation,accumulation,migration. Solve EE for SM; detritus accumulation absorbs routed inflow at fixed predation. No new consumption is assumed.",SE,0.75
13_2_Northern_Humboldt_Current_(1995-1998),routing_scenario,26,Medium demersal fish,catch,0.1495674495,0.037391862375,"Freeze completed living P,Q,diet,predation,accumulation,migration. Solve EE for SM; detritus accumulation absorbs routed inflow at fixed predation. No new consumption is assumed.",SE,0.75
13_2_Northern_Humboldt_Current_(1995-1998),routing_scenario,23,Benthic elasmobranchs,catch,0.040511636700000006,0.010127909175000002,"Freeze completed living P,Q,diet,predation,accumulation,migration. Solve EE for SM; detritus accumulation absorbs routed inflow at fixed predation. No new consumption is assumed.",SE,0.75
13_2_Northern_Humboldt_Current_(1995-1998),routing_scenario,22,Small demersal fish,catch,0.019339230299999996,0.004834807574999999,"Freeze completed living P,Q,diet,predation,accumulation,migration. Solve EE for SM; detritus accumulation absorbs routed inflow at fixed predation. No new consumption is assumed.",SE,0.75
13_2_Northern_Humboldt_Current_(1995-1998),routing_scenario,21,Flatfish,catch,0.004058227155,0.00101455678875,"Freeze completed living P,Q,diet,predation,accumulation,migration. Solve EE for SM; detritus accumulation absorbs routed inflow at fixed predation. No new consumption is assumed.",SE,0.75
13_2_Northern_Humboldt_Current_(1995-1998),routing_scenario,20,Large hake,catch,0.04633476287999999,0.011583690719999998,"Freeze completed living P,Q,diet,predation,accumulation,migration. Solve EE for SM; detritus accumulation absorbs routed inflow at fixed predation. No new consumption is assumed.",SE,0.75
13_2_Northern_Humboldt_Current_(1995-1998),routing_scenario,19,Medium hake,catch,0.048676,0.012169,"Freeze completed living P,Q,diet,predation,accumulation,migration. Solve EE for SM; detritus accumulation absorbs routed inflow at fixed predation. No new consumption is assumed.",SE,0.75
13_2_Northern_Humboldt_Current_(1995-1998),routing_scenario,18,Small hake,catch,1.1659147664,0.2914786916,"Freeze completed living P,Q,diet,predation,accumulation,migration. Solve EE for SM; detritus accumulation absorbs routed inflow at fixed predation. No new consumption is assumed.",SE,0.75
13_2_Northern_Humboldt_Current_(1995-1998),routing_scenario,17,Other large pelagic fish,catch,0.3338190135,0.083454753375,"Freeze completed living P,Q,diet,predation,accumulation,migration. Solve EE for SM; detritus accumulation absorbs routed inflow at fixed predation. No new consumption is assumed.",SE,0.75
13_2_Northern_Humboldt_Current_(1995-1998),routing_scenario,16,Chub mackerel,catch,0.7426541746,0.18566354365,"Freeze completed living P,Q,diet,predation,accumulation,migration. Solve EE for SM; detritus accumulation absorbs routed inflow at fixed predation. No new consumption is assumed.",SE,0.75
13_2_Northern_Humboldt_Current_(1995-1998),routing_scenario,15,Horse mackerel,catch,1.7465229457,0.436630736425,"Freeze completed living P,Q,diet,predation,accumulation,migration. Solve EE for SM; detritus accumulation absorbs routed inflow at fixed predation. No new consumption is assumed.",SE,0.75
13_2_Northern_Humboldt_Current_(1995-1998),routing_scenario,14,Other small pelagic fish,catch,1.689793515,0.42244837875,"Freeze completed living P,Q,diet,predation,accumulation,migration. Solve EE for SM; detritus accumulation absorbs routed inflow at fixed predation. No new consumption is assumed.",SE,0.75
13_2_Northern_Humboldt_Current_(1995-1998),routing_scenario,13,Other cephalopods,catch,0.0354708445375,0.008867711134375,"Freeze completed living P,Q,diet,predation,accumulation,migration. Solve EE for SM; detritus accumulation absorbs routed inflow at fixed predation. No new consumption is assumed.",SE,0.75
13_2_Northern_Humboldt_Current_(1995-1998),routing_scenario,12,Jumbo squid,catch,0.10546329965,0.0263658249125,"Freeze completed living P,Q,diet,predation,accumulation,migration. Solve EE for SM; detritus accumulation absorbs routed inflow at fixed predation. No new consumption is assumed.",SE,0.75
13_2_Northern_Humboldt_Current_(1995-1998),routing_scenario,10,Anchovy,catch,23.1699877955,5.792496948875,"Freeze completed living P,Q,diet,predation,accumulation,migration. Solve EE for SM; detritus accumulation absorbs routed inflow at fixed predation. No new consumption is assumed.",SE,0.75
13_2_Northern_Humboldt_Current_(1995-1998),routing_scenario,9,Sardine,catch,5.82596898325,1.4564922458125,"Freeze completed living P,Q,diet,predation,accumulation,migration. Solve EE for SM; detritus accumulation absorbs routed inflow at fixed predation. No new consumption is assumed.",SE,0.75
13_2_Northern_Humboldt_Current_(1995-1998),routing_scenario,30,Chondrichthyans,external_loss,0.0,0.010797271087500001,"Freeze completed living P,Q,diet,predation,accumulation,migration. Solve EE for SM; detritus accumulation absorbs routed inflow at fixed predation. No new consumption is assumed.",SE,0.75
13_2_Northern_Humboldt_Current_(1995-1998),routing_scenario,29,Catfish,external_loss,0.0,0.25482825000000003,"Freeze completed living P,Q,diet,predation,accumulation,migration. Solve EE for SM; detritus accumulation absorbs routed inflow at fixed predation. No new consumption is assumed.",SE,0.75
13_2_Northern_Humboldt_Current_(1995-1998),routing_scenario,27,Medium sciaenids,external_loss,0.0,0.045974183962500005,"Freeze completed living P,Q,diet,predation,accumulation,migration. Solve EE for SM; detritus accumulation absorbs routed inflow at fixed predation. No new consumption is assumed.",SE,0.75
13_2_Northern_Humboldt_Current_(1995-1998),routing_scenario,26,Medium demersal fish,external_loss,0.0,0.112175587125,"Freeze completed living P,Q,diet,predation,accumulation,migration. Solve EE for SM; detritus accumulation absorbs routed inflow at fixed predation. No new consumption is assumed.",SE,0.75
13_2_Northern_Humboldt_Current_(1995-1998),routing_scenario,23,Benthic elasmobranchs,external_loss,0.0,0.030383727525000005,"Freeze completed living P,Q,diet,predation,accumulation,migration. Solve EE for SM; detritus accumulation absorbs routed inflow at fixed predation. No new consumption is assumed.",SE,0.75
13_2_Northern_Humboldt_Current_(1995-1998),routing_scenario,22,Small demersal fish,external_loss,0.0,0.014504422724999997,"Freeze completed living P,Q,diet,predation,accumulation,migration. Solve EE for SM; detritus accumulation absorbs routed inflow at fixed predation. No new consumption is assumed.",SE,0.75
13_2_Northern_Humboldt_Current_(1995-1998),routing_scenario,21,Flatfish,external_loss,0.0,0.00304367036625,"Freeze completed living P,Q,diet,predation,accumulation,migration. Solve EE for SM; detritus accumulation absorbs routed inflow at fixed predation. No new consumption is assumed.",SE,0.75
13_2_Northern_Humboldt_Current_(1995-1998),routing_scenario,20,Large hake,external_loss,0.0,0.03475107215999999,"Freeze completed living P,Q,diet,predation,accumulation,migration. Solve EE for SM; detritus accumulation absorbs routed inflow at fixed predation. No new consumption is assumed.",SE,0.75
13_2_Northern_Humboldt_Current_(1995-1998),routing_scenario,19,Medium hake,external_loss,0.0,0.036507,"Freeze completed living P,Q,diet,predation,accumulation,migration. Solve EE for SM; detritus accumulation absorbs routed inflow at fixed predation. No new consumption is assumed.",SE,0.75
13_2_Northern_Humboldt_Current_(1995-1998),routing_scenario,18,Small hake,external_loss,0.0,0.8744360748,"Freeze completed living P,Q,diet,predation,accumulation,migration. Solve EE for SM; detritus accumulation absorbs routed inflow at fixed predation. No new consumption is assumed.",SE,0.75
13_2_Northern_Humboldt_Current_(1995-1998),routing_scenario,17,Other large pelagic fish,external_loss,0.0,0.250364260125,"Freeze completed living P,Q,diet,predation,accumulation,migration. Solve EE for SM; detritus accumulation absorbs routed inflow at fixed predation. No new consumption is assumed.",SE,0.75
13_2_Northern_Humboldt_Current_(1995-1998),routing_scenario,16,Chub mackerel,external_loss,0.0,0.55699063095,"Freeze completed living P,Q,diet,predation,accumulation,migration. Solve EE for SM; detritus accumulation absorbs routed inflow at fixed predation. No new consumption is assumed.",SE,0.75
13_2_Northern_Humboldt_Current_(1995-1998),routing_scenario,15,Horse mackerel,external_loss,0.0,1.309892209275,"Freeze completed living P,Q,diet,predation,accumulation,migration. Solve EE for SM; detritus accumulation absorbs routed inflow at fixed predation. No new consumption is assumed.",SE,0.75
13_2_Northern_Humboldt_Current_(1995-1998),routing_scenario,14,Other small pelagic fish,external_loss,0.0,1.2673451362500001,"Freeze completed living P,Q,diet,predation,accumulation,migration. Solve EE for SM; detritus accumulation absorbs routed inflow at fixed predation. No new consumption is assumed.",SE,0.75
13_2_Northern_Humboldt_Current_(1995-1998),routing_scenario,13,Other cephalopods,external_loss,0.0,0.026603133403125,"Freeze completed living P,Q,diet,predation,accumulation,migration. Solve EE for SM; detritus accumulation absorbs routed inflow at fixed predation. No new consumption is assumed.",SE,0.75
13_2_Northern_Humboldt_Current_(1995-1998),routing_scenario,12,Jumbo squid,external_loss,0.0,0.07909747473749999,"Freeze completed living P,Q,diet,predation,accumulation,migration. Solve EE for SM; detritus accumulation absorbs routed inflow at fixed predation. No new consumption is assumed.",SE,0.75
13_2_Northern_Humboldt_Current_(1995-1998),routing_scenario,10,Anchovy,external_loss,0.0,17.377490846625,"Freeze completed living P,Q,diet,predation,accumulation,migration. Solve EE for SM; detritus accumulation absorbs routed inflow at fixed predation. No new consumption is assumed.",SE,0.75
13_2_Northern_Humboldt_Current_(1995-1998),routing_scenario,9,Sardine,external_loss,0.0,4.3694767374375,"Freeze completed living P,Q,diet,predation,accumulation,migration. Solve EE for SM; detritus accumulation absorbs routed inflow at fixed predation. No new consumption is assumed.",SE,0.75
13_2_Northern_Humboldt_Current_(1995-1998),routing_scenario,39,Benthic detritus,p,1751.6112896867576,1775.6004852064566,"Freeze completed living P,Q,diet,predation,accumulation,migration. Solve EE for SM; detritus accumulation absorbs routed inflow at fixed predation. No new consumption is assumed.",SR,0.75
13_2_Northern_Humboldt_Current_(1995-1998),routing_scenario,38,Pelagic detritus,p,5090.259743360343,5092.925209529199,"Freeze completed living P,Q,diet,predation,accumulation,migration. Solve EE for SM; detritus accumulation absorbs routed inflow at fixed predation. No new consumption is assumed.",SR,0.75
13_2_Northern_Humboldt_Current_(1995-1998),routing_scenario,39,Benthic detritus,q,1751.6112896867576,1775.6004852064566,"Freeze completed living P,Q,diet,predation,accumulation,migration. Solve EE for SM; detritus accumulation absorbs routed inflow at fixed predation. No new consumption is assumed.",SR,0.75
13_2_Northern_Humboldt_Current_(1995-1998),routing_scenario,38,Pelagic detritus,q,5090.259743360343,5092.925209529199,"Freeze completed living P,Q,diet,predation,accumulation,migration. Solve EE for SM; detritus accumulation absorbs routed inflow at fixed predation. No new consumption is assumed.",SR,0.75
13_2_Northern_Humboldt_Current_(1995-1998),routing_scenario,39,Benthic detritus,growth,-4340.9949724808885,-4317.00577696119,"Freeze completed living P,Q,diet,predation,accumulation,migration. Solve EE for SM; detritus accumulation absorbs routed inflow at fixed predation. No new consumption is assumed.",SR,0.75
13_2_Northern_Humboldt_Current_(1995-1998),routing_scenario,38,Pelagic detritus,growth,5090.259743360343,5092.925209529199,"Freeze completed living P,Q,diet,predation,accumulation,migration. Solve EE for SM; detritus accumulation absorbs routed inflow at fixed predation. No new consumption is assumed.",SR,0.75
13_2_Northern_Humboldt_Current_(1995-1998),routing_scenario,39,Benthic detritus,p,1751.6112896867576,1780.804584725067,"Freeze completed living P,Q,diet,predation,accumulation,migration. Solve EE for SM; detritus accumulation absorbs routed inflow at fixed predation. No new consumption is assumed.",SM,1.0
13_2_Northern_Humboldt_Current_(1995-1998),routing_scenario,38,Pelagic detritus,p,5090.259743360343,5090.813500291232,"Freeze completed living P,Q,diet,predation,accumulation,migration. Solve EE for SM; detritus accumulation absorbs routed inflow at fixed predation. No new consumption is assumed.",SM,1.0
13_2_Northern_Humboldt_Current_(1995-1998),routing_scenario,36,Anchovy eggs,p,81.93913403799536,87.73163098687036,"Freeze completed living P,Q,diet,predation,accumulation,migration. Solve EE for SM; detritus accumulation absorbs routed inflow at fixed predation. No new consumption is assumed.",SM,1.0
13_2_Northern_Humboldt_Current_(1995-1998),routing_scenario,39,Benthic detritus,q,1751.6112896867576,1780.804584725067,"Freeze completed living P,Q,diet,predation,accumulation,migration. Solve EE for SM; detritus accumulation absorbs routed inflow at fixed predation. No new consumption is assumed.",SM,1.0
13_2_Northern_Humboldt_Current_(1995-1998),routing_scenario,38,Pelagic detritus,q,5090.259743360343,5090.813500291232,"Freeze completed living P,Q,diet,predation,accumulation,migration. Solve EE for SM; detritus accumulation absorbs routed inflow at fixed predation. No new consumption is assumed.",SM,1.0
13_2_Northern_Humboldt_Current_(1995-1998),routing_scenario,36,Anchovy eggs,q,81.93913403799536,87.73163098687036,"Freeze completed living P,Q,diet,predation,accumulation,migration. Solve EE for SM; detritus accumulation absorbs routed inflow at fixed predation. No new consumption is assumed.",SM,1.0
13_2_Northern_Humboldt_Current_(1995-1998),routing_scenario,30,Chondrichthyans,M0,0.01111863866537926,0.02551500011537926,"Freeze completed living P,Q,diet,predation,accumulation,migration. Solve EE for SM; detritus accumulation absorbs routed inflow at fixed predation. No new consumption is assumed.",SM,1.0
13_2_Northern_Humboldt_Current_(1995-1998),routing_scenario,29,Catfish,M0,0.0986964358664111,0.4384674358664111,"Freeze completed living P,Q,diet,predation,accumulation,migration. Solve EE for SM; detritus accumulation absorbs routed inflow at fixed predation. No new consumption is assumed.",SM,1.0
13_2_Northern_Humboldt_Current_(1995-1998),routing_scenario,27,Medium sciaenids,M0,0.07797065965059131,0.13926957160059134,"Freeze completed living P,Q,diet,predation,accumulation,migration. Solve EE for SM; detritus accumulation absorbs routed inflow at fixed predation. No new consumption is assumed.",SM,1.0
13_2_Northern_Humboldt_Current_(1995-1998),routing_scenario,26,Medium demersal fish,M0,0.0702195877127324,0.2197870372127324,"Freeze completed living P,Q,diet,predation,accumulation,migration. Solve EE for SM; detritus accumulation absorbs routed inflow at fixed predation. No new consumption is assumed.",SM,1.0
13_2_Northern_Humboldt_Current_(1995-1998),routing_scenario,23,Benthic elasmobranchs,M0,0.02098836399473636,0.061500000694736365,"Freeze completed living P,Q,diet,predation,accumulation,migration. Solve EE for SM; detritus accumulation absorbs routed inflow at fixed predation. No new consumption is assumed.",SM,1.0
13_2_Northern_Humboldt_Current_(1995-1998),routing_scenario,22,Small demersal fish,M0,3.2426595415784147,3.2619987718784147,"Freeze completed living P,Q,diet,predation,accumulation,migration. Solve EE for SM; detritus accumulation absorbs routed inflow at fixed predation. No new consumption is assumed.",SM,1.0
13_2_Northern_Humboldt_Current_(1995-1998),routing_scenario,21,Flatfish,M0,3.451325833853003e-05,0.00409274041333853,"Freeze completed living P,Q,diet,predation,accumulation,migration. Solve EE for SM; detritus accumulation absorbs routed inflow at fixed predation. No new consumption is assumed.",SM,1.0
13_2_Northern_Humboldt_Current_(1995-1998),routing_scenario,20,Large hake,M0,0.006700170035899526,0.053034932915899516,"Freeze completed living P,Q,diet,predation,accumulation,migration. Solve EE for SM; detritus accumulation absorbs routed inflow at fixed predation. No new consumption is assumed.",SM,1.0
13_2_Northern_Humboldt_Current_(1995-1998),routing_scenario,19,Medium hake,M0,0.44286476478316994,0.49154076478316994,"Freeze completed living P,Q,diet,predation,accumulation,migration. Solve EE for SM; detritus accumulation absorbs routed inflow at fixed predation. No new consumption is assumed.",SM,1.0
13_2_Northern_Humboldt_Current_(1995-1998),routing_scenario,18,Small hake,M0,0.628031663830784,1.793946430230784,"Freeze completed living P,Q,diet,predation,accumulation,migration. Solve EE for SM; detritus accumulation absorbs routed inflow at fixed predation. No new consumption is assumed.",SM,1.0
13_2_Northern_Humboldt_Current_(1995-1998),routing_scenario,17,Other large pelagic fish,M0,0.3416564469598926,0.6754754604598926,"Freeze completed living P,Q,diet,predation,accumulation,migration. Solve EE for SM; detritus accumulation absorbs routed inflow at fixed predation. No new consumption is assumed.",SM,1.0
13_2_Northern_Humboldt_Current_(1995-1998),routing_scenario,16,Chub mackerel,M0,5.522509613684951,6.265163788284951,"Freeze completed living P,Q,diet,predation,accumulation,migration. Solve EE for SM; detritus accumulation absorbs routed inflow at fixed predation. No new consumption is assumed.",SM,1.0
13_2_Northern_Humboldt_Current_(1995-1998),routing_scenario,15,Horse mackerel,M0,6.695953029518151,8.442475975218152,"Freeze completed living P,Q,diet,predation,accumulation,migration. Solve EE for SM; detritus accumulation absorbs routed inflow at fixed predation. No new consumption is assumed.",SM,1.0
13_2_Northern_Humboldt_Current_(1995-1998),routing_scenario,14,Other small pelagic fish,M0,1.0995008229018595,2.7892943379018593,"Freeze completed living P,Q,diet,predation,accumulation,migration. Solve EE for SM; detritus accumulation absorbs routed inflow at fixed predation. No new consumption is assumed.",SM,1.0
13_2_Northern_Humboldt_Current_(1995-1998),routing_scenario,13,Other cephalopods,M0,0.38835856631069415,0.42382941084819414,"Freeze completed living P,Q,diet,predation,accumulation,migration. Solve EE for SM; detritus accumulation absorbs routed inflow at fixed predation. No new consumption is assumed.",SM,1.0
13_2_Northern_Humboldt_Current_(1995-1998),routing_scenario,12,Jumbo squid,M0,0.6834706928629479,0.7889339925129479,"Freeze completed living P,Q,diet,predation,accumulation,migration. Solve EE for SM; detritus accumulation absorbs routed inflow at fixed predation. No new consumption is assumed.",SM,1.0
13_2_Northern_Humboldt_Current_(1995-1998),routing_scenario,10,Anchovy,M0,21.594902660465323,44.76489045596532,"Freeze completed living P,Q,diet,predation,accumulation,migration. Solve EE for SM; detritus accumulation absorbs routed inflow at fixed predation. No new consumption is assumed.",SM,1.0
13_2_Northern_Humboldt_Current_(1995-1998),routing_scenario,9,Sardine,M0,0.45094358787714506,6.276912571127145,"Freeze completed living P,Q,diet,predation,accumulation,migration. Solve EE for SM; detritus accumulation absorbs routed inflow at fixed predation. No new consumption is assumed.",SM,1.0
13_2_Northern_Humboldt_Current_(1995-1998),routing_scenario,30,Chondrichthyans,EE,0.564231276512146,-3.2800059335258425e-08,"Freeze completed living P,Q,diet,predation,accumulation,migration. Solve EE for SM; detritus accumulation absorbs routed inflow at fixed predation. No new consumption is assumed.",SM,1.0
13_2_Northern_Humboldt_Current_(1995-1998),routing_scenario,29,Catfish,EE,0.8212506771087646,0.20589070331717607,"Freeze completed living P,Q,diet,predation,accumulation,migration. Solve EE for SM; detritus accumulation absorbs routed inflow at fixed predation. No new consumption is assumed.",SM,1.0
13_2_Northern_Humboldt_Current_(1995-1998),routing_scenario,27,Medium sciaenids,EE,0.7098218202590942,0.48168976687567566,"Freeze completed living P,Q,diet,predation,accumulation,migration. Solve EE for SM; detritus accumulation absorbs routed inflow at fixed predation. No new consumption is assumed.",SM,1.0
13_2_Northern_Humboldt_Current_(1995-1998),routing_scenario,26,Medium demersal fish,EE,0.8201572895050049,0.43709301362310626,"Freeze completed living P,Q,diet,predation,accumulation,migration. Solve EE for SM; detritus accumulation absorbs routed inflow at fixed predation. No new consumption is assumed.",SM,1.0
13_2_Northern_Humboldt_Current_(1995-1998),routing_scenario,23,Benthic elasmobranchs,EE,0.6587257981300354,1.6325137908168585e-08,"Freeze completed living P,Q,diet,predation,accumulation,migration. Solve EE for SM; detritus accumulation absorbs routed inflow at fixed predation. No new consumption is assumed.",SM,1.0
13_2_Northern_Humboldt_Current_(1995-1998),routing_scenario,22,Small demersal fish,EE,0.7304298281669617,0.7288221109310806,"Freeze completed living P,Q,diet,predation,accumulation,migration. Solve EE for SM; detritus accumulation absorbs routed inflow at fixed predation. No new consumption is assumed.",SM,1.0
13_2_Northern_Humboldt_Current_(1995-1998),routing_scenario,21,Flatfish,EE,0.9954587817192078,0.4614815152691344,"Freeze completed living P,Q,diet,predation,accumulation,migration. Solve EE for SM; detritus accumulation absorbs routed inflow at fixed predation. No new consumption is assumed.",SM,1.0
13_2_Northern_Humboldt_Current_(1995-1998),routing_scenario,20,Large hake,EE,0.8738672733306885,0.0016013531650108659,"Freeze completed living P,Q,diet,predation,accumulation,migration. Solve EE for SM; detritus accumulation absorbs routed inflow at fixed predation. No new consumption is assumed.",SM,1.0
13_2_Northern_Humboldt_Current_(1995-1998),routing_scenario,19,Medium hake,EE,0.14074458181858063,0.04630239526107327,"Freeze completed living P,Q,diet,predation,accumulation,migration. Solve EE for SM; detritus accumulation absorbs routed inflow at fixed predation. No new consumption is assumed.",SM,1.0
13_2_Northern_Humboldt_Current_(1995-1998),routing_scenario,18,Small hake,EE,0.7213676571846008,0.2040982556650126,"Freeze completed living P,Q,diet,predation,accumulation,migration. Solve EE for SM; detritus accumulation absorbs routed inflow at fixed predation. No new consumption is assumed.",SM,1.0
13_2_Northern_Humboldt_Current_(1995-1998),routing_scenario,17,Other large pelagic fish,EE,0.533972442150116,0.07863533082224206,"Freeze completed living P,Q,diet,predation,accumulation,migration. Solve EE for SM; detritus accumulation absorbs routed inflow at fixed predation. No new consumption is assumed.",SM,1.0
13_2_Northern_Humboldt_Current_(1995-1998),routing_scenario,16,Chub mackerel,EE,0.15512745082378387,0.04151096673549459,"Freeze completed living P,Q,diet,predation,accumulation,migration. Solve EE for SM; detritus accumulation absorbs routed inflow at fixed predation. No new consumption is assumed.",SM,1.0
13_2_Northern_Humboldt_Current_(1995-1998),routing_scenario,15,Horse mackerel,EE,0.23551708459854126,0.036115005841671266,"Freeze completed living P,Q,diet,predation,accumulation,migration. Solve EE for SM; detritus accumulation absorbs routed inflow at fixed predation. No new consumption is assumed.",SM,1.0
13_2_Northern_Humboldt_Current_(1995-1998),routing_scenario,14,Other small pelagic fish,EE,0.8999999761581421,0.7463126043362296,"Freeze completed living P,Q,diet,predation,accumulation,migration. Solve EE for SM; detritus accumulation absorbs routed inflow at fixed predation. No new consumption is assumed.",SM,1.0
13_2_Northern_Humboldt_Current_(1995-1998),routing_scenario,13,Other cephalopods,EE,0.949999988079071,0.945433222199362,"Freeze completed living P,Q,diet,predation,accumulation,migration. Solve EE for SM; detritus accumulation absorbs routed inflow at fixed predation. No new consumption is assumed.",SM,1.0
13_2_Northern_Humboldt_Current_(1995-1998),routing_scenario,12,Jumbo squid,EE,0.7999784350395203,0.7691140037447038,"Freeze completed living P,Q,diet,predation,accumulation,migration. Solve EE for SM; detritus accumulation absorbs routed inflow at fixed predation. No new consumption is assumed.",SM,1.0
13_2_Northern_Humboldt_Current_(1995-1998),routing_scenario,10,Anchovy,EE,0.8148474097251892,0.6161901930466243,"Freeze completed living P,Q,diet,predation,accumulation,migration. Solve EE for SM; detritus accumulation absorbs routed inflow at fixed predation. No new consumption is assumed.",SM,1.0
13_2_Northern_Humboldt_Current_(1995-1998),routing_scenario,9,Sardine,EE,0.9700034856796265,0.582463299425283,"Freeze completed living P,Q,diet,predation,accumulation,migration. Solve EE for SM; detritus accumulation absorbs routed inflow at fixed predation. No new consumption is assumed.",SM,1.0
13_2_Northern_Humboldt_Current_(1995-1998),routing_scenario,30,Chondrichthyans,catch,0.01439636145,0.0,"Freeze completed living P,Q,diet,predation,accumulation,migration. Solve EE for SM; detritus accumulation absorbs routed inflow at fixed predation. No new consumption is assumed.",SM,1.0
13_2_Northern_Humboldt_Current_(1995-1998),routing_scenario,29,Catfish,catch,0.33977100000000005,0.0,"Freeze completed living P,Q,diet,predation,accumulation,migration. Solve EE for SM; detritus accumulation absorbs routed inflow at fixed predation. No new consumption is assumed.",SM,1.0
13_2_Northern_Humboldt_Current_(1995-1998),routing_scenario,27,Medium sciaenids,catch,0.06129891195000001,0.0,"Freeze completed living P,Q,diet,predation,accumulation,migration. Solve EE for SM; detritus accumulation absorbs routed inflow at fixed predation. No new consumption is assumed.",SM,1.0
13_2_Northern_Humboldt_Current_(1995-1998),routing_scenario,26,Medium demersal fish,catch,0.1495674495,0.0,"Freeze completed living P,Q,diet,predation,accumulation,migration. Solve EE for SM; detritus accumulation absorbs routed inflow at fixed predation. No new consumption is assumed.",SM,1.0
13_2_Northern_Humboldt_Current_(1995-1998),routing_scenario,23,Benthic elasmobranchs,catch,0.040511636700000006,0.0,"Freeze completed living P,Q,diet,predation,accumulation,migration. Solve EE for SM; detritus accumulation absorbs routed inflow at fixed predation. No new consumption is assumed.",SM,1.0
13_2_Northern_Humboldt_Current_(1995-1998),routing_scenario,22,Small demersal fish,catch,0.019339230299999996,0.0,"Freeze completed living P,Q,diet,predation,accumulation,migration. Solve EE for SM; detritus accumulation absorbs routed inflow at fixed predation. No new consumption is assumed.",SM,1.0
13_2_Northern_Humboldt_Current_(1995-1998),routing_scenario,21,Flatfish,catch,0.004058227155,0.0,"Freeze completed living P,Q,diet,predation,accumulation,migration. Solve EE for SM; detritus accumulation absorbs routed inflow at fixed predation. No new consumption is assumed.",SM,1.0
13_2_Northern_Humboldt_Current_(1995-1998),routing_scenario,20,Large hake,catch,0.04633476287999999,0.0,"Freeze completed living P,Q,diet,predation,accumulation,migration. Solve EE for SM; detritus accumulation absorbs routed inflow at fixed predation. No new consumption is assumed.",SM,1.0
13_2_Northern_Humboldt_Current_(1995-1998),routing_scenario,19,Medium hake,catch,0.048676,0.0,"Freeze completed living P,Q,diet,predation,accumulation,migration. Solve EE for SM; detritus accumulation absorbs routed inflow at fixed predation. No new consumption is assumed.",SM,1.0
13_2_Northern_Humboldt_Current_(1995-1998),routing_scenario,18,Small hake,catch,1.1659147664,0.0,"Freeze completed living P,Q,diet,predation,accumulation,migration. Solve EE for SM; detritus accumulation absorbs routed inflow at fixed predation. No new consumption is assumed.",SM,1.0
13_2_Northern_Humboldt_Current_(1995-1998),routing_scenario,17,Other large pelagic fish,catch,0.3338190135,0.0,"Freeze completed living P,Q,diet,predation,accumulation,migration. Solve EE for SM; detritus accumulation absorbs routed inflow at fixed predation. No new consumption is assumed.",SM,1.0
13_2_Northern_Humboldt_Current_(1995-1998),routing_scenario,16,Chub mackerel,catch,0.7426541746,0.0,"Freeze completed living P,Q,diet,predation,accumulation,migration. Solve EE for SM; detritus accumulation absorbs routed inflow at fixed predation. No new consumption is assumed.",SM,1.0
13_2_Northern_Humboldt_Current_(1995-1998),routing_scenario,15,Horse mackerel,catch,1.7465229457,0.0,"Freeze completed living P,Q,diet,predation,accumulation,migration. Solve EE for SM; detritus accumulation absorbs routed inflow at fixed predation. No new consumption is assumed.",SM,1.0
13_2_Northern_Humboldt_Current_(1995-1998),routing_scenario,14,Other small pelagic fish,catch,1.689793515,0.0,"Freeze completed living P,Q,diet,predation,accumulation,migration. Solve EE for SM; detritus accumulation absorbs routed inflow at fixed predation. No new consumption is assumed.",SM,1.0
13_2_Northern_Humboldt_Current_(1995-1998),routing_scenario,13,Other cephalopods,catch,0.0354708445375,0.0,"Freeze completed living P,Q,diet,predation,accumulation,migration. Solve EE for SM; detritus accumulation absorbs routed inflow at fixed predation. No new consumption is assumed.",SM,1.0
13_2_Northern_Humboldt_Current_(1995-1998),routing_scenario,12,Jumbo squid,catch,0.10546329965,0.0,"Freeze completed living P,Q,diet,predation,accumulation,migration. Solve EE for SM; detritus accumulation absorbs routed inflow at fixed predation. No new consumption is assumed.",SM,1.0
13_2_Northern_Humboldt_Current_(1995-1998),routing_scenario,10,Anchovy,catch,23.1699877955,0.0,"Freeze completed living P,Q,diet,predation,accumulation,migration. Solve EE for SM; detritus accumulation absorbs routed inflow at fixed predation. No new consumption is assumed.",SM,1.0
13_2_Northern_Humboldt_Current_(1995-1998),routing_scenario,9,Sardine,catch,5.82596898325,0.0,"Freeze completed living P,Q,diet,predation,accumulation,migration. Solve EE for SM; detritus accumulation absorbs routed inflow at fixed predation. No new consumption is assumed.",SM,1.0
13_2_Northern_Humboldt_Current_(1995-1998),routing_scenario,39,Benthic detritus,growth,-4340.9949724808885,-4311.80167744258,"Freeze completed living P,Q,diet,predation,accumulation,migration. Solve EE for SM; detritus accumulation absorbs routed inflow at fixed predation. No new consumption is assumed.",SM,1.0
13_2_Northern_Humboldt_Current_(1995-1998),routing_scenario,38,Pelagic detritus,growth,5090.259743360343,5090.813500291232,"Freeze completed living P,Q,diet,predation,accumulation,migration. Solve EE for SM; detritus accumulation absorbs routed inflow at fixed predation. No new consumption is assumed.",SM,1.0
13_2_Northern_Humboldt_Current_(1995-1998),routing_scenario,36,Anchovy eggs,growth,12.539441007952618,18.331937956827616,"Freeze completed living P,Q,diet,predation,accumulation,migration. Solve EE for SM; detritus accumulation absorbs routed inflow at fixed predation. No new consumption is assumed.",SM,1.0
13_2_Northern_Humboldt_Current_(1995-1998),routing_scenario,30,Chondrichthyans,catch,0.01439636145,0.0,"Freeze completed living P,Q,diet,predation,accumulation,migration. Solve EE for SM; detritus accumulation absorbs routed inflow at fixed predation. No new consumption is assumed.",SE,1.0
13_2_Northern_Humboldt_Current_(1995-1998),routing_scenario,29,Catfish,catch,0.33977100000000005,0.0,"Freeze completed living P,Q,diet,predation,accumulation,migration. Solve EE for SM; detritus accumulation absorbs routed inflow at fixed predation. No new consumption is assumed.",SE,1.0
13_2_Northern_Humboldt_Current_(1995-1998),routing_scenario,27,Medium sciaenids,catch,0.06129891195000001,0.0,"Freeze completed living P,Q,diet,predation,accumulation,migration. Solve EE for SM; detritus accumulation absorbs routed inflow at fixed predation. No new consumption is assumed.",SE,1.0
13_2_Northern_Humboldt_Current_(1995-1998),routing_scenario,26,Medium demersal fish,catch,0.1495674495,0.0,"Freeze completed living P,Q,diet,predation,accumulation,migration. Solve EE for SM; detritus accumulation absorbs routed inflow at fixed predation. No new consumption is assumed.",SE,1.0
13_2_Northern_Humboldt_Current_(1995-1998),routing_scenario,23,Benthic elasmobranchs,catch,0.040511636700000006,0.0,"Freeze completed living P,Q,diet,predation,accumulation,migration. Solve EE for SM; detritus accumulation absorbs routed inflow at fixed predation. No new consumption is assumed.",SE,1.0
13_2_Northern_Humboldt_Current_(1995-1998),routing_scenario,22,Small demersal fish,catch,0.019339230299999996,0.0,"Freeze completed living P,Q,diet,predation,accumulation,migration. Solve EE for SM; detritus accumulation absorbs routed inflow at fixed predation. No new consumption is assumed.",SE,1.0
13_2_Northern_Humboldt_Current_(1995-1998),routing_scenario,21,Flatfish,catch,0.004058227155,0.0,"Freeze completed living P,Q,diet,predation,accumulation,migration. Solve EE for SM; detritus accumulation absorbs routed inflow at fixed predation. No new consumption is assumed.",SE,1.0
13_2_Northern_Humboldt_Current_(1995-1998),routing_scenario,20,Large hake,catch,0.04633476287999999,0.0,"Freeze completed living P,Q,diet,predation,accumulation,migration. Solve EE for SM; detritus accumulation absorbs routed inflow at fixed predation. No new consumption is assumed.",SE,1.0
13_2_Northern_Humboldt_Current_(1995-1998),routing_scenario,19,Medium hake,catch,0.048676,0.0,"Freeze completed living P,Q,diet,predation,accumulation,migration. Solve EE for SM; detritus accumulation absorbs routed inflow at fixed predation. No new consumption is assumed.",SE,1.0
13_2_Northern_Humboldt_Current_(1995-1998),routing_scenario,18,Small hake,catch,1.1659147664,0.0,"Freeze completed living P,Q,diet,predation,accumulation,migration. Solve EE for SM; detritus accumulation absorbs routed inflow at fixed predation. No new consumption is assumed.",SE,1.0
13_2_Northern_Humboldt_Current_(1995-1998),routing_scenario,17,Other large pelagic fish,catch,0.3338190135,0.0,"Freeze completed living P,Q,diet,predation,accumulation,migration. Solve EE for SM; detritus accumulation absorbs routed inflow at fixed predation. No new consumption is assumed.",SE,1.0
13_2_Northern_Humboldt_Current_(1995-1998),routing_scenario,16,Chub mackerel,catch,0.7426541746,0.0,"Freeze completed living P,Q,diet,predation,accumulation,migration. Solve EE for SM; detritus accumulation absorbs routed inflow at fixed predation. No new consumption is assumed.",SE,1.0
13_2_Northern_Humboldt_Current_(1995-1998),routing_scenario,15,Horse mackerel,catch,1.7465229457,0.0,"Freeze completed living P,Q,diet,predation,accumulation,migration. Solve EE for SM; detritus accumulation absorbs routed inflow at fixed predation. No new consumption is assumed.",SE,1.0
13_2_Northern_Humboldt_Current_(1995-1998),routing_scenario,14,Other small pelagic fish,catch,1.689793515,0.0,"Freeze completed living P,Q,diet,predation,accumulation,migration. Solve EE for SM; detritus accumulation absorbs routed inflow at fixed predation. No new consumption is assumed.",SE,1.0
13_2_Northern_Humboldt_Current_(1995-1998),routing_scenario,13,Other cephalopods,catch,0.0354708445375,0.0,"Freeze completed living P,Q,diet,predation,accumulation,migration. Solve EE for SM; detritus accumulation absorbs routed inflow at fixed predation. No new consumption is assumed.",SE,1.0
13_2_Northern_Humboldt_Current_(1995-1998),routing_scenario,12,Jumbo squid,catch,0.10546329965,0.0,"Freeze completed living P,Q,diet,predation,accumulation,migration. Solve EE for SM; detritus accumulation absorbs routed inflow at fixed predation. No new consumption is assumed.",SE,1.0
13_2_Northern_Humboldt_Current_(1995-1998),routing_scenario,10,Anchovy,catch,23.1699877955,0.0,"Freeze completed living P,Q,diet,predation,accumulation,migration. Solve EE for SM; detritus accumulation absorbs routed inflow at fixed predation. No new consumption is assumed.",SE,1.0
13_2_Northern_Humboldt_Current_(1995-1998),routing_scenario,9,Sardine,catch,5.82596898325,0.0,"Freeze completed living P,Q,diet,predation,accumulation,migration. Solve EE for SM; detritus accumulation absorbs routed inflow at fixed predation. No new consumption is assumed.",SE,1.0
13_2_Northern_Humboldt_Current_(1995-1998),routing_scenario,30,Chondrichthyans,external_loss,0.0,0.01439636145,"Freeze completed living P,Q,diet,predation,accumulation,migration. Solve EE for SM; detritus accumulation absorbs routed inflow at fixed predation. No new consumption is assumed.",SE,1.0
13_2_Northern_Humboldt_Current_(1995-1998),routing_scenario,29,Catfish,external_loss,0.0,0.33977100000000005,"Freeze completed living P,Q,diet,predation,accumulation,migration. Solve EE for SM; detritus accumulation absorbs routed inflow at fixed predation. No new consumption is assumed.",SE,1.0
13_2_Northern_Humboldt_Current_(1995-1998),routing_scenario,27,Medium sciaenids,external_loss,0.0,0.06129891195000001,"Freeze completed living P,Q,diet,predation,accumulation,migration. Solve EE for SM; detritus accumulation absorbs routed inflow at fixed predation. No new consumption is assumed.",SE,1.0
13_2_Northern_Humboldt_Current_(1995-1998),routing_scenario,26,Medium demersal fish,external_loss,0.0,0.1495674495,"Freeze completed living P,Q,diet,predation,accumulation,migration. Solve EE for SM; detritus accumulation absorbs routed inflow at fixed predation. No new consumption is assumed.",SE,1.0
13_2_Northern_Humboldt_Current_(1995-1998),routing_scenario,23,Benthic elasmobranchs,external_loss,0.0,0.040511636700000006,"Freeze completed living P,Q,diet,predation,accumulation,migration. Solve EE for SM; detritus accumulation absorbs routed inflow at fixed predation. No new consumption is assumed.",SE,1.0
13_2_Northern_Humboldt_Current_(1995-1998),routing_scenario,22,Small demersal fish,external_loss,0.0,0.019339230299999996,"Freeze completed living P,Q,diet,predation,accumulation,migration. Solve EE for SM; detritus accumulation absorbs routed inflow at fixed predation. No new consumption is assumed.",SE,1.0
13_2_Northern_Humboldt_Current_(1995-1998),routing_scenario,21,Flatfish,external_loss,0.0,0.004058227155,"Freeze completed living P,Q,diet,predation,accumulation,migration. Solve EE for SM; detritus accumulation absorbs routed inflow at fixed predation. No new consumption is assumed.",SE,1.0
13_2_Northern_Humboldt_Current_(1995-1998),routing_scenario,20,Large hake,external_loss,0.0,0.04633476287999999,"Freeze completed living P,Q,diet,predation,accumulation,migration. Solve EE for SM; detritus accumulation absorbs routed inflow at fixed predation. No new consumption is assumed.",SE,1.0
13_2_Northern_Humboldt_Current_(1995-1998),routing_scenario,19,Medium hake,external_loss,0.0,0.048676,"Freeze completed living P,Q,diet,predation,accumulation,migration. Solve EE for SM; detritus accumulation absorbs routed inflow at fixed predation. No new consumption is assumed.",SE,1.0
13_2_Northern_Humboldt_Current_(1995-1998),routing_scenario,18,Small hake,external_loss,0.0,1.1659147664,"Freeze completed living P,Q,diet,predation,accumulation,migration. Solve EE for SM; detritus accumulation absorbs routed inflow at fixed predation. No new consumption is assumed.",SE,1.0
13_2_Northern_Humboldt_Current_(1995-1998),routing_scenario,17,Other large pelagic fish,external_loss,0.0,0.3338190135,"Freeze completed living P,Q,diet,predation,accumulation,migration. Solve EE for SM; detritus accumulation absorbs routed inflow at fixed predation. No new consumption is assumed.",SE,1.0
13_2_Northern_Humboldt_Current_(1995-1998),routing_scenario,16,Chub mackerel,external_loss,0.0,0.7426541746,"Freeze completed living P,Q,diet,predation,accumulation,migration. Solve EE for SM; detritus accumulation absorbs routed inflow at fixed predation. No new consumption is assumed.",SE,1.0
13_2_Northern_Humboldt_Current_(1995-1998),routing_scenario,15,Horse mackerel,external_loss,0.0,1.7465229457,"Freeze completed living P,Q,diet,predation,accumulation,migration. Solve EE for SM; detritus accumulation absorbs routed inflow at fixed predation. No new consumption is assumed.",SE,1.0
13_2_Northern_Humboldt_Current_(1995-1998),routing_scenario,14,Other small pelagic fish,external_loss,0.0,1.689793515,"Freeze completed living P,Q,diet,predation,accumulation,migration. Solve EE for SM; detritus accumulation absorbs routed inflow at fixed predation. No new consumption is assumed.",SE,1.0
13_2_Northern_Humboldt_Current_(1995-1998),routing_scenario,13,Other cephalopods,external_loss,0.0,0.0354708445375,"Freeze completed living P,Q,diet,predation,accumulation,migration. Solve EE for SM; detritus accumulation absorbs routed inflow at fixed predation. No new consumption is assumed.",SE,1.0
13_2_Northern_Humboldt_Current_(1995-1998),routing_scenario,12,Jumbo squid,external_loss,0.0,0.10546329965,"Freeze completed living P,Q,diet,predation,accumulation,migration. Solve EE for SM; detritus accumulation absorbs routed inflow at fixed predation. No new consumption is assumed.",SE,1.0
13_2_Northern_Humboldt_Current_(1995-1998),routing_scenario,10,Anchovy,external_loss,0.0,23.1699877955,"Freeze completed living P,Q,diet,predation,accumulation,migration. Solve EE for SM; detritus accumulation absorbs routed inflow at fixed predation. No new consumption is assumed.",SE,1.0
13_2_Northern_Humboldt_Current_(1995-1998),routing_scenario,9,Sardine,external_loss,0.0,5.82596898325,"Freeze completed living P,Q,diet,predation,accumulation,migration. Solve EE for SM; detritus accumulation absorbs routed inflow at fixed predation. No new consumption is assumed.",SE,1.0
13_2_Northern_Humboldt_Current_(1995-1998),routing_scenario,39,Benthic detritus,p,1751.6112896867576,1783.5968837130229,"Freeze completed living P,Q,diet,predation,accumulation,migration. Solve EE for SM; detritus accumulation absorbs routed inflow at fixed predation. No new consumption is assumed.",SR,1.0
13_2_Northern_Humboldt_Current_(1995-1998),routing_scenario,38,Pelagic detritus,p,5090.259743360343,5093.81369825215,"Freeze completed living P,Q,diet,predation,accumulation,migration. Solve EE for SM; detritus accumulation absorbs routed inflow at fixed predation. No new consumption is assumed.",SR,1.0
13_2_Northern_Humboldt_Current_(1995-1998),routing_scenario,39,Benthic detritus,q,1751.6112896867576,1783.5968837130229,"Freeze completed living P,Q,diet,predation,accumulation,migration. Solve EE for SM; detritus accumulation absorbs routed inflow at fixed predation. No new consumption is assumed.",SR,1.0
13_2_Northern_Humboldt_Current_(1995-1998),routing_scenario,38,Pelagic detritus,q,5090.259743360343,5093.81369825215,"Freeze completed living P,Q,diet,predation,accumulation,migration. Solve EE for SM; detritus accumulation absorbs routed inflow at fixed predation. No new consumption is assumed.",SR,1.0
13_2_Northern_Humboldt_Current_(1995-1998),routing_scenario,39,Benthic detritus,growth,-4340.9949724808885,-4309.009378454623,"Freeze completed living P,Q,diet,predation,accumulation,migration. Solve EE for SM; detritus accumulation absorbs routed inflow at fixed predation. No new consumption is assumed.",SR,1.0
13_2_Northern_Humboldt_Current_(1995-1998),routing_scenario,38,Pelagic detritus,growth,5090.259743360343,5093.81369825215,"Freeze completed living P,Q,diet,predation,accumulation,migration. Solve EE for SM; detritus accumulation absorbs routed inflow at fixed predation. No new consumption is assumed.",SR,1.0
