{
  "type": "Feature",
  "properties": {
    "article_id": "CELT-2017",
    "unit_id": "LME_024",
    "geometry_method": "target polygon used as intended article/model envelope"
  },
  "geometry": {
    "type": "MultiPolygon",
    "coordinates": [
      [
        [
          [
            -1.554,
            49.024
          ],
          [
            -1.507,
            49.025
          ],
          [
            -1.553319696084161,
            49.0193512565751
          ],
          [
            -1.554,
            49.024
          ]
        ]
      ],
      [
        [
          [
            -5.109,
            58.508
          ],
          [
            -5.102,
            58.479
          ],
          [
            -5.0,
            58.439
          ],
          [
            -5.104,
            58.43
          ],
          [
            -5.018,
            58.386
          ],
          [
            -5.146,
            58.41
          ],
          [
            -5.175,
            58.35
          ],
          [
            -5.072,
            58.265
          ],
          [
            -4.929,
            58.262
          ],
          [
            -4.984,
            58.248
          ],
          [
            -4.937,
            58.222
          ],
          [
            -5.107,
            58.269
          ],
          [
            -5.297,
            58.234
          ],
          [
            -5.399,
            58.253
          ],
          [
            -5.297,
            58.151
          ],
          [
            -5.243,
            58.15
          ],
          [
            -5.295,
            58.133
          ],
          [
            -5.274,
            58.117
          ],
          [
            -5.297,
            58.067
          ],
          [
            -5.443,
            58.094
          ],
          [
            -5.425,
            58.031
          ],
          [
            -5.189,
            57.948
          ],
          [
            -5.22,
            57.919
          ],
          [
            -5.098,
            57.868
          ],
          [
            -5.074,
            57.828
          ],
          [
            -5.227,
            57.909
          ],
          [
            -5.363,
            57.937
          ],
          [
            -5.401,
            57.925
          ],
          [
            -5.222,
            57.844
          ],
          [
            -5.418,
            57.903
          ],
          [
            -5.467,
            57.847
          ],
          [
            -5.611,
            57.924
          ],
          [
            -5.651,
            57.879
          ],
          [
            -5.581,
            57.83
          ],
          [
            -5.582,
            57.784
          ],
          [
            -5.624,
            57.786
          ],
          [
            -5.615,
            57.765
          ],
          [
            -5.662,
            57.786
          ],
          [
            -5.691,
            57.864
          ],
          [
            -5.804,
            57.853
          ],
          [
            -5.805,
            57.743
          ],
          [
            -5.676,
            57.704
          ],
          [
            -5.785,
            57.695
          ],
          [
            -5.81,
            57.638
          ],
          [
            -5.669,
            57.546
          ],
          [
            -5.509,
            57.535
          ],
          [
            -5.651,
            57.508
          ],
          [
            -5.84,
            57.573
          ],
          [
            -5.871,
            57.479
          ],
          [
            -5.814,
            57.441
          ],
          [
            -5.819,
            57.364
          ],
          [
            -5.751,
            57.343
          ],
          [
            -5.62,
            57.415
          ],
          [
            -5.608,
            57.384
          ],
          [
            -5.636,
            57.369
          ],
          [
            -5.559,
            57.357
          ],
          [
            -5.45,
            57.42
          ],
          [
            -5.521,
            57.359
          ],
          [
            -5.687,
            57.342
          ],
          [
            -5.729,
            57.287
          ],
          [
            -5.568,
            57.275
          ],
          [
            -5.439,
            57.315
          ],
          [
            -5.508,
            57.273
          ],
          [
            -5.406,
            57.229
          ],
          [
            -5.45,
            57.221
          ],
          [
            -5.537,
            57.27
          ],
          [
            -5.633,
            57.246
          ],
          [
            -5.632,
            57.195
          ],
          [
            -5.684,
            57.152
          ],
          [
            -5.536,
            57.102
          ],
          [
            -5.4,
            57.106
          ],
          [
            -5.533,
            57.088
          ],
          [
            -5.648,
            57.124
          ],
          [
            -5.725,
            57.113
          ],
          [
            -5.784,
            57.049
          ],
          [
            -5.681,
            57.038
          ],
          [
            -5.69,
            57.013
          ],
          [
            -5.631,
            56.985
          ],
          [
            -5.52,
            56.996
          ],
          [
            -5.643,
            56.972
          ],
          [
            -5.733,
            57.019
          ],
          [
            -5.83,
            57.001
          ],
          [
            -5.879,
            56.914
          ],
          [
            -5.851,
            56.898
          ],
          [
            -5.922,
            56.888
          ],
          [
            -5.739,
            56.894
          ],
          [
            -5.786,
            56.859
          ],
          [
            -5.748,
            56.852
          ],
          [
            -5.663,
            56.872
          ],
          [
            -5.858,
            56.825
          ],
          [
            -5.757,
            56.783
          ],
          [
            -5.888,
            56.783
          ],
          [
            -5.853,
            56.742
          ],
          [
            -5.954,
            56.782
          ],
          [
            -6.14,
            56.758
          ],
          [
            -6.235,
            56.71
          ],
          [
            -6.191,
            56.68
          ],
          [
            -5.844,
            56.675
          ],
          [
            -5.762,
            56.712
          ],
          [
            -5.547,
            56.692
          ],
          [
            -5.756,
            56.699
          ],
          [
            -5.861,
            56.658
          ],
          [
            -5.838,
            56.626
          ],
          [
            -6.008,
            56.638
          ],
          [
            -5.884,
            56.553
          ],
          [
            -5.783,
            56.538
          ],
          [
            -5.75,
            56.567
          ],
          [
            -5.772,
            56.535
          ],
          [
            -5.677,
            56.494
          ],
          [
            -5.278,
            56.7
          ],
          [
            -5.236,
            56.761
          ],
          [
            -5.12,
            56.817
          ],
          [
            -5.241,
            56.709
          ],
          [
            -5.166,
            56.689
          ],
          [
            -4.994,
            56.71
          ],
          [
            -5.315,
            56.657
          ],
          [
            -5.306,
            56.628
          ],
          [
            -5.415,
            56.546
          ],
          [
            -5.365,
            56.528
          ],
          [
            -5.246,
            56.556
          ],
          [
            -5.348,
            56.517
          ],
          [
            -5.424,
            56.532
          ],
          [
            -5.463,
            56.471
          ],
          [
            -5.414,
            56.501
          ],
          [
            -5.397,
            56.455
          ],
          [
            -5.203,
            56.454
          ],
          [
            -5.066,
            56.561
          ],
          [
            -5.211,
            56.439
          ],
          [
            -5.447,
            56.446
          ],
          [
            -5.537,
            56.361
          ],
          [
            -5.445,
            56.361
          ],
          [
            -5.574,
            56.325
          ],
          [
            -5.594,
            56.249
          ],
          [
            -5.49,
            56.258
          ],
          [
            -5.555,
            56.234
          ],
          [
            -5.608,
            56.137
          ],
          [
            -5.512,
            56.186
          ],
          [
            -5.564,
            56.117
          ],
          [
            -5.529,
            56.095
          ],
          [
            -5.633,
            56.052
          ],
          [
            -5.71,
            55.937
          ],
          [
            -5.571,
            56.037
          ],
          [
            -5.691,
            55.929
          ],
          [
            -5.677,
            55.883
          ],
          [
            -5.574,
            55.928
          ],
          [
            -5.671,
            55.843
          ],
          [
            -5.672,
            55.804
          ],
          [
            -5.601,
            55.759
          ],
          [
            -5.452,
            55.837
          ],
          [
            -5.681,
            55.673
          ],
          [
            -5.723,
            55.568
          ],
          [
            -5.719,
            55.44
          ],
          [
            -5.795,
            55.386
          ],
          [
            -5.788,
            55.305
          ],
          [
            -5.596,
            55.306
          ],
          [
            -5.523,
            55.352
          ],
          [
            -5.535,
            55.398
          ],
          [
            -5.587,
            55.417
          ],
          [
            -5.546,
            55.435
          ],
          [
            -5.488,
            55.568
          ],
          [
            -5.454,
            55.581
          ],
          [
            -5.486,
            55.643
          ],
          [
            -5.444,
            55.708
          ],
          [
            -5.321,
            55.766
          ],
          [
            -5.454,
            55.958
          ],
          [
            -5.445,
            56.023
          ],
          [
            -5.377,
            56.006
          ],
          [
            -5.259,
            56.107
          ],
          [
            -5.114,
            56.165
          ],
          [
            -5.052,
            56.239
          ],
          [
            -4.921,
            56.274
          ],
          [
            -5.054,
            56.206
          ],
          [
            -5.086,
            56.156
          ],
          [
            -5.203,
            56.117
          ],
          [
            -5.335,
            55.99
          ],
          [
            -5.34,
            55.901
          ],
          [
            -5.303,
            55.851
          ],
          [
            -5.204,
            55.829
          ],
          [
            -5.239,
            55.893
          ],
          [
            -5.19,
            55.964
          ],
          [
            -5.173,
            55.929
          ],
          [
            -5.08,
            55.902
          ],
          [
            -5.13,
            56.006
          ],
          [
            -5.064,
            55.944
          ],
          [
            -5.048,
            55.881
          ],
          [
            -4.979,
            55.866
          ],
          [
            -4.914,
            55.953
          ],
          [
            -4.95,
            55.993
          ],
          [
            -4.896,
            55.986
          ],
          [
            -4.908,
            56.048
          ],
          [
            -4.882,
            56.085
          ],
          [
            -4.916,
            56.168
          ],
          [
            -4.859,
            56.107
          ],
          [
            -4.748,
            56.203
          ],
          [
            -4.872,
            56.057
          ],
          [
            -4.855,
            55.989
          ],
          [
            -4.775,
            55.983
          ],
          [
            -4.841,
            56.05
          ],
          [
            -4.833,
            56.081
          ],
          [
            -4.803,
            56.028
          ],
          [
            -4.689,
            55.967
          ],
          [
            -4.482,
            55.921
          ],
          [
            -4.786,
            55.96
          ],
          [
            -4.876,
            55.939
          ],
          [
            -4.888,
            55.824
          ],
          [
            -4.858,
            55.751
          ],
          [
            -4.916,
            55.697
          ],
          [
            -4.811,
            55.631
          ],
          [
            -4.695,
            55.604
          ],
          [
            -4.658,
            55.558
          ],
          [
            -4.684,
            55.541
          ],
          [
            -4.614,
            55.486
          ],
          [
            -4.641,
            55.441
          ],
          [
            -4.75,
            55.409
          ],
          [
            -4.838,
            55.319
          ],
          [
            -4.868,
            55.219
          ],
          [
            -5.011,
            55.135
          ],
          [
            -5.054,
            55.047
          ],
          [
            -5.0,
            54.911
          ],
          [
            -5.058,
            54.921
          ],
          [
            -5.105,
            55.024
          ],
          [
            -5.174,
            55.001
          ],
          [
            -5.176,
            54.901
          ],
          [
            -4.957,
            54.723
          ],
          [
            -4.948,
            54.653
          ],
          [
            -4.859,
            54.628
          ],
          [
            -4.868,
            54.682
          ],
          [
            -4.962,
            54.798
          ],
          [
            -4.852,
            54.869
          ],
          [
            -4.599,
            54.78
          ],
          [
            -4.506,
            54.703
          ],
          [
            -4.387,
            54.676
          ],
          [
            -4.348,
            54.699
          ],
          [
            -4.36,
            54.771
          ],
          [
            -4.337,
            54.794
          ],
          [
            -4.411,
            54.826
          ],
          [
            -4.429,
            54.872
          ],
          [
            -4.393,
            54.908
          ],
          [
            -4.353,
            54.86
          ],
          [
            -4.276,
            54.838
          ],
          [
            -4.201,
            54.861
          ],
          [
            -4.209,
            54.816
          ],
          [
            -4.136,
            54.775
          ],
          [
            -4.089,
            54.768
          ],
          [
            -4.066,
            54.831
          ],
          [
            -4.05,
            54.772
          ],
          [
            -3.965,
            54.765
          ],
          [
            -3.826,
            54.82
          ],
          [
            -3.858,
            54.842
          ],
          [
            -3.816,
            54.879
          ],
          [
            -3.812,
            54.849
          ],
          [
            -3.595,
            54.873
          ],
          [
            -3.569,
            54.891
          ],
          [
            -3.571,
            54.991
          ],
          [
            -3.532,
            54.969
          ],
          [
            -3.509,
            54.991
          ],
          [
            -3.023,
            54.971
          ],
          [
            -3.092,
            54.954
          ],
          [
            -3.026,
            54.946
          ],
          [
            -3.103,
            54.934
          ],
          [
            -3.287,
            54.939
          ],
          [
            -3.316,
            54.914
          ],
          [
            -3.258,
            54.897
          ],
          [
            -3.292,
            54.874
          ],
          [
            -3.339,
            54.902
          ],
          [
            -3.381,
            54.884
          ],
          [
            -3.436,
            54.763
          ],
          [
            -3.569,
            54.642
          ],
          [
            -3.576,
            54.58
          ],
          [
            -3.634,
            54.512
          ],
          [
            -3.412,
            54.342
          ],
          [
            -3.409,
            54.277
          ],
          [
            -3.316,
            54.191
          ],
          [
            -3.244,
            54.193
          ],
          [
            -3.209,
            54.261
          ],
          [
            -3.213,
            54.174
          ],
          [
            -3.249,
            54.165
          ],
          [
            -3.238,
            54.11
          ],
          [
            -3.152,
            54.066
          ],
          [
            -3.058,
            54.163
          ],
          [
            -3.043,
            54.224
          ],
          [
            -2.971,
            54.146
          ],
          [
            -2.793,
            54.236
          ],
          [
            -2.858,
            54.186
          ],
          [
            -2.799,
            54.123
          ],
          [
            -2.815,
            54.087
          ],
          [
            -2.92,
            54.029
          ],
          [
            -2.894,
            53.997
          ],
          [
            -2.826,
            53.997
          ],
          [
            -2.888,
            53.946
          ],
          [
            -3.053,
            53.906
          ],
          [
            -3.051,
            53.765
          ],
          [
            -2.899,
            53.723
          ],
          [
            -2.979,
            53.694
          ],
          [
            -3.108,
            53.552
          ],
          [
            -2.954,
            53.36
          ],
          [
            -2.794,
            53.316
          ],
          [
            -2.701,
            53.35
          ],
          [
            -2.776,
            53.292
          ],
          [
            -2.9,
            53.289
          ],
          [
            -3.049,
            53.429
          ],
          [
            -3.192,
            53.386
          ],
          [
            -3.082,
            53.271
          ],
          [
            -3.087,
            53.23
          ],
          [
            -3.336,
            53.347
          ],
          [
            -3.613,
            53.279
          ],
          [
            -3.874,
            53.334
          ],
          [
            -3.829,
            53.284
          ],
          [
            -4.191378907833222,
            53.20698213947959
          ],
          [
            -4.046,
            53.3
          ],
          [
            -4.204,
            53.292
          ],
          [
            -4.292,
            53.407
          ],
          [
            -4.429,
            53.424
          ],
          [
            -4.56,
            53.397
          ],
          [
            -4.573,
            53.32
          ],
          [
            -4.491,
            53.175
          ],
          [
            -4.443,
            53.154
          ],
          [
            -4.385,
            53.183
          ],
          [
            -4.409,
            53.126
          ],
          [
            -4.282,
            53.149
          ],
          [
            -4.203021411578122,
            53.19953291038858
          ],
          [
            -4.31,
            53.101
          ],
          [
            -4.343,
            53.109
          ],
          [
            -4.358,
            53.031
          ],
          [
            -4.615,
            52.916
          ],
          [
            -4.761,
            52.789
          ],
          [
            -4.606,
            52.817
          ],
          [
            -4.525,
            52.779
          ],
          [
            -4.477,
            52.855
          ],
          [
            -4.4,
            52.89
          ],
          [
            -4.068,
            52.919
          ],
          [
            -4.133,
            52.884
          ],
          [
            -4.118,
            52.834
          ],
          [
            -4.148,
            52.798
          ],
          [
            -4.053,
            52.717
          ],
          [
            -3.99,
            52.728
          ],
          [
            -4.059,
            52.7
          ],
          [
            -4.126,
            52.602
          ],
          [
            -4.061,
            52.542
          ],
          [
            -3.947,
            52.547
          ],
          [
            -4.057,
            52.524
          ],
          [
            -4.098,
            52.382
          ],
          [
            -4.232,
            52.249
          ],
          [
            -4.5,
            52.136
          ],
          [
            -4.669,
            52.13
          ],
          [
            -4.676,
            52.09
          ],
          [
            -4.723,
            52.113
          ],
          [
            -4.836,
            52.044
          ],
          [
            -4.832,
            52.015
          ],
          [
            -4.915,
            52.026
          ],
          [
            -4.966,
            51.996
          ],
          [
            -5.082,
            52.021
          ],
          [
            -5.097,
            51.961
          ],
          [
            -5.294,
            51.912
          ],
          [
            -5.309,
            51.862
          ],
          [
            -5.12,
            51.846
          ],
          [
            -5.104,
            51.771
          ],
          [
            -5.247,
            51.73
          ],
          [
            -5.169,
            51.681
          ],
          [
            -5.163,
            51.716
          ],
          [
            -4.904,
            51.714
          ],
          [
            -4.902,
            51.763
          ],
          [
            -4.932,
            51.773
          ],
          [
            -4.824,
            51.79
          ],
          [
            -4.886,
            51.754
          ],
          [
            -4.844,
            51.707
          ],
          [
            -5.118,
            51.683
          ],
          [
            -5.005,
            51.606
          ],
          [
            -4.929,
            51.596
          ],
          [
            -4.862,
            51.641
          ],
          [
            -4.709,
            51.65
          ],
          [
            -4.667,
            51.722
          ],
          [
            -4.441,
            51.736
          ],
          [
            -4.446,
            51.773
          ],
          [
            -4.405,
            51.757
          ],
          [
            -4.368,
            51.785
          ],
          [
            -4.369,
            51.742
          ],
          [
            -4.31,
            51.721
          ],
          [
            -4.38,
            51.717
          ],
          [
            -4.309,
            51.673
          ],
          [
            -4.065,
            51.67
          ],
          [
            -4.162,
            51.623
          ],
          [
            -4.243,
            51.638
          ],
          [
            -4.291,
            51.61
          ],
          [
            -4.295,
            51.557
          ],
          [
            -4.211,
            51.532
          ],
          [
            -4.112,
            51.565
          ],
          [
            -4.017,
            51.552
          ],
          [
            -3.974,
            51.561
          ],
          [
            -4.003,
            51.587
          ],
          [
            -3.984,
            51.604
          ],
          [
            -3.84,
            51.621
          ],
          [
            -3.719,
            51.474
          ],
          [
            -3.655,
            51.47
          ],
          [
            -3.542,
            51.398
          ],
          [
            -3.403,
            51.38
          ],
          [
            -3.186,
            51.396
          ],
          [
            -3.164,
            51.455
          ],
          [
            -2.986,
            51.555
          ],
          [
            -2.893,
            51.539
          ],
          [
            -2.715,
            51.581
          ],
          [
            -2.479,
            51.74
          ],
          [
            -2.379,
            51.76
          ],
          [
            -2.472,
            51.724
          ],
          [
            -2.717,
            51.493
          ],
          [
            -2.971,
            51.386
          ],
          [
            -2.986,
            51.32
          ],
          [
            -3.022,
            51.32
          ],
          [
            -2.995,
            51.232
          ],
          [
            -3.025,
            51.191
          ],
          [
            -3.027,
            51.214
          ],
          [
            -3.39,
            51.181
          ],
          [
            -3.511,
            51.224
          ],
          [
            -3.777,
            51.243
          ],
          [
            -4.226,
            51.189
          ],
          [
            -4.21,
            51.152
          ],
          [
            -4.258,
            51.141
          ],
          [
            -4.209,
            51.074
          ],
          [
            -4.234,
            51.049
          ],
          [
            -4.339,
            50.991
          ],
          [
            -4.524,
            51.015
          ],
          [
            -4.558,
            50.779
          ],
          [
            -4.755,
            50.666
          ],
          [
            -4.781,
            50.594
          ],
          [
            -4.92,
            50.587
          ],
          [
            -4.925,
            50.543
          ],
          [
            -4.844,
            50.514
          ],
          [
            -4.933,
            50.52
          ],
          [
            -4.951,
            50.561
          ],
          [
            -5.014,
            50.545
          ],
          [
            -5.044,
            50.431
          ],
          [
            -5.145,
            50.404
          ],
          [
            -5.154,
            50.342
          ],
          [
            -5.428,
            50.194
          ],
          [
            -5.496,
            50.217
          ],
          [
            -5.688,
            50.157
          ],
          [
            -5.718,
            50.059
          ],
          [
            -5.66,
            50.036
          ],
          [
            -5.567,
            50.051
          ],
          [
            -5.537,
            50.113
          ],
          [
            -5.471,
            50.125
          ],
          [
            -5.29,
            50.069
          ],
          [
            -5.193,
            49.955
          ],
          [
            -5.159,
            50.004
          ],
          [
            -5.059,
            50.042
          ],
          [
            -5.071,
            50.083
          ],
          [
            -5.123,
            50.096
          ],
          [
            -5.047,
            50.144
          ],
          [
            -5.054,
            50.194
          ],
          [
            -4.987,
            50.149
          ],
          [
            -4.94,
            50.199
          ],
          [
            -4.794,
            50.227
          ],
          [
            -4.763,
            50.323
          ],
          [
            -4.692,
            50.339
          ],
          [
            -4.67,
            50.313
          ],
          [
            -4.511,
            50.322
          ],
          [
            -4.344,
            50.366
          ],
          [
            -4.198,
            50.319
          ],
          [
            -4.182,
            50.353
          ],
          [
            -4.231,
            50.364
          ],
          [
            -4.202,
            50.383
          ],
          [
            -4.292,
            50.392
          ],
          [
            -4.227,
            50.398
          ],
          [
            -4.233,
            50.435
          ],
          [
            -4.164,
            50.459
          ],
          [
            -4.194,
            50.406
          ],
          [
            -4.175,
            50.378
          ],
          [
            -4.108,
            50.367
          ],
          [
            -4.111,
            50.33
          ],
          [
            -4.053,
            50.296
          ],
          [
            -3.947,
            50.314
          ],
          [
            -3.813,
            50.217
          ],
          [
            -3.652,
            50.221
          ],
          [
            -3.638,
            50.302
          ],
          [
            -3.524,
            50.348
          ],
          [
            -3.487,
            50.401
          ],
          [
            -3.553,
            50.426
          ],
          [
            -3.485,
            50.459
          ],
          [
            -3.511,
            50.504
          ],
          [
            -3.437,
            50.605
          ],
          [
            -3.46,
            50.676
          ],
          [
            -3.382,
            50.613
          ],
          [
            -3.244,
            50.674
          ],
          [
            -2.864,
            50.728
          ],
          [
            -2.563,
            50.632
          ],
          [
            -2.458,
            50.562
          ],
          [
            -2.458,
            50.523
          ],
          [
            -2.423,
            50.553
          ],
          [
            -2.464,
            50.598
          ],
          [
            -2.388,
            50.642
          ],
          [
            -2.058,
            50.586
          ],
          [
            -1.958,
            50.599
          ],
          [
            -1.951,
            50.675
          ],
          [
            -2.08,
            50.694
          ],
          [
            -2.042,
            50.734
          ],
          [
            -1.945,
            50.69
          ],
          [
            -1.684,
            50.739
          ],
          [
            -1.558,
            50.71
          ],
          [
            -1.527,
            50.754
          ],
          [
            -1.309,
            50.81
          ],
          [
            -1.458,
            50.916
          ],
          [
            -1.154,
            50.778
          ],
          [
            -1.116,
            50.805
          ],
          [
            -1.155,
            50.844
          ],
          [
            -1.072,
            50.841
          ],
          [
            -1.106,
            50.797
          ],
          [
            -1.081,
            50.778
          ],
          [
            -1.039,
            50.791
          ],
          [
            -1.025,
            50.84
          ],
          [
            -0.927,
            50.839
          ],
          [
            -0.928,
            50.814
          ],
          [
            -0.9,
            50.829
          ],
          [
            -0.864,
            50.801
          ],
          [
            -0.91,
            50.772
          ],
          [
            -0.796,
            50.725
          ],
          [
            -0.771,
            50.772
          ],
          [
            -0.255,
            50.826
          ],
          [
            0.254,
            50.739
          ],
          [
            0.349,
            50.809
          ],
          [
            0.662,
            50.869
          ],
          [
            0.781,
            50.936
          ],
          [
            0.976,
            50.915
          ],
          [
            0.994,
            51.016
          ],
          [
            1.1,
            51.074
          ],
          [
            1.354,
            51.127
          ],
          [
            1.398,
            51.164
          ],
          [
            1.409,
            51.225
          ],
          [
            1.82,
            50.967
          ],
          [
            1.576,
            50.864
          ],
          [
            1.603,
            50.783
          ],
          [
            1.564,
            50.685
          ],
          [
            1.607,
            50.545
          ],
          [
            1.579,
            50.537
          ],
          [
            1.558,
            50.406
          ],
          [
            1.61,
            50.368
          ],
          [
            1.555,
            50.363
          ],
          [
            1.534,
            50.289
          ],
          [
            1.664,
            50.214
          ],
          [
            1.668,
            50.186
          ],
          [
            1.535,
            50.215
          ],
          [
            1.436,
            50.098
          ],
          [
            1.22,
            49.976
          ],
          [
            1.069,
            49.926
          ],
          [
            0.586,
            49.853
          ],
          [
            0.209,
            49.718
          ],
          [
            0.074,
            49.527
          ],
          [
            0.119,
            49.485
          ],
          [
            0.244,
            49.459
          ],
          [
            0.494,
            49.488
          ],
          [
            0.425,
            49.452
          ],
          [
            0.221,
            49.429
          ],
          [
            -0.039,
            49.315
          ],
          [
            -0.229,
            49.274
          ],
          [
            -0.411,
            49.341
          ],
          [
            -0.827,
            49.362
          ],
          [
            -0.921,
            49.394
          ],
          [
            -1.073,
            49.394
          ],
          [
            -1.139,
            49.341
          ],
          [
            -1.184,
            49.354
          ],
          [
            -1.167,
            49.41
          ],
          [
            -1.303,
            49.547
          ],
          [
            -1.296,
            49.582
          ],
          [
            -1.228,
            49.614
          ],
          [
            -1.258,
            49.694
          ],
          [
            -1.467,
            49.698
          ],
          [
            -1.603,
            49.649
          ],
          [
            -1.942,
            49.724
          ],
          [
            -1.946,
            49.676
          ],
          [
            -1.849,
            49.636
          ],
          [
            -1.84,
            49.578
          ],
          [
            -1.885,
            49.533
          ],
          [
            -1.821,
            49.449
          ],
          [
            -1.812,
            49.378
          ],
          [
            -1.774,
            49.382
          ],
          [
            -1.722,
            49.332
          ],
          [
            -1.7,
            49.351
          ],
          [
            -1.706,
            49.318
          ],
          [
            -1.629,
            49.216
          ],
          [
            -1.549,
            49.22
          ],
          [
            -1.61,
            49.215
          ],
          [
            -1.572,
            49.141
          ],
          [
            -1.61,
            49.101
          ],
          [
            -1.589,
            49.015
          ],
          [
            -1.553319696084161,
            49.0193512565751
          ],
          [
            -1.542,
            48.942
          ],
          [
            -1.606,
            48.841
          ],
          [
            -1.573,
            48.828
          ],
          [
            -1.563,
            48.748
          ],
          [
            -1.499,
            48.689
          ],
          [
            -1.356,
            48.64
          ],
          [
            -1.585,
            48.641
          ],
          [
            -1.767,
            48.605
          ],
          [
            -1.87,
            48.65
          ],
          [
            -1.846,
            48.709
          ],
          [
            -1.929,
            48.699
          ],
          [
            -2.03,
            48.655
          ],
          [
            -1.953,
            48.577
          ],
          [
            -1.982,
            48.583
          ],
          [
            -1.942,
            48.534
          ],
          [
            -1.973,
            48.513
          ],
          [
            -2.048,
            48.642
          ],
          [
            -2.148,
            48.634
          ],
          [
            -2.126,
            48.609
          ],
          [
            -2.154,
            48.616
          ],
          [
            -2.176,
            48.579
          ],
          [
            -2.194,
            48.611
          ],
          [
            -2.211,
            48.577
          ],
          [
            -2.245,
            48.649
          ],
          [
            -2.329,
            48.625
          ],
          [
            -2.284,
            48.669
          ],
          [
            -2.314,
            48.693
          ],
          [
            -2.405,
            48.638
          ],
          [
            -2.482,
            48.647
          ],
          [
            -2.474,
            48.623
          ],
          [
            -2.635,
            48.531
          ],
          [
            -2.678,
            48.535
          ],
          [
            -2.685,
            48.502
          ],
          [
            -2.731,
            48.534
          ],
          [
            -2.718,
            48.558
          ],
          [
            -2.818,
            48.597
          ],
          [
            -2.822,
            48.652
          ],
          [
            -2.942,
            48.727
          ],
          [
            -2.949,
            48.773
          ],
          [
            -3.045,
            48.787
          ],
          [
            -3.01,
            48.821
          ],
          [
            -3.07,
            48.823
          ],
          [
            -3.125,
            48.755
          ],
          [
            -3.079,
            48.822
          ],
          [
            -3.087,
            48.876
          ],
          [
            -3.183,
            48.843
          ],
          [
            -3.224,
            48.794
          ],
          [
            -3.221,
            48.871
          ],
          [
            -3.421,
            48.803
          ],
          [
            -3.475,
            48.841
          ],
          [
            -3.537,
            48.826
          ],
          [
            -3.582,
            48.775
          ],
          [
            -3.532,
            48.739
          ],
          [
            -3.581,
            48.73
          ],
          [
            -3.583,
            48.676
          ],
          [
            -3.811,
            48.726
          ],
          [
            -3.839,
            48.67
          ],
          [
            -3.86,
            48.684
          ],
          [
            -3.85,
            48.628
          ],
          [
            -3.894,
            48.675
          ],
          [
            -3.953,
            48.652
          ],
          [
            -3.979,
            48.732
          ],
          [
            -4.065,
            48.679
          ],
          [
            -4.177,
            48.686
          ],
          [
            -4.216,
            48.662
          ],
          [
            -4.199,
            48.648
          ],
          [
            -4.304,
            48.634
          ],
          [
            -4.298,
            48.663
          ],
          [
            -4.338,
            48.677
          ],
          [
            -4.428,
            48.651
          ],
          [
            -4.409,
            48.637
          ],
          [
            -4.542,
            48.635
          ],
          [
            -4.566,
            48.621
          ],
          [
            -4.53,
            48.599
          ],
          [
            -4.605,
            48.6
          ],
          [
            -4.579,
            48.562
          ],
          [
            -4.698,
            48.572
          ],
          [
            -4.778,
            48.509
          ],
          [
            -4.746,
            48.472
          ],
          [
            -4.79,
            48.426
          ],
          [
            -4.759,
            48.334
          ],
          [
            -4.293,
            48.427
          ],
          [
            -4.453,
            48.332
          ],
          [
            -4.268,
            48.358
          ],
          [
            -4.324,
            48.32
          ],
          [
            -4.186,
            48.3
          ],
          [
            -4.531,
            48.29
          ],
          [
            -4.551,
            48.306
          ],
          [
            -4.531,
            48.342
          ],
          [
            -4.559,
            48.336
          ],
          [
            -4.576,
            48.286
          ],
          [
            -4.624,
            48.282
          ],
          [
            -4.544,
            48.254
          ],
          [
            -4.556,
            48.175
          ],
          [
            -4.493,
            48.236
          ],
          [
            -4.431,
            48.241
          ],
          [
            -4.31,
            48.201
          ],
          [
            -4.284,
            48.115
          ],
          [
            -4.708,
            48.068
          ],
          [
            -4.726,
            48.041
          ],
          [
            -4.569,
            48.004
          ],
          [
            -4.529,
            48.022
          ],
          [
            -4.436,
            47.972
          ],
          [
            -4.35,
            47.872
          ],
          [
            -4.366,
            47.804
          ],
          [
            -4.183,
            47.804
          ],
          [
            -4.155,
            47.832
          ],
          [
            -4.183,
            47.881
          ],
          [
            -4.151,
            47.854
          ],
          [
            -4.112,
            47.868
          ],
          [
            -4.136,
            47.924
          ],
          [
            -4.042,
            47.852
          ],
          [
            -3.951,
            47.899
          ],
          [
            -3.848,
            47.794
          ],
          [
            -3.713,
            47.812
          ],
          [
            -3.526,
            47.774
          ],
          [
            -3.453,
            47.701
          ],
          [
            -3.376,
            47.709
          ],
          [
            -3.394,
            47.736
          ],
          [
            -3.281,
            47.782
          ],
          [
            -3.356,
            47.71
          ],
          [
            -3.283,
            47.691
          ],
          [
            -3.356,
            47.693
          ],
          [
            -3.223,
            47.651
          ],
          [
            -3.206,
            47.695
          ],
          [
            -3.162,
            47.709
          ],
          [
            -3.19,
            47.744
          ],
          [
            -3.137,
            47.751
          ],
          [
            -3.112,
            47.698
          ],
          [
            -3.183,
            47.681
          ],
          [
            -3.203,
            47.638
          ],
          [
            -3.134,
            47.584
          ],
          [
            -3.131,
            47.475
          ],
          [
            -3.086,
            47.474
          ],
          [
            -3.12,
            47.501
          ],
          [
            -3.125,
            47.599
          ],
          [
            -3.021,
            47.575
          ],
          [
            -3.016,
            47.608
          ],
          [
            -3.001,
            47.574
          ],
          [
            -2.993,
            47.593
          ],
          [
            -2.933,
            47.561
          ],
          [
            -2.976,
            47.657
          ],
          [
            -2.934,
            47.632
          ],
          [
            -2.937,
            47.597
          ],
          [
            -2.892,
            47.589
          ],
          [
            -2.783,
            47.642
          ],
          [
            -2.712,
            47.596
          ],
          [
            -2.698,
            47.637
          ],
          [
            -2.685,
            47.597
          ],
          [
            -2.737,
            47.544
          ],
          [
            -2.912,
            47.552
          ],
          [
            -2.793,
            47.489
          ],
          [
            -2.676,
            47.498
          ],
          [
            -2.667,
            47.527
          ],
          [
            -2.578,
            47.548
          ],
          [
            -2.628,
            47.513
          ],
          [
            -2.523,
            47.53
          ],
          [
            -2.361,
            47.504
          ],
          [
            -2.492,
            47.493
          ],
          [
            -2.481,
            47.448
          ],
          [
            -2.39,
            47.415
          ],
          [
            -2.551,
            47.38
          ],
          [
            -2.5,
            47.318
          ],
          [
            -2.481,
            47.341
          ],
          [
            -2.435,
            47.304
          ],
          [
            -2.54,
            47.297
          ],
          [
            -2.434,
            47.263
          ],
          [
            -2.36,
            47.278
          ],
          [
            -2.289,
            47.239
          ],
          [
            -2.159,
            47.31
          ],
          [
            -2.003,
            47.319
          ],
          [
            -1.729,
            47.211
          ],
          [
            -1.803,
            47.212
          ],
          [
            -1.932,
            47.285
          ],
          [
            -2.16,
            47.271
          ],
          [
            -2.161,
            47.168
          ],
          [
            -2.242,
            47.139
          ],
          [
            -2.059,
            47.101
          ],
          [
            -1.984,
            47.034
          ],
          [
            -2.13,
            46.898
          ],
          [
            -2.131,
            46.838
          ],
          [
            -1.861,
            46.638
          ],
          [
            -1.819,
            46.592
          ],
          [
            -1.799,
            46.487
          ],
          [
            -1.781,
            46.525
          ],
          [
            -1.764,
            46.493
          ],
          [
            -1.629,
            46.453
          ],
          [
            -1.626,
            46.422
          ],
          [
            -1.501,
            46.417
          ],
          [
            -1.449,
            46.338
          ],
          [
            -1.352,
            46.348
          ],
          [
            -1.219,
            46.273
          ],
          [
            -1.2,
            46.318
          ],
          [
            -1.112,
            46.314
          ],
          [
            -1.104,
            46.262
          ],
          [
            -1.188,
            46.221
          ],
          [
            -1.21,
            46.164
          ],
          [
            -1.149,
            46.153
          ],
          [
            -1.052,
            46.038
          ],
          [
            -1.058,
            46.006
          ],
          [
            -1.111,
            46.011
          ],
          [
            -1.071,
            45.901
          ],
          [
            -1.148,
            45.864
          ],
          [
            -1.108,
            45.786
          ],
          [
            -1.0,
            45.722
          ],
          [
            -1.136,
            45.801
          ],
          [
            -1.218,
            45.797
          ],
          [
            -1.241,
            45.702
          ],
          [
            -1.181,
            45.704
          ],
          [
            -1.0,
            45.614
          ],
          [
            -0.786,
            45.472
          ],
          [
            -0.718,
            45.357
          ],
          [
            -0.648,
            45.086
          ],
          [
            -0.495,
            44.999
          ],
          [
            -0.589,
            45.022
          ],
          [
            -0.539,
            44.984
          ],
          [
            -0.541,
            44.891
          ],
          [
            -0.56,
            44.987
          ],
          [
            -0.699,
            45.099
          ],
          [
            -0.733,
            45.241
          ],
          [
            -0.802,
            45.362
          ],
          [
            -1.058,
            45.521
          ],
          [
            -1.058,
            45.571
          ],
          [
            -1.095,
            45.553
          ],
          [
            -1.141,
            45.49
          ],
          [
            -1.262,
            44.627
          ],
          [
            -1.169,
            44.776
          ],
          [
            -1.036,
            44.675
          ],
          [
            -1.192,
            44.662
          ],
          [
            -1.268,
            44.526
          ],
          [
            -1.298,
            44.205
          ],
          [
            -1.425,
            43.785
          ],
          [
            -1.426,
            43.646
          ],
          [
            -1.468,
            43.602
          ],
          [
            -2.006,
            44.011
          ],
          [
            -2.681,
            44.651
          ],
          [
            -3.12,
            45.341
          ],
          [
            -3.222,
            45.604
          ],
          [
            -4.574,
            46.408
          ],
          [
            -4.939,
            46.59
          ],
          [
            -6.443,
            46.825
          ],
          [
            -6.721,
            46.814
          ],
          [
            -7.365,
            46.717
          ],
          [
            -7.779,
            46.714
          ],
          [
            -8.35,
            46.598
          ],
          [
            -9.135,
            46.656
          ],
          [
            -9.394,
            46.644
          ],
          [
            -9.802,
            46.545
          ],
          [
            -10.182,
            46.526
          ],
          [
            -10.875,
            46.565
          ],
          [
            -11.098,
            46.658
          ],
          [
            -11.698,
            47.083
          ],
          [
            -11.887,
            47.443
          ],
          [
            -11.886,
            47.671
          ],
          [
            -11.964,
            48.328
          ],
          [
            -11.951,
            48.579
          ],
          [
            -12.108,
            49.116
          ],
          [
            -12.992,
            49.926
          ],
          [
            -13.195,
            50.276
          ],
          [
            -13.526,
            50.45
          ],
          [
            -13.783,
            50.763
          ],
          [
            -13.966,
            51.057
          ],
          [
            -14.097,
            51.525
          ],
          [
            -14.284,
            51.804
          ],
          [
            -14.312,
            52.174
          ],
          [
            -14.069,
            53.437
          ],
          [
            -12.465,
            55.189
          ],
          [
            -11.628,
            56.04
          ],
          [
            -10.173,
            57.133
          ],
          [
            -9.378,
            57.647
          ],
          [
            -9.319,
            57.613
          ],
          [
            -9.302,
            57.565
          ],
          [
            -9.217,
            57.594
          ],
          [
            -9.141,
            57.715
          ],
          [
            -9.333,
            57.756
          ],
          [
            -9.378,
            57.817
          ],
          [
            -9.312,
            57.854
          ],
          [
            -9.134,
            57.877
          ],
          [
            -9.117,
            57.918
          ],
          [
            -8.937,
            58.02
          ],
          [
            -8.879,
            58.122
          ],
          [
            -8.801,
            58.152
          ],
          [
            -8.516,
            58.384
          ],
          [
            -8.256,
            58.428
          ],
          [
            -8.132,
            58.54
          ],
          [
            -7.686,
            58.688
          ],
          [
            -7.566,
            58.794
          ],
          [
            -7.501,
            58.939
          ],
          [
            -7.408,
            58.97
          ],
          [
            -7.372,
            59.028
          ],
          [
            -7.303,
            58.883
          ],
          [
            -6.995,
            58.862
          ],
          [
            -6.907,
            58.894
          ],
          [
            -6.871,
            58.939
          ],
          [
            -6.902,
            58.993
          ],
          [
            -7.108,
            59.047
          ],
          [
            -7.15,
            59.115
          ],
          [
            -7.135,
            59.144
          ],
          [
            -7.039,
            59.144
          ],
          [
            -7.029,
            59.105
          ],
          [
            -6.978,
            59.093
          ],
          [
            -6.849,
            59.155
          ],
          [
            -6.723,
            59.274
          ],
          [
            -6.541,
            59.309
          ],
          [
            -6.293,
            59.52
          ],
          [
            -6.117,
            59.76
          ],
          [
            -5.953,
            59.772
          ],
          [
            -5.875,
            59.715
          ],
          [
            -5.681,
            59.698
          ],
          [
            -5.415,
            59.721
          ],
          [
            -5.357,
            59.761
          ],
          [
            -4.887,
            58.614
          ],
          [
            -5.005,
            58.623
          ],
          [
            -5.028,
            58.538
          ],
          [
            -5.109,
            58.508
          ]
        ],
        [
          [
            -6.791,
            58.276
          ],
          [
            -6.798,
            58.243
          ],
          [
            -6.712,
            58.184
          ],
          [
            -6.869,
            58.185
          ],
          [
            -6.862,
            58.104
          ],
          [
            -6.899,
            58.18
          ],
          [
            -6.943,
            58.193
          ],
          [
            -6.908,
            58.213
          ],
          [
            -6.961,
            58.231
          ],
          [
            -7.032,
            58.238
          ],
          [
            -7.059,
            58.205
          ],
          [
            -7.02,
            58.187
          ],
          [
            -7.109,
            58.181
          ],
          [
            -7.093,
            58.156
          ],
          [
            -7.128,
            58.13
          ],
          [
            -7.094,
            58.071
          ],
          [
            -7.021,
            58.07
          ],
          [
            -7.058,
            58.036
          ],
          [
            -6.936,
            58.046
          ],
          [
            -7.113,
            57.984
          ],
          [
            -6.842,
            57.929
          ],
          [
            -6.864,
            57.916
          ],
          [
            -6.83,
            57.901
          ],
          [
            -6.936,
            57.907
          ],
          [
            -6.963,
            57.888
          ],
          [
            -6.915,
            57.863
          ],
          [
            -6.994,
            57.858
          ],
          [
            -7.072,
            57.81
          ],
          [
            -7.125,
            57.838
          ],
          [
            -7.12,
            57.814
          ],
          [
            -6.961,
            57.727
          ],
          [
            -6.854,
            57.792
          ],
          [
            -6.853,
            57.826
          ],
          [
            -6.815,
            57.806
          ],
          [
            -6.735,
            57.826
          ],
          [
            -6.802,
            57.874
          ],
          [
            -6.789,
            57.896
          ],
          [
            -6.662,
            57.881
          ],
          [
            -6.761,
            57.998
          ],
          [
            -6.684,
            58.057
          ],
          [
            -6.59,
            58.05
          ],
          [
            -6.659,
            58.047
          ],
          [
            -6.706,
            58.007
          ],
          [
            -6.666,
            57.927
          ],
          [
            -6.621,
            57.914
          ],
          [
            -6.633,
            57.951
          ],
          [
            -6.577,
            57.911
          ],
          [
            -6.474,
            57.94
          ],
          [
            -6.461,
            57.983
          ],
          [
            -6.553,
            58.009
          ],
          [
            -6.398,
            58.001
          ],
          [
            -6.357,
            58.03
          ],
          [
            -6.403,
            58.04
          ],
          [
            -6.367,
            58.053
          ],
          [
            -6.396,
            58.105
          ],
          [
            -6.62,
            58.082
          ],
          [
            -6.377,
            58.132
          ],
          [
            -6.401,
            58.209
          ],
          [
            -6.243,
            58.18
          ],
          [
            -6.158,
            58.218
          ],
          [
            -6.168,
            58.261
          ],
          [
            -6.28,
            58.206
          ],
          [
            -6.366,
            58.227
          ],
          [
            -6.168,
            58.343
          ],
          [
            -6.213,
            58.365
          ],
          [
            -6.166,
            58.421
          ],
          [
            -6.185,
            58.466
          ],
          [
            -6.26,
            58.513
          ],
          [
            -6.55,
            58.363
          ],
          [
            -6.798,
            58.302
          ],
          [
            -6.818,
            58.28
          ],
          [
            -6.791,
            58.276
          ]
        ],
        [
          [
            -6.397,
            57.553
          ],
          [
            -6.314,
            57.461
          ],
          [
            -6.394,
            57.522
          ],
          [
            -6.446,
            57.478
          ],
          [
            -6.426,
            57.514
          ],
          [
            -6.557,
            57.546
          ],
          [
            -6.638,
            57.606
          ],
          [
            -6.654,
            57.546
          ],
          [
            -6.561,
            57.508
          ],
          [
            -6.629,
            57.497
          ],
          [
            -6.606,
            57.439
          ],
          [
            -6.709,
            57.513
          ],
          [
            -6.75,
            57.489
          ],
          [
            -6.72,
            57.451
          ],
          [
            -6.779,
            57.433
          ],
          [
            -6.7,
            57.364
          ],
          [
            -6.576,
            57.333
          ],
          [
            -6.574,
            57.384
          ],
          [
            -6.533,
            57.408
          ],
          [
            -6.516,
            57.374
          ],
          [
            -6.479,
            57.395
          ],
          [
            -6.459,
            57.342
          ],
          [
            -6.407,
            57.352
          ],
          [
            -6.31,
            57.304
          ],
          [
            -6.413,
            57.335
          ],
          [
            -6.481,
            57.303
          ],
          [
            -6.41,
            57.238
          ],
          [
            -6.345,
            57.239
          ],
          [
            -6.378,
            57.216
          ],
          [
            -6.354,
            57.189
          ],
          [
            -6.283,
            57.202
          ],
          [
            -6.314,
            57.157
          ],
          [
            -6.121,
            57.192
          ],
          [
            -6.077,
            57.124
          ],
          [
            -6.028,
            57.181
          ],
          [
            -6.038,
            57.227
          ],
          [
            -5.973,
            57.167
          ],
          [
            -5.844,
            57.182
          ],
          [
            -5.996,
            57.119
          ],
          [
            -6.035,
            57.055
          ],
          [
            -6.012,
            57.022
          ],
          [
            -5.928,
            57.039
          ],
          [
            -5.8,
            57.12
          ],
          [
            -5.786,
            57.168
          ],
          [
            -5.664,
            57.205
          ],
          [
            -5.654,
            57.262
          ],
          [
            -5.751,
            57.276
          ],
          [
            -5.887,
            57.239
          ],
          [
            -6.016,
            57.285
          ],
          [
            -6.078,
            57.273
          ],
          [
            -6.036,
            57.294
          ],
          [
            -6.053,
            57.313
          ],
          [
            -6.155,
            57.299
          ],
          [
            -6.1,
            57.325
          ],
          [
            -6.139,
            57.358
          ],
          [
            -6.121,
            57.396
          ],
          [
            -6.19,
            57.396
          ],
          [
            -6.134,
            57.461
          ],
          [
            -6.146,
            57.575
          ],
          [
            -6.308,
            57.696
          ],
          [
            -6.421,
            57.638
          ],
          [
            -6.396,
            57.591
          ],
          [
            -6.359,
            57.587
          ],
          [
            -6.397,
            57.553
          ]
        ],
        [
          [
            -6.242,
            57.002
          ],
          [
            -6.299,
            57.046
          ],
          [
            -6.384,
            57.048
          ],
          [
            -6.452,
            57.002
          ],
          [
            -6.299,
            56.937
          ],
          [
            -6.242,
            57.002
          ]
        ],
        [
          [
            -7.267,
            57.148
          ],
          [
            -7.255,
            57.174
          ],
          [
            -7.27,
            57.214
          ],
          [
            -7.353,
            57.239
          ],
          [
            -7.264,
            57.224
          ],
          [
            -7.198,
            57.299
          ],
          [
            -7.393,
            57.379
          ],
          [
            -7.259,
            57.327
          ],
          [
            -7.224,
            57.342
          ],
          [
            -7.36,
            57.412
          ],
          [
            -7.422,
            57.385
          ],
          [
            -7.392,
            57.304
          ],
          [
            -7.457,
            57.236
          ],
          [
            -7.419,
            57.215
          ],
          [
            -7.387,
            57.115
          ],
          [
            -7.23,
            57.095
          ],
          [
            -7.215,
            57.114
          ],
          [
            -7.263,
            57.139
          ],
          [
            -7.347,
            57.146
          ],
          [
            -7.267,
            57.148
          ]
        ],
        [
          [
            -7.351,
            57.489
          ],
          [
            -7.406,
            57.464
          ],
          [
            -7.388,
            57.424
          ],
          [
            -7.32,
            57.401
          ],
          [
            -7.204,
            57.415
          ],
          [
            -7.264,
            57.44
          ],
          [
            -7.202,
            57.458
          ],
          [
            -7.351,
            57.489
          ]
        ],
        [
          [
            -7.138,
            57.556
          ],
          [
            -7.107,
            57.586
          ],
          [
            -7.157,
            57.586
          ],
          [
            -7.216,
            57.632
          ],
          [
            -7.105,
            57.604
          ],
          [
            -7.068,
            57.638
          ],
          [
            -7.187,
            57.648
          ],
          [
            -7.16,
            57.666
          ],
          [
            -7.189,
            57.687
          ],
          [
            -7.29,
            57.642
          ],
          [
            -7.329,
            57.658
          ],
          [
            -7.321,
            57.688
          ],
          [
            -7.386,
            57.631
          ],
          [
            -7.416,
            57.638
          ],
          [
            -7.388,
            57.661
          ],
          [
            -7.484,
            57.652
          ],
          [
            -7.543,
            57.596
          ],
          [
            -7.326,
            57.549
          ],
          [
            -7.321,
            57.505
          ],
          [
            -7.234,
            57.504
          ],
          [
            -7.154,
            57.509
          ],
          [
            -7.136,
            57.537
          ],
          [
            -7.314,
            57.547
          ],
          [
            -7.138,
            57.556
          ]
        ],
        [
          [
            -6.696,
            56.583
          ],
          [
            -6.686,
            56.557
          ],
          [
            -6.501,
            56.625
          ],
          [
            -6.454,
            56.686
          ],
          [
            -6.614,
            56.634
          ],
          [
            -6.696,
            56.583
          ]
        ],
        [
          [
            -6.288,
            56.574
          ],
          [
            -6.338,
            56.547
          ],
          [
            -6.126,
            56.474
          ],
          [
            -6.003,
            56.494
          ],
          [
            -6.203,
            56.378
          ],
          [
            -6.185,
            56.357
          ],
          [
            -6.019,
            56.37
          ],
          [
            -6.243,
            56.336
          ],
          [
            -6.238,
            56.31
          ],
          [
            -6.35,
            56.337
          ],
          [
            -6.366,
            56.309
          ],
          [
            -6.321,
            56.264
          ],
          [
            -6.049,
            56.291
          ],
          [
            -5.882,
            56.352
          ],
          [
            -5.84,
            56.309
          ],
          [
            -5.702,
            56.359
          ],
          [
            -5.787,
            56.368
          ],
          [
            -5.74,
            56.412
          ],
          [
            -5.659,
            56.403
          ],
          [
            -5.684,
            56.433
          ],
          [
            -5.651,
            56.427
          ],
          [
            -5.651,
            56.451
          ],
          [
            -5.794,
            56.513
          ],
          [
            -5.963,
            56.523
          ],
          [
            -6.033,
            56.621
          ],
          [
            -6.134,
            56.653
          ],
          [
            -6.228,
            56.629
          ],
          [
            -6.23,
            56.606
          ],
          [
            -6.32,
            56.603
          ],
          [
            -6.288,
            56.574
          ]
        ],
        [
          [
            -6.991,
            56.494
          ],
          [
            -6.972,
            56.449
          ],
          [
            -6.883,
            56.441
          ],
          [
            -6.869,
            56.48
          ],
          [
            -6.729,
            56.524
          ],
          [
            -6.758,
            56.549
          ],
          [
            -6.991,
            56.494
          ]
        ],
        [
          [
            -5.972,
            55.788
          ],
          [
            -5.946,
            55.853
          ],
          [
            -5.884,
            55.886
          ],
          [
            -5.691,
            56.107
          ],
          [
            -5.694,
            56.147
          ],
          [
            -5.968,
            56.024
          ],
          [
            -5.984,
            55.969
          ],
          [
            -5.888,
            55.969
          ],
          [
            -6.079,
            55.906
          ],
          [
            -6.063,
            55.804
          ],
          [
            -5.972,
            55.788
          ]
        ],
        [
          [
            -6.322,
            55.889
          ],
          [
            -6.45,
            55.849
          ],
          [
            -6.479,
            55.787
          ],
          [
            -6.452,
            55.774
          ],
          [
            -6.509,
            55.682
          ],
          [
            -6.449,
            55.68
          ],
          [
            -6.338,
            55.78
          ],
          [
            -6.254,
            55.775
          ],
          [
            -6.327,
            55.722
          ],
          [
            -6.246,
            55.658
          ],
          [
            -6.321,
            55.619
          ],
          [
            -6.326,
            55.587
          ],
          [
            -6.267,
            55.573
          ],
          [
            -6.211,
            55.624
          ],
          [
            -6.025,
            55.681
          ],
          [
            -6.05,
            55.764
          ],
          [
            -6.088,
            55.784
          ],
          [
            -6.142,
            55.934
          ],
          [
            -6.31,
            55.864
          ],
          [
            -6.314,
            55.815
          ],
          [
            -6.322,
            55.889
          ]
        ],
        [
          [
            -7.521,
            55.284
          ],
          [
            -7.551,
            55.204
          ],
          [
            -7.456,
            55.136
          ],
          [
            -7.477,
            55.099
          ],
          [
            -7.447,
            55.054
          ],
          [
            -7.681,
            54.948
          ],
          [
            -7.558,
            55.035
          ],
          [
            -7.64,
            55.044
          ],
          [
            -7.526,
            55.112
          ],
          [
            -7.622,
            55.194
          ],
          [
            -7.636,
            55.268
          ],
          [
            -7.761,
            55.254
          ],
          [
            -7.793,
            55.211
          ],
          [
            -7.716,
            55.171
          ],
          [
            -7.72,
            55.217
          ],
          [
            -7.699,
            55.214
          ],
          [
            -7.667,
            55.146
          ],
          [
            -7.697,
            55.093
          ],
          [
            -7.715,
            55.161
          ],
          [
            -7.811,
            55.177
          ],
          [
            -7.799,
            55.249
          ],
          [
            -7.873,
            55.211
          ],
          [
            -7.833,
            55.181
          ],
          [
            -7.855,
            55.132
          ],
          [
            -7.893,
            55.134
          ],
          [
            -7.861,
            55.162
          ],
          [
            -7.903,
            55.151
          ],
          [
            -7.908,
            55.181
          ],
          [
            -8.002,
            55.173
          ],
          [
            -7.946,
            55.195
          ],
          [
            -7.98,
            55.217
          ],
          [
            -8.15,
            55.123
          ],
          [
            -8.144,
            55.157
          ],
          [
            -8.288,
            55.154
          ],
          [
            -8.323,
            55.024
          ],
          [
            -8.354,
            55.057
          ],
          [
            -8.458,
            54.995
          ],
          [
            -8.367,
            54.941
          ],
          [
            -8.455,
            54.94
          ],
          [
            -8.457,
            54.914
          ],
          [
            -8.386,
            54.88
          ],
          [
            -8.339,
            54.904
          ],
          [
            -8.316,
            54.87
          ],
          [
            -8.384,
            54.854
          ],
          [
            -8.323,
            54.833
          ],
          [
            -8.489,
            54.845
          ],
          [
            -8.561,
            54.818
          ],
          [
            -8.408,
            54.756
          ],
          [
            -8.534,
            54.784
          ],
          [
            -8.455,
            54.754
          ],
          [
            -8.618,
            54.771
          ],
          [
            -8.8,
            54.695
          ],
          [
            -8.788,
            54.657
          ],
          [
            -8.678,
            54.614
          ],
          [
            -8.492,
            54.628
          ],
          [
            -8.474,
            54.6
          ],
          [
            -8.43,
            54.644
          ],
          [
            -8.423,
            54.616
          ],
          [
            -8.382,
            54.616
          ],
          [
            -8.452,
            54.559
          ],
          [
            -8.306,
            54.634
          ],
          [
            -8.278,
            54.63
          ],
          [
            -8.291,
            54.603
          ],
          [
            -8.125,
            54.645
          ],
          [
            -8.137,
            54.602
          ],
          [
            -8.171,
            54.616
          ],
          [
            -8.266,
            54.524
          ],
          [
            -8.21,
            54.498
          ],
          [
            -8.441,
            54.447
          ],
          [
            -8.466,
            54.471
          ],
          [
            -8.475,
            54.428
          ],
          [
            -8.668,
            54.349
          ],
          [
            -8.511,
            54.322
          ],
          [
            -8.574,
            54.305
          ],
          [
            -8.472,
            54.274
          ],
          [
            -8.62,
            54.257
          ],
          [
            -8.514,
            54.204
          ],
          [
            -8.577,
            54.202
          ],
          [
            -8.679,
            54.266
          ],
          [
            -8.833,
            54.252
          ],
          [
            -9.041,
            54.287
          ],
          [
            -9.131,
            54.201
          ],
          [
            -9.142,
            54.139
          ],
          [
            -9.144,
            54.172
          ],
          [
            -9.218,
            54.212
          ],
          [
            -9.212,
            54.275
          ],
          [
            -9.266,
            54.297
          ],
          [
            -9.797,
            54.335
          ],
          [
            -9.848,
            54.316
          ],
          [
            -9.764,
            54.284
          ],
          [
            -9.8,
            54.277
          ],
          [
            -9.762,
            54.256
          ],
          [
            -9.862,
            54.265
          ],
          [
            -9.893,
            54.208
          ],
          [
            -9.974,
            54.213
          ],
          [
            -9.983,
            54.234
          ],
          [
            -9.924,
            54.221
          ],
          [
            -9.884,
            54.258
          ],
          [
            -9.998,
            54.301
          ],
          [
            -10.112,
            54.23
          ],
          [
            -10.062,
            54.21
          ],
          [
            -10.092,
            54.196
          ],
          [
            -10.117,
            54.092
          ],
          [
            -10.064,
            54.092
          ],
          [
            -10.087,
            54.151
          ],
          [
            -10.01,
            54.183
          ],
          [
            -10.013,
            54.219
          ],
          [
            -9.937,
            54.186
          ],
          [
            -9.974,
            54.174
          ],
          [
            -9.912,
            54.118
          ],
          [
            -9.988,
            54.099
          ],
          [
            -9.961,
            54.062
          ],
          [
            -9.832,
            54.109
          ],
          [
            -9.904,
            54.016
          ],
          [
            -9.846,
            53.994
          ],
          [
            -9.832,
            53.954
          ],
          [
            -9.806,
            53.963
          ],
          [
            -9.785,
            53.915
          ],
          [
            -9.908,
            53.951
          ],
          [
            -9.937,
            53.865
          ],
          [
            -9.69,
            53.896
          ],
          [
            -9.568,
            53.895
          ],
          [
            -9.585,
            53.867
          ],
          [
            -9.561,
            53.86
          ],
          [
            -9.614,
            53.835
          ],
          [
            -9.617,
            53.812
          ],
          [
            -9.569,
            53.799
          ],
          [
            -9.588,
            53.784
          ],
          [
            -9.906,
            53.759
          ],
          [
            -9.913,
            53.647
          ],
          [
            -9.695,
            53.599
          ],
          [
            -9.994,
            53.606
          ],
          [
            -10.049,
            53.594
          ],
          [
            -9.971,
            53.563
          ],
          [
            -9.996,
            53.541
          ],
          [
            -10.093,
            53.568
          ],
          [
            -10.186,
            53.55
          ],
          [
            -10.116,
            53.49
          ],
          [
            -10.008,
            53.473
          ],
          [
            -10.083,
            53.478
          ],
          [
            -10.051,
            53.454
          ],
          [
            -10.138,
            53.447
          ],
          [
            -10.176,
            53.408
          ],
          [
            -10.075,
            53.415
          ],
          [
            -9.959,
            53.372
          ],
          [
            -9.911,
            53.421
          ],
          [
            -9.846,
            53.427
          ],
          [
            -9.882,
            53.409
          ],
          [
            -9.868,
            53.387
          ],
          [
            -9.806,
            53.417
          ],
          [
            -9.819,
            53.398
          ],
          [
            -9.789,
            53.387
          ],
          [
            -9.889,
            53.359
          ],
          [
            -9.905,
            53.317
          ],
          [
            -9.787,
            53.294
          ],
          [
            -9.655,
            53.386
          ],
          [
            -9.645,
            53.325
          ],
          [
            -9.607,
            53.334
          ],
          [
            -9.616,
            53.38
          ],
          [
            -9.563,
            53.383
          ],
          [
            -9.599,
            53.364
          ],
          [
            -9.558,
            53.336
          ],
          [
            -9.621,
            53.315
          ],
          [
            -9.608,
            53.232
          ],
          [
            -9.557,
            53.291
          ],
          [
            -9.525,
            53.224
          ],
          [
            -9.033,
            53.272
          ],
          [
            -8.941,
            53.26
          ],
          [
            -9.039,
            53.212
          ],
          [
            -8.898,
            53.219
          ],
          [
            -8.953,
            53.178
          ],
          [
            -8.938,
            53.141
          ],
          [
            -8.982,
            53.173
          ],
          [
            -9.046,
            53.163
          ],
          [
            -9.004,
            53.142
          ],
          [
            -9.084,
            53.165
          ],
          [
            -9.127,
            53.15
          ],
          [
            -9.069,
            53.117
          ],
          [
            -9.154,
            53.107
          ],
          [
            -9.267,
            53.149
          ],
          [
            -9.473,
            52.941
          ],
          [
            -9.352,
            52.928
          ],
          [
            -9.432,
            52.875
          ],
          [
            -9.501,
            52.748
          ],
          [
            -9.603,
            52.737
          ],
          [
            -9.812,
            52.594
          ],
          [
            -9.936,
            52.556
          ],
          [
            -9.708,
            52.576
          ],
          [
            -9.558,
            52.635
          ],
          [
            -9.578,
            52.663
          ],
          [
            -9.415,
            52.605
          ],
          [
            -9.275,
            52.632
          ],
          [
            -9.332,
            52.596
          ],
          [
            -9.282,
            52.588
          ],
          [
            -9.147,
            52.623
          ],
          [
            -9.033,
            52.741
          ],
          [
            -8.952,
            52.774
          ],
          [
            -8.961,
            52.683
          ],
          [
            -8.741,
            52.668
          ],
          [
            -8.959,
            52.652
          ],
          [
            -9.002,
            52.615
          ],
          [
            -9.059,
            52.626
          ],
          [
            -9.289,
            52.566
          ],
          [
            -9.629,
            52.569
          ],
          [
            -9.68,
            52.513
          ],
          [
            -9.635,
            52.469
          ],
          [
            -9.706,
            52.477
          ],
          [
            -9.947,
            52.406
          ],
          [
            -9.836,
            52.373
          ],
          [
            -9.828,
            52.306
          ],
          [
            -9.874,
            52.272
          ],
          [
            -9.741,
            52.245
          ],
          [
            -9.952,
            52.231
          ],
          [
            -10.017,
            52.259
          ],
          [
            -10.012,
            52.309
          ],
          [
            -10.049,
            52.308
          ],
          [
            -10.037,
            52.275
          ],
          [
            -10.077,
            52.245
          ],
          [
            -10.167,
            52.232
          ],
          [
            -10.169,
            52.287
          ],
          [
            -10.36,
            52.23
          ],
          [
            -10.372,
            52.17
          ],
          [
            -10.419,
            52.197
          ],
          [
            -10.465,
            52.18
          ],
          [
            -10.474,
            52.105
          ],
          [
            -10.444,
            52.092
          ],
          [
            -10.355,
            52.106
          ],
          [
            -10.364,
            52.124
          ],
          [
            -10.275,
            52.108
          ],
          [
            -10.306,
            52.124
          ],
          [
            -10.276,
            52.132
          ],
          [
            -10.185,
            52.107
          ],
          [
            -9.998,
            52.138
          ],
          [
            -9.951,
            52.107
          ],
          [
            -9.949,
            52.144
          ],
          [
            -9.758,
            52.149
          ],
          [
            -9.789,
            52.136
          ],
          [
            -9.776,
            52.12
          ],
          [
            -9.906,
            52.128
          ],
          [
            -9.927,
            52.057
          ],
          [
            -9.962,
            52.061
          ],
          [
            -9.963,
            52.089
          ],
          [
            -9.995,
            52.046
          ],
          [
            -10.264,
            51.988
          ],
          [
            -10.308,
            51.955
          ],
          [
            -10.249,
            51.902
          ],
          [
            -10.398,
            51.877
          ],
          [
            -10.385,
            51.842
          ],
          [
            -10.342,
            51.842
          ],
          [
            -10.339,
            51.783
          ],
          [
            -10.205,
            51.847
          ],
          [
            -10.172,
            51.812
          ],
          [
            -10.224,
            51.775
          ],
          [
            -10.128,
            51.736
          ],
          [
            -9.888,
            51.818
          ],
          [
            -9.868,
            51.799
          ],
          [
            -9.578,
            51.872
          ],
          [
            -9.743,
            51.83
          ],
          [
            -9.812,
            51.783
          ],
          [
            -9.786,
            51.766
          ],
          [
            -9.997,
            51.719
          ],
          [
            -9.958,
            51.705
          ],
          [
            -10.103,
            51.663
          ],
          [
            -10.063,
            51.627
          ],
          [
            -10.149,
            51.615
          ],
          [
            -10.157,
            51.581
          ],
          [
            -9.607,
            51.686
          ],
          [
            -9.549,
            51.72
          ],
          [
            -9.544,
            51.754
          ],
          [
            -9.501,
            51.714
          ],
          [
            -9.452,
            51.725
          ],
          [
            -9.45,
            51.691
          ],
          [
            -9.845,
            51.548
          ],
          [
            -9.546,
            51.616
          ],
          [
            -9.835,
            51.481
          ],
          [
            -9.818,
            51.446
          ],
          [
            -9.707,
            51.465
          ],
          [
            -9.654,
            51.516
          ],
          [
            -9.6,
            51.49
          ],
          [
            -9.545,
            51.527
          ],
          [
            -9.455,
            51.531
          ],
          [
            -9.447,
            51.56
          ],
          [
            -9.399,
            51.543
          ],
          [
            -9.408,
            51.501
          ],
          [
            -9.323,
            51.533
          ],
          [
            -9.378,
            51.471
          ],
          [
            -9.298,
            51.5
          ],
          [
            -9.234,
            51.481
          ],
          [
            -9.187,
            51.524
          ],
          [
            -9.118,
            51.531
          ],
          [
            -9.116,
            51.558
          ],
          [
            -8.984,
            51.56
          ],
          [
            -8.944,
            51.53
          ],
          [
            -8.856,
            51.591
          ],
          [
            -8.694,
            51.574
          ],
          [
            -8.687,
            51.624
          ],
          [
            -8.754,
            51.642
          ],
          [
            -8.566,
            51.637
          ],
          [
            -8.534,
            51.607
          ],
          [
            -8.541,
            51.648
          ],
          [
            -8.503555555555556,
            51.68635772357723
          ],
          [
            -8.475,
            51.678
          ],
          [
            -8.479,
            51.715
          ],
          [
            -8.426,
            51.693
          ],
          [
            -8.297,
            51.761
          ],
          [
            -8.284,
            51.797
          ],
          [
            -8.316,
            51.799
          ],
          [
            -8.299,
            51.828
          ],
          [
            -8.344,
            51.829
          ],
          [
            -8.335,
            51.867
          ],
          [
            -8.421,
            51.884
          ],
          [
            -8.186,
            51.892
          ],
          [
            -8.2,
            51.862
          ],
          [
            -8.176,
            51.854
          ],
          [
            -8.253,
            51.802
          ],
          [
            -8.166,
            51.792
          ],
          [
            -7.884,
            51.878
          ],
          [
            -7.918,
            51.909
          ],
          [
            -7.859,
            51.934
          ],
          [
            -7.853,
            51.976
          ],
          [
            -7.824,
            51.944
          ],
          [
            -7.725,
            51.938
          ],
          [
            -7.701,
            51.972
          ],
          [
            -7.596,
            51.987
          ],
          [
            -7.546,
            52.049
          ],
          [
            -7.634,
            52.064
          ],
          [
            -7.591,
            52.101
          ],
          [
            -7.562,
            52.08
          ],
          [
            -7.435,
            52.126
          ],
          [
            -7.181,
            52.13
          ],
          [
            -7.107,
            52.151
          ],
          [
            -7.119,
            52.17
          ],
          [
            -7.075,
            52.161
          ],
          [
            -7.101,
            52.129
          ],
          [
            -7.005,
            52.136
          ],
          [
            -6.954,
            52.178
          ],
          [
            -6.988,
            52.187
          ],
          [
            -6.995,
            52.283
          ],
          [
            -6.913,
            52.203
          ],
          [
            -6.903,
            52.162
          ],
          [
            -6.942,
            52.121
          ],
          [
            -6.829,
            52.172
          ],
          [
            -6.836,
            52.234
          ],
          [
            -6.772,
            52.257
          ],
          [
            -6.795,
            52.205
          ],
          [
            -6.688,
            52.209
          ],
          [
            -6.586,
            52.171
          ],
          [
            -6.39,
            52.212
          ],
          [
            -6.398,
            52.179
          ],
          [
            -6.358,
            52.181
          ],
          [
            -6.319,
            52.237
          ],
          [
            -6.382,
            52.277
          ],
          [
            -6.374,
            52.318
          ],
          [
            -6.408,
            52.284
          ],
          [
            -6.499,
            52.356
          ],
          [
            -6.467,
            52.378
          ],
          [
            -6.462,
            52.349
          ],
          [
            -6.36,
            52.345
          ],
          [
            -6.352,
            52.41
          ],
          [
            -6.203,
            52.548
          ],
          [
            -6.218,
            52.66
          ],
          [
            -6.152,
            52.727
          ],
          [
            -6.137,
            52.802
          ],
          [
            -5.994,
            52.961
          ],
          [
            -6.043,
            52.992
          ],
          [
            -6.034,
            53.106
          ],
          [
            -6.101,
            53.215
          ],
          [
            -6.094,
            53.275
          ],
          [
            -6.224,
            53.352
          ],
          [
            -6.15,
            53.386
          ],
          [
            -6.057,
            53.369
          ],
          [
            -6.193,
            53.46
          ],
          [
            -6.126,
            53.459
          ],
          [
            -6.081,
            53.564
          ],
          [
            -6.214,
            53.636
          ],
          [
            -6.251,
            53.719
          ],
          [
            -6.222,
            53.791
          ],
          [
            -6.256,
            53.807
          ],
          [
            -6.244,
            53.859
          ],
          [
            -6.337,
            53.872
          ],
          [
            -6.379,
            53.909
          ],
          [
            -6.359,
            54.009
          ],
          [
            -6.138,
            53.975
          ],
          [
            -6.103,
            53.996
          ],
          [
            -6.129,
            54.03
          ],
          [
            -6.271,
            54.098
          ],
          [
            -6.044,
            54.031
          ],
          [
            -5.896,
            54.099
          ],
          [
            -5.864,
            54.224
          ],
          [
            -5.746,
            54.248
          ],
          [
            -5.653,
            54.226
          ],
          [
            -5.562,
            54.283
          ],
          [
            -5.534,
            54.313
          ],
          [
            -5.574,
            54.381
          ],
          [
            -5.711,
            54.347
          ],
          [
            -5.646,
            54.393
          ],
          [
            -5.624,
            54.456
          ],
          [
            -5.677,
            54.5
          ],
          [
            -5.631,
            54.517
          ],
          [
            -5.712,
            54.534
          ],
          [
            -5.699,
            54.574
          ],
          [
            -5.562,
            54.519
          ],
          [
            -5.541,
            54.453
          ],
          [
            -5.575,
            54.397
          ],
          [
            -5.511,
            54.33
          ],
          [
            -5.431,
            54.487
          ],
          [
            -5.478,
            54.515
          ],
          [
            -5.482,
            54.572
          ],
          [
            -5.577,
            54.678
          ],
          [
            -5.753,
            54.676
          ],
          [
            -5.908,
            54.605
          ],
          [
            -5.924,
            54.634
          ],
          [
            -5.888,
            54.675
          ],
          [
            -5.711,
            54.739
          ],
          [
            -5.688,
            54.806
          ],
          [
            -5.747,
            54.854
          ],
          [
            -5.794,
            54.841
          ],
          [
            -5.718,
            54.782
          ],
          [
            -5.811,
            54.819
          ],
          [
            -5.844,
            54.896
          ],
          [
            -5.931,
            54.969
          ],
          [
            -5.991,
            54.98
          ],
          [
            -5.967,
            55.041
          ],
          [
            -6.054,
            55.052
          ],
          [
            -6.034,
            55.155
          ],
          [
            -6.099,
            55.209
          ],
          [
            -6.241,
            55.202
          ],
          [
            -6.489,
            55.246
          ],
          [
            -6.754,
            55.167
          ],
          [
            -6.968,
            55.19
          ],
          [
            -6.975,
            55.137
          ],
          [
            -7.064,
            55.041
          ],
          [
            -7.251,
            55.046
          ],
          [
            -7.184,
            55.132
          ],
          [
            -6.932,
            55.236
          ],
          [
            -7.142,
            55.289
          ],
          [
            -7.245,
            55.354
          ],
          [
            -7.399,
            55.377
          ],
          [
            -7.336,
            55.322
          ],
          [
            -7.26,
            55.278
          ],
          [
            -7.368,
            55.314
          ],
          [
            -7.429,
            55.28
          ],
          [
            -7.521,
            55.284
          ]
        ],
        [
          [
            -4.705,
            54.08
          ],
          [
            -4.609,
            54.057
          ],
          [
            -4.394,
            54.186
          ],
          [
            -4.396,
            54.217
          ],
          [
            -4.308,
            54.297
          ],
          [
            -4.371,
            54.329
          ],
          [
            -4.36,
            54.416
          ],
          [
            -4.485,
            54.387
          ],
          [
            -4.555,
            54.331
          ],
          [
            -4.625,
            54.249
          ],
          [
            -4.714,
            54.214
          ],
          [
            -4.788,
            54.059
          ],
          [
            -4.705,
            54.08
          ]
        ],
        [
          [
            -10.197,
            54.008
          ],
          [
            -10.269,
            53.975
          ],
          [
            -10.072,
            53.966
          ],
          [
            -10.056,
            53.909
          ],
          [
            -9.961,
            53.876
          ],
          [
            -9.926,
            53.954
          ],
          [
            -9.962,
            53.947
          ],
          [
            -9.936,
            53.991
          ],
          [
            -9.974,
            54.022
          ],
          [
            -10.197,
            54.008
          ]
        ],
        [
          [
            -2.542,
            49.501
          ],
          [
            -2.669,
            49.431
          ],
          [
            -2.53,
            49.425
          ],
          [
            -2.5,
            49.5
          ],
          [
            -2.542,
            49.501
          ]
        ],
        [
          [
            -2.133,
            49.199
          ],
          [
            -2.022,
            49.17
          ],
          [
            -2.016,
            49.232
          ],
          [
            -2.154,
            49.261
          ],
          [
            -2.247,
            49.253
          ],
          [
            -2.233,
            49.183
          ],
          [
            -2.164,
            49.171
          ],
          [
            -2.133,
            49.199
          ]
        ],
        [
          [
            -1.171,
            45.892
          ],
          [
            -1.226,
            45.931
          ],
          [
            -1.227,
            45.978
          ],
          [
            -1.402,
            46.051
          ],
          [
            -1.374,
            45.958
          ],
          [
            -1.282,
            45.906
          ],
          [
            -1.209,
            45.809
          ],
          [
            -1.171,
            45.892
          ]
        ],
        [
          [
            -1.307,
            50.581
          ],
          [
            -1.242,
            50.583
          ],
          [
            -1.06,
            50.687
          ],
          [
            -1.094,
            50.721
          ],
          [
            -1.309,
            50.771
          ],
          [
            -1.57,
            50.661
          ],
          [
            -1.494,
            50.667
          ],
          [
            -1.307,
            50.581
          ]
        ],
        [
          [
            -5.342,
            55.477
          ],
          [
            -5.232,
            55.43
          ],
          [
            -5.093,
            55.442
          ],
          [
            -5.074,
            55.507
          ],
          [
            -5.124,
            55.529
          ],
          [
            -5.085,
            55.557
          ],
          [
            -5.141,
            55.586
          ],
          [
            -5.16,
            55.679
          ],
          [
            -5.239,
            55.714
          ],
          [
            -5.381,
            55.669
          ],
          [
            -5.4,
            55.601
          ],
          [
            -5.348,
            55.545
          ],
          [
            -5.342,
            55.477
          ]
        ],
        [
          [
            -5.206,
            55.899
          ],
          [
            -5.119,
            55.777
          ],
          [
            -5.023,
            55.721
          ],
          [
            -5.006,
            55.776
          ],
          [
            -5.036,
            55.838
          ],
          [
            -5.161,
            55.915
          ],
          [
            -5.206,
            55.899
          ]
        ]
      ],
      [
        [
          [
            -4.203021411578122,
            53.19953291038858
          ],
          [
            -4.196,
            53.206
          ],
          [
            -4.191378907833222,
            53.20698213947959
          ],
          [
            -4.203021411578122,
            53.19953291038858
          ]
        ]
      ],
      [
        [
          [
            -8.557,
            51.702
          ],
          [
            -8.5,
            51.69
          ],
          [
            -8.503555555555556,
            51.68635772357723
          ],
          [
            -8.557,
            51.702
          ]
        ]
      ]
    ]
  }
}