{"type":"FeatureCollection","features":[{"type":"Feature","properties":{"layer":"overlaps","area_km2":14169026.584684683},"geometry":{"type":"GeometryCollection","geometries":[{"type":"Point","coordinates":[-179.67,-0.787]},{"type":"Point","coordinates":[-178.07,31.791]},{"type":"Point","coordinates":[-177.488,-3.005]},{"type":"Point","coordinates":[-166.136,61.517]},{"type":"Point","coordinates":[-164.287,9.21]},{"type":"Point","coordinates":[-121.003,75.855]},{"type":"Point","coordinates":[-94.562,82.998]},{"type":"Point","coordinates":[-77.806,-36.906]},{"type":"Point","coordinates":[-52.249,-61.829]},{"type":"Point","coordinates":[-29.067,-4.332]},{"type":"Point","coordinates":[-26.069,1.544]},{"type":"Point","coordinates":[-20.88,38.542]},{"type":"Point","coordinates":[-19.125,35.854]},{"type":"Point","coordinates":[-15.275,36.408]},{"type":"Point","coordinates":[-14.87,-42.301]},{"type":"Point","coordinates":[-13.404,41.539]},{"type":"Point","coordinates":[8.107,-56.508]},{"type":"Point","coordinates":[55.768,73.344]},{"type":"Point","coordinates":[62.186,-22.918]},{"type":"Point","coordinates":[70.207,-2.284]},{"type":"Point","coordinates":[76.918,1.885]},{"type":"Point","coordinates":[78.101,-55.328]},{"type":"Point","coordinates":[79.779,-41.6]},{"type":"Point","coordinates":[99.951,-13.744]},{"type":"Point","coordinates":[105.078,-13.871]},{"type":"Point","coordinates":[106.411,-13.836]},{"type":"Point","coordinates":[107.626,-13.305]},{"type":"Point","coordinates":[108.529,-12.368]},{"type":"Point","coordinates":[118.451,-13.249]},{"type":"Point","coordinates":[135.481,17.141]},{"type":"Point","coordinates":[141.662,15.153]},{"type":"Point","coordinates":[164.163,-29.652]},{"type":"Point","coordinates":[170.142,19.839]},{"type":"Point","coordinates":[179.853,61.516]},{"type":"Polygon","coordinates":[[[173.924,-25.269],[173.348,-25.524],[172.729,-25.683],[172.088,-25.741],[170.57,-25.592],[169.995,-21.641],[171.038,-21.006],[171.866,-20.57],[172.765,-20.022],[174.276,-25.073],[173.924,-25.269]]]},{"type":"Polygon","coordinates":[[[-173.454,-41.086],[-172.828,-41.461],[-172.482,-41.706],[-172.109,-42.037],[-171.802,-42.388],[-171.546,-42.778],[-171.357,-43.189],[-171.241,-43.614],[-171.201,-44.047],[-171.251,-44.842],[-171.325,-45.147],[-171.446,-45.461],[-171.62,-45.778],[-171.842,-46.081],[-172.097,-46.354],[-172.391,-46.607],[-173.087,-47.046],[-173.884,-47.372],[-174.996,-47.653],[-175.99,-47.763],[-176.037,-48.335],[-176.224,-48.875],[-176.113,-49.209],[-176.052,-49.562],[-176.049,-49.911],[-176.103,-50.275],[-176.212,-50.622],[-176.369,-50.942],[-176.59,-51.264],[-176.839,-51.547],[-177.438,-52.036],[-178.185,-52.443],[-179.056,-52.756],[-180.0,-52.957],[-180.0,-45.0],[-180.0,-34.527],[-179.71,-34.626],[-179.071,-34.939],[-178.696,-35.172],[-178.341,-35.45],[-178.028,-35.761],[-177.759,-36.099],[-177.541,-36.46],[-177.381,-36.825],[-177.284,-37.156],[-177.228,-37.494],[-177.216,-37.834],[-177.248,-38.173],[-177.53,-39.287],[-177.672,-39.664],[-177.837,-39.987],[-177.923,-40.26],[-177.407,-40.195],[-176.885,-40.176],[-176.343,-40.205],[-175.848,-40.275],[-175.365,-40.386],[-174.348,-40.689],[-173.878,-40.872],[-173.454,-41.086]],[[-176.202,-44.23],[-176.276,-44.24],[-176.24,-44.268],[-176.27,-44.287],[-176.249,-44.355],[-176.158,-44.274],[-176.202,-44.23]],[[-176.33,-44.05],[-176.413,-43.982],[-176.41,-43.882],[-176.332,-43.785],[-176.24,-43.773],[-176.201,-43.736],[-176.437,-43.75],[-176.631,-43.693],[-176.66,-43.75],[-176.814,-43.748],[-176.811,-43.784],[-176.878,-43.799],[-176.886,-43.842],[-176.72,-43.831],[-176.666,-43.796],[-176.612,-43.809],[-176.546,-43.889],[-176.542,-43.947],[-176.675,-44.006],[-176.645,-44.108],[-176.594,-44.13],[-176.33,-44.05]]]},{"type":"Polygon","coordinates":[[[-179.999,-24.192],[-180.0,-25.0],[-180.0,-24.19158358208955],[-179.999,-24.192]]]},{"type":"Polygon","coordinates":[[[-169.9555473697179,-22.48584477023531],[-169.958,-22.486],[-170.582,-22.423],[-169.9555473697179,-22.48584477023531]]]},{"type":"Polygon","coordinates":[[[-170.582,-22.423],[-171.185,-22.258],[-171.409,-22.157],[-171.195,-22.253],[-170.582,-22.423]]]},{"type":"Polygon","coordinates":[[[-166.734,-20.771],[-167.104,-21.263],[-167.10902598813405,-21.267709952369025],[-166.734,-20.771]]]},{"type":"Polygon","coordinates":[[[-165.89,-20.288],[-166.246,-19.813],[-166.313,-19.694],[-165.89,-20.288]]]},{"type":"Polygon","coordinates":[[[-177.33490889132824,-15.864726673984654],[-177.324,-15.832],[-176.642,-14.646],[-177.33490889132824,-15.864726673984654]]]},{"type":"Polygon","coordinates":[[[-166.93877424323603,-7.733437784623632],[-166.931,-7.73],[-166.363,-7.588],[-166.93877424323603,-7.733437784623632]]]},{"type":"Polygon","coordinates":[[[-177.696,-5.797],[-177.842,-5.236],[-177.84260325283392,-5.228547313947625],[-177.773,-5.5],[-177.696,-5.797]]]},{"type":"Polygon","coordinates":[[[-177.889825601559,-4.645154547406319],[-177.89,-4.643],[-177.835,-4.065],[-177.889825601559,-4.645154547406319]]]},{"type":"Polygon","coordinates":[[[-177.835,-4.065],[-177.681,-3.506],[-177.67978785328108,-3.5028534429731395],[-177.835,-4.065]]]},{"type":"Polygon","coordinates":[[[-179.868,-3.246],[-180.0,-3.742],[-179.874,-3.266],[-179.82378118161924,-2.707083150984683],[-179.868,-3.246]]]},{"type":"Polygon","coordinates":[[[-178.03842090493407,-2.7696411462717965],[-178.075,-2.754],[-178.2396697609462,-2.6420493715600997],[-178.03842090493407,-2.7696411462717965]]]},{"type":"Polygon","coordinates":[[[-179.872,-2.082],[-179.82,-2.661],[-179.82017094719538,-2.6630834189439083],[-179.872,-2.082]]]},{"type":"Polygon","coordinates":[[[-178.5540345673789,-2.428328665115281],[-178.606,-2.393],[-178.7046896834061,-2.2926269104803687],[-178.5540345673789,-2.428328665115281]]]},{"type":"Polygon","coordinates":[[[-178.99439182878467,-1.997983150681689],[-179.075,-1.916],[-179.15485350852663,-1.794285962787038],[-178.99439182878467,-1.997983150681689]]]},{"type":"Polygon","coordinates":[[[-179.36541407506712,-1.4733460679176302],[-179.426,-1.381],[-179.45142132801118,-1.3191136523006466],[-179.36541407506712,-1.4733460679176302]]]},{"type":"Polygon","coordinates":[[[-179.90573838440415,0.1934158390141413],[-179.928,0.286],[-179.94049394194153,0.4768449631569681],[-179.90573838440415,0.1934158390141413]]]},{"type":"Polygon","coordinates":[[[-171.72,0.563],[-171.142,0.513],[-171.1385995849939,0.5121029939725295],[-171.72,0.563]]]},{"type":"Polygon","coordinates":[[[-173.22015173254897,0.8946801779180855],[-173.205,0.833],[-173.14403906373929,0.25337142571779575],[-173.145,0.253],[-173.22015173254897,0.8946801779180855]]]},{"type":"Polygon","coordinates":[[[-179.961562545018,0.7986678751502495],[-179.968,0.897],[-179.94807796067676,1.0607182975152853],[-179.961562545018,0.7986678751502495]]]},{"type":"Polygon","coordinates":[[[-179.90601575005897,1.406383387335792],[-179.89,1.538],[-179.83139353790395,1.7203976626457955],[-179.90601575005897,1.406383387335792]]]},{"type":"Polygon","coordinates":[[[-173.48443170923048,1.9084781661294885],[-173.445,1.81],[-173.42924760234243,1.745874614535711],[-173.48443170923048,1.9084781661294885]]]},{"type":"Polygon","coordinates":[[[-179.73317128951467,2.026089354061476],[-179.694,2.148],[-179.61712365426024,2.2866139649338337],[-179.73317128951467,2.026089354061476]]]},{"type":"Polygon","coordinates":[[[-173.6699163179917,2.346581589958279],[-173.64,2.297],[-173.6089254818636,2.2193933829106762],[-173.6699163179917,2.346581589958279]]]},{"type":"Polygon","coordinates":[[[-179.42760873113014,2.628323949408404],[-179.369,2.734],[-179.31276974069024,2.7997958666406237],[-179.42760873113014,2.628323949408404]]]},{"type":"Polygon","coordinates":[[[-173.94969830028336,2.7990453257791517],[-173.926,2.771],[-173.92183740076445,2.764101146721527],[-173.94969830028336,2.7990453257791517]]]},{"type":"Polygon","coordinates":[[[-174.3201509314308,3.21644589774075],[-174.264,3.171],[-174.21453279724298,3.1124589316484803],[-174.3201509314308,3.21644589774075]]]},{"type":"Polygon","coordinates":[[[-179.03129802513453,3.1291501269115467],[-178.934,3.243],[-178.9011494453167,3.2686196925518676],[-179.03129802513453,3.1291501269115467]]]},{"type":"Polygon","coordinates":[[[-178.51761278648985,3.5677346200240576],[-178.407,3.654],[-178.39569642248722,3.659671550255545],[-178.51761278648985,3.5677346200240576]]]},{"type":"Polygon","coordinates":[[[-174.88399597315433,3.654957046979851],[-174.82,3.621],[-174.7905312125504,3.597149362675683],[-174.88399597315433,3.654957046979851]]]},{"type":"Polygon","coordinates":[[[-175.31378260869567,3.883007098491576],[-175.37989193948326,3.913652531713804],[-175.359,3.907],[-175.31378260869567,3.883007098491576]]]},{"type":"Polygon","coordinates":[[[-177.85679676674366,3.9300635103926105],[-177.835,3.941],[-177.7127117117117,3.9750900900900925],[-177.85679676674366,3.9300635103926105]]]},{"type":"Polygon","coordinates":[[[-175.9880111661934,4.093342205323194],[-175.918,4.085],[-175.87264159177485,4.070556714375535],[-175.9880111661934,4.093342205323194]]]},{"type":"Polygon","coordinates":[[[-177.25804136656737,4.1018377389796],[-177.218,4.113],[-177.1627273873147,4.117425279822527],[-177.25804136656737,4.1018377389796]]]},{"type":"Polygon","coordinates":[[[-176.60139280451241,4.162367295086131],[-176.581,4.164],[-176.5244560714769,4.157262488154864],[-176.60139280451241,4.162367295086131]]]},{"type":"Polygon","coordinates":[[[-165.47876455997618,5.094523960710413],[-165.547,5.238],[-165.56718275811852,5.313018931119754],[-165.47876455997618,5.094523960710413]]]},{"type":"Polygon","coordinates":[[[-165.66982539682547,5.694539682540021],[-165.706,5.829],[-165.7092290838413,5.868459404540965],[-165.66982539682547,5.694539682540021]]]},{"type":"Polygon","coordinates":[[[-165.75234644605774,6.395353570825582],[-165.756,6.44],[-165.7475976953908,6.524836172344632],[-165.75234644605774,6.395353570825582]]]},{"type":"Polygon","coordinates":[[[-165.70196865203758,6.985542319749396],[-165.694,7.066],[-165.68562722852514,7.094485143165814],[-165.70196865203758,6.985542319749396]]]},{"type":"Polygon","coordinates":[[[-165.51864847962045,7.662566283619282],[-165.505,7.709],[-165.4713292817679,7.773075714628948],[-165.51864847962045,7.662566283619282]]]},{"type":"Polygon","coordinates":[[[-169.10786386003284,13.401751230180421],[-169.375,13.363],[-169.43539745627982,13.365581875993641],[-169.10786386003284,13.401751230180421]]]},{"type":"Polygon","coordinates":[[[-169.76493916770357,13.37966915526061],[-170.03,13.391],[-170.08827420386638,13.404426814997427],[-169.76493916770357,13.37966915526061]]]},{"type":"Polygon","coordinates":[[[-168.45492230358713,13.548481196475052],[-168.727,13.457],[-168.7848204184805,13.448612470158691],[-168.45492230358713,13.548481196475052]]]},{"type":"Polygon","coordinates":[[[-170.3488094005178,13.464456084445324],[-170.668,13.538],[-170.75725054958113,13.577252332006411],[-170.3488094005178,13.464456084445324]]]},{"type":"Polygon","coordinates":[[[-167.68675314326194,13.88659093323887],[-168.037,13.689],[-168.09328687428123,13.670074558212686],[-167.68675314326194,13.88659093323887]]]},{"type":"Polygon","coordinates":[[[-171.0168813032211,13.691437763791225],[-171.266,13.801],[-171.36327281878198,13.868458033573123],[-171.0168813032211,13.691437763791225]]]},{"type":"Polygon","coordinates":[[[-167.2328753541075,14.208696883852818],[-167.468,14.01],[-167.49568620187307,13.994380894901132],[-167.2328753541075,14.208696883852818]]]},{"type":"Polygon","coordinates":[[[-171.6746375321337,14.084387329647516],[-171.85,14.206],[-171.91430639625068,14.273402108980491],[-171.6746375321337,14.084387329647516]]]},{"type":"Polygon","coordinates":[[[-166.76133333333308,14.686888888889198],[-166.971,14.43],[-166.99400508259214,14.41055908513341],[-166.76133333333308,14.686888888889198]]]},{"type":"Polygon","coordinates":[[[-172.1163902725737,14.485214311953625],[-172.307,14.685],[-172.37397178095043,14.788121321804347],[-172.1163902725737,14.485214311953625]]]},{"type":"Polygon","coordinates":[[[-166.38239185953663,15.246035115723156],[-166.527,14.974],[-166.54687762028354,14.949645438211162],[-166.38239185953663,15.246035115723156]]]},{"type":"Polygon","coordinates":[[[-172.54712916467133,15.054744338783696],[-172.659,15.227],[-172.69934514395783,15.329511202351982],[-172.54712916467133,15.054744338783696]]]},{"type":"Polygon","coordinates":[[[-166.224,15.544],[-166.23877274205796,15.516209693158297],[-166.13364073071702,15.851130243572936],[-166.224,15.544]]]},{"type":"Polygon","coordinates":[[[-172.84428105612997,15.697772488921725],[-172.916,15.88],[-172.93014759092534,15.961412955052145],[-172.84428105612997,15.697772488921725]]]},{"type":"Polygon","coordinates":[[[-166.00350599895665,16.49341666666711],[-166.026,16.217],[-166.03387017375675,16.190249358897557],[-166.00350599895665,16.49341666666711]]]},{"type":"Polygon","coordinates":[[[-172.98601199760046,16.282887222555352],[-173.026,16.513],[-173.0234080586578,16.60530191113087],[-172.98601199760046,16.282887222555352]]]},{"type":"Polygon","coordinates":[[[-166.01282414448676,17.16218132129339],[-165.974,16.856],[-165.97627942009822,16.827989433792855],[-166.01282414448676,17.16218132129339]]]},{"type":"Polygon","coordinates":[[[-173.01572730210017,16.878822186321706],[-173.008,17.154],[-172.97979808724503,17.27575446472146],[-173.01572730210017,16.878822186321706]]]},{"type":"Polygon","coordinates":[[[-166.16251114058352,17.836905039787656],[-166.062,17.55],[-166.05837325672985,17.521398183755753],[-166.16251114058352,17.836905039787656]]]},{"type":"Polygon","coordinates":[[[-172.90896253989587,17.581568620863386],[-172.863,17.78],[-172.81768767123287,17.877010958904105],[-172.90896253989587,17.581568620863386]]]},{"type":"Polygon","coordinates":[[[-166.3784847777062,18.328594797036136],[-166.275,18.158],[-166.2650900609975,18.129712474584384],[-166.3784847777062,18.328594797036136]]]},{"type":"Polygon","coordinates":[[[-172.4925724737568,18.515196373661258],[-172.6602913854704,18.213986899563384],[-172.565,18.418],[-172.4925724737568,18.515196373661258]]]},{"type":"Polygon","coordinates":[[[-166.84419553281762,18.977698028450266],[-166.642,18.763],[-166.61193372536928,18.71343570530906],[-166.84419553281762,18.977698028450266]]]},{"type":"Polygon","coordinates":[[[-172.27354521035238,18.809126828560128],[-172.141,18.987],[-172.07174477370424,19.04879480557689],[-172.27354521035238,18.809126828560128]]]},{"type":"Polygon","coordinates":[[[-167.35651492537323,19.434231343283653],[-167.111,19.261],[-167.06673721390223,19.214000282565692],[-167.35651492537323,19.434231343283653]]]},{"type":"Polygon","coordinates":[[[-171.832950604309,19.261865212821842],[-171.649,19.426],[-171.56915912435613,19.47351186534216],[-171.832950604309,19.261865212821842]]]},{"type":"Polygon","coordinates":[[[-167.9430484114977,19.78399848714068],[-167.702,19.678],[-167.6556838052095,19.6453200453001],[-167.9430484114977,19.78399848714068]]]},{"type":"Polygon","coordinates":[[[-171.27633110993605,19.647768536218376],[-171.039,19.789],[-170.9539945118355,19.818929782268597],[-171.27633110993605,19.647768536218376]]]},{"type":"Polygon","coordinates":[[[-168.58108260486546,20.00954421630412],[-168.316,19.948],[-168.26353858997612,19.924930650315236],[-168.58108260486546,20.00954421630412]]]},{"type":"Polygon","coordinates":[[[-170.5660201871903,19.955532574784367],[-170.346,20.033],[-170.27918964028777,20.042558561151083],[-170.5660201871903,19.955532574784367]]]},{"type":"Polygon","coordinates":[[[-169.2800259965338,20.11320103986135],[-168.975,20.101],[-168.91160777481724,20.086282229965157],[-169.2800259965338,20.11320103986135]]]},{"type":"Polygon","coordinates":[[[-169.96390897009977,20.087665780730887],[-169.675,20.129],[-169.61081616481772,20.12643264659271],[-169.96390897009977,20.087665780730887]]]},{"type":"Polygon","coordinates":[[[-166.20975930713544,20.287489141675284],[-166.273,20.284],[-166.31696534121443,20.28853250940355],[-166.20975930713544,20.287489141675284]]]},{"type":"Polygon","coordinates":[[[-166.46832072617244,20.304136157337364],[-166.758,20.334],[-166.9134627955494,20.369348052851187],[-166.46832072617244,20.304136157337364]]]},{"type":"Polygon","coordinates":[[[-167.0692152244632,20.404761960529157],[-167.211,20.437],[-167.44412464713633,20.521649143717465],[-167.0692152244632,20.404761960529157]]]},{"type":"Polygon","coordinates":[[[-167.65295035460994,20.59747517730497],[-167.726,20.624],[-168.00717647058826,20.77458823529412],[-167.65295035460994,20.59747517730497]]]},{"type":"Polygon","coordinates":[[[-168.1655908863608,20.859429428678578],[-168.204,20.88],[-168.55894912324055,21.158752531489444],[-168.1655908863608,20.859429428678578]]]},{"type":"Polygon","coordinates":[[[-168.74988584758623,21.308701050251084],[-168.763,21.319],[-169.216,21.846],[-168.74988584758623,21.308701050251084]]]},{"type":"Polygon","coordinates":[[[-170.587,22.162],[-171.142,22.195],[-171.15640736488874,22.19777428470505],[-170.587,22.162]]]},{"type":"Polygon","coordinates":[[[-171.33821651376255,22.23278348623874],[-171.599,22.283],[-171.60457728437225,22.28477056646739],[-171.33821651376255,22.23278348623874]]]},{"type":"Polygon","coordinates":[[[-174.03379999999993,22.705007407407408],[-174.275,22.706],[-174.29667330468897,22.708793648421445],[-174.03379999999993,22.705007407407408]]]},{"type":"Polygon","coordinates":[[[-173.346,22.754],[-173.789,22.704],[-173.8059349599695,22.70406969119329],[-173.346,22.754]]]},{"type":"Polygon","coordinates":[[[-174.50825000000015,22.736065488565504],[-174.756,22.768],[-174.77336452962712,22.772442950011204],[-174.50825000000015,22.736065488565504]]]},{"type":"Polygon","coordinates":[[[-175.13972727272736,22.866181818181843],[-175.225,22.888],[-175.22817604644985,22.889375052180185],[-175.13972727272736,22.866181818181843]]]},{"type":"Polygon","coordinates":[[[-175.7129193205935,23.099242038216136],[-175.911,23.185],[-175.91504608530906,23.18776470889448],[-175.7129193205935,23.099242038216136]]]},{"type":"Polygon","coordinates":[[[-176.41180238331748,23.527200595829683],[-176.492,23.582],[-176.49348515084682,23.583508960880437],[-176.41180238331748,23.527200595829683]]]},{"type":"Polygon","coordinates":[[[-176.97816968748114,24.07596399108803],[-176.991,24.089],[-177.363,24.662],[-176.97816968748114,24.07596399108803]]]},{"type":"Polygon","coordinates":[[[-175.614,24.806],[-176.205,25.098],[-176.811,25.502],[-177.246,25.873],[-178.126,26.369],[-178.579,26.56],[-179.708,27.353],[-179.778,27.546],[-179.774,27.972],[-179.483,28.434],[-179.045,28.769],[-178.481,29.011],[-177.789,29.143],[-176.741,29.01],[-174.82,28.375],[-172.876,27.957],[-171.839,27.594],[-171.031,27.405],[-170.004,26.94],[-168.22,26.361],[-166.03,25.777],[-163.889,25.269],[-162.767,24.856],[-161.677,24.357],[-160.971,23.955],[-160.85968183867251,23.86262961081336],[-160.689,23.721],[-159.59,23.484],[-158.365,22.604],[-157.354,22.025],[-156.219,21.492],[-155.194,20.889],[-154.454,20.353],[-153.855,19.661],[-153.477,18.88],[-153.506,18.047],[-153.875,17.667],[-154.514,17.48],[-155.176,17.399],[-156.24,17.581],[-157.068,17.831],[-157.716,18.166],[-158.237,18.533],[-159.118,19.022],[-160.42,19.958],[-161.797,21.074],[-162.325,21.432],[-162.63107242060644,21.579176715764582],[-163.213,21.859],[-165.435,22.672],[-166.418,22.858],[-167.999,23.078],[-168.893,23.295],[-170.312,23.744],[-171.61,23.892],[-172.43,23.908],[-174.066,24.252],[-174.904,24.611],[-175.614,24.806]],[[-156.673,20.501],[-156.544,20.512],[-156.539,20.577],[-156.573,20.604],[-156.701,20.524],[-156.673,20.501]],[[-156.87897354278627,20.751601074824308],[-156.835,20.761],[-156.805,20.808],[-156.81646521008403,20.83192739495799],[-156.812,20.844],[-156.83546325878586,20.862031948881736],[-156.901,20.915],[-156.90520658682632,20.91563098802395],[-156.92,20.927],[-156.9615319148936,20.924079787234042],[-156.981,20.927],[-156.9920978287996,20.92193062141253],[-157.048,20.918],[-157.05111166429586,20.89497368421053],[-157.062,20.89],[-157.05277040816327,20.882698979591826],[-157.053,20.881],[-157.04315625000004,20.87509375000003],[-156.995,20.837],[-156.966,20.733],[-156.93016838095238,20.74065866666667],[-156.907,20.738],[-156.87897354278627,20.751601074824308]],[[-160.06993975903615,21.913578313253],[-160.05554888673765,21.97572071636011],[-160.048,21.983],[-160.05318904794365,21.985910929334246],[-160.049,22.004],[-160.089,22.016],[-160.227,21.891],[-160.22788841201717,21.88695278969958],[-160.229,21.886],[-160.22921418234444,21.880913169319776],[-160.245,21.809],[-160.23253371428572,21.80207428571429],[-160.233,21.791],[-160.203,21.779],[-160.20016489874638,21.784091610414663],[-160.2,21.784],[-160.19809999999987,21.78780000000024],[-160.154,21.867],[-160.067,21.893],[-160.06993975903615,21.913578313253]],[[-155.294,19.263],[-155.192,19.256],[-155.0578814968815,19.312243243243245],[-155.006,19.329],[-154.99167607003892,19.34000680933852],[-154.975,19.347],[-154.94986363636363,19.37213636363638],[-154.816,19.475],[-154.793,19.539],[-154.967,19.65],[-154.983,19.742],[-155.073,19.737],[-155.082,19.876],[-155.19,19.99],[-155.535,20.138],[-155.578,20.129],[-155.70776802135856,20.202240284781908],[-155.771,20.247],[-155.80042613125565,20.254535960443523],[-155.842,20.278],[-155.84798120906262,20.266714699881888],[-155.853,20.268],[-155.888,20.252],[-155.904,20.188],[-155.826,19.99],[-155.86958823529403,19.928058823529526],[-155.919,19.865],[-156.033,19.792],[-156.03321759005303,19.791283232766503],[-156.039,19.788],[-156.062,19.728],[-155.975,19.605],[-155.921,19.44],[-155.885,19.333],[-155.8877878787879,19.300939393939316],[-155.908,19.149],[-155.90219499632082,19.135257542310555],[-155.907,19.08],[-155.879,19.033],[-155.723,18.966],[-155.677,18.91],[-155.6,18.968],[-155.5140649819494,19.11838628158856],[-155.49806423618153,19.13958972383306],[-155.294,19.263]],[[-156.667,21.007],[-156.66880343213728,20.99572854914196],[-156.702,20.918],[-156.6847993813522,20.89575386654884],[-156.687,20.882],[-156.623,20.808],[-156.47362219534708,20.782792495464818],[-156.45963819500403,20.732253827558413],[-156.453,20.636],[-156.42143073385702,20.59417072236056],[-156.42,20.589],[-156.41776731536325,20.589316692856276],[-156.413,20.583],[-156.297,20.582],[-156.046,20.656],[-155.987,20.708],[-155.979,20.765],[-156.002,20.77547014925373],[-156.002,20.795],[-156.237,20.939],[-156.33,20.947],[-156.473,20.898],[-156.52,20.987],[-156.6,21.052],[-156.661,21.014],[-156.66353413284133,21.008066420664207],[-156.667,21.007]],[[-157.1841397029306,21.099989160979526],[-157.06,21.099],[-156.874,21.047],[-156.8722364729459,21.04764128256513],[-156.867,21.046],[-156.76,21.082],[-156.704,21.158],[-156.73142696376325,21.158430790006754],[-156.91882018684387,21.17968968506212],[-156.96,21.212],[-156.9639475600874,21.20588128186453],[-156.971,21.216],[-156.99585089043163,21.184293691518263],[-157.211,21.229],[-157.261,21.224],[-157.2529756097561,21.207951219512186],[-157.25155639097744,21.185716791979953],[-157.293,21.146],[-157.29636849710982,21.119533236994215],[-157.311,21.101],[-157.29873970620162,21.100902308415947],[-157.3,21.091],[-157.1841397029306,21.099989160979526]],[[-157.704,21.266],[-157.70397162097163,21.26601827801828],[-157.699,21.26],[-157.65991954022988,21.29439080459771],[-157.645,21.304],[-157.73,21.412],[-157.718,21.461],[-157.72537430167597,21.45890502793296],[-157.773,21.457],[-157.77512681912683,21.44477079002079],[-157.806,21.436],[-157.83720566784748,21.49679724942696],[-157.835,21.529],[-157.89941974448314,21.618007433217155],[-157.922,21.662],[-157.93605534922727,21.66862609320715],[-157.966,21.71],[-158.038,21.681],[-158.10073127753304,21.60180176211453],[-158.118,21.587],[-158.273,21.581],[-158.27023884392082,21.576309361359495],[-158.283,21.576],[-158.25923464373466,21.55761547911549],[-158.23095919675282,21.509581286049986],[-158.232,21.482],[-158.107,21.296],[-158.08546231375985,21.29933917616126],[-157.98,21.301],[-157.97929527705466,21.31579918185199],[-157.978,21.316],[-157.97922727272726,21.317227272727262],[-157.978,21.343],[-157.9822,21.3458],[-157.972,21.342],[-157.97736092882383,21.36031650681474],[-157.973,21.359],[-157.98131920199503,21.3825710723192],[-157.95291304347828,21.37802608695652],[-157.94,21.372],[-157.9409712230216,21.369669064748198],[-157.968,21.349],[-157.95908071748877,21.32620627802693],[-157.96,21.324],[-157.95831176470588,21.324241176470593],[-157.95,21.303],[-157.893,21.331],[-157.814,21.256],[-157.72094252873563,21.282172413793102],[-157.704,21.266]],[[-159.4185063520871,22.234834845735026],[-159.487,22.23],[-159.49655219123505,22.215141035856572],[-159.509,22.212],[-159.555,22.236],[-159.5805929969104,22.222887538619982],[-159.581,22.223],[-159.723,22.153],[-159.784,22.07],[-159.7765606671754,22.041536465714614],[-159.787,22.022],[-159.7681743119266,22.009449541284393],[-159.761,21.982],[-159.69771287128714,21.962475247524758],[-159.63052631578947,21.917684210526307],[-159.604,21.892],[-159.444,21.868],[-159.43212086092714,21.879589403973522],[-159.388,21.902],[-159.33295145631067,21.95980097087379],[-159.33,21.961],[-159.3301262458472,21.962767441860457],[-159.328,21.965],[-159.33288868274582,22.052018552875726],[-159.32925863596108,22.06020726306456],[-159.289,22.127],[-159.29439925813523,22.138843533974054],[-159.293,22.142],[-159.2976769675411,22.146033348154713],[-159.32,22.195],[-159.402,22.239],[-159.4185063520871,22.234834845735026]]]},{"type":"Polygon","coordinates":[[[-165.95002925967964,27.782246941606765],[-165.878,27.744],[-165.6279215070643,27.558756671899477],[-165.95002925967964,27.782246941606765]]]},{"type":"Polygon","coordinates":[[[-166.3957847354397,28.013092691282846],[-166.362,28.001],[-166.23710702560726,27.934682862770803],[-166.3957847354397,28.013092691282846]]]},{"type":"Polygon","coordinates":[[[-175.729,31.304],[-175.154,31.259],[-175.1502673018947,31.258208018836786],[-175.729,31.304]]]},{"type":"Polygon","coordinates":[[[-180.0,31.468],[-179.567,31.621],[-179.53177437248647,31.62906961586465],[-180.0,31.468]]]},{"type":"Polygon","coordinates":[[[-177.6175102324406,31.740507579585646],[-177.604,31.739],[-177.05,31.61],[-177.6175102324406,31.740507579585646]]]},{"type":"Polygon","coordinates":[[[-179.17757195983663,31.71021160282627],[-179.065,31.736],[-179.0528649016454,31.737367685265376],[-179.17757195983663,31.71021160282627]]]},{"type":"Polygon","coordinates":[[[-178.6967323420075,31.77750557620817],[-178.577,31.791],[-178.56757142857143,31.791],[-178.6967323420075,31.77750557620817]]]},{"type":"Polygon","coordinates":[[[-168.839,52.088],[-169.75,53.693],[-169.614,53.465],[-168.839,52.088]]]},{"type":"Polygon","coordinates":[[[-174.17180677430042,61.45235561398993],[-173.46239897512092,61.44891982898468],[-173.669,61.447],[-174.17180677430042,61.45235561398993]]]},{"type":"Polygon","coordinates":[[[-166.02808972691804,61.52111053315995],[-165.809,61.531],[-165.987,61.52],[-166.02808972691804,61.52111053315995]]]},{"type":"Polygon","coordinates":[[[-178.80677937130687,75.98546484412057],[-176.674,76.005],[-170.013,76.011],[-178.80677937130687,75.98546484412057]]]},{"type":"Polygon","coordinates":[[[-72.592,-73.477],[-73.071,-73.489],[-73.181,-73.516],[-73.18095040214477,-73.51793431635389],[-73.185,-73.519],[-73.229,-73.573],[-73.437,-73.531],[-73.44938047567747,-73.53546795392393],[-73.458,-73.534],[-73.933,-73.71],[-74.142,-73.656],[-74.14254644729179,-73.65611662783927],[-74.143,-73.656],[-74.559,-73.745],[-74.812,-73.675],[-75.204,-73.663],[-76.117,-73.824],[-76.29,-73.826],[-76.441,-73.789],[-76.963,-73.873],[-77.08436213070726,-73.83402238137869],[-77.08971944674724,-73.8247053100048],[-76.638,-73.636],[-76.609,-73.59],[-76.62103148213654,-73.5859428723028],[-76.618,-73.577],[-76.759,-73.534],[-76.77238401757052,-73.5349053894239],[-76.781,-73.532],[-77.099,-73.557],[-77.4,-73.524],[-78.79,-73.693],[-78.85803322884013,-73.65142413793103],[-78.81380378250596,-73.53848108747057],[-78.804,-73.516],[-78.8070304878049,-73.51317324246772],[-78.856,-73.445],[-78.90979067499026,-73.41732130316034],[-78.923,-73.405],[-78.94429289198604,-73.39956773519164],[-78.959,-73.392],[-79.46,-73.267],[-79.849,-73.117],[-80.696,-73.051],[-80.756,-73.066],[-80.75610771992818,-73.06748114901256],[-80.758,-73.068],[-80.75690658499234,-73.0784655436447],[-80.76,-73.121],[-80.75139510117147,-73.13121831735889],[-80.751,-73.135],[-80.74635649546826,-73.13720166163144],[-80.728,-73.159],[-80.58048934154438,-73.21584557081948],[-80.52116149068323,-73.24397515527951],[-80.48469957081545,-73.36247639484978],[-80.5253732739421,-73.44567260579065],[-80.811,-73.431],[-80.947,-73.365],[-80.97670659289997,-73.36490355002304],[-80.989,-73.36],[-81.12910071942449,-73.36440876389797],[-81.255,-73.364],[-81.26095057226779,-73.3685578851413],[-81.275,-73.369],[-81.28509779179812,-73.38705362776027],[-81.302,-73.4],[-81.30216735173224,-73.41757193188491],[-81.308,-73.428],[-81.30265680473373,-73.46896449704145],[-81.303,-73.505],[-81.29740811888367,-73.50920442189198],[-81.296,-73.52],[-81.21894686581781,-73.56819784524977],[-81.0458056749785,-73.69837919174549],[-81.04345508982036,-73.70699800399201],[-81.205,-73.757],[-81.213,-73.759],[-81.23035148072503,-73.83804563441409],[-81.614,-73.851],[-82.134,-73.943],[-82.2973086913087,-73.91322017982019],[-82.346,-73.847],[-82.414,-73.824],[-82.41987171662777,-73.82397504936277],[-82.423,-73.823],[-83.12,-73.821],[-83.52252767247919,-73.72507050796057],[-83.69,-73.656],[-83.69628518156166,-73.65615065152353],[-83.699,-73.655],[-84.733,-73.681],[-85.58521689382464,-73.56009725727748],[-85.61130872876393,-73.5524792032806],[-85.71690854572714,-73.50092653673163],[-85.7216870415648,-73.49288997555011],[-85.57816890080416,-73.40887935656829],[-85.471,-73.35],[-85.556,-73.297],[-85.5657650852142,-73.29515753109166],[-85.566,-73.295],[-85.56767796610161,-73.2947966101695],[-85.80916744186045,-73.24923255813954],[-85.83483824928642,-73.23686108468124],[-85.922,-73.173],[-85.967,-73.041],[-85.97546894786474,-73.04130796174053],[-85.976,-73.04],[-86.07,-73.042],[-86.07138744257273,-73.04479590700265],[-86.077,-73.045],[-86.09124364723469,-73.08480916791234],[-86.12995659363372,-73.16282162050433],[-86.222,-73.221],[-86.511,-73.249],[-86.841,-73.336],[-87.211,-73.315],[-87.44178920308482,-73.25164610111398],[-87.61048584202672,-73.17234426229514],[-87.641,-73.157],[-87.963,-73.169],[-88.132,-73.136],[-88.39629914529915,-73.20647977207977],[-88.709,-73.179],[-88.8048213399504,-73.13508188585607],[-88.82350338461538,-73.11000861538463],[-88.82232944606413,-73.10702040816327],[-88.596,-73.024],[-88.59697959183674,-73.02232653061225],[-88.593,-73.021],[-88.61,-72.966],[-88.64300545256272,-72.94369901853871],[-88.644,-72.942],[-88.47002006688965,-72.87320401337793],[-88.374,-72.854],[-88.34296216216215,-72.82296216216216],[-88.338,-72.821],[-88.3398640776699,-72.8198640776699],[-88.336,-72.816],[-88.53,-72.704],[-89.261,-72.639],[-89.31766974806325,-72.63797337412929],[-89.377,-72.633],[-89.528,-72.633],[-89.52418217859164,-72.63423220690957],[-89.537,-72.634],[-89.41720689655178,-72.66875862068963],[-89.3416640061136,-72.69314018850302],[-89.31499509803925,-72.72899019607839],[-89.28315245784849,-72.77540489194966],[-89.286,-72.839],[-89.23902985515815,-72.90757641146912],[-89.2488125,-72.9248125],[-89.313,-72.989],[-89.32068568755847,-73.05144621141254],[-89.321,-73.052],[-89.746,-73.165],[-90.343,-73.164],[-90.861,-73.327],[-91.293,-73.256],[-91.692,-73.245],[-92.452,-73.154],[-92.898,-73.176],[-92.90508914100486,-73.17810048622367],[-92.922,-73.179],[-92.91890101522843,-73.18219289340101],[-92.925,-73.184],[-92.893,-73.209],[-92.912,-73.217],[-93.535,-73.176],[-93.587,-73.19],[-93.58749106504646,-73.20473195139385],[-93.61640203363316,-73.22055690262026],[-93.74711999999992,-73.22312],[-93.846,-73.219],[-93.86722351571596,-73.22547497089639],[-93.894,-73.226],[-93.89911337868482,-73.23520408163265],[-93.905,-73.237],[-93.929,-73.289],[-94.16,-73.315],[-94.396,-73.311],[-94.594,-73.242],[-94.59827756653988,-73.24161977186313],[-94.603,-73.24],[-94.774,-73.226],[-95.769,-73.248],[-96.088,-73.319],[-96.519,-73.306],[-96.904,-73.28],[-97.051,-73.232],[-97.629,-73.156],[-98.177,-73.159],[-98.19960939431397,-73.14508652657602],[-97.961,-73.059],[-97.97050249861188,-73.05642143253748],[-97.964,-73.054],[-98.16,-73.005],[-98.836,-72.973],[-98.87902558056086,-72.9755939406367],[-98.918,-72.974],[-99.032439456432,-72.98484300785829],[-99.599,-73.019],[-99.794,-73.057],[-100.008,-73.031],[-100.285,-73.048],[-100.51722984157009,-73.09653984393474],[-100.54533291139244,-73.0941582278481],[-100.782,-73.024],[-101.259,-72.996],[-102.099,-73.085],[-102.15654260089686,-73.07061434977578],[-102.11823999999996,-73.03831999999997],[-102.098,-73.026],[-102.11579775280899,-73.01575280898876],[-102.122,-73.008],[-102.12893869657708,-73.00818681106169],[-102.131,-73.007],[-102.65103036791902,-73.01382966712089],[-102.65827290836654,-73.00727689243027],[-102.64643735224588,-72.99338297872342],[-102.63392035398229,-72.98611504424778],[-102.449,-72.963],[-102.441,-72.962],[-102.44142918454936,-72.95867381974249],[-102.358,-72.911],[-102.319,-72.806],[-102.32359208997536,-72.80482702049542],[-102.323,-72.803],[-102.36255855096887,-72.79487363100252],[-102.503,-72.759],[-102.54280064834732,-72.75784715363407],[-102.581,-72.75],[-103.176,-72.733],[-103.20288938508395,-72.73872734194929],[-103.228,-72.738],[-103.446,-72.79],[-103.44754226729444,-72.79083752263672],[-103.453,-72.792],[-103.46757142857149,-72.80171428571433],[-103.597,-72.872],[-103.58866035271065,-72.88244023514042],[-103.603,-72.892],[-103.48023765144455,-73.0181724137931],[-103.41404461942257,-73.1010381268131],[-103.404,-73.128],[-103.449,-73.166],[-103.036,-73.326],[-103.00451593286304,-73.32835903673072],[-102.979,-73.338],[-102.89628840662482,-73.33646830382638],[-102.689,-73.352],[-102.061,-73.321],[-101.836,-73.356],[-101.74563494913242,-73.35238539796529],[-100.461,-73.366],[-99.916,-73.412],[-99.87982954545454,-73.42577922077922],[-99.866,-73.489],[-99.86034209383145,-73.4904361424848],[-99.86,-73.492],[-99.409,-73.605],[-99.18878849227491,-73.62398375066596],[-99.312,-73.672],[-99.662,-73.654],[-99.953,-73.731],[-100.311,-73.75],[-100.568,-73.724],[-101.096,-73.737],[-101.434,-73.656],[-101.47700729548887,-73.65254025469459],[-101.502,-73.647],[-102.06006096361841,-73.60563618485743],[-102.242,-73.591],[-102.25951445309985,-73.5908525719436],[-102.298,-73.588],[-102.59840000000034,-73.588],[-102.836,-73.586],[-102.84792857142854,-73.588],[-102.897,-73.588],[-102.94128563489862,-73.60365268130037],[-103.003,-73.614],[-103.0035296694544,-73.62565272799682],[-103.013,-73.629],[-103.0046891891892,-73.65116216216218],[-103.005,-73.658],[-103.00163629402758,-73.65930321592649],[-103.001,-73.661],[-102.98214295951267,-73.66685560730923],[-102.82212424044125,-73.72885238852014],[-102.953,-73.833],[-102.901,-73.876],[-102.48,-73.899],[-102.444,-73.94],[-102.366,-73.957],[-102.103,-73.928],[-101.999,-73.995],[-101.97231420373026,-73.99531302986827],[-101.971,-73.996],[-101.93458484525118,-73.99575560298825],[-101.66745908460473,-73.99888904299583],[-101.66131753554502,-74.00430805687203],[-101.698,-74.063],[-101.69498390804598,-74.07025747126436],[-101.662,-74.176],[-101.64673569539926,-74.18635473294555],[-101.634,-74.217],[-101.50547596974874,-74.28218004391313],[-101.49446596970344,-74.28964881587369],[-101.507,-74.334],[-101.43796296296297,-74.37344973544973],[-101.41001939487975,-74.41636307214895],[-101.403,-74.452],[-101.38142249459266,-74.460279740447],[-101.379,-74.464],[-101.36735526315789,-74.46567763157894],[-101.317,-74.485],[-101.20731792854808,-74.48873385775155],[-101.143,-74.498],[-101.10586160410325,-74.49218769007308],[-101.082,-74.493],[-100.63521189591083,-74.42143653744026],[-100.434,-74.427],[-100.374,-74.469],[-100.248,-74.491],[-100.22625471698113,-74.50839622641509],[-100.32,-74.538],[-100.31580194805194,-74.54499675324675],[-100.324,-74.548],[-100.31104225352114,-74.55292957746478],[-100.308,-74.558],[-100.22117647058808,-74.58711764705889],[-100.15049983166872,-74.61400549882168],[-100.506,-74.669],[-100.50418674586966,-74.6693348338593],[-100.516,-74.671],[-100.45410051468347,-74.6785837117772],[-100.19127656067577,-74.7271165441934],[-100.16901854279827,-74.74584154336017],[-100.19227663594647,-74.7641796552655],[-100.44796154496777,-74.78387578235129],[-100.833,-74.798],[-100.8430993651473,-74.8143143590841],[-100.852,-74.815],[-100.8449480191065,-74.81730064624894],[-100.846,-74.819],[-100.815,-74.838],[-100.75663437478639,-74.846112189786],[-100.711,-74.861],[-100.261,-74.915],[-99.77253164556959,-74.915],[-99.66230801033598,-74.95607390180876],[-99.5693620689655,-74.9986379310345],[-99.49858695652175,-75.06941304347825],[-99.49926662707838,-75.07081769596199],[-99.57596038079242,-75.12032885342295],[-99.901,-75.255],[-100.636,-75.204],[-100.72571507816438,-75.28981442259203],[-100.831,-75.308],[-101.919,-75.229],[-102.037,-75.195],[-102.064,-75.1],[-102.146,-75.063],[-103.338,-75.028],[-103.899,-75.054],[-104.316,-75.035],[-105.834,-75.127],[-106.161,-75.192],[-106.16386912552053,-75.1959726353361],[-106.164,-75.196],[-106.20377272727272,-75.24713636363636],[-106.283,-75.271],[-106.828,-75.293],[-106.87926229508196,-75.33265573770491],[-106.979,-75.348],[-107.355,-75.299],[-107.816,-75.33],[-108.06,-75.235],[-108.629,-75.219],[-108.852,-75.148],[-109.069,-75.129],[-109.554,-75.127],[-109.94921482028042,-75.24586160008434],[-110.383,-75.306],[-110.950724177002,-75.1544087276068],[-110.67,-75.065],[-110.6251639770953,-75.03253253513796],[-110.588,-75.019],[-110.59415384615384,-75.01007692307692],[-110.583,-75.002],[-110.60181503952933,-74.99896819268247],[-110.608,-74.99],[-110.69205356156824,-74.98442738818332],[-110.78108163265307,-74.97008163265306],[-110.77733333333335,-74.96633333333334],[-110.544,-74.943],[-110.332,-74.848],[-110.28201150895123,-74.83720843989767],[-109.944,-74.771],[-109.93942016806723,-74.7632495151907],[-109.929,-74.761],[-109.93621193247009,-74.75782019341091],[-109.931,-74.749],[-110.14036170212766,-74.66126747720365],[-110.051,-74.633],[-109.961,-74.554],[-109.96477984373455,-74.54873939274059],[-109.963,-74.547],[-110.155,-74.284],[-110.352,-74.243],[-110.67,-74.27],[-110.817,-74.201],[-110.85660093896712,-74.19590845070422],[-110.874,-74.189],[-110.92430769230779,-74.18720329670329],[-110.957,-74.183],[-111.01519148936153,-74.18395744680852],[-111.378,-74.171],[-111.504,-74.192],[-111.624,-74.235],[-111.62554294032023,-74.23770014556041],[-111.629,-74.239],[-111.63297674418607,-74.25070930232562],[-111.652,-74.284],[-111.64603476258362,-74.28915791205176],[-111.647,-74.292],[-111.6272717748241,-74.30538154808444],[-111.519,-74.399],[-111.42038185443667,-74.44571385842474],[-111.3941095278348,-74.46353423499578],[-111.645,-74.511],[-111.64745792950181,-74.51336459040681],[-111.651,-74.514],[-111.67109174311929,-74.53610091743121],[-111.724,-74.587],[-111.71970588235295,-74.58957647058824],[-111.721,-74.591],[-111.65246153846175,-74.62992307692295],[-111.569,-74.68],[-111.56287333078977,-74.6808003306626],[-111.559,-74.683],[-111.34506805708013,-74.71145883644347],[-111.3411871559633,-74.71639816513762],[-111.343,-74.759],[-111.903,-74.807],[-112.129,-74.859],[-112.654,-74.859],[-112.717,-74.839],[-112.73660968858131,-74.79137647058825],[-112.598,-74.725],[-112.59822807017544,-74.71792982456141],[-112.59,-74.705],[-112.59876548364649,-74.70127000695894],[-112.599,-74.694],[-112.61497379607523,-74.69437285273395],[-112.637,-74.685],[-113.42653937308295,-74.70552020647864],[-113.5082953367876,-74.66035432443202],[-113.54768607068607,-74.63194754517832],[-112.997,-74.496],[-112.99485190839695,-74.4946854961832],[-112.988,-74.493],[-112.97754838709676,-74.48409677419353],[-112.93,-74.455],[-112.93983783783783,-74.45197297297297],[-112.934,-74.447],[-113.034,-74.423],[-113.4137641688855,-74.46952111068848],[-113.4375,-74.46499999999999],[-113.47983783783782,-74.38032432432435],[-113.50916199314102,-74.30417611458545],[-113.364,-74.223],[-113.179,-74.191],[-113.186,-74.169],[-113.29809059534085,-74.08869628990504],[-113.313,-74.076],[-113.31637009737987,-74.07560052725022],[-113.32,-74.073],[-113.777,-74.021],[-113.80642322097378,-74.00444943820224],[-113.7908532110092,-73.98958715596332],[-113.763,-73.969],[-113.76536827195469,-73.96526062322945],[-113.763,-73.963],[-113.77502531645568,-73.95001265822786],[-113.782,-73.939],[-113.78607124789208,-73.93808305227655],[-113.788,-73.936],[-114.004,-73.889],[-114.279,-73.951],[-114.552,-73.965],[-114.55518952100985,-73.96672609372298],[-114.56,-73.967],[-114.77521739130361,-74.0857999999996],[-114.807,-74.103],[-114.807,-74.103344],[-114.81,-74.105],[-114.807,-74.168],[-114.731,-74.283],[-114.72490638892418,-74.28595059062619],[-114.72,-74.293],[-114.64970741482959,-74.32236272545093],[-114.6409899341142,-74.32658382137627],[-114.64080517503805,-74.337299847793],[-114.669,-74.386],[-114.64140203562341,-74.44309923664122],[-114.698,-74.469],[-115.021,-74.456],[-115.433,-74.493],[-115.731,-74.409],[-115.988,-74.525],[-117.397,-74.531],[-117.61629857999368,-74.47691290627958],[-117.631,-74.408],[-117.63887558685445,-74.4054941314554],[-117.654,-74.349],[-117.63126623376623,-74.33131818181818],[-117.612,-74.324],[-117.62059220532319,-74.32301615969581],[-117.618,-74.321],[-117.743,-74.309],[-118.517,-74.431],[-118.52177915068881,-74.43348515835818],[-118.525,-74.434],[-118.52588324873098,-74.43561928934011],[-118.542,-74.444],[-118.53578321678322,-74.45376923076923],[-118.537,-74.456],[-118.53280722891566,-74.45844578313253],[-118.528,-74.466],[-118.35167966280295,-74.5431401475237],[-118.36455263157895,-74.55932330827068],[-118.532,-74.614],[-119.196,-74.604],[-121.478,-74.743],[-121.967,-74.696],[-122.359,-74.71],[-122.744,-74.673],[-123.471,-74.743],[-124.294,-74.714],[-124.839,-74.65],[-125.291,-74.674],[-126.811,-74.635],[-127.31778856994742,-74.66980690727661],[-127.801,-74.672],[-128.433,-74.731],[-128.639,-74.788],[-129.65,-74.861],[-130.0,-74.848],[-130.506,-74.773],[-131.386,-74.794],[-131.842,-74.724],[-132.275,-74.777],[-132.632,-74.729],[-132.63241758120554,-74.72907808967076],[-132.633,-74.729],[-132.65724000000012,-74.73372000000002],[-133.25964743126173,-74.84637305370663],[-133.733,-74.832],[-133.832,-74.764],[-133.86284721161192,-74.76058403361344],[-133.873,-74.755],[-134.13,-74.731],[-134.15094013683012,-74.702082668187],[-134.15060784313724,-74.70143137254898],[-134.131,-74.673],[-134.1346110879185,-74.67007773232028],[-134.131,-74.663],[-134.16170856976578,-74.6481491342936],[-134.26656992084432,-74.56329023746703],[-134.275,-74.538],[-134.304,-74.533],[-134.589,-74.574],[-135.518,-74.617],[-135.53175295200123,-74.62147676736697],[-135.562,-74.623],[-135.859,-74.728],[-136.243,-74.709],[-136.738,-74.752],[-136.757,-74.77],[-136.75659183673469,-74.7705918367347],[-136.759,-74.773],[-136.7217322863404,-74.83453506208912],[-136.80015549597846,-74.94283378016075],[-136.80120156364526,-74.94406230149036],[-137.021,-75.012],[-137.453,-75.025],[-137.684,-75.076],[-139.328,-75.107],[-139.507,-75.165],[-139.995,-75.417],[-140.244,-75.467],[-141.21,-75.519],[-142.566,-75.481],[-142.673,-75.546],[-142.65522556390977,-75.59843458646615],[-142.66556603773586,-75.60918867924529],[-142.746,-75.636],[-143.368,-75.59],[-144.171,-75.664],[-144.262,-75.701],[-144.26077100671142,-75.7040066442953],[-144.263,-75.705],[-144.25834379637027,-75.70994464102273],[-144.206,-75.838],[-145.24846093603014,-75.91583971072437],[-145.977,-75.899],[-146.112,-75.93],[-146.29395051613957,-76.03936916270686],[-146.374,-76.068],[-146.2873938404722,-76.09989850628153],[-146.287,-76.103],[-145.902,-76.243],[-145.89605051659896,-76.24403683943088],[-145.869,-76.254],[-145.7305422885569,-76.27288059701498],[-145.4338749132948,-76.32458196531792],[-145.41743178621658,-76.33762306610409],[-145.40095164986252,-76.40579090284143],[-145.479,-76.443],[-145.786,-76.447],[-146.492,-76.368],[-147.08351769646038,-76.24717936412725],[-147.141,-76.234],[-147.16477142857158,-76.23058285714282],[-147.197,-76.224],[-148.101,-76.096],[-148.29,-76.103],[-148.54,-76.163],[-148.692,-76.262],[-149.288,-76.296],[-149.324312849162,-76.30298324022347],[-149.34,-76.304],[-149.3606708074534,-76.3099751552795],[-149.418,-76.321],[-149.43094231181644,-76.33028801200943],[-149.468,-76.341],[-149.49859033989267,-76.37883542039359],[-149.503,-76.382],[-149.50157221006563,-76.38252352297593],[-149.506,-76.388],[-149.46147457627117,-76.39722598870057],[-149.383,-76.426],[-149.2898908315828,-76.4327793772396],[-149.284,-76.434],[-148.97756069160337,-76.45552046577265],[-148.298,-76.505],[-148.29225640103752,-76.50364767114375],[-148.273,-76.505],[-147.92,-76.416],[-146.932,-76.452],[-146.545,-76.526],[-146.084,-76.665],[-145.46120634668785,-76.75921241570805],[-145.46533093974404,-76.76345832032472],[-145.599,-76.813],[-146.102,-76.84],[-145.774,-76.91],[-145.416,-76.933],[-145.35854464285714,-76.98014285714287],[-145.366,-77.004],[-145.299,-77.029],[-145.433,-77.041],[-146.166,-76.973],[-146.301,-76.999],[-146.29456094004928,-77.00061679452911],[-146.301,-77.002],[-146.18202088872005,-77.02887466767946],[-145.85934097240946,-77.10989691740811],[-146.009,-77.161],[-146.222,-77.162],[-146.21900230385256,-77.16483565851786],[-146.228,-77.165],[-146.1509599999999,-77.22920000000006],[-146.148,-77.232],[-146.14738028169015,-77.23218309859155],[-146.144,-77.235],[-146.07795638629278,-77.25269470404986],[-145.8882769315979,-77.3087363611188],[-146.018,-77.347],[-145.99477285796436,-77.40410005750431],[-146.00475409836068,-77.4084918032787],[-146.24,-77.463],[-146.322,-77.456],[-146.522,-77.336],[-146.776,-77.244],[-147.032,-77.221],[-147.112,-77.241],[-147.11206810133478,-77.24651620811768],[-147.123,-77.25],[-147.11242595204513,-77.27550211565584],[-147.113,-77.322],[-147.08201015228425,-77.34885786802032],[-147.075393389501,-77.36481594296825],[-147.08626176858778,-77.37042542894854],[-147.13477564979473,-77.36166757865938],[-147.218,-77.326],[-147.467,-77.294],[-147.48685856236787,-77.29810866807611],[-147.493,-77.297],[-147.49522653934804,-77.29983997365821],[-147.525,-77.306],[-147.591,-77.422],[-148.581,-77.504],[-148.614,-77.514],[-148.61348801475108,-77.51511432083589],[-148.619,-77.517],[-148.60842566191448,-77.52613238289204],[-148.5826691588785,-77.58219065420562],[-148.5847494736842,-77.58956631578947],[-148.62187217559716,-77.60180890897352],[-148.69468128578865,-77.61765851119209],[-149.414,-77.571],[-149.488,-77.598],[-149.48624051026758,-77.5984331051649],[-149.493,-77.601],[-149.145180685359,-77.6823862928347],[-149.098,-77.694],[-149.38966251390437,-77.75468754171303],[-149.662,-77.761],[-151.098,-77.473],[-151.11818437552958,-77.44226470089815],[-151.112,-77.44],[-151.12,-77.413],[-151.140263439987,-77.4086443072925],[-151.142,-77.406],[-151.227,-77.39],[-151.83149674620395,-77.37746657464011],[-152.088,-77.325],[-152.176,-77.336],[-152.17732654659358,-77.3407635082224],[-152.19,-77.343],[-152.19070466321244,-77.38880310880829],[-152.19686764705884,-77.41093382352942],[-152.295,-77.46],[-153.106,-77.497],[-153.2190184676816,-77.44261517344647],[-153.2329414455627,-77.42892424519671],[-153.2107645250538,-77.41400522594529],[-153.08400119189514,-77.38467938021455],[-152.972,-77.372],[-152.98605364732913,-77.36201987363583],[-152.973,-77.359],[-153.11,-77.274],[-153.254,-77.246],[-153.29924434876224,-77.24010548977392],[-153.311,-77.238],[-153.3201699844209,-77.23737926259305],[-153.7814012781702,-77.17728927009755],[-153.79,-77.175],[-153.79722006455367,-77.17522837187153],[-153.822,-77.172],[-154.201,-77.188],[-154.579,-77.127],[-154.873,-77.142],[-155.02,-77.087],[-155.193,-77.111],[-155.683,-77.079],[-155.948,-77.094],[-156.1269272091545,-77.13518165924984],[-156.165,-77.14],[-156.1826907675195,-77.14801612903226],[-156.2,-77.152],[-156.22009711286083,-77.16496587926505],[-156.229,-77.169],[-156.22738809166844,-77.1696697365603],[-156.231,-77.172],[-156.06282644628098,-77.25114049586777],[-156.06436874424315,-77.25285416027018],[-156.483,-77.359],[-157.04,-77.258],[-157.284,-77.17],[-157.368,-77.106],[-157.3736822653777,-77.10539019591067],[-157.377,-77.103],[-157.573,-77.084],[-157.856,-77.145],[-157.8514524025385,-77.1484106980961],[-157.854,-77.149],[-157.8189999999999,-77.17275000000006],[-157.7454395280236,-77.2279203539823],[-157.8072029972752,-77.28036103542233],[-157.847,-77.309],[-157.84710070084842,-77.31423644411656],[-157.848,-77.315],[-157.8472840466926,-77.32377042801556],[-157.848,-77.361],[-157.84411921137092,-77.3625396607061],[-157.844,-77.364],[-157.742,-77.408],[-157.72816863501245,-77.46534956214349],[-157.795,-77.498],[-157.70839004179805,-77.54735836327639],[-157.70310691080923,-77.56926402835201],[-157.70367215340235,-77.57859053113864],[-158.063,-77.658],[-158.06664365304783,-77.66142932051561],[-158.074,-77.663],[-158.0719587126138,-77.66643172951886],[-158.08,-77.674],[-158.01031319910513,-77.78151677852348],[-158.02013903743315,-77.78617112299466],[-158.168,-77.847],[-158.16348916227298,-77.85407381370827],[-158.176,-77.86],[-158.12808077786087,-77.90960059835453],[-158.124,-77.916],[-158.1205644743656,-77.91738063179699],[-158.119,-77.919],[-157.91,-78.002],[-156.839,-78.265],[-156.561,-78.289],[-156.321,-78.262],[-156.209,-78.174],[-156.115,-78.151],[-155.515,-78.191],[-154.527,-78.099],[-154.211,-78.119],[-153.86,-78.217],[-153.7619679430098,-78.28591362422083],[-153.76011174430127,-78.33881528741327],[-153.889022172949,-78.4350310421286],[-154.12939512403156,-78.4843791314237],[-155.508,-78.587],[-156.014,-78.664],[-156.010028041415,-78.66605953408111],[-156.016,-78.667],[-155.906,-78.72],[-154.298,-79.057],[-153.857,-79.106],[-152.344,-79.177],[-151.896,-79.267],[-150.29,-79.495],[-149.398,-79.599],[-148.751,-79.608],[-146.812,-79.888],[-146.44,-79.971],[-146.181,-80.129],[-145.698,-80.288],[-145.622,-80.333],[-145.524,-80.461],[-145.617,-80.54],[-145.886,-80.631],[-147.001,-80.846],[-148.06,-81.101],[-148.355,-81.251],[-148.3560897435897,-81.25202564102563],[-148.358,-81.253],[-148.406,-81.299],[-148.413,-81.358],[-150.456,-81.337],[-151.06,-81.275],[-151.681,-81.135],[-152.605,-81.118],[-154.835,-81.003],[-154.89457330240734,-81.0033731104535],[-154.922,-81.002],[-154.95157596042634,-81.00373012083774],[-155.314,-81.006],[-156.546,-81.097],[-156.755,-81.14],[-156.96,-81.252],[-156.934,-81.281],[-156.89224732229792,-81.28723174294062],[-156.88,-81.294],[-156.733,-81.311],[-155.404,-81.38],[-154.205,-81.552],[-153.9943692932575,-81.62708594638507],[-153.99578592548787,-81.63234772324068],[-154.04483708480348,-81.65654629516972],[-154.724,-81.786],[-154.888,-81.893],[-154.87699094139887,-81.89501749716446],[-154.891,-81.905],[-154.446,-81.974],[-154.4109538670285,-81.99685617367707],[-154.44729787234039,-82.03138297872339],[-154.476,-82.048],[-154.46813352272727,-82.05117684659092],[-154.469,-82.052],[-154.424,-82.069],[-152.008,-82.505],[-151.794,-82.578],[-151.804,-82.637],[-151.959,-82.73],[-152.669,-82.92],[-153.007,-83.088],[-153.016587509692,-83.10105533234653],[-153.028,-83.107],[-153.054,-83.152],[-153.037,-83.219],[-152.9290083121681,-83.34338328330641],[-152.95796380090496,-83.41182352941172],[-152.972,-83.439],[-152.97084169054443,-83.44226217765042],[-152.972,-83.445],[-152.929,-83.57],[-152.93429142381348,-83.59751540383013],[-152.98914068441064,-83.6971711026616],[-152.99997877447885,-83.70897687934303],[-153.00048643006264,-83.70922964509396],[-153.233,-83.819],[-153.2320328493216,-83.82451844798858],[-153.233,-83.825],[-153.22884778761062,-83.84269203539823],[-153.216,-83.916],[-153.2109355308157,-83.9190138252201],[-153.21,-83.923],[-153.053,-84.013],[-151.691,-84.324],[-150.61,-84.456],[-149.295,-84.562],[-145.722,-84.723],[-140.295,-84.891],[-138.589,-84.985],[-139.094,-85.091],[-139.106,-85.116],[-139.06502106969205,-85.14649594813613],[-139.06751275510203,-85.15258673469387],[-139.10918886617392,-85.19494606070137],[-139.1832234285714,-85.21386],[-139.36663408135473,-85.22581413938066],[-140.583,-85.249],[-143.572,-85.144],[-148.138,-85.091],[-148.943,-85.134],[-149.787,-85.319],[-149.804,-85.338],[-149.744,-85.403],[-149.8,-85.434],[-150.239,-85.464],[-151.041,-85.462],[-152.017,-85.359],[-152.811,-85.328],[-155.19,-85.342],[-157.483,-85.449],[-159.345,-85.325],[-161.18,-85.328],[-162.527,-85.251],[-163.51,-85.089],[-165.21001855936726,-85.02437689206663],[-166.52470506164872,-84.9290110317975],[-167.21170292368677,-84.87296134786918],[-167.23839585870888,-84.86787697929356],[-167.13628990227986,-84.84530618892502],[-167.061,-84.83],[-167.06371398245116,-84.82926309085764],[-167.058,-84.828],[-167.212,-84.789],[-167.923,-84.787],[-168.09,-84.842],[-168.445,-84.842],[-168.59507739307534,-84.8151649694501],[-168.451,-84.774],[-168.45835742652898,-84.77075774424146],[-168.456,-84.77],[-168.50016666666664,-84.75233333333334],[-168.51,-84.748],[-168.51866221868156,-84.74697948615814],[-168.969,-84.687],[-169.05917426259037,-84.68330064788557],[-169.223,-84.664],[-174.517,-84.443],[-175.24858059134726,-84.44334122229074],[-177.617,-84.292],[-179.07,-84.246],[-178.351,-84.338],[-178.88240435595006,-84.3724816653042],[-179.986,-84.306],[-179.993,-72.775],[-179.552,-72.771],[-179.398,-72.638],[-179.439,-72.536],[-179.188,-72.412],[-179.342,-72.408],[-179.234,-72.341],[-179.249,-72.303],[-178.736,-72.077],[-178.866,-72.071],[-178.713,-71.986],[-178.751,-71.956],[-178.721,-71.903],[-178.794,-71.84],[-178.536,-71.725],[-178.734,-71.721],[-178.297,-71.605],[-178.26,-71.605],[-178.503,-71.715],[-178.214,-71.716],[-177.772,-71.591],[-177.824,-71.653],[-177.587,-71.715],[-177.604,-71.762],[-177.026,-71.813],[-177.151,-71.879],[-177.333,-71.909],[-178.031,-71.907],[-178.197,-71.953],[-178.256,-72.005],[-177.238,-71.96],[-176.927,-71.89],[-176.773,-71.913],[-176.853,-71.953],[-176.828,-71.981],[-176.353,-71.974],[-176.092,-72.06],[-175.793,-72.07],[-175.942,-72.15],[-175.878,-72.144],[-175.878,-72.175],[-176.165,-72.303],[-176.184,-72.345],[-176.117,-72.369],[-176.124,-72.411],[-175.972,-72.411],[-175.966,-72.455],[-175.742,-72.478],[-175.627,-72.536],[-175.906,-72.653],[-175.929,-72.743],[-175.979,-72.771],[-176.648,-73.006],[-176.647,-73.035],[-176.486,-73.032],[-176.536,-73.079],[-177.109,-73.242],[-177.316,-73.375],[-177.17,-73.388],[-177.163,-73.418],[-177.038,-73.463],[-177.051,-73.514],[-177.015,-73.584],[-176.871,-73.592],[-177.162,-73.715],[-177.209,-73.767],[-177.012,-73.798],[-177.038,-73.853],[-176.871,-73.914],[-176.35,-73.953],[-176.495,-74.079],[-176.354,-74.089],[-176.539,-74.192],[-176.951,-74.36],[-177.369,-74.431],[-177.055,-74.44],[-177.0,-74.482],[-176.882,-74.498],[-176.905,-74.523],[-176.875,-74.557],[-176.797,-74.592],[-176.844,-74.671],[-177.44,-74.914],[-177.133,-74.919],[-177.146,-74.961],[-176.997,-74.991],[-177.017,-75.052],[-176.96,-75.078],[-176.398,-75.139],[-176.149,-75.219],[-175.768,-75.237],[-175.334,-75.213],[-175.273,-75.219],[-175.272,-75.26],[-175.144,-75.263],[-174.879,-75.222],[-174.806,-75.263],[-174.417,-75.291],[-173.983,-75.401],[-174.299,-75.524],[-174.278,-75.549],[-172.99,-75.609],[-172.682,-75.739],[-171.675,-75.723],[-171.325,-75.772],[-171.144,-75.83],[-170.055,-75.844],[-169.548,-75.896],[-169.608,-75.922],[-169.578,-75.947],[-169.731,-76.02],[-169.704,-76.023],[-169.372,-76.02],[-169.056,-75.896],[-168.223,-75.738],[-168.014,-75.736],[-167.122,-75.83],[-166.125,-75.817],[-165.903,-75.857],[-165.85,-75.907],[-165.717,-75.907],[-165.996,-76.023],[-166.001,-76.067],[-165.816,-76.103],[-165.792,-76.136],[-164.917,-75.98],[-164.965,-76.02],[-164.538,-76.087],[-164.206,-76.083],[-163.678,-76.136],[-163.642,-76.145],[-163.665,-76.175],[-163.62,-76.206],[-163.406,-76.235],[-162.207,-76.241],[-162.013,-76.252],[-161.958,-76.287],[-161.762,-76.273],[-161.507,-76.301],[-161.101,-76.265],[-160.826,-76.287],[-160.618,-76.269],[-160.626,-76.315],[-160.592,-76.324],[-159.995,-76.279],[-159.921,-76.315],[-159.392,-76.298],[-158.832,-76.355],[-156.918,-76.364],[-156.653,-76.38],[-156.625,-76.395],[-156.634,-76.432],[-156.491,-76.44],[-156.046,-76.392],[-155.865,-76.395],[-155.826,-76.434],[-155.108,-76.265],[-154.849,-76.286],[-155.096,-76.4],[-154.139,-76.268],[-154.01,-76.283],[-153.423,-76.24],[-153.046,-76.147],[-152.954,-76.177],[-152.801,-76.123],[-153.035,-76.143],[-152.563,-75.878],[-152.678,-75.847],[-152.612,-75.801],[-152.871,-75.784],[-152.817,-75.76],[-151.687,-75.767],[-151.66,-75.772],[-151.698,-75.861],[-151.608,-75.872],[-151.214,-75.765],[-150.804,-75.73],[-150.418,-75.629],[-149.484,-75.634],[-149.083,-75.524],[-148.826,-75.401],[-148.122,-75.364],[-147.048,-75.229],[-146.61,-75.129],[-145.879,-75.084],[-145.195,-74.912],[-144.949,-74.792],[-144.495,-74.671],[-143.886,-74.654],[-143.503,-74.542],[-142.494,-74.511],[-141.254,-74.523],[-140.912,-74.509],[-140.637,-74.45],[-140.173,-74.431],[-139.854,-74.311],[-139.465,-74.072],[-139.102,-74.04],[-138.827,-73.953],[-136.804,-73.925],[-136.503,-73.94],[-136.483,-74.004],[-136.386,-74.036],[-136.222,-74.033],[-135.944,-73.967],[-134.703,-73.965],[-134.663,-74.038],[-134.208,-74.057],[-134.141,-74.095],[-133.999,-74.103],[-133.612,-73.978],[-133.083,-73.924],[-132.942,-73.867],[-132.785,-73.867],[-132.318,-73.715],[-132.106,-73.597],[-131.145,-73.36],[-130.622,-73.334],[-129.796,-73.218],[-129.514,-73.248],[-129.03,-73.242],[-127.909,-73.153],[-127.738,-73.124],[-127.346,-72.888],[-127.022,-72.788],[-126.843,-72.784],[-126.67,-72.73],[-125.994,-72.726],[-125.455,-72.68],[-125.169,-72.693],[-125.244,-72.753],[-125.02,-72.782],[-124.557,-72.79],[-124.569,-72.838],[-124.508,-72.854],[-123.738,-72.855],[-122.563,-72.797],[-122.251,-72.699],[-121.359,-72.622],[-121.013,-72.623],[-120.98,-72.675],[-120.511,-72.536],[-119.68,-72.518],[-119.24,-72.448],[-119.051,-72.456],[-118.52,-72.28],[-118.208,-72.114],[-117.898,-72.094],[-117.687,-71.953],[-117.081,-71.815],[-116.915,-71.74],[-116.759,-71.714],[-116.428,-71.556],[-116.054,-71.449],[-115.647,-71.407],[-114.932,-71.406],[-114.74,-71.483],[-113.978,-71.383],[-113.482,-71.346],[-113.226,-71.379],[-112.783,-71.326],[-112.451,-71.374],[-112.448,-71.425],[-112.284,-71.476],[-112.262,-71.523],[-112.123,-71.584],[-112.099,-71.63],[-111.95,-71.655],[-111.937,-71.721],[-111.999,-71.76],[-111.999,-71.816],[-111.929,-71.837],[-112.22,-71.918],[-112.275,-71.989],[-111.411,-72.025],[-111.002,-71.953],[-110.797,-72.023],[-109.92,-72.05],[-107.624,-72.058],[-107.531,-72.07],[-107.553,-72.106],[-107.228,-72.093],[-107.249,-72.146],[-107.224,-72.186],[-107.398,-72.314],[-107.262,-72.338],[-107.25,-72.373],[-106.999,-72.393],[-106.933,-72.432],[-106.169,-72.435],[-105.834,-72.31],[-105.524,-72.07],[-104.602,-71.958],[-104.138,-71.972],[-104.059,-71.953],[-104.118,-71.888],[-104.078,-71.837],[-103.982,-71.801],[-103.249,-71.858],[-102.881,-71.721],[-102.854,-71.697],[-102.882,-71.65],[-102.865,-71.605],[-102.765,-71.573],[-102.309,-71.6],[-101.908,-71.53],[-101.822,-71.477],[-101.973,-71.462],[-102.142,-71.374],[-102.042,-71.269],[-102.279,-71.244],[-102.285,-71.188],[-101.881,-71.036],[-101.691,-71.124],[-101.249,-71.021],[-100.367,-70.99],[-99.957,-70.928],[-99.824,-70.995],[-99.825,-71.054],[-99.758,-71.071],[-99.647,-71.029],[-99.47,-70.901],[-99.166,-70.929],[-99.107,-70.914],[-98.976,-70.8],[-98.878,-70.777],[-98.362,-70.775],[-98.148,-70.8],[-98.154,-70.824],[-97.497,-70.67],[-96.887,-70.645],[-96.609,-70.537],[-96.329,-70.553],[-95.928,-70.468],[-95.614,-70.468],[-94.603,-70.35],[-94.517,-70.375],[-94.523,-70.439],[-93.875,-70.506],[-93.748,-70.526],[-93.665,-70.584],[-93.523,-70.591],[-93.398,-70.651],[-93.378,-70.704],[-93.205,-70.756],[-93.266,-70.8],[-93.27,-70.843],[-93.146,-70.916],[-92.895,-70.914],[-92.559,-70.811],[-92.399,-70.795],[-92.246,-70.855],[-92.245,-70.918],[-91.886,-70.868],[-91.745,-70.897],[-91.344,-70.873],[-91.198,-70.849],[-90.929,-70.686],[-90.784,-70.749],[-90.572,-70.769],[-90.029,-70.687],[-89.875,-70.697],[-89.514,-70.571],[-89.254,-70.551],[-89.003,-70.572],[-88.717,-70.447],[-87.846,-70.384],[-87.146,-70.194],[-86.279,-70.087],[-86.006,-69.995],[-85.552,-69.996],[-85.193,-69.934],[-84.763,-69.98],[-83.967,-69.898],[-82.577,-69.537],[-81.875,-69.422],[-81.599,-69.427],[-80.282,-69.3],[-79.362,-69.263],[-78.757,-69.084],[-78.087,-68.983],[-77.512,-68.952],[-76.723,-68.737],[-75.937,-68.384],[-75.562,-68.288],[-75.173,-68.281],[-74.795,-68.154],[-74.645,-68.066],[-74.425,-68.013],[-74.161,-67.88],[-74.057,-67.548],[-73.737,-67.328],[-73.521,-67.218],[-73.12,-67.134],[-72.739,-66.976],[-72.259,-66.849],[-71.898,-66.717],[-71.627,-66.561],[-71.407,-66.376],[-71.057,-66.234],[-71.039,-66.125],[-70.946,-66.092],[-70.747,-65.908],[-70.363,-65.858],[-70.0,-65.74082529118137],[-69.762,-65.664],[-69.066,-65.258],[-68.686,-65.077],[-68.465,-64.829],[-67.909,-64.508],[-67.233,-64.454],[-66.668,-64.235],[-66.275,-63.979],[-65.851,-63.76],[-65.461,-63.716],[-65.014,-63.553],[-64.864,-63.566],[-64.671,-63.435],[-64.439,-63.365],[-64.396,-63.307],[-64.481,-63.233],[-64.112,-63.02],[-64.016,-63.085],[-63.869,-63.072],[-63.303,-62.834],[-62.945,-62.921],[-62.822,-62.81],[-62.956,-62.71],[-62.834,-62.599],[-62.885,-62.494],[-61.652,-62.391],[-61.557,-62.326],[-61.206,-62.239],[-61.001,-62.141],[-60.801,-62.118],[-59.955,-61.881],[-59.859,-61.824],[-59.612,-61.789],[-59.155,-61.641],[-58.924,-61.609],[-58.216,-61.426],[-57.8,-61.41],[-57.407,-61.436],[-56.957,-61.36],[-56.641,-61.207],[-56.193,-61.082],[-55.966,-60.925],[-55.706,-60.803],[-55.575,-60.818],[-55.475,-60.877],[-54.965,-60.919],[-54.27,-60.897],[-54.093,-60.818],[-53.814,-60.8],[-53.466,-60.591],[-53.152,-60.509],[-53.027,-60.406],[-52.929,-60.385],[-52.533,-60.406],[-52.572,-60.509],[-52.978,-60.821],[-53.25,-60.864],[-53.487,-60.952],[-53.693,-60.988],[-53.871,-61.108],[-53.976,-61.321],[-54.039,-61.342],[-53.975,-61.369],[-53.72,-61.302],[-53.344,-61.262],[-52.598,-61.067],[-52.54227027027027,-61.067],[-52.414,-61.067],[-52.306,-61.023],[-52.018,-60.989],[-51.889,-61.002],[-51.708,-61.071],[-51.566,-61.169],[-51.426,-61.159],[-51.391,-61.196],[-51.19,-61.229],[-51.179,-61.342],[-51.558,-61.46],[-51.945,-61.486],[-52.198,-61.682],[-52.31856209030062,-61.70549939048232],[-52.43561060463699,-61.497691332943944],[-52.435,-61.5],[-52.31879531322506,-61.70554484918794],[-52.434,-61.728],[-52.529,-61.78],[-53.507,-61.925],[-53.61,-61.969],[-53.767,-62.179],[-53.792,-62.284],[-53.736,-62.336],[-53.809,-62.494],[-53.765,-62.576],[-53.212,-62.769],[-53.115,-62.846],[-52.884,-62.905],[-52.401,-62.916],[-52.308,-62.982],[-51.984,-63.106],[-51.907,-63.233],[-51.944,-63.31],[-51.916,-63.371],[-51.954,-63.444],[-52.082,-63.55],[-52.118,-63.656],[-52.272,-63.763],[-52.806,-63.816],[-53.146,-63.929],[-53.459,-63.991],[-53.603,-64.0],[-53.714,-63.949],[-53.817,-63.975],[-54.017,-64.148],[-54.187,-64.401],[-54.229,-64.508],[-54.172,-64.586],[-54.178,-64.663],[-54.129,-64.722],[-54.158,-64.802],[-54.138,-64.829],[-54.288,-64.936],[-54.252,-65.151],[-54.274,-65.237],[-54.193,-65.296],[-54.189,-65.418],[-54.155,-65.474],[-54.234,-65.591],[-54.17,-65.691],[-54.256,-65.799],[-54.491,-65.986],[-55.454,-66.561],[-55.766,-66.92],[-55.779,-67.076],[-55.845,-67.218],[-55.799,-67.273],[-55.754,-67.437],[-55.775,-67.598],[-55.754,-67.662],[-55.789,-67.769],[-55.736,-67.878],[-55.819,-67.99],[-55.74,-68.101],[-55.817,-68.212],[-55.851,-68.386],[-55.929,-68.545],[-55.93,-68.656],[-56.025,-68.768],[-55.978,-68.879],[-56.038,-69.041],[-55.988,-69.132],[-56.047,-69.237],[-55.974,-69.327],[-56.017,-69.464],[-55.936,-69.557],[-55.955,-69.641],[-56.109,-69.795],[-56.01,-69.889],[-55.917,-69.923],[-55.959,-70.115],[-55.84,-70.185],[-55.869,-70.275],[-55.817,-70.324],[-55.895,-70.513],[-55.761,-70.863],[-55.548,-70.99],[-55.411,-71.029],[-55.245,-71.207],[-54.985,-71.338],[-54.927,-71.404],[-54.801,-71.441],[-54.586,-71.593],[-54.126,-71.743],[-53.437,-71.837],[-53.603,-72.003],[-53.692,-72.038],[-53.803,-72.038],[-53.828,-72.013],[-54.107,-72.07],[-54.026,-72.079],[-53.892,-72.186],[-53.974,-72.303],[-53.89,-72.323],[-53.803,-72.418],[-53.385,-72.478],[-52.005,-72.482],[-51.502,-72.419],[-51.402,-72.337],[-51.261,-72.303],[-51.184,-72.186],[-50.785,-72.03],[-49.834,-71.977],[-48.96,-72.043],[-48.038,-72.058],[-47.755,-72.186],[-47.827,-72.303],[-47.759,-72.324],[-47.613,-72.336],[-47.488,-72.303],[-47.416,-72.186],[-47.345,-72.175],[-47.249,-72.186],[-47.32,-72.303],[-47.014,-72.36],[-46.791,-72.444],[-45.569,-72.51],[-45.454,-72.576],[-45.162,-72.602],[-45.114,-72.693],[-44.957,-72.772],[-44.805,-72.774],[-44.56,-72.889],[-44.407,-72.889],[-44.478,-73.007],[-44.322,-73.009],[-44.233,-73.121],[-44.084,-73.126],[-43.841,-73.243],[-43.685,-73.243],[-43.552,-73.281],[-42.474,-73.341],[-42.302,-73.415],[-42.265,-73.478],[-42.11,-73.478],[-41.865,-73.595],[-41.709,-73.595],[-41.771,-73.712],[-41.622,-73.716],[-41.291,-73.873],[-39.396,-73.935],[-39.092,-73.953],[-38.965,-74.008],[-38.179,-74.003],[-38.013,-74.048],[-37.924,-74.116],[-37.457,-74.173],[-37.486,-74.311],[-37.462,-74.347],[-37.284,-74.399],[-36.968,-74.397],[-36.841,-74.456],[-36.07,-74.492],[-34.465,-74.436],[-34.049,-74.361],[-33.322,-74.353],[-33.136,-74.395],[-32.746,-74.409],[-30.944,-74.319],[-30.379,-74.473],[-29.757,-74.495],[-28.848,-74.59],[-28.115,-74.333],[-28.035,-74.192],[-27.953,-74.138],[-26.888,-73.936],[-26.223,-73.891],[-25.603,-73.908],[-25.311,-73.97],[-24.536,-73.939],[-23.956,-73.715],[-23.918,-73.597],[-23.843,-73.533],[-23.22,-73.36],[-21.669,-73.309],[-21.169,-73.256],[-21.11,-73.242],[-21.046,-73.124],[-20.987,-73.094],[-20.523,-73.006],[-20.491,-72.888],[-20.287,-72.888],[-20.319,-73.006],[-20.038,-73.019],[-19.897,-73.072],[-19.743,-73.075],[-19.615,-73.006],[-19.585,-72.888],[-19.372,-72.835],[-18.769,-72.79],[-18.447,-72.84],[-18.305,-72.771],[-18.068,-72.536],[-17.897,-72.468],[-17.455,-72.391],[-17.37,-72.178],[-17.051,-72.06],[-16.713,-71.971],[-16.051,-71.859],[-15.758,-71.771],[-15.289,-71.708],[-15.078,-71.64],[-14.954,-71.549],[-14.796,-71.516],[-14.629,-71.435],[-14.433,-71.404],[-14.348,-71.346],[-14.001,-71.307],[-13.859,-71.243],[-13.363,-71.117],[-12.743,-71.015],[-12.441,-71.011],[-12.297,-71.056],[-11.994,-71.043],[-11.832,-70.967],[-11.372,-70.914],[-11.211,-70.839],[-10.663,-70.685],[-10.53,-70.608],[-10.274,-70.571],[-10.117,-70.512],[-9.911,-70.498],[-9.478,-70.359],[-9.337,-70.242],[-9.187,-70.229],[-8.696,-70.264],[-8.579,-70.222],[-8.443,-70.267],[-8.145,-70.266],[-7.884,-70.365],[-7.558,-70.383],[-7.495,-70.343],[-7.483,-70.229],[-7.238,-70.151],[-7.095,-70.229],[-6.7,-70.266],[-6.046,-70.17],[-5.002,-70.176],[-4.701,-70.143],[-4.106,-70.175],[-2.614,-70.17],[-2.437,-70.135],[-2.312,-70.068],[-2.014,-70.061],[-1.836,-70.023],[-1.714,-69.956],[-1.357,-69.933],[-1.266,-69.889],[-1.118,-69.889],[-0.769,-69.962],[-0.589,-69.952],[-0.427,-69.889],[-0.671,-69.863],[-0.737,-69.826],[-0.717,-69.741],[-0.463,-69.731],[-0.337,-69.776],[-0.318,-69.818],[-0.34,-69.863],[-0.225,-69.874],[-0.03,-69.812],[0.22,-69.615],[0.517,-69.718],[0.963,-69.721],[1.41,-69.831],[1.854,-69.762],[2.004,-69.814],[2.442,-69.882],[2.895,-69.814],[3.196,-69.917],[4.086,-69.852],[4.149,-69.889],[4.156,-70.001],[4.244,-70.033],[4.433,-69.923],[4.696,-69.898],[5.045,-69.776],[5.272,-69.805],[5.319,-69.776],[5.714,-69.746],[6.071,-69.818],[6.412,-69.813],[7.264,-69.715],[7.34,-69.661],[7.485,-69.626],[7.85,-69.663],[7.794,-69.763],[7.688,-69.742],[7.537,-69.776],[7.796,-69.778],[7.902,-69.81],[7.953,-69.89],[8.105,-69.902],[8.135,-69.806],[8.194,-69.743],[8.442,-69.708],[8.976,-69.703],[9.133,-69.782],[9.285,-69.675],[9.718,-69.703],[10.325,-69.676],[10.593,-69.578],[10.666,-69.502],[11.026,-69.327],[11.475,-69.243],[11.542,-69.215],[11.57,-69.131],[11.863,-69.114],[12.172,-69.215],[12.461,-69.176],[13.024,-69.243],[13.24,-69.238],[13.349,-69.194],[13.65,-69.23],[14.391,-69.247],[15.326,-69.166],[15.672,-69.187],[16.016,-69.253],[16.961,-69.287],[17.223,-69.316],[17.326,-69.356],[17.817,-69.4],[18.289,-69.532],[18.484,-69.551],[18.712,-69.663],[19.227,-69.752],[19.399,-69.856],[19.774,-69.838],[19.975,-69.778],[20.711,-69.747],[21.165,-69.783],[21.48,-69.854],[21.626,-69.845],[22.052,-69.918],[23.046,-69.964],[23.255,-70.049],[23.479,-70.092],[24.114,-70.135],[25.497,-69.884],[25.967,-69.872],[26.625,-69.669],[27.782,-69.577],[28.397,-69.327],[29.021,-69.295],[29.545,-69.102],[29.832,-69.077],[30.0,-69.03426829268292],[30.119,-69.004],[30.279,-68.879],[30.215,-68.768],[30.263,-68.737],[30.593,-68.728],[30.897,-68.545],[31.117,-68.458],[31.141,-68.434],[31.032,-68.323],[31.623,-68.236],[31.657,-68.212],[31.667,-68.101],[31.766,-67.99],[32.012,-67.859],[32.032,-67.769],[32.369,-67.659],[32.334,-67.548],[32.766,-67.466],[33.205,-67.48],[33.515,-67.548],[33.449,-67.592],[33.446,-67.677],[33.382,-67.725],[33.38,-67.809],[33.334,-67.868],[33.361,-67.9],[33.517,-67.929],[33.658,-67.916],[33.756,-67.859],[33.724,-67.755],[33.878,-67.76],[34.194,-67.913],[34.41,-67.98],[34.471,-68.085],[34.579,-68.087],[34.77,-68.157],[34.963,-68.279],[35.197,-68.278],[35.361,-68.178],[35.518,-68.204],[35.694,-68.279],[35.824,-68.242],[36.164,-68.358],[36.536,-68.38],[36.661,-68.434],[36.543,-68.545],[36.391,-68.555],[36.227,-68.656],[36.859,-68.97],[37.405,-69.049],[37.504,-69.103],[37.431,-69.02],[37.453,-68.984],[37.695,-68.959],[37.748,-68.906],[37.412,-68.768],[37.133,-68.694],[37.079,-68.59],[36.992,-68.545],[37.073,-68.434],[37.241,-68.573],[37.426,-68.577],[37.487,-68.504],[37.537,-68.494],[37.914,-68.497],[38.128,-68.452],[38.179,-68.398],[38.65,-68.362],[38.757,-68.272],[38.938,-68.352],[39.045,-68.264],[39.549,-68.263],[39.871,-68.153],[40.209,-68.14],[40.276,-68.083],[40.747,-68.156],[40.793,-68.141],[40.847,-68.058],[41.046,-67.99],[41.055,-67.877],[41.184,-67.9],[41.345,-67.874],[42.228,-67.59],[42.655,-67.575],[42.874,-67.425],[43.025,-67.437],[43.501,-67.382],[44.014,-67.265],[44.332,-67.156],[44.96,-67.15],[45.313,-67.1],[45.473,-67.131],[45.57,-67.037],[45.853,-67.029],[46.365,-66.893],[46.532,-66.826],[46.682,-66.678],[46.953,-66.648],[47.125,-66.523],[47.408,-66.442],[47.724,-66.459],[48.239,-66.367],[48.49,-66.372],[48.662,-66.335],[48.945,-66.351],[49.29,-66.3],[49.475,-66.245],[49.501,-66.125],[49.628,-66.016],[50.016,-65.998],[50.089,-65.908],[50.249,-65.857],[50.646,-65.797],[50.893,-65.845],[51.088,-65.832],[51.447,-65.709],[51.732,-65.677],[51.864,-65.694],[52.095,-65.599],[52.554,-65.658],[52.986,-65.533],[53.248,-65.381],[53.495,-65.318],[53.806,-65.367],[54.085,-65.362],[54.557,-65.499],[55.319,-65.621],[55.539,-65.709],[56.453,-65.799],[56.665,-65.888],[56.93,-65.857],[57.259,-65.889],[57.888,-66.125],[58.03,-66.217],[58.318,-66.257],[58.629,-66.343],[58.684,-66.452],[58.743,-66.459],[58.774,-66.402],[58.834,-66.394],[59.21,-66.587],[59.918,-66.741],[60.405,-66.732],[60.664,-66.785],[61.108,-66.804],[61.832,-66.647],[61.951,-66.564],[62.391,-66.579],[63.034,-66.682],[63.316,-66.674],[63.505,-66.74],[63.939,-66.745],[64.296,-66.845],[64.765,-66.897],[64.959,-66.846],[65.288,-66.825],[65.892,-66.866],[66.027,-66.854],[66.137,-66.807],[66.531,-66.808],[66.79,-66.915],[67.09,-66.931],[67.651,-67.111],[67.847,-67.133],[68.458,-67.029],[68.562,-66.976],[68.917,-66.953],[69.313,-66.829],[69.578,-66.8],[69.959,-66.843],[70.798,-66.821],[71.977,-66.558],[72.26,-66.559],[72.895,-66.636],[74.092,-66.911],[74.443,-66.953],[76.689,-66.888],[77.14,-66.85],[77.268,-66.892],[77.213,-66.78],[77.42,-66.732],[77.444,-66.67],[77.494,-66.651],[77.659,-66.66],[77.89,-66.781],[78.074,-66.827],[78.153,-66.78],[78.197,-66.67],[78.123,-66.561],[78.271,-66.576],[78.404,-66.54],[78.758,-66.62],[79.077,-66.599],[79.143,-66.561],[79.002,-66.544],[78.891,-66.447],[79.208,-66.404],[79.353,-66.479],[79.486,-66.458],[79.573,-66.402],[79.881,-66.427],[80.055,-66.298],[80.261,-66.207],[80.325,-66.116],[80.706,-66.063],[80.864,-65.976],[81.379,-65.855],[81.945,-65.821],[82.118,-65.725],[82.25,-65.714],[82.619,-65.81],[82.934,-65.818],[82.993,-65.78],[83.266,-65.739],[83.724,-65.851],[85.374,-65.892],[85.566,-65.926],[85.928,-65.855],[87.19,-65.837],[87.818,-65.748],[88.183,-65.835],[88.435,-65.8],[89.185,-65.88],[89.78,-65.87],[89.867,-65.812],[90.103,-65.762],[90.174,-65.69],[90.33,-65.634],[90.363,-65.583],[90.884,-65.543],[91.096,-65.469],[91.271,-65.504],[91.403,-65.494],[91.533,-65.366],[91.7,-65.363],[91.928,-65.306],[92.089,-65.326],[92.371,-65.287],[92.426,-65.25],[92.674,-65.203],[92.728,-65.113],[92.852,-65.096],[93.125,-65.123],[93.149,-65.111],[93.142,-65.043],[92.988,-64.936],[93.096,-64.914],[93.337,-64.936],[93.304,-65.043],[93.572,-65.111],[93.947,-65.063],[93.934,-65.023],[93.714,-64.936],[93.869,-64.841],[94.095,-64.96],[94.301,-64.994],[94.368,-64.936],[94.051,-64.829],[94.123,-64.814],[94.164,-64.722],[94.483,-64.751],[94.856,-64.592],[95.147,-64.572],[95.316,-64.46],[95.689,-64.467],[95.895,-64.435],[96.061,-64.365],[96.45,-64.372],[96.602,-64.346],[96.639,-64.295],[96.998,-64.201],[97.607,-64.233],[97.949,-64.157],[98.555,-64.203],[98.946,-64.177],[99.439,-64.095],[99.819,-63.959],[100.398,-64.095],[100.722,-64.138],[101.405,-64.39],[101.576,-64.419],[102.07,-64.591],[102.626,-64.612],[102.873,-64.754],[103.194,-64.752],[103.425,-64.835],[103.569,-64.838],[103.586,-64.782],[103.891,-64.747],[104.275,-64.841],[104.501,-64.79],[104.833,-64.788],[104.981,-64.835],[105.034,-64.915],[105.012,-64.936],[105.634,-64.997],[106.34,-65.178],[106.703,-65.125],[107.377,-65.097],[107.703,-65.011],[107.972,-65.001],[108.93,-65.151],[109.119,-65.228],[109.398,-65.246],[109.939,-65.413],[110.79,-65.397],[111.061,-65.491],[111.557,-65.533],[111.889,-65.465],[112.907,-65.442],[113.34,-65.31],[113.362,-65.267],[113.494,-65.246],[113.542,-65.258],[113.513,-65.267],[113.519,-65.325],[113.755,-65.455],[114.045,-65.38],[114.232,-65.403],[114.255,-65.337],[114.622,-65.264],[115.29,-65.299],[115.36,-65.284],[115.361,-65.215],[115.402,-65.202],[115.785,-65.216],[115.721,-65.135],[115.733,-65.084],[115.686,-65.009],[115.707,-64.99],[115.949,-65.043],[115.975,-65.151],[116.152,-65.258],[116.308,-65.25],[116.439,-65.195],[116.483,-65.101],[116.732,-65.022],[117.168,-65.147],[117.355,-65.151],[117.577,-65.258],[117.534,-65.348],[117.609,-65.474],[117.765,-65.583],[117.891,-65.613],[118.002,-65.583],[118.03,-65.474],[117.815,-65.366],[117.774,-65.331],[117.8,-65.315],[117.767,-65.258],[117.898,-65.166],[118.013,-65.145],[118.231,-65.207],[118.718,-65.258],[119.097,-65.334],[119.345,-65.418],[119.841,-65.476],[120.316,-65.625],[120.488,-65.648],[120.678,-65.575],[121.05,-65.644],[121.351,-65.548],[121.725,-65.617],[122.013,-65.547],[122.44,-65.514],[122.672,-65.564],[123.239,-65.617],[123.522,-65.573],[123.806,-65.655],[123.898,-65.652],[124.046,-65.62],[123.989,-65.507],[124.128,-65.505],[124.405,-65.607],[124.695,-65.598],[124.726,-65.529],[124.832,-65.502],[124.864,-65.393],[124.986,-65.332],[125.198,-65.305],[125.234,-65.258],[125.599,-65.227],[125.912,-65.144],[127.895,-65.122],[128.321,-65.2],[128.604,-65.213],[128.77,-65.275],[128.79,-65.258],[128.746,-65.224],[128.603,-65.187],[128.573,-65.151],[128.907,-65.168],[129.013,-65.143],[129.154,-64.988],[129.421,-64.877],[129.855,-64.867],[130.557,-64.932],[130.687,-64.924],[130.864,-64.829],[130.871,-64.751],[131.379,-64.813],[131.662,-64.815],[132.134,-64.736],[132.145,-64.615],[132.22,-64.56],[132.208,-64.503],[132.354,-64.503],[132.52,-64.615],[132.782,-64.722],[133.056,-64.705],[133.135,-64.661],[133.776,-64.667],[134.626,-64.823],[134.748,-64.81],[135.284,-64.89],[136.164,-64.915],[136.488,-65.042],[136.643,-65.149],[136.909,-65.258],[137.236,-65.35],[137.658,-65.334],[138.182,-65.431],[138.525,-65.376],[139.404,-65.492],[140.427,-65.702],[140.595,-65.625],[141.432,-65.71],[141.483,-65.65],[141.586,-65.624],[141.75,-65.639],[141.976,-65.718],[142.403,-65.724],[142.709,-65.824],[142.916,-65.845],[144.309,-65.864],[144.86,-65.905],[147.085,-65.875],[147.846,-65.903],[148.293,-65.975],[148.858,-66.006],[149.521,-65.975],[149.627,-65.953],[149.69,-65.904],[149.836,-65.899],[150.0,-65.93313197969543],[150.033,-65.94],[150.243,-65.9],[150.458,-65.908],[151.313,-66.074],[151.675,-66.234],[151.733,-66.343],[152.0,-66.452],[152.175,-66.561],[152.502,-66.636],[152.661,-66.623],[152.755,-66.556],[152.984,-66.608],[153.764,-66.646],[154.226,-66.579],[154.528,-66.589],[155.487,-66.732],[155.8,-66.831],[156.224,-66.911],[156.472,-66.999],[157.094,-67.33],[157.115,-67.438],[157.712,-67.815],[157.789,-67.893],[157.799,-67.981],[157.976,-68.136],[158.12,-68.323],[158.501,-68.456],[158.428,-68.497],[158.475,-68.532],[158.438,-68.567],[158.605,-68.668],[158.603,-68.714],[158.65,-68.768],[158.799,-68.823],[159.266,-68.876],[159.261,-68.924],[159.171,-68.942],[159.213,-68.991],[159.348,-69.037],[159.657,-69.065],[159.906,-69.147],[160.325,-69.134],[160.276,-69.028],[160.431,-69.032],[161.04,-69.171],[161.948,-69.293],[162.116,-69.359],[162.102,-69.439],[162.741,-69.551],[162.758,-69.566],[162.677,-69.601],[162.74,-69.663],[162.801,-69.674],[163.406,-69.695],[163.867,-69.776],[164.355,-69.793],[165.332,-69.931],[166.122,-69.889],[166.596,-70.043],[167.927,-70.237],[168.323,-70.343],[168.481,-70.457],[168.647,-70.51],[169.106,-70.614],[169.618,-70.685],[170.113,-70.94],[170.545,-71.057],[171.007,-71.113],[171.158,-71.181],[171.109,-71.18],[171.099,-71.207],[171.288,-71.306],[171.222,-71.303],[171.244,-71.337],[171.414,-71.42],[171.498,-71.41],[171.347,-71.323],[171.446,-71.307],[171.31,-71.224],[171.598,-71.259],[171.878,-71.374],[171.887,-71.434],[171.971,-71.502],[171.962,-71.543],[172.034,-71.607],[172.021,-71.647],[172.079,-71.721],[172.243,-71.837],[172.424,-71.882],[172.777,-71.946],[173.139,-71.953],[173.544,-72.016],[174.025,-72.026],[174.744,-72.116],[174.72,-72.07],[175.029,-72.06],[175.098,-72.086],[174.929,-72.116],[174.787,-72.085],[175.434,-72.394],[175.328,-72.407],[175.394,-72.429],[175.559,-72.429],[175.53,-72.378],[175.882,-72.374],[175.902,-72.353],[175.834,-72.303],[175.569,-72.175],[175.75,-72.175],[176.281,-72.419],[176.456,-72.429],[176.754,-72.547],[176.927,-72.679],[176.917,-72.719],[177.125,-72.845],[176.8,-72.888],[177.075,-73.006],[177.242,-73.124],[177.343,-73.15],[177.69,-73.141],[177.546,-73.06],[177.583,-73.04],[177.801,-73.067],[177.951,-73.044],[177.966,-73.006],[177.689,-72.888],[177.69,-72.846],[178.057,-72.82],[178.013,-72.763],[178.198,-72.771],[178.947,-73.02],[178.966,-73.006],[178.688,-72.888],[178.953,-72.835],[179.197,-72.854],[179.503,-72.807],[179.994,-72.811],[179.98600086376575,-84.30075930845783],[179.323,-84.242],[179.45411710193775,-84.21191491154168],[179.621,-84.178],[179.61106334260646,-84.17590327412796],[179.615,-84.175],[179.512,-84.155],[179.109,-84.143],[178.599,-84.192],[178.189,-84.184],[178.02976901643913,-84.15840930621343],[178.05757988165686,-84.13704733727808],[178.109,-84.109],[178.046,-84.09],[177.217,-84.104],[176.397,-84.002],[175.208,-83.954],[175.042372214941,-83.92994233289646],[175.03166666666667,-83.92366666666668],[175.053,-83.889],[175.03391732045867,-83.87884308992155],[175.036,-83.872],[174.991,-83.856],[174.742,-83.828],[173.891,-83.846],[173.346,-83.909],[173.106,-83.866],[172.73,-83.856],[172.361,-83.716],[172.251,-83.709],[171.905,-83.802],[171.88203968253967,-83.73311904761906],[171.89321054061395,-83.71809616951916],[172.208,-83.658],[172.317,-83.601],[172.3138946587537,-83.59980563798219],[172.319,-83.597],[172.3010657414171,-83.59487143900657],[172.226,-83.566],[172.001,-83.552],[171.95182033658944,-83.5534205955043],[171.923,-83.55],[171.55071327235362,-83.56500690685085],[171.288175106428,-83.57259054025448],[171.37547834274943,-83.54333709981171],[171.469,-83.516],[171.4576314165816,-83.51580936826585],[171.469,-83.512],[170.813,-83.505],[170.674,-83.448],[170.21,-83.44],[169.917,-83.385],[169.453,-83.369],[169.251,-83.33],[168.812,-83.341],[168.156,-83.469],[167.47,-83.439],[167.45472790901138,-83.40177427821521],[167.45636930455635,-83.39887769784174],[167.53,-83.364],[167.877,-83.329],[167.86712339585392,-83.32479960513326],[167.874,-83.324],[167.82972347266886,-83.30889389067526],[167.7957951907131,-83.29446462133775],[168.449,-83.243],[168.688,-83.151],[168.6845092095165,-83.14899015093374],[168.692,-83.146],[168.65653914491946,-83.13288617434758],[168.457,-83.018],[168.44791716686674,-83.01575270108043],[168.451,-83.011],[168.36,-82.994],[168.019,-82.973],[167.282,-83.006],[166.753,-82.978],[166.7267868284229,-82.96751473136915],[167.16,-82.912],[167.1551388538809,-82.91107287419379],[167.164,-82.91],[167.11974579033122,-82.90432265073328],[166.8139942227839,-82.84600920743816],[166.78828320635972,-82.83204272938059],[166.80496324655434,-82.82594027565084],[167.367,-82.803],[167.079,-82.756],[166.523,-82.789],[166.15709331538807,-82.71562299105375],[166.2771811541271,-82.68465010956903],[166.363,-82.665],[166.35834609763228,-82.66371616486408],[166.365,-82.662],[166.34844147982065,-82.66098385650226],[166.334,-82.657],[165.648,-82.618],[165.2493291481553,-82.55546339578908],[165.36696555965568,-82.5196377613776],[165.458,-82.495],[165.45428025854255,-82.49304646671659],[165.461,-82.491],[165.319,-82.422],[164.787,-82.369],[164.173,-82.355],[163.46131456350008,-82.26689588819121],[163.4516241979835,-82.26376076993584],[163.70160067114114,-82.20868120805365],[163.858,-82.178],[163.8549274618398,-82.17489733891667],[163.859,-82.174],[163.756,-82.075],[162.80594507924806,-81.89252598599337],[162.8790000000001,-81.87074999999996],[162.902,-81.865],[162.90101100791193,-81.8641890264878],[162.905,-81.863],[162.852,-81.824],[162.32,-81.784],[162.29942718446603,-81.77450485436894],[162.347,-81.758],[162.34698384889134,-81.75740240897892],[162.392,-81.745],[162.276,-81.662],[161.453,-81.557],[160.815,-81.6],[160.40289653061882,-81.52321657056342],[160.588,-81.486],[161.308,-81.476],[161.418,-81.448],[161.42004213938412,-81.44437520259319],[161.432,-81.441],[161.43017391304346,-81.42639130434785],[161.458,-81.377],[162.189,-81.301],[162.18965039744728,-81.2984668731001],[162.194,-81.298],[162.191473259334,-81.29136730575178],[162.208,-81.227],[162.115,-81.204],[162.08775024390243,-81.20498243902439],[162.066,-81.201],[161.78081239041495,-81.21604850964349],[161.19951483050846,-81.23700610667997],[161.01877475867,-81.22691955666787],[160.977,-81.212],[160.6382075379344,-81.20058002936858],[160.71773469387733,-81.17178571428579],[160.741,-81.165],[160.73872597356197,-81.16418542336548],[160.742,-81.163],[160.62273623825217,-81.11493848407177],[160.836,-81.087],[160.81354354868284,-81.08141623372654],[160.839,-81.078],[160.651,-81.041],[160.51613902214962,-80.96081239154843],[160.846,-80.897],[160.82217541213228,-80.89684010343713],[160.844,-80.893],[160.52733362439972,-80.89106910746585],[160.51721561381223,-80.8891445894445],[160.535,-80.862],[160.19490352643655,-80.8278385238608],[160.05773156460404,-80.80174743507534],[160.03361086226204,-80.78917749160134],[160.09821441441437,-80.77042162162162],[160.1905549205624,-80.7596635044005],[160.707,-80.777],[160.738,-80.77],[160.72963636363636,-80.76442424242424],[160.824,-80.712],[161.182,-80.683],[161.2,-80.669],[161.174,-80.636],[160.97,-80.63],[160.865,-80.587],[160.156,-80.648],[159.76842501605654,-80.57223346178547],[159.88202717391297,-80.5525543478261],[160.03534785333756,-80.53116076465058],[160.0749771597265,-80.53609679925418],[160.123,-80.559],[160.299,-80.564],[160.988,-80.493],[160.9901428804614,-80.49041068610914],[160.994,-80.49],[161.00254187192118,-80.47542857142858],[161.012,-80.464],[161.01006412583183,-80.46259649122807],[161.011,-80.461],[160.92833587786274,-80.40334351145049],[160.892,-80.377],[160.63754874651661,-80.3816545961003],[159.778,-80.394],[158.81,-80.483],[158.40347698672642,-80.45510136183417],[158.374,-80.399],[158.308,-80.362],[158.0682325254128,-80.28890016018684],[160.178,-80.118],[160.524,-80.041],[160.53228235294117,-80.03083529411765],[160.556,-80.025],[160.56624000000002,-79.98915999999998],[160.568,-79.987],[160.5671256830601,-79.98606010928961],[160.568,-79.983],[160.528,-79.944],[160.374,-79.913],[159.356,-79.994],[159.10396599114839,-79.97195900302819],[159.12628046218492,-79.96432510504201],[159.801,-79.829],[160.16927351672686,-79.62927494463224],[160.46,-79.559],[160.493,-79.501],[160.738,-79.453],[160.7312824458467,-79.44924192774641],[160.737,-79.448],[160.595,-79.373],[160.35614773594506,-79.35016153650471],[160.543,-79.308],[160.553,-79.279],[160.5144586033117,-79.23580705543554],[160.509,-79.222],[160.50110157459503,-79.22083797152891],[160.495,-79.214],[160.18829679922405,-79.1748176527643],[160.04740902169775,-79.15409002664637],[160.494,-79.021],[160.959,-79.045],[161.291,-78.981],[161.727,-78.975],[161.799,-78.952],[161.75618461538463,-78.89719630769231],[161.825,-78.866],[162.437,-78.857],[162.52116326530614,-78.88224897959185],[162.55,-78.938],[162.782,-78.948],[162.835,-78.938],[162.856,-78.838],[162.901,-78.806],[163.136,-78.796],[163.546,-78.706],[163.989,-78.688],[164.113,-78.622],[164.494,-78.57],[165.488,-78.587],[166.218,-78.52],[166.9893884386818,-78.60847109670448],[167.002,-78.64],[166.901,-78.674],[166.91715990588236,-78.6732432],[166.906,-78.677],[167.19950000000068,-78.66002066115699],[167.264,-78.657],[167.26434382808597,-78.65626936531734],[167.269,-78.656],[167.27,-78.64425000000001],[167.28,-78.623],[167.27251868460388,-78.61465545590434],[167.273,-78.609],[167.207,-78.539],[167.2037507014028,-78.53795270541083],[167.202,-78.536],[167.086,-78.5],[166.038,-78.449],[165.69732890365447,-78.39414617940199],[165.6867458432304,-78.38944259699129],[165.71436109303838,-78.36372251138582],[165.779,-78.323],[165.77967015177066,-78.30289544688027],[165.786,-78.297],[165.7799303054033,-78.29509083790133],[165.78,-78.293],[165.449,-78.191],[165.702,-78.096],[165.70093103448275,-78.0902275862069],[165.704,-78.089],[165.7003491745873,-78.08708554277138],[165.697,-78.069],[165.54,-78.003],[165.15,-78.131],[165.15233492001994,-78.13355045109869],[165.151,-78.134],[165.16235090152563,-78.14449098474337],[165.21033134622064,-78.19690039356406],[165.024,-78.25],[164.9264456521739,-78.24219565217392],[164.91973927958836,-78.20826929674116],[164.91323180479597,-78.15675178796803],[165.002,-78.095],[165.00209565764632,-78.09332599118942],[165.006,-78.091],[165.00246217986899,-78.08691185229303],[165.004,-78.06],[164.96966489361705,-78.04901276595746],[164.961,-78.039],[164.9466219205631,-78.0416390145802],[164.929,-78.036],[164.29168988954962,-78.13855564995752],[164.22354761904765,-78.1429362244898],[164.21936979259,-78.1406981031732],[164.458,-78.077],[164.5545268065268,-78.00341025641026],[164.556,-78.003],[164.55639878150097,-78.0019831071725],[164.559,-78.0],[164.565715536105,-77.97822538293227],[164.596,-77.901],[164.59085104590764,-77.89672539660256],[164.592,-77.893],[164.4998882444476,-77.80284806903381],[164.51470588235298,-77.7876352941176],[164.568,-77.745],[164.55951419512374,-77.7416320930063],[164.565,-77.736],[164.311,-77.643],[163.611,-77.696],[163.59421818181818,-77.67792727272727],[163.756,-77.624],[163.74938634247283,-77.62076254526642],[163.759,-77.618],[163.67168651867894,-77.5827276664862],[163.61598804318385,-77.5554626784816],[163.7766363636363,-77.52454545454546],[163.863,-77.509],[163.86416666666668,-77.5077],[163.873,-77.506],[163.88894405594402,-77.48009090909093],[163.898,-77.47],[163.89611037891268,-77.46844563426689],[163.897,-77.467],[163.8927617728532,-77.46569113573408],[163.836,-77.419],[163.634,-77.363],[163.553,-77.242],[163.373,-77.152],[163.393,-77.126],[163.27624691531128,-77.09883104318564],[163.24598507462687,-77.05300597014926],[163.256,-77.049],[163.197,-77.03],[162.97473510195996,-77.02146862007523],[162.6756892345227,-76.98978164074413],[162.671,-76.986],[162.6529747459193,-76.98737480751463],[162.64,-76.986],[162.44414095335725,-76.99992362890826],[162.509,-76.971],[162.34824446842958,-76.9527323259579],[162.34329131209182,-76.94977181872154],[162.576,-76.922],[162.60474948024952,-76.88412370062365],[162.64611528232405,-76.83905349836334],[162.905,-76.841],[163.07,-76.731],[162.63403722161658,-76.61782681825261],[162.932,-76.583],[162.90956174599694,-76.47139921035316],[162.948,-76.432],[162.89467781197538,-76.39737122271964],[162.894,-76.394],[162.77913559322033,-76.31742372881357],[162.85299221789853,-76.29475486381331],[162.87,-76.29],[162.86997959626655,-76.28954091599739],[162.875,-76.288],[162.876,-76.248],[162.86810702341137,-76.24740802675586],[162.868,-76.245],[162.476,-76.218],[162.3464957737578,-76.17013974247571],[162.79,-76.061],[162.826,-76.023],[162.8196977329975,-75.98378589420655],[162.82969333333335,-75.95779733333333],[162.84917740033026,-75.94367138476056],[163.137,-75.937],[163.12041312551273,-75.93415455291222],[163.131,-75.934],[162.90248459958931,-75.89245174537987],[162.989,-75.824],[162.98400489070767,-75.81887344046311],[163.039,-75.771],[163.03406793718017,-75.76514728545379],[163.11,-75.747],[162.98669646315358,-75.70893313627559],[162.97054279996362,-75.6897641226235],[163.0131794871795,-75.63956286186928],[163.088,-75.575],[163.07960287769785,-75.561354676259],[163.085,-75.555],[163.0663089430894,-75.53975203252031],[163.064,-75.536],[163.06093857058477,-75.53537093916125],[163.047,-75.524],[162.626,-75.446],[162.61015047021945,-75.39250783699059],[162.676,-75.323],[162.54386454183265,-75.27531633466135],[162.506,-75.21],[162.50754949784792,-75.20586800573888],[162.556,-75.179],[162.5414674556213,-75.11542011834321],[162.5449742120344,-75.1060687679083],[162.56541075268817,-75.09402580645161],[162.6718719820326,-75.06972487366647],[163.01264822134377,-75.04154037267081],[163.18937035987537,-75.03243525077926],[163.551,-75.035],[163.60099919581825,-75.00866113791717],[163.87152193494583,-74.94844203502919],[163.89,-74.946],[163.678,-74.836],[163.64912885462556,-74.80960352422908],[163.66113712182215,-74.77265500977799],[164.143,-74.616],[164.378,-74.733],[164.37992799335962,-74.73348495538494],[164.385,-74.736],[164.541,-74.774],[164.604,-74.762],[164.59580443964248,-74.7549014831549],[164.607,-74.751],[164.51105555555566,-74.68149693788286],[164.48200119331742,-74.65633174224344],[164.49898840838165,-74.63368212215782],[165.077,-74.603],[165.238,-74.669],[165.2951623397962,-74.67140683535985],[165.313,-74.677],[165.31446552378063,-74.67221960100129],[165.333,-74.673],[165.34415835140996,-74.57536442516269],[165.355,-74.54],[165.3484691058428,-74.53764532387531],[165.349,-74.533],[165.18536628849262,-74.47883954619121],[165.06556829294794,-74.43564707160708],[165.075,-74.38],[164.96636186833754,-74.31939913743999],[164.933,-74.279],[164.79004342581428,-74.22104463208686],[164.7847173822426,-74.21807364179519],[164.781,-74.20588888888892],[164.781,-74.14409090909089],[164.786110302263,-74.13828374742839],[164.988,-74.189],[164.99424737020698,-74.18532507634883],[164.997,-74.186],[165.00148275862074,-74.18106896551721],[165.022,-74.169],[165.01574197689345,-74.1616187419769],[164.99006802288622,-74.11302161474889],[164.99204890959138,-74.1102250688122],[165.229,-74.05],[166.092,-74.134],[166.1040088941595,-74.12749518233028],[166.121,-74.129],[166.23029885057485,-74.05908812260527],[166.236,-74.056],[166.18224877570998,-74.0469108716944],[165.9,-73.984],[165.7303716893948,-73.97050016905217],[165.55754841549296,-73.9412764084507],[165.55989130434781,-73.93391304347827],[165.59550000000002,-73.912],[165.60811987381703,-73.90839432176656],[165.99,-73.933],[165.9779774681024,-73.92645041172744],[165.997,-73.928],[165.9000163075131,-73.88397903319743],[165.8613097420141,-73.86289262064948],[166.043,-73.825],[166.0439672131148,-73.82451639344261],[166.052,-73.823],[166.17039549969593,-73.76332096763295],[166.368,-73.782],[166.873,-73.686],[166.87429737111643,-73.68538545578696],[166.913,-73.678],[166.90131026474688,-73.67258987459358],[166.911,-73.668],[166.81870934799693,-73.63436135113908],[166.80620812752582,-73.628575662326],[167.2451154481621,-73.54423048327133],[167.631,-73.478],[167.631,-73.47007473309608],[167.647,-73.467],[167.631,-73.45557142857143],[167.631,-73.444],[167.56909547461368,-73.40721615158205],[167.86809039318996,-73.41781880826915],[167.99432384795074,-73.42769526438735],[168.05932214765102,-73.4721677852349],[168.04519999999997,-73.51566400000007],[168.037,-73.536],[168.03807894736843,-73.53759684210526],[168.036,-73.544],[168.055,-73.57],[168.06061923326837,-73.57095646523716],[168.062,-73.573],[168.384,-73.626],[168.522,-73.597],[168.52413326051337,-73.59388612779902],[168.528,-73.593],[168.646,-73.416],[168.841,-73.523],[168.84558874975153,-73.5230964023057],[168.851,-73.526],[169.079,-73.528],[169.19,-73.444],[169.1853823577906,-73.44124319868095],[169.194,-73.438],[169.08786141304347,-73.38302173913043],[169.05702543651648,-73.36461220090537],[169.109,-73.329],[169.106,-73.295],[169.09274901960785,-73.29050196078431],[169.111,-73.254],[169.227,-73.254],[169.25968163615562,-73.23293850114416],[169.28,-73.231],[169.321,-73.193],[169.25379130874177,-73.14696664982314],[169.26530708661414,-73.10282283464576],[169.27464362850972,-73.08114871953101],[169.516,-73.091],[169.682,-73.053],[169.714975088968,-73.03611032028469],[169.719,-73.035],[169.7187464898596,-73.0341786271451],[169.723,-73.032],[169.70428744326773,-72.98733131618742],[169.6948190139714,-72.95665360526739],[169.893,-72.862],[169.8937766057081,-72.86096677675357],[169.898,-72.859],[169.97583216783158,-72.75179720279799],[170.00512774553738,-72.7128213472416],[170.206,-72.681],[170.198992248062,-72.67749612403101],[170.202,-72.677],[170.062,-72.607],[170.235,-72.614],[170.318,-72.583],[170.31857446279966,-72.5813387156875],[170.322,-72.58],[170.32127954545456,-72.57351590909093],[170.355,-72.476],[170.315,-72.307],[170.3060636100601,-72.30808101491209],[170.304,-72.301],[170.27281004666483,-72.31210362338732],[170.191,-72.322],[170.054,-72.39],[169.88281703426273,-72.37675932861701],[170.012,-72.35],[170.02838824078395,-72.33443117125525],[170.03,-72.334],[170.02976256909713,-72.33312555935774],[170.032,-72.331],[170.02867517006803,-72.32912074829932],[170.0236340342997,-72.31055461412821],[170.066,-72.289],[169.99186483390608,-72.1935509736541],[169.98929362127353,-72.1840813856659],[170.089,-72.126],[170.0748843082236,-72.10259766889705],[170.12546776771444,-72.05524294086308],[170.195,-72.048],[170.20467506297229,-72.04074370277078],[170.35443950350785,-72.02017420399352],[170.382,-72.026],[170.778,-71.962],[170.994,-71.864],[170.98561953727506,-71.85819023136247],[170.99,-71.856],[170.83012010252654,-71.74875137312338],[170.8215212765959,-71.72677659574506],[170.792,-71.643],[170.78708980301275,-71.63878505214369],[170.786,-71.636],[170.7768845993322,-71.63002483305507],[170.453,-71.352],[170.43245469686877,-71.34595203197868],[170.424,-71.337],[170.24446202531638,-71.29061219792864],[170.222,-71.284],[170.22318962223042,-71.28511597894949],[170.215,-71.283],[170.335,-71.429],[170.42507064293002,-71.4744996031296],[170.43017871222074,-71.4792914586071],[170.267,-71.595],[170.26838794312036,-71.59701582215101],[170.267,-71.598],[170.27224999999999,-71.602625],[170.29836234923965,-71.64055007865758],[170.26579233226838,-71.65754313099042],[170.25889223991865,-71.65778956286005],[170.08107248908274,-71.60539126637548],[169.94040212734524,-71.56234702319398],[169.92787218045115,-71.55310776942358],[169.867,-71.494],[169.84821384671955,-71.49436980616694],[169.845,-71.492],[169.613,-71.499],[169.5633953488372,-71.47915813953489],[169.554,-71.435],[169.54830115830117,-71.43392355212356],[169.548,-71.433],[169.464,-71.418],[169.246,-71.433],[169.219,-71.408],[169.22002377622374,-71.40245454545466],[169.24,-71.346],[169.2306681642138,-71.34479744384198],[169.231,-71.343],[168.92191479820627,-71.23898094170403],[168.912,-71.235],[168.23496940202193,-71.14962664013767],[168.155,-71.087],[168.1486563776668,-71.08508715388108],[168.146,-71.083],[167.83,-70.989],[167.793,-70.944],[167.80038667410096,-70.94148424867576],[167.882,-70.937],[167.92521601289627,-70.89896990865128],[167.931,-70.897],[167.92903977798335,-70.89560499537465],[167.932,-70.893],[167.768,-70.781],[167.208,-70.737],[166.661,-70.774],[166.47883900226756,-70.7077596371882],[166.55266150870403,-70.68357640232108],[166.59975710594316,-70.6738992248062],[166.848,-70.714],[166.87420253164555,-70.70526582278481],[166.896,-70.708],[166.88939449541283,-70.70020183486238],[166.896,-70.698],[166.87546642134313,-70.6837589696412],[166.824,-70.623],[166.772,-70.612],[166.334,-70.601],[166.32375453740596,-70.60324900398406],[166.311,-70.603],[166.11018032786876,-70.650131147541],[165.80591017964073,-70.71692215568862],[165.8010729927007,-70.71657664233577],[165.803,-70.679],[165.79395924528302,-70.67763018867925],[165.794,-70.676],[165.6881600000005,-70.66160000000008],[165.64420145757413,-70.65493961478396],[165.391,-70.559],[164.94575402765443,-70.57273005201066],[164.897,-70.544],[164.372,-70.476],[163.762719987533,-70.51774512320328],[163.554,-70.465],[163.509,-70.483],[163.51902042149973,-70.48742280673093],[163.515,-70.49],[163.6059771774569,-70.56865735134296],[163.603,-70.57],[163.61017466974207,-70.5722864332145],[163.611,-70.573],[163.777,-70.626],[163.521,-70.675],[163.198,-70.622],[163.16946951490877,-70.55849666221627],[163.176,-70.53],[163.01441691842902,-70.51114864048338],[162.992,-70.505],[162.953,-70.432],[162.94851994778494,-70.42870457697641],[162.971,-70.422],[162.91182196572225,-70.40171038824762],[162.780654723127,-70.30522679153091],[162.754,-70.28],[162.74567342974316,-70.27949535937837],[162.745,-70.279],[162.523,-70.266],[162.209,-70.307],[162.097,-70.363],[162.06473106439773,-70.41734768101435],[162.01052310624107,-70.36847165316817],[162.028,-70.284],[162.073,-70.245],[162.045,-70.199],[162.03742584663294,-70.2007726741923],[162.036,-70.199],[162.033435971223,-70.20170647482014],[161.998,-70.21],[161.9554505005562,-70.28402447163514],[161.89552102376598,-70.34728336380257],[161.88957175877286,-70.34935868880017],[161.676,-70.205],[160.969,-70.256],[160.695,-70.138],[160.374,-70.052],[160.456,-69.985],[160.44394571740315,-69.98259665393708],[160.454,-69.979],[160.135,-69.921],[160.114,-69.854],[160.0747508105604,-69.821357109773],[160.057,-69.792],[160.02725250312895,-69.78185356695872],[160.013,-69.77],[159.70405810397543,-69.67161671763503],[159.67,-69.66],[159.62949913224577,-69.65509302325582],[158.90054706454194,-69.53375193372499],[158.8593169949611,-69.52246633073753],[158.8428531073446,-69.51398493408662],[158.84,-69.436],[158.758,-69.405],[158.59823188405832,-69.39671014492755],[158.5430444743935,-69.39246495956873],[158.417,-69.327],[158.40819771006127,-69.32510268662098],[158.408,-69.325],[158.134,-69.266],[157.876,-69.239],[157.81880748145758,-69.2806826830055],[157.80483018867935,-69.28006603773586],[157.5864037417017,-69.24535485817741],[157.55722187682144,-69.23980318632213],[157.403,-69.136],[157.245,-68.946],[157.23859585492227,-68.946],[157.236,-68.943],[157.142,-68.946],[157.107,-68.988],[157.10585869565216,-68.9935543478261],[157.104,-68.996],[157.091,-69.066],[157.15693834951455,-69.11907233009708],[157.14962790697675,-69.154],[156.851,-69.154],[156.84573181044098,-69.15601215573435],[156.842,-69.156],[156.707,-69.209],[156.507,-69.178],[156.4909992409675,-69.1834809229835],[156.47,-69.181],[156.37805877742954,-69.22216771159871],[156.3298591425738,-69.23867808375924],[156.135,-69.165],[155.722,-69.218],[155.308,-69.084],[155.2997473213133,-69.08501467360902],[155.287,-69.081],[155.2105295902883,-69.09598406676783],[155.10366679779705,-69.10912293469708],[154.857,-69.103],[154.544,-68.929],[154.5409141184125,-68.92816499674691],[154.537,-68.926],[154.4775063291139,-68.9110075949367],[154.28957886643235,-68.8601566344464],[154.3223114186851,-68.82406689734717],[154.517,-68.828],[154.563,-68.798],[154.56040564780025,-68.79660016967641],[154.564,-68.794],[154.41863780440664,-68.71511441824507],[154.4036,-68.69300000000001],[154.4090632022472,-68.6747893258427],[154.667,-68.699],[154.712,-68.674],[154.71055329949237,-68.66996446700509],[154.715,-68.667],[154.69957559198542,-68.63934244080144],[154.693,-68.621],[154.68821949678915,-68.61897978734603],[154.686,-68.615],[154.463,-68.522],[154.4582753002143,-68.52180671682696],[154.454,-68.52],[154.35299999999953,-68.51749999999998],[154.2468981831265,-68.5131594711279],[153.778,-68.344],[153.671,-68.347],[153.66791779702564,-68.35081925151168],[153.665,-68.351],[153.6609427732942,-68.35946221570065],[153.625,-68.404],[153.63438325991189,-68.41485777218377],[153.63,-68.424],[153.65622392870688,-68.44013054607511],[153.695,-68.485],[153.87053379694012,-68.57195424200275],[153.908,-68.595],[153.88013447432763,-68.61998288508556],[153.752,-68.601],[153.73979871520345,-68.6048346895075],[153.724,-68.603],[153.70744347826084,-68.61500347826087],[153.682,-68.623],[153.68932566047607,-68.62813889615487],[153.684,-68.632],[153.75724035369777,-68.67578054662381],[153.86675673435556,-68.75260547036882],[153.87449372108395,-68.78062590879048],[153.861,-68.807],[153.8994884792627,-68.87114746543782],[153.9,-68.873],[153.7195448323067,-68.92417385352498],[153.68778457879586,-68.92556990862435],[153.499,-68.851],[153.49510022607384,-68.85303466465712],[153.49,-68.851],[153.47002000000003,-68.86611999999998],[153.453,-68.875],[153.45454166666667,-68.87783333333334],[153.453,-68.879],[153.48113333333333,-68.94933333333334],[153.45622972972973,-68.96712162162162],[153.4353548561394,-68.96923936242064],[153.29851661237788,-68.92854397394137],[153.221,-68.901],[153.1978558927831,-68.89860770045594],[153.179,-68.893],[152.805,-68.858],[152.461,-68.766],[152.033,-68.88],[151.515,-68.879],[151.28502846975087,-68.9750640569395],[151.2223484042552,-68.97919680851064],[151.19182713125846,-68.97985317997293],[151.1629471544715,-68.96941463414633],[150.99092383638927,-68.88684344146685],[150.96471520029837,-68.86333275320881],[151.0424903767959,-68.72037029005145],[151.132,-68.567],[151.1300068321455,-68.55950189235685],[151.133,-68.554],[151.11892,-68.51779428571426],[151.111,-68.488],[151.03,-68.405],[151.00926788432267,-68.40421765601218],[150.993,-68.391],[150.9336737443855,-68.40136504695795],[150.871,-68.399],[150.59910870907973,-68.45981778875849],[150.56039889705883,-68.46658088235294],[150.00472015053032,-68.43129969209716],[150.0,-68.43025255972695],[149.79599447879855,-68.3849953621908],[149.77647808764945,-68.36860159362554],[149.7716305732484,-68.36196815286623],[149.77984210526313,-68.33550877192987],[149.795,-68.308],[149.78888984088127,-68.30635495716035],[149.789,-68.306],[149.717,-68.287],[149.488,-68.313],[149.4816032238066,-68.31561686298822],[149.462,-68.318],[149.43653571428567,-68.33405357142858],[149.3394897717667,-68.37375418427726],[148.84410033585218,-68.3372892527288],[148.6210999999997,-68.29509999999995],[148.53388615589165,-68.27696642845272],[148.457,-68.203],[148.440767246126,-68.19821245968694],[148.434,-68.191],[148.2370635538262,-68.13291736149712],[148.23072069464544,-68.11977858176556],[148.27193459235374,-68.09808705665593],[148.4812017923824,-68.04381448842419],[148.629,-68.021],[148.63988970397858,-68.00265944593077],[148.654,-67.999],[148.6446364049024,-67.99466500226963],[148.648,-67.989],[148.61642249836498,-67.9816030085023],[148.546,-67.949],[148.38336846942053,-67.92701038459771],[148.029,-67.844],[148.02451656770734,-67.84517908446658],[148.021,-67.844],[147.3428924524678,-68.01040676013059],[147.238,-68.017],[147.15730632411072,-68.06796442687744],[147.04972727272727,-68.1209090909091],[146.98388846880906,-68.13526492033486],[146.92525806451613,-68.13011059907834],[146.9242325141777,-68.12967107750472],[146.965,-68.072],[147.151,-67.991],[146.944,-67.85],[146.94030246725558,-67.84931807797746],[146.937,-67.847],[146.698618231964,-67.80267281172885],[146.643,-67.709],[146.63423522023476,-67.70889267616614],[146.633,-67.707],[146.398,-67.706],[146.323,-67.648],[146.32141463414635,-67.64760365853658],[146.318,-67.645],[146.155,-67.606],[145.736,-67.635],[145.30823644783436,-67.60430400435848],[145.3064427743182,-67.60199785269488],[145.37255638841575,-67.54780979557064],[145.533,-67.442],[145.62,-67.345],[145.875,-67.199],[145.87257467044887,-67.19741715334557],[145.875,-67.196],[145.78,-67.137],[145.43514583827366,-67.1034998814323],[145.438,-67.035],[145.404,-67.017],[145.39752785145888,-67.01763660477454],[145.396,-67.017],[145.168,-67.038],[145.1255507425746,-67.05228712871276],[144.867,-67.137],[144.72,-67.224],[144.586,-67.245],[144.60110513361462,-67.17106434599158],[144.61,-67.16],[144.60439352283316,-67.15496854613232],[144.605,-67.152],[144.458,-67.023],[144.4572656626506,-67.02293072289156],[144.454,-67.02],[144.32,-67.006],[144.30979175431216,-67.00901809002944],[144.299,-67.008],[144.09,-67.074],[143.87909610389613,-67.08962251082251],[143.80543883495145,-67.05468252427184],[143.80385584218513,-67.05131866464345],[143.79951087506322,-66.97050227617599],[143.802,-66.965],[143.79910037318234,-66.96286694119162],[143.799,-66.961],[143.7356732673267,-66.91620792079205],[143.715,-66.901],[143.4,-66.851],[143.291,-66.855],[143.28569604666237,-66.8568617411968],[143.283,-66.857],[142.895,-66.994],[142.566,-66.994],[142.362,-66.942],[142.238,-66.833],[141.994,-66.777],[141.605,-66.774],[141.469,-66.79],[141.39255736591986,-66.82669246435846],[141.36124756882427,-66.83445828017351],[141.172,-66.748],[141.162933820823,-66.74781397688514],[141.157,-66.745],[140.24423621335984,-66.72815202565376],[140.15026168224293,-66.68297196261679],[140.097,-66.655],[140.092016798419,-66.6549696146245],[140.09,-66.654],[139.44411697864615,-66.55758681451388],[139.431,-66.555],[139.4265139935646,-66.55495915623884],[139.333,-66.541],[138.77171591329437,-66.54886387512022],[138.71957281553404,-66.52387864077673],[138.686,-66.504],[138.67945839487936,-66.50465714754637],[138.676,-66.503],[138.467,-66.526],[137.468,-66.335],[136.976,-66.307],[136.744,-66.325],[136.72079171524587,-66.33689424593649],[136.515,-66.361],[136.382,-66.288],[136.38067179023508,-66.28781428571428],[136.37,-66.282],[135.817,-66.209],[135.42,-66.052],[134.948,-66.093],[134.8608104920807,-66.05328033528122],[135.158,-65.771],[135.16033624454144,-65.7675065502184],[135.163,-65.765],[135.16390385680018,-65.7621718029156],[135.265,-65.611],[135.26524746963563,-65.60638056680163],[135.268,-65.604],[135.27009999999999,-65.51579999999996],[135.274,-65.443],[135.27187359234233,-65.44130912162161],[135.272,-65.436],[135.108,-65.311],[135.046,-65.108],[134.994,-65.042],[134.75114983531796,-65.06091046364328],[134.74225408539795,-65.05707801792302],[134.513,-64.941],[134.4511460674157,-64.93166355734576],[134.438,-64.926],[134.42894040371675,-64.92831175905158],[134.407,-64.925],[134.3332189781022,-64.95273722627736],[134.293,-64.963],[134.28282719102978,-64.97168150713166],[134.274,-64.975],[134.26563325909427,-64.98635486265776],[134.11237233723372,-65.11714821482148],[134.101,-65.123],[134.1030514249878,-65.12510271061251],[134.102,-65.126],[134.1819673469388,-65.22595918367347],[134.18328571428572,-65.25452380952382],[134.179625,-65.28624999999998],[134.17217936802973,-65.31390520446097],[134.11961382113816,-65.36739295392958],[134.059,-65.422],[134.06844990176802,-65.4297779960706],[134.136,-65.489],[134.15403223290878,-65.55842409669872],[134.107,-65.598],[134.1007486152535,-65.64354580315296],[134.099,-65.646],[134.1003459037711,-65.64647984395319],[134.1,-65.649],[134.3302065106044,-65.73100489433547],[134.33517004578155,-65.74336690647478],[134.354,-65.842],[134.41550131080686,-65.94343722691517],[134.429649951156,-65.97867535004886],[134.41621212121214,-66.0749797979797],[134.411,-66.098],[134.33356737588642,-66.14669976359345],[134.25022651599232,-66.19779564793326],[134.01587928271653,-66.1707926745517],[133.978,-66.12],[133.891,-66.089],[133.577,-66.054],[133.53141732772627,-66.05730125203097],[133.528,-66.057],[133.218,-66.08],[132.905,-66.156],[132.28,-66.139],[131.701,-66.237],[131.42,-66.201],[131.12287507233333,-66.24425236288819],[130.85209896091075,-66.2001133102425],[130.83,-66.196],[130.81732445404361,-66.19679553635709],[130.603,-66.194],[130.317,-66.228],[130.0207291086353,-66.32500905292473],[129.907,-66.359],[129.88886200256735,-66.36818677792043],[129.865,-66.376],[129.81955606977584,-66.4032897828408],[129.676,-66.476],[129.57598178991776,-66.54955990450814],[129.477,-66.609],[129.36460003239915,-66.70502381338085],[129.332,-66.729],[129.32973200872303,-66.7348117276472],[129.326,-66.738],[129.30073394495403,-66.80911926605533],[129.3,-66.811],[129.3000337837838,-66.81109009009009],[129.299,-66.814],[129.30981818181817,-66.83718181818179],[129.33198230088496,-66.89628613569322],[129.29886712268956,-67.01586872362101],[128.99286709805787,-67.10072025883548],[128.8396445760632,-67.14175609625954],[128.82696449842345,-67.14104601191171],[128.469,-67.054],[127.993,-67.021],[127.78457380546074,-67.03861348122867],[127.54,-66.962],[127.527,-66.912],[127.51565086754127,-66.90879263647906],[127.513,-66.903],[127.49630747611018,-66.90332602585723],[127.481,-66.899],[127.25222588497817,-66.90692291307434],[126.93372837632776,-66.83506676783004],[126.92901246310267,-66.8322800918334],[126.93,-66.696],[126.915,-66.68057142857143],[126.915,-66.569],[126.988,-66.458],[126.98527741290215,-66.45761593598932],[126.988,-66.454],[126.669,-66.413],[126.434,-66.289],[126.356,-66.28],[126.096,-66.301],[125.859,-66.378],[125.551,-66.418],[125.54777411493941,-66.42048480335748],[125.544,-66.421],[125.477,-66.475],[125.409,-66.605],[125.31173585518307,-66.68506096274047],[125.19,-66.734],[125.052,-66.688],[125.04396691176471,-66.69121323529411],[125.033,-66.688],[124.9660476190476,-66.72238095238096],[124.90966490765172,-66.74493403693931],[124.735,-66.744],[124.653,-66.713],[124.695,-66.624],[124.69114421219041,-66.62062023537678],[124.694,-66.614],[124.614,-66.553],[124.289,-66.512],[122.989,-66.777],[122.94274751431153,-66.75760379632419],[123.021,-66.693],[123.0192264957265,-66.69077045177045],[123.025,-66.687],[122.99312844036697,-66.6579614678899],[122.986,-66.649],[122.98285908097823,-66.64860494044683],[122.98,-66.646],[122.183,-66.548],[121.559,-66.675],[121.327,-66.688],[121.32290153134528,-66.68988015558747],[121.321,-66.69],[121.024,-66.827],[120.79073553412462,-66.83886090504451],[120.625,-66.803],[120.61899475065617,-66.80341994750655],[120.617,-66.803],[120.57816959064328,-66.80627485380117],[120.053,-66.843],[119.96011306143521,-66.85840010325245],[119.787,-66.873],[119.50323980134787,-66.93414697883412],[119.48703455120196,-66.93683371315151],[118.634,-66.889],[118.463,-66.904],[118.31193437806073,-66.98469343780607],[117.945,-66.948],[117.767,-66.99],[117.031,-66.847],[116.916,-66.801],[116.91245231528524,-66.79648991145305],[116.911,-66.784],[116.87363851136796,-66.74714683094119],[116.728,-66.562],[116.72536286919832,-66.56172573839662],[116.724,-66.559],[116.59934002939733,-66.54740372366487],[116.188,-66.368],[116.18226396832378,-66.36798196216454],[116.18,-66.367],[115.552,-66.366],[115.197,-66.442],[115.19601424050632,-66.44270411392405],[115.19,-66.444],[115.16162162162168,-66.46727027027023],[115.13704838709677,-66.48482258064516],[114.957,-66.474],[114.9538979093396,-66.47531770222743],[114.949,-66.475],[114.8383156560321,-66.51875892668498],[114.80625900681596,-66.50048101265823],[114.792,-66.474],[114.73,-66.457],[114.53320085106382,-66.47185276595745],[114.50786466165414,-66.43752631578948],[114.50672727272728,-66.43354545454545],[114.52223529411765,-66.40252941176472],[114.575,-66.31],[114.56931003039513,-66.30837993920973],[114.57,-66.307],[114.437,-66.266],[114.44165517241379,-66.26134482758621],[114.534,-66.195],[113.99835565530945,-66.01777938038119],[113.72445637583844,-65.88681879194607],[113.65966487016168,-65.85575698187162],[113.489,-65.732],[113.48682299734605,-65.73176228131939],[113.483,-65.729],[113.331,-65.713],[113.31934418189924,-65.71347436469014],[113.315,-65.713],[113.159,-65.72],[112.504,-65.871],[111.378,-65.955],[111.36641578163291,-65.9575981065885],[111.348,-65.959],[110.892,-66.064],[110.733,-66.162],[110.707,-66.236],[110.70831566265059,-66.23890120481929],[110.707,-66.243],[110.73590588235291,-66.29974117647053],[110.7834010530675,-66.40447411702065],[110.63,-66.487],[109.979,-66.682],[109.471,-66.681],[109.455943977591,-66.68581792717087],[109.431,-66.686],[109.171,-66.777],[108.949,-66.779],[108.824,-66.831],[108.6711775486827,-66.78999885452464],[108.66268276972625,-66.78048470209339],[108.688,-66.719],[108.68538938053098,-66.71618053097345],[108.686,-66.715],[108.67998312236288,-66.7103417721519],[108.663,-66.692],[108.6554740061162,-66.69136697247706],[108.655,-66.691],[108.62320121951286,-66.68865243902444],[108.35306232804234,-66.66593047619048],[108.3320153295861,-66.64952376085846],[108.302,-66.603],[108.103,-66.471],[107.805,-66.398],[107.692,-66.407],[107.68462631921824,-66.41654241042346],[107.41187672439096,-66.45855686821251],[107.266,-66.448],[107.098,-66.39],[107.09291836734695,-66.39030612244898],[107.089,-66.389],[106.766,-66.41],[106.111,-66.301],[106.10865424669007,-66.30110236014444],[106.102,-66.3],[105.836,-66.313],[105.746,-66.266],[105.74074727483575,-66.2648826439892],[105.739,-66.264],[105.298,-66.17],[105.29496749623597,-66.17005668231334],[105.29,-66.169],[105.1214125874125,-66.17330069930071],[105.09343486973947,-66.1738236472946],[104.953,-66.13],[104.94827201394939,-66.13005928509153],[104.945,-66.129],[104.634,-66.134],[104.427,-66.05],[104.119,-66.004],[103.902,-65.986],[103.548,-66.018],[103.082,-65.928],[102.626,-65.901],[102.301,-65.95],[101.868,-65.949],[101.50824668187083,-66.05831730661383],[101.40752235550839,-66.06243947655393],[100.962,-66.078],[100.95607532363988,-66.08091506682612],[100.954,-66.081],[100.71061714285467,-66.20168571428692],[100.586,-66.263],[100.415,-66.414],[99.837,-66.533],[99.594,-66.664],[99.39,-66.848],[99.283,-66.881],[98.966,-66.703],[98.856,-66.562],[98.262,-66.516],[97.812,-66.586],[97.6004992583803,-66.73346840700088],[97.58932558139534,-66.73577408637874],[97.5314121085595,-66.70819624217118],[97.53787804878046,-66.67246341463435],[97.549,-66.615],[97.54827926638336,-66.61498300156563],[97.549,-66.611],[97.337,-66.61],[97.09,-66.546],[96.625,-66.638],[96.383,-66.625],[95.636,-66.681],[95.32118611841088,-66.66334688514453],[95.241,-66.599],[94.655,-66.546],[94.65388826955912,-66.54633549261825],[94.639,-66.545],[94.45431250000013,-66.60656249999995],[94.3407342636579,-66.64083758907366],[94.102,-66.676],[93.95713678043812,-66.65849974528783],[93.882,-66.598],[93.87738060309698,-66.59711165444172],[93.876,-66.596],[93.804,-66.583],[93.376,-66.608],[92.956,-66.586],[92.526,-66.638],[92.289,-66.613],[92.005,-66.534],[91.272,-66.541],[91.26466008332044,-66.54198210152754],[91.263,-66.542],[90.401,-66.656],[88.967,-66.761],[88.73862595915716,-66.71156838942795],[88.75384860557766,-66.65243426294829],[88.76723127649552,-66.60852237399905],[88.77251934941111,-66.60119461581604],[88.847,-66.522],[88.72674350086662,-66.44303639514736],[88.687,-66.416],[88.6745029664788,-66.39539513497479],[88.65,-66.329],[88.59317042985975,-66.26129563557366],[88.482,-66.078],[88.235,-66.036],[88.23472727272727,-66.03727272727272],[88.227,-66.036],[88.16058793969852,-66.38325628140693],[88.103,-66.652],[88.00403435114482,-66.66086259541987],[87.842,-66.673],[87.84064901960784,-66.67549411764706],[87.835,-66.676],[87.78853225806454,-66.77170967741932],[87.76515375918598,-66.81486998304126],[87.503,-66.895],[87.40890297684663,-66.90921609702316],[87.253,-66.924],[86.932,-67.024],[86.07,-67.062],[86.002,-67.078],[85.98631320008785,-67.0975128486712],[85.80665984405466,-67.17374951267054],[85.79518867924526,-67.17707547169812],[85.44991262135974,-67.18391262135921],[85.3935145773722,-67.18488740236641],[84.709,-67.133],[84.128,-67.164],[83.403,-67.157],[82.934,-67.246],[82.65929004478126,-67.39277643816742],[82.6412424242424,-67.3889090909091],[82.54193368700264,-67.35682472964702],[82.333,-67.222],[82.014,-67.252],[81.72185980611484,-67.42629381058912],[81.69733333333335,-67.43395833333332],[81.479,-67.494],[81.48332869565218,-67.50083478260869],[81.47,-67.505],[81.48869463242792,-67.50930731435987],[81.498,-67.524],[81.80074062968511,-67.58120389805096],[81.8539705792216,-67.59346828072327],[82.00027064220191,-67.64807798165141],[82.0526837469298,-67.67017989328365],[81.743,-67.679],[81.462,-67.625],[81.44907972270364,-67.63115251299827],[81.442,-67.63],[81.43097097625328,-67.63977572559368],[81.399,-67.655],[81.40088816169394,-67.66644003849855],[81.398,-67.669],[81.41241384995878,-67.7602877164056],[81.358,-67.795],[80.93064891041166,-67.86622518159805],[80.336,-67.897],[79.126,-68.096],[78.861,-68.17],[78.40430732044199,-68.43056698895028],[78.35413402061856,-68.41773195876289],[78.358,-68.41],[78.329,-68.403],[78.31714285714285,-68.40971428571429],[78.24373109243697,-68.42806722689076],[78.243,-68.421],[78.116,-68.46],[77.904,-68.575],[77.853,-68.631],[77.86683130344649,-68.63780228038353],[77.846,-68.673],[77.888,-68.713],[78.12634519394608,-68.77720727673649],[77.988,-68.821],[77.96072029739776,-68.84562750929369],[77.952,-68.849],[77.94084328882644,-68.86357203092057],[77.916,-68.886],[77.91564033695519,-68.89649017214016],[77.903,-68.913],[77.91401403368083,-68.94392401764232],[77.9122399103139,-68.99566928251122],[77.877,-69.016],[77.91027852998066,-69.05287620889749],[77.91008896587563,-69.05840516196086],[77.747,-69.117],[77.504,-69.131],[77.50081930981001,-69.13374028693292],[77.497,-69.134],[77.45338931297714,-69.17460305343508],[77.439,-69.187],[77.265,-69.22],[77.109,-69.211],[77.10652269399706,-69.21135578330893],[77.1,-69.211],[77.0140408163265,-69.22463775510204],[76.733,-69.265],[76.72926342003322,-69.26735528500276],[76.725,-69.267],[76.522,-69.398],[76.336,-69.371],[76.314,-69.402],[76.21489396757916,-69.41730906191867],[76.1893329532497,-69.41891619156215],[76.167,-69.391],[76.14584267367192,-69.39119410391127],[76.141,-69.388],[76.058,-69.392],[75.976,-69.432],[75.9762866466749,-69.43265355441876],[75.969,-69.434],[75.97781112019624,-69.43612935404742],[76.001,-69.489],[75.81521204330664,-69.59331944092406],[75.633,-69.554],[75.48394362017805,-69.58457566765578],[75.37336363636356,-69.56175757575757],[75.306,-69.546],[75.2993965688712,-69.54649453008454],[75.297,-69.546],[75.079,-69.562],[74.985,-69.611],[74.98752583237658,-69.61527095292767],[74.981,-69.619],[75.03889888967636,-69.70491448145523],[74.98376880607314,-69.75070048309179],[74.91471984435809,-69.74784046692608],[74.820671005386,-69.74051929982046],[74.801,-69.689],[74.79764520501524,-69.68804947475431],[74.797,-69.686],[74.741,-69.672],[74.647,-69.695],[74.64687008945936,-69.69824776351614],[74.637,-69.701],[74.64581927710843,-69.72451807228916],[74.64505312499999,-69.743671875],[74.6028395106153,-69.75990788053257],[74.074,-69.752],[73.85790118640446,-69.83699283882],[73.371,-69.879],[73.161,-69.965],[72.93,-70.013],[72.92367432995134,-70.01702908920298],[72.901,-70.022],[72.9002912297426,-70.03192278360343],[72.77834773767158,-70.10959379766142],[72.728,-70.123],[72.616,-70.204],[72.62014693797691,-70.21035863823126],[72.616,-70.213],[72.62556197576887,-70.21866169617893],[72.646,-70.25],[72.7757288135593,-70.30757627118642],[72.82745031712474,-70.33820084566597],[72.85906666666666,-70.42251111111112],[72.84884467944481,-70.43358493060146],[72.5,-70.448],[72.485,-70.478],[72.51676470588227,-70.49970588235288],[72.60001187648456,-70.56445368171022],[72.521,-70.635],[72.285,-70.683],[72.024,-70.663],[72.02177934246872,-70.6635741212154],[72.014,-70.663],[71.828,-70.713],[71.82591769547325,-70.71421152263373],[71.819,-70.716],[71.777,-70.74],[71.77920981928675,-70.74138701423317],[71.773,-70.745],[71.86971232876694,-70.79819178082181],[71.871,-70.799],[71.85150902061856,-70.84329768041236],[71.504,-70.954],[71.50519967793882,-70.95999838969404],[71.499,-70.962],[71.51836257899075,-71.04041844491253],[71.402,-71.103],[71.40014248536109,-71.14386532205596],[71.31319042821156,-71.21765491183882],[71.302,-71.224],[71.30332169850213,-71.22602975127113],[71.301,-71.228],[71.35351842895875,-71.31321858283872],[71.32415384615409,-71.33430769230752],[71.257,-71.38],[71.25709150541161,-71.38247064611348],[71.248,-71.389],[71.25760996790636,-71.39646913347177],[71.258,-71.407],[71.36364153927256,-71.47887981022669],[71.44396811166435,-71.54131184916487],[71.115,-71.636],[71.11285743568719,-71.63821840729732],[71.11,-71.639],[71.10802546360365,-71.64322142264045],[71.01748613636362,-71.7369656818182],[70.998,-71.748],[71.01499999999996,-71.77714285714278],[71.03,-71.805],[70.868,-71.869],[70.84248812095032,-71.93551311323667],[70.375,-72.05],[69.929,-72.105],[69.92580910485934,-72.10725949872123],[69.92,-72.108],[69.744,-72.236],[69.4247088607595,-72.35573417721518],[69.2814976013955,-72.37603183602268],[68.87334620459384,-72.42130460187953],[68.73889265411383,-72.41337436565819],[67.901,-72.276],[67.484,-72.158],[67.34141719134958,-72.06522351491925],[67.55525886352592,-71.94805876639148],[67.665,-71.89],[67.66709945310919,-71.88678083856593],[67.674,-71.883],[67.68330464716009,-71.86193287435452],[67.695,-71.844],[67.69378477094511,-71.83820429219976],[67.727,-71.763],[67.899,-71.648],[67.89317128874389,-71.6428189233279],[67.902,-71.637],[67.87939845261121,-71.63057640232108],[67.854,-71.608],[67.81706329113925,-71.61286009327115],[67.807,-71.61],[67.75467088607591,-71.62106962025317],[67.60006371814093,-71.64141266866567],[67.60486325267306,-71.58461817670229],[67.916,-71.447],[67.985,-71.378],[68.25036461237785,-71.23993206514658],[68.674,-71.161],[68.982,-70.996],[69.104,-70.903],[69.1119704797048,-70.88966051660518],[69.114,-70.888],[69.20982132564784,-70.72589625360328],[69.248,-70.662],[69.24766430176186,-70.66024252098852],[69.28064071856286,-70.52335928143712],[69.296,-70.508],[69.29229432624113,-70.47498581560282],[69.3,-70.443],[69.28665608856089,-70.42475424354244],[69.285,-70.41],[69.26733333333334,-70.39833333333333],[69.251,-70.376],[69.20204000000001,-70.35521509433963],[69.179,-70.34],[69.16420909757886,-70.33915480557594],[69.145,-70.331],[69.09017523364484,-70.33492429906542],[68.969,-70.328],[68.77363708201639,-70.35758176676093],[68.67,-70.365],[68.67211047843041,-70.37295488023767],[68.652,-70.376],[68.67806043183852,-70.395381627699],[68.683,-70.414],[68.849,-70.523],[68.691,-70.618],[68.68372196041472,-70.72899010367577],[68.67229092051525,-70.74373012880929],[68.63182925134616,-70.75782351919403],[68.28919651272385,-70.76717577756833],[68.21748768472905,-70.7452857142857],[68.21105086928524,-70.74176368319381],[68.312,-70.623],[68.316,-70.501],[68.273,-70.443],[68.2615736925515,-70.44211251980983],[68.255,-70.435],[68.178,-70.433],[68.17321313698896,-70.43524956403797],[68.17,-70.435],[68.13657066309439,-70.45246952444745],[68.00369649155374,-70.51491312418787],[67.97687794955247,-70.5123344182262],[67.64867418712674,-70.39161579296616],[67.64747181233447,-70.38909080590238],[67.6488012646,-70.38371116185122],[67.728,-70.319],[67.6766659086829,-70.27095655556221],[67.68939300405434,-70.21945621615222],[67.883,-70.089],[68.033,-70.058],[68.02309074410162,-70.05103992740472],[68.038,-70.047],[67.94444964539007,-69.97567943262412],[67.94270080488482,-69.96671662503469],[68.02143283214198,-69.92137096376634],[68.11888090938064,-69.87699320089239],[68.333,-69.859],[68.639,-70.013],[68.70960947503201,-70.02308706786172],[68.714,-70.025],[68.71866451612902,-70.0243806451613],[68.723,-70.025],[68.955,-69.993],[69.205,-69.864],[69.20562472503299,-69.86228200615926],[69.21,-69.86],[69.20714161490683,-69.8581105590062],[69.213,-69.842],[69.10388697788699,-69.7898574938575],[69.09945127925965,-69.7869254218835],[69.08556929637527,-69.75973987206824],[69.07973830077238,-69.73955565651977],[69.10623463687153,-69.72931843575418],[69.313,-69.671],[69.33090566037735,-69.64251372212694],[69.34,-69.639],[69.33422328492148,-69.63723568307945],[69.335,-69.636],[69.29462352941182,-69.6251411764706],[69.137,-69.577],[69.0979581011982,-69.572250095398],[69.071,-69.565],[68.96557926252751,-69.5561446580523],[68.81079382431915,-69.53731319524357],[68.79619011406844,-69.52774524714829],[68.79350918790753,-69.52193657379965],[68.80591201608848,-69.49676068376068],[68.857,-69.459],[68.87025686394142,-69.38324649176326],[68.88601688555345,-69.37519136960601],[68.92853672404392,-69.36440735259755],[69.11852413700112,-69.3520755124056],[69.226,-69.36],[69.397,-69.334],[69.635,-69.388],[69.743,-69.363],[69.74336251015434,-69.35968907392363],[69.746,-69.359],[69.763,-69.229],[69.75782419815717,-69.22760565683113],[69.758,-69.226],[69.45458573853965,-69.14591426146004],[69.299,-69.104],[69.30739785586661,-69.09778558665872],[69.5226785230353,-69.02488177506773],[69.716,-68.978],[69.76410518174787,-68.9431237432328],[69.794,-68.933],[69.78644776119403,-68.92692537313434],[69.796,-68.92],[69.76523204994797,-68.90986056191467],[69.748,-68.896],[69.72109212092357,-68.89531444894072],[69.708,-68.891],[69.4314800274806,-68.88609716360781],[69.41877372262775,-68.87650260688218],[69.39644119203896,-68.84715128096549],[69.56187384792618,-68.79150115207376],[69.694,-68.754],[69.69874508984539,-68.74545883827831],[69.712,-68.741],[69.71451948051948,-68.71706493506494],[69.724,-68.7],[69.71717757009345,-68.69181308411216],[69.718,-68.684],[69.68570212765955,-68.65404255319147],[69.684,-68.652],[69.74892773189326,-68.61404224904702],[70.018,-68.598],[70.102,-68.524],[70.008,-68.414],[69.86160996884736,-68.30687352024923],[69.668,-68.132],[69.65744731977819,-68.04949722735677],[69.71,-67.886],[69.679,-67.778],[69.645,-67.754],[69.521,-67.738],[69.3899011494253,-67.75310804597702],[69.359,-67.753],[69.28765060240963,-67.76489156626506],[69.252,-67.769],[69.24935185185184,-67.77127469135803],[69.245,-67.772],[69.174,-67.836],[69.0006502463055,-67.86055788177339],[68.76711845473577,-67.86895043053293],[68.298,-67.866],[68.03,-67.829],[67.526,-67.819],[67.23,-67.76],[66.768,-67.781],[65.318,-67.659],[64.874,-67.666],[63.778,-67.516],[63.152,-67.537],[63.148938501701906,-67.53779425663394],[63.143,-67.538],[62.728,-67.647],[62.003,-67.537],[61.452,-67.55],[61.43031427349209,-67.50921018109226],[61.479,-67.463],[61.413299171525004,-67.47720558453513],[61.41,-67.471],[61.141,-67.478],[61.07426547455294,-67.46630536451168],[61.034,-67.447],[60.527,-67.369],[60.520972731190206,-67.36934570369732],[60.519,-67.369],[59.98633128834359,-67.3831260210826],[59.764,-67.369],[59.65838838260354,-67.39182284952211],[59.614,-67.393],[59.46437012542759,-67.36324903078676],[59.454,-67.354],[59.111,-67.412],[58.899365886675696,-67.35860607232644],[58.87669886363638,-67.31152840909094],[58.875426753448615,-67.30797989119877],[59.066,-67.299],[59.064657723439176,-67.29739304918775],[59.076,-67.297],[59.04380871050383,-67.27243296327923],[58.995,-67.214],[58.924,-67.181],[58.683,-67.161],[58.434,-67.189],[58.222514534883715,-67.1259253875969],[58.214,-67.072],[58.206,-67.06916666666667],[58.206,-67.061],[58.189606557377054,-67.06336065573771],[58.166,-67.055],[57.956,-67.097],[57.66,-67.0],[57.31616001922153,-67.01850696780394],[57.225,-66.965],[57.21946175637395,-66.96513031161473],[57.216,-66.963],[57.17031468531459,-66.96628671328672],[57.057444966245946,-66.96894247138245],[56.9250082644636,-66.94146280991751],[56.734,-66.901],[56.730385341896486,-66.89509142425386],[56.733,-66.855],[56.682877736707425,-66.81548052317316],[56.68688152934843,-66.81311093161011],[56.853,-66.788],[56.849,-66.725],[56.88142693409741,-66.69998493655342],[57.333,-66.698],[57.338,-66.698],[57.312,-66.563],[57.30790046302492,-66.56188328025051],[57.307,-66.557],[56.754,-66.411],[56.273,-66.387],[55.628,-66.01],[55.6211466083151,-66.00824726477025],[55.619,-66.007],[55.28,-65.921],[54.983,-65.893],[54.152,-65.893],[53.779,-65.84],[52.838,-65.939],[52.512,-65.929],[51.989,-65.976],[51.508,-66.118],[51.334837564702994,-66.24663495193492],[51.153,-66.269],[51.14988674340885,-66.2704021537319],[51.145,-66.271],[51.016870583564874,-66.32860857483129],[50.609,-66.377],[50.413,-66.442],[50.194,-66.599],[50.168,-66.729],[50.171401032702235,-66.73459380378658],[50.17,-66.743],[50.22310156895126,-66.81962758051193],[50.244,-66.854],[50.24739378264878,-66.85468216736659],[50.249,-66.857],[50.29944606221044,-66.86514493712772],[50.443,-66.894],[50.4497066504707,-66.93519799574855],[50.39282857142839,-66.99121428571446],[50.392,-66.992],[50.3920147139563,-66.99201581201274],[50.39,-66.994],[50.44560000000003,-67.04960000000003],[50.459,-67.064],[50.46022257053291,-67.0642225705329],[50.463,-67.067],[50.73844400939617,-67.11487314017212],[50.849,-67.135],[50.689,-67.181],[50.491,-67.201],[50.0338062902073,-67.15736740528949],[50.000053254437866,-67.1456272189349],[49.91958064516128,-67.06132258064515],[49.913,-67.053],[49.9111219379423,-67.05246107784431],[49.904,-67.045],[49.829,-67.022],[49.811132030886,-67.02376832190642],[49.798,-67.02],[49.152,-67.089],[49.080345761349946,-67.04712414624348],[49.268,-66.998],[49.26939421338156,-66.99637341772153],[49.275,-66.995],[49.29437499999998,-66.9672291666667],[49.304,-66.956],[49.3031216730038,-66.95469226869454],[49.305,-66.952],[49.259,-66.889],[49.173,-66.863],[49.17015867462441,-66.86468553200247],[49.164,-66.863],[49.08428255528245,-66.91562899262907],[49.05804215953899,-66.93119532908705],[48.743,-66.952],[48.333,-67.097],[48.33221805995739,-67.09779311061463],[48.326,-67.1],[48.263,-67.16],[48.26765274818918,-67.16328078397954],[48.263,-67.168],[48.28783319221001,-67.17751058425065],[48.341,-67.215],[48.43806422018351,-67.23504587155965],[48.498,-67.258],[48.59870739299601,-67.26822217898831],[48.617,-67.272],[48.670437735849056,-67.34822735849056],[48.676,-67.367],[48.68332147593235,-67.36660563478586],[48.685,-67.369],[49.103,-67.344],[49.168356496906235,-67.36333079485958],[49.16751940298508,-67.37546865671641],[49.16240088105727,-67.3837370382921],[49.011,-67.408],[48.939,-67.463],[48.661,-67.477],[48.4477009081435,-67.58165609647163],[48.217,-67.634],[48.059,-67.614],[47.89979939209724,-67.65934194528876],[47.666072143948426,-67.70821218808351],[47.427480041472265,-67.72127630896837],[47.38845283018868,-67.72007547169811],[47.316,-67.692],[47.228,-67.593],[47.01924337744861,-67.55201125675931],[47.449,-67.421],[47.44489812332439,-67.41923056300269],[47.449,-67.418],[47.296,-67.355],[47.00742039355993,-67.34334021792162],[46.9902590529248,-67.29419637883011],[46.987,-67.276],[46.931,-67.264],[46.551,-67.277],[46.249,-67.355],[46.24925573209019,-67.3571353629531],[46.246,-67.358],[46.238,-67.42],[46.25856530509329,-67.434870297529],[46.269,-67.522],[46.27036,-67.52268000000001],[46.269,-67.525],[46.319250000000004,-67.54712500000001],[46.39852380952381,-67.5867619047619],[46.38864435146439,-67.5928577405858],[46.30104682779457,-67.6424078549849],[45.841,-67.666],[45.67561529787634,-67.76542770782434],[45.482,-67.696],[45.009,-67.733],[44.802,-67.8],[44.79864309188905,-67.80180833442881],[44.795,-67.803],[44.466,-67.981],[44.068,-67.97],[44.06725778546713,-67.970223183391],[44.059,-67.97],[43.782,-68.056],[43.295,-68.034],[42.845,-68.088],[42.743587382690286,-68.13852325338895],[42.638,-68.14],[42.622,-68.187],[42.291,-68.364],[41.961,-68.385],[41.401,-68.502],[41.112,-68.522],[41.11007590811967,-68.52347761752137],[41.103,-68.524],[40.92744067512903,-68.66130896917282],[40.643,-68.686],[40.40026368159202,-68.78467330016585],[39.997,-68.842],[39.76,-68.954],[39.755,-69.089],[39.804828297218265,-69.16470068231237],[39.655,-69.185],[39.635,-69.227],[39.696495652173915,-69.28660347826087],[39.696,-69.287],[39.766,-69.354],[39.87728667687596,-69.39079640122512],[39.86368932554435,-69.39748884758365],[39.816,-69.402],[39.75124255788312,-69.44866345093716],[39.65851724137942,-69.42713793103451],[39.598,-69.411],[39.595581066376496,-69.41252774755169],[39.589,-69.411],[39.544,-69.44],[39.548365138137285,-69.44234833380803],[39.541,-69.447],[39.702,-69.52651829268294],[39.702,-69.53017241379311],[39.676,-69.549],[39.702,-69.58483783783784],[39.702,-69.6028875],[39.633,-69.621],[39.702,-69.649],[39.468,-69.643],[39.460911070780384,-69.64453539019964],[39.432,-69.644],[39.42591334250344,-69.65211554332875],[39.034,-69.737],[39.031983303567685,-69.73785131037921],[39.025,-69.739],[39.02253755063884,-69.74183865690244],[38.79,-69.84],[38.79097511902933,-69.84501489786514],[38.777,-69.847],[38.79278245501285,-69.85430976863752],[38.797,-69.876],[38.863059362934365,-69.88685907335908],[38.867751491569386,-69.8890322697795],[38.65,-69.989],[38.591,-69.971],[38.54101999333555,-69.8804701766078],[38.54154324324324,-69.86660405405405],[38.584,-69.766],[38.547,-69.722],[38.694,-69.559],[38.564,-69.501],[38.477,-69.51],[38.47360296425458,-69.51689398430689],[38.473,-69.517],[38.430749053542456,-69.58731314223904],[38.359,-69.636],[38.343579332790895,-69.73237917005694],[38.34048584251863,-69.73752729192793],[38.236,-69.801],[38.23699890150128,-69.80508641523252],[38.234,-69.807],[38.24156948993917,-69.97920589611606],[38.23997449626602,-69.98776849372975],[38.12064946317574,-69.91521887361085],[38.13026203208556,-69.87570053475936],[38.133,-69.868],[38.13230212765958,-69.8673134751773],[38.137,-69.848],[38.02482387806942,-69.76158283940163],[38.01,-69.747],[38.00540614112332,-69.7466239901987],[38.002,-69.744],[37.837,-69.715],[37.744278836323055,-69.725250580909],[37.729,-69.724],[37.615322487536076,-69.68219601154553],[37.614,-69.679],[37.58885029940117,-69.6724610778443],[37.574,-69.667],[37.56709126594703,-69.66680372914622],[37.564,-69.666],[37.406,-69.661],[37.40230465086806,-69.66212229121786],[37.398,-69.662],[37.271,-69.702],[37.14944669957945,-69.66310294386543],[37.43352644795791,-69.54190851196336],[37.59501850925437,-69.53771885942973],[37.851,-69.534],[37.85113298271976,-69.5310743801653],[37.854,-69.531],[37.88908328115216,-69.441385097057],[37.912,-69.424],[37.907061023336716,-69.39546369038992],[37.946,-69.296],[37.916,-69.251],[37.90875651879445,-69.25111683034203],[37.907,-69.249],[37.89523373493971,-69.25133493975905],[37.792,-69.253],[37.6091408596582,-69.3081082340756],[37.136,-69.402],[37.086,-69.437],[37.08826919642857,-69.44363303571429],[37.007687661917096,-69.51392001295336],[36.977,-69.527],[36.927281479538294,-69.58405403987409],[36.910682986066725,-69.59853202096382],[36.798,-69.631],[36.723,-69.728],[36.701760847283886,-69.72125111035189],[36.646,-69.686],[36.40167606652205,-69.62540766449746],[36.38796017069702,-69.60032716927455],[36.378,-69.571],[36.36970086246028,-69.56693871992736],[36.367,-69.562],[36.33996819787988,-69.55238869257951],[36.331,-69.548],[36.32682264150942,-69.54771471698113],[36.322,-69.546],[36.13020425531915,-69.53001702127659],[36.13129113924051,-69.52898734177215],[36.181,-69.49],[36.176753976670206,-69.48591728525982],[36.183,-69.48],[36.151205128205135,-69.46135108481263],[36.08555900621118,-69.3982298136646],[36.088336898395724,-69.38943315508021],[36.11433687002652,-69.38813315649867],[36.356,-69.462],[36.365243204577965,-69.46111969480211],[36.376,-69.465],[36.44059322033895,-69.45394350282487],[36.482,-69.45],[36.482281678773205,-69.44680764057036],[36.487,-69.446],[36.488,-69.382],[36.415,-69.314],[36.175,-69.246],[35.619,-69.158],[34.87808204687998,-68.87175837290765],[34.83982783982566,-68.78715772269135],[34.823,-68.716],[34.79535416137499,-68.6888024722716],[34.776,-68.646],[34.652,-68.542],[34.645247691224576,-68.54113016109662],[34.638,-68.534],[34.403384462151486,-68.50997310756973],[34.194,-68.483],[34.16839704329462,-68.48590813093982],[34.14,-68.483],[33.745,-68.534],[33.43,-68.648],[33.42852580519985,-68.64935040745053],[33.424,-68.651],[33.323,-68.721],[33.30364287472311,-68.76374698498647],[33.299,-68.768],[33.300023802163835,-68.77173910355486],[33.299,-68.774],[33.322,-68.852],[33.44,-68.954],[33.052,-69.043],[33.04243258891647,-69.05234491315136],[33.027,-69.056],[33.023721349936835,-69.07062100703844],[33.009,-69.085],[32.96443324250681,-69.2372697547684],[32.92227163781627,-69.26409986684419],[32.770653778558795,-69.32321441124783],[32.65682684882685,-69.36326462726463],[31.67090324613633,-69.5905641348888],[31.647,-69.596],[31.063788680839085,-69.77485147120935],[30.559908233445007,-69.7971841226174],[30.0,-69.81693713919178],[29.488,-69.835],[29.464996147467062,-69.83947743982867],[29.449,-69.84],[28.620054846179343,-70.00298921601058],[28.067,-70.058],[27.533,-70.16],[27.028,-70.138],[26.298,-70.217],[25.963,-70.301],[25.489,-70.311],[23.19826746131143,-70.54589631374748],[23.080637241231315,-70.54564603668348],[22.68674341065268,-70.53052397006162],[21.848,-70.396],[20.85042103104068,-70.37676028989472],[20.772457139814644,-70.36981301245874],[19.509,-70.167],[18.555004009171334,-70.08628474287586],[18.149,-69.976],[18.13403401360546,-69.97531972789116],[18.122,-69.972],[18.105810676464205,-69.9740368489302],[18.017,-69.97],[16.09016087490144,-70.22763448275875],[15.68142979887364,-70.27905871015801],[14.869,-70.281],[14.166,-70.159],[14.146216748827415,-70.16215962716569],[14.127,-70.159],[13.471,-70.27],[12.74,-70.281],[12.732622205539705,-70.28472828047461],[12.719,-70.285],[12.459,-70.423],[12.150452770831688,-70.65399346616114],[12.053839480874302,-70.70843852459016],[11.995492705979062,-70.72244175056503],[11.720041236774488,-70.71771140829335],[11.016617559389463,-70.68227883660013],[10.686709345040766,-70.6463273004211],[10.446,-70.564],[10.248,-70.417],[10.036,-70.376],[9.231,-70.095],[9.074,-70.066],[8.683,-70.074],[8.619,-70.095],[8.620541572012721,-70.09572467060427],[8.614,-70.098],[9.086304347826086,-70.31629192546583],[9.084179104477611,-70.32023880597015],[8.713,-70.463],[8.486067727762602,-70.47669418884192],[8.225,-70.39],[7.966,-70.179],[7.557,-70.168],[7.334,-70.246],[7.033,-70.509],[6.7108495562640895,-70.58349124374674],[4.53557396450169,-70.6714378698223],[4.42,-70.676],[4.4189636328436706,-70.67615243806998],[4.398,-70.677],[3.441,-70.82],[2.878,-70.836],[1.33,-71.121],[0.973,-71.157],[0.9443822771308346,-71.16320691494091],[0.928,-71.165],[0.452,-71.27],[0.12,-71.39],[0.1175924976188762,-71.39403839109092],[0.115,-71.395],[0.08568457943925241,-71.4438590342679],[-0.29782084315552876,-71.65889954254457],[-0.918,-71.583],[-0.9092702980472718,-71.57019218910585],[-0.777,-71.389],[-0.7833786555341425,-71.38548985228003],[-0.781,-71.382],[-0.946,-71.296],[-1.053,-71.277],[-1.314,-71.319],[-1.3194188914683695,-71.32190206035985],[-1.32,-71.322],[-1.331653386454162,-71.32845418326693],[-1.520658801483812,-71.42967509273778],[-1.933,-71.406],[-2.094,-71.486],[-2.331061458877127,-71.28714266052869],[-2.25,-71.191],[-2.2536333333333323,-71.18494444444445],[-2.252,-71.183],[-2.2554999999999987,-71.18183333333334],[-2.262,-71.171],[-2.277287553648057,-71.17457081545065],[-2.285,-71.172],[-2.536,-71.235],[-2.86,-71.243],[-3.102,-71.299],[-3.243,-71.288],[-3.619,-71.332],[-3.914,-71.287],[-4.202,-71.334],[-4.721,-71.286],[-5.257,-71.382],[-6.009,-71.419],[-6.126770522388054,-71.35022201492538],[-6.133303892215569,-71.3413128742515],[-6.114527950310551,-71.21488819875772],[-6.103,-71.145],[-5.442,-70.886],[-5.443891491403837,-70.88314264064526],[-5.441,-70.882],[-5.489,-70.815],[-5.675,-70.735],[-5.681603174603155,-70.73390392648288],[-5.717,-70.719],[-5.804237163814224,-70.7135476772616],[-5.922,-70.694],[-5.982058977719522,-70.70243381389253],[-6.021,-70.7],[-6.392,-70.76],[-6.654,-70.89],[-7.029,-70.994],[-7.713,-71.416],[-7.713591916888382,-71.42310300266058],[-7.723,-71.429],[-7.714961602671119,-71.43953923205342],[-7.717,-71.464],[-7.678,-71.488],[-7.336,-71.626],[-7.312,-71.657],[-7.3270117187500015,-71.679875],[-7.335372416169039,-71.68910059715203],[-7.899,-71.713],[-8.38172673501575,-71.82333753943217],[-8.409774540355304,-71.81826674976627],[-8.642,-71.743],[-8.728,-71.606],[-8.812,-71.359],[-8.937,-71.23],[-8.940449744463374,-71.2285741056218],[-8.942,-71.227],[-9.237,-71.106],[-9.661837688965056,-71.02554574943387],[-9.657755550856423,-71.02015732713048],[-9.482,-70.965],[-9.47843243243243,-70.96242342342343],[-9.444,-70.943],[-9.446648648648651,-70.93946846846846],[-9.446,-70.939],[-9.448800000000011,-70.93659999999998],[-9.459,-70.923],[-9.465035502958585,-70.92268385460693],[-9.467,-70.921],[-9.784,-70.896],[-9.846496757457814,-70.90270255079983],[-9.879,-70.901],[-9.98524690294103,-70.91758300118498],[-10.129,-70.933],[-10.264750227894089,-70.9612078395624],[-10.43,-70.987],[-10.435022900763363,-70.99658917418459],[-10.437,-70.997],[-10.43559149072297,-70.99767466410748],[-10.441,-71.008],[-10.399,-71.035],[-10.344972865359107,-71.04108022415572],[-10.318,-71.054],[-10.082799999999995,-71.07546666666667],[-10.056301762114535,-71.10332378854626],[-10.052776590970288,-71.1128921102235],[-10.544,-71.359],[-10.884,-71.607],[-11.019,-71.657],[-11.30206137327675,-71.65895214740192],[-11.59369023432209,-71.55913287281594],[-11.626800811738995,-71.4215966281611],[-11.553,-71.29],[-11.560885542168679,-71.2852686746988],[-11.557,-71.279],[-11.570455230914247,-71.27952686145146],[-11.578,-71.275],[-11.654504011161373,-71.28281792814788],[-11.889,-71.292],[-12.012732283464587,-71.3194251968504],[-12.126,-71.331],[-12.24271622769753,-71.3704010195412],[-12.277,-71.378],[-12.278186452762922,-71.38237504456328],[-12.283,-71.384],[-12.293,-71.437],[-12.141,-71.651],[-11.488,-71.84],[-11.352013513513523,-71.93378378378378],[-11.33981696428571,-71.94841964285715],[-11.325047105911331,-71.98748830049261],[-11.322513965726623,-72.04727040885172],[-11.369,-72.159],[-11.658,-72.327],[-12.081,-72.438],[-12.152676999012831,-72.50677117472853],[-12.288,-72.569],[-13.149,-72.735],[-13.406,-72.823],[-13.749,-72.79],[-14.453,-72.792],[-14.461540968167254,-72.79692748163495],[-14.469,-72.797],[-14.47358333333334,-72.803875],[-14.479,-72.807],[-14.4769792746114,-72.80896891191709],[-14.483,-72.818],[-14.44,-72.845],[-14.108,-72.921],[-13.981,-72.993],[-13.739881028449721,-73.02000532481364],[-13.766,-73.06],[-13.810109443485091,-73.07130508699692],[-14.211,-73.154],[-14.441,-73.233],[-15.283,-73.187],[-15.562,-73.269],[-16.024,-73.32],[-16.263,-73.416],[-16.26437313432836,-73.43488059701494],[-16.276501764290753,-73.4797565278758],[-16.318,-73.518],[-16.29624528301887,-73.55280754716982],[-16.298653979238754,-73.5617197231834],[-16.331,-73.583],[-16.656,-73.669],[-16.659027691626054,-73.67029028208536],[-16.688,-73.678],[-16.8805988372093,-73.76471511627906],[-16.893,-73.77],[-16.89325625782228,-73.77041395494368],[-16.899,-73.773],[-16.899235772357724,-73.78007317073171],[-16.906,-73.791],[-16.899756097560974,-73.79568292682926],[-16.9,-73.803],[-16.881304347826084,-73.80952173913043],[-16.874,-73.815],[-16.856233387358177,-73.81826742301459],[-16.814,-73.833],[-16.796481874344337,-73.82925620701714],[-16.787,-73.831],[-16.372411633700725,-73.76753555790428],[-16.10263157894737,-73.75016541353384],[-16.0822091311732,-73.7529005627893],[-16.47837328296773,-73.89987671703322],[-16.60473018096124,-73.94545967275798],[-16.919,-73.976],[-16.902108060534488,-73.978506729634],[-16.916,-73.98],[-16.326,-74.064],[-15.967,-74.071],[-15.927988254725628,-74.06773719948615],[-15.9,-74.068],[-15.417,-74.025],[-14.873,-73.919],[-14.596,-73.812],[-14.490994815294881,-73.82524389717001],[-14.480379876796714,-73.83712251882272],[-14.458,-73.891],[-14.409,-73.917],[-14.116,-73.898],[-13.714114885435027,-73.94463851946803],[-14.265830376153275,-74.10434563520226],[-14.887,-74.175],[-15.376,-74.329],[-15.671,-74.372],[-15.672531342027765,-74.37372275978123],[-15.681,-74.375],[-15.74670368407103,-74.45443281208587],[-15.88,-74.506],[-17.147,-74.785],[-17.198,-74.821],[-17.20905309303458,-74.84052118850462],[-17.223,-74.853],[-17.322,-75.04],[-17.7,-75.229],[-18.077,-75.309],[-18.077126607879624,-75.31313585740097],[-18.081,-75.314],[-18.08497992744861,-75.40951825876662],[-18.256,-75.496],[-18.25652636216772,-75.4992333676017],[-18.258,-75.5],[-18.256966592427617,-75.50193763919822],[-18.263,-75.539],[-18.21168988764046,-75.58683146067415],[-18.21,-75.59],[-18.20765080635936,-75.59059670593618],[-18.204,-75.594],[-17.773,-75.701],[-17.761846153846154,-75.7225641025641],[-17.775188049209152,-75.73145869947277],[-18.736,-75.813],[-19.823,-75.757],[-20.178,-75.804],[-20.386,-75.909],[-20.783,-75.964],[-21.404,-75.969],[-21.915,-75.911],[-22.299,-75.982],[-22.71,-75.979],[-22.996,-76.029],[-23.414,-76.017],[-24.561,-76.083],[-25.343,-76.177],[-26.051818067754077,-76.33959974905896],[-26.312,-76.293],[-26.56,-76.308],[-26.56790862944159,-76.31127918781725],[-26.606,-76.314],[-26.591651815799317,-76.32112392362411],[-26.601,-76.325],[-26.509809053975665,-76.36175914103306],[-26.47777809268883,-76.37766262530835],[-26.908,-76.427],[-27.22,-76.508],[-27.729,-76.511],[-27.765317135549925,-76.5144047314578],[-27.816,-76.515],[-28.305,-76.565],[-28.936,-76.678],[-29.173,-76.793],[-29.667,-76.87],[-30.221,-77.023],[-31.061,-77.118],[-31.067426433616664,-77.12081814916796],[-31.069,-77.121],[-31.549,-77.332],[-32.529,-77.378],[-32.826,-77.457],[-33.223,-77.503],[-33.517,-77.613],[-33.886,-77.661],[-34.297,-77.81],[-34.542,-77.942],[-35.304,-78.154],[-35.707,-78.308],[-36.098,-78.51],[-36.100332686257424,-78.51209706138295],[-36.104,-78.514],[-36.138500000000185,-78.54640909090926],[-36.197,-78.599],[-36.20019316375198,-78.60436327503974],[-36.203,-78.607],[-36.2544423076925,-78.6954807692311],[-36.3,-78.772],[-36.29981310309802,-78.77351853732858],[-36.303,-78.779],[-36.293650429799435,-78.82359025787962],[-36.292,-78.837],[-36.290504854368926,-78.83859223300972],[-36.29,-78.841],[-36.27030095759244,-78.86010807113533],[-36.215,-78.919],[-36.20519090170593,-78.92326482534524],[-36.19,-78.938],[-36.10497297297299,-78.96683783783783],[-35.985,-79.019],[-35.93461311818253,-79.02461722914788],[-35.904,-79.035],[-34.881006935222416,-79.14207532831634],[-34.5380250397053,-79.18031162774982],[-34.215,-79.234],[-33.791,-79.384],[-33.001,-79.454],[-32.127,-79.416],[-29.395,-79.132],[-27.379,-78.992],[-27.09470476797404,-79.01757673367707],[-27.183,-79.064],[-28.449,-79.26],[-29.291,-79.488],[-30.204,-79.664],[-30.199583941605837,-79.6647788321168],[-30.211,-79.667],[-29.654,-79.761],[-28.495,-79.884],[-28.194,-79.943],[-28.062787365177194,-80.00664791987673],[-28.04864148527529,-80.11627848911651],[-28.080540697674415,-80.16564631782946],[-28.086453629775217,-80.1721067436433],[-28.319,-80.277],[-28.646,-80.337],[-29.207,-80.383],[-31.024,-80.458],[-31.044268692946787,-80.46275438476529],[-31.096,-80.465],[-31.100787806335926,-80.47601195457263],[-31.105,-80.477],[-31.10220481927711,-80.47927108433736],[-31.106,-80.488],[-31.028999999999964,-80.53875000000004],[-31.025,-80.542],[-31.087,-80.568],[-31.724,-80.576],[-32.457,-80.683],[-33.148,-80.687],[-33.574,-80.754],[-34.509,-80.749],[-35.291,-80.883],[-36.682,-80.922],[-38.598,-81.151],[-41.489,-81.383],[-41.913,-81.443],[-42.116,-81.502],[-42.215,-81.566],[-42.227355191256834,-81.58188524590165],[-42.254,-81.601],[-42.25368639053254,-81.6157396449704],[-42.319112676056335,-81.69985915492957],[-42.479,-81.758],[-43.084,-81.851],[-44.337,-81.887],[-46.032,-81.813],[-48.129,-81.831],[-50.326,-81.924],[-53.726,-82.15],[-55.546,-82.388],[-57.84,-82.989],[-58.211,-83.033],[-58.748,-83.029],[-59.09075653140634,-82.95985603112841],[-59.09847720364741,-82.95385106382979],[-59.14069696969697,-82.89133333333334],[-59.14012469437653,-82.87874327628363],[-58.824,-82.729],[-58.771,-82.685],[-58.774734693877555,-82.67255102040816],[-58.778,-82.651],[-58.781592184724694,-82.64969271758436],[-58.783,-82.645],[-59.094,-82.536],[-59.557,-82.447],[-59.60332001721289,-82.44222627841928],[-59.648,-82.434],[-61.374,-82.259],[-63.194,-82.024],[-67.848,-81.358],[-69.835,-81.137],[-72.529,-80.968],[-74.142,-80.739],[-74.694,-80.697],[-74.94879991876773,-80.64445371325024],[-75.337,-80.442],[-75.803,-80.262],[-76.089,-80.197],[-76.702,-80.139],[-78.338,-80.151],[-79.849,-79.954],[-79.93892082429501,-79.92130151843818],[-79.775,-79.905],[-78.42,-80.031],[-77.322,-80.011],[-76.915,-79.959],[-76.549,-79.872],[-76.53000188195037,-79.86524362703165],[-76.529,-79.865],[-76.265,-79.771],[-76.084,-79.651],[-76.08570825039467,-79.64717973093555],[-76.084,-79.646],[-76.14,-79.521],[-76.319,-79.404],[-77.029,-79.279],[-77.538,-79.255],[-79.08161144850756,-79.274751905931],[-80.203,-79.229],[-80.551,-79.276],[-80.568,-79.303],[-80.54792838196285,-79.32481697612732],[-80.41349551324141,-79.5240367695338],[-80.39979768177028,-79.55733667017914],[-80.40326315789474,-79.57726315789475],[-80.42065686274509,-79.5946568627451],[-80.636,-79.619],[-80.726,-79.532],[-81.274,-79.355],[-81.407,-79.22],[-81.517,-79.175],[-81.888,-79.125],[-82.406,-79.155],[-82.885,-79.009],[-83.197,-78.865],[-83.631,-78.531],[-84.09492533081286,-78.36565973534972],[-84.102,-78.36],[-84.04,-78.325],[-83.791,-78.291],[-83.07692818945762,-78.29381130634071],[-82.9974471057884,-78.3063253493014],[-82.68935862068977,-78.42667241379306],[-82.624,-78.456],[-82.59500040249542,-78.46353109277523],[-82.581,-78.469],[-82.32883558558629,-78.53265315315298],[-82.031,-78.61],[-82.00162499999996,-78.61525],[-81.963,-78.625],[-81.85097957993007,-78.64217386231037],[-81.091,-78.778],[-80.91881583683261,-78.78508398320336],[-80.815,-78.801],[-80.1491141962013,-78.81675096925788],[-79.9,-78.827],[-79.78689308034711,-78.8253190054404],[-79.589,-78.83],[-79.24801140250852,-78.81731014823261],[-78.958,-78.813],[-78.86752738184552,-78.80315047879618],[-78.756,-78.799],[-77.97102258726854,-78.70555030800816],[-77.819,-78.689],[-77.80818120805372,-78.68616442953021],[-77.79,-78.684],[-77.619,-78.648],[-77.595778100164,-78.63049426012363],[-77.571,-78.624],[-77.540608040201,-78.58890452261305],[-77.489,-78.55],[-77.49413441654357,-78.53523855243724],[-77.487,-78.527],[-77.50413318284426,-78.50649209932278],[-77.513,-78.481],[-77.54628813559319,-78.45603389830511],[-77.553,-78.448],[-77.56478761061952,-78.44215929203537],[-77.593,-78.421],[-77.62287081239528,-78.41337932719154],[-77.664,-78.393],[-78.13,-78.284],[-80.39076518857189,-78.06569209575339],[-80.67514296127531,-78.02124182232352],[-81.51,-77.883],[-80.776,-77.91],[-80.76128903654484,-77.90820598006644],[-80.708,-77.91],[-80.63483544303801,-77.89278481012659],[-80.612,-77.89],[-80.61791766586731,-77.88880415667465],[-80.606,-77.886],[-81.30715781940387,-77.74501145061919],[-81.41435966735959,-77.70152390852394],[-81.48994766966476,-77.6617142273099],[-81.48054943583858,-77.65333754063874],[-81.31,-77.605],[-80.64523382942187,-77.62857326846022],[-80.2743451178454,-77.71895791245784],[-80.211,-77.736],[-80.1993111979166,-77.73724348958335],[-80.188,-77.74],[-79.741,-77.786],[-77.923,-77.932],[-76.87785544358172,-77.94170995787212],[-76.60552134792248,-77.95701313526583],[-75.52133738601846,-78.07083520549753],[-74.915,-78.141],[-74.87625038524631,-78.1385590793856],[-74.853,-78.141],[-74.28,-78.101],[-73.745,-78.002],[-73.69111816529163,-77.98827674451127],[-73.674,-77.985],[-73.372,-77.907],[-72.991,-77.752],[-72.98866166813684,-77.75026560815448],[-72.966,-77.741],[-72.89861327561327,-77.68347474747473],[-72.84,-77.64],[-72.84510239511333,-77.63779472753576],[-72.843,-77.636],[-72.958,-77.589],[-73.271,-77.537],[-74.483,-77.459],[-75.459,-77.521],[-75.657,-77.503],[-76.528,-77.171],[-77.021,-77.063],[-77.219,-76.921],[-77.671,-76.777],[-77.907,-76.589],[-78.37291782438938,-76.46428012349041],[-78.44956459816888,-76.42209867751781],[-78.47288636363636,-76.39003124999999],[-78.47041022850925,-76.37981719260065],[-78.354,-76.331],[-78.35636157812151,-76.32988328476425],[-78.349,-76.327],[-78.48671910814753,-76.26337028547614],[-78.49910818505339,-76.24128540925267],[-78.48433780760627,-76.21748869003231],[-78.299,-76.119],[-77.737,-76.032],[-77.723,-76.016],[-77.7256253776435,-76.01304229607251],[-77.725,-76.012],[-77.73152759248033,-76.00639296543356],[-77.79326781633078,-75.9368375233742],[-77.7799066519662,-75.92563138552003],[-77.73767139137978,-75.92301504194388],[-77.51196272828918,-75.94941371598958],[-77.4109961257472,-75.96618873145893],[-77.163,-76.06],[-76.381,-76.065],[-76.30750157423105,-76.10321918139985],[-76.266,-76.288],[-76.26167035670356,-76.29215470821376],[-76.261,-76.295],[-76.167,-76.383],[-75.949,-76.458],[-75.444,-76.546],[-75.42870354370726,-76.54628134817965],[-75.395,-76.552],[-74.411,-76.565],[-73.797,-76.642],[-73.74640831362562,-76.64138984900855],[-73.715,-76.645],[-72.802,-76.63],[-70.626,-76.711],[-70.55457076183208,-76.70536521091019],[-70.476,-76.708],[-70.35067580631726,-76.68928069005752],[-70.195,-76.677],[-70.13860190030292,-76.6576038281465],[-70.081,-76.649],[-70.04834758346732,-76.62656398373214],[-70.006,-76.612],[-69.92570986964621,-76.54229757914341],[-69.918,-76.537],[-69.91604129353234,-76.5339039800995],[-69.915,-76.533],[-69.825,-76.39],[-69.385,-76.296],[-68.309,-76.243],[-67.967,-76.156],[-67.338,-76.118],[-66.928,-76.059],[-66.314,-76.035],[-66.008,-75.953],[-65.466,-75.879],[-65.29903314151544,-75.80951090282723],[-64.107,-75.613],[-63.429,-75.451],[-63.363142801961146,-75.42635284504533],[-63.29,-75.408],[-63.099,-75.329],[-63.10275151335897,-75.32890101547865],[-63.095,-75.326],[-63.848,-75.309],[-63.85012879329391,-75.30918129832997],[-63.857,-75.309],[-64.212,-75.34],[-64.43297664936989,-75.30614825796887],[-64.44076774193547,-75.30192258064515],[-64.3222545454546,-75.26241818181819],[-64.09512117020626,-75.19814692453637],[-63.101,-75.132],[-63.10188191688261,-75.13138101485879],[-63.096,-75.131],[-63.262,-75.019],[-63.97186194257788,-75.00534880879657],[-63.77706326304106,-74.97521420643729],[-63.654,-74.958],[-63.64789295699641,-74.95523205964585],[-63.627,-74.952],[-63.515,-74.895],[-63.272,-74.915],[-63.07721739130434,-74.895],[-63.051,-74.895],[-63.05128196602068,-74.89233698758248],[-63.048,-74.892],[-63.06,-74.81],[-63.22893830140293,-74.70490466133656],[-63.23907356948229,-74.69174659400545],[-63.26909894736842,-74.64397894736842],[-63.246,-74.604],[-62.62936820083682,-74.75988451882846],[-62.59517593643587,-74.80775368898979],[-62.622,-74.939],[-62.587,-74.969],[-62.55280238940912,-74.97245818534064],[-62.531,-74.983],[-62.48926190169006,-74.97888362791898],[-62.409,-74.987],[-62.095,-74.94],[-61.887,-74.832],[-61.862,-74.8],[-61.86488899082568,-74.79717247706422],[-61.863,-74.796],[-61.90616981132075,-74.70966037735849],[-61.906,-74.707],[-61.90785714285714,-74.70628571428571],[-61.91,-74.702],[-62.005,-74.668],[-62.02349437944483,-74.63393140628584],[-61.94,-74.565],[-61.613,-74.431],[-61.62350356271509,-74.42175390606066],[-61.613,-74.417],[-61.66467831031681,-74.38550852965069],[-61.7401156626506,-74.31910240963856],[-61.73941083290751,-74.303243740419],[-61.229,-74.213],[-61.036,-74.098],[-61.04696641462046,-74.09618700403452],[-61.042,-74.093],[-61.532,-74.016],[-61.6,-73.963],[-61.75563870967742,-73.91621290322581],[-61.74293333333334,-73.91197777777778],[-61.376,-73.875],[-61.188,-73.955],[-60.978,-73.958],[-60.848,-73.914],[-60.77818181818179,-73.85809090909089],[-60.774,-73.856],[-60.77469848156182,-73.85530151843818],[-60.592,-73.709],[-60.592184853905785,-73.70887060226595],[-60.588,-73.706],[-60.632,-73.681],[-60.897941758714666,-73.71234313584851],[-60.910320767649075,-73.70920219328306],[-60.90739821615949,-73.70085204616998],[-60.685,-73.583],[-60.68612327560904,-73.5825077781039],[-60.678,-73.579],[-60.72862940190052,-73.56388149804359],[-60.774,-73.544],[-60.81637517719329,-73.53767963458812],[-60.822,-73.536],[-61.364,-73.456],[-61.59146488294314,-73.5395585284281],[-61.624,-73.536],[-61.6212319391635,-73.4557262357415],[-61.62,-73.447],[-61.82758086170468,-73.36951589954802],[-61.76964411597495,-73.36618453666856],[-61.472,-73.367],[-61.44116005733397,-73.34729670329669],[-61.436,-73.347],[-61.43948387096774,-73.34622580645161],[-61.436,-73.344],[-61.482636363636345,-73.33663636363636],[-61.634,-73.303],[-61.672525238263326,-73.28071267207906],[-61.666,-73.276],[-61.746966804979344,-73.23764730290452],[-61.755,-73.233],[-61.551,-73.25],[-61.53276483613818,-73.24459698848538],[-61.526,-73.245],[-61.527619217081856,-73.24307236061685],[-61.524,-73.242],[-61.541,-73.223],[-61.54494533312626,-73.22244603199255],[-61.547,-73.22],[-61.833,-73.182],[-61.91065737874097,-73.14678328173375],[-61.907667159763314,-73.14140088757397],[-61.83989999999994,-73.13183865030675],[-61.62480159661902,-73.12787978398684],[-61.53106372307988,-73.13350968630151],[-61.203,-73.18],[-61.088,-73.286],[-60.955,-73.314],[-60.94072000000003,-73.3123],[-60.668,-73.361],[-60.637754574811616,-73.35403875134553],[-60.6,-73.36],[-60.548768128916706,-73.33355774395702],[-60.542,-73.332],[-60.541703668861715,-73.3299115710254],[-60.538,-73.328],[-60.53091416309012,-73.2538712446351],[-60.52181434803684,-73.18973921473581],[-60.463,-73.148],[-60.39060128617364,-73.16157475884243],[-60.32034383954146,-73.23412320916916],[-60.309,-73.247],[-60.30724174148739,-73.24765254955108],[-60.304,-73.251],[-60.212,-73.283],[-59.849,-73.233],[-59.85052796463579,-73.22469805881222],[-59.84,-73.223],[-59.873830633284236,-73.09808689248895],[-59.87757875879152,-73.0777220772327],[-59.80867278797997,-73.01576460767946],[-59.761,-72.979],[-59.76187453669385,-72.97368550778354],[-59.76,-72.972],[-59.76785326086957,-72.93735326086951],[-59.774,-72.9],[-59.77645384615385,-72.89940950226244],[-59.777,-72.897],[-59.817,-72.871],[-59.928376947040555,-72.8628504672897],[-59.961,-72.855],[-59.96886634844867,-72.85988782816229],[-59.981,-72.859],[-60.167,-72.983],[-60.43,-72.949],[-60.438655728267115,-72.95239090385722],[-60.451,-72.951],[-60.530701112877665,-72.98844992050877],[-60.61902094420601,-73.02304944206008],[-60.635,-72.976],[-60.565,-72.922],[-60.56461725189116,-72.91850423393926],[-60.564,-72.918],[-60.56451886792453,-72.91760566037736],[-60.55132173342088,-72.7970718319107],[-60.549,-72.794],[-60.55059245019224,-72.79041104508913],[-60.55,-72.785],[-60.615,-72.645],[-60.61511891438165,-72.6449857302742],[-60.616,-72.643],[-60.865,-72.615],[-61.25720096178182,-72.69711103879669],[-61.323262640449435,-72.65249795709909],[-61.354,-72.537],[-61.50794205976035,-72.47939587441225],[-61.5108,-72.47556363636363],[-61.540120967741935,-72.41958724340176],[-61.49700314748201,-72.40469199640287],[-61.14,-72.44],[-61.13633955709944,-72.43937472861485],[-61.13,-72.44],[-61.001536231884074,-72.41634782608696],[-60.859,-72.392],[-60.85696481288206,-72.38972998359922],[-60.853,-72.389],[-60.851759106933024,-72.38392361927144],[-60.833,-72.363],[-60.84515841584158,-72.35692079207921],[-60.842,-72.344],[-60.880062500000015,-72.33946875],[-60.92753465346535,-72.31573267326732],[-60.907,-72.309],[-60.984714285714325,-72.28714285714284],[-60.991,-72.284],[-60.825,-72.277],[-60.82274415299134,-72.2738884868846],[-60.803,-72.273],[-60.792,-72.241],[-60.797763152069656,-72.23943193388918],[-60.796,-72.237],[-61.06498724052562,-72.16156446391163],[-60.816,-72.101],[-60.81615318369838,-72.098038448498],[-60.816,-72.098],[-60.819,-72.043],[-60.859,-72.006],[-60.862356677131125,-72.00610070031394],[-60.866,-72.003],[-60.951,-72.006],[-60.95527459187945,-72.00888823775638],[-60.959,-72.009],[-61.034462094998425,-72.05566734822271],[-61.04785714285715,-72.05519642857142],[-61.259,-72.042],[-61.26362433774143,-72.04761086312628],[-61.281,-72.047],[-61.311,-72.072],[-61.306748960117446,-72.0999354049425],[-61.33114587737845,-72.12953699788584],[-61.33736155800168,-72.13217866215072],[-61.731,-72.036],[-61.74082156520762,-72.03652585236863],[-61.751,-72.034],[-62.31,-72.067],[-62.5441893772272,-72.0486888964308],[-62.255,-71.999],[-62.26285875134621,-71.99774677719395],[-62.247,-71.995],[-62.38115044776101,-71.97888298507465],[-62.546566538090666,-71.95250433944068],[-62.55379661016949,-71.9487966101695],[-62.52610471204188,-71.92110471204188],[-62.25258800393436,-71.90879646017704],[-61.212,-71.866],[-61.18944624447714,-71.86095508100146],[-61.146,-71.859],[-61.14471179039302,-71.85094868995634],[-61.136,-71.849],[-61.14240933572711,-71.83655834829443],[-61.13516996047431,-71.79131225296443],[-61.12960517584606,-71.78360716655608],[-60.955,-71.768],[-60.91848852459015,-71.74509083895853],[-60.906,-71.743],[-60.90850427350427,-71.7388262108262],[-60.904,-71.736],[-60.933807692307674,-71.69665384615388],[-60.948,-71.673],[-60.953533487632,-71.67061579632576],[-60.954,-71.67],[-61.259,-71.539],[-61.73639795783051,-71.66577788091764],[-61.78018092566629,-71.66356661991584],[-61.92885029302078,-71.6505388918487],[-61.922482276711975,-71.6202908143819],[-61.52524293785279,-71.45893973634638],[-61.48539008392694,-71.44296269130403],[-61.37086509635973,-71.43595717344753],[-61.107,-71.426],[-61.12119858920349,-71.42068502008426],[-61.11,-71.42],[-61.202553115727,-71.39023145400593],[-61.27974638223553,-71.36133557884231],[-61.2699281575898,-71.3326361529548],[-61.264563758389265,-71.32742953020134],[-60.972,-71.364],[-60.97338381853903,-71.35979532059297],[-60.964,-71.361],[-60.98659309410967,-71.3196594448206],[-60.998,-71.285],[-61.008147869296806,-71.28021879235054],[-61.011,-71.275],[-61.06071137724543,-71.25545329341321],[-61.102,-71.236],[-61.072,-71.183],[-60.947,-71.16],[-60.949054635483684,-71.15892351591786],[-60.942,-71.158],[-61.344,-70.952],[-61.353,-70.831],[-61.360153930852235,-70.82751970931514],[-61.361,-70.821],[-61.375674878345514,-70.81996897810218],[-61.39,-70.813],[-61.788,-70.791],[-61.831,-70.806],[-61.831211764705884,-70.8072044117647],[-61.836,-70.809],[-61.839060150375936,-70.85184210526313],[-61.84654140127389,-70.89439171974523],[-61.904,-70.912],[-62.1316497955731,-70.85999379670096],[-62.133944284687274,-70.85479295470883],[-62.093,-70.771],[-62.09860135708227,-70.76844189991519],[-62.094,-70.762],[-62.20719298952458,-70.70491136180499],[-62.205858143607706,-70.70406830122592],[-61.979,-70.709],[-61.789,-70.666],[-61.768,-70.64],[-61.781940183668404,-70.6263564159841],[-61.776921809986135,-70.59817631761442],[-61.66,-70.611],[-61.64957894736842,-70.593],[-61.646,-70.593],[-61.50668056489576,-70.52780564895762],[-61.484,-70.52],[-61.77,-70.505],[-62.171767716120875,-70.53864557228599],[-62.19407952871874,-70.52762739322532],[-62.362,-70.422],[-62.47245941558442,-70.39015584415584],[-62.47303267099733,-70.38987275506305],[-62.486460178204254,-70.33757614804661],[-62.417,-70.298],[-62.50764615384616,-70.25506234817814],[-62.509350638297875,-70.24842382978724],[-62.5038337236534,-70.23889461358314],[-62.4945366882204,-70.23486589822885],[-62.083,-70.29],[-62.07896743335232,-70.2882677002429],[-62.074,-70.289],[-61.942,-70.233],[-61.94449753694582,-70.2305024630542],[-61.941,-70.229],[-61.95100000000001,-70.22399999999999],[-62.091,-70.084],[-62.094564842402384,-70.08224745177984],[-62.095,-70.081],[-62.1092739218329,-70.07501617250674],[-62.336485714285715,-69.96331428571429],[-62.343,-69.952],[-62.39616413793105,-69.93397517241378],[-62.449,-69.908],[-62.628,-69.855],[-62.517,-69.805],[-62.51464547388324,-69.79918293547625],[-62.512,-69.798],[-62.5027614213198,-69.76982233502541],[-62.483,-69.721],[-62.482498905908095,-69.70802166301968],[-62.472,-69.676],[-62.474938150642984,-69.51219810165342],[-62.473,-69.462],[-62.47585979854836,-69.46081623092876],[-62.476,-69.453],[-62.500343539497855,-69.45068156766688],[-62.625373743347126,-69.39892726197517],[-62.632,-69.387],[-62.717,-69.361],[-63.13683388033325,-69.3600144744593],[-63.14613868613139,-69.35422481751824],[-63.165219348163475,-69.3191163993792],[-63.148,-69.224],[-63.237,-69.15],[-63.24342105263157,-69.15],[-63.246,-69.148],[-63.25242696629217,-69.15],[-63.312,-69.15],[-63.532,-69.237],[-63.64034449760766,-69.2243110047847],[-63.641771929824564,-69.22145614035088],[-63.61568473777254,-69.16741838538597],[-63.416,-69.108],[-63.369,-69.053],[-63.3701731471536,-69.05262588614393],[-63.368,-69.05],[-63.46978383641667,-69.02086027263877],[-63.62003666666667,-68.972945],[-63.65314893617021,-68.92327659574468],[-63.644490797546005,-68.91776687116564],[-63.52976271186441,-68.90547457627119],[-63.466,-68.901],[-63.47162992125984,-68.89924606299212],[-63.46,-68.898],[-63.726,-68.82],[-63.73966977960403,-68.79625775121404],[-63.73120209973754,-68.78502887139108],[-63.64,-68.772],[-63.701351780114365,-68.74544475189079],[-63.70025891579012,-68.74399551876516],[-63.233,-68.813],[-63.221068465623645,-68.79889909573704],[-63.212,-68.8],[-63.2195807102502,-68.7971408393866],[-63.211,-68.787],[-63.501,-68.691],[-63.939088685882886,-68.61409109736722],[-63.95968917345751,-68.56801105937136],[-63.96658443602735,-68.53310379261154],[-63.741,-68.445],[-63.375,-68.39],[-63.076,-68.405],[-62.923,-68.476],[-62.91738771150231,-68.47408878824132],[-62.913,-68.476],[-62.728,-68.41],[-63.029,-68.349],[-63.614,-68.355],[-63.63850037230075,-68.35853834698436],[-63.668,-68.359],[-63.87049097120599,-68.39204245973654],[-64.071,-68.421],[-64.08521593604495,-68.42708126153035],[-64.146,-68.437],[-64.251,-68.498],[-64.39,-68.513],[-64.38728458173865,-68.51539803171133],[-64.392,-68.516],[-64.40320343692117,-68.57460259312616],[-64.454,-68.571],[-64.06734954388932,-68.68173521416058],[-63.98502234636871,-68.73919273743017],[-63.982374301675975,-68.74174620909817],[-64.268,-68.689],[-64.26531355932202,-68.69168644067797],[-64.269,-68.691],[-64.26423938223937,-68.69276061776063],[-64.244,-68.713],[-63.982002609944026,-68.79714015398665],[-63.90102027322067,-68.82708982596219],[-64.38970415647921,-68.71828850855746],[-64.489,-68.686],[-64.525,-68.687],[-64.52056415786069,-68.72100812306807],[-64.63553277634959,-68.72367737789203],[-64.644,-68.723],[-64.6466386741032,-68.72393522626442],[-64.994,-68.732],[-65.3163270812378,-68.70819738477013],[-65.33968623398096,-68.68852046300127],[-65.439,-68.595],[-65.371,-68.538],[-65.31985032894738,-68.52754605263158],[-65.201,-68.52],[-65.0997440652819,-68.48256083086054],[-65.097,-68.482],[-65.096989355411,-68.48154228267298],[-65.082,-68.476],[-65.092,-68.442],[-65.09606475053526,-68.44178427301628],[-65.096,-68.439],[-65.45,-68.423],[-65.59275366063737,-68.35312058570197],[-65.59288366727382,-68.35296381299331],[-65.114,-68.204],[-65.005,-68.217],[-64.8875491552695,-68.19379115044248],[-64.87,-68.193],[-64.86452258529553,-68.1892409899087],[-64.838,-68.184],[-64.79668749999999,-68.1426875],[-64.768,-68.123],[-64.77188636363637,-68.11788636363637],[-64.77,-68.116],[-64.806,-68.073],[-64.95868593988793,-68.0332840040754],[-64.971,-68.025],[-64.97790788456584,-68.028284076269],[-64.979,-68.028],[-65.05406382978695,-68.064489361702],[-65.26975616291533,-68.16703161843516],[-65.341,-68.142],[-65.34798375870072,-68.14216627996906],[-65.351,-68.141],[-65.45499999999944,-68.14471428571427],[-65.71596385542169,-68.15092771084338],[-65.7302426035503,-68.10541420118342],[-65.55233333333344,-68.04611111111114],[-65.329,-67.975],[-65.46534945397813,-67.93242069682788],[-65.60908634415186,-67.88398189134809],[-65.502,-67.84],[-65.56657818721212,-67.75903630259974],[-65.56506402668674,-67.75490390616594],[-65.253,-67.668],[-65.534776737309,-67.58882306554955],[-65.612,-67.563],[-65.57773985680177,-67.50347732696873],[-65.575,-67.499],[-65.466,-67.439],[-65.51549240190519,-67.39533023361307],[-65.51368644067797,-67.39219260400617],[-65.41404575163395,-67.3378431372549],[-65.38084514003302,-67.33238550247117],[-65.33925106382979,-67.32981796690306],[-65.306,-67.376],[-65.29378031716418,-67.37689412313433],[-65.289,-67.384],[-65.27664553990611,-67.37814788732395],[-65.265,-67.379],[-65.18046575342464,-67.33258904109589],[-65.16106851311953,-67.32340087463557],[-65.004,-67.356],[-64.79711538461535,-67.31634711538462],[-64.771,-67.317],[-64.77082211160598,-67.31130757139115],[-64.764,-67.31],[-64.762,-67.259],[-64.76913668499608,-67.25737391987431],[-64.769,-67.253],[-64.90856469807564,-67.21989811648206],[-64.673,-67.156],[-64.67386642599278,-67.15395523465705],[-64.67,-67.153],[-64.69799999999995,-67.0970000000001],[-64.699,-67.095],[-64.75179999999993,-67.097],[-64.83113043478261,-67.097],[-64.833,-67.054],[-64.91834251968503,-67.02823622047245],[-64.93158757002983,-67.0170393737892],[-64.83093981921976,-66.94968280209324],[-64.77991878950394,-66.94016395326565],[-64.702,-66.954],[-64.6688189090909,-66.91943636363636],[-64.45181454162278,-66.87895047418336],[-64.43166103767098,-66.87645357988845],[-63.929,-66.929],[-63.751,-66.895],[-63.74934482758621,-66.89306896551723],[-63.744,-66.892],[-63.738107438016534,-66.87995867768595],[-63.721,-66.86],[-63.7252747276223,-66.85373531296732],[-63.721,-66.845],[-63.779,-66.775],[-64.126,-66.762],[-64.18199933665008,-66.7288736318408],[-64.17275275702596,-66.70980256136606],[-64.09,-66.675],[-64.14751322751323,-66.65774603174603],[-64.10519402985075,-66.57046268656717],[-64.10168633540373,-66.56812422360248],[-63.806,-66.584],[-63.805874112887174,-66.58078987862307],[-63.802,-66.581],[-63.804911764705885,-66.55625],[-63.804,-66.533],[-63.80774776119403,-66.53214402985074],[-63.808,-66.53],[-63.97273779385172,-66.47728390596745],[-63.97437478411054,-66.47273671080407],[-63.785,-66.445],[-63.789160583941594,-66.44361313868613],[-63.785,-66.443],[-63.862318241184155,-66.40724031345233],[-63.85911176470589,-66.40433921568628],[-63.82651412429383,-66.3951450094162],[-63.587,-66.377],[-63.60448219228637,-66.37443716552869],[-63.589,-66.373],[-63.71284839650136,-66.35855102040819],[-63.769937433628314,-66.35018194690265],[-63.795142187500005,-66.30129999999998],[-63.80026772793054,-66.28703762662808],[-63.76677777777774,-66.26843209876542],[-63.64506681514479,-66.20950853749073],[-63.574,-66.19],[-63.51737505333523,-66.20490850045039],[-63.519,-66.21],[-63.432,-66.247],[-63.19223622047243,-66.29051268591427],[-63.161353794963,-66.29864356606048],[-63.151,-66.341],[-63.068,-66.402],[-62.843,-66.521],[-62.733,-66.691],[-62.73048172217709,-66.69175142160844],[-62.729,-66.694],[-62.609,-66.728],[-62.498,-66.716],[-62.49468742058449,-66.71359085133417],[-62.49,-66.713],[-62.46629411764712,-66.69294117647063],[-62.432,-66.668],[-62.478999999999814,-66.66530327868854],[-62.557036437246964,-66.65826720647773],[-62.574,-66.643],[-62.535,-66.596],[-62.67286759581881,-66.55291637630663],[-62.676,-66.55],[-62.586,-66.481],[-62.447,-66.439],[-62.458262924667636,-66.43512259970458],[-62.444,-66.43],[-62.868,-66.294],[-62.87254777070064,-66.28570700636942],[-62.86593264248705,-66.25704145077721],[-62.709,-66.208],[-62.17404801216599,-66.18205083641104],[-61.981,-66.239],[-61.871014522821575,-66.32573651452282],[-61.824,-66.417],[-61.819131195335274,-66.41992128279884],[-61.814,-66.431],[-61.77763636363639,-66.44481818181816],[-61.739,-66.468],[-61.72907871878392,-66.46327008686211],[-61.714,-66.469],[-61.654,-66.43],[-61.654415231534635,-66.42767470340605],[-61.653,-66.427],[-61.66544736842108,-66.36589473684198],[-61.6740098697197,-66.31794472956969],[-61.61123661874242,-66.25104165944916],[-61.518,-66.237],[-61.47696991564183,-66.1622340685029],[-61.44244571145266,-66.14079871095687],[-61.412378277817155,-66.12682370659107],[-61.27214228546022,-66.18216007114272],[-61.23077267564498,-66.20132565309102],[-61.201,-66.282],[-61.15697176079735,-66.31675913621261],[-61.152,-66.325],[-61.14804708520179,-66.32380493273543],[-61.144,-66.327],[-60.951,-66.266],[-60.94655973741794,-66.26289015317288],[-60.937,-66.26],[-60.877,-66.216],[-60.87624787241172,-66.21364551363668],[-60.72919898363252,-66.11065621700105],[-60.723,-66.109],[-60.7138524704245,-66.09990790999768],[-60.684,-66.079],[-60.564,-65.951],[-60.56403377860437,-65.95099721024918],[-60.558,-65.945],[-60.999,-65.905],[-61.008305154639174,-65.91430515463918],[-61.012,-65.914],[-61.01099065420561,-65.9169906542056],[-61.017,-65.923],[-60.98807427055703,-65.99820689655172],[-60.9937634194831,-66.00599204771372],[-61.06218987341773,-66.05649728752262],[-61.07374659073879,-66.05959283680504],[-61.13270294494241,-65.98645710627397],[-61.146,-65.968],[-61.14810747814827,-65.96734768533507],[-61.15,-65.965],[-61.21113043478257,-65.94784057971016],[-61.314,-65.916],[-61.31718049615056,-65.91807214143142],[-61.321,-65.917],[-61.384,-65.954],[-61.37917822838847,-65.958464603344],[-61.38,-65.959],[-61.36206249999994,-65.97431250000005],[-61.33897515184981,-65.99568967421314],[-61.33839349341596,-66.03524244771495],[-61.3455,-66.06169444444444],[-61.420313167259785,-66.05864650059311],[-61.588,-66.03],[-61.734,-66.103],[-61.715309734513276,-66.12253982300885],[-61.719,-66.125],[-61.873,-66.172],[-62.04989700511322,-66.11794813732652],[-62.146,-66.014],[-62.365109409190374,-65.99408096280088],[-62.45593792551061,-65.90881337605126],[-62.41295454545454,-65.82031818181817],[-62.38488372093024,-65.76979069767442],[-62.212,-65.719],[-62.209850968703435,-65.71724739195231],[-62.205,-65.716],[-62.109,-65.638],[-62.110622615088396,-65.636323297742],[-62.109,-65.635],[-62.132,-65.605],[-62.092,-65.571],[-61.683,-65.539],[-61.69957497048408,-65.53637426210153],[-61.684,-65.535],[-62.052104502022885,-65.45858336920031],[-62.08153652105751,-65.44415035986603],[-62.08530317273796,-65.4310089306698],[-62.055,-65.373],[-62.12151793222855,-65.30465965866931],[-62.12394108896162,-65.29620553406724],[-62.033,-65.256],[-61.96535178236395,-65.18652345215757],[-61.955838810992724,-65.17995894559732],[-61.94617214865439,-65.17983340452798],[-61.7595597801191,-65.22994228126431],[-61.745,-65.236],[-61.73838203145828,-65.23562889896029],[-61.737,-65.236],[-61.72144036697249,-65.23467889908257],[-61.638,-65.23],[-61.63683508451347,-65.22749543170397],[-61.631,-65.227],[-61.59543828204261,-65.1420470071018],[-61.49974247082793,-65.06909079459159],[-61.14350875176148,-64.99301624267596],[-61.027,-65.005],[-60.995,-64.976],[-61.016644444444445,-64.96517777777777],[-61.001,-64.929],[-60.87200000000002,-64.87750000000001],[-60.761,-64.837],[-60.7545729516857,-64.8306202093939],[-60.743,-64.826],[-60.62050767918089,-64.7005441552901],[-60.409,-64.632],[-60.34856220199395,-64.58812050281752],[-60.31815730337076,-64.57565449438201],[-60.208,-64.555],[-60.19307882089074,-64.5243723165652],[-59.919,-64.412],[-59.6892467207995,-64.39039926434867],[-59.69416538882804,-64.45816757940852],[-59.701,-64.509],[-59.69788394905466,-64.50940107586425],[-59.698,-64.511],[-59.505,-64.537],[-59.50259841653837,-64.53453683747526],[-59.499,-64.535],[-59.4868195488722,-64.51835338345866],[-59.466,-64.497],[-59.46942405764967,-64.49457954545454],[-59.469,-64.494],[-59.55455555555556,-64.39599999999999],[-59.5712127099111,-64.36329140599275],[-59.493,-64.316],[-59.41321787571181,-64.3189918296608],[-59.283,-64.422],[-59.27915730337079,-64.42331857237276],[-59.277,-64.425],[-59.24056204379552,-64.43656204379565],[-59.181,-64.457],[-59.17767337357479,-64.45651710261569],[-59.173,-64.458],[-58.99510999536536,-64.43401483083578],[-58.99512698412698,-64.43463492063492],[-59.007,-64.494],[-58.99689189189189,-64.49905405405406],[-58.997,-64.503],[-58.98552631578947,-64.50473684210526],[-58.977,-64.509],[-58.779,-64.536],[-58.725,-64.429],[-58.731004376367615,-64.41601094091904],[-58.731,-64.416],[-58.731010674288385,-64.41599731684553],[-58.774,-64.323],[-58.78031147310771,-64.31662898469315],[-58.767,-64.283],[-58.831042033727655,-64.26541983387868],[-58.87054415700267,-64.22554504906334],[-58.808,-64.206],[-58.646,-63.98],[-58.414,-63.9],[-58.40564070001549,-63.86270466160756],[-58.396,-63.858],[-58.219036125654455,-63.731320942408374],[-58.21073701842546,-63.72627303182579],[-58.041989197400625,-63.672063887247866],[-57.866,-63.673],[-57.86076669059582,-63.671923187365394],[-57.859,-63.672],[-57.780660714286356,-63.655440476190606],[-57.623,-63.623],[-57.62065785123966,-63.621618732782366],[-57.613,-63.62],[-57.60790023752969,-63.614095011876486],[-57.584,-63.6],[-57.65984010224368,-63.575953138312975],[-57.52771004858093,-63.5427018665303],[-57.367,-63.548],[-57.424,-63.501],[-57.382321059164255,-63.463110053785684],[-57.25250000000002,-63.46699358974359],[-57.15091702586207,-63.47176885775862],[-57.12866666666667,-63.508111111111106],[-57.12265251165199,-63.52064060072501],[-57.14709433962263,-63.58209433962263],[-57.16,-63.613],[-57.141,-63.637],[-57.12082352941176,-63.637],[-57.116,-63.641],[-56.80518817989935,-63.64968728689722],[-56.801,-63.651],[-56.79892543021032,-63.64986233269598],[-56.794,-63.65],[-56.77105982905982,-63.634581196581195],[-56.739,-63.617],[-56.73894589760787,-63.61299642298234],[-56.733,-63.609],[-56.727,-63.557],[-56.738116478666015,-63.55161942128495],[-56.738,-63.543],[-56.84011960635883,-63.50224804441079],[-56.94259207113746,-63.45264949981475],[-56.896,-63.423],[-56.978325092402464,-63.35257733059548],[-56.981914720812185,-63.34164771573602],[-57.008,-63.249],[-57.012715507212654,-63.24786621684505],[-57.013,-63.247],[-57.02126769626773,-63.24580995280995],[-57.191,-63.205],[-57.24844959924194,-63.213109527381846],[-57.277,-63.209],[-57.8221816319563,-63.29409696142028],[-57.864,-63.3],[-58.01952099533437,-63.40789269051322],[-58.02579492003763,-63.41030573847601],[-58.13,-63.37],[-58.146,-63.397],[-58.114,-63.427],[-58.1449593495935,-63.45613821138211],[-58.15183193277311,-63.45878151260504],[-58.376,-63.446],[-58.39188825980131,-63.44858369832283],[-58.404,-63.448],[-58.878305555556445,-63.52768333333348],[-58.911,-63.533],[-58.918,-63.6],[-58.89582415176943,-63.628293323604524],[-58.895,-63.638],[-59.071,-63.704],[-59.168,-63.674],[-59.17121153846154,-63.67459615384615],[-59.176,-63.673],[-59.27848475609747,-63.694509146341446],[-59.335,-63.705],[-59.33556141618497,-63.70648819845857],[-59.338,-63.707],[-59.33752479011564,-63.71169269760811],[-59.370559043740975,-63.79925968737686],[-59.434,-63.82],[-59.403,-63.849],[-59.38865742440344,-63.84723475992657],[-59.398,-63.872],[-59.428974999999994,-63.8874875],[-59.43595017182132,-63.8886881443299],[-59.80751341681574,-63.8593542039356],[-59.81282460355598,-63.856240749639596],[-59.82392837295462,-63.81908582895955],[-59.813,-63.784],[-59.83727121989735,-63.774438610343466],[-59.838,-63.772],[-59.84038339222615,-63.773212603062426],[-59.846,-63.771],[-59.876924124513614,-63.79180350194552],[-59.895,-63.801],[-59.89795380296069,-63.80595074017356],[-59.901,-63.808],[-59.900042262939685,-63.80945111675806],[-59.93084647373335,-63.86108070949673],[-59.97,-63.863],[-59.9514600754222,-63.89563026725693],[-59.96429128630705,-63.91713609958506],[-59.98125623582766,-63.926049886621314],[-60.0103506405934,-63.937587322993934],[-60.18837913585045,-63.92601868431297],[-60.266,-63.918],[-60.27486063110444,-63.92039894815928],[-60.281,-63.92],[-60.699,-63.998],[-60.70747680864169,-64.00492272705738],[-60.97804175311203,-64.03665897302905],[-60.992,-64.036],[-60.99374288151161,-64.03850065608188],[-60.998,-64.039],[-61.017,-64.06],[-61.01148832807571,-64.06396151419558],[-61.015,-64.069],[-60.98749999999998,-64.081203125],[-60.985,-64.083],[-60.855,-64.14],[-60.964,-64.145],[-60.96070550805329,-64.14872797772917],[-60.964,-64.149],[-60.95517834546974,-64.20235000596873],[-60.987,-64.218],[-60.95062945540076,-64.22985996019541],[-60.94338778568752,-64.27365481988974],[-61.078,-64.315],[-61.087358732191454,-64.33304898351209],[-61.234,-64.391],[-61.32088172043011,-64.3768817204301],[-61.299,-64.355],[-61.387,-64.362],[-61.389660160734785,-64.3657052238806],[-61.394,-64.365],[-61.541,-64.437],[-61.53978087649402,-64.43901917330678],[-61.543,-64.44],[-61.509,-64.49],[-61.434179104477614,-64.4955422885572],[-61.452437500000016,-64.51684375000002],[-61.45784922644163,-64.52145963431786],[-61.46997434564051,-64.52447339226903],[-61.568,-64.518],[-61.64666003521127,-64.56443785211268],[-61.65533015397193,-64.56465281373484],[-61.758,-64.509],[-61.7641421718273,-64.56735063235935],[-61.835383830455285,-64.5691169544741],[-61.849,-64.566],[-61.85728895184133,-64.56966005665721],[-61.871,-64.57],[-61.89496514161221,-64.5862962962963],[-61.926,-64.6],[-61.91873497688752,-64.6120030816641],[-61.908074285714285,-64.64967085714285],[-61.91511297071129,-64.66585983263597],[-61.93705762711865,-64.68719491525424],[-61.95696535796765,-64.6917193995381],[-62.102,-64.689],[-62.193,-64.723],[-62.19778198370867,-64.74631217057978],[-62.217714783474364,-64.75823917371827],[-62.27536328377505,-64.74526826115061],[-62.278491976990615,-64.74129397517409],[-62.243,-64.703],[-62.31376969514036,-64.6964817386055],[-62.316261590199375,-64.69331635839538],[-62.269,-64.647],[-62.34583267424616,-64.65575308947109],[-62.35193707093823,-64.64799885583523],[-62.379,-64.593],[-62.454,-64.589],[-62.45338173975557,-64.59382242990654],[-62.458,-64.593],[-62.50357878787879,-64.64208484848486],[-62.511,-64.644],[-62.5099746917586,-64.6489727449708],[-62.51,-64.649],[-62.50977256317693,-64.64995306859188],[-62.491727925575326,-64.73746956095968],[-62.550063607924955,-64.74751094890512],[-62.618,-64.755],[-62.503,-64.833],[-62.49288116308469,-64.83442983565108],[-62.492,-64.835],[-62.33,-64.862],[-62.531,-64.907],[-62.703,-64.808],[-62.70779963528605,-64.8077957602006],[-62.711,-64.806],[-62.79184931506879,-64.80421917808218],[-62.938,-64.798],[-62.926763662374825,-64.80124749642346],[-62.938,-64.801],[-62.81460139860126,-64.83366433566438],[-62.76897630399203,-64.84685077919306],[-62.836606367459034,-64.90578554878573],[-63.014,-64.899],[-63.115113817723675,-64.92366190676186],[-63.154,-64.926],[-63.1657907444668,-64.93602213279678],[-63.178,-64.939],[-63.12,-65.013],[-63.11251387992253,-65.01285603615236],[-63.029,-65.038],[-63.02311220110362,-65.04567198038013],[-63.024,-65.05],[-63.00975354838712,-65.0630787096774],[-62.996,-65.081],[-63.072667017027534,-65.12377212528905],[-63.104210281151225,-65.12888387955415],[-63.250111064891854,-65.07237895174708],[-63.256,-65.068],[-63.25996516348069,-65.06856262454794],[-63.264,-65.067],[-63.397,-65.088],[-63.53240845070447,-65.06046478873233],[-63.656,-65.033],[-63.66655463576157,-65.03318625827815],[-63.8086989036805,-65.00428132341425],[-63.808,-65.003],[-63.81143315725315,-65.00372531491264],[-63.815,-65.003],[-63.83385067114092,-65.00846140939598],[-63.879,-65.018],[-63.89840825035563,-65.02716500711239],[-63.922,-65.034],[-63.93026086956521,-65.04220652173913],[-63.951,-65.052],[-63.94549119865884,-65.05733665129925],[-64.00269326121251,-65.11416238449401],[-64.013,-65.118],[-64.01001092274434,-65.12143190351576],[-64.06434485865525,-65.175408379322],[-64.075,-65.179],[-64.07280476568705,-65.1838126290707],[-64.074,-65.185],[-64.0639674582234,-65.29444591029025],[-64.108,-65.296],[-64.06221305626839,-65.31358484070853],[-64.05230503252311,-65.42167237247519],[-64.053,-65.422],[-64.05222230858921,-65.42257481539059],[-64.052,-65.425],[-64.04763179074446,-65.42596780684104],[-64.03,-65.439],[-63.72808250755501,-65.49995495115608],[-64.00651688887609,-65.52632648947505],[-64.032,-65.516],[-64.14412924071078,-65.53936025848142],[-64.172,-65.542],[-64.17106444605358,-65.5449717595945],[-64.176,-65.546],[-64.16966480774875,-65.54941766950397],[-64.15609628975265,-65.59251766784453],[-64.161,-65.593],[-64.15514688,-65.59553344],[-64.155,-65.596],[-64.03031226673302,-65.65736974371734],[-64.03418421052632,-65.66481578947369],[-64.04678582348853,-65.675017095205],[-64.06017798594847,-65.67307728337236],[-64.248,-65.628],[-64.37138461538459,-65.628],[-64.399,-65.624],[-64.39328571428571,-65.628],[-64.404,-65.628],[-64.274,-65.712],[-64.27804566535855,-65.71845379950054],[-64.324,-65.736],[-64.32311305448049,-65.77768643941648],[-64.603,-65.726],[-64.66,-65.74],[-64.65987902370003,-65.74296391934912],[-64.66,-65.743],[-64.66,-65.832],[-64.65617825451,-65.83363276450511],[-64.656,-65.838],[-64.44306136986302,-65.92726684931506],[-64.43064113785559,-65.94072210065644],[-64.45137907453841,-65.97900752222475],[-64.66260171473108,-66.04198674980515],[-64.67483116883119,-66.03663636363635],[-64.802,-65.945],[-64.8030049833887,-65.94489202657807],[-64.801,-65.941],[-64.89048753462592,-65.93549307479226],[-64.923,-65.932],[-64.92708728367195,-65.93324078254327],[-64.931,-65.933],[-64.94009323116217,-65.9371890166028],[-65.0375178764897,-65.96676435536295],[-65.066,-65.955],[-65.091,-65.983],[-65.161,-65.965],[-65.25622864379457,-65.9838883260419],[-65.277,-65.984],[-65.2787128497691,-65.98834800325999],[-65.282,-65.989],[-65.303,-66.045],[-65.30141126461211,-66.04596705632306],[-65.303,-66.05],[-65.23006018518534,-66.08939814814806],[-65.16891460541815,-66.126617196702],[-65.215,-66.168],[-65.49,-66.108],[-65.69,-66.125],[-65.68904745089384,-66.12653873317149],[-65.694,-66.127],[-65.666,-66.164],[-65.70892082616179,-66.24789070567986],[-65.80779007238877,-66.29373733195447],[-65.947,-66.356],[-65.94946370944423,-66.35943276849228],[-65.955,-66.362],[-65.99370184696566,-66.42107124010549],[-66.09686808999193,-66.56481620538877],[-66.281,-66.561],[-66.486,-66.613],[-66.48801049358725,-66.62041967871487],[-66.497,-66.623],[-66.49868945569287,-66.65983013410462],[-66.52553271028037,-66.75889452603472],[-66.53,-66.764],[-66.5272699279861,-66.76530568661533],[-66.528,-66.768],[-66.374,-66.839],[-66.39155319148934,-66.86919148936167],[-66.40318411097101,-66.88373013871376],[-66.873,-67.078],[-66.86018131101812,-66.93607880055788],[-66.854,-66.927],[-66.85917604888941,-66.9249491127042],[-66.859,-66.923],[-66.867513562387,-66.92164556962025],[-66.907,-66.906],[-66.96073913043476,-66.90681422924902],[-66.991,-66.902],[-67.01806832831973,-66.90768285345939],[-67.039,-66.908],[-67.04812624584717,-66.91399335548172],[-67.16173534971647,-66.9378449905482],[-67.169,-66.936],[-67.17120157732923,-66.93983237535089],[-67.172,-66.94],[-67.223,-67.03],[-67.29901423487544,-67.08035943060499],[-67.483,-67.051],[-67.58533779671332,-67.15749786975044],[-67.602,-67.171],[-67.60083818900816,-67.17362835929305],[-67.606,-67.179],[-67.59778472802005,-67.18053618906943],[-67.5622925541278,-67.26082995951417],[-67.576,-67.271],[-67.55001080583975,-67.28861489826417],[-67.541,-67.309],[-67.545,-67.366],[-67.6463113772455,-67.46007485029939],[-67.67,-67.479],[-67.66714127423823,-67.47941689750692],[-67.671,-67.483],[-67.625,-67.551],[-67.62154098360655,-67.551],[-67.624,-67.554],[-67.5765294117647,-67.551],[-67.455,-67.551],[-67.40424997875054,-67.54011245218871],[-67.355,-67.537],[-67.15936592130352,-67.48933281331254],[-67.1085436156762,-67.49188242730722],[-66.85768269858546,-67.50650315560391],[-66.733,-67.54],[-66.44158107213765,-67.5333335539378],[-66.513,-67.593],[-66.7,-67.597],[-66.7391644911925,-67.61274451907235],[-66.765,-67.615],[-66.894,-67.671],[-66.89715496688743,-67.67625827814571],[-66.899,-67.677],[-66.89884782608696,-67.67907971014492],[-66.918,-67.711],[-66.89634646236117,-67.71326501439736],[-66.896,-67.718],[-66.76235371900822,-67.72728099173554],[-66.6917004830918,-67.73467149758454],[-66.84815555555554,-67.75702222222222],[-67.025,-67.779],[-67.00969854469855,-67.78009979209979],[-67.023,-67.782],[-66.81332962138131,-67.79421380846323],[-66.71740446151036,-67.80110842932895],[-66.76223193916357,-67.81570342205326],[-66.847,-67.836],[-66.840549370444,-67.84120212060967],[-66.843,-67.842],[-66.7878969889065,-67.89903645007924],[-66.78841443850267,-67.90136497326203],[-67.13,-67.953],[-67.1328267615772,-67.95907230264736],[-67.251,-67.975],[-67.15531665563226,-68.02431372363567],[-67.15234771118452,-68.04779537517697],[-67.24,-68.064],[-66.916,-68.22],[-66.67092957746478,-68.18372957746479],[-66.63722222222223,-68.20633333333332],[-66.59581194132477,-68.2399092367637],[-66.67967978233573,-68.26746002511511],[-66.8154950766269,-68.30534841193455],[-67.166,-68.293],[-67.122,-68.339],[-66.93928611369991,-68.37673438956197],[-66.9381707609347,-68.37758418214499],[-66.95646654968195,-68.44017503838562],[-67.179,-68.505],[-66.9359529035208,-68.76969501600367],[-67.114,-68.801],[-67.392,-68.785],[-67.39612812889614,-68.7862546274096],[-67.401,-68.786],[-67.488,-68.814],[-67.48784915766738,-68.8141306263499],[-67.494,-68.816],[-67.45432356799296,-68.84316309575867],[-67.391,-68.898],[-67.36841984271024,-68.90197410768299],[-67.364,-68.905],[-67.016,-68.964],[-66.738,-68.96],[-66.66480096308187,-68.9825922953451],[-66.6602055771725,-69.01935538261998],[-67.016,-69.238],[-67.437,-69.358],[-67.944,-69.364],[-68.1194934059033,-69.29877831274858],[-68.168,-69.264],[-68.19806644112916,-69.26957683988685],[-68.205,-69.267],[-68.2335077149155,-69.27615062454078],[-68.292,-69.287],[-68.27037209302325,-69.31281395348837],[-68.23158852298664,-69.3619859797848],[-68.25580099208692,-69.37701440888154],[-68.721,-69.378],[-68.833,-69.414],[-68.83127617602428,-69.41475872534143],[-68.838,-69.417],[-68.56804984615405,-69.5306153846153],[-68.549,-69.539],[-68.53565789473683,-69.54789473684212],[-68.454,-69.638],[-68.339,-69.679],[-68.35514317035738,-69.8440190747643],[-68.46770588235292,-69.91835294117647],[-68.505,-69.937],[-68.50168310911808,-69.94079073243647],[-68.502,-69.941],[-68.39981580510991,-70.10394236482473],[-68.398,-70.112],[-68.39389966934809,-70.11337620293145],[-68.391,-70.118],[-67.9584236311239,-70.26318655139289],[-67.95337900874637,-70.26890379008744],[-67.88639433198381,-70.39422995951416],[-67.891,-70.406],[-67.87458441558441,-70.4163259321324],[-67.832,-70.496],[-67.82250064817215,-70.50268174747212],[-67.821,-70.516],[-67.7159610279582,-70.58512821236938],[-67.738,-70.654],[-67.73750093388121,-70.65441837878222],[-67.74,-70.659],[-67.56793707647627,-70.79843030009681],[-67.56463516483517,-70.80320627943483],[-67.503,-70.948],[-67.515,-70.995],[-67.40298779424586,-71.03883086312119],[-67.40202030550273,-71.18395417459053],[-67.509,-71.284],[-67.537,-71.455],[-67.52317721518986,-71.46958227848104],[-67.363,-71.641],[-67.35987378080453,-71.64185842904138],[-67.355,-71.647],[-67.11642583041801,-71.70983434919032],[-67.00526232247286,-71.78904928989138],[-66.86677178167326,-71.89031707664208],[-66.9508881539386,-71.9528460613349],[-66.977,-71.969],[-66.97487711295948,-71.97067856184599],[-66.978,-71.973],[-66.95313107344633,-72.18342937853102],[-66.953,-72.189],[-66.95239809459,-72.18963150731541],[-66.952,-72.193],[-66.919,-72.306],[-66.8,-72.406],[-67.273,-72.575],[-67.27487890417966,-72.57683738143537],[-67.281,-72.579],[-67.454,-72.752],[-67.61081873024992,-72.83575545820166],[-67.977,-72.882],[-68.625,-73.055],[-69.214,-73.163],[-69.7301031480242,-73.2181560616209],[-70.0,-73.23886243386244],[-70.08,-73.245],[-70.31292346298618,-73.28884441656211],[-70.34368136674728,-73.29295739206505],[-71.15,-73.289],[-71.418,-73.368],[-71.71352369806905,-73.38365476887068],[-71.772,-73.38],[-72.20588141094986,-73.40973642068815],[-72.343,-73.417],[-72.35537592511974,-73.41998215063127],[-72.414,-73.424],[-72.592,-73.477]],[[-70.088,-68.9],[-70.157,-68.849],[-70.16248779374858,-68.84776180698152],[-70.165,-68.846],[-70.48,-68.768],[-70.49912144290782,-68.7718082538286],[-70.516,-68.768],[-70.92558083832378,-68.85674251497015],[-70.93693613750696,-68.85900405254331],[-71.167,-68.86],[-71.36353421633557,-68.89433701250921],[-71.437,-68.9],[-71.52234599050712,-68.92208343742193],[-71.602,-68.936],[-72.073,-69.061],[-72.07619481847621,-69.0653928754048],[-72.094,-69.07],[-72.22156786102062,-69.18193051031487],[-72.247,-69.194],[-72.24110071546505,-69.19906901485966],[-72.249,-69.206],[-72.13704656547465,-69.34965706200154],[-72.148,-69.367],[-72.13744262295083,-69.38057377049181],[-72.138,-69.392],[-72.12594868077704,-69.3953516961438],[-72.12,-69.403],[-71.95117098067797,-69.4439606270507],[-71.65606227990347,-69.52603584853401],[-71.7168677150787,-69.5745957446809],[-71.783,-69.62],[-71.77793390815513,-69.623363884985],[-71.79,-69.633],[-71.68495238095242,-69.6851036190476],[-71.66257939974638,-69.69995927856841],[-71.6260761234071,-69.77474647887324],[-71.68517227456255,-69.81456527590846],[-71.796,-69.879],[-71.79811037642828,-69.89066260657735],[-71.809,-69.898],[-71.80561477943242,-69.9321343073897],[-71.815,-69.984],[-71.79878918995603,-70.00095900127677],[-71.797,-70.019],[-71.69828729281775,-70.10609944751374],[-71.685,-70.12],[-71.68073852140076,-70.12158365758756],[-71.678,-70.124],[-71.40247392815758,-70.23653881807648],[-71.5868495350803,-70.32601521555367],[-71.69377765108317,-70.32643785632838],[-71.829,-70.323],[-71.83094262411012,-70.32698001037197],[-71.836,-70.327],[-71.84491849255039,-70.3556134969325],[-71.86955601832571,-70.40609037900875],[-71.87481792490915,-70.40724142107388],[-72.329,-70.43],[-72.402,-70.473],[-72.40465290412877,-70.4775255423373],[-72.407,-70.479],[-72.468,-70.574],[-72.46393712273643,-70.57865744466801],[-72.47,-70.589],[-72.44897627788761,-70.59580768144592],[-72.427,-70.621],[-72.335,-70.646],[-72.26029401470073,-70.65690479523977],[-72.26,-70.657],[-71.876,-70.713],[-71.513,-70.708],[-71.021,-70.803],[-70.941,-70.848],[-70.943,-70.912],[-70.93715710809872,-70.91613277719847],[-70.937,-70.919],[-70.92684230171076,-70.92342861586313],[-70.902,-70.941],[-70.72644733984778,-71.0107980456027],[-70.65053088757398,-71.04389656804733],[-70.59332983754884,-71.13416697511825],[-70.598381640625,-71.14639765625],[-70.6337524311183,-71.16674797406807],[-70.68868774819828,-71.1792075305192],[-70.852,-71.156],[-70.963,-71.118],[-71.012,-71.045],[-71.01737655428394,-71.04454395298485],[-71.02,-71.041],[-71.236,-71.026],[-71.311,-71.041],[-71.35688583758336,-71.13183522950176],[-71.36465626669516,-71.13879623891442],[-71.629,-71.184],[-72.141,-71.145],[-72.41,-71.087],[-72.6,-71.119],[-72.926,-71.116],[-73.16,-71.185],[-73.15044572833438,-71.18692873665978],[-73.157,-71.189],[-72.56006662395946,-71.30610954516327],[-72.42417382550336,-71.33354244966444],[-72.45472825779703,-71.34766230095165],[-72.837,-71.452],[-73.241,-71.347],[-73.522,-71.331],[-73.53608595500579,-71.33342242538316],[-73.567,-71.332],[-73.679,-71.358],[-73.669,-71.467],[-73.66427870876699,-71.46890039395542],[-73.664,-71.471],[-73.50816818235504,-71.53353123892761],[-73.50193217665617,-71.54214826498422],[-73.46006503036438,-71.60946406882591],[-73.50847577572128,-71.63301524224279],[-73.79786856545597,-71.59750692448392],[-73.80374736379615,-71.59371836555358],[-73.843,-71.52],[-73.84576421315273,-71.51881892710746],[-73.846,-71.517],[-73.953,-71.473],[-74.195,-71.43],[-74.26706359053898,-71.4314858472276],[-74.301,-71.427],[-74.32348360287509,-71.43264914645103],[-74.389,-71.434],[-74.43469111969114,-71.46059073359075],[-74.5,-71.477],[-74.50700177147918,-71.50267316209035],[-74.511,-71.505],[-74.50870367132868,-71.50891346153846],[-74.509,-71.51],[-74.50445587188608,-71.51615266903922],[-74.44,-71.626],[-74.3994051125783,-71.65838953783647],[-74.396,-71.663],[-74.436,-71.693],[-74.71730694159639,-71.6910532391585],[-74.79802083333331,-71.63258333333334],[-74.835,-71.603],[-74.83981204894886,-71.60230938186382],[-74.843,-71.6],[-74.8694777507195,-71.59805180429488],[-75.051,-71.572],[-75.12065137614678,-71.57957080175508],[-75.142,-71.578],[-75.15076546391752,-71.58284407216495],[-75.189,-71.587],[-75.44719408502773,-71.69436783733826],[-75.484,-71.698],[-75.47995581113801,-71.70799152542372],[-75.492,-71.713],[-75.47554832977967,-71.71888059701492],[-75.467,-71.74],[-75.35314154144451,-71.76263451284537],[-75.28162079749805,-71.78819937451134],[-75.25905363984675,-71.80589910600256],[-75.261144766147,-71.81496065330364],[-75.36595505617974,-71.83339950062421],[-75.461,-71.843],[-75.45622441514249,-71.84928022118248],[-75.466,-71.851],[-75.43511553784862,-71.87703984063744],[-75.388,-71.939],[-75.313,-71.98],[-74.697,-72.105],[-74.63054887218047,-72.0606992481203],[-74.561,-72.056],[-74.416,-72.102],[-74.282,-72.189],[-74.27528909534439,-72.18956158197955],[-74.273,-72.191],[-74.043,-72.209],[-73.584,-72.053],[-73.5883917816411,-72.04656917688266],[-73.584,-72.045],[-73.59310948905109,-72.03966110531805],[-73.612,-72.012],[-73.85773913490188,-71.88374571046954],[-73.8660110701107,-71.86970848708488],[-73.87658121482632,-71.83007044440131],[-73.8068993963783,-71.83562910798122],[-73.672,-71.863],[-73.53059222497934,-71.85927874276261],[-73.218,-71.944],[-72.867,-71.934],[-72.699,-71.88],[-72.624,-71.752],[-72.473,-71.734],[-72.44590902857144,-71.7045736],[-72.44,-71.703],[-72.39340781724079,-71.66732786007496],[-72.268,-71.646],[-72.166,-71.679],[-72.1,-71.771],[-71.85,-71.917],[-71.84666059434154,-71.91730841644616],[-71.842,-71.92],[-71.53367352537722,-71.9475122085048],[-71.436,-72.011],[-71.05714401388086,-71.99137015615963],[-70.99466375545849,-72.01838864628823],[-70.95134397749835,-72.03982974851093],[-71.214,-72.09],[-71.679,-72.101],[-71.779,-72.152],[-72.016,-72.15],[-72.02138075657895,-72.15298930921053],[-72.024,-72.153],[-72.03594594594591,-72.16108108108106],[-72.061,-72.175],[-72.045,-72.194],[-72.03916139240508,-72.19483860759493],[-72.037,-72.197],[-71.307,-72.3],[-70.935,-72.264],[-70.639,-72.176],[-70.52858765081619,-72.20619824934941],[-70.668,-72.273],[-70.742,-72.368],[-70.975,-72.408],[-72.227,-72.37],[-72.637,-72.299],[-73.011,-72.344],[-73.152,-72.39],[-73.18593324937027,-72.42716498740553],[-73.194,-72.431],[-73.19085048454083,-72.43255053068759],[-73.194,-72.436],[-73.08228124999988,-72.48600000000006],[-72.869,-72.591],[-72.77486109660573,-72.60504281984333],[-72.376,-72.728],[-71.787,-72.647],[-71.362,-72.647],[-70.982,-72.686],[-70.727,-72.634],[-70.515,-72.693],[-70.50010970529927,-72.69120738199719],[-70.493,-72.693],[-70.27900343970946,-72.66458876361551],[-70.0,-72.631],[-69.31808270676683,-72.56681954887218],[-69.26,-72.564],[-69.2498009950249,-72.56039303482586],[-69.235,-72.559],[-69.2036492890995,-72.54407109004738],[-69.178,-72.535],[-69.17756291390728,-72.53164900662252],[-69.172,-72.529],[-69.14979938377267,-72.43187230400548],[-69.067,-72.375],[-68.791,-72.318],[-68.78662037037036,-72.31555555555555],[-68.784,-72.315],[-68.705,-72.27],[-68.398,-72.237],[-68.39265110509697,-72.22456743346865],[-68.375,-72.222],[-68.319,-72.072],[-68.3251886227545,-72.06776274478071],[-68.324,-72.065],[-68.4124111349036,-72.00804282655248],[-68.42741860465115,-71.99776744186047],[-68.32517948717918,-71.95687179487167],[-68.138,-71.887],[-68.13805995203838,-71.88202398081535],[-68.133,-71.88],[-68.107,-71.683],[-68.071,-71.638],[-68.24,-71.368],[-68.23370564516128,-71.35631048387096],[-68.174,-71.277],[-68.20930093457942,-71.15251775700939],[-68.216,-71.123],[-68.21902449888641,-71.1182293986637],[-68.231,-71.076],[-68.30438295318127,-70.98359183673469],[-68.31155929787712,-70.97227244767835],[-68.287,-70.876],[-68.30996508504924,-70.86499194270367],[-68.30802906976744,-70.7980058139535],[-68.308,-70.798],[-68.3080281011642,-70.79797230028102],[-68.308,-70.797],[-68.31216216216218,-70.79389729729728],[-68.36482822523165,-70.74198360655738],[-68.375,-70.664],[-68.37715098977876,-70.66107918230044],[-68.377,-70.649],[-68.465,-70.539],[-68.46968675059951,-70.53542535971225],[-68.47,-70.535],[-68.4751724137933,-70.53124137931019],[-68.62119441571872,-70.41986866597723],[-68.635,-70.349],[-68.63728852635836,-70.34840461102873],[-68.637,-70.345],[-68.881,-70.285],[-69.055,-70.193],[-69.076,-70.05],[-69.22444140073425,-69.94481304716182],[-69.22726755852844,-69.94052508361203],[-69.235,-69.869],[-69.30713290113452,-69.81935008103727],[-69.31,-69.815],[-69.32113157894734,-69.74903508771942],[-69.333,-69.662],[-69.33623013513514,-69.65956216216216],[-69.337,-69.655],[-69.497421071557,-69.50811830276878],[-69.504,-69.467],[-69.69484192672992,-69.32735956580738],[-69.728,-69.297],[-69.73646231282247,-69.29690562476407],[-69.75,-69.287],[-69.997,-69.294],[-70.08320980091884,-69.26143185298622],[-70.056,-69.173],[-70.07135878317924,-69.13118997912318],[-70.07026459143968,-69.12217898832684],[-69.994,-69.085],[-70.0,-69.079],[-70.0130606060606,-69.06593939393939],[-70.011,-69.064],[-70.088,-68.9]],[[-78.83789675099523,-72.39870656221909],[-78.85,-72.392],[-78.86558153846156,-72.3908923076923],[-78.89,-72.384],[-78.93152937413366,-72.38620407292888],[-79.061,-72.377],[-79.248,-72.403],[-79.463,-72.563],[-79.45796416004944,-72.5636767985355],[-79.461,-72.566],[-79.25384293193734,-72.59110994764396],[-79.0256557914985,-72.62177746765738],[-79.01359575878075,-72.62895825049695],[-78.88728620071683,-72.71343279569895],[-78.8640291600634,-72.74299683042788],[-78.85615700717193,-72.78538534599728],[-78.88074999999999,-72.810375],[-79.028,-72.884],[-79.417,-72.959],[-79.41696006914435,-72.95902783059637],[-79.422,-72.96],[-79.36331034482768,-72.99642006269586],[-79.252,-73.074],[-79.20575544794191,-73.09419128329297],[-79.169,-73.117],[-79.039,-73.167],[-78.845,-73.185],[-78.83477987846051,-73.18152231975392],[-78.814,-73.183],[-78.269,-72.989],[-77.93,-72.929],[-77.594,-72.91],[-77.549,-72.874],[-77.54960086145012,-72.87115075376884],[-77.546,-72.868],[-77.56179651162792,-72.81331976744184],[-77.57950695825049,-72.729337972167],[-77.477,-72.661],[-77.47588501189533,-72.65888739095955],[-77.473,-72.657],[-77.439,-72.589],[-77.555,-72.506],[-77.55983054833519,-72.50519816809012],[-77.563,-72.503],[-77.78727814569615,-72.46744370860914],[-77.802,-72.465],[-77.80245378151258,-72.46503781512605],[-77.809,-72.464],[-77.81506382978725,-72.46608865248227],[-77.886,-72.472],[-77.97597860108593,-72.52151485148515],[-78.12709361287178,-72.57356557776694],[-78.21663612877582,-72.58420429252782],[-78.35505215244562,-72.57317512729517],[-78.48649193066349,-72.55196174536759],[-78.59139370187972,-72.52665880557674],[-78.766,-72.419],[-78.83789675099523,-72.39870656221909]],[[-75.971,-73.094],[-76.07,-73.157],[-76.07464988381099,-73.16690627420604],[-76.089,-73.177],[-76.08857452574526,-73.19657181571814],[-76.093,-73.206],[-76.08829313099041,-73.2095159744409],[-76.088,-73.223],[-76.04835746102451,-73.23934743875277],[-75.927,-73.33],[-75.672,-73.418],[-74.824,-73.608],[-74.77085327917578,-73.61393818109768],[-74.605,-73.65],[-74.49146988749169,-73.64515420251489],[-74.466,-73.648],[-74.45867344323412,-73.64375435428438],[-74.441,-73.643],[-74.269,-73.541],[-74.27458058222716,-73.53707490149573],[-74.271,-73.535],[-74.34693220338985,-73.48618644067795],[-74.44670185851902,-73.41601352534786],[-74.50612828552984,-73.33124347505304],[-74.48168827160488,-73.29524999999991],[-74.448599041083,-73.2498224123343],[-74.40083766233798,-73.21533766233789],[-74.179,-73.057],[-74.17971556167366,-73.05568271600985],[-74.176,-73.053],[-74.19339070282236,-73.03050802434976],[-74.223,-72.976],[-74.23839527089929,-72.97230211630361],[-74.251,-72.956],[-74.835,-72.829],[-75.185,-72.809],[-75.35119589977222,-72.81976572630103],[-75.394,-72.819],[-75.40443949847912,-72.82321470435492],[-75.432,-72.825],[-75.521015395142,-72.87027950735546],[-75.68047872340424,-72.93465911193339],[-75.72,-72.946],[-75.71553976988494,-72.94881419281069],[-75.716,-72.949],[-75.636,-72.999],[-75.4111908045977,-72.99812183908047],[-75.3610719206393,-73.02009176081565],[-75.36627837259103,-73.02673447537475],[-75.41199752321982,-73.062755624355],[-75.47397934918645,-73.07897309136419],[-75.63,-73.098],[-75.669,-73.13],[-75.971,-73.094]],[[-73.499,-73.154],[-73.5129677419355,-73.154],[-73.542,-73.136],[-73.724,-73.154],[-73.798,-73.224],[-74.053,-73.313],[-74.05106995318094,-73.32104186174607],[-74.064,-73.326],[-74.04563849154746,-73.34367295188555],[-74.041,-73.363],[-73.99399035679846,-73.39338428158148],[-73.984,-73.403],[-73.97629215999999,-73.40482336000001],[-73.959,-73.416],[-73.891,-73.425],[-73.718,-73.371],[-73.65828894318874,-73.33173793524739],[-73.629,-73.32],[-73.60410932358322,-73.29611297989034],[-73.572,-73.275],[-73.54714462809916,-73.24144524793387],[-73.505,-73.201],[-73.50246272493573,-73.18112467866322],[-73.492,-73.167],[-73.50002444794953,-73.1620248422713],[-73.499,-73.154]],[[-77.807,-73.395],[-77.76130379746837,-73.37335443037975],[-77.693,-73.357],[-77.6678990825688,-73.3291100917431],[-77.636,-73.314],[-77.64731625441695,-73.30624028268551],[-77.639,-73.297],[-77.67672885572141,-73.28607164179104],[-77.706,-73.266],[-77.929,-73.213],[-78.222,-73.217],[-78.29635490909091,-73.23858690909091],[-78.331,-73.241],[-78.3330009380863,-73.24922607879925],[-78.346,-73.253],[-78.35121420996819,-73.32410286320253],[-78.367,-73.389],[-78.35626451498177,-73.39297065884236],[-78.357,-73.403],[-78.221,-73.443],[-78.048,-73.442],[-78.04477969762424,-73.44122894168467],[-78.022,-73.441],[-77.807,-73.395]],[[-91.41305405405406,-73.12983783783784],[-91.415,-73.142],[-91.36205882352941,-73.14805042016806],[-91.337,-73.157],[-91.32009523809523,-73.1528462585034],[-91.31,-73.154],[-91.173,-73.119],[-91.16705938679681,-73.11524316361293],[-91.162,-73.114],[-90.852,-72.916],[-90.816,-72.585],[-90.951,-72.542],[-91.238,-72.53],[-91.564,-72.576],[-91.6122169186555,-72.60405347994502],[-91.617,-72.605],[-91.6158464963221,-72.60616523422378],[-91.619,-72.608],[-91.51434458474995,-72.70869936862549],[-91.33135930359526,-72.89354551704615],[-91.391,-72.992],[-91.421,-73.127],[-91.41305405405406,-73.12983783783784]],[[-90.26877309259054,-72.9440838929869],[-90.297,-72.94],[-90.31649821281277,-72.95229887269728],[-90.338,-72.956],[-90.34411328215863,-72.96971760874621],[-90.362,-72.981],[-90.379,-73.048],[-90.281,-73.083],[-89.735,-73.058],[-89.647,-73.027],[-89.62393786675872,-73.00166413531241],[-89.459,-72.918],[-89.46300789733465,-72.91576702862784],[-89.457,-72.914],[-89.529,-72.879],[-89.913,-72.843],[-89.95136540152403,-72.85668068581477],[-89.98,-72.854],[-90.02503288201159,-72.88294970986459],[-90.042,-72.889],[-90.04502222222223,-72.89580000000001],[-90.05,-72.899],[-90.04794616977226,-72.90237888198757],[-90.054,-72.916],[-90.02355026455027,-72.95253968253968],[-90.05093663815674,-72.96782510036655],[-90.216,-72.935],[-90.26877309259054,-72.9440838929869]],[[-93.806,-72.815],[-94.012,-72.809],[-94.138,-72.839],[-94.13,-72.868],[-93.785,-72.913],[-93.77890806988354,-72.90963893510816],[-93.759,-72.912],[-93.727,-72.881],[-93.806,-72.815]],[[-99.254,-72.588],[-99.71324680670264,-72.6219484292429],[-99.993,-72.571],[-100.354,-72.554],[-100.769,-72.603],[-100.859,-72.666],[-100.699,-72.721],[-100.63145467823698,-72.72952306899218],[-100.619,-72.733],[-100.57911512339446,-72.73612742922468],[-100.382,-72.761],[-99.89420089086876,-72.78983251670378],[-99.637,-72.81],[-99.5819036007056,-72.808291584518],[-99.553,-72.81],[-99.52597201406945,-72.8065572717541],[-99.379,-72.802],[-99.027,-72.743],[-98.93,-72.669],[-98.93391719272186,-72.66737021908652],[-98.931,-72.665],[-98.95683679342235,-72.65783432682427],[-99.067,-72.612],[-99.16955768961166,-72.59883751577176],[-99.187,-72.594],[-99.20054778761062,-72.59486017699115],[-99.254,-72.588]],[[-96.208,-72.541],[-96.21067504930966,-72.53920389546352],[-96.207,-72.538],[-96.27787341772152,-72.4938191681736],[-96.25290518783542,-72.45815026833631],[-95.795,-72.416],[-95.676,-72.361],[-95.6812142857143,-72.35814285714285],[-95.677,-72.356],[-95.741,-72.322],[-95.74660972551204,-72.32230973944546],[-95.749,-72.321],[-96.0676224281201,-72.33994146069504],[-96.20959828602035,-72.32658864488484],[-96.204,-72.323],[-96.247,-72.306],[-96.57207268972641,-72.28830263293753],[-96.34,-72.249],[-96.024,-72.25],[-95.839,-72.203],[-95.83280562600875,-72.19226308508185],[-95.822,-72.189],[-95.82854426871025,-72.1848767324311],[-95.824,-72.177],[-95.85,-72.152],[-95.995,-72.08],[-96.2302439200578,-72.17311738502288],[-96.696,-72.186],[-96.851,-72.258],[-97.25049248414795,-72.22266405545619],[-96.9762274641953,-72.16154507160907],[-96.722,-72.107],[-96.72024019083655,-72.10449921855721],[-96.718,-72.104],[-96.71877772643253,-72.10242097966729],[-96.703,-72.08],[-96.74306329113924,-72.03459493670887],[-96.718,-72.027],[-96.346,-72.005],[-96.34786910994765,-72.00232460732984],[-96.343,-72.002],[-96.397,-71.932],[-96.651,-71.873],[-96.66751571313455,-71.87422884770346],[-96.692,-71.869],[-96.90823408555072,-71.8921394408892],[-96.96787504940927,-71.89657701260485],[-97.148,-71.844],[-97.318,-71.854],[-97.3311654676259,-71.86131414868106],[-97.349,-71.863],[-97.3474255319149,-71.8703475177305],[-97.354,-71.874],[-97.35576307248466,-71.96744284168769],[-97.36929510961215,-72.00238010118046],[-97.4096232744545,-72.07026584533176],[-97.46465844450037,-72.09920186257236],[-97.66757989228007,-72.17510951526032],[-97.70463251437533,-72.18060951385259],[-97.71902514860538,-72.17953543667124],[-97.86752364201874,-72.10670496537935],[-97.85404909409704,-72.09835943892462],[-97.677,-72.029],[-97.72137544403863,-72.01618737179166],[-97.713,-72.011],[-97.81,-71.91],[-97.81416820192347,-71.90972487116017],[-97.814,-71.907],[-97.93544585987263,-71.90171974522292],[-98.113,-71.89],[-98.12493513513513,-71.89348108108108],[-98.136,-71.893],[-98.13444947735191,-71.89625609756098],[-98.137,-71.897],[-98.09763758389262,-71.9796610738255],[-98.136,-72.042],[-98.12951673000278,-72.04504810455093],[-98.13,-72.046],[-98.00445411922304,-72.11067515070329],[-98.00767982675329,-72.11813459936698],[-98.197,-72.199],[-98.23241617288254,-72.18664552108748],[-98.21252488687784,-72.14049773755659],[-98.204,-72.127],[-98.22119665271967,-72.11610878661087],[-98.227,-72.11],[-98.23043050992716,-72.11026067704614],[-98.234,-72.108],[-98.28608330003985,-72.11448961246504],[-98.54642146125052,-72.13427214751144],[-98.54528200692042,-72.10920415224915],[-98.54218796389166,-72.10175747241725],[-98.459,-72.065],[-98.48996584050342,-71.99086965455245],[-98.36216393442629,-71.95216393442625],[-98.327,-71.943],[-98.32591061452514,-71.9411843575419],[-98.322,-71.94],[-98.288,-71.878],[-98.51756521739131,-71.90350724637682],[-98.434,-71.846],[-98.506,-71.824],[-98.6589841269841,-71.8743492063492],[-98.73442316258365,-71.87963474387529],[-98.81321520753401,-71.88370143006627],[-98.83915942028989,-71.86849275362317],[-98.83989512195123,-71.86792682926828],[-98.754,-71.808],[-98.75553183023874,-71.80565119363396],[-98.753,-71.804],[-98.75754466858791,-71.80256484149857],[-98.769,-71.785],[-98.8279929328622,-71.78031802120141],[-98.886,-71.762],[-98.96612903225805,-71.76935483870967],[-99.021,-71.765],[-99.093,-71.781],[-99.28371103941647,-71.93052461775845],[-99.308,-71.944],[-99.30233572942811,-71.94512707424646],[-99.306,-71.948],[-98.97824484848566,-72.00961454545438],[-98.92186666666666,-72.02083265306123],[-98.825,-72.092],[-98.83164864864865,-72.12441216216216],[-98.84889900110988,-72.12872475027747],[-99.406,-72.049],[-99.61405046027959,-72.13675588135015],[-99.61665699944228,-72.13312939208032],[-99.607,-71.996],[-99.6087533632287,-71.99539013452915],[-99.608,-71.992],[-99.699,-71.964],[-99.756,-71.972],[-99.7569435957697,-71.97269153936546],[-99.759,-71.973],[-99.92188490108111,-72.08221762153416],[-100.15380939226506,-72.11974585635357],[-100.21549947534103,-72.12829695697796],[-100.22704398900275,-72.12649312671832],[-100.062,-72.033],[-100.07597673355579,-72.03271984275723],[-100.071,-72.03],[-100.4757093368818,-72.01700474606344],[-100.17965462962937,-71.95832129629625],[-100.07,-71.939],[-100.07658152423309,-71.93789032440256],[-100.062,-71.935],[-100.414,-71.881],[-100.975,-72.026],[-101.09950681918168,-72.00450241970964],[-100.929,-71.944],[-100.93385678832117,-71.94385854014598],[-100.925,-71.941],[-101.032,-71.941],[-101.135,-71.938],[-101.15013333333334,-71.941],[-101.161,-71.941],[-101.362,-71.983],[-101.571,-71.938],[-102.412,-72.069],[-102.41873407482305,-72.0714570273003],[-102.473,-72.08],[-102.55630000000004,-72.12165000000002],[-102.56,-72.123],[-102.55951960784314,-72.12325980392157],[-102.563,-72.125],[-102.462,-72.176],[-102.199,-72.214],[-100.792,-72.267],[-100.082,-72.366],[-99.344,-72.342],[-99.27622318511153,-72.36087455604489],[-99.639,-72.436],[-99.63550534608893,-72.43712605514912],[-99.645,-72.439],[-99.59778216123512,-72.44928130360202],[-99.549,-72.465],[-99.526547368421,-72.46479210526316],[-99.521,-72.466],[-98.901,-72.459],[-98.81107880724174,-72.48266347177848],[-98.841,-72.521],[-98.823,-72.543],[-98.81593333333333,-72.54406666666667],[-98.814,-72.546],[-98.76680547945195,-72.55148219178083],[-98.664,-72.567],[-98.64216740088112,-72.5659603524229],[-98.616,-72.569],[-97.824,-72.527],[-97.717,-72.454],[-97.66169197707737,-72.46664183381088],[-97.637,-72.527],[-97.63158086560364,-72.52782175398633],[-97.631,-72.53],[-97.61661979074303,-72.53009044156765],[-97.393,-72.564],[-96.265,-72.557],[-96.208,-72.541]],[[-95.0446066311912,-72.52466608677855],[-95.248,-72.558],[-95.48379088895919,-72.63747026257514],[-95.517,-72.646],[-95.51141518416436,-72.64678067318133],[-95.518,-72.649],[-95.331,-72.672],[-94.697,-72.614],[-94.838,-72.513],[-94.87605939046627,-72.50618937223236],[-94.888,-72.499],[-94.90273773987208,-72.50141535181237],[-94.933,-72.496],[-95.0446066311912,-72.52466608677855]],[[-93.448,-72.579],[-93.44718419794405,-72.5833120965814],[-93.461,-72.585],[-93.46320742358078,-72.63503493449781],[-93.476,-72.646],[-93.46387562437562,-72.65018081918082],[-93.464,-72.653],[-93.45544953173777,-72.65308636836629],[-93.447,-72.656],[-93.42457522123891,-72.6533982300885],[-93.365,-72.654],[-93.33743436252891,-72.64328796471331],[-93.266,-72.635],[-93.17983615954144,-72.58204513971818],[-93.172,-72.579],[-93.17391771731917,-72.57840776376906],[-93.17,-72.576],[-93.18131876861966,-72.57612214498509],[-93.24,-72.558],[-93.4083901797457,-72.57857255589653],[-93.448,-72.579]],[[-97.825,-72.668],[-97.85073978819968,-72.6637337367625],[-97.925,-72.638],[-97.96812269704799,-72.64427800601415],[-98.006,-72.638],[-98.341,-72.696],[-98.33303343710365,-72.69740343595065],[-98.344,-72.699],[-98.26382002074692,-72.70959647302904],[-98.148,-72.73],[-98.13227407002186,-72.72698140043764],[-98.117,-72.729],[-97.824,-72.673],[-97.83364177150338,-72.66965879205328],[-97.825,-72.668]],[[-73.6088023412877,-70.7526118865376],[-73.6,-70.738],[-73.66028634361234,-70.70355066079296],[-73.685,-70.68],[-73.71069911504425,-70.67474336283186],[-73.733,-70.662],[-73.892,-70.631],[-73.93021739130437,-70.6298418972332],[-73.949,-70.626],[-74.09,-70.625],[-74.19687032939507,-70.6926518598923],[-74.455,-70.642],[-74.523,-70.716],[-74.52252843172764,-70.7180883737776],[-74.526,-70.722],[-74.51249999999999,-70.76250000000003],[-74.50228514376997,-70.80773722044728],[-74.535,-70.821],[-74.986,-70.669],[-74.997795134201,-70.67521464060053],[-75.008,-70.672],[-75.02860072289157,-70.69144554216868],[-75.079,-70.718],[-75.11676417600185,-70.77370215960272],[-75.316,-70.853],[-75.92058812291046,-70.88330711670116],[-76.046,-70.884],[-76.08025784774885,-70.89131112604396],[-76.094,-70.892],[-76.25060264317213,-70.92766519823796],[-76.538,-70.989],[-76.54976458990534,-70.99579731861198],[-76.577,-71.002],[-76.58702955447728,-71.01732818703132],[-76.628,-71.041],[-76.63,-71.083],[-76.576,-71.148],[-76.54244939965696,-71.16589365351629],[-76.536,-71.172],[-76.52681339712919,-71.17423285486443],[-76.486,-71.196],[-76.410820338983,-71.20242561205274],[-76.392,-71.207],[-76.37996047669336,-71.20506320712023],[-76.369,-71.206],[-76.162,-71.17],[-75.68,-71.173],[-75.081,-71.064],[-74.306,-71.01],[-73.769,-70.892],[-73.727719373162,-70.86737038230673],[-73.71,-70.863],[-73.69124306839184,-70.84560720887244],[-73.65,-70.821],[-73.63138957816378,-70.79010669975187],[-73.6,-70.761],[-73.6088023412877,-70.7526118865376]],[[-74.86,-69.811],[-75.234,-69.811],[-75.25772938301762,-69.8140708613317],[-75.273,-69.814],[-75.27737582954944,-69.81661334264759],[-75.319,-69.822],[-75.417,-69.9],[-75.54343113772455,-69.85909580838323],[-75.567,-69.837],[-75.60809785202865,-69.83817422434367],[-75.621,-69.834],[-75.62688888888889,-69.83871111111111],[-75.637,-69.839],[-75.64198837209302,-69.85079069767443],[-75.666,-69.87],[-75.681,-69.943],[-75.817,-69.997],[-75.862,-70.047],[-75.85999363057324,-70.04859235668789],[-75.862,-70.051],[-75.85148041044775,-70.05534888059702],[-75.799,-70.097],[-75.69299135220128,-70.12086949685533],[-75.683,-70.125],[-75.66534351949419,-70.12709483667018],[-75.648,-70.131],[-75.57817843388958,-70.13743645699616],[-75.211,-70.181],[-74.799,-70.164],[-74.723,-70.126],[-74.7235764294049,-70.12023570595099],[-74.718,-70.117],[-74.732,-70.036],[-74.554,-70.059],[-74.453,-70.022],[-74.46173620862588,-70.01919993313274],[-74.452,-70.015],[-74.843,-69.897],[-74.827,-69.836],[-74.84210563380282,-69.82455633802817],[-74.842,-69.816],[-74.85347025866095,-69.81594677374171],[-74.86,-69.811]],[[-72.361,-69.525],[-72.36250454884414,-69.52455152870992],[-72.365,-69.522],[-72.465,-69.494],[-72.806,-69.519],[-72.945,-69.601],[-72.728,-69.729],[-72.471,-69.758],[-72.39369087007063,-69.75499186264867],[-72.355,-69.758],[-72.2780420711975,-69.75049190938512],[-72.214,-69.748],[-72.19737777777775,-69.74262222222222],[-72.15,-69.738],[-72.0698742138365,-69.7013710691824],[-72.044,-69.693],[-72.0483108108108,-69.69151351351351],[-72.045,-69.69],[-72.276,-69.613],[-72.361,-69.525]],[[-104.891,-73.241],[-104.87093821589727,-73.23821034363068],[-104.865,-73.239],[-104.77267260940019,-73.22454619124795],[-104.553,-73.194],[-104.56076677480488,-73.19137243439437],[-104.552,-73.19],[-104.754,-73.126],[-104.789,-73.079],[-104.94290288676127,-73.00909157008131],[-105.04,-72.949],[-105.06852521143345,-72.95202922599293],[-105.084,-72.945],[-105.12905074626865,-72.95845671641791],[-105.153,-72.961],[-105.158834550767,-72.96735317750183],[-105.161,-72.968],[-105.16691752577317,-72.97615463917522],[-105.243,-73.059],[-105.23753430761005,-73.07346800926751],[-105.243,-73.081],[-105.2317009063444,-73.08890936555892],[-105.226,-73.104],[-105.053,-73.214],[-104.891,-73.241]],[[-127.37161538461538,-73.42869230769232],[-127.34050243224462,-73.49368380820015],[-127.347,-73.499],[-127.33729909484455,-73.50037522410248],[-127.337,-73.501],[-127.0887051456575,-73.53814647427171],[-127.178,-73.609],[-127.17326521216974,-73.61390092073658],[-127.177,-73.617],[-127.132,-73.663],[-127.12583958102216,-73.66299060911741],[-127.121,-73.668],[-126.476,-73.662],[-126.365,-73.704],[-126.404,-73.764],[-126.39667094017094,-73.76839743589743],[-126.4,-73.774],[-126.38398876404494,-73.77600674157304],[-126.379,-73.779],[-126.025,-73.821],[-125.894,-73.876],[-125.70491061741151,-73.90606036338586],[-125.67359793814434,-73.93693814432989],[-125.643,-73.973],[-125.63517712177122,-73.97482533825338],[-125.635,-73.975],[-125.253,-74.064],[-124.926,-74.114],[-123.987,-74.168],[-123.82,-74.155],[-123.80856207366985,-74.1485661664393],[-123.785,-74.146],[-123.74666192170815,-74.11374733096083],[-123.724,-74.101],[-123.72394653412144,-74.09463756045137],[-123.722,-74.093],[-123.723,-73.982],[-124.09349061662198,-73.8532198391421],[-124.18325620270983,-73.74601777230336],[-124.135,-73.705],[-124.494,-73.642],[-124.792,-73.721],[-125.14696944719199,-73.71411693592702],[-125.16129498525075,-73.70503244837757],[-125.18325777777778,-73.68128888888889],[-125.1806435897436,-73.66821794871795],[-125.101,-73.619],[-125.103,-73.59],[-125.57516748980031,-73.47832553145801],[-125.58050724637681,-73.47276328502416],[-125.51021649484535,-73.4221237113402],[-125.496,-73.414],[-125.49562260536398,-73.41160983397191],[-125.492,-73.409],[-125.49338009049774,-73.39740723981903],[-125.49,-73.376],[-125.49633175635718,-73.37261324659964],[-125.497,-73.367],[-125.50927793896948,-73.36568854427215],[-125.533,-73.353],[-125.88243635368214,-73.32583000273745],[-126.00345291764555,-73.31290373991999],[-126.10598563447724,-73.25654988028732],[-126.118,-73.247],[-126.12556269592477,-73.24578996865203],[-126.127,-73.245],[-126.15421495327082,-73.24120560747667],[-126.293,-73.219],[-126.30718985939498,-73.2198773753728],[-126.335,-73.216],[-127.134,-73.271],[-127.237,-73.3],[-127.23613251043746,-73.30472299872935],[-127.24,-73.306],[-127.23510925925926,-73.35197296296298],[-127.25610218978079,-73.36075182481743],[-127.382,-73.407],[-127.37944721998389,-73.41233247381145],[-127.393,-73.418],[-127.37161538461538,-73.42869230769232]],[[-122.4124347826087,-73.87556521739131],[-122.4062617107943,-73.8935700101833],[-122.53159423384952,-74.00505766150567],[-122.576,-74.039],[-122.54700000000003,-74.05934677419353],[-122.45189346790019,-74.12914269694421],[-122.45056,-74.16848000000005],[-122.45181556195965,-74.18637175792507],[-122.49726027397251,-74.22070776255701],[-122.629,-74.313],[-122.62063671088629,-74.31392551489186],[-122.63,-74.321],[-122.132,-74.368],[-121.497,-74.364],[-120.783,-74.243],[-120.318,-74.239],[-119.438,-74.167],[-118.666,-74.001],[-118.66032258064514,-73.99750620347395],[-118.658,-73.997],[-118.64354545454556,-73.9871818181819],[-118.549,-73.929],[-118.596,-73.843],[-118.59898522391451,-73.84179699931803],[-118.6,-73.84],[-118.63314851485163,-73.82802970297024],[-118.663,-73.816],[-118.66707803013264,-73.81577737800765],[-118.672,-73.814],[-119.066,-73.794],[-119.169,-73.758],[-119.505,-73.805],[-120.01,-73.808],[-120.261,-73.768],[-120.546,-73.789],[-121.66018016620495,-73.66744044321331],[-121.738,-73.652],[-122.306,-73.598],[-122.91499191374646,-73.61209703504042],[-122.954,-73.612],[-122.99623140495876,-73.62385950413226],[-123.094,-73.649],[-123.09625448948178,-73.65194817855311],[-123.1,-73.653],[-123.157,-73.731],[-123.15675903614458,-73.73106950880444],[-123.159,-73.734],[-122.793,-73.836],[-122.41730523255815,-73.87069476744186],[-122.4124347826087,-73.87556521739131]],[[-116.27912778977682,-74.12230093592513],[-116.28458993476235,-74.08853494874184],[-116.27555118110237,-74.08143307086614],[-116.27337984173262,-74.08038359017077],[-116.00252759190053,-73.97733440514469],[-115.93,-73.962],[-115.90107791694136,-73.93873658536587],[-115.886,-73.933],[-115.89078874629813,-73.93046051332675],[-115.884,-73.925],[-115.90964478178368,-73.92046110056926],[-115.952,-73.898],[-116.11,-73.885],[-116.329,-73.902],[-116.471,-73.96],[-116.729,-73.971],[-116.831,-74.022],[-117.116,-74.06],[-117.172,-74.157],[-117.241,-74.187],[-117.23859122743681,-74.18691779783393],[-117.241,-74.188],[-116.274,-74.154],[-116.256,-74.141],[-116.27912778977682,-74.12230093592513]],[[-116.7613488372093,-74.2577338501292],[-116.752,-74.247],[-116.78856610169491,-74.2456372881356],[-116.826,-74.229],[-116.89229144981412,-74.2417717472119],[-116.913,-74.241],[-117.153,-74.292],[-117.198,-74.328],[-117.114,-74.334],[-117.05899048072344,-74.3248043788672],[-117.024,-74.324],[-116.94775939849636,-74.30621052631581],[-116.779,-74.278],[-116.76679352226719,-74.26398515519567],[-116.754,-74.261],[-116.7613488372093,-74.2577338501292]],[[-127.49238806316765,-74.57085845332095],[-127.471,-74.579],[-127.45019215686277,-74.57466300225008],[-127.391,-74.58],[-127.055,-74.498],[-127.05419140417625,-74.49212420368076],[-127.044,-74.49],[-127.05303558967202,-74.48372528494998],[-127.04081000000001,-74.394886],[-127.036,-74.392],[-127.0401762002043,-74.39028038815117],[-127.04,-74.389],[-127.04471794871795,-74.38841025641025],[-127.087,-74.371],[-127.456,-74.337],[-127.822,-74.252],[-127.82282414949688,-74.25204072831815],[-127.823,-74.252],[-128.161,-74.254],[-128.13993286573145,-74.2677117985972],[-128.166,-74.269],[-127.957,-74.394],[-127.93026409768267,-74.40417724676689],[-127.929,-74.405],[-127.92307261785358,-74.4069147442327],[-127.52673289287401,-74.55778480415289],[-127.513,-74.569],[-127.49238806316765,-74.57085845332095]],[[-131.572,-74.29],[-131.67256338028173,-74.29766197183099],[-131.74,-74.299],[-131.7498319235013,-74.30354909893343],[-131.782,-74.306],[-132.008,-74.423],[-131.763,-74.481],[-131.524,-74.503],[-131.29,-74.483],[-131.192,-74.529],[-130.973,-74.547],[-130.801,-74.518],[-130.745,-74.415],[-130.7582759371221,-74.40228899637245],[-130.753,-74.388],[-130.77465580821303,-74.38660614107263],[-130.792,-74.37],[-131.39,-74.347],[-131.469,-74.298],[-131.4825497326203,-74.29694759358289],[-131.488,-74.294],[-131.51388700118537,-74.2945136309759],[-131.572,-74.29]],[[-132.222,-74.428],[-132.21785648148148,-74.41722685185185],[-132.204,-74.414],[-132.208,-74.39160000000001],[-132.207,-74.389],[-132.20849757015208,-74.38881360714845],[-132.209,-74.386],[-132.306,-74.361],[-132.4127006892025,-74.36339776829668],[-132.44,-74.36],[-132.4553903543307,-74.36435708661416],[-132.484,-74.365],[-132.662,-74.419],[-132.65390595372006,-74.42055784991162],[-132.659,-74.422],[-132.60648008849563,-74.42968584070795],[-132.423,-74.465],[-132.400681938326,-74.45980264317181],[-132.372,-74.464],[-132.222,-74.428]],[[-143.281,-75.492],[-143.186,-75.528],[-143.001,-75.526],[-142.962,-75.515],[-143.082,-75.465],[-143.281,-75.492]],[[-145.432821658788,-75.59221014181354],[-145.572,-75.553],[-145.60442162529753,-75.55160251615096],[-145.645,-75.542],[-145.7158719611021,-75.5467986223663],[-145.804,-75.543],[-145.81465629228688,-75.55348714479027],[-145.837,-75.555],[-145.867,-75.605],[-145.848,-75.627],[-145.584,-75.705],[-145.202,-75.736],[-145.1910262751159,-75.73380525502319],[-145.154,-75.737],[-145.1369173553719,-75.72298347107439],[-145.112,-75.718],[-145.12293948425554,-75.71151444861992],[-145.115,-75.705],[-145.178,-75.664],[-145.22579792564972,-75.65053408693625],[-145.252,-75.635],[-145.432821658788,-75.59221014181354]],[[-146.859,-75.806],[-146.87769573835482,-75.80820713577799],[-146.909,-75.799],[-146.98526724890826,-75.82090655021834],[-147.003,-75.823],[-146.99622637661454,-75.82405438477225],[-147.003,-75.826],[-146.9,-75.858],[-146.8249968911917,-75.85070803108808],[-146.791,-75.856],[-146.76965517241376,-75.84532758620689],[-146.756,-75.844],[-146.7629259259259,-75.84196296296297],[-146.759,-75.84],[-146.859,-75.806]],[[-146.814,-76.29],[-146.76224282744278,-76.29061372141373],[-146.586,-76.306],[-146.561,-76.293],[-146.565,-76.234],[-146.5718785046729,-76.22682242990652],[-146.573,-76.22],[-146.58755598455596,-76.21046332046335],[-146.611,-76.186],[-146.759,-76.094],[-146.76734937083646,-76.09266765358991],[-146.776,-76.087],[-146.80707377439307,-76.08632865302238],[-146.853,-76.079],[-147.00187147199316,-76.08212006079027],[-147.1,-76.08],[-147.12793809740555,-76.08476217569412],[-147.187,-76.086],[-147.25693768545992,-76.10675074183976],[-147.276,-76.11],[-147.27416842105265,-76.11186315789475],[-147.278,-76.113],[-147.218,-76.169],[-146.838,-76.284],[-146.83240103684503,-76.28448879837067],[-146.814,-76.29]],[[-146.742,-76.598],[-146.761,-76.571],[-147.06,-76.513],[-147.188,-76.557],[-147.251,-76.577],[-147.24649913461002,-76.57911344983529],[-147.249,-76.58],[-147.1382522678186,-76.66253174946004],[-147.139,-76.673],[-147.092,-76.697],[-146.799,-76.716],[-146.78939262637783,-76.71307601672368],[-146.772,-76.714],[-146.73,-76.695],[-146.7526265060241,-76.60449397590362],[-146.742,-76.598]],[[-148.157,-76.765],[-148.16305126849895,-76.7628509513742],[-148.159,-76.762],[-148.264,-76.727],[-148.63302125775024,-76.71147187776793],[-148.882,-76.685],[-148.90929634486147,-76.68921417254002],[-148.935,-76.687],[-149.09803202846982,-76.71835231316727],[-149.167,-76.729],[-149.16512154696133,-76.73125414364641],[-149.169,-76.732],[-149.16151807228914,-76.73557831325301],[-149.137,-76.765],[-149.0573017421603,-76.78542090592335],[-149.008,-76.809],[-148.856,-76.837],[-148.378,-76.808],[-148.157,-76.765]],[[-146.223,-76.898],[-146.22402449888642,-76.89743652561248],[-146.223,-76.897],[-146.283,-76.865],[-146.627,-76.819],[-146.63862140845066,-76.8194304225352],[-146.681,-76.814],[-146.914,-76.816],[-146.94710726643595,-76.83085582468281],[-146.978,-76.832],[-146.97819401525524,-76.8448050068453],[-146.992,-76.851],[-146.97853310580206,-76.86718498293513],[-146.979,-76.898],[-146.90415699333968,-76.95657278782112],[-146.883,-76.982],[-146.87191374407584,-76.9818066350711],[-146.864,-76.988],[-146.76254516471838,-76.97989904357067],[-146.711,-76.979],[-146.338,-76.946],[-146.223,-76.898]],[[-148.512,-76.908],[-149.021,-76.909],[-149.195,-76.951],[-149.143,-76.989],[-148.771,-77.02],[-148.207,-76.978],[-148.512,-76.908]],[[-150.399,-77.006],[-150.163,-77.081],[-149.457,-77.126],[-149.076,-77.108],[-149.07754233774517,-77.10420347631957],[-149.074,-77.104],[-149.07857209756096,-77.10166868292684],[-149.089,-77.076],[-149.258,-76.994],[-149.43520554854987,-76.91982093316517],[-149.478,-76.898],[-149.4902518179929,-76.89677830874714],[-149.516,-76.886],[-149.657,-76.864],[-149.76673134775572,-76.86920912486767],[-149.829,-76.863],[-150.626,-76.91],[-150.736,-76.951],[-150.72862970115386,-76.9522028677642],[-150.733,-76.954],[-150.399,-77.006]],[[-147.66041510845173,-77.03997008227375],[-147.674,-77.035],[-147.819,-77.028],[-147.82255958243056,-77.03907425645066],[-147.836,-77.039],[-147.82538028169014,-77.04784976525822],[-147.828,-77.056],[-147.81153494282086,-77.0593875476493],[-147.794,-77.074],[-147.634,-77.103],[-147.6291322925226,-77.09691536565325],[-147.619,-77.099],[-147.6221052631579,-77.08813157894737],[-147.618,-77.083],[-147.62634104046245,-77.07330635838149],[-147.633,-77.05],[-147.65254966887417,-77.0428476821192],[-147.655,-77.04],[-147.66041510845173,-77.03997008227375]],[[-147.897,-77.43],[-147.725,-77.422],[-147.626,-77.381],[-147.59550240000002,-77.3417888],[-147.591,-77.339],[-147.5918758486906,-77.33712609117362],[-147.591,-77.336],[-147.634,-77.247],[-147.709,-77.189],[-148.178,-77.094],[-148.1840782037575,-77.09359890025965],[-148.202,-77.09],[-148.538,-77.068],[-148.5462984788269,-77.06969603946827],[-148.572,-77.068],[-148.812,-77.124],[-148.863,-77.267],[-148.85010853658534,-77.26912547425474],[-148.861,-77.278],[-148.305,-77.359],[-148.171,-77.425],[-148.10882766735097,-77.42613453161768],[-148.08,-77.436],[-147.9180957048655,-77.42961504188202],[-147.897,-77.43]],[[-147.49194594594584,-77.16883783783787],[-147.316,-77.241],[-147.29535162094763,-77.24032668329177],[-147.288,-77.243],[-147.27693873773833,-77.23972626318712],[-147.224,-77.238],[-147.08331340782127,-77.18242011173186],[-147.065,-77.177],[-147.0689984,-77.1767648],[-147.062,-77.174],[-147.533,-77.152],[-147.52522469246253,-77.15518895101768],[-147.53,-77.155],[-147.49194594594584,-77.16883783783787]],[[-150.208,-77.37],[-150.16043024907336,-77.35954906987217],[-150.128,-77.361],[-150.076,-77.341],[-150.748,-77.2],[-150.79041157715517,-77.20061764432751],[-150.819,-77.195],[-150.8514457007259,-77.20150649078727],[-150.954,-77.203],[-151.17330822444256,-77.26605111452724],[-151.193,-77.27],[-151.18967081886868,-77.27075536042476],[-151.194,-77.272],[-150.955,-77.324],[-150.208,-77.37]],[[-149.434,-77.251],[-149.519,-77.287],[-149.5131272727273,-77.28823636363637],[-149.519,-77.291],[-149.196,-77.355],[-148.859,-77.355],[-148.823,-77.344],[-149.162,-77.259],[-149.1863153875525,-77.25828484154258],[-149.196,-77.256],[-149.434,-77.251]],[[-150.7,-76.723],[-150.321,-76.782],[-149.972,-76.752],[-149.95706626372822,-76.74808174246334],[-149.924,-76.745],[-149.84516279069754,-76.71872093023252],[-149.77,-76.699],[-149.77594011976046,-76.69564670658683],[-149.771,-76.694],[-149.79389522918618,-76.6855107577175],[-149.832,-76.664],[-149.85098513883457,-76.66434258897145],[-149.86,-76.661],[-150.116,-76.661],[-150.38786768252567,-76.67403069502302],[-150.497,-76.676],[-150.51476413164207,-76.68011287776935],[-150.575,-76.683],[-150.701,-76.719],[-150.6903497340859,-76.72076570198048],[-150.7,-76.723]],[[-148.51634629629626,-76.6772037037037],[-148.409,-76.689],[-148.367,-76.672],[-148.619,-76.618],[-148.6284264339152,-76.619897528905],[-148.653,-76.615],[-148.74234879227052,-76.64282995169081],[-148.773,-76.649],[-148.76498546387344,-76.64988071825566],[-148.775,-76.653],[-148.654,-76.682],[-148.51634629629626,-76.6772037037037]],[[-147.76201465201467,-76.65682417582417],[-147.72,-76.665],[-147.67150118091632,-76.665702881436],[-147.434,-76.689],[-147.375,-76.67],[-147.591,-76.594],[-147.65195154903333,-76.58718169112508],[-147.686,-76.577],[-147.886,-76.561],[-147.954,-76.591],[-147.905,-76.629],[-147.81886112042937,-76.64576216034888],[-147.801,-76.653],[-147.76201465201467,-76.65682417582417]],[[-159.247,-79.359],[-159.2737029903446,-79.3537902742683],[-159.293,-79.346],[-160.308,-79.152],[-161.176,-78.836],[-161.19479488740112,-78.83267475069057],[-161.205,-78.829],[-161.696,-78.744],[-162.446,-78.712],[-162.49804264752456,-78.71536746542806],[-162.546,-78.712],[-162.66217802896492,-78.72598799010949],[-162.786,-78.734],[-162.80735760811535,-78.74346780565938],[-162.845,-78.748],[-162.98087871162554,-78.82038953195772],[-163.11648945391505,-78.88050563420977],[-163.438,-78.96],[-163.443267648273,-78.96242741158662],[-163.446,-78.963],[-163.46006031128414,-78.97016572338171],[-163.757,-79.107],[-163.806,-79.145],[-163.80625852052674,-79.1466028272657],[-163.809,-79.148],[-163.815578313253,-79.20438554216864],[-163.816,-79.207],[-163.81589261744966,-79.20707957813997],[-163.816,-79.208],[-163.646,-79.351],[-163.60752027859178,-79.36149836497216],[-163.592,-79.373],[-162.748,-79.596],[-161.26963629994754,-79.80859261390646],[-161.189,-79.825],[-161.1447404602388,-79.82655296630742],[-161.086,-79.835],[-160.109,-79.866],[-159.363,-79.853],[-159.046,-79.881],[-158.727,-79.828],[-158.536,-79.722],[-158.53771933613731,-79.71677321814255],[-158.533,-79.714],[-158.54946153846157,-79.68107692307682],[-158.561,-79.646],[-158.56820737327186,-79.64358525345624],[-158.569,-79.642],[-158.9539280214492,-79.51337068609926],[-159.023,-79.455],[-159.247,-79.359]],[[-55.494,-61.127],[-55.38859223300971,-61.21118932038835],[-55.389,-61.217],[-55.3725497529993,-61.22400247000706],[-55.34,-61.25],[-55.241,-61.28],[-55.029,-61.162],[-54.752,-61.139],[-54.646,-61.093],[-55.092,-61.098],[-55.389,-61.059],[-55.494,-61.127]],[[-54.00794524119948,-61.099546284224246],[-54.008,-61.097],[-54.032,-61.088],[-54.197,-61.229],[-54.196626998223806,-61.23093960923624],[-54.199,-61.233],[-54.196098621421,-61.233687168610814],[-54.192,-61.255],[-54.089200345423116,-61.259005181347156],[-54.047,-61.269],[-54.042752014179825,-61.2608148565904],[-54.038,-61.261],[-54.006,-61.19],[-54.007,-61.1],[-54.00794524119948,-61.099546284224246]],[[-58.408,-62.191],[-58.409134228187924,-62.188464666403476],[-58.407,-62.187],[-58.425,-62.153],[-58.56102925045704,-62.14821023765997],[-58.429,-62.102],[-58.40494035714286,-62.06383642857143],[-58.39264058798518,-62.057448703152524],[-58.320595103578164,-62.07163088512241],[-58.27755888318816,-62.08323195322754],[-58.286515838873676,-62.087617129448574],[-58.354,-62.099],[-58.353097264437686,-62.12021428571428],[-58.369,-62.128],[-58.352530681467776,-62.13352898550725],[-58.352,-62.146],[-58.28161048586328,-62.157337908317324],[-58.229,-62.175],[-58.210097687262696,-62.168856748360376],[-58.203,-62.17],[-58.175013986013994,-62.15745454545455],[-58.109,-62.136],[-58.1320882896195,-62.11475877355006],[-58.111,-62.067],[-57.926,-62.07],[-57.736,-61.998],[-57.592,-62.012],[-57.59879678266579,-62.00733355219961],[-57.589,-62.008],[-57.622,-61.91],[-57.63325356125356,-61.90347293447293],[-57.631,-61.898],[-57.66969021739129,-61.88233967391305],[-57.672,-61.881],[-57.67249013657056,-61.88120637329287],[-57.673,-61.881],[-57.674435897435906,-61.88202564102565],[-57.805,-61.937],[-57.982,-61.906],[-58.226,-61.952],[-58.4,-61.939],[-58.65,-62.004],[-58.986,-62.211],[-58.981844961240306,-62.21140310077519],[-58.986,-62.214],[-58.95891841779975,-62.21362731767614],[-58.584,-62.25],[-58.458,-62.222],[-58.417439543002224,-62.19416439225643],[-58.408,-62.191]],[[-58.817,-62.3],[-58.847,-62.268],[-58.999,-62.237],[-59.04026027397259,-62.2472168297456],[-59.158,-62.26],[-59.20110176991151,-62.28704424778761],[-59.209,-62.289],[-59.20566422184266,-62.28990696272481],[-59.209,-62.292],[-59.035,-62.348],[-59.01027246428412,-62.343031910632426],[-58.992,-62.348],[-58.87425462304414,-62.31570412517782],[-58.816,-62.304],[-58.81897740112995,-62.30054237288135],[-58.817,-62.3]],[[-59.336,-62.366],[-59.371095913107524,-62.36406811487481],[-59.520938144329904,-62.32203092783505],[-59.531,-62.317],[-59.534678580585606,-62.31817614481309],[-59.546,-62.315],[-59.678,-62.364],[-59.492,-62.457],[-59.42278048780492,-62.445463414634155],[-59.344,-62.438],[-59.34213832853026,-62.43202305475504],[-59.336,-62.431],[-59.336,-62.41231578947367],[-59.325,-62.377],[-59.336,-62.373914027149326],[-59.336,-62.366]],[[-59.613042282571335,-62.477823306978344],[-59.733,-62.437],[-59.979,-62.454],[-59.9742875019311,-62.45759771357948],[-59.979,-62.458],[-59.886,-62.525],[-59.694,-62.557],[-59.68568534906588,-62.55413667649951],[-59.666,-62.557],[-59.56877652127087,-62.51387668282176],[-59.543,-62.505],[-59.545633288022955,-62.503611539042446],[-59.542,-62.502],[-59.560866598778,-62.49557942973524],[-59.598,-62.476],[-59.613042282571335,-62.477823306978344]],[[-61.15,-62.652],[-61.106,-62.655],[-60.801,-62.669],[-60.64,-62.613],[-60.535,-62.633],[-60.344,-62.614],[-60.402,-62.687],[-60.40039576166231,-62.68789789459199],[-60.402,-62.69],[-60.396377964246625,-62.69014666180226],[-60.32673718244804,-62.729124711316395],[-60.331,-62.733],[-60.268,-62.762],[-59.817,-62.614],[-59.827133991171124,-62.614064961481866],[-59.818,-62.611],[-59.981756756756766,-62.611],[-60.0210574162679,-62.593047846889974],[-60.05575257731959,-62.57361855670103],[-60.0597771260997,-62.563557184750735],[-60.03954539516655,-62.537480731548],[-60.012,-62.52],[-60.021387350144686,-62.51407702907538],[-60.019,-62.511],[-60.043318054779206,-62.50023979877027],[-60.096,-62.467],[-60.108881082933515,-62.471229609321455],[-60.132,-62.461],[-60.297,-62.532],[-60.517,-62.554],[-60.787,-62.448],[-60.815,-62.546],[-60.947,-62.602],[-61.169,-62.572],[-61.16814988330392,-62.57557943872033],[-61.173,-62.575],[-61.16711305434103,-62.579945034353536],[-61.15,-62.652]],[[-61.194,-62.757],[-61.198761235955054,-62.753349719101124],[-61.151,-62.709],[-61.276,-62.696],[-61.28779917610711,-62.699228630278064],[-61.291,-62.699],[-61.451,-62.736],[-61.46001706700379,-62.74635292878213],[-61.477,-62.751],[-61.472539939332655,-62.76073104145601],[-61.478,-62.767],[-61.461877995642695,-62.7839934640523],[-61.455,-62.799],[-61.44636030103481,-62.80034995296331],[-61.441,-62.806],[-61.359,-62.814],[-61.194,-62.757]],[[-62.261,-62.885],[-62.2645264,-62.885556799999996],[-62.261,-62.882],[-62.477,-62.916],[-62.48274497681608,-62.92001236476043],[-62.489,-62.921],[-62.729,-63.089],[-62.72549658536585,-63.089553170731705],[-62.729,-63.092],[-62.72189266737513,-63.09012221041445],[-62.691,-63.095],[-62.42312674543503,-63.01118689581096],[-62.377,-62.999],[-62.37377263397948,-62.995744811858614],[-62.365,-62.993],[-62.261,-62.885]],[[-60.5,-62.975],[-60.466,-62.953],[-60.46932792485055,-62.92415798462852],[-60.463,-62.914],[-60.47073103251569,-62.91199771819738],[-60.472,-62.901],[-60.52389366400543,-62.898228979106506],[-60.602,-62.878],[-60.64540715566884,-62.891740394600205],[-60.678,-62.89],[-60.72491972004939,-62.916909839440095],[-60.741,-62.922],[-60.741162521688835,-62.926225563909775],[-60.746,-62.929],[-60.742697986577184,-62.96614765100668],[-60.743,-62.974],[-60.637,-63.004],[-60.61052611940299,-63.00159328358209],[-60.58,-63.008],[-60.56763265306122,-62.99769387755102],[-60.56,-62.997],[-60.56454071661238,-62.99511726384365],[-60.562,-62.993],[-60.642,-62.963],[-60.62978383128295,-62.91762565905097],[-60.6198733451015,-62.915095322153576],[-60.501,-62.975],[-60.500700143472024,-62.974518651362985],[-60.5,-62.975]],[[-55.999325,-63.068484375000004],[-55.971,-63.054],[-55.987413394919166,-63.046150115473445],[-55.982,-63.036],[-56.109,-62.988],[-56.394,-62.979],[-56.584,-63.04],[-56.58290432857846,-63.04068728480079],[-56.587,-63.042],[-56.56866257668711,-63.049620747350815],[-56.474,-63.109],[-56.31805851063834,-63.15376789168277],[-56.279,-63.17],[-56.2686309719934,-63.16795761569567],[-56.265,-63.169],[-56.2526919295371,-63.16481810733307],[-56.147,-63.144],[-56.05904500127845,-63.09902301201739],[-56.006,-63.081],[-55.999325,-63.068484375000004]],[[-56.538,-63.337],[-56.54111441307578,-63.361136701337294],[-56.543,-63.364],[-56.54153541076487,-63.36439943342776],[-56.542,-63.368],[-56.413,-63.43],[-56.306,-63.437],[-56.031,-63.386],[-55.99537767436238,-63.340330351746644],[-55.869,-63.301],[-55.249,-63.366],[-55.064,-63.34],[-55.003,-63.284],[-55.00378234086242,-63.282696098562624],[-55.002,-63.281],[-55.048,-63.209],[-55.479,-63.138],[-55.487750000000005,-63.13625],[-55.491,-63.133],[-55.52274999999995,-63.129250000000006],[-55.589,-63.116],[-55.606506787330325,-63.11935746606335],[-55.618,-63.118],[-55.735,-63.144],[-56.01,-63.133],[-56.318,-63.208],[-56.325536231884065,-63.21188405797102],[-56.342,-63.216],[-56.3848514241724,-63.24245419553501],[-56.448,-63.275],[-56.44734414302047,-63.281033884211624],[-56.515290842317256,-63.32298057102239],[-56.516,-63.323],[-56.51646424827008,-63.32370496959531],[-56.538,-63.337]],[[-55.741,-63.513],[-55.73071781305115,-63.49430511463845],[-55.711,-63.478],[-55.712726907630525,-63.461594377510046],[-55.708,-63.453],[-55.714130634071815,-63.4482589763178],[-55.715,-63.44],[-55.783,-63.395],[-55.964,-63.381],[-55.9861168097605,-63.387580207862634],[-56.002,-63.387],[-56.06291970802922,-63.41043065693432],[-56.206,-63.453],[-56.20065934065934,-63.46340743871513],[-56.21,-63.467],[-56.167,-63.529],[-56.0,-63.583],[-55.98450414868902,-63.578946232990376],[-55.977,-63.581],[-55.825603773584916,-63.537377358490566],[-55.763,-63.521],[-55.759917120387165,-63.51845069570478],[-55.741,-63.513]],[[-62.211,-63.211],[-62.262,-63.257],[-62.26149606299212,-63.25863779527559],[-62.264,-63.261],[-62.25841379310344,-63.2686551724138],[-62.24431818181818,-63.314465909090906],[-62.253,-63.334],[-62.23872813990461,-63.33263354531002],[-62.238,-63.335],[-62.168805755395816,-63.32593884892088],[-61.971,-63.307],[-61.943,-63.282],[-61.946100424328144,-63.280256011315416],[-61.944,-63.278],[-61.98382758620685,-63.25903448275864],[-62.055,-63.219],[-62.06945689655173,-63.21825862068965],[-62.07,-63.218],[-62.211,-63.211]],[[-60.55407111501317,-63.65561720807726],[-60.771,-63.635],[-60.78297466827503,-63.705517490952964],[-60.79,-63.722],[-60.886,-63.803],[-60.86277177177177,-63.83158858858859],[-60.872,-63.854],[-60.84201732925586,-63.85713251783894],[-60.834,-63.867],[-60.738,-63.868],[-60.633,-63.82],[-60.618,-63.799],[-60.65439814337287,-63.77997369778237],[-60.65206198347108,-63.74687809917356],[-60.529,-63.658],[-60.53345440631545,-63.657576647333656],[-60.53,-63.655],[-60.55407111501317,-63.65561720807726]],[[-61.767,-63.972],[-61.77331368186874,-63.97361512791991],[-61.771,-63.97],[-61.914,-63.995],[-61.92453958201394,-64.01230082330589],[-61.939,-64.016],[-61.946725288831836,-64.04871887034659],[-61.967,-64.082],[-61.95512263668881,-64.08428410832907],[-61.956,-64.088],[-61.94949188391541,-64.08536694540088],[-61.941,-64.087],[-61.878367053998566,-64.05659125085438],[-61.825,-64.035],[-61.81781031613977,-64.02719051580699],[-61.803,-64.02],[-61.78432126696832,-63.990814479638004],[-61.767,-63.972]],[[-62.59205612244928,-64.37228061224515],[-62.614,-64.39],[-62.61410866141732,-64.39057952755904],[-62.705,-64.466],[-62.6637392109386,-64.47922461187865],[-62.736,-64.492],[-62.549,-64.516],[-62.481,-64.463],[-62.414,-64.483],[-62.379040679481434,-64.46797362539114],[-62.358,-64.469],[-62.33443401759531,-64.44880058651026],[-62.3,-64.434],[-62.22083700980393,-64.37227501114083],[-62.143,-64.356],[-62.14754165176975,-64.31512513407222],[-62.06931374732337,-64.25412925053536],[-62.013,-64.227],[-62.026695776255714,-64.22089915421337],[-62.014,-64.211],[-62.070621044715686,-64.16682582287268],[-61.973,-64.146],[-62.14726675598836,-64.10702895330218],[-62.246,-64.03],[-62.259066847893244,-64.03072284690474],[-62.262,-64.027],[-62.35733834929321,-64.03615914272686],[-62.481,-64.043],[-62.481270146895305,-64.0480652542869],[-62.491,-64.049],[-62.48176139978791,-64.05727624602333],[-62.485,-64.118],[-62.48366073697586,-64.12046251588309],[-62.523,-64.148],[-62.44250897882605,-64.19612865183598],[-62.42658796296296,-64.22540277777777],[-62.426885582010584,-64.2352242063492],[-62.59205612244928,-64.37228061224515]],[[-63.20523333333334,-64.4148],[-63.30033091908092,-64.42806943056944],[-63.1,-64.31],[-63.10054306771073,-64.30475034546292],[-63.089,-64.297],[-63.1017282672397,-64.29329341668294],[-63.103,-64.281],[-63.271,-64.244],[-63.446,-64.261],[-63.48271609662764,-64.27338100932792],[-63.516,-64.278],[-63.58940526976157,-64.30935759096612],[-63.618,-64.319],[-63.617717081850536,-64.32145195729538],[-63.619,-64.322],[-63.612,-64.371],[-63.673,-64.419],[-63.872,-64.443],[-63.884,-64.463],[-63.87977327935223,-64.46534817813765],[-63.88,-64.466],[-63.8626842105263,-64.47484210526316],[-63.83364864864865,-64.49097297297297],[-63.849,-64.514],[-64.166,-64.573],[-64.21827867298579,-64.66805213270142],[-64.268,-64.701],[-64.19248845750262,-64.7153074501574],[-64.19,-64.719],[-64.10631238779176,-64.73163554757629],[-64.078,-64.737],[-64.028,-64.773],[-63.733,-64.788],[-63.64,-64.834],[-63.534,-64.789],[-63.296,-64.755],[-63.08,-64.626],[-62.764,-64.563],[-62.76672391519112,-64.56138680750817],[-62.76,-64.56],[-62.86,-64.502],[-62.866896941109204,-64.50206103487707],[-62.867,-64.502],[-62.973,-64.502],[-63.11,-64.56],[-63.218,-64.556],[-63.231203187251,-64.542796812749],[-63.064,-64.466],[-63.09251948051948,-64.39945454545455],[-63.092,-64.399],[-63.092673981191226,-64.39909404388715],[-63.094,-64.396],[-63.20523333333334,-64.4148]],[[-63.12474430823117,-64.73174781085814],[-63.129,-64.723],[-63.284,-64.793],[-63.482,-64.798],[-63.485460072127765,-64.80250283359094],[-63.496,-64.803],[-63.555,-64.893],[-63.324,-64.912],[-63.26424795949994,-64.8685137927472],[-63.252,-64.867],[-63.111,-64.76],[-63.1211233349778,-64.73919092254563],[-63.115,-64.728],[-63.12474430823117,-64.73174781085814]],[[-66.142,-65.793],[-66.14200775193798,-65.79303100775192],[-66.147,-65.799],[-66.161,-65.869],[-65.806,-65.846],[-65.8274104151493,-65.83442680262199],[-65.834,-65.761],[-65.9,-65.706],[-65.667,-65.687],[-65.66070041444642,-65.67818058022499],[-65.641,-65.676],[-65.64757768924304,-65.65980876494024],[-65.607,-65.603],[-65.582,-65.504],[-65.798,-65.506],[-65.88837280187572,-65.52890269636576],[-65.918,-65.53],[-65.93276923076924,-65.54015384615386],[-65.944,-65.543],[-65.94388579795022,-65.54779648609077],[-65.95,-65.552],[-65.94232352941175,-65.61341176470596],[-65.94205707809601,-65.62460271996702],[-66.055,-65.689],[-66.14197580117725,-65.7929928057554],[-66.142,-65.793]],[[-66.741,-66.114],[-66.803,-66.289],[-66.779,-66.317],[-66.732,-66.311],[-66.60192938637064,-66.23941751464693],[-66.585,-66.232],[-66.5847490087646,-66.22996254173623],[-66.583,-66.229],[-66.556,-66.107],[-66.56817645150826,-66.09543237106713],[-66.568,-66.094],[-66.5695238095238,-66.09415238095238],[-66.576,-66.088],[-66.6941052631579,-66.10661052631579],[-66.738,-66.111],[-66.73826248819748,-66.11356863450385],[-66.741,-66.114]],[[-68.32643496271754,-67.54128003314004],[-68.28098147535562,-67.52913298048297],[-68.21992957746473,-67.53680281690141],[-68.116,-67.556],[-68.10130706622272,-67.55170514243433],[-68.091,-67.553],[-68.08394364718235,-67.54662968148408],[-68.051,-67.537],[-67.95494544327339,-67.43017296962181],[-67.947,-67.423],[-67.94821793300653,-67.42269097222223],[-67.944,-67.418],[-68.01017142857141,-67.40697142857144],[-68.14024952198854,-67.37396653919694],[-68.14735569755058,-67.36916506922257],[-68.1386155152287,-67.33070826700626],[-68.01550400000015,-67.2837211428572],[-67.676,-67.161],[-67.68392490037385,-67.15716963148597],[-67.673,-67.153],[-67.75194936708867,-67.12429113924048],[-67.76139156626505,-67.11972740963856],[-67.773,-67.082],[-67.90655445544554,-67.04956534653465],[-67.9132378516624,-67.04633503836317],[-67.91626277372262,-67.02516058394163],[-67.91675086147484,-66.98830995864921],[-67.883,-66.959],[-67.916,-66.908],[-67.91331229454306,-66.88265877712031],[-67.89293876009967,-66.83336796798308],[-67.682,-66.72],[-67.67542169796678,-66.71273645817165],[-67.664,-66.707],[-67.59226086956522,-66.62091304347827],[-67.586,-66.614],[-67.5965160535117,-66.61381137123746],[-67.622,-66.603],[-67.809,-66.61],[-68.186,-66.74],[-68.622,-67.036],[-68.62341385361826,-67.03891607308765],[-68.625,-67.04],[-68.68934841193456,-67.17162175168431],[-68.833,-67.327],[-69.209,-67.52],[-69.229,-67.541],[-69.173,-67.638],[-68.904,-67.766],[-68.582,-67.75],[-68.58089998579342,-67.74940573945162],[-68.573,-67.749],[-68.408,-67.656],[-68.378,-67.616],[-68.38792072343632,-67.56369073097211],[-68.32643496271754,-67.54128003314004]],[[-67.47126207906292,-66.80142752562223],[-67.542,-66.87],[-67.5384808225016,-66.87141817600683],[-67.54,-66.873],[-67.53325155221073,-66.87352549388524],[-67.475,-66.897],[-67.296,-66.893],[-67.28949185336047,-66.8841395112016],[-67.219,-66.799],[-67.22218432983848,-66.7925039671295],[-67.213,-66.78],[-67.23328571428571,-66.76985714285713],[-67.244,-66.748],[-67.395,-66.689],[-67.46,-66.697],[-67.512,-66.744],[-67.44530835443038,-66.77440354430381],[-67.47126207906292,-66.80142752562223]],[[-67.793,-67.268],[-67.78428156996587,-67.26919226393629],[-67.743,-67.287],[-67.676,-67.284],[-67.582,-67.217],[-67.586576,-67.21596],[-67.584,-67.214],[-67.60399999999998,-67.212],[-67.648,-67.202],[-67.65853608247423,-67.20654639175258],[-67.664,-67.206],[-67.72313081081083,-67.23441945945946],[-67.794,-67.265],[-67.7901835,-67.26664633333333],[-67.793,-67.268]],[[-67.21420958751393,-67.56441137123745],[-67.218,-67.566],[-67.2098449197861,-67.56833957219251],[-67.198,-67.579],[-67.16910248807532,-67.58002797473249],[-67.096,-67.601],[-66.96166936177526,-67.58740701875107],[-66.945,-67.588],[-66.93969896193772,-67.58518382352942],[-66.928,-67.584],[-66.854,-67.543],[-66.85891458501209,-67.54226712328767],[-66.849,-67.537],[-67.082,-67.509],[-67.218,-67.561],[-67.21420958751393,-67.56441137123745]],[[-67.296,-67.754],[-67.086,-67.633],[-67.08728530449405,-67.63290609647531],[-67.084,-67.631],[-67.387,-67.599],[-67.45376031937327,-67.60613166616452],[-67.524,-67.601],[-67.724,-67.635],[-67.812,-67.686],[-67.8113653516295,-67.68684317569223],[-67.815,-67.689],[-67.80965697137582,-67.68911288088641],[-67.742,-67.779],[-67.508,-67.81],[-67.5076669369552,-67.80991202108251],[-67.507,-67.81],[-67.296,-67.754]],[[-67.098,-67.881],[-67.08855427251731,-67.86620169361046],[-67.066,-67.848],[-67.07471186440678,-67.8445152542373],[-67.068,-67.834],[-67.196,-67.796],[-67.383,-67.832],[-67.37541654187305,-67.83382294666512],[-67.381,-67.835],[-67.27369277918972,-67.87769816116011],[-67.269,-67.896],[-67.225,-67.91],[-67.20169892672095,-67.90634492968172],[-67.19,-67.911],[-67.15164735516373,-67.89849370277078],[-67.123,-67.894],[-67.11291990483743,-67.88586518636004],[-67.098,-67.881]],[[-68.688,-72.369],[-68.70389937055506,-72.3737313005804],[-68.713,-72.373],[-68.85400806018255,-72.41840032240727],[-68.977,-72.455],[-68.97304987531173,-72.45672817955112],[-68.977,-72.458],[-68.96812743972446,-72.45888174512055],[-68.929,-72.476],[-68.85427588555862,-72.4701961852861],[-68.816,-72.474],[-68.7671428571428,-72.46342857142857],[-68.723,-72.46],[-68.70332420834568,-72.44961985794615],[-68.645,-72.437],[-68.61987738419617,-72.40559673024522],[-68.596,-72.393],[-68.60741726618704,-72.39002158273381],[-68.601,-72.382],[-68.65471182795697,-72.37768387096774],[-68.688,-72.369]],[[-57.177,-63.893],[-57.144250000000056,-63.87550000000003],[-57.046,-63.826],[-57.050047230113634,-63.825162642045456],[-57.046,-63.823],[-57.249,-63.784],[-57.632,-63.77],[-57.637083408884855,-63.77371169537625],[-57.645,-63.772],[-57.670735498839925,-63.79828306264503],[-57.695,-63.816],[-57.69064304461942,-63.81861417322835],[-57.692,-63.82],[-57.59,-63.879],[-57.414,-63.872],[-57.348,-63.904],[-57.30391624023701,-63.87800188526798],[-57.18075869242198,-63.89158543833582],[-57.177,-63.893]],[[-58.427,-64.073],[-58.429,-64.113],[-58.329,-64.125],[-58.32535687732342,-64.12437546468402],[-58.265,-64.131],[-58.215153846153854,-64.10548351648352],[-58.09877777777775,-64.08553333333333],[-58.08203887399465,-64.08503116621984],[-58.0792864321608,-64.08788190954775],[-58.05906797116375,-64.12188568486097],[-58.05915081768625,-64.1221526347668],[-58.142,-64.206],[-58.09962073863637,-64.23284019886364],[-58.24,-64.322],[-58.23605869251932,-64.32348251015328],[-58.239,-64.325],[-58.159,-64.369],[-58.115048780487804,-64.369],[-57.995576304888154,-64.41393918806959],[-57.994,-64.427],[-57.913,-64.445],[-57.619703241895266,-64.39068578553616],[-57.27,-64.383],[-57.24,-64.359],[-57.243719298245615,-64.35671929824561],[-57.243,-64.356],[-57.2635,-64.34458962264151],[-57.34420248594258,-64.29510224918614],[-57.14425759280124,-64.21601012373466],[-57.033,-64.173],[-57.03451394291799,-64.17259886982515],[-57.033,-64.172],[-57.15,-64.076],[-57.459,-64.03],[-57.48636842105263,-63.995789473684205],[-57.463,-63.914],[-57.696,-64.017],[-57.65425407166124,-64.0494690553746],[-57.664977777777786,-64.06926666666666],[-57.668,-64.073],[-57.765295843520796,-64.07588997555011],[-57.77226086956521,-64.07273913043478],[-57.799,-64.046],[-57.771,-63.997],[-57.824,-63.976],[-57.785,-63.939],[-57.756,-63.896],[-57.78552808988764,-63.80741573033707],[-57.774,-63.785],[-57.91531578947365,-63.8],[-57.94,-63.8],[-57.95092229779685,-63.803779461777324],[-57.953,-63.804],[-57.952833478911906,-63.804440791115546],[-58.255,-63.909],[-58.285,-63.958],[-58.18963382467029,-63.97856917507111],[-58.3506666666667,-64.01167037037037],[-58.363,-64.014],[-58.427,-64.073]],[[-56.758,-64.238],[-56.857,-64.308],[-56.854596066565804,-64.30851512859304],[-56.858,-64.311],[-56.846713826366546,-64.31020418006432],[-56.815,-64.317],[-56.75471646120379,-64.30371718636694],[-56.702,-64.3],[-56.68294873458794,-64.28790395846853],[-56.638,-64.278],[-56.58695652173912,-64.22695652173913],[-56.576,-64.22],[-56.58085333333333,-64.22085333333334],[-56.577,-64.217],[-56.758,-64.238]],[[-56.939,-64.441],[-56.855,-64.339],[-56.87200416666657,-64.34329775641024],[-57.419,-64.448],[-57.488,-64.5],[-57.4864929544387,-64.50179873179897],[-57.488,-64.503],[-57.483795660036165,-64.50501808318263],[-57.457,-64.537],[-57.40798847926266,-64.54140552995392],[-57.388,-64.551],[-57.32923294892914,-64.54848467874794],[-57.279,-64.553],[-57.22618931828057,-64.54407425097699],[-57.131,-64.54],[-57.09633841269839,-64.52212761904761],[-57.066,-64.517],[-56.939,-64.441]],[[-59.813,-65.107],[-59.77,-65.17],[-59.495,-65.258],[-59.46284887459807,-65.24908681672025],[-59.436,-65.256],[-59.403938087341075,-65.23275511332228],[-59.394,-65.23],[-59.39678908803968,-65.22757208882877],[-59.396,-65.227],[-59.533,-65.109],[-59.765,-65.081],[-59.813,-65.107]],[[-64.544,-67.635],[-64.54676368686499,-67.63230904173672],[-64.543,-67.632],[-64.55594285714284,-67.62337142857145],[-64.582,-67.598],[-64.595125,-67.59725],[-64.6,-67.594],[-64.64846601941754,-67.59420194174757],[-64.687,-67.592],[-64.73463414634139,-67.59456097560975],[-64.84,-67.595],[-64.86174210526316,-67.60139473684211],[-64.873,-67.602],[-64.87117735849057,-67.60416981132076],[-64.874,-67.605],[-64.85581392235609,-67.62988621151271],[-64.889,-67.655],[-64.87838461538462,-67.65438461538461],[-64.884,-67.66],[-64.66487147887334,-67.64200704225352],[-64.544,-67.635]],[[-60.766,-68.682],[-60.80230265629192,-68.67347437617387],[-60.83,-68.661],[-60.849491166077726,-68.66239222614841],[-60.898,-68.651],[-61.082,-68.679],[-60.934,-68.736],[-60.890957952467986,-68.73978610603291],[-60.862,-68.749],[-60.80764259218856,-68.74711477198342],[-60.718,-68.755],[-60.71191718565898,-68.7437948156876],[-60.689,-68.743],[-60.704723663726,-68.73054359107421],[-60.699,-68.72],[-60.74310991879351,-68.70013370069606],[-60.766,-68.682]],[[-62.04744944598339,-69.71801454293629],[-62.042,-69.72],[-62.034232919254656,-69.71412732919254],[-61.993,-69.702],[-61.98344648318043,-69.67572782874618],[-61.876906163753446,-69.59517295308187],[-61.838,-69.582],[-61.843974086378736,-69.57027308970099],[-61.74519193324062,-69.49558414464533],[-61.718,-69.488],[-61.723408859840234,-69.47911401597676],[-61.714,-69.472],[-61.74240608228981,-69.44790429338103],[-61.746,-69.442],[-61.75300651701665,-69.43891238233164],[-61.85660922895038,-69.3510304799202],[-61.853,-69.332],[-61.924566989390684,-69.29338471795467],[-62.116,-69.131],[-62.293,-69.098],[-62.307782527881045,-69.11009479553904],[-62.327,-69.108],[-62.395,-69.2],[-62.3947870267877,-69.20124507416426],[-62.397,-69.204],[-62.382,-69.276],[-62.194,-69.41],[-62.146,-69.57],[-62.14961067503924,-69.58487598116167],[-62.178,-69.658],[-62.16980341880342,-69.66807008547008],[-62.171,-69.673],[-62.16359456688877,-69.67569810353665],[-62.143,-69.701],[-62.061,-69.722],[-62.04744944598339,-69.71801454293629]],[[-61.52240969162995,-69.96934801762114],[-61.522,-69.98],[-61.491775000000004,-69.993175],[-61.474,-70.007],[-61.456437135720215,-70.00857868442965],[-61.444,-70.014],[-61.41891042780752,-70.01195187165776],[-61.385,-70.015],[-61.371624548736456,-70.00809179989685],[-61.346,-70.006],[-61.33276631371584,-69.98802216202905],[-61.294,-69.968],[-61.292,-69.934],[-61.408,-69.909],[-61.523,-69.954],[-61.522672544080606,-69.96251385390428],[-61.528,-69.965],[-61.52240969162995,-69.96934801762114]],[[-60.62,-70.575],[-60.63428320802005,-70.55653634085213],[-60.631,-70.548],[-60.650244491080805,-70.5359034627492],[-60.661,-70.522],[-60.69144280442802,-70.51000738007382],[-60.736,-70.482],[-60.76944983089064,-70.47927733934611],[-60.793,-70.47],[-60.83247311342071,-70.4741475372797],[-60.908,-70.468],[-61.069,-70.499],[-61.159,-70.576],[-61.128,-70.622],[-61.084205323193906,-70.63547528517111],[-61.076,-70.642],[-61.05859895833336,-70.64335416666665],[-61.037,-70.65],[-60.86275137783229,-70.65859522351501],[-60.819,-70.662],[-60.81543757861634,-70.66092908805031],[-60.814,-70.661],[-60.656,-70.613],[-60.62,-70.575]],[[-60.53,-70.951],[-60.625,-70.885],[-60.823,-70.876],[-60.903,-70.894],[-60.9412917152859,-70.92887281213537],[-60.955,-70.935],[-60.95099209954573,-70.93770709065771],[-60.959,-70.945],[-60.841,-71.012],[-60.591,-71.049],[-60.56120236087675,-71.05236424957843],[-60.536,-71.056],[-60.535391164289,-71.05527841693511],[-60.529,-71.056],[-60.52333628318585,-71.04099115044248],[-60.509,-71.024],[-60.511641509433964,-71.01],[-60.509,-71.003],[-60.51643676222597,-70.98458516020236],[-60.519,-70.971],[-60.523347544522395,-70.96747274689693],[-60.53,-70.951]],[[-60.409,-72.179],[-60.502,-72.2],[-60.453,-72.253],[-60.382,-72.259],[-60.354302521008435,-72.25640336134454],[-60.337,-72.257],[-60.33563085399449,-72.25465289256198],[-60.318,-72.253],[-60.32061780104712,-72.2289162303665],[-60.316,-72.221],[-60.32211968777103,-72.21509887250652],[-60.323,-72.207],[-60.33435110533161,-72.20330429128738],[-60.344,-72.194],[-60.36095141700403,-72.19464372469636],[-60.409,-72.179]],[[-20.322,-74.242],[-20.323370860024536,-74.23849993185225],[-20.321,-74.237],[-20.369,-74.122],[-20.543,-74.14],[-20.547967257434657,-74.1440120156203],[-20.556,-74.145],[-20.699,-74.266],[-20.93,-74.336],[-21.206,-74.39],[-21.495,-74.404],[-21.602,-74.443],[-21.599384873949578,-74.44556064425771],[-21.603,-74.447],[-21.554,-74.49],[-21.414,-74.52],[-20.813,-74.577],[-20.617361884806048,-74.66867583175755],[-20.53279551820731,-74.7537226890756],[-20.46,-74.833],[-20.45287953000198,-74.83409274539574],[-20.448,-74.839],[-20.41245530546625,-74.84029646302251],[-20.258,-74.864],[-20.119,-74.851],[-20.068,-74.793],[-20.081,-74.762],[-20.115939969732654,-74.73238624516561],[-20.155,-74.683],[-20.20329283645977,-74.65834936422007],[-20.245,-74.623],[-20.581954861534708,-74.45844064901793],[-20.499466666666702,-74.3654666666667],[-20.457111111111097,-74.3231111111111],[-20.402093567251598,-74.28830409356733],[-20.322,-74.242]],[[-49.876,-78.479],[-50.10157816537484,-78.60497222222232],[-50.178,-78.644],[-50.33808250652719,-78.77401409921653],[-50.551,-78.944],[-50.55019899062726,-78.94628859820784],[-50.556,-78.951],[-50.520164556962044,-79.03210126582273],[-50.50244573275043,-79.08272647785591],[-50.55608433734948,-79.12516867469886],[-50.703,-79.237],[-50.702735165723524,-79.24120792239289],[-50.705,-79.243],[-50.707,-79.361],[-50.69428381219341,-79.37549053959356],[-50.694,-79.38],[-50.578,-79.508],[-50.65699897715649,-79.58071496760995],[-51.084,-79.691],[-51.108,-79.704],[-51.09,-79.736],[-51.139,-79.764],[-51.896,-79.961],[-52.198,-80.084],[-52.426,-80.14],[-54.013,-80.293],[-54.02864649980569,-80.298874498122],[-54.04,-80.3],[-54.468,-80.455],[-54.556132768944956,-80.49691988436923],[-54.567,-80.501],[-54.817,-80.621],[-54.91,-80.713],[-54.906031684698604,-80.71583809891807],[-54.909,-80.719],[-54.752,-80.826],[-54.343,-80.897],[-54.294859578095036,-80.89783635201364],[-54.262,-80.903],[-53.997639999999876,-80.903],[-52.904,-80.922],[-52.30489361702151,-80.903],[-52.056,-80.903],[-51.71411958047176,-80.88426425120255],[-51.422,-80.875],[-48.27184195672581,-80.6956203711622],[-46.6,-80.604],[-46.51836651807836,-80.59577211941105],[-46.417,-80.59],[-45.082,-80.451],[-44.286,-80.34],[-44.138,-80.307],[-44.067,-80.257],[-44.0732129521587,-80.25497403733957],[-44.072,-80.254],[-44.35721818181868,-80.16236363636348],[-44.56799459660891,-80.09363219675797],[-44.341,-80.052],[-43.856,-80.079],[-43.69,-80.061],[-43.68650931095059,-80.05869642787428],[-43.664,-80.056],[-43.443,-79.898],[-43.354,-79.78],[-43.353857142857144,-79.77815238095238],[-43.353,-79.777],[-43.338,-79.592],[-43.33923405095793,-79.5890270590559],[-43.339,-79.586],[-43.36,-79.539],[-43.466,-79.47],[-43.721,-79.416],[-44.423,-79.381],[-44.57653998954522,-79.33178846488936],[-44.55220723684209,-79.32345833333333],[-44.4453501677227,-79.29338004721085],[-44.431517068007416,-79.29202011114052],[-43.858,-79.247],[-43.832685800994376,-79.23314883450637],[-43.821,-79.232],[-43.8177682414049,-79.22498639624042],[-43.805,-79.218],[-43.79169068322982,-79.16839254658385],[-43.774,-79.13],[-43.784794810187414,-79.11230850552619],[-43.790727513227516,-79.03399682539683],[-43.785,-79.023],[-43.792113705144835,-79.01569909208818],[-43.793,-79.004],[-43.806683925672004,-79.00074544470505],[-43.823,-78.984],[-44.02293927125505,-78.94931174089069],[-44.163,-78.916],[-44.21146791844262,-78.91660315631839],[-44.238,-78.912],[-45.301428509390945,-78.92660753446967],[-45.472277108433744,-78.88344578313253],[-45.56773888605008,-78.85422278998468],[-45.456,-78.774],[-45.263,-78.735],[-44.114,-78.699],[-44.100869485294105,-78.69243474264705],[-44.089,-78.692],[-43.982,-78.633],[-43.908,-78.556],[-43.90085024684586,-78.54038343390017],[-43.89,-78.528],[-43.88538536585366,-78.50660487804878],[-43.87,-78.473],[-43.87380235602094,-78.45290183246073],[-43.868,-78.426],[-43.88373736600306,-78.40038820826953],[-43.891,-78.362],[-43.910636783395816,-78.35661072506171],[-43.919,-78.343],[-44.765,-78.118],[-44.799758254717005,-78.11259316037734],[-44.842,-78.101],[-45.17886792452828,-78.05362054507339],[-45.44,-78.013],[-45.5118961038961,-78.00678113869253],[-45.553,-78.001],[-45.735738308619794,-77.98741926022487],[-46.388,-77.931],[-46.500861965819446,-77.93055682474154],[-46.616,-77.922],[-46.94945645527926,-77.92879532805519],[-47.152,-77.928],[-47.23320435658983,-77.93457767247781],[-47.303,-77.936],[-47.40206896551709,-77.94825595449697],[-47.831,-77.983],[-48.273,-78.056],[-49.11,-78.236],[-49.369272748030454,-78.31334102066442],[-49.551,-78.356],[-49.6950866753679,-78.41053126483153],[-49.757,-78.429],[-49.794534435109405,-78.44816841697987],[-49.876,-78.479]],[[-39.207,-78.558],[-39.972,-78.555],[-41.027,-78.474],[-41.593,-78.569],[-41.931,-78.592],[-41.917228945749336,-78.59296149252651],[-42.026,-78.601],[-41.487,-78.623],[-40.997,-78.585],[-39.813,-78.633],[-39.471,-78.608],[-39.039,-78.664],[-38.612399759261734,-78.63103089474389],[-38.600434782608765,-78.63164673913043],[-38.004,-78.665],[-37.97673111573102,-78.66374913374914],[-37.933,-78.666],[-37.459,-78.64],[-39.207,-78.558]],[[-60.22,-80.286],[-60.20203918722787,-80.24433091436865],[-60.187,-80.222],[-60.184,-80.079],[-60.208210454456804,-80.0146511605227],[-60.215,-79.905],[-60.149,-79.795],[-60.174,-79.712],[-60.17821923197985,-79.71016997167139],[-60.18,-79.705],[-60.34,-79.64],[-60.695,-79.61],[-61.058,-79.633],[-61.349,-79.688],[-61.3748920521945,-79.69795848161327],[-61.419,-79.707],[-61.447875402792704,-79.72602900107412],[-61.531,-79.758],[-61.68,-79.879],[-61.718,-79.945],[-61.73,-80.067],[-61.789,-80.124],[-62.21938860103636,-80.2189517119812],[-62.47635874931409,-80.25007953922103],[-62.577253424657606,-80.25959246575343],[-62.82915068493116,-80.26506849315068],[-64.928,-80.276],[-65.699,-80.215],[-66.816,-80.072],[-66.996,-80.093],[-66.99709141791044,-80.09499573560768],[-67.005,-80.096],[-67.02829520865532,-80.15205409582686],[-67.031,-80.157],[-67.03078165938865,-80.15803711790393],[-67.037,-80.173],[-67.015,-80.233],[-66.843,-80.295],[-66.07,-80.45],[-65.127,-80.527],[-64.579,-80.44],[-64.181,-80.431],[-63.927,-80.463],[-63.578,-80.59],[-62.711,-80.772],[-61.844,-80.836],[-61.802450311558424,-80.83429507357458],[-61.763,-80.837],[-61.65503589743577,-80.82824615384615],[-61.186,-80.809],[-61.05099649368864,-80.77926998597475],[-60.986,-80.774],[-60.93080440683381,-80.75280169247965],[-60.909,-80.748],[-60.85156831790955,-80.72237044093627],[-60.572,-80.615],[-60.495210467079374,-80.5633415869443],[-60.481,-80.557],[-60.352,-80.467],[-60.22,-80.286]],[[-67.321,-78.491],[-67.32630534351145,-78.48781679389313],[-67.34,-78.464],[-67.37865486725664,-78.45640707964601],[-67.391,-78.449],[-67.4328635043562,-78.44575895450146],[-67.452,-78.442],[-67.47400615277459,-78.44257371720454],[-67.546,-78.437],[-67.989,-78.456],[-70.304,-78.805],[-70.4173473082419,-78.8301262505955],[-70.436,-78.833],[-70.4778178010474,-78.84353103964105],[-71.116,-78.985],[-71.528,-79.108],[-71.749,-79.232],[-71.853,-79.415],[-71.85297021276595,-79.41639999999998],[-71.855,-79.42],[-71.85269147982062,-79.42950044843053],[-71.851,-79.509],[-71.83066237236378,-79.52015869834908],[-71.829,-79.527],[-71.80482894203486,-79.53433279286583],[-71.738,-79.571],[-71.60995599903825,-79.59345155085357],[-71.562,-79.608],[-71.48574420651218,-79.61523115283075],[-71.373,-79.635],[-71.22094352384167,-79.64034156239433],[-71.098,-79.652],[-71.01941735400864,-79.64742093604185],[-70.946,-79.65],[-70.631,-79.631],[-70.59081125164816,-79.6224457684231],[-70.566,-79.621],[-70.51462138533968,-79.60622864828515],[-70.382,-79.578],[-70.25808163265302,-79.53247346938774],[-70.166,-79.506],[-70.05535644095058,-79.45799399678403],[-69.922,-79.409],[-69.251,-79.109],[-67.572,-78.654],[-67.356,-78.569],[-67.317,-78.504],[-67.32252316844082,-78.49439448966812],[-67.321,-78.491]],[[-7.8877600450619605,-70.73194517461509],[-7.879,-70.734],[-7.813467065868181,-70.72192814371256],[-7.725,-70.71],[-7.736964505613886,-70.70783556682362],[-7.727,-70.706],[-7.924,-70.674],[-8.041,-70.696],[-8.0335759233926,-70.6977414500684],[-8.044,-70.7],[-7.903,-70.734],[-7.8877600450619605,-70.73194517461509]],[[-2.566,-70.691],[-2.979,-70.643],[-2.996338789950279,-70.64267805960304],[-3.038,-70.638],[-3.356,-70.636],[-3.455,-70.693],[-3.424,-70.781],[-3.4218171160609563,-70.78278898007035],[-3.421,-70.785],[-3.291,-70.89],[-2.979,-71.012],[-2.796,-71.04],[-2.625,-71.028],[-2.3548147057850355,-70.89720358548605],[-1.985,-70.82],[-1.9915380439465584,-70.81778371391641],[-1.983,-70.816],[-2.162,-70.76],[-2.39,-70.752],[-2.566,-70.691]],[[2.1938208955223875,-70.65664179104478],[2.218,-70.651],[2.2091120331950207,-70.63957261410788],[2.215,-70.633],[2.199885496183206,-70.62770992366411],[2.183,-70.606],[2.095,-70.591],[1.913,-70.634],[1.9102679324894516,-70.64001054852321],[1.899,-70.643],[1.9045342163355405,-70.65262472406181],[1.898,-70.667],[1.91588519637462,-70.67236555891239],[1.922,-70.683],[1.9743133640553163,-70.6898940092166],[2.008,-70.7],[2.0235201698513765,-70.69637862703468],[2.051,-70.7],[2.172,-70.681],[2.1938208955223875,-70.65664179104478]],[[2.918,-70.396],[2.8113294892914977,-70.41052059308073],[2.744,-70.417],[2.7376240831295946,-70.42055378973104],[2.727,-70.422],[2.7007809604043556,-70.44108930075824],[2.622,-70.485],[2.6226933514246946,-70.49794255992764],[2.613,-70.505],[2.6236628113879004,-70.51603914590747],[2.625,-70.541],[2.684,-70.587],[2.6938871861754152,-70.58874202804043],[2.698,-70.593],[2.7645241379310805,-70.6011875862069],[2.894,-70.624],[2.9149818830633945,-70.61970546253087],[2.958,-70.625],[3.236,-70.554],[3.324,-70.496],[3.324804824561404,-70.47105043859648],[3.327,-70.469],[3.324900908697534,-70.46807183037646],[3.325,-70.465],[3.18,-70.404],[2.983,-70.394],[2.9515668934240735,-70.39702494331065],[2.918,-70.396]],[[-6.04,-70.579],[-5.916,-70.544],[-5.97,-70.418],[-6.132,-70.41],[-6.377,-70.476],[-6.373027731788074,-70.47858512693156],[-6.378,-70.48],[-6.251,-70.558],[-6.065,-70.581],[-6.052097384784176,-70.5777959948793],[-6.04,-70.579]],[[-2.951,-70.285],[-2.9896253692762547,-70.29346935007386],[-3.026,-70.293],[-3.1487555643878493,-70.32836168521462],[-3.252,-70.351],[-3.2571200832145473,-70.35957780174904],[-3.269,-70.363],[-3.3254617067833694,-70.47407221006564],[-3.329,-70.48],[-3.3285050422138838,-70.48005909943716],[-3.33,-70.483],[-3.272,-70.504],[-3.1868103946102107,-70.49697786333013],[-3.128,-70.504],[-2.8641923076921985,-70.4703846153846],[-2.811,-70.466],[-2.7975515891509217,-70.46189300027962],[-2.767,-70.458],[-2.698913952059031,-70.43177012907192],[-2.644,-70.415],[-2.6461664791901036,-70.41144938132733],[-2.645,-70.411],[-2.716,-70.297],[-2.951,-70.285]],[[0.24,-71.034],[0.271,-71.071],[0.43,-71.101],[0.4402189349112426,-71.09904733727811],[0.452,-71.101],[0.5307798408488064,-71.08174270557029],[0.587,-71.071],[0.5832256176853053,-71.06892262678804],[0.587,-71.068],[0.458,-71.0],[0.242,-71.03],[0.24434945586457393,-71.03332164449819],[0.24,-71.034]],[[12.498,-70.065],[12.493747528517108,-70.0772258555133],[12.48,-70.084],[12.485969620253165,-70.09958734177215],[12.482,-70.111],[12.492630508474578,-70.11697966101696],[12.498,-70.131],[12.578,-70.165],[12.74,-70.191],[12.78491466083155,-70.18827789934355],[12.818,-70.192],[12.881104391052126,-70.18244821872412],[13.103,-70.169],[13.221,-70.134],[13.217449949738109,-70.13153735252104],[13.221,-70.131],[13.159,-70.074],[13.121250962278667,-70.0648047215807],[13.11,-70.057],[13.088088104420065,-70.05672658953821],[13.003,-70.036],[12.549,-70.05],[12.498,-70.065]],[[16.299,-69.949],[16.280864406779646,-69.94086440677965],[16.276,-69.936],[16.262142903434913,-69.93246597537266],[16.192,-69.901],[16.061823515495586,-69.88137780932102],[15.978,-69.86],[15.946511980992673,-69.86399629125258],[15.92,-69.86],[15.521,-69.918],[15.368,-70.01],[15.371764195925442,-70.02088928107003],[15.36,-70.029],[15.396,-70.091],[15.558,-70.145],[15.583616139585589,-70.14658996728461],[15.612,-70.155],[15.722522292993727,-70.15521172853065],[15.993,-70.172],[16.084891986062697,-70.15590592334496],[16.134,-70.156],[16.155804238018973,-70.14348626339782],[16.17,-70.141],[16.336,-70.062],[16.35921650187521,-70.02674531196728],[16.364,-70.024],[16.362205882352942,-70.02220588235294],[16.363,-70.021],[16.299,-69.949]],[[47.846,-67.633],[47.889786833855794,-67.60015987460815],[47.897,-67.598],[47.89473720136518,-67.59644709897611],[47.898,-67.594],[47.846,-67.563],[47.671,-67.587],[47.635441176470586,-67.5660294117647],[47.64,-67.525],[47.639276018099544,-67.52489140271494],[47.64,-67.521],[47.59,-67.51],[47.57367875647669,-67.5150518134715],[47.54,-67.51],[47.51122338627914,-67.53438323758027],[47.464,-67.549],[47.414183957219265,-67.616607486631],[47.409,-67.621],[47.41055009107468,-67.62153916211292],[47.408,-67.625],[47.501,-67.653],[47.72,-67.651],[47.846,-67.633]],[[48.2996628194559,-66.8133272877164],[48.291,-66.82],[48.321,-66.872],[48.33983943661973,-66.87646197183099],[48.344,-66.883],[48.35934545454544,-66.88108181818181],[48.397,-66.89],[48.841,-66.819],[48.83192853416797,-66.80684037558686],[48.843,-66.805],[48.819588888888894,-66.7903],[48.794,-66.756],[48.765698418041055,-66.75646179737463],[48.757,-66.751],[48.398,-66.759],[48.3901327538319,-66.76258990844563],[48.365,-66.763],[48.329778102799835,-66.7901303802758],[48.295,-66.806],[48.2996628194559,-66.8133272877164]],[[72.26953141361257,-70.58284136125654],[72.282,-70.574],[72.058,-70.439],[71.93,-70.294],[71.813,-70.265],[71.80395716685331,-70.26972508398656],[71.795,-70.268],[71.7395768374165,-70.3033652561247],[71.702,-70.323],[71.69911392405064,-70.32918444846293],[71.69,-70.335],[71.69369634079737,-70.34079355543419],[71.688,-70.353],[71.831,-70.556],[72.115,-70.611],[72.16993894736844,-70.60478666666667],[72.227,-70.613],[72.25160867986199,-70.59555020882513],[72.283,-70.592],[72.26953141361257,-70.58284136125654]],[[69.95143743937925,-71.92626091173618],[69.959,-71.921],[69.94665320665084,-71.91697387173397],[69.941,-71.906],[69.867,-71.891],[69.773,-71.924],[69.76531155033972,-71.94263866584312],[69.739,-71.956],[69.74691389236546,-71.987239048811],[69.74,-72.004],[69.75277862595419,-72.01038931297711],[69.758,-72.031],[69.78663636363638,-72.02731818181819],[69.798,-72.033],[69.81059583789704,-72.02423767798467],[69.828,-72.022],[69.958,-71.939],[69.95143743937925,-71.92626091173618]],[[68.398,-72.265],[68.40965638766521,-72.26680396475771],[68.436,-72.278],[68.45811452120161,-72.27430343780502],[68.482,-72.278],[68.777,-72.221],[68.822,-72.171],[68.81830657732804,-72.1672053876658],[68.82,-72.165],[68.749,-72.096],[68.693,-72.089],[68.396,-72.261],[68.40108336789714,-72.26316043135628],[68.398,-72.265]],[[85.872,-66.774],[85.80392805755397,-66.75966906474821],[85.774,-66.746],[85.69442895442359,-66.73661662198391],[85.644,-66.726],[85.62010314420593,-66.72785178587334],[85.562,-66.721],[85.373,-66.747],[85.379,-66.806],[85.39676293508937,-66.8144867356538],[85.398,-66.818],[85.4324833659491,-66.83155316373123],[85.469,-66.849],[85.74612117503074,-66.95482374541008],[85.8,-66.976],[85.80209248242292,-66.97619740400216],[85.833,-66.988],[86.032,-67.005],[86.05208347315434,-66.99978145973155],[86.065,-67.001],[86.10264854475571,-66.98664250411859],[86.159,-66.972],[86.16777953031895,-66.9618044164038],[86.183,-66.956],[86.1823962264151,-66.94483018867925],[86.19,-66.936],[86.18171436184386,-66.93221569411139],[86.181,-66.919],[85.872,-66.774]],[[86.519,-66.653],[86.375,-66.667],[86.302,-66.711],[86.30313471502592,-66.71326943005181],[86.302,-66.714],[86.30514634146341,-66.71729268292682],[86.322,-66.751],[86.34119952368351,-66.75502275734321],[86.345,-66.759],[86.37636548223352,-66.76239086294417],[86.427,-66.773],[86.45025322652423,-66.77037872719181],[86.493,-66.775],[86.702,-66.742],[86.732,-66.712],[86.72769892473119,-66.71059020310634],[86.729,-66.709],[86.666,-66.672],[86.57348486579097,-66.66004226156483],[86.552,-66.653],[86.53152794687328,-66.65461925843941],[86.519,-66.653]],[[85.35140410199557,-66.6180169068736],[85.396,-66.612],[85.38147684809098,-66.60007026807473],[85.395,-66.592],[85.284,-66.52],[85.228,-66.526],[85.154,-66.587],[85.1605,-66.59349999999999],[85.151,-66.603],[85.17531182795699,-66.60831182795698],[85.191,-66.624],[85.25789635130769,-66.62635550532774],[85.27,-66.629],[85.28303876478319,-66.62724080157687],[85.333,-66.629],[85.35140410199557,-66.6180169068736]],[[100.72048359915738,-66.0680484501956],[100.678,-66.046],[100.64751477312699,-66.05291417516707],[100.619,-66.047],[100.5978068639711,-66.0641881339447],[100.581,-66.068],[100.492,-66.15],[100.555,-66.147],[100.63779999999994,-66.13380000000001],[100.681,-66.129],[100.68630746847721,-66.12606692531523],[100.693,-66.125],[100.70285460420031,-66.11692245557352],[100.757,-66.087],[100.74619888389397,-66.08139435746396],[100.754,-66.075],[100.72048359915738,-66.0680484501956]],[[96.262,-66.193],[96.27511499272201,-66.19745414847162],[96.319,-66.222],[96.35964998059757,-66.22616414435389],[96.368,-66.229],[96.44741320293423,-66.23515452322741],[96.729,-66.264],[96.7437068062827,-66.25811727748692],[96.768,-66.26],[96.877,-66.208],[96.87734042553191,-66.20466382978724],[96.879,-66.204],[96.87792660550458,-66.19891926605501],[96.882,-66.159],[96.86575901022056,-66.14132598171061],[96.864,-66.133],[96.85619570405727,-66.13091885441527],[96.848,-66.122],[96.78540845070425,-66.11204225352112],[96.729,-66.097],[96.70194713656387,-66.09876431718061],[96.672,-66.094],[96.44,-66.106],[96.38557301293902,-66.11939741219962],[96.361,-66.121],[96.35059022824535,-66.12800855920115],[96.31,-66.138],[96.27331383675252,-66.18003622872108],[96.26,-66.189],[96.26368979084697,-66.19106378132118],[96.262,-66.193]],[[97.229,-66.466],[97.321,-66.455],[97.33767636363636,-66.43554424242424],[97.353,-66.432],[97.34666745843231,-66.42505463182898],[97.351,-66.42],[97.33934787205921,-66.41702669838753],[97.322,-66.398],[97.22713726602386,-66.38839364719229],[97.206,-66.383],[97.19673873873872,-66.38531531531531],[97.164,-66.382],[97.105,-66.395],[97.0998962962963,-66.40952592592593],[97.09,-66.412],[97.09653018976424,-66.41910638297873],[97.092,-66.432],[97.11456172436316,-66.43872893533639],[97.124,-66.449],[97.17868750000001,-66.45785416666666],[97.206,-66.466],[97.21547058823529,-66.46380952380952],[97.229,-66.466]],[[98.704,-66.419],[98.622,-66.423],[98.61544221879815,-66.43447611710323],[98.601,-66.437],[98.60779104477612,-66.4478656716418],[98.602,-66.458],[98.61691404358353,-66.46246246973365],[98.626,-66.477],[98.68615536645626,-66.4831803458688],[98.729,-66.496],[98.74922672562022,-66.48966028002948],[98.772,-66.492],[98.82984679089033,-66.4643913043478],[98.863,-66.454],[98.85521131379382,-66.45228550932568],[98.86,-66.45],[98.704,-66.419]],[[99.40150970873786,-66.6050291262136],[99.383,-66.611],[99.218,-66.716],[99.2201898890259,-66.71801233045622],[99.217,-66.72],[99.22607055016182,-66.72341618122978],[99.255,-66.75],[99.28035235284473,-66.74385997704542],[99.294,-66.749],[99.383,-66.719],[99.526,-66.598],[99.52058285052144,-66.59615816917729],[99.523,-66.594],[99.51469202709742,-66.59415528921312],[99.476,-66.581],[99.43033035714286,-66.59573214285714],[99.416,-66.596],[99.40150970873786,-66.6050291262136]],[[100.98747966339413,-65.81385553997194],[100.996,-65.812],[100.99248484848485,-65.81154545454545],[100.998,-65.809],[100.973,-65.801],[100.92905726872249,-65.8033436123348],[100.88,-65.797],[100.8168715953307,-65.80932684824903],[100.748,-65.813],[100.73504821638574,-65.82530419443356],[100.711,-65.83],[100.708,-65.851],[100.771,-65.861],[100.85224324324327,-65.84330702702702],[100.933,-65.839],[100.98747966339413,-65.81385553997194]],[[92.269,-65.764],[92.327,-65.799],[92.3828125,-65.80193750000001],[92.392,-65.805],[92.42618863636363,-65.80422045454546],[92.498,-65.808],[92.699,-65.798],[92.758,-65.774],[92.75770454545454,-65.76631818181818],[92.762,-65.764],[92.75755649635036,-65.76246890510949],[92.757,-65.748],[92.495,-65.672],[92.316,-65.705],[92.3131691459482,-65.70855362529907],[92.301,-65.711],[92.269,-65.764]],[[101.07704730831975,-65.40475530179445],[101.058,-65.399],[100.98377862595422,-65.40188549618321],[100.76,-65.395],[100.66562162635054,-65.41425445081143],[100.595,-65.417],[100.51939624413144,-65.44408638497653],[100.461,-65.456],[100.37121844538876,-65.4971737065733],[100.341,-65.508],[100.33059562841525,-65.51580327868855],[100.304,-65.528],[100.2767575757576,-65.5561818181818],[100.249,-65.577],[100.25147969680563,-65.5823313481321],[100.246,-65.588],[100.25635289349975,-65.59280872102447],[100.269,-65.62],[100.429,-65.673],[100.755,-65.679],[100.96851375631668,-65.65471139809095],[101.078,-65.651],[101.10405930750771,-65.63929219517769],[101.133,-65.636],[101.1864133126935,-65.60229256965944],[101.216,-65.589],[101.21972972085385,-65.58126765188834],[101.236,-65.571],[101.257,-65.504],[101.197,-65.441],[101.085,-65.405],[101.07704730831975,-65.40475530179445]],[[103.244,-65.189],[103.21967771084334,-65.1824487951807],[103.201,-65.168],[103.04175051092605,-65.1345241314259],[102.921,-65.102],[102.88702857142859,-65.102],[102.868,-65.098],[102.85856410256409,-65.102],[102.832,-65.102],[102.78330632090763,-65.13390275526741],[102.776,-65.137],[102.77680764922387,-65.13816050568091],[102.774,-65.14],[102.82628961334342,-65.20926080363908],[102.879,-65.285],[102.88406008157867,-65.2857813361261],[102.888,-65.291],[102.95559479553907,-65.29682713754647],[103.00846729734138,-65.30499127385418],[103.126,-65.41],[103.396,-65.487],[103.447,-65.481],[103.45995454545454,-65.45626859504132],[103.473,-65.45],[103.46577283874923,-65.44516094420601],[103.469,-65.439],[103.38131467661681,-65.38861069651735],[103.2475793885958,-65.29906619932068],[103.24656319811875,-65.26781834215166],[103.254,-65.209],[103.24440912667191,-65.20158064516129],[103.244,-65.189]],[[155.08503863298668,-68.92612035661215],[154.979,-68.981],[154.96226948775058,-69.01097550111359],[154.955,-69.016],[154.95804239828695,-69.01854903640258],[154.955,-69.024],[154.992,-69.047],[155.201,-69.046],[155.293,-69.023],[155.2997152118546,-68.99975503588794],[155.312,-68.994],[155.30348600508907,-68.98670229007634],[155.306,-68.978],[155.2878040089087,-68.97326057906459],[155.263,-68.952],[155.093,-68.922],[155.09233043159054,-68.92234653101893],[155.091,-68.922],[155.08503863298668,-68.92612035661215]],[[155.5274711459192,-69.02264591920857],[155.518,-69.042],[155.536,-69.087],[155.776,-69.151],[155.874,-69.151],[155.916,-69.113],[155.91486524822696,-69.11108510638297],[155.917,-69.109],[155.884,-69.059],[155.664,-69.008],[155.541,-68.995],[155.53578702172234,-69.00565260778477],[155.525,-69.004],[155.5274711459192,-69.02264591920857]],[[169.93,-73.445],[169.87945945945913,-73.39905405405375],[169.8533690930918,-73.37425210084034],[169.872,-73.3365],[169.893,-73.301],[169.88949579079346,-73.30104800286584],[169.891,-73.298],[169.869,-73.289],[169.674,-73.304],[169.574,-73.365],[169.509,-73.48],[169.388,-73.536],[169.39255070517126,-73.5377434519812],[169.388,-73.54],[169.42876770350765,-73.55161879549968],[169.542,-73.595],[169.58147360463653,-73.59513997732141],[169.588,-73.597],[169.824,-73.596],[169.909,-73.56],[169.9087218344965,-73.55814556331008],[169.918,-73.554],[169.92929596282312,-73.45139500435664],[169.932,-73.449],[169.92979083358966,-73.44689992822723],[169.93,-73.445]],[[168.362,-76.167],[168.3734422686126,-76.1701335673379],[168.436,-76.206],[168.603,-76.233],[168.491,-76.159],[168.361,-76.163],[168.3673933626159,-76.1666655278998],[168.362,-76.167]],[[166.85996141906872,-77.84681419068737],[166.866,-77.846],[166.94746267190567,-77.7858727897839],[167.285,-77.727],[167.547,-77.641],[168.13233438691725,-77.64195021816057],[168.565,-77.687],[169.286,-77.569],[169.422,-77.528],[169.43373255813952,-77.50453488372092],[169.451,-77.497],[169.451,-77.47],[169.356,-77.448],[168.353,-77.356],[167.72653932584277,-77.40525005299979],[167.68876941946021,-77.40293397383482],[167.27969497888313,-77.35850580713279],[167.16572460859095,-77.32953833801686],[167.14082854926298,-77.32030721489527],[167.14270967741933,-77.31419354838711],[167.154,-77.29],[167.1510699432892,-77.28702268431002],[167.152,-77.284],[167.13232811211876,-77.26797856554003],[167.092,-77.227],[167.07410072595283,-77.22055626134302],[167.055,-77.205],[167.0244742268041,-77.20269072164947],[166.992,-77.191],[166.632,-77.173],[166.43,-77.234],[166.37342857142858,-77.27642857142858],[166.372,-77.277],[166.37242320819112,-77.27718259385665],[166.366,-77.282],[166.44573978252717,-77.30881514810648],[166.60449489963804,-77.37731029944061],[166.61154516994634,-77.38820617173523],[166.421,-77.483],[166.217,-77.535],[166.21865281173595,-77.53766992665037],[166.213,-77.539],[166.23350793650795,-77.56166666666668],[166.243,-77.577],[166.24946301224057,-77.57930122405534],[166.251,-77.581],[166.26339484978544,-77.58426180257511],[166.375,-77.624],[166.43378421701598,-77.62910110974106],[166.479,-77.641],[166.8651513157895,-77.67070394736842],[166.86867247316184,-77.67339659712376],[166.548,-77.707],[166.56937802291054,-77.70792660161221],[166.558,-77.709],[166.85693879012052,-77.7279201765899],[166.68,-77.815],[166.68708859014134,-77.81814236470183],[166.679,-77.822],[166.777,-77.858],[166.857,-77.849],[166.85996141906872,-77.84681419068737]],[[167.67544780106863,-78.12214077270859],[167.677,-78.121],[167.586,-78.015],[167.425,-77.998],[167.41873504881363,-78.00285226611496],[167.407,-78.002],[167.323,-78.077],[166.872,-78.208],[167.062,-78.252],[167.316,-78.254],[167.40974903175825,-78.2487115930803],[167.485,-78.248],[167.49358282533797,-78.24398250728862],[167.511,-78.243],[167.53786935638803,-78.22325264169072],[167.626,-78.182],[167.677,-78.124],[167.67544780106863,-78.12214077270859]],[[166.77,-78.219],[166.686,-78.178],[166.28,-78.115],[166.2438012314797,-78.11550509909563],[166.219,-78.112],[166.066,-78.115],[166.0726928173867,-78.11789265836204],[166.065,-78.118],[166.18525679187337,-78.16968060477203],[166.18832520325205,-78.17866666666671],[166.19616770855788,-78.20789782280663],[166.098,-78.256],[166.12,-78.27],[166.352,-78.314],[166.774,-78.221],[166.7699365079365,-78.21901443001443],[166.77,-78.219]]]},{"type":"Polygon","coordinates":[[[-131.439,-28.183],[-132.033,-27.92],[-132.03957546828462,-27.915640708063158],[-131.439,-28.183]]]},{"type":"Polygon","coordinates":[[[-135.536,-26.535],[-134.888,-26.576],[-133.425,-26.568],[-134.001,-26.694],[-134.364,-26.721],[-135.296,-26.64],[-136.184,-26.384],[-135.536,-26.535]]]},{"type":"Polygon","coordinates":[[[-157.216,-25.216],[-157.911,-25.277],[-157.9131558502233,-25.276839065613192],[-157.216,-25.216]]]},{"type":"Polygon","coordinates":[[[-156.142,-24.894],[-156.43558787878786,-25.0],[-156.599,-25.059],[-157.216,-25.216],[-156.436,-25.0],[-156.142,-24.894]]]},{"type":"Polygon","coordinates":[[[-159.3570358565737,-25.0],[-159.763,-24.827],[-159.357,-25.0],[-159.174,-25.078],[-159.3570358565737,-25.0]]]},{"type":"Polygon","coordinates":[[[-141.23192752730137,-24.999772346034028],[-141.33,-24.99],[-141.944,-24.825],[-141.23192752730137,-24.999772346034028]]]},{"type":"Polygon","coordinates":[[[-141.944,-24.825],[-141.655,-24.945],[-141.5661517842185,-24.999009046741477],[-141.944,-24.825]]]},{"type":"Polygon","coordinates":[[[-160.42083681214422,-24.545015180265658],[-160.421,-24.545],[-160.4442716763005,-24.53900000000002],[-160.42083681214422,-24.545015180265658]]]},{"type":"Polygon","coordinates":[[[-162.97076721891142,-22.861118303333377],[-162.973,-22.858],[-163.223,-22.325],[-162.97076721891142,-22.861118303333377]]]},{"type":"Polygon","coordinates":[[[-163.39,-21.435],[-163.745,-21.412],[-163.76172963840034,-21.408091956469683],[-163.39,-21.435]]]},{"type":"Polygon","coordinates":[[[-124.8611295374568,-21.332587895888153],[-124.855,-21.332],[-124.233,-21.37],[-124.8611295374568,-21.332587895888153]]]},{"type":"Polygon","coordinates":[[[-145.84117433030747,-10.999368398921566],[-145.836,-10.999],[-145.153,-11.079],[-145.84117433030747,-10.999368398921566]]]},{"type":"Polygon","coordinates":[[[-146.8657596082505,-10.515858881139689],[-146.866,-10.519],[-147.011,-11.082],[-146.8657596082505,-10.515858881139689]]]},{"type":"Polygon","coordinates":[[[-144.046,-8.588],[-144.091,-7.996],[-144.0909568231071,-7.995568975500008],[-144.046,-8.588]]]},{"type":"Polygon","coordinates":[[[-148.061,-7.345],[-147.643,-7.752],[-147.298,-8.229],[-147.642,-7.754],[-148.061,-7.345]]]},{"type":"Polygon","coordinates":[[[-165.7776943267559,-7.544127002346268],[-165.776,-7.544],[-165.193,-7.601],[-165.7776943267559,-7.544127002346268]]]},{"type":"Polygon","coordinates":[[[-143.26676354078353,-5.820833813803708],[-143.264,-5.817],[-142.849,-5.41],[-143.26676354078353,-5.820833813803708]]]},{"type":"Polygon","coordinates":[[[-142.849,-5.41],[-142.369,-5.08],[-142.28166177774202,-5.0384849705858885],[-142.849,-5.41]]]},{"type":"Polygon","coordinates":[[[-159.91813471402304,-3.7325647924126586],[-159.947,-3.736],[-160.32623076923076,-3.712461538461539],[-159.91813471402304,-3.7325647924126586]]]},{"type":"Polygon","coordinates":[[[-159.32455493351998,-3.658544669932359],[-159.342,-3.664],[-159.5548681791511,-3.6893330725601294],[-159.32455493351998,-3.658544669932359]]]},{"type":"Polygon","coordinates":[[[-160.51028442298167,-3.701037518573551],[-160.527,-3.7],[-161.12,-3.554],[-160.51028442298167,-3.701037518573551]]]},{"type":"Polygon","coordinates":[[[-158.7432957041464,-3.473319477026512],[-158.76,-3.482],[-159.09970739156964,-3.588231521075039],[-158.7432957041464,-3.473319477026512]]]},{"type":"Polygon","coordinates":[[[-161.92245179407186,-3.1291294851793436],[-161.6614249293098,-3.3081638158809707],[-161.675,-3.302],[-161.92245179407186,-3.1291294851793436]]]},{"type":"Polygon","coordinates":[[[-162.1627284768212,-2.9612715231787994],[-162.176,-2.952],[-162.32466666666662,-2.7993333333333963],[-162.1627284768212,-2.9612715231787994]]]},{"type":"Polygon","coordinates":[[[-162.60146008077984,-2.5150925627866223],[-162.622,-2.494],[-162.77690389845912,-2.260269265638608],[-162.60146008077984,-2.5150925627866223]]]},{"type":"Polygon","coordinates":[[[-162.9436117796841,-2.008727788050651],[-162.96,-1.984],[-163.10830210546644,-1.6361079775933198],[-162.9436117796841,-2.008727788050651]]]},{"type":"Polygon","coordinates":[[[-163.19453362656293,-1.4338232010211065],[-163.2,-1.421],[-163.23782568978348,-1.2478853467573465],[-163.19453362656293,-1.4338232010211065]]]},{"type":"Polygon","coordinates":[[[-163.33135479911977,-0.8198360653423831],[-163.337,-0.794],[-163.3497730724971,-0.38257261219883987],[-163.33135479911977,-0.8198360653423831]]]},{"type":"Polygon","coordinates":[[[-163.35543846842398,-0.2000872276066129],[-163.356,-0.182],[-163.30831726907638,0.12921954484551676],[-163.35543846842398,-0.2000872276066129]]]},{"type":"Polygon","coordinates":[[[-163.26502095459838,0.41180946837410404],[-163.263,0.425],[-163.17789361702134,0.6709574468082993],[-163.26502095459838,0.41180946837410404]]]},{"type":"Polygon","coordinates":[[[-163.06702684563757,0.9913624161073836],[-163.063,1.003],[-162.778,1.512],[-163.06702684563757,0.9913624161073836]]]},{"type":"Polygon","coordinates":[[[-164.33885292186469,3.393525279054455],[-164.401,3.442],[-164.4514051593774,3.5017228169014856],[-164.33885292186469,3.393525279054455]]]},{"type":"Polygon","coordinates":[[[-164.85,3.974],[-165.284,4.685],[-165.324240766836,4.7696127150582095],[-164.85,3.974]]]},{"type":"Polygon","coordinates":[[[-165.23696667892597,8.219070099301392],[-165.206,8.278],[-165.19233574230853,8.294862275449029],[-165.23696667892597,8.219070099301392]]]},{"type":"Polygon","coordinates":[[[-160.0723155816435,8.855749519743801],[-160.062,8.847],[-159.781,8.549],[-160.0723155816435,8.855749519743801]]]},{"type":"Polygon","coordinates":[[[-164.82276337115067,8.750930307941703],[-164.783,8.8],[-164.73291255900332,8.8414029250174],[-164.82276337115067,8.750930307941703]]]},{"type":"Polygon","coordinates":[[[-160.38941569555718,9.120328477785863],[-160.365,9.104],[-160.18507159569535,8.951387459055113],[-160.38941569555718,9.120328477785863]]]},{"type":"Polygon","coordinates":[[[-160.8944154426906,9.425574536719356],[-160.682,9.316],[-160.45974365222855,9.167361685402067],[-160.8944154426906,9.425574536719356]]]},{"type":"Polygon","coordinates":[[[-163.78677115507338,9.482611486917678],[-163.72,9.519],[-163.66100503044748,9.537321419115692],[-163.78677115507338,9.482611486917678]]]},{"type":"Polygon","coordinates":[[[-161.48550458715596,9.656293577981648],[-161.415,9.639],[-161.029,9.495],[-160.97818350747028,9.468786305006278],[-161.48550458715596,9.656293577981648]]]},{"type":"Polygon","coordinates":[[[-161.83644882390337,9.734451366815003],[-161.786,9.73],[-161.65139499455933,9.696983677910781],[-161.83644882390337,9.734451366815003]]]},{"type":"Polygon","coordinates":[[[-163.10812425149697,9.709023524379816],[-163.076,9.719],[-163.0017474048443,9.72684033613445],[-163.10812425149697,9.709023524379816]]]},{"type":"Polygon","coordinates":[[[-162.51026497808084,9.778735996103263],[-162.432,9.787],[-162.39527705627705,9.783759740259741],[-162.51026497808084,9.778735996103263]]]},{"type":"Polygon","coordinates":[[[-155.48206731757452,15.570068961973279],[-155.502,15.568],[-155.915,15.571],[-155.48206731757452,15.570068961973279]]]},{"type":"Polygon","coordinates":[[[-155.06254534815682,15.618758338209476],[-155.107,15.609],[-155.29588645161283,15.589394064516135],[-155.06254534815682,15.618758338209476]]]},{"type":"Polygon","coordinates":[[[-156.42568522971771,15.643688773572961],[-156.463,15.649],[-156.58525737602017,15.68615003138734],[-156.42568522971771,15.643688773572961]]]},{"type":"Polygon","coordinates":[[[-154.62667507163326,15.722940401146126],[-154.697,15.699],[-154.85822138554212,15.663609939759047],[-154.62667507163326,15.722940401146126]]]},{"type":"Polygon","coordinates":[[[-156.9284742032596,15.790442437454576],[-157.006,15.814],[-157.15294995394535,15.884624654590121],[-156.9284742032596,15.790442437454576]]]},{"type":"Polygon","coordinates":[[[-154.00001744688188,15.988671359474928],[-154.321,15.827],[-154.51240417287627,15.76184113263786],[-154.00001744688188,15.988671359474928]]]},{"type":"Polygon","coordinates":[[[-157.38501628923322,15.996156535558207],[-157.47,16.037],[-157.65263689538799,16.155231721034816],[-157.38501628923322,15.996156535558207]]]},{"type":"Polygon","coordinates":[[[-153.419,16.351],[-153.777,16.101],[-153.81907734806637,16.079806629834206],[-153.419,16.351]]]},{"type":"Polygon","coordinates":[[[-157.9811114912544,16.367872856348686],[-158.057,16.417],[-158.12436632051637,16.47673033960143],[-157.9811114912544,16.367872856348686]]]},{"type":"Polygon","coordinates":[[[-152.8962850393695,16.661275590551615],[-152.968,16.607],[-152.98112520925451,16.59954977035663],[-152.8962850393695,16.661275590551615]]]},{"type":"Polygon","coordinates":[[[-158.50020926404898,16.824825064660324],[-158.35810546459697,16.68397512226229],[-158.454,16.769],[-158.50020926404898,16.824825064660324]]]},{"type":"Polygon","coordinates":[[[-152.52206235659327,16.954768929680185],[-152.565,16.912],[-152.615084509843,16.87409484987068],[-152.52206235659327,16.954768929680185]]]},{"type":"Polygon","coordinates":[[[-158.72501000638698,17.09640515222473],[-158.8,17.187],[-158.81982954185858,17.22021627228297],[-158.72501000638698,17.09640515222473]]]},{"type":"Polygon","coordinates":[[[-152.0534503311259,17.422821192052883],[-152.056,17.419],[-152.06766816986067,17.407377677565112],[-152.0534503311259,17.422821192052883]]]},{"type":"Polygon","coordinates":[[[-158.98876318349866,17.50319536874866],[-159.077,17.651],[-159.08660720021024,17.67432494379403],[-158.98876318349866,17.50319536874866]]]},{"type":"Polygon","coordinates":[[[-151.6515107782876,18.04421400744525],[-151.671,17.996],[-151.7099138456602,17.937679768971574],[-151.6515107782876,18.04421400744525]]]},{"type":"Polygon","coordinates":[[[-151.39067932489448,18.730562587904576],[-151.403,18.659],[-151.42089935956088,18.6147191216833],[-151.39067932489448,18.730562587904576]]]},{"type":"Polygon","coordinates":[[[-162.56911769451412,18.906023485120087],[-162.596,18.921],[-162.78870021567218,19.073086268871315],[-162.56911769451412,18.906023485120087]]]},{"type":"Polygon","coordinates":[[[-151.28362733764024,19.414718803128526],[-151.283,19.356],[-151.28394765227068,19.350495719727746],[-151.28362733764024,19.414718803128526]]]},{"type":"Polygon","coordinates":[[[-163.01210658551815,19.249406991260958],[-163.042,19.273],[-163.33922644927517,19.596681159420065],[-163.01210658551815,19.249406991260958]]]},{"type":"Polygon","coordinates":[[[-151.30708710801392,19.941214419726503],[-151.288,19.824],[-151.2875898656844,19.78561142805803],[-151.30708710801392,19.941214419726503]]]},{"type":"Polygon","coordinates":[[[-163.738,20.172],[-163.73099776071697,20.161291960234898],[-163.41759069784464,19.68202023639625],[-163.424,19.689],[-163.732,20.16],[-163.956,20.301],[-163.738,20.172]]]},{"type":"Polygon","coordinates":[[[-164.59572326843278,20.235480689435047],[-164.659,20.229],[-164.72365670979667,20.232064990757856],[-164.59572326843278,20.235480689435047]]]},{"type":"Polygon","coordinates":[[[-164.87407389712962,20.239195376613367],[-165.102,20.25],[-165.548,20.324],[-164.87407389712962,20.239195376613367]]]},{"type":"Polygon","coordinates":[[[-151.39624791249162,20.395746910487524],[-151.366,20.303],[-151.35562565836895,20.23929090203481],[-151.39624791249162,20.395746910487524]]]},{"type":"Polygon","coordinates":[[[-151.55188770153737,20.835284026996764],[-151.517,20.766],[-151.48721590909088,20.67467527092106],[-151.55188770153737,20.835284026996764]]]},{"type":"Polygon","coordinates":[[[-151.7594174293673,21.231801034620002],[-151.73,21.189],[-151.67630658591963,21.082369417108037],[-151.7594174293673,21.231801034620002]]]},{"type":"Polygon","coordinates":[[[-152.36008249522547,22.008340165499042],[-151.952,21.512],[-151.8299,21.33435000000002],[-152.36008249522547,22.008340165499042]]]},{"type":"Polygon","coordinates":[[[-152.968,22.582],[-152.419,22.08],[-152.40273370786525,22.06021573033717],[-152.968,22.582]]]},{"type":"Polygon","coordinates":[[[-153.3869582169082,23.076087854961358],[-153.292,22.988],[-152.968,22.582],[-153.3869582169082,23.076087854961358]]]},{"type":"Polygon","coordinates":[[[-153.79574059481445,23.42920195729538],[-153.679,23.347],[-153.56467534514618,23.24094689640175],[-153.79574059481445,23.42920195729538]]]},{"type":"Polygon","coordinates":[[[-154.3193192990997,23.758863470430857],[-154.017,23.585],[-153.93606856529794,23.528012776748263],[-154.3193192990997,23.758863470430857]]]},{"type":"Polygon","coordinates":[[[-155.06968213456895,24.132547563804255],[-154.523,23.876],[-154.49670097873772,23.860875464056676],[-155.06968213456895,24.132547563804255]]]},{"type":"Polygon","coordinates":[[[-155.829,24.41],[-155.288,24.235],[-155.2778320565705,24.230228376874255],[-155.829,24.41]]]},{"type":"Polygon","coordinates":[[[-156.48009575518267,24.760210595590674],[-156.148,24.603],[-155.829,24.41],[-156.48009575518267,24.760210595590674]]]},{"type":"Polygon","coordinates":[[[-156.6797561307904,24.831066757493254],[-156.505,24.772],[-156.49351978920197,24.766565390406534],[-156.6797561307904,24.831066757493254]]]},{"type":"Polygon","coordinates":[[[-157.35,25.007],[-156.934,24.917],[-156.91473838630804,24.910489664369855],[-157.35,25.007]]]},{"type":"Polygon","coordinates":[[[-157.81018306131455,25.242310101455686],[-157.785,25.233],[-157.35,25.007],[-157.81018306131455,25.242310101455686]]]},{"type":"Polygon","coordinates":[[[-158.3276584912672,25.42724526198439],[-158.28,25.416],[-158.01011918274673,25.31622587968213],[-158.3276584912672,25.42724526198439]]]},{"type":"Polygon","coordinates":[[[-158.47472932330825,25.46194736842105],[-158.8581804878049,25.536507317073173],[-158.725,25.521],[-158.47472932330825,25.46194736842105]]]},{"type":"Polygon","coordinates":[[[-159.831,25.809],[-159.522,25.587],[-159.163,25.572],[-159.03435664335666,25.55702097902098],[-159.511,25.578],[-159.52252680361,25.58632091135596],[-159.831,25.809]]]},{"type":"Polygon","coordinates":[[[-160.2922112950334,26.05378091528695],[-160.175,26.003],[-160.16733998642235,25.9986801086219],[-160.2922112950334,26.05378091528695]]]},{"type":"Polygon","coordinates":[[[-160.909,26.278],[-160.542,26.162],[-160.52351139132554,26.153989948830407],[-160.909,26.278]]]},{"type":"Polygon","coordinates":[[[-163.59491341653666,26.766334420649553],[-163.584,26.764],[-163.102,26.589],[-163.59491341653666,26.766334420649553]]]},{"type":"Polygon","coordinates":[[[-165.4757515923567,27.44603821656052],[-165.446,27.424],[-165.077,27.052],[-165.4757515923567,27.44603821656052]]]},{"type":"Polygon","coordinates":[[[-133.846,48.378],[-134.133,48.983],[-134.502,49.362],[-134.88153250774002,49.681857585139376],[-134.57,49.475],[-132.013,48.115],[-131.695,47.87],[-131.143,47.532],[-130.299,47.164],[-129.834,46.87],[-129.127,46.522],[-128.893,46.169],[-128.842,45.852],[-128.734,45.497],[-128.738991213197,45.26284699827915],[-128.757,44.418],[-129.085,43.472],[-129.164,42.86],[-129.119,42.375],[-129.032,42.054],[-128.674,41.282],[-128.762,40.89],[-128.79,40.5],[-128.698,39.845],[-128.432,39.122],[-128.195,38.723],[-127.941,38.398],[-127.811,37.998],[-127.679,37.723],[-127.527,37.457],[-127.192,37.026],[-127.03,36.621],[-126.731,36.132],[-126.233,35.576],[-125.783,35.224],[-125.612,34.9],[-125.368,34.538],[-125.039,34.178],[-124.72,33.9],[-124.504,33.649],[-124.357,33.191],[-124.205,32.837],[-123.988,32.473],[-123.701,32.112],[-123.348,31.752],[-122.864,31.378],[-122.425,30.956],[-121.868,30.543],[-122.008,30.222],[-122.154,29.656],[-122.176,28.997],[-122.09,28.422],[-121.824,27.653],[-121.515,27.121],[-121.123,26.657],[-120.651,26.259],[-120.11,25.938],[-119.519,25.704],[-118.741,25.528],[-118.348,25.503],[-117.866,25.524],[-117.4,25.156],[-116.83,24.626],[-116.407,24.345],[-115.869,24.051],[-115.724,23.624],[-115.43,23.076],[-114.944,22.476],[-114.652,22.179],[-114.48131178331863,22.04165321339925],[-114.309,21.903],[-113.894,21.633],[-114.286,21.697],[-114.865,21.72],[-114.95356210645556,21.708535649649765],[-115.574,22.072],[-114.916,22.08],[-115.681,22.071],[-116.411,22.183],[-117.513,22.264],[-118.039,22.392],[-118.626,22.746],[-119.155,22.994],[-120.024,23.332],[-120.559,23.735],[-120.784,24.324],[-121.656,25.174],[-123.31,26.705],[-124.166,27.355],[-124.8,28.017],[-125.188,28.625],[-125.606,29.397],[-126.061,30.081],[-126.716,30.614],[-127.864,31.967],[-128.267,32.572],[-129.135,34.482],[-129.42,35.393],[-129.919,36.487],[-130.483,37.585],[-131.014,38.47],[-131.241,39.164],[-131.472,39.685],[-131.57372386895477,40.0],[-131.679,40.326],[-131.697,40.812],[-131.806,41.401],[-132.061,42.209],[-132.032,42.597],[-132.112,43.214],[-132.528,45.349],[-132.78,45.85],[-132.905,46.534],[-133.167,47.183],[-133.516,47.853],[-133.846,48.378]]]},{"type":"Polygon","coordinates":[[[-147.275,55.513],[-146.963,55.779],[-146.689,56.067],[-145.808,56.077],[-144.886,56.159],[-144.041,56.304],[-143.237,56.514],[-142.807,56.568],[-142.46,56.511],[-141.673,56.088],[-141.319,55.63],[-140.963,55.278],[-140.509,54.93],[-140.008,54.626],[-139.495,54.096],[-138.892,53.66],[-138.835,53.58],[-138.794,53.589],[-138.603,53.081],[-138.233,52.451],[-138.0,52.136],[-137.799,51.911],[-137.0,51.162],[-136.40707263452833,50.70422519577555],[-136.723,50.84],[-137.721,51.447],[-139.065,52.196],[-139.988,52.658],[-141.259,53.415],[-142.422,54.023],[-143.686,54.368],[-144.823,54.749],[-145.651,54.837],[-146.712,55.078],[-147.8897676014905,55.11665757991763],[-147.275,55.513]]]},{"type":"Polygon","coordinates":[[[-124.54363148720476,76.03993178697958],[-123.112,76.046],[-122.80398642813074,76.0273325107958],[-124.54363148720476,76.03993178697958]]]},{"type":"Polygon","coordinates":[[[-125.22844578313256,77.40579123972525],[-125.57069567878561,77.26345366629944],[-125.392,77.342],[-125.22844578313256,77.40579123972525]]]},{"type":"Polygon","coordinates":[[[-123.5160688424322,78.06102971601642],[-124.40632065217409,77.72644565217385],[-123.787,77.968],[-123.5160688424322,78.06102971601642]]]},{"type":"Polygon","coordinates":[[[-57.9,-56.188],[-58.57950949293925,-56.244958883966966],[-58.578,-56.243],[-57.9,-56.188]]]},{"type":"Polygon","coordinates":[[[-60.88576470588235,-52.057823529411756],[-60.882808664259926,-52.06502888086642],[-60.884,-52.069],[-60.88576470588235,-52.057823529411756]]]},{"type":"Polygon","coordinates":[[[-60.05894215938304,-51.94824164524422],[-60.07438562753037,-51.960008097165996],[-60.069,-51.941],[-60.05894215938304,-51.94824164524422]]]},{"type":"Polygon","coordinates":[[[-58.29037819585141,-51.814733719247464],[-58.29969647419519,-51.82333520694941],[-58.358,-51.827],[-58.29037819585141,-51.814733719247464]]]},{"type":"Polygon","coordinates":[[[-60.153250913520104,-51.670723507917174],[-60.11874182267024,-51.67153548652541],[-60.084255597014916,-51.68885074626866],[-60.081738823529406,-51.69172705882353],[-60.153250913520104,-51.670723507917174]]]},{"type":"Polygon","coordinates":[[[-61.024,-48.543],[-60.993,-48.597],[-61.014,-48.683],[-60.983,-48.708],[-61.169,-48.806],[-61.115,-48.854],[-60.989,-48.889],[-60.949,-49.049],[-60.765,-49.097],[-60.701,-49.157],[-60.606,-49.394],[-60.382,-49.464],[-60.132,-49.453],[-60.043,-49.536],[-59.906,-49.564],[-59.794,-49.682],[-59.817,-49.779],[-59.791,-49.824],[-59.12,-49.876],[-59.131,-50.016],[-59.027,-49.876],[-58.942,-49.854],[-58.831,-49.885],[-58.739,-49.979],[-58.79,-50.072],[-59.077,-50.268],[-59.094,-50.366],[-59.061,-50.437],[-58.906,-50.366],[-58.872,-50.26],[-58.761,-50.245],[-58.277,-50.338],[-58.023,-50.322],[-57.615,-50.554],[-57.399,-50.606],[-57.327,-50.678],[-57.086,-50.748],[-56.959,-50.828],[-56.855,-50.954],[-56.865,-51.052],[-56.983,-51.151],[-56.996,-51.249],[-57.108,-51.324],[-57.159,-51.412],[-57.3,-51.541],[-57.269,-51.643],[-57.314,-51.741],[-57.429,-51.834],[-57.469,-51.936],[-57.546,-51.994],[-57.594,-52.136],[-58.058,-52.436],[-58.213,-52.489],[-58.327,-52.464],[-58.497,-52.514],[-58.647,-52.637],[-58.849,-52.698],[-58.883,-52.762],[-58.813,-52.827],[-58.96,-52.872],[-59.029,-52.941],[-59.192,-52.979],[-59.297,-52.922],[-59.438,-52.965],[-59.994,-53.317],[-60.097,-53.342],[-60.202,-53.521],[-59.905,-53.683],[-59.676,-53.733],[-59.434,-53.757],[-58.771,-53.697],[-58.189,-53.807],[-58.047,-53.774],[-57.697,-53.819],[-57.669,-53.881],[-57.686,-53.918],[-57.571,-53.971],[-57.531,-54.028],[-57.362,-54.069],[-57.319,-54.118],[-56.827,-54.155],[-56.594,-54.226],[-55.965,-54.217],[-55.796,-54.266],[-55.699,-54.357],[-55.55,-54.416],[-55.525,-54.476],[-55.457,-54.498],[-55.188,-54.467],[-55.103,-54.516],[-55.413,-54.68],[-55.594,-54.67],[-55.847,-54.83],[-55.993,-54.825],[-56.099,-54.78],[-56.256,-54.799],[-56.319,-54.815],[-56.373,-54.914],[-56.445,-54.97],[-56.489,-54.914],[-56.479,-54.876],[-56.517,-54.852],[-56.607,-54.914],[-56.989,-55.036],[-57.372,-55.032],[-57.46,-54.949],[-57.601,-54.974],[-58.219,-54.929],[-58.511,-54.939],[-58.634,-54.914],[-58.745,-54.782],[-58.907,-54.767],[-59.075,-54.846],[-59.196,-54.834],[-59.554,-54.914],[-59.713,-54.914],[-59.729,-54.875],[-59.766,-54.914],[-59.862,-54.934],[-60.128,-54.921],[-60.19825416389074,-54.93651065956029],[-60.398,-54.775],[-61.517,-53.789],[-63.489,-52.947],[-64.52,-52.562],[-64.689,-52.472],[-64.764,-52.387],[-64.926,-51.565],[-65.004,-51.366],[-64.571,-50.317],[-63.206,-49.229],[-61.136171064683836,-47.9095905264178],[-61.136,-47.932],[-61.077,-48.059],[-60.975,-48.126],[-61.118,-48.231],[-61.005,-48.384],[-61.024,-48.543]],[[-59.153,-52.437],[-59.12,-52.449],[-59.059,-52.428],[-59.153,-52.437]],[[-59.646,-52.37],[-59.656,-52.35],[-59.744,-52.382],[-59.69,-52.39],[-59.646,-52.37]],[[-59.818,-52.36],[-59.757,-52.382],[-59.754,-52.348],[-59.679,-52.302],[-59.752,-52.308],[-59.765,-52.345],[-59.818,-52.36]],[[-59.764,-52.271],[-59.74,-52.295],[-59.669,-52.222],[-59.694,-52.219],[-59.697,-52.168],[-59.771,-52.173],[-59.78,-52.139],[-59.809,-52.172],[-59.741,-52.191],[-59.764,-52.271]],[[-60.879,-51.962],[-60.939,-52.0],[-60.845,-52.007],[-60.879,-51.962]],[[-61.191,-51.829],[-61.223,-51.797],[-61.265,-51.808],[-61.261,-51.831],[-61.305,-51.8],[-61.3,-51.825],[-61.348,-51.824],[-61.237,-51.878],[-61.204,-51.85],[-61.258,-51.858],[-61.229,-51.843],[-61.249,-51.828],[-61.191,-51.829]],[[-61.034,-51.778],[-61.09,-51.778],[-61.086,-51.804],[-61.034,-51.778]],[[-61.167,-51.856],[-61.191,-51.843],[-61.207,-51.867],[-61.167,-51.856]],[[-61.332,-51.691],[-61.29,-51.763],[-61.293,-51.706],[-61.241,-51.719],[-61.255,-51.7],[-61.21,-51.691],[-61.332,-51.691]],[[-60.698,-51.604],[-60.684,-51.676],[-60.656,-51.658],[-60.698,-51.604]],[[-60.416,-51.627],[-60.437,-51.605],[-60.462,-51.608],[-60.416,-51.627]],[[-60.732,-51.326],[-60.699,-51.38],[-60.662,-51.351],[-60.732,-51.326]],[[-60.524,-51.285],[-60.604,-51.241],[-60.607,-51.271],[-60.526,-51.316],[-60.524,-51.285]],[[-59.66,-51.371],[-59.703,-51.359],[-59.739,-51.316],[-59.781,-51.322],[-59.751,-51.349],[-59.831,-51.36],[-59.66,-51.371]],[[-59.59,-51.372],[-59.64,-51.368],[-59.67,-51.382],[-59.59,-51.372]],[[-59.879670454545455,-51.40023243801653],[-59.872,-51.4],[-59.88034478021978,-51.39845467032967],[-59.882321116928445,-51.39324432809773],[-59.861,-51.391],[-59.88549523809524,-51.38487619047619],[-59.89,-51.373],[-59.987,-51.415],[-60.00871777642028,-51.39124618204032],[-59.997,-51.378],[-60.01251072961374,-51.38709763948498],[-60.019,-51.38],[-60.06017566241414,-51.41505495583906],[-60.101,-51.439],[-60.09147240968639,-51.44169948392219],[-60.093,-51.443],[-60.05957142857142,-51.450738095238094],[-59.993279679533856,-51.4695207574654],[-60.132,-51.495],[-60.45257264671463,-51.40762823942484],[-60.665,-51.34],[-60.61,-51.36],[-60.62858662092625,-51.35965580331618],[-60.642,-51.356],[-60.64042253521127,-51.35943661971831],[-60.664,-51.359],[-60.63222552329507,-51.3772943956786],[-60.63148758865248,-51.378902039007095],[-60.651,-51.415],[-60.52,-51.452],[-60.50152,-51.44808],[-60.39588067675869,-51.47726981300089],[-60.39162290689887,-51.480146684527796],[-60.501,-51.483],[-60.49916129032258,-51.49991612903226],[-60.51,-51.501],[-60.493,-51.542],[-60.335,-51.582],[-60.32077766069547,-51.57208746048472],[-60.313,-51.574],[-60.30818752071595,-51.57641630759032],[-60.307,-51.597],[-60.24702462090331,-51.60712571335399],[-60.2356617954071,-51.61283089770355],[-60.26,-51.625],[-60.211840888066604,-51.65351526364478],[-60.217,-51.652],[-60.277352941176346,-51.66457352941174],[-60.462010592366575,-51.70109164699787],[-60.628,-51.671],[-60.62865647244925,-51.673056947007645],[-60.65,-51.667],[-60.64264125560538,-51.716875934230195],[-60.643,-51.718],[-60.642397091951665,-51.71853082121647],[-60.641,-51.728],[-60.54,-51.809],[-60.529921875,-51.786828125],[-60.48951498189002,-51.763494567006916],[-60.358,-51.757],[-60.36353390875462,-51.74693834771887],[-60.346,-51.707],[-60.304991004133235,-51.70749112569901],[-60.287,-51.722],[-60.227502844757524,-51.7084191276077],[-60.19296347909659,-51.708832772705435],[-60.182,-51.751],[-60.19808474576271,-51.77079661016949],[-60.21134086507424,-51.779949644932216],[-60.231,-51.762],[-60.217934210526316,-51.78450219298246],[-60.223,-51.788],[-60.2748567493113,-51.766060606060606],[-60.264,-51.749],[-60.298936927772125,-51.755872838250255],[-60.301,-51.755],[-60.30096314670447,-51.75627143869596],[-60.325,-51.761],[-60.33,-51.782],[-60.3002712477396,-51.780141952983726],[-60.30022136010954,-51.7818630762209],[-60.329,-51.806],[-60.30163621262459,-51.82612043189369],[-60.30425196850394,-51.82822440944882],[-60.335,-51.819],[-60.35099455288243,-51.85655242850658],[-60.376,-51.838],[-60.37332807215332,-51.8303404735062],[-60.356,-51.816],[-60.36832558139535,-51.816],[-60.361,-51.795],[-60.39952385589094,-51.79591723466407],[-60.38288549618321,-51.77783206106871],[-60.372,-51.768],[-60.37417322834646,-51.76836220472441],[-60.372,-51.766],[-60.447,-51.777],[-60.521,-51.84],[-60.45604818293181,-51.84800775826868],[-60.46182749326146,-51.8701051212938],[-60.48881239242685,-51.9112925989673],[-60.604,-51.927],[-60.59440397350994,-51.929170529801326],[-60.649,-51.925],[-60.544,-51.955],[-60.416787564766835,-51.93026424870466],[-60.43608591885441,-51.95470883054892],[-60.452024088748026,-51.9669470681458],[-60.534,-51.978],[-60.53393171471927,-51.979570561456754],[-60.57,-51.984],[-60.54597926789764,-51.99910981535471],[-60.55762033620338,-51.997414514145134],[-60.572,-51.99],[-60.570020469596635,-51.99560866947622],[-60.581478918423464,-51.99393996333639],[-60.576,-51.987],[-60.65,-51.968],[-60.674,-51.975],[-60.671782979654346,-51.98078888645811],[-60.68828139926946,-51.978386203989885],[-60.69,-51.969],[-60.69507698692674,-51.97739655530193],[-60.706189920217945,-51.975778166958555],[-60.703,-51.964],[-60.847,-51.953],[-60.826,-52.0],[-60.76662761506277,-52.01335878661088],[-60.83920398009947,-52.02413184079602],[-60.898,-52.028],[-60.897200477802116,-52.02994883535735],[-60.99814050251256,-52.015213065326634],[-60.995,-52.003],[-61.081,-52.016],[-61.045,-52.015],[-61.051,-52.073],[-61.0210252454418,-52.063776998597476],[-61.021,-52.064],[-60.97350635055038,-52.08053259949195],[-60.934,-52.117],[-60.82839356435644,-52.14914108910891],[-60.81428571428572,-52.16142857142857],[-60.8,-52.19],[-60.717,-52.176],[-60.72483673469387,-52.173],[-60.72,-52.173],[-60.826,-52.111],[-60.77546554288546,-52.11018492811105],[-60.703570818271444,-52.123922773578705],[-60.70473076923077,-52.134942307692306],[-60.747,-52.144],[-60.702256302521015,-52.14983613445378],[-60.70108996539793,-52.15071972318339],[-60.704,-52.174],[-60.681218961625284,-52.16577351392024],[-60.678892857142856,-52.16753571428572],[-60.698,-52.179],[-60.674,-52.192],[-60.65451422319475,-52.18600437636761],[-60.65245547073792,-52.18756403731976],[-60.665,-52.193],[-60.650999999999996,-52.202333333333335],[-60.67102702702703,-52.21204340704341],[-60.698,-52.21],[-60.651,-52.26],[-60.61992395005676,-52.244845629965944],[-60.618,-52.246],[-60.498,-52.192],[-60.50134194877833,-52.18701860465116],[-60.489,-52.181],[-60.52513029989659,-52.151560496380554],[-60.549290322580646,-52.11554838709677],[-60.54724668825435,-52.11495025022078],[-60.53640112994349,-52.1205856873823],[-60.469,-52.179],[-60.449065552699224,-52.16596593830334],[-60.449,-52.166],[-60.44893288590604,-52.165879194630875],[-60.41916666666667,-52.14641666666667],[-60.41608163265306,-52.14795918367347],[-60.408,-52.174],[-60.366,-52.164],[-60.372136363636365,-52.15806818181818],[-60.34956435643564,-52.14678217821782],[-60.329,-52.152],[-60.312999999999995,-52.12799999999999],[-60.265,-52.08],[-60.26878947368421,-52.06863157894737],[-60.241,-52.02],[-60.27033333333333,-52.064],[-60.28012,-52.034639999999996],[-60.281,-52.021],[-60.28521556886227,-52.019353293413175],[-60.287002801120444,-52.013991596638654],[-60.20347206079571,-51.985887796155566],[-60.220726443768996,-52.00371732522797],[-60.241,-52.017],[-60.104,-52.01],[-60.101072617246594,-52.00133494704992],[-60.086,-52.001],[-60.07499543676663,-51.96216036505867],[-60.0351875,-51.965345000000006],[-60.003077079107506,-51.98846450304259],[-60.004,-52.006],[-59.857,-51.964],[-59.816680000000005,-51.89128000000001],[-59.778957131516265,-51.84927044191584],[-59.626,-51.754],[-59.537,-51.659],[-59.54353299492386,-51.66157360406091],[-59.5613950617284,-51.647283950617286],[-59.464672776646296,-51.59761575016972],[-59.45838403401039,-51.605271610769954],[-59.481,-51.634],[-59.439,-51.634],[-59.41634579439252,-51.61067289719626],[-59.393,-51.599],[-59.372615727002966,-51.56564391691395],[-59.338,-51.53],[-59.354474962063726,-51.53595902883156],[-59.349,-51.527],[-59.36951654215582,-51.5285197438634],[-59.354,-51.51],[-59.373777777777775,-51.51177777777777],[-59.37255160142349,-51.50227491103203],[-59.355965517241366,-51.49857266009852],[-59.33160400444939,-51.49944271412681],[-59.334,-51.525],[-59.199,-51.436],[-59.24090534979424,-51.449311111111115],[-59.236,-51.446],[-59.27266280991736,-51.452259504132236],[-59.265,-51.445],[-59.27871824480369,-51.438394919168594],[-59.279925701706105,-51.428131535498075],[-59.189,-51.399],[-59.386258426966215,-51.345359550561824],[-59.413,-51.336],[-59.415364238410596,-51.33744481236204],[-59.417,-51.337],[-59.41627777777778,-51.338003086419754],[-59.4428755186722,-51.35425726141079],[-59.45,-51.353],[-59.44819642857143,-51.35750892857143],[-59.449,-51.358],[-59.44816561242093,-51.39304427832087],[-59.477,-51.405],[-59.401295719334996,-51.43328511585286],[-59.4890627306273,-51.45673431734318],[-59.544,-51.443],[-59.53354954954954,-51.46076576576577],[-59.584,-51.445],[-59.56517576842732,-51.43489435989256],[-59.484,-51.416],[-59.49,-51.395],[-59.494683760683785,-51.397051282051294],[-59.489,-51.394],[-59.59721269579555,-51.41671640560593],[-59.606,-51.405],[-59.643,-51.42],[-59.622324700239815,-51.421988009592326],[-59.751,-51.449],[-59.77326843100189,-51.44577693761815],[-59.73,-51.42],[-59.78560914760916,-51.417296777546774],[-59.84699369333859,-51.40724241229799],[-59.809,-51.395],[-59.8508988865483,-51.40660276858261],[-59.879,-51.402],[-59.879670454545455,-51.40023243801653]],[[-59.736,-51.395],[-59.722,-51.423],[-59.684,-51.39],[-59.736,-51.395]],[[-59.929,-51.357],[-59.95,-51.318],[-59.903,-51.315],[-59.956,-51.282],[-60.045,-51.306],[-59.929,-51.357]],[[-59.559,-51.807],[-59.548,-51.759],[-59.627,-51.807],[-59.559,-51.807]],[[-59.671,-51.985],[-59.7,-51.936],[-59.725,-51.975],[-59.671,-51.985]],[[-58.838353383458646,-52.165676691729324],[-58.827,-52.16],[-58.826,-52.133],[-58.838353383458646,-52.165676691729324]],[[-58.849,-52.171],[-58.84319870262888,-52.17849334243769],[-58.838353383458646,-52.165676691729324],[-58.849,-52.171]],[[-58.857,-52.215],[-58.991,-52.223],[-59.004,-52.248],[-58.865,-52.227],[-58.825,-52.202],[-58.84319870262888,-52.17849334243769],[-58.857,-52.215]],[[-61.134,-51.027],[-61.11,-51.049],[-61.127,-51.073],[-61.046,-51.082],[-61.094,-51.024],[-61.134,-51.027]],[[-59.30546078431372,-52.145901960784315],[-59.29640806293018,-52.14930523949993],[-59.319,-52.184],[-59.26359163987138,-52.161642240649854],[-59.26151803709654,-52.16242179056521],[-59.242,-52.22],[-59.2225636743215,-52.214050104384135],[-59.1519078125,-52.21651484375],[-59.011,-52.256],[-59.055,-52.242],[-59.024,-52.204],[-59.07201118359739,-52.20044361602982],[-59.08687557603686,-52.185917050691245],[-59.024,-52.144],[-59.05170749279539,-52.14772190201729],[-59.037,-52.138],[-59.152,-52.15],[-59.10233759590795,-52.116664961636836],[-59.068,-52.103],[-59.081248567335244,-52.10250931232092],[-59.079,-52.101],[-59.139,-52.096],[-59.13094110196327,-52.08729639012033],[-59.099,-52.079],[-59.11734957369062,-52.07261753958587],[-59.114,-52.069],[-59.13293442622951,-52.067196721311475],[-59.145,-52.063],[-59.135,-52.035],[-59.17819885823026,-52.0606688867745],[-59.19229233680227,-52.03326490066225],[-59.182,-52.027],[-59.28776603186941,-52.01611232024874],[-59.257846889952155,-51.995105263157896],[-59.231335260115614,-52.00050578034682],[-59.202,-52.014],[-59.19027436823104,-52.00887003610108],[-59.17,-52.013],[-59.17330158730159,-52.001444444444445],[-59.138,-51.986],[-59.12498406374503,-51.99008764940238],[-59.057,-52.04],[-59.021380090497736,-52.022624434389144],[-59.017,-52.024],[-59.01637906137184,-52.0245487364621],[-59.018,-52.044],[-58.9935021312873,-52.04476555839727],[-58.98646063651591,-52.050988274706874],[-58.99,-52.097],[-58.962802970297034,-52.07189504950495],[-58.93850835913313,-52.09336470588235],[-58.929,-52.118],[-58.898659574468084,-52.087659574468084],[-58.87450188679245,-52.078441509433965],[-58.859,-52.085],[-58.865690678997325,-52.07507933803845],[-58.855,-52.071],[-58.854,-52.043],[-58.852131578947386,-52.04276315789474],[-58.747,-52.045],[-58.739,-52.079],[-58.71843570536829,-52.06614731585518],[-58.68451659098847,-52.10902619629759],[-58.694,-52.124],[-58.66,-52.142],[-58.64317647058824,-52.116],[-58.635,-52.116],[-58.638146471371506,-52.10822636484687],[-58.638,-52.108],[-58.63989393939394,-52.10390909090908],[-58.66051993745113,-52.05295074276779],[-58.637,-52.043],[-58.6676122971819,-52.03133817250213],[-58.65255351545008,-52.02415629198388],[-58.586,-52.017],[-58.61733333333334,-52.00735897435897],[-58.604,-52.001],[-58.61195918367347,-51.989061224489795],[-58.607,-51.983],[-58.632,-51.963],[-58.734,-51.952],[-58.74142740619902,-51.95865905383361],[-58.799,-51.954],[-58.824,-51.935],[-58.80830054446461,-51.92572304900182],[-58.761,-51.937],[-58.84072916666634,-51.907333333333455],[-58.971,-51.858],[-58.941,-51.802],[-58.93923652837387,-51.802922746781114],[-58.932,-51.842],[-58.84266792452831,-51.85345283018868],[-58.83021515988946,-51.85996881168575],[-58.856,-51.865],[-58.782,-51.896],[-58.691,-51.894],[-58.69101918047079,-51.893982563208375],[-58.65442420771287,-51.89491294387171],[-58.677,-51.905],[-58.56405263157898,-51.89721052631579],[-58.415,-51.901],[-58.40657954277633,-51.89791491868961],[-58.396,-51.899],[-58.469,-51.922],[-58.401,-51.923],[-58.374,-51.887],[-58.225106714413606,-51.84503008057296],[-58.233042199628294,-51.83433442658796],[-58.20185561178921,-51.822908306043466],[-58.162,-51.816],[-58.257764172335605,-51.80881768707483],[-58.25749544168496,-51.80876894058471],[-58.109,-51.79],[-58.14320597157913,-51.788037362286445],[-58.143,-51.788],[-58.259,-51.757],[-58.249358913250724,-51.75704265967588],[-58.198,-51.767],[-58.18055056559176,-51.757347121391184],[-58.16167990293404,-51.75743061989852],[-58.164,-51.761],[-58.065,-51.772],[-58.05442888643881,-51.75790518191842],[-58.033,-51.758],[-57.972313610257764,-51.74473741151329],[-57.88,-51.747],[-57.842,-51.739],[-57.940715087599926,-51.73783177411124],[-57.731,-51.692],[-57.75700164880461,-51.690433635614184],[-57.711,-51.682],[-57.84413013698633,-51.685184931506846],[-57.86485549132949,-51.68393641618497],[-57.83,-51.682],[-57.858284117146674,-51.675832786486815],[-57.722,-51.644],[-57.779601318896034,-51.63477774159407],[-57.786,-51.615],[-58.143,-51.554],[-58.10291208791208,-51.53458241758242],[-58.095,-51.533],[-58.096515789473685,-51.531484210526315],[-58.079,-51.523],[-58.029,-51.538],[-58.0292643678161,-51.53324137931035],[-58.018,-51.536],[-58.029689961880564,-51.52558068614994],[-58.030616113744074,-51.508909952606636],[-57.956,-51.54],[-57.763,-51.541],[-57.77205245901639,-51.538119672131145],[-57.762,-51.538],[-57.8,-51.521],[-57.780117241379315,-51.508172413793105],[-57.717,-51.517],[-57.7732916764361,-51.497248534583825],[-57.860645817746516,-51.420890019452344],[-57.852,-51.406],[-57.910306021717666,-51.37748075024679],[-57.912,-51.376],[-57.913085424163256,-51.37612125992015],[-57.944,-51.361],[-58.282,-51.39],[-58.32404152637486,-51.466032547699214],[-58.3328837535014,-51.47565826330532],[-58.388,-51.485],[-58.359,-51.488],[-58.377,-51.514],[-58.332,-51.521],[-58.296,-51.488],[-58.301,-51.53],[-58.28287500000002,-51.52909375],[-58.22168421052631,-51.53419298245614],[-58.264,-51.553],[-58.23017073170733,-51.569617886178854],[-58.17643419062026,-51.60245688350984],[-58.251,-51.584],[-58.243,-51.617],[-58.22445741878841,-51.6245329236172],[-58.214568755846585,-51.639216089803554],[-58.226,-51.638],[-58.22245070422535,-51.64983098591549],[-58.225790349417636,-51.650858569051586],[-58.25,-51.621],[-58.25170814977974,-51.62627973568282],[-58.253306920762284,-51.623458375125374],[-58.251,-51.614],[-58.259002577319585,-51.61340721649484],[-58.268757180156655,-51.59619321148825],[-58.263,-51.594],[-58.277,-51.554],[-58.326,-51.537],[-58.327909090909095,-51.565636363636365],[-58.3461121495327,-51.56636448598131],[-58.36323636363637,-51.565763636363634],[-58.3748,-51.5542],[-58.368,-51.547],[-58.402,-51.528],[-58.41078095238095,-51.54995238095238],[-58.421,-51.557],[-58.42251483253588,-51.518119298245615],[-58.41,-51.504],[-58.424,-51.469],[-58.492,-51.468],[-58.51182803374432,-51.49236015574303],[-58.503566791044776,-51.45423134328358],[-58.503,-51.454],[-58.5034887966805,-51.4538713692946],[-58.502,-51.447],[-58.53231578947368,-51.43878947368421],[-58.516,-51.429],[-58.53773152542372,-51.437322711864404],[-58.54098426023084,-51.436441762854145],[-58.523,-51.429],[-58.54872463768116,-51.43298550724638],[-58.51309319899244,-51.40464231738035],[-58.519,-51.42],[-58.4947985117344,-51.40850429307384],[-58.46633944954129,-51.43265137614679],[-58.457,-51.456],[-58.44270842332613,-51.452701943844495],[-58.44,-51.455],[-58.39200000000004,-51.44100000000001],[-58.366,-51.435],[-58.349,-51.462],[-58.33,-51.438],[-58.357,-51.433],[-58.33960305343513,-51.425717557251915],[-58.32,-51.42],[-58.32166096313283,-51.41820691479979],[-58.314,-51.415],[-58.3293807106599,-51.4098730964467],[-58.35056,-51.387009090909096],[-58.33,-51.38],[-58.377,-51.331],[-58.40737297577407,-51.325676901153],[-58.408,-51.325],[-58.421998194945836,-51.323113718411555],[-58.571,-51.297],[-58.637,-51.313],[-58.61976572064552,-51.34574513077351],[-58.622,-51.347],[-58.625562939297126,-51.34596805111821],[-58.64,-51.323],[-58.74058296800673,-51.31265432329074],[-58.89585538881306,-51.267682128240125],[-58.971,-51.233],[-58.88109740259741,-51.35748051948051],[-58.869,-51.376],[-58.919475504322904,-51.38002017291067],[-59.006,-51.385],[-59.021,-51.419],[-59.01825623652603,-51.420302125038496],[-59.02,-51.422],[-59.06848739495798,-51.417151260504205],[-59.094,-51.41],[-59.0995865633075,-51.414041343669254],[-59.1,-51.414],[-59.10018908272369,-51.414477208778834],[-59.141,-51.444],[-59.12,-51.478],[-58.99653654024051,-51.5047197039778],[-59.048,-51.514],[-59.04701470283703,-51.51538952164009],[-59.066,-51.518],[-59.03056375838926,-51.57824161073826],[-59.044,-51.584],[-59.08380538436588,-51.53378397664612],[-59.084,-51.532],[-59.08762563237775,-51.528964586846534],[-59.109,-51.502],[-59.11341868572425,-51.50737040264947],[-59.127,-51.496],[-59.11934981905911,-51.51457901085646],[-59.17356375838925,-51.58046979865771],[-59.179,-51.585],[-58.99395182884748,-51.6637828847481],[-58.996,-51.66625],[-59.049,-51.653],[-59.00525396825397,-51.677396825396826],[-59.01528571428572,-51.689480519480526],[-59.041,-51.7],[-59.005,-51.774],[-58.991239809580485,-51.776013686402855],[-58.98332644333571,-51.79068638631504],[-59.01177372262774,-51.80641605839416],[-59.043,-51.818],[-59.03277946768061,-51.77839543726236],[-59.022,-51.776],[-59.02812,-51.76034],[-59.027,-51.756],[-59.052,-51.693],[-59.054405446293494,-51.69308018154312],[-59.056,-51.689],[-59.07659363957596,-51.693819787985866],[-59.142,-51.696],[-59.21001680672269,-51.72016386554622],[-59.21,-51.72],[-59.232,-51.721],[-59.23476762402089,-51.72895691906005],[-59.294,-51.75],[-59.29360549132948,-51.754602601156066],[-59.305,-51.76],[-59.291799204771365,-51.775675944334004],[-59.291,-51.785],[-59.347,-51.78],[-59.35008176100629,-51.78836477987421],[-59.353,-51.788],[-59.37913503043719,-51.83719535141118],[-59.394629726206,-51.837467188179055],[-59.408,-51.812],[-59.44334650924024,-51.838321868583165],[-59.45215882352941,-51.83847647058823],[-59.447,-51.823],[-59.498,-51.836],[-59.516,-51.858],[-59.477399411187434,-51.87485377821394],[-59.522,-51.88],[-59.518694481830416,-51.88351211305518],[-59.539,-51.882],[-59.48950660792951,-51.91452422907489],[-59.477443493921655,-51.92734128770824],[-59.61,-51.917],[-59.615,-51.951],[-59.56884262948208,-51.956892430278884],[-59.533166666666666,-51.96666666666667],[-59.594,-51.985],[-59.65,-51.965],[-59.581368278109714,-51.99286040195546],[-59.57006405320266,-52.00455442772139],[-59.651,-51.999],[-59.63679478184609,-52.00901841701381],[-59.637,-52.009],[-59.571,-52.066],[-59.60224352331606,-52.07579274611399],[-59.641,-52.084],[-59.637992610837436,-52.087088669950745],[-59.63559761747187,-52.11582859033753],[-59.732,-52.097],[-59.708,-52.106],[-59.713840579710144,-52.110942028985505],[-59.72,-52.11],[-59.71651245551601,-52.11320284697509],[-59.734,-52.128],[-59.671166603702304,-52.15484699659992],[-59.64294412191582,-52.18076560232221],[-59.647,-52.182],[-59.64021465968587,-52.1832722513089],[-59.62355685618729,-52.19857023411372],[-59.632,-52.209],[-59.56486919831224,-52.20718565400844],[-59.582,-52.239],[-59.57348484089201,-52.23982786269105],[-59.583,-52.26],[-59.51632110643416,-52.24538544798557],[-59.51,-52.246],[-59.48056262729124,-52.2925300407332],[-59.498,-52.313],[-59.42992134831461,-52.3113595505618],[-59.417086956521736,-52.31563768115942],[-59.424,-52.331],[-59.364,-52.361],[-59.31,-52.35],[-59.296,-52.332],[-59.336,-52.347],[-59.354416666666665,-52.336527777777775],[-59.338,-52.342],[-59.36968073804864,-52.29687894883981],[-59.346,-52.268],[-59.35550454545455,-52.27009659090909],[-59.346195092024544,-52.255134969325155],[-59.341,-52.253],[-59.343891966759,-52.25143351800554],[-59.343,-52.25],[-59.356752577319575,-52.2444673539519],[-59.389,-52.227],[-59.329,-52.211],[-59.39,-52.218],[-59.41757578947369,-52.219998245614036],[-59.43,-52.215],[-59.41508559498956,-52.18330688935282],[-59.398,-52.18],[-59.42462256809338,-52.176369649805444],[-59.453,-52.164],[-59.437735735735735,-52.15322522522523],[-59.437,-52.153],[-59.43713513513514,-52.15280127186009],[-59.42888372093023,-52.14697674418605],[-59.409,-52.162],[-59.38,-52.156],[-59.40100283822138,-52.127296121097444],[-59.39753002070393,-52.124844720496895],[-59.372,-52.145],[-59.3653499222395,-52.12338724727838],[-59.3621346704871,-52.12459598853868],[-59.35,-52.161],[-59.30546078431372,-52.145901960784315]],[[-58.22506216006216,-51.84509013209013],[-58.225,-51.845],[-58.225106714413606,-51.84503008057296],[-58.22506216006216,-51.84509013209013]],[[-58.245,-51.874],[-58.214,-51.86],[-58.22506216006216,-51.84509013209013],[-58.245,-51.874]],[[-61.074,-51.942],[-61.0,-51.991],[-60.91661354581672,-51.94417529880478],[-60.881,-51.934],[-60.875611814345994,-51.92115124959429],[-60.87,-51.918],[-60.873502247912654,-51.916120745022475],[-60.868,-51.903],[-60.904815642458104,-51.89931843575419],[-60.907536515585,-51.89785845505195],[-60.906515500097484,-51.89534373172158],[-60.87,-51.89],[-60.895,-51.882],[-60.880095135135136,-51.83027135135135],[-60.854,-51.766],[-60.86205075726565,-51.767646745804335],[-60.861,-51.764],[-60.917,-51.779],[-60.895508412197685,-51.79315299684542],[-60.891,-51.826],[-60.93654353562006,-51.8448839050132],[-60.95,-51.843],[-60.9971419939577,-51.86356193353474],[-61.01495649285951,-51.86619030222517],[-60.938,-51.819],[-60.94607648183557,-51.81587954110899],[-60.938,-51.811],[-60.968,-51.781],[-60.97759418070444,-51.78437672281776],[-60.976,-51.778],[-61.039,-51.783],[-61.057766883002984,-51.812593930889314],[-61.11226299045599,-51.831774125132554],[-61.1,-51.809],[-61.167,-51.833],[-61.134639071938494,-51.83964950576606],[-61.147,-51.844],[-61.12878002378121,-51.85843400713436],[-61.134,-51.86],[-61.136,-51.904],[-61.04319608323134,-51.926234271725825],[-61.041432022297926,-51.9276317745432],[-61.074,-51.942]],[[-59.80402201811774,-51.26385115752391],[-59.839,-51.264],[-59.731,-51.315],[-59.724,-51.292],[-59.619,-51.305],[-59.588,-51.343],[-59.461,-51.352],[-59.47122005720414,-51.32618090811584],[-59.4461275862069,-51.323016091954024],[-59.423,-51.336],[-59.471451271186446,-51.28575423728813],[-59.487,-51.263],[-59.556,-51.295],[-59.584,-51.258],[-59.809,-51.263],[-59.80402201811774,-51.26385115752391]],[[-60.235,-51.338],[-60.285,-51.369],[-60.283503054989815,-51.3752016293279],[-60.285,-51.376],[-60.282542772861355,-51.37917994100295],[-60.27919409761634,-51.39305302416086],[-60.27131781557744,-51.39370635631155],[-60.268,-51.398],[-60.117,-51.408],[-60.115657216649645,-51.406618295393116],[-60.099,-51.408],[-60.10912678288431,-51.39989857369255],[-60.0483650793651,-51.33737566137568],[-60.044,-51.334],[-60.05240573512766,-51.331883662432396],[-60.079,-51.301],[-60.154805086556955,-51.30610226544133],[-60.261710249307505,-51.27918642659279],[-60.295,-51.267],[-60.28047940186918,-51.274460859813075],[-60.326,-51.263],[-60.126061224489796,-51.36],[-60.19320588235294,-51.36],[-60.194,-51.357],[-60.235,-51.338]],[[-60.316,-51.39],[-60.278,-51.398],[-60.27919409761634,-51.39305302416086],[-60.316,-51.39]],[[-58.555,-52.028],[-58.428,-52.103],[-58.422,-52.027],[-58.47,-52.027],[-58.424,-52.014],[-58.404,-51.996],[-58.484,-51.99],[-58.555,-52.028]]]},{"type":"Polygon","coordinates":[[[-59.82699999999999,-51.438],[-59.82431575793888,-51.43728699820252],[-59.81082978723403,-51.44034042553192],[-59.82699999999999,-51.438]]]},{"type":"Polygon","coordinates":[[[-59.596144606221046,-51.30979781601589],[-59.597,-51.31],[-59.59713234111022,-51.30911142397426],[-59.596144606221046,-51.30979781601589]]]},{"type":"Polygon","coordinates":[[[-60.77633613309241,-47.68021426755561],[-60.776,-47.68],[-60.319,-47.717],[-60.77633613309241,-47.68021426755561]]]},{"type":"Polygon","coordinates":[[[-60.582,-45.276],[-60.064,-44.89],[-59.618,-44.403],[-59.455455331718554,-44.12605287410644],[-59.51,-44.319],[-59.462,-44.614],[-59.648,-45.129],[-59.641,-45.596],[-59.428,-46.508],[-59.533,-46.826],[-60.444,-47.047],[-60.821144737505676,-47.20802809017096],[-60.888,-46.834],[-60.874,-46.695],[-60.689,-45.572],[-60.582,-45.276]]]},{"type":"Polygon","coordinates":[[[-78.34179870129869,-37.00922727272727],[-78.351,-37.011],[-79.076,-37.044],[-78.34179870129869,-37.00922727272727]]]},{"type":"Polygon","coordinates":[[[-84.05,-35.764],[-84.41,-35.261],[-84.656,-34.707],[-84.411,-35.257],[-84.05,-35.764]]]},{"type":"Polygon","coordinates":[[[-75.996,-32.324],[-75.78234931997137,-31.47236465044142],[-75.78,-31.463],[-75.58355765160996,-31.0057519399249],[-75.579,-31.223],[-75.524,-31.762],[-76.4577194082083,-33.86675575627675],[-76.25,-33.114],[-75.996,-32.324]]]},{"type":"Polygon","coordinates":[[[-77.36560587326122,-30.51999845440494],[-77.358,-30.522],[-76.749,-30.776],[-77.36560587326122,-30.51999845440494]]]},{"type":"Polygon","coordinates":[[[-78.764,-30.267],[-78.08,-30.332],[-78.07688680967595,-30.33281926061159],[-78.764,-30.267]]]},{"type":"Polygon","coordinates":[[[-80.001,-29.675],[-80.664,-29.6],[-80.6668405851817,-29.599245681925435],[-80.001,-29.675]]]},{"type":"Polygon","coordinates":[[[-81.5,-29.378],[-82.087,-29.104],[-82.1072489860111,-29.0900971635902],[-81.5,-29.378]]]},{"type":"Polygon","coordinates":[[[-121.132,-25.0],[-121.112,-24.55],[-121.13132989690722,-25.0],[-121.137,-25.132],[-121.132,-25.0]]]},{"type":"Polygon","coordinates":[[[-102.31,-24.712],[-102.016,-25.227],[-102.01555489892596,-25.22827367384265],[-102.31,-24.712]]]},{"type":"Polygon","coordinates":[[[-83.498,-24.961],[-83.193,-24.452],[-83.18397439422584,-24.44161161711638],[-83.498,-24.961]]]},{"type":"Polygon","coordinates":[[[-112.174,-24.854],[-111.708,-24.458],[-111.70701778463282,-24.45741213132299],[-112.174,-24.854]]]},{"type":"Polygon","coordinates":[[[-78.699,-23.152],[-77.923,-23.493],[-77.92000852073853,-23.49499624824992],[-78.699,-23.152]]]},{"type":"Polygon","coordinates":[[[-80.56863107214714,-22.94093963782696],[-80.564,-22.94],[-79.935,-22.913],[-80.56863107214714,-22.94093963782696]]]},{"type":"Polygon","coordinates":[[[-76.076,-19.844],[-77.08,-19.051],[-77.804,-18.544],[-79.1,-17.26],[-80.281,-16.277],[-81.18,-14.988],[-81.508,-14.37],[-82.321,-12.405],[-82.97,-10.996],[-83.021,-10.107],[-82.99961994672887,-9.391955996154392],[-82.917,-9.477],[-82.437,-9.822],[-81.985,-10.041],[-81.464,-10.947],[-81.387,-11.205],[-81.242,-11.524],[-81.209,-11.99],[-81.112,-12.477],[-80.969,-13.04],[-80.727,-13.57],[-80.38,-14.067],[-79.964,-14.483],[-79.805,-14.595],[-79.71,-14.962],[-79.275,-15.838],[-78.585,-16.787],[-77.975,-17.347],[-77.862,-17.505],[-77.419,-17.934],[-76.147,-18.793],[-75.282,-19.233],[-74.217,-19.681],[-73.975,-19.982],[-73.735,-20.209],[-73.775,-20.906],[-73.726,-21.371],[-73.745,-21.515],[-73.991,-22.022],[-74.174,-22.751],[-74.258,-23.59],[-74.2,-24.155],[-74.239,-24.649],[-74.394,-25.281],[-74.434,-25.962],[-74.503,-26.098],[-74.667,-26.66],[-74.687,-26.858],[-74.815,-27.279],[-75.177,-27.945],[-75.346,-28.506],[-75.404,-29.096],[-75.377,-29.46],[-75.43857382969857,-29.68685095152105],[-75.467,-29.455],[-75.437,-28.779],[-75.462,-28.253],[-75.239,-26.188],[-75.208,-25.362],[-75.121,-24.602],[-75.166,-23.473],[-74.97,-21.955],[-75.01,-21.357],[-75.254,-20.791],[-75.684,-20.327],[-76.076,-19.844]]]},{"type":"Polygon","coordinates":[[[-92.537,-4.157],[-93.063,-3.911],[-93.10927714714072,-3.8787277789676557],[-92.537,-4.157]]]},{"type":"Polygon","coordinates":[[[-90.396,5.0],[-90.309,4.572],[-90.39,4.935],[-90.39607266435986,5.0],[-90.444,5.513],[-90.396,5.0]]]},{"type":"Polygon","coordinates":[[[-108.063,7.149],[-108.63,7.0],[-109.215,6.95],[-108.631,7.0],[-108.063,7.149]]]},{"type":"Polygon","coordinates":[[[-85.7229292035398,10.807141592920352],[-85.68539324034336,10.802184012875538],[-85.67783832335326,10.792023952095757],[-85.663,10.768],[-85.657,10.674],[-85.68925233644859,10.623317757009364],[-85.7,10.61],[-85.69581818181818,10.613000000000005],[-85.699,10.608],[-85.654,10.639],[-85.633,10.617],[-85.69508671484158,10.55397257735779],[-85.812,10.517],[-85.8079507346586,10.510116248919623],[-85.811,10.509],[-85.77617010935602,10.445311057108146],[-85.876,10.357],[-85.87021666034636,10.351754645430413],[-85.873,10.349],[-85.83685674625208,10.313807884508607],[-85.856,10.293],[-85.85044378698224,10.259662721893491],[-85.853,10.251],[-85.84593401015228,10.2326040609137],[-85.841,10.203],[-85.82627413053835,10.181420581229167],[-85.795,10.1],[-85.68092835519677,9.964105953582232],[-85.67,9.904],[-85.66647182320442,9.90308950276243],[-85.666,9.901],[-85.62343260869568,9.891982608695658],[-85.31690675547098,9.812879162702187],[-85.28439575530587,9.789594257178528],[-85.12779012345678,9.577716049382701],[-85.111,9.554],[-85.06186682427109,9.658162332545302],[-85.04952918287934,9.666677042801583],[-84.994,9.699],[-84.99613133208256,9.703529080675422],[-84.994,9.705],[-85.00528657686948,9.732840222944729],[-84.96891364902507,9.731607242339834],[-84.955,9.728],[-84.95350573215217,9.731084940072956],[-84.951,9.731],[-84.865151675485,9.823835978835984],[-84.863,9.825],[-84.92335,9.83565],[-84.9085,9.850500000000002],[-84.906,9.852],[-84.90651612903227,9.852483870967742],[-84.906,9.853],[-84.934,9.884],[-84.92623529411765,9.914352941176451],[-84.922,9.926],[-84.92314678600488,9.926426200162735],[-84.923,9.927],[-84.92931984585739,9.928720402483401],[-85.06082580645162,9.977594265232975],[-85.041,9.982],[-85.085,9.99],[-85.07742842892767,9.983764588528672],[-85.15264056413699,10.011716991269301],[-85.185,10.035],[-85.17198901098901,10.038659340659342],[-85.159,10.03],[-85.15422010398613,10.043656845753901],[-85.153,10.044],[-85.1539001996008,10.044570858283432],[-85.152,10.05],[-85.23678183471934,10.113945621101871],[-85.24164788732394,10.162953722333919],[-85.24579050682046,10.225684817566812],[-85.22368508287293,10.200455801104969],[-85.215,10.182],[-85.20684435797666,10.181235408560312],[-85.197,10.17],[-85.089,10.167],[-85.08562438847618,10.164325602464217],[-85.079,10.137],[-85.04736750685647,10.13401580253363],[-84.882,10.003],[-84.785,9.978],[-84.848,9.966],[-84.74,9.967],[-84.71037170596394,9.921210818307912],[-84.732,9.893],[-84.70429974160206,9.863360723514205],[-84.63499922042487,9.775093743909574],[-84.64753750000001,9.72949999999999],[-84.68,9.65],[-84.6719273579379,9.640809607498532],[-84.676,9.626],[-84.6240293685756,9.586279588839927],[-84.615,9.576],[-84.5661511335013,9.542044080604558],[-84.536,9.519],[-84.53357249243659,9.519397952059576],[-84.533,9.519],[-84.26158800773695,9.474895551257257],[-84.2103478550789,9.461905090020004],[-84.175,9.394],[-84.17474938464981,9.393909375699266],[-84.174,9.391],[-83.94860074128235,9.310960263230877],[-83.624,9.035],[-83.6225531496063,9.030383858267726],[-83.624,9.0],[-83.66,9.065],[-83.625,8.954],[-83.608,8.968],[-83.623,8.92],[-83.62234545454545,8.919636363636359],[-83.627,8.908],[-83.59590601503758,8.889573934837093],[-83.611,8.885],[-83.60910564663024,8.881744080145719],[-83.617,8.883],[-83.58856701030928,8.846443298969074],[-83.58312509090908,8.837089999999998],[-83.61065565749236,8.814822629969418],[-83.652,8.795],[-83.6510896455872,8.712157748436413],[-83.65285611510791,8.703443165467627],[-83.711,8.686],[-83.7162952108649,8.652573981415317],[-83.736,8.592],[-83.587,8.453],[-83.57939605145079,8.451233921627278],[-83.567,8.44],[-83.53217244918908,8.440265859166495],[-83.33560890609874,8.3946123910939],[-83.291,8.374],[-83.29057443470941,8.38415277193251],[-83.277,8.381],[-83.28496020092736,8.518092349304517],[-83.284,8.541],[-83.34343589743591,8.56758974358975],[-83.40371358328211,8.600742470805157],[-83.4724373885918,8.705898172905531],[-83.464,8.717],[-83.346,8.729],[-83.32729233049277,8.69985920711374],[-83.33,8.684],[-83.30246420497362,8.66118462697814],[-83.294,8.648],[-83.27546463022507,8.645569131832797],[-83.237,8.627],[-83.2011544117647,8.635823529411764],[-83.172,8.632],[-83.12936721728082,8.595584498094027],[-83.15658921161825,8.578261410788379],[-83.15690981963928,8.578559118236468],[-83.152,8.609],[-83.178,8.607],[-83.16812592592592,8.588974074074061],[-83.18,8.6],[-83.14578441835647,8.548187833511227],[-83.13792058516196,8.533831765935215],[-83.145,8.531],[-83.094,8.449],[-83.11088505747125,8.42042528735635],[-83.145,8.367],[-83.14322238722852,8.365700575459442],[-83.146,8.361],[-82.96744995745998,8.22534186712043],[-82.89799804113615,8.048711067580802],[-82.899,8.026],[-82.8977772766243,8.025814738882469],[-84.20841117633789,5.231513812245877],[-84.221,5.253],[-84.505,5.496],[-84.81,5.701],[-85.523,6.332],[-86.165,7.112],[-86.733,7.876],[-87.813,8.917],[-88.108,9.16],[-89.0907675832255,9.799749461241827],[-88.011,10.27],[-87.372,10.647],[-86.748,10.952],[-86.294,11.086],[-85.976,11.097],[-85.848,11.043],[-85.70557916381082,11.073127484578478],[-85.68692626387175,11.063879408138098],[-85.68043076923077,11.048362393162394],[-85.69941535060013,11.040393556538218],[-85.729,11.049],[-85.757,11.024],[-85.73920085470087,11.011959401709404],[-85.6969027877055,10.973307719799855],[-85.721,10.959],[-85.714,10.925],[-85.79,10.939],[-85.794,10.909],[-85.813,10.946],[-85.885,10.95],[-85.864,10.927],[-85.951,10.89],[-85.9236666666667,10.883867521367533],[-85.79474926924327,10.849985384865217],[-85.793,10.815],[-85.7229292035398,10.807141592920352]],[[-85.138,10.073],[-85.093,10.096],[-85.195,10.121],[-85.183,10.083],[-85.138,10.073]]]},{"type":"Polygon","coordinates":[[[-111.809,8.141],[-112.15,8.614],[-112.15122922636104,8.616539448257477],[-111.809,8.141]]]},{"type":"Polygon","coordinates":[[[-106.033,9.134],[-106.286,8.61],[-106.28610374029641,8.60985603387436],[-106.033,9.134]]]},{"type":"Polygon","coordinates":[[[-85.07742842892767,9.983764588528672],[-85.06082580645162,9.977594265232975],[-85.068,9.976],[-85.07742842892767,9.983764588528672]]]},{"type":"Polygon","coordinates":[[[-93.73273939030737,11.477419404185527],[-94.482,11.671],[-94.934,11.874],[-95.431,12.003],[-96.153,12.138],[-96.65048028634362,12.319000452765541],[-96.532,12.308],[-95.94,12.351],[-95.683,12.374],[-95.029,12.548],[-94.385,11.942],[-93.98,11.635],[-93.73273939030737,11.477419404185527]]]},{"type":"Polygon","coordinates":[[[-106.59,12.432],[-106.254,11.954],[-106.2532159298142,11.952307555818443],[-106.59,12.432]]]},{"type":"Polygon","coordinates":[[[-60.367,14.566],[-59.99233255885564,14.121272793438402],[-59.875,13.982],[-59.439,13.362],[-59.4831178872856,13.192391233324258],[-59.48918787878788,13.195836363636365],[-59.591,13.33],[-59.61651663747811,13.330510332749562],[-59.62,13.335],[-59.62478756114605,13.330675751222921],[-59.641,13.331],[-59.658,13.299],[-59.639054613156816,13.170955316508131],[-59.633,13.102],[-59.525,13.045],[-59.519606805206664,13.05064759077415],[-59.592,12.77],[-59.794,12.34],[-59.674,12.049],[-59.062,12.183],[-58.255,12.043],[-57.598,11.869],[-57.108,11.662],[-56.653300182345326,11.214710105299702],[-56.489,11.439],[-56.65297728006094,11.214392465126613],[-56.433,10.998],[-54.886,9.993],[-54.216,9.673],[-53.271,9.331],[-52.621,8.974],[-52.238276473847456,8.701767091832362],[-52.862,8.963],[-53.574,9.162],[-54.234,9.283],[-54.82,9.335],[-55.776,9.322],[-56.096,9.737],[-56.871,10.508],[-57.106,10.693],[-57.105286078531364,10.693699643039265],[-57.156,10.695],[-57.114,10.976],[-57.979,11.062],[-59.70840637619678,12.013547837292684],[-60.289,12.333],[-60.372,12.959],[-60.363,13.303],[-60.2,13.722],[-60.0,14.114],[-61.004,14.273],[-61.399,14.188],[-62.228,14.154],[-62.814,14.081],[-62.814,14.489],[-60.59912781082594,15.270192013270139],[-60.367,14.566]],[[-60.939942890442886,14.671990675990676],[-60.9,14.698],[-60.94074141414144,14.740636363636396],[-60.941,14.741],[-60.93844280442804,14.74229889298893],[-60.891,14.735],[-60.873,14.772],[-60.91493584070798,14.754238938053087],[-60.878,14.773],[-60.958,14.746],[-60.99866314996233,14.790408440090449],[-61.029,14.831],[-61.06930304594732,14.842743933918424],[-61.165,14.88],[-61.17379410585405,14.873191659983961],[-61.18,14.875],[-61.19468567251462,14.857017543859648],[-61.227,14.832],[-61.22589969135802,14.818796296296298],[-61.229,14.815],[-61.225158558558554,14.809902702702699],[-61.224,14.796],[-61.17805128205128,14.727076923076927],[-61.18,14.692],[-61.092,14.599],[-61.063348044132404,14.604398194583752],[-61.01928814951736,14.60493551037174],[-60.99984978540774,14.567939914163116],[-60.993809815950925,14.552120946538123],[-60.99955715495343,14.549329381879764],[-61.03654639175258,14.545546391752579],[-61.053,14.562],[-61.07899348534202,14.541205211726385],[-61.081,14.541],[-61.083961538461544,14.537230769230765],[-61.088,14.534],[-61.087642172523964,14.532546325878597],[-61.103,14.513],[-61.078,14.473],[-61.072832853025936,14.472383465417868],[-61.072,14.469],[-61.05947368421052,14.47078947368421],[-60.91133270764899,14.453113561708118],[-60.899,14.448],[-60.885625954198474,14.46081679389313],[-60.87581690140845,14.466098591549295],[-60.886,14.405],[-60.838,14.411],[-60.809,14.459],[-60.827,14.568],[-60.83181034482757,14.571474137931029],[-60.89732333010649,14.624820425943854],[-60.883,14.666],[-60.91722535211267,14.668281690140844],[-60.939942890442886,14.671990675990676]],[[-56.856,10.938],[-56.852415917491925,10.94289271208868],[-56.8632199730094,10.930924426450792],[-56.856,10.938]]]},{"type":"Polygon","coordinates":[[[-62.753,16.614],[-62.402,17.112],[-62.374,17.283],[-62.38502254569334,17.370032183703625],[-62.009,17.154],[-61.90059912256649,17.058996983822315],[-61.891,17.026],[-61.8397670569237,17.005683488090433],[-61.576736315665116,16.775162164290776],[-61.386,16.608],[-60.966,16.082],[-60.76870263785183,15.701912434685147],[-60.899,15.665],[-61.324,15.734],[-61.442,15.787],[-61.748,15.603],[-62.814,15.065],[-62.814,15.842],[-62.405,16.128],[-62.053,16.431],[-61.829,16.686],[-62.09,16.863],[-62.198,16.888],[-62.753,16.614]],[[-61.213155385128374,15.946405468489493],[-61.261,16.013],[-61.27444971098266,16.001791907514452],[-61.278,16.005],[-61.30430120481928,15.976915662650597],[-61.309,15.973],[-61.310395705521465,15.97040797546013],[-61.337,15.942],[-61.324,15.888],[-61.28,15.867],[-61.26812361586471,15.875802496476746],[-61.246,15.872],[-61.187,15.91],[-61.19915592159201,15.926919728702394],[-61.195,15.93],[-61.213155385128374,15.946405468489493]],[[-61.617,15.852],[-61.636,15.871],[-61.651,15.847],[-61.617,15.852]],[[-61.574,16.233],[-61.57217857142858,16.23251020408164],[-61.547,16.221],[-61.54763352990733,16.225909856781804],[-61.485115030674855,16.209098159509203],[-61.465,16.196],[-61.4381553848192,16.20379772155252],[-61.17830384135348,16.246956455415337],[-61.171,16.246],[-61.173672652211856,16.24772564945962],[-61.166,16.249],[-61.20249365628605,16.266334486735875],[-61.298,16.328],[-61.356745272525025,16.339604004449388],[-61.366,16.344],[-61.405,16.473],[-61.46,16.514],[-61.461433155080215,16.512765894236484],[-61.464,16.515],[-61.49925423728814,16.48019774011299],[-61.532,16.452],[-61.530794007490634,16.449062325938733],[-61.542,16.438],[-61.494502325581394,16.354879069767442],[-61.50095278969958,16.345772532188832],[-61.55359721146399,16.283476633100953],[-61.607,16.275],[-61.60501886792453,16.292830188679236],[-61.602,16.304],[-61.64802079722704,16.322797227036396],[-61.731,16.362],[-61.736556451612906,16.358959677419353],[-61.744,16.362],[-61.7710284301607,16.340097651421505],[-61.784,16.333],[-61.783733512786,16.329802153432034],[-61.802,16.315],[-61.806,16.264],[-61.771,16.061],[-61.699,15.946],[-61.69227272727273,15.948018181818181],[-61.691,15.946],[-61.68445454545455,15.950363636363635],[-61.619,15.97],[-61.58148739495799,16.01900840336134],[-61.559,16.034],[-61.55998723529846,16.04709732162621],[-61.557,16.051],[-61.564471395881,16.10658718535462],[-61.574,16.233]]]},{"type":"Polygon","coordinates":[[[-107.92829643206016,16.997735640520506],[-107.925,17.002],[-107.764,17.31],[-107.561,17.069],[-107.113,16.678],[-106.175,16.135],[-106.13867927294048,16.058601229288605],[-106.153,16.065],[-107.065,16.567],[-107.92829643206016,16.997735640520506]]]},{"type":"Polygon","coordinates":[[[-63.06567700724935,17.873240459581453],[-63.052,17.867],[-62.75665965566958,17.643728352132985],[-62.77,17.643],[-63.021,17.735],[-63.107,17.815],[-63.286,17.874],[-63.22889354181459,17.94771188219677],[-63.06567700724935,17.873240459581453]]]},{"type":"Polygon","coordinates":[[[-63.634,17.948],[-63.887,17.939],[-63.851941396355805,18.142196804794942],[-63.578,18.107],[-63.439301590580456,18.04371555463747],[-63.23324215403444,17.949696039863625],[-63.286,17.874],[-63.634,17.948]]]},{"type":"Polygon","coordinates":[[[-63.856580797938406,18.14279288889921],[-63.898,17.964],[-64.261,18.034],[-64.634,18.051],[-64.66085187277226,18.277749147854543],[-64.224,18.19],[-63.856580797938406,18.14279288889921]]]},{"type":"Polygon","coordinates":[[[-59.07921767130347,19.81651056156622],[-59.04,19.776],[-58.689,19.287],[-59.07921767130347,19.81651056156622]]]},{"type":"Polygon","coordinates":[[[-60.017,20.611],[-59.495,20.246],[-59.10686343115119,19.845067720090245],[-59.515,20.239],[-60.018,20.578],[-60.683,20.871],[-60.74298142824,20.909770786774228],[-61.636,21.487],[-60.736,20.922],[-60.323,20.767],[-60.017,20.611]]]},{"type":"Polygon","coordinates":[[[-70.5078801387274,21.726629067791425],[-70.572,21.642],[-70.787,21.288],[-71.17,20.988],[-71.451,20.891],[-71.679,20.753],[-71.926,20.656],[-72.204,20.594],[-72.423,20.723],[-73.0,20.52],[-73.593,20.376],[-74.585,21.059],[-75.46,21.378],[-75.921,21.452],[-76.478,21.743],[-77.053,21.93],[-78.115,22.596],[-79.748,23.256],[-80.259,23.438],[-80.559,23.497],[-81.035,23.784],[-81.224,23.94],[-81.033,24.14],[-80.763,24.321],[-80.205,24.544],[-79.909,24.858],[-79.725,25.11],[-79.72847371885086,25.291328124015376],[-80.03197781444811,25.328678217821782],[-80.319,25.364],[-80.03,25.331],[-79.72850459648822,25.292939936685393],[-79.735,25.632],[-79.693,25.906],[-79.59,26.192],[-79.572,27.27],[-79.495,27.549],[-79.172,28.287],[-78.39457142857142,28.287],[-78.341,28.212],[-78.4,28.111],[-78.339,28.016],[-78.353,27.97],[-78.463,27.922],[-78.511,27.827],[-78.423,27.778],[-78.325,27.638],[-78.25,27.612],[-78.219,27.529],[-78.119,27.449],[-78.099,27.355],[-77.897,27.289],[-77.774,27.187],[-77.68,27.169],[-77.317,26.882],[-77.132,26.822],[-77.003,26.693],[-76.869,26.638],[-76.845,26.598],[-76.887,26.502],[-76.947,26.465],[-76.988,26.315],[-77.129,26.126],[-77.1208206255275,26.04788697378756],[-75.972,25.324],[-75.477,25.056],[-75.361,24.69],[-75.019,24.355],[-74.793,23.934],[-74.616,23.705],[-74.2,23.349],[-73.737,22.8],[-72.545,22.289],[-72.25720423369444,22.274610211684724],[-72.005,22.262],[-71.561,22.167],[-71.085,21.966],[-70.679,21.871],[-70.5078801387274,21.726629067791425]],[[-71.912,21.943],[-71.92466371681415,21.945814159292034],[-71.925,21.948],[-71.933,21.947666666666667],[-71.993,21.961],[-72.03718604651162,21.94332558139535],[-72.045,21.943],[-72.04294565217391,21.941021739130434],[-72.048,21.939],[-72.015,21.871],[-72.043,21.848],[-71.923,21.79],[-71.862,21.817],[-71.87496315250768,21.831488229273287],[-71.861,21.837],[-71.91289554612938,21.881207317073162],[-71.912,21.943]],[[-71.908,21.943],[-71.874,21.853],[-71.872,21.917],[-71.908,21.943]],[[-71.545,21.515],[-71.526,21.485],[-71.493,21.5],[-71.496,21.573],[-71.503,21.515],[-71.545,21.515]],[[-72.479,21.623],[-72.423,21.71],[-72.464,21.697],[-72.479,21.623]],[[-72.129,21.811],[-72.152,21.828],[-72.208,21.783],[-72.255,21.79],[-72.334,21.866],[-72.356,21.755],[-72.267,21.738],[-72.253,21.767],[-72.168,21.762],[-72.129,21.811]],[[-72.107,21.865],[-72.136,21.842],[-72.079,21.878],[-72.107,21.865]],[[-71.625,21.3],[-71.634,21.329],[-71.636,21.28],[-71.625,21.3]],[[-71.693,21.287],[-71.664,21.305],[-71.727,21.297],[-71.693,21.287]],[[-71.84666573191251,21.832808749298934],[-71.851,21.818],[-71.914,21.785],[-71.866,21.775],[-71.878,21.742],[-71.839,21.716],[-71.793,21.768],[-71.817,21.738],[-71.711,21.715],[-71.728,21.702],[-71.637,21.715],[-71.64627272727273,21.745393939393935],[-71.644,21.744],[-71.665,21.83],[-71.67227568781584,21.830625865618565],[-71.673,21.833],[-71.69765333333334,21.832808888888888],[-71.81720090293454,21.843092550790068],[-71.839,21.859],[-71.84300613967767,21.845312356101303],[-71.851,21.846],[-71.84666573191251,21.832808749298934]],[[-71.556,21.739],[-71.582,21.762],[-71.61,21.739],[-71.615,21.773],[-71.617,21.707],[-71.659,21.682],[-71.564,21.658],[-71.584,21.605],[-71.534,21.586],[-71.491,21.642],[-71.486,21.605],[-71.461,21.702],[-71.556,21.739]],[[-78.429,26.409],[-78.22396442863494,26.500651845264564],[-78.232,26.504],[-78.429,26.409]],[[-77.18804827795172,26.053777093222866],[-77.16630060594585,26.221280439310743],[-77.12541791044778,26.269865671641774],[-77.09872602739725,26.291219178082194],[-77.07049367088608,26.30092405063291],[-77.051,26.287],[-77.05008013937282,26.287439024390245],[-77.053,26.267],[-77.02258448060076,26.300561952440553],[-77.007,26.308],[-77.01012507963475,26.314310256954766],[-76.995,26.331],[-77.02049480968859,26.335249134948096],[-77.02748537234044,26.34936469414894],[-77.001,26.381],[-77.026,26.376],[-77.0569449976292,26.432429113323845],[-77.048,26.517],[-77.05572311495675,26.521826946847963],[-77.055,26.536],[-77.022,26.556],[-77.073,26.543],[-77.173,26.609],[-77.265,26.621],[-77.29406498088797,26.66227227286092],[-77.27865532676813,26.674202327663384],[-77.249,26.677],[-77.27136499674691,26.679846454131425],[-77.266,26.684],[-77.50442790697674,26.859683720930228],[-77.547,26.897],[-77.55567607387424,26.897445528117863],[-77.589,26.922],[-77.58504923652228,26.898953879713304],[-77.5859656793606,26.89900094029149],[-77.587,26.905],[-77.828,26.916],[-77.8046207560378,26.910229173958697],[-77.917,26.916],[-77.96,26.892],[-77.835,26.91],[-77.654,26.86],[-77.54,26.865],[-77.45236311415302,26.764008922023947],[-77.42670447578172,26.69671551195584],[-77.425,26.687],[-77.42303741616661,26.68709812919167],[-77.423,26.687],[-77.42264705882353,26.687117647058823],[-77.365,26.69],[-77.345,26.605],[-77.32237209302325,26.59853488372093],[-77.313,26.594],[-77.31197510373444,26.5955643153527],[-77.30321212121211,26.593060606060607],[-77.306,26.584],[-77.24707865168538,26.577022471910112],[-77.19063157894738,26.560894736842105],[-77.228,26.531],[-77.20219233110164,26.475083384053566],[-77.226,26.442],[-77.2256409495549,26.438624925816026],[-77.259,26.431],[-77.239,26.411],[-77.2254023668639,26.43638224852072],[-77.2223940023753,26.408103622327793],[-77.242,26.401],[-77.23315789473685,26.396873684210526],[-77.255,26.396],[-77.275,26.386],[-77.261,26.362],[-77.241,26.382],[-77.244,26.33],[-77.2303046237534,26.395542157751585],[-77.22057462686567,26.39100149253731],[-77.216,26.348],[-77.25058964143426,26.319175298804783],[-77.256,26.317],[-77.25173420074348,26.3172843866171],[-77.226,26.248],[-77.24153191489361,26.223148936170208],[-77.261,26.204],[-77.25335059760957,26.2042390438247],[-77.256,26.2],[-77.23578991596638,26.17105042016807],[-77.238,26.16],[-77.22608665681929,26.157151157065485],[-77.219,26.147],[-77.405,26.022],[-77.39033424958768,26.016162177020338],[-77.407,26.005],[-77.33992454663213,25.996096178756478],[-77.302,25.981],[-77.29057564679415,25.96412710911135],[-77.285,25.922],[-77.24889371744793,25.890931803385424],[-77.199,25.848],[-77.19703392614409,25.88494149297689],[-77.211,25.877],[-77.20861592635212,25.895362439585732],[-77.19623882288927,25.89988106465947],[-77.18804827795172,26.053777093222866]],[[-77.12506422018346,25.92586544342509],[-77.111,25.931],[-77.11123333866071,25.933730062330188],[-77.12506422018346,25.92586544342509]],[[-77.892,25.818],[-77.89,25.764],[-77.882,25.793],[-77.864,25.731],[-77.812,25.692],[-77.82,25.741],[-77.892,25.818]],[[-79.247,25.692],[-79.29498561774389,25.717350892393],[-79.307,25.697],[-79.247,25.692]],[[-79.27313729977115,25.75435926773457],[-79.3,25.72],[-79.29498561774389,25.717350892393],[-79.27313729977115,25.75435926773457]],[[-79.257,25.775],[-79.273,25.729],[-79.24,25.733],[-79.258,25.78],[-79.27313729977115,25.75435926773457],[-79.257,25.775]],[[-76.144,24.609],[-76.1664642857143,24.669785714285734],[-76.181,24.757],[-76.15035135135135,24.82194594594594],[-76.139,24.841],[-76.13982249725834,24.844257089143035],[-76.139,24.846],[-76.15580229788426,24.96559282611741],[-76.15423147699758,24.970496852300254],[-76.11701901140684,25.044076045627374],[-76.115,25.036],[-76.1148659429437,25.048333249179496],[-76.112,25.054],[-76.11450485436893,25.081553398058283],[-76.114,25.128],[-76.11976638655462,25.131712605042008],[-76.347,25.343],[-76.36252487336019,25.344646577477594],[-76.367,25.35],[-76.3829405940594,25.34681188118812],[-76.47028701229289,25.356075895243183],[-76.48641200324413,25.362809407948095],[-76.61093227091628,25.46040637450195],[-76.627,25.475],[-76.6285046210721,25.47417929759704],[-76.664,25.502],[-76.6688526863085,25.499282495667245],[-76.678,25.516],[-76.68697211538462,25.511658653846155],[-76.68390495867769,25.54744214876033],[-76.666,25.55],[-76.68334660766962,25.553956243854476],[-76.683,25.558],[-76.70274151857835,25.558379644588044],[-76.723,25.563],[-76.72483551847438,25.55880452920143],[-76.735,25.559],[-76.77223671497582,25.450458937198135],[-76.793,25.403],[-76.75411446153846,25.423368615384614],[-76.619,25.43],[-76.513,25.352],[-76.3597389195149,25.318809702315328],[-76.323,25.255],[-76.29358631921825,25.232334163632885],[-76.254,25.178],[-76.18395644561174,25.147854672794924],[-76.17418296529968,25.14032334384857],[-76.14795744680852,25.022308510638354],[-76.14719877630205,25.007008655424556],[-76.18273993808045,24.974820433436577],[-76.199,24.962],[-76.218,24.884],[-76.21014847161572,24.872222707423578],[-76.211,24.866],[-76.20783098591549,24.868746478873238],[-76.192,24.845],[-76.1929397993311,24.881652173913043],[-76.19023076923077,24.884],[-76.17973684210526,24.884],[-76.175,24.854],[-76.19708872260823,24.825161945483696],[-76.21,24.822],[-76.21625818116073,24.80774525402278],[-76.338,24.825],[-76.33166492146596,24.820738219895286],[-76.348,24.827],[-76.20340340909091,24.672480113636357],[-76.202,24.668],[-76.1952817679558,24.66380110497238],[-76.144,24.609]],[[-75.764,24.672],[-75.74101920146296,24.656532154830845],[-75.744,24.646],[-75.65878213802435,24.591851150202977],[-75.651,24.527],[-75.64308639605046,24.52505403181569],[-75.643,24.524],[-75.61033333333333,24.517],[-75.59,24.512],[-75.52724242424247,24.399696969697054],[-75.471,24.294],[-75.44922716736208,24.286988409828464],[-75.41289333770922,24.25847325237939],[-75.416,24.201],[-75.43894606413994,24.186861516034984],[-75.535,24.148],[-75.467,24.111],[-75.43190499106284,24.141477244603326],[-75.39990823896916,24.142046075751658],[-75.295,24.135],[-75.29978969830363,24.143825960919045],[-75.29,24.144],[-75.319,24.223],[-75.36688762071992,24.26746707638279],[-75.384,24.299],[-75.49652515791766,24.398478762796763],[-75.607,24.551],[-75.62485677308025,24.620366695427123],[-75.626,24.635],[-75.62919012038189,24.637200083021995],[-75.633,24.652],[-75.69384021543985,24.681786355475765],[-75.713,24.695],[-75.71707557003256,24.693161997828447],[-75.729,24.699],[-75.73263867684479,24.686143341815097],[-75.764,24.672]],[[-75.121,23.854],[-75.113,23.808],[-75.095,23.84],[-75.121,23.854]],[[-76.065,23.72],[-76.059,23.67],[-76.037,23.697],[-76.065,23.72]],[[-74.835,23.71],[-74.95,23.656],[-74.81,23.64],[-74.794,23.692],[-74.835,23.71]],[[-75.22700840336134,23.173925210084032],[-75.23,23.174],[-75.22791654338178,23.173047341397613],[-75.229,23.172],[-75.101,23.095],[-75.02719955371374,23.08126968441186],[-74.9615858173404,23.051267864434458],[-74.95692258064521,23.042432258064625],[-74.882,22.885],[-74.88488943488943,22.905948402948408],[-74.877,22.891],[-74.87572888425443,22.890171011470283],[-74.861,22.856],[-74.839,22.861],[-74.83961037639878,22.86661546286877],[-74.831,22.861],[-74.85,23.004],[-74.925,23.087],[-74.97201030927845,23.105934707903817],[-75.062,23.145],[-75.09745389048992,23.314805475504347],[-75.1,23.33],[-75.11138055410348,23.346932043910066],[-75.18729572484732,23.47989081752921],[-75.197,23.531],[-75.25718555436282,23.602296733629807],[-75.277,23.637],[-75.29467735334242,23.646710095497955],[-75.327,23.685],[-75.33278571428572,23.667642857142855],[-75.348,23.676],[-75.3331224489796,23.666632653061225],[-75.349,23.619],[-75.33916216216217,23.626308108108105],[-75.346,23.614],[-75.33710546875001,23.627835937499995],[-75.33018135376756,23.63297956577267],[-75.336,23.621],[-75.31318439425051,23.625697330595482],[-75.31190927835051,23.595519587628857],[-75.32,23.569],[-75.30650153846152,23.57492615384616],[-75.277,23.581],[-75.27661867704266,23.57990272373501],[-75.228,23.435],[-75.20323159144893,23.41829572446555],[-75.14713813965213,23.36914166876733],[-75.159,23.351],[-75.1307095501184,23.353926598263612],[-75.1085919883995,23.27218778321551],[-75.157,23.232],[-75.13622775552847,23.204723315340416],[-75.14,23.196],[-75.068,23.112],[-75.07547678324443,23.114173483501286],[-75.19791657866948,23.1994591341077],[-75.199,23.201],[-75.19947270214236,23.200543054595713],[-75.203,23.203],[-75.22,23.181],[-75.21975675675675,23.180935135135137],[-75.22700840336134,23.173925210084032]],[[-75.519,23.404],[-75.659,23.46],[-75.614,23.415],[-75.519,23.404]],[[-75.846,23.476],[-75.805,23.466],[-75.827,23.492],[-75.846,23.476]],[[-75.658,23.439],[-75.66139049103663,23.440243180046764],[-75.828,23.544],[-75.908,23.64],[-75.989,23.685],[-75.99127563835981,23.684260417533064],[-75.999,23.691],[-76.03,23.676],[-76.03269367088608,23.671037974683546],[-76.058,23.662],[-76.04570479704797,23.64707011070111],[-76.049,23.641],[-76.00475618374557,23.620818610129557],[-76.002,23.615],[-76.0199890390939,23.60246218487395],[-76.022,23.603],[-76.02840000000003,23.59659999999997],[-76.035,23.592],[-76.03314285714286,23.591857142857144],[-76.043,23.582],[-76.0283375,23.5914875],[-75.95901408450706,23.586154929577468],[-75.936,23.58],[-75.851,23.518],[-75.83129088426085,23.516077159440083],[-75.81919179389313,23.5086784351145],[-75.829,23.503],[-75.8050749306198,23.497827012025905],[-75.806,23.471],[-75.78964311521477,23.46750301083902],[-75.789,23.46],[-75.658,23.439]],[[-77.961,24.143],[-77.868,24.172],[-77.844,24.222],[-77.874,24.237],[-77.803,24.254],[-77.898,24.263],[-77.921,24.219],[-77.875,24.241],[-77.927,24.165],[-77.973,24.163],[-77.923,24.205],[-77.991,24.186],[-77.961,24.143]],[[-77.981,24.198],[-77.917,24.259],[-78.035,24.232],[-77.981,24.198]],[[-78.027,24.236],[-77.957,24.278],[-78.0299679218968,24.240529986052998],[-78.027,24.236]],[[-78.03477952755908,24.247874015748067],[-78.031,24.24],[-78.0299679218968,24.240529986052998],[-78.03477952755908,24.247874015748067]],[[-78.043,24.265],[-78.005,24.278],[-78.01368214285714,24.283617857142858],[-78.008,24.285],[-77.97080155642024,24.339867704280156],[-77.923,24.308],[-77.939,24.322],[-77.8846463878327,24.365482889733837],[-77.871,24.369],[-77.86879357798165,24.378165137614687],[-77.864,24.382],[-77.8674288439527,24.3838340328119],[-77.85884906531273,24.419473113316407],[-77.734,24.457],[-77.72755441741357,24.472039692701664],[-77.725,24.473],[-77.7257204116638,24.476319039451116],[-77.725,24.478],[-77.7260514603616,24.47784422809458],[-77.72688287560581,24.481674676898223],[-77.716,24.485],[-77.72,24.512],[-77.7430265129683,24.556050720461084],[-77.753,24.602],[-77.75071661569827,24.61945158002039],[-77.744,24.628],[-77.7475975975976,24.643289789789794],[-77.739,24.709],[-77.843,24.794],[-77.931,24.971],[-77.93896798853321,24.975687052078356],[-77.94,24.981],[-77.965,24.992],[-77.96507015130675,24.991041265474557],[-77.982,25.001],[-77.98208978930307,25.014019448946524],[-77.959,25.058],[-77.98246638819998,25.068626288996214],[-77.983,25.146],[-78.0068031048115,25.15192479028059],[-78.025,25.18],[-78.067,25.18],[-78.05918017656501,25.16496187800963],[-78.15581699871466,25.189015584832905],[-78.15,25.19],[-78.22,25.205],[-78.224,25.154],[-78.18541767720966,25.123727715964495],[-78.17729831144466,25.099514607343878],[-78.18,25.099],[-78.17107518189168,25.08095634599838],[-78.156,25.036],[-78.193,24.949],[-78.177,24.917],[-78.24368744271311,24.81567644362969],[-78.275,24.798],[-78.25004136815346,24.806022417379243],[-78.26930714370617,24.776750386306908],[-78.295,24.783],[-78.2728352303523,24.771389882565494],[-78.28020771454202,24.760188278680353],[-78.308,24.772],[-78.333,24.714],[-78.32930598669623,24.71128381374723],[-78.359,24.695],[-78.34842409638554,24.661761445783135],[-78.35029967776585,24.66195381310419],[-78.371,24.709],[-78.383,24.676],[-78.35609677419356,24.662548387096777],[-78.38,24.665],[-78.38039042974702,24.664673575129534],[-78.389,24.668],[-78.465,24.597],[-78.399,24.545],[-78.39713226232395,24.572393485915494],[-78.39020608108108,24.565824324324325],[-78.38,24.525],[-78.208,24.43],[-78.16223076923077,24.482230769230767],[-78.13862717770036,24.494964285714282],[-78.183,24.404],[-78.131,24.367],[-78.11515657036347,24.392745573159367],[-78.11495789473683,24.392631578947366],[-78.111,24.358],[-78.08310233918128,24.37435380116959],[-78.08276613657624,24.374160898035548],[-78.103,24.352],[-78.03477952755908,24.247874015748067],[-78.043,24.265]],[[-78.468,24.63],[-78.43,24.667],[-78.48,24.66],[-78.468,24.63]],[[-77.359,25.08],[-77.37389835082458,25.078277061469265],[-77.433,25.082],[-77.45628283937067,25.068749603610193],[-77.506,25.063],[-77.561,25.021],[-77.55513327964566,25.012493255486206],[-77.556,25.012],[-77.55455127867124,25.011649354073295],[-77.541,24.992],[-77.459,24.987],[-77.45607614120512,24.98781460742544],[-77.399,24.974],[-77.259,25.031],[-77.26882101995565,25.039985188470066],[-77.258,25.043],[-77.28154339477726,25.05162480798771],[-77.306,25.074],[-77.35022641994347,25.076785916216913],[-77.359,25.08]],[[-77.326,25.09],[-77.354,25.087],[-77.29,25.08],[-77.326,25.09]],[[-76.82,24.628],[-76.817,24.586],[-76.81,24.648],[-76.82,24.628]],[[-77.718,24.423],[-77.788,24.38],[-77.807,24.314],[-77.683,24.337],[-77.718,24.423]],[[-77.868,24.313],[-77.828,24.352],[-77.884,24.348],[-77.868,24.313]],[[-77.865,25.405],[-77.826,25.441],[-77.912,25.407],[-77.865,25.405]],[[-76.775,25.548],[-76.812,25.543],[-76.744,25.538],[-76.775,25.548]],[[-74.283,22.69],[-74.28202030456853,22.69097969543147],[-74.281,22.689],[-74.24493343419061,22.7124432677761],[-74.246,22.7],[-74.191,22.68],[-74.17794255713403,22.682331686226064],[-74.158,22.672],[-74.103,22.688],[-74.089,22.657],[-74.06329310344832,22.67836206896548],[-74.005,22.72],[-74.13131476323122,22.729220055710307],[-74.138,22.73],[-74.219,22.808],[-74.316,22.839],[-74.31743250688704,22.838104683195592],[-74.323,22.84],[-74.35,22.83],[-74.34374468085106,22.821659574468086],[-74.348,22.819],[-74.28288895281933,22.69266513233601],[-74.283,22.69]],[[-74.287,22.223],[-74.294,22.166],[-74.198,22.211],[-74.19363366336633,22.216683168316834],[-74.181,22.223],[-74.11837182448036,22.297557351809086],[-74.0,22.33],[-73.99103757115749,22.34122125237192],[-73.977,22.346],[-73.868,22.469],[-73.829,22.539],[-73.859,22.663],[-73.88183544303797,22.682493670886075],[-73.88117647058823,22.684470588235296],[-73.868,22.675],[-73.858,22.73],[-73.87313704318937,22.728149916943522],[-73.873,22.73],[-73.8740927152318,22.728033112582782],[-73.93526688102894,22.720556270096463],[-73.958,22.729],[-73.963,22.707],[-73.94065462274176,22.70492136025505],[-73.93989355168884,22.70346264073695],[-73.963,22.704],[-73.978,22.67],[-74.03,22.69],[-73.99806387225549,22.657065868263473],[-73.99847258979206,22.65670699432893],[-74.048,22.626],[-73.988,22.581],[-73.95716573971079,22.59366407119021],[-73.92431521739131,22.598510869565217],[-73.91791860465118,22.593941860465122],[-73.87792708988059,22.52829541169078],[-73.876,22.521],[-73.903,22.48],[-74.003,22.453],[-74.01,22.409],[-74.093,22.395],[-74.085,22.353],[-74.195,22.298],[-74.20977684463108,22.234546490701835],[-74.21483460471566,22.22492441054092],[-74.287,22.223]],[[-73.533,22.616],[-73.563,22.612],[-73.47,22.592],[-73.533,22.616]],[[-73.603,22.59],[-73.597,22.613],[-73.621,22.609],[-73.63,22.578],[-73.603,22.59]],[[-72.952,22.422],[-72.94592714025501,22.40985428051002],[-73.134,22.454],[-73.14800000000001,22.407999999999976],[-73.17,22.364],[-73.058,22.334],[-73.04819512195122,22.340536585365854],[-72.88610729613734,22.35998712446352],[-72.88444444444436,22.358777777777718],[-72.788,22.283],[-72.78444902634594,22.286053837342497],[-72.783,22.285],[-72.76080701754385,22.306385964912284],[-72.738,22.326],[-72.73946746347941,22.32694953519256],[-72.728,22.338],[-72.79589189189188,22.36345945945946],[-72.823,22.381],[-72.87557593123209,22.393340974212034],[-72.952,22.422]],[[-75.733,22.172],[-75.708,22.182],[-75.741,22.232],[-75.733,22.172]],[[-74.365,22.55],[-74.283,22.668],[-74.375,22.582],[-74.365,22.55]],[[-72.991,21.559],[-73.02,21.54],[-73.078,21.508],[-73.056,21.424],[-72.914,21.499],[-72.991,21.559]],[[-73.003,21.312],[-73.02164920180107,21.313391731477694],[-73.022,21.339],[-73.07,21.318],[-73.16255828315578,21.176385826771657],[-73.19813578969158,21.161009107845164],[-73.29024100840336,21.147944537815125],[-73.32412359550563,21.159764044943824],[-73.391,21.235],[-73.43252478972997,21.191543824701196],[-73.47404559270515,21.188115501519757],[-73.519,21.186],[-73.52036208368916,21.18429120409906],[-73.536,21.183],[-73.57,21.13],[-73.64575531303848,21.11470993681792],[-73.668,21.114],[-73.66702292490119,21.11041739130435],[-73.679,21.108],[-73.654,21.048],[-73.723,21.021],[-73.684,20.931],[-73.67320754716981,20.930719676549867],[-73.647,20.912],[-73.62422156315422,20.929447313328684],[-73.50123128834356,20.926252760736197],[-73.491,20.924],[-73.48446634615384,20.92581730769231],[-73.453,20.925],[-73.31897212780422,20.94592794017675],[-73.318,20.945],[-73.16,20.965],[-73.15609431407941,20.971360688499228],[-73.152,20.972],[-73.021,21.175],[-73.003,21.312]],[[-77.71637612732094,23.73137188328912],[-77.651,23.702],[-77.631,23.729],[-77.645,23.747],[-77.623,23.736],[-77.623,23.708],[-77.62,23.732],[-77.61463636363636,23.73181818181818],[-77.605,23.727],[-77.59687978786094,23.731216263995286],[-77.561,23.73],[-77.56599428068633,23.74725296964364],[-77.553,23.754],[-77.55221072796935,23.75770957854406],[-77.547,23.755],[-77.53,23.789],[-77.54331342651419,23.79952689538332],[-77.543,23.801],[-77.56003174603168,23.81274603174598],[-77.5705871234495,23.82109214412286],[-77.55909982688979,23.821841315637624],[-77.53,23.797],[-77.52835634743876,23.82384632516704],[-77.526,23.824],[-77.517,23.928],[-77.52205325443786,23.92679684418146],[-77.521,23.944],[-77.52918773135906,23.9719222633527],[-77.548,24.119],[-77.58462817679559,24.160988397790064],[-77.599,24.21],[-77.61257760814249,24.19302798982189],[-77.63,24.213],[-77.64092523364486,24.157593457943925],[-77.679,24.11],[-77.68174935400516,24.098857881136958],[-77.7127564469914,24.0634212034384],[-77.703,24.107],[-77.667,24.127],[-77.696,24.142],[-77.681,24.161],[-77.72,24.153],[-77.697,24.143],[-77.71627825159915,24.120755863539443],[-77.756,24.129],[-77.728,24.152],[-77.72890909090908,24.15236363636364],[-77.722,24.158],[-77.73599999999999,24.1552],[-77.74605405405404,24.159221621621622],[-77.642,24.21],[-77.706,24.167],[-77.662,24.169],[-77.633,24.206],[-77.621,24.235],[-77.64572074882996,24.244758190327612],[-77.66107407407408,24.270740740740745],[-77.664,24.3],[-77.67525011266336,24.294730959891844],[-77.676,24.296],[-77.68854002389486,24.28850657108722],[-77.822,24.226],[-77.83448924731182,24.201293010752693],[-77.84,24.198],[-77.877,24.141],[-77.916,24.14],[-77.91513708820403,24.13771944739639],[-77.92,24.138],[-77.90652839506173,24.11496790123457],[-77.902,24.103],[-77.938,24.096],[-77.91506968799818,24.07864153951264],[-77.93,24.075],[-77.89650834984432,24.06459043305972],[-77.86255593220339,24.03888813559322],[-77.867,24.03],[-77.82694331185058,23.98713231619098],[-77.82125978647687,23.948088967971522],[-77.824,23.943],[-77.8204795667159,23.942729197439686],[-77.80907427258806,23.8643797856049],[-77.81,23.864],[-77.8089832617055,23.863754580411673],[-77.808,23.857],[-77.79120497630332,23.85946327014218],[-77.781,23.857],[-77.799,23.837],[-77.70090647482014,23.854482014388488],[-77.763,23.819],[-77.75000518134715,23.80639896373057],[-77.767,23.803],[-77.72200884955751,23.777601769911502],[-77.739,23.781],[-77.73970653266332,23.78038894472362],[-77.745,23.782],[-77.75027423822715,23.774653739612187],[-77.751,23.783],[-77.789,23.79],[-77.778,23.768],[-77.75982761437908,23.762986928104574],[-77.776,23.749],[-77.76993617021276,23.747267477203646],[-77.773,23.743],[-77.71637612732094,23.73137188328912]],[[-78.174,27.034],[-78.23,26.99],[-78.221,26.942],[-78.174,27.034]],[[-77.57,26.273],[-77.537,26.304],[-77.58,26.332],[-77.57,26.273]],[[-77.315,26.341],[-77.292,26.346],[-77.283,26.306],[-77.287,26.356],[-77.315,26.341]],[[-77.265,26.445],[-77.238,26.44],[-77.233,26.473],[-77.282,26.474],[-77.265,26.445]],[[-77.898,26.607],[-77.865,26.558],[-77.83,26.619],[-77.875,26.588],[-77.842,26.616],[-77.898,26.607]],[[-77.883,26.63],[-77.869,26.659],[-77.918,26.633],[-77.883,26.63]],[[-77.318,26.523],[-77.295,26.532],[-77.328,26.54],[-77.318,26.523]],[[-77.9122985074627,26.716955223880582],[-77.902,26.753],[-77.91815541228368,26.74550763488293],[-77.924,26.774],[-77.984,26.725],[-78.00007608695653,26.72216304347826],[-78.096,26.726],[-78.11394915254238,26.70206779661017],[-78.12,26.701],[-78.12089298504318,26.70109669264799],[-78.161,26.733],[-78.20402710505212,26.710098476343223],[-78.23922843256379,26.71391008505468],[-78.258,26.73],[-78.26808420365535,26.717034595300262],[-78.277,26.718],[-78.349,26.689],[-78.36704796960342,26.693084540489192],[-78.48,26.739],[-78.50958858151854,26.725343731606827],[-78.53457105237491,26.73099765922169],[-78.541,26.771],[-78.569,26.774],[-78.552,26.794],[-78.577,26.799],[-78.5815325,26.7905825],[-78.592,26.805],[-78.639,26.715],[-78.60266666666666,26.702888888888893],[-78.604,26.698],[-78.60250719152157,26.698308856926573],[-78.672,26.596],[-78.803,26.576],[-78.886,26.652],[-78.96878235443681,26.68465725908975],[-78.997,26.704],[-78.97822437303327,26.688382092114043],[-78.995,26.695],[-78.772,26.509],[-78.709,26.49],[-78.69434202568043,26.495170888899906],[-78.683,26.492],[-78.57134619625143,26.53856008820285],[-78.39278567126104,26.601550827339402],[-78.26408850962491,26.621059932526297],[-77.97544283192784,26.649552853500687],[-77.937,26.644],[-77.91518827385288,26.65550072833212],[-77.9,26.657],[-77.90120488010098,26.662873790492213],[-77.882,26.673],[-77.90817810760669,26.69686827458257],[-77.9122985074627,26.716955223880582]],[[-77.241,26.497],[-77.231,26.539],[-77.265,26.513],[-77.26028925619835,26.509859504132233],[-77.295,26.493],[-77.252,26.482],[-77.25988235294118,26.50958823529412],[-77.241,26.497]]]},{"type":"Polygon","coordinates":[[[-108.75538052995483,21.837342674466257],[-107.923,22.264],[-108.755,21.837],[-108.75594562465399,21.837053021135436],[-108.75538052995483,21.837342674466257]]]},{"type":"Polygon","coordinates":[[[-63.709,22.03],[-63.258,21.94],[-62.803,21.889],[-63.261159400928484,21.923108446346788],[-63.3,21.926],[-63.709,22.03]]]},{"type":"Polygon","coordinates":[[[-65.81889916379731,21.818822429906554],[-65.643,21.886],[-65.034,22.027],[-65.81889916379731,21.818822429906554]]]},{"type":"Polygon","coordinates":[[[-65.034,22.027],[-64.387,22.082],[-64.35920709000732,22.079868390384043],[-65.034,22.027]]]},{"type":"Polygon","coordinates":[[[-75.15633070798732,23.140314784693086],[-75.1404962366987,23.13307448741241],[-75.154,23.137],[-75.15633070798732,23.140314784693086]]]},{"type":"Polygon","coordinates":[[[-76.04570479704797,23.64707011070111],[-76.03269367088608,23.671037974683546],[-76.03,23.672],[-76.044,23.645],[-76.04570479704797,23.64707011070111]]]},{"type":"Polygon","coordinates":[[[-77.64606976744186,23.747534883720927],[-77.654,23.746],[-77.6564693877551,23.75273469387755],[-77.64606976744186,23.747534883720927]]]},{"type":"Polygon","coordinates":[[[-77.75884501845019,23.762715867158672],[-77.75982761437908,23.762986928104574],[-77.75672212065814,23.765672760511872],[-77.75884501845019,23.762715867158672]]]},{"type":"Polygon","coordinates":[[[-77.71201886792451,23.771962264150936],[-77.72200884955751,23.777601769911502],[-77.69575438596492,23.77235087719298],[-77.70264356435644,23.769108910891088],[-77.71201886792451,23.771962264150936]]]},{"type":"Polygon","coordinates":[[[-77.65984039087948,23.796778501628665],[-77.64988517745303,23.80207724425887],[-77.648,23.801],[-77.6430193050193,23.805731660231665],[-77.573,23.843],[-77.60402692834322,23.818298950251027],[-77.606,23.818],[-77.60554513888889,23.81709027777778],[-77.62901794417368,23.79840319007532],[-77.638,23.8],[-77.63179496008765,23.796192361871967],[-77.63496978021978,23.793664835164833],[-77.665,23.776],[-77.66322820641282,23.77116783567134],[-77.66857115009746,23.76691423001949],[-77.69575438596492,23.77235087719298],[-77.654,23.792],[-77.65984039087948,23.796778501628665]]]},{"type":"Polygon","coordinates":[[[-77.6992505353319,23.855428265524626],[-77.73507244212098,23.867696041822256],[-77.72544071146245,23.869108695652173],[-77.68704255319149,23.86240425531915],[-77.6992505353319,23.855428265524626]]]},{"type":"Polygon","coordinates":[[[-77.73529295465245,24.045133845912442],[-77.73010542635659,24.043593798449614],[-77.742,24.03],[-77.73529295465245,24.045133845912442]]]},{"type":"Polygon","coordinates":[[[-78.26913043478261,24.614695652173907],[-78.27087124463519,24.59728755364807],[-78.28099999999999,24.594333333333335],[-78.28897321428572,24.593004464285713],[-78.287,24.667],[-78.30087692307691,24.68223076923075],[-78.30713723849372,24.694983263598317],[-78.299,24.689],[-78.29614540059347,24.708982195845703],[-78.2930306122449,24.705183673469392],[-78.283,24.645],[-78.252,24.682],[-78.26240790742527,24.698216972034718],[-78.25979176755447,24.725686440677965],[-78.25274797219004,24.721022305909614],[-78.22838653366584,24.670453865336665],[-78.238,24.632],[-78.275,24.637],[-78.26913043478261,24.614695652173907]]]},{"type":"Polygon","coordinates":[[[-78.32337227722773,24.70692079207921],[-78.31885021276595,24.703595744680847],[-78.31939254658386,24.702552795031046],[-78.32337227722773,24.70692079207921]]]},{"type":"Polygon","coordinates":[[[-78.328,24.712],[-78.32337227722773,24.70692079207921],[-78.32930598669623,24.71128381374723],[-78.328,24.712]]]},{"type":"Polygon","coordinates":[[[-78.29133249370277,24.74328551344385],[-78.295,24.749],[-78.28982621848739,24.745574117647056],[-78.29133249370277,24.74328551344385]]]},{"type":"Polygon","coordinates":[[[-78.20344677375442,25.177493057446227],[-78.215,25.179],[-78.20454537529422,25.180769244180976],[-78.20344677375442,25.177493057446227]]]},{"type":"Polygon","coordinates":[[[-77.877,25.781],[-77.858,25.74],[-77.872,25.762],[-77.877,25.781]]]},{"type":"Polygon","coordinates":[[[-77.23,26.397],[-77.2303046237534,26.395542157751585],[-77.23315789473685,26.396873684210526],[-77.23,26.397]]]},{"type":"Polygon","coordinates":[[[-77.19892855217039,26.479618765165817],[-77.201,26.51],[-77.18444181034482,26.499749692118225],[-77.19892855217039,26.479618765165817]]]},{"type":"Polygon","coordinates":[[[-77.25988235294118,26.50958823529412],[-77.26028925619835,26.509859504132233],[-77.26,26.51],[-77.25988235294118,26.50958823529412]]]},{"type":"Polygon","coordinates":[[[-77.17156597396094,26.5176420881322],[-77.18684526558891,26.559812933025405],[-77.149,26.549],[-77.17156597396094,26.5176420881322]]]},{"type":"Polygon","coordinates":[[[-77.302,26.672],[-77.30098305507101,26.672095938200847],[-77.29406498088797,26.66227227286092],[-77.29604037685061,26.660742934051136],[-77.302,26.672]]]},{"type":"Polygon","coordinates":[[[-72.61565884402131,27.046864072119018],[-72.572,27.027],[-72.039,26.67],[-72.61565884402131,27.046864072119018]]]},{"type":"Polygon","coordinates":[[[-64.85299715441732,28.914426289034132],[-64.859,28.914],[-65.52,28.962],[-64.85299715441732,28.914426289034132]]]},{"type":"Polygon","coordinates":[[[-74.61411942671896,29.177867886026252],[-74.608,29.174],[-74.097,28.717],[-74.61411942671896,29.177867886026252]]]},{"type":"Polygon","coordinates":[[[-62.86790516572111,29.369640131382504],[-62.869,29.369],[-63.526,29.108],[-62.86790516572111,29.369640131382504]]]},{"type":"Polygon","coordinates":[[[-77.232,30.196],[-77.20583725479884,30.21184249276887],[-77.124,30.135],[-77.065,30.029],[-76.985,30.001],[-76.901,29.907],[-76.903,29.718],[-76.979,29.686],[-76.98432463295269,29.679002886183962],[-77.052,29.856],[-77.232,30.196]]]},{"type":"Polygon","coordinates":[[[-68.228,30.545],[-68.534,31.063],[-68.53998735541767,31.07955158348631],[-68.228,30.545]]]},{"type":"Polygon","coordinates":[[[-60.795,31.706],[-60.996,31.148],[-61.302,30.631],[-60.995,31.151],[-60.795,31.706]]]},{"type":"Polygon","coordinates":[[[-62.204,35.0],[-62.061,34.914],[-62.047034482758626,34.90189655172414],[-62.204,35.0]]]},{"type":"Polygon","coordinates":[[[-64.56783796420702,60.45483436341162],[-64.568,60.455],[-60.094,59.997],[-64.56783796420702,60.45483436341162]]]},{"type":"Polygon","coordinates":[[[-117.55488288514515,79.82482085406869],[-120.143,79.149],[-118.213,79.668],[-117.55488288514515,79.82482085406869]]]},{"type":"Polygon","coordinates":[[[-115.71456186798108,80.25046089740333],[-116.70064930673652,80.02837374202198],[-116.228,80.141],[-115.71456186798108,80.25046089740333]]]},{"type":"Polygon","coordinates":[[[-114.06524727922131,80.59261487920746],[-114.89689354234899,80.42478123537671],[-114.53,80.503],[-114.06524727922131,80.59261487920746]]]},{"type":"Polygon","coordinates":[[[-110.074,81.303],[-113.29516640668226,80.74110396014697],[-112.663,80.863],[-110.074,81.303]]]},{"type":"Polygon","coordinates":[[[-97.96519291730796,82.72216700515635],[-101.183,82.431],[-99.09,82.631],[-97.96519291730796,82.72216700515635]]]},{"type":"Polygon","coordinates":[[[-86.65498932397931,83.45958650342669],[-88.61536428090663,83.36122789861248],[-87.866,83.407],[-86.65498932397931,83.45958650342669]]]},{"type":"Polygon","coordinates":[[[-81.29120809799107,83.67568934870486],[-83.67464868841915,83.5890037712906],[-82.293,83.649],[-81.29120809799107,83.67568934870486]]]},{"type":"Polygon","coordinates":[[[-43.674,-64.07],[-44.502,-64.108],[-45.496,-64.117],[-43.674,-64.07]]]},{"type":"Polygon","coordinates":[[[-41.73085972165286,-63.797379154266956],[-42.291,-63.914],[-42.59124352398381,-63.9478669484754],[-41.73085972165286,-63.797379154266956]]]},{"type":"Polygon","coordinates":[[[-48.513,-63.718],[-49.8,-63.324],[-48.503595072488,-63.71990212017097],[-48.513,-63.718]]]},{"type":"Polygon","coordinates":[[[-39.591731403639464,-63.14840832180484],[-39.798,-63.247],[-40.435,-63.481],[-41.047,-63.655],[-41.345670841942216,-63.71718307722109],[-40.5,-63.499],[-39.591731403639464,-63.14840832180484]]]},{"type":"Polygon","coordinates":[[[-50.65972794797416,-62.93767190538427],[-50.817,-62.867],[-50.993388122011936,-62.76541350750794],[-50.65972794797416,-62.93767190538427]]]},{"type":"Polygon","coordinates":[[[-27.631049117775724,-62.781579971321634],[-27.789,-62.783],[-29.037,-62.682],[-27.631049117775724,-62.781579971321634]]]},{"type":"Polygon","coordinates":[[[-51.0083283342261,-62.75680905195497],[-51.357,-62.556],[-51.73,-62.307],[-51.0083283342261,-62.75680905195497]]]},{"type":"Polygon","coordinates":[[[-37.60597442430181,-61.00431161195493],[-37.649,-61.283],[-37.694687999604035,-61.396849555770046],[-37.60597442430181,-61.00431161195493]]]},{"type":"Polygon","coordinates":[[[-37.661,-60.452],[-37.605,-60.998],[-37.60512297863845,-60.99879656618087],[-37.661,-60.452]]]},{"type":"Polygon","coordinates":[[[-40.13453022302779,-58.20899802978959],[-40.786,-57.939],[-40.366,-58.099],[-40.13453022302779,-58.20899802978959]]]},{"type":"Polygon","coordinates":[[[-49.97661620551823,-57.91569843610539],[-49.89,-57.877],[-49.262,-57.662],[-49.97661620551823,-57.91569843610539]]]},{"type":"Polygon","coordinates":[[[-42.81096194782124,-57.445866597470214],[-42.706,-57.461],[-41.618,-57.689],[-42.81096194782124,-57.445866597470214]]]},{"type":"Polygon","coordinates":[[[-45.64805001766841,-57.195861672395516],[-45.466,-57.19],[-44.536,-57.241],[-43.462,-57.352],[-43.01977093184574,-57.41576054024975],[-44.5,-57.245],[-45.64805001766841,-57.195861672395516]]]},{"type":"Polygon","coordinates":[[[-40.239,-57.33],[-41.909,-56.821],[-42.31,-56.672],[-40.239,-57.33]]]},{"type":"Polygon","coordinates":[[[-42.31,-56.672],[-42.808,-56.444],[-42.91407755346794,-56.380466919848075],[-42.31,-56.672]]]},{"type":"Polygon","coordinates":[[[-44.38207680862934,-54.99979821461782],[-44.393,-54.983],[-44.559,-54.529],[-44.5,-54.69],[-44.38207680862934,-54.99979821461782]]]},{"type":"Polygon","coordinates":[[[-22.905,-54.263],[-22.278770347003146,-54.78844252365931],[-22.311,-54.77],[-22.905,-54.263]]]},{"type":"Polygon","coordinates":[[[-57.86709637946259,-51.67391131575628],[-57.858284117146674,-51.675832786486815],[-57.859,-51.676],[-57.86770278935556,-51.67407534466175],[-57.86709637946259,-51.67391131575628]]]},{"type":"Polygon","coordinates":[[[-40.298,-50.714],[-39.243,-50.559],[-39.034741643629005,-50.54660366926363],[-40.298,-50.714]]]},{"type":"Polygon","coordinates":[[[-37.531,-50.543],[-37.071,-50.596],[-36.79788372093014,-50.64151937984497],[-37.531,-50.543]]]},{"type":"Polygon","coordinates":[[[-15.527,-39.83],[-16.034,-39.4],[-16.043317705962664,-39.38843871864583],[-15.527,-39.83]]]},{"type":"Polygon","coordinates":[[[-44.61747564176505,-27.57607916808889],[-44.59,-27.34],[-44.185,-27.143],[-44.10779179691475,-27.12387834222655],[-44.178,-27.179],[-44.61747564176505,-27.57607916808889]]]},{"type":"Polygon","coordinates":[[[-31.661,-23.056],[-32.111,-22.625],[-32.462,-22.141],[-32.112,-22.623],[-31.661,-23.056]]]},{"type":"Polygon","coordinates":[[[-32.89913146813886,-20.459362028632917],[-32.9,-20.446],[-32.832,-19.869],[-32.89913146813886,-20.459362028632917]]]},{"type":"Polygon","coordinates":[[[-26.604,-17.899],[-26.166,-18.303],[-26.164554051376882,-18.304870303110338],[-26.604,-17.899]]]},{"type":"Polygon","coordinates":[[[-29.938,-17.201],[-28.857,-17.136],[-28.856147121765634,-17.136068848490087],[-29.938,-17.201]]]},{"type":"Polygon","coordinates":[[[-35.33103908402357,-14.683096655888757],[-35.516438061947575,-15.009246399725694],[-35.545,-14.924],[-35.339,-14.695],[-35.33103908402357,-14.683096655888757]]]},{"type":"Polygon","coordinates":[[[-17.738343161239076,-8.527140365369343],[-17.743,-8.509],[-17.789,-7.929],[-17.738343161239076,-8.527140365369343]]]},{"type":"Polygon","coordinates":[[[-17.318037522238395,-6.247606178230631],[-17.311,-6.233],[-17.152248283752865,-6.010371853546918],[-17.318037522238395,-6.247606178230631]]]},{"type":"Polygon","coordinates":[[[-17.119372384937225,-5.9642677824267585],[-16.973,-5.759],[-16.97008672238924,-5.756120915788431],[-17.119372384937225,-5.9642677824267585]]]},{"type":"Polygon","coordinates":[[[-29.214260326121444,-4.903940105323276],[-29.222,-4.934],[-29.461,-5.464],[-29.214260326121444,-4.903940105323276]]]},{"type":"Polygon","coordinates":[[[-34.663,-1.567],[-34.17,-1.923],[-33.549,-2.3],[-32.873,-2.823],[-32.015,-4.318],[-31.887,-4.686],[-31.833,-5.26],[-31.879,-5.557],[-31.828,-6.418],[-31.851422275093064,-6.680467259131087],[-33.73,-5.123],[-34.606,-4.549],[-35.147,-3.694],[-35.295,-3.375],[-35.421,-2.829],[-35.649,-2.157],[-36.066,-1.411],[-36.341,-1.14],[-36.621954361160206,-0.9586158644349712],[-36.549,-0.986],[-35.80550165776212,-1.2150416420149546],[-34.663,-1.567]],[[-32.461,-3.881],[-32.453908458864426,-3.8778713789107764],[-32.424,-3.879],[-32.414811320754715,-3.860622641509434],[-32.393,-3.851],[-32.401270270270274,-3.8335405405405414],[-32.393,-3.817],[-32.460554216867465,-3.865253012048192],[-32.483,-3.878],[-32.461,-3.881]]]},{"type":"Polygon","coordinates":[[[-29.086,-3.18],[-29.026,-3.754],[-29.02608439687114,-3.7551897900370523],[-29.086,-3.18]]]},{"type":"Polygon","coordinates":[[[-28.51844968732234,-2.2969911881750993],[-28.718,-2.355],[-28.820557215619697,-2.36461983421552],[-28.51844968732234,-2.2969911881750993]]]},{"type":"Polygon","coordinates":[[[-28.05368261582616,-2.1483396473964738],[-28.116,-2.18],[-28.18244899119068,-2.199316567206593],[-28.05368261582616,-2.1483396473964738]]]},{"type":"Polygon","coordinates":[[[-27.471800547548106,-1.8298673604960112],[-27.557,-1.896],[-27.748095989744005,-1.993086334682107],[-27.471800547548106,-1.8298673604960112]]]},{"type":"Polygon","coordinates":[[[-26.966052353294607,-1.4097446424994957],[-27.061,-1.511],[-27.228755478473786,-1.6412134258314675],[-26.966052353294607,-1.4097446424994957]]]},{"type":"Polygon","coordinates":[[[-26.715919945725904,-1.124584803256428],[-26.775,-1.206],[-26.84438956410492,-1.2799993603216797],[-26.715919945725904,-1.124584803256428]]]},{"type":"Polygon","coordinates":[[[-26.43571942180909,-0.6840391466360729],[-26.529,-0.867],[-26.608609619822673,-0.9767059395117315],[-26.43571942180909,-0.6840391466360729]]]},{"type":"Polygon","coordinates":[[[-26.202609839816933,-0.16561784897025428],[-26.244,-0.308],[-26.286817318174744,-0.39198203810414606],[-26.202609839816933,-0.16561784897025428]]]},{"type":"Polygon","coordinates":[[[-26.04560190423624,0.541861183938159],[-26.069,0.294],[-26.120321428571426,0.1174542857142947],[-26.04560190423624,0.541861183938159]]]},{"type":"Polygon","coordinates":[[[-41.00531205272003,0.5086227931040995],[-40.909020231685425,0.5120473976178824],[-40.989,0.505],[-41.00531205272003,0.5086227931040995]]]},{"type":"Polygon","coordinates":[[[-26.016,0.9825593220338659],[-26.01,0.919],[-26.016,0.8554406779661342],[-26.016,0.9825593220338659]]]},{"type":"Polygon","coordinates":[[[-26.27121587088097,2.1993813046402195],[-26.244,2.146],[-26.226036685642,2.084206198608479],[-26.27121587088097,2.1993813046402195]]]},{"type":"Polygon","coordinates":[[[-26.58904718321696,2.780440341039319],[-26.529,2.705],[-26.41861935649056,2.488499018520082],[-26.58904718321696,2.780440341039319]]]},{"type":"Polygon","coordinates":[[[-32.19101426053517,2.640017705495918],[-32.158,2.705],[-32.11295060683037,2.7630376597717885],[-32.19101426053517,2.640017705495918]]]},{"type":"Polygon","coordinates":[[[-27.022213886086398,3.304980097220949],[-26.962,3.249],[-26.860205206948706,3.1211100059586503],[-27.022213886086398,3.304980097220949]]]},{"type":"Polygon","coordinates":[[[-27.29941519674356,3.5460800542740873],[-27.218,3.487],[-27.138244074160994,3.4128519126965497],[-27.29941519674356,3.5460800542740873]]]},{"type":"Polygon","coordinates":[[[-31.468,3.487],[-31.173,3.704],[-31.158706602692646,3.7114429962761335],[-31.468,3.487]]]},{"type":"Polygon","coordinates":[[[-27.61489650969079,3.762517898500672],[-27.557,3.733],[-27.477738304898175,3.6754826637314206],[-27.61489650969079,3.762517898500672]]]},{"type":"Polygon","coordinates":[[[-30.62598815052588,3.9888453080180324],[-30.57,4.018],[-30.50355100880933,4.037316567206591],[-30.62598815052588,3.9888453080180324]]]},{"type":"Polygon","coordinates":[[[-29.985313907284766,4.187966887417219],[-29.968,4.193],[-29.89933357426817,4.199482110589084],[-29.985313907284766,4.187966887417219]]]},{"type":"Polygon","coordinates":[[[-29.406559322033893,4.246],[-29.343,4.252],[-29.279440677966107,4.246],[-29.406559322033893,4.246]]]},{"type":"Polygon","coordinates":[[[-47.888,5.121],[-47.8341455064194,5.0],[-47.576,4.42],[-47.028726824978015,3.5219310834304913],[-47.736,4.233],[-47.944,5.0],[-48.324,5.774],[-48.756,6.38],[-49.234,6.858],[-49.46,7.035],[-49.62115730147644,7.20989530094656],[-49.013,6.82],[-48.203,5.675],[-47.888,5.121]]]},{"type":"Polygon","coordinates":[[[-26.423,11.915],[-26.935,12.258],[-27.367,12.669],[-26.94,12.263],[-26.423,11.915]]]},{"type":"Polygon","coordinates":[[[-56.000172554437206,13.12533951713703],[-56.0,13.123],[-56.061,12.54],[-56.000172554437206,13.12533951713703]]]},{"type":"Polygon","coordinates":[[[-20.20781435445068,12.84109182036888],[-20.239,12.924],[-20.23109380992692,13.251274657498762],[-20.206,13.057],[-20.20781435445068,12.84109182036888]]]},{"type":"Polygon","coordinates":[[[-57.556109346685474,16.023891835380578],[-57.54701147227534,16.10852963671129],[-57.549,16.027],[-57.40404798464492,15.887710172744729],[-57.559,15.997],[-57.556109346685474,16.023891835380578]]]},{"type":"Polygon","coordinates":[[[-20.641603531300163,19.381610754414126],[-20.613,19.362],[-20.593398675751764,19.34201496304217],[-20.58,19.544],[-20.5040560257804,19.873219055753996],[-20.504,19.873],[-20.063,18.806],[-20.255608250937637,18.997612001363823],[-20.0,18.737],[-19.633,17.888],[-19.613,17.1],[-19.535,17.0],[-19.558,16.067],[-19.642,15.667],[-19.747,15.417],[-20.0,14.917],[-20.074,14.85],[-20.074,13.593],[-20.22966752328157,13.310315417844508],[-20.201,14.497],[-20.261,15.168],[-20.36,15.556],[-20.229,17.128],[-20.309,17.686],[-20.543,18.177],[-20.62,18.941],[-20.59391888847165,19.3341727562899],[-20.641603531300163,19.381610754414126]]]},{"type":"Polygon","coordinates":[[[-57.567,16.883],[-57.538,16.478],[-57.53808230088495,16.474625663716754],[-57.53831446633343,16.477904292855044],[-57.567,16.883]]]},{"type":"Polygon","coordinates":[[[-19.98,24.8],[-20.513,25.125],[-20.515875351452674,25.1274793814433],[-19.98,24.8]]]},{"type":"Polygon","coordinates":[[[-21.927,27.655],[-21.89,28.243],[-21.794,28.618],[-21.89,28.242],[-21.927,27.655]]]},{"type":"Polygon","coordinates":[[[-12.687,28.73],[-13.129,28.503],[-13.237,28.412],[-13.452,28.063],[-13.848,27.639],[-14.268,27.279],[-14.376,27.229],[-14.699,27.187],[-15.258,26.828],[-16.031,26.388],[-16.738,26.116],[-17.129,25.677],[-17.228,25.616],[-18.547,25.004],[-18.94404870889162,24.83664543355464],[-18.517,26.078],[-18.177,26.645],[-17.375,28.291],[-16.918,28.941],[-16.545702520413318,29.351901260422558],[-16.349,29.569],[-14.439,30.975],[-14.038934621436944,31.337076974663894],[-13.765,31.585],[-13.266,32.149],[-13.250482832182042,32.17145763917107],[-12.91822626952038,32.652324900775255],[-13.04,32.289],[-12.246,31.192],[-11.813,30.344],[-12.069,29.437],[-12.209,29.131],[-12.438,28.905],[-12.687,28.73]],[[-15.142,29.24],[-15.134703626300158,29.24618412161145],[-16.233,29.309],[-15.142,29.24]],[[-13.486,29.403],[-13.507,29.416],[-13.527,29.383],[-13.486,29.403]],[[-13.471,29.266],[-13.512,29.29],[-13.544,29.218],[-13.471,29.266]],[[-17.278,28.218],[-17.332,28.183],[-17.349,28.098],[-17.244,28.02],[-17.243473876698015,28.02010384012539],[-17.231,28.01],[-17.155,28.025],[-17.10914084507042,28.08545070422535],[-17.098,28.095],[-17.098536817102136,28.099428741092634],[-17.089,28.112],[-17.10085517768437,28.118555215896063],[-17.102,28.128],[-17.196,28.2],[-17.278,28.218]],[[-13.471674326986212,29.23927642810243],[-13.476,29.242],[-13.505351882160394,29.18449427168576],[-13.535425531914893,29.135574468085107],[-13.550745762711864,29.120254237288137],[-13.566638297872327,29.12095744680851],[-13.649,29.126],[-13.651490217391306,29.12471195652174],[-13.658,29.125],[-13.71755477031803,29.090540636042398],[-13.794,29.051],[-13.795829712683952,29.045249474421865],[-13.817,29.033],[-13.828356321839081,28.94302298850575],[-13.834813780260708,28.922728119180633],[-13.838651741293532,28.916930348258706],[-13.877,28.887],[-13.870084882780922,28.869446240905418],[-13.877,28.859],[-13.8648531701891,28.856165739710793],[-13.864,28.854],[-13.829802547770678,28.847987261146493],[-13.787,28.838],[-13.785204496578691,28.840145845552296],[-13.773,28.838],[-13.736158917418459,28.890959056210967],[-13.676275295109617,28.915050168634064],[-13.61,28.926],[-13.50389711191335,28.984397713598078],[-13.485,28.992],[-13.484051248357424,28.995320630749013],[-13.481,28.997],[-13.422,29.208],[-13.423089686098654,29.208686098654706],[-13.423,29.209],[-13.47,29.242],[-13.471674326986212,29.23927642810243]],[[-13.873182022471907,28.34736853932585],[-13.844,28.402],[-13.856,28.479],[-13.836796973518284,28.531274905422446],[-13.824,28.553],[-13.824496842105264,28.56475859649123],[-13.82,28.577],[-13.829070063694267,28.67299150743099],[-13.83,28.695],[-13.831337346244439,28.69698691442031],[-13.832,28.704],[-13.842820512820513,28.71404761904762],[-13.865,28.747],[-13.875861304883053,28.744728354534264],[-13.888,28.756],[-13.966707736389681,28.725727793696276],[-14.018,28.715],[-14.034,28.593],[-14.147,28.44],[-14.206,28.326],[-14.215,28.226],[-14.265,28.181],[-14.378,28.114],[-14.492,28.111],[-14.511,28.067],[-14.506122167925366,28.066430919591294],[-14.507,28.064],[-14.333,28.044],[-14.201,28.169],[-13.93,28.241],[-13.925419883325231,28.249574404472533],[-13.917,28.252],[-13.873182022471907,28.34736853932585]],[[-15.368,27.864],[-15.384487804878049,27.892853658536588],[-15.384334545454546,27.90358181818182],[-15.363017543859648,27.93022807017544],[-15.358,27.931],[-15.36099107142857,27.946553571428566],[-15.366,28.01],[-15.408,28.055],[-15.412,28.179],[-15.419081147793891,28.172181116939214],[-15.419,28.182],[-15.466125327739908,28.12702045097011],[-15.705,28.166],[-15.705030800821355,28.165507186858317],[-15.708,28.166],[-15.711,28.083],[-15.803,28.017],[-15.80466153846154,28.011461538461536],[-15.815,28.005],[-15.817854368932037,27.96748543689321],[-15.833,27.917],[-15.788,27.834],[-15.675,27.749],[-15.6,27.734],[-15.594160611668455,27.736272815817667],[-15.573,27.732],[-15.441,27.79],[-15.368,27.864]],[[-16.838935801834232,28.23467035227565],[-16.838,28.208],[-16.703,28.005],[-16.697387858092082,28.00571492253604],[-16.692,27.997],[-16.652,27.995],[-16.527,28.023],[-16.42,28.136],[-16.348,28.363],[-16.227,28.468],[-16.119,28.516],[-16.124,28.581],[-16.137916236601825,28.579974593092498],[-16.139,28.584],[-16.324,28.579],[-16.38061222910218,28.531074303405564],[-16.403,28.519],[-16.42500846479414,28.493490188534064],[-16.513,28.419],[-16.751,28.371],[-16.833,28.393],[-16.924,28.341],[-16.880137931034483,28.301315270935962],[-16.838935801834232,28.23467035227565]]]},{"type":"Polygon","coordinates":[[[-21.017547603414318,31.708719632304675],[-21.055,31.78],[-21.07473988612526,31.851019478573562],[-21.017547603414318,31.708719632304675]]]},{"type":"Polygon","coordinates":[[[-21.174801067325955,32.21101613049114],[-21.234,32.424],[-21.238940990990994,32.533195900900914],[-21.174801067325955,32.21101613049114]]]},{"type":"Polygon","coordinates":[[[-21.253788548555516,32.861326923076916],[-21.264,33.087],[-21.242574819250713,33.199267947126266],[-21.253788548555516,32.861326923076916]]]},{"type":"Polygon","coordinates":[[[-21.18208966719953,33.51621014387445],[-21.139,33.742],[-21.09253721723746,33.84541716163275],[-21.18208966719953,33.51621014387445]]]},{"type":"Polygon","coordinates":[[[-20.95227724277749,34.15760871768881],[-20.86,34.363],[-20.79024843158351,34.45556443432212],[-20.95227724277749,34.15760871768881]]]},{"type":"Polygon","coordinates":[[[-20.576403237714995,34.739349585714685],[-20.435,34.927],[-20.316068424511258,35.03726989211982],[-20.576403237714995,34.739349585714685]]]},{"type":"Polygon","coordinates":[[[-20.19599997612625,35.148593859670065],[-20.078,35.258],[-19.793,35.474],[-19.67978793306624,35.53840207400423],[-20.19599997612625,35.148593859670065]]]},{"type":"Polygon","coordinates":[[[-30.002501333831272,35.322872645787754],[-30.003,35.323],[-30.665,35.554],[-30.002501333831272,35.322872645787754]]]},{"type":"Polygon","coordinates":[[[-18.71476257282132,36.01043942456307],[-18.632,36.042],[-17.599,36.332],[-17.357409448818885,36.381018372703416],[-18.71476257282132,36.01043942456307]]]},{"type":"Polygon","coordinates":[[[-20.681,36.684],[-20.842,36.215],[-20.90908056078344,36.09529394877029],[-20.681,36.684]]]},{"type":"Polygon","coordinates":[[[-17.05661388174808,36.442049357326475],[-16.909,36.472],[-16.63294496969697,36.48410472727273],[-17.05661388174808,36.442049357326475]]]},{"type":"Polygon","coordinates":[[[-16.183243821116715,36.50382365705213],[-16.088,36.508],[-15.991446063823982,36.49612374708782],[-16.183243821116715,36.50382365705213]]]},{"type":"Polygon","coordinates":[[[-20.68169643243243,37.997886270270264],[-20.677,37.985],[-20.601,37.436],[-20.68169643243243,37.997886270270264]]]},{"type":"Polygon","coordinates":[[[-21.306870034498065,39.26608682583597],[-21.238,39.166],[-21.193900148925614,39.07445940004256],[-21.306870034498065,39.26608682583597]]]},{"type":"Polygon","coordinates":[[[-35.4819125789218,40.263609438238646],[-35.477,40.294],[-35.453821035140635,40.35233189734748],[-35.4819125789218,40.263609438238646]]]},{"type":"Polygon","coordinates":[[[-22.704355971896945,40.59271135831381],[-22.591,40.541],[-22.46162962962967,40.44859259259262],[-22.704355971896945,40.59271135831381]]]},{"type":"Polygon","coordinates":[[[-23.927,41.061],[-23.367,40.895],[-23.265920052958524,40.84888878704552],[-23.927,41.061]]]},{"type":"Polygon","coordinates":[[[-25.181027719445595,41.77633053338933],[-25.077,41.743],[-24.717,41.6],[-25.181027719445595,41.77633053338933]]]},{"type":"Polygon","coordinates":[[[-27.246,42.388],[-27.0,42.353],[-26.19,42.142],[-27.001,42.353],[-27.246,42.388]]]},{"type":"Polygon","coordinates":[[[-56.17638857579269,45.036439218371434],[-56.041,44.973],[-56.141,45.01],[-56.17638857579269,45.036439218371434]]]},{"type":"Polygon","coordinates":[[[-43.691,47.617],[-43.576,47.425],[-43.626,47.327],[-43.532,47.133],[-43.566,46.862],[-43.835,46.8],[-44.03,46.649],[-44.345,46.581],[-44.406,46.492],[-44.626,46.419],[-44.785,46.427],[-45.335,46.368],[-45.541,46.245],[-45.655,46.224],[-45.79,46.275],[-45.888,46.197],[-46.008,46.195],[-46.168,46.334],[-46.278,46.27],[-46.26,46.166],[-46.296,45.941],[-46.611,45.859],[-47.553,45.84],[-47.581,45.819],[-47.708,45.841],[-47.763,45.75],[-47.976,45.684],[-48.153,45.588],[-48.165,45.465],[-48.239,45.455],[-48.326,45.494],[-48.365,45.44],[-48.521,45.385],[-48.529,45.299],[-48.708,45.166],[-48.835,44.967],[-48.974,44.914],[-48.94,44.626],[-49.006,44.53],[-48.9,44.338],[-48.881,44.242],[-48.95,44.05],[-48.9,43.859],[-48.968,43.735],[-49.032,43.699],[-49.068,43.567],[-49.219,43.588],[-49.157,43.38],[-49.238,43.315],[-49.36,43.292],[-49.334,43.188],[-49.4,43.085],[-49.525,43.074],[-49.818,42.861],[-49.968,42.806],[-49.979,42.71],[-50.122,42.682],[-50.493,42.71],[-50.436,42.806],[-50.888,42.905],[-50.872,42.966],[-50.926,43.021],[-51.177,43.074],[-51.357,43.052],[-51.397,43.016],[-51.702,43.295],[-51.855,43.367],[-51.985,43.371],[-52.03586366051268,43.39804143976624],[-51.765,43.431],[-51.397,43.522],[-50.721,43.749],[-49.996,44.107],[-49.152,44.745],[-48.759,45.154],[-48.429,45.625],[-48.257,46.032],[-48.077,46.288],[-47.903,46.628],[-47.746,47.096],[-47.694,47.606],[-47.743,48.117],[-47.75493849905175,48.160498689614286],[-47.158,48.167],[-46.683,48.253],[-46.629,48.298],[-46.462,48.3],[-45.387,48.632],[-44.877,48.596],[-44.232,48.252],[-44.177,48.183],[-43.957,48.034],[-43.92,47.908],[-43.757,47.811],[-43.691,47.617]]]},{"type":"Polygon","coordinates":[[[-17.702,83.263],[-21.890649738245486,83.72086493142196],[-21.222,83.659],[-17.702,83.263]]]},{"type":"Polygon","coordinates":[[[-23.351515216746197,83.85602739014256],[-26.07922837515949,84.08864102817441],[-25.167,84.024],[-23.351515216746197,83.85602739014256]]]},{"type":"Polygon","coordinates":[[[4.535771645788749,-57.73324419359411],[4.473,-57.743],[3.361,-57.799],[4.535771645788749,-57.73324419359411]]]},{"type":"Polygon","coordinates":[[[7.403321302951522,-56.94455987153999],[7.401,-56.946],[6.558,-57.303],[7.403321302951522,-56.94455987153999]]]},{"type":"Polygon","coordinates":[[[69.68828938906752,-55.912553734850356],[69.637,-55.897],[69.021,-55.642],[68.95815641332409,-55.6071615767269],[69.68828938906752,-55.912553734850356]]]},{"type":"Polygon","coordinates":[[[9.013901387848302,-55.44767012736808],[9.009,-55.463],[8.647,-56.006],[8.646050693892725,-56.00688250308491],[9.013901387848302,-55.44767012736808]]]},{"type":"Polygon","coordinates":[[[68.48180976757057,-55.34309061981185],[68.46,-55.331],[68.39801935629072,-55.284577762772855],[68.48180976757057,-55.34309061981185]]]},{"type":"Polygon","coordinates":[[[68.03246547070964,-55.010785362756],[67.97,-54.964],[67.92274315693432,-54.91491149635038],[68.03246547070964,-55.010785362756]]]},{"type":"Polygon","coordinates":[[[67.57459351274511,-54.549165896682034],[67.62792440767211,-54.60866566378344],[67.583,-54.562],[67.57459351274511,-54.549165896682034]]]},{"type":"Polygon","coordinates":[[[67.32623228441025,-54.16999519577223],[67.302,-54.133],[67.26905162523906,-54.049693029723734],[67.32623228441025,-54.16999519577223]]]},{"type":"Polygon","coordinates":[[[67.15473903840338,-53.76066404596307],[67.126,-53.688],[67.11923187108326,-53.6442005371531],[67.15473903840338,-53.76066404596307]]]},{"type":"Polygon","coordinates":[[[5.253,-51.258],[6.111,-51.488],[6.120644561501825,-51.49178472401233],[5.253,-51.258]]]},{"type":"Polygon","coordinates":[[[4.354,-51.119],[5.253,-51.258],[4.350828773675126,-51.11883011287545],[4.354,-51.119]]]},{"type":"Polygon","coordinates":[[[2.481,-51.115],[3.402,-51.068],[3.4034611398963732,-51.06807827535159],[2.481,-51.115]]]},{"type":"Polygon","coordinates":[[[35.01816102147878,-49.81670814609522],[35.016,-49.816],[34.299,-49.462],[35.01816102147878,-49.81670814609522]]]},{"type":"Polygon","coordinates":[[[54.88934592456618,-49.313751859351626],[54.873,-49.322],[54.079,-49.589],[54.88934592456618,-49.313751859351626]]]},{"type":"Polygon","coordinates":[[[41.749,-49.047],[41.15,-49.477],[41.14021855486177,-49.48184388938446],[41.749,-49.047]]]},{"type":"Polygon","coordinates":[[[42.22462438576439,-48.54269971571758],[42.222,-48.547],[41.749,-49.047],[42.22462438576439,-48.54269971571758]]]},{"type":"Polygon","coordinates":[[[33.223,-48.523],[32.904,-47.983],[32.90325938383917,-47.980529852457785],[33.223,-48.523]]]},{"type":"Polygon","coordinates":[[[56.987,-47.451],[56.679,-47.993],[56.673573935582546,-47.999002804453156],[56.987,-47.451]]]},{"type":"Polygon","coordinates":[[[68.016,-45.162],[68.836,-45.119],[68.8373714352229,-45.11908508904668],[68.016,-45.162]]]},{"type":"Polygon","coordinates":[[[34.293,-44.421],[33.678,-45.0],[33.512,-45.15],[33.672699588477364,-45.0],[34.293,-44.421]]]},{"type":"Polygon","coordinates":[[[41.552,-44.418],[42.053,-44.877],[42.053840458811244,-44.87810323253387],[41.552,-44.418]]]},{"type":"Polygon","coordinates":[[[-10.555,-44.239],[-10.957,-44.24],[-11.32,-44.225],[-10.555,-44.239]]]},{"type":"Polygon","coordinates":[[[-12.228,-44.08],[-12.381028697877012,-44.03302600096813],[-12.084016937255186,-44.102992889975766],[-12.228,-44.08]]]},{"type":"Polygon","coordinates":[[[39.492,-43.457],[40.227,-43.688],[40.25017255620151,-43.69872210818717],[39.492,-43.457]]]},{"type":"Polygon","coordinates":[[[53.778,-43.24],[54.516,-43.467],[54.516504077094176,-43.46723202372129],[53.778,-43.24]]]},{"type":"Polygon","coordinates":[[[-13.964,-43.293],[-14.451,-42.835],[-14.48262769204561,-42.794691676486025],[-13.964,-43.293]]]},{"type":"Polygon","coordinates":[[[-15.000124108416543,-42.03761626248218],[-15.036,-41.965],[-15.167131578947371,-41.52123684210525],[-15.000124108416543,-42.03761626248218]]]},{"type":"Polygon","coordinates":[[[-15.174344178498986,-41.49682864097363],[-15.187,-41.454],[-15.23,-40.984],[-15.174344178498986,-41.49682864097363]]]},{"type":"Polygon","coordinates":[[[-5.871109959349588,-39.067689634146355],[-5.86,-39.084],[-5.62,-39.637],[-5.871109959349588,-39.067689634146355]]]},{"type":"Polygon","coordinates":[[[-7.252666460662099,-37.674922157136706],[-7.235,-37.684],[-6.691,-38.075],[-7.252666460662099,-37.674922157136706]]]},{"type":"Polygon","coordinates":[[[-12.243,-33.743],[-12.241660007538636,-33.74310177157935],[-12.974,-33.788],[-13.653,-33.926],[-12.965,-33.786],[-12.243,-33.743]]]},{"type":"Polygon","coordinates":[[[13.979,-32.178],[13.895,-32.553],[13.885,-33.132],[13.891,-33.318],[13.917045952329826,-33.45078784625295],[13.855,-33.369],[13.538,-32.739],[12.77,-30.985],[12.404,-29.652],[12.075,-29.134],[12.050762452994713,-29.035151690827835],[12.392,-29.62],[12.779,-30.116],[13.344,-30.636],[13.522,-31.206],[13.753,-31.764],[13.979,-32.178]]]},{"type":"Polygon","coordinates":[[[37.563,-27.11],[38.01,-26.688],[38.691,-25.774],[38.871,-25.4],[39.046,-25.478],[39.67,-25.64],[40.315,-25.699],[40.782,-26.594],[41.315,-27.318],[41.762,-27.741],[42.289,-28.087],[42.5844104222059,-28.20644182863764],[41.583,-28.239],[39.127,-28.452],[38.457,-28.649],[37.348,-28.894],[36.818,-28.976],[36.15173203344563,-29.194950250493132],[36.224,-29.01],[36.347,-28.322],[36.478,-27.963],[36.533,-27.702],[36.994,-27.483],[37.563,-27.11]]]},{"type":"Polygon","coordinates":[[[52.554,-23.378],[53.001,-23.802],[53.517,-24.143],[54.238,-24.467],[54.982,-24.657],[55.658,-24.71],[56.295,-24.658],[57.038,-24.479],[57.62,-24.222],[58.24,-23.801],[57.761,-24.161],[57.062,-24.492],[56.273,-24.686],[55.615,-24.737],[54.926,-24.675],[54.181,-24.475],[53.404,-24.106],[52.843,-23.695],[52.539,-23.386],[52.224,-22.962],[52.16633885263832,-22.854160449590747],[52.554,-23.378]]]},{"type":"Polygon","coordinates":[[[60.01392852864844,-22.988627270912353],[59.944,-23.052],[59.397,-23.398],[60.01392852864844,-22.988627270912353]]]},{"type":"Polygon","coordinates":[[[63.499,-23.114],[62.869,-23.073],[62.82565582349782,-23.063163473853823],[63.499,-23.114]]]},{"type":"Polygon","coordinates":[[[51.835,-22.12],[52.16054849564531,-22.843331155977875],[51.962,-22.472],[51.835,-22.12]]]},{"type":"Polygon","coordinates":[[[67.03867182372245,-19.599090951711233],[67.041,-19.617],[67.011,-20.197],[67.03867182372245,-19.599090951711233]]]},{"type":"Polygon","coordinates":[[[-3.871,-18.86],[-4.426,-19.109],[-4.428552341260116,-19.109718068153963],[-3.871,-18.86]]]},{"type":"Polygon","coordinates":[[[7.921,-16.702],[7.926,-14.806],[8.028,-14.342],[8.171,-13.93],[8.576,-13.224],[8.836,-12.515],[8.907,-12.063],[8.676,-10.941],[8.583,-9.867],[8.666,-8.984],[8.763,-8.471],[8.588,-7.24],[8.601,-7.343],[8.004392510775862,-6.0],[7.613878269176807,-5.120928523459251],[7.957,-5.431],[8.452,-6.0],[8.769,-6.335],[8.896,-6.447],[8.911,-6.432],[9.121,-6.734],[9.007,-6.77],[9.092313832837036,-7.005211034457247],[9.114,-7.065],[9.071,-7.078],[9.119,-7.266],[9.367,-7.806],[9.683,-8.366],[9.621,-9.049],[9.668,-9.65],[9.816,-10.216],[10.1,-11.016],[9.588,-11.735],[9.33,-12.258],[8.991,-13.454],[8.93,-13.865],[8.517,-14.658],[8.338,-15.26],[8.202,-16.527],[8.264,-17.25],[8.244,-17.509],[8.276,-18.089],[8.333,-18.472],[8.517,-19.2],[8.759,-19.735],[8.937,-20.079],[9.278,-20.567],[9.531,-20.836],[9.952,-21.71],[10.013,-21.925],[10.263,-22.458],[10.589,-22.961],[10.805,-23.411],[10.83,-23.759],[10.804,-24.006],[10.904,-25.195],[11.056,-25.759],[11.142,-25.936],[11.169,-26.302],[11.238,-26.554],[11.253401262916189,-26.769617680826634],[11.1,-26.149],[10.852,-25.422],[10.514,-24.674],[10.324,-23.888],[9.932,-23.243],[9.387,-21.827],[9.023,-20.989],[8.736,-19.913],[8.56,-19.397],[8.165,-18.895],[7.969,-18.307],[7.921,-16.702]]]},{"type":"Polygon","coordinates":[[[-14.397,-11.328],[-14.987,-11.277],[-15.564,-11.123],[-14.993,-11.275],[-14.397,-11.328]]]},{"type":"Polygon","coordinates":[[[50.553,-11.4],[50.57569617357053,-11.488950660054208],[50.488,-11.428],[49.842182739830186,-10.773941452287415],[49.945,-10.741],[50.71,-10.803],[51.006,-10.835],[51.049,-10.899],[51.134,-10.927],[50.757,-11.119],[50.746,-11.215],[50.66,-11.271],[50.482,-11.309],[50.553,-11.4]]]},{"type":"Polygon","coordinates":[[[-12.623,-10.854],[-13.183,-11.115],[-13.184925126587535,-11.115499792479456],[-12.623,-10.854]]]},{"type":"Polygon","coordinates":[[[48.29325267606522,-10.975804156810801],[48.298,-10.964],[48.459,-10.929],[48.373,-10.744],[48.462,-10.684],[48.586,-10.702],[48.66,-10.766],[48.785,-10.728],[48.81206686679008,-10.766200755256929],[48.485,-11.021],[48.29325267606522,-10.975804156810801]]]},{"type":"Polygon","coordinates":[[[45.796,-9.962],[45.842,-10.095],[45.948,-10.189],[46.072,-10.243],[46.336,-10.231],[46.355,-10.287],[46.25,-10.346],[46.292,-10.409],[46.38,-10.374],[46.388,-10.34],[46.529,-10.343],[46.57,-10.5],[46.684,-10.588],[46.927,-10.552],[46.914,-10.452],[46.957,-10.378],[47.084,-10.364],[47.141,-10.306],[47.198,-10.318],[47.37,-10.459],[47.333,-10.592],[47.26,-10.658],[47.363,-10.742],[47.334059775735604,-10.749717393137173],[46.911,-10.65],[45.767,-11.14],[44.915,-10.435],[44.62,-10.12],[44.18962079491967,-9.519671606744799],[44.774,-9.32],[45.161,-9.422],[45.603,-9.633],[45.727,-9.63],[45.747,-9.685],[45.819,-9.706],[45.796,-9.962]]]},{"type":"Polygon","coordinates":[[[-11.128586776859503,-9.082438016528922],[-11.129,-9.084],[-11.373,-9.612],[-11.128586776859503,-9.082438016528922]]]},{"type":"Polygon","coordinates":[[[68.90048427423356,-9.051758805437053],[68.888,-9.041],[68.85258589157411,-8.996899412148887],[68.90048427423356,-9.051758805437053]]]},{"type":"Polygon","coordinates":[[[68.58882995658469,-8.668448625180945],[68.517,-8.579],[68.4084633855923,-8.375679698352712],[68.58882995658469,-8.668448625180945]]]},{"type":"Polygon","coordinates":[[[43.229,-6.313],[43.123,-5.928],[43.159,-5.777],[43.216,-5.06],[43.192,-4.681],[43.288,-4.681],[43.401,-4.589],[43.42056298137257,-4.5690365166465785],[43.349,-4.829],[43.302,-5.433],[43.317,-6.353],[43.425,-7.093],[43.50458321627069,-7.40576760520369],[43.637,-7.221],[43.50541376064689,-7.4090317026821815],[43.568,-7.655],[43.766,-8.128],[44.636,-9.346],[44.183069850479804,-9.510533809417542],[43.174,-8.103],[43.28706787207727,-7.72103962541964],[43.271,-7.744],[43.246,-7.368],[43.285,-6.891],[43.229,-6.313]]]},{"type":"Polygon","coordinates":[[[68.25216566669023,-8.082889108491635],[68.225,-8.032],[68.133,-7.79],[68.25216566669023,-8.082889108491635]]]},{"type":"Polygon","coordinates":[[[59.6,-6.489],[59.657,-7.067],[59.65624123650347,-7.077066262387221],[59.6,-6.489]]]},{"type":"Polygon","coordinates":[[[44.538,-6.481],[45.082,-6.232],[45.389983870967654,-6.15203225806454],[45.074,-6.236],[44.538,-6.481]]]},{"type":"Polygon","coordinates":[[[-11.591,-6.0],[-11.734,-5.799],[-11.590549473684211,-6.0],[-11.395,-6.274],[-11.591,-6.0]]]},{"type":"Polygon","coordinates":[[[46.57804355800087,-6.047663915635026],[46.898,-6.075],[46.912805795178066,-6.078476664454767],[46.57804355800087,-6.047663915635026]]]},{"type":"Polygon","coordinates":[[[45.871300000000055,-6.068099999999996],[46.383,-6.031],[46.38933305159184,-6.031541076252506],[45.871300000000055,-6.068099999999996]]]},{"type":"Polygon","coordinates":[[[68.205,-5.003],[68.008,-5.561],[67.897,-6.208],[67.932,-5.848],[68.013,-5.483],[68.155,-5.067],[68.493,-4.464],[68.205,-5.003]]]},{"type":"Polygon","coordinates":[[[-12.683,-5.013],[-12.179,-5.362],[-12.168312138903174,-5.372495719773737],[-12.683,-5.013]]]},{"type":"Polygon","coordinates":[[[68.493,-4.464],[68.735,-3.813],[68.74116672859863,-3.8028608388685217],[68.493,-4.464]]]},{"type":"Polygon","coordinates":[[[68.98976479514454,-3.3941229135046984],[69.061,-3.277],[69.06938962221207,-3.2669062357761183],[68.98976479514454,-3.3941229135046984]]]},{"type":"Polygon","coordinates":[[[69.28299841646866,-3.009908155186139],[69.317,-2.969],[69.32959203084836,-2.956925449871426],[69.28299841646866,-3.009908155186139]]]},{"type":"Polygon","coordinates":[[[50.842,-2.726],[51.256,-2.316],[51.733,-1.985],[51.245,-2.327],[50.842,-2.726]]]},{"type":"Polygon","coordinates":[[[7.27,-1.482],[7.363,-2.074],[7.048602309246618,-3.848457714932351],[6.952,-3.631],[6.732,-3.246],[6.586,-2.716],[6.24,-1.963],[6.108,-1.515],[6.128,-1.255],[6.083,-1.008],[5.860112740833307,-0.5645232884621467],[7.27,-1.482]]]},{"type":"Polygon","coordinates":[[[-2.916,1.483],[-4.596,1.106],[-5.351,1.044],[-6.049,1.073],[-6.637008833922262,1.1429031480886604],[-6.332,1.225],[-4.956,1.803],[-4.098,1.882],[-3.651,1.798],[-3.229,1.602],[-2.852514387543455,1.502006495087299],[-2.916,1.483]]]},{"type":"Polygon","coordinates":[[[8.994,3.904],[9.212,3.67],[9.279,3.546],[9.257,3.311],[9.308,3.035],[9.075,2.576],[9.596,2.461],[9.803802469135801,2.342668038408779],[9.772,2.325],[9.785646625070902,2.1417453204764585],[9.774391304347828,2.115717391304353],[9.762,2.093],[9.77680694980695,2.0451621621621645],[9.807817858912935,1.9168897654055832],[9.787294742163803,1.8899658746208308],[9.743,1.845],[9.737787303664922,1.8250179973821992],[9.640339757956074,1.6971783953384139],[9.609,1.668],[9.627,1.595],[9.607390132480585,1.5715609867519413],[9.593,1.573],[9.578714285714286,1.537285714285713],[9.458,1.393],[9.458014992927865,1.391995473833097],[9.457,1.391],[9.457,1.331],[9.409633250620354,1.2628272952853692],[9.341,1.175],[9.41,1.1],[9.466674846625768,1.1137116564417178],[9.537064084139013,1.123987457538542],[9.587,1.026],[9.549,1.025],[9.507,0.952],[9.415,0.96],[9.361,0.853],[9.153,0.756],[8.233,0.734],[8.55,2.067],[7.607,2.71],[7.377,2.87],[7.377,3.253],[7.82,3.645],[7.819,3.71],[8.055,3.874],[8.083,3.865],[8.07,3.884],[8.325,4.061],[8.492,4.111],[8.603,4.122],[8.831,3.963],[8.994,3.904]],[[9.319,0.937],[9.303,0.896],[9.345,0.895],[9.319,0.937]],[[8.955,3.634],[8.961,3.7],[8.914,3.751],[8.903481919234558,3.7514322498944703],[8.898,3.765],[8.688,3.771],[8.613,3.671],[8.573,3.468],[8.458,3.466],[8.414,3.362],[8.448,3.272],[8.450409966024916,3.2713340883352204],[8.454,3.262],[8.691,3.196],[8.716,3.234],[8.774,3.311],[8.784,3.394],[8.955,3.634]]]},{"type":"Polygon","coordinates":[[[2.099,2.912],[2.489,3.012],[2.667,3.014],[3.096,2.407],[3.368352303084271,2.1318106937586014],[3.33,2.153],[2.028566476243556,2.6390775811620455],[2.166,2.675],[2.099,2.912]]]},{"type":"Polygon","coordinates":[[[-18.134,7.06],[-18.58,7.773],[-19.11948359192095,9.197425975159708],[-19.056,9.11],[-18.567,8.646],[-17.935,9.071],[-17.588,8.608],[-16.74,7.743],[-16.56,7.495],[-16.405,6.936],[-15.982,5.98],[-15.622,5.476],[-15.161,5.027],[-14.643,4.674],[-13.583,4.224],[-12.458,3.4],[-12.063,3.177],[-11.568,2.694],[-10.714,2.098],[-9.936,1.693],[-9.102890836215213,1.3341584468900587],[-9.313,1.363],[-10.832,1.68],[-12.116,1.792],[-12.883,1.969],[-13.481,2.308],[-14.94,3.391],[-15.923,4.3],[-16.383,4.836],[-16.85,5.153],[-17.421,5.616],[-17.765,6.221],[-18.134,7.06]]]},{"type":"Polygon","coordinates":[[[69.25608956703738,5.584940949654861],[69.217,5.977],[69.21691874735505,5.990487939060464],[69.25608956703738,5.584940949654861]]]},{"type":"Polygon","coordinates":[[[69.21621471471471,6.107357357357821],[69.214,6.475],[69.21699431587494,6.497157937474624],[69.21621471471471,6.107357357357821]]]},{"type":"Polygon","coordinates":[[[60.467,10.619],[58.727,10.923],[57.794,10.975],[57.55238885899283,11.010446726188754],[57.727,11.359],[57.892,11.916],[57.957,12.493],[57.917,13.087],[57.776,13.65],[57.535,14.18],[57.433,14.335],[57.573,14.368],[58.118,14.609],[58.613,14.937],[59.043,15.341],[59.396,15.812],[59.527,16.07],[60.016,16.386],[60.494,16.818],[60.854,17.285],[61.113,17.781],[61.431,18.074],[61.998,18.767],[62.276,19.283],[62.448,19.81],[63.135,20.983],[63.343,21.604],[63.37,21.79],[63.876,21.774],[64.609,21.82],[65.1,21.35],[65.606,21.059],[65.906,20.505],[66.31,20.002],[67.859,18.527],[68.079,18.352],[68.721,17.945],[69.492,17.611],[69.828,16.487],[69.901,15.931],[70.045,15.43],[70.063,15.244],[69.765,15.04],[69.44,14.754],[69.212,14.5],[68.869,14.0],[68.642,13.5],[68.423,12.805],[68.334,12.3],[68.324,11.8],[68.402,11.246],[68.727,10.267],[69.045,8.916],[69.37892243210696,8.157926672607063],[69.22,8.2],[68.649,8.449],[68.14,8.526],[66.499,8.982],[65.745,9.233],[65.057,9.365],[63.855,9.76],[62.901,10.015],[62.244,10.315],[61.445,10.431],[60.802,10.663],[60.467,10.619]]]},{"type":"Polygon","coordinates":[[[-12.763,34.821],[-12.657,34.618],[-12.59,34.415],[-12.763,34.821]]]},{"type":"Polygon","coordinates":[[[-14.07186481821419,35.97324099290391],[-14.033,35.955],[-13.604,35.683],[-14.07186481821419,35.97324099290391]]]},{"type":"Polygon","coordinates":[[[-14.62254015895905,36.212007511989],[-14.506,36.177],[-14.200295337528626,36.03351916475973],[-14.62254015895905,36.212007511989]]]},{"type":"Polygon","coordinates":[[[-13.679683707172787,42.09619171801824],[-13.688,42.113],[-13.711642549913336,42.21931520831997],[-13.679683707172787,42.09619171801824]]]},{"type":"Polygon","coordinates":[[[-13.834513043023682,42.77183607088714],[-13.843,42.81],[-13.852,43.39],[-13.834513043023682,42.77183607088714]]]},{"type":"Polygon","coordinates":[[[-8.927950000000003,43.232],[-8.921663087745282,43.23633580155498],[-8.91907423580786,43.23435371179039],[-8.921000000000001,43.232],[-8.927950000000003,43.232]]]},{"type":"Polygon","coordinates":[[[-2.688,43.381],[-2.737009584664529,43.43679552715654],[-2.752,43.457],[-2.947,43.436],[-2.946859176606387,43.432197768372454],[-3.0336068003487364,43.375904097646035],[-3.036,43.375],[-3.0220087751640734,43.32929533220264],[-3.033736758893282,43.33272885375494],[-3.074,43.354],[-3.045,43.359],[-3.0983097777777817,43.36351777777777],[-3.107903897222422,43.35444225938419],[-3.184721340874601,43.37693157676921],[-3.223,43.397],[-3.2472838026205726,43.395247560635624],[-3.3227336496103015,43.41733649610301],[-3.323,43.42],[-3.423,43.41],[-3.449,43.434],[-3.449198198198197,43.433391248391246],[-3.451,43.435],[-3.461891089108912,43.394405940594055],[-3.4620149253731345,43.39402558635394],[-3.483,43.43],[-3.4558132780083026,43.447775933609954],[-3.427,43.458],[-3.4369925650557627,43.46008178438662],[-3.431,43.464],[-3.548772424017791,43.498951816160115],[-3.55,43.51],[-3.5593810375670847,43.50210017889088],[-3.585419376809127,43.50982768602077],[-3.585,43.515],[-3.723,43.473],[-3.7244533379937073,43.46874379587557],[-3.759393013100439,43.443196506550215],[-3.771,43.449],[-3.8104934346924644,43.40583275742917],[-3.812964340490797,43.40402607361963],[-3.816800000000089,43.411000000000165],[-3.829863867253641,43.43506501862513],[-3.763,43.467],[-3.784,43.492],[-3.7896856622430373,43.49072495446266],[-3.79,43.491],[-3.945,43.468],[-3.9639328127541953,43.45164893443956],[-4.007483694627707,43.441882375117814],[-4.017,43.448],[-4.0164059634286975,43.439881500192186],[-4.041915332162414,43.43416086372559],[-4.051,43.443],[-4.204352380952379,43.397733333333335],[-4.220006818181818,43.39422272727273],[-4.352,43.404],[-4.377727171243581,43.393548336682294],[-4.399622633043165,43.39348523736875],[-4.41,43.402],[-4.565,43.396],[-4.69189370778525,43.417225026661924],[-4.926,43.463],[-4.975877140310569,43.4647258526059],[-5.121,43.489],[-5.207,43.478],[-5.289,43.534],[-5.297038461538459,43.53452884615385],[-5.299,43.536],[-5.373,43.54],[-5.384565165876777,43.53166232227488],[-5.398,43.553],[-5.407884995988228,43.55268226798609],[-5.409,43.554],[-5.610232645403832,43.54617823639773],[-5.678,43.544],[-5.6891879084967325,43.551436274509804],[-5.683,43.57],[-5.7332432336812325,43.58071855651866],[-5.800621727019504,43.625503064066855],[-5.84,43.662],[-5.946,43.599],[-5.9337196261682275,43.59531588785047],[-5.939267816466001,43.59158346892288],[-6.019,43.588],[-6.0434934243382745,43.56899017812552],[-6.078198567041966,43.56428019447287],[-6.078,43.565],[-6.105612903225811,43.56448387096774],[-6.236,43.595],[-6.239439666357735,43.59437201112141],[-6.244,43.597],[-6.258926475330548,43.59081425346662],[-6.417481781376522,43.56186639676113],[-6.47,43.571],[-6.516723793924948,43.55330159321024],[-6.567854023818121,43.55626407434139],[-6.626,43.575],[-6.707352988909915,43.56434663240466],[-6.744154964276919,43.56647893569845],[-6.745,43.568],[-6.808688683602631,43.57021801385681],[-6.943,43.578],[-7.019,43.564],[-7.016820652173914,43.55964130434783],[-7.029,43.557],[-7.007,43.53],[-7.023197183098584,43.51028169014085],[-7.045,43.49],[-7.045,43.525076923076924],[-7.04,43.557],[-7.045,43.55730456852792],[-7.045,43.559],[-7.231,43.57],[-7.232543889264008,43.568728561782585],[-7.237,43.569],[-7.264371601208461,43.54345317220543],[-7.260940298507467,43.55138805970148],[-7.246,43.577],[-7.358,43.672],[-7.365174166225502,43.67531533439209],[-7.366,43.676],[-7.367643835616465,43.676456621004576],[-7.466036923076925,43.72192615384615],[-7.464,43.726],[-7.475716814159297,43.726399436846336],[-7.49,43.733],[-7.5139615564932,43.72770323488045],[-7.552,43.729],[-7.560015807152734,43.717522821576765],[-7.585,43.712],[-7.596569705093835,43.66737399463807],[-7.63,43.748],[-7.635362598250036,43.74657555983983],[-7.638,43.753],[-7.6573520621637785,43.74073460848775],[-7.692605904270562,43.73137030667813],[-7.688804687499989,43.736789062500016],[-7.659,43.77],[-7.662955007256892,43.77363860667634],[-7.662,43.775],[-7.669714285714279,43.77985714285714],[-7.684,43.793],[-7.686364116094985,43.79034036939314],[-7.689,43.792],[-7.813,43.727],[-7.81187240356083,43.719783382789316],[-7.816629444791017,43.69679101684342],[-7.8606725025746655,43.70593202883625],[-7.854032679738564,43.7121568627451],[-7.849,43.71],[-7.852689189189185,43.72141891891891],[-7.866,43.772],[-7.868592105263158,43.77064223057644],[-7.87,43.775],[-8.0,43.706],[-8.062,43.705],[-8.077,43.661],[-8.06261702127659,43.64551063829787],[-8.079451612903211,43.656032258064506],[-8.093,43.667],[-8.2593477391956,43.5583847114664],[-8.292152542372891,43.56037288135593],[-8.323,43.565],[-8.315434782608698,43.556652173913044],[-8.298194805194804,43.53079220779221],[-8.332,43.513],[-8.341,43.458],[-8.33977524143986,43.45846093064091],[-8.34,43.457],[-8.23338013087448,43.488431290898276],[-8.2,43.478],[-8.173690962099128,43.49759183673469],[-8.192209944751387,43.468784530386735],[-8.194814269952188,43.465847738139026],[-8.282978723404227,43.44936170212766],[-8.317,43.445],[-8.310385729058938,43.44423681489142],[-8.317,43.443],[-8.136419712793728,43.42347780678851],[-8.149397887323936,43.418704225352116],[-8.213,43.403],[-8.213325389105057,43.3951906614786],[-8.222,43.392],[-8.21790538299989,43.33350547142699],[-8.306,43.406],[-8.323963340122196,43.40013441955193],[-8.33,43.404],[-8.33323042168675,43.397108433734935],[-8.355,43.39],[-8.35016393442623,43.360983606557376],[-8.357240000000001,43.345888],[-8.374075601374571,43.342039862542954],[-8.4,43.39],[-8.533,43.315],[-8.707539210074417,43.28978878076703],[-8.833324324324415,43.34343243243247],[-8.839,43.346],[-8.839487702459508,43.34388662267546],[-8.889780701754379,43.32137786774629],[-8.91,43.322],[-8.90935298245614,43.31261824561403],[-8.98,43.281],[-8.976501138952164,43.27832118451025],[-8.992,43.275],[-8.949826923076925,43.232],[-9.005166666666684,43.232],[-9.012,43.233],[-9.05992544011046,43.183077666551604],[-9.061540178571429,43.18312053571429],[-9.175,43.192],[-9.214,43.165],[-9.205,43.129],[-9.204560020090407,43.129024108488196],[-9.204,43.126],[-9.191541899441338,43.129737430167594],[-9.164437250554323,43.13122261640798],[-9.166,43.107],[-9.210770716009652,43.10784473049075],[-9.217,43.113],[-9.21780361173815,43.107977426636566],[-9.219,43.108],[-9.230436265709153,43.08904847396769],[-9.257,43.092],[-9.27068451025057,43.049121867881546],[-9.280421874999996,43.048609375],[-9.3,43.057],[-9.253581395348837,43.004779069767444],[-9.267038461538458,42.976519230769235],[-9.298,42.922],[-9.282,42.889],[-9.277106761565838,42.89418683274022],[-9.273,42.887],[-9.227,42.938],[-9.2012711864407,42.92569491525425],[-9.183,42.916],[-9.183205059920107,42.91705459387483],[-9.181,42.916],[-9.184561403508772,42.948052631578946],[-9.128,42.907],[-9.152,42.871],[-9.140626746506985,42.85807584830339],[-9.141,42.857],[-9.1357619047619,42.85254761904761],[-9.108,42.821],[-9.154,42.802],[-9.092,42.737],[-9.08946153846154,42.738846153846154],[-9.086,42.735],[-9.080341317365267,42.74547904191617],[-9.048,42.769],[-9.059917475728154,42.78330097087378],[-9.059,42.785],[-8.96,42.773],[-8.947373314737334,42.785401208740126],[-8.874637547892725,42.82544674329502],[-8.87132977777778,42.82515911111111],[-8.879141713370698,42.808469975980785],[-8.91409858866844,42.7827917774596],[-8.929,42.784],[-9.034,42.696],[-9.093,42.576],[-9.035,42.559],[-9.048,42.517],[-9.006,42.513],[-8.996208205756277,42.54629210042866],[-8.922,42.586],[-8.921965397923875,42.58636332179931],[-8.92,42.587],[-8.921712846347607,42.58901511335013],[-8.918263829787234,42.62522978723404],[-8.913796610169491,42.62957627118644],[-8.893322352941176,42.63725411764706],[-8.857,42.606],[-8.856520833333333,42.608555555555554],[-8.856,42.608],[-8.84,42.682],[-8.837678224687938,42.680427184466026],[-8.804,42.637],[-8.786681723419042,42.64588116747741],[-8.778,42.64],[-8.760074662430501,42.659525814138206],[-8.734358036573628,42.67271382739814],[-8.75807515657619,42.61842797494783],[-8.769850467289723,42.59692523364486],[-8.818694915254223,42.57850847457628],[-8.83,42.575],[-8.823696356275303,42.48885020242915],[-8.831,42.486],[-8.821874074074074,42.46394567901234],[-8.821355512384653,42.456858669256924],[-8.868390919158362,42.454036544850496],[-8.871,42.501],[-8.871968262806236,42.500502783964365],[-8.872,42.501],[-8.942,42.467],[-8.938414402173915,42.46638179347826],[-8.945,42.463],[-8.882759832197166,42.45509648662821],[-8.882,42.453930232558136],[-8.882,42.415],[-8.839,42.384],[-8.657688212927757,42.42666159695817],[-8.767,42.34],[-8.831,42.343],[-8.829992930277912,42.33926791808874],[-8.837,42.34],[-8.818628664495114,42.2839674267101],[-8.849,42.31],[-8.85106028486254,42.303922159655514],[-8.858,42.309],[-8.873,42.25],[-8.821037037037275,42.25851851851848],[-8.684,42.28],[-8.63,42.35],[-8.616808510638306,42.35052765957447],[-8.606615384615388,42.3481978021978],[-8.608,42.348],[-8.618,42.286],[-8.625304808116454,42.28190295544773],[-8.763,42.232],[-8.85,42.157],[-8.842857142857149,42.148428571428575],[-8.824,42.117],[-8.846926829268252,42.114248780487806],[-8.9,42.113],[-8.898238550578759,42.09792199295418],[-8.882152613976412,41.885019890864285],[-8.897,41.856],[-9.556,41.811],[-11.409,41.785],[-12.104011962890281,41.64202821070104],[-12.103,41.65],[-11.826,42.494],[-11.504,43.002],[-10.774,43.877],[-10.45,44.167],[-9.714,44.586],[-8.656,44.901],[-7.876,44.899],[-6.904,44.832],[-5.802,44.689],[-4.23,44.615],[-3.389,44.513],[-2.818,44.536],[-2.741063534224018,44.520426757682806],[-2.605,44.411],[-2.19,43.89],[-1.858,43.661],[-1.772,43.525],[-1.771,43.365],[-1.7757872340425531,43.3618085106383],[-1.795,43.392],[-1.7960575737704918,43.391675803278694],[-1.796,43.393],[-1.8055928273561137,43.388752793995],[-2.131,43.289],[-2.1633433059087546,43.291597855896285],[-2.202,43.312],[-2.302667736022008,43.30278857317446],[-2.38,43.309],[-2.50010344827554,43.35694827586194],[-2.643,43.415],[-2.682,43.41],[-2.682557073600705,43.384374614367566],[-2.688,43.381]],[[-3.083,43.378],[-3.104,43.364],[-3.0983097777777817,43.36351777777777],[-3.083,43.378]]]},{"type":"Polygon","coordinates":[[[-8.217811185600148,43.33215979428782],[-8.21790538299989,43.33350547142699],[-8.215962232480067,43.33190642047838],[-8.216,43.331],[-8.217811185600148,43.33215979428782]]]},{"type":"Polygon","coordinates":[[[-8.38218238021638,43.33914683153014],[-8.383,43.34],[-8.374075601374571,43.342039862542954],[-8.372708757637476,43.33951120162933],[-8.38218238021638,43.33914683153014]]]},{"type":"Polygon","coordinates":[[[-7.86088,43.705737500000005],[-7.858714285714286,43.701],[-7.854198606271777,43.66939024390244],[-7.860493670886078,43.66828860759494],[-7.884262757044935,43.66934501142422],[-7.881970297029703,43.68596534653466],[-7.86088,43.705737500000005]]]},{"type":"Polygon","coordinates":[[[-2.006,44.011],[-2.489602466764694,44.469526783302825],[-2.487,44.469],[-2.006,44.011]]]},{"type":"Polygon","coordinates":[[[-13.72,43.97],[-13.45,44.517],[-13.389841021511561,44.59331738180145],[-13.72,43.97]]]},{"type":"Polygon","coordinates":[[[-11.958883376082078,48.42679020026142],[-11.445,48.284],[-10.819,48.188],[-10.404,47.802],[-9.877,47.435],[-9.801,47.192],[-9.637,46.874],[-9.452798451192173,46.62973272875484],[-9.802,46.545],[-10.182,46.526],[-10.538136078221335,46.546042290116354],[-10.875,46.565],[-11.098,46.658],[-11.698,47.083],[-11.887,47.443],[-11.886,47.671],[-11.964,48.328],[-11.958883376082078,48.42679020026142]]]},{"type":"Polygon","coordinates":[[[-5.2070495957665255,61.204522558087575],[-5.207,61.205],[-3.756,62.007],[-5.2070495957665255,61.204522558087575]]]},{"type":"Polygon","coordinates":[[[4.108,69.204],[3.502,68.667],[3.165,68.044],[3.125,67.464],[3.344,66.89],[3.396,66.828],[3.347,66.737],[3.333,66.546],[3.277,66.439],[2.305,65.995],[1.39,65.364],[1.086,65.258],[-0.487,64.433],[-1.396,64.885],[-2.496,65.234],[-4.085,65.546],[-5.557,65.694],[-5.618,66.171],[-5.943,66.736],[-6.271,67.037],[-6.629,67.645],[-6.609,67.613],[-5.928,67.675],[-4.459,67.897],[-2.256,68.344],[-0.997,68.71],[0.099,69.14],[1.009,69.624],[1.704,70.153],[2.267,70.833],[2.431,71.411],[2.28,71.99],[2.0728715244448312,72.22414523323627],[1.774,72.562],[0.924,73.085],[-0.288,73.555],[-1.827,73.944],[-3.651,74.238],[-5.008,74.363],[-4.536,74.825],[-4.307,75.251],[-4.277,75.609],[-4.349,75.859],[-4.455,76.038],[-3.967,76.378],[-3.378,76.622],[-2.79,76.914],[-1.275,76.45],[0.652,76.021],[2.447,75.371],[3.999,74.949],[4.782,74.784],[6.399,74.308],[6.633,73.942],[7.322,73.395],[7.343917580153102,73.38360369168845],[8.374,72.848],[9.557,72.388],[10.262,72.174],[9.934,71.982],[8.085,71.435],[7.044,70.962],[6.274,70.569],[5.945,70.323],[5.153,69.915],[4.647,69.502],[4.108,69.204]]]},{"type":"Polygon","coordinates":[[[57.22682708411919,70.60617529234251],[57.164,70.627],[58.803,70.213],[57.22682708411919,70.60617529234251]]]},{"type":"Polygon","coordinates":[[[57.10056600628073,70.63767103477689],[57.133,70.635],[57.10919955840602,70.63551740090422],[57.10056600628073,70.63767103477689]]]},{"type":"Polygon","coordinates":[[[41.755,74.283],[41.744,74.059],[41.377,73.643],[41.255,73.422],[41.006,72.812],[40.941,72.499],[40.949,72.32],[41.013,72.042],[39.718,72.265],[39.22,72.507],[38.538,72.763],[36.854,73.291],[33.708,73.972],[35.606,74.464],[36.976,74.929],[37.0,75.195],[38.0,75.8],[38.0,76.825],[41.841,76.939],[44.036,76.811],[43.468,76.447],[43.207,76.222],[43.006,76.003],[42.894,75.826],[42.811,75.604],[42.79,75.425],[42.209,75.016],[41.969,74.754],[41.824,74.506],[41.755,74.283]]]},{"type":"Polygon","coordinates":[[[0.4277580239295744,81.82861140917294],[2.222,82.006],[5.982,82.329],[0.4277580239295744,81.82861140917294]]]},{"type":"Polygon","coordinates":[[[64.791,82.966],[88.281,82.974],[64.79059096140527,82.96404167274945],[15.156,82.943],[64.791,82.966]]]},{"type":"Polygon","coordinates":[[[20.613,84.163],[19.414,84.161],[14.915,84.028],[8.116,83.74],[7.377,83.89],[6.266,84.054],[6.22,84.113],[5.474,84.435],[4.904,84.632],[2.127,85.482],[1.733,85.527],[1.586,85.576],[0.127,85.802],[-0.892,85.898],[-5.099,86.254],[-8.489,86.497],[-9.723,86.576],[-13.372,86.727],[-18.467,86.888],[-20.395,86.918],[-32.566,87.022],[-40.0,86.97],[-40.0,90.0],[68.5,90.0],[68.5,85.015],[64.631,85.139],[57.77,85.19],[50.532,85.066],[43.677,84.73],[39.334,84.323],[37.962,84.109],[34.59,83.815],[33.893,83.716],[27.265,83.989],[20.613,84.163]]]},{"type":"Polygon","coordinates":[[[74.52682435086184,-56.46800916430286],[74.268,-56.496],[73.52,-56.522],[73.50289678510998,-56.52143147208122],[74.52682435086184,-56.46800916430286]]]},{"type":"Polygon","coordinates":[[[73.45532706059467,-56.519850207000374],[72.798,-56.498],[72.45453930109149,-56.46118333833984],[73.45532706059467,-56.519850207000374]]]},{"type":"Polygon","coordinates":[[[75.64373626373627,-56.295043956043955],[74.98,-56.419],[74.75216000000006,-56.443639999999995],[75.64373626373627,-56.295043956043955]]]},{"type":"Polygon","coordinates":[[[72.22260883807355,-56.43632196289646],[72.089,-56.422],[70.891,-56.227],[70.78358505442108,-56.20377012422601],[72.22260883807355,-56.43632196289646]]]},{"type":"Polygon","coordinates":[[[76.72084264479757,-55.98820861096873],[76.495,-56.067],[75.735,-56.278],[75.72257396352121,-56.280320624031134],[76.72084264479757,-55.98820861096873]]]},{"type":"Polygon","coordinates":[[[70.58650810153921,-56.161149675938404],[70.313,-56.102],[69.8737190802893,-55.968786111626194],[70.58650810153921,-56.161149675938404]]]},{"type":"Polygon","coordinates":[[[77.68649578049124,-55.57372405827166],[77.6,-55.625],[77.074,-55.865],[76.9187823228634,-55.91915193571951],[77.68649578049124,-55.57372405827166]]]},{"type":"Polygon","coordinates":[[[78.59911567732124,-54.9217488584474],[78.527,-54.997],[78.4844804980861,-55.030037453365026],[78.59911567732124,-54.9217488584474]]]},{"type":"Polygon","coordinates":[[[78.90976500365599,-54.58112464143091],[78.872,-54.637],[78.80727846674179,-54.70453551296508],[78.90976500365599,-54.58112464143091]]]},{"type":"Polygon","coordinates":[[[79.14886875051819,-54.220455517784615],[79.141,-54.239],[79.09444714686629,-54.30787745556587],[79.14886875051819,-54.220455517784615]]]},{"type":"Polygon","coordinates":[[[79.32677590361445,-53.760713253012064],[79.312,-53.836],[79.30038952704274,-53.86336269357762],[79.32677590361445,-53.760713253012064]]]},{"type":"Polygon","coordinates":[[[79.39466428302597,-53.3441824112407],[79.396,-53.408],[79.38322067901234,-53.47311368312762],[79.39466428302597,-53.3441824112407]]]},{"type":"Polygon","coordinates":[[[79.35258575153503,-52.83250609807387],[79.387,-52.978],[79.3901750413655,-53.12969642079598],[79.35258575153503,-52.83250609807387]]]},{"type":"Polygon","coordinates":[[[79.18631254685478,-52.32976848633546],[79.286,-52.551],[79.31113672086289,-52.65727108721242],[79.18631254685478,-52.32976848633546]]]},{"type":"Polygon","coordinates":[[[78.83,-51.737],[79.099,-52.136],[79.12195557884755,-52.18694419904669],[78.83,-51.737]]]},{"type":"Polygon","coordinates":[[[78.43603488913013,-51.321913216519384],[78.484,-51.362],[78.83,-51.737],[78.43603488913013,-51.321913216519384]]]},{"type":"Polygon","coordinates":[[[77.96450387714766,-50.94638482590849],[78.07,-51.016],[78.27376720351381,-51.18629819424102],[77.96450387714766,-50.94638482590849]]]},{"type":"Polygon","coordinates":[[[77.1386853252647,-50.42928290468984],[77.382,-50.562],[77.75575522033145,-50.808634985509414],[77.1386853252647,-50.42928290468984]]]},{"type":"Polygon","coordinates":[[[76.54723529411763,-50.14920034100596],[76.887,-50.292],[76.97027129750984,-50.33742070773264],[76.54723529411763,-50.14920034100596]]]},{"type":"Polygon","coordinates":[[[75.602,-49.826],[76.266,-50.031],[76.30279240088107,-50.04646347283407],[75.602,-49.826]]]},{"type":"Polygon","coordinates":[[[73.563,-46.465],[74.207,-46.856],[74.748,-47.314],[74.21,-46.859],[73.563,-46.465]]]},{"type":"Polygon","coordinates":[[[79.07209023354565,-41.85886836518047],[79.069,-41.86],[78.318,-42.017],[79.07209023354565,-41.85886836518047]]]},{"type":"Polygon","coordinates":[[[73.60337788018433,-36.62625431263001],[73.609,-36.612],[73.94,-36.096],[73.60337788018433,-36.62625431263001]]]},{"type":"Polygon","coordinates":[[[80.2,-35.23],[80.719,-35.628],[80.72051805278522,-35.62962998294451],[80.2,-35.23]]]},{"type":"Polygon","coordinates":[[[97.17266271948289,-15.5399228262198],[97.083,-15.554],[96.84061973310915,-15.543205737102028],[97.17266271948289,-15.5399228262198]]]},{"type":"Polygon","coordinates":[[[96.44494269328037,-15.525584492413296],[96.342,-15.521],[96.13812017362008,-15.470179515418495],[96.44494269328037,-15.525584492413296]]]},{"type":"Polygon","coordinates":[[[97.85495994857993,-15.418713172377776],[97.79,-15.443],[97.55670345202502,-15.479627888013045],[97.85495994857993,-15.418713172377776]]]},{"type":"Polygon","coordinates":[[[95.78358043464284,-15.38180450716904],[95.66,-15.351],[95.46181741417497,-15.255809939091918],[95.78358043464284,-15.38180450716904]]]},{"type":"Polygon","coordinates":[[[98.49969095682759,-15.166520496371335],[98.456,-15.194],[98.22653354463814,-15.279791512590247],[98.49969095682759,-15.166520496371335]]]},{"type":"Polygon","coordinates":[[[95.14318103215345,-15.102764117805984],[95.025,-15.046],[94.8706227650466,-14.928916142029728],[95.14318103215345,-15.102764117805984]]]},{"type":"Polygon","coordinates":[[[98.87821734357837,-14.92844566410545],[99.07786219196608,-14.795712750332205],[99.057,-14.816],[98.87821734357837,-14.92844566410545]]]},{"type":"Polygon","coordinates":[[[94.60231353512279,-14.725423186750431],[94.491,-14.641],[94.36050777202075,-14.493487046632154],[94.60231353512279,-14.725423186750431]]]},{"type":"Polygon","coordinates":[[[99.5730872781384,-14.309890034290166],[99.565,-14.322],[99.40646418246068,-14.476166720205558],[99.5730872781384,-14.309890034290166]]]},{"type":"Polygon","coordinates":[[[94.12762490332555,-14.230228151585408],[94.031,-14.121],[93.94226928281465,-13.965852503383003],[94.12762490332555,-14.230228151585408]]]},{"type":"Polygon","coordinates":[[[93.76950767987066,-13.663775262732413],[93.693,-13.53],[93.63504098530323,-13.354094390395321],[93.76950767987066,-13.663775262732413]]]},{"type":"Polygon","coordinates":[[[103.32879564266008,-13.048288174293603],[103.229,-12.974],[103.13262121985817,-12.86696181560285],[103.32879564266008,-13.048288174293603]]]},{"type":"Polygon","coordinates":[[[93.54075373671509,-13.067932590930312],[93.493,-12.923],[93.46758908353517,-12.720665577648811],[93.54075373671509,-13.067932590930312]]]},{"type":"Polygon","coordinates":[[[100.29049096385549,-12.648340361445392],[100.211,-13.096],[100.20322853453841,-13.11536888315042],[100.29049096385549,-12.648340361445392]]]},{"type":"Polygon","coordinates":[[[102.89407715008429,-12.602034991568262],[102.795,-12.492],[102.73625142149672,-12.392926953411616],[102.89407715008429,-12.602034991568262]]]},{"type":"Polygon","coordinates":[[[100.318623853211,-12.175999999998973],[100.325,-12.454],[100.32384420131291,-12.460508971553635],[100.318623853211,-12.175999999998973]]]},{"type":"Polygon","coordinates":[[[93.42915760975927,-12.414654967708273],[93.413,-12.286],[93.42311292580494,-11.980445170322016],[93.42915760975927,-12.414654967708273]]]},{"type":"Polygon","coordinates":[[[102.53830305609287,-12.05910870406195],[102.457,-11.922],[102.43052999605831,-11.846021284982204],[102.53830305609287,-12.05910870406195]]]},{"type":"Polygon","coordinates":[[[100.1970454211857,-11.269421919595601],[100.238,-11.411],[100.31,-11.8],[100.31014175994771,-11.8061807337201],[100.1970454211857,-11.269421919595601]]]},{"type":"Polygon","coordinates":[[[102.29601591895806,-11.459916063675909],[102.241,-11.302],[102.23467632760854,-11.255815875792697],[102.29601591895806,-11.459916063675909]]]},{"type":"Polygon","coordinates":[[[93.43695112016293,-11.562334012219925],[93.441,-11.44],[93.506,-11.085],[93.50757282850779,-11.079752338530067],[93.43695112016293,-11.562334012219925]]]},{"type":"Polygon","coordinates":[[[100.07052647071015,-10.84777890634712],[100.087,-10.889],[100.13113166449934,-11.041561118335464],[100.07052647071015,-10.84777890634712]]]},{"type":"Polygon","coordinates":[[[93.5184237673256,-11.043548738922976],[93.613,-10.728],[93.68539047269113,-10.574895411416323],[93.5184237673256,-11.043548738922976]]]},{"type":"Polygon","coordinates":[[[72.507,-10.79],[72.32576500804768,-10.78092079038389],[72.78710982469552,-10.764940472939763],[72.507,-10.79]]]},{"type":"Polygon","coordinates":[[[72.1188901341752,-10.770557116548275],[71.988,-10.764],[71.554,-10.679],[72.1188901341752,-10.770557116548275]]]},{"type":"Polygon","coordinates":[[[102.1676420373027,-10.766239598278156],[102.152,-10.652],[102.1529050927962,-10.63762626440323],[102.1676420373027,-10.766239598278156]]]},{"type":"Polygon","coordinates":[[[71.554,-10.679],[71.136,-10.538],[70.98178458561755,-10.465803611738153],[71.554,-10.679]]]},{"type":"Polygon","coordinates":[[[74.05812377850152,-10.365791530944676],[73.663,-10.563],[73.374,-10.661],[73.01,-10.745],[72.90389440147561,-10.75449254857574],[73.522,-10.609],[74.05812377850152,-10.365791530944676]]]},{"type":"Polygon","coordinates":[[[70.8905661274976,-10.42309942911512],[70.822,-10.391],[70.66799625117146,-10.29550046860353],[70.8905661274976,-10.42309942911512]]]},{"type":"Polygon","coordinates":[[[74.61548550795217,-9.983668345694145],[74.529,-10.068],[74.222,-10.284],[74.14011318071297,-10.324870165619105],[74.61548550795217,-9.983668345694145]]]},{"type":"Polygon","coordinates":[[[93.82736477576867,-10.274622233827255],[93.9,-10.121],[94.00598328678049,-9.97880131874176],[93.82736477576867,-10.274622233827255]]]},{"type":"Polygon","coordinates":[[[99.51639488559891,-9.788579106582052],[99.528,-9.801],[99.866,-10.336],[99.51639488559891,-9.788579106582052]]]},{"type":"Polygon","coordinates":[[[70.52330088827728,-10.205773176529485],[70.464,-10.169],[70.088,-9.856],[69.734,-9.685],[69.70073253012045,-9.664325301204798],[70.08,-9.847],[70.52330088827728,-10.205773176529485]]]},{"type":"Polygon","coordinates":[[[102.19264345807949,-10.006543177642367],[102.194,-9.985],[102.2777992831542,-9.652596176821705],[102.19264345807949,-10.006543177642367]]]},{"type":"Polygon","coordinates":[[[75.13973312199131,-9.43813936832217],[75.051,-9.559],[74.7827640099381,-9.820555783412841],[75.13973312199131,-9.43813936832217]]]},{"type":"Polygon","coordinates":[[[94.19503712296986,-9.725146171693693],[94.298,-9.587],[94.44344209732176,-9.455689928328939],[94.19503712296986,-9.725146171693693]]]},{"type":"Polygon","coordinates":[[[69.47850434782623,-9.526217391304439],[69.38,-9.465],[69.35545964669203,-9.443851402840288],[69.47850434782623,-9.526217391304439]]]},{"type":"Polygon","coordinates":[[[99.35846759070533,-9.619550346514538],[99.06622910442809,-9.313882958242061],[99.087,-9.329],[99.35846759070533,-9.619550346514538]]]},{"type":"Polygon","coordinates":[[[102.34048574373065,-9.403939883201698],[102.344,-9.39],[102.569,-8.872],[102.5695897632729,-8.871952583586626],[102.34048574373065,-9.403939883201698]]]},{"type":"Polygon","coordinates":[[[94.6780416950435,-9.243885433219832],[94.792,-9.141],[94.97733994016457,-9.03025205684367],[94.6780416950435,-9.243885433219832]]]},{"type":"Polygon","coordinates":[[[98.51944025157233,-8.928603773584909],[98.569,-8.952],[98.91183350568761,-9.201513960703144],[98.51944025157233,-8.928603773584909]]]},{"type":"Polygon","coordinates":[[[95.24336872109282,-8.871289340647524],[95.361,-8.801],[95.57808920863309,-8.722875539568347],[95.24336872109282,-8.871289340647524]]]},{"type":"Polygon","coordinates":[[[75.511,-8.849],[75.677,-8.444],[75.75971151358341,-8.128056921086763],[75.693,-8.404],[75.513,-8.855],[75.341,-9.164],[75.1949295854628,-9.362957978421358],[75.511,-8.849]]]},{"type":"Polygon","coordinates":[[[97.9024957014049,-8.653977144055357],[97.978,-8.673],[98.2572911392405,-8.804848101265817],[97.9024957014049,-8.653977144055357]]]},{"type":"Polygon","coordinates":[[[95.87170245312059,-8.61721217451393],[95.989,-8.575],[96.25068120374938,-8.536275875678342],[95.87170245312059,-8.61721217451393]]]},{"type":"Polygon","coordinates":[[[97.24212667614344,-8.50619857262189],[97.335,-8.511],[97.59814256360934,-8.577297193319929],[97.24212667614344,-8.50619857262189]]]},{"type":"Polygon","coordinates":[[[96.55360795376986,-8.491448150338991],[96.658,-8.476],[96.91631606275266,-8.48935459704039],[96.55360795376986,-8.491448150338991]]]},{"type":"Polygon","coordinates":[[[75.84105067071891,-7.089500785998708],[75.845,-7.118],[75.844,-7.583],[75.803,-7.949],[75.79029564091498,-8.001549848942602],[75.842,-7.586],[75.84105067071891,-7.089500785998708]]]},{"type":"Polygon","coordinates":[[[75.65967780046516,-5.525515958201909],[75.669,-5.604],[75.65,-6.166],[75.771,-6.584],[75.77375314513654,-6.603867290579899],[75.64,-6.14],[75.65967780046516,-5.525515958201909]]]},{"type":"Polygon","coordinates":[[[75.55334469585662,-4.677596238613111],[75.564,-4.72],[75.59022342220715,-4.94077624029641],[75.55334469585662,-4.677596238613111]]]},{"type":"Polygon","coordinates":[[[75.39328237095366,-4.154213035870587],[75.466,-4.33],[75.54628279965989,-4.649492774156752],[75.39328237095366,-4.154213035870587]]]},{"type":"Polygon","coordinates":[[[75.19396554802795,-3.708730423822284],[75.236,-3.774],[75.28531023454157,-3.8932021321961288],[75.19396554802795,-3.708730423822284]]]},{"type":"Polygon","coordinates":[[[75.46967484662578,-3.1272699386503047],[75.211,-3.354],[75.053,-3.467],[75.03979587018377,-3.464375888125128],[75.46967484662578,-3.1272699386503047]]]},{"type":"Polygon","coordinates":[[[74.263,-3.31],[72.6,-2.982],[72.41307050221164,-2.927475641681458],[74.84424819350446,-3.425513881493925],[74.263,-3.31]]]},{"type":"Polygon","coordinates":[[[75.859,-2.704],[75.543,-3.063],[75.52119114744855,-3.082115590639984],[75.859,-2.704]]]},{"type":"Polygon","coordinates":[[[69.48825405405401,-2.8047837837838245],[69.609,-2.689],[69.72606646971938,-2.6097032865583185],[69.48825405405401,-2.8047837837838245]]]},{"type":"Polygon","coordinates":[[[76.33301042321054,-1.95669434223518],[76.295,-2.037],[75.859,-2.704],[76.33301042321054,-1.95669434223518]]]},{"type":"Polygon","coordinates":[[[70.05080231956859,-1.9646796188224815],[70.004,-1.869],[69.96830648346226,-1.7626898140530347],[70.05080231956859,-1.9646796188224815]]]},{"type":"Polygon","coordinates":[[[76.5977344919932,-1.3562386183528243],[76.57,-1.456],[76.4755268290471,-1.655596044813215],[76.5977344919932,-1.3562386183528243]]]},{"type":"Polygon","coordinates":[[[69.91223539823008,-1.5956867256637164],[69.865,-1.455],[69.81763999999998,-1.185773333333249],[69.91223539823008,-1.5956867256637164]]]},{"type":"Polygon","coordinates":[[[76.79790713671534,-0.4489527085127397],[76.704,-0.974],[76.65137810218981,-1.163281751824667],[76.79790713671534,-0.4489527085127397]]]},{"type":"Polygon","coordinates":[[[69.7718970501677,-0.9257390869892772],[69.754,-0.824],[69.73154417601651,-0.47685504891091207],[69.7718970501677,-0.9257390869892772]]]},{"type":"Polygon","coordinates":[[[76.90802665295053,0.321904516973582],[76.907,0.161],[76.8953767068273,0.09601262191628014],[76.90802665295053,0.321904516973582]]]},{"type":"Polygon","coordinates":[[[102.48230480266287,0.9479077508321445],[102.483,0.946],[102.43802702702703,0.9305405405405407],[102.441,0.935],[102.48230480266287,0.9479077508321445]]]},{"type":"Polygon","coordinates":[[[96.22096275071632,2.358404011461317],[96.22095851216022,2.3583361945636616],[96.218,2.358],[96.22096275071632,2.358404011461317]]]},{"type":"Polygon","coordinates":[[[100.0240464625132,2.6206546990496293],[100.02112524084778,2.6235028901734188],[100.0246608478803,2.6211745635910235],[100.0240464625132,2.6206546990496293]]]},{"type":"Polygon","coordinates":[[[100.00486624203822,2.6587006369426796],[99.996,2.648],[100.02112524084778,2.6235028901734188],[99.99490078125,2.6407726562499976],[99.99357643758766,2.6480056100981817],[100.00412213740458,2.659816793893134],[100.00486624203822,2.6587006369426796]]]},{"type":"Polygon","coordinates":[[[69.386,3.368],[69.38598229072157,3.3843633732615848],[69.572,2.0],[69.57487078795319,1.9451614255761605],[69.571,2.005],[69.386,3.368]]]},{"type":"Polygon","coordinates":[[[95.8821264367816,2.853494252873564],[95.89890560471977,2.8498466076696167],[95.884,2.846],[95.8821264367816,2.853494252873564]]]},{"type":"Polygon","coordinates":[[[77.0985733106085,3.401497397392846],[77.102,3.303],[77.02296337678457,2.6939025450028358],[77.0985733106085,3.401497397392846]]]},{"type":"Polygon","coordinates":[[[98.256,4.176],[98.233,4.147],[98.23353504144687,4.146625470987192],[98.18462931034483,4.109543103448273],[98.183,4.109],[98.18298361082206,4.108295265348599],[98.176,4.103],[98.185,4.164],[98.265,4.194],[98.27389653841205,4.329820486423884],[98.28,4.33],[98.279,4.389],[98.27768691588786,4.387686915887856],[98.27888967593412,4.4060490525943],[98.286,4.419],[98.27981303930969,4.420145733461169],[98.28,4.423],[98.23381074766355,4.455826323987539],[98.238,4.459],[98.20527604562736,4.476105703422061],[98.17738216098621,4.495929659173314],[98.179,4.496],[98.17366142506141,4.498573955773965],[98.121,4.536],[98.0673961038961,4.538144155844155],[98.065,4.553],[98.05973741610738,4.538450503355705],[98.03452611940298,4.53945895522388],[98.039,4.548],[98.02935010060362,4.539665995975855],[97.996,4.541],[98.00838461538461,4.597823529411763],[98.019,4.61],[98.01157768924303,4.612474103585658],[98.013,4.619],[97.913,4.886],[97.684,5.055],[97.64759570661896,5.09736135957066],[97.65,5.119],[97.62391979301422,5.124911513583442],[97.519,5.247],[97.204,5.151],[97.127,5.232],[96.981,5.271],[96.821,5.279],[96.6804642857143,5.2368392857142885],[96.56359608421617,5.208195118680434],[96.50178442545109,5.212439696106363],[96.466,5.238],[96.4216607177878,5.217941753284958],[96.348,5.223],[96.32246346371527,5.230006414287507],[96.257,5.263],[96.20099551677207,5.263333360019214],[96.1018822288466,5.290526897500571],[96.02693846498097,5.33707786976953],[95.909,5.439],[95.8952260869565,5.477452173913108],[95.887,5.504],[95.88546915657972,5.504690271214963],[95.885,5.506],[95.83583720930221,5.52706976744191],[95.612,5.628],[95.60552601156068,5.625774566473989],[95.598,5.629],[95.5039859320047,5.603867526377492],[95.432,5.657],[95.42563636363636,5.6495757575757555],[95.419,5.654],[95.285,5.569],[95.222,5.58],[95.199,5.541],[95.20003401360545,5.538551020408164],[95.193,5.528],[95.2515014985015,5.396371628371628],[95.199,5.284],[95.21463736545361,5.2835261404408],[95.212,5.276],[95.23327068873465,5.280963160704751],[95.24173550109197,5.267394564426104],[95.241,5.224],[95.29891719745223,5.175735668789816],[95.3,5.174],[95.279,5.121],[95.2852975950349,5.113839720713728],[95.283,5.108],[95.32536909871246,5.068278969957076],[95.352,5.038],[95.39217713943748,4.906168761220772],[95.412,4.82],[95.48488888888888,4.756888888888903],[95.495376953125,4.746062499999996],[95.539,4.653],[95.56790697674418,4.655627906976744],[95.563,4.636],[95.57060833940277,4.6313905680990555],[95.568,4.626],[95.58387257617728,4.623354570637118],[95.64534495611397,4.586112179872557],[95.79529918621351,4.446582575394906],[95.8002931498654,4.441005982650314],[95.8,4.441],[95.82382978723426,4.414723404255071],[95.94,4.285],[95.94632383599722,4.27965184155663],[96.024,4.194],[96.04176603560327,4.198935009889798],[96.115,4.137],[96.11632890916631,4.136741600995437],[96.127,4.124],[96.13154231119199,4.133783439490445],[96.17157142857143,4.125999999999999],[96.21357599999999,4.091408000000013],[96.2718736362381,4.022107167518285],[96.38,3.856],[96.496,3.75],[96.53317863720075,3.747352977286678],[96.558,3.738],[96.6124718335564,3.7417075069959846],[96.78952851182197,3.7291015299026435],[96.87268301886792,3.684171272063302],[96.903,3.603],[96.94784873949581,3.5776310160427722],[97.006,3.536],[97.171,3.251],[97.22215748031495,3.233755905511817],[97.26158418933356,3.216185306927436],[97.311,3.066],[97.31311005225945,3.0636341838303265],[97.315,3.058],[97.372,2.986],[97.43,2.931],[97.43203068340307,2.9302989307298972],[97.443,2.918],[97.301,2.698],[97.025,2.433],[96.05,1.963],[94.945,1.619],[92.345,2.698],[92.04719893618184,2.7109680089998576],[91.702,2.726],[91.221,2.624],[90.667,2.559],[89.519,2.309],[88.622,2.413],[87.793,2.354],[86.356,2.806],[84.805,3.133],[84.461,3.281],[83.68,3.542],[83.4877224049255,3.652890253244025],[83.709,3.808],[84.254,4.333],[84.656,4.912],[84.971,5.604],[85.181,6.423],[85.237,7.001],[85.229,7.276],[85.183,7.877],[84.948,8.742],[84.705,9.27],[84.562,9.495],[84.287,10.143],[83.747,10.948],[83.367,11.443],[83.454,11.627],[83.617,12.217],[83.714,12.714],[83.77,13.313],[83.751,13.549],[84.027,13.673],[84.521,14.005],[84.958,14.422],[85.672,15.202],[86.34,15.726],[86.88,16.265],[88.418,17.226],[88.709,17.447],[89.071,17.811],[89.371,18.008],[89.362,18.263],[89.769,18.267],[90.257,17.863],[90.147,17.711],[90.421,17.174],[90.724,16.77],[90.423,16.258],[90.233,15.7],[89.905,15.231],[89.47,14.221],[89.324,13.659],[89.274,13.271],[88.999,12.697],[88.851,12.127],[88.808,11.548],[88.889,10.369],[89.049,9.811],[89.349,9.091],[89.405,8.541],[89.562,7.981],[89.694,7.668],[90.192,6.589],[90.42,6.244],[90.523,5.869],[90.926,5.09],[91.261,4.616],[91.674,4.206],[92.145,3.878],[92.399,4.028],[92.725,4.309],[94.403,6.27],[94.927,7.04],[95.53,7.783],[96.608,7.097],[97.9,6.363],[98.025,5.95],[98.292,5.45],[98.692,4.928],[99.917,3.79],[101.202,2.692],[102.223,1.92],[103.065,1.325],[103.45324818703817,1.238186740786495],[103.548,1.217],[103.741,1.13],[103.478,0.909],[103.407,0.91],[103.434,0.871],[103.411,0.885],[103.41039011257953,0.8642638277043644],[103.391,0.888],[103.408,0.988],[103.37124814851387,0.892658240347589],[103.37,0.894],[103.36683604505633,0.8812123487693293],[103.339,0.809],[103.34402691260962,0.795333081342603],[103.23,0.699],[103.22751724137932,0.6984827586206889],[103.223,0.703],[103.19,0.696],[103.1874833898305,0.6901423728813549],[103.158,0.684],[103.147,0.629],[103.05442411337853,0.5471434265662759],[102.933,0.695],[102.90260606060608,0.7110909090909053],[102.882,0.734],[102.50667890479154,0.753497199751089],[102.48243556631692,0.7670971213344088],[102.24417058914013,0.9813577911090683],[102.22853881173431,0.9972118212742002],[102.20385351826792,1.115600473613045],[102.198,1.198],[102.1833162193699,1.2140956826137534],[102.18,1.23],[102.17856629213483,1.219302333621425],[102.16117304546941,1.2383680078508348],[102.149,1.378],[101.752,1.665],[101.6859719121354,1.6553204897371263],[101.546,1.654],[101.41,1.717],[101.33424885118417,1.8940683103569975],[101.32496451453918,1.9410256283884402],[101.313,2.029],[101.306631160336,2.0337500929160743],[101.305,2.042],[101.078,2.214],[101.05847058823531,2.270960784313707],[101.055,2.286],[100.861,2.288],[100.85923385300669,2.2862048997772826],[100.789,2.287],[100.761,2.252],[100.795,2.112],[100.774,2.081],[100.72878956352109,2.0915961960497436],[100.674,2.128],[100.62454891893846,2.1287166823342254],[100.4057788168327,2.3094013010774486],[100.3776842105263,2.383468899521601],[100.333,2.527],[100.31524313725491,2.548086274509794],[100.313,2.554],[100.22867824497257,2.674807129798911],[100.221,2.706],[100.163,2.707],[100.13353658536586,2.6745902439024425],[100.124,2.671],[100.12439328689044,2.664532615579471],[100.123,2.663],[100.12658452138491,2.6284989816702313],[100.13225066430469,2.535322409211695],[100.089,2.704],[100.046,2.742],[99.968,2.703],[99.97757251908398,2.6996412213740455],[99.98866206896552,2.6830068965517206],[99.95548862512364,2.6968704253214644],[99.9756489361702,2.749287234042552],[99.994,2.782],[99.99391359447004,2.796775345622119],[99.994,2.797],[99.99390427568602,2.7983688576898595],[99.993,2.953],[99.95005866900175,2.96780735551664],[99.92378832716811,2.9893300452116636],[99.889,3.04],[99.87439948548328,3.006868063212054],[99.86,3.006255319148936],[99.86,3.036],[99.756,3.17],[99.7473504933505,3.1730527670527673],[99.741,3.183],[99.54902678850848,3.2466595105464084],[99.485,3.347],[99.46063809038179,3.3569868697813754],[99.202,3.554],[99.0353544667111,3.628605299574595],[98.955,3.676],[98.88376713762428,3.69646921332636],[98.791,3.738],[98.71682834617452,3.7918627486113543],[98.718,3.797],[98.71313877728309,3.7945420784015607],[98.70850772592476,3.797905103792725],[98.709,3.798],[98.697,3.879],[98.68616666666667,3.8915000000000055],[98.682,3.91],[98.592,3.937],[98.54476290630976,3.9799780114722716],[98.537,4.012],[98.50636032582655,4.014918064206996],[98.49192276549363,4.028053877296788],[98.492,4.029],[98.49045962732919,4.029385093167703],[98.47,4.048],[98.378,4.086],[98.30749402640956,4.076341647453363],[98.3033214092141,4.0802406504064965],[98.267,4.172],[98.25509093362116,4.162970048569889],[98.256,4.176]],[[103.43207614213198,0.9893375634517763],[103.439,0.988],[103.43835416666666,0.989686342592592],[103.444,0.99],[103.419,1.048],[103.4057298578199,1.074872037914684],[103.385,1.129],[103.37973045463193,1.1275208293703634],[103.379,1.129],[103.37650059171598,1.126614201183432],[103.328,1.113],[103.31826734348562,1.0710279187817224],[103.313,1.066],[103.31596253443526,1.06108842975207],[103.312,1.044],[103.34796,1.008039999999999],[103.351,1.003],[103.408,0.988],[103.43207614213198,0.9893375634517763]],[[95.285,5.78],[95.33,5.772],[95.3318046875,5.7768125],[95.342,5.774],[95.36408510638299,5.81596170212766],[95.376,5.805],[95.36747760388559,5.822407447382623],[95.382,5.85],[95.334,5.898],[95.33168251192369,5.895520826709055],[95.329,5.901],[95.32062519440123,5.883692068429228],[95.291,5.852],[95.218,5.913],[95.2237147505423,5.902349783080254],[95.217,5.908],[95.22,5.875],[95.285,5.78]],[[95.14,5.663],[95.056,5.752],[95.011,5.724],[95.059,5.719],[95.054,5.649],[95.14,5.663]],[[95.147,5.662],[95.118,5.602],[95.192,5.604],[95.147,5.662]],[[100.737,2.261],[100.719,2.181],[100.785,2.121],[100.737,2.261]],[[103.083,0.796],[103.108,0.817],[103.076,0.822],[103.083,0.796]],[[103.091,0.796],[103.09,0.717],[103.115,0.739],[103.091,0.796]],[[103.039,0.66],[103.068,0.563],[103.084,0.591],[103.039,0.66]],[[96.09774193548387,2.661790322580644],[96.10344688026981,2.677478920741989],[96.152,2.689],[96.11674524714829,2.7140494296577984],[96.11908661417323,2.7204881889763697],[96.131,2.731],[96.12296869244935,2.7311639042357276],[96.124,2.734],[96.09277129186603,2.743284210526317],[96.103,2.754],[96.04964275862069,2.756106206896552],[96.01538709677419,2.7662903225806468],[95.9993255813954,2.7791395348836887],[95.915,2.854],[95.91114222222222,2.8530044444444447],[95.90711764705883,2.881176470588235],[95.914,2.881],[95.90568715083799,2.8911899441340756],[95.905,2.896],[95.90090390104662,2.8970532825880118],[95.883,2.919],[95.792,2.939],[95.764,2.878],[95.76785758998436,2.8709655712049997],[95.763,2.857],[95.77465982404692,2.846173020527859],[95.712,2.838],[95.691,2.797],[95.70006876827253,2.787838693275715],[95.692,2.772],[95.72959501673485,2.758011156563776],[95.7382680297987,2.749249643366624],[95.796,2.63],[95.864,2.636],[95.949,2.569],[96.01,2.59],[96.07284441873915,2.570004048582993],[96.08704551365405,2.5607763328998976],[96.213,2.467],[96.28344102564105,2.433160683760667],[96.296,2.425],[96.31322310126582,2.38956962025317],[96.313,2.386],[96.31487891077637,2.386163383545771],[96.32258330126972,2.3703143516737275],[96.314,2.359],[96.345,2.341],[96.442,2.328],[96.499,2.364],[96.467,2.46],[96.43761629434954,2.485897503285155],[96.431,2.503],[96.398,2.519],[96.37848514851484,2.4753239038189543],[96.351,2.546],[96.32927578546494,2.5548670263408404],[96.17426805778493,2.6726051364365864],[96.173,2.674],[96.172605,2.673868333333332],[96.154,2.688],[96.15764179104478,2.668880597014925],[96.152,2.667],[96.159875,2.6571562499999932],[96.162,2.646],[96.15121387283237,2.647797687861273],[96.143,2.654],[96.13575,2.6503750000000004],[96.09968181818182,2.656386363636364],[96.09774193548387,2.661790322580644]],[[101.678859030837,2.1097973568281936],[101.678,2.111],[101.67628267045454,2.111110795454546],[101.651,2.124],[101.63350395778365,2.113870712401056],[101.616,2.115],[101.552,2.056],[101.467,2.071],[101.421,2.049],[101.41707005444647,2.0290591651542664],[101.406,2.022],[101.383,1.909],[101.454,1.726],[101.615,1.688],[101.741,1.798],[101.778,1.928],[101.75827522935779,1.9331284403669724],[101.76334385569335,1.9428602029312292],[101.785,1.944],[101.774288613735,1.9638741383711948],[101.778,1.971],[101.74723280423278,2.014074074074108],[101.702,2.098],[101.678859030837,2.1097973568281936]],[[102.056,1.622],[101.994,1.611],[102.00875592849324,1.5910036483035406],[101.999,1.585],[102.07489887256577,1.501370686709935],[102.101,1.466],[102.30287480960325,1.4223251613839112],[102.505,1.251],[102.496,1.432],[102.49560403558256,1.4321742243436713],[102.495,1.451],[102.4899090909091,1.4619090909090928],[102.497,1.469],[102.465,1.515],[102.40189432835818,1.528583283582095],[102.056,1.622]],[[103.003,1.073],[102.875,1.134],[102.85546219267047,1.1369517550641721],[102.812,1.156],[102.76170306783,1.151116802701942],[102.736,1.155],[102.7302807950081,1.1480660966027272],[102.709,1.146],[102.62483286318759,1.0202221438645973],[102.623,1.018],[102.62340045139449,1.0180815734322102],[102.62,1.013],[102.74861416589002,1.0326607642124876],[102.779,1.02],[102.79244022242817,1.0269237509478484],[102.79429195236376,1.0257153168015656],[102.79,1.023],[102.853,0.977],[103.072,0.832],[103.153,0.847],[103.15317289719627,0.8511495327102824],[103.166,0.854],[103.15416885339418,0.8750524814603439],[103.155,0.895],[103.11977989821882,0.936244592875327],[103.098,0.975],[103.05133781763827,1.0163938714499265],[103.003,1.073]],[[102.485,1.13],[102.46,1.063],[102.48485074626868,0.9903115671640992],[102.49623076923076,0.9522596153846145],[102.48230480266287,0.9479077508321445],[102.459147716825,1.0114551026662613],[102.44700317668968,1.0848503669624372],[102.484,1.195],[102.47334985133796,1.2048612487611488],[102.47481154192967,1.2099341749323762],[102.486,1.199],[102.481,1.244],[102.295,1.41],[102.27824458204334,1.4108173374613002],[102.277,1.412],[102.27324489795919,1.4110612244897958],[102.213,1.414],[102.2142988235294,1.3963247058823518],[102.205,1.394],[102.202,1.279],[102.22666599698644,1.2280236062280239],[102.23467755742617,1.11899671850481],[102.231,1.099],[102.264,1.029],[102.26851671520093,1.025379732090853],[102.279,1.001],[102.387,0.913],[102.43802702702703,0.9305405405405407],[102.409,0.887],[102.41012579957356,0.8843262260127932],[102.406,0.878],[102.41594525139665,0.8705050279329598],[102.433,0.83],[102.501,0.791],[102.53562123039806,0.7803144350623255],[102.544,0.774],[102.55426576019778,0.7745599505562423],[102.582,0.766],[102.79507692307692,0.7876951048951052],[102.86412734990904,0.7914614918132203],[102.89062921348314,0.7820224719101189],[102.94513300492612,0.749320197044324],[102.994,0.689],[103.02106349206349,0.7037619047619028],[103.029,0.699],[103.03350097847358,0.7105459882583126],[103.049,0.719],[103.04843150414528,0.7488460323726777],[103.052,0.758],[103.04801419878297,0.7707545638945367],[103.047,0.824],[103.02725357038764,0.8371885747595418],[103.027,0.838],[103.01104292682919,0.8480156097561424],[102.776,1.005],[102.76959971202304,0.9995597552195852],[102.745,1.015],[102.73952876038142,1.014050446016609],[102.738,1.022],[102.70596648404769,1.008225588140509],[102.624,0.994],[102.61033574941756,1.0193481749935234],[102.615,1.048],[102.56751652574943,1.098780937740194],[102.555,1.122],[102.54436381450033,1.1235414761593732],[102.543,1.125],[102.52152765957447,1.1268510638297868],[102.486,1.132],[102.4855260770975,1.1299546485260765],[102.485,1.13]],[[96.169,2.326],[96.219,2.327],[96.22095851216022,2.3583361945636616],[96.262,2.363],[96.24,2.361],[96.22096275071632,2.358404011461317],[96.222,2.375],[96.179,2.391],[96.169,2.326]],[[103.436,0.938],[103.407,0.941],[103.416,0.914],[103.436,0.938]]]},{"type":"Polygon","coordinates":[[[73.764,6.798],[72.784,7.005],[72.032,7.345],[70.051,7.98],[69.89853990461049,8.020362480127186],[70.252,8.094],[72.707,7.715],[73.327,7.651],[74.936,7.858],[75.272,7.257],[75.429,6.852],[76.06586378120447,5.980615434500648],[75.395,6.061],[74.871,6.226],[74.351,6.46],[74.121,6.619],[73.764,6.798]]]},{"type":"Polygon","coordinates":[[[77.572,8.124],[78.015,6.249],[78.01438075147571,6.24895567201453],[78.01,6.255],[77.572,8.124]]]},{"type":"Polygon","coordinates":[[[142.30239884393066,-45.57314450867056],[142.29,-45.563],[141.45,-44.586],[141.4384941351284,-44.56605117409996],[142.30239884393066,-45.57314450867056]]]},{"type":"Polygon","coordinates":[[[141.03646494027836,-43.86901444506596],[141.018,-43.837],[141.01078313870386,-43.81734631462556],[141.03646494027836,-43.86901444506596]]]},{"type":"Polygon","coordinates":[[[140.81740263794106,-43.29071300915015],[140.812,-43.276],[140.80401505106613,-43.2303936570507],[140.81740263794106,-43.29071300915015]]]},{"type":"Polygon","coordinates":[[[140.59334739355356,-42.66025666534033],[140.554,-42.585],[140.54763568512095,-42.56780370549239],[140.59334739355356,-42.66025666534033]]]},{"type":"Polygon","coordinates":[[[140.37708138564284,-42.14885308848093],[140.182,-41.937],[140.15691959064318,-41.901269005847844],[140.37708138564284,-42.14885308848093]]]},{"type":"Polygon","coordinates":[[[139.93383136412498,-41.58344468313697],[139.89087596424633,-41.5222479490633],[139.893,-41.523],[139.93383136412498,-41.58344468313697]]]},{"type":"Polygon","coordinates":[[[139.20875416580947,-41.27398712199135],[139.195,-41.269],[138.148,-40.782],[138.08570024073938,-40.7440460510989],[139.20875416580947,-41.27398712199135]]]},{"type":"Polygon","coordinates":[[[137.7737112940611,-40.553977699624234],[137.562,-40.425],[137.41370386632516,-40.311434931089146],[137.7737112940611,-40.553977699624234]]]},{"type":"Polygon","coordinates":[[[136.78907631160573,-39.716076311605725],[136.78511898110096,-39.71548726376334],[136.789,-39.716],[136.78907631160573,-39.716076311605725]]]},{"type":"Polygon","coordinates":[[[135.364,-39.397],[134.729,-39.091],[134.03231417095537,-38.64624074306526],[134.919,-39.182],[135.346,-39.379],[135.801,-39.535],[136.20091631369525,-39.628528815299696],[136.063,-39.608],[135.707,-39.515],[135.364,-39.397]]]},{"type":"Polygon","coordinates":[[[118.26828600548606,-38.509392707048846],[118.133,-38.524],[117.82528405122233,-38.517762514551805],[118.26828600548606,-38.509392707048846]]]},{"type":"Polygon","coordinates":[[[117.52336678605367,-38.51164256998757],[117.393,-38.509],[116.77730049822064,-38.41270576512455],[116.784,-38.413],[117.52336678605367,-38.51164256998757]]]},{"type":"Polygon","coordinates":[[[118.86061507313451,-38.43338575324353],[118.735,-38.459],[118.5249160023013,-38.481683488123615],[118.86061507313451,-38.43338575324353]]]},{"type":"Polygon","coordinates":[[[133.85194959950704,-38.53109728897101],[133.833,-38.519],[133.58,-38.307],[133.5594155312867,-38.285139874070666],[133.85194959950704,-38.53109728897101]]]},{"type":"Polygon","coordinates":[[[116.64429831246595,-38.40686445291235],[116.391,-38.4],[116.32724035879566,-38.392939610352514],[116.64429831246595,-38.40686445291235]]]},{"type":"Polygon","coordinates":[[[119.23891459641062,-38.338716824330284],[119.093,-38.386],[118.9490624688486,-38.41535039043032],[119.23891459641062,-38.338716824330284]]]},{"type":"Polygon","coordinates":[[[115.62342911232632,-38.31500344972653],[115.506,-38.302],[115.48525652600227,-38.29750703938727],[115.62342911232632,-38.31500344972653]]]},{"type":"Polygon","coordinates":[[[114.80296556016621,-38.149725311203376],[114.795,-38.148],[114.79311898890253,-38.14736744759554],[114.80296556016621,-38.149725311203376]]]},{"type":"Polygon","coordinates":[[[120.00991201513715,-38.05871984389784],[119.775,-38.165],[119.62854664503418,-38.212457758720596],[120.00991201513715,-38.05871984389784]]]},{"type":"Polygon","coordinates":[[[114.60666666666673,-38.084666666666685],[114.456,-38.034],[114.4218338727077,-38.01775886794849],[114.60666666666673,-38.084666666666685]]]},{"type":"Polygon","coordinates":[[[133.2231681319826,-37.929270049538104],[133.14867826086888,-37.89958782608669],[133.222,-37.928],[133.2231681319826,-37.929270049538104]]]},{"type":"Polygon","coordinates":[[[122.07851637136245,-37.805710058049094],[121.992,-37.812],[121.77047885137758,-37.79591695770275],[122.07851637136245,-37.805710058049094]]]},{"type":"Polygon","coordinates":[[[122.98173546325917,-37.71152715654945],[122.721,-37.759],[122.69460385845977,-37.76091906104476],[122.98173546325917,-37.71152715654945]]]},{"type":"Polygon","coordinates":[[[121.36797442710817,-37.76669403374895],[121.262,-37.759],[120.847,-37.68],[121.36797442710817,-37.76669403374895]]]},{"type":"Polygon","coordinates":[[[124.05240354767184,-37.688931263858095],[123.701,-37.713],[123.65076664809656,-37.711468003714025],[124.05240354767184,-37.688931263858095]]]},{"type":"Polygon","coordinates":[[[113.69990874524692,-37.647851711026455],[113.83643302449751,-37.73948406092966],[113.827,-37.735],[113.69990874524692,-37.647851711026455]]]},{"type":"Polygon","coordinates":[[[132.62836538461542,-37.69225704638874],[132.57,-37.669],[132.3599678953625,-37.5426920332936],[132.62836538461542,-37.69225704638874]]]},{"type":"Polygon","coordinates":[[[124.84519923290006,-37.53850607287449],[124.779,-37.561],[124.69284079342292,-37.576346731045284],[124.84519923290006,-37.53850607287449]]]},{"type":"Polygon","coordinates":[[[125.56227043282139,-37.27371528299861],[125.45,-37.333],[125.16707948018089,-37.42913394712184],[125.56227043282139,-37.27371528299861]]]},{"type":"Polygon","coordinates":[[[132.08347395050998,-37.37641560597679],[131.988,-37.319],[131.73,-37.114],[131.6709843068875,-37.05426460331296],[132.08347395050998,-37.37641560597679]]]},{"type":"Polygon","coordinates":[[[112.86514089870538,-37.16115232292466],[112.722,-37.089],[112.7105208853162,-37.08083890589805],[112.86514089870538,-37.16115232292466]]]},{"type":"Polygon","coordinates":[[[126.23211426518142,-36.88913941789438],[126.056,-37.013],[125.80711209394542,-37.144425956992514],[126.23211426518142,-36.88913941789438]]]},{"type":"Polygon","coordinates":[[[131.402,-36.782],[131.30887658592854,-36.66017416378322],[131.41855551615095,-36.78119919023554],[131.61096774193555,-36.993516129032336],[131.402,-36.782]]]},{"type":"Polygon","coordinates":[[[126.45532255122968,-36.70972294131064],[126.329,-36.821],[126.25489711991142,-36.87311631127109],[126.45532255122968,-36.70972294131064]]]},{"type":"Polygon","coordinates":[[[112.44662557422802,-36.89322213176714],[112.165,-36.693],[112.09785770764292,-36.62746678218742],[112.44662557422802,-36.89322213176714]]]},{"type":"Polygon","coordinates":[[[131.19354031098905,-36.50928903697883],[131.11,-36.4],[131.02669625871914,-36.25283005707046],[131.19354031098905,-36.50928903697883]]]},{"type":"Polygon","coordinates":[[[111.516,-35.998],[111.42126666666667,-35.82690000000001],[111.648,-36.167],[111.91982066115688,-36.45369641873263],[111.706,-36.245],[111.516,-35.998]]]},{"type":"Polygon","coordinates":[[[131.01508804795802,-36.23232221805915],[130.96,-36.135],[130.84266613464877,-35.849843151479746],[131.01508804795802,-36.23232221805915]]]},{"type":"Polygon","coordinates":[[[129.1982606657296,-35.25295546179072],[128.738,-35.396],[128.7262386950988,-35.39855764785331],[129.1982606657296,-35.25295546179072]]]},{"type":"Polygon","coordinates":[[[111.096,-35.136],[111.00930526315791,-34.70775789473693],[111.103,-35.145],[111.28787399893221,-35.58597650827553],[111.222,-35.467],[111.096,-35.136]]]},{"type":"Polygon","coordinates":[[[110.99169431531973,-34.620765885156956],[110.98,-34.563],[110.9691552037651,-34.16110461011846],[110.99169431531973,-34.620765885156956]]]},{"type":"Polygon","coordinates":[[[110.9686199269916,-33.853540476702065],[110.999,-33.424],[111.02053903125463,-33.31135668789806],[110.9686199269916,-33.853540476702065]]]},{"type":"Polygon","coordinates":[[[111.073,-33.037],[111.14945679482308,-32.77530224590756],[111.0785552374597,-33.03881970077481],[111.05815153319439,-33.114653468294186],[111.073,-33.037]]]},{"type":"Polygon","coordinates":[[[111.22096091025874,-32.53055661589287],[111.222,-32.527],[111.29021118012497,-32.39482608695507],[111.22096091025874,-32.53055661589287]]]},{"type":"Polygon","coordinates":[[[109.44538207444555,-26.819941835835042],[109.43,-26.787],[109.33026466679333,-26.34048376685059],[109.44538207444555,-26.819941835835042]]]},{"type":"Polygon","coordinates":[[[109.25972875627002,-26.02469368468015],[109.256,-26.008],[109.25387628405538,-25.898982581509678],[109.25972875627002,-26.02469368468015]]]},{"type":"Polygon","coordinates":[[[109.24497684056558,-25.44214448236636],[109.244,-25.392],[109.28394584399842,-25.125874309578073],[109.24497684056558,-25.44214448236636]]]},{"type":"Polygon","coordinates":[[[109.31410762363197,-24.92493164255999],[109.318,-24.899],[109.44832043044072,-24.4818348687769],[109.31410762363197,-24.92493164255999]]]},{"type":"Polygon","coordinates":[[[109.67138066900225,-23.76780289868985],[109.691,-23.705],[109.84642101396025,-23.373220426157378],[109.67138066900225,-23.76780289868985]]]},{"type":"Polygon","coordinates":[[[115.94283472984682,-15.82416136954645],[115.954,-15.802],[115.9872738788087,-15.753091407052272],[115.94283472984682,-15.82416136954645]]]},{"type":"Polygon","coordinates":[[[116.47529416171167,-15.157387705416939],[116.512,-15.116],[116.63480352761759,-15.017863271666284],[116.47529416171167,-15.157387705416939]]]},{"type":"Polygon","coordinates":[[[116.9388258615295,-14.77490805882092],[116.975,-14.746],[117.20236223776222,-14.603854945054957],[116.9388258615295,-14.77490805882092]]]},{"type":"Polygon","coordinates":[[[117.55274849397595,-14.384796256454358],[117.626,-14.339],[117.68556623586426,-14.314075121163183],[117.55274849397595,-14.384796256454358]]]},{"type":"Polygon","coordinates":[[[105.82752815746309,-13.908709568069984],[105.761,-13.917],[105.69300510529673,-13.9124205488194],[105.82752815746309,-13.908709568069984]]]},{"type":"Polygon","coordinates":[[[104.37381527731247,-13.669205037614597],[104.51053646844912,-13.718796603165421],[104.433,-13.698],[104.37381527731247,-13.669205037614597]]]},{"type":"Polygon","coordinates":[[[107.11165627782725,-13.591525378450578],[107.039,-13.632],[106.96188692579506,-13.657049469964663],[107.11165627782725,-13.591525378450578]]]},{"type":"Polygon","coordinates":[[[103.78766516444946,-13.384027213242625],[103.765,-13.373],[103.7098287103983,-13.331930327330076],[103.78766516444946,-13.384027213242625]]]},{"type":"Polygon","coordinates":[[[108.17320085698984,-12.818913765399026],[108.125,-12.88],[108.06199298519093,-12.933663289166043],[108.17320085698984,-12.818913765399026]]]},{"type":"Polygon","coordinates":[[[114.6089996237059,-12.139678174476064],[114.609,-12.14],[114.60539184468874,-12.139515056807735],[114.6089996237059,-12.139678174476064]]]},{"type":"Polygon","coordinates":[[[113.87748380539968,-12.04168278025717],[113.798,-12.031],[112.864,-11.803],[113.87748380539968,-12.04168278025717]]]},{"type":"Polygon","coordinates":[[[108.87091709844557,-11.668948186528533],[108.853,-11.729],[108.81184647302908,-11.810163900414866],[108.87091709844557,-11.668948186528533]]]},{"type":"Polygon","coordinates":[[[126.517,-11.333],[126.4972838931736,-11.339260564726864],[126.519,-11.331],[127.51891863905325,-11.231008136094674],[127.518,-11.232],[126.517,-11.333]]]},{"type":"Polygon","coordinates":[[[128.21770186794896,-10.458818383576844],[128.208,-10.487],[127.52084187300822,-11.22893160088242],[128.202,-10.464],[128.21770186794896,-10.458818383576844]]]},{"type":"Polygon","coordinates":[[[139.2025038342061,-10.830868018713801],[139.386,-11.147],[140.002,-10.98],[140.835,-10.474],[142.002,-9.764],[142.061,-9.754],[142.061,-9.259],[142.181,-9.195],[142.52,-9.36],[142.824,-9.327],[142.854,-9.378],[142.849,-9.669],[143.00167897517468,-9.664042890416406],[143.001,-9.665],[142.851,-9.673],[142.384,-9.699],[142.001,-9.765],[140.83460090250358,-10.474753850826568],[140.001,-10.982],[139.384,-11.148],[139.201,-10.832],[139.2025038342061,-10.830868018713801]],[[142.133,-9.267],[142.27,-9.291],[142.293,-9.262],[142.222,-9.232],[142.133,-9.267]],[[142.801,-9.377],[142.647,-9.368],[142.6,-9.389],[142.631,-9.423],[142.743,-9.42],[142.801,-9.377]]]},{"type":"Polygon","coordinates":[[[124.04215839753466,-9.328787057010787],[124.032,-9.289],[124.088,-9.201],[124.08,-8.908],[124.436,-8.814],[124.498,-8.951],[124.464,-9.16],[124.187,-9.249],[124.17169849957534,-9.272972350665286],[124.04215839753466,-9.328787057010787]]]},{"type":"Polygon","coordinates":[[[127.2572204176334,-8.370865429234335],[127.202,-8.333],[127.19432386142468,-8.335183729077462],[127.194,-8.335],[127.18211428571438,-8.338657142857116],[127.08729410322422,-8.365631849944831],[127.001,-8.322],[126.98601757263356,-8.327545220243675],[126.956,-8.316],[126.84997063099738,-8.377898226228556],[126.73861674852243,-8.419111962041121],[126.718,-8.416],[126.58618653321201,-8.475528662420382],[126.566,-8.483],[126.415,-8.414],[126.37760919580542,-8.432382071335883],[126.359,-8.427],[126.22,-8.501],[126.06509815242494,-8.52212297921478],[125.851,-8.474],[125.8117539081386,-8.489168734891216],[125.63666793789159,-8.525450286025606],[125.608,-8.519],[125.59407064784243,-8.534277353979277],[125.55078755986892,-8.543246533904712],[125.534,-8.537],[125.51310816113804,-8.551054509779874],[125.42971591800156,-8.568335162988685],[125.392,-8.564],[125.211,-8.606],[125.123,-8.64],[125.10404505813955,-8.750921511627853],[125.093,-8.799],[125.024,-8.839],[125.01627924817798,-8.85178749520522],[125.013,-8.854],[124.95511662543545,-8.947156055939816],[124.94983465608466,-8.949488095238094],[124.996,-8.534],[125.386,-8.395],[125.457,-8.231],[125.596,-8.113],[125.657,-8.104],[125.834,-8.263],[126.082,-8.265],[126.395,-8.197],[126.558,-8.226],[126.906,-8.197],[127.185,-8.224],[127.401,-8.305],[127.52174235515396,-8.40575189900264],[127.307,-8.405],[127.29841455437449,-8.399112837285363],[127.298,-8.394],[127.2572204176334,-8.370865429234335]],[[125.597,-8.159],[125.501,-8.263],[125.5016632770973,-8.263805407903854],[125.496,-8.269],[125.51605934718101,-8.281286350148374],[125.529,-8.297],[125.54990604026845,-8.30201744966443],[125.576,-8.318],[125.601,-8.288],[125.641,-8.136],[125.63465507311841,-8.1418198294845],[125.638,-8.128],[125.597,-8.159]]]},{"type":"Polygon","coordinates":[[[114.40201522070015,-8.498051750380526],[114.387,-8.447],[114.37809157716224,-8.526185980780102],[114.374,-8.526],[114.367,-8.357],[114.44261392405063,-8.042911392405033],[114.411,-8.195],[114.429,-8.278],[114.523,-8.52],[114.601,-8.612],[114.60390805902384,-8.686882519863795],[114.586,-8.664],[114.5441653543307,-8.64732677165354],[114.481,-8.618],[114.47586629910406,-8.620106133700896],[114.448,-8.609],[114.412,-8.45],[114.40201522070015,-8.498051750380526]]]},{"type":"Polygon","coordinates":[[[114.44382568807339,-8.017],[114.448,-8.017],[114.4449149715961,-8.03184148799707],[114.44382568807339,-8.017]]]},{"type":"Polygon","coordinates":[[[136.02733901345292,4.126268161434969],[135.929,4.055],[135.746,3.946],[136.02733901345292,4.126268161434969]]]},{"type":"Polygon","coordinates":[[[136.592,4.587],[136.285,4.313],[136.18048685833574,4.237257329917466],[136.592,4.587]]]},{"type":"Polygon","coordinates":[[[117.0606817257253,7.148630660528866],[117.06,6.939],[117.058,7.159],[117.0606817257253,7.148630660528866]]]},{"type":"Polygon","coordinates":[[[117.062,7.554],[117.06091630502169,7.220763794172323],[117.058,7.206],[117.062,7.554]]]},{"type":"Polygon","coordinates":[[[117.23825562556257,8.355963096309662],[117.062,7.554],[117.222,8.325],[117.23825562556257,8.355963096309662]]]},{"type":"Polygon","coordinates":[[[135.814,12.082],[136.284,12.449],[136.695,12.683],[137.403,12.928],[138.044,13.006],[138.508,13.209],[137.906,12.943],[137.561,12.912],[136.987,12.759],[136.45,12.51],[135.962,12.17],[135.547,11.756],[135.32918956564873,11.452506784488474],[135.275,11.377],[134.938,11.435],[134.3,11.415],[133.878,11.335],[133.278,11.119],[132.732,10.796],[132.406,10.527],[132.118,10.219],[131.763,9.695],[131.564,9.253],[131.337,8.893],[131.171,8.538],[131.306,8.854],[131.51,9.521],[131.746,9.975],[132.035,10.37],[132.273,10.623],[132.8,11.035],[133.428,11.345],[134.118,11.521],[134.745,11.557],[135.314,11.491],[135.593,11.854],[135.814,12.082]]]},{"type":"Polygon","coordinates":[[[119.86297372488407,11.923256568778996],[119.826,11.711],[119.855,11.942],[119.86297372488407,11.923256568778996]]]},{"type":"Polygon","coordinates":[[[119.907,12.176],[119.86709626274066,11.94692298980748],[119.857,11.955],[119.907,12.176]]]},{"type":"Polygon","coordinates":[[[120.258,13.698],[120.041,13.0],[120.173,13.492],[120.258,13.698]]]},{"type":"Polygon","coordinates":[[[139.121,13.373],[139.716,13.422],[139.71745419145304,13.42187333675786],[139.121,13.373]]]},{"type":"Polygon","coordinates":[[[120.494,14.143],[120.281,13.754],[120.27552265988987,13.758108005082594],[120.494,14.143]]]},{"type":"Polygon","coordinates":[[[141.36369035532988,14.500106598984564],[141.367,14.515],[141.36954256556686,14.52049883671751],[141.36369035532988,14.500106598984564]]]},{"type":"Polygon","coordinates":[[[136.693,17.141],[136.088,17.091],[136.087,17.0910823723229],[136.693,17.141]]]},{"type":"Polygon","coordinates":[[[141.7437068312961,19.017519079233185],[141.715,19.064],[141.68473972602743,19.137397260273914],[141.7437068312961,19.017519079233185]]]},{"type":"Polygon","coordinates":[[[141.550489323035,19.463025897319344],[141.48,19.634],[141.43790544813643,19.84207713441502],[141.550489323035,19.463025897319344]]]},{"type":"Polygon","coordinates":[[[139.599,20.0],[139.59961871750434,20.0],[139.578,19.811],[139.599,20.0]]]},{"type":"Polygon","coordinates":[[[132.528,20.39],[132.574,20.0],[132.595,19.812],[132.57320761245674,20.0],[132.528,20.39]]]},{"type":"Polygon","coordinates":[[[141.37125457999727,20.17153833627367],[141.357,20.242],[141.35614343029087,20.302816449347937],[141.37125457999727,20.17153833627367]]]},{"type":"Polygon","coordinates":[[[141.348,20.881],[140.841,20.928],[140.236,21.075],[140.837,20.929],[141.348,20.881]]]},{"type":"Polygon","coordinates":[[[131.812,21.178],[131.192,21.128],[131.1905,21.128120385232744],[131.812,21.178]]]},{"type":"Polygon","coordinates":[[[132.694,21.443],[132.414,21.325],[131.812,21.178],[132.416,21.326],[132.694,21.443]]]},{"type":"Polygon","coordinates":[[[120.843,21.91],[121.087,21.381],[121.0869687455585,21.38041589381493],[121.077,21.381],[120.843,21.91]]]},{"type":"Polygon","coordinates":[[[128.431,22.292],[128.233,22.541],[128.266,22.5],[128.431,22.292]]]},{"type":"Polygon","coordinates":[[[118.93392732778199,24.88173656320969],[118.973,24.88],[120.619,24.456],[118.936,24.88],[118.93392732778199,24.88173656320969]]]},{"type":"Polygon","coordinates":[[[132.998,26.568],[132.672,25.898],[132.232,25.328],[131.674,24.904],[130.961,24.507],[130.326,24.08],[129.712,23.502],[129.118,23.149],[128.327,22.749],[128.25278794666443,22.71592544851341],[128.358,23.646],[128.931,24.76],[129.568,25.81],[130.491,26.574],[131.318,27.179],[132.21,27.657],[133.165,28.102],[133.974,28.318],[134.227,28.059],[134.32397123303562,27.929972161002212],[133.301,26.94],[132.998,26.568]],[[131.236,25.812],[131.268,25.83],[131.262,25.87],[131.22,25.866],[131.236,25.812]],[[131.313,25.927],[131.333,25.952],[131.286,25.961],[131.313,25.927]]]},{"type":"Polygon","coordinates":[[[130.49590373510466,30.13209462932675],[130.1047884528037,29.611644634355823],[130.431,30.066],[130.49590373510466,30.13209462932675]]]},{"type":"Polygon","coordinates":[[[131.35615623325864,78.24932016508265],[133.377,78.428],[131.749,78.275],[131.35615623325864,78.24932016508265]]]},{"type":"Polygon","coordinates":[[[158.26398876783105,-58.433432775468944],[158.089,-58.434],[158.06508319233384,-58.43136475908854],[158.26398876783105,-58.433432775468944]]]},{"type":"Polygon","coordinates":[[[159.62795961775592,-58.39549630086313],[159.323,-58.43],[159.22359187874252,-58.43032223053892],[159.62795961775592,-58.39549630086313]]]},{"type":"Polygon","coordinates":[[[156.96124650216234,-58.309740015263294],[156.891,-58.302],[156.63892778187167,-58.242888725128935],[156.96124650216234,-58.309740015263294]]]},{"type":"Polygon","coordinates":[[[155.9239383886256,-58.075222748815165],[155.778,-58.041],[155.5360599306067,-57.94812133319316],[155.9239383886256,-58.075222748815165]]]},{"type":"Polygon","coordinates":[[[154.999095572137,-57.74198543407352],[154.822,-57.674],[154.48982328715843,-57.49859827779861],[154.999095572137,-57.74198543407352]]]},{"type":"Polygon","coordinates":[[[154.44148786769688,-57.473075369391346],[154.394,-57.448],[154.015,-57.199],[153.85975431666856,-57.07262622728813],[154.44148786769688,-57.473075369391346]]]},{"type":"Polygon","coordinates":[[[153.77690479697998,-57.00518469754162],[153.687,-56.932],[153.413,-56.648],[153.366655394525,-56.58543478260875],[153.77690479697998,-57.00518469754162]]]},{"type":"Polygon","coordinates":[[[153.2918521269412,-56.4844503713706],[153.193,-56.351],[153.0975266226791,-56.1701621911922],[153.2918521269412,-56.4844503713706]]]},{"type":"Polygon","coordinates":[[[153.04554539178463,-56.071703624439145],[153.023,-56.029],[152.918,-55.714],[152.91104793932456,-55.66907899255866],[153.04554539178463,-56.071703624439145]]]},{"type":"Polygon","coordinates":[[[152.89586685552408,-55.57098583569405],[152.866,-55.378],[152.8704538192711,-55.234263105342016],[152.89586685552408,-55.57098583569405]]]},{"type":"Polygon","coordinates":[[[152.87433561225737,-55.10898705896715],[152.877,-55.023],[152.94175964391695,-54.726114879186],[152.87433561225737,-55.10898705896715]]]},{"type":"Polygon","coordinates":[[[152.95269791334312,-54.6759693063621],[152.954,-54.67],[152.98506052834074,-54.59693639394687],[152.95269791334312,-54.6759693063621]]]},{"type":"Polygon","coordinates":[[[153.37772523880636,-53.67327214066334],[153.411,-53.595],[153.5515683709871,-53.374545778834445],[153.37772523880636,-53.67327214066334]]]},{"type":"Polygon","coordinates":[[[153.58248768267217,-53.326054836464934],[153.594,-53.308],[153.83,-53.018],[153.9051896614933,-52.94793938653311],[153.58248768267217,-53.326054836464934]]]},{"type":"Polygon","coordinates":[[[154.26341244813293,-52.6141526970953],[154.519,-52.376],[154.59555354722096,-52.322271125169465],[154.26341244813293,-52.6141526970953]]]},{"type":"Polygon","coordinates":[[[154.7161929414736,-52.237600732369465],[154.898,-52.11],[155.13967551487417,-51.97032662090006],[154.7161929414736,-52.237600732369465]]]},{"type":"Polygon","coordinates":[[[155.2611354806575,-51.90013033372074],[155.315,-51.869],[155.768,-51.655],[155.8462954159592,-51.62501782682516],[155.2611354806575,-51.90013033372074]]]},{"type":"Polygon","coordinates":[[[155.98664945125898,-51.57127114267266],[156.272,-51.462],[156.4175533287405,-51.42382657982088],[155.98664945125898,-51.57127114267266]]]},{"type":"Polygon","coordinates":[[[157.21672832282093,-51.21423162854319],[157.332,-51.184],[157.36678038662032,-51.179648566463946],[157.21672832282093,-51.21423162854319]]]},{"type":"Polygon","coordinates":[[[159.37683182057953,-51.044828855703294],[159.568,-51.045],[159.71940950589993,-51.06444957078465],[159.37683182057953,-51.044828855703294]]]},{"type":"Polygon","coordinates":[[[158.37232991578173,-51.053842548517025],[158.451,-51.044],[158.63838663171694,-51.044167758846655],[158.37232991578173,-51.053842548517025]]]},{"type":"Polygon","coordinates":[[[147.33146805253804,-47.17229898281651],[147.083,-47.192],[146.8923431014351,-47.18325221288938],[147.33146805253804,-47.17229898281651]]]},{"type":"Polygon","coordinates":[[[146.46454937684564,-47.16362403023174],[146.233,-47.153],[145.9167877094972,-47.10739245810056],[146.46454937684564,-47.16362403023174]]]},{"type":"Polygon","coordinates":[[[148.4196151202748,-47.0323768613975],[147.928,-47.125],[147.75423400667833,-47.13877789532847],[148.4196151202748,-47.0323768613975]]]},{"type":"Polygon","coordinates":[[[145.8470102588572,-47.09732840271979],[145.817,-47.093],[145.388423177461,-47.000961370897365],[145.8470102588572,-47.09732840271979]]]},{"type":"Polygon","coordinates":[[[149.05147927192772,-46.84723387522992],[148.875,-46.915],[148.4952542013242,-47.016906467492745],[149.05147927192772,-46.84723387522992]]]},{"type":"Polygon","coordinates":[[[144.6262129538764,-46.83727360157018],[144.597,-46.831],[144.28954968287516,-46.71874968287523],[144.6262129538764,-46.83727360157018]]]},{"type":"Polygon","coordinates":[[[149.90387462235662,-46.4791132930513],[149.612,-46.632],[149.4775763192325,-46.68361723427029],[149.90387462235662,-46.4791132930513]]]},{"type":"Polygon","coordinates":[[[143.8868888607069,-46.571737946459436],[143.852,-46.559],[143.141,-46.197],[143.11681628853177,-46.18204020412382],[143.8868888607069,-46.571737946459436]]]},{"type":"Polygon","coordinates":[[[143.03531168831177,-46.13162229437235],[142.829,-46.004],[142.77544621513945,-45.96018326693228],[143.03531168831177,-46.13162229437235]]]},{"type":"Polygon","coordinates":[[[151.11843931555896,-45.72179805013936],[151.033,-45.78],[150.6482129993231,-45.9876132701421],[151.11843931555896,-45.72179805013936]]]},{"type":"Polygon","coordinates":[[[151.55661224489768,-45.39095408163287],[151.331,-45.577],[151.20550229709056,-45.66249004594166],[151.55661224489768,-45.39095408163287]]]},{"type":"Polygon","coordinates":[[[151.9070998659512,-45.018128686327685],[151.599,-45.356],[151.5904976812752,-45.36301124044096],[151.9070998659512,-45.018128686327685]]]},{"type":"Polygon","coordinates":[[[152.6824625601493,-43.279401036040376],[152.55703140289205,-43.683823234153536],[152.591,-43.52],[152.6824625601493,-43.279401036040376]]]},{"type":"Polygon","coordinates":[[[152.81673986013988,-42.75566293706294],[152.793,-42.923],[152.76862080582129,-43.0016047702467],[152.81673986013988,-42.75566293706294]]]},{"type":"Polygon","coordinates":[[[152.84015654379945,-42.22907372034022],[152.842,-42.246],[152.834,-42.634],[152.82968789359074,-42.664395091519005],[152.84015654379945,-42.22907372034022]]]},{"type":"Polygon","coordinates":[[[152.86860456942006,-40.56521300527243],[152.871,-40.593],[152.86426005844012,-40.63841801528431],[152.86860456942006,-40.56521300527243]]]},{"type":"Polygon","coordinates":[[[153.4659819987585,-39.4018634388579],[153.458,-39.413],[153.243,-39.651],[153.2207476459511,-39.670088512241],[153.4659819987585,-39.4018634388579]]]},{"type":"Polygon","coordinates":[[[153.9165402684565,-38.705087248321966],[153.792,-38.947],[153.77112081075657,-38.97613084487256],[153.9165402684565,-38.705087248321966]]]},{"type":"Polygon","coordinates":[[[154.04023635222757,-38.388792302865504],[154.038,-38.398],[153.94148063781287,-38.649671981777644],[154.04023635222757,-38.388792302865504]]]},{"type":"Polygon","coordinates":[[[154.20260552763818,-37.66518210618317],[154.2,-37.731],[154.18825627403007,-37.7793522544564],[154.20260552763818,-37.66518210618317]]]},{"type":"Polygon","coordinates":[[[154.64212745762708,-36.28521694915259],[154.628,-36.319],[154.6140726776984,-36.341658518239875],[154.64212745762708,-36.28521694915259]]]},{"type":"Polygon","coordinates":[[[154.75575349474644,-35.99123010507083],[154.743,-36.044],[154.71183523107834,-36.11852444742131],[154.75575349474644,-35.99123010507083]]]},{"type":"Polygon","coordinates":[[[155.03852712659096,-35.1472150033485],[154.958,-35.326],[154.88704678362572,-35.461456140350904],[154.95159349286362,-35.327556052038204],[155.03852712659096,-35.1472150033485]]]},{"type":"Polygon","coordinates":[[[159.50107518796992,-35.118413533834584],[159.416,-35.125],[158.967,-35.117],[158.9339339069222,-35.1132104028158],[159.50107518796992,-35.118413533834584]]]},{"type":"Polygon","coordinates":[[[158.83572922012715,-35.10195548365502],[158.522,-35.066],[158.36949527806925,-35.03354476169437],[158.83572922012715,-35.10195548365502]]]},{"type":"Polygon","coordinates":[[[158.21100495195134,-34.99981569915669],[158.085,-34.973],[157.7376026378558,-34.862426967868586],[158.21100495195134,-34.99981569915669]]]},{"type":"Polygon","coordinates":[[[155.70421970705723,-34.50322769640482],[155.616,-34.602],[155.11733810888208,-35.03980515759351],[155.70421970705723,-34.50322769640482]]]},{"type":"Polygon","coordinates":[[[157.6693236230799,-34.840694454852034],[157.664,-34.839],[157.265,-34.666],[157.1783185267071,-34.61759017134812],[157.6693236230799,-34.840694454852034]]]},{"type":"Polygon","coordinates":[[[156.71396531791896,-34.32774896779514],[157.05623149015946,-34.54940706029373],[156.923,-34.475],[156.71396531791896,-34.32774896779514]]]},{"type":"Polygon","coordinates":[[[155.85855084318445,-34.31722572693152],[155.825,-34.368],[155.77341047367696,-34.42576052229468],[155.85855084318445,-34.31722572693152]]]},{"type":"Polygon","coordinates":[[[157.279,-27.091],[157.295,-27.68],[157.42,-28.463],[157.43,-28.915],[157.382,-29.836],[157.163,-30.708],[157.018,-31.848],[156.751,-32.647],[156.22241980932844,-33.91599214017562],[156.56249528826459,-34.221048405033685],[156.517,-34.189],[156.160421658821,-33.86038858754093],[156.15701356350183,-33.86554623921088],[156.146,-33.886],[156.14658775998723,-33.8818935094326],[156.15137220388684,-33.87408360836117],[156.14669178228817,-33.88116673897044],[157.18065311039223,-26.65721047610841],[157.279,-27.091]],[[156.16042595232327,-33.86038208995589],[156.20595934600095,-33.90122669023425],[156.162,-33.858],[156.16042595232327,-33.86038208995589]]]},{"type":"Polygon","coordinates":[[[157.19691555234263,-26.54359000870416],[157.197,-26.543],[157.741,-26.312],[157.76539012994874,-26.30547069060095],[157.19691555234263,-26.54359000870416]]]},{"type":"Polygon","coordinates":[[[157.97278879502002,-26.24994945901882],[158.32,-26.157],[158.3692649618589,-26.151145080933578],[157.97278879502002,-26.24994945901882]]]},{"type":"Polygon","coordinates":[[[159.25726408010013,-26.094533166458074],[159.51,-26.1],[159.61699137931032,-26.117741379310342],[159.25726408010013,-26.094533166458074]]]},{"type":"Polygon","coordinates":[[[158.6264814718839,-26.120576055973054],[158.909,-26.087],[158.98726445757703,-26.08869290840017],[158.6264814718839,-26.120576055973054]]]},{"type":"Polygon","coordinates":[[[158.58065246206863,-25.009040978372525],[158.602,-25.063],[158.58396780231558,-25.084179962866244],[158.548,-25.0],[158.58065246206863,-25.009040978372525]]]},{"type":"Polygon","coordinates":[[[158.57991800454838,-25.007184529664116],[158.547,-24.998],[157.801,-23.248],[157.312,-22.527],[157.218,-22.175],[157.243,-21.789],[157.08384353591953,-20.74359333067147],[157.05406468065377,-20.547993270820484],[157.144,-20.685],[157.285,-22.23],[157.369,-22.597],[157.969,-23.463],[158.57991800454838,-25.007184529664116]]]},{"type":"Polygon","coordinates":[[[156.75621297864166,-20.03644190133329],[156.256,-19.287],[156.427853957424,-19.121666246922707],[156.75621297864166,-20.03644190133329]]]},{"type":"Polygon","coordinates":[[[156.85106219630703,-18.6559365079366],[156.946,-18.54],[158.38,-16.424],[158.7603696974693,-15.736139838434818],[158.868,-15.847],[157.235,-18.264],[156.85106219630703,-18.6559365079366]]]},{"type":"Polygon","coordinates":[[[157.27412334897937,-14.302010042571782],[157.302,-14.314],[157.735,-14.68],[158.68093840799037,-15.654324909201014],[157.717,-14.683],[157.27412334897937,-14.302010042571782]]]},{"type":"Polygon","coordinates":[[[152.118,-14.632],[151.56002575960088,-14.430194244734183],[152.119,-14.63],[154.252,-14.747],[156.618,-14.08],[157.023,-14.194],[157.15194815825373,-14.249461573442462],[156.618,-14.082],[154.251,-14.748],[152.118,-14.632]]]},{"type":"Polygon","coordinates":[[[143.338,-9.543],[143.497,-9.398],[143.801,-9.362],[144.229,-9.482],[144.735,-9.847],[146.502,-12.33],[147.144,-12.639],[148.085,-13.172],[148.16912239887782,-13.203786707972911],[148.084,-13.173],[147.143,-12.64],[146.501,-12.332],[144.734,-9.849],[144.251,-9.499],[143.801,-9.365],[143.501,-9.399],[143.334,-9.548],[143.084,-9.548],[143.01639516129018,-9.643298387096992],[143.08,-9.545],[143.338,-9.543]]]},{"type":"Polygon","coordinates":[[[142.315,-10.39],[142.414,-10.417],[142.536,-10.492],[142.315,-10.39]]]},{"type":"Polygon","coordinates":[[[151.46538271528934,1.582460434821417],[151.636,2.231],[151.481,1.578],[151.46538271528934,1.582460434821417]]]},{"type":"Polygon","coordinates":[[[152.886,12.053],[153.458,11.9],[153.4660825519307,11.896247916259696],[152.886,12.053]]]},{"type":"Polygon","coordinates":[[[151.513,12.017],[151.677,12.055],[152.18755620335827,12.096307136194037],[151.513,12.017]]]},{"type":"Polygon","coordinates":[[[152.28810567391508,12.104442206627436],[152.295,12.105],[152.886,12.053],[152.28810567391508,12.104442206627436]]]},{"type":"Polygon","coordinates":[[[148.92182242900063,13.776355578171847],[148.801,13.534],[148.544,13.132],[148.92182242900063,13.776355578171847]]]},{"type":"Polygon","coordinates":[[[149.199,14.59],[148.971,13.875],[148.95543452446887,13.843777487316986],[149.199,14.59]]]},{"type":"Polygon","coordinates":[[[149.511,15.59],[149.395,15.078],[149.3890553077609,15.06319892952712],[149.511,15.59]]]},{"type":"Polygon","coordinates":[[[142.14509890945976,15.815675069743763],[142.195,15.904],[142.157,15.832],[142.14509890945976,15.815675069743763]]]},{"type":"Polygon","coordinates":[[[149.53364365041043,16.223116465475567],[149.543,15.968],[149.511,15.59],[149.53364365041043,16.223116465475567]]]},{"type":"Polygon","coordinates":[[[142.195,15.904],[142.16,16.282],[142.16025408855205,16.29682183220312],[142.195,15.904]]]},{"type":"Polygon","coordinates":[[[149.5295789473684,16.33394736842112],[149.4922033898305,16.59557627118631],[149.528,16.377],[149.5295789473684,16.33394736842112]]]},{"type":"Polygon","coordinates":[[[142.1622647975078,16.414113187954637],[142.166,16.632],[142.17015223715194,16.663224823382688],[142.1622647975078,16.414113187954637]]]},{"type":"Polygon","coordinates":[[[149.341,17.199],[149.462,16.78],[149.4675607447144,16.74604575575892],[149.341,17.199]]]},{"type":"Polygon","coordinates":[[[142.17932391713748,16.732195856873947],[142.216,17.008],[142.301,17.349],[142.17932391713748,16.732195856873947]]]},{"type":"Polygon","coordinates":[[[149.2939518458753,18.530695902865247],[149.302,18.483],[149.30680510002574,18.3248013222288],[149.2939518458753,18.530695902865247]]]},{"type":"Polygon","coordinates":[[[149.12293525179854,19.5441942446044],[148.971,20.0],[148.96735139416984,20.013708333333344],[148.97225095057036,20.0],[149.112,19.609],[149.12293525179854,19.5441942446044]]]},{"type":"Polygon","coordinates":[[[148.77384926217073,20.740723486415725],[148.799,20.678],[148.85313826679655,20.44282336903582],[148.77384926217073,20.740723486415725]]]},{"type":"Polygon","coordinates":[[[148.48120856783413,21.392848374495298],[148.635,21.087],[148.71264723743428,20.893355365179147],[148.48120856783413,21.392848374495298]]]},{"type":"Polygon","coordinates":[[[147.9489306207079,22.288496801611725],[147.971,22.26],[148.369,21.616],[148.40008586958697,21.554178853340172],[147.9489306207079,22.288496801611725]]]},{"type":"Polygon","coordinates":[[[147.5501846008205,22.789464872773138],[147.583,22.761],[147.72220708785287,22.581250641715755],[147.5501846008205,22.789464872773138]]]},{"type":"Polygon","coordinates":[[[147.02994652742825,23.233267740312048],[147.055,23.219],[147.2352549059276,23.062642524782493],[147.02994652742825,23.233267740312048]]]},{"type":"Polygon","coordinates":[[[146.45057992545813,23.55995413603892],[146.465,23.555],[146.63520762997973,23.458068197164092],[146.45057992545813,23.55995413603892]]]},{"type":"Polygon","coordinates":[[[145.06692155975105,29.838787777148994],[145.069,29.837],[145.475,29.302],[145.06692155975105,29.838787777148994]]]},{"type":"Polygon","coordinates":[[[144.1936893513196,30.52211845477086],[144.424,30.607],[144.54101441329914,30.30162092139004],[144.1936893513196,30.52211845477086]]]},{"type":"Polygon","coordinates":[[[145.8947071272377,37.91231236796263],[145.964,37.554],[145.902,37.255],[145.762,36.83],[145.563,36.538],[145.195,36.172],[144.95662569009835,35.96470709328217],[144.948,36.07],[145.078,36.454],[145.206,36.594],[145.53,37.114],[145.74,37.67],[145.8947071272377,37.91231236796263]]]},{"type":"Polygon","coordinates":[[[153.711,43.731],[154.188,43.887],[155.061,44.33],[155.22972954067103,44.44324130246376],[155.153,44.328],[154.649,43.833],[154.124,43.49],[153.58,43.196],[151.797,42.462],[151.196,42.165],[150.67944757102418,41.96741648085487],[150.809,42.094],[151.024,42.399],[152.087,42.78],[153.098,43.307],[153.711,43.731]]]},{"type":"Polygon","coordinates":[[[161.825,79.994],[154.90408883272775,79.99313211973575],[152.58456571465973,79.99284125220574],[154.904,80.0],[161.825,79.994]]]},{"type":"Polygon","coordinates":[[[160.75548300795373,-58.23363623592604],[160.472,-58.3],[160.31019298050265,-58.318307147549746],[160.75548300795373,-58.23363623592604]]]},{"type":"Polygon","coordinates":[[[161.7623745944421,-57.96821327056002],[161.557,-58.046],[161.37370999094313,-58.088908444516534],[161.7623745944421,-57.96821327056002]]]},{"type":"Polygon","coordinates":[[[162.83597568622798,-57.51567581637488],[162.489,-57.693],[162.27247838983732,-57.77500872144574],[162.83597568622798,-57.51567581637488]]]},{"type":"Polygon","coordinates":[[[163.3968055135578,-57.14370900510098],[163.281,-57.243],[162.896,-57.485],[162.86367603404378,-57.5015193732651],[163.3968055135578,-57.14370900510098]]]},{"type":"Polygon","coordinates":[[[163.9504156433397,-56.63531079548261],[163.849,-56.756],[163.70268767821065,-56.881447360407414],[163.9504156433397,-56.63531079548261]]]},{"type":"Polygon","coordinates":[[[164.29165489496808,-56.120902666028705],[164.247,-56.217],[164.07,-56.493],[164.01441416393916,-56.5591496601086],[164.29165489496808,-56.120902666028705]]]},{"type":"Polygon","coordinates":[[[168.30555365142115,-55.91030113663536],[168.185,-55.903],[167.31,-55.774],[167.28614796695436,-55.76793113952093],[168.30555365142115,-55.91030113663536]]]},{"type":"Polygon","coordinates":[[[164.54831277391241,-55.41145467600961],[164.538,-55.462],[164.372,-55.948],[164.33325371281637,-56.031382010019186],[164.54831277391241,-55.41145467600961]]]},{"type":"Polygon","coordinates":[[[167.1099810126582,-55.7231075949367],[166.465,-55.559],[166.33212386333543,-55.50821320738061],[167.1099810126582,-55.7231075949367]]]},{"type":"Polygon","coordinates":[[[165.6497490809231,-55.24740169198743],[165.633,-55.241],[165.58252111733705,-55.2138599983273],[165.6497490809231,-55.24740169198743]]]},{"type":"Polygon","coordinates":[[[165.02441579731752,-54.913794336810774],[164.969,-54.884],[164.9445636363636,-54.86465454545453],[165.02441579731752,-54.913794336810774]]]},{"type":"Polygon","coordinates":[[[164.67611204218062,-54.61946652857551],[164.78700975609755,-54.73992439024387],[164.705,-54.675],[164.67611204218062,-54.61946652857551]]]},{"type":"Polygon","coordinates":[[[164.6731818826533,-54.616283769088916],[164.7,-54.668],[164.672,-54.615],[164.6731818826533,-54.616283769088916]]]},{"type":"Polygon","coordinates":[[[162.067,-52.25],[160.7,-51.2],[160.43010976844653,-51.155743806116234],[160.689,-51.189],[160.6976335829758,-51.195647482973406],[160.644,-51.097],[160.61876150821195,-50.99827295859372],[160.69852294285346,-51.196332251355244],[162.067,-52.25]]]},{"type":"Polygon","coordinates":[[[160.61120663195396,-50.96872006029041],[160.61,-50.964],[160.61184841564372,-50.936791321724606],[160.61120663195396,-50.96872006029041]]]},{"type":"Polygon","coordinates":[[[160.6288854489164,-50.686006191950604],[160.635,-50.596],[160.65614960629924,-50.50144881889752],[160.6288854489164,-50.686006191950604]]]},{"type":"Polygon","coordinates":[[[160.6871806702283,-50.36272170956772],[160.703,-50.292],[160.74153016453377,-50.18691773308973],[160.6871806702283,-50.36272170956772]]]},{"type":"Polygon","coordinates":[[[160.78044412144703,-50.080788759689874],[160.813,-49.992],[161.04166075949377,-49.56980607594915],[160.78044412144703,-50.080788759689874]]]},{"type":"Polygon","coordinates":[[[161.14967696936537,-49.37036745076591],[161.158,-49.355],[161.18203673689905,-49.326568881685475],[161.14967696936537,-49.37036745076591]]]},{"type":"Polygon","coordinates":[[[166.7660741350906,-46.04924341021417],[166.768,-46.05],[166.76693436645397,-46.04771649954421],[166.77856013745705,-46.02708075601374],[166.782,-46.046],[166.75135714285713,-46.075366071428576],[166.7660741350906,-46.04924341021417]]]},{"type":"Polygon","coordinates":[[[166.8586807720861,-45.981868596881974],[166.855,-45.985],[166.84079620853083,-45.98798104265402],[166.8586807720861,-45.981868596881974]]]},{"type":"Polygon","coordinates":[[[166.7759881422925,-45.66289328063241],[166.751,-45.67],[166.74261475409835,-45.69286885245902],[166.73484091514715,-45.66678887662264],[166.77529254829807,-45.65663293468261],[166.7759881422925,-45.66289328063241]]]},{"type":"Polygon","coordinates":[[[167.16421301775148,-45.462426035502965],[167.168,-45.466],[167.16552112676058,-45.465042253521126],[167.16421301775148,-45.462426035502965]]]},{"type":"Polygon","coordinates":[[[166.94405400284225,-45.424002368545715],[166.922,-45.427],[166.94356447803494,-45.42315682569674],[166.94405400284225,-45.424002368545715]]]},{"type":"Polygon","coordinates":[[[167.06072698563082,-45.36476109268909],[167.071,-45.365],[167.08697722868217,-45.38880281007752],[167.0867180168216,-45.38929012837538],[167.06072698563082,-45.36476109268909]]]},{"type":"Polygon","coordinates":[[[167.15959801233723,-45.09548183687457],[167.1943009416196,-45.09775743879472],[167.19417966101693,-45.0984093220339],[167.16368645763845,-45.10167645096731],[167.15959801233723,-45.09548183687457]]]},{"type":"Polygon","coordinates":[[[167.91761296534017,-44.635369062901155],[167.923,-44.67],[167.82952767769407,-44.605183426138225],[167.87976025236594,-44.61669505783386],[167.91761296534017,-44.635369062901155]]]},{"type":"Polygon","coordinates":[[[167.82,-44.603],[167.81991378574477,-44.598516858728125],[167.82952767769407,-44.605183426138225],[167.82,-44.603]]]},{"type":"Polygon","coordinates":[[[161.99229834254146,-44.620723756906024],[161.994,-44.617],[162.0497419354827,-44.52700000000189],[161.99229834254146,-44.620723756906024]]]},{"type":"Polygon","coordinates":[[[162.18188571428578,-44.31364285714274],[162.186,-44.307],[162.464,-43.961],[162.18188571428578,-44.31364285714274]]]},{"type":"Polygon","coordinates":[[[169.04,-36.455],[169.0099056508065,-36.424321294511486],[169.18672383882034,-36.566802021906575],[169.491,-36.544],[169.889,-36.476],[170.243,-36.29],[170.571,-36.059],[171.11,-35.455],[171.275,-35.11],[171.11,-34.645],[170.69,-34.062],[170.08,-33.394],[169.739,-33.17],[169.667,-32.837],[169.71,-32.493],[170.255,-32.169],[171.438,-32.174],[171.768,-32.626],[171.983,-32.997],[172.213,-33.218],[172.187,-33.292],[172.397,-33.556],[173.403,-33.765],[174.345,-34.166],[175.056,-34.735],[175.847,-35.587],[176.109,-35.821],[176.829,-36.12],[177.167,-36.21],[178.603,-36.748],[179.103,-36.874],[179.35,-37.165],[179.544,-37.584],[179.608,-38.127],[179.501,-38.586],[179.383,-38.869],[179.096,-39.142],[178.606,-39.448],[178.233,-39.743],[177.486,-40.569],[176.783,-41.221],[176.434,-41.648],[176.323,-41.989],[176.323,-42.28],[176.588,-42.695],[176.758,-43.048],[177.132,-43.589],[177.366,-44.241],[176.932,-44.634],[176.162,-45.138],[175.03,-45.349],[174.623,-45.191],[173.911,-45.068],[173.505,-45.163],[173.006,-45.542],[172.324,-45.934],[171.884,-46.246],[171.509,-46.678],[171.398,-46.942],[170.514,-47.579],[170.279,-47.844],[170.09,-48.174],[169.675,-48.437],[169.479,-48.688],[169.05,-48.972],[168.417,-49.302],[167.713,-49.328],[167.331,-49.139],[166.805,-48.717],[166.569,-47.796],[166.439,-46.783],[166.222,-45.842],[166.189,-45.503],[166.214,-45.022],[166.407,-44.497],[166.813,-43.101],[166.832,-42.739],[166.811,-42.482],[166.546,-41.775],[166.61314455165987,-40.94143971002421],[166.657,-40.397],[166.552,-39.907],[166.406,-39.593],[166.032,-38.55],[166.02,-38.155],[166.203,-37.739],[166.768,-37.113],[167.623,-36.711],[168.135,-36.578],[168.677,-36.605],[169.18212632467618,-36.56714655306481],[169.04,-36.455]],[[172.117,-34.157],[172.132,-34.175],[172.146,-34.148],[172.117,-34.157]],[[175.109,-36.178],[175.05,-36.182],[175.046,-36.223],[175.097,-36.235],[175.109,-36.178]],[[175.3,-36.172],[175.332,-36.193],[175.333,-36.167],[175.3,-36.172]],[[174.819,-36.419],[174.854,-36.427],[174.815,-36.433],[174.877,-36.453],[174.877,-36.414],[174.839,-36.393],[174.819,-36.419]],[[174.895,-36.768],[174.913,-36.798],[174.94,-36.769],[174.919,-36.731],[174.895,-36.768]],[[175.165,-36.834],[175.212,-36.752],[175.194,-36.727],[175.158,-36.754],[175.14256896551723,-36.76476583801123],[175.07124626865672,-36.776044776119406],[175.016,-36.766],[175.00539163069996,-36.786458997935824],[174.983,-36.79],[174.99,-36.815],[175.05282867707479,-36.80578512736237],[175.0586865171436,-36.80725857179686],[175.034,-36.82],[175.072,-36.84],[175.10720636864667,-36.81946295162278],[175.10811138613863,-36.81969059405941],[175.113,-36.85],[175.13623529411765,-36.826764705882354],[175.13863781321186,-36.827369020501145],[175.145,-36.851],[175.14874168797954,-36.82991048593351],[175.165,-36.834]],[[175.153,-36.865],[175.19,-36.905],[175.214,-36.836],[175.153,-36.865]],[[174.898,-36.777],[174.84,-36.77],[174.829,-36.793],[174.862,-36.81],[174.898,-36.777]],[[175.788,-36.581],[175.751,-36.591],[175.787,-36.611],[175.776,-36.642],[175.835,-36.64],[175.788,-36.581]],[[176.231,-37.299],[176.259,-37.312],[176.28,-37.275],[176.254,-37.271],[176.231,-37.299]],[[175.8869872611465,-37.24368152866242],[175.88616201117318,-37.22305027932961],[175.888,-37.222],[175.88598756906077,-37.218689226519324],[175.88493268186753,-37.19231704668837],[175.895,-37.2],[175.895,-37.180647058823546],[175.918,-37.205],[175.916,-37.149],[175.895,-37.142189189189196],[175.895,-37.117],[175.88869491525423,-37.119847457627124],[175.918,-37.068],[175.907,-37.039],[175.88679766949153,-37.0498781779661],[175.87740028694404,-37.031407460545175],[175.892,-36.987],[175.846,-36.84],[175.77704316546763,-36.8323381294964],[175.763,-36.824],[175.761813229572,-36.83064591439689],[175.756,-36.83],[175.7522981818182,-36.849743030303024],[175.7212260235558,-36.83744363432417],[175.734,-36.806],[175.852,-36.729],[175.801,-36.706],[175.79869445552453,-36.70632209812525],[175.782,-36.694],[175.63,-36.726],[175.677,-36.745],[175.64,-36.745],[175.64227016129033,-36.76316129032258],[175.6352248894504,-36.76602716361339],[175.62382343096235,-36.76166778242677],[175.62712173913042,-36.72428695652174],[175.629,-36.721],[175.6276121495327,-36.71872897196261],[175.629,-36.703],[175.6132734375,-36.695265625000005],[175.607,-36.685],[175.59349815043157,-36.685540073982736],[175.568,-36.673],[175.611,-36.672],[175.605,-36.623],[175.542,-36.608],[175.565,-36.568],[175.538,-36.515],[175.5182610261026,-36.52893339333933],[175.495,-36.51],[175.473,-36.505],[175.4738277703605,-36.5098010680908],[175.442,-36.479],[175.41299625468164,-36.47998876404494],[175.41,-36.471],[175.36201129146082,-36.481726887791105],[175.354,-36.482],[175.35422026180993,-36.48346841206602],[175.325,-36.49],[175.348,-36.56],[175.472,-36.629],[175.438,-36.631],[175.43,-36.722],[175.48,-36.74],[175.458,-36.775],[175.482,-36.756],[175.509,-36.784],[175.42,-36.823],[175.468,-36.855],[175.405,-36.858],[175.512,-37.008],[175.519,-37.113],[175.55169752883032,-37.18814695222405],[175.54809307604995,-37.189654937570936],[175.538,-37.17],[175.5067241798299,-37.20696233292831],[175.49875616438354,-37.21029589041096],[175.44158249641322,-37.222162123385935],[175.373,-37.217],[175.319,-37.153],[175.324,-37.012],[175.23,-36.939],[175.20821223021582,-36.944648681055156],[175.191,-36.933],[175.0929784793662,-36.95555362421663],[175.09000681596885,-36.92843719571569],[175.1,-36.903],[175.039,-36.877],[175.02672758229286,-36.877694665153236],[175.012,-36.872],[175.0131340544084,-36.87846411012783],[174.986,-36.88],[174.999,-36.92],[174.96159949109415,-36.92984223918575],[174.931,-36.839],[174.91957897132454,-36.870725079654086],[174.903,-36.847],[174.8913448593822,-36.865356846473034],[174.87605696202533,-36.8533924050633],[174.867,-36.844],[174.84606947645705,-36.849939743167596],[174.76175443037974,-36.84662025316455],[174.742,-36.835],[174.697,-36.886],[174.68092857142858,-36.87207142857143],[174.679,-36.847],[174.66399187872224,-36.83991283161884],[174.665,-36.833],[174.6470461095101,-36.827613832853025],[174.682,-36.807],[174.65047457627117,-36.80852542372882],[174.673,-36.786],[174.705,-36.785],[174.68,-36.792],[174.701,-36.825],[174.752,-36.826],[174.75613463626493,-36.8179891422367],[174.7944731296101,-36.82159747102213],[174.773,-36.83],[174.815,-36.83],[174.81162214537,-36.82321149603482],[174.82,-36.824],[174.7252857142857,-36.63457142857143],[174.743,-36.65],[174.75996183206107,-36.642274809160305],[174.773,-36.646],[174.859,-36.613],[174.82889419252186,-36.61087987271281],[174.844,-36.604],[174.82179728506787,-36.610380090497735],[174.717,-36.603],[174.7117284768212,-36.556874172185424],[174.715,-36.553],[174.71112466124663,-36.551590785907855],[174.71008320726173,-36.54247806354009],[174.72,-36.543],[174.70949888641425,-36.53736525612472],[174.709,-36.533],[174.72341616766468,-36.518103293413176],[174.725,-36.518],[174.72460805577072,-36.5168716757036],[174.739,-36.502],[174.73717034700317,-36.500719242902214],[174.7590115044248,-36.467703539823006],[174.775,-36.487],[174.7694163498099,-36.451975285171095],[174.778,-36.439],[174.7658589580686,-36.42966073697586],[174.75835707795747,-36.382603489006],[174.869,-36.367],[174.788,-36.351],[174.78766378845117,-36.34955909336211],[174.877,-36.351],[174.799,-36.339],[174.825,-36.277],[174.749,-36.247],[174.64137500000004,-36.139375000000044],[174.62780090840272,-36.12062982588946],[174.613,-36.042],[174.498,-35.994],[174.475,-35.906],[174.5228211870774,-35.85148384673178],[174.529,-35.865],[174.595,-35.858],[174.5867865329513,-35.84548424068768],[174.602,-35.844],[174.585,-35.751],[174.56554495768688,-35.74315990832157],[174.572,-35.717],[174.55240124671917,-35.73786318897638],[174.52969020771513,-35.72871097922848],[174.524,-35.718],[174.52178745198464,-35.71916773367479],[174.52294855708908,-35.71768632371394],[174.526,-35.716],[174.52509647058824,-35.714945882352936],[174.547,-35.687],[174.49330896759608,-35.65684476262246],[174.5015476190476,-35.64785714285714],[174.563,-35.652],[174.576,-35.602],[174.47218487394957,-35.53278991596638],[174.47047912205568,-35.518120449678804],[174.4739090909091,-35.516363636363636],[174.483,-35.516],[174.481102425876,-35.51267924528302],[174.5,-35.503],[174.46,-35.437],[174.43687082405344,-35.43527394209354],[174.435,-35.432],[174.41884615384615,-35.4339288174512],[174.393,-35.432],[174.34919378881992,-35.36697515527954],[174.361,-35.379],[174.38025298013244,-35.36811788079469],[174.413,-35.388],[174.402,-35.326],[174.36761275626424,-35.32958200455581],[174.377,-35.322],[174.35084813084114,-35.326023364485984],[174.335,-35.301],[174.359,-35.208],[174.31452558699579,-35.24629741119808],[174.292,-35.236],[174.332,-35.176],[174.283,-35.23],[174.251,-35.226],[174.264,-35.264],[174.19,-35.252],[174.20454054054053,-35.27671891891892],[174.19208919202518,-35.27773347324239],[174.119,-35.244],[174.149,-35.291],[174.115,-35.284],[174.118,-35.309],[174.18895474888114,-35.300037294878166],[174.22304935834157,-35.3176011846002],[174.23031063829788,-35.33248680851064],[174.22037530266346,-35.332720581113804],[174.178,-35.315],[174.144,-35.324],[174.16514803625378,-35.33683987915408],[174.16362068965518,-35.34193103448276],[174.136,-35.345],[174.133,-35.319],[174.12335472370768,-35.328989750445636],[174.11625544437905,-35.31856268393172],[174.118,-35.314],[174.1097627811861,-35.30902658486708],[174.09,-35.28],[174.1,-35.229],[174.0700782334385,-35.22444668769716],[174.071,-35.214],[174.01519289340104,-35.21278680203046],[174.047,-35.203],[174.04334185303514,-35.19729329073483],[174.049,-35.196],[174.0409404432133,-35.19354709141273],[174.022,-35.164],[174.02800306278715,-35.162627871362936],[174.038,-35.172],[174.04577816291163,-35.15856499133449],[174.05071420047733,-35.15743675417661],[174.066,-35.197],[174.10331382978723,-35.182074468085105],[174.107,-35.196],[174.154,-35.188],[174.115,-35.128],[174.08401661962998,-35.12507243650047],[174.081,-35.121],[174.05774504132233,-35.12259008264463],[173.988,-35.116],[173.92884463625154,-35.04864488286066],[173.922,-35.033],[173.91383153347732,-35.03155075593953],[173.887,-35.001],[173.86169888475837,-35.00501115241636],[173.863,-34.992],[173.77492278975055,-35.00856898014594],[173.725,-34.965],[173.70318201208673,-34.97076324209029],[173.694,-34.952],[173.62207782888683,-34.94892640294388],[173.589,-34.929],[173.5755,-34.94400000000001],[173.561,-34.915],[173.526,-34.951],[173.561,-34.989],[173.5502278308322,-35.00874897680764],[173.53666571018653,-35.00553084648493],[173.528,-34.983],[173.4657811032864,-34.98749002347418],[173.4,-34.906],[173.499,-34.871],[173.484,-34.839],[173.46320512820515,-34.84791208791209],[173.44814214927223,-34.843877361412204],[173.444,-34.795],[173.42502836879433,-34.83768617021277],[173.415,-34.835],[173.399,-34.783],[173.38,-34.845],[173.287,-34.863],[173.341,-34.956],[173.32586153846154,-34.995360000000005],[173.29090476190478,-35.010507936507935],[173.26771627906976,-35.01244031007752],[173.26,-34.967],[173.301,-34.91],[173.27733610341645,-34.89789289012004],[173.281,-34.894],[173.12892297111415,-34.821763411279214],[173.11878111789574,-34.79061343353689],[173.159,-34.828],[173.16561042722665,-34.818667632150614],[173.189,-34.837],[173.16887942857142,-34.81405257142857],[173.176,-34.804],[173.07972735507252,-34.71237500000006],[173.068,-34.699],[173.032,-34.547],[173.01,-34.542],[173.0074178454842,-34.59020021762782],[172.989,-34.531],[172.957,-34.534],[172.96817862444334,-34.54832261256804],[172.9488333333333,-34.56566666666667],[172.9418613861386,-34.56845544554456],[172.92617622377622,-34.55712727272727],[172.946,-34.53],[172.91812747252746,-34.55131428571429],[172.908,-34.544],[172.955,-34.519],[172.95615805471127,-34.510066435084674],[172.9983556116015,-34.515089953762086],[173.007,-34.527],[173.04,-34.522],[173.036,-34.443],[173.076,-34.412],[173.032,-34.413],[173.02303858755002,-34.414392064069894],[172.857,-34.417],[172.8198462553129,-34.44362685035908],[172.705,-34.418],[172.69839429530202,-34.43099832214765],[172.678,-34.425],[172.644,-34.48],[172.854,-34.626],[173.127,-34.96],[173.175,-35.053],[173.171,-35.138],[173.137,-35.18],[173.072,-35.167],[173.056,-35.195],[173.168,-35.298],[173.17668158908984,-35.29093359027572],[173.179,-35.293],[173.185144,-35.29154933333333],[173.163,-35.316],[173.216,-35.383],[173.23416244411325,-35.36224292101341],[173.23492366412214,-35.36315267175573],[173.222,-35.389],[173.359,-35.526],[173.36875423234093,-35.51404319906597],[173.38,-35.528],[173.3881413695172,-35.49027832123697],[173.39,-35.488],[173.3901396032329,-35.48101983835419],[173.4009205327089,-35.431068198448706],[173.41,-35.433],[173.4029411764706,-35.421705882352946],[173.40859494239115,-35.39551010025438],[173.479,-35.403],[173.44,-35.416],[173.4521227436823,-35.438137184115526],[173.447,-35.44],[173.44611138088013,-35.44248072837633],[173.426,-35.424],[173.422,-35.49],[173.367,-35.549],[173.95,-36.188],[174.053,-36.402],[174.07569304128467,-36.39725509136775],[174.081,-36.409],[174.195,-36.375],[174.193,-36.33],[174.154,-36.307],[174.18,-36.283],[174.15751122194513,-36.27841895261845],[174.158,-36.278],[174.12410265486727,-36.27013097345133],[173.992,-36.14],[173.98633948339483,-36.12236531365312],[173.988,-36.125],[174.046,-36.165],[174.06163011049725,-36.16394033149171],[174.073,-36.172],[174.12440982658958,-36.17741156069364],[174.19505942857143,-36.23714780952381],[174.203,-36.247],[174.2112315308454,-36.25082178217822],[174.228,-36.265],[174.23314696485622,-36.26099680511182],[174.259,-36.273],[174.27689431704886,-36.2637333000997],[174.30797781721384,-36.30949511978705],[174.283,-36.304],[174.259,-36.329],[174.258,-36.384],[174.359,-36.41],[174.37128743416102,-36.40145221971407],[174.377,-36.402],[174.39787323943665,-36.38295774647886],[174.405,-36.378],[174.404518506598,-36.37689539748954],[174.43022704626335,-36.35344199288256],[174.44035278514588,-36.40660212201591],[174.439,-36.408],[174.44112993039442,-36.41068213457077],[174.445,-36.431],[174.411,-36.489],[174.46344094488188,-36.553094488188975],[174.46289361702128,-36.55628723404255],[174.411,-36.588],[174.449,-36.597],[174.448,-36.647],[174.41059684361548,-36.63566571018651],[174.404,-36.619],[174.39970414201184,-36.63236489151873],[174.35609677419353,-36.619150537634404],[174.3530188014101,-36.611712103407754],[174.36453133514985,-36.59656403269755],[174.389,-36.588],[174.35642146282973,-36.57736211031175],[174.383,-36.565],[174.3548597285068,-36.55631473102061],[174.358,-36.553],[174.252,-36.444],[174.24878370080938,-36.44646832263467],[174.236,-36.424],[174.2067807183365,-36.45036862003779],[174.205,-36.429],[174.19423214285715,-36.43258928571429],[174.194,-36.424],[174.155,-36.45],[174.1878640318338,-36.49492648546569],[174.188,-36.497],[174.20171000748698,-36.513854504617036],[174.422,-36.815],[174.489,-37.046],[174.51872500000016,-37.03077499999992],[174.57413958482462,-37.00531424481031],[174.614,-37.022],[174.6139936114243,-37.02157196542654],[174.617,-37.023],[174.64849885452463,-36.967327605956456],[174.67124070021882,-36.94597811816193],[174.77,-36.937],[174.78575,-36.94],[174.758,-36.94],[174.776,-36.962],[174.745,-36.997],[174.78316617210683,-37.00799703264095],[174.786,-37.025],[174.80264678899084,-37.013610091743125],[174.804,-37.014],[174.80395567375888,-37.0127145390071],[174.824,-36.999],[174.844,-37.039],[174.86172735452908,-37.0447300539892],[174.862,-37.054],[174.89316062683645,-37.0548903036239],[174.91728571428573,-37.062688311688305],[174.87863882618512,-37.080255079006776],[174.8726,-37.076600000000006],[174.854,-37.058],[174.80345504385963,-37.10609923245616],[174.79060049833888,-37.11322134551496],[174.782,-37.09],[174.693,-37.138],[174.722594679734,-37.15090024501225],[174.717,-37.154],[174.72657901554405,-37.15580310880829],[174.705,-37.159],[174.73,-37.19],[174.71236842105264,-37.211157894736836],[174.70399363534258,-37.19752452265069],[174.702,-37.153],[174.67375066313,-37.148291777188334],[174.66370179948586,-37.13193316195371],[174.67,-37.108],[174.65266812227074,-37.095161572052405],[174.661,-37.066],[174.65091560818084,-37.066726803014],[174.659,-37.045],[174.539,-37.056],[174.69,-37.353],[174.72240875912408,-37.375686131386864],[174.709,-37.383],[174.705,-37.436],[174.84,-37.797],[174.874,-37.791],[174.863,-37.775],[174.903,-37.794],[174.92332161383285,-37.75813832853026],[174.9511803011065,-37.75375113368402],[174.96107581047383,-37.767534164588525],[174.95458487768718,-37.775707931801335],[174.915,-37.786],[174.96198795180723,-37.79539759036145],[174.96492959086584,-37.797794481446246],[174.877,-37.796],[174.762,-37.859],[174.786975,-37.96167499999999],[174.786,-37.988],[174.79401030927835,-37.990597938144326],[174.798,-38.007],[174.81931085043988,-37.99880351906158],[174.823,-38.0],[174.8251898305085,-37.99654237288134],[174.837,-37.992],[174.832334622824,-37.98526112185688],[174.861,-37.94],[174.89295945945946,-37.96905405405405],[174.85549999999998,-38.01900000000002],[174.85079792746114,-38.024984455958545],[174.799,-38.021],[174.784,-38.086],[174.79232,-38.07975999999999],[174.791,-38.086],[174.869,-38.062],[174.88121698113207,-38.076660377358486],[174.878,-38.079],[174.8850857142857,-38.08130285714286],[174.89718936877077,-38.09582724252492],[174.831,-38.108],[174.82,-38.128],[174.8435368956743,-38.13245292620865],[174.84552941176472,-38.143411764705874],[174.83689423076925,-38.14974423076922],[174.81639750542297,-38.13635303687634],[174.808,-38.12],[174.7907382753404,-38.11958900655572],[174.773,-38.108],[174.76997416137806,-38.10816137805983],[174.777,-38.089],[174.75539976415095,-38.108938679245284],[174.698,-38.112],[174.70008435286542,-38.11713071474565],[174.685,-38.114],[174.71030858468677,-38.28188027842227],[174.709,-38.292],[174.68397454545453,-38.34245454545455],[174.636,-38.388],[174.616,-38.705],[174.62794029850747,-38.70917910447761],[174.6268732394366,-38.712380281690145],[174.612,-38.713],[174.5967692307692,-38.80269230769231],[174.59023419203746,-38.82229742388759],[174.55205217391304,-38.8557304347826],[174.393,-38.974],[174.209,-38.977],[173.83,-39.146],[173.785,-39.185],[173.752,-39.289],[173.795,-39.422],[173.84647058823523,-39.45817647058821],[173.95,-39.541],[174.299,-39.628],[174.48422123893806,-39.764778761061955],[174.549,-39.822],[174.57930198675498,-39.82634437086093],[174.719,-39.87],[174.8648692607004,-39.876899221789884],[174.87029589465527,-39.87909217660727],[174.982,-39.95],[175.00113046890328,-39.94723111634295],[175.00270892552587,-39.948757248436614],[174.99,-39.951],[175.03840490797543,-39.983269938650274],[175.15285455306093,-40.09392567284897],[175.15611398516987,-40.098711674426625],[175.231,-40.281],[175.23829838371995,-40.279929570387736],[175.2435425347823,-40.29407004914515],[175.2409204339964,-40.294600361663655],[175.221,-40.278],[175.21518722876627,-40.466915065096096],[175.194,-40.472],[175.128,-40.714],[174.96,-40.899],[174.932,-40.987],[174.844,-41.042],[174.84988235294117,-41.05541176470589],[174.84,-41.062],[174.86492438563326,-41.098001890359164],[174.8536919708029,-41.09525109489051],[174.855,-41.091],[174.84791139240505,-41.093835443037975],[174.82,-41.087],[174.7528486486486,-41.15880540540545],[174.70989750692522,-41.19817728531856],[174.613,-41.232],[174.592,-41.271],[174.655,-41.333],[174.67884950926936,-41.336709923664124],[174.715,-41.364],[174.822,-41.346],[174.82861899313502,-41.317487414187646],[174.83,-41.317],[174.82921691176472,-41.31491176470587],[174.835,-41.29],[174.82380298507465,-41.300474626865665],[174.818,-41.285],[174.79184485666104,-41.28110455311973],[174.787,-41.266],[174.88523410051667,-41.23731216533584],[174.87343924834508,-41.32622720478329],[174.848,-41.36],[174.86385226019846,-41.39849834619623],[174.861,-41.42],[174.919,-41.448],[175.053,-41.379],[175.186,-41.425],[175.19967117988395,-41.507909090909045],[175.195,-41.527],[175.20646978769736,-41.549139357648386],[175.217,-41.613],[175.323,-41.614],[175.37156375655167,-41.58590344598294],[175.432,-41.575],[175.965,-41.247],[175.97284856596556,-41.238030210325064],[175.985,-41.231],[176.081,-41.129],[176.142,-40.975],[176.239,-40.909],[176.39483150948124,-40.634268148024404],[176.496,-40.532],[176.625,-40.492],[176.63813515381958,-40.422521949533355],[176.68397739361703,-40.27975611702128],[176.76433321403007,-40.23668539727988],[176.797,-40.226],[176.875,-40.131],[176.97429026663778,-39.889104920875766],[177.005,-39.844],[177.00747753437798,-39.80825271826033],[177.024,-39.768],[177.121,-39.669],[177.08553230120359,-39.65908666803826],[177.097,-39.646],[176.97269640873753,-39.62754868567198],[176.96849166414063,-39.62637344649894],[176.9341541153597,-39.58405042125729],[176.945,-39.495],[176.899,-39.412],[177.028,-39.274],[177.055,-39.204],[177.409,-39.061],[177.44081720430108,-39.06244623655914],[177.42,-39.067],[177.50864930555556,-39.06552951388889],[177.629,-39.071],[177.861,-39.093],[177.84834838709676,-39.12719354838712],[177.824,-39.163],[177.8298949909475,-39.177067592033794],[177.824,-39.193],[177.862,-39.286],[177.91,-39.257],[177.9339607843137,-39.19427912341408],[177.98445977011494,-39.13783908045978],[177.999,-39.127],[177.99524872579,-39.125780835881756],[178.004,-39.116],[177.918,-39.088],[177.90187709497206,-39.05978491620112],[177.909,-39.051],[177.96041670915582,-38.775129579721735],[177.975,-38.758],[177.9261842105263,-38.707342105263145],[177.926,-38.707],[177.98,-38.685],[178.068,-38.718],[178.301,-38.536],[178.298,-38.47],[178.344,-38.441],[178.33717703349282,-38.42854066985646],[178.35,-38.417],[178.341,-38.379],[178.33190359625263,-38.378788455726806],[178.362,-38.323],[178.34984937238494,-38.306707112970706],[178.362,-38.29],[178.32472727272727,-38.25272727272728],[178.355,-38.202],[178.35226674786844,-38.194048721071866],[178.367,-38.178],[178.33912291483756,-38.15581211589112],[178.333,-38.138],[178.378,-38.099],[178.348,-38.011],[178.566,-37.713],[178.54825449473032,-37.69602603843769],[178.553,-37.69],[178.51181355932206,-37.66116949152545],[178.497,-37.647],[178.49026176115802,-37.64608323281061],[178.483,-37.641],[178.40774999999994,-37.634857142857136],[178.35,-37.627],[178.3090801687764,-37.60024472573841],[178.29919369665134,-37.58968417596848],[178.307,-37.568],[178.30553773137163,-37.567898196487896],[178.316,-37.557],[177.983,-37.54],[177.9939934354486,-37.56129978118165],[177.99641797925472,-37.57369189396849],[177.96881060435857,-37.60247405077511],[177.92529673681,-37.617086916742906],[177.897,-37.614],[177.8923615617267,-37.628147236733575],[177.73885214465938,-37.67969890664424],[177.73,-37.68],[177.72951462994837,-37.685662650602424],[177.7018497652582,-37.72643192488263],[177.672,-37.74],[177.66986912442397,-37.77356129032257],[177.6412977717758,-37.81566644159353],[177.59,-37.84],[177.61291764705882,-37.857489783281736],[177.60732258064516,-37.865735144312396],[177.59,-37.863],[177.41980795068363,-37.97877017308148],[177.4092972972973,-37.981828828828824],[177.28,-38.009],[177.2190928462709,-37.99909639776762],[177.156,-37.981],[177.156,-38.0002],[177.15421009975063,-38.020246882793025],[177.127,-38.024],[177.0656273957159,-37.99472998872604],[177.06676313841598,-37.991827535159146],[177.10343059490086,-37.98280169971672],[177.143,-37.985],[177.12016585252385,-37.978682251686436],[177.127,-37.977],[176.98107999999993,-37.94019999999998],[176.64914878998394,-37.848361325292],[176.522,-37.769],[176.473,-37.753687500000005],[176.473,-37.743],[176.4596637781629,-37.74951993067591],[176.40942112879884,-37.733819102749635],[176.26359007495478,-37.66583380718533],[176.215,-37.619],[176.22264405649764,-37.64674509395442],[176.176,-37.625],[176.206,-37.687],[176.19034176349965,-37.69448872180451],[176.182,-37.669],[176.17131623931624,-37.673914529914526],[176.172,-37.672],[176.17027751196173,-37.674392344497605],[176.161580674567,-37.678392889699175],[176.165,-37.67],[176.129,-37.66],[176.1030522826578,-37.6661224951032],[176.066,-37.633],[176.05392405063293,-37.63400632911392],[176.056,-37.627],[176.04190625,-37.6350078125],[176.01528301886793,-37.63722641509434],[176.018,-37.625],[175.99488256227758,-37.62818861209965],[175.998,-37.59],[175.97154054054053,-37.58518918918919],[175.974,-37.575],[175.9534570637119,-37.577995844875346],[175.95034526315789,-37.555046315789475],[175.954,-37.551],[175.9494909090909,-37.548745454545454],[175.94634131571704,-37.52551720341316],[175.9548539407086,-37.52277584960232],[176.0213930957684,-37.52109131403118],[176.075,-37.58],[176.032,-37.57],[176.036,-37.6],[176.09,-37.626],[176.08683333333335,-37.60066666666666],[176.10335607675907,-37.60455437100212],[176.16,-37.639],[176.12839219609805,-37.6104452226113],[176.169,-37.62],[176.071,-37.511],[175.974,-37.472],[175.9807213114754,-37.467295081967215],[175.992,-37.468],[175.98777049180327,-37.462360655737704],[176.004,-37.451],[175.927,-37.256],[175.898396172927,-37.2474188518781],[175.898,-37.246],[175.8869872611465,-37.24368152866242]],[[176.409,-37.649],[176.439,-37.622],[176.414,-37.603],[176.409,-37.649]],[[176.125,-37.626],[176.093,-37.606],[176.107,-37.636],[176.125,-37.626]],[[166.659,-46.106],[166.605,-46.113],[166.612,-46.143],[166.659,-46.106]],[[166.548,-46.045],[166.512,-46.04],[166.528,-46.067],[166.548,-46.045]],[[166.59,-45.984],[166.535,-46.003],[166.561,-46.01],[166.59,-45.984]],[[166.57,-45.754],[166.492,-45.752],[166.51,-45.774],[166.57,-45.754]],[[166.608,-45.738],[166.578,-45.741],[166.596,-45.758],[166.64291704768124,-45.72302547354671],[166.652,-45.746],[166.6743548387097,-45.74035483870968],[166.685,-45.751],[166.71517142857144,-45.73004761904762],[166.7303918367347,-45.726204081632645],[166.729,-45.73],[166.7807894736842,-45.71705263157895],[166.777,-45.727],[166.88586115723592,-45.71880125175629],[166.932,-45.73],[166.884,-45.74],[166.838,-45.768],[166.857,-45.775],[166.5935384615383,-45.80134615384617],[166.477,-45.81],[166.47683333333333,-45.81301666666666],[166.457,-45.815],[166.425,-45.908],[166.452,-46.0],[166.47103268318398,-45.996455983131256],[166.484,-46.014],[166.634,-45.964],[166.64936241610738,-45.94893020134228],[166.77,-45.947],[166.77080677290837,-45.95054980079681],[166.70832138728323,-45.97435375722543],[166.638,-45.98],[166.599,-46.016],[166.607,-46.053],[166.592,-46.03],[166.564,-46.073],[166.568,-46.095],[166.614,-46.06],[166.62613312202853,-46.06919175911253],[166.616,-46.091],[166.689,-46.083],[166.70556198347109,-46.06708750607681],[166.714,-46.079],[166.74,-46.039],[166.74145971563982,-46.03957345971564],[166.75093893735132,-46.075766851705],[166.734,-46.092],[166.725,-46.071],[166.714,-46.112],[166.61,-46.157],[166.659,-46.205],[166.782,-46.23],[166.81279122776724,-46.223047142117075],[167.292,-46.273],[167.398,-46.255],[167.449232202322,-46.16012555125551],[167.606,-46.194],[167.6379591200416,-46.17553473064265],[167.63987898414862,-46.17598431907278],[167.612,-46.196],[167.732,-46.282],[167.69,-46.331],[167.782,-46.388],[167.80691470424625,-46.37939310216948],[167.832,-46.399],[167.87992346938773,-46.388178571428575],[167.884,-46.39],[167.88687787182587,-46.386608222490935],[167.956,-46.371],[168.02395127353267,-46.38080066445183],[168.039,-46.384],[168.03719518072288,-46.382710843373495],[168.06,-46.386],[168.064,-46.352],[168.12835220854453,-46.34905257060101],[168.201,-46.393],[168.275,-46.5],[168.307,-46.489],[168.265,-46.454],[168.28398792116974,-46.45433312142403],[168.31,-46.486],[168.354,-46.457],[168.3468164556962,-46.43257594936711],[168.384,-46.484],[168.294,-46.508],[168.28282815823053,-46.53108847299022],[168.28132108317214,-46.53087620889749],[168.287,-46.511],[168.224,-46.517],[168.228,-46.551],[168.329,-46.626],[168.35848780487805,-46.61173170731708],[168.373,-46.625],[168.399,-46.614],[168.39084170305676,-46.603932314410486],[168.43800000000002,-46.60585714285715],[168.493,-46.613],[168.641,-46.604],[168.63472412623005,-46.58642755344418],[168.796,-46.581],[168.7570829103215,-46.571919345741684],[168.7895623566273,-46.56742533430314],[168.852,-46.662],[168.88175307885547,-46.665161264628395],[168.883,-46.668],[168.94755361813424,-46.672152571926766],[169.012,-46.679],[169.01401594944326,-46.67642792657237],[169.054,-46.679],[169.0564366197183,-46.67075297941495],[169.073,-46.675],[169.11152446675032,-46.65928607277289],[169.133,-46.671],[169.1451958236659,-46.651630162413],[169.20126446280992,-46.66268595041323],[169.203,-46.665],[169.20697229669346,-46.66381143878463],[169.213,-46.665],[169.22139246922518,-46.65949674149168],[169.31379985627024,-46.63184728710026],[169.367,-46.641],[169.3681321462043,-46.63887722586691],[169.391,-46.646],[169.41,-46.622],[169.484,-46.633],[169.512,-46.583],[169.56900000000002,-46.5755],[169.59,-46.58],[169.6097142857143,-46.570142857142855],[169.702,-46.558],[169.75,-46.502],[169.70887049455155,-46.49810352053647],[169.71205693041838,-46.48609310842304],[169.744376,-46.4821808],[169.76,-46.486],[169.77336313071115,-46.47867183154549],[169.845,-46.47],[169.858,-46.377],[170.227,-46.165],[170.264,-46.052],[170.342,-45.974],[170.6263969849246,-45.91209045226131],[170.667,-45.906],[170.67490808510638,-45.901530212765955],[170.783,-45.878],[170.773,-45.783],[170.75142436149312,-45.80173673870334],[170.73904981293427,-45.78698246926776],[170.761,-45.775],[170.62,-45.715],[170.694,-45.686],[170.718,-45.647],[170.68,-45.627],[170.745,-45.625],[170.756,-45.566],[170.789,-45.576],[170.856,-45.494],[170.855,-45.45],[170.911,-45.397],[170.874,-45.358],[170.962,-45.169],[171.165,-44.97],[171.13088866589834,-44.96180838930175],[171.143,-44.949],[170.886,-44.892],[171.151,-44.932],[171.15270268204813,-44.92249335856472],[171.196,-44.928],[171.21,-44.806],[171.17200000000003,-44.781000000000006],[171.215,-44.748],[171.198,-44.568],[171.18344377323422,-44.55693726765799],[171.2007239563746,-44.52499511094394],[171.255,-44.478],[171.26072653822249,-44.44633561218148],[171.261,-44.446],[171.26091444866918,-44.44529657794676],[171.272,-44.384],[171.342,-44.296],[171.33941171282413,-44.295291762215555],[171.35,-44.286],[171.328,-44.271],[171.353,-44.284],[171.37444931327664,-44.27148790058862],[171.394,-44.274],[171.516,-44.196],[171.51173960880195,-44.19140189486552],[171.521,-44.186],[171.49940840660003,-44.17809321931832],[171.4925826923077,-44.17072644230772],[171.4801454965358,-44.11786836027716],[171.525,-44.184],[171.54699292572005,-44.17398888327438],[171.547,-44.174],[171.796,-44.068],[171.7956808345252,-44.06078686026989],[171.804,-44.057],[171.7941848284166,-44.0269771222155],[171.79392245629762,-44.02104751232629],[171.809,-44.056],[171.82568516087377,-44.0496811148176],[171.828,-44.056],[171.867,-44.063],[172.12893127524126,-43.934837908138825],[172.213,-43.903],[172.1533877790834,-43.85176028202113],[172.087,-43.768],[172.02847810545134,-43.7470688114388],[171.91237205456798,-43.69488631665976],[171.77892604856515,-43.609368101545286],[171.669,-43.524],[171.898,-43.676],[172.173,-43.799],[172.239,-43.889],[172.217,-43.901],[172.713,-43.829],[172.7590329135661,-43.84310017172295],[172.804,-43.878],[172.8269739252995,-43.883073995771674],[172.828,-43.89],[172.91388764044947,-43.902269662921356],[172.967,-43.914],[172.921,-43.833],[172.92180716253444,-43.78376308539945],[172.9267990543735,-43.769186761229314],[172.94462780269058,-43.75873542600897],[172.95331374606505,-43.761992654774396],[172.95979694593478,-43.781586325491816],[172.94,-43.855],[172.972,-43.889],[172.99271049403916,-43.881058381984985],[172.996,-43.891],[173.04091033956504,-43.862575734452506],[173.0817180293501,-43.84692767295598],[173.092,-43.856],[173.09468693995626,-43.84195463204684],[173.105,-43.838],[173.133,-43.748],[173.11210305422813,-43.750915852898395],[173.114,-43.741],[173.11007132667618,-43.734597717546364],[173.12,-43.725],[173.09,-43.685],[173.08186860628814,-43.68863772876584],[173.07559154929578,-43.67840845070422],[173.076,-43.678],[173.07429411764707,-43.67629411764708],[173.06,-43.653],[173.05492727272727,-43.65692727272728],[173.052,-43.654],[173.01355571635312,-43.67007670043416],[172.99915767634855,-43.66362240663901],[173.002,-43.646],[172.935,-43.625],[172.91665984776404,-43.6563713130352],[172.91107499048343,-43.63783974114958],[172.914,-43.627],[172.90685592705168,-43.62384012158056],[172.906,-43.621],[172.90478319533887,-43.622923336399886],[172.862,-43.604],[172.84347866323907,-43.634219023136254],[172.838,-43.628],[172.82758958267965,-43.6295059094237],[172.83,-43.605],[172.82763730874854,-43.605873479796],[172.79100888529885,-43.593096122778675],[172.81,-43.589],[172.74917067307692,-43.57335817307692],[172.78,-43.562],[172.719,-43.421],[172.71883005486418,-43.421070921985816],[172.71559344605714,-43.408818045787825],[172.737,-43.401],[172.756,-43.294],[172.7249506946336,-43.29124454216445],[172.726,-43.283],[172.71953431686978,-43.282393842206545],[172.73009194432728,-43.270416701813566],[172.728,-43.278],[172.7375405001069,-43.261966659542594],[172.838,-43.148],[173.099,-43.061],[173.16260634648373,-42.9983023156089],[173.17337287243376,-42.990729250745744],[173.286,-42.958],[173.326,-42.914],[173.32131550151976,-42.88355075987843],[173.3493317317736,-42.83750428243157],[173.373,-42.819],[173.466,-42.657],[173.4632554359763,-42.65026334285087],[173.49360120705666,-42.60038811513462],[173.528,-42.574],[173.559,-42.488],[173.64619168199178,-42.423997595133685],[173.67459036144578,-42.425168674698796],[173.723,-42.439],[173.704,-42.377],[173.933,-42.197],[173.9194113129254,-42.1867619480945],[173.941,-42.17],[173.93862857142858,-42.160514285714285],[173.956,-42.166],[173.98,-42.061],[174.212,-41.865],[174.283,-41.762],[174.288,-41.734],[174.27784255319148,-41.733076595744684],[174.279,-41.727],[174.2195202312139,-41.71450924855492],[174.193,-41.686],[174.186,-41.637],[174.16653533190578,-41.64281702724655],[174.160554228451,-41.612499020079134],[174.179,-41.603],[174.1514968227208,-41.56658734275711],[174.15,-41.559],[174.14189782984442,-41.55387881697714],[174.108,-41.509],[174.11168296296296,-41.534780740740736],[174.06296181549087,-41.50398529847064],[174.044,-41.443],[174.112,-41.337],[174.155,-41.305],[174.15737588652482,-41.32242316784871],[174.121,-41.353],[174.156,-41.352],[174.193282306163,-41.32106361829027],[174.177,-41.352],[174.249,-41.322],[174.327,-41.223],[174.30199515660317,-41.232505973522755],[174.317,-41.214],[174.2834649484536,-41.23955051546391],[174.23324467369363,-41.25864252074456],[174.186,-41.251],[174.19342028985508,-41.26352173913044],[174.144,-41.242],[174.148,-41.233],[174.082,-41.249],[174.08623359769285,-41.260113193943766],[174.07144786920398,-41.264749396944524],[174.037,-41.255],[174.01915350089766,-41.27813435068821],[174.01128603859252,-41.27713961407492],[174.013,-41.26],[173.95952188439693,-41.270594721015705],[173.94178251599146,-41.26835181236674],[173.95241584158418,-41.264485148514844],[174.11677901320363,-41.22142321056289],[174.12,-41.224],[174.12088141809292,-41.22034841075795],[174.15317569872718,-41.211887547565944],[174.158,-41.215],[174.15767809644439,-41.21070795259206],[174.21,-41.197],[174.19628899082568,-41.1751743119266],[174.203,-41.156],[174.18298632010945,-41.153998632010946],[174.161,-41.119],[174.18298279352229,-41.106523279352224],[174.187,-41.14],[174.20651672862454,-41.142230483271376],[174.227,-41.15],[174.24447104117846,-41.12352326749247],[174.249,-41.124],[174.24720918046532,-41.11937371620206],[174.324,-41.003],[174.2980004727015,-41.02041715906407],[174.316,-40.999],[174.21912567567568,-41.07116148648649],[174.20812903225803,-41.06624193548385],[174.18511612903225,-41.052817741935485],[174.215,-41.022],[174.20660704751737,-41.01087933796049],[174.233,-40.987],[174.20075342465753,-41.00312328767123],[174.175,-40.969],[174.16689437314906,-40.985983218163874],[174.157,-40.97],[174.14011846689897,-41.01531358885017],[174.13090810810812,-41.01684864864865],[174.097,-40.997],[174.1013465909091,-41.021775568181816],[174.094,-41.023],[174.07720738137084,-41.013035149384905],[174.067,-40.999],[174.05733610648917,-41.00124340385073],[174.0134531360113,-40.97520295983088],[174.014,-40.967],[174.00828991905814,-40.97213907284769],[174.003,-40.969],[173.951,-41.022],[173.95197142857143,-41.022825714285716],[173.934,-41.039],[173.96781720430107,-41.03629462365591],[173.98048247078464,-41.04706010016694],[173.977,-41.059],[173.98420241691844,-41.050222054380654],[173.991,-41.056],[174.035,-41.026],[174.0391156462585,-41.05563265306123],[174.01,-41.06],[174.03613620807664,-41.095843942505134],[174.008,-41.089],[174.0004126984127,-41.10368509984639],[173.983,-41.102],[173.9895103857567,-41.124786350148376],[173.97961382799326,-41.14394097807757],[173.9774366812227,-41.145069868995634],[173.984,-41.086],[173.97586264150945,-41.0855479245283],[173.977,-41.078],[173.935,-41.085],[173.929,-41.10300000000001],[173.89808108108107,-41.13391891891892],[173.868,-41.143],[173.89685025817556,-41.1509586919105],[173.89684596577018,-41.15102200488998],[173.869,-41.155],[173.89560981308412,-41.169255257009354],[173.89538403041826,-41.17258555133078],[173.872,-41.21],[173.92157307953775,-41.19173623385452],[173.98503589743592,-41.18882752136752],[173.99436527758925,-41.19598004615175],[173.862,-41.22],[173.90708939213349,-41.2248557806913],[173.91849102132434,-41.22995650953984],[173.809,-41.268],[173.81878033472802,-41.27519142259414],[173.7972368,-41.282648800000004],[173.7677095565272,-41.27597001873829],[173.7650651310564,-41.271494837172355],[173.7892341325811,-41.2615119887165],[173.856,-41.245],[173.87,-41.184],[173.8397244897959,-41.16381632653061],[173.85,-41.153],[173.83294554455446,-41.15929702970297],[173.819,-41.15],[173.84895294117646,-41.133011764705884],[173.885,-41.124],[173.88185789627892,-41.11434925285673],[173.886,-41.112],[173.87721086261982,-41.0797731629393],[173.952,-41.065],[173.94054472630174,-41.063949933244324],[173.953,-41.061],[173.8505611510791,-41.05570143884892],[173.832,-41.054],[173.78277717391305,-41.100369328922504],[173.79929944244014,-41.0407454903247],[173.812,-41.035],[173.8018771513353,-41.031443323442126],[173.802,-41.031],[173.78734403669725,-41.01487844036697],[173.7985065060241,-41.008438554216866],[173.82283707093822,-41.00761098398169],[173.819,-41.022],[173.89260778859529,-41.005237830319885],[173.929,-41.004],[173.913,-40.978],[173.953,-40.973],[173.95372398190045,-40.97097285067873],[173.955,-40.971],[173.97409677419355,-40.932806451612905],[173.99505738575982,-40.9390170031881],[173.999,-40.95],[174.00502272727272,-40.9419696969697],[174.022,-40.947],[174.03,-40.926],[174.0212359550562,-40.920352059925094],[174.026,-40.914],[173.981,-40.89],[173.93197509829616,-40.931546526867656],[173.853,-40.983],[173.84259202453987,-40.9389662576687],[173.845,-40.925],[173.84065332530847,-40.930764068612696],[173.84,-40.928],[173.678,-41.014],[173.68043333333333,-41.03042500000001],[173.673,-41.036],[173.691,-41.057],[173.70251509250244,-41.05542259006816],[173.673,-41.071],[173.67396876807405,-41.074196934644306],[173.668,-41.076],[173.668,-41.10518421052632],[173.64811751662972,-41.106753880266076],[173.64421701936067,-41.10611706438541],[173.6279543778802,-41.087778341013816],[173.636,-41.075],[173.595,-41.051],[173.57594613583134,-41.06887353629979],[173.555,-41.083],[173.55705432098765,-41.08659506172839],[173.50391229116946,-41.13644510739857],[173.4648125,-41.15655357142857],[173.46057894736842,-41.15644360902255],[173.441,-41.135],[173.4163257857078,-41.15529417625215],[173.405,-41.155],[173.324,-41.202],[173.30111903659105,-41.25005002315885],[173.27340204211868,-41.27284684109765],[173.26780077369443,-41.27498065764022],[173.1362819665943,-41.30569463055582],[173.097,-41.292],[173.08612066752247,-41.279379974326055],[173.103,-41.26],[173.1007898338221,-41.25210654936461],[173.109,-41.249],[173.0933448275862,-41.22551724137929],[173.082,-41.185],[173.05738103599649,-41.191628182616334],[173.05419402985075,-41.18916204690832],[173.028,-41.148],[173.038,-41.119],[173.067,-41.137],[173.032,-41.028],[173.02089629231597,-41.0258409457281],[173.024,-41.018],[172.99991836734694,-41.018],[173.06,-40.972],[173.06006430026187,-40.96904218795462],[173.073,-40.959],[173.0604031007752,-40.953457364341084],[173.062,-40.88],[173.06013718411552,-40.87972833935018],[173.064,-40.858],[173.01395940037477,-40.8699144284822],[173.01388911189164,-40.86457250376316],[173.027,-40.856],[173.01338102829814,-40.82595815065767],[173.013,-40.797],[173.00025333333332,-40.797],[172.993,-40.781],[172.97734782608697,-40.797],[172.935,-40.797],[172.92557672264041,-40.80367979154603],[172.923,-40.801],[172.86,-40.843],[172.83662767039672,-40.836455747711085],[172.719,-40.736],[172.69896385824924,-40.74638911053743],[172.69284451844263,-40.741836321721316],[172.698,-40.692],[172.68979659609798,-40.68419676214196],[172.69,-40.682],[172.6825917926566,-40.67734341252702],[172.65979662077598,-40.6556602002503],[172.66207671232877,-40.65359726027397],[172.6828361581921,-40.6560395480226],[172.686,-40.663],[172.68556318252732,-40.65636037441497],[172.691,-40.657],[172.72277339901478,-40.55083034963356],[172.75736241961624,-40.52088131960057],[172.80272936906164,-40.5224577773033],[173.046,-40.562],[172.93950145489816,-40.527210475266735],[172.991,-40.529],[172.91885861713106,-40.52046714826282],[172.896,-40.513],[172.84757099303133,-40.51203527874564],[172.712,-40.496],[172.64793897770772,-40.50805854537266],[172.645,-40.508],[172.64381963977303,-40.50883395016037],[172.627,-40.512],[172.56,-40.563],[172.5676021798365,-40.562683242506814],[172.553,-40.573],[172.61335081967212,-40.56077704918033],[172.63128239202658,-40.560029900332225],[172.63102702702702,-40.561108108108115],[172.596,-40.601],[172.5426923076924,-40.6217692307692],[172.51911678832118,-40.62962773722627],[172.51935685752332,-40.62680692410119],[172.546,-40.608],[172.536,-40.584],[172.52221495117297,-40.59322432371759],[172.523,-40.584],[172.37877226539158,-40.68920960350663],[172.134,-40.853],[172.11733557046978,-40.879919463087276],[172.109,-40.886],[172.10887702818104,-40.89358326216906],[172.095,-40.916],[172.10342886041806,-41.22955360755266],[172.103,-41.256],[172.10417039689645,-41.25713876454788],[172.105,-41.288],[172.098,-41.267],[172.08636647727272,-41.309877840909095],[172.086,-41.31],[172.08530364372473,-41.31379514170031],[172.063,-41.396],[171.988,-41.446],[171.881,-41.606],[171.679,-41.74],[171.462,-41.753],[171.46,-41.885],[171.327,-42.115],[171.305,-42.27],[171.219,-42.383],[171.144,-42.565],[170.954,-42.721],[170.96145762711865,-42.72472881355932],[170.95839676708303,-42.72795077149155],[170.948,-42.724],[170.813,-42.875],[170.665,-42.954],[170.67787499999997,-42.97653124999999],[170.66,-42.955],[170.57852356020953,-42.986539267015665],[170.438,-43.037],[170.449622113366,-43.04009027291813],[170.4458695652174,-43.042739130434775],[170.409,-43.049],[170.42024523946912,-43.0608268897865],[170.4149532820816,-43.06456238911886],[170.404,-43.055],[170.331,-43.102],[170.384,-43.091],[170.387392293578,-43.11050568807339],[170.288,-43.108],[170.29441191067,-43.111771712158806],[170.262,-43.111],[170.382,-43.166],[170.261,-43.12],[170.169,-43.219],[170.22634643734645,-43.18140622440621],[170.199,-43.217],[170.2260731707317,-43.20346341463416],[170.209,-43.226],[170.136,-43.232],[170.056,-43.287],[170.11265292841645,-43.32052928416484],[170.141,-43.362],[170.1328551307847,-43.35713078470825],[170.052,-43.295],[170.016,-43.352],[169.839,-43.398],[169.781,-43.443],[169.96506550734426,-43.4710942090157],[169.9339007203257,-43.4870081428124],[169.777,-43.446],[169.735,-43.493],[169.76610756972116,-43.50758167330679],[169.73,-43.496],[169.60097144948756,-43.618006588579796],[169.5855175879397,-43.621572864321614],[169.589,-43.603],[169.556,-43.588],[169.436,-43.635],[169.4442,-43.649],[169.42883333333333,-43.649],[169.427,-43.627],[169.394,-43.636],[169.043,-43.837],[169.05586589894438,-43.86495005632745],[169.0493027549611,-43.86818928545468],[169.034,-43.84],[168.882,-43.913],[168.8056225139533,-43.98845727537144],[168.7920120481928,-43.995174698795175],[168.7292280130293,-43.99674429967426],[168.642,-43.966],[168.63499954995498,-43.969098559855986],[168.623,-43.96],[168.52,-44.005],[168.37,-44.011],[168.3825802109042,-44.03705900830155],[168.375,-44.038],[168.37899603174603,-44.04115476190476],[168.332,-44.052],[168.251,-44.159],[168.055,-44.261],[168.113,-44.288],[168.10459878419454,-44.313203647416415],[168.027,-44.324],[168.0266410753209,-44.33135795592153],[167.999,-44.333],[167.988,-44.381],[167.913,-44.405],[167.818,-44.499],[167.81991378574477,-44.598516858728125],[167.786,-44.575],[167.753,-44.584],[167.638,-44.644],[167.6480292858752,-44.66011849515657],[167.6319423076923,-44.668269230769226],[167.62,-44.661],[167.569,-44.687],[167.58235891647857,-44.72221896162528],[167.546,-44.739],[167.55575,-44.74875],[167.497,-44.755],[167.51874445617742,-44.775536430834215],[167.49739552645934,-44.781494271685766],[167.486,-44.776],[167.363,-44.825],[167.3691893698034,-44.85707218898127],[167.3485838998764,-44.86904975278121],[167.33,-44.845],[167.139,-44.988],[167.1605352323838,-44.996185907046474],[167.146,-45.002],[167.1516962598425,-45.011893503937],[167.129,-45.006],[167.096,-45.052],[167.1003394160584,-45.05644525547445],[167.09631475953566,-45.06023316749585],[167.09,-45.052],[167.026,-45.098],[167.05232532517215,-45.12464636572303],[167.04725931750275,-45.126601666928764],[167.028,-45.105],[166.974,-45.143],[167.003958708927,-45.24123669671415],[166.96553420253616,-45.1604322200393],[166.968,-45.15],[166.96283123938878,-45.1547480475382],[166.962,-45.153],[166.95638858397365,-45.16066630076839],[166.882,-45.229],[166.89502308499476,-45.244503672612794],[166.891,-45.25],[166.9086,-45.26066666666668],[166.924,-45.279],[166.9504520856821,-45.286031567080045],[166.99,-45.31],[167.03,-45.296],[167.02368260226712,-45.2827148841794],[167.0837462686566,-45.271164179104495],[167.16611128324297,-45.25970100697134],[167.144,-45.278],[167.1630348542459,-45.29509252217997],[167.15139965512668,-45.29831980368749],[167.128,-45.285],[167.008,-45.315],[167.06072698563082,-45.36476109268909],[167.0425334313005,-45.36433798677443],[167.02848464163822,-45.356344709897606],[167.033,-45.353],[166.965,-45.323],[166.9570193470375,-45.325781136638454],[166.9513519021739,-45.32229347826087],[166.952,-45.322],[166.94797695852537,-45.32021658986177],[166.881,-45.279],[166.87102238693086,-45.286102707608535],[166.855,-45.279],[166.808,-45.314],[166.774,-45.378],[166.853,-45.416],[166.86325394967818,-45.3907595084845],[166.86801301115244,-45.39249938042132],[166.875,-45.422],[166.755,-45.403],[166.677,-45.58],[166.742,-45.584],[166.84272263195024,-45.55054832296543],[166.88609254214828,-45.54321644702937],[166.991,-45.564],[166.87,-45.554],[166.73,-45.597],[166.73378563283924,-45.663248574686456],[166.72,-45.617],[166.70881725114353,-45.61877739054672],[166.686,-45.602],[166.605,-45.605],[166.557,-45.643],[166.545,-45.623],[166.452,-45.747],[166.53340641711227,-45.68437967914442],[166.505,-45.719],[166.56942030056663,-45.685364621828036],[166.575,-45.693],[166.547,-45.698],[166.585,-45.698],[166.565,-45.717],[166.608,-45.738]],[[166.823,-45.754],[166.888,-45.737],[166.797,-45.731],[166.823,-45.754]],[[174.87,-40.887],[174.938,-40.855],[174.938,-40.821],[174.87,-40.887]],[[174.051,-40.955],[174.075,-40.96],[174.061,-40.998],[174.082,-40.943],[174.051,-40.955]],[[173.871,-41.031],[173.914,-41.039],[173.89,-41.019],[173.871,-41.031]],[[174.293,-41.168],[174.163,-41.243],[174.374,-41.198],[174.395,-41.093],[174.29,-41.142],[174.375,-41.126],[174.342,-41.178],[174.293,-41.168]],[[168.474,-46.774],[168.513,-46.799],[168.552,-46.752],[168.533,-46.733],[168.474,-46.774]],[[168.111,-46.926],[168.159,-46.938],[168.132,-46.924],[168.111,-46.926]],[[167.445,-47.232],[167.38,-47.25],[167.405,-47.262],[167.445,-47.232]],[[167.662,-46.764],[167.603,-46.754],[167.607,-46.788],[167.651,-46.79],[167.662,-46.764]],[[175.507,-36.17],[175.49999019607841,-36.168074229691875],[175.452,-36.15],[175.458,-36.111],[175.41796296296297,-36.07266666666667],[175.398,-36.04],[175.341,-36.065],[175.367,-36.121],[175.307,-36.143],[175.364,-36.187],[175.34778555798687,-36.21430853391685],[175.34044272076372,-36.21540214797136],[175.307,-36.189],[175.312,-36.228],[175.435,-36.265],[175.431,-36.312],[175.4603739742087,-36.30819226260258],[175.461,-36.318],[175.48189130434784,-36.31193478260869],[175.472,-36.334],[175.531,-36.349],[175.53172951885566,-36.3454187256177],[175.54,-36.353],[175.561,-36.315],[175.494,-36.23],[175.529,-36.179],[175.50671978215038,-36.17060874912158],[175.507,-36.17]],[[173.779,-40.932],[173.78268616815188,-40.93036458736923],[173.837,-40.923],[173.86155813953488,-40.895372093023255],[173.91037240757439,-40.87371505861136],[173.912,-40.875],[173.91372945638435,-40.872225663716804],[173.921,-40.869],[173.9250755909197,-40.85402457289964],[173.96,-40.798],[173.96,-40.72569767441857],[173.964,-40.711],[173.96,-40.71766666666665],[173.96,-40.694],[173.94279493087558,-40.744709677419344],[173.93888841201718,-40.750527896995706],[173.889,-40.763],[173.92658838746766,-40.76884708249497],[173.90560940032415,-40.80009238249594],[173.896,-40.78],[173.8830893216924,-40.79338885157824],[173.88063560732112,-40.76210399334445],[173.887,-40.737],[173.833,-40.756],[173.8293635496183,-40.76199522900763],[173.823,-40.763],[173.81907675111773,-40.778954545454525],[173.796,-40.817],[173.80830088495577,-40.846522123893806],[173.786,-40.835],[173.78469444444445,-40.85066666666667],[173.774,-40.847],[173.78382978723405,-40.86104255319149],[173.778,-40.931],[173.77962363415622,-40.930779846216105],[173.779,-40.932]],[[168.20893621867882,-47.04869703872437],[168.241,-47.048],[168.259,-47.003],[168.225,-46.972],[168.1894689616253,-46.98116930022574],[168.18,-46.973],[168.203,-46.924],[168.14,-46.991],[168.13496296296296,-46.991],[168.148,-46.969],[168.1268839823364,-46.96203171417102],[168.132,-46.959],[168.114118656183,-46.95781915654039],[168.048,-46.936],[168.02294143438772,-46.94717068587535],[168.01326222935046,-46.93188773055333],[168.019,-46.927],[168.006,-46.892],[168.02224615990548,-46.89375108310359],[168.047,-46.919],[168.044,-46.898],[168.05752002810965,-46.897553056922],[168.173,-46.91],[168.188,-46.877],[168.055,-46.792],[167.995,-46.715],[167.912,-46.685],[167.88914146341463,-46.68838048780488],[167.87,-46.682],[167.753,-46.693],[167.7,-46.793],[167.769,-46.923],[167.671,-46.976],[167.717,-47.045],[167.605,-47.058],[167.564,-47.093],[167.591,-47.116],[167.57,-47.178],[167.5407272727272,-47.19419342359771],[167.532,-47.198],[167.53190731034485,-47.19907255172413],[167.523,-47.204],[167.468,-47.219],[167.457,-47.282],[167.548,-47.294],[167.56789697908596,-47.27566356829332],[167.615,-47.272],[167.62905034324942,-47.25865217391305],[167.648,-47.266],[167.65275100401607,-47.236136546184746],[167.655,-47.234],[167.669,-47.262],[167.701,-47.249],[167.722,-47.209],[167.614,-47.223],[167.63418750000002,-47.21184374999999],[167.667,-47.202],[167.67725316455696,-47.18804430379747],[167.71276543209876,-47.16841910331384],[167.722,-47.183],[167.827,-47.194],[167.85045958662408,-47.18296840867082],[167.891,-47.191],[168.03127731967015,-47.11760987911296],[168.134,-47.125],[168.1258328488372,-47.11138808139535],[168.1563496993988,-47.11116533066132],[168.161,-47.112],[168.16051340299865,-47.11113493866424],[168.179,-47.111],[168.18817065305026,-47.090728030099434],[168.223,-47.099],[168.1909255319149,-47.08463829787234],[168.198,-47.069],[168.254,-47.088],[168.21126321243523,-47.059750259067364],[168.20893621867882,-47.04869703872437]]]},{"type":"Polygon","coordinates":[[[166.94142875336067,-45.71461624451677],[166.949750877193,-45.71398947368421],[166.949,-45.723],[166.98,-45.72],[166.932,-45.73],[166.94142875336067,-45.71461624451677]]]},{"type":"Polygon","coordinates":[[[160.1037697841727,-35.04950899280575],[159.881,-35.089],[159.67235684399282,-35.105153018529585],[160.1037697841727,-35.04950899280575]]]},{"type":"Polygon","coordinates":[[[160.79137997054488,-34.8752406480118],[160.749,-34.892],[160.321,-35.011],[160.2384894433781,-35.02562687140116],[160.79137997054488,-34.8752406480118]]]},{"type":"Polygon","coordinates":[[[161.21275889489243,-34.705396931389544],[161.189,-34.718],[161.01777631578966,-34.785711184210456],[161.21275889489243,-34.705396931389544]]]},{"type":"Polygon","coordinates":[[[168.05952116585698,-34.74428105482278],[168.044,-34.68],[168.04263897576232,-34.660863174355015],[168.05952116585698,-34.74428105482278]]]},{"type":"Polygon","coordinates":[[[161.60817320886295,-34.49187931616238],[161.583,-34.509],[161.40186671418377,-34.605083392729924],[161.60817320886295,-34.49187931616238]]]},{"type":"Polygon","coordinates":[[[161.96710062240666,-34.24114834024896],[161.93,-34.273],[161.72377260981887,-34.413258397932985],[161.96710062240666,-34.24114834024896]]]},{"type":"Polygon","coordinates":[[[162.2757560771165,-33.967792120704125],[162.241,-34.006],[162.09476821192055,-34.1315430463576],[162.2757560771165,-33.967792120704125]]]},{"type":"Polygon","coordinates":[[[168.01429339118826,-34.262307076101465],[168.011,-34.216],[168.055,-33.752],[168.07621337827328,-33.66643937429779],[168.01429339118826,-34.262307076101465]]]},{"type":"Polygon","coordinates":[[[162.56082535781405,-33.64455616596792],[162.533,-33.685],[162.4157809865472,-33.81386062780259],[162.56082535781405,-33.64455616596792]]]},{"type":"Polygon","coordinates":[[[168.11691860465118,-33.502261627907],[168.145,-33.389],[168.16486606201224,-33.336363425437696],[168.11691860465118,-33.502261627907]]]},{"type":"Polygon","coordinates":[[[162.80149665178573,-33.28861997767857],[162.791,-33.31],[162.71823076923073,-33.41576923076928],[162.80149665178573,-33.28861997767857]]]},{"type":"Polygon","coordinates":[[[162.98249297796923,-32.91840709830843],[162.981,-32.923],[162.95168043742402,-32.98271931956264],[162.98249297796923,-32.91840709830843]]]},{"type":"Polygon","coordinates":[[[167.86223780487816,-32.468932926829275],[167.357,-32.438],[167.32143548467477,-32.43058370296536],[167.86223780487816,-32.468932926829275]]]},{"type":"Polygon","coordinates":[[[167.04709375000002,-32.373375],[166.724,-32.306],[166.6761152028855,-32.28819563570786],[167.04709375000002,-32.373375]]]},{"type":"Polygon","coordinates":[[[166.41592383638925,-32.191452156484296],[166.135,-32.087],[166.07199937058994,-32.05103004604629],[166.41592383638925,-32.191452156484296]]]},{"type":"Polygon","coordinates":[[[163.18669003203317,-31.697913322027645],[163.189,-31.718],[163.182,-32.09],[163.18669003203317,-31.697913322027645]]]},{"type":"Polygon","coordinates":[[[165.752297527505,-31.86849757482549],[165.543,-31.749],[165.49385157537412,-31.707829576165093],[165.752297527505,-31.86849757482549]]]},{"type":"Polygon","coordinates":[[[163.11002614896987,-31.189164025356522],[163.143,-31.318],[163.17519249592166,-31.597934747144883],[163.11002614896987,-31.189164025356522]]]},{"type":"Polygon","coordinates":[[[165.2277297044267,-31.484905844589907],[165.044,-31.331],[165.0077355530549,-31.28653504997686],[165.2277297044267,-31.484905844589907]]]},{"type":"Polygon","coordinates":[[[164.81319475982534,-31.04800262008734],[164.646,-30.843],[164.61936615326465,-30.792641122555032],[164.81319475982534,-31.04800262008734]]]},{"type":"Polygon","coordinates":[[[162.907,-30.587],[163.046,-30.939],[163.0759421369915,-31.05599041154415],[162.907,-30.587]]]},{"type":"Polygon","coordinates":[[[164.4722064684484,-30.51439380041099],[164.353,-30.289],[164.33817942964572,-30.239312087812213],[164.4722064684484,-30.51439380041099]]]},{"type":"Polygon","coordinates":[[[162.959,-29.980346153846597],[162.962,-30.091],[162.959,-30.11805454545443],[162.959,-29.980346153846597]]]},{"type":"Polygon","coordinates":[[[162.90676219512196,-29.00585975609754],[162.936,-29.132],[162.94091310344828,-29.313217931034497],[162.90676219512196,-29.00585975609754]]]},{"type":"Polygon","coordinates":[[[164.11520789558546,-29.05787854512123],[164.112,-29.018],[164.13268985288568,-28.845491361750536],[164.11520789558546,-29.05787854512123]]]},{"type":"Polygon","coordinates":[[[162.77987589158346,-28.49285306704712],[162.796,-28.528],[162.81924183006532,-28.628271895424746],[162.77987589158346,-28.49285306704712]]]},{"type":"Polygon","coordinates":[[[164.17833169781505,-28.464937060109776],[164.186,-28.401],[164.2418396957519,-28.236717996555967],[164.17833169781505,-28.464937060109776]]]},{"type":"Polygon","coordinates":[[[162.47634604105585,-27.872700146627754],[162.529,-27.946],[162.54134115920758,-27.972900953778346],[162.47634604105585,-27.872700146627754]]]},{"type":"Polygon","coordinates":[[[164.36479256261072,-27.874987098406187],[164.393,-27.792],[164.4940241916167,-27.61046610778459],[164.36479256261072,-27.874987098406187]]]},{"type":"Polygon","coordinates":[[[162.0888369565217,-27.359359515996694],[162.149,-27.417],[162.19711612106238,-27.48398270537369],[162.0888369565217,-27.359359515996694]]]},{"type":"Polygon","coordinates":[[[164.6133381076951,-27.396066771996132],[164.654,-27.323],[164.8139808907262,-27.12032626160199],[164.6133381076951,-27.396066771996132]]]},{"type":"Polygon","coordinates":[[[161.57689507051367,-26.89528942942168],[161.672,-26.96],[161.81052101935236,-27.0927130101552],[161.57689507051367,-26.89528942942168]]]},{"type":"Polygon","coordinates":[[[164.9576001529406,-26.93838045140662],[164.995,-26.891],[165.2229822164646,-26.67974019550102],[164.9576001529406,-26.93838045140662]]]},{"type":"Polygon","coordinates":[[[161.05484806752557,-26.565972900932927],[161.187,-26.63],[161.3577496183206,-26.746180152671744],[161.05484806752557,-26.565972900932927]]]},{"type":"Polygon","coordinates":[[[160.49064826288136,-26.322414006744573],[160.671,-26.38],[160.8198383498963,-26.452111603631927],[160.49064826288136,-26.322414006744573]]]},{"type":"Polygon","coordinates":[[[165.3786896480116,-26.535453846952564],[165.404,-26.512],[165.86,-26.201],[165.3786896480116,-26.535453846952564]]]},{"type":"Polygon","coordinates":[[[159.88050385395542,-26.161437187288715],[160.101,-26.198],[160.2387807955143,-26.241993166287017],[159.88050385395542,-26.161437187288715]]]},{"type":"Polygon","coordinates":[[[164.691,-25.628],[164.276,-25.297],[163.9484791904971,-24.995666102067702],[164.691,-25.628]]]},{"type":"Polygon","coordinates":[[[167.11578771630516,-12.436311235681206],[167.034,-12.445],[167.02114923469387,-12.444011479591836],[167.11578771630516,-12.436311235681206]]]},{"type":"Polygon","coordinates":[[[165.08343530239094,-12.366710970464146],[164.89669054950264,-12.39933692562766],[164.919,-12.393],[165.08343530239094,-12.366710970464146]]]},{"type":"Polygon","coordinates":[[[166.9883755697356,-12.441490428441202],[166.787,-12.426],[166.08363043478263,-12.291],[166.104,-12.291],[166.9883755697356,-12.441490428441202]]]},{"type":"Polygon","coordinates":[[[167.4315593414363,-12.402765058415545],[167.808,-12.301],[167.467,-12.399],[167.4315593414363,-12.402765058415545]]]},{"type":"Polygon","coordinates":[[[165.9051818181818,-12.291],[165.5116451109956,-12.298251095107283],[165.557,-12.291],[165.9051818181818,-12.291]]]},{"type":"Polygon","coordinates":[[[167.637,-6.473],[168.201,-6.621],[168.20561561283142,-6.623106569121581],[167.637,-6.473]]]},{"type":"Polygon","coordinates":[[[168.405,-4.038],[167.863,-3.786],[167.816,-3.753],[168.405,-4.038]]]},{"type":"Polygon","coordinates":[[[167.36495040162208,-3.8696633393121744],[167.233,-3.891],[166.87,-3.904],[167.36495040162208,-3.8696633393121744]]]},{"type":"Polygon","coordinates":[[[167.71040918653577,-3.8109347826086983],[167.703,-3.815],[167.6494738124239,-3.823655298416559],[167.71040918653577,-3.8109347826086983]]]},{"type":"Polygon","coordinates":[[[166.472,-3.876],[165.881,-3.735],[165.84849677506048,-3.7208425154528366],[166.472,-3.876]]]},{"type":"Polygon","coordinates":[[[165.34098465505312,-3.4997846047418233],[165.33,-3.495],[165.004,-3.292],[164.95427597775628,-3.253122294223052],[165.34098465505312,-3.4997846047418233]]]},{"type":"Polygon","coordinates":[[[164.651,-3.016],[164.331,-2.661],[164.28407148689104,-2.5897527896216817],[164.651,-3.016]]]},{"type":"Polygon","coordinates":[[[164.12075107904403,-2.341798556980026],[163.974,-2.119],[163.92155285218413,-1.991120898552553],[164.12075107904403,-2.341798556980026]]]},{"type":"Polygon","coordinates":[[[163.80600667830137,-1.709390785340352],[163.723,-1.507],[163.68768859441553,-1.3262392333175745],[163.80600667830137,-1.709390785340352]]]},{"type":"Polygon","coordinates":[[[160.53,-1.313],[161.057,-1.557],[161.05996759559295,-1.5590563836681457],[160.53,-1.313]]]},{"type":"Polygon","coordinates":[[[163.60275681650697,-0.8914694178332336],[163.597,-0.862],[163.59698293055982,-0.8509390027532299],[163.60275681650697,-0.8914694178332336]]]},{"type":"Polygon","coordinates":[[[163.5962019313946,-0.3448515437000901],[163.596,-0.214],[163.65280169179584,0.07818790259779847],[163.5962019313946,-0.3448515437000901]]]},{"type":"Polygon","coordinates":[[[163.70993184206577,0.3720653955862787],[163.721,0.429],[163.75308908253564,0.5088898320389564],[163.70993184206577,0.3720653955862787]]]},{"type":"Polygon","coordinates":[[[163.93252429537043,0.9556165029969673],[163.962,1.029],[163.97919254212982,1.0554765148799343],[163.93252429537043,0.9556165029969673]]]},{"type":"Polygon","coordinates":[[[164.29302766798423,1.5387826086957057],[164.312,1.568],[164.361857543466,1.6199035333706262],[164.29302766798423,1.5387826086957057]]]},{"type":"Polygon","coordinates":[[[164.71418363564894,1.98668793171228],[164.775,2.05],[164.80697473073735,2.072406534797012],[164.71418363564894,1.98668793171228]]]},{"type":"Polygon","coordinates":[[[165.27024665443312,2.3970478449626023],[165.303,2.42],[165.39616866729952,2.4610127854391552],[165.27024665443312,2.3970478449626023]]]},{"type":"Polygon","coordinates":[[[165.76963661870502,2.6254131294963976],[165.905,2.685],[165.9385621651797,2.6735965907391708],[165.76963661870502,2.6254131294963976]]]},{"type":"Polygon","coordinates":[[[160.43273621839887,14.521669329353934],[160.439,14.526],[161.033,14.801],[160.43273621839887,14.521669329353934]]]},{"type":"Polygon","coordinates":[[[163.141,18.67],[163.071,19.247],[163.07108342325222,19.248309970528076],[163.141,18.67]]]},{"type":"Polygon","coordinates":[[[163.152,20.0],[163.108,19.828],[163.15191489361703,20.0],[163.252,20.392],[163.152,20.0]]]},{"type":"Polygon","coordinates":[[[167.219,22.604],[167.825,22.454],[167.83616803822667,22.44922431643218],[167.219,22.604]]]},{"type":"Polygon","coordinates":[[[169.38670446096646,-55.939802044609664],[168.895,-55.946],[168.5090058694058,-55.92262289068232],[169.38670446096646,-55.939802044609664]]]},{"type":"Polygon","coordinates":[[[170.51416407464998,-55.84304898911354],[170.315,-55.876],[169.609,-55.937],[169.54157730116177,-55.93784986595174],[170.51416407464998,-55.84304898911354]]]},{"type":"Polygon","coordinates":[[[171.696,-55.591],[170.998,-55.763],[170.71637709731553,-55.80959354026844],[171.696,-55.591]]]},{"type":"Polygon","coordinates":[[[172.54066833787712,-55.2788205720623],[172.298,-55.388],[171.696,-55.591],[172.54066833787712,-55.2788205720623]]]},{"type":"Polygon","coordinates":[[[173.10497216699792,-54.99159642147122],[172.867,-55.132],[172.73437552331814,-55.19166936033489],[173.10497216699792,-54.99159642147122]]]},{"type":"Polygon","coordinates":[[[173.70655793573505,-54.57488510223962],[173.367,-54.837],[173.29209794319297,-54.881192213516144],[173.70655793573505,-54.57488510223962]]]},{"type":"Polygon","coordinates":[[[173.80423876742987,-54.499482354966425],[174.17071086684294,-54.12391665507164],[174.15,-54.153],[173.823,-54.485],[173.80423876742987,-54.499482354966425]]]},{"type":"Polygon","coordinates":[[[174.432,-53.757],[174.2810174306004,-53.969018076178145],[174.45794604398094,-53.70059555656319],[174.432,-53.757]]]},{"type":"Polygon","coordinates":[[[174.64013940577777,-53.25594582091076],[174.616,-53.357],[174.53195873015872,-53.539698412698456],[174.64013940577777,-53.25594582091076]]]},{"type":"Polygon","coordinates":[[[174.72089948186527,-52.77342797927473],[174.718,-52.93],[174.68349437794703,-53.07445000604524],[174.72089948186527,-52.77342797927473]]]},{"type":"Polygon","coordinates":[[[174.68904047134743,-52.30463856351269],[174.726,-52.498],[174.724303142329,-52.58963031423283],[174.68904047134743,-52.30463856351269]]]},{"type":"Polygon","coordinates":[[[174.482,-51.664],[174.644,-52.069],[174.6551150685616,-52.1271507855234],[174.482,-51.664]]]},{"type":"Polygon","coordinates":[[[169.1636,-46.6224],[169.172,-46.628],[169.1489451073986,-46.64567541766109],[169.1636,-46.6224]]]},{"type":"Polygon","coordinates":[[[168.3556470588235,-46.60913445378149],[168.311,-46.59],[168.30373684210525,-46.561673684210525],[168.3556470588235,-46.60913445378149]]]},{"type":"Polygon","coordinates":[[[168.454,-46.574],[168.43,-46.568],[168.38315397824843,-46.594445334859756],[168.352,-46.556],[168.3610967254408,-46.55226801007557],[168.378,-46.575],[168.452,-46.56],[168.49538507912584,-46.57876111529767],[168.454,-46.574]]]},{"type":"Polygon","coordinates":[[[168.62519209039547,-46.55973785310735],[168.663,-46.57],[168.63155263157896,-46.57754736842105],[168.62519209039547,-46.55973785310735]]]},{"type":"Polygon","coordinates":[[[170.66813347022588,-45.8568726899384],[170.667,-45.855],[170.66819337016574,-45.856856353591155],[170.66813347022588,-45.8568726899384]]]},{"type":"Polygon","coordinates":[[[170.69815151515152,-45.848],[170.683,-45.848],[170.69930073186958,-45.84700199600798],[170.69815151515152,-45.848]]]},{"type":"Polygon","coordinates":[[[170.6932468462325,-45.811986021138765],[170.671,-45.835],[170.6193606557377,-45.852320028510334],[170.6932468462325,-45.811986021138765]]]},{"type":"Polygon","coordinates":[[[171.4801454965358,-44.11786836027716],[171.47509016286645,-44.11041498371334],[171.479,-44.113],[171.4801454965358,-44.11786836027716]]]},{"type":"Polygon","coordinates":[[[171.35439745463927,-44.02158749677531],[171.447,-44.069],[171.47509016286645,-44.11041498371334],[171.3759961431843,-44.044898276485476],[171.35439745463927,-44.02158749677531]]]},{"type":"Polygon","coordinates":[[[169.24787624883442,-43.96094804848808],[169.24743785560753,-43.96115223163485],[169.20577056277057,-43.94736525974026],[169.21811750123945,-43.9462077342588],[169.24787624883442,-43.96094804848808]]]},{"type":"Polygon","coordinates":[[[172.82414963942307,-43.607162860576935],[172.72265497967476,-43.644685128726294],[172.679,-43.651],[172.82414963942307,-43.607162860576935]]]},{"type":"Polygon","coordinates":[[[169.799,-43.523],[169.8006583850932,-43.53737267080746],[169.7885792845702,-43.52872343833422],[169.78406408706167,-43.51599879081015],[169.799,-43.523]]]},{"type":"Polygon","coordinates":[[[169.76610756972116,-43.50758167330679],[169.783,-43.513],[169.78406408706167,-43.51599879081015],[169.76610756972116,-43.50758167330679]]]},{"type":"Polygon","coordinates":[[[172.713,-43.40976521739131],[172.713,-43.42350393700787],[172.71079843444227,-43.42442270058708],[172.706019,-43.4123148],[172.713,-43.40976521739131]]]},{"type":"Polygon","coordinates":[[[170.6155455928336,-43.10679751542297],[170.61574120293113,-43.107821591816],[170.6006508578828,-43.101213985108444],[170.59926111544462,-43.09761700468019],[170.6155455928336,-43.10679751542297]]]},{"type":"Polygon","coordinates":[[[170.54777669902913,-43.06859223300971],[170.51214285714283,-43.05671428571428],[170.53970903881216,-43.06404402188069],[170.54777669902913,-43.06859223300971]]]},{"type":"Polygon","coordinates":[[[170.462,-43.04],[170.51214285714283,-43.05671428571428],[170.47873826571205,-43.04783214001592],[170.46117233143488,-43.040140547492186],[170.462,-43.04]]]},{"type":"Polygon","coordinates":[[[174.03220111862038,-41.21803355861105],[174.032,-41.212],[174.03457868525896,-41.21801693227092],[174.03220111862038,-41.21803355861105]]]},{"type":"Polygon","coordinates":[[[173.997,-41.198],[173.99436527758925,-41.19598004615175],[174.00112381339844,-41.19475359370762],[173.997,-41.198]]]},{"type":"Polygon","coordinates":[[[174.05025192741076,-41.18583845332701],[174.00112381339844,-41.19475359370762],[174.010111443262,-41.18767822551716],[174.05025192741076,-41.18583845332701]]]},{"type":"Polygon","coordinates":[[[173.83635211267605,-40.86101525821595],[173.81698039215686,-40.85100653594771],[173.82630508474577,-40.84789830508475],[173.83635211267605,-40.86101525821595]]]},{"type":"Polygon","coordinates":[[[173.80830088495577,-40.846522123893806],[173.81698039215686,-40.85100653594771],[173.811,-40.853],[173.80830088495577,-40.846522123893806]]]},{"type":"Polygon","coordinates":[[[176.19244167962674,-37.700905132192844],[176.235,-37.714],[176.1987294996886,-37.72011791571518],[176.19244167962674,-37.700905132192844]]]},{"type":"Polygon","coordinates":[[[176.09235524335173,-37.57788911189162],[176.05864827586208,-37.5474379310345],[176.095,-37.576],[176.09235524335173,-37.57788911189162]]]},{"type":"Polygon","coordinates":[[[174.73445714285714,-37.369114285714296],[174.73,-37.381],[174.72240875912408,-37.375686131386864],[174.73445714285714,-37.369114285714296]]]},{"type":"Polygon","coordinates":[[[174.7728108108108,-37.348194103194125],[174.73445714285714,-37.369114285714296],[174.74153543307088,-37.35023884514436],[174.75392494929008,-37.34278498985801],[174.77436320754717,-37.346872641509435],[174.7728108108108,-37.348194103194125]]]},{"type":"Polygon","coordinates":[[[175.709531986532,-36.86622895622894],[175.70946511627906,-36.87097674418605],[175.708,-36.87],[175.709531986532,-36.86622895622894]]]},{"type":"Polygon","coordinates":[[[174.71315855354658,-36.48391098748261],[174.71168161434977,-36.47965919282512],[174.72346153846155,-36.473769230769236],[174.723,-36.486],[174.743,-36.466],[174.73588073394495,-36.49981651376147],[174.71315855354658,-36.48391098748261]]]},{"type":"Polygon","coordinates":[[[174.72236526946108,-36.432201596806394],[174.725,-36.433],[174.72477272727272,-36.439022727272686],[174.72236526946108,-36.432201596806394]]]},{"type":"Polygon","coordinates":[[[174.77918580733632,-36.34942235173123],[174.778,-36.368],[174.76963048738335,-36.34926823366747],[174.77918580733632,-36.34942235173123]]]},{"type":"Polygon","coordinates":[[[174.309,-36.311],[174.30797781721384,-36.30949511978705],[174.31384033613443,-36.31078487394958],[174.309,-36.311]]]},{"type":"Polygon","coordinates":[[[174.392,-36.29],[174.4323918191604,-36.27801937567276],[174.383,-36.326],[174.31384033613443,-36.31078487394958],[174.354,-36.309],[174.3639971830986,-36.29381197183098],[174.365,-36.294],[174.39412476722532,-36.280893854748605],[174.392,-36.29]]]},{"type":"Polygon","coordinates":[[[174.453,-36.258],[174.467260707635,-36.26767690875233],[174.4323918191604,-36.27801937567276],[174.453,-36.258]]]},{"type":"Polygon","coordinates":[[[174.51,-36.255],[174.481,-36.277],[174.467260707635,-36.26767690875233],[174.51,-36.255]]]},{"type":"Polygon","coordinates":[[[174.24983671586716,-36.13974446494465],[174.238,-36.173],[174.27041751269036,-36.17216878172589],[174.268,-36.182],[174.2706604527297,-36.182788282290275],[174.266,-36.184],[174.302,-36.215],[174.32468586387435,-36.19879581151833],[174.32786090621707,-36.199736564805065],[174.316,-36.226],[174.34767934782607,-36.20560869565218],[174.349,-36.206],[174.34486754966886,-36.21529801324503],[174.326,-36.23],[174.35692783505155,-36.27832474226804],[174.35115053763442,-36.27482795698925],[174.3122264529058,-36.245436301173775],[174.315,-36.244],[174.2800676982592,-36.224502901353965],[174.291,-36.216],[174.24898591549297,-36.20715492957747],[174.21553700189753,-36.18848576850095],[174.235,-36.181],[174.19816526610646,-36.178789915966384],[174.186,-36.172],[174.22735143769975,-36.114300319488734],[174.2290840630473,-36.11236777583186],[174.23200959692898,-36.125166986564274],[174.23,-36.16],[174.2388575624082,-36.145950073421446],[174.24983671586716,-36.13974446494465]]]},{"type":"Polygon","coordinates":[[[168.90117755489297,-36.3134819734346],[168.731,-36.14],[168.68488324873096,-36.07205076142133],[168.90117755489297,-36.3134819734346]]]},{"type":"Polygon","coordinates":[[[174.35412014134275,-36.201462897526504],[174.403,-36.17],[174.34788681672026,-36.21294533762058],[174.35412014134275,-36.201462897526504]]]},{"type":"Polygon","coordinates":[[[174.46,-35.795],[174.497,-35.795],[174.5203883792049,-35.8461620795107],[174.486,-35.825],[174.399,-35.821],[174.39030841121496,-35.83548598130841],[174.375,-35.835],[174.375,-35.806],[174.3588021582734,-35.83924820143884],[174.347,-35.833],[174.353,-35.764],[174.361,-35.778],[174.37297633136095,-35.76711242603551],[174.384,-35.801],[174.43116008316008,-35.78689604989605],[174.448,-35.797],[174.479,-35.773],[174.46,-35.795]]]},{"type":"Polygon","coordinates":[[[168.4046127864897,-35.65909529553672],[168.336,-35.558],[168.32314655917077,-35.52766311546215],[168.4046127864897,-35.65909529553672]]]},{"type":"Polygon","coordinates":[[[168.26051866628666,-35.37984781989163],[168.15,-35.119],[168.1292498356962,-35.03306299877956],[168.26051866628666,-35.37984781989163]]]},{"type":"Polygon","coordinates":[[[173.752,-35.042],[173.73574666666667,-35.078746666666675],[173.722,-35.065],[173.770081496326,-35.021892451569805],[173.785,-35.042],[173.752,-35.042]]]},{"type":"Polygon","coordinates":[[[172.973,-34.55450000000002],[172.98690163934427,-34.57231147540984],[172.973,-34.581],[172.973,-34.55450000000002]]]},{"type":"Polygon","coordinates":[[[178.49953993837408,-33.86074741249906],[178.529,-33.884],[178.875,-34.24],[178.49953993837408,-33.86074741249906]]]},{"type":"Polygon","coordinates":[[[177.44404501376744,-32.9858231773015],[177.604,-33.101],[177.74807948164147,-33.23675118790497],[177.44404501376744,-32.9858231773015]]]},{"type":"Polygon","coordinates":[[[168.2213474576271,-33.186711864406796],[168.262,-33.079],[168.28705678745268,-33.03210167658192],[168.2213474576271,-33.186711864406796]]]},{"type":"Polygon","coordinates":[[[168.4293477126457,-32.76577839624278],[168.488,-32.656],[168.5027236842105,-32.6374590643275],[168.4293477126457,-32.76577839624278]]]},{"type":"Polygon","coordinates":[[[176.78209732189725,-32.52349536145621],[176.911,-32.602],[177.08712066828866,-32.728817046862964],[176.78209732189725,-32.52349536145621]]]},{"type":"Polygon","coordinates":[[[168.64992478267658,-32.42027879860497],[168.647,-32.422],[167.994,-32.477],[167.98357989587504,-32.47636203444133],[168.64992478267658,-32.42027879860497]]]},{"type":"Polygon","coordinates":[[[168.677,-32.418],[168.647,-32.422],[168.64994278701377,-32.42027728326132],[168.677,-32.418]]]},{"type":"Polygon","coordinates":[[[175.833,-32.023],[176.512,-32.359],[176.5900631737057,-32.406542233610224],[175.833,-32.023]]]},{"type":"Polygon","coordinates":[[[174.97002559614967,-31.49473878801139],[175.282,-31.648],[175.31061599489848,-31.66747549562055],[174.97002559614967,-31.49473878801139]]]},{"type":"Polygon","coordinates":[[[173.439,-30.968],[174.767,-31.395],[174.78278140960163,-31.402752808988758],[173.439,-30.968]]]},{"type":"Polygon","coordinates":[[[172.81365199161425,-30.836143675751224],[172.83,-30.837],[173.439,-30.968],[172.81365199161425,-30.836143675751224]]]},{"type":"Polygon","coordinates":[[[171.23342804037023,-30.90789692096019],[171.264,-30.89],[171.31893111366242,-30.878621412169927],[171.23342804037023,-30.90789692096019]]]},{"type":"Polygon","coordinates":[[[171.47948533371124,-30.845363752302674],[171.544,-30.832],[171.78682471120038,-30.810766449020594],[171.47948533371124,-30.845363752302674]]]},{"type":"Polygon","coordinates":[[[171.95772014475273,-30.795822677925212],[171.99,-30.793],[172.0371204188482,-30.795468212415855],[171.95772014475273,-30.795822677925212]]]},{"type":"Polygon","coordinates":[[[171.39581481481477,-30.61216666666673],[171.393,-30.618],[171.201,-30.919],[171.39581481481477,-30.61216666666673]]]},{"type":"Polygon","coordinates":[[[171.55032666666665,-30.28811666666667],[171.545,-30.303],[171.46095294117683,-30.477176470587505],[171.55032666666665,-30.28811666666667]]]},{"type":"Polygon","coordinates":[[[171.68566601904027,-29.9026230814065],[171.681,-29.923],[171.60610144927512,-30.13227536231955],[171.68566601904027,-29.9026230814065]]]},{"type":"Polygon","coordinates":[[[171.76315508998871,-29.54877390326225],[171.76,-29.578],[171.70695906765195,-29.8096344513934],[171.76315508998871,-29.54877390326225]]]},{"type":"Polygon","coordinates":[[[171.79747932517367,-29.179920277869755],[171.798,-29.226],[171.78053154205614,-29.387813084111624],[171.79747932517367,-29.179920277869755]]]},{"type":"Polygon","coordinates":[[[171.7882016416845,-28.82772162740896],[171.794,-28.872],[171.79585436283742,-29.036111111111],[171.7882016416845,-28.82772162740896]]]},{"type":"Polygon","coordinates":[[[171.736084548105,-28.4800145772596],[171.75,-28.536],[171.77076089266737,-28.694537725823544],[171.736084548105,-28.4800145772596]]]},{"type":"Polygon","coordinates":[[[171.64194045876042,-28.130880429477966],[171.664,-28.19],[171.6960593814432,-28.31898309278314],[171.64194045876042,-28.130880429477966]]]},{"type":"Polygon","coordinates":[[[171.50243306244664,-27.783212147134535],[171.539,-27.855],[171.58337394247025,-27.973922165820312],[171.50243306244664,-27.783212147134535]]]},{"type":"Polygon","coordinates":[[[171.32539218962094,-27.457998642581135],[171.376,-27.535],[171.4341802370324,-27.649218870247633],[171.32539218962094,-27.457998642581135]]]},{"type":"Polygon","coordinates":[[[171.1124240303641,-27.151044360099615],[171.167,-27.217],[171.22315781528755,-27.302445862494938],[171.1124240303641,-27.151044360099615]]]},{"type":"Polygon","coordinates":[[[170.89806130565202,-26.90293309965964],[170.932,-26.933],[170.9887503027041,-27.001583344544528],[170.89806130565202,-26.90293309965964]]]},{"type":"Polygon","coordinates":[[[170.31844927536233,-26.405434782608687],[170.371,-26.436],[170.4072673267327,-26.468129877693652],[170.31844927536233,-26.405434782608687]]]},{"type":"Polygon","coordinates":[[[169.432,-25.931],[169.685,-26.037],[169.72433749025723,-26.05987996882308],[169.432,-25.931]]]},{"type":"Polygon","coordinates":[[[170.196,-25.756],[169.575,-25.913],[169.432,-25.931],[170.196,-25.756]]]},{"type":"Polygon","coordinates":[[[176.187,-24.762],[175.589,-24.966],[175.47183140772705,-24.98537286740284],[176.187,-24.762]]]},{"type":"Polygon","coordinates":[[[176.85314588573488,-24.37022170319796],[176.735,-24.464],[176.59661956254598,-24.53925067584179],[176.85314588573488,-24.37022170319796]]]},{"type":"Polygon","coordinates":[[[180.0,-24.19158358208955],[180.0,-24.192],[179.331,-23.913],[180.0,-24.19158358208955]]]},{"type":"Polygon","coordinates":[[[173.68881750652477,-11.526046175466883],[173.725,-11.39],[173.78494503785836,-11.260850121687273],[173.68881750652477,-11.526046175466883]]]},{"type":"Polygon","coordinates":[[[173.91039178302898,-10.990578678839997],[173.971,-10.86],[174.05371326695365,-10.74123856297104],[173.91039178302898,-10.990578678839997]]]},{"type":"Polygon","coordinates":[[[174.2237341772153,-10.497118987341603],[174.306,-10.379],[174.4079489795917,-10.276061224489919],[174.2237341772153,-10.497118987341603]]]},{"type":"Polygon","coordinates":[[[174.61476499798687,-10.067237283586058],[174.718,-9.963],[174.95,-9.783],[174.61476499798687,-10.067237283586058]]]},{"type":"Polygon","coordinates":[[[174.205,-8.882],[173.751,-8.437],[173.74873932750376,-8.433726385227999],[174.205,-8.882]]]},{"type":"Polygon","coordinates":[[[172.733,-5.617],[172.789,-5.038],[172.833,-4.747],[172.733,-5.617]]]},{"type":"Polygon","coordinates":[[[179.81,-1.166],[180.0,-1.605],[180.0,-1.608],[179.81,-1.166]]]},{"type":"Polygon","coordinates":[[[170.1849126229375,19.23922124685031],[170.185,19.238],[170.126,18.681],[170.1849126229375,19.23922124685031]]]},{"type":"Polygon","coordinates":[[[180.0,55.35],[179.932,55.352],[179.115,55.342],[178.064,55.454],[177.47,55.58],[176.867,55.667],[175.0398869034306,56.126958840593254],[177.43594897832648,58.80972919795528],[178.126,58.982],[179.5,58.952],[180.0,58.975],[180.0,55.35]]]},{"type":"Polygon","coordinates":[[[176.561,58.401],[177.413,58.804],[177.41602306550945,58.80475470639647],[175.02749003647187,56.130079637310246],[175.0,56.137],[174.019,56.281],[173.4,55.884],[172.891,56.442],[172.454,56.795],[173.514,57.046],[174.15,57.256],[174.728,57.5],[175.37,57.835],[175.747,58.082],[176.561,58.401]]]},{"type":"LineString","coordinates":[[-58.689,19.287],[-58.435,18.748]]},{"type":"LineString","coordinates":[[-58.435,18.748],[-58.372,18.532]]},{"type":"LineString","coordinates":[[162.067,-52.25],[164.267,-53.833]]},{"type":"LineString","coordinates":[[163.182,-32.09],[163.112,-32.52]]},{"type":"LineString","coordinates":[[-76.943,30.371],[-76.098,30.046]]},{"type":"LineString","coordinates":[[-76.098,30.046],[-75.687,29.856]]},{"type":"LineString","coordinates":[[-74.097,28.717],[-73.709,28.218]]},{"type":"LineString","coordinates":[[-73.709,28.218],[-73.194,27.31]]},{"type":"LineString","coordinates":[[-72.039,26.67],[-71.613,26.253]]},{"type":"LineString","coordinates":[[-71.613,26.253],[-70.882,25.338]]},{"type":"LineString","coordinates":[[-70.882,25.338],[-70.525,25.043]]},{"type":"LineString","coordinates":[[-56.781,15.289],[-56.437,14.802]]},{"type":"LineString","coordinates":[[-56.437,14.802],[-56.191,14.273]]},{"type":"LineString","coordinates":[[-56.191,14.273],[-56.043,13.706]]},{"type":"LineString","coordinates":[[-56.061,12.54],[-56.222,11.981]]},{"type":"LineString","coordinates":[[-56.222,11.981],[-56.489,11.439]]},{"type":"LineString","coordinates":[[-61.551,34.472],[-61.167,33.986]]},{"type":"LineString","coordinates":[[-61.167,33.986],[-60.894,33.449]]},{"type":"LineString","coordinates":[[-60.894,33.449],[-60.739,32.883]]},{"type":"LineString","coordinates":[[-60.739,32.883],[-60.705,32.303]]},{"type":"LineString","coordinates":[[-60.705,32.303],[-60.795,31.706]]},{"type":"LineString","coordinates":[[-61.302,30.631],[-61.704,30.166]]},{"type":"LineString","coordinates":[[-61.704,30.166],[-62.19,29.766]]},{"type":"LineString","coordinates":[[-63.526,29.108],[-64.169,28.963]]},{"type":"LineString","coordinates":[[-65.52,28.962],[-66.162,29.107]]},{"type":"LineString","coordinates":[[-66.162,29.107],[-66.78,29.349]]},{"type":"LineString","coordinates":[[-66.78,29.349],[-67.334,29.672]]},{"type":"LineString","coordinates":[[-67.334,29.672],[-67.819,30.072]]},{"type":"LineString","coordinates":[[-67.819,30.072],[-68.228,30.545]]},{"type":"LineString","coordinates":[[-68.742,31.638],[-68.827,32.214]]},{"type":"LineString","coordinates":[[-68.827,32.214],[-68.793,32.797]]},{"type":"LineString","coordinates":[[-68.793,32.797],[-68.634,33.385]]},{"type":"LineString","coordinates":[[-68.634,33.385],[-68.361,33.921]]},{"type":"LineString","coordinates":[[-68.361,33.921],[-67.978,34.407]]},{"type":"LineString","coordinates":[[-67.978,34.407],[-67.494,34.829]]},{"type":"LineString","coordinates":[[6.929,-51.809],[7.643,-52.202]]},{"type":"LineString","coordinates":[[7.643,-52.202],[8.237,-52.655]]},{"type":"LineString","coordinates":[[8.237,-52.655],[8.705,-53.163]]},{"type":"LineString","coordinates":[[8.705,-53.163],[9.037,-53.722]]},{"type":"LineString","coordinates":[[9.037,-53.722],[9.202,-54.294]]},{"type":"LineString","coordinates":[[9.202,-54.294],[9.197,-54.875]]},{"type":"LineString","coordinates":[[6.558,-57.303],[5.599,-57.568]]},{"type":"LineString","coordinates":[[3.361,-57.799],[2.277,-57.743]]},{"type":"LineString","coordinates":[[2.277,-57.743],[1.236,-57.58]]},{"type":"LineString","coordinates":[[1.236,-57.58],[0.277,-57.314]]},{"type":"LineString","coordinates":[[0.277,-57.314],[-0.566,-56.957]]},{"type":"LineString","coordinates":[[-0.566,-56.957],[-1.267,-56.522]]},{"type":"LineString","coordinates":[[-1.267,-56.522],[-1.828,-56.003]]},{"type":"LineString","coordinates":[[-1.828,-56.003],[-2.19,-55.459]]},{"type":"LineString","coordinates":[[-2.19,-55.459],[-2.372,-54.888]]},{"type":"LineString","coordinates":[[-2.372,-54.888],[-2.379,-54.284]]},{"type":"LineString","coordinates":[[-2.379,-54.284],[-2.214,-53.71]]},{"type":"LineString","coordinates":[[-2.214,-53.71],[-1.882,-53.151]]},{"type":"LineString","coordinates":[[-1.882,-53.151],[-1.414,-52.644]]},{"type":"LineString","coordinates":[[-0.118,-51.803],[0.671,-51.491]]},{"type":"LineString","coordinates":[[0.671,-51.491],[1.526,-51.262]]},{"type":"LineString","coordinates":[[1.526,-51.262],[2.481,-51.115]]},{"type":"LineString","coordinates":[[-27.662,-17.332],[-27.108,-17.572]]},{"type":"LineString","coordinates":[[-27.108,-17.572],[-26.604,-17.899]]},{"type":"LineString","coordinates":[[-25.798,-18.779],[-25.528,-19.3]]},{"type":"LineString","coordinates":[[-25.528,-19.3],[-25.355,-19.857]]},{"type":"LineString","coordinates":[[-25.355,-19.857],[-25.285,-20.453]]},{"type":"LineString","coordinates":[[-25.285,-20.453],[-25.325,-21.035]]},{"type":"LineString","coordinates":[[-25.325,-21.035],[-25.472,-21.598]]},{"type":"LineString","coordinates":[[-25.472,-21.598],[-25.724,-22.13]]},{"type":"LineString","coordinates":[[-25.724,-22.13],[-26.073,-22.612]]},{"type":"LineString","coordinates":[[-26.073,-22.612],[-26.51,-23.03]]},{"type":"LineString","coordinates":[[-26.51,-23.03],[-27.022,-23.37]]},{"type":"LineString","coordinates":[[-27.022,-23.37],[-27.593,-23.621]]},{"type":"LineString","coordinates":[[-27.593,-23.621],[-28.204,-23.776]]},{"type":"LineString","coordinates":[[-28.204,-23.776],[-29.33,-23.858]]},{"type":"LineString","coordinates":[[-29.33,-23.858],[-29.962,-23.805]]},{"type":"LineString","coordinates":[[-29.962,-23.805],[-30.573,-23.651]]},{"type":"LineString","coordinates":[[-30.573,-23.651],[-31.144,-23.399]]},{"type":"LineString","coordinates":[[-31.144,-23.399],[-31.661,-23.056]]},{"type":"LineString","coordinates":[[-32.462,-22.141],[-32.713,-21.61]]},{"type":"LineString","coordinates":[[-32.713,-21.61],[-32.861,-21.046]]},{"type":"LineString","coordinates":[[-32.832,-19.869],[-32.66,-19.312]]},{"type":"LineString","coordinates":[[-32.66,-19.312],[-32.389,-18.791]]},{"type":"LineString","coordinates":[[-32.389,-18.791],[-32.029,-18.322]]},{"type":"LineString","coordinates":[[-32.029,-18.322],[-31.59,-17.918]]},{"type":"LineString","coordinates":[[-31.59,-17.918],[-31.081,-17.588]]},{"type":"LineString","coordinates":[[-31.081,-17.588],[-30.527,-17.348]]},{"type":"LineString","coordinates":[[-30.527,-17.348],[-29.938,-17.201]]},{"type":"LineString","coordinates":[[-28.25,-17.185],[-27.662,-17.332]]},{"type":"LineString","coordinates":[[162.802,-4.142],[163.001,-4.797]]},{"type":"LineString","coordinates":[[163.001,-4.797],[163.022,-5.027]]},{"type":"LineString","coordinates":[[163.022,-5.027],[163.447,-5.064]]},{"type":"LineString","coordinates":[[163.447,-5.064],[164.01,-5.213]]},{"type":"LineString","coordinates":[[164.01,-5.213],[164.596,-5.483]]},{"type":"LineString","coordinates":[[164.596,-5.483],[165.082,-5.818]]},{"type":"LineString","coordinates":[[165.082,-5.818],[165.496,-6.226]]},{"type":"LineString","coordinates":[[165.496,-6.226],[165.813,-6.669]]},{"type":"LineString","coordinates":[[165.813,-6.669],[166.473,-6.475]]},{"type":"LineString","coordinates":[[166.473,-6.475],[167.055,-6.424]]},{"type":"LineString","coordinates":[[167.055,-6.424],[167.637,-6.473]]},{"type":"LineString","coordinates":[[168.74,-6.867],[169.241,-7.212]]},{"type":"LineString","coordinates":[[169.241,-7.212],[169.817,-7.768]]},{"type":"LineString","coordinates":[[169.817,-7.768],[170.175,-8.276]]},{"type":"LineString","coordinates":[[170.175,-8.276],[170.427,-8.297]]},{"type":"LineString","coordinates":[[170.427,-8.297],[170.994,-8.445]]},{"type":"LineString","coordinates":[[170.994,-8.445],[171.528,-8.687]]},{"type":"LineString","coordinates":[[171.528,-8.687],[172.011,-9.017]]},{"type":"LineString","coordinates":[[172.011,-9.017],[172.431,-9.423]]},{"type":"LineString","coordinates":[[172.431,-9.423],[173.028,-10.271]]},{"type":"LineString","coordinates":[[173.028,-10.271],[173.285,-10.793]]},{"type":"LineString","coordinates":[[173.285,-10.793],[173.445,-11.352]]},{"type":"LineString","coordinates":[[173.445,-11.352],[173.575,-11.954]]},{"type":"LineString","coordinates":[[164.148,-12.612],[163.556,-13.594]]},{"type":"LineString","coordinates":[[163.556,-13.594],[163.508,-13.988]]},{"type":"LineString","coordinates":[[163.508,-13.988],[163.309,-14.788]]},{"type":"LineString","coordinates":[[171.617,-14.94],[170.748,-14.448]]},{"type":"LineString","coordinates":[[170.748,-14.448],[169.92,-13.843]]},{"type":"LineString","coordinates":[[169.92,-13.843],[169.243,-13.603]]},{"type":"LineString","coordinates":[[169.243,-13.603],[168.746,-13.337]]},{"type":"LineString","coordinates":[[168.746,-13.337],[167.808,-12.301]]},{"type":"LineString","coordinates":[[-20.237,13.297],[-20.498,12.983]]},{"type":"LineString","coordinates":[[-20.498,12.983],[-20.924,12.579]]},{"type":"LineString","coordinates":[[-20.924,12.579],[-21.799,12.007]]},{"type":"LineString","coordinates":[[-21.799,12.007],[-22.338,11.766]]},{"type":"LineString","coordinates":[[-22.338,11.766],[-22.938,11.613]]},{"type":"LineString","coordinates":[[-22.938,11.613],[-24.693,11.475]]},{"type":"LineString","coordinates":[[-24.693,11.475],[-25.31,11.528]]},{"type":"LineString","coordinates":[[-25.31,11.528],[-25.883,11.674]]},{"type":"LineString","coordinates":[[-25.883,11.674],[-26.423,11.915]]},{"type":"LineString","coordinates":[[-27.367,12.669],[-27.716,13.139]]},{"type":"LineString","coordinates":[[-27.716,13.139],[-27.977,13.66]]},{"type":"LineString","coordinates":[[-27.977,13.66],[-28.142,14.218]]},{"type":"LineString","coordinates":[[-28.142,14.218],[-28.205,14.795]]},{"type":"LineString","coordinates":[[-28.205,14.795],[-28.186,15.072]]},{"type":"LineString","coordinates":[[-28.186,15.072],[-28.297,15.219]]},{"type":"LineString","coordinates":[[-28.297,15.219],[-28.612,15.858]]},{"type":"LineString","coordinates":[[-28.612,15.858],[-28.781,16.415]]},{"type":"LineString","coordinates":[[-28.781,16.415],[-28.849,17.001]]},{"type":"LineString","coordinates":[[-28.849,17.001],[-28.811,17.58]]},{"type":"LineString","coordinates":[[-28.811,17.58],[-28.666,18.152]]},{"type":"LineString","coordinates":[[-28.666,18.152],[-28.421,18.683]]},{"type":"LineString","coordinates":[[-28.421,18.683],[-28.061,19.197]]},{"type":"LineString","coordinates":[[-28.061,19.197],[-27.635,19.616]]},{"type":"LineString","coordinates":[[-27.635,19.616],[-27.129,19.962]]},{"type":"LineString","coordinates":[[-27.129,19.962],[-26.337,20.326]]},{"type":"LineString","coordinates":[[-26.337,20.326],[-25.741,20.482]]},{"type":"LineString","coordinates":[[-25.741,20.482],[-25.124,20.537]]},{"type":"LineString","coordinates":[[-25.124,20.537],[-24.498,20.489]]},{"type":"LineString","coordinates":[[-24.498,20.489],[-23.9,20.339]]},{"type":"LineString","coordinates":[[-23.9,20.339],[-23.453,20.145]]},{"type":"LineString","coordinates":[[-23.453,20.145],[-22.907,20.188]]},{"type":"LineString","coordinates":[[-22.907,20.188],[-22.292,20.133]]},{"type":"LineString","coordinates":[[-22.292,20.133],[-21.697,19.977]]},{"type":"LineString","coordinates":[[-21.697,19.977],[-21.141,19.724]]},{"type":"LineString","coordinates":[[-104.887,-23.163],[-104.274,-23.301]]},{"type":"LineString","coordinates":[[-103.159,-23.853],[-102.695,-24.249]]},{"type":"LineString","coordinates":[[-102.695,-24.249],[-102.31,-24.712]]},{"type":"LineString","coordinates":[[-101.821,-25.785],[-101.737,-26.36]]},{"type":"LineString","coordinates":[[-101.737,-26.36],[-101.764,-26.939]]},{"type":"LineString","coordinates":[[-101.764,-26.939],[-101.905,-27.506]]},{"type":"LineString","coordinates":[[-101.905,-27.506],[-102.156,-28.042]]},{"type":"LineString","coordinates":[[-102.156,-28.042],[-102.515,-28.534]]},{"type":"LineString","coordinates":[[-102.515,-28.534],[-102.965,-28.96]]},{"type":"LineString","coordinates":[[-102.965,-28.96],[-103.496,-29.309]]},{"type":"LineString","coordinates":[[-103.496,-29.309],[-104.091,-29.569]]},{"type":"LineString","coordinates":[[-104.091,-29.569],[-104.732,-29.733]]},{"type":"LineString","coordinates":[[-104.732,-29.733],[-105.397,-29.795]]},{"type":"LineString","coordinates":[[-105.397,-29.795],[-106.159,-29.743]]},{"type":"LineString","coordinates":[[-106.159,-29.743],[-106.737,-29.613]]},{"type":"LineString","coordinates":[[-106.737,-29.613],[-107.365,-30.018]]},{"type":"LineString","coordinates":[[-107.365,-30.018],[-108.165,-30.34]]},{"type":"LineString","coordinates":[[-108.165,-30.34],[-108.849,-30.491]]},{"type":"LineString","coordinates":[[-108.849,-30.491],[-109.521,-30.534]]},{"type":"LineString","coordinates":[[-109.521,-30.534],[-110.193,-30.472]]},{"type":"LineString","coordinates":[[-110.193,-30.472],[-110.838,-30.308]]},{"type":"LineString","coordinates":[[-110.838,-30.308],[-111.438,-30.047]]},{"type":"LineString","coordinates":[[-111.438,-30.047],[-111.972,-29.698]]},{"type":"LineString","coordinates":[[-111.972,-29.698],[-112.425,-29.272]]},{"type":"LineString","coordinates":[[-112.425,-29.272],[-112.783,-28.782]]},{"type":"LineString","coordinates":[[-112.783,-28.782],[-113.036,-28.246]]},{"type":"LineString","coordinates":[[-113.036,-28.246],[-113.177,-27.679]]},{"type":"LineString","coordinates":[[-113.177,-27.679],[-113.204,-27.1]]},{"type":"LineString","coordinates":[[-113.204,-27.1],[-113.112,-26.498]]},{"type":"LineString","coordinates":[[-113.112,-26.498],[-112.889,-25.879]]},{"type":"LineString","coordinates":[[-112.889,-25.879],[-112.57,-25.326]]},{"type":"LineString","coordinates":[[-112.57,-25.326],[-112.174,-24.854]]},{"type":"LineString","coordinates":[[-111.17,-24.136],[-110.586,-23.904]]},{"type":"LineString","coordinates":[[-110.586,-23.904],[-109.965,-23.765]]},{"type":"LineString","coordinates":[[-109.965,-23.765],[-109.324,-23.723]]},{"type":"LineString","coordinates":[[-109.324,-23.723],[-108.693,-23.781]]},{"type":"LineString","coordinates":[[-108.693,-23.781],[-107.992,-23.96]]},{"type":"LineString","coordinates":[[-107.992,-23.96],[-107.417,-23.578]]},{"type":"LineString","coordinates":[[-107.417,-23.578],[-106.845,-23.331]]},{"type":"LineString","coordinates":[[-106.845,-23.331],[-106.236,-23.177]]},{"type":"LineString","coordinates":[[-106.236,-23.177],[-105.606,-23.119]]},{"type":"LineString","coordinates":[[-105.606,-23.119],[-104.887,-23.163]]},{"type":"LineString","coordinates":[[-76.176,-26.993],[-76.35,-27.553]]},{"type":"LineString","coordinates":[[-76.35,-27.553],[-76.632,-28.077]]},{"type":"LineString","coordinates":[[-76.632,-28.077],[-77.017,-28.548]]},{"type":"LineString","coordinates":[[-77.017,-28.548],[-77.497,-28.955]]},{"type":"LineString","coordinates":[[-77.497,-28.955],[-78.049,-29.279]]},{"type":"LineString","coordinates":[[-78.049,-29.279],[-78.66,-29.51]]},{"type":"LineString","coordinates":[[-78.66,-29.51],[-79.327,-29.646]]},{"type":"LineString","coordinates":[[-79.327,-29.646],[-80.001,-29.675]]},{"type":"LineString","coordinates":[[-82.639,-28.725],[-83.076,-28.29]]},{"type":"LineString","coordinates":[[-83.076,-28.29],[-83.418,-27.794]]},{"type":"LineString","coordinates":[[-83.418,-27.794],[-83.656,-27.253]]},{"type":"LineString","coordinates":[[-83.656,-27.253],[-83.788,-26.662]]},{"type":"LineString","coordinates":[[-83.788,-26.662],[-83.801,-26.082]]},{"type":"LineString","coordinates":[[-83.801,-26.082],[-83.703,-25.509]]},{"type":"LineString","coordinates":[[-83.703,-25.509],[-83.498,-24.961]]},{"type":"LineString","coordinates":[[-82.789,-23.987],[-82.309,-23.595]]},{"type":"LineString","coordinates":[[-82.309,-23.595],[-81.766,-23.284]]},{"type":"LineString","coordinates":[[-81.766,-23.284],[-81.185,-23.066]]},{"type":"LineString","coordinates":[[-79.935,-22.913],[-79.31,-22.983]]},{"type":"LineString","coordinates":[[-79.31,-22.983],[-78.699,-23.152]]},{"type":"LineString","coordinates":[[-77.406,-23.838],[-76.957,-24.26]]},{"type":"LineString","coordinates":[[-76.957,-24.26],[-76.597,-24.74]]},{"type":"LineString","coordinates":[[-76.597,-24.74],[-76.331,-25.268]]},{"type":"LineString","coordinates":[[-76.331,-25.268],[-76.168,-25.831]]},{"type":"LineString","coordinates":[[-76.168,-25.831],[-76.116,-26.415]]},{"type":"LineString","coordinates":[[-76.116,-26.415],[-76.176,-26.993]]},{"type":"LineString","coordinates":[[-79.076,-37.044],[-79.616,-36.99]]},{"type":"LineString","coordinates":[[-79.616,-36.99],[-80.23,-37.101]]},{"type":"LineString","coordinates":[[-80.23,-37.101],[-80.965,-37.124]]},{"type":"LineString","coordinates":[[-80.965,-37.124],[-81.699,-37.041]]},{"type":"LineString","coordinates":[[-81.699,-37.041],[-82.386,-36.857]]},{"type":"LineString","coordinates":[[-82.386,-36.857],[-83.02,-36.576]]},{"type":"LineString","coordinates":[[-83.02,-36.576],[-83.586,-36.204]]},{"type":"LineString","coordinates":[[-83.586,-36.204],[-84.05,-35.764]]},{"type":"LineString","coordinates":[[-84.656,-34.707],[-84.784,-34.104]]},{"type":"LineString","coordinates":[[-84.784,-34.104],[-84.783,-33.524]]},{"type":"LineString","coordinates":[[-84.783,-33.524],[-84.663,-32.953]]},{"type":"LineString","coordinates":[[-84.663,-32.953],[-84.42,-32.383]]},{"type":"LineString","coordinates":[[-84.42,-32.383],[-84.079,-31.877]]},{"type":"LineString","coordinates":[[-84.079,-31.877],[-83.641,-31.422]]},{"type":"LineString","coordinates":[[-83.641,-31.422],[-83.127,-31.042]]},{"type":"LineString","coordinates":[[-83.127,-31.042],[-82.546,-30.74]]},{"type":"LineString","coordinates":[[-82.546,-30.74],[-81.896,-30.52]]},{"type":"LineString","coordinates":[[-81.896,-30.52],[-81.236,-30.4]]},{"type":"LineString","coordinates":[[-81.236,-30.4],[-80.559,-30.377]]},{"type":"LineString","coordinates":[[-80.559,-30.377],[-80.095,-30.429]]},{"type":"LineString","coordinates":[[-80.095,-30.429],[-79.435,-30.299]]},{"type":"LineString","coordinates":[[-79.435,-30.299],[-78.764,-30.267]]},{"type":"LineString","coordinates":[[-76.749,-30.776],[-76.198,-31.113]]},{"type":"LineString","coordinates":[[-76.198,-31.113],[-75.78234931997137,-31.47236465044142]]},{"type":"LineString","coordinates":[[-158.554,-25.229],[-159.174,-25.078]]},{"type":"LineString","coordinates":[[-159.763,-24.827],[-160.163,-24.569]]},{"type":"LineString","coordinates":[[-161.665,-24.118],[-162.178,-23.775]]},{"type":"LineString","coordinates":[[-162.178,-23.775],[-162.62,-23.351]]},{"type":"LineString","coordinates":[[-163.223,-22.325],[-163.367,-21.76]]},{"type":"LineString","coordinates":[[-163.367,-21.76],[-163.39,-21.435]]},{"type":"LineString","coordinates":[[-164.37,-21.266],[-164.937,-21.026]]},{"type":"LineString","coordinates":[[-164.937,-21.026],[-165.449,-20.697]]},{"type":"LineString","coordinates":[[-165.449,-20.697],[-165.89,-20.288]]},{"type":"LineString","coordinates":[[-167.989,-8.308],[-167.476,-7.971]]},{"type":"LineString","coordinates":[[-165.193,-7.601],[-164.628,-7.756]]},{"type":"LineString","coordinates":[[-164.628,-7.756],[-164.099,-8.005]]},{"type":"LineString","coordinates":[[-164.099,-8.005],[-163.885,-8.155]]},{"type":"LineString","coordinates":[[-163.885,-8.155],[-163.677,-7.864]]},{"type":"LineString","coordinates":[[-163.677,-7.864],[-163.26,-7.453]]},{"type":"LineString","coordinates":[[-163.26,-7.453],[-162.779,-7.122]]},{"type":"LineString","coordinates":[[-162.779,-7.122],[-162.249,-6.877]]},{"type":"LineString","coordinates":[[-162.249,-6.877],[-161.684,-6.727]]},{"type":"LineString","coordinates":[[-161.684,-6.727],[-161.102,-6.676]]},{"type":"LineString","coordinates":[[-161.102,-6.676],[-160.538,-6.723]]},{"type":"LineString","coordinates":[[-160.538,-6.723],[-160.235,-6.42]]},{"type":"LineString","coordinates":[[-160.235,-6.42],[-159.758,-6.085]]},{"type":"LineString","coordinates":[[-159.758,-6.085],[-159.262,-5.853]]},{"type":"LineString","coordinates":[[-87.147,2.151],[-86.353,0.951]]},{"type":"LineString","coordinates":[[-86.353,0.951],[-86.108,0.425]]},{"type":"LineString","coordinates":[[-86.108,0.425],[-85.958,-0.135]]},{"type":"LineString","coordinates":[[-85.958,-0.135],[-85.907,-0.713]]},{"type":"LineString","coordinates":[[-85.907,-0.713],[-85.957,-1.291]]},{"type":"LineString","coordinates":[[-85.957,-1.291],[-86.106,-1.852]]},{"type":"LineString","coordinates":[[-86.106,-1.852],[-86.351,-2.378]]},{"type":"LineString","coordinates":[[-86.351,-2.378],[-86.734,-3.07]]},{"type":"LineString","coordinates":[[-86.734,-3.07],[-87.066,-3.546]]},{"type":"LineString","coordinates":[[-87.066,-3.546],[-87.477,-3.957]]},{"type":"LineString","coordinates":[[-87.477,-3.957],[-87.952,-4.291]]},{"type":"LineString","coordinates":[[-87.952,-4.291],[-88.479,-4.537]]},{"type":"LineString","coordinates":[[-88.479,-4.537],[-89.041,-4.687]]},{"type":"LineString","coordinates":[[-89.041,-4.687],[-89.621,-4.738]]},{"type":"LineString","coordinates":[[-89.621,-4.738],[-91.021,-4.639]]},{"type":"LineString","coordinates":[[-91.021,-4.639],[-91.583,-4.488]]},{"type":"LineString","coordinates":[[-91.583,-4.488],[-92.05,-4.287]]},{"type":"LineString","coordinates":[[-92.05,-4.287],[-92.537,-4.157]]},{"type":"LineString","coordinates":[[-93.595,-3.54],[-94.005,-3.13]]},{"type":"LineString","coordinates":[[-94.005,-3.13],[-94.375,-2.602]]},{"type":"LineString","coordinates":[[-94.375,-2.602],[-94.645,-2.031]]},{"type":"LineString","coordinates":[[-94.645,-2.031],[-94.947,-0.905]]},{"type":"LineString","coordinates":[[-94.947,-0.905],[-95.294,1.074]]},{"type":"LineString","coordinates":[[-95.294,1.074],[-95.346,1.652]]},{"type":"LineString","coordinates":[[-95.346,1.652],[-95.296,2.241]]},{"type":"LineString","coordinates":[[-95.296,2.241],[-95.147,2.802]]},{"type":"LineString","coordinates":[[-95.147,2.802],[-94.903,3.328]]},{"type":"LineString","coordinates":[[-94.903,3.328],[-94.571,3.804]]},{"type":"LineString","coordinates":[[-94.571,3.804],[-94.161,4.215]]},{"type":"LineString","coordinates":[[-94.161,4.215],[-93.685,4.549]]},{"type":"LineString","coordinates":[[-93.685,4.549],[-93.158,4.795]]},{"type":"LineString","coordinates":[[-93.158,4.795],[-92.596,4.946]]},{"type":"LineString","coordinates":[[-92.596,4.946],[-92.008,4.998]]},{"type":"LineString","coordinates":[[-92.008,4.998],[-91.427,4.947]]},{"type":"LineString","coordinates":[[-91.427,4.947],[-90.865,4.797]]},{"type":"LineString","coordinates":[[-90.865,4.797],[-90.309,4.572]]},{"type":"LineString","coordinates":[[-60.319,-47.717],[-59.385,-47.866]]},{"type":"LineString","coordinates":[[-59.385,-47.866],[-58.414,-47.881]]},{"type":"LineString","coordinates":[[-58.414,-47.881],[-56.506,-48.156]]},{"type":"LineString","coordinates":[[-56.506,-48.156],[-55.687,-48.358]]},{"type":"LineString","coordinates":[[-55.687,-48.358],[-54.925,-48.646]]},{"type":"LineString","coordinates":[[-54.925,-48.646],[-54.24,-49.014]]},{"type":"LineString","coordinates":[[-54.24,-49.014],[-53.569,-49.504]]},{"type":"LineString","coordinates":[[-53.569,-49.504],[-52.964,-50.102]]},{"type":"LineString","coordinates":[[-52.964,-50.102],[-52.617,-50.639]]},{"type":"LineString","coordinates":[[-52.617,-50.639],[-52.357,-51.357]]},{"type":"LineString","coordinates":[[-52.357,-51.357],[-52.311,-51.937]]},{"type":"LineString","coordinates":[[-52.311,-51.937],[-52.43,-52.512]]},{"type":"LineString","coordinates":[[-52.43,-52.512],[-52.714,-53.065]]},{"type":"LineString","coordinates":[[-52.714,-53.065],[-53.22,-53.632]]},{"type":"LineString","coordinates":[[-53.22,-53.632],[-53.824,-54.088]]},{"type":"LineString","coordinates":[[-53.824,-54.088],[-54.029,-54.195]]},{"type":"LineString","coordinates":[[-54.029,-54.195],[-54.134,-54.38]]},{"type":"LineString","coordinates":[[-54.134,-54.38],[-54.612,-54.889]]},{"type":"LineString","coordinates":[[-54.612,-54.889],[-55.249,-55.338]]},{"type":"LineString","coordinates":[[-55.249,-55.338],[-56.026,-55.714]]},{"type":"LineString","coordinates":[[-56.026,-55.714],[-56.92,-56.0]]},{"type":"LineString","coordinates":[[-56.92,-56.0],[-57.9,-56.188]]},{"type":"LineString","coordinates":[[-44.611,-54.111],[-44.575,-53.696]]},{"type":"LineString","coordinates":[[-44.575,-53.696],[-44.46,-53.304]]},{"type":"LineString","coordinates":[[-44.46,-53.304],[-44.237,-52.868]]},{"type":"LineString","coordinates":[[-44.237,-52.868],[-43.879,-52.406]]},{"type":"LineString","coordinates":[[-43.879,-52.406],[-43.619,-52.15]]},{"type":"LineString","coordinates":[[-43.619,-52.15],[-42.917,-51.631]]},{"type":"LineString","coordinates":[[-42.917,-51.631],[-42.161,-51.241]]},{"type":"LineString","coordinates":[[-42.161,-51.241],[-41.662,-51.048]]},{"type":"LineString","coordinates":[[-41.662,-51.048],[-41.122,-50.885]]},{"type":"LineString","coordinates":[[-41.122,-50.885],[-40.298,-50.714]]},{"type":"LineString","coordinates":[[-38.403,-50.509],[-37.531,-50.543]]},{"type":"LineString","coordinates":[[-34.875,-50.962],[-34.352,-51.159]]},{"type":"LineString","coordinates":[[-34.352,-51.159],[-33.581,-51.366]]},{"type":"LineString","coordinates":[[-33.581,-51.366],[-32.737,-51.707]]},{"type":"LineString","coordinates":[[-32.737,-51.707],[-32.048,-52.106]]},{"type":"LineString","coordinates":[[-32.048,-52.106],[-31.296,-52.404]]},{"type":"LineString","coordinates":[[-31.296,-52.404],[-30.588,-52.794]]},{"type":"LineString","coordinates":[[-29.08,-53.077],[-28.128,-52.979]]},{"type":"LineString","coordinates":[[-28.128,-52.979],[-27.122,-52.973]]},{"type":"LineString","coordinates":[[-27.122,-52.973],[-26.168,-53.06]]},{"type":"LineString","coordinates":[[-26.168,-53.06],[-25.246,-53.239]]},{"type":"LineString","coordinates":[[-25.246,-53.239],[-24.381,-53.503]]},{"type":"LineString","coordinates":[[-24.381,-53.503],[-23.593,-53.847]]},{"type":"LineString","coordinates":[[-23.593,-53.847],[-22.905,-54.263]]},{"type":"LineString","coordinates":[[-20.615,-56.525],[-20.585,-56.668]]},{"type":"LineString","coordinates":[[-20.585,-56.668],[-20.238,-57.268]]},{"type":"LineString","coordinates":[[-20.238,-57.268],[-20.184,-57.506]]},{"type":"LineString","coordinates":[[-20.184,-57.506],[-20.004,-57.82]]},{"type":"LineString","coordinates":[[-20.004,-57.82],[-19.847,-58.494]]},{"type":"LineString","coordinates":[[-19.847,-58.494],[-19.9,-59.073]]},{"type":"LineString","coordinates":[[-19.9,-59.073],[-20.408,-60.241]]},{"type":"LineString","coordinates":[[-20.408,-60.241],[-20.873,-60.773]]},{"type":"LineString","coordinates":[[-20.873,-60.773],[-21.183,-60.999]]},{"type":"LineString","coordinates":[[-21.183,-60.999],[-21.379,-61.2]]},{"type":"LineString","coordinates":[[-21.379,-61.2],[-22.06,-61.679]]},{"type":"LineString","coordinates":[[-22.06,-61.679],[-22.927,-62.09]]},{"type":"LineString","coordinates":[[-22.927,-62.09],[-23.955,-62.416]]},{"type":"LineString","coordinates":[[-23.955,-62.416],[-25.108,-62.647]]},{"type":"LineString","coordinates":[[-25.108,-62.647],[-26.343,-62.77]]},{"type":"LineString","coordinates":[[-29.037,-62.682],[-30.213,-62.474]]},{"type":"LineString","coordinates":[[-30.213,-62.474],[-31.274,-62.166]]},{"type":"LineString","coordinates":[[-31.274,-62.166],[-32.181,-61.771]]},{"type":"LineString","coordinates":[[-32.181,-61.771],[-32.906,-61.304]]},{"type":"LineString","coordinates":[[-32.906,-61.304],[-33.432,-60.782]]},{"type":"LineString","coordinates":[[-33.432,-60.782],[-33.749,-60.222]]},{"type":"LineString","coordinates":[[-33.749,-60.222],[-33.863,-59.599]]},{"type":"LineString","coordinates":[[-33.863,-59.599],[-33.772,-59.02]]},{"type":"LineString","coordinates":[[-33.772,-59.02],[-33.443,-58.397]]},{"type":"LineString","coordinates":[[-33.443,-58.397],[-33.577,-58.251]]},{"type":"LineString","coordinates":[[-33.577,-58.251],[-34.879,-58.331]]},{"type":"LineString","coordinates":[[-34.879,-58.331],[-37.371,-58.18]]},{"type":"LineString","coordinates":[[-37.371,-58.18],[-38.416,-58.001]]},{"type":"LineString","coordinates":[[-38.416,-58.001],[-39.372,-57.721]]},{"type":"LineString","coordinates":[[-39.372,-57.721],[-40.239,-57.33]]},{"type":"LineString","coordinates":[[-43.369,-56.108],[-43.734,-55.82]]},{"type":"LineString","coordinates":[[-43.734,-55.82],[-44.142,-55.369]]},{"type":"LineString","coordinates":[[-44.559,-54.529],[-44.611,-54.111]]},{"type":"LineString","coordinates":[[179.331,-23.913],[178.818,-23.572]]},{"type":"LineString","coordinates":[[178.818,-23.572],[178.379,-23.153]]},{"type":"LineString","coordinates":[[178.379,-23.153],[178.063,-22.723]]},{"type":"LineString","coordinates":[[178.063,-22.723],[177.917,-23.119]]},{"type":"LineString","coordinates":[[177.917,-23.119],[177.613,-23.63]]},{"type":"LineString","coordinates":[[177.613,-23.63],[177.215,-24.083]]},{"type":"LineString","coordinates":[[-136.184,-26.384],[-136.465,-26.454]]},{"type":"LineString","coordinates":[[-136.465,-26.454],[-137.11,-26.509]]},{"type":"LineString","coordinates":[[-137.11,-26.509],[-137.757,-26.46]]},{"type":"LineString","coordinates":[[-137.757,-26.46],[-138.382,-26.308]]},{"type":"LineString","coordinates":[[-138.382,-26.308],[-138.967,-26.059]]},{"type":"LineString","coordinates":[[-138.967,-26.059],[-139.491,-25.721]]},{"type":"LineString","coordinates":[[-139.491,-25.721],[-139.759,-25.473]]},{"type":"LineString","coordinates":[[-139.759,-25.473],[-140.04,-25.401]]},{"type":"LineString","coordinates":[[-140.04,-25.401],[-140.617,-25.147]]},{"type":"LineString","coordinates":[[-140.617,-25.147],[-140.768,-25.046]]},{"type":"LineString","coordinates":[[-141.122,-25.269],[-140.653,-25.673]]},{"type":"LineString","coordinates":[[-140.653,-25.673],[-140.269,-26.139]]},{"type":"LineString","coordinates":[[-140.269,-26.139],[-139.977,-26.657]]},{"type":"LineString","coordinates":[[-139.977,-26.657],[-139.787,-27.217]]},{"type":"LineString","coordinates":[[-139.787,-27.217],[-139.708,-27.793]]},{"type":"LineString","coordinates":[[-139.708,-27.793],[-139.744,-28.379]]},{"type":"LineString","coordinates":[[-139.744,-28.379],[-139.905,-28.984]]},{"type":"LineString","coordinates":[[-139.905,-28.984],[-140.166,-29.518]]},{"type":"LineString","coordinates":[[-140.166,-29.518],[-140.533,-30.003]]},{"type":"LineString","coordinates":[[-140.533,-30.003],[-140.997,-30.427]]},{"type":"LineString","coordinates":[[-140.997,-30.427],[-141.541,-30.77]]},{"type":"LineString","coordinates":[[-141.541,-30.77],[-142.148,-31.025]]},{"type":"LineString","coordinates":[[-142.148,-31.025],[-142.801,-31.182]]},{"type":"LineString","coordinates":[[-142.801,-31.182],[-143.479,-31.236]]},{"type":"LineString","coordinates":[[-143.479,-31.236],[-144.155,-31.186]]},{"type":"LineString","coordinates":[[-144.155,-31.186],[-144.809,-31.033]]},{"type":"LineString","coordinates":[[-144.809,-31.033],[-145.13,-30.904]]},{"type":"LineString","coordinates":[[-145.13,-30.904],[-145.67,-30.773]]},{"type":"LineString","coordinates":[[-145.67,-30.773],[-146.276,-30.519]]},{"type":"LineString","coordinates":[[-146.276,-30.519],[-146.855,-30.155]]},{"type":"LineString","coordinates":[[-146.855,-30.155],[-147.316,-29.734]]},{"type":"LineString","coordinates":[[-147.316,-29.734],[-147.682,-29.248]]},{"type":"LineString","coordinates":[[-147.682,-29.248],[-147.956,-28.693]]},{"type":"LineString","coordinates":[[-147.956,-28.693],[-148.105,-28.128]]},{"type":"LineString","coordinates":[[-148.105,-28.128],[-148.14,-27.549]]},{"type":"LineString","coordinates":[[-148.14,-27.549],[-148.095,-27.206]]},{"type":"LineString","coordinates":[[-148.095,-27.206],[-148.876,-27.058]]},{"type":"LineString","coordinates":[[-148.876,-27.058],[-149.47,-26.82]]},{"type":"LineString","coordinates":[[-149.47,-26.82],[-149.632,-26.723]]},{"type":"LineString","coordinates":[[-149.632,-26.723],[-150.11,-26.689]]},{"type":"LineString","coordinates":[[-150.11,-26.689],[-150.738,-26.542]]},{"type":"LineString","coordinates":[[-150.738,-26.542],[-151.329,-26.295]]},{"type":"LineString","coordinates":[[-151.329,-26.295],[-151.934,-25.89]]},{"type":"LineString","coordinates":[[-151.934,-25.89],[-152.2,-25.953]]},{"type":"LineString","coordinates":[[-152.2,-25.953],[-152.846,-25.998]]},{"type":"LineString","coordinates":[[-152.846,-25.998],[-153.554,-25.928]]},{"type":"LineString","coordinates":[[-153.554,-25.928],[-154.181,-25.766]]},{"type":"LineString","coordinates":[[-154.181,-25.766],[-154.758,-25.508]]},{"type":"LineString","coordinates":[[-154.758,-25.508],[-155.348,-25.091]]},{"type":"LineString","coordinates":[[-145.153,-11.079],[-144.875,-11.057]]},{"type":"LineString","coordinates":[[-144.875,-11.057],[-144.262,-11.113]]},{"type":"LineString","coordinates":[[-144.262,-11.113],[-143.69,-11.263]]},{"type":"LineString","coordinates":[[-143.69,-11.263],[-143.414,-11.389]]},{"type":"LineString","coordinates":[[-143.414,-11.389],[-143.025,-11.152]]},{"type":"LineString","coordinates":[[-143.025,-11.152],[-143.184,-10.842]]},{"type":"LineString","coordinates":[[-143.184,-10.842],[-143.553,-10.327]]},{"type":"LineString","coordinates":[[-143.553,-10.327],[-143.796,-9.798]]},{"type":"LineString","coordinates":[[-143.796,-9.798],[-143.941,-9.236]]},{"type":"LineString","coordinates":[[-143.941,-9.236],[-143.968,-8.89]]},{"type":"LineString","coordinates":[[-143.968,-8.89],[-144.046,-8.588]]},{"type":"LineString","coordinates":[[-144.033,-7.417],[-143.869,-6.834]]},{"type":"LineString","coordinates":[[-143.869,-6.834],[-143.61,-6.297]]},{"type":"LineString","coordinates":[[-141.7,-4.762],[-140.954,-4.576]]},{"type":"LineString","coordinates":[[-140.954,-4.576],[-140.373,-4.526]]},{"type":"LineString","coordinates":[[-140.373,-4.526],[-139.794,-4.578]]},{"type":"LineString","coordinates":[[-139.794,-4.578],[-139.231,-4.728]]},{"type":"LineString","coordinates":[[-139.231,-4.728],[-138.703,-4.973]]},{"type":"LineString","coordinates":[[-138.703,-4.973],[-138.225,-5.305]]},{"type":"LineString","coordinates":[[-138.225,-5.305],[-137.812,-5.714]]},{"type":"LineString","coordinates":[[-137.812,-5.714],[-137.435,-6.272]]},{"type":"LineString","coordinates":[[-137.435,-6.272],[-136.346,-7.277]]},{"type":"LineString","coordinates":[[-136.346,-7.277],[-136.006,-7.75]]},{"type":"LineString","coordinates":[[-136.006,-7.75],[-135.728,-8.362]]},{"type":"LineString","coordinates":[[-135.728,-8.362],[-135.502,-8.675]]},{"type":"LineString","coordinates":[[-135.502,-8.675],[-135.247,-9.198]]},{"type":"LineString","coordinates":[[-135.247,-9.198],[-135.087,-9.757]]},{"type":"LineString","coordinates":[[-135.087,-9.757],[-135.028,-10.334]]},{"type":"LineString","coordinates":[[-135.028,-10.334],[-135.071,-10.915]]},{"type":"LineString","coordinates":[[-135.071,-10.915],[-135.216,-11.478]]},{"type":"LineString","coordinates":[[-135.216,-11.478],[-135.459,-12.007]]},{"type":"LineString","coordinates":[[-135.459,-12.007],[-135.793,-12.486]]},{"type":"LineString","coordinates":[[-135.793,-12.486],[-136.093,-12.786]]},{"type":"LineString","coordinates":[[-136.093,-12.786],[-135.819,-13.164]]},{"type":"LineString","coordinates":[[-135.819,-13.164],[-135.564,-13.689]]},{"type":"LineString","coordinates":[[-135.564,-13.689],[-135.405,-14.249]]},{"type":"LineString","coordinates":[[-135.405,-14.249],[-135.347,-14.827]]},{"type":"LineString","coordinates":[[-135.347,-14.827],[-135.386,-15.301]]},{"type":"LineString","coordinates":[[-135.386,-15.301],[-134.668,-15.597]]},{"type":"LineString","coordinates":[[-134.668,-15.597],[-134.114,-15.953]]},{"type":"LineString","coordinates":[[-134.114,-15.953],[-133.651,-16.381]]},{"type":"LineString","coordinates":[[-133.651,-16.381],[-133.294,-16.85]]},{"type":"LineString","coordinates":[[-133.294,-16.85],[-133.025,-17.372]]},{"type":"LineString","coordinates":[[-133.025,-17.372],[-132.853,-17.934]]},{"type":"LineString","coordinates":[[-132.853,-17.934],[-132.785,-18.517]]},{"type":"LineString","coordinates":[[-132.785,-18.517],[-132.824,-19.097]]},{"type":"LineString","coordinates":[[-132.824,-19.097],[-132.864,-19.253]]},{"type":"LineString","coordinates":[[-132.864,-19.253],[-132.408,-19.802]]},{"type":"LineString","coordinates":[[-132.408,-19.802],[-132.131,-20.321]]},{"type":"LineString","coordinates":[[-132.131,-20.321],[-131.979,-20.765]]},{"type":"LineString","coordinates":[[-147.065,-11.192],[-146.454,-11.043]]},{"type":"LineString","coordinates":[[-58.372,18.532],[-57.965,17.988]]},{"type":"LineString","coordinates":[[-57.965,17.988],[-57.718,17.457]]},{"type":"LineString","coordinates":[[-57.718,17.457],[-57.567,16.883]]},{"type":"LineString","coordinates":[[141.215,13.109],[141.215,13.831]]},{"type":"LineString","coordinates":[[139.578,19.811],[139.406,19.254]]},{"type":"LineString","coordinates":[[139.406,19.254],[139.136,18.732]]},{"type":"LineString","coordinates":[[139.136,18.732],[138.777,18.262]]},{"type":"LineString","coordinates":[[138.777,18.262],[138.339,17.858]]},{"type":"LineString","coordinates":[[138.339,17.858],[137.834,17.529]]},{"type":"LineString","coordinates":[[137.834,17.529],[137.281,17.288]]},{"type":"LineString","coordinates":[[137.281,17.288],[136.693,17.141]]},{"type":"LineString","coordinates":[[134.338,17.53],[133.835,17.857]]},{"type":"LineString","coordinates":[[133.835,17.857],[133.397,18.262]]},{"type":"LineString","coordinates":[[133.397,18.262],[133.037,18.733]]},{"type":"LineString","coordinates":[[133.037,18.733],[132.767,19.254]]},{"type":"LineString","coordinates":[[132.767,19.254],[132.595,19.812]]},{"type":"LineString","coordinates":[[139.482,21.433],[139.604,20.969]]},{"type":"LineString","coordinates":[[139.604,20.969],[139.644,20.388]]},{"type":"LineString","coordinates":[[132.528,20.39],[132.569,20.969]]},{"type":"LineString","coordinates":[[132.569,20.969],[132.694,21.443]]},{"type":"LineString","coordinates":[[130.569,21.178],[129.966,21.324]]},{"type":"LineString","coordinates":[[129.966,21.324],[129.398,21.563]]},{"type":"LineString","coordinates":[[129.398,21.563],[128.882,21.889]]},{"type":"LineString","coordinates":[[128.882,21.889],[128.431,22.292]]},{"type":"LineString","coordinates":[[77.023,4.784],[77.059,4.539]]},{"type":"LineString","coordinates":[[69.274,6.919],[69.556,7.949]]},{"type":"LineString","coordinates":[[59.387,-8.437],[59.609,-8.775]]},{"type":"LineString","coordinates":[[59.609,-8.775],[59.863,-9.3]]},{"type":"LineString","coordinates":[[59.863,-9.3],[60.023,-9.864]]},{"type":"LineString","coordinates":[[60.023,-9.864],[60.081,-10.442]]},{"type":"LineString","coordinates":[[60.081,-10.442],[60.036,-11.027]]},{"type":"LineString","coordinates":[[60.036,-11.027],[59.889,-11.589]]},{"type":"LineString","coordinates":[[59.889,-11.589],[59.642,-12.122]]},{"type":"LineString","coordinates":[[59.642,-12.122],[59.306,-12.6]]},{"type":"LineString","coordinates":[[59.306,-12.6],[58.92,-12.984]]},{"type":"LineString","coordinates":[[58.92,-12.984],[59.605,-12.913]]},{"type":"LineString","coordinates":[[59.605,-12.913],[60.198,-12.965]]},{"type":"LineString","coordinates":[[60.198,-12.965],[60.773,-13.116]]},{"type":"LineString","coordinates":[[60.773,-13.116],[61.315,-13.36]]},{"type":"LineString","coordinates":[[61.315,-13.36],[61.806,-13.691]]},{"type":"LineString","coordinates":[[61.806,-13.691],[62.232,-14.098]]},{"type":"LineString","coordinates":[[62.232,-14.098],[62.581,-14.572]]},{"type":"LineString","coordinates":[[62.581,-14.572],[62.895,-15.235]]},{"type":"LineString","coordinates":[[62.895,-15.235],[63.111,-16.001]]},{"type":"LineString","coordinates":[[63.111,-16.001],[63.148,-16.349]]},{"type":"LineString","coordinates":[[63.148,-16.349],[63.333,-16.331]]},{"type":"LineString","coordinates":[[63.333,-16.331],[64.0,-16.374]]},{"type":"LineString","coordinates":[[64.0,-16.374],[64.625,-16.525]]},{"type":"LineString","coordinates":[[64.625,-16.525],[65.187,-16.761]]},{"type":"LineString","coordinates":[[65.187,-16.761],[65.694,-17.081]]},{"type":"LineString","coordinates":[[65.694,-17.081],[66.137,-17.478]]},{"type":"LineString","coordinates":[[66.137,-17.478],[66.505,-17.946]]},{"type":"LineString","coordinates":[[66.505,-17.946],[66.782,-18.463]]},{"type":"LineString","coordinates":[[66.782,-18.463],[66.963,-19.017]]},{"type":"LineString","coordinates":[[67.011,-20.197],[66.872,-20.767]]},{"type":"LineString","coordinates":[[66.872,-20.767],[66.63,-21.303]]},{"type":"LineString","coordinates":[[66.63,-21.303],[66.29,-21.791]]},{"type":"LineString","coordinates":[[66.29,-21.791],[65.797,-22.282]]},{"type":"LineString","coordinates":[[65.797,-22.282],[65.294,-22.629]]},{"type":"LineString","coordinates":[[65.294,-22.629],[64.732,-22.888]]},{"type":"LineString","coordinates":[[64.732,-22.888],[64.127,-23.052]]},{"type":"LineString","coordinates":[[64.127,-23.052],[63.499,-23.114]]},{"type":"LineString","coordinates":[[61.057,-22.322],[60.827,-22.11]]},{"type":"LineString","coordinates":[[60.827,-22.11],[60.488,-22.559]]},{"type":"LineString","coordinates":[[59.397,-23.398],[58.821,-23.639]]},{"type":"LineString","coordinates":[[58.821,-23.639],[58.24,-23.801]]},{"type":"LineString","coordinates":[[-177.05,31.61],[-176.472,31.53]]},{"type":"LineString","coordinates":[[-176.472,31.53],[-175.729,31.304]]},{"type":"LineString","coordinates":[[-174.579,31.137],[-174.183,31.002]]},{"type":"LineString","coordinates":[[-174.183,31.002],[-173.797,30.825]]},{"type":"LineString","coordinates":[[-173.797,30.825],[-173.423,30.601]]},{"type":"LineString","coordinates":[[-173.423,30.601],[-173.092,30.349]]},{"type":"LineString","coordinates":[[-173.092,30.349],[-172.807,30.076]]},{"type":"LineString","coordinates":[[-172.807,30.076],[-172.558,29.775]]},{"type":"LineString","coordinates":[[-172.558,29.775],[-172.352,29.456]]},{"type":"LineString","coordinates":[[-172.352,29.456],[-172.182,29.105]]},{"type":"LineString","coordinates":[[-172.182,29.105],[-171.483,29.121]]},{"type":"LineString","coordinates":[[-171.483,29.121],[-170.822,29.03]]},{"type":"LineString","coordinates":[[-170.822,29.03],[-170.164,28.824]]},{"type":"LineString","coordinates":[[-170.164,28.824],[-169.765,28.759]]},{"type":"LineString","coordinates":[[-169.765,28.759],[-169.349,28.647]]},{"type":"LineString","coordinates":[[-169.349,28.647],[-168.95,28.493]]},{"type":"LineString","coordinates":[[-168.95,28.493],[-168.583,28.302]]},{"type":"LineString","coordinates":[[-168.583,28.302],[-168.145,28.341]]},{"type":"LineString","coordinates":[[-168.145,28.341],[-167.717,28.334]]},{"type":"LineString","coordinates":[[-167.717,28.334],[-167.306,28.285]]},{"type":"LineString","coordinates":[[-167.306,28.285],[-166.904,28.195]]},{"type":"LineString","coordinates":[[-165.077,27.052],[-164.707,26.923]]},{"type":"LineString","coordinates":[[-164.707,26.923],[-164.145,26.884]]},{"type":"LineString","coordinates":[[-163.102,26.589],[-162.639,26.345]]},{"type":"LineString","coordinates":[[-162.639,26.345],[-162.181,26.401]]},{"type":"LineString","coordinates":[[-162.181,26.401],[-161.762,26.405]]},{"type":"LineString","coordinates":[[-161.762,26.405],[-161.338,26.365]]},{"type":"LineString","coordinates":[[-161.338,26.365],[-160.909,26.278]]},{"type":"LineString","coordinates":[[-169.216,21.846],[-169.634,22.012]]},{"type":"LineString","coordinates":[[-169.634,22.012],[-170.007,22.211]]},{"type":"LineString","coordinates":[[-170.007,22.211],[-170.587,22.162]]},{"type":"LineString","coordinates":[[-172.04,22.423],[-172.711,22.533]]},{"type":"LineString","coordinates":[[-172.711,22.533],[-173.346,22.754]]},{"type":"LineString","coordinates":[[-177.363,24.662],[-177.837,24.872]]},{"type":"LineString","coordinates":[[-177.837,24.872],[-179.322,25.161]]},{"type":"LineString","coordinates":[[-179.322,25.161],[-180.0,25.39]]},{"type":"LineString","coordinates":[[166.87,-3.904],[166.472,-3.876]]},{"type":"LineString","coordinates":[[170.57,-25.592],[170.196,-25.756]]},{"type":"LineString","coordinates":[[165.641,-26.226],[165.697,-26.151]]},{"type":"LineString","coordinates":[[165.697,-26.151],[165.327,-26.003]]},{"type":"LineString","coordinates":[[165.327,-26.003],[164.691,-25.628]]},{"type":"LineString","coordinates":[[159.989,-25.212],[159.357,-25.224]]},{"type":"LineString","coordinates":[[163.309,-14.788],[164.011,-15.588]]},{"type":"LineString","coordinates":[[164.011,-15.588],[164.566,-16.296]]},{"type":"LineString","coordinates":[[164.566,-16.296],[165.306,-16.853]]},{"type":"LineString","coordinates":[[165.306,-16.853],[165.746,-17.285]]},{"type":"LineString","coordinates":[[165.746,-17.285],[166.069,-17.732]]},{"type":"LineString","coordinates":[[166.069,-17.732],[166.235,-18.06]]},{"type":"LineString","coordinates":[[166.235,-18.06],[166.694,-18.47]]},{"type":"LineString","coordinates":[[166.694,-18.47],[167.148,-18.982]]},{"type":"LineString","coordinates":[[167.148,-18.982],[167.825,-19.552]]},{"type":"LineString","coordinates":[[167.825,-19.552],[168.257,-20.098]]},{"type":"LineString","coordinates":[[168.257,-20.098],[168.557,-20.381]]},{"type":"LineString","coordinates":[[168.557,-20.381],[169.471,-21.479]]},{"type":"LineString","coordinates":[[169.471,-21.479],[169.995,-21.641]]},{"type":"LineString","coordinates":[[161.612,-48.818],[161.525,-48.358]]},{"type":"LineString","coordinates":[[161.525,-48.358],[161.532,-47.911]]},{"type":"LineString","coordinates":[[161.532,-47.911],[161.633,-47.453]]},{"type":"LineString","coordinates":[[161.633,-47.453],[161.835,-46.987]]},{"type":"LineString","coordinates":[[161.835,-46.987],[161.729,-46.648]]},{"type":"LineString","coordinates":[[161.729,-46.648],[161.665,-46.28]]},{"type":"LineString","coordinates":[[161.665,-46.28],[161.649,-45.972]]},{"type":"LineString","coordinates":[[161.649,-45.972],[161.674,-45.65]]},{"type":"LineString","coordinates":[[161.674,-45.65],[161.739,-45.284]]},{"type":"LineString","coordinates":[[161.739,-45.284],[161.84,-44.954]]},{"type":"LineString","coordinates":[[162.464,-43.961],[163.256,-43.136]]},{"type":"LineString","coordinates":[[163.256,-43.136],[163.859,-42.632]]},{"type":"LineString","coordinates":[[163.859,-42.632],[164.364,-42.289]]},{"type":"LineString","coordinates":[[164.364,-42.289],[165.15,-41.654]]},{"type":"LineString","coordinates":[[165.15,-41.654],[165.874,-41.224]]},{"type":"LineString","coordinates":[[165.874,-41.224],[166.392,-41.009]]},{"type":"LineString","coordinates":[[166.392,-41.009],[166.61314455165987,-40.94143971002421]]},{"type":"LineString","coordinates":[[178.875,-34.24],[179.372,-34.331]]},{"type":"LineString","coordinates":[[180.0,-52.957],[179.254,-53.034]]},{"type":"LineString","coordinates":[[179.254,-53.034],[178.462,-53.044]]},{"type":"LineString","coordinates":[[178.462,-53.044],[177.679,-52.979]]},{"type":"LineString","coordinates":[[177.679,-52.979],[176.922,-52.843]]},{"type":"LineString","coordinates":[[176.922,-52.843],[176.189,-52.632]]},{"type":"LineString","coordinates":[[176.189,-52.632],[175.538,-52.364]]},{"type":"LineString","coordinates":[[175.538,-52.364],[174.948,-52.027]]},{"type":"LineString","coordinates":[[174.948,-52.027],[174.482,-51.664]]},{"type":"LineString","coordinates":[[-166.313,-19.694],[-166.468,-20.238]]},{"type":"LineString","coordinates":[[-166.468,-20.238],[-166.734,-20.771]]},{"type":"LineString","coordinates":[[-167.597,-21.725],[-168.112,-22.055]]},{"type":"LineString","coordinates":[[-168.112,-22.055],[-168.683,-22.294]]},{"type":"LineString","coordinates":[[-168.683,-22.294],[-169.326,-22.446]]},{"type":"LineString","coordinates":[[148.544,13.132],[148.305,12.596]]},{"type":"LineString","coordinates":[[142.301,17.349],[142.215,18.037]]},{"type":"LineString","coordinates":[[142.215,18.037],[142.143,18.371]]},{"type":"LineString","coordinates":[[145.096,23.893],[145.813,23.779]]},{"type":"LineString","coordinates":[[138.508,13.209],[139.121,13.373]]},{"type":"LineString","coordinates":[[140.313,13.37],[141.215,13.109]]},{"type":"LineString","coordinates":[[147.745,11.64],[147.861,11.489]]},{"type":"LineString","coordinates":[[147.861,11.489],[148.349,11.833]]},{"type":"LineString","coordinates":[[148.349,11.833],[148.943,12.115]]},{"type":"LineString","coordinates":[[148.943,12.115],[149.515,12.269]]},{"type":"LineString","coordinates":[[149.515,12.269],[150.107,12.322]]},{"type":"LineString","coordinates":[[150.107,12.322],[150.705,12.273]]},{"type":"LineString","coordinates":[[150.705,12.273],[151.278,12.124]]},{"type":"LineString","coordinates":[[151.278,12.124],[151.513,12.017]]},{"type":"LineString","coordinates":[[154.003,11.647],[154.198,11.512]]},{"type":"LineString","coordinates":[[154.198,11.512],[154.903,11.466]]},{"type":"LineString","coordinates":[[154.903,11.466],[155.473,11.31]]},{"type":"LineString","coordinates":[[155.473,11.31],[156.006,11.059]]},{"type":"LineString","coordinates":[[156.006,11.059],[156.501,10.706]]},{"type":"LineString","coordinates":[[156.501,10.706],[157.072,10.442]]},{"type":"LineString","coordinates":[[157.072,10.442],[157.188,10.36]]},{"type":"LineString","coordinates":[[157.188,10.36],[157.473,10.402]]},{"type":"LineString","coordinates":[[165.632,3.211],[165.151,2.71]]},{"type":"LineString","coordinates":[[165.151,2.71],[164.665,2.373]]},{"type":"LineString","coordinates":[[164.665,2.373],[164.138,2.13]]},{"type":"LineString","coordinates":[[164.138,2.13],[163.577,1.982]]},{"type":"LineString","coordinates":[[163.577,1.982],[162.993,1.932]]},{"type":"LineString","coordinates":[[162.993,1.932],[162.352,1.991]]},{"type":"LineString","coordinates":[[162.352,1.991],[161.767,2.149]]},{"type":"LineString","coordinates":[[161.767,2.149],[161.241,2.394]]},{"type":"LineString","coordinates":[[161.241,2.394],[160.764,2.728]]},{"type":"LineString","coordinates":[[160.764,2.728],[160.613,2.878]]},{"type":"LineString","coordinates":[[160.613,2.878],[160.118,2.92]]},{"type":"LineString","coordinates":[[160.118,2.92],[159.557,3.069]]},{"type":"LineString","coordinates":[[159.557,3.069],[159.353,3.163]]},{"type":"LineString","coordinates":[[159.353,3.163],[159.017,2.93]]},{"type":"LineString","coordinates":[[159.017,2.93],[158.489,2.686]]},{"type":"LineString","coordinates":[[158.489,2.686],[158.078,2.574]]},{"type":"LineString","coordinates":[[158.078,2.574],[157.924,2.245]]},{"type":"LineString","coordinates":[[157.924,2.245],[158.085,1.651]]},{"type":"LineString","coordinates":[[158.085,1.651],[158.135,1.072]]},{"type":"LineString","coordinates":[[158.135,1.072],[158.084,0.478]]},{"type":"LineString","coordinates":[[158.084,0.478],[157.929,-0.1]]},{"type":"LineString","coordinates":[[157.929,-0.1],[157.684,-0.627]]},{"type":"LineString","coordinates":[[157.684,-0.627],[157.274,-1.18]]},{"type":"LineString","coordinates":[[151.636,2.231],[151.778,2.539]]},{"type":"LineString","coordinates":[[151.778,2.539],[151.326,2.861]]},{"type":"LineString","coordinates":[[151.326,2.861],[150.918,3.275]]},{"type":"LineString","coordinates":[[150.918,3.275],[150.665,3.641]]},{"type":"LineString","coordinates":[[150.665,3.641],[150.434,3.537]]},{"type":"LineString","coordinates":[[150.434,3.537],[149.871,3.391]]},{"type":"LineString","coordinates":[[149.871,3.391],[149.29,3.345]]},{"type":"LineString","coordinates":[[149.29,3.345],[148.711,3.399]]},{"type":"LineString","coordinates":[[148.711,3.399],[148.15,3.552]]},{"type":"LineString","coordinates":[[148.15,3.552],[147.623,3.8]]},{"type":"LineString","coordinates":[[147.623,3.8],[147.282,4.04]]},{"type":"LineString","coordinates":[[147.282,4.04],[147.024,4.018]]},{"type":"LineString","coordinates":[[147.024,4.018],[146.365,4.092]]},{"type":"LineString","coordinates":[[146.365,4.092],[146.168,4.075]]},{"type":"LineString","coordinates":[[146.168,4.075],[145.632,4.122]]},{"type":"LineString","coordinates":[[145.632,4.122],[144.977,3.954]]},{"type":"LineString","coordinates":[[144.977,3.954],[144.766,3.806]]},{"type":"LineString","coordinates":[[144.766,3.806],[144.24,3.56]]},{"type":"LineString","coordinates":[[144.24,3.56],[143.678,3.408]]},{"type":"LineString","coordinates":[[143.678,3.408],[143.099,3.355]]},{"type":"LineString","coordinates":[[143.099,3.355],[142.513,3.402]]},{"type":"LineString","coordinates":[[142.513,3.402],[141.95,3.549]]},{"type":"LineString","coordinates":[[141.95,3.549],[141.379,3.807]]},{"type":"LineString","coordinates":[[141.379,3.807],[140.9,4.136]]},{"type":"LineString","coordinates":[[140.9,4.136],[140.485,4.542]]},{"type":"LineString","coordinates":[[140.485,4.542],[140.3,4.801]]},{"type":"LineString","coordinates":[[140.3,4.801],[139.877,4.833]]},{"type":"LineString","coordinates":[[139.877,4.833],[139.312,4.976]]},{"type":"LineString","coordinates":[[139.312,4.976],[138.766,5.224]]},{"type":"LineString","coordinates":[[138.766,5.224],[138.081,5.015]]},{"type":"LineString","coordinates":[[138.081,5.015],[137.501,4.963]]},{"type":"LineString","coordinates":[[137.501,4.963],[136.976,5.008]]},{"type":"LineString","coordinates":[[170.223,17.777],[170.773,17.524]]},{"type":"LineString","coordinates":[[170.773,17.524],[171.265,17.184]]},{"type":"LineString","coordinates":[[171.265,17.184],[171.691,16.762]]},{"type":"LineString","coordinates":[[172.277,15.739],[172.42,15.175]]},{"type":"LineString","coordinates":[[172.42,15.175],[172.452,14.703]]},{"type":"LineString","coordinates":[[172.452,14.703],[172.766,14.396]]},{"type":"LineString","coordinates":[[172.766,14.396],[173.105,13.918]]},{"type":"LineString","coordinates":[[173.105,13.918],[173.352,13.389]]},{"type":"LineString","coordinates":[[173.352,13.389],[173.501,12.827]]},{"type":"LineString","coordinates":[[173.501,12.827],[173.539,12.359]]},{"type":"LineString","coordinates":[[173.539,12.359],[173.829,11.946]]},{"type":"LineString","coordinates":[[173.829,11.946],[174.076,11.413]]},{"type":"LineString","coordinates":[[174.076,11.413],[174.223,10.851]]},{"type":"LineString","coordinates":[[174.223,10.851],[174.261,10.184]]},{"type":"LineString","coordinates":[[174.261,10.184],[174.422,9.836]]},{"type":"LineString","coordinates":[[174.422,9.836],[174.576,9.171]]},{"type":"LineString","coordinates":[[174.576,9.171],[174.853,8.771]]},{"type":"LineString","coordinates":[[174.853,8.771],[175.097,8.241]]},{"type":"LineString","coordinates":[[175.097,8.241],[175.242,7.679]]},{"type":"LineString","coordinates":[[175.242,7.679],[175.284,7.178]]},{"type":"LineString","coordinates":[[175.284,7.178],[175.467,6.437]]},{"type":"LineString","coordinates":[[175.467,6.437],[175.512,5.858]]},{"type":"LineString","coordinates":[[175.512,5.858],[175.484,5.569]]},{"type":"LineString","coordinates":[[165.954,2.678],[165.758,2.959]]},{"type":"LineString","coordinates":[[165.758,2.959],[165.632,3.211]]},{"type":"LineString","coordinates":[[157.473,10.402],[157.607,10.941]]},{"type":"LineString","coordinates":[[157.607,10.941],[157.848,11.471]]},{"type":"LineString","coordinates":[[157.848,11.471],[158.18,11.953]]},{"type":"LineString","coordinates":[[158.18,11.953],[158.593,12.37]]},{"type":"LineString","coordinates":[[158.593,12.37],[158.894,12.583]]},{"type":"LineString","coordinates":[[158.894,12.583],[158.941,12.752]]},{"type":"LineString","coordinates":[[158.941,12.752],[159.184,13.281]]},{"type":"LineString","coordinates":[[159.184,13.281],[159.523,13.765]]},{"type":"LineString","coordinates":[[159.523,13.765],[159.94,14.181]]},{"type":"LineString","coordinates":[[161.033,14.801],[161.612,14.955]]},{"type":"LineString","coordinates":[[161.612,14.955],[162.21,15.008]]},{"type":"LineString","coordinates":[[162.21,15.008],[162.814,14.959]]},{"type":"LineString","coordinates":[[162.814,14.959],[163.423,14.804]]},{"type":"LineString","coordinates":[[163.423,14.804],[163.741,14.661]]},{"type":"LineString","coordinates":[[163.741,14.661],[164.142,14.838]]},{"type":"LineString","coordinates":[[164.142,14.838],[164.723,14.986]]},{"type":"LineString","coordinates":[[164.723,14.986],[165.322,15.033]]},{"type":"LineString","coordinates":[[165.322,15.033],[165.533,15.016]]},{"type":"LineString","coordinates":[[165.533,15.016],[165.691,15.682]]},{"type":"LineString","coordinates":[[165.691,15.682],[165.859,16.037]]},{"type":"LineString","coordinates":[[169.839,17.88],[170.223,17.777]]},{"type":"LineString","coordinates":[[130.237,8.055],[130.591,8.283]]},{"type":"LineString","coordinates":[[130.591,8.283],[131.171,8.538]]},{"type":"LineString","coordinates":[[136.976,5.008],[136.592,4.587]]},{"type":"LineString","coordinates":[[129.944,7.81],[130.237,8.055]]},{"type":"LineString","coordinates":[[141.909,1.674],[143.713,2.177]]},{"type":"LineString","coordinates":[[143.713,2.177],[144.163,2.373]]},{"type":"LineString","coordinates":[[144.163,2.373],[144.724,2.524]]},{"type":"LineString","coordinates":[[144.724,2.524],[145.303,2.574]]},{"type":"LineString","coordinates":[[145.303,2.574],[145.881,2.524]]},{"type":"LineString","coordinates":[[145.881,2.524],[146.442,2.373]]},{"type":"LineString","coordinates":[[146.442,2.373],[147.231,2.011]]},{"type":"LineString","coordinates":[[147.231,2.011],[147.707,1.678]]},{"type":"LineString","coordinates":[[147.707,1.678],[147.828,1.557]]},{"type":"LineString","coordinates":[[147.828,1.557],[148.407,1.813]]},{"type":"LineString","coordinates":[[148.407,1.813],[148.969,1.964]]},{"type":"LineString","coordinates":[[148.969,1.964],[149.547,2.015]]},{"type":"LineString","coordinates":[[149.547,2.015],[150.126,1.965]]},{"type":"LineString","coordinates":[[157.274,-1.18],[157.44,-1.415]]},{"type":"LineString","coordinates":[[157.44,-1.415],[157.814,-1.501]]},{"type":"LineString","coordinates":[[157.814,-1.501],[158.195,-1.323]]},{"type":"LineString","coordinates":[[158.195,-1.323],[158.756,-1.173]]},{"type":"LineString","coordinates":[[158.756,-1.173],[159.389,-1.114]]},{"type":"LineString","coordinates":[[159.389,-1.114],[159.969,-1.164]]},{"type":"LineString","coordinates":[[159.969,-1.164],[160.53,-1.313]]},{"type":"LineString","coordinates":[[161.539,-1.891],[162.014,-2.36]]},{"type":"LineString","coordinates":[[162.014,-2.36],[162.366,-2.857]]},{"type":"LineString","coordinates":[[162.366,-2.857],[162.629,-3.426]]},{"type":"LineString","coordinates":[[162.629,-3.426],[162.802,-4.142]]},{"type":"LineString","coordinates":[[-121.137,-25.132],[-121.273,-25.699]]},{"type":"LineString","coordinates":[[-121.273,-25.699],[-121.518,-26.235]]},{"type":"LineString","coordinates":[[-121.518,-26.235],[-121.866,-26.727]]},{"type":"LineString","coordinates":[[-121.866,-26.727],[-122.31,-27.157]]},{"type":"LineString","coordinates":[[-122.31,-27.157],[-122.83,-27.508]]},{"type":"LineString","coordinates":[[-122.83,-27.508],[-123.421,-27.775]]},{"type":"LineString","coordinates":[[-123.421,-27.775],[-124.053,-27.943]]},{"type":"LineString","coordinates":[[-124.053,-27.943],[-124.706,-28.009]]},{"type":"LineString","coordinates":[[-124.706,-28.009],[-125.365,-27.97]]},{"type":"LineString","coordinates":[[-125.365,-27.97],[-126.002,-27.828]]},{"type":"LineString","coordinates":[[-126.002,-27.828],[-126.605,-27.586]]},{"type":"LineString","coordinates":[[-126.605,-27.586],[-126.825,-27.452]]},{"type":"LineString","coordinates":[[-126.825,-27.452],[-127.023,-27.535]]},{"type":"LineString","coordinates":[[-127.023,-27.535],[-127.793,-27.698]]},{"type":"LineString","coordinates":[[-127.793,-27.698],[-128.245,-27.977]]},{"type":"LineString","coordinates":[[-128.245,-27.977],[-128.854,-28.223]]},{"type":"LineString","coordinates":[[-128.854,-28.223],[-129.492,-28.368]]},{"type":"LineString","coordinates":[[-129.492,-28.368],[-130.152,-28.41]]},{"type":"LineString","coordinates":[[-130.152,-28.41],[-130.807,-28.347]]},{"type":"LineString","coordinates":[[-130.807,-28.347],[-131.439,-28.183]]},{"type":"LineString","coordinates":[[-132.573,-27.562],[-133.017,-27.136]]},{"type":"LineString","coordinates":[[-133.017,-27.136],[-133.425,-26.568]]},{"type":"LineString","coordinates":[[-131.285,-20.62],[-130.666,-20.582]]},{"type":"LineString","coordinates":[[-130.666,-20.582],[-130.049,-20.643]]},{"type":"LineString","coordinates":[[-130.049,-20.643],[-129.451,-20.801]]},{"type":"LineString","coordinates":[[-129.451,-20.801],[-128.923,-21.037]]},{"type":"LineString","coordinates":[[-128.923,-21.037],[-128.285,-20.986]]},{"type":"LineString","coordinates":[[-128.285,-20.986],[-127.666,-21.037]]},{"type":"LineString","coordinates":[[-127.666,-21.037],[-127.064,-21.186]]},{"type":"LineString","coordinates":[[-127.064,-21.186],[-126.497,-21.428]]},{"type":"LineString","coordinates":[[-126.497,-21.428],[-126.217,-21.607]]},{"type":"LineString","coordinates":[[-126.217,-21.607],[-125.491,-21.393]]},{"type":"LineString","coordinates":[[-124.233,-21.37],[-123.626,-21.505]]},{"type":"LineString","coordinates":[[-123.626,-21.505],[-123.051,-21.734]]},{"type":"LineString","coordinates":[[-123.051,-21.734],[-122.526,-22.05]]},{"type":"LineString","coordinates":[[-122.526,-22.05],[-122.066,-22.444]]},{"type":"LineString","coordinates":[[-121.391,-23.421],[-121.198,-23.976]]},{"type":"LineString","coordinates":[[-121.198,-23.976],[-121.112,-24.55]]},{"type":"LineString","coordinates":[[-131.979,-20.765],[-131.285,-20.62]]},{"type":"LineString","coordinates":[[-13.604,35.683],[-13.055,35.194]]},{"type":"LineString","coordinates":[[-13.055,35.194],[-12.763,34.821]]},{"type":"LineString","coordinates":[[-13.250482832182042,32.17145763917107],[-13.348,32.117]]},{"type":"LineString","coordinates":[[-13.348,32.117],[-13.872,31.736]]},{"type":"LineString","coordinates":[[-13.872,31.736],[-14.038934621436944,31.337076974663894]]},{"type":"LineString","coordinates":[[-16.545702520413318,29.351901260422558],[-16.889,29.399]]},{"type":"LineString","coordinates":[[-16.889,29.399],[-18.202,30.871]]},{"type":"LineString","coordinates":[[-18.202,30.871],[-19.594,31.053]]},{"type":"LineString","coordinates":[[-19.594,31.053],[-20.095,31.16]]},{"type":"LineString","coordinates":[[-20.095,31.16],[-20.745,31.19]]},{"type":"LineString","coordinates":[[-21.139,35.685],[-21.586,35.1]]},{"type":"LineString","coordinates":[[-21.586,35.1],[-21.928,34.726]]},{"type":"LineString","coordinates":[[-21.928,34.726],[-22.435,34.32]]},{"type":"LineString","coordinates":[[-22.435,34.32],[-23.36,33.863]]},{"type":"LineString","coordinates":[[-23.36,33.863],[-24.011,33.68]]},{"type":"LineString","coordinates":[[-24.011,33.68],[-25.052,33.587]]},{"type":"LineString","coordinates":[[-25.052,33.587],[-25.451,33.602]]},{"type":"LineString","coordinates":[[-26.404,33.749],[-26.958,33.926]]},{"type":"LineString","coordinates":[[-26.958,33.926],[-27.837,34.4]]},{"type":"LineString","coordinates":[[-27.837,34.4],[-28.219,34.702]]},{"type":"LineString","coordinates":[[-28.219,34.702],[-28.562,35.047]]},{"type":"LineString","coordinates":[[-28.562,35.047],[-29.4,35.169]]},{"type":"LineString","coordinates":[[-30.665,35.554],[-31.036,35.726]]},{"type":"LineString","coordinates":[[-26.19,42.142],[-25.876,41.999]]},{"type":"LineString","coordinates":[[-24.717,41.6],[-24.346,41.406]]},{"type":"LineString","coordinates":[[-24.346,41.406],[-24.072,41.217]]},{"type":"LineString","coordinates":[[-24.072,41.217],[-23.927,41.061]]},{"type":"LineString","coordinates":[[-21.968,40.096],[-21.666,39.788]]},{"type":"LineString","coordinates":[[-20.601,37.436],[-20.681,36.684]]},{"type":"LineString","coordinates":[[-31.572,36.042],[-32.046,36.092]]},{"type":"LineString","coordinates":[[-32.046,36.092],[-32.702,36.241]]},{"type":"LineString","coordinates":[[-32.702,36.241],[-33.489,36.538]]},{"type":"LineString","coordinates":[[-33.489,36.538],[-34.14,36.943]]},{"type":"LineString","coordinates":[[-34.14,36.943],[-34.605,37.328]]},{"type":"LineString","coordinates":[[-34.605,37.328],[-34.97,37.751]]},{"type":"LineString","coordinates":[[-34.97,37.751],[-35.226,38.151]]},{"type":"LineString","coordinates":[[-35.226,38.151],[-35.443,38.693]]},{"type":"LineString","coordinates":[[-35.443,38.693],[-35.557,39.247]]},{"type":"LineString","coordinates":[[-35.557,39.247],[-35.579,39.663]]},{"type":"LineString","coordinates":[[-35.266,40.825],[-34.792,41.51]]},{"type":"LineString","coordinates":[[-34.792,41.51],[-34.53,41.812]]},{"type":"LineString","coordinates":[[-33.897,42.314],[-33.395,42.577]]},{"type":"LineString","coordinates":[[-33.395,42.577],[-32.676,42.857]]},{"type":"LineString","coordinates":[[-32.676,42.857],[-31.872,43.016]]},{"type":"LineString","coordinates":[[-31.872,43.016],[-31.107,43.068]]},{"type":"LineString","coordinates":[[-31.107,43.068],[-30.548,43.039]]},{"type":"LineString","coordinates":[[-30.548,43.039],[-29.829,42.919]]},{"type":"LineString","coordinates":[[-29.829,42.919],[-29.07,42.69]]},{"type":"LineString","coordinates":[[-29.07,42.69],[-28.473,42.416]]},{"type":"LineString","coordinates":[[-28.473,42.416],[-27.783,42.428]]},{"type":"LineString","coordinates":[[-27.783,42.428],[-27.246,42.388]]},{"type":"LineString","coordinates":[[-4.492,-12.776],[-3.951,-13.018]]},{"type":"LineString","coordinates":[[-3.951,-13.018],[-3.459,-13.347]]},{"type":"LineString","coordinates":[[-3.459,-13.347],[-3.028,-13.756]]},{"type":"LineString","coordinates":[[-3.028,-13.756],[-2.676,-14.229]]},{"type":"LineString","coordinates":[[-2.676,-14.229],[-2.398,-14.783]]},{"type":"LineString","coordinates":[[-2.398,-14.783],[-2.233,-15.341]]},{"type":"LineString","coordinates":[[-2.233,-15.341],[-2.167,-15.953]]},{"type":"LineString","coordinates":[[-2.167,-15.953],[-2.209,-16.532]]},{"type":"LineString","coordinates":[[-2.209,-16.532],[-2.356,-17.095]]},{"type":"LineString","coordinates":[[-2.356,-17.095],[-2.604,-17.625]]},{"type":"LineString","coordinates":[[-2.604,-17.625],[-2.947,-18.106]]},{"type":"LineString","coordinates":[[-2.947,-18.106],[-3.373,-18.521]]},{"type":"LineString","coordinates":[[-3.373,-18.521],[-3.871,-18.86]]},{"type":"LineString","coordinates":[[-5.144,-19.311],[-5.757,-19.362]]},{"type":"LineString","coordinates":[[-5.757,-19.362],[-6.371,-19.31]]},{"type":"LineString","coordinates":[[-6.371,-19.31],[-6.963,-19.157]]},{"type":"LineString","coordinates":[[-6.963,-19.157],[-7.518,-18.908]]},{"type":"LineString","coordinates":[[-7.518,-18.908],[-8.019,-18.568]]},{"type":"LineString","coordinates":[[-8.019,-18.568],[-8.476,-18.119]]},{"type":"LineString","coordinates":[[-8.476,-18.119],[-8.819,-17.638]]},{"type":"LineString","coordinates":[[-8.819,-17.638],[-9.067,-17.108]]},{"type":"LineString","coordinates":[[-9.067,-17.108],[-9.214,-16.545]]},{"type":"LineString","coordinates":[[-9.214,-16.545],[-9.256,-15.965]]},{"type":"LineString","coordinates":[[-9.256,-15.965],[-9.194,-15.388]]},{"type":"LineString","coordinates":[[-9.194,-15.388],[-9.029,-14.829]]},{"type":"LineString","coordinates":[[-9.029,-14.829],[-8.754,-14.284]]},{"type":"LineString","coordinates":[[-8.754,-14.284],[-8.39,-13.792]]},{"type":"LineString","coordinates":[[-8.39,-13.792],[-7.958,-13.381]]},{"type":"LineString","coordinates":[[-7.958,-13.381],[-7.415,-13.012]]},{"type":"LineString","coordinates":[[-7.415,-13.012],[-6.874,-12.77]]},{"type":"LineString","coordinates":[[-6.874,-12.77],[-6.295,-12.621]]},{"type":"LineString","coordinates":[[-6.295,-12.621],[-5.702,-12.571]]},{"type":"LineString","coordinates":[[-5.702,-12.571],[-5.074,-12.626]]},{"type":"LineString","coordinates":[[-5.074,-12.626],[-4.492,-12.776]]},{"type":"LineString","coordinates":[[-62.803,21.889],[-62.2,21.736]]},{"type":"LineString","coordinates":[[-62.2,21.736],[-61.636,21.487]]},{"type":"LineString","coordinates":[[43.637,-7.221],[44.057,-6.81]]},{"type":"LineString","coordinates":[[44.057,-6.81],[44.538,-6.481]]},{"type":"LineString","coordinates":[[47.639,-6.249],[47.827,-6.335]]},{"type":"LineString","coordinates":[[47.827,-6.335],[48.153,-6.362]]},{"type":"LineString","coordinates":[[48.153,-6.362],[48.832,-6.563]]},{"type":"LineString","coordinates":[[48.832,-6.563],[49.038,-6.421]]},{"type":"LineString","coordinates":[[49.038,-6.421],[49.469,-6.223]]},{"type":"LineString","coordinates":[[49.469,-6.223],[49.542,-5.493]]},{"type":"LineString","coordinates":[[49.542,-5.493],[49.697,-4.934]]},{"type":"LineString","coordinates":[[49.697,-4.934],[49.947,-4.41]]},{"type":"LineString","coordinates":[[49.947,-4.41],[50.112,-4.178]]},{"type":"LineString","coordinates":[[50.112,-4.178],[50.258,-3.724]]},{"type":"LineString","coordinates":[[50.258,-3.724],[50.507,-3.199]]},{"type":"LineString","coordinates":[[50.507,-3.199],[50.842,-2.726]]},{"type":"LineString","coordinates":[[51.733,-1.985],[52.26,-1.741]]},{"type":"LineString","coordinates":[[52.26,-1.741],[52.592,-1.653]]},{"type":"LineString","coordinates":[[52.592,-1.653],[53.063,-1.158]]},{"type":"LineString","coordinates":[[53.063,-1.158],[53.539,-0.826]]},{"type":"LineString","coordinates":[[53.539,-0.826],[54.065,-0.581]]},{"type":"LineString","coordinates":[[54.065,-0.581],[54.625,-0.43]]},{"type":"LineString","coordinates":[[54.625,-0.43],[55.204,-0.379]]},{"type":"LineString","coordinates":[[55.204,-0.379],[55.783,-0.429]]},{"type":"LineString","coordinates":[[55.783,-0.429],[56.803,-0.664]]},{"type":"LineString","coordinates":[[56.803,-0.664],[57.329,-0.908]]},{"type":"LineString","coordinates":[[57.329,-0.908],[57.806,-1.24]]},{"type":"LineString","coordinates":[[57.806,-1.24],[58.219,-1.65]]},{"type":"LineString","coordinates":[[58.219,-1.65],[58.556,-2.128]]},{"type":"LineString","coordinates":[[58.556,-2.128],[59.06,-3.182]]},{"type":"LineString","coordinates":[[59.06,-3.182],[59.214,-3.743]]},{"type":"LineString","coordinates":[[59.214,-3.743],[59.296,-4.571]]},{"type":"LineString","coordinates":[[59.296,-4.571],[59.249,-5.149]]},{"type":"LineString","coordinates":[[59.249,-5.149],[59.185,-5.396]]},{"type":"LineString","coordinates":[[59.185,-5.396],[59.443,-5.93]]},{"type":"LineString","coordinates":[[59.443,-5.93],[59.6,-6.489]]},{"type":"LineString","coordinates":[[59.612,-7.664],[59.387,-8.437]]},{"type":"LineString","coordinates":[[42.456,-45.406],[42.719,-45.956]]},{"type":"LineString","coordinates":[[42.719,-45.956],[42.845,-46.53]]},{"type":"LineString","coordinates":[[42.845,-46.53],[42.825,-47.121]]},{"type":"LineString","coordinates":[[42.825,-47.121],[42.59,-47.944]]},{"type":"LineString","coordinates":[[40.419,-49.839],[39.612,-50.099]]},{"type":"LineString","coordinates":[[39.612,-50.099],[38.741,-50.259]]},{"type":"LineString","coordinates":[[38.741,-50.259],[37.836,-50.314]]},{"type":"LineString","coordinates":[[37.836,-50.314],[36.713,-50.248]]},{"type":"LineString","coordinates":[[36.713,-50.248],[35.843,-50.087]]},{"type":"LineString","coordinates":[[34.299,-49.462],[33.698,-49.029]]},{"type":"LineString","coordinates":[[33.698,-49.029],[33.223,-48.523]]},{"type":"LineString","coordinates":[[32.731,-47.406],[32.711,-46.825]]},{"type":"LineString","coordinates":[[32.711,-46.825],[32.838,-46.251]]},{"type":"LineString","coordinates":[[32.838,-46.251],[33.12,-45.663]]},{"type":"LineString","coordinates":[[33.12,-45.663],[33.512,-45.15]]},{"type":"LineString","coordinates":[[38.717,-43.316],[39.492,-43.457]]},{"type":"LineString","coordinates":[[40.951,-44.023],[41.552,-44.418]]},{"type":"LineString","coordinates":[[34.293,-44.421],[34.915,-44.011]]},{"type":"LineString","coordinates":[[34.915,-44.011],[35.588,-43.693]]},{"type":"LineString","coordinates":[[35.588,-43.693],[36.322,-43.46]]},{"type":"LineString","coordinates":[[36.322,-43.46],[37.096,-43.317]]},{"type":"LineString","coordinates":[[37.096,-43.317],[37.922,-43.269]]},{"type":"LineString","coordinates":[[37.922,-43.269],[38.717,-43.316]]},{"type":"LineString","coordinates":[[-19.496,24.604],[-19.98,24.8]]},{"type":"LineString","coordinates":[[-20.985,25.532],[-21.371,26.003]]},{"type":"LineString","coordinates":[[-21.371,26.003],[-21.662,26.523]]},{"type":"LineString","coordinates":[[-21.662,26.523],[-21.849,27.078]]},{"type":"LineString","coordinates":[[-21.849,27.078],[-21.927,27.655]]},{"type":"LineString","coordinates":[[-21.794,28.618],[-21.768,29.307]]},{"type":"LineString","coordinates":[[-21.768,29.307],[-21.616,29.872]]},{"type":"LineString","coordinates":[[-21.616,29.872],[-21.351,30.405]]},{"type":"LineString","coordinates":[[-21.351,30.405],[-20.745,31.19]]},{"type":"LineString","coordinates":[[-176.642,-14.646],[-174.532,-14.143]]},{"type":"LineString","coordinates":[[174.95,-9.783],[174.567,-9.423]]},{"type":"LineString","coordinates":[[174.567,-9.423],[174.205,-8.882]]},{"type":"LineString","coordinates":[[173.414,-7.949],[173.172,-7.42]]},{"type":"LineString","coordinates":[[173.172,-7.42],[173.101,-7.146]]},{"type":"LineString","coordinates":[[173.101,-7.146],[172.923,-6.757]]},{"type":"LineString","coordinates":[[172.923,-6.757],[172.778,-6.195]]},{"type":"LineString","coordinates":[[172.778,-6.195],[172.733,-5.617]]},{"type":"LineString","coordinates":[[172.833,-4.747],[172.996,-4.292]]},{"type":"LineString","coordinates":[[-159.278,18.139],[-159.826,18.372]]},{"type":"LineString","coordinates":[[-159.826,18.372],[-160.412,18.305]]},{"type":"LineString","coordinates":[[-160.412,18.305],[-160.971,18.328]]},{"type":"LineString","coordinates":[[-160.971,18.328],[-161.539,18.439]]},{"type":"LineString","coordinates":[[-161.539,18.439],[-162.097,18.643]]},{"type":"LineString","coordinates":[[-163.44,2.795],[-163.851,3.013]]},{"type":"LineString","coordinates":[[-159.781,8.549],[-159.539,8.219]]},{"type":"LineString","coordinates":[[-159.539,8.219],[-159.375,7.918]]},{"type":"LineString","coordinates":[[-162.778,1.512],[-162.367,2.017]]},{"type":"LineString","coordinates":[[-11.395,-6.274],[-11.145,-6.799]]},{"type":"LineString","coordinates":[[-11.145,-6.799],[-10.989,-7.358]]},{"type":"LineString","coordinates":[[-10.989,-7.358],[-10.933,-7.937]]},{"type":"LineString","coordinates":[[-10.933,-7.937],[-10.979,-8.517]]},{"type":"LineString","coordinates":[[-11.373,-9.612],[-11.707,-10.09]]},{"type":"LineString","coordinates":[[-11.707,-10.09],[-12.121,-10.503]]},{"type":"LineString","coordinates":[[-12.121,-10.503],[-12.623,-10.854]]},{"type":"LineString","coordinates":[[-13.807,-11.277],[-14.397,-11.328]]},{"type":"LineString","coordinates":[[-15.564,-11.123],[-16.099,-10.876]]},{"type":"LineString","coordinates":[[-16.099,-10.876],[-16.591,-10.532]]},{"type":"LineString","coordinates":[[-16.591,-10.532],[-17.006,-10.118]]},{"type":"LineString","coordinates":[[-17.006,-10.118],[-17.345,-9.633]]},{"type":"LineString","coordinates":[[-17.345,-9.633],[-17.59,-9.105]]},{"type":"LineString","coordinates":[[-17.789,-7.929],[-17.732,-7.342]]},{"type":"LineString","coordinates":[[-17.732,-7.342],[-17.576,-6.783]]},{"type":"LineString","coordinates":[[-13.234,-4.758],[-12.683,-5.013]]},{"type":"LineString","coordinates":[[-16.547,-5.338],[-16.068,-5.007]]},{"type":"LineString","coordinates":[[-16.068,-5.007],[-15.54,-4.763]]},{"type":"LineString","coordinates":[[-15.54,-4.763],[-14.963,-4.609]]},{"type":"LineString","coordinates":[[-14.963,-4.609],[-14.377,-4.559]]},{"type":"LineString","coordinates":[[-14.377,-4.559],[-13.797,-4.609]]},{"type":"LineString","coordinates":[[-13.797,-4.609],[-13.234,-4.758]]},{"type":"LineString","coordinates":[[-12.86,-43.886],[-13.372,-43.659]]},{"type":"LineString","coordinates":[[-13.372,-43.659],[-13.964,-43.293]]},{"type":"LineString","coordinates":[[-15.23,-40.984],[-15.194,-40.567]]},{"type":"LineString","coordinates":[[-15.194,-40.567],[-15.077,-40.113]]},{"type":"LineString","coordinates":[[-15.077,-40.113],[-15.527,-39.83]]},{"type":"LineString","coordinates":[[-16.441,-38.895],[-16.72,-38.343]]},{"type":"LineString","coordinates":[[-16.72,-38.343],[-16.869,-37.774]]},{"type":"LineString","coordinates":[[-16.869,-37.774],[-16.888,-37.193]]},{"type":"LineString","coordinates":[[-16.888,-37.193],[-16.783,-36.618]]},{"type":"LineString","coordinates":[[-16.783,-36.618],[-16.557,-36.067]]},{"type":"LineString","coordinates":[[-16.557,-36.067],[-16.21,-35.541]]},{"type":"LineString","coordinates":[[-16.21,-35.541],[-15.774,-35.083]]},{"type":"LineString","coordinates":[[-15.774,-35.083],[-15.252,-34.691]]},{"type":"LineString","coordinates":[[-15.252,-34.691],[-14.295,-34.157]]},{"type":"LineString","coordinates":[[-14.295,-34.157],[-13.653,-33.926]]},{"type":"LineString","coordinates":[[-11.532,-33.797],[-10.857,-33.947]]},{"type":"LineString","coordinates":[[-10.857,-33.947],[-10.218,-34.189]]},{"type":"LineString","coordinates":[[-10.218,-34.189],[-9.62,-34.525]]},{"type":"LineString","coordinates":[[-9.62,-34.525],[-9.097,-34.939]]},{"type":"LineString","coordinates":[[-9.097,-34.939],[-8.674,-35.407]]},{"type":"LineString","coordinates":[[-8.674,-35.407],[-8.342,-35.945]]},{"type":"LineString","coordinates":[[-8.342,-35.945],[-8.128,-36.515]]},{"type":"LineString","coordinates":[[-8.128,-36.515],[-8.04,-37.093]]},{"type":"LineString","coordinates":[[-8.04,-37.093],[-8.053,-37.293]]},{"type":"LineString","coordinates":[[-8.053,-37.293],[-7.885,-37.35]]},{"type":"LineString","coordinates":[[-6.691,-38.075],[-6.236,-38.532]]},{"type":"LineString","coordinates":[[-5.62,-39.637],[-5.506,-40.211]]},{"type":"LineString","coordinates":[[-5.506,-40.211],[-5.523,-40.792]]},{"type":"LineString","coordinates":[[-5.523,-40.792],[-5.675,-41.364]]},{"type":"LineString","coordinates":[[-5.675,-41.364],[-5.967,-41.921]]},{"type":"LineString","coordinates":[[-5.967,-41.921],[-6.384,-42.422]]},{"type":"LineString","coordinates":[[-6.384,-42.422],[-6.912,-42.854]]},{"type":"LineString","coordinates":[[-8.147,-43.586],[-8.887,-43.919]]},{"type":"LineString","coordinates":[[-8.887,-43.919],[-9.837,-44.164]]},{"type":"LineString","coordinates":[[-9.837,-44.164],[-10.555,-44.239]]},{"type":"LineString","coordinates":[[165.859,16.037],[165.491,16.129]]},{"type":"LineString","coordinates":[[165.491,16.129],[164.906,16.38]]},{"type":"LineString","coordinates":[[164.906,16.38],[164.396,16.71]]},{"type":"LineString","coordinates":[[164.396,16.71],[163.944,17.124]]},{"type":"LineString","coordinates":[[163.944,17.124],[163.584,17.593]]},{"type":"LineString","coordinates":[[163.584,17.593],[163.314,18.113]]},{"type":"LineString","coordinates":[[163.314,18.113],[163.141,18.67]]},{"type":"LineString","coordinates":[[170.126,18.681],[169.96,18.122]]},{"type":"LineString","coordinates":[[169.96,18.122],[169.839,17.88]]},{"type":"LineString","coordinates":[[163.252,20.392],[163.5,20.924]]},{"type":"LineString","coordinates":[[163.5,20.924],[163.844,21.407]]},{"type":"LineString","coordinates":[[163.844,21.407],[164.292,21.844]]},{"type":"LineString","coordinates":[[164.292,21.844],[164.797,22.185]]},{"type":"LineString","coordinates":[[164.797,22.185],[165.362,22.439]]},{"type":"LineString","coordinates":[[165.362,22.439],[165.966,22.596]]},{"type":"LineString","coordinates":[[168.426,22.197],[168.936,21.861]]},{"type":"LineString","coordinates":[[168.936,21.861],[169.375,21.447]]},{"type":"LineString","coordinates":[[169.375,21.447],[169.727,20.967]]},{"type":"LineString","coordinates":[[169.727,20.967],[169.982,20.438]]},{"type":"LineString","coordinates":[[81.821,-38.657],[81.79,-39.238]]},{"type":"LineString","coordinates":[[81.79,-39.238],[81.629,-39.805]]},{"type":"LineString","coordinates":[[81.629,-39.805],[81.339,-40.341]]},{"type":"LineString","coordinates":[[81.339,-40.341],[80.925,-40.829]]},{"type":"LineString","coordinates":[[80.925,-40.829],[80.4,-41.254]]},{"type":"LineString","coordinates":[[81.153,-36.094],[81.497,-36.631]]},{"type":"LineString","coordinates":[[81.497,-36.631],[81.716,-37.189]]},{"type":"LineString","coordinates":[[81.716,-37.189],[81.818,-37.787]]},{"type":"LineString","coordinates":[[81.818,-37.787],[81.778,-38.409]]},{"type":"LineString","coordinates":[[81.778,-38.409],[81.821,-38.657]]},{"type":"LineString","coordinates":[[78.318,-42.017],[77.539,-42.07]]},{"type":"LineString","coordinates":[[77.539,-42.07],[76.759,-42.017]]},{"type":"LineString","coordinates":[[76.759,-42.017],[75.985,-41.857]]},{"type":"LineString","coordinates":[[75.985,-41.857],[75.288,-41.6]]},{"type":"LineString","coordinates":[[75.288,-41.6],[74.666,-41.253]]},{"type":"LineString","coordinates":[[74.666,-41.253],[74.139,-40.827]]},{"type":"LineString","coordinates":[[74.139,-40.827],[73.726,-40.339]]},{"type":"LineString","coordinates":[[73.726,-40.339],[73.436,-39.803]]},{"type":"LineString","coordinates":[[73.436,-39.803],[73.271,-39.217]]},{"type":"LineString","coordinates":[[73.271,-39.217],[73.241,-38.635]]},{"type":"LineString","coordinates":[[73.241,-38.635],[73.311,-38.224]]},{"type":"LineString","coordinates":[[73.311,-38.224],[73.286,-37.761]]},{"type":"LineString","coordinates":[[73.286,-37.761],[73.383,-37.185]]},{"type":"LineString","coordinates":[[73.94,-36.096],[74.371,-35.633]]},{"type":"LineString","coordinates":[[74.371,-35.633],[74.89,-35.235]]},{"type":"LineString","coordinates":[[74.89,-35.235],[75.481,-34.914]]},{"type":"LineString","coordinates":[[75.481,-34.914],[76.127,-34.678]]},{"type":"LineString","coordinates":[[76.127,-34.678],[76.842,-34.526]]},{"type":"LineString","coordinates":[[76.842,-34.526],[77.545,-34.478]]},{"type":"LineString","coordinates":[[77.545,-34.478],[78.279,-34.529]]},{"type":"LineString","coordinates":[[78.279,-34.529],[78.962,-34.673]]},{"type":"LineString","coordinates":[[78.962,-34.673],[79.609,-34.909]]},{"type":"LineString","coordinates":[[57.147,-46.881],[56.987,-47.451]]},{"type":"LineString","coordinates":[[56.218,-48.503],[55.634,-48.938]]},{"type":"LineString","coordinates":[[54.079,-49.589],[53.219,-49.757]]},{"type":"LineString","coordinates":[[53.219,-49.757],[52.324,-49.819]]},{"type":"LineString","coordinates":[[52.324,-49.819],[51.086,-49.762]]},{"type":"LineString","coordinates":[[51.086,-49.762],[50.359,-49.8]]},{"type":"LineString","coordinates":[[50.359,-49.8],[49.464,-49.74]]},{"type":"LineString","coordinates":[[49.464,-49.74],[48.592,-49.571]]},{"type":"LineString","coordinates":[[48.592,-49.571],[47.799,-49.305]]},{"type":"LineString","coordinates":[[47.799,-49.305],[47.09,-48.944]]},{"type":"LineString","coordinates":[[47.09,-48.944],[46.503,-48.51]]},{"type":"LineString","coordinates":[[46.503,-48.51],[46.049,-48.014]]},{"type":"LineString","coordinates":[[46.049,-48.014],[45.549,-47.113]]},{"type":"LineString","coordinates":[[45.549,-47.113],[45.39,-46.543]]},{"type":"LineString","coordinates":[[45.39,-46.543],[45.379,-45.961]]},{"type":"LineString","coordinates":[[45.379,-45.961],[45.513,-45.375]]},{"type":"LineString","coordinates":[[56.743,-45.16],[57.024,-45.728]]},{"type":"LineString","coordinates":[[57.024,-45.728],[57.157,-46.301]]},{"type":"LineString","coordinates":[[57.157,-46.301],[57.147,-46.881]]},{"type":"LineString","coordinates":[[45.781,-44.826],[46.182,-44.306]]},{"type":"LineString","coordinates":[[46.182,-44.306],[46.684,-43.851]]},{"type":"LineString","coordinates":[[46.684,-43.851],[47.296,-43.451]]},{"type":"LineString","coordinates":[[47.296,-43.451],[48.219,-43.024]]},{"type":"LineString","coordinates":[[48.219,-43.024],[48.948,-42.796]]},{"type":"LineString","coordinates":[[48.948,-42.796],[49.716,-42.659]]},{"type":"LineString","coordinates":[[49.716,-42.659],[50.504,-42.617]]},{"type":"LineString","coordinates":[[50.504,-42.617],[51.292,-42.67]]},{"type":"LineString","coordinates":[[51.292,-42.67],[52.057,-42.818]]},{"type":"LineString","coordinates":[[52.057,-42.818],[52.852,-43.091]]},{"type":"LineString","coordinates":[[52.852,-43.091],[53.778,-43.24]]},{"type":"LineString","coordinates":[[55.196,-43.78],[55.843,-44.197]]},{"type":"LineString","coordinates":[[55.843,-44.197],[56.348,-44.651]]},{"type":"LineString","coordinates":[[64.551,-52.438],[63.929,-52.0]]},{"type":"LineString","coordinates":[[63.929,-52.0],[63.452,-51.501]]},{"type":"LineString","coordinates":[[63.452,-51.501],[63.13,-50.957]]},{"type":"LineString","coordinates":[[63.13,-50.957],[62.968,-50.386]]},{"type":"LineString","coordinates":[[62.968,-50.386],[62.966,-49.804]]},{"type":"LineString","coordinates":[[62.966,-49.804],[63.119,-49.232]]},{"type":"LineString","coordinates":[[63.119,-49.232],[63.415,-48.685]]},{"type":"LineString","coordinates":[[63.415,-48.685],[63.574,-48.499]]},{"type":"LineString","coordinates":[[63.574,-48.499],[63.715,-47.918]]},{"type":"LineString","coordinates":[[63.715,-47.918],[63.997,-47.37]]},{"type":"LineString","coordinates":[[63.997,-47.37],[64.408,-46.862]]},{"type":"LineString","coordinates":[[64.408,-46.862],[65.136,-46.23]]},{"type":"LineString","coordinates":[[65.136,-46.23],[65.756,-45.841]]},{"type":"LineString","coordinates":[[65.756,-45.841],[66.456,-45.528]]},{"type":"LineString","coordinates":[[66.456,-45.528],[67.216,-45.3]]},{"type":"LineString","coordinates":[[67.216,-45.3],[68.016,-45.162]]},{"type":"LineString","coordinates":[[69.658,-45.17],[70.456,-45.315]]},{"type":"LineString","coordinates":[[70.456,-45.315],[71.881,-45.711]]},{"type":"LineString","coordinates":[[71.881,-45.711],[72.715,-46.111]]},{"type":"LineString","coordinates":[[72.715,-46.111],[73.563,-46.465]]},{"type":"LineString","coordinates":[[74.748,-47.314],[75.168,-47.821]]},{"type":"LineString","coordinates":[[75.168,-47.821],[75.457,-48.368]]},{"type":"LineString","coordinates":[[75.457,-48.368],[75.654,-49.074]]},{"type":"LineString","coordinates":[[75.654,-49.074],[75.65,-49.656]]},{"type":"LineString","coordinates":[[75.65,-49.656],[75.602,-49.826]]},{"type":"LineString","coordinates":[[67.056,-53.235],[66.154,-53.071]]},{"type":"LineString","coordinates":[[66.154,-53.071],[65.303,-52.8]]},{"type":"LineString","coordinates":[[65.303,-52.8],[64.551,-52.438]]},{"type":"LineString","coordinates":[[-105.874,9.699],[-106.033,9.134]]},{"type":"LineString","coordinates":[[-106.629,8.134],[-107.048,7.724]]},{"type":"LineString","coordinates":[[-107.048,7.724],[-107.529,7.394]]},{"type":"LineString","coordinates":[[-107.529,7.394],[-108.063,7.149]]},{"type":"LineString","coordinates":[[-109.215,6.95],[-109.801,7.0]]},{"type":"LineString","coordinates":[[-109.801,7.0],[-110.366,7.149]]},{"type":"LineString","coordinates":[[-110.366,7.149],[-110.897,7.392]]},{"type":"LineString","coordinates":[[-110.897,7.392],[-111.38,7.724]]},{"type":"LineString","coordinates":[[-111.38,7.724],[-111.809,8.141]]},{"type":"LineString","coordinates":[[-112.408,9.147],[-112.566,9.706]]},{"type":"LineString","coordinates":[[-112.566,9.706],[-112.623,10.285]]},{"type":"LineString","coordinates":[[-112.623,10.285],[-112.578,10.865]]},{"type":"LineString","coordinates":[[-112.578,10.865],[-112.431,11.427]]},{"type":"LineString","coordinates":[[-112.431,11.427],[-112.186,11.956]]},{"type":"LineString","coordinates":[[-112.186,11.956],[-111.848,12.437]]},{"type":"LineString","coordinates":[[-111.848,12.437],[-111.426,12.857]]},{"type":"LineString","coordinates":[[-111.426,12.857],[-110.94,13.193]]},{"type":"LineString","coordinates":[[-110.94,13.193],[-110.401,13.441]]},{"type":"LineString","coordinates":[[-110.401,13.441],[-109.823,13.593]]},{"type":"LineString","coordinates":[[-109.823,13.593],[-109.228,13.645]]},{"type":"LineString","coordinates":[[-109.228,13.645],[-108.632,13.593]]},{"type":"LineString","coordinates":[[-108.632,13.593],[-108.055,13.441]]},{"type":"LineString","coordinates":[[-108.055,13.441],[-107.496,13.184]]},{"type":"LineString","coordinates":[[-107.496,13.184],[-107.007,12.846]]},{"type":"LineString","coordinates":[[-107.007,12.846],[-106.59,12.432]]},{"type":"LineString","coordinates":[[-106.008,11.423],[-105.861,10.861]]},{"type":"LineString","coordinates":[[-105.861,10.861],[-105.816,10.28]]},{"type":"LineString","coordinates":[[-105.816,10.28],[-105.874,9.699]]},{"type":"LineString","coordinates":[[-52.54227027027027,-61.067],[-52.561,-60.77]]},{"type":"LineString","coordinates":[[-52.561,-60.77],[-52.498,-60.148]]},{"type":"LineString","coordinates":[[-49.262,-57.662],[-48.158,-57.393]]},{"type":"LineString","coordinates":[[-48.158,-57.393],[-47.081,-57.242]]},{"type":"LineString","coordinates":[[-41.618,-57.689],[-40.786,-57.939]]},{"type":"LineString","coordinates":[[-39.438,-58.54],[-38.983,-58.822]]},{"type":"LineString","coordinates":[[-38.983,-58.822],[-38.62,-59.096]]},{"type":"LineString","coordinates":[[-38.62,-59.096],[-38.265,-59.43]]},{"type":"LineString","coordinates":[[-38.265,-59.43],[-38.072,-59.657]]},{"type":"LineString","coordinates":[[-38.072,-59.657],[-37.818,-60.052]]},{"type":"LineString","coordinates":[[-37.818,-60.052],[-37.661,-60.452]]},{"type":"LineString","coordinates":[[-37.834,-61.744],[-38.086,-62.102]]},{"type":"LineString","coordinates":[[-38.086,-62.102],[-38.609,-62.588]]},{"type":"LineString","coordinates":[[-38.609,-62.588],[-39.185,-62.954]]},{"type":"LineString","coordinates":[[-45.496,-64.117],[-47.089,-64.006]]},{"type":"LineString","coordinates":[[-84.767,3.05],[-85.409,2.614]]},{"type":"LineString","coordinates":[[-85.409,2.614],[-85.936,2.37]]},{"type":"LineString","coordinates":[[-85.936,2.37],[-86.497,2.22]]},{"type":"LineString","coordinates":[[-86.497,2.22],[-87.147,2.151]]},{"type":"LineString","coordinates":[[-90.444,5.513],[-90.397,6.092]]},{"type":"LineString","coordinates":[[-90.397,6.092],[-90.245,6.665]]},{"type":"LineString","coordinates":[[-90.245,6.665],[-90.001,7.192]]},{"type":"LineString","coordinates":[[-90.001,7.192],[-89.667,7.671]]},{"type":"LineString","coordinates":[[-89.667,7.671],[-89.246,8.092]]},{"type":"LineString","coordinates":[[-89.246,8.092],[-88.718,8.456]]},{"type":"LineString","coordinates":[[-88.718,8.456],[-88.95,8.909]]},{"type":"LineString","coordinates":[[-88.95,8.909],[-89.205,9.75]]},{"type":"LineString","coordinates":[[112.864,-11.803],[111.133,-11.689]]},{"type":"LineString","coordinates":[[111.133,-11.689],[110.125,-11.49]]},{"type":"LineString","coordinates":[[109.215,-11.22],[109.035,-11.119]]},{"type":"LineString","coordinates":[[102.272,-8.879],[101.687,-8.823]]},{"type":"LineString","coordinates":[[101.687,-8.823],[101.122,-8.667]]},{"type":"LineString","coordinates":[[101.122,-8.667],[100.594,-8.417]]},{"type":"LineString","coordinates":[[100.594,-8.417],[99.891,-7.895]]},{"type":"LineString","coordinates":[[99.891,-7.895],[99.483,-7.481]]},{"type":"LineString","coordinates":[[99.483,-7.481],[98.29,-5.951]]},{"type":"LineString","coordinates":[[98.29,-5.951],[97.735,-5.408]]},{"type":"LineString","coordinates":[[97.735,-5.408],[97.119,-4.553]]},{"type":"LineString","coordinates":[[97.119,-4.553],[96.699,-4.202]]},{"type":"LineString","coordinates":[[96.699,-4.202],[96.29,-3.789]]},{"type":"LineString","coordinates":[[96.29,-3.789],[95.666,-2.837]]},{"type":"LineString","coordinates":[[95.666,-2.837],[95.462,-2.392]]},{"type":"LineString","coordinates":[[95.462,-2.392],[95.269,-2.198]]},{"type":"LineString","coordinates":[[95.269,-2.198],[94.937,-1.722]]},{"type":"LineString","coordinates":[[94.937,-1.722],[94.689,-1.179]]},{"type":"LineString","coordinates":[[94.689,-1.179],[94.17,-0.432]]},{"type":"LineString","coordinates":[[94.17,-0.432],[94.052,-0.179]]},{"type":"LineString","coordinates":[[94.052,-0.179],[93.629,0.116]]},{"type":"LineString","coordinates":[[93.629,0.116],[93.231,0.465]]},{"type":"LineString","coordinates":[[93.231,0.465],[92.817,0.875]]},{"type":"LineString","coordinates":[[92.817,0.875],[92.48,1.348]]},{"type":"LineString","coordinates":[[92.48,1.348],[92.23,1.871]]},{"type":"LineString","coordinates":[[92.23,1.871],[92.075,2.427]]},{"type":"LineString","coordinates":[[92.075,2.427],[92.04719893618184,2.7109680089998576]]},{"type":"LineString","coordinates":[[172.996,-4.292],[172.602,-3.965]]},{"type":"LineString","coordinates":[[172.602,-3.965],[172.339,-3.685]]},{"type":"LineString","coordinates":[[172.339,-3.685],[171.956,-3.192]]},{"type":"LineString","coordinates":[[171.956,-3.192],[171.689,-3.459]]},{"type":"LineString","coordinates":[[171.689,-3.459],[171.213,-3.792]]},{"type":"LineString","coordinates":[[171.213,-3.792],[170.687,-4.038]]},{"type":"LineString","coordinates":[[170.687,-4.038],[170.125,-4.189]]},{"type":"LineString","coordinates":[[170.125,-4.189],[169.546,-4.239]]},{"type":"LineString","coordinates":[[169.546,-4.239],[168.967,-4.189]]},{"type":"LineString","coordinates":[[168.967,-4.189],[168.405,-4.038]]},{"type":"LineString","coordinates":[[175.484,5.569],[175.891,5.024]]},{"type":"LineString","coordinates":[[175.891,5.024],[176.136,4.498]]},{"type":"LineString","coordinates":[[176.136,4.498],[176.286,3.936]]},{"type":"LineString","coordinates":[[176.286,3.936],[176.334,3.38]]},{"type":"LineString","coordinates":[[176.334,3.38],[176.449,3.124]]},{"type":"LineString","coordinates":[[176.449,3.124],[176.599,2.563]]},{"type":"LineString","coordinates":[[176.599,2.563],[176.615,2.377]]},{"type":"LineString","coordinates":[[176.615,2.377],[176.865,1.982]]},{"type":"LineString","coordinates":[[176.865,1.982],[177.022,1.967]]},{"type":"LineString","coordinates":[[177.022,1.967],[177.583,1.816]]},{"type":"LineString","coordinates":[[177.583,1.816],[178.11,1.571]]},{"type":"LineString","coordinates":[[178.11,1.571],[178.586,1.237]]},{"type":"LineString","coordinates":[[178.586,1.237],[179.006,0.818]]},{"type":"LineString","coordinates":[[179.006,0.818],[179.38,0.278]]},{"type":"LineString","coordinates":[[179.38,0.278],[179.626,-0.249]]},{"type":"LineString","coordinates":[[179.626,-0.249],[179.78,-0.821]]},{"type":"LineString","coordinates":[[179.78,-0.821],[179.81,-1.166]]},{"type":"LineString","coordinates":[[-180.0,-1.62],[-179.872,-2.082]]},{"type":"LineString","coordinates":[[-156.682,6.0],[-156.349,5.523]]},{"type":"LineString","coordinates":[[-156.349,5.523],[-156.162,5.12]]},{"type":"LineString","coordinates":[[-156.162,5.12],[-155.639,4.873]]},{"type":"LineString","coordinates":[[-155.639,4.873],[-155.163,4.539]]},{"type":"LineString","coordinates":[[-154.276,3.419],[-154.032,2.892]]},{"type":"LineString","coordinates":[[-154.032,2.892],[-153.878,2.312]]},{"type":"LineString","coordinates":[[-153.878,2.312],[-153.828,1.715]]},{"type":"LineString","coordinates":[[-153.828,1.715],[-153.882,1.123]]},{"type":"LineString","coordinates":[[-153.882,1.123],[-154.033,0.563]]},{"type":"LineString","coordinates":[[-154.033,0.563],[-154.281,0.033]]},{"type":"LineString","coordinates":[[-154.281,0.033],[-154.615,-0.441]]},{"type":"LineString","coordinates":[[-154.615,-0.441],[-154.84,-0.666]]},{"type":"LineString","coordinates":[[-154.84,-0.666],[-154.328,-0.71]]},{"type":"LineString","coordinates":[[-154.328,-0.71],[-153.761,-0.861]]},{"type":"LineString","coordinates":[[-153.761,-0.861],[-153.234,-1.106]]},{"type":"LineString","coordinates":[[-153.234,-1.106],[-152.756,-1.439]]},{"type":"LineString","coordinates":[[-152.756,-1.439],[-152.345,-1.848]]},{"type":"LineString","coordinates":[[-152.345,-1.848],[-152.01,-2.322]]},{"type":"LineString","coordinates":[[-152.01,-2.322],[-151.762,-2.847]]},{"type":"LineString","coordinates":[[-151.762,-2.847],[-151.61,-3.407]]},{"type":"LineString","coordinates":[[-151.61,-3.407],[-151.556,-3.985]]},{"type":"LineString","coordinates":[[-151.556,-3.985],[-151.604,-4.563]]},{"type":"LineString","coordinates":[[-151.604,-4.563],[-151.753,-5.13]]},{"type":"LineString","coordinates":[[-151.753,-5.13],[-152.014,-5.701]]},{"type":"LineString","coordinates":[[-152.014,-5.701],[-152.346,-6.178]]},{"type":"LineString","coordinates":[[-152.346,-6.178],[-152.605,-6.437]]},{"type":"LineString","coordinates":[[-152.605,-6.437],[-152.704,-6.79]]},{"type":"LineString","coordinates":[[-152.704,-6.79],[-152.373,-6.762]]},{"type":"LineString","coordinates":[[-152.373,-6.762],[-151.791,-6.814]]},{"type":"LineString","coordinates":[[-151.791,-6.814],[-151.568,-6.874]]},{"type":"LineString","coordinates":[[-151.568,-6.874],[-151.37,-6.782]]},{"type":"LineString","coordinates":[[-151.37,-6.782],[-150.806,-6.631]]},{"type":"LineString","coordinates":[[-150.806,-6.631],[-150.222,-6.579]]},{"type":"LineString","coordinates":[[-150.222,-6.579],[-149.64,-6.628]]},{"type":"LineString","coordinates":[[-149.64,-6.628],[-149.074,-6.775]]},{"type":"LineString","coordinates":[[-149.074,-6.775],[-148.543,-7.017]]},{"type":"LineString","coordinates":[[-148.543,-7.017],[-148.061,-7.345]]},{"type":"LineString","coordinates":[[-147.298,-8.229],[-147.043,-8.754]]},{"type":"LineString","coordinates":[[-147.043,-8.754],[-146.883,-9.316]]},{"type":"LineString","coordinates":[[-146.883,-9.316],[-146.821,-9.931]]},{"type":"LineString","coordinates":[[-147.011,-11.082],[-147.065,-11.192]]},{"type":"LineString","coordinates":[[-159.262,-5.853],[-159.282,-5.596]]},{"type":"LineString","coordinates":[[-159.282,-5.596],[-159.226,-5.018]]},{"type":"LineString","coordinates":[[-159.226,-5.018],[-159.072,-4.458]]},{"type":"LineString","coordinates":[[-159.072,-4.458],[-158.822,-3.934]]},{"type":"LineString","coordinates":[[-158.822,-3.934],[-158.486,-3.461]]},{"type":"LineString","coordinates":[[-158.486,-3.461],[-158.175,-3.178]]},{"type":"LineString","coordinates":[[-162.367,2.017],[-162.568,2.157]]},{"type":"LineString","coordinates":[[-159.375,7.918],[-158.716,7.609]]},{"type":"LineString","coordinates":[[-158.716,7.609],[-158.234,7.273]]},{"type":"LineString","coordinates":[[-158.234,7.273],[-157.885,6.925]]},{"type":"LineString","coordinates":[[-157.885,6.925],[-157.672,6.826]]},{"type":"LineString","coordinates":[[-157.672,6.826],[-157.112,6.432]]},{"type":"LineString","coordinates":[[-157.112,6.432],[-156.682,6.0]]},{"type":"LineString","coordinates":[[-172.863,0.362],[-172.303,0.513]]},{"type":"LineString","coordinates":[[-172.303,0.513],[-171.72,0.563]]},{"type":"LineString","coordinates":[[-170.562,0.36],[-170.036,0.116]]},{"type":"LineString","coordinates":[[-170.036,0.116],[-169.807,-0.04]]},{"type":"LineString","coordinates":[[-169.807,-0.04],[-169.425,-0.217]]},{"type":"LineString","coordinates":[[-169.425,-0.217],[-168.948,-0.549]]},{"type":"LineString","coordinates":[[-168.948,-0.549],[-168.535,-0.959]]},{"type":"LineString","coordinates":[[-168.535,-0.959],[-168.199,-1.435]]},{"type":"LineString","coordinates":[[-168.199,-1.435],[-168.084,-1.68]]},{"type":"LineString","coordinates":[[-168.084,-1.68],[-167.826,-2.046]]},{"type":"LineString","coordinates":[[-167.826,-2.046],[-167.578,-2.57]]},{"type":"LineString","coordinates":[[-167.578,-2.57],[-167.424,-3.13]]},{"type":"LineString","coordinates":[[-167.424,-3.13],[-167.37,-3.709]]},{"type":"LineString","coordinates":[[-167.37,-3.709],[-167.417,-4.289]]},{"type":"LineString","coordinates":[[-167.417,-4.289],[-167.565,-4.85]]},{"type":"LineString","coordinates":[[-167.565,-4.85],[-167.807,-5.377]]},{"type":"LineString","coordinates":[[-167.807,-5.377],[-168.14,-5.855]]},{"type":"LineString","coordinates":[[-168.14,-5.855],[-168.251,-5.967]]},{"type":"LineString","coordinates":[[-168.251,-5.967],[-168.321,-6.12]]},{"type":"LineString","coordinates":[[-168.321,-6.12],[-168.654,-6.598]]},{"type":"LineString","coordinates":[[-168.654,-6.598],[-168.953,-6.887]]},{"type":"LineString","coordinates":[[-175.762,-7.773],[-176.226,-7.561]]},{"type":"LineString","coordinates":[[-176.226,-7.561],[-176.703,-7.226]]},{"type":"LineString","coordinates":[[-176.703,-7.226],[-177.114,-6.813]]},{"type":"LineString","coordinates":[[-177.114,-6.813],[-177.453,-6.325]]},{"type":"LineString","coordinates":[[-177.453,-6.325],[-177.696,-5.797]]},{"type":"LineString","coordinates":[[-13.852,43.39],[-13.72,43.97]]},{"type":"LineString","coordinates":[[-12.966,45.131],[-12.434,45.575]]},{"type":"LineString","coordinates":[[-12.434,45.575],[-11.419,46.151]]},{"type":"LineString","coordinates":[[-11.419,46.151],[-10.541,46.545]]},{"type":"LineString","coordinates":[[-10.541,46.545],[-10.538136078221335,46.546042290116354]]},{"type":"LineString","coordinates":[[-29.347,-2.414],[-29.245,-2.625]]},{"type":"LineString","coordinates":[[-29.245,-2.625],[-29.086,-3.18]]},{"type":"LineString","coordinates":[[-29.461,-5.464],[-29.794,-5.953]]},{"type":"LineString","coordinates":[[-29.794,-5.953],[-30.201,-6.369]]},{"type":"LineString","coordinates":[[-30.201,-6.369],[-30.692,-6.721]]},{"type":"LineString","coordinates":[[-30.692,-6.721],[-31.226,-6.978]]},{"type":"LineString","coordinates":[[-31.226,-6.978],[-31.425,-7.034]]},{"type":"LineString","coordinates":[[-35.80550165776212,-1.2150416420149546],[-35.509,-0.992]]},{"type":"LineString","coordinates":[[-35.509,-0.992],[-34.983,-0.742]]},{"type":"LineString","coordinates":[[-34.983,-0.742],[-34.422,-0.588]]},{"type":"LineString","coordinates":[[-34.422,-0.588],[-33.843,-0.532]]},{"type":"LineString","coordinates":[[-33.843,-0.532],[-33.186,-0.596]]},{"type":"LineString","coordinates":[[-33.186,-0.596],[-32.989,-0.542]]},{"type":"LineString","coordinates":[[-32.989,-0.542],[-32.364,-0.488]]},{"type":"LineString","coordinates":[[-32.364,-0.488],[-32.513,-0.111]]},{"type":"LineString","coordinates":[[-32.513,-0.111],[-32.617,0.294]]},{"type":"LineString","coordinates":[[-32.617,0.294],[-32.676,0.919]]},{"type":"LineString","coordinates":[[-32.676,0.919],[-32.617,1.544]]},{"type":"LineString","coordinates":[[-32.617,1.544],[-32.442,2.146]]},{"type":"LineString","coordinates":[[-31.773,3.201],[-31.468,3.487]]},{"type":"LineString","coordinates":[[-28.718,4.193],[-28.116,4.018]]},{"type":"LineString","coordinates":[[157.569,23.663],[157.391,23.106]]},{"type":"LineString","coordinates":[[157.391,23.106],[157.112,22.586]]},{"type":"LineString","coordinates":[[157.112,22.586],[156.74,22.116]]},{"type":"LineString","coordinates":[[156.74,22.116],[156.289,21.712]]},{"type":"LineString","coordinates":[[156.289,21.712],[155.773,21.386]]},{"type":"LineString","coordinates":[[155.773,21.386],[155.206,21.146]]},{"type":"LineString","coordinates":[[155.206,21.146],[154.604,20.999]]},{"type":"LineString","coordinates":[[154.604,20.999],[153.983,20.95]]},{"type":"LineString","coordinates":[[153.983,20.95],[153.363,20.999]]},{"type":"LineString","coordinates":[[153.363,20.999],[152.749,21.149]]},{"type":"LineString","coordinates":[[152.749,21.149],[152.182,21.389]]},{"type":"LineString","coordinates":[[152.182,21.389],[151.666,21.715]]},{"type":"LineString","coordinates":[[151.666,21.715],[151.216,22.118]]},{"type":"LineString","coordinates":[[151.216,22.118],[150.845,22.587]]},{"type":"LineString","coordinates":[[150.845,22.587],[150.566,23.107]]},{"type":"LineString","coordinates":[[150.566,23.107],[150.388,23.664]]},{"type":"LineString","coordinates":[[150.388,23.664],[150.316,24.241]]},{"type":"LineString","coordinates":[[150.316,24.241],[150.355,24.821]]},{"type":"LineString","coordinates":[[150.355,24.821],[150.505,25.386]]},{"type":"LineString","coordinates":[[150.505,25.386],[150.762,25.918]]},{"type":"LineString","coordinates":[[150.762,25.918],[151.122,26.402]]},{"type":"LineString","coordinates":[[151.122,26.402],[151.584,26.832]]},{"type":"LineString","coordinates":[[151.584,26.832],[152.111,27.172]]},{"type":"LineString","coordinates":[[152.111,27.172],[152.7,27.424]]},{"type":"LineString","coordinates":[[152.7,27.424],[153.331,27.578]]},{"type":"LineString","coordinates":[[153.331,27.578],[153.983,27.63]]},{"type":"LineString","coordinates":[[153.983,27.63],[154.636,27.578]]},{"type":"LineString","coordinates":[[154.636,27.578],[155.267,27.424]]},{"type":"LineString","coordinates":[[155.267,27.424],[155.856,27.172]]},{"type":"LineString","coordinates":[[155.856,27.172],[156.383,26.832]]},{"type":"LineString","coordinates":[[156.383,26.832],[156.834,26.412]]},{"type":"LineString","coordinates":[[156.834,26.412],[157.193,25.929]]},{"type":"LineString","coordinates":[[157.193,25.929],[157.451,25.397]]},{"type":"LineString","coordinates":[[157.451,25.397],[157.602,24.821]]},{"type":"LineString","coordinates":[[157.602,24.821],[157.641,24.241]]},{"type":"LineString","coordinates":[[157.641,24.241],[157.569,23.663]]},{"type":"LineString","coordinates":[[145.475,29.302],[145.76,28.704]]},{"type":"LineString","coordinates":[[145.76,28.704],[145.94,28.005]]},{"type":"LineString","coordinates":[[145.94,28.005],[145.994,27.018]]},{"type":"LineString","coordinates":[[145.994,27.018],[145.951,26.703]]},{"type":"LineString","coordinates":[[145.951,26.703],[145.963,26.498]]},{"type":"LineString","coordinates":[[145.963,26.498],[145.885,25.922]]},{"type":"LineString","coordinates":[[145.885,25.922],[145.699,25.366]]},{"type":"LineString","coordinates":[[145.699,25.366],[145.41,24.848]]},{"type":"LineString","coordinates":[[145.41,24.848],[145.106,24.475]]},{"type":"LineString","coordinates":[[145.106,24.475],[145.126,24.18]]},{"type":"LineString","coordinates":[[145.126,24.18],[145.096,23.893]]},{"type":"LineString","coordinates":[[140.236,21.075],[139.669,21.315]]},{"type":"LineString","coordinates":[[139.669,21.315],[139.482,21.433]]},{"type":"LineString","coordinates":[[-169.75,53.693],[-173.696,52.784]]},{"type":"LineString","coordinates":[[-173.696,52.784],[-178.717,52.168]]},{"type":"LineString","coordinates":[[-178.717,52.168],[-179.986,52.346]]},{"type":"LineString","coordinates":[[-179.986,52.346],[-180.0,52.34757442116869]]},{"type":"LineString","coordinates":[[180.0,52.34757442116869],[174.572,52.958]]},{"type":"LineString","coordinates":[[-110.699,21.946],[-112.192,21.98]]},{"type":"LineString","coordinates":[[-112.192,21.98],[-113.031,21.99]]},{"type":"LineString","coordinates":[[-113.031,21.99],[-113.329,21.94]]},{"type":"LineString","coordinates":[[-113.329,21.94],[-114.48131178331863,22.04165321339925]]},{"type":"LineString","coordinates":[[-105.737,22.507],[-107.923,22.264]]},{"type":"LineString","coordinates":[[-77.237,25.885],[-77.24889371744793,25.890931803385424]]},{"type":"LineString","coordinates":[[-64.23,48.906],[-63.357,48.788]]},{"type":"LineString","coordinates":[[-63.357,48.788],[-62.626,48.569]]},{"type":"LineString","coordinates":[[-62.626,48.569],[-62.327,48.561]]},{"type":"LineString","coordinates":[[-62.327,48.561],[-62.024,48.439]]},{"type":"LineString","coordinates":[[-62.024,48.439],[-61.598,48.342]]},{"type":"LineString","coordinates":[[-61.598,48.342],[-61.199,48.33]]},{"type":"LineString","coordinates":[[-61.199,48.33],[-60.849,48.263]]},{"type":"LineString","coordinates":[[-60.849,48.263],[-59.839,47.935]]},{"type":"LineString","coordinates":[[-59.839,47.935],[-59.453,47.724]]},{"type":"LineString","coordinates":[[-59.453,47.724],[-58.51,46.995]]},{"type":"LineString","coordinates":[[-58.51,46.995],[-58.22,46.813]]},{"type":"LineString","coordinates":[[-58.22,46.813],[-57.948,46.517]]},{"type":"LineString","coordinates":[[-57.948,46.517],[-56.92,45.592]]},{"type":"LineString","coordinates":[[-56.041,44.973],[-55.462,44.913]]},{"type":"LineString","coordinates":[[64.55,80.751],[68.137,76.965]]},{"type":"LineString","coordinates":[[60.439,69.745],[60.67,69.679]]},{"type":"LineString","coordinates":[[64.79059096140527,82.96404167274945],[64.419,81.185]]},{"type":"LineString","coordinates":[[5.982,82.329],[15.156,82.943]]},{"type":"LineString","coordinates":[[-1.468,43.602],[-2.006,44.011]]},{"type":"LineString","coordinates":[[120.555,14.426],[120.494,14.143]]},{"type":"LineString","coordinates":[[119.826,11.711],[119.501,11.413]]},{"type":"LineString","coordinates":[[140.83460090250358,-10.474753850826568],[140.79,-10.559]]},{"type":"LineString","coordinates":[[140.79,-10.559],[140.843,-10.782]]},{"type":"LineString","coordinates":[[140.843,-10.782],[141.028,-10.951]]},{"type":"LineString","coordinates":[[141.028,-10.951],[141.159,-11.003]]},{"type":"LineString","coordinates":[[141.159,-11.003],[141.081,-11.095]]},{"type":"LineString","coordinates":[[141.081,-11.095],[141.068,-11.2]]},{"type":"LineString","coordinates":[[141.068,-11.2],[141.134,-11.344]]},{"type":"LineString","coordinates":[[141.134,-11.344],[141.318,-11.465]]},{"type":"LineString","coordinates":[[141.318,-11.465],[142.026,-10.498]]},{"type":"LineString","coordinates":[[142.026,-10.498],[142.315,-10.39]]},{"type":"LineString","coordinates":[[142.536,-10.492],[142.532,-10.695]]},{"type":"LineString","coordinates":[[130.952,31.128],[130.892,30.822]]},{"type":"LineString","coordinates":[[130.892,30.822],[130.768,30.468]]},{"type":"LineString","coordinates":[[129.344,28.552],[129.043,28.303]]},{"type":"LineString","coordinates":[[129.043,28.303],[128.391,27.572]]},{"type":"LineString","coordinates":[[128.391,27.572],[127.946,26.899]]},{"type":"LineString","coordinates":[[127.946,26.899],[127.642,26.545]]},{"type":"LineString","coordinates":[[127.642,26.545],[127.196,26.247]]},{"type":"LineString","coordinates":[[127.196,26.247],[126.692,25.962]]},{"type":"LineString","coordinates":[[126.692,25.962],[126.053,25.704]]},{"type":"LineString","coordinates":[[126.053,25.704],[125.255,25.502]]},{"type":"LineString","coordinates":[[125.255,25.502],[124.156,25.121]]},{"type":"LineString","coordinates":[[124.156,25.121],[123.791,24.763]]},{"type":"LineString","coordinates":[[123.791,24.763],[123.328,24.551]]},{"type":"LineString","coordinates":[[123.328,24.551],[122.651,24.396]]},{"type":"LineString","coordinates":[[122.651,24.396],[122.279,24.185]]},{"type":"LineString","coordinates":[[122.279,24.185],[121.632,24.015]]},{"type":"LineString","coordinates":[[-170.013,76.011],[-169.472,79.025]]},{"type":"LineString","coordinates":[[-153.907,78.984],[-152.34,78.545]]},{"type":"LineString","coordinates":[[-152.34,78.545],[-151.316,77.995]]},{"type":"LineString","coordinates":[[-151.316,77.995],[-151.866,77.749]]},{"type":"LineString","coordinates":[[-151.866,77.749],[-154.755,76.008]]},{"type":"LineString","coordinates":[[-120.887,75.841],[-119.325,75.652]]},{"type":"LineString","coordinates":[[-118.449,75.541],[-117.437,75.407]]},{"type":"LineString","coordinates":[[-105.884,75.167],[-104.872,75.161]]},{"type":"LineString","coordinates":[[-103.603,75.153],[-100.404,75.133]]},{"type":"LineString","coordinates":[[161.825,79.994],[163.768,79.591]]},{"type":"LineString","coordinates":[[163.768,79.591],[165.652,79.157]]},{"type":"LineString","coordinates":[[165.652,79.157],[167.327,78.73]]},{"type":"LineString","coordinates":[[167.327,78.73],[169.375,78.148]]},{"type":"LineString","coordinates":[[169.375,78.148],[170.786,77.702]]},{"type":"LineString","coordinates":[[170.786,77.702],[172.518,77.098]]},{"type":"LineString","coordinates":[[172.518,77.098],[174.473,76.329]]},{"type":"LineString","coordinates":[[174.473,76.329],[175.228,75.962]]},{"type":"LineString","coordinates":[[99.411,82.036],[119.027,78.169]]},{"type":"LineString","coordinates":[[119.027,78.169],[121.44,78.048]]},{"type":"LineString","coordinates":[[121.44,78.048],[124.681,77.991]]},{"type":"LineString","coordinates":[[124.681,77.991],[127.078,78.022]]},{"type":"LineString","coordinates":[[127.078,78.022],[129.026,78.097]]},{"type":"LineString","coordinates":[[133.377,78.428],[144.536,79.968]]},{"type":"LineString","coordinates":[[88.281,82.974],[99.411,82.036]]},{"type":"LineString","coordinates":[[-7.897,81.579],[-11.451,82.311]]},{"type":"LineString","coordinates":[[-11.451,82.311],[-14.426,82.811]]},{"type":"LineString","coordinates":[[-14.426,82.811],[-17.702,83.263]]},{"type":"LineString","coordinates":[[-30.826,84.425],[-36.183,84.707]]},{"type":"LineString","coordinates":[[-36.183,84.707],[-38.594,84.809]]},{"type":"LineString","coordinates":[[-38.594,84.809],[-41.384,84.88]]},{"type":"LineString","coordinates":[[-41.384,84.88],[-44.429,84.809]]},{"type":"LineString","coordinates":[[-44.429,84.809],[-51.011,84.567]]},{"type":"LineString","coordinates":[[-51.011,84.567],[-56.349,84.297]]},{"type":"LineString","coordinates":[[-56.349,84.297],[-60.887,84.006]]},{"type":"LineString","coordinates":[[-60.887,84.006],[-73.247,83.89]]},{"type":"LineString","coordinates":[[-101.183,82.431],[-105.042,82.004]]},{"type":"LineString","coordinates":[[-105.042,82.004],[-106.816,81.778]]},{"type":"LineString","coordinates":[[-106.816,81.778],[-110.074,81.303]]},{"type":"LineString","coordinates":[[-120.143,79.149],[-121.894,78.618]]},{"type":"LineString","coordinates":[[-127.005,76.633],[-128.143,76.066]]}]}}]}