model_id,route,fraction,group_id,production,consumption,predation,mortality,egestion,respiration,harvest,accumulation,migration,group_name,external_loss,designated_discard,retained,fishery_catch,explicit_discard_return,ee,production_residual,consumption_residual,discard_return_external
28_28_Central_Atlantic_(1950),S0,0.0,39,-0.0,-0.0,0.0,0.0,0.0,0.0,0.0,0.0,0.0,diet_import,0.0,0.0,0.0,0.0,0.0,,-0.0,0.0,0.0
28_28_Central_Atlantic_(1950),S0,0.0,38,2777.8730180352595,2777.8730180352595,2718.2345000401283,0.0,0.0,0.0,0.0,59.638517995131224,0.0,Detritus,0.0,0.0,0.0,0.0,0.0,1.0,0.0,0.0,0.0
28_28_Central_Atlantic_(1950),S0,0.0,37,2964.2448555,2964.2448555,2304.4126302796485,659.8320120997337,0.0,0.0,0.0,0.0,0.0,Phytoplankton,0.0,0.0,0.0,0.0,0.0,0.777403,0.00021312061790013104,0.0,0.0
28_28_Central_Atlantic_(1950),S0,0.0,36,51.606198899999995,172.02066299999998,3.473465040262137,48.13273376183184,34.4041326,86.01033,0.0,0.0,0.0,Lg. Zoop. deep,0.0,0.0,0.0,0.0,0.0,0.06730712999999999,9.790602462089737e-08,1.499999996212864e-06,0.0
28_28_Central_Atlantic_(1950),S0,0.0,35,326.25349455,1088.1402679500002,136.65760187059252,189.59589687002213,217.62805359000004,544.2587,0.0,0.0,0.0,Sm. Zoop. deep,0.0,0.0,0.0,0.0,0.0,0.41886937599999996,-4.1906146179826465e-06,1.9810000139841577e-05,0.0
28_28_Central_Atlantic_(1950),S0,0.0,34,152.83878554999998,509.4626185,24.764043988060063,128.07474125496339,101.89252370000001,254.731323,0.0,0.0,0.0,Lg. Zoop. shlw,0.0,0.0,0.0,0.0,0.0,0.162027225,3.069765455165907e-07,-1.3749999965284587e-05,0.0
28_28_Central_Atlantic_(1950),S0,0.0,33,1141.8,3808.2000000000003,810.8210994383843,330.97876575719994,761.6400000000001,1904.76,0.0,0.0,0.0,Sm. Zoop. shlw,0.0,0.0,0.0,0.0,0.0,0.710125446,0.00013480441566571244,4.547473508864641e-13,0.0
28_28_Central_Atlantic_(1950),S0,0.0,32,415.91835,563.5749999999999,259.56446880550004,156.35385617274002,112.71499999999999,34.941597,0.0,0.0,0.0,Het. bacteria,0.0,0.0,0.0,0.0,0.0,0.6240755999999998,2.502175988183808e-05,5.2999999965663847e-05,0.0
28_28_Central_Atlantic_(1950),S0,0.0,31,0.43340000000000006,2.6398,0.041626123427598485,0.39177388030000004,0.5279600000000001,1.67843986,0.0,0.0,0.0,Megabenthos,0.0,0.0,0.0,0.0,0.0,0.0960455,-3.72759845213011e-09,1.3999999981528788e-07,0.0
28_28_Central_Atlantic_(1950),S0,0.0,30,0.369,3.6346499999999997,0.09863466851516114,0.270365328792,0.72693,2.53872,0.0,0.0,0.0,Macrobenthos,0.0,0.0,0.0,0.0,0.0,0.26730263200000004,2.6928388408009596e-09,0.0,0.0
28_28_Central_Atlantic_(1950),S0,0.0,29,2.214,22.287599999999998,0.5448121363030838,1.6691878621979999,4.45752,15.6160793,0.0,0.0,0.0,Meiobenthos,0.0,0.0,0.0,0.0,0.0,0.24607594300000002,1.4989161023493125e-09,6.99999999298484e-07,0.0
28_28_Central_Atlantic_(1950),S0,0.0,28,0.012723003955,0.02544600791,0.011450702967616381,0.0012723003954999996,0.005089201582,0.007633802,0.0,0.0,0.0,Benth. ceph.,0.0,0.0,0.0,0.0,0.0,0.9,5.918836185059284e-10,3.729999989432464e-10,0.0
28_28_Central_Atlantic_(1950),S0,0.0,27,0.5644206439999999,4.47855511,0.507978562200084,0.05644206439999998,0.8957110220000001,3.01842356,0.0,0.0,0.0,Lg Squids,0.0,0.0,0.0,0.0,0.0,0.9,1.739991595250956e-08,-1.1599999982792042e-07,0.0
28_28_Central_Atlantic_(1950),S0,0.0,26,1.9626521827999999,15.573218407,1.766386893631383,0.19626521827999993,3.1146436814000005,10.4959221,0.0,0.0,0.0,Sm Squids,0.0,0.0,0.0,0.0,0.0,0.9,7.08886169764611e-08,4.428000011102995e-07,0.0
28_28_Central_Atlantic_(1950),S0,0.0,25,0.029511966558754574,0.05365811909218538,0.028247997140988634,0.001263969107687661,0.010731623818437078,0.01341453,0.0,0.0,0.0,Lg. Bathyd. abs,0.0,0.0,0.0,0.0,0.0,0.957170963,3.100782790255163e-10,-1.2850062697938869e-09,0.0
28_28_Central_Atlantic_(1950),S0,0.0,24,0.032007212730000005,0.0581949347850468,0.03092652416753671,0.0010806897702190206,0.011638986957009361,0.014548731,0.0,0.0,0.0,Sm. Bathyd. abs,0.0,0.0,0.0,0.0,0.0,0.966236055,-1.207755728760418e-09,4.098037435437685e-09,0.0
28_28_Central_Atlantic_(1950),S0,0.0,23,0.0030136304000000004,0.00547932783219558,0.0019225564713861983,0.00102711515654528,0.001095865566439116,0.00136983185,6.39589e-05,0.0,0.0,Lg. Bathyd. slp,0.0,0.0,6.39589e-05,6.39589e-05,0.0,0.6591768,-1.2793147834491703e-10,1.5756463408317378e-11,0.0
28_28_Central_Atlantic_(1950),S0,0.0,22,0.005653607665707449,0.010279287244467,0.004260451747794523,0.0012050065457042862,0.0020558574488934002,0.00256982166,0.000188149,0.0,0.0,Sm. Bathyd. slp,0.0,0.0,0.000188149,0.000188149,0.0,0.7868606,3.7220863977754926e-10,4.69866151195375e-10,0.0
28_28_Central_Atlantic_(1950),S0,0.0,21,0.006341536224000001,0.011508713888,0.005009813921588745,0.0013317226070399999,0.0023017427776000003,0.00286543486,0.0,0.0,0.0,Lg. Bathyp. fish,0.0,0.0,0.0,0.0,0.0,0.79,-3.046287441049733e-10,2.6399998940412894e-11,0.0
28_28_Central_Atlantic_(1950),S0,0.0,20,0.013441102436,0.020515366876,0.012096991849560989,0.0013441102435999997,0.0041030733752,0.00297118956,0.0,0.0,0.0,Md. Bathyp.fish,0.0,0.0,0.0,0.0,0.0,0.9,3.428390106530177e-10,1.5047999985841332e-09,0.0
28_28_Central_Atlantic_(1950),S0,0.0,19,0.06545771003200002,0.22973138617000002,0.05891193573953475,0.0065457710032,0.04594627723400001,0.118327409,0.0,0.0,0.0,Sm. Bathyp. fish,0.0,0.0,0.0,0.0,0.0,0.9,3.2892652629401553e-09,-1.0095999994352844e-08,0.0
28_28_Central_Atlantic_(1950),S0,0.0,18,12.22519406327412,59.3828355,3.573220730157866,8.651973314709084,11.8765671,35.2810745,0.0,0.0,0.0,Sm. Meso fish,0.0,0.0,0.0,0.0,0.0,0.292283356,1.8407170898626646e-08,-1.6327412311056833e-07,0.0
28_28_Central_Atlantic_(1950),S0,0.0,17,0.0003348901755,0.0079257341535,0.00030140115666829864,3.348901755e-05,0.0015851468307,0.006005697,0.0,0.0,0.0,Lg. Meso fish,0.0,0.0,0.0,0.0,0.0,0.9,1.2817013617973105e-12,1.4729999945478633e-10,0.0
28_28_Central_Atlantic_(1950),S0,0.0,16,2.418293435320515,14.779333033030326,2.1764249584475417,0.24182934353205143,2.9558666066060653,9.405173,3.90985e-05,0.0,0.0,Sm. Epi. fish,0.0,0.0,3.90985e-05,3.90985e-05,0.0,0.9,3.4840922147338915e-08,-8.896252623458167e-09,0.0
28_28_Central_Atlantic_(1950),S0,0.0,15,0.1059599016,0.7525932498796599,0.09523928587084607,0.010595990159999997,0.150518649975932,0.496114731,0.000124629,0.0,0.0,Md. Epi. fish,0.0,0.0,0.000124629,0.000124629,0.0,0.9,-3.4308460655774198e-09,-3.2696272078691635e-08,0.0
28_28_Central_Atlantic_(1950),S0,0.0,14,0.00984495897,0.12697145868897,0.007685239049978655,0.0018705422042999994,0.025394291737794002,0.091732204,0.000289178,0.0,0.0,Lg. Epi. fish,0.0,0.0,0.000289178,0.000289178,0.0,0.81,-2.8427865443603206e-10,3.981175999978603e-09,0.0
28_28_Central_Atlantic_(1950),S0,0.0,13,0.00064010414496,0.010287388044000001,6.401041000000001e-05,0.000576093730464,0.0020574776088000003,0.00758980634,0.0,0.0,0.0,Lg. Plank. fish,0.0,0.0,0.0,0.0,0.0,0.09999999999999998,4.496000034943937e-12,-4.9759998205223255e-11,0.0
28_28_Central_Atlantic_(1950),S0,0.0,12,2.1336802558309998e-05,0.00021225354904839998,6.401041000000001e-07,2.0696698481560696e-05,4.245070980968e-05,0.000148466032,0.0,0.0,0.0,Billfishes,0.0,0.0,0.0,0.0,0.0,0.030000000000000027,-2.3250698648292698e-14,4.680409976687977e-12,0.0
28_28_Central_Atlantic_(1950),S0,0.0,11,0.00032651159999999997,0.004353488,6.401041000000001e-07,0.00032587149593018877,0.0008706976,0.00315627875,0.0,0.0,0.0,Swordfish,0.0,0.0,0.0,0.0,0.0,0.0019604328600000276,-3.0188796341229507e-14,5.000000023389073e-11,0.0
28_28_Central_Atlantic_(1950),S0,0.0,10,0.01072980688,0.46030871515199995,0.0017776866754339626,0.008952120234131998,0.09206174303039999,0.357517153,0.0,0.0,0.0,Bigeye,0.0,0.0,0.0,0.0,0.0,0.16567741300000005,-2.9565960790733925e-11,1.2241599955942206e-08,0.0
28_28_Central_Atlantic_(1950),S0,0.0,9,0.0002486316,0.0059671584,9.575327449622515e-05,0.00015287832471324,0.00119343168,0.004525095,0.0,0.0,0.0,Albacore,0.0,0.0,0.0,0.0,0.0,0.3851211,7.90534846785429e-13,1.200000003878654e-10,0.0
28_28_Central_Atlantic_(1950),S0,0.0,8,0.00804781642,0.15322104854,0.001044242037497828,0.007003574237715865,0.030644209707999998,0.114529014,0.0,0.0,0.0,Skipjack,0.0,0.0,0.0,0.0,0.0,0.12975472199999993,1.4478630620817778e-10,8.411999999347053e-09,0.0
28_28_Central_Atlantic_(1950),S0,0.0,7,2.1533975999999998e-06,3.588996e-05,6.401041000000001e-07,6.160445043768214e-07,7.177992e-06,2.655857e-05,8.97249e-07,0.0,0.0,Bluefin,0.0,0.0,8.97249e-07,8.97249e-07,0.0,0.713919759,-4.376821679337364e-15,3.999999997569316e-13,0.0
28_28_Central_Atlantic_(1950),S0,0.0,6,0.00010813669999999998,0.00239908993,6.988740116756793e-06,0.00010114795916850798,0.00047981798599999997,0.00181113509,0.0,0.0,0.0,Yellowfin,0.0,0.0,0.0,0.0,0.0,0.06462875999999995,7.147352100358301e-13,1.5400000003516767e-10,0.0
28_28_Central_Atlantic_(1950),S0,0.0,5,0.00249640599,0.06401040999999999,0.0005785155030430785,0.0018723044925,0.012802082,0.048711922,4.5586e-05,0.0,0.0,Pelagic sharks,0.0,0.0,4.5586e-05,4.5586e-05,0.0,0.25,-5.543078149261582e-12,9.999993888509806e-12,0.0
28_28_Central_Atlantic_(1950),S0,0.0,4,9.79823604992e-06,0.00919899290843,5.857542543244573e-06,3.940693277589222e-06,0.0018397985816859998,0.00734939566,0.0,0.0,0.0,Seabirds,0.0,0.0,0.0,0.0,0.0,0.59781605,2.290862049619249e-13,4.3069408022650135e-10,0.0
28_28_Central_Atlantic_(1950),S0,0.0,3,1.796872e-05,0.007911342611788,5.217438443244573e-06,1.275128168977432e-05,0.0015822685223576003,0.00631110556,0.0,0.0,0.0,Beaked whales,0.0,0.0,0.0,0.0,0.0,0.29036226900000006,-1.330188909053672e-13,-1.9056960089830488e-10,0.0
28_28_Central_Atlantic_(1950),S0,0.0,2,0.00156,0.52174383222,0.0008372185599812127,0.0007227814573199999,0.104348766444,0.415835053,0.0,0.0,0.0,Toothed whales,0.0,0.0,0.0,0.0,0.0,0.536678553,-1.730121276279084e-11,1.2775999980174646e-08,0.0
28_28_Central_Atlantic_(1950),S0,0.0,1,0.0008256798,0.1814176815802857,0.0005485316108812128,0.0002771482068003528,0.036283536316057144,0.144308478,0.0,0.0,0.0,Baleen whales,0.0,0.0,0.0,0.0,0.0,0.664339364,-1.76815656300483e-11,-1.2535771448662913e-08,0.0
28_28_Central_Atlantic_(1950),SC,0.0,39,-0.0,-0.0,0.0,0.0,0.0,0.0,0.0,0.0,0.0,diet_import,0.0,0.0,0.0,0.0,0.0,,-0.0,0.0,0.0
28_28_Central_Atlantic_(1950),SC,0.0,38,2777.8730180352595,2777.8730180352595,2718.2345000401283,0.0,0.0,0.0,0.0,59.638517995131224,0.0,Detritus,0.0,0.0,0.0,0.0,0.0,1.0,0.0,0.0,0.0
28_28_Central_Atlantic_(1950),SC,0.0,37,2964.2448555,2964.2448555,2304.4126302796485,659.8320120997337,0.0,0.0,0.0,0.0,0.0,Phytoplankton,0.0,0.0,0.0,0.0,0.0,0.777403,0.00021312061790013104,0.0,0.0
28_28_Central_Atlantic_(1950),SC,0.0,36,51.606198899999995,172.02066299999998,3.473465040262137,48.13273376183184,34.4041326,86.01033,0.0,0.0,0.0,Lg. Zoop. deep,0.0,0.0,0.0,0.0,0.0,0.06730712999999999,9.790602462089737e-08,1.499999996212864e-06,0.0
28_28_Central_Atlantic_(1950),SC,0.0,35,326.25349455,1088.1402679500002,136.65760187059252,189.59589687002213,217.62805359000004,544.2587,0.0,0.0,0.0,Sm. Zoop. deep,0.0,0.0,0.0,0.0,0.0,0.41886937599999996,-4.1906146179826465e-06,1.9810000139841577e-05,0.0
28_28_Central_Atlantic_(1950),SC,0.0,34,152.83878554999998,509.4626185,24.764043988060063,128.07474125496339,101.89252370000001,254.731323,0.0,0.0,0.0,Lg. Zoop. shlw,0.0,0.0,0.0,0.0,0.0,0.162027225,3.069765455165907e-07,-1.3749999965284587e-05,0.0
28_28_Central_Atlantic_(1950),SC,0.0,33,1141.8,3808.2000000000003,810.8210994383843,330.97876575719994,761.6400000000001,1904.76,0.0,0.0,0.0,Sm. Zoop. shlw,0.0,0.0,0.0,0.0,0.0,0.710125446,0.00013480441566571244,4.547473508864641e-13,0.0
28_28_Central_Atlantic_(1950),SC,0.0,32,415.91835,563.5749999999999,259.56446880550004,156.35385617274002,112.71499999999999,34.941597,0.0,0.0,0.0,Het. bacteria,0.0,0.0,0.0,0.0,0.0,0.6240755999999998,2.502175988183808e-05,5.2999999965663847e-05,0.0
28_28_Central_Atlantic_(1950),SC,0.0,31,0.43340000000000006,2.6398,0.041626123427598485,0.39177388030000004,0.5279600000000001,1.67843986,0.0,0.0,0.0,Megabenthos,0.0,0.0,0.0,0.0,0.0,0.0960455,-3.72759845213011e-09,1.3999999981528788e-07,0.0
28_28_Central_Atlantic_(1950),SC,0.0,30,0.369,3.6346499999999997,0.09863466851516114,0.270365328792,0.72693,2.53872,0.0,0.0,0.0,Macrobenthos,0.0,0.0,0.0,0.0,0.0,0.26730263200000004,2.6928388408009596e-09,0.0,0.0
28_28_Central_Atlantic_(1950),SC,0.0,29,2.214,22.287599999999998,0.5448121363030838,1.6691878621979999,4.45752,15.6160793,0.0,0.0,0.0,Meiobenthos,0.0,0.0,0.0,0.0,0.0,0.24607594300000002,1.4989161023493125e-09,6.99999999298484e-07,0.0
28_28_Central_Atlantic_(1950),SC,0.0,28,0.012723003955,0.02544600791,0.011450702967616381,0.0012723003954999996,0.005089201582,0.007633802,0.0,0.0,0.0,Benth. ceph.,0.0,0.0,0.0,0.0,0.0,0.9,5.918836185059284e-10,3.729999989432464e-10,0.0
28_28_Central_Atlantic_(1950),SC,0.0,27,0.5644206439999999,4.47855511,0.507978562200084,0.05644206439999998,0.8957110220000001,3.01842356,0.0,0.0,0.0,Lg Squids,0.0,0.0,0.0,0.0,0.0,0.9,1.739991595250956e-08,-1.1599999982792042e-07,0.0
28_28_Central_Atlantic_(1950),SC,0.0,26,1.9626521827999999,15.573218407,1.766386893631383,0.19626521827999993,3.1146436814000005,10.4959221,0.0,0.0,0.0,Sm Squids,0.0,0.0,0.0,0.0,0.0,0.9,7.08886169764611e-08,4.428000011102995e-07,0.0
28_28_Central_Atlantic_(1950),SC,0.0,25,0.029511966558754574,0.05365811909218538,0.028247997140988634,0.001263969107687661,0.010731623818437078,0.01341453,0.0,0.0,0.0,Lg. Bathyd. abs,0.0,0.0,0.0,0.0,0.0,0.957170963,3.100782790255163e-10,-1.2850062697938869e-09,0.0
28_28_Central_Atlantic_(1950),SC,0.0,24,0.032007212730000005,0.0581949347850468,0.03092652416753671,0.0010806897702190206,0.011638986957009361,0.014548731,0.0,0.0,0.0,Sm. Bathyd. abs,0.0,0.0,0.0,0.0,0.0,0.966236055,-1.207755728760418e-09,4.098037435437685e-09,0.0
28_28_Central_Atlantic_(1950),SC,0.0,23,0.0030136304000000004,0.00547932783219558,0.0019225564713861983,0.00102711515654528,0.001095865566439116,0.00136983185,6.39589e-05,0.0,0.0,Lg. Bathyd. slp,0.0,0.0,6.39589e-05,6.39589e-05,0.0,0.6591768,-1.2793147834491703e-10,1.5756463408317378e-11,0.0
28_28_Central_Atlantic_(1950),SC,0.0,22,0.005653607665707449,0.010279287244467,0.004260451747794523,0.0012050065457042862,0.0020558574488934002,0.00256982166,0.000188149,0.0,0.0,Sm. Bathyd. slp,0.0,0.0,0.000188149,0.000188149,0.0,0.7868606,3.7220863977754926e-10,4.69866151195375e-10,0.0
28_28_Central_Atlantic_(1950),SC,0.0,21,0.006341536224000001,0.011508713888,0.005009813921588745,0.0013317226070399999,0.0023017427776000003,0.00286543486,0.0,0.0,0.0,Lg. Bathyp. fish,0.0,0.0,0.0,0.0,0.0,0.79,-3.046287441049733e-10,2.6399998940412894e-11,0.0
28_28_Central_Atlantic_(1950),SC,0.0,20,0.013441102436,0.020515366876,0.012096991849560989,0.0013441102435999997,0.0041030733752,0.00297118956,0.0,0.0,0.0,Md. Bathyp.fish,0.0,0.0,0.0,0.0,0.0,0.9,3.428390106530177e-10,1.5047999985841332e-09,0.0
28_28_Central_Atlantic_(1950),SC,0.0,19,0.06545771003200002,0.22973138617000002,0.05891193573953475,0.0065457710032,0.04594627723400001,0.118327409,0.0,0.0,0.0,Sm. Bathyp. fish,0.0,0.0,0.0,0.0,0.0,0.9,3.2892652629401553e-09,-1.0095999994352844e-08,0.0
28_28_Central_Atlantic_(1950),SC,0.0,18,12.22519406327412,59.3828355,3.573220730157866,8.651973314709084,11.8765671,35.2810745,0.0,0.0,0.0,Sm. Meso fish,0.0,0.0,0.0,0.0,0.0,0.292283356,1.8407170898626646e-08,-1.6327412311056833e-07,0.0
28_28_Central_Atlantic_(1950),SC,0.0,17,0.0003348901755,0.0079257341535,0.00030140115666829864,3.348901755e-05,0.0015851468307,0.006005697,0.0,0.0,0.0,Lg. Meso fish,0.0,0.0,0.0,0.0,0.0,0.9,1.2817013617973105e-12,1.4729999945478633e-10,0.0
28_28_Central_Atlantic_(1950),SC,0.0,16,2.418293435320515,14.779333033030326,2.1764249584475417,0.24182934353205143,2.9558666066060653,9.405173,3.90985e-05,0.0,0.0,Sm. Epi. fish,0.0,0.0,3.90985e-05,3.90985e-05,0.0,0.9,3.4840922147338915e-08,-8.896252623458167e-09,0.0
28_28_Central_Atlantic_(1950),SC,0.0,15,0.1059599016,0.7525932498796599,0.09523928587084607,0.010595990159999997,0.150518649975932,0.496114731,0.000124629,0.0,0.0,Md. Epi. fish,0.0,0.0,0.000124629,0.000124629,0.0,0.9,-3.4308460655774198e-09,-3.2696272078691635e-08,0.0
28_28_Central_Atlantic_(1950),SC,0.0,14,0.00984495897,0.12697145868897,0.007685239049978655,0.0018705422042999994,0.025394291737794002,0.091732204,0.000289178,0.0,0.0,Lg. Epi. fish,0.0,0.0,0.000289178,0.000289178,0.0,0.81,-2.8427865443603206e-10,3.981175999978603e-09,0.0
28_28_Central_Atlantic_(1950),SC,0.0,13,0.00064010414496,0.010287388044000001,6.401041000000001e-05,0.000576093730464,0.0020574776088000003,0.00758980634,0.0,0.0,0.0,Lg. Plank. fish,0.0,0.0,0.0,0.0,0.0,0.09999999999999998,4.496000034943937e-12,-4.9759998205223255e-11,0.0
28_28_Central_Atlantic_(1950),SC,0.0,12,2.1336802558309998e-05,0.00021225354904839998,6.401041000000001e-07,2.0696698481560696e-05,4.245070980968e-05,0.000148466032,0.0,0.0,0.0,Billfishes,0.0,0.0,0.0,0.0,0.0,0.030000000000000027,-2.3250698648292698e-14,4.680409976687977e-12,0.0
28_28_Central_Atlantic_(1950),SC,0.0,11,0.00032651159999999997,0.004353488,6.401041000000001e-07,0.00032587149593018877,0.0008706976,0.00315627875,0.0,0.0,0.0,Swordfish,0.0,0.0,0.0,0.0,0.0,0.0019604328600000276,-3.0188796341229507e-14,5.000000023389073e-11,0.0
28_28_Central_Atlantic_(1950),SC,0.0,10,0.01072980688,0.46030871515199995,0.0017776866754339626,0.008952120234131998,0.09206174303039999,0.357517153,0.0,0.0,0.0,Bigeye,0.0,0.0,0.0,0.0,0.0,0.16567741300000005,-2.9565960790733925e-11,1.2241599955942206e-08,0.0
28_28_Central_Atlantic_(1950),SC,0.0,9,0.0002486316,0.0059671584,9.575327449622515e-05,0.00015287832471324,0.00119343168,0.004525095,0.0,0.0,0.0,Albacore,0.0,0.0,0.0,0.0,0.0,0.3851211,7.90534846785429e-13,1.200000003878654e-10,0.0
28_28_Central_Atlantic_(1950),SC,0.0,8,0.00804781642,0.15322104854,0.001044242037497828,0.007003574237715865,0.030644209707999998,0.114529014,0.0,0.0,0.0,Skipjack,0.0,0.0,0.0,0.0,0.0,0.12975472199999993,1.4478630620817778e-10,8.411999999347053e-09,0.0
28_28_Central_Atlantic_(1950),SC,0.0,7,2.1533975999999998e-06,3.588996e-05,6.401041000000001e-07,6.160445043768214e-07,7.177992e-06,2.655857e-05,8.97249e-07,0.0,0.0,Bluefin,0.0,0.0,8.97249e-07,8.97249e-07,0.0,0.713919759,-4.376821679337364e-15,3.999999997569316e-13,0.0
28_28_Central_Atlantic_(1950),SC,0.0,6,0.00010813669999999998,0.00239908993,6.988740116756793e-06,0.00010114795916850798,0.00047981798599999997,0.00181113509,0.0,0.0,0.0,Yellowfin,0.0,0.0,0.0,0.0,0.0,0.06462875999999995,7.147352100358301e-13,1.5400000003516767e-10,0.0
28_28_Central_Atlantic_(1950),SC,0.0,5,0.00249640599,0.06401040999999999,0.0005785155030430785,0.0018723044925,0.012802082,0.048711922,4.5586e-05,0.0,0.0,Pelagic sharks,0.0,0.0,4.5586e-05,4.5586e-05,0.0,0.25,-5.543078149261582e-12,9.999993888509806e-12,0.0
28_28_Central_Atlantic_(1950),SC,0.0,4,9.79823604992e-06,0.00919899290843,5.857542543244573e-06,3.940693277589222e-06,0.0018397985816859998,0.00734939566,0.0,0.0,0.0,Seabirds,0.0,0.0,0.0,0.0,0.0,0.59781605,2.290862049619249e-13,4.3069408022650135e-10,0.0
28_28_Central_Atlantic_(1950),SC,0.0,3,1.796872e-05,0.007911342611788,5.217438443244573e-06,1.275128168977432e-05,0.0015822685223576003,0.00631110556,0.0,0.0,0.0,Beaked whales,0.0,0.0,0.0,0.0,0.0,0.29036226900000006,-1.330188909053672e-13,-1.9056960089830488e-10,0.0
28_28_Central_Atlantic_(1950),SC,0.0,2,0.00156,0.52174383222,0.0008372185599812127,0.0007227814573199999,0.104348766444,0.415835053,0.0,0.0,0.0,Toothed whales,0.0,0.0,0.0,0.0,0.0,0.536678553,-1.730121276279084e-11,1.2775999980174646e-08,0.0
28_28_Central_Atlantic_(1950),SC,0.0,1,0.0008256798,0.1814176815802857,0.0005485316108812128,0.0002771482068003528,0.036283536316057144,0.144308478,0.0,0.0,0.0,Baleen whales,0.0,0.0,0.0,0.0,0.0,0.664339364,-1.76815656300483e-11,-1.2535771448662913e-08,0.0
28_28_Central_Atlantic_(1950),SM,0.0,39,-0.0,-0.0,0.0,0.0,0.0,0.0,0.0,0.0,0.0,diet_import,0.0,0.0,0.0,0.0,0.0,,-0.0,0.0,0.0
28_28_Central_Atlantic_(1950),SM,0.0,38,2777.8730180352595,2777.8730180352595,2718.2345000401283,0.0,0.0,0.0,0.0,59.638517995131224,0.0,Detritus,0.0,0.0,0.0,0.0,0.0,1.0,0.0,0.0,0.0
28_28_Central_Atlantic_(1950),SM,0.0,37,2964.2448555,2964.2448555,2304.4126302796485,659.8320120997337,0.0,0.0,0.0,0.0,0.0,Phytoplankton,0.0,0.0,0.0,0.0,0.0,0.777403,0.00021312061790013104,0.0,0.0
28_28_Central_Atlantic_(1950),SM,0.0,36,51.606198899999995,172.02066299999998,3.473465040262137,48.13273376183184,34.4041326,86.01033,0.0,0.0,0.0,Lg. Zoop. deep,0.0,0.0,0.0,0.0,0.0,0.06730712999999999,9.790602462089737e-08,1.499999996212864e-06,0.0
28_28_Central_Atlantic_(1950),SM,0.0,35,326.25349455,1088.1402679500002,136.65760187059252,189.59589687002213,217.62805359000004,544.2587,0.0,0.0,0.0,Sm. Zoop. deep,0.0,0.0,0.0,0.0,0.0,0.41886937599999996,-4.1906146179826465e-06,1.9810000139841577e-05,0.0
28_28_Central_Atlantic_(1950),SM,0.0,34,152.83878554999998,509.4626185,24.764043988060063,128.07474125496339,101.89252370000001,254.731323,0.0,0.0,0.0,Lg. Zoop. shlw,0.0,0.0,0.0,0.0,0.0,0.162027225,3.069765455165907e-07,-1.3749999965284587e-05,0.0
28_28_Central_Atlantic_(1950),SM,0.0,33,1141.8,3808.2000000000003,810.8210994383843,330.97876575719994,761.6400000000001,1904.76,0.0,0.0,0.0,Sm. Zoop. shlw,0.0,0.0,0.0,0.0,0.0,0.710125446,0.00013480441566571244,4.547473508864641e-13,0.0
28_28_Central_Atlantic_(1950),SM,0.0,32,415.91835,563.5749999999999,259.56446880550004,156.35385617274002,112.71499999999999,34.941597,0.0,0.0,0.0,Het. bacteria,0.0,0.0,0.0,0.0,0.0,0.6240755999999998,2.502175988183808e-05,5.2999999965663847e-05,0.0
28_28_Central_Atlantic_(1950),SM,0.0,31,0.43340000000000006,2.6398,0.041626123427598485,0.39177388030000004,0.5279600000000001,1.67843986,0.0,0.0,0.0,Megabenthos,0.0,0.0,0.0,0.0,0.0,0.0960455,-3.72759845213011e-09,1.3999999981528788e-07,0.0
28_28_Central_Atlantic_(1950),SM,0.0,30,0.369,3.6346499999999997,0.09863466851516114,0.270365328792,0.72693,2.53872,0.0,0.0,0.0,Macrobenthos,0.0,0.0,0.0,0.0,0.0,0.26730263200000004,2.6928388408009596e-09,0.0,0.0
28_28_Central_Atlantic_(1950),SM,0.0,29,2.214,22.287599999999998,0.5448121363030838,1.6691878621979999,4.45752,15.6160793,0.0,0.0,0.0,Meiobenthos,0.0,0.0,0.0,0.0,0.0,0.24607594300000002,1.4989161023493125e-09,6.99999999298484e-07,0.0
28_28_Central_Atlantic_(1950),SM,0.0,28,0.012723003955,0.02544600791,0.011450702967616381,0.0012723003954999996,0.005089201582,0.007633802,0.0,0.0,0.0,Benth. ceph.,0.0,0.0,0.0,0.0,0.0,0.9,5.918836185059284e-10,3.729999989432464e-10,0.0
28_28_Central_Atlantic_(1950),SM,0.0,27,0.5644206439999999,4.47855511,0.507978562200084,0.05644206439999998,0.8957110220000001,3.01842356,0.0,0.0,0.0,Lg Squids,0.0,0.0,0.0,0.0,0.0,0.9,1.739991595250956e-08,-1.1599999982792042e-07,0.0
28_28_Central_Atlantic_(1950),SM,0.0,26,1.9626521827999999,15.573218407,1.766386893631383,0.19626521827999993,3.1146436814000005,10.4959221,0.0,0.0,0.0,Sm Squids,0.0,0.0,0.0,0.0,0.0,0.9,7.08886169764611e-08,4.428000011102995e-07,0.0
28_28_Central_Atlantic_(1950),SM,0.0,25,0.029511966558754574,0.05365811909218538,0.028247997140988634,0.001263969107687661,0.010731623818437078,0.01341453,0.0,0.0,0.0,Lg. Bathyd. abs,0.0,0.0,0.0,0.0,0.0,0.957170963,3.100782790255163e-10,-1.2850062697938869e-09,0.0
28_28_Central_Atlantic_(1950),SM,0.0,24,0.032007212730000005,0.0581949347850468,0.03092652416753671,0.0010806897702190206,0.011638986957009361,0.014548731,0.0,0.0,0.0,Sm. Bathyd. abs,0.0,0.0,0.0,0.0,0.0,0.966236055,-1.207755728760418e-09,4.098037435437685e-09,0.0
28_28_Central_Atlantic_(1950),SM,0.0,23,0.0030136304000000004,0.00547932783219558,0.0019225564713861983,0.00102711515654528,0.001095865566439116,0.00136983185,6.39589e-05,0.0,0.0,Lg. Bathyd. slp,0.0,0.0,6.39589e-05,6.39589e-05,0.0,0.6591768,-1.2793147834491703e-10,1.5756463408317378e-11,0.0
28_28_Central_Atlantic_(1950),SM,0.0,22,0.005653607665707449,0.010279287244467,0.004260451747794523,0.0012050065457042862,0.0020558574488934002,0.00256982166,0.000188149,0.0,0.0,Sm. Bathyd. slp,0.0,0.0,0.000188149,0.000188149,0.0,0.7868606,3.7220863977754926e-10,4.69866151195375e-10,0.0
28_28_Central_Atlantic_(1950),SM,0.0,21,0.006341536224000001,0.011508713888,0.005009813921588745,0.0013317226070399999,0.0023017427776000003,0.00286543486,0.0,0.0,0.0,Lg. Bathyp. fish,0.0,0.0,0.0,0.0,0.0,0.79,-3.046287441049733e-10,2.6399998940412894e-11,0.0
28_28_Central_Atlantic_(1950),SM,0.0,20,0.013441102436,0.020515366876,0.012096991849560989,0.0013441102435999997,0.0041030733752,0.00297118956,0.0,0.0,0.0,Md. Bathyp.fish,0.0,0.0,0.0,0.0,0.0,0.9,3.428390106530177e-10,1.5047999985841332e-09,0.0
28_28_Central_Atlantic_(1950),SM,0.0,19,0.06545771003200002,0.22973138617000002,0.05891193573953475,0.0065457710032,0.04594627723400001,0.118327409,0.0,0.0,0.0,Sm. Bathyp. fish,0.0,0.0,0.0,0.0,0.0,0.9,3.2892652629401553e-09,-1.0095999994352844e-08,0.0
28_28_Central_Atlantic_(1950),SM,0.0,18,12.22519406327412,59.3828355,3.573220730157866,8.651973314709084,11.8765671,35.2810745,0.0,0.0,0.0,Sm. Meso fish,0.0,0.0,0.0,0.0,0.0,0.292283356,1.8407170898626646e-08,-1.6327412311056833e-07,0.0
28_28_Central_Atlantic_(1950),SM,0.0,17,0.0003348901755,0.0079257341535,0.00030140115666829864,3.348901755e-05,0.0015851468307,0.006005697,0.0,0.0,0.0,Lg. Meso fish,0.0,0.0,0.0,0.0,0.0,0.9,1.2817013617973105e-12,1.4729999945478633e-10,0.0
28_28_Central_Atlantic_(1950),SM,0.0,16,2.418293435320515,14.779333033030326,2.1764249584475417,0.24182934353205143,2.9558666066060653,9.405173,3.90985e-05,0.0,0.0,Sm. Epi. fish,0.0,0.0,3.90985e-05,3.90985e-05,0.0,0.9,3.4840922147338915e-08,-8.896252623458167e-09,0.0
28_28_Central_Atlantic_(1950),SM,0.0,15,0.1059599016,0.7525932498796599,0.09523928587084607,0.010595990159999997,0.150518649975932,0.496114731,0.000124629,0.0,0.0,Md. Epi. fish,0.0,0.0,0.000124629,0.000124629,0.0,0.9,-3.4308460655774198e-09,-3.2696272078691635e-08,0.0
28_28_Central_Atlantic_(1950),SM,0.0,14,0.00984495897,0.12697145868897,0.007685239049978655,0.0018705422042999994,0.025394291737794002,0.091732204,0.000289178,0.0,0.0,Lg. Epi. fish,0.0,0.0,0.000289178,0.000289178,0.0,0.81,-2.8427865443603206e-10,3.981175999978603e-09,0.0
28_28_Central_Atlantic_(1950),SM,0.0,13,0.00064010414496,0.010287388044000001,6.401041000000001e-05,0.000576093730464,0.0020574776088000003,0.00758980634,0.0,0.0,0.0,Lg. Plank. fish,0.0,0.0,0.0,0.0,0.0,0.09999999999999998,4.496000034943937e-12,-4.9759998205223255e-11,0.0
28_28_Central_Atlantic_(1950),SM,0.0,12,2.1336802558309998e-05,0.00021225354904839998,6.401041000000001e-07,2.0696698481560696e-05,4.245070980968e-05,0.000148466032,0.0,0.0,0.0,Billfishes,0.0,0.0,0.0,0.0,0.0,0.030000000000000027,-2.3250698648292698e-14,4.680409976687977e-12,0.0
28_28_Central_Atlantic_(1950),SM,0.0,11,0.00032651159999999997,0.004353488,6.401041000000001e-07,0.00032587149593018877,0.0008706976,0.00315627875,0.0,0.0,0.0,Swordfish,0.0,0.0,0.0,0.0,0.0,0.0019604328600000276,-3.0188796341229507e-14,5.000000023389073e-11,0.0
28_28_Central_Atlantic_(1950),SM,0.0,10,0.01072980688,0.46030871515199995,0.0017776866754339626,0.008952120234131998,0.09206174303039999,0.357517153,0.0,0.0,0.0,Bigeye,0.0,0.0,0.0,0.0,0.0,0.16567741300000005,-2.9565960790733925e-11,1.2241599955942206e-08,0.0
28_28_Central_Atlantic_(1950),SM,0.0,9,0.0002486316,0.0059671584,9.575327449622515e-05,0.00015287832471324,0.00119343168,0.004525095,0.0,0.0,0.0,Albacore,0.0,0.0,0.0,0.0,0.0,0.3851211,7.90534846785429e-13,1.200000003878654e-10,0.0
28_28_Central_Atlantic_(1950),SM,0.0,8,0.00804781642,0.15322104854,0.001044242037497828,0.007003574237715865,0.030644209707999998,0.114529014,0.0,0.0,0.0,Skipjack,0.0,0.0,0.0,0.0,0.0,0.12975472199999993,1.4478630620817778e-10,8.411999999347053e-09,0.0
28_28_Central_Atlantic_(1950),SM,0.0,7,2.1533975999999998e-06,3.588996e-05,6.401041000000001e-07,6.160445043768214e-07,7.177992e-06,2.655857e-05,8.97249e-07,0.0,0.0,Bluefin,0.0,0.0,8.97249e-07,8.97249e-07,0.0,0.713919759,-4.376821679337364e-15,3.999999997569316e-13,0.0
28_28_Central_Atlantic_(1950),SM,0.0,6,0.00010813669999999998,0.00239908993,6.988740116756793e-06,0.00010114795916850798,0.00047981798599999997,0.00181113509,0.0,0.0,0.0,Yellowfin,0.0,0.0,0.0,0.0,0.0,0.06462875999999995,7.147352100358301e-13,1.5400000003516767e-10,0.0
28_28_Central_Atlantic_(1950),SM,0.0,5,0.00249640599,0.06401040999999999,0.0005785155030430785,0.0018723044925,0.012802082,0.048711922,4.5586e-05,0.0,0.0,Pelagic sharks,0.0,0.0,4.5586e-05,4.5586e-05,0.0,0.25,-5.543078149261582e-12,9.999993888509806e-12,0.0
28_28_Central_Atlantic_(1950),SM,0.0,4,9.79823604992e-06,0.00919899290843,5.857542543244573e-06,3.940693277589222e-06,0.0018397985816859998,0.00734939566,0.0,0.0,0.0,Seabirds,0.0,0.0,0.0,0.0,0.0,0.59781605,2.290862049619249e-13,4.3069408022650135e-10,0.0
28_28_Central_Atlantic_(1950),SM,0.0,3,1.796872e-05,0.007911342611788,5.217438443244573e-06,1.275128168977432e-05,0.0015822685223576003,0.00631110556,0.0,0.0,0.0,Beaked whales,0.0,0.0,0.0,0.0,0.0,0.29036226900000006,-1.330188909053672e-13,-1.9056960089830488e-10,0.0
28_28_Central_Atlantic_(1950),SM,0.0,2,0.00156,0.52174383222,0.0008372185599812127,0.0007227814573199999,0.104348766444,0.415835053,0.0,0.0,0.0,Toothed whales,0.0,0.0,0.0,0.0,0.0,0.536678553,-1.730121276279084e-11,1.2775999980174646e-08,0.0
28_28_Central_Atlantic_(1950),SM,0.0,1,0.0008256798,0.1814176815802857,0.0005485316108812128,0.0002771482068003528,0.036283536316057144,0.144308478,0.0,0.0,0.0,Baleen whales,0.0,0.0,0.0,0.0,0.0,0.664339364,-1.76815656300483e-11,-1.2535771448662913e-08,0.0
28_28_Central_Atlantic_(1950),SE,0.0,39,-0.0,-0.0,0.0,0.0,0.0,0.0,0.0,0.0,0.0,diet_import,0.0,0.0,0.0,0.0,0.0,,-0.0,0.0,0.0
28_28_Central_Atlantic_(1950),SE,0.0,38,2777.8730180352595,2777.8730180352595,2718.2345000401283,0.0,0.0,0.0,0.0,59.638517995131224,0.0,Detritus,0.0,0.0,0.0,0.0,0.0,1.0,0.0,0.0,0.0
28_28_Central_Atlantic_(1950),SE,0.0,37,2964.2448555,2964.2448555,2304.4126302796485,659.8320120997337,0.0,0.0,0.0,0.0,0.0,Phytoplankton,0.0,0.0,0.0,0.0,0.0,0.777403,0.00021312061790013104,0.0,0.0
28_28_Central_Atlantic_(1950),SE,0.0,36,51.606198899999995,172.02066299999998,3.473465040262137,48.13273376183184,34.4041326,86.01033,0.0,0.0,0.0,Lg. Zoop. deep,0.0,0.0,0.0,0.0,0.0,0.06730712999999999,9.790602462089737e-08,1.499999996212864e-06,0.0
28_28_Central_Atlantic_(1950),SE,0.0,35,326.25349455,1088.1402679500002,136.65760187059252,189.59589687002213,217.62805359000004,544.2587,0.0,0.0,0.0,Sm. Zoop. deep,0.0,0.0,0.0,0.0,0.0,0.41886937599999996,-4.1906146179826465e-06,1.9810000139841577e-05,0.0
28_28_Central_Atlantic_(1950),SE,0.0,34,152.83878554999998,509.4626185,24.764043988060063,128.07474125496339,101.89252370000001,254.731323,0.0,0.0,0.0,Lg. Zoop. shlw,0.0,0.0,0.0,0.0,0.0,0.162027225,3.069765455165907e-07,-1.3749999965284587e-05,0.0
28_28_Central_Atlantic_(1950),SE,0.0,33,1141.8,3808.2000000000003,810.8210994383843,330.97876575719994,761.6400000000001,1904.76,0.0,0.0,0.0,Sm. Zoop. shlw,0.0,0.0,0.0,0.0,0.0,0.710125446,0.00013480441566571244,4.547473508864641e-13,0.0
28_28_Central_Atlantic_(1950),SE,0.0,32,415.91835,563.5749999999999,259.56446880550004,156.35385617274002,112.71499999999999,34.941597,0.0,0.0,0.0,Het. bacteria,0.0,0.0,0.0,0.0,0.0,0.6240755999999998,2.502175988183808e-05,5.2999999965663847e-05,0.0
28_28_Central_Atlantic_(1950),SE,0.0,31,0.43340000000000006,2.6398,0.041626123427598485,0.39177388030000004,0.5279600000000001,1.67843986,0.0,0.0,0.0,Megabenthos,0.0,0.0,0.0,0.0,0.0,0.0960455,-3.72759845213011e-09,1.3999999981528788e-07,0.0
28_28_Central_Atlantic_(1950),SE,0.0,30,0.369,3.6346499999999997,0.09863466851516114,0.270365328792,0.72693,2.53872,0.0,0.0,0.0,Macrobenthos,0.0,0.0,0.0,0.0,0.0,0.26730263200000004,2.6928388408009596e-09,0.0,0.0
28_28_Central_Atlantic_(1950),SE,0.0,29,2.214,22.287599999999998,0.5448121363030838,1.6691878621979999,4.45752,15.6160793,0.0,0.0,0.0,Meiobenthos,0.0,0.0,0.0,0.0,0.0,0.24607594300000002,1.4989161023493125e-09,6.99999999298484e-07,0.0
28_28_Central_Atlantic_(1950),SE,0.0,28,0.012723003955,0.02544600791,0.011450702967616381,0.0012723003954999996,0.005089201582,0.007633802,0.0,0.0,0.0,Benth. ceph.,0.0,0.0,0.0,0.0,0.0,0.9,5.918836185059284e-10,3.729999989432464e-10,0.0
28_28_Central_Atlantic_(1950),SE,0.0,27,0.5644206439999999,4.47855511,0.507978562200084,0.05644206439999998,0.8957110220000001,3.01842356,0.0,0.0,0.0,Lg Squids,0.0,0.0,0.0,0.0,0.0,0.9,1.739991595250956e-08,-1.1599999982792042e-07,0.0
28_28_Central_Atlantic_(1950),SE,0.0,26,1.9626521827999999,15.573218407,1.766386893631383,0.19626521827999993,3.1146436814000005,10.4959221,0.0,0.0,0.0,Sm Squids,0.0,0.0,0.0,0.0,0.0,0.9,7.08886169764611e-08,4.428000011102995e-07,0.0
28_28_Central_Atlantic_(1950),SE,0.0,25,0.029511966558754574,0.05365811909218538,0.028247997140988634,0.001263969107687661,0.010731623818437078,0.01341453,0.0,0.0,0.0,Lg. Bathyd. abs,0.0,0.0,0.0,0.0,0.0,0.957170963,3.100782790255163e-10,-1.2850062697938869e-09,0.0
28_28_Central_Atlantic_(1950),SE,0.0,24,0.032007212730000005,0.0581949347850468,0.03092652416753671,0.0010806897702190206,0.011638986957009361,0.014548731,0.0,0.0,0.0,Sm. Bathyd. abs,0.0,0.0,0.0,0.0,0.0,0.966236055,-1.207755728760418e-09,4.098037435437685e-09,0.0
28_28_Central_Atlantic_(1950),SE,0.0,23,0.0030136304000000004,0.00547932783219558,0.0019225564713861983,0.00102711515654528,0.001095865566439116,0.00136983185,6.39589e-05,0.0,0.0,Lg. Bathyd. slp,0.0,0.0,6.39589e-05,6.39589e-05,0.0,0.6591768,-1.2793147834491703e-10,1.5756463408317378e-11,0.0
28_28_Central_Atlantic_(1950),SE,0.0,22,0.005653607665707449,0.010279287244467,0.004260451747794523,0.0012050065457042862,0.0020558574488934002,0.00256982166,0.000188149,0.0,0.0,Sm. Bathyd. slp,0.0,0.0,0.000188149,0.000188149,0.0,0.7868606,3.7220863977754926e-10,4.69866151195375e-10,0.0
28_28_Central_Atlantic_(1950),SE,0.0,21,0.006341536224000001,0.011508713888,0.005009813921588745,0.0013317226070399999,0.0023017427776000003,0.00286543486,0.0,0.0,0.0,Lg. Bathyp. fish,0.0,0.0,0.0,0.0,0.0,0.79,-3.046287441049733e-10,2.6399998940412894e-11,0.0
28_28_Central_Atlantic_(1950),SE,0.0,20,0.013441102436,0.020515366876,0.012096991849560989,0.0013441102435999997,0.0041030733752,0.00297118956,0.0,0.0,0.0,Md. Bathyp.fish,0.0,0.0,0.0,0.0,0.0,0.9,3.428390106530177e-10,1.5047999985841332e-09,0.0
28_28_Central_Atlantic_(1950),SE,0.0,19,0.06545771003200002,0.22973138617000002,0.05891193573953475,0.0065457710032,0.04594627723400001,0.118327409,0.0,0.0,0.0,Sm. Bathyp. fish,0.0,0.0,0.0,0.0,0.0,0.9,3.2892652629401553e-09,-1.0095999994352844e-08,0.0
28_28_Central_Atlantic_(1950),SE,0.0,18,12.22519406327412,59.3828355,3.573220730157866,8.651973314709084,11.8765671,35.2810745,0.0,0.0,0.0,Sm. Meso fish,0.0,0.0,0.0,0.0,0.0,0.292283356,1.8407170898626646e-08,-1.6327412311056833e-07,0.0
28_28_Central_Atlantic_(1950),SE,0.0,17,0.0003348901755,0.0079257341535,0.00030140115666829864,3.348901755e-05,0.0015851468307,0.006005697,0.0,0.0,0.0,Lg. Meso fish,0.0,0.0,0.0,0.0,0.0,0.9,1.2817013617973105e-12,1.4729999945478633e-10,0.0
28_28_Central_Atlantic_(1950),SE,0.0,16,2.418293435320515,14.779333033030326,2.1764249584475417,0.24182934353205143,2.9558666066060653,9.405173,3.90985e-05,0.0,0.0,Sm. Epi. fish,0.0,0.0,3.90985e-05,3.90985e-05,0.0,0.9,3.4840922147338915e-08,-8.896252623458167e-09,0.0
28_28_Central_Atlantic_(1950),SE,0.0,15,0.1059599016,0.7525932498796599,0.09523928587084607,0.010595990159999997,0.150518649975932,0.496114731,0.000124629,0.0,0.0,Md. Epi. fish,0.0,0.0,0.000124629,0.000124629,0.0,0.9,-3.4308460655774198e-09,-3.2696272078691635e-08,0.0
28_28_Central_Atlantic_(1950),SE,0.0,14,0.00984495897,0.12697145868897,0.007685239049978655,0.0018705422042999994,0.025394291737794002,0.091732204,0.000289178,0.0,0.0,Lg. Epi. fish,0.0,0.0,0.000289178,0.000289178,0.0,0.81,-2.8427865443603206e-10,3.981175999978603e-09,0.0
28_28_Central_Atlantic_(1950),SE,0.0,13,0.00064010414496,0.010287388044000001,6.401041000000001e-05,0.000576093730464,0.0020574776088000003,0.00758980634,0.0,0.0,0.0,Lg. Plank. fish,0.0,0.0,0.0,0.0,0.0,0.09999999999999998,4.496000034943937e-12,-4.9759998205223255e-11,0.0
28_28_Central_Atlantic_(1950),SE,0.0,12,2.1336802558309998e-05,0.00021225354904839998,6.401041000000001e-07,2.0696698481560696e-05,4.245070980968e-05,0.000148466032,0.0,0.0,0.0,Billfishes,0.0,0.0,0.0,0.0,0.0,0.030000000000000027,-2.3250698648292698e-14,4.680409976687977e-12,0.0
28_28_Central_Atlantic_(1950),SE,0.0,11,0.00032651159999999997,0.004353488,6.401041000000001e-07,0.00032587149593018877,0.0008706976,0.00315627875,0.0,0.0,0.0,Swordfish,0.0,0.0,0.0,0.0,0.0,0.0019604328600000276,-3.0188796341229507e-14,5.000000023389073e-11,0.0
28_28_Central_Atlantic_(1950),SE,0.0,10,0.01072980688,0.46030871515199995,0.0017776866754339626,0.008952120234131998,0.09206174303039999,0.357517153,0.0,0.0,0.0,Bigeye,0.0,0.0,0.0,0.0,0.0,0.16567741300000005,-2.9565960790733925e-11,1.2241599955942206e-08,0.0
28_28_Central_Atlantic_(1950),SE,0.0,9,0.0002486316,0.0059671584,9.575327449622515e-05,0.00015287832471324,0.00119343168,0.004525095,0.0,0.0,0.0,Albacore,0.0,0.0,0.0,0.0,0.0,0.3851211,7.90534846785429e-13,1.200000003878654e-10,0.0
28_28_Central_Atlantic_(1950),SE,0.0,8,0.00804781642,0.15322104854,0.001044242037497828,0.007003574237715865,0.030644209707999998,0.114529014,0.0,0.0,0.0,Skipjack,0.0,0.0,0.0,0.0,0.0,0.12975472199999993,1.4478630620817778e-10,8.411999999347053e-09,0.0
28_28_Central_Atlantic_(1950),SE,0.0,7,2.1533975999999998e-06,3.588996e-05,6.401041000000001e-07,6.160445043768214e-07,7.177992e-06,2.655857e-05,8.97249e-07,0.0,0.0,Bluefin,0.0,0.0,8.97249e-07,8.97249e-07,0.0,0.713919759,-4.376821679337364e-15,3.999999997569316e-13,0.0
28_28_Central_Atlantic_(1950),SE,0.0,6,0.00010813669999999998,0.00239908993,6.988740116756793e-06,0.00010114795916850798,0.00047981798599999997,0.00181113509,0.0,0.0,0.0,Yellowfin,0.0,0.0,0.0,0.0,0.0,0.06462875999999995,7.147352100358301e-13,1.5400000003516767e-10,0.0
28_28_Central_Atlantic_(1950),SE,0.0,5,0.00249640599,0.06401040999999999,0.0005785155030430785,0.0018723044925,0.012802082,0.048711922,4.5586e-05,0.0,0.0,Pelagic sharks,0.0,0.0,4.5586e-05,4.5586e-05,0.0,0.25,-5.543078149261582e-12,9.999993888509806e-12,0.0
28_28_Central_Atlantic_(1950),SE,0.0,4,9.79823604992e-06,0.00919899290843,5.857542543244573e-06,3.940693277589222e-06,0.0018397985816859998,0.00734939566,0.0,0.0,0.0,Seabirds,0.0,0.0,0.0,0.0,0.0,0.59781605,2.290862049619249e-13,4.3069408022650135e-10,0.0
28_28_Central_Atlantic_(1950),SE,0.0,3,1.796872e-05,0.007911342611788,5.217438443244573e-06,1.275128168977432e-05,0.0015822685223576003,0.00631110556,0.0,0.0,0.0,Beaked whales,0.0,0.0,0.0,0.0,0.0,0.29036226900000006,-1.330188909053672e-13,-1.9056960089830488e-10,0.0
28_28_Central_Atlantic_(1950),SE,0.0,2,0.00156,0.52174383222,0.0008372185599812127,0.0007227814573199999,0.104348766444,0.415835053,0.0,0.0,0.0,Toothed whales,0.0,0.0,0.0,0.0,0.0,0.536678553,-1.730121276279084e-11,1.2775999980174646e-08,0.0
28_28_Central_Atlantic_(1950),SE,0.0,1,0.0008256798,0.1814176815802857,0.0005485316108812128,0.0002771482068003528,0.036283536316057144,0.144308478,0.0,0.0,0.0,Baleen whales,0.0,0.0,0.0,0.0,0.0,0.664339364,-1.76815656300483e-11,-1.2535771448662913e-08,0.0
28_28_Central_Atlantic_(1950),SC,0.01,39,-0.0,-0.0,0.0,0.0,0.0,0.0,0.0,0.0,0.0,diet_import,0.0,0.0,0.0,0.0,0.0,,-0.0,0.0,0.0
28_28_Central_Atlantic_(1950),SC,0.01,38,2777.8730180352595,2777.8730180352595,2718.2345000401283,0.0,0.0,0.0,0.0,59.638517995131224,0.0,Detritus,0.0,0.0,0.0,0.0,0.0,1.0,0.0,0.0,0.0
28_28_Central_Atlantic_(1950),SC,0.01,37,2964.2448555,2964.2448555,2304.4126302796485,659.8320120997337,0.0,0.0,0.0,0.0,0.0,Phytoplankton,0.0,0.0,0.0,0.0,0.0,0.777403,0.00021312061790013104,0.0,0.0
28_28_Central_Atlantic_(1950),SC,0.01,36,51.606198899999995,172.02066299999998,3.473465040262137,48.13273376183184,34.4041326,86.01033,0.0,0.0,0.0,Lg. Zoop. deep,0.0,0.0,0.0,0.0,0.0,0.06730712999999999,9.790602462089737e-08,1.499999996212864e-06,0.0
28_28_Central_Atlantic_(1950),SC,0.01,35,326.25349455,1088.1402679500002,136.65760187059252,189.59589687002213,217.62805359000004,544.2587,0.0,0.0,0.0,Sm. Zoop. deep,0.0,0.0,0.0,0.0,0.0,0.41886937599999996,-4.1906146179826465e-06,1.9810000139841577e-05,0.0
28_28_Central_Atlantic_(1950),SC,0.01,34,152.83878554999998,509.4626185,24.764043988060063,128.07474125496339,101.89252370000001,254.731323,0.0,0.0,0.0,Lg. Zoop. shlw,0.0,0.0,0.0,0.0,0.0,0.162027225,3.069765455165907e-07,-1.3749999965284587e-05,0.0
28_28_Central_Atlantic_(1950),SC,0.01,33,1141.8,3808.2000000000003,810.8210994383843,330.97876575719994,761.6400000000001,1904.76,0.0,0.0,0.0,Sm. Zoop. shlw,0.0,0.0,0.0,0.0,0.0,0.710125446,0.00013480441566571244,4.547473508864641e-13,0.0
28_28_Central_Atlantic_(1950),SC,0.01,32,415.91835,563.5749999999999,259.56446880550004,156.35385617274002,112.71499999999999,34.941597,0.0,0.0,0.0,Het. bacteria,0.0,0.0,0.0,0.0,0.0,0.6240755999999998,2.502175988183808e-05,5.2999999965663847e-05,0.0
28_28_Central_Atlantic_(1950),SC,0.01,31,0.43340000000000006,2.6398,0.041626123427598485,0.39177388030000004,0.5279600000000001,1.67843986,0.0,0.0,0.0,Megabenthos,0.0,0.0,0.0,0.0,0.0,0.0960455,-3.72759845213011e-09,1.3999999981528788e-07,0.0
28_28_Central_Atlantic_(1950),SC,0.01,30,0.369,3.6346499999999997,0.09863466851516114,0.270365328792,0.72693,2.53872,0.0,0.0,0.0,Macrobenthos,0.0,0.0,0.0,0.0,0.0,0.26730263200000004,2.6928388408009596e-09,0.0,0.0
28_28_Central_Atlantic_(1950),SC,0.01,29,2.214,22.287599999999998,0.5448121363030838,1.6691878621979999,4.45752,15.6160793,0.0,0.0,0.0,Meiobenthos,0.0,0.0,0.0,0.0,0.0,0.24607594300000002,1.4989161023493125e-09,6.99999999298484e-07,0.0
28_28_Central_Atlantic_(1950),SC,0.01,28,0.012723003955,0.02544600791,0.011450702967616381,0.0012723003954999996,0.005089201582,0.007633802,0.0,0.0,0.0,Benth. ceph.,0.0,0.0,0.0,0.0,0.0,0.9,5.918836185059284e-10,3.729999989432464e-10,0.0
28_28_Central_Atlantic_(1950),SC,0.01,27,0.5644206439999999,4.47855511,0.507978562200084,0.05644206439999998,0.8957110220000001,3.01842356,0.0,0.0,0.0,Lg Squids,0.0,0.0,0.0,0.0,0.0,0.9,1.739991595250956e-08,-1.1599999982792042e-07,0.0
28_28_Central_Atlantic_(1950),SC,0.01,26,1.9626521827999999,15.573218407,1.766386893631383,0.19626521827999993,3.1146436814000005,10.4959221,0.0,0.0,0.0,Sm Squids,0.0,0.0,0.0,0.0,0.0,0.9,7.08886169764611e-08,4.428000011102995e-07,0.0
28_28_Central_Atlantic_(1950),SC,0.01,25,0.029511966558754574,0.05365811909218538,0.028247997140988634,0.001263969107687661,0.010731623818437078,0.01341453,0.0,0.0,0.0,Lg. Bathyd. abs,0.0,0.0,0.0,0.0,0.0,0.957170963,3.100782790255163e-10,-1.2850062697938869e-09,0.0
28_28_Central_Atlantic_(1950),SC,0.01,24,0.032007212730000005,0.0581949347850468,0.03092652416753671,0.0010806897702190206,0.011638986957009361,0.014548731,0.0,0.0,0.0,Sm. Bathyd. abs,0.0,0.0,0.0,0.0,0.0,0.966236055,-1.207755728760418e-09,4.098037435437685e-09,0.0
28_28_Central_Atlantic_(1950),SC,0.01,23,0.0030136304000000004,0.00547932783219558,0.0019225564713861983,0.00102711515654528,0.001095865566439116,0.00136983185,6.39589e-05,0.0,0.0,Lg. Bathyd. slp,0.0,6.39589e-07,6.3319311e-05,6.39589e-05,0.0,0.6591768,-1.2793147834491703e-10,1.5756463408317378e-11,0.0
28_28_Central_Atlantic_(1950),SC,0.01,22,0.005653607665707449,0.010279287244467,0.004260451747794523,0.0012050065457042862,0.0020558574488934002,0.00256982166,0.000188149,0.0,0.0,Sm. Bathyd. slp,0.0,1.88149e-06,0.00018626751,0.000188149,0.0,0.7868606,3.7220863977754926e-10,4.69866151195375e-10,0.0
28_28_Central_Atlantic_(1950),SC,0.01,21,0.006341536224000001,0.011508713888,0.005009813921588745,0.0013317226070399999,0.0023017427776000003,0.00286543486,0.0,0.0,0.0,Lg. Bathyp. fish,0.0,0.0,0.0,0.0,0.0,0.79,-3.046287441049733e-10,2.6399998940412894e-11,0.0
28_28_Central_Atlantic_(1950),SC,0.01,20,0.013441102436,0.020515366876,0.012096991849560989,0.0013441102435999997,0.0041030733752,0.00297118956,0.0,0.0,0.0,Md. Bathyp.fish,0.0,0.0,0.0,0.0,0.0,0.9,3.428390106530177e-10,1.5047999985841332e-09,0.0
28_28_Central_Atlantic_(1950),SC,0.01,19,0.06545771003200002,0.22973138617000002,0.05891193573953475,0.0065457710032,0.04594627723400001,0.118327409,0.0,0.0,0.0,Sm. Bathyp. fish,0.0,0.0,0.0,0.0,0.0,0.9,3.2892652629401553e-09,-1.0095999994352844e-08,0.0
28_28_Central_Atlantic_(1950),SC,0.01,18,12.22519406327412,59.3828355,3.573220730157866,8.651973314709084,11.8765671,35.2810745,0.0,0.0,0.0,Sm. Meso fish,0.0,0.0,0.0,0.0,0.0,0.292283356,1.8407170898626646e-08,-1.6327412311056833e-07,0.0
28_28_Central_Atlantic_(1950),SC,0.01,17,0.0003348901755,0.0079257341535,0.00030140115666829864,3.348901755e-05,0.0015851468307,0.006005697,0.0,0.0,0.0,Lg. Meso fish,0.0,0.0,0.0,0.0,0.0,0.9,1.2817013617973105e-12,1.4729999945478633e-10,0.0
28_28_Central_Atlantic_(1950),SC,0.01,16,2.418293435320515,14.779333033030326,2.1764249584475417,0.24182934353205143,2.9558666066060653,9.405173,3.90985e-05,0.0,0.0,Sm. Epi. fish,0.0,3.90985e-07,3.8707514999999996e-05,3.90985e-05,0.0,0.9,3.4840922147338915e-08,-8.896252623458167e-09,0.0
28_28_Central_Atlantic_(1950),SC,0.01,15,0.1059599016,0.7525932498796599,0.09523928587084607,0.010595990159999997,0.150518649975932,0.496114731,0.000124629,0.0,0.0,Md. Epi. fish,0.0,1.24629e-06,0.00012338271,0.000124629,0.0,0.9,-3.4308460655774198e-09,-3.2696272078691635e-08,0.0
28_28_Central_Atlantic_(1950),SC,0.01,14,0.00984495897,0.12697145868897,0.007685239049978655,0.0018705422042999994,0.025394291737794002,0.091732204,0.000289178,0.0,0.0,Lg. Epi. fish,0.0,2.8917800000000003e-06,0.00028628622,0.000289178,0.0,0.81,-2.8427865443603206e-10,3.981175999978603e-09,0.0
28_28_Central_Atlantic_(1950),SC,0.01,13,0.00064010414496,0.010287388044000001,6.401041000000001e-05,0.000576093730464,0.0020574776088000003,0.00758980634,0.0,0.0,0.0,Lg. Plank. fish,0.0,0.0,0.0,0.0,0.0,0.09999999999999998,4.496000034943937e-12,-4.9759998205223255e-11,0.0
28_28_Central_Atlantic_(1950),SC,0.01,12,2.1336802558309998e-05,0.00021225354904839998,6.401041000000001e-07,2.0696698481560696e-05,4.245070980968e-05,0.000148466032,0.0,0.0,0.0,Billfishes,0.0,0.0,0.0,0.0,0.0,0.030000000000000027,-2.3250698648292698e-14,4.680409976687977e-12,0.0
28_28_Central_Atlantic_(1950),SC,0.01,11,0.00032651159999999997,0.004353488,6.401041000000001e-07,0.00032587149593018877,0.0008706976,0.00315627875,0.0,0.0,0.0,Swordfish,0.0,0.0,0.0,0.0,0.0,0.0019604328600000276,-3.0188796341229507e-14,5.000000023389073e-11,0.0
28_28_Central_Atlantic_(1950),SC,0.01,10,0.01072980688,0.46030871515199995,0.0017776866754339626,0.008952120234131998,0.09206174303039999,0.357517153,0.0,0.0,0.0,Bigeye,0.0,0.0,0.0,0.0,0.0,0.16567741300000005,-2.9565960790733925e-11,1.2241599955942206e-08,0.0
28_28_Central_Atlantic_(1950),SC,0.01,9,0.0002486316,0.0059671584,9.575327449622515e-05,0.00015287832471324,0.00119343168,0.004525095,0.0,0.0,0.0,Albacore,0.0,0.0,0.0,0.0,0.0,0.3851211,7.90534846785429e-13,1.200000003878654e-10,0.0
28_28_Central_Atlantic_(1950),SC,0.01,8,0.00804781642,0.15322104854,0.001044242037497828,0.007003574237715865,0.030644209707999998,0.114529014,0.0,0.0,0.0,Skipjack,0.0,0.0,0.0,0.0,0.0,0.12975472199999993,1.4478630620817778e-10,8.411999999347053e-09,0.0
28_28_Central_Atlantic_(1950),SC,0.01,7,2.1533975999999998e-06,3.588996e-05,6.401041000000001e-07,6.160445043768214e-07,7.177992e-06,2.655857e-05,8.97249e-07,0.0,0.0,Bluefin,0.0,8.97249e-09,8.882765100000001e-07,8.97249e-07,0.0,0.713919759,-4.376821679337364e-15,3.999999997569316e-13,0.0
28_28_Central_Atlantic_(1950),SC,0.01,6,0.00010813669999999998,0.00239908993,6.988740116756793e-06,0.00010114795916850798,0.00047981798599999997,0.00181113509,0.0,0.0,0.0,Yellowfin,0.0,0.0,0.0,0.0,0.0,0.06462875999999995,7.147352100358301e-13,1.5400000003516767e-10,0.0
28_28_Central_Atlantic_(1950),SC,0.01,5,0.00249640599,0.06401040999999999,0.0005785155030430785,0.0018723044925,0.012802082,0.048711922,4.5586e-05,0.0,0.0,Pelagic sharks,0.0,4.5586e-07,4.513014e-05,4.5586e-05,0.0,0.25,-5.543078149261582e-12,9.999993888509806e-12,0.0
28_28_Central_Atlantic_(1950),SC,0.01,4,9.79823604992e-06,0.00919899290843,5.857542543244573e-06,3.940693277589222e-06,0.0018397985816859998,0.00734939566,0.0,0.0,0.0,Seabirds,0.0,0.0,0.0,0.0,0.0,0.59781605,2.290862049619249e-13,4.3069408022650135e-10,0.0
28_28_Central_Atlantic_(1950),SC,0.01,3,1.796872e-05,0.007911342611788,5.217438443244573e-06,1.275128168977432e-05,0.0015822685223576003,0.00631110556,0.0,0.0,0.0,Beaked whales,0.0,0.0,0.0,0.0,0.0,0.29036226900000006,-1.330188909053672e-13,-1.9056960089830488e-10,0.0
28_28_Central_Atlantic_(1950),SC,0.01,2,0.00156,0.52174383222,0.0008372185599812127,0.0007227814573199999,0.104348766444,0.415835053,0.0,0.0,0.0,Toothed whales,0.0,0.0,0.0,0.0,0.0,0.536678553,-1.730121276279084e-11,1.2775999980174646e-08,0.0
28_28_Central_Atlantic_(1950),SC,0.01,1,0.0008256798,0.1814176815802857,0.0005485316108812128,0.0002771482068003528,0.036283536316057144,0.144308478,0.0,0.0,0.0,Baleen whales,0.0,0.0,0.0,0.0,0.0,0.664339364,-1.76815656300483e-11,-1.2535771448662913e-08,0.0
28_28_Central_Atlantic_(1950),SM,0.01,39,-0.0,-0.0,0.0,0.0,0.0,0.0,0.0,0.0,0.0,diet_import,0.0,0.0,0.0,0.0,0.0,,-0.0,0.0,0.0
28_28_Central_Atlantic_(1950),SM,0.01,38,2777.873025550226,2777.873025550226,2718.2345000401283,0.0,0.0,0.0,0.0,59.63852551009768,0.0,Detritus,0.0,0.0,0.0,0.0,0.0,1.0,0.0,0.0,0.0
28_28_Central_Atlantic_(1950),SM,0.01,37,2964.2448555,2964.2448555,2304.4126302796485,659.8320120997337,0.0,0.0,0.0,0.0,0.0,Phytoplankton,0.0,0.0,0.0,0.0,0.0,0.777403,0.00021312061790013104,0.0,0.0
28_28_Central_Atlantic_(1950),SM,0.01,36,51.606198899999995,172.02066299999998,3.473465040262137,48.13273376183184,34.4041326,86.01033,0.0,0.0,0.0,Lg. Zoop. deep,0.0,0.0,0.0,0.0,0.0,0.06730712999999999,9.790602462089737e-08,1.499999996212864e-06,0.0
28_28_Central_Atlantic_(1950),SM,0.01,35,326.25349455,1088.1402679500002,136.65760187059252,189.59589687002213,217.62805359000004,544.2587,0.0,0.0,0.0,Sm. Zoop. deep,0.0,0.0,0.0,0.0,0.0,0.41886937599999996,-4.1906146179826465e-06,1.9810000139841577e-05,0.0
28_28_Central_Atlantic_(1950),SM,0.01,34,152.83878554999998,509.4626185,24.764043988060063,128.07474125496339,101.89252370000001,254.731323,0.0,0.0,0.0,Lg. Zoop. shlw,0.0,0.0,0.0,0.0,0.0,0.162027225,3.069765455165907e-07,-1.3749999965284587e-05,0.0
28_28_Central_Atlantic_(1950),SM,0.01,33,1141.8,3808.2000000000003,810.8210994383843,330.97876575719994,761.6400000000001,1904.76,0.0,0.0,0.0,Sm. Zoop. shlw,0.0,0.0,0.0,0.0,0.0,0.710125446,0.00013480441566571244,4.547473508864641e-13,0.0
28_28_Central_Atlantic_(1950),SM,0.01,32,415.91835,563.5749999999999,259.56446880550004,156.35385617274002,112.71499999999999,34.941597,0.0,0.0,0.0,Het. bacteria,0.0,0.0,0.0,0.0,0.0,0.6240755999999998,2.502175988183808e-05,5.2999999965663847e-05,0.0
28_28_Central_Atlantic_(1950),SM,0.01,31,0.43340000000000006,2.6398,0.041626123427598485,0.39177388030000004,0.5279600000000001,1.67843986,0.0,0.0,0.0,Megabenthos,0.0,0.0,0.0,0.0,0.0,0.0960455,-3.72759845213011e-09,1.3999999981528788e-07,0.0
28_28_Central_Atlantic_(1950),SM,0.01,30,0.369,3.6346499999999997,0.09863466851516114,0.270365328792,0.72693,2.53872,0.0,0.0,0.0,Macrobenthos,0.0,0.0,0.0,0.0,0.0,0.26730263200000004,2.6928388408009596e-09,0.0,0.0
28_28_Central_Atlantic_(1950),SM,0.01,29,2.214,22.287599999999998,0.5448121363030838,1.6691878621979999,4.45752,15.6160793,0.0,0.0,0.0,Meiobenthos,0.0,0.0,0.0,0.0,0.0,0.24607594300000002,1.4989161023493125e-09,6.99999999298484e-07,0.0
28_28_Central_Atlantic_(1950),SM,0.01,28,0.012723003955,0.02544600791,0.011450702967616381,0.0012723003954999996,0.005089201582,0.007633802,0.0,0.0,0.0,Benth. ceph.,0.0,0.0,0.0,0.0,0.0,0.9,5.918836185059284e-10,3.729999989432464e-10,0.0
28_28_Central_Atlantic_(1950),SM,0.01,27,0.5644206439999999,4.47855511,0.507978562200084,0.05644206439999998,0.8957110220000001,3.01842356,0.0,0.0,0.0,Lg Squids,0.0,0.0,0.0,0.0,0.0,0.9,1.739991595250956e-08,-1.1599999982792042e-07,0.0
28_28_Central_Atlantic_(1950),SM,0.01,26,1.9626521827999999,15.573218407,1.766386893631383,0.19626521827999993,3.1146436814000005,10.4959221,0.0,0.0,0.0,Sm Squids,0.0,0.0,0.0,0.0,0.0,0.9,7.08886169764611e-08,4.428000011102995e-07,0.0
28_28_Central_Atlantic_(1950),SM,0.01,25,0.029511966558754574,0.05365811909218538,0.028247997140988634,0.001263969107687661,0.010731623818437078,0.01341453,0.0,0.0,0.0,Lg. Bathyd. abs,0.0,0.0,0.0,0.0,0.0,0.957170963,3.100782790255163e-10,-1.2850062697938869e-09,0.0
28_28_Central_Atlantic_(1950),SM,0.01,24,0.032007212730000005,0.0581949347850468,0.03092652416753671,0.0010806897702190206,0.011638986957009361,0.014548731,0.0,0.0,0.0,Sm. Bathyd. abs,0.0,0.0,0.0,0.0,0.0,0.966236055,-1.207755728760418e-09,4.098037435437685e-09,0.0
28_28_Central_Atlantic_(1950),SM,0.01,23,0.0030136304000000004,0.00547932783219558,0.0019225564713861983,0.00102775474554528,0.001095865566439116,0.00136983185,6.39589e-05,0.0,0.0,Lg. Bathyd. slp,0.0,6.39589e-07,6.3319311e-05,6.3319311e-05,0.0,0.6589645679359752,-1.2793147834491703e-10,1.5756463408317378e-11,0.0
28_28_Central_Atlantic_(1950),SM,0.01,22,0.005653607665707449,0.010279287244467,0.004260451747794523,0.0012068880357042862,0.0020558574488934002,0.00256982166,0.000188149,0.0,0.0,Sm. Bathyd. slp,0.0,1.88149e-06,0.00018626751,0.00018626751,0.0,0.7865278054179825,3.7220863977754926e-10,4.69866151195375e-10,0.0
28_28_Central_Atlantic_(1950),SM,0.01,21,0.006341536224000001,0.011508713888,0.005009813921588745,0.0013317226070399999,0.0023017427776000003,0.00286543486,0.0,0.0,0.0,Lg. Bathyp. fish,0.0,0.0,0.0,0.0,0.0,0.79,-3.046287441049733e-10,2.6399998940412894e-11,0.0
28_28_Central_Atlantic_(1950),SM,0.01,20,0.013441102436,0.020515366876,0.012096991849560989,0.0013441102435999997,0.0041030733752,0.00297118956,0.0,0.0,0.0,Md. Bathyp.fish,0.0,0.0,0.0,0.0,0.0,0.9,3.428390106530177e-10,1.5047999985841332e-09,0.0
28_28_Central_Atlantic_(1950),SM,0.01,19,0.06545771003200002,0.22973138617000002,0.05891193573953475,0.0065457710032,0.04594627723400001,0.118327409,0.0,0.0,0.0,Sm. Bathyp. fish,0.0,0.0,0.0,0.0,0.0,0.9,3.2892652629401553e-09,-1.0095999994352844e-08,0.0
28_28_Central_Atlantic_(1950),SM,0.01,18,12.22519406327412,59.3828355,3.573220730157866,8.651973314709084,11.8765671,35.2810745,0.0,0.0,0.0,Sm. Meso fish,0.0,0.0,0.0,0.0,0.0,0.292283356,1.8407170898626646e-08,-1.6327412311056833e-07,0.0
28_28_Central_Atlantic_(1950),SM,0.01,17,0.0003348901755,0.0079257341535,0.00030140115666829864,3.348901755e-05,0.0015851468307,0.006005697,0.0,0.0,0.0,Lg. Meso fish,0.0,0.0,0.0,0.0,0.0,0.9,1.2817013617973105e-12,1.4729999945478633e-10,0.0
28_28_Central_Atlantic_(1950),SM,0.01,16,2.418293435320515,14.779333033030326,2.1764249584475417,0.24182973451705142,2.9558666066060653,9.405173,3.90985e-05,0.0,0.0,Sm. Epi. fish,0.0,3.90985e-07,3.8707514999999996e-05,3.8707514999999996e-05,0.0,0.8999998383219363,3.4840922147338915e-08,-8.896252623458167e-09,0.0
28_28_Central_Atlantic_(1950),SM,0.01,15,0.1059599016,0.7525932498796599,0.09523928587084607,0.010597236449999997,0.150518649975932,0.496114731,0.000124629,0.0,0.0,Md. Epi. fish,0.0,1.24629e-06,0.00012338271,0.00012338271,0.0,0.8999882380977976,-3.430846051699632e-09,-3.2696272078691635e-08,0.0
28_28_Central_Atlantic_(1950),SM,0.01,14,0.00984495897,0.12697145868897,0.007685239049978655,0.0018734339842999994,0.025394291737794002,0.091732204,0.000289178,0.0,0.0,Lg. Epi. fish,0.0,2.8917800000000003e-06,0.00028628622,0.00028628622,0.0,0.8097062679480116,-2.8427865443603206e-10,3.981175999978603e-09,0.0
28_28_Central_Atlantic_(1950),SM,0.01,13,0.00064010414496,0.010287388044000001,6.401041000000001e-05,0.000576093730464,0.0020574776088000003,0.00758980634,0.0,0.0,0.0,Lg. Plank. fish,0.0,0.0,0.0,0.0,0.0,0.09999999999999998,4.496000034943937e-12,-4.9759998205223255e-11,0.0
28_28_Central_Atlantic_(1950),SM,0.01,12,2.1336802558309998e-05,0.00021225354904839998,6.401041000000001e-07,2.0696698481560696e-05,4.245070980968e-05,0.000148466032,0.0,0.0,0.0,Billfishes,0.0,0.0,0.0,0.0,0.0,0.030000000000000027,-2.3250698648292698e-14,4.680409976687977e-12,0.0
28_28_Central_Atlantic_(1950),SM,0.01,11,0.00032651159999999997,0.004353488,6.401041000000001e-07,0.00032587149593018877,0.0008706976,0.00315627875,0.0,0.0,0.0,Swordfish,0.0,0.0,0.0,0.0,0.0,0.0019604328600000276,-3.0188796341229507e-14,5.000000023389073e-11,0.0
28_28_Central_Atlantic_(1950),SM,0.01,10,0.01072980688,0.46030871515199995,0.0017776866754339626,0.008952120234131998,0.09206174303039999,0.357517153,0.0,0.0,0.0,Bigeye,0.0,0.0,0.0,0.0,0.0,0.16567741300000005,-2.9565960790733925e-11,1.2241599955942206e-08,0.0
28_28_Central_Atlantic_(1950),SM,0.01,9,0.0002486316,0.0059671584,9.575327449622515e-05,0.00015287832471324,0.00119343168,0.004525095,0.0,0.0,0.0,Albacore,0.0,0.0,0.0,0.0,0.0,0.3851211,7.90534846785429e-13,1.200000003878654e-10,0.0
28_28_Central_Atlantic_(1950),SM,0.01,8,0.00804781642,0.15322104854,0.001044242037497828,0.007003574237715865,0.030644209707999998,0.114529014,0.0,0.0,0.0,Skipjack,0.0,0.0,0.0,0.0,0.0,0.12975472199999993,1.4478630620817778e-10,8.411999999347053e-09,0.0
28_28_Central_Atlantic_(1950),SM,0.01,7,2.1533975999999998e-06,3.588996e-05,6.401041000000001e-07,6.250169943768214e-07,7.177992e-06,2.655857e-05,8.97249e-07,0.0,0.0,Bluefin,0.0,8.97249e-09,8.882765100000001e-07,8.882765100000001e-07,0.0,0.7097530923333334,-4.376821679337364e-15,3.999999997569316e-13,0.0
28_28_Central_Atlantic_(1950),SM,0.01,6,0.00010813669999999998,0.00239908993,6.988740116756793e-06,0.00010114795916850798,0.00047981798599999997,0.00181113509,0.0,0.0,0.0,Yellowfin,0.0,0.0,0.0,0.0,0.0,0.06462875999999995,7.147352100358301e-13,1.5400000003516767e-10,0.0
28_28_Central_Atlantic_(1950),SM,0.01,5,0.00249640599,0.06401040999999999,0.0005785155030430785,0.0018727603525,0.012802082,0.048711922,4.5586e-05,0.0,0.0,Pelagic sharks,0.0,4.5586e-07,4.513014e-05,4.513014e-05,0.0,0.24981739348414245,-5.543078149261582e-12,9.999993888509806e-12,0.0
28_28_Central_Atlantic_(1950),SM,0.01,4,9.79823604992e-06,0.00919899290843,5.857542543244573e-06,3.940693277589222e-06,0.0018397985816859998,0.00734939566,0.0,0.0,0.0,Seabirds,0.0,0.0,0.0,0.0,0.0,0.59781605,2.290862049619249e-13,4.3069408022650135e-10,0.0
28_28_Central_Atlantic_(1950),SM,0.01,3,1.796872e-05,0.007911342611788,5.217438443244573e-06,1.275128168977432e-05,0.0015822685223576003,0.00631110556,0.0,0.0,0.0,Beaked whales,0.0,0.0,0.0,0.0,0.0,0.29036226900000006,-1.330188909053672e-13,-1.9056960089830488e-10,0.0
28_28_Central_Atlantic_(1950),SM,0.01,2,0.00156,0.52174383222,0.0008372185599812127,0.0007227814573199999,0.104348766444,0.415835053,0.0,0.0,0.0,Toothed whales,0.0,0.0,0.0,0.0,0.0,0.536678553,-1.730121276279084e-11,1.2775999980174646e-08,0.0
28_28_Central_Atlantic_(1950),SM,0.01,1,0.0008256798,0.1814176815802857,0.0005485316108812128,0.0002771482068003528,0.036283536316057144,0.144308478,0.0,0.0,0.0,Baleen whales,0.0,0.0,0.0,0.0,0.0,0.664339364,-1.76815656300483e-11,-1.2535771448662913e-08,0.0
28_28_Central_Atlantic_(1950),SE,0.01,39,-0.0,-0.0,0.0,0.0,0.0,0.0,0.0,0.0,0.0,diet_import,0.0,0.0,0.0,0.0,0.0,,-0.0,0.0,0.0
28_28_Central_Atlantic_(1950),SE,0.01,38,2777.8730180352595,2777.8730180352595,2718.2345000401283,0.0,0.0,0.0,0.0,59.638517995131224,0.0,Detritus,0.0,0.0,0.0,0.0,0.0,1.0,0.0,0.0,0.0
28_28_Central_Atlantic_(1950),SE,0.01,37,2964.2448555,2964.2448555,2304.4126302796485,659.8320120997337,0.0,0.0,0.0,0.0,0.0,Phytoplankton,0.0,0.0,0.0,0.0,0.0,0.777403,0.00021312061790013104,0.0,0.0
28_28_Central_Atlantic_(1950),SE,0.01,36,51.606198899999995,172.02066299999998,3.473465040262137,48.13273376183184,34.4041326,86.01033,0.0,0.0,0.0,Lg. Zoop. deep,0.0,0.0,0.0,0.0,0.0,0.06730712999999999,9.790602462089737e-08,1.499999996212864e-06,0.0
28_28_Central_Atlantic_(1950),SE,0.01,35,326.25349455,1088.1402679500002,136.65760187059252,189.59589687002213,217.62805359000004,544.2587,0.0,0.0,0.0,Sm. Zoop. deep,0.0,0.0,0.0,0.0,0.0,0.41886937599999996,-4.1906146179826465e-06,1.9810000139841577e-05,0.0
28_28_Central_Atlantic_(1950),SE,0.01,34,152.83878554999998,509.4626185,24.764043988060063,128.07474125496339,101.89252370000001,254.731323,0.0,0.0,0.0,Lg. Zoop. shlw,0.0,0.0,0.0,0.0,0.0,0.162027225,3.069765455165907e-07,-1.3749999965284587e-05,0.0
28_28_Central_Atlantic_(1950),SE,0.01,33,1141.8,3808.2000000000003,810.8210994383843,330.97876575719994,761.6400000000001,1904.76,0.0,0.0,0.0,Sm. Zoop. shlw,0.0,0.0,0.0,0.0,0.0,0.710125446,0.00013480441566571244,4.547473508864641e-13,0.0
28_28_Central_Atlantic_(1950),SE,0.01,32,415.91835,563.5749999999999,259.56446880550004,156.35385617274002,112.71499999999999,34.941597,0.0,0.0,0.0,Het. bacteria,0.0,0.0,0.0,0.0,0.0,0.6240755999999998,2.502175988183808e-05,5.2999999965663847e-05,0.0
28_28_Central_Atlantic_(1950),SE,0.01,31,0.43340000000000006,2.6398,0.041626123427598485,0.39177388030000004,0.5279600000000001,1.67843986,0.0,0.0,0.0,Megabenthos,0.0,0.0,0.0,0.0,0.0,0.0960455,-3.72759845213011e-09,1.3999999981528788e-07,0.0
28_28_Central_Atlantic_(1950),SE,0.01,30,0.369,3.6346499999999997,0.09863466851516114,0.270365328792,0.72693,2.53872,0.0,0.0,0.0,Macrobenthos,0.0,0.0,0.0,0.0,0.0,0.26730263200000004,2.6928388408009596e-09,0.0,0.0
28_28_Central_Atlantic_(1950),SE,0.01,29,2.214,22.287599999999998,0.5448121363030838,1.6691878621979999,4.45752,15.6160793,0.0,0.0,0.0,Meiobenthos,0.0,0.0,0.0,0.0,0.0,0.24607594300000002,1.4989161023493125e-09,6.99999999298484e-07,0.0
28_28_Central_Atlantic_(1950),SE,0.01,28,0.012723003955,0.02544600791,0.011450702967616381,0.0012723003954999996,0.005089201582,0.007633802,0.0,0.0,0.0,Benth. ceph.,0.0,0.0,0.0,0.0,0.0,0.9,5.918836185059284e-10,3.729999989432464e-10,0.0
28_28_Central_Atlantic_(1950),SE,0.01,27,0.5644206439999999,4.47855511,0.507978562200084,0.05644206439999998,0.8957110220000001,3.01842356,0.0,0.0,0.0,Lg Squids,0.0,0.0,0.0,0.0,0.0,0.9,1.739991595250956e-08,-1.1599999982792042e-07,0.0
28_28_Central_Atlantic_(1950),SE,0.01,26,1.9626521827999999,15.573218407,1.766386893631383,0.19626521827999993,3.1146436814000005,10.4959221,0.0,0.0,0.0,Sm Squids,0.0,0.0,0.0,0.0,0.0,0.9,7.08886169764611e-08,4.428000011102995e-07,0.0
28_28_Central_Atlantic_(1950),SE,0.01,25,0.029511966558754574,0.05365811909218538,0.028247997140988634,0.001263969107687661,0.010731623818437078,0.01341453,0.0,0.0,0.0,Lg. Bathyd. abs,0.0,0.0,0.0,0.0,0.0,0.957170963,3.100782790255163e-10,-1.2850062697938869e-09,0.0
28_28_Central_Atlantic_(1950),SE,0.01,24,0.032007212730000005,0.0581949347850468,0.03092652416753671,0.0010806897702190206,0.011638986957009361,0.014548731,0.0,0.0,0.0,Sm. Bathyd. abs,0.0,0.0,0.0,0.0,0.0,0.966236055,-1.207755728760418e-09,4.098037435437685e-09,0.0
28_28_Central_Atlantic_(1950),SE,0.01,23,0.0030136304000000004,0.00547932783219558,0.0019225564713861983,0.00102711515654528,0.001095865566439116,0.00136983185,6.39589e-05,0.0,0.0,Lg. Bathyd. slp,6.39589e-07,6.39589e-07,6.3319311e-05,6.3319311e-05,0.0,0.6591768,-1.2793147834491703e-10,1.5756463408317378e-11,0.0
28_28_Central_Atlantic_(1950),SE,0.01,22,0.005653607665707449,0.010279287244467,0.004260451747794523,0.0012050065457042862,0.0020558574488934002,0.00256982166,0.000188149,0.0,0.0,Sm. Bathyd. slp,1.88149e-06,1.88149e-06,0.00018626751,0.00018626751,0.0,0.7868606,3.7220863977754926e-10,4.69866151195375e-10,0.0
28_28_Central_Atlantic_(1950),SE,0.01,21,0.006341536224000001,0.011508713888,0.005009813921588745,0.0013317226070399999,0.0023017427776000003,0.00286543486,0.0,0.0,0.0,Lg. Bathyp. fish,0.0,0.0,0.0,0.0,0.0,0.79,-3.046287441049733e-10,2.6399998940412894e-11,0.0
28_28_Central_Atlantic_(1950),SE,0.01,20,0.013441102436,0.020515366876,0.012096991849560989,0.0013441102435999997,0.0041030733752,0.00297118956,0.0,0.0,0.0,Md. Bathyp.fish,0.0,0.0,0.0,0.0,0.0,0.9,3.428390106530177e-10,1.5047999985841332e-09,0.0
28_28_Central_Atlantic_(1950),SE,0.01,19,0.06545771003200002,0.22973138617000002,0.05891193573953475,0.0065457710032,0.04594627723400001,0.118327409,0.0,0.0,0.0,Sm. Bathyp. fish,0.0,0.0,0.0,0.0,0.0,0.9,3.2892652629401553e-09,-1.0095999994352844e-08,0.0
28_28_Central_Atlantic_(1950),SE,0.01,18,12.22519406327412,59.3828355,3.573220730157866,8.651973314709084,11.8765671,35.2810745,0.0,0.0,0.0,Sm. Meso fish,0.0,0.0,0.0,0.0,0.0,0.292283356,1.8407170898626646e-08,-1.6327412311056833e-07,0.0
28_28_Central_Atlantic_(1950),SE,0.01,17,0.0003348901755,0.0079257341535,0.00030140115666829864,3.348901755e-05,0.0015851468307,0.006005697,0.0,0.0,0.0,Lg. Meso fish,0.0,0.0,0.0,0.0,0.0,0.9,1.2817013617973105e-12,1.4729999945478633e-10,0.0
28_28_Central_Atlantic_(1950),SE,0.01,16,2.418293435320515,14.779333033030326,2.1764249584475417,0.24182934353205143,2.9558666066060653,9.405173,3.90985e-05,0.0,0.0,Sm. Epi. fish,3.90985e-07,3.90985e-07,3.8707514999999996e-05,3.8707514999999996e-05,0.0,0.9,3.4840922147338915e-08,-8.896252623458167e-09,0.0
28_28_Central_Atlantic_(1950),SE,0.01,15,0.1059599016,0.7525932498796599,0.09523928587084607,0.010595990159999997,0.150518649975932,0.496114731,0.000124629,0.0,0.0,Md. Epi. fish,1.24629e-06,1.24629e-06,0.00012338271,0.00012338271,0.0,0.9,-3.4308460655774198e-09,-3.2696272078691635e-08,0.0
28_28_Central_Atlantic_(1950),SE,0.01,14,0.00984495897,0.12697145868897,0.007685239049978655,0.0018705422042999994,0.025394291737794002,0.091732204,0.000289178,0.0,0.0,Lg. Epi. fish,2.8917800000000003e-06,2.8917800000000003e-06,0.00028628622,0.00028628622,0.0,0.81,-2.8427865443603206e-10,3.981175999978603e-09,0.0
28_28_Central_Atlantic_(1950),SE,0.01,13,0.00064010414496,0.010287388044000001,6.401041000000001e-05,0.000576093730464,0.0020574776088000003,0.00758980634,0.0,0.0,0.0,Lg. Plank. fish,0.0,0.0,0.0,0.0,0.0,0.09999999999999998,4.496000034943937e-12,-4.9759998205223255e-11,0.0
28_28_Central_Atlantic_(1950),SE,0.01,12,2.1336802558309998e-05,0.00021225354904839998,6.401041000000001e-07,2.0696698481560696e-05,4.245070980968e-05,0.000148466032,0.0,0.0,0.0,Billfishes,0.0,0.0,0.0,0.0,0.0,0.030000000000000027,-2.3250698648292698e-14,4.680409976687977e-12,0.0
28_28_Central_Atlantic_(1950),SE,0.01,11,0.00032651159999999997,0.004353488,6.401041000000001e-07,0.00032587149593018877,0.0008706976,0.00315627875,0.0,0.0,0.0,Swordfish,0.0,0.0,0.0,0.0,0.0,0.0019604328600000276,-3.0188796341229507e-14,5.000000023389073e-11,0.0
28_28_Central_Atlantic_(1950),SE,0.01,10,0.01072980688,0.46030871515199995,0.0017776866754339626,0.008952120234131998,0.09206174303039999,0.357517153,0.0,0.0,0.0,Bigeye,0.0,0.0,0.0,0.0,0.0,0.16567741300000005,-2.9565960790733925e-11,1.2241599955942206e-08,0.0
28_28_Central_Atlantic_(1950),SE,0.01,9,0.0002486316,0.0059671584,9.575327449622515e-05,0.00015287832471324,0.00119343168,0.004525095,0.0,0.0,0.0,Albacore,0.0,0.0,0.0,0.0,0.0,0.3851211,7.90534846785429e-13,1.200000003878654e-10,0.0
28_28_Central_Atlantic_(1950),SE,0.01,8,0.00804781642,0.15322104854,0.001044242037497828,0.007003574237715865,0.030644209707999998,0.114529014,0.0,0.0,0.0,Skipjack,0.0,0.0,0.0,0.0,0.0,0.12975472199999993,1.4478630620817778e-10,8.411999999347053e-09,0.0
28_28_Central_Atlantic_(1950),SE,0.01,7,2.1533975999999998e-06,3.588996e-05,6.401041000000001e-07,6.160445043768214e-07,7.177992e-06,2.655857e-05,8.97249e-07,0.0,0.0,Bluefin,8.97249e-09,8.97249e-09,8.882765100000001e-07,8.882765100000001e-07,0.0,0.713919759,-4.376822102853837e-15,3.999999997569316e-13,0.0
28_28_Central_Atlantic_(1950),SE,0.01,6,0.00010813669999999998,0.00239908993,6.988740116756793e-06,0.00010114795916850798,0.00047981798599999997,0.00181113509,0.0,0.0,0.0,Yellowfin,0.0,0.0,0.0,0.0,0.0,0.06462875999999995,7.147352100358301e-13,1.5400000003516767e-10,0.0
28_28_Central_Atlantic_(1950),SE,0.01,5,0.00249640599,0.06401040999999999,0.0005785155030430785,0.0018723044925,0.012802082,0.048711922,4.5586e-05,0.0,0.0,Pelagic sharks,4.5586e-07,4.5586e-07,4.513014e-05,4.513014e-05,0.0,0.25,-5.543078149261582e-12,9.999993888509806e-12,0.0
28_28_Central_Atlantic_(1950),SE,0.01,4,9.79823604992e-06,0.00919899290843,5.857542543244573e-06,3.940693277589222e-06,0.0018397985816859998,0.00734939566,0.0,0.0,0.0,Seabirds,0.0,0.0,0.0,0.0,0.0,0.59781605,2.290862049619249e-13,4.3069408022650135e-10,0.0
28_28_Central_Atlantic_(1950),SE,0.01,3,1.796872e-05,0.007911342611788,5.217438443244573e-06,1.275128168977432e-05,0.0015822685223576003,0.00631110556,0.0,0.0,0.0,Beaked whales,0.0,0.0,0.0,0.0,0.0,0.29036226900000006,-1.330188909053672e-13,-1.9056960089830488e-10,0.0
28_28_Central_Atlantic_(1950),SE,0.01,2,0.00156,0.52174383222,0.0008372185599812127,0.0007227814573199999,0.104348766444,0.415835053,0.0,0.0,0.0,Toothed whales,0.0,0.0,0.0,0.0,0.0,0.536678553,-1.730121276279084e-11,1.2775999980174646e-08,0.0
28_28_Central_Atlantic_(1950),SE,0.01,1,0.0008256798,0.1814176815802857,0.0005485316108812128,0.0002771482068003528,0.036283536316057144,0.144308478,0.0,0.0,0.0,Baleen whales,0.0,0.0,0.0,0.0,0.0,0.664339364,-1.76815656300483e-11,-1.2535771448662913e-08,0.0
28_28_Central_Atlantic_(1950),SC,0.02,39,-0.0,-0.0,0.0,0.0,0.0,0.0,0.0,0.0,0.0,diet_import,0.0,0.0,0.0,0.0,0.0,,-0.0,0.0,0.0
28_28_Central_Atlantic_(1950),SC,0.02,38,2777.8730180352595,2777.8730180352595,2718.2345000401283,0.0,0.0,0.0,0.0,59.638517995131224,0.0,Detritus,0.0,0.0,0.0,0.0,0.0,1.0,0.0,0.0,0.0
28_28_Central_Atlantic_(1950),SC,0.02,37,2964.2448555,2964.2448555,2304.4126302796485,659.8320120997337,0.0,0.0,0.0,0.0,0.0,Phytoplankton,0.0,0.0,0.0,0.0,0.0,0.777403,0.00021312061790013104,0.0,0.0
28_28_Central_Atlantic_(1950),SC,0.02,36,51.606198899999995,172.02066299999998,3.473465040262137,48.13273376183184,34.4041326,86.01033,0.0,0.0,0.0,Lg. Zoop. deep,0.0,0.0,0.0,0.0,0.0,0.06730712999999999,9.790602462089737e-08,1.499999996212864e-06,0.0
28_28_Central_Atlantic_(1950),SC,0.02,35,326.25349455,1088.1402679500002,136.65760187059252,189.59589687002213,217.62805359000004,544.2587,0.0,0.0,0.0,Sm. Zoop. deep,0.0,0.0,0.0,0.0,0.0,0.41886937599999996,-4.1906146179826465e-06,1.9810000139841577e-05,0.0
28_28_Central_Atlantic_(1950),SC,0.02,34,152.83878554999998,509.4626185,24.764043988060063,128.07474125496339,101.89252370000001,254.731323,0.0,0.0,0.0,Lg. Zoop. shlw,0.0,0.0,0.0,0.0,0.0,0.162027225,3.069765455165907e-07,-1.3749999965284587e-05,0.0
28_28_Central_Atlantic_(1950),SC,0.02,33,1141.8,3808.2000000000003,810.8210994383843,330.97876575719994,761.6400000000001,1904.76,0.0,0.0,0.0,Sm. Zoop. shlw,0.0,0.0,0.0,0.0,0.0,0.710125446,0.00013480441566571244,4.547473508864641e-13,0.0
28_28_Central_Atlantic_(1950),SC,0.02,32,415.91835,563.5749999999999,259.56446880550004,156.35385617274002,112.71499999999999,34.941597,0.0,0.0,0.0,Het. bacteria,0.0,0.0,0.0,0.0,0.0,0.6240755999999998,2.502175988183808e-05,5.2999999965663847e-05,0.0
28_28_Central_Atlantic_(1950),SC,0.02,31,0.43340000000000006,2.6398,0.041626123427598485,0.39177388030000004,0.5279600000000001,1.67843986,0.0,0.0,0.0,Megabenthos,0.0,0.0,0.0,0.0,0.0,0.0960455,-3.72759845213011e-09,1.3999999981528788e-07,0.0
28_28_Central_Atlantic_(1950),SC,0.02,30,0.369,3.6346499999999997,0.09863466851516114,0.270365328792,0.72693,2.53872,0.0,0.0,0.0,Macrobenthos,0.0,0.0,0.0,0.0,0.0,0.26730263200000004,2.6928388408009596e-09,0.0,0.0
28_28_Central_Atlantic_(1950),SC,0.02,29,2.214,22.287599999999998,0.5448121363030838,1.6691878621979999,4.45752,15.6160793,0.0,0.0,0.0,Meiobenthos,0.0,0.0,0.0,0.0,0.0,0.24607594300000002,1.4989161023493125e-09,6.99999999298484e-07,0.0
28_28_Central_Atlantic_(1950),SC,0.02,28,0.012723003955,0.02544600791,0.011450702967616381,0.0012723003954999996,0.005089201582,0.007633802,0.0,0.0,0.0,Benth. ceph.,0.0,0.0,0.0,0.0,0.0,0.9,5.918836185059284e-10,3.729999989432464e-10,0.0
28_28_Central_Atlantic_(1950),SC,0.02,27,0.5644206439999999,4.47855511,0.507978562200084,0.05644206439999998,0.8957110220000001,3.01842356,0.0,0.0,0.0,Lg Squids,0.0,0.0,0.0,0.0,0.0,0.9,1.739991595250956e-08,-1.1599999982792042e-07,0.0
28_28_Central_Atlantic_(1950),SC,0.02,26,1.9626521827999999,15.573218407,1.766386893631383,0.19626521827999993,3.1146436814000005,10.4959221,0.0,0.0,0.0,Sm Squids,0.0,0.0,0.0,0.0,0.0,0.9,7.08886169764611e-08,4.428000011102995e-07,0.0
28_28_Central_Atlantic_(1950),SC,0.02,25,0.029511966558754574,0.05365811909218538,0.028247997140988634,0.001263969107687661,0.010731623818437078,0.01341453,0.0,0.0,0.0,Lg. Bathyd. abs,0.0,0.0,0.0,0.0,0.0,0.957170963,3.100782790255163e-10,-1.2850062697938869e-09,0.0
28_28_Central_Atlantic_(1950),SC,0.02,24,0.032007212730000005,0.0581949347850468,0.03092652416753671,0.0010806897702190206,0.011638986957009361,0.014548731,0.0,0.0,0.0,Sm. Bathyd. abs,0.0,0.0,0.0,0.0,0.0,0.966236055,-1.207755728760418e-09,4.098037435437685e-09,0.0
28_28_Central_Atlantic_(1950),SC,0.02,23,0.0030136304000000004,0.00547932783219558,0.0019225564713861983,0.00102711515654528,0.001095865566439116,0.00136983185,6.39589e-05,0.0,0.0,Lg. Bathyd. slp,0.0,1.279178e-06,6.267972199999999e-05,6.39589e-05,0.0,0.6591768,-1.2793147834491703e-10,1.5756463408317378e-11,0.0
28_28_Central_Atlantic_(1950),SC,0.02,22,0.005653607665707449,0.010279287244467,0.004260451747794523,0.0012050065457042862,0.0020558574488934002,0.00256982166,0.000188149,0.0,0.0,Sm. Bathyd. slp,0.0,3.76298e-06,0.00018438602,0.000188149,0.0,0.7868606,3.7220863977754926e-10,4.69866151195375e-10,0.0
28_28_Central_Atlantic_(1950),SC,0.02,21,0.006341536224000001,0.011508713888,0.005009813921588745,0.0013317226070399999,0.0023017427776000003,0.00286543486,0.0,0.0,0.0,Lg. Bathyp. fish,0.0,0.0,0.0,0.0,0.0,0.79,-3.046287441049733e-10,2.6399998940412894e-11,0.0
28_28_Central_Atlantic_(1950),SC,0.02,20,0.013441102436,0.020515366876,0.012096991849560989,0.0013441102435999997,0.0041030733752,0.00297118956,0.0,0.0,0.0,Md. Bathyp.fish,0.0,0.0,0.0,0.0,0.0,0.9,3.428390106530177e-10,1.5047999985841332e-09,0.0
28_28_Central_Atlantic_(1950),SC,0.02,19,0.06545771003200002,0.22973138617000002,0.05891193573953475,0.0065457710032,0.04594627723400001,0.118327409,0.0,0.0,0.0,Sm. Bathyp. fish,0.0,0.0,0.0,0.0,0.0,0.9,3.2892652629401553e-09,-1.0095999994352844e-08,0.0
28_28_Central_Atlantic_(1950),SC,0.02,18,12.22519406327412,59.3828355,3.573220730157866,8.651973314709084,11.8765671,35.2810745,0.0,0.0,0.0,Sm. Meso fish,0.0,0.0,0.0,0.0,0.0,0.292283356,1.8407170898626646e-08,-1.6327412311056833e-07,0.0
28_28_Central_Atlantic_(1950),SC,0.02,17,0.0003348901755,0.0079257341535,0.00030140115666829864,3.348901755e-05,0.0015851468307,0.006005697,0.0,0.0,0.0,Lg. Meso fish,0.0,0.0,0.0,0.0,0.0,0.9,1.2817013617973105e-12,1.4729999945478633e-10,0.0
28_28_Central_Atlantic_(1950),SC,0.02,16,2.418293435320515,14.779333033030326,2.1764249584475417,0.24182934353205143,2.9558666066060653,9.405173,3.90985e-05,0.0,0.0,Sm. Epi. fish,0.0,7.8197e-07,3.831653e-05,3.90985e-05,0.0,0.9,3.4840922147338915e-08,-8.896252623458167e-09,0.0
28_28_Central_Atlantic_(1950),SC,0.02,15,0.1059599016,0.7525932498796599,0.09523928587084607,0.010595990159999997,0.150518649975932,0.496114731,0.000124629,0.0,0.0,Md. Epi. fish,0.0,2.49258e-06,0.00012213641999999999,0.000124629,0.0,0.9,-3.4308460655774198e-09,-3.2696272078691635e-08,0.0
28_28_Central_Atlantic_(1950),SC,0.02,14,0.00984495897,0.12697145868897,0.007685239049978655,0.0018705422042999994,0.025394291737794002,0.091732204,0.000289178,0.0,0.0,Lg. Epi. fish,0.0,5.783560000000001e-06,0.00028339444,0.000289178,0.0,0.81,-2.8427865443603206e-10,3.981175999978603e-09,0.0
28_28_Central_Atlantic_(1950),SC,0.02,13,0.00064010414496,0.010287388044000001,6.401041000000001e-05,0.000576093730464,0.0020574776088000003,0.00758980634,0.0,0.0,0.0,Lg. Plank. fish,0.0,0.0,0.0,0.0,0.0,0.09999999999999998,4.496000034943937e-12,-4.9759998205223255e-11,0.0
28_28_Central_Atlantic_(1950),SC,0.02,12,2.1336802558309998e-05,0.00021225354904839998,6.401041000000001e-07,2.0696698481560696e-05,4.245070980968e-05,0.000148466032,0.0,0.0,0.0,Billfishes,0.0,0.0,0.0,0.0,0.0,0.030000000000000027,-2.3250698648292698e-14,4.680409976687977e-12,0.0
28_28_Central_Atlantic_(1950),SC,0.02,11,0.00032651159999999997,0.004353488,6.401041000000001e-07,0.00032587149593018877,0.0008706976,0.00315627875,0.0,0.0,0.0,Swordfish,0.0,0.0,0.0,0.0,0.0,0.0019604328600000276,-3.0188796341229507e-14,5.000000023389073e-11,0.0
28_28_Central_Atlantic_(1950),SC,0.02,10,0.01072980688,0.46030871515199995,0.0017776866754339626,0.008952120234131998,0.09206174303039999,0.357517153,0.0,0.0,0.0,Bigeye,0.0,0.0,0.0,0.0,0.0,0.16567741300000005,-2.9565960790733925e-11,1.2241599955942206e-08,0.0
28_28_Central_Atlantic_(1950),SC,0.02,9,0.0002486316,0.0059671584,9.575327449622515e-05,0.00015287832471324,0.00119343168,0.004525095,0.0,0.0,0.0,Albacore,0.0,0.0,0.0,0.0,0.0,0.3851211,7.90534846785429e-13,1.200000003878654e-10,0.0
28_28_Central_Atlantic_(1950),SC,0.02,8,0.00804781642,0.15322104854,0.001044242037497828,0.007003574237715865,0.030644209707999998,0.114529014,0.0,0.0,0.0,Skipjack,0.0,0.0,0.0,0.0,0.0,0.12975472199999993,1.4478630620817778e-10,8.411999999347053e-09,0.0
28_28_Central_Atlantic_(1950),SC,0.02,7,2.1533975999999998e-06,3.588996e-05,6.401041000000001e-07,6.160445043768214e-07,7.177992e-06,2.655857e-05,8.97249e-07,0.0,0.0,Bluefin,0.0,1.794498e-08,8.793040200000001e-07,8.97249e-07,0.0,0.713919759,-4.376821679337364e-15,3.999999997569316e-13,0.0
28_28_Central_Atlantic_(1950),SC,0.02,6,0.00010813669999999998,0.00239908993,6.988740116756793e-06,0.00010114795916850798,0.00047981798599999997,0.00181113509,0.0,0.0,0.0,Yellowfin,0.0,0.0,0.0,0.0,0.0,0.06462875999999995,7.147352100358301e-13,1.5400000003516767e-10,0.0
28_28_Central_Atlantic_(1950),SC,0.02,5,0.00249640599,0.06401040999999999,0.0005785155030430785,0.0018723044925,0.012802082,0.048711922,4.5586e-05,0.0,0.0,Pelagic sharks,0.0,9.1172e-07,4.467428e-05,4.5586e-05,0.0,0.25,-5.543078149261582e-12,9.999993888509806e-12,0.0
28_28_Central_Atlantic_(1950),SC,0.02,4,9.79823604992e-06,0.00919899290843,5.857542543244573e-06,3.940693277589222e-06,0.0018397985816859998,0.00734939566,0.0,0.0,0.0,Seabirds,0.0,0.0,0.0,0.0,0.0,0.59781605,2.290862049619249e-13,4.3069408022650135e-10,0.0
28_28_Central_Atlantic_(1950),SC,0.02,3,1.796872e-05,0.007911342611788,5.217438443244573e-06,1.275128168977432e-05,0.0015822685223576003,0.00631110556,0.0,0.0,0.0,Beaked whales,0.0,0.0,0.0,0.0,0.0,0.29036226900000006,-1.330188909053672e-13,-1.9056960089830488e-10,0.0
28_28_Central_Atlantic_(1950),SC,0.02,2,0.00156,0.52174383222,0.0008372185599812127,0.0007227814573199999,0.104348766444,0.415835053,0.0,0.0,0.0,Toothed whales,0.0,0.0,0.0,0.0,0.0,0.536678553,-1.730121276279084e-11,1.2775999980174646e-08,0.0
28_28_Central_Atlantic_(1950),SC,0.02,1,0.0008256798,0.1814176815802857,0.0005485316108812128,0.0002771482068003528,0.036283536316057144,0.144308478,0.0,0.0,0.0,Baleen whales,0.0,0.0,0.0,0.0,0.0,0.664339364,-1.76815656300483e-11,-1.2535771448662913e-08,0.0
28_28_Central_Atlantic_(1950),SM,0.02,39,-0.0,-0.0,0.0,0.0,0.0,0.0,0.0,0.0,0.0,diet_import,0.0,0.0,0.0,0.0,0.0,,-0.0,0.0,0.0
28_28_Central_Atlantic_(1950),SM,0.02,38,2777.8730330651924,2777.8730330651924,2718.2345000401283,0.0,0.0,0.0,0.0,59.638533025064135,0.0,Detritus,0.0,0.0,0.0,0.0,0.0,1.0,0.0,0.0,0.0
28_28_Central_Atlantic_(1950),SM,0.02,37,2964.2448555,2964.2448555,2304.4126302796485,659.8320120997337,0.0,0.0,0.0,0.0,0.0,Phytoplankton,0.0,0.0,0.0,0.0,0.0,0.777403,0.00021312061790013104,0.0,0.0
28_28_Central_Atlantic_(1950),SM,0.02,36,51.606198899999995,172.02066299999998,3.473465040262137,48.13273376183184,34.4041326,86.01033,0.0,0.0,0.0,Lg. Zoop. deep,0.0,0.0,0.0,0.0,0.0,0.06730712999999999,9.790602462089737e-08,1.499999996212864e-06,0.0
28_28_Central_Atlantic_(1950),SM,0.02,35,326.25349455,1088.1402679500002,136.65760187059252,189.59589687002213,217.62805359000004,544.2587,0.0,0.0,0.0,Sm. Zoop. deep,0.0,0.0,0.0,0.0,0.0,0.41886937599999996,-4.1906146179826465e-06,1.9810000139841577e-05,0.0
28_28_Central_Atlantic_(1950),SM,0.02,34,152.83878554999998,509.4626185,24.764043988060063,128.07474125496339,101.89252370000001,254.731323,0.0,0.0,0.0,Lg. Zoop. shlw,0.0,0.0,0.0,0.0,0.0,0.162027225,3.069765455165907e-07,-1.3749999965284587e-05,0.0
28_28_Central_Atlantic_(1950),SM,0.02,33,1141.8,3808.2000000000003,810.8210994383843,330.97876575719994,761.6400000000001,1904.76,0.0,0.0,0.0,Sm. Zoop. shlw,0.0,0.0,0.0,0.0,0.0,0.710125446,0.00013480441566571244,4.547473508864641e-13,0.0
28_28_Central_Atlantic_(1950),SM,0.02,32,415.91835,563.5749999999999,259.56446880550004,156.35385617274002,112.71499999999999,34.941597,0.0,0.0,0.0,Het. bacteria,0.0,0.0,0.0,0.0,0.0,0.6240755999999998,2.502175988183808e-05,5.2999999965663847e-05,0.0
28_28_Central_Atlantic_(1950),SM,0.02,31,0.43340000000000006,2.6398,0.041626123427598485,0.39177388030000004,0.5279600000000001,1.67843986,0.0,0.0,0.0,Megabenthos,0.0,0.0,0.0,0.0,0.0,0.0960455,-3.72759845213011e-09,1.3999999981528788e-07,0.0
28_28_Central_Atlantic_(1950),SM,0.02,30,0.369,3.6346499999999997,0.09863466851516114,0.270365328792,0.72693,2.53872,0.0,0.0,0.0,Macrobenthos,0.0,0.0,0.0,0.0,0.0,0.26730263200000004,2.6928388408009596e-09,0.0,0.0
28_28_Central_Atlantic_(1950),SM,0.02,29,2.214,22.287599999999998,0.5448121363030838,1.6691878621979999,4.45752,15.6160793,0.0,0.0,0.0,Meiobenthos,0.0,0.0,0.0,0.0,0.0,0.24607594300000002,1.4989161023493125e-09,6.99999999298484e-07,0.0
28_28_Central_Atlantic_(1950),SM,0.02,28,0.012723003955,0.02544600791,0.011450702967616381,0.0012723003954999996,0.005089201582,0.007633802,0.0,0.0,0.0,Benth. ceph.,0.0,0.0,0.0,0.0,0.0,0.9,5.918836185059284e-10,3.729999989432464e-10,0.0
28_28_Central_Atlantic_(1950),SM,0.02,27,0.5644206439999999,4.47855511,0.507978562200084,0.05644206439999998,0.8957110220000001,3.01842356,0.0,0.0,0.0,Lg Squids,0.0,0.0,0.0,0.0,0.0,0.9,1.739991595250956e-08,-1.1599999982792042e-07,0.0
28_28_Central_Atlantic_(1950),SM,0.02,26,1.9626521827999999,15.573218407,1.766386893631383,0.19626521827999993,3.1146436814000005,10.4959221,0.0,0.0,0.0,Sm Squids,0.0,0.0,0.0,0.0,0.0,0.9,7.08886169764611e-08,4.428000011102995e-07,0.0
28_28_Central_Atlantic_(1950),SM,0.02,25,0.029511966558754574,0.05365811909218538,0.028247997140988634,0.001263969107687661,0.010731623818437078,0.01341453,0.0,0.0,0.0,Lg. Bathyd. abs,0.0,0.0,0.0,0.0,0.0,0.957170963,3.100782790255163e-10,-1.2850062697938869e-09,0.0
28_28_Central_Atlantic_(1950),SM,0.02,24,0.032007212730000005,0.0581949347850468,0.03092652416753671,0.0010806897702190206,0.011638986957009361,0.014548731,0.0,0.0,0.0,Sm. Bathyd. abs,0.0,0.0,0.0,0.0,0.0,0.966236055,-1.207755728760418e-09,4.098037435437685e-09,0.0
28_28_Central_Atlantic_(1950),SM,0.02,23,0.0030136304000000004,0.00547932783219558,0.0019225564713861983,0.0010283943345452801,0.001095865566439116,0.00136983185,6.39589e-05,0.0,0.0,Lg. Bathyd. slp,0.0,1.279178e-06,6.267972199999999e-05,6.267972199999999e-05,0.0,0.6587523358719503,-1.2793147834491703e-10,1.5756463408317378e-11,0.0
28_28_Central_Atlantic_(1950),SM,0.02,22,0.005653607665707449,0.010279287244467,0.004260451747794523,0.0012087695257042863,0.0020558574488934002,0.00256982166,0.000188149,0.0,0.0,Sm. Bathyd. slp,0.0,3.76298e-06,0.00018438602,0.00018438602,0.0,0.786195010835965,3.72208640644911e-10,4.69866151195375e-10,0.0
28_28_Central_Atlantic_(1950),SM,0.02,21,0.006341536224000001,0.011508713888,0.005009813921588745,0.0013317226070399999,0.0023017427776000003,0.00286543486,0.0,0.0,0.0,Lg. Bathyp. fish,0.0,0.0,0.0,0.0,0.0,0.79,-3.046287441049733e-10,2.6399998940412894e-11,0.0
28_28_Central_Atlantic_(1950),SM,0.02,20,0.013441102436,0.020515366876,0.012096991849560989,0.0013441102435999997,0.0041030733752,0.00297118956,0.0,0.0,0.0,Md. Bathyp.fish,0.0,0.0,0.0,0.0,0.0,0.9,3.428390106530177e-10,1.5047999985841332e-09,0.0
28_28_Central_Atlantic_(1950),SM,0.02,19,0.06545771003200002,0.22973138617000002,0.05891193573953475,0.0065457710032,0.04594627723400001,0.118327409,0.0,0.0,0.0,Sm. Bathyp. fish,0.0,0.0,0.0,0.0,0.0,0.9,3.2892652629401553e-09,-1.0095999994352844e-08,0.0
28_28_Central_Atlantic_(1950),SM,0.02,18,12.22519406327412,59.3828355,3.573220730157866,8.651973314709084,11.8765671,35.2810745,0.0,0.0,0.0,Sm. Meso fish,0.0,0.0,0.0,0.0,0.0,0.292283356,1.8407170898626646e-08,-1.6327412311056833e-07,0.0
28_28_Central_Atlantic_(1950),SM,0.02,17,0.0003348901755,0.0079257341535,0.00030140115666829864,3.348901755e-05,0.0015851468307,0.006005697,0.0,0.0,0.0,Lg. Meso fish,0.0,0.0,0.0,0.0,0.0,0.9,1.2817013617973105e-12,1.4729999945478633e-10,0.0
28_28_Central_Atlantic_(1950),SM,0.02,16,2.418293435320515,14.779333033030326,2.1764249584475417,0.24183012550205144,2.9558666066060653,9.405173,3.90985e-05,0.0,0.0,Sm. Epi. fish,0.0,7.8197e-07,3.831653e-05,3.831653e-05,0.0,0.8999996766438727,3.4840921703249705e-08,-8.896252623458167e-09,0.0
28_28_Central_Atlantic_(1950),SM,0.02,15,0.1059599016,0.7525932498796599,0.09523928587084607,0.010598482739999996,0.150518649975932,0.496114731,0.000124629,0.0,0.0,Md. Epi. fish,0.0,2.49258e-06,0.00012213641999999999,0.00012213641999999999,0.0,0.8999764761955952,-3.4308460655774198e-09,-3.2696272078691635e-08,0.0
28_28_Central_Atlantic_(1950),SM,0.02,14,0.00984495897,0.12697145868897,0.007685239049978655,0.0018763257642999995,0.025394291737794002,0.091732204,0.000289178,0.0,0.0,Lg. Epi. fish,0.0,5.783560000000001e-06,0.00028339444,0.00028339444,0.0,0.8094125358960231,-2.8427865443603206e-10,3.981175999978603e-09,0.0
28_28_Central_Atlantic_(1950),SM,0.02,13,0.00064010414496,0.010287388044000001,6.401041000000001e-05,0.000576093730464,0.0020574776088000003,0.00758980634,0.0,0.0,0.0,Lg. Plank. fish,0.0,0.0,0.0,0.0,0.0,0.09999999999999998,4.496000034943937e-12,-4.9759998205223255e-11,0.0
28_28_Central_Atlantic_(1950),SM,0.02,12,2.1336802558309998e-05,0.00021225354904839998,6.401041000000001e-07,2.0696698481560696e-05,4.245070980968e-05,0.000148466032,0.0,0.0,0.0,Billfishes,0.0,0.0,0.0,0.0,0.0,0.030000000000000027,-2.3250698648292698e-14,4.680409976687977e-12,0.0
28_28_Central_Atlantic_(1950),SM,0.02,11,0.00032651159999999997,0.004353488,6.401041000000001e-07,0.00032587149593018877,0.0008706976,0.00315627875,0.0,0.0,0.0,Swordfish,0.0,0.0,0.0,0.0,0.0,0.0019604328600000276,-3.0188796341229507e-14,5.000000023389073e-11,0.0
28_28_Central_Atlantic_(1950),SM,0.02,10,0.01072980688,0.46030871515199995,0.0017776866754339626,0.008952120234131998,0.09206174303039999,0.357517153,0.0,0.0,0.0,Bigeye,0.0,0.0,0.0,0.0,0.0,0.16567741300000005,-2.9565960790733925e-11,1.2241599955942206e-08,0.0
28_28_Central_Atlantic_(1950),SM,0.02,9,0.0002486316,0.0059671584,9.575327449622515e-05,0.00015287832471324,0.00119343168,0.004525095,0.0,0.0,0.0,Albacore,0.0,0.0,0.0,0.0,0.0,0.3851211,7.90534846785429e-13,1.200000003878654e-10,0.0
28_28_Central_Atlantic_(1950),SM,0.02,8,0.00804781642,0.15322104854,0.001044242037497828,0.007003574237715865,0.030644209707999998,0.114529014,0.0,0.0,0.0,Skipjack,0.0,0.0,0.0,0.0,0.0,0.12975472199999993,1.4478630620817778e-10,8.411999999347053e-09,0.0
28_28_Central_Atlantic_(1950),SM,0.02,7,2.1533975999999998e-06,3.588996e-05,6.401041000000001e-07,6.339894843768214e-07,7.177992e-06,2.655857e-05,8.97249e-07,0.0,0.0,Bluefin,0.0,1.794498e-08,8.793040200000001e-07,8.793040200000001e-07,0.0,0.7055864256666667,-4.376821679337364e-15,3.999999997569316e-13,0.0
28_28_Central_Atlantic_(1950),SM,0.02,6,0.00010813669999999998,0.00239908993,6.988740116756793e-06,0.00010114795916850798,0.00047981798599999997,0.00181113509,0.0,0.0,0.0,Yellowfin,0.0,0.0,0.0,0.0,0.0,0.06462875999999995,7.147352100358301e-13,1.5400000003516767e-10,0.0
28_28_Central_Atlantic_(1950),SM,0.02,5,0.00249640599,0.06401040999999999,0.0005785155030430785,0.0018732162125,0.012802082,0.048711922,4.5586e-05,0.0,0.0,Pelagic sharks,0.0,9.1172e-07,4.467428e-05,4.467428e-05,0.0,0.24963478696828478,-5.543078149261582e-12,9.999993888509806e-12,0.0
28_28_Central_Atlantic_(1950),SM,0.02,4,9.79823604992e-06,0.00919899290843,5.857542543244573e-06,3.940693277589222e-06,0.0018397985816859998,0.00734939566,0.0,0.0,0.0,Seabirds,0.0,0.0,0.0,0.0,0.0,0.59781605,2.290862049619249e-13,4.3069408022650135e-10,0.0
28_28_Central_Atlantic_(1950),SM,0.02,3,1.796872e-05,0.007911342611788,5.217438443244573e-06,1.275128168977432e-05,0.0015822685223576003,0.00631110556,0.0,0.0,0.0,Beaked whales,0.0,0.0,0.0,0.0,0.0,0.29036226900000006,-1.330188909053672e-13,-1.9056960089830488e-10,0.0
28_28_Central_Atlantic_(1950),SM,0.02,2,0.00156,0.52174383222,0.0008372185599812127,0.0007227814573199999,0.104348766444,0.415835053,0.0,0.0,0.0,Toothed whales,0.0,0.0,0.0,0.0,0.0,0.536678553,-1.730121276279084e-11,1.2775999980174646e-08,0.0
28_28_Central_Atlantic_(1950),SM,0.02,1,0.0008256798,0.1814176815802857,0.0005485316108812128,0.0002771482068003528,0.036283536316057144,0.144308478,0.0,0.0,0.0,Baleen whales,0.0,0.0,0.0,0.0,0.0,0.664339364,-1.76815656300483e-11,-1.2535771448662913e-08,0.0
28_28_Central_Atlantic_(1950),SE,0.02,39,-0.0,-0.0,0.0,0.0,0.0,0.0,0.0,0.0,0.0,diet_import,0.0,0.0,0.0,0.0,0.0,,-0.0,0.0,0.0
28_28_Central_Atlantic_(1950),SE,0.02,38,2777.8730180352595,2777.8730180352595,2718.2345000401283,0.0,0.0,0.0,0.0,59.638517995131224,0.0,Detritus,0.0,0.0,0.0,0.0,0.0,1.0,0.0,0.0,0.0
28_28_Central_Atlantic_(1950),SE,0.02,37,2964.2448555,2964.2448555,2304.4126302796485,659.8320120997337,0.0,0.0,0.0,0.0,0.0,Phytoplankton,0.0,0.0,0.0,0.0,0.0,0.777403,0.00021312061790013104,0.0,0.0
28_28_Central_Atlantic_(1950),SE,0.02,36,51.606198899999995,172.02066299999998,3.473465040262137,48.13273376183184,34.4041326,86.01033,0.0,0.0,0.0,Lg. Zoop. deep,0.0,0.0,0.0,0.0,0.0,0.06730712999999999,9.790602462089737e-08,1.499999996212864e-06,0.0
28_28_Central_Atlantic_(1950),SE,0.02,35,326.25349455,1088.1402679500002,136.65760187059252,189.59589687002213,217.62805359000004,544.2587,0.0,0.0,0.0,Sm. Zoop. deep,0.0,0.0,0.0,0.0,0.0,0.41886937599999996,-4.1906146179826465e-06,1.9810000139841577e-05,0.0
28_28_Central_Atlantic_(1950),SE,0.02,34,152.83878554999998,509.4626185,24.764043988060063,128.07474125496339,101.89252370000001,254.731323,0.0,0.0,0.0,Lg. Zoop. shlw,0.0,0.0,0.0,0.0,0.0,0.162027225,3.069765455165907e-07,-1.3749999965284587e-05,0.0
28_28_Central_Atlantic_(1950),SE,0.02,33,1141.8,3808.2000000000003,810.8210994383843,330.97876575719994,761.6400000000001,1904.76,0.0,0.0,0.0,Sm. Zoop. shlw,0.0,0.0,0.0,0.0,0.0,0.710125446,0.00013480441566571244,4.547473508864641e-13,0.0
28_28_Central_Atlantic_(1950),SE,0.02,32,415.91835,563.5749999999999,259.56446880550004,156.35385617274002,112.71499999999999,34.941597,0.0,0.0,0.0,Het. bacteria,0.0,0.0,0.0,0.0,0.0,0.6240755999999998,2.502175988183808e-05,5.2999999965663847e-05,0.0
28_28_Central_Atlantic_(1950),SE,0.02,31,0.43340000000000006,2.6398,0.041626123427598485,0.39177388030000004,0.5279600000000001,1.67843986,0.0,0.0,0.0,Megabenthos,0.0,0.0,0.0,0.0,0.0,0.0960455,-3.72759845213011e-09,1.3999999981528788e-07,0.0
28_28_Central_Atlantic_(1950),SE,0.02,30,0.369,3.6346499999999997,0.09863466851516114,0.270365328792,0.72693,2.53872,0.0,0.0,0.0,Macrobenthos,0.0,0.0,0.0,0.0,0.0,0.26730263200000004,2.6928388408009596e-09,0.0,0.0
28_28_Central_Atlantic_(1950),SE,0.02,29,2.214,22.287599999999998,0.5448121363030838,1.6691878621979999,4.45752,15.6160793,0.0,0.0,0.0,Meiobenthos,0.0,0.0,0.0,0.0,0.0,0.24607594300000002,1.4989161023493125e-09,6.99999999298484e-07,0.0
28_28_Central_Atlantic_(1950),SE,0.02,28,0.012723003955,0.02544600791,0.011450702967616381,0.0012723003954999996,0.005089201582,0.007633802,0.0,0.0,0.0,Benth. ceph.,0.0,0.0,0.0,0.0,0.0,0.9,5.918836185059284e-10,3.729999989432464e-10,0.0
28_28_Central_Atlantic_(1950),SE,0.02,27,0.5644206439999999,4.47855511,0.507978562200084,0.05644206439999998,0.8957110220000001,3.01842356,0.0,0.0,0.0,Lg Squids,0.0,0.0,0.0,0.0,0.0,0.9,1.739991595250956e-08,-1.1599999982792042e-07,0.0
28_28_Central_Atlantic_(1950),SE,0.02,26,1.9626521827999999,15.573218407,1.766386893631383,0.19626521827999993,3.1146436814000005,10.4959221,0.0,0.0,0.0,Sm Squids,0.0,0.0,0.0,0.0,0.0,0.9,7.08886169764611e-08,4.428000011102995e-07,0.0
28_28_Central_Atlantic_(1950),SE,0.02,25,0.029511966558754574,0.05365811909218538,0.028247997140988634,0.001263969107687661,0.010731623818437078,0.01341453,0.0,0.0,0.0,Lg. Bathyd. abs,0.0,0.0,0.0,0.0,0.0,0.957170963,3.100782790255163e-10,-1.2850062697938869e-09,0.0
28_28_Central_Atlantic_(1950),SE,0.02,24,0.032007212730000005,0.0581949347850468,0.03092652416753671,0.0010806897702190206,0.011638986957009361,0.014548731,0.0,0.0,0.0,Sm. Bathyd. abs,0.0,0.0,0.0,0.0,0.0,0.966236055,-1.207755728760418e-09,4.098037435437685e-09,0.0
28_28_Central_Atlantic_(1950),SE,0.02,23,0.0030136304000000004,0.00547932783219558,0.0019225564713861983,0.00102711515654528,0.001095865566439116,0.00136983185,6.39589e-05,0.0,0.0,Lg. Bathyd. slp,1.279178e-06,1.279178e-06,6.267972199999999e-05,6.267972199999999e-05,0.0,0.6591768,-1.2793147834491703e-10,1.5756463408317378e-11,0.0
28_28_Central_Atlantic_(1950),SE,0.02,22,0.005653607665707449,0.010279287244467,0.004260451747794523,0.0012050065457042862,0.0020558574488934002,0.00256982166,0.000188149,0.0,0.0,Sm. Bathyd. slp,3.76298e-06,3.76298e-06,0.00018438602,0.00018438602,0.0,0.7868606,3.72208640644911e-10,4.69866151195375e-10,0.0
28_28_Central_Atlantic_(1950),SE,0.02,21,0.006341536224000001,0.011508713888,0.005009813921588745,0.0013317226070399999,0.0023017427776000003,0.00286543486,0.0,0.0,0.0,Lg. Bathyp. fish,0.0,0.0,0.0,0.0,0.0,0.79,-3.046287441049733e-10,2.6399998940412894e-11,0.0
28_28_Central_Atlantic_(1950),SE,0.02,20,0.013441102436,0.020515366876,0.012096991849560989,0.0013441102435999997,0.0041030733752,0.00297118956,0.0,0.0,0.0,Md. Bathyp.fish,0.0,0.0,0.0,0.0,0.0,0.9,3.428390106530177e-10,1.5047999985841332e-09,0.0
28_28_Central_Atlantic_(1950),SE,0.02,19,0.06545771003200002,0.22973138617000002,0.05891193573953475,0.0065457710032,0.04594627723400001,0.118327409,0.0,0.0,0.0,Sm. Bathyp. fish,0.0,0.0,0.0,0.0,0.0,0.9,3.2892652629401553e-09,-1.0095999994352844e-08,0.0
28_28_Central_Atlantic_(1950),SE,0.02,18,12.22519406327412,59.3828355,3.573220730157866,8.651973314709084,11.8765671,35.2810745,0.0,0.0,0.0,Sm. Meso fish,0.0,0.0,0.0,0.0,0.0,0.292283356,1.8407170898626646e-08,-1.6327412311056833e-07,0.0
28_28_Central_Atlantic_(1950),SE,0.02,17,0.0003348901755,0.0079257341535,0.00030140115666829864,3.348901755e-05,0.0015851468307,0.006005697,0.0,0.0,0.0,Lg. Meso fish,0.0,0.0,0.0,0.0,0.0,0.9,1.2817013617973105e-12,1.4729999945478633e-10,0.0
28_28_Central_Atlantic_(1950),SE,0.02,16,2.418293435320515,14.779333033030326,2.1764249584475417,0.24182934353205143,2.9558666066060653,9.405173,3.90985e-05,0.0,0.0,Sm. Epi. fish,7.8197e-07,7.8197e-07,3.831653e-05,3.831653e-05,0.0,0.9,3.4840922147338915e-08,-8.896252623458167e-09,0.0
28_28_Central_Atlantic_(1950),SE,0.02,15,0.1059599016,0.7525932498796599,0.09523928587084607,0.010595990159999997,0.150518649975932,0.496114731,0.000124629,0.0,0.0,Md. Epi. fish,2.49258e-06,2.49258e-06,0.00012213641999999999,0.00012213641999999999,0.0,0.9,-3.4308460655774198e-09,-3.2696272078691635e-08,0.0
28_28_Central_Atlantic_(1950),SE,0.02,14,0.00984495897,0.12697145868897,0.007685239049978655,0.0018705422042999994,0.025394291737794002,0.091732204,0.000289178,0.0,0.0,Lg. Epi. fish,5.783560000000001e-06,5.783560000000001e-06,0.00028339444,0.00028339444,0.0,0.81,-2.8427865443603206e-10,3.981175999978603e-09,0.0
28_28_Central_Atlantic_(1950),SE,0.02,13,0.00064010414496,0.010287388044000001,6.401041000000001e-05,0.000576093730464,0.0020574776088000003,0.00758980634,0.0,0.0,0.0,Lg. Plank. fish,0.0,0.0,0.0,0.0,0.0,0.09999999999999998,4.496000034943937e-12,-4.9759998205223255e-11,0.0
28_28_Central_Atlantic_(1950),SE,0.02,12,2.1336802558309998e-05,0.00021225354904839998,6.401041000000001e-07,2.0696698481560696e-05,4.245070980968e-05,0.000148466032,0.0,0.0,0.0,Billfishes,0.0,0.0,0.0,0.0,0.0,0.030000000000000027,-2.3250698648292698e-14,4.680409976687977e-12,0.0
28_28_Central_Atlantic_(1950),SE,0.02,11,0.00032651159999999997,0.004353488,6.401041000000001e-07,0.00032587149593018877,0.0008706976,0.00315627875,0.0,0.0,0.0,Swordfish,0.0,0.0,0.0,0.0,0.0,0.0019604328600000276,-3.0188796341229507e-14,5.000000023389073e-11,0.0
28_28_Central_Atlantic_(1950),SE,0.02,10,0.01072980688,0.46030871515199995,0.0017776866754339626,0.008952120234131998,0.09206174303039999,0.357517153,0.0,0.0,0.0,Bigeye,0.0,0.0,0.0,0.0,0.0,0.16567741300000005,-2.9565960790733925e-11,1.2241599955942206e-08,0.0
28_28_Central_Atlantic_(1950),SE,0.02,9,0.0002486316,0.0059671584,9.575327449622515e-05,0.00015287832471324,0.00119343168,0.004525095,0.0,0.0,0.0,Albacore,0.0,0.0,0.0,0.0,0.0,0.3851211,7.90534846785429e-13,1.200000003878654e-10,0.0
28_28_Central_Atlantic_(1950),SE,0.02,8,0.00804781642,0.15322104854,0.001044242037497828,0.007003574237715865,0.030644209707999998,0.114529014,0.0,0.0,0.0,Skipjack,0.0,0.0,0.0,0.0,0.0,0.12975472199999993,1.4478630620817778e-10,8.411999999347053e-09,0.0
28_28_Central_Atlantic_(1950),SE,0.02,7,2.1533975999999998e-06,3.588996e-05,6.401041000000001e-07,6.160445043768214e-07,7.177992e-06,2.655857e-05,8.97249e-07,0.0,0.0,Bluefin,1.794498e-08,1.794498e-08,8.793040200000001e-07,8.793040200000001e-07,0.0,0.713919759,-4.376821679337364e-15,3.999999997569316e-13,0.0
28_28_Central_Atlantic_(1950),SE,0.02,6,0.00010813669999999998,0.00239908993,6.988740116756793e-06,0.00010114795916850798,0.00047981798599999997,0.00181113509,0.0,0.0,0.0,Yellowfin,0.0,0.0,0.0,0.0,0.0,0.06462875999999995,7.147352100358301e-13,1.5400000003516767e-10,0.0
28_28_Central_Atlantic_(1950),SE,0.02,5,0.00249640599,0.06401040999999999,0.0005785155030430785,0.0018723044925,0.012802082,0.048711922,4.5586e-05,0.0,0.0,Pelagic sharks,9.1172e-07,9.1172e-07,4.467428e-05,4.467428e-05,0.0,0.25,-5.543078149261582e-12,9.999993888509806e-12,0.0
28_28_Central_Atlantic_(1950),SE,0.02,4,9.79823604992e-06,0.00919899290843,5.857542543244573e-06,3.940693277589222e-06,0.0018397985816859998,0.00734939566,0.0,0.0,0.0,Seabirds,0.0,0.0,0.0,0.0,0.0,0.59781605,2.290862049619249e-13,4.3069408022650135e-10,0.0
28_28_Central_Atlantic_(1950),SE,0.02,3,1.796872e-05,0.007911342611788,5.217438443244573e-06,1.275128168977432e-05,0.0015822685223576003,0.00631110556,0.0,0.0,0.0,Beaked whales,0.0,0.0,0.0,0.0,0.0,0.29036226900000006,-1.330188909053672e-13,-1.9056960089830488e-10,0.0
28_28_Central_Atlantic_(1950),SE,0.02,2,0.00156,0.52174383222,0.0008372185599812127,0.0007227814573199999,0.104348766444,0.415835053,0.0,0.0,0.0,Toothed whales,0.0,0.0,0.0,0.0,0.0,0.536678553,-1.730121276279084e-11,1.2775999980174646e-08,0.0
28_28_Central_Atlantic_(1950),SE,0.02,1,0.0008256798,0.1814176815802857,0.0005485316108812128,0.0002771482068003528,0.036283536316057144,0.144308478,0.0,0.0,0.0,Baleen whales,0.0,0.0,0.0,0.0,0.0,0.664339364,-1.76815656300483e-11,-1.2535771448662913e-08,0.0
28_28_Central_Atlantic_(1950),SC,0.03,39,-0.0,-0.0,0.0,0.0,0.0,0.0,0.0,0.0,0.0,diet_import,0.0,0.0,0.0,0.0,0.0,,-0.0,0.0,0.0
28_28_Central_Atlantic_(1950),SC,0.03,38,2777.8730180352595,2777.8730180352595,2718.2345000401283,0.0,0.0,0.0,0.0,59.638517995131224,0.0,Detritus,0.0,0.0,0.0,0.0,0.0,1.0,0.0,0.0,0.0
28_28_Central_Atlantic_(1950),SC,0.03,37,2964.2448555,2964.2448555,2304.4126302796485,659.8320120997337,0.0,0.0,0.0,0.0,0.0,Phytoplankton,0.0,0.0,0.0,0.0,0.0,0.777403,0.00021312061790013104,0.0,0.0
28_28_Central_Atlantic_(1950),SC,0.03,36,51.606198899999995,172.02066299999998,3.473465040262137,48.13273376183184,34.4041326,86.01033,0.0,0.0,0.0,Lg. Zoop. deep,0.0,0.0,0.0,0.0,0.0,0.06730712999999999,9.790602462089737e-08,1.499999996212864e-06,0.0
28_28_Central_Atlantic_(1950),SC,0.03,35,326.25349455,1088.1402679500002,136.65760187059252,189.59589687002213,217.62805359000004,544.2587,0.0,0.0,0.0,Sm. Zoop. deep,0.0,0.0,0.0,0.0,0.0,0.41886937599999996,-4.1906146179826465e-06,1.9810000139841577e-05,0.0
28_28_Central_Atlantic_(1950),SC,0.03,34,152.83878554999998,509.4626185,24.764043988060063,128.07474125496339,101.89252370000001,254.731323,0.0,0.0,0.0,Lg. Zoop. shlw,0.0,0.0,0.0,0.0,0.0,0.162027225,3.069765455165907e-07,-1.3749999965284587e-05,0.0
28_28_Central_Atlantic_(1950),SC,0.03,33,1141.8,3808.2000000000003,810.8210994383843,330.97876575719994,761.6400000000001,1904.76,0.0,0.0,0.0,Sm. Zoop. shlw,0.0,0.0,0.0,0.0,0.0,0.710125446,0.00013480441566571244,4.547473508864641e-13,0.0
28_28_Central_Atlantic_(1950),SC,0.03,32,415.91835,563.5749999999999,259.56446880550004,156.35385617274002,112.71499999999999,34.941597,0.0,0.0,0.0,Het. bacteria,0.0,0.0,0.0,0.0,0.0,0.6240755999999998,2.502175988183808e-05,5.2999999965663847e-05,0.0
28_28_Central_Atlantic_(1950),SC,0.03,31,0.43340000000000006,2.6398,0.041626123427598485,0.39177388030000004,0.5279600000000001,1.67843986,0.0,0.0,0.0,Megabenthos,0.0,0.0,0.0,0.0,0.0,0.0960455,-3.72759845213011e-09,1.3999999981528788e-07,0.0
28_28_Central_Atlantic_(1950),SC,0.03,30,0.369,3.6346499999999997,0.09863466851516114,0.270365328792,0.72693,2.53872,0.0,0.0,0.0,Macrobenthos,0.0,0.0,0.0,0.0,0.0,0.26730263200000004,2.6928388408009596e-09,0.0,0.0
28_28_Central_Atlantic_(1950),SC,0.03,29,2.214,22.287599999999998,0.5448121363030838,1.6691878621979999,4.45752,15.6160793,0.0,0.0,0.0,Meiobenthos,0.0,0.0,0.0,0.0,0.0,0.24607594300000002,1.4989161023493125e-09,6.99999999298484e-07,0.0
28_28_Central_Atlantic_(1950),SC,0.03,28,0.012723003955,0.02544600791,0.011450702967616381,0.0012723003954999996,0.005089201582,0.007633802,0.0,0.0,0.0,Benth. ceph.,0.0,0.0,0.0,0.0,0.0,0.9,5.918836185059284e-10,3.729999989432464e-10,0.0
28_28_Central_Atlantic_(1950),SC,0.03,27,0.5644206439999999,4.47855511,0.507978562200084,0.05644206439999998,0.8957110220000001,3.01842356,0.0,0.0,0.0,Lg Squids,0.0,0.0,0.0,0.0,0.0,0.9,1.739991595250956e-08,-1.1599999982792042e-07,0.0
28_28_Central_Atlantic_(1950),SC,0.03,26,1.9626521827999999,15.573218407,1.766386893631383,0.19626521827999993,3.1146436814000005,10.4959221,0.0,0.0,0.0,Sm Squids,0.0,0.0,0.0,0.0,0.0,0.9,7.08886169764611e-08,4.428000011102995e-07,0.0
28_28_Central_Atlantic_(1950),SC,0.03,25,0.029511966558754574,0.05365811909218538,0.028247997140988634,0.001263969107687661,0.010731623818437078,0.01341453,0.0,0.0,0.0,Lg. Bathyd. abs,0.0,0.0,0.0,0.0,0.0,0.957170963,3.100782790255163e-10,-1.2850062697938869e-09,0.0
28_28_Central_Atlantic_(1950),SC,0.03,24,0.032007212730000005,0.0581949347850468,0.03092652416753671,0.0010806897702190206,0.011638986957009361,0.014548731,0.0,0.0,0.0,Sm. Bathyd. abs,0.0,0.0,0.0,0.0,0.0,0.966236055,-1.207755728760418e-09,4.098037435437685e-09,0.0
28_28_Central_Atlantic_(1950),SC,0.03,23,0.0030136304000000004,0.00547932783219558,0.0019225564713861983,0.00102711515654528,0.001095865566439116,0.00136983185,6.39589e-05,0.0,0.0,Lg. Bathyd. slp,0.0,1.918767e-06,6.204013299999999e-05,6.39589e-05,0.0,0.6591768,-1.2793147834491703e-10,1.5756463408317378e-11,0.0
28_28_Central_Atlantic_(1950),SC,0.03,22,0.005653607665707449,0.010279287244467,0.004260451747794523,0.0012050065457042862,0.0020558574488934002,0.00256982166,0.000188149,0.0,0.0,Sm. Bathyd. slp,0.0,5.6444699999999995e-06,0.00018250453,0.000188149,0.0,0.7868606,3.7220863977754926e-10,4.69866151195375e-10,0.0
28_28_Central_Atlantic_(1950),SC,0.03,21,0.006341536224000001,0.011508713888,0.005009813921588745,0.0013317226070399999,0.0023017427776000003,0.00286543486,0.0,0.0,0.0,Lg. Bathyp. fish,0.0,0.0,0.0,0.0,0.0,0.79,-3.046287441049733e-10,2.6399998940412894e-11,0.0
28_28_Central_Atlantic_(1950),SC,0.03,20,0.013441102436,0.020515366876,0.012096991849560989,0.0013441102435999997,0.0041030733752,0.00297118956,0.0,0.0,0.0,Md. Bathyp.fish,0.0,0.0,0.0,0.0,0.0,0.9,3.428390106530177e-10,1.5047999985841332e-09,0.0
28_28_Central_Atlantic_(1950),SC,0.03,19,0.06545771003200002,0.22973138617000002,0.05891193573953475,0.0065457710032,0.04594627723400001,0.118327409,0.0,0.0,0.0,Sm. Bathyp. fish,0.0,0.0,0.0,0.0,0.0,0.9,3.2892652629401553e-09,-1.0095999994352844e-08,0.0
28_28_Central_Atlantic_(1950),SC,0.03,18,12.22519406327412,59.3828355,3.573220730157866,8.651973314709084,11.8765671,35.2810745,0.0,0.0,0.0,Sm. Meso fish,0.0,0.0,0.0,0.0,0.0,0.292283356,1.8407170898626646e-08,-1.6327412311056833e-07,0.0
28_28_Central_Atlantic_(1950),SC,0.03,17,0.0003348901755,0.0079257341535,0.00030140115666829864,3.348901755e-05,0.0015851468307,0.006005697,0.0,0.0,0.0,Lg. Meso fish,0.0,0.0,0.0,0.0,0.0,0.9,1.2817013617973105e-12,1.4729999945478633e-10,0.0
28_28_Central_Atlantic_(1950),SC,0.03,16,2.418293435320515,14.779333033030326,2.1764249584475417,0.24182934353205143,2.9558666066060653,9.405173,3.90985e-05,0.0,0.0,Sm. Epi. fish,0.0,1.1729549999999999e-06,3.7925545e-05,3.90985e-05,0.0,0.9,3.4840922147338915e-08,-8.896252623458167e-09,0.0
28_28_Central_Atlantic_(1950),SC,0.03,15,0.1059599016,0.7525932498796599,0.09523928587084607,0.010595990159999997,0.150518649975932,0.496114731,0.000124629,0.0,0.0,Md. Epi. fish,0.0,3.7388699999999995e-06,0.00012089012999999998,0.000124629,0.0,0.9,-3.4308460655774198e-09,-3.2696272078691635e-08,0.0
28_28_Central_Atlantic_(1950),SC,0.03,14,0.00984495897,0.12697145868897,0.007685239049978655,0.0018705422042999994,0.025394291737794002,0.091732204,0.000289178,0.0,0.0,Lg. Epi. fish,0.0,8.675340000000001e-06,0.00028050266,0.000289178,0.0,0.81,-2.8427865443603206e-10,3.981175999978603e-09,0.0
28_28_Central_Atlantic_(1950),SC,0.03,13,0.00064010414496,0.010287388044000001,6.401041000000001e-05,0.000576093730464,0.0020574776088000003,0.00758980634,0.0,0.0,0.0,Lg. Plank. fish,0.0,0.0,0.0,0.0,0.0,0.09999999999999998,4.496000034943937e-12,-4.9759998205223255e-11,0.0
28_28_Central_Atlantic_(1950),SC,0.03,12,2.1336802558309998e-05,0.00021225354904839998,6.401041000000001e-07,2.0696698481560696e-05,4.245070980968e-05,0.000148466032,0.0,0.0,0.0,Billfishes,0.0,0.0,0.0,0.0,0.0,0.030000000000000027,-2.3250698648292698e-14,4.680409976687977e-12,0.0
28_28_Central_Atlantic_(1950),SC,0.03,11,0.00032651159999999997,0.004353488,6.401041000000001e-07,0.00032587149593018877,0.0008706976,0.00315627875,0.0,0.0,0.0,Swordfish,0.0,0.0,0.0,0.0,0.0,0.0019604328600000276,-3.0188796341229507e-14,5.000000023389073e-11,0.0
28_28_Central_Atlantic_(1950),SC,0.03,10,0.01072980688,0.46030871515199995,0.0017776866754339626,0.008952120234131998,0.09206174303039999,0.357517153,0.0,0.0,0.0,Bigeye,0.0,0.0,0.0,0.0,0.0,0.16567741300000005,-2.9565960790733925e-11,1.2241599955942206e-08,0.0
28_28_Central_Atlantic_(1950),SC,0.03,9,0.0002486316,0.0059671584,9.575327449622515e-05,0.00015287832471324,0.00119343168,0.004525095,0.0,0.0,0.0,Albacore,0.0,0.0,0.0,0.0,0.0,0.3851211,7.90534846785429e-13,1.200000003878654e-10,0.0
28_28_Central_Atlantic_(1950),SC,0.03,8,0.00804781642,0.15322104854,0.001044242037497828,0.007003574237715865,0.030644209707999998,0.114529014,0.0,0.0,0.0,Skipjack,0.0,0.0,0.0,0.0,0.0,0.12975472199999993,1.4478630620817778e-10,8.411999999347053e-09,0.0
28_28_Central_Atlantic_(1950),SC,0.03,7,2.1533975999999998e-06,3.588996e-05,6.401041000000001e-07,6.160445043768214e-07,7.177992e-06,2.655857e-05,8.97249e-07,0.0,0.0,Bluefin,0.0,2.691747e-08,8.7033153e-07,8.97249e-07,0.0,0.713919759,-4.376821679337364e-15,3.999999997569316e-13,0.0
28_28_Central_Atlantic_(1950),SC,0.03,6,0.00010813669999999998,0.00239908993,6.988740116756793e-06,0.00010114795916850798,0.00047981798599999997,0.00181113509,0.0,0.0,0.0,Yellowfin,0.0,0.0,0.0,0.0,0.0,0.06462875999999995,7.147352100358301e-13,1.5400000003516767e-10,0.0
28_28_Central_Atlantic_(1950),SC,0.03,5,0.00249640599,0.06401040999999999,0.0005785155030430785,0.0018723044925,0.012802082,0.048711922,4.5586e-05,0.0,0.0,Pelagic sharks,0.0,1.36758e-06,4.421842e-05,4.5586e-05,0.0,0.25,-5.543078149261582e-12,9.999993888509806e-12,0.0
28_28_Central_Atlantic_(1950),SC,0.03,4,9.79823604992e-06,0.00919899290843,5.857542543244573e-06,3.940693277589222e-06,0.0018397985816859998,0.00734939566,0.0,0.0,0.0,Seabirds,0.0,0.0,0.0,0.0,0.0,0.59781605,2.290862049619249e-13,4.3069408022650135e-10,0.0
28_28_Central_Atlantic_(1950),SC,0.03,3,1.796872e-05,0.007911342611788,5.217438443244573e-06,1.275128168977432e-05,0.0015822685223576003,0.00631110556,0.0,0.0,0.0,Beaked whales,0.0,0.0,0.0,0.0,0.0,0.29036226900000006,-1.330188909053672e-13,-1.9056960089830488e-10,0.0
28_28_Central_Atlantic_(1950),SC,0.03,2,0.00156,0.52174383222,0.0008372185599812127,0.0007227814573199999,0.104348766444,0.415835053,0.0,0.0,0.0,Toothed whales,0.0,0.0,0.0,0.0,0.0,0.536678553,-1.730121276279084e-11,1.2775999980174646e-08,0.0
28_28_Central_Atlantic_(1950),SC,0.03,1,0.0008256798,0.1814176815802857,0.0005485316108812128,0.0002771482068003528,0.036283536316057144,0.144308478,0.0,0.0,0.0,Baleen whales,0.0,0.0,0.0,0.0,0.0,0.664339364,-1.76815656300483e-11,-1.2535771448662913e-08,0.0
28_28_Central_Atlantic_(1950),SM,0.03,39,-0.0,-0.0,0.0,0.0,0.0,0.0,0.0,0.0,0.0,diet_import,0.0,0.0,0.0,0.0,0.0,,-0.0,0.0,0.0
28_28_Central_Atlantic_(1950),SM,0.03,38,2777.873040580159,2777.873040580159,2718.2345000401283,0.0,0.0,0.0,0.0,59.63854054003059,0.0,Detritus,0.0,0.0,0.0,0.0,0.0,1.0,0.0,0.0,0.0
28_28_Central_Atlantic_(1950),SM,0.03,37,2964.2448555,2964.2448555,2304.4126302796485,659.8320120997337,0.0,0.0,0.0,0.0,0.0,Phytoplankton,0.0,0.0,0.0,0.0,0.0,0.777403,0.00021312061790013104,0.0,0.0
28_28_Central_Atlantic_(1950),SM,0.03,36,51.606198899999995,172.02066299999998,3.473465040262137,48.13273376183184,34.4041326,86.01033,0.0,0.0,0.0,Lg. Zoop. deep,0.0,0.0,0.0,0.0,0.0,0.06730712999999999,9.790602462089737e-08,1.499999996212864e-06,0.0
28_28_Central_Atlantic_(1950),SM,0.03,35,326.25349455,1088.1402679500002,136.65760187059252,189.59589687002213,217.62805359000004,544.2587,0.0,0.0,0.0,Sm. Zoop. deep,0.0,0.0,0.0,0.0,0.0,0.41886937599999996,-4.1906146179826465e-06,1.9810000139841577e-05,0.0
28_28_Central_Atlantic_(1950),SM,0.03,34,152.83878554999998,509.4626185,24.764043988060063,128.07474125496339,101.89252370000001,254.731323,0.0,0.0,0.0,Lg. Zoop. shlw,0.0,0.0,0.0,0.0,0.0,0.162027225,3.069765455165907e-07,-1.3749999965284587e-05,0.0
28_28_Central_Atlantic_(1950),SM,0.03,33,1141.8,3808.2000000000003,810.8210994383843,330.97876575719994,761.6400000000001,1904.76,0.0,0.0,0.0,Sm. Zoop. shlw,0.0,0.0,0.0,0.0,0.0,0.710125446,0.00013480441566571244,4.547473508864641e-13,0.0
28_28_Central_Atlantic_(1950),SM,0.03,32,415.91835,563.5749999999999,259.56446880550004,156.35385617274002,112.71499999999999,34.941597,0.0,0.0,0.0,Het. bacteria,0.0,0.0,0.0,0.0,0.0,0.6240755999999998,2.502175988183808e-05,5.2999999965663847e-05,0.0
28_28_Central_Atlantic_(1950),SM,0.03,31,0.43340000000000006,2.6398,0.041626123427598485,0.39177388030000004,0.5279600000000001,1.67843986,0.0,0.0,0.0,Megabenthos,0.0,0.0,0.0,0.0,0.0,0.0960455,-3.72759845213011e-09,1.3999999981528788e-07,0.0
28_28_Central_Atlantic_(1950),SM,0.03,30,0.369,3.6346499999999997,0.09863466851516114,0.270365328792,0.72693,2.53872,0.0,0.0,0.0,Macrobenthos,0.0,0.0,0.0,0.0,0.0,0.26730263200000004,2.6928388408009596e-09,0.0,0.0
28_28_Central_Atlantic_(1950),SM,0.03,29,2.214,22.287599999999998,0.5448121363030838,1.6691878621979999,4.45752,15.6160793,0.0,0.0,0.0,Meiobenthos,0.0,0.0,0.0,0.0,0.0,0.24607594300000002,1.4989161023493125e-09,6.99999999298484e-07,0.0
28_28_Central_Atlantic_(1950),SM,0.03,28,0.012723003955,0.02544600791,0.011450702967616381,0.0012723003954999996,0.005089201582,0.007633802,0.0,0.0,0.0,Benth. ceph.,0.0,0.0,0.0,0.0,0.0,0.9,5.918836185059284e-10,3.729999989432464e-10,0.0
28_28_Central_Atlantic_(1950),SM,0.03,27,0.5644206439999999,4.47855511,0.507978562200084,0.05644206439999998,0.8957110220000001,3.01842356,0.0,0.0,0.0,Lg Squids,0.0,0.0,0.0,0.0,0.0,0.9,1.739991595250956e-08,-1.1599999982792042e-07,0.0
28_28_Central_Atlantic_(1950),SM,0.03,26,1.9626521827999999,15.573218407,1.766386893631383,0.19626521827999993,3.1146436814000005,10.4959221,0.0,0.0,0.0,Sm Squids,0.0,0.0,0.0,0.0,0.0,0.9,7.08886169764611e-08,4.428000011102995e-07,0.0
28_28_Central_Atlantic_(1950),SM,0.03,25,0.029511966558754574,0.05365811909218538,0.028247997140988634,0.001263969107687661,0.010731623818437078,0.01341453,0.0,0.0,0.0,Lg. Bathyd. abs,0.0,0.0,0.0,0.0,0.0,0.957170963,3.100782790255163e-10,-1.2850062697938869e-09,0.0
28_28_Central_Atlantic_(1950),SM,0.03,24,0.032007212730000005,0.0581949347850468,0.03092652416753671,0.0010806897702190206,0.011638986957009361,0.014548731,0.0,0.0,0.0,Sm. Bathyd. abs,0.0,0.0,0.0,0.0,0.0,0.966236055,-1.207755728760418e-09,4.098037435437685e-09,0.0
28_28_Central_Atlantic_(1950),SM,0.03,23,0.0030136304000000004,0.00547932783219558,0.0019225564713861983,0.0010290339235452801,0.001095865566439116,0.00136983185,6.39589e-05,0.0,0.0,Lg. Bathyd. slp,0.0,1.918767e-06,6.204013299999999e-05,6.204013299999999e-05,0.0,0.6585401038079255,-1.2793147834491703e-10,1.5756463408317378e-11,0.0
28_28_Central_Atlantic_(1950),SM,0.03,22,0.005653607665707449,0.010279287244467,0.004260451747794523,0.0012106510157042863,0.0020558574488934002,0.00256982166,0.000188149,0.0,0.0,Sm. Bathyd. slp,0.0,5.6444699999999995e-06,0.00018250453,0.00018250453,0.0,0.7858622162539475,3.72208640644911e-10,4.69866151195375e-10,0.0
28_28_Central_Atlantic_(1950),SM,0.03,21,0.006341536224000001,0.011508713888,0.005009813921588745,0.0013317226070399999,0.0023017427776000003,0.00286543486,0.0,0.0,0.0,Lg. Bathyp. fish,0.0,0.0,0.0,0.0,0.0,0.79,-3.046287441049733e-10,2.6399998940412894e-11,0.0
28_28_Central_Atlantic_(1950),SM,0.03,20,0.013441102436,0.020515366876,0.012096991849560989,0.0013441102435999997,0.0041030733752,0.00297118956,0.0,0.0,0.0,Md. Bathyp.fish,0.0,0.0,0.0,0.0,0.0,0.9,3.428390106530177e-10,1.5047999985841332e-09,0.0
28_28_Central_Atlantic_(1950),SM,0.03,19,0.06545771003200002,0.22973138617000002,0.05891193573953475,0.0065457710032,0.04594627723400001,0.118327409,0.0,0.0,0.0,Sm. Bathyp. fish,0.0,0.0,0.0,0.0,0.0,0.9,3.2892652629401553e-09,-1.0095999994352844e-08,0.0
28_28_Central_Atlantic_(1950),SM,0.03,18,12.22519406327412,59.3828355,3.573220730157866,8.651973314709084,11.8765671,35.2810745,0.0,0.0,0.0,Sm. Meso fish,0.0,0.0,0.0,0.0,0.0,0.292283356,1.8407170898626646e-08,-1.6327412311056833e-07,0.0
28_28_Central_Atlantic_(1950),SM,0.03,17,0.0003348901755,0.0079257341535,0.00030140115666829864,3.348901755e-05,0.0015851468307,0.006005697,0.0,0.0,0.0,Lg. Meso fish,0.0,0.0,0.0,0.0,0.0,0.9,1.2817013617973105e-12,1.4729999945478633e-10,0.0
28_28_Central_Atlantic_(1950),SM,0.03,16,2.418293435320515,14.779333033030326,2.1764249584475417,0.24183051648705142,2.9558666066060653,9.405173,3.90985e-05,0.0,0.0,Sm. Epi. fish,0.0,1.1729549999999999e-06,3.7925545e-05,3.7925545e-05,0.0,0.899999514965809,3.4840921703249705e-08,-8.896252623458167e-09,0.0
28_28_Central_Atlantic_(1950),SM,0.03,15,0.1059599016,0.7525932498796599,0.09523928587084607,0.010599729029999998,0.150518649975932,0.496114731,0.000124629,0.0,0.0,Md. Epi. fish,0.0,3.7388699999999995e-06,0.00012089012999999998,0.00012089012999999998,0.0,0.8999647142933926,-3.4308460655774198e-09,-3.2696272078691635e-08,0.0
28_28_Central_Atlantic_(1950),SM,0.03,14,0.00984495897,0.12697145868897,0.007685239049978655,0.0018792175442999995,0.025394291737794002,0.091732204,0.000289178,0.0,0.0,Lg. Epi. fish,0.0,8.675340000000001e-06,0.00028050266,0.00028050266,0.0,0.8091188038440348,-2.8427865443603206e-10,3.981175999978603e-09,0.0
28_28_Central_Atlantic_(1950),SM,0.03,13,0.00064010414496,0.010287388044000001,6.401041000000001e-05,0.000576093730464,0.0020574776088000003,0.00758980634,0.0,0.0,0.0,Lg. Plank. fish,0.0,0.0,0.0,0.0,0.0,0.09999999999999998,4.496000034943937e-12,-4.9759998205223255e-11,0.0
28_28_Central_Atlantic_(1950),SM,0.03,12,2.1336802558309998e-05,0.00021225354904839998,6.401041000000001e-07,2.0696698481560696e-05,4.245070980968e-05,0.000148466032,0.0,0.0,0.0,Billfishes,0.0,0.0,0.0,0.0,0.0,0.030000000000000027,-2.3250698648292698e-14,4.680409976687977e-12,0.0
28_28_Central_Atlantic_(1950),SM,0.03,11,0.00032651159999999997,0.004353488,6.401041000000001e-07,0.00032587149593018877,0.0008706976,0.00315627875,0.0,0.0,0.0,Swordfish,0.0,0.0,0.0,0.0,0.0,0.0019604328600000276,-3.0188796341229507e-14,5.000000023389073e-11,0.0
28_28_Central_Atlantic_(1950),SM,0.03,10,0.01072980688,0.46030871515199995,0.0017776866754339626,0.008952120234131998,0.09206174303039999,0.357517153,0.0,0.0,0.0,Bigeye,0.0,0.0,0.0,0.0,0.0,0.16567741300000005,-2.9565960790733925e-11,1.2241599955942206e-08,0.0
28_28_Central_Atlantic_(1950),SM,0.03,9,0.0002486316,0.0059671584,9.575327449622515e-05,0.00015287832471324,0.00119343168,0.004525095,0.0,0.0,0.0,Albacore,0.0,0.0,0.0,0.0,0.0,0.3851211,7.90534846785429e-13,1.200000003878654e-10,0.0
28_28_Central_Atlantic_(1950),SM,0.03,8,0.00804781642,0.15322104854,0.001044242037497828,0.007003574237715865,0.030644209707999998,0.114529014,0.0,0.0,0.0,Skipjack,0.0,0.0,0.0,0.0,0.0,0.12975472199999993,1.4478630620817778e-10,8.411999999347053e-09,0.0
28_28_Central_Atlantic_(1950),SM,0.03,7,2.1533975999999998e-06,3.588996e-05,6.401041000000001e-07,6.429619743768214e-07,7.177992e-06,2.655857e-05,8.97249e-07,0.0,0.0,Bluefin,0.0,2.691747e-08,8.7033153e-07,8.7033153e-07,0.0,0.7014197590000001,-4.376821679337364e-15,3.999999997569316e-13,0.0
28_28_Central_Atlantic_(1950),SM,0.03,6,0.00010813669999999998,0.00239908993,6.988740116756793e-06,0.00010114795916850798,0.00047981798599999997,0.00181113509,0.0,0.0,0.0,Yellowfin,0.0,0.0,0.0,0.0,0.0,0.06462875999999995,7.147352100358301e-13,1.5400000003516767e-10,0.0
28_28_Central_Atlantic_(1950),SM,0.03,5,0.00249640599,0.06401040999999999,0.0005785155030430785,0.0018736720725,0.012802082,0.048711922,4.5586e-05,0.0,0.0,Pelagic sharks,0.0,1.36758e-06,4.421842e-05,4.421842e-05,0.0,0.24945218045242712,-5.543078149261582e-12,9.999993888509806e-12,0.0
28_28_Central_Atlantic_(1950),SM,0.03,4,9.79823604992e-06,0.00919899290843,5.857542543244573e-06,3.940693277589222e-06,0.0018397985816859998,0.00734939566,0.0,0.0,0.0,Seabirds,0.0,0.0,0.0,0.0,0.0,0.59781605,2.290862049619249e-13,4.3069408022650135e-10,0.0
28_28_Central_Atlantic_(1950),SM,0.03,3,1.796872e-05,0.007911342611788,5.217438443244573e-06,1.275128168977432e-05,0.0015822685223576003,0.00631110556,0.0,0.0,0.0,Beaked whales,0.0,0.0,0.0,0.0,0.0,0.29036226900000006,-1.330188909053672e-13,-1.9056960089830488e-10,0.0
28_28_Central_Atlantic_(1950),SM,0.03,2,0.00156,0.52174383222,0.0008372185599812127,0.0007227814573199999,0.104348766444,0.415835053,0.0,0.0,0.0,Toothed whales,0.0,0.0,0.0,0.0,0.0,0.536678553,-1.730121276279084e-11,1.2775999980174646e-08,0.0
28_28_Central_Atlantic_(1950),SM,0.03,1,0.0008256798,0.1814176815802857,0.0005485316108812128,0.0002771482068003528,0.036283536316057144,0.144308478,0.0,0.0,0.0,Baleen whales,0.0,0.0,0.0,0.0,0.0,0.664339364,-1.76815656300483e-11,-1.2535771448662913e-08,0.0
28_28_Central_Atlantic_(1950),SE,0.03,39,-0.0,-0.0,0.0,0.0,0.0,0.0,0.0,0.0,0.0,diet_import,0.0,0.0,0.0,0.0,0.0,,-0.0,0.0,0.0
28_28_Central_Atlantic_(1950),SE,0.03,38,2777.8730180352595,2777.8730180352595,2718.2345000401283,0.0,0.0,0.0,0.0,59.638517995131224,0.0,Detritus,0.0,0.0,0.0,0.0,0.0,1.0,0.0,0.0,0.0
28_28_Central_Atlantic_(1950),SE,0.03,37,2964.2448555,2964.2448555,2304.4126302796485,659.8320120997337,0.0,0.0,0.0,0.0,0.0,Phytoplankton,0.0,0.0,0.0,0.0,0.0,0.777403,0.00021312061790013104,0.0,0.0
28_28_Central_Atlantic_(1950),SE,0.03,36,51.606198899999995,172.02066299999998,3.473465040262137,48.13273376183184,34.4041326,86.01033,0.0,0.0,0.0,Lg. Zoop. deep,0.0,0.0,0.0,0.0,0.0,0.06730712999999999,9.790602462089737e-08,1.499999996212864e-06,0.0
28_28_Central_Atlantic_(1950),SE,0.03,35,326.25349455,1088.1402679500002,136.65760187059252,189.59589687002213,217.62805359000004,544.2587,0.0,0.0,0.0,Sm. Zoop. deep,0.0,0.0,0.0,0.0,0.0,0.41886937599999996,-4.1906146179826465e-06,1.9810000139841577e-05,0.0
28_28_Central_Atlantic_(1950),SE,0.03,34,152.83878554999998,509.4626185,24.764043988060063,128.07474125496339,101.89252370000001,254.731323,0.0,0.0,0.0,Lg. Zoop. shlw,0.0,0.0,0.0,0.0,0.0,0.162027225,3.069765455165907e-07,-1.3749999965284587e-05,0.0
28_28_Central_Atlantic_(1950),SE,0.03,33,1141.8,3808.2000000000003,810.8210994383843,330.97876575719994,761.6400000000001,1904.76,0.0,0.0,0.0,Sm. Zoop. shlw,0.0,0.0,0.0,0.0,0.0,0.710125446,0.00013480441566571244,4.547473508864641e-13,0.0
28_28_Central_Atlantic_(1950),SE,0.03,32,415.91835,563.5749999999999,259.56446880550004,156.35385617274002,112.71499999999999,34.941597,0.0,0.0,0.0,Het. bacteria,0.0,0.0,0.0,0.0,0.0,0.6240755999999998,2.502175988183808e-05,5.2999999965663847e-05,0.0
28_28_Central_Atlantic_(1950),SE,0.03,31,0.43340000000000006,2.6398,0.041626123427598485,0.39177388030000004,0.5279600000000001,1.67843986,0.0,0.0,0.0,Megabenthos,0.0,0.0,0.0,0.0,0.0,0.0960455,-3.72759845213011e-09,1.3999999981528788e-07,0.0
28_28_Central_Atlantic_(1950),SE,0.03,30,0.369,3.6346499999999997,0.09863466851516114,0.270365328792,0.72693,2.53872,0.0,0.0,0.0,Macrobenthos,0.0,0.0,0.0,0.0,0.0,0.26730263200000004,2.6928388408009596e-09,0.0,0.0
28_28_Central_Atlantic_(1950),SE,0.03,29,2.214,22.287599999999998,0.5448121363030838,1.6691878621979999,4.45752,15.6160793,0.0,0.0,0.0,Meiobenthos,0.0,0.0,0.0,0.0,0.0,0.24607594300000002,1.4989161023493125e-09,6.99999999298484e-07,0.0
28_28_Central_Atlantic_(1950),SE,0.03,28,0.012723003955,0.02544600791,0.011450702967616381,0.0012723003954999996,0.005089201582,0.007633802,0.0,0.0,0.0,Benth. ceph.,0.0,0.0,0.0,0.0,0.0,0.9,5.918836185059284e-10,3.729999989432464e-10,0.0
28_28_Central_Atlantic_(1950),SE,0.03,27,0.5644206439999999,4.47855511,0.507978562200084,0.05644206439999998,0.8957110220000001,3.01842356,0.0,0.0,0.0,Lg Squids,0.0,0.0,0.0,0.0,0.0,0.9,1.739991595250956e-08,-1.1599999982792042e-07,0.0
28_28_Central_Atlantic_(1950),SE,0.03,26,1.9626521827999999,15.573218407,1.766386893631383,0.19626521827999993,3.1146436814000005,10.4959221,0.0,0.0,0.0,Sm Squids,0.0,0.0,0.0,0.0,0.0,0.9,7.08886169764611e-08,4.428000011102995e-07,0.0
28_28_Central_Atlantic_(1950),SE,0.03,25,0.029511966558754574,0.05365811909218538,0.028247997140988634,0.001263969107687661,0.010731623818437078,0.01341453,0.0,0.0,0.0,Lg. Bathyd. abs,0.0,0.0,0.0,0.0,0.0,0.957170963,3.100782790255163e-10,-1.2850062697938869e-09,0.0
28_28_Central_Atlantic_(1950),SE,0.03,24,0.032007212730000005,0.0581949347850468,0.03092652416753671,0.0010806897702190206,0.011638986957009361,0.014548731,0.0,0.0,0.0,Sm. Bathyd. abs,0.0,0.0,0.0,0.0,0.0,0.966236055,-1.207755728760418e-09,4.098037435437685e-09,0.0
28_28_Central_Atlantic_(1950),SE,0.03,23,0.0030136304000000004,0.00547932783219558,0.0019225564713861983,0.00102711515654528,0.001095865566439116,0.00136983185,6.39589e-05,0.0,0.0,Lg. Bathyd. slp,1.918767e-06,1.918767e-06,6.204013299999999e-05,6.204013299999999e-05,0.0,0.6591768,-1.2793147834491703e-10,1.5756463408317378e-11,0.0
28_28_Central_Atlantic_(1950),SE,0.03,22,0.005653607665707449,0.010279287244467,0.004260451747794523,0.0012050065457042862,0.0020558574488934002,0.00256982166,0.000188149,0.0,0.0,Sm. Bathyd. slp,5.6444699999999995e-06,5.6444699999999995e-06,0.00018250453,0.00018250453,0.0,0.7868606,3.72208640644911e-10,4.69866151195375e-10,0.0
28_28_Central_Atlantic_(1950),SE,0.03,21,0.006341536224000001,0.011508713888,0.005009813921588745,0.0013317226070399999,0.0023017427776000003,0.00286543486,0.0,0.0,0.0,Lg. Bathyp. fish,0.0,0.0,0.0,0.0,0.0,0.79,-3.046287441049733e-10,2.6399998940412894e-11,0.0
28_28_Central_Atlantic_(1950),SE,0.03,20,0.013441102436,0.020515366876,0.012096991849560989,0.0013441102435999997,0.0041030733752,0.00297118956,0.0,0.0,0.0,Md. Bathyp.fish,0.0,0.0,0.0,0.0,0.0,0.9,3.428390106530177e-10,1.5047999985841332e-09,0.0
28_28_Central_Atlantic_(1950),SE,0.03,19,0.06545771003200002,0.22973138617000002,0.05891193573953475,0.0065457710032,0.04594627723400001,0.118327409,0.0,0.0,0.0,Sm. Bathyp. fish,0.0,0.0,0.0,0.0,0.0,0.9,3.2892652629401553e-09,-1.0095999994352844e-08,0.0
28_28_Central_Atlantic_(1950),SE,0.03,18,12.22519406327412,59.3828355,3.573220730157866,8.651973314709084,11.8765671,35.2810745,0.0,0.0,0.0,Sm. Meso fish,0.0,0.0,0.0,0.0,0.0,0.292283356,1.8407170898626646e-08,-1.6327412311056833e-07,0.0
28_28_Central_Atlantic_(1950),SE,0.03,17,0.0003348901755,0.0079257341535,0.00030140115666829864,3.348901755e-05,0.0015851468307,0.006005697,0.0,0.0,0.0,Lg. Meso fish,0.0,0.0,0.0,0.0,0.0,0.9,1.2817013617973105e-12,1.4729999945478633e-10,0.0
28_28_Central_Atlantic_(1950),SE,0.03,16,2.418293435320515,14.779333033030326,2.1764249584475417,0.24182934353205143,2.9558666066060653,9.405173,3.90985e-05,0.0,0.0,Sm. Epi. fish,1.1729549999999999e-06,1.1729549999999999e-06,3.7925545e-05,3.7925545e-05,0.0,0.9,3.4840922147338915e-08,-8.896252623458167e-09,0.0
28_28_Central_Atlantic_(1950),SE,0.03,15,0.1059599016,0.7525932498796599,0.09523928587084607,0.010595990159999997,0.150518649975932,0.496114731,0.000124629,0.0,0.0,Md. Epi. fish,3.7388699999999995e-06,3.7388699999999995e-06,0.00012089012999999998,0.00012089012999999998,0.0,0.9,-3.4308460655774198e-09,-3.2696272078691635e-08,0.0
28_28_Central_Atlantic_(1950),SE,0.03,14,0.00984495897,0.12697145868897,0.007685239049978655,0.0018705422042999994,0.025394291737794002,0.091732204,0.000289178,0.0,0.0,Lg. Epi. fish,8.675340000000001e-06,8.675340000000001e-06,0.00028050266,0.00028050266,0.0,0.81,-2.8427865443603206e-10,3.981175999978603e-09,0.0
28_28_Central_Atlantic_(1950),SE,0.03,13,0.00064010414496,0.010287388044000001,6.401041000000001e-05,0.000576093730464,0.0020574776088000003,0.00758980634,0.0,0.0,0.0,Lg. Plank. fish,0.0,0.0,0.0,0.0,0.0,0.09999999999999998,4.496000034943937e-12,-4.9759998205223255e-11,0.0
28_28_Central_Atlantic_(1950),SE,0.03,12,2.1336802558309998e-05,0.00021225354904839998,6.401041000000001e-07,2.0696698481560696e-05,4.245070980968e-05,0.000148466032,0.0,0.0,0.0,Billfishes,0.0,0.0,0.0,0.0,0.0,0.030000000000000027,-2.3250698648292698e-14,4.680409976687977e-12,0.0
28_28_Central_Atlantic_(1950),SE,0.03,11,0.00032651159999999997,0.004353488,6.401041000000001e-07,0.00032587149593018877,0.0008706976,0.00315627875,0.0,0.0,0.0,Swordfish,0.0,0.0,0.0,0.0,0.0,0.0019604328600000276,-3.0188796341229507e-14,5.000000023389073e-11,0.0
28_28_Central_Atlantic_(1950),SE,0.03,10,0.01072980688,0.46030871515199995,0.0017776866754339626,0.008952120234131998,0.09206174303039999,0.357517153,0.0,0.0,0.0,Bigeye,0.0,0.0,0.0,0.0,0.0,0.16567741300000005,-2.9565960790733925e-11,1.2241599955942206e-08,0.0
28_28_Central_Atlantic_(1950),SE,0.03,9,0.0002486316,0.0059671584,9.575327449622515e-05,0.00015287832471324,0.00119343168,0.004525095,0.0,0.0,0.0,Albacore,0.0,0.0,0.0,0.0,0.0,0.3851211,7.90534846785429e-13,1.200000003878654e-10,0.0
28_28_Central_Atlantic_(1950),SE,0.03,8,0.00804781642,0.15322104854,0.001044242037497828,0.007003574237715865,0.030644209707999998,0.114529014,0.0,0.0,0.0,Skipjack,0.0,0.0,0.0,0.0,0.0,0.12975472199999993,1.4478630620817778e-10,8.411999999347053e-09,0.0
28_28_Central_Atlantic_(1950),SE,0.03,7,2.1533975999999998e-06,3.588996e-05,6.401041000000001e-07,6.160445043768214e-07,7.177992e-06,2.655857e-05,8.97249e-07,0.0,0.0,Bluefin,2.691747e-08,2.691747e-08,8.7033153e-07,8.7033153e-07,0.0,0.713919759,-4.376821679337364e-15,3.999999997569316e-13,0.0
28_28_Central_Atlantic_(1950),SE,0.03,6,0.00010813669999999998,0.00239908993,6.988740116756793e-06,0.00010114795916850798,0.00047981798599999997,0.00181113509,0.0,0.0,0.0,Yellowfin,0.0,0.0,0.0,0.0,0.0,0.06462875999999995,7.147352100358301e-13,1.5400000003516767e-10,0.0
28_28_Central_Atlantic_(1950),SE,0.03,5,0.00249640599,0.06401040999999999,0.0005785155030430785,0.0018723044925,0.012802082,0.048711922,4.5586e-05,0.0,0.0,Pelagic sharks,1.36758e-06,1.36758e-06,4.421842e-05,4.421842e-05,0.0,0.25,-5.543078149261582e-12,9.999993888509806e-12,0.0
28_28_Central_Atlantic_(1950),SE,0.03,4,9.79823604992e-06,0.00919899290843,5.857542543244573e-06,3.940693277589222e-06,0.0018397985816859998,0.00734939566,0.0,0.0,0.0,Seabirds,0.0,0.0,0.0,0.0,0.0,0.59781605,2.290862049619249e-13,4.3069408022650135e-10,0.0
28_28_Central_Atlantic_(1950),SE,0.03,3,1.796872e-05,0.007911342611788,5.217438443244573e-06,1.275128168977432e-05,0.0015822685223576003,0.00631110556,0.0,0.0,0.0,Beaked whales,0.0,0.0,0.0,0.0,0.0,0.29036226900000006,-1.330188909053672e-13,-1.9056960089830488e-10,0.0
28_28_Central_Atlantic_(1950),SE,0.03,2,0.00156,0.52174383222,0.0008372185599812127,0.0007227814573199999,0.104348766444,0.415835053,0.0,0.0,0.0,Toothed whales,0.0,0.0,0.0,0.0,0.0,0.536678553,-1.730121276279084e-11,1.2775999980174646e-08,0.0
28_28_Central_Atlantic_(1950),SE,0.03,1,0.0008256798,0.1814176815802857,0.0005485316108812128,0.0002771482068003528,0.036283536316057144,0.144308478,0.0,0.0,0.0,Baleen whales,0.0,0.0,0.0,0.0,0.0,0.664339364,-1.76815656300483e-11,-1.2535771448662913e-08,0.0
28_28_Central_Atlantic_(1950),SC,0.04,39,-0.0,-0.0,0.0,0.0,0.0,0.0,0.0,0.0,0.0,diet_import,0.0,0.0,0.0,0.0,0.0,,-0.0,0.0,0.0
28_28_Central_Atlantic_(1950),SC,0.04,38,2777.8730180352595,2777.8730180352595,2718.2345000401283,0.0,0.0,0.0,0.0,59.638517995131224,0.0,Detritus,0.0,0.0,0.0,0.0,0.0,1.0,0.0,0.0,0.0
28_28_Central_Atlantic_(1950),SC,0.04,37,2964.2448555,2964.2448555,2304.4126302796485,659.8320120997337,0.0,0.0,0.0,0.0,0.0,Phytoplankton,0.0,0.0,0.0,0.0,0.0,0.777403,0.00021312061790013104,0.0,0.0
28_28_Central_Atlantic_(1950),SC,0.04,36,51.606198899999995,172.02066299999998,3.473465040262137,48.13273376183184,34.4041326,86.01033,0.0,0.0,0.0,Lg. Zoop. deep,0.0,0.0,0.0,0.0,0.0,0.06730712999999999,9.790602462089737e-08,1.499999996212864e-06,0.0
28_28_Central_Atlantic_(1950),SC,0.04,35,326.25349455,1088.1402679500002,136.65760187059252,189.59589687002213,217.62805359000004,544.2587,0.0,0.0,0.0,Sm. Zoop. deep,0.0,0.0,0.0,0.0,0.0,0.41886937599999996,-4.1906146179826465e-06,1.9810000139841577e-05,0.0
28_28_Central_Atlantic_(1950),SC,0.04,34,152.83878554999998,509.4626185,24.764043988060063,128.07474125496339,101.89252370000001,254.731323,0.0,0.0,0.0,Lg. Zoop. shlw,0.0,0.0,0.0,0.0,0.0,0.162027225,3.069765455165907e-07,-1.3749999965284587e-05,0.0
28_28_Central_Atlantic_(1950),SC,0.04,33,1141.8,3808.2000000000003,810.8210994383843,330.97876575719994,761.6400000000001,1904.76,0.0,0.0,0.0,Sm. Zoop. shlw,0.0,0.0,0.0,0.0,0.0,0.710125446,0.00013480441566571244,4.547473508864641e-13,0.0
28_28_Central_Atlantic_(1950),SC,0.04,32,415.91835,563.5749999999999,259.56446880550004,156.35385617274002,112.71499999999999,34.941597,0.0,0.0,0.0,Het. bacteria,0.0,0.0,0.0,0.0,0.0,0.6240755999999998,2.502175988183808e-05,5.2999999965663847e-05,0.0
28_28_Central_Atlantic_(1950),SC,0.04,31,0.43340000000000006,2.6398,0.041626123427598485,0.39177388030000004,0.5279600000000001,1.67843986,0.0,0.0,0.0,Megabenthos,0.0,0.0,0.0,0.0,0.0,0.0960455,-3.72759845213011e-09,1.3999999981528788e-07,0.0
28_28_Central_Atlantic_(1950),SC,0.04,30,0.369,3.6346499999999997,0.09863466851516114,0.270365328792,0.72693,2.53872,0.0,0.0,0.0,Macrobenthos,0.0,0.0,0.0,0.0,0.0,0.26730263200000004,2.6928388408009596e-09,0.0,0.0
28_28_Central_Atlantic_(1950),SC,0.04,29,2.214,22.287599999999998,0.5448121363030838,1.6691878621979999,4.45752,15.6160793,0.0,0.0,0.0,Meiobenthos,0.0,0.0,0.0,0.0,0.0,0.24607594300000002,1.4989161023493125e-09,6.99999999298484e-07,0.0
28_28_Central_Atlantic_(1950),SC,0.04,28,0.012723003955,0.02544600791,0.011450702967616381,0.0012723003954999996,0.005089201582,0.007633802,0.0,0.0,0.0,Benth. ceph.,0.0,0.0,0.0,0.0,0.0,0.9,5.918836185059284e-10,3.729999989432464e-10,0.0
28_28_Central_Atlantic_(1950),SC,0.04,27,0.5644206439999999,4.47855511,0.507978562200084,0.05644206439999998,0.8957110220000001,3.01842356,0.0,0.0,0.0,Lg Squids,0.0,0.0,0.0,0.0,0.0,0.9,1.739991595250956e-08,-1.1599999982792042e-07,0.0
28_28_Central_Atlantic_(1950),SC,0.04,26,1.9626521827999999,15.573218407,1.766386893631383,0.19626521827999993,3.1146436814000005,10.4959221,0.0,0.0,0.0,Sm Squids,0.0,0.0,0.0,0.0,0.0,0.9,7.08886169764611e-08,4.428000011102995e-07,0.0
28_28_Central_Atlantic_(1950),SC,0.04,25,0.029511966558754574,0.05365811909218538,0.028247997140988634,0.001263969107687661,0.010731623818437078,0.01341453,0.0,0.0,0.0,Lg. Bathyd. abs,0.0,0.0,0.0,0.0,0.0,0.957170963,3.100782790255163e-10,-1.2850062697938869e-09,0.0
28_28_Central_Atlantic_(1950),SC,0.04,24,0.032007212730000005,0.0581949347850468,0.03092652416753671,0.0010806897702190206,0.011638986957009361,0.014548731,0.0,0.0,0.0,Sm. Bathyd. abs,0.0,0.0,0.0,0.0,0.0,0.966236055,-1.207755728760418e-09,4.098037435437685e-09,0.0
28_28_Central_Atlantic_(1950),SC,0.04,23,0.0030136304000000004,0.00547932783219558,0.0019225564713861983,0.00102711515654528,0.001095865566439116,0.00136983185,6.39589e-05,0.0,0.0,Lg. Bathyd. slp,0.0,2.558356e-06,6.1400544e-05,6.39589e-05,0.0,0.6591768,-1.2793147834491703e-10,1.5756463408317378e-11,0.0
28_28_Central_Atlantic_(1950),SC,0.04,22,0.005653607665707449,0.010279287244467,0.004260451747794523,0.0012050065457042862,0.0020558574488934002,0.00256982166,0.000188149,0.0,0.0,Sm. Bathyd. slp,0.0,7.52596e-06,0.00018062303999999998,0.000188149,0.0,0.7868606,3.7220863977754926e-10,4.69866151195375e-10,0.0
28_28_Central_Atlantic_(1950),SC,0.04,21,0.006341536224000001,0.011508713888,0.005009813921588745,0.0013317226070399999,0.0023017427776000003,0.00286543486,0.0,0.0,0.0,Lg. Bathyp. fish,0.0,0.0,0.0,0.0,0.0,0.79,-3.046287441049733e-10,2.6399998940412894e-11,0.0
28_28_Central_Atlantic_(1950),SC,0.04,20,0.013441102436,0.020515366876,0.012096991849560989,0.0013441102435999997,0.0041030733752,0.00297118956,0.0,0.0,0.0,Md. Bathyp.fish,0.0,0.0,0.0,0.0,0.0,0.9,3.428390106530177e-10,1.5047999985841332e-09,0.0
28_28_Central_Atlantic_(1950),SC,0.04,19,0.06545771003200002,0.22973138617000002,0.05891193573953475,0.0065457710032,0.04594627723400001,0.118327409,0.0,0.0,0.0,Sm. Bathyp. fish,0.0,0.0,0.0,0.0,0.0,0.9,3.2892652629401553e-09,-1.0095999994352844e-08,0.0
28_28_Central_Atlantic_(1950),SC,0.04,18,12.22519406327412,59.3828355,3.573220730157866,8.651973314709084,11.8765671,35.2810745,0.0,0.0,0.0,Sm. Meso fish,0.0,0.0,0.0,0.0,0.0,0.292283356,1.8407170898626646e-08,-1.6327412311056833e-07,0.0
28_28_Central_Atlantic_(1950),SC,0.04,17,0.0003348901755,0.0079257341535,0.00030140115666829864,3.348901755e-05,0.0015851468307,0.006005697,0.0,0.0,0.0,Lg. Meso fish,0.0,0.0,0.0,0.0,0.0,0.9,1.2817013617973105e-12,1.4729999945478633e-10,0.0
28_28_Central_Atlantic_(1950),SC,0.04,16,2.418293435320515,14.779333033030326,2.1764249584475417,0.24182934353205143,2.9558666066060653,9.405173,3.90985e-05,0.0,0.0,Sm. Epi. fish,0.0,1.56394e-06,3.7534559999999995e-05,3.90985e-05,0.0,0.9,3.4840922147338915e-08,-8.896252623458167e-09,0.0
28_28_Central_Atlantic_(1950),SC,0.04,15,0.1059599016,0.7525932498796599,0.09523928587084607,0.010595990159999997,0.150518649975932,0.496114731,0.000124629,0.0,0.0,Md. Epi. fish,0.0,4.98516e-06,0.00011964383999999998,0.000124629,0.0,0.9,-3.4308460655774198e-09,-3.2696272078691635e-08,0.0
28_28_Central_Atlantic_(1950),SC,0.04,14,0.00984495897,0.12697145868897,0.007685239049978655,0.0018705422042999994,0.025394291737794002,0.091732204,0.000289178,0.0,0.0,Lg. Epi. fish,0.0,1.1567120000000001e-05,0.00027761088000000003,0.000289178,0.0,0.81,-2.8427865443603206e-10,3.981175999978603e-09,0.0
28_28_Central_Atlantic_(1950),SC,0.04,13,0.00064010414496,0.010287388044000001,6.401041000000001e-05,0.000576093730464,0.0020574776088000003,0.00758980634,0.0,0.0,0.0,Lg. Plank. fish,0.0,0.0,0.0,0.0,0.0,0.09999999999999998,4.496000034943937e-12,-4.9759998205223255e-11,0.0
28_28_Central_Atlantic_(1950),SC,0.04,12,2.1336802558309998e-05,0.00021225354904839998,6.401041000000001e-07,2.0696698481560696e-05,4.245070980968e-05,0.000148466032,0.0,0.0,0.0,Billfishes,0.0,0.0,0.0,0.0,0.0,0.030000000000000027,-2.3250698648292698e-14,4.680409976687977e-12,0.0
28_28_Central_Atlantic_(1950),SC,0.04,11,0.00032651159999999997,0.004353488,6.401041000000001e-07,0.00032587149593018877,0.0008706976,0.00315627875,0.0,0.0,0.0,Swordfish,0.0,0.0,0.0,0.0,0.0,0.0019604328600000276,-3.0188796341229507e-14,5.000000023389073e-11,0.0
28_28_Central_Atlantic_(1950),SC,0.04,10,0.01072980688,0.46030871515199995,0.0017776866754339626,0.008952120234131998,0.09206174303039999,0.357517153,0.0,0.0,0.0,Bigeye,0.0,0.0,0.0,0.0,0.0,0.16567741300000005,-2.9565960790733925e-11,1.2241599955942206e-08,0.0
28_28_Central_Atlantic_(1950),SC,0.04,9,0.0002486316,0.0059671584,9.575327449622515e-05,0.00015287832471324,0.00119343168,0.004525095,0.0,0.0,0.0,Albacore,0.0,0.0,0.0,0.0,0.0,0.3851211,7.90534846785429e-13,1.200000003878654e-10,0.0
28_28_Central_Atlantic_(1950),SC,0.04,8,0.00804781642,0.15322104854,0.001044242037497828,0.007003574237715865,0.030644209707999998,0.114529014,0.0,0.0,0.0,Skipjack,0.0,0.0,0.0,0.0,0.0,0.12975472199999993,1.4478630620817778e-10,8.411999999347053e-09,0.0
28_28_Central_Atlantic_(1950),SC,0.04,7,2.1533975999999998e-06,3.588996e-05,6.401041000000001e-07,6.160445043768214e-07,7.177992e-06,2.655857e-05,8.97249e-07,0.0,0.0,Bluefin,0.0,3.588996e-08,8.6135904e-07,8.97249e-07,0.0,0.713919759,-4.376821679337364e-15,3.999999997569316e-13,0.0
28_28_Central_Atlantic_(1950),SC,0.04,6,0.00010813669999999998,0.00239908993,6.988740116756793e-06,0.00010114795916850798,0.00047981798599999997,0.00181113509,0.0,0.0,0.0,Yellowfin,0.0,0.0,0.0,0.0,0.0,0.06462875999999995,7.147352100358301e-13,1.5400000003516767e-10,0.0
28_28_Central_Atlantic_(1950),SC,0.04,5,0.00249640599,0.06401040999999999,0.0005785155030430785,0.0018723044925,0.012802082,0.048711922,4.5586e-05,0.0,0.0,Pelagic sharks,0.0,1.82344e-06,4.376256e-05,4.5586e-05,0.0,0.25,-5.543078149261582e-12,9.999993888509806e-12,0.0
28_28_Central_Atlantic_(1950),SC,0.04,4,9.79823604992e-06,0.00919899290843,5.857542543244573e-06,3.940693277589222e-06,0.0018397985816859998,0.00734939566,0.0,0.0,0.0,Seabirds,0.0,0.0,0.0,0.0,0.0,0.59781605,2.290862049619249e-13,4.3069408022650135e-10,0.0
28_28_Central_Atlantic_(1950),SC,0.04,3,1.796872e-05,0.007911342611788,5.217438443244573e-06,1.275128168977432e-05,0.0015822685223576003,0.00631110556,0.0,0.0,0.0,Beaked whales,0.0,0.0,0.0,0.0,0.0,0.29036226900000006,-1.330188909053672e-13,-1.9056960089830488e-10,0.0
28_28_Central_Atlantic_(1950),SC,0.04,2,0.00156,0.52174383222,0.0008372185599812127,0.0007227814573199999,0.104348766444,0.415835053,0.0,0.0,0.0,Toothed whales,0.0,0.0,0.0,0.0,0.0,0.536678553,-1.730121276279084e-11,1.2775999980174646e-08,0.0
28_28_Central_Atlantic_(1950),SC,0.04,1,0.0008256798,0.1814176815802857,0.0005485316108812128,0.0002771482068003528,0.036283536316057144,0.144308478,0.0,0.0,0.0,Baleen whales,0.0,0.0,0.0,0.0,0.0,0.664339364,-1.76815656300483e-11,-1.2535771448662913e-08,0.0
28_28_Central_Atlantic_(1950),SM,0.04,39,-0.0,-0.0,0.0,0.0,0.0,0.0,0.0,0.0,0.0,diet_import,0.0,0.0,0.0,0.0,0.0,,-0.0,0.0,0.0
28_28_Central_Atlantic_(1950),SM,0.04,38,2777.8730480951253,2777.8730480951253,2718.2345000401283,0.0,0.0,0.0,0.0,59.638548054997045,0.0,Detritus,0.0,0.0,0.0,0.0,0.0,1.0,0.0,0.0,0.0
28_28_Central_Atlantic_(1950),SM,0.04,37,2964.2448555,2964.2448555,2304.4126302796485,659.8320120997337,0.0,0.0,0.0,0.0,0.0,Phytoplankton,0.0,0.0,0.0,0.0,0.0,0.777403,0.00021312061790013104,0.0,0.0
28_28_Central_Atlantic_(1950),SM,0.04,36,51.606198899999995,172.02066299999998,3.473465040262137,48.13273376183184,34.4041326,86.01033,0.0,0.0,0.0,Lg. Zoop. deep,0.0,0.0,0.0,0.0,0.0,0.06730712999999999,9.790602462089737e-08,1.499999996212864e-06,0.0
28_28_Central_Atlantic_(1950),SM,0.04,35,326.25349455,1088.1402679500002,136.65760187059252,189.59589687002213,217.62805359000004,544.2587,0.0,0.0,0.0,Sm. Zoop. deep,0.0,0.0,0.0,0.0,0.0,0.41886937599999996,-4.1906146179826465e-06,1.9810000139841577e-05,0.0
28_28_Central_Atlantic_(1950),SM,0.04,34,152.83878554999998,509.4626185,24.764043988060063,128.07474125496339,101.89252370000001,254.731323,0.0,0.0,0.0,Lg. Zoop. shlw,0.0,0.0,0.0,0.0,0.0,0.162027225,3.069765455165907e-07,-1.3749999965284587e-05,0.0
28_28_Central_Atlantic_(1950),SM,0.04,33,1141.8,3808.2000000000003,810.8210994383843,330.97876575719994,761.6400000000001,1904.76,0.0,0.0,0.0,Sm. Zoop. shlw,0.0,0.0,0.0,0.0,0.0,0.710125446,0.00013480441566571244,4.547473508864641e-13,0.0
28_28_Central_Atlantic_(1950),SM,0.04,32,415.91835,563.5749999999999,259.56446880550004,156.35385617274002,112.71499999999999,34.941597,0.0,0.0,0.0,Het. bacteria,0.0,0.0,0.0,0.0,0.0,0.6240755999999998,2.502175988183808e-05,5.2999999965663847e-05,0.0
28_28_Central_Atlantic_(1950),SM,0.04,31,0.43340000000000006,2.6398,0.041626123427598485,0.39177388030000004,0.5279600000000001,1.67843986,0.0,0.0,0.0,Megabenthos,0.0,0.0,0.0,0.0,0.0,0.0960455,-3.72759845213011e-09,1.3999999981528788e-07,0.0
28_28_Central_Atlantic_(1950),SM,0.04,30,0.369,3.6346499999999997,0.09863466851516114,0.270365328792,0.72693,2.53872,0.0,0.0,0.0,Macrobenthos,0.0,0.0,0.0,0.0,0.0,0.26730263200000004,2.6928388408009596e-09,0.0,0.0
28_28_Central_Atlantic_(1950),SM,0.04,29,2.214,22.287599999999998,0.5448121363030838,1.6691878621979999,4.45752,15.6160793,0.0,0.0,0.0,Meiobenthos,0.0,0.0,0.0,0.0,0.0,0.24607594300000002,1.4989161023493125e-09,6.99999999298484e-07,0.0
28_28_Central_Atlantic_(1950),SM,0.04,28,0.012723003955,0.02544600791,0.011450702967616381,0.0012723003954999996,0.005089201582,0.007633802,0.0,0.0,0.0,Benth. ceph.,0.0,0.0,0.0,0.0,0.0,0.9,5.918836185059284e-10,3.729999989432464e-10,0.0
28_28_Central_Atlantic_(1950),SM,0.04,27,0.5644206439999999,4.47855511,0.507978562200084,0.05644206439999998,0.8957110220000001,3.01842356,0.0,0.0,0.0,Lg Squids,0.0,0.0,0.0,0.0,0.0,0.9,1.739991595250956e-08,-1.1599999982792042e-07,0.0
28_28_Central_Atlantic_(1950),SM,0.04,26,1.9626521827999999,15.573218407,1.766386893631383,0.19626521827999993,3.1146436814000005,10.4959221,0.0,0.0,0.0,Sm Squids,0.0,0.0,0.0,0.0,0.0,0.9,7.08886169764611e-08,4.428000011102995e-07,0.0
28_28_Central_Atlantic_(1950),SM,0.04,25,0.029511966558754574,0.05365811909218538,0.028247997140988634,0.001263969107687661,0.010731623818437078,0.01341453,0.0,0.0,0.0,Lg. Bathyd. abs,0.0,0.0,0.0,0.0,0.0,0.957170963,3.100782790255163e-10,-1.2850062697938869e-09,0.0
28_28_Central_Atlantic_(1950),SM,0.04,24,0.032007212730000005,0.0581949347850468,0.03092652416753671,0.0010806897702190206,0.011638986957009361,0.014548731,0.0,0.0,0.0,Sm. Bathyd. abs,0.0,0.0,0.0,0.0,0.0,0.966236055,-1.207755728760418e-09,4.098037435437685e-09,0.0
28_28_Central_Atlantic_(1950),SM,0.04,23,0.0030136304000000004,0.00547932783219558,0.0019225564713861983,0.0010296735125452801,0.001095865566439116,0.00136983185,6.39589e-05,0.0,0.0,Lg. Bathyd. slp,0.0,2.558356e-06,6.1400544e-05,6.1400544e-05,0.0,0.6583278717439006,-1.2793147834491703e-10,1.5756463408317378e-11,0.0
28_28_Central_Atlantic_(1950),SM,0.04,22,0.005653607665707449,0.010279287244467,0.004260451747794523,0.0012125325057042863,0.0020558574488934002,0.00256982166,0.000188149,0.0,0.0,Sm. Bathyd. slp,0.0,7.52596e-06,0.00018062303999999998,0.00018062303999999998,0.0,0.78552942167193,3.7220863977754926e-10,4.69866151195375e-10,0.0
28_28_Central_Atlantic_(1950),SM,0.04,21,0.006341536224000001,0.011508713888,0.005009813921588745,0.0013317226070399999,0.0023017427776000003,0.00286543486,0.0,0.0,0.0,Lg. Bathyp. fish,0.0,0.0,0.0,0.0,0.0,0.79,-3.046287441049733e-10,2.6399998940412894e-11,0.0
28_28_Central_Atlantic_(1950),SM,0.04,20,0.013441102436,0.020515366876,0.012096991849560989,0.0013441102435999997,0.0041030733752,0.00297118956,0.0,0.0,0.0,Md. Bathyp.fish,0.0,0.0,0.0,0.0,0.0,0.9,3.428390106530177e-10,1.5047999985841332e-09,0.0
28_28_Central_Atlantic_(1950),SM,0.04,19,0.06545771003200002,0.22973138617000002,0.05891193573953475,0.0065457710032,0.04594627723400001,0.118327409,0.0,0.0,0.0,Sm. Bathyp. fish,0.0,0.0,0.0,0.0,0.0,0.9,3.2892652629401553e-09,-1.0095999994352844e-08,0.0
28_28_Central_Atlantic_(1950),SM,0.04,18,12.22519406327412,59.3828355,3.573220730157866,8.651973314709084,11.8765671,35.2810745,0.0,0.0,0.0,Sm. Meso fish,0.0,0.0,0.0,0.0,0.0,0.292283356,1.8407170898626646e-08,-1.6327412311056833e-07,0.0
28_28_Central_Atlantic_(1950),SM,0.04,17,0.0003348901755,0.0079257341535,0.00030140115666829864,3.348901755e-05,0.0015851468307,0.006005697,0.0,0.0,0.0,Lg. Meso fish,0.0,0.0,0.0,0.0,0.0,0.9,1.2817013617973105e-12,1.4729999945478633e-10,0.0
28_28_Central_Atlantic_(1950),SM,0.04,16,2.418293435320515,14.779333033030326,2.1764249584475417,0.24183090747205144,2.9558666066060653,9.405173,3.90985e-05,0.0,0.0,Sm. Epi. fish,0.0,1.56394e-06,3.7534559999999995e-05,3.7534559999999995e-05,0.0,0.8999993532877454,3.4840921703249705e-08,-8.896252623458167e-09,0.0
28_28_Central_Atlantic_(1950),SM,0.04,15,0.1059599016,0.7525932498796599,0.09523928587084607,0.010600975319999997,0.150518649975932,0.496114731,0.000124629,0.0,0.0,Md. Epi. fish,0.0,4.98516e-06,0.00011964383999999998,0.00011964383999999998,0.0,0.8999529523911902,-3.4308460655774198e-09,-3.2696272078691635e-08,0.0
28_28_Central_Atlantic_(1950),SM,0.04,14,0.00984495897,0.12697145868897,0.007685239049978655,0.0018821093242999995,0.025394291737794002,0.091732204,0.000289178,0.0,0.0,Lg. Epi. fish,0.0,1.1567120000000001e-05,0.00027761088000000003,0.00027761088000000003,0.0,0.8088250717920463,-2.8427865443603206e-10,3.981175999978603e-09,0.0
28_28_Central_Atlantic_(1950),SM,0.04,13,0.00064010414496,0.010287388044000001,6.401041000000001e-05,0.000576093730464,0.0020574776088000003,0.00758980634,0.0,0.0,0.0,Lg. Plank. fish,0.0,0.0,0.0,0.0,0.0,0.09999999999999998,4.496000034943937e-12,-4.9759998205223255e-11,0.0
28_28_Central_Atlantic_(1950),SM,0.04,12,2.1336802558309998e-05,0.00021225354904839998,6.401041000000001e-07,2.0696698481560696e-05,4.245070980968e-05,0.000148466032,0.0,0.0,0.0,Billfishes,0.0,0.0,0.0,0.0,0.0,0.030000000000000027,-2.3250698648292698e-14,4.680409976687977e-12,0.0
28_28_Central_Atlantic_(1950),SM,0.04,11,0.00032651159999999997,0.004353488,6.401041000000001e-07,0.00032587149593018877,0.0008706976,0.00315627875,0.0,0.0,0.0,Swordfish,0.0,0.0,0.0,0.0,0.0,0.0019604328600000276,-3.0188796341229507e-14,5.000000023389073e-11,0.0
28_28_Central_Atlantic_(1950),SM,0.04,10,0.01072980688,0.46030871515199995,0.0017776866754339626,0.008952120234131998,0.09206174303039999,0.357517153,0.0,0.0,0.0,Bigeye,0.0,0.0,0.0,0.0,0.0,0.16567741300000005,-2.9565960790733925e-11,1.2241599955942206e-08,0.0
28_28_Central_Atlantic_(1950),SM,0.04,9,0.0002486316,0.0059671584,9.575327449622515e-05,0.00015287832471324,0.00119343168,0.004525095,0.0,0.0,0.0,Albacore,0.0,0.0,0.0,0.0,0.0,0.3851211,7.90534846785429e-13,1.200000003878654e-10,0.0
28_28_Central_Atlantic_(1950),SM,0.04,8,0.00804781642,0.15322104854,0.001044242037497828,0.007003574237715865,0.030644209707999998,0.114529014,0.0,0.0,0.0,Skipjack,0.0,0.0,0.0,0.0,0.0,0.12975472199999993,1.4478630620817778e-10,8.411999999347053e-09,0.0
28_28_Central_Atlantic_(1950),SM,0.04,7,2.1533975999999998e-06,3.588996e-05,6.401041000000001e-07,6.519344643768214e-07,7.177992e-06,2.655857e-05,8.97249e-07,0.0,0.0,Bluefin,0.0,3.588996e-08,8.6135904e-07,8.6135904e-07,0.0,0.6972530923333333,-4.376821679337364e-15,3.999999997569316e-13,0.0
28_28_Central_Atlantic_(1950),SM,0.04,6,0.00010813669999999998,0.00239908993,6.988740116756793e-06,0.00010114795916850798,0.00047981798599999997,0.00181113509,0.0,0.0,0.0,Yellowfin,0.0,0.0,0.0,0.0,0.0,0.06462875999999995,7.147352100358301e-13,1.5400000003516767e-10,0.0
28_28_Central_Atlantic_(1950),SM,0.04,5,0.00249640599,0.06401040999999999,0.0005785155030430785,0.0018741279325,0.012802082,0.048711922,4.5586e-05,0.0,0.0,Pelagic sharks,0.0,1.82344e-06,4.376256e-05,4.376256e-05,0.0,0.24926957393656957,-5.543078149261582e-12,9.999993888509806e-12,0.0
28_28_Central_Atlantic_(1950),SM,0.04,4,9.79823604992e-06,0.00919899290843,5.857542543244573e-06,3.940693277589222e-06,0.0018397985816859998,0.00734939566,0.0,0.0,0.0,Seabirds,0.0,0.0,0.0,0.0,0.0,0.59781605,2.290862049619249e-13,4.3069408022650135e-10,0.0
28_28_Central_Atlantic_(1950),SM,0.04,3,1.796872e-05,0.007911342611788,5.217438443244573e-06,1.275128168977432e-05,0.0015822685223576003,0.00631110556,0.0,0.0,0.0,Beaked whales,0.0,0.0,0.0,0.0,0.0,0.29036226900000006,-1.330188909053672e-13,-1.9056960089830488e-10,0.0
28_28_Central_Atlantic_(1950),SM,0.04,2,0.00156,0.52174383222,0.0008372185599812127,0.0007227814573199999,0.104348766444,0.415835053,0.0,0.0,0.0,Toothed whales,0.0,0.0,0.0,0.0,0.0,0.536678553,-1.730121276279084e-11,1.2775999980174646e-08,0.0
28_28_Central_Atlantic_(1950),SM,0.04,1,0.0008256798,0.1814176815802857,0.0005485316108812128,0.0002771482068003528,0.036283536316057144,0.144308478,0.0,0.0,0.0,Baleen whales,0.0,0.0,0.0,0.0,0.0,0.664339364,-1.76815656300483e-11,-1.2535771448662913e-08,0.0
28_28_Central_Atlantic_(1950),SE,0.04,39,-0.0,-0.0,0.0,0.0,0.0,0.0,0.0,0.0,0.0,diet_import,0.0,0.0,0.0,0.0,0.0,,-0.0,0.0,0.0
28_28_Central_Atlantic_(1950),SE,0.04,38,2777.8730180352595,2777.8730180352595,2718.2345000401283,0.0,0.0,0.0,0.0,59.638517995131224,0.0,Detritus,0.0,0.0,0.0,0.0,0.0,1.0,0.0,0.0,0.0
28_28_Central_Atlantic_(1950),SE,0.04,37,2964.2448555,2964.2448555,2304.4126302796485,659.8320120997337,0.0,0.0,0.0,0.0,0.0,Phytoplankton,0.0,0.0,0.0,0.0,0.0,0.777403,0.00021312061790013104,0.0,0.0
28_28_Central_Atlantic_(1950),SE,0.04,36,51.606198899999995,172.02066299999998,3.473465040262137,48.13273376183184,34.4041326,86.01033,0.0,0.0,0.0,Lg. Zoop. deep,0.0,0.0,0.0,0.0,0.0,0.06730712999999999,9.790602462089737e-08,1.499999996212864e-06,0.0
28_28_Central_Atlantic_(1950),SE,0.04,35,326.25349455,1088.1402679500002,136.65760187059252,189.59589687002213,217.62805359000004,544.2587,0.0,0.0,0.0,Sm. Zoop. deep,0.0,0.0,0.0,0.0,0.0,0.41886937599999996,-4.1906146179826465e-06,1.9810000139841577e-05,0.0
28_28_Central_Atlantic_(1950),SE,0.04,34,152.83878554999998,509.4626185,24.764043988060063,128.07474125496339,101.89252370000001,254.731323,0.0,0.0,0.0,Lg. Zoop. shlw,0.0,0.0,0.0,0.0,0.0,0.162027225,3.069765455165907e-07,-1.3749999965284587e-05,0.0
28_28_Central_Atlantic_(1950),SE,0.04,33,1141.8,3808.2000000000003,810.8210994383843,330.97876575719994,761.6400000000001,1904.76,0.0,0.0,0.0,Sm. Zoop. shlw,0.0,0.0,0.0,0.0,0.0,0.710125446,0.00013480441566571244,4.547473508864641e-13,0.0
28_28_Central_Atlantic_(1950),SE,0.04,32,415.91835,563.5749999999999,259.56446880550004,156.35385617274002,112.71499999999999,34.941597,0.0,0.0,0.0,Het. bacteria,0.0,0.0,0.0,0.0,0.0,0.6240755999999998,2.502175988183808e-05,5.2999999965663847e-05,0.0
28_28_Central_Atlantic_(1950),SE,0.04,31,0.43340000000000006,2.6398,0.041626123427598485,0.39177388030000004,0.5279600000000001,1.67843986,0.0,0.0,0.0,Megabenthos,0.0,0.0,0.0,0.0,0.0,0.0960455,-3.72759845213011e-09,1.3999999981528788e-07,0.0
28_28_Central_Atlantic_(1950),SE,0.04,30,0.369,3.6346499999999997,0.09863466851516114,0.270365328792,0.72693,2.53872,0.0,0.0,0.0,Macrobenthos,0.0,0.0,0.0,0.0,0.0,0.26730263200000004,2.6928388408009596e-09,0.0,0.0
28_28_Central_Atlantic_(1950),SE,0.04,29,2.214,22.287599999999998,0.5448121363030838,1.6691878621979999,4.45752,15.6160793,0.0,0.0,0.0,Meiobenthos,0.0,0.0,0.0,0.0,0.0,0.24607594300000002,1.4989161023493125e-09,6.99999999298484e-07,0.0
28_28_Central_Atlantic_(1950),SE,0.04,28,0.012723003955,0.02544600791,0.011450702967616381,0.0012723003954999996,0.005089201582,0.007633802,0.0,0.0,0.0,Benth. ceph.,0.0,0.0,0.0,0.0,0.0,0.9,5.918836185059284e-10,3.729999989432464e-10,0.0
28_28_Central_Atlantic_(1950),SE,0.04,27,0.5644206439999999,4.47855511,0.507978562200084,0.05644206439999998,0.8957110220000001,3.01842356,0.0,0.0,0.0,Lg Squids,0.0,0.0,0.0,0.0,0.0,0.9,1.739991595250956e-08,-1.1599999982792042e-07,0.0
28_28_Central_Atlantic_(1950),SE,0.04,26,1.9626521827999999,15.573218407,1.766386893631383,0.19626521827999993,3.1146436814000005,10.4959221,0.0,0.0,0.0,Sm Squids,0.0,0.0,0.0,0.0,0.0,0.9,7.08886169764611e-08,4.428000011102995e-07,0.0
28_28_Central_Atlantic_(1950),SE,0.04,25,0.029511966558754574,0.05365811909218538,0.028247997140988634,0.001263969107687661,0.010731623818437078,0.01341453,0.0,0.0,0.0,Lg. Bathyd. abs,0.0,0.0,0.0,0.0,0.0,0.957170963,3.100782790255163e-10,-1.2850062697938869e-09,0.0
28_28_Central_Atlantic_(1950),SE,0.04,24,0.032007212730000005,0.0581949347850468,0.03092652416753671,0.0010806897702190206,0.011638986957009361,0.014548731,0.0,0.0,0.0,Sm. Bathyd. abs,0.0,0.0,0.0,0.0,0.0,0.966236055,-1.207755728760418e-09,4.098037435437685e-09,0.0
28_28_Central_Atlantic_(1950),SE,0.04,23,0.0030136304000000004,0.00547932783219558,0.0019225564713861983,0.00102711515654528,0.001095865566439116,0.00136983185,6.39589e-05,0.0,0.0,Lg. Bathyd. slp,2.558356e-06,2.558356e-06,6.1400544e-05,6.1400544e-05,0.0,0.6591768,-1.2793147834491703e-10,1.5756463408317378e-11,0.0
28_28_Central_Atlantic_(1950),SE,0.04,22,0.005653607665707449,0.010279287244467,0.004260451747794523,0.0012050065457042862,0.0020558574488934002,0.00256982166,0.000188149,0.0,0.0,Sm. Bathyd. slp,7.52596e-06,7.52596e-06,0.00018062303999999998,0.00018062303999999998,0.0,0.7868606,3.7220863977754926e-10,4.69866151195375e-10,0.0
28_28_Central_Atlantic_(1950),SE,0.04,21,0.006341536224000001,0.011508713888,0.005009813921588745,0.0013317226070399999,0.0023017427776000003,0.00286543486,0.0,0.0,0.0,Lg. Bathyp. fish,0.0,0.0,0.0,0.0,0.0,0.79,-3.046287441049733e-10,2.6399998940412894e-11,0.0
28_28_Central_Atlantic_(1950),SE,0.04,20,0.013441102436,0.020515366876,0.012096991849560989,0.0013441102435999997,0.0041030733752,0.00297118956,0.0,0.0,0.0,Md. Bathyp.fish,0.0,0.0,0.0,0.0,0.0,0.9,3.428390106530177e-10,1.5047999985841332e-09,0.0
28_28_Central_Atlantic_(1950),SE,0.04,19,0.06545771003200002,0.22973138617000002,0.05891193573953475,0.0065457710032,0.04594627723400001,0.118327409,0.0,0.0,0.0,Sm. Bathyp. fish,0.0,0.0,0.0,0.0,0.0,0.9,3.2892652629401553e-09,-1.0095999994352844e-08,0.0
28_28_Central_Atlantic_(1950),SE,0.04,18,12.22519406327412,59.3828355,3.573220730157866,8.651973314709084,11.8765671,35.2810745,0.0,0.0,0.0,Sm. Meso fish,0.0,0.0,0.0,0.0,0.0,0.292283356,1.8407170898626646e-08,-1.6327412311056833e-07,0.0
28_28_Central_Atlantic_(1950),SE,0.04,17,0.0003348901755,0.0079257341535,0.00030140115666829864,3.348901755e-05,0.0015851468307,0.006005697,0.0,0.0,0.0,Lg. Meso fish,0.0,0.0,0.0,0.0,0.0,0.9,1.2817013617973105e-12,1.4729999945478633e-10,0.0
28_28_Central_Atlantic_(1950),SE,0.04,16,2.418293435320515,14.779333033030326,2.1764249584475417,0.24182934353205143,2.9558666066060653,9.405173,3.90985e-05,0.0,0.0,Sm. Epi. fish,1.56394e-06,1.56394e-06,3.7534559999999995e-05,3.7534559999999995e-05,0.0,0.9,3.4840921703249705e-08,-8.896252623458167e-09,0.0
28_28_Central_Atlantic_(1950),SE,0.04,15,0.1059599016,0.7525932498796599,0.09523928587084607,0.010595990159999997,0.150518649975932,0.496114731,0.000124629,0.0,0.0,Md. Epi. fish,4.98516e-06,4.98516e-06,0.00011964383999999998,0.00011964383999999998,0.0,0.9,-3.4308460655774198e-09,-3.2696272078691635e-08,0.0
28_28_Central_Atlantic_(1950),SE,0.04,14,0.00984495897,0.12697145868897,0.007685239049978655,0.0018705422042999994,0.025394291737794002,0.091732204,0.000289178,0.0,0.0,Lg. Epi. fish,1.1567120000000001e-05,1.1567120000000001e-05,0.00027761088000000003,0.00027761088000000003,0.0,0.81,-2.8427865443603206e-10,3.981175999978603e-09,0.0
28_28_Central_Atlantic_(1950),SE,0.04,13,0.00064010414496,0.010287388044000001,6.401041000000001e-05,0.000576093730464,0.0020574776088000003,0.00758980634,0.0,0.0,0.0,Lg. Plank. fish,0.0,0.0,0.0,0.0,0.0,0.09999999999999998,4.496000034943937e-12,-4.9759998205223255e-11,0.0
28_28_Central_Atlantic_(1950),SE,0.04,12,2.1336802558309998e-05,0.00021225354904839998,6.401041000000001e-07,2.0696698481560696e-05,4.245070980968e-05,0.000148466032,0.0,0.0,0.0,Billfishes,0.0,0.0,0.0,0.0,0.0,0.030000000000000027,-2.3250698648292698e-14,4.680409976687977e-12,0.0
28_28_Central_Atlantic_(1950),SE,0.04,11,0.00032651159999999997,0.004353488,6.401041000000001e-07,0.00032587149593018877,0.0008706976,0.00315627875,0.0,0.0,0.0,Swordfish,0.0,0.0,0.0,0.0,0.0,0.0019604328600000276,-3.0188796341229507e-14,5.000000023389073e-11,0.0
28_28_Central_Atlantic_(1950),SE,0.04,10,0.01072980688,0.46030871515199995,0.0017776866754339626,0.008952120234131998,0.09206174303039999,0.357517153,0.0,0.0,0.0,Bigeye,0.0,0.0,0.0,0.0,0.0,0.16567741300000005,-2.9565960790733925e-11,1.2241599955942206e-08,0.0
28_28_Central_Atlantic_(1950),SE,0.04,9,0.0002486316,0.0059671584,9.575327449622515e-05,0.00015287832471324,0.00119343168,0.004525095,0.0,0.0,0.0,Albacore,0.0,0.0,0.0,0.0,0.0,0.3851211,7.90534846785429e-13,1.200000003878654e-10,0.0
28_28_Central_Atlantic_(1950),SE,0.04,8,0.00804781642,0.15322104854,0.001044242037497828,0.007003574237715865,0.030644209707999998,0.114529014,0.0,0.0,0.0,Skipjack,0.0,0.0,0.0,0.0,0.0,0.12975472199999993,1.4478630620817778e-10,8.411999999347053e-09,0.0
28_28_Central_Atlantic_(1950),SE,0.04,7,2.1533975999999998e-06,3.588996e-05,6.401041000000001e-07,6.160445043768214e-07,7.177992e-06,2.655857e-05,8.97249e-07,0.0,0.0,Bluefin,3.588996e-08,3.588996e-08,8.6135904e-07,8.6135904e-07,0.0,0.713919759,-4.376821679337364e-15,3.999999997569316e-13,0.0
28_28_Central_Atlantic_(1950),SE,0.04,6,0.00010813669999999998,0.00239908993,6.988740116756793e-06,0.00010114795916850798,0.00047981798599999997,0.00181113509,0.0,0.0,0.0,Yellowfin,0.0,0.0,0.0,0.0,0.0,0.06462875999999995,7.147352100358301e-13,1.5400000003516767e-10,0.0
28_28_Central_Atlantic_(1950),SE,0.04,5,0.00249640599,0.06401040999999999,0.0005785155030430785,0.0018723044925,0.012802082,0.048711922,4.5586e-05,0.0,0.0,Pelagic sharks,1.82344e-06,1.82344e-06,4.376256e-05,4.376256e-05,0.0,0.25,-5.543078582942451e-12,9.999993888509806e-12,0.0
28_28_Central_Atlantic_(1950),SE,0.04,4,9.79823604992e-06,0.00919899290843,5.857542543244573e-06,3.940693277589222e-06,0.0018397985816859998,0.00734939566,0.0,0.0,0.0,Seabirds,0.0,0.0,0.0,0.0,0.0,0.59781605,2.290862049619249e-13,4.3069408022650135e-10,0.0
28_28_Central_Atlantic_(1950),SE,0.04,3,1.796872e-05,0.007911342611788,5.217438443244573e-06,1.275128168977432e-05,0.0015822685223576003,0.00631110556,0.0,0.0,0.0,Beaked whales,0.0,0.0,0.0,0.0,0.0,0.29036226900000006,-1.330188909053672e-13,-1.9056960089830488e-10,0.0
28_28_Central_Atlantic_(1950),SE,0.04,2,0.00156,0.52174383222,0.0008372185599812127,0.0007227814573199999,0.104348766444,0.415835053,0.0,0.0,0.0,Toothed whales,0.0,0.0,0.0,0.0,0.0,0.536678553,-1.730121276279084e-11,1.2775999980174646e-08,0.0
28_28_Central_Atlantic_(1950),SE,0.04,1,0.0008256798,0.1814176815802857,0.0005485316108812128,0.0002771482068003528,0.036283536316057144,0.144308478,0.0,0.0,0.0,Baleen whales,0.0,0.0,0.0,0.0,0.0,0.664339364,-1.76815656300483e-11,-1.2535771448662913e-08,0.0
28_28_Central_Atlantic_(1950),SC,0.05,39,-0.0,-0.0,0.0,0.0,0.0,0.0,0.0,0.0,0.0,diet_import,0.0,0.0,0.0,0.0,0.0,,-0.0,0.0,0.0
28_28_Central_Atlantic_(1950),SC,0.05,38,2777.8730180352595,2777.8730180352595,2718.2345000401283,0.0,0.0,0.0,0.0,59.638517995131224,0.0,Detritus,0.0,0.0,0.0,0.0,0.0,1.0,0.0,0.0,0.0
28_28_Central_Atlantic_(1950),SC,0.05,37,2964.2448555,2964.2448555,2304.4126302796485,659.8320120997337,0.0,0.0,0.0,0.0,0.0,Phytoplankton,0.0,0.0,0.0,0.0,0.0,0.777403,0.00021312061790013104,0.0,0.0
28_28_Central_Atlantic_(1950),SC,0.05,36,51.606198899999995,172.02066299999998,3.473465040262137,48.13273376183184,34.4041326,86.01033,0.0,0.0,0.0,Lg. Zoop. deep,0.0,0.0,0.0,0.0,0.0,0.06730712999999999,9.790602462089737e-08,1.499999996212864e-06,0.0
28_28_Central_Atlantic_(1950),SC,0.05,35,326.25349455,1088.1402679500002,136.65760187059252,189.59589687002213,217.62805359000004,544.2587,0.0,0.0,0.0,Sm. Zoop. deep,0.0,0.0,0.0,0.0,0.0,0.41886937599999996,-4.1906146179826465e-06,1.9810000139841577e-05,0.0
28_28_Central_Atlantic_(1950),SC,0.05,34,152.83878554999998,509.4626185,24.764043988060063,128.07474125496339,101.89252370000001,254.731323,0.0,0.0,0.0,Lg. Zoop. shlw,0.0,0.0,0.0,0.0,0.0,0.162027225,3.069765455165907e-07,-1.3749999965284587e-05,0.0
28_28_Central_Atlantic_(1950),SC,0.05,33,1141.8,3808.2000000000003,810.8210994383843,330.97876575719994,761.6400000000001,1904.76,0.0,0.0,0.0,Sm. Zoop. shlw,0.0,0.0,0.0,0.0,0.0,0.710125446,0.00013480441566571244,4.547473508864641e-13,0.0
28_28_Central_Atlantic_(1950),SC,0.05,32,415.91835,563.5749999999999,259.56446880550004,156.35385617274002,112.71499999999999,34.941597,0.0,0.0,0.0,Het. bacteria,0.0,0.0,0.0,0.0,0.0,0.6240755999999998,2.502175988183808e-05,5.2999999965663847e-05,0.0
28_28_Central_Atlantic_(1950),SC,0.05,31,0.43340000000000006,2.6398,0.041626123427598485,0.39177388030000004,0.5279600000000001,1.67843986,0.0,0.0,0.0,Megabenthos,0.0,0.0,0.0,0.0,0.0,0.0960455,-3.72759845213011e-09,1.3999999981528788e-07,0.0
28_28_Central_Atlantic_(1950),SC,0.05,30,0.369,3.6346499999999997,0.09863466851516114,0.270365328792,0.72693,2.53872,0.0,0.0,0.0,Macrobenthos,0.0,0.0,0.0,0.0,0.0,0.26730263200000004,2.6928388408009596e-09,0.0,0.0
28_28_Central_Atlantic_(1950),SC,0.05,29,2.214,22.287599999999998,0.5448121363030838,1.6691878621979999,4.45752,15.6160793,0.0,0.0,0.0,Meiobenthos,0.0,0.0,0.0,0.0,0.0,0.24607594300000002,1.4989161023493125e-09,6.99999999298484e-07,0.0
28_28_Central_Atlantic_(1950),SC,0.05,28,0.012723003955,0.02544600791,0.011450702967616381,0.0012723003954999996,0.005089201582,0.007633802,0.0,0.0,0.0,Benth. ceph.,0.0,0.0,0.0,0.0,0.0,0.9,5.918836185059284e-10,3.729999989432464e-10,0.0
28_28_Central_Atlantic_(1950),SC,0.05,27,0.5644206439999999,4.47855511,0.507978562200084,0.05644206439999998,0.8957110220000001,3.01842356,0.0,0.0,0.0,Lg Squids,0.0,0.0,0.0,0.0,0.0,0.9,1.739991595250956e-08,-1.1599999982792042e-07,0.0
28_28_Central_Atlantic_(1950),SC,0.05,26,1.9626521827999999,15.573218407,1.766386893631383,0.19626521827999993,3.1146436814000005,10.4959221,0.0,0.0,0.0,Sm Squids,0.0,0.0,0.0,0.0,0.0,0.9,7.08886169764611e-08,4.428000011102995e-07,0.0
28_28_Central_Atlantic_(1950),SC,0.05,25,0.029511966558754574,0.05365811909218538,0.028247997140988634,0.001263969107687661,0.010731623818437078,0.01341453,0.0,0.0,0.0,Lg. Bathyd. abs,0.0,0.0,0.0,0.0,0.0,0.957170963,3.100782790255163e-10,-1.2850062697938869e-09,0.0
28_28_Central_Atlantic_(1950),SC,0.05,24,0.032007212730000005,0.0581949347850468,0.03092652416753671,0.0010806897702190206,0.011638986957009361,0.014548731,0.0,0.0,0.0,Sm. Bathyd. abs,0.0,0.0,0.0,0.0,0.0,0.966236055,-1.207755728760418e-09,4.098037435437685e-09,0.0
28_28_Central_Atlantic_(1950),SC,0.05,23,0.0030136304000000004,0.00547932783219558,0.0019225564713861983,0.00102711515654528,0.001095865566439116,0.00136983185,6.39589e-05,0.0,0.0,Lg. Bathyd. slp,0.0,3.197945e-06,6.076095499999999e-05,6.39589e-05,0.0,0.6591768,-1.2793147834491703e-10,1.5756463408317378e-11,0.0
28_28_Central_Atlantic_(1950),SC,0.05,22,0.005653607665707449,0.010279287244467,0.004260451747794523,0.0012050065457042862,0.0020558574488934002,0.00256982166,0.000188149,0.0,0.0,Sm. Bathyd. slp,0.0,9.407450000000001e-06,0.00017874155,0.000188149,0.0,0.7868606,3.7220863977754926e-10,4.69866151195375e-10,0.0
28_28_Central_Atlantic_(1950),SC,0.05,21,0.006341536224000001,0.011508713888,0.005009813921588745,0.0013317226070399999,0.0023017427776000003,0.00286543486,0.0,0.0,0.0,Lg. Bathyp. fish,0.0,0.0,0.0,0.0,0.0,0.79,-3.046287441049733e-10,2.6399998940412894e-11,0.0
28_28_Central_Atlantic_(1950),SC,0.05,20,0.013441102436,0.020515366876,0.012096991849560989,0.0013441102435999997,0.0041030733752,0.00297118956,0.0,0.0,0.0,Md. Bathyp.fish,0.0,0.0,0.0,0.0,0.0,0.9,3.428390106530177e-10,1.5047999985841332e-09,0.0
28_28_Central_Atlantic_(1950),SC,0.05,19,0.06545771003200002,0.22973138617000002,0.05891193573953475,0.0065457710032,0.04594627723400001,0.118327409,0.0,0.0,0.0,Sm. Bathyp. fish,0.0,0.0,0.0,0.0,0.0,0.9,3.2892652629401553e-09,-1.0095999994352844e-08,0.0
28_28_Central_Atlantic_(1950),SC,0.05,18,12.22519406327412,59.3828355,3.573220730157866,8.651973314709084,11.8765671,35.2810745,0.0,0.0,0.0,Sm. Meso fish,0.0,0.0,0.0,0.0,0.0,0.292283356,1.8407170898626646e-08,-1.6327412311056833e-07,0.0
28_28_Central_Atlantic_(1950),SC,0.05,17,0.0003348901755,0.0079257341535,0.00030140115666829864,3.348901755e-05,0.0015851468307,0.006005697,0.0,0.0,0.0,Lg. Meso fish,0.0,0.0,0.0,0.0,0.0,0.9,1.2817013617973105e-12,1.4729999945478633e-10,0.0
28_28_Central_Atlantic_(1950),SC,0.05,16,2.418293435320515,14.779333033030326,2.1764249584475417,0.24182934353205143,2.9558666066060653,9.405173,3.90985e-05,0.0,0.0,Sm. Epi. fish,0.0,1.954925e-06,3.7143575e-05,3.90985e-05,0.0,0.9,3.4840922147338915e-08,-8.896252623458167e-09,0.0
28_28_Central_Atlantic_(1950),SC,0.05,15,0.1059599016,0.7525932498796599,0.09523928587084607,0.010595990159999997,0.150518649975932,0.496114731,0.000124629,0.0,0.0,Md. Epi. fish,0.0,6.2314499999999994e-06,0.00011839754999999998,0.000124629,0.0,0.9,-3.4308460655774198e-09,-3.2696272078691635e-08,0.0
28_28_Central_Atlantic_(1950),SC,0.05,14,0.00984495897,0.12697145868897,0.007685239049978655,0.0018705422042999994,0.025394291737794002,0.091732204,0.000289178,0.0,0.0,Lg. Epi. fish,0.0,1.4458900000000001e-05,0.0002747191,0.000289178,0.0,0.81,-2.8427865443603206e-10,3.981175999978603e-09,0.0
28_28_Central_Atlantic_(1950),SC,0.05,13,0.00064010414496,0.010287388044000001,6.401041000000001e-05,0.000576093730464,0.0020574776088000003,0.00758980634,0.0,0.0,0.0,Lg. Plank. fish,0.0,0.0,0.0,0.0,0.0,0.09999999999999998,4.496000034943937e-12,-4.9759998205223255e-11,0.0
28_28_Central_Atlantic_(1950),SC,0.05,12,2.1336802558309998e-05,0.00021225354904839998,6.401041000000001e-07,2.0696698481560696e-05,4.245070980968e-05,0.000148466032,0.0,0.0,0.0,Billfishes,0.0,0.0,0.0,0.0,0.0,0.030000000000000027,-2.3250698648292698e-14,4.680409976687977e-12,0.0
28_28_Central_Atlantic_(1950),SC,0.05,11,0.00032651159999999997,0.004353488,6.401041000000001e-07,0.00032587149593018877,0.0008706976,0.00315627875,0.0,0.0,0.0,Swordfish,0.0,0.0,0.0,0.0,0.0,0.0019604328600000276,-3.0188796341229507e-14,5.000000023389073e-11,0.0
28_28_Central_Atlantic_(1950),SC,0.05,10,0.01072980688,0.46030871515199995,0.0017776866754339626,0.008952120234131998,0.09206174303039999,0.357517153,0.0,0.0,0.0,Bigeye,0.0,0.0,0.0,0.0,0.0,0.16567741300000005,-2.9565960790733925e-11,1.2241599955942206e-08,0.0
28_28_Central_Atlantic_(1950),SC,0.05,9,0.0002486316,0.0059671584,9.575327449622515e-05,0.00015287832471324,0.00119343168,0.004525095,0.0,0.0,0.0,Albacore,0.0,0.0,0.0,0.0,0.0,0.3851211,7.90534846785429e-13,1.200000003878654e-10,0.0
28_28_Central_Atlantic_(1950),SC,0.05,8,0.00804781642,0.15322104854,0.001044242037497828,0.007003574237715865,0.030644209707999998,0.114529014,0.0,0.0,0.0,Skipjack,0.0,0.0,0.0,0.0,0.0,0.12975472199999993,1.4478630620817778e-10,8.411999999347053e-09,0.0
28_28_Central_Atlantic_(1950),SC,0.05,7,2.1533975999999998e-06,3.588996e-05,6.401041000000001e-07,6.160445043768214e-07,7.177992e-06,2.655857e-05,8.97249e-07,0.0,0.0,Bluefin,0.0,4.4862450000000006e-08,8.5238655e-07,8.97249e-07,0.0,0.713919759,-4.376821679337364e-15,3.999999997569316e-13,0.0
28_28_Central_Atlantic_(1950),SC,0.05,6,0.00010813669999999998,0.00239908993,6.988740116756793e-06,0.00010114795916850798,0.00047981798599999997,0.00181113509,0.0,0.0,0.0,Yellowfin,0.0,0.0,0.0,0.0,0.0,0.06462875999999995,7.147352100358301e-13,1.5400000003516767e-10,0.0
28_28_Central_Atlantic_(1950),SC,0.05,5,0.00249640599,0.06401040999999999,0.0005785155030430785,0.0018723044925,0.012802082,0.048711922,4.5586e-05,0.0,0.0,Pelagic sharks,0.0,2.2793e-06,4.3306699999999997e-05,4.5586e-05,0.0,0.25,-5.543078149261582e-12,9.999993888509806e-12,0.0
28_28_Central_Atlantic_(1950),SC,0.05,4,9.79823604992e-06,0.00919899290843,5.857542543244573e-06,3.940693277589222e-06,0.0018397985816859998,0.00734939566,0.0,0.0,0.0,Seabirds,0.0,0.0,0.0,0.0,0.0,0.59781605,2.290862049619249e-13,4.3069408022650135e-10,0.0
28_28_Central_Atlantic_(1950),SC,0.05,3,1.796872e-05,0.007911342611788,5.217438443244573e-06,1.275128168977432e-05,0.0015822685223576003,0.00631110556,0.0,0.0,0.0,Beaked whales,0.0,0.0,0.0,0.0,0.0,0.29036226900000006,-1.330188909053672e-13,-1.9056960089830488e-10,0.0
28_28_Central_Atlantic_(1950),SC,0.05,2,0.00156,0.52174383222,0.0008372185599812127,0.0007227814573199999,0.104348766444,0.415835053,0.0,0.0,0.0,Toothed whales,0.0,0.0,0.0,0.0,0.0,0.536678553,-1.730121276279084e-11,1.2775999980174646e-08,0.0
28_28_Central_Atlantic_(1950),SC,0.05,1,0.0008256798,0.1814176815802857,0.0005485316108812128,0.0002771482068003528,0.036283536316057144,0.144308478,0.0,0.0,0.0,Baleen whales,0.0,0.0,0.0,0.0,0.0,0.664339364,-1.76815656300483e-11,-1.2535771448662913e-08,0.0
28_28_Central_Atlantic_(1950),SM,0.05,39,-0.0,-0.0,0.0,0.0,0.0,0.0,0.0,0.0,0.0,diet_import,0.0,0.0,0.0,0.0,0.0,,-0.0,0.0,0.0
28_28_Central_Atlantic_(1950),SM,0.05,38,2777.8730556100923,2777.8730556100923,2718.2345000401283,0.0,0.0,0.0,0.0,59.638555569963955,0.0,Detritus,0.0,0.0,0.0,0.0,0.0,1.0,0.0,0.0,0.0
28_28_Central_Atlantic_(1950),SM,0.05,37,2964.2448555,2964.2448555,2304.4126302796485,659.8320120997337,0.0,0.0,0.0,0.0,0.0,Phytoplankton,0.0,0.0,0.0,0.0,0.0,0.777403,0.00021312061790013104,0.0,0.0
28_28_Central_Atlantic_(1950),SM,0.05,36,51.606198899999995,172.02066299999998,3.473465040262137,48.13273376183184,34.4041326,86.01033,0.0,0.0,0.0,Lg. Zoop. deep,0.0,0.0,0.0,0.0,0.0,0.06730712999999999,9.790602462089737e-08,1.499999996212864e-06,0.0
28_28_Central_Atlantic_(1950),SM,0.05,35,326.25349455,1088.1402679500002,136.65760187059252,189.59589687002213,217.62805359000004,544.2587,0.0,0.0,0.0,Sm. Zoop. deep,0.0,0.0,0.0,0.0,0.0,0.41886937599999996,-4.1906146179826465e-06,1.9810000139841577e-05,0.0
28_28_Central_Atlantic_(1950),SM,0.05,34,152.83878554999998,509.4626185,24.764043988060063,128.07474125496339,101.89252370000001,254.731323,0.0,0.0,0.0,Lg. Zoop. shlw,0.0,0.0,0.0,0.0,0.0,0.162027225,3.069765455165907e-07,-1.3749999965284587e-05,0.0
28_28_Central_Atlantic_(1950),SM,0.05,33,1141.8,3808.2000000000003,810.8210994383843,330.97876575719994,761.6400000000001,1904.76,0.0,0.0,0.0,Sm. Zoop. shlw,0.0,0.0,0.0,0.0,0.0,0.710125446,0.00013480441566571244,4.547473508864641e-13,0.0
28_28_Central_Atlantic_(1950),SM,0.05,32,415.91835,563.5749999999999,259.56446880550004,156.35385617274002,112.71499999999999,34.941597,0.0,0.0,0.0,Het. bacteria,0.0,0.0,0.0,0.0,0.0,0.6240755999999998,2.502175988183808e-05,5.2999999965663847e-05,0.0
28_28_Central_Atlantic_(1950),SM,0.05,31,0.43340000000000006,2.6398,0.041626123427598485,0.39177388030000004,0.5279600000000001,1.67843986,0.0,0.0,0.0,Megabenthos,0.0,0.0,0.0,0.0,0.0,0.0960455,-3.72759845213011e-09,1.3999999981528788e-07,0.0
28_28_Central_Atlantic_(1950),SM,0.05,30,0.369,3.6346499999999997,0.09863466851516114,0.270365328792,0.72693,2.53872,0.0,0.0,0.0,Macrobenthos,0.0,0.0,0.0,0.0,0.0,0.26730263200000004,2.6928388408009596e-09,0.0,0.0
28_28_Central_Atlantic_(1950),SM,0.05,29,2.214,22.287599999999998,0.5448121363030838,1.6691878621979999,4.45752,15.6160793,0.0,0.0,0.0,Meiobenthos,0.0,0.0,0.0,0.0,0.0,0.24607594300000002,1.4989161023493125e-09,6.99999999298484e-07,0.0
28_28_Central_Atlantic_(1950),SM,0.05,28,0.012723003955,0.02544600791,0.011450702967616381,0.0012723003954999996,0.005089201582,0.007633802,0.0,0.0,0.0,Benth. ceph.,0.0,0.0,0.0,0.0,0.0,0.9,5.918836185059284e-10,3.729999989432464e-10,0.0
28_28_Central_Atlantic_(1950),SM,0.05,27,0.5644206439999999,4.47855511,0.507978562200084,0.05644206439999998,0.8957110220000001,3.01842356,0.0,0.0,0.0,Lg Squids,0.0,0.0,0.0,0.0,0.0,0.9,1.739991595250956e-08,-1.1599999982792042e-07,0.0
28_28_Central_Atlantic_(1950),SM,0.05,26,1.9626521827999999,15.573218407,1.766386893631383,0.19626521827999993,3.1146436814000005,10.4959221,0.0,0.0,0.0,Sm Squids,0.0,0.0,0.0,0.0,0.0,0.9,7.08886169764611e-08,4.428000011102995e-07,0.0
28_28_Central_Atlantic_(1950),SM,0.05,25,0.029511966558754574,0.05365811909218538,0.028247997140988634,0.001263969107687661,0.010731623818437078,0.01341453,0.0,0.0,0.0,Lg. Bathyd. abs,0.0,0.0,0.0,0.0,0.0,0.957170963,3.100782790255163e-10,-1.2850062697938869e-09,0.0
28_28_Central_Atlantic_(1950),SM,0.05,24,0.032007212730000005,0.0581949347850468,0.03092652416753671,0.0010806897702190206,0.011638986957009361,0.014548731,0.0,0.0,0.0,Sm. Bathyd. abs,0.0,0.0,0.0,0.0,0.0,0.966236055,-1.207755728760418e-09,4.098037435437685e-09,0.0
28_28_Central_Atlantic_(1950),SM,0.05,23,0.0030136304000000004,0.00547932783219558,0.0019225564713861983,0.0010303131015452801,0.001095865566439116,0.00136983185,6.39589e-05,0.0,0.0,Lg. Bathyd. slp,0.0,3.197945e-06,6.076095499999999e-05,6.076095499999999e-05,0.0,0.6581156396798757,-1.2793147834491703e-10,1.5756463408317378e-11,0.0
28_28_Central_Atlantic_(1950),SM,0.05,22,0.005653607665707449,0.010279287244467,0.004260451747794523,0.0012144139957042863,0.0020558574488934002,0.00256982166,0.000188149,0.0,0.0,Sm. Bathyd. slp,0.0,9.407450000000001e-06,0.00017874155,0.00017874155,0.0,0.7851966270899126,3.7220863977754926e-10,4.69866151195375e-10,0.0
28_28_Central_Atlantic_(1950),SM,0.05,21,0.006341536224000001,0.011508713888,0.005009813921588745,0.0013317226070399999,0.0023017427776000003,0.00286543486,0.0,0.0,0.0,Lg. Bathyp. fish,0.0,0.0,0.0,0.0,0.0,0.79,-3.046287441049733e-10,2.6399998940412894e-11,0.0
28_28_Central_Atlantic_(1950),SM,0.05,20,0.013441102436,0.020515366876,0.012096991849560989,0.0013441102435999997,0.0041030733752,0.00297118956,0.0,0.0,0.0,Md. Bathyp.fish,0.0,0.0,0.0,0.0,0.0,0.9,3.428390106530177e-10,1.5047999985841332e-09,0.0
28_28_Central_Atlantic_(1950),SM,0.05,19,0.06545771003200002,0.22973138617000002,0.05891193573953475,0.0065457710032,0.04594627723400001,0.118327409,0.0,0.0,0.0,Sm. Bathyp. fish,0.0,0.0,0.0,0.0,0.0,0.9,3.2892652629401553e-09,-1.0095999994352844e-08,0.0
28_28_Central_Atlantic_(1950),SM,0.05,18,12.22519406327412,59.3828355,3.573220730157866,8.651973314709084,11.8765671,35.2810745,0.0,0.0,0.0,Sm. Meso fish,0.0,0.0,0.0,0.0,0.0,0.292283356,1.8407170898626646e-08,-1.6327412311056833e-07,0.0
28_28_Central_Atlantic_(1950),SM,0.05,17,0.0003348901755,0.0079257341535,0.00030140115666829864,3.348901755e-05,0.0015851468307,0.006005697,0.0,0.0,0.0,Lg. Meso fish,0.0,0.0,0.0,0.0,0.0,0.9,1.2817013617973105e-12,1.4729999945478633e-10,0.0
28_28_Central_Atlantic_(1950),SM,0.05,16,2.418293435320515,14.779333033030326,2.1764249584475417,0.24183129845705142,2.9558666066060653,9.405173,3.90985e-05,0.0,0.0,Sm. Epi. fish,0.0,1.954925e-06,3.7143575e-05,3.7143575e-05,0.0,0.8999991916096817,3.4840921703249705e-08,-8.896252623458167e-09,0.0
28_28_Central_Atlantic_(1950),SM,0.05,15,0.1059599016,0.7525932498796599,0.09523928587084607,0.010602221609999997,0.150518649975932,0.496114731,0.000124629,0.0,0.0,Md. Epi. fish,0.0,6.2314499999999994e-06,0.00011839754999999998,0.00011839754999999998,0.0,0.8999411904889878,-3.430846051699632e-09,-3.2696272078691635e-08,0.0
28_28_Central_Atlantic_(1950),SM,0.05,14,0.00984495897,0.12697145868897,0.007685239049978655,0.0018850011042999995,0.025394291737794002,0.091732204,0.000289178,0.0,0.0,Lg. Epi. fish,0.0,1.4458900000000001e-05,0.0002747191,0.0002747191,0.0,0.8085313397400579,-2.8427865443603206e-10,3.981175999978603e-09,0.0
28_28_Central_Atlantic_(1950),SM,0.05,13,0.00064010414496,0.010287388044000001,6.401041000000001e-05,0.000576093730464,0.0020574776088000003,0.00758980634,0.0,0.0,0.0,Lg. Plank. fish,0.0,0.0,0.0,0.0,0.0,0.09999999999999998,4.496000034943937e-12,-4.9759998205223255e-11,0.0
28_28_Central_Atlantic_(1950),SM,0.05,12,2.1336802558309998e-05,0.00021225354904839998,6.401041000000001e-07,2.0696698481560696e-05,4.245070980968e-05,0.000148466032,0.0,0.0,0.0,Billfishes,0.0,0.0,0.0,0.0,0.0,0.030000000000000027,-2.3250698648292698e-14,4.680409976687977e-12,0.0
28_28_Central_Atlantic_(1950),SM,0.05,11,0.00032651159999999997,0.004353488,6.401041000000001e-07,0.00032587149593018877,0.0008706976,0.00315627875,0.0,0.0,0.0,Swordfish,0.0,0.0,0.0,0.0,0.0,0.0019604328600000276,-3.0188796341229507e-14,5.000000023389073e-11,0.0
28_28_Central_Atlantic_(1950),SM,0.05,10,0.01072980688,0.46030871515199995,0.0017776866754339626,0.008952120234131998,0.09206174303039999,0.357517153,0.0,0.0,0.0,Bigeye,0.0,0.0,0.0,0.0,0.0,0.16567741300000005,-2.9565960790733925e-11,1.2241599955942206e-08,0.0
28_28_Central_Atlantic_(1950),SM,0.05,9,0.0002486316,0.0059671584,9.575327449622515e-05,0.00015287832471324,0.00119343168,0.004525095,0.0,0.0,0.0,Albacore,0.0,0.0,0.0,0.0,0.0,0.3851211,7.90534846785429e-13,1.200000003878654e-10,0.0
28_28_Central_Atlantic_(1950),SM,0.05,8,0.00804781642,0.15322104854,0.001044242037497828,0.007003574237715865,0.030644209707999998,0.114529014,0.0,0.0,0.0,Skipjack,0.0,0.0,0.0,0.0,0.0,0.12975472199999993,1.4478630620817778e-10,8.411999999347053e-09,0.0
28_28_Central_Atlantic_(1950),SM,0.05,7,2.1533975999999998e-06,3.588996e-05,6.401041000000001e-07,6.609069543768215e-07,7.177992e-06,2.655857e-05,8.97249e-07,0.0,0.0,Bluefin,0.0,4.4862450000000006e-08,8.5238655e-07,8.5238655e-07,0.0,0.6930864256666667,-4.376822102853837e-15,3.999999997569316e-13,0.0
28_28_Central_Atlantic_(1950),SM,0.05,6,0.00010813669999999998,0.00239908993,6.988740116756793e-06,0.00010114795916850798,0.00047981798599999997,0.00181113509,0.0,0.0,0.0,Yellowfin,0.0,0.0,0.0,0.0,0.0,0.06462875999999995,7.147352100358301e-13,1.5400000003516767e-10,0.0
28_28_Central_Atlantic_(1950),SM,0.05,5,0.00249640599,0.06401040999999999,0.0005785155030430785,0.0018745837925,0.012802082,0.048711922,4.5586e-05,0.0,0.0,Pelagic sharks,0.0,2.2793e-06,4.3306699999999997e-05,4.3306699999999997e-05,0.0,0.2490869674207119,-5.543078582942451e-12,9.999993888509806e-12,0.0
28_28_Central_Atlantic_(1950),SM,0.05,4,9.79823604992e-06,0.00919899290843,5.857542543244573e-06,3.940693277589222e-06,0.0018397985816859998,0.00734939566,0.0,0.0,0.0,Seabirds,0.0,0.0,0.0,0.0,0.0,0.59781605,2.290862049619249e-13,4.3069408022650135e-10,0.0
28_28_Central_Atlantic_(1950),SM,0.05,3,1.796872e-05,0.007911342611788,5.217438443244573e-06,1.275128168977432e-05,0.0015822685223576003,0.00631110556,0.0,0.0,0.0,Beaked whales,0.0,0.0,0.0,0.0,0.0,0.29036226900000006,-1.330188909053672e-13,-1.9056960089830488e-10,0.0
28_28_Central_Atlantic_(1950),SM,0.05,2,0.00156,0.52174383222,0.0008372185599812127,0.0007227814573199999,0.104348766444,0.415835053,0.0,0.0,0.0,Toothed whales,0.0,0.0,0.0,0.0,0.0,0.536678553,-1.730121276279084e-11,1.2775999980174646e-08,0.0
28_28_Central_Atlantic_(1950),SM,0.05,1,0.0008256798,0.1814176815802857,0.0005485316108812128,0.0002771482068003528,0.036283536316057144,0.144308478,0.0,0.0,0.0,Baleen whales,0.0,0.0,0.0,0.0,0.0,0.664339364,-1.76815656300483e-11,-1.2535771448662913e-08,0.0
28_28_Central_Atlantic_(1950),SE,0.05,39,-0.0,-0.0,0.0,0.0,0.0,0.0,0.0,0.0,0.0,diet_import,0.0,0.0,0.0,0.0,0.0,,-0.0,0.0,0.0
28_28_Central_Atlantic_(1950),SE,0.05,38,2777.8730180352595,2777.8730180352595,2718.2345000401283,0.0,0.0,0.0,0.0,59.638517995131224,0.0,Detritus,0.0,0.0,0.0,0.0,0.0,1.0,0.0,0.0,0.0
28_28_Central_Atlantic_(1950),SE,0.05,37,2964.2448555,2964.2448555,2304.4126302796485,659.8320120997337,0.0,0.0,0.0,0.0,0.0,Phytoplankton,0.0,0.0,0.0,0.0,0.0,0.777403,0.00021312061790013104,0.0,0.0
28_28_Central_Atlantic_(1950),SE,0.05,36,51.606198899999995,172.02066299999998,3.473465040262137,48.13273376183184,34.4041326,86.01033,0.0,0.0,0.0,Lg. Zoop. deep,0.0,0.0,0.0,0.0,0.0,0.06730712999999999,9.790602462089737e-08,1.499999996212864e-06,0.0
28_28_Central_Atlantic_(1950),SE,0.05,35,326.25349455,1088.1402679500002,136.65760187059252,189.59589687002213,217.62805359000004,544.2587,0.0,0.0,0.0,Sm. Zoop. deep,0.0,0.0,0.0,0.0,0.0,0.41886937599999996,-4.1906146179826465e-06,1.9810000139841577e-05,0.0
28_28_Central_Atlantic_(1950),SE,0.05,34,152.83878554999998,509.4626185,24.764043988060063,128.07474125496339,101.89252370000001,254.731323,0.0,0.0,0.0,Lg. Zoop. shlw,0.0,0.0,0.0,0.0,0.0,0.162027225,3.069765455165907e-07,-1.3749999965284587e-05,0.0
28_28_Central_Atlantic_(1950),SE,0.05,33,1141.8,3808.2000000000003,810.8210994383843,330.97876575719994,761.6400000000001,1904.76,0.0,0.0,0.0,Sm. Zoop. shlw,0.0,0.0,0.0,0.0,0.0,0.710125446,0.00013480441566571244,4.547473508864641e-13,0.0
28_28_Central_Atlantic_(1950),SE,0.05,32,415.91835,563.5749999999999,259.56446880550004,156.35385617274002,112.71499999999999,34.941597,0.0,0.0,0.0,Het. bacteria,0.0,0.0,0.0,0.0,0.0,0.6240755999999998,2.502175988183808e-05,5.2999999965663847e-05,0.0
28_28_Central_Atlantic_(1950),SE,0.05,31,0.43340000000000006,2.6398,0.041626123427598485,0.39177388030000004,0.5279600000000001,1.67843986,0.0,0.0,0.0,Megabenthos,0.0,0.0,0.0,0.0,0.0,0.0960455,-3.72759845213011e-09,1.3999999981528788e-07,0.0
28_28_Central_Atlantic_(1950),SE,0.05,30,0.369,3.6346499999999997,0.09863466851516114,0.270365328792,0.72693,2.53872,0.0,0.0,0.0,Macrobenthos,0.0,0.0,0.0,0.0,0.0,0.26730263200000004,2.6928388408009596e-09,0.0,0.0
28_28_Central_Atlantic_(1950),SE,0.05,29,2.214,22.287599999999998,0.5448121363030838,1.6691878621979999,4.45752,15.6160793,0.0,0.0,0.0,Meiobenthos,0.0,0.0,0.0,0.0,0.0,0.24607594300000002,1.4989161023493125e-09,6.99999999298484e-07,0.0
28_28_Central_Atlantic_(1950),SE,0.05,28,0.012723003955,0.02544600791,0.011450702967616381,0.0012723003954999996,0.005089201582,0.007633802,0.0,0.0,0.0,Benth. ceph.,0.0,0.0,0.0,0.0,0.0,0.9,5.918836185059284e-10,3.729999989432464e-10,0.0
28_28_Central_Atlantic_(1950),SE,0.05,27,0.5644206439999999,4.47855511,0.507978562200084,0.05644206439999998,0.8957110220000001,3.01842356,0.0,0.0,0.0,Lg Squids,0.0,0.0,0.0,0.0,0.0,0.9,1.739991595250956e-08,-1.1599999982792042e-07,0.0
28_28_Central_Atlantic_(1950),SE,0.05,26,1.9626521827999999,15.573218407,1.766386893631383,0.19626521827999993,3.1146436814000005,10.4959221,0.0,0.0,0.0,Sm Squids,0.0,0.0,0.0,0.0,0.0,0.9,7.08886169764611e-08,4.428000011102995e-07,0.0
28_28_Central_Atlantic_(1950),SE,0.05,25,0.029511966558754574,0.05365811909218538,0.028247997140988634,0.001263969107687661,0.010731623818437078,0.01341453,0.0,0.0,0.0,Lg. Bathyd. abs,0.0,0.0,0.0,0.0,0.0,0.957170963,3.100782790255163e-10,-1.2850062697938869e-09,0.0
28_28_Central_Atlantic_(1950),SE,0.05,24,0.032007212730000005,0.0581949347850468,0.03092652416753671,0.0010806897702190206,0.011638986957009361,0.014548731,0.0,0.0,0.0,Sm. Bathyd. abs,0.0,0.0,0.0,0.0,0.0,0.966236055,-1.207755728760418e-09,4.098037435437685e-09,0.0
28_28_Central_Atlantic_(1950),SE,0.05,23,0.0030136304000000004,0.00547932783219558,0.0019225564713861983,0.00102711515654528,0.001095865566439116,0.00136983185,6.39589e-05,0.0,0.0,Lg. Bathyd. slp,3.197945e-06,3.197945e-06,6.076095499999999e-05,6.076095499999999e-05,0.0,0.6591768,-1.2793147834491703e-10,1.5756463408317378e-11,0.0
28_28_Central_Atlantic_(1950),SE,0.05,22,0.005653607665707449,0.010279287244467,0.004260451747794523,0.0012050065457042862,0.0020558574488934002,0.00256982166,0.000188149,0.0,0.0,Sm. Bathyd. slp,9.407450000000001e-06,9.407450000000001e-06,0.00017874155,0.00017874155,0.0,0.7868606,3.7220863977754926e-10,4.69866151195375e-10,0.0
28_28_Central_Atlantic_(1950),SE,0.05,21,0.006341536224000001,0.011508713888,0.005009813921588745,0.0013317226070399999,0.0023017427776000003,0.00286543486,0.0,0.0,0.0,Lg. Bathyp. fish,0.0,0.0,0.0,0.0,0.0,0.79,-3.046287441049733e-10,2.6399998940412894e-11,0.0
28_28_Central_Atlantic_(1950),SE,0.05,20,0.013441102436,0.020515366876,0.012096991849560989,0.0013441102435999997,0.0041030733752,0.00297118956,0.0,0.0,0.0,Md. Bathyp.fish,0.0,0.0,0.0,0.0,0.0,0.9,3.428390106530177e-10,1.5047999985841332e-09,0.0
28_28_Central_Atlantic_(1950),SE,0.05,19,0.06545771003200002,0.22973138617000002,0.05891193573953475,0.0065457710032,0.04594627723400001,0.118327409,0.0,0.0,0.0,Sm. Bathyp. fish,0.0,0.0,0.0,0.0,0.0,0.9,3.2892652629401553e-09,-1.0095999994352844e-08,0.0
28_28_Central_Atlantic_(1950),SE,0.05,18,12.22519406327412,59.3828355,3.573220730157866,8.651973314709084,11.8765671,35.2810745,0.0,0.0,0.0,Sm. Meso fish,0.0,0.0,0.0,0.0,0.0,0.292283356,1.8407170898626646e-08,-1.6327412311056833e-07,0.0
28_28_Central_Atlantic_(1950),SE,0.05,17,0.0003348901755,0.0079257341535,0.00030140115666829864,3.348901755e-05,0.0015851468307,0.006005697,0.0,0.0,0.0,Lg. Meso fish,0.0,0.0,0.0,0.0,0.0,0.9,1.2817013617973105e-12,1.4729999945478633e-10,0.0
28_28_Central_Atlantic_(1950),SE,0.05,16,2.418293435320515,14.779333033030326,2.1764249584475417,0.24182934353205143,2.9558666066060653,9.405173,3.90985e-05,0.0,0.0,Sm. Epi. fish,1.954925e-06,1.954925e-06,3.7143575e-05,3.7143575e-05,0.0,0.9,3.4840921703249705e-08,-8.896252623458167e-09,0.0
28_28_Central_Atlantic_(1950),SE,0.05,15,0.1059599016,0.7525932498796599,0.09523928587084607,0.010595990159999997,0.150518649975932,0.496114731,0.000124629,0.0,0.0,Md. Epi. fish,6.2314499999999994e-06,6.2314499999999994e-06,0.00011839754999999998,0.00011839754999999998,0.0,0.9,-3.4308460655774198e-09,-3.2696272078691635e-08,0.0
28_28_Central_Atlantic_(1950),SE,0.05,14,0.00984495897,0.12697145868897,0.007685239049978655,0.0018705422042999994,0.025394291737794002,0.091732204,0.000289178,0.0,0.0,Lg. Epi. fish,1.4458900000000001e-05,1.4458900000000001e-05,0.0002747191,0.0002747191,0.0,0.81,-2.8427865443603206e-10,3.981175999978603e-09,0.0
28_28_Central_Atlantic_(1950),SE,0.05,13,0.00064010414496,0.010287388044000001,6.401041000000001e-05,0.000576093730464,0.0020574776088000003,0.00758980634,0.0,0.0,0.0,Lg. Plank. fish,0.0,0.0,0.0,0.0,0.0,0.09999999999999998,4.496000034943937e-12,-4.9759998205223255e-11,0.0
28_28_Central_Atlantic_(1950),SE,0.05,12,2.1336802558309998e-05,0.00021225354904839998,6.401041000000001e-07,2.0696698481560696e-05,4.245070980968e-05,0.000148466032,0.0,0.0,0.0,Billfishes,0.0,0.0,0.0,0.0,0.0,0.030000000000000027,-2.3250698648292698e-14,4.680409976687977e-12,0.0
28_28_Central_Atlantic_(1950),SE,0.05,11,0.00032651159999999997,0.004353488,6.401041000000001e-07,0.00032587149593018877,0.0008706976,0.00315627875,0.0,0.0,0.0,Swordfish,0.0,0.0,0.0,0.0,0.0,0.0019604328600000276,-3.0188796341229507e-14,5.000000023389073e-11,0.0
28_28_Central_Atlantic_(1950),SE,0.05,10,0.01072980688,0.46030871515199995,0.0017776866754339626,0.008952120234131998,0.09206174303039999,0.357517153,0.0,0.0,0.0,Bigeye,0.0,0.0,0.0,0.0,0.0,0.16567741300000005,-2.9565960790733925e-11,1.2241599955942206e-08,0.0
28_28_Central_Atlantic_(1950),SE,0.05,9,0.0002486316,0.0059671584,9.575327449622515e-05,0.00015287832471324,0.00119343168,0.004525095,0.0,0.0,0.0,Albacore,0.0,0.0,0.0,0.0,0.0,0.3851211,7.90534846785429e-13,1.200000003878654e-10,0.0
28_28_Central_Atlantic_(1950),SE,0.05,8,0.00804781642,0.15322104854,0.001044242037497828,0.007003574237715865,0.030644209707999998,0.114529014,0.0,0.0,0.0,Skipjack,0.0,0.0,0.0,0.0,0.0,0.12975472199999993,1.4478630620817778e-10,8.411999999347053e-09,0.0
28_28_Central_Atlantic_(1950),SE,0.05,7,2.1533975999999998e-06,3.588996e-05,6.401041000000001e-07,6.160445043768214e-07,7.177992e-06,2.655857e-05,8.97249e-07,0.0,0.0,Bluefin,4.4862450000000006e-08,4.4862450000000006e-08,8.5238655e-07,8.5238655e-07,0.0,0.713919759,-4.376822102853837e-15,3.999999997569316e-13,0.0
28_28_Central_Atlantic_(1950),SE,0.05,6,0.00010813669999999998,0.00239908993,6.988740116756793e-06,0.00010114795916850798,0.00047981798599999997,0.00181113509,0.0,0.0,0.0,Yellowfin,0.0,0.0,0.0,0.0,0.0,0.06462875999999995,7.147352100358301e-13,1.5400000003516767e-10,0.0
28_28_Central_Atlantic_(1950),SE,0.05,5,0.00249640599,0.06401040999999999,0.0005785155030430785,0.0018723044925,0.012802082,0.048711922,4.5586e-05,0.0,0.0,Pelagic sharks,2.2793e-06,2.2793e-06,4.3306699999999997e-05,4.3306699999999997e-05,0.0,0.25,-5.543078582942451e-12,9.999993888509806e-12,0.0
28_28_Central_Atlantic_(1950),SE,0.05,4,9.79823604992e-06,0.00919899290843,5.857542543244573e-06,3.940693277589222e-06,0.0018397985816859998,0.00734939566,0.0,0.0,0.0,Seabirds,0.0,0.0,0.0,0.0,0.0,0.59781605,2.290862049619249e-13,4.3069408022650135e-10,0.0
28_28_Central_Atlantic_(1950),SE,0.05,3,1.796872e-05,0.007911342611788,5.217438443244573e-06,1.275128168977432e-05,0.0015822685223576003,0.00631110556,0.0,0.0,0.0,Beaked whales,0.0,0.0,0.0,0.0,0.0,0.29036226900000006,-1.330188909053672e-13,-1.9056960089830488e-10,0.0
28_28_Central_Atlantic_(1950),SE,0.05,2,0.00156,0.52174383222,0.0008372185599812127,0.0007227814573199999,0.104348766444,0.415835053,0.0,0.0,0.0,Toothed whales,0.0,0.0,0.0,0.0,0.0,0.536678553,-1.730121276279084e-11,1.2775999980174646e-08,0.0
28_28_Central_Atlantic_(1950),SE,0.05,1,0.0008256798,0.1814176815802857,0.0005485316108812128,0.0002771482068003528,0.036283536316057144,0.144308478,0.0,0.0,0.0,Baleen whales,0.0,0.0,0.0,0.0,0.0,0.664339364,-1.76815656300483e-11,-1.2535771448662913e-08,0.0
28_28_Central_Atlantic_(1950),SC,0.06,39,-0.0,-0.0,0.0,0.0,0.0,0.0,0.0,0.0,0.0,diet_import,0.0,0.0,0.0,0.0,0.0,,-0.0,0.0,0.0
28_28_Central_Atlantic_(1950),SC,0.06,38,2777.8730180352595,2777.8730180352595,2718.2345000401283,0.0,0.0,0.0,0.0,59.638517995131224,0.0,Detritus,0.0,0.0,0.0,0.0,0.0,1.0,0.0,0.0,0.0
28_28_Central_Atlantic_(1950),SC,0.06,37,2964.2448555,2964.2448555,2304.4126302796485,659.8320120997337,0.0,0.0,0.0,0.0,0.0,Phytoplankton,0.0,0.0,0.0,0.0,0.0,0.777403,0.00021312061790013104,0.0,0.0
28_28_Central_Atlantic_(1950),SC,0.06,36,51.606198899999995,172.02066299999998,3.473465040262137,48.13273376183184,34.4041326,86.01033,0.0,0.0,0.0,Lg. Zoop. deep,0.0,0.0,0.0,0.0,0.0,0.06730712999999999,9.790602462089737e-08,1.499999996212864e-06,0.0
28_28_Central_Atlantic_(1950),SC,0.06,35,326.25349455,1088.1402679500002,136.65760187059252,189.59589687002213,217.62805359000004,544.2587,0.0,0.0,0.0,Sm. Zoop. deep,0.0,0.0,0.0,0.0,0.0,0.41886937599999996,-4.1906146179826465e-06,1.9810000139841577e-05,0.0
28_28_Central_Atlantic_(1950),SC,0.06,34,152.83878554999998,509.4626185,24.764043988060063,128.07474125496339,101.89252370000001,254.731323,0.0,0.0,0.0,Lg. Zoop. shlw,0.0,0.0,0.0,0.0,0.0,0.162027225,3.069765455165907e-07,-1.3749999965284587e-05,0.0
28_28_Central_Atlantic_(1950),SC,0.06,33,1141.8,3808.2000000000003,810.8210994383843,330.97876575719994,761.6400000000001,1904.76,0.0,0.0,0.0,Sm. Zoop. shlw,0.0,0.0,0.0,0.0,0.0,0.710125446,0.00013480441566571244,4.547473508864641e-13,0.0
28_28_Central_Atlantic_(1950),SC,0.06,32,415.91835,563.5749999999999,259.56446880550004,156.35385617274002,112.71499999999999,34.941597,0.0,0.0,0.0,Het. bacteria,0.0,0.0,0.0,0.0,0.0,0.6240755999999998,2.502175988183808e-05,5.2999999965663847e-05,0.0
28_28_Central_Atlantic_(1950),SC,0.06,31,0.43340000000000006,2.6398,0.041626123427598485,0.39177388030000004,0.5279600000000001,1.67843986,0.0,0.0,0.0,Megabenthos,0.0,0.0,0.0,0.0,0.0,0.0960455,-3.72759845213011e-09,1.3999999981528788e-07,0.0
28_28_Central_Atlantic_(1950),SC,0.06,30,0.369,3.6346499999999997,0.09863466851516114,0.270365328792,0.72693,2.53872,0.0,0.0,0.0,Macrobenthos,0.0,0.0,0.0,0.0,0.0,0.26730263200000004,2.6928388408009596e-09,0.0,0.0
28_28_Central_Atlantic_(1950),SC,0.06,29,2.214,22.287599999999998,0.5448121363030838,1.6691878621979999,4.45752,15.6160793,0.0,0.0,0.0,Meiobenthos,0.0,0.0,0.0,0.0,0.0,0.24607594300000002,1.4989161023493125e-09,6.99999999298484e-07,0.0
28_28_Central_Atlantic_(1950),SC,0.06,28,0.012723003955,0.02544600791,0.011450702967616381,0.0012723003954999996,0.005089201582,0.007633802,0.0,0.0,0.0,Benth. ceph.,0.0,0.0,0.0,0.0,0.0,0.9,5.918836185059284e-10,3.729999989432464e-10,0.0
28_28_Central_Atlantic_(1950),SC,0.06,27,0.5644206439999999,4.47855511,0.507978562200084,0.05644206439999998,0.8957110220000001,3.01842356,0.0,0.0,0.0,Lg Squids,0.0,0.0,0.0,0.0,0.0,0.9,1.739991595250956e-08,-1.1599999982792042e-07,0.0
28_28_Central_Atlantic_(1950),SC,0.06,26,1.9626521827999999,15.573218407,1.766386893631383,0.19626521827999993,3.1146436814000005,10.4959221,0.0,0.0,0.0,Sm Squids,0.0,0.0,0.0,0.0,0.0,0.9,7.08886169764611e-08,4.428000011102995e-07,0.0
28_28_Central_Atlantic_(1950),SC,0.06,25,0.029511966558754574,0.05365811909218538,0.028247997140988634,0.001263969107687661,0.010731623818437078,0.01341453,0.0,0.0,0.0,Lg. Bathyd. abs,0.0,0.0,0.0,0.0,0.0,0.957170963,3.100782790255163e-10,-1.2850062697938869e-09,0.0
28_28_Central_Atlantic_(1950),SC,0.06,24,0.032007212730000005,0.0581949347850468,0.03092652416753671,0.0010806897702190206,0.011638986957009361,0.014548731,0.0,0.0,0.0,Sm. Bathyd. abs,0.0,0.0,0.0,0.0,0.0,0.966236055,-1.207755728760418e-09,4.098037435437685e-09,0.0
28_28_Central_Atlantic_(1950),SC,0.06,23,0.0030136304000000004,0.00547932783219558,0.0019225564713861983,0.00102711515654528,0.001095865566439116,0.00136983185,6.39589e-05,0.0,0.0,Lg. Bathyd. slp,0.0,3.837534e-06,6.012136599999999e-05,6.39589e-05,0.0,0.6591768,-1.2793147834491703e-10,1.5756463408317378e-11,0.0
28_28_Central_Atlantic_(1950),SC,0.06,22,0.005653607665707449,0.010279287244467,0.004260451747794523,0.0012050065457042862,0.0020558574488934002,0.00256982166,0.000188149,0.0,0.0,Sm. Bathyd. slp,0.0,1.1288939999999999e-05,0.00017686006,0.000188149,0.0,0.7868606,3.7220863977754926e-10,4.69866151195375e-10,0.0
28_28_Central_Atlantic_(1950),SC,0.06,21,0.006341536224000001,0.011508713888,0.005009813921588745,0.0013317226070399999,0.0023017427776000003,0.00286543486,0.0,0.0,0.0,Lg. Bathyp. fish,0.0,0.0,0.0,0.0,0.0,0.79,-3.046287441049733e-10,2.6399998940412894e-11,0.0
28_28_Central_Atlantic_(1950),SC,0.06,20,0.013441102436,0.020515366876,0.012096991849560989,0.0013441102435999997,0.0041030733752,0.00297118956,0.0,0.0,0.0,Md. Bathyp.fish,0.0,0.0,0.0,0.0,0.0,0.9,3.428390106530177e-10,1.5047999985841332e-09,0.0
28_28_Central_Atlantic_(1950),SC,0.06,19,0.06545771003200002,0.22973138617000002,0.05891193573953475,0.0065457710032,0.04594627723400001,0.118327409,0.0,0.0,0.0,Sm. Bathyp. fish,0.0,0.0,0.0,0.0,0.0,0.9,3.2892652629401553e-09,-1.0095999994352844e-08,0.0
28_28_Central_Atlantic_(1950),SC,0.06,18,12.22519406327412,59.3828355,3.573220730157866,8.651973314709084,11.8765671,35.2810745,0.0,0.0,0.0,Sm. Meso fish,0.0,0.0,0.0,0.0,0.0,0.292283356,1.8407170898626646e-08,-1.6327412311056833e-07,0.0
28_28_Central_Atlantic_(1950),SC,0.06,17,0.0003348901755,0.0079257341535,0.00030140115666829864,3.348901755e-05,0.0015851468307,0.006005697,0.0,0.0,0.0,Lg. Meso fish,0.0,0.0,0.0,0.0,0.0,0.9,1.2817013617973105e-12,1.4729999945478633e-10,0.0
28_28_Central_Atlantic_(1950),SC,0.06,16,2.418293435320515,14.779333033030326,2.1764249584475417,0.24182934353205143,2.9558666066060653,9.405173,3.90985e-05,0.0,0.0,Sm. Epi. fish,0.0,2.3459099999999997e-06,3.675259e-05,3.90985e-05,0.0,0.9,3.4840922147338915e-08,-8.896252623458167e-09,0.0
28_28_Central_Atlantic_(1950),SC,0.06,15,0.1059599016,0.7525932498796599,0.09523928587084607,0.010595990159999997,0.150518649975932,0.496114731,0.000124629,0.0,0.0,Md. Epi. fish,0.0,7.477739999999999e-06,0.00011715125999999998,0.000124629,0.0,0.9,-3.4308460655774198e-09,-3.2696272078691635e-08,0.0
28_28_Central_Atlantic_(1950),SC,0.06,14,0.00984495897,0.12697145868897,0.007685239049978655,0.0018705422042999994,0.025394291737794002,0.091732204,0.000289178,0.0,0.0,Lg. Epi. fish,0.0,1.7350680000000002e-05,0.00027182732,0.000289178,0.0,0.81,-2.8427865443603206e-10,3.981175999978603e-09,0.0
28_28_Central_Atlantic_(1950),SC,0.06,13,0.00064010414496,0.010287388044000001,6.401041000000001e-05,0.000576093730464,0.0020574776088000003,0.00758980634,0.0,0.0,0.0,Lg. Plank. fish,0.0,0.0,0.0,0.0,0.0,0.09999999999999998,4.496000034943937e-12,-4.9759998205223255e-11,0.0
28_28_Central_Atlantic_(1950),SC,0.06,12,2.1336802558309998e-05,0.00021225354904839998,6.401041000000001e-07,2.0696698481560696e-05,4.245070980968e-05,0.000148466032,0.0,0.0,0.0,Billfishes,0.0,0.0,0.0,0.0,0.0,0.030000000000000027,-2.3250698648292698e-14,4.680409976687977e-12,0.0
28_28_Central_Atlantic_(1950),SC,0.06,11,0.00032651159999999997,0.004353488,6.401041000000001e-07,0.00032587149593018877,0.0008706976,0.00315627875,0.0,0.0,0.0,Swordfish,0.0,0.0,0.0,0.0,0.0,0.0019604328600000276,-3.0188796341229507e-14,5.000000023389073e-11,0.0
28_28_Central_Atlantic_(1950),SC,0.06,10,0.01072980688,0.46030871515199995,0.0017776866754339626,0.008952120234131998,0.09206174303039999,0.357517153,0.0,0.0,0.0,Bigeye,0.0,0.0,0.0,0.0,0.0,0.16567741300000005,-2.9565960790733925e-11,1.2241599955942206e-08,0.0
28_28_Central_Atlantic_(1950),SC,0.06,9,0.0002486316,0.0059671584,9.575327449622515e-05,0.00015287832471324,0.00119343168,0.004525095,0.0,0.0,0.0,Albacore,0.0,0.0,0.0,0.0,0.0,0.3851211,7.90534846785429e-13,1.200000003878654e-10,0.0
28_28_Central_Atlantic_(1950),SC,0.06,8,0.00804781642,0.15322104854,0.001044242037497828,0.007003574237715865,0.030644209707999998,0.114529014,0.0,0.0,0.0,Skipjack,0.0,0.0,0.0,0.0,0.0,0.12975472199999993,1.4478630620817778e-10,8.411999999347053e-09,0.0
28_28_Central_Atlantic_(1950),SC,0.06,7,2.1533975999999998e-06,3.588996e-05,6.401041000000001e-07,6.160445043768214e-07,7.177992e-06,2.655857e-05,8.97249e-07,0.0,0.0,Bluefin,0.0,5.383494e-08,8.4341406e-07,8.97249e-07,0.0,0.713919759,-4.376821679337364e-15,3.999999997569316e-13,0.0
28_28_Central_Atlantic_(1950),SC,0.06,6,0.00010813669999999998,0.00239908993,6.988740116756793e-06,0.00010114795916850798,0.00047981798599999997,0.00181113509,0.0,0.0,0.0,Yellowfin,0.0,0.0,0.0,0.0,0.0,0.06462875999999995,7.147352100358301e-13,1.5400000003516767e-10,0.0
28_28_Central_Atlantic_(1950),SC,0.06,5,0.00249640599,0.06401040999999999,0.0005785155030430785,0.0018723044925,0.012802082,0.048711922,4.5586e-05,0.0,0.0,Pelagic sharks,0.0,2.73516e-06,4.2850839999999996e-05,4.5586e-05,0.0,0.25,-5.543078149261582e-12,9.999993888509806e-12,0.0
28_28_Central_Atlantic_(1950),SC,0.06,4,9.79823604992e-06,0.00919899290843,5.857542543244573e-06,3.940693277589222e-06,0.0018397985816859998,0.00734939566,0.0,0.0,0.0,Seabirds,0.0,0.0,0.0,0.0,0.0,0.59781605,2.290862049619249e-13,4.3069408022650135e-10,0.0
28_28_Central_Atlantic_(1950),SC,0.06,3,1.796872e-05,0.007911342611788,5.217438443244573e-06,1.275128168977432e-05,0.0015822685223576003,0.00631110556,0.0,0.0,0.0,Beaked whales,0.0,0.0,0.0,0.0,0.0,0.29036226900000006,-1.330188909053672e-13,-1.9056960089830488e-10,0.0
28_28_Central_Atlantic_(1950),SC,0.06,2,0.00156,0.52174383222,0.0008372185599812127,0.0007227814573199999,0.104348766444,0.415835053,0.0,0.0,0.0,Toothed whales,0.0,0.0,0.0,0.0,0.0,0.536678553,-1.730121276279084e-11,1.2775999980174646e-08,0.0
28_28_Central_Atlantic_(1950),SC,0.06,1,0.0008256798,0.1814176815802857,0.0005485316108812128,0.0002771482068003528,0.036283536316057144,0.144308478,0.0,0.0,0.0,Baleen whales,0.0,0.0,0.0,0.0,0.0,0.664339364,-1.76815656300483e-11,-1.2535771448662913e-08,0.0
28_28_Central_Atlantic_(1950),SM,0.06,39,-0.0,-0.0,0.0,0.0,0.0,0.0,0.0,0.0,0.0,diet_import,0.0,0.0,0.0,0.0,0.0,,-0.0,0.0,0.0
28_28_Central_Atlantic_(1950),SM,0.06,38,2777.8730631250583,2777.8730631250583,2718.2345000401283,0.0,0.0,0.0,0.0,59.638563084929956,0.0,Detritus,0.0,0.0,0.0,0.0,0.0,1.0,0.0,0.0,0.0
28_28_Central_Atlantic_(1950),SM,0.06,37,2964.2448555,2964.2448555,2304.4126302796485,659.8320120997337,0.0,0.0,0.0,0.0,0.0,Phytoplankton,0.0,0.0,0.0,0.0,0.0,0.777403,0.00021312061790013104,0.0,0.0
28_28_Central_Atlantic_(1950),SM,0.06,36,51.606198899999995,172.02066299999998,3.473465040262137,48.13273376183184,34.4041326,86.01033,0.0,0.0,0.0,Lg. Zoop. deep,0.0,0.0,0.0,0.0,0.0,0.06730712999999999,9.790602462089737e-08,1.499999996212864e-06,0.0
28_28_Central_Atlantic_(1950),SM,0.06,35,326.25349455,1088.1402679500002,136.65760187059252,189.59589687002213,217.62805359000004,544.2587,0.0,0.0,0.0,Sm. Zoop. deep,0.0,0.0,0.0,0.0,0.0,0.41886937599999996,-4.1906146179826465e-06,1.9810000139841577e-05,0.0
28_28_Central_Atlantic_(1950),SM,0.06,34,152.83878554999998,509.4626185,24.764043988060063,128.07474125496339,101.89252370000001,254.731323,0.0,0.0,0.0,Lg. Zoop. shlw,0.0,0.0,0.0,0.0,0.0,0.162027225,3.069765455165907e-07,-1.3749999965284587e-05,0.0
28_28_Central_Atlantic_(1950),SM,0.06,33,1141.8,3808.2000000000003,810.8210994383843,330.97876575719994,761.6400000000001,1904.76,0.0,0.0,0.0,Sm. Zoop. shlw,0.0,0.0,0.0,0.0,0.0,0.710125446,0.00013480441566571244,4.547473508864641e-13,0.0
28_28_Central_Atlantic_(1950),SM,0.06,32,415.91835,563.5749999999999,259.56446880550004,156.35385617274002,112.71499999999999,34.941597,0.0,0.0,0.0,Het. bacteria,0.0,0.0,0.0,0.0,0.0,0.6240755999999998,2.502175988183808e-05,5.2999999965663847e-05,0.0
28_28_Central_Atlantic_(1950),SM,0.06,31,0.43340000000000006,2.6398,0.041626123427598485,0.39177388030000004,0.5279600000000001,1.67843986,0.0,0.0,0.0,Megabenthos,0.0,0.0,0.0,0.0,0.0,0.0960455,-3.72759845213011e-09,1.3999999981528788e-07,0.0
28_28_Central_Atlantic_(1950),SM,0.06,30,0.369,3.6346499999999997,0.09863466851516114,0.270365328792,0.72693,2.53872,0.0,0.0,0.0,Macrobenthos,0.0,0.0,0.0,0.0,0.0,0.26730263200000004,2.6928388408009596e-09,0.0,0.0
28_28_Central_Atlantic_(1950),SM,0.06,29,2.214,22.287599999999998,0.5448121363030838,1.6691878621979999,4.45752,15.6160793,0.0,0.0,0.0,Meiobenthos,0.0,0.0,0.0,0.0,0.0,0.24607594300000002,1.4989161023493125e-09,6.99999999298484e-07,0.0
28_28_Central_Atlantic_(1950),SM,0.06,28,0.012723003955,0.02544600791,0.011450702967616381,0.0012723003954999996,0.005089201582,0.007633802,0.0,0.0,0.0,Benth. ceph.,0.0,0.0,0.0,0.0,0.0,0.9,5.918836185059284e-10,3.729999989432464e-10,0.0
28_28_Central_Atlantic_(1950),SM,0.06,27,0.5644206439999999,4.47855511,0.507978562200084,0.05644206439999998,0.8957110220000001,3.01842356,0.0,0.0,0.0,Lg Squids,0.0,0.0,0.0,0.0,0.0,0.9,1.739991595250956e-08,-1.1599999982792042e-07,0.0
28_28_Central_Atlantic_(1950),SM,0.06,26,1.9626521827999999,15.573218407,1.766386893631383,0.19626521827999993,3.1146436814000005,10.4959221,0.0,0.0,0.0,Sm Squids,0.0,0.0,0.0,0.0,0.0,0.9,7.08886169764611e-08,4.428000011102995e-07,0.0
28_28_Central_Atlantic_(1950),SM,0.06,25,0.029511966558754574,0.05365811909218538,0.028247997140988634,0.001263969107687661,0.010731623818437078,0.01341453,0.0,0.0,0.0,Lg. Bathyd. abs,0.0,0.0,0.0,0.0,0.0,0.957170963,3.100782790255163e-10,-1.2850062697938869e-09,0.0
28_28_Central_Atlantic_(1950),SM,0.06,24,0.032007212730000005,0.0581949347850468,0.03092652416753671,0.0010806897702190206,0.011638986957009361,0.014548731,0.0,0.0,0.0,Sm. Bathyd. abs,0.0,0.0,0.0,0.0,0.0,0.966236055,-1.207755728760418e-09,4.098037435437685e-09,0.0
28_28_Central_Atlantic_(1950),SM,0.06,23,0.0030136304000000004,0.00547932783219558,0.0019225564713861983,0.0010309526905452802,0.001095865566439116,0.00136983185,6.39589e-05,0.0,0.0,Lg. Bathyd. slp,0.0,3.837534e-06,6.012136599999999e-05,6.012136599999999e-05,0.0,0.657903407615851,-1.2793147834491703e-10,1.5756463408317378e-11,0.0
28_28_Central_Atlantic_(1950),SM,0.06,22,0.005653607665707449,0.010279287244467,0.004260451747794523,0.0012162954857042863,0.0020558574488934002,0.00256982166,0.000188149,0.0,0.0,Sm. Bathyd. slp,0.0,1.1288939999999999e-05,0.00017686006,0.00017686006,0.0,0.784863832507895,3.7220863977754926e-10,4.69866151195375e-10,0.0
28_28_Central_Atlantic_(1950),SM,0.06,21,0.006341536224000001,0.011508713888,0.005009813921588745,0.0013317226070399999,0.0023017427776000003,0.00286543486,0.0,0.0,0.0,Lg. Bathyp. fish,0.0,0.0,0.0,0.0,0.0,0.79,-3.046287441049733e-10,2.6399998940412894e-11,0.0
28_28_Central_Atlantic_(1950),SM,0.06,20,0.013441102436,0.020515366876,0.012096991849560989,0.0013441102435999997,0.0041030733752,0.00297118956,0.0,0.0,0.0,Md. Bathyp.fish,0.0,0.0,0.0,0.0,0.0,0.9,3.428390106530177e-10,1.5047999985841332e-09,0.0
28_28_Central_Atlantic_(1950),SM,0.06,19,0.06545771003200002,0.22973138617000002,0.05891193573953475,0.0065457710032,0.04594627723400001,0.118327409,0.0,0.0,0.0,Sm. Bathyp. fish,0.0,0.0,0.0,0.0,0.0,0.9,3.2892652629401553e-09,-1.0095999994352844e-08,0.0
28_28_Central_Atlantic_(1950),SM,0.06,18,12.22519406327412,59.3828355,3.573220730157866,8.651973314709084,11.8765671,35.2810745,0.0,0.0,0.0,Sm. Meso fish,0.0,0.0,0.0,0.0,0.0,0.292283356,1.8407170898626646e-08,-1.6327412311056833e-07,0.0
28_28_Central_Atlantic_(1950),SM,0.06,17,0.0003348901755,0.0079257341535,0.00030140115666829864,3.348901755e-05,0.0015851468307,0.006005697,0.0,0.0,0.0,Lg. Meso fish,0.0,0.0,0.0,0.0,0.0,0.9,1.2817013617973105e-12,1.4729999945478633e-10,0.0
28_28_Central_Atlantic_(1950),SM,0.06,16,2.418293435320515,14.779333033030326,2.1764249584475417,0.24183168944205144,2.9558666066060653,9.405173,3.90985e-05,0.0,0.0,Sm. Epi. fish,0.0,2.3459099999999997e-06,3.675259e-05,3.675259e-05,0.0,0.8999990299316181,3.4840922147338915e-08,-8.896252623458167e-09,0.0
28_28_Central_Atlantic_(1950),SM,0.06,15,0.1059599016,0.7525932498796599,0.09523928587084607,0.010603467899999997,0.150518649975932,0.496114731,0.000124629,0.0,0.0,Md. Epi. fish,0.0,7.477739999999999e-06,0.00011715125999999998,0.00011715125999999998,0.0,0.8999294285867854,-3.4308460655774198e-09,-3.2696272078691635e-08,0.0
28_28_Central_Atlantic_(1950),SM,0.06,14,0.00984495897,0.12697145868897,0.007685239049978655,0.0018878928842999995,0.025394291737794002,0.091732204,0.000289178,0.0,0.0,Lg. Epi. fish,0.0,1.7350680000000002e-05,0.00027182732,0.00027182732,0.0,0.8082376076880695,-2.8427865443603206e-10,3.981175999978603e-09,0.0
28_28_Central_Atlantic_(1950),SM,0.06,13,0.00064010414496,0.010287388044000001,6.401041000000001e-05,0.000576093730464,0.0020574776088000003,0.00758980634,0.0,0.0,0.0,Lg. Plank. fish,0.0,0.0,0.0,0.0,0.0,0.09999999999999998,4.496000034943937e-12,-4.9759998205223255e-11,0.0
28_28_Central_Atlantic_(1950),SM,0.06,12,2.1336802558309998e-05,0.00021225354904839998,6.401041000000001e-07,2.0696698481560696e-05,4.245070980968e-05,0.000148466032,0.0,0.0,0.0,Billfishes,0.0,0.0,0.0,0.0,0.0,0.030000000000000027,-2.3250698648292698e-14,4.680409976687977e-12,0.0
28_28_Central_Atlantic_(1950),SM,0.06,11,0.00032651159999999997,0.004353488,6.401041000000001e-07,0.00032587149593018877,0.0008706976,0.00315627875,0.0,0.0,0.0,Swordfish,0.0,0.0,0.0,0.0,0.0,0.0019604328600000276,-3.0188796341229507e-14,5.000000023389073e-11,0.0
28_28_Central_Atlantic_(1950),SM,0.06,10,0.01072980688,0.46030871515199995,0.0017776866754339626,0.008952120234131998,0.09206174303039999,0.357517153,0.0,0.0,0.0,Bigeye,0.0,0.0,0.0,0.0,0.0,0.16567741300000005,-2.9565960790733925e-11,1.2241599955942206e-08,0.0
28_28_Central_Atlantic_(1950),SM,0.06,9,0.0002486316,0.0059671584,9.575327449622515e-05,0.00015287832471324,0.00119343168,0.004525095,0.0,0.0,0.0,Albacore,0.0,0.0,0.0,0.0,0.0,0.3851211,7.90534846785429e-13,1.200000003878654e-10,0.0
28_28_Central_Atlantic_(1950),SM,0.06,8,0.00804781642,0.15322104854,0.001044242037497828,0.007003574237715865,0.030644209707999998,0.114529014,0.0,0.0,0.0,Skipjack,0.0,0.0,0.0,0.0,0.0,0.12975472199999993,1.4478630620817778e-10,8.411999999347053e-09,0.0
28_28_Central_Atlantic_(1950),SM,0.06,7,2.1533975999999998e-06,3.588996e-05,6.401041000000001e-07,6.698794443768215e-07,7.177992e-06,2.655857e-05,8.97249e-07,0.0,0.0,Bluefin,0.0,5.383494e-08,8.4341406e-07,8.4341406e-07,0.0,0.688919759,-4.376821679337364e-15,3.999999997569316e-13,0.0
28_28_Central_Atlantic_(1950),SM,0.06,6,0.00010813669999999998,0.00239908993,6.988740116756793e-06,0.00010114795916850798,0.00047981798599999997,0.00181113509,0.0,0.0,0.0,Yellowfin,0.0,0.0,0.0,0.0,0.0,0.06462875999999995,7.147352100358301e-13,1.5400000003516767e-10,0.0
28_28_Central_Atlantic_(1950),SM,0.06,5,0.00249640599,0.06401040999999999,0.0005785155030430785,0.0018750396525,0.012802082,0.048711922,4.5586e-05,0.0,0.0,Pelagic sharks,0.0,2.73516e-06,4.2850839999999996e-05,4.2850839999999996e-05,0.0,0.24890436090485424,-5.543078582942451e-12,9.999993888509806e-12,0.0
28_28_Central_Atlantic_(1950),SM,0.06,4,9.79823604992e-06,0.00919899290843,5.857542543244573e-06,3.940693277589222e-06,0.0018397985816859998,0.00734939566,0.0,0.0,0.0,Seabirds,0.0,0.0,0.0,0.0,0.0,0.59781605,2.290862049619249e-13,4.3069408022650135e-10,0.0
28_28_Central_Atlantic_(1950),SM,0.06,3,1.796872e-05,0.007911342611788,5.217438443244573e-06,1.275128168977432e-05,0.0015822685223576003,0.00631110556,0.0,0.0,0.0,Beaked whales,0.0,0.0,0.0,0.0,0.0,0.29036226900000006,-1.330188909053672e-13,-1.9056960089830488e-10,0.0
28_28_Central_Atlantic_(1950),SM,0.06,2,0.00156,0.52174383222,0.0008372185599812127,0.0007227814573199999,0.104348766444,0.415835053,0.0,0.0,0.0,Toothed whales,0.0,0.0,0.0,0.0,0.0,0.536678553,-1.730121276279084e-11,1.2775999980174646e-08,0.0
28_28_Central_Atlantic_(1950),SM,0.06,1,0.0008256798,0.1814176815802857,0.0005485316108812128,0.0002771482068003528,0.036283536316057144,0.144308478,0.0,0.0,0.0,Baleen whales,0.0,0.0,0.0,0.0,0.0,0.664339364,-1.76815656300483e-11,-1.2535771448662913e-08,0.0
28_28_Central_Atlantic_(1950),SE,0.06,39,-0.0,-0.0,0.0,0.0,0.0,0.0,0.0,0.0,0.0,diet_import,0.0,0.0,0.0,0.0,0.0,,-0.0,0.0,0.0
28_28_Central_Atlantic_(1950),SE,0.06,38,2777.8730180352595,2777.8730180352595,2718.2345000401283,0.0,0.0,0.0,0.0,59.638517995131224,0.0,Detritus,0.0,0.0,0.0,0.0,0.0,1.0,0.0,0.0,0.0
28_28_Central_Atlantic_(1950),SE,0.06,37,2964.2448555,2964.2448555,2304.4126302796485,659.8320120997337,0.0,0.0,0.0,0.0,0.0,Phytoplankton,0.0,0.0,0.0,0.0,0.0,0.777403,0.00021312061790013104,0.0,0.0
28_28_Central_Atlantic_(1950),SE,0.06,36,51.606198899999995,172.02066299999998,3.473465040262137,48.13273376183184,34.4041326,86.01033,0.0,0.0,0.0,Lg. Zoop. deep,0.0,0.0,0.0,0.0,0.0,0.06730712999999999,9.790602462089737e-08,1.499999996212864e-06,0.0
28_28_Central_Atlantic_(1950),SE,0.06,35,326.25349455,1088.1402679500002,136.65760187059252,189.59589687002213,217.62805359000004,544.2587,0.0,0.0,0.0,Sm. Zoop. deep,0.0,0.0,0.0,0.0,0.0,0.41886937599999996,-4.1906146179826465e-06,1.9810000139841577e-05,0.0
28_28_Central_Atlantic_(1950),SE,0.06,34,152.83878554999998,509.4626185,24.764043988060063,128.07474125496339,101.89252370000001,254.731323,0.0,0.0,0.0,Lg. Zoop. shlw,0.0,0.0,0.0,0.0,0.0,0.162027225,3.069765455165907e-07,-1.3749999965284587e-05,0.0
28_28_Central_Atlantic_(1950),SE,0.06,33,1141.8,3808.2000000000003,810.8210994383843,330.97876575719994,761.6400000000001,1904.76,0.0,0.0,0.0,Sm. Zoop. shlw,0.0,0.0,0.0,0.0,0.0,0.710125446,0.00013480441566571244,4.547473508864641e-13,0.0
28_28_Central_Atlantic_(1950),SE,0.06,32,415.91835,563.5749999999999,259.56446880550004,156.35385617274002,112.71499999999999,34.941597,0.0,0.0,0.0,Het. bacteria,0.0,0.0,0.0,0.0,0.0,0.6240755999999998,2.502175988183808e-05,5.2999999965663847e-05,0.0
28_28_Central_Atlantic_(1950),SE,0.06,31,0.43340000000000006,2.6398,0.041626123427598485,0.39177388030000004,0.5279600000000001,1.67843986,0.0,0.0,0.0,Megabenthos,0.0,0.0,0.0,0.0,0.0,0.0960455,-3.72759845213011e-09,1.3999999981528788e-07,0.0
28_28_Central_Atlantic_(1950),SE,0.06,30,0.369,3.6346499999999997,0.09863466851516114,0.270365328792,0.72693,2.53872,0.0,0.0,0.0,Macrobenthos,0.0,0.0,0.0,0.0,0.0,0.26730263200000004,2.6928388408009596e-09,0.0,0.0
28_28_Central_Atlantic_(1950),SE,0.06,29,2.214,22.287599999999998,0.5448121363030838,1.6691878621979999,4.45752,15.6160793,0.0,0.0,0.0,Meiobenthos,0.0,0.0,0.0,0.0,0.0,0.24607594300000002,1.4989161023493125e-09,6.99999999298484e-07,0.0
28_28_Central_Atlantic_(1950),SE,0.06,28,0.012723003955,0.02544600791,0.011450702967616381,0.0012723003954999996,0.005089201582,0.007633802,0.0,0.0,0.0,Benth. ceph.,0.0,0.0,0.0,0.0,0.0,0.9,5.918836185059284e-10,3.729999989432464e-10,0.0
28_28_Central_Atlantic_(1950),SE,0.06,27,0.5644206439999999,4.47855511,0.507978562200084,0.05644206439999998,0.8957110220000001,3.01842356,0.0,0.0,0.0,Lg Squids,0.0,0.0,0.0,0.0,0.0,0.9,1.739991595250956e-08,-1.1599999982792042e-07,0.0
28_28_Central_Atlantic_(1950),SE,0.06,26,1.9626521827999999,15.573218407,1.766386893631383,0.19626521827999993,3.1146436814000005,10.4959221,0.0,0.0,0.0,Sm Squids,0.0,0.0,0.0,0.0,0.0,0.9,7.08886169764611e-08,4.428000011102995e-07,0.0
28_28_Central_Atlantic_(1950),SE,0.06,25,0.029511966558754574,0.05365811909218538,0.028247997140988634,0.001263969107687661,0.010731623818437078,0.01341453,0.0,0.0,0.0,Lg. Bathyd. abs,0.0,0.0,0.0,0.0,0.0,0.957170963,3.100782790255163e-10,-1.2850062697938869e-09,0.0
28_28_Central_Atlantic_(1950),SE,0.06,24,0.032007212730000005,0.0581949347850468,0.03092652416753671,0.0010806897702190206,0.011638986957009361,0.014548731,0.0,0.0,0.0,Sm. Bathyd. abs,0.0,0.0,0.0,0.0,0.0,0.966236055,-1.207755728760418e-09,4.098037435437685e-09,0.0
28_28_Central_Atlantic_(1950),SE,0.06,23,0.0030136304000000004,0.00547932783219558,0.0019225564713861983,0.00102711515654528,0.001095865566439116,0.00136983185,6.39589e-05,0.0,0.0,Lg. Bathyd. slp,3.837534e-06,3.837534e-06,6.012136599999999e-05,6.012136599999999e-05,0.0,0.6591768,-1.2793147834491703e-10,1.5756463408317378e-11,0.0
28_28_Central_Atlantic_(1950),SE,0.06,22,0.005653607665707449,0.010279287244467,0.004260451747794523,0.0012050065457042862,0.0020558574488934002,0.00256982166,0.000188149,0.0,0.0,Sm. Bathyd. slp,1.1288939999999999e-05,1.1288939999999999e-05,0.00017686006,0.00017686006,0.0,0.7868606,3.72208640644911e-10,4.69866151195375e-10,0.0
28_28_Central_Atlantic_(1950),SE,0.06,21,0.006341536224000001,0.011508713888,0.005009813921588745,0.0013317226070399999,0.0023017427776000003,0.00286543486,0.0,0.0,0.0,Lg. Bathyp. fish,0.0,0.0,0.0,0.0,0.0,0.79,-3.046287441049733e-10,2.6399998940412894e-11,0.0
28_28_Central_Atlantic_(1950),SE,0.06,20,0.013441102436,0.020515366876,0.012096991849560989,0.0013441102435999997,0.0041030733752,0.00297118956,0.0,0.0,0.0,Md. Bathyp.fish,0.0,0.0,0.0,0.0,0.0,0.9,3.428390106530177e-10,1.5047999985841332e-09,0.0
28_28_Central_Atlantic_(1950),SE,0.06,19,0.06545771003200002,0.22973138617000002,0.05891193573953475,0.0065457710032,0.04594627723400001,0.118327409,0.0,0.0,0.0,Sm. Bathyp. fish,0.0,0.0,0.0,0.0,0.0,0.9,3.2892652629401553e-09,-1.0095999994352844e-08,0.0
28_28_Central_Atlantic_(1950),SE,0.06,18,12.22519406327412,59.3828355,3.573220730157866,8.651973314709084,11.8765671,35.2810745,0.0,0.0,0.0,Sm. Meso fish,0.0,0.0,0.0,0.0,0.0,0.292283356,1.8407170898626646e-08,-1.6327412311056833e-07,0.0
28_28_Central_Atlantic_(1950),SE,0.06,17,0.0003348901755,0.0079257341535,0.00030140115666829864,3.348901755e-05,0.0015851468307,0.006005697,0.0,0.0,0.0,Lg. Meso fish,0.0,0.0,0.0,0.0,0.0,0.9,1.2817013617973105e-12,1.4729999945478633e-10,0.0
28_28_Central_Atlantic_(1950),SE,0.06,16,2.418293435320515,14.779333033030326,2.1764249584475417,0.24182934353205143,2.9558666066060653,9.405173,3.90985e-05,0.0,0.0,Sm. Epi. fish,2.3459099999999997e-06,2.3459099999999997e-06,3.675259e-05,3.675259e-05,0.0,0.9,3.4840922147338915e-08,-8.896252623458167e-09,0.0
28_28_Central_Atlantic_(1950),SE,0.06,15,0.1059599016,0.7525932498796599,0.09523928587084607,0.010595990159999997,0.150518649975932,0.496114731,0.000124629,0.0,0.0,Md. Epi. fish,7.477739999999999e-06,7.477739999999999e-06,0.00011715125999999998,0.00011715125999999998,0.0,0.9,-3.4308460655774198e-09,-3.2696272078691635e-08,0.0
28_28_Central_Atlantic_(1950),SE,0.06,14,0.00984495897,0.12697145868897,0.007685239049978655,0.0018705422042999994,0.025394291737794002,0.091732204,0.000289178,0.0,0.0,Lg. Epi. fish,1.7350680000000002e-05,1.7350680000000002e-05,0.00027182732,0.00027182732,0.0,0.81,-2.8427865443603206e-10,3.981175999978603e-09,0.0
28_28_Central_Atlantic_(1950),SE,0.06,13,0.00064010414496,0.010287388044000001,6.401041000000001e-05,0.000576093730464,0.0020574776088000003,0.00758980634,0.0,0.0,0.0,Lg. Plank. fish,0.0,0.0,0.0,0.0,0.0,0.09999999999999998,4.496000034943937e-12,-4.9759998205223255e-11,0.0
28_28_Central_Atlantic_(1950),SE,0.06,12,2.1336802558309998e-05,0.00021225354904839998,6.401041000000001e-07,2.0696698481560696e-05,4.245070980968e-05,0.000148466032,0.0,0.0,0.0,Billfishes,0.0,0.0,0.0,0.0,0.0,0.030000000000000027,-2.3250698648292698e-14,4.680409976687977e-12,0.0
28_28_Central_Atlantic_(1950),SE,0.06,11,0.00032651159999999997,0.004353488,6.401041000000001e-07,0.00032587149593018877,0.0008706976,0.00315627875,0.0,0.0,0.0,Swordfish,0.0,0.0,0.0,0.0,0.0,0.0019604328600000276,-3.0188796341229507e-14,5.000000023389073e-11,0.0
28_28_Central_Atlantic_(1950),SE,0.06,10,0.01072980688,0.46030871515199995,0.0017776866754339626,0.008952120234131998,0.09206174303039999,0.357517153,0.0,0.0,0.0,Bigeye,0.0,0.0,0.0,0.0,0.0,0.16567741300000005,-2.9565960790733925e-11,1.2241599955942206e-08,0.0
28_28_Central_Atlantic_(1950),SE,0.06,9,0.0002486316,0.0059671584,9.575327449622515e-05,0.00015287832471324,0.00119343168,0.004525095,0.0,0.0,0.0,Albacore,0.0,0.0,0.0,0.0,0.0,0.3851211,7.90534846785429e-13,1.200000003878654e-10,0.0
28_28_Central_Atlantic_(1950),SE,0.06,8,0.00804781642,0.15322104854,0.001044242037497828,0.007003574237715865,0.030644209707999998,0.114529014,0.0,0.0,0.0,Skipjack,0.0,0.0,0.0,0.0,0.0,0.12975472199999993,1.4478630620817778e-10,8.411999999347053e-09,0.0
28_28_Central_Atlantic_(1950),SE,0.06,7,2.1533975999999998e-06,3.588996e-05,6.401041000000001e-07,6.160445043768214e-07,7.177992e-06,2.655857e-05,8.97249e-07,0.0,0.0,Bluefin,5.383494e-08,5.383494e-08,8.4341406e-07,8.4341406e-07,0.0,0.713919759,-4.376821679337364e-15,3.999999997569316e-13,0.0
28_28_Central_Atlantic_(1950),SE,0.06,6,0.00010813669999999998,0.00239908993,6.988740116756793e-06,0.00010114795916850798,0.00047981798599999997,0.00181113509,0.0,0.0,0.0,Yellowfin,0.0,0.0,0.0,0.0,0.0,0.06462875999999995,7.147352100358301e-13,1.5400000003516767e-10,0.0
28_28_Central_Atlantic_(1950),SE,0.06,5,0.00249640599,0.06401040999999999,0.0005785155030430785,0.0018723044925,0.012802082,0.048711922,4.5586e-05,0.0,0.0,Pelagic sharks,2.73516e-06,2.73516e-06,4.2850839999999996e-05,4.2850839999999996e-05,0.0,0.25,-5.543078582942451e-12,9.999993888509806e-12,0.0
28_28_Central_Atlantic_(1950),SE,0.06,4,9.79823604992e-06,0.00919899290843,5.857542543244573e-06,3.940693277589222e-06,0.0018397985816859998,0.00734939566,0.0,0.0,0.0,Seabirds,0.0,0.0,0.0,0.0,0.0,0.59781605,2.290862049619249e-13,4.3069408022650135e-10,0.0
28_28_Central_Atlantic_(1950),SE,0.06,3,1.796872e-05,0.007911342611788,5.217438443244573e-06,1.275128168977432e-05,0.0015822685223576003,0.00631110556,0.0,0.0,0.0,Beaked whales,0.0,0.0,0.0,0.0,0.0,0.29036226900000006,-1.330188909053672e-13,-1.9056960089830488e-10,0.0
28_28_Central_Atlantic_(1950),SE,0.06,2,0.00156,0.52174383222,0.0008372185599812127,0.0007227814573199999,0.104348766444,0.415835053,0.0,0.0,0.0,Toothed whales,0.0,0.0,0.0,0.0,0.0,0.536678553,-1.730121276279084e-11,1.2775999980174646e-08,0.0
28_28_Central_Atlantic_(1950),SE,0.06,1,0.0008256798,0.1814176815802857,0.0005485316108812128,0.0002771482068003528,0.036283536316057144,0.144308478,0.0,0.0,0.0,Baleen whales,0.0,0.0,0.0,0.0,0.0,0.664339364,-1.76815656300483e-11,-1.2535771448662913e-08,0.0
28_28_Central_Atlantic_(1950),SC,0.07,39,-0.0,-0.0,0.0,0.0,0.0,0.0,0.0,0.0,0.0,diet_import,0.0,0.0,0.0,0.0,0.0,,-0.0,0.0,0.0
28_28_Central_Atlantic_(1950),SC,0.07,38,2777.8730180352595,2777.8730180352595,2718.2345000401283,0.0,0.0,0.0,0.0,59.638517995131224,0.0,Detritus,0.0,0.0,0.0,0.0,0.0,1.0,0.0,0.0,0.0
28_28_Central_Atlantic_(1950),SC,0.07,37,2964.2448555,2964.2448555,2304.4126302796485,659.8320120997337,0.0,0.0,0.0,0.0,0.0,Phytoplankton,0.0,0.0,0.0,0.0,0.0,0.777403,0.00021312061790013104,0.0,0.0
28_28_Central_Atlantic_(1950),SC,0.07,36,51.606198899999995,172.02066299999998,3.473465040262137,48.13273376183184,34.4041326,86.01033,0.0,0.0,0.0,Lg. Zoop. deep,0.0,0.0,0.0,0.0,0.0,0.06730712999999999,9.790602462089737e-08,1.499999996212864e-06,0.0
28_28_Central_Atlantic_(1950),SC,0.07,35,326.25349455,1088.1402679500002,136.65760187059252,189.59589687002213,217.62805359000004,544.2587,0.0,0.0,0.0,Sm. Zoop. deep,0.0,0.0,0.0,0.0,0.0,0.41886937599999996,-4.1906146179826465e-06,1.9810000139841577e-05,0.0
28_28_Central_Atlantic_(1950),SC,0.07,34,152.83878554999998,509.4626185,24.764043988060063,128.07474125496339,101.89252370000001,254.731323,0.0,0.0,0.0,Lg. Zoop. shlw,0.0,0.0,0.0,0.0,0.0,0.162027225,3.069765455165907e-07,-1.3749999965284587e-05,0.0
28_28_Central_Atlantic_(1950),SC,0.07,33,1141.8,3808.2000000000003,810.8210994383843,330.97876575719994,761.6400000000001,1904.76,0.0,0.0,0.0,Sm. Zoop. shlw,0.0,0.0,0.0,0.0,0.0,0.710125446,0.00013480441566571244,4.547473508864641e-13,0.0
28_28_Central_Atlantic_(1950),SC,0.07,32,415.91835,563.5749999999999,259.56446880550004,156.35385617274002,112.71499999999999,34.941597,0.0,0.0,0.0,Het. bacteria,0.0,0.0,0.0,0.0,0.0,0.6240755999999998,2.502175988183808e-05,5.2999999965663847e-05,0.0
28_28_Central_Atlantic_(1950),SC,0.07,31,0.43340000000000006,2.6398,0.041626123427598485,0.39177388030000004,0.5279600000000001,1.67843986,0.0,0.0,0.0,Megabenthos,0.0,0.0,0.0,0.0,0.0,0.0960455,-3.72759845213011e-09,1.3999999981528788e-07,0.0
28_28_Central_Atlantic_(1950),SC,0.07,30,0.369,3.6346499999999997,0.09863466851516114,0.270365328792,0.72693,2.53872,0.0,0.0,0.0,Macrobenthos,0.0,0.0,0.0,0.0,0.0,0.26730263200000004,2.6928388408009596e-09,0.0,0.0
28_28_Central_Atlantic_(1950),SC,0.07,29,2.214,22.287599999999998,0.5448121363030838,1.6691878621979999,4.45752,15.6160793,0.0,0.0,0.0,Meiobenthos,0.0,0.0,0.0,0.0,0.0,0.24607594300000002,1.4989161023493125e-09,6.99999999298484e-07,0.0
28_28_Central_Atlantic_(1950),SC,0.07,28,0.012723003955,0.02544600791,0.011450702967616381,0.0012723003954999996,0.005089201582,0.007633802,0.0,0.0,0.0,Benth. ceph.,0.0,0.0,0.0,0.0,0.0,0.9,5.918836185059284e-10,3.729999989432464e-10,0.0
28_28_Central_Atlantic_(1950),SC,0.07,27,0.5644206439999999,4.47855511,0.507978562200084,0.05644206439999998,0.8957110220000001,3.01842356,0.0,0.0,0.0,Lg Squids,0.0,0.0,0.0,0.0,0.0,0.9,1.739991595250956e-08,-1.1599999982792042e-07,0.0
28_28_Central_Atlantic_(1950),SC,0.07,26,1.9626521827999999,15.573218407,1.766386893631383,0.19626521827999993,3.1146436814000005,10.4959221,0.0,0.0,0.0,Sm Squids,0.0,0.0,0.0,0.0,0.0,0.9,7.08886169764611e-08,4.428000011102995e-07,0.0
28_28_Central_Atlantic_(1950),SC,0.07,25,0.029511966558754574,0.05365811909218538,0.028247997140988634,0.001263969107687661,0.010731623818437078,0.01341453,0.0,0.0,0.0,Lg. Bathyd. abs,0.0,0.0,0.0,0.0,0.0,0.957170963,3.100782790255163e-10,-1.2850062697938869e-09,0.0
28_28_Central_Atlantic_(1950),SC,0.07,24,0.032007212730000005,0.0581949347850468,0.03092652416753671,0.0010806897702190206,0.011638986957009361,0.014548731,0.0,0.0,0.0,Sm. Bathyd. abs,0.0,0.0,0.0,0.0,0.0,0.966236055,-1.207755728760418e-09,4.098037435437685e-09,0.0
28_28_Central_Atlantic_(1950),SC,0.07,23,0.0030136304000000004,0.00547932783219558,0.0019225564713861983,0.00102711515654528,0.001095865566439116,0.00136983185,6.39589e-05,0.0,0.0,Lg. Bathyd. slp,0.0,4.477123e-06,5.9481776999999994e-05,6.39589e-05,0.0,0.6591768,-1.2793147834491703e-10,1.5756463408317378e-11,0.0
28_28_Central_Atlantic_(1950),SC,0.07,22,0.005653607665707449,0.010279287244467,0.004260451747794523,0.0012050065457042862,0.0020558574488934002,0.00256982166,0.000188149,0.0,0.0,Sm. Bathyd. slp,0.0,1.3170430000000002e-05,0.00017497857,0.000188149,0.0,0.7868606,3.7220863977754926e-10,4.69866151195375e-10,0.0
28_28_Central_Atlantic_(1950),SC,0.07,21,0.006341536224000001,0.011508713888,0.005009813921588745,0.0013317226070399999,0.0023017427776000003,0.00286543486,0.0,0.0,0.0,Lg. Bathyp. fish,0.0,0.0,0.0,0.0,0.0,0.79,-3.046287441049733e-10,2.6399998940412894e-11,0.0
28_28_Central_Atlantic_(1950),SC,0.07,20,0.013441102436,0.020515366876,0.012096991849560989,0.0013441102435999997,0.0041030733752,0.00297118956,0.0,0.0,0.0,Md. Bathyp.fish,0.0,0.0,0.0,0.0,0.0,0.9,3.428390106530177e-10,1.5047999985841332e-09,0.0
28_28_Central_Atlantic_(1950),SC,0.07,19,0.06545771003200002,0.22973138617000002,0.05891193573953475,0.0065457710032,0.04594627723400001,0.118327409,0.0,0.0,0.0,Sm. Bathyp. fish,0.0,0.0,0.0,0.0,0.0,0.9,3.2892652629401553e-09,-1.0095999994352844e-08,0.0
28_28_Central_Atlantic_(1950),SC,0.07,18,12.22519406327412,59.3828355,3.573220730157866,8.651973314709084,11.8765671,35.2810745,0.0,0.0,0.0,Sm. Meso fish,0.0,0.0,0.0,0.0,0.0,0.292283356,1.8407170898626646e-08,-1.6327412311056833e-07,0.0
28_28_Central_Atlantic_(1950),SC,0.07,17,0.0003348901755,0.0079257341535,0.00030140115666829864,3.348901755e-05,0.0015851468307,0.006005697,0.0,0.0,0.0,Lg. Meso fish,0.0,0.0,0.0,0.0,0.0,0.9,1.2817013617973105e-12,1.4729999945478633e-10,0.0
28_28_Central_Atlantic_(1950),SC,0.07,16,2.418293435320515,14.779333033030326,2.1764249584475417,0.24182934353205143,2.9558666066060653,9.405173,3.90985e-05,0.0,0.0,Sm. Epi. fish,0.0,2.736895e-06,3.6361604999999995e-05,3.90985e-05,0.0,0.9,3.4840922147338915e-08,-8.896252623458167e-09,0.0
28_28_Central_Atlantic_(1950),SC,0.07,15,0.1059599016,0.7525932498796599,0.09523928587084607,0.010595990159999997,0.150518649975932,0.496114731,0.000124629,0.0,0.0,Md. Epi. fish,0.0,8.72403e-06,0.00011590496999999998,0.000124629,0.0,0.9,-3.4308460655774198e-09,-3.2696272078691635e-08,0.0
28_28_Central_Atlantic_(1950),SC,0.07,14,0.00984495897,0.12697145868897,0.007685239049978655,0.0018705422042999994,0.025394291737794002,0.091732204,0.000289178,0.0,0.0,Lg. Epi. fish,0.0,2.0242460000000002e-05,0.00026893554,0.000289178,0.0,0.81,-2.8427865443603206e-10,3.981175999978603e-09,0.0
28_28_Central_Atlantic_(1950),SC,0.07,13,0.00064010414496,0.010287388044000001,6.401041000000001e-05,0.000576093730464,0.0020574776088000003,0.00758980634,0.0,0.0,0.0,Lg. Plank. fish,0.0,0.0,0.0,0.0,0.0,0.09999999999999998,4.496000034943937e-12,-4.9759998205223255e-11,0.0
28_28_Central_Atlantic_(1950),SC,0.07,12,2.1336802558309998e-05,0.00021225354904839998,6.401041000000001e-07,2.0696698481560696e-05,4.245070980968e-05,0.000148466032,0.0,0.0,0.0,Billfishes,0.0,0.0,0.0,0.0,0.0,0.030000000000000027,-2.3250698648292698e-14,4.680409976687977e-12,0.0
28_28_Central_Atlantic_(1950),SC,0.07,11,0.00032651159999999997,0.004353488,6.401041000000001e-07,0.00032587149593018877,0.0008706976,0.00315627875,0.0,0.0,0.0,Swordfish,0.0,0.0,0.0,0.0,0.0,0.0019604328600000276,-3.0188796341229507e-14,5.000000023389073e-11,0.0
28_28_Central_Atlantic_(1950),SC,0.07,10,0.01072980688,0.46030871515199995,0.0017776866754339626,0.008952120234131998,0.09206174303039999,0.357517153,0.0,0.0,0.0,Bigeye,0.0,0.0,0.0,0.0,0.0,0.16567741300000005,-2.9565960790733925e-11,1.2241599955942206e-08,0.0
28_28_Central_Atlantic_(1950),SC,0.07,9,0.0002486316,0.0059671584,9.575327449622515e-05,0.00015287832471324,0.00119343168,0.004525095,0.0,0.0,0.0,Albacore,0.0,0.0,0.0,0.0,0.0,0.3851211,7.90534846785429e-13,1.200000003878654e-10,0.0
28_28_Central_Atlantic_(1950),SC,0.07,8,0.00804781642,0.15322104854,0.001044242037497828,0.007003574237715865,0.030644209707999998,0.114529014,0.0,0.0,0.0,Skipjack,0.0,0.0,0.0,0.0,0.0,0.12975472199999993,1.4478630620817778e-10,8.411999999347053e-09,0.0
28_28_Central_Atlantic_(1950),SC,0.07,7,2.1533975999999998e-06,3.588996e-05,6.401041000000001e-07,6.160445043768214e-07,7.177992e-06,2.655857e-05,8.97249e-07,0.0,0.0,Bluefin,0.0,6.280743000000001e-08,8.3444157e-07,8.97249e-07,0.0,0.713919759,-4.376821679337364e-15,3.999999997569316e-13,0.0
28_28_Central_Atlantic_(1950),SC,0.07,6,0.00010813669999999998,0.00239908993,6.988740116756793e-06,0.00010114795916850798,0.00047981798599999997,0.00181113509,0.0,0.0,0.0,Yellowfin,0.0,0.0,0.0,0.0,0.0,0.06462875999999995,7.147352100358301e-13,1.5400000003516767e-10,0.0
28_28_Central_Atlantic_(1950),SC,0.07,5,0.00249640599,0.06401040999999999,0.0005785155030430785,0.0018723044925,0.012802082,0.048711922,4.5586e-05,0.0,0.0,Pelagic sharks,0.0,3.19102e-06,4.2394979999999995e-05,4.5586e-05,0.0,0.25,-5.543078149261582e-12,9.999993888509806e-12,0.0
28_28_Central_Atlantic_(1950),SC,0.07,4,9.79823604992e-06,0.00919899290843,5.857542543244573e-06,3.940693277589222e-06,0.0018397985816859998,0.00734939566,0.0,0.0,0.0,Seabirds,0.0,0.0,0.0,0.0,0.0,0.59781605,2.290862049619249e-13,4.3069408022650135e-10,0.0
28_28_Central_Atlantic_(1950),SC,0.07,3,1.796872e-05,0.007911342611788,5.217438443244573e-06,1.275128168977432e-05,0.0015822685223576003,0.00631110556,0.0,0.0,0.0,Beaked whales,0.0,0.0,0.0,0.0,0.0,0.29036226900000006,-1.330188909053672e-13,-1.9056960089830488e-10,0.0
28_28_Central_Atlantic_(1950),SC,0.07,2,0.00156,0.52174383222,0.0008372185599812127,0.0007227814573199999,0.104348766444,0.415835053,0.0,0.0,0.0,Toothed whales,0.0,0.0,0.0,0.0,0.0,0.536678553,-1.730121276279084e-11,1.2775999980174646e-08,0.0
28_28_Central_Atlantic_(1950),SC,0.07,1,0.0008256798,0.1814176815802857,0.0005485316108812128,0.0002771482068003528,0.036283536316057144,0.144308478,0.0,0.0,0.0,Baleen whales,0.0,0.0,0.0,0.0,0.0,0.664339364,-1.76815656300483e-11,-1.2535771448662913e-08,0.0
28_28_Central_Atlantic_(1950),SM,0.07,39,-0.0,-0.0,0.0,0.0,0.0,0.0,0.0,0.0,0.0,diet_import,0.0,0.0,0.0,0.0,0.0,,-0.0,0.0,0.0
28_28_Central_Atlantic_(1950),SM,0.07,38,2777.873070640025,2777.873070640025,2718.2345000401283,0.0,0.0,0.0,0.0,59.638570599896866,0.0,Detritus,0.0,0.0,0.0,0.0,0.0,1.0,0.0,0.0,0.0
28_28_Central_Atlantic_(1950),SM,0.07,37,2964.2448555,2964.2448555,2304.4126302796485,659.8320120997337,0.0,0.0,0.0,0.0,0.0,Phytoplankton,0.0,0.0,0.0,0.0,0.0,0.777403,0.00021312061790013104,0.0,0.0
28_28_Central_Atlantic_(1950),SM,0.07,36,51.606198899999995,172.02066299999998,3.473465040262137,48.13273376183184,34.4041326,86.01033,0.0,0.0,0.0,Lg. Zoop. deep,0.0,0.0,0.0,0.0,0.0,0.06730712999999999,9.790602462089737e-08,1.499999996212864e-06,0.0
28_28_Central_Atlantic_(1950),SM,0.07,35,326.25349455,1088.1402679500002,136.65760187059252,189.59589687002213,217.62805359000004,544.2587,0.0,0.0,0.0,Sm. Zoop. deep,0.0,0.0,0.0,0.0,0.0,0.41886937599999996,-4.1906146179826465e-06,1.9810000139841577e-05,0.0
28_28_Central_Atlantic_(1950),SM,0.07,34,152.83878554999998,509.4626185,24.764043988060063,128.07474125496339,101.89252370000001,254.731323,0.0,0.0,0.0,Lg. Zoop. shlw,0.0,0.0,0.0,0.0,0.0,0.162027225,3.069765455165907e-07,-1.3749999965284587e-05,0.0
28_28_Central_Atlantic_(1950),SM,0.07,33,1141.8,3808.2000000000003,810.8210994383843,330.97876575719994,761.6400000000001,1904.76,0.0,0.0,0.0,Sm. Zoop. shlw,0.0,0.0,0.0,0.0,0.0,0.710125446,0.00013480441566571244,4.547473508864641e-13,0.0
28_28_Central_Atlantic_(1950),SM,0.07,32,415.91835,563.5749999999999,259.56446880550004,156.35385617274002,112.71499999999999,34.941597,0.0,0.0,0.0,Het. bacteria,0.0,0.0,0.0,0.0,0.0,0.6240755999999998,2.502175988183808e-05,5.2999999965663847e-05,0.0
28_28_Central_Atlantic_(1950),SM,0.07,31,0.43340000000000006,2.6398,0.041626123427598485,0.39177388030000004,0.5279600000000001,1.67843986,0.0,0.0,0.0,Megabenthos,0.0,0.0,0.0,0.0,0.0,0.0960455,-3.72759845213011e-09,1.3999999981528788e-07,0.0
28_28_Central_Atlantic_(1950),SM,0.07,30,0.369,3.6346499999999997,0.09863466851516114,0.270365328792,0.72693,2.53872,0.0,0.0,0.0,Macrobenthos,0.0,0.0,0.0,0.0,0.0,0.26730263200000004,2.6928388408009596e-09,0.0,0.0
28_28_Central_Atlantic_(1950),SM,0.07,29,2.214,22.287599999999998,0.5448121363030838,1.6691878621979999,4.45752,15.6160793,0.0,0.0,0.0,Meiobenthos,0.0,0.0,0.0,0.0,0.0,0.24607594300000002,1.4989161023493125e-09,6.99999999298484e-07,0.0
28_28_Central_Atlantic_(1950),SM,0.07,28,0.012723003955,0.02544600791,0.011450702967616381,0.0012723003954999996,0.005089201582,0.007633802,0.0,0.0,0.0,Benth. ceph.,0.0,0.0,0.0,0.0,0.0,0.9,5.918836185059284e-10,3.729999989432464e-10,0.0
28_28_Central_Atlantic_(1950),SM,0.07,27,0.5644206439999999,4.47855511,0.507978562200084,0.05644206439999998,0.8957110220000001,3.01842356,0.0,0.0,0.0,Lg Squids,0.0,0.0,0.0,0.0,0.0,0.9,1.739991595250956e-08,-1.1599999982792042e-07,0.0
28_28_Central_Atlantic_(1950),SM,0.07,26,1.9626521827999999,15.573218407,1.766386893631383,0.19626521827999993,3.1146436814000005,10.4959221,0.0,0.0,0.0,Sm Squids,0.0,0.0,0.0,0.0,0.0,0.9,7.08886169764611e-08,4.428000011102995e-07,0.0
28_28_Central_Atlantic_(1950),SM,0.07,25,0.029511966558754574,0.05365811909218538,0.028247997140988634,0.001263969107687661,0.010731623818437078,0.01341453,0.0,0.0,0.0,Lg. Bathyd. abs,0.0,0.0,0.0,0.0,0.0,0.957170963,3.100782790255163e-10,-1.2850062697938869e-09,0.0
28_28_Central_Atlantic_(1950),SM,0.07,24,0.032007212730000005,0.0581949347850468,0.03092652416753671,0.0010806897702190206,0.011638986957009361,0.014548731,0.0,0.0,0.0,Sm. Bathyd. abs,0.0,0.0,0.0,0.0,0.0,0.966236055,-1.207755728760418e-09,4.098037435437685e-09,0.0
28_28_Central_Atlantic_(1950),SM,0.07,23,0.0030136304000000004,0.00547932783219558,0.0019225564713861983,0.0010315922795452802,0.001095865566439116,0.00136983185,6.39589e-05,0.0,0.0,Lg. Bathyd. slp,0.0,4.477123e-06,5.9481776999999994e-05,5.9481776999999994e-05,0.0,0.6576911755518261,-1.2793147834491703e-10,1.5756463408317378e-11,0.0
28_28_Central_Atlantic_(1950),SM,0.07,22,0.005653607665707449,0.010279287244467,0.004260451747794523,0.0012181769757042863,0.0020558574488934002,0.00256982166,0.000188149,0.0,0.0,Sm. Bathyd. slp,0.0,1.3170430000000002e-05,0.00017497857,0.00017497857,0.0,0.7845310379258775,3.72208640644911e-10,4.69866151195375e-10,0.0
28_28_Central_Atlantic_(1950),SM,0.07,21,0.006341536224000001,0.011508713888,0.005009813921588745,0.0013317226070399999,0.0023017427776000003,0.00286543486,0.0,0.0,0.0,Lg. Bathyp. fish,0.0,0.0,0.0,0.0,0.0,0.79,-3.046287441049733e-10,2.6399998940412894e-11,0.0
28_28_Central_Atlantic_(1950),SM,0.07,20,0.013441102436,0.020515366876,0.012096991849560989,0.0013441102435999997,0.0041030733752,0.00297118956,0.0,0.0,0.0,Md. Bathyp.fish,0.0,0.0,0.0,0.0,0.0,0.9,3.428390106530177e-10,1.5047999985841332e-09,0.0
28_28_Central_Atlantic_(1950),SM,0.07,19,0.06545771003200002,0.22973138617000002,0.05891193573953475,0.0065457710032,0.04594627723400001,0.118327409,0.0,0.0,0.0,Sm. Bathyp. fish,0.0,0.0,0.0,0.0,0.0,0.9,3.2892652629401553e-09,-1.0095999994352844e-08,0.0
28_28_Central_Atlantic_(1950),SM,0.07,18,12.22519406327412,59.3828355,3.573220730157866,8.651973314709084,11.8765671,35.2810745,0.0,0.0,0.0,Sm. Meso fish,0.0,0.0,0.0,0.0,0.0,0.292283356,1.8407170898626646e-08,-1.6327412311056833e-07,0.0
28_28_Central_Atlantic_(1950),SM,0.07,17,0.0003348901755,0.0079257341535,0.00030140115666829864,3.348901755e-05,0.0015851468307,0.006005697,0.0,0.0,0.0,Lg. Meso fish,0.0,0.0,0.0,0.0,0.0,0.9,1.2817013617973105e-12,1.4729999945478633e-10,0.0
28_28_Central_Atlantic_(1950),SM,0.07,16,2.418293435320515,14.779333033030326,2.1764249584475417,0.24183208042705143,2.9558666066060653,9.405173,3.90985e-05,0.0,0.0,Sm. Epi. fish,0.0,2.736895e-06,3.6361604999999995e-05,3.6361604999999995e-05,0.0,0.8999988682535544,3.4840922147338915e-08,-8.896252623458167e-09,0.0
28_28_Central_Atlantic_(1950),SM,0.07,15,0.1059599016,0.7525932498796599,0.09523928587084607,0.010604714189999998,0.150518649975932,0.496114731,0.000124629,0.0,0.0,Md. Epi. fish,0.0,8.72403e-06,0.00011590496999999998,0.00011590496999999998,0.0,0.899917666684583,-3.4308460655774198e-09,-3.2696272078691635e-08,0.0
28_28_Central_Atlantic_(1950),SM,0.07,14,0.00984495897,0.12697145868897,0.007685239049978655,0.0018907846642999995,0.025394291737794002,0.091732204,0.000289178,0.0,0.0,Lg. Epi. fish,0.0,2.0242460000000002e-05,0.00026893554,0.00026893554,0.0,0.807943875636081,-2.8427865443603206e-10,3.981175999978603e-09,0.0
28_28_Central_Atlantic_(1950),SM,0.07,13,0.00064010414496,0.010287388044000001,6.401041000000001e-05,0.000576093730464,0.0020574776088000003,0.00758980634,0.0,0.0,0.0,Lg. Plank. fish,0.0,0.0,0.0,0.0,0.0,0.09999999999999998,4.496000034943937e-12,-4.9759998205223255e-11,0.0
28_28_Central_Atlantic_(1950),SM,0.07,12,2.1336802558309998e-05,0.00021225354904839998,6.401041000000001e-07,2.0696698481560696e-05,4.245070980968e-05,0.000148466032,0.0,0.0,0.0,Billfishes,0.0,0.0,0.0,0.0,0.0,0.030000000000000027,-2.3250698648292698e-14,4.680409976687977e-12,0.0
28_28_Central_Atlantic_(1950),SM,0.07,11,0.00032651159999999997,0.004353488,6.401041000000001e-07,0.00032587149593018877,0.0008706976,0.00315627875,0.0,0.0,0.0,Swordfish,0.0,0.0,0.0,0.0,0.0,0.0019604328600000276,-3.0188796341229507e-14,5.000000023389073e-11,0.0
28_28_Central_Atlantic_(1950),SM,0.07,10,0.01072980688,0.46030871515199995,0.0017776866754339626,0.008952120234131998,0.09206174303039999,0.357517153,0.0,0.0,0.0,Bigeye,0.0,0.0,0.0,0.0,0.0,0.16567741300000005,-2.9565960790733925e-11,1.2241599955942206e-08,0.0
28_28_Central_Atlantic_(1950),SM,0.07,9,0.0002486316,0.0059671584,9.575327449622515e-05,0.00015287832471324,0.00119343168,0.004525095,0.0,0.0,0.0,Albacore,0.0,0.0,0.0,0.0,0.0,0.3851211,7.90534846785429e-13,1.200000003878654e-10,0.0
28_28_Central_Atlantic_(1950),SM,0.07,8,0.00804781642,0.15322104854,0.001044242037497828,0.007003574237715865,0.030644209707999998,0.114529014,0.0,0.0,0.0,Skipjack,0.0,0.0,0.0,0.0,0.0,0.12975472199999993,1.4478630620817778e-10,8.411999999347053e-09,0.0
28_28_Central_Atlantic_(1950),SM,0.07,7,2.1533975999999998e-06,3.588996e-05,6.401041000000001e-07,6.788519343768214e-07,7.177992e-06,2.655857e-05,8.97249e-07,0.0,0.0,Bluefin,0.0,6.280743000000001e-08,8.3444157e-07,8.3444157e-07,0.0,0.6847530923333334,-4.376822102853837e-15,3.999999997569316e-13,0.0
28_28_Central_Atlantic_(1950),SM,0.07,6,0.00010813669999999998,0.00239908993,6.988740116756793e-06,0.00010114795916850798,0.00047981798599999997,0.00181113509,0.0,0.0,0.0,Yellowfin,0.0,0.0,0.0,0.0,0.0,0.06462875999999995,7.147352100358301e-13,1.5400000003516767e-10,0.0
28_28_Central_Atlantic_(1950),SM,0.07,5,0.00249640599,0.06401040999999999,0.0005785155030430785,0.0018754955125,0.012802082,0.048711922,4.5586e-05,0.0,0.0,Pelagic sharks,0.0,3.19102e-06,4.2394979999999995e-05,4.2394979999999995e-05,0.0,0.24872175438899669,-5.543078149261582e-12,9.999993888509806e-12,0.0
28_28_Central_Atlantic_(1950),SM,0.07,4,9.79823604992e-06,0.00919899290843,5.857542543244573e-06,3.940693277589222e-06,0.0018397985816859998,0.00734939566,0.0,0.0,0.0,Seabirds,0.0,0.0,0.0,0.0,0.0,0.59781605,2.290862049619249e-13,4.3069408022650135e-10,0.0
28_28_Central_Atlantic_(1950),SM,0.07,3,1.796872e-05,0.007911342611788,5.217438443244573e-06,1.275128168977432e-05,0.0015822685223576003,0.00631110556,0.0,0.0,0.0,Beaked whales,0.0,0.0,0.0,0.0,0.0,0.29036226900000006,-1.330188909053672e-13,-1.9056960089830488e-10,0.0
28_28_Central_Atlantic_(1950),SM,0.07,2,0.00156,0.52174383222,0.0008372185599812127,0.0007227814573199999,0.104348766444,0.415835053,0.0,0.0,0.0,Toothed whales,0.0,0.0,0.0,0.0,0.0,0.536678553,-1.730121276279084e-11,1.2775999980174646e-08,0.0
28_28_Central_Atlantic_(1950),SM,0.07,1,0.0008256798,0.1814176815802857,0.0005485316108812128,0.0002771482068003528,0.036283536316057144,0.144308478,0.0,0.0,0.0,Baleen whales,0.0,0.0,0.0,0.0,0.0,0.664339364,-1.76815656300483e-11,-1.2535771448662913e-08,0.0
28_28_Central_Atlantic_(1950),SE,0.07,39,-0.0,-0.0,0.0,0.0,0.0,0.0,0.0,0.0,0.0,diet_import,0.0,0.0,0.0,0.0,0.0,,-0.0,0.0,0.0
28_28_Central_Atlantic_(1950),SE,0.07,38,2777.8730180352595,2777.8730180352595,2718.2345000401283,0.0,0.0,0.0,0.0,59.638517995131224,0.0,Detritus,0.0,0.0,0.0,0.0,0.0,1.0,0.0,0.0,0.0
28_28_Central_Atlantic_(1950),SE,0.07,37,2964.2448555,2964.2448555,2304.4126302796485,659.8320120997337,0.0,0.0,0.0,0.0,0.0,Phytoplankton,0.0,0.0,0.0,0.0,0.0,0.777403,0.00021312061790013104,0.0,0.0
28_28_Central_Atlantic_(1950),SE,0.07,36,51.606198899999995,172.02066299999998,3.473465040262137,48.13273376183184,34.4041326,86.01033,0.0,0.0,0.0,Lg. Zoop. deep,0.0,0.0,0.0,0.0,0.0,0.06730712999999999,9.790602462089737e-08,1.499999996212864e-06,0.0
28_28_Central_Atlantic_(1950),SE,0.07,35,326.25349455,1088.1402679500002,136.65760187059252,189.59589687002213,217.62805359000004,544.2587,0.0,0.0,0.0,Sm. Zoop. deep,0.0,0.0,0.0,0.0,0.0,0.41886937599999996,-4.1906146179826465e-06,1.9810000139841577e-05,0.0
28_28_Central_Atlantic_(1950),SE,0.07,34,152.83878554999998,509.4626185,24.764043988060063,128.07474125496339,101.89252370000001,254.731323,0.0,0.0,0.0,Lg. Zoop. shlw,0.0,0.0,0.0,0.0,0.0,0.162027225,3.069765455165907e-07,-1.3749999965284587e-05,0.0
28_28_Central_Atlantic_(1950),SE,0.07,33,1141.8,3808.2000000000003,810.8210994383843,330.97876575719994,761.6400000000001,1904.76,0.0,0.0,0.0,Sm. Zoop. shlw,0.0,0.0,0.0,0.0,0.0,0.710125446,0.00013480441566571244,4.547473508864641e-13,0.0
28_28_Central_Atlantic_(1950),SE,0.07,32,415.91835,563.5749999999999,259.56446880550004,156.35385617274002,112.71499999999999,34.941597,0.0,0.0,0.0,Het. bacteria,0.0,0.0,0.0,0.0,0.0,0.6240755999999998,2.502175988183808e-05,5.2999999965663847e-05,0.0
28_28_Central_Atlantic_(1950),SE,0.07,31,0.43340000000000006,2.6398,0.041626123427598485,0.39177388030000004,0.5279600000000001,1.67843986,0.0,0.0,0.0,Megabenthos,0.0,0.0,0.0,0.0,0.0,0.0960455,-3.72759845213011e-09,1.3999999981528788e-07,0.0
28_28_Central_Atlantic_(1950),SE,0.07,30,0.369,3.6346499999999997,0.09863466851516114,0.270365328792,0.72693,2.53872,0.0,0.0,0.0,Macrobenthos,0.0,0.0,0.0,0.0,0.0,0.26730263200000004,2.6928388408009596e-09,0.0,0.0
28_28_Central_Atlantic_(1950),SE,0.07,29,2.214,22.287599999999998,0.5448121363030838,1.6691878621979999,4.45752,15.6160793,0.0,0.0,0.0,Meiobenthos,0.0,0.0,0.0,0.0,0.0,0.24607594300000002,1.4989161023493125e-09,6.99999999298484e-07,0.0
28_28_Central_Atlantic_(1950),SE,0.07,28,0.012723003955,0.02544600791,0.011450702967616381,0.0012723003954999996,0.005089201582,0.007633802,0.0,0.0,0.0,Benth. ceph.,0.0,0.0,0.0,0.0,0.0,0.9,5.918836185059284e-10,3.729999989432464e-10,0.0
28_28_Central_Atlantic_(1950),SE,0.07,27,0.5644206439999999,4.47855511,0.507978562200084,0.05644206439999998,0.8957110220000001,3.01842356,0.0,0.0,0.0,Lg Squids,0.0,0.0,0.0,0.0,0.0,0.9,1.739991595250956e-08,-1.1599999982792042e-07,0.0
28_28_Central_Atlantic_(1950),SE,0.07,26,1.9626521827999999,15.573218407,1.766386893631383,0.19626521827999993,3.1146436814000005,10.4959221,0.0,0.0,0.0,Sm Squids,0.0,0.0,0.0,0.0,0.0,0.9,7.08886169764611e-08,4.428000011102995e-07,0.0
28_28_Central_Atlantic_(1950),SE,0.07,25,0.029511966558754574,0.05365811909218538,0.028247997140988634,0.001263969107687661,0.010731623818437078,0.01341453,0.0,0.0,0.0,Lg. Bathyd. abs,0.0,0.0,0.0,0.0,0.0,0.957170963,3.100782790255163e-10,-1.2850062697938869e-09,0.0
28_28_Central_Atlantic_(1950),SE,0.07,24,0.032007212730000005,0.0581949347850468,0.03092652416753671,0.0010806897702190206,0.011638986957009361,0.014548731,0.0,0.0,0.0,Sm. Bathyd. abs,0.0,0.0,0.0,0.0,0.0,0.966236055,-1.207755728760418e-09,4.098037435437685e-09,0.0
28_28_Central_Atlantic_(1950),SE,0.07,23,0.0030136304000000004,0.00547932783219558,0.0019225564713861983,0.00102711515654528,0.001095865566439116,0.00136983185,6.39589e-05,0.0,0.0,Lg. Bathyd. slp,4.477123e-06,4.477123e-06,5.9481776999999994e-05,5.9481776999999994e-05,0.0,0.6591768,-1.2793147834491703e-10,1.5756463408317378e-11,0.0
28_28_Central_Atlantic_(1950),SE,0.07,22,0.005653607665707449,0.010279287244467,0.004260451747794523,0.0012050065457042862,0.0020558574488934002,0.00256982166,0.000188149,0.0,0.0,Sm. Bathyd. slp,1.3170430000000002e-05,1.3170430000000002e-05,0.00017497857,0.00017497857,0.0,0.7868606,3.7220863977754926e-10,4.69866151195375e-10,0.0
28_28_Central_Atlantic_(1950),SE,0.07,21,0.006341536224000001,0.011508713888,0.005009813921588745,0.0013317226070399999,0.0023017427776000003,0.00286543486,0.0,0.0,0.0,Lg. Bathyp. fish,0.0,0.0,0.0,0.0,0.0,0.79,-3.046287441049733e-10,2.6399998940412894e-11,0.0
28_28_Central_Atlantic_(1950),SE,0.07,20,0.013441102436,0.020515366876,0.012096991849560989,0.0013441102435999997,0.0041030733752,0.00297118956,0.0,0.0,0.0,Md. Bathyp.fish,0.0,0.0,0.0,0.0,0.0,0.9,3.428390106530177e-10,1.5047999985841332e-09,0.0
28_28_Central_Atlantic_(1950),SE,0.07,19,0.06545771003200002,0.22973138617000002,0.05891193573953475,0.0065457710032,0.04594627723400001,0.118327409,0.0,0.0,0.0,Sm. Bathyp. fish,0.0,0.0,0.0,0.0,0.0,0.9,3.2892652629401553e-09,-1.0095999994352844e-08,0.0
28_28_Central_Atlantic_(1950),SE,0.07,18,12.22519406327412,59.3828355,3.573220730157866,8.651973314709084,11.8765671,35.2810745,0.0,0.0,0.0,Sm. Meso fish,0.0,0.0,0.0,0.0,0.0,0.292283356,1.8407170898626646e-08,-1.6327412311056833e-07,0.0
28_28_Central_Atlantic_(1950),SE,0.07,17,0.0003348901755,0.0079257341535,0.00030140115666829864,3.348901755e-05,0.0015851468307,0.006005697,0.0,0.0,0.0,Lg. Meso fish,0.0,0.0,0.0,0.0,0.0,0.9,1.2817013617973105e-12,1.4729999945478633e-10,0.0
28_28_Central_Atlantic_(1950),SE,0.07,16,2.418293435320515,14.779333033030326,2.1764249584475417,0.24182934353205143,2.9558666066060653,9.405173,3.90985e-05,0.0,0.0,Sm. Epi. fish,2.736895e-06,2.736895e-06,3.6361604999999995e-05,3.6361604999999995e-05,0.0,0.9,3.4840922147338915e-08,-8.896252623458167e-09,0.0
28_28_Central_Atlantic_(1950),SE,0.07,15,0.1059599016,0.7525932498796599,0.09523928587084607,0.010595990159999997,0.150518649975932,0.496114731,0.000124629,0.0,0.0,Md. Epi. fish,8.72403e-06,8.72403e-06,0.00011590496999999998,0.00011590496999999998,0.0,0.9,-3.4308460655774198e-09,-3.2696272078691635e-08,0.0
28_28_Central_Atlantic_(1950),SE,0.07,14,0.00984495897,0.12697145868897,0.007685239049978655,0.0018705422042999994,0.025394291737794002,0.091732204,0.000289178,0.0,0.0,Lg. Epi. fish,2.0242460000000002e-05,2.0242460000000002e-05,0.00026893554,0.00026893554,0.0,0.81,-2.8427865443603206e-10,3.981175999978603e-09,0.0
28_28_Central_Atlantic_(1950),SE,0.07,13,0.00064010414496,0.010287388044000001,6.401041000000001e-05,0.000576093730464,0.0020574776088000003,0.00758980634,0.0,0.0,0.0,Lg. Plank. fish,0.0,0.0,0.0,0.0,0.0,0.09999999999999998,4.496000034943937e-12,-4.9759998205223255e-11,0.0
28_28_Central_Atlantic_(1950),SE,0.07,12,2.1336802558309998e-05,0.00021225354904839998,6.401041000000001e-07,2.0696698481560696e-05,4.245070980968e-05,0.000148466032,0.0,0.0,0.0,Billfishes,0.0,0.0,0.0,0.0,0.0,0.030000000000000027,-2.3250698648292698e-14,4.680409976687977e-12,0.0
28_28_Central_Atlantic_(1950),SE,0.07,11,0.00032651159999999997,0.004353488,6.401041000000001e-07,0.00032587149593018877,0.0008706976,0.00315627875,0.0,0.0,0.0,Swordfish,0.0,0.0,0.0,0.0,0.0,0.0019604328600000276,-3.0188796341229507e-14,5.000000023389073e-11,0.0
28_28_Central_Atlantic_(1950),SE,0.07,10,0.01072980688,0.46030871515199995,0.0017776866754339626,0.008952120234131998,0.09206174303039999,0.357517153,0.0,0.0,0.0,Bigeye,0.0,0.0,0.0,0.0,0.0,0.16567741300000005,-2.9565960790733925e-11,1.2241599955942206e-08,0.0
28_28_Central_Atlantic_(1950),SE,0.07,9,0.0002486316,0.0059671584,9.575327449622515e-05,0.00015287832471324,0.00119343168,0.004525095,0.0,0.0,0.0,Albacore,0.0,0.0,0.0,0.0,0.0,0.3851211,7.90534846785429e-13,1.200000003878654e-10,0.0
28_28_Central_Atlantic_(1950),SE,0.07,8,0.00804781642,0.15322104854,0.001044242037497828,0.007003574237715865,0.030644209707999998,0.114529014,0.0,0.0,0.0,Skipjack,0.0,0.0,0.0,0.0,0.0,0.12975472199999993,1.4478630620817778e-10,8.411999999347053e-09,0.0
28_28_Central_Atlantic_(1950),SE,0.07,7,2.1533975999999998e-06,3.588996e-05,6.401041000000001e-07,6.160445043768214e-07,7.177992e-06,2.655857e-05,8.97249e-07,0.0,0.0,Bluefin,6.280743000000001e-08,6.280743000000001e-08,8.3444157e-07,8.3444157e-07,0.0,0.713919759,-4.376821679337364e-15,3.999999997569316e-13,0.0
28_28_Central_Atlantic_(1950),SE,0.07,6,0.00010813669999999998,0.00239908993,6.988740116756793e-06,0.00010114795916850798,0.00047981798599999997,0.00181113509,0.0,0.0,0.0,Yellowfin,0.0,0.0,0.0,0.0,0.0,0.06462875999999995,7.147352100358301e-13,1.5400000003516767e-10,0.0
28_28_Central_Atlantic_(1950),SE,0.07,5,0.00249640599,0.06401040999999999,0.0005785155030430785,0.0018723044925,0.012802082,0.048711922,4.5586e-05,0.0,0.0,Pelagic sharks,3.19102e-06,3.19102e-06,4.2394979999999995e-05,4.2394979999999995e-05,0.0,0.25,-5.543078149261582e-12,9.999993888509806e-12,0.0
28_28_Central_Atlantic_(1950),SE,0.07,4,9.79823604992e-06,0.00919899290843,5.857542543244573e-06,3.940693277589222e-06,0.0018397985816859998,0.00734939566,0.0,0.0,0.0,Seabirds,0.0,0.0,0.0,0.0,0.0,0.59781605,2.290862049619249e-13,4.3069408022650135e-10,0.0
28_28_Central_Atlantic_(1950),SE,0.07,3,1.796872e-05,0.007911342611788,5.217438443244573e-06,1.275128168977432e-05,0.0015822685223576003,0.00631110556,0.0,0.0,0.0,Beaked whales,0.0,0.0,0.0,0.0,0.0,0.29036226900000006,-1.330188909053672e-13,-1.9056960089830488e-10,0.0
28_28_Central_Atlantic_(1950),SE,0.07,2,0.00156,0.52174383222,0.0008372185599812127,0.0007227814573199999,0.104348766444,0.415835053,0.0,0.0,0.0,Toothed whales,0.0,0.0,0.0,0.0,0.0,0.536678553,-1.730121276279084e-11,1.2775999980174646e-08,0.0
28_28_Central_Atlantic_(1950),SE,0.07,1,0.0008256798,0.1814176815802857,0.0005485316108812128,0.0002771482068003528,0.036283536316057144,0.144308478,0.0,0.0,0.0,Baleen whales,0.0,0.0,0.0,0.0,0.0,0.664339364,-1.76815656300483e-11,-1.2535771448662913e-08,0.0
28_28_Central_Atlantic_(1950),SC,0.08,39,-0.0,-0.0,0.0,0.0,0.0,0.0,0.0,0.0,0.0,diet_import,0.0,0.0,0.0,0.0,0.0,,-0.0,0.0,0.0
28_28_Central_Atlantic_(1950),SC,0.08,38,2777.8730180352595,2777.8730180352595,2718.2345000401283,0.0,0.0,0.0,0.0,59.638517995131224,0.0,Detritus,0.0,0.0,0.0,0.0,0.0,1.0,0.0,0.0,0.0
28_28_Central_Atlantic_(1950),SC,0.08,37,2964.2448555,2964.2448555,2304.4126302796485,659.8320120997337,0.0,0.0,0.0,0.0,0.0,Phytoplankton,0.0,0.0,0.0,0.0,0.0,0.777403,0.00021312061790013104,0.0,0.0
28_28_Central_Atlantic_(1950),SC,0.08,36,51.606198899999995,172.02066299999998,3.473465040262137,48.13273376183184,34.4041326,86.01033,0.0,0.0,0.0,Lg. Zoop. deep,0.0,0.0,0.0,0.0,0.0,0.06730712999999999,9.790602462089737e-08,1.499999996212864e-06,0.0
28_28_Central_Atlantic_(1950),SC,0.08,35,326.25349455,1088.1402679500002,136.65760187059252,189.59589687002213,217.62805359000004,544.2587,0.0,0.0,0.0,Sm. Zoop. deep,0.0,0.0,0.0,0.0,0.0,0.41886937599999996,-4.1906146179826465e-06,1.9810000139841577e-05,0.0
28_28_Central_Atlantic_(1950),SC,0.08,34,152.83878554999998,509.4626185,24.764043988060063,128.07474125496339,101.89252370000001,254.731323,0.0,0.0,0.0,Lg. Zoop. shlw,0.0,0.0,0.0,0.0,0.0,0.162027225,3.069765455165907e-07,-1.3749999965284587e-05,0.0
28_28_Central_Atlantic_(1950),SC,0.08,33,1141.8,3808.2000000000003,810.8210994383843,330.97876575719994,761.6400000000001,1904.76,0.0,0.0,0.0,Sm. Zoop. shlw,0.0,0.0,0.0,0.0,0.0,0.710125446,0.00013480441566571244,4.547473508864641e-13,0.0
28_28_Central_Atlantic_(1950),SC,0.08,32,415.91835,563.5749999999999,259.56446880550004,156.35385617274002,112.71499999999999,34.941597,0.0,0.0,0.0,Het. bacteria,0.0,0.0,0.0,0.0,0.0,0.6240755999999998,2.502175988183808e-05,5.2999999965663847e-05,0.0
28_28_Central_Atlantic_(1950),SC,0.08,31,0.43340000000000006,2.6398,0.041626123427598485,0.39177388030000004,0.5279600000000001,1.67843986,0.0,0.0,0.0,Megabenthos,0.0,0.0,0.0,0.0,0.0,0.0960455,-3.72759845213011e-09,1.3999999981528788e-07,0.0
28_28_Central_Atlantic_(1950),SC,0.08,30,0.369,3.6346499999999997,0.09863466851516114,0.270365328792,0.72693,2.53872,0.0,0.0,0.0,Macrobenthos,0.0,0.0,0.0,0.0,0.0,0.26730263200000004,2.6928388408009596e-09,0.0,0.0
28_28_Central_Atlantic_(1950),SC,0.08,29,2.214,22.287599999999998,0.5448121363030838,1.6691878621979999,4.45752,15.6160793,0.0,0.0,0.0,Meiobenthos,0.0,0.0,0.0,0.0,0.0,0.24607594300000002,1.4989161023493125e-09,6.99999999298484e-07,0.0
28_28_Central_Atlantic_(1950),SC,0.08,28,0.012723003955,0.02544600791,0.011450702967616381,0.0012723003954999996,0.005089201582,0.007633802,0.0,0.0,0.0,Benth. ceph.,0.0,0.0,0.0,0.0,0.0,0.9,5.918836185059284e-10,3.729999989432464e-10,0.0
28_28_Central_Atlantic_(1950),SC,0.08,27,0.5644206439999999,4.47855511,0.507978562200084,0.05644206439999998,0.8957110220000001,3.01842356,0.0,0.0,0.0,Lg Squids,0.0,0.0,0.0,0.0,0.0,0.9,1.739991595250956e-08,-1.1599999982792042e-07,0.0
28_28_Central_Atlantic_(1950),SC,0.08,26,1.9626521827999999,15.573218407,1.766386893631383,0.19626521827999993,3.1146436814000005,10.4959221,0.0,0.0,0.0,Sm Squids,0.0,0.0,0.0,0.0,0.0,0.9,7.08886169764611e-08,4.428000011102995e-07,0.0
28_28_Central_Atlantic_(1950),SC,0.08,25,0.029511966558754574,0.05365811909218538,0.028247997140988634,0.001263969107687661,0.010731623818437078,0.01341453,0.0,0.0,0.0,Lg. Bathyd. abs,0.0,0.0,0.0,0.0,0.0,0.957170963,3.100782790255163e-10,-1.2850062697938869e-09,0.0
28_28_Central_Atlantic_(1950),SC,0.08,24,0.032007212730000005,0.0581949347850468,0.03092652416753671,0.0010806897702190206,0.011638986957009361,0.014548731,0.0,0.0,0.0,Sm. Bathyd. abs,0.0,0.0,0.0,0.0,0.0,0.966236055,-1.207755728760418e-09,4.098037435437685e-09,0.0
28_28_Central_Atlantic_(1950),SC,0.08,23,0.0030136304000000004,0.00547932783219558,0.0019225564713861983,0.00102711515654528,0.001095865566439116,0.00136983185,6.39589e-05,0.0,0.0,Lg. Bathyd. slp,0.0,5.116712e-06,5.8842188e-05,6.39589e-05,0.0,0.6591768,-1.2793147834491703e-10,1.5756463408317378e-11,0.0
28_28_Central_Atlantic_(1950),SC,0.08,22,0.005653607665707449,0.010279287244467,0.004260451747794523,0.0012050065457042862,0.0020558574488934002,0.00256982166,0.000188149,0.0,0.0,Sm. Bathyd. slp,0.0,1.505192e-05,0.00017309708000000002,0.000188149,0.0,0.7868606,3.7220863977754926e-10,4.69866151195375e-10,0.0
28_28_Central_Atlantic_(1950),SC,0.08,21,0.006341536224000001,0.011508713888,0.005009813921588745,0.0013317226070399999,0.0023017427776000003,0.00286543486,0.0,0.0,0.0,Lg. Bathyp. fish,0.0,0.0,0.0,0.0,0.0,0.79,-3.046287441049733e-10,2.6399998940412894e-11,0.0
28_28_Central_Atlantic_(1950),SC,0.08,20,0.013441102436,0.020515366876,0.012096991849560989,0.0013441102435999997,0.0041030733752,0.00297118956,0.0,0.0,0.0,Md. Bathyp.fish,0.0,0.0,0.0,0.0,0.0,0.9,3.428390106530177e-10,1.5047999985841332e-09,0.0
28_28_Central_Atlantic_(1950),SC,0.08,19,0.06545771003200002,0.22973138617000002,0.05891193573953475,0.0065457710032,0.04594627723400001,0.118327409,0.0,0.0,0.0,Sm. Bathyp. fish,0.0,0.0,0.0,0.0,0.0,0.9,3.2892652629401553e-09,-1.0095999994352844e-08,0.0
28_28_Central_Atlantic_(1950),SC,0.08,18,12.22519406327412,59.3828355,3.573220730157866,8.651973314709084,11.8765671,35.2810745,0.0,0.0,0.0,Sm. Meso fish,0.0,0.0,0.0,0.0,0.0,0.292283356,1.8407170898626646e-08,-1.6327412311056833e-07,0.0
28_28_Central_Atlantic_(1950),SC,0.08,17,0.0003348901755,0.0079257341535,0.00030140115666829864,3.348901755e-05,0.0015851468307,0.006005697,0.0,0.0,0.0,Lg. Meso fish,0.0,0.0,0.0,0.0,0.0,0.9,1.2817013617973105e-12,1.4729999945478633e-10,0.0
28_28_Central_Atlantic_(1950),SC,0.08,16,2.418293435320515,14.779333033030326,2.1764249584475417,0.24182934353205143,2.9558666066060653,9.405173,3.90985e-05,0.0,0.0,Sm. Epi. fish,0.0,3.12788e-06,3.597062e-05,3.90985e-05,0.0,0.9,3.4840922147338915e-08,-8.896252623458167e-09,0.0
28_28_Central_Atlantic_(1950),SC,0.08,15,0.1059599016,0.7525932498796599,0.09523928587084607,0.010595990159999997,0.150518649975932,0.496114731,0.000124629,0.0,0.0,Md. Epi. fish,0.0,9.97032e-06,0.00011465867999999999,0.000124629,0.0,0.9,-3.4308460655774198e-09,-3.2696272078691635e-08,0.0
28_28_Central_Atlantic_(1950),SC,0.08,14,0.00984495897,0.12697145868897,0.007685239049978655,0.0018705422042999994,0.025394291737794002,0.091732204,0.000289178,0.0,0.0,Lg. Epi. fish,0.0,2.3134240000000002e-05,0.00026604376000000004,0.000289178,0.0,0.81,-2.8427865443603206e-10,3.981175999978603e-09,0.0
28_28_Central_Atlantic_(1950),SC,0.08,13,0.00064010414496,0.010287388044000001,6.401041000000001e-05,0.000576093730464,0.0020574776088000003,0.00758980634,0.0,0.0,0.0,Lg. Plank. fish,0.0,0.0,0.0,0.0,0.0,0.09999999999999998,4.496000034943937e-12,-4.9759998205223255e-11,0.0
28_28_Central_Atlantic_(1950),SC,0.08,12,2.1336802558309998e-05,0.00021225354904839998,6.401041000000001e-07,2.0696698481560696e-05,4.245070980968e-05,0.000148466032,0.0,0.0,0.0,Billfishes,0.0,0.0,0.0,0.0,0.0,0.030000000000000027,-2.3250698648292698e-14,4.680409976687977e-12,0.0
28_28_Central_Atlantic_(1950),SC,0.08,11,0.00032651159999999997,0.004353488,6.401041000000001e-07,0.00032587149593018877,0.0008706976,0.00315627875,0.0,0.0,0.0,Swordfish,0.0,0.0,0.0,0.0,0.0,0.0019604328600000276,-3.0188796341229507e-14,5.000000023389073e-11,0.0
28_28_Central_Atlantic_(1950),SC,0.08,10,0.01072980688,0.46030871515199995,0.0017776866754339626,0.008952120234131998,0.09206174303039999,0.357517153,0.0,0.0,0.0,Bigeye,0.0,0.0,0.0,0.0,0.0,0.16567741300000005,-2.9565960790733925e-11,1.2241599955942206e-08,0.0
28_28_Central_Atlantic_(1950),SC,0.08,9,0.0002486316,0.0059671584,9.575327449622515e-05,0.00015287832471324,0.00119343168,0.004525095,0.0,0.0,0.0,Albacore,0.0,0.0,0.0,0.0,0.0,0.3851211,7.90534846785429e-13,1.200000003878654e-10,0.0
28_28_Central_Atlantic_(1950),SC,0.08,8,0.00804781642,0.15322104854,0.001044242037497828,0.007003574237715865,0.030644209707999998,0.114529014,0.0,0.0,0.0,Skipjack,0.0,0.0,0.0,0.0,0.0,0.12975472199999993,1.4478630620817778e-10,8.411999999347053e-09,0.0
28_28_Central_Atlantic_(1950),SC,0.08,7,2.1533975999999998e-06,3.588996e-05,6.401041000000001e-07,6.160445043768214e-07,7.177992e-06,2.655857e-05,8.97249e-07,0.0,0.0,Bluefin,0.0,7.177992e-08,8.2546908e-07,8.97249e-07,0.0,0.713919759,-4.376821679337364e-15,3.999999997569316e-13,0.0
28_28_Central_Atlantic_(1950),SC,0.08,6,0.00010813669999999998,0.00239908993,6.988740116756793e-06,0.00010114795916850798,0.00047981798599999997,0.00181113509,0.0,0.0,0.0,Yellowfin,0.0,0.0,0.0,0.0,0.0,0.06462875999999995,7.147352100358301e-13,1.5400000003516767e-10,0.0
28_28_Central_Atlantic_(1950),SC,0.08,5,0.00249640599,0.06401040999999999,0.0005785155030430785,0.0018723044925,0.012802082,0.048711922,4.5586e-05,0.0,0.0,Pelagic sharks,0.0,3.64688e-06,4.193912e-05,4.5586e-05,0.0,0.25,-5.543078149261582e-12,9.999993888509806e-12,0.0
28_28_Central_Atlantic_(1950),SC,0.08,4,9.79823604992e-06,0.00919899290843,5.857542543244573e-06,3.940693277589222e-06,0.0018397985816859998,0.00734939566,0.0,0.0,0.0,Seabirds,0.0,0.0,0.0,0.0,0.0,0.59781605,2.290862049619249e-13,4.3069408022650135e-10,0.0
28_28_Central_Atlantic_(1950),SC,0.08,3,1.796872e-05,0.007911342611788,5.217438443244573e-06,1.275128168977432e-05,0.0015822685223576003,0.00631110556,0.0,0.0,0.0,Beaked whales,0.0,0.0,0.0,0.0,0.0,0.29036226900000006,-1.330188909053672e-13,-1.9056960089830488e-10,0.0
28_28_Central_Atlantic_(1950),SC,0.08,2,0.00156,0.52174383222,0.0008372185599812127,0.0007227814573199999,0.104348766444,0.415835053,0.0,0.0,0.0,Toothed whales,0.0,0.0,0.0,0.0,0.0,0.536678553,-1.730121276279084e-11,1.2775999980174646e-08,0.0
28_28_Central_Atlantic_(1950),SC,0.08,1,0.0008256798,0.1814176815802857,0.0005485316108812128,0.0002771482068003528,0.036283536316057144,0.144308478,0.0,0.0,0.0,Baleen whales,0.0,0.0,0.0,0.0,0.0,0.664339364,-1.76815656300483e-11,-1.2535771448662913e-08,0.0
28_28_Central_Atlantic_(1950),SM,0.08,39,-0.0,-0.0,0.0,0.0,0.0,0.0,0.0,0.0,0.0,diet_import,0.0,0.0,0.0,0.0,0.0,,-0.0,0.0,0.0
28_28_Central_Atlantic_(1950),SM,0.08,38,2777.873078154991,2777.873078154991,2718.2345000401283,0.0,0.0,0.0,0.0,59.63857811486287,0.0,Detritus,0.0,0.0,0.0,0.0,0.0,1.0,0.0,0.0,0.0
28_28_Central_Atlantic_(1950),SM,0.08,37,2964.2448555,2964.2448555,2304.4126302796485,659.8320120997337,0.0,0.0,0.0,0.0,0.0,Phytoplankton,0.0,0.0,0.0,0.0,0.0,0.777403,0.00021312061790013104,0.0,0.0
28_28_Central_Atlantic_(1950),SM,0.08,36,51.606198899999995,172.02066299999998,3.473465040262137,48.13273376183184,34.4041326,86.01033,0.0,0.0,0.0,Lg. Zoop. deep,0.0,0.0,0.0,0.0,0.0,0.06730712999999999,9.790602462089737e-08,1.499999996212864e-06,0.0
28_28_Central_Atlantic_(1950),SM,0.08,35,326.25349455,1088.1402679500002,136.65760187059252,189.59589687002213,217.62805359000004,544.2587,0.0,0.0,0.0,Sm. Zoop. deep,0.0,0.0,0.0,0.0,0.0,0.41886937599999996,-4.1906146179826465e-06,1.9810000139841577e-05,0.0
28_28_Central_Atlantic_(1950),SM,0.08,34,152.83878554999998,509.4626185,24.764043988060063,128.07474125496339,101.89252370000001,254.731323,0.0,0.0,0.0,Lg. Zoop. shlw,0.0,0.0,0.0,0.0,0.0,0.162027225,3.069765455165907e-07,-1.3749999965284587e-05,0.0
28_28_Central_Atlantic_(1950),SM,0.08,33,1141.8,3808.2000000000003,810.8210994383843,330.97876575719994,761.6400000000001,1904.76,0.0,0.0,0.0,Sm. Zoop. shlw,0.0,0.0,0.0,0.0,0.0,0.710125446,0.00013480441566571244,4.547473508864641e-13,0.0
28_28_Central_Atlantic_(1950),SM,0.08,32,415.91835,563.5749999999999,259.56446880550004,156.35385617274002,112.71499999999999,34.941597,0.0,0.0,0.0,Het. bacteria,0.0,0.0,0.0,0.0,0.0,0.6240755999999998,2.502175988183808e-05,5.2999999965663847e-05,0.0
28_28_Central_Atlantic_(1950),SM,0.08,31,0.43340000000000006,2.6398,0.041626123427598485,0.39177388030000004,0.5279600000000001,1.67843986,0.0,0.0,0.0,Megabenthos,0.0,0.0,0.0,0.0,0.0,0.0960455,-3.72759845213011e-09,1.3999999981528788e-07,0.0
28_28_Central_Atlantic_(1950),SM,0.08,30,0.369,3.6346499999999997,0.09863466851516114,0.270365328792,0.72693,2.53872,0.0,0.0,0.0,Macrobenthos,0.0,0.0,0.0,0.0,0.0,0.26730263200000004,2.6928388408009596e-09,0.0,0.0
28_28_Central_Atlantic_(1950),SM,0.08,29,2.214,22.287599999999998,0.5448121363030838,1.6691878621979999,4.45752,15.6160793,0.0,0.0,0.0,Meiobenthos,0.0,0.0,0.0,0.0,0.0,0.24607594300000002,1.4989161023493125e-09,6.99999999298484e-07,0.0
28_28_Central_Atlantic_(1950),SM,0.08,28,0.012723003955,0.02544600791,0.011450702967616381,0.0012723003954999996,0.005089201582,0.007633802,0.0,0.0,0.0,Benth. ceph.,0.0,0.0,0.0,0.0,0.0,0.9,5.918836185059284e-10,3.729999989432464e-10,0.0
28_28_Central_Atlantic_(1950),SM,0.08,27,0.5644206439999999,4.47855511,0.507978562200084,0.05644206439999998,0.8957110220000001,3.01842356,0.0,0.0,0.0,Lg Squids,0.0,0.0,0.0,0.0,0.0,0.9,1.739991595250956e-08,-1.1599999982792042e-07,0.0
28_28_Central_Atlantic_(1950),SM,0.08,26,1.9626521827999999,15.573218407,1.766386893631383,0.19626521827999993,3.1146436814000005,10.4959221,0.0,0.0,0.0,Sm Squids,0.0,0.0,0.0,0.0,0.0,0.9,7.08886169764611e-08,4.428000011102995e-07,0.0
28_28_Central_Atlantic_(1950),SM,0.08,25,0.029511966558754574,0.05365811909218538,0.028247997140988634,0.001263969107687661,0.010731623818437078,0.01341453,0.0,0.0,0.0,Lg. Bathyd. abs,0.0,0.0,0.0,0.0,0.0,0.957170963,3.100782790255163e-10,-1.2850062697938869e-09,0.0
28_28_Central_Atlantic_(1950),SM,0.08,24,0.032007212730000005,0.0581949347850468,0.03092652416753671,0.0010806897702190206,0.011638986957009361,0.014548731,0.0,0.0,0.0,Sm. Bathyd. abs,0.0,0.0,0.0,0.0,0.0,0.966236055,-1.207755728760418e-09,4.098037435437685e-09,0.0
28_28_Central_Atlantic_(1950),SM,0.08,23,0.0030136304000000004,0.00547932783219558,0.0019225564713861983,0.0010322318685452802,0.001095865566439116,0.00136983185,6.39589e-05,0.0,0.0,Lg. Bathyd. slp,0.0,5.116712e-06,5.8842188e-05,5.8842188e-05,0.0,0.6574789434878012,-1.2793147834491703e-10,1.5756463408317378e-11,0.0
28_28_Central_Atlantic_(1950),SM,0.08,22,0.005653607665707449,0.010279287244467,0.004260451747794523,0.0012200584657042863,0.0020558574488934002,0.00256982166,0.000188149,0.0,0.0,Sm. Bathyd. slp,0.0,1.505192e-05,0.00017309708000000002,0.00017309708000000002,0.0,0.78419824334386,3.7220863977754926e-10,4.69866151195375e-10,0.0
28_28_Central_Atlantic_(1950),SM,0.08,21,0.006341536224000001,0.011508713888,0.005009813921588745,0.0013317226070399999,0.0023017427776000003,0.00286543486,0.0,0.0,0.0,Lg. Bathyp. fish,0.0,0.0,0.0,0.0,0.0,0.79,-3.046287441049733e-10,2.6399998940412894e-11,0.0
28_28_Central_Atlantic_(1950),SM,0.08,20,0.013441102436,0.020515366876,0.012096991849560989,0.0013441102435999997,0.0041030733752,0.00297118956,0.0,0.0,0.0,Md. Bathyp.fish,0.0,0.0,0.0,0.0,0.0,0.9,3.428390106530177e-10,1.5047999985841332e-09,0.0
28_28_Central_Atlantic_(1950),SM,0.08,19,0.06545771003200002,0.22973138617000002,0.05891193573953475,0.0065457710032,0.04594627723400001,0.118327409,0.0,0.0,0.0,Sm. Bathyp. fish,0.0,0.0,0.0,0.0,0.0,0.9,3.2892652629401553e-09,-1.0095999994352844e-08,0.0
28_28_Central_Atlantic_(1950),SM,0.08,18,12.22519406327412,59.3828355,3.573220730157866,8.651973314709084,11.8765671,35.2810745,0.0,0.0,0.0,Sm. Meso fish,0.0,0.0,0.0,0.0,0.0,0.292283356,1.8407170898626646e-08,-1.6327412311056833e-07,0.0
28_28_Central_Atlantic_(1950),SM,0.08,17,0.0003348901755,0.0079257341535,0.00030140115666829864,3.348901755e-05,0.0015851468307,0.006005697,0.0,0.0,0.0,Lg. Meso fish,0.0,0.0,0.0,0.0,0.0,0.9,1.2817013617973105e-12,1.4729999945478633e-10,0.0
28_28_Central_Atlantic_(1950),SM,0.08,16,2.418293435320515,14.779333033030326,2.1764249584475417,0.24183247141205144,2.9558666066060653,9.405173,3.90985e-05,0.0,0.0,Sm. Epi. fish,0.0,3.12788e-06,3.597062e-05,3.597062e-05,0.0,0.8999987065754906,3.4840922147338915e-08,-8.896252623458167e-09,0.0
28_28_Central_Atlantic_(1950),SM,0.08,15,0.1059599016,0.7525932498796599,0.09523928587084607,0.010605960479999997,0.150518649975932,0.496114731,0.000124629,0.0,0.0,Md. Epi. fish,0.0,9.97032e-06,0.00011465867999999999,0.00011465867999999999,0.0,0.8999059047823804,-3.4308460655774198e-09,-3.2696272078691635e-08,0.0
28_28_Central_Atlantic_(1950),SM,0.08,14,0.00984495897,0.12697145868897,0.007685239049978655,0.0018936764442999995,0.025394291737794002,0.091732204,0.000289178,0.0,0.0,Lg. Epi. fish,0.0,2.3134240000000002e-05,0.00026604376000000004,0.00026604376000000004,0.0,0.8076501435840926,-2.8427865443603206e-10,3.981175999978603e-09,0.0
28_28_Central_Atlantic_(1950),SM,0.08,13,0.00064010414496,0.010287388044000001,6.401041000000001e-05,0.000576093730464,0.0020574776088000003,0.00758980634,0.0,0.0,0.0,Lg. Plank. fish,0.0,0.0,0.0,0.0,0.0,0.09999999999999998,4.496000034943937e-12,-4.9759998205223255e-11,0.0
28_28_Central_Atlantic_(1950),SM,0.08,12,2.1336802558309998e-05,0.00021225354904839998,6.401041000000001e-07,2.0696698481560696e-05,4.245070980968e-05,0.000148466032,0.0,0.0,0.0,Billfishes,0.0,0.0,0.0,0.0,0.0,0.030000000000000027,-2.3250698648292698e-14,4.680409976687977e-12,0.0
28_28_Central_Atlantic_(1950),SM,0.08,11,0.00032651159999999997,0.004353488,6.401041000000001e-07,0.00032587149593018877,0.0008706976,0.00315627875,0.0,0.0,0.0,Swordfish,0.0,0.0,0.0,0.0,0.0,0.0019604328600000276,-3.0188796341229507e-14,5.000000023389073e-11,0.0
28_28_Central_Atlantic_(1950),SM,0.08,10,0.01072980688,0.46030871515199995,0.0017776866754339626,0.008952120234131998,0.09206174303039999,0.357517153,0.0,0.0,0.0,Bigeye,0.0,0.0,0.0,0.0,0.0,0.16567741300000005,-2.9565960790733925e-11,1.2241599955942206e-08,0.0
28_28_Central_Atlantic_(1950),SM,0.08,9,0.0002486316,0.0059671584,9.575327449622515e-05,0.00015287832471324,0.00119343168,0.004525095,0.0,0.0,0.0,Albacore,0.0,0.0,0.0,0.0,0.0,0.3851211,7.90534846785429e-13,1.200000003878654e-10,0.0
28_28_Central_Atlantic_(1950),SM,0.08,8,0.00804781642,0.15322104854,0.001044242037497828,0.007003574237715865,0.030644209707999998,0.114529014,0.0,0.0,0.0,Skipjack,0.0,0.0,0.0,0.0,0.0,0.12975472199999993,1.4478630620817778e-10,8.411999999347053e-09,0.0
28_28_Central_Atlantic_(1950),SM,0.08,7,2.1533975999999998e-06,3.588996e-05,6.401041000000001e-07,6.878244243768214e-07,7.177992e-06,2.655857e-05,8.97249e-07,0.0,0.0,Bluefin,0.0,7.177992e-08,8.2546908e-07,8.2546908e-07,0.0,0.6805864256666667,-4.376821679337364e-15,3.999999997569316e-13,0.0
28_28_Central_Atlantic_(1950),SM,0.08,6,0.00010813669999999998,0.00239908993,6.988740116756793e-06,0.00010114795916850798,0.00047981798599999997,0.00181113509,0.0,0.0,0.0,Yellowfin,0.0,0.0,0.0,0.0,0.0,0.06462875999999995,7.147352100358301e-13,1.5400000003516767e-10,0.0
28_28_Central_Atlantic_(1950),SM,0.08,5,0.00249640599,0.06401040999999999,0.0005785155030430785,0.0018759513724999999,0.012802082,0.048711922,4.5586e-05,0.0,0.0,Pelagic sharks,0.0,3.64688e-06,4.193912e-05,4.193912e-05,0.0,0.24853914787313913,-5.543078149261582e-12,9.999993888509806e-12,0.0
28_28_Central_Atlantic_(1950),SM,0.08,4,9.79823604992e-06,0.00919899290843,5.857542543244573e-06,3.940693277589222e-06,0.0018397985816859998,0.00734939566,0.0,0.0,0.0,Seabirds,0.0,0.0,0.0,0.0,0.0,0.59781605,2.290862049619249e-13,4.3069408022650135e-10,0.0
28_28_Central_Atlantic_(1950),SM,0.08,3,1.796872e-05,0.007911342611788,5.217438443244573e-06,1.275128168977432e-05,0.0015822685223576003,0.00631110556,0.0,0.0,0.0,Beaked whales,0.0,0.0,0.0,0.0,0.0,0.29036226900000006,-1.330188909053672e-13,-1.9056960089830488e-10,0.0
28_28_Central_Atlantic_(1950),SM,0.08,2,0.00156,0.52174383222,0.0008372185599812127,0.0007227814573199999,0.104348766444,0.415835053,0.0,0.0,0.0,Toothed whales,0.0,0.0,0.0,0.0,0.0,0.536678553,-1.730121276279084e-11,1.2775999980174646e-08,0.0
28_28_Central_Atlantic_(1950),SM,0.08,1,0.0008256798,0.1814176815802857,0.0005485316108812128,0.0002771482068003528,0.036283536316057144,0.144308478,0.0,0.0,0.0,Baleen whales,0.0,0.0,0.0,0.0,0.0,0.664339364,-1.76815656300483e-11,-1.2535771448662913e-08,0.0
28_28_Central_Atlantic_(1950),SE,0.08,39,-0.0,-0.0,0.0,0.0,0.0,0.0,0.0,0.0,0.0,diet_import,0.0,0.0,0.0,0.0,0.0,,-0.0,0.0,0.0
28_28_Central_Atlantic_(1950),SE,0.08,38,2777.8730180352595,2777.8730180352595,2718.2345000401283,0.0,0.0,0.0,0.0,59.638517995131224,0.0,Detritus,0.0,0.0,0.0,0.0,0.0,1.0,0.0,0.0,0.0
28_28_Central_Atlantic_(1950),SE,0.08,37,2964.2448555,2964.2448555,2304.4126302796485,659.8320120997337,0.0,0.0,0.0,0.0,0.0,Phytoplankton,0.0,0.0,0.0,0.0,0.0,0.777403,0.00021312061790013104,0.0,0.0
28_28_Central_Atlantic_(1950),SE,0.08,36,51.606198899999995,172.02066299999998,3.473465040262137,48.13273376183184,34.4041326,86.01033,0.0,0.0,0.0,Lg. Zoop. deep,0.0,0.0,0.0,0.0,0.0,0.06730712999999999,9.790602462089737e-08,1.499999996212864e-06,0.0
28_28_Central_Atlantic_(1950),SE,0.08,35,326.25349455,1088.1402679500002,136.65760187059252,189.59589687002213,217.62805359000004,544.2587,0.0,0.0,0.0,Sm. Zoop. deep,0.0,0.0,0.0,0.0,0.0,0.41886937599999996,-4.1906146179826465e-06,1.9810000139841577e-05,0.0
28_28_Central_Atlantic_(1950),SE,0.08,34,152.83878554999998,509.4626185,24.764043988060063,128.07474125496339,101.89252370000001,254.731323,0.0,0.0,0.0,Lg. Zoop. shlw,0.0,0.0,0.0,0.0,0.0,0.162027225,3.069765455165907e-07,-1.3749999965284587e-05,0.0
28_28_Central_Atlantic_(1950),SE,0.08,33,1141.8,3808.2000000000003,810.8210994383843,330.97876575719994,761.6400000000001,1904.76,0.0,0.0,0.0,Sm. Zoop. shlw,0.0,0.0,0.0,0.0,0.0,0.710125446,0.00013480441566571244,4.547473508864641e-13,0.0
28_28_Central_Atlantic_(1950),SE,0.08,32,415.91835,563.5749999999999,259.56446880550004,156.35385617274002,112.71499999999999,34.941597,0.0,0.0,0.0,Het. bacteria,0.0,0.0,0.0,0.0,0.0,0.6240755999999998,2.502175988183808e-05,5.2999999965663847e-05,0.0
28_28_Central_Atlantic_(1950),SE,0.08,31,0.43340000000000006,2.6398,0.041626123427598485,0.39177388030000004,0.5279600000000001,1.67843986,0.0,0.0,0.0,Megabenthos,0.0,0.0,0.0,0.0,0.0,0.0960455,-3.72759845213011e-09,1.3999999981528788e-07,0.0
28_28_Central_Atlantic_(1950),SE,0.08,30,0.369,3.6346499999999997,0.09863466851516114,0.270365328792,0.72693,2.53872,0.0,0.0,0.0,Macrobenthos,0.0,0.0,0.0,0.0,0.0,0.26730263200000004,2.6928388408009596e-09,0.0,0.0
28_28_Central_Atlantic_(1950),SE,0.08,29,2.214,22.287599999999998,0.5448121363030838,1.6691878621979999,4.45752,15.6160793,0.0,0.0,0.0,Meiobenthos,0.0,0.0,0.0,0.0,0.0,0.24607594300000002,1.4989161023493125e-09,6.99999999298484e-07,0.0
28_28_Central_Atlantic_(1950),SE,0.08,28,0.012723003955,0.02544600791,0.011450702967616381,0.0012723003954999996,0.005089201582,0.007633802,0.0,0.0,0.0,Benth. ceph.,0.0,0.0,0.0,0.0,0.0,0.9,5.918836185059284e-10,3.729999989432464e-10,0.0
28_28_Central_Atlantic_(1950),SE,0.08,27,0.5644206439999999,4.47855511,0.507978562200084,0.05644206439999998,0.8957110220000001,3.01842356,0.0,0.0,0.0,Lg Squids,0.0,0.0,0.0,0.0,0.0,0.9,1.739991595250956e-08,-1.1599999982792042e-07,0.0
28_28_Central_Atlantic_(1950),SE,0.08,26,1.9626521827999999,15.573218407,1.766386893631383,0.19626521827999993,3.1146436814000005,10.4959221,0.0,0.0,0.0,Sm Squids,0.0,0.0,0.0,0.0,0.0,0.9,7.08886169764611e-08,4.428000011102995e-07,0.0
28_28_Central_Atlantic_(1950),SE,0.08,25,0.029511966558754574,0.05365811909218538,0.028247997140988634,0.001263969107687661,0.010731623818437078,0.01341453,0.0,0.0,0.0,Lg. Bathyd. abs,0.0,0.0,0.0,0.0,0.0,0.957170963,3.100782790255163e-10,-1.2850062697938869e-09,0.0
28_28_Central_Atlantic_(1950),SE,0.08,24,0.032007212730000005,0.0581949347850468,0.03092652416753671,0.0010806897702190206,0.011638986957009361,0.014548731,0.0,0.0,0.0,Sm. Bathyd. abs,0.0,0.0,0.0,0.0,0.0,0.966236055,-1.207755728760418e-09,4.098037435437685e-09,0.0
28_28_Central_Atlantic_(1950),SE,0.08,23,0.0030136304000000004,0.00547932783219558,0.0019225564713861983,0.00102711515654528,0.001095865566439116,0.00136983185,6.39589e-05,0.0,0.0,Lg. Bathyd. slp,5.116712e-06,5.116712e-06,5.8842188e-05,5.8842188e-05,0.0,0.6591768,-1.2793147834491703e-10,1.5756463408317378e-11,0.0
28_28_Central_Atlantic_(1950),SE,0.08,22,0.005653607665707449,0.010279287244467,0.004260451747794523,0.0012050065457042862,0.0020558574488934002,0.00256982166,0.000188149,0.0,0.0,Sm. Bathyd. slp,1.505192e-05,1.505192e-05,0.00017309708000000002,0.00017309708000000002,0.0,0.7868606,3.7220863977754926e-10,4.69866151195375e-10,0.0
28_28_Central_Atlantic_(1950),SE,0.08,21,0.006341536224000001,0.011508713888,0.005009813921588745,0.0013317226070399999,0.0023017427776000003,0.00286543486,0.0,0.0,0.0,Lg. Bathyp. fish,0.0,0.0,0.0,0.0,0.0,0.79,-3.046287441049733e-10,2.6399998940412894e-11,0.0
28_28_Central_Atlantic_(1950),SE,0.08,20,0.013441102436,0.020515366876,0.012096991849560989,0.0013441102435999997,0.0041030733752,0.00297118956,0.0,0.0,0.0,Md. Bathyp.fish,0.0,0.0,0.0,0.0,0.0,0.9,3.428390106530177e-10,1.5047999985841332e-09,0.0
28_28_Central_Atlantic_(1950),SE,0.08,19,0.06545771003200002,0.22973138617000002,0.05891193573953475,0.0065457710032,0.04594627723400001,0.118327409,0.0,0.0,0.0,Sm. Bathyp. fish,0.0,0.0,0.0,0.0,0.0,0.9,3.2892652629401553e-09,-1.0095999994352844e-08,0.0
28_28_Central_Atlantic_(1950),SE,0.08,18,12.22519406327412,59.3828355,3.573220730157866,8.651973314709084,11.8765671,35.2810745,0.0,0.0,0.0,Sm. Meso fish,0.0,0.0,0.0,0.0,0.0,0.292283356,1.8407170898626646e-08,-1.6327412311056833e-07,0.0
28_28_Central_Atlantic_(1950),SE,0.08,17,0.0003348901755,0.0079257341535,0.00030140115666829864,3.348901755e-05,0.0015851468307,0.006005697,0.0,0.0,0.0,Lg. Meso fish,0.0,0.0,0.0,0.0,0.0,0.9,1.2817013617973105e-12,1.4729999945478633e-10,0.0
28_28_Central_Atlantic_(1950),SE,0.08,16,2.418293435320515,14.779333033030326,2.1764249584475417,0.24182934353205143,2.9558666066060653,9.405173,3.90985e-05,0.0,0.0,Sm. Epi. fish,3.12788e-06,3.12788e-06,3.597062e-05,3.597062e-05,0.0,0.9,3.4840922147338915e-08,-8.896252623458167e-09,0.0
28_28_Central_Atlantic_(1950),SE,0.08,15,0.1059599016,0.7525932498796599,0.09523928587084607,0.010595990159999997,0.150518649975932,0.496114731,0.000124629,0.0,0.0,Md. Epi. fish,9.97032e-06,9.97032e-06,0.00011465867999999999,0.00011465867999999999,0.0,0.9,-3.4308460655774198e-09,-3.2696272078691635e-08,0.0
28_28_Central_Atlantic_(1950),SE,0.08,14,0.00984495897,0.12697145868897,0.007685239049978655,0.0018705422042999994,0.025394291737794002,0.091732204,0.000289178,0.0,0.0,Lg. Epi. fish,2.3134240000000002e-05,2.3134240000000002e-05,0.00026604376000000004,0.00026604376000000004,0.0,0.81,-2.8427865443603206e-10,3.981175999978603e-09,0.0
28_28_Central_Atlantic_(1950),SE,0.08,13,0.00064010414496,0.010287388044000001,6.401041000000001e-05,0.000576093730464,0.0020574776088000003,0.00758980634,0.0,0.0,0.0,Lg. Plank. fish,0.0,0.0,0.0,0.0,0.0,0.09999999999999998,4.496000034943937e-12,-4.9759998205223255e-11,0.0
28_28_Central_Atlantic_(1950),SE,0.08,12,2.1336802558309998e-05,0.00021225354904839998,6.401041000000001e-07,2.0696698481560696e-05,4.245070980968e-05,0.000148466032,0.0,0.0,0.0,Billfishes,0.0,0.0,0.0,0.0,0.0,0.030000000000000027,-2.3250698648292698e-14,4.680409976687977e-12,0.0
28_28_Central_Atlantic_(1950),SE,0.08,11,0.00032651159999999997,0.004353488,6.401041000000001e-07,0.00032587149593018877,0.0008706976,0.00315627875,0.0,0.0,0.0,Swordfish,0.0,0.0,0.0,0.0,0.0,0.0019604328600000276,-3.0188796341229507e-14,5.000000023389073e-11,0.0
28_28_Central_Atlantic_(1950),SE,0.08,10,0.01072980688,0.46030871515199995,0.0017776866754339626,0.008952120234131998,0.09206174303039999,0.357517153,0.0,0.0,0.0,Bigeye,0.0,0.0,0.0,0.0,0.0,0.16567741300000005,-2.9565960790733925e-11,1.2241599955942206e-08,0.0
28_28_Central_Atlantic_(1950),SE,0.08,9,0.0002486316,0.0059671584,9.575327449622515e-05,0.00015287832471324,0.00119343168,0.004525095,0.0,0.0,0.0,Albacore,0.0,0.0,0.0,0.0,0.0,0.3851211,7.90534846785429e-13,1.200000003878654e-10,0.0
28_28_Central_Atlantic_(1950),SE,0.08,8,0.00804781642,0.15322104854,0.001044242037497828,0.007003574237715865,0.030644209707999998,0.114529014,0.0,0.0,0.0,Skipjack,0.0,0.0,0.0,0.0,0.0,0.12975472199999993,1.4478630620817778e-10,8.411999999347053e-09,0.0
28_28_Central_Atlantic_(1950),SE,0.08,7,2.1533975999999998e-06,3.588996e-05,6.401041000000001e-07,6.160445043768214e-07,7.177992e-06,2.655857e-05,8.97249e-07,0.0,0.0,Bluefin,7.177992e-08,7.177992e-08,8.2546908e-07,8.2546908e-07,0.0,0.713919759,-4.376821679337364e-15,3.999999997569316e-13,0.0
28_28_Central_Atlantic_(1950),SE,0.08,6,0.00010813669999999998,0.00239908993,6.988740116756793e-06,0.00010114795916850798,0.00047981798599999997,0.00181113509,0.0,0.0,0.0,Yellowfin,0.0,0.0,0.0,0.0,0.0,0.06462875999999995,7.147352100358301e-13,1.5400000003516767e-10,0.0
28_28_Central_Atlantic_(1950),SE,0.08,5,0.00249640599,0.06401040999999999,0.0005785155030430785,0.0018723044925,0.012802082,0.048711922,4.5586e-05,0.0,0.0,Pelagic sharks,3.64688e-06,3.64688e-06,4.193912e-05,4.193912e-05,0.0,0.25,-5.543078149261582e-12,9.999993888509806e-12,0.0
28_28_Central_Atlantic_(1950),SE,0.08,4,9.79823604992e-06,0.00919899290843,5.857542543244573e-06,3.940693277589222e-06,0.0018397985816859998,0.00734939566,0.0,0.0,0.0,Seabirds,0.0,0.0,0.0,0.0,0.0,0.59781605,2.290862049619249e-13,4.3069408022650135e-10,0.0
28_28_Central_Atlantic_(1950),SE,0.08,3,1.796872e-05,0.007911342611788,5.217438443244573e-06,1.275128168977432e-05,0.0015822685223576003,0.00631110556,0.0,0.0,0.0,Beaked whales,0.0,0.0,0.0,0.0,0.0,0.29036226900000006,-1.330188909053672e-13,-1.9056960089830488e-10,0.0
28_28_Central_Atlantic_(1950),SE,0.08,2,0.00156,0.52174383222,0.0008372185599812127,0.0007227814573199999,0.104348766444,0.415835053,0.0,0.0,0.0,Toothed whales,0.0,0.0,0.0,0.0,0.0,0.536678553,-1.730121276279084e-11,1.2775999980174646e-08,0.0
28_28_Central_Atlantic_(1950),SE,0.08,1,0.0008256798,0.1814176815802857,0.0005485316108812128,0.0002771482068003528,0.036283536316057144,0.144308478,0.0,0.0,0.0,Baleen whales,0.0,0.0,0.0,0.0,0.0,0.664339364,-1.76815656300483e-11,-1.2535771448662913e-08,0.0
28_28_Central_Atlantic_(1950),SC,0.09,39,-0.0,-0.0,0.0,0.0,0.0,0.0,0.0,0.0,0.0,diet_import,0.0,0.0,0.0,0.0,0.0,,-0.0,0.0,0.0
28_28_Central_Atlantic_(1950),SC,0.09,38,2777.8730180352595,2777.8730180352595,2718.2345000401283,0.0,0.0,0.0,0.0,59.638517995131224,0.0,Detritus,0.0,0.0,0.0,0.0,0.0,1.0,0.0,0.0,0.0
28_28_Central_Atlantic_(1950),SC,0.09,37,2964.2448555,2964.2448555,2304.4126302796485,659.8320120997337,0.0,0.0,0.0,0.0,0.0,Phytoplankton,0.0,0.0,0.0,0.0,0.0,0.777403,0.00021312061790013104,0.0,0.0
28_28_Central_Atlantic_(1950),SC,0.09,36,51.606198899999995,172.02066299999998,3.473465040262137,48.13273376183184,34.4041326,86.01033,0.0,0.0,0.0,Lg. Zoop. deep,0.0,0.0,0.0,0.0,0.0,0.06730712999999999,9.790602462089737e-08,1.499999996212864e-06,0.0
28_28_Central_Atlantic_(1950),SC,0.09,35,326.25349455,1088.1402679500002,136.65760187059252,189.59589687002213,217.62805359000004,544.2587,0.0,0.0,0.0,Sm. Zoop. deep,0.0,0.0,0.0,0.0,0.0,0.41886937599999996,-4.1906146179826465e-06,1.9810000139841577e-05,0.0
28_28_Central_Atlantic_(1950),SC,0.09,34,152.83878554999998,509.4626185,24.764043988060063,128.07474125496339,101.89252370000001,254.731323,0.0,0.0,0.0,Lg. Zoop. shlw,0.0,0.0,0.0,0.0,0.0,0.162027225,3.069765455165907e-07,-1.3749999965284587e-05,0.0
28_28_Central_Atlantic_(1950),SC,0.09,33,1141.8,3808.2000000000003,810.8210994383843,330.97876575719994,761.6400000000001,1904.76,0.0,0.0,0.0,Sm. Zoop. shlw,0.0,0.0,0.0,0.0,0.0,0.710125446,0.00013480441566571244,4.547473508864641e-13,0.0
28_28_Central_Atlantic_(1950),SC,0.09,32,415.91835,563.5749999999999,259.56446880550004,156.35385617274002,112.71499999999999,34.941597,0.0,0.0,0.0,Het. bacteria,0.0,0.0,0.0,0.0,0.0,0.6240755999999998,2.502175988183808e-05,5.2999999965663847e-05,0.0
28_28_Central_Atlantic_(1950),SC,0.09,31,0.43340000000000006,2.6398,0.041626123427598485,0.39177388030000004,0.5279600000000001,1.67843986,0.0,0.0,0.0,Megabenthos,0.0,0.0,0.0,0.0,0.0,0.0960455,-3.72759845213011e-09,1.3999999981528788e-07,0.0
28_28_Central_Atlantic_(1950),SC,0.09,30,0.369,3.6346499999999997,0.09863466851516114,0.270365328792,0.72693,2.53872,0.0,0.0,0.0,Macrobenthos,0.0,0.0,0.0,0.0,0.0,0.26730263200000004,2.6928388408009596e-09,0.0,0.0
28_28_Central_Atlantic_(1950),SC,0.09,29,2.214,22.287599999999998,0.5448121363030838,1.6691878621979999,4.45752,15.6160793,0.0,0.0,0.0,Meiobenthos,0.0,0.0,0.0,0.0,0.0,0.24607594300000002,1.4989161023493125e-09,6.99999999298484e-07,0.0
28_28_Central_Atlantic_(1950),SC,0.09,28,0.012723003955,0.02544600791,0.011450702967616381,0.0012723003954999996,0.005089201582,0.007633802,0.0,0.0,0.0,Benth. ceph.,0.0,0.0,0.0,0.0,0.0,0.9,5.918836185059284e-10,3.729999989432464e-10,0.0
28_28_Central_Atlantic_(1950),SC,0.09,27,0.5644206439999999,4.47855511,0.507978562200084,0.05644206439999998,0.8957110220000001,3.01842356,0.0,0.0,0.0,Lg Squids,0.0,0.0,0.0,0.0,0.0,0.9,1.739991595250956e-08,-1.1599999982792042e-07,0.0
28_28_Central_Atlantic_(1950),SC,0.09,26,1.9626521827999999,15.573218407,1.766386893631383,0.19626521827999993,3.1146436814000005,10.4959221,0.0,0.0,0.0,Sm Squids,0.0,0.0,0.0,0.0,0.0,0.9,7.08886169764611e-08,4.428000011102995e-07,0.0
28_28_Central_Atlantic_(1950),SC,0.09,25,0.029511966558754574,0.05365811909218538,0.028247997140988634,0.001263969107687661,0.010731623818437078,0.01341453,0.0,0.0,0.0,Lg. Bathyd. abs,0.0,0.0,0.0,0.0,0.0,0.957170963,3.100782790255163e-10,-1.2850062697938869e-09,0.0
28_28_Central_Atlantic_(1950),SC,0.09,24,0.032007212730000005,0.0581949347850468,0.03092652416753671,0.0010806897702190206,0.011638986957009361,0.014548731,0.0,0.0,0.0,Sm. Bathyd. abs,0.0,0.0,0.0,0.0,0.0,0.966236055,-1.207755728760418e-09,4.098037435437685e-09,0.0
28_28_Central_Atlantic_(1950),SC,0.09,23,0.0030136304000000004,0.00547932783219558,0.0019225564713861983,0.00102711515654528,0.001095865566439116,0.00136983185,6.39589e-05,0.0,0.0,Lg. Bathyd. slp,0.0,5.756301e-06,5.8202598999999995e-05,6.39589e-05,0.0,0.6591768,-1.2793147834491703e-10,1.5756463408317378e-11,0.0
28_28_Central_Atlantic_(1950),SC,0.09,22,0.005653607665707449,0.010279287244467,0.004260451747794523,0.0012050065457042862,0.0020558574488934002,0.00256982166,0.000188149,0.0,0.0,Sm. Bathyd. slp,0.0,1.693341e-05,0.00017121559,0.000188149,0.0,0.7868606,3.7220863977754926e-10,4.69866151195375e-10,0.0
28_28_Central_Atlantic_(1950),SC,0.09,21,0.006341536224000001,0.011508713888,0.005009813921588745,0.0013317226070399999,0.0023017427776000003,0.00286543486,0.0,0.0,0.0,Lg. Bathyp. fish,0.0,0.0,0.0,0.0,0.0,0.79,-3.046287441049733e-10,2.6399998940412894e-11,0.0
28_28_Central_Atlantic_(1950),SC,0.09,20,0.013441102436,0.020515366876,0.012096991849560989,0.0013441102435999997,0.0041030733752,0.00297118956,0.0,0.0,0.0,Md. Bathyp.fish,0.0,0.0,0.0,0.0,0.0,0.9,3.428390106530177e-10,1.5047999985841332e-09,0.0
28_28_Central_Atlantic_(1950),SC,0.09,19,0.06545771003200002,0.22973138617000002,0.05891193573953475,0.0065457710032,0.04594627723400001,0.118327409,0.0,0.0,0.0,Sm. Bathyp. fish,0.0,0.0,0.0,0.0,0.0,0.9,3.2892652629401553e-09,-1.0095999994352844e-08,0.0
28_28_Central_Atlantic_(1950),SC,0.09,18,12.22519406327412,59.3828355,3.573220730157866,8.651973314709084,11.8765671,35.2810745,0.0,0.0,0.0,Sm. Meso fish,0.0,0.0,0.0,0.0,0.0,0.292283356,1.8407170898626646e-08,-1.6327412311056833e-07,0.0
28_28_Central_Atlantic_(1950),SC,0.09,17,0.0003348901755,0.0079257341535,0.00030140115666829864,3.348901755e-05,0.0015851468307,0.006005697,0.0,0.0,0.0,Lg. Meso fish,0.0,0.0,0.0,0.0,0.0,0.9,1.2817013617973105e-12,1.4729999945478633e-10,0.0
28_28_Central_Atlantic_(1950),SC,0.09,16,2.418293435320515,14.779333033030326,2.1764249584475417,0.24182934353205143,2.9558666066060653,9.405173,3.90985e-05,0.0,0.0,Sm. Epi. fish,0.0,3.5188649999999996e-06,3.5579635e-05,3.90985e-05,0.0,0.9,3.4840922147338915e-08,-8.896252623458167e-09,0.0
28_28_Central_Atlantic_(1950),SC,0.09,15,0.1059599016,0.7525932498796599,0.09523928587084607,0.010595990159999997,0.150518649975932,0.496114731,0.000124629,0.0,0.0,Md. Epi. fish,0.0,1.121661e-05,0.00011341238999999999,0.000124629,0.0,0.9,-3.4308460655774198e-09,-3.2696272078691635e-08,0.0
28_28_Central_Atlantic_(1950),SC,0.09,14,0.00984495897,0.12697145868897,0.007685239049978655,0.0018705422042999994,0.025394291737794002,0.091732204,0.000289178,0.0,0.0,Lg. Epi. fish,0.0,2.602602e-05,0.00026315198000000003,0.000289178,0.0,0.81,-2.8427865443603206e-10,3.981175999978603e-09,0.0
28_28_Central_Atlantic_(1950),SC,0.09,13,0.00064010414496,0.010287388044000001,6.401041000000001e-05,0.000576093730464,0.0020574776088000003,0.00758980634,0.0,0.0,0.0,Lg. Plank. fish,0.0,0.0,0.0,0.0,0.0,0.09999999999999998,4.496000034943937e-12,-4.9759998205223255e-11,0.0
28_28_Central_Atlantic_(1950),SC,0.09,12,2.1336802558309998e-05,0.00021225354904839998,6.401041000000001e-07,2.0696698481560696e-05,4.245070980968e-05,0.000148466032,0.0,0.0,0.0,Billfishes,0.0,0.0,0.0,0.0,0.0,0.030000000000000027,-2.3250698648292698e-14,4.680409976687977e-12,0.0
28_28_Central_Atlantic_(1950),SC,0.09,11,0.00032651159999999997,0.004353488,6.401041000000001e-07,0.00032587149593018877,0.0008706976,0.00315627875,0.0,0.0,0.0,Swordfish,0.0,0.0,0.0,0.0,0.0,0.0019604328600000276,-3.0188796341229507e-14,5.000000023389073e-11,0.0
28_28_Central_Atlantic_(1950),SC,0.09,10,0.01072980688,0.46030871515199995,0.0017776866754339626,0.008952120234131998,0.09206174303039999,0.357517153,0.0,0.0,0.0,Bigeye,0.0,0.0,0.0,0.0,0.0,0.16567741300000005,-2.9565960790733925e-11,1.2241599955942206e-08,0.0
28_28_Central_Atlantic_(1950),SC,0.09,9,0.0002486316,0.0059671584,9.575327449622515e-05,0.00015287832471324,0.00119343168,0.004525095,0.0,0.0,0.0,Albacore,0.0,0.0,0.0,0.0,0.0,0.3851211,7.90534846785429e-13,1.200000003878654e-10,0.0
28_28_Central_Atlantic_(1950),SC,0.09,8,0.00804781642,0.15322104854,0.001044242037497828,0.007003574237715865,0.030644209707999998,0.114529014,0.0,0.0,0.0,Skipjack,0.0,0.0,0.0,0.0,0.0,0.12975472199999993,1.4478630620817778e-10,8.411999999347053e-09,0.0
28_28_Central_Atlantic_(1950),SC,0.09,7,2.1533975999999998e-06,3.588996e-05,6.401041000000001e-07,6.160445043768214e-07,7.177992e-06,2.655857e-05,8.97249e-07,0.0,0.0,Bluefin,0.0,8.075241e-08,8.164965900000001e-07,8.97249e-07,0.0,0.713919759,-4.376821679337364e-15,3.999999997569316e-13,0.0
28_28_Central_Atlantic_(1950),SC,0.09,6,0.00010813669999999998,0.00239908993,6.988740116756793e-06,0.00010114795916850798,0.00047981798599999997,0.00181113509,0.0,0.0,0.0,Yellowfin,0.0,0.0,0.0,0.0,0.0,0.06462875999999995,7.147352100358301e-13,1.5400000003516767e-10,0.0
28_28_Central_Atlantic_(1950),SC,0.09,5,0.00249640599,0.06401040999999999,0.0005785155030430785,0.0018723044925,0.012802082,0.048711922,4.5586e-05,0.0,0.0,Pelagic sharks,0.0,4.10274e-06,4.148326e-05,4.5586e-05,0.0,0.25,-5.543078149261582e-12,9.999993888509806e-12,0.0
28_28_Central_Atlantic_(1950),SC,0.09,4,9.79823604992e-06,0.00919899290843,5.857542543244573e-06,3.940693277589222e-06,0.0018397985816859998,0.00734939566,0.0,0.0,0.0,Seabirds,0.0,0.0,0.0,0.0,0.0,0.59781605,2.290862049619249e-13,4.3069408022650135e-10,0.0
28_28_Central_Atlantic_(1950),SC,0.09,3,1.796872e-05,0.007911342611788,5.217438443244573e-06,1.275128168977432e-05,0.0015822685223576003,0.00631110556,0.0,0.0,0.0,Beaked whales,0.0,0.0,0.0,0.0,0.0,0.29036226900000006,-1.330188909053672e-13,-1.9056960089830488e-10,0.0
28_28_Central_Atlantic_(1950),SC,0.09,2,0.00156,0.52174383222,0.0008372185599812127,0.0007227814573199999,0.104348766444,0.415835053,0.0,0.0,0.0,Toothed whales,0.0,0.0,0.0,0.0,0.0,0.536678553,-1.730121276279084e-11,1.2775999980174646e-08,0.0
28_28_Central_Atlantic_(1950),SC,0.09,1,0.0008256798,0.1814176815802857,0.0005485316108812128,0.0002771482068003528,0.036283536316057144,0.144308478,0.0,0.0,0.0,Baleen whales,0.0,0.0,0.0,0.0,0.0,0.664339364,-1.76815656300483e-11,-1.2535771448662913e-08,0.0
28_28_Central_Atlantic_(1950),SM,0.09,39,-0.0,-0.0,0.0,0.0,0.0,0.0,0.0,0.0,0.0,diet_import,0.0,0.0,0.0,0.0,0.0,,-0.0,0.0,0.0
28_28_Central_Atlantic_(1950),SM,0.09,38,2777.873085669958,2777.873085669958,2718.2345000401283,0.0,0.0,0.0,0.0,59.63858562982978,0.0,Detritus,0.0,0.0,0.0,0.0,0.0,1.0,0.0,0.0,0.0
28_28_Central_Atlantic_(1950),SM,0.09,37,2964.2448555,2964.2448555,2304.4126302796485,659.8320120997337,0.0,0.0,0.0,0.0,0.0,Phytoplankton,0.0,0.0,0.0,0.0,0.0,0.777403,0.00021312061790013104,0.0,0.0
28_28_Central_Atlantic_(1950),SM,0.09,36,51.606198899999995,172.02066299999998,3.473465040262137,48.13273376183184,34.4041326,86.01033,0.0,0.0,0.0,Lg. Zoop. deep,0.0,0.0,0.0,0.0,0.0,0.06730712999999999,9.790602462089737e-08,1.499999996212864e-06,0.0
28_28_Central_Atlantic_(1950),SM,0.09,35,326.25349455,1088.1402679500002,136.65760187059252,189.59589687002213,217.62805359000004,544.2587,0.0,0.0,0.0,Sm. Zoop. deep,0.0,0.0,0.0,0.0,0.0,0.41886937599999996,-4.1906146179826465e-06,1.9810000139841577e-05,0.0
28_28_Central_Atlantic_(1950),SM,0.09,34,152.83878554999998,509.4626185,24.764043988060063,128.07474125496339,101.89252370000001,254.731323,0.0,0.0,0.0,Lg. Zoop. shlw,0.0,0.0,0.0,0.0,0.0,0.162027225,3.069765455165907e-07,-1.3749999965284587e-05,0.0
28_28_Central_Atlantic_(1950),SM,0.09,33,1141.8,3808.2000000000003,810.8210994383843,330.97876575719994,761.6400000000001,1904.76,0.0,0.0,0.0,Sm. Zoop. shlw,0.0,0.0,0.0,0.0,0.0,0.710125446,0.00013480441566571244,4.547473508864641e-13,0.0
28_28_Central_Atlantic_(1950),SM,0.09,32,415.91835,563.5749999999999,259.56446880550004,156.35385617274002,112.71499999999999,34.941597,0.0,0.0,0.0,Het. bacteria,0.0,0.0,0.0,0.0,0.0,0.6240755999999998,2.502175988183808e-05,5.2999999965663847e-05,0.0
28_28_Central_Atlantic_(1950),SM,0.09,31,0.43340000000000006,2.6398,0.041626123427598485,0.39177388030000004,0.5279600000000001,1.67843986,0.0,0.0,0.0,Megabenthos,0.0,0.0,0.0,0.0,0.0,0.0960455,-3.72759845213011e-09,1.3999999981528788e-07,0.0
28_28_Central_Atlantic_(1950),SM,0.09,30,0.369,3.6346499999999997,0.09863466851516114,0.270365328792,0.72693,2.53872,0.0,0.0,0.0,Macrobenthos,0.0,0.0,0.0,0.0,0.0,0.26730263200000004,2.6928388408009596e-09,0.0,0.0
28_28_Central_Atlantic_(1950),SM,0.09,29,2.214,22.287599999999998,0.5448121363030838,1.6691878621979999,4.45752,15.6160793,0.0,0.0,0.0,Meiobenthos,0.0,0.0,0.0,0.0,0.0,0.24607594300000002,1.4989161023493125e-09,6.99999999298484e-07,0.0
28_28_Central_Atlantic_(1950),SM,0.09,28,0.012723003955,0.02544600791,0.011450702967616381,0.0012723003954999996,0.005089201582,0.007633802,0.0,0.0,0.0,Benth. ceph.,0.0,0.0,0.0,0.0,0.0,0.9,5.918836185059284e-10,3.729999989432464e-10,0.0
28_28_Central_Atlantic_(1950),SM,0.09,27,0.5644206439999999,4.47855511,0.507978562200084,0.05644206439999998,0.8957110220000001,3.01842356,0.0,0.0,0.0,Lg Squids,0.0,0.0,0.0,0.0,0.0,0.9,1.739991595250956e-08,-1.1599999982792042e-07,0.0
28_28_Central_Atlantic_(1950),SM,0.09,26,1.9626521827999999,15.573218407,1.766386893631383,0.19626521827999993,3.1146436814000005,10.4959221,0.0,0.0,0.0,Sm Squids,0.0,0.0,0.0,0.0,0.0,0.9,7.08886169764611e-08,4.428000011102995e-07,0.0
28_28_Central_Atlantic_(1950),SM,0.09,25,0.029511966558754574,0.05365811909218538,0.028247997140988634,0.001263969107687661,0.010731623818437078,0.01341453,0.0,0.0,0.0,Lg. Bathyd. abs,0.0,0.0,0.0,0.0,0.0,0.957170963,3.100782790255163e-10,-1.2850062697938869e-09,0.0
28_28_Central_Atlantic_(1950),SM,0.09,24,0.032007212730000005,0.0581949347850468,0.03092652416753671,0.0010806897702190206,0.011638986957009361,0.014548731,0.0,0.0,0.0,Sm. Bathyd. abs,0.0,0.0,0.0,0.0,0.0,0.966236055,-1.207755728760418e-09,4.098037435437685e-09,0.0
28_28_Central_Atlantic_(1950),SM,0.09,23,0.0030136304000000004,0.00547932783219558,0.0019225564713861983,0.0010328714575452802,0.001095865566439116,0.00136983185,6.39589e-05,0.0,0.0,Lg. Bathyd. slp,0.0,5.756301e-06,5.8202598999999995e-05,5.8202598999999995e-05,0.0,0.6572667114237765,-1.2793147834491703e-10,1.5756463408317378e-11,0.0
28_28_Central_Atlantic_(1950),SM,0.09,22,0.005653607665707449,0.010279287244467,0.004260451747794523,0.0012219399557042863,0.0020558574488934002,0.00256982166,0.000188149,0.0,0.0,Sm. Bathyd. slp,0.0,1.693341e-05,0.00017121559,0.00017121559,0.0,0.7838654487618426,3.7220863977754926e-10,4.69866151195375e-10,0.0
28_28_Central_Atlantic_(1950),SM,0.09,21,0.006341536224000001,0.011508713888,0.005009813921588745,0.0013317226070399999,0.0023017427776000003,0.00286543486,0.0,0.0,0.0,Lg. Bathyp. fish,0.0,0.0,0.0,0.0,0.0,0.79,-3.046287441049733e-10,2.6399998940412894e-11,0.0
28_28_Central_Atlantic_(1950),SM,0.09,20,0.013441102436,0.020515366876,0.012096991849560989,0.0013441102435999997,0.0041030733752,0.00297118956,0.0,0.0,0.0,Md. Bathyp.fish,0.0,0.0,0.0,0.0,0.0,0.9,3.428390106530177e-10,1.5047999985841332e-09,0.0
28_28_Central_Atlantic_(1950),SM,0.09,19,0.06545771003200002,0.22973138617000002,0.05891193573953475,0.0065457710032,0.04594627723400001,0.118327409,0.0,0.0,0.0,Sm. Bathyp. fish,0.0,0.0,0.0,0.0,0.0,0.9,3.2892652629401553e-09,-1.0095999994352844e-08,0.0
28_28_Central_Atlantic_(1950),SM,0.09,18,12.22519406327412,59.3828355,3.573220730157866,8.651973314709084,11.8765671,35.2810745,0.0,0.0,0.0,Sm. Meso fish,0.0,0.0,0.0,0.0,0.0,0.292283356,1.8407170898626646e-08,-1.6327412311056833e-07,0.0
28_28_Central_Atlantic_(1950),SM,0.09,17,0.0003348901755,0.0079257341535,0.00030140115666829864,3.348901755e-05,0.0015851468307,0.006005697,0.0,0.0,0.0,Lg. Meso fish,0.0,0.0,0.0,0.0,0.0,0.9,1.2817013617973105e-12,1.4729999945478633e-10,0.0
28_28_Central_Atlantic_(1950),SM,0.09,16,2.418293435320515,14.779333033030326,2.1764249584475417,0.24183286239705143,2.9558666066060653,9.405173,3.90985e-05,0.0,0.0,Sm. Epi. fish,0.0,3.5188649999999996e-06,3.5579635e-05,3.5579635e-05,0.0,0.899998544897427,3.4840921703249705e-08,-8.896252623458167e-09,0.0
28_28_Central_Atlantic_(1950),SM,0.09,15,0.1059599016,0.7525932498796599,0.09523928587084607,0.010607206769999997,0.150518649975932,0.496114731,0.000124629,0.0,0.0,Md. Epi. fish,0.0,1.121661e-05,0.00011341238999999999,0.00011341238999999999,0.0,0.899894142880178,-3.4308460655774198e-09,-3.2696272078691635e-08,0.0
28_28_Central_Atlantic_(1950),SM,0.09,14,0.00984495897,0.12697145868897,0.007685239049978655,0.0018965682242999995,0.025394291737794002,0.091732204,0.000289178,0.0,0.0,Lg. Epi. fish,0.0,2.602602e-05,0.00026315198000000003,0.00026315198000000003,0.0,0.8073564115321041,-2.8427865443603206e-10,3.981175999978603e-09,0.0
28_28_Central_Atlantic_(1950),SM,0.09,13,0.00064010414496,0.010287388044000001,6.401041000000001e-05,0.000576093730464,0.0020574776088000003,0.00758980634,0.0,0.0,0.0,Lg. Plank. fish,0.0,0.0,0.0,0.0,0.0,0.09999999999999998,4.496000034943937e-12,-4.9759998205223255e-11,0.0
28_28_Central_Atlantic_(1950),SM,0.09,12,2.1336802558309998e-05,0.00021225354904839998,6.401041000000001e-07,2.0696698481560696e-05,4.245070980968e-05,0.000148466032,0.0,0.0,0.0,Billfishes,0.0,0.0,0.0,0.0,0.0,0.030000000000000027,-2.3250698648292698e-14,4.680409976687977e-12,0.0
28_28_Central_Atlantic_(1950),SM,0.09,11,0.00032651159999999997,0.004353488,6.401041000000001e-07,0.00032587149593018877,0.0008706976,0.00315627875,0.0,0.0,0.0,Swordfish,0.0,0.0,0.0,0.0,0.0,0.0019604328600000276,-3.0188796341229507e-14,5.000000023389073e-11,0.0
28_28_Central_Atlantic_(1950),SM,0.09,10,0.01072980688,0.46030871515199995,0.0017776866754339626,0.008952120234131998,0.09206174303039999,0.357517153,0.0,0.0,0.0,Bigeye,0.0,0.0,0.0,0.0,0.0,0.16567741300000005,-2.9565960790733925e-11,1.2241599955942206e-08,0.0
28_28_Central_Atlantic_(1950),SM,0.09,9,0.0002486316,0.0059671584,9.575327449622515e-05,0.00015287832471324,0.00119343168,0.004525095,0.0,0.0,0.0,Albacore,0.0,0.0,0.0,0.0,0.0,0.3851211,7.90534846785429e-13,1.200000003878654e-10,0.0
28_28_Central_Atlantic_(1950),SM,0.09,8,0.00804781642,0.15322104854,0.001044242037497828,0.007003574237715865,0.030644209707999998,0.114529014,0.0,0.0,0.0,Skipjack,0.0,0.0,0.0,0.0,0.0,0.12975472199999993,1.4478630620817778e-10,8.411999999347053e-09,0.0
28_28_Central_Atlantic_(1950),SM,0.09,7,2.1533975999999998e-06,3.588996e-05,6.401041000000001e-07,6.967969143768214e-07,7.177992e-06,2.655857e-05,8.97249e-07,0.0,0.0,Bluefin,0.0,8.075241e-08,8.164965900000001e-07,8.164965900000001e-07,0.0,0.6764197590000001,-4.376822102853837e-15,3.999999997569316e-13,0.0
28_28_Central_Atlantic_(1950),SM,0.09,6,0.00010813669999999998,0.00239908993,6.988740116756793e-06,0.00010114795916850798,0.00047981798599999997,0.00181113509,0.0,0.0,0.0,Yellowfin,0.0,0.0,0.0,0.0,0.0,0.06462875999999995,7.147352100358301e-13,1.5400000003516767e-10,0.0
28_28_Central_Atlantic_(1950),SM,0.09,5,0.00249640599,0.06401040999999999,0.0005785155030430785,0.0018764072325,0.012802082,0.048711922,4.5586e-05,0.0,0.0,Pelagic sharks,0.0,4.10274e-06,4.148326e-05,4.148326e-05,0.0,0.24835654135728147,-5.543078582942451e-12,9.999993888509806e-12,0.0
28_28_Central_Atlantic_(1950),SM,0.09,4,9.79823604992e-06,0.00919899290843,5.857542543244573e-06,3.940693277589222e-06,0.0018397985816859998,0.00734939566,0.0,0.0,0.0,Seabirds,0.0,0.0,0.0,0.0,0.0,0.59781605,2.290862049619249e-13,4.3069408022650135e-10,0.0
28_28_Central_Atlantic_(1950),SM,0.09,3,1.796872e-05,0.007911342611788,5.217438443244573e-06,1.275128168977432e-05,0.0015822685223576003,0.00631110556,0.0,0.0,0.0,Beaked whales,0.0,0.0,0.0,0.0,0.0,0.29036226900000006,-1.330188909053672e-13,-1.9056960089830488e-10,0.0
28_28_Central_Atlantic_(1950),SM,0.09,2,0.00156,0.52174383222,0.0008372185599812127,0.0007227814573199999,0.104348766444,0.415835053,0.0,0.0,0.0,Toothed whales,0.0,0.0,0.0,0.0,0.0,0.536678553,-1.730121276279084e-11,1.2775999980174646e-08,0.0
28_28_Central_Atlantic_(1950),SM,0.09,1,0.0008256798,0.1814176815802857,0.0005485316108812128,0.0002771482068003528,0.036283536316057144,0.144308478,0.0,0.0,0.0,Baleen whales,0.0,0.0,0.0,0.0,0.0,0.664339364,-1.76815656300483e-11,-1.2535771448662913e-08,0.0
28_28_Central_Atlantic_(1950),SE,0.09,39,-0.0,-0.0,0.0,0.0,0.0,0.0,0.0,0.0,0.0,diet_import,0.0,0.0,0.0,0.0,0.0,,-0.0,0.0,0.0
28_28_Central_Atlantic_(1950),SE,0.09,38,2777.8730180352595,2777.8730180352595,2718.2345000401283,0.0,0.0,0.0,0.0,59.638517995131224,0.0,Detritus,0.0,0.0,0.0,0.0,0.0,1.0,0.0,0.0,0.0
28_28_Central_Atlantic_(1950),SE,0.09,37,2964.2448555,2964.2448555,2304.4126302796485,659.8320120997337,0.0,0.0,0.0,0.0,0.0,Phytoplankton,0.0,0.0,0.0,0.0,0.0,0.777403,0.00021312061790013104,0.0,0.0
28_28_Central_Atlantic_(1950),SE,0.09,36,51.606198899999995,172.02066299999998,3.473465040262137,48.13273376183184,34.4041326,86.01033,0.0,0.0,0.0,Lg. Zoop. deep,0.0,0.0,0.0,0.0,0.0,0.06730712999999999,9.790602462089737e-08,1.499999996212864e-06,0.0
28_28_Central_Atlantic_(1950),SE,0.09,35,326.25349455,1088.1402679500002,136.65760187059252,189.59589687002213,217.62805359000004,544.2587,0.0,0.0,0.0,Sm. Zoop. deep,0.0,0.0,0.0,0.0,0.0,0.41886937599999996,-4.1906146179826465e-06,1.9810000139841577e-05,0.0
28_28_Central_Atlantic_(1950),SE,0.09,34,152.83878554999998,509.4626185,24.764043988060063,128.07474125496339,101.89252370000001,254.731323,0.0,0.0,0.0,Lg. Zoop. shlw,0.0,0.0,0.0,0.0,0.0,0.162027225,3.069765455165907e-07,-1.3749999965284587e-05,0.0
28_28_Central_Atlantic_(1950),SE,0.09,33,1141.8,3808.2000000000003,810.8210994383843,330.97876575719994,761.6400000000001,1904.76,0.0,0.0,0.0,Sm. Zoop. shlw,0.0,0.0,0.0,0.0,0.0,0.710125446,0.00013480441566571244,4.547473508864641e-13,0.0
28_28_Central_Atlantic_(1950),SE,0.09,32,415.91835,563.5749999999999,259.56446880550004,156.35385617274002,112.71499999999999,34.941597,0.0,0.0,0.0,Het. bacteria,0.0,0.0,0.0,0.0,0.0,0.6240755999999998,2.502175988183808e-05,5.2999999965663847e-05,0.0
28_28_Central_Atlantic_(1950),SE,0.09,31,0.43340000000000006,2.6398,0.041626123427598485,0.39177388030000004,0.5279600000000001,1.67843986,0.0,0.0,0.0,Megabenthos,0.0,0.0,0.0,0.0,0.0,0.0960455,-3.72759845213011e-09,1.3999999981528788e-07,0.0
28_28_Central_Atlantic_(1950),SE,0.09,30,0.369,3.6346499999999997,0.09863466851516114,0.270365328792,0.72693,2.53872,0.0,0.0,0.0,Macrobenthos,0.0,0.0,0.0,0.0,0.0,0.26730263200000004,2.6928388408009596e-09,0.0,0.0
28_28_Central_Atlantic_(1950),SE,0.09,29,2.214,22.287599999999998,0.5448121363030838,1.6691878621979999,4.45752,15.6160793,0.0,0.0,0.0,Meiobenthos,0.0,0.0,0.0,0.0,0.0,0.24607594300000002,1.4989161023493125e-09,6.99999999298484e-07,0.0
28_28_Central_Atlantic_(1950),SE,0.09,28,0.012723003955,0.02544600791,0.011450702967616381,0.0012723003954999996,0.005089201582,0.007633802,0.0,0.0,0.0,Benth. ceph.,0.0,0.0,0.0,0.0,0.0,0.9,5.918836185059284e-10,3.729999989432464e-10,0.0
28_28_Central_Atlantic_(1950),SE,0.09,27,0.5644206439999999,4.47855511,0.507978562200084,0.05644206439999998,0.8957110220000001,3.01842356,0.0,0.0,0.0,Lg Squids,0.0,0.0,0.0,0.0,0.0,0.9,1.739991595250956e-08,-1.1599999982792042e-07,0.0
28_28_Central_Atlantic_(1950),SE,0.09,26,1.9626521827999999,15.573218407,1.766386893631383,0.19626521827999993,3.1146436814000005,10.4959221,0.0,0.0,0.0,Sm Squids,0.0,0.0,0.0,0.0,0.0,0.9,7.08886169764611e-08,4.428000011102995e-07,0.0
28_28_Central_Atlantic_(1950),SE,0.09,25,0.029511966558754574,0.05365811909218538,0.028247997140988634,0.001263969107687661,0.010731623818437078,0.01341453,0.0,0.0,0.0,Lg. Bathyd. abs,0.0,0.0,0.0,0.0,0.0,0.957170963,3.100782790255163e-10,-1.2850062697938869e-09,0.0
28_28_Central_Atlantic_(1950),SE,0.09,24,0.032007212730000005,0.0581949347850468,0.03092652416753671,0.0010806897702190206,0.011638986957009361,0.014548731,0.0,0.0,0.0,Sm. Bathyd. abs,0.0,0.0,0.0,0.0,0.0,0.966236055,-1.207755728760418e-09,4.098037435437685e-09,0.0
28_28_Central_Atlantic_(1950),SE,0.09,23,0.0030136304000000004,0.00547932783219558,0.0019225564713861983,0.00102711515654528,0.001095865566439116,0.00136983185,6.39589e-05,0.0,0.0,Lg. Bathyd. slp,5.756301e-06,5.756301e-06,5.8202598999999995e-05,5.8202598999999995e-05,0.0,0.6591768,-1.2793147834491703e-10,1.5756463408317378e-11,0.0
28_28_Central_Atlantic_(1950),SE,0.09,22,0.005653607665707449,0.010279287244467,0.004260451747794523,0.0012050065457042862,0.0020558574488934002,0.00256982166,0.000188149,0.0,0.0,Sm. Bathyd. slp,1.693341e-05,1.693341e-05,0.00017121559,0.00017121559,0.0,0.7868606,3.7220863977754926e-10,4.69866151195375e-10,0.0
28_28_Central_Atlantic_(1950),SE,0.09,21,0.006341536224000001,0.011508713888,0.005009813921588745,0.0013317226070399999,0.0023017427776000003,0.00286543486,0.0,0.0,0.0,Lg. Bathyp. fish,0.0,0.0,0.0,0.0,0.0,0.79,-3.046287441049733e-10,2.6399998940412894e-11,0.0
28_28_Central_Atlantic_(1950),SE,0.09,20,0.013441102436,0.020515366876,0.012096991849560989,0.0013441102435999997,0.0041030733752,0.00297118956,0.0,0.0,0.0,Md. Bathyp.fish,0.0,0.0,0.0,0.0,0.0,0.9,3.428390106530177e-10,1.5047999985841332e-09,0.0
28_28_Central_Atlantic_(1950),SE,0.09,19,0.06545771003200002,0.22973138617000002,0.05891193573953475,0.0065457710032,0.04594627723400001,0.118327409,0.0,0.0,0.0,Sm. Bathyp. fish,0.0,0.0,0.0,0.0,0.0,0.9,3.2892652629401553e-09,-1.0095999994352844e-08,0.0
28_28_Central_Atlantic_(1950),SE,0.09,18,12.22519406327412,59.3828355,3.573220730157866,8.651973314709084,11.8765671,35.2810745,0.0,0.0,0.0,Sm. Meso fish,0.0,0.0,0.0,0.0,0.0,0.292283356,1.8407170898626646e-08,-1.6327412311056833e-07,0.0
28_28_Central_Atlantic_(1950),SE,0.09,17,0.0003348901755,0.0079257341535,0.00030140115666829864,3.348901755e-05,0.0015851468307,0.006005697,0.0,0.0,0.0,Lg. Meso fish,0.0,0.0,0.0,0.0,0.0,0.9,1.2817013617973105e-12,1.4729999945478633e-10,0.0
28_28_Central_Atlantic_(1950),SE,0.09,16,2.418293435320515,14.779333033030326,2.1764249584475417,0.24182934353205143,2.9558666066060653,9.405173,3.90985e-05,0.0,0.0,Sm. Epi. fish,3.5188649999999996e-06,3.5188649999999996e-06,3.5579635e-05,3.5579635e-05,0.0,0.9,3.4840922147338915e-08,-8.896252623458167e-09,0.0
28_28_Central_Atlantic_(1950),SE,0.09,15,0.1059599016,0.7525932498796599,0.09523928587084607,0.010595990159999997,0.150518649975932,0.496114731,0.000124629,0.0,0.0,Md. Epi. fish,1.121661e-05,1.121661e-05,0.00011341238999999999,0.00011341238999999999,0.0,0.9,-3.4308460655774198e-09,-3.2696272078691635e-08,0.0
28_28_Central_Atlantic_(1950),SE,0.09,14,0.00984495897,0.12697145868897,0.007685239049978655,0.0018705422042999994,0.025394291737794002,0.091732204,0.000289178,0.0,0.0,Lg. Epi. fish,2.602602e-05,2.602602e-05,0.00026315198000000003,0.00026315198000000003,0.0,0.81,-2.8427865443603206e-10,3.981175999978603e-09,0.0
28_28_Central_Atlantic_(1950),SE,0.09,13,0.00064010414496,0.010287388044000001,6.401041000000001e-05,0.000576093730464,0.0020574776088000003,0.00758980634,0.0,0.0,0.0,Lg. Plank. fish,0.0,0.0,0.0,0.0,0.0,0.09999999999999998,4.496000034943937e-12,-4.9759998205223255e-11,0.0
28_28_Central_Atlantic_(1950),SE,0.09,12,2.1336802558309998e-05,0.00021225354904839998,6.401041000000001e-07,2.0696698481560696e-05,4.245070980968e-05,0.000148466032,0.0,0.0,0.0,Billfishes,0.0,0.0,0.0,0.0,0.0,0.030000000000000027,-2.3250698648292698e-14,4.680409976687977e-12,0.0
28_28_Central_Atlantic_(1950),SE,0.09,11,0.00032651159999999997,0.004353488,6.401041000000001e-07,0.00032587149593018877,0.0008706976,0.00315627875,0.0,0.0,0.0,Swordfish,0.0,0.0,0.0,0.0,0.0,0.0019604328600000276,-3.0188796341229507e-14,5.000000023389073e-11,0.0
28_28_Central_Atlantic_(1950),SE,0.09,10,0.01072980688,0.46030871515199995,0.0017776866754339626,0.008952120234131998,0.09206174303039999,0.357517153,0.0,0.0,0.0,Bigeye,0.0,0.0,0.0,0.0,0.0,0.16567741300000005,-2.9565960790733925e-11,1.2241599955942206e-08,0.0
28_28_Central_Atlantic_(1950),SE,0.09,9,0.0002486316,0.0059671584,9.575327449622515e-05,0.00015287832471324,0.00119343168,0.004525095,0.0,0.0,0.0,Albacore,0.0,0.0,0.0,0.0,0.0,0.3851211,7.90534846785429e-13,1.200000003878654e-10,0.0
28_28_Central_Atlantic_(1950),SE,0.09,8,0.00804781642,0.15322104854,0.001044242037497828,0.007003574237715865,0.030644209707999998,0.114529014,0.0,0.0,0.0,Skipjack,0.0,0.0,0.0,0.0,0.0,0.12975472199999993,1.4478630620817778e-10,8.411999999347053e-09,0.0
28_28_Central_Atlantic_(1950),SE,0.09,7,2.1533975999999998e-06,3.588996e-05,6.401041000000001e-07,6.160445043768214e-07,7.177992e-06,2.655857e-05,8.97249e-07,0.0,0.0,Bluefin,8.075241e-08,8.075241e-08,8.164965900000001e-07,8.164965900000001e-07,0.0,0.713919759,-4.376822102853837e-15,3.999999997569316e-13,0.0
28_28_Central_Atlantic_(1950),SE,0.09,6,0.00010813669999999998,0.00239908993,6.988740116756793e-06,0.00010114795916850798,0.00047981798599999997,0.00181113509,0.0,0.0,0.0,Yellowfin,0.0,0.0,0.0,0.0,0.0,0.06462875999999995,7.147352100358301e-13,1.5400000003516767e-10,0.0
28_28_Central_Atlantic_(1950),SE,0.09,5,0.00249640599,0.06401040999999999,0.0005785155030430785,0.0018723044925,0.012802082,0.048711922,4.5586e-05,0.0,0.0,Pelagic sharks,4.10274e-06,4.10274e-06,4.148326e-05,4.148326e-05,0.0,0.25,-5.543078149261582e-12,9.999993888509806e-12,0.0
28_28_Central_Atlantic_(1950),SE,0.09,4,9.79823604992e-06,0.00919899290843,5.857542543244573e-06,3.940693277589222e-06,0.0018397985816859998,0.00734939566,0.0,0.0,0.0,Seabirds,0.0,0.0,0.0,0.0,0.0,0.59781605,2.290862049619249e-13,4.3069408022650135e-10,0.0
28_28_Central_Atlantic_(1950),SE,0.09,3,1.796872e-05,0.007911342611788,5.217438443244573e-06,1.275128168977432e-05,0.0015822685223576003,0.00631110556,0.0,0.0,0.0,Beaked whales,0.0,0.0,0.0,0.0,0.0,0.29036226900000006,-1.330188909053672e-13,-1.9056960089830488e-10,0.0
28_28_Central_Atlantic_(1950),SE,0.09,2,0.00156,0.52174383222,0.0008372185599812127,0.0007227814573199999,0.104348766444,0.415835053,0.0,0.0,0.0,Toothed whales,0.0,0.0,0.0,0.0,0.0,0.536678553,-1.730121276279084e-11,1.2775999980174646e-08,0.0
28_28_Central_Atlantic_(1950),SE,0.09,1,0.0008256798,0.1814176815802857,0.0005485316108812128,0.0002771482068003528,0.036283536316057144,0.144308478,0.0,0.0,0.0,Baleen whales,0.0,0.0,0.0,0.0,0.0,0.664339364,-1.76815656300483e-11,-1.2535771448662913e-08,0.0
28_28_Central_Atlantic_(1950),SC,0.1,39,-0.0,-0.0,0.0,0.0,0.0,0.0,0.0,0.0,0.0,diet_import,0.0,0.0,0.0,0.0,0.0,,-0.0,0.0,0.0
28_28_Central_Atlantic_(1950),SC,0.1,38,2777.8730180352595,2777.8730180352595,2718.2345000401283,0.0,0.0,0.0,0.0,59.638517995131224,0.0,Detritus,0.0,0.0,0.0,0.0,0.0,1.0,0.0,0.0,0.0
28_28_Central_Atlantic_(1950),SC,0.1,37,2964.2448555,2964.2448555,2304.4126302796485,659.8320120997337,0.0,0.0,0.0,0.0,0.0,Phytoplankton,0.0,0.0,0.0,0.0,0.0,0.777403,0.00021312061790013104,0.0,0.0
28_28_Central_Atlantic_(1950),SC,0.1,36,51.606198899999995,172.02066299999998,3.473465040262137,48.13273376183184,34.4041326,86.01033,0.0,0.0,0.0,Lg. Zoop. deep,0.0,0.0,0.0,0.0,0.0,0.06730712999999999,9.790602462089737e-08,1.499999996212864e-06,0.0
28_28_Central_Atlantic_(1950),SC,0.1,35,326.25349455,1088.1402679500002,136.65760187059252,189.59589687002213,217.62805359000004,544.2587,0.0,0.0,0.0,Sm. Zoop. deep,0.0,0.0,0.0,0.0,0.0,0.41886937599999996,-4.1906146179826465e-06,1.9810000139841577e-05,0.0
28_28_Central_Atlantic_(1950),SC,0.1,34,152.83878554999998,509.4626185,24.764043988060063,128.07474125496339,101.89252370000001,254.731323,0.0,0.0,0.0,Lg. Zoop. shlw,0.0,0.0,0.0,0.0,0.0,0.162027225,3.069765455165907e-07,-1.3749999965284587e-05,0.0
28_28_Central_Atlantic_(1950),SC,0.1,33,1141.8,3808.2000000000003,810.8210994383843,330.97876575719994,761.6400000000001,1904.76,0.0,0.0,0.0,Sm. Zoop. shlw,0.0,0.0,0.0,0.0,0.0,0.710125446,0.00013480441566571244,4.547473508864641e-13,0.0
28_28_Central_Atlantic_(1950),SC,0.1,32,415.91835,563.5749999999999,259.56446880550004,156.35385617274002,112.71499999999999,34.941597,0.0,0.0,0.0,Het. bacteria,0.0,0.0,0.0,0.0,0.0,0.6240755999999998,2.502175988183808e-05,5.2999999965663847e-05,0.0
28_28_Central_Atlantic_(1950),SC,0.1,31,0.43340000000000006,2.6398,0.041626123427598485,0.39177388030000004,0.5279600000000001,1.67843986,0.0,0.0,0.0,Megabenthos,0.0,0.0,0.0,0.0,0.0,0.0960455,-3.72759845213011e-09,1.3999999981528788e-07,0.0
28_28_Central_Atlantic_(1950),SC,0.1,30,0.369,3.6346499999999997,0.09863466851516114,0.270365328792,0.72693,2.53872,0.0,0.0,0.0,Macrobenthos,0.0,0.0,0.0,0.0,0.0,0.26730263200000004,2.6928388408009596e-09,0.0,0.0
28_28_Central_Atlantic_(1950),SC,0.1,29,2.214,22.287599999999998,0.5448121363030838,1.6691878621979999,4.45752,15.6160793,0.0,0.0,0.0,Meiobenthos,0.0,0.0,0.0,0.0,0.0,0.24607594300000002,1.4989161023493125e-09,6.99999999298484e-07,0.0
28_28_Central_Atlantic_(1950),SC,0.1,28,0.012723003955,0.02544600791,0.011450702967616381,0.0012723003954999996,0.005089201582,0.007633802,0.0,0.0,0.0,Benth. ceph.,0.0,0.0,0.0,0.0,0.0,0.9,5.918836185059284e-10,3.729999989432464e-10,0.0
28_28_Central_Atlantic_(1950),SC,0.1,27,0.5644206439999999,4.47855511,0.507978562200084,0.05644206439999998,0.8957110220000001,3.01842356,0.0,0.0,0.0,Lg Squids,0.0,0.0,0.0,0.0,0.0,0.9,1.739991595250956e-08,-1.1599999982792042e-07,0.0
28_28_Central_Atlantic_(1950),SC,0.1,26,1.9626521827999999,15.573218407,1.766386893631383,0.19626521827999993,3.1146436814000005,10.4959221,0.0,0.0,0.0,Sm Squids,0.0,0.0,0.0,0.0,0.0,0.9,7.08886169764611e-08,4.428000011102995e-07,0.0
28_28_Central_Atlantic_(1950),SC,0.1,25,0.029511966558754574,0.05365811909218538,0.028247997140988634,0.001263969107687661,0.010731623818437078,0.01341453,0.0,0.0,0.0,Lg. Bathyd. abs,0.0,0.0,0.0,0.0,0.0,0.957170963,3.100782790255163e-10,-1.2850062697938869e-09,0.0
28_28_Central_Atlantic_(1950),SC,0.1,24,0.032007212730000005,0.0581949347850468,0.03092652416753671,0.0010806897702190206,0.011638986957009361,0.014548731,0.0,0.0,0.0,Sm. Bathyd. abs,0.0,0.0,0.0,0.0,0.0,0.966236055,-1.207755728760418e-09,4.098037435437685e-09,0.0
28_28_Central_Atlantic_(1950),SC,0.1,23,0.0030136304000000004,0.00547932783219558,0.0019225564713861983,0.00102711515654528,0.001095865566439116,0.00136983185,6.39589e-05,0.0,0.0,Lg. Bathyd. slp,0.0,6.39589e-06,5.756301e-05,6.39589e-05,0.0,0.6591768,-1.2793147834491703e-10,1.5756463408317378e-11,0.0
28_28_Central_Atlantic_(1950),SC,0.1,22,0.005653607665707449,0.010279287244467,0.004260451747794523,0.0012050065457042862,0.0020558574488934002,0.00256982166,0.000188149,0.0,0.0,Sm. Bathyd. slp,0.0,1.8814900000000002e-05,0.0001693341,0.000188149,0.0,0.7868606,3.7220863977754926e-10,4.69866151195375e-10,0.0
28_28_Central_Atlantic_(1950),SC,0.1,21,0.006341536224000001,0.011508713888,0.005009813921588745,0.0013317226070399999,0.0023017427776000003,0.00286543486,0.0,0.0,0.0,Lg. Bathyp. fish,0.0,0.0,0.0,0.0,0.0,0.79,-3.046287441049733e-10,2.6399998940412894e-11,0.0
28_28_Central_Atlantic_(1950),SC,0.1,20,0.013441102436,0.020515366876,0.012096991849560989,0.0013441102435999997,0.0041030733752,0.00297118956,0.0,0.0,0.0,Md. Bathyp.fish,0.0,0.0,0.0,0.0,0.0,0.9,3.428390106530177e-10,1.5047999985841332e-09,0.0
28_28_Central_Atlantic_(1950),SC,0.1,19,0.06545771003200002,0.22973138617000002,0.05891193573953475,0.0065457710032,0.04594627723400001,0.118327409,0.0,0.0,0.0,Sm. Bathyp. fish,0.0,0.0,0.0,0.0,0.0,0.9,3.2892652629401553e-09,-1.0095999994352844e-08,0.0
28_28_Central_Atlantic_(1950),SC,0.1,18,12.22519406327412,59.3828355,3.573220730157866,8.651973314709084,11.8765671,35.2810745,0.0,0.0,0.0,Sm. Meso fish,0.0,0.0,0.0,0.0,0.0,0.292283356,1.8407170898626646e-08,-1.6327412311056833e-07,0.0
28_28_Central_Atlantic_(1950),SC,0.1,17,0.0003348901755,0.0079257341535,0.00030140115666829864,3.348901755e-05,0.0015851468307,0.006005697,0.0,0.0,0.0,Lg. Meso fish,0.0,0.0,0.0,0.0,0.0,0.9,1.2817013617973105e-12,1.4729999945478633e-10,0.0
28_28_Central_Atlantic_(1950),SC,0.1,16,2.418293435320515,14.779333033030326,2.1764249584475417,0.24182934353205143,2.9558666066060653,9.405173,3.90985e-05,0.0,0.0,Sm. Epi. fish,0.0,3.90985e-06,3.518865e-05,3.90985e-05,0.0,0.9,3.4840922147338915e-08,-8.896252623458167e-09,0.0
28_28_Central_Atlantic_(1950),SC,0.1,15,0.1059599016,0.7525932498796599,0.09523928587084607,0.010595990159999997,0.150518649975932,0.496114731,0.000124629,0.0,0.0,Md. Epi. fish,0.0,1.2462899999999999e-05,0.00011216609999999999,0.000124629,0.0,0.9,-3.4308460655774198e-09,-3.2696272078691635e-08,0.0
28_28_Central_Atlantic_(1950),SC,0.1,14,0.00984495897,0.12697145868897,0.007685239049978655,0.0018705422042999994,0.025394291737794002,0.091732204,0.000289178,0.0,0.0,Lg. Epi. fish,0.0,2.8917800000000003e-05,0.0002602602,0.000289178,0.0,0.81,-2.8427865443603206e-10,3.981175999978603e-09,0.0
28_28_Central_Atlantic_(1950),SC,0.1,13,0.00064010414496,0.010287388044000001,6.401041000000001e-05,0.000576093730464,0.0020574776088000003,0.00758980634,0.0,0.0,0.0,Lg. Plank. fish,0.0,0.0,0.0,0.0,0.0,0.09999999999999998,4.496000034943937e-12,-4.9759998205223255e-11,0.0
28_28_Central_Atlantic_(1950),SC,0.1,12,2.1336802558309998e-05,0.00021225354904839998,6.401041000000001e-07,2.0696698481560696e-05,4.245070980968e-05,0.000148466032,0.0,0.0,0.0,Billfishes,0.0,0.0,0.0,0.0,0.0,0.030000000000000027,-2.3250698648292698e-14,4.680409976687977e-12,0.0
28_28_Central_Atlantic_(1950),SC,0.1,11,0.00032651159999999997,0.004353488,6.401041000000001e-07,0.00032587149593018877,0.0008706976,0.00315627875,0.0,0.0,0.0,Swordfish,0.0,0.0,0.0,0.0,0.0,0.0019604328600000276,-3.0188796341229507e-14,5.000000023389073e-11,0.0
28_28_Central_Atlantic_(1950),SC,0.1,10,0.01072980688,0.46030871515199995,0.0017776866754339626,0.008952120234131998,0.09206174303039999,0.357517153,0.0,0.0,0.0,Bigeye,0.0,0.0,0.0,0.0,0.0,0.16567741300000005,-2.9565960790733925e-11,1.2241599955942206e-08,0.0
28_28_Central_Atlantic_(1950),SC,0.1,9,0.0002486316,0.0059671584,9.575327449622515e-05,0.00015287832471324,0.00119343168,0.004525095,0.0,0.0,0.0,Albacore,0.0,0.0,0.0,0.0,0.0,0.3851211,7.90534846785429e-13,1.200000003878654e-10,0.0
28_28_Central_Atlantic_(1950),SC,0.1,8,0.00804781642,0.15322104854,0.001044242037497828,0.007003574237715865,0.030644209707999998,0.114529014,0.0,0.0,0.0,Skipjack,0.0,0.0,0.0,0.0,0.0,0.12975472199999993,1.4478630620817778e-10,8.411999999347053e-09,0.0
28_28_Central_Atlantic_(1950),SC,0.1,7,2.1533975999999998e-06,3.588996e-05,6.401041000000001e-07,6.160445043768214e-07,7.177992e-06,2.655857e-05,8.97249e-07,0.0,0.0,Bluefin,0.0,8.972490000000001e-08,8.075241000000001e-07,8.97249e-07,0.0,0.713919759,-4.376821679337364e-15,3.999999997569316e-13,0.0
28_28_Central_Atlantic_(1950),SC,0.1,6,0.00010813669999999998,0.00239908993,6.988740116756793e-06,0.00010114795916850798,0.00047981798599999997,0.00181113509,0.0,0.0,0.0,Yellowfin,0.0,0.0,0.0,0.0,0.0,0.06462875999999995,7.147352100358301e-13,1.5400000003516767e-10,0.0
28_28_Central_Atlantic_(1950),SC,0.1,5,0.00249640599,0.06401040999999999,0.0005785155030430785,0.0018723044925,0.012802082,0.048711922,4.5586e-05,0.0,0.0,Pelagic sharks,0.0,4.5586e-06,4.10274e-05,4.5586e-05,0.0,0.25,-5.543078149261582e-12,9.999993888509806e-12,0.0
28_28_Central_Atlantic_(1950),SC,0.1,4,9.79823604992e-06,0.00919899290843,5.857542543244573e-06,3.940693277589222e-06,0.0018397985816859998,0.00734939566,0.0,0.0,0.0,Seabirds,0.0,0.0,0.0,0.0,0.0,0.59781605,2.290862049619249e-13,4.3069408022650135e-10,0.0
28_28_Central_Atlantic_(1950),SC,0.1,3,1.796872e-05,0.007911342611788,5.217438443244573e-06,1.275128168977432e-05,0.0015822685223576003,0.00631110556,0.0,0.0,0.0,Beaked whales,0.0,0.0,0.0,0.0,0.0,0.29036226900000006,-1.330188909053672e-13,-1.9056960089830488e-10,0.0
28_28_Central_Atlantic_(1950),SC,0.1,2,0.00156,0.52174383222,0.0008372185599812127,0.0007227814573199999,0.104348766444,0.415835053,0.0,0.0,0.0,Toothed whales,0.0,0.0,0.0,0.0,0.0,0.536678553,-1.730121276279084e-11,1.2775999980174646e-08,0.0
28_28_Central_Atlantic_(1950),SC,0.1,1,0.0008256798,0.1814176815802857,0.0005485316108812128,0.0002771482068003528,0.036283536316057144,0.144308478,0.0,0.0,0.0,Baleen whales,0.0,0.0,0.0,0.0,0.0,0.664339364,-1.76815656300483e-11,-1.2535771448662913e-08,0.0
28_28_Central_Atlantic_(1950),SM,0.1,39,-0.0,-0.0,0.0,0.0,0.0,0.0,0.0,0.0,0.0,diet_import,0.0,0.0,0.0,0.0,0.0,,-0.0,0.0,0.0
28_28_Central_Atlantic_(1950),SM,0.1,38,2777.873093184924,2777.873093184924,2718.2345000401283,0.0,0.0,0.0,0.0,59.63859314479578,0.0,Detritus,0.0,0.0,0.0,0.0,0.0,1.0,0.0,0.0,0.0
28_28_Central_Atlantic_(1950),SM,0.1,37,2964.2448555,2964.2448555,2304.4126302796485,659.8320120997337,0.0,0.0,0.0,0.0,0.0,Phytoplankton,0.0,0.0,0.0,0.0,0.0,0.777403,0.00021312061790013104,0.0,0.0
28_28_Central_Atlantic_(1950),SM,0.1,36,51.606198899999995,172.02066299999998,3.473465040262137,48.13273376183184,34.4041326,86.01033,0.0,0.0,0.0,Lg. Zoop. deep,0.0,0.0,0.0,0.0,0.0,0.06730712999999999,9.790602462089737e-08,1.499999996212864e-06,0.0
28_28_Central_Atlantic_(1950),SM,0.1,35,326.25349455,1088.1402679500002,136.65760187059252,189.59589687002213,217.62805359000004,544.2587,0.0,0.0,0.0,Sm. Zoop. deep,0.0,0.0,0.0,0.0,0.0,0.41886937599999996,-4.1906146179826465e-06,1.9810000139841577e-05,0.0
28_28_Central_Atlantic_(1950),SM,0.1,34,152.83878554999998,509.4626185,24.764043988060063,128.07474125496339,101.89252370000001,254.731323,0.0,0.0,0.0,Lg. Zoop. shlw,0.0,0.0,0.0,0.0,0.0,0.162027225,3.069765455165907e-07,-1.3749999965284587e-05,0.0
28_28_Central_Atlantic_(1950),SM,0.1,33,1141.8,3808.2000000000003,810.8210994383843,330.97876575719994,761.6400000000001,1904.76,0.0,0.0,0.0,Sm. Zoop. shlw,0.0,0.0,0.0,0.0,0.0,0.710125446,0.00013480441566571244,4.547473508864641e-13,0.0
28_28_Central_Atlantic_(1950),SM,0.1,32,415.91835,563.5749999999999,259.56446880550004,156.35385617274002,112.71499999999999,34.941597,0.0,0.0,0.0,Het. bacteria,0.0,0.0,0.0,0.0,0.0,0.6240755999999998,2.502175988183808e-05,5.2999999965663847e-05,0.0
28_28_Central_Atlantic_(1950),SM,0.1,31,0.43340000000000006,2.6398,0.041626123427598485,0.39177388030000004,0.5279600000000001,1.67843986,0.0,0.0,0.0,Megabenthos,0.0,0.0,0.0,0.0,0.0,0.0960455,-3.72759845213011e-09,1.3999999981528788e-07,0.0
28_28_Central_Atlantic_(1950),SM,0.1,30,0.369,3.6346499999999997,0.09863466851516114,0.270365328792,0.72693,2.53872,0.0,0.0,0.0,Macrobenthos,0.0,0.0,0.0,0.0,0.0,0.26730263200000004,2.6928388408009596e-09,0.0,0.0
28_28_Central_Atlantic_(1950),SM,0.1,29,2.214,22.287599999999998,0.5448121363030838,1.6691878621979999,4.45752,15.6160793,0.0,0.0,0.0,Meiobenthos,0.0,0.0,0.0,0.0,0.0,0.24607594300000002,1.4989161023493125e-09,6.99999999298484e-07,0.0
28_28_Central_Atlantic_(1950),SM,0.1,28,0.012723003955,0.02544600791,0.011450702967616381,0.0012723003954999996,0.005089201582,0.007633802,0.0,0.0,0.0,Benth. ceph.,0.0,0.0,0.0,0.0,0.0,0.9,5.918836185059284e-10,3.729999989432464e-10,0.0
28_28_Central_Atlantic_(1950),SM,0.1,27,0.5644206439999999,4.47855511,0.507978562200084,0.05644206439999998,0.8957110220000001,3.01842356,0.0,0.0,0.0,Lg Squids,0.0,0.0,0.0,0.0,0.0,0.9,1.739991595250956e-08,-1.1599999982792042e-07,0.0
28_28_Central_Atlantic_(1950),SM,0.1,26,1.9626521827999999,15.573218407,1.766386893631383,0.19626521827999993,3.1146436814000005,10.4959221,0.0,0.0,0.0,Sm Squids,0.0,0.0,0.0,0.0,0.0,0.9,7.08886169764611e-08,4.428000011102995e-07,0.0
28_28_Central_Atlantic_(1950),SM,0.1,25,0.029511966558754574,0.05365811909218538,0.028247997140988634,0.001263969107687661,0.010731623818437078,0.01341453,0.0,0.0,0.0,Lg. Bathyd. abs,0.0,0.0,0.0,0.0,0.0,0.957170963,3.100782790255163e-10,-1.2850062697938869e-09,0.0
28_28_Central_Atlantic_(1950),SM,0.1,24,0.032007212730000005,0.0581949347850468,0.03092652416753671,0.0010806897702190206,0.011638986957009361,0.014548731,0.0,0.0,0.0,Sm. Bathyd. abs,0.0,0.0,0.0,0.0,0.0,0.966236055,-1.207755728760418e-09,4.098037435437685e-09,0.0
28_28_Central_Atlantic_(1950),SM,0.1,23,0.0030136304000000004,0.00547932783219558,0.0019225564713861983,0.0010335110465452802,0.001095865566439116,0.00136983185,6.39589e-05,0.0,0.0,Lg. Bathyd. slp,0.0,6.39589e-06,5.756301e-05,5.756301e-05,0.0,0.6570544793597516,-1.2793147834491703e-10,1.5756463408317378e-11,0.0
28_28_Central_Atlantic_(1950),SM,0.1,22,0.005653607665707449,0.010279287244467,0.004260451747794523,0.0012238214457042861,0.0020558574488934002,0.00256982166,0.000188149,0.0,0.0,Sm. Bathyd. slp,0.0,1.8814900000000002e-05,0.0001693341,0.0001693341,0.0,0.7835326541798251,3.72208640644911e-10,4.69866151195375e-10,0.0
28_28_Central_Atlantic_(1950),SM,0.1,21,0.006341536224000001,0.011508713888,0.005009813921588745,0.0013317226070399999,0.0023017427776000003,0.00286543486,0.0,0.0,0.0,Lg. Bathyp. fish,0.0,0.0,0.0,0.0,0.0,0.79,-3.046287441049733e-10,2.6399998940412894e-11,0.0
28_28_Central_Atlantic_(1950),SM,0.1,20,0.013441102436,0.020515366876,0.012096991849560989,0.0013441102435999997,0.0041030733752,0.00297118956,0.0,0.0,0.0,Md. Bathyp.fish,0.0,0.0,0.0,0.0,0.0,0.9,3.428390106530177e-10,1.5047999985841332e-09,0.0
28_28_Central_Atlantic_(1950),SM,0.1,19,0.06545771003200002,0.22973138617000002,0.05891193573953475,0.0065457710032,0.04594627723400001,0.118327409,0.0,0.0,0.0,Sm. Bathyp. fish,0.0,0.0,0.0,0.0,0.0,0.9,3.2892652629401553e-09,-1.0095999994352844e-08,0.0
28_28_Central_Atlantic_(1950),SM,0.1,18,12.22519406327412,59.3828355,3.573220730157866,8.651973314709084,11.8765671,35.2810745,0.0,0.0,0.0,Sm. Meso fish,0.0,0.0,0.0,0.0,0.0,0.292283356,1.8407170898626646e-08,-1.6327412311056833e-07,0.0
28_28_Central_Atlantic_(1950),SM,0.1,17,0.0003348901755,0.0079257341535,0.00030140115666829864,3.348901755e-05,0.0015851468307,0.006005697,0.0,0.0,0.0,Lg. Meso fish,0.0,0.0,0.0,0.0,0.0,0.9,1.2817013617973105e-12,1.4729999945478633e-10,0.0
28_28_Central_Atlantic_(1950),SM,0.1,16,2.418293435320515,14.779333033030326,2.1764249584475417,0.24183325338205144,2.9558666066060653,9.405173,3.90985e-05,0.0,0.0,Sm. Epi. fish,0.0,3.90985e-06,3.518865e-05,3.518865e-05,0.0,0.8999983832193633,3.4840921703249705e-08,-8.896252623458167e-09,0.0
28_28_Central_Atlantic_(1950),SM,0.1,15,0.1059599016,0.7525932498796599,0.09523928587084607,0.010608453059999997,0.150518649975932,0.496114731,0.000124629,0.0,0.0,Md. Epi. fish,0.0,1.2462899999999999e-05,0.00011216609999999999,0.00011216609999999999,0.0,0.8998823809779756,-3.4308460655774198e-09,-3.2696272078691635e-08,0.0
28_28_Central_Atlantic_(1950),SM,0.1,14,0.00984495897,0.12697145868897,0.007685239049978655,0.0018994600042999995,0.025394291737794002,0.091732204,0.000289178,0.0,0.0,Lg. Epi. fish,0.0,2.8917800000000003e-05,0.0002602602,0.0002602602,0.0,0.8070626794801157,-2.8427865443603206e-10,3.981175999978603e-09,0.0
28_28_Central_Atlantic_(1950),SM,0.1,13,0.00064010414496,0.010287388044000001,6.401041000000001e-05,0.000576093730464,0.0020574776088000003,0.00758980634,0.0,0.0,0.0,Lg. Plank. fish,0.0,0.0,0.0,0.0,0.0,0.09999999999999998,4.496000034943937e-12,-4.9759998205223255e-11,0.0
28_28_Central_Atlantic_(1950),SM,0.1,12,2.1336802558309998e-05,0.00021225354904839998,6.401041000000001e-07,2.0696698481560696e-05,4.245070980968e-05,0.000148466032,0.0,0.0,0.0,Billfishes,0.0,0.0,0.0,0.0,0.0,0.030000000000000027,-2.3250698648292698e-14,4.680409976687977e-12,0.0
28_28_Central_Atlantic_(1950),SM,0.1,11,0.00032651159999999997,0.004353488,6.401041000000001e-07,0.00032587149593018877,0.0008706976,0.00315627875,0.0,0.0,0.0,Swordfish,0.0,0.0,0.0,0.0,0.0,0.0019604328600000276,-3.0188796341229507e-14,5.000000023389073e-11,0.0
28_28_Central_Atlantic_(1950),SM,0.1,10,0.01072980688,0.46030871515199995,0.0017776866754339626,0.008952120234131998,0.09206174303039999,0.357517153,0.0,0.0,0.0,Bigeye,0.0,0.0,0.0,0.0,0.0,0.16567741300000005,-2.9565960790733925e-11,1.2241599955942206e-08,0.0
28_28_Central_Atlantic_(1950),SM,0.1,9,0.0002486316,0.0059671584,9.575327449622515e-05,0.00015287832471324,0.00119343168,0.004525095,0.0,0.0,0.0,Albacore,0.0,0.0,0.0,0.0,0.0,0.3851211,7.90534846785429e-13,1.200000003878654e-10,0.0
28_28_Central_Atlantic_(1950),SM,0.1,8,0.00804781642,0.15322104854,0.001044242037497828,0.007003574237715865,0.030644209707999998,0.114529014,0.0,0.0,0.0,Skipjack,0.0,0.0,0.0,0.0,0.0,0.12975472199999993,1.4478630620817778e-10,8.411999999347053e-09,0.0
28_28_Central_Atlantic_(1950),SM,0.1,7,2.1533975999999998e-06,3.588996e-05,6.401041000000001e-07,7.057694043768214e-07,7.177992e-06,2.655857e-05,8.97249e-07,0.0,0.0,Bluefin,0.0,8.972490000000001e-08,8.075241000000001e-07,8.075241000000001e-07,0.0,0.6722530923333334,-4.376821679337364e-15,3.999999997569316e-13,0.0
28_28_Central_Atlantic_(1950),SM,0.1,6,0.00010813669999999998,0.00239908993,6.988740116756793e-06,0.00010114795916850798,0.00047981798599999997,0.00181113509,0.0,0.0,0.0,Yellowfin,0.0,0.0,0.0,0.0,0.0,0.06462875999999995,7.147352100358301e-13,1.5400000003516767e-10,0.0
28_28_Central_Atlantic_(1950),SM,0.1,5,0.00249640599,0.06401040999999999,0.0005785155030430785,0.0018768630925,0.012802082,0.048711922,4.5586e-05,0.0,0.0,Pelagic sharks,0.0,4.5586e-06,4.10274e-05,4.10274e-05,0.0,0.2481739348414238,-5.543078582942451e-12,9.999993888509806e-12,0.0
28_28_Central_Atlantic_(1950),SM,0.1,4,9.79823604992e-06,0.00919899290843,5.857542543244573e-06,3.940693277589222e-06,0.0018397985816859998,0.00734939566,0.0,0.0,0.0,Seabirds,0.0,0.0,0.0,0.0,0.0,0.59781605,2.290862049619249e-13,4.3069408022650135e-10,0.0
28_28_Central_Atlantic_(1950),SM,0.1,3,1.796872e-05,0.007911342611788,5.217438443244573e-06,1.275128168977432e-05,0.0015822685223576003,0.00631110556,0.0,0.0,0.0,Beaked whales,0.0,0.0,0.0,0.0,0.0,0.29036226900000006,-1.330188909053672e-13,-1.9056960089830488e-10,0.0
28_28_Central_Atlantic_(1950),SM,0.1,2,0.00156,0.52174383222,0.0008372185599812127,0.0007227814573199999,0.104348766444,0.415835053,0.0,0.0,0.0,Toothed whales,0.0,0.0,0.0,0.0,0.0,0.536678553,-1.730121276279084e-11,1.2775999980174646e-08,0.0
28_28_Central_Atlantic_(1950),SM,0.1,1,0.0008256798,0.1814176815802857,0.0005485316108812128,0.0002771482068003528,0.036283536316057144,0.144308478,0.0,0.0,0.0,Baleen whales,0.0,0.0,0.0,0.0,0.0,0.664339364,-1.76815656300483e-11,-1.2535771448662913e-08,0.0
28_28_Central_Atlantic_(1950),SE,0.1,39,-0.0,-0.0,0.0,0.0,0.0,0.0,0.0,0.0,0.0,diet_import,0.0,0.0,0.0,0.0,0.0,,-0.0,0.0,0.0
28_28_Central_Atlantic_(1950),SE,0.1,38,2777.8730180352595,2777.8730180352595,2718.2345000401283,0.0,0.0,0.0,0.0,59.638517995131224,0.0,Detritus,0.0,0.0,0.0,0.0,0.0,1.0,0.0,0.0,0.0
28_28_Central_Atlantic_(1950),SE,0.1,37,2964.2448555,2964.2448555,2304.4126302796485,659.8320120997337,0.0,0.0,0.0,0.0,0.0,Phytoplankton,0.0,0.0,0.0,0.0,0.0,0.777403,0.00021312061790013104,0.0,0.0
28_28_Central_Atlantic_(1950),SE,0.1,36,51.606198899999995,172.02066299999998,3.473465040262137,48.13273376183184,34.4041326,86.01033,0.0,0.0,0.0,Lg. Zoop. deep,0.0,0.0,0.0,0.0,0.0,0.06730712999999999,9.790602462089737e-08,1.499999996212864e-06,0.0
28_28_Central_Atlantic_(1950),SE,0.1,35,326.25349455,1088.1402679500002,136.65760187059252,189.59589687002213,217.62805359000004,544.2587,0.0,0.0,0.0,Sm. Zoop. deep,0.0,0.0,0.0,0.0,0.0,0.41886937599999996,-4.1906146179826465e-06,1.9810000139841577e-05,0.0
28_28_Central_Atlantic_(1950),SE,0.1,34,152.83878554999998,509.4626185,24.764043988060063,128.07474125496339,101.89252370000001,254.731323,0.0,0.0,0.0,Lg. Zoop. shlw,0.0,0.0,0.0,0.0,0.0,0.162027225,3.069765455165907e-07,-1.3749999965284587e-05,0.0
28_28_Central_Atlantic_(1950),SE,0.1,33,1141.8,3808.2000000000003,810.8210994383843,330.97876575719994,761.6400000000001,1904.76,0.0,0.0,0.0,Sm. Zoop. shlw,0.0,0.0,0.0,0.0,0.0,0.710125446,0.00013480441566571244,4.547473508864641e-13,0.0
28_28_Central_Atlantic_(1950),SE,0.1,32,415.91835,563.5749999999999,259.56446880550004,156.35385617274002,112.71499999999999,34.941597,0.0,0.0,0.0,Het. bacteria,0.0,0.0,0.0,0.0,0.0,0.6240755999999998,2.502175988183808e-05,5.2999999965663847e-05,0.0
28_28_Central_Atlantic_(1950),SE,0.1,31,0.43340000000000006,2.6398,0.041626123427598485,0.39177388030000004,0.5279600000000001,1.67843986,0.0,0.0,0.0,Megabenthos,0.0,0.0,0.0,0.0,0.0,0.0960455,-3.72759845213011e-09,1.3999999981528788e-07,0.0
28_28_Central_Atlantic_(1950),SE,0.1,30,0.369,3.6346499999999997,0.09863466851516114,0.270365328792,0.72693,2.53872,0.0,0.0,0.0,Macrobenthos,0.0,0.0,0.0,0.0,0.0,0.26730263200000004,2.6928388408009596e-09,0.0,0.0
28_28_Central_Atlantic_(1950),SE,0.1,29,2.214,22.287599999999998,0.5448121363030838,1.6691878621979999,4.45752,15.6160793,0.0,0.0,0.0,Meiobenthos,0.0,0.0,0.0,0.0,0.0,0.24607594300000002,1.4989161023493125e-09,6.99999999298484e-07,0.0
28_28_Central_Atlantic_(1950),SE,0.1,28,0.012723003955,0.02544600791,0.011450702967616381,0.0012723003954999996,0.005089201582,0.007633802,0.0,0.0,0.0,Benth. ceph.,0.0,0.0,0.0,0.0,0.0,0.9,5.918836185059284e-10,3.729999989432464e-10,0.0
28_28_Central_Atlantic_(1950),SE,0.1,27,0.5644206439999999,4.47855511,0.507978562200084,0.05644206439999998,0.8957110220000001,3.01842356,0.0,0.0,0.0,Lg Squids,0.0,0.0,0.0,0.0,0.0,0.9,1.739991595250956e-08,-1.1599999982792042e-07,0.0
28_28_Central_Atlantic_(1950),SE,0.1,26,1.9626521827999999,15.573218407,1.766386893631383,0.19626521827999993,3.1146436814000005,10.4959221,0.0,0.0,0.0,Sm Squids,0.0,0.0,0.0,0.0,0.0,0.9,7.08886169764611e-08,4.428000011102995e-07,0.0
28_28_Central_Atlantic_(1950),SE,0.1,25,0.029511966558754574,0.05365811909218538,0.028247997140988634,0.001263969107687661,0.010731623818437078,0.01341453,0.0,0.0,0.0,Lg. Bathyd. abs,0.0,0.0,0.0,0.0,0.0,0.957170963,3.100782790255163e-10,-1.2850062697938869e-09,0.0
28_28_Central_Atlantic_(1950),SE,0.1,24,0.032007212730000005,0.0581949347850468,0.03092652416753671,0.0010806897702190206,0.011638986957009361,0.014548731,0.0,0.0,0.0,Sm. Bathyd. abs,0.0,0.0,0.0,0.0,0.0,0.966236055,-1.207755728760418e-09,4.098037435437685e-09,0.0
28_28_Central_Atlantic_(1950),SE,0.1,23,0.0030136304000000004,0.00547932783219558,0.0019225564713861983,0.00102711515654528,0.001095865566439116,0.00136983185,6.39589e-05,0.0,0.0,Lg. Bathyd. slp,6.39589e-06,6.39589e-06,5.756301e-05,5.756301e-05,0.0,0.6591768,-1.2793147834491703e-10,1.5756463408317378e-11,0.0
28_28_Central_Atlantic_(1950),SE,0.1,22,0.005653607665707449,0.010279287244467,0.004260451747794523,0.0012050065457042862,0.0020558574488934002,0.00256982166,0.000188149,0.0,0.0,Sm. Bathyd. slp,1.8814900000000002e-05,1.8814900000000002e-05,0.0001693341,0.0001693341,0.0,0.7868606,3.72208640644911e-10,4.69866151195375e-10,0.0
28_28_Central_Atlantic_(1950),SE,0.1,21,0.006341536224000001,0.011508713888,0.005009813921588745,0.0013317226070399999,0.0023017427776000003,0.00286543486,0.0,0.0,0.0,Lg. Bathyp. fish,0.0,0.0,0.0,0.0,0.0,0.79,-3.046287441049733e-10,2.6399998940412894e-11,0.0
28_28_Central_Atlantic_(1950),SE,0.1,20,0.013441102436,0.020515366876,0.012096991849560989,0.0013441102435999997,0.0041030733752,0.00297118956,0.0,0.0,0.0,Md. Bathyp.fish,0.0,0.0,0.0,0.0,0.0,0.9,3.428390106530177e-10,1.5047999985841332e-09,0.0
28_28_Central_Atlantic_(1950),SE,0.1,19,0.06545771003200002,0.22973138617000002,0.05891193573953475,0.0065457710032,0.04594627723400001,0.118327409,0.0,0.0,0.0,Sm. Bathyp. fish,0.0,0.0,0.0,0.0,0.0,0.9,3.2892652629401553e-09,-1.0095999994352844e-08,0.0
28_28_Central_Atlantic_(1950),SE,0.1,18,12.22519406327412,59.3828355,3.573220730157866,8.651973314709084,11.8765671,35.2810745,0.0,0.0,0.0,Sm. Meso fish,0.0,0.0,0.0,0.0,0.0,0.292283356,1.8407170898626646e-08,-1.6327412311056833e-07,0.0
28_28_Central_Atlantic_(1950),SE,0.1,17,0.0003348901755,0.0079257341535,0.00030140115666829864,3.348901755e-05,0.0015851468307,0.006005697,0.0,0.0,0.0,Lg. Meso fish,0.0,0.0,0.0,0.0,0.0,0.9,1.2817013617973105e-12,1.4729999945478633e-10,0.0
28_28_Central_Atlantic_(1950),SE,0.1,16,2.418293435320515,14.779333033030326,2.1764249584475417,0.24182934353205143,2.9558666066060653,9.405173,3.90985e-05,0.0,0.0,Sm. Epi. fish,3.90985e-06,3.90985e-06,3.518865e-05,3.518865e-05,0.0,0.9,3.4840921703249705e-08,-8.896252623458167e-09,0.0
28_28_Central_Atlantic_(1950),SE,0.1,15,0.1059599016,0.7525932498796599,0.09523928587084607,0.010595990159999997,0.150518649975932,0.496114731,0.000124629,0.0,0.0,Md. Epi. fish,1.2462899999999999e-05,1.2462899999999999e-05,0.00011216609999999999,0.00011216609999999999,0.0,0.9,-3.4308460655774198e-09,-3.2696272078691635e-08,0.0
28_28_Central_Atlantic_(1950),SE,0.1,14,0.00984495897,0.12697145868897,0.007685239049978655,0.0018705422042999994,0.025394291737794002,0.091732204,0.000289178,0.0,0.0,Lg. Epi. fish,2.8917800000000003e-05,2.8917800000000003e-05,0.0002602602,0.0002602602,0.0,0.81,-2.8427865443603206e-10,3.981175999978603e-09,0.0
28_28_Central_Atlantic_(1950),SE,0.1,13,0.00064010414496,0.010287388044000001,6.401041000000001e-05,0.000576093730464,0.0020574776088000003,0.00758980634,0.0,0.0,0.0,Lg. Plank. fish,0.0,0.0,0.0,0.0,0.0,0.09999999999999998,4.496000034943937e-12,-4.9759998205223255e-11,0.0
28_28_Central_Atlantic_(1950),SE,0.1,12,2.1336802558309998e-05,0.00021225354904839998,6.401041000000001e-07,2.0696698481560696e-05,4.245070980968e-05,0.000148466032,0.0,0.0,0.0,Billfishes,0.0,0.0,0.0,0.0,0.0,0.030000000000000027,-2.3250698648292698e-14,4.680409976687977e-12,0.0
28_28_Central_Atlantic_(1950),SE,0.1,11,0.00032651159999999997,0.004353488,6.401041000000001e-07,0.00032587149593018877,0.0008706976,0.00315627875,0.0,0.0,0.0,Swordfish,0.0,0.0,0.0,0.0,0.0,0.0019604328600000276,-3.0188796341229507e-14,5.000000023389073e-11,0.0
28_28_Central_Atlantic_(1950),SE,0.1,10,0.01072980688,0.46030871515199995,0.0017776866754339626,0.008952120234131998,0.09206174303039999,0.357517153,0.0,0.0,0.0,Bigeye,0.0,0.0,0.0,0.0,0.0,0.16567741300000005,-2.9565960790733925e-11,1.2241599955942206e-08,0.0
28_28_Central_Atlantic_(1950),SE,0.1,9,0.0002486316,0.0059671584,9.575327449622515e-05,0.00015287832471324,0.00119343168,0.004525095,0.0,0.0,0.0,Albacore,0.0,0.0,0.0,0.0,0.0,0.3851211,7.90534846785429e-13,1.200000003878654e-10,0.0
28_28_Central_Atlantic_(1950),SE,0.1,8,0.00804781642,0.15322104854,0.001044242037497828,0.007003574237715865,0.030644209707999998,0.114529014,0.0,0.0,0.0,Skipjack,0.0,0.0,0.0,0.0,0.0,0.12975472199999993,1.4478630620817778e-10,8.411999999347053e-09,0.0
28_28_Central_Atlantic_(1950),SE,0.1,7,2.1533975999999998e-06,3.588996e-05,6.401041000000001e-07,6.160445043768214e-07,7.177992e-06,2.655857e-05,8.97249e-07,0.0,0.0,Bluefin,8.972490000000001e-08,8.972490000000001e-08,8.075241000000001e-07,8.075241000000001e-07,0.0,0.713919759,-4.376821679337364e-15,3.999999997569316e-13,0.0
28_28_Central_Atlantic_(1950),SE,0.1,6,0.00010813669999999998,0.00239908993,6.988740116756793e-06,0.00010114795916850798,0.00047981798599999997,0.00181113509,0.0,0.0,0.0,Yellowfin,0.0,0.0,0.0,0.0,0.0,0.06462875999999995,7.147352100358301e-13,1.5400000003516767e-10,0.0
28_28_Central_Atlantic_(1950),SE,0.1,5,0.00249640599,0.06401040999999999,0.0005785155030430785,0.0018723044925,0.012802082,0.048711922,4.5586e-05,0.0,0.0,Pelagic sharks,4.5586e-06,4.5586e-06,4.10274e-05,4.10274e-05,0.0,0.25,-5.543078582942451e-12,9.999993888509806e-12,0.0
28_28_Central_Atlantic_(1950),SE,0.1,4,9.79823604992e-06,0.00919899290843,5.857542543244573e-06,3.940693277589222e-06,0.0018397985816859998,0.00734939566,0.0,0.0,0.0,Seabirds,0.0,0.0,0.0,0.0,0.0,0.59781605,2.290862049619249e-13,4.3069408022650135e-10,0.0
28_28_Central_Atlantic_(1950),SE,0.1,3,1.796872e-05,0.007911342611788,5.217438443244573e-06,1.275128168977432e-05,0.0015822685223576003,0.00631110556,0.0,0.0,0.0,Beaked whales,0.0,0.0,0.0,0.0,0.0,0.29036226900000006,-1.330188909053672e-13,-1.9056960089830488e-10,0.0
28_28_Central_Atlantic_(1950),SE,0.1,2,0.00156,0.52174383222,0.0008372185599812127,0.0007227814573199999,0.104348766444,0.415835053,0.0,0.0,0.0,Toothed whales,0.0,0.0,0.0,0.0,0.0,0.536678553,-1.730121276279084e-11,1.2775999980174646e-08,0.0
28_28_Central_Atlantic_(1950),SE,0.1,1,0.0008256798,0.1814176815802857,0.0005485316108812128,0.0002771482068003528,0.036283536316057144,0.144308478,0.0,0.0,0.0,Baleen whales,0.0,0.0,0.0,0.0,0.0,0.664339364,-1.76815656300483e-11,-1.2535771448662913e-08,0.0
28_28_Central_Atlantic_(1950),SC,0.11,39,-0.0,-0.0,0.0,0.0,0.0,0.0,0.0,0.0,0.0,diet_import,0.0,0.0,0.0,0.0,0.0,,-0.0,0.0,0.0
28_28_Central_Atlantic_(1950),SC,0.11,38,2777.8730180352595,2777.8730180352595,2718.2345000401283,0.0,0.0,0.0,0.0,59.638517995131224,0.0,Detritus,0.0,0.0,0.0,0.0,0.0,1.0,0.0,0.0,0.0
28_28_Central_Atlantic_(1950),SC,0.11,37,2964.2448555,2964.2448555,2304.4126302796485,659.8320120997337,0.0,0.0,0.0,0.0,0.0,Phytoplankton,0.0,0.0,0.0,0.0,0.0,0.777403,0.00021312061790013104,0.0,0.0
28_28_Central_Atlantic_(1950),SC,0.11,36,51.606198899999995,172.02066299999998,3.473465040262137,48.13273376183184,34.4041326,86.01033,0.0,0.0,0.0,Lg. Zoop. deep,0.0,0.0,0.0,0.0,0.0,0.06730712999999999,9.790602462089737e-08,1.499999996212864e-06,0.0
28_28_Central_Atlantic_(1950),SC,0.11,35,326.25349455,1088.1402679500002,136.65760187059252,189.59589687002213,217.62805359000004,544.2587,0.0,0.0,0.0,Sm. Zoop. deep,0.0,0.0,0.0,0.0,0.0,0.41886937599999996,-4.1906146179826465e-06,1.9810000139841577e-05,0.0
28_28_Central_Atlantic_(1950),SC,0.11,34,152.83878554999998,509.4626185,24.764043988060063,128.07474125496339,101.89252370000001,254.731323,0.0,0.0,0.0,Lg. Zoop. shlw,0.0,0.0,0.0,0.0,0.0,0.162027225,3.069765455165907e-07,-1.3749999965284587e-05,0.0
28_28_Central_Atlantic_(1950),SC,0.11,33,1141.8,3808.2000000000003,810.8210994383843,330.97876575719994,761.6400000000001,1904.76,0.0,0.0,0.0,Sm. Zoop. shlw,0.0,0.0,0.0,0.0,0.0,0.710125446,0.00013480441566571244,4.547473508864641e-13,0.0
28_28_Central_Atlantic_(1950),SC,0.11,32,415.91835,563.5749999999999,259.56446880550004,156.35385617274002,112.71499999999999,34.941597,0.0,0.0,0.0,Het. bacteria,0.0,0.0,0.0,0.0,0.0,0.6240755999999998,2.502175988183808e-05,5.2999999965663847e-05,0.0
28_28_Central_Atlantic_(1950),SC,0.11,31,0.43340000000000006,2.6398,0.041626123427598485,0.39177388030000004,0.5279600000000001,1.67843986,0.0,0.0,0.0,Megabenthos,0.0,0.0,0.0,0.0,0.0,0.0960455,-3.72759845213011e-09,1.3999999981528788e-07,0.0
28_28_Central_Atlantic_(1950),SC,0.11,30,0.369,3.6346499999999997,0.09863466851516114,0.270365328792,0.72693,2.53872,0.0,0.0,0.0,Macrobenthos,0.0,0.0,0.0,0.0,0.0,0.26730263200000004,2.6928388408009596e-09,0.0,0.0
28_28_Central_Atlantic_(1950),SC,0.11,29,2.214,22.287599999999998,0.5448121363030838,1.6691878621979999,4.45752,15.6160793,0.0,0.0,0.0,Meiobenthos,0.0,0.0,0.0,0.0,0.0,0.24607594300000002,1.4989161023493125e-09,6.99999999298484e-07,0.0
28_28_Central_Atlantic_(1950),SC,0.11,28,0.012723003955,0.02544600791,0.011450702967616381,0.0012723003954999996,0.005089201582,0.007633802,0.0,0.0,0.0,Benth. ceph.,0.0,0.0,0.0,0.0,0.0,0.9,5.918836185059284e-10,3.729999989432464e-10,0.0
28_28_Central_Atlantic_(1950),SC,0.11,27,0.5644206439999999,4.47855511,0.507978562200084,0.05644206439999998,0.8957110220000001,3.01842356,0.0,0.0,0.0,Lg Squids,0.0,0.0,0.0,0.0,0.0,0.9,1.739991595250956e-08,-1.1599999982792042e-07,0.0
28_28_Central_Atlantic_(1950),SC,0.11,26,1.9626521827999999,15.573218407,1.766386893631383,0.19626521827999993,3.1146436814000005,10.4959221,0.0,0.0,0.0,Sm Squids,0.0,0.0,0.0,0.0,0.0,0.9,7.08886169764611e-08,4.428000011102995e-07,0.0
28_28_Central_Atlantic_(1950),SC,0.11,25,0.029511966558754574,0.05365811909218538,0.028247997140988634,0.001263969107687661,0.010731623818437078,0.01341453,0.0,0.0,0.0,Lg. Bathyd. abs,0.0,0.0,0.0,0.0,0.0,0.957170963,3.100782790255163e-10,-1.2850062697938869e-09,0.0
28_28_Central_Atlantic_(1950),SC,0.11,24,0.032007212730000005,0.0581949347850468,0.03092652416753671,0.0010806897702190206,0.011638986957009361,0.014548731,0.0,0.0,0.0,Sm. Bathyd. abs,0.0,0.0,0.0,0.0,0.0,0.966236055,-1.207755728760418e-09,4.098037435437685e-09,0.0
28_28_Central_Atlantic_(1950),SC,0.11,23,0.0030136304000000004,0.00547932783219558,0.0019225564713861983,0.00102711515654528,0.001095865566439116,0.00136983185,6.39589e-05,0.0,0.0,Lg. Bathyd. slp,0.0,7.035479e-06,5.6923420999999995e-05,6.39589e-05,0.0,0.6591768,-1.2793147834491703e-10,1.5756463408317378e-11,0.0
28_28_Central_Atlantic_(1950),SC,0.11,22,0.005653607665707449,0.010279287244467,0.004260451747794523,0.0012050065457042862,0.0020558574488934002,0.00256982166,0.000188149,0.0,0.0,Sm. Bathyd. slp,0.0,2.069639e-05,0.00016745261,0.000188149,0.0,0.7868606,3.7220863977754926e-10,4.69866151195375e-10,0.0
28_28_Central_Atlantic_(1950),SC,0.11,21,0.006341536224000001,0.011508713888,0.005009813921588745,0.0013317226070399999,0.0023017427776000003,0.00286543486,0.0,0.0,0.0,Lg. Bathyp. fish,0.0,0.0,0.0,0.0,0.0,0.79,-3.046287441049733e-10,2.6399998940412894e-11,0.0
28_28_Central_Atlantic_(1950),SC,0.11,20,0.013441102436,0.020515366876,0.012096991849560989,0.0013441102435999997,0.0041030733752,0.00297118956,0.0,0.0,0.0,Md. Bathyp.fish,0.0,0.0,0.0,0.0,0.0,0.9,3.428390106530177e-10,1.5047999985841332e-09,0.0
28_28_Central_Atlantic_(1950),SC,0.11,19,0.06545771003200002,0.22973138617000002,0.05891193573953475,0.0065457710032,0.04594627723400001,0.118327409,0.0,0.0,0.0,Sm. Bathyp. fish,0.0,0.0,0.0,0.0,0.0,0.9,3.2892652629401553e-09,-1.0095999994352844e-08,0.0
28_28_Central_Atlantic_(1950),SC,0.11,18,12.22519406327412,59.3828355,3.573220730157866,8.651973314709084,11.8765671,35.2810745,0.0,0.0,0.0,Sm. Meso fish,0.0,0.0,0.0,0.0,0.0,0.292283356,1.8407170898626646e-08,-1.6327412311056833e-07,0.0
28_28_Central_Atlantic_(1950),SC,0.11,17,0.0003348901755,0.0079257341535,0.00030140115666829864,3.348901755e-05,0.0015851468307,0.006005697,0.0,0.0,0.0,Lg. Meso fish,0.0,0.0,0.0,0.0,0.0,0.9,1.2817013617973105e-12,1.4729999945478633e-10,0.0
28_28_Central_Atlantic_(1950),SC,0.11,16,2.418293435320515,14.779333033030326,2.1764249584475417,0.24182934353205143,2.9558666066060653,9.405173,3.90985e-05,0.0,0.0,Sm. Epi. fish,0.0,4.3008349999999995e-06,3.4797665e-05,3.90985e-05,0.0,0.9,3.4840922147338915e-08,-8.896252623458167e-09,0.0
28_28_Central_Atlantic_(1950),SC,0.11,15,0.1059599016,0.7525932498796599,0.09523928587084607,0.010595990159999997,0.150518649975932,0.496114731,0.000124629,0.0,0.0,Md. Epi. fish,0.0,1.3709189999999998e-05,0.00011091980999999999,0.000124629,0.0,0.9,-3.4308460655774198e-09,-3.2696272078691635e-08,0.0
28_28_Central_Atlantic_(1950),SC,0.11,14,0.00984495897,0.12697145868897,0.007685239049978655,0.0018705422042999994,0.025394291737794002,0.091732204,0.000289178,0.0,0.0,Lg. Epi. fish,0.0,3.180958e-05,0.00025736842,0.000289178,0.0,0.81,-2.8427865443603206e-10,3.981175999978603e-09,0.0
28_28_Central_Atlantic_(1950),SC,0.11,13,0.00064010414496,0.010287388044000001,6.401041000000001e-05,0.000576093730464,0.0020574776088000003,0.00758980634,0.0,0.0,0.0,Lg. Plank. fish,0.0,0.0,0.0,0.0,0.0,0.09999999999999998,4.496000034943937e-12,-4.9759998205223255e-11,0.0
28_28_Central_Atlantic_(1950),SC,0.11,12,2.1336802558309998e-05,0.00021225354904839998,6.401041000000001e-07,2.0696698481560696e-05,4.245070980968e-05,0.000148466032,0.0,0.0,0.0,Billfishes,0.0,0.0,0.0,0.0,0.0,0.030000000000000027,-2.3250698648292698e-14,4.680409976687977e-12,0.0
28_28_Central_Atlantic_(1950),SC,0.11,11,0.00032651159999999997,0.004353488,6.401041000000001e-07,0.00032587149593018877,0.0008706976,0.00315627875,0.0,0.0,0.0,Swordfish,0.0,0.0,0.0,0.0,0.0,0.0019604328600000276,-3.0188796341229507e-14,5.000000023389073e-11,0.0
28_28_Central_Atlantic_(1950),SC,0.11,10,0.01072980688,0.46030871515199995,0.0017776866754339626,0.008952120234131998,0.09206174303039999,0.357517153,0.0,0.0,0.0,Bigeye,0.0,0.0,0.0,0.0,0.0,0.16567741300000005,-2.9565960790733925e-11,1.2241599955942206e-08,0.0
28_28_Central_Atlantic_(1950),SC,0.11,9,0.0002486316,0.0059671584,9.575327449622515e-05,0.00015287832471324,0.00119343168,0.004525095,0.0,0.0,0.0,Albacore,0.0,0.0,0.0,0.0,0.0,0.3851211,7.90534846785429e-13,1.200000003878654e-10,0.0
28_28_Central_Atlantic_(1950),SC,0.11,8,0.00804781642,0.15322104854,0.001044242037497828,0.007003574237715865,0.030644209707999998,0.114529014,0.0,0.0,0.0,Skipjack,0.0,0.0,0.0,0.0,0.0,0.12975472199999993,1.4478630620817778e-10,8.411999999347053e-09,0.0
28_28_Central_Atlantic_(1950),SC,0.11,7,2.1533975999999998e-06,3.588996e-05,6.401041000000001e-07,6.160445043768214e-07,7.177992e-06,2.655857e-05,8.97249e-07,0.0,0.0,Bluefin,0.0,9.869739e-08,7.985516100000001e-07,8.97249e-07,0.0,0.713919759,-4.376821679337364e-15,3.999999997569316e-13,0.0
28_28_Central_Atlantic_(1950),SC,0.11,6,0.00010813669999999998,0.00239908993,6.988740116756793e-06,0.00010114795916850798,0.00047981798599999997,0.00181113509,0.0,0.0,0.0,Yellowfin,0.0,0.0,0.0,0.0,0.0,0.06462875999999995,7.147352100358301e-13,1.5400000003516767e-10,0.0
28_28_Central_Atlantic_(1950),SC,0.11,5,0.00249640599,0.06401040999999999,0.0005785155030430785,0.0018723044925,0.012802082,0.048711922,4.5586e-05,0.0,0.0,Pelagic sharks,0.0,5.01446e-06,4.057154e-05,4.5586e-05,0.0,0.25,-5.543078149261582e-12,9.999993888509806e-12,0.0
28_28_Central_Atlantic_(1950),SC,0.11,4,9.79823604992e-06,0.00919899290843,5.857542543244573e-06,3.940693277589222e-06,0.0018397985816859998,0.00734939566,0.0,0.0,0.0,Seabirds,0.0,0.0,0.0,0.0,0.0,0.59781605,2.290862049619249e-13,4.3069408022650135e-10,0.0
28_28_Central_Atlantic_(1950),SC,0.11,3,1.796872e-05,0.007911342611788,5.217438443244573e-06,1.275128168977432e-05,0.0015822685223576003,0.00631110556,0.0,0.0,0.0,Beaked whales,0.0,0.0,0.0,0.0,0.0,0.29036226900000006,-1.330188909053672e-13,-1.9056960089830488e-10,0.0
28_28_Central_Atlantic_(1950),SC,0.11,2,0.00156,0.52174383222,0.0008372185599812127,0.0007227814573199999,0.104348766444,0.415835053,0.0,0.0,0.0,Toothed whales,0.0,0.0,0.0,0.0,0.0,0.536678553,-1.730121276279084e-11,1.2775999980174646e-08,0.0
28_28_Central_Atlantic_(1950),SC,0.11,1,0.0008256798,0.1814176815802857,0.0005485316108812128,0.0002771482068003528,0.036283536316057144,0.144308478,0.0,0.0,0.0,Baleen whales,0.0,0.0,0.0,0.0,0.0,0.664339364,-1.76815656300483e-11,-1.2535771448662913e-08,0.0
28_28_Central_Atlantic_(1950),SM,0.11,39,-0.0,-0.0,0.0,0.0,0.0,0.0,0.0,0.0,0.0,diet_import,0.0,0.0,0.0,0.0,0.0,,-0.0,0.0,0.0
28_28_Central_Atlantic_(1950),SM,0.11,38,2777.873100699891,2777.873100699891,2718.2345000401283,0.0,0.0,0.0,0.0,59.63860065976269,0.0,Detritus,0.0,0.0,0.0,0.0,0.0,1.0,0.0,0.0,0.0
28_28_Central_Atlantic_(1950),SM,0.11,37,2964.2448555,2964.2448555,2304.4126302796485,659.8320120997337,0.0,0.0,0.0,0.0,0.0,Phytoplankton,0.0,0.0,0.0,0.0,0.0,0.777403,0.00021312061790013104,0.0,0.0
28_28_Central_Atlantic_(1950),SM,0.11,36,51.606198899999995,172.02066299999998,3.473465040262137,48.13273376183184,34.4041326,86.01033,0.0,0.0,0.0,Lg. Zoop. deep,0.0,0.0,0.0,0.0,0.0,0.06730712999999999,9.790602462089737e-08,1.499999996212864e-06,0.0
28_28_Central_Atlantic_(1950),SM,0.11,35,326.25349455,1088.1402679500002,136.65760187059252,189.59589687002213,217.62805359000004,544.2587,0.0,0.0,0.0,Sm. Zoop. deep,0.0,0.0,0.0,0.0,0.0,0.41886937599999996,-4.1906146179826465e-06,1.9810000139841577e-05,0.0
28_28_Central_Atlantic_(1950),SM,0.11,34,152.83878554999998,509.4626185,24.764043988060063,128.07474125496339,101.89252370000001,254.731323,0.0,0.0,0.0,Lg. Zoop. shlw,0.0,0.0,0.0,0.0,0.0,0.162027225,3.069765455165907e-07,-1.3749999965284587e-05,0.0
28_28_Central_Atlantic_(1950),SM,0.11,33,1141.8,3808.2000000000003,810.8210994383843,330.97876575719994,761.6400000000001,1904.76,0.0,0.0,0.0,Sm. Zoop. shlw,0.0,0.0,0.0,0.0,0.0,0.710125446,0.00013480441566571244,4.547473508864641e-13,0.0
28_28_Central_Atlantic_(1950),SM,0.11,32,415.91835,563.5749999999999,259.56446880550004,156.35385617274002,112.71499999999999,34.941597,0.0,0.0,0.0,Het. bacteria,0.0,0.0,0.0,0.0,0.0,0.6240755999999998,2.502175988183808e-05,5.2999999965663847e-05,0.0
28_28_Central_Atlantic_(1950),SM,0.11,31,0.43340000000000006,2.6398,0.041626123427598485,0.39177388030000004,0.5279600000000001,1.67843986,0.0,0.0,0.0,Megabenthos,0.0,0.0,0.0,0.0,0.0,0.0960455,-3.72759845213011e-09,1.3999999981528788e-07,0.0
28_28_Central_Atlantic_(1950),SM,0.11,30,0.369,3.6346499999999997,0.09863466851516114,0.270365328792,0.72693,2.53872,0.0,0.0,0.0,Macrobenthos,0.0,0.0,0.0,0.0,0.0,0.26730263200000004,2.6928388408009596e-09,0.0,0.0
28_28_Central_Atlantic_(1950),SM,0.11,29,2.214,22.287599999999998,0.5448121363030838,1.6691878621979999,4.45752,15.6160793,0.0,0.0,0.0,Meiobenthos,0.0,0.0,0.0,0.0,0.0,0.24607594300000002,1.4989161023493125e-09,6.99999999298484e-07,0.0
28_28_Central_Atlantic_(1950),SM,0.11,28,0.012723003955,0.02544600791,0.011450702967616381,0.0012723003954999996,0.005089201582,0.007633802,0.0,0.0,0.0,Benth. ceph.,0.0,0.0,0.0,0.0,0.0,0.9,5.918836185059284e-10,3.729999989432464e-10,0.0
28_28_Central_Atlantic_(1950),SM,0.11,27,0.5644206439999999,4.47855511,0.507978562200084,0.05644206439999998,0.8957110220000001,3.01842356,0.0,0.0,0.0,Lg Squids,0.0,0.0,0.0,0.0,0.0,0.9,1.739991595250956e-08,-1.1599999982792042e-07,0.0
28_28_Central_Atlantic_(1950),SM,0.11,26,1.9626521827999999,15.573218407,1.766386893631383,0.19626521827999993,3.1146436814000005,10.4959221,0.0,0.0,0.0,Sm Squids,0.0,0.0,0.0,0.0,0.0,0.9,7.08886169764611e-08,4.428000011102995e-07,0.0
28_28_Central_Atlantic_(1950),SM,0.11,25,0.029511966558754574,0.05365811909218538,0.028247997140988634,0.001263969107687661,0.010731623818437078,0.01341453,0.0,0.0,0.0,Lg. Bathyd. abs,0.0,0.0,0.0,0.0,0.0,0.957170963,3.100782790255163e-10,-1.2850062697938869e-09,0.0
28_28_Central_Atlantic_(1950),SM,0.11,24,0.032007212730000005,0.0581949347850468,0.03092652416753671,0.0010806897702190206,0.011638986957009361,0.014548731,0.0,0.0,0.0,Sm. Bathyd. abs,0.0,0.0,0.0,0.0,0.0,0.966236055,-1.207755728760418e-09,4.098037435437685e-09,0.0
28_28_Central_Atlantic_(1950),SM,0.11,23,0.0030136304000000004,0.00547932783219558,0.0019225564713861983,0.0010341506355452802,0.001095865566439116,0.00136983185,6.39589e-05,0.0,0.0,Lg. Bathyd. slp,0.0,7.035479e-06,5.6923420999999995e-05,5.6923420999999995e-05,0.0,0.6568422472957267,-1.2793147834491703e-10,1.5756463408317378e-11,0.0
28_28_Central_Atlantic_(1950),SM,0.11,22,0.005653607665707449,0.010279287244467,0.004260451747794523,0.0012257029357042861,0.0020558574488934002,0.00256982166,0.000188149,0.0,0.0,Sm. Bathyd. slp,0.0,2.069639e-05,0.00016745261,0.00016745261,0.0,0.7831998595978076,3.7220863977754926e-10,4.69866151195375e-10,0.0
28_28_Central_Atlantic_(1950),SM,0.11,21,0.006341536224000001,0.011508713888,0.005009813921588745,0.0013317226070399999,0.0023017427776000003,0.00286543486,0.0,0.0,0.0,Lg. Bathyp. fish,0.0,0.0,0.0,0.0,0.0,0.79,-3.046287441049733e-10,2.6399998940412894e-11,0.0
28_28_Central_Atlantic_(1950),SM,0.11,20,0.013441102436,0.020515366876,0.012096991849560989,0.0013441102435999997,0.0041030733752,0.00297118956,0.0,0.0,0.0,Md. Bathyp.fish,0.0,0.0,0.0,0.0,0.0,0.9,3.428390106530177e-10,1.5047999985841332e-09,0.0
28_28_Central_Atlantic_(1950),SM,0.11,19,0.06545771003200002,0.22973138617000002,0.05891193573953475,0.0065457710032,0.04594627723400001,0.118327409,0.0,0.0,0.0,Sm. Bathyp. fish,0.0,0.0,0.0,0.0,0.0,0.9,3.2892652629401553e-09,-1.0095999994352844e-08,0.0
28_28_Central_Atlantic_(1950),SM,0.11,18,12.22519406327412,59.3828355,3.573220730157866,8.651973314709084,11.8765671,35.2810745,0.0,0.0,0.0,Sm. Meso fish,0.0,0.0,0.0,0.0,0.0,0.292283356,1.8407170898626646e-08,-1.6327412311056833e-07,0.0
28_28_Central_Atlantic_(1950),SM,0.11,17,0.0003348901755,0.0079257341535,0.00030140115666829864,3.348901755e-05,0.0015851468307,0.006005697,0.0,0.0,0.0,Lg. Meso fish,0.0,0.0,0.0,0.0,0.0,0.9,1.2817013617973105e-12,1.4729999945478633e-10,0.0
28_28_Central_Atlantic_(1950),SM,0.11,16,2.418293435320515,14.779333033030326,2.1764249584475417,0.24183364436705143,2.9558666066060653,9.405173,3.90985e-05,0.0,0.0,Sm. Epi. fish,0.0,4.3008349999999995e-06,3.4797665e-05,3.4797665e-05,0.0,0.8999982215412997,3.4840921703249705e-08,-8.896252623458167e-09,0.0
28_28_Central_Atlantic_(1950),SM,0.11,15,0.1059599016,0.7525932498796599,0.09523928587084607,0.010609699349999998,0.150518649975932,0.496114731,0.000124629,0.0,0.0,Md. Epi. fish,0.0,1.3709189999999998e-05,0.00011091980999999999,0.00011091980999999999,0.0,0.8998706190757731,-3.4308460655774198e-09,-3.2696272078691635e-08,0.0
28_28_Central_Atlantic_(1950),SM,0.11,14,0.00984495897,0.12697145868897,0.007685239049978655,0.0019023517842999993,0.025394291737794002,0.091732204,0.000289178,0.0,0.0,Lg. Epi. fish,0.0,3.180958e-05,0.00025736842,0.00025736842,0.0,0.8067689474281273,-2.8427865443603206e-10,3.981175999978603e-09,0.0
28_28_Central_Atlantic_(1950),SM,0.11,13,0.00064010414496,0.010287388044000001,6.401041000000001e-05,0.000576093730464,0.0020574776088000003,0.00758980634,0.0,0.0,0.0,Lg. Plank. fish,0.0,0.0,0.0,0.0,0.0,0.09999999999999998,4.496000034943937e-12,-4.9759998205223255e-11,0.0
28_28_Central_Atlantic_(1950),SM,0.11,12,2.1336802558309998e-05,0.00021225354904839998,6.401041000000001e-07,2.0696698481560696e-05,4.245070980968e-05,0.000148466032,0.0,0.0,0.0,Billfishes,0.0,0.0,0.0,0.0,0.0,0.030000000000000027,-2.3250698648292698e-14,4.680409976687977e-12,0.0
28_28_Central_Atlantic_(1950),SM,0.11,11,0.00032651159999999997,0.004353488,6.401041000000001e-07,0.00032587149593018877,0.0008706976,0.00315627875,0.0,0.0,0.0,Swordfish,0.0,0.0,0.0,0.0,0.0,0.0019604328600000276,-3.0188796341229507e-14,5.000000023389073e-11,0.0
28_28_Central_Atlantic_(1950),SM,0.11,10,0.01072980688,0.46030871515199995,0.0017776866754339626,0.008952120234131998,0.09206174303039999,0.357517153,0.0,0.0,0.0,Bigeye,0.0,0.0,0.0,0.0,0.0,0.16567741300000005,-2.9565960790733925e-11,1.2241599955942206e-08,0.0
28_28_Central_Atlantic_(1950),SM,0.11,9,0.0002486316,0.0059671584,9.575327449622515e-05,0.00015287832471324,0.00119343168,0.004525095,0.0,0.0,0.0,Albacore,0.0,0.0,0.0,0.0,0.0,0.3851211,7.90534846785429e-13,1.200000003878654e-10,0.0
28_28_Central_Atlantic_(1950),SM,0.11,8,0.00804781642,0.15322104854,0.001044242037497828,0.007003574237715865,0.030644209707999998,0.114529014,0.0,0.0,0.0,Skipjack,0.0,0.0,0.0,0.0,0.0,0.12975472199999993,1.4478630620817778e-10,8.411999999347053e-09,0.0
28_28_Central_Atlantic_(1950),SM,0.11,7,2.1533975999999998e-06,3.588996e-05,6.401041000000001e-07,7.147418943768214e-07,7.177992e-06,2.655857e-05,8.97249e-07,0.0,0.0,Bluefin,0.0,9.869739e-08,7.985516100000001e-07,7.985516100000001e-07,0.0,0.6680864256666668,-4.376822102853837e-15,3.999999997569316e-13,0.0
28_28_Central_Atlantic_(1950),SM,0.11,6,0.00010813669999999998,0.00239908993,6.988740116756793e-06,0.00010114795916850798,0.00047981798599999997,0.00181113509,0.0,0.0,0.0,Yellowfin,0.0,0.0,0.0,0.0,0.0,0.06462875999999995,7.147352100358301e-13,1.5400000003516767e-10,0.0
28_28_Central_Atlantic_(1950),SM,0.11,5,0.00249640599,0.06401040999999999,0.0005785155030430785,0.0018773189524999999,0.012802082,0.048711922,4.5586e-05,0.0,0.0,Pelagic sharks,0.0,5.01446e-06,4.057154e-05,4.057154e-05,0.0,0.24799132832556625,-5.543078582942451e-12,9.999993888509806e-12,0.0
28_28_Central_Atlantic_(1950),SM,0.11,4,9.79823604992e-06,0.00919899290843,5.857542543244573e-06,3.940693277589222e-06,0.0018397985816859998,0.00734939566,0.0,0.0,0.0,Seabirds,0.0,0.0,0.0,0.0,0.0,0.59781605,2.290862049619249e-13,4.3069408022650135e-10,0.0
28_28_Central_Atlantic_(1950),SM,0.11,3,1.796872e-05,0.007911342611788,5.217438443244573e-06,1.275128168977432e-05,0.0015822685223576003,0.00631110556,0.0,0.0,0.0,Beaked whales,0.0,0.0,0.0,0.0,0.0,0.29036226900000006,-1.330188909053672e-13,-1.9056960089830488e-10,0.0
28_28_Central_Atlantic_(1950),SM,0.11,2,0.00156,0.52174383222,0.0008372185599812127,0.0007227814573199999,0.104348766444,0.415835053,0.0,0.0,0.0,Toothed whales,0.0,0.0,0.0,0.0,0.0,0.536678553,-1.730121276279084e-11,1.2775999980174646e-08,0.0
28_28_Central_Atlantic_(1950),SM,0.11,1,0.0008256798,0.1814176815802857,0.0005485316108812128,0.0002771482068003528,0.036283536316057144,0.144308478,0.0,0.0,0.0,Baleen whales,0.0,0.0,0.0,0.0,0.0,0.664339364,-1.76815656300483e-11,-1.2535771448662913e-08,0.0
28_28_Central_Atlantic_(1950),SE,0.11,39,-0.0,-0.0,0.0,0.0,0.0,0.0,0.0,0.0,0.0,diet_import,0.0,0.0,0.0,0.0,0.0,,-0.0,0.0,0.0
28_28_Central_Atlantic_(1950),SE,0.11,38,2777.8730180352595,2777.8730180352595,2718.2345000401283,0.0,0.0,0.0,0.0,59.638517995131224,0.0,Detritus,0.0,0.0,0.0,0.0,0.0,1.0,0.0,0.0,0.0
28_28_Central_Atlantic_(1950),SE,0.11,37,2964.2448555,2964.2448555,2304.4126302796485,659.8320120997337,0.0,0.0,0.0,0.0,0.0,Phytoplankton,0.0,0.0,0.0,0.0,0.0,0.777403,0.00021312061790013104,0.0,0.0
28_28_Central_Atlantic_(1950),SE,0.11,36,51.606198899999995,172.02066299999998,3.473465040262137,48.13273376183184,34.4041326,86.01033,0.0,0.0,0.0,Lg. Zoop. deep,0.0,0.0,0.0,0.0,0.0,0.06730712999999999,9.790602462089737e-08,1.499999996212864e-06,0.0
28_28_Central_Atlantic_(1950),SE,0.11,35,326.25349455,1088.1402679500002,136.65760187059252,189.59589687002213,217.62805359000004,544.2587,0.0,0.0,0.0,Sm. Zoop. deep,0.0,0.0,0.0,0.0,0.0,0.41886937599999996,-4.1906146179826465e-06,1.9810000139841577e-05,0.0
28_28_Central_Atlantic_(1950),SE,0.11,34,152.83878554999998,509.4626185,24.764043988060063,128.07474125496339,101.89252370000001,254.731323,0.0,0.0,0.0,Lg. Zoop. shlw,0.0,0.0,0.0,0.0,0.0,0.162027225,3.069765455165907e-07,-1.3749999965284587e-05,0.0
28_28_Central_Atlantic_(1950),SE,0.11,33,1141.8,3808.2000000000003,810.8210994383843,330.97876575719994,761.6400000000001,1904.76,0.0,0.0,0.0,Sm. Zoop. shlw,0.0,0.0,0.0,0.0,0.0,0.710125446,0.00013480441566571244,4.547473508864641e-13,0.0
28_28_Central_Atlantic_(1950),SE,0.11,32,415.91835,563.5749999999999,259.56446880550004,156.35385617274002,112.71499999999999,34.941597,0.0,0.0,0.0,Het. bacteria,0.0,0.0,0.0,0.0,0.0,0.6240755999999998,2.502175988183808e-05,5.2999999965663847e-05,0.0
28_28_Central_Atlantic_(1950),SE,0.11,31,0.43340000000000006,2.6398,0.041626123427598485,0.39177388030000004,0.5279600000000001,1.67843986,0.0,0.0,0.0,Megabenthos,0.0,0.0,0.0,0.0,0.0,0.0960455,-3.72759845213011e-09,1.3999999981528788e-07,0.0
28_28_Central_Atlantic_(1950),SE,0.11,30,0.369,3.6346499999999997,0.09863466851516114,0.270365328792,0.72693,2.53872,0.0,0.0,0.0,Macrobenthos,0.0,0.0,0.0,0.0,0.0,0.26730263200000004,2.6928388408009596e-09,0.0,0.0
28_28_Central_Atlantic_(1950),SE,0.11,29,2.214,22.287599999999998,0.5448121363030838,1.6691878621979999,4.45752,15.6160793,0.0,0.0,0.0,Meiobenthos,0.0,0.0,0.0,0.0,0.0,0.24607594300000002,1.4989161023493125e-09,6.99999999298484e-07,0.0
28_28_Central_Atlantic_(1950),SE,0.11,28,0.012723003955,0.02544600791,0.011450702967616381,0.0012723003954999996,0.005089201582,0.007633802,0.0,0.0,0.0,Benth. ceph.,0.0,0.0,0.0,0.0,0.0,0.9,5.918836185059284e-10,3.729999989432464e-10,0.0
28_28_Central_Atlantic_(1950),SE,0.11,27,0.5644206439999999,4.47855511,0.507978562200084,0.05644206439999998,0.8957110220000001,3.01842356,0.0,0.0,0.0,Lg Squids,0.0,0.0,0.0,0.0,0.0,0.9,1.739991595250956e-08,-1.1599999982792042e-07,0.0
28_28_Central_Atlantic_(1950),SE,0.11,26,1.9626521827999999,15.573218407,1.766386893631383,0.19626521827999993,3.1146436814000005,10.4959221,0.0,0.0,0.0,Sm Squids,0.0,0.0,0.0,0.0,0.0,0.9,7.08886169764611e-08,4.428000011102995e-07,0.0
28_28_Central_Atlantic_(1950),SE,0.11,25,0.029511966558754574,0.05365811909218538,0.028247997140988634,0.001263969107687661,0.010731623818437078,0.01341453,0.0,0.0,0.0,Lg. Bathyd. abs,0.0,0.0,0.0,0.0,0.0,0.957170963,3.100782790255163e-10,-1.2850062697938869e-09,0.0
28_28_Central_Atlantic_(1950),SE,0.11,24,0.032007212730000005,0.0581949347850468,0.03092652416753671,0.0010806897702190206,0.011638986957009361,0.014548731,0.0,0.0,0.0,Sm. Bathyd. abs,0.0,0.0,0.0,0.0,0.0,0.966236055,-1.207755728760418e-09,4.098037435437685e-09,0.0
28_28_Central_Atlantic_(1950),SE,0.11,23,0.0030136304000000004,0.00547932783219558,0.0019225564713861983,0.00102711515654528,0.001095865566439116,0.00136983185,6.39589e-05,0.0,0.0,Lg. Bathyd. slp,7.035479e-06,7.035479e-06,5.6923420999999995e-05,5.6923420999999995e-05,0.0,0.6591768,-1.2793147834491703e-10,1.5756463408317378e-11,0.0
28_28_Central_Atlantic_(1950),SE,0.11,22,0.005653607665707449,0.010279287244467,0.004260451747794523,0.0012050065457042862,0.0020558574488934002,0.00256982166,0.000188149,0.0,0.0,Sm. Bathyd. slp,2.069639e-05,2.069639e-05,0.00016745261,0.00016745261,0.0,0.7868606,3.7220863977754926e-10,4.69866151195375e-10,0.0
28_28_Central_Atlantic_(1950),SE,0.11,21,0.006341536224000001,0.011508713888,0.005009813921588745,0.0013317226070399999,0.0023017427776000003,0.00286543486,0.0,0.0,0.0,Lg. Bathyp. fish,0.0,0.0,0.0,0.0,0.0,0.79,-3.046287441049733e-10,2.6399998940412894e-11,0.0
28_28_Central_Atlantic_(1950),SE,0.11,20,0.013441102436,0.020515366876,0.012096991849560989,0.0013441102435999997,0.0041030733752,0.00297118956,0.0,0.0,0.0,Md. Bathyp.fish,0.0,0.0,0.0,0.0,0.0,0.9,3.428390106530177e-10,1.5047999985841332e-09,0.0
28_28_Central_Atlantic_(1950),SE,0.11,19,0.06545771003200002,0.22973138617000002,0.05891193573953475,0.0065457710032,0.04594627723400001,0.118327409,0.0,0.0,0.0,Sm. Bathyp. fish,0.0,0.0,0.0,0.0,0.0,0.9,3.2892652629401553e-09,-1.0095999994352844e-08,0.0
28_28_Central_Atlantic_(1950),SE,0.11,18,12.22519406327412,59.3828355,3.573220730157866,8.651973314709084,11.8765671,35.2810745,0.0,0.0,0.0,Sm. Meso fish,0.0,0.0,0.0,0.0,0.0,0.292283356,1.8407170898626646e-08,-1.6327412311056833e-07,0.0
28_28_Central_Atlantic_(1950),SE,0.11,17,0.0003348901755,0.0079257341535,0.00030140115666829864,3.348901755e-05,0.0015851468307,0.006005697,0.0,0.0,0.0,Lg. Meso fish,0.0,0.0,0.0,0.0,0.0,0.9,1.2817013617973105e-12,1.4729999945478633e-10,0.0
28_28_Central_Atlantic_(1950),SE,0.11,16,2.418293435320515,14.779333033030326,2.1764249584475417,0.24182934353205143,2.9558666066060653,9.405173,3.90985e-05,0.0,0.0,Sm. Epi. fish,4.3008349999999995e-06,4.3008349999999995e-06,3.4797665e-05,3.4797665e-05,0.0,0.9,3.4840921703249705e-08,-8.896252623458167e-09,0.0
28_28_Central_Atlantic_(1950),SE,0.11,15,0.1059599016,0.7525932498796599,0.09523928587084607,0.010595990159999997,0.150518649975932,0.496114731,0.000124629,0.0,0.0,Md. Epi. fish,1.3709189999999998e-05,1.3709189999999998e-05,0.00011091980999999999,0.00011091980999999999,0.0,0.9,-3.4308460655774198e-09,-3.2696272078691635e-08,0.0
28_28_Central_Atlantic_(1950),SE,0.11,14,0.00984495897,0.12697145868897,0.007685239049978655,0.0018705422042999994,0.025394291737794002,0.091732204,0.000289178,0.0,0.0,Lg. Epi. fish,3.180958e-05,3.180958e-05,0.00025736842,0.00025736842,0.0,0.81,-2.8427865443603206e-10,3.981175999978603e-09,0.0
28_28_Central_Atlantic_(1950),SE,0.11,13,0.00064010414496,0.010287388044000001,6.401041000000001e-05,0.000576093730464,0.0020574776088000003,0.00758980634,0.0,0.0,0.0,Lg. Plank. fish,0.0,0.0,0.0,0.0,0.0,0.09999999999999998,4.496000034943937e-12,-4.9759998205223255e-11,0.0
28_28_Central_Atlantic_(1950),SE,0.11,12,2.1336802558309998e-05,0.00021225354904839998,6.401041000000001e-07,2.0696698481560696e-05,4.245070980968e-05,0.000148466032,0.0,0.0,0.0,Billfishes,0.0,0.0,0.0,0.0,0.0,0.030000000000000027,-2.3250698648292698e-14,4.680409976687977e-12,0.0
28_28_Central_Atlantic_(1950),SE,0.11,11,0.00032651159999999997,0.004353488,6.401041000000001e-07,0.00032587149593018877,0.0008706976,0.00315627875,0.0,0.0,0.0,Swordfish,0.0,0.0,0.0,0.0,0.0,0.0019604328600000276,-3.0188796341229507e-14,5.000000023389073e-11,0.0
28_28_Central_Atlantic_(1950),SE,0.11,10,0.01072980688,0.46030871515199995,0.0017776866754339626,0.008952120234131998,0.09206174303039999,0.357517153,0.0,0.0,0.0,Bigeye,0.0,0.0,0.0,0.0,0.0,0.16567741300000005,-2.9565960790733925e-11,1.2241599955942206e-08,0.0
28_28_Central_Atlantic_(1950),SE,0.11,9,0.0002486316,0.0059671584,9.575327449622515e-05,0.00015287832471324,0.00119343168,0.004525095,0.0,0.0,0.0,Albacore,0.0,0.0,0.0,0.0,0.0,0.3851211,7.90534846785429e-13,1.200000003878654e-10,0.0
28_28_Central_Atlantic_(1950),SE,0.11,8,0.00804781642,0.15322104854,0.001044242037497828,0.007003574237715865,0.030644209707999998,0.114529014,0.0,0.0,0.0,Skipjack,0.0,0.0,0.0,0.0,0.0,0.12975472199999993,1.4478630620817778e-10,8.411999999347053e-09,0.0
28_28_Central_Atlantic_(1950),SE,0.11,7,2.1533975999999998e-06,3.588996e-05,6.401041000000001e-07,6.160445043768214e-07,7.177992e-06,2.655857e-05,8.97249e-07,0.0,0.0,Bluefin,9.869739e-08,9.869739e-08,7.985516100000001e-07,7.985516100000001e-07,0.0,0.713919759,-4.376821679337364e-15,3.999999997569316e-13,0.0
28_28_Central_Atlantic_(1950),SE,0.11,6,0.00010813669999999998,0.00239908993,6.988740116756793e-06,0.00010114795916850798,0.00047981798599999997,0.00181113509,0.0,0.0,0.0,Yellowfin,0.0,0.0,0.0,0.0,0.0,0.06462875999999995,7.147352100358301e-13,1.5400000003516767e-10,0.0
28_28_Central_Atlantic_(1950),SE,0.11,5,0.00249640599,0.06401040999999999,0.0005785155030430785,0.0018723044925,0.012802082,0.048711922,4.5586e-05,0.0,0.0,Pelagic sharks,5.01446e-06,5.01446e-06,4.057154e-05,4.057154e-05,0.0,0.25,-5.543078582942451e-12,9.999993888509806e-12,0.0
28_28_Central_Atlantic_(1950),SE,0.11,4,9.79823604992e-06,0.00919899290843,5.857542543244573e-06,3.940693277589222e-06,0.0018397985816859998,0.00734939566,0.0,0.0,0.0,Seabirds,0.0,0.0,0.0,0.0,0.0,0.59781605,2.290862049619249e-13,4.3069408022650135e-10,0.0
28_28_Central_Atlantic_(1950),SE,0.11,3,1.796872e-05,0.007911342611788,5.217438443244573e-06,1.275128168977432e-05,0.0015822685223576003,0.00631110556,0.0,0.0,0.0,Beaked whales,0.0,0.0,0.0,0.0,0.0,0.29036226900000006,-1.330188909053672e-13,-1.9056960089830488e-10,0.0
28_28_Central_Atlantic_(1950),SE,0.11,2,0.00156,0.52174383222,0.0008372185599812127,0.0007227814573199999,0.104348766444,0.415835053,0.0,0.0,0.0,Toothed whales,0.0,0.0,0.0,0.0,0.0,0.536678553,-1.730121276279084e-11,1.2775999980174646e-08,0.0
28_28_Central_Atlantic_(1950),SE,0.11,1,0.0008256798,0.1814176815802857,0.0005485316108812128,0.0002771482068003528,0.036283536316057144,0.144308478,0.0,0.0,0.0,Baleen whales,0.0,0.0,0.0,0.0,0.0,0.664339364,-1.76815656300483e-11,-1.2535771448662913e-08,0.0
28_28_Central_Atlantic_(1950),SC,0.12,39,-0.0,-0.0,0.0,0.0,0.0,0.0,0.0,0.0,0.0,diet_import,0.0,0.0,0.0,0.0,0.0,,-0.0,0.0,0.0
28_28_Central_Atlantic_(1950),SC,0.12,38,2777.8730180352595,2777.8730180352595,2718.2345000401283,0.0,0.0,0.0,0.0,59.638517995131224,0.0,Detritus,0.0,0.0,0.0,0.0,0.0,1.0,0.0,0.0,0.0
28_28_Central_Atlantic_(1950),SC,0.12,37,2964.2448555,2964.2448555,2304.4126302796485,659.8320120997337,0.0,0.0,0.0,0.0,0.0,Phytoplankton,0.0,0.0,0.0,0.0,0.0,0.777403,0.00021312061790013104,0.0,0.0
28_28_Central_Atlantic_(1950),SC,0.12,36,51.606198899999995,172.02066299999998,3.473465040262137,48.13273376183184,34.4041326,86.01033,0.0,0.0,0.0,Lg. Zoop. deep,0.0,0.0,0.0,0.0,0.0,0.06730712999999999,9.790602462089737e-08,1.499999996212864e-06,0.0
28_28_Central_Atlantic_(1950),SC,0.12,35,326.25349455,1088.1402679500002,136.65760187059252,189.59589687002213,217.62805359000004,544.2587,0.0,0.0,0.0,Sm. Zoop. deep,0.0,0.0,0.0,0.0,0.0,0.41886937599999996,-4.1906146179826465e-06,1.9810000139841577e-05,0.0
28_28_Central_Atlantic_(1950),SC,0.12,34,152.83878554999998,509.4626185,24.764043988060063,128.07474125496339,101.89252370000001,254.731323,0.0,0.0,0.0,Lg. Zoop. shlw,0.0,0.0,0.0,0.0,0.0,0.162027225,3.069765455165907e-07,-1.3749999965284587e-05,0.0
28_28_Central_Atlantic_(1950),SC,0.12,33,1141.8,3808.2000000000003,810.8210994383843,330.97876575719994,761.6400000000001,1904.76,0.0,0.0,0.0,Sm. Zoop. shlw,0.0,0.0,0.0,0.0,0.0,0.710125446,0.00013480441566571244,4.547473508864641e-13,0.0
28_28_Central_Atlantic_(1950),SC,0.12,32,415.91835,563.5749999999999,259.56446880550004,156.35385617274002,112.71499999999999,34.941597,0.0,0.0,0.0,Het. bacteria,0.0,0.0,0.0,0.0,0.0,0.6240755999999998,2.502175988183808e-05,5.2999999965663847e-05,0.0
28_28_Central_Atlantic_(1950),SC,0.12,31,0.43340000000000006,2.6398,0.041626123427598485,0.39177388030000004,0.5279600000000001,1.67843986,0.0,0.0,0.0,Megabenthos,0.0,0.0,0.0,0.0,0.0,0.0960455,-3.72759845213011e-09,1.3999999981528788e-07,0.0
28_28_Central_Atlantic_(1950),SC,0.12,30,0.369,3.6346499999999997,0.09863466851516114,0.270365328792,0.72693,2.53872,0.0,0.0,0.0,Macrobenthos,0.0,0.0,0.0,0.0,0.0,0.26730263200000004,2.6928388408009596e-09,0.0,0.0
28_28_Central_Atlantic_(1950),SC,0.12,29,2.214,22.287599999999998,0.5448121363030838,1.6691878621979999,4.45752,15.6160793,0.0,0.0,0.0,Meiobenthos,0.0,0.0,0.0,0.0,0.0,0.24607594300000002,1.4989161023493125e-09,6.99999999298484e-07,0.0
28_28_Central_Atlantic_(1950),SC,0.12,28,0.012723003955,0.02544600791,0.011450702967616381,0.0012723003954999996,0.005089201582,0.007633802,0.0,0.0,0.0,Benth. ceph.,0.0,0.0,0.0,0.0,0.0,0.9,5.918836185059284e-10,3.729999989432464e-10,0.0
28_28_Central_Atlantic_(1950),SC,0.12,27,0.5644206439999999,4.47855511,0.507978562200084,0.05644206439999998,0.8957110220000001,3.01842356,0.0,0.0,0.0,Lg Squids,0.0,0.0,0.0,0.0,0.0,0.9,1.739991595250956e-08,-1.1599999982792042e-07,0.0
28_28_Central_Atlantic_(1950),SC,0.12,26,1.9626521827999999,15.573218407,1.766386893631383,0.19626521827999993,3.1146436814000005,10.4959221,0.0,0.0,0.0,Sm Squids,0.0,0.0,0.0,0.0,0.0,0.9,7.08886169764611e-08,4.428000011102995e-07,0.0
28_28_Central_Atlantic_(1950),SC,0.12,25,0.029511966558754574,0.05365811909218538,0.028247997140988634,0.001263969107687661,0.010731623818437078,0.01341453,0.0,0.0,0.0,Lg. Bathyd. abs,0.0,0.0,0.0,0.0,0.0,0.957170963,3.100782790255163e-10,-1.2850062697938869e-09,0.0
28_28_Central_Atlantic_(1950),SC,0.12,24,0.032007212730000005,0.0581949347850468,0.03092652416753671,0.0010806897702190206,0.011638986957009361,0.014548731,0.0,0.0,0.0,Sm. Bathyd. abs,0.0,0.0,0.0,0.0,0.0,0.966236055,-1.207755728760418e-09,4.098037435437685e-09,0.0
28_28_Central_Atlantic_(1950),SC,0.12,23,0.0030136304000000004,0.00547932783219558,0.0019225564713861983,0.00102711515654528,0.001095865566439116,0.00136983185,6.39589e-05,0.0,0.0,Lg. Bathyd. slp,0.0,7.675068e-06,5.6283832e-05,6.39589e-05,0.0,0.6591768,-1.2793147834491703e-10,1.5756463408317378e-11,0.0
28_28_Central_Atlantic_(1950),SC,0.12,22,0.005653607665707449,0.010279287244467,0.004260451747794523,0.0012050065457042862,0.0020558574488934002,0.00256982166,0.000188149,0.0,0.0,Sm. Bathyd. slp,0.0,2.2577879999999998e-05,0.00016557112,0.000188149,0.0,0.7868606,3.7220863977754926e-10,4.69866151195375e-10,0.0
28_28_Central_Atlantic_(1950),SC,0.12,21,0.006341536224000001,0.011508713888,0.005009813921588745,0.0013317226070399999,0.0023017427776000003,0.00286543486,0.0,0.0,0.0,Lg. Bathyp. fish,0.0,0.0,0.0,0.0,0.0,0.79,-3.046287441049733e-10,2.6399998940412894e-11,0.0
28_28_Central_Atlantic_(1950),SC,0.12,20,0.013441102436,0.020515366876,0.012096991849560989,0.0013441102435999997,0.0041030733752,0.00297118956,0.0,0.0,0.0,Md. Bathyp.fish,0.0,0.0,0.0,0.0,0.0,0.9,3.428390106530177e-10,1.5047999985841332e-09,0.0
28_28_Central_Atlantic_(1950),SC,0.12,19,0.06545771003200002,0.22973138617000002,0.05891193573953475,0.0065457710032,0.04594627723400001,0.118327409,0.0,0.0,0.0,Sm. Bathyp. fish,0.0,0.0,0.0,0.0,0.0,0.9,3.2892652629401553e-09,-1.0095999994352844e-08,0.0
28_28_Central_Atlantic_(1950),SC,0.12,18,12.22519406327412,59.3828355,3.573220730157866,8.651973314709084,11.8765671,35.2810745,0.0,0.0,0.0,Sm. Meso fish,0.0,0.0,0.0,0.0,0.0,0.292283356,1.8407170898626646e-08,-1.6327412311056833e-07,0.0
28_28_Central_Atlantic_(1950),SC,0.12,17,0.0003348901755,0.0079257341535,0.00030140115666829864,3.348901755e-05,0.0015851468307,0.006005697,0.0,0.0,0.0,Lg. Meso fish,0.0,0.0,0.0,0.0,0.0,0.9,1.2817013617973105e-12,1.4729999945478633e-10,0.0
28_28_Central_Atlantic_(1950),SC,0.12,16,2.418293435320515,14.779333033030326,2.1764249584475417,0.24182934353205143,2.9558666066060653,9.405173,3.90985e-05,0.0,0.0,Sm. Epi. fish,0.0,4.691819999999999e-06,3.4406679999999996e-05,3.90985e-05,0.0,0.9,3.4840922147338915e-08,-8.896252623458167e-09,0.0
28_28_Central_Atlantic_(1950),SC,0.12,15,0.1059599016,0.7525932498796599,0.09523928587084607,0.010595990159999997,0.150518649975932,0.496114731,0.000124629,0.0,0.0,Md. Epi. fish,0.0,1.4955479999999998e-05,0.00010967351999999999,0.000124629,0.0,0.9,-3.4308460655774198e-09,-3.2696272078691635e-08,0.0
28_28_Central_Atlantic_(1950),SC,0.12,14,0.00984495897,0.12697145868897,0.007685239049978655,0.0018705422042999994,0.025394291737794002,0.091732204,0.000289178,0.0,0.0,Lg. Epi. fish,0.0,3.4701360000000003e-05,0.00025447664,0.000289178,0.0,0.81,-2.8427865443603206e-10,3.981175999978603e-09,0.0
28_28_Central_Atlantic_(1950),SC,0.12,13,0.00064010414496,0.010287388044000001,6.401041000000001e-05,0.000576093730464,0.0020574776088000003,0.00758980634,0.0,0.0,0.0,Lg. Plank. fish,0.0,0.0,0.0,0.0,0.0,0.09999999999999998,4.496000034943937e-12,-4.9759998205223255e-11,0.0
28_28_Central_Atlantic_(1950),SC,0.12,12,2.1336802558309998e-05,0.00021225354904839998,6.401041000000001e-07,2.0696698481560696e-05,4.245070980968e-05,0.000148466032,0.0,0.0,0.0,Billfishes,0.0,0.0,0.0,0.0,0.0,0.030000000000000027,-2.3250698648292698e-14,4.680409976687977e-12,0.0
28_28_Central_Atlantic_(1950),SC,0.12,11,0.00032651159999999997,0.004353488,6.401041000000001e-07,0.00032587149593018877,0.0008706976,0.00315627875,0.0,0.0,0.0,Swordfish,0.0,0.0,0.0,0.0,0.0,0.0019604328600000276,-3.0188796341229507e-14,5.000000023389073e-11,0.0
28_28_Central_Atlantic_(1950),SC,0.12,10,0.01072980688,0.46030871515199995,0.0017776866754339626,0.008952120234131998,0.09206174303039999,0.357517153,0.0,0.0,0.0,Bigeye,0.0,0.0,0.0,0.0,0.0,0.16567741300000005,-2.9565960790733925e-11,1.2241599955942206e-08,0.0
28_28_Central_Atlantic_(1950),SC,0.12,9,0.0002486316,0.0059671584,9.575327449622515e-05,0.00015287832471324,0.00119343168,0.004525095,0.0,0.0,0.0,Albacore,0.0,0.0,0.0,0.0,0.0,0.3851211,7.90534846785429e-13,1.200000003878654e-10,0.0
28_28_Central_Atlantic_(1950),SC,0.12,8,0.00804781642,0.15322104854,0.001044242037497828,0.007003574237715865,0.030644209707999998,0.114529014,0.0,0.0,0.0,Skipjack,0.0,0.0,0.0,0.0,0.0,0.12975472199999993,1.4478630620817778e-10,8.411999999347053e-09,0.0
28_28_Central_Atlantic_(1950),SC,0.12,7,2.1533975999999998e-06,3.588996e-05,6.401041000000001e-07,6.160445043768214e-07,7.177992e-06,2.655857e-05,8.97249e-07,0.0,0.0,Bluefin,0.0,1.0766988e-07,7.8957912e-07,8.97249e-07,0.0,0.713919759,-4.376821679337364e-15,3.999999997569316e-13,0.0
28_28_Central_Atlantic_(1950),SC,0.12,6,0.00010813669999999998,0.00239908993,6.988740116756793e-06,0.00010114795916850798,0.00047981798599999997,0.00181113509,0.0,0.0,0.0,Yellowfin,0.0,0.0,0.0,0.0,0.0,0.06462875999999995,7.147352100358301e-13,1.5400000003516767e-10,0.0
28_28_Central_Atlantic_(1950),SC,0.12,5,0.00249640599,0.06401040999999999,0.0005785155030430785,0.0018723044925,0.012802082,0.048711922,4.5586e-05,0.0,0.0,Pelagic sharks,0.0,5.47032e-06,4.011568e-05,4.5586e-05,0.0,0.25,-5.543078149261582e-12,9.999993888509806e-12,0.0
28_28_Central_Atlantic_(1950),SC,0.12,4,9.79823604992e-06,0.00919899290843,5.857542543244573e-06,3.940693277589222e-06,0.0018397985816859998,0.00734939566,0.0,0.0,0.0,Seabirds,0.0,0.0,0.0,0.0,0.0,0.59781605,2.290862049619249e-13,4.3069408022650135e-10,0.0
28_28_Central_Atlantic_(1950),SC,0.12,3,1.796872e-05,0.007911342611788,5.217438443244573e-06,1.275128168977432e-05,0.0015822685223576003,0.00631110556,0.0,0.0,0.0,Beaked whales,0.0,0.0,0.0,0.0,0.0,0.29036226900000006,-1.330188909053672e-13,-1.9056960089830488e-10,0.0
28_28_Central_Atlantic_(1950),SC,0.12,2,0.00156,0.52174383222,0.0008372185599812127,0.0007227814573199999,0.104348766444,0.415835053,0.0,0.0,0.0,Toothed whales,0.0,0.0,0.0,0.0,0.0,0.536678553,-1.730121276279084e-11,1.2775999980174646e-08,0.0
28_28_Central_Atlantic_(1950),SC,0.12,1,0.0008256798,0.1814176815802857,0.0005485316108812128,0.0002771482068003528,0.036283536316057144,0.144308478,0.0,0.0,0.0,Baleen whales,0.0,0.0,0.0,0.0,0.0,0.664339364,-1.76815656300483e-11,-1.2535771448662913e-08,0.0
28_28_Central_Atlantic_(1950),SM,0.12,39,-0.0,-0.0,0.0,0.0,0.0,0.0,0.0,0.0,0.0,diet_import,0.0,0.0,0.0,0.0,0.0,,-0.0,0.0,0.0
28_28_Central_Atlantic_(1950),SM,0.12,38,2777.8731082148574,2777.8731082148574,2718.2345000401283,0.0,0.0,0.0,0.0,59.63860817472914,0.0,Detritus,0.0,0.0,0.0,0.0,0.0,1.0,0.0,0.0,0.0
28_28_Central_Atlantic_(1950),SM,0.12,37,2964.2448555,2964.2448555,2304.4126302796485,659.8320120997337,0.0,0.0,0.0,0.0,0.0,Phytoplankton,0.0,0.0,0.0,0.0,0.0,0.777403,0.00021312061790013104,0.0,0.0
28_28_Central_Atlantic_(1950),SM,0.12,36,51.606198899999995,172.02066299999998,3.473465040262137,48.13273376183184,34.4041326,86.01033,0.0,0.0,0.0,Lg. Zoop. deep,0.0,0.0,0.0,0.0,0.0,0.06730712999999999,9.790602462089737e-08,1.499999996212864e-06,0.0
28_28_Central_Atlantic_(1950),SM,0.12,35,326.25349455,1088.1402679500002,136.65760187059252,189.59589687002213,217.62805359000004,544.2587,0.0,0.0,0.0,Sm. Zoop. deep,0.0,0.0,0.0,0.0,0.0,0.41886937599999996,-4.1906146179826465e-06,1.9810000139841577e-05,0.0
28_28_Central_Atlantic_(1950),SM,0.12,34,152.83878554999998,509.4626185,24.764043988060063,128.07474125496339,101.89252370000001,254.731323,0.0,0.0,0.0,Lg. Zoop. shlw,0.0,0.0,0.0,0.0,0.0,0.162027225,3.069765455165907e-07,-1.3749999965284587e-05,0.0
28_28_Central_Atlantic_(1950),SM,0.12,33,1141.8,3808.2000000000003,810.8210994383843,330.97876575719994,761.6400000000001,1904.76,0.0,0.0,0.0,Sm. Zoop. shlw,0.0,0.0,0.0,0.0,0.0,0.710125446,0.00013480441566571244,4.547473508864641e-13,0.0
28_28_Central_Atlantic_(1950),SM,0.12,32,415.91835,563.5749999999999,259.56446880550004,156.35385617274002,112.71499999999999,34.941597,0.0,0.0,0.0,Het. bacteria,0.0,0.0,0.0,0.0,0.0,0.6240755999999998,2.502175988183808e-05,5.2999999965663847e-05,0.0
28_28_Central_Atlantic_(1950),SM,0.12,31,0.43340000000000006,2.6398,0.041626123427598485,0.39177388030000004,0.5279600000000001,1.67843986,0.0,0.0,0.0,Megabenthos,0.0,0.0,0.0,0.0,0.0,0.0960455,-3.72759845213011e-09,1.3999999981528788e-07,0.0
28_28_Central_Atlantic_(1950),SM,0.12,30,0.369,3.6346499999999997,0.09863466851516114,0.270365328792,0.72693,2.53872,0.0,0.0,0.0,Macrobenthos,0.0,0.0,0.0,0.0,0.0,0.26730263200000004,2.6928388408009596e-09,0.0,0.0
28_28_Central_Atlantic_(1950),SM,0.12,29,2.214,22.287599999999998,0.5448121363030838,1.6691878621979999,4.45752,15.6160793,0.0,0.0,0.0,Meiobenthos,0.0,0.0,0.0,0.0,0.0,0.24607594300000002,1.4989161023493125e-09,6.99999999298484e-07,0.0
28_28_Central_Atlantic_(1950),SM,0.12,28,0.012723003955,0.02544600791,0.011450702967616381,0.0012723003954999996,0.005089201582,0.007633802,0.0,0.0,0.0,Benth. ceph.,0.0,0.0,0.0,0.0,0.0,0.9,5.918836185059284e-10,3.729999989432464e-10,0.0
28_28_Central_Atlantic_(1950),SM,0.12,27,0.5644206439999999,4.47855511,0.507978562200084,0.05644206439999998,0.8957110220000001,3.01842356,0.0,0.0,0.0,Lg Squids,0.0,0.0,0.0,0.0,0.0,0.9,1.739991595250956e-08,-1.1599999982792042e-07,0.0
28_28_Central_Atlantic_(1950),SM,0.12,26,1.9626521827999999,15.573218407,1.766386893631383,0.19626521827999993,3.1146436814000005,10.4959221,0.0,0.0,0.0,Sm Squids,0.0,0.0,0.0,0.0,0.0,0.9,7.08886169764611e-08,4.428000011102995e-07,0.0
28_28_Central_Atlantic_(1950),SM,0.12,25,0.029511966558754574,0.05365811909218538,0.028247997140988634,0.001263969107687661,0.010731623818437078,0.01341453,0.0,0.0,0.0,Lg. Bathyd. abs,0.0,0.0,0.0,0.0,0.0,0.957170963,3.100782790255163e-10,-1.2850062697938869e-09,0.0
28_28_Central_Atlantic_(1950),SM,0.12,24,0.032007212730000005,0.0581949347850468,0.03092652416753671,0.0010806897702190206,0.011638986957009361,0.014548731,0.0,0.0,0.0,Sm. Bathyd. abs,0.0,0.0,0.0,0.0,0.0,0.966236055,-1.207755728760418e-09,4.098037435437685e-09,0.0
28_28_Central_Atlantic_(1950),SM,0.12,23,0.0030136304000000004,0.00547932783219558,0.0019225564713861983,0.00103479022454528,0.001095865566439116,0.00136983185,6.39589e-05,0.0,0.0,Lg. Bathyd. slp,0.0,7.675068e-06,5.6283832e-05,5.6283832e-05,0.0,0.656630015231702,-1.2793147791123616e-10,1.5756463408317378e-11,0.0
28_28_Central_Atlantic_(1950),SM,0.12,22,0.005653607665707449,0.010279287244467,0.004260451747794523,0.0012275844257042862,0.0020558574488934002,0.00256982166,0.000188149,0.0,0.0,Sm. Bathyd. slp,0.0,2.2577879999999998e-05,0.00016557112,0.00016557112,0.0,0.7828670650157901,3.7220863977754926e-10,4.69866151195375e-10,0.0
28_28_Central_Atlantic_(1950),SM,0.12,21,0.006341536224000001,0.011508713888,0.005009813921588745,0.0013317226070399999,0.0023017427776000003,0.00286543486,0.0,0.0,0.0,Lg. Bathyp. fish,0.0,0.0,0.0,0.0,0.0,0.79,-3.046287441049733e-10,2.6399998940412894e-11,0.0
28_28_Central_Atlantic_(1950),SM,0.12,20,0.013441102436,0.020515366876,0.012096991849560989,0.0013441102435999997,0.0041030733752,0.00297118956,0.0,0.0,0.0,Md. Bathyp.fish,0.0,0.0,0.0,0.0,0.0,0.9,3.428390106530177e-10,1.5047999985841332e-09,0.0
28_28_Central_Atlantic_(1950),SM,0.12,19,0.06545771003200002,0.22973138617000002,0.05891193573953475,0.0065457710032,0.04594627723400001,0.118327409,0.0,0.0,0.0,Sm. Bathyp. fish,0.0,0.0,0.0,0.0,0.0,0.9,3.2892652629401553e-09,-1.0095999994352844e-08,0.0
28_28_Central_Atlantic_(1950),SM,0.12,18,12.22519406327412,59.3828355,3.573220730157866,8.651973314709084,11.8765671,35.2810745,0.0,0.0,0.0,Sm. Meso fish,0.0,0.0,0.0,0.0,0.0,0.292283356,1.8407170898626646e-08,-1.6327412311056833e-07,0.0
28_28_Central_Atlantic_(1950),SM,0.12,17,0.0003348901755,0.0079257341535,0.00030140115666829864,3.348901755e-05,0.0015851468307,0.006005697,0.0,0.0,0.0,Lg. Meso fish,0.0,0.0,0.0,0.0,0.0,0.9,1.2817013617973105e-12,1.4729999945478633e-10,0.0
28_28_Central_Atlantic_(1950),SM,0.12,16,2.418293435320515,14.779333033030326,2.1764249584475417,0.24183403535205145,2.9558666066060653,9.405173,3.90985e-05,0.0,0.0,Sm. Epi. fish,0.0,4.691819999999999e-06,3.4406679999999996e-05,3.4406679999999996e-05,0.0,0.899998059863236,3.4840921703249705e-08,-8.896252623458167e-09,0.0
28_28_Central_Atlantic_(1950),SM,0.12,15,0.1059599016,0.7525932498796599,0.09523928587084607,0.010610945639999998,0.150518649975932,0.496114731,0.000124629,0.0,0.0,Md. Epi. fish,0.0,1.4955479999999998e-05,0.00010967351999999999,0.00010967351999999999,0.0,0.8998588571735706,-3.4308460655774198e-09,-3.2696272078691635e-08,0.0
28_28_Central_Atlantic_(1950),SM,0.12,14,0.00984495897,0.12697145868897,0.007685239049978655,0.0019052435642999993,0.025394291737794002,0.091732204,0.000289178,0.0,0.0,Lg. Epi. fish,0.0,3.4701360000000003e-05,0.00025447664,0.00025447664,0.0,0.8064752153761389,-2.8427865443603206e-10,3.981175999978603e-09,0.0
28_28_Central_Atlantic_(1950),SM,0.12,13,0.00064010414496,0.010287388044000001,6.401041000000001e-05,0.000576093730464,0.0020574776088000003,0.00758980634,0.0,0.0,0.0,Lg. Plank. fish,0.0,0.0,0.0,0.0,0.0,0.09999999999999998,4.496000034943937e-12,-4.9759998205223255e-11,0.0
28_28_Central_Atlantic_(1950),SM,0.12,12,2.1336802558309998e-05,0.00021225354904839998,6.401041000000001e-07,2.0696698481560696e-05,4.245070980968e-05,0.000148466032,0.0,0.0,0.0,Billfishes,0.0,0.0,0.0,0.0,0.0,0.030000000000000027,-2.3250698648292698e-14,4.680409976687977e-12,0.0
28_28_Central_Atlantic_(1950),SM,0.12,11,0.00032651159999999997,0.004353488,6.401041000000001e-07,0.00032587149593018877,0.0008706976,0.00315627875,0.0,0.0,0.0,Swordfish,0.0,0.0,0.0,0.0,0.0,0.0019604328600000276,-3.0188796341229507e-14,5.000000023389073e-11,0.0
28_28_Central_Atlantic_(1950),SM,0.12,10,0.01072980688,0.46030871515199995,0.0017776866754339626,0.008952120234131998,0.09206174303039999,0.357517153,0.0,0.0,0.0,Bigeye,0.0,0.0,0.0,0.0,0.0,0.16567741300000005,-2.9565960790733925e-11,1.2241599955942206e-08,0.0
28_28_Central_Atlantic_(1950),SM,0.12,9,0.0002486316,0.0059671584,9.575327449622515e-05,0.00015287832471324,0.00119343168,0.004525095,0.0,0.0,0.0,Albacore,0.0,0.0,0.0,0.0,0.0,0.3851211,7.90534846785429e-13,1.200000003878654e-10,0.0
28_28_Central_Atlantic_(1950),SM,0.12,8,0.00804781642,0.15322104854,0.001044242037497828,0.007003574237715865,0.030644209707999998,0.114529014,0.0,0.0,0.0,Skipjack,0.0,0.0,0.0,0.0,0.0,0.12975472199999993,1.4478630620817778e-10,8.411999999347053e-09,0.0
28_28_Central_Atlantic_(1950),SM,0.12,7,2.1533975999999998e-06,3.588996e-05,6.401041000000001e-07,7.237143843768215e-07,7.177992e-06,2.655857e-05,8.97249e-07,0.0,0.0,Bluefin,0.0,1.0766988e-07,7.8957912e-07,7.8957912e-07,0.0,0.663919759,-4.376821679337364e-15,3.999999997569316e-13,0.0
28_28_Central_Atlantic_(1950),SM,0.12,6,0.00010813669999999998,0.00239908993,6.988740116756793e-06,0.00010114795916850798,0.00047981798599999997,0.00181113509,0.0,0.0,0.0,Yellowfin,0.0,0.0,0.0,0.0,0.0,0.06462875999999995,7.147352100358301e-13,1.5400000003516767e-10,0.0
28_28_Central_Atlantic_(1950),SM,0.12,5,0.00249640599,0.06401040999999999,0.0005785155030430785,0.0018777748125,0.012802082,0.048711922,4.5586e-05,0.0,0.0,Pelagic sharks,0.0,5.47032e-06,4.011568e-05,4.011568e-05,0.0,0.2478087218097086,-5.543078582942451e-12,9.999993888509806e-12,0.0
28_28_Central_Atlantic_(1950),SM,0.12,4,9.79823604992e-06,0.00919899290843,5.857542543244573e-06,3.940693277589222e-06,0.0018397985816859998,0.00734939566,0.0,0.0,0.0,Seabirds,0.0,0.0,0.0,0.0,0.0,0.59781605,2.290862049619249e-13,4.3069408022650135e-10,0.0
28_28_Central_Atlantic_(1950),SM,0.12,3,1.796872e-05,0.007911342611788,5.217438443244573e-06,1.275128168977432e-05,0.0015822685223576003,0.00631110556,0.0,0.0,0.0,Beaked whales,0.0,0.0,0.0,0.0,0.0,0.29036226900000006,-1.330188909053672e-13,-1.9056960089830488e-10,0.0
28_28_Central_Atlantic_(1950),SM,0.12,2,0.00156,0.52174383222,0.0008372185599812127,0.0007227814573199999,0.104348766444,0.415835053,0.0,0.0,0.0,Toothed whales,0.0,0.0,0.0,0.0,0.0,0.536678553,-1.730121276279084e-11,1.2775999980174646e-08,0.0
28_28_Central_Atlantic_(1950),SM,0.12,1,0.0008256798,0.1814176815802857,0.0005485316108812128,0.0002771482068003528,0.036283536316057144,0.144308478,0.0,0.0,0.0,Baleen whales,0.0,0.0,0.0,0.0,0.0,0.664339364,-1.76815656300483e-11,-1.2535771448662913e-08,0.0
28_28_Central_Atlantic_(1950),SE,0.12,39,-0.0,-0.0,0.0,0.0,0.0,0.0,0.0,0.0,0.0,diet_import,0.0,0.0,0.0,0.0,0.0,,-0.0,0.0,0.0
28_28_Central_Atlantic_(1950),SE,0.12,38,2777.8730180352595,2777.8730180352595,2718.2345000401283,0.0,0.0,0.0,0.0,59.638517995131224,0.0,Detritus,0.0,0.0,0.0,0.0,0.0,1.0,0.0,0.0,0.0
28_28_Central_Atlantic_(1950),SE,0.12,37,2964.2448555,2964.2448555,2304.4126302796485,659.8320120997337,0.0,0.0,0.0,0.0,0.0,Phytoplankton,0.0,0.0,0.0,0.0,0.0,0.777403,0.00021312061790013104,0.0,0.0
28_28_Central_Atlantic_(1950),SE,0.12,36,51.606198899999995,172.02066299999998,3.473465040262137,48.13273376183184,34.4041326,86.01033,0.0,0.0,0.0,Lg. Zoop. deep,0.0,0.0,0.0,0.0,0.0,0.06730712999999999,9.790602462089737e-08,1.499999996212864e-06,0.0
28_28_Central_Atlantic_(1950),SE,0.12,35,326.25349455,1088.1402679500002,136.65760187059252,189.59589687002213,217.62805359000004,544.2587,0.0,0.0,0.0,Sm. Zoop. deep,0.0,0.0,0.0,0.0,0.0,0.41886937599999996,-4.1906146179826465e-06,1.9810000139841577e-05,0.0
28_28_Central_Atlantic_(1950),SE,0.12,34,152.83878554999998,509.4626185,24.764043988060063,128.07474125496339,101.89252370000001,254.731323,0.0,0.0,0.0,Lg. Zoop. shlw,0.0,0.0,0.0,0.0,0.0,0.162027225,3.069765455165907e-07,-1.3749999965284587e-05,0.0
28_28_Central_Atlantic_(1950),SE,0.12,33,1141.8,3808.2000000000003,810.8210994383843,330.97876575719994,761.6400000000001,1904.76,0.0,0.0,0.0,Sm. Zoop. shlw,0.0,0.0,0.0,0.0,0.0,0.710125446,0.00013480441566571244,4.547473508864641e-13,0.0
28_28_Central_Atlantic_(1950),SE,0.12,32,415.91835,563.5749999999999,259.56446880550004,156.35385617274002,112.71499999999999,34.941597,0.0,0.0,0.0,Het. bacteria,0.0,0.0,0.0,0.0,0.0,0.6240755999999998,2.502175988183808e-05,5.2999999965663847e-05,0.0
28_28_Central_Atlantic_(1950),SE,0.12,31,0.43340000000000006,2.6398,0.041626123427598485,0.39177388030000004,0.5279600000000001,1.67843986,0.0,0.0,0.0,Megabenthos,0.0,0.0,0.0,0.0,0.0,0.0960455,-3.72759845213011e-09,1.3999999981528788e-07,0.0
28_28_Central_Atlantic_(1950),SE,0.12,30,0.369,3.6346499999999997,0.09863466851516114,0.270365328792,0.72693,2.53872,0.0,0.0,0.0,Macrobenthos,0.0,0.0,0.0,0.0,0.0,0.26730263200000004,2.6928388408009596e-09,0.0,0.0
28_28_Central_Atlantic_(1950),SE,0.12,29,2.214,22.287599999999998,0.5448121363030838,1.6691878621979999,4.45752,15.6160793,0.0,0.0,0.0,Meiobenthos,0.0,0.0,0.0,0.0,0.0,0.24607594300000002,1.4989161023493125e-09,6.99999999298484e-07,0.0
28_28_Central_Atlantic_(1950),SE,0.12,28,0.012723003955,0.02544600791,0.011450702967616381,0.0012723003954999996,0.005089201582,0.007633802,0.0,0.0,0.0,Benth. ceph.,0.0,0.0,0.0,0.0,0.0,0.9,5.918836185059284e-10,3.729999989432464e-10,0.0
28_28_Central_Atlantic_(1950),SE,0.12,27,0.5644206439999999,4.47855511,0.507978562200084,0.05644206439999998,0.8957110220000001,3.01842356,0.0,0.0,0.0,Lg Squids,0.0,0.0,0.0,0.0,0.0,0.9,1.739991595250956e-08,-1.1599999982792042e-07,0.0
28_28_Central_Atlantic_(1950),SE,0.12,26,1.9626521827999999,15.573218407,1.766386893631383,0.19626521827999993,3.1146436814000005,10.4959221,0.0,0.0,0.0,Sm Squids,0.0,0.0,0.0,0.0,0.0,0.9,7.08886169764611e-08,4.428000011102995e-07,0.0
28_28_Central_Atlantic_(1950),SE,0.12,25,0.029511966558754574,0.05365811909218538,0.028247997140988634,0.001263969107687661,0.010731623818437078,0.01341453,0.0,0.0,0.0,Lg. Bathyd. abs,0.0,0.0,0.0,0.0,0.0,0.957170963,3.100782790255163e-10,-1.2850062697938869e-09,0.0
28_28_Central_Atlantic_(1950),SE,0.12,24,0.032007212730000005,0.0581949347850468,0.03092652416753671,0.0010806897702190206,0.011638986957009361,0.014548731,0.0,0.0,0.0,Sm. Bathyd. abs,0.0,0.0,0.0,0.0,0.0,0.966236055,-1.207755728760418e-09,4.098037435437685e-09,0.0
28_28_Central_Atlantic_(1950),SE,0.12,23,0.0030136304000000004,0.00547932783219558,0.0019225564713861983,0.00102711515654528,0.001095865566439116,0.00136983185,6.39589e-05,0.0,0.0,Lg. Bathyd. slp,7.675068e-06,7.675068e-06,5.6283832e-05,5.6283832e-05,0.0,0.6591768,-1.2793147834491703e-10,1.5756463408317378e-11,0.0
28_28_Central_Atlantic_(1950),SE,0.12,22,0.005653607665707449,0.010279287244467,0.004260451747794523,0.0012050065457042862,0.0020558574488934002,0.00256982166,0.000188149,0.0,0.0,Sm. Bathyd. slp,2.2577879999999998e-05,2.2577879999999998e-05,0.00016557112,0.00016557112,0.0,0.7868606,3.7220863977754926e-10,4.69866151195375e-10,0.0
28_28_Central_Atlantic_(1950),SE,0.12,21,0.006341536224000001,0.011508713888,0.005009813921588745,0.0013317226070399999,0.0023017427776000003,0.00286543486,0.0,0.0,0.0,Lg. Bathyp. fish,0.0,0.0,0.0,0.0,0.0,0.79,-3.046287441049733e-10,2.6399998940412894e-11,0.0
28_28_Central_Atlantic_(1950),SE,0.12,20,0.013441102436,0.020515366876,0.012096991849560989,0.0013441102435999997,0.0041030733752,0.00297118956,0.0,0.0,0.0,Md. Bathyp.fish,0.0,0.0,0.0,0.0,0.0,0.9,3.428390106530177e-10,1.5047999985841332e-09,0.0
28_28_Central_Atlantic_(1950),SE,0.12,19,0.06545771003200002,0.22973138617000002,0.05891193573953475,0.0065457710032,0.04594627723400001,0.118327409,0.0,0.0,0.0,Sm. Bathyp. fish,0.0,0.0,0.0,0.0,0.0,0.9,3.2892652629401553e-09,-1.0095999994352844e-08,0.0
28_28_Central_Atlantic_(1950),SE,0.12,18,12.22519406327412,59.3828355,3.573220730157866,8.651973314709084,11.8765671,35.2810745,0.0,0.0,0.0,Sm. Meso fish,0.0,0.0,0.0,0.0,0.0,0.292283356,1.8407170898626646e-08,-1.6327412311056833e-07,0.0
28_28_Central_Atlantic_(1950),SE,0.12,17,0.0003348901755,0.0079257341535,0.00030140115666829864,3.348901755e-05,0.0015851468307,0.006005697,0.0,0.0,0.0,Lg. Meso fish,0.0,0.0,0.0,0.0,0.0,0.9,1.2817013617973105e-12,1.4729999945478633e-10,0.0
28_28_Central_Atlantic_(1950),SE,0.12,16,2.418293435320515,14.779333033030326,2.1764249584475417,0.24182934353205143,2.9558666066060653,9.405173,3.90985e-05,0.0,0.0,Sm. Epi. fish,4.691819999999999e-06,4.691819999999999e-06,3.4406679999999996e-05,3.4406679999999996e-05,0.0,0.9,3.4840921703249705e-08,-8.896252623458167e-09,0.0
28_28_Central_Atlantic_(1950),SE,0.12,15,0.1059599016,0.7525932498796599,0.09523928587084607,0.010595990159999997,0.150518649975932,0.496114731,0.000124629,0.0,0.0,Md. Epi. fish,1.4955479999999998e-05,1.4955479999999998e-05,0.00010967351999999999,0.00010967351999999999,0.0,0.9,-3.4308460655774198e-09,-3.2696272078691635e-08,0.0
28_28_Central_Atlantic_(1950),SE,0.12,14,0.00984495897,0.12697145868897,0.007685239049978655,0.0018705422042999994,0.025394291737794002,0.091732204,0.000289178,0.0,0.0,Lg. Epi. fish,3.4701360000000003e-05,3.4701360000000003e-05,0.00025447664,0.00025447664,0.0,0.81,-2.8427865443603206e-10,3.981175999978603e-09,0.0
28_28_Central_Atlantic_(1950),SE,0.12,13,0.00064010414496,0.010287388044000001,6.401041000000001e-05,0.000576093730464,0.0020574776088000003,0.00758980634,0.0,0.0,0.0,Lg. Plank. fish,0.0,0.0,0.0,0.0,0.0,0.09999999999999998,4.496000034943937e-12,-4.9759998205223255e-11,0.0
28_28_Central_Atlantic_(1950),SE,0.12,12,2.1336802558309998e-05,0.00021225354904839998,6.401041000000001e-07,2.0696698481560696e-05,4.245070980968e-05,0.000148466032,0.0,0.0,0.0,Billfishes,0.0,0.0,0.0,0.0,0.0,0.030000000000000027,-2.3250698648292698e-14,4.680409976687977e-12,0.0
28_28_Central_Atlantic_(1950),SE,0.12,11,0.00032651159999999997,0.004353488,6.401041000000001e-07,0.00032587149593018877,0.0008706976,0.00315627875,0.0,0.0,0.0,Swordfish,0.0,0.0,0.0,0.0,0.0,0.0019604328600000276,-3.0188796341229507e-14,5.000000023389073e-11,0.0
28_28_Central_Atlantic_(1950),SE,0.12,10,0.01072980688,0.46030871515199995,0.0017776866754339626,0.008952120234131998,0.09206174303039999,0.357517153,0.0,0.0,0.0,Bigeye,0.0,0.0,0.0,0.0,0.0,0.16567741300000005,-2.9565960790733925e-11,1.2241599955942206e-08,0.0
28_28_Central_Atlantic_(1950),SE,0.12,9,0.0002486316,0.0059671584,9.575327449622515e-05,0.00015287832471324,0.00119343168,0.004525095,0.0,0.0,0.0,Albacore,0.0,0.0,0.0,0.0,0.0,0.3851211,7.90534846785429e-13,1.200000003878654e-10,0.0
28_28_Central_Atlantic_(1950),SE,0.12,8,0.00804781642,0.15322104854,0.001044242037497828,0.007003574237715865,0.030644209707999998,0.114529014,0.0,0.0,0.0,Skipjack,0.0,0.0,0.0,0.0,0.0,0.12975472199999993,1.4478630620817778e-10,8.411999999347053e-09,0.0
28_28_Central_Atlantic_(1950),SE,0.12,7,2.1533975999999998e-06,3.588996e-05,6.401041000000001e-07,6.160445043768214e-07,7.177992e-06,2.655857e-05,8.97249e-07,0.0,0.0,Bluefin,1.0766988e-07,1.0766988e-07,7.8957912e-07,7.8957912e-07,0.0,0.713919759,-4.376821679337364e-15,3.999999997569316e-13,0.0
28_28_Central_Atlantic_(1950),SE,0.12,6,0.00010813669999999998,0.00239908993,6.988740116756793e-06,0.00010114795916850798,0.00047981798599999997,0.00181113509,0.0,0.0,0.0,Yellowfin,0.0,0.0,0.0,0.0,0.0,0.06462875999999995,7.147352100358301e-13,1.5400000003516767e-10,0.0
28_28_Central_Atlantic_(1950),SE,0.12,5,0.00249640599,0.06401040999999999,0.0005785155030430785,0.0018723044925,0.012802082,0.048711922,4.5586e-05,0.0,0.0,Pelagic sharks,5.47032e-06,5.47032e-06,4.011568e-05,4.011568e-05,0.0,0.25,-5.543078582942451e-12,9.999993888509806e-12,0.0
28_28_Central_Atlantic_(1950),SE,0.12,4,9.79823604992e-06,0.00919899290843,5.857542543244573e-06,3.940693277589222e-06,0.0018397985816859998,0.00734939566,0.0,0.0,0.0,Seabirds,0.0,0.0,0.0,0.0,0.0,0.59781605,2.290862049619249e-13,4.3069408022650135e-10,0.0
28_28_Central_Atlantic_(1950),SE,0.12,3,1.796872e-05,0.007911342611788,5.217438443244573e-06,1.275128168977432e-05,0.0015822685223576003,0.00631110556,0.0,0.0,0.0,Beaked whales,0.0,0.0,0.0,0.0,0.0,0.29036226900000006,-1.330188909053672e-13,-1.9056960089830488e-10,0.0
28_28_Central_Atlantic_(1950),SE,0.12,2,0.00156,0.52174383222,0.0008372185599812127,0.0007227814573199999,0.104348766444,0.415835053,0.0,0.0,0.0,Toothed whales,0.0,0.0,0.0,0.0,0.0,0.536678553,-1.730121276279084e-11,1.2775999980174646e-08,0.0
28_28_Central_Atlantic_(1950),SE,0.12,1,0.0008256798,0.1814176815802857,0.0005485316108812128,0.0002771482068003528,0.036283536316057144,0.144308478,0.0,0.0,0.0,Baleen whales,0.0,0.0,0.0,0.0,0.0,0.664339364,-1.76815656300483e-11,-1.2535771448662913e-08,0.0
28_28_Central_Atlantic_(1950),SC,0.13,39,-0.0,-0.0,0.0,0.0,0.0,0.0,0.0,0.0,0.0,diet_import,0.0,0.0,0.0,0.0,0.0,,-0.0,0.0,0.0
28_28_Central_Atlantic_(1950),SC,0.13,38,2777.8730180352595,2777.8730180352595,2718.2345000401283,0.0,0.0,0.0,0.0,59.638517995131224,0.0,Detritus,0.0,0.0,0.0,0.0,0.0,1.0,0.0,0.0,0.0
28_28_Central_Atlantic_(1950),SC,0.13,37,2964.2448555,2964.2448555,2304.4126302796485,659.8320120997337,0.0,0.0,0.0,0.0,0.0,Phytoplankton,0.0,0.0,0.0,0.0,0.0,0.777403,0.00021312061790013104,0.0,0.0
28_28_Central_Atlantic_(1950),SC,0.13,36,51.606198899999995,172.02066299999998,3.473465040262137,48.13273376183184,34.4041326,86.01033,0.0,0.0,0.0,Lg. Zoop. deep,0.0,0.0,0.0,0.0,0.0,0.06730712999999999,9.790602462089737e-08,1.499999996212864e-06,0.0
28_28_Central_Atlantic_(1950),SC,0.13,35,326.25349455,1088.1402679500002,136.65760187059252,189.59589687002213,217.62805359000004,544.2587,0.0,0.0,0.0,Sm. Zoop. deep,0.0,0.0,0.0,0.0,0.0,0.41886937599999996,-4.1906146179826465e-06,1.9810000139841577e-05,0.0
28_28_Central_Atlantic_(1950),SC,0.13,34,152.83878554999998,509.4626185,24.764043988060063,128.07474125496339,101.89252370000001,254.731323,0.0,0.0,0.0,Lg. Zoop. shlw,0.0,0.0,0.0,0.0,0.0,0.162027225,3.069765455165907e-07,-1.3749999965284587e-05,0.0
28_28_Central_Atlantic_(1950),SC,0.13,33,1141.8,3808.2000000000003,810.8210994383843,330.97876575719994,761.6400000000001,1904.76,0.0,0.0,0.0,Sm. Zoop. shlw,0.0,0.0,0.0,0.0,0.0,0.710125446,0.00013480441566571244,4.547473508864641e-13,0.0
28_28_Central_Atlantic_(1950),SC,0.13,32,415.91835,563.5749999999999,259.56446880550004,156.35385617274002,112.71499999999999,34.941597,0.0,0.0,0.0,Het. bacteria,0.0,0.0,0.0,0.0,0.0,0.6240755999999998,2.502175988183808e-05,5.2999999965663847e-05,0.0
28_28_Central_Atlantic_(1950),SC,0.13,31,0.43340000000000006,2.6398,0.041626123427598485,0.39177388030000004,0.5279600000000001,1.67843986,0.0,0.0,0.0,Megabenthos,0.0,0.0,0.0,0.0,0.0,0.0960455,-3.72759845213011e-09,1.3999999981528788e-07,0.0
28_28_Central_Atlantic_(1950),SC,0.13,30,0.369,3.6346499999999997,0.09863466851516114,0.270365328792,0.72693,2.53872,0.0,0.0,0.0,Macrobenthos,0.0,0.0,0.0,0.0,0.0,0.26730263200000004,2.6928388408009596e-09,0.0,0.0
28_28_Central_Atlantic_(1950),SC,0.13,29,2.214,22.287599999999998,0.5448121363030838,1.6691878621979999,4.45752,15.6160793,0.0,0.0,0.0,Meiobenthos,0.0,0.0,0.0,0.0,0.0,0.24607594300000002,1.4989161023493125e-09,6.99999999298484e-07,0.0
28_28_Central_Atlantic_(1950),SC,0.13,28,0.012723003955,0.02544600791,0.011450702967616381,0.0012723003954999996,0.005089201582,0.007633802,0.0,0.0,0.0,Benth. ceph.,0.0,0.0,0.0,0.0,0.0,0.9,5.918836185059284e-10,3.729999989432464e-10,0.0
28_28_Central_Atlantic_(1950),SC,0.13,27,0.5644206439999999,4.47855511,0.507978562200084,0.05644206439999998,0.8957110220000001,3.01842356,0.0,0.0,0.0,Lg Squids,0.0,0.0,0.0,0.0,0.0,0.9,1.739991595250956e-08,-1.1599999982792042e-07,0.0
28_28_Central_Atlantic_(1950),SC,0.13,26,1.9626521827999999,15.573218407,1.766386893631383,0.19626521827999993,3.1146436814000005,10.4959221,0.0,0.0,0.0,Sm Squids,0.0,0.0,0.0,0.0,0.0,0.9,7.08886169764611e-08,4.428000011102995e-07,0.0
28_28_Central_Atlantic_(1950),SC,0.13,25,0.029511966558754574,0.05365811909218538,0.028247997140988634,0.001263969107687661,0.010731623818437078,0.01341453,0.0,0.0,0.0,Lg. Bathyd. abs,0.0,0.0,0.0,0.0,0.0,0.957170963,3.100782790255163e-10,-1.2850062697938869e-09,0.0
28_28_Central_Atlantic_(1950),SC,0.13,24,0.032007212730000005,0.0581949347850468,0.03092652416753671,0.0010806897702190206,0.011638986957009361,0.014548731,0.0,0.0,0.0,Sm. Bathyd. abs,0.0,0.0,0.0,0.0,0.0,0.966236055,-1.207755728760418e-09,4.098037435437685e-09,0.0
28_28_Central_Atlantic_(1950),SC,0.13,23,0.0030136304000000004,0.00547932783219558,0.0019225564713861983,0.00102711515654528,0.001095865566439116,0.00136983185,6.39589e-05,0.0,0.0,Lg. Bathyd. slp,0.0,8.314657e-06,5.5644242999999996e-05,6.39589e-05,0.0,0.6591768,-1.2793147834491703e-10,1.5756463408317378e-11,0.0
28_28_Central_Atlantic_(1950),SC,0.13,22,0.005653607665707449,0.010279287244467,0.004260451747794523,0.0012050065457042862,0.0020558574488934002,0.00256982166,0.000188149,0.0,0.0,Sm. Bathyd. slp,0.0,2.4459370000000003e-05,0.00016368963000000001,0.000188149,0.0,0.7868606,3.7220863977754926e-10,4.69866151195375e-10,0.0
28_28_Central_Atlantic_(1950),SC,0.13,21,0.006341536224000001,0.011508713888,0.005009813921588745,0.0013317226070399999,0.0023017427776000003,0.00286543486,0.0,0.0,0.0,Lg. Bathyp. fish,0.0,0.0,0.0,0.0,0.0,0.79,-3.046287441049733e-10,2.6399998940412894e-11,0.0
28_28_Central_Atlantic_(1950),SC,0.13,20,0.013441102436,0.020515366876,0.012096991849560989,0.0013441102435999997,0.0041030733752,0.00297118956,0.0,0.0,0.0,Md. Bathyp.fish,0.0,0.0,0.0,0.0,0.0,0.9,3.428390106530177e-10,1.5047999985841332e-09,0.0
28_28_Central_Atlantic_(1950),SC,0.13,19,0.06545771003200002,0.22973138617000002,0.05891193573953475,0.0065457710032,0.04594627723400001,0.118327409,0.0,0.0,0.0,Sm. Bathyp. fish,0.0,0.0,0.0,0.0,0.0,0.9,3.2892652629401553e-09,-1.0095999994352844e-08,0.0
28_28_Central_Atlantic_(1950),SC,0.13,18,12.22519406327412,59.3828355,3.573220730157866,8.651973314709084,11.8765671,35.2810745,0.0,0.0,0.0,Sm. Meso fish,0.0,0.0,0.0,0.0,0.0,0.292283356,1.8407170898626646e-08,-1.6327412311056833e-07,0.0
28_28_Central_Atlantic_(1950),SC,0.13,17,0.0003348901755,0.0079257341535,0.00030140115666829864,3.348901755e-05,0.0015851468307,0.006005697,0.0,0.0,0.0,Lg. Meso fish,0.0,0.0,0.0,0.0,0.0,0.9,1.2817013617973105e-12,1.4729999945478633e-10,0.0
28_28_Central_Atlantic_(1950),SC,0.13,16,2.418293435320515,14.779333033030326,2.1764249584475417,0.24182934353205143,2.9558666066060653,9.405173,3.90985e-05,0.0,0.0,Sm. Epi. fish,0.0,5.082805e-06,3.4015695e-05,3.90985e-05,0.0,0.9,3.4840922147338915e-08,-8.896252623458167e-09,0.0
28_28_Central_Atlantic_(1950),SC,0.13,15,0.1059599016,0.7525932498796599,0.09523928587084607,0.010595990159999997,0.150518649975932,0.496114731,0.000124629,0.0,0.0,Md. Epi. fish,0.0,1.620177e-05,0.00010842722999999999,0.000124629,0.0,0.9,-3.4308460655774198e-09,-3.2696272078691635e-08,0.0
28_28_Central_Atlantic_(1950),SC,0.13,14,0.00984495897,0.12697145868897,0.007685239049978655,0.0018705422042999994,0.025394291737794002,0.091732204,0.000289178,0.0,0.0,Lg. Epi. fish,0.0,3.759314e-05,0.00025158486,0.000289178,0.0,0.81,-2.8427865443603206e-10,3.981175999978603e-09,0.0
28_28_Central_Atlantic_(1950),SC,0.13,13,0.00064010414496,0.010287388044000001,6.401041000000001e-05,0.000576093730464,0.0020574776088000003,0.00758980634,0.0,0.0,0.0,Lg. Plank. fish,0.0,0.0,0.0,0.0,0.0,0.09999999999999998,4.496000034943937e-12,-4.9759998205223255e-11,0.0
28_28_Central_Atlantic_(1950),SC,0.13,12,2.1336802558309998e-05,0.00021225354904839998,6.401041000000001e-07,2.0696698481560696e-05,4.245070980968e-05,0.000148466032,0.0,0.0,0.0,Billfishes,0.0,0.0,0.0,0.0,0.0,0.030000000000000027,-2.3250698648292698e-14,4.680409976687977e-12,0.0
28_28_Central_Atlantic_(1950),SC,0.13,11,0.00032651159999999997,0.004353488,6.401041000000001e-07,0.00032587149593018877,0.0008706976,0.00315627875,0.0,0.0,0.0,Swordfish,0.0,0.0,0.0,0.0,0.0,0.0019604328600000276,-3.0188796341229507e-14,5.000000023389073e-11,0.0
28_28_Central_Atlantic_(1950),SC,0.13,10,0.01072980688,0.46030871515199995,0.0017776866754339626,0.008952120234131998,0.09206174303039999,0.357517153,0.0,0.0,0.0,Bigeye,0.0,0.0,0.0,0.0,0.0,0.16567741300000005,-2.9565960790733925e-11,1.2241599955942206e-08,0.0
28_28_Central_Atlantic_(1950),SC,0.13,9,0.0002486316,0.0059671584,9.575327449622515e-05,0.00015287832471324,0.00119343168,0.004525095,0.0,0.0,0.0,Albacore,0.0,0.0,0.0,0.0,0.0,0.3851211,7.90534846785429e-13,1.200000003878654e-10,0.0
28_28_Central_Atlantic_(1950),SC,0.13,8,0.00804781642,0.15322104854,0.001044242037497828,0.007003574237715865,0.030644209707999998,0.114529014,0.0,0.0,0.0,Skipjack,0.0,0.0,0.0,0.0,0.0,0.12975472199999993,1.4478630620817778e-10,8.411999999347053e-09,0.0
28_28_Central_Atlantic_(1950),SC,0.13,7,2.1533975999999998e-06,3.588996e-05,6.401041000000001e-07,6.160445043768214e-07,7.177992e-06,2.655857e-05,8.97249e-07,0.0,0.0,Bluefin,0.0,1.1664237000000001e-07,7.8060663e-07,8.97249e-07,0.0,0.713919759,-4.376821679337364e-15,3.999999997569316e-13,0.0
28_28_Central_Atlantic_(1950),SC,0.13,6,0.00010813669999999998,0.00239908993,6.988740116756793e-06,0.00010114795916850798,0.00047981798599999997,0.00181113509,0.0,0.0,0.0,Yellowfin,0.0,0.0,0.0,0.0,0.0,0.06462875999999995,7.147352100358301e-13,1.5400000003516767e-10,0.0
28_28_Central_Atlantic_(1950),SC,0.13,5,0.00249640599,0.06401040999999999,0.0005785155030430785,0.0018723044925,0.012802082,0.048711922,4.5586e-05,0.0,0.0,Pelagic sharks,0.0,5.92618e-06,3.965982e-05,4.5586e-05,0.0,0.25,-5.543078149261582e-12,9.999993888509806e-12,0.0
28_28_Central_Atlantic_(1950),SC,0.13,4,9.79823604992e-06,0.00919899290843,5.857542543244573e-06,3.940693277589222e-06,0.0018397985816859998,0.00734939566,0.0,0.0,0.0,Seabirds,0.0,0.0,0.0,0.0,0.0,0.59781605,2.290862049619249e-13,4.3069408022650135e-10,0.0
28_28_Central_Atlantic_(1950),SC,0.13,3,1.796872e-05,0.007911342611788,5.217438443244573e-06,1.275128168977432e-05,0.0015822685223576003,0.00631110556,0.0,0.0,0.0,Beaked whales,0.0,0.0,0.0,0.0,0.0,0.29036226900000006,-1.330188909053672e-13,-1.9056960089830488e-10,0.0
28_28_Central_Atlantic_(1950),SC,0.13,2,0.00156,0.52174383222,0.0008372185599812127,0.0007227814573199999,0.104348766444,0.415835053,0.0,0.0,0.0,Toothed whales,0.0,0.0,0.0,0.0,0.0,0.536678553,-1.730121276279084e-11,1.2775999980174646e-08,0.0
28_28_Central_Atlantic_(1950),SC,0.13,1,0.0008256798,0.1814176815802857,0.0005485316108812128,0.0002771482068003528,0.036283536316057144,0.144308478,0.0,0.0,0.0,Baleen whales,0.0,0.0,0.0,0.0,0.0,0.664339364,-1.76815656300483e-11,-1.2535771448662913e-08,0.0
28_28_Central_Atlantic_(1950),SM,0.13,39,-0.0,-0.0,0.0,0.0,0.0,0.0,0.0,0.0,0.0,diet_import,0.0,0.0,0.0,0.0,0.0,,-0.0,0.0,0.0
28_28_Central_Atlantic_(1950),SM,0.13,38,2777.873115729824,2777.873115729824,2718.2345000401283,0.0,0.0,0.0,0.0,59.6386156896956,0.0,Detritus,0.0,0.0,0.0,0.0,0.0,1.0,0.0,0.0,0.0
28_28_Central_Atlantic_(1950),SM,0.13,37,2964.2448555,2964.2448555,2304.4126302796485,659.8320120997337,0.0,0.0,0.0,0.0,0.0,Phytoplankton,0.0,0.0,0.0,0.0,0.0,0.777403,0.00021312061790013104,0.0,0.0
28_28_Central_Atlantic_(1950),SM,0.13,36,51.606198899999995,172.02066299999998,3.473465040262137,48.13273376183184,34.4041326,86.01033,0.0,0.0,0.0,Lg. Zoop. deep,0.0,0.0,0.0,0.0,0.0,0.06730712999999999,9.790602462089737e-08,1.499999996212864e-06,0.0
28_28_Central_Atlantic_(1950),SM,0.13,35,326.25349455,1088.1402679500002,136.65760187059252,189.59589687002213,217.62805359000004,544.2587,0.0,0.0,0.0,Sm. Zoop. deep,0.0,0.0,0.0,0.0,0.0,0.41886937599999996,-4.1906146179826465e-06,1.9810000139841577e-05,0.0
28_28_Central_Atlantic_(1950),SM,0.13,34,152.83878554999998,509.4626185,24.764043988060063,128.07474125496339,101.89252370000001,254.731323,0.0,0.0,0.0,Lg. Zoop. shlw,0.0,0.0,0.0,0.0,0.0,0.162027225,3.069765455165907e-07,-1.3749999965284587e-05,0.0
28_28_Central_Atlantic_(1950),SM,0.13,33,1141.8,3808.2000000000003,810.8210994383843,330.97876575719994,761.6400000000001,1904.76,0.0,0.0,0.0,Sm. Zoop. shlw,0.0,0.0,0.0,0.0,0.0,0.710125446,0.00013480441566571244,4.547473508864641e-13,0.0
28_28_Central_Atlantic_(1950),SM,0.13,32,415.91835,563.5749999999999,259.56446880550004,156.35385617274002,112.71499999999999,34.941597,0.0,0.0,0.0,Het. bacteria,0.0,0.0,0.0,0.0,0.0,0.6240755999999998,2.502175988183808e-05,5.2999999965663847e-05,0.0
28_28_Central_Atlantic_(1950),SM,0.13,31,0.43340000000000006,2.6398,0.041626123427598485,0.39177388030000004,0.5279600000000001,1.67843986,0.0,0.0,0.0,Megabenthos,0.0,0.0,0.0,0.0,0.0,0.0960455,-3.72759845213011e-09,1.3999999981528788e-07,0.0
28_28_Central_Atlantic_(1950),SM,0.13,30,0.369,3.6346499999999997,0.09863466851516114,0.270365328792,0.72693,2.53872,0.0,0.0,0.0,Macrobenthos,0.0,0.0,0.0,0.0,0.0,0.26730263200000004,2.6928388408009596e-09,0.0,0.0
28_28_Central_Atlantic_(1950),SM,0.13,29,2.214,22.287599999999998,0.5448121363030838,1.6691878621979999,4.45752,15.6160793,0.0,0.0,0.0,Meiobenthos,0.0,0.0,0.0,0.0,0.0,0.24607594300000002,1.4989161023493125e-09,6.99999999298484e-07,0.0
28_28_Central_Atlantic_(1950),SM,0.13,28,0.012723003955,0.02544600791,0.011450702967616381,0.0012723003954999996,0.005089201582,0.007633802,0.0,0.0,0.0,Benth. ceph.,0.0,0.0,0.0,0.0,0.0,0.9,5.918836185059284e-10,3.729999989432464e-10,0.0
28_28_Central_Atlantic_(1950),SM,0.13,27,0.5644206439999999,4.47855511,0.507978562200084,0.05644206439999998,0.8957110220000001,3.01842356,0.0,0.0,0.0,Lg Squids,0.0,0.0,0.0,0.0,0.0,0.9,1.739991595250956e-08,-1.1599999982792042e-07,0.0
28_28_Central_Atlantic_(1950),SM,0.13,26,1.9626521827999999,15.573218407,1.766386893631383,0.19626521827999993,3.1146436814000005,10.4959221,0.0,0.0,0.0,Sm Squids,0.0,0.0,0.0,0.0,0.0,0.9,7.08886169764611e-08,4.428000011102995e-07,0.0
28_28_Central_Atlantic_(1950),SM,0.13,25,0.029511966558754574,0.05365811909218538,0.028247997140988634,0.001263969107687661,0.010731623818437078,0.01341453,0.0,0.0,0.0,Lg. Bathyd. abs,0.0,0.0,0.0,0.0,0.0,0.957170963,3.100782790255163e-10,-1.2850062697938869e-09,0.0
28_28_Central_Atlantic_(1950),SM,0.13,24,0.032007212730000005,0.0581949347850468,0.03092652416753671,0.0010806897702190206,0.011638986957009361,0.014548731,0.0,0.0,0.0,Sm. Bathyd. abs,0.0,0.0,0.0,0.0,0.0,0.966236055,-1.207755728760418e-09,4.098037435437685e-09,0.0
28_28_Central_Atlantic_(1950),SM,0.13,23,0.0030136304000000004,0.00547932783219558,0.0019225564713861983,0.00103542981354528,0.001095865566439116,0.00136983185,6.39589e-05,0.0,0.0,Lg. Bathyd. slp,0.0,8.314657e-06,5.5644242999999996e-05,5.5644242999999996e-05,0.0,0.6564177831676772,-1.2793147791123616e-10,1.5756463408317378e-11,0.0
28_28_Central_Atlantic_(1950),SM,0.13,22,0.005653607665707449,0.010279287244467,0.004260451747794523,0.0012294659157042862,0.0020558574488934002,0.00256982166,0.000188149,0.0,0.0,Sm. Bathyd. slp,0.0,2.4459370000000003e-05,0.00016368963000000001,0.00016368963000000001,0.0,0.7825342704337725,3.72208640644911e-10,4.69866151195375e-10,0.0
28_28_Central_Atlantic_(1950),SM,0.13,21,0.006341536224000001,0.011508713888,0.005009813921588745,0.0013317226070399999,0.0023017427776000003,0.00286543486,0.0,0.0,0.0,Lg. Bathyp. fish,0.0,0.0,0.0,0.0,0.0,0.79,-3.046287441049733e-10,2.6399998940412894e-11,0.0
28_28_Central_Atlantic_(1950),SM,0.13,20,0.013441102436,0.020515366876,0.012096991849560989,0.0013441102435999997,0.0041030733752,0.00297118956,0.0,0.0,0.0,Md. Bathyp.fish,0.0,0.0,0.0,0.0,0.0,0.9,3.428390106530177e-10,1.5047999985841332e-09,0.0
28_28_Central_Atlantic_(1950),SM,0.13,19,0.06545771003200002,0.22973138617000002,0.05891193573953475,0.0065457710032,0.04594627723400001,0.118327409,0.0,0.0,0.0,Sm. Bathyp. fish,0.0,0.0,0.0,0.0,0.0,0.9,3.2892652629401553e-09,-1.0095999994352844e-08,0.0
28_28_Central_Atlantic_(1950),SM,0.13,18,12.22519406327412,59.3828355,3.573220730157866,8.651973314709084,11.8765671,35.2810745,0.0,0.0,0.0,Sm. Meso fish,0.0,0.0,0.0,0.0,0.0,0.292283356,1.8407170898626646e-08,-1.6327412311056833e-07,0.0
28_28_Central_Atlantic_(1950),SM,0.13,17,0.0003348901755,0.0079257341535,0.00030140115666829864,3.348901755e-05,0.0015851468307,0.006005697,0.0,0.0,0.0,Lg. Meso fish,0.0,0.0,0.0,0.0,0.0,0.9,1.2817013617973105e-12,1.4729999945478633e-10,0.0
28_28_Central_Atlantic_(1950),SM,0.13,16,2.418293435320515,14.779333033030326,2.1764249584475417,0.24183442633705143,2.9558666066060653,9.405173,3.90985e-05,0.0,0.0,Sm. Epi. fish,0.0,5.082805e-06,3.4015695e-05,3.4015695e-05,0.0,0.8999978981851724,3.4840922147338915e-08,-8.896252623458167e-09,0.0
28_28_Central_Atlantic_(1950),SM,0.13,15,0.1059599016,0.7525932498796599,0.09523928587084607,0.010612191929999997,0.150518649975932,0.496114731,0.000124629,0.0,0.0,Md. Epi. fish,0.0,1.620177e-05,0.00010842722999999999,0.00010842722999999999,0.0,0.8998470952713682,-3.4308460655774198e-09,-3.2696272078691635e-08,0.0
28_28_Central_Atlantic_(1950),SM,0.13,14,0.00984495897,0.12697145868897,0.007685239049978655,0.0019081353442999994,0.025394291737794002,0.091732204,0.000289178,0.0,0.0,Lg. Epi. fish,0.0,3.759314e-05,0.00025158486,0.00025158486,0.0,0.8061814833241505,-2.8427865443603206e-10,3.981175999978603e-09,0.0
28_28_Central_Atlantic_(1950),SM,0.13,13,0.00064010414496,0.010287388044000001,6.401041000000001e-05,0.000576093730464,0.0020574776088000003,0.00758980634,0.0,0.0,0.0,Lg. Plank. fish,0.0,0.0,0.0,0.0,0.0,0.09999999999999998,4.496000034943937e-12,-4.9759998205223255e-11,0.0
28_28_Central_Atlantic_(1950),SM,0.13,12,2.1336802558309998e-05,0.00021225354904839998,6.401041000000001e-07,2.0696698481560696e-05,4.245070980968e-05,0.000148466032,0.0,0.0,0.0,Billfishes,0.0,0.0,0.0,0.0,0.0,0.030000000000000027,-2.3250698648292698e-14,4.680409976687977e-12,0.0
28_28_Central_Atlantic_(1950),SM,0.13,11,0.00032651159999999997,0.004353488,6.401041000000001e-07,0.00032587149593018877,0.0008706976,0.00315627875,0.0,0.0,0.0,Swordfish,0.0,0.0,0.0,0.0,0.0,0.0019604328600000276,-3.0188796341229507e-14,5.000000023389073e-11,0.0
28_28_Central_Atlantic_(1950),SM,0.13,10,0.01072980688,0.46030871515199995,0.0017776866754339626,0.008952120234131998,0.09206174303039999,0.357517153,0.0,0.0,0.0,Bigeye,0.0,0.0,0.0,0.0,0.0,0.16567741300000005,-2.9565960790733925e-11,1.2241599955942206e-08,0.0
28_28_Central_Atlantic_(1950),SM,0.13,9,0.0002486316,0.0059671584,9.575327449622515e-05,0.00015287832471324,0.00119343168,0.004525095,0.0,0.0,0.0,Albacore,0.0,0.0,0.0,0.0,0.0,0.3851211,7.90534846785429e-13,1.200000003878654e-10,0.0
28_28_Central_Atlantic_(1950),SM,0.13,8,0.00804781642,0.15322104854,0.001044242037497828,0.007003574237715865,0.030644209707999998,0.114529014,0.0,0.0,0.0,Skipjack,0.0,0.0,0.0,0.0,0.0,0.12975472199999993,1.4478630620817778e-10,8.411999999347053e-09,0.0
28_28_Central_Atlantic_(1950),SM,0.13,7,2.1533975999999998e-06,3.588996e-05,6.401041000000001e-07,7.326868743768215e-07,7.177992e-06,2.655857e-05,8.97249e-07,0.0,0.0,Bluefin,0.0,1.1664237000000001e-07,7.8060663e-07,7.8060663e-07,0.0,0.6597530923333333,-4.376821679337364e-15,3.999999997569316e-13,0.0
28_28_Central_Atlantic_(1950),SM,0.13,6,0.00010813669999999998,0.00239908993,6.988740116756793e-06,0.00010114795916850798,0.00047981798599999997,0.00181113509,0.0,0.0,0.0,Yellowfin,0.0,0.0,0.0,0.0,0.0,0.06462875999999995,7.147352100358301e-13,1.5400000003516767e-10,0.0
28_28_Central_Atlantic_(1950),SM,0.13,5,0.00249640599,0.06401040999999999,0.0005785155030430785,0.0018782306725,0.012802082,0.048711922,4.5586e-05,0.0,0.0,Pelagic sharks,0.0,5.92618e-06,3.965982e-05,3.965982e-05,0.0,0.24762611529385092,-5.543078149261582e-12,9.999993888509806e-12,0.0
28_28_Central_Atlantic_(1950),SM,0.13,4,9.79823604992e-06,0.00919899290843,5.857542543244573e-06,3.940693277589222e-06,0.0018397985816859998,0.00734939566,0.0,0.0,0.0,Seabirds,0.0,0.0,0.0,0.0,0.0,0.59781605,2.290862049619249e-13,4.3069408022650135e-10,0.0
28_28_Central_Atlantic_(1950),SM,0.13,3,1.796872e-05,0.007911342611788,5.217438443244573e-06,1.275128168977432e-05,0.0015822685223576003,0.00631110556,0.0,0.0,0.0,Beaked whales,0.0,0.0,0.0,0.0,0.0,0.29036226900000006,-1.330188909053672e-13,-1.9056960089830488e-10,0.0
28_28_Central_Atlantic_(1950),SM,0.13,2,0.00156,0.52174383222,0.0008372185599812127,0.0007227814573199999,0.104348766444,0.415835053,0.0,0.0,0.0,Toothed whales,0.0,0.0,0.0,0.0,0.0,0.536678553,-1.730121276279084e-11,1.2775999980174646e-08,0.0
28_28_Central_Atlantic_(1950),SM,0.13,1,0.0008256798,0.1814176815802857,0.0005485316108812128,0.0002771482068003528,0.036283536316057144,0.144308478,0.0,0.0,0.0,Baleen whales,0.0,0.0,0.0,0.0,0.0,0.664339364,-1.76815656300483e-11,-1.2535771448662913e-08,0.0
28_28_Central_Atlantic_(1950),SE,0.13,39,-0.0,-0.0,0.0,0.0,0.0,0.0,0.0,0.0,0.0,diet_import,0.0,0.0,0.0,0.0,0.0,,-0.0,0.0,0.0
28_28_Central_Atlantic_(1950),SE,0.13,38,2777.8730180352595,2777.8730180352595,2718.2345000401283,0.0,0.0,0.0,0.0,59.638517995131224,0.0,Detritus,0.0,0.0,0.0,0.0,0.0,1.0,0.0,0.0,0.0
28_28_Central_Atlantic_(1950),SE,0.13,37,2964.2448555,2964.2448555,2304.4126302796485,659.8320120997337,0.0,0.0,0.0,0.0,0.0,Phytoplankton,0.0,0.0,0.0,0.0,0.0,0.777403,0.00021312061790013104,0.0,0.0
28_28_Central_Atlantic_(1950),SE,0.13,36,51.606198899999995,172.02066299999998,3.473465040262137,48.13273376183184,34.4041326,86.01033,0.0,0.0,0.0,Lg. Zoop. deep,0.0,0.0,0.0,0.0,0.0,0.06730712999999999,9.790602462089737e-08,1.499999996212864e-06,0.0
28_28_Central_Atlantic_(1950),SE,0.13,35,326.25349455,1088.1402679500002,136.65760187059252,189.59589687002213,217.62805359000004,544.2587,0.0,0.0,0.0,Sm. Zoop. deep,0.0,0.0,0.0,0.0,0.0,0.41886937599999996,-4.1906146179826465e-06,1.9810000139841577e-05,0.0
28_28_Central_Atlantic_(1950),SE,0.13,34,152.83878554999998,509.4626185,24.764043988060063,128.07474125496339,101.89252370000001,254.731323,0.0,0.0,0.0,Lg. Zoop. shlw,0.0,0.0,0.0,0.0,0.0,0.162027225,3.069765455165907e-07,-1.3749999965284587e-05,0.0
28_28_Central_Atlantic_(1950),SE,0.13,33,1141.8,3808.2000000000003,810.8210994383843,330.97876575719994,761.6400000000001,1904.76,0.0,0.0,0.0,Sm. Zoop. shlw,0.0,0.0,0.0,0.0,0.0,0.710125446,0.00013480441566571244,4.547473508864641e-13,0.0
28_28_Central_Atlantic_(1950),SE,0.13,32,415.91835,563.5749999999999,259.56446880550004,156.35385617274002,112.71499999999999,34.941597,0.0,0.0,0.0,Het. bacteria,0.0,0.0,0.0,0.0,0.0,0.6240755999999998,2.502175988183808e-05,5.2999999965663847e-05,0.0
28_28_Central_Atlantic_(1950),SE,0.13,31,0.43340000000000006,2.6398,0.041626123427598485,0.39177388030000004,0.5279600000000001,1.67843986,0.0,0.0,0.0,Megabenthos,0.0,0.0,0.0,0.0,0.0,0.0960455,-3.72759845213011e-09,1.3999999981528788e-07,0.0
28_28_Central_Atlantic_(1950),SE,0.13,30,0.369,3.6346499999999997,0.09863466851516114,0.270365328792,0.72693,2.53872,0.0,0.0,0.0,Macrobenthos,0.0,0.0,0.0,0.0,0.0,0.26730263200000004,2.6928388408009596e-09,0.0,0.0
28_28_Central_Atlantic_(1950),SE,0.13,29,2.214,22.287599999999998,0.5448121363030838,1.6691878621979999,4.45752,15.6160793,0.0,0.0,0.0,Meiobenthos,0.0,0.0,0.0,0.0,0.0,0.24607594300000002,1.4989161023493125e-09,6.99999999298484e-07,0.0
28_28_Central_Atlantic_(1950),SE,0.13,28,0.012723003955,0.02544600791,0.011450702967616381,0.0012723003954999996,0.005089201582,0.007633802,0.0,0.0,0.0,Benth. ceph.,0.0,0.0,0.0,0.0,0.0,0.9,5.918836185059284e-10,3.729999989432464e-10,0.0
28_28_Central_Atlantic_(1950),SE,0.13,27,0.5644206439999999,4.47855511,0.507978562200084,0.05644206439999998,0.8957110220000001,3.01842356,0.0,0.0,0.0,Lg Squids,0.0,0.0,0.0,0.0,0.0,0.9,1.739991595250956e-08,-1.1599999982792042e-07,0.0
28_28_Central_Atlantic_(1950),SE,0.13,26,1.9626521827999999,15.573218407,1.766386893631383,0.19626521827999993,3.1146436814000005,10.4959221,0.0,0.0,0.0,Sm Squids,0.0,0.0,0.0,0.0,0.0,0.9,7.08886169764611e-08,4.428000011102995e-07,0.0
28_28_Central_Atlantic_(1950),SE,0.13,25,0.029511966558754574,0.05365811909218538,0.028247997140988634,0.001263969107687661,0.010731623818437078,0.01341453,0.0,0.0,0.0,Lg. Bathyd. abs,0.0,0.0,0.0,0.0,0.0,0.957170963,3.100782790255163e-10,-1.2850062697938869e-09,0.0
28_28_Central_Atlantic_(1950),SE,0.13,24,0.032007212730000005,0.0581949347850468,0.03092652416753671,0.0010806897702190206,0.011638986957009361,0.014548731,0.0,0.0,0.0,Sm. Bathyd. abs,0.0,0.0,0.0,0.0,0.0,0.966236055,-1.207755728760418e-09,4.098037435437685e-09,0.0
28_28_Central_Atlantic_(1950),SE,0.13,23,0.0030136304000000004,0.00547932783219558,0.0019225564713861983,0.00102711515654528,0.001095865566439116,0.00136983185,6.39589e-05,0.0,0.0,Lg. Bathyd. slp,8.314657e-06,8.314657e-06,5.5644242999999996e-05,5.5644242999999996e-05,0.0,0.6591768,-1.2793147834491703e-10,1.5756463408317378e-11,0.0
28_28_Central_Atlantic_(1950),SE,0.13,22,0.005653607665707449,0.010279287244467,0.004260451747794523,0.0012050065457042862,0.0020558574488934002,0.00256982166,0.000188149,0.0,0.0,Sm. Bathyd. slp,2.4459370000000003e-05,2.4459370000000003e-05,0.00016368963000000001,0.00016368963000000001,0.0,0.7868606,3.7220863977754926e-10,4.69866151195375e-10,0.0
28_28_Central_Atlantic_(1950),SE,0.13,21,0.006341536224000001,0.011508713888,0.005009813921588745,0.0013317226070399999,0.0023017427776000003,0.00286543486,0.0,0.0,0.0,Lg. Bathyp. fish,0.0,0.0,0.0,0.0,0.0,0.79,-3.046287441049733e-10,2.6399998940412894e-11,0.0
28_28_Central_Atlantic_(1950),SE,0.13,20,0.013441102436,0.020515366876,0.012096991849560989,0.0013441102435999997,0.0041030733752,0.00297118956,0.0,0.0,0.0,Md. Bathyp.fish,0.0,0.0,0.0,0.0,0.0,0.9,3.428390106530177e-10,1.5047999985841332e-09,0.0
28_28_Central_Atlantic_(1950),SE,0.13,19,0.06545771003200002,0.22973138617000002,0.05891193573953475,0.0065457710032,0.04594627723400001,0.118327409,0.0,0.0,0.0,Sm. Bathyp. fish,0.0,0.0,0.0,0.0,0.0,0.9,3.2892652629401553e-09,-1.0095999994352844e-08,0.0
28_28_Central_Atlantic_(1950),SE,0.13,18,12.22519406327412,59.3828355,3.573220730157866,8.651973314709084,11.8765671,35.2810745,0.0,0.0,0.0,Sm. Meso fish,0.0,0.0,0.0,0.0,0.0,0.292283356,1.8407170898626646e-08,-1.6327412311056833e-07,0.0
28_28_Central_Atlantic_(1950),SE,0.13,17,0.0003348901755,0.0079257341535,0.00030140115666829864,3.348901755e-05,0.0015851468307,0.006005697,0.0,0.0,0.0,Lg. Meso fish,0.0,0.0,0.0,0.0,0.0,0.9,1.2817013617973105e-12,1.4729999945478633e-10,0.0
28_28_Central_Atlantic_(1950),SE,0.13,16,2.418293435320515,14.779333033030326,2.1764249584475417,0.24182934353205143,2.9558666066060653,9.405173,3.90985e-05,0.0,0.0,Sm. Epi. fish,5.082805e-06,5.082805e-06,3.4015695e-05,3.4015695e-05,0.0,0.9,3.4840922147338915e-08,-8.896252623458167e-09,0.0
28_28_Central_Atlantic_(1950),SE,0.13,15,0.1059599016,0.7525932498796599,0.09523928587084607,0.010595990159999997,0.150518649975932,0.496114731,0.000124629,0.0,0.0,Md. Epi. fish,1.620177e-05,1.620177e-05,0.00010842722999999999,0.00010842722999999999,0.0,0.9,-3.4308460655774198e-09,-3.2696272078691635e-08,0.0
28_28_Central_Atlantic_(1950),SE,0.13,14,0.00984495897,0.12697145868897,0.007685239049978655,0.0018705422042999994,0.025394291737794002,0.091732204,0.000289178,0.0,0.0,Lg. Epi. fish,3.759314e-05,3.759314e-05,0.00025158486,0.00025158486,0.0,0.81,-2.8427865443603206e-10,3.981175999978603e-09,0.0
28_28_Central_Atlantic_(1950),SE,0.13,13,0.00064010414496,0.010287388044000001,6.401041000000001e-05,0.000576093730464,0.0020574776088000003,0.00758980634,0.0,0.0,0.0,Lg. Plank. fish,0.0,0.0,0.0,0.0,0.0,0.09999999999999998,4.496000034943937e-12,-4.9759998205223255e-11,0.0
28_28_Central_Atlantic_(1950),SE,0.13,12,2.1336802558309998e-05,0.00021225354904839998,6.401041000000001e-07,2.0696698481560696e-05,4.245070980968e-05,0.000148466032,0.0,0.0,0.0,Billfishes,0.0,0.0,0.0,0.0,0.0,0.030000000000000027,-2.3250698648292698e-14,4.680409976687977e-12,0.0
28_28_Central_Atlantic_(1950),SE,0.13,11,0.00032651159999999997,0.004353488,6.401041000000001e-07,0.00032587149593018877,0.0008706976,0.00315627875,0.0,0.0,0.0,Swordfish,0.0,0.0,0.0,0.0,0.0,0.0019604328600000276,-3.0188796341229507e-14,5.000000023389073e-11,0.0
28_28_Central_Atlantic_(1950),SE,0.13,10,0.01072980688,0.46030871515199995,0.0017776866754339626,0.008952120234131998,0.09206174303039999,0.357517153,0.0,0.0,0.0,Bigeye,0.0,0.0,0.0,0.0,0.0,0.16567741300000005,-2.9565960790733925e-11,1.2241599955942206e-08,0.0
28_28_Central_Atlantic_(1950),SE,0.13,9,0.0002486316,0.0059671584,9.575327449622515e-05,0.00015287832471324,0.00119343168,0.004525095,0.0,0.0,0.0,Albacore,0.0,0.0,0.0,0.0,0.0,0.3851211,7.90534846785429e-13,1.200000003878654e-10,0.0
28_28_Central_Atlantic_(1950),SE,0.13,8,0.00804781642,0.15322104854,0.001044242037497828,0.007003574237715865,0.030644209707999998,0.114529014,0.0,0.0,0.0,Skipjack,0.0,0.0,0.0,0.0,0.0,0.12975472199999993,1.4478630620817778e-10,8.411999999347053e-09,0.0
28_28_Central_Atlantic_(1950),SE,0.13,7,2.1533975999999998e-06,3.588996e-05,6.401041000000001e-07,6.160445043768214e-07,7.177992e-06,2.655857e-05,8.97249e-07,0.0,0.0,Bluefin,1.1664237000000001e-07,1.1664237000000001e-07,7.8060663e-07,7.8060663e-07,0.0,0.713919759,-4.376821679337364e-15,3.999999997569316e-13,0.0
28_28_Central_Atlantic_(1950),SE,0.13,6,0.00010813669999999998,0.00239908993,6.988740116756793e-06,0.00010114795916850798,0.00047981798599999997,0.00181113509,0.0,0.0,0.0,Yellowfin,0.0,0.0,0.0,0.0,0.0,0.06462875999999995,7.147352100358301e-13,1.5400000003516767e-10,0.0
28_28_Central_Atlantic_(1950),SE,0.13,5,0.00249640599,0.06401040999999999,0.0005785155030430785,0.0018723044925,0.012802082,0.048711922,4.5586e-05,0.0,0.0,Pelagic sharks,5.92618e-06,5.92618e-06,3.965982e-05,3.965982e-05,0.0,0.25,-5.543078149261582e-12,9.999993888509806e-12,0.0
28_28_Central_Atlantic_(1950),SE,0.13,4,9.79823604992e-06,0.00919899290843,5.857542543244573e-06,3.940693277589222e-06,0.0018397985816859998,0.00734939566,0.0,0.0,0.0,Seabirds,0.0,0.0,0.0,0.0,0.0,0.59781605,2.290862049619249e-13,4.3069408022650135e-10,0.0
28_28_Central_Atlantic_(1950),SE,0.13,3,1.796872e-05,0.007911342611788,5.217438443244573e-06,1.275128168977432e-05,0.0015822685223576003,0.00631110556,0.0,0.0,0.0,Beaked whales,0.0,0.0,0.0,0.0,0.0,0.29036226900000006,-1.330188909053672e-13,-1.9056960089830488e-10,0.0
28_28_Central_Atlantic_(1950),SE,0.13,2,0.00156,0.52174383222,0.0008372185599812127,0.0007227814573199999,0.104348766444,0.415835053,0.0,0.0,0.0,Toothed whales,0.0,0.0,0.0,0.0,0.0,0.536678553,-1.730121276279084e-11,1.2775999980174646e-08,0.0
28_28_Central_Atlantic_(1950),SE,0.13,1,0.0008256798,0.1814176815802857,0.0005485316108812128,0.0002771482068003528,0.036283536316057144,0.144308478,0.0,0.0,0.0,Baleen whales,0.0,0.0,0.0,0.0,0.0,0.664339364,-1.76815656300483e-11,-1.2535771448662913e-08,0.0
28_28_Central_Atlantic_(1950),SC,0.14,39,-0.0,-0.0,0.0,0.0,0.0,0.0,0.0,0.0,0.0,diet_import,0.0,0.0,0.0,0.0,0.0,,-0.0,0.0,0.0
28_28_Central_Atlantic_(1950),SC,0.14,38,2777.8730180352595,2777.8730180352595,2718.2345000401283,0.0,0.0,0.0,0.0,59.638517995131224,0.0,Detritus,0.0,0.0,0.0,0.0,0.0,1.0,0.0,0.0,0.0
28_28_Central_Atlantic_(1950),SC,0.14,37,2964.2448555,2964.2448555,2304.4126302796485,659.8320120997337,0.0,0.0,0.0,0.0,0.0,Phytoplankton,0.0,0.0,0.0,0.0,0.0,0.777403,0.00021312061790013104,0.0,0.0
28_28_Central_Atlantic_(1950),SC,0.14,36,51.606198899999995,172.02066299999998,3.473465040262137,48.13273376183184,34.4041326,86.01033,0.0,0.0,0.0,Lg. Zoop. deep,0.0,0.0,0.0,0.0,0.0,0.06730712999999999,9.790602462089737e-08,1.499999996212864e-06,0.0
28_28_Central_Atlantic_(1950),SC,0.14,35,326.25349455,1088.1402679500002,136.65760187059252,189.59589687002213,217.62805359000004,544.2587,0.0,0.0,0.0,Sm. Zoop. deep,0.0,0.0,0.0,0.0,0.0,0.41886937599999996,-4.1906146179826465e-06,1.9810000139841577e-05,0.0
28_28_Central_Atlantic_(1950),SC,0.14,34,152.83878554999998,509.4626185,24.764043988060063,128.07474125496339,101.89252370000001,254.731323,0.0,0.0,0.0,Lg. Zoop. shlw,0.0,0.0,0.0,0.0,0.0,0.162027225,3.069765455165907e-07,-1.3749999965284587e-05,0.0
28_28_Central_Atlantic_(1950),SC,0.14,33,1141.8,3808.2000000000003,810.8210994383843,330.97876575719994,761.6400000000001,1904.76,0.0,0.0,0.0,Sm. Zoop. shlw,0.0,0.0,0.0,0.0,0.0,0.710125446,0.00013480441566571244,4.547473508864641e-13,0.0
28_28_Central_Atlantic_(1950),SC,0.14,32,415.91835,563.5749999999999,259.56446880550004,156.35385617274002,112.71499999999999,34.941597,0.0,0.0,0.0,Het. bacteria,0.0,0.0,0.0,0.0,0.0,0.6240755999999998,2.502175988183808e-05,5.2999999965663847e-05,0.0
28_28_Central_Atlantic_(1950),SC,0.14,31,0.43340000000000006,2.6398,0.041626123427598485,0.39177388030000004,0.5279600000000001,1.67843986,0.0,0.0,0.0,Megabenthos,0.0,0.0,0.0,0.0,0.0,0.0960455,-3.72759845213011e-09,1.3999999981528788e-07,0.0
28_28_Central_Atlantic_(1950),SC,0.14,30,0.369,3.6346499999999997,0.09863466851516114,0.270365328792,0.72693,2.53872,0.0,0.0,0.0,Macrobenthos,0.0,0.0,0.0,0.0,0.0,0.26730263200000004,2.6928388408009596e-09,0.0,0.0
28_28_Central_Atlantic_(1950),SC,0.14,29,2.214,22.287599999999998,0.5448121363030838,1.6691878621979999,4.45752,15.6160793,0.0,0.0,0.0,Meiobenthos,0.0,0.0,0.0,0.0,0.0,0.24607594300000002,1.4989161023493125e-09,6.99999999298484e-07,0.0
28_28_Central_Atlantic_(1950),SC,0.14,28,0.012723003955,0.02544600791,0.011450702967616381,0.0012723003954999996,0.005089201582,0.007633802,0.0,0.0,0.0,Benth. ceph.,0.0,0.0,0.0,0.0,0.0,0.9,5.918836185059284e-10,3.729999989432464e-10,0.0
28_28_Central_Atlantic_(1950),SC,0.14,27,0.5644206439999999,4.47855511,0.507978562200084,0.05644206439999998,0.8957110220000001,3.01842356,0.0,0.0,0.0,Lg Squids,0.0,0.0,0.0,0.0,0.0,0.9,1.739991595250956e-08,-1.1599999982792042e-07,0.0
28_28_Central_Atlantic_(1950),SC,0.14,26,1.9626521827999999,15.573218407,1.766386893631383,0.19626521827999993,3.1146436814000005,10.4959221,0.0,0.0,0.0,Sm Squids,0.0,0.0,0.0,0.0,0.0,0.9,7.08886169764611e-08,4.428000011102995e-07,0.0
28_28_Central_Atlantic_(1950),SC,0.14,25,0.029511966558754574,0.05365811909218538,0.028247997140988634,0.001263969107687661,0.010731623818437078,0.01341453,0.0,0.0,0.0,Lg. Bathyd. abs,0.0,0.0,0.0,0.0,0.0,0.957170963,3.100782790255163e-10,-1.2850062697938869e-09,0.0
28_28_Central_Atlantic_(1950),SC,0.14,24,0.032007212730000005,0.0581949347850468,0.03092652416753671,0.0010806897702190206,0.011638986957009361,0.014548731,0.0,0.0,0.0,Sm. Bathyd. abs,0.0,0.0,0.0,0.0,0.0,0.966236055,-1.207755728760418e-09,4.098037435437685e-09,0.0
28_28_Central_Atlantic_(1950),SC,0.14,23,0.0030136304000000004,0.00547932783219558,0.0019225564713861983,0.00102711515654528,0.001095865566439116,0.00136983185,6.39589e-05,0.0,0.0,Lg. Bathyd. slp,0.0,8.954246e-06,5.500465399999999e-05,6.39589e-05,0.0,0.6591768,-1.2793147834491703e-10,1.5756463408317378e-11,0.0
28_28_Central_Atlantic_(1950),SC,0.14,22,0.005653607665707449,0.010279287244467,0.004260451747794523,0.0012050065457042862,0.0020558574488934002,0.00256982166,0.000188149,0.0,0.0,Sm. Bathyd. slp,0.0,2.6340860000000004e-05,0.00016180814,0.000188149,0.0,0.7868606,3.7220863977754926e-10,4.69866151195375e-10,0.0
28_28_Central_Atlantic_(1950),SC,0.14,21,0.006341536224000001,0.011508713888,0.005009813921588745,0.0013317226070399999,0.0023017427776000003,0.00286543486,0.0,0.0,0.0,Lg. Bathyp. fish,0.0,0.0,0.0,0.0,0.0,0.79,-3.046287441049733e-10,2.6399998940412894e-11,0.0
28_28_Central_Atlantic_(1950),SC,0.14,20,0.013441102436,0.020515366876,0.012096991849560989,0.0013441102435999997,0.0041030733752,0.00297118956,0.0,0.0,0.0,Md. Bathyp.fish,0.0,0.0,0.0,0.0,0.0,0.9,3.428390106530177e-10,1.5047999985841332e-09,0.0
28_28_Central_Atlantic_(1950),SC,0.14,19,0.06545771003200002,0.22973138617000002,0.05891193573953475,0.0065457710032,0.04594627723400001,0.118327409,0.0,0.0,0.0,Sm. Bathyp. fish,0.0,0.0,0.0,0.0,0.0,0.9,3.2892652629401553e-09,-1.0095999994352844e-08,0.0
28_28_Central_Atlantic_(1950),SC,0.14,18,12.22519406327412,59.3828355,3.573220730157866,8.651973314709084,11.8765671,35.2810745,0.0,0.0,0.0,Sm. Meso fish,0.0,0.0,0.0,0.0,0.0,0.292283356,1.8407170898626646e-08,-1.6327412311056833e-07,0.0
28_28_Central_Atlantic_(1950),SC,0.14,17,0.0003348901755,0.0079257341535,0.00030140115666829864,3.348901755e-05,0.0015851468307,0.006005697,0.0,0.0,0.0,Lg. Meso fish,0.0,0.0,0.0,0.0,0.0,0.9,1.2817013617973105e-12,1.4729999945478633e-10,0.0
28_28_Central_Atlantic_(1950),SC,0.14,16,2.418293435320515,14.779333033030326,2.1764249584475417,0.24182934353205143,2.9558666066060653,9.405173,3.90985e-05,0.0,0.0,Sm. Epi. fish,0.0,5.47379e-06,3.362471e-05,3.90985e-05,0.0,0.9,3.4840922147338915e-08,-8.896252623458167e-09,0.0
28_28_Central_Atlantic_(1950),SC,0.14,15,0.1059599016,0.7525932498796599,0.09523928587084607,0.010595990159999997,0.150518649975932,0.496114731,0.000124629,0.0,0.0,Md. Epi. fish,0.0,1.744806e-05,0.00010718093999999998,0.000124629,0.0,0.9,-3.4308460655774198e-09,-3.2696272078691635e-08,0.0
28_28_Central_Atlantic_(1950),SC,0.14,14,0.00984495897,0.12697145868897,0.007685239049978655,0.0018705422042999994,0.025394291737794002,0.091732204,0.000289178,0.0,0.0,Lg. Epi. fish,0.0,4.0484920000000004e-05,0.00024869308000000003,0.000289178,0.0,0.81,-2.8427865443603206e-10,3.981175999978603e-09,0.0
28_28_Central_Atlantic_(1950),SC,0.14,13,0.00064010414496,0.010287388044000001,6.401041000000001e-05,0.000576093730464,0.0020574776088000003,0.00758980634,0.0,0.0,0.0,Lg. Plank. fish,0.0,0.0,0.0,0.0,0.0,0.09999999999999998,4.496000034943937e-12,-4.9759998205223255e-11,0.0
28_28_Central_Atlantic_(1950),SC,0.14,12,2.1336802558309998e-05,0.00021225354904839998,6.401041000000001e-07,2.0696698481560696e-05,4.245070980968e-05,0.000148466032,0.0,0.0,0.0,Billfishes,0.0,0.0,0.0,0.0,0.0,0.030000000000000027,-2.3250698648292698e-14,4.680409976687977e-12,0.0
28_28_Central_Atlantic_(1950),SC,0.14,11,0.00032651159999999997,0.004353488,6.401041000000001e-07,0.00032587149593018877,0.0008706976,0.00315627875,0.0,0.0,0.0,Swordfish,0.0,0.0,0.0,0.0,0.0,0.0019604328600000276,-3.0188796341229507e-14,5.000000023389073e-11,0.0
28_28_Central_Atlantic_(1950),SC,0.14,10,0.01072980688,0.46030871515199995,0.0017776866754339626,0.008952120234131998,0.09206174303039999,0.357517153,0.0,0.0,0.0,Bigeye,0.0,0.0,0.0,0.0,0.0,0.16567741300000005,-2.9565960790733925e-11,1.2241599955942206e-08,0.0
28_28_Central_Atlantic_(1950),SC,0.14,9,0.0002486316,0.0059671584,9.575327449622515e-05,0.00015287832471324,0.00119343168,0.004525095,0.0,0.0,0.0,Albacore,0.0,0.0,0.0,0.0,0.0,0.3851211,7.90534846785429e-13,1.200000003878654e-10,0.0
28_28_Central_Atlantic_(1950),SC,0.14,8,0.00804781642,0.15322104854,0.001044242037497828,0.007003574237715865,0.030644209707999998,0.114529014,0.0,0.0,0.0,Skipjack,0.0,0.0,0.0,0.0,0.0,0.12975472199999993,1.4478630620817778e-10,8.411999999347053e-09,0.0
28_28_Central_Atlantic_(1950),SC,0.14,7,2.1533975999999998e-06,3.588996e-05,6.401041000000001e-07,6.160445043768214e-07,7.177992e-06,2.655857e-05,8.97249e-07,0.0,0.0,Bluefin,0.0,1.2561486000000003e-07,7.7163414e-07,8.97249e-07,0.0,0.713919759,-4.376821679337364e-15,3.999999997569316e-13,0.0
28_28_Central_Atlantic_(1950),SC,0.14,6,0.00010813669999999998,0.00239908993,6.988740116756793e-06,0.00010114795916850798,0.00047981798599999997,0.00181113509,0.0,0.0,0.0,Yellowfin,0.0,0.0,0.0,0.0,0.0,0.06462875999999995,7.147352100358301e-13,1.5400000003516767e-10,0.0
28_28_Central_Atlantic_(1950),SC,0.14,5,0.00249640599,0.06401040999999999,0.0005785155030430785,0.0018723044925,0.012802082,0.048711922,4.5586e-05,0.0,0.0,Pelagic sharks,0.0,6.38204e-06,3.9203959999999997e-05,4.5586e-05,0.0,0.25,-5.543078149261582e-12,9.999993888509806e-12,0.0
28_28_Central_Atlantic_(1950),SC,0.14,4,9.79823604992e-06,0.00919899290843,5.857542543244573e-06,3.940693277589222e-06,0.0018397985816859998,0.00734939566,0.0,0.0,0.0,Seabirds,0.0,0.0,0.0,0.0,0.0,0.59781605,2.290862049619249e-13,4.3069408022650135e-10,0.0
28_28_Central_Atlantic_(1950),SC,0.14,3,1.796872e-05,0.007911342611788,5.217438443244573e-06,1.275128168977432e-05,0.0015822685223576003,0.00631110556,0.0,0.0,0.0,Beaked whales,0.0,0.0,0.0,0.0,0.0,0.29036226900000006,-1.330188909053672e-13,-1.9056960089830488e-10,0.0
28_28_Central_Atlantic_(1950),SC,0.14,2,0.00156,0.52174383222,0.0008372185599812127,0.0007227814573199999,0.104348766444,0.415835053,0.0,0.0,0.0,Toothed whales,0.0,0.0,0.0,0.0,0.0,0.536678553,-1.730121276279084e-11,1.2775999980174646e-08,0.0
28_28_Central_Atlantic_(1950),SC,0.14,1,0.0008256798,0.1814176815802857,0.0005485316108812128,0.0002771482068003528,0.036283536316057144,0.144308478,0.0,0.0,0.0,Baleen whales,0.0,0.0,0.0,0.0,0.0,0.664339364,-1.76815656300483e-11,-1.2535771448662913e-08,0.0
28_28_Central_Atlantic_(1950),SM,0.14,39,-0.0,-0.0,0.0,0.0,0.0,0.0,0.0,0.0,0.0,diet_import,0.0,0.0,0.0,0.0,0.0,,-0.0,0.0,0.0
28_28_Central_Atlantic_(1950),SM,0.14,38,2777.8731232447903,2777.8731232447903,2718.2345000401283,0.0,0.0,0.0,0.0,59.63862320466205,0.0,Detritus,0.0,0.0,0.0,0.0,0.0,1.0,0.0,0.0,0.0
28_28_Central_Atlantic_(1950),SM,0.14,37,2964.2448555,2964.2448555,2304.4126302796485,659.8320120997337,0.0,0.0,0.0,0.0,0.0,Phytoplankton,0.0,0.0,0.0,0.0,0.0,0.777403,0.00021312061790013104,0.0,0.0
28_28_Central_Atlantic_(1950),SM,0.14,36,51.606198899999995,172.02066299999998,3.473465040262137,48.13273376183184,34.4041326,86.01033,0.0,0.0,0.0,Lg. Zoop. deep,0.0,0.0,0.0,0.0,0.0,0.06730712999999999,9.790602462089737e-08,1.499999996212864e-06,0.0
28_28_Central_Atlantic_(1950),SM,0.14,35,326.25349455,1088.1402679500002,136.65760187059252,189.59589687002213,217.62805359000004,544.2587,0.0,0.0,0.0,Sm. Zoop. deep,0.0,0.0,0.0,0.0,0.0,0.41886937599999996,-4.1906146179826465e-06,1.9810000139841577e-05,0.0
28_28_Central_Atlantic_(1950),SM,0.14,34,152.83878554999998,509.4626185,24.764043988060063,128.07474125496339,101.89252370000001,254.731323,0.0,0.0,0.0,Lg. Zoop. shlw,0.0,0.0,0.0,0.0,0.0,0.162027225,3.069765455165907e-07,-1.3749999965284587e-05,0.0
28_28_Central_Atlantic_(1950),SM,0.14,33,1141.8,3808.2000000000003,810.8210994383843,330.97876575719994,761.6400000000001,1904.76,0.0,0.0,0.0,Sm. Zoop. shlw,0.0,0.0,0.0,0.0,0.0,0.710125446,0.00013480441566571244,4.547473508864641e-13,0.0
28_28_Central_Atlantic_(1950),SM,0.14,32,415.91835,563.5749999999999,259.56446880550004,156.35385617274002,112.71499999999999,34.941597,0.0,0.0,0.0,Het. bacteria,0.0,0.0,0.0,0.0,0.0,0.6240755999999998,2.502175988183808e-05,5.2999999965663847e-05,0.0
28_28_Central_Atlantic_(1950),SM,0.14,31,0.43340000000000006,2.6398,0.041626123427598485,0.39177388030000004,0.5279600000000001,1.67843986,0.0,0.0,0.0,Megabenthos,0.0,0.0,0.0,0.0,0.0,0.0960455,-3.72759845213011e-09,1.3999999981528788e-07,0.0
28_28_Central_Atlantic_(1950),SM,0.14,30,0.369,3.6346499999999997,0.09863466851516114,0.270365328792,0.72693,2.53872,0.0,0.0,0.0,Macrobenthos,0.0,0.0,0.0,0.0,0.0,0.26730263200000004,2.6928388408009596e-09,0.0,0.0
28_28_Central_Atlantic_(1950),SM,0.14,29,2.214,22.287599999999998,0.5448121363030838,1.6691878621979999,4.45752,15.6160793,0.0,0.0,0.0,Meiobenthos,0.0,0.0,0.0,0.0,0.0,0.24607594300000002,1.4989161023493125e-09,6.99999999298484e-07,0.0
28_28_Central_Atlantic_(1950),SM,0.14,28,0.012723003955,0.02544600791,0.011450702967616381,0.0012723003954999996,0.005089201582,0.007633802,0.0,0.0,0.0,Benth. ceph.,0.0,0.0,0.0,0.0,0.0,0.9,5.918836185059284e-10,3.729999989432464e-10,0.0
28_28_Central_Atlantic_(1950),SM,0.14,27,0.5644206439999999,4.47855511,0.507978562200084,0.05644206439999998,0.8957110220000001,3.01842356,0.0,0.0,0.0,Lg Squids,0.0,0.0,0.0,0.0,0.0,0.9,1.739991595250956e-08,-1.1599999982792042e-07,0.0
28_28_Central_Atlantic_(1950),SM,0.14,26,1.9626521827999999,15.573218407,1.766386893631383,0.19626521827999993,3.1146436814000005,10.4959221,0.0,0.0,0.0,Sm Squids,0.0,0.0,0.0,0.0,0.0,0.9,7.08886169764611e-08,4.428000011102995e-07,0.0
28_28_Central_Atlantic_(1950),SM,0.14,25,0.029511966558754574,0.05365811909218538,0.028247997140988634,0.001263969107687661,0.010731623818437078,0.01341453,0.0,0.0,0.0,Lg. Bathyd. abs,0.0,0.0,0.0,0.0,0.0,0.957170963,3.100782790255163e-10,-1.2850062697938869e-09,0.0
28_28_Central_Atlantic_(1950),SM,0.14,24,0.032007212730000005,0.0581949347850468,0.03092652416753671,0.0010806897702190206,0.011638986957009361,0.014548731,0.0,0.0,0.0,Sm. Bathyd. abs,0.0,0.0,0.0,0.0,0.0,0.966236055,-1.207755728760418e-09,4.098037435437685e-09,0.0
28_28_Central_Atlantic_(1950),SM,0.14,23,0.0030136304000000004,0.00547932783219558,0.0019225564713861983,0.00103606940254528,0.001095865566439116,0.00136983185,6.39589e-05,0.0,0.0,Lg. Bathyd. slp,0.0,8.954246e-06,5.500465399999999e-05,5.500465399999999e-05,0.0,0.6562055511036523,-1.2793147791123616e-10,1.5756463408317378e-11,0.0
28_28_Central_Atlantic_(1950),SM,0.14,22,0.005653607665707449,0.010279287244467,0.004260451747794523,0.0012313474057042862,0.0020558574488934002,0.00256982166,0.000188149,0.0,0.0,Sm. Bathyd. slp,0.0,2.6340860000000004e-05,0.00016180814,0.00016180814,0.0,0.7822014758517551,3.72208640644911e-10,4.69866151195375e-10,0.0
28_28_Central_Atlantic_(1950),SM,0.14,21,0.006341536224000001,0.011508713888,0.005009813921588745,0.0013317226070399999,0.0023017427776000003,0.00286543486,0.0,0.0,0.0,Lg. Bathyp. fish,0.0,0.0,0.0,0.0,0.0,0.79,-3.046287441049733e-10,2.6399998940412894e-11,0.0
28_28_Central_Atlantic_(1950),SM,0.14,20,0.013441102436,0.020515366876,0.012096991849560989,0.0013441102435999997,0.0041030733752,0.00297118956,0.0,0.0,0.0,Md. Bathyp.fish,0.0,0.0,0.0,0.0,0.0,0.9,3.428390106530177e-10,1.5047999985841332e-09,0.0
28_28_Central_Atlantic_(1950),SM,0.14,19,0.06545771003200002,0.22973138617000002,0.05891193573953475,0.0065457710032,0.04594627723400001,0.118327409,0.0,0.0,0.0,Sm. Bathyp. fish,0.0,0.0,0.0,0.0,0.0,0.9,3.2892652629401553e-09,-1.0095999994352844e-08,0.0
28_28_Central_Atlantic_(1950),SM,0.14,18,12.22519406327412,59.3828355,3.573220730157866,8.651973314709084,11.8765671,35.2810745,0.0,0.0,0.0,Sm. Meso fish,0.0,0.0,0.0,0.0,0.0,0.292283356,1.8407170898626646e-08,-1.6327412311056833e-07,0.0
28_28_Central_Atlantic_(1950),SM,0.14,17,0.0003348901755,0.0079257341535,0.00030140115666829864,3.348901755e-05,0.0015851468307,0.006005697,0.0,0.0,0.0,Lg. Meso fish,0.0,0.0,0.0,0.0,0.0,0.9,1.2817013617973105e-12,1.4729999945478633e-10,0.0
28_28_Central_Atlantic_(1950),SM,0.14,16,2.418293435320515,14.779333033030326,2.1764249584475417,0.24183481732205142,2.9558666066060653,9.405173,3.90985e-05,0.0,0.0,Sm. Epi. fish,0.0,5.47379e-06,3.362471e-05,3.362471e-05,0.0,0.8999977365071087,3.4840922147338915e-08,-8.896252623458167e-09,0.0
28_28_Central_Atlantic_(1950),SM,0.14,15,0.1059599016,0.7525932498796599,0.09523928587084607,0.010613438219999997,0.150518649975932,0.496114731,0.000124629,0.0,0.0,Md. Epi. fish,0.0,1.744806e-05,0.00010718093999999998,0.00010718093999999998,0.0,0.8998353333691658,-3.4308460655774198e-09,-3.2696272078691635e-08,0.0
28_28_Central_Atlantic_(1950),SM,0.14,14,0.00984495897,0.12697145868897,0.007685239049978655,0.0019110271242999994,0.025394291737794002,0.091732204,0.000289178,0.0,0.0,Lg. Epi. fish,0.0,4.0484920000000004e-05,0.00024869308000000003,0.00024869308000000003,0.0,0.8058877512721621,-2.8427865443603206e-10,3.981175999978603e-09,0.0
28_28_Central_Atlantic_(1950),SM,0.14,13,0.00064010414496,0.010287388044000001,6.401041000000001e-05,0.000576093730464,0.0020574776088000003,0.00758980634,0.0,0.0,0.0,Lg. Plank. fish,0.0,0.0,0.0,0.0,0.0,0.09999999999999998,4.496000034943937e-12,-4.9759998205223255e-11,0.0
28_28_Central_Atlantic_(1950),SM,0.14,12,2.1336802558309998e-05,0.00021225354904839998,6.401041000000001e-07,2.0696698481560696e-05,4.245070980968e-05,0.000148466032,0.0,0.0,0.0,Billfishes,0.0,0.0,0.0,0.0,0.0,0.030000000000000027,-2.3250698648292698e-14,4.680409976687977e-12,0.0
28_28_Central_Atlantic_(1950),SM,0.14,11,0.00032651159999999997,0.004353488,6.401041000000001e-07,0.00032587149593018877,0.0008706976,0.00315627875,0.0,0.0,0.0,Swordfish,0.0,0.0,0.0,0.0,0.0,0.0019604328600000276,-3.0188796341229507e-14,5.000000023389073e-11,0.0
28_28_Central_Atlantic_(1950),SM,0.14,10,0.01072980688,0.46030871515199995,0.0017776866754339626,0.008952120234131998,0.09206174303039999,0.357517153,0.0,0.0,0.0,Bigeye,0.0,0.0,0.0,0.0,0.0,0.16567741300000005,-2.9565960790733925e-11,1.2241599955942206e-08,0.0
28_28_Central_Atlantic_(1950),SM,0.14,9,0.0002486316,0.0059671584,9.575327449622515e-05,0.00015287832471324,0.00119343168,0.004525095,0.0,0.0,0.0,Albacore,0.0,0.0,0.0,0.0,0.0,0.3851211,7.90534846785429e-13,1.200000003878654e-10,0.0
28_28_Central_Atlantic_(1950),SM,0.14,8,0.00804781642,0.15322104854,0.001044242037497828,0.007003574237715865,0.030644209707999998,0.114529014,0.0,0.0,0.0,Skipjack,0.0,0.0,0.0,0.0,0.0,0.12975472199999993,1.4478630620817778e-10,8.411999999347053e-09,0.0
28_28_Central_Atlantic_(1950),SM,0.14,7,2.1533975999999998e-06,3.588996e-05,6.401041000000001e-07,7.416593643768215e-07,7.177992e-06,2.655857e-05,8.97249e-07,0.0,0.0,Bluefin,0.0,1.2561486000000003e-07,7.7163414e-07,7.7163414e-07,0.0,0.6555864256666667,-4.376821679337364e-15,3.999999997569316e-13,0.0
28_28_Central_Atlantic_(1950),SM,0.14,6,0.00010813669999999998,0.00239908993,6.988740116756793e-06,0.00010114795916850798,0.00047981798599999997,0.00181113509,0.0,0.0,0.0,Yellowfin,0.0,0.0,0.0,0.0,0.0,0.06462875999999995,7.147352100358301e-13,1.5400000003516767e-10,0.0
28_28_Central_Atlantic_(1950),SM,0.14,5,0.00249640599,0.06401040999999999,0.0005785155030430785,0.0018786865325,0.012802082,0.048711922,4.5586e-05,0.0,0.0,Pelagic sharks,0.0,6.38204e-06,3.9203959999999997e-05,3.9203959999999997e-05,0.0,0.24744350877799337,-5.543078149261582e-12,9.999993888509806e-12,0.0
28_28_Central_Atlantic_(1950),SM,0.14,4,9.79823604992e-06,0.00919899290843,5.857542543244573e-06,3.940693277589222e-06,0.0018397985816859998,0.00734939566,0.0,0.0,0.0,Seabirds,0.0,0.0,0.0,0.0,0.0,0.59781605,2.290862049619249e-13,4.3069408022650135e-10,0.0
28_28_Central_Atlantic_(1950),SM,0.14,3,1.796872e-05,0.007911342611788,5.217438443244573e-06,1.275128168977432e-05,0.0015822685223576003,0.00631110556,0.0,0.0,0.0,Beaked whales,0.0,0.0,0.0,0.0,0.0,0.29036226900000006,-1.330188909053672e-13,-1.9056960089830488e-10,0.0
28_28_Central_Atlantic_(1950),SM,0.14,2,0.00156,0.52174383222,0.0008372185599812127,0.0007227814573199999,0.104348766444,0.415835053,0.0,0.0,0.0,Toothed whales,0.0,0.0,0.0,0.0,0.0,0.536678553,-1.730121276279084e-11,1.2775999980174646e-08,0.0
28_28_Central_Atlantic_(1950),SM,0.14,1,0.0008256798,0.1814176815802857,0.0005485316108812128,0.0002771482068003528,0.036283536316057144,0.144308478,0.0,0.0,0.0,Baleen whales,0.0,0.0,0.0,0.0,0.0,0.664339364,-1.76815656300483e-11,-1.2535771448662913e-08,0.0
28_28_Central_Atlantic_(1950),SE,0.14,39,-0.0,-0.0,0.0,0.0,0.0,0.0,0.0,0.0,0.0,diet_import,0.0,0.0,0.0,0.0,0.0,,-0.0,0.0,0.0
28_28_Central_Atlantic_(1950),SE,0.14,38,2777.8730180352595,2777.8730180352595,2718.2345000401283,0.0,0.0,0.0,0.0,59.638517995131224,0.0,Detritus,0.0,0.0,0.0,0.0,0.0,1.0,0.0,0.0,0.0
28_28_Central_Atlantic_(1950),SE,0.14,37,2964.2448555,2964.2448555,2304.4126302796485,659.8320120997337,0.0,0.0,0.0,0.0,0.0,Phytoplankton,0.0,0.0,0.0,0.0,0.0,0.777403,0.00021312061790013104,0.0,0.0
28_28_Central_Atlantic_(1950),SE,0.14,36,51.606198899999995,172.02066299999998,3.473465040262137,48.13273376183184,34.4041326,86.01033,0.0,0.0,0.0,Lg. Zoop. deep,0.0,0.0,0.0,0.0,0.0,0.06730712999999999,9.790602462089737e-08,1.499999996212864e-06,0.0
28_28_Central_Atlantic_(1950),SE,0.14,35,326.25349455,1088.1402679500002,136.65760187059252,189.59589687002213,217.62805359000004,544.2587,0.0,0.0,0.0,Sm. Zoop. deep,0.0,0.0,0.0,0.0,0.0,0.41886937599999996,-4.1906146179826465e-06,1.9810000139841577e-05,0.0
28_28_Central_Atlantic_(1950),SE,0.14,34,152.83878554999998,509.4626185,24.764043988060063,128.07474125496339,101.89252370000001,254.731323,0.0,0.0,0.0,Lg. Zoop. shlw,0.0,0.0,0.0,0.0,0.0,0.162027225,3.069765455165907e-07,-1.3749999965284587e-05,0.0
28_28_Central_Atlantic_(1950),SE,0.14,33,1141.8,3808.2000000000003,810.8210994383843,330.97876575719994,761.6400000000001,1904.76,0.0,0.0,0.0,Sm. Zoop. shlw,0.0,0.0,0.0,0.0,0.0,0.710125446,0.00013480441566571244,4.547473508864641e-13,0.0
28_28_Central_Atlantic_(1950),SE,0.14,32,415.91835,563.5749999999999,259.56446880550004,156.35385617274002,112.71499999999999,34.941597,0.0,0.0,0.0,Het. bacteria,0.0,0.0,0.0,0.0,0.0,0.6240755999999998,2.502175988183808e-05,5.2999999965663847e-05,0.0
28_28_Central_Atlantic_(1950),SE,0.14,31,0.43340000000000006,2.6398,0.041626123427598485,0.39177388030000004,0.5279600000000001,1.67843986,0.0,0.0,0.0,Megabenthos,0.0,0.0,0.0,0.0,0.0,0.0960455,-3.72759845213011e-09,1.3999999981528788e-07,0.0
28_28_Central_Atlantic_(1950),SE,0.14,30,0.369,3.6346499999999997,0.09863466851516114,0.270365328792,0.72693,2.53872,0.0,0.0,0.0,Macrobenthos,0.0,0.0,0.0,0.0,0.0,0.26730263200000004,2.6928388408009596e-09,0.0,0.0
28_28_Central_Atlantic_(1950),SE,0.14,29,2.214,22.287599999999998,0.5448121363030838,1.6691878621979999,4.45752,15.6160793,0.0,0.0,0.0,Meiobenthos,0.0,0.0,0.0,0.0,0.0,0.24607594300000002,1.4989161023493125e-09,6.99999999298484e-07,0.0
28_28_Central_Atlantic_(1950),SE,0.14,28,0.012723003955,0.02544600791,0.011450702967616381,0.0012723003954999996,0.005089201582,0.007633802,0.0,0.0,0.0,Benth. ceph.,0.0,0.0,0.0,0.0,0.0,0.9,5.918836185059284e-10,3.729999989432464e-10,0.0
28_28_Central_Atlantic_(1950),SE,0.14,27,0.5644206439999999,4.47855511,0.507978562200084,0.05644206439999998,0.8957110220000001,3.01842356,0.0,0.0,0.0,Lg Squids,0.0,0.0,0.0,0.0,0.0,0.9,1.739991595250956e-08,-1.1599999982792042e-07,0.0
28_28_Central_Atlantic_(1950),SE,0.14,26,1.9626521827999999,15.573218407,1.766386893631383,0.19626521827999993,3.1146436814000005,10.4959221,0.0,0.0,0.0,Sm Squids,0.0,0.0,0.0,0.0,0.0,0.9,7.08886169764611e-08,4.428000011102995e-07,0.0
28_28_Central_Atlantic_(1950),SE,0.14,25,0.029511966558754574,0.05365811909218538,0.028247997140988634,0.001263969107687661,0.010731623818437078,0.01341453,0.0,0.0,0.0,Lg. Bathyd. abs,0.0,0.0,0.0,0.0,0.0,0.957170963,3.100782790255163e-10,-1.2850062697938869e-09,0.0
28_28_Central_Atlantic_(1950),SE,0.14,24,0.032007212730000005,0.0581949347850468,0.03092652416753671,0.0010806897702190206,0.011638986957009361,0.014548731,0.0,0.0,0.0,Sm. Bathyd. abs,0.0,0.0,0.0,0.0,0.0,0.966236055,-1.207755728760418e-09,4.098037435437685e-09,0.0
28_28_Central_Atlantic_(1950),SE,0.14,23,0.0030136304000000004,0.00547932783219558,0.0019225564713861983,0.00102711515654528,0.001095865566439116,0.00136983185,6.39589e-05,0.0,0.0,Lg. Bathyd. slp,8.954246e-06,8.954246e-06,5.500465399999999e-05,5.500465399999999e-05,0.0,0.6591768,-1.2793147834491703e-10,1.5756463408317378e-11,0.0
28_28_Central_Atlantic_(1950),SE,0.14,22,0.005653607665707449,0.010279287244467,0.004260451747794523,0.0012050065457042862,0.0020558574488934002,0.00256982166,0.000188149,0.0,0.0,Sm. Bathyd. slp,2.6340860000000004e-05,2.6340860000000004e-05,0.00016180814,0.00016180814,0.0,0.7868606,3.72208640644911e-10,4.69866151195375e-10,0.0
28_28_Central_Atlantic_(1950),SE,0.14,21,0.006341536224000001,0.011508713888,0.005009813921588745,0.0013317226070399999,0.0023017427776000003,0.00286543486,0.0,0.0,0.0,Lg. Bathyp. fish,0.0,0.0,0.0,0.0,0.0,0.79,-3.046287441049733e-10,2.6399998940412894e-11,0.0
28_28_Central_Atlantic_(1950),SE,0.14,20,0.013441102436,0.020515366876,0.012096991849560989,0.0013441102435999997,0.0041030733752,0.00297118956,0.0,0.0,0.0,Md. Bathyp.fish,0.0,0.0,0.0,0.0,0.0,0.9,3.428390106530177e-10,1.5047999985841332e-09,0.0
28_28_Central_Atlantic_(1950),SE,0.14,19,0.06545771003200002,0.22973138617000002,0.05891193573953475,0.0065457710032,0.04594627723400001,0.118327409,0.0,0.0,0.0,Sm. Bathyp. fish,0.0,0.0,0.0,0.0,0.0,0.9,3.2892652629401553e-09,-1.0095999994352844e-08,0.0
28_28_Central_Atlantic_(1950),SE,0.14,18,12.22519406327412,59.3828355,3.573220730157866,8.651973314709084,11.8765671,35.2810745,0.0,0.0,0.0,Sm. Meso fish,0.0,0.0,0.0,0.0,0.0,0.292283356,1.8407170898626646e-08,-1.6327412311056833e-07,0.0
28_28_Central_Atlantic_(1950),SE,0.14,17,0.0003348901755,0.0079257341535,0.00030140115666829864,3.348901755e-05,0.0015851468307,0.006005697,0.0,0.0,0.0,Lg. Meso fish,0.0,0.0,0.0,0.0,0.0,0.9,1.2817013617973105e-12,1.4729999945478633e-10,0.0
28_28_Central_Atlantic_(1950),SE,0.14,16,2.418293435320515,14.779333033030326,2.1764249584475417,0.24182934353205143,2.9558666066060653,9.405173,3.90985e-05,0.0,0.0,Sm. Epi. fish,5.47379e-06,5.47379e-06,3.362471e-05,3.362471e-05,0.0,0.9,3.4840922147338915e-08,-8.896252623458167e-09,0.0
28_28_Central_Atlantic_(1950),SE,0.14,15,0.1059599016,0.7525932498796599,0.09523928587084607,0.010595990159999997,0.150518649975932,0.496114731,0.000124629,0.0,0.0,Md. Epi. fish,1.744806e-05,1.744806e-05,0.00010718093999999998,0.00010718093999999998,0.0,0.9,-3.4308460655774198e-09,-3.2696272078691635e-08,0.0
28_28_Central_Atlantic_(1950),SE,0.14,14,0.00984495897,0.12697145868897,0.007685239049978655,0.0018705422042999994,0.025394291737794002,0.091732204,0.000289178,0.0,0.0,Lg. Epi. fish,4.0484920000000004e-05,4.0484920000000004e-05,0.00024869308000000003,0.00024869308000000003,0.0,0.81,-2.8427865443603206e-10,3.981175999978603e-09,0.0
28_28_Central_Atlantic_(1950),SE,0.14,13,0.00064010414496,0.010287388044000001,6.401041000000001e-05,0.000576093730464,0.0020574776088000003,0.00758980634,0.0,0.0,0.0,Lg. Plank. fish,0.0,0.0,0.0,0.0,0.0,0.09999999999999998,4.496000034943937e-12,-4.9759998205223255e-11,0.0
28_28_Central_Atlantic_(1950),SE,0.14,12,2.1336802558309998e-05,0.00021225354904839998,6.401041000000001e-07,2.0696698481560696e-05,4.245070980968e-05,0.000148466032,0.0,0.0,0.0,Billfishes,0.0,0.0,0.0,0.0,0.0,0.030000000000000027,-2.3250698648292698e-14,4.680409976687977e-12,0.0
28_28_Central_Atlantic_(1950),SE,0.14,11,0.00032651159999999997,0.004353488,6.401041000000001e-07,0.00032587149593018877,0.0008706976,0.00315627875,0.0,0.0,0.0,Swordfish,0.0,0.0,0.0,0.0,0.0,0.0019604328600000276,-3.0188796341229507e-14,5.000000023389073e-11,0.0
28_28_Central_Atlantic_(1950),SE,0.14,10,0.01072980688,0.46030871515199995,0.0017776866754339626,0.008952120234131998,0.09206174303039999,0.357517153,0.0,0.0,0.0,Bigeye,0.0,0.0,0.0,0.0,0.0,0.16567741300000005,-2.9565960790733925e-11,1.2241599955942206e-08,0.0
28_28_Central_Atlantic_(1950),SE,0.14,9,0.0002486316,0.0059671584,9.575327449622515e-05,0.00015287832471324,0.00119343168,0.004525095,0.0,0.0,0.0,Albacore,0.0,0.0,0.0,0.0,0.0,0.3851211,7.90534846785429e-13,1.200000003878654e-10,0.0
28_28_Central_Atlantic_(1950),SE,0.14,8,0.00804781642,0.15322104854,0.001044242037497828,0.007003574237715865,0.030644209707999998,0.114529014,0.0,0.0,0.0,Skipjack,0.0,0.0,0.0,0.0,0.0,0.12975472199999993,1.4478630620817778e-10,8.411999999347053e-09,0.0
28_28_Central_Atlantic_(1950),SE,0.14,7,2.1533975999999998e-06,3.588996e-05,6.401041000000001e-07,6.160445043768214e-07,7.177992e-06,2.655857e-05,8.97249e-07,0.0,0.0,Bluefin,1.2561486000000003e-07,1.2561486000000003e-07,7.7163414e-07,7.7163414e-07,0.0,0.713919759,-4.376822102853837e-15,3.999999997569316e-13,0.0
28_28_Central_Atlantic_(1950),SE,0.14,6,0.00010813669999999998,0.00239908993,6.988740116756793e-06,0.00010114795916850798,0.00047981798599999997,0.00181113509,0.0,0.0,0.0,Yellowfin,0.0,0.0,0.0,0.0,0.0,0.06462875999999995,7.147352100358301e-13,1.5400000003516767e-10,0.0
28_28_Central_Atlantic_(1950),SE,0.14,5,0.00249640599,0.06401040999999999,0.0005785155030430785,0.0018723044925,0.012802082,0.048711922,4.5586e-05,0.0,0.0,Pelagic sharks,6.38204e-06,6.38204e-06,3.9203959999999997e-05,3.9203959999999997e-05,0.0,0.25,-5.543078149261582e-12,9.999993888509806e-12,0.0
28_28_Central_Atlantic_(1950),SE,0.14,4,9.79823604992e-06,0.00919899290843,5.857542543244573e-06,3.940693277589222e-06,0.0018397985816859998,0.00734939566,0.0,0.0,0.0,Seabirds,0.0,0.0,0.0,0.0,0.0,0.59781605,2.290862049619249e-13,4.3069408022650135e-10,0.0
28_28_Central_Atlantic_(1950),SE,0.14,3,1.796872e-05,0.007911342611788,5.217438443244573e-06,1.275128168977432e-05,0.0015822685223576003,0.00631110556,0.0,0.0,0.0,Beaked whales,0.0,0.0,0.0,0.0,0.0,0.29036226900000006,-1.330188909053672e-13,-1.9056960089830488e-10,0.0
28_28_Central_Atlantic_(1950),SE,0.14,2,0.00156,0.52174383222,0.0008372185599812127,0.0007227814573199999,0.104348766444,0.415835053,0.0,0.0,0.0,Toothed whales,0.0,0.0,0.0,0.0,0.0,0.536678553,-1.730121276279084e-11,1.2775999980174646e-08,0.0
28_28_Central_Atlantic_(1950),SE,0.14,1,0.0008256798,0.1814176815802857,0.0005485316108812128,0.0002771482068003528,0.036283536316057144,0.144308478,0.0,0.0,0.0,Baleen whales,0.0,0.0,0.0,0.0,0.0,0.664339364,-1.76815656300483e-11,-1.2535771448662913e-08,0.0
28_28_Central_Atlantic_(1950),SC,0.15,39,-0.0,-0.0,0.0,0.0,0.0,0.0,0.0,0.0,0.0,diet_import,0.0,0.0,0.0,0.0,0.0,,-0.0,0.0,0.0
28_28_Central_Atlantic_(1950),SC,0.15,38,2777.8730180352595,2777.8730180352595,2718.2345000401283,0.0,0.0,0.0,0.0,59.638517995131224,0.0,Detritus,0.0,0.0,0.0,0.0,0.0,1.0,0.0,0.0,0.0
28_28_Central_Atlantic_(1950),SC,0.15,37,2964.2448555,2964.2448555,2304.4126302796485,659.8320120997337,0.0,0.0,0.0,0.0,0.0,Phytoplankton,0.0,0.0,0.0,0.0,0.0,0.777403,0.00021312061790013104,0.0,0.0
28_28_Central_Atlantic_(1950),SC,0.15,36,51.606198899999995,172.02066299999998,3.473465040262137,48.13273376183184,34.4041326,86.01033,0.0,0.0,0.0,Lg. Zoop. deep,0.0,0.0,0.0,0.0,0.0,0.06730712999999999,9.790602462089737e-08,1.499999996212864e-06,0.0
28_28_Central_Atlantic_(1950),SC,0.15,35,326.25349455,1088.1402679500002,136.65760187059252,189.59589687002213,217.62805359000004,544.2587,0.0,0.0,0.0,Sm. Zoop. deep,0.0,0.0,0.0,0.0,0.0,0.41886937599999996,-4.1906146179826465e-06,1.9810000139841577e-05,0.0
28_28_Central_Atlantic_(1950),SC,0.15,34,152.83878554999998,509.4626185,24.764043988060063,128.07474125496339,101.89252370000001,254.731323,0.0,0.0,0.0,Lg. Zoop. shlw,0.0,0.0,0.0,0.0,0.0,0.162027225,3.069765455165907e-07,-1.3749999965284587e-05,0.0
28_28_Central_Atlantic_(1950),SC,0.15,33,1141.8,3808.2000000000003,810.8210994383843,330.97876575719994,761.6400000000001,1904.76,0.0,0.0,0.0,Sm. Zoop. shlw,0.0,0.0,0.0,0.0,0.0,0.710125446,0.00013480441566571244,4.547473508864641e-13,0.0
28_28_Central_Atlantic_(1950),SC,0.15,32,415.91835,563.5749999999999,259.56446880550004,156.35385617274002,112.71499999999999,34.941597,0.0,0.0,0.0,Het. bacteria,0.0,0.0,0.0,0.0,0.0,0.6240755999999998,2.502175988183808e-05,5.2999999965663847e-05,0.0
28_28_Central_Atlantic_(1950),SC,0.15,31,0.43340000000000006,2.6398,0.041626123427598485,0.39177388030000004,0.5279600000000001,1.67843986,0.0,0.0,0.0,Megabenthos,0.0,0.0,0.0,0.0,0.0,0.0960455,-3.72759845213011e-09,1.3999999981528788e-07,0.0
28_28_Central_Atlantic_(1950),SC,0.15,30,0.369,3.6346499999999997,0.09863466851516114,0.270365328792,0.72693,2.53872,0.0,0.0,0.0,Macrobenthos,0.0,0.0,0.0,0.0,0.0,0.26730263200000004,2.6928388408009596e-09,0.0,0.0
28_28_Central_Atlantic_(1950),SC,0.15,29,2.214,22.287599999999998,0.5448121363030838,1.6691878621979999,4.45752,15.6160793,0.0,0.0,0.0,Meiobenthos,0.0,0.0,0.0,0.0,0.0,0.24607594300000002,1.4989161023493125e-09,6.99999999298484e-07,0.0
28_28_Central_Atlantic_(1950),SC,0.15,28,0.012723003955,0.02544600791,0.011450702967616381,0.0012723003954999996,0.005089201582,0.007633802,0.0,0.0,0.0,Benth. ceph.,0.0,0.0,0.0,0.0,0.0,0.9,5.918836185059284e-10,3.729999989432464e-10,0.0
28_28_Central_Atlantic_(1950),SC,0.15,27,0.5644206439999999,4.47855511,0.507978562200084,0.05644206439999998,0.8957110220000001,3.01842356,0.0,0.0,0.0,Lg Squids,0.0,0.0,0.0,0.0,0.0,0.9,1.739991595250956e-08,-1.1599999982792042e-07,0.0
28_28_Central_Atlantic_(1950),SC,0.15,26,1.9626521827999999,15.573218407,1.766386893631383,0.19626521827999993,3.1146436814000005,10.4959221,0.0,0.0,0.0,Sm Squids,0.0,0.0,0.0,0.0,0.0,0.9,7.08886169764611e-08,4.428000011102995e-07,0.0
28_28_Central_Atlantic_(1950),SC,0.15,25,0.029511966558754574,0.05365811909218538,0.028247997140988634,0.001263969107687661,0.010731623818437078,0.01341453,0.0,0.0,0.0,Lg. Bathyd. abs,0.0,0.0,0.0,0.0,0.0,0.957170963,3.100782790255163e-10,-1.2850062697938869e-09,0.0
28_28_Central_Atlantic_(1950),SC,0.15,24,0.032007212730000005,0.0581949347850468,0.03092652416753671,0.0010806897702190206,0.011638986957009361,0.014548731,0.0,0.0,0.0,Sm. Bathyd. abs,0.0,0.0,0.0,0.0,0.0,0.966236055,-1.207755728760418e-09,4.098037435437685e-09,0.0
28_28_Central_Atlantic_(1950),SC,0.15,23,0.0030136304000000004,0.00547932783219558,0.0019225564713861983,0.00102711515654528,0.001095865566439116,0.00136983185,6.39589e-05,0.0,0.0,Lg. Bathyd. slp,0.0,9.593834999999999e-06,5.4365064999999996e-05,6.39589e-05,0.0,0.6591768,-1.2793147834491703e-10,1.5756463408317378e-11,0.0
28_28_Central_Atlantic_(1950),SC,0.15,22,0.005653607665707449,0.010279287244467,0.004260451747794523,0.0012050065457042862,0.0020558574488934002,0.00256982166,0.000188149,0.0,0.0,Sm. Bathyd. slp,0.0,2.822235e-05,0.00015992665,0.000188149,0.0,0.7868606,3.7220863977754926e-10,4.69866151195375e-10,0.0
28_28_Central_Atlantic_(1950),SC,0.15,21,0.006341536224000001,0.011508713888,0.005009813921588745,0.0013317226070399999,0.0023017427776000003,0.00286543486,0.0,0.0,0.0,Lg. Bathyp. fish,0.0,0.0,0.0,0.0,0.0,0.79,-3.046287441049733e-10,2.6399998940412894e-11,0.0
28_28_Central_Atlantic_(1950),SC,0.15,20,0.013441102436,0.020515366876,0.012096991849560989,0.0013441102435999997,0.0041030733752,0.00297118956,0.0,0.0,0.0,Md. Bathyp.fish,0.0,0.0,0.0,0.0,0.0,0.9,3.428390106530177e-10,1.5047999985841332e-09,0.0
28_28_Central_Atlantic_(1950),SC,0.15,19,0.06545771003200002,0.22973138617000002,0.05891193573953475,0.0065457710032,0.04594627723400001,0.118327409,0.0,0.0,0.0,Sm. Bathyp. fish,0.0,0.0,0.0,0.0,0.0,0.9,3.2892652629401553e-09,-1.0095999994352844e-08,0.0
28_28_Central_Atlantic_(1950),SC,0.15,18,12.22519406327412,59.3828355,3.573220730157866,8.651973314709084,11.8765671,35.2810745,0.0,0.0,0.0,Sm. Meso fish,0.0,0.0,0.0,0.0,0.0,0.292283356,1.8407170898626646e-08,-1.6327412311056833e-07,0.0
28_28_Central_Atlantic_(1950),SC,0.15,17,0.0003348901755,0.0079257341535,0.00030140115666829864,3.348901755e-05,0.0015851468307,0.006005697,0.0,0.0,0.0,Lg. Meso fish,0.0,0.0,0.0,0.0,0.0,0.9,1.2817013617973105e-12,1.4729999945478633e-10,0.0
28_28_Central_Atlantic_(1950),SC,0.15,16,2.418293435320515,14.779333033030326,2.1764249584475417,0.24182934353205143,2.9558666066060653,9.405173,3.90985e-05,0.0,0.0,Sm. Epi. fish,0.0,5.864774999999999e-06,3.3233724999999995e-05,3.90985e-05,0.0,0.9,3.4840922147338915e-08,-8.896252623458167e-09,0.0
28_28_Central_Atlantic_(1950),SC,0.15,15,0.1059599016,0.7525932498796599,0.09523928587084607,0.010595990159999997,0.150518649975932,0.496114731,0.000124629,0.0,0.0,Md. Epi. fish,0.0,1.8694349999999998e-05,0.00010593464999999998,0.000124629,0.0,0.9,-3.4308460655774198e-09,-3.2696272078691635e-08,0.0
28_28_Central_Atlantic_(1950),SC,0.15,14,0.00984495897,0.12697145868897,0.007685239049978655,0.0018705422042999994,0.025394291737794002,0.091732204,0.000289178,0.0,0.0,Lg. Epi. fish,0.0,4.33767e-05,0.0002458013,0.000289178,0.0,0.81,-2.8427865443603206e-10,3.981175999978603e-09,0.0
28_28_Central_Atlantic_(1950),SC,0.15,13,0.00064010414496,0.010287388044000001,6.401041000000001e-05,0.000576093730464,0.0020574776088000003,0.00758980634,0.0,0.0,0.0,Lg. Plank. fish,0.0,0.0,0.0,0.0,0.0,0.09999999999999998,4.496000034943937e-12,-4.9759998205223255e-11,0.0
28_28_Central_Atlantic_(1950),SC,0.15,12,2.1336802558309998e-05,0.00021225354904839998,6.401041000000001e-07,2.0696698481560696e-05,4.245070980968e-05,0.000148466032,0.0,0.0,0.0,Billfishes,0.0,0.0,0.0,0.0,0.0,0.030000000000000027,-2.3250698648292698e-14,4.680409976687977e-12,0.0
28_28_Central_Atlantic_(1950),SC,0.15,11,0.00032651159999999997,0.004353488,6.401041000000001e-07,0.00032587149593018877,0.0008706976,0.00315627875,0.0,0.0,0.0,Swordfish,0.0,0.0,0.0,0.0,0.0,0.0019604328600000276,-3.0188796341229507e-14,5.000000023389073e-11,0.0
28_28_Central_Atlantic_(1950),SC,0.15,10,0.01072980688,0.46030871515199995,0.0017776866754339626,0.008952120234131998,0.09206174303039999,0.357517153,0.0,0.0,0.0,Bigeye,0.0,0.0,0.0,0.0,0.0,0.16567741300000005,-2.9565960790733925e-11,1.2241599955942206e-08,0.0
28_28_Central_Atlantic_(1950),SC,0.15,9,0.0002486316,0.0059671584,9.575327449622515e-05,0.00015287832471324,0.00119343168,0.004525095,0.0,0.0,0.0,Albacore,0.0,0.0,0.0,0.0,0.0,0.3851211,7.90534846785429e-13,1.200000003878654e-10,0.0
28_28_Central_Atlantic_(1950),SC,0.15,8,0.00804781642,0.15322104854,0.001044242037497828,0.007003574237715865,0.030644209707999998,0.114529014,0.0,0.0,0.0,Skipjack,0.0,0.0,0.0,0.0,0.0,0.12975472199999993,1.4478630620817778e-10,8.411999999347053e-09,0.0
28_28_Central_Atlantic_(1950),SC,0.15,7,2.1533975999999998e-06,3.588996e-05,6.401041000000001e-07,6.160445043768214e-07,7.177992e-06,2.655857e-05,8.97249e-07,0.0,0.0,Bluefin,0.0,1.3458735e-07,7.6266165e-07,8.97249e-07,0.0,0.713919759,-4.376821679337364e-15,3.999999997569316e-13,0.0
28_28_Central_Atlantic_(1950),SC,0.15,6,0.00010813669999999998,0.00239908993,6.988740116756793e-06,0.00010114795916850798,0.00047981798599999997,0.00181113509,0.0,0.0,0.0,Yellowfin,0.0,0.0,0.0,0.0,0.0,0.06462875999999995,7.147352100358301e-13,1.5400000003516767e-10,0.0
28_28_Central_Atlantic_(1950),SC,0.15,5,0.00249640599,0.06401040999999999,0.0005785155030430785,0.0018723044925,0.012802082,0.048711922,4.5586e-05,0.0,0.0,Pelagic sharks,0.0,6.8379e-06,3.87481e-05,4.5586e-05,0.0,0.25,-5.543078149261582e-12,9.999993888509806e-12,0.0
28_28_Central_Atlantic_(1950),SC,0.15,4,9.79823604992e-06,0.00919899290843,5.857542543244573e-06,3.940693277589222e-06,0.0018397985816859998,0.00734939566,0.0,0.0,0.0,Seabirds,0.0,0.0,0.0,0.0,0.0,0.59781605,2.290862049619249e-13,4.3069408022650135e-10,0.0
28_28_Central_Atlantic_(1950),SC,0.15,3,1.796872e-05,0.007911342611788,5.217438443244573e-06,1.275128168977432e-05,0.0015822685223576003,0.00631110556,0.0,0.0,0.0,Beaked whales,0.0,0.0,0.0,0.0,0.0,0.29036226900000006,-1.330188909053672e-13,-1.9056960089830488e-10,0.0
28_28_Central_Atlantic_(1950),SC,0.15,2,0.00156,0.52174383222,0.0008372185599812127,0.0007227814573199999,0.104348766444,0.415835053,0.0,0.0,0.0,Toothed whales,0.0,0.0,0.0,0.0,0.0,0.536678553,-1.730121276279084e-11,1.2775999980174646e-08,0.0
28_28_Central_Atlantic_(1950),SC,0.15,1,0.0008256798,0.1814176815802857,0.0005485316108812128,0.0002771482068003528,0.036283536316057144,0.144308478,0.0,0.0,0.0,Baleen whales,0.0,0.0,0.0,0.0,0.0,0.664339364,-1.76815656300483e-11,-1.2535771448662913e-08,0.0
28_28_Central_Atlantic_(1950),SM,0.15,39,-0.0,-0.0,0.0,0.0,0.0,0.0,0.0,0.0,0.0,diet_import,0.0,0.0,0.0,0.0,0.0,,-0.0,0.0,0.0
28_28_Central_Atlantic_(1950),SM,0.15,38,2777.873130759757,2777.873130759757,2718.2345000401283,0.0,0.0,0.0,0.0,59.63863071962851,0.0,Detritus,0.0,0.0,0.0,0.0,0.0,1.0,0.0,0.0,0.0
28_28_Central_Atlantic_(1950),SM,0.15,37,2964.2448555,2964.2448555,2304.4126302796485,659.8320120997337,0.0,0.0,0.0,0.0,0.0,Phytoplankton,0.0,0.0,0.0,0.0,0.0,0.777403,0.00021312061790013104,0.0,0.0
28_28_Central_Atlantic_(1950),SM,0.15,36,51.606198899999995,172.02066299999998,3.473465040262137,48.13273376183184,34.4041326,86.01033,0.0,0.0,0.0,Lg. Zoop. deep,0.0,0.0,0.0,0.0,0.0,0.06730712999999999,9.790602462089737e-08,1.499999996212864e-06,0.0
28_28_Central_Atlantic_(1950),SM,0.15,35,326.25349455,1088.1402679500002,136.65760187059252,189.59589687002213,217.62805359000004,544.2587,0.0,0.0,0.0,Sm. Zoop. deep,0.0,0.0,0.0,0.0,0.0,0.41886937599999996,-4.1906146179826465e-06,1.9810000139841577e-05,0.0
28_28_Central_Atlantic_(1950),SM,0.15,34,152.83878554999998,509.4626185,24.764043988060063,128.07474125496339,101.89252370000001,254.731323,0.0,0.0,0.0,Lg. Zoop. shlw,0.0,0.0,0.0,0.0,0.0,0.162027225,3.069765455165907e-07,-1.3749999965284587e-05,0.0
28_28_Central_Atlantic_(1950),SM,0.15,33,1141.8,3808.2000000000003,810.8210994383843,330.97876575719994,761.6400000000001,1904.76,0.0,0.0,0.0,Sm. Zoop. shlw,0.0,0.0,0.0,0.0,0.0,0.710125446,0.00013480441566571244,4.547473508864641e-13,0.0
28_28_Central_Atlantic_(1950),SM,0.15,32,415.91835,563.5749999999999,259.56446880550004,156.35385617274002,112.71499999999999,34.941597,0.0,0.0,0.0,Het. bacteria,0.0,0.0,0.0,0.0,0.0,0.6240755999999998,2.502175988183808e-05,5.2999999965663847e-05,0.0
28_28_Central_Atlantic_(1950),SM,0.15,31,0.43340000000000006,2.6398,0.041626123427598485,0.39177388030000004,0.5279600000000001,1.67843986,0.0,0.0,0.0,Megabenthos,0.0,0.0,0.0,0.0,0.0,0.0960455,-3.72759845213011e-09,1.3999999981528788e-07,0.0
28_28_Central_Atlantic_(1950),SM,0.15,30,0.369,3.6346499999999997,0.09863466851516114,0.270365328792,0.72693,2.53872,0.0,0.0,0.0,Macrobenthos,0.0,0.0,0.0,0.0,0.0,0.26730263200000004,2.6928388408009596e-09,0.0,0.0
28_28_Central_Atlantic_(1950),SM,0.15,29,2.214,22.287599999999998,0.5448121363030838,1.6691878621979999,4.45752,15.6160793,0.0,0.0,0.0,Meiobenthos,0.0,0.0,0.0,0.0,0.0,0.24607594300000002,1.4989161023493125e-09,6.99999999298484e-07,0.0
28_28_Central_Atlantic_(1950),SM,0.15,28,0.012723003955,0.02544600791,0.011450702967616381,0.0012723003954999996,0.005089201582,0.007633802,0.0,0.0,0.0,Benth. ceph.,0.0,0.0,0.0,0.0,0.0,0.9,5.918836185059284e-10,3.729999989432464e-10,0.0
28_28_Central_Atlantic_(1950),SM,0.15,27,0.5644206439999999,4.47855511,0.507978562200084,0.05644206439999998,0.8957110220000001,3.01842356,0.0,0.0,0.0,Lg Squids,0.0,0.0,0.0,0.0,0.0,0.9,1.739991595250956e-08,-1.1599999982792042e-07,0.0
28_28_Central_Atlantic_(1950),SM,0.15,26,1.9626521827999999,15.573218407,1.766386893631383,0.19626521827999993,3.1146436814000005,10.4959221,0.0,0.0,0.0,Sm Squids,0.0,0.0,0.0,0.0,0.0,0.9,7.08886169764611e-08,4.428000011102995e-07,0.0
28_28_Central_Atlantic_(1950),SM,0.15,25,0.029511966558754574,0.05365811909218538,0.028247997140988634,0.001263969107687661,0.010731623818437078,0.01341453,0.0,0.0,0.0,Lg. Bathyd. abs,0.0,0.0,0.0,0.0,0.0,0.957170963,3.100782790255163e-10,-1.2850062697938869e-09,0.0
28_28_Central_Atlantic_(1950),SM,0.15,24,0.032007212730000005,0.0581949347850468,0.03092652416753671,0.0010806897702190206,0.011638986957009361,0.014548731,0.0,0.0,0.0,Sm. Bathyd. abs,0.0,0.0,0.0,0.0,0.0,0.966236055,-1.207755728760418e-09,4.098037435437685e-09,0.0
28_28_Central_Atlantic_(1950),SM,0.15,23,0.0030136304000000004,0.00547932783219558,0.0019225564713861983,0.00103670899154528,0.001095865566439116,0.00136983185,6.39589e-05,0.0,0.0,Lg. Bathyd. slp,0.0,9.593834999999999e-06,5.4365064999999996e-05,5.4365064999999996e-05,0.0,0.6559933190396274,-1.2793147791123616e-10,1.5756463408317378e-11,0.0
28_28_Central_Atlantic_(1950),SM,0.15,22,0.005653607665707449,0.010279287244467,0.004260451747794523,0.0012332288957042862,0.0020558574488934002,0.00256982166,0.000188149,0.0,0.0,Sm. Bathyd. slp,0.0,2.822235e-05,0.00015992665,0.00015992665,0.0,0.7818686812697376,3.7220863977754926e-10,4.69866151195375e-10,0.0
28_28_Central_Atlantic_(1950),SM,0.15,21,0.006341536224000001,0.011508713888,0.005009813921588745,0.0013317226070399999,0.0023017427776000003,0.00286543486,0.0,0.0,0.0,Lg. Bathyp. fish,0.0,0.0,0.0,0.0,0.0,0.79,-3.046287441049733e-10,2.6399998940412894e-11,0.0
28_28_Central_Atlantic_(1950),SM,0.15,20,0.013441102436,0.020515366876,0.012096991849560989,0.0013441102435999997,0.0041030733752,0.00297118956,0.0,0.0,0.0,Md. Bathyp.fish,0.0,0.0,0.0,0.0,0.0,0.9,3.428390106530177e-10,1.5047999985841332e-09,0.0
28_28_Central_Atlantic_(1950),SM,0.15,19,0.06545771003200002,0.22973138617000002,0.05891193573953475,0.0065457710032,0.04594627723400001,0.118327409,0.0,0.0,0.0,Sm. Bathyp. fish,0.0,0.0,0.0,0.0,0.0,0.9,3.2892652629401553e-09,-1.0095999994352844e-08,0.0
28_28_Central_Atlantic_(1950),SM,0.15,18,12.22519406327412,59.3828355,3.573220730157866,8.651973314709084,11.8765671,35.2810745,0.0,0.0,0.0,Sm. Meso fish,0.0,0.0,0.0,0.0,0.0,0.292283356,1.8407170898626646e-08,-1.6327412311056833e-07,0.0
28_28_Central_Atlantic_(1950),SM,0.15,17,0.0003348901755,0.0079257341535,0.00030140115666829864,3.348901755e-05,0.0015851468307,0.006005697,0.0,0.0,0.0,Lg. Meso fish,0.0,0.0,0.0,0.0,0.0,0.9,1.2817013617973105e-12,1.4729999945478633e-10,0.0
28_28_Central_Atlantic_(1950),SM,0.15,16,2.418293435320515,14.779333033030326,2.1764249584475417,0.24183520830705144,2.9558666066060653,9.405173,3.90985e-05,0.0,0.0,Sm. Epi. fish,0.0,5.864774999999999e-06,3.3233724999999995e-05,3.3233724999999995e-05,0.0,0.8999975748290451,3.4840921703249705e-08,-8.896252623458167e-09,0.0
28_28_Central_Atlantic_(1950),SM,0.15,15,0.1059599016,0.7525932498796599,0.09523928587084607,0.010614684509999998,0.150518649975932,0.496114731,0.000124629,0.0,0.0,Md. Epi. fish,0.0,1.8694349999999998e-05,0.00010593464999999998,0.00010593464999999998,0.0,0.8998235714669633,-3.4308460655774198e-09,-3.2696272078691635e-08,0.0
28_28_Central_Atlantic_(1950),SM,0.15,14,0.00984495897,0.12697145868897,0.007685239049978655,0.0019139189042999994,0.025394291737794002,0.091732204,0.000289178,0.0,0.0,Lg. Epi. fish,0.0,4.33767e-05,0.0002458013,0.0002458013,0.0,0.8055940192201736,-2.8427865443603206e-10,3.981175999978603e-09,0.0
28_28_Central_Atlantic_(1950),SM,0.15,13,0.00064010414496,0.010287388044000001,6.401041000000001e-05,0.000576093730464,0.0020574776088000003,0.00758980634,0.0,0.0,0.0,Lg. Plank. fish,0.0,0.0,0.0,0.0,0.0,0.09999999999999998,4.496000034943937e-12,-4.9759998205223255e-11,0.0
28_28_Central_Atlantic_(1950),SM,0.15,12,2.1336802558309998e-05,0.00021225354904839998,6.401041000000001e-07,2.0696698481560696e-05,4.245070980968e-05,0.000148466032,0.0,0.0,0.0,Billfishes,0.0,0.0,0.0,0.0,0.0,0.030000000000000027,-2.3250698648292698e-14,4.680409976687977e-12,0.0
28_28_Central_Atlantic_(1950),SM,0.15,11,0.00032651159999999997,0.004353488,6.401041000000001e-07,0.00032587149593018877,0.0008706976,0.00315627875,0.0,0.0,0.0,Swordfish,0.0,0.0,0.0,0.0,0.0,0.0019604328600000276,-3.0188796341229507e-14,5.000000023389073e-11,0.0
28_28_Central_Atlantic_(1950),SM,0.15,10,0.01072980688,0.46030871515199995,0.0017776866754339626,0.008952120234131998,0.09206174303039999,0.357517153,0.0,0.0,0.0,Bigeye,0.0,0.0,0.0,0.0,0.0,0.16567741300000005,-2.9565960790733925e-11,1.2241599955942206e-08,0.0
28_28_Central_Atlantic_(1950),SM,0.15,9,0.0002486316,0.0059671584,9.575327449622515e-05,0.00015287832471324,0.00119343168,0.004525095,0.0,0.0,0.0,Albacore,0.0,0.0,0.0,0.0,0.0,0.3851211,7.90534846785429e-13,1.200000003878654e-10,0.0
28_28_Central_Atlantic_(1950),SM,0.15,8,0.00804781642,0.15322104854,0.001044242037497828,0.007003574237715865,0.030644209707999998,0.114529014,0.0,0.0,0.0,Skipjack,0.0,0.0,0.0,0.0,0.0,0.12975472199999993,1.4478630620817778e-10,8.411999999347053e-09,0.0
28_28_Central_Atlantic_(1950),SM,0.15,7,2.1533975999999998e-06,3.588996e-05,6.401041000000001e-07,7.506318543768214e-07,7.177992e-06,2.655857e-05,8.97249e-07,0.0,0.0,Bluefin,0.0,1.3458735e-07,7.6266165e-07,7.6266165e-07,0.0,0.651419759,-4.376821679337364e-15,3.999999997569316e-13,0.0
28_28_Central_Atlantic_(1950),SM,0.15,6,0.00010813669999999998,0.00239908993,6.988740116756793e-06,0.00010114795916850798,0.00047981798599999997,0.00181113509,0.0,0.0,0.0,Yellowfin,0.0,0.0,0.0,0.0,0.0,0.06462875999999995,7.147352100358301e-13,1.5400000003516767e-10,0.0
28_28_Central_Atlantic_(1950),SM,0.15,5,0.00249640599,0.06401040999999999,0.0005785155030430785,0.0018791423925,0.012802082,0.048711922,4.5586e-05,0.0,0.0,Pelagic sharks,0.0,6.8379e-06,3.87481e-05,3.87481e-05,0.0,0.2472609022621357,-5.543078149261582e-12,9.999993888509806e-12,0.0
28_28_Central_Atlantic_(1950),SM,0.15,4,9.79823604992e-06,0.00919899290843,5.857542543244573e-06,3.940693277589222e-06,0.0018397985816859998,0.00734939566,0.0,0.0,0.0,Seabirds,0.0,0.0,0.0,0.0,0.0,0.59781605,2.290862049619249e-13,4.3069408022650135e-10,0.0
28_28_Central_Atlantic_(1950),SM,0.15,3,1.796872e-05,0.007911342611788,5.217438443244573e-06,1.275128168977432e-05,0.0015822685223576003,0.00631110556,0.0,0.0,0.0,Beaked whales,0.0,0.0,0.0,0.0,0.0,0.29036226900000006,-1.330188909053672e-13,-1.9056960089830488e-10,0.0
28_28_Central_Atlantic_(1950),SM,0.15,2,0.00156,0.52174383222,0.0008372185599812127,0.0007227814573199999,0.104348766444,0.415835053,0.0,0.0,0.0,Toothed whales,0.0,0.0,0.0,0.0,0.0,0.536678553,-1.730121276279084e-11,1.2775999980174646e-08,0.0
28_28_Central_Atlantic_(1950),SM,0.15,1,0.0008256798,0.1814176815802857,0.0005485316108812128,0.0002771482068003528,0.036283536316057144,0.144308478,0.0,0.0,0.0,Baleen whales,0.0,0.0,0.0,0.0,0.0,0.664339364,-1.76815656300483e-11,-1.2535771448662913e-08,0.0
28_28_Central_Atlantic_(1950),SE,0.15,39,-0.0,-0.0,0.0,0.0,0.0,0.0,0.0,0.0,0.0,diet_import,0.0,0.0,0.0,0.0,0.0,,-0.0,0.0,0.0
28_28_Central_Atlantic_(1950),SE,0.15,38,2777.8730180352595,2777.8730180352595,2718.2345000401283,0.0,0.0,0.0,0.0,59.638517995131224,0.0,Detritus,0.0,0.0,0.0,0.0,0.0,1.0,0.0,0.0,0.0
28_28_Central_Atlantic_(1950),SE,0.15,37,2964.2448555,2964.2448555,2304.4126302796485,659.8320120997337,0.0,0.0,0.0,0.0,0.0,Phytoplankton,0.0,0.0,0.0,0.0,0.0,0.777403,0.00021312061790013104,0.0,0.0
28_28_Central_Atlantic_(1950),SE,0.15,36,51.606198899999995,172.02066299999998,3.473465040262137,48.13273376183184,34.4041326,86.01033,0.0,0.0,0.0,Lg. Zoop. deep,0.0,0.0,0.0,0.0,0.0,0.06730712999999999,9.790602462089737e-08,1.499999996212864e-06,0.0
28_28_Central_Atlantic_(1950),SE,0.15,35,326.25349455,1088.1402679500002,136.65760187059252,189.59589687002213,217.62805359000004,544.2587,0.0,0.0,0.0,Sm. Zoop. deep,0.0,0.0,0.0,0.0,0.0,0.41886937599999996,-4.1906146179826465e-06,1.9810000139841577e-05,0.0
28_28_Central_Atlantic_(1950),SE,0.15,34,152.83878554999998,509.4626185,24.764043988060063,128.07474125496339,101.89252370000001,254.731323,0.0,0.0,0.0,Lg. Zoop. shlw,0.0,0.0,0.0,0.0,0.0,0.162027225,3.069765455165907e-07,-1.3749999965284587e-05,0.0
28_28_Central_Atlantic_(1950),SE,0.15,33,1141.8,3808.2000000000003,810.8210994383843,330.97876575719994,761.6400000000001,1904.76,0.0,0.0,0.0,Sm. Zoop. shlw,0.0,0.0,0.0,0.0,0.0,0.710125446,0.00013480441566571244,4.547473508864641e-13,0.0
28_28_Central_Atlantic_(1950),SE,0.15,32,415.91835,563.5749999999999,259.56446880550004,156.35385617274002,112.71499999999999,34.941597,0.0,0.0,0.0,Het. bacteria,0.0,0.0,0.0,0.0,0.0,0.6240755999999998,2.502175988183808e-05,5.2999999965663847e-05,0.0
28_28_Central_Atlantic_(1950),SE,0.15,31,0.43340000000000006,2.6398,0.041626123427598485,0.39177388030000004,0.5279600000000001,1.67843986,0.0,0.0,0.0,Megabenthos,0.0,0.0,0.0,0.0,0.0,0.0960455,-3.72759845213011e-09,1.3999999981528788e-07,0.0
28_28_Central_Atlantic_(1950),SE,0.15,30,0.369,3.6346499999999997,0.09863466851516114,0.270365328792,0.72693,2.53872,0.0,0.0,0.0,Macrobenthos,0.0,0.0,0.0,0.0,0.0,0.26730263200000004,2.6928388408009596e-09,0.0,0.0
28_28_Central_Atlantic_(1950),SE,0.15,29,2.214,22.287599999999998,0.5448121363030838,1.6691878621979999,4.45752,15.6160793,0.0,0.0,0.0,Meiobenthos,0.0,0.0,0.0,0.0,0.0,0.24607594300000002,1.4989161023493125e-09,6.99999999298484e-07,0.0
28_28_Central_Atlantic_(1950),SE,0.15,28,0.012723003955,0.02544600791,0.011450702967616381,0.0012723003954999996,0.005089201582,0.007633802,0.0,0.0,0.0,Benth. ceph.,0.0,0.0,0.0,0.0,0.0,0.9,5.918836185059284e-10,3.729999989432464e-10,0.0
28_28_Central_Atlantic_(1950),SE,0.15,27,0.5644206439999999,4.47855511,0.507978562200084,0.05644206439999998,0.8957110220000001,3.01842356,0.0,0.0,0.0,Lg Squids,0.0,0.0,0.0,0.0,0.0,0.9,1.739991595250956e-08,-1.1599999982792042e-07,0.0
28_28_Central_Atlantic_(1950),SE,0.15,26,1.9626521827999999,15.573218407,1.766386893631383,0.19626521827999993,3.1146436814000005,10.4959221,0.0,0.0,0.0,Sm Squids,0.0,0.0,0.0,0.0,0.0,0.9,7.08886169764611e-08,4.428000011102995e-07,0.0
28_28_Central_Atlantic_(1950),SE,0.15,25,0.029511966558754574,0.05365811909218538,0.028247997140988634,0.001263969107687661,0.010731623818437078,0.01341453,0.0,0.0,0.0,Lg. Bathyd. abs,0.0,0.0,0.0,0.0,0.0,0.957170963,3.100782790255163e-10,-1.2850062697938869e-09,0.0
28_28_Central_Atlantic_(1950),SE,0.15,24,0.032007212730000005,0.0581949347850468,0.03092652416753671,0.0010806897702190206,0.011638986957009361,0.014548731,0.0,0.0,0.0,Sm. Bathyd. abs,0.0,0.0,0.0,0.0,0.0,0.966236055,-1.207755728760418e-09,4.098037435437685e-09,0.0
28_28_Central_Atlantic_(1950),SE,0.15,23,0.0030136304000000004,0.00547932783219558,0.0019225564713861983,0.00102711515654528,0.001095865566439116,0.00136983185,6.39589e-05,0.0,0.0,Lg. Bathyd. slp,9.593834999999999e-06,9.593834999999999e-06,5.4365064999999996e-05,5.4365064999999996e-05,0.0,0.6591768,-1.2793147834491703e-10,1.5756463408317378e-11,0.0
28_28_Central_Atlantic_(1950),SE,0.15,22,0.005653607665707449,0.010279287244467,0.004260451747794523,0.0012050065457042862,0.0020558574488934002,0.00256982166,0.000188149,0.0,0.0,Sm. Bathyd. slp,2.822235e-05,2.822235e-05,0.00015992665,0.00015992665,0.0,0.7868606,3.7220863977754926e-10,4.69866151195375e-10,0.0
28_28_Central_Atlantic_(1950),SE,0.15,21,0.006341536224000001,0.011508713888,0.005009813921588745,0.0013317226070399999,0.0023017427776000003,0.00286543486,0.0,0.0,0.0,Lg. Bathyp. fish,0.0,0.0,0.0,0.0,0.0,0.79,-3.046287441049733e-10,2.6399998940412894e-11,0.0
28_28_Central_Atlantic_(1950),SE,0.15,20,0.013441102436,0.020515366876,0.012096991849560989,0.0013441102435999997,0.0041030733752,0.00297118956,0.0,0.0,0.0,Md. Bathyp.fish,0.0,0.0,0.0,0.0,0.0,0.9,3.428390106530177e-10,1.5047999985841332e-09,0.0
28_28_Central_Atlantic_(1950),SE,0.15,19,0.06545771003200002,0.22973138617000002,0.05891193573953475,0.0065457710032,0.04594627723400001,0.118327409,0.0,0.0,0.0,Sm. Bathyp. fish,0.0,0.0,0.0,0.0,0.0,0.9,3.2892652629401553e-09,-1.0095999994352844e-08,0.0
28_28_Central_Atlantic_(1950),SE,0.15,18,12.22519406327412,59.3828355,3.573220730157866,8.651973314709084,11.8765671,35.2810745,0.0,0.0,0.0,Sm. Meso fish,0.0,0.0,0.0,0.0,0.0,0.292283356,1.8407170898626646e-08,-1.6327412311056833e-07,0.0
28_28_Central_Atlantic_(1950),SE,0.15,17,0.0003348901755,0.0079257341535,0.00030140115666829864,3.348901755e-05,0.0015851468307,0.006005697,0.0,0.0,0.0,Lg. Meso fish,0.0,0.0,0.0,0.0,0.0,0.9,1.2817013617973105e-12,1.4729999945478633e-10,0.0
28_28_Central_Atlantic_(1950),SE,0.15,16,2.418293435320515,14.779333033030326,2.1764249584475417,0.24182934353205143,2.9558666066060653,9.405173,3.90985e-05,0.0,0.0,Sm. Epi. fish,5.864774999999999e-06,5.864774999999999e-06,3.3233724999999995e-05,3.3233724999999995e-05,0.0,0.9,3.4840922147338915e-08,-8.896252623458167e-09,0.0
28_28_Central_Atlantic_(1950),SE,0.15,15,0.1059599016,0.7525932498796599,0.09523928587084607,0.010595990159999997,0.150518649975932,0.496114731,0.000124629,0.0,0.0,Md. Epi. fish,1.8694349999999998e-05,1.8694349999999998e-05,0.00010593464999999998,0.00010593464999999998,0.0,0.9,-3.4308460655774198e-09,-3.2696272078691635e-08,0.0
28_28_Central_Atlantic_(1950),SE,0.15,14,0.00984495897,0.12697145868897,0.007685239049978655,0.0018705422042999994,0.025394291737794002,0.091732204,0.000289178,0.0,0.0,Lg. Epi. fish,4.33767e-05,4.33767e-05,0.0002458013,0.0002458013,0.0,0.81,-2.8427865443603206e-10,3.981175999978603e-09,0.0
28_28_Central_Atlantic_(1950),SE,0.15,13,0.00064010414496,0.010287388044000001,6.401041000000001e-05,0.000576093730464,0.0020574776088000003,0.00758980634,0.0,0.0,0.0,Lg. Plank. fish,0.0,0.0,0.0,0.0,0.0,0.09999999999999998,4.496000034943937e-12,-4.9759998205223255e-11,0.0
28_28_Central_Atlantic_(1950),SE,0.15,12,2.1336802558309998e-05,0.00021225354904839998,6.401041000000001e-07,2.0696698481560696e-05,4.245070980968e-05,0.000148466032,0.0,0.0,0.0,Billfishes,0.0,0.0,0.0,0.0,0.0,0.030000000000000027,-2.3250698648292698e-14,4.680409976687977e-12,0.0
28_28_Central_Atlantic_(1950),SE,0.15,11,0.00032651159999999997,0.004353488,6.401041000000001e-07,0.00032587149593018877,0.0008706976,0.00315627875,0.0,0.0,0.0,Swordfish,0.0,0.0,0.0,0.0,0.0,0.0019604328600000276,-3.0188796341229507e-14,5.000000023389073e-11,0.0
28_28_Central_Atlantic_(1950),SE,0.15,10,0.01072980688,0.46030871515199995,0.0017776866754339626,0.008952120234131998,0.09206174303039999,0.357517153,0.0,0.0,0.0,Bigeye,0.0,0.0,0.0,0.0,0.0,0.16567741300000005,-2.9565960790733925e-11,1.2241599955942206e-08,0.0
28_28_Central_Atlantic_(1950),SE,0.15,9,0.0002486316,0.0059671584,9.575327449622515e-05,0.00015287832471324,0.00119343168,0.004525095,0.0,0.0,0.0,Albacore,0.0,0.0,0.0,0.0,0.0,0.3851211,7.90534846785429e-13,1.200000003878654e-10,0.0
28_28_Central_Atlantic_(1950),SE,0.15,8,0.00804781642,0.15322104854,0.001044242037497828,0.007003574237715865,0.030644209707999998,0.114529014,0.0,0.0,0.0,Skipjack,0.0,0.0,0.0,0.0,0.0,0.12975472199999993,1.4478630620817778e-10,8.411999999347053e-09,0.0
28_28_Central_Atlantic_(1950),SE,0.15,7,2.1533975999999998e-06,3.588996e-05,6.401041000000001e-07,6.160445043768214e-07,7.177992e-06,2.655857e-05,8.97249e-07,0.0,0.0,Bluefin,1.3458735e-07,1.3458735e-07,7.6266165e-07,7.6266165e-07,0.0,0.713919759,-4.376821679337364e-15,3.999999997569316e-13,0.0
28_28_Central_Atlantic_(1950),SE,0.15,6,0.00010813669999999998,0.00239908993,6.988740116756793e-06,0.00010114795916850798,0.00047981798599999997,0.00181113509,0.0,0.0,0.0,Yellowfin,0.0,0.0,0.0,0.0,0.0,0.06462875999999995,7.147352100358301e-13,1.5400000003516767e-10,0.0
28_28_Central_Atlantic_(1950),SE,0.15,5,0.00249640599,0.06401040999999999,0.0005785155030430785,0.0018723044925,0.012802082,0.048711922,4.5586e-05,0.0,0.0,Pelagic sharks,6.8379e-06,6.8379e-06,3.87481e-05,3.87481e-05,0.0,0.25,-5.543078149261582e-12,9.999993888509806e-12,0.0
28_28_Central_Atlantic_(1950),SE,0.15,4,9.79823604992e-06,0.00919899290843,5.857542543244573e-06,3.940693277589222e-06,0.0018397985816859998,0.00734939566,0.0,0.0,0.0,Seabirds,0.0,0.0,0.0,0.0,0.0,0.59781605,2.290862049619249e-13,4.3069408022650135e-10,0.0
28_28_Central_Atlantic_(1950),SE,0.15,3,1.796872e-05,0.007911342611788,5.217438443244573e-06,1.275128168977432e-05,0.0015822685223576003,0.00631110556,0.0,0.0,0.0,Beaked whales,0.0,0.0,0.0,0.0,0.0,0.29036226900000006,-1.330188909053672e-13,-1.9056960089830488e-10,0.0
28_28_Central_Atlantic_(1950),SE,0.15,2,0.00156,0.52174383222,0.0008372185599812127,0.0007227814573199999,0.104348766444,0.415835053,0.0,0.0,0.0,Toothed whales,0.0,0.0,0.0,0.0,0.0,0.536678553,-1.730121276279084e-11,1.2775999980174646e-08,0.0
28_28_Central_Atlantic_(1950),SE,0.15,1,0.0008256798,0.1814176815802857,0.0005485316108812128,0.0002771482068003528,0.036283536316057144,0.144308478,0.0,0.0,0.0,Baleen whales,0.0,0.0,0.0,0.0,0.0,0.664339364,-1.76815656300483e-11,-1.2535771448662913e-08,0.0
28_28_Central_Atlantic_(1950),SC,0.16,39,-0.0,-0.0,0.0,0.0,0.0,0.0,0.0,0.0,0.0,diet_import,0.0,0.0,0.0,0.0,0.0,,-0.0,0.0,0.0
28_28_Central_Atlantic_(1950),SC,0.16,38,2777.8730180352595,2777.8730180352595,2718.2345000401283,0.0,0.0,0.0,0.0,59.638517995131224,0.0,Detritus,0.0,0.0,0.0,0.0,0.0,1.0,0.0,0.0,0.0
28_28_Central_Atlantic_(1950),SC,0.16,37,2964.2448555,2964.2448555,2304.4126302796485,659.8320120997337,0.0,0.0,0.0,0.0,0.0,Phytoplankton,0.0,0.0,0.0,0.0,0.0,0.777403,0.00021312061790013104,0.0,0.0
28_28_Central_Atlantic_(1950),SC,0.16,36,51.606198899999995,172.02066299999998,3.473465040262137,48.13273376183184,34.4041326,86.01033,0.0,0.0,0.0,Lg. Zoop. deep,0.0,0.0,0.0,0.0,0.0,0.06730712999999999,9.790602462089737e-08,1.499999996212864e-06,0.0
28_28_Central_Atlantic_(1950),SC,0.16,35,326.25349455,1088.1402679500002,136.65760187059252,189.59589687002213,217.62805359000004,544.2587,0.0,0.0,0.0,Sm. Zoop. deep,0.0,0.0,0.0,0.0,0.0,0.41886937599999996,-4.1906146179826465e-06,1.9810000139841577e-05,0.0
28_28_Central_Atlantic_(1950),SC,0.16,34,152.83878554999998,509.4626185,24.764043988060063,128.07474125496339,101.89252370000001,254.731323,0.0,0.0,0.0,Lg. Zoop. shlw,0.0,0.0,0.0,0.0,0.0,0.162027225,3.069765455165907e-07,-1.3749999965284587e-05,0.0
28_28_Central_Atlantic_(1950),SC,0.16,33,1141.8,3808.2000000000003,810.8210994383843,330.97876575719994,761.6400000000001,1904.76,0.0,0.0,0.0,Sm. Zoop. shlw,0.0,0.0,0.0,0.0,0.0,0.710125446,0.00013480441566571244,4.547473508864641e-13,0.0
28_28_Central_Atlantic_(1950),SC,0.16,32,415.91835,563.5749999999999,259.56446880550004,156.35385617274002,112.71499999999999,34.941597,0.0,0.0,0.0,Het. bacteria,0.0,0.0,0.0,0.0,0.0,0.6240755999999998,2.502175988183808e-05,5.2999999965663847e-05,0.0
28_28_Central_Atlantic_(1950),SC,0.16,31,0.43340000000000006,2.6398,0.041626123427598485,0.39177388030000004,0.5279600000000001,1.67843986,0.0,0.0,0.0,Megabenthos,0.0,0.0,0.0,0.0,0.0,0.0960455,-3.72759845213011e-09,1.3999999981528788e-07,0.0
28_28_Central_Atlantic_(1950),SC,0.16,30,0.369,3.6346499999999997,0.09863466851516114,0.270365328792,0.72693,2.53872,0.0,0.0,0.0,Macrobenthos,0.0,0.0,0.0,0.0,0.0,0.26730263200000004,2.6928388408009596e-09,0.0,0.0
28_28_Central_Atlantic_(1950),SC,0.16,29,2.214,22.287599999999998,0.5448121363030838,1.6691878621979999,4.45752,15.6160793,0.0,0.0,0.0,Meiobenthos,0.0,0.0,0.0,0.0,0.0,0.24607594300000002,1.4989161023493125e-09,6.99999999298484e-07,0.0
28_28_Central_Atlantic_(1950),SC,0.16,28,0.012723003955,0.02544600791,0.011450702967616381,0.0012723003954999996,0.005089201582,0.007633802,0.0,0.0,0.0,Benth. ceph.,0.0,0.0,0.0,0.0,0.0,0.9,5.918836185059284e-10,3.729999989432464e-10,0.0
28_28_Central_Atlantic_(1950),SC,0.16,27,0.5644206439999999,4.47855511,0.507978562200084,0.05644206439999998,0.8957110220000001,3.01842356,0.0,0.0,0.0,Lg Squids,0.0,0.0,0.0,0.0,0.0,0.9,1.739991595250956e-08,-1.1599999982792042e-07,0.0
28_28_Central_Atlantic_(1950),SC,0.16,26,1.9626521827999999,15.573218407,1.766386893631383,0.19626521827999993,3.1146436814000005,10.4959221,0.0,0.0,0.0,Sm Squids,0.0,0.0,0.0,0.0,0.0,0.9,7.08886169764611e-08,4.428000011102995e-07,0.0
28_28_Central_Atlantic_(1950),SC,0.16,25,0.029511966558754574,0.05365811909218538,0.028247997140988634,0.001263969107687661,0.010731623818437078,0.01341453,0.0,0.0,0.0,Lg. Bathyd. abs,0.0,0.0,0.0,0.0,0.0,0.957170963,3.100782790255163e-10,-1.2850062697938869e-09,0.0
28_28_Central_Atlantic_(1950),SC,0.16,24,0.032007212730000005,0.0581949347850468,0.03092652416753671,0.0010806897702190206,0.011638986957009361,0.014548731,0.0,0.0,0.0,Sm. Bathyd. abs,0.0,0.0,0.0,0.0,0.0,0.966236055,-1.207755728760418e-09,4.098037435437685e-09,0.0
28_28_Central_Atlantic_(1950),SC,0.16,23,0.0030136304000000004,0.00547932783219558,0.0019225564713861983,0.00102711515654528,0.001095865566439116,0.00136983185,6.39589e-05,0.0,0.0,Lg. Bathyd. slp,0.0,1.0233424e-05,5.3725475999999993e-05,6.39589e-05,0.0,0.6591768,-1.2793147834491703e-10,1.5756463408317378e-11,0.0
28_28_Central_Atlantic_(1950),SC,0.16,22,0.005653607665707449,0.010279287244467,0.004260451747794523,0.0012050065457042862,0.0020558574488934002,0.00256982166,0.000188149,0.0,0.0,Sm. Bathyd. slp,0.0,3.010384e-05,0.00015804516,0.000188149,0.0,0.7868606,3.7220863977754926e-10,4.69866151195375e-10,0.0
28_28_Central_Atlantic_(1950),SC,0.16,21,0.006341536224000001,0.011508713888,0.005009813921588745,0.0013317226070399999,0.0023017427776000003,0.00286543486,0.0,0.0,0.0,Lg. Bathyp. fish,0.0,0.0,0.0,0.0,0.0,0.79,-3.046287441049733e-10,2.6399998940412894e-11,0.0
28_28_Central_Atlantic_(1950),SC,0.16,20,0.013441102436,0.020515366876,0.012096991849560989,0.0013441102435999997,0.0041030733752,0.00297118956,0.0,0.0,0.0,Md. Bathyp.fish,0.0,0.0,0.0,0.0,0.0,0.9,3.428390106530177e-10,1.5047999985841332e-09,0.0
28_28_Central_Atlantic_(1950),SC,0.16,19,0.06545771003200002,0.22973138617000002,0.05891193573953475,0.0065457710032,0.04594627723400001,0.118327409,0.0,0.0,0.0,Sm. Bathyp. fish,0.0,0.0,0.0,0.0,0.0,0.9,3.2892652629401553e-09,-1.0095999994352844e-08,0.0
28_28_Central_Atlantic_(1950),SC,0.16,18,12.22519406327412,59.3828355,3.573220730157866,8.651973314709084,11.8765671,35.2810745,0.0,0.0,0.0,Sm. Meso fish,0.0,0.0,0.0,0.0,0.0,0.292283356,1.8407170898626646e-08,-1.6327412311056833e-07,0.0
28_28_Central_Atlantic_(1950),SC,0.16,17,0.0003348901755,0.0079257341535,0.00030140115666829864,3.348901755e-05,0.0015851468307,0.006005697,0.0,0.0,0.0,Lg. Meso fish,0.0,0.0,0.0,0.0,0.0,0.9,1.2817013617973105e-12,1.4729999945478633e-10,0.0
28_28_Central_Atlantic_(1950),SC,0.16,16,2.418293435320515,14.779333033030326,2.1764249584475417,0.24182934353205143,2.9558666066060653,9.405173,3.90985e-05,0.0,0.0,Sm. Epi. fish,0.0,6.25576e-06,3.284274e-05,3.90985e-05,0.0,0.9,3.4840922147338915e-08,-8.896252623458167e-09,0.0
28_28_Central_Atlantic_(1950),SC,0.16,15,0.1059599016,0.7525932498796599,0.09523928587084607,0.010595990159999997,0.150518649975932,0.496114731,0.000124629,0.0,0.0,Md. Epi. fish,0.0,1.994064e-05,0.00010468835999999998,0.000124629,0.0,0.9,-3.4308460655774198e-09,-3.2696272078691635e-08,0.0
28_28_Central_Atlantic_(1950),SC,0.16,14,0.00984495897,0.12697145868897,0.007685239049978655,0.0018705422042999994,0.025394291737794002,0.091732204,0.000289178,0.0,0.0,Lg. Epi. fish,0.0,4.6268480000000005e-05,0.00024290952,0.000289178,0.0,0.81,-2.8427865443603206e-10,3.981175999978603e-09,0.0
28_28_Central_Atlantic_(1950),SC,0.16,13,0.00064010414496,0.010287388044000001,6.401041000000001e-05,0.000576093730464,0.0020574776088000003,0.00758980634,0.0,0.0,0.0,Lg. Plank. fish,0.0,0.0,0.0,0.0,0.0,0.09999999999999998,4.496000034943937e-12,-4.9759998205223255e-11,0.0
28_28_Central_Atlantic_(1950),SC,0.16,12,2.1336802558309998e-05,0.00021225354904839998,6.401041000000001e-07,2.0696698481560696e-05,4.245070980968e-05,0.000148466032,0.0,0.0,0.0,Billfishes,0.0,0.0,0.0,0.0,0.0,0.030000000000000027,-2.3250698648292698e-14,4.680409976687977e-12,0.0
28_28_Central_Atlantic_(1950),SC,0.16,11,0.00032651159999999997,0.004353488,6.401041000000001e-07,0.00032587149593018877,0.0008706976,0.00315627875,0.0,0.0,0.0,Swordfish,0.0,0.0,0.0,0.0,0.0,0.0019604328600000276,-3.0188796341229507e-14,5.000000023389073e-11,0.0
28_28_Central_Atlantic_(1950),SC,0.16,10,0.01072980688,0.46030871515199995,0.0017776866754339626,0.008952120234131998,0.09206174303039999,0.357517153,0.0,0.0,0.0,Bigeye,0.0,0.0,0.0,0.0,0.0,0.16567741300000005,-2.9565960790733925e-11,1.2241599955942206e-08,0.0
28_28_Central_Atlantic_(1950),SC,0.16,9,0.0002486316,0.0059671584,9.575327449622515e-05,0.00015287832471324,0.00119343168,0.004525095,0.0,0.0,0.0,Albacore,0.0,0.0,0.0,0.0,0.0,0.3851211,7.90534846785429e-13,1.200000003878654e-10,0.0
28_28_Central_Atlantic_(1950),SC,0.16,8,0.00804781642,0.15322104854,0.001044242037497828,0.007003574237715865,0.030644209707999998,0.114529014,0.0,0.0,0.0,Skipjack,0.0,0.0,0.0,0.0,0.0,0.12975472199999993,1.4478630620817778e-10,8.411999999347053e-09,0.0
28_28_Central_Atlantic_(1950),SC,0.16,7,2.1533975999999998e-06,3.588996e-05,6.401041000000001e-07,6.160445043768214e-07,7.177992e-06,2.655857e-05,8.97249e-07,0.0,0.0,Bluefin,0.0,1.4355984e-07,7.5368916e-07,8.97249e-07,0.0,0.713919759,-4.376821679337364e-15,3.999999997569316e-13,0.0
28_28_Central_Atlantic_(1950),SC,0.16,6,0.00010813669999999998,0.00239908993,6.988740116756793e-06,0.00010114795916850798,0.00047981798599999997,0.00181113509,0.0,0.0,0.0,Yellowfin,0.0,0.0,0.0,0.0,0.0,0.06462875999999995,7.147352100358301e-13,1.5400000003516767e-10,0.0
28_28_Central_Atlantic_(1950),SC,0.16,5,0.00249640599,0.06401040999999999,0.0005785155030430785,0.0018723044925,0.012802082,0.048711922,4.5586e-05,0.0,0.0,Pelagic sharks,0.0,7.29376e-06,3.829224e-05,4.5586e-05,0.0,0.25,-5.543078149261582e-12,9.999993888509806e-12,0.0
28_28_Central_Atlantic_(1950),SC,0.16,4,9.79823604992e-06,0.00919899290843,5.857542543244573e-06,3.940693277589222e-06,0.0018397985816859998,0.00734939566,0.0,0.0,0.0,Seabirds,0.0,0.0,0.0,0.0,0.0,0.59781605,2.290862049619249e-13,4.3069408022650135e-10,0.0
28_28_Central_Atlantic_(1950),SC,0.16,3,1.796872e-05,0.007911342611788,5.217438443244573e-06,1.275128168977432e-05,0.0015822685223576003,0.00631110556,0.0,0.0,0.0,Beaked whales,0.0,0.0,0.0,0.0,0.0,0.29036226900000006,-1.330188909053672e-13,-1.9056960089830488e-10,0.0
28_28_Central_Atlantic_(1950),SC,0.16,2,0.00156,0.52174383222,0.0008372185599812127,0.0007227814573199999,0.104348766444,0.415835053,0.0,0.0,0.0,Toothed whales,0.0,0.0,0.0,0.0,0.0,0.536678553,-1.730121276279084e-11,1.2775999980174646e-08,0.0
28_28_Central_Atlantic_(1950),SC,0.16,1,0.0008256798,0.1814176815802857,0.0005485316108812128,0.0002771482068003528,0.036283536316057144,0.144308478,0.0,0.0,0.0,Baleen whales,0.0,0.0,0.0,0.0,0.0,0.664339364,-1.76815656300483e-11,-1.2535771448662913e-08,0.0
28_28_Central_Atlantic_(1950),SM,0.16,39,-0.0,-0.0,0.0,0.0,0.0,0.0,0.0,0.0,0.0,diet_import,0.0,0.0,0.0,0.0,0.0,,-0.0,0.0,0.0
28_28_Central_Atlantic_(1950),SM,0.16,38,2777.8731382747233,2777.8731382747233,2718.2345000401283,0.0,0.0,0.0,0.0,59.638638234594964,0.0,Detritus,0.0,0.0,0.0,0.0,0.0,1.0,0.0,0.0,0.0
28_28_Central_Atlantic_(1950),SM,0.16,37,2964.2448555,2964.2448555,2304.4126302796485,659.8320120997337,0.0,0.0,0.0,0.0,0.0,Phytoplankton,0.0,0.0,0.0,0.0,0.0,0.777403,0.00021312061790013104,0.0,0.0
28_28_Central_Atlantic_(1950),SM,0.16,36,51.606198899999995,172.02066299999998,3.473465040262137,48.13273376183184,34.4041326,86.01033,0.0,0.0,0.0,Lg. Zoop. deep,0.0,0.0,0.0,0.0,0.0,0.06730712999999999,9.790602462089737e-08,1.499999996212864e-06,0.0
28_28_Central_Atlantic_(1950),SM,0.16,35,326.25349455,1088.1402679500002,136.65760187059252,189.59589687002213,217.62805359000004,544.2587,0.0,0.0,0.0,Sm. Zoop. deep,0.0,0.0,0.0,0.0,0.0,0.41886937599999996,-4.1906146179826465e-06,1.9810000139841577e-05,0.0
28_28_Central_Atlantic_(1950),SM,0.16,34,152.83878554999998,509.4626185,24.764043988060063,128.07474125496339,101.89252370000001,254.731323,0.0,0.0,0.0,Lg. Zoop. shlw,0.0,0.0,0.0,0.0,0.0,0.162027225,3.069765455165907e-07,-1.3749999965284587e-05,0.0
28_28_Central_Atlantic_(1950),SM,0.16,33,1141.8,3808.2000000000003,810.8210994383843,330.97876575719994,761.6400000000001,1904.76,0.0,0.0,0.0,Sm. Zoop. shlw,0.0,0.0,0.0,0.0,0.0,0.710125446,0.00013480441566571244,4.547473508864641e-13,0.0
28_28_Central_Atlantic_(1950),SM,0.16,32,415.91835,563.5749999999999,259.56446880550004,156.35385617274002,112.71499999999999,34.941597,0.0,0.0,0.0,Het. bacteria,0.0,0.0,0.0,0.0,0.0,0.6240755999999998,2.502175988183808e-05,5.2999999965663847e-05,0.0
28_28_Central_Atlantic_(1950),SM,0.16,31,0.43340000000000006,2.6398,0.041626123427598485,0.39177388030000004,0.5279600000000001,1.67843986,0.0,0.0,0.0,Megabenthos,0.0,0.0,0.0,0.0,0.0,0.0960455,-3.72759845213011e-09,1.3999999981528788e-07,0.0
28_28_Central_Atlantic_(1950),SM,0.16,30,0.369,3.6346499999999997,0.09863466851516114,0.270365328792,0.72693,2.53872,0.0,0.0,0.0,Macrobenthos,0.0,0.0,0.0,0.0,0.0,0.26730263200000004,2.6928388408009596e-09,0.0,0.0
28_28_Central_Atlantic_(1950),SM,0.16,29,2.214,22.287599999999998,0.5448121363030838,1.6691878621979999,4.45752,15.6160793,0.0,0.0,0.0,Meiobenthos,0.0,0.0,0.0,0.0,0.0,0.24607594300000002,1.4989161023493125e-09,6.99999999298484e-07,0.0
28_28_Central_Atlantic_(1950),SM,0.16,28,0.012723003955,0.02544600791,0.011450702967616381,0.0012723003954999996,0.005089201582,0.007633802,0.0,0.0,0.0,Benth. ceph.,0.0,0.0,0.0,0.0,0.0,0.9,5.918836185059284e-10,3.729999989432464e-10,0.0
28_28_Central_Atlantic_(1950),SM,0.16,27,0.5644206439999999,4.47855511,0.507978562200084,0.05644206439999998,0.8957110220000001,3.01842356,0.0,0.0,0.0,Lg Squids,0.0,0.0,0.0,0.0,0.0,0.9,1.739991595250956e-08,-1.1599999982792042e-07,0.0
28_28_Central_Atlantic_(1950),SM,0.16,26,1.9626521827999999,15.573218407,1.766386893631383,0.19626521827999993,3.1146436814000005,10.4959221,0.0,0.0,0.0,Sm Squids,0.0,0.0,0.0,0.0,0.0,0.9,7.08886169764611e-08,4.428000011102995e-07,0.0
28_28_Central_Atlantic_(1950),SM,0.16,25,0.029511966558754574,0.05365811909218538,0.028247997140988634,0.001263969107687661,0.010731623818437078,0.01341453,0.0,0.0,0.0,Lg. Bathyd. abs,0.0,0.0,0.0,0.0,0.0,0.957170963,3.100782790255163e-10,-1.2850062697938869e-09,0.0
28_28_Central_Atlantic_(1950),SM,0.16,24,0.032007212730000005,0.0581949347850468,0.03092652416753671,0.0010806897702190206,0.011638986957009361,0.014548731,0.0,0.0,0.0,Sm. Bathyd. abs,0.0,0.0,0.0,0.0,0.0,0.966236055,-1.207755728760418e-09,4.098037435437685e-09,0.0
28_28_Central_Atlantic_(1950),SM,0.16,23,0.0030136304000000004,0.00547932783219558,0.0019225564713861983,0.00103734858054528,0.001095865566439116,0.00136983185,6.39589e-05,0.0,0.0,Lg. Bathyd. slp,0.0,1.0233424e-05,5.3725475999999993e-05,5.3725475999999993e-05,0.0,0.6557810869756027,-1.2793147791123616e-10,1.5756463408317378e-11,0.0
28_28_Central_Atlantic_(1950),SM,0.16,22,0.005653607665707449,0.010279287244467,0.004260451747794523,0.0012351103857042862,0.0020558574488934002,0.00256982166,0.000188149,0.0,0.0,Sm. Bathyd. slp,0.0,3.010384e-05,0.00015804516,0.00015804516,0.0,0.7815358866877201,3.7220863977754926e-10,4.69866151195375e-10,0.0
28_28_Central_Atlantic_(1950),SM,0.16,21,0.006341536224000001,0.011508713888,0.005009813921588745,0.0013317226070399999,0.0023017427776000003,0.00286543486,0.0,0.0,0.0,Lg. Bathyp. fish,0.0,0.0,0.0,0.0,0.0,0.79,-3.046287441049733e-10,2.6399998940412894e-11,0.0
28_28_Central_Atlantic_(1950),SM,0.16,20,0.013441102436,0.020515366876,0.012096991849560989,0.0013441102435999997,0.0041030733752,0.00297118956,0.0,0.0,0.0,Md. Bathyp.fish,0.0,0.0,0.0,0.0,0.0,0.9,3.428390106530177e-10,1.5047999985841332e-09,0.0
28_28_Central_Atlantic_(1950),SM,0.16,19,0.06545771003200002,0.22973138617000002,0.05891193573953475,0.0065457710032,0.04594627723400001,0.118327409,0.0,0.0,0.0,Sm. Bathyp. fish,0.0,0.0,0.0,0.0,0.0,0.9,3.2892652629401553e-09,-1.0095999994352844e-08,0.0
28_28_Central_Atlantic_(1950),SM,0.16,18,12.22519406327412,59.3828355,3.573220730157866,8.651973314709084,11.8765671,35.2810745,0.0,0.0,0.0,Sm. Meso fish,0.0,0.0,0.0,0.0,0.0,0.292283356,1.8407170898626646e-08,-1.6327412311056833e-07,0.0
28_28_Central_Atlantic_(1950),SM,0.16,17,0.0003348901755,0.0079257341535,0.00030140115666829864,3.348901755e-05,0.0015851468307,0.006005697,0.0,0.0,0.0,Lg. Meso fish,0.0,0.0,0.0,0.0,0.0,0.9,1.2817013617973105e-12,1.4729999945478633e-10,0.0
28_28_Central_Atlantic_(1950),SM,0.16,16,2.418293435320515,14.779333033030326,2.1764249584475417,0.24183559929205142,2.9558666066060653,9.405173,3.90985e-05,0.0,0.0,Sm. Epi. fish,0.0,6.25576e-06,3.284274e-05,3.284274e-05,0.0,0.8999974131509814,3.4840921703249705e-08,-8.896252623458167e-09,0.0
28_28_Central_Atlantic_(1950),SM,0.16,15,0.1059599016,0.7525932498796599,0.09523928587084607,0.010615930799999998,0.150518649975932,0.496114731,0.000124629,0.0,0.0,Md. Epi. fish,0.0,1.994064e-05,0.00010468835999999998,0.00010468835999999998,0.0,0.8998118095647609,-3.430846051699632e-09,-3.2696272078691635e-08,0.0
28_28_Central_Atlantic_(1950),SM,0.16,14,0.00984495897,0.12697145868897,0.007685239049978655,0.0019168106842999994,0.025394291737794002,0.091732204,0.000289178,0.0,0.0,Lg. Epi. fish,0.0,4.6268480000000005e-05,0.00024290952,0.00024290952,0.0,0.8053002871681851,-2.8427865443603206e-10,3.981175999978603e-09,0.0
28_28_Central_Atlantic_(1950),SM,0.16,13,0.00064010414496,0.010287388044000001,6.401041000000001e-05,0.000576093730464,0.0020574776088000003,0.00758980634,0.0,0.0,0.0,Lg. Plank. fish,0.0,0.0,0.0,0.0,0.0,0.09999999999999998,4.496000034943937e-12,-4.9759998205223255e-11,0.0
28_28_Central_Atlantic_(1950),SM,0.16,12,2.1336802558309998e-05,0.00021225354904839998,6.401041000000001e-07,2.0696698481560696e-05,4.245070980968e-05,0.000148466032,0.0,0.0,0.0,Billfishes,0.0,0.0,0.0,0.0,0.0,0.030000000000000027,-2.3250698648292698e-14,4.680409976687977e-12,0.0
28_28_Central_Atlantic_(1950),SM,0.16,11,0.00032651159999999997,0.004353488,6.401041000000001e-07,0.00032587149593018877,0.0008706976,0.00315627875,0.0,0.0,0.0,Swordfish,0.0,0.0,0.0,0.0,0.0,0.0019604328600000276,-3.0188796341229507e-14,5.000000023389073e-11,0.0
28_28_Central_Atlantic_(1950),SM,0.16,10,0.01072980688,0.46030871515199995,0.0017776866754339626,0.008952120234131998,0.09206174303039999,0.357517153,0.0,0.0,0.0,Bigeye,0.0,0.0,0.0,0.0,0.0,0.16567741300000005,-2.9565960790733925e-11,1.2241599955942206e-08,0.0
28_28_Central_Atlantic_(1950),SM,0.16,9,0.0002486316,0.0059671584,9.575327449622515e-05,0.00015287832471324,0.00119343168,0.004525095,0.0,0.0,0.0,Albacore,0.0,0.0,0.0,0.0,0.0,0.3851211,7.90534846785429e-13,1.200000003878654e-10,0.0
28_28_Central_Atlantic_(1950),SM,0.16,8,0.00804781642,0.15322104854,0.001044242037497828,0.007003574237715865,0.030644209707999998,0.114529014,0.0,0.0,0.0,Skipjack,0.0,0.0,0.0,0.0,0.0,0.12975472199999993,1.4478630620817778e-10,8.411999999347053e-09,0.0
28_28_Central_Atlantic_(1950),SM,0.16,7,2.1533975999999998e-06,3.588996e-05,6.401041000000001e-07,7.596043443768214e-07,7.177992e-06,2.655857e-05,8.97249e-07,0.0,0.0,Bluefin,0.0,1.4355984e-07,7.5368916e-07,7.5368916e-07,0.0,0.6472530923333334,-4.376821679337364e-15,3.999999997569316e-13,0.0
28_28_Central_Atlantic_(1950),SM,0.16,6,0.00010813669999999998,0.00239908993,6.988740116756793e-06,0.00010114795916850798,0.00047981798599999997,0.00181113509,0.0,0.0,0.0,Yellowfin,0.0,0.0,0.0,0.0,0.0,0.06462875999999995,7.147352100358301e-13,1.5400000003516767e-10,0.0
28_28_Central_Atlantic_(1950),SM,0.16,5,0.00249640599,0.06401040999999999,0.0005785155030430785,0.0018795982525,0.012802082,0.048711922,4.5586e-05,0.0,0.0,Pelagic sharks,0.0,7.29376e-06,3.829224e-05,3.829224e-05,0.0,0.24707829574627804,-5.543078149261582e-12,9.999993888509806e-12,0.0
28_28_Central_Atlantic_(1950),SM,0.16,4,9.79823604992e-06,0.00919899290843,5.857542543244573e-06,3.940693277589222e-06,0.0018397985816859998,0.00734939566,0.0,0.0,0.0,Seabirds,0.0,0.0,0.0,0.0,0.0,0.59781605,2.290862049619249e-13,4.3069408022650135e-10,0.0
28_28_Central_Atlantic_(1950),SM,0.16,3,1.796872e-05,0.007911342611788,5.217438443244573e-06,1.275128168977432e-05,0.0015822685223576003,0.00631110556,0.0,0.0,0.0,Beaked whales,0.0,0.0,0.0,0.0,0.0,0.29036226900000006,-1.330188909053672e-13,-1.9056960089830488e-10,0.0
28_28_Central_Atlantic_(1950),SM,0.16,2,0.00156,0.52174383222,0.0008372185599812127,0.0007227814573199999,0.104348766444,0.415835053,0.0,0.0,0.0,Toothed whales,0.0,0.0,0.0,0.0,0.0,0.536678553,-1.730121276279084e-11,1.2775999980174646e-08,0.0
28_28_Central_Atlantic_(1950),SM,0.16,1,0.0008256798,0.1814176815802857,0.0005485316108812128,0.0002771482068003528,0.036283536316057144,0.144308478,0.0,0.0,0.0,Baleen whales,0.0,0.0,0.0,0.0,0.0,0.664339364,-1.76815656300483e-11,-1.2535771448662913e-08,0.0
28_28_Central_Atlantic_(1950),SE,0.16,39,-0.0,-0.0,0.0,0.0,0.0,0.0,0.0,0.0,0.0,diet_import,0.0,0.0,0.0,0.0,0.0,,-0.0,0.0,0.0
28_28_Central_Atlantic_(1950),SE,0.16,38,2777.8730180352595,2777.8730180352595,2718.2345000401283,0.0,0.0,0.0,0.0,59.638517995131224,0.0,Detritus,0.0,0.0,0.0,0.0,0.0,1.0,0.0,0.0,0.0
28_28_Central_Atlantic_(1950),SE,0.16,37,2964.2448555,2964.2448555,2304.4126302796485,659.8320120997337,0.0,0.0,0.0,0.0,0.0,Phytoplankton,0.0,0.0,0.0,0.0,0.0,0.777403,0.00021312061790013104,0.0,0.0
28_28_Central_Atlantic_(1950),SE,0.16,36,51.606198899999995,172.02066299999998,3.473465040262137,48.13273376183184,34.4041326,86.01033,0.0,0.0,0.0,Lg. Zoop. deep,0.0,0.0,0.0,0.0,0.0,0.06730712999999999,9.790602462089737e-08,1.499999996212864e-06,0.0
28_28_Central_Atlantic_(1950),SE,0.16,35,326.25349455,1088.1402679500002,136.65760187059252,189.59589687002213,217.62805359000004,544.2587,0.0,0.0,0.0,Sm. Zoop. deep,0.0,0.0,0.0,0.0,0.0,0.41886937599999996,-4.1906146179826465e-06,1.9810000139841577e-05,0.0
28_28_Central_Atlantic_(1950),SE,0.16,34,152.83878554999998,509.4626185,24.764043988060063,128.07474125496339,101.89252370000001,254.731323,0.0,0.0,0.0,Lg. Zoop. shlw,0.0,0.0,0.0,0.0,0.0,0.162027225,3.069765455165907e-07,-1.3749999965284587e-05,0.0
28_28_Central_Atlantic_(1950),SE,0.16,33,1141.8,3808.2000000000003,810.8210994383843,330.97876575719994,761.6400000000001,1904.76,0.0,0.0,0.0,Sm. Zoop. shlw,0.0,0.0,0.0,0.0,0.0,0.710125446,0.00013480441566571244,4.547473508864641e-13,0.0
28_28_Central_Atlantic_(1950),SE,0.16,32,415.91835,563.5749999999999,259.56446880550004,156.35385617274002,112.71499999999999,34.941597,0.0,0.0,0.0,Het. bacteria,0.0,0.0,0.0,0.0,0.0,0.6240755999999998,2.502175988183808e-05,5.2999999965663847e-05,0.0
28_28_Central_Atlantic_(1950),SE,0.16,31,0.43340000000000006,2.6398,0.041626123427598485,0.39177388030000004,0.5279600000000001,1.67843986,0.0,0.0,0.0,Megabenthos,0.0,0.0,0.0,0.0,0.0,0.0960455,-3.72759845213011e-09,1.3999999981528788e-07,0.0
28_28_Central_Atlantic_(1950),SE,0.16,30,0.369,3.6346499999999997,0.09863466851516114,0.270365328792,0.72693,2.53872,0.0,0.0,0.0,Macrobenthos,0.0,0.0,0.0,0.0,0.0,0.26730263200000004,2.6928388408009596e-09,0.0,0.0
28_28_Central_Atlantic_(1950),SE,0.16,29,2.214,22.287599999999998,0.5448121363030838,1.6691878621979999,4.45752,15.6160793,0.0,0.0,0.0,Meiobenthos,0.0,0.0,0.0,0.0,0.0,0.24607594300000002,1.4989161023493125e-09,6.99999999298484e-07,0.0
28_28_Central_Atlantic_(1950),SE,0.16,28,0.012723003955,0.02544600791,0.011450702967616381,0.0012723003954999996,0.005089201582,0.007633802,0.0,0.0,0.0,Benth. ceph.,0.0,0.0,0.0,0.0,0.0,0.9,5.918836185059284e-10,3.729999989432464e-10,0.0
28_28_Central_Atlantic_(1950),SE,0.16,27,0.5644206439999999,4.47855511,0.507978562200084,0.05644206439999998,0.8957110220000001,3.01842356,0.0,0.0,0.0,Lg Squids,0.0,0.0,0.0,0.0,0.0,0.9,1.739991595250956e-08,-1.1599999982792042e-07,0.0
28_28_Central_Atlantic_(1950),SE,0.16,26,1.9626521827999999,15.573218407,1.766386893631383,0.19626521827999993,3.1146436814000005,10.4959221,0.0,0.0,0.0,Sm Squids,0.0,0.0,0.0,0.0,0.0,0.9,7.08886169764611e-08,4.428000011102995e-07,0.0
28_28_Central_Atlantic_(1950),SE,0.16,25,0.029511966558754574,0.05365811909218538,0.028247997140988634,0.001263969107687661,0.010731623818437078,0.01341453,0.0,0.0,0.0,Lg. Bathyd. abs,0.0,0.0,0.0,0.0,0.0,0.957170963,3.100782790255163e-10,-1.2850062697938869e-09,0.0
28_28_Central_Atlantic_(1950),SE,0.16,24,0.032007212730000005,0.0581949347850468,0.03092652416753671,0.0010806897702190206,0.011638986957009361,0.014548731,0.0,0.0,0.0,Sm. Bathyd. abs,0.0,0.0,0.0,0.0,0.0,0.966236055,-1.207755728760418e-09,4.098037435437685e-09,0.0
28_28_Central_Atlantic_(1950),SE,0.16,23,0.0030136304000000004,0.00547932783219558,0.0019225564713861983,0.00102711515654528,0.001095865566439116,0.00136983185,6.39589e-05,0.0,0.0,Lg. Bathyd. slp,1.0233424e-05,1.0233424e-05,5.3725475999999993e-05,5.3725475999999993e-05,0.0,0.6591768,-1.2793147834491703e-10,1.5756463408317378e-11,0.0
28_28_Central_Atlantic_(1950),SE,0.16,22,0.005653607665707449,0.010279287244467,0.004260451747794523,0.0012050065457042862,0.0020558574488934002,0.00256982166,0.000188149,0.0,0.0,Sm. Bathyd. slp,3.010384e-05,3.010384e-05,0.00015804516,0.00015804516,0.0,0.7868606,3.7220863977754926e-10,4.69866151195375e-10,0.0
28_28_Central_Atlantic_(1950),SE,0.16,21,0.006341536224000001,0.011508713888,0.005009813921588745,0.0013317226070399999,0.0023017427776000003,0.00286543486,0.0,0.0,0.0,Lg. Bathyp. fish,0.0,0.0,0.0,0.0,0.0,0.79,-3.046287441049733e-10,2.6399998940412894e-11,0.0
28_28_Central_Atlantic_(1950),SE,0.16,20,0.013441102436,0.020515366876,0.012096991849560989,0.0013441102435999997,0.0041030733752,0.00297118956,0.0,0.0,0.0,Md. Bathyp.fish,0.0,0.0,0.0,0.0,0.0,0.9,3.428390106530177e-10,1.5047999985841332e-09,0.0
28_28_Central_Atlantic_(1950),SE,0.16,19,0.06545771003200002,0.22973138617000002,0.05891193573953475,0.0065457710032,0.04594627723400001,0.118327409,0.0,0.0,0.0,Sm. Bathyp. fish,0.0,0.0,0.0,0.0,0.0,0.9,3.2892652629401553e-09,-1.0095999994352844e-08,0.0
28_28_Central_Atlantic_(1950),SE,0.16,18,12.22519406327412,59.3828355,3.573220730157866,8.651973314709084,11.8765671,35.2810745,0.0,0.0,0.0,Sm. Meso fish,0.0,0.0,0.0,0.0,0.0,0.292283356,1.8407170898626646e-08,-1.6327412311056833e-07,0.0
28_28_Central_Atlantic_(1950),SE,0.16,17,0.0003348901755,0.0079257341535,0.00030140115666829864,3.348901755e-05,0.0015851468307,0.006005697,0.0,0.0,0.0,Lg. Meso fish,0.0,0.0,0.0,0.0,0.0,0.9,1.2817013617973105e-12,1.4729999945478633e-10,0.0
28_28_Central_Atlantic_(1950),SE,0.16,16,2.418293435320515,14.779333033030326,2.1764249584475417,0.24182934353205143,2.9558666066060653,9.405173,3.90985e-05,0.0,0.0,Sm. Epi. fish,6.25576e-06,6.25576e-06,3.284274e-05,3.284274e-05,0.0,0.9,3.4840922147338915e-08,-8.896252623458167e-09,0.0
28_28_Central_Atlantic_(1950),SE,0.16,15,0.1059599016,0.7525932498796599,0.09523928587084607,0.010595990159999997,0.150518649975932,0.496114731,0.000124629,0.0,0.0,Md. Epi. fish,1.994064e-05,1.994064e-05,0.00010468835999999998,0.00010468835999999998,0.0,0.9,-3.430846051699632e-09,-3.2696272078691635e-08,0.0
28_28_Central_Atlantic_(1950),SE,0.16,14,0.00984495897,0.12697145868897,0.007685239049978655,0.0018705422042999994,0.025394291737794002,0.091732204,0.000289178,0.0,0.0,Lg. Epi. fish,4.6268480000000005e-05,4.6268480000000005e-05,0.00024290952,0.00024290952,0.0,0.81,-2.8427865443603206e-10,3.981175999978603e-09,0.0
28_28_Central_Atlantic_(1950),SE,0.16,13,0.00064010414496,0.010287388044000001,6.401041000000001e-05,0.000576093730464,0.0020574776088000003,0.00758980634,0.0,0.0,0.0,Lg. Plank. fish,0.0,0.0,0.0,0.0,0.0,0.09999999999999998,4.496000034943937e-12,-4.9759998205223255e-11,0.0
28_28_Central_Atlantic_(1950),SE,0.16,12,2.1336802558309998e-05,0.00021225354904839998,6.401041000000001e-07,2.0696698481560696e-05,4.245070980968e-05,0.000148466032,0.0,0.0,0.0,Billfishes,0.0,0.0,0.0,0.0,0.0,0.030000000000000027,-2.3250698648292698e-14,4.680409976687977e-12,0.0
28_28_Central_Atlantic_(1950),SE,0.16,11,0.00032651159999999997,0.004353488,6.401041000000001e-07,0.00032587149593018877,0.0008706976,0.00315627875,0.0,0.0,0.0,Swordfish,0.0,0.0,0.0,0.0,0.0,0.0019604328600000276,-3.0188796341229507e-14,5.000000023389073e-11,0.0
28_28_Central_Atlantic_(1950),SE,0.16,10,0.01072980688,0.46030871515199995,0.0017776866754339626,0.008952120234131998,0.09206174303039999,0.357517153,0.0,0.0,0.0,Bigeye,0.0,0.0,0.0,0.0,0.0,0.16567741300000005,-2.9565960790733925e-11,1.2241599955942206e-08,0.0
28_28_Central_Atlantic_(1950),SE,0.16,9,0.0002486316,0.0059671584,9.575327449622515e-05,0.00015287832471324,0.00119343168,0.004525095,0.0,0.0,0.0,Albacore,0.0,0.0,0.0,0.0,0.0,0.3851211,7.90534846785429e-13,1.200000003878654e-10,0.0
28_28_Central_Atlantic_(1950),SE,0.16,8,0.00804781642,0.15322104854,0.001044242037497828,0.007003574237715865,0.030644209707999998,0.114529014,0.0,0.0,0.0,Skipjack,0.0,0.0,0.0,0.0,0.0,0.12975472199999993,1.4478630620817778e-10,8.411999999347053e-09,0.0
28_28_Central_Atlantic_(1950),SE,0.16,7,2.1533975999999998e-06,3.588996e-05,6.401041000000001e-07,6.160445043768214e-07,7.177992e-06,2.655857e-05,8.97249e-07,0.0,0.0,Bluefin,1.4355984e-07,1.4355984e-07,7.5368916e-07,7.5368916e-07,0.0,0.713919759,-4.376822102853837e-15,3.999999997569316e-13,0.0
28_28_Central_Atlantic_(1950),SE,0.16,6,0.00010813669999999998,0.00239908993,6.988740116756793e-06,0.00010114795916850798,0.00047981798599999997,0.00181113509,0.0,0.0,0.0,Yellowfin,0.0,0.0,0.0,0.0,0.0,0.06462875999999995,7.147352100358301e-13,1.5400000003516767e-10,0.0
28_28_Central_Atlantic_(1950),SE,0.16,5,0.00249640599,0.06401040999999999,0.0005785155030430785,0.0018723044925,0.012802082,0.048711922,4.5586e-05,0.0,0.0,Pelagic sharks,7.29376e-06,7.29376e-06,3.829224e-05,3.829224e-05,0.0,0.25,-5.543078149261582e-12,9.999993888509806e-12,0.0
28_28_Central_Atlantic_(1950),SE,0.16,4,9.79823604992e-06,0.00919899290843,5.857542543244573e-06,3.940693277589222e-06,0.0018397985816859998,0.00734939566,0.0,0.0,0.0,Seabirds,0.0,0.0,0.0,0.0,0.0,0.59781605,2.290862049619249e-13,4.3069408022650135e-10,0.0
28_28_Central_Atlantic_(1950),SE,0.16,3,1.796872e-05,0.007911342611788,5.217438443244573e-06,1.275128168977432e-05,0.0015822685223576003,0.00631110556,0.0,0.0,0.0,Beaked whales,0.0,0.0,0.0,0.0,0.0,0.29036226900000006,-1.330188909053672e-13,-1.9056960089830488e-10,0.0
28_28_Central_Atlantic_(1950),SE,0.16,2,0.00156,0.52174383222,0.0008372185599812127,0.0007227814573199999,0.104348766444,0.415835053,0.0,0.0,0.0,Toothed whales,0.0,0.0,0.0,0.0,0.0,0.536678553,-1.730121276279084e-11,1.2775999980174646e-08,0.0
28_28_Central_Atlantic_(1950),SE,0.16,1,0.0008256798,0.1814176815802857,0.0005485316108812128,0.0002771482068003528,0.036283536316057144,0.144308478,0.0,0.0,0.0,Baleen whales,0.0,0.0,0.0,0.0,0.0,0.664339364,-1.76815656300483e-11,-1.2535771448662913e-08,0.0
28_28_Central_Atlantic_(1950),SC,0.17,39,-0.0,-0.0,0.0,0.0,0.0,0.0,0.0,0.0,0.0,diet_import,0.0,0.0,0.0,0.0,0.0,,-0.0,0.0,0.0
28_28_Central_Atlantic_(1950),SC,0.17,38,2777.8730180352595,2777.8730180352595,2718.2345000401283,0.0,0.0,0.0,0.0,59.638517995131224,0.0,Detritus,0.0,0.0,0.0,0.0,0.0,1.0,0.0,0.0,0.0
28_28_Central_Atlantic_(1950),SC,0.17,37,2964.2448555,2964.2448555,2304.4126302796485,659.8320120997337,0.0,0.0,0.0,0.0,0.0,Phytoplankton,0.0,0.0,0.0,0.0,0.0,0.777403,0.00021312061790013104,0.0,0.0
28_28_Central_Atlantic_(1950),SC,0.17,36,51.606198899999995,172.02066299999998,3.473465040262137,48.13273376183184,34.4041326,86.01033,0.0,0.0,0.0,Lg. Zoop. deep,0.0,0.0,0.0,0.0,0.0,0.06730712999999999,9.790602462089737e-08,1.499999996212864e-06,0.0
28_28_Central_Atlantic_(1950),SC,0.17,35,326.25349455,1088.1402679500002,136.65760187059252,189.59589687002213,217.62805359000004,544.2587,0.0,0.0,0.0,Sm. Zoop. deep,0.0,0.0,0.0,0.0,0.0,0.41886937599999996,-4.1906146179826465e-06,1.9810000139841577e-05,0.0
28_28_Central_Atlantic_(1950),SC,0.17,34,152.83878554999998,509.4626185,24.764043988060063,128.07474125496339,101.89252370000001,254.731323,0.0,0.0,0.0,Lg. Zoop. shlw,0.0,0.0,0.0,0.0,0.0,0.162027225,3.069765455165907e-07,-1.3749999965284587e-05,0.0
28_28_Central_Atlantic_(1950),SC,0.17,33,1141.8,3808.2000000000003,810.8210994383843,330.97876575719994,761.6400000000001,1904.76,0.0,0.0,0.0,Sm. Zoop. shlw,0.0,0.0,0.0,0.0,0.0,0.710125446,0.00013480441566571244,4.547473508864641e-13,0.0
28_28_Central_Atlantic_(1950),SC,0.17,32,415.91835,563.5749999999999,259.56446880550004,156.35385617274002,112.71499999999999,34.941597,0.0,0.0,0.0,Het. bacteria,0.0,0.0,0.0,0.0,0.0,0.6240755999999998,2.502175988183808e-05,5.2999999965663847e-05,0.0
28_28_Central_Atlantic_(1950),SC,0.17,31,0.43340000000000006,2.6398,0.041626123427598485,0.39177388030000004,0.5279600000000001,1.67843986,0.0,0.0,0.0,Megabenthos,0.0,0.0,0.0,0.0,0.0,0.0960455,-3.72759845213011e-09,1.3999999981528788e-07,0.0
28_28_Central_Atlantic_(1950),SC,0.17,30,0.369,3.6346499999999997,0.09863466851516114,0.270365328792,0.72693,2.53872,0.0,0.0,0.0,Macrobenthos,0.0,0.0,0.0,0.0,0.0,0.26730263200000004,2.6928388408009596e-09,0.0,0.0
28_28_Central_Atlantic_(1950),SC,0.17,29,2.214,22.287599999999998,0.5448121363030838,1.6691878621979999,4.45752,15.6160793,0.0,0.0,0.0,Meiobenthos,0.0,0.0,0.0,0.0,0.0,0.24607594300000002,1.4989161023493125e-09,6.99999999298484e-07,0.0
28_28_Central_Atlantic_(1950),SC,0.17,28,0.012723003955,0.02544600791,0.011450702967616381,0.0012723003954999996,0.005089201582,0.007633802,0.0,0.0,0.0,Benth. ceph.,0.0,0.0,0.0,0.0,0.0,0.9,5.918836185059284e-10,3.729999989432464e-10,0.0
28_28_Central_Atlantic_(1950),SC,0.17,27,0.5644206439999999,4.47855511,0.507978562200084,0.05644206439999998,0.8957110220000001,3.01842356,0.0,0.0,0.0,Lg Squids,0.0,0.0,0.0,0.0,0.0,0.9,1.739991595250956e-08,-1.1599999982792042e-07,0.0
28_28_Central_Atlantic_(1950),SC,0.17,26,1.9626521827999999,15.573218407,1.766386893631383,0.19626521827999993,3.1146436814000005,10.4959221,0.0,0.0,0.0,Sm Squids,0.0,0.0,0.0,0.0,0.0,0.9,7.08886169764611e-08,4.428000011102995e-07,0.0
28_28_Central_Atlantic_(1950),SC,0.17,25,0.029511966558754574,0.05365811909218538,0.028247997140988634,0.001263969107687661,0.010731623818437078,0.01341453,0.0,0.0,0.0,Lg. Bathyd. abs,0.0,0.0,0.0,0.0,0.0,0.957170963,3.100782790255163e-10,-1.2850062697938869e-09,0.0
28_28_Central_Atlantic_(1950),SC,0.17,24,0.032007212730000005,0.0581949347850468,0.03092652416753671,0.0010806897702190206,0.011638986957009361,0.014548731,0.0,0.0,0.0,Sm. Bathyd. abs,0.0,0.0,0.0,0.0,0.0,0.966236055,-1.207755728760418e-09,4.098037435437685e-09,0.0
28_28_Central_Atlantic_(1950),SC,0.17,23,0.0030136304000000004,0.00547932783219558,0.0019225564713861983,0.00102711515654528,0.001095865566439116,0.00136983185,6.39589e-05,0.0,0.0,Lg. Bathyd. slp,0.0,1.0873013e-05,5.308588699999999e-05,6.39589e-05,0.0,0.6591768,-1.2793147834491703e-10,1.5756463408317378e-11,0.0
28_28_Central_Atlantic_(1950),SC,0.17,22,0.005653607665707449,0.010279287244467,0.004260451747794523,0.0012050065457042862,0.0020558574488934002,0.00256982166,0.000188149,0.0,0.0,Sm. Bathyd. slp,0.0,3.198533e-05,0.00015616367,0.000188149,0.0,0.7868606,3.7220863977754926e-10,4.69866151195375e-10,0.0
28_28_Central_Atlantic_(1950),SC,0.17,21,0.006341536224000001,0.011508713888,0.005009813921588745,0.0013317226070399999,0.0023017427776000003,0.00286543486,0.0,0.0,0.0,Lg. Bathyp. fish,0.0,0.0,0.0,0.0,0.0,0.79,-3.046287441049733e-10,2.6399998940412894e-11,0.0
28_28_Central_Atlantic_(1950),SC,0.17,20,0.013441102436,0.020515366876,0.012096991849560989,0.0013441102435999997,0.0041030733752,0.00297118956,0.0,0.0,0.0,Md. Bathyp.fish,0.0,0.0,0.0,0.0,0.0,0.9,3.428390106530177e-10,1.5047999985841332e-09,0.0
28_28_Central_Atlantic_(1950),SC,0.17,19,0.06545771003200002,0.22973138617000002,0.05891193573953475,0.0065457710032,0.04594627723400001,0.118327409,0.0,0.0,0.0,Sm. Bathyp. fish,0.0,0.0,0.0,0.0,0.0,0.9,3.2892652629401553e-09,-1.0095999994352844e-08,0.0
28_28_Central_Atlantic_(1950),SC,0.17,18,12.22519406327412,59.3828355,3.573220730157866,8.651973314709084,11.8765671,35.2810745,0.0,0.0,0.0,Sm. Meso fish,0.0,0.0,0.0,0.0,0.0,0.292283356,1.8407170898626646e-08,-1.6327412311056833e-07,0.0
28_28_Central_Atlantic_(1950),SC,0.17,17,0.0003348901755,0.0079257341535,0.00030140115666829864,3.348901755e-05,0.0015851468307,0.006005697,0.0,0.0,0.0,Lg. Meso fish,0.0,0.0,0.0,0.0,0.0,0.9,1.2817013617973105e-12,1.4729999945478633e-10,0.0
28_28_Central_Atlantic_(1950),SC,0.17,16,2.418293435320515,14.779333033030326,2.1764249584475417,0.24182934353205143,2.9558666066060653,9.405173,3.90985e-05,0.0,0.0,Sm. Epi. fish,0.0,6.646745e-06,3.2451755e-05,3.90985e-05,0.0,0.9,3.4840922147338915e-08,-8.896252623458167e-09,0.0
28_28_Central_Atlantic_(1950),SC,0.17,15,0.1059599016,0.7525932498796599,0.09523928587084607,0.010595990159999997,0.150518649975932,0.496114731,0.000124629,0.0,0.0,Md. Epi. fish,0.0,2.118693e-05,0.00010344206999999998,0.000124629,0.0,0.9,-3.4308460655774198e-09,-3.2696272078691635e-08,0.0
28_28_Central_Atlantic_(1950),SC,0.17,14,0.00984495897,0.12697145868897,0.007685239049978655,0.0018705422042999994,0.025394291737794002,0.091732204,0.000289178,0.0,0.0,Lg. Epi. fish,0.0,4.916026000000001e-05,0.00024001774,0.000289178,0.0,0.81,-2.8427865443603206e-10,3.981175999978603e-09,0.0
28_28_Central_Atlantic_(1950),SC,0.17,13,0.00064010414496,0.010287388044000001,6.401041000000001e-05,0.000576093730464,0.0020574776088000003,0.00758980634,0.0,0.0,0.0,Lg. Plank. fish,0.0,0.0,0.0,0.0,0.0,0.09999999999999998,4.496000034943937e-12,-4.9759998205223255e-11,0.0
28_28_Central_Atlantic_(1950),SC,0.17,12,2.1336802558309998e-05,0.00021225354904839998,6.401041000000001e-07,2.0696698481560696e-05,4.245070980968e-05,0.000148466032,0.0,0.0,0.0,Billfishes,0.0,0.0,0.0,0.0,0.0,0.030000000000000027,-2.3250698648292698e-14,4.680409976687977e-12,0.0
28_28_Central_Atlantic_(1950),SC,0.17,11,0.00032651159999999997,0.004353488,6.401041000000001e-07,0.00032587149593018877,0.0008706976,0.00315627875,0.0,0.0,0.0,Swordfish,0.0,0.0,0.0,0.0,0.0,0.0019604328600000276,-3.0188796341229507e-14,5.000000023389073e-11,0.0
28_28_Central_Atlantic_(1950),SC,0.17,10,0.01072980688,0.46030871515199995,0.0017776866754339626,0.008952120234131998,0.09206174303039999,0.357517153,0.0,0.0,0.0,Bigeye,0.0,0.0,0.0,0.0,0.0,0.16567741300000005,-2.9565960790733925e-11,1.2241599955942206e-08,0.0
28_28_Central_Atlantic_(1950),SC,0.17,9,0.0002486316,0.0059671584,9.575327449622515e-05,0.00015287832471324,0.00119343168,0.004525095,0.0,0.0,0.0,Albacore,0.0,0.0,0.0,0.0,0.0,0.3851211,7.90534846785429e-13,1.200000003878654e-10,0.0
28_28_Central_Atlantic_(1950),SC,0.17,8,0.00804781642,0.15322104854,0.001044242037497828,0.007003574237715865,0.030644209707999998,0.114529014,0.0,0.0,0.0,Skipjack,0.0,0.0,0.0,0.0,0.0,0.12975472199999993,1.4478630620817778e-10,8.411999999347053e-09,0.0
28_28_Central_Atlantic_(1950),SC,0.17,7,2.1533975999999998e-06,3.588996e-05,6.401041000000001e-07,6.160445043768214e-07,7.177992e-06,2.655857e-05,8.97249e-07,0.0,0.0,Bluefin,0.0,1.5253233e-07,7.4471667e-07,8.97249e-07,0.0,0.713919759,-4.376821679337364e-15,3.999999997569316e-13,0.0
28_28_Central_Atlantic_(1950),SC,0.17,6,0.00010813669999999998,0.00239908993,6.988740116756793e-06,0.00010114795916850798,0.00047981798599999997,0.00181113509,0.0,0.0,0.0,Yellowfin,0.0,0.0,0.0,0.0,0.0,0.06462875999999995,7.147352100358301e-13,1.5400000003516767e-10,0.0
28_28_Central_Atlantic_(1950),SC,0.17,5,0.00249640599,0.06401040999999999,0.0005785155030430785,0.0018723044925,0.012802082,0.048711922,4.5586e-05,0.0,0.0,Pelagic sharks,0.0,7.749620000000001e-06,3.783638e-05,4.5586e-05,0.0,0.25,-5.543078149261582e-12,9.999993888509806e-12,0.0
28_28_Central_Atlantic_(1950),SC,0.17,4,9.79823604992e-06,0.00919899290843,5.857542543244573e-06,3.940693277589222e-06,0.0018397985816859998,0.00734939566,0.0,0.0,0.0,Seabirds,0.0,0.0,0.0,0.0,0.0,0.59781605,2.290862049619249e-13,4.3069408022650135e-10,0.0
28_28_Central_Atlantic_(1950),SC,0.17,3,1.796872e-05,0.007911342611788,5.217438443244573e-06,1.275128168977432e-05,0.0015822685223576003,0.00631110556,0.0,0.0,0.0,Beaked whales,0.0,0.0,0.0,0.0,0.0,0.29036226900000006,-1.330188909053672e-13,-1.9056960089830488e-10,0.0
28_28_Central_Atlantic_(1950),SC,0.17,2,0.00156,0.52174383222,0.0008372185599812127,0.0007227814573199999,0.104348766444,0.415835053,0.0,0.0,0.0,Toothed whales,0.0,0.0,0.0,0.0,0.0,0.536678553,-1.730121276279084e-11,1.2775999980174646e-08,0.0
28_28_Central_Atlantic_(1950),SC,0.17,1,0.0008256798,0.1814176815802857,0.0005485316108812128,0.0002771482068003528,0.036283536316057144,0.144308478,0.0,0.0,0.0,Baleen whales,0.0,0.0,0.0,0.0,0.0,0.664339364,-1.76815656300483e-11,-1.2535771448662913e-08,0.0
28_28_Central_Atlantic_(1950),SM,0.17,39,-0.0,-0.0,0.0,0.0,0.0,0.0,0.0,0.0,0.0,diet_import,0.0,0.0,0.0,0.0,0.0,,-0.0,0.0,0.0
28_28_Central_Atlantic_(1950),SM,0.17,38,2777.87314578969,2777.87314578969,2718.2345000401283,0.0,0.0,0.0,0.0,59.638645749561874,0.0,Detritus,0.0,0.0,0.0,0.0,0.0,1.0,0.0,0.0,0.0
28_28_Central_Atlantic_(1950),SM,0.17,37,2964.2448555,2964.2448555,2304.4126302796485,659.8320120997337,0.0,0.0,0.0,0.0,0.0,Phytoplankton,0.0,0.0,0.0,0.0,0.0,0.777403,0.00021312061790013104,0.0,0.0
28_28_Central_Atlantic_(1950),SM,0.17,36,51.606198899999995,172.02066299999998,3.473465040262137,48.13273376183184,34.4041326,86.01033,0.0,0.0,0.0,Lg. Zoop. deep,0.0,0.0,0.0,0.0,0.0,0.06730712999999999,9.790602462089737e-08,1.499999996212864e-06,0.0
28_28_Central_Atlantic_(1950),SM,0.17,35,326.25349455,1088.1402679500002,136.65760187059252,189.59589687002213,217.62805359000004,544.2587,0.0,0.0,0.0,Sm. Zoop. deep,0.0,0.0,0.0,0.0,0.0,0.41886937599999996,-4.1906146179826465e-06,1.9810000139841577e-05,0.0
28_28_Central_Atlantic_(1950),SM,0.17,34,152.83878554999998,509.4626185,24.764043988060063,128.07474125496339,101.89252370000001,254.731323,0.0,0.0,0.0,Lg. Zoop. shlw,0.0,0.0,0.0,0.0,0.0,0.162027225,3.069765455165907e-07,-1.3749999965284587e-05,0.0
28_28_Central_Atlantic_(1950),SM,0.17,33,1141.8,3808.2000000000003,810.8210994383843,330.97876575719994,761.6400000000001,1904.76,0.0,0.0,0.0,Sm. Zoop. shlw,0.0,0.0,0.0,0.0,0.0,0.710125446,0.00013480441566571244,4.547473508864641e-13,0.0
28_28_Central_Atlantic_(1950),SM,0.17,32,415.91835,563.5749999999999,259.56446880550004,156.35385617274002,112.71499999999999,34.941597,0.0,0.0,0.0,Het. bacteria,0.0,0.0,0.0,0.0,0.0,0.6240755999999998,2.502175988183808e-05,5.2999999965663847e-05,0.0
28_28_Central_Atlantic_(1950),SM,0.17,31,0.43340000000000006,2.6398,0.041626123427598485,0.39177388030000004,0.5279600000000001,1.67843986,0.0,0.0,0.0,Megabenthos,0.0,0.0,0.0,0.0,0.0,0.0960455,-3.72759845213011e-09,1.3999999981528788e-07,0.0
28_28_Central_Atlantic_(1950),SM,0.17,30,0.369,3.6346499999999997,0.09863466851516114,0.270365328792,0.72693,2.53872,0.0,0.0,0.0,Macrobenthos,0.0,0.0,0.0,0.0,0.0,0.26730263200000004,2.6928388408009596e-09,0.0,0.0
28_28_Central_Atlantic_(1950),SM,0.17,29,2.214,22.287599999999998,0.5448121363030838,1.6691878621979999,4.45752,15.6160793,0.0,0.0,0.0,Meiobenthos,0.0,0.0,0.0,0.0,0.0,0.24607594300000002,1.4989161023493125e-09,6.99999999298484e-07,0.0
28_28_Central_Atlantic_(1950),SM,0.17,28,0.012723003955,0.02544600791,0.011450702967616381,0.0012723003954999996,0.005089201582,0.007633802,0.0,0.0,0.0,Benth. ceph.,0.0,0.0,0.0,0.0,0.0,0.9,5.918836185059284e-10,3.729999989432464e-10,0.0
28_28_Central_Atlantic_(1950),SM,0.17,27,0.5644206439999999,4.47855511,0.507978562200084,0.05644206439999998,0.8957110220000001,3.01842356,0.0,0.0,0.0,Lg Squids,0.0,0.0,0.0,0.0,0.0,0.9,1.739991595250956e-08,-1.1599999982792042e-07,0.0
28_28_Central_Atlantic_(1950),SM,0.17,26,1.9626521827999999,15.573218407,1.766386893631383,0.19626521827999993,3.1146436814000005,10.4959221,0.0,0.0,0.0,Sm Squids,0.0,0.0,0.0,0.0,0.0,0.9,7.08886169764611e-08,4.428000011102995e-07,0.0
28_28_Central_Atlantic_(1950),SM,0.17,25,0.029511966558754574,0.05365811909218538,0.028247997140988634,0.001263969107687661,0.010731623818437078,0.01341453,0.0,0.0,0.0,Lg. Bathyd. abs,0.0,0.0,0.0,0.0,0.0,0.957170963,3.100782790255163e-10,-1.2850062697938869e-09,0.0
28_28_Central_Atlantic_(1950),SM,0.17,24,0.032007212730000005,0.0581949347850468,0.03092652416753671,0.0010806897702190206,0.011638986957009361,0.014548731,0.0,0.0,0.0,Sm. Bathyd. abs,0.0,0.0,0.0,0.0,0.0,0.966236055,-1.207755728760418e-09,4.098037435437685e-09,0.0
28_28_Central_Atlantic_(1950),SM,0.17,23,0.0030136304000000004,0.00547932783219558,0.0019225564713861983,0.00103798816954528,0.001095865566439116,0.00136983185,6.39589e-05,0.0,0.0,Lg. Bathyd. slp,0.0,1.0873013e-05,5.308588699999999e-05,5.308588699999999e-05,0.0,0.6555688549115778,-1.2793147791123616e-10,1.5756463408317378e-11,0.0
28_28_Central_Atlantic_(1950),SM,0.17,22,0.005653607665707449,0.010279287244467,0.004260451747794523,0.0012369918757042862,0.0020558574488934002,0.00256982166,0.000188149,0.0,0.0,Sm. Bathyd. slp,0.0,3.198533e-05,0.00015616367,0.00015616367,0.0,0.7812030921057026,3.7220863977754926e-10,4.69866151195375e-10,0.0
28_28_Central_Atlantic_(1950),SM,0.17,21,0.006341536224000001,0.011508713888,0.005009813921588745,0.0013317226070399999,0.0023017427776000003,0.00286543486,0.0,0.0,0.0,Lg. Bathyp. fish,0.0,0.0,0.0,0.0,0.0,0.79,-3.046287441049733e-10,2.6399998940412894e-11,0.0
28_28_Central_Atlantic_(1950),SM,0.17,20,0.013441102436,0.020515366876,0.012096991849560989,0.0013441102435999997,0.0041030733752,0.00297118956,0.0,0.0,0.0,Md. Bathyp.fish,0.0,0.0,0.0,0.0,0.0,0.9,3.428390106530177e-10,1.5047999985841332e-09,0.0
28_28_Central_Atlantic_(1950),SM,0.17,19,0.06545771003200002,0.22973138617000002,0.05891193573953475,0.0065457710032,0.04594627723400001,0.118327409,0.0,0.0,0.0,Sm. Bathyp. fish,0.0,0.0,0.0,0.0,0.0,0.9,3.2892652629401553e-09,-1.0095999994352844e-08,0.0
28_28_Central_Atlantic_(1950),SM,0.17,18,12.22519406327412,59.3828355,3.573220730157866,8.651973314709084,11.8765671,35.2810745,0.0,0.0,0.0,Sm. Meso fish,0.0,0.0,0.0,0.0,0.0,0.292283356,1.8407170898626646e-08,-1.6327412311056833e-07,0.0
28_28_Central_Atlantic_(1950),SM,0.17,17,0.0003348901755,0.0079257341535,0.00030140115666829864,3.348901755e-05,0.0015851468307,0.006005697,0.0,0.0,0.0,Lg. Meso fish,0.0,0.0,0.0,0.0,0.0,0.9,1.2817013617973105e-12,1.4729999945478633e-10,0.0
28_28_Central_Atlantic_(1950),SM,0.17,16,2.418293435320515,14.779333033030326,2.1764249584475417,0.24183599027705144,2.9558666066060653,9.405173,3.90985e-05,0.0,0.0,Sm. Epi. fish,0.0,6.646745e-06,3.2451755e-05,3.2451755e-05,0.0,0.8999972514729176,3.4840921703249705e-08,-8.896252623458167e-09,0.0
28_28_Central_Atlantic_(1950),SM,0.17,15,0.1059599016,0.7525932498796599,0.09523928587084607,0.010617177089999997,0.150518649975932,0.496114731,0.000124629,0.0,0.0,Md. Epi. fish,0.0,2.118693e-05,0.00010344206999999998,0.00010344206999999998,0.0,0.8998000476625585,-3.4308460655774198e-09,-3.2696272078691635e-08,0.0
28_28_Central_Atlantic_(1950),SM,0.17,14,0.00984495897,0.12697145868897,0.007685239049978655,0.0019197024642999994,0.025394291737794002,0.091732204,0.000289178,0.0,0.0,Lg. Epi. fish,0.0,4.916026000000001e-05,0.00024001774,0.00024001774,0.0,0.8050065551161967,-2.8427865443603206e-10,3.981175999978603e-09,0.0
28_28_Central_Atlantic_(1950),SM,0.17,13,0.00064010414496,0.010287388044000001,6.401041000000001e-05,0.000576093730464,0.0020574776088000003,0.00758980634,0.0,0.0,0.0,Lg. Plank. fish,0.0,0.0,0.0,0.0,0.0,0.09999999999999998,4.496000034943937e-12,-4.9759998205223255e-11,0.0
28_28_Central_Atlantic_(1950),SM,0.17,12,2.1336802558309998e-05,0.00021225354904839998,6.401041000000001e-07,2.0696698481560696e-05,4.245070980968e-05,0.000148466032,0.0,0.0,0.0,Billfishes,0.0,0.0,0.0,0.0,0.0,0.030000000000000027,-2.3250698648292698e-14,4.680409976687977e-12,0.0
28_28_Central_Atlantic_(1950),SM,0.17,11,0.00032651159999999997,0.004353488,6.401041000000001e-07,0.00032587149593018877,0.0008706976,0.00315627875,0.0,0.0,0.0,Swordfish,0.0,0.0,0.0,0.0,0.0,0.0019604328600000276,-3.0188796341229507e-14,5.000000023389073e-11,0.0
28_28_Central_Atlantic_(1950),SM,0.17,10,0.01072980688,0.46030871515199995,0.0017776866754339626,0.008952120234131998,0.09206174303039999,0.357517153,0.0,0.0,0.0,Bigeye,0.0,0.0,0.0,0.0,0.0,0.16567741300000005,-2.9565960790733925e-11,1.2241599955942206e-08,0.0
28_28_Central_Atlantic_(1950),SM,0.17,9,0.0002486316,0.0059671584,9.575327449622515e-05,0.00015287832471324,0.00119343168,0.004525095,0.0,0.0,0.0,Albacore,0.0,0.0,0.0,0.0,0.0,0.3851211,7.90534846785429e-13,1.200000003878654e-10,0.0
28_28_Central_Atlantic_(1950),SM,0.17,8,0.00804781642,0.15322104854,0.001044242037497828,0.007003574237715865,0.030644209707999998,0.114529014,0.0,0.0,0.0,Skipjack,0.0,0.0,0.0,0.0,0.0,0.12975472199999993,1.4478630620817778e-10,8.411999999347053e-09,0.0
28_28_Central_Atlantic_(1950),SM,0.17,7,2.1533975999999998e-06,3.588996e-05,6.401041000000001e-07,7.685768343768214e-07,7.177992e-06,2.655857e-05,8.97249e-07,0.0,0.0,Bluefin,0.0,1.5253233e-07,7.4471667e-07,7.4471667e-07,0.0,0.6430864256666666,-4.376821679337364e-15,3.999999997569316e-13,0.0
28_28_Central_Atlantic_(1950),SM,0.17,6,0.00010813669999999998,0.00239908993,6.988740116756793e-06,0.00010114795916850798,0.00047981798599999997,0.00181113509,0.0,0.0,0.0,Yellowfin,0.0,0.0,0.0,0.0,0.0,0.06462875999999995,7.147352100358301e-13,1.5400000003516767e-10,0.0
28_28_Central_Atlantic_(1950),SM,0.17,5,0.00249640599,0.06401040999999999,0.0005785155030430785,0.0018800541125,0.012802082,0.048711922,4.5586e-05,0.0,0.0,Pelagic sharks,0.0,7.749620000000001e-06,3.783638e-05,3.783638e-05,0.0,0.2468956892304205,-5.543078149261582e-12,9.999993888509806e-12,0.0
28_28_Central_Atlantic_(1950),SM,0.17,4,9.79823604992e-06,0.00919899290843,5.857542543244573e-06,3.940693277589222e-06,0.0018397985816859998,0.00734939566,0.0,0.0,0.0,Seabirds,0.0,0.0,0.0,0.0,0.0,0.59781605,2.290862049619249e-13,4.3069408022650135e-10,0.0
28_28_Central_Atlantic_(1950),SM,0.17,3,1.796872e-05,0.007911342611788,5.217438443244573e-06,1.275128168977432e-05,0.0015822685223576003,0.00631110556,0.0,0.0,0.0,Beaked whales,0.0,0.0,0.0,0.0,0.0,0.29036226900000006,-1.330188909053672e-13,-1.9056960089830488e-10,0.0
28_28_Central_Atlantic_(1950),SM,0.17,2,0.00156,0.52174383222,0.0008372185599812127,0.0007227814573199999,0.104348766444,0.415835053,0.0,0.0,0.0,Toothed whales,0.0,0.0,0.0,0.0,0.0,0.536678553,-1.730121276279084e-11,1.2775999980174646e-08,0.0
28_28_Central_Atlantic_(1950),SM,0.17,1,0.0008256798,0.1814176815802857,0.0005485316108812128,0.0002771482068003528,0.036283536316057144,0.144308478,0.0,0.0,0.0,Baleen whales,0.0,0.0,0.0,0.0,0.0,0.664339364,-1.76815656300483e-11,-1.2535771448662913e-08,0.0
28_28_Central_Atlantic_(1950),SE,0.17,39,-0.0,-0.0,0.0,0.0,0.0,0.0,0.0,0.0,0.0,diet_import,0.0,0.0,0.0,0.0,0.0,,-0.0,0.0,0.0
28_28_Central_Atlantic_(1950),SE,0.17,38,2777.8730180352595,2777.8730180352595,2718.2345000401283,0.0,0.0,0.0,0.0,59.638517995131224,0.0,Detritus,0.0,0.0,0.0,0.0,0.0,1.0,0.0,0.0,0.0
28_28_Central_Atlantic_(1950),SE,0.17,37,2964.2448555,2964.2448555,2304.4126302796485,659.8320120997337,0.0,0.0,0.0,0.0,0.0,Phytoplankton,0.0,0.0,0.0,0.0,0.0,0.777403,0.00021312061790013104,0.0,0.0
28_28_Central_Atlantic_(1950),SE,0.17,36,51.606198899999995,172.02066299999998,3.473465040262137,48.13273376183184,34.4041326,86.01033,0.0,0.0,0.0,Lg. Zoop. deep,0.0,0.0,0.0,0.0,0.0,0.06730712999999999,9.790602462089737e-08,1.499999996212864e-06,0.0
28_28_Central_Atlantic_(1950),SE,0.17,35,326.25349455,1088.1402679500002,136.65760187059252,189.59589687002213,217.62805359000004,544.2587,0.0,0.0,0.0,Sm. Zoop. deep,0.0,0.0,0.0,0.0,0.0,0.41886937599999996,-4.1906146179826465e-06,1.9810000139841577e-05,0.0
28_28_Central_Atlantic_(1950),SE,0.17,34,152.83878554999998,509.4626185,24.764043988060063,128.07474125496339,101.89252370000001,254.731323,0.0,0.0,0.0,Lg. Zoop. shlw,0.0,0.0,0.0,0.0,0.0,0.162027225,3.069765455165907e-07,-1.3749999965284587e-05,0.0
28_28_Central_Atlantic_(1950),SE,0.17,33,1141.8,3808.2000000000003,810.8210994383843,330.97876575719994,761.6400000000001,1904.76,0.0,0.0,0.0,Sm. Zoop. shlw,0.0,0.0,0.0,0.0,0.0,0.710125446,0.00013480441566571244,4.547473508864641e-13,0.0
28_28_Central_Atlantic_(1950),SE,0.17,32,415.91835,563.5749999999999,259.56446880550004,156.35385617274002,112.71499999999999,34.941597,0.0,0.0,0.0,Het. bacteria,0.0,0.0,0.0,0.0,0.0,0.6240755999999998,2.502175988183808e-05,5.2999999965663847e-05,0.0
28_28_Central_Atlantic_(1950),SE,0.17,31,0.43340000000000006,2.6398,0.041626123427598485,0.39177388030000004,0.5279600000000001,1.67843986,0.0,0.0,0.0,Megabenthos,0.0,0.0,0.0,0.0,0.0,0.0960455,-3.72759845213011e-09,1.3999999981528788e-07,0.0
28_28_Central_Atlantic_(1950),SE,0.17,30,0.369,3.6346499999999997,0.09863466851516114,0.270365328792,0.72693,2.53872,0.0,0.0,0.0,Macrobenthos,0.0,0.0,0.0,0.0,0.0,0.26730263200000004,2.6928388408009596e-09,0.0,0.0
28_28_Central_Atlantic_(1950),SE,0.17,29,2.214,22.287599999999998,0.5448121363030838,1.6691878621979999,4.45752,15.6160793,0.0,0.0,0.0,Meiobenthos,0.0,0.0,0.0,0.0,0.0,0.24607594300000002,1.4989161023493125e-09,6.99999999298484e-07,0.0
28_28_Central_Atlantic_(1950),SE,0.17,28,0.012723003955,0.02544600791,0.011450702967616381,0.0012723003954999996,0.005089201582,0.007633802,0.0,0.0,0.0,Benth. ceph.,0.0,0.0,0.0,0.0,0.0,0.9,5.918836185059284e-10,3.729999989432464e-10,0.0
28_28_Central_Atlantic_(1950),SE,0.17,27,0.5644206439999999,4.47855511,0.507978562200084,0.05644206439999998,0.8957110220000001,3.01842356,0.0,0.0,0.0,Lg Squids,0.0,0.0,0.0,0.0,0.0,0.9,1.739991595250956e-08,-1.1599999982792042e-07,0.0
28_28_Central_Atlantic_(1950),SE,0.17,26,1.9626521827999999,15.573218407,1.766386893631383,0.19626521827999993,3.1146436814000005,10.4959221,0.0,0.0,0.0,Sm Squids,0.0,0.0,0.0,0.0,0.0,0.9,7.08886169764611e-08,4.428000011102995e-07,0.0
28_28_Central_Atlantic_(1950),SE,0.17,25,0.029511966558754574,0.05365811909218538,0.028247997140988634,0.001263969107687661,0.010731623818437078,0.01341453,0.0,0.0,0.0,Lg. Bathyd. abs,0.0,0.0,0.0,0.0,0.0,0.957170963,3.100782790255163e-10,-1.2850062697938869e-09,0.0
28_28_Central_Atlantic_(1950),SE,0.17,24,0.032007212730000005,0.0581949347850468,0.03092652416753671,0.0010806897702190206,0.011638986957009361,0.014548731,0.0,0.0,0.0,Sm. Bathyd. abs,0.0,0.0,0.0,0.0,0.0,0.966236055,-1.207755728760418e-09,4.098037435437685e-09,0.0
28_28_Central_Atlantic_(1950),SE,0.17,23,0.0030136304000000004,0.00547932783219558,0.0019225564713861983,0.00102711515654528,0.001095865566439116,0.00136983185,6.39589e-05,0.0,0.0,Lg. Bathyd. slp,1.0873013e-05,1.0873013e-05,5.308588699999999e-05,5.308588699999999e-05,0.0,0.6591768,-1.2793147834491703e-10,1.5756463408317378e-11,0.0
28_28_Central_Atlantic_(1950),SE,0.17,22,0.005653607665707449,0.010279287244467,0.004260451747794523,0.0012050065457042862,0.0020558574488934002,0.00256982166,0.000188149,0.0,0.0,Sm. Bathyd. slp,3.198533e-05,3.198533e-05,0.00015616367,0.00015616367,0.0,0.7868606,3.7220863977754926e-10,4.69866151195375e-10,0.0
28_28_Central_Atlantic_(1950),SE,0.17,21,0.006341536224000001,0.011508713888,0.005009813921588745,0.0013317226070399999,0.0023017427776000003,0.00286543486,0.0,0.0,0.0,Lg. Bathyp. fish,0.0,0.0,0.0,0.0,0.0,0.79,-3.046287441049733e-10,2.6399998940412894e-11,0.0
28_28_Central_Atlantic_(1950),SE,0.17,20,0.013441102436,0.020515366876,0.012096991849560989,0.0013441102435999997,0.0041030733752,0.00297118956,0.0,0.0,0.0,Md. Bathyp.fish,0.0,0.0,0.0,0.0,0.0,0.9,3.428390106530177e-10,1.5047999985841332e-09,0.0
28_28_Central_Atlantic_(1950),SE,0.17,19,0.06545771003200002,0.22973138617000002,0.05891193573953475,0.0065457710032,0.04594627723400001,0.118327409,0.0,0.0,0.0,Sm. Bathyp. fish,0.0,0.0,0.0,0.0,0.0,0.9,3.2892652629401553e-09,-1.0095999994352844e-08,0.0
28_28_Central_Atlantic_(1950),SE,0.17,18,12.22519406327412,59.3828355,3.573220730157866,8.651973314709084,11.8765671,35.2810745,0.0,0.0,0.0,Sm. Meso fish,0.0,0.0,0.0,0.0,0.0,0.292283356,1.8407170898626646e-08,-1.6327412311056833e-07,0.0
28_28_Central_Atlantic_(1950),SE,0.17,17,0.0003348901755,0.0079257341535,0.00030140115666829864,3.348901755e-05,0.0015851468307,0.006005697,0.0,0.0,0.0,Lg. Meso fish,0.0,0.0,0.0,0.0,0.0,0.9,1.2817013617973105e-12,1.4729999945478633e-10,0.0
28_28_Central_Atlantic_(1950),SE,0.17,16,2.418293435320515,14.779333033030326,2.1764249584475417,0.24182934353205143,2.9558666066060653,9.405173,3.90985e-05,0.0,0.0,Sm. Epi. fish,6.646745e-06,6.646745e-06,3.2451755e-05,3.2451755e-05,0.0,0.9,3.4840921703249705e-08,-8.896252623458167e-09,0.0
28_28_Central_Atlantic_(1950),SE,0.17,15,0.1059599016,0.7525932498796599,0.09523928587084607,0.010595990159999997,0.150518649975932,0.496114731,0.000124629,0.0,0.0,Md. Epi. fish,2.118693e-05,2.118693e-05,0.00010344206999999998,0.00010344206999999998,0.0,0.9,-3.4308460655774198e-09,-3.2696272078691635e-08,0.0
28_28_Central_Atlantic_(1950),SE,0.17,14,0.00984495897,0.12697145868897,0.007685239049978655,0.0018705422042999994,0.025394291737794002,0.091732204,0.000289178,0.0,0.0,Lg. Epi. fish,4.916026000000001e-05,4.916026000000001e-05,0.00024001774,0.00024001774,0.0,0.81,-2.8427865443603206e-10,3.981175999978603e-09,0.0
28_28_Central_Atlantic_(1950),SE,0.17,13,0.00064010414496,0.010287388044000001,6.401041000000001e-05,0.000576093730464,0.0020574776088000003,0.00758980634,0.0,0.0,0.0,Lg. Plank. fish,0.0,0.0,0.0,0.0,0.0,0.09999999999999998,4.496000034943937e-12,-4.9759998205223255e-11,0.0
28_28_Central_Atlantic_(1950),SE,0.17,12,2.1336802558309998e-05,0.00021225354904839998,6.401041000000001e-07,2.0696698481560696e-05,4.245070980968e-05,0.000148466032,0.0,0.0,0.0,Billfishes,0.0,0.0,0.0,0.0,0.0,0.030000000000000027,-2.3250698648292698e-14,4.680409976687977e-12,0.0
28_28_Central_Atlantic_(1950),SE,0.17,11,0.00032651159999999997,0.004353488,6.401041000000001e-07,0.00032587149593018877,0.0008706976,0.00315627875,0.0,0.0,0.0,Swordfish,0.0,0.0,0.0,0.0,0.0,0.0019604328600000276,-3.0188796341229507e-14,5.000000023389073e-11,0.0
28_28_Central_Atlantic_(1950),SE,0.17,10,0.01072980688,0.46030871515199995,0.0017776866754339626,0.008952120234131998,0.09206174303039999,0.357517153,0.0,0.0,0.0,Bigeye,0.0,0.0,0.0,0.0,0.0,0.16567741300000005,-2.9565960790733925e-11,1.2241599955942206e-08,0.0
28_28_Central_Atlantic_(1950),SE,0.17,9,0.0002486316,0.0059671584,9.575327449622515e-05,0.00015287832471324,0.00119343168,0.004525095,0.0,0.0,0.0,Albacore,0.0,0.0,0.0,0.0,0.0,0.3851211,7.90534846785429e-13,1.200000003878654e-10,0.0
28_28_Central_Atlantic_(1950),SE,0.17,8,0.00804781642,0.15322104854,0.001044242037497828,0.007003574237715865,0.030644209707999998,0.114529014,0.0,0.0,0.0,Skipjack,0.0,0.0,0.0,0.0,0.0,0.12975472199999993,1.4478630620817778e-10,8.411999999347053e-09,0.0
28_28_Central_Atlantic_(1950),SE,0.17,7,2.1533975999999998e-06,3.588996e-05,6.401041000000001e-07,6.160445043768214e-07,7.177992e-06,2.655857e-05,8.97249e-07,0.0,0.0,Bluefin,1.5253233e-07,1.5253233e-07,7.4471667e-07,7.4471667e-07,0.0,0.713919759,-4.376821679337364e-15,3.999999997569316e-13,0.0
28_28_Central_Atlantic_(1950),SE,0.17,6,0.00010813669999999998,0.00239908993,6.988740116756793e-06,0.00010114795916850798,0.00047981798599999997,0.00181113509,0.0,0.0,0.0,Yellowfin,0.0,0.0,0.0,0.0,0.0,0.06462875999999995,7.147352100358301e-13,1.5400000003516767e-10,0.0
28_28_Central_Atlantic_(1950),SE,0.17,5,0.00249640599,0.06401040999999999,0.0005785155030430785,0.0018723044925,0.012802082,0.048711922,4.5586e-05,0.0,0.0,Pelagic sharks,7.749620000000001e-06,7.749620000000001e-06,3.783638e-05,3.783638e-05,0.0,0.25,-5.543078582942451e-12,9.999993888509806e-12,0.0
28_28_Central_Atlantic_(1950),SE,0.17,4,9.79823604992e-06,0.00919899290843,5.857542543244573e-06,3.940693277589222e-06,0.0018397985816859998,0.00734939566,0.0,0.0,0.0,Seabirds,0.0,0.0,0.0,0.0,0.0,0.59781605,2.290862049619249e-13,4.3069408022650135e-10,0.0
28_28_Central_Atlantic_(1950),SE,0.17,3,1.796872e-05,0.007911342611788,5.217438443244573e-06,1.275128168977432e-05,0.0015822685223576003,0.00631110556,0.0,0.0,0.0,Beaked whales,0.0,0.0,0.0,0.0,0.0,0.29036226900000006,-1.330188909053672e-13,-1.9056960089830488e-10,0.0
28_28_Central_Atlantic_(1950),SE,0.17,2,0.00156,0.52174383222,0.0008372185599812127,0.0007227814573199999,0.104348766444,0.415835053,0.0,0.0,0.0,Toothed whales,0.0,0.0,0.0,0.0,0.0,0.536678553,-1.730121276279084e-11,1.2775999980174646e-08,0.0
28_28_Central_Atlantic_(1950),SE,0.17,1,0.0008256798,0.1814176815802857,0.0005485316108812128,0.0002771482068003528,0.036283536316057144,0.144308478,0.0,0.0,0.0,Baleen whales,0.0,0.0,0.0,0.0,0.0,0.664339364,-1.76815656300483e-11,-1.2535771448662913e-08,0.0
28_28_Central_Atlantic_(1950),SC,0.18,39,-0.0,-0.0,0.0,0.0,0.0,0.0,0.0,0.0,0.0,diet_import,0.0,0.0,0.0,0.0,0.0,,-0.0,0.0,0.0
28_28_Central_Atlantic_(1950),SC,0.18,38,2777.8730180352595,2777.8730180352595,2718.2345000401283,0.0,0.0,0.0,0.0,59.638517995131224,0.0,Detritus,0.0,0.0,0.0,0.0,0.0,1.0,0.0,0.0,0.0
28_28_Central_Atlantic_(1950),SC,0.18,37,2964.2448555,2964.2448555,2304.4126302796485,659.8320120997337,0.0,0.0,0.0,0.0,0.0,Phytoplankton,0.0,0.0,0.0,0.0,0.0,0.777403,0.00021312061790013104,0.0,0.0
28_28_Central_Atlantic_(1950),SC,0.18,36,51.606198899999995,172.02066299999998,3.473465040262137,48.13273376183184,34.4041326,86.01033,0.0,0.0,0.0,Lg. Zoop. deep,0.0,0.0,0.0,0.0,0.0,0.06730712999999999,9.790602462089737e-08,1.499999996212864e-06,0.0
28_28_Central_Atlantic_(1950),SC,0.18,35,326.25349455,1088.1402679500002,136.65760187059252,189.59589687002213,217.62805359000004,544.2587,0.0,0.0,0.0,Sm. Zoop. deep,0.0,0.0,0.0,0.0,0.0,0.41886937599999996,-4.1906146179826465e-06,1.9810000139841577e-05,0.0
28_28_Central_Atlantic_(1950),SC,0.18,34,152.83878554999998,509.4626185,24.764043988060063,128.07474125496339,101.89252370000001,254.731323,0.0,0.0,0.0,Lg. Zoop. shlw,0.0,0.0,0.0,0.0,0.0,0.162027225,3.069765455165907e-07,-1.3749999965284587e-05,0.0
28_28_Central_Atlantic_(1950),SC,0.18,33,1141.8,3808.2000000000003,810.8210994383843,330.97876575719994,761.6400000000001,1904.76,0.0,0.0,0.0,Sm. Zoop. shlw,0.0,0.0,0.0,0.0,0.0,0.710125446,0.00013480441566571244,4.547473508864641e-13,0.0
28_28_Central_Atlantic_(1950),SC,0.18,32,415.91835,563.5749999999999,259.56446880550004,156.35385617274002,112.71499999999999,34.941597,0.0,0.0,0.0,Het. bacteria,0.0,0.0,0.0,0.0,0.0,0.6240755999999998,2.502175988183808e-05,5.2999999965663847e-05,0.0
28_28_Central_Atlantic_(1950),SC,0.18,31,0.43340000000000006,2.6398,0.041626123427598485,0.39177388030000004,0.5279600000000001,1.67843986,0.0,0.0,0.0,Megabenthos,0.0,0.0,0.0,0.0,0.0,0.0960455,-3.72759845213011e-09,1.3999999981528788e-07,0.0
28_28_Central_Atlantic_(1950),SC,0.18,30,0.369,3.6346499999999997,0.09863466851516114,0.270365328792,0.72693,2.53872,0.0,0.0,0.0,Macrobenthos,0.0,0.0,0.0,0.0,0.0,0.26730263200000004,2.6928388408009596e-09,0.0,0.0
28_28_Central_Atlantic_(1950),SC,0.18,29,2.214,22.287599999999998,0.5448121363030838,1.6691878621979999,4.45752,15.6160793,0.0,0.0,0.0,Meiobenthos,0.0,0.0,0.0,0.0,0.0,0.24607594300000002,1.4989161023493125e-09,6.99999999298484e-07,0.0
28_28_Central_Atlantic_(1950),SC,0.18,28,0.012723003955,0.02544600791,0.011450702967616381,0.0012723003954999996,0.005089201582,0.007633802,0.0,0.0,0.0,Benth. ceph.,0.0,0.0,0.0,0.0,0.0,0.9,5.918836185059284e-10,3.729999989432464e-10,0.0
28_28_Central_Atlantic_(1950),SC,0.18,27,0.5644206439999999,4.47855511,0.507978562200084,0.05644206439999998,0.8957110220000001,3.01842356,0.0,0.0,0.0,Lg Squids,0.0,0.0,0.0,0.0,0.0,0.9,1.739991595250956e-08,-1.1599999982792042e-07,0.0
28_28_Central_Atlantic_(1950),SC,0.18,26,1.9626521827999999,15.573218407,1.766386893631383,0.19626521827999993,3.1146436814000005,10.4959221,0.0,0.0,0.0,Sm Squids,0.0,0.0,0.0,0.0,0.0,0.9,7.08886169764611e-08,4.428000011102995e-07,0.0
28_28_Central_Atlantic_(1950),SC,0.18,25,0.029511966558754574,0.05365811909218538,0.028247997140988634,0.001263969107687661,0.010731623818437078,0.01341453,0.0,0.0,0.0,Lg. Bathyd. abs,0.0,0.0,0.0,0.0,0.0,0.957170963,3.100782790255163e-10,-1.2850062697938869e-09,0.0
28_28_Central_Atlantic_(1950),SC,0.18,24,0.032007212730000005,0.0581949347850468,0.03092652416753671,0.0010806897702190206,0.011638986957009361,0.014548731,0.0,0.0,0.0,Sm. Bathyd. abs,0.0,0.0,0.0,0.0,0.0,0.966236055,-1.207755728760418e-09,4.098037435437685e-09,0.0
28_28_Central_Atlantic_(1950),SC,0.18,23,0.0030136304000000004,0.00547932783219558,0.0019225564713861983,0.00102711515654528,0.001095865566439116,0.00136983185,6.39589e-05,0.0,0.0,Lg. Bathyd. slp,0.0,1.1512602e-05,5.2446298e-05,6.39589e-05,0.0,0.6591768,-1.2793147834491703e-10,1.5756463408317378e-11,0.0
28_28_Central_Atlantic_(1950),SC,0.18,22,0.005653607665707449,0.010279287244467,0.004260451747794523,0.0012050065457042862,0.0020558574488934002,0.00256982166,0.000188149,0.0,0.0,Sm. Bathyd. slp,0.0,3.386682e-05,0.00015428218,0.000188149,0.0,0.7868606,3.7220863977754926e-10,4.69866151195375e-10,0.0
28_28_Central_Atlantic_(1950),SC,0.18,21,0.006341536224000001,0.011508713888,0.005009813921588745,0.0013317226070399999,0.0023017427776000003,0.00286543486,0.0,0.0,0.0,Lg. Bathyp. fish,0.0,0.0,0.0,0.0,0.0,0.79,-3.046287441049733e-10,2.6399998940412894e-11,0.0
28_28_Central_Atlantic_(1950),SC,0.18,20,0.013441102436,0.020515366876,0.012096991849560989,0.0013441102435999997,0.0041030733752,0.00297118956,0.0,0.0,0.0,Md. Bathyp.fish,0.0,0.0,0.0,0.0,0.0,0.9,3.428390106530177e-10,1.5047999985841332e-09,0.0
28_28_Central_Atlantic_(1950),SC,0.18,19,0.06545771003200002,0.22973138617000002,0.05891193573953475,0.0065457710032,0.04594627723400001,0.118327409,0.0,0.0,0.0,Sm. Bathyp. fish,0.0,0.0,0.0,0.0,0.0,0.9,3.2892652629401553e-09,-1.0095999994352844e-08,0.0
28_28_Central_Atlantic_(1950),SC,0.18,18,12.22519406327412,59.3828355,3.573220730157866,8.651973314709084,11.8765671,35.2810745,0.0,0.0,0.0,Sm. Meso fish,0.0,0.0,0.0,0.0,0.0,0.292283356,1.8407170898626646e-08,-1.6327412311056833e-07,0.0
28_28_Central_Atlantic_(1950),SC,0.18,17,0.0003348901755,0.0079257341535,0.00030140115666829864,3.348901755e-05,0.0015851468307,0.006005697,0.0,0.0,0.0,Lg. Meso fish,0.0,0.0,0.0,0.0,0.0,0.9,1.2817013617973105e-12,1.4729999945478633e-10,0.0
28_28_Central_Atlantic_(1950),SC,0.18,16,2.418293435320515,14.779333033030326,2.1764249584475417,0.24182934353205143,2.9558666066060653,9.405173,3.90985e-05,0.0,0.0,Sm. Epi. fish,0.0,7.037729999999999e-06,3.206077e-05,3.90985e-05,0.0,0.9,3.4840922147338915e-08,-8.896252623458167e-09,0.0
28_28_Central_Atlantic_(1950),SC,0.18,15,0.1059599016,0.7525932498796599,0.09523928587084607,0.010595990159999997,0.150518649975932,0.496114731,0.000124629,0.0,0.0,Md. Epi. fish,0.0,2.243322e-05,0.00010219578,0.000124629,0.0,0.9,-3.4308460655774198e-09,-3.2696272078691635e-08,0.0
28_28_Central_Atlantic_(1950),SC,0.18,14,0.00984495897,0.12697145868897,0.007685239049978655,0.0018705422042999994,0.025394291737794002,0.091732204,0.000289178,0.0,0.0,Lg. Epi. fish,0.0,5.205204e-05,0.00023712596000000004,0.000289178,0.0,0.81,-2.8427865443603206e-10,3.981175999978603e-09,0.0
28_28_Central_Atlantic_(1950),SC,0.18,13,0.00064010414496,0.010287388044000001,6.401041000000001e-05,0.000576093730464,0.0020574776088000003,0.00758980634,0.0,0.0,0.0,Lg. Plank. fish,0.0,0.0,0.0,0.0,0.0,0.09999999999999998,4.496000034943937e-12,-4.9759998205223255e-11,0.0
28_28_Central_Atlantic_(1950),SC,0.18,12,2.1336802558309998e-05,0.00021225354904839998,6.401041000000001e-07,2.0696698481560696e-05,4.245070980968e-05,0.000148466032,0.0,0.0,0.0,Billfishes,0.0,0.0,0.0,0.0,0.0,0.030000000000000027,-2.3250698648292698e-14,4.680409976687977e-12,0.0
28_28_Central_Atlantic_(1950),SC,0.18,11,0.00032651159999999997,0.004353488,6.401041000000001e-07,0.00032587149593018877,0.0008706976,0.00315627875,0.0,0.0,0.0,Swordfish,0.0,0.0,0.0,0.0,0.0,0.0019604328600000276,-3.0188796341229507e-14,5.000000023389073e-11,0.0
28_28_Central_Atlantic_(1950),SC,0.18,10,0.01072980688,0.46030871515199995,0.0017776866754339626,0.008952120234131998,0.09206174303039999,0.357517153,0.0,0.0,0.0,Bigeye,0.0,0.0,0.0,0.0,0.0,0.16567741300000005,-2.9565960790733925e-11,1.2241599955942206e-08,0.0
28_28_Central_Atlantic_(1950),SC,0.18,9,0.0002486316,0.0059671584,9.575327449622515e-05,0.00015287832471324,0.00119343168,0.004525095,0.0,0.0,0.0,Albacore,0.0,0.0,0.0,0.0,0.0,0.3851211,7.90534846785429e-13,1.200000003878654e-10,0.0
28_28_Central_Atlantic_(1950),SC,0.18,8,0.00804781642,0.15322104854,0.001044242037497828,0.007003574237715865,0.030644209707999998,0.114529014,0.0,0.0,0.0,Skipjack,0.0,0.0,0.0,0.0,0.0,0.12975472199999993,1.4478630620817778e-10,8.411999999347053e-09,0.0
28_28_Central_Atlantic_(1950),SC,0.18,7,2.1533975999999998e-06,3.588996e-05,6.401041000000001e-07,6.160445043768214e-07,7.177992e-06,2.655857e-05,8.97249e-07,0.0,0.0,Bluefin,0.0,1.6150482e-07,7.357441800000001e-07,8.97249e-07,0.0,0.713919759,-4.376821679337364e-15,3.999999997569316e-13,0.0
28_28_Central_Atlantic_(1950),SC,0.18,6,0.00010813669999999998,0.00239908993,6.988740116756793e-06,0.00010114795916850798,0.00047981798599999997,0.00181113509,0.0,0.0,0.0,Yellowfin,0.0,0.0,0.0,0.0,0.0,0.06462875999999995,7.147352100358301e-13,1.5400000003516767e-10,0.0
28_28_Central_Atlantic_(1950),SC,0.18,5,0.00249640599,0.06401040999999999,0.0005785155030430785,0.0018723044925,0.012802082,0.048711922,4.5586e-05,0.0,0.0,Pelagic sharks,0.0,8.20548e-06,3.738052e-05,4.5586e-05,0.0,0.25,-5.543078149261582e-12,9.999993888509806e-12,0.0
28_28_Central_Atlantic_(1950),SC,0.18,4,9.79823604992e-06,0.00919899290843,5.857542543244573e-06,3.940693277589222e-06,0.0018397985816859998,0.00734939566,0.0,0.0,0.0,Seabirds,0.0,0.0,0.0,0.0,0.0,0.59781605,2.290862049619249e-13,4.3069408022650135e-10,0.0
28_28_Central_Atlantic_(1950),SC,0.18,3,1.796872e-05,0.007911342611788,5.217438443244573e-06,1.275128168977432e-05,0.0015822685223576003,0.00631110556,0.0,0.0,0.0,Beaked whales,0.0,0.0,0.0,0.0,0.0,0.29036226900000006,-1.330188909053672e-13,-1.9056960089830488e-10,0.0
28_28_Central_Atlantic_(1950),SC,0.18,2,0.00156,0.52174383222,0.0008372185599812127,0.0007227814573199999,0.104348766444,0.415835053,0.0,0.0,0.0,Toothed whales,0.0,0.0,0.0,0.0,0.0,0.536678553,-1.730121276279084e-11,1.2775999980174646e-08,0.0
28_28_Central_Atlantic_(1950),SC,0.18,1,0.0008256798,0.1814176815802857,0.0005485316108812128,0.0002771482068003528,0.036283536316057144,0.144308478,0.0,0.0,0.0,Baleen whales,0.0,0.0,0.0,0.0,0.0,0.664339364,-1.76815656300483e-11,-1.2535771448662913e-08,0.0
28_28_Central_Atlantic_(1950),SM,0.18,39,-0.0,-0.0,0.0,0.0,0.0,0.0,0.0,0.0,0.0,diet_import,0.0,0.0,0.0,0.0,0.0,,-0.0,0.0,0.0
28_28_Central_Atlantic_(1950),SM,0.18,38,2777.873153304656,2777.873153304656,2718.2345000401283,0.0,0.0,0.0,0.0,59.638653264527875,0.0,Detritus,0.0,0.0,0.0,0.0,0.0,1.0,0.0,0.0,0.0
28_28_Central_Atlantic_(1950),SM,0.18,37,2964.2448555,2964.2448555,2304.4126302796485,659.8320120997337,0.0,0.0,0.0,0.0,0.0,Phytoplankton,0.0,0.0,0.0,0.0,0.0,0.777403,0.00021312061790013104,0.0,0.0
28_28_Central_Atlantic_(1950),SM,0.18,36,51.606198899999995,172.02066299999998,3.473465040262137,48.13273376183184,34.4041326,86.01033,0.0,0.0,0.0,Lg. Zoop. deep,0.0,0.0,0.0,0.0,0.0,0.06730712999999999,9.790602462089737e-08,1.499999996212864e-06,0.0
28_28_Central_Atlantic_(1950),SM,0.18,35,326.25349455,1088.1402679500002,136.65760187059252,189.59589687002213,217.62805359000004,544.2587,0.0,0.0,0.0,Sm. Zoop. deep,0.0,0.0,0.0,0.0,0.0,0.41886937599999996,-4.1906146179826465e-06,1.9810000139841577e-05,0.0
28_28_Central_Atlantic_(1950),SM,0.18,34,152.83878554999998,509.4626185,24.764043988060063,128.07474125496339,101.89252370000001,254.731323,0.0,0.0,0.0,Lg. Zoop. shlw,0.0,0.0,0.0,0.0,0.0,0.162027225,3.069765455165907e-07,-1.3749999965284587e-05,0.0
28_28_Central_Atlantic_(1950),SM,0.18,33,1141.8,3808.2000000000003,810.8210994383843,330.97876575719994,761.6400000000001,1904.76,0.0,0.0,0.0,Sm. Zoop. shlw,0.0,0.0,0.0,0.0,0.0,0.710125446,0.00013480441566571244,4.547473508864641e-13,0.0
28_28_Central_Atlantic_(1950),SM,0.18,32,415.91835,563.5749999999999,259.56446880550004,156.35385617274002,112.71499999999999,34.941597,0.0,0.0,0.0,Het. bacteria,0.0,0.0,0.0,0.0,0.0,0.6240755999999998,2.502175988183808e-05,5.2999999965663847e-05,0.0
28_28_Central_Atlantic_(1950),SM,0.18,31,0.43340000000000006,2.6398,0.041626123427598485,0.39177388030000004,0.5279600000000001,1.67843986,0.0,0.0,0.0,Megabenthos,0.0,0.0,0.0,0.0,0.0,0.0960455,-3.72759845213011e-09,1.3999999981528788e-07,0.0
28_28_Central_Atlantic_(1950),SM,0.18,30,0.369,3.6346499999999997,0.09863466851516114,0.270365328792,0.72693,2.53872,0.0,0.0,0.0,Macrobenthos,0.0,0.0,0.0,0.0,0.0,0.26730263200000004,2.6928388408009596e-09,0.0,0.0
28_28_Central_Atlantic_(1950),SM,0.18,29,2.214,22.287599999999998,0.5448121363030838,1.6691878621979999,4.45752,15.6160793,0.0,0.0,0.0,Meiobenthos,0.0,0.0,0.0,0.0,0.0,0.24607594300000002,1.4989161023493125e-09,6.99999999298484e-07,0.0
28_28_Central_Atlantic_(1950),SM,0.18,28,0.012723003955,0.02544600791,0.011450702967616381,0.0012723003954999996,0.005089201582,0.007633802,0.0,0.0,0.0,Benth. ceph.,0.0,0.0,0.0,0.0,0.0,0.9,5.918836185059284e-10,3.729999989432464e-10,0.0
28_28_Central_Atlantic_(1950),SM,0.18,27,0.5644206439999999,4.47855511,0.507978562200084,0.05644206439999998,0.8957110220000001,3.01842356,0.0,0.0,0.0,Lg Squids,0.0,0.0,0.0,0.0,0.0,0.9,1.739991595250956e-08,-1.1599999982792042e-07,0.0
28_28_Central_Atlantic_(1950),SM,0.18,26,1.9626521827999999,15.573218407,1.766386893631383,0.19626521827999993,3.1146436814000005,10.4959221,0.0,0.0,0.0,Sm Squids,0.0,0.0,0.0,0.0,0.0,0.9,7.08886169764611e-08,4.428000011102995e-07,0.0
28_28_Central_Atlantic_(1950),SM,0.18,25,0.029511966558754574,0.05365811909218538,0.028247997140988634,0.001263969107687661,0.010731623818437078,0.01341453,0.0,0.0,0.0,Lg. Bathyd. abs,0.0,0.0,0.0,0.0,0.0,0.957170963,3.100782790255163e-10,-1.2850062697938869e-09,0.0
28_28_Central_Atlantic_(1950),SM,0.18,24,0.032007212730000005,0.0581949347850468,0.03092652416753671,0.0010806897702190206,0.011638986957009361,0.014548731,0.0,0.0,0.0,Sm. Bathyd. abs,0.0,0.0,0.0,0.0,0.0,0.966236055,-1.207755728760418e-09,4.098037435437685e-09,0.0
28_28_Central_Atlantic_(1950),SM,0.18,23,0.0030136304000000004,0.00547932783219558,0.0019225564713861983,0.00103862775854528,0.001095865566439116,0.00136983185,6.39589e-05,0.0,0.0,Lg. Bathyd. slp,0.0,1.1512602e-05,5.2446298e-05,5.2446298e-05,0.0,0.6553566228475529,-1.2793147791123616e-10,1.5756463408317378e-11,0.0
28_28_Central_Atlantic_(1950),SM,0.18,22,0.005653607665707449,0.010279287244467,0.004260451747794523,0.0012388733657042862,0.0020558574488934002,0.00256982166,0.000188149,0.0,0.0,Sm. Bathyd. slp,0.0,3.386682e-05,0.00015428218,0.00015428218,0.0,0.7808702975236852,3.72208640644911e-10,4.69866151195375e-10,0.0
28_28_Central_Atlantic_(1950),SM,0.18,21,0.006341536224000001,0.011508713888,0.005009813921588745,0.0013317226070399999,0.0023017427776000003,0.00286543486,0.0,0.0,0.0,Lg. Bathyp. fish,0.0,0.0,0.0,0.0,0.0,0.79,-3.046287441049733e-10,2.6399998940412894e-11,0.0
28_28_Central_Atlantic_(1950),SM,0.18,20,0.013441102436,0.020515366876,0.012096991849560989,0.0013441102435999997,0.0041030733752,0.00297118956,0.0,0.0,0.0,Md. Bathyp.fish,0.0,0.0,0.0,0.0,0.0,0.9,3.428390106530177e-10,1.5047999985841332e-09,0.0
28_28_Central_Atlantic_(1950),SM,0.18,19,0.06545771003200002,0.22973138617000002,0.05891193573953475,0.0065457710032,0.04594627723400001,0.118327409,0.0,0.0,0.0,Sm. Bathyp. fish,0.0,0.0,0.0,0.0,0.0,0.9,3.2892652629401553e-09,-1.0095999994352844e-08,0.0
28_28_Central_Atlantic_(1950),SM,0.18,18,12.22519406327412,59.3828355,3.573220730157866,8.651973314709084,11.8765671,35.2810745,0.0,0.0,0.0,Sm. Meso fish,0.0,0.0,0.0,0.0,0.0,0.292283356,1.8407170898626646e-08,-1.6327412311056833e-07,0.0
28_28_Central_Atlantic_(1950),SM,0.18,17,0.0003348901755,0.0079257341535,0.00030140115666829864,3.348901755e-05,0.0015851468307,0.006005697,0.0,0.0,0.0,Lg. Meso fish,0.0,0.0,0.0,0.0,0.0,0.9,1.2817013617973105e-12,1.4729999945478633e-10,0.0
28_28_Central_Atlantic_(1950),SM,0.18,16,2.418293435320515,14.779333033030326,2.1764249584475417,0.24183638126205143,2.9558666066060653,9.405173,3.90985e-05,0.0,0.0,Sm. Epi. fish,0.0,7.037729999999999e-06,3.206077e-05,3.206077e-05,0.0,0.899997089794854,3.4840921703249705e-08,-8.896252623458167e-09,0.0
28_28_Central_Atlantic_(1950),SM,0.18,15,0.1059599016,0.7525932498796599,0.09523928587084607,0.010618423379999997,0.150518649975932,0.496114731,0.000124629,0.0,0.0,Md. Epi. fish,0.0,2.243322e-05,0.00010219578,0.00010219578,0.0,0.899788285760356,-3.430846051699632e-09,-3.2696272078691635e-08,0.0
28_28_Central_Atlantic_(1950),SM,0.18,14,0.00984495897,0.12697145868897,0.007685239049978655,0.0019225942442999994,0.025394291737794002,0.091732204,0.000289178,0.0,0.0,Lg. Epi. fish,0.0,5.205204e-05,0.00023712596000000004,0.00023712596000000004,0.0,0.8047128230642083,-2.8427865617075554e-10,3.981175999978603e-09,0.0
28_28_Central_Atlantic_(1950),SM,0.18,13,0.00064010414496,0.010287388044000001,6.401041000000001e-05,0.000576093730464,0.0020574776088000003,0.00758980634,0.0,0.0,0.0,Lg. Plank. fish,0.0,0.0,0.0,0.0,0.0,0.09999999999999998,4.496000034943937e-12,-4.9759998205223255e-11,0.0
28_28_Central_Atlantic_(1950),SM,0.18,12,2.1336802558309998e-05,0.00021225354904839998,6.401041000000001e-07,2.0696698481560696e-05,4.245070980968e-05,0.000148466032,0.0,0.0,0.0,Billfishes,0.0,0.0,0.0,0.0,0.0,0.030000000000000027,-2.3250698648292698e-14,4.680409976687977e-12,0.0
28_28_Central_Atlantic_(1950),SM,0.18,11,0.00032651159999999997,0.004353488,6.401041000000001e-07,0.00032587149593018877,0.0008706976,0.00315627875,0.0,0.0,0.0,Swordfish,0.0,0.0,0.0,0.0,0.0,0.0019604328600000276,-3.0188796341229507e-14,5.000000023389073e-11,0.0
28_28_Central_Atlantic_(1950),SM,0.18,10,0.01072980688,0.46030871515199995,0.0017776866754339626,0.008952120234131998,0.09206174303039999,0.357517153,0.0,0.0,0.0,Bigeye,0.0,0.0,0.0,0.0,0.0,0.16567741300000005,-2.9565960790733925e-11,1.2241599955942206e-08,0.0
28_28_Central_Atlantic_(1950),SM,0.18,9,0.0002486316,0.0059671584,9.575327449622515e-05,0.00015287832471324,0.00119343168,0.004525095,0.0,0.0,0.0,Albacore,0.0,0.0,0.0,0.0,0.0,0.3851211,7.90534846785429e-13,1.200000003878654e-10,0.0
28_28_Central_Atlantic_(1950),SM,0.18,8,0.00804781642,0.15322104854,0.001044242037497828,0.007003574237715865,0.030644209707999998,0.114529014,0.0,0.0,0.0,Skipjack,0.0,0.0,0.0,0.0,0.0,0.12975472199999993,1.4478630620817778e-10,8.411999999347053e-09,0.0
28_28_Central_Atlantic_(1950),SM,0.18,7,2.1533975999999998e-06,3.588996e-05,6.401041000000001e-07,7.775493243768214e-07,7.177992e-06,2.655857e-05,8.97249e-07,0.0,0.0,Bluefin,0.0,1.6150482e-07,7.357441800000001e-07,7.357441800000001e-07,0.0,0.638919759,-4.376821679337364e-15,3.999999997569316e-13,0.0
28_28_Central_Atlantic_(1950),SM,0.18,6,0.00010813669999999998,0.00239908993,6.988740116756793e-06,0.00010114795916850798,0.00047981798599999997,0.00181113509,0.0,0.0,0.0,Yellowfin,0.0,0.0,0.0,0.0,0.0,0.06462875999999995,7.147352100358301e-13,1.5400000003516767e-10,0.0
28_28_Central_Atlantic_(1950),SM,0.18,5,0.00249640599,0.06401040999999999,0.0005785155030430785,0.0018805099725,0.012802082,0.048711922,4.5586e-05,0.0,0.0,Pelagic sharks,0.0,8.20548e-06,3.738052e-05,3.738052e-05,0.0,0.24671308271456283,-5.543078582942451e-12,9.999993888509806e-12,0.0
28_28_Central_Atlantic_(1950),SM,0.18,4,9.79823604992e-06,0.00919899290843,5.857542543244573e-06,3.940693277589222e-06,0.0018397985816859998,0.00734939566,0.0,0.0,0.0,Seabirds,0.0,0.0,0.0,0.0,0.0,0.59781605,2.290862049619249e-13,4.3069408022650135e-10,0.0
28_28_Central_Atlantic_(1950),SM,0.18,3,1.796872e-05,0.007911342611788,5.217438443244573e-06,1.275128168977432e-05,0.0015822685223576003,0.00631110556,0.0,0.0,0.0,Beaked whales,0.0,0.0,0.0,0.0,0.0,0.29036226900000006,-1.330188909053672e-13,-1.9056960089830488e-10,0.0
28_28_Central_Atlantic_(1950),SM,0.18,2,0.00156,0.52174383222,0.0008372185599812127,0.0007227814573199999,0.104348766444,0.415835053,0.0,0.0,0.0,Toothed whales,0.0,0.0,0.0,0.0,0.0,0.536678553,-1.730121276279084e-11,1.2775999980174646e-08,0.0
28_28_Central_Atlantic_(1950),SM,0.18,1,0.0008256798,0.1814176815802857,0.0005485316108812128,0.0002771482068003528,0.036283536316057144,0.144308478,0.0,0.0,0.0,Baleen whales,0.0,0.0,0.0,0.0,0.0,0.664339364,-1.76815656300483e-11,-1.2535771448662913e-08,0.0
28_28_Central_Atlantic_(1950),SE,0.18,39,-0.0,-0.0,0.0,0.0,0.0,0.0,0.0,0.0,0.0,diet_import,0.0,0.0,0.0,0.0,0.0,,-0.0,0.0,0.0
28_28_Central_Atlantic_(1950),SE,0.18,38,2777.8730180352595,2777.8730180352595,2718.2345000401283,0.0,0.0,0.0,0.0,59.638517995131224,0.0,Detritus,0.0,0.0,0.0,0.0,0.0,1.0,0.0,0.0,0.0
28_28_Central_Atlantic_(1950),SE,0.18,37,2964.2448555,2964.2448555,2304.4126302796485,659.8320120997337,0.0,0.0,0.0,0.0,0.0,Phytoplankton,0.0,0.0,0.0,0.0,0.0,0.777403,0.00021312061790013104,0.0,0.0
28_28_Central_Atlantic_(1950),SE,0.18,36,51.606198899999995,172.02066299999998,3.473465040262137,48.13273376183184,34.4041326,86.01033,0.0,0.0,0.0,Lg. Zoop. deep,0.0,0.0,0.0,0.0,0.0,0.06730712999999999,9.790602462089737e-08,1.499999996212864e-06,0.0
28_28_Central_Atlantic_(1950),SE,0.18,35,326.25349455,1088.1402679500002,136.65760187059252,189.59589687002213,217.62805359000004,544.2587,0.0,0.0,0.0,Sm. Zoop. deep,0.0,0.0,0.0,0.0,0.0,0.41886937599999996,-4.1906146179826465e-06,1.9810000139841577e-05,0.0
28_28_Central_Atlantic_(1950),SE,0.18,34,152.83878554999998,509.4626185,24.764043988060063,128.07474125496339,101.89252370000001,254.731323,0.0,0.0,0.0,Lg. Zoop. shlw,0.0,0.0,0.0,0.0,0.0,0.162027225,3.069765455165907e-07,-1.3749999965284587e-05,0.0
28_28_Central_Atlantic_(1950),SE,0.18,33,1141.8,3808.2000000000003,810.8210994383843,330.97876575719994,761.6400000000001,1904.76,0.0,0.0,0.0,Sm. Zoop. shlw,0.0,0.0,0.0,0.0,0.0,0.710125446,0.00013480441566571244,4.547473508864641e-13,0.0
28_28_Central_Atlantic_(1950),SE,0.18,32,415.91835,563.5749999999999,259.56446880550004,156.35385617274002,112.71499999999999,34.941597,0.0,0.0,0.0,Het. bacteria,0.0,0.0,0.0,0.0,0.0,0.6240755999999998,2.502175988183808e-05,5.2999999965663847e-05,0.0
28_28_Central_Atlantic_(1950),SE,0.18,31,0.43340000000000006,2.6398,0.041626123427598485,0.39177388030000004,0.5279600000000001,1.67843986,0.0,0.0,0.0,Megabenthos,0.0,0.0,0.0,0.0,0.0,0.0960455,-3.72759845213011e-09,1.3999999981528788e-07,0.0
28_28_Central_Atlantic_(1950),SE,0.18,30,0.369,3.6346499999999997,0.09863466851516114,0.270365328792,0.72693,2.53872,0.0,0.0,0.0,Macrobenthos,0.0,0.0,0.0,0.0,0.0,0.26730263200000004,2.6928388408009596e-09,0.0,0.0
28_28_Central_Atlantic_(1950),SE,0.18,29,2.214,22.287599999999998,0.5448121363030838,1.6691878621979999,4.45752,15.6160793,0.0,0.0,0.0,Meiobenthos,0.0,0.0,0.0,0.0,0.0,0.24607594300000002,1.4989161023493125e-09,6.99999999298484e-07,0.0
28_28_Central_Atlantic_(1950),SE,0.18,28,0.012723003955,0.02544600791,0.011450702967616381,0.0012723003954999996,0.005089201582,0.007633802,0.0,0.0,0.0,Benth. ceph.,0.0,0.0,0.0,0.0,0.0,0.9,5.918836185059284e-10,3.729999989432464e-10,0.0
28_28_Central_Atlantic_(1950),SE,0.18,27,0.5644206439999999,4.47855511,0.507978562200084,0.05644206439999998,0.8957110220000001,3.01842356,0.0,0.0,0.0,Lg Squids,0.0,0.0,0.0,0.0,0.0,0.9,1.739991595250956e-08,-1.1599999982792042e-07,0.0
28_28_Central_Atlantic_(1950),SE,0.18,26,1.9626521827999999,15.573218407,1.766386893631383,0.19626521827999993,3.1146436814000005,10.4959221,0.0,0.0,0.0,Sm Squids,0.0,0.0,0.0,0.0,0.0,0.9,7.08886169764611e-08,4.428000011102995e-07,0.0
28_28_Central_Atlantic_(1950),SE,0.18,25,0.029511966558754574,0.05365811909218538,0.028247997140988634,0.001263969107687661,0.010731623818437078,0.01341453,0.0,0.0,0.0,Lg. Bathyd. abs,0.0,0.0,0.0,0.0,0.0,0.957170963,3.100782790255163e-10,-1.2850062697938869e-09,0.0
28_28_Central_Atlantic_(1950),SE,0.18,24,0.032007212730000005,0.0581949347850468,0.03092652416753671,0.0010806897702190206,0.011638986957009361,0.014548731,0.0,0.0,0.0,Sm. Bathyd. abs,0.0,0.0,0.0,0.0,0.0,0.966236055,-1.207755728760418e-09,4.098037435437685e-09,0.0
28_28_Central_Atlantic_(1950),SE,0.18,23,0.0030136304000000004,0.00547932783219558,0.0019225564713861983,0.00102711515654528,0.001095865566439116,0.00136983185,6.39589e-05,0.0,0.0,Lg. Bathyd. slp,1.1512602e-05,1.1512602e-05,5.2446298e-05,5.2446298e-05,0.0,0.6591768,-1.2793147834491703e-10,1.5756463408317378e-11,0.0
28_28_Central_Atlantic_(1950),SE,0.18,22,0.005653607665707449,0.010279287244467,0.004260451747794523,0.0012050065457042862,0.0020558574488934002,0.00256982166,0.000188149,0.0,0.0,Sm. Bathyd. slp,3.386682e-05,3.386682e-05,0.00015428218,0.00015428218,0.0,0.7868606,3.72208640644911e-10,4.69866151195375e-10,0.0
28_28_Central_Atlantic_(1950),SE,0.18,21,0.006341536224000001,0.011508713888,0.005009813921588745,0.0013317226070399999,0.0023017427776000003,0.00286543486,0.0,0.0,0.0,Lg. Bathyp. fish,0.0,0.0,0.0,0.0,0.0,0.79,-3.046287441049733e-10,2.6399998940412894e-11,0.0
28_28_Central_Atlantic_(1950),SE,0.18,20,0.013441102436,0.020515366876,0.012096991849560989,0.0013441102435999997,0.0041030733752,0.00297118956,0.0,0.0,0.0,Md. Bathyp.fish,0.0,0.0,0.0,0.0,0.0,0.9,3.428390106530177e-10,1.5047999985841332e-09,0.0
28_28_Central_Atlantic_(1950),SE,0.18,19,0.06545771003200002,0.22973138617000002,0.05891193573953475,0.0065457710032,0.04594627723400001,0.118327409,0.0,0.0,0.0,Sm. Bathyp. fish,0.0,0.0,0.0,0.0,0.0,0.9,3.2892652629401553e-09,-1.0095999994352844e-08,0.0
28_28_Central_Atlantic_(1950),SE,0.18,18,12.22519406327412,59.3828355,3.573220730157866,8.651973314709084,11.8765671,35.2810745,0.0,0.0,0.0,Sm. Meso fish,0.0,0.0,0.0,0.0,0.0,0.292283356,1.8407170898626646e-08,-1.6327412311056833e-07,0.0
28_28_Central_Atlantic_(1950),SE,0.18,17,0.0003348901755,0.0079257341535,0.00030140115666829864,3.348901755e-05,0.0015851468307,0.006005697,0.0,0.0,0.0,Lg. Meso fish,0.0,0.0,0.0,0.0,0.0,0.9,1.2817013617973105e-12,1.4729999945478633e-10,0.0
28_28_Central_Atlantic_(1950),SE,0.18,16,2.418293435320515,14.779333033030326,2.1764249584475417,0.24182934353205143,2.9558666066060653,9.405173,3.90985e-05,0.0,0.0,Sm. Epi. fish,7.037729999999999e-06,7.037729999999999e-06,3.206077e-05,3.206077e-05,0.0,0.9,3.4840921703249705e-08,-8.896252623458167e-09,0.0
28_28_Central_Atlantic_(1950),SE,0.18,15,0.1059599016,0.7525932498796599,0.09523928587084607,0.010595990159999997,0.150518649975932,0.496114731,0.000124629,0.0,0.0,Md. Epi. fish,2.243322e-05,2.243322e-05,0.00010219578,0.00010219578,0.0,0.9,-3.4308460655774198e-09,-3.2696272078691635e-08,0.0
28_28_Central_Atlantic_(1950),SE,0.18,14,0.00984495897,0.12697145868897,0.007685239049978655,0.0018705422042999994,0.025394291737794002,0.091732204,0.000289178,0.0,0.0,Lg. Epi. fish,5.205204e-05,5.205204e-05,0.00023712596000000004,0.00023712596000000004,0.0,0.81,-2.8427865617075554e-10,3.981175999978603e-09,0.0
28_28_Central_Atlantic_(1950),SE,0.18,13,0.00064010414496,0.010287388044000001,6.401041000000001e-05,0.000576093730464,0.0020574776088000003,0.00758980634,0.0,0.0,0.0,Lg. Plank. fish,0.0,0.0,0.0,0.0,0.0,0.09999999999999998,4.496000034943937e-12,-4.9759998205223255e-11,0.0
28_28_Central_Atlantic_(1950),SE,0.18,12,2.1336802558309998e-05,0.00021225354904839998,6.401041000000001e-07,2.0696698481560696e-05,4.245070980968e-05,0.000148466032,0.0,0.0,0.0,Billfishes,0.0,0.0,0.0,0.0,0.0,0.030000000000000027,-2.3250698648292698e-14,4.680409976687977e-12,0.0
28_28_Central_Atlantic_(1950),SE,0.18,11,0.00032651159999999997,0.004353488,6.401041000000001e-07,0.00032587149593018877,0.0008706976,0.00315627875,0.0,0.0,0.0,Swordfish,0.0,0.0,0.0,0.0,0.0,0.0019604328600000276,-3.0188796341229507e-14,5.000000023389073e-11,0.0
28_28_Central_Atlantic_(1950),SE,0.18,10,0.01072980688,0.46030871515199995,0.0017776866754339626,0.008952120234131998,0.09206174303039999,0.357517153,0.0,0.0,0.0,Bigeye,0.0,0.0,0.0,0.0,0.0,0.16567741300000005,-2.9565960790733925e-11,1.2241599955942206e-08,0.0
28_28_Central_Atlantic_(1950),SE,0.18,9,0.0002486316,0.0059671584,9.575327449622515e-05,0.00015287832471324,0.00119343168,0.004525095,0.0,0.0,0.0,Albacore,0.0,0.0,0.0,0.0,0.0,0.3851211,7.90534846785429e-13,1.200000003878654e-10,0.0
28_28_Central_Atlantic_(1950),SE,0.18,8,0.00804781642,0.15322104854,0.001044242037497828,0.007003574237715865,0.030644209707999998,0.114529014,0.0,0.0,0.0,Skipjack,0.0,0.0,0.0,0.0,0.0,0.12975472199999993,1.4478630620817778e-10,8.411999999347053e-09,0.0
28_28_Central_Atlantic_(1950),SE,0.18,7,2.1533975999999998e-06,3.588996e-05,6.401041000000001e-07,6.160445043768214e-07,7.177992e-06,2.655857e-05,8.97249e-07,0.0,0.0,Bluefin,1.6150482e-07,1.6150482e-07,7.357441800000001e-07,7.357441800000001e-07,0.0,0.713919759,-4.376822102853837e-15,3.999999997569316e-13,0.0
28_28_Central_Atlantic_(1950),SE,0.18,6,0.00010813669999999998,0.00239908993,6.988740116756793e-06,0.00010114795916850798,0.00047981798599999997,0.00181113509,0.0,0.0,0.0,Yellowfin,0.0,0.0,0.0,0.0,0.0,0.06462875999999995,7.147352100358301e-13,1.5400000003516767e-10,0.0
28_28_Central_Atlantic_(1950),SE,0.18,5,0.00249640599,0.06401040999999999,0.0005785155030430785,0.0018723044925,0.012802082,0.048711922,4.5586e-05,0.0,0.0,Pelagic sharks,8.20548e-06,8.20548e-06,3.738052e-05,3.738052e-05,0.0,0.25,-5.543078582942451e-12,9.999993888509806e-12,0.0
28_28_Central_Atlantic_(1950),SE,0.18,4,9.79823604992e-06,0.00919899290843,5.857542543244573e-06,3.940693277589222e-06,0.0018397985816859998,0.00734939566,0.0,0.0,0.0,Seabirds,0.0,0.0,0.0,0.0,0.0,0.59781605,2.290862049619249e-13,4.3069408022650135e-10,0.0
28_28_Central_Atlantic_(1950),SE,0.18,3,1.796872e-05,0.007911342611788,5.217438443244573e-06,1.275128168977432e-05,0.0015822685223576003,0.00631110556,0.0,0.0,0.0,Beaked whales,0.0,0.0,0.0,0.0,0.0,0.29036226900000006,-1.330188909053672e-13,-1.9056960089830488e-10,0.0
28_28_Central_Atlantic_(1950),SE,0.18,2,0.00156,0.52174383222,0.0008372185599812127,0.0007227814573199999,0.104348766444,0.415835053,0.0,0.0,0.0,Toothed whales,0.0,0.0,0.0,0.0,0.0,0.536678553,-1.730121276279084e-11,1.2775999980174646e-08,0.0
28_28_Central_Atlantic_(1950),SE,0.18,1,0.0008256798,0.1814176815802857,0.0005485316108812128,0.0002771482068003528,0.036283536316057144,0.144308478,0.0,0.0,0.0,Baleen whales,0.0,0.0,0.0,0.0,0.0,0.664339364,-1.76815656300483e-11,-1.2535771448662913e-08,0.0
28_28_Central_Atlantic_(1950),SC,0.19,39,-0.0,-0.0,0.0,0.0,0.0,0.0,0.0,0.0,0.0,diet_import,0.0,0.0,0.0,0.0,0.0,,-0.0,0.0,0.0
28_28_Central_Atlantic_(1950),SC,0.19,38,2777.8730180352595,2777.8730180352595,2718.2345000401283,0.0,0.0,0.0,0.0,59.638517995131224,0.0,Detritus,0.0,0.0,0.0,0.0,0.0,1.0,0.0,0.0,0.0
28_28_Central_Atlantic_(1950),SC,0.19,37,2964.2448555,2964.2448555,2304.4126302796485,659.8320120997337,0.0,0.0,0.0,0.0,0.0,Phytoplankton,0.0,0.0,0.0,0.0,0.0,0.777403,0.00021312061790013104,0.0,0.0
28_28_Central_Atlantic_(1950),SC,0.19,36,51.606198899999995,172.02066299999998,3.473465040262137,48.13273376183184,34.4041326,86.01033,0.0,0.0,0.0,Lg. Zoop. deep,0.0,0.0,0.0,0.0,0.0,0.06730712999999999,9.790602462089737e-08,1.499999996212864e-06,0.0
28_28_Central_Atlantic_(1950),SC,0.19,35,326.25349455,1088.1402679500002,136.65760187059252,189.59589687002213,217.62805359000004,544.2587,0.0,0.0,0.0,Sm. Zoop. deep,0.0,0.0,0.0,0.0,0.0,0.41886937599999996,-4.1906146179826465e-06,1.9810000139841577e-05,0.0
28_28_Central_Atlantic_(1950),SC,0.19,34,152.83878554999998,509.4626185,24.764043988060063,128.07474125496339,101.89252370000001,254.731323,0.0,0.0,0.0,Lg. Zoop. shlw,0.0,0.0,0.0,0.0,0.0,0.162027225,3.069765455165907e-07,-1.3749999965284587e-05,0.0
28_28_Central_Atlantic_(1950),SC,0.19,33,1141.8,3808.2000000000003,810.8210994383843,330.97876575719994,761.6400000000001,1904.76,0.0,0.0,0.0,Sm. Zoop. shlw,0.0,0.0,0.0,0.0,0.0,0.710125446,0.00013480441566571244,4.547473508864641e-13,0.0
28_28_Central_Atlantic_(1950),SC,0.19,32,415.91835,563.5749999999999,259.56446880550004,156.35385617274002,112.71499999999999,34.941597,0.0,0.0,0.0,Het. bacteria,0.0,0.0,0.0,0.0,0.0,0.6240755999999998,2.502175988183808e-05,5.2999999965663847e-05,0.0
28_28_Central_Atlantic_(1950),SC,0.19,31,0.43340000000000006,2.6398,0.041626123427598485,0.39177388030000004,0.5279600000000001,1.67843986,0.0,0.0,0.0,Megabenthos,0.0,0.0,0.0,0.0,0.0,0.0960455,-3.72759845213011e-09,1.3999999981528788e-07,0.0
28_28_Central_Atlantic_(1950),SC,0.19,30,0.369,3.6346499999999997,0.09863466851516114,0.270365328792,0.72693,2.53872,0.0,0.0,0.0,Macrobenthos,0.0,0.0,0.0,0.0,0.0,0.26730263200000004,2.6928388408009596e-09,0.0,0.0
28_28_Central_Atlantic_(1950),SC,0.19,29,2.214,22.287599999999998,0.5448121363030838,1.6691878621979999,4.45752,15.6160793,0.0,0.0,0.0,Meiobenthos,0.0,0.0,0.0,0.0,0.0,0.24607594300000002,1.4989161023493125e-09,6.99999999298484e-07,0.0
28_28_Central_Atlantic_(1950),SC,0.19,28,0.012723003955,0.02544600791,0.011450702967616381,0.0012723003954999996,0.005089201582,0.007633802,0.0,0.0,0.0,Benth. ceph.,0.0,0.0,0.0,0.0,0.0,0.9,5.918836185059284e-10,3.729999989432464e-10,0.0
28_28_Central_Atlantic_(1950),SC,0.19,27,0.5644206439999999,4.47855511,0.507978562200084,0.05644206439999998,0.8957110220000001,3.01842356,0.0,0.0,0.0,Lg Squids,0.0,0.0,0.0,0.0,0.0,0.9,1.739991595250956e-08,-1.1599999982792042e-07,0.0
28_28_Central_Atlantic_(1950),SC,0.19,26,1.9626521827999999,15.573218407,1.766386893631383,0.19626521827999993,3.1146436814000005,10.4959221,0.0,0.0,0.0,Sm Squids,0.0,0.0,0.0,0.0,0.0,0.9,7.08886169764611e-08,4.428000011102995e-07,0.0
28_28_Central_Atlantic_(1950),SC,0.19,25,0.029511966558754574,0.05365811909218538,0.028247997140988634,0.001263969107687661,0.010731623818437078,0.01341453,0.0,0.0,0.0,Lg. Bathyd. abs,0.0,0.0,0.0,0.0,0.0,0.957170963,3.100782790255163e-10,-1.2850062697938869e-09,0.0
28_28_Central_Atlantic_(1950),SC,0.19,24,0.032007212730000005,0.0581949347850468,0.03092652416753671,0.0010806897702190206,0.011638986957009361,0.014548731,0.0,0.0,0.0,Sm. Bathyd. abs,0.0,0.0,0.0,0.0,0.0,0.966236055,-1.207755728760418e-09,4.098037435437685e-09,0.0
28_28_Central_Atlantic_(1950),SC,0.19,23,0.0030136304000000004,0.00547932783219558,0.0019225564713861983,0.00102711515654528,0.001095865566439116,0.00136983185,6.39589e-05,0.0,0.0,Lg. Bathyd. slp,0.0,1.2152190999999999e-05,5.1806709e-05,6.39589e-05,0.0,0.6591768,-1.2793147834491703e-10,1.5756463408317378e-11,0.0
28_28_Central_Atlantic_(1950),SC,0.19,22,0.005653607665707449,0.010279287244467,0.004260451747794523,0.0012050065457042862,0.0020558574488934002,0.00256982166,0.000188149,0.0,0.0,Sm. Bathyd. slp,0.0,3.574831e-05,0.00015240069000000003,0.000188149,0.0,0.7868606,3.7220863977754926e-10,4.69866151195375e-10,0.0
28_28_Central_Atlantic_(1950),SC,0.19,21,0.006341536224000001,0.011508713888,0.005009813921588745,0.0013317226070399999,0.0023017427776000003,0.00286543486,0.0,0.0,0.0,Lg. Bathyp. fish,0.0,0.0,0.0,0.0,0.0,0.79,-3.046287441049733e-10,2.6399998940412894e-11,0.0
28_28_Central_Atlantic_(1950),SC,0.19,20,0.013441102436,0.020515366876,0.012096991849560989,0.0013441102435999997,0.0041030733752,0.00297118956,0.0,0.0,0.0,Md. Bathyp.fish,0.0,0.0,0.0,0.0,0.0,0.9,3.428390106530177e-10,1.5047999985841332e-09,0.0
28_28_Central_Atlantic_(1950),SC,0.19,19,0.06545771003200002,0.22973138617000002,0.05891193573953475,0.0065457710032,0.04594627723400001,0.118327409,0.0,0.0,0.0,Sm. Bathyp. fish,0.0,0.0,0.0,0.0,0.0,0.9,3.2892652629401553e-09,-1.0095999994352844e-08,0.0
28_28_Central_Atlantic_(1950),SC,0.19,18,12.22519406327412,59.3828355,3.573220730157866,8.651973314709084,11.8765671,35.2810745,0.0,0.0,0.0,Sm. Meso fish,0.0,0.0,0.0,0.0,0.0,0.292283356,1.8407170898626646e-08,-1.6327412311056833e-07,0.0
28_28_Central_Atlantic_(1950),SC,0.19,17,0.0003348901755,0.0079257341535,0.00030140115666829864,3.348901755e-05,0.0015851468307,0.006005697,0.0,0.0,0.0,Lg. Meso fish,0.0,0.0,0.0,0.0,0.0,0.9,1.2817013617973105e-12,1.4729999945478633e-10,0.0
28_28_Central_Atlantic_(1950),SC,0.19,16,2.418293435320515,14.779333033030326,2.1764249584475417,0.24182934353205143,2.9558666066060653,9.405173,3.90985e-05,0.0,0.0,Sm. Epi. fish,0.0,7.428715e-06,3.1669785e-05,3.90985e-05,0.0,0.9,3.4840922147338915e-08,-8.896252623458167e-09,0.0
28_28_Central_Atlantic_(1950),SC,0.19,15,0.1059599016,0.7525932498796599,0.09523928587084607,0.010595990159999997,0.150518649975932,0.496114731,0.000124629,0.0,0.0,Md. Epi. fish,0.0,2.3679509999999996e-05,0.00010094948999999999,0.000124629,0.0,0.9,-3.4308460655774198e-09,-3.2696272078691635e-08,0.0
28_28_Central_Atlantic_(1950),SC,0.19,14,0.00984495897,0.12697145868897,0.007685239049978655,0.0018705422042999994,0.025394291737794002,0.091732204,0.000289178,0.0,0.0,Lg. Epi. fish,0.0,5.494382e-05,0.00023423418000000003,0.000289178,0.0,0.81,-2.8427865443603206e-10,3.981175999978603e-09,0.0
28_28_Central_Atlantic_(1950),SC,0.19,13,0.00064010414496,0.010287388044000001,6.401041000000001e-05,0.000576093730464,0.0020574776088000003,0.00758980634,0.0,0.0,0.0,Lg. Plank. fish,0.0,0.0,0.0,0.0,0.0,0.09999999999999998,4.496000034943937e-12,-4.9759998205223255e-11,0.0
28_28_Central_Atlantic_(1950),SC,0.19,12,2.1336802558309998e-05,0.00021225354904839998,6.401041000000001e-07,2.0696698481560696e-05,4.245070980968e-05,0.000148466032,0.0,0.0,0.0,Billfishes,0.0,0.0,0.0,0.0,0.0,0.030000000000000027,-2.3250698648292698e-14,4.680409976687977e-12,0.0
28_28_Central_Atlantic_(1950),SC,0.19,11,0.00032651159999999997,0.004353488,6.401041000000001e-07,0.00032587149593018877,0.0008706976,0.00315627875,0.0,0.0,0.0,Swordfish,0.0,0.0,0.0,0.0,0.0,0.0019604328600000276,-3.0188796341229507e-14,5.000000023389073e-11,0.0
28_28_Central_Atlantic_(1950),SC,0.19,10,0.01072980688,0.46030871515199995,0.0017776866754339626,0.008952120234131998,0.09206174303039999,0.357517153,0.0,0.0,0.0,Bigeye,0.0,0.0,0.0,0.0,0.0,0.16567741300000005,-2.9565960790733925e-11,1.2241599955942206e-08,0.0
28_28_Central_Atlantic_(1950),SC,0.19,9,0.0002486316,0.0059671584,9.575327449622515e-05,0.00015287832471324,0.00119343168,0.004525095,0.0,0.0,0.0,Albacore,0.0,0.0,0.0,0.0,0.0,0.3851211,7.90534846785429e-13,1.200000003878654e-10,0.0
28_28_Central_Atlantic_(1950),SC,0.19,8,0.00804781642,0.15322104854,0.001044242037497828,0.007003574237715865,0.030644209707999998,0.114529014,0.0,0.0,0.0,Skipjack,0.0,0.0,0.0,0.0,0.0,0.12975472199999993,1.4478630620817778e-10,8.411999999347053e-09,0.0
28_28_Central_Atlantic_(1950),SC,0.19,7,2.1533975999999998e-06,3.588996e-05,6.401041000000001e-07,6.160445043768214e-07,7.177992e-06,2.655857e-05,8.97249e-07,0.0,0.0,Bluefin,0.0,1.7047731e-07,7.267716900000001e-07,8.97249e-07,0.0,0.713919759,-4.376821679337364e-15,3.999999997569316e-13,0.0
28_28_Central_Atlantic_(1950),SC,0.19,6,0.00010813669999999998,0.00239908993,6.988740116756793e-06,0.00010114795916850798,0.00047981798599999997,0.00181113509,0.0,0.0,0.0,Yellowfin,0.0,0.0,0.0,0.0,0.0,0.06462875999999995,7.147352100358301e-13,1.5400000003516767e-10,0.0
28_28_Central_Atlantic_(1950),SC,0.19,5,0.00249640599,0.06401040999999999,0.0005785155030430785,0.0018723044925,0.012802082,0.048711922,4.5586e-05,0.0,0.0,Pelagic sharks,0.0,8.66134e-06,3.692466e-05,4.5586e-05,0.0,0.25,-5.543078149261582e-12,9.999993888509806e-12,0.0
28_28_Central_Atlantic_(1950),SC,0.19,4,9.79823604992e-06,0.00919899290843,5.857542543244573e-06,3.940693277589222e-06,0.0018397985816859998,0.00734939566,0.0,0.0,0.0,Seabirds,0.0,0.0,0.0,0.0,0.0,0.59781605,2.290862049619249e-13,4.3069408022650135e-10,0.0
28_28_Central_Atlantic_(1950),SC,0.19,3,1.796872e-05,0.007911342611788,5.217438443244573e-06,1.275128168977432e-05,0.0015822685223576003,0.00631110556,0.0,0.0,0.0,Beaked whales,0.0,0.0,0.0,0.0,0.0,0.29036226900000006,-1.330188909053672e-13,-1.9056960089830488e-10,0.0
28_28_Central_Atlantic_(1950),SC,0.19,2,0.00156,0.52174383222,0.0008372185599812127,0.0007227814573199999,0.104348766444,0.415835053,0.0,0.0,0.0,Toothed whales,0.0,0.0,0.0,0.0,0.0,0.536678553,-1.730121276279084e-11,1.2775999980174646e-08,0.0
28_28_Central_Atlantic_(1950),SC,0.19,1,0.0008256798,0.1814176815802857,0.0005485316108812128,0.0002771482068003528,0.036283536316057144,0.144308478,0.0,0.0,0.0,Baleen whales,0.0,0.0,0.0,0.0,0.0,0.664339364,-1.76815656300483e-11,-1.2535771448662913e-08,0.0
28_28_Central_Atlantic_(1950),SM,0.19,39,-0.0,-0.0,0.0,0.0,0.0,0.0,0.0,0.0,0.0,diet_import,0.0,0.0,0.0,0.0,0.0,,-0.0,0.0,0.0
28_28_Central_Atlantic_(1950),SM,0.19,38,2777.8731608196226,2777.8731608196226,2718.2345000401283,0.0,0.0,0.0,0.0,59.63866077949433,0.0,Detritus,0.0,0.0,0.0,0.0,0.0,1.0,0.0,0.0,0.0
28_28_Central_Atlantic_(1950),SM,0.19,37,2964.2448555,2964.2448555,2304.4126302796485,659.8320120997337,0.0,0.0,0.0,0.0,0.0,Phytoplankton,0.0,0.0,0.0,0.0,0.0,0.777403,0.00021312061790013104,0.0,0.0
28_28_Central_Atlantic_(1950),SM,0.19,36,51.606198899999995,172.02066299999998,3.473465040262137,48.13273376183184,34.4041326,86.01033,0.0,0.0,0.0,Lg. Zoop. deep,0.0,0.0,0.0,0.0,0.0,0.06730712999999999,9.790602462089737e-08,1.499999996212864e-06,0.0
28_28_Central_Atlantic_(1950),SM,0.19,35,326.25349455,1088.1402679500002,136.65760187059252,189.59589687002213,217.62805359000004,544.2587,0.0,0.0,0.0,Sm. Zoop. deep,0.0,0.0,0.0,0.0,0.0,0.41886937599999996,-4.1906146179826465e-06,1.9810000139841577e-05,0.0
28_28_Central_Atlantic_(1950),SM,0.19,34,152.83878554999998,509.4626185,24.764043988060063,128.07474125496339,101.89252370000001,254.731323,0.0,0.0,0.0,Lg. Zoop. shlw,0.0,0.0,0.0,0.0,0.0,0.162027225,3.069765455165907e-07,-1.3749999965284587e-05,0.0
28_28_Central_Atlantic_(1950),SM,0.19,33,1141.8,3808.2000000000003,810.8210994383843,330.97876575719994,761.6400000000001,1904.76,0.0,0.0,0.0,Sm. Zoop. shlw,0.0,0.0,0.0,0.0,0.0,0.710125446,0.00013480441566571244,4.547473508864641e-13,0.0
28_28_Central_Atlantic_(1950),SM,0.19,32,415.91835,563.5749999999999,259.56446880550004,156.35385617274002,112.71499999999999,34.941597,0.0,0.0,0.0,Het. bacteria,0.0,0.0,0.0,0.0,0.0,0.6240755999999998,2.502175988183808e-05,5.2999999965663847e-05,0.0
28_28_Central_Atlantic_(1950),SM,0.19,31,0.43340000000000006,2.6398,0.041626123427598485,0.39177388030000004,0.5279600000000001,1.67843986,0.0,0.0,0.0,Megabenthos,0.0,0.0,0.0,0.0,0.0,0.0960455,-3.72759845213011e-09,1.3999999981528788e-07,0.0
28_28_Central_Atlantic_(1950),SM,0.19,30,0.369,3.6346499999999997,0.09863466851516114,0.270365328792,0.72693,2.53872,0.0,0.0,0.0,Macrobenthos,0.0,0.0,0.0,0.0,0.0,0.26730263200000004,2.6928388408009596e-09,0.0,0.0
28_28_Central_Atlantic_(1950),SM,0.19,29,2.214,22.287599999999998,0.5448121363030838,1.6691878621979999,4.45752,15.6160793,0.0,0.0,0.0,Meiobenthos,0.0,0.0,0.0,0.0,0.0,0.24607594300000002,1.4989161023493125e-09,6.99999999298484e-07,0.0
28_28_Central_Atlantic_(1950),SM,0.19,28,0.012723003955,0.02544600791,0.011450702967616381,0.0012723003954999996,0.005089201582,0.007633802,0.0,0.0,0.0,Benth. ceph.,0.0,0.0,0.0,0.0,0.0,0.9,5.918836185059284e-10,3.729999989432464e-10,0.0
28_28_Central_Atlantic_(1950),SM,0.19,27,0.5644206439999999,4.47855511,0.507978562200084,0.05644206439999998,0.8957110220000001,3.01842356,0.0,0.0,0.0,Lg Squids,0.0,0.0,0.0,0.0,0.0,0.9,1.739991595250956e-08,-1.1599999982792042e-07,0.0
28_28_Central_Atlantic_(1950),SM,0.19,26,1.9626521827999999,15.573218407,1.766386893631383,0.19626521827999993,3.1146436814000005,10.4959221,0.0,0.0,0.0,Sm Squids,0.0,0.0,0.0,0.0,0.0,0.9,7.08886169764611e-08,4.428000011102995e-07,0.0
28_28_Central_Atlantic_(1950),SM,0.19,25,0.029511966558754574,0.05365811909218538,0.028247997140988634,0.001263969107687661,0.010731623818437078,0.01341453,0.0,0.0,0.0,Lg. Bathyd. abs,0.0,0.0,0.0,0.0,0.0,0.957170963,3.100782790255163e-10,-1.2850062697938869e-09,0.0
28_28_Central_Atlantic_(1950),SM,0.19,24,0.032007212730000005,0.0581949347850468,0.03092652416753671,0.0010806897702190206,0.011638986957009361,0.014548731,0.0,0.0,0.0,Sm. Bathyd. abs,0.0,0.0,0.0,0.0,0.0,0.966236055,-1.207755728760418e-09,4.098037435437685e-09,0.0
28_28_Central_Atlantic_(1950),SM,0.19,23,0.0030136304000000004,0.00547932783219558,0.0019225564713861983,0.00103926734754528,0.001095865566439116,0.00136983185,6.39589e-05,0.0,0.0,Lg. Bathyd. slp,0.0,1.2152190999999999e-05,5.1806709e-05,5.1806709e-05,0.0,0.6551443907835282,-1.2793147791123616e-10,1.5756463408317378e-11,0.0
28_28_Central_Atlantic_(1950),SM,0.19,22,0.005653607665707449,0.010279287244467,0.004260451747794523,0.0012407548557042862,0.0020558574488934002,0.00256982166,0.000188149,0.0,0.0,Sm. Bathyd. slp,0.0,3.574831e-05,0.00015240069000000003,0.00015240069000000003,0.0,0.7805375029416677,3.7220863977754926e-10,4.69866151195375e-10,0.0
28_28_Central_Atlantic_(1950),SM,0.19,21,0.006341536224000001,0.011508713888,0.005009813921588745,0.0013317226070399999,0.0023017427776000003,0.00286543486,0.0,0.0,0.0,Lg. Bathyp. fish,0.0,0.0,0.0,0.0,0.0,0.79,-3.046287441049733e-10,2.6399998940412894e-11,0.0
28_28_Central_Atlantic_(1950),SM,0.19,20,0.013441102436,0.020515366876,0.012096991849560989,0.0013441102435999997,0.0041030733752,0.00297118956,0.0,0.0,0.0,Md. Bathyp.fish,0.0,0.0,0.0,0.0,0.0,0.9,3.428390106530177e-10,1.5047999985841332e-09,0.0
28_28_Central_Atlantic_(1950),SM,0.19,19,0.06545771003200002,0.22973138617000002,0.05891193573953475,0.0065457710032,0.04594627723400001,0.118327409,0.0,0.0,0.0,Sm. Bathyp. fish,0.0,0.0,0.0,0.0,0.0,0.9,3.2892652629401553e-09,-1.0095999994352844e-08,0.0
28_28_Central_Atlantic_(1950),SM,0.19,18,12.22519406327412,59.3828355,3.573220730157866,8.651973314709084,11.8765671,35.2810745,0.0,0.0,0.0,Sm. Meso fish,0.0,0.0,0.0,0.0,0.0,0.292283356,1.8407170898626646e-08,-1.6327412311056833e-07,0.0
28_28_Central_Atlantic_(1950),SM,0.19,17,0.0003348901755,0.0079257341535,0.00030140115666829864,3.348901755e-05,0.0015851468307,0.006005697,0.0,0.0,0.0,Lg. Meso fish,0.0,0.0,0.0,0.0,0.0,0.9,1.2817013617973105e-12,1.4729999945478633e-10,0.0
28_28_Central_Atlantic_(1950),SM,0.19,16,2.418293435320515,14.779333033030326,2.1764249584475417,0.24183677224705144,2.9558666066060653,9.405173,3.90985e-05,0.0,0.0,Sm. Epi. fish,0.0,7.428715e-06,3.1669785e-05,3.1669785e-05,0.0,0.8999969281167903,3.4840922147338915e-08,-8.896252623458167e-09,0.0
28_28_Central_Atlantic_(1950),SM,0.19,15,0.1059599016,0.7525932498796599,0.09523928587084607,0.010619669669999996,0.150518649975932,0.496114731,0.000124629,0.0,0.0,Md. Epi. fish,0.0,2.3679509999999996e-05,0.00010094948999999999,0.00010094948999999999,0.0,0.8997765238581535,-3.4308460655774198e-09,-3.2696272078691635e-08,0.0
28_28_Central_Atlantic_(1950),SM,0.19,14,0.00984495897,0.12697145868897,0.007685239049978655,0.0019254860242999994,0.025394291737794002,0.091732204,0.000289178,0.0,0.0,Lg. Epi. fish,0.0,5.494382e-05,0.00023423418000000003,0.00023423418000000003,0.0,0.8044190910122199,-2.8427865617075554e-10,3.981175999978603e-09,0.0
28_28_Central_Atlantic_(1950),SM,0.19,13,0.00064010414496,0.010287388044000001,6.401041000000001e-05,0.000576093730464,0.0020574776088000003,0.00758980634,0.0,0.0,0.0,Lg. Plank. fish,0.0,0.0,0.0,0.0,0.0,0.09999999999999998,4.496000034943937e-12,-4.9759998205223255e-11,0.0
28_28_Central_Atlantic_(1950),SM,0.19,12,2.1336802558309998e-05,0.00021225354904839998,6.401041000000001e-07,2.0696698481560696e-05,4.245070980968e-05,0.000148466032,0.0,0.0,0.0,Billfishes,0.0,0.0,0.0,0.0,0.0,0.030000000000000027,-2.3250698648292698e-14,4.680409976687977e-12,0.0
28_28_Central_Atlantic_(1950),SM,0.19,11,0.00032651159999999997,0.004353488,6.401041000000001e-07,0.00032587149593018877,0.0008706976,0.00315627875,0.0,0.0,0.0,Swordfish,0.0,0.0,0.0,0.0,0.0,0.0019604328600000276,-3.0188796341229507e-14,5.000000023389073e-11,0.0
28_28_Central_Atlantic_(1950),SM,0.19,10,0.01072980688,0.46030871515199995,0.0017776866754339626,0.008952120234131998,0.09206174303039999,0.357517153,0.0,0.0,0.0,Bigeye,0.0,0.0,0.0,0.0,0.0,0.16567741300000005,-2.9565960790733925e-11,1.2241599955942206e-08,0.0
28_28_Central_Atlantic_(1950),SM,0.19,9,0.0002486316,0.0059671584,9.575327449622515e-05,0.00015287832471324,0.00119343168,0.004525095,0.0,0.0,0.0,Albacore,0.0,0.0,0.0,0.0,0.0,0.3851211,7.90534846785429e-13,1.200000003878654e-10,0.0
28_28_Central_Atlantic_(1950),SM,0.19,8,0.00804781642,0.15322104854,0.001044242037497828,0.007003574237715865,0.030644209707999998,0.114529014,0.0,0.0,0.0,Skipjack,0.0,0.0,0.0,0.0,0.0,0.12975472199999993,1.4478630620817778e-10,8.411999999347053e-09,0.0
28_28_Central_Atlantic_(1950),SM,0.19,7,2.1533975999999998e-06,3.588996e-05,6.401041000000001e-07,7.865218143768214e-07,7.177992e-06,2.655857e-05,8.97249e-07,0.0,0.0,Bluefin,0.0,1.7047731e-07,7.267716900000001e-07,7.267716900000001e-07,0.0,0.6347530923333333,-4.376821679337364e-15,3.999999997569316e-13,0.0
28_28_Central_Atlantic_(1950),SM,0.19,6,0.00010813669999999998,0.00239908993,6.988740116756793e-06,0.00010114795916850798,0.00047981798599999997,0.00181113509,0.0,0.0,0.0,Yellowfin,0.0,0.0,0.0,0.0,0.0,0.06462875999999995,7.147352100358301e-13,1.5400000003516767e-10,0.0
28_28_Central_Atlantic_(1950),SM,0.19,5,0.00249640599,0.06401040999999999,0.0005785155030430785,0.0018809658325,0.012802082,0.048711922,4.5586e-05,0.0,0.0,Pelagic sharks,0.0,8.66134e-06,3.692466e-05,3.692466e-05,0.0,0.24653047619870516,-5.543078582942451e-12,9.999993888509806e-12,0.0
28_28_Central_Atlantic_(1950),SM,0.19,4,9.79823604992e-06,0.00919899290843,5.857542543244573e-06,3.940693277589222e-06,0.0018397985816859998,0.00734939566,0.0,0.0,0.0,Seabirds,0.0,0.0,0.0,0.0,0.0,0.59781605,2.290862049619249e-13,4.3069408022650135e-10,0.0
28_28_Central_Atlantic_(1950),SM,0.19,3,1.796872e-05,0.007911342611788,5.217438443244573e-06,1.275128168977432e-05,0.0015822685223576003,0.00631110556,0.0,0.0,0.0,Beaked whales,0.0,0.0,0.0,0.0,0.0,0.29036226900000006,-1.330188909053672e-13,-1.9056960089830488e-10,0.0
28_28_Central_Atlantic_(1950),SM,0.19,2,0.00156,0.52174383222,0.0008372185599812127,0.0007227814573199999,0.104348766444,0.415835053,0.0,0.0,0.0,Toothed whales,0.0,0.0,0.0,0.0,0.0,0.536678553,-1.730121276279084e-11,1.2775999980174646e-08,0.0
28_28_Central_Atlantic_(1950),SM,0.19,1,0.0008256798,0.1814176815802857,0.0005485316108812128,0.0002771482068003528,0.036283536316057144,0.144308478,0.0,0.0,0.0,Baleen whales,0.0,0.0,0.0,0.0,0.0,0.664339364,-1.76815656300483e-11,-1.2535771448662913e-08,0.0
28_28_Central_Atlantic_(1950),SE,0.19,39,-0.0,-0.0,0.0,0.0,0.0,0.0,0.0,0.0,0.0,diet_import,0.0,0.0,0.0,0.0,0.0,,-0.0,0.0,0.0
28_28_Central_Atlantic_(1950),SE,0.19,38,2777.8730180352595,2777.8730180352595,2718.2345000401283,0.0,0.0,0.0,0.0,59.638517995131224,0.0,Detritus,0.0,0.0,0.0,0.0,0.0,1.0,0.0,0.0,0.0
28_28_Central_Atlantic_(1950),SE,0.19,37,2964.2448555,2964.2448555,2304.4126302796485,659.8320120997337,0.0,0.0,0.0,0.0,0.0,Phytoplankton,0.0,0.0,0.0,0.0,0.0,0.777403,0.00021312061790013104,0.0,0.0
28_28_Central_Atlantic_(1950),SE,0.19,36,51.606198899999995,172.02066299999998,3.473465040262137,48.13273376183184,34.4041326,86.01033,0.0,0.0,0.0,Lg. Zoop. deep,0.0,0.0,0.0,0.0,0.0,0.06730712999999999,9.790602462089737e-08,1.499999996212864e-06,0.0
28_28_Central_Atlantic_(1950),SE,0.19,35,326.25349455,1088.1402679500002,136.65760187059252,189.59589687002213,217.62805359000004,544.2587,0.0,0.0,0.0,Sm. Zoop. deep,0.0,0.0,0.0,0.0,0.0,0.41886937599999996,-4.1906146179826465e-06,1.9810000139841577e-05,0.0
28_28_Central_Atlantic_(1950),SE,0.19,34,152.83878554999998,509.4626185,24.764043988060063,128.07474125496339,101.89252370000001,254.731323,0.0,0.0,0.0,Lg. Zoop. shlw,0.0,0.0,0.0,0.0,0.0,0.162027225,3.069765455165907e-07,-1.3749999965284587e-05,0.0
28_28_Central_Atlantic_(1950),SE,0.19,33,1141.8,3808.2000000000003,810.8210994383843,330.97876575719994,761.6400000000001,1904.76,0.0,0.0,0.0,Sm. Zoop. shlw,0.0,0.0,0.0,0.0,0.0,0.710125446,0.00013480441566571244,4.547473508864641e-13,0.0
28_28_Central_Atlantic_(1950),SE,0.19,32,415.91835,563.5749999999999,259.56446880550004,156.35385617274002,112.71499999999999,34.941597,0.0,0.0,0.0,Het. bacteria,0.0,0.0,0.0,0.0,0.0,0.6240755999999998,2.502175988183808e-05,5.2999999965663847e-05,0.0
28_28_Central_Atlantic_(1950),SE,0.19,31,0.43340000000000006,2.6398,0.041626123427598485,0.39177388030000004,0.5279600000000001,1.67843986,0.0,0.0,0.0,Megabenthos,0.0,0.0,0.0,0.0,0.0,0.0960455,-3.72759845213011e-09,1.3999999981528788e-07,0.0
28_28_Central_Atlantic_(1950),SE,0.19,30,0.369,3.6346499999999997,0.09863466851516114,0.270365328792,0.72693,2.53872,0.0,0.0,0.0,Macrobenthos,0.0,0.0,0.0,0.0,0.0,0.26730263200000004,2.6928388408009596e-09,0.0,0.0
28_28_Central_Atlantic_(1950),SE,0.19,29,2.214,22.287599999999998,0.5448121363030838,1.6691878621979999,4.45752,15.6160793,0.0,0.0,0.0,Meiobenthos,0.0,0.0,0.0,0.0,0.0,0.24607594300000002,1.4989161023493125e-09,6.99999999298484e-07,0.0
28_28_Central_Atlantic_(1950),SE,0.19,28,0.012723003955,0.02544600791,0.011450702967616381,0.0012723003954999996,0.005089201582,0.007633802,0.0,0.0,0.0,Benth. ceph.,0.0,0.0,0.0,0.0,0.0,0.9,5.918836185059284e-10,3.729999989432464e-10,0.0
28_28_Central_Atlantic_(1950),SE,0.19,27,0.5644206439999999,4.47855511,0.507978562200084,0.05644206439999998,0.8957110220000001,3.01842356,0.0,0.0,0.0,Lg Squids,0.0,0.0,0.0,0.0,0.0,0.9,1.739991595250956e-08,-1.1599999982792042e-07,0.0
28_28_Central_Atlantic_(1950),SE,0.19,26,1.9626521827999999,15.573218407,1.766386893631383,0.19626521827999993,3.1146436814000005,10.4959221,0.0,0.0,0.0,Sm Squids,0.0,0.0,0.0,0.0,0.0,0.9,7.08886169764611e-08,4.428000011102995e-07,0.0
28_28_Central_Atlantic_(1950),SE,0.19,25,0.029511966558754574,0.05365811909218538,0.028247997140988634,0.001263969107687661,0.010731623818437078,0.01341453,0.0,0.0,0.0,Lg. Bathyd. abs,0.0,0.0,0.0,0.0,0.0,0.957170963,3.100782790255163e-10,-1.2850062697938869e-09,0.0
28_28_Central_Atlantic_(1950),SE,0.19,24,0.032007212730000005,0.0581949347850468,0.03092652416753671,0.0010806897702190206,0.011638986957009361,0.014548731,0.0,0.0,0.0,Sm. Bathyd. abs,0.0,0.0,0.0,0.0,0.0,0.966236055,-1.207755728760418e-09,4.098037435437685e-09,0.0
28_28_Central_Atlantic_(1950),SE,0.19,23,0.0030136304000000004,0.00547932783219558,0.0019225564713861983,0.00102711515654528,0.001095865566439116,0.00136983185,6.39589e-05,0.0,0.0,Lg. Bathyd. slp,1.2152190999999999e-05,1.2152190999999999e-05,5.1806709e-05,5.1806709e-05,0.0,0.6591768,-1.2793147834491703e-10,1.5756463408317378e-11,0.0
28_28_Central_Atlantic_(1950),SE,0.19,22,0.005653607665707449,0.010279287244467,0.004260451747794523,0.0012050065457042862,0.0020558574488934002,0.00256982166,0.000188149,0.0,0.0,Sm. Bathyd. slp,3.574831e-05,3.574831e-05,0.00015240069000000003,0.00015240069000000003,0.0,0.7868606,3.7220863977754926e-10,4.69866151195375e-10,0.0
28_28_Central_Atlantic_(1950),SE,0.19,21,0.006341536224000001,0.011508713888,0.005009813921588745,0.0013317226070399999,0.0023017427776000003,0.00286543486,0.0,0.0,0.0,Lg. Bathyp. fish,0.0,0.0,0.0,0.0,0.0,0.79,-3.046287441049733e-10,2.6399998940412894e-11,0.0
28_28_Central_Atlantic_(1950),SE,0.19,20,0.013441102436,0.020515366876,0.012096991849560989,0.0013441102435999997,0.0041030733752,0.00297118956,0.0,0.0,0.0,Md. Bathyp.fish,0.0,0.0,0.0,0.0,0.0,0.9,3.428390106530177e-10,1.5047999985841332e-09,0.0
28_28_Central_Atlantic_(1950),SE,0.19,19,0.06545771003200002,0.22973138617000002,0.05891193573953475,0.0065457710032,0.04594627723400001,0.118327409,0.0,0.0,0.0,Sm. Bathyp. fish,0.0,0.0,0.0,0.0,0.0,0.9,3.2892652629401553e-09,-1.0095999994352844e-08,0.0
28_28_Central_Atlantic_(1950),SE,0.19,18,12.22519406327412,59.3828355,3.573220730157866,8.651973314709084,11.8765671,35.2810745,0.0,0.0,0.0,Sm. Meso fish,0.0,0.0,0.0,0.0,0.0,0.292283356,1.8407170898626646e-08,-1.6327412311056833e-07,0.0
28_28_Central_Atlantic_(1950),SE,0.19,17,0.0003348901755,0.0079257341535,0.00030140115666829864,3.348901755e-05,0.0015851468307,0.006005697,0.0,0.0,0.0,Lg. Meso fish,0.0,0.0,0.0,0.0,0.0,0.9,1.2817013617973105e-12,1.4729999945478633e-10,0.0
28_28_Central_Atlantic_(1950),SE,0.19,16,2.418293435320515,14.779333033030326,2.1764249584475417,0.24182934353205143,2.9558666066060653,9.405173,3.90985e-05,0.0,0.0,Sm. Epi. fish,7.428715e-06,7.428715e-06,3.1669785e-05,3.1669785e-05,0.0,0.9,3.4840922147338915e-08,-8.896252623458167e-09,0.0
28_28_Central_Atlantic_(1950),SE,0.19,15,0.1059599016,0.7525932498796599,0.09523928587084607,0.010595990159999997,0.150518649975932,0.496114731,0.000124629,0.0,0.0,Md. Epi. fish,2.3679509999999996e-05,2.3679509999999996e-05,0.00010094948999999999,0.00010094948999999999,0.0,0.9,-3.4308460655774198e-09,-3.2696272078691635e-08,0.0
28_28_Central_Atlantic_(1950),SE,0.19,14,0.00984495897,0.12697145868897,0.007685239049978655,0.0018705422042999994,0.025394291737794002,0.091732204,0.000289178,0.0,0.0,Lg. Epi. fish,5.494382e-05,5.494382e-05,0.00023423418000000003,0.00023423418000000003,0.0,0.81,-2.8427865617075554e-10,3.981175999978603e-09,0.0
28_28_Central_Atlantic_(1950),SE,0.19,13,0.00064010414496,0.010287388044000001,6.401041000000001e-05,0.000576093730464,0.0020574776088000003,0.00758980634,0.0,0.0,0.0,Lg. Plank. fish,0.0,0.0,0.0,0.0,0.0,0.09999999999999998,4.496000034943937e-12,-4.9759998205223255e-11,0.0
28_28_Central_Atlantic_(1950),SE,0.19,12,2.1336802558309998e-05,0.00021225354904839998,6.401041000000001e-07,2.0696698481560696e-05,4.245070980968e-05,0.000148466032,0.0,0.0,0.0,Billfishes,0.0,0.0,0.0,0.0,0.0,0.030000000000000027,-2.3250698648292698e-14,4.680409976687977e-12,0.0
28_28_Central_Atlantic_(1950),SE,0.19,11,0.00032651159999999997,0.004353488,6.401041000000001e-07,0.00032587149593018877,0.0008706976,0.00315627875,0.0,0.0,0.0,Swordfish,0.0,0.0,0.0,0.0,0.0,0.0019604328600000276,-3.0188796341229507e-14,5.000000023389073e-11,0.0
28_28_Central_Atlantic_(1950),SE,0.19,10,0.01072980688,0.46030871515199995,0.0017776866754339626,0.008952120234131998,0.09206174303039999,0.357517153,0.0,0.0,0.0,Bigeye,0.0,0.0,0.0,0.0,0.0,0.16567741300000005,-2.9565960790733925e-11,1.2241599955942206e-08,0.0
28_28_Central_Atlantic_(1950),SE,0.19,9,0.0002486316,0.0059671584,9.575327449622515e-05,0.00015287832471324,0.00119343168,0.004525095,0.0,0.0,0.0,Albacore,0.0,0.0,0.0,0.0,0.0,0.3851211,7.90534846785429e-13,1.200000003878654e-10,0.0
28_28_Central_Atlantic_(1950),SE,0.19,8,0.00804781642,0.15322104854,0.001044242037497828,0.007003574237715865,0.030644209707999998,0.114529014,0.0,0.0,0.0,Skipjack,0.0,0.0,0.0,0.0,0.0,0.12975472199999993,1.4478630620817778e-10,8.411999999347053e-09,0.0
28_28_Central_Atlantic_(1950),SE,0.19,7,2.1533975999999998e-06,3.588996e-05,6.401041000000001e-07,6.160445043768214e-07,7.177992e-06,2.655857e-05,8.97249e-07,0.0,0.0,Bluefin,1.7047731e-07,1.7047731e-07,7.267716900000001e-07,7.267716900000001e-07,0.0,0.713919759,-4.376821679337364e-15,3.999999997569316e-13,0.0
28_28_Central_Atlantic_(1950),SE,0.19,6,0.00010813669999999998,0.00239908993,6.988740116756793e-06,0.00010114795916850798,0.00047981798599999997,0.00181113509,0.0,0.0,0.0,Yellowfin,0.0,0.0,0.0,0.0,0.0,0.06462875999999995,7.147352100358301e-13,1.5400000003516767e-10,0.0
28_28_Central_Atlantic_(1950),SE,0.19,5,0.00249640599,0.06401040999999999,0.0005785155030430785,0.0018723044925,0.012802082,0.048711922,4.5586e-05,0.0,0.0,Pelagic sharks,8.66134e-06,8.66134e-06,3.692466e-05,3.692466e-05,0.0,0.25,-5.543078582942451e-12,9.999993888509806e-12,0.0
28_28_Central_Atlantic_(1950),SE,0.19,4,9.79823604992e-06,0.00919899290843,5.857542543244573e-06,3.940693277589222e-06,0.0018397985816859998,0.00734939566,0.0,0.0,0.0,Seabirds,0.0,0.0,0.0,0.0,0.0,0.59781605,2.290862049619249e-13,4.3069408022650135e-10,0.0
28_28_Central_Atlantic_(1950),SE,0.19,3,1.796872e-05,0.007911342611788,5.217438443244573e-06,1.275128168977432e-05,0.0015822685223576003,0.00631110556,0.0,0.0,0.0,Beaked whales,0.0,0.0,0.0,0.0,0.0,0.29036226900000006,-1.330188909053672e-13,-1.9056960089830488e-10,0.0
28_28_Central_Atlantic_(1950),SE,0.19,2,0.00156,0.52174383222,0.0008372185599812127,0.0007227814573199999,0.104348766444,0.415835053,0.0,0.0,0.0,Toothed whales,0.0,0.0,0.0,0.0,0.0,0.536678553,-1.730121276279084e-11,1.2775999980174646e-08,0.0
28_28_Central_Atlantic_(1950),SE,0.19,1,0.0008256798,0.1814176815802857,0.0005485316108812128,0.0002771482068003528,0.036283536316057144,0.144308478,0.0,0.0,0.0,Baleen whales,0.0,0.0,0.0,0.0,0.0,0.664339364,-1.76815656300483e-11,-1.2535771448662913e-08,0.0
28_28_Central_Atlantic_(1950),SC,0.2,39,-0.0,-0.0,0.0,0.0,0.0,0.0,0.0,0.0,0.0,diet_import,0.0,0.0,0.0,0.0,0.0,,-0.0,0.0,0.0
28_28_Central_Atlantic_(1950),SC,0.2,38,2777.8730180352595,2777.8730180352595,2718.2345000401283,0.0,0.0,0.0,0.0,59.638517995131224,0.0,Detritus,0.0,0.0,0.0,0.0,0.0,1.0,0.0,0.0,0.0
28_28_Central_Atlantic_(1950),SC,0.2,37,2964.2448555,2964.2448555,2304.4126302796485,659.8320120997337,0.0,0.0,0.0,0.0,0.0,Phytoplankton,0.0,0.0,0.0,0.0,0.0,0.777403,0.00021312061790013104,0.0,0.0
28_28_Central_Atlantic_(1950),SC,0.2,36,51.606198899999995,172.02066299999998,3.473465040262137,48.13273376183184,34.4041326,86.01033,0.0,0.0,0.0,Lg. Zoop. deep,0.0,0.0,0.0,0.0,0.0,0.06730712999999999,9.790602462089737e-08,1.499999996212864e-06,0.0
28_28_Central_Atlantic_(1950),SC,0.2,35,326.25349455,1088.1402679500002,136.65760187059252,189.59589687002213,217.62805359000004,544.2587,0.0,0.0,0.0,Sm. Zoop. deep,0.0,0.0,0.0,0.0,0.0,0.41886937599999996,-4.1906146179826465e-06,1.9810000139841577e-05,0.0
28_28_Central_Atlantic_(1950),SC,0.2,34,152.83878554999998,509.4626185,24.764043988060063,128.07474125496339,101.89252370000001,254.731323,0.0,0.0,0.0,Lg. Zoop. shlw,0.0,0.0,0.0,0.0,0.0,0.162027225,3.069765455165907e-07,-1.3749999965284587e-05,0.0
28_28_Central_Atlantic_(1950),SC,0.2,33,1141.8,3808.2000000000003,810.8210994383843,330.97876575719994,761.6400000000001,1904.76,0.0,0.0,0.0,Sm. Zoop. shlw,0.0,0.0,0.0,0.0,0.0,0.710125446,0.00013480441566571244,4.547473508864641e-13,0.0
28_28_Central_Atlantic_(1950),SC,0.2,32,415.91835,563.5749999999999,259.56446880550004,156.35385617274002,112.71499999999999,34.941597,0.0,0.0,0.0,Het. bacteria,0.0,0.0,0.0,0.0,0.0,0.6240755999999998,2.502175988183808e-05,5.2999999965663847e-05,0.0
28_28_Central_Atlantic_(1950),SC,0.2,31,0.43340000000000006,2.6398,0.041626123427598485,0.39177388030000004,0.5279600000000001,1.67843986,0.0,0.0,0.0,Megabenthos,0.0,0.0,0.0,0.0,0.0,0.0960455,-3.72759845213011e-09,1.3999999981528788e-07,0.0
28_28_Central_Atlantic_(1950),SC,0.2,30,0.369,3.6346499999999997,0.09863466851516114,0.270365328792,0.72693,2.53872,0.0,0.0,0.0,Macrobenthos,0.0,0.0,0.0,0.0,0.0,0.26730263200000004,2.6928388408009596e-09,0.0,0.0
28_28_Central_Atlantic_(1950),SC,0.2,29,2.214,22.287599999999998,0.5448121363030838,1.6691878621979999,4.45752,15.6160793,0.0,0.0,0.0,Meiobenthos,0.0,0.0,0.0,0.0,0.0,0.24607594300000002,1.4989161023493125e-09,6.99999999298484e-07,0.0
28_28_Central_Atlantic_(1950),SC,0.2,28,0.012723003955,0.02544600791,0.011450702967616381,0.0012723003954999996,0.005089201582,0.007633802,0.0,0.0,0.0,Benth. ceph.,0.0,0.0,0.0,0.0,0.0,0.9,5.918836185059284e-10,3.729999989432464e-10,0.0
28_28_Central_Atlantic_(1950),SC,0.2,27,0.5644206439999999,4.47855511,0.507978562200084,0.05644206439999998,0.8957110220000001,3.01842356,0.0,0.0,0.0,Lg Squids,0.0,0.0,0.0,0.0,0.0,0.9,1.739991595250956e-08,-1.1599999982792042e-07,0.0
28_28_Central_Atlantic_(1950),SC,0.2,26,1.9626521827999999,15.573218407,1.766386893631383,0.19626521827999993,3.1146436814000005,10.4959221,0.0,0.0,0.0,Sm Squids,0.0,0.0,0.0,0.0,0.0,0.9,7.08886169764611e-08,4.428000011102995e-07,0.0
28_28_Central_Atlantic_(1950),SC,0.2,25,0.029511966558754574,0.05365811909218538,0.028247997140988634,0.001263969107687661,0.010731623818437078,0.01341453,0.0,0.0,0.0,Lg. Bathyd. abs,0.0,0.0,0.0,0.0,0.0,0.957170963,3.100782790255163e-10,-1.2850062697938869e-09,0.0
28_28_Central_Atlantic_(1950),SC,0.2,24,0.032007212730000005,0.0581949347850468,0.03092652416753671,0.0010806897702190206,0.011638986957009361,0.014548731,0.0,0.0,0.0,Sm. Bathyd. abs,0.0,0.0,0.0,0.0,0.0,0.966236055,-1.207755728760418e-09,4.098037435437685e-09,0.0
28_28_Central_Atlantic_(1950),SC,0.2,23,0.0030136304000000004,0.00547932783219558,0.0019225564713861983,0.00102711515654528,0.001095865566439116,0.00136983185,6.39589e-05,0.0,0.0,Lg. Bathyd. slp,0.0,1.279178e-05,5.116712e-05,6.39589e-05,0.0,0.6591768,-1.2793147834491703e-10,1.5756463408317378e-11,0.0
28_28_Central_Atlantic_(1950),SC,0.2,22,0.005653607665707449,0.010279287244467,0.004260451747794523,0.0012050065457042862,0.0020558574488934002,0.00256982166,0.000188149,0.0,0.0,Sm. Bathyd. slp,0.0,3.7629800000000004e-05,0.00015051920000000001,0.000188149,0.0,0.7868606,3.7220863977754926e-10,4.69866151195375e-10,0.0
28_28_Central_Atlantic_(1950),SC,0.2,21,0.006341536224000001,0.011508713888,0.005009813921588745,0.0013317226070399999,0.0023017427776000003,0.00286543486,0.0,0.0,0.0,Lg. Bathyp. fish,0.0,0.0,0.0,0.0,0.0,0.79,-3.046287441049733e-10,2.6399998940412894e-11,0.0
28_28_Central_Atlantic_(1950),SC,0.2,20,0.013441102436,0.020515366876,0.012096991849560989,0.0013441102435999997,0.0041030733752,0.00297118956,0.0,0.0,0.0,Md. Bathyp.fish,0.0,0.0,0.0,0.0,0.0,0.9,3.428390106530177e-10,1.5047999985841332e-09,0.0
28_28_Central_Atlantic_(1950),SC,0.2,19,0.06545771003200002,0.22973138617000002,0.05891193573953475,0.0065457710032,0.04594627723400001,0.118327409,0.0,0.0,0.0,Sm. Bathyp. fish,0.0,0.0,0.0,0.0,0.0,0.9,3.2892652629401553e-09,-1.0095999994352844e-08,0.0
28_28_Central_Atlantic_(1950),SC,0.2,18,12.22519406327412,59.3828355,3.573220730157866,8.651973314709084,11.8765671,35.2810745,0.0,0.0,0.0,Sm. Meso fish,0.0,0.0,0.0,0.0,0.0,0.292283356,1.8407170898626646e-08,-1.6327412311056833e-07,0.0
28_28_Central_Atlantic_(1950),SC,0.2,17,0.0003348901755,0.0079257341535,0.00030140115666829864,3.348901755e-05,0.0015851468307,0.006005697,0.0,0.0,0.0,Lg. Meso fish,0.0,0.0,0.0,0.0,0.0,0.9,1.2817013617973105e-12,1.4729999945478633e-10,0.0
28_28_Central_Atlantic_(1950),SC,0.2,16,2.418293435320515,14.779333033030326,2.1764249584475417,0.24182934353205143,2.9558666066060653,9.405173,3.90985e-05,0.0,0.0,Sm. Epi. fish,0.0,7.8197e-06,3.12788e-05,3.90985e-05,0.0,0.9,3.4840922147338915e-08,-8.896252623458167e-09,0.0
28_28_Central_Atlantic_(1950),SC,0.2,15,0.1059599016,0.7525932498796599,0.09523928587084607,0.010595990159999997,0.150518649975932,0.496114731,0.000124629,0.0,0.0,Md. Epi. fish,0.0,2.4925799999999998e-05,9.970319999999999e-05,0.000124629,0.0,0.9,-3.4308460655774198e-09,-3.2696272078691635e-08,0.0
28_28_Central_Atlantic_(1950),SC,0.2,14,0.00984495897,0.12697145868897,0.007685239049978655,0.0018705422042999994,0.025394291737794002,0.091732204,0.000289178,0.0,0.0,Lg. Epi. fish,0.0,5.7835600000000006e-05,0.00023134240000000002,0.000289178,0.0,0.81,-2.8427865443603206e-10,3.981175999978603e-09,0.0
28_28_Central_Atlantic_(1950),SC,0.2,13,0.00064010414496,0.010287388044000001,6.401041000000001e-05,0.000576093730464,0.0020574776088000003,0.00758980634,0.0,0.0,0.0,Lg. Plank. fish,0.0,0.0,0.0,0.0,0.0,0.09999999999999998,4.496000034943937e-12,-4.9759998205223255e-11,0.0
28_28_Central_Atlantic_(1950),SC,0.2,12,2.1336802558309998e-05,0.00021225354904839998,6.401041000000001e-07,2.0696698481560696e-05,4.245070980968e-05,0.000148466032,0.0,0.0,0.0,Billfishes,0.0,0.0,0.0,0.0,0.0,0.030000000000000027,-2.3250698648292698e-14,4.680409976687977e-12,0.0
28_28_Central_Atlantic_(1950),SC,0.2,11,0.00032651159999999997,0.004353488,6.401041000000001e-07,0.00032587149593018877,0.0008706976,0.00315627875,0.0,0.0,0.0,Swordfish,0.0,0.0,0.0,0.0,0.0,0.0019604328600000276,-3.0188796341229507e-14,5.000000023389073e-11,0.0
28_28_Central_Atlantic_(1950),SC,0.2,10,0.01072980688,0.46030871515199995,0.0017776866754339626,0.008952120234131998,0.09206174303039999,0.357517153,0.0,0.0,0.0,Bigeye,0.0,0.0,0.0,0.0,0.0,0.16567741300000005,-2.9565960790733925e-11,1.2241599955942206e-08,0.0
28_28_Central_Atlantic_(1950),SC,0.2,9,0.0002486316,0.0059671584,9.575327449622515e-05,0.00015287832471324,0.00119343168,0.004525095,0.0,0.0,0.0,Albacore,0.0,0.0,0.0,0.0,0.0,0.3851211,7.90534846785429e-13,1.200000003878654e-10,0.0
28_28_Central_Atlantic_(1950),SC,0.2,8,0.00804781642,0.15322104854,0.001044242037497828,0.007003574237715865,0.030644209707999998,0.114529014,0.0,0.0,0.0,Skipjack,0.0,0.0,0.0,0.0,0.0,0.12975472199999993,1.4478630620817778e-10,8.411999999347053e-09,0.0
28_28_Central_Atlantic_(1950),SC,0.2,7,2.1533975999999998e-06,3.588996e-05,6.401041000000001e-07,6.160445043768214e-07,7.177992e-06,2.655857e-05,8.97249e-07,0.0,0.0,Bluefin,0.0,1.7944980000000002e-07,7.177992000000001e-07,8.97249e-07,0.0,0.713919759,-4.376821679337364e-15,3.999999997569316e-13,0.0
28_28_Central_Atlantic_(1950),SC,0.2,6,0.00010813669999999998,0.00239908993,6.988740116756793e-06,0.00010114795916850798,0.00047981798599999997,0.00181113509,0.0,0.0,0.0,Yellowfin,0.0,0.0,0.0,0.0,0.0,0.06462875999999995,7.147352100358301e-13,1.5400000003516767e-10,0.0
28_28_Central_Atlantic_(1950),SC,0.2,5,0.00249640599,0.06401040999999999,0.0005785155030430785,0.0018723044925,0.012802082,0.048711922,4.5586e-05,0.0,0.0,Pelagic sharks,0.0,9.1172e-06,3.64688e-05,4.5586e-05,0.0,0.25,-5.543078149261582e-12,9.999993888509806e-12,0.0
28_28_Central_Atlantic_(1950),SC,0.2,4,9.79823604992e-06,0.00919899290843,5.857542543244573e-06,3.940693277589222e-06,0.0018397985816859998,0.00734939566,0.0,0.0,0.0,Seabirds,0.0,0.0,0.0,0.0,0.0,0.59781605,2.290862049619249e-13,4.3069408022650135e-10,0.0
28_28_Central_Atlantic_(1950),SC,0.2,3,1.796872e-05,0.007911342611788,5.217438443244573e-06,1.275128168977432e-05,0.0015822685223576003,0.00631110556,0.0,0.0,0.0,Beaked whales,0.0,0.0,0.0,0.0,0.0,0.29036226900000006,-1.330188909053672e-13,-1.9056960089830488e-10,0.0
28_28_Central_Atlantic_(1950),SC,0.2,2,0.00156,0.52174383222,0.0008372185599812127,0.0007227814573199999,0.104348766444,0.415835053,0.0,0.0,0.0,Toothed whales,0.0,0.0,0.0,0.0,0.0,0.536678553,-1.730121276279084e-11,1.2775999980174646e-08,0.0
28_28_Central_Atlantic_(1950),SC,0.2,1,0.0008256798,0.1814176815802857,0.0005485316108812128,0.0002771482068003528,0.036283536316057144,0.144308478,0.0,0.0,0.0,Baleen whales,0.0,0.0,0.0,0.0,0.0,0.664339364,-1.76815656300483e-11,-1.2535771448662913e-08,0.0
28_28_Central_Atlantic_(1950),SM,0.2,39,-0.0,-0.0,0.0,0.0,0.0,0.0,0.0,0.0,0.0,diet_import,0.0,0.0,0.0,0.0,0.0,,-0.0,0.0,0.0
28_28_Central_Atlantic_(1950),SM,0.2,38,2777.8731683345895,2777.8731683345895,2718.2345000401283,0.0,0.0,0.0,0.0,59.63866829446124,0.0,Detritus,0.0,0.0,0.0,0.0,0.0,1.0,0.0,0.0,0.0
28_28_Central_Atlantic_(1950),SM,0.2,37,2964.2448555,2964.2448555,2304.4126302796485,659.8320120997337,0.0,0.0,0.0,0.0,0.0,Phytoplankton,0.0,0.0,0.0,0.0,0.0,0.777403,0.00021312061790013104,0.0,0.0
28_28_Central_Atlantic_(1950),SM,0.2,36,51.606198899999995,172.02066299999998,3.473465040262137,48.13273376183184,34.4041326,86.01033,0.0,0.0,0.0,Lg. Zoop. deep,0.0,0.0,0.0,0.0,0.0,0.06730712999999999,9.790602462089737e-08,1.499999996212864e-06,0.0
28_28_Central_Atlantic_(1950),SM,0.2,35,326.25349455,1088.1402679500002,136.65760187059252,189.59589687002213,217.62805359000004,544.2587,0.0,0.0,0.0,Sm. Zoop. deep,0.0,0.0,0.0,0.0,0.0,0.41886937599999996,-4.1906146179826465e-06,1.9810000139841577e-05,0.0
28_28_Central_Atlantic_(1950),SM,0.2,34,152.83878554999998,509.4626185,24.764043988060063,128.07474125496339,101.89252370000001,254.731323,0.0,0.0,0.0,Lg. Zoop. shlw,0.0,0.0,0.0,0.0,0.0,0.162027225,3.069765455165907e-07,-1.3749999965284587e-05,0.0
28_28_Central_Atlantic_(1950),SM,0.2,33,1141.8,3808.2000000000003,810.8210994383843,330.97876575719994,761.6400000000001,1904.76,0.0,0.0,0.0,Sm. Zoop. shlw,0.0,0.0,0.0,0.0,0.0,0.710125446,0.00013480441566571244,4.547473508864641e-13,0.0
28_28_Central_Atlantic_(1950),SM,0.2,32,415.91835,563.5749999999999,259.56446880550004,156.35385617274002,112.71499999999999,34.941597,0.0,0.0,0.0,Het. bacteria,0.0,0.0,0.0,0.0,0.0,0.6240755999999998,2.502175988183808e-05,5.2999999965663847e-05,0.0
28_28_Central_Atlantic_(1950),SM,0.2,31,0.43340000000000006,2.6398,0.041626123427598485,0.39177388030000004,0.5279600000000001,1.67843986,0.0,0.0,0.0,Megabenthos,0.0,0.0,0.0,0.0,0.0,0.0960455,-3.72759845213011e-09,1.3999999981528788e-07,0.0
28_28_Central_Atlantic_(1950),SM,0.2,30,0.369,3.6346499999999997,0.09863466851516114,0.270365328792,0.72693,2.53872,0.0,0.0,0.0,Macrobenthos,0.0,0.0,0.0,0.0,0.0,0.26730263200000004,2.6928388408009596e-09,0.0,0.0
28_28_Central_Atlantic_(1950),SM,0.2,29,2.214,22.287599999999998,0.5448121363030838,1.6691878621979999,4.45752,15.6160793,0.0,0.0,0.0,Meiobenthos,0.0,0.0,0.0,0.0,0.0,0.24607594300000002,1.4989161023493125e-09,6.99999999298484e-07,0.0
28_28_Central_Atlantic_(1950),SM,0.2,28,0.012723003955,0.02544600791,0.011450702967616381,0.0012723003954999996,0.005089201582,0.007633802,0.0,0.0,0.0,Benth. ceph.,0.0,0.0,0.0,0.0,0.0,0.9,5.918836185059284e-10,3.729999989432464e-10,0.0
28_28_Central_Atlantic_(1950),SM,0.2,27,0.5644206439999999,4.47855511,0.507978562200084,0.05644206439999998,0.8957110220000001,3.01842356,0.0,0.0,0.0,Lg Squids,0.0,0.0,0.0,0.0,0.0,0.9,1.739991595250956e-08,-1.1599999982792042e-07,0.0
28_28_Central_Atlantic_(1950),SM,0.2,26,1.9626521827999999,15.573218407,1.766386893631383,0.19626521827999993,3.1146436814000005,10.4959221,0.0,0.0,0.0,Sm Squids,0.0,0.0,0.0,0.0,0.0,0.9,7.08886169764611e-08,4.428000011102995e-07,0.0
28_28_Central_Atlantic_(1950),SM,0.2,25,0.029511966558754574,0.05365811909218538,0.028247997140988634,0.001263969107687661,0.010731623818437078,0.01341453,0.0,0.0,0.0,Lg. Bathyd. abs,0.0,0.0,0.0,0.0,0.0,0.957170963,3.100782790255163e-10,-1.2850062697938869e-09,0.0
28_28_Central_Atlantic_(1950),SM,0.2,24,0.032007212730000005,0.0581949347850468,0.03092652416753671,0.0010806897702190206,0.011638986957009361,0.014548731,0.0,0.0,0.0,Sm. Bathyd. abs,0.0,0.0,0.0,0.0,0.0,0.966236055,-1.207755728760418e-09,4.098037435437685e-09,0.0
28_28_Central_Atlantic_(1950),SM,0.2,23,0.0030136304000000004,0.00547932783219558,0.0019225564713861983,0.00103990693654528,0.001095865566439116,0.00136983185,6.39589e-05,0.0,0.0,Lg. Bathyd. slp,0.0,1.279178e-05,5.116712e-05,5.116712e-05,0.0,0.6549321587195032,-1.2793147791123616e-10,1.5756463408317378e-11,0.0
28_28_Central_Atlantic_(1950),SM,0.2,22,0.005653607665707449,0.010279287244467,0.004260451747794523,0.0012426363457042862,0.0020558574488934002,0.00256982166,0.000188149,0.0,0.0,Sm. Bathyd. slp,0.0,3.7629800000000004e-05,0.00015051920000000001,0.00015051920000000001,0.0,0.7802047083596502,3.7220863977754926e-10,4.69866151195375e-10,0.0
28_28_Central_Atlantic_(1950),SM,0.2,21,0.006341536224000001,0.011508713888,0.005009813921588745,0.0013317226070399999,0.0023017427776000003,0.00286543486,0.0,0.0,0.0,Lg. Bathyp. fish,0.0,0.0,0.0,0.0,0.0,0.79,-3.046287441049733e-10,2.6399998940412894e-11,0.0
28_28_Central_Atlantic_(1950),SM,0.2,20,0.013441102436,0.020515366876,0.012096991849560989,0.0013441102435999997,0.0041030733752,0.00297118956,0.0,0.0,0.0,Md. Bathyp.fish,0.0,0.0,0.0,0.0,0.0,0.9,3.428390106530177e-10,1.5047999985841332e-09,0.0
28_28_Central_Atlantic_(1950),SM,0.2,19,0.06545771003200002,0.22973138617000002,0.05891193573953475,0.0065457710032,0.04594627723400001,0.118327409,0.0,0.0,0.0,Sm. Bathyp. fish,0.0,0.0,0.0,0.0,0.0,0.9,3.2892652629401553e-09,-1.0095999994352844e-08,0.0
28_28_Central_Atlantic_(1950),SM,0.2,18,12.22519406327412,59.3828355,3.573220730157866,8.651973314709084,11.8765671,35.2810745,0.0,0.0,0.0,Sm. Meso fish,0.0,0.0,0.0,0.0,0.0,0.292283356,1.8407170898626646e-08,-1.6327412311056833e-07,0.0
28_28_Central_Atlantic_(1950),SM,0.2,17,0.0003348901755,0.0079257341535,0.00030140115666829864,3.348901755e-05,0.0015851468307,0.006005697,0.0,0.0,0.0,Lg. Meso fish,0.0,0.0,0.0,0.0,0.0,0.9,1.2817013617973105e-12,1.4729999945478633e-10,0.0
28_28_Central_Atlantic_(1950),SM,0.2,16,2.418293435320515,14.779333033030326,2.1764249584475417,0.24183716323205143,2.9558666066060653,9.405173,3.90985e-05,0.0,0.0,Sm. Epi. fish,0.0,7.8197e-06,3.12788e-05,3.12788e-05,0.0,0.8999967664387267,3.4840922147338915e-08,-8.896252623458167e-09,0.0
28_28_Central_Atlantic_(1950),SM,0.2,15,0.1059599016,0.7525932498796599,0.09523928587084607,0.010620915959999998,0.150518649975932,0.496114731,0.000124629,0.0,0.0,Md. Epi. fish,0.0,2.4925799999999998e-05,9.970319999999999e-05,9.970319999999999e-05,0.0,0.8997647619559511,-3.4308460655774198e-09,-3.2696272078691635e-08,0.0
28_28_Central_Atlantic_(1950),SM,0.2,14,0.00984495897,0.12697145868897,0.007685239049978655,0.0019283778042999994,0.025394291737794002,0.091732204,0.000289178,0.0,0.0,Lg. Epi. fish,0.0,5.7835600000000006e-05,0.00023134240000000002,0.00023134240000000002,0.0,0.8041253589602315,-2.8427865617075554e-10,3.981175999978603e-09,0.0
28_28_Central_Atlantic_(1950),SM,0.2,13,0.00064010414496,0.010287388044000001,6.401041000000001e-05,0.000576093730464,0.0020574776088000003,0.00758980634,0.0,0.0,0.0,Lg. Plank. fish,0.0,0.0,0.0,0.0,0.0,0.09999999999999998,4.496000034943937e-12,-4.9759998205223255e-11,0.0
28_28_Central_Atlantic_(1950),SM,0.2,12,2.1336802558309998e-05,0.00021225354904839998,6.401041000000001e-07,2.0696698481560696e-05,4.245070980968e-05,0.000148466032,0.0,0.0,0.0,Billfishes,0.0,0.0,0.0,0.0,0.0,0.030000000000000027,-2.3250698648292698e-14,4.680409976687977e-12,0.0
28_28_Central_Atlantic_(1950),SM,0.2,11,0.00032651159999999997,0.004353488,6.401041000000001e-07,0.00032587149593018877,0.0008706976,0.00315627875,0.0,0.0,0.0,Swordfish,0.0,0.0,0.0,0.0,0.0,0.0019604328600000276,-3.0188796341229507e-14,5.000000023389073e-11,0.0
28_28_Central_Atlantic_(1950),SM,0.2,10,0.01072980688,0.46030871515199995,0.0017776866754339626,0.008952120234131998,0.09206174303039999,0.357517153,0.0,0.0,0.0,Bigeye,0.0,0.0,0.0,0.0,0.0,0.16567741300000005,-2.9565960790733925e-11,1.2241599955942206e-08,0.0
28_28_Central_Atlantic_(1950),SM,0.2,9,0.0002486316,0.0059671584,9.575327449622515e-05,0.00015287832471324,0.00119343168,0.004525095,0.0,0.0,0.0,Albacore,0.0,0.0,0.0,0.0,0.0,0.3851211,7.90534846785429e-13,1.200000003878654e-10,0.0
28_28_Central_Atlantic_(1950),SM,0.2,8,0.00804781642,0.15322104854,0.001044242037497828,0.007003574237715865,0.030644209707999998,0.114529014,0.0,0.0,0.0,Skipjack,0.0,0.0,0.0,0.0,0.0,0.12975472199999993,1.4478630620817778e-10,8.411999999347053e-09,0.0
28_28_Central_Atlantic_(1950),SM,0.2,7,2.1533975999999998e-06,3.588996e-05,6.401041000000001e-07,7.954943043768215e-07,7.177992e-06,2.655857e-05,8.97249e-07,0.0,0.0,Bluefin,0.0,1.7944980000000002e-07,7.177992000000001e-07,7.177992000000001e-07,0.0,0.6305864256666667,-4.376822102853837e-15,3.999999997569316e-13,0.0
28_28_Central_Atlantic_(1950),SM,0.2,6,0.00010813669999999998,0.00239908993,6.988740116756793e-06,0.00010114795916850798,0.00047981798599999997,0.00181113509,0.0,0.0,0.0,Yellowfin,0.0,0.0,0.0,0.0,0.0,0.06462875999999995,7.147352100358301e-13,1.5400000003516767e-10,0.0
28_28_Central_Atlantic_(1950),SM,0.2,5,0.00249640599,0.06401040999999999,0.0005785155030430785,0.0018814216925,0.012802082,0.048711922,4.5586e-05,0.0,0.0,Pelagic sharks,0.0,9.1172e-06,3.64688e-05,3.64688e-05,0.0,0.2463478696828476,-5.543078149261582e-12,9.999993888509806e-12,0.0
28_28_Central_Atlantic_(1950),SM,0.2,4,9.79823604992e-06,0.00919899290843,5.857542543244573e-06,3.940693277589222e-06,0.0018397985816859998,0.00734939566,0.0,0.0,0.0,Seabirds,0.0,0.0,0.0,0.0,0.0,0.59781605,2.290862049619249e-13,4.3069408022650135e-10,0.0
28_28_Central_Atlantic_(1950),SM,0.2,3,1.796872e-05,0.007911342611788,5.217438443244573e-06,1.275128168977432e-05,0.0015822685223576003,0.00631110556,0.0,0.0,0.0,Beaked whales,0.0,0.0,0.0,0.0,0.0,0.29036226900000006,-1.330188909053672e-13,-1.9056960089830488e-10,0.0
28_28_Central_Atlantic_(1950),SM,0.2,2,0.00156,0.52174383222,0.0008372185599812127,0.0007227814573199999,0.104348766444,0.415835053,0.0,0.0,0.0,Toothed whales,0.0,0.0,0.0,0.0,0.0,0.536678553,-1.730121276279084e-11,1.2775999980174646e-08,0.0
28_28_Central_Atlantic_(1950),SM,0.2,1,0.0008256798,0.1814176815802857,0.0005485316108812128,0.0002771482068003528,0.036283536316057144,0.144308478,0.0,0.0,0.0,Baleen whales,0.0,0.0,0.0,0.0,0.0,0.664339364,-1.76815656300483e-11,-1.2535771448662913e-08,0.0
28_28_Central_Atlantic_(1950),SE,0.2,39,-0.0,-0.0,0.0,0.0,0.0,0.0,0.0,0.0,0.0,diet_import,0.0,0.0,0.0,0.0,0.0,,-0.0,0.0,0.0
28_28_Central_Atlantic_(1950),SE,0.2,38,2777.8730180352595,2777.8730180352595,2718.2345000401283,0.0,0.0,0.0,0.0,59.638517995131224,0.0,Detritus,0.0,0.0,0.0,0.0,0.0,1.0,0.0,0.0,0.0
28_28_Central_Atlantic_(1950),SE,0.2,37,2964.2448555,2964.2448555,2304.4126302796485,659.8320120997337,0.0,0.0,0.0,0.0,0.0,Phytoplankton,0.0,0.0,0.0,0.0,0.0,0.777403,0.00021312061790013104,0.0,0.0
28_28_Central_Atlantic_(1950),SE,0.2,36,51.606198899999995,172.02066299999998,3.473465040262137,48.13273376183184,34.4041326,86.01033,0.0,0.0,0.0,Lg. Zoop. deep,0.0,0.0,0.0,0.0,0.0,0.06730712999999999,9.790602462089737e-08,1.499999996212864e-06,0.0
28_28_Central_Atlantic_(1950),SE,0.2,35,326.25349455,1088.1402679500002,136.65760187059252,189.59589687002213,217.62805359000004,544.2587,0.0,0.0,0.0,Sm. Zoop. deep,0.0,0.0,0.0,0.0,0.0,0.41886937599999996,-4.1906146179826465e-06,1.9810000139841577e-05,0.0
28_28_Central_Atlantic_(1950),SE,0.2,34,152.83878554999998,509.4626185,24.764043988060063,128.07474125496339,101.89252370000001,254.731323,0.0,0.0,0.0,Lg. Zoop. shlw,0.0,0.0,0.0,0.0,0.0,0.162027225,3.069765455165907e-07,-1.3749999965284587e-05,0.0
28_28_Central_Atlantic_(1950),SE,0.2,33,1141.8,3808.2000000000003,810.8210994383843,330.97876575719994,761.6400000000001,1904.76,0.0,0.0,0.0,Sm. Zoop. shlw,0.0,0.0,0.0,0.0,0.0,0.710125446,0.00013480441566571244,4.547473508864641e-13,0.0
28_28_Central_Atlantic_(1950),SE,0.2,32,415.91835,563.5749999999999,259.56446880550004,156.35385617274002,112.71499999999999,34.941597,0.0,0.0,0.0,Het. bacteria,0.0,0.0,0.0,0.0,0.0,0.6240755999999998,2.502175988183808e-05,5.2999999965663847e-05,0.0
28_28_Central_Atlantic_(1950),SE,0.2,31,0.43340000000000006,2.6398,0.041626123427598485,0.39177388030000004,0.5279600000000001,1.67843986,0.0,0.0,0.0,Megabenthos,0.0,0.0,0.0,0.0,0.0,0.0960455,-3.72759845213011e-09,1.3999999981528788e-07,0.0
28_28_Central_Atlantic_(1950),SE,0.2,30,0.369,3.6346499999999997,0.09863466851516114,0.270365328792,0.72693,2.53872,0.0,0.0,0.0,Macrobenthos,0.0,0.0,0.0,0.0,0.0,0.26730263200000004,2.6928388408009596e-09,0.0,0.0
28_28_Central_Atlantic_(1950),SE,0.2,29,2.214,22.287599999999998,0.5448121363030838,1.6691878621979999,4.45752,15.6160793,0.0,0.0,0.0,Meiobenthos,0.0,0.0,0.0,0.0,0.0,0.24607594300000002,1.4989161023493125e-09,6.99999999298484e-07,0.0
28_28_Central_Atlantic_(1950),SE,0.2,28,0.012723003955,0.02544600791,0.011450702967616381,0.0012723003954999996,0.005089201582,0.007633802,0.0,0.0,0.0,Benth. ceph.,0.0,0.0,0.0,0.0,0.0,0.9,5.918836185059284e-10,3.729999989432464e-10,0.0
28_28_Central_Atlantic_(1950),SE,0.2,27,0.5644206439999999,4.47855511,0.507978562200084,0.05644206439999998,0.8957110220000001,3.01842356,0.0,0.0,0.0,Lg Squids,0.0,0.0,0.0,0.0,0.0,0.9,1.739991595250956e-08,-1.1599999982792042e-07,0.0
28_28_Central_Atlantic_(1950),SE,0.2,26,1.9626521827999999,15.573218407,1.766386893631383,0.19626521827999993,3.1146436814000005,10.4959221,0.0,0.0,0.0,Sm Squids,0.0,0.0,0.0,0.0,0.0,0.9,7.08886169764611e-08,4.428000011102995e-07,0.0
28_28_Central_Atlantic_(1950),SE,0.2,25,0.029511966558754574,0.05365811909218538,0.028247997140988634,0.001263969107687661,0.010731623818437078,0.01341453,0.0,0.0,0.0,Lg. Bathyd. abs,0.0,0.0,0.0,0.0,0.0,0.957170963,3.100782790255163e-10,-1.2850062697938869e-09,0.0
28_28_Central_Atlantic_(1950),SE,0.2,24,0.032007212730000005,0.0581949347850468,0.03092652416753671,0.0010806897702190206,0.011638986957009361,0.014548731,0.0,0.0,0.0,Sm. Bathyd. abs,0.0,0.0,0.0,0.0,0.0,0.966236055,-1.207755728760418e-09,4.098037435437685e-09,0.0
28_28_Central_Atlantic_(1950),SE,0.2,23,0.0030136304000000004,0.00547932783219558,0.0019225564713861983,0.00102711515654528,0.001095865566439116,0.00136983185,6.39589e-05,0.0,0.0,Lg. Bathyd. slp,1.279178e-05,1.279178e-05,5.116712e-05,5.116712e-05,0.0,0.6591768,-1.2793147834491703e-10,1.5756463408317378e-11,0.0
28_28_Central_Atlantic_(1950),SE,0.2,22,0.005653607665707449,0.010279287244467,0.004260451747794523,0.0012050065457042862,0.0020558574488934002,0.00256982166,0.000188149,0.0,0.0,Sm. Bathyd. slp,3.7629800000000004e-05,3.7629800000000004e-05,0.00015051920000000001,0.00015051920000000001,0.0,0.7868606,3.7220863977754926e-10,4.69866151195375e-10,0.0
28_28_Central_Atlantic_(1950),SE,0.2,21,0.006341536224000001,0.011508713888,0.005009813921588745,0.0013317226070399999,0.0023017427776000003,0.00286543486,0.0,0.0,0.0,Lg. Bathyp. fish,0.0,0.0,0.0,0.0,0.0,0.79,-3.046287441049733e-10,2.6399998940412894e-11,0.0
28_28_Central_Atlantic_(1950),SE,0.2,20,0.013441102436,0.020515366876,0.012096991849560989,0.0013441102435999997,0.0041030733752,0.00297118956,0.0,0.0,0.0,Md. Bathyp.fish,0.0,0.0,0.0,0.0,0.0,0.9,3.428390106530177e-10,1.5047999985841332e-09,0.0
28_28_Central_Atlantic_(1950),SE,0.2,19,0.06545771003200002,0.22973138617000002,0.05891193573953475,0.0065457710032,0.04594627723400001,0.118327409,0.0,0.0,0.0,Sm. Bathyp. fish,0.0,0.0,0.0,0.0,0.0,0.9,3.2892652629401553e-09,-1.0095999994352844e-08,0.0
28_28_Central_Atlantic_(1950),SE,0.2,18,12.22519406327412,59.3828355,3.573220730157866,8.651973314709084,11.8765671,35.2810745,0.0,0.0,0.0,Sm. Meso fish,0.0,0.0,0.0,0.0,0.0,0.292283356,1.8407170898626646e-08,-1.6327412311056833e-07,0.0
28_28_Central_Atlantic_(1950),SE,0.2,17,0.0003348901755,0.0079257341535,0.00030140115666829864,3.348901755e-05,0.0015851468307,0.006005697,0.0,0.0,0.0,Lg. Meso fish,0.0,0.0,0.0,0.0,0.0,0.9,1.2817013617973105e-12,1.4729999945478633e-10,0.0
28_28_Central_Atlantic_(1950),SE,0.2,16,2.418293435320515,14.779333033030326,2.1764249584475417,0.24182934353205143,2.9558666066060653,9.405173,3.90985e-05,0.0,0.0,Sm. Epi. fish,7.8197e-06,7.8197e-06,3.12788e-05,3.12788e-05,0.0,0.9,3.4840922147338915e-08,-8.896252623458167e-09,0.0
28_28_Central_Atlantic_(1950),SE,0.2,15,0.1059599016,0.7525932498796599,0.09523928587084607,0.010595990159999997,0.150518649975932,0.496114731,0.000124629,0.0,0.0,Md. Epi. fish,2.4925799999999998e-05,2.4925799999999998e-05,9.970319999999999e-05,9.970319999999999e-05,0.0,0.9,-3.4308460655774198e-09,-3.2696272078691635e-08,0.0
28_28_Central_Atlantic_(1950),SE,0.2,14,0.00984495897,0.12697145868897,0.007685239049978655,0.0018705422042999994,0.025394291737794002,0.091732204,0.000289178,0.0,0.0,Lg. Epi. fish,5.7835600000000006e-05,5.7835600000000006e-05,0.00023134240000000002,0.00023134240000000002,0.0,0.81,-2.8427865617075554e-10,3.981175999978603e-09,0.0
28_28_Central_Atlantic_(1950),SE,0.2,13,0.00064010414496,0.010287388044000001,6.401041000000001e-05,0.000576093730464,0.0020574776088000003,0.00758980634,0.0,0.0,0.0,Lg. Plank. fish,0.0,0.0,0.0,0.0,0.0,0.09999999999999998,4.496000034943937e-12,-4.9759998205223255e-11,0.0
28_28_Central_Atlantic_(1950),SE,0.2,12,2.1336802558309998e-05,0.00021225354904839998,6.401041000000001e-07,2.0696698481560696e-05,4.245070980968e-05,0.000148466032,0.0,0.0,0.0,Billfishes,0.0,0.0,0.0,0.0,0.0,0.030000000000000027,-2.3250698648292698e-14,4.680409976687977e-12,0.0
28_28_Central_Atlantic_(1950),SE,0.2,11,0.00032651159999999997,0.004353488,6.401041000000001e-07,0.00032587149593018877,0.0008706976,0.00315627875,0.0,0.0,0.0,Swordfish,0.0,0.0,0.0,0.0,0.0,0.0019604328600000276,-3.0188796341229507e-14,5.000000023389073e-11,0.0
28_28_Central_Atlantic_(1950),SE,0.2,10,0.01072980688,0.46030871515199995,0.0017776866754339626,0.008952120234131998,0.09206174303039999,0.357517153,0.0,0.0,0.0,Bigeye,0.0,0.0,0.0,0.0,0.0,0.16567741300000005,-2.9565960790733925e-11,1.2241599955942206e-08,0.0
28_28_Central_Atlantic_(1950),SE,0.2,9,0.0002486316,0.0059671584,9.575327449622515e-05,0.00015287832471324,0.00119343168,0.004525095,0.0,0.0,0.0,Albacore,0.0,0.0,0.0,0.0,0.0,0.3851211,7.90534846785429e-13,1.200000003878654e-10,0.0
28_28_Central_Atlantic_(1950),SE,0.2,8,0.00804781642,0.15322104854,0.001044242037497828,0.007003574237715865,0.030644209707999998,0.114529014,0.0,0.0,0.0,Skipjack,0.0,0.0,0.0,0.0,0.0,0.12975472199999993,1.4478630620817778e-10,8.411999999347053e-09,0.0
28_28_Central_Atlantic_(1950),SE,0.2,7,2.1533975999999998e-06,3.588996e-05,6.401041000000001e-07,6.160445043768214e-07,7.177992e-06,2.655857e-05,8.97249e-07,0.0,0.0,Bluefin,1.7944980000000002e-07,1.7944980000000002e-07,7.177992000000001e-07,7.177992000000001e-07,0.0,0.713919759,-4.376822102853837e-15,3.999999997569316e-13,0.0
28_28_Central_Atlantic_(1950),SE,0.2,6,0.00010813669999999998,0.00239908993,6.988740116756793e-06,0.00010114795916850798,0.00047981798599999997,0.00181113509,0.0,0.0,0.0,Yellowfin,0.0,0.0,0.0,0.0,0.0,0.06462875999999995,7.147352100358301e-13,1.5400000003516767e-10,0.0
28_28_Central_Atlantic_(1950),SE,0.2,5,0.00249640599,0.06401040999999999,0.0005785155030430785,0.0018723044925,0.012802082,0.048711922,4.5586e-05,0.0,0.0,Pelagic sharks,9.1172e-06,9.1172e-06,3.64688e-05,3.64688e-05,0.0,0.25,-5.543078149261582e-12,9.999993888509806e-12,0.0
28_28_Central_Atlantic_(1950),SE,0.2,4,9.79823604992e-06,0.00919899290843,5.857542543244573e-06,3.940693277589222e-06,0.0018397985816859998,0.00734939566,0.0,0.0,0.0,Seabirds,0.0,0.0,0.0,0.0,0.0,0.59781605,2.290862049619249e-13,4.3069408022650135e-10,0.0
28_28_Central_Atlantic_(1950),SE,0.2,3,1.796872e-05,0.007911342611788,5.217438443244573e-06,1.275128168977432e-05,0.0015822685223576003,0.00631110556,0.0,0.0,0.0,Beaked whales,0.0,0.0,0.0,0.0,0.0,0.29036226900000006,-1.330188909053672e-13,-1.9056960089830488e-10,0.0
28_28_Central_Atlantic_(1950),SE,0.2,2,0.00156,0.52174383222,0.0008372185599812127,0.0007227814573199999,0.104348766444,0.415835053,0.0,0.0,0.0,Toothed whales,0.0,0.0,0.0,0.0,0.0,0.536678553,-1.730121276279084e-11,1.2775999980174646e-08,0.0
28_28_Central_Atlantic_(1950),SE,0.2,1,0.0008256798,0.1814176815802857,0.0005485316108812128,0.0002771482068003528,0.036283536316057144,0.144308478,0.0,0.0,0.0,Baleen whales,0.0,0.0,0.0,0.0,0.0,0.664339364,-1.76815656300483e-11,-1.2535771448662913e-08,0.0
28_28_Central_Atlantic_(1950),SC,0.25,39,-0.0,-0.0,0.0,0.0,0.0,0.0,0.0,0.0,0.0,diet_import,0.0,0.0,0.0,0.0,0.0,,-0.0,0.0,0.0
28_28_Central_Atlantic_(1950),SC,0.25,38,2777.8730180352595,2777.8730180352595,2718.2345000401283,0.0,0.0,0.0,0.0,59.638517995131224,0.0,Detritus,0.0,0.0,0.0,0.0,0.0,1.0,0.0,0.0,0.0
28_28_Central_Atlantic_(1950),SC,0.25,37,2964.2448555,2964.2448555,2304.4126302796485,659.8320120997337,0.0,0.0,0.0,0.0,0.0,Phytoplankton,0.0,0.0,0.0,0.0,0.0,0.777403,0.00021312061790013104,0.0,0.0
28_28_Central_Atlantic_(1950),SC,0.25,36,51.606198899999995,172.02066299999998,3.473465040262137,48.13273376183184,34.4041326,86.01033,0.0,0.0,0.0,Lg. Zoop. deep,0.0,0.0,0.0,0.0,0.0,0.06730712999999999,9.790602462089737e-08,1.499999996212864e-06,0.0
28_28_Central_Atlantic_(1950),SC,0.25,35,326.25349455,1088.1402679500002,136.65760187059252,189.59589687002213,217.62805359000004,544.2587,0.0,0.0,0.0,Sm. Zoop. deep,0.0,0.0,0.0,0.0,0.0,0.41886937599999996,-4.1906146179826465e-06,1.9810000139841577e-05,0.0
28_28_Central_Atlantic_(1950),SC,0.25,34,152.83878554999998,509.4626185,24.764043988060063,128.07474125496339,101.89252370000001,254.731323,0.0,0.0,0.0,Lg. Zoop. shlw,0.0,0.0,0.0,0.0,0.0,0.162027225,3.069765455165907e-07,-1.3749999965284587e-05,0.0
28_28_Central_Atlantic_(1950),SC,0.25,33,1141.8,3808.2000000000003,810.8210994383843,330.97876575719994,761.6400000000001,1904.76,0.0,0.0,0.0,Sm. Zoop. shlw,0.0,0.0,0.0,0.0,0.0,0.710125446,0.00013480441566571244,4.547473508864641e-13,0.0
28_28_Central_Atlantic_(1950),SC,0.25,32,415.91835,563.5749999999999,259.56446880550004,156.35385617274002,112.71499999999999,34.941597,0.0,0.0,0.0,Het. bacteria,0.0,0.0,0.0,0.0,0.0,0.6240755999999998,2.502175988183808e-05,5.2999999965663847e-05,0.0
28_28_Central_Atlantic_(1950),SC,0.25,31,0.43340000000000006,2.6398,0.041626123427598485,0.39177388030000004,0.5279600000000001,1.67843986,0.0,0.0,0.0,Megabenthos,0.0,0.0,0.0,0.0,0.0,0.0960455,-3.72759845213011e-09,1.3999999981528788e-07,0.0
28_28_Central_Atlantic_(1950),SC,0.25,30,0.369,3.6346499999999997,0.09863466851516114,0.270365328792,0.72693,2.53872,0.0,0.0,0.0,Macrobenthos,0.0,0.0,0.0,0.0,0.0,0.26730263200000004,2.6928388408009596e-09,0.0,0.0
28_28_Central_Atlantic_(1950),SC,0.25,29,2.214,22.287599999999998,0.5448121363030838,1.6691878621979999,4.45752,15.6160793,0.0,0.0,0.0,Meiobenthos,0.0,0.0,0.0,0.0,0.0,0.24607594300000002,1.4989161023493125e-09,6.99999999298484e-07,0.0
28_28_Central_Atlantic_(1950),SC,0.25,28,0.012723003955,0.02544600791,0.011450702967616381,0.0012723003954999996,0.005089201582,0.007633802,0.0,0.0,0.0,Benth. ceph.,0.0,0.0,0.0,0.0,0.0,0.9,5.918836185059284e-10,3.729999989432464e-10,0.0
28_28_Central_Atlantic_(1950),SC,0.25,27,0.5644206439999999,4.47855511,0.507978562200084,0.05644206439999998,0.8957110220000001,3.01842356,0.0,0.0,0.0,Lg Squids,0.0,0.0,0.0,0.0,0.0,0.9,1.739991595250956e-08,-1.1599999982792042e-07,0.0
28_28_Central_Atlantic_(1950),SC,0.25,26,1.9626521827999999,15.573218407,1.766386893631383,0.19626521827999993,3.1146436814000005,10.4959221,0.0,0.0,0.0,Sm Squids,0.0,0.0,0.0,0.0,0.0,0.9,7.08886169764611e-08,4.428000011102995e-07,0.0
28_28_Central_Atlantic_(1950),SC,0.25,25,0.029511966558754574,0.05365811909218538,0.028247997140988634,0.001263969107687661,0.010731623818437078,0.01341453,0.0,0.0,0.0,Lg. Bathyd. abs,0.0,0.0,0.0,0.0,0.0,0.957170963,3.100782790255163e-10,-1.2850062697938869e-09,0.0
28_28_Central_Atlantic_(1950),SC,0.25,24,0.032007212730000005,0.0581949347850468,0.03092652416753671,0.0010806897702190206,0.011638986957009361,0.014548731,0.0,0.0,0.0,Sm. Bathyd. abs,0.0,0.0,0.0,0.0,0.0,0.966236055,-1.207755728760418e-09,4.098037435437685e-09,0.0
28_28_Central_Atlantic_(1950),SC,0.25,23,0.0030136304000000004,0.00547932783219558,0.0019225564713861983,0.00102711515654528,0.001095865566439116,0.00136983185,6.39589e-05,0.0,0.0,Lg. Bathyd. slp,0.0,1.5989725e-05,4.796917499999999e-05,6.39589e-05,0.0,0.6591768,-1.2793147834491703e-10,1.5756463408317378e-11,0.0
28_28_Central_Atlantic_(1950),SC,0.25,22,0.005653607665707449,0.010279287244467,0.004260451747794523,0.0012050065457042862,0.0020558574488934002,0.00256982166,0.000188149,0.0,0.0,Sm. Bathyd. slp,0.0,4.703725e-05,0.00014111175,0.000188149,0.0,0.7868606,3.7220863977754926e-10,4.69866151195375e-10,0.0
28_28_Central_Atlantic_(1950),SC,0.25,21,0.006341536224000001,0.011508713888,0.005009813921588745,0.0013317226070399999,0.0023017427776000003,0.00286543486,0.0,0.0,0.0,Lg. Bathyp. fish,0.0,0.0,0.0,0.0,0.0,0.79,-3.046287441049733e-10,2.6399998940412894e-11,0.0
28_28_Central_Atlantic_(1950),SC,0.25,20,0.013441102436,0.020515366876,0.012096991849560989,0.0013441102435999997,0.0041030733752,0.00297118956,0.0,0.0,0.0,Md. Bathyp.fish,0.0,0.0,0.0,0.0,0.0,0.9,3.428390106530177e-10,1.5047999985841332e-09,0.0
28_28_Central_Atlantic_(1950),SC,0.25,19,0.06545771003200002,0.22973138617000002,0.05891193573953475,0.0065457710032,0.04594627723400001,0.118327409,0.0,0.0,0.0,Sm. Bathyp. fish,0.0,0.0,0.0,0.0,0.0,0.9,3.2892652629401553e-09,-1.0095999994352844e-08,0.0
28_28_Central_Atlantic_(1950),SC,0.25,18,12.22519406327412,59.3828355,3.573220730157866,8.651973314709084,11.8765671,35.2810745,0.0,0.0,0.0,Sm. Meso fish,0.0,0.0,0.0,0.0,0.0,0.292283356,1.8407170898626646e-08,-1.6327412311056833e-07,0.0
28_28_Central_Atlantic_(1950),SC,0.25,17,0.0003348901755,0.0079257341535,0.00030140115666829864,3.348901755e-05,0.0015851468307,0.006005697,0.0,0.0,0.0,Lg. Meso fish,0.0,0.0,0.0,0.0,0.0,0.9,1.2817013617973105e-12,1.4729999945478633e-10,0.0
28_28_Central_Atlantic_(1950),SC,0.25,16,2.418293435320515,14.779333033030326,2.1764249584475417,0.24182934353205143,2.9558666066060653,9.405173,3.90985e-05,0.0,0.0,Sm. Epi. fish,0.0,9.774625e-06,2.9323874999999997e-05,3.90985e-05,0.0,0.9,3.4840922147338915e-08,-8.896252623458167e-09,0.0
28_28_Central_Atlantic_(1950),SC,0.25,15,0.1059599016,0.7525932498796599,0.09523928587084607,0.010595990159999997,0.150518649975932,0.496114731,0.000124629,0.0,0.0,Md. Epi. fish,0.0,3.115725e-05,9.347174999999998e-05,0.000124629,0.0,0.9,-3.4308460655774198e-09,-3.2696272078691635e-08,0.0
28_28_Central_Atlantic_(1950),SC,0.25,14,0.00984495897,0.12697145868897,0.007685239049978655,0.0018705422042999994,0.025394291737794002,0.091732204,0.000289178,0.0,0.0,Lg. Epi. fish,0.0,7.22945e-05,0.00021688350000000003,0.000289178,0.0,0.81,-2.8427865443603206e-10,3.981175999978603e-09,0.0
28_28_Central_Atlantic_(1950),SC,0.25,13,0.00064010414496,0.010287388044000001,6.401041000000001e-05,0.000576093730464,0.0020574776088000003,0.00758980634,0.0,0.0,0.0,Lg. Plank. fish,0.0,0.0,0.0,0.0,0.0,0.09999999999999998,4.496000034943937e-12,-4.9759998205223255e-11,0.0
28_28_Central_Atlantic_(1950),SC,0.25,12,2.1336802558309998e-05,0.00021225354904839998,6.401041000000001e-07,2.0696698481560696e-05,4.245070980968e-05,0.000148466032,0.0,0.0,0.0,Billfishes,0.0,0.0,0.0,0.0,0.0,0.030000000000000027,-2.3250698648292698e-14,4.680409976687977e-12,0.0
28_28_Central_Atlantic_(1950),SC,0.25,11,0.00032651159999999997,0.004353488,6.401041000000001e-07,0.00032587149593018877,0.0008706976,0.00315627875,0.0,0.0,0.0,Swordfish,0.0,0.0,0.0,0.0,0.0,0.0019604328600000276,-3.0188796341229507e-14,5.000000023389073e-11,0.0
28_28_Central_Atlantic_(1950),SC,0.25,10,0.01072980688,0.46030871515199995,0.0017776866754339626,0.008952120234131998,0.09206174303039999,0.357517153,0.0,0.0,0.0,Bigeye,0.0,0.0,0.0,0.0,0.0,0.16567741300000005,-2.9565960790733925e-11,1.2241599955942206e-08,0.0
28_28_Central_Atlantic_(1950),SC,0.25,9,0.0002486316,0.0059671584,9.575327449622515e-05,0.00015287832471324,0.00119343168,0.004525095,0.0,0.0,0.0,Albacore,0.0,0.0,0.0,0.0,0.0,0.3851211,7.90534846785429e-13,1.200000003878654e-10,0.0
28_28_Central_Atlantic_(1950),SC,0.25,8,0.00804781642,0.15322104854,0.001044242037497828,0.007003574237715865,0.030644209707999998,0.114529014,0.0,0.0,0.0,Skipjack,0.0,0.0,0.0,0.0,0.0,0.12975472199999993,1.4478630620817778e-10,8.411999999347053e-09,0.0
28_28_Central_Atlantic_(1950),SC,0.25,7,2.1533975999999998e-06,3.588996e-05,6.401041000000001e-07,6.160445043768214e-07,7.177992e-06,2.655857e-05,8.97249e-07,0.0,0.0,Bluefin,0.0,2.2431225e-07,6.729367500000001e-07,8.97249e-07,0.0,0.713919759,-4.376821679337364e-15,3.999999997569316e-13,0.0
28_28_Central_Atlantic_(1950),SC,0.25,6,0.00010813669999999998,0.00239908993,6.988740116756793e-06,0.00010114795916850798,0.00047981798599999997,0.00181113509,0.0,0.0,0.0,Yellowfin,0.0,0.0,0.0,0.0,0.0,0.06462875999999995,7.147352100358301e-13,1.5400000003516767e-10,0.0
28_28_Central_Atlantic_(1950),SC,0.25,5,0.00249640599,0.06401040999999999,0.0005785155030430785,0.0018723044925,0.012802082,0.048711922,4.5586e-05,0.0,0.0,Pelagic sharks,0.0,1.13965e-05,3.41895e-05,4.5586e-05,0.0,0.25,-5.543078149261582e-12,9.999993888509806e-12,0.0
28_28_Central_Atlantic_(1950),SC,0.25,4,9.79823604992e-06,0.00919899290843,5.857542543244573e-06,3.940693277589222e-06,0.0018397985816859998,0.00734939566,0.0,0.0,0.0,Seabirds,0.0,0.0,0.0,0.0,0.0,0.59781605,2.290862049619249e-13,4.3069408022650135e-10,0.0
28_28_Central_Atlantic_(1950),SC,0.25,3,1.796872e-05,0.007911342611788,5.217438443244573e-06,1.275128168977432e-05,0.0015822685223576003,0.00631110556,0.0,0.0,0.0,Beaked whales,0.0,0.0,0.0,0.0,0.0,0.29036226900000006,-1.330188909053672e-13,-1.9056960089830488e-10,0.0
28_28_Central_Atlantic_(1950),SC,0.25,2,0.00156,0.52174383222,0.0008372185599812127,0.0007227814573199999,0.104348766444,0.415835053,0.0,0.0,0.0,Toothed whales,0.0,0.0,0.0,0.0,0.0,0.536678553,-1.730121276279084e-11,1.2775999980174646e-08,0.0
28_28_Central_Atlantic_(1950),SC,0.25,1,0.0008256798,0.1814176815802857,0.0005485316108812128,0.0002771482068003528,0.036283536316057144,0.144308478,0.0,0.0,0.0,Baleen whales,0.0,0.0,0.0,0.0,0.0,0.664339364,-1.76815656300483e-11,-1.2535771448662913e-08,0.0
28_28_Central_Atlantic_(1950),SM,0.25,39,-0.0,-0.0,0.0,0.0,0.0,0.0,0.0,0.0,0.0,diet_import,0.0,0.0,0.0,0.0,0.0,,-0.0,0.0,0.0
28_28_Central_Atlantic_(1950),SM,0.25,38,2777.8732059094214,2777.8732059094214,2718.2345000401283,0.0,0.0,0.0,0.0,59.63870586929306,0.0,Detritus,0.0,0.0,0.0,0.0,0.0,1.0,0.0,0.0,0.0
28_28_Central_Atlantic_(1950),SM,0.25,37,2964.2448555,2964.2448555,2304.4126302796485,659.8320120997337,0.0,0.0,0.0,0.0,0.0,Phytoplankton,0.0,0.0,0.0,0.0,0.0,0.777403,0.00021312061790013104,0.0,0.0
28_28_Central_Atlantic_(1950),SM,0.25,36,51.606198899999995,172.02066299999998,3.473465040262137,48.13273376183184,34.4041326,86.01033,0.0,0.0,0.0,Lg. Zoop. deep,0.0,0.0,0.0,0.0,0.0,0.06730712999999999,9.790602462089737e-08,1.499999996212864e-06,0.0
28_28_Central_Atlantic_(1950),SM,0.25,35,326.25349455,1088.1402679500002,136.65760187059252,189.59589687002213,217.62805359000004,544.2587,0.0,0.0,0.0,Sm. Zoop. deep,0.0,0.0,0.0,0.0,0.0,0.41886937599999996,-4.1906146179826465e-06,1.9810000139841577e-05,0.0
28_28_Central_Atlantic_(1950),SM,0.25,34,152.83878554999998,509.4626185,24.764043988060063,128.07474125496339,101.89252370000001,254.731323,0.0,0.0,0.0,Lg. Zoop. shlw,0.0,0.0,0.0,0.0,0.0,0.162027225,3.069765455165907e-07,-1.3749999965284587e-05,0.0
28_28_Central_Atlantic_(1950),SM,0.25,33,1141.8,3808.2000000000003,810.8210994383843,330.97876575719994,761.6400000000001,1904.76,0.0,0.0,0.0,Sm. Zoop. shlw,0.0,0.0,0.0,0.0,0.0,0.710125446,0.00013480441566571244,4.547473508864641e-13,0.0
28_28_Central_Atlantic_(1950),SM,0.25,32,415.91835,563.5749999999999,259.56446880550004,156.35385617274002,112.71499999999999,34.941597,0.0,0.0,0.0,Het. bacteria,0.0,0.0,0.0,0.0,0.0,0.6240755999999998,2.502175988183808e-05,5.2999999965663847e-05,0.0
28_28_Central_Atlantic_(1950),SM,0.25,31,0.43340000000000006,2.6398,0.041626123427598485,0.39177388030000004,0.5279600000000001,1.67843986,0.0,0.0,0.0,Megabenthos,0.0,0.0,0.0,0.0,0.0,0.0960455,-3.72759845213011e-09,1.3999999981528788e-07,0.0
28_28_Central_Atlantic_(1950),SM,0.25,30,0.369,3.6346499999999997,0.09863466851516114,0.270365328792,0.72693,2.53872,0.0,0.0,0.0,Macrobenthos,0.0,0.0,0.0,0.0,0.0,0.26730263200000004,2.6928388408009596e-09,0.0,0.0
28_28_Central_Atlantic_(1950),SM,0.25,29,2.214,22.287599999999998,0.5448121363030838,1.6691878621979999,4.45752,15.6160793,0.0,0.0,0.0,Meiobenthos,0.0,0.0,0.0,0.0,0.0,0.24607594300000002,1.4989161023493125e-09,6.99999999298484e-07,0.0
28_28_Central_Atlantic_(1950),SM,0.25,28,0.012723003955,0.02544600791,0.011450702967616381,0.0012723003954999996,0.005089201582,0.007633802,0.0,0.0,0.0,Benth. ceph.,0.0,0.0,0.0,0.0,0.0,0.9,5.918836185059284e-10,3.729999989432464e-10,0.0
28_28_Central_Atlantic_(1950),SM,0.25,27,0.5644206439999999,4.47855511,0.507978562200084,0.05644206439999998,0.8957110220000001,3.01842356,0.0,0.0,0.0,Lg Squids,0.0,0.0,0.0,0.0,0.0,0.9,1.739991595250956e-08,-1.1599999982792042e-07,0.0
28_28_Central_Atlantic_(1950),SM,0.25,26,1.9626521827999999,15.573218407,1.766386893631383,0.19626521827999993,3.1146436814000005,10.4959221,0.0,0.0,0.0,Sm Squids,0.0,0.0,0.0,0.0,0.0,0.9,7.08886169764611e-08,4.428000011102995e-07,0.0
28_28_Central_Atlantic_(1950),SM,0.25,25,0.029511966558754574,0.05365811909218538,0.028247997140988634,0.001263969107687661,0.010731623818437078,0.01341453,0.0,0.0,0.0,Lg. Bathyd. abs,0.0,0.0,0.0,0.0,0.0,0.957170963,3.100782790255163e-10,-1.2850062697938869e-09,0.0
28_28_Central_Atlantic_(1950),SM,0.25,24,0.032007212730000005,0.0581949347850468,0.03092652416753671,0.0010806897702190206,0.011638986957009361,0.014548731,0.0,0.0,0.0,Sm. Bathyd. abs,0.0,0.0,0.0,0.0,0.0,0.966236055,-1.207755728760418e-09,4.098037435437685e-09,0.0
28_28_Central_Atlantic_(1950),SM,0.25,23,0.0030136304000000004,0.00547932783219558,0.0019225564713861983,0.0010431048815452801,0.001095865566439116,0.00136983185,6.39589e-05,0.0,0.0,Lg. Bathyd. slp,0.0,1.5989725e-05,4.796917499999999e-05,4.796917499999999e-05,0.0,0.653870998399379,-1.2793147791123616e-10,1.5756463408317378e-11,0.0
28_28_Central_Atlantic_(1950),SM,0.25,22,0.005653607665707449,0.010279287244467,0.004260451747794523,0.0012520437957042863,0.0020558574488934002,0.00256982166,0.000188149,0.0,0.0,Sm. Bathyd. slp,0.0,4.703725e-05,0.00014111175,0.00014111175,0.0,0.7785407354495627,3.7220863977754926e-10,4.69866151195375e-10,0.0
28_28_Central_Atlantic_(1950),SM,0.25,21,0.006341536224000001,0.011508713888,0.005009813921588745,0.0013317226070399999,0.0023017427776000003,0.00286543486,0.0,0.0,0.0,Lg. Bathyp. fish,0.0,0.0,0.0,0.0,0.0,0.79,-3.046287441049733e-10,2.6399998940412894e-11,0.0
28_28_Central_Atlantic_(1950),SM,0.25,20,0.013441102436,0.020515366876,0.012096991849560989,0.0013441102435999997,0.0041030733752,0.00297118956,0.0,0.0,0.0,Md. Bathyp.fish,0.0,0.0,0.0,0.0,0.0,0.9,3.428390106530177e-10,1.5047999985841332e-09,0.0
28_28_Central_Atlantic_(1950),SM,0.25,19,0.06545771003200002,0.22973138617000002,0.05891193573953475,0.0065457710032,0.04594627723400001,0.118327409,0.0,0.0,0.0,Sm. Bathyp. fish,0.0,0.0,0.0,0.0,0.0,0.9,3.2892652629401553e-09,-1.0095999994352844e-08,0.0
28_28_Central_Atlantic_(1950),SM,0.25,18,12.22519406327412,59.3828355,3.573220730157866,8.651973314709084,11.8765671,35.2810745,0.0,0.0,0.0,Sm. Meso fish,0.0,0.0,0.0,0.0,0.0,0.292283356,1.8407170898626646e-08,-1.6327412311056833e-07,0.0
28_28_Central_Atlantic_(1950),SM,0.25,17,0.0003348901755,0.0079257341535,0.00030140115666829864,3.348901755e-05,0.0015851468307,0.006005697,0.0,0.0,0.0,Lg. Meso fish,0.0,0.0,0.0,0.0,0.0,0.9,1.2817013617973105e-12,1.4729999945478633e-10,0.0
28_28_Central_Atlantic_(1950),SM,0.25,16,2.418293435320515,14.779333033030326,2.1764249584475417,0.24183911815705142,2.9558666066060653,9.405173,3.90985e-05,0.0,0.0,Sm. Epi. fish,0.0,9.774625e-06,2.9323874999999997e-05,2.9323874999999997e-05,0.0,0.8999959580484084,3.4840921703249705e-08,-8.896252623458167e-09,0.0
28_28_Central_Atlantic_(1950),SM,0.25,15,0.1059599016,0.7525932498796599,0.09523928587084607,0.010627147409999997,0.150518649975932,0.496114731,0.000124629,0.0,0.0,Md. Epi. fish,0.0,3.115725e-05,9.347174999999998e-05,9.347174999999998e-05,0.0,0.8997059524449389,-3.4308460655774198e-09,-3.2696272078691635e-08,0.0
28_28_Central_Atlantic_(1950),SM,0.25,14,0.00984495897,0.12697145868897,0.007685239049978655,0.0019428367042999995,0.025394291737794002,0.091732204,0.000289178,0.0,0.0,Lg. Epi. fish,0.0,7.22945e-05,0.00021688350000000003,0.00021688350000000003,0.0,0.8026566987002893,-2.8427865617075554e-10,3.981175999978603e-09,0.0
28_28_Central_Atlantic_(1950),SM,0.25,13,0.00064010414496,0.010287388044000001,6.401041000000001e-05,0.000576093730464,0.0020574776088000003,0.00758980634,0.0,0.0,0.0,Lg. Plank. fish,0.0,0.0,0.0,0.0,0.0,0.09999999999999998,4.496000034943937e-12,-4.9759998205223255e-11,0.0
28_28_Central_Atlantic_(1950),SM,0.25,12,2.1336802558309998e-05,0.00021225354904839998,6.401041000000001e-07,2.0696698481560696e-05,4.245070980968e-05,0.000148466032,0.0,0.0,0.0,Billfishes,0.0,0.0,0.0,0.0,0.0,0.030000000000000027,-2.3250698648292698e-14,4.680409976687977e-12,0.0
28_28_Central_Atlantic_(1950),SM,0.25,11,0.00032651159999999997,0.004353488,6.401041000000001e-07,0.00032587149593018877,0.0008706976,0.00315627875,0.0,0.0,0.0,Swordfish,0.0,0.0,0.0,0.0,0.0,0.0019604328600000276,-3.0188796341229507e-14,5.000000023389073e-11,0.0
28_28_Central_Atlantic_(1950),SM,0.25,10,0.01072980688,0.46030871515199995,0.0017776866754339626,0.008952120234131998,0.09206174303039999,0.357517153,0.0,0.0,0.0,Bigeye,0.0,0.0,0.0,0.0,0.0,0.16567741300000005,-2.9565960790733925e-11,1.2241599955942206e-08,0.0
28_28_Central_Atlantic_(1950),SM,0.25,9,0.0002486316,0.0059671584,9.575327449622515e-05,0.00015287832471324,0.00119343168,0.004525095,0.0,0.0,0.0,Albacore,0.0,0.0,0.0,0.0,0.0,0.3851211,7.90534846785429e-13,1.200000003878654e-10,0.0
28_28_Central_Atlantic_(1950),SM,0.25,8,0.00804781642,0.15322104854,0.001044242037497828,0.007003574237715865,0.030644209707999998,0.114529014,0.0,0.0,0.0,Skipjack,0.0,0.0,0.0,0.0,0.0,0.12975472199999993,1.4478630620817778e-10,8.411999999347053e-09,0.0
28_28_Central_Atlantic_(1950),SM,0.25,7,2.1533975999999998e-06,3.588996e-05,6.401041000000001e-07,8.403567543768214e-07,7.177992e-06,2.655857e-05,8.97249e-07,0.0,0.0,Bluefin,0.0,2.2431225e-07,6.729367500000001e-07,6.729367500000001e-07,0.0,0.6097530923333334,-4.376821679337364e-15,3.999999997569316e-13,0.0
28_28_Central_Atlantic_(1950),SM,0.25,6,0.00010813669999999998,0.00239908993,6.988740116756793e-06,0.00010114795916850798,0.00047981798599999997,0.00181113509,0.0,0.0,0.0,Yellowfin,0.0,0.0,0.0,0.0,0.0,0.06462875999999995,7.147352100358301e-13,1.5400000003516767e-10,0.0
28_28_Central_Atlantic_(1950),SM,0.25,5,0.00249640599,0.06401040999999999,0.0005785155030430785,0.0018837009925,0.012802082,0.048711922,4.5586e-05,0.0,0.0,Pelagic sharks,0.0,1.13965e-05,3.41895e-05,3.41895e-05,0.0,0.2454348371035594,-5.543078582942451e-12,9.999993888509806e-12,0.0
28_28_Central_Atlantic_(1950),SM,0.25,4,9.79823604992e-06,0.00919899290843,5.857542543244573e-06,3.940693277589222e-06,0.0018397985816859998,0.00734939566,0.0,0.0,0.0,Seabirds,0.0,0.0,0.0,0.0,0.0,0.59781605,2.290862049619249e-13,4.3069408022650135e-10,0.0
28_28_Central_Atlantic_(1950),SM,0.25,3,1.796872e-05,0.007911342611788,5.217438443244573e-06,1.275128168977432e-05,0.0015822685223576003,0.00631110556,0.0,0.0,0.0,Beaked whales,0.0,0.0,0.0,0.0,0.0,0.29036226900000006,-1.330188909053672e-13,-1.9056960089830488e-10,0.0
28_28_Central_Atlantic_(1950),SM,0.25,2,0.00156,0.52174383222,0.0008372185599812127,0.0007227814573199999,0.104348766444,0.415835053,0.0,0.0,0.0,Toothed whales,0.0,0.0,0.0,0.0,0.0,0.536678553,-1.730121276279084e-11,1.2775999980174646e-08,0.0
28_28_Central_Atlantic_(1950),SM,0.25,1,0.0008256798,0.1814176815802857,0.0005485316108812128,0.0002771482068003528,0.036283536316057144,0.144308478,0.0,0.0,0.0,Baleen whales,0.0,0.0,0.0,0.0,0.0,0.664339364,-1.76815656300483e-11,-1.2535771448662913e-08,0.0
28_28_Central_Atlantic_(1950),SE,0.25,39,-0.0,-0.0,0.0,0.0,0.0,0.0,0.0,0.0,0.0,diet_import,0.0,0.0,0.0,0.0,0.0,,-0.0,0.0,0.0
28_28_Central_Atlantic_(1950),SE,0.25,38,2777.8730180352595,2777.8730180352595,2718.2345000401283,0.0,0.0,0.0,0.0,59.638517995131224,0.0,Detritus,0.0,0.0,0.0,0.0,0.0,1.0,0.0,0.0,0.0
28_28_Central_Atlantic_(1950),SE,0.25,37,2964.2448555,2964.2448555,2304.4126302796485,659.8320120997337,0.0,0.0,0.0,0.0,0.0,Phytoplankton,0.0,0.0,0.0,0.0,0.0,0.777403,0.00021312061790013104,0.0,0.0
28_28_Central_Atlantic_(1950),SE,0.25,36,51.606198899999995,172.02066299999998,3.473465040262137,48.13273376183184,34.4041326,86.01033,0.0,0.0,0.0,Lg. Zoop. deep,0.0,0.0,0.0,0.0,0.0,0.06730712999999999,9.790602462089737e-08,1.499999996212864e-06,0.0
28_28_Central_Atlantic_(1950),SE,0.25,35,326.25349455,1088.1402679500002,136.65760187059252,189.59589687002213,217.62805359000004,544.2587,0.0,0.0,0.0,Sm. Zoop. deep,0.0,0.0,0.0,0.0,0.0,0.41886937599999996,-4.1906146179826465e-06,1.9810000139841577e-05,0.0
28_28_Central_Atlantic_(1950),SE,0.25,34,152.83878554999998,509.4626185,24.764043988060063,128.07474125496339,101.89252370000001,254.731323,0.0,0.0,0.0,Lg. Zoop. shlw,0.0,0.0,0.0,0.0,0.0,0.162027225,3.069765455165907e-07,-1.3749999965284587e-05,0.0
28_28_Central_Atlantic_(1950),SE,0.25,33,1141.8,3808.2000000000003,810.8210994383843,330.97876575719994,761.6400000000001,1904.76,0.0,0.0,0.0,Sm. Zoop. shlw,0.0,0.0,0.0,0.0,0.0,0.710125446,0.00013480441566571244,4.547473508864641e-13,0.0
28_28_Central_Atlantic_(1950),SE,0.25,32,415.91835,563.5749999999999,259.56446880550004,156.35385617274002,112.71499999999999,34.941597,0.0,0.0,0.0,Het. bacteria,0.0,0.0,0.0,0.0,0.0,0.6240755999999998,2.502175988183808e-05,5.2999999965663847e-05,0.0
28_28_Central_Atlantic_(1950),SE,0.25,31,0.43340000000000006,2.6398,0.041626123427598485,0.39177388030000004,0.5279600000000001,1.67843986,0.0,0.0,0.0,Megabenthos,0.0,0.0,0.0,0.0,0.0,0.0960455,-3.72759845213011e-09,1.3999999981528788e-07,0.0
28_28_Central_Atlantic_(1950),SE,0.25,30,0.369,3.6346499999999997,0.09863466851516114,0.270365328792,0.72693,2.53872,0.0,0.0,0.0,Macrobenthos,0.0,0.0,0.0,0.0,0.0,0.26730263200000004,2.6928388408009596e-09,0.0,0.0
28_28_Central_Atlantic_(1950),SE,0.25,29,2.214,22.287599999999998,0.5448121363030838,1.6691878621979999,4.45752,15.6160793,0.0,0.0,0.0,Meiobenthos,0.0,0.0,0.0,0.0,0.0,0.24607594300000002,1.4989161023493125e-09,6.99999999298484e-07,0.0
28_28_Central_Atlantic_(1950),SE,0.25,28,0.012723003955,0.02544600791,0.011450702967616381,0.0012723003954999996,0.005089201582,0.007633802,0.0,0.0,0.0,Benth. ceph.,0.0,0.0,0.0,0.0,0.0,0.9,5.918836185059284e-10,3.729999989432464e-10,0.0
28_28_Central_Atlantic_(1950),SE,0.25,27,0.5644206439999999,4.47855511,0.507978562200084,0.05644206439999998,0.8957110220000001,3.01842356,0.0,0.0,0.0,Lg Squids,0.0,0.0,0.0,0.0,0.0,0.9,1.739991595250956e-08,-1.1599999982792042e-07,0.0
28_28_Central_Atlantic_(1950),SE,0.25,26,1.9626521827999999,15.573218407,1.766386893631383,0.19626521827999993,3.1146436814000005,10.4959221,0.0,0.0,0.0,Sm Squids,0.0,0.0,0.0,0.0,0.0,0.9,7.08886169764611e-08,4.428000011102995e-07,0.0
28_28_Central_Atlantic_(1950),SE,0.25,25,0.029511966558754574,0.05365811909218538,0.028247997140988634,0.001263969107687661,0.010731623818437078,0.01341453,0.0,0.0,0.0,Lg. Bathyd. abs,0.0,0.0,0.0,0.0,0.0,0.957170963,3.100782790255163e-10,-1.2850062697938869e-09,0.0
28_28_Central_Atlantic_(1950),SE,0.25,24,0.032007212730000005,0.0581949347850468,0.03092652416753671,0.0010806897702190206,0.011638986957009361,0.014548731,0.0,0.0,0.0,Sm. Bathyd. abs,0.0,0.0,0.0,0.0,0.0,0.966236055,-1.207755728760418e-09,4.098037435437685e-09,0.0
28_28_Central_Atlantic_(1950),SE,0.25,23,0.0030136304000000004,0.00547932783219558,0.0019225564713861983,0.00102711515654528,0.001095865566439116,0.00136983185,6.39589e-05,0.0,0.0,Lg. Bathyd. slp,1.5989725e-05,1.5989725e-05,4.796917499999999e-05,4.796917499999999e-05,0.0,0.6591768,-1.2793147791123616e-10,1.5756463408317378e-11,0.0
28_28_Central_Atlantic_(1950),SE,0.25,22,0.005653607665707449,0.010279287244467,0.004260451747794523,0.0012050065457042862,0.0020558574488934002,0.00256982166,0.000188149,0.0,0.0,Sm. Bathyd. slp,4.703725e-05,4.703725e-05,0.00014111175,0.00014111175,0.0,0.7868606,3.72208640644911e-10,4.69866151195375e-10,0.0
28_28_Central_Atlantic_(1950),SE,0.25,21,0.006341536224000001,0.011508713888,0.005009813921588745,0.0013317226070399999,0.0023017427776000003,0.00286543486,0.0,0.0,0.0,Lg. Bathyp. fish,0.0,0.0,0.0,0.0,0.0,0.79,-3.046287441049733e-10,2.6399998940412894e-11,0.0
28_28_Central_Atlantic_(1950),SE,0.25,20,0.013441102436,0.020515366876,0.012096991849560989,0.0013441102435999997,0.0041030733752,0.00297118956,0.0,0.0,0.0,Md. Bathyp.fish,0.0,0.0,0.0,0.0,0.0,0.9,3.428390106530177e-10,1.5047999985841332e-09,0.0
28_28_Central_Atlantic_(1950),SE,0.25,19,0.06545771003200002,0.22973138617000002,0.05891193573953475,0.0065457710032,0.04594627723400001,0.118327409,0.0,0.0,0.0,Sm. Bathyp. fish,0.0,0.0,0.0,0.0,0.0,0.9,3.2892652629401553e-09,-1.0095999994352844e-08,0.0
28_28_Central_Atlantic_(1950),SE,0.25,18,12.22519406327412,59.3828355,3.573220730157866,8.651973314709084,11.8765671,35.2810745,0.0,0.0,0.0,Sm. Meso fish,0.0,0.0,0.0,0.0,0.0,0.292283356,1.8407170898626646e-08,-1.6327412311056833e-07,0.0
28_28_Central_Atlantic_(1950),SE,0.25,17,0.0003348901755,0.0079257341535,0.00030140115666829864,3.348901755e-05,0.0015851468307,0.006005697,0.0,0.0,0.0,Lg. Meso fish,0.0,0.0,0.0,0.0,0.0,0.9,1.2817013617973105e-12,1.4729999945478633e-10,0.0
28_28_Central_Atlantic_(1950),SE,0.25,16,2.418293435320515,14.779333033030326,2.1764249584475417,0.24182934353205143,2.9558666066060653,9.405173,3.90985e-05,0.0,0.0,Sm. Epi. fish,9.774625e-06,9.774625e-06,2.9323874999999997e-05,2.9323874999999997e-05,0.0,0.9,3.4840921703249705e-08,-8.896252623458167e-09,0.0
28_28_Central_Atlantic_(1950),SE,0.25,15,0.1059599016,0.7525932498796599,0.09523928587084607,0.010595990159999997,0.150518649975932,0.496114731,0.000124629,0.0,0.0,Md. Epi. fish,3.115725e-05,3.115725e-05,9.347174999999998e-05,9.347174999999998e-05,0.0,0.9,-3.4308460655774198e-09,-3.2696272078691635e-08,0.0
28_28_Central_Atlantic_(1950),SE,0.25,14,0.00984495897,0.12697145868897,0.007685239049978655,0.0018705422042999994,0.025394291737794002,0.091732204,0.000289178,0.0,0.0,Lg. Epi. fish,7.22945e-05,7.22945e-05,0.00021688350000000003,0.00021688350000000003,0.0,0.81,-2.8427865617075554e-10,3.981175999978603e-09,0.0
28_28_Central_Atlantic_(1950),SE,0.25,13,0.00064010414496,0.010287388044000001,6.401041000000001e-05,0.000576093730464,0.0020574776088000003,0.00758980634,0.0,0.0,0.0,Lg. Plank. fish,0.0,0.0,0.0,0.0,0.0,0.09999999999999998,4.496000034943937e-12,-4.9759998205223255e-11,0.0
28_28_Central_Atlantic_(1950),SE,0.25,12,2.1336802558309998e-05,0.00021225354904839998,6.401041000000001e-07,2.0696698481560696e-05,4.245070980968e-05,0.000148466032,0.0,0.0,0.0,Billfishes,0.0,0.0,0.0,0.0,0.0,0.030000000000000027,-2.3250698648292698e-14,4.680409976687977e-12,0.0
28_28_Central_Atlantic_(1950),SE,0.25,11,0.00032651159999999997,0.004353488,6.401041000000001e-07,0.00032587149593018877,0.0008706976,0.00315627875,0.0,0.0,0.0,Swordfish,0.0,0.0,0.0,0.0,0.0,0.0019604328600000276,-3.0188796341229507e-14,5.000000023389073e-11,0.0
28_28_Central_Atlantic_(1950),SE,0.25,10,0.01072980688,0.46030871515199995,0.0017776866754339626,0.008952120234131998,0.09206174303039999,0.357517153,0.0,0.0,0.0,Bigeye,0.0,0.0,0.0,0.0,0.0,0.16567741300000005,-2.9565960790733925e-11,1.2241599955942206e-08,0.0
28_28_Central_Atlantic_(1950),SE,0.25,9,0.0002486316,0.0059671584,9.575327449622515e-05,0.00015287832471324,0.00119343168,0.004525095,0.0,0.0,0.0,Albacore,0.0,0.0,0.0,0.0,0.0,0.3851211,7.90534846785429e-13,1.200000003878654e-10,0.0
28_28_Central_Atlantic_(1950),SE,0.25,8,0.00804781642,0.15322104854,0.001044242037497828,0.007003574237715865,0.030644209707999998,0.114529014,0.0,0.0,0.0,Skipjack,0.0,0.0,0.0,0.0,0.0,0.12975472199999993,1.4478630620817778e-10,8.411999999347053e-09,0.0
28_28_Central_Atlantic_(1950),SE,0.25,7,2.1533975999999998e-06,3.588996e-05,6.401041000000001e-07,6.160445043768214e-07,7.177992e-06,2.655857e-05,8.97249e-07,0.0,0.0,Bluefin,2.2431225e-07,2.2431225e-07,6.729367500000001e-07,6.729367500000001e-07,0.0,0.713919759,-4.376821679337364e-15,3.999999997569316e-13,0.0
28_28_Central_Atlantic_(1950),SE,0.25,6,0.00010813669999999998,0.00239908993,6.988740116756793e-06,0.00010114795916850798,0.00047981798599999997,0.00181113509,0.0,0.0,0.0,Yellowfin,0.0,0.0,0.0,0.0,0.0,0.06462875999999995,7.147352100358301e-13,1.5400000003516767e-10,0.0
28_28_Central_Atlantic_(1950),SE,0.25,5,0.00249640599,0.06401040999999999,0.0005785155030430785,0.0018723044925,0.012802082,0.048711922,4.5586e-05,0.0,0.0,Pelagic sharks,1.13965e-05,1.13965e-05,3.41895e-05,3.41895e-05,0.0,0.25,-5.543078582942451e-12,9.999993888509806e-12,0.0
28_28_Central_Atlantic_(1950),SE,0.25,4,9.79823604992e-06,0.00919899290843,5.857542543244573e-06,3.940693277589222e-06,0.0018397985816859998,0.00734939566,0.0,0.0,0.0,Seabirds,0.0,0.0,0.0,0.0,0.0,0.59781605,2.290862049619249e-13,4.3069408022650135e-10,0.0
28_28_Central_Atlantic_(1950),SE,0.25,3,1.796872e-05,0.007911342611788,5.217438443244573e-06,1.275128168977432e-05,0.0015822685223576003,0.00631110556,0.0,0.0,0.0,Beaked whales,0.0,0.0,0.0,0.0,0.0,0.29036226900000006,-1.330188909053672e-13,-1.9056960089830488e-10,0.0
28_28_Central_Atlantic_(1950),SE,0.25,2,0.00156,0.52174383222,0.0008372185599812127,0.0007227814573199999,0.104348766444,0.415835053,0.0,0.0,0.0,Toothed whales,0.0,0.0,0.0,0.0,0.0,0.536678553,-1.730121276279084e-11,1.2775999980174646e-08,0.0
28_28_Central_Atlantic_(1950),SE,0.25,1,0.0008256798,0.1814176815802857,0.0005485316108812128,0.0002771482068003528,0.036283536316057144,0.144308478,0.0,0.0,0.0,Baleen whales,0.0,0.0,0.0,0.0,0.0,0.664339364,-1.76815656300483e-11,-1.2535771448662913e-08,0.0
28_28_Central_Atlantic_(1950),SC,0.3,39,-0.0,-0.0,0.0,0.0,0.0,0.0,0.0,0.0,0.0,diet_import,0.0,0.0,0.0,0.0,0.0,,-0.0,0.0,0.0
28_28_Central_Atlantic_(1950),SC,0.3,38,2777.8730180352595,2777.8730180352595,2718.2345000401283,0.0,0.0,0.0,0.0,59.638517995131224,0.0,Detritus,0.0,0.0,0.0,0.0,0.0,1.0,0.0,0.0,0.0
28_28_Central_Atlantic_(1950),SC,0.3,37,2964.2448555,2964.2448555,2304.4126302796485,659.8320120997337,0.0,0.0,0.0,0.0,0.0,Phytoplankton,0.0,0.0,0.0,0.0,0.0,0.777403,0.00021312061790013104,0.0,0.0
28_28_Central_Atlantic_(1950),SC,0.3,36,51.606198899999995,172.02066299999998,3.473465040262137,48.13273376183184,34.4041326,86.01033,0.0,0.0,0.0,Lg. Zoop. deep,0.0,0.0,0.0,0.0,0.0,0.06730712999999999,9.790602462089737e-08,1.499999996212864e-06,0.0
28_28_Central_Atlantic_(1950),SC,0.3,35,326.25349455,1088.1402679500002,136.65760187059252,189.59589687002213,217.62805359000004,544.2587,0.0,0.0,0.0,Sm. Zoop. deep,0.0,0.0,0.0,0.0,0.0,0.41886937599999996,-4.1906146179826465e-06,1.9810000139841577e-05,0.0
28_28_Central_Atlantic_(1950),SC,0.3,34,152.83878554999998,509.4626185,24.764043988060063,128.07474125496339,101.89252370000001,254.731323,0.0,0.0,0.0,Lg. Zoop. shlw,0.0,0.0,0.0,0.0,0.0,0.162027225,3.069765455165907e-07,-1.3749999965284587e-05,0.0
28_28_Central_Atlantic_(1950),SC,0.3,33,1141.8,3808.2000000000003,810.8210994383843,330.97876575719994,761.6400000000001,1904.76,0.0,0.0,0.0,Sm. Zoop. shlw,0.0,0.0,0.0,0.0,0.0,0.710125446,0.00013480441566571244,4.547473508864641e-13,0.0
28_28_Central_Atlantic_(1950),SC,0.3,32,415.91835,563.5749999999999,259.56446880550004,156.35385617274002,112.71499999999999,34.941597,0.0,0.0,0.0,Het. bacteria,0.0,0.0,0.0,0.0,0.0,0.6240755999999998,2.502175988183808e-05,5.2999999965663847e-05,0.0
28_28_Central_Atlantic_(1950),SC,0.3,31,0.43340000000000006,2.6398,0.041626123427598485,0.39177388030000004,0.5279600000000001,1.67843986,0.0,0.0,0.0,Megabenthos,0.0,0.0,0.0,0.0,0.0,0.0960455,-3.72759845213011e-09,1.3999999981528788e-07,0.0
28_28_Central_Atlantic_(1950),SC,0.3,30,0.369,3.6346499999999997,0.09863466851516114,0.270365328792,0.72693,2.53872,0.0,0.0,0.0,Macrobenthos,0.0,0.0,0.0,0.0,0.0,0.26730263200000004,2.6928388408009596e-09,0.0,0.0
28_28_Central_Atlantic_(1950),SC,0.3,29,2.214,22.287599999999998,0.5448121363030838,1.6691878621979999,4.45752,15.6160793,0.0,0.0,0.0,Meiobenthos,0.0,0.0,0.0,0.0,0.0,0.24607594300000002,1.4989161023493125e-09,6.99999999298484e-07,0.0
28_28_Central_Atlantic_(1950),SC,0.3,28,0.012723003955,0.02544600791,0.011450702967616381,0.0012723003954999996,0.005089201582,0.007633802,0.0,0.0,0.0,Benth. ceph.,0.0,0.0,0.0,0.0,0.0,0.9,5.918836185059284e-10,3.729999989432464e-10,0.0
28_28_Central_Atlantic_(1950),SC,0.3,27,0.5644206439999999,4.47855511,0.507978562200084,0.05644206439999998,0.8957110220000001,3.01842356,0.0,0.0,0.0,Lg Squids,0.0,0.0,0.0,0.0,0.0,0.9,1.739991595250956e-08,-1.1599999982792042e-07,0.0
28_28_Central_Atlantic_(1950),SC,0.3,26,1.9626521827999999,15.573218407,1.766386893631383,0.19626521827999993,3.1146436814000005,10.4959221,0.0,0.0,0.0,Sm Squids,0.0,0.0,0.0,0.0,0.0,0.9,7.08886169764611e-08,4.428000011102995e-07,0.0
28_28_Central_Atlantic_(1950),SC,0.3,25,0.029511966558754574,0.05365811909218538,0.028247997140988634,0.001263969107687661,0.010731623818437078,0.01341453,0.0,0.0,0.0,Lg. Bathyd. abs,0.0,0.0,0.0,0.0,0.0,0.957170963,3.100782790255163e-10,-1.2850062697938869e-09,0.0
28_28_Central_Atlantic_(1950),SC,0.3,24,0.032007212730000005,0.0581949347850468,0.03092652416753671,0.0010806897702190206,0.011638986957009361,0.014548731,0.0,0.0,0.0,Sm. Bathyd. abs,0.0,0.0,0.0,0.0,0.0,0.966236055,-1.207755728760418e-09,4.098037435437685e-09,0.0
28_28_Central_Atlantic_(1950),SC,0.3,23,0.0030136304000000004,0.00547932783219558,0.0019225564713861983,0.00102711515654528,0.001095865566439116,0.00136983185,6.39589e-05,0.0,0.0,Lg. Bathyd. slp,0.0,1.9187669999999997e-05,4.477122999999999e-05,6.39589e-05,0.0,0.6591768,-1.2793147834491703e-10,1.5756463408317378e-11,0.0
28_28_Central_Atlantic_(1950),SC,0.3,22,0.005653607665707449,0.010279287244467,0.004260451747794523,0.0012050065457042862,0.0020558574488934002,0.00256982166,0.000188149,0.0,0.0,Sm. Bathyd. slp,0.0,5.64447e-05,0.0001317043,0.000188149,0.0,0.7868606,3.7220863977754926e-10,4.69866151195375e-10,0.0
28_28_Central_Atlantic_(1950),SC,0.3,21,0.006341536224000001,0.011508713888,0.005009813921588745,0.0013317226070399999,0.0023017427776000003,0.00286543486,0.0,0.0,0.0,Lg. Bathyp. fish,0.0,0.0,0.0,0.0,0.0,0.79,-3.046287441049733e-10,2.6399998940412894e-11,0.0
28_28_Central_Atlantic_(1950),SC,0.3,20,0.013441102436,0.020515366876,0.012096991849560989,0.0013441102435999997,0.0041030733752,0.00297118956,0.0,0.0,0.0,Md. Bathyp.fish,0.0,0.0,0.0,0.0,0.0,0.9,3.428390106530177e-10,1.5047999985841332e-09,0.0
28_28_Central_Atlantic_(1950),SC,0.3,19,0.06545771003200002,0.22973138617000002,0.05891193573953475,0.0065457710032,0.04594627723400001,0.118327409,0.0,0.0,0.0,Sm. Bathyp. fish,0.0,0.0,0.0,0.0,0.0,0.9,3.2892652629401553e-09,-1.0095999994352844e-08,0.0
28_28_Central_Atlantic_(1950),SC,0.3,18,12.22519406327412,59.3828355,3.573220730157866,8.651973314709084,11.8765671,35.2810745,0.0,0.0,0.0,Sm. Meso fish,0.0,0.0,0.0,0.0,0.0,0.292283356,1.8407170898626646e-08,-1.6327412311056833e-07,0.0
28_28_Central_Atlantic_(1950),SC,0.3,17,0.0003348901755,0.0079257341535,0.00030140115666829864,3.348901755e-05,0.0015851468307,0.006005697,0.0,0.0,0.0,Lg. Meso fish,0.0,0.0,0.0,0.0,0.0,0.9,1.2817013617973105e-12,1.4729999945478633e-10,0.0
28_28_Central_Atlantic_(1950),SC,0.3,16,2.418293435320515,14.779333033030326,2.1764249584475417,0.24182934353205143,2.9558666066060653,9.405173,3.90985e-05,0.0,0.0,Sm. Epi. fish,0.0,1.1729549999999999e-05,2.7368949999999998e-05,3.90985e-05,0.0,0.9,3.4840922147338915e-08,-8.896252623458167e-09,0.0
28_28_Central_Atlantic_(1950),SC,0.3,15,0.1059599016,0.7525932498796599,0.09523928587084607,0.010595990159999997,0.150518649975932,0.496114731,0.000124629,0.0,0.0,Md. Epi. fish,0.0,3.7388699999999997e-05,8.724029999999999e-05,0.000124629,0.0,0.9,-3.4308460655774198e-09,-3.2696272078691635e-08,0.0
28_28_Central_Atlantic_(1950),SC,0.3,14,0.00984495897,0.12697145868897,0.007685239049978655,0.0018705422042999994,0.025394291737794002,0.091732204,0.000289178,0.0,0.0,Lg. Epi. fish,0.0,8.67534e-05,0.0002024246,0.000289178,0.0,0.81,-2.8427865443603206e-10,3.981175999978603e-09,0.0
28_28_Central_Atlantic_(1950),SC,0.3,13,0.00064010414496,0.010287388044000001,6.401041000000001e-05,0.000576093730464,0.0020574776088000003,0.00758980634,0.0,0.0,0.0,Lg. Plank. fish,0.0,0.0,0.0,0.0,0.0,0.09999999999999998,4.496000034943937e-12,-4.9759998205223255e-11,0.0
28_28_Central_Atlantic_(1950),SC,0.3,12,2.1336802558309998e-05,0.00021225354904839998,6.401041000000001e-07,2.0696698481560696e-05,4.245070980968e-05,0.000148466032,0.0,0.0,0.0,Billfishes,0.0,0.0,0.0,0.0,0.0,0.030000000000000027,-2.3250698648292698e-14,4.680409976687977e-12,0.0
28_28_Central_Atlantic_(1950),SC,0.3,11,0.00032651159999999997,0.004353488,6.401041000000001e-07,0.00032587149593018877,0.0008706976,0.00315627875,0.0,0.0,0.0,Swordfish,0.0,0.0,0.0,0.0,0.0,0.0019604328600000276,-3.0188796341229507e-14,5.000000023389073e-11,0.0
28_28_Central_Atlantic_(1950),SC,0.3,10,0.01072980688,0.46030871515199995,0.0017776866754339626,0.008952120234131998,0.09206174303039999,0.357517153,0.0,0.0,0.0,Bigeye,0.0,0.0,0.0,0.0,0.0,0.16567741300000005,-2.9565960790733925e-11,1.2241599955942206e-08,0.0
28_28_Central_Atlantic_(1950),SC,0.3,9,0.0002486316,0.0059671584,9.575327449622515e-05,0.00015287832471324,0.00119343168,0.004525095,0.0,0.0,0.0,Albacore,0.0,0.0,0.0,0.0,0.0,0.3851211,7.90534846785429e-13,1.200000003878654e-10,0.0
28_28_Central_Atlantic_(1950),SC,0.3,8,0.00804781642,0.15322104854,0.001044242037497828,0.007003574237715865,0.030644209707999998,0.114529014,0.0,0.0,0.0,Skipjack,0.0,0.0,0.0,0.0,0.0,0.12975472199999993,1.4478630620817778e-10,8.411999999347053e-09,0.0
28_28_Central_Atlantic_(1950),SC,0.3,7,2.1533975999999998e-06,3.588996e-05,6.401041000000001e-07,6.160445043768214e-07,7.177992e-06,2.655857e-05,8.97249e-07,0.0,0.0,Bluefin,0.0,2.691747e-07,6.280743e-07,8.97249e-07,0.0,0.713919759,-4.376821679337364e-15,3.999999997569316e-13,0.0
28_28_Central_Atlantic_(1950),SC,0.3,6,0.00010813669999999998,0.00239908993,6.988740116756793e-06,0.00010114795916850798,0.00047981798599999997,0.00181113509,0.0,0.0,0.0,Yellowfin,0.0,0.0,0.0,0.0,0.0,0.06462875999999995,7.147352100358301e-13,1.5400000003516767e-10,0.0
28_28_Central_Atlantic_(1950),SC,0.3,5,0.00249640599,0.06401040999999999,0.0005785155030430785,0.0018723044925,0.012802082,0.048711922,4.5586e-05,0.0,0.0,Pelagic sharks,0.0,1.36758e-05,3.19102e-05,4.5586e-05,0.0,0.25,-5.543078149261582e-12,9.999993888509806e-12,0.0
28_28_Central_Atlantic_(1950),SC,0.3,4,9.79823604992e-06,0.00919899290843,5.857542543244573e-06,3.940693277589222e-06,0.0018397985816859998,0.00734939566,0.0,0.0,0.0,Seabirds,0.0,0.0,0.0,0.0,0.0,0.59781605,2.290862049619249e-13,4.3069408022650135e-10,0.0
28_28_Central_Atlantic_(1950),SC,0.3,3,1.796872e-05,0.007911342611788,5.217438443244573e-06,1.275128168977432e-05,0.0015822685223576003,0.00631110556,0.0,0.0,0.0,Beaked whales,0.0,0.0,0.0,0.0,0.0,0.29036226900000006,-1.330188909053672e-13,-1.9056960089830488e-10,0.0
28_28_Central_Atlantic_(1950),SC,0.3,2,0.00156,0.52174383222,0.0008372185599812127,0.0007227814573199999,0.104348766444,0.415835053,0.0,0.0,0.0,Toothed whales,0.0,0.0,0.0,0.0,0.0,0.536678553,-1.730121276279084e-11,1.2775999980174646e-08,0.0
28_28_Central_Atlantic_(1950),SC,0.3,1,0.0008256798,0.1814176815802857,0.0005485316108812128,0.0002771482068003528,0.036283536316057144,0.144308478,0.0,0.0,0.0,Baleen whales,0.0,0.0,0.0,0.0,0.0,0.664339364,-1.76815656300483e-11,-1.2535771448662913e-08,0.0
28_28_Central_Atlantic_(1950),SM,0.3,39,-0.0,-0.0,0.0,0.0,0.0,0.0,0.0,0.0,0.0,diet_import,0.0,0.0,0.0,0.0,0.0,,-0.0,0.0,0.0
28_28_Central_Atlantic_(1950),SM,0.3,38,2777.873243484254,2777.873243484254,2718.2345000401283,0.0,0.0,0.0,0.0,59.638743444125794,0.0,Detritus,0.0,0.0,0.0,0.0,0.0,1.0,0.0,0.0,0.0
28_28_Central_Atlantic_(1950),SM,0.3,37,2964.2448555,2964.2448555,2304.4126302796485,659.8320120997337,0.0,0.0,0.0,0.0,0.0,Phytoplankton,0.0,0.0,0.0,0.0,0.0,0.777403,0.00021312061790013104,0.0,0.0
28_28_Central_Atlantic_(1950),SM,0.3,36,51.606198899999995,172.02066299999998,3.473465040262137,48.13273376183184,34.4041326,86.01033,0.0,0.0,0.0,Lg. Zoop. deep,0.0,0.0,0.0,0.0,0.0,0.06730712999999999,9.790602462089737e-08,1.499999996212864e-06,0.0
28_28_Central_Atlantic_(1950),SM,0.3,35,326.25349455,1088.1402679500002,136.65760187059252,189.59589687002213,217.62805359000004,544.2587,0.0,0.0,0.0,Sm. Zoop. deep,0.0,0.0,0.0,0.0,0.0,0.41886937599999996,-4.1906146179826465e-06,1.9810000139841577e-05,0.0
28_28_Central_Atlantic_(1950),SM,0.3,34,152.83878554999998,509.4626185,24.764043988060063,128.07474125496339,101.89252370000001,254.731323,0.0,0.0,0.0,Lg. Zoop. shlw,0.0,0.0,0.0,0.0,0.0,0.162027225,3.069765455165907e-07,-1.3749999965284587e-05,0.0
28_28_Central_Atlantic_(1950),SM,0.3,33,1141.8,3808.2000000000003,810.8210994383843,330.97876575719994,761.6400000000001,1904.76,0.0,0.0,0.0,Sm. Zoop. shlw,0.0,0.0,0.0,0.0,0.0,0.710125446,0.00013480441566571244,4.547473508864641e-13,0.0
28_28_Central_Atlantic_(1950),SM,0.3,32,415.91835,563.5749999999999,259.56446880550004,156.35385617274002,112.71499999999999,34.941597,0.0,0.0,0.0,Het. bacteria,0.0,0.0,0.0,0.0,0.0,0.6240755999999998,2.502175988183808e-05,5.2999999965663847e-05,0.0
28_28_Central_Atlantic_(1950),SM,0.3,31,0.43340000000000006,2.6398,0.041626123427598485,0.39177388030000004,0.5279600000000001,1.67843986,0.0,0.0,0.0,Megabenthos,0.0,0.0,0.0,0.0,0.0,0.0960455,-3.72759845213011e-09,1.3999999981528788e-07,0.0
28_28_Central_Atlantic_(1950),SM,0.3,30,0.369,3.6346499999999997,0.09863466851516114,0.270365328792,0.72693,2.53872,0.0,0.0,0.0,Macrobenthos,0.0,0.0,0.0,0.0,0.0,0.26730263200000004,2.6928388408009596e-09,0.0,0.0
28_28_Central_Atlantic_(1950),SM,0.3,29,2.214,22.287599999999998,0.5448121363030838,1.6691878621979999,4.45752,15.6160793,0.0,0.0,0.0,Meiobenthos,0.0,0.0,0.0,0.0,0.0,0.24607594300000002,1.4989161023493125e-09,6.99999999298484e-07,0.0
28_28_Central_Atlantic_(1950),SM,0.3,28,0.012723003955,0.02544600791,0.011450702967616381,0.0012723003954999996,0.005089201582,0.007633802,0.0,0.0,0.0,Benth. ceph.,0.0,0.0,0.0,0.0,0.0,0.9,5.918836185059284e-10,3.729999989432464e-10,0.0
28_28_Central_Atlantic_(1950),SM,0.3,27,0.5644206439999999,4.47855511,0.507978562200084,0.05644206439999998,0.8957110220000001,3.01842356,0.0,0.0,0.0,Lg Squids,0.0,0.0,0.0,0.0,0.0,0.9,1.739991595250956e-08,-1.1599999982792042e-07,0.0
28_28_Central_Atlantic_(1950),SM,0.3,26,1.9626521827999999,15.573218407,1.766386893631383,0.19626521827999993,3.1146436814000005,10.4959221,0.0,0.0,0.0,Sm Squids,0.0,0.0,0.0,0.0,0.0,0.9,7.08886169764611e-08,4.428000011102995e-07,0.0
28_28_Central_Atlantic_(1950),SM,0.3,25,0.029511966558754574,0.05365811909218538,0.028247997140988634,0.001263969107687661,0.010731623818437078,0.01341453,0.0,0.0,0.0,Lg. Bathyd. abs,0.0,0.0,0.0,0.0,0.0,0.957170963,3.100782790255163e-10,-1.2850062697938869e-09,0.0
28_28_Central_Atlantic_(1950),SM,0.3,24,0.032007212730000005,0.0581949347850468,0.03092652416753671,0.0010806897702190206,0.011638986957009361,0.014548731,0.0,0.0,0.0,Sm. Bathyd. abs,0.0,0.0,0.0,0.0,0.0,0.966236055,-1.207755728760418e-09,4.098037435437685e-09,0.0
28_28_Central_Atlantic_(1950),SM,0.3,23,0.0030136304000000004,0.00547932783219558,0.0019225564713861983,0.0010463028265452802,0.001095865566439116,0.00136983185,6.39589e-05,0.0,0.0,Lg. Bathyd. slp,0.0,1.9187669999999997e-05,4.477122999999999e-05,4.477122999999999e-05,0.0,0.6528098380792549,-1.2793147791123616e-10,1.5756463408317378e-11,0.0
28_28_Central_Atlantic_(1950),SM,0.3,22,0.005653607665707449,0.010279287244467,0.004260451747794523,0.0012614512457042861,0.0020558574488934002,0.00256982166,0.000188149,0.0,0.0,Sm. Bathyd. slp,0.0,5.64447e-05,0.0001317043,0.0001317043,0.0,0.7768767625394752,3.7220863977754926e-10,4.69866151195375e-10,0.0
28_28_Central_Atlantic_(1950),SM,0.3,21,0.006341536224000001,0.011508713888,0.005009813921588745,0.0013317226070399999,0.0023017427776000003,0.00286543486,0.0,0.0,0.0,Lg. Bathyp. fish,0.0,0.0,0.0,0.0,0.0,0.79,-3.046287441049733e-10,2.6399998940412894e-11,0.0
28_28_Central_Atlantic_(1950),SM,0.3,20,0.013441102436,0.020515366876,0.012096991849560989,0.0013441102435999997,0.0041030733752,0.00297118956,0.0,0.0,0.0,Md. Bathyp.fish,0.0,0.0,0.0,0.0,0.0,0.9,3.428390106530177e-10,1.5047999985841332e-09,0.0
28_28_Central_Atlantic_(1950),SM,0.3,19,0.06545771003200002,0.22973138617000002,0.05891193573953475,0.0065457710032,0.04594627723400001,0.118327409,0.0,0.0,0.0,Sm. Bathyp. fish,0.0,0.0,0.0,0.0,0.0,0.9,3.2892652629401553e-09,-1.0095999994352844e-08,0.0
28_28_Central_Atlantic_(1950),SM,0.3,18,12.22519406327412,59.3828355,3.573220730157866,8.651973314709084,11.8765671,35.2810745,0.0,0.0,0.0,Sm. Meso fish,0.0,0.0,0.0,0.0,0.0,0.292283356,1.8407170898626646e-08,-1.6327412311056833e-07,0.0
28_28_Central_Atlantic_(1950),SM,0.3,17,0.0003348901755,0.0079257341535,0.00030140115666829864,3.348901755e-05,0.0015851468307,0.006005697,0.0,0.0,0.0,Lg. Meso fish,0.0,0.0,0.0,0.0,0.0,0.9,1.2817013617973105e-12,1.4729999945478633e-10,0.0
28_28_Central_Atlantic_(1950),SM,0.3,16,2.418293435320515,14.779333033030326,2.1764249584475417,0.24184107308205144,2.9558666066060653,9.405173,3.90985e-05,0.0,0.0,Sm. Epi. fish,0.0,1.1729549999999999e-05,2.7368949999999998e-05,2.7368949999999998e-05,0.0,0.89999514965809,3.4840921703249705e-08,-8.896252623458167e-09,0.0
28_28_Central_Atlantic_(1950),SM,0.3,15,0.1059599016,0.7525932498796599,0.09523928587084607,0.010633378859999997,0.150518649975932,0.496114731,0.000124629,0.0,0.0,Md. Epi. fish,0.0,3.7388699999999997e-05,8.724029999999999e-05,8.724029999999999e-05,0.0,0.8996471429339267,-3.4308460655774198e-09,-3.2696272078691635e-08,0.0
28_28_Central_Atlantic_(1950),SM,0.3,14,0.00984495897,0.12697145868897,0.007685239049978655,0.0019572956042999993,0.025394291737794002,0.091732204,0.000289178,0.0,0.0,Lg. Epi. fish,0.0,8.67534e-05,0.0002024246,0.0002024246,0.0,0.8011880384403471,-2.8427865443603206e-10,3.981175999978603e-09,0.0
28_28_Central_Atlantic_(1950),SM,0.3,13,0.00064010414496,0.010287388044000001,6.401041000000001e-05,0.000576093730464,0.0020574776088000003,0.00758980634,0.0,0.0,0.0,Lg. Plank. fish,0.0,0.0,0.0,0.0,0.0,0.09999999999999998,4.496000034943937e-12,-4.9759998205223255e-11,0.0
28_28_Central_Atlantic_(1950),SM,0.3,12,2.1336802558309998e-05,0.00021225354904839998,6.401041000000001e-07,2.0696698481560696e-05,4.245070980968e-05,0.000148466032,0.0,0.0,0.0,Billfishes,0.0,0.0,0.0,0.0,0.0,0.030000000000000027,-2.3250698648292698e-14,4.680409976687977e-12,0.0
28_28_Central_Atlantic_(1950),SM,0.3,11,0.00032651159999999997,0.004353488,6.401041000000001e-07,0.00032587149593018877,0.0008706976,0.00315627875,0.0,0.0,0.0,Swordfish,0.0,0.0,0.0,0.0,0.0,0.0019604328600000276,-3.0188796341229507e-14,5.000000023389073e-11,0.0
28_28_Central_Atlantic_(1950),SM,0.3,10,0.01072980688,0.46030871515199995,0.0017776866754339626,0.008952120234131998,0.09206174303039999,0.357517153,0.0,0.0,0.0,Bigeye,0.0,0.0,0.0,0.0,0.0,0.16567741300000005,-2.9565960790733925e-11,1.2241599955942206e-08,0.0
28_28_Central_Atlantic_(1950),SM,0.3,9,0.0002486316,0.0059671584,9.575327449622515e-05,0.00015287832471324,0.00119343168,0.004525095,0.0,0.0,0.0,Albacore,0.0,0.0,0.0,0.0,0.0,0.3851211,7.90534846785429e-13,1.200000003878654e-10,0.0
28_28_Central_Atlantic_(1950),SM,0.3,8,0.00804781642,0.15322104854,0.001044242037497828,0.007003574237715865,0.030644209707999998,0.114529014,0.0,0.0,0.0,Skipjack,0.0,0.0,0.0,0.0,0.0,0.12975472199999993,1.4478630620817778e-10,8.411999999347053e-09,0.0
28_28_Central_Atlantic_(1950),SM,0.3,7,2.1533975999999998e-06,3.588996e-05,6.401041000000001e-07,8.852192043768215e-07,7.177992e-06,2.655857e-05,8.97249e-07,0.0,0.0,Bluefin,0.0,2.691747e-07,6.280743e-07,6.280743e-07,0.0,0.588919759,-4.376821679337364e-15,3.999999997569316e-13,0.0
28_28_Central_Atlantic_(1950),SM,0.3,6,0.00010813669999999998,0.00239908993,6.988740116756793e-06,0.00010114795916850798,0.00047981798599999997,0.00181113509,0.0,0.0,0.0,Yellowfin,0.0,0.0,0.0,0.0,0.0,0.06462875999999995,7.147352100358301e-13,1.5400000003516767e-10,0.0
28_28_Central_Atlantic_(1950),SM,0.3,5,0.00249640599,0.06401040999999999,0.0005785155030430785,0.0018859802925,0.012802082,0.048711922,4.5586e-05,0.0,0.0,Pelagic sharks,0.0,1.36758e-05,3.19102e-05,3.19102e-05,0.0,0.2445218045242714,-5.543078149261582e-12,9.999993888509806e-12,0.0
28_28_Central_Atlantic_(1950),SM,0.3,4,9.79823604992e-06,0.00919899290843,5.857542543244573e-06,3.940693277589222e-06,0.0018397985816859998,0.00734939566,0.0,0.0,0.0,Seabirds,0.0,0.0,0.0,0.0,0.0,0.59781605,2.290862049619249e-13,4.3069408022650135e-10,0.0
28_28_Central_Atlantic_(1950),SM,0.3,3,1.796872e-05,0.007911342611788,5.217438443244573e-06,1.275128168977432e-05,0.0015822685223576003,0.00631110556,0.0,0.0,0.0,Beaked whales,0.0,0.0,0.0,0.0,0.0,0.29036226900000006,-1.330188909053672e-13,-1.9056960089830488e-10,0.0
28_28_Central_Atlantic_(1950),SM,0.3,2,0.00156,0.52174383222,0.0008372185599812127,0.0007227814573199999,0.104348766444,0.415835053,0.0,0.0,0.0,Toothed whales,0.0,0.0,0.0,0.0,0.0,0.536678553,-1.730121276279084e-11,1.2775999980174646e-08,0.0
28_28_Central_Atlantic_(1950),SM,0.3,1,0.0008256798,0.1814176815802857,0.0005485316108812128,0.0002771482068003528,0.036283536316057144,0.144308478,0.0,0.0,0.0,Baleen whales,0.0,0.0,0.0,0.0,0.0,0.664339364,-1.76815656300483e-11,-1.2535771448662913e-08,0.0
28_28_Central_Atlantic_(1950),SE,0.3,39,-0.0,-0.0,0.0,0.0,0.0,0.0,0.0,0.0,0.0,diet_import,0.0,0.0,0.0,0.0,0.0,,-0.0,0.0,0.0
28_28_Central_Atlantic_(1950),SE,0.3,38,2777.8730180352595,2777.8730180352595,2718.2345000401283,0.0,0.0,0.0,0.0,59.638517995131224,0.0,Detritus,0.0,0.0,0.0,0.0,0.0,1.0,0.0,0.0,0.0
28_28_Central_Atlantic_(1950),SE,0.3,37,2964.2448555,2964.2448555,2304.4126302796485,659.8320120997337,0.0,0.0,0.0,0.0,0.0,Phytoplankton,0.0,0.0,0.0,0.0,0.0,0.777403,0.00021312061790013104,0.0,0.0
28_28_Central_Atlantic_(1950),SE,0.3,36,51.606198899999995,172.02066299999998,3.473465040262137,48.13273376183184,34.4041326,86.01033,0.0,0.0,0.0,Lg. Zoop. deep,0.0,0.0,0.0,0.0,0.0,0.06730712999999999,9.790602462089737e-08,1.499999996212864e-06,0.0
28_28_Central_Atlantic_(1950),SE,0.3,35,326.25349455,1088.1402679500002,136.65760187059252,189.59589687002213,217.62805359000004,544.2587,0.0,0.0,0.0,Sm. Zoop. deep,0.0,0.0,0.0,0.0,0.0,0.41886937599999996,-4.1906146179826465e-06,1.9810000139841577e-05,0.0
28_28_Central_Atlantic_(1950),SE,0.3,34,152.83878554999998,509.4626185,24.764043988060063,128.07474125496339,101.89252370000001,254.731323,0.0,0.0,0.0,Lg. Zoop. shlw,0.0,0.0,0.0,0.0,0.0,0.162027225,3.069765455165907e-07,-1.3749999965284587e-05,0.0
28_28_Central_Atlantic_(1950),SE,0.3,33,1141.8,3808.2000000000003,810.8210994383843,330.97876575719994,761.6400000000001,1904.76,0.0,0.0,0.0,Sm. Zoop. shlw,0.0,0.0,0.0,0.0,0.0,0.710125446,0.00013480441566571244,4.547473508864641e-13,0.0
28_28_Central_Atlantic_(1950),SE,0.3,32,415.91835,563.5749999999999,259.56446880550004,156.35385617274002,112.71499999999999,34.941597,0.0,0.0,0.0,Het. bacteria,0.0,0.0,0.0,0.0,0.0,0.6240755999999998,2.502175988183808e-05,5.2999999965663847e-05,0.0
28_28_Central_Atlantic_(1950),SE,0.3,31,0.43340000000000006,2.6398,0.041626123427598485,0.39177388030000004,0.5279600000000001,1.67843986,0.0,0.0,0.0,Megabenthos,0.0,0.0,0.0,0.0,0.0,0.0960455,-3.72759845213011e-09,1.3999999981528788e-07,0.0
28_28_Central_Atlantic_(1950),SE,0.3,30,0.369,3.6346499999999997,0.09863466851516114,0.270365328792,0.72693,2.53872,0.0,0.0,0.0,Macrobenthos,0.0,0.0,0.0,0.0,0.0,0.26730263200000004,2.6928388408009596e-09,0.0,0.0
28_28_Central_Atlantic_(1950),SE,0.3,29,2.214,22.287599999999998,0.5448121363030838,1.6691878621979999,4.45752,15.6160793,0.0,0.0,0.0,Meiobenthos,0.0,0.0,0.0,0.0,0.0,0.24607594300000002,1.4989161023493125e-09,6.99999999298484e-07,0.0
28_28_Central_Atlantic_(1950),SE,0.3,28,0.012723003955,0.02544600791,0.011450702967616381,0.0012723003954999996,0.005089201582,0.007633802,0.0,0.0,0.0,Benth. ceph.,0.0,0.0,0.0,0.0,0.0,0.9,5.918836185059284e-10,3.729999989432464e-10,0.0
28_28_Central_Atlantic_(1950),SE,0.3,27,0.5644206439999999,4.47855511,0.507978562200084,0.05644206439999998,0.8957110220000001,3.01842356,0.0,0.0,0.0,Lg Squids,0.0,0.0,0.0,0.0,0.0,0.9,1.739991595250956e-08,-1.1599999982792042e-07,0.0
28_28_Central_Atlantic_(1950),SE,0.3,26,1.9626521827999999,15.573218407,1.766386893631383,0.19626521827999993,3.1146436814000005,10.4959221,0.0,0.0,0.0,Sm Squids,0.0,0.0,0.0,0.0,0.0,0.9,7.08886169764611e-08,4.428000011102995e-07,0.0
28_28_Central_Atlantic_(1950),SE,0.3,25,0.029511966558754574,0.05365811909218538,0.028247997140988634,0.001263969107687661,0.010731623818437078,0.01341453,0.0,0.0,0.0,Lg. Bathyd. abs,0.0,0.0,0.0,0.0,0.0,0.957170963,3.100782790255163e-10,-1.2850062697938869e-09,0.0
28_28_Central_Atlantic_(1950),SE,0.3,24,0.032007212730000005,0.0581949347850468,0.03092652416753671,0.0010806897702190206,0.011638986957009361,0.014548731,0.0,0.0,0.0,Sm. Bathyd. abs,0.0,0.0,0.0,0.0,0.0,0.966236055,-1.207755728760418e-09,4.098037435437685e-09,0.0
28_28_Central_Atlantic_(1950),SE,0.3,23,0.0030136304000000004,0.00547932783219558,0.0019225564713861983,0.00102711515654528,0.001095865566439116,0.00136983185,6.39589e-05,0.0,0.0,Lg. Bathyd. slp,1.9187669999999997e-05,1.9187669999999997e-05,4.477122999999999e-05,4.477122999999999e-05,0.0,0.6591768,-1.2793147791123616e-10,1.5756463408317378e-11,0.0
28_28_Central_Atlantic_(1950),SE,0.3,22,0.005653607665707449,0.010279287244467,0.004260451747794523,0.0012050065457042862,0.0020558574488934002,0.00256982166,0.000188149,0.0,0.0,Sm. Bathyd. slp,5.64447e-05,5.64447e-05,0.0001317043,0.0001317043,0.0,0.7868606,3.7220863977754926e-10,4.69866151195375e-10,0.0
28_28_Central_Atlantic_(1950),SE,0.3,21,0.006341536224000001,0.011508713888,0.005009813921588745,0.0013317226070399999,0.0023017427776000003,0.00286543486,0.0,0.0,0.0,Lg. Bathyp. fish,0.0,0.0,0.0,0.0,0.0,0.79,-3.046287441049733e-10,2.6399998940412894e-11,0.0
28_28_Central_Atlantic_(1950),SE,0.3,20,0.013441102436,0.020515366876,0.012096991849560989,0.0013441102435999997,0.0041030733752,0.00297118956,0.0,0.0,0.0,Md. Bathyp.fish,0.0,0.0,0.0,0.0,0.0,0.9,3.428390106530177e-10,1.5047999985841332e-09,0.0
28_28_Central_Atlantic_(1950),SE,0.3,19,0.06545771003200002,0.22973138617000002,0.05891193573953475,0.0065457710032,0.04594627723400001,0.118327409,0.0,0.0,0.0,Sm. Bathyp. fish,0.0,0.0,0.0,0.0,0.0,0.9,3.2892652629401553e-09,-1.0095999994352844e-08,0.0
28_28_Central_Atlantic_(1950),SE,0.3,18,12.22519406327412,59.3828355,3.573220730157866,8.651973314709084,11.8765671,35.2810745,0.0,0.0,0.0,Sm. Meso fish,0.0,0.0,0.0,0.0,0.0,0.292283356,1.8407170898626646e-08,-1.6327412311056833e-07,0.0
28_28_Central_Atlantic_(1950),SE,0.3,17,0.0003348901755,0.0079257341535,0.00030140115666829864,3.348901755e-05,0.0015851468307,0.006005697,0.0,0.0,0.0,Lg. Meso fish,0.0,0.0,0.0,0.0,0.0,0.9,1.2817013617973105e-12,1.4729999945478633e-10,0.0
28_28_Central_Atlantic_(1950),SE,0.3,16,2.418293435320515,14.779333033030326,2.1764249584475417,0.24182934353205143,2.9558666066060653,9.405173,3.90985e-05,0.0,0.0,Sm. Epi. fish,1.1729549999999999e-05,1.1729549999999999e-05,2.7368949999999998e-05,2.7368949999999998e-05,0.0,0.9,3.4840921703249705e-08,-8.896252623458167e-09,0.0
28_28_Central_Atlantic_(1950),SE,0.3,15,0.1059599016,0.7525932498796599,0.09523928587084607,0.010595990159999997,0.150518649975932,0.496114731,0.000124629,0.0,0.0,Md. Epi. fish,3.7388699999999997e-05,3.7388699999999997e-05,8.724029999999999e-05,8.724029999999999e-05,0.0,0.9,-3.4308460655774198e-09,-3.2696272078691635e-08,0.0
28_28_Central_Atlantic_(1950),SE,0.3,14,0.00984495897,0.12697145868897,0.007685239049978655,0.0018705422042999994,0.025394291737794002,0.091732204,0.000289178,0.0,0.0,Lg. Epi. fish,8.67534e-05,8.67534e-05,0.0002024246,0.0002024246,0.0,0.81,-2.8427865617075554e-10,3.981175999978603e-09,0.0
28_28_Central_Atlantic_(1950),SE,0.3,13,0.00064010414496,0.010287388044000001,6.401041000000001e-05,0.000576093730464,0.0020574776088000003,0.00758980634,0.0,0.0,0.0,Lg. Plank. fish,0.0,0.0,0.0,0.0,0.0,0.09999999999999998,4.496000034943937e-12,-4.9759998205223255e-11,0.0
28_28_Central_Atlantic_(1950),SE,0.3,12,2.1336802558309998e-05,0.00021225354904839998,6.401041000000001e-07,2.0696698481560696e-05,4.245070980968e-05,0.000148466032,0.0,0.0,0.0,Billfishes,0.0,0.0,0.0,0.0,0.0,0.030000000000000027,-2.3250698648292698e-14,4.680409976687977e-12,0.0
28_28_Central_Atlantic_(1950),SE,0.3,11,0.00032651159999999997,0.004353488,6.401041000000001e-07,0.00032587149593018877,0.0008706976,0.00315627875,0.0,0.0,0.0,Swordfish,0.0,0.0,0.0,0.0,0.0,0.0019604328600000276,-3.0188796341229507e-14,5.000000023389073e-11,0.0
28_28_Central_Atlantic_(1950),SE,0.3,10,0.01072980688,0.46030871515199995,0.0017776866754339626,0.008952120234131998,0.09206174303039999,0.357517153,0.0,0.0,0.0,Bigeye,0.0,0.0,0.0,0.0,0.0,0.16567741300000005,-2.9565960790733925e-11,1.2241599955942206e-08,0.0
28_28_Central_Atlantic_(1950),SE,0.3,9,0.0002486316,0.0059671584,9.575327449622515e-05,0.00015287832471324,0.00119343168,0.004525095,0.0,0.0,0.0,Albacore,0.0,0.0,0.0,0.0,0.0,0.3851211,7.90534846785429e-13,1.200000003878654e-10,0.0
28_28_Central_Atlantic_(1950),SE,0.3,8,0.00804781642,0.15322104854,0.001044242037497828,0.007003574237715865,0.030644209707999998,0.114529014,0.0,0.0,0.0,Skipjack,0.0,0.0,0.0,0.0,0.0,0.12975472199999993,1.4478630620817778e-10,8.411999999347053e-09,0.0
28_28_Central_Atlantic_(1950),SE,0.3,7,2.1533975999999998e-06,3.588996e-05,6.401041000000001e-07,6.160445043768214e-07,7.177992e-06,2.655857e-05,8.97249e-07,0.0,0.0,Bluefin,2.691747e-07,2.691747e-07,6.280743e-07,6.280743e-07,0.0,0.713919759,-4.376821679337364e-15,3.999999997569316e-13,0.0
28_28_Central_Atlantic_(1950),SE,0.3,6,0.00010813669999999998,0.00239908993,6.988740116756793e-06,0.00010114795916850798,0.00047981798599999997,0.00181113509,0.0,0.0,0.0,Yellowfin,0.0,0.0,0.0,0.0,0.0,0.06462875999999995,7.147352100358301e-13,1.5400000003516767e-10,0.0
28_28_Central_Atlantic_(1950),SE,0.3,5,0.00249640599,0.06401040999999999,0.0005785155030430785,0.0018723044925,0.012802082,0.048711922,4.5586e-05,0.0,0.0,Pelagic sharks,1.36758e-05,1.36758e-05,3.19102e-05,3.19102e-05,0.0,0.25,-5.543078582942451e-12,9.999993888509806e-12,0.0
28_28_Central_Atlantic_(1950),SE,0.3,4,9.79823604992e-06,0.00919899290843,5.857542543244573e-06,3.940693277589222e-06,0.0018397985816859998,0.00734939566,0.0,0.0,0.0,Seabirds,0.0,0.0,0.0,0.0,0.0,0.59781605,2.290862049619249e-13,4.3069408022650135e-10,0.0
28_28_Central_Atlantic_(1950),SE,0.3,3,1.796872e-05,0.007911342611788,5.217438443244573e-06,1.275128168977432e-05,0.0015822685223576003,0.00631110556,0.0,0.0,0.0,Beaked whales,0.0,0.0,0.0,0.0,0.0,0.29036226900000006,-1.330188909053672e-13,-1.9056960089830488e-10,0.0
28_28_Central_Atlantic_(1950),SE,0.3,2,0.00156,0.52174383222,0.0008372185599812127,0.0007227814573199999,0.104348766444,0.415835053,0.0,0.0,0.0,Toothed whales,0.0,0.0,0.0,0.0,0.0,0.536678553,-1.730121276279084e-11,1.2775999980174646e-08,0.0
28_28_Central_Atlantic_(1950),SE,0.3,1,0.0008256798,0.1814176815802857,0.0005485316108812128,0.0002771482068003528,0.036283536316057144,0.144308478,0.0,0.0,0.0,Baleen whales,0.0,0.0,0.0,0.0,0.0,0.664339364,-1.76815656300483e-11,-1.2535771448662913e-08,0.0
28_28_Central_Atlantic_(1950),SC,0.4,39,-0.0,-0.0,0.0,0.0,0.0,0.0,0.0,0.0,0.0,diet_import,0.0,0.0,0.0,0.0,0.0,,-0.0,0.0,0.0
28_28_Central_Atlantic_(1950),SC,0.4,38,2777.8730180352595,2777.8730180352595,2718.2345000401283,0.0,0.0,0.0,0.0,59.638517995131224,0.0,Detritus,0.0,0.0,0.0,0.0,0.0,1.0,0.0,0.0,0.0
28_28_Central_Atlantic_(1950),SC,0.4,37,2964.2448555,2964.2448555,2304.4126302796485,659.8320120997337,0.0,0.0,0.0,0.0,0.0,Phytoplankton,0.0,0.0,0.0,0.0,0.0,0.777403,0.00021312061790013104,0.0,0.0
28_28_Central_Atlantic_(1950),SC,0.4,36,51.606198899999995,172.02066299999998,3.473465040262137,48.13273376183184,34.4041326,86.01033,0.0,0.0,0.0,Lg. Zoop. deep,0.0,0.0,0.0,0.0,0.0,0.06730712999999999,9.790602462089737e-08,1.499999996212864e-06,0.0
28_28_Central_Atlantic_(1950),SC,0.4,35,326.25349455,1088.1402679500002,136.65760187059252,189.59589687002213,217.62805359000004,544.2587,0.0,0.0,0.0,Sm. Zoop. deep,0.0,0.0,0.0,0.0,0.0,0.41886937599999996,-4.1906146179826465e-06,1.9810000139841577e-05,0.0
28_28_Central_Atlantic_(1950),SC,0.4,34,152.83878554999998,509.4626185,24.764043988060063,128.07474125496339,101.89252370000001,254.731323,0.0,0.0,0.0,Lg. Zoop. shlw,0.0,0.0,0.0,0.0,0.0,0.162027225,3.069765455165907e-07,-1.3749999965284587e-05,0.0
28_28_Central_Atlantic_(1950),SC,0.4,33,1141.8,3808.2000000000003,810.8210994383843,330.97876575719994,761.6400000000001,1904.76,0.0,0.0,0.0,Sm. Zoop. shlw,0.0,0.0,0.0,0.0,0.0,0.710125446,0.00013480441566571244,4.547473508864641e-13,0.0
28_28_Central_Atlantic_(1950),SC,0.4,32,415.91835,563.5749999999999,259.56446880550004,156.35385617274002,112.71499999999999,34.941597,0.0,0.0,0.0,Het. bacteria,0.0,0.0,0.0,0.0,0.0,0.6240755999999998,2.502175988183808e-05,5.2999999965663847e-05,0.0
28_28_Central_Atlantic_(1950),SC,0.4,31,0.43340000000000006,2.6398,0.041626123427598485,0.39177388030000004,0.5279600000000001,1.67843986,0.0,0.0,0.0,Megabenthos,0.0,0.0,0.0,0.0,0.0,0.0960455,-3.72759845213011e-09,1.3999999981528788e-07,0.0
28_28_Central_Atlantic_(1950),SC,0.4,30,0.369,3.6346499999999997,0.09863466851516114,0.270365328792,0.72693,2.53872,0.0,0.0,0.0,Macrobenthos,0.0,0.0,0.0,0.0,0.0,0.26730263200000004,2.6928388408009596e-09,0.0,0.0
28_28_Central_Atlantic_(1950),SC,0.4,29,2.214,22.287599999999998,0.5448121363030838,1.6691878621979999,4.45752,15.6160793,0.0,0.0,0.0,Meiobenthos,0.0,0.0,0.0,0.0,0.0,0.24607594300000002,1.4989161023493125e-09,6.99999999298484e-07,0.0
28_28_Central_Atlantic_(1950),SC,0.4,28,0.012723003955,0.02544600791,0.011450702967616381,0.0012723003954999996,0.005089201582,0.007633802,0.0,0.0,0.0,Benth. ceph.,0.0,0.0,0.0,0.0,0.0,0.9,5.918836185059284e-10,3.729999989432464e-10,0.0
28_28_Central_Atlantic_(1950),SC,0.4,27,0.5644206439999999,4.47855511,0.507978562200084,0.05644206439999998,0.8957110220000001,3.01842356,0.0,0.0,0.0,Lg Squids,0.0,0.0,0.0,0.0,0.0,0.9,1.739991595250956e-08,-1.1599999982792042e-07,0.0
28_28_Central_Atlantic_(1950),SC,0.4,26,1.9626521827999999,15.573218407,1.766386893631383,0.19626521827999993,3.1146436814000005,10.4959221,0.0,0.0,0.0,Sm Squids,0.0,0.0,0.0,0.0,0.0,0.9,7.08886169764611e-08,4.428000011102995e-07,0.0
28_28_Central_Atlantic_(1950),SC,0.4,25,0.029511966558754574,0.05365811909218538,0.028247997140988634,0.001263969107687661,0.010731623818437078,0.01341453,0.0,0.0,0.0,Lg. Bathyd. abs,0.0,0.0,0.0,0.0,0.0,0.957170963,3.100782790255163e-10,-1.2850062697938869e-09,0.0
28_28_Central_Atlantic_(1950),SC,0.4,24,0.032007212730000005,0.0581949347850468,0.03092652416753671,0.0010806897702190206,0.011638986957009361,0.014548731,0.0,0.0,0.0,Sm. Bathyd. abs,0.0,0.0,0.0,0.0,0.0,0.966236055,-1.207755728760418e-09,4.098037435437685e-09,0.0
28_28_Central_Atlantic_(1950),SC,0.4,23,0.0030136304000000004,0.00547932783219558,0.0019225564713861983,0.00102711515654528,0.001095865566439116,0.00136983185,6.39589e-05,0.0,0.0,Lg. Bathyd. slp,0.0,2.558356e-05,3.8375339999999994e-05,6.39589e-05,0.0,0.6591768,-1.2793147834491703e-10,1.5756463408317378e-11,0.0
28_28_Central_Atlantic_(1950),SC,0.4,22,0.005653607665707449,0.010279287244467,0.004260451747794523,0.0012050065457042862,0.0020558574488934002,0.00256982166,0.000188149,0.0,0.0,Sm. Bathyd. slp,0.0,7.525960000000001e-05,0.0001128894,0.000188149,0.0,0.7868606,3.7220863977754926e-10,4.69866151195375e-10,0.0
28_28_Central_Atlantic_(1950),SC,0.4,21,0.006341536224000001,0.011508713888,0.005009813921588745,0.0013317226070399999,0.0023017427776000003,0.00286543486,0.0,0.0,0.0,Lg. Bathyp. fish,0.0,0.0,0.0,0.0,0.0,0.79,-3.046287441049733e-10,2.6399998940412894e-11,0.0
28_28_Central_Atlantic_(1950),SC,0.4,20,0.013441102436,0.020515366876,0.012096991849560989,0.0013441102435999997,0.0041030733752,0.00297118956,0.0,0.0,0.0,Md. Bathyp.fish,0.0,0.0,0.0,0.0,0.0,0.9,3.428390106530177e-10,1.5047999985841332e-09,0.0
28_28_Central_Atlantic_(1950),SC,0.4,19,0.06545771003200002,0.22973138617000002,0.05891193573953475,0.0065457710032,0.04594627723400001,0.118327409,0.0,0.0,0.0,Sm. Bathyp. fish,0.0,0.0,0.0,0.0,0.0,0.9,3.2892652629401553e-09,-1.0095999994352844e-08,0.0
28_28_Central_Atlantic_(1950),SC,0.4,18,12.22519406327412,59.3828355,3.573220730157866,8.651973314709084,11.8765671,35.2810745,0.0,0.0,0.0,Sm. Meso fish,0.0,0.0,0.0,0.0,0.0,0.292283356,1.8407170898626646e-08,-1.6327412311056833e-07,0.0
28_28_Central_Atlantic_(1950),SC,0.4,17,0.0003348901755,0.0079257341535,0.00030140115666829864,3.348901755e-05,0.0015851468307,0.006005697,0.0,0.0,0.0,Lg. Meso fish,0.0,0.0,0.0,0.0,0.0,0.9,1.2817013617973105e-12,1.4729999945478633e-10,0.0
28_28_Central_Atlantic_(1950),SC,0.4,16,2.418293435320515,14.779333033030326,2.1764249584475417,0.24182934353205143,2.9558666066060653,9.405173,3.90985e-05,0.0,0.0,Sm. Epi. fish,0.0,1.56394e-05,2.3459099999999997e-05,3.90985e-05,0.0,0.9,3.4840922147338915e-08,-8.896252623458167e-09,0.0
28_28_Central_Atlantic_(1950),SC,0.4,15,0.1059599016,0.7525932498796599,0.09523928587084607,0.010595990159999997,0.150518649975932,0.496114731,0.000124629,0.0,0.0,Md. Epi. fish,0.0,4.9851599999999995e-05,7.477739999999999e-05,0.000124629,0.0,0.9,-3.4308460655774198e-09,-3.2696272078691635e-08,0.0
28_28_Central_Atlantic_(1950),SC,0.4,14,0.00984495897,0.12697145868897,0.007685239049978655,0.0018705422042999994,0.025394291737794002,0.091732204,0.000289178,0.0,0.0,Lg. Epi. fish,0.0,0.00011567120000000001,0.0001735068,0.000289178,0.0,0.81,-2.8427865443603206e-10,3.981175999978603e-09,0.0
28_28_Central_Atlantic_(1950),SC,0.4,13,0.00064010414496,0.010287388044000001,6.401041000000001e-05,0.000576093730464,0.0020574776088000003,0.00758980634,0.0,0.0,0.0,Lg. Plank. fish,0.0,0.0,0.0,0.0,0.0,0.09999999999999998,4.496000034943937e-12,-4.9759998205223255e-11,0.0
28_28_Central_Atlantic_(1950),SC,0.4,12,2.1336802558309998e-05,0.00021225354904839998,6.401041000000001e-07,2.0696698481560696e-05,4.245070980968e-05,0.000148466032,0.0,0.0,0.0,Billfishes,0.0,0.0,0.0,0.0,0.0,0.030000000000000027,-2.3250698648292698e-14,4.680409976687977e-12,0.0
28_28_Central_Atlantic_(1950),SC,0.4,11,0.00032651159999999997,0.004353488,6.401041000000001e-07,0.00032587149593018877,0.0008706976,0.00315627875,0.0,0.0,0.0,Swordfish,0.0,0.0,0.0,0.0,0.0,0.0019604328600000276,-3.0188796341229507e-14,5.000000023389073e-11,0.0
28_28_Central_Atlantic_(1950),SC,0.4,10,0.01072980688,0.46030871515199995,0.0017776866754339626,0.008952120234131998,0.09206174303039999,0.357517153,0.0,0.0,0.0,Bigeye,0.0,0.0,0.0,0.0,0.0,0.16567741300000005,-2.9565960790733925e-11,1.2241599955942206e-08,0.0
28_28_Central_Atlantic_(1950),SC,0.4,9,0.0002486316,0.0059671584,9.575327449622515e-05,0.00015287832471324,0.00119343168,0.004525095,0.0,0.0,0.0,Albacore,0.0,0.0,0.0,0.0,0.0,0.3851211,7.90534846785429e-13,1.200000003878654e-10,0.0
28_28_Central_Atlantic_(1950),SC,0.4,8,0.00804781642,0.15322104854,0.001044242037497828,0.007003574237715865,0.030644209707999998,0.114529014,0.0,0.0,0.0,Skipjack,0.0,0.0,0.0,0.0,0.0,0.12975472199999993,1.4478630620817778e-10,8.411999999347053e-09,0.0
28_28_Central_Atlantic_(1950),SC,0.4,7,2.1533975999999998e-06,3.588996e-05,6.401041000000001e-07,6.160445043768214e-07,7.177992e-06,2.655857e-05,8.97249e-07,0.0,0.0,Bluefin,0.0,3.5889960000000005e-07,5.383494e-07,8.97249e-07,0.0,0.713919759,-4.376821679337364e-15,3.999999997569316e-13,0.0
28_28_Central_Atlantic_(1950),SC,0.4,6,0.00010813669999999998,0.00239908993,6.988740116756793e-06,0.00010114795916850798,0.00047981798599999997,0.00181113509,0.0,0.0,0.0,Yellowfin,0.0,0.0,0.0,0.0,0.0,0.06462875999999995,7.147352100358301e-13,1.5400000003516767e-10,0.0
28_28_Central_Atlantic_(1950),SC,0.4,5,0.00249640599,0.06401040999999999,0.0005785155030430785,0.0018723044925,0.012802082,0.048711922,4.5586e-05,0.0,0.0,Pelagic sharks,0.0,1.82344e-05,2.73516e-05,4.5586e-05,0.0,0.25,-5.543078149261582e-12,9.999993888509806e-12,0.0
28_28_Central_Atlantic_(1950),SC,0.4,4,9.79823604992e-06,0.00919899290843,5.857542543244573e-06,3.940693277589222e-06,0.0018397985816859998,0.00734939566,0.0,0.0,0.0,Seabirds,0.0,0.0,0.0,0.0,0.0,0.59781605,2.290862049619249e-13,4.3069408022650135e-10,0.0
28_28_Central_Atlantic_(1950),SC,0.4,3,1.796872e-05,0.007911342611788,5.217438443244573e-06,1.275128168977432e-05,0.0015822685223576003,0.00631110556,0.0,0.0,0.0,Beaked whales,0.0,0.0,0.0,0.0,0.0,0.29036226900000006,-1.330188909053672e-13,-1.9056960089830488e-10,0.0
28_28_Central_Atlantic_(1950),SC,0.4,2,0.00156,0.52174383222,0.0008372185599812127,0.0007227814573199999,0.104348766444,0.415835053,0.0,0.0,0.0,Toothed whales,0.0,0.0,0.0,0.0,0.0,0.536678553,-1.730121276279084e-11,1.2775999980174646e-08,0.0
28_28_Central_Atlantic_(1950),SC,0.4,1,0.0008256798,0.1814176815802857,0.0005485316108812128,0.0002771482068003528,0.036283536316057144,0.144308478,0.0,0.0,0.0,Baleen whales,0.0,0.0,0.0,0.0,0.0,0.664339364,-1.76815656300483e-11,-1.2535771448662913e-08,0.0
28_28_Central_Atlantic_(1950),SM,0.4,39,-0.0,-0.0,0.0,0.0,0.0,0.0,0.0,0.0,0.0,diet_import,0.0,0.0,0.0,0.0,0.0,,-0.0,0.0,0.0
28_28_Central_Atlantic_(1950),SM,0.4,38,2777.873318633919,2777.873318633919,2718.2345000401283,0.0,0.0,0.0,0.0,59.6388185937908,0.0,Detritus,0.0,0.0,0.0,0.0,0.0,1.0,0.0,0.0,0.0
28_28_Central_Atlantic_(1950),SM,0.4,37,2964.2448555,2964.2448555,2304.4126302796485,659.8320120997337,0.0,0.0,0.0,0.0,0.0,Phytoplankton,0.0,0.0,0.0,0.0,0.0,0.777403,0.00021312061790013104,0.0,0.0
28_28_Central_Atlantic_(1950),SM,0.4,36,51.606198899999995,172.02066299999998,3.473465040262137,48.13273376183184,34.4041326,86.01033,0.0,0.0,0.0,Lg. Zoop. deep,0.0,0.0,0.0,0.0,0.0,0.06730712999999999,9.790602462089737e-08,1.499999996212864e-06,0.0
28_28_Central_Atlantic_(1950),SM,0.4,35,326.25349455,1088.1402679500002,136.65760187059252,189.59589687002213,217.62805359000004,544.2587,0.0,0.0,0.0,Sm. Zoop. deep,0.0,0.0,0.0,0.0,0.0,0.41886937599999996,-4.1906146179826465e-06,1.9810000139841577e-05,0.0
28_28_Central_Atlantic_(1950),SM,0.4,34,152.83878554999998,509.4626185,24.764043988060063,128.07474125496339,101.89252370000001,254.731323,0.0,0.0,0.0,Lg. Zoop. shlw,0.0,0.0,0.0,0.0,0.0,0.162027225,3.069765455165907e-07,-1.3749999965284587e-05,0.0
28_28_Central_Atlantic_(1950),SM,0.4,33,1141.8,3808.2000000000003,810.8210994383843,330.97876575719994,761.6400000000001,1904.76,0.0,0.0,0.0,Sm. Zoop. shlw,0.0,0.0,0.0,0.0,0.0,0.710125446,0.00013480441566571244,4.547473508864641e-13,0.0
28_28_Central_Atlantic_(1950),SM,0.4,32,415.91835,563.5749999999999,259.56446880550004,156.35385617274002,112.71499999999999,34.941597,0.0,0.0,0.0,Het. bacteria,0.0,0.0,0.0,0.0,0.0,0.6240755999999998,2.502175988183808e-05,5.2999999965663847e-05,0.0
28_28_Central_Atlantic_(1950),SM,0.4,31,0.43340000000000006,2.6398,0.041626123427598485,0.39177388030000004,0.5279600000000001,1.67843986,0.0,0.0,0.0,Megabenthos,0.0,0.0,0.0,0.0,0.0,0.0960455,-3.72759845213011e-09,1.3999999981528788e-07,0.0
28_28_Central_Atlantic_(1950),SM,0.4,30,0.369,3.6346499999999997,0.09863466851516114,0.270365328792,0.72693,2.53872,0.0,0.0,0.0,Macrobenthos,0.0,0.0,0.0,0.0,0.0,0.26730263200000004,2.6928388408009596e-09,0.0,0.0
28_28_Central_Atlantic_(1950),SM,0.4,29,2.214,22.287599999999998,0.5448121363030838,1.6691878621979999,4.45752,15.6160793,0.0,0.0,0.0,Meiobenthos,0.0,0.0,0.0,0.0,0.0,0.24607594300000002,1.4989161023493125e-09,6.99999999298484e-07,0.0
28_28_Central_Atlantic_(1950),SM,0.4,28,0.012723003955,0.02544600791,0.011450702967616381,0.0012723003954999996,0.005089201582,0.007633802,0.0,0.0,0.0,Benth. ceph.,0.0,0.0,0.0,0.0,0.0,0.9,5.918836185059284e-10,3.729999989432464e-10,0.0
28_28_Central_Atlantic_(1950),SM,0.4,27,0.5644206439999999,4.47855511,0.507978562200084,0.05644206439999998,0.8957110220000001,3.01842356,0.0,0.0,0.0,Lg Squids,0.0,0.0,0.0,0.0,0.0,0.9,1.739991595250956e-08,-1.1599999982792042e-07,0.0
28_28_Central_Atlantic_(1950),SM,0.4,26,1.9626521827999999,15.573218407,1.766386893631383,0.19626521827999993,3.1146436814000005,10.4959221,0.0,0.0,0.0,Sm Squids,0.0,0.0,0.0,0.0,0.0,0.9,7.08886169764611e-08,4.428000011102995e-07,0.0
28_28_Central_Atlantic_(1950),SM,0.4,25,0.029511966558754574,0.05365811909218538,0.028247997140988634,0.001263969107687661,0.010731623818437078,0.01341453,0.0,0.0,0.0,Lg. Bathyd. abs,0.0,0.0,0.0,0.0,0.0,0.957170963,3.100782790255163e-10,-1.2850062697938869e-09,0.0
28_28_Central_Atlantic_(1950),SM,0.4,24,0.032007212730000005,0.0581949347850468,0.03092652416753671,0.0010806897702190206,0.011638986957009361,0.014548731,0.0,0.0,0.0,Sm. Bathyd. abs,0.0,0.0,0.0,0.0,0.0,0.966236055,-1.207755728760418e-09,4.098037435437685e-09,0.0
28_28_Central_Atlantic_(1950),SM,0.4,23,0.0030136304000000004,0.00547932783219558,0.0019225564713861983,0.00105269871654528,0.001095865566439116,0.00136983185,6.39589e-05,0.0,0.0,Lg. Bathyd. slp,0.0,2.558356e-05,3.8375339999999994e-05,3.8375339999999994e-05,0.0,0.6506875174390065,-1.2793147791123616e-10,1.5756463408317378e-11,0.0
28_28_Central_Atlantic_(1950),SM,0.4,22,0.005653607665707449,0.010279287244467,0.004260451747794523,0.0012802661457042863,0.0020558574488934002,0.00256982166,0.000188149,0.0,0.0,Sm. Bathyd. slp,0.0,7.525960000000001e-05,0.0001128894,0.0001128894,0.0,0.7735488167193003,3.72208640644911e-10,4.69866151195375e-10,0.0
28_28_Central_Atlantic_(1950),SM,0.4,21,0.006341536224000001,0.011508713888,0.005009813921588745,0.0013317226070399999,0.0023017427776000003,0.00286543486,0.0,0.0,0.0,Lg. Bathyp. fish,0.0,0.0,0.0,0.0,0.0,0.79,-3.046287441049733e-10,2.6399998940412894e-11,0.0
28_28_Central_Atlantic_(1950),SM,0.4,20,0.013441102436,0.020515366876,0.012096991849560989,0.0013441102435999997,0.0041030733752,0.00297118956,0.0,0.0,0.0,Md. Bathyp.fish,0.0,0.0,0.0,0.0,0.0,0.9,3.428390106530177e-10,1.5047999985841332e-09,0.0
28_28_Central_Atlantic_(1950),SM,0.4,19,0.06545771003200002,0.22973138617000002,0.05891193573953475,0.0065457710032,0.04594627723400001,0.118327409,0.0,0.0,0.0,Sm. Bathyp. fish,0.0,0.0,0.0,0.0,0.0,0.9,3.2892652629401553e-09,-1.0095999994352844e-08,0.0
28_28_Central_Atlantic_(1950),SM,0.4,18,12.22519406327412,59.3828355,3.573220730157866,8.651973314709084,11.8765671,35.2810745,0.0,0.0,0.0,Sm. Meso fish,0.0,0.0,0.0,0.0,0.0,0.292283356,1.8407170898626646e-08,-1.6327412311056833e-07,0.0
28_28_Central_Atlantic_(1950),SM,0.4,17,0.0003348901755,0.0079257341535,0.00030140115666829864,3.348901755e-05,0.0015851468307,0.006005697,0.0,0.0,0.0,Lg. Meso fish,0.0,0.0,0.0,0.0,0.0,0.9,1.2817013617973105e-12,1.4729999945478633e-10,0.0
28_28_Central_Atlantic_(1950),SM,0.4,16,2.418293435320515,14.779333033030326,2.1764249584475417,0.24184498293205142,2.9558666066060653,9.405173,3.90985e-05,0.0,0.0,Sm. Epi. fish,0.0,1.56394e-05,2.3459099999999997e-05,2.3459099999999997e-05,0.0,0.8999935328774533,3.4840922147338915e-08,-8.896252623458167e-09,0.0
28_28_Central_Atlantic_(1950),SM,0.4,15,0.1059599016,0.7525932498796599,0.09523928587084607,0.010645841759999997,0.150518649975932,0.496114731,0.000124629,0.0,0.0,Md. Epi. fish,0.0,4.9851599999999995e-05,7.477739999999999e-05,7.477739999999999e-05,0.0,0.8995295239119022,-3.4308460655774198e-09,-3.2696272078691635e-08,0.0
28_28_Central_Atlantic_(1950),SM,0.4,14,0.00984495897,0.12697145868897,0.007685239049978655,0.0019862134042999994,0.025394291737794002,0.091732204,0.000289178,0.0,0.0,Lg. Epi. fish,0.0,0.00011567120000000001,0.0001735068,0.0001735068,0.0,0.7982507179204629,-2.8427865443603206e-10,3.981175999978603e-09,0.0
28_28_Central_Atlantic_(1950),SM,0.4,13,0.00064010414496,0.010287388044000001,6.401041000000001e-05,0.000576093730464,0.0020574776088000003,0.00758980634,0.0,0.0,0.0,Lg. Plank. fish,0.0,0.0,0.0,0.0,0.0,0.09999999999999998,4.496000034943937e-12,-4.9759998205223255e-11,0.0
28_28_Central_Atlantic_(1950),SM,0.4,12,2.1336802558309998e-05,0.00021225354904839998,6.401041000000001e-07,2.0696698481560696e-05,4.245070980968e-05,0.000148466032,0.0,0.0,0.0,Billfishes,0.0,0.0,0.0,0.0,0.0,0.030000000000000027,-2.3250698648292698e-14,4.680409976687977e-12,0.0
28_28_Central_Atlantic_(1950),SM,0.4,11,0.00032651159999999997,0.004353488,6.401041000000001e-07,0.00032587149593018877,0.0008706976,0.00315627875,0.0,0.0,0.0,Swordfish,0.0,0.0,0.0,0.0,0.0,0.0019604328600000276,-3.0188796341229507e-14,5.000000023389073e-11,0.0
28_28_Central_Atlantic_(1950),SM,0.4,10,0.01072980688,0.46030871515199995,0.0017776866754339626,0.008952120234131998,0.09206174303039999,0.357517153,0.0,0.0,0.0,Bigeye,0.0,0.0,0.0,0.0,0.0,0.16567741300000005,-2.9565960790733925e-11,1.2241599955942206e-08,0.0
28_28_Central_Atlantic_(1950),SM,0.4,9,0.0002486316,0.0059671584,9.575327449622515e-05,0.00015287832471324,0.00119343168,0.004525095,0.0,0.0,0.0,Albacore,0.0,0.0,0.0,0.0,0.0,0.3851211,7.90534846785429e-13,1.200000003878654e-10,0.0
28_28_Central_Atlantic_(1950),SM,0.4,8,0.00804781642,0.15322104854,0.001044242037497828,0.007003574237715865,0.030644209707999998,0.114529014,0.0,0.0,0.0,Skipjack,0.0,0.0,0.0,0.0,0.0,0.12975472199999993,1.4478630620817778e-10,8.411999999347053e-09,0.0
28_28_Central_Atlantic_(1950),SM,0.4,7,2.1533975999999998e-06,3.588996e-05,6.401041000000001e-07,9.749441043768215e-07,7.177992e-06,2.655857e-05,8.97249e-07,0.0,0.0,Bluefin,0.0,3.5889960000000005e-07,5.383494e-07,5.383494e-07,0.0,0.5472530923333333,-4.376822102853837e-15,3.999999997569316e-13,0.0
28_28_Central_Atlantic_(1950),SM,0.4,6,0.00010813669999999998,0.00239908993,6.988740116756793e-06,0.00010114795916850798,0.00047981798599999997,0.00181113509,0.0,0.0,0.0,Yellowfin,0.0,0.0,0.0,0.0,0.0,0.06462875999999995,7.147352100358301e-13,1.5400000003516767e-10,0.0
28_28_Central_Atlantic_(1950),SM,0.4,5,0.00249640599,0.06401040999999999,0.0005785155030430785,0.0018905388924999999,0.012802082,0.048711922,4.5586e-05,0.0,0.0,Pelagic sharks,0.0,1.82344e-05,2.73516e-05,2.73516e-05,0.0,0.2426957393656951,-5.543078149261582e-12,9.999993888509806e-12,0.0
28_28_Central_Atlantic_(1950),SM,0.4,4,9.79823604992e-06,0.00919899290843,5.857542543244573e-06,3.940693277589222e-06,0.0018397985816859998,0.00734939566,0.0,0.0,0.0,Seabirds,0.0,0.0,0.0,0.0,0.0,0.59781605,2.290862049619249e-13,4.3069408022650135e-10,0.0
28_28_Central_Atlantic_(1950),SM,0.4,3,1.796872e-05,0.007911342611788,5.217438443244573e-06,1.275128168977432e-05,0.0015822685223576003,0.00631110556,0.0,0.0,0.0,Beaked whales,0.0,0.0,0.0,0.0,0.0,0.29036226900000006,-1.330188909053672e-13,-1.9056960089830488e-10,0.0
28_28_Central_Atlantic_(1950),SM,0.4,2,0.00156,0.52174383222,0.0008372185599812127,0.0007227814573199999,0.104348766444,0.415835053,0.0,0.0,0.0,Toothed whales,0.0,0.0,0.0,0.0,0.0,0.536678553,-1.730121276279084e-11,1.2775999980174646e-08,0.0
28_28_Central_Atlantic_(1950),SM,0.4,1,0.0008256798,0.1814176815802857,0.0005485316108812128,0.0002771482068003528,0.036283536316057144,0.144308478,0.0,0.0,0.0,Baleen whales,0.0,0.0,0.0,0.0,0.0,0.664339364,-1.76815656300483e-11,-1.2535771448662913e-08,0.0
28_28_Central_Atlantic_(1950),SE,0.4,39,-0.0,-0.0,0.0,0.0,0.0,0.0,0.0,0.0,0.0,diet_import,0.0,0.0,0.0,0.0,0.0,,-0.0,0.0,0.0
28_28_Central_Atlantic_(1950),SE,0.4,38,2777.8730180352595,2777.8730180352595,2718.2345000401283,0.0,0.0,0.0,0.0,59.638517995131224,0.0,Detritus,0.0,0.0,0.0,0.0,0.0,1.0,0.0,0.0,0.0
28_28_Central_Atlantic_(1950),SE,0.4,37,2964.2448555,2964.2448555,2304.4126302796485,659.8320120997337,0.0,0.0,0.0,0.0,0.0,Phytoplankton,0.0,0.0,0.0,0.0,0.0,0.777403,0.00021312061790013104,0.0,0.0
28_28_Central_Atlantic_(1950),SE,0.4,36,51.606198899999995,172.02066299999998,3.473465040262137,48.13273376183184,34.4041326,86.01033,0.0,0.0,0.0,Lg. Zoop. deep,0.0,0.0,0.0,0.0,0.0,0.06730712999999999,9.790602462089737e-08,1.499999996212864e-06,0.0
28_28_Central_Atlantic_(1950),SE,0.4,35,326.25349455,1088.1402679500002,136.65760187059252,189.59589687002213,217.62805359000004,544.2587,0.0,0.0,0.0,Sm. Zoop. deep,0.0,0.0,0.0,0.0,0.0,0.41886937599999996,-4.1906146179826465e-06,1.9810000139841577e-05,0.0
28_28_Central_Atlantic_(1950),SE,0.4,34,152.83878554999998,509.4626185,24.764043988060063,128.07474125496339,101.89252370000001,254.731323,0.0,0.0,0.0,Lg. Zoop. shlw,0.0,0.0,0.0,0.0,0.0,0.162027225,3.069765455165907e-07,-1.3749999965284587e-05,0.0
28_28_Central_Atlantic_(1950),SE,0.4,33,1141.8,3808.2000000000003,810.8210994383843,330.97876575719994,761.6400000000001,1904.76,0.0,0.0,0.0,Sm. Zoop. shlw,0.0,0.0,0.0,0.0,0.0,0.710125446,0.00013480441566571244,4.547473508864641e-13,0.0
28_28_Central_Atlantic_(1950),SE,0.4,32,415.91835,563.5749999999999,259.56446880550004,156.35385617274002,112.71499999999999,34.941597,0.0,0.0,0.0,Het. bacteria,0.0,0.0,0.0,0.0,0.0,0.6240755999999998,2.502175988183808e-05,5.2999999965663847e-05,0.0
28_28_Central_Atlantic_(1950),SE,0.4,31,0.43340000000000006,2.6398,0.041626123427598485,0.39177388030000004,0.5279600000000001,1.67843986,0.0,0.0,0.0,Megabenthos,0.0,0.0,0.0,0.0,0.0,0.0960455,-3.72759845213011e-09,1.3999999981528788e-07,0.0
28_28_Central_Atlantic_(1950),SE,0.4,30,0.369,3.6346499999999997,0.09863466851516114,0.270365328792,0.72693,2.53872,0.0,0.0,0.0,Macrobenthos,0.0,0.0,0.0,0.0,0.0,0.26730263200000004,2.6928388408009596e-09,0.0,0.0
28_28_Central_Atlantic_(1950),SE,0.4,29,2.214,22.287599999999998,0.5448121363030838,1.6691878621979999,4.45752,15.6160793,0.0,0.0,0.0,Meiobenthos,0.0,0.0,0.0,0.0,0.0,0.24607594300000002,1.4989161023493125e-09,6.99999999298484e-07,0.0
28_28_Central_Atlantic_(1950),SE,0.4,28,0.012723003955,0.02544600791,0.011450702967616381,0.0012723003954999996,0.005089201582,0.007633802,0.0,0.0,0.0,Benth. ceph.,0.0,0.0,0.0,0.0,0.0,0.9,5.918836185059284e-10,3.729999989432464e-10,0.0
28_28_Central_Atlantic_(1950),SE,0.4,27,0.5644206439999999,4.47855511,0.507978562200084,0.05644206439999998,0.8957110220000001,3.01842356,0.0,0.0,0.0,Lg Squids,0.0,0.0,0.0,0.0,0.0,0.9,1.739991595250956e-08,-1.1599999982792042e-07,0.0
28_28_Central_Atlantic_(1950),SE,0.4,26,1.9626521827999999,15.573218407,1.766386893631383,0.19626521827999993,3.1146436814000005,10.4959221,0.0,0.0,0.0,Sm Squids,0.0,0.0,0.0,0.0,0.0,0.9,7.08886169764611e-08,4.428000011102995e-07,0.0
28_28_Central_Atlantic_(1950),SE,0.4,25,0.029511966558754574,0.05365811909218538,0.028247997140988634,0.001263969107687661,0.010731623818437078,0.01341453,0.0,0.0,0.0,Lg. Bathyd. abs,0.0,0.0,0.0,0.0,0.0,0.957170963,3.100782790255163e-10,-1.2850062697938869e-09,0.0
28_28_Central_Atlantic_(1950),SE,0.4,24,0.032007212730000005,0.0581949347850468,0.03092652416753671,0.0010806897702190206,0.011638986957009361,0.014548731,0.0,0.0,0.0,Sm. Bathyd. abs,0.0,0.0,0.0,0.0,0.0,0.966236055,-1.207755728760418e-09,4.098037435437685e-09,0.0
28_28_Central_Atlantic_(1950),SE,0.4,23,0.0030136304000000004,0.00547932783219558,0.0019225564713861983,0.00102711515654528,0.001095865566439116,0.00136983185,6.39589e-05,0.0,0.0,Lg. Bathyd. slp,2.558356e-05,2.558356e-05,3.8375339999999994e-05,3.8375339999999994e-05,0.0,0.6591768,-1.2793147834491703e-10,1.5756463408317378e-11,0.0
28_28_Central_Atlantic_(1950),SE,0.4,22,0.005653607665707449,0.010279287244467,0.004260451747794523,0.0012050065457042862,0.0020558574488934002,0.00256982166,0.000188149,0.0,0.0,Sm. Bathyd. slp,7.525960000000001e-05,7.525960000000001e-05,0.0001128894,0.0001128894,0.0,0.7868606,3.72208640644911e-10,4.69866151195375e-10,0.0
28_28_Central_Atlantic_(1950),SE,0.4,21,0.006341536224000001,0.011508713888,0.005009813921588745,0.0013317226070399999,0.0023017427776000003,0.00286543486,0.0,0.0,0.0,Lg. Bathyp. fish,0.0,0.0,0.0,0.0,0.0,0.79,-3.046287441049733e-10,2.6399998940412894e-11,0.0
28_28_Central_Atlantic_(1950),SE,0.4,20,0.013441102436,0.020515366876,0.012096991849560989,0.0013441102435999997,0.0041030733752,0.00297118956,0.0,0.0,0.0,Md. Bathyp.fish,0.0,0.0,0.0,0.0,0.0,0.9,3.428390106530177e-10,1.5047999985841332e-09,0.0
28_28_Central_Atlantic_(1950),SE,0.4,19,0.06545771003200002,0.22973138617000002,0.05891193573953475,0.0065457710032,0.04594627723400001,0.118327409,0.0,0.0,0.0,Sm. Bathyp. fish,0.0,0.0,0.0,0.0,0.0,0.9,3.2892652629401553e-09,-1.0095999994352844e-08,0.0
28_28_Central_Atlantic_(1950),SE,0.4,18,12.22519406327412,59.3828355,3.573220730157866,8.651973314709084,11.8765671,35.2810745,0.0,0.0,0.0,Sm. Meso fish,0.0,0.0,0.0,0.0,0.0,0.292283356,1.8407170898626646e-08,-1.6327412311056833e-07,0.0
28_28_Central_Atlantic_(1950),SE,0.4,17,0.0003348901755,0.0079257341535,0.00030140115666829864,3.348901755e-05,0.0015851468307,0.006005697,0.0,0.0,0.0,Lg. Meso fish,0.0,0.0,0.0,0.0,0.0,0.9,1.2817013617973105e-12,1.4729999945478633e-10,0.0
28_28_Central_Atlantic_(1950),SE,0.4,16,2.418293435320515,14.779333033030326,2.1764249584475417,0.24182934353205143,2.9558666066060653,9.405173,3.90985e-05,0.0,0.0,Sm. Epi. fish,1.56394e-05,1.56394e-05,2.3459099999999997e-05,2.3459099999999997e-05,0.0,0.9,3.4840922147338915e-08,-8.896252623458167e-09,0.0
28_28_Central_Atlantic_(1950),SE,0.4,15,0.1059599016,0.7525932498796599,0.09523928587084607,0.010595990159999997,0.150518649975932,0.496114731,0.000124629,0.0,0.0,Md. Epi. fish,4.9851599999999995e-05,4.9851599999999995e-05,7.477739999999999e-05,7.477739999999999e-05,0.0,0.9,-3.4308460655774198e-09,-3.2696272078691635e-08,0.0
28_28_Central_Atlantic_(1950),SE,0.4,14,0.00984495897,0.12697145868897,0.007685239049978655,0.0018705422042999994,0.025394291737794002,0.091732204,0.000289178,0.0,0.0,Lg. Epi. fish,0.00011567120000000001,0.00011567120000000001,0.0001735068,0.0001735068,0.0,0.81,-2.8427865617075554e-10,3.981175999978603e-09,0.0
28_28_Central_Atlantic_(1950),SE,0.4,13,0.00064010414496,0.010287388044000001,6.401041000000001e-05,0.000576093730464,0.0020574776088000003,0.00758980634,0.0,0.0,0.0,Lg. Plank. fish,0.0,0.0,0.0,0.0,0.0,0.09999999999999998,4.496000034943937e-12,-4.9759998205223255e-11,0.0
28_28_Central_Atlantic_(1950),SE,0.4,12,2.1336802558309998e-05,0.00021225354904839998,6.401041000000001e-07,2.0696698481560696e-05,4.245070980968e-05,0.000148466032,0.0,0.0,0.0,Billfishes,0.0,0.0,0.0,0.0,0.0,0.030000000000000027,-2.3250698648292698e-14,4.680409976687977e-12,0.0
28_28_Central_Atlantic_(1950),SE,0.4,11,0.00032651159999999997,0.004353488,6.401041000000001e-07,0.00032587149593018877,0.0008706976,0.00315627875,0.0,0.0,0.0,Swordfish,0.0,0.0,0.0,0.0,0.0,0.0019604328600000276,-3.0188796341229507e-14,5.000000023389073e-11,0.0
28_28_Central_Atlantic_(1950),SE,0.4,10,0.01072980688,0.46030871515199995,0.0017776866754339626,0.008952120234131998,0.09206174303039999,0.357517153,0.0,0.0,0.0,Bigeye,0.0,0.0,0.0,0.0,0.0,0.16567741300000005,-2.9565960790733925e-11,1.2241599955942206e-08,0.0
28_28_Central_Atlantic_(1950),SE,0.4,9,0.0002486316,0.0059671584,9.575327449622515e-05,0.00015287832471324,0.00119343168,0.004525095,0.0,0.0,0.0,Albacore,0.0,0.0,0.0,0.0,0.0,0.3851211,7.90534846785429e-13,1.200000003878654e-10,0.0
28_28_Central_Atlantic_(1950),SE,0.4,8,0.00804781642,0.15322104854,0.001044242037497828,0.007003574237715865,0.030644209707999998,0.114529014,0.0,0.0,0.0,Skipjack,0.0,0.0,0.0,0.0,0.0,0.12975472199999993,1.4478630620817778e-10,8.411999999347053e-09,0.0
28_28_Central_Atlantic_(1950),SE,0.4,7,2.1533975999999998e-06,3.588996e-05,6.401041000000001e-07,6.160445043768214e-07,7.177992e-06,2.655857e-05,8.97249e-07,0.0,0.0,Bluefin,3.5889960000000005e-07,3.5889960000000005e-07,5.383494e-07,5.383494e-07,0.0,0.713919759,-4.376821679337364e-15,3.999999997569316e-13,0.0
28_28_Central_Atlantic_(1950),SE,0.4,6,0.00010813669999999998,0.00239908993,6.988740116756793e-06,0.00010114795916850798,0.00047981798599999997,0.00181113509,0.0,0.0,0.0,Yellowfin,0.0,0.0,0.0,0.0,0.0,0.06462875999999995,7.147352100358301e-13,1.5400000003516767e-10,0.0
28_28_Central_Atlantic_(1950),SE,0.4,5,0.00249640599,0.06401040999999999,0.0005785155030430785,0.0018723044925,0.012802082,0.048711922,4.5586e-05,0.0,0.0,Pelagic sharks,1.82344e-05,1.82344e-05,2.73516e-05,2.73516e-05,0.0,0.25,-5.543078149261582e-12,9.999993888509806e-12,0.0
28_28_Central_Atlantic_(1950),SE,0.4,4,9.79823604992e-06,0.00919899290843,5.857542543244573e-06,3.940693277589222e-06,0.0018397985816859998,0.00734939566,0.0,0.0,0.0,Seabirds,0.0,0.0,0.0,0.0,0.0,0.59781605,2.290862049619249e-13,4.3069408022650135e-10,0.0
28_28_Central_Atlantic_(1950),SE,0.4,3,1.796872e-05,0.007911342611788,5.217438443244573e-06,1.275128168977432e-05,0.0015822685223576003,0.00631110556,0.0,0.0,0.0,Beaked whales,0.0,0.0,0.0,0.0,0.0,0.29036226900000006,-1.330188909053672e-13,-1.9056960089830488e-10,0.0
28_28_Central_Atlantic_(1950),SE,0.4,2,0.00156,0.52174383222,0.0008372185599812127,0.0007227814573199999,0.104348766444,0.415835053,0.0,0.0,0.0,Toothed whales,0.0,0.0,0.0,0.0,0.0,0.536678553,-1.730121276279084e-11,1.2775999980174646e-08,0.0
28_28_Central_Atlantic_(1950),SE,0.4,1,0.0008256798,0.1814176815802857,0.0005485316108812128,0.0002771482068003528,0.036283536316057144,0.144308478,0.0,0.0,0.0,Baleen whales,0.0,0.0,0.0,0.0,0.0,0.664339364,-1.76815656300483e-11,-1.2535771448662913e-08,0.0
28_28_Central_Atlantic_(1950),SC,0.5,39,-0.0,-0.0,0.0,0.0,0.0,0.0,0.0,0.0,0.0,diet_import,0.0,0.0,0.0,0.0,0.0,,-0.0,0.0,0.0
28_28_Central_Atlantic_(1950),SC,0.5,38,2777.8730180352595,2777.8730180352595,2718.2345000401283,0.0,0.0,0.0,0.0,59.638517995131224,0.0,Detritus,0.0,0.0,0.0,0.0,0.0,1.0,0.0,0.0,0.0
28_28_Central_Atlantic_(1950),SC,0.5,37,2964.2448555,2964.2448555,2304.4126302796485,659.8320120997337,0.0,0.0,0.0,0.0,0.0,Phytoplankton,0.0,0.0,0.0,0.0,0.0,0.777403,0.00021312061790013104,0.0,0.0
28_28_Central_Atlantic_(1950),SC,0.5,36,51.606198899999995,172.02066299999998,3.473465040262137,48.13273376183184,34.4041326,86.01033,0.0,0.0,0.0,Lg. Zoop. deep,0.0,0.0,0.0,0.0,0.0,0.06730712999999999,9.790602462089737e-08,1.499999996212864e-06,0.0
28_28_Central_Atlantic_(1950),SC,0.5,35,326.25349455,1088.1402679500002,136.65760187059252,189.59589687002213,217.62805359000004,544.2587,0.0,0.0,0.0,Sm. Zoop. deep,0.0,0.0,0.0,0.0,0.0,0.41886937599999996,-4.1906146179826465e-06,1.9810000139841577e-05,0.0
28_28_Central_Atlantic_(1950),SC,0.5,34,152.83878554999998,509.4626185,24.764043988060063,128.07474125496339,101.89252370000001,254.731323,0.0,0.0,0.0,Lg. Zoop. shlw,0.0,0.0,0.0,0.0,0.0,0.162027225,3.069765455165907e-07,-1.3749999965284587e-05,0.0
28_28_Central_Atlantic_(1950),SC,0.5,33,1141.8,3808.2000000000003,810.8210994383843,330.97876575719994,761.6400000000001,1904.76,0.0,0.0,0.0,Sm. Zoop. shlw,0.0,0.0,0.0,0.0,0.0,0.710125446,0.00013480441566571244,4.547473508864641e-13,0.0
28_28_Central_Atlantic_(1950),SC,0.5,32,415.91835,563.5749999999999,259.56446880550004,156.35385617274002,112.71499999999999,34.941597,0.0,0.0,0.0,Het. bacteria,0.0,0.0,0.0,0.0,0.0,0.6240755999999998,2.502175988183808e-05,5.2999999965663847e-05,0.0
28_28_Central_Atlantic_(1950),SC,0.5,31,0.43340000000000006,2.6398,0.041626123427598485,0.39177388030000004,0.5279600000000001,1.67843986,0.0,0.0,0.0,Megabenthos,0.0,0.0,0.0,0.0,0.0,0.0960455,-3.72759845213011e-09,1.3999999981528788e-07,0.0
28_28_Central_Atlantic_(1950),SC,0.5,30,0.369,3.6346499999999997,0.09863466851516114,0.270365328792,0.72693,2.53872,0.0,0.0,0.0,Macrobenthos,0.0,0.0,0.0,0.0,0.0,0.26730263200000004,2.6928388408009596e-09,0.0,0.0
28_28_Central_Atlantic_(1950),SC,0.5,29,2.214,22.287599999999998,0.5448121363030838,1.6691878621979999,4.45752,15.6160793,0.0,0.0,0.0,Meiobenthos,0.0,0.0,0.0,0.0,0.0,0.24607594300000002,1.4989161023493125e-09,6.99999999298484e-07,0.0
28_28_Central_Atlantic_(1950),SC,0.5,28,0.012723003955,0.02544600791,0.011450702967616381,0.0012723003954999996,0.005089201582,0.007633802,0.0,0.0,0.0,Benth. ceph.,0.0,0.0,0.0,0.0,0.0,0.9,5.918836185059284e-10,3.729999989432464e-10,0.0
28_28_Central_Atlantic_(1950),SC,0.5,27,0.5644206439999999,4.47855511,0.507978562200084,0.05644206439999998,0.8957110220000001,3.01842356,0.0,0.0,0.0,Lg Squids,0.0,0.0,0.0,0.0,0.0,0.9,1.739991595250956e-08,-1.1599999982792042e-07,0.0
28_28_Central_Atlantic_(1950),SC,0.5,26,1.9626521827999999,15.573218407,1.766386893631383,0.19626521827999993,3.1146436814000005,10.4959221,0.0,0.0,0.0,Sm Squids,0.0,0.0,0.0,0.0,0.0,0.9,7.08886169764611e-08,4.428000011102995e-07,0.0
28_28_Central_Atlantic_(1950),SC,0.5,25,0.029511966558754574,0.05365811909218538,0.028247997140988634,0.001263969107687661,0.010731623818437078,0.01341453,0.0,0.0,0.0,Lg. Bathyd. abs,0.0,0.0,0.0,0.0,0.0,0.957170963,3.100782790255163e-10,-1.2850062697938869e-09,0.0
28_28_Central_Atlantic_(1950),SC,0.5,24,0.032007212730000005,0.0581949347850468,0.03092652416753671,0.0010806897702190206,0.011638986957009361,0.014548731,0.0,0.0,0.0,Sm. Bathyd. abs,0.0,0.0,0.0,0.0,0.0,0.966236055,-1.207755728760418e-09,4.098037435437685e-09,0.0
28_28_Central_Atlantic_(1950),SC,0.5,23,0.0030136304000000004,0.00547932783219558,0.0019225564713861983,0.00102711515654528,0.001095865566439116,0.00136983185,6.39589e-05,0.0,0.0,Lg. Bathyd. slp,0.0,3.197945e-05,3.197945e-05,6.39589e-05,0.0,0.6591768,-1.2793147834491703e-10,1.5756463408317378e-11,0.0
28_28_Central_Atlantic_(1950),SC,0.5,22,0.005653607665707449,0.010279287244467,0.004260451747794523,0.0012050065457042862,0.0020558574488934002,0.00256982166,0.000188149,0.0,0.0,Sm. Bathyd. slp,0.0,9.40745e-05,9.40745e-05,0.000188149,0.0,0.7868606,3.7220863977754926e-10,4.69866151195375e-10,0.0
28_28_Central_Atlantic_(1950),SC,0.5,21,0.006341536224000001,0.011508713888,0.005009813921588745,0.0013317226070399999,0.0023017427776000003,0.00286543486,0.0,0.0,0.0,Lg. Bathyp. fish,0.0,0.0,0.0,0.0,0.0,0.79,-3.046287441049733e-10,2.6399998940412894e-11,0.0
28_28_Central_Atlantic_(1950),SC,0.5,20,0.013441102436,0.020515366876,0.012096991849560989,0.0013441102435999997,0.0041030733752,0.00297118956,0.0,0.0,0.0,Md. Bathyp.fish,0.0,0.0,0.0,0.0,0.0,0.9,3.428390106530177e-10,1.5047999985841332e-09,0.0
28_28_Central_Atlantic_(1950),SC,0.5,19,0.06545771003200002,0.22973138617000002,0.05891193573953475,0.0065457710032,0.04594627723400001,0.118327409,0.0,0.0,0.0,Sm. Bathyp. fish,0.0,0.0,0.0,0.0,0.0,0.9,3.2892652629401553e-09,-1.0095999994352844e-08,0.0
28_28_Central_Atlantic_(1950),SC,0.5,18,12.22519406327412,59.3828355,3.573220730157866,8.651973314709084,11.8765671,35.2810745,0.0,0.0,0.0,Sm. Meso fish,0.0,0.0,0.0,0.0,0.0,0.292283356,1.8407170898626646e-08,-1.6327412311056833e-07,0.0
28_28_Central_Atlantic_(1950),SC,0.5,17,0.0003348901755,0.0079257341535,0.00030140115666829864,3.348901755e-05,0.0015851468307,0.006005697,0.0,0.0,0.0,Lg. Meso fish,0.0,0.0,0.0,0.0,0.0,0.9,1.2817013617973105e-12,1.4729999945478633e-10,0.0
28_28_Central_Atlantic_(1950),SC,0.5,16,2.418293435320515,14.779333033030326,2.1764249584475417,0.24182934353205143,2.9558666066060653,9.405173,3.90985e-05,0.0,0.0,Sm. Epi. fish,0.0,1.954925e-05,1.954925e-05,3.90985e-05,0.0,0.9,3.4840922147338915e-08,-8.896252623458167e-09,0.0
28_28_Central_Atlantic_(1950),SC,0.5,15,0.1059599016,0.7525932498796599,0.09523928587084607,0.010595990159999997,0.150518649975932,0.496114731,0.000124629,0.0,0.0,Md. Epi. fish,0.0,6.23145e-05,6.23145e-05,0.000124629,0.0,0.9,-3.4308460655774198e-09,-3.2696272078691635e-08,0.0
28_28_Central_Atlantic_(1950),SC,0.5,14,0.00984495897,0.12697145868897,0.007685239049978655,0.0018705422042999994,0.025394291737794002,0.091732204,0.000289178,0.0,0.0,Lg. Epi. fish,0.0,0.000144589,0.000144589,0.000289178,0.0,0.81,-2.8427865443603206e-10,3.981175999978603e-09,0.0
28_28_Central_Atlantic_(1950),SC,0.5,13,0.00064010414496,0.010287388044000001,6.401041000000001e-05,0.000576093730464,0.0020574776088000003,0.00758980634,0.0,0.0,0.0,Lg. Plank. fish,0.0,0.0,0.0,0.0,0.0,0.09999999999999998,4.496000034943937e-12,-4.9759998205223255e-11,0.0
28_28_Central_Atlantic_(1950),SC,0.5,12,2.1336802558309998e-05,0.00021225354904839998,6.401041000000001e-07,2.0696698481560696e-05,4.245070980968e-05,0.000148466032,0.0,0.0,0.0,Billfishes,0.0,0.0,0.0,0.0,0.0,0.030000000000000027,-2.3250698648292698e-14,4.680409976687977e-12,0.0
28_28_Central_Atlantic_(1950),SC,0.5,11,0.00032651159999999997,0.004353488,6.401041000000001e-07,0.00032587149593018877,0.0008706976,0.00315627875,0.0,0.0,0.0,Swordfish,0.0,0.0,0.0,0.0,0.0,0.0019604328600000276,-3.0188796341229507e-14,5.000000023389073e-11,0.0
28_28_Central_Atlantic_(1950),SC,0.5,10,0.01072980688,0.46030871515199995,0.0017776866754339626,0.008952120234131998,0.09206174303039999,0.357517153,0.0,0.0,0.0,Bigeye,0.0,0.0,0.0,0.0,0.0,0.16567741300000005,-2.9565960790733925e-11,1.2241599955942206e-08,0.0
28_28_Central_Atlantic_(1950),SC,0.5,9,0.0002486316,0.0059671584,9.575327449622515e-05,0.00015287832471324,0.00119343168,0.004525095,0.0,0.0,0.0,Albacore,0.0,0.0,0.0,0.0,0.0,0.3851211,7.90534846785429e-13,1.200000003878654e-10,0.0
28_28_Central_Atlantic_(1950),SC,0.5,8,0.00804781642,0.15322104854,0.001044242037497828,0.007003574237715865,0.030644209707999998,0.114529014,0.0,0.0,0.0,Skipjack,0.0,0.0,0.0,0.0,0.0,0.12975472199999993,1.4478630620817778e-10,8.411999999347053e-09,0.0
28_28_Central_Atlantic_(1950),SC,0.5,7,2.1533975999999998e-06,3.588996e-05,6.401041000000001e-07,6.160445043768214e-07,7.177992e-06,2.655857e-05,8.97249e-07,0.0,0.0,Bluefin,0.0,4.486245e-07,4.486245e-07,8.97249e-07,0.0,0.713919759,-4.376821679337364e-15,3.999999997569316e-13,0.0
28_28_Central_Atlantic_(1950),SC,0.5,6,0.00010813669999999998,0.00239908993,6.988740116756793e-06,0.00010114795916850798,0.00047981798599999997,0.00181113509,0.0,0.0,0.0,Yellowfin,0.0,0.0,0.0,0.0,0.0,0.06462875999999995,7.147352100358301e-13,1.5400000003516767e-10,0.0
28_28_Central_Atlantic_(1950),SC,0.5,5,0.00249640599,0.06401040999999999,0.0005785155030430785,0.0018723044925,0.012802082,0.048711922,4.5586e-05,0.0,0.0,Pelagic sharks,0.0,2.2793e-05,2.2793e-05,4.5586e-05,0.0,0.25,-5.543078149261582e-12,9.999993888509806e-12,0.0
28_28_Central_Atlantic_(1950),SC,0.5,4,9.79823604992e-06,0.00919899290843,5.857542543244573e-06,3.940693277589222e-06,0.0018397985816859998,0.00734939566,0.0,0.0,0.0,Seabirds,0.0,0.0,0.0,0.0,0.0,0.59781605,2.290862049619249e-13,4.3069408022650135e-10,0.0
28_28_Central_Atlantic_(1950),SC,0.5,3,1.796872e-05,0.007911342611788,5.217438443244573e-06,1.275128168977432e-05,0.0015822685223576003,0.00631110556,0.0,0.0,0.0,Beaked whales,0.0,0.0,0.0,0.0,0.0,0.29036226900000006,-1.330188909053672e-13,-1.9056960089830488e-10,0.0
28_28_Central_Atlantic_(1950),SC,0.5,2,0.00156,0.52174383222,0.0008372185599812127,0.0007227814573199999,0.104348766444,0.415835053,0.0,0.0,0.0,Toothed whales,0.0,0.0,0.0,0.0,0.0,0.536678553,-1.730121276279084e-11,1.2775999980174646e-08,0.0
28_28_Central_Atlantic_(1950),SC,0.5,1,0.0008256798,0.1814176815802857,0.0005485316108812128,0.0002771482068003528,0.036283536316057144,0.144308478,0.0,0.0,0.0,Baleen whales,0.0,0.0,0.0,0.0,0.0,0.664339364,-1.76815656300483e-11,-1.2535771448662913e-08,0.0
28_28_Central_Atlantic_(1950),SM,0.5,39,-0.0,-0.0,0.0,0.0,0.0,0.0,0.0,0.0,0.0,diet_import,0.0,0.0,0.0,0.0,0.0,,-0.0,0.0,0.0
28_28_Central_Atlantic_(1950),SM,0.5,38,2777.873393783584,2777.873393783584,2718.2345000401283,0.0,0.0,0.0,0.0,59.63889374345581,0.0,Detritus,0.0,0.0,0.0,0.0,0.0,1.0,0.0,0.0,0.0
28_28_Central_Atlantic_(1950),SM,0.5,37,2964.2448555,2964.2448555,2304.4126302796485,659.8320120997337,0.0,0.0,0.0,0.0,0.0,Phytoplankton,0.0,0.0,0.0,0.0,0.0,0.777403,0.00021312061790013104,0.0,0.0
28_28_Central_Atlantic_(1950),SM,0.5,36,51.606198899999995,172.02066299999998,3.473465040262137,48.13273376183184,34.4041326,86.01033,0.0,0.0,0.0,Lg. Zoop. deep,0.0,0.0,0.0,0.0,0.0,0.06730712999999999,9.790602462089737e-08,1.499999996212864e-06,0.0
28_28_Central_Atlantic_(1950),SM,0.5,35,326.25349455,1088.1402679500002,136.65760187059252,189.59589687002213,217.62805359000004,544.2587,0.0,0.0,0.0,Sm. Zoop. deep,0.0,0.0,0.0,0.0,0.0,0.41886937599999996,-4.1906146179826465e-06,1.9810000139841577e-05,0.0
28_28_Central_Atlantic_(1950),SM,0.5,34,152.83878554999998,509.4626185,24.764043988060063,128.07474125496339,101.89252370000001,254.731323,0.0,0.0,0.0,Lg. Zoop. shlw,0.0,0.0,0.0,0.0,0.0,0.162027225,3.069765455165907e-07,-1.3749999965284587e-05,0.0
28_28_Central_Atlantic_(1950),SM,0.5,33,1141.8,3808.2000000000003,810.8210994383843,330.97876575719994,761.6400000000001,1904.76,0.0,0.0,0.0,Sm. Zoop. shlw,0.0,0.0,0.0,0.0,0.0,0.710125446,0.00013480441566571244,4.547473508864641e-13,0.0
28_28_Central_Atlantic_(1950),SM,0.5,32,415.91835,563.5749999999999,259.56446880550004,156.35385617274002,112.71499999999999,34.941597,0.0,0.0,0.0,Het. bacteria,0.0,0.0,0.0,0.0,0.0,0.6240755999999998,2.502175988183808e-05,5.2999999965663847e-05,0.0
28_28_Central_Atlantic_(1950),SM,0.5,31,0.43340000000000006,2.6398,0.041626123427598485,0.39177388030000004,0.5279600000000001,1.67843986,0.0,0.0,0.0,Megabenthos,0.0,0.0,0.0,0.0,0.0,0.0960455,-3.72759845213011e-09,1.3999999981528788e-07,0.0
28_28_Central_Atlantic_(1950),SM,0.5,30,0.369,3.6346499999999997,0.09863466851516114,0.270365328792,0.72693,2.53872,0.0,0.0,0.0,Macrobenthos,0.0,0.0,0.0,0.0,0.0,0.26730263200000004,2.6928388408009596e-09,0.0,0.0
28_28_Central_Atlantic_(1950),SM,0.5,29,2.214,22.287599999999998,0.5448121363030838,1.6691878621979999,4.45752,15.6160793,0.0,0.0,0.0,Meiobenthos,0.0,0.0,0.0,0.0,0.0,0.24607594300000002,1.4989161023493125e-09,6.99999999298484e-07,0.0
28_28_Central_Atlantic_(1950),SM,0.5,28,0.012723003955,0.02544600791,0.011450702967616381,0.0012723003954999996,0.005089201582,0.007633802,0.0,0.0,0.0,Benth. ceph.,0.0,0.0,0.0,0.0,0.0,0.9,5.918836185059284e-10,3.729999989432464e-10,0.0
28_28_Central_Atlantic_(1950),SM,0.5,27,0.5644206439999999,4.47855511,0.507978562200084,0.05644206439999998,0.8957110220000001,3.01842356,0.0,0.0,0.0,Lg Squids,0.0,0.0,0.0,0.0,0.0,0.9,1.739991595250956e-08,-1.1599999982792042e-07,0.0
28_28_Central_Atlantic_(1950),SM,0.5,26,1.9626521827999999,15.573218407,1.766386893631383,0.19626521827999993,3.1146436814000005,10.4959221,0.0,0.0,0.0,Sm Squids,0.0,0.0,0.0,0.0,0.0,0.9,7.08886169764611e-08,4.428000011102995e-07,0.0
28_28_Central_Atlantic_(1950),SM,0.5,25,0.029511966558754574,0.05365811909218538,0.028247997140988634,0.001263969107687661,0.010731623818437078,0.01341453,0.0,0.0,0.0,Lg. Bathyd. abs,0.0,0.0,0.0,0.0,0.0,0.957170963,3.100782790255163e-10,-1.2850062697938869e-09,0.0
28_28_Central_Atlantic_(1950),SM,0.5,24,0.032007212730000005,0.0581949347850468,0.03092652416753671,0.0010806897702190206,0.011638986957009361,0.014548731,0.0,0.0,0.0,Sm. Bathyd. abs,0.0,0.0,0.0,0.0,0.0,0.966236055,-1.207755728760418e-09,4.098037435437685e-09,0.0
28_28_Central_Atlantic_(1950),SM,0.5,23,0.0030136304000000004,0.00547932783219558,0.0019225564713861983,0.0010590946065452802,0.001095865566439116,0.00136983185,6.39589e-05,0.0,0.0,Lg. Bathyd. slp,0.0,3.197945e-05,3.197945e-05,3.197945e-05,0.0,0.648565196798758,-1.2793147791123616e-10,1.5756463408317378e-11,0.0
28_28_Central_Atlantic_(1950),SM,0.5,22,0.005653607665707449,0.010279287244467,0.004260451747794523,0.0012990810457042862,0.0020558574488934002,0.00256982166,0.000188149,0.0,0.0,Sm. Bathyd. slp,0.0,9.40745e-05,9.40745e-05,9.40745e-05,0.0,0.7702208708991254,3.7220863977754926e-10,4.69866151195375e-10,0.0
28_28_Central_Atlantic_(1950),SM,0.5,21,0.006341536224000001,0.011508713888,0.005009813921588745,0.0013317226070399999,0.0023017427776000003,0.00286543486,0.0,0.0,0.0,Lg. Bathyp. fish,0.0,0.0,0.0,0.0,0.0,0.79,-3.046287441049733e-10,2.6399998940412894e-11,0.0
28_28_Central_Atlantic_(1950),SM,0.5,20,0.013441102436,0.020515366876,0.012096991849560989,0.0013441102435999997,0.0041030733752,0.00297118956,0.0,0.0,0.0,Md. Bathyp.fish,0.0,0.0,0.0,0.0,0.0,0.9,3.428390106530177e-10,1.5047999985841332e-09,0.0
28_28_Central_Atlantic_(1950),SM,0.5,19,0.06545771003200002,0.22973138617000002,0.05891193573953475,0.0065457710032,0.04594627723400001,0.118327409,0.0,0.0,0.0,Sm. Bathyp. fish,0.0,0.0,0.0,0.0,0.0,0.9,3.2892652629401553e-09,-1.0095999994352844e-08,0.0
28_28_Central_Atlantic_(1950),SM,0.5,18,12.22519406327412,59.3828355,3.573220730157866,8.651973314709084,11.8765671,35.2810745,0.0,0.0,0.0,Sm. Meso fish,0.0,0.0,0.0,0.0,0.0,0.292283356,1.8407170898626646e-08,-1.6327412311056833e-07,0.0
28_28_Central_Atlantic_(1950),SM,0.5,17,0.0003348901755,0.0079257341535,0.00030140115666829864,3.348901755e-05,0.0015851468307,0.006005697,0.0,0.0,0.0,Lg. Meso fish,0.0,0.0,0.0,0.0,0.0,0.9,1.2817013617973105e-12,1.4729999945478633e-10,0.0
28_28_Central_Atlantic_(1950),SM,0.5,16,2.418293435320515,14.779333033030326,2.1764249584475417,0.24184889278205143,2.9558666066060653,9.405173,3.90985e-05,0.0,0.0,Sm. Epi. fish,0.0,1.954925e-05,1.954925e-05,1.954925e-05,0.0,0.8999919160968167,3.4840921703249705e-08,-8.896252623458167e-09,0.0
28_28_Central_Atlantic_(1950),SM,0.5,15,0.1059599016,0.7525932498796599,0.09523928587084607,0.010658304659999998,0.150518649975932,0.496114731,0.000124629,0.0,0.0,Md. Epi. fish,0.0,6.23145e-05,6.23145e-05,6.23145e-05,0.0,0.8994119048898778,-3.430846051699632e-09,-3.2696272078691635e-08,0.0
28_28_Central_Atlantic_(1950),SM,0.5,14,0.00984495897,0.12697145868897,0.007685239049978655,0.0020151312042999995,0.025394291737794002,0.091732204,0.000289178,0.0,0.0,Lg. Epi. fish,0.0,0.000144589,0.000144589,0.000144589,0.0,0.7953133974005786,-2.8427865443603206e-10,3.981175999978603e-09,0.0
28_28_Central_Atlantic_(1950),SM,0.5,13,0.00064010414496,0.010287388044000001,6.401041000000001e-05,0.000576093730464,0.0020574776088000003,0.00758980634,0.0,0.0,0.0,Lg. Plank. fish,0.0,0.0,0.0,0.0,0.0,0.09999999999999998,4.496000034943937e-12,-4.9759998205223255e-11,0.0
28_28_Central_Atlantic_(1950),SM,0.5,12,2.1336802558309998e-05,0.00021225354904839998,6.401041000000001e-07,2.0696698481560696e-05,4.245070980968e-05,0.000148466032,0.0,0.0,0.0,Billfishes,0.0,0.0,0.0,0.0,0.0,0.030000000000000027,-2.3250698648292698e-14,4.680409976687977e-12,0.0
28_28_Central_Atlantic_(1950),SM,0.5,11,0.00032651159999999997,0.004353488,6.401041000000001e-07,0.00032587149593018877,0.0008706976,0.00315627875,0.0,0.0,0.0,Swordfish,0.0,0.0,0.0,0.0,0.0,0.0019604328600000276,-3.0188796341229507e-14,5.000000023389073e-11,0.0
28_28_Central_Atlantic_(1950),SM,0.5,10,0.01072980688,0.46030871515199995,0.0017776866754339626,0.008952120234131998,0.09206174303039999,0.357517153,0.0,0.0,0.0,Bigeye,0.0,0.0,0.0,0.0,0.0,0.16567741300000005,-2.9565960790733925e-11,1.2241599955942206e-08,0.0
28_28_Central_Atlantic_(1950),SM,0.5,9,0.0002486316,0.0059671584,9.575327449622515e-05,0.00015287832471324,0.00119343168,0.004525095,0.0,0.0,0.0,Albacore,0.0,0.0,0.0,0.0,0.0,0.3851211,7.90534846785429e-13,1.200000003878654e-10,0.0
28_28_Central_Atlantic_(1950),SM,0.5,8,0.00804781642,0.15322104854,0.001044242037497828,0.007003574237715865,0.030644209707999998,0.114529014,0.0,0.0,0.0,Skipjack,0.0,0.0,0.0,0.0,0.0,0.12975472199999993,1.4478630620817778e-10,8.411999999347053e-09,0.0
28_28_Central_Atlantic_(1950),SM,0.5,7,2.1533975999999998e-06,3.588996e-05,6.401041000000001e-07,1.0646690043768214e-06,7.177992e-06,2.655857e-05,8.97249e-07,0.0,0.0,Bluefin,0.0,4.486245e-07,4.486245e-07,4.486245e-07,0.0,0.5055864256666667,-4.376821679337364e-15,3.999999997569316e-13,0.0
28_28_Central_Atlantic_(1950),SM,0.5,6,0.00010813669999999998,0.00239908993,6.988740116756793e-06,0.00010114795916850798,0.00047981798599999997,0.00181113509,0.0,0.0,0.0,Yellowfin,0.0,0.0,0.0,0.0,0.0,0.06462875999999995,7.147352100358301e-13,1.5400000003516767e-10,0.0
28_28_Central_Atlantic_(1950),SM,0.5,5,0.00249640599,0.06401040999999999,0.0005785155030430785,0.0018950974924999999,0.012802082,0.048711922,4.5586e-05,0.0,0.0,Pelagic sharks,0.0,2.2793e-05,2.2793e-05,2.2793e-05,0.0,0.2408696742071189,-5.543078582942451e-12,9.999993888509806e-12,0.0
28_28_Central_Atlantic_(1950),SM,0.5,4,9.79823604992e-06,0.00919899290843,5.857542543244573e-06,3.940693277589222e-06,0.0018397985816859998,0.00734939566,0.0,0.0,0.0,Seabirds,0.0,0.0,0.0,0.0,0.0,0.59781605,2.290862049619249e-13,4.3069408022650135e-10,0.0
28_28_Central_Atlantic_(1950),SM,0.5,3,1.796872e-05,0.007911342611788,5.217438443244573e-06,1.275128168977432e-05,0.0015822685223576003,0.00631110556,0.0,0.0,0.0,Beaked whales,0.0,0.0,0.0,0.0,0.0,0.29036226900000006,-1.330188909053672e-13,-1.9056960089830488e-10,0.0
28_28_Central_Atlantic_(1950),SM,0.5,2,0.00156,0.52174383222,0.0008372185599812127,0.0007227814573199999,0.104348766444,0.415835053,0.0,0.0,0.0,Toothed whales,0.0,0.0,0.0,0.0,0.0,0.536678553,-1.730121276279084e-11,1.2775999980174646e-08,0.0
28_28_Central_Atlantic_(1950),SM,0.5,1,0.0008256798,0.1814176815802857,0.0005485316108812128,0.0002771482068003528,0.036283536316057144,0.144308478,0.0,0.0,0.0,Baleen whales,0.0,0.0,0.0,0.0,0.0,0.664339364,-1.76815656300483e-11,-1.2535771448662913e-08,0.0
28_28_Central_Atlantic_(1950),SE,0.5,39,-0.0,-0.0,0.0,0.0,0.0,0.0,0.0,0.0,0.0,diet_import,0.0,0.0,0.0,0.0,0.0,,-0.0,0.0,0.0
28_28_Central_Atlantic_(1950),SE,0.5,38,2777.8730180352595,2777.8730180352595,2718.2345000401283,0.0,0.0,0.0,0.0,59.638517995131224,0.0,Detritus,0.0,0.0,0.0,0.0,0.0,1.0,0.0,0.0,0.0
28_28_Central_Atlantic_(1950),SE,0.5,37,2964.2448555,2964.2448555,2304.4126302796485,659.8320120997337,0.0,0.0,0.0,0.0,0.0,Phytoplankton,0.0,0.0,0.0,0.0,0.0,0.777403,0.00021312061790013104,0.0,0.0
28_28_Central_Atlantic_(1950),SE,0.5,36,51.606198899999995,172.02066299999998,3.473465040262137,48.13273376183184,34.4041326,86.01033,0.0,0.0,0.0,Lg. Zoop. deep,0.0,0.0,0.0,0.0,0.0,0.06730712999999999,9.790602462089737e-08,1.499999996212864e-06,0.0
28_28_Central_Atlantic_(1950),SE,0.5,35,326.25349455,1088.1402679500002,136.65760187059252,189.59589687002213,217.62805359000004,544.2587,0.0,0.0,0.0,Sm. Zoop. deep,0.0,0.0,0.0,0.0,0.0,0.41886937599999996,-4.1906146179826465e-06,1.9810000139841577e-05,0.0
28_28_Central_Atlantic_(1950),SE,0.5,34,152.83878554999998,509.4626185,24.764043988060063,128.07474125496339,101.89252370000001,254.731323,0.0,0.0,0.0,Lg. Zoop. shlw,0.0,0.0,0.0,0.0,0.0,0.162027225,3.069765455165907e-07,-1.3749999965284587e-05,0.0
28_28_Central_Atlantic_(1950),SE,0.5,33,1141.8,3808.2000000000003,810.8210994383843,330.97876575719994,761.6400000000001,1904.76,0.0,0.0,0.0,Sm. Zoop. shlw,0.0,0.0,0.0,0.0,0.0,0.710125446,0.00013480441566571244,4.547473508864641e-13,0.0
28_28_Central_Atlantic_(1950),SE,0.5,32,415.91835,563.5749999999999,259.56446880550004,156.35385617274002,112.71499999999999,34.941597,0.0,0.0,0.0,Het. bacteria,0.0,0.0,0.0,0.0,0.0,0.6240755999999998,2.502175988183808e-05,5.2999999965663847e-05,0.0
28_28_Central_Atlantic_(1950),SE,0.5,31,0.43340000000000006,2.6398,0.041626123427598485,0.39177388030000004,0.5279600000000001,1.67843986,0.0,0.0,0.0,Megabenthos,0.0,0.0,0.0,0.0,0.0,0.0960455,-3.72759845213011e-09,1.3999999981528788e-07,0.0
28_28_Central_Atlantic_(1950),SE,0.5,30,0.369,3.6346499999999997,0.09863466851516114,0.270365328792,0.72693,2.53872,0.0,0.0,0.0,Macrobenthos,0.0,0.0,0.0,0.0,0.0,0.26730263200000004,2.6928388408009596e-09,0.0,0.0
28_28_Central_Atlantic_(1950),SE,0.5,29,2.214,22.287599999999998,0.5448121363030838,1.6691878621979999,4.45752,15.6160793,0.0,0.0,0.0,Meiobenthos,0.0,0.0,0.0,0.0,0.0,0.24607594300000002,1.4989161023493125e-09,6.99999999298484e-07,0.0
28_28_Central_Atlantic_(1950),SE,0.5,28,0.012723003955,0.02544600791,0.011450702967616381,0.0012723003954999996,0.005089201582,0.007633802,0.0,0.0,0.0,Benth. ceph.,0.0,0.0,0.0,0.0,0.0,0.9,5.918836185059284e-10,3.729999989432464e-10,0.0
28_28_Central_Atlantic_(1950),SE,0.5,27,0.5644206439999999,4.47855511,0.507978562200084,0.05644206439999998,0.8957110220000001,3.01842356,0.0,0.0,0.0,Lg Squids,0.0,0.0,0.0,0.0,0.0,0.9,1.739991595250956e-08,-1.1599999982792042e-07,0.0
28_28_Central_Atlantic_(1950),SE,0.5,26,1.9626521827999999,15.573218407,1.766386893631383,0.19626521827999993,3.1146436814000005,10.4959221,0.0,0.0,0.0,Sm Squids,0.0,0.0,0.0,0.0,0.0,0.9,7.08886169764611e-08,4.428000011102995e-07,0.0
28_28_Central_Atlantic_(1950),SE,0.5,25,0.029511966558754574,0.05365811909218538,0.028247997140988634,0.001263969107687661,0.010731623818437078,0.01341453,0.0,0.0,0.0,Lg. Bathyd. abs,0.0,0.0,0.0,0.0,0.0,0.957170963,3.100782790255163e-10,-1.2850062697938869e-09,0.0
28_28_Central_Atlantic_(1950),SE,0.5,24,0.032007212730000005,0.0581949347850468,0.03092652416753671,0.0010806897702190206,0.011638986957009361,0.014548731,0.0,0.0,0.0,Sm. Bathyd. abs,0.0,0.0,0.0,0.0,0.0,0.966236055,-1.207755728760418e-09,4.098037435437685e-09,0.0
28_28_Central_Atlantic_(1950),SE,0.5,23,0.0030136304000000004,0.00547932783219558,0.0019225564713861983,0.00102711515654528,0.001095865566439116,0.00136983185,6.39589e-05,0.0,0.0,Lg. Bathyd. slp,3.197945e-05,3.197945e-05,3.197945e-05,3.197945e-05,0.0,0.6591768,-1.2793147834491703e-10,1.5756463408317378e-11,0.0
28_28_Central_Atlantic_(1950),SE,0.5,22,0.005653607665707449,0.010279287244467,0.004260451747794523,0.0012050065457042862,0.0020558574488934002,0.00256982166,0.000188149,0.0,0.0,Sm. Bathyd. slp,9.40745e-05,9.40745e-05,9.40745e-05,9.40745e-05,0.0,0.7868606,3.7220863977754926e-10,4.69866151195375e-10,0.0
28_28_Central_Atlantic_(1950),SE,0.5,21,0.006341536224000001,0.011508713888,0.005009813921588745,0.0013317226070399999,0.0023017427776000003,0.00286543486,0.0,0.0,0.0,Lg. Bathyp. fish,0.0,0.0,0.0,0.0,0.0,0.79,-3.046287441049733e-10,2.6399998940412894e-11,0.0
28_28_Central_Atlantic_(1950),SE,0.5,20,0.013441102436,0.020515366876,0.012096991849560989,0.0013441102435999997,0.0041030733752,0.00297118956,0.0,0.0,0.0,Md. Bathyp.fish,0.0,0.0,0.0,0.0,0.0,0.9,3.428390106530177e-10,1.5047999985841332e-09,0.0
28_28_Central_Atlantic_(1950),SE,0.5,19,0.06545771003200002,0.22973138617000002,0.05891193573953475,0.0065457710032,0.04594627723400001,0.118327409,0.0,0.0,0.0,Sm. Bathyp. fish,0.0,0.0,0.0,0.0,0.0,0.9,3.2892652629401553e-09,-1.0095999994352844e-08,0.0
28_28_Central_Atlantic_(1950),SE,0.5,18,12.22519406327412,59.3828355,3.573220730157866,8.651973314709084,11.8765671,35.2810745,0.0,0.0,0.0,Sm. Meso fish,0.0,0.0,0.0,0.0,0.0,0.292283356,1.8407170898626646e-08,-1.6327412311056833e-07,0.0
28_28_Central_Atlantic_(1950),SE,0.5,17,0.0003348901755,0.0079257341535,0.00030140115666829864,3.348901755e-05,0.0015851468307,0.006005697,0.0,0.0,0.0,Lg. Meso fish,0.0,0.0,0.0,0.0,0.0,0.9,1.2817013617973105e-12,1.4729999945478633e-10,0.0
28_28_Central_Atlantic_(1950),SE,0.5,16,2.418293435320515,14.779333033030326,2.1764249584475417,0.24182934353205143,2.9558666066060653,9.405173,3.90985e-05,0.0,0.0,Sm. Epi. fish,1.954925e-05,1.954925e-05,1.954925e-05,1.954925e-05,0.0,0.9,3.4840921703249705e-08,-8.896252623458167e-09,0.0
28_28_Central_Atlantic_(1950),SE,0.5,15,0.1059599016,0.7525932498796599,0.09523928587084607,0.010595990159999997,0.150518649975932,0.496114731,0.000124629,0.0,0.0,Md. Epi. fish,6.23145e-05,6.23145e-05,6.23145e-05,6.23145e-05,0.0,0.9,-3.430846051699632e-09,-3.2696272078691635e-08,0.0
28_28_Central_Atlantic_(1950),SE,0.5,14,0.00984495897,0.12697145868897,0.007685239049978655,0.0018705422042999994,0.025394291737794002,0.091732204,0.000289178,0.0,0.0,Lg. Epi. fish,0.000144589,0.000144589,0.000144589,0.000144589,0.0,0.81,-2.8427865617075554e-10,3.981175999978603e-09,0.0
28_28_Central_Atlantic_(1950),SE,0.5,13,0.00064010414496,0.010287388044000001,6.401041000000001e-05,0.000576093730464,0.0020574776088000003,0.00758980634,0.0,0.0,0.0,Lg. Plank. fish,0.0,0.0,0.0,0.0,0.0,0.09999999999999998,4.496000034943937e-12,-4.9759998205223255e-11,0.0
28_28_Central_Atlantic_(1950),SE,0.5,12,2.1336802558309998e-05,0.00021225354904839998,6.401041000000001e-07,2.0696698481560696e-05,4.245070980968e-05,0.000148466032,0.0,0.0,0.0,Billfishes,0.0,0.0,0.0,0.0,0.0,0.030000000000000027,-2.3250698648292698e-14,4.680409976687977e-12,0.0
28_28_Central_Atlantic_(1950),SE,0.5,11,0.00032651159999999997,0.004353488,6.401041000000001e-07,0.00032587149593018877,0.0008706976,0.00315627875,0.0,0.0,0.0,Swordfish,0.0,0.0,0.0,0.0,0.0,0.0019604328600000276,-3.0188796341229507e-14,5.000000023389073e-11,0.0
28_28_Central_Atlantic_(1950),SE,0.5,10,0.01072980688,0.46030871515199995,0.0017776866754339626,0.008952120234131998,0.09206174303039999,0.357517153,0.0,0.0,0.0,Bigeye,0.0,0.0,0.0,0.0,0.0,0.16567741300000005,-2.9565960790733925e-11,1.2241599955942206e-08,0.0
28_28_Central_Atlantic_(1950),SE,0.5,9,0.0002486316,0.0059671584,9.575327449622515e-05,0.00015287832471324,0.00119343168,0.004525095,0.0,0.0,0.0,Albacore,0.0,0.0,0.0,0.0,0.0,0.3851211,7.90534846785429e-13,1.200000003878654e-10,0.0
28_28_Central_Atlantic_(1950),SE,0.5,8,0.00804781642,0.15322104854,0.001044242037497828,0.007003574237715865,0.030644209707999998,0.114529014,0.0,0.0,0.0,Skipjack,0.0,0.0,0.0,0.0,0.0,0.12975472199999993,1.4478630620817778e-10,8.411999999347053e-09,0.0
28_28_Central_Atlantic_(1950),SE,0.5,7,2.1533975999999998e-06,3.588996e-05,6.401041000000001e-07,6.160445043768214e-07,7.177992e-06,2.655857e-05,8.97249e-07,0.0,0.0,Bluefin,4.486245e-07,4.486245e-07,4.486245e-07,4.486245e-07,0.0,0.713919759,-4.376821679337364e-15,3.999999997569316e-13,0.0
28_28_Central_Atlantic_(1950),SE,0.5,6,0.00010813669999999998,0.00239908993,6.988740116756793e-06,0.00010114795916850798,0.00047981798599999997,0.00181113509,0.0,0.0,0.0,Yellowfin,0.0,0.0,0.0,0.0,0.0,0.06462875999999995,7.147352100358301e-13,1.5400000003516767e-10,0.0
28_28_Central_Atlantic_(1950),SE,0.5,5,0.00249640599,0.06401040999999999,0.0005785155030430785,0.0018723044925,0.012802082,0.048711922,4.5586e-05,0.0,0.0,Pelagic sharks,2.2793e-05,2.2793e-05,2.2793e-05,2.2793e-05,0.0,0.25,-5.543078582942451e-12,9.999993888509806e-12,0.0
28_28_Central_Atlantic_(1950),SE,0.5,4,9.79823604992e-06,0.00919899290843,5.857542543244573e-06,3.940693277589222e-06,0.0018397985816859998,0.00734939566,0.0,0.0,0.0,Seabirds,0.0,0.0,0.0,0.0,0.0,0.59781605,2.290862049619249e-13,4.3069408022650135e-10,0.0
28_28_Central_Atlantic_(1950),SE,0.5,3,1.796872e-05,0.007911342611788,5.217438443244573e-06,1.275128168977432e-05,0.0015822685223576003,0.00631110556,0.0,0.0,0.0,Beaked whales,0.0,0.0,0.0,0.0,0.0,0.29036226900000006,-1.330188909053672e-13,-1.9056960089830488e-10,0.0
28_28_Central_Atlantic_(1950),SE,0.5,2,0.00156,0.52174383222,0.0008372185599812127,0.0007227814573199999,0.104348766444,0.415835053,0.0,0.0,0.0,Toothed whales,0.0,0.0,0.0,0.0,0.0,0.536678553,-1.730121276279084e-11,1.2775999980174646e-08,0.0
28_28_Central_Atlantic_(1950),SE,0.5,1,0.0008256798,0.1814176815802857,0.0005485316108812128,0.0002771482068003528,0.036283536316057144,0.144308478,0.0,0.0,0.0,Baleen whales,0.0,0.0,0.0,0.0,0.0,0.664339364,-1.76815656300483e-11,-1.2535771448662913e-08,0.0
28_28_Central_Atlantic_(1950),SC,0.75,39,-0.0,-0.0,0.0,0.0,0.0,0.0,0.0,0.0,0.0,diet_import,0.0,0.0,0.0,0.0,0.0,,-0.0,0.0,0.0
28_28_Central_Atlantic_(1950),SC,0.75,38,2777.8730180352595,2777.8730180352595,2718.2345000401283,0.0,0.0,0.0,0.0,59.638517995131224,0.0,Detritus,0.0,0.0,0.0,0.0,0.0,1.0,0.0,0.0,0.0
28_28_Central_Atlantic_(1950),SC,0.75,37,2964.2448555,2964.2448555,2304.4126302796485,659.8320120997337,0.0,0.0,0.0,0.0,0.0,Phytoplankton,0.0,0.0,0.0,0.0,0.0,0.777403,0.00021312061790013104,0.0,0.0
28_28_Central_Atlantic_(1950),SC,0.75,36,51.606198899999995,172.02066299999998,3.473465040262137,48.13273376183184,34.4041326,86.01033,0.0,0.0,0.0,Lg. Zoop. deep,0.0,0.0,0.0,0.0,0.0,0.06730712999999999,9.790602462089737e-08,1.499999996212864e-06,0.0
28_28_Central_Atlantic_(1950),SC,0.75,35,326.25349455,1088.1402679500002,136.65760187059252,189.59589687002213,217.62805359000004,544.2587,0.0,0.0,0.0,Sm. Zoop. deep,0.0,0.0,0.0,0.0,0.0,0.41886937599999996,-4.1906146179826465e-06,1.9810000139841577e-05,0.0
28_28_Central_Atlantic_(1950),SC,0.75,34,152.83878554999998,509.4626185,24.764043988060063,128.07474125496339,101.89252370000001,254.731323,0.0,0.0,0.0,Lg. Zoop. shlw,0.0,0.0,0.0,0.0,0.0,0.162027225,3.069765455165907e-07,-1.3749999965284587e-05,0.0
28_28_Central_Atlantic_(1950),SC,0.75,33,1141.8,3808.2000000000003,810.8210994383843,330.97876575719994,761.6400000000001,1904.76,0.0,0.0,0.0,Sm. Zoop. shlw,0.0,0.0,0.0,0.0,0.0,0.710125446,0.00013480441566571244,4.547473508864641e-13,0.0
28_28_Central_Atlantic_(1950),SC,0.75,32,415.91835,563.5749999999999,259.56446880550004,156.35385617274002,112.71499999999999,34.941597,0.0,0.0,0.0,Het. bacteria,0.0,0.0,0.0,0.0,0.0,0.6240755999999998,2.502175988183808e-05,5.2999999965663847e-05,0.0
28_28_Central_Atlantic_(1950),SC,0.75,31,0.43340000000000006,2.6398,0.041626123427598485,0.39177388030000004,0.5279600000000001,1.67843986,0.0,0.0,0.0,Megabenthos,0.0,0.0,0.0,0.0,0.0,0.0960455,-3.72759845213011e-09,1.3999999981528788e-07,0.0
28_28_Central_Atlantic_(1950),SC,0.75,30,0.369,3.6346499999999997,0.09863466851516114,0.270365328792,0.72693,2.53872,0.0,0.0,0.0,Macrobenthos,0.0,0.0,0.0,0.0,0.0,0.26730263200000004,2.6928388408009596e-09,0.0,0.0
28_28_Central_Atlantic_(1950),SC,0.75,29,2.214,22.287599999999998,0.5448121363030838,1.6691878621979999,4.45752,15.6160793,0.0,0.0,0.0,Meiobenthos,0.0,0.0,0.0,0.0,0.0,0.24607594300000002,1.4989161023493125e-09,6.99999999298484e-07,0.0
28_28_Central_Atlantic_(1950),SC,0.75,28,0.012723003955,0.02544600791,0.011450702967616381,0.0012723003954999996,0.005089201582,0.007633802,0.0,0.0,0.0,Benth. ceph.,0.0,0.0,0.0,0.0,0.0,0.9,5.918836185059284e-10,3.729999989432464e-10,0.0
28_28_Central_Atlantic_(1950),SC,0.75,27,0.5644206439999999,4.47855511,0.507978562200084,0.05644206439999998,0.8957110220000001,3.01842356,0.0,0.0,0.0,Lg Squids,0.0,0.0,0.0,0.0,0.0,0.9,1.739991595250956e-08,-1.1599999982792042e-07,0.0
28_28_Central_Atlantic_(1950),SC,0.75,26,1.9626521827999999,15.573218407,1.766386893631383,0.19626521827999993,3.1146436814000005,10.4959221,0.0,0.0,0.0,Sm Squids,0.0,0.0,0.0,0.0,0.0,0.9,7.08886169764611e-08,4.428000011102995e-07,0.0
28_28_Central_Atlantic_(1950),SC,0.75,25,0.029511966558754574,0.05365811909218538,0.028247997140988634,0.001263969107687661,0.010731623818437078,0.01341453,0.0,0.0,0.0,Lg. Bathyd. abs,0.0,0.0,0.0,0.0,0.0,0.957170963,3.100782790255163e-10,-1.2850062697938869e-09,0.0
28_28_Central_Atlantic_(1950),SC,0.75,24,0.032007212730000005,0.0581949347850468,0.03092652416753671,0.0010806897702190206,0.011638986957009361,0.014548731,0.0,0.0,0.0,Sm. Bathyd. abs,0.0,0.0,0.0,0.0,0.0,0.966236055,-1.207755728760418e-09,4.098037435437685e-09,0.0
28_28_Central_Atlantic_(1950),SC,0.75,23,0.0030136304000000004,0.00547932783219558,0.0019225564713861983,0.00102711515654528,0.001095865566439116,0.00136983185,6.39589e-05,0.0,0.0,Lg. Bathyd. slp,0.0,4.796917499999999e-05,1.5989725e-05,6.39589e-05,0.0,0.6591768,-1.2793147834491703e-10,1.5756463408317378e-11,0.0
28_28_Central_Atlantic_(1950),SC,0.75,22,0.005653607665707449,0.010279287244467,0.004260451747794523,0.0012050065457042862,0.0020558574488934002,0.00256982166,0.000188149,0.0,0.0,Sm. Bathyd. slp,0.0,0.00014111175,4.703725e-05,0.000188149,0.0,0.7868606,3.7220863977754926e-10,4.69866151195375e-10,0.0
28_28_Central_Atlantic_(1950),SC,0.75,21,0.006341536224000001,0.011508713888,0.005009813921588745,0.0013317226070399999,0.0023017427776000003,0.00286543486,0.0,0.0,0.0,Lg. Bathyp. fish,0.0,0.0,0.0,0.0,0.0,0.79,-3.046287441049733e-10,2.6399998940412894e-11,0.0
28_28_Central_Atlantic_(1950),SC,0.75,20,0.013441102436,0.020515366876,0.012096991849560989,0.0013441102435999997,0.0041030733752,0.00297118956,0.0,0.0,0.0,Md. Bathyp.fish,0.0,0.0,0.0,0.0,0.0,0.9,3.428390106530177e-10,1.5047999985841332e-09,0.0
28_28_Central_Atlantic_(1950),SC,0.75,19,0.06545771003200002,0.22973138617000002,0.05891193573953475,0.0065457710032,0.04594627723400001,0.118327409,0.0,0.0,0.0,Sm. Bathyp. fish,0.0,0.0,0.0,0.0,0.0,0.9,3.2892652629401553e-09,-1.0095999994352844e-08,0.0
28_28_Central_Atlantic_(1950),SC,0.75,18,12.22519406327412,59.3828355,3.573220730157866,8.651973314709084,11.8765671,35.2810745,0.0,0.0,0.0,Sm. Meso fish,0.0,0.0,0.0,0.0,0.0,0.292283356,1.8407170898626646e-08,-1.6327412311056833e-07,0.0
28_28_Central_Atlantic_(1950),SC,0.75,17,0.0003348901755,0.0079257341535,0.00030140115666829864,3.348901755e-05,0.0015851468307,0.006005697,0.0,0.0,0.0,Lg. Meso fish,0.0,0.0,0.0,0.0,0.0,0.9,1.2817013617973105e-12,1.4729999945478633e-10,0.0
28_28_Central_Atlantic_(1950),SC,0.75,16,2.418293435320515,14.779333033030326,2.1764249584475417,0.24182934353205143,2.9558666066060653,9.405173,3.90985e-05,0.0,0.0,Sm. Epi. fish,0.0,2.9323874999999997e-05,9.774625e-06,3.90985e-05,0.0,0.9,3.4840922147338915e-08,-8.896252623458167e-09,0.0
28_28_Central_Atlantic_(1950),SC,0.75,15,0.1059599016,0.7525932498796599,0.09523928587084607,0.010595990159999997,0.150518649975932,0.496114731,0.000124629,0.0,0.0,Md. Epi. fish,0.0,9.347174999999998e-05,3.115725e-05,0.000124629,0.0,0.9,-3.4308460655774198e-09,-3.2696272078691635e-08,0.0
28_28_Central_Atlantic_(1950),SC,0.75,14,0.00984495897,0.12697145868897,0.007685239049978655,0.0018705422042999994,0.025394291737794002,0.091732204,0.000289178,0.0,0.0,Lg. Epi. fish,0.0,0.00021688350000000003,7.22945e-05,0.000289178,0.0,0.81,-2.8427865443603206e-10,3.981175999978603e-09,0.0
28_28_Central_Atlantic_(1950),SC,0.75,13,0.00064010414496,0.010287388044000001,6.401041000000001e-05,0.000576093730464,0.0020574776088000003,0.00758980634,0.0,0.0,0.0,Lg. Plank. fish,0.0,0.0,0.0,0.0,0.0,0.09999999999999998,4.496000034943937e-12,-4.9759998205223255e-11,0.0
28_28_Central_Atlantic_(1950),SC,0.75,12,2.1336802558309998e-05,0.00021225354904839998,6.401041000000001e-07,2.0696698481560696e-05,4.245070980968e-05,0.000148466032,0.0,0.0,0.0,Billfishes,0.0,0.0,0.0,0.0,0.0,0.030000000000000027,-2.3250698648292698e-14,4.680409976687977e-12,0.0
28_28_Central_Atlantic_(1950),SC,0.75,11,0.00032651159999999997,0.004353488,6.401041000000001e-07,0.00032587149593018877,0.0008706976,0.00315627875,0.0,0.0,0.0,Swordfish,0.0,0.0,0.0,0.0,0.0,0.0019604328600000276,-3.0188796341229507e-14,5.000000023389073e-11,0.0
28_28_Central_Atlantic_(1950),SC,0.75,10,0.01072980688,0.46030871515199995,0.0017776866754339626,0.008952120234131998,0.09206174303039999,0.357517153,0.0,0.0,0.0,Bigeye,0.0,0.0,0.0,0.0,0.0,0.16567741300000005,-2.9565960790733925e-11,1.2241599955942206e-08,0.0
28_28_Central_Atlantic_(1950),SC,0.75,9,0.0002486316,0.0059671584,9.575327449622515e-05,0.00015287832471324,0.00119343168,0.004525095,0.0,0.0,0.0,Albacore,0.0,0.0,0.0,0.0,0.0,0.3851211,7.90534846785429e-13,1.200000003878654e-10,0.0
28_28_Central_Atlantic_(1950),SC,0.75,8,0.00804781642,0.15322104854,0.001044242037497828,0.007003574237715865,0.030644209707999998,0.114529014,0.0,0.0,0.0,Skipjack,0.0,0.0,0.0,0.0,0.0,0.12975472199999993,1.4478630620817778e-10,8.411999999347053e-09,0.0
28_28_Central_Atlantic_(1950),SC,0.75,7,2.1533975999999998e-06,3.588996e-05,6.401041000000001e-07,6.160445043768214e-07,7.177992e-06,2.655857e-05,8.97249e-07,0.0,0.0,Bluefin,0.0,6.729367500000001e-07,2.2431225e-07,8.97249e-07,0.0,0.713919759,-4.376821679337364e-15,3.999999997569316e-13,0.0
28_28_Central_Atlantic_(1950),SC,0.75,6,0.00010813669999999998,0.00239908993,6.988740116756793e-06,0.00010114795916850798,0.00047981798599999997,0.00181113509,0.0,0.0,0.0,Yellowfin,0.0,0.0,0.0,0.0,0.0,0.06462875999999995,7.147352100358301e-13,1.5400000003516767e-10,0.0
28_28_Central_Atlantic_(1950),SC,0.75,5,0.00249640599,0.06401040999999999,0.0005785155030430785,0.0018723044925,0.012802082,0.048711922,4.5586e-05,0.0,0.0,Pelagic sharks,0.0,3.41895e-05,1.13965e-05,4.5586e-05,0.0,0.25,-5.543078149261582e-12,9.999993888509806e-12,0.0
28_28_Central_Atlantic_(1950),SC,0.75,4,9.79823604992e-06,0.00919899290843,5.857542543244573e-06,3.940693277589222e-06,0.0018397985816859998,0.00734939566,0.0,0.0,0.0,Seabirds,0.0,0.0,0.0,0.0,0.0,0.59781605,2.290862049619249e-13,4.3069408022650135e-10,0.0
28_28_Central_Atlantic_(1950),SC,0.75,3,1.796872e-05,0.007911342611788,5.217438443244573e-06,1.275128168977432e-05,0.0015822685223576003,0.00631110556,0.0,0.0,0.0,Beaked whales,0.0,0.0,0.0,0.0,0.0,0.29036226900000006,-1.330188909053672e-13,-1.9056960089830488e-10,0.0
28_28_Central_Atlantic_(1950),SC,0.75,2,0.00156,0.52174383222,0.0008372185599812127,0.0007227814573199999,0.104348766444,0.415835053,0.0,0.0,0.0,Toothed whales,0.0,0.0,0.0,0.0,0.0,0.536678553,-1.730121276279084e-11,1.2775999980174646e-08,0.0
28_28_Central_Atlantic_(1950),SC,0.75,1,0.0008256798,0.1814176815802857,0.0005485316108812128,0.0002771482068003528,0.036283536316057144,0.144308478,0.0,0.0,0.0,Baleen whales,0.0,0.0,0.0,0.0,0.0,0.664339364,-1.76815656300483e-11,-1.2535771448662913e-08,0.0
28_28_Central_Atlantic_(1950),SM,0.75,39,-0.0,-0.0,0.0,0.0,0.0,0.0,0.0,0.0,0.0,diet_import,0.0,0.0,0.0,0.0,0.0,,-0.0,0.0,0.0
28_28_Central_Atlantic_(1950),SM,0.75,38,2777.8735816577464,2777.8735816577464,2718.2345000401283,0.0,0.0,0.0,0.0,59.6390816176181,0.0,Detritus,0.0,0.0,0.0,0.0,0.0,1.0,0.0,0.0,0.0
28_28_Central_Atlantic_(1950),SM,0.75,37,2964.2448555,2964.2448555,2304.4126302796485,659.8320120997337,0.0,0.0,0.0,0.0,0.0,Phytoplankton,0.0,0.0,0.0,0.0,0.0,0.777403,0.00021312061790013104,0.0,0.0
28_28_Central_Atlantic_(1950),SM,0.75,36,51.606198899999995,172.02066299999998,3.473465040262137,48.13273376183184,34.4041326,86.01033,0.0,0.0,0.0,Lg. Zoop. deep,0.0,0.0,0.0,0.0,0.0,0.06730712999999999,9.790602462089737e-08,1.499999996212864e-06,0.0
28_28_Central_Atlantic_(1950),SM,0.75,35,326.25349455,1088.1402679500002,136.65760187059252,189.59589687002213,217.62805359000004,544.2587,0.0,0.0,0.0,Sm. Zoop. deep,0.0,0.0,0.0,0.0,0.0,0.41886937599999996,-4.1906146179826465e-06,1.9810000139841577e-05,0.0
28_28_Central_Atlantic_(1950),SM,0.75,34,152.83878554999998,509.4626185,24.764043988060063,128.07474125496339,101.89252370000001,254.731323,0.0,0.0,0.0,Lg. Zoop. shlw,0.0,0.0,0.0,0.0,0.0,0.162027225,3.069765455165907e-07,-1.3749999965284587e-05,0.0
28_28_Central_Atlantic_(1950),SM,0.75,33,1141.8,3808.2000000000003,810.8210994383843,330.97876575719994,761.6400000000001,1904.76,0.0,0.0,0.0,Sm. Zoop. shlw,0.0,0.0,0.0,0.0,0.0,0.710125446,0.00013480441566571244,4.547473508864641e-13,0.0
28_28_Central_Atlantic_(1950),SM,0.75,32,415.91835,563.5749999999999,259.56446880550004,156.35385617274002,112.71499999999999,34.941597,0.0,0.0,0.0,Het. bacteria,0.0,0.0,0.0,0.0,0.0,0.6240755999999998,2.502175988183808e-05,5.2999999965663847e-05,0.0
28_28_Central_Atlantic_(1950),SM,0.75,31,0.43340000000000006,2.6398,0.041626123427598485,0.39177388030000004,0.5279600000000001,1.67843986,0.0,0.0,0.0,Megabenthos,0.0,0.0,0.0,0.0,0.0,0.0960455,-3.72759845213011e-09,1.3999999981528788e-07,0.0
28_28_Central_Atlantic_(1950),SM,0.75,30,0.369,3.6346499999999997,0.09863466851516114,0.270365328792,0.72693,2.53872,0.0,0.0,0.0,Macrobenthos,0.0,0.0,0.0,0.0,0.0,0.26730263200000004,2.6928388408009596e-09,0.0,0.0
28_28_Central_Atlantic_(1950),SM,0.75,29,2.214,22.287599999999998,0.5448121363030838,1.6691878621979999,4.45752,15.6160793,0.0,0.0,0.0,Meiobenthos,0.0,0.0,0.0,0.0,0.0,0.24607594300000002,1.4989161023493125e-09,6.99999999298484e-07,0.0
28_28_Central_Atlantic_(1950),SM,0.75,28,0.012723003955,0.02544600791,0.011450702967616381,0.0012723003954999996,0.005089201582,0.007633802,0.0,0.0,0.0,Benth. ceph.,0.0,0.0,0.0,0.0,0.0,0.9,5.918836185059284e-10,3.729999989432464e-10,0.0
28_28_Central_Atlantic_(1950),SM,0.75,27,0.5644206439999999,4.47855511,0.507978562200084,0.05644206439999998,0.8957110220000001,3.01842356,0.0,0.0,0.0,Lg Squids,0.0,0.0,0.0,0.0,0.0,0.9,1.739991595250956e-08,-1.1599999982792042e-07,0.0
28_28_Central_Atlantic_(1950),SM,0.75,26,1.9626521827999999,15.573218407,1.766386893631383,0.19626521827999993,3.1146436814000005,10.4959221,0.0,0.0,0.0,Sm Squids,0.0,0.0,0.0,0.0,0.0,0.9,7.08886169764611e-08,4.428000011102995e-07,0.0
28_28_Central_Atlantic_(1950),SM,0.75,25,0.029511966558754574,0.05365811909218538,0.028247997140988634,0.001263969107687661,0.010731623818437078,0.01341453,0.0,0.0,0.0,Lg. Bathyd. abs,0.0,0.0,0.0,0.0,0.0,0.957170963,3.100782790255163e-10,-1.2850062697938869e-09,0.0
28_28_Central_Atlantic_(1950),SM,0.75,24,0.032007212730000005,0.0581949347850468,0.03092652416753671,0.0010806897702190206,0.011638986957009361,0.014548731,0.0,0.0,0.0,Sm. Bathyd. abs,0.0,0.0,0.0,0.0,0.0,0.966236055,-1.207755728760418e-09,4.098037435437685e-09,0.0
28_28_Central_Atlantic_(1950),SM,0.75,23,0.0030136304000000004,0.00547932783219558,0.0019225564713861983,0.0010750843315452802,0.001095865566439116,0.00136983185,6.39589e-05,0.0,0.0,Lg. Bathyd. slp,0.0,4.796917499999999e-05,1.5989725e-05,1.5989725e-05,0.0,0.6432593951981371,-1.2793147791123616e-10,1.5756463408317378e-11,0.0
28_28_Central_Atlantic_(1950),SM,0.75,22,0.005653607665707449,0.010279287244467,0.004260451747794523,0.0013461182957042862,0.0020558574488934002,0.00256982166,0.000188149,0.0,0.0,Sm. Bathyd. slp,0.0,0.00014111175,4.703725e-05,4.703725e-05,0.0,0.7619010063486881,3.72208640644911e-10,4.69866151195375e-10,0.0
28_28_Central_Atlantic_(1950),SM,0.75,21,0.006341536224000001,0.011508713888,0.005009813921588745,0.0013317226070399999,0.0023017427776000003,0.00286543486,0.0,0.0,0.0,Lg. Bathyp. fish,0.0,0.0,0.0,0.0,0.0,0.79,-3.046287441049733e-10,2.6399998940412894e-11,0.0
28_28_Central_Atlantic_(1950),SM,0.75,20,0.013441102436,0.020515366876,0.012096991849560989,0.0013441102435999997,0.0041030733752,0.00297118956,0.0,0.0,0.0,Md. Bathyp.fish,0.0,0.0,0.0,0.0,0.0,0.9,3.428390106530177e-10,1.5047999985841332e-09,0.0
28_28_Central_Atlantic_(1950),SM,0.75,19,0.06545771003200002,0.22973138617000002,0.05891193573953475,0.0065457710032,0.04594627723400001,0.118327409,0.0,0.0,0.0,Sm. Bathyp. fish,0.0,0.0,0.0,0.0,0.0,0.9,3.2892652629401553e-09,-1.0095999994352844e-08,0.0
28_28_Central_Atlantic_(1950),SM,0.75,18,12.22519406327412,59.3828355,3.573220730157866,8.651973314709084,11.8765671,35.2810745,0.0,0.0,0.0,Sm. Meso fish,0.0,0.0,0.0,0.0,0.0,0.292283356,1.8407170898626646e-08,-1.6327412311056833e-07,0.0
28_28_Central_Atlantic_(1950),SM,0.75,17,0.0003348901755,0.0079257341535,0.00030140115666829864,3.348901755e-05,0.0015851468307,0.006005697,0.0,0.0,0.0,Lg. Meso fish,0.0,0.0,0.0,0.0,0.0,0.9,1.2817013617973105e-12,1.4729999945478633e-10,0.0
28_28_Central_Atlantic_(1950),SM,0.75,16,2.418293435320515,14.779333033030326,2.1764249584475417,0.24185866740705142,2.9558666066060653,9.405173,3.90985e-05,0.0,0.0,Sm. Epi. fish,0.0,2.9323874999999997e-05,9.774625e-06,9.774625e-06,0.0,0.8999878741452251,3.4840921703249705e-08,-8.896252623458167e-09,0.0
28_28_Central_Atlantic_(1950),SM,0.75,15,0.1059599016,0.7525932498796599,0.09523928587084607,0.010689461909999998,0.150518649975932,0.496114731,0.000124629,0.0,0.0,Md. Epi. fish,0.0,9.347174999999998e-05,3.115725e-05,3.115725e-05,0.0,0.8991178573348165,-3.4308460655774198e-09,-3.2696272078691635e-08,0.0
28_28_Central_Atlantic_(1950),SM,0.75,14,0.00984495897,0.12697145868897,0.007685239049978655,0.0020874257042999994,0.025394291737794002,0.091732204,0.000289178,0.0,0.0,Lg. Epi. fish,0.0,0.00021688350000000003,7.22945e-05,7.22945e-05,0.0,0.7879700961008678,-2.8427865443603206e-10,3.981175999978603e-09,0.0
28_28_Central_Atlantic_(1950),SM,0.75,13,0.00064010414496,0.010287388044000001,6.401041000000001e-05,0.000576093730464,0.0020574776088000003,0.00758980634,0.0,0.0,0.0,Lg. Plank. fish,0.0,0.0,0.0,0.0,0.0,0.09999999999999998,4.496000034943937e-12,-4.9759998205223255e-11,0.0
28_28_Central_Atlantic_(1950),SM,0.75,12,2.1336802558309998e-05,0.00021225354904839998,6.401041000000001e-07,2.0696698481560696e-05,4.245070980968e-05,0.000148466032,0.0,0.0,0.0,Billfishes,0.0,0.0,0.0,0.0,0.0,0.030000000000000027,-2.3250698648292698e-14,4.680409976687977e-12,0.0
28_28_Central_Atlantic_(1950),SM,0.75,11,0.00032651159999999997,0.004353488,6.401041000000001e-07,0.00032587149593018877,0.0008706976,0.00315627875,0.0,0.0,0.0,Swordfish,0.0,0.0,0.0,0.0,0.0,0.0019604328600000276,-3.0188796341229507e-14,5.000000023389073e-11,0.0
28_28_Central_Atlantic_(1950),SM,0.75,10,0.01072980688,0.46030871515199995,0.0017776866754339626,0.008952120234131998,0.09206174303039999,0.357517153,0.0,0.0,0.0,Bigeye,0.0,0.0,0.0,0.0,0.0,0.16567741300000005,-2.9565960790733925e-11,1.2241599955942206e-08,0.0
28_28_Central_Atlantic_(1950),SM,0.75,9,0.0002486316,0.0059671584,9.575327449622515e-05,0.00015287832471324,0.00119343168,0.004525095,0.0,0.0,0.0,Albacore,0.0,0.0,0.0,0.0,0.0,0.3851211,7.90534846785429e-13,1.200000003878654e-10,0.0
28_28_Central_Atlantic_(1950),SM,0.75,8,0.00804781642,0.15322104854,0.001044242037497828,0.007003574237715865,0.030644209707999998,0.114529014,0.0,0.0,0.0,Skipjack,0.0,0.0,0.0,0.0,0.0,0.12975472199999993,1.4478630620817778e-10,8.411999999347053e-09,0.0
28_28_Central_Atlantic_(1950),SM,0.75,7,2.1533975999999998e-06,3.588996e-05,6.401041000000001e-07,1.2889812543768215e-06,7.177992e-06,2.655857e-05,8.97249e-07,0.0,0.0,Bluefin,0.0,6.729367500000001e-07,2.2431225e-07,2.2431225e-07,0.0,0.40141975899999993,-4.376821679337364e-15,3.999999997569316e-13,0.0
28_28_Central_Atlantic_(1950),SM,0.75,6,0.00010813669999999998,0.00239908993,6.988740116756793e-06,0.00010114795916850798,0.00047981798599999997,0.00181113509,0.0,0.0,0.0,Yellowfin,0.0,0.0,0.0,0.0,0.0,0.06462875999999995,7.147352100358301e-13,1.5400000003516767e-10,0.0
28_28_Central_Atlantic_(1950),SM,0.75,5,0.00249640599,0.06401040999999999,0.0005785155030430785,0.0019064939925,0.012802082,0.048711922,4.5586e-05,0.0,0.0,Pelagic sharks,0.0,3.41895e-05,1.13965e-05,1.13965e-05,0.0,0.2363045113106783,-5.543078582942451e-12,9.999993888509806e-12,0.0
28_28_Central_Atlantic_(1950),SM,0.75,4,9.79823604992e-06,0.00919899290843,5.857542543244573e-06,3.940693277589222e-06,0.0018397985816859998,0.00734939566,0.0,0.0,0.0,Seabirds,0.0,0.0,0.0,0.0,0.0,0.59781605,2.290862049619249e-13,4.3069408022650135e-10,0.0
28_28_Central_Atlantic_(1950),SM,0.75,3,1.796872e-05,0.007911342611788,5.217438443244573e-06,1.275128168977432e-05,0.0015822685223576003,0.00631110556,0.0,0.0,0.0,Beaked whales,0.0,0.0,0.0,0.0,0.0,0.29036226900000006,-1.330188909053672e-13,-1.9056960089830488e-10,0.0
28_28_Central_Atlantic_(1950),SM,0.75,2,0.00156,0.52174383222,0.0008372185599812127,0.0007227814573199999,0.104348766444,0.415835053,0.0,0.0,0.0,Toothed whales,0.0,0.0,0.0,0.0,0.0,0.536678553,-1.730121276279084e-11,1.2775999980174646e-08,0.0
28_28_Central_Atlantic_(1950),SM,0.75,1,0.0008256798,0.1814176815802857,0.0005485316108812128,0.0002771482068003528,0.036283536316057144,0.144308478,0.0,0.0,0.0,Baleen whales,0.0,0.0,0.0,0.0,0.0,0.664339364,-1.76815656300483e-11,-1.2535771448662913e-08,0.0
28_28_Central_Atlantic_(1950),SE,0.75,39,-0.0,-0.0,0.0,0.0,0.0,0.0,0.0,0.0,0.0,diet_import,0.0,0.0,0.0,0.0,0.0,,-0.0,0.0,0.0
28_28_Central_Atlantic_(1950),SE,0.75,38,2777.8730180352595,2777.8730180352595,2718.2345000401283,0.0,0.0,0.0,0.0,59.638517995131224,0.0,Detritus,0.0,0.0,0.0,0.0,0.0,1.0,0.0,0.0,0.0
28_28_Central_Atlantic_(1950),SE,0.75,37,2964.2448555,2964.2448555,2304.4126302796485,659.8320120997337,0.0,0.0,0.0,0.0,0.0,Phytoplankton,0.0,0.0,0.0,0.0,0.0,0.777403,0.00021312061790013104,0.0,0.0
28_28_Central_Atlantic_(1950),SE,0.75,36,51.606198899999995,172.02066299999998,3.473465040262137,48.13273376183184,34.4041326,86.01033,0.0,0.0,0.0,Lg. Zoop. deep,0.0,0.0,0.0,0.0,0.0,0.06730712999999999,9.790602462089737e-08,1.499999996212864e-06,0.0
28_28_Central_Atlantic_(1950),SE,0.75,35,326.25349455,1088.1402679500002,136.65760187059252,189.59589687002213,217.62805359000004,544.2587,0.0,0.0,0.0,Sm. Zoop. deep,0.0,0.0,0.0,0.0,0.0,0.41886937599999996,-4.1906146179826465e-06,1.9810000139841577e-05,0.0
28_28_Central_Atlantic_(1950),SE,0.75,34,152.83878554999998,509.4626185,24.764043988060063,128.07474125496339,101.89252370000001,254.731323,0.0,0.0,0.0,Lg. Zoop. shlw,0.0,0.0,0.0,0.0,0.0,0.162027225,3.069765455165907e-07,-1.3749999965284587e-05,0.0
28_28_Central_Atlantic_(1950),SE,0.75,33,1141.8,3808.2000000000003,810.8210994383843,330.97876575719994,761.6400000000001,1904.76,0.0,0.0,0.0,Sm. Zoop. shlw,0.0,0.0,0.0,0.0,0.0,0.710125446,0.00013480441566571244,4.547473508864641e-13,0.0
28_28_Central_Atlantic_(1950),SE,0.75,32,415.91835,563.5749999999999,259.56446880550004,156.35385617274002,112.71499999999999,34.941597,0.0,0.0,0.0,Het. bacteria,0.0,0.0,0.0,0.0,0.0,0.6240755999999998,2.502175988183808e-05,5.2999999965663847e-05,0.0
28_28_Central_Atlantic_(1950),SE,0.75,31,0.43340000000000006,2.6398,0.041626123427598485,0.39177388030000004,0.5279600000000001,1.67843986,0.0,0.0,0.0,Megabenthos,0.0,0.0,0.0,0.0,0.0,0.0960455,-3.72759845213011e-09,1.3999999981528788e-07,0.0
28_28_Central_Atlantic_(1950),SE,0.75,30,0.369,3.6346499999999997,0.09863466851516114,0.270365328792,0.72693,2.53872,0.0,0.0,0.0,Macrobenthos,0.0,0.0,0.0,0.0,0.0,0.26730263200000004,2.6928388408009596e-09,0.0,0.0
28_28_Central_Atlantic_(1950),SE,0.75,29,2.214,22.287599999999998,0.5448121363030838,1.6691878621979999,4.45752,15.6160793,0.0,0.0,0.0,Meiobenthos,0.0,0.0,0.0,0.0,0.0,0.24607594300000002,1.4989161023493125e-09,6.99999999298484e-07,0.0
28_28_Central_Atlantic_(1950),SE,0.75,28,0.012723003955,0.02544600791,0.011450702967616381,0.0012723003954999996,0.005089201582,0.007633802,0.0,0.0,0.0,Benth. ceph.,0.0,0.0,0.0,0.0,0.0,0.9,5.918836185059284e-10,3.729999989432464e-10,0.0
28_28_Central_Atlantic_(1950),SE,0.75,27,0.5644206439999999,4.47855511,0.507978562200084,0.05644206439999998,0.8957110220000001,3.01842356,0.0,0.0,0.0,Lg Squids,0.0,0.0,0.0,0.0,0.0,0.9,1.739991595250956e-08,-1.1599999982792042e-07,0.0
28_28_Central_Atlantic_(1950),SE,0.75,26,1.9626521827999999,15.573218407,1.766386893631383,0.19626521827999993,3.1146436814000005,10.4959221,0.0,0.0,0.0,Sm Squids,0.0,0.0,0.0,0.0,0.0,0.9,7.08886169764611e-08,4.428000011102995e-07,0.0
28_28_Central_Atlantic_(1950),SE,0.75,25,0.029511966558754574,0.05365811909218538,0.028247997140988634,0.001263969107687661,0.010731623818437078,0.01341453,0.0,0.0,0.0,Lg. Bathyd. abs,0.0,0.0,0.0,0.0,0.0,0.957170963,3.100782790255163e-10,-1.2850062697938869e-09,0.0
28_28_Central_Atlantic_(1950),SE,0.75,24,0.032007212730000005,0.0581949347850468,0.03092652416753671,0.0010806897702190206,0.011638986957009361,0.014548731,0.0,0.0,0.0,Sm. Bathyd. abs,0.0,0.0,0.0,0.0,0.0,0.966236055,-1.207755728760418e-09,4.098037435437685e-09,0.0
28_28_Central_Atlantic_(1950),SE,0.75,23,0.0030136304000000004,0.00547932783219558,0.0019225564713861983,0.00102711515654528,0.001095865566439116,0.00136983185,6.39589e-05,0.0,0.0,Lg. Bathyd. slp,4.796917499999999e-05,4.796917499999999e-05,1.5989725e-05,1.5989725e-05,0.0,0.6591768,-1.2793147791123616e-10,1.5756463408317378e-11,0.0
28_28_Central_Atlantic_(1950),SE,0.75,22,0.005653607665707449,0.010279287244467,0.004260451747794523,0.0012050065457042862,0.0020558574488934002,0.00256982166,0.000188149,0.0,0.0,Sm. Bathyd. slp,0.00014111175,0.00014111175,4.703725e-05,4.703725e-05,0.0,0.7868606,3.72208640644911e-10,4.69866151195375e-10,0.0
28_28_Central_Atlantic_(1950),SE,0.75,21,0.006341536224000001,0.011508713888,0.005009813921588745,0.0013317226070399999,0.0023017427776000003,0.00286543486,0.0,0.0,0.0,Lg. Bathyp. fish,0.0,0.0,0.0,0.0,0.0,0.79,-3.046287441049733e-10,2.6399998940412894e-11,0.0
28_28_Central_Atlantic_(1950),SE,0.75,20,0.013441102436,0.020515366876,0.012096991849560989,0.0013441102435999997,0.0041030733752,0.00297118956,0.0,0.0,0.0,Md. Bathyp.fish,0.0,0.0,0.0,0.0,0.0,0.9,3.428390106530177e-10,1.5047999985841332e-09,0.0
28_28_Central_Atlantic_(1950),SE,0.75,19,0.06545771003200002,0.22973138617000002,0.05891193573953475,0.0065457710032,0.04594627723400001,0.118327409,0.0,0.0,0.0,Sm. Bathyp. fish,0.0,0.0,0.0,0.0,0.0,0.9,3.2892652629401553e-09,-1.0095999994352844e-08,0.0
28_28_Central_Atlantic_(1950),SE,0.75,18,12.22519406327412,59.3828355,3.573220730157866,8.651973314709084,11.8765671,35.2810745,0.0,0.0,0.0,Sm. Meso fish,0.0,0.0,0.0,0.0,0.0,0.292283356,1.8407170898626646e-08,-1.6327412311056833e-07,0.0
28_28_Central_Atlantic_(1950),SE,0.75,17,0.0003348901755,0.0079257341535,0.00030140115666829864,3.348901755e-05,0.0015851468307,0.006005697,0.0,0.0,0.0,Lg. Meso fish,0.0,0.0,0.0,0.0,0.0,0.9,1.2817013617973105e-12,1.4729999945478633e-10,0.0
28_28_Central_Atlantic_(1950),SE,0.75,16,2.418293435320515,14.779333033030326,2.1764249584475417,0.24182934353205143,2.9558666066060653,9.405173,3.90985e-05,0.0,0.0,Sm. Epi. fish,2.9323874999999997e-05,2.9323874999999997e-05,9.774625e-06,9.774625e-06,0.0,0.9,3.4840921703249705e-08,-8.896252623458167e-09,0.0
28_28_Central_Atlantic_(1950),SE,0.75,15,0.1059599016,0.7525932498796599,0.09523928587084607,0.010595990159999997,0.150518649975932,0.496114731,0.000124629,0.0,0.0,Md. Epi. fish,9.347174999999998e-05,9.347174999999998e-05,3.115725e-05,3.115725e-05,0.0,0.9,-3.4308460655774198e-09,-3.2696272078691635e-08,0.0
28_28_Central_Atlantic_(1950),SE,0.75,14,0.00984495897,0.12697145868897,0.007685239049978655,0.0018705422042999994,0.025394291737794002,0.091732204,0.000289178,0.0,0.0,Lg. Epi. fish,0.00021688350000000003,0.00021688350000000003,7.22945e-05,7.22945e-05,0.0,0.81,-2.8427865617075554e-10,3.981175999978603e-09,0.0
28_28_Central_Atlantic_(1950),SE,0.75,13,0.00064010414496,0.010287388044000001,6.401041000000001e-05,0.000576093730464,0.0020574776088000003,0.00758980634,0.0,0.0,0.0,Lg. Plank. fish,0.0,0.0,0.0,0.0,0.0,0.09999999999999998,4.496000034943937e-12,-4.9759998205223255e-11,0.0
28_28_Central_Atlantic_(1950),SE,0.75,12,2.1336802558309998e-05,0.00021225354904839998,6.401041000000001e-07,2.0696698481560696e-05,4.245070980968e-05,0.000148466032,0.0,0.0,0.0,Billfishes,0.0,0.0,0.0,0.0,0.0,0.030000000000000027,-2.3250698648292698e-14,4.680409976687977e-12,0.0
28_28_Central_Atlantic_(1950),SE,0.75,11,0.00032651159999999997,0.004353488,6.401041000000001e-07,0.00032587149593018877,0.0008706976,0.00315627875,0.0,0.0,0.0,Swordfish,0.0,0.0,0.0,0.0,0.0,0.0019604328600000276,-3.0188796341229507e-14,5.000000023389073e-11,0.0
28_28_Central_Atlantic_(1950),SE,0.75,10,0.01072980688,0.46030871515199995,0.0017776866754339626,0.008952120234131998,0.09206174303039999,0.357517153,0.0,0.0,0.0,Bigeye,0.0,0.0,0.0,0.0,0.0,0.16567741300000005,-2.9565960790733925e-11,1.2241599955942206e-08,0.0
28_28_Central_Atlantic_(1950),SE,0.75,9,0.0002486316,0.0059671584,9.575327449622515e-05,0.00015287832471324,0.00119343168,0.004525095,0.0,0.0,0.0,Albacore,0.0,0.0,0.0,0.0,0.0,0.3851211,7.90534846785429e-13,1.200000003878654e-10,0.0
28_28_Central_Atlantic_(1950),SE,0.75,8,0.00804781642,0.15322104854,0.001044242037497828,0.007003574237715865,0.030644209707999998,0.114529014,0.0,0.0,0.0,Skipjack,0.0,0.0,0.0,0.0,0.0,0.12975472199999993,1.4478630620817778e-10,8.411999999347053e-09,0.0
28_28_Central_Atlantic_(1950),SE,0.75,7,2.1533975999999998e-06,3.588996e-05,6.401041000000001e-07,6.160445043768214e-07,7.177992e-06,2.655857e-05,8.97249e-07,0.0,0.0,Bluefin,6.729367500000001e-07,6.729367500000001e-07,2.2431225e-07,2.2431225e-07,0.0,0.713919759,-4.376822102853837e-15,3.999999997569316e-13,0.0
28_28_Central_Atlantic_(1950),SE,0.75,6,0.00010813669999999998,0.00239908993,6.988740116756793e-06,0.00010114795916850798,0.00047981798599999997,0.00181113509,0.0,0.0,0.0,Yellowfin,0.0,0.0,0.0,0.0,0.0,0.06462875999999995,7.147352100358301e-13,1.5400000003516767e-10,0.0
28_28_Central_Atlantic_(1950),SE,0.75,5,0.00249640599,0.06401040999999999,0.0005785155030430785,0.0018723044925,0.012802082,0.048711922,4.5586e-05,0.0,0.0,Pelagic sharks,3.41895e-05,3.41895e-05,1.13965e-05,1.13965e-05,0.0,0.25,-5.543078582942451e-12,9.999993888509806e-12,0.0
28_28_Central_Atlantic_(1950),SE,0.75,4,9.79823604992e-06,0.00919899290843,5.857542543244573e-06,3.940693277589222e-06,0.0018397985816859998,0.00734939566,0.0,0.0,0.0,Seabirds,0.0,0.0,0.0,0.0,0.0,0.59781605,2.290862049619249e-13,4.3069408022650135e-10,0.0
28_28_Central_Atlantic_(1950),SE,0.75,3,1.796872e-05,0.007911342611788,5.217438443244573e-06,1.275128168977432e-05,0.0015822685223576003,0.00631110556,0.0,0.0,0.0,Beaked whales,0.0,0.0,0.0,0.0,0.0,0.29036226900000006,-1.330188909053672e-13,-1.9056960089830488e-10,0.0
28_28_Central_Atlantic_(1950),SE,0.75,2,0.00156,0.52174383222,0.0008372185599812127,0.0007227814573199999,0.104348766444,0.415835053,0.0,0.0,0.0,Toothed whales,0.0,0.0,0.0,0.0,0.0,0.536678553,-1.730121276279084e-11,1.2775999980174646e-08,0.0
28_28_Central_Atlantic_(1950),SE,0.75,1,0.0008256798,0.1814176815802857,0.0005485316108812128,0.0002771482068003528,0.036283536316057144,0.144308478,0.0,0.0,0.0,Baleen whales,0.0,0.0,0.0,0.0,0.0,0.664339364,-1.76815656300483e-11,-1.2535771448662913e-08,0.0
28_28_Central_Atlantic_(1950),SC,1.0,39,-0.0,-0.0,0.0,0.0,0.0,0.0,0.0,0.0,0.0,diet_import,0.0,0.0,0.0,0.0,0.0,,-0.0,0.0,0.0
28_28_Central_Atlantic_(1950),SC,1.0,38,2777.8730180352595,2777.8730180352595,2718.2345000401283,0.0,0.0,0.0,0.0,59.638517995131224,0.0,Detritus,0.0,0.0,0.0,0.0,0.0,1.0,0.0,0.0,0.0
28_28_Central_Atlantic_(1950),SC,1.0,37,2964.2448555,2964.2448555,2304.4126302796485,659.8320120997337,0.0,0.0,0.0,0.0,0.0,Phytoplankton,0.0,0.0,0.0,0.0,0.0,0.777403,0.00021312061790013104,0.0,0.0
28_28_Central_Atlantic_(1950),SC,1.0,36,51.606198899999995,172.02066299999998,3.473465040262137,48.13273376183184,34.4041326,86.01033,0.0,0.0,0.0,Lg. Zoop. deep,0.0,0.0,0.0,0.0,0.0,0.06730712999999999,9.790602462089737e-08,1.499999996212864e-06,0.0
28_28_Central_Atlantic_(1950),SC,1.0,35,326.25349455,1088.1402679500002,136.65760187059252,189.59589687002213,217.62805359000004,544.2587,0.0,0.0,0.0,Sm. Zoop. deep,0.0,0.0,0.0,0.0,0.0,0.41886937599999996,-4.1906146179826465e-06,1.9810000139841577e-05,0.0
28_28_Central_Atlantic_(1950),SC,1.0,34,152.83878554999998,509.4626185,24.764043988060063,128.07474125496339,101.89252370000001,254.731323,0.0,0.0,0.0,Lg. Zoop. shlw,0.0,0.0,0.0,0.0,0.0,0.162027225,3.069765455165907e-07,-1.3749999965284587e-05,0.0
28_28_Central_Atlantic_(1950),SC,1.0,33,1141.8,3808.2000000000003,810.8210994383843,330.97876575719994,761.6400000000001,1904.76,0.0,0.0,0.0,Sm. Zoop. shlw,0.0,0.0,0.0,0.0,0.0,0.710125446,0.00013480441566571244,4.547473508864641e-13,0.0
28_28_Central_Atlantic_(1950),SC,1.0,32,415.91835,563.5749999999999,259.56446880550004,156.35385617274002,112.71499999999999,34.941597,0.0,0.0,0.0,Het. bacteria,0.0,0.0,0.0,0.0,0.0,0.6240755999999998,2.502175988183808e-05,5.2999999965663847e-05,0.0
28_28_Central_Atlantic_(1950),SC,1.0,31,0.43340000000000006,2.6398,0.041626123427598485,0.39177388030000004,0.5279600000000001,1.67843986,0.0,0.0,0.0,Megabenthos,0.0,0.0,0.0,0.0,0.0,0.0960455,-3.72759845213011e-09,1.3999999981528788e-07,0.0
28_28_Central_Atlantic_(1950),SC,1.0,30,0.369,3.6346499999999997,0.09863466851516114,0.270365328792,0.72693,2.53872,0.0,0.0,0.0,Macrobenthos,0.0,0.0,0.0,0.0,0.0,0.26730263200000004,2.6928388408009596e-09,0.0,0.0
28_28_Central_Atlantic_(1950),SC,1.0,29,2.214,22.287599999999998,0.5448121363030838,1.6691878621979999,4.45752,15.6160793,0.0,0.0,0.0,Meiobenthos,0.0,0.0,0.0,0.0,0.0,0.24607594300000002,1.4989161023493125e-09,6.99999999298484e-07,0.0
28_28_Central_Atlantic_(1950),SC,1.0,28,0.012723003955,0.02544600791,0.011450702967616381,0.0012723003954999996,0.005089201582,0.007633802,0.0,0.0,0.0,Benth. ceph.,0.0,0.0,0.0,0.0,0.0,0.9,5.918836185059284e-10,3.729999989432464e-10,0.0
28_28_Central_Atlantic_(1950),SC,1.0,27,0.5644206439999999,4.47855511,0.507978562200084,0.05644206439999998,0.8957110220000001,3.01842356,0.0,0.0,0.0,Lg Squids,0.0,0.0,0.0,0.0,0.0,0.9,1.739991595250956e-08,-1.1599999982792042e-07,0.0
28_28_Central_Atlantic_(1950),SC,1.0,26,1.9626521827999999,15.573218407,1.766386893631383,0.19626521827999993,3.1146436814000005,10.4959221,0.0,0.0,0.0,Sm Squids,0.0,0.0,0.0,0.0,0.0,0.9,7.08886169764611e-08,4.428000011102995e-07,0.0
28_28_Central_Atlantic_(1950),SC,1.0,25,0.029511966558754574,0.05365811909218538,0.028247997140988634,0.001263969107687661,0.010731623818437078,0.01341453,0.0,0.0,0.0,Lg. Bathyd. abs,0.0,0.0,0.0,0.0,0.0,0.957170963,3.100782790255163e-10,-1.2850062697938869e-09,0.0
28_28_Central_Atlantic_(1950),SC,1.0,24,0.032007212730000005,0.0581949347850468,0.03092652416753671,0.0010806897702190206,0.011638986957009361,0.014548731,0.0,0.0,0.0,Sm. Bathyd. abs,0.0,0.0,0.0,0.0,0.0,0.966236055,-1.207755728760418e-09,4.098037435437685e-09,0.0
28_28_Central_Atlantic_(1950),SC,1.0,23,0.0030136304000000004,0.00547932783219558,0.0019225564713861983,0.00102711515654528,0.001095865566439116,0.00136983185,6.39589e-05,0.0,0.0,Lg. Bathyd. slp,0.0,6.39589e-05,0.0,6.39589e-05,0.0,0.6591768,-1.2793147834491703e-10,1.5756463408317378e-11,0.0
28_28_Central_Atlantic_(1950),SC,1.0,22,0.005653607665707449,0.010279287244467,0.004260451747794523,0.0012050065457042862,0.0020558574488934002,0.00256982166,0.000188149,0.0,0.0,Sm. Bathyd. slp,0.0,0.000188149,0.0,0.000188149,0.0,0.7868606,3.7220863977754926e-10,4.69866151195375e-10,0.0
28_28_Central_Atlantic_(1950),SC,1.0,21,0.006341536224000001,0.011508713888,0.005009813921588745,0.0013317226070399999,0.0023017427776000003,0.00286543486,0.0,0.0,0.0,Lg. Bathyp. fish,0.0,0.0,0.0,0.0,0.0,0.79,-3.046287441049733e-10,2.6399998940412894e-11,0.0
28_28_Central_Atlantic_(1950),SC,1.0,20,0.013441102436,0.020515366876,0.012096991849560989,0.0013441102435999997,0.0041030733752,0.00297118956,0.0,0.0,0.0,Md. Bathyp.fish,0.0,0.0,0.0,0.0,0.0,0.9,3.428390106530177e-10,1.5047999985841332e-09,0.0
28_28_Central_Atlantic_(1950),SC,1.0,19,0.06545771003200002,0.22973138617000002,0.05891193573953475,0.0065457710032,0.04594627723400001,0.118327409,0.0,0.0,0.0,Sm. Bathyp. fish,0.0,0.0,0.0,0.0,0.0,0.9,3.2892652629401553e-09,-1.0095999994352844e-08,0.0
28_28_Central_Atlantic_(1950),SC,1.0,18,12.22519406327412,59.3828355,3.573220730157866,8.651973314709084,11.8765671,35.2810745,0.0,0.0,0.0,Sm. Meso fish,0.0,0.0,0.0,0.0,0.0,0.292283356,1.8407170898626646e-08,-1.6327412311056833e-07,0.0
28_28_Central_Atlantic_(1950),SC,1.0,17,0.0003348901755,0.0079257341535,0.00030140115666829864,3.348901755e-05,0.0015851468307,0.006005697,0.0,0.0,0.0,Lg. Meso fish,0.0,0.0,0.0,0.0,0.0,0.9,1.2817013617973105e-12,1.4729999945478633e-10,0.0
28_28_Central_Atlantic_(1950),SC,1.0,16,2.418293435320515,14.779333033030326,2.1764249584475417,0.24182934353205143,2.9558666066060653,9.405173,3.90985e-05,0.0,0.0,Sm. Epi. fish,0.0,3.90985e-05,0.0,3.90985e-05,0.0,0.9,3.4840922147338915e-08,-8.896252623458167e-09,0.0
28_28_Central_Atlantic_(1950),SC,1.0,15,0.1059599016,0.7525932498796599,0.09523928587084607,0.010595990159999997,0.150518649975932,0.496114731,0.000124629,0.0,0.0,Md. Epi. fish,0.0,0.000124629,0.0,0.000124629,0.0,0.9,-3.4308460655774198e-09,-3.2696272078691635e-08,0.0
28_28_Central_Atlantic_(1950),SC,1.0,14,0.00984495897,0.12697145868897,0.007685239049978655,0.0018705422042999994,0.025394291737794002,0.091732204,0.000289178,0.0,0.0,Lg. Epi. fish,0.0,0.000289178,0.0,0.000289178,0.0,0.81,-2.8427865443603206e-10,3.981175999978603e-09,0.0
28_28_Central_Atlantic_(1950),SC,1.0,13,0.00064010414496,0.010287388044000001,6.401041000000001e-05,0.000576093730464,0.0020574776088000003,0.00758980634,0.0,0.0,0.0,Lg. Plank. fish,0.0,0.0,0.0,0.0,0.0,0.09999999999999998,4.496000034943937e-12,-4.9759998205223255e-11,0.0
28_28_Central_Atlantic_(1950),SC,1.0,12,2.1336802558309998e-05,0.00021225354904839998,6.401041000000001e-07,2.0696698481560696e-05,4.245070980968e-05,0.000148466032,0.0,0.0,0.0,Billfishes,0.0,0.0,0.0,0.0,0.0,0.030000000000000027,-2.3250698648292698e-14,4.680409976687977e-12,0.0
28_28_Central_Atlantic_(1950),SC,1.0,11,0.00032651159999999997,0.004353488,6.401041000000001e-07,0.00032587149593018877,0.0008706976,0.00315627875,0.0,0.0,0.0,Swordfish,0.0,0.0,0.0,0.0,0.0,0.0019604328600000276,-3.0188796341229507e-14,5.000000023389073e-11,0.0
28_28_Central_Atlantic_(1950),SC,1.0,10,0.01072980688,0.46030871515199995,0.0017776866754339626,0.008952120234131998,0.09206174303039999,0.357517153,0.0,0.0,0.0,Bigeye,0.0,0.0,0.0,0.0,0.0,0.16567741300000005,-2.9565960790733925e-11,1.2241599955942206e-08,0.0
28_28_Central_Atlantic_(1950),SC,1.0,9,0.0002486316,0.0059671584,9.575327449622515e-05,0.00015287832471324,0.00119343168,0.004525095,0.0,0.0,0.0,Albacore,0.0,0.0,0.0,0.0,0.0,0.3851211,7.90534846785429e-13,1.200000003878654e-10,0.0
28_28_Central_Atlantic_(1950),SC,1.0,8,0.00804781642,0.15322104854,0.001044242037497828,0.007003574237715865,0.030644209707999998,0.114529014,0.0,0.0,0.0,Skipjack,0.0,0.0,0.0,0.0,0.0,0.12975472199999993,1.4478630620817778e-10,8.411999999347053e-09,0.0
28_28_Central_Atlantic_(1950),SC,1.0,7,2.1533975999999998e-06,3.588996e-05,6.401041000000001e-07,6.160445043768214e-07,7.177992e-06,2.655857e-05,8.97249e-07,0.0,0.0,Bluefin,0.0,8.97249e-07,0.0,8.97249e-07,0.0,0.713919759,-4.376821679337364e-15,3.999999997569316e-13,0.0
28_28_Central_Atlantic_(1950),SC,1.0,6,0.00010813669999999998,0.00239908993,6.988740116756793e-06,0.00010114795916850798,0.00047981798599999997,0.00181113509,0.0,0.0,0.0,Yellowfin,0.0,0.0,0.0,0.0,0.0,0.06462875999999995,7.147352100358301e-13,1.5400000003516767e-10,0.0
28_28_Central_Atlantic_(1950),SC,1.0,5,0.00249640599,0.06401040999999999,0.0005785155030430785,0.0018723044925,0.012802082,0.048711922,4.5586e-05,0.0,0.0,Pelagic sharks,0.0,4.5586e-05,0.0,4.5586e-05,0.0,0.25,-5.543078149261582e-12,9.999993888509806e-12,0.0
28_28_Central_Atlantic_(1950),SC,1.0,4,9.79823604992e-06,0.00919899290843,5.857542543244573e-06,3.940693277589222e-06,0.0018397985816859998,0.00734939566,0.0,0.0,0.0,Seabirds,0.0,0.0,0.0,0.0,0.0,0.59781605,2.290862049619249e-13,4.3069408022650135e-10,0.0
28_28_Central_Atlantic_(1950),SC,1.0,3,1.796872e-05,0.007911342611788,5.217438443244573e-06,1.275128168977432e-05,0.0015822685223576003,0.00631110556,0.0,0.0,0.0,Beaked whales,0.0,0.0,0.0,0.0,0.0,0.29036226900000006,-1.330188909053672e-13,-1.9056960089830488e-10,0.0
28_28_Central_Atlantic_(1950),SC,1.0,2,0.00156,0.52174383222,0.0008372185599812127,0.0007227814573199999,0.104348766444,0.415835053,0.0,0.0,0.0,Toothed whales,0.0,0.0,0.0,0.0,0.0,0.536678553,-1.730121276279084e-11,1.2775999980174646e-08,0.0
28_28_Central_Atlantic_(1950),SC,1.0,1,0.0008256798,0.1814176815802857,0.0005485316108812128,0.0002771482068003528,0.036283536316057144,0.144308478,0.0,0.0,0.0,Baleen whales,0.0,0.0,0.0,0.0,0.0,0.664339364,-1.76815656300483e-11,-1.2535771448662913e-08,0.0
28_28_Central_Atlantic_(1950),SM,1.0,39,-0.0,-0.0,0.0,0.0,0.0,0.0,0.0,0.0,0.0,diet_import,0.0,0.0,0.0,0.0,0.0,,-0.0,0.0,0.0
28_28_Central_Atlantic_(1950),SM,1.0,38,2777.8737695319082,2777.8737695319082,2718.2345000401283,0.0,0.0,0.0,0.0,59.63926949177994,0.0,Detritus,0.0,0.0,0.0,0.0,0.0,1.0,0.0,0.0,0.0
28_28_Central_Atlantic_(1950),SM,1.0,37,2964.2448555,2964.2448555,2304.4126302796485,659.8320120997337,0.0,0.0,0.0,0.0,0.0,Phytoplankton,0.0,0.0,0.0,0.0,0.0,0.777403,0.00021312061790013104,0.0,0.0
28_28_Central_Atlantic_(1950),SM,1.0,36,51.606198899999995,172.02066299999998,3.473465040262137,48.13273376183184,34.4041326,86.01033,0.0,0.0,0.0,Lg. Zoop. deep,0.0,0.0,0.0,0.0,0.0,0.06730712999999999,9.790602462089737e-08,1.499999996212864e-06,0.0
28_28_Central_Atlantic_(1950),SM,1.0,35,326.25349455,1088.1402679500002,136.65760187059252,189.59589687002213,217.62805359000004,544.2587,0.0,0.0,0.0,Sm. Zoop. deep,0.0,0.0,0.0,0.0,0.0,0.41886937599999996,-4.1906146179826465e-06,1.9810000139841577e-05,0.0
28_28_Central_Atlantic_(1950),SM,1.0,34,152.83878554999998,509.4626185,24.764043988060063,128.07474125496339,101.89252370000001,254.731323,0.0,0.0,0.0,Lg. Zoop. shlw,0.0,0.0,0.0,0.0,0.0,0.162027225,3.069765455165907e-07,-1.3749999965284587e-05,0.0
28_28_Central_Atlantic_(1950),SM,1.0,33,1141.8,3808.2000000000003,810.8210994383843,330.97876575719994,761.6400000000001,1904.76,0.0,0.0,0.0,Sm. Zoop. shlw,0.0,0.0,0.0,0.0,0.0,0.710125446,0.00013480441566571244,4.547473508864641e-13,0.0
28_28_Central_Atlantic_(1950),SM,1.0,32,415.91835,563.5749999999999,259.56446880550004,156.35385617274002,112.71499999999999,34.941597,0.0,0.0,0.0,Het. bacteria,0.0,0.0,0.0,0.0,0.0,0.6240755999999998,2.502175988183808e-05,5.2999999965663847e-05,0.0
28_28_Central_Atlantic_(1950),SM,1.0,31,0.43340000000000006,2.6398,0.041626123427598485,0.39177388030000004,0.5279600000000001,1.67843986,0.0,0.0,0.0,Megabenthos,0.0,0.0,0.0,0.0,0.0,0.0960455,-3.72759845213011e-09,1.3999999981528788e-07,0.0
28_28_Central_Atlantic_(1950),SM,1.0,30,0.369,3.6346499999999997,0.09863466851516114,0.270365328792,0.72693,2.53872,0.0,0.0,0.0,Macrobenthos,0.0,0.0,0.0,0.0,0.0,0.26730263200000004,2.6928388408009596e-09,0.0,0.0
28_28_Central_Atlantic_(1950),SM,1.0,29,2.214,22.287599999999998,0.5448121363030838,1.6691878621979999,4.45752,15.6160793,0.0,0.0,0.0,Meiobenthos,0.0,0.0,0.0,0.0,0.0,0.24607594300000002,1.4989161023493125e-09,6.99999999298484e-07,0.0
28_28_Central_Atlantic_(1950),SM,1.0,28,0.012723003955,0.02544600791,0.011450702967616381,0.0012723003954999996,0.005089201582,0.007633802,0.0,0.0,0.0,Benth. ceph.,0.0,0.0,0.0,0.0,0.0,0.9,5.918836185059284e-10,3.729999989432464e-10,0.0
28_28_Central_Atlantic_(1950),SM,1.0,27,0.5644206439999999,4.47855511,0.507978562200084,0.05644206439999998,0.8957110220000001,3.01842356,0.0,0.0,0.0,Lg Squids,0.0,0.0,0.0,0.0,0.0,0.9,1.739991595250956e-08,-1.1599999982792042e-07,0.0
28_28_Central_Atlantic_(1950),SM,1.0,26,1.9626521827999999,15.573218407,1.766386893631383,0.19626521827999993,3.1146436814000005,10.4959221,0.0,0.0,0.0,Sm Squids,0.0,0.0,0.0,0.0,0.0,0.9,7.08886169764611e-08,4.428000011102995e-07,0.0
28_28_Central_Atlantic_(1950),SM,1.0,25,0.029511966558754574,0.05365811909218538,0.028247997140988634,0.001263969107687661,0.010731623818437078,0.01341453,0.0,0.0,0.0,Lg. Bathyd. abs,0.0,0.0,0.0,0.0,0.0,0.957170963,3.100782790255163e-10,-1.2850062697938869e-09,0.0
28_28_Central_Atlantic_(1950),SM,1.0,24,0.032007212730000005,0.0581949347850468,0.03092652416753671,0.0010806897702190206,0.011638986957009361,0.014548731,0.0,0.0,0.0,Sm. Bathyd. abs,0.0,0.0,0.0,0.0,0.0,0.966236055,-1.207755728760418e-09,4.098037435437685e-09,0.0
28_28_Central_Atlantic_(1950),SM,1.0,23,0.0030136304000000004,0.00547932783219558,0.0019225564713861983,0.00109107405654528,0.001095865566439116,0.00136983185,6.39589e-05,0.0,0.0,Lg. Bathyd. slp,0.0,6.39589e-05,0.0,0.0,0.0,0.6379535935975162,-1.2793147791123616e-10,1.5756463408317378e-11,0.0
28_28_Central_Atlantic_(1950),SM,1.0,22,0.005653607665707449,0.010279287244467,0.004260451747794523,0.0013931555457042863,0.0020558574488934002,0.00256982166,0.000188149,0.0,0.0,Sm. Bathyd. slp,0.0,0.000188149,0.0,0.0,0.0,0.7535811417982508,3.7220863977754926e-10,4.69866151195375e-10,0.0
28_28_Central_Atlantic_(1950),SM,1.0,21,0.006341536224000001,0.011508713888,0.005009813921588745,0.0013317226070399999,0.0023017427776000003,0.00286543486,0.0,0.0,0.0,Lg. Bathyp. fish,0.0,0.0,0.0,0.0,0.0,0.79,-3.046287441049733e-10,2.6399998940412894e-11,0.0
28_28_Central_Atlantic_(1950),SM,1.0,20,0.013441102436,0.020515366876,0.012096991849560989,0.0013441102435999997,0.0041030733752,0.00297118956,0.0,0.0,0.0,Md. Bathyp.fish,0.0,0.0,0.0,0.0,0.0,0.9,3.428390106530177e-10,1.5047999985841332e-09,0.0
28_28_Central_Atlantic_(1950),SM,1.0,19,0.06545771003200002,0.22973138617000002,0.05891193573953475,0.0065457710032,0.04594627723400001,0.118327409,0.0,0.0,0.0,Sm. Bathyp. fish,0.0,0.0,0.0,0.0,0.0,0.9,3.2892652629401553e-09,-1.0095999994352844e-08,0.0
28_28_Central_Atlantic_(1950),SM,1.0,18,12.22519406327412,59.3828355,3.573220730157866,8.651973314709084,11.8765671,35.2810745,0.0,0.0,0.0,Sm. Meso fish,0.0,0.0,0.0,0.0,0.0,0.292283356,1.8407170898626646e-08,-1.6327412311056833e-07,0.0
28_28_Central_Atlantic_(1950),SM,1.0,17,0.0003348901755,0.0079257341535,0.00030140115666829864,3.348901755e-05,0.0015851468307,0.006005697,0.0,0.0,0.0,Lg. Meso fish,0.0,0.0,0.0,0.0,0.0,0.9,1.2817013617973105e-12,1.4729999945478633e-10,0.0
28_28_Central_Atlantic_(1950),SM,1.0,16,2.418293435320515,14.779333033030326,2.1764249584475417,0.24186844203205143,2.9558666066060653,9.405173,3.90985e-05,0.0,0.0,Sm. Epi. fish,0.0,3.90985e-05,0.0,0.0,0.0,0.8999838321936334,3.4840921703249705e-08,-8.896252623458167e-09,0.0
28_28_Central_Atlantic_(1950),SM,1.0,15,0.1059599016,0.7525932498796599,0.09523928587084607,0.010720619159999997,0.150518649975932,0.496114731,0.000124629,0.0,0.0,Md. Epi. fish,0.0,0.000124629,0.0,0.0,0.0,0.8988238097797554,-3.4308460655774198e-09,-3.2696272078691635e-08,0.0
28_28_Central_Atlantic_(1950),SM,1.0,14,0.00984495897,0.12697145868897,0.007685239049978655,0.0021597202042999996,0.025394291737794002,0.091732204,0.000289178,0.0,0.0,Lg. Epi. fish,0.0,0.000289178,0.0,0.0,0.0,0.780626794801157,-2.8427865443603206e-10,3.981175999978603e-09,0.0
28_28_Central_Atlantic_(1950),SM,1.0,13,0.00064010414496,0.010287388044000001,6.401041000000001e-05,0.000576093730464,0.0020574776088000003,0.00758980634,0.0,0.0,0.0,Lg. Plank. fish,0.0,0.0,0.0,0.0,0.0,0.09999999999999998,4.496000034943937e-12,-4.9759998205223255e-11,0.0
28_28_Central_Atlantic_(1950),SM,1.0,12,2.1336802558309998e-05,0.00021225354904839998,6.401041000000001e-07,2.0696698481560696e-05,4.245070980968e-05,0.000148466032,0.0,0.0,0.0,Billfishes,0.0,0.0,0.0,0.0,0.0,0.030000000000000027,-2.3250698648292698e-14,4.680409976687977e-12,0.0
28_28_Central_Atlantic_(1950),SM,1.0,11,0.00032651159999999997,0.004353488,6.401041000000001e-07,0.00032587149593018877,0.0008706976,0.00315627875,0.0,0.0,0.0,Swordfish,0.0,0.0,0.0,0.0,0.0,0.0019604328600000276,-3.0188796341229507e-14,5.000000023389073e-11,0.0
28_28_Central_Atlantic_(1950),SM,1.0,10,0.01072980688,0.46030871515199995,0.0017776866754339626,0.008952120234131998,0.09206174303039999,0.357517153,0.0,0.0,0.0,Bigeye,0.0,0.0,0.0,0.0,0.0,0.16567741300000005,-2.9565960790733925e-11,1.2241599955942206e-08,0.0
28_28_Central_Atlantic_(1950),SM,1.0,9,0.0002486316,0.0059671584,9.575327449622515e-05,0.00015287832471324,0.00119343168,0.004525095,0.0,0.0,0.0,Albacore,0.0,0.0,0.0,0.0,0.0,0.3851211,7.90534846785429e-13,1.200000003878654e-10,0.0
28_28_Central_Atlantic_(1950),SM,1.0,8,0.00804781642,0.15322104854,0.001044242037497828,0.007003574237715865,0.030644209707999998,0.114529014,0.0,0.0,0.0,Skipjack,0.0,0.0,0.0,0.0,0.0,0.12975472199999993,1.4478630620817778e-10,8.411999999347053e-09,0.0
28_28_Central_Atlantic_(1950),SM,1.0,7,2.1533975999999998e-06,3.588996e-05,6.401041000000001e-07,1.5132935043768214e-06,7.177992e-06,2.655857e-05,8.97249e-07,0.0,0.0,Bluefin,0.0,8.97249e-07,0.0,0.0,0.0,0.2972530923333334,-4.376821679337364e-15,3.999999997569316e-13,0.0
28_28_Central_Atlantic_(1950),SM,1.0,6,0.00010813669999999998,0.00239908993,6.988740116756793e-06,0.00010114795916850798,0.00047981798599999997,0.00181113509,0.0,0.0,0.0,Yellowfin,0.0,0.0,0.0,0.0,0.0,0.06462875999999995,7.147352100358301e-13,1.5400000003516767e-10,0.0
28_28_Central_Atlantic_(1950),SM,1.0,5,0.00249640599,0.06401040999999999,0.0005785155030430785,0.0019178904925,0.012802082,0.048711922,4.5586e-05,0.0,0.0,Pelagic sharks,0.0,4.5586e-05,0.0,0.0,0.0,0.2317393484142377,-5.543078582942451e-12,9.999993888509806e-12,0.0
28_28_Central_Atlantic_(1950),SM,1.0,4,9.79823604992e-06,0.00919899290843,5.857542543244573e-06,3.940693277589222e-06,0.0018397985816859998,0.00734939566,0.0,0.0,0.0,Seabirds,0.0,0.0,0.0,0.0,0.0,0.59781605,2.290862049619249e-13,4.3069408022650135e-10,0.0
28_28_Central_Atlantic_(1950),SM,1.0,3,1.796872e-05,0.007911342611788,5.217438443244573e-06,1.275128168977432e-05,0.0015822685223576003,0.00631110556,0.0,0.0,0.0,Beaked whales,0.0,0.0,0.0,0.0,0.0,0.29036226900000006,-1.330188909053672e-13,-1.9056960089830488e-10,0.0
28_28_Central_Atlantic_(1950),SM,1.0,2,0.00156,0.52174383222,0.0008372185599812127,0.0007227814573199999,0.104348766444,0.415835053,0.0,0.0,0.0,Toothed whales,0.0,0.0,0.0,0.0,0.0,0.536678553,-1.730121276279084e-11,1.2775999980174646e-08,0.0
28_28_Central_Atlantic_(1950),SM,1.0,1,0.0008256798,0.1814176815802857,0.0005485316108812128,0.0002771482068003528,0.036283536316057144,0.144308478,0.0,0.0,0.0,Baleen whales,0.0,0.0,0.0,0.0,0.0,0.664339364,-1.76815656300483e-11,-1.2535771448662913e-08,0.0
28_28_Central_Atlantic_(1950),SE,1.0,39,-0.0,-0.0,0.0,0.0,0.0,0.0,0.0,0.0,0.0,diet_import,0.0,0.0,0.0,0.0,0.0,,-0.0,0.0,0.0
28_28_Central_Atlantic_(1950),SE,1.0,38,2777.8730180352595,2777.8730180352595,2718.2345000401283,0.0,0.0,0.0,0.0,59.638517995131224,0.0,Detritus,0.0,0.0,0.0,0.0,0.0,1.0,0.0,0.0,0.0
28_28_Central_Atlantic_(1950),SE,1.0,37,2964.2448555,2964.2448555,2304.4126302796485,659.8320120997337,0.0,0.0,0.0,0.0,0.0,Phytoplankton,0.0,0.0,0.0,0.0,0.0,0.777403,0.00021312061790013104,0.0,0.0
28_28_Central_Atlantic_(1950),SE,1.0,36,51.606198899999995,172.02066299999998,3.473465040262137,48.13273376183184,34.4041326,86.01033,0.0,0.0,0.0,Lg. Zoop. deep,0.0,0.0,0.0,0.0,0.0,0.06730712999999999,9.790602462089737e-08,1.499999996212864e-06,0.0
28_28_Central_Atlantic_(1950),SE,1.0,35,326.25349455,1088.1402679500002,136.65760187059252,189.59589687002213,217.62805359000004,544.2587,0.0,0.0,0.0,Sm. Zoop. deep,0.0,0.0,0.0,0.0,0.0,0.41886937599999996,-4.1906146179826465e-06,1.9810000139841577e-05,0.0
28_28_Central_Atlantic_(1950),SE,1.0,34,152.83878554999998,509.4626185,24.764043988060063,128.07474125496339,101.89252370000001,254.731323,0.0,0.0,0.0,Lg. Zoop. shlw,0.0,0.0,0.0,0.0,0.0,0.162027225,3.069765455165907e-07,-1.3749999965284587e-05,0.0
28_28_Central_Atlantic_(1950),SE,1.0,33,1141.8,3808.2000000000003,810.8210994383843,330.97876575719994,761.6400000000001,1904.76,0.0,0.0,0.0,Sm. Zoop. shlw,0.0,0.0,0.0,0.0,0.0,0.710125446,0.00013480441566571244,4.547473508864641e-13,0.0
28_28_Central_Atlantic_(1950),SE,1.0,32,415.91835,563.5749999999999,259.56446880550004,156.35385617274002,112.71499999999999,34.941597,0.0,0.0,0.0,Het. bacteria,0.0,0.0,0.0,0.0,0.0,0.6240755999999998,2.502175988183808e-05,5.2999999965663847e-05,0.0
28_28_Central_Atlantic_(1950),SE,1.0,31,0.43340000000000006,2.6398,0.041626123427598485,0.39177388030000004,0.5279600000000001,1.67843986,0.0,0.0,0.0,Megabenthos,0.0,0.0,0.0,0.0,0.0,0.0960455,-3.72759845213011e-09,1.3999999981528788e-07,0.0
28_28_Central_Atlantic_(1950),SE,1.0,30,0.369,3.6346499999999997,0.09863466851516114,0.270365328792,0.72693,2.53872,0.0,0.0,0.0,Macrobenthos,0.0,0.0,0.0,0.0,0.0,0.26730263200000004,2.6928388408009596e-09,0.0,0.0
28_28_Central_Atlantic_(1950),SE,1.0,29,2.214,22.287599999999998,0.5448121363030838,1.6691878621979999,4.45752,15.6160793,0.0,0.0,0.0,Meiobenthos,0.0,0.0,0.0,0.0,0.0,0.24607594300000002,1.4989161023493125e-09,6.99999999298484e-07,0.0
28_28_Central_Atlantic_(1950),SE,1.0,28,0.012723003955,0.02544600791,0.011450702967616381,0.0012723003954999996,0.005089201582,0.007633802,0.0,0.0,0.0,Benth. ceph.,0.0,0.0,0.0,0.0,0.0,0.9,5.918836185059284e-10,3.729999989432464e-10,0.0
28_28_Central_Atlantic_(1950),SE,1.0,27,0.5644206439999999,4.47855511,0.507978562200084,0.05644206439999998,0.8957110220000001,3.01842356,0.0,0.0,0.0,Lg Squids,0.0,0.0,0.0,0.0,0.0,0.9,1.739991595250956e-08,-1.1599999982792042e-07,0.0
28_28_Central_Atlantic_(1950),SE,1.0,26,1.9626521827999999,15.573218407,1.766386893631383,0.19626521827999993,3.1146436814000005,10.4959221,0.0,0.0,0.0,Sm Squids,0.0,0.0,0.0,0.0,0.0,0.9,7.08886169764611e-08,4.428000011102995e-07,0.0
28_28_Central_Atlantic_(1950),SE,1.0,25,0.029511966558754574,0.05365811909218538,0.028247997140988634,0.001263969107687661,0.010731623818437078,0.01341453,0.0,0.0,0.0,Lg. Bathyd. abs,0.0,0.0,0.0,0.0,0.0,0.957170963,3.100782790255163e-10,-1.2850062697938869e-09,0.0
28_28_Central_Atlantic_(1950),SE,1.0,24,0.032007212730000005,0.0581949347850468,0.03092652416753671,0.0010806897702190206,0.011638986957009361,0.014548731,0.0,0.0,0.0,Sm. Bathyd. abs,0.0,0.0,0.0,0.0,0.0,0.966236055,-1.207755728760418e-09,4.098037435437685e-09,0.0
28_28_Central_Atlantic_(1950),SE,1.0,23,0.0030136304000000004,0.00547932783219558,0.0019225564713861983,0.00102711515654528,0.001095865566439116,0.00136983185,6.39589e-05,0.0,0.0,Lg. Bathyd. slp,6.39589e-05,6.39589e-05,0.0,0.0,0.0,0.6591768,-1.2793147834491703e-10,1.5756463408317378e-11,0.0
28_28_Central_Atlantic_(1950),SE,1.0,22,0.005653607665707449,0.010279287244467,0.004260451747794523,0.0012050065457042862,0.0020558574488934002,0.00256982166,0.000188149,0.0,0.0,Sm. Bathyd. slp,0.000188149,0.000188149,0.0,0.0,0.0,0.7868606,3.7220863977754926e-10,4.69866151195375e-10,0.0
28_28_Central_Atlantic_(1950),SE,1.0,21,0.006341536224000001,0.011508713888,0.005009813921588745,0.0013317226070399999,0.0023017427776000003,0.00286543486,0.0,0.0,0.0,Lg. Bathyp. fish,0.0,0.0,0.0,0.0,0.0,0.79,-3.046287441049733e-10,2.6399998940412894e-11,0.0
28_28_Central_Atlantic_(1950),SE,1.0,20,0.013441102436,0.020515366876,0.012096991849560989,0.0013441102435999997,0.0041030733752,0.00297118956,0.0,0.0,0.0,Md. Bathyp.fish,0.0,0.0,0.0,0.0,0.0,0.9,3.428390106530177e-10,1.5047999985841332e-09,0.0
28_28_Central_Atlantic_(1950),SE,1.0,19,0.06545771003200002,0.22973138617000002,0.05891193573953475,0.0065457710032,0.04594627723400001,0.118327409,0.0,0.0,0.0,Sm. Bathyp. fish,0.0,0.0,0.0,0.0,0.0,0.9,3.2892652629401553e-09,-1.0095999994352844e-08,0.0
28_28_Central_Atlantic_(1950),SE,1.0,18,12.22519406327412,59.3828355,3.573220730157866,8.651973314709084,11.8765671,35.2810745,0.0,0.0,0.0,Sm. Meso fish,0.0,0.0,0.0,0.0,0.0,0.292283356,1.8407170898626646e-08,-1.6327412311056833e-07,0.0
28_28_Central_Atlantic_(1950),SE,1.0,17,0.0003348901755,0.0079257341535,0.00030140115666829864,3.348901755e-05,0.0015851468307,0.006005697,0.0,0.0,0.0,Lg. Meso fish,0.0,0.0,0.0,0.0,0.0,0.9,1.2817013617973105e-12,1.4729999945478633e-10,0.0
28_28_Central_Atlantic_(1950),SE,1.0,16,2.418293435320515,14.779333033030326,2.1764249584475417,0.24182934353205143,2.9558666066060653,9.405173,3.90985e-05,0.0,0.0,Sm. Epi. fish,3.90985e-05,3.90985e-05,0.0,0.0,0.0,0.9,3.4840922147338915e-08,-8.896252623458167e-09,0.0
28_28_Central_Atlantic_(1950),SE,1.0,15,0.1059599016,0.7525932498796599,0.09523928587084607,0.010595990159999997,0.150518649975932,0.496114731,0.000124629,0.0,0.0,Md. Epi. fish,0.000124629,0.000124629,0.0,0.0,0.0,0.9,-3.4308460655774198e-09,-3.2696272078691635e-08,0.0
28_28_Central_Atlantic_(1950),SE,1.0,14,0.00984495897,0.12697145868897,0.007685239049978655,0.0018705422042999994,0.025394291737794002,0.091732204,0.000289178,0.0,0.0,Lg. Epi. fish,0.000289178,0.000289178,0.0,0.0,0.0,0.81,-2.8427865443603206e-10,3.981175999978603e-09,0.0
28_28_Central_Atlantic_(1950),SE,1.0,13,0.00064010414496,0.010287388044000001,6.401041000000001e-05,0.000576093730464,0.0020574776088000003,0.00758980634,0.0,0.0,0.0,Lg. Plank. fish,0.0,0.0,0.0,0.0,0.0,0.09999999999999998,4.496000034943937e-12,-4.9759998205223255e-11,0.0
28_28_Central_Atlantic_(1950),SE,1.0,12,2.1336802558309998e-05,0.00021225354904839998,6.401041000000001e-07,2.0696698481560696e-05,4.245070980968e-05,0.000148466032,0.0,0.0,0.0,Billfishes,0.0,0.0,0.0,0.0,0.0,0.030000000000000027,-2.3250698648292698e-14,4.680409976687977e-12,0.0
28_28_Central_Atlantic_(1950),SE,1.0,11,0.00032651159999999997,0.004353488,6.401041000000001e-07,0.00032587149593018877,0.0008706976,0.00315627875,0.0,0.0,0.0,Swordfish,0.0,0.0,0.0,0.0,0.0,0.0019604328600000276,-3.0188796341229507e-14,5.000000023389073e-11,0.0
28_28_Central_Atlantic_(1950),SE,1.0,10,0.01072980688,0.46030871515199995,0.0017776866754339626,0.008952120234131998,0.09206174303039999,0.357517153,0.0,0.0,0.0,Bigeye,0.0,0.0,0.0,0.0,0.0,0.16567741300000005,-2.9565960790733925e-11,1.2241599955942206e-08,0.0
28_28_Central_Atlantic_(1950),SE,1.0,9,0.0002486316,0.0059671584,9.575327449622515e-05,0.00015287832471324,0.00119343168,0.004525095,0.0,0.0,0.0,Albacore,0.0,0.0,0.0,0.0,0.0,0.3851211,7.90534846785429e-13,1.200000003878654e-10,0.0
28_28_Central_Atlantic_(1950),SE,1.0,8,0.00804781642,0.15322104854,0.001044242037497828,0.007003574237715865,0.030644209707999998,0.114529014,0.0,0.0,0.0,Skipjack,0.0,0.0,0.0,0.0,0.0,0.12975472199999993,1.4478630620817778e-10,8.411999999347053e-09,0.0
28_28_Central_Atlantic_(1950),SE,1.0,7,2.1533975999999998e-06,3.588996e-05,6.401041000000001e-07,6.160445043768214e-07,7.177992e-06,2.655857e-05,8.97249e-07,0.0,0.0,Bluefin,8.97249e-07,8.97249e-07,0.0,0.0,0.0,0.713919759,-4.376821679337364e-15,3.999999997569316e-13,0.0
28_28_Central_Atlantic_(1950),SE,1.0,6,0.00010813669999999998,0.00239908993,6.988740116756793e-06,0.00010114795916850798,0.00047981798599999997,0.00181113509,0.0,0.0,0.0,Yellowfin,0.0,0.0,0.0,0.0,0.0,0.06462875999999995,7.147352100358301e-13,1.5400000003516767e-10,0.0
28_28_Central_Atlantic_(1950),SE,1.0,5,0.00249640599,0.06401040999999999,0.0005785155030430785,0.0018723044925,0.012802082,0.048711922,4.5586e-05,0.0,0.0,Pelagic sharks,4.5586e-05,4.5586e-05,0.0,0.0,0.0,0.25,-5.543078149261582e-12,9.999993888509806e-12,0.0
28_28_Central_Atlantic_(1950),SE,1.0,4,9.79823604992e-06,0.00919899290843,5.857542543244573e-06,3.940693277589222e-06,0.0018397985816859998,0.00734939566,0.0,0.0,0.0,Seabirds,0.0,0.0,0.0,0.0,0.0,0.59781605,2.290862049619249e-13,4.3069408022650135e-10,0.0
28_28_Central_Atlantic_(1950),SE,1.0,3,1.796872e-05,0.007911342611788,5.217438443244573e-06,1.275128168977432e-05,0.0015822685223576003,0.00631110556,0.0,0.0,0.0,Beaked whales,0.0,0.0,0.0,0.0,0.0,0.29036226900000006,-1.330188909053672e-13,-1.9056960089830488e-10,0.0
28_28_Central_Atlantic_(1950),SE,1.0,2,0.00156,0.52174383222,0.0008372185599812127,0.0007227814573199999,0.104348766444,0.415835053,0.0,0.0,0.0,Toothed whales,0.0,0.0,0.0,0.0,0.0,0.536678553,-1.730121276279084e-11,1.2775999980174646e-08,0.0
28_28_Central_Atlantic_(1950),SE,1.0,1,0.0008256798,0.1814176815802857,0.0005485316108812128,0.0002771482068003528,0.036283536316057144,0.144308478,0.0,0.0,0.0,Baleen whales,0.0,0.0,0.0,0.0,0.0,0.664339364,-1.76815656300483e-11,-1.2535771448662913e-08,0.0
