model_id,stage,group_id,group_name,parameter,source_value,solved_value,rule,route,fraction
28_28_Central_Atlantic_(1950),source_initializer,39,diet_import,p,,-0.0,Frozen exporter settings: normalize diet; deterministic defaults; LIM only where still missing.,,
28_28_Central_Atlantic_(1950),source_initializer,38,Detritus,p,,2777.8730180352595,Frozen exporter settings: normalize diet; deterministic defaults; LIM only where still missing.,,
28_28_Central_Atlantic_(1950),source_initializer,39,diet_import,q,,-0.0,Frozen exporter settings: normalize diet; deterministic defaults; LIM only where still missing.,,
28_28_Central_Atlantic_(1950),source_initializer,38,Detritus,q,,2777.8730180352595,Frozen exporter settings: normalize diet; deterministic defaults; LIM only where still missing.,,
28_28_Central_Atlantic_(1950),source_initializer,37,Phytoplankton,q,0.0,2964.2448555,Frozen exporter settings: normalize diet; deterministic defaults; LIM only where still missing.,,
28_28_Central_Atlantic_(1950),source_initializer,39,diet_import,M0,,0.0,Frozen exporter settings: normalize diet; deterministic defaults; LIM only where still missing.,,
28_28_Central_Atlantic_(1950),source_initializer,38,Detritus,M0,,0.0,Frozen exporter settings: normalize diet; deterministic defaults; LIM only where still missing.,,
28_28_Central_Atlantic_(1950),source_initializer,39,diet_import,ee,,0.0,Frozen exporter settings: normalize diet; deterministic defaults; LIM only where still missing.,,
28_28_Central_Atlantic_(1950),source_initializer,38,Detritus,ee,0.0,1.0,Frozen exporter settings: normalize diet; deterministic defaults; LIM only where still missing.,,
28_28_Central_Atlantic_(1950),source_initializer,39,diet_import,egestion,,0.0,Frozen exporter settings: normalize diet; deterministic defaults; LIM only where still missing.,,
28_28_Central_Atlantic_(1950),source_initializer,38,Detritus,egestion,,0.0,Frozen exporter settings: normalize diet; deterministic defaults; LIM only where still missing.,,
28_28_Central_Atlantic_(1950),source_initializer,39,diet_import,catch,,0.0,Frozen exporter settings: normalize diet; deterministic defaults; LIM only where still missing.,,
28_28_Central_Atlantic_(1950),source_initializer,39,diet_import,biomass_accum,,0.0,Frozen exporter settings: normalize diet; deterministic defaults; LIM only where still missing.,,
28_28_Central_Atlantic_(1950),source_initializer,38,Detritus,biomass_accum,0.0,59.638517995131224,Frozen exporter settings: normalize diet; deterministic defaults; LIM only where still missing.,,
28_28_Central_Atlantic_(1950),source_initializer,39,diet_import,net_migration,,0.0,Frozen exporter settings: normalize diet; deterministic defaults; LIM only where still missing.,,
28_28_Central_Atlantic_(1950),source_initializer,28,Benth. ceph.,diet_fraction_prey_31,0.210526317,0.21052630521052695,Frozen exporter normalize_DC=True; original rows retained in frozen input.,,
28_28_Central_Atlantic_(1950),source_initializer,28,Benth. ceph.,diet_fraction_prey_30,0.3157895,0.31578948231578907,Frozen exporter normalize_DC=True; original rows retained in frozen input.,,
28_28_Central_Atlantic_(1950),source_initializer,28,Benth. ceph.,diet_fraction_prey_29,0.3157895,0.31578948231578907,Frozen exporter normalize_DC=True; original rows retained in frozen input.,,
28_28_Central_Atlantic_(1950),source_initializer,28,Benth. ceph.,diet_fraction_prey_24,0.105263159,0.10526315310526345,Frozen exporter normalize_DC=True; original rows retained in frozen input.,,
28_28_Central_Atlantic_(1950),source_initializer,28,Benth. ceph.,diet_fraction_prey_22,0.05263158,0.052631577052631696,Frozen exporter normalize_DC=True; original rows retained in frozen input.,,
28_28_Central_Atlantic_(1950),source_initializer,25,Lg. Bathyd. abs,diet_fraction_prey_38,0.420774221,0.4207742253339745,Frozen exporter normalize_DC=True; original rows retained in frozen input.,,
28_28_Central_Atlantic_(1950),source_initializer,25,Lg. Bathyd. abs,diet_fraction_prey_31,0.526465237,0.526465242422592,Frozen exporter normalize_DC=True; original rows retained in frozen input.,,
28_28_Central_Atlantic_(1950),source_initializer,25,Lg. Bathyd. abs,diet_fraction_prey_30,0.0500005037,0.05000050421500519,Frozen exporter normalize_DC=True; original rows retained in frozen input.,,
28_28_Central_Atlantic_(1950),source_initializer,25,Lg. Bathyd. abs,diet_fraction_prey_29,0.002760028,0.0027600280284282887,Frozen exporter normalize_DC=True; original rows retained in frozen input.,,
28_28_Central_Atlantic_(1950),source_initializer,24,Sm. Bathyd. abs,diet_fraction_prey_38,0.237437621,0.23743762482274575,Frozen exporter normalize_DC=True; original rows retained in frozen input.,,
28_28_Central_Atlantic_(1950),source_initializer,24,Sm. Bathyd. abs,diet_fraction_prey_35,0.0158498418,0.01584984205518246,Frozen exporter normalize_DC=True; original rows retained in frozen input.,,
28_28_Central_Atlantic_(1950),source_initializer,24,Sm. Bathyd. abs,diet_fraction_prey_31,0.0919590741,0.09195907558054112,Frozen exporter normalize_DC=True; original rows retained in frozen input.,,
28_28_Central_Atlantic_(1950),source_initializer,24,Sm. Bathyd. abs,diet_fraction_prey_30,0.654753447,0.6547534575415307,Frozen exporter normalize_DC=True; original rows retained in frozen input.,,
28_28_Central_Atlantic_(1950),source_initializer,23,Lg. Bathyd. slp,diet_fraction_prey_38,0.07016211,0.07016210873006581,Frozen exporter normalize_DC=True; original rows retained in frozen input.,,
28_28_Central_Atlantic_(1950),source_initializer,23,Lg. Bathyd. slp,diet_fraction_prey_36,0.08866266,0.08866265839520587,Frozen exporter normalize_DC=True; original rows retained in frozen input.,,
28_28_Central_Atlantic_(1950),source_initializer,23,Lg. Bathyd. slp,diet_fraction_prey_35,0.09820295,0.09820294822252662,Frozen exporter normalize_DC=True; original rows retained in frozen input.,,
28_28_Central_Atlantic_(1950),source_initializer,23,Lg. Bathyd. slp,diet_fraction_prey_31,0.204466134,0.204466130299163,Frozen exporter normalize_DC=True; original rows retained in frozen input.,,
28_28_Central_Atlantic_(1950),source_initializer,23,Lg. Bathyd. slp,diet_fraction_prey_30,0.157404721,0.15740471815097457,Frozen exporter normalize_DC=True; original rows retained in frozen input.,,
28_28_Central_Atlantic_(1950),source_initializer,23,Lg. Bathyd. slp,diet_fraction_prey_29,0.00134004024,0.0013400402157452717,Frozen exporter normalize_DC=True; original rows retained in frozen input.,,
28_28_Central_Atlantic_(1950),source_initializer,23,Lg. Bathyd. slp,diet_fraction_prey_28,0.00136004086,0.0013600408353832605,Frozen exporter normalize_DC=True; original rows retained in frozen input.,,
28_28_Central_Atlantic_(1950),source_initializer,23,Lg. Bathyd. slp,diet_fraction_prey_26,0.07773233,0.07773232859304484,Frozen exporter normalize_DC=True; original rows retained in frozen input.,,
28_28_Central_Atlantic_(1950),source_initializer,23,Lg. Bathyd. slp,diet_fraction_prey_23,0.007110214,0.007110213871305128,Frozen exporter normalize_DC=True; original rows retained in frozen input.,,
28_28_Central_Atlantic_(1950),source_initializer,23,Lg. Bathyd. slp,diet_fraction_prey_22,0.223736718,0.22373671395036543,Frozen exporter normalize_DC=True; original rows retained in frozen input.,,
28_28_Central_Atlantic_(1950),source_initializer,23,Lg. Bathyd. slp,diet_fraction_prey_18,0.0698221,0.06982209873622,Frozen exporter normalize_DC=True; original rows retained in frozen input.,,
28_28_Central_Atlantic_(1950),source_initializer,22,Sm. Bathyd. slp,diet_fraction_prey_38,0.03541965,0.03541965014163608,Frozen exporter normalize_DC=True; original rows retained in frozen input.,,
28_28_Central_Atlantic_(1950),source_initializer,22,Sm. Bathyd. slp,diet_fraction_prey_36,0.29756704,0.297567041189911,Frozen exporter normalize_DC=True; original rows retained in frozen input.,,
28_28_Central_Atlantic_(1950),source_initializer,22,Sm. Bathyd. slp,diet_fraction_prey_35,0.179048225,0.179048225715978,Frozen exporter normalize_DC=True; original rows retained in frozen input.,,
28_28_Central_Atlantic_(1950),source_initializer,22,Sm. Bathyd. slp,diet_fraction_prey_31,0.150598511,0.15059851160221327,Frozen exporter normalize_DC=True; original rows retained in frozen input.,,
28_28_Central_Atlantic_(1950),source_initializer,22,Sm. Bathyd. slp,diet_fraction_prey_30,0.22792767,0.22792767091143712,Frozen exporter normalize_DC=True; original rows retained in frozen input.,,
28_28_Central_Atlantic_(1950),source_initializer,22,Sm. Bathyd. slp,diet_fraction_prey_29,0.002199978,0.0021999780087972715,Frozen exporter normalize_DC=True; original rows retained in frozen input.,,
28_28_Central_Atlantic_(1950),source_initializer,22,Sm. Bathyd. slp,diet_fraction_prey_28,1.99998012e-05,1.99998012799752e-05,Frozen exporter normalize_DC=True; original rows retained in frozen input.,,
28_28_Central_Atlantic_(1950),source_initializer,22,Sm. Bathyd. slp,diet_fraction_prey_26,0.0107998932,0.010799893243186611,Frozen exporter normalize_DC=True; original rows retained in frozen input.,,
28_28_Central_Atlantic_(1950),source_initializer,22,Sm. Bathyd. slp,diet_fraction_prey_22,0.0448995531,0.04489955327954433,Frozen exporter normalize_DC=True; original rows retained in frozen input.,,
28_28_Central_Atlantic_(1950),source_initializer,22,Sm. Bathyd. slp,diet_fraction_prey_18,0.0515194759,0.051519476106016066,Frozen exporter normalize_DC=True; original rows retained in frozen input.,,
28_28_Central_Atlantic_(1950),source_initializer,21,Lg. Bathyp. fish,diet_fraction_prey_38,0.489995122,0.4899951231563885,Frozen exporter normalize_DC=True; original rows retained in frozen input.,,
28_28_Central_Atlantic_(1950),source_initializer,21,Lg. Bathyp. fish,diet_fraction_prey_36,0.161668375,0.16166837538153736,Frozen exporter normalize_DC=True; original rows retained in frozen input.,,
28_28_Central_Atlantic_(1950),source_initializer,21,Lg. Bathyp. fish,diet_fraction_prey_35,0.00449995464,0.004499954650619893,Frozen exporter normalize_DC=True; original rows retained in frozen input.,,
28_28_Central_Atlantic_(1950),source_initializer,21,Lg. Bathyp. fish,diet_fraction_prey_26,0.009999899,0.00999989902359976,Frozen exporter normalize_DC=True; original rows retained in frozen input.,,
28_28_Central_Atlantic_(1950),source_initializer,21,Lg. Bathyp. fish,diet_fraction_prey_22,0.000499995,0.0004999950011799882,Frozen exporter normalize_DC=True; original rows retained in frozen input.,,
28_28_Central_Atlantic_(1950),source_initializer,21,Lg. Bathyp. fish,diet_fraction_prey_20,0.166668326,0.16666832639333726,Frozen exporter normalize_DC=True; original rows retained in frozen input.,,
28_28_Central_Atlantic_(1950),source_initializer,21,Lg. Bathyp. fish,diet_fraction_prey_19,0.166668326,0.16666832639333726,Frozen exporter normalize_DC=True; original rows retained in frozen input.,,
28_28_Central_Atlantic_(1950),source_initializer,20,Md. Bathyp.fish,diet_fraction_prey_38,0.137361377,0.13736137789010172,Frozen exporter normalize_DC=True; original rows retained in frozen input.,,
28_28_Central_Atlantic_(1950),source_initializer,20,Md. Bathyp.fish,diet_fraction_prey_36,0.43469435,0.4346943528168194,Frozen exporter normalize_DC=True; original rows retained in frozen input.,,
28_28_Central_Atlantic_(1950),source_initializer,20,Md. Bathyp.fish,diet_fraction_prey_35,0.1911519,0.19115190123866432,Frozen exporter normalize_DC=True; original rows retained in frozen input.,,
28_28_Central_Atlantic_(1950),source_initializer,20,Md. Bathyp.fish,diet_fraction_prey_30,0.09207092,0.09207092059661956,Frozen exporter normalize_DC=True; original rows retained in frozen input.,,
28_28_Central_Atlantic_(1950),source_initializer,20,Md. Bathyp.fish,diet_fraction_prey_26,0.00215002149,0.0021500215039321393,Frozen exporter normalize_DC=True; original rows retained in frozen input.,,
28_28_Central_Atlantic_(1950),source_initializer,20,Md. Bathyp.fish,diet_fraction_prey_22,0.00050000503,0.0005000050332400326,Frozen exporter normalize_DC=True; original rows retained in frozen input.,,
28_28_Central_Atlantic_(1950),source_initializer,20,Md. Bathyp.fish,diet_fraction_prey_19,0.09207092,0.09207092059661956,Frozen exporter normalize_DC=True; original rows retained in frozen input.,,
28_28_Central_Atlantic_(1950),source_initializer,20,Md. Bathyp.fish,diet_fraction_prey_18,0.0500005,0.050000500324003244,Frozen exporter normalize_DC=True; original rows retained in frozen input.,,
28_28_Central_Atlantic_(1950),source_initializer,14,Lg. Epi. fish,diet_fraction_prey_34,0.271632731,0.2716327294937694,Frozen exporter normalize_DC=True; original rows retained in frozen input.,,
28_28_Central_Atlantic_(1950),source_initializer,14,Lg. Epi. fish,diet_fraction_prey_33,0.00715007167,0.007150071630352139,Frozen exporter normalize_DC=True; original rows retained in frozen input.,,
28_28_Central_Atlantic_(1950),source_initializer,14,Lg. Epi. fish,diet_fraction_prey_30,0.00143001426,0.001430014252070428,Frozen exporter normalize_DC=True; original rows retained in frozen input.,,
28_28_Central_Atlantic_(1950),source_initializer,14,Lg. Epi. fish,diet_fraction_prey_26,0.10492105,0.1049210494182023,Frozen exporter normalize_DC=True; original rows retained in frozen input.,,
28_28_Central_Atlantic_(1950),source_initializer,14,Lg. Epi. fish,diet_fraction_prey_16,0.445204437,0.44520443453129693,Frozen exporter normalize_DC=True; original rows retained in frozen input.,,
28_28_Central_Atlantic_(1950),source_initializer,14,Lg. Epi. fish,diet_fraction_prey_15,0.156891584,0.1568915831300205,Frozen exporter normalize_DC=True; original rows retained in frozen input.,,
28_28_Central_Atlantic_(1950),source_initializer,14,Lg. Epi. fish,diet_fraction_prey_14,0.0100001,0.010000099944548447,Frozen exporter normalize_DC=True; original rows retained in frozen input.,,
28_28_Central_Atlantic_(1950),source_initializer,14,Lg. Epi. fish,diet_fraction_prey_10,0.00172001717,0.001720017160462333,Frozen exporter normalize_DC=True; original rows retained in frozen input.,,
28_28_Central_Atlantic_(1950),source_initializer,14,Lg. Epi. fish,diet_fraction_prey_9,0.00025,0.000249999998613725,Frozen exporter normalize_DC=True; original rows retained in frozen input.,,
28_28_Central_Atlantic_(1950),source_initializer,14,Lg. Epi. fish,diet_fraction_prey_8,0.000749999948,0.0007499999438411754,Frozen exporter normalize_DC=True; original rows retained in frozen input.,,
28_28_Central_Atlantic_(1950),source_initializer,14,Lg. Epi. fish,diet_fraction_prey_6,5.00004971e-05,5.000049682274225e-05,Frozen exporter normalize_DC=True; original rows retained in frozen input.,,
28_28_Central_Atlantic_(1950),source_initializer,13,Lg. Plank. fish,diet_fraction_prey_37,0.02287977,0.02287976876449249,Frozen exporter normalize_DC=True; original rows retained in frozen input.,,
28_28_Central_Atlantic_(1950),source_initializer,13,Lg. Plank. fish,diet_fraction_prey_34,0.6745133,0.6745132635762837,Frozen exporter normalize_DC=True; original rows retained in frozen input.,,
28_28_Central_Atlantic_(1950),source_initializer,13,Lg. Plank. fish,diet_fraction_prey_33,0.002609974,0.0026099738590614117,Frozen exporter normalize_DC=True; original rows retained in frozen input.,,
28_28_Central_Atlantic_(1950),source_initializer,13,Lg. Plank. fish,diet_fraction_prey_30,0.06332937,0.0633293665802142,Frozen exporter normalize_DC=True; original rows retained in frozen input.,,
28_28_Central_Atlantic_(1950),source_initializer,13,Lg. Plank. fish,diet_fraction_prey_26,0.08444916,0.0844491554397456,Frozen exporter normalize_DC=True; original rows retained in frozen input.,,
28_28_Central_Atlantic_(1950),source_initializer,13,Lg. Plank. fish,diet_fraction_prey_18,0.07610924,0.07610923589010125,Frozen exporter normalize_DC=True; original rows retained in frozen input.,,
28_28_Central_Atlantic_(1950),source_initializer,13,Lg. Plank. fish,diet_fraction_prey_16,0.07610924,0.07610923589010125,Frozen exporter normalize_DC=True; original rows retained in frozen input.,,
28_28_Central_Atlantic_(1950),source_initializer,12,Billfishes,diet_fraction_prey_26,0.25408,0.25408000508160006,Frozen exporter normalize_DC=True; original rows retained in frozen input.,,
28_28_Central_Atlantic_(1950),source_initializer,12,Billfishes,diet_fraction_prey_23,0.01141,0.011410000228200004,Frozen exporter normalize_DC=True; original rows retained in frozen input.,,
28_28_Central_Atlantic_(1950),source_initializer,12,Billfishes,diet_fraction_prey_16,0.05615998,0.05615998112319962,Frozen exporter normalize_DC=True; original rows retained in frozen input.,,
28_28_Central_Atlantic_(1950),source_initializer,12,Billfishes,diet_fraction_prey_15,0.34544,0.34544000690880017,Frozen exporter normalize_DC=True; original rows retained in frozen input.,,
28_28_Central_Atlantic_(1950),source_initializer,12,Billfishes,diet_fraction_prey_14,0.3215,0.32150000643000015,Frozen exporter normalize_DC=True; original rows retained in frozen input.,,
28_28_Central_Atlantic_(1950),source_initializer,12,Billfishes,diet_fraction_prey_5,0.01141,0.011410000228200004,Frozen exporter normalize_DC=True; original rows retained in frozen input.,,
28_28_Central_Atlantic_(1950),source_initializer,10,Bigeye,diet_fraction_prey_36,0.004249958,0.004249958080706704,Frozen exporter normalize_DC=True; original rows retained in frozen input.,,
28_28_Central_Atlantic_(1950),source_initializer,10,Bigeye,diet_fraction_prey_34,0.200697988,0.20069799181125486,Frozen exporter normalize_DC=True; original rows retained in frozen input.,,
28_28_Central_Atlantic_(1950),source_initializer,10,Bigeye,diet_fraction_prey_28,0.0099699,0.009969900189328406,Frozen exporter normalize_DC=True; original rows retained in frozen input.,,
28_28_Central_Atlantic_(1950),source_initializer,10,Bigeye,diet_fraction_prey_26,0.148558512,0.1485585148211262,Frozen exporter normalize_DC=True; original rows retained in frozen input.,,
28_28_Central_Atlantic_(1950),source_initializer,10,Bigeye,diet_fraction_prey_23,3.99996e-05,3.9999600759592424e-05,Frozen exporter normalize_DC=True; original rows retained in frozen input.,,
28_28_Central_Atlantic_(1950),source_initializer,10,Bigeye,diet_fraction_prey_22,0.00118998811,0.0011899881325978749,Frozen exporter normalize_DC=True; original rows retained in frozen input.,,
28_28_Central_Atlantic_(1950),source_initializer,10,Bigeye,diet_fraction_prey_20,0.0216297843,0.02162978471074961,Frozen exporter normalize_DC=True; original rows retained in frozen input.,,
28_28_Central_Atlantic_(1950),source_initializer,10,Bigeye,diet_fraction_prey_19,0.114238851,0.11423885316939583,Frozen exporter normalize_DC=True; original rows retained in frozen input.,,
28_28_Central_Atlantic_(1950),source_initializer,10,Bigeye,diet_fraction_prey_18,0.299427,0.29942700568611885,Frozen exporter normalize_DC=True; original rows retained in frozen input.,,
28_28_Central_Atlantic_(1950),source_initializer,10,Bigeye,diet_fraction_prey_16,0.0499995,0.04999950094949052,Frozen exporter normalize_DC=True; original rows retained in frozen input.,,
28_28_Central_Atlantic_(1950),source_initializer,10,Bigeye,diet_fraction_prey_15,0.1499985,0.14999850284847158,Frozen exporter normalize_DC=True; original rows retained in frozen input.,,
28_28_Central_Atlantic_(1950),source_initializer,9,Albacore,diet_fraction_prey_34,0.121209994,0.12120999624238493,Frozen exporter normalize_DC=True; original rows retained in frozen input.,,
28_28_Central_Atlantic_(1950),source_initializer,9,Albacore,diet_fraction_prey_26,0.35354,0.3535400065404901,Frozen exporter normalize_DC=True; original rows retained in frozen input.,,
28_28_Central_Atlantic_(1950),source_initializer,9,Albacore,diet_fraction_prey_18,0.202019989,0.20201999273736987,Frozen exporter normalize_DC=True; original rows retained in frozen input.,,
28_28_Central_Atlantic_(1950),source_initializer,9,Albacore,diet_fraction_prey_17,0.0505099967,0.05050999763443495,Frozen exporter normalize_DC=True; original rows retained in frozen input.,,
28_28_Central_Atlantic_(1950),source_initializer,9,Albacore,diet_fraction_prey_16,0.141410008,0.14141001061608519,Frozen exporter normalize_DC=True; original rows retained in frozen input.,,
28_28_Central_Atlantic_(1950),source_initializer,9,Albacore,diet_fraction_prey_15,0.101009995,0.10100999686868495,Frozen exporter normalize_DC=True; original rows retained in frozen input.,,
28_28_Central_Atlantic_(1950),source_initializer,9,Albacore,diet_fraction_prey_8,0.0302999988,0.030299999360549987,Frozen exporter normalize_DC=True; original rows retained in frozen input.,,
28_28_Central_Atlantic_(1950),source_initializer,6,Yellowfin,diet_fraction_prey_34,0.213847861,0.21384786304438558,Frozen exporter normalize_DC=True; original rows retained in frozen input.,,
28_28_Central_Atlantic_(1950),source_initializer,6,Yellowfin,diet_fraction_prey_33,0.00203997944,0.0020399794595022036,Frozen exporter normalize_DC=True; original rows retained in frozen input.,,
28_28_Central_Atlantic_(1950),source_initializer,6,Yellowfin,diet_fraction_prey_26,0.142568573,0.14256857436295559,Frozen exporter normalize_DC=True; original rows retained in frozen input.,,
28_28_Central_Atlantic_(1950),source_initializer,6,Yellowfin,diet_fraction_prey_18,0.320766777,0.3207667800665304,Frozen exporter normalize_DC=True; original rows retained in frozen input.,,
28_28_Central_Atlantic_(1950),source_initializer,6,Yellowfin,diet_fraction_prey_15,0.1603884,0.1603884015333131,Frozen exporter normalize_DC=True; original rows retained in frozen input.,,
28_28_Central_Atlantic_(1950),source_initializer,6,Yellowfin,diet_fraction_prey_8,0.1603884,0.1603884015333131,Frozen exporter normalize_DC=True; original rows retained in frozen input.,,
28_28_Central_Atlantic_(1950),source_initializer,3,Beaked whales,diet_fraction_prey_30,0.06570868,0.06570868159409263,Frozen exporter normalize_DC=True; original rows retained in frozen input.,,
28_28_Central_Atlantic_(1950),source_initializer,3,Beaked whales,diet_fraction_prey_28,0.06570868,0.06570868159409263,Frozen exporter normalize_DC=True; original rows retained in frozen input.,,
28_28_Central_Atlantic_(1950),source_initializer,3,Beaked whales,diet_fraction_prey_27,0.348043025,0.34804303344352405,Frozen exporter normalize_DC=True; original rows retained in frozen input.,,
28_28_Central_Atlantic_(1950),source_initializer,3,Beaked whales,diet_fraction_prey_26,0.344053119,0.34405312734672894,Frozen exporter normalize_DC=True; original rows retained in frozen input.,,
28_28_Central_Atlantic_(1950),source_initializer,3,Beaked whales,diet_fraction_prey_25,0.02647947,0.026479470642391964,Frozen exporter normalize_DC=True; original rows retained in frozen input.,,
28_28_Central_Atlantic_(1950),source_initializer,3,Beaked whales,diet_fraction_prey_24,0.02647947,0.026479470642391964,Frozen exporter normalize_DC=True; original rows retained in frozen input.,,
28_28_Central_Atlantic_(1950),source_initializer,3,Beaked whales,diet_fraction_prey_23,0.02647947,0.026479470642391964,Frozen exporter normalize_DC=True; original rows retained in frozen input.,,
28_28_Central_Atlantic_(1950),source_initializer,3,Beaked whales,diet_fraction_prey_22,0.02647947,0.026479470642391964,Frozen exporter normalize_DC=True; original rows retained in frozen input.,,
28_28_Central_Atlantic_(1950),source_initializer,3,Beaked whales,diet_fraction_prey_18,0.06665867,0.06665867161713938,Frozen exporter normalize_DC=True; original rows retained in frozen input.,,
28_28_Central_Atlantic_(1950),source_initializer,3,Beaked whales,diet_fraction_prey_16,0.00390992174,0.003909921834854704,Frozen exporter normalize_DC=True; original rows retained in frozen input.,,
28_28_Central_Atlantic_(1950),source_initializer,2,Toothed whales,diet_fraction_prey_30,0.0121399984,0.01213999868164797,Frozen exporter normalize_DC=True; original rows retained in frozen input.,,
28_28_Central_Atlantic_(1950),source_initializer,2,Toothed whales,diet_fraction_prey_28,0.0121399984,0.01213999868164797,Frozen exporter normalize_DC=True; original rows retained in frozen input.,,
28_28_Central_Atlantic_(1950),source_initializer,2,Toothed whales,diet_fraction_prey_27,0.53932,0.5393200125122244,Frozen exporter normalize_DC=True; original rows retained in frozen input.,,
28_28_Central_Atlantic_(1950),source_initializer,2,Toothed whales,diet_fraction_prey_26,0.25483,0.2548300059120562,Frozen exporter normalize_DC=True; original rows retained in frozen input.,,
28_28_Central_Atlantic_(1950),source_initializer,2,Toothed whales,diet_fraction_prey_25,0.05373999,0.05373999124676781,Frozen exporter normalize_DC=True; original rows retained in frozen input.,,
28_28_Central_Atlantic_(1950),source_initializer,2,Toothed whales,diet_fraction_prey_24,0.05373999,0.05373999124676781,Frozen exporter normalize_DC=True; original rows retained in frozen input.,,
28_28_Central_Atlantic_(1950),source_initializer,2,Toothed whales,diet_fraction_prey_23,0.0005,0.0005000000116000004,Frozen exporter normalize_DC=True; original rows retained in frozen input.,,
28_28_Central_Atlantic_(1950),source_initializer,2,Toothed whales,diet_fraction_prey_18,0.03962,0.03962000091918403,Frozen exporter normalize_DC=True; original rows retained in frozen input.,,
28_28_Central_Atlantic_(1950),source_initializer,2,Toothed whales,diet_fraction_prey_16,0.03197,0.03197000074170402,Frozen exporter normalize_DC=True; original rows retained in frozen input.,,
28_28_Central_Atlantic_(1950),source_initializer,2,Toothed whales,diet_fraction_prey_4,1e-05,1.0000000232000008e-05,Frozen exporter normalize_DC=True; original rows retained in frozen input.,,
28_28_Central_Atlantic_(1950),source_initializer,2,Toothed whales,diet_fraction_prey_3,1e-05,1.0000000232000008e-05,Frozen exporter normalize_DC=True; original rows retained in frozen input.,,
28_28_Central_Atlantic_(1950),source_initializer,2,Toothed whales,diet_fraction_prey_2,0.00099,0.0009900000229680008,Frozen exporter normalize_DC=True; original rows retained in frozen input.,,
28_28_Central_Atlantic_(1950),source_initializer,2,Toothed whales,diet_fraction_prey_1,0.00099,0.0009900000229680008,Frozen exporter normalize_DC=True; original rows retained in frozen input.,,
28_28_Central_Atlantic_(1950),routing_scenario,38,Detritus,p,2777.8730180352595,2777.873025550226,"Freeze completed living P,Q,diet,predation,accumulation,migration. Solve EE for SM; detritus accumulation absorbs routed inflow at fixed predation. No new consumption is assumed.",SM,0.01
28_28_Central_Atlantic_(1950),routing_scenario,38,Detritus,q,2777.8730180352595,2777.873025550226,"Freeze completed living P,Q,diet,predation,accumulation,migration. Solve EE for SM; detritus accumulation absorbs routed inflow at fixed predation. No new consumption is assumed.",SM,0.01
28_28_Central_Atlantic_(1950),routing_scenario,23,Lg. Bathyd. slp,M0,0.00102711515654528,0.00102775474554528,"Freeze completed living P,Q,diet,predation,accumulation,migration. Solve EE for SM; detritus accumulation absorbs routed inflow at fixed predation. No new consumption is assumed.",SM,0.01
28_28_Central_Atlantic_(1950),routing_scenario,22,Sm. Bathyd. slp,M0,0.0012050065457042862,0.0012068880357042862,"Freeze completed living P,Q,diet,predation,accumulation,migration. Solve EE for SM; detritus accumulation absorbs routed inflow at fixed predation. No new consumption is assumed.",SM,0.01
28_28_Central_Atlantic_(1950),routing_scenario,16,Sm. Epi. fish,M0,0.24182934353205143,0.24182973451705142,"Freeze completed living P,Q,diet,predation,accumulation,migration. Solve EE for SM; detritus accumulation absorbs routed inflow at fixed predation. No new consumption is assumed.",SM,0.01
28_28_Central_Atlantic_(1950),routing_scenario,15,Md. Epi. fish,M0,0.010595990159999997,0.010597236449999997,"Freeze completed living P,Q,diet,predation,accumulation,migration. Solve EE for SM; detritus accumulation absorbs routed inflow at fixed predation. No new consumption is assumed.",SM,0.01
28_28_Central_Atlantic_(1950),routing_scenario,14,Lg. Epi. fish,M0,0.0018705422042999994,0.0018734339842999994,"Freeze completed living P,Q,diet,predation,accumulation,migration. Solve EE for SM; detritus accumulation absorbs routed inflow at fixed predation. No new consumption is assumed.",SM,0.01
28_28_Central_Atlantic_(1950),routing_scenario,7,Bluefin,M0,6.160445043768214e-07,6.250169943768214e-07,"Freeze completed living P,Q,diet,predation,accumulation,migration. Solve EE for SM; detritus accumulation absorbs routed inflow at fixed predation. No new consumption is assumed.",SM,0.01
28_28_Central_Atlantic_(1950),routing_scenario,5,Pelagic sharks,M0,0.0018723044925,0.0018727603525,"Freeze completed living P,Q,diet,predation,accumulation,migration. Solve EE for SM; detritus accumulation absorbs routed inflow at fixed predation. No new consumption is assumed.",SM,0.01
28_28_Central_Atlantic_(1950),routing_scenario,23,Lg. Bathyd. slp,EE,0.6591768,0.6589645679359752,"Freeze completed living P,Q,diet,predation,accumulation,migration. Solve EE for SM; detritus accumulation absorbs routed inflow at fixed predation. No new consumption is assumed.",SM,0.01
28_28_Central_Atlantic_(1950),routing_scenario,22,Sm. Bathyd. slp,EE,0.7868606,0.7865278054179825,"Freeze completed living P,Q,diet,predation,accumulation,migration. Solve EE for SM; detritus accumulation absorbs routed inflow at fixed predation. No new consumption is assumed.",SM,0.01
28_28_Central_Atlantic_(1950),routing_scenario,16,Sm. Epi. fish,EE,0.9,0.8999998383219363,"Freeze completed living P,Q,diet,predation,accumulation,migration. Solve EE for SM; detritus accumulation absorbs routed inflow at fixed predation. No new consumption is assumed.",SM,0.01
28_28_Central_Atlantic_(1950),routing_scenario,15,Md. Epi. fish,EE,0.9,0.8999882380977976,"Freeze completed living P,Q,diet,predation,accumulation,migration. Solve EE for SM; detritus accumulation absorbs routed inflow at fixed predation. No new consumption is assumed.",SM,0.01
28_28_Central_Atlantic_(1950),routing_scenario,14,Lg. Epi. fish,EE,0.81,0.8097062679480116,"Freeze completed living P,Q,diet,predation,accumulation,migration. Solve EE for SM; detritus accumulation absorbs routed inflow at fixed predation. No new consumption is assumed.",SM,0.01
28_28_Central_Atlantic_(1950),routing_scenario,7,Bluefin,EE,0.713919759,0.7097530923333334,"Freeze completed living P,Q,diet,predation,accumulation,migration. Solve EE for SM; detritus accumulation absorbs routed inflow at fixed predation. No new consumption is assumed.",SM,0.01
28_28_Central_Atlantic_(1950),routing_scenario,5,Pelagic sharks,EE,0.25,0.24981739348414245,"Freeze completed living P,Q,diet,predation,accumulation,migration. Solve EE for SM; detritus accumulation absorbs routed inflow at fixed predation. No new consumption is assumed.",SM,0.01
28_28_Central_Atlantic_(1950),routing_scenario,23,Lg. Bathyd. slp,catch,6.39589e-05,6.3319311e-05,"Freeze completed living P,Q,diet,predation,accumulation,migration. Solve EE for SM; detritus accumulation absorbs routed inflow at fixed predation. No new consumption is assumed.",SM,0.01
28_28_Central_Atlantic_(1950),routing_scenario,22,Sm. Bathyd. slp,catch,0.000188149,0.00018626751,"Freeze completed living P,Q,diet,predation,accumulation,migration. Solve EE for SM; detritus accumulation absorbs routed inflow at fixed predation. No new consumption is assumed.",SM,0.01
28_28_Central_Atlantic_(1950),routing_scenario,16,Sm. Epi. fish,catch,3.90985e-05,3.8707514999999996e-05,"Freeze completed living P,Q,diet,predation,accumulation,migration. Solve EE for SM; detritus accumulation absorbs routed inflow at fixed predation. No new consumption is assumed.",SM,0.01
28_28_Central_Atlantic_(1950),routing_scenario,15,Md. Epi. fish,catch,0.000124629,0.00012338271,"Freeze completed living P,Q,diet,predation,accumulation,migration. Solve EE for SM; detritus accumulation absorbs routed inflow at fixed predation. No new consumption is assumed.",SM,0.01
28_28_Central_Atlantic_(1950),routing_scenario,14,Lg. Epi. fish,catch,0.000289178,0.00028628622,"Freeze completed living P,Q,diet,predation,accumulation,migration. Solve EE for SM; detritus accumulation absorbs routed inflow at fixed predation. No new consumption is assumed.",SM,0.01
28_28_Central_Atlantic_(1950),routing_scenario,7,Bluefin,catch,8.97249e-07,8.882765100000001e-07,"Freeze completed living P,Q,diet,predation,accumulation,migration. Solve EE for SM; detritus accumulation absorbs routed inflow at fixed predation. No new consumption is assumed.",SM,0.01
28_28_Central_Atlantic_(1950),routing_scenario,5,Pelagic sharks,catch,4.5586e-05,4.513014e-05,"Freeze completed living P,Q,diet,predation,accumulation,migration. Solve EE for SM; detritus accumulation absorbs routed inflow at fixed predation. No new consumption is assumed.",SM,0.01
28_28_Central_Atlantic_(1950),routing_scenario,38,Detritus,growth,59.638517995131224,59.63852551009768,"Freeze completed living P,Q,diet,predation,accumulation,migration. Solve EE for SM; detritus accumulation absorbs routed inflow at fixed predation. No new consumption is assumed.",SM,0.01
28_28_Central_Atlantic_(1950),routing_scenario,23,Lg. Bathyd. slp,catch,6.39589e-05,6.3319311e-05,"Freeze completed living P,Q,diet,predation,accumulation,migration. Solve EE for SM; detritus accumulation absorbs routed inflow at fixed predation. No new consumption is assumed.",SE,0.01
28_28_Central_Atlantic_(1950),routing_scenario,22,Sm. Bathyd. slp,catch,0.000188149,0.00018626751,"Freeze completed living P,Q,diet,predation,accumulation,migration. Solve EE for SM; detritus accumulation absorbs routed inflow at fixed predation. No new consumption is assumed.",SE,0.01
28_28_Central_Atlantic_(1950),routing_scenario,16,Sm. Epi. fish,catch,3.90985e-05,3.8707514999999996e-05,"Freeze completed living P,Q,diet,predation,accumulation,migration. Solve EE for SM; detritus accumulation absorbs routed inflow at fixed predation. No new consumption is assumed.",SE,0.01
28_28_Central_Atlantic_(1950),routing_scenario,15,Md. Epi. fish,catch,0.000124629,0.00012338271,"Freeze completed living P,Q,diet,predation,accumulation,migration. Solve EE for SM; detritus accumulation absorbs routed inflow at fixed predation. No new consumption is assumed.",SE,0.01
28_28_Central_Atlantic_(1950),routing_scenario,14,Lg. Epi. fish,catch,0.000289178,0.00028628622,"Freeze completed living P,Q,diet,predation,accumulation,migration. Solve EE for SM; detritus accumulation absorbs routed inflow at fixed predation. No new consumption is assumed.",SE,0.01
28_28_Central_Atlantic_(1950),routing_scenario,7,Bluefin,catch,8.97249e-07,8.882765100000001e-07,"Freeze completed living P,Q,diet,predation,accumulation,migration. Solve EE for SM; detritus accumulation absorbs routed inflow at fixed predation. No new consumption is assumed.",SE,0.01
28_28_Central_Atlantic_(1950),routing_scenario,5,Pelagic sharks,catch,4.5586e-05,4.513014e-05,"Freeze completed living P,Q,diet,predation,accumulation,migration. Solve EE for SM; detritus accumulation absorbs routed inflow at fixed predation. No new consumption is assumed.",SE,0.01
28_28_Central_Atlantic_(1950),routing_scenario,23,Lg. Bathyd. slp,external_loss,0.0,6.39589e-07,"Freeze completed living P,Q,diet,predation,accumulation,migration. Solve EE for SM; detritus accumulation absorbs routed inflow at fixed predation. No new consumption is assumed.",SE,0.01
28_28_Central_Atlantic_(1950),routing_scenario,22,Sm. Bathyd. slp,external_loss,0.0,1.88149e-06,"Freeze completed living P,Q,diet,predation,accumulation,migration. Solve EE for SM; detritus accumulation absorbs routed inflow at fixed predation. No new consumption is assumed.",SE,0.01
28_28_Central_Atlantic_(1950),routing_scenario,16,Sm. Epi. fish,external_loss,0.0,3.90985e-07,"Freeze completed living P,Q,diet,predation,accumulation,migration. Solve EE for SM; detritus accumulation absorbs routed inflow at fixed predation. No new consumption is assumed.",SE,0.01
28_28_Central_Atlantic_(1950),routing_scenario,15,Md. Epi. fish,external_loss,0.0,1.24629e-06,"Freeze completed living P,Q,diet,predation,accumulation,migration. Solve EE for SM; detritus accumulation absorbs routed inflow at fixed predation. No new consumption is assumed.",SE,0.01
28_28_Central_Atlantic_(1950),routing_scenario,14,Lg. Epi. fish,external_loss,0.0,2.8917800000000003e-06,"Freeze completed living P,Q,diet,predation,accumulation,migration. Solve EE for SM; detritus accumulation absorbs routed inflow at fixed predation. No new consumption is assumed.",SE,0.01
28_28_Central_Atlantic_(1950),routing_scenario,7,Bluefin,external_loss,0.0,8.97249e-09,"Freeze completed living P,Q,diet,predation,accumulation,migration. Solve EE for SM; detritus accumulation absorbs routed inflow at fixed predation. No new consumption is assumed.",SE,0.01
28_28_Central_Atlantic_(1950),routing_scenario,5,Pelagic sharks,external_loss,0.0,4.5586e-07,"Freeze completed living P,Q,diet,predation,accumulation,migration. Solve EE for SM; detritus accumulation absorbs routed inflow at fixed predation. No new consumption is assumed.",SE,0.01
28_28_Central_Atlantic_(1950),routing_scenario,38,Detritus,p,2777.8730180352595,2777.8730330651924,"Freeze completed living P,Q,diet,predation,accumulation,migration. Solve EE for SM; detritus accumulation absorbs routed inflow at fixed predation. No new consumption is assumed.",SM,0.02
28_28_Central_Atlantic_(1950),routing_scenario,38,Detritus,q,2777.8730180352595,2777.8730330651924,"Freeze completed living P,Q,diet,predation,accumulation,migration. Solve EE for SM; detritus accumulation absorbs routed inflow at fixed predation. No new consumption is assumed.",SM,0.02
28_28_Central_Atlantic_(1950),routing_scenario,23,Lg. Bathyd. slp,M0,0.00102711515654528,0.0010283943345452801,"Freeze completed living P,Q,diet,predation,accumulation,migration. Solve EE for SM; detritus accumulation absorbs routed inflow at fixed predation. No new consumption is assumed.",SM,0.02
28_28_Central_Atlantic_(1950),routing_scenario,22,Sm. Bathyd. slp,M0,0.0012050065457042862,0.0012087695257042863,"Freeze completed living P,Q,diet,predation,accumulation,migration. Solve EE for SM; detritus accumulation absorbs routed inflow at fixed predation. No new consumption is assumed.",SM,0.02
28_28_Central_Atlantic_(1950),routing_scenario,16,Sm. Epi. fish,M0,0.24182934353205143,0.24183012550205144,"Freeze completed living P,Q,diet,predation,accumulation,migration. Solve EE for SM; detritus accumulation absorbs routed inflow at fixed predation. No new consumption is assumed.",SM,0.02
28_28_Central_Atlantic_(1950),routing_scenario,15,Md. Epi. fish,M0,0.010595990159999997,0.010598482739999996,"Freeze completed living P,Q,diet,predation,accumulation,migration. Solve EE for SM; detritus accumulation absorbs routed inflow at fixed predation. No new consumption is assumed.",SM,0.02
28_28_Central_Atlantic_(1950),routing_scenario,14,Lg. Epi. fish,M0,0.0018705422042999994,0.0018763257642999995,"Freeze completed living P,Q,diet,predation,accumulation,migration. Solve EE for SM; detritus accumulation absorbs routed inflow at fixed predation. No new consumption is assumed.",SM,0.02
28_28_Central_Atlantic_(1950),routing_scenario,7,Bluefin,M0,6.160445043768214e-07,6.339894843768214e-07,"Freeze completed living P,Q,diet,predation,accumulation,migration. Solve EE for SM; detritus accumulation absorbs routed inflow at fixed predation. No new consumption is assumed.",SM,0.02
28_28_Central_Atlantic_(1950),routing_scenario,5,Pelagic sharks,M0,0.0018723044925,0.0018732162125,"Freeze completed living P,Q,diet,predation,accumulation,migration. Solve EE for SM; detritus accumulation absorbs routed inflow at fixed predation. No new consumption is assumed.",SM,0.02
28_28_Central_Atlantic_(1950),routing_scenario,23,Lg. Bathyd. slp,EE,0.6591768,0.6587523358719503,"Freeze completed living P,Q,diet,predation,accumulation,migration. Solve EE for SM; detritus accumulation absorbs routed inflow at fixed predation. No new consumption is assumed.",SM,0.02
28_28_Central_Atlantic_(1950),routing_scenario,22,Sm. Bathyd. slp,EE,0.7868606,0.786195010835965,"Freeze completed living P,Q,diet,predation,accumulation,migration. Solve EE for SM; detritus accumulation absorbs routed inflow at fixed predation. No new consumption is assumed.",SM,0.02
28_28_Central_Atlantic_(1950),routing_scenario,16,Sm. Epi. fish,EE,0.9,0.8999996766438727,"Freeze completed living P,Q,diet,predation,accumulation,migration. Solve EE for SM; detritus accumulation absorbs routed inflow at fixed predation. No new consumption is assumed.",SM,0.02
28_28_Central_Atlantic_(1950),routing_scenario,15,Md. Epi. fish,EE,0.9,0.8999764761955952,"Freeze completed living P,Q,diet,predation,accumulation,migration. Solve EE for SM; detritus accumulation absorbs routed inflow at fixed predation. No new consumption is assumed.",SM,0.02
28_28_Central_Atlantic_(1950),routing_scenario,14,Lg. Epi. fish,EE,0.81,0.8094125358960231,"Freeze completed living P,Q,diet,predation,accumulation,migration. Solve EE for SM; detritus accumulation absorbs routed inflow at fixed predation. No new consumption is assumed.",SM,0.02
28_28_Central_Atlantic_(1950),routing_scenario,7,Bluefin,EE,0.713919759,0.7055864256666667,"Freeze completed living P,Q,diet,predation,accumulation,migration. Solve EE for SM; detritus accumulation absorbs routed inflow at fixed predation. No new consumption is assumed.",SM,0.02
28_28_Central_Atlantic_(1950),routing_scenario,5,Pelagic sharks,EE,0.25,0.24963478696828478,"Freeze completed living P,Q,diet,predation,accumulation,migration. Solve EE for SM; detritus accumulation absorbs routed inflow at fixed predation. No new consumption is assumed.",SM,0.02
28_28_Central_Atlantic_(1950),routing_scenario,23,Lg. Bathyd. slp,catch,6.39589e-05,6.267972199999999e-05,"Freeze completed living P,Q,diet,predation,accumulation,migration. Solve EE for SM; detritus accumulation absorbs routed inflow at fixed predation. No new consumption is assumed.",SM,0.02
28_28_Central_Atlantic_(1950),routing_scenario,22,Sm. Bathyd. slp,catch,0.000188149,0.00018438602,"Freeze completed living P,Q,diet,predation,accumulation,migration. Solve EE for SM; detritus accumulation absorbs routed inflow at fixed predation. No new consumption is assumed.",SM,0.02
28_28_Central_Atlantic_(1950),routing_scenario,16,Sm. Epi. fish,catch,3.90985e-05,3.831653e-05,"Freeze completed living P,Q,diet,predation,accumulation,migration. Solve EE for SM; detritus accumulation absorbs routed inflow at fixed predation. No new consumption is assumed.",SM,0.02
28_28_Central_Atlantic_(1950),routing_scenario,15,Md. Epi. fish,catch,0.000124629,0.00012213641999999999,"Freeze completed living P,Q,diet,predation,accumulation,migration. Solve EE for SM; detritus accumulation absorbs routed inflow at fixed predation. No new consumption is assumed.",SM,0.02
28_28_Central_Atlantic_(1950),routing_scenario,14,Lg. Epi. fish,catch,0.000289178,0.00028339444,"Freeze completed living P,Q,diet,predation,accumulation,migration. Solve EE for SM; detritus accumulation absorbs routed inflow at fixed predation. No new consumption is assumed.",SM,0.02
28_28_Central_Atlantic_(1950),routing_scenario,7,Bluefin,catch,8.97249e-07,8.793040200000001e-07,"Freeze completed living P,Q,diet,predation,accumulation,migration. Solve EE for SM; detritus accumulation absorbs routed inflow at fixed predation. No new consumption is assumed.",SM,0.02
28_28_Central_Atlantic_(1950),routing_scenario,5,Pelagic sharks,catch,4.5586e-05,4.467428e-05,"Freeze completed living P,Q,diet,predation,accumulation,migration. Solve EE for SM; detritus accumulation absorbs routed inflow at fixed predation. No new consumption is assumed.",SM,0.02
28_28_Central_Atlantic_(1950),routing_scenario,38,Detritus,growth,59.638517995131224,59.638533025064135,"Freeze completed living P,Q,diet,predation,accumulation,migration. Solve EE for SM; detritus accumulation absorbs routed inflow at fixed predation. No new consumption is assumed.",SM,0.02
28_28_Central_Atlantic_(1950),routing_scenario,23,Lg. Bathyd. slp,catch,6.39589e-05,6.267972199999999e-05,"Freeze completed living P,Q,diet,predation,accumulation,migration. Solve EE for SM; detritus accumulation absorbs routed inflow at fixed predation. No new consumption is assumed.",SE,0.02
28_28_Central_Atlantic_(1950),routing_scenario,22,Sm. Bathyd. slp,catch,0.000188149,0.00018438602,"Freeze completed living P,Q,diet,predation,accumulation,migration. Solve EE for SM; detritus accumulation absorbs routed inflow at fixed predation. No new consumption is assumed.",SE,0.02
28_28_Central_Atlantic_(1950),routing_scenario,16,Sm. Epi. fish,catch,3.90985e-05,3.831653e-05,"Freeze completed living P,Q,diet,predation,accumulation,migration. Solve EE for SM; detritus accumulation absorbs routed inflow at fixed predation. No new consumption is assumed.",SE,0.02
28_28_Central_Atlantic_(1950),routing_scenario,15,Md. Epi. fish,catch,0.000124629,0.00012213641999999999,"Freeze completed living P,Q,diet,predation,accumulation,migration. Solve EE for SM; detritus accumulation absorbs routed inflow at fixed predation. No new consumption is assumed.",SE,0.02
28_28_Central_Atlantic_(1950),routing_scenario,14,Lg. Epi. fish,catch,0.000289178,0.00028339444,"Freeze completed living P,Q,diet,predation,accumulation,migration. Solve EE for SM; detritus accumulation absorbs routed inflow at fixed predation. No new consumption is assumed.",SE,0.02
28_28_Central_Atlantic_(1950),routing_scenario,7,Bluefin,catch,8.97249e-07,8.793040200000001e-07,"Freeze completed living P,Q,diet,predation,accumulation,migration. Solve EE for SM; detritus accumulation absorbs routed inflow at fixed predation. No new consumption is assumed.",SE,0.02
28_28_Central_Atlantic_(1950),routing_scenario,5,Pelagic sharks,catch,4.5586e-05,4.467428e-05,"Freeze completed living P,Q,diet,predation,accumulation,migration. Solve EE for SM; detritus accumulation absorbs routed inflow at fixed predation. No new consumption is assumed.",SE,0.02
28_28_Central_Atlantic_(1950),routing_scenario,23,Lg. Bathyd. slp,external_loss,0.0,1.279178e-06,"Freeze completed living P,Q,diet,predation,accumulation,migration. Solve EE for SM; detritus accumulation absorbs routed inflow at fixed predation. No new consumption is assumed.",SE,0.02
28_28_Central_Atlantic_(1950),routing_scenario,22,Sm. Bathyd. slp,external_loss,0.0,3.76298e-06,"Freeze completed living P,Q,diet,predation,accumulation,migration. Solve EE for SM; detritus accumulation absorbs routed inflow at fixed predation. No new consumption is assumed.",SE,0.02
28_28_Central_Atlantic_(1950),routing_scenario,16,Sm. Epi. fish,external_loss,0.0,7.8197e-07,"Freeze completed living P,Q,diet,predation,accumulation,migration. Solve EE for SM; detritus accumulation absorbs routed inflow at fixed predation. No new consumption is assumed.",SE,0.02
28_28_Central_Atlantic_(1950),routing_scenario,15,Md. Epi. fish,external_loss,0.0,2.49258e-06,"Freeze completed living P,Q,diet,predation,accumulation,migration. Solve EE for SM; detritus accumulation absorbs routed inflow at fixed predation. No new consumption is assumed.",SE,0.02
28_28_Central_Atlantic_(1950),routing_scenario,14,Lg. Epi. fish,external_loss,0.0,5.783560000000001e-06,"Freeze completed living P,Q,diet,predation,accumulation,migration. Solve EE for SM; detritus accumulation absorbs routed inflow at fixed predation. No new consumption is assumed.",SE,0.02
28_28_Central_Atlantic_(1950),routing_scenario,7,Bluefin,external_loss,0.0,1.794498e-08,"Freeze completed living P,Q,diet,predation,accumulation,migration. Solve EE for SM; detritus accumulation absorbs routed inflow at fixed predation. No new consumption is assumed.",SE,0.02
28_28_Central_Atlantic_(1950),routing_scenario,5,Pelagic sharks,external_loss,0.0,9.1172e-07,"Freeze completed living P,Q,diet,predation,accumulation,migration. Solve EE for SM; detritus accumulation absorbs routed inflow at fixed predation. No new consumption is assumed.",SE,0.02
28_28_Central_Atlantic_(1950),routing_scenario,38,Detritus,p,2777.8730180352595,2777.873040580159,"Freeze completed living P,Q,diet,predation,accumulation,migration. Solve EE for SM; detritus accumulation absorbs routed inflow at fixed predation. No new consumption is assumed.",SM,0.03
28_28_Central_Atlantic_(1950),routing_scenario,38,Detritus,q,2777.8730180352595,2777.873040580159,"Freeze completed living P,Q,diet,predation,accumulation,migration. Solve EE for SM; detritus accumulation absorbs routed inflow at fixed predation. No new consumption is assumed.",SM,0.03
28_28_Central_Atlantic_(1950),routing_scenario,23,Lg. Bathyd. slp,M0,0.00102711515654528,0.0010290339235452801,"Freeze completed living P,Q,diet,predation,accumulation,migration. Solve EE for SM; detritus accumulation absorbs routed inflow at fixed predation. No new consumption is assumed.",SM,0.03
28_28_Central_Atlantic_(1950),routing_scenario,22,Sm. Bathyd. slp,M0,0.0012050065457042862,0.0012106510157042863,"Freeze completed living P,Q,diet,predation,accumulation,migration. Solve EE for SM; detritus accumulation absorbs routed inflow at fixed predation. No new consumption is assumed.",SM,0.03
28_28_Central_Atlantic_(1950),routing_scenario,16,Sm. Epi. fish,M0,0.24182934353205143,0.24183051648705142,"Freeze completed living P,Q,diet,predation,accumulation,migration. Solve EE for SM; detritus accumulation absorbs routed inflow at fixed predation. No new consumption is assumed.",SM,0.03
28_28_Central_Atlantic_(1950),routing_scenario,15,Md. Epi. fish,M0,0.010595990159999997,0.010599729029999998,"Freeze completed living P,Q,diet,predation,accumulation,migration. Solve EE for SM; detritus accumulation absorbs routed inflow at fixed predation. No new consumption is assumed.",SM,0.03
28_28_Central_Atlantic_(1950),routing_scenario,14,Lg. Epi. fish,M0,0.0018705422042999994,0.0018792175442999995,"Freeze completed living P,Q,diet,predation,accumulation,migration. Solve EE for SM; detritus accumulation absorbs routed inflow at fixed predation. No new consumption is assumed.",SM,0.03
28_28_Central_Atlantic_(1950),routing_scenario,7,Bluefin,M0,6.160445043768214e-07,6.429619743768214e-07,"Freeze completed living P,Q,diet,predation,accumulation,migration. Solve EE for SM; detritus accumulation absorbs routed inflow at fixed predation. No new consumption is assumed.",SM,0.03
28_28_Central_Atlantic_(1950),routing_scenario,5,Pelagic sharks,M0,0.0018723044925,0.0018736720725,"Freeze completed living P,Q,diet,predation,accumulation,migration. Solve EE for SM; detritus accumulation absorbs routed inflow at fixed predation. No new consumption is assumed.",SM,0.03
28_28_Central_Atlantic_(1950),routing_scenario,23,Lg. Bathyd. slp,EE,0.6591768,0.6585401038079255,"Freeze completed living P,Q,diet,predation,accumulation,migration. Solve EE for SM; detritus accumulation absorbs routed inflow at fixed predation. No new consumption is assumed.",SM,0.03
28_28_Central_Atlantic_(1950),routing_scenario,22,Sm. Bathyd. slp,EE,0.7868606,0.7858622162539475,"Freeze completed living P,Q,diet,predation,accumulation,migration. Solve EE for SM; detritus accumulation absorbs routed inflow at fixed predation. No new consumption is assumed.",SM,0.03
28_28_Central_Atlantic_(1950),routing_scenario,16,Sm. Epi. fish,EE,0.9,0.899999514965809,"Freeze completed living P,Q,diet,predation,accumulation,migration. Solve EE for SM; detritus accumulation absorbs routed inflow at fixed predation. No new consumption is assumed.",SM,0.03
28_28_Central_Atlantic_(1950),routing_scenario,15,Md. Epi. fish,EE,0.9,0.8999647142933926,"Freeze completed living P,Q,diet,predation,accumulation,migration. Solve EE for SM; detritus accumulation absorbs routed inflow at fixed predation. No new consumption is assumed.",SM,0.03
28_28_Central_Atlantic_(1950),routing_scenario,14,Lg. Epi. fish,EE,0.81,0.8091188038440348,"Freeze completed living P,Q,diet,predation,accumulation,migration. Solve EE for SM; detritus accumulation absorbs routed inflow at fixed predation. No new consumption is assumed.",SM,0.03
28_28_Central_Atlantic_(1950),routing_scenario,7,Bluefin,EE,0.713919759,0.7014197590000001,"Freeze completed living P,Q,diet,predation,accumulation,migration. Solve EE for SM; detritus accumulation absorbs routed inflow at fixed predation. No new consumption is assumed.",SM,0.03
28_28_Central_Atlantic_(1950),routing_scenario,5,Pelagic sharks,EE,0.25,0.24945218045242712,"Freeze completed living P,Q,diet,predation,accumulation,migration. Solve EE for SM; detritus accumulation absorbs routed inflow at fixed predation. No new consumption is assumed.",SM,0.03
28_28_Central_Atlantic_(1950),routing_scenario,23,Lg. Bathyd. slp,catch,6.39589e-05,6.204013299999999e-05,"Freeze completed living P,Q,diet,predation,accumulation,migration. Solve EE for SM; detritus accumulation absorbs routed inflow at fixed predation. No new consumption is assumed.",SM,0.03
28_28_Central_Atlantic_(1950),routing_scenario,22,Sm. Bathyd. slp,catch,0.000188149,0.00018250453,"Freeze completed living P,Q,diet,predation,accumulation,migration. Solve EE for SM; detritus accumulation absorbs routed inflow at fixed predation. No new consumption is assumed.",SM,0.03
28_28_Central_Atlantic_(1950),routing_scenario,16,Sm. Epi. fish,catch,3.90985e-05,3.7925545e-05,"Freeze completed living P,Q,diet,predation,accumulation,migration. Solve EE for SM; detritus accumulation absorbs routed inflow at fixed predation. No new consumption is assumed.",SM,0.03
28_28_Central_Atlantic_(1950),routing_scenario,15,Md. Epi. fish,catch,0.000124629,0.00012089012999999998,"Freeze completed living P,Q,diet,predation,accumulation,migration. Solve EE for SM; detritus accumulation absorbs routed inflow at fixed predation. No new consumption is assumed.",SM,0.03
28_28_Central_Atlantic_(1950),routing_scenario,14,Lg. Epi. fish,catch,0.000289178,0.00028050266,"Freeze completed living P,Q,diet,predation,accumulation,migration. Solve EE for SM; detritus accumulation absorbs routed inflow at fixed predation. No new consumption is assumed.",SM,0.03
28_28_Central_Atlantic_(1950),routing_scenario,7,Bluefin,catch,8.97249e-07,8.7033153e-07,"Freeze completed living P,Q,diet,predation,accumulation,migration. Solve EE for SM; detritus accumulation absorbs routed inflow at fixed predation. No new consumption is assumed.",SM,0.03
28_28_Central_Atlantic_(1950),routing_scenario,5,Pelagic sharks,catch,4.5586e-05,4.421842e-05,"Freeze completed living P,Q,diet,predation,accumulation,migration. Solve EE for SM; detritus accumulation absorbs routed inflow at fixed predation. No new consumption is assumed.",SM,0.03
28_28_Central_Atlantic_(1950),routing_scenario,38,Detritus,growth,59.638517995131224,59.63854054003059,"Freeze completed living P,Q,diet,predation,accumulation,migration. Solve EE for SM; detritus accumulation absorbs routed inflow at fixed predation. No new consumption is assumed.",SM,0.03
28_28_Central_Atlantic_(1950),routing_scenario,23,Lg. Bathyd. slp,catch,6.39589e-05,6.204013299999999e-05,"Freeze completed living P,Q,diet,predation,accumulation,migration. Solve EE for SM; detritus accumulation absorbs routed inflow at fixed predation. No new consumption is assumed.",SE,0.03
28_28_Central_Atlantic_(1950),routing_scenario,22,Sm. Bathyd. slp,catch,0.000188149,0.00018250453,"Freeze completed living P,Q,diet,predation,accumulation,migration. Solve EE for SM; detritus accumulation absorbs routed inflow at fixed predation. No new consumption is assumed.",SE,0.03
28_28_Central_Atlantic_(1950),routing_scenario,16,Sm. Epi. fish,catch,3.90985e-05,3.7925545e-05,"Freeze completed living P,Q,diet,predation,accumulation,migration. Solve EE for SM; detritus accumulation absorbs routed inflow at fixed predation. No new consumption is assumed.",SE,0.03
28_28_Central_Atlantic_(1950),routing_scenario,15,Md. Epi. fish,catch,0.000124629,0.00012089012999999998,"Freeze completed living P,Q,diet,predation,accumulation,migration. Solve EE for SM; detritus accumulation absorbs routed inflow at fixed predation. No new consumption is assumed.",SE,0.03
28_28_Central_Atlantic_(1950),routing_scenario,14,Lg. Epi. fish,catch,0.000289178,0.00028050266,"Freeze completed living P,Q,diet,predation,accumulation,migration. Solve EE for SM; detritus accumulation absorbs routed inflow at fixed predation. No new consumption is assumed.",SE,0.03
28_28_Central_Atlantic_(1950),routing_scenario,7,Bluefin,catch,8.97249e-07,8.7033153e-07,"Freeze completed living P,Q,diet,predation,accumulation,migration. Solve EE for SM; detritus accumulation absorbs routed inflow at fixed predation. No new consumption is assumed.",SE,0.03
28_28_Central_Atlantic_(1950),routing_scenario,5,Pelagic sharks,catch,4.5586e-05,4.421842e-05,"Freeze completed living P,Q,diet,predation,accumulation,migration. Solve EE for SM; detritus accumulation absorbs routed inflow at fixed predation. No new consumption is assumed.",SE,0.03
28_28_Central_Atlantic_(1950),routing_scenario,23,Lg. Bathyd. slp,external_loss,0.0,1.918767e-06,"Freeze completed living P,Q,diet,predation,accumulation,migration. Solve EE for SM; detritus accumulation absorbs routed inflow at fixed predation. No new consumption is assumed.",SE,0.03
28_28_Central_Atlantic_(1950),routing_scenario,22,Sm. Bathyd. slp,external_loss,0.0,5.6444699999999995e-06,"Freeze completed living P,Q,diet,predation,accumulation,migration. Solve EE for SM; detritus accumulation absorbs routed inflow at fixed predation. No new consumption is assumed.",SE,0.03
28_28_Central_Atlantic_(1950),routing_scenario,16,Sm. Epi. fish,external_loss,0.0,1.1729549999999999e-06,"Freeze completed living P,Q,diet,predation,accumulation,migration. Solve EE for SM; detritus accumulation absorbs routed inflow at fixed predation. No new consumption is assumed.",SE,0.03
28_28_Central_Atlantic_(1950),routing_scenario,15,Md. Epi. fish,external_loss,0.0,3.7388699999999995e-06,"Freeze completed living P,Q,diet,predation,accumulation,migration. Solve EE for SM; detritus accumulation absorbs routed inflow at fixed predation. No new consumption is assumed.",SE,0.03
28_28_Central_Atlantic_(1950),routing_scenario,14,Lg. Epi. fish,external_loss,0.0,8.675340000000001e-06,"Freeze completed living P,Q,diet,predation,accumulation,migration. Solve EE for SM; detritus accumulation absorbs routed inflow at fixed predation. No new consumption is assumed.",SE,0.03
28_28_Central_Atlantic_(1950),routing_scenario,7,Bluefin,external_loss,0.0,2.691747e-08,"Freeze completed living P,Q,diet,predation,accumulation,migration. Solve EE for SM; detritus accumulation absorbs routed inflow at fixed predation. No new consumption is assumed.",SE,0.03
28_28_Central_Atlantic_(1950),routing_scenario,5,Pelagic sharks,external_loss,0.0,1.36758e-06,"Freeze completed living P,Q,diet,predation,accumulation,migration. Solve EE for SM; detritus accumulation absorbs routed inflow at fixed predation. No new consumption is assumed.",SE,0.03
28_28_Central_Atlantic_(1950),routing_scenario,38,Detritus,p,2777.8730180352595,2777.8730480951253,"Freeze completed living P,Q,diet,predation,accumulation,migration. Solve EE for SM; detritus accumulation absorbs routed inflow at fixed predation. No new consumption is assumed.",SM,0.04
28_28_Central_Atlantic_(1950),routing_scenario,38,Detritus,q,2777.8730180352595,2777.8730480951253,"Freeze completed living P,Q,diet,predation,accumulation,migration. Solve EE for SM; detritus accumulation absorbs routed inflow at fixed predation. No new consumption is assumed.",SM,0.04
28_28_Central_Atlantic_(1950),routing_scenario,23,Lg. Bathyd. slp,M0,0.00102711515654528,0.0010296735125452801,"Freeze completed living P,Q,diet,predation,accumulation,migration. Solve EE for SM; detritus accumulation absorbs routed inflow at fixed predation. No new consumption is assumed.",SM,0.04
28_28_Central_Atlantic_(1950),routing_scenario,22,Sm. Bathyd. slp,M0,0.0012050065457042862,0.0012125325057042863,"Freeze completed living P,Q,diet,predation,accumulation,migration. Solve EE for SM; detritus accumulation absorbs routed inflow at fixed predation. No new consumption is assumed.",SM,0.04
28_28_Central_Atlantic_(1950),routing_scenario,16,Sm. Epi. fish,M0,0.24182934353205143,0.24183090747205144,"Freeze completed living P,Q,diet,predation,accumulation,migration. Solve EE for SM; detritus accumulation absorbs routed inflow at fixed predation. No new consumption is assumed.",SM,0.04
28_28_Central_Atlantic_(1950),routing_scenario,15,Md. Epi. fish,M0,0.010595990159999997,0.010600975319999997,"Freeze completed living P,Q,diet,predation,accumulation,migration. Solve EE for SM; detritus accumulation absorbs routed inflow at fixed predation. No new consumption is assumed.",SM,0.04
28_28_Central_Atlantic_(1950),routing_scenario,14,Lg. Epi. fish,M0,0.0018705422042999994,0.0018821093242999995,"Freeze completed living P,Q,diet,predation,accumulation,migration. Solve EE for SM; detritus accumulation absorbs routed inflow at fixed predation. No new consumption is assumed.",SM,0.04
28_28_Central_Atlantic_(1950),routing_scenario,7,Bluefin,M0,6.160445043768214e-07,6.519344643768214e-07,"Freeze completed living P,Q,diet,predation,accumulation,migration. Solve EE for SM; detritus accumulation absorbs routed inflow at fixed predation. No new consumption is assumed.",SM,0.04
28_28_Central_Atlantic_(1950),routing_scenario,5,Pelagic sharks,M0,0.0018723044925,0.0018741279325,"Freeze completed living P,Q,diet,predation,accumulation,migration. Solve EE for SM; detritus accumulation absorbs routed inflow at fixed predation. No new consumption is assumed.",SM,0.04
28_28_Central_Atlantic_(1950),routing_scenario,23,Lg. Bathyd. slp,EE,0.6591768,0.6583278717439006,"Freeze completed living P,Q,diet,predation,accumulation,migration. Solve EE for SM; detritus accumulation absorbs routed inflow at fixed predation. No new consumption is assumed.",SM,0.04
28_28_Central_Atlantic_(1950),routing_scenario,22,Sm. Bathyd. slp,EE,0.7868606,0.78552942167193,"Freeze completed living P,Q,diet,predation,accumulation,migration. Solve EE for SM; detritus accumulation absorbs routed inflow at fixed predation. No new consumption is assumed.",SM,0.04
28_28_Central_Atlantic_(1950),routing_scenario,16,Sm. Epi. fish,EE,0.9,0.8999993532877454,"Freeze completed living P,Q,diet,predation,accumulation,migration. Solve EE for SM; detritus accumulation absorbs routed inflow at fixed predation. No new consumption is assumed.",SM,0.04
28_28_Central_Atlantic_(1950),routing_scenario,15,Md. Epi. fish,EE,0.9,0.8999529523911902,"Freeze completed living P,Q,diet,predation,accumulation,migration. Solve EE for SM; detritus accumulation absorbs routed inflow at fixed predation. No new consumption is assumed.",SM,0.04
28_28_Central_Atlantic_(1950),routing_scenario,14,Lg. Epi. fish,EE,0.81,0.8088250717920463,"Freeze completed living P,Q,diet,predation,accumulation,migration. Solve EE for SM; detritus accumulation absorbs routed inflow at fixed predation. No new consumption is assumed.",SM,0.04
28_28_Central_Atlantic_(1950),routing_scenario,7,Bluefin,EE,0.713919759,0.6972530923333333,"Freeze completed living P,Q,diet,predation,accumulation,migration. Solve EE for SM; detritus accumulation absorbs routed inflow at fixed predation. No new consumption is assumed.",SM,0.04
28_28_Central_Atlantic_(1950),routing_scenario,5,Pelagic sharks,EE,0.25,0.24926957393656957,"Freeze completed living P,Q,diet,predation,accumulation,migration. Solve EE for SM; detritus accumulation absorbs routed inflow at fixed predation. No new consumption is assumed.",SM,0.04
28_28_Central_Atlantic_(1950),routing_scenario,23,Lg. Bathyd. slp,catch,6.39589e-05,6.1400544e-05,"Freeze completed living P,Q,diet,predation,accumulation,migration. Solve EE for SM; detritus accumulation absorbs routed inflow at fixed predation. No new consumption is assumed.",SM,0.04
28_28_Central_Atlantic_(1950),routing_scenario,22,Sm. Bathyd. slp,catch,0.000188149,0.00018062303999999998,"Freeze completed living P,Q,diet,predation,accumulation,migration. Solve EE for SM; detritus accumulation absorbs routed inflow at fixed predation. No new consumption is assumed.",SM,0.04
28_28_Central_Atlantic_(1950),routing_scenario,16,Sm. Epi. fish,catch,3.90985e-05,3.7534559999999995e-05,"Freeze completed living P,Q,diet,predation,accumulation,migration. Solve EE for SM; detritus accumulation absorbs routed inflow at fixed predation. No new consumption is assumed.",SM,0.04
28_28_Central_Atlantic_(1950),routing_scenario,15,Md. Epi. fish,catch,0.000124629,0.00011964383999999998,"Freeze completed living P,Q,diet,predation,accumulation,migration. Solve EE for SM; detritus accumulation absorbs routed inflow at fixed predation. No new consumption is assumed.",SM,0.04
28_28_Central_Atlantic_(1950),routing_scenario,14,Lg. Epi. fish,catch,0.000289178,0.00027761088000000003,"Freeze completed living P,Q,diet,predation,accumulation,migration. Solve EE for SM; detritus accumulation absorbs routed inflow at fixed predation. No new consumption is assumed.",SM,0.04
28_28_Central_Atlantic_(1950),routing_scenario,7,Bluefin,catch,8.97249e-07,8.6135904e-07,"Freeze completed living P,Q,diet,predation,accumulation,migration. Solve EE for SM; detritus accumulation absorbs routed inflow at fixed predation. No new consumption is assumed.",SM,0.04
28_28_Central_Atlantic_(1950),routing_scenario,5,Pelagic sharks,catch,4.5586e-05,4.376256e-05,"Freeze completed living P,Q,diet,predation,accumulation,migration. Solve EE for SM; detritus accumulation absorbs routed inflow at fixed predation. No new consumption is assumed.",SM,0.04
28_28_Central_Atlantic_(1950),routing_scenario,38,Detritus,growth,59.638517995131224,59.638548054997045,"Freeze completed living P,Q,diet,predation,accumulation,migration. Solve EE for SM; detritus accumulation absorbs routed inflow at fixed predation. No new consumption is assumed.",SM,0.04
28_28_Central_Atlantic_(1950),routing_scenario,23,Lg. Bathyd. slp,catch,6.39589e-05,6.1400544e-05,"Freeze completed living P,Q,diet,predation,accumulation,migration. Solve EE for SM; detritus accumulation absorbs routed inflow at fixed predation. No new consumption is assumed.",SE,0.04
28_28_Central_Atlantic_(1950),routing_scenario,22,Sm. Bathyd. slp,catch,0.000188149,0.00018062303999999998,"Freeze completed living P,Q,diet,predation,accumulation,migration. Solve EE for SM; detritus accumulation absorbs routed inflow at fixed predation. No new consumption is assumed.",SE,0.04
28_28_Central_Atlantic_(1950),routing_scenario,16,Sm. Epi. fish,catch,3.90985e-05,3.7534559999999995e-05,"Freeze completed living P,Q,diet,predation,accumulation,migration. Solve EE for SM; detritus accumulation absorbs routed inflow at fixed predation. No new consumption is assumed.",SE,0.04
28_28_Central_Atlantic_(1950),routing_scenario,15,Md. Epi. fish,catch,0.000124629,0.00011964383999999998,"Freeze completed living P,Q,diet,predation,accumulation,migration. Solve EE for SM; detritus accumulation absorbs routed inflow at fixed predation. No new consumption is assumed.",SE,0.04
28_28_Central_Atlantic_(1950),routing_scenario,14,Lg. Epi. fish,catch,0.000289178,0.00027761088000000003,"Freeze completed living P,Q,diet,predation,accumulation,migration. Solve EE for SM; detritus accumulation absorbs routed inflow at fixed predation. No new consumption is assumed.",SE,0.04
28_28_Central_Atlantic_(1950),routing_scenario,7,Bluefin,catch,8.97249e-07,8.6135904e-07,"Freeze completed living P,Q,diet,predation,accumulation,migration. Solve EE for SM; detritus accumulation absorbs routed inflow at fixed predation. No new consumption is assumed.",SE,0.04
28_28_Central_Atlantic_(1950),routing_scenario,5,Pelagic sharks,catch,4.5586e-05,4.376256e-05,"Freeze completed living P,Q,diet,predation,accumulation,migration. Solve EE for SM; detritus accumulation absorbs routed inflow at fixed predation. No new consumption is assumed.",SE,0.04
28_28_Central_Atlantic_(1950),routing_scenario,23,Lg. Bathyd. slp,external_loss,0.0,2.558356e-06,"Freeze completed living P,Q,diet,predation,accumulation,migration. Solve EE for SM; detritus accumulation absorbs routed inflow at fixed predation. No new consumption is assumed.",SE,0.04
28_28_Central_Atlantic_(1950),routing_scenario,22,Sm. Bathyd. slp,external_loss,0.0,7.52596e-06,"Freeze completed living P,Q,diet,predation,accumulation,migration. Solve EE for SM; detritus accumulation absorbs routed inflow at fixed predation. No new consumption is assumed.",SE,0.04
28_28_Central_Atlantic_(1950),routing_scenario,16,Sm. Epi. fish,external_loss,0.0,1.56394e-06,"Freeze completed living P,Q,diet,predation,accumulation,migration. Solve EE for SM; detritus accumulation absorbs routed inflow at fixed predation. No new consumption is assumed.",SE,0.04
28_28_Central_Atlantic_(1950),routing_scenario,15,Md. Epi. fish,external_loss,0.0,4.98516e-06,"Freeze completed living P,Q,diet,predation,accumulation,migration. Solve EE for SM; detritus accumulation absorbs routed inflow at fixed predation. No new consumption is assumed.",SE,0.04
28_28_Central_Atlantic_(1950),routing_scenario,14,Lg. Epi. fish,external_loss,0.0,1.1567120000000001e-05,"Freeze completed living P,Q,diet,predation,accumulation,migration. Solve EE for SM; detritus accumulation absorbs routed inflow at fixed predation. No new consumption is assumed.",SE,0.04
28_28_Central_Atlantic_(1950),routing_scenario,7,Bluefin,external_loss,0.0,3.588996e-08,"Freeze completed living P,Q,diet,predation,accumulation,migration. Solve EE for SM; detritus accumulation absorbs routed inflow at fixed predation. No new consumption is assumed.",SE,0.04
28_28_Central_Atlantic_(1950),routing_scenario,5,Pelagic sharks,external_loss,0.0,1.82344e-06,"Freeze completed living P,Q,diet,predation,accumulation,migration. Solve EE for SM; detritus accumulation absorbs routed inflow at fixed predation. No new consumption is assumed.",SE,0.04
28_28_Central_Atlantic_(1950),routing_scenario,38,Detritus,p,2777.8730180352595,2777.8730556100923,"Freeze completed living P,Q,diet,predation,accumulation,migration. Solve EE for SM; detritus accumulation absorbs routed inflow at fixed predation. No new consumption is assumed.",SM,0.05
28_28_Central_Atlantic_(1950),routing_scenario,38,Detritus,q,2777.8730180352595,2777.8730556100923,"Freeze completed living P,Q,diet,predation,accumulation,migration. Solve EE for SM; detritus accumulation absorbs routed inflow at fixed predation. No new consumption is assumed.",SM,0.05
28_28_Central_Atlantic_(1950),routing_scenario,23,Lg. Bathyd. slp,M0,0.00102711515654528,0.0010303131015452801,"Freeze completed living P,Q,diet,predation,accumulation,migration. Solve EE for SM; detritus accumulation absorbs routed inflow at fixed predation. No new consumption is assumed.",SM,0.05
28_28_Central_Atlantic_(1950),routing_scenario,22,Sm. Bathyd. slp,M0,0.0012050065457042862,0.0012144139957042863,"Freeze completed living P,Q,diet,predation,accumulation,migration. Solve EE for SM; detritus accumulation absorbs routed inflow at fixed predation. No new consumption is assumed.",SM,0.05
28_28_Central_Atlantic_(1950),routing_scenario,16,Sm. Epi. fish,M0,0.24182934353205143,0.24183129845705142,"Freeze completed living P,Q,diet,predation,accumulation,migration. Solve EE for SM; detritus accumulation absorbs routed inflow at fixed predation. No new consumption is assumed.",SM,0.05
28_28_Central_Atlantic_(1950),routing_scenario,15,Md. Epi. fish,M0,0.010595990159999997,0.010602221609999997,"Freeze completed living P,Q,diet,predation,accumulation,migration. Solve EE for SM; detritus accumulation absorbs routed inflow at fixed predation. No new consumption is assumed.",SM,0.05
28_28_Central_Atlantic_(1950),routing_scenario,14,Lg. Epi. fish,M0,0.0018705422042999994,0.0018850011042999995,"Freeze completed living P,Q,diet,predation,accumulation,migration. Solve EE for SM; detritus accumulation absorbs routed inflow at fixed predation. No new consumption is assumed.",SM,0.05
28_28_Central_Atlantic_(1950),routing_scenario,7,Bluefin,M0,6.160445043768214e-07,6.609069543768215e-07,"Freeze completed living P,Q,diet,predation,accumulation,migration. Solve EE for SM; detritus accumulation absorbs routed inflow at fixed predation. No new consumption is assumed.",SM,0.05
28_28_Central_Atlantic_(1950),routing_scenario,5,Pelagic sharks,M0,0.0018723044925,0.0018745837925,"Freeze completed living P,Q,diet,predation,accumulation,migration. Solve EE for SM; detritus accumulation absorbs routed inflow at fixed predation. No new consumption is assumed.",SM,0.05
28_28_Central_Atlantic_(1950),routing_scenario,23,Lg. Bathyd. slp,EE,0.6591768,0.6581156396798757,"Freeze completed living P,Q,diet,predation,accumulation,migration. Solve EE for SM; detritus accumulation absorbs routed inflow at fixed predation. No new consumption is assumed.",SM,0.05
28_28_Central_Atlantic_(1950),routing_scenario,22,Sm. Bathyd. slp,EE,0.7868606,0.7851966270899126,"Freeze completed living P,Q,diet,predation,accumulation,migration. Solve EE for SM; detritus accumulation absorbs routed inflow at fixed predation. No new consumption is assumed.",SM,0.05
28_28_Central_Atlantic_(1950),routing_scenario,16,Sm. Epi. fish,EE,0.9,0.8999991916096817,"Freeze completed living P,Q,diet,predation,accumulation,migration. Solve EE for SM; detritus accumulation absorbs routed inflow at fixed predation. No new consumption is assumed.",SM,0.05
28_28_Central_Atlantic_(1950),routing_scenario,15,Md. Epi. fish,EE,0.9,0.8999411904889878,"Freeze completed living P,Q,diet,predation,accumulation,migration. Solve EE for SM; detritus accumulation absorbs routed inflow at fixed predation. No new consumption is assumed.",SM,0.05
28_28_Central_Atlantic_(1950),routing_scenario,14,Lg. Epi. fish,EE,0.81,0.8085313397400579,"Freeze completed living P,Q,diet,predation,accumulation,migration. Solve EE for SM; detritus accumulation absorbs routed inflow at fixed predation. No new consumption is assumed.",SM,0.05
28_28_Central_Atlantic_(1950),routing_scenario,7,Bluefin,EE,0.713919759,0.6930864256666667,"Freeze completed living P,Q,diet,predation,accumulation,migration. Solve EE for SM; detritus accumulation absorbs routed inflow at fixed predation. No new consumption is assumed.",SM,0.05
28_28_Central_Atlantic_(1950),routing_scenario,5,Pelagic sharks,EE,0.25,0.2490869674207119,"Freeze completed living P,Q,diet,predation,accumulation,migration. Solve EE for SM; detritus accumulation absorbs routed inflow at fixed predation. No new consumption is assumed.",SM,0.05
28_28_Central_Atlantic_(1950),routing_scenario,23,Lg. Bathyd. slp,catch,6.39589e-05,6.076095499999999e-05,"Freeze completed living P,Q,diet,predation,accumulation,migration. Solve EE for SM; detritus accumulation absorbs routed inflow at fixed predation. No new consumption is assumed.",SM,0.05
28_28_Central_Atlantic_(1950),routing_scenario,22,Sm. Bathyd. slp,catch,0.000188149,0.00017874155,"Freeze completed living P,Q,diet,predation,accumulation,migration. Solve EE for SM; detritus accumulation absorbs routed inflow at fixed predation. No new consumption is assumed.",SM,0.05
28_28_Central_Atlantic_(1950),routing_scenario,16,Sm. Epi. fish,catch,3.90985e-05,3.7143575e-05,"Freeze completed living P,Q,diet,predation,accumulation,migration. Solve EE for SM; detritus accumulation absorbs routed inflow at fixed predation. No new consumption is assumed.",SM,0.05
28_28_Central_Atlantic_(1950),routing_scenario,15,Md. Epi. fish,catch,0.000124629,0.00011839754999999998,"Freeze completed living P,Q,diet,predation,accumulation,migration. Solve EE for SM; detritus accumulation absorbs routed inflow at fixed predation. No new consumption is assumed.",SM,0.05
28_28_Central_Atlantic_(1950),routing_scenario,14,Lg. Epi. fish,catch,0.000289178,0.0002747191,"Freeze completed living P,Q,diet,predation,accumulation,migration. Solve EE for SM; detritus accumulation absorbs routed inflow at fixed predation. No new consumption is assumed.",SM,0.05
28_28_Central_Atlantic_(1950),routing_scenario,7,Bluefin,catch,8.97249e-07,8.5238655e-07,"Freeze completed living P,Q,diet,predation,accumulation,migration. Solve EE for SM; detritus accumulation absorbs routed inflow at fixed predation. No new consumption is assumed.",SM,0.05
28_28_Central_Atlantic_(1950),routing_scenario,5,Pelagic sharks,catch,4.5586e-05,4.3306699999999997e-05,"Freeze completed living P,Q,diet,predation,accumulation,migration. Solve EE for SM; detritus accumulation absorbs routed inflow at fixed predation. No new consumption is assumed.",SM,0.05
28_28_Central_Atlantic_(1950),routing_scenario,38,Detritus,growth,59.638517995131224,59.638555569963955,"Freeze completed living P,Q,diet,predation,accumulation,migration. Solve EE for SM; detritus accumulation absorbs routed inflow at fixed predation. No new consumption is assumed.",SM,0.05
28_28_Central_Atlantic_(1950),routing_scenario,23,Lg. Bathyd. slp,catch,6.39589e-05,6.076095499999999e-05,"Freeze completed living P,Q,diet,predation,accumulation,migration. Solve EE for SM; detritus accumulation absorbs routed inflow at fixed predation. No new consumption is assumed.",SE,0.05
28_28_Central_Atlantic_(1950),routing_scenario,22,Sm. Bathyd. slp,catch,0.000188149,0.00017874155,"Freeze completed living P,Q,diet,predation,accumulation,migration. Solve EE for SM; detritus accumulation absorbs routed inflow at fixed predation. No new consumption is assumed.",SE,0.05
28_28_Central_Atlantic_(1950),routing_scenario,16,Sm. Epi. fish,catch,3.90985e-05,3.7143575e-05,"Freeze completed living P,Q,diet,predation,accumulation,migration. Solve EE for SM; detritus accumulation absorbs routed inflow at fixed predation. No new consumption is assumed.",SE,0.05
28_28_Central_Atlantic_(1950),routing_scenario,15,Md. Epi. fish,catch,0.000124629,0.00011839754999999998,"Freeze completed living P,Q,diet,predation,accumulation,migration. Solve EE for SM; detritus accumulation absorbs routed inflow at fixed predation. No new consumption is assumed.",SE,0.05
28_28_Central_Atlantic_(1950),routing_scenario,14,Lg. Epi. fish,catch,0.000289178,0.0002747191,"Freeze completed living P,Q,diet,predation,accumulation,migration. Solve EE for SM; detritus accumulation absorbs routed inflow at fixed predation. No new consumption is assumed.",SE,0.05
28_28_Central_Atlantic_(1950),routing_scenario,7,Bluefin,catch,8.97249e-07,8.5238655e-07,"Freeze completed living P,Q,diet,predation,accumulation,migration. Solve EE for SM; detritus accumulation absorbs routed inflow at fixed predation. No new consumption is assumed.",SE,0.05
28_28_Central_Atlantic_(1950),routing_scenario,5,Pelagic sharks,catch,4.5586e-05,4.3306699999999997e-05,"Freeze completed living P,Q,diet,predation,accumulation,migration. Solve EE for SM; detritus accumulation absorbs routed inflow at fixed predation. No new consumption is assumed.",SE,0.05
28_28_Central_Atlantic_(1950),routing_scenario,23,Lg. Bathyd. slp,external_loss,0.0,3.197945e-06,"Freeze completed living P,Q,diet,predation,accumulation,migration. Solve EE for SM; detritus accumulation absorbs routed inflow at fixed predation. No new consumption is assumed.",SE,0.05
28_28_Central_Atlantic_(1950),routing_scenario,22,Sm. Bathyd. slp,external_loss,0.0,9.407450000000001e-06,"Freeze completed living P,Q,diet,predation,accumulation,migration. Solve EE for SM; detritus accumulation absorbs routed inflow at fixed predation. No new consumption is assumed.",SE,0.05
28_28_Central_Atlantic_(1950),routing_scenario,16,Sm. Epi. fish,external_loss,0.0,1.954925e-06,"Freeze completed living P,Q,diet,predation,accumulation,migration. Solve EE for SM; detritus accumulation absorbs routed inflow at fixed predation. No new consumption is assumed.",SE,0.05
28_28_Central_Atlantic_(1950),routing_scenario,15,Md. Epi. fish,external_loss,0.0,6.2314499999999994e-06,"Freeze completed living P,Q,diet,predation,accumulation,migration. Solve EE for SM; detritus accumulation absorbs routed inflow at fixed predation. No new consumption is assumed.",SE,0.05
28_28_Central_Atlantic_(1950),routing_scenario,14,Lg. Epi. fish,external_loss,0.0,1.4458900000000001e-05,"Freeze completed living P,Q,diet,predation,accumulation,migration. Solve EE for SM; detritus accumulation absorbs routed inflow at fixed predation. No new consumption is assumed.",SE,0.05
28_28_Central_Atlantic_(1950),routing_scenario,7,Bluefin,external_loss,0.0,4.4862450000000006e-08,"Freeze completed living P,Q,diet,predation,accumulation,migration. Solve EE for SM; detritus accumulation absorbs routed inflow at fixed predation. No new consumption is assumed.",SE,0.05
28_28_Central_Atlantic_(1950),routing_scenario,5,Pelagic sharks,external_loss,0.0,2.2793e-06,"Freeze completed living P,Q,diet,predation,accumulation,migration. Solve EE for SM; detritus accumulation absorbs routed inflow at fixed predation. No new consumption is assumed.",SE,0.05
28_28_Central_Atlantic_(1950),routing_scenario,38,Detritus,p,2777.8730180352595,2777.8730631250583,"Freeze completed living P,Q,diet,predation,accumulation,migration. Solve EE for SM; detritus accumulation absorbs routed inflow at fixed predation. No new consumption is assumed.",SM,0.06
28_28_Central_Atlantic_(1950),routing_scenario,38,Detritus,q,2777.8730180352595,2777.8730631250583,"Freeze completed living P,Q,diet,predation,accumulation,migration. Solve EE for SM; detritus accumulation absorbs routed inflow at fixed predation. No new consumption is assumed.",SM,0.06
28_28_Central_Atlantic_(1950),routing_scenario,23,Lg. Bathyd. slp,M0,0.00102711515654528,0.0010309526905452802,"Freeze completed living P,Q,diet,predation,accumulation,migration. Solve EE for SM; detritus accumulation absorbs routed inflow at fixed predation. No new consumption is assumed.",SM,0.06
28_28_Central_Atlantic_(1950),routing_scenario,22,Sm. Bathyd. slp,M0,0.0012050065457042862,0.0012162954857042863,"Freeze completed living P,Q,diet,predation,accumulation,migration. Solve EE for SM; detritus accumulation absorbs routed inflow at fixed predation. No new consumption is assumed.",SM,0.06
28_28_Central_Atlantic_(1950),routing_scenario,16,Sm. Epi. fish,M0,0.24182934353205143,0.24183168944205144,"Freeze completed living P,Q,diet,predation,accumulation,migration. Solve EE for SM; detritus accumulation absorbs routed inflow at fixed predation. No new consumption is assumed.",SM,0.06
28_28_Central_Atlantic_(1950),routing_scenario,15,Md. Epi. fish,M0,0.010595990159999997,0.010603467899999997,"Freeze completed living P,Q,diet,predation,accumulation,migration. Solve EE for SM; detritus accumulation absorbs routed inflow at fixed predation. No new consumption is assumed.",SM,0.06
28_28_Central_Atlantic_(1950),routing_scenario,14,Lg. Epi. fish,M0,0.0018705422042999994,0.0018878928842999995,"Freeze completed living P,Q,diet,predation,accumulation,migration. Solve EE for SM; detritus accumulation absorbs routed inflow at fixed predation. No new consumption is assumed.",SM,0.06
28_28_Central_Atlantic_(1950),routing_scenario,7,Bluefin,M0,6.160445043768214e-07,6.698794443768215e-07,"Freeze completed living P,Q,diet,predation,accumulation,migration. Solve EE for SM; detritus accumulation absorbs routed inflow at fixed predation. No new consumption is assumed.",SM,0.06
28_28_Central_Atlantic_(1950),routing_scenario,5,Pelagic sharks,M0,0.0018723044925,0.0018750396525,"Freeze completed living P,Q,diet,predation,accumulation,migration. Solve EE for SM; detritus accumulation absorbs routed inflow at fixed predation. No new consumption is assumed.",SM,0.06
28_28_Central_Atlantic_(1950),routing_scenario,23,Lg. Bathyd. slp,EE,0.6591768,0.657903407615851,"Freeze completed living P,Q,diet,predation,accumulation,migration. Solve EE for SM; detritus accumulation absorbs routed inflow at fixed predation. No new consumption is assumed.",SM,0.06
28_28_Central_Atlantic_(1950),routing_scenario,22,Sm. Bathyd. slp,EE,0.7868606,0.784863832507895,"Freeze completed living P,Q,diet,predation,accumulation,migration. Solve EE for SM; detritus accumulation absorbs routed inflow at fixed predation. No new consumption is assumed.",SM,0.06
28_28_Central_Atlantic_(1950),routing_scenario,16,Sm. Epi. fish,EE,0.9,0.8999990299316181,"Freeze completed living P,Q,diet,predation,accumulation,migration. Solve EE for SM; detritus accumulation absorbs routed inflow at fixed predation. No new consumption is assumed.",SM,0.06
28_28_Central_Atlantic_(1950),routing_scenario,15,Md. Epi. fish,EE,0.9,0.8999294285867854,"Freeze completed living P,Q,diet,predation,accumulation,migration. Solve EE for SM; detritus accumulation absorbs routed inflow at fixed predation. No new consumption is assumed.",SM,0.06
28_28_Central_Atlantic_(1950),routing_scenario,14,Lg. Epi. fish,EE,0.81,0.8082376076880695,"Freeze completed living P,Q,diet,predation,accumulation,migration. Solve EE for SM; detritus accumulation absorbs routed inflow at fixed predation. No new consumption is assumed.",SM,0.06
28_28_Central_Atlantic_(1950),routing_scenario,7,Bluefin,EE,0.713919759,0.688919759,"Freeze completed living P,Q,diet,predation,accumulation,migration. Solve EE for SM; detritus accumulation absorbs routed inflow at fixed predation. No new consumption is assumed.",SM,0.06
28_28_Central_Atlantic_(1950),routing_scenario,5,Pelagic sharks,EE,0.25,0.24890436090485424,"Freeze completed living P,Q,diet,predation,accumulation,migration. Solve EE for SM; detritus accumulation absorbs routed inflow at fixed predation. No new consumption is assumed.",SM,0.06
28_28_Central_Atlantic_(1950),routing_scenario,23,Lg. Bathyd. slp,catch,6.39589e-05,6.012136599999999e-05,"Freeze completed living P,Q,diet,predation,accumulation,migration. Solve EE for SM; detritus accumulation absorbs routed inflow at fixed predation. No new consumption is assumed.",SM,0.06
28_28_Central_Atlantic_(1950),routing_scenario,22,Sm. Bathyd. slp,catch,0.000188149,0.00017686006,"Freeze completed living P,Q,diet,predation,accumulation,migration. Solve EE for SM; detritus accumulation absorbs routed inflow at fixed predation. No new consumption is assumed.",SM,0.06
28_28_Central_Atlantic_(1950),routing_scenario,16,Sm. Epi. fish,catch,3.90985e-05,3.675259e-05,"Freeze completed living P,Q,diet,predation,accumulation,migration. Solve EE for SM; detritus accumulation absorbs routed inflow at fixed predation. No new consumption is assumed.",SM,0.06
28_28_Central_Atlantic_(1950),routing_scenario,15,Md. Epi. fish,catch,0.000124629,0.00011715125999999998,"Freeze completed living P,Q,diet,predation,accumulation,migration. Solve EE for SM; detritus accumulation absorbs routed inflow at fixed predation. No new consumption is assumed.",SM,0.06
28_28_Central_Atlantic_(1950),routing_scenario,14,Lg. Epi. fish,catch,0.000289178,0.00027182732,"Freeze completed living P,Q,diet,predation,accumulation,migration. Solve EE for SM; detritus accumulation absorbs routed inflow at fixed predation. No new consumption is assumed.",SM,0.06
28_28_Central_Atlantic_(1950),routing_scenario,7,Bluefin,catch,8.97249e-07,8.4341406e-07,"Freeze completed living P,Q,diet,predation,accumulation,migration. Solve EE for SM; detritus accumulation absorbs routed inflow at fixed predation. No new consumption is assumed.",SM,0.06
28_28_Central_Atlantic_(1950),routing_scenario,5,Pelagic sharks,catch,4.5586e-05,4.2850839999999996e-05,"Freeze completed living P,Q,diet,predation,accumulation,migration. Solve EE for SM; detritus accumulation absorbs routed inflow at fixed predation. No new consumption is assumed.",SM,0.06
28_28_Central_Atlantic_(1950),routing_scenario,38,Detritus,growth,59.638517995131224,59.638563084929956,"Freeze completed living P,Q,diet,predation,accumulation,migration. Solve EE for SM; detritus accumulation absorbs routed inflow at fixed predation. No new consumption is assumed.",SM,0.06
28_28_Central_Atlantic_(1950),routing_scenario,23,Lg. Bathyd. slp,catch,6.39589e-05,6.012136599999999e-05,"Freeze completed living P,Q,diet,predation,accumulation,migration. Solve EE for SM; detritus accumulation absorbs routed inflow at fixed predation. No new consumption is assumed.",SE,0.06
28_28_Central_Atlantic_(1950),routing_scenario,22,Sm. Bathyd. slp,catch,0.000188149,0.00017686006,"Freeze completed living P,Q,diet,predation,accumulation,migration. Solve EE for SM; detritus accumulation absorbs routed inflow at fixed predation. No new consumption is assumed.",SE,0.06
28_28_Central_Atlantic_(1950),routing_scenario,16,Sm. Epi. fish,catch,3.90985e-05,3.675259e-05,"Freeze completed living P,Q,diet,predation,accumulation,migration. Solve EE for SM; detritus accumulation absorbs routed inflow at fixed predation. No new consumption is assumed.",SE,0.06
28_28_Central_Atlantic_(1950),routing_scenario,15,Md. Epi. fish,catch,0.000124629,0.00011715125999999998,"Freeze completed living P,Q,diet,predation,accumulation,migration. Solve EE for SM; detritus accumulation absorbs routed inflow at fixed predation. No new consumption is assumed.",SE,0.06
28_28_Central_Atlantic_(1950),routing_scenario,14,Lg. Epi. fish,catch,0.000289178,0.00027182732,"Freeze completed living P,Q,diet,predation,accumulation,migration. Solve EE for SM; detritus accumulation absorbs routed inflow at fixed predation. No new consumption is assumed.",SE,0.06
28_28_Central_Atlantic_(1950),routing_scenario,7,Bluefin,catch,8.97249e-07,8.4341406e-07,"Freeze completed living P,Q,diet,predation,accumulation,migration. Solve EE for SM; detritus accumulation absorbs routed inflow at fixed predation. No new consumption is assumed.",SE,0.06
28_28_Central_Atlantic_(1950),routing_scenario,5,Pelagic sharks,catch,4.5586e-05,4.2850839999999996e-05,"Freeze completed living P,Q,diet,predation,accumulation,migration. Solve EE for SM; detritus accumulation absorbs routed inflow at fixed predation. No new consumption is assumed.",SE,0.06
28_28_Central_Atlantic_(1950),routing_scenario,23,Lg. Bathyd. slp,external_loss,0.0,3.837534e-06,"Freeze completed living P,Q,diet,predation,accumulation,migration. Solve EE for SM; detritus accumulation absorbs routed inflow at fixed predation. No new consumption is assumed.",SE,0.06
28_28_Central_Atlantic_(1950),routing_scenario,22,Sm. Bathyd. slp,external_loss,0.0,1.1288939999999999e-05,"Freeze completed living P,Q,diet,predation,accumulation,migration. Solve EE for SM; detritus accumulation absorbs routed inflow at fixed predation. No new consumption is assumed.",SE,0.06
28_28_Central_Atlantic_(1950),routing_scenario,16,Sm. Epi. fish,external_loss,0.0,2.3459099999999997e-06,"Freeze completed living P,Q,diet,predation,accumulation,migration. Solve EE for SM; detritus accumulation absorbs routed inflow at fixed predation. No new consumption is assumed.",SE,0.06
28_28_Central_Atlantic_(1950),routing_scenario,15,Md. Epi. fish,external_loss,0.0,7.477739999999999e-06,"Freeze completed living P,Q,diet,predation,accumulation,migration. Solve EE for SM; detritus accumulation absorbs routed inflow at fixed predation. No new consumption is assumed.",SE,0.06
28_28_Central_Atlantic_(1950),routing_scenario,14,Lg. Epi. fish,external_loss,0.0,1.7350680000000002e-05,"Freeze completed living P,Q,diet,predation,accumulation,migration. Solve EE for SM; detritus accumulation absorbs routed inflow at fixed predation. No new consumption is assumed.",SE,0.06
28_28_Central_Atlantic_(1950),routing_scenario,7,Bluefin,external_loss,0.0,5.383494e-08,"Freeze completed living P,Q,diet,predation,accumulation,migration. Solve EE for SM; detritus accumulation absorbs routed inflow at fixed predation. No new consumption is assumed.",SE,0.06
28_28_Central_Atlantic_(1950),routing_scenario,5,Pelagic sharks,external_loss,0.0,2.73516e-06,"Freeze completed living P,Q,diet,predation,accumulation,migration. Solve EE for SM; detritus accumulation absorbs routed inflow at fixed predation. No new consumption is assumed.",SE,0.06
28_28_Central_Atlantic_(1950),routing_scenario,38,Detritus,p,2777.8730180352595,2777.873070640025,"Freeze completed living P,Q,diet,predation,accumulation,migration. Solve EE for SM; detritus accumulation absorbs routed inflow at fixed predation. No new consumption is assumed.",SM,0.07
28_28_Central_Atlantic_(1950),routing_scenario,38,Detritus,q,2777.8730180352595,2777.873070640025,"Freeze completed living P,Q,diet,predation,accumulation,migration. Solve EE for SM; detritus accumulation absorbs routed inflow at fixed predation. No new consumption is assumed.",SM,0.07
28_28_Central_Atlantic_(1950),routing_scenario,23,Lg. Bathyd. slp,M0,0.00102711515654528,0.0010315922795452802,"Freeze completed living P,Q,diet,predation,accumulation,migration. Solve EE for SM; detritus accumulation absorbs routed inflow at fixed predation. No new consumption is assumed.",SM,0.07
28_28_Central_Atlantic_(1950),routing_scenario,22,Sm. Bathyd. slp,M0,0.0012050065457042862,0.0012181769757042863,"Freeze completed living P,Q,diet,predation,accumulation,migration. Solve EE for SM; detritus accumulation absorbs routed inflow at fixed predation. No new consumption is assumed.",SM,0.07
28_28_Central_Atlantic_(1950),routing_scenario,16,Sm. Epi. fish,M0,0.24182934353205143,0.24183208042705143,"Freeze completed living P,Q,diet,predation,accumulation,migration. Solve EE for SM; detritus accumulation absorbs routed inflow at fixed predation. No new consumption is assumed.",SM,0.07
28_28_Central_Atlantic_(1950),routing_scenario,15,Md. Epi. fish,M0,0.010595990159999997,0.010604714189999998,"Freeze completed living P,Q,diet,predation,accumulation,migration. Solve EE for SM; detritus accumulation absorbs routed inflow at fixed predation. No new consumption is assumed.",SM,0.07
28_28_Central_Atlantic_(1950),routing_scenario,14,Lg. Epi. fish,M0,0.0018705422042999994,0.0018907846642999995,"Freeze completed living P,Q,diet,predation,accumulation,migration. Solve EE for SM; detritus accumulation absorbs routed inflow at fixed predation. No new consumption is assumed.",SM,0.07
28_28_Central_Atlantic_(1950),routing_scenario,7,Bluefin,M0,6.160445043768214e-07,6.788519343768214e-07,"Freeze completed living P,Q,diet,predation,accumulation,migration. Solve EE for SM; detritus accumulation absorbs routed inflow at fixed predation. No new consumption is assumed.",SM,0.07
28_28_Central_Atlantic_(1950),routing_scenario,5,Pelagic sharks,M0,0.0018723044925,0.0018754955125,"Freeze completed living P,Q,diet,predation,accumulation,migration. Solve EE for SM; detritus accumulation absorbs routed inflow at fixed predation. No new consumption is assumed.",SM,0.07
28_28_Central_Atlantic_(1950),routing_scenario,23,Lg. Bathyd. slp,EE,0.6591768,0.6576911755518261,"Freeze completed living P,Q,diet,predation,accumulation,migration. Solve EE for SM; detritus accumulation absorbs routed inflow at fixed predation. No new consumption is assumed.",SM,0.07
28_28_Central_Atlantic_(1950),routing_scenario,22,Sm. Bathyd. slp,EE,0.7868606,0.7845310379258775,"Freeze completed living P,Q,diet,predation,accumulation,migration. Solve EE for SM; detritus accumulation absorbs routed inflow at fixed predation. No new consumption is assumed.",SM,0.07
28_28_Central_Atlantic_(1950),routing_scenario,16,Sm. Epi. fish,EE,0.9,0.8999988682535544,"Freeze completed living P,Q,diet,predation,accumulation,migration. Solve EE for SM; detritus accumulation absorbs routed inflow at fixed predation. No new consumption is assumed.",SM,0.07
28_28_Central_Atlantic_(1950),routing_scenario,15,Md. Epi. fish,EE,0.9,0.899917666684583,"Freeze completed living P,Q,diet,predation,accumulation,migration. Solve EE for SM; detritus accumulation absorbs routed inflow at fixed predation. No new consumption is assumed.",SM,0.07
28_28_Central_Atlantic_(1950),routing_scenario,14,Lg. Epi. fish,EE,0.81,0.807943875636081,"Freeze completed living P,Q,diet,predation,accumulation,migration. Solve EE for SM; detritus accumulation absorbs routed inflow at fixed predation. No new consumption is assumed.",SM,0.07
28_28_Central_Atlantic_(1950),routing_scenario,7,Bluefin,EE,0.713919759,0.6847530923333334,"Freeze completed living P,Q,diet,predation,accumulation,migration. Solve EE for SM; detritus accumulation absorbs routed inflow at fixed predation. No new consumption is assumed.",SM,0.07
28_28_Central_Atlantic_(1950),routing_scenario,5,Pelagic sharks,EE,0.25,0.24872175438899669,"Freeze completed living P,Q,diet,predation,accumulation,migration. Solve EE for SM; detritus accumulation absorbs routed inflow at fixed predation. No new consumption is assumed.",SM,0.07
28_28_Central_Atlantic_(1950),routing_scenario,23,Lg. Bathyd. slp,catch,6.39589e-05,5.9481776999999994e-05,"Freeze completed living P,Q,diet,predation,accumulation,migration. Solve EE for SM; detritus accumulation absorbs routed inflow at fixed predation. No new consumption is assumed.",SM,0.07
28_28_Central_Atlantic_(1950),routing_scenario,22,Sm. Bathyd. slp,catch,0.000188149,0.00017497857,"Freeze completed living P,Q,diet,predation,accumulation,migration. Solve EE for SM; detritus accumulation absorbs routed inflow at fixed predation. No new consumption is assumed.",SM,0.07
28_28_Central_Atlantic_(1950),routing_scenario,16,Sm. Epi. fish,catch,3.90985e-05,3.6361604999999995e-05,"Freeze completed living P,Q,diet,predation,accumulation,migration. Solve EE for SM; detritus accumulation absorbs routed inflow at fixed predation. No new consumption is assumed.",SM,0.07
28_28_Central_Atlantic_(1950),routing_scenario,15,Md. Epi. fish,catch,0.000124629,0.00011590496999999998,"Freeze completed living P,Q,diet,predation,accumulation,migration. Solve EE for SM; detritus accumulation absorbs routed inflow at fixed predation. No new consumption is assumed.",SM,0.07
28_28_Central_Atlantic_(1950),routing_scenario,14,Lg. Epi. fish,catch,0.000289178,0.00026893554,"Freeze completed living P,Q,diet,predation,accumulation,migration. Solve EE for SM; detritus accumulation absorbs routed inflow at fixed predation. No new consumption is assumed.",SM,0.07
28_28_Central_Atlantic_(1950),routing_scenario,7,Bluefin,catch,8.97249e-07,8.3444157e-07,"Freeze completed living P,Q,diet,predation,accumulation,migration. Solve EE for SM; detritus accumulation absorbs routed inflow at fixed predation. No new consumption is assumed.",SM,0.07
28_28_Central_Atlantic_(1950),routing_scenario,5,Pelagic sharks,catch,4.5586e-05,4.2394979999999995e-05,"Freeze completed living P,Q,diet,predation,accumulation,migration. Solve EE for SM; detritus accumulation absorbs routed inflow at fixed predation. No new consumption is assumed.",SM,0.07
28_28_Central_Atlantic_(1950),routing_scenario,38,Detritus,growth,59.638517995131224,59.638570599896866,"Freeze completed living P,Q,diet,predation,accumulation,migration. Solve EE for SM; detritus accumulation absorbs routed inflow at fixed predation. No new consumption is assumed.",SM,0.07
28_28_Central_Atlantic_(1950),routing_scenario,23,Lg. Bathyd. slp,catch,6.39589e-05,5.9481776999999994e-05,"Freeze completed living P,Q,diet,predation,accumulation,migration. Solve EE for SM; detritus accumulation absorbs routed inflow at fixed predation. No new consumption is assumed.",SE,0.07
28_28_Central_Atlantic_(1950),routing_scenario,22,Sm. Bathyd. slp,catch,0.000188149,0.00017497857,"Freeze completed living P,Q,diet,predation,accumulation,migration. Solve EE for SM; detritus accumulation absorbs routed inflow at fixed predation. No new consumption is assumed.",SE,0.07
28_28_Central_Atlantic_(1950),routing_scenario,16,Sm. Epi. fish,catch,3.90985e-05,3.6361604999999995e-05,"Freeze completed living P,Q,diet,predation,accumulation,migration. Solve EE for SM; detritus accumulation absorbs routed inflow at fixed predation. No new consumption is assumed.",SE,0.07
28_28_Central_Atlantic_(1950),routing_scenario,15,Md. Epi. fish,catch,0.000124629,0.00011590496999999998,"Freeze completed living P,Q,diet,predation,accumulation,migration. Solve EE for SM; detritus accumulation absorbs routed inflow at fixed predation. No new consumption is assumed.",SE,0.07
28_28_Central_Atlantic_(1950),routing_scenario,14,Lg. Epi. fish,catch,0.000289178,0.00026893554,"Freeze completed living P,Q,diet,predation,accumulation,migration. Solve EE for SM; detritus accumulation absorbs routed inflow at fixed predation. No new consumption is assumed.",SE,0.07
28_28_Central_Atlantic_(1950),routing_scenario,7,Bluefin,catch,8.97249e-07,8.3444157e-07,"Freeze completed living P,Q,diet,predation,accumulation,migration. Solve EE for SM; detritus accumulation absorbs routed inflow at fixed predation. No new consumption is assumed.",SE,0.07
28_28_Central_Atlantic_(1950),routing_scenario,5,Pelagic sharks,catch,4.5586e-05,4.2394979999999995e-05,"Freeze completed living P,Q,diet,predation,accumulation,migration. Solve EE for SM; detritus accumulation absorbs routed inflow at fixed predation. No new consumption is assumed.",SE,0.07
28_28_Central_Atlantic_(1950),routing_scenario,23,Lg. Bathyd. slp,external_loss,0.0,4.477123e-06,"Freeze completed living P,Q,diet,predation,accumulation,migration. Solve EE for SM; detritus accumulation absorbs routed inflow at fixed predation. No new consumption is assumed.",SE,0.07
28_28_Central_Atlantic_(1950),routing_scenario,22,Sm. Bathyd. slp,external_loss,0.0,1.3170430000000002e-05,"Freeze completed living P,Q,diet,predation,accumulation,migration. Solve EE for SM; detritus accumulation absorbs routed inflow at fixed predation. No new consumption is assumed.",SE,0.07
28_28_Central_Atlantic_(1950),routing_scenario,16,Sm. Epi. fish,external_loss,0.0,2.736895e-06,"Freeze completed living P,Q,diet,predation,accumulation,migration. Solve EE for SM; detritus accumulation absorbs routed inflow at fixed predation. No new consumption is assumed.",SE,0.07
28_28_Central_Atlantic_(1950),routing_scenario,15,Md. Epi. fish,external_loss,0.0,8.72403e-06,"Freeze completed living P,Q,diet,predation,accumulation,migration. Solve EE for SM; detritus accumulation absorbs routed inflow at fixed predation. No new consumption is assumed.",SE,0.07
28_28_Central_Atlantic_(1950),routing_scenario,14,Lg. Epi. fish,external_loss,0.0,2.0242460000000002e-05,"Freeze completed living P,Q,diet,predation,accumulation,migration. Solve EE for SM; detritus accumulation absorbs routed inflow at fixed predation. No new consumption is assumed.",SE,0.07
28_28_Central_Atlantic_(1950),routing_scenario,7,Bluefin,external_loss,0.0,6.280743000000001e-08,"Freeze completed living P,Q,diet,predation,accumulation,migration. Solve EE for SM; detritus accumulation absorbs routed inflow at fixed predation. No new consumption is assumed.",SE,0.07
28_28_Central_Atlantic_(1950),routing_scenario,5,Pelagic sharks,external_loss,0.0,3.19102e-06,"Freeze completed living P,Q,diet,predation,accumulation,migration. Solve EE for SM; detritus accumulation absorbs routed inflow at fixed predation. No new consumption is assumed.",SE,0.07
28_28_Central_Atlantic_(1950),routing_scenario,38,Detritus,p,2777.8730180352595,2777.873078154991,"Freeze completed living P,Q,diet,predation,accumulation,migration. Solve EE for SM; detritus accumulation absorbs routed inflow at fixed predation. No new consumption is assumed.",SM,0.08
28_28_Central_Atlantic_(1950),routing_scenario,38,Detritus,q,2777.8730180352595,2777.873078154991,"Freeze completed living P,Q,diet,predation,accumulation,migration. Solve EE for SM; detritus accumulation absorbs routed inflow at fixed predation. No new consumption is assumed.",SM,0.08
28_28_Central_Atlantic_(1950),routing_scenario,23,Lg. Bathyd. slp,M0,0.00102711515654528,0.0010322318685452802,"Freeze completed living P,Q,diet,predation,accumulation,migration. Solve EE for SM; detritus accumulation absorbs routed inflow at fixed predation. No new consumption is assumed.",SM,0.08
28_28_Central_Atlantic_(1950),routing_scenario,22,Sm. Bathyd. slp,M0,0.0012050065457042862,0.0012200584657042863,"Freeze completed living P,Q,diet,predation,accumulation,migration. Solve EE for SM; detritus accumulation absorbs routed inflow at fixed predation. No new consumption is assumed.",SM,0.08
28_28_Central_Atlantic_(1950),routing_scenario,16,Sm. Epi. fish,M0,0.24182934353205143,0.24183247141205144,"Freeze completed living P,Q,diet,predation,accumulation,migration. Solve EE for SM; detritus accumulation absorbs routed inflow at fixed predation. No new consumption is assumed.",SM,0.08
28_28_Central_Atlantic_(1950),routing_scenario,15,Md. Epi. fish,M0,0.010595990159999997,0.010605960479999997,"Freeze completed living P,Q,diet,predation,accumulation,migration. Solve EE for SM; detritus accumulation absorbs routed inflow at fixed predation. No new consumption is assumed.",SM,0.08
28_28_Central_Atlantic_(1950),routing_scenario,14,Lg. Epi. fish,M0,0.0018705422042999994,0.0018936764442999995,"Freeze completed living P,Q,diet,predation,accumulation,migration. Solve EE for SM; detritus accumulation absorbs routed inflow at fixed predation. No new consumption is assumed.",SM,0.08
28_28_Central_Atlantic_(1950),routing_scenario,7,Bluefin,M0,6.160445043768214e-07,6.878244243768214e-07,"Freeze completed living P,Q,diet,predation,accumulation,migration. Solve EE for SM; detritus accumulation absorbs routed inflow at fixed predation. No new consumption is assumed.",SM,0.08
28_28_Central_Atlantic_(1950),routing_scenario,5,Pelagic sharks,M0,0.0018723044925,0.0018759513724999999,"Freeze completed living P,Q,diet,predation,accumulation,migration. Solve EE for SM; detritus accumulation absorbs routed inflow at fixed predation. No new consumption is assumed.",SM,0.08
28_28_Central_Atlantic_(1950),routing_scenario,23,Lg. Bathyd. slp,EE,0.6591768,0.6574789434878012,"Freeze completed living P,Q,diet,predation,accumulation,migration. Solve EE for SM; detritus accumulation absorbs routed inflow at fixed predation. No new consumption is assumed.",SM,0.08
28_28_Central_Atlantic_(1950),routing_scenario,22,Sm. Bathyd. slp,EE,0.7868606,0.78419824334386,"Freeze completed living P,Q,diet,predation,accumulation,migration. Solve EE for SM; detritus accumulation absorbs routed inflow at fixed predation. No new consumption is assumed.",SM,0.08
28_28_Central_Atlantic_(1950),routing_scenario,16,Sm. Epi. fish,EE,0.9,0.8999987065754906,"Freeze completed living P,Q,diet,predation,accumulation,migration. Solve EE for SM; detritus accumulation absorbs routed inflow at fixed predation. No new consumption is assumed.",SM,0.08
28_28_Central_Atlantic_(1950),routing_scenario,15,Md. Epi. fish,EE,0.9,0.8999059047823804,"Freeze completed living P,Q,diet,predation,accumulation,migration. Solve EE for SM; detritus accumulation absorbs routed inflow at fixed predation. No new consumption is assumed.",SM,0.08
28_28_Central_Atlantic_(1950),routing_scenario,14,Lg. Epi. fish,EE,0.81,0.8076501435840926,"Freeze completed living P,Q,diet,predation,accumulation,migration. Solve EE for SM; detritus accumulation absorbs routed inflow at fixed predation. No new consumption is assumed.",SM,0.08
28_28_Central_Atlantic_(1950),routing_scenario,7,Bluefin,EE,0.713919759,0.6805864256666667,"Freeze completed living P,Q,diet,predation,accumulation,migration. Solve EE for SM; detritus accumulation absorbs routed inflow at fixed predation. No new consumption is assumed.",SM,0.08
28_28_Central_Atlantic_(1950),routing_scenario,5,Pelagic sharks,EE,0.25,0.24853914787313913,"Freeze completed living P,Q,diet,predation,accumulation,migration. Solve EE for SM; detritus accumulation absorbs routed inflow at fixed predation. No new consumption is assumed.",SM,0.08
28_28_Central_Atlantic_(1950),routing_scenario,23,Lg. Bathyd. slp,catch,6.39589e-05,5.8842188e-05,"Freeze completed living P,Q,diet,predation,accumulation,migration. Solve EE for SM; detritus accumulation absorbs routed inflow at fixed predation. No new consumption is assumed.",SM,0.08
28_28_Central_Atlantic_(1950),routing_scenario,22,Sm. Bathyd. slp,catch,0.000188149,0.00017309708000000002,"Freeze completed living P,Q,diet,predation,accumulation,migration. Solve EE for SM; detritus accumulation absorbs routed inflow at fixed predation. No new consumption is assumed.",SM,0.08
28_28_Central_Atlantic_(1950),routing_scenario,16,Sm. Epi. fish,catch,3.90985e-05,3.597062e-05,"Freeze completed living P,Q,diet,predation,accumulation,migration. Solve EE for SM; detritus accumulation absorbs routed inflow at fixed predation. No new consumption is assumed.",SM,0.08
28_28_Central_Atlantic_(1950),routing_scenario,15,Md. Epi. fish,catch,0.000124629,0.00011465867999999999,"Freeze completed living P,Q,diet,predation,accumulation,migration. Solve EE for SM; detritus accumulation absorbs routed inflow at fixed predation. No new consumption is assumed.",SM,0.08
28_28_Central_Atlantic_(1950),routing_scenario,14,Lg. Epi. fish,catch,0.000289178,0.00026604376000000004,"Freeze completed living P,Q,diet,predation,accumulation,migration. Solve EE for SM; detritus accumulation absorbs routed inflow at fixed predation. No new consumption is assumed.",SM,0.08
28_28_Central_Atlantic_(1950),routing_scenario,7,Bluefin,catch,8.97249e-07,8.2546908e-07,"Freeze completed living P,Q,diet,predation,accumulation,migration. Solve EE for SM; detritus accumulation absorbs routed inflow at fixed predation. No new consumption is assumed.",SM,0.08
28_28_Central_Atlantic_(1950),routing_scenario,5,Pelagic sharks,catch,4.5586e-05,4.193912e-05,"Freeze completed living P,Q,diet,predation,accumulation,migration. Solve EE for SM; detritus accumulation absorbs routed inflow at fixed predation. No new consumption is assumed.",SM,0.08
28_28_Central_Atlantic_(1950),routing_scenario,38,Detritus,growth,59.638517995131224,59.63857811486287,"Freeze completed living P,Q,diet,predation,accumulation,migration. Solve EE for SM; detritus accumulation absorbs routed inflow at fixed predation. No new consumption is assumed.",SM,0.08
28_28_Central_Atlantic_(1950),routing_scenario,23,Lg. Bathyd. slp,catch,6.39589e-05,5.8842188e-05,"Freeze completed living P,Q,diet,predation,accumulation,migration. Solve EE for SM; detritus accumulation absorbs routed inflow at fixed predation. No new consumption is assumed.",SE,0.08
28_28_Central_Atlantic_(1950),routing_scenario,22,Sm. Bathyd. slp,catch,0.000188149,0.00017309708000000002,"Freeze completed living P,Q,diet,predation,accumulation,migration. Solve EE for SM; detritus accumulation absorbs routed inflow at fixed predation. No new consumption is assumed.",SE,0.08
28_28_Central_Atlantic_(1950),routing_scenario,16,Sm. Epi. fish,catch,3.90985e-05,3.597062e-05,"Freeze completed living P,Q,diet,predation,accumulation,migration. Solve EE for SM; detritus accumulation absorbs routed inflow at fixed predation. No new consumption is assumed.",SE,0.08
28_28_Central_Atlantic_(1950),routing_scenario,15,Md. Epi. fish,catch,0.000124629,0.00011465867999999999,"Freeze completed living P,Q,diet,predation,accumulation,migration. Solve EE for SM; detritus accumulation absorbs routed inflow at fixed predation. No new consumption is assumed.",SE,0.08
28_28_Central_Atlantic_(1950),routing_scenario,14,Lg. Epi. fish,catch,0.000289178,0.00026604376000000004,"Freeze completed living P,Q,diet,predation,accumulation,migration. Solve EE for SM; detritus accumulation absorbs routed inflow at fixed predation. No new consumption is assumed.",SE,0.08
28_28_Central_Atlantic_(1950),routing_scenario,7,Bluefin,catch,8.97249e-07,8.2546908e-07,"Freeze completed living P,Q,diet,predation,accumulation,migration. Solve EE for SM; detritus accumulation absorbs routed inflow at fixed predation. No new consumption is assumed.",SE,0.08
28_28_Central_Atlantic_(1950),routing_scenario,5,Pelagic sharks,catch,4.5586e-05,4.193912e-05,"Freeze completed living P,Q,diet,predation,accumulation,migration. Solve EE for SM; detritus accumulation absorbs routed inflow at fixed predation. No new consumption is assumed.",SE,0.08
28_28_Central_Atlantic_(1950),routing_scenario,23,Lg. Bathyd. slp,external_loss,0.0,5.116712e-06,"Freeze completed living P,Q,diet,predation,accumulation,migration. Solve EE for SM; detritus accumulation absorbs routed inflow at fixed predation. No new consumption is assumed.",SE,0.08
28_28_Central_Atlantic_(1950),routing_scenario,22,Sm. Bathyd. slp,external_loss,0.0,1.505192e-05,"Freeze completed living P,Q,diet,predation,accumulation,migration. Solve EE for SM; detritus accumulation absorbs routed inflow at fixed predation. No new consumption is assumed.",SE,0.08
28_28_Central_Atlantic_(1950),routing_scenario,16,Sm. Epi. fish,external_loss,0.0,3.12788e-06,"Freeze completed living P,Q,diet,predation,accumulation,migration. Solve EE for SM; detritus accumulation absorbs routed inflow at fixed predation. No new consumption is assumed.",SE,0.08
28_28_Central_Atlantic_(1950),routing_scenario,15,Md. Epi. fish,external_loss,0.0,9.97032e-06,"Freeze completed living P,Q,diet,predation,accumulation,migration. Solve EE for SM; detritus accumulation absorbs routed inflow at fixed predation. No new consumption is assumed.",SE,0.08
28_28_Central_Atlantic_(1950),routing_scenario,14,Lg. Epi. fish,external_loss,0.0,2.3134240000000002e-05,"Freeze completed living P,Q,diet,predation,accumulation,migration. Solve EE for SM; detritus accumulation absorbs routed inflow at fixed predation. No new consumption is assumed.",SE,0.08
28_28_Central_Atlantic_(1950),routing_scenario,7,Bluefin,external_loss,0.0,7.177992e-08,"Freeze completed living P,Q,diet,predation,accumulation,migration. Solve EE for SM; detritus accumulation absorbs routed inflow at fixed predation. No new consumption is assumed.",SE,0.08
28_28_Central_Atlantic_(1950),routing_scenario,5,Pelagic sharks,external_loss,0.0,3.64688e-06,"Freeze completed living P,Q,diet,predation,accumulation,migration. Solve EE for SM; detritus accumulation absorbs routed inflow at fixed predation. No new consumption is assumed.",SE,0.08
28_28_Central_Atlantic_(1950),routing_scenario,38,Detritus,p,2777.8730180352595,2777.873085669958,"Freeze completed living P,Q,diet,predation,accumulation,migration. Solve EE for SM; detritus accumulation absorbs routed inflow at fixed predation. No new consumption is assumed.",SM,0.09
28_28_Central_Atlantic_(1950),routing_scenario,38,Detritus,q,2777.8730180352595,2777.873085669958,"Freeze completed living P,Q,diet,predation,accumulation,migration. Solve EE for SM; detritus accumulation absorbs routed inflow at fixed predation. No new consumption is assumed.",SM,0.09
28_28_Central_Atlantic_(1950),routing_scenario,23,Lg. Bathyd. slp,M0,0.00102711515654528,0.0010328714575452802,"Freeze completed living P,Q,diet,predation,accumulation,migration. Solve EE for SM; detritus accumulation absorbs routed inflow at fixed predation. No new consumption is assumed.",SM,0.09
28_28_Central_Atlantic_(1950),routing_scenario,22,Sm. Bathyd. slp,M0,0.0012050065457042862,0.0012219399557042863,"Freeze completed living P,Q,diet,predation,accumulation,migration. Solve EE for SM; detritus accumulation absorbs routed inflow at fixed predation. No new consumption is assumed.",SM,0.09
28_28_Central_Atlantic_(1950),routing_scenario,16,Sm. Epi. fish,M0,0.24182934353205143,0.24183286239705143,"Freeze completed living P,Q,diet,predation,accumulation,migration. Solve EE for SM; detritus accumulation absorbs routed inflow at fixed predation. No new consumption is assumed.",SM,0.09
28_28_Central_Atlantic_(1950),routing_scenario,15,Md. Epi. fish,M0,0.010595990159999997,0.010607206769999997,"Freeze completed living P,Q,diet,predation,accumulation,migration. Solve EE for SM; detritus accumulation absorbs routed inflow at fixed predation. No new consumption is assumed.",SM,0.09
28_28_Central_Atlantic_(1950),routing_scenario,14,Lg. Epi. fish,M0,0.0018705422042999994,0.0018965682242999995,"Freeze completed living P,Q,diet,predation,accumulation,migration. Solve EE for SM; detritus accumulation absorbs routed inflow at fixed predation. No new consumption is assumed.",SM,0.09
28_28_Central_Atlantic_(1950),routing_scenario,7,Bluefin,M0,6.160445043768214e-07,6.967969143768214e-07,"Freeze completed living P,Q,diet,predation,accumulation,migration. Solve EE for SM; detritus accumulation absorbs routed inflow at fixed predation. No new consumption is assumed.",SM,0.09
28_28_Central_Atlantic_(1950),routing_scenario,5,Pelagic sharks,M0,0.0018723044925,0.0018764072325,"Freeze completed living P,Q,diet,predation,accumulation,migration. Solve EE for SM; detritus accumulation absorbs routed inflow at fixed predation. No new consumption is assumed.",SM,0.09
28_28_Central_Atlantic_(1950),routing_scenario,23,Lg. Bathyd. slp,EE,0.6591768,0.6572667114237765,"Freeze completed living P,Q,diet,predation,accumulation,migration. Solve EE for SM; detritus accumulation absorbs routed inflow at fixed predation. No new consumption is assumed.",SM,0.09
28_28_Central_Atlantic_(1950),routing_scenario,22,Sm. Bathyd. slp,EE,0.7868606,0.7838654487618426,"Freeze completed living P,Q,diet,predation,accumulation,migration. Solve EE for SM; detritus accumulation absorbs routed inflow at fixed predation. No new consumption is assumed.",SM,0.09
28_28_Central_Atlantic_(1950),routing_scenario,16,Sm. Epi. fish,EE,0.9,0.899998544897427,"Freeze completed living P,Q,diet,predation,accumulation,migration. Solve EE for SM; detritus accumulation absorbs routed inflow at fixed predation. No new consumption is assumed.",SM,0.09
28_28_Central_Atlantic_(1950),routing_scenario,15,Md. Epi. fish,EE,0.9,0.899894142880178,"Freeze completed living P,Q,diet,predation,accumulation,migration. Solve EE for SM; detritus accumulation absorbs routed inflow at fixed predation. No new consumption is assumed.",SM,0.09
28_28_Central_Atlantic_(1950),routing_scenario,14,Lg. Epi. fish,EE,0.81,0.8073564115321041,"Freeze completed living P,Q,diet,predation,accumulation,migration. Solve EE for SM; detritus accumulation absorbs routed inflow at fixed predation. No new consumption is assumed.",SM,0.09
28_28_Central_Atlantic_(1950),routing_scenario,7,Bluefin,EE,0.713919759,0.6764197590000001,"Freeze completed living P,Q,diet,predation,accumulation,migration. Solve EE for SM; detritus accumulation absorbs routed inflow at fixed predation. No new consumption is assumed.",SM,0.09
28_28_Central_Atlantic_(1950),routing_scenario,5,Pelagic sharks,EE,0.25,0.24835654135728147,"Freeze completed living P,Q,diet,predation,accumulation,migration. Solve EE for SM; detritus accumulation absorbs routed inflow at fixed predation. No new consumption is assumed.",SM,0.09
28_28_Central_Atlantic_(1950),routing_scenario,23,Lg. Bathyd. slp,catch,6.39589e-05,5.8202598999999995e-05,"Freeze completed living P,Q,diet,predation,accumulation,migration. Solve EE for SM; detritus accumulation absorbs routed inflow at fixed predation. No new consumption is assumed.",SM,0.09
28_28_Central_Atlantic_(1950),routing_scenario,22,Sm. Bathyd. slp,catch,0.000188149,0.00017121559,"Freeze completed living P,Q,diet,predation,accumulation,migration. Solve EE for SM; detritus accumulation absorbs routed inflow at fixed predation. No new consumption is assumed.",SM,0.09
28_28_Central_Atlantic_(1950),routing_scenario,16,Sm. Epi. fish,catch,3.90985e-05,3.5579635e-05,"Freeze completed living P,Q,diet,predation,accumulation,migration. Solve EE for SM; detritus accumulation absorbs routed inflow at fixed predation. No new consumption is assumed.",SM,0.09
28_28_Central_Atlantic_(1950),routing_scenario,15,Md. Epi. fish,catch,0.000124629,0.00011341238999999999,"Freeze completed living P,Q,diet,predation,accumulation,migration. Solve EE for SM; detritus accumulation absorbs routed inflow at fixed predation. No new consumption is assumed.",SM,0.09
28_28_Central_Atlantic_(1950),routing_scenario,14,Lg. Epi. fish,catch,0.000289178,0.00026315198000000003,"Freeze completed living P,Q,diet,predation,accumulation,migration. Solve EE for SM; detritus accumulation absorbs routed inflow at fixed predation. No new consumption is assumed.",SM,0.09
28_28_Central_Atlantic_(1950),routing_scenario,7,Bluefin,catch,8.97249e-07,8.164965900000001e-07,"Freeze completed living P,Q,diet,predation,accumulation,migration. Solve EE for SM; detritus accumulation absorbs routed inflow at fixed predation. No new consumption is assumed.",SM,0.09
28_28_Central_Atlantic_(1950),routing_scenario,5,Pelagic sharks,catch,4.5586e-05,4.148326e-05,"Freeze completed living P,Q,diet,predation,accumulation,migration. Solve EE for SM; detritus accumulation absorbs routed inflow at fixed predation. No new consumption is assumed.",SM,0.09
28_28_Central_Atlantic_(1950),routing_scenario,38,Detritus,growth,59.638517995131224,59.63858562982978,"Freeze completed living P,Q,diet,predation,accumulation,migration. Solve EE for SM; detritus accumulation absorbs routed inflow at fixed predation. No new consumption is assumed.",SM,0.09
28_28_Central_Atlantic_(1950),routing_scenario,23,Lg. Bathyd. slp,catch,6.39589e-05,5.8202598999999995e-05,"Freeze completed living P,Q,diet,predation,accumulation,migration. Solve EE for SM; detritus accumulation absorbs routed inflow at fixed predation. No new consumption is assumed.",SE,0.09
28_28_Central_Atlantic_(1950),routing_scenario,22,Sm. Bathyd. slp,catch,0.000188149,0.00017121559,"Freeze completed living P,Q,diet,predation,accumulation,migration. Solve EE for SM; detritus accumulation absorbs routed inflow at fixed predation. No new consumption is assumed.",SE,0.09
28_28_Central_Atlantic_(1950),routing_scenario,16,Sm. Epi. fish,catch,3.90985e-05,3.5579635e-05,"Freeze completed living P,Q,diet,predation,accumulation,migration. Solve EE for SM; detritus accumulation absorbs routed inflow at fixed predation. No new consumption is assumed.",SE,0.09
28_28_Central_Atlantic_(1950),routing_scenario,15,Md. Epi. fish,catch,0.000124629,0.00011341238999999999,"Freeze completed living P,Q,diet,predation,accumulation,migration. Solve EE for SM; detritus accumulation absorbs routed inflow at fixed predation. No new consumption is assumed.",SE,0.09
28_28_Central_Atlantic_(1950),routing_scenario,14,Lg. Epi. fish,catch,0.000289178,0.00026315198000000003,"Freeze completed living P,Q,diet,predation,accumulation,migration. Solve EE for SM; detritus accumulation absorbs routed inflow at fixed predation. No new consumption is assumed.",SE,0.09
28_28_Central_Atlantic_(1950),routing_scenario,7,Bluefin,catch,8.97249e-07,8.164965900000001e-07,"Freeze completed living P,Q,diet,predation,accumulation,migration. Solve EE for SM; detritus accumulation absorbs routed inflow at fixed predation. No new consumption is assumed.",SE,0.09
28_28_Central_Atlantic_(1950),routing_scenario,5,Pelagic sharks,catch,4.5586e-05,4.148326e-05,"Freeze completed living P,Q,diet,predation,accumulation,migration. Solve EE for SM; detritus accumulation absorbs routed inflow at fixed predation. No new consumption is assumed.",SE,0.09
28_28_Central_Atlantic_(1950),routing_scenario,23,Lg. Bathyd. slp,external_loss,0.0,5.756301e-06,"Freeze completed living P,Q,diet,predation,accumulation,migration. Solve EE for SM; detritus accumulation absorbs routed inflow at fixed predation. No new consumption is assumed.",SE,0.09
28_28_Central_Atlantic_(1950),routing_scenario,22,Sm. Bathyd. slp,external_loss,0.0,1.693341e-05,"Freeze completed living P,Q,diet,predation,accumulation,migration. Solve EE for SM; detritus accumulation absorbs routed inflow at fixed predation. No new consumption is assumed.",SE,0.09
28_28_Central_Atlantic_(1950),routing_scenario,16,Sm. Epi. fish,external_loss,0.0,3.5188649999999996e-06,"Freeze completed living P,Q,diet,predation,accumulation,migration. Solve EE for SM; detritus accumulation absorbs routed inflow at fixed predation. No new consumption is assumed.",SE,0.09
28_28_Central_Atlantic_(1950),routing_scenario,15,Md. Epi. fish,external_loss,0.0,1.121661e-05,"Freeze completed living P,Q,diet,predation,accumulation,migration. Solve EE for SM; detritus accumulation absorbs routed inflow at fixed predation. No new consumption is assumed.",SE,0.09
28_28_Central_Atlantic_(1950),routing_scenario,14,Lg. Epi. fish,external_loss,0.0,2.602602e-05,"Freeze completed living P,Q,diet,predation,accumulation,migration. Solve EE for SM; detritus accumulation absorbs routed inflow at fixed predation. No new consumption is assumed.",SE,0.09
28_28_Central_Atlantic_(1950),routing_scenario,7,Bluefin,external_loss,0.0,8.075241e-08,"Freeze completed living P,Q,diet,predation,accumulation,migration. Solve EE for SM; detritus accumulation absorbs routed inflow at fixed predation. No new consumption is assumed.",SE,0.09
28_28_Central_Atlantic_(1950),routing_scenario,5,Pelagic sharks,external_loss,0.0,4.10274e-06,"Freeze completed living P,Q,diet,predation,accumulation,migration. Solve EE for SM; detritus accumulation absorbs routed inflow at fixed predation. No new consumption is assumed.",SE,0.09
28_28_Central_Atlantic_(1950),routing_scenario,38,Detritus,p,2777.8730180352595,2777.873093184924,"Freeze completed living P,Q,diet,predation,accumulation,migration. Solve EE for SM; detritus accumulation absorbs routed inflow at fixed predation. No new consumption is assumed.",SM,0.1
28_28_Central_Atlantic_(1950),routing_scenario,38,Detritus,q,2777.8730180352595,2777.873093184924,"Freeze completed living P,Q,diet,predation,accumulation,migration. Solve EE for SM; detritus accumulation absorbs routed inflow at fixed predation. No new consumption is assumed.",SM,0.1
28_28_Central_Atlantic_(1950),routing_scenario,23,Lg. Bathyd. slp,M0,0.00102711515654528,0.0010335110465452802,"Freeze completed living P,Q,diet,predation,accumulation,migration. Solve EE for SM; detritus accumulation absorbs routed inflow at fixed predation. No new consumption is assumed.",SM,0.1
28_28_Central_Atlantic_(1950),routing_scenario,22,Sm. Bathyd. slp,M0,0.0012050065457042862,0.0012238214457042861,"Freeze completed living P,Q,diet,predation,accumulation,migration. Solve EE for SM; detritus accumulation absorbs routed inflow at fixed predation. No new consumption is assumed.",SM,0.1
28_28_Central_Atlantic_(1950),routing_scenario,16,Sm. Epi. fish,M0,0.24182934353205143,0.24183325338205144,"Freeze completed living P,Q,diet,predation,accumulation,migration. Solve EE for SM; detritus accumulation absorbs routed inflow at fixed predation. No new consumption is assumed.",SM,0.1
28_28_Central_Atlantic_(1950),routing_scenario,15,Md. Epi. fish,M0,0.010595990159999997,0.010608453059999997,"Freeze completed living P,Q,diet,predation,accumulation,migration. Solve EE for SM; detritus accumulation absorbs routed inflow at fixed predation. No new consumption is assumed.",SM,0.1
28_28_Central_Atlantic_(1950),routing_scenario,14,Lg. Epi. fish,M0,0.0018705422042999994,0.0018994600042999995,"Freeze completed living P,Q,diet,predation,accumulation,migration. Solve EE for SM; detritus accumulation absorbs routed inflow at fixed predation. No new consumption is assumed.",SM,0.1
28_28_Central_Atlantic_(1950),routing_scenario,7,Bluefin,M0,6.160445043768214e-07,7.057694043768214e-07,"Freeze completed living P,Q,diet,predation,accumulation,migration. Solve EE for SM; detritus accumulation absorbs routed inflow at fixed predation. No new consumption is assumed.",SM,0.1
28_28_Central_Atlantic_(1950),routing_scenario,5,Pelagic sharks,M0,0.0018723044925,0.0018768630925,"Freeze completed living P,Q,diet,predation,accumulation,migration. Solve EE for SM; detritus accumulation absorbs routed inflow at fixed predation. No new consumption is assumed.",SM,0.1
28_28_Central_Atlantic_(1950),routing_scenario,23,Lg. Bathyd. slp,EE,0.6591768,0.6570544793597516,"Freeze completed living P,Q,diet,predation,accumulation,migration. Solve EE for SM; detritus accumulation absorbs routed inflow at fixed predation. No new consumption is assumed.",SM,0.1
28_28_Central_Atlantic_(1950),routing_scenario,22,Sm. Bathyd. slp,EE,0.7868606,0.7835326541798251,"Freeze completed living P,Q,diet,predation,accumulation,migration. Solve EE for SM; detritus accumulation absorbs routed inflow at fixed predation. No new consumption is assumed.",SM,0.1
28_28_Central_Atlantic_(1950),routing_scenario,16,Sm. Epi. fish,EE,0.9,0.8999983832193633,"Freeze completed living P,Q,diet,predation,accumulation,migration. Solve EE for SM; detritus accumulation absorbs routed inflow at fixed predation. No new consumption is assumed.",SM,0.1
28_28_Central_Atlantic_(1950),routing_scenario,15,Md. Epi. fish,EE,0.9,0.8998823809779756,"Freeze completed living P,Q,diet,predation,accumulation,migration. Solve EE for SM; detritus accumulation absorbs routed inflow at fixed predation. No new consumption is assumed.",SM,0.1
28_28_Central_Atlantic_(1950),routing_scenario,14,Lg. Epi. fish,EE,0.81,0.8070626794801157,"Freeze completed living P,Q,diet,predation,accumulation,migration. Solve EE for SM; detritus accumulation absorbs routed inflow at fixed predation. No new consumption is assumed.",SM,0.1
28_28_Central_Atlantic_(1950),routing_scenario,7,Bluefin,EE,0.713919759,0.6722530923333334,"Freeze completed living P,Q,diet,predation,accumulation,migration. Solve EE for SM; detritus accumulation absorbs routed inflow at fixed predation. No new consumption is assumed.",SM,0.1
28_28_Central_Atlantic_(1950),routing_scenario,5,Pelagic sharks,EE,0.25,0.2481739348414238,"Freeze completed living P,Q,diet,predation,accumulation,migration. Solve EE for SM; detritus accumulation absorbs routed inflow at fixed predation. No new consumption is assumed.",SM,0.1
28_28_Central_Atlantic_(1950),routing_scenario,23,Lg. Bathyd. slp,catch,6.39589e-05,5.756301e-05,"Freeze completed living P,Q,diet,predation,accumulation,migration. Solve EE for SM; detritus accumulation absorbs routed inflow at fixed predation. No new consumption is assumed.",SM,0.1
28_28_Central_Atlantic_(1950),routing_scenario,22,Sm. Bathyd. slp,catch,0.000188149,0.0001693341,"Freeze completed living P,Q,diet,predation,accumulation,migration. Solve EE for SM; detritus accumulation absorbs routed inflow at fixed predation. No new consumption is assumed.",SM,0.1
28_28_Central_Atlantic_(1950),routing_scenario,16,Sm. Epi. fish,catch,3.90985e-05,3.518865e-05,"Freeze completed living P,Q,diet,predation,accumulation,migration. Solve EE for SM; detritus accumulation absorbs routed inflow at fixed predation. No new consumption is assumed.",SM,0.1
28_28_Central_Atlantic_(1950),routing_scenario,15,Md. Epi. fish,catch,0.000124629,0.00011216609999999999,"Freeze completed living P,Q,diet,predation,accumulation,migration. Solve EE for SM; detritus accumulation absorbs routed inflow at fixed predation. No new consumption is assumed.",SM,0.1
28_28_Central_Atlantic_(1950),routing_scenario,14,Lg. Epi. fish,catch,0.000289178,0.0002602602,"Freeze completed living P,Q,diet,predation,accumulation,migration. Solve EE for SM; detritus accumulation absorbs routed inflow at fixed predation. No new consumption is assumed.",SM,0.1
28_28_Central_Atlantic_(1950),routing_scenario,7,Bluefin,catch,8.97249e-07,8.075241000000001e-07,"Freeze completed living P,Q,diet,predation,accumulation,migration. Solve EE for SM; detritus accumulation absorbs routed inflow at fixed predation. No new consumption is assumed.",SM,0.1
28_28_Central_Atlantic_(1950),routing_scenario,5,Pelagic sharks,catch,4.5586e-05,4.10274e-05,"Freeze completed living P,Q,diet,predation,accumulation,migration. Solve EE for SM; detritus accumulation absorbs routed inflow at fixed predation. No new consumption is assumed.",SM,0.1
28_28_Central_Atlantic_(1950),routing_scenario,38,Detritus,growth,59.638517995131224,59.63859314479578,"Freeze completed living P,Q,diet,predation,accumulation,migration. Solve EE for SM; detritus accumulation absorbs routed inflow at fixed predation. No new consumption is assumed.",SM,0.1
28_28_Central_Atlantic_(1950),routing_scenario,23,Lg. Bathyd. slp,catch,6.39589e-05,5.756301e-05,"Freeze completed living P,Q,diet,predation,accumulation,migration. Solve EE for SM; detritus accumulation absorbs routed inflow at fixed predation. No new consumption is assumed.",SE,0.1
28_28_Central_Atlantic_(1950),routing_scenario,22,Sm. Bathyd. slp,catch,0.000188149,0.0001693341,"Freeze completed living P,Q,diet,predation,accumulation,migration. Solve EE for SM; detritus accumulation absorbs routed inflow at fixed predation. No new consumption is assumed.",SE,0.1
28_28_Central_Atlantic_(1950),routing_scenario,16,Sm. Epi. fish,catch,3.90985e-05,3.518865e-05,"Freeze completed living P,Q,diet,predation,accumulation,migration. Solve EE for SM; detritus accumulation absorbs routed inflow at fixed predation. No new consumption is assumed.",SE,0.1
28_28_Central_Atlantic_(1950),routing_scenario,15,Md. Epi. fish,catch,0.000124629,0.00011216609999999999,"Freeze completed living P,Q,diet,predation,accumulation,migration. Solve EE for SM; detritus accumulation absorbs routed inflow at fixed predation. No new consumption is assumed.",SE,0.1
28_28_Central_Atlantic_(1950),routing_scenario,14,Lg. Epi. fish,catch,0.000289178,0.0002602602,"Freeze completed living P,Q,diet,predation,accumulation,migration. Solve EE for SM; detritus accumulation absorbs routed inflow at fixed predation. No new consumption is assumed.",SE,0.1
28_28_Central_Atlantic_(1950),routing_scenario,7,Bluefin,catch,8.97249e-07,8.075241000000001e-07,"Freeze completed living P,Q,diet,predation,accumulation,migration. Solve EE for SM; detritus accumulation absorbs routed inflow at fixed predation. No new consumption is assumed.",SE,0.1
28_28_Central_Atlantic_(1950),routing_scenario,5,Pelagic sharks,catch,4.5586e-05,4.10274e-05,"Freeze completed living P,Q,diet,predation,accumulation,migration. Solve EE for SM; detritus accumulation absorbs routed inflow at fixed predation. No new consumption is assumed.",SE,0.1
28_28_Central_Atlantic_(1950),routing_scenario,23,Lg. Bathyd. slp,external_loss,0.0,6.39589e-06,"Freeze completed living P,Q,diet,predation,accumulation,migration. Solve EE for SM; detritus accumulation absorbs routed inflow at fixed predation. No new consumption is assumed.",SE,0.1
28_28_Central_Atlantic_(1950),routing_scenario,22,Sm. Bathyd. slp,external_loss,0.0,1.8814900000000002e-05,"Freeze completed living P,Q,diet,predation,accumulation,migration. Solve EE for SM; detritus accumulation absorbs routed inflow at fixed predation. No new consumption is assumed.",SE,0.1
28_28_Central_Atlantic_(1950),routing_scenario,16,Sm. Epi. fish,external_loss,0.0,3.90985e-06,"Freeze completed living P,Q,diet,predation,accumulation,migration. Solve EE for SM; detritus accumulation absorbs routed inflow at fixed predation. No new consumption is assumed.",SE,0.1
28_28_Central_Atlantic_(1950),routing_scenario,15,Md. Epi. fish,external_loss,0.0,1.2462899999999999e-05,"Freeze completed living P,Q,diet,predation,accumulation,migration. Solve EE for SM; detritus accumulation absorbs routed inflow at fixed predation. No new consumption is assumed.",SE,0.1
28_28_Central_Atlantic_(1950),routing_scenario,14,Lg. Epi. fish,external_loss,0.0,2.8917800000000003e-05,"Freeze completed living P,Q,diet,predation,accumulation,migration. Solve EE for SM; detritus accumulation absorbs routed inflow at fixed predation. No new consumption is assumed.",SE,0.1
28_28_Central_Atlantic_(1950),routing_scenario,7,Bluefin,external_loss,0.0,8.972490000000001e-08,"Freeze completed living P,Q,diet,predation,accumulation,migration. Solve EE for SM; detritus accumulation absorbs routed inflow at fixed predation. No new consumption is assumed.",SE,0.1
28_28_Central_Atlantic_(1950),routing_scenario,5,Pelagic sharks,external_loss,0.0,4.5586e-06,"Freeze completed living P,Q,diet,predation,accumulation,migration. Solve EE for SM; detritus accumulation absorbs routed inflow at fixed predation. No new consumption is assumed.",SE,0.1
28_28_Central_Atlantic_(1950),routing_scenario,38,Detritus,p,2777.8730180352595,2777.873100699891,"Freeze completed living P,Q,diet,predation,accumulation,migration. Solve EE for SM; detritus accumulation absorbs routed inflow at fixed predation. No new consumption is assumed.",SM,0.11
28_28_Central_Atlantic_(1950),routing_scenario,38,Detritus,q,2777.8730180352595,2777.873100699891,"Freeze completed living P,Q,diet,predation,accumulation,migration. Solve EE for SM; detritus accumulation absorbs routed inflow at fixed predation. No new consumption is assumed.",SM,0.11
28_28_Central_Atlantic_(1950),routing_scenario,23,Lg. Bathyd. slp,M0,0.00102711515654528,0.0010341506355452802,"Freeze completed living P,Q,diet,predation,accumulation,migration. Solve EE for SM; detritus accumulation absorbs routed inflow at fixed predation. No new consumption is assumed.",SM,0.11
28_28_Central_Atlantic_(1950),routing_scenario,22,Sm. Bathyd. slp,M0,0.0012050065457042862,0.0012257029357042861,"Freeze completed living P,Q,diet,predation,accumulation,migration. Solve EE for SM; detritus accumulation absorbs routed inflow at fixed predation. No new consumption is assumed.",SM,0.11
28_28_Central_Atlantic_(1950),routing_scenario,16,Sm. Epi. fish,M0,0.24182934353205143,0.24183364436705143,"Freeze completed living P,Q,diet,predation,accumulation,migration. Solve EE for SM; detritus accumulation absorbs routed inflow at fixed predation. No new consumption is assumed.",SM,0.11
28_28_Central_Atlantic_(1950),routing_scenario,15,Md. Epi. fish,M0,0.010595990159999997,0.010609699349999998,"Freeze completed living P,Q,diet,predation,accumulation,migration. Solve EE for SM; detritus accumulation absorbs routed inflow at fixed predation. No new consumption is assumed.",SM,0.11
28_28_Central_Atlantic_(1950),routing_scenario,14,Lg. Epi. fish,M0,0.0018705422042999994,0.0019023517842999993,"Freeze completed living P,Q,diet,predation,accumulation,migration. Solve EE for SM; detritus accumulation absorbs routed inflow at fixed predation. No new consumption is assumed.",SM,0.11
28_28_Central_Atlantic_(1950),routing_scenario,7,Bluefin,M0,6.160445043768214e-07,7.147418943768214e-07,"Freeze completed living P,Q,diet,predation,accumulation,migration. Solve EE for SM; detritus accumulation absorbs routed inflow at fixed predation. No new consumption is assumed.",SM,0.11
28_28_Central_Atlantic_(1950),routing_scenario,5,Pelagic sharks,M0,0.0018723044925,0.0018773189524999999,"Freeze completed living P,Q,diet,predation,accumulation,migration. Solve EE for SM; detritus accumulation absorbs routed inflow at fixed predation. No new consumption is assumed.",SM,0.11
28_28_Central_Atlantic_(1950),routing_scenario,23,Lg. Bathyd. slp,EE,0.6591768,0.6568422472957267,"Freeze completed living P,Q,diet,predation,accumulation,migration. Solve EE for SM; detritus accumulation absorbs routed inflow at fixed predation. No new consumption is assumed.",SM,0.11
28_28_Central_Atlantic_(1950),routing_scenario,22,Sm. Bathyd. slp,EE,0.7868606,0.7831998595978076,"Freeze completed living P,Q,diet,predation,accumulation,migration. Solve EE for SM; detritus accumulation absorbs routed inflow at fixed predation. No new consumption is assumed.",SM,0.11
28_28_Central_Atlantic_(1950),routing_scenario,16,Sm. Epi. fish,EE,0.9,0.8999982215412997,"Freeze completed living P,Q,diet,predation,accumulation,migration. Solve EE for SM; detritus accumulation absorbs routed inflow at fixed predation. No new consumption is assumed.",SM,0.11
28_28_Central_Atlantic_(1950),routing_scenario,15,Md. Epi. fish,EE,0.9,0.8998706190757731,"Freeze completed living P,Q,diet,predation,accumulation,migration. Solve EE for SM; detritus accumulation absorbs routed inflow at fixed predation. No new consumption is assumed.",SM,0.11
28_28_Central_Atlantic_(1950),routing_scenario,14,Lg. Epi. fish,EE,0.81,0.8067689474281273,"Freeze completed living P,Q,diet,predation,accumulation,migration. Solve EE for SM; detritus accumulation absorbs routed inflow at fixed predation. No new consumption is assumed.",SM,0.11
28_28_Central_Atlantic_(1950),routing_scenario,7,Bluefin,EE,0.713919759,0.6680864256666668,"Freeze completed living P,Q,diet,predation,accumulation,migration. Solve EE for SM; detritus accumulation absorbs routed inflow at fixed predation. No new consumption is assumed.",SM,0.11
28_28_Central_Atlantic_(1950),routing_scenario,5,Pelagic sharks,EE,0.25,0.24799132832556625,"Freeze completed living P,Q,diet,predation,accumulation,migration. Solve EE for SM; detritus accumulation absorbs routed inflow at fixed predation. No new consumption is assumed.",SM,0.11
28_28_Central_Atlantic_(1950),routing_scenario,23,Lg. Bathyd. slp,catch,6.39589e-05,5.6923420999999995e-05,"Freeze completed living P,Q,diet,predation,accumulation,migration. Solve EE for SM; detritus accumulation absorbs routed inflow at fixed predation. No new consumption is assumed.",SM,0.11
28_28_Central_Atlantic_(1950),routing_scenario,22,Sm. Bathyd. slp,catch,0.000188149,0.00016745261,"Freeze completed living P,Q,diet,predation,accumulation,migration. Solve EE for SM; detritus accumulation absorbs routed inflow at fixed predation. No new consumption is assumed.",SM,0.11
28_28_Central_Atlantic_(1950),routing_scenario,16,Sm. Epi. fish,catch,3.90985e-05,3.4797665e-05,"Freeze completed living P,Q,diet,predation,accumulation,migration. Solve EE for SM; detritus accumulation absorbs routed inflow at fixed predation. No new consumption is assumed.",SM,0.11
28_28_Central_Atlantic_(1950),routing_scenario,15,Md. Epi. fish,catch,0.000124629,0.00011091980999999999,"Freeze completed living P,Q,diet,predation,accumulation,migration. Solve EE for SM; detritus accumulation absorbs routed inflow at fixed predation. No new consumption is assumed.",SM,0.11
28_28_Central_Atlantic_(1950),routing_scenario,14,Lg. Epi. fish,catch,0.000289178,0.00025736842,"Freeze completed living P,Q,diet,predation,accumulation,migration. Solve EE for SM; detritus accumulation absorbs routed inflow at fixed predation. No new consumption is assumed.",SM,0.11
28_28_Central_Atlantic_(1950),routing_scenario,7,Bluefin,catch,8.97249e-07,7.985516100000001e-07,"Freeze completed living P,Q,diet,predation,accumulation,migration. Solve EE for SM; detritus accumulation absorbs routed inflow at fixed predation. No new consumption is assumed.",SM,0.11
28_28_Central_Atlantic_(1950),routing_scenario,5,Pelagic sharks,catch,4.5586e-05,4.057154e-05,"Freeze completed living P,Q,diet,predation,accumulation,migration. Solve EE for SM; detritus accumulation absorbs routed inflow at fixed predation. No new consumption is assumed.",SM,0.11
28_28_Central_Atlantic_(1950),routing_scenario,38,Detritus,growth,59.638517995131224,59.63860065976269,"Freeze completed living P,Q,diet,predation,accumulation,migration. Solve EE for SM; detritus accumulation absorbs routed inflow at fixed predation. No new consumption is assumed.",SM,0.11
28_28_Central_Atlantic_(1950),routing_scenario,23,Lg. Bathyd. slp,catch,6.39589e-05,5.6923420999999995e-05,"Freeze completed living P,Q,diet,predation,accumulation,migration. Solve EE for SM; detritus accumulation absorbs routed inflow at fixed predation. No new consumption is assumed.",SE,0.11
28_28_Central_Atlantic_(1950),routing_scenario,22,Sm. Bathyd. slp,catch,0.000188149,0.00016745261,"Freeze completed living P,Q,diet,predation,accumulation,migration. Solve EE for SM; detritus accumulation absorbs routed inflow at fixed predation. No new consumption is assumed.",SE,0.11
28_28_Central_Atlantic_(1950),routing_scenario,16,Sm. Epi. fish,catch,3.90985e-05,3.4797665e-05,"Freeze completed living P,Q,diet,predation,accumulation,migration. Solve EE for SM; detritus accumulation absorbs routed inflow at fixed predation. No new consumption is assumed.",SE,0.11
28_28_Central_Atlantic_(1950),routing_scenario,15,Md. Epi. fish,catch,0.000124629,0.00011091980999999999,"Freeze completed living P,Q,diet,predation,accumulation,migration. Solve EE for SM; detritus accumulation absorbs routed inflow at fixed predation. No new consumption is assumed.",SE,0.11
28_28_Central_Atlantic_(1950),routing_scenario,14,Lg. Epi. fish,catch,0.000289178,0.00025736842,"Freeze completed living P,Q,diet,predation,accumulation,migration. Solve EE for SM; detritus accumulation absorbs routed inflow at fixed predation. No new consumption is assumed.",SE,0.11
28_28_Central_Atlantic_(1950),routing_scenario,7,Bluefin,catch,8.97249e-07,7.985516100000001e-07,"Freeze completed living P,Q,diet,predation,accumulation,migration. Solve EE for SM; detritus accumulation absorbs routed inflow at fixed predation. No new consumption is assumed.",SE,0.11
28_28_Central_Atlantic_(1950),routing_scenario,5,Pelagic sharks,catch,4.5586e-05,4.057154e-05,"Freeze completed living P,Q,diet,predation,accumulation,migration. Solve EE for SM; detritus accumulation absorbs routed inflow at fixed predation. No new consumption is assumed.",SE,0.11
28_28_Central_Atlantic_(1950),routing_scenario,23,Lg. Bathyd. slp,external_loss,0.0,7.035479e-06,"Freeze completed living P,Q,diet,predation,accumulation,migration. Solve EE for SM; detritus accumulation absorbs routed inflow at fixed predation. No new consumption is assumed.",SE,0.11
28_28_Central_Atlantic_(1950),routing_scenario,22,Sm. Bathyd. slp,external_loss,0.0,2.069639e-05,"Freeze completed living P,Q,diet,predation,accumulation,migration. Solve EE for SM; detritus accumulation absorbs routed inflow at fixed predation. No new consumption is assumed.",SE,0.11
28_28_Central_Atlantic_(1950),routing_scenario,16,Sm. Epi. fish,external_loss,0.0,4.3008349999999995e-06,"Freeze completed living P,Q,diet,predation,accumulation,migration. Solve EE for SM; detritus accumulation absorbs routed inflow at fixed predation. No new consumption is assumed.",SE,0.11
28_28_Central_Atlantic_(1950),routing_scenario,15,Md. Epi. fish,external_loss,0.0,1.3709189999999998e-05,"Freeze completed living P,Q,diet,predation,accumulation,migration. Solve EE for SM; detritus accumulation absorbs routed inflow at fixed predation. No new consumption is assumed.",SE,0.11
28_28_Central_Atlantic_(1950),routing_scenario,14,Lg. Epi. fish,external_loss,0.0,3.180958e-05,"Freeze completed living P,Q,diet,predation,accumulation,migration. Solve EE for SM; detritus accumulation absorbs routed inflow at fixed predation. No new consumption is assumed.",SE,0.11
28_28_Central_Atlantic_(1950),routing_scenario,7,Bluefin,external_loss,0.0,9.869739e-08,"Freeze completed living P,Q,diet,predation,accumulation,migration. Solve EE for SM; detritus accumulation absorbs routed inflow at fixed predation. No new consumption is assumed.",SE,0.11
28_28_Central_Atlantic_(1950),routing_scenario,5,Pelagic sharks,external_loss,0.0,5.01446e-06,"Freeze completed living P,Q,diet,predation,accumulation,migration. Solve EE for SM; detritus accumulation absorbs routed inflow at fixed predation. No new consumption is assumed.",SE,0.11
28_28_Central_Atlantic_(1950),routing_scenario,38,Detritus,p,2777.8730180352595,2777.8731082148574,"Freeze completed living P,Q,diet,predation,accumulation,migration. Solve EE for SM; detritus accumulation absorbs routed inflow at fixed predation. No new consumption is assumed.",SM,0.12
28_28_Central_Atlantic_(1950),routing_scenario,38,Detritus,q,2777.8730180352595,2777.8731082148574,"Freeze completed living P,Q,diet,predation,accumulation,migration. Solve EE for SM; detritus accumulation absorbs routed inflow at fixed predation. No new consumption is assumed.",SM,0.12
28_28_Central_Atlantic_(1950),routing_scenario,23,Lg. Bathyd. slp,M0,0.00102711515654528,0.00103479022454528,"Freeze completed living P,Q,diet,predation,accumulation,migration. Solve EE for SM; detritus accumulation absorbs routed inflow at fixed predation. No new consumption is assumed.",SM,0.12
28_28_Central_Atlantic_(1950),routing_scenario,22,Sm. Bathyd. slp,M0,0.0012050065457042862,0.0012275844257042862,"Freeze completed living P,Q,diet,predation,accumulation,migration. Solve EE for SM; detritus accumulation absorbs routed inflow at fixed predation. No new consumption is assumed.",SM,0.12
28_28_Central_Atlantic_(1950),routing_scenario,16,Sm. Epi. fish,M0,0.24182934353205143,0.24183403535205145,"Freeze completed living P,Q,diet,predation,accumulation,migration. Solve EE for SM; detritus accumulation absorbs routed inflow at fixed predation. No new consumption is assumed.",SM,0.12
28_28_Central_Atlantic_(1950),routing_scenario,15,Md. Epi. fish,M0,0.010595990159999997,0.010610945639999998,"Freeze completed living P,Q,diet,predation,accumulation,migration. Solve EE for SM; detritus accumulation absorbs routed inflow at fixed predation. No new consumption is assumed.",SM,0.12
28_28_Central_Atlantic_(1950),routing_scenario,14,Lg. Epi. fish,M0,0.0018705422042999994,0.0019052435642999993,"Freeze completed living P,Q,diet,predation,accumulation,migration. Solve EE for SM; detritus accumulation absorbs routed inflow at fixed predation. No new consumption is assumed.",SM,0.12
28_28_Central_Atlantic_(1950),routing_scenario,7,Bluefin,M0,6.160445043768214e-07,7.237143843768215e-07,"Freeze completed living P,Q,diet,predation,accumulation,migration. Solve EE for SM; detritus accumulation absorbs routed inflow at fixed predation. No new consumption is assumed.",SM,0.12
28_28_Central_Atlantic_(1950),routing_scenario,5,Pelagic sharks,M0,0.0018723044925,0.0018777748125,"Freeze completed living P,Q,diet,predation,accumulation,migration. Solve EE for SM; detritus accumulation absorbs routed inflow at fixed predation. No new consumption is assumed.",SM,0.12
28_28_Central_Atlantic_(1950),routing_scenario,23,Lg. Bathyd. slp,EE,0.6591768,0.656630015231702,"Freeze completed living P,Q,diet,predation,accumulation,migration. Solve EE for SM; detritus accumulation absorbs routed inflow at fixed predation. No new consumption is assumed.",SM,0.12
28_28_Central_Atlantic_(1950),routing_scenario,22,Sm. Bathyd. slp,EE,0.7868606,0.7828670650157901,"Freeze completed living P,Q,diet,predation,accumulation,migration. Solve EE for SM; detritus accumulation absorbs routed inflow at fixed predation. No new consumption is assumed.",SM,0.12
28_28_Central_Atlantic_(1950),routing_scenario,16,Sm. Epi. fish,EE,0.9,0.899998059863236,"Freeze completed living P,Q,diet,predation,accumulation,migration. Solve EE for SM; detritus accumulation absorbs routed inflow at fixed predation. No new consumption is assumed.",SM,0.12
28_28_Central_Atlantic_(1950),routing_scenario,15,Md. Epi. fish,EE,0.9,0.8998588571735706,"Freeze completed living P,Q,diet,predation,accumulation,migration. Solve EE for SM; detritus accumulation absorbs routed inflow at fixed predation. No new consumption is assumed.",SM,0.12
28_28_Central_Atlantic_(1950),routing_scenario,14,Lg. Epi. fish,EE,0.81,0.8064752153761389,"Freeze completed living P,Q,diet,predation,accumulation,migration. Solve EE for SM; detritus accumulation absorbs routed inflow at fixed predation. No new consumption is assumed.",SM,0.12
28_28_Central_Atlantic_(1950),routing_scenario,7,Bluefin,EE,0.713919759,0.663919759,"Freeze completed living P,Q,diet,predation,accumulation,migration. Solve EE for SM; detritus accumulation absorbs routed inflow at fixed predation. No new consumption is assumed.",SM,0.12
28_28_Central_Atlantic_(1950),routing_scenario,5,Pelagic sharks,EE,0.25,0.2478087218097086,"Freeze completed living P,Q,diet,predation,accumulation,migration. Solve EE for SM; detritus accumulation absorbs routed inflow at fixed predation. No new consumption is assumed.",SM,0.12
28_28_Central_Atlantic_(1950),routing_scenario,23,Lg. Bathyd. slp,catch,6.39589e-05,5.6283832e-05,"Freeze completed living P,Q,diet,predation,accumulation,migration. Solve EE for SM; detritus accumulation absorbs routed inflow at fixed predation. No new consumption is assumed.",SM,0.12
28_28_Central_Atlantic_(1950),routing_scenario,22,Sm. Bathyd. slp,catch,0.000188149,0.00016557112,"Freeze completed living P,Q,diet,predation,accumulation,migration. Solve EE for SM; detritus accumulation absorbs routed inflow at fixed predation. No new consumption is assumed.",SM,0.12
28_28_Central_Atlantic_(1950),routing_scenario,16,Sm. Epi. fish,catch,3.90985e-05,3.4406679999999996e-05,"Freeze completed living P,Q,diet,predation,accumulation,migration. Solve EE for SM; detritus accumulation absorbs routed inflow at fixed predation. No new consumption is assumed.",SM,0.12
28_28_Central_Atlantic_(1950),routing_scenario,15,Md. Epi. fish,catch,0.000124629,0.00010967351999999999,"Freeze completed living P,Q,diet,predation,accumulation,migration. Solve EE for SM; detritus accumulation absorbs routed inflow at fixed predation. No new consumption is assumed.",SM,0.12
28_28_Central_Atlantic_(1950),routing_scenario,14,Lg. Epi. fish,catch,0.000289178,0.00025447664,"Freeze completed living P,Q,diet,predation,accumulation,migration. Solve EE for SM; detritus accumulation absorbs routed inflow at fixed predation. No new consumption is assumed.",SM,0.12
28_28_Central_Atlantic_(1950),routing_scenario,7,Bluefin,catch,8.97249e-07,7.8957912e-07,"Freeze completed living P,Q,diet,predation,accumulation,migration. Solve EE for SM; detritus accumulation absorbs routed inflow at fixed predation. No new consumption is assumed.",SM,0.12
28_28_Central_Atlantic_(1950),routing_scenario,5,Pelagic sharks,catch,4.5586e-05,4.011568e-05,"Freeze completed living P,Q,diet,predation,accumulation,migration. Solve EE for SM; detritus accumulation absorbs routed inflow at fixed predation. No new consumption is assumed.",SM,0.12
28_28_Central_Atlantic_(1950),routing_scenario,38,Detritus,growth,59.638517995131224,59.63860817472914,"Freeze completed living P,Q,diet,predation,accumulation,migration. Solve EE for SM; detritus accumulation absorbs routed inflow at fixed predation. No new consumption is assumed.",SM,0.12
28_28_Central_Atlantic_(1950),routing_scenario,23,Lg. Bathyd. slp,catch,6.39589e-05,5.6283832e-05,"Freeze completed living P,Q,diet,predation,accumulation,migration. Solve EE for SM; detritus accumulation absorbs routed inflow at fixed predation. No new consumption is assumed.",SE,0.12
28_28_Central_Atlantic_(1950),routing_scenario,22,Sm. Bathyd. slp,catch,0.000188149,0.00016557112,"Freeze completed living P,Q,diet,predation,accumulation,migration. Solve EE for SM; detritus accumulation absorbs routed inflow at fixed predation. No new consumption is assumed.",SE,0.12
28_28_Central_Atlantic_(1950),routing_scenario,16,Sm. Epi. fish,catch,3.90985e-05,3.4406679999999996e-05,"Freeze completed living P,Q,diet,predation,accumulation,migration. Solve EE for SM; detritus accumulation absorbs routed inflow at fixed predation. No new consumption is assumed.",SE,0.12
28_28_Central_Atlantic_(1950),routing_scenario,15,Md. Epi. fish,catch,0.000124629,0.00010967351999999999,"Freeze completed living P,Q,diet,predation,accumulation,migration. Solve EE for SM; detritus accumulation absorbs routed inflow at fixed predation. No new consumption is assumed.",SE,0.12
28_28_Central_Atlantic_(1950),routing_scenario,14,Lg. Epi. fish,catch,0.000289178,0.00025447664,"Freeze completed living P,Q,diet,predation,accumulation,migration. Solve EE for SM; detritus accumulation absorbs routed inflow at fixed predation. No new consumption is assumed.",SE,0.12
28_28_Central_Atlantic_(1950),routing_scenario,7,Bluefin,catch,8.97249e-07,7.8957912e-07,"Freeze completed living P,Q,diet,predation,accumulation,migration. Solve EE for SM; detritus accumulation absorbs routed inflow at fixed predation. No new consumption is assumed.",SE,0.12
28_28_Central_Atlantic_(1950),routing_scenario,5,Pelagic sharks,catch,4.5586e-05,4.011568e-05,"Freeze completed living P,Q,diet,predation,accumulation,migration. Solve EE for SM; detritus accumulation absorbs routed inflow at fixed predation. No new consumption is assumed.",SE,0.12
28_28_Central_Atlantic_(1950),routing_scenario,23,Lg. Bathyd. slp,external_loss,0.0,7.675068e-06,"Freeze completed living P,Q,diet,predation,accumulation,migration. Solve EE for SM; detritus accumulation absorbs routed inflow at fixed predation. No new consumption is assumed.",SE,0.12
28_28_Central_Atlantic_(1950),routing_scenario,22,Sm. Bathyd. slp,external_loss,0.0,2.2577879999999998e-05,"Freeze completed living P,Q,diet,predation,accumulation,migration. Solve EE for SM; detritus accumulation absorbs routed inflow at fixed predation. No new consumption is assumed.",SE,0.12
28_28_Central_Atlantic_(1950),routing_scenario,16,Sm. Epi. fish,external_loss,0.0,4.691819999999999e-06,"Freeze completed living P,Q,diet,predation,accumulation,migration. Solve EE for SM; detritus accumulation absorbs routed inflow at fixed predation. No new consumption is assumed.",SE,0.12
28_28_Central_Atlantic_(1950),routing_scenario,15,Md. Epi. fish,external_loss,0.0,1.4955479999999998e-05,"Freeze completed living P,Q,diet,predation,accumulation,migration. Solve EE for SM; detritus accumulation absorbs routed inflow at fixed predation. No new consumption is assumed.",SE,0.12
28_28_Central_Atlantic_(1950),routing_scenario,14,Lg. Epi. fish,external_loss,0.0,3.4701360000000003e-05,"Freeze completed living P,Q,diet,predation,accumulation,migration. Solve EE for SM; detritus accumulation absorbs routed inflow at fixed predation. No new consumption is assumed.",SE,0.12
28_28_Central_Atlantic_(1950),routing_scenario,7,Bluefin,external_loss,0.0,1.0766988e-07,"Freeze completed living P,Q,diet,predation,accumulation,migration. Solve EE for SM; detritus accumulation absorbs routed inflow at fixed predation. No new consumption is assumed.",SE,0.12
28_28_Central_Atlantic_(1950),routing_scenario,5,Pelagic sharks,external_loss,0.0,5.47032e-06,"Freeze completed living P,Q,diet,predation,accumulation,migration. Solve EE for SM; detritus accumulation absorbs routed inflow at fixed predation. No new consumption is assumed.",SE,0.12
28_28_Central_Atlantic_(1950),routing_scenario,38,Detritus,p,2777.8730180352595,2777.873115729824,"Freeze completed living P,Q,diet,predation,accumulation,migration. Solve EE for SM; detritus accumulation absorbs routed inflow at fixed predation. No new consumption is assumed.",SM,0.13
28_28_Central_Atlantic_(1950),routing_scenario,38,Detritus,q,2777.8730180352595,2777.873115729824,"Freeze completed living P,Q,diet,predation,accumulation,migration. Solve EE for SM; detritus accumulation absorbs routed inflow at fixed predation. No new consumption is assumed.",SM,0.13
28_28_Central_Atlantic_(1950),routing_scenario,23,Lg. Bathyd. slp,M0,0.00102711515654528,0.00103542981354528,"Freeze completed living P,Q,diet,predation,accumulation,migration. Solve EE for SM; detritus accumulation absorbs routed inflow at fixed predation. No new consumption is assumed.",SM,0.13
28_28_Central_Atlantic_(1950),routing_scenario,22,Sm. Bathyd. slp,M0,0.0012050065457042862,0.0012294659157042862,"Freeze completed living P,Q,diet,predation,accumulation,migration. Solve EE for SM; detritus accumulation absorbs routed inflow at fixed predation. No new consumption is assumed.",SM,0.13
28_28_Central_Atlantic_(1950),routing_scenario,16,Sm. Epi. fish,M0,0.24182934353205143,0.24183442633705143,"Freeze completed living P,Q,diet,predation,accumulation,migration. Solve EE for SM; detritus accumulation absorbs routed inflow at fixed predation. No new consumption is assumed.",SM,0.13
28_28_Central_Atlantic_(1950),routing_scenario,15,Md. Epi. fish,M0,0.010595990159999997,0.010612191929999997,"Freeze completed living P,Q,diet,predation,accumulation,migration. Solve EE for SM; detritus accumulation absorbs routed inflow at fixed predation. No new consumption is assumed.",SM,0.13
28_28_Central_Atlantic_(1950),routing_scenario,14,Lg. Epi. fish,M0,0.0018705422042999994,0.0019081353442999994,"Freeze completed living P,Q,diet,predation,accumulation,migration. Solve EE for SM; detritus accumulation absorbs routed inflow at fixed predation. No new consumption is assumed.",SM,0.13
28_28_Central_Atlantic_(1950),routing_scenario,7,Bluefin,M0,6.160445043768214e-07,7.326868743768215e-07,"Freeze completed living P,Q,diet,predation,accumulation,migration. Solve EE for SM; detritus accumulation absorbs routed inflow at fixed predation. No new consumption is assumed.",SM,0.13
28_28_Central_Atlantic_(1950),routing_scenario,5,Pelagic sharks,M0,0.0018723044925,0.0018782306725,"Freeze completed living P,Q,diet,predation,accumulation,migration. Solve EE for SM; detritus accumulation absorbs routed inflow at fixed predation. No new consumption is assumed.",SM,0.13
28_28_Central_Atlantic_(1950),routing_scenario,23,Lg. Bathyd. slp,EE,0.6591768,0.6564177831676772,"Freeze completed living P,Q,diet,predation,accumulation,migration. Solve EE for SM; detritus accumulation absorbs routed inflow at fixed predation. No new consumption is assumed.",SM,0.13
28_28_Central_Atlantic_(1950),routing_scenario,22,Sm. Bathyd. slp,EE,0.7868606,0.7825342704337725,"Freeze completed living P,Q,diet,predation,accumulation,migration. Solve EE for SM; detritus accumulation absorbs routed inflow at fixed predation. No new consumption is assumed.",SM,0.13
28_28_Central_Atlantic_(1950),routing_scenario,16,Sm. Epi. fish,EE,0.9,0.8999978981851724,"Freeze completed living P,Q,diet,predation,accumulation,migration. Solve EE for SM; detritus accumulation absorbs routed inflow at fixed predation. No new consumption is assumed.",SM,0.13
28_28_Central_Atlantic_(1950),routing_scenario,15,Md. Epi. fish,EE,0.9,0.8998470952713682,"Freeze completed living P,Q,diet,predation,accumulation,migration. Solve EE for SM; detritus accumulation absorbs routed inflow at fixed predation. No new consumption is assumed.",SM,0.13
28_28_Central_Atlantic_(1950),routing_scenario,14,Lg. Epi. fish,EE,0.81,0.8061814833241505,"Freeze completed living P,Q,diet,predation,accumulation,migration. Solve EE for SM; detritus accumulation absorbs routed inflow at fixed predation. No new consumption is assumed.",SM,0.13
28_28_Central_Atlantic_(1950),routing_scenario,7,Bluefin,EE,0.713919759,0.6597530923333333,"Freeze completed living P,Q,diet,predation,accumulation,migration. Solve EE for SM; detritus accumulation absorbs routed inflow at fixed predation. No new consumption is assumed.",SM,0.13
28_28_Central_Atlantic_(1950),routing_scenario,5,Pelagic sharks,EE,0.25,0.24762611529385092,"Freeze completed living P,Q,diet,predation,accumulation,migration. Solve EE for SM; detritus accumulation absorbs routed inflow at fixed predation. No new consumption is assumed.",SM,0.13
28_28_Central_Atlantic_(1950),routing_scenario,23,Lg. Bathyd. slp,catch,6.39589e-05,5.5644242999999996e-05,"Freeze completed living P,Q,diet,predation,accumulation,migration. Solve EE for SM; detritus accumulation absorbs routed inflow at fixed predation. No new consumption is assumed.",SM,0.13
28_28_Central_Atlantic_(1950),routing_scenario,22,Sm. Bathyd. slp,catch,0.000188149,0.00016368963000000001,"Freeze completed living P,Q,diet,predation,accumulation,migration. Solve EE for SM; detritus accumulation absorbs routed inflow at fixed predation. No new consumption is assumed.",SM,0.13
28_28_Central_Atlantic_(1950),routing_scenario,16,Sm. Epi. fish,catch,3.90985e-05,3.4015695e-05,"Freeze completed living P,Q,diet,predation,accumulation,migration. Solve EE for SM; detritus accumulation absorbs routed inflow at fixed predation. No new consumption is assumed.",SM,0.13
28_28_Central_Atlantic_(1950),routing_scenario,15,Md. Epi. fish,catch,0.000124629,0.00010842722999999999,"Freeze completed living P,Q,diet,predation,accumulation,migration. Solve EE for SM; detritus accumulation absorbs routed inflow at fixed predation. No new consumption is assumed.",SM,0.13
28_28_Central_Atlantic_(1950),routing_scenario,14,Lg. Epi. fish,catch,0.000289178,0.00025158486,"Freeze completed living P,Q,diet,predation,accumulation,migration. Solve EE for SM; detritus accumulation absorbs routed inflow at fixed predation. No new consumption is assumed.",SM,0.13
28_28_Central_Atlantic_(1950),routing_scenario,7,Bluefin,catch,8.97249e-07,7.8060663e-07,"Freeze completed living P,Q,diet,predation,accumulation,migration. Solve EE for SM; detritus accumulation absorbs routed inflow at fixed predation. No new consumption is assumed.",SM,0.13
28_28_Central_Atlantic_(1950),routing_scenario,5,Pelagic sharks,catch,4.5586e-05,3.965982e-05,"Freeze completed living P,Q,diet,predation,accumulation,migration. Solve EE for SM; detritus accumulation absorbs routed inflow at fixed predation. No new consumption is assumed.",SM,0.13
28_28_Central_Atlantic_(1950),routing_scenario,38,Detritus,growth,59.638517995131224,59.6386156896956,"Freeze completed living P,Q,diet,predation,accumulation,migration. Solve EE for SM; detritus accumulation absorbs routed inflow at fixed predation. No new consumption is assumed.",SM,0.13
28_28_Central_Atlantic_(1950),routing_scenario,23,Lg. Bathyd. slp,catch,6.39589e-05,5.5644242999999996e-05,"Freeze completed living P,Q,diet,predation,accumulation,migration. Solve EE for SM; detritus accumulation absorbs routed inflow at fixed predation. No new consumption is assumed.",SE,0.13
28_28_Central_Atlantic_(1950),routing_scenario,22,Sm. Bathyd. slp,catch,0.000188149,0.00016368963000000001,"Freeze completed living P,Q,diet,predation,accumulation,migration. Solve EE for SM; detritus accumulation absorbs routed inflow at fixed predation. No new consumption is assumed.",SE,0.13
28_28_Central_Atlantic_(1950),routing_scenario,16,Sm. Epi. fish,catch,3.90985e-05,3.4015695e-05,"Freeze completed living P,Q,diet,predation,accumulation,migration. Solve EE for SM; detritus accumulation absorbs routed inflow at fixed predation. No new consumption is assumed.",SE,0.13
28_28_Central_Atlantic_(1950),routing_scenario,15,Md. Epi. fish,catch,0.000124629,0.00010842722999999999,"Freeze completed living P,Q,diet,predation,accumulation,migration. Solve EE for SM; detritus accumulation absorbs routed inflow at fixed predation. No new consumption is assumed.",SE,0.13
28_28_Central_Atlantic_(1950),routing_scenario,14,Lg. Epi. fish,catch,0.000289178,0.00025158486,"Freeze completed living P,Q,diet,predation,accumulation,migration. Solve EE for SM; detritus accumulation absorbs routed inflow at fixed predation. No new consumption is assumed.",SE,0.13
28_28_Central_Atlantic_(1950),routing_scenario,7,Bluefin,catch,8.97249e-07,7.8060663e-07,"Freeze completed living P,Q,diet,predation,accumulation,migration. Solve EE for SM; detritus accumulation absorbs routed inflow at fixed predation. No new consumption is assumed.",SE,0.13
28_28_Central_Atlantic_(1950),routing_scenario,5,Pelagic sharks,catch,4.5586e-05,3.965982e-05,"Freeze completed living P,Q,diet,predation,accumulation,migration. Solve EE for SM; detritus accumulation absorbs routed inflow at fixed predation. No new consumption is assumed.",SE,0.13
28_28_Central_Atlantic_(1950),routing_scenario,23,Lg. Bathyd. slp,external_loss,0.0,8.314657e-06,"Freeze completed living P,Q,diet,predation,accumulation,migration. Solve EE for SM; detritus accumulation absorbs routed inflow at fixed predation. No new consumption is assumed.",SE,0.13
28_28_Central_Atlantic_(1950),routing_scenario,22,Sm. Bathyd. slp,external_loss,0.0,2.4459370000000003e-05,"Freeze completed living P,Q,diet,predation,accumulation,migration. Solve EE for SM; detritus accumulation absorbs routed inflow at fixed predation. No new consumption is assumed.",SE,0.13
28_28_Central_Atlantic_(1950),routing_scenario,16,Sm. Epi. fish,external_loss,0.0,5.082805e-06,"Freeze completed living P,Q,diet,predation,accumulation,migration. Solve EE for SM; detritus accumulation absorbs routed inflow at fixed predation. No new consumption is assumed.",SE,0.13
28_28_Central_Atlantic_(1950),routing_scenario,15,Md. Epi. fish,external_loss,0.0,1.620177e-05,"Freeze completed living P,Q,diet,predation,accumulation,migration. Solve EE for SM; detritus accumulation absorbs routed inflow at fixed predation. No new consumption is assumed.",SE,0.13
28_28_Central_Atlantic_(1950),routing_scenario,14,Lg. Epi. fish,external_loss,0.0,3.759314e-05,"Freeze completed living P,Q,diet,predation,accumulation,migration. Solve EE for SM; detritus accumulation absorbs routed inflow at fixed predation. No new consumption is assumed.",SE,0.13
28_28_Central_Atlantic_(1950),routing_scenario,7,Bluefin,external_loss,0.0,1.1664237000000001e-07,"Freeze completed living P,Q,diet,predation,accumulation,migration. Solve EE for SM; detritus accumulation absorbs routed inflow at fixed predation. No new consumption is assumed.",SE,0.13
28_28_Central_Atlantic_(1950),routing_scenario,5,Pelagic sharks,external_loss,0.0,5.92618e-06,"Freeze completed living P,Q,diet,predation,accumulation,migration. Solve EE for SM; detritus accumulation absorbs routed inflow at fixed predation. No new consumption is assumed.",SE,0.13
28_28_Central_Atlantic_(1950),routing_scenario,38,Detritus,p,2777.8730180352595,2777.8731232447903,"Freeze completed living P,Q,diet,predation,accumulation,migration. Solve EE for SM; detritus accumulation absorbs routed inflow at fixed predation. No new consumption is assumed.",SM,0.14
28_28_Central_Atlantic_(1950),routing_scenario,38,Detritus,q,2777.8730180352595,2777.8731232447903,"Freeze completed living P,Q,diet,predation,accumulation,migration. Solve EE for SM; detritus accumulation absorbs routed inflow at fixed predation. No new consumption is assumed.",SM,0.14
28_28_Central_Atlantic_(1950),routing_scenario,23,Lg. Bathyd. slp,M0,0.00102711515654528,0.00103606940254528,"Freeze completed living P,Q,diet,predation,accumulation,migration. Solve EE for SM; detritus accumulation absorbs routed inflow at fixed predation. No new consumption is assumed.",SM,0.14
28_28_Central_Atlantic_(1950),routing_scenario,22,Sm. Bathyd. slp,M0,0.0012050065457042862,0.0012313474057042862,"Freeze completed living P,Q,diet,predation,accumulation,migration. Solve EE for SM; detritus accumulation absorbs routed inflow at fixed predation. No new consumption is assumed.",SM,0.14
28_28_Central_Atlantic_(1950),routing_scenario,16,Sm. Epi. fish,M0,0.24182934353205143,0.24183481732205142,"Freeze completed living P,Q,diet,predation,accumulation,migration. Solve EE for SM; detritus accumulation absorbs routed inflow at fixed predation. No new consumption is assumed.",SM,0.14
28_28_Central_Atlantic_(1950),routing_scenario,15,Md. Epi. fish,M0,0.010595990159999997,0.010613438219999997,"Freeze completed living P,Q,diet,predation,accumulation,migration. Solve EE for SM; detritus accumulation absorbs routed inflow at fixed predation. No new consumption is assumed.",SM,0.14
28_28_Central_Atlantic_(1950),routing_scenario,14,Lg. Epi. fish,M0,0.0018705422042999994,0.0019110271242999994,"Freeze completed living P,Q,diet,predation,accumulation,migration. Solve EE for SM; detritus accumulation absorbs routed inflow at fixed predation. No new consumption is assumed.",SM,0.14
28_28_Central_Atlantic_(1950),routing_scenario,7,Bluefin,M0,6.160445043768214e-07,7.416593643768215e-07,"Freeze completed living P,Q,diet,predation,accumulation,migration. Solve EE for SM; detritus accumulation absorbs routed inflow at fixed predation. No new consumption is assumed.",SM,0.14
28_28_Central_Atlantic_(1950),routing_scenario,5,Pelagic sharks,M0,0.0018723044925,0.0018786865325,"Freeze completed living P,Q,diet,predation,accumulation,migration. Solve EE for SM; detritus accumulation absorbs routed inflow at fixed predation. No new consumption is assumed.",SM,0.14
28_28_Central_Atlantic_(1950),routing_scenario,23,Lg. Bathyd. slp,EE,0.6591768,0.6562055511036523,"Freeze completed living P,Q,diet,predation,accumulation,migration. Solve EE for SM; detritus accumulation absorbs routed inflow at fixed predation. No new consumption is assumed.",SM,0.14
28_28_Central_Atlantic_(1950),routing_scenario,22,Sm. Bathyd. slp,EE,0.7868606,0.7822014758517551,"Freeze completed living P,Q,diet,predation,accumulation,migration. Solve EE for SM; detritus accumulation absorbs routed inflow at fixed predation. No new consumption is assumed.",SM,0.14
28_28_Central_Atlantic_(1950),routing_scenario,16,Sm. Epi. fish,EE,0.9,0.8999977365071087,"Freeze completed living P,Q,diet,predation,accumulation,migration. Solve EE for SM; detritus accumulation absorbs routed inflow at fixed predation. No new consumption is assumed.",SM,0.14
28_28_Central_Atlantic_(1950),routing_scenario,15,Md. Epi. fish,EE,0.9,0.8998353333691658,"Freeze completed living P,Q,diet,predation,accumulation,migration. Solve EE for SM; detritus accumulation absorbs routed inflow at fixed predation. No new consumption is assumed.",SM,0.14
28_28_Central_Atlantic_(1950),routing_scenario,14,Lg. Epi. fish,EE,0.81,0.8058877512721621,"Freeze completed living P,Q,diet,predation,accumulation,migration. Solve EE for SM; detritus accumulation absorbs routed inflow at fixed predation. No new consumption is assumed.",SM,0.14
28_28_Central_Atlantic_(1950),routing_scenario,7,Bluefin,EE,0.713919759,0.6555864256666667,"Freeze completed living P,Q,diet,predation,accumulation,migration. Solve EE for SM; detritus accumulation absorbs routed inflow at fixed predation. No new consumption is assumed.",SM,0.14
28_28_Central_Atlantic_(1950),routing_scenario,5,Pelagic sharks,EE,0.25,0.24744350877799337,"Freeze completed living P,Q,diet,predation,accumulation,migration. Solve EE for SM; detritus accumulation absorbs routed inflow at fixed predation. No new consumption is assumed.",SM,0.14
28_28_Central_Atlantic_(1950),routing_scenario,23,Lg. Bathyd. slp,catch,6.39589e-05,5.500465399999999e-05,"Freeze completed living P,Q,diet,predation,accumulation,migration. Solve EE for SM; detritus accumulation absorbs routed inflow at fixed predation. No new consumption is assumed.",SM,0.14
28_28_Central_Atlantic_(1950),routing_scenario,22,Sm. Bathyd. slp,catch,0.000188149,0.00016180814,"Freeze completed living P,Q,diet,predation,accumulation,migration. Solve EE for SM; detritus accumulation absorbs routed inflow at fixed predation. No new consumption is assumed.",SM,0.14
28_28_Central_Atlantic_(1950),routing_scenario,16,Sm. Epi. fish,catch,3.90985e-05,3.362471e-05,"Freeze completed living P,Q,diet,predation,accumulation,migration. Solve EE for SM; detritus accumulation absorbs routed inflow at fixed predation. No new consumption is assumed.",SM,0.14
28_28_Central_Atlantic_(1950),routing_scenario,15,Md. Epi. fish,catch,0.000124629,0.00010718093999999998,"Freeze completed living P,Q,diet,predation,accumulation,migration. Solve EE for SM; detritus accumulation absorbs routed inflow at fixed predation. No new consumption is assumed.",SM,0.14
28_28_Central_Atlantic_(1950),routing_scenario,14,Lg. Epi. fish,catch,0.000289178,0.00024869308000000003,"Freeze completed living P,Q,diet,predation,accumulation,migration. Solve EE for SM; detritus accumulation absorbs routed inflow at fixed predation. No new consumption is assumed.",SM,0.14
28_28_Central_Atlantic_(1950),routing_scenario,7,Bluefin,catch,8.97249e-07,7.7163414e-07,"Freeze completed living P,Q,diet,predation,accumulation,migration. Solve EE for SM; detritus accumulation absorbs routed inflow at fixed predation. No new consumption is assumed.",SM,0.14
28_28_Central_Atlantic_(1950),routing_scenario,5,Pelagic sharks,catch,4.5586e-05,3.9203959999999997e-05,"Freeze completed living P,Q,diet,predation,accumulation,migration. Solve EE for SM; detritus accumulation absorbs routed inflow at fixed predation. No new consumption is assumed.",SM,0.14
28_28_Central_Atlantic_(1950),routing_scenario,38,Detritus,growth,59.638517995131224,59.63862320466205,"Freeze completed living P,Q,diet,predation,accumulation,migration. Solve EE for SM; detritus accumulation absorbs routed inflow at fixed predation. No new consumption is assumed.",SM,0.14
28_28_Central_Atlantic_(1950),routing_scenario,23,Lg. Bathyd. slp,catch,6.39589e-05,5.500465399999999e-05,"Freeze completed living P,Q,diet,predation,accumulation,migration. Solve EE for SM; detritus accumulation absorbs routed inflow at fixed predation. No new consumption is assumed.",SE,0.14
28_28_Central_Atlantic_(1950),routing_scenario,22,Sm. Bathyd. slp,catch,0.000188149,0.00016180814,"Freeze completed living P,Q,diet,predation,accumulation,migration. Solve EE for SM; detritus accumulation absorbs routed inflow at fixed predation. No new consumption is assumed.",SE,0.14
28_28_Central_Atlantic_(1950),routing_scenario,16,Sm. Epi. fish,catch,3.90985e-05,3.362471e-05,"Freeze completed living P,Q,diet,predation,accumulation,migration. Solve EE for SM; detritus accumulation absorbs routed inflow at fixed predation. No new consumption is assumed.",SE,0.14
28_28_Central_Atlantic_(1950),routing_scenario,15,Md. Epi. fish,catch,0.000124629,0.00010718093999999998,"Freeze completed living P,Q,diet,predation,accumulation,migration. Solve EE for SM; detritus accumulation absorbs routed inflow at fixed predation. No new consumption is assumed.",SE,0.14
28_28_Central_Atlantic_(1950),routing_scenario,14,Lg. Epi. fish,catch,0.000289178,0.00024869308000000003,"Freeze completed living P,Q,diet,predation,accumulation,migration. Solve EE for SM; detritus accumulation absorbs routed inflow at fixed predation. No new consumption is assumed.",SE,0.14
28_28_Central_Atlantic_(1950),routing_scenario,7,Bluefin,catch,8.97249e-07,7.7163414e-07,"Freeze completed living P,Q,diet,predation,accumulation,migration. Solve EE for SM; detritus accumulation absorbs routed inflow at fixed predation. No new consumption is assumed.",SE,0.14
28_28_Central_Atlantic_(1950),routing_scenario,5,Pelagic sharks,catch,4.5586e-05,3.9203959999999997e-05,"Freeze completed living P,Q,diet,predation,accumulation,migration. Solve EE for SM; detritus accumulation absorbs routed inflow at fixed predation. No new consumption is assumed.",SE,0.14
28_28_Central_Atlantic_(1950),routing_scenario,23,Lg. Bathyd. slp,external_loss,0.0,8.954246e-06,"Freeze completed living P,Q,diet,predation,accumulation,migration. Solve EE for SM; detritus accumulation absorbs routed inflow at fixed predation. No new consumption is assumed.",SE,0.14
28_28_Central_Atlantic_(1950),routing_scenario,22,Sm. Bathyd. slp,external_loss,0.0,2.6340860000000004e-05,"Freeze completed living P,Q,diet,predation,accumulation,migration. Solve EE for SM; detritus accumulation absorbs routed inflow at fixed predation. No new consumption is assumed.",SE,0.14
28_28_Central_Atlantic_(1950),routing_scenario,16,Sm. Epi. fish,external_loss,0.0,5.47379e-06,"Freeze completed living P,Q,diet,predation,accumulation,migration. Solve EE for SM; detritus accumulation absorbs routed inflow at fixed predation. No new consumption is assumed.",SE,0.14
28_28_Central_Atlantic_(1950),routing_scenario,15,Md. Epi. fish,external_loss,0.0,1.744806e-05,"Freeze completed living P,Q,diet,predation,accumulation,migration. Solve EE for SM; detritus accumulation absorbs routed inflow at fixed predation. No new consumption is assumed.",SE,0.14
28_28_Central_Atlantic_(1950),routing_scenario,14,Lg. Epi. fish,external_loss,0.0,4.0484920000000004e-05,"Freeze completed living P,Q,diet,predation,accumulation,migration. Solve EE for SM; detritus accumulation absorbs routed inflow at fixed predation. No new consumption is assumed.",SE,0.14
28_28_Central_Atlantic_(1950),routing_scenario,7,Bluefin,external_loss,0.0,1.2561486000000003e-07,"Freeze completed living P,Q,diet,predation,accumulation,migration. Solve EE for SM; detritus accumulation absorbs routed inflow at fixed predation. No new consumption is assumed.",SE,0.14
28_28_Central_Atlantic_(1950),routing_scenario,5,Pelagic sharks,external_loss,0.0,6.38204e-06,"Freeze completed living P,Q,diet,predation,accumulation,migration. Solve EE for SM; detritus accumulation absorbs routed inflow at fixed predation. No new consumption is assumed.",SE,0.14
28_28_Central_Atlantic_(1950),routing_scenario,38,Detritus,p,2777.8730180352595,2777.873130759757,"Freeze completed living P,Q,diet,predation,accumulation,migration. Solve EE for SM; detritus accumulation absorbs routed inflow at fixed predation. No new consumption is assumed.",SM,0.15
28_28_Central_Atlantic_(1950),routing_scenario,38,Detritus,q,2777.8730180352595,2777.873130759757,"Freeze completed living P,Q,diet,predation,accumulation,migration. Solve EE for SM; detritus accumulation absorbs routed inflow at fixed predation. No new consumption is assumed.",SM,0.15
28_28_Central_Atlantic_(1950),routing_scenario,23,Lg. Bathyd. slp,M0,0.00102711515654528,0.00103670899154528,"Freeze completed living P,Q,diet,predation,accumulation,migration. Solve EE for SM; detritus accumulation absorbs routed inflow at fixed predation. No new consumption is assumed.",SM,0.15
28_28_Central_Atlantic_(1950),routing_scenario,22,Sm. Bathyd. slp,M0,0.0012050065457042862,0.0012332288957042862,"Freeze completed living P,Q,diet,predation,accumulation,migration. Solve EE for SM; detritus accumulation absorbs routed inflow at fixed predation. No new consumption is assumed.",SM,0.15
28_28_Central_Atlantic_(1950),routing_scenario,16,Sm. Epi. fish,M0,0.24182934353205143,0.24183520830705144,"Freeze completed living P,Q,diet,predation,accumulation,migration. Solve EE for SM; detritus accumulation absorbs routed inflow at fixed predation. No new consumption is assumed.",SM,0.15
28_28_Central_Atlantic_(1950),routing_scenario,15,Md. Epi. fish,M0,0.010595990159999997,0.010614684509999998,"Freeze completed living P,Q,diet,predation,accumulation,migration. Solve EE for SM; detritus accumulation absorbs routed inflow at fixed predation. No new consumption is assumed.",SM,0.15
28_28_Central_Atlantic_(1950),routing_scenario,14,Lg. Epi. fish,M0,0.0018705422042999994,0.0019139189042999994,"Freeze completed living P,Q,diet,predation,accumulation,migration. Solve EE for SM; detritus accumulation absorbs routed inflow at fixed predation. No new consumption is assumed.",SM,0.15
28_28_Central_Atlantic_(1950),routing_scenario,7,Bluefin,M0,6.160445043768214e-07,7.506318543768214e-07,"Freeze completed living P,Q,diet,predation,accumulation,migration. Solve EE for SM; detritus accumulation absorbs routed inflow at fixed predation. No new consumption is assumed.",SM,0.15
28_28_Central_Atlantic_(1950),routing_scenario,5,Pelagic sharks,M0,0.0018723044925,0.0018791423925,"Freeze completed living P,Q,diet,predation,accumulation,migration. Solve EE for SM; detritus accumulation absorbs routed inflow at fixed predation. No new consumption is assumed.",SM,0.15
28_28_Central_Atlantic_(1950),routing_scenario,23,Lg. Bathyd. slp,EE,0.6591768,0.6559933190396274,"Freeze completed living P,Q,diet,predation,accumulation,migration. Solve EE for SM; detritus accumulation absorbs routed inflow at fixed predation. No new consumption is assumed.",SM,0.15
28_28_Central_Atlantic_(1950),routing_scenario,22,Sm. Bathyd. slp,EE,0.7868606,0.7818686812697376,"Freeze completed living P,Q,diet,predation,accumulation,migration. Solve EE for SM; detritus accumulation absorbs routed inflow at fixed predation. No new consumption is assumed.",SM,0.15
28_28_Central_Atlantic_(1950),routing_scenario,16,Sm. Epi. fish,EE,0.9,0.8999975748290451,"Freeze completed living P,Q,diet,predation,accumulation,migration. Solve EE for SM; detritus accumulation absorbs routed inflow at fixed predation. No new consumption is assumed.",SM,0.15
28_28_Central_Atlantic_(1950),routing_scenario,15,Md. Epi. fish,EE,0.9,0.8998235714669633,"Freeze completed living P,Q,diet,predation,accumulation,migration. Solve EE for SM; detritus accumulation absorbs routed inflow at fixed predation. No new consumption is assumed.",SM,0.15
28_28_Central_Atlantic_(1950),routing_scenario,14,Lg. Epi. fish,EE,0.81,0.8055940192201736,"Freeze completed living P,Q,diet,predation,accumulation,migration. Solve EE for SM; detritus accumulation absorbs routed inflow at fixed predation. No new consumption is assumed.",SM,0.15
28_28_Central_Atlantic_(1950),routing_scenario,7,Bluefin,EE,0.713919759,0.651419759,"Freeze completed living P,Q,diet,predation,accumulation,migration. Solve EE for SM; detritus accumulation absorbs routed inflow at fixed predation. No new consumption is assumed.",SM,0.15
28_28_Central_Atlantic_(1950),routing_scenario,5,Pelagic sharks,EE,0.25,0.2472609022621357,"Freeze completed living P,Q,diet,predation,accumulation,migration. Solve EE for SM; detritus accumulation absorbs routed inflow at fixed predation. No new consumption is assumed.",SM,0.15
28_28_Central_Atlantic_(1950),routing_scenario,23,Lg. Bathyd. slp,catch,6.39589e-05,5.4365064999999996e-05,"Freeze completed living P,Q,diet,predation,accumulation,migration. Solve EE for SM; detritus accumulation absorbs routed inflow at fixed predation. No new consumption is assumed.",SM,0.15
28_28_Central_Atlantic_(1950),routing_scenario,22,Sm. Bathyd. slp,catch,0.000188149,0.00015992665,"Freeze completed living P,Q,diet,predation,accumulation,migration. Solve EE for SM; detritus accumulation absorbs routed inflow at fixed predation. No new consumption is assumed.",SM,0.15
28_28_Central_Atlantic_(1950),routing_scenario,16,Sm. Epi. fish,catch,3.90985e-05,3.3233724999999995e-05,"Freeze completed living P,Q,diet,predation,accumulation,migration. Solve EE for SM; detritus accumulation absorbs routed inflow at fixed predation. No new consumption is assumed.",SM,0.15
28_28_Central_Atlantic_(1950),routing_scenario,15,Md. Epi. fish,catch,0.000124629,0.00010593464999999998,"Freeze completed living P,Q,diet,predation,accumulation,migration. Solve EE for SM; detritus accumulation absorbs routed inflow at fixed predation. No new consumption is assumed.",SM,0.15
28_28_Central_Atlantic_(1950),routing_scenario,14,Lg. Epi. fish,catch,0.000289178,0.0002458013,"Freeze completed living P,Q,diet,predation,accumulation,migration. Solve EE for SM; detritus accumulation absorbs routed inflow at fixed predation. No new consumption is assumed.",SM,0.15
28_28_Central_Atlantic_(1950),routing_scenario,7,Bluefin,catch,8.97249e-07,7.6266165e-07,"Freeze completed living P,Q,diet,predation,accumulation,migration. Solve EE for SM; detritus accumulation absorbs routed inflow at fixed predation. No new consumption is assumed.",SM,0.15
28_28_Central_Atlantic_(1950),routing_scenario,5,Pelagic sharks,catch,4.5586e-05,3.87481e-05,"Freeze completed living P,Q,diet,predation,accumulation,migration. Solve EE for SM; detritus accumulation absorbs routed inflow at fixed predation. No new consumption is assumed.",SM,0.15
28_28_Central_Atlantic_(1950),routing_scenario,38,Detritus,growth,59.638517995131224,59.63863071962851,"Freeze completed living P,Q,diet,predation,accumulation,migration. Solve EE for SM; detritus accumulation absorbs routed inflow at fixed predation. No new consumption is assumed.",SM,0.15
28_28_Central_Atlantic_(1950),routing_scenario,23,Lg. Bathyd. slp,catch,6.39589e-05,5.4365064999999996e-05,"Freeze completed living P,Q,diet,predation,accumulation,migration. Solve EE for SM; detritus accumulation absorbs routed inflow at fixed predation. No new consumption is assumed.",SE,0.15
28_28_Central_Atlantic_(1950),routing_scenario,22,Sm. Bathyd. slp,catch,0.000188149,0.00015992665,"Freeze completed living P,Q,diet,predation,accumulation,migration. Solve EE for SM; detritus accumulation absorbs routed inflow at fixed predation. No new consumption is assumed.",SE,0.15
28_28_Central_Atlantic_(1950),routing_scenario,16,Sm. Epi. fish,catch,3.90985e-05,3.3233724999999995e-05,"Freeze completed living P,Q,diet,predation,accumulation,migration. Solve EE for SM; detritus accumulation absorbs routed inflow at fixed predation. No new consumption is assumed.",SE,0.15
28_28_Central_Atlantic_(1950),routing_scenario,15,Md. Epi. fish,catch,0.000124629,0.00010593464999999998,"Freeze completed living P,Q,diet,predation,accumulation,migration. Solve EE for SM; detritus accumulation absorbs routed inflow at fixed predation. No new consumption is assumed.",SE,0.15
28_28_Central_Atlantic_(1950),routing_scenario,14,Lg. Epi. fish,catch,0.000289178,0.0002458013,"Freeze completed living P,Q,diet,predation,accumulation,migration. Solve EE for SM; detritus accumulation absorbs routed inflow at fixed predation. No new consumption is assumed.",SE,0.15
28_28_Central_Atlantic_(1950),routing_scenario,7,Bluefin,catch,8.97249e-07,7.6266165e-07,"Freeze completed living P,Q,diet,predation,accumulation,migration. Solve EE for SM; detritus accumulation absorbs routed inflow at fixed predation. No new consumption is assumed.",SE,0.15
28_28_Central_Atlantic_(1950),routing_scenario,5,Pelagic sharks,catch,4.5586e-05,3.87481e-05,"Freeze completed living P,Q,diet,predation,accumulation,migration. Solve EE for SM; detritus accumulation absorbs routed inflow at fixed predation. No new consumption is assumed.",SE,0.15
28_28_Central_Atlantic_(1950),routing_scenario,23,Lg. Bathyd. slp,external_loss,0.0,9.593834999999999e-06,"Freeze completed living P,Q,diet,predation,accumulation,migration. Solve EE for SM; detritus accumulation absorbs routed inflow at fixed predation. No new consumption is assumed.",SE,0.15
28_28_Central_Atlantic_(1950),routing_scenario,22,Sm. Bathyd. slp,external_loss,0.0,2.822235e-05,"Freeze completed living P,Q,diet,predation,accumulation,migration. Solve EE for SM; detritus accumulation absorbs routed inflow at fixed predation. No new consumption is assumed.",SE,0.15
28_28_Central_Atlantic_(1950),routing_scenario,16,Sm. Epi. fish,external_loss,0.0,5.864774999999999e-06,"Freeze completed living P,Q,diet,predation,accumulation,migration. Solve EE for SM; detritus accumulation absorbs routed inflow at fixed predation. No new consumption is assumed.",SE,0.15
28_28_Central_Atlantic_(1950),routing_scenario,15,Md. Epi. fish,external_loss,0.0,1.8694349999999998e-05,"Freeze completed living P,Q,diet,predation,accumulation,migration. Solve EE for SM; detritus accumulation absorbs routed inflow at fixed predation. No new consumption is assumed.",SE,0.15
28_28_Central_Atlantic_(1950),routing_scenario,14,Lg. Epi. fish,external_loss,0.0,4.33767e-05,"Freeze completed living P,Q,diet,predation,accumulation,migration. Solve EE for SM; detritus accumulation absorbs routed inflow at fixed predation. No new consumption is assumed.",SE,0.15
28_28_Central_Atlantic_(1950),routing_scenario,7,Bluefin,external_loss,0.0,1.3458735e-07,"Freeze completed living P,Q,diet,predation,accumulation,migration. Solve EE for SM; detritus accumulation absorbs routed inflow at fixed predation. No new consumption is assumed.",SE,0.15
28_28_Central_Atlantic_(1950),routing_scenario,5,Pelagic sharks,external_loss,0.0,6.8379e-06,"Freeze completed living P,Q,diet,predation,accumulation,migration. Solve EE for SM; detritus accumulation absorbs routed inflow at fixed predation. No new consumption is assumed.",SE,0.15
28_28_Central_Atlantic_(1950),routing_scenario,38,Detritus,p,2777.8730180352595,2777.8731382747233,"Freeze completed living P,Q,diet,predation,accumulation,migration. Solve EE for SM; detritus accumulation absorbs routed inflow at fixed predation. No new consumption is assumed.",SM,0.16
28_28_Central_Atlantic_(1950),routing_scenario,38,Detritus,q,2777.8730180352595,2777.8731382747233,"Freeze completed living P,Q,diet,predation,accumulation,migration. Solve EE for SM; detritus accumulation absorbs routed inflow at fixed predation. No new consumption is assumed.",SM,0.16
28_28_Central_Atlantic_(1950),routing_scenario,23,Lg. Bathyd. slp,M0,0.00102711515654528,0.00103734858054528,"Freeze completed living P,Q,diet,predation,accumulation,migration. Solve EE for SM; detritus accumulation absorbs routed inflow at fixed predation. No new consumption is assumed.",SM,0.16
28_28_Central_Atlantic_(1950),routing_scenario,22,Sm. Bathyd. slp,M0,0.0012050065457042862,0.0012351103857042862,"Freeze completed living P,Q,diet,predation,accumulation,migration. Solve EE for SM; detritus accumulation absorbs routed inflow at fixed predation. No new consumption is assumed.",SM,0.16
28_28_Central_Atlantic_(1950),routing_scenario,16,Sm. Epi. fish,M0,0.24182934353205143,0.24183559929205142,"Freeze completed living P,Q,diet,predation,accumulation,migration. Solve EE for SM; detritus accumulation absorbs routed inflow at fixed predation. No new consumption is assumed.",SM,0.16
28_28_Central_Atlantic_(1950),routing_scenario,15,Md. Epi. fish,M0,0.010595990159999997,0.010615930799999998,"Freeze completed living P,Q,diet,predation,accumulation,migration. Solve EE for SM; detritus accumulation absorbs routed inflow at fixed predation. No new consumption is assumed.",SM,0.16
28_28_Central_Atlantic_(1950),routing_scenario,14,Lg. Epi. fish,M0,0.0018705422042999994,0.0019168106842999994,"Freeze completed living P,Q,diet,predation,accumulation,migration. Solve EE for SM; detritus accumulation absorbs routed inflow at fixed predation. No new consumption is assumed.",SM,0.16
28_28_Central_Atlantic_(1950),routing_scenario,7,Bluefin,M0,6.160445043768214e-07,7.596043443768214e-07,"Freeze completed living P,Q,diet,predation,accumulation,migration. Solve EE for SM; detritus accumulation absorbs routed inflow at fixed predation. No new consumption is assumed.",SM,0.16
28_28_Central_Atlantic_(1950),routing_scenario,5,Pelagic sharks,M0,0.0018723044925,0.0018795982525,"Freeze completed living P,Q,diet,predation,accumulation,migration. Solve EE for SM; detritus accumulation absorbs routed inflow at fixed predation. No new consumption is assumed.",SM,0.16
28_28_Central_Atlantic_(1950),routing_scenario,23,Lg. Bathyd. slp,EE,0.6591768,0.6557810869756027,"Freeze completed living P,Q,diet,predation,accumulation,migration. Solve EE for SM; detritus accumulation absorbs routed inflow at fixed predation. No new consumption is assumed.",SM,0.16
28_28_Central_Atlantic_(1950),routing_scenario,22,Sm. Bathyd. slp,EE,0.7868606,0.7815358866877201,"Freeze completed living P,Q,diet,predation,accumulation,migration. Solve EE for SM; detritus accumulation absorbs routed inflow at fixed predation. No new consumption is assumed.",SM,0.16
28_28_Central_Atlantic_(1950),routing_scenario,16,Sm. Epi. fish,EE,0.9,0.8999974131509814,"Freeze completed living P,Q,diet,predation,accumulation,migration. Solve EE for SM; detritus accumulation absorbs routed inflow at fixed predation. No new consumption is assumed.",SM,0.16
28_28_Central_Atlantic_(1950),routing_scenario,15,Md. Epi. fish,EE,0.9,0.8998118095647609,"Freeze completed living P,Q,diet,predation,accumulation,migration. Solve EE for SM; detritus accumulation absorbs routed inflow at fixed predation. No new consumption is assumed.",SM,0.16
28_28_Central_Atlantic_(1950),routing_scenario,14,Lg. Epi. fish,EE,0.81,0.8053002871681851,"Freeze completed living P,Q,diet,predation,accumulation,migration. Solve EE for SM; detritus accumulation absorbs routed inflow at fixed predation. No new consumption is assumed.",SM,0.16
28_28_Central_Atlantic_(1950),routing_scenario,7,Bluefin,EE,0.713919759,0.6472530923333334,"Freeze completed living P,Q,diet,predation,accumulation,migration. Solve EE for SM; detritus accumulation absorbs routed inflow at fixed predation. No new consumption is assumed.",SM,0.16
28_28_Central_Atlantic_(1950),routing_scenario,5,Pelagic sharks,EE,0.25,0.24707829574627804,"Freeze completed living P,Q,diet,predation,accumulation,migration. Solve EE for SM; detritus accumulation absorbs routed inflow at fixed predation. No new consumption is assumed.",SM,0.16
28_28_Central_Atlantic_(1950),routing_scenario,23,Lg. Bathyd. slp,catch,6.39589e-05,5.3725475999999993e-05,"Freeze completed living P,Q,diet,predation,accumulation,migration. Solve EE for SM; detritus accumulation absorbs routed inflow at fixed predation. No new consumption is assumed.",SM,0.16
28_28_Central_Atlantic_(1950),routing_scenario,22,Sm. Bathyd. slp,catch,0.000188149,0.00015804516,"Freeze completed living P,Q,diet,predation,accumulation,migration. Solve EE for SM; detritus accumulation absorbs routed inflow at fixed predation. No new consumption is assumed.",SM,0.16
28_28_Central_Atlantic_(1950),routing_scenario,16,Sm. Epi. fish,catch,3.90985e-05,3.284274e-05,"Freeze completed living P,Q,diet,predation,accumulation,migration. Solve EE for SM; detritus accumulation absorbs routed inflow at fixed predation. No new consumption is assumed.",SM,0.16
28_28_Central_Atlantic_(1950),routing_scenario,15,Md. Epi. fish,catch,0.000124629,0.00010468835999999998,"Freeze completed living P,Q,diet,predation,accumulation,migration. Solve EE for SM; detritus accumulation absorbs routed inflow at fixed predation. No new consumption is assumed.",SM,0.16
28_28_Central_Atlantic_(1950),routing_scenario,14,Lg. Epi. fish,catch,0.000289178,0.00024290952,"Freeze completed living P,Q,diet,predation,accumulation,migration. Solve EE for SM; detritus accumulation absorbs routed inflow at fixed predation. No new consumption is assumed.",SM,0.16
28_28_Central_Atlantic_(1950),routing_scenario,7,Bluefin,catch,8.97249e-07,7.5368916e-07,"Freeze completed living P,Q,diet,predation,accumulation,migration. Solve EE for SM; detritus accumulation absorbs routed inflow at fixed predation. No new consumption is assumed.",SM,0.16
28_28_Central_Atlantic_(1950),routing_scenario,5,Pelagic sharks,catch,4.5586e-05,3.829224e-05,"Freeze completed living P,Q,diet,predation,accumulation,migration. Solve EE for SM; detritus accumulation absorbs routed inflow at fixed predation. No new consumption is assumed.",SM,0.16
28_28_Central_Atlantic_(1950),routing_scenario,38,Detritus,growth,59.638517995131224,59.638638234594964,"Freeze completed living P,Q,diet,predation,accumulation,migration. Solve EE for SM; detritus accumulation absorbs routed inflow at fixed predation. No new consumption is assumed.",SM,0.16
28_28_Central_Atlantic_(1950),routing_scenario,23,Lg. Bathyd. slp,catch,6.39589e-05,5.3725475999999993e-05,"Freeze completed living P,Q,diet,predation,accumulation,migration. Solve EE for SM; detritus accumulation absorbs routed inflow at fixed predation. No new consumption is assumed.",SE,0.16
28_28_Central_Atlantic_(1950),routing_scenario,22,Sm. Bathyd. slp,catch,0.000188149,0.00015804516,"Freeze completed living P,Q,diet,predation,accumulation,migration. Solve EE for SM; detritus accumulation absorbs routed inflow at fixed predation. No new consumption is assumed.",SE,0.16
28_28_Central_Atlantic_(1950),routing_scenario,16,Sm. Epi. fish,catch,3.90985e-05,3.284274e-05,"Freeze completed living P,Q,diet,predation,accumulation,migration. Solve EE for SM; detritus accumulation absorbs routed inflow at fixed predation. No new consumption is assumed.",SE,0.16
28_28_Central_Atlantic_(1950),routing_scenario,15,Md. Epi. fish,catch,0.000124629,0.00010468835999999998,"Freeze completed living P,Q,diet,predation,accumulation,migration. Solve EE for SM; detritus accumulation absorbs routed inflow at fixed predation. No new consumption is assumed.",SE,0.16
28_28_Central_Atlantic_(1950),routing_scenario,14,Lg. Epi. fish,catch,0.000289178,0.00024290952,"Freeze completed living P,Q,diet,predation,accumulation,migration. Solve EE for SM; detritus accumulation absorbs routed inflow at fixed predation. No new consumption is assumed.",SE,0.16
28_28_Central_Atlantic_(1950),routing_scenario,7,Bluefin,catch,8.97249e-07,7.5368916e-07,"Freeze completed living P,Q,diet,predation,accumulation,migration. Solve EE for SM; detritus accumulation absorbs routed inflow at fixed predation. No new consumption is assumed.",SE,0.16
28_28_Central_Atlantic_(1950),routing_scenario,5,Pelagic sharks,catch,4.5586e-05,3.829224e-05,"Freeze completed living P,Q,diet,predation,accumulation,migration. Solve EE for SM; detritus accumulation absorbs routed inflow at fixed predation. No new consumption is assumed.",SE,0.16
28_28_Central_Atlantic_(1950),routing_scenario,23,Lg. Bathyd. slp,external_loss,0.0,1.0233424e-05,"Freeze completed living P,Q,diet,predation,accumulation,migration. Solve EE for SM; detritus accumulation absorbs routed inflow at fixed predation. No new consumption is assumed.",SE,0.16
28_28_Central_Atlantic_(1950),routing_scenario,22,Sm. Bathyd. slp,external_loss,0.0,3.010384e-05,"Freeze completed living P,Q,diet,predation,accumulation,migration. Solve EE for SM; detritus accumulation absorbs routed inflow at fixed predation. No new consumption is assumed.",SE,0.16
28_28_Central_Atlantic_(1950),routing_scenario,16,Sm. Epi. fish,external_loss,0.0,6.25576e-06,"Freeze completed living P,Q,diet,predation,accumulation,migration. Solve EE for SM; detritus accumulation absorbs routed inflow at fixed predation. No new consumption is assumed.",SE,0.16
28_28_Central_Atlantic_(1950),routing_scenario,15,Md. Epi. fish,external_loss,0.0,1.994064e-05,"Freeze completed living P,Q,diet,predation,accumulation,migration. Solve EE for SM; detritus accumulation absorbs routed inflow at fixed predation. No new consumption is assumed.",SE,0.16
28_28_Central_Atlantic_(1950),routing_scenario,14,Lg. Epi. fish,external_loss,0.0,4.6268480000000005e-05,"Freeze completed living P,Q,diet,predation,accumulation,migration. Solve EE for SM; detritus accumulation absorbs routed inflow at fixed predation. No new consumption is assumed.",SE,0.16
28_28_Central_Atlantic_(1950),routing_scenario,7,Bluefin,external_loss,0.0,1.4355984e-07,"Freeze completed living P,Q,diet,predation,accumulation,migration. Solve EE for SM; detritus accumulation absorbs routed inflow at fixed predation. No new consumption is assumed.",SE,0.16
28_28_Central_Atlantic_(1950),routing_scenario,5,Pelagic sharks,external_loss,0.0,7.29376e-06,"Freeze completed living P,Q,diet,predation,accumulation,migration. Solve EE for SM; detritus accumulation absorbs routed inflow at fixed predation. No new consumption is assumed.",SE,0.16
28_28_Central_Atlantic_(1950),routing_scenario,38,Detritus,p,2777.8730180352595,2777.87314578969,"Freeze completed living P,Q,diet,predation,accumulation,migration. Solve EE for SM; detritus accumulation absorbs routed inflow at fixed predation. No new consumption is assumed.",SM,0.17
28_28_Central_Atlantic_(1950),routing_scenario,38,Detritus,q,2777.8730180352595,2777.87314578969,"Freeze completed living P,Q,diet,predation,accumulation,migration. Solve EE for SM; detritus accumulation absorbs routed inflow at fixed predation. No new consumption is assumed.",SM,0.17
28_28_Central_Atlantic_(1950),routing_scenario,23,Lg. Bathyd. slp,M0,0.00102711515654528,0.00103798816954528,"Freeze completed living P,Q,diet,predation,accumulation,migration. Solve EE for SM; detritus accumulation absorbs routed inflow at fixed predation. No new consumption is assumed.",SM,0.17
28_28_Central_Atlantic_(1950),routing_scenario,22,Sm. Bathyd. slp,M0,0.0012050065457042862,0.0012369918757042862,"Freeze completed living P,Q,diet,predation,accumulation,migration. Solve EE for SM; detritus accumulation absorbs routed inflow at fixed predation. No new consumption is assumed.",SM,0.17
28_28_Central_Atlantic_(1950),routing_scenario,16,Sm. Epi. fish,M0,0.24182934353205143,0.24183599027705144,"Freeze completed living P,Q,diet,predation,accumulation,migration. Solve EE for SM; detritus accumulation absorbs routed inflow at fixed predation. No new consumption is assumed.",SM,0.17
28_28_Central_Atlantic_(1950),routing_scenario,15,Md. Epi. fish,M0,0.010595990159999997,0.010617177089999997,"Freeze completed living P,Q,diet,predation,accumulation,migration. Solve EE for SM; detritus accumulation absorbs routed inflow at fixed predation. No new consumption is assumed.",SM,0.17
28_28_Central_Atlantic_(1950),routing_scenario,14,Lg. Epi. fish,M0,0.0018705422042999994,0.0019197024642999994,"Freeze completed living P,Q,diet,predation,accumulation,migration. Solve EE for SM; detritus accumulation absorbs routed inflow at fixed predation. No new consumption is assumed.",SM,0.17
28_28_Central_Atlantic_(1950),routing_scenario,7,Bluefin,M0,6.160445043768214e-07,7.685768343768214e-07,"Freeze completed living P,Q,diet,predation,accumulation,migration. Solve EE for SM; detritus accumulation absorbs routed inflow at fixed predation. No new consumption is assumed.",SM,0.17
28_28_Central_Atlantic_(1950),routing_scenario,5,Pelagic sharks,M0,0.0018723044925,0.0018800541125,"Freeze completed living P,Q,diet,predation,accumulation,migration. Solve EE for SM; detritus accumulation absorbs routed inflow at fixed predation. No new consumption is assumed.",SM,0.17
28_28_Central_Atlantic_(1950),routing_scenario,23,Lg. Bathyd. slp,EE,0.6591768,0.6555688549115778,"Freeze completed living P,Q,diet,predation,accumulation,migration. Solve EE for SM; detritus accumulation absorbs routed inflow at fixed predation. No new consumption is assumed.",SM,0.17
28_28_Central_Atlantic_(1950),routing_scenario,22,Sm. Bathyd. slp,EE,0.7868606,0.7812030921057026,"Freeze completed living P,Q,diet,predation,accumulation,migration. Solve EE for SM; detritus accumulation absorbs routed inflow at fixed predation. No new consumption is assumed.",SM,0.17
28_28_Central_Atlantic_(1950),routing_scenario,16,Sm. Epi. fish,EE,0.9,0.8999972514729176,"Freeze completed living P,Q,diet,predation,accumulation,migration. Solve EE for SM; detritus accumulation absorbs routed inflow at fixed predation. No new consumption is assumed.",SM,0.17
28_28_Central_Atlantic_(1950),routing_scenario,15,Md. Epi. fish,EE,0.9,0.8998000476625585,"Freeze completed living P,Q,diet,predation,accumulation,migration. Solve EE for SM; detritus accumulation absorbs routed inflow at fixed predation. No new consumption is assumed.",SM,0.17
28_28_Central_Atlantic_(1950),routing_scenario,14,Lg. Epi. fish,EE,0.81,0.8050065551161967,"Freeze completed living P,Q,diet,predation,accumulation,migration. Solve EE for SM; detritus accumulation absorbs routed inflow at fixed predation. No new consumption is assumed.",SM,0.17
28_28_Central_Atlantic_(1950),routing_scenario,7,Bluefin,EE,0.713919759,0.6430864256666666,"Freeze completed living P,Q,diet,predation,accumulation,migration. Solve EE for SM; detritus accumulation absorbs routed inflow at fixed predation. No new consumption is assumed.",SM,0.17
28_28_Central_Atlantic_(1950),routing_scenario,5,Pelagic sharks,EE,0.25,0.2468956892304205,"Freeze completed living P,Q,diet,predation,accumulation,migration. Solve EE for SM; detritus accumulation absorbs routed inflow at fixed predation. No new consumption is assumed.",SM,0.17
28_28_Central_Atlantic_(1950),routing_scenario,23,Lg. Bathyd. slp,catch,6.39589e-05,5.308588699999999e-05,"Freeze completed living P,Q,diet,predation,accumulation,migration. Solve EE for SM; detritus accumulation absorbs routed inflow at fixed predation. No new consumption is assumed.",SM,0.17
28_28_Central_Atlantic_(1950),routing_scenario,22,Sm. Bathyd. slp,catch,0.000188149,0.00015616367,"Freeze completed living P,Q,diet,predation,accumulation,migration. Solve EE for SM; detritus accumulation absorbs routed inflow at fixed predation. No new consumption is assumed.",SM,0.17
28_28_Central_Atlantic_(1950),routing_scenario,16,Sm. Epi. fish,catch,3.90985e-05,3.2451755e-05,"Freeze completed living P,Q,diet,predation,accumulation,migration. Solve EE for SM; detritus accumulation absorbs routed inflow at fixed predation. No new consumption is assumed.",SM,0.17
28_28_Central_Atlantic_(1950),routing_scenario,15,Md. Epi. fish,catch,0.000124629,0.00010344206999999998,"Freeze completed living P,Q,diet,predation,accumulation,migration. Solve EE for SM; detritus accumulation absorbs routed inflow at fixed predation. No new consumption is assumed.",SM,0.17
28_28_Central_Atlantic_(1950),routing_scenario,14,Lg. Epi. fish,catch,0.000289178,0.00024001774,"Freeze completed living P,Q,diet,predation,accumulation,migration. Solve EE for SM; detritus accumulation absorbs routed inflow at fixed predation. No new consumption is assumed.",SM,0.17
28_28_Central_Atlantic_(1950),routing_scenario,7,Bluefin,catch,8.97249e-07,7.4471667e-07,"Freeze completed living P,Q,diet,predation,accumulation,migration. Solve EE for SM; detritus accumulation absorbs routed inflow at fixed predation. No new consumption is assumed.",SM,0.17
28_28_Central_Atlantic_(1950),routing_scenario,5,Pelagic sharks,catch,4.5586e-05,3.783638e-05,"Freeze completed living P,Q,diet,predation,accumulation,migration. Solve EE for SM; detritus accumulation absorbs routed inflow at fixed predation. No new consumption is assumed.",SM,0.17
28_28_Central_Atlantic_(1950),routing_scenario,38,Detritus,growth,59.638517995131224,59.638645749561874,"Freeze completed living P,Q,diet,predation,accumulation,migration. Solve EE for SM; detritus accumulation absorbs routed inflow at fixed predation. No new consumption is assumed.",SM,0.17
28_28_Central_Atlantic_(1950),routing_scenario,23,Lg. Bathyd. slp,catch,6.39589e-05,5.308588699999999e-05,"Freeze completed living P,Q,diet,predation,accumulation,migration. Solve EE for SM; detritus accumulation absorbs routed inflow at fixed predation. No new consumption is assumed.",SE,0.17
28_28_Central_Atlantic_(1950),routing_scenario,22,Sm. Bathyd. slp,catch,0.000188149,0.00015616367,"Freeze completed living P,Q,diet,predation,accumulation,migration. Solve EE for SM; detritus accumulation absorbs routed inflow at fixed predation. No new consumption is assumed.",SE,0.17
28_28_Central_Atlantic_(1950),routing_scenario,16,Sm. Epi. fish,catch,3.90985e-05,3.2451755e-05,"Freeze completed living P,Q,diet,predation,accumulation,migration. Solve EE for SM; detritus accumulation absorbs routed inflow at fixed predation. No new consumption is assumed.",SE,0.17
28_28_Central_Atlantic_(1950),routing_scenario,15,Md. Epi. fish,catch,0.000124629,0.00010344206999999998,"Freeze completed living P,Q,diet,predation,accumulation,migration. Solve EE for SM; detritus accumulation absorbs routed inflow at fixed predation. No new consumption is assumed.",SE,0.17
28_28_Central_Atlantic_(1950),routing_scenario,14,Lg. Epi. fish,catch,0.000289178,0.00024001774,"Freeze completed living P,Q,diet,predation,accumulation,migration. Solve EE for SM; detritus accumulation absorbs routed inflow at fixed predation. No new consumption is assumed.",SE,0.17
28_28_Central_Atlantic_(1950),routing_scenario,7,Bluefin,catch,8.97249e-07,7.4471667e-07,"Freeze completed living P,Q,diet,predation,accumulation,migration. Solve EE for SM; detritus accumulation absorbs routed inflow at fixed predation. No new consumption is assumed.",SE,0.17
28_28_Central_Atlantic_(1950),routing_scenario,5,Pelagic sharks,catch,4.5586e-05,3.783638e-05,"Freeze completed living P,Q,diet,predation,accumulation,migration. Solve EE for SM; detritus accumulation absorbs routed inflow at fixed predation. No new consumption is assumed.",SE,0.17
28_28_Central_Atlantic_(1950),routing_scenario,23,Lg. Bathyd. slp,external_loss,0.0,1.0873013e-05,"Freeze completed living P,Q,diet,predation,accumulation,migration. Solve EE for SM; detritus accumulation absorbs routed inflow at fixed predation. No new consumption is assumed.",SE,0.17
28_28_Central_Atlantic_(1950),routing_scenario,22,Sm. Bathyd. slp,external_loss,0.0,3.198533e-05,"Freeze completed living P,Q,diet,predation,accumulation,migration. Solve EE for SM; detritus accumulation absorbs routed inflow at fixed predation. No new consumption is assumed.",SE,0.17
28_28_Central_Atlantic_(1950),routing_scenario,16,Sm. Epi. fish,external_loss,0.0,6.646745e-06,"Freeze completed living P,Q,diet,predation,accumulation,migration. Solve EE for SM; detritus accumulation absorbs routed inflow at fixed predation. No new consumption is assumed.",SE,0.17
28_28_Central_Atlantic_(1950),routing_scenario,15,Md. Epi. fish,external_loss,0.0,2.118693e-05,"Freeze completed living P,Q,diet,predation,accumulation,migration. Solve EE for SM; detritus accumulation absorbs routed inflow at fixed predation. No new consumption is assumed.",SE,0.17
28_28_Central_Atlantic_(1950),routing_scenario,14,Lg. Epi. fish,external_loss,0.0,4.916026000000001e-05,"Freeze completed living P,Q,diet,predation,accumulation,migration. Solve EE for SM; detritus accumulation absorbs routed inflow at fixed predation. No new consumption is assumed.",SE,0.17
28_28_Central_Atlantic_(1950),routing_scenario,7,Bluefin,external_loss,0.0,1.5253233e-07,"Freeze completed living P,Q,diet,predation,accumulation,migration. Solve EE for SM; detritus accumulation absorbs routed inflow at fixed predation. No new consumption is assumed.",SE,0.17
28_28_Central_Atlantic_(1950),routing_scenario,5,Pelagic sharks,external_loss,0.0,7.749620000000001e-06,"Freeze completed living P,Q,diet,predation,accumulation,migration. Solve EE for SM; detritus accumulation absorbs routed inflow at fixed predation. No new consumption is assumed.",SE,0.17
28_28_Central_Atlantic_(1950),routing_scenario,38,Detritus,p,2777.8730180352595,2777.873153304656,"Freeze completed living P,Q,diet,predation,accumulation,migration. Solve EE for SM; detritus accumulation absorbs routed inflow at fixed predation. No new consumption is assumed.",SM,0.18
28_28_Central_Atlantic_(1950),routing_scenario,38,Detritus,q,2777.8730180352595,2777.873153304656,"Freeze completed living P,Q,diet,predation,accumulation,migration. Solve EE for SM; detritus accumulation absorbs routed inflow at fixed predation. No new consumption is assumed.",SM,0.18
28_28_Central_Atlantic_(1950),routing_scenario,23,Lg. Bathyd. slp,M0,0.00102711515654528,0.00103862775854528,"Freeze completed living P,Q,diet,predation,accumulation,migration. Solve EE for SM; detritus accumulation absorbs routed inflow at fixed predation. No new consumption is assumed.",SM,0.18
28_28_Central_Atlantic_(1950),routing_scenario,22,Sm. Bathyd. slp,M0,0.0012050065457042862,0.0012388733657042862,"Freeze completed living P,Q,diet,predation,accumulation,migration. Solve EE for SM; detritus accumulation absorbs routed inflow at fixed predation. No new consumption is assumed.",SM,0.18
28_28_Central_Atlantic_(1950),routing_scenario,16,Sm. Epi. fish,M0,0.24182934353205143,0.24183638126205143,"Freeze completed living P,Q,diet,predation,accumulation,migration. Solve EE for SM; detritus accumulation absorbs routed inflow at fixed predation. No new consumption is assumed.",SM,0.18
28_28_Central_Atlantic_(1950),routing_scenario,15,Md. Epi. fish,M0,0.010595990159999997,0.010618423379999997,"Freeze completed living P,Q,diet,predation,accumulation,migration. Solve EE for SM; detritus accumulation absorbs routed inflow at fixed predation. No new consumption is assumed.",SM,0.18
28_28_Central_Atlantic_(1950),routing_scenario,14,Lg. Epi. fish,M0,0.0018705422042999994,0.0019225942442999994,"Freeze completed living P,Q,diet,predation,accumulation,migration. Solve EE for SM; detritus accumulation absorbs routed inflow at fixed predation. No new consumption is assumed.",SM,0.18
28_28_Central_Atlantic_(1950),routing_scenario,7,Bluefin,M0,6.160445043768214e-07,7.775493243768214e-07,"Freeze completed living P,Q,diet,predation,accumulation,migration. Solve EE for SM; detritus accumulation absorbs routed inflow at fixed predation. No new consumption is assumed.",SM,0.18
28_28_Central_Atlantic_(1950),routing_scenario,5,Pelagic sharks,M0,0.0018723044925,0.0018805099725,"Freeze completed living P,Q,diet,predation,accumulation,migration. Solve EE for SM; detritus accumulation absorbs routed inflow at fixed predation. No new consumption is assumed.",SM,0.18
28_28_Central_Atlantic_(1950),routing_scenario,23,Lg. Bathyd. slp,EE,0.6591768,0.6553566228475529,"Freeze completed living P,Q,diet,predation,accumulation,migration. Solve EE for SM; detritus accumulation absorbs routed inflow at fixed predation. No new consumption is assumed.",SM,0.18
28_28_Central_Atlantic_(1950),routing_scenario,22,Sm. Bathyd. slp,EE,0.7868606,0.7808702975236852,"Freeze completed living P,Q,diet,predation,accumulation,migration. Solve EE for SM; detritus accumulation absorbs routed inflow at fixed predation. No new consumption is assumed.",SM,0.18
28_28_Central_Atlantic_(1950),routing_scenario,16,Sm. Epi. fish,EE,0.9,0.899997089794854,"Freeze completed living P,Q,diet,predation,accumulation,migration. Solve EE for SM; detritus accumulation absorbs routed inflow at fixed predation. No new consumption is assumed.",SM,0.18
28_28_Central_Atlantic_(1950),routing_scenario,15,Md. Epi. fish,EE,0.9,0.899788285760356,"Freeze completed living P,Q,diet,predation,accumulation,migration. Solve EE for SM; detritus accumulation absorbs routed inflow at fixed predation. No new consumption is assumed.",SM,0.18
28_28_Central_Atlantic_(1950),routing_scenario,14,Lg. Epi. fish,EE,0.81,0.8047128230642083,"Freeze completed living P,Q,diet,predation,accumulation,migration. Solve EE for SM; detritus accumulation absorbs routed inflow at fixed predation. No new consumption is assumed.",SM,0.18
28_28_Central_Atlantic_(1950),routing_scenario,7,Bluefin,EE,0.713919759,0.638919759,"Freeze completed living P,Q,diet,predation,accumulation,migration. Solve EE for SM; detritus accumulation absorbs routed inflow at fixed predation. No new consumption is assumed.",SM,0.18
28_28_Central_Atlantic_(1950),routing_scenario,5,Pelagic sharks,EE,0.25,0.24671308271456283,"Freeze completed living P,Q,diet,predation,accumulation,migration. Solve EE for SM; detritus accumulation absorbs routed inflow at fixed predation. No new consumption is assumed.",SM,0.18
28_28_Central_Atlantic_(1950),routing_scenario,23,Lg. Bathyd. slp,catch,6.39589e-05,5.2446298e-05,"Freeze completed living P,Q,diet,predation,accumulation,migration. Solve EE for SM; detritus accumulation absorbs routed inflow at fixed predation. No new consumption is assumed.",SM,0.18
28_28_Central_Atlantic_(1950),routing_scenario,22,Sm. Bathyd. slp,catch,0.000188149,0.00015428218,"Freeze completed living P,Q,diet,predation,accumulation,migration. Solve EE for SM; detritus accumulation absorbs routed inflow at fixed predation. No new consumption is assumed.",SM,0.18
28_28_Central_Atlantic_(1950),routing_scenario,16,Sm. Epi. fish,catch,3.90985e-05,3.206077e-05,"Freeze completed living P,Q,diet,predation,accumulation,migration. Solve EE for SM; detritus accumulation absorbs routed inflow at fixed predation. No new consumption is assumed.",SM,0.18
28_28_Central_Atlantic_(1950),routing_scenario,15,Md. Epi. fish,catch,0.000124629,0.00010219578,"Freeze completed living P,Q,diet,predation,accumulation,migration. Solve EE for SM; detritus accumulation absorbs routed inflow at fixed predation. No new consumption is assumed.",SM,0.18
28_28_Central_Atlantic_(1950),routing_scenario,14,Lg. Epi. fish,catch,0.000289178,0.00023712596000000004,"Freeze completed living P,Q,diet,predation,accumulation,migration. Solve EE for SM; detritus accumulation absorbs routed inflow at fixed predation. No new consumption is assumed.",SM,0.18
28_28_Central_Atlantic_(1950),routing_scenario,7,Bluefin,catch,8.97249e-07,7.357441800000001e-07,"Freeze completed living P,Q,diet,predation,accumulation,migration. Solve EE for SM; detritus accumulation absorbs routed inflow at fixed predation. No new consumption is assumed.",SM,0.18
28_28_Central_Atlantic_(1950),routing_scenario,5,Pelagic sharks,catch,4.5586e-05,3.738052e-05,"Freeze completed living P,Q,diet,predation,accumulation,migration. Solve EE for SM; detritus accumulation absorbs routed inflow at fixed predation. No new consumption is assumed.",SM,0.18
28_28_Central_Atlantic_(1950),routing_scenario,38,Detritus,growth,59.638517995131224,59.638653264527875,"Freeze completed living P,Q,diet,predation,accumulation,migration. Solve EE for SM; detritus accumulation absorbs routed inflow at fixed predation. No new consumption is assumed.",SM,0.18
28_28_Central_Atlantic_(1950),routing_scenario,23,Lg. Bathyd. slp,catch,6.39589e-05,5.2446298e-05,"Freeze completed living P,Q,diet,predation,accumulation,migration. Solve EE for SM; detritus accumulation absorbs routed inflow at fixed predation. No new consumption is assumed.",SE,0.18
28_28_Central_Atlantic_(1950),routing_scenario,22,Sm. Bathyd. slp,catch,0.000188149,0.00015428218,"Freeze completed living P,Q,diet,predation,accumulation,migration. Solve EE for SM; detritus accumulation absorbs routed inflow at fixed predation. No new consumption is assumed.",SE,0.18
28_28_Central_Atlantic_(1950),routing_scenario,16,Sm. Epi. fish,catch,3.90985e-05,3.206077e-05,"Freeze completed living P,Q,diet,predation,accumulation,migration. Solve EE for SM; detritus accumulation absorbs routed inflow at fixed predation. No new consumption is assumed.",SE,0.18
28_28_Central_Atlantic_(1950),routing_scenario,15,Md. Epi. fish,catch,0.000124629,0.00010219578,"Freeze completed living P,Q,diet,predation,accumulation,migration. Solve EE for SM; detritus accumulation absorbs routed inflow at fixed predation. No new consumption is assumed.",SE,0.18
28_28_Central_Atlantic_(1950),routing_scenario,14,Lg. Epi. fish,catch,0.000289178,0.00023712596000000004,"Freeze completed living P,Q,diet,predation,accumulation,migration. Solve EE for SM; detritus accumulation absorbs routed inflow at fixed predation. No new consumption is assumed.",SE,0.18
28_28_Central_Atlantic_(1950),routing_scenario,7,Bluefin,catch,8.97249e-07,7.357441800000001e-07,"Freeze completed living P,Q,diet,predation,accumulation,migration. Solve EE for SM; detritus accumulation absorbs routed inflow at fixed predation. No new consumption is assumed.",SE,0.18
28_28_Central_Atlantic_(1950),routing_scenario,5,Pelagic sharks,catch,4.5586e-05,3.738052e-05,"Freeze completed living P,Q,diet,predation,accumulation,migration. Solve EE for SM; detritus accumulation absorbs routed inflow at fixed predation. No new consumption is assumed.",SE,0.18
28_28_Central_Atlantic_(1950),routing_scenario,23,Lg. Bathyd. slp,external_loss,0.0,1.1512602e-05,"Freeze completed living P,Q,diet,predation,accumulation,migration. Solve EE for SM; detritus accumulation absorbs routed inflow at fixed predation. No new consumption is assumed.",SE,0.18
28_28_Central_Atlantic_(1950),routing_scenario,22,Sm. Bathyd. slp,external_loss,0.0,3.386682e-05,"Freeze completed living P,Q,diet,predation,accumulation,migration. Solve EE for SM; detritus accumulation absorbs routed inflow at fixed predation. No new consumption is assumed.",SE,0.18
28_28_Central_Atlantic_(1950),routing_scenario,16,Sm. Epi. fish,external_loss,0.0,7.037729999999999e-06,"Freeze completed living P,Q,diet,predation,accumulation,migration. Solve EE for SM; detritus accumulation absorbs routed inflow at fixed predation. No new consumption is assumed.",SE,0.18
28_28_Central_Atlantic_(1950),routing_scenario,15,Md. Epi. fish,external_loss,0.0,2.243322e-05,"Freeze completed living P,Q,diet,predation,accumulation,migration. Solve EE for SM; detritus accumulation absorbs routed inflow at fixed predation. No new consumption is assumed.",SE,0.18
28_28_Central_Atlantic_(1950),routing_scenario,14,Lg. Epi. fish,external_loss,0.0,5.205204e-05,"Freeze completed living P,Q,diet,predation,accumulation,migration. Solve EE for SM; detritus accumulation absorbs routed inflow at fixed predation. No new consumption is assumed.",SE,0.18
28_28_Central_Atlantic_(1950),routing_scenario,7,Bluefin,external_loss,0.0,1.6150482e-07,"Freeze completed living P,Q,diet,predation,accumulation,migration. Solve EE for SM; detritus accumulation absorbs routed inflow at fixed predation. No new consumption is assumed.",SE,0.18
28_28_Central_Atlantic_(1950),routing_scenario,5,Pelagic sharks,external_loss,0.0,8.20548e-06,"Freeze completed living P,Q,diet,predation,accumulation,migration. Solve EE for SM; detritus accumulation absorbs routed inflow at fixed predation. No new consumption is assumed.",SE,0.18
28_28_Central_Atlantic_(1950),routing_scenario,38,Detritus,p,2777.8730180352595,2777.8731608196226,"Freeze completed living P,Q,diet,predation,accumulation,migration. Solve EE for SM; detritus accumulation absorbs routed inflow at fixed predation. No new consumption is assumed.",SM,0.19
28_28_Central_Atlantic_(1950),routing_scenario,38,Detritus,q,2777.8730180352595,2777.8731608196226,"Freeze completed living P,Q,diet,predation,accumulation,migration. Solve EE for SM; detritus accumulation absorbs routed inflow at fixed predation. No new consumption is assumed.",SM,0.19
28_28_Central_Atlantic_(1950),routing_scenario,23,Lg. Bathyd. slp,M0,0.00102711515654528,0.00103926734754528,"Freeze completed living P,Q,diet,predation,accumulation,migration. Solve EE for SM; detritus accumulation absorbs routed inflow at fixed predation. No new consumption is assumed.",SM,0.19
28_28_Central_Atlantic_(1950),routing_scenario,22,Sm. Bathyd. slp,M0,0.0012050065457042862,0.0012407548557042862,"Freeze completed living P,Q,diet,predation,accumulation,migration. Solve EE for SM; detritus accumulation absorbs routed inflow at fixed predation. No new consumption is assumed.",SM,0.19
28_28_Central_Atlantic_(1950),routing_scenario,16,Sm. Epi. fish,M0,0.24182934353205143,0.24183677224705144,"Freeze completed living P,Q,diet,predation,accumulation,migration. Solve EE for SM; detritus accumulation absorbs routed inflow at fixed predation. No new consumption is assumed.",SM,0.19
28_28_Central_Atlantic_(1950),routing_scenario,15,Md. Epi. fish,M0,0.010595990159999997,0.010619669669999996,"Freeze completed living P,Q,diet,predation,accumulation,migration. Solve EE for SM; detritus accumulation absorbs routed inflow at fixed predation. No new consumption is assumed.",SM,0.19
28_28_Central_Atlantic_(1950),routing_scenario,14,Lg. Epi. fish,M0,0.0018705422042999994,0.0019254860242999994,"Freeze completed living P,Q,diet,predation,accumulation,migration. Solve EE for SM; detritus accumulation absorbs routed inflow at fixed predation. No new consumption is assumed.",SM,0.19
28_28_Central_Atlantic_(1950),routing_scenario,7,Bluefin,M0,6.160445043768214e-07,7.865218143768214e-07,"Freeze completed living P,Q,diet,predation,accumulation,migration. Solve EE for SM; detritus accumulation absorbs routed inflow at fixed predation. No new consumption is assumed.",SM,0.19
28_28_Central_Atlantic_(1950),routing_scenario,5,Pelagic sharks,M0,0.0018723044925,0.0018809658325,"Freeze completed living P,Q,diet,predation,accumulation,migration. Solve EE for SM; detritus accumulation absorbs routed inflow at fixed predation. No new consumption is assumed.",SM,0.19
28_28_Central_Atlantic_(1950),routing_scenario,23,Lg. Bathyd. slp,EE,0.6591768,0.6551443907835282,"Freeze completed living P,Q,diet,predation,accumulation,migration. Solve EE for SM; detritus accumulation absorbs routed inflow at fixed predation. No new consumption is assumed.",SM,0.19
28_28_Central_Atlantic_(1950),routing_scenario,22,Sm. Bathyd. slp,EE,0.7868606,0.7805375029416677,"Freeze completed living P,Q,diet,predation,accumulation,migration. Solve EE for SM; detritus accumulation absorbs routed inflow at fixed predation. No new consumption is assumed.",SM,0.19
28_28_Central_Atlantic_(1950),routing_scenario,16,Sm. Epi. fish,EE,0.9,0.8999969281167903,"Freeze completed living P,Q,diet,predation,accumulation,migration. Solve EE for SM; detritus accumulation absorbs routed inflow at fixed predation. No new consumption is assumed.",SM,0.19
28_28_Central_Atlantic_(1950),routing_scenario,15,Md. Epi. fish,EE,0.9,0.8997765238581535,"Freeze completed living P,Q,diet,predation,accumulation,migration. Solve EE for SM; detritus accumulation absorbs routed inflow at fixed predation. No new consumption is assumed.",SM,0.19
28_28_Central_Atlantic_(1950),routing_scenario,14,Lg. Epi. fish,EE,0.81,0.8044190910122199,"Freeze completed living P,Q,diet,predation,accumulation,migration. Solve EE for SM; detritus accumulation absorbs routed inflow at fixed predation. No new consumption is assumed.",SM,0.19
28_28_Central_Atlantic_(1950),routing_scenario,7,Bluefin,EE,0.713919759,0.6347530923333333,"Freeze completed living P,Q,diet,predation,accumulation,migration. Solve EE for SM; detritus accumulation absorbs routed inflow at fixed predation. No new consumption is assumed.",SM,0.19
28_28_Central_Atlantic_(1950),routing_scenario,5,Pelagic sharks,EE,0.25,0.24653047619870516,"Freeze completed living P,Q,diet,predation,accumulation,migration. Solve EE for SM; detritus accumulation absorbs routed inflow at fixed predation. No new consumption is assumed.",SM,0.19
28_28_Central_Atlantic_(1950),routing_scenario,23,Lg. Bathyd. slp,catch,6.39589e-05,5.1806709e-05,"Freeze completed living P,Q,diet,predation,accumulation,migration. Solve EE for SM; detritus accumulation absorbs routed inflow at fixed predation. No new consumption is assumed.",SM,0.19
28_28_Central_Atlantic_(1950),routing_scenario,22,Sm. Bathyd. slp,catch,0.000188149,0.00015240069000000003,"Freeze completed living P,Q,diet,predation,accumulation,migration. Solve EE for SM; detritus accumulation absorbs routed inflow at fixed predation. No new consumption is assumed.",SM,0.19
28_28_Central_Atlantic_(1950),routing_scenario,16,Sm. Epi. fish,catch,3.90985e-05,3.1669785e-05,"Freeze completed living P,Q,diet,predation,accumulation,migration. Solve EE for SM; detritus accumulation absorbs routed inflow at fixed predation. No new consumption is assumed.",SM,0.19
28_28_Central_Atlantic_(1950),routing_scenario,15,Md. Epi. fish,catch,0.000124629,0.00010094948999999999,"Freeze completed living P,Q,diet,predation,accumulation,migration. Solve EE for SM; detritus accumulation absorbs routed inflow at fixed predation. No new consumption is assumed.",SM,0.19
28_28_Central_Atlantic_(1950),routing_scenario,14,Lg. Epi. fish,catch,0.000289178,0.00023423418000000003,"Freeze completed living P,Q,diet,predation,accumulation,migration. Solve EE for SM; detritus accumulation absorbs routed inflow at fixed predation. No new consumption is assumed.",SM,0.19
28_28_Central_Atlantic_(1950),routing_scenario,7,Bluefin,catch,8.97249e-07,7.267716900000001e-07,"Freeze completed living P,Q,diet,predation,accumulation,migration. Solve EE for SM; detritus accumulation absorbs routed inflow at fixed predation. No new consumption is assumed.",SM,0.19
28_28_Central_Atlantic_(1950),routing_scenario,5,Pelagic sharks,catch,4.5586e-05,3.692466e-05,"Freeze completed living P,Q,diet,predation,accumulation,migration. Solve EE for SM; detritus accumulation absorbs routed inflow at fixed predation. No new consumption is assumed.",SM,0.19
28_28_Central_Atlantic_(1950),routing_scenario,38,Detritus,growth,59.638517995131224,59.63866077949433,"Freeze completed living P,Q,diet,predation,accumulation,migration. Solve EE for SM; detritus accumulation absorbs routed inflow at fixed predation. No new consumption is assumed.",SM,0.19
28_28_Central_Atlantic_(1950),routing_scenario,23,Lg. Bathyd. slp,catch,6.39589e-05,5.1806709e-05,"Freeze completed living P,Q,diet,predation,accumulation,migration. Solve EE for SM; detritus accumulation absorbs routed inflow at fixed predation. No new consumption is assumed.",SE,0.19
28_28_Central_Atlantic_(1950),routing_scenario,22,Sm. Bathyd. slp,catch,0.000188149,0.00015240069000000003,"Freeze completed living P,Q,diet,predation,accumulation,migration. Solve EE for SM; detritus accumulation absorbs routed inflow at fixed predation. No new consumption is assumed.",SE,0.19
28_28_Central_Atlantic_(1950),routing_scenario,16,Sm. Epi. fish,catch,3.90985e-05,3.1669785e-05,"Freeze completed living P,Q,diet,predation,accumulation,migration. Solve EE for SM; detritus accumulation absorbs routed inflow at fixed predation. No new consumption is assumed.",SE,0.19
28_28_Central_Atlantic_(1950),routing_scenario,15,Md. Epi. fish,catch,0.000124629,0.00010094948999999999,"Freeze completed living P,Q,diet,predation,accumulation,migration. Solve EE for SM; detritus accumulation absorbs routed inflow at fixed predation. No new consumption is assumed.",SE,0.19
28_28_Central_Atlantic_(1950),routing_scenario,14,Lg. Epi. fish,catch,0.000289178,0.00023423418000000003,"Freeze completed living P,Q,diet,predation,accumulation,migration. Solve EE for SM; detritus accumulation absorbs routed inflow at fixed predation. No new consumption is assumed.",SE,0.19
28_28_Central_Atlantic_(1950),routing_scenario,7,Bluefin,catch,8.97249e-07,7.267716900000001e-07,"Freeze completed living P,Q,diet,predation,accumulation,migration. Solve EE for SM; detritus accumulation absorbs routed inflow at fixed predation. No new consumption is assumed.",SE,0.19
28_28_Central_Atlantic_(1950),routing_scenario,5,Pelagic sharks,catch,4.5586e-05,3.692466e-05,"Freeze completed living P,Q,diet,predation,accumulation,migration. Solve EE for SM; detritus accumulation absorbs routed inflow at fixed predation. No new consumption is assumed.",SE,0.19
28_28_Central_Atlantic_(1950),routing_scenario,23,Lg. Bathyd. slp,external_loss,0.0,1.2152190999999999e-05,"Freeze completed living P,Q,diet,predation,accumulation,migration. Solve EE for SM; detritus accumulation absorbs routed inflow at fixed predation. No new consumption is assumed.",SE,0.19
28_28_Central_Atlantic_(1950),routing_scenario,22,Sm. Bathyd. slp,external_loss,0.0,3.574831e-05,"Freeze completed living P,Q,diet,predation,accumulation,migration. Solve EE for SM; detritus accumulation absorbs routed inflow at fixed predation. No new consumption is assumed.",SE,0.19
28_28_Central_Atlantic_(1950),routing_scenario,16,Sm. Epi. fish,external_loss,0.0,7.428715e-06,"Freeze completed living P,Q,diet,predation,accumulation,migration. Solve EE for SM; detritus accumulation absorbs routed inflow at fixed predation. No new consumption is assumed.",SE,0.19
28_28_Central_Atlantic_(1950),routing_scenario,15,Md. Epi. fish,external_loss,0.0,2.3679509999999996e-05,"Freeze completed living P,Q,diet,predation,accumulation,migration. Solve EE for SM; detritus accumulation absorbs routed inflow at fixed predation. No new consumption is assumed.",SE,0.19
28_28_Central_Atlantic_(1950),routing_scenario,14,Lg. Epi. fish,external_loss,0.0,5.494382e-05,"Freeze completed living P,Q,diet,predation,accumulation,migration. Solve EE for SM; detritus accumulation absorbs routed inflow at fixed predation. No new consumption is assumed.",SE,0.19
28_28_Central_Atlantic_(1950),routing_scenario,7,Bluefin,external_loss,0.0,1.7047731e-07,"Freeze completed living P,Q,diet,predation,accumulation,migration. Solve EE for SM; detritus accumulation absorbs routed inflow at fixed predation. No new consumption is assumed.",SE,0.19
28_28_Central_Atlantic_(1950),routing_scenario,5,Pelagic sharks,external_loss,0.0,8.66134e-06,"Freeze completed living P,Q,diet,predation,accumulation,migration. Solve EE for SM; detritus accumulation absorbs routed inflow at fixed predation. No new consumption is assumed.",SE,0.19
28_28_Central_Atlantic_(1950),routing_scenario,38,Detritus,p,2777.8730180352595,2777.8731683345895,"Freeze completed living P,Q,diet,predation,accumulation,migration. Solve EE for SM; detritus accumulation absorbs routed inflow at fixed predation. No new consumption is assumed.",SM,0.2
28_28_Central_Atlantic_(1950),routing_scenario,38,Detritus,q,2777.8730180352595,2777.8731683345895,"Freeze completed living P,Q,diet,predation,accumulation,migration. Solve EE for SM; detritus accumulation absorbs routed inflow at fixed predation. No new consumption is assumed.",SM,0.2
28_28_Central_Atlantic_(1950),routing_scenario,23,Lg. Bathyd. slp,M0,0.00102711515654528,0.00103990693654528,"Freeze completed living P,Q,diet,predation,accumulation,migration. Solve EE for SM; detritus accumulation absorbs routed inflow at fixed predation. No new consumption is assumed.",SM,0.2
28_28_Central_Atlantic_(1950),routing_scenario,22,Sm. Bathyd. slp,M0,0.0012050065457042862,0.0012426363457042862,"Freeze completed living P,Q,diet,predation,accumulation,migration. Solve EE for SM; detritus accumulation absorbs routed inflow at fixed predation. No new consumption is assumed.",SM,0.2
28_28_Central_Atlantic_(1950),routing_scenario,16,Sm. Epi. fish,M0,0.24182934353205143,0.24183716323205143,"Freeze completed living P,Q,diet,predation,accumulation,migration. Solve EE for SM; detritus accumulation absorbs routed inflow at fixed predation. No new consumption is assumed.",SM,0.2
28_28_Central_Atlantic_(1950),routing_scenario,15,Md. Epi. fish,M0,0.010595990159999997,0.010620915959999998,"Freeze completed living P,Q,diet,predation,accumulation,migration. Solve EE for SM; detritus accumulation absorbs routed inflow at fixed predation. No new consumption is assumed.",SM,0.2
28_28_Central_Atlantic_(1950),routing_scenario,14,Lg. Epi. fish,M0,0.0018705422042999994,0.0019283778042999994,"Freeze completed living P,Q,diet,predation,accumulation,migration. Solve EE for SM; detritus accumulation absorbs routed inflow at fixed predation. No new consumption is assumed.",SM,0.2
28_28_Central_Atlantic_(1950),routing_scenario,7,Bluefin,M0,6.160445043768214e-07,7.954943043768215e-07,"Freeze completed living P,Q,diet,predation,accumulation,migration. Solve EE for SM; detritus accumulation absorbs routed inflow at fixed predation. No new consumption is assumed.",SM,0.2
28_28_Central_Atlantic_(1950),routing_scenario,5,Pelagic sharks,M0,0.0018723044925,0.0018814216925,"Freeze completed living P,Q,diet,predation,accumulation,migration. Solve EE for SM; detritus accumulation absorbs routed inflow at fixed predation. No new consumption is assumed.",SM,0.2
28_28_Central_Atlantic_(1950),routing_scenario,23,Lg. Bathyd. slp,EE,0.6591768,0.6549321587195032,"Freeze completed living P,Q,diet,predation,accumulation,migration. Solve EE for SM; detritus accumulation absorbs routed inflow at fixed predation. No new consumption is assumed.",SM,0.2
28_28_Central_Atlantic_(1950),routing_scenario,22,Sm. Bathyd. slp,EE,0.7868606,0.7802047083596502,"Freeze completed living P,Q,diet,predation,accumulation,migration. Solve EE for SM; detritus accumulation absorbs routed inflow at fixed predation. No new consumption is assumed.",SM,0.2
28_28_Central_Atlantic_(1950),routing_scenario,16,Sm. Epi. fish,EE,0.9,0.8999967664387267,"Freeze completed living P,Q,diet,predation,accumulation,migration. Solve EE for SM; detritus accumulation absorbs routed inflow at fixed predation. No new consumption is assumed.",SM,0.2
28_28_Central_Atlantic_(1950),routing_scenario,15,Md. Epi. fish,EE,0.9,0.8997647619559511,"Freeze completed living P,Q,diet,predation,accumulation,migration. Solve EE for SM; detritus accumulation absorbs routed inflow at fixed predation. No new consumption is assumed.",SM,0.2
28_28_Central_Atlantic_(1950),routing_scenario,14,Lg. Epi. fish,EE,0.81,0.8041253589602315,"Freeze completed living P,Q,diet,predation,accumulation,migration. Solve EE for SM; detritus accumulation absorbs routed inflow at fixed predation. No new consumption is assumed.",SM,0.2
28_28_Central_Atlantic_(1950),routing_scenario,7,Bluefin,EE,0.713919759,0.6305864256666667,"Freeze completed living P,Q,diet,predation,accumulation,migration. Solve EE for SM; detritus accumulation absorbs routed inflow at fixed predation. No new consumption is assumed.",SM,0.2
28_28_Central_Atlantic_(1950),routing_scenario,5,Pelagic sharks,EE,0.25,0.2463478696828476,"Freeze completed living P,Q,diet,predation,accumulation,migration. Solve EE for SM; detritus accumulation absorbs routed inflow at fixed predation. No new consumption is assumed.",SM,0.2
28_28_Central_Atlantic_(1950),routing_scenario,23,Lg. Bathyd. slp,catch,6.39589e-05,5.116712e-05,"Freeze completed living P,Q,diet,predation,accumulation,migration. Solve EE for SM; detritus accumulation absorbs routed inflow at fixed predation. No new consumption is assumed.",SM,0.2
28_28_Central_Atlantic_(1950),routing_scenario,22,Sm. Bathyd. slp,catch,0.000188149,0.00015051920000000001,"Freeze completed living P,Q,diet,predation,accumulation,migration. Solve EE for SM; detritus accumulation absorbs routed inflow at fixed predation. No new consumption is assumed.",SM,0.2
28_28_Central_Atlantic_(1950),routing_scenario,16,Sm. Epi. fish,catch,3.90985e-05,3.12788e-05,"Freeze completed living P,Q,diet,predation,accumulation,migration. Solve EE for SM; detritus accumulation absorbs routed inflow at fixed predation. No new consumption is assumed.",SM,0.2
28_28_Central_Atlantic_(1950),routing_scenario,15,Md. Epi. fish,catch,0.000124629,9.970319999999999e-05,"Freeze completed living P,Q,diet,predation,accumulation,migration. Solve EE for SM; detritus accumulation absorbs routed inflow at fixed predation. No new consumption is assumed.",SM,0.2
28_28_Central_Atlantic_(1950),routing_scenario,14,Lg. Epi. fish,catch,0.000289178,0.00023134240000000002,"Freeze completed living P,Q,diet,predation,accumulation,migration. Solve EE for SM; detritus accumulation absorbs routed inflow at fixed predation. No new consumption is assumed.",SM,0.2
28_28_Central_Atlantic_(1950),routing_scenario,7,Bluefin,catch,8.97249e-07,7.177992000000001e-07,"Freeze completed living P,Q,diet,predation,accumulation,migration. Solve EE for SM; detritus accumulation absorbs routed inflow at fixed predation. No new consumption is assumed.",SM,0.2
28_28_Central_Atlantic_(1950),routing_scenario,5,Pelagic sharks,catch,4.5586e-05,3.64688e-05,"Freeze completed living P,Q,diet,predation,accumulation,migration. Solve EE for SM; detritus accumulation absorbs routed inflow at fixed predation. No new consumption is assumed.",SM,0.2
28_28_Central_Atlantic_(1950),routing_scenario,38,Detritus,growth,59.638517995131224,59.63866829446124,"Freeze completed living P,Q,diet,predation,accumulation,migration. Solve EE for SM; detritus accumulation absorbs routed inflow at fixed predation. No new consumption is assumed.",SM,0.2
28_28_Central_Atlantic_(1950),routing_scenario,23,Lg. Bathyd. slp,catch,6.39589e-05,5.116712e-05,"Freeze completed living P,Q,diet,predation,accumulation,migration. Solve EE for SM; detritus accumulation absorbs routed inflow at fixed predation. No new consumption is assumed.",SE,0.2
28_28_Central_Atlantic_(1950),routing_scenario,22,Sm. Bathyd. slp,catch,0.000188149,0.00015051920000000001,"Freeze completed living P,Q,diet,predation,accumulation,migration. Solve EE for SM; detritus accumulation absorbs routed inflow at fixed predation. No new consumption is assumed.",SE,0.2
28_28_Central_Atlantic_(1950),routing_scenario,16,Sm. Epi. fish,catch,3.90985e-05,3.12788e-05,"Freeze completed living P,Q,diet,predation,accumulation,migration. Solve EE for SM; detritus accumulation absorbs routed inflow at fixed predation. No new consumption is assumed.",SE,0.2
28_28_Central_Atlantic_(1950),routing_scenario,15,Md. Epi. fish,catch,0.000124629,9.970319999999999e-05,"Freeze completed living P,Q,diet,predation,accumulation,migration. Solve EE for SM; detritus accumulation absorbs routed inflow at fixed predation. No new consumption is assumed.",SE,0.2
28_28_Central_Atlantic_(1950),routing_scenario,14,Lg. Epi. fish,catch,0.000289178,0.00023134240000000002,"Freeze completed living P,Q,diet,predation,accumulation,migration. Solve EE for SM; detritus accumulation absorbs routed inflow at fixed predation. No new consumption is assumed.",SE,0.2
28_28_Central_Atlantic_(1950),routing_scenario,7,Bluefin,catch,8.97249e-07,7.177992000000001e-07,"Freeze completed living P,Q,diet,predation,accumulation,migration. Solve EE for SM; detritus accumulation absorbs routed inflow at fixed predation. No new consumption is assumed.",SE,0.2
28_28_Central_Atlantic_(1950),routing_scenario,5,Pelagic sharks,catch,4.5586e-05,3.64688e-05,"Freeze completed living P,Q,diet,predation,accumulation,migration. Solve EE for SM; detritus accumulation absorbs routed inflow at fixed predation. No new consumption is assumed.",SE,0.2
28_28_Central_Atlantic_(1950),routing_scenario,23,Lg. Bathyd. slp,external_loss,0.0,1.279178e-05,"Freeze completed living P,Q,diet,predation,accumulation,migration. Solve EE for SM; detritus accumulation absorbs routed inflow at fixed predation. No new consumption is assumed.",SE,0.2
28_28_Central_Atlantic_(1950),routing_scenario,22,Sm. Bathyd. slp,external_loss,0.0,3.7629800000000004e-05,"Freeze completed living P,Q,diet,predation,accumulation,migration. Solve EE for SM; detritus accumulation absorbs routed inflow at fixed predation. No new consumption is assumed.",SE,0.2
28_28_Central_Atlantic_(1950),routing_scenario,16,Sm. Epi. fish,external_loss,0.0,7.8197e-06,"Freeze completed living P,Q,diet,predation,accumulation,migration. Solve EE for SM; detritus accumulation absorbs routed inflow at fixed predation. No new consumption is assumed.",SE,0.2
28_28_Central_Atlantic_(1950),routing_scenario,15,Md. Epi. fish,external_loss,0.0,2.4925799999999998e-05,"Freeze completed living P,Q,diet,predation,accumulation,migration. Solve EE for SM; detritus accumulation absorbs routed inflow at fixed predation. No new consumption is assumed.",SE,0.2
28_28_Central_Atlantic_(1950),routing_scenario,14,Lg. Epi. fish,external_loss,0.0,5.7835600000000006e-05,"Freeze completed living P,Q,diet,predation,accumulation,migration. Solve EE for SM; detritus accumulation absorbs routed inflow at fixed predation. No new consumption is assumed.",SE,0.2
28_28_Central_Atlantic_(1950),routing_scenario,7,Bluefin,external_loss,0.0,1.7944980000000002e-07,"Freeze completed living P,Q,diet,predation,accumulation,migration. Solve EE for SM; detritus accumulation absorbs routed inflow at fixed predation. No new consumption is assumed.",SE,0.2
28_28_Central_Atlantic_(1950),routing_scenario,5,Pelagic sharks,external_loss,0.0,9.1172e-06,"Freeze completed living P,Q,diet,predation,accumulation,migration. Solve EE for SM; detritus accumulation absorbs routed inflow at fixed predation. No new consumption is assumed.",SE,0.2
28_28_Central_Atlantic_(1950),routing_scenario,38,Detritus,p,2777.8730180352595,2777.8732059094214,"Freeze completed living P,Q,diet,predation,accumulation,migration. Solve EE for SM; detritus accumulation absorbs routed inflow at fixed predation. No new consumption is assumed.",SM,0.25
28_28_Central_Atlantic_(1950),routing_scenario,38,Detritus,q,2777.8730180352595,2777.8732059094214,"Freeze completed living P,Q,diet,predation,accumulation,migration. Solve EE for SM; detritus accumulation absorbs routed inflow at fixed predation. No new consumption is assumed.",SM,0.25
28_28_Central_Atlantic_(1950),routing_scenario,23,Lg. Bathyd. slp,M0,0.00102711515654528,0.0010431048815452801,"Freeze completed living P,Q,diet,predation,accumulation,migration. Solve EE for SM; detritus accumulation absorbs routed inflow at fixed predation. No new consumption is assumed.",SM,0.25
28_28_Central_Atlantic_(1950),routing_scenario,22,Sm. Bathyd. slp,M0,0.0012050065457042862,0.0012520437957042863,"Freeze completed living P,Q,diet,predation,accumulation,migration. Solve EE for SM; detritus accumulation absorbs routed inflow at fixed predation. No new consumption is assumed.",SM,0.25
28_28_Central_Atlantic_(1950),routing_scenario,16,Sm. Epi. fish,M0,0.24182934353205143,0.24183911815705142,"Freeze completed living P,Q,diet,predation,accumulation,migration. Solve EE for SM; detritus accumulation absorbs routed inflow at fixed predation. No new consumption is assumed.",SM,0.25
28_28_Central_Atlantic_(1950),routing_scenario,15,Md. Epi. fish,M0,0.010595990159999997,0.010627147409999997,"Freeze completed living P,Q,diet,predation,accumulation,migration. Solve EE for SM; detritus accumulation absorbs routed inflow at fixed predation. No new consumption is assumed.",SM,0.25
28_28_Central_Atlantic_(1950),routing_scenario,14,Lg. Epi. fish,M0,0.0018705422042999994,0.0019428367042999995,"Freeze completed living P,Q,diet,predation,accumulation,migration. Solve EE for SM; detritus accumulation absorbs routed inflow at fixed predation. No new consumption is assumed.",SM,0.25
28_28_Central_Atlantic_(1950),routing_scenario,7,Bluefin,M0,6.160445043768214e-07,8.403567543768214e-07,"Freeze completed living P,Q,diet,predation,accumulation,migration. Solve EE for SM; detritus accumulation absorbs routed inflow at fixed predation. No new consumption is assumed.",SM,0.25
28_28_Central_Atlantic_(1950),routing_scenario,5,Pelagic sharks,M0,0.0018723044925,0.0018837009925,"Freeze completed living P,Q,diet,predation,accumulation,migration. Solve EE for SM; detritus accumulation absorbs routed inflow at fixed predation. No new consumption is assumed.",SM,0.25
28_28_Central_Atlantic_(1950),routing_scenario,23,Lg. Bathyd. slp,EE,0.6591768,0.653870998399379,"Freeze completed living P,Q,diet,predation,accumulation,migration. Solve EE for SM; detritus accumulation absorbs routed inflow at fixed predation. No new consumption is assumed.",SM,0.25
28_28_Central_Atlantic_(1950),routing_scenario,22,Sm. Bathyd. slp,EE,0.7868606,0.7785407354495627,"Freeze completed living P,Q,diet,predation,accumulation,migration. Solve EE for SM; detritus accumulation absorbs routed inflow at fixed predation. No new consumption is assumed.",SM,0.25
28_28_Central_Atlantic_(1950),routing_scenario,16,Sm. Epi. fish,EE,0.9,0.8999959580484084,"Freeze completed living P,Q,diet,predation,accumulation,migration. Solve EE for SM; detritus accumulation absorbs routed inflow at fixed predation. No new consumption is assumed.",SM,0.25
28_28_Central_Atlantic_(1950),routing_scenario,15,Md. Epi. fish,EE,0.9,0.8997059524449389,"Freeze completed living P,Q,diet,predation,accumulation,migration. Solve EE for SM; detritus accumulation absorbs routed inflow at fixed predation. No new consumption is assumed.",SM,0.25
28_28_Central_Atlantic_(1950),routing_scenario,14,Lg. Epi. fish,EE,0.81,0.8026566987002893,"Freeze completed living P,Q,diet,predation,accumulation,migration. Solve EE for SM; detritus accumulation absorbs routed inflow at fixed predation. No new consumption is assumed.",SM,0.25
28_28_Central_Atlantic_(1950),routing_scenario,7,Bluefin,EE,0.713919759,0.6097530923333334,"Freeze completed living P,Q,diet,predation,accumulation,migration. Solve EE for SM; detritus accumulation absorbs routed inflow at fixed predation. No new consumption is assumed.",SM,0.25
28_28_Central_Atlantic_(1950),routing_scenario,5,Pelagic sharks,EE,0.25,0.2454348371035594,"Freeze completed living P,Q,diet,predation,accumulation,migration. Solve EE for SM; detritus accumulation absorbs routed inflow at fixed predation. No new consumption is assumed.",SM,0.25
28_28_Central_Atlantic_(1950),routing_scenario,23,Lg. Bathyd. slp,catch,6.39589e-05,4.796917499999999e-05,"Freeze completed living P,Q,diet,predation,accumulation,migration. Solve EE for SM; detritus accumulation absorbs routed inflow at fixed predation. No new consumption is assumed.",SM,0.25
28_28_Central_Atlantic_(1950),routing_scenario,22,Sm. Bathyd. slp,catch,0.000188149,0.00014111175,"Freeze completed living P,Q,diet,predation,accumulation,migration. Solve EE for SM; detritus accumulation absorbs routed inflow at fixed predation. No new consumption is assumed.",SM,0.25
28_28_Central_Atlantic_(1950),routing_scenario,16,Sm. Epi. fish,catch,3.90985e-05,2.9323874999999997e-05,"Freeze completed living P,Q,diet,predation,accumulation,migration. Solve EE for SM; detritus accumulation absorbs routed inflow at fixed predation. No new consumption is assumed.",SM,0.25
28_28_Central_Atlantic_(1950),routing_scenario,15,Md. Epi. fish,catch,0.000124629,9.347174999999998e-05,"Freeze completed living P,Q,diet,predation,accumulation,migration. Solve EE for SM; detritus accumulation absorbs routed inflow at fixed predation. No new consumption is assumed.",SM,0.25
28_28_Central_Atlantic_(1950),routing_scenario,14,Lg. Epi. fish,catch,0.000289178,0.00021688350000000003,"Freeze completed living P,Q,diet,predation,accumulation,migration. Solve EE for SM; detritus accumulation absorbs routed inflow at fixed predation. No new consumption is assumed.",SM,0.25
28_28_Central_Atlantic_(1950),routing_scenario,7,Bluefin,catch,8.97249e-07,6.729367500000001e-07,"Freeze completed living P,Q,diet,predation,accumulation,migration. Solve EE for SM; detritus accumulation absorbs routed inflow at fixed predation. No new consumption is assumed.",SM,0.25
28_28_Central_Atlantic_(1950),routing_scenario,5,Pelagic sharks,catch,4.5586e-05,3.41895e-05,"Freeze completed living P,Q,diet,predation,accumulation,migration. Solve EE for SM; detritus accumulation absorbs routed inflow at fixed predation. No new consumption is assumed.",SM,0.25
28_28_Central_Atlantic_(1950),routing_scenario,38,Detritus,growth,59.638517995131224,59.63870586929306,"Freeze completed living P,Q,diet,predation,accumulation,migration. Solve EE for SM; detritus accumulation absorbs routed inflow at fixed predation. No new consumption is assumed.",SM,0.25
28_28_Central_Atlantic_(1950),routing_scenario,23,Lg. Bathyd. slp,catch,6.39589e-05,4.796917499999999e-05,"Freeze completed living P,Q,diet,predation,accumulation,migration. Solve EE for SM; detritus accumulation absorbs routed inflow at fixed predation. No new consumption is assumed.",SE,0.25
28_28_Central_Atlantic_(1950),routing_scenario,22,Sm. Bathyd. slp,catch,0.000188149,0.00014111175,"Freeze completed living P,Q,diet,predation,accumulation,migration. Solve EE for SM; detritus accumulation absorbs routed inflow at fixed predation. No new consumption is assumed.",SE,0.25
28_28_Central_Atlantic_(1950),routing_scenario,16,Sm. Epi. fish,catch,3.90985e-05,2.9323874999999997e-05,"Freeze completed living P,Q,diet,predation,accumulation,migration. Solve EE for SM; detritus accumulation absorbs routed inflow at fixed predation. No new consumption is assumed.",SE,0.25
28_28_Central_Atlantic_(1950),routing_scenario,15,Md. Epi. fish,catch,0.000124629,9.347174999999998e-05,"Freeze completed living P,Q,diet,predation,accumulation,migration. Solve EE for SM; detritus accumulation absorbs routed inflow at fixed predation. No new consumption is assumed.",SE,0.25
28_28_Central_Atlantic_(1950),routing_scenario,14,Lg. Epi. fish,catch,0.000289178,0.00021688350000000003,"Freeze completed living P,Q,diet,predation,accumulation,migration. Solve EE for SM; detritus accumulation absorbs routed inflow at fixed predation. No new consumption is assumed.",SE,0.25
28_28_Central_Atlantic_(1950),routing_scenario,7,Bluefin,catch,8.97249e-07,6.729367500000001e-07,"Freeze completed living P,Q,diet,predation,accumulation,migration. Solve EE for SM; detritus accumulation absorbs routed inflow at fixed predation. No new consumption is assumed.",SE,0.25
28_28_Central_Atlantic_(1950),routing_scenario,5,Pelagic sharks,catch,4.5586e-05,3.41895e-05,"Freeze completed living P,Q,diet,predation,accumulation,migration. Solve EE for SM; detritus accumulation absorbs routed inflow at fixed predation. No new consumption is assumed.",SE,0.25
28_28_Central_Atlantic_(1950),routing_scenario,23,Lg. Bathyd. slp,external_loss,0.0,1.5989725e-05,"Freeze completed living P,Q,diet,predation,accumulation,migration. Solve EE for SM; detritus accumulation absorbs routed inflow at fixed predation. No new consumption is assumed.",SE,0.25
28_28_Central_Atlantic_(1950),routing_scenario,22,Sm. Bathyd. slp,external_loss,0.0,4.703725e-05,"Freeze completed living P,Q,diet,predation,accumulation,migration. Solve EE for SM; detritus accumulation absorbs routed inflow at fixed predation. No new consumption is assumed.",SE,0.25
28_28_Central_Atlantic_(1950),routing_scenario,16,Sm. Epi. fish,external_loss,0.0,9.774625e-06,"Freeze completed living P,Q,diet,predation,accumulation,migration. Solve EE for SM; detritus accumulation absorbs routed inflow at fixed predation. No new consumption is assumed.",SE,0.25
28_28_Central_Atlantic_(1950),routing_scenario,15,Md. Epi. fish,external_loss,0.0,3.115725e-05,"Freeze completed living P,Q,diet,predation,accumulation,migration. Solve EE for SM; detritus accumulation absorbs routed inflow at fixed predation. No new consumption is assumed.",SE,0.25
28_28_Central_Atlantic_(1950),routing_scenario,14,Lg. Epi. fish,external_loss,0.0,7.22945e-05,"Freeze completed living P,Q,diet,predation,accumulation,migration. Solve EE for SM; detritus accumulation absorbs routed inflow at fixed predation. No new consumption is assumed.",SE,0.25
28_28_Central_Atlantic_(1950),routing_scenario,7,Bluefin,external_loss,0.0,2.2431225e-07,"Freeze completed living P,Q,diet,predation,accumulation,migration. Solve EE for SM; detritus accumulation absorbs routed inflow at fixed predation. No new consumption is assumed.",SE,0.25
28_28_Central_Atlantic_(1950),routing_scenario,5,Pelagic sharks,external_loss,0.0,1.13965e-05,"Freeze completed living P,Q,diet,predation,accumulation,migration. Solve EE for SM; detritus accumulation absorbs routed inflow at fixed predation. No new consumption is assumed.",SE,0.25
28_28_Central_Atlantic_(1950),routing_scenario,38,Detritus,p,2777.8730180352595,2777.873243484254,"Freeze completed living P,Q,diet,predation,accumulation,migration. Solve EE for SM; detritus accumulation absorbs routed inflow at fixed predation. No new consumption is assumed.",SM,0.3
28_28_Central_Atlantic_(1950),routing_scenario,38,Detritus,q,2777.8730180352595,2777.873243484254,"Freeze completed living P,Q,diet,predation,accumulation,migration. Solve EE for SM; detritus accumulation absorbs routed inflow at fixed predation. No new consumption is assumed.",SM,0.3
28_28_Central_Atlantic_(1950),routing_scenario,23,Lg. Bathyd. slp,M0,0.00102711515654528,0.0010463028265452802,"Freeze completed living P,Q,diet,predation,accumulation,migration. Solve EE for SM; detritus accumulation absorbs routed inflow at fixed predation. No new consumption is assumed.",SM,0.3
28_28_Central_Atlantic_(1950),routing_scenario,22,Sm. Bathyd. slp,M0,0.0012050065457042862,0.0012614512457042861,"Freeze completed living P,Q,diet,predation,accumulation,migration. Solve EE for SM; detritus accumulation absorbs routed inflow at fixed predation. No new consumption is assumed.",SM,0.3
28_28_Central_Atlantic_(1950),routing_scenario,16,Sm. Epi. fish,M0,0.24182934353205143,0.24184107308205144,"Freeze completed living P,Q,diet,predation,accumulation,migration. Solve EE for SM; detritus accumulation absorbs routed inflow at fixed predation. No new consumption is assumed.",SM,0.3
28_28_Central_Atlantic_(1950),routing_scenario,15,Md. Epi. fish,M0,0.010595990159999997,0.010633378859999997,"Freeze completed living P,Q,diet,predation,accumulation,migration. Solve EE for SM; detritus accumulation absorbs routed inflow at fixed predation. No new consumption is assumed.",SM,0.3
28_28_Central_Atlantic_(1950),routing_scenario,14,Lg. Epi. fish,M0,0.0018705422042999994,0.0019572956042999993,"Freeze completed living P,Q,diet,predation,accumulation,migration. Solve EE for SM; detritus accumulation absorbs routed inflow at fixed predation. No new consumption is assumed.",SM,0.3
28_28_Central_Atlantic_(1950),routing_scenario,7,Bluefin,M0,6.160445043768214e-07,8.852192043768215e-07,"Freeze completed living P,Q,diet,predation,accumulation,migration. Solve EE for SM; detritus accumulation absorbs routed inflow at fixed predation. No new consumption is assumed.",SM,0.3
28_28_Central_Atlantic_(1950),routing_scenario,5,Pelagic sharks,M0,0.0018723044925,0.0018859802925,"Freeze completed living P,Q,diet,predation,accumulation,migration. Solve EE for SM; detritus accumulation absorbs routed inflow at fixed predation. No new consumption is assumed.",SM,0.3
28_28_Central_Atlantic_(1950),routing_scenario,23,Lg. Bathyd. slp,EE,0.6591768,0.6528098380792549,"Freeze completed living P,Q,diet,predation,accumulation,migration. Solve EE for SM; detritus accumulation absorbs routed inflow at fixed predation. No new consumption is assumed.",SM,0.3
28_28_Central_Atlantic_(1950),routing_scenario,22,Sm. Bathyd. slp,EE,0.7868606,0.7768767625394752,"Freeze completed living P,Q,diet,predation,accumulation,migration. Solve EE for SM; detritus accumulation absorbs routed inflow at fixed predation. No new consumption is assumed.",SM,0.3
28_28_Central_Atlantic_(1950),routing_scenario,16,Sm. Epi. fish,EE,0.9,0.89999514965809,"Freeze completed living P,Q,diet,predation,accumulation,migration. Solve EE for SM; detritus accumulation absorbs routed inflow at fixed predation. No new consumption is assumed.",SM,0.3
28_28_Central_Atlantic_(1950),routing_scenario,15,Md. Epi. fish,EE,0.9,0.8996471429339267,"Freeze completed living P,Q,diet,predation,accumulation,migration. Solve EE for SM; detritus accumulation absorbs routed inflow at fixed predation. No new consumption is assumed.",SM,0.3
28_28_Central_Atlantic_(1950),routing_scenario,14,Lg. Epi. fish,EE,0.81,0.8011880384403471,"Freeze completed living P,Q,diet,predation,accumulation,migration. Solve EE for SM; detritus accumulation absorbs routed inflow at fixed predation. No new consumption is assumed.",SM,0.3
28_28_Central_Atlantic_(1950),routing_scenario,7,Bluefin,EE,0.713919759,0.588919759,"Freeze completed living P,Q,diet,predation,accumulation,migration. Solve EE for SM; detritus accumulation absorbs routed inflow at fixed predation. No new consumption is assumed.",SM,0.3
28_28_Central_Atlantic_(1950),routing_scenario,5,Pelagic sharks,EE,0.25,0.2445218045242714,"Freeze completed living P,Q,diet,predation,accumulation,migration. Solve EE for SM; detritus accumulation absorbs routed inflow at fixed predation. No new consumption is assumed.",SM,0.3
28_28_Central_Atlantic_(1950),routing_scenario,23,Lg. Bathyd. slp,catch,6.39589e-05,4.477122999999999e-05,"Freeze completed living P,Q,diet,predation,accumulation,migration. Solve EE for SM; detritus accumulation absorbs routed inflow at fixed predation. No new consumption is assumed.",SM,0.3
28_28_Central_Atlantic_(1950),routing_scenario,22,Sm. Bathyd. slp,catch,0.000188149,0.0001317043,"Freeze completed living P,Q,diet,predation,accumulation,migration. Solve EE for SM; detritus accumulation absorbs routed inflow at fixed predation. No new consumption is assumed.",SM,0.3
28_28_Central_Atlantic_(1950),routing_scenario,16,Sm. Epi. fish,catch,3.90985e-05,2.7368949999999998e-05,"Freeze completed living P,Q,diet,predation,accumulation,migration. Solve EE for SM; detritus accumulation absorbs routed inflow at fixed predation. No new consumption is assumed.",SM,0.3
28_28_Central_Atlantic_(1950),routing_scenario,15,Md. Epi. fish,catch,0.000124629,8.724029999999999e-05,"Freeze completed living P,Q,diet,predation,accumulation,migration. Solve EE for SM; detritus accumulation absorbs routed inflow at fixed predation. No new consumption is assumed.",SM,0.3
28_28_Central_Atlantic_(1950),routing_scenario,14,Lg. Epi. fish,catch,0.000289178,0.0002024246,"Freeze completed living P,Q,diet,predation,accumulation,migration. Solve EE for SM; detritus accumulation absorbs routed inflow at fixed predation. No new consumption is assumed.",SM,0.3
28_28_Central_Atlantic_(1950),routing_scenario,7,Bluefin,catch,8.97249e-07,6.280743e-07,"Freeze completed living P,Q,diet,predation,accumulation,migration. Solve EE for SM; detritus accumulation absorbs routed inflow at fixed predation. No new consumption is assumed.",SM,0.3
28_28_Central_Atlantic_(1950),routing_scenario,5,Pelagic sharks,catch,4.5586e-05,3.19102e-05,"Freeze completed living P,Q,diet,predation,accumulation,migration. Solve EE for SM; detritus accumulation absorbs routed inflow at fixed predation. No new consumption is assumed.",SM,0.3
28_28_Central_Atlantic_(1950),routing_scenario,38,Detritus,growth,59.638517995131224,59.638743444125794,"Freeze completed living P,Q,diet,predation,accumulation,migration. Solve EE for SM; detritus accumulation absorbs routed inflow at fixed predation. No new consumption is assumed.",SM,0.3
28_28_Central_Atlantic_(1950),routing_scenario,23,Lg. Bathyd. slp,catch,6.39589e-05,4.477122999999999e-05,"Freeze completed living P,Q,diet,predation,accumulation,migration. Solve EE for SM; detritus accumulation absorbs routed inflow at fixed predation. No new consumption is assumed.",SE,0.3
28_28_Central_Atlantic_(1950),routing_scenario,22,Sm. Bathyd. slp,catch,0.000188149,0.0001317043,"Freeze completed living P,Q,diet,predation,accumulation,migration. Solve EE for SM; detritus accumulation absorbs routed inflow at fixed predation. No new consumption is assumed.",SE,0.3
28_28_Central_Atlantic_(1950),routing_scenario,16,Sm. Epi. fish,catch,3.90985e-05,2.7368949999999998e-05,"Freeze completed living P,Q,diet,predation,accumulation,migration. Solve EE for SM; detritus accumulation absorbs routed inflow at fixed predation. No new consumption is assumed.",SE,0.3
28_28_Central_Atlantic_(1950),routing_scenario,15,Md. Epi. fish,catch,0.000124629,8.724029999999999e-05,"Freeze completed living P,Q,diet,predation,accumulation,migration. Solve EE for SM; detritus accumulation absorbs routed inflow at fixed predation. No new consumption is assumed.",SE,0.3
28_28_Central_Atlantic_(1950),routing_scenario,14,Lg. Epi. fish,catch,0.000289178,0.0002024246,"Freeze completed living P,Q,diet,predation,accumulation,migration. Solve EE for SM; detritus accumulation absorbs routed inflow at fixed predation. No new consumption is assumed.",SE,0.3
28_28_Central_Atlantic_(1950),routing_scenario,7,Bluefin,catch,8.97249e-07,6.280743e-07,"Freeze completed living P,Q,diet,predation,accumulation,migration. Solve EE for SM; detritus accumulation absorbs routed inflow at fixed predation. No new consumption is assumed.",SE,0.3
28_28_Central_Atlantic_(1950),routing_scenario,5,Pelagic sharks,catch,4.5586e-05,3.19102e-05,"Freeze completed living P,Q,diet,predation,accumulation,migration. Solve EE for SM; detritus accumulation absorbs routed inflow at fixed predation. No new consumption is assumed.",SE,0.3
28_28_Central_Atlantic_(1950),routing_scenario,23,Lg. Bathyd. slp,external_loss,0.0,1.9187669999999997e-05,"Freeze completed living P,Q,diet,predation,accumulation,migration. Solve EE for SM; detritus accumulation absorbs routed inflow at fixed predation. No new consumption is assumed.",SE,0.3
28_28_Central_Atlantic_(1950),routing_scenario,22,Sm. Bathyd. slp,external_loss,0.0,5.64447e-05,"Freeze completed living P,Q,diet,predation,accumulation,migration. Solve EE for SM; detritus accumulation absorbs routed inflow at fixed predation. No new consumption is assumed.",SE,0.3
28_28_Central_Atlantic_(1950),routing_scenario,16,Sm. Epi. fish,external_loss,0.0,1.1729549999999999e-05,"Freeze completed living P,Q,diet,predation,accumulation,migration. Solve EE for SM; detritus accumulation absorbs routed inflow at fixed predation. No new consumption is assumed.",SE,0.3
28_28_Central_Atlantic_(1950),routing_scenario,15,Md. Epi. fish,external_loss,0.0,3.7388699999999997e-05,"Freeze completed living P,Q,diet,predation,accumulation,migration. Solve EE for SM; detritus accumulation absorbs routed inflow at fixed predation. No new consumption is assumed.",SE,0.3
28_28_Central_Atlantic_(1950),routing_scenario,14,Lg. Epi. fish,external_loss,0.0,8.67534e-05,"Freeze completed living P,Q,diet,predation,accumulation,migration. Solve EE for SM; detritus accumulation absorbs routed inflow at fixed predation. No new consumption is assumed.",SE,0.3
28_28_Central_Atlantic_(1950),routing_scenario,7,Bluefin,external_loss,0.0,2.691747e-07,"Freeze completed living P,Q,diet,predation,accumulation,migration. Solve EE for SM; detritus accumulation absorbs routed inflow at fixed predation. No new consumption is assumed.",SE,0.3
28_28_Central_Atlantic_(1950),routing_scenario,5,Pelagic sharks,external_loss,0.0,1.36758e-05,"Freeze completed living P,Q,diet,predation,accumulation,migration. Solve EE for SM; detritus accumulation absorbs routed inflow at fixed predation. No new consumption is assumed.",SE,0.3
28_28_Central_Atlantic_(1950),routing_scenario,38,Detritus,p,2777.8730180352595,2777.873318633919,"Freeze completed living P,Q,diet,predation,accumulation,migration. Solve EE for SM; detritus accumulation absorbs routed inflow at fixed predation. No new consumption is assumed.",SM,0.4
28_28_Central_Atlantic_(1950),routing_scenario,38,Detritus,q,2777.8730180352595,2777.873318633919,"Freeze completed living P,Q,diet,predation,accumulation,migration. Solve EE for SM; detritus accumulation absorbs routed inflow at fixed predation. No new consumption is assumed.",SM,0.4
28_28_Central_Atlantic_(1950),routing_scenario,23,Lg. Bathyd. slp,M0,0.00102711515654528,0.00105269871654528,"Freeze completed living P,Q,diet,predation,accumulation,migration. Solve EE for SM; detritus accumulation absorbs routed inflow at fixed predation. No new consumption is assumed.",SM,0.4
28_28_Central_Atlantic_(1950),routing_scenario,22,Sm. Bathyd. slp,M0,0.0012050065457042862,0.0012802661457042863,"Freeze completed living P,Q,diet,predation,accumulation,migration. Solve EE for SM; detritus accumulation absorbs routed inflow at fixed predation. No new consumption is assumed.",SM,0.4
28_28_Central_Atlantic_(1950),routing_scenario,16,Sm. Epi. fish,M0,0.24182934353205143,0.24184498293205142,"Freeze completed living P,Q,diet,predation,accumulation,migration. Solve EE for SM; detritus accumulation absorbs routed inflow at fixed predation. No new consumption is assumed.",SM,0.4
28_28_Central_Atlantic_(1950),routing_scenario,15,Md. Epi. fish,M0,0.010595990159999997,0.010645841759999997,"Freeze completed living P,Q,diet,predation,accumulation,migration. Solve EE for SM; detritus accumulation absorbs routed inflow at fixed predation. No new consumption is assumed.",SM,0.4
28_28_Central_Atlantic_(1950),routing_scenario,14,Lg. Epi. fish,M0,0.0018705422042999994,0.0019862134042999994,"Freeze completed living P,Q,diet,predation,accumulation,migration. Solve EE for SM; detritus accumulation absorbs routed inflow at fixed predation. No new consumption is assumed.",SM,0.4
28_28_Central_Atlantic_(1950),routing_scenario,7,Bluefin,M0,6.160445043768214e-07,9.749441043768215e-07,"Freeze completed living P,Q,diet,predation,accumulation,migration. Solve EE for SM; detritus accumulation absorbs routed inflow at fixed predation. No new consumption is assumed.",SM,0.4
28_28_Central_Atlantic_(1950),routing_scenario,5,Pelagic sharks,M0,0.0018723044925,0.0018905388924999999,"Freeze completed living P,Q,diet,predation,accumulation,migration. Solve EE for SM; detritus accumulation absorbs routed inflow at fixed predation. No new consumption is assumed.",SM,0.4
28_28_Central_Atlantic_(1950),routing_scenario,23,Lg. Bathyd. slp,EE,0.6591768,0.6506875174390065,"Freeze completed living P,Q,diet,predation,accumulation,migration. Solve EE for SM; detritus accumulation absorbs routed inflow at fixed predation. No new consumption is assumed.",SM,0.4
28_28_Central_Atlantic_(1950),routing_scenario,22,Sm. Bathyd. slp,EE,0.7868606,0.7735488167193003,"Freeze completed living P,Q,diet,predation,accumulation,migration. Solve EE for SM; detritus accumulation absorbs routed inflow at fixed predation. No new consumption is assumed.",SM,0.4
28_28_Central_Atlantic_(1950),routing_scenario,16,Sm. Epi. fish,EE,0.9,0.8999935328774533,"Freeze completed living P,Q,diet,predation,accumulation,migration. Solve EE for SM; detritus accumulation absorbs routed inflow at fixed predation. No new consumption is assumed.",SM,0.4
28_28_Central_Atlantic_(1950),routing_scenario,15,Md. Epi. fish,EE,0.9,0.8995295239119022,"Freeze completed living P,Q,diet,predation,accumulation,migration. Solve EE for SM; detritus accumulation absorbs routed inflow at fixed predation. No new consumption is assumed.",SM,0.4
28_28_Central_Atlantic_(1950),routing_scenario,14,Lg. Epi. fish,EE,0.81,0.7982507179204629,"Freeze completed living P,Q,diet,predation,accumulation,migration. Solve EE for SM; detritus accumulation absorbs routed inflow at fixed predation. No new consumption is assumed.",SM,0.4
28_28_Central_Atlantic_(1950),routing_scenario,7,Bluefin,EE,0.713919759,0.5472530923333333,"Freeze completed living P,Q,diet,predation,accumulation,migration. Solve EE for SM; detritus accumulation absorbs routed inflow at fixed predation. No new consumption is assumed.",SM,0.4
28_28_Central_Atlantic_(1950),routing_scenario,5,Pelagic sharks,EE,0.25,0.2426957393656951,"Freeze completed living P,Q,diet,predation,accumulation,migration. Solve EE for SM; detritus accumulation absorbs routed inflow at fixed predation. No new consumption is assumed.",SM,0.4
28_28_Central_Atlantic_(1950),routing_scenario,23,Lg. Bathyd. slp,catch,6.39589e-05,3.8375339999999994e-05,"Freeze completed living P,Q,diet,predation,accumulation,migration. Solve EE for SM; detritus accumulation absorbs routed inflow at fixed predation. No new consumption is assumed.",SM,0.4
28_28_Central_Atlantic_(1950),routing_scenario,22,Sm. Bathyd. slp,catch,0.000188149,0.0001128894,"Freeze completed living P,Q,diet,predation,accumulation,migration. Solve EE for SM; detritus accumulation absorbs routed inflow at fixed predation. No new consumption is assumed.",SM,0.4
28_28_Central_Atlantic_(1950),routing_scenario,16,Sm. Epi. fish,catch,3.90985e-05,2.3459099999999997e-05,"Freeze completed living P,Q,diet,predation,accumulation,migration. Solve EE for SM; detritus accumulation absorbs routed inflow at fixed predation. No new consumption is assumed.",SM,0.4
28_28_Central_Atlantic_(1950),routing_scenario,15,Md. Epi. fish,catch,0.000124629,7.477739999999999e-05,"Freeze completed living P,Q,diet,predation,accumulation,migration. Solve EE for SM; detritus accumulation absorbs routed inflow at fixed predation. No new consumption is assumed.",SM,0.4
28_28_Central_Atlantic_(1950),routing_scenario,14,Lg. Epi. fish,catch,0.000289178,0.0001735068,"Freeze completed living P,Q,diet,predation,accumulation,migration. Solve EE for SM; detritus accumulation absorbs routed inflow at fixed predation. No new consumption is assumed.",SM,0.4
28_28_Central_Atlantic_(1950),routing_scenario,7,Bluefin,catch,8.97249e-07,5.383494e-07,"Freeze completed living P,Q,diet,predation,accumulation,migration. Solve EE for SM; detritus accumulation absorbs routed inflow at fixed predation. No new consumption is assumed.",SM,0.4
28_28_Central_Atlantic_(1950),routing_scenario,5,Pelagic sharks,catch,4.5586e-05,2.73516e-05,"Freeze completed living P,Q,diet,predation,accumulation,migration. Solve EE for SM; detritus accumulation absorbs routed inflow at fixed predation. No new consumption is assumed.",SM,0.4
28_28_Central_Atlantic_(1950),routing_scenario,38,Detritus,growth,59.638517995131224,59.6388185937908,"Freeze completed living P,Q,diet,predation,accumulation,migration. Solve EE for SM; detritus accumulation absorbs routed inflow at fixed predation. No new consumption is assumed.",SM,0.4
28_28_Central_Atlantic_(1950),routing_scenario,23,Lg. Bathyd. slp,catch,6.39589e-05,3.8375339999999994e-05,"Freeze completed living P,Q,diet,predation,accumulation,migration. Solve EE for SM; detritus accumulation absorbs routed inflow at fixed predation. No new consumption is assumed.",SE,0.4
28_28_Central_Atlantic_(1950),routing_scenario,22,Sm. Bathyd. slp,catch,0.000188149,0.0001128894,"Freeze completed living P,Q,diet,predation,accumulation,migration. Solve EE for SM; detritus accumulation absorbs routed inflow at fixed predation. No new consumption is assumed.",SE,0.4
28_28_Central_Atlantic_(1950),routing_scenario,16,Sm. Epi. fish,catch,3.90985e-05,2.3459099999999997e-05,"Freeze completed living P,Q,diet,predation,accumulation,migration. Solve EE for SM; detritus accumulation absorbs routed inflow at fixed predation. No new consumption is assumed.",SE,0.4
28_28_Central_Atlantic_(1950),routing_scenario,15,Md. Epi. fish,catch,0.000124629,7.477739999999999e-05,"Freeze completed living P,Q,diet,predation,accumulation,migration. Solve EE for SM; detritus accumulation absorbs routed inflow at fixed predation. No new consumption is assumed.",SE,0.4
28_28_Central_Atlantic_(1950),routing_scenario,14,Lg. Epi. fish,catch,0.000289178,0.0001735068,"Freeze completed living P,Q,diet,predation,accumulation,migration. Solve EE for SM; detritus accumulation absorbs routed inflow at fixed predation. No new consumption is assumed.",SE,0.4
28_28_Central_Atlantic_(1950),routing_scenario,7,Bluefin,catch,8.97249e-07,5.383494e-07,"Freeze completed living P,Q,diet,predation,accumulation,migration. Solve EE for SM; detritus accumulation absorbs routed inflow at fixed predation. No new consumption is assumed.",SE,0.4
28_28_Central_Atlantic_(1950),routing_scenario,5,Pelagic sharks,catch,4.5586e-05,2.73516e-05,"Freeze completed living P,Q,diet,predation,accumulation,migration. Solve EE for SM; detritus accumulation absorbs routed inflow at fixed predation. No new consumption is assumed.",SE,0.4
28_28_Central_Atlantic_(1950),routing_scenario,23,Lg. Bathyd. slp,external_loss,0.0,2.558356e-05,"Freeze completed living P,Q,diet,predation,accumulation,migration. Solve EE for SM; detritus accumulation absorbs routed inflow at fixed predation. No new consumption is assumed.",SE,0.4
28_28_Central_Atlantic_(1950),routing_scenario,22,Sm. Bathyd. slp,external_loss,0.0,7.525960000000001e-05,"Freeze completed living P,Q,diet,predation,accumulation,migration. Solve EE for SM; detritus accumulation absorbs routed inflow at fixed predation. No new consumption is assumed.",SE,0.4
28_28_Central_Atlantic_(1950),routing_scenario,16,Sm. Epi. fish,external_loss,0.0,1.56394e-05,"Freeze completed living P,Q,diet,predation,accumulation,migration. Solve EE for SM; detritus accumulation absorbs routed inflow at fixed predation. No new consumption is assumed.",SE,0.4
28_28_Central_Atlantic_(1950),routing_scenario,15,Md. Epi. fish,external_loss,0.0,4.9851599999999995e-05,"Freeze completed living P,Q,diet,predation,accumulation,migration. Solve EE for SM; detritus accumulation absorbs routed inflow at fixed predation. No new consumption is assumed.",SE,0.4
28_28_Central_Atlantic_(1950),routing_scenario,14,Lg. Epi. fish,external_loss,0.0,0.00011567120000000001,"Freeze completed living P,Q,diet,predation,accumulation,migration. Solve EE for SM; detritus accumulation absorbs routed inflow at fixed predation. No new consumption is assumed.",SE,0.4
28_28_Central_Atlantic_(1950),routing_scenario,7,Bluefin,external_loss,0.0,3.5889960000000005e-07,"Freeze completed living P,Q,diet,predation,accumulation,migration. Solve EE for SM; detritus accumulation absorbs routed inflow at fixed predation. No new consumption is assumed.",SE,0.4
28_28_Central_Atlantic_(1950),routing_scenario,5,Pelagic sharks,external_loss,0.0,1.82344e-05,"Freeze completed living P,Q,diet,predation,accumulation,migration. Solve EE for SM; detritus accumulation absorbs routed inflow at fixed predation. No new consumption is assumed.",SE,0.4
28_28_Central_Atlantic_(1950),routing_scenario,38,Detritus,p,2777.8730180352595,2777.873393783584,"Freeze completed living P,Q,diet,predation,accumulation,migration. Solve EE for SM; detritus accumulation absorbs routed inflow at fixed predation. No new consumption is assumed.",SM,0.5
28_28_Central_Atlantic_(1950),routing_scenario,38,Detritus,q,2777.8730180352595,2777.873393783584,"Freeze completed living P,Q,diet,predation,accumulation,migration. Solve EE for SM; detritus accumulation absorbs routed inflow at fixed predation. No new consumption is assumed.",SM,0.5
28_28_Central_Atlantic_(1950),routing_scenario,23,Lg. Bathyd. slp,M0,0.00102711515654528,0.0010590946065452802,"Freeze completed living P,Q,diet,predation,accumulation,migration. Solve EE for SM; detritus accumulation absorbs routed inflow at fixed predation. No new consumption is assumed.",SM,0.5
28_28_Central_Atlantic_(1950),routing_scenario,22,Sm. Bathyd. slp,M0,0.0012050065457042862,0.0012990810457042862,"Freeze completed living P,Q,diet,predation,accumulation,migration. Solve EE for SM; detritus accumulation absorbs routed inflow at fixed predation. No new consumption is assumed.",SM,0.5
28_28_Central_Atlantic_(1950),routing_scenario,16,Sm. Epi. fish,M0,0.24182934353205143,0.24184889278205143,"Freeze completed living P,Q,diet,predation,accumulation,migration. Solve EE for SM; detritus accumulation absorbs routed inflow at fixed predation. No new consumption is assumed.",SM,0.5
28_28_Central_Atlantic_(1950),routing_scenario,15,Md. Epi. fish,M0,0.010595990159999997,0.010658304659999998,"Freeze completed living P,Q,diet,predation,accumulation,migration. Solve EE for SM; detritus accumulation absorbs routed inflow at fixed predation. No new consumption is assumed.",SM,0.5
28_28_Central_Atlantic_(1950),routing_scenario,14,Lg. Epi. fish,M0,0.0018705422042999994,0.0020151312042999995,"Freeze completed living P,Q,diet,predation,accumulation,migration. Solve EE for SM; detritus accumulation absorbs routed inflow at fixed predation. No new consumption is assumed.",SM,0.5
28_28_Central_Atlantic_(1950),routing_scenario,7,Bluefin,M0,6.160445043768214e-07,1.0646690043768214e-06,"Freeze completed living P,Q,diet,predation,accumulation,migration. Solve EE for SM; detritus accumulation absorbs routed inflow at fixed predation. No new consumption is assumed.",SM,0.5
28_28_Central_Atlantic_(1950),routing_scenario,5,Pelagic sharks,M0,0.0018723044925,0.0018950974924999999,"Freeze completed living P,Q,diet,predation,accumulation,migration. Solve EE for SM; detritus accumulation absorbs routed inflow at fixed predation. No new consumption is assumed.",SM,0.5
28_28_Central_Atlantic_(1950),routing_scenario,23,Lg. Bathyd. slp,EE,0.6591768,0.648565196798758,"Freeze completed living P,Q,diet,predation,accumulation,migration. Solve EE for SM; detritus accumulation absorbs routed inflow at fixed predation. No new consumption is assumed.",SM,0.5
28_28_Central_Atlantic_(1950),routing_scenario,22,Sm. Bathyd. slp,EE,0.7868606,0.7702208708991254,"Freeze completed living P,Q,diet,predation,accumulation,migration. Solve EE for SM; detritus accumulation absorbs routed inflow at fixed predation. No new consumption is assumed.",SM,0.5
28_28_Central_Atlantic_(1950),routing_scenario,16,Sm. Epi. fish,EE,0.9,0.8999919160968167,"Freeze completed living P,Q,diet,predation,accumulation,migration. Solve EE for SM; detritus accumulation absorbs routed inflow at fixed predation. No new consumption is assumed.",SM,0.5
28_28_Central_Atlantic_(1950),routing_scenario,15,Md. Epi. fish,EE,0.9,0.8994119048898778,"Freeze completed living P,Q,diet,predation,accumulation,migration. Solve EE for SM; detritus accumulation absorbs routed inflow at fixed predation. No new consumption is assumed.",SM,0.5
28_28_Central_Atlantic_(1950),routing_scenario,14,Lg. Epi. fish,EE,0.81,0.7953133974005786,"Freeze completed living P,Q,diet,predation,accumulation,migration. Solve EE for SM; detritus accumulation absorbs routed inflow at fixed predation. No new consumption is assumed.",SM,0.5
28_28_Central_Atlantic_(1950),routing_scenario,7,Bluefin,EE,0.713919759,0.5055864256666667,"Freeze completed living P,Q,diet,predation,accumulation,migration. Solve EE for SM; detritus accumulation absorbs routed inflow at fixed predation. No new consumption is assumed.",SM,0.5
28_28_Central_Atlantic_(1950),routing_scenario,5,Pelagic sharks,EE,0.25,0.2408696742071189,"Freeze completed living P,Q,diet,predation,accumulation,migration. Solve EE for SM; detritus accumulation absorbs routed inflow at fixed predation. No new consumption is assumed.",SM,0.5
28_28_Central_Atlantic_(1950),routing_scenario,23,Lg. Bathyd. slp,catch,6.39589e-05,3.197945e-05,"Freeze completed living P,Q,diet,predation,accumulation,migration. Solve EE for SM; detritus accumulation absorbs routed inflow at fixed predation. No new consumption is assumed.",SM,0.5
28_28_Central_Atlantic_(1950),routing_scenario,22,Sm. Bathyd. slp,catch,0.000188149,9.40745e-05,"Freeze completed living P,Q,diet,predation,accumulation,migration. Solve EE for SM; detritus accumulation absorbs routed inflow at fixed predation. No new consumption is assumed.",SM,0.5
28_28_Central_Atlantic_(1950),routing_scenario,16,Sm. Epi. fish,catch,3.90985e-05,1.954925e-05,"Freeze completed living P,Q,diet,predation,accumulation,migration. Solve EE for SM; detritus accumulation absorbs routed inflow at fixed predation. No new consumption is assumed.",SM,0.5
28_28_Central_Atlantic_(1950),routing_scenario,15,Md. Epi. fish,catch,0.000124629,6.23145e-05,"Freeze completed living P,Q,diet,predation,accumulation,migration. Solve EE for SM; detritus accumulation absorbs routed inflow at fixed predation. No new consumption is assumed.",SM,0.5
28_28_Central_Atlantic_(1950),routing_scenario,14,Lg. Epi. fish,catch,0.000289178,0.000144589,"Freeze completed living P,Q,diet,predation,accumulation,migration. Solve EE for SM; detritus accumulation absorbs routed inflow at fixed predation. No new consumption is assumed.",SM,0.5
28_28_Central_Atlantic_(1950),routing_scenario,7,Bluefin,catch,8.97249e-07,4.486245e-07,"Freeze completed living P,Q,diet,predation,accumulation,migration. Solve EE for SM; detritus accumulation absorbs routed inflow at fixed predation. No new consumption is assumed.",SM,0.5
28_28_Central_Atlantic_(1950),routing_scenario,5,Pelagic sharks,catch,4.5586e-05,2.2793e-05,"Freeze completed living P,Q,diet,predation,accumulation,migration. Solve EE for SM; detritus accumulation absorbs routed inflow at fixed predation. No new consumption is assumed.",SM,0.5
28_28_Central_Atlantic_(1950),routing_scenario,38,Detritus,growth,59.638517995131224,59.63889374345581,"Freeze completed living P,Q,diet,predation,accumulation,migration. Solve EE for SM; detritus accumulation absorbs routed inflow at fixed predation. No new consumption is assumed.",SM,0.5
28_28_Central_Atlantic_(1950),routing_scenario,23,Lg. Bathyd. slp,catch,6.39589e-05,3.197945e-05,"Freeze completed living P,Q,diet,predation,accumulation,migration. Solve EE for SM; detritus accumulation absorbs routed inflow at fixed predation. No new consumption is assumed.",SE,0.5
28_28_Central_Atlantic_(1950),routing_scenario,22,Sm. Bathyd. slp,catch,0.000188149,9.40745e-05,"Freeze completed living P,Q,diet,predation,accumulation,migration. Solve EE for SM; detritus accumulation absorbs routed inflow at fixed predation. No new consumption is assumed.",SE,0.5
28_28_Central_Atlantic_(1950),routing_scenario,16,Sm. Epi. fish,catch,3.90985e-05,1.954925e-05,"Freeze completed living P,Q,diet,predation,accumulation,migration. Solve EE for SM; detritus accumulation absorbs routed inflow at fixed predation. No new consumption is assumed.",SE,0.5
28_28_Central_Atlantic_(1950),routing_scenario,15,Md. Epi. fish,catch,0.000124629,6.23145e-05,"Freeze completed living P,Q,diet,predation,accumulation,migration. Solve EE for SM; detritus accumulation absorbs routed inflow at fixed predation. No new consumption is assumed.",SE,0.5
28_28_Central_Atlantic_(1950),routing_scenario,14,Lg. Epi. fish,catch,0.000289178,0.000144589,"Freeze completed living P,Q,diet,predation,accumulation,migration. Solve EE for SM; detritus accumulation absorbs routed inflow at fixed predation. No new consumption is assumed.",SE,0.5
28_28_Central_Atlantic_(1950),routing_scenario,7,Bluefin,catch,8.97249e-07,4.486245e-07,"Freeze completed living P,Q,diet,predation,accumulation,migration. Solve EE for SM; detritus accumulation absorbs routed inflow at fixed predation. No new consumption is assumed.",SE,0.5
28_28_Central_Atlantic_(1950),routing_scenario,5,Pelagic sharks,catch,4.5586e-05,2.2793e-05,"Freeze completed living P,Q,diet,predation,accumulation,migration. Solve EE for SM; detritus accumulation absorbs routed inflow at fixed predation. No new consumption is assumed.",SE,0.5
28_28_Central_Atlantic_(1950),routing_scenario,23,Lg. Bathyd. slp,external_loss,0.0,3.197945e-05,"Freeze completed living P,Q,diet,predation,accumulation,migration. Solve EE for SM; detritus accumulation absorbs routed inflow at fixed predation. No new consumption is assumed.",SE,0.5
28_28_Central_Atlantic_(1950),routing_scenario,22,Sm. Bathyd. slp,external_loss,0.0,9.40745e-05,"Freeze completed living P,Q,diet,predation,accumulation,migration. Solve EE for SM; detritus accumulation absorbs routed inflow at fixed predation. No new consumption is assumed.",SE,0.5
28_28_Central_Atlantic_(1950),routing_scenario,16,Sm. Epi. fish,external_loss,0.0,1.954925e-05,"Freeze completed living P,Q,diet,predation,accumulation,migration. Solve EE for SM; detritus accumulation absorbs routed inflow at fixed predation. No new consumption is assumed.",SE,0.5
28_28_Central_Atlantic_(1950),routing_scenario,15,Md. Epi. fish,external_loss,0.0,6.23145e-05,"Freeze completed living P,Q,diet,predation,accumulation,migration. Solve EE for SM; detritus accumulation absorbs routed inflow at fixed predation. No new consumption is assumed.",SE,0.5
28_28_Central_Atlantic_(1950),routing_scenario,14,Lg. Epi. fish,external_loss,0.0,0.000144589,"Freeze completed living P,Q,diet,predation,accumulation,migration. Solve EE for SM; detritus accumulation absorbs routed inflow at fixed predation. No new consumption is assumed.",SE,0.5
28_28_Central_Atlantic_(1950),routing_scenario,7,Bluefin,external_loss,0.0,4.486245e-07,"Freeze completed living P,Q,diet,predation,accumulation,migration. Solve EE for SM; detritus accumulation absorbs routed inflow at fixed predation. No new consumption is assumed.",SE,0.5
28_28_Central_Atlantic_(1950),routing_scenario,5,Pelagic sharks,external_loss,0.0,2.2793e-05,"Freeze completed living P,Q,diet,predation,accumulation,migration. Solve EE for SM; detritus accumulation absorbs routed inflow at fixed predation. No new consumption is assumed.",SE,0.5
28_28_Central_Atlantic_(1950),routing_scenario,38,Detritus,p,2777.8730180352595,2777.8735816577464,"Freeze completed living P,Q,diet,predation,accumulation,migration. Solve EE for SM; detritus accumulation absorbs routed inflow at fixed predation. No new consumption is assumed.",SM,0.75
28_28_Central_Atlantic_(1950),routing_scenario,38,Detritus,q,2777.8730180352595,2777.8735816577464,"Freeze completed living P,Q,diet,predation,accumulation,migration. Solve EE for SM; detritus accumulation absorbs routed inflow at fixed predation. No new consumption is assumed.",SM,0.75
28_28_Central_Atlantic_(1950),routing_scenario,23,Lg. Bathyd. slp,M0,0.00102711515654528,0.0010750843315452802,"Freeze completed living P,Q,diet,predation,accumulation,migration. Solve EE for SM; detritus accumulation absorbs routed inflow at fixed predation. No new consumption is assumed.",SM,0.75
28_28_Central_Atlantic_(1950),routing_scenario,22,Sm. Bathyd. slp,M0,0.0012050065457042862,0.0013461182957042862,"Freeze completed living P,Q,diet,predation,accumulation,migration. Solve EE for SM; detritus accumulation absorbs routed inflow at fixed predation. No new consumption is assumed.",SM,0.75
28_28_Central_Atlantic_(1950),routing_scenario,16,Sm. Epi. fish,M0,0.24182934353205143,0.24185866740705142,"Freeze completed living P,Q,diet,predation,accumulation,migration. Solve EE for SM; detritus accumulation absorbs routed inflow at fixed predation. No new consumption is assumed.",SM,0.75
28_28_Central_Atlantic_(1950),routing_scenario,15,Md. Epi. fish,M0,0.010595990159999997,0.010689461909999998,"Freeze completed living P,Q,diet,predation,accumulation,migration. Solve EE for SM; detritus accumulation absorbs routed inflow at fixed predation. No new consumption is assumed.",SM,0.75
28_28_Central_Atlantic_(1950),routing_scenario,14,Lg. Epi. fish,M0,0.0018705422042999994,0.0020874257042999994,"Freeze completed living P,Q,diet,predation,accumulation,migration. Solve EE for SM; detritus accumulation absorbs routed inflow at fixed predation. No new consumption is assumed.",SM,0.75
28_28_Central_Atlantic_(1950),routing_scenario,7,Bluefin,M0,6.160445043768214e-07,1.2889812543768215e-06,"Freeze completed living P,Q,diet,predation,accumulation,migration. Solve EE for SM; detritus accumulation absorbs routed inflow at fixed predation. No new consumption is assumed.",SM,0.75
28_28_Central_Atlantic_(1950),routing_scenario,5,Pelagic sharks,M0,0.0018723044925,0.0019064939925,"Freeze completed living P,Q,diet,predation,accumulation,migration. Solve EE for SM; detritus accumulation absorbs routed inflow at fixed predation. No new consumption is assumed.",SM,0.75
28_28_Central_Atlantic_(1950),routing_scenario,23,Lg. Bathyd. slp,EE,0.6591768,0.6432593951981371,"Freeze completed living P,Q,diet,predation,accumulation,migration. Solve EE for SM; detritus accumulation absorbs routed inflow at fixed predation. No new consumption is assumed.",SM,0.75
28_28_Central_Atlantic_(1950),routing_scenario,22,Sm. Bathyd. slp,EE,0.7868606,0.7619010063486881,"Freeze completed living P,Q,diet,predation,accumulation,migration. Solve EE for SM; detritus accumulation absorbs routed inflow at fixed predation. No new consumption is assumed.",SM,0.75
28_28_Central_Atlantic_(1950),routing_scenario,16,Sm. Epi. fish,EE,0.9,0.8999878741452251,"Freeze completed living P,Q,diet,predation,accumulation,migration. Solve EE for SM; detritus accumulation absorbs routed inflow at fixed predation. No new consumption is assumed.",SM,0.75
28_28_Central_Atlantic_(1950),routing_scenario,15,Md. Epi. fish,EE,0.9,0.8991178573348165,"Freeze completed living P,Q,diet,predation,accumulation,migration. Solve EE for SM; detritus accumulation absorbs routed inflow at fixed predation. No new consumption is assumed.",SM,0.75
28_28_Central_Atlantic_(1950),routing_scenario,14,Lg. Epi. fish,EE,0.81,0.7879700961008678,"Freeze completed living P,Q,diet,predation,accumulation,migration. Solve EE for SM; detritus accumulation absorbs routed inflow at fixed predation. No new consumption is assumed.",SM,0.75
28_28_Central_Atlantic_(1950),routing_scenario,7,Bluefin,EE,0.713919759,0.40141975899999993,"Freeze completed living P,Q,diet,predation,accumulation,migration. Solve EE for SM; detritus accumulation absorbs routed inflow at fixed predation. No new consumption is assumed.",SM,0.75
28_28_Central_Atlantic_(1950),routing_scenario,5,Pelagic sharks,EE,0.25,0.2363045113106783,"Freeze completed living P,Q,diet,predation,accumulation,migration. Solve EE for SM; detritus accumulation absorbs routed inflow at fixed predation. No new consumption is assumed.",SM,0.75
28_28_Central_Atlantic_(1950),routing_scenario,23,Lg. Bathyd. slp,catch,6.39589e-05,1.5989725e-05,"Freeze completed living P,Q,diet,predation,accumulation,migration. Solve EE for SM; detritus accumulation absorbs routed inflow at fixed predation. No new consumption is assumed.",SM,0.75
28_28_Central_Atlantic_(1950),routing_scenario,22,Sm. Bathyd. slp,catch,0.000188149,4.703725e-05,"Freeze completed living P,Q,diet,predation,accumulation,migration. Solve EE for SM; detritus accumulation absorbs routed inflow at fixed predation. No new consumption is assumed.",SM,0.75
28_28_Central_Atlantic_(1950),routing_scenario,16,Sm. Epi. fish,catch,3.90985e-05,9.774625e-06,"Freeze completed living P,Q,diet,predation,accumulation,migration. Solve EE for SM; detritus accumulation absorbs routed inflow at fixed predation. No new consumption is assumed.",SM,0.75
28_28_Central_Atlantic_(1950),routing_scenario,15,Md. Epi. fish,catch,0.000124629,3.115725e-05,"Freeze completed living P,Q,diet,predation,accumulation,migration. Solve EE for SM; detritus accumulation absorbs routed inflow at fixed predation. No new consumption is assumed.",SM,0.75
28_28_Central_Atlantic_(1950),routing_scenario,14,Lg. Epi. fish,catch,0.000289178,7.22945e-05,"Freeze completed living P,Q,diet,predation,accumulation,migration. Solve EE for SM; detritus accumulation absorbs routed inflow at fixed predation. No new consumption is assumed.",SM,0.75
28_28_Central_Atlantic_(1950),routing_scenario,7,Bluefin,catch,8.97249e-07,2.2431225e-07,"Freeze completed living P,Q,diet,predation,accumulation,migration. Solve EE for SM; detritus accumulation absorbs routed inflow at fixed predation. No new consumption is assumed.",SM,0.75
28_28_Central_Atlantic_(1950),routing_scenario,5,Pelagic sharks,catch,4.5586e-05,1.13965e-05,"Freeze completed living P,Q,diet,predation,accumulation,migration. Solve EE for SM; detritus accumulation absorbs routed inflow at fixed predation. No new consumption is assumed.",SM,0.75
28_28_Central_Atlantic_(1950),routing_scenario,38,Detritus,growth,59.638517995131224,59.6390816176181,"Freeze completed living P,Q,diet,predation,accumulation,migration. Solve EE for SM; detritus accumulation absorbs routed inflow at fixed predation. No new consumption is assumed.",SM,0.75
28_28_Central_Atlantic_(1950),routing_scenario,23,Lg. Bathyd. slp,catch,6.39589e-05,1.5989725e-05,"Freeze completed living P,Q,diet,predation,accumulation,migration. Solve EE for SM; detritus accumulation absorbs routed inflow at fixed predation. No new consumption is assumed.",SE,0.75
28_28_Central_Atlantic_(1950),routing_scenario,22,Sm. Bathyd. slp,catch,0.000188149,4.703725e-05,"Freeze completed living P,Q,diet,predation,accumulation,migration. Solve EE for SM; detritus accumulation absorbs routed inflow at fixed predation. No new consumption is assumed.",SE,0.75
28_28_Central_Atlantic_(1950),routing_scenario,16,Sm. Epi. fish,catch,3.90985e-05,9.774625e-06,"Freeze completed living P,Q,diet,predation,accumulation,migration. Solve EE for SM; detritus accumulation absorbs routed inflow at fixed predation. No new consumption is assumed.",SE,0.75
28_28_Central_Atlantic_(1950),routing_scenario,15,Md. Epi. fish,catch,0.000124629,3.115725e-05,"Freeze completed living P,Q,diet,predation,accumulation,migration. Solve EE for SM; detritus accumulation absorbs routed inflow at fixed predation. No new consumption is assumed.",SE,0.75
28_28_Central_Atlantic_(1950),routing_scenario,14,Lg. Epi. fish,catch,0.000289178,7.22945e-05,"Freeze completed living P,Q,diet,predation,accumulation,migration. Solve EE for SM; detritus accumulation absorbs routed inflow at fixed predation. No new consumption is assumed.",SE,0.75
28_28_Central_Atlantic_(1950),routing_scenario,7,Bluefin,catch,8.97249e-07,2.2431225e-07,"Freeze completed living P,Q,diet,predation,accumulation,migration. Solve EE for SM; detritus accumulation absorbs routed inflow at fixed predation. No new consumption is assumed.",SE,0.75
28_28_Central_Atlantic_(1950),routing_scenario,5,Pelagic sharks,catch,4.5586e-05,1.13965e-05,"Freeze completed living P,Q,diet,predation,accumulation,migration. Solve EE for SM; detritus accumulation absorbs routed inflow at fixed predation. No new consumption is assumed.",SE,0.75
28_28_Central_Atlantic_(1950),routing_scenario,23,Lg. Bathyd. slp,external_loss,0.0,4.796917499999999e-05,"Freeze completed living P,Q,diet,predation,accumulation,migration. Solve EE for SM; detritus accumulation absorbs routed inflow at fixed predation. No new consumption is assumed.",SE,0.75
28_28_Central_Atlantic_(1950),routing_scenario,22,Sm. Bathyd. slp,external_loss,0.0,0.00014111175,"Freeze completed living P,Q,diet,predation,accumulation,migration. Solve EE for SM; detritus accumulation absorbs routed inflow at fixed predation. No new consumption is assumed.",SE,0.75
28_28_Central_Atlantic_(1950),routing_scenario,16,Sm. Epi. fish,external_loss,0.0,2.9323874999999997e-05,"Freeze completed living P,Q,diet,predation,accumulation,migration. Solve EE for SM; detritus accumulation absorbs routed inflow at fixed predation. No new consumption is assumed.",SE,0.75
28_28_Central_Atlantic_(1950),routing_scenario,15,Md. Epi. fish,external_loss,0.0,9.347174999999998e-05,"Freeze completed living P,Q,diet,predation,accumulation,migration. Solve EE for SM; detritus accumulation absorbs routed inflow at fixed predation. No new consumption is assumed.",SE,0.75
28_28_Central_Atlantic_(1950),routing_scenario,14,Lg. Epi. fish,external_loss,0.0,0.00021688350000000003,"Freeze completed living P,Q,diet,predation,accumulation,migration. Solve EE for SM; detritus accumulation absorbs routed inflow at fixed predation. No new consumption is assumed.",SE,0.75
28_28_Central_Atlantic_(1950),routing_scenario,7,Bluefin,external_loss,0.0,6.729367500000001e-07,"Freeze completed living P,Q,diet,predation,accumulation,migration. Solve EE for SM; detritus accumulation absorbs routed inflow at fixed predation. No new consumption is assumed.",SE,0.75
28_28_Central_Atlantic_(1950),routing_scenario,5,Pelagic sharks,external_loss,0.0,3.41895e-05,"Freeze completed living P,Q,diet,predation,accumulation,migration. Solve EE for SM; detritus accumulation absorbs routed inflow at fixed predation. No new consumption is assumed.",SE,0.75
28_28_Central_Atlantic_(1950),routing_scenario,38,Detritus,p,2777.8730180352595,2777.8737695319082,"Freeze completed living P,Q,diet,predation,accumulation,migration. Solve EE for SM; detritus accumulation absorbs routed inflow at fixed predation. No new consumption is assumed.",SM,1.0
28_28_Central_Atlantic_(1950),routing_scenario,38,Detritus,q,2777.8730180352595,2777.8737695319082,"Freeze completed living P,Q,diet,predation,accumulation,migration. Solve EE for SM; detritus accumulation absorbs routed inflow at fixed predation. No new consumption is assumed.",SM,1.0
28_28_Central_Atlantic_(1950),routing_scenario,23,Lg. Bathyd. slp,M0,0.00102711515654528,0.00109107405654528,"Freeze completed living P,Q,diet,predation,accumulation,migration. Solve EE for SM; detritus accumulation absorbs routed inflow at fixed predation. No new consumption is assumed.",SM,1.0
28_28_Central_Atlantic_(1950),routing_scenario,22,Sm. Bathyd. slp,M0,0.0012050065457042862,0.0013931555457042863,"Freeze completed living P,Q,diet,predation,accumulation,migration. Solve EE for SM; detritus accumulation absorbs routed inflow at fixed predation. No new consumption is assumed.",SM,1.0
28_28_Central_Atlantic_(1950),routing_scenario,16,Sm. Epi. fish,M0,0.24182934353205143,0.24186844203205143,"Freeze completed living P,Q,diet,predation,accumulation,migration. Solve EE for SM; detritus accumulation absorbs routed inflow at fixed predation. No new consumption is assumed.",SM,1.0
28_28_Central_Atlantic_(1950),routing_scenario,15,Md. Epi. fish,M0,0.010595990159999997,0.010720619159999997,"Freeze completed living P,Q,diet,predation,accumulation,migration. Solve EE for SM; detritus accumulation absorbs routed inflow at fixed predation. No new consumption is assumed.",SM,1.0
28_28_Central_Atlantic_(1950),routing_scenario,14,Lg. Epi. fish,M0,0.0018705422042999994,0.0021597202042999996,"Freeze completed living P,Q,diet,predation,accumulation,migration. Solve EE for SM; detritus accumulation absorbs routed inflow at fixed predation. No new consumption is assumed.",SM,1.0
28_28_Central_Atlantic_(1950),routing_scenario,7,Bluefin,M0,6.160445043768214e-07,1.5132935043768214e-06,"Freeze completed living P,Q,diet,predation,accumulation,migration. Solve EE for SM; detritus accumulation absorbs routed inflow at fixed predation. No new consumption is assumed.",SM,1.0
28_28_Central_Atlantic_(1950),routing_scenario,5,Pelagic sharks,M0,0.0018723044925,0.0019178904925,"Freeze completed living P,Q,diet,predation,accumulation,migration. Solve EE for SM; detritus accumulation absorbs routed inflow at fixed predation. No new consumption is assumed.",SM,1.0
28_28_Central_Atlantic_(1950),routing_scenario,23,Lg. Bathyd. slp,EE,0.6591768,0.6379535935975162,"Freeze completed living P,Q,diet,predation,accumulation,migration. Solve EE for SM; detritus accumulation absorbs routed inflow at fixed predation. No new consumption is assumed.",SM,1.0
28_28_Central_Atlantic_(1950),routing_scenario,22,Sm. Bathyd. slp,EE,0.7868606,0.7535811417982508,"Freeze completed living P,Q,diet,predation,accumulation,migration. Solve EE for SM; detritus accumulation absorbs routed inflow at fixed predation. No new consumption is assumed.",SM,1.0
28_28_Central_Atlantic_(1950),routing_scenario,16,Sm. Epi. fish,EE,0.9,0.8999838321936334,"Freeze completed living P,Q,diet,predation,accumulation,migration. Solve EE for SM; detritus accumulation absorbs routed inflow at fixed predation. No new consumption is assumed.",SM,1.0
28_28_Central_Atlantic_(1950),routing_scenario,15,Md. Epi. fish,EE,0.9,0.8988238097797554,"Freeze completed living P,Q,diet,predation,accumulation,migration. Solve EE for SM; detritus accumulation absorbs routed inflow at fixed predation. No new consumption is assumed.",SM,1.0
28_28_Central_Atlantic_(1950),routing_scenario,14,Lg. Epi. fish,EE,0.81,0.780626794801157,"Freeze completed living P,Q,diet,predation,accumulation,migration. Solve EE for SM; detritus accumulation absorbs routed inflow at fixed predation. No new consumption is assumed.",SM,1.0
28_28_Central_Atlantic_(1950),routing_scenario,7,Bluefin,EE,0.713919759,0.2972530923333334,"Freeze completed living P,Q,diet,predation,accumulation,migration. Solve EE for SM; detritus accumulation absorbs routed inflow at fixed predation. No new consumption is assumed.",SM,1.0
28_28_Central_Atlantic_(1950),routing_scenario,5,Pelagic sharks,EE,0.25,0.2317393484142377,"Freeze completed living P,Q,diet,predation,accumulation,migration. Solve EE for SM; detritus accumulation absorbs routed inflow at fixed predation. No new consumption is assumed.",SM,1.0
28_28_Central_Atlantic_(1950),routing_scenario,23,Lg. Bathyd. slp,catch,6.39589e-05,0.0,"Freeze completed living P,Q,diet,predation,accumulation,migration. Solve EE for SM; detritus accumulation absorbs routed inflow at fixed predation. No new consumption is assumed.",SM,1.0
28_28_Central_Atlantic_(1950),routing_scenario,22,Sm. Bathyd. slp,catch,0.000188149,0.0,"Freeze completed living P,Q,diet,predation,accumulation,migration. Solve EE for SM; detritus accumulation absorbs routed inflow at fixed predation. No new consumption is assumed.",SM,1.0
28_28_Central_Atlantic_(1950),routing_scenario,16,Sm. Epi. fish,catch,3.90985e-05,0.0,"Freeze completed living P,Q,diet,predation,accumulation,migration. Solve EE for SM; detritus accumulation absorbs routed inflow at fixed predation. No new consumption is assumed.",SM,1.0
28_28_Central_Atlantic_(1950),routing_scenario,15,Md. Epi. fish,catch,0.000124629,0.0,"Freeze completed living P,Q,diet,predation,accumulation,migration. Solve EE for SM; detritus accumulation absorbs routed inflow at fixed predation. No new consumption is assumed.",SM,1.0
28_28_Central_Atlantic_(1950),routing_scenario,14,Lg. Epi. fish,catch,0.000289178,0.0,"Freeze completed living P,Q,diet,predation,accumulation,migration. Solve EE for SM; detritus accumulation absorbs routed inflow at fixed predation. No new consumption is assumed.",SM,1.0
28_28_Central_Atlantic_(1950),routing_scenario,7,Bluefin,catch,8.97249e-07,0.0,"Freeze completed living P,Q,diet,predation,accumulation,migration. Solve EE for SM; detritus accumulation absorbs routed inflow at fixed predation. No new consumption is assumed.",SM,1.0
28_28_Central_Atlantic_(1950),routing_scenario,5,Pelagic sharks,catch,4.5586e-05,0.0,"Freeze completed living P,Q,diet,predation,accumulation,migration. Solve EE for SM; detritus accumulation absorbs routed inflow at fixed predation. No new consumption is assumed.",SM,1.0
28_28_Central_Atlantic_(1950),routing_scenario,38,Detritus,growth,59.638517995131224,59.63926949177994,"Freeze completed living P,Q,diet,predation,accumulation,migration. Solve EE for SM; detritus accumulation absorbs routed inflow at fixed predation. No new consumption is assumed.",SM,1.0
28_28_Central_Atlantic_(1950),routing_scenario,23,Lg. Bathyd. slp,catch,6.39589e-05,0.0,"Freeze completed living P,Q,diet,predation,accumulation,migration. Solve EE for SM; detritus accumulation absorbs routed inflow at fixed predation. No new consumption is assumed.",SE,1.0
28_28_Central_Atlantic_(1950),routing_scenario,22,Sm. Bathyd. slp,catch,0.000188149,0.0,"Freeze completed living P,Q,diet,predation,accumulation,migration. Solve EE for SM; detritus accumulation absorbs routed inflow at fixed predation. No new consumption is assumed.",SE,1.0
28_28_Central_Atlantic_(1950),routing_scenario,16,Sm. Epi. fish,catch,3.90985e-05,0.0,"Freeze completed living P,Q,diet,predation,accumulation,migration. Solve EE for SM; detritus accumulation absorbs routed inflow at fixed predation. No new consumption is assumed.",SE,1.0
28_28_Central_Atlantic_(1950),routing_scenario,15,Md. Epi. fish,catch,0.000124629,0.0,"Freeze completed living P,Q,diet,predation,accumulation,migration. Solve EE for SM; detritus accumulation absorbs routed inflow at fixed predation. No new consumption is assumed.",SE,1.0
28_28_Central_Atlantic_(1950),routing_scenario,14,Lg. Epi. fish,catch,0.000289178,0.0,"Freeze completed living P,Q,diet,predation,accumulation,migration. Solve EE for SM; detritus accumulation absorbs routed inflow at fixed predation. No new consumption is assumed.",SE,1.0
28_28_Central_Atlantic_(1950),routing_scenario,7,Bluefin,catch,8.97249e-07,0.0,"Freeze completed living P,Q,diet,predation,accumulation,migration. Solve EE for SM; detritus accumulation absorbs routed inflow at fixed predation. No new consumption is assumed.",SE,1.0
28_28_Central_Atlantic_(1950),routing_scenario,5,Pelagic sharks,catch,4.5586e-05,0.0,"Freeze completed living P,Q,diet,predation,accumulation,migration. Solve EE for SM; detritus accumulation absorbs routed inflow at fixed predation. No new consumption is assumed.",SE,1.0
28_28_Central_Atlantic_(1950),routing_scenario,23,Lg. Bathyd. slp,external_loss,0.0,6.39589e-05,"Freeze completed living P,Q,diet,predation,accumulation,migration. Solve EE for SM; detritus accumulation absorbs routed inflow at fixed predation. No new consumption is assumed.",SE,1.0
28_28_Central_Atlantic_(1950),routing_scenario,22,Sm. Bathyd. slp,external_loss,0.0,0.000188149,"Freeze completed living P,Q,diet,predation,accumulation,migration. Solve EE for SM; detritus accumulation absorbs routed inflow at fixed predation. No new consumption is assumed.",SE,1.0
28_28_Central_Atlantic_(1950),routing_scenario,16,Sm. Epi. fish,external_loss,0.0,3.90985e-05,"Freeze completed living P,Q,diet,predation,accumulation,migration. Solve EE for SM; detritus accumulation absorbs routed inflow at fixed predation. No new consumption is assumed.",SE,1.0
28_28_Central_Atlantic_(1950),routing_scenario,15,Md. Epi. fish,external_loss,0.0,0.000124629,"Freeze completed living P,Q,diet,predation,accumulation,migration. Solve EE for SM; detritus accumulation absorbs routed inflow at fixed predation. No new consumption is assumed.",SE,1.0
28_28_Central_Atlantic_(1950),routing_scenario,14,Lg. Epi. fish,external_loss,0.0,0.000289178,"Freeze completed living P,Q,diet,predation,accumulation,migration. Solve EE for SM; detritus accumulation absorbs routed inflow at fixed predation. No new consumption is assumed.",SE,1.0
28_28_Central_Atlantic_(1950),routing_scenario,7,Bluefin,external_loss,0.0,8.97249e-07,"Freeze completed living P,Q,diet,predation,accumulation,migration. Solve EE for SM; detritus accumulation absorbs routed inflow at fixed predation. No new consumption is assumed.",SE,1.0
28_28_Central_Atlantic_(1950),routing_scenario,5,Pelagic sharks,external_loss,0.0,4.5586e-05,"Freeze completed living P,Q,diet,predation,accumulation,migration. Solve EE for SM; detritus accumulation absorbs routed inflow at fixed predation. No new consumption is assumed.",SE,1.0
